 0.0000, 0.0000, 0.0000, 3.1415, 0.0000, 0.0000, 0.0000, 0.0000,-0.7180,0
 0.0000, 0.0000, 0.0000, 3.1415, 0.0000, 0.0000, 0.0000, 0.0000,-0.7180,0
 0.0000, 0.0000, 0.0000, 3.1415, 0.0000, 0.0000, 0.0000, 0.0000,-0.7180,0
 0.0000, 0.0000, 0.0000, 3.1415, 0.0000, 0.0000, 0.0000, 0.0000,-0.7180,0
 0.0000, 0.0000, 0.0000, 3.1415, 0.0000, 0.0000, 0.0000, 0.0000,-0.7180,0
 0.0000, 0.0000, 0.0000, 3.1415, 0.0000, 0.0000, 0.0000, 0.0000,-0.7180,0
 0.0000, 0.0000, 0.0000, 3.1415, 0.0000, 0.0000, 0.0000, 0.0000,-0.7180,0
 0.0000, 0.0000, 0.0000, 3.1415, 0.0000, 0.0000, 0.0000, 0.0000,-0.7180,0
 0.0000, 0.0000, 0.0000, 3.1415, 0.0000, 0.0000, 0.0000, 0.0000,-0.7180,0
 0.0000, 0.0000, 0.0000, 3.1415, 0.0000, 0.0000, 0.0000, 0.0000,-0.7180,0
 0.0000, 0.0000, 0.0000, 3.1415, 0.0000, 0.0000, 0.0000, 0.0000,-0.7180,0
 0.0000, 0.0000, 0.0000, 3.1415, 0.0000, 0.0000, 0.0000, 0.0000,-0.7180,0
 0.0000, 0.0000, 0.0000, 3.1415, 0.0000, 0.0000, 0.0000, 0.0000,-0.7180,0
 0.0000, 0.0000, 0.0000, 3.1415, 0.0000, 0.0000, 0.0000, 0.0000,-0.7180,0
 0.0000, 0.0000, 0.0000, 3.1415, 0.0000, 0.0000, 0.0000, 0.0000,-0.7180,0
 0.0000, 0.0000, 0.0000, 3.1415, 0.0000, 0.0000, 0.0000, 0.0000,-0.7180,0
 0.0000, 0.0000, 0.0000, 3.1415, 0.0000, 0.0000, 0.0000, 0.0000,-0.7180,0
 0.0000, 0.0000, 0.0000, 3.1415, 0.0000, 0.0000, 0.0000, 0.0000,-0.7180,0
 0.0000, 0.0000, 0.0000, 3.1415, 0.0000, 0.0000, 0.0000, 0.0000,-0.7180,0
 0.0000, 0.0000, 0.0000, 3.1415, 0.0000, 0.0000, 0.0000, 0.0000,-0.7180,0
 0.0000, 0.0000, 0.0000, 3.1415, 0.0000, 0.0000, 0.0000, 0.0000,-0.7180,0
 0.0000, 0.0000, 0.0000, 3.1415, 0.0000, 0.0000, 0.0000, 0.0000,-0.7180,0
 0.0000, 0.0000, 0.0000, 3.1415, 0.0000, 0.0000, 0.0000, 0.0000,-0.7180,0
 0.0000, 0.0000, 0.0000, 3.1415, 0.0000, 0.0000, 0.0000, 0.0000,-0.7180,0
 0.0000, 0.0000, 0.0000, 3.1415, 0.0000, 0.0000, 0.0000, 0.0000,-0.7180,0
 0.0000, 0.0000, 0.0000, 3.1415, 0.0000, 0.0000, 0.0000, 0.0000,-0.7180,0
 0.0000, 0.0000, 0.0000, 3.1415, 0.0000, 0.0000, 0.0000, 0.0000,-0.7180,0
 0.0000, 0.0000, 0.0000, 3.1415, 0.0000, 0.0000, 0.0000, 0.0000,-0.7180,0
 0.0000, 0.0000, 0.0000, 3.1415, 0.0000, 0.0000, 0.0000, 0.0000,-0.7180,0
 0.0000, 0.0000, 0.0000, 3.1415, 0.0000, 0.0000, 0.0000, 0.0000,-0.7180,0
 0.0000, 0.0000, 0.0000, 3.1415, 0.0000, 0.0000, 0.0000, 0.0000,-0.7180,0
 0.0000, 0.0000, 0.0000, 3.1415, 0.0000, 0.0000, 0.0000, 0.0000,-0.7180,0
 0.0000, 0.0000, 0.0000, 3.1415, 0.0000, 0.0000, 0.0000, 0.0000,-0.7180,0
 0.0000, 0.0000, 0.0000, 3.1415, 0.0000, 0.0000, 0.0000, 0.0000,-0.7180,0
 0.0000, 0.0000, 0.0000, 3.1415, 0.0000, 0.0000, 0.0000, 0.0000,-0.7180,0
 0.0000, 0.0000, 0.0000, 3.1415, 0.0000, 0.0000, 0.0000, 0.0000,-0.7180,0
 0.0000, 0.0000, 0.0000, 3.1415, 0.0000, 0.0000, 0.0000, 0.0000,-0.7180,0
 0.0000, 0.0000, 0.0000, 3.1415, 0.0000, 0.0000, 0.0000, 0.0000,-0.7180,0
 0.0000, 0.0000, 0.0000, 3.1415, 0.0000, 0.0000, 0.0000, 0.0000,-0.7180,0
 0.0000, 0.0000, 0.0000, 3.1415, 0.0000, 0.0000, 0.0000, 0.0000,-0.7180,0
 0.0000, 0.0000, 0.0000, 3.1415, 0.0000, 0.0000, 0.0000, 0.0000,-0.7180,0
 0.0000, 0.0000, 0.0000, 3.1415, 0.0000, 0.0000, 0.0000, 0.0000,-0.7180,0
 0.0000, 0.0000, 0.0000, 3.1415, 0.0000, 0.0000, 0.0000, 0.0000,-0.7180,0
 0.0000, 0.0000, 0.0000, 3.1415, 0.0000, 0.0000, 0.0000, 0.0000,-0.7180,0
 0.0000, 0.0000, 0.0000, 3.1415, 0.0000, 0.0000, 0.0000, 0.0000,-0.7180,0
 0.0000, 0.0000, 0.0000, 3.1415, 0.0000, 0.0000, 0.0000, 0.0000,-0.7180,0
 0.0000, 0.0000, 0.0000, 3.1415, 0.0000, 0.0000, 0.0000, 0.0000,-0.7180,0
 0.0000, 0.0000, 0.0000, 3.1415, 0.0000, 0.0000, 0.0000, 0.0000,-0.7180,0
 0.0000, 0.0000, 0.0000, 3.1415, 0.0000, 0.0000, 0.0000, 0.0000,-0.7180,0
 0.0000, 0.0000, 0.0000, 3.1415, 0.0000, 0.0000, 0.0000, 0.0000,-0.7180,0
 0.0000, 0.0000, 0.0000, 3.1415, 0.0000, 0.0000, 0.0000, 0.0000,-0.7180,0
 0.0000, 0.0000, 0.0000, 3.1415, 0.0000, 0.0000, 0.0000, 0.0000,-0.7180,0
 0.0000, 0.0000, 0.0000, 3.1415, 0.0000, 0.0000, 0.0000, 0.0000,-0.7180,0
 0.0000, 0.0000, 0.0000, 3.1415, 0.0000, 0.0000, 0.0000, 0.0000,-0.7180,0
 0.0000, 0.0000, 0.0000, 3.1415, 0.0000, 0.0000, 0.0000, 0.0000,-0.7180,0
 0.0000, 0.0000, 0.0000, 3.1415, 0.0000, 0.0000, 0.0000, 0.0000,-0.7180,0
 0.0000, 0.0000, 0.0000, 3.1415, 0.0000, 0.0000, 0.0000, 0.0000,-0.7180,0
 0.0000, 0.0000, 0.0000, 3.1415, 0.0000, 0.0000, 0.0000, 0.0000,-0.7180,0
 0.0000, 0.0000, 0.0000, 3.1415, 0.0000, 0.0000, 0.0000, 0.0000,-0.7180,0
 0.0000, 0.0000, 0.0000, 3.1415, 0.0000, 0.0000, 0.0000, 0.0000,-0.7180,0
 0.0000, 0.0000, 0.0000, 3.1415, 0.0000, 0.0000, 0.0000, 0.0000,-0.7180,0
 0.0000, 0.0000, 0.0000, 3.1415, 0.0000, 0.0000, 0.0000, 0.0000,-0.7180,0
 0.0000, 0.0000, 0.0000, 3.1415, 0.0000, 0.0000, 0.0000, 0.0000,-0.7180,0
 0.0000, 0.0000, 0.0000, 3.1415, 0.0000, 0.0000, 0.0000, 0.0000,-0.7180,0
 0.0000, 0.0000, 0.0000, 3.1415, 0.0000, 0.0000, 0.0000, 0.0000,-0.7180,0
 0.0000, 0.0000, 0.0000, 3.1415, 0.0000, 0.0000, 0.0000, 0.0000,-0.7180,0
 0.0000, 0.0000, 0.0000, 3.1415, 0.0000, 0.0000, 0.0000, 0.0000,-0.7180,0
 0.0000, 0.0000, 0.0000, 3.1415, 0.0000, 0.0000, 0.0000, 0.0000,-0.7180,0
 0.0000, 0.0000, 0.0000, 3.1415, 0.0000, 0.0000, 0.0000, 0.0000,-0.7180,0
 0.0000, 0.0000, 0.0000, 3.1415, 0.0000, 0.0000, 0.0000, 0.0000,-0.7180,0
 0.0000, 0.0000, 0.0000, 3.1415, 0.0000, 0.0000, 0.0000, 0.0000,-0.7180,0
 0.0000, 0.0000, 0.0000, 3.1415, 0.0000, 0.0000, 0.0000, 0.0000,-0.7180,0
 0.0000, 0.0000, 0.0000, 3.1415, 0.0000, 0.0000, 0.0000, 0.0000,-0.7180,0
 0.0000, 0.0000, 0.0000, 3.1415, 0.0000, 0.0000, 0.0000, 0.0000,-0.7180,0
 0.0000, 0.0000, 0.0000, 3.1415, 0.0000, 0.0000, 0.0000, 0.0000,-0.7180,0
 0.0000, 0.0000, 0.0000, 3.1415, 0.0000, 0.0000, 0.0000, 0.0000,-0.7180,0
 0.0000, 0.0000, 0.0000, 3.1415, 0.0000, 0.0000, 0.0000, 0.0000,-0.7180,0
 0.0000, 0.0000, 0.0000, 3.1415, 0.0000, 0.0000, 0.0000, 0.0000,-0.7180,0
 0.0000, 0.0000, 0.0000, 3.1415, 0.0000, 0.0000, 0.0000, 0.0000,-0.7180,0
 0.0000, 0.0000, 0.0000, 3.1415, 0.0000, 0.0000, 0.0000, 0.0000,-0.7180,0
 0.0000, 0.0000, 0.0000, 3.1415, 0.0000, 0.0000, 0.0000, 0.0000,-0.7180,0
 0.0000, 0.0000, 0.0000, 3.1415, 0.0000, 0.0000, 0.0000, 0.0000,-0.7180,0
 0.0000, 0.0000, 0.0000, 3.1415, 0.0000, 0.0000, 0.0000, 0.0000,-0.7180,0
 0.0000, 0.0000, 0.0000, 3.1415, 0.0000, 0.0000, 0.0000, 0.0000,-0.7180,0
 0.0000, 0.0000, 0.0000, 3.1415, 0.0000, 0.0000, 0.0000, 0.0000,-0.7180,0
 0.0000, 0.0000, 0.0000, 3.1415, 0.0000, 0.0000, 0.0000, 0.0000,-0.7180,0
 0.0000, 0.0000, 0.0000, 3.1415, 0.0000, 0.0000, 0.0000, 0.0000,-0.7180,0
 0.0000, 0.0000, 0.0000, 3.1415, 0.0000, 0.0000, 0.0000, 0.0000,-0.7180,0
 0.0000, 0.0000, 0.0000, 3.1415, 0.0000, 0.0000, 0.0000, 0.0000,-0.7180,0
 0.0000, 0.0000, 0.0000, 3.1415, 0.0000, 0.0000, 0.0000, 0.0000,-0.7180,0
 0.0000, 0.0000, 0.0000, 3.1415, 0.0000, 0.0000, 0.0000, 0.0000,-0.7180,0
 0.0000, 0.0000, 0.0000, 3.1415, 0.0000, 0.0000, 0.0000, 0.0000,-0.7180,0
 0.0000, 0.0000, 0.0000, 3.1415, 0.0000, 0.0000, 0.0000, 0.0000,-0.7180,0
 0.0000, 0.0000, 0.0000, 3.1415, 0.0000, 0.0000, 0.0000, 0.0000,-0.7180,0
 0.0000, 0.0000, 0.0000, 3.1415, 0.0000, 0.0000, 0.0000, 0.0000,-0.7180,0
 0.0000, 0.0000, 0.0000, 3.1415, 0.0000, 0.0000, 0.0000, 0.0000,-0.7180,0
 0.0000, 0.0000, 0.0000, 3.1415, 0.0000, 0.0000, 0.0000, 0.0000,-0.7180,0
 0.0000, 0.0000, 0.0000, 3.1415, 0.0000, 0.0000, 0.0000, 0.0000,-0.7180,0
 0.0000, 0.0000, 0.0000, 3.1415, 0.0000, 0.0000, 0.0000, 0.0000,-0.7180,0
 0.0000, 0.0000, 0.0000, 3.1415, 0.0000, 0.0000, 0.0000, 0.0000,-0.7180,0
 0.0000, 0.0000, 0.0000, 3.1415, 0.0000, 0.0000, 0.0000, 0.0000,-0.7180,0
 0.0000, 0.0000, 0.0000, 3.1415, 0.0000, 0.0000, 0.0000, 0.0000,-0.7180,0
 0.0000, 0.0000, 0.0000, 3.1415, 0.0000, 0.0000, 0.0000, 0.0000,-0.7180,0
 0.0000, 0.0000, 0.0000, 3.1415, 0.0000, 0.0000, 0.0000, 0.0000,-0.7180,0
 0.0000, 0.0000, 0.0000, 3.1415, 0.0000, 0.0000, 0.0000, 0.0000,-0.7180,0
 0.0000, 0.0000, 0.0000, 3.1415, 0.0000, 0.0000, 0.0000, 0.0000,-0.7180,0
 0.0000, 0.0000, 0.0000, 3.1415, 0.0000, 0.0000, 0.0000, 0.0000,-0.7180,0
 0.0000, 0.0000, 0.0000, 3.1415, 0.0000, 0.0000, 0.0000, 0.0000,-0.7180,0
 0.0000, 0.0000, 0.0000, 3.1415, 0.0000, 0.0000, 0.0000, 0.0000,-0.7180,0
 0.0000, 0.0000, 0.0000, 3.1415, 0.0000, 0.0000, 0.0000, 0.0000,-0.7180,0
 0.0000, 0.0000, 0.0000, 3.1415, 0.0000, 0.0000, 0.0000, 0.0000,-0.7180,0
 0.0000, 0.0000, 0.0000, 3.1415, 0.0000, 0.0000, 0.0000, 0.0000,-0.7180,0
 0.0000, 0.0000, 0.0000, 3.1415, 0.0000, 0.0000, 0.0000, 0.0000,-0.7180,0
 0.0000, 0.0000, 0.0000, 3.1415, 0.0000, 0.0000, 0.0000, 0.0000,-0.7180,0
 0.0000, 0.0000, 0.0000, 3.1415, 0.0000, 0.0000, 0.0000, 0.0000,-0.7180,0
 0.0000, 0.0000, 0.0000, 3.1415, 0.0000, 0.0000, 0.0000, 0.0000,-0.7180,0
 0.0000, 0.0000, 0.0000, 3.1415, 0.0000, 0.0000, 0.0000, 0.0000,-0.7180,0
 0.0000, 0.0000, 0.0000, 3.1415, 0.0000, 0.0000, 0.0000, 0.0000,-0.7180,0
 0.0000, 0.0000, 0.0000, 3.1415, 0.0000, 0.0000, 0.0000, 0.0000,-0.7180,0
 0.0000, 0.0000, 0.0000, 3.1415, 0.0000, 0.0000, 0.0000, 0.0000,-0.7180,0
 0.0000, 0.0000, 0.0000, 3.1415, 0.0000, 0.0000, 0.0000, 0.0000,-0.7180,0
 0.0000, 0.0000, 0.0000, 3.1415, 0.0000, 0.0000, 0.0000, 0.0000,-0.7180,0
 0.0000, 0.0000, 0.0000, 3.1415, 0.0000, 0.0000, 0.0000, 0.0000,-0.7180,0
 0.0000, 0.0000, 0.0000, 3.1415, 0.0000, 0.0000, 0.0000, 0.0000,-0.7180,0
 0.0000, 0.0000, 0.0000, 3.1415, 0.0000, 0.0000, 0.0000, 0.0000,-0.7180,0
 0.0000, 0.0000, 0.0000, 3.1415, 0.0000, 0.0000, 0.0000, 0.0000,-0.7180,0
 0.0000, 0.0000, 0.0000, 3.1415, 0.0000, 0.0000, 0.0000, 0.0000,-0.7180,0
 0.0000, 0.0000, 0.0000, 3.1415, 0.0000, 0.0000, 0.0000, 0.0000,-0.7180,0
 0.0000, 0.0000, 0.0000, 3.1415, 0.0000, 0.0000, 0.0000, 0.0000,-0.7180,0
 0.0000, 0.0000, 0.0000, 3.1415, 0.0000, 0.0000, 0.0000, 0.0000,-0.7180,0
 0.0000, 0.0000, 0.0000, 3.1415, 0.0000, 0.0000, 0.0000, 0.0000,-0.7180,0
 0.0000, 0.0000, 0.0000, 3.1415, 0.0000, 0.0000, 0.0000, 0.0000,-0.7180,0
 0.0000, 0.0000, 0.0000, 3.1415, 0.0000, 0.0000, 0.0000, 0.0000,-0.7180,0
 0.0000, 0.0000, 0.0000, 3.1415, 0.0000, 0.0000, 0.0000, 0.0000,-0.7180,0
 0.0000, 0.0000, 0.0000, 3.1415, 0.0000, 0.0000, 0.0000, 0.0000,-0.7180,0
 0.0000, 0.0000, 0.0000, 3.1415, 0.0000, 0.0000, 0.0000, 0.0000,-0.7180,0
 0.0000, 0.0000, 0.0000, 3.1415, 0.0000, 0.0000, 0.0000, 0.0000,-0.7180,0
 0.0000, 0.0000, 0.0000, 3.1415, 0.0000, 0.0000, 0.0000, 0.0000,-0.7180,0
 0.0000, 0.0000, 0.0000, 3.1415, 0.0000, 0.0000, 0.0000, 0.0000,-0.7180,0
 0.0000, 0.0000, 0.0000, 3.1415, 0.0000, 0.0000, 0.0000, 0.0000,-0.7180,0
 0.0000, 0.0000, 0.0000, 3.1415, 0.0000, 0.0000, 0.0000, 0.0000,-0.7180,0
 0.0000, 0.0000, 0.0000, 3.1415, 0.0000, 0.0000, 0.0000, 0.0000,-0.7180,0
 0.0000, 0.0000, 0.0000, 3.1415, 0.0000, 0.0000, 0.0000, 0.0000,-0.7180,0
 0.0000, 0.0000, 0.0000, 3.1415, 0.0000, 0.0000, 0.0000, 0.0000,-0.7180,0
 0.0000, 0.0000, 0.0000, 3.1415, 0.0000, 0.0000, 0.0000, 0.0000,-0.7180,0
 0.0000, 0.0000, 0.0000, 3.1415, 0.0000, 0.0000, 0.0000, 0.0000,-0.7180,0
 0.0000, 0.0000, 0.0000, 3.1415, 0.0000, 0.0000, 0.0000, 0.0000,-0.7180,0
 0.0000, 0.0000, 0.0000, 3.1415, 0.0000, 0.0000, 0.0000, 0.0000,-0.7180,0
 0.0000, 0.0000, 0.0000, 3.1415, 0.0000, 0.0000, 0.0000, 0.0000,-0.7180,0
 0.0000, 0.0000, 0.0000, 3.1415, 0.0000, 0.0000, 0.0000, 0.0000,-0.7180,0
 0.0000, 0.0000, 0.0000, 3.1415, 0.0000, 0.0000, 0.0000, 0.0000,-0.7180,0
 0.0000, 0.0000, 0.0000, 3.1415, 0.0000, 0.0000, 0.0000, 0.0000,-0.7180,0
 0.0000, 0.0000, 0.0000, 3.1415, 0.0000, 0.0000, 0.0000, 0.0000,-0.7180,0
 0.0000, 0.0000, 0.0000, 3.1415, 0.0000, 0.0000, 0.0000, 0.0000,-0.7180,0
 0.0000, 0.0000, 0.0000, 3.1415, 0.0000, 0.0000, 0.0000, 0.0000,-0.7180,0
 0.0000, 0.0000, 0.0000, 3.1415, 0.0000, 0.0000, 0.0000, 0.0000,-0.7180,0
 0.0000, 0.0000, 0.0000, 3.1415, 0.0000, 0.0000, 0.0000, 0.0000,-0.7180,0
 0.0000, 0.0000, 0.0000, 3.1415, 0.0000, 0.0000, 0.0000, 0.0000,-0.7180,0
 0.0000, 0.0000, 0.0000, 3.1415, 0.0000, 0.0000, 0.0000, 0.0000,-0.7180,0
 0.0000, 0.0000, 0.0000, 3.1415, 0.0000, 0.0000, 0.0000, 0.0000,-0.7180,0
 0.0000, 0.0000, 0.0000, 3.1415, 0.0000, 0.0000, 0.0000, 0.0000,-0.7180,0
 0.0000, 0.0000, 0.0000, 3.1415, 0.0000, 0.0000, 0.0000, 0.0000,-0.7180,0
 0.0000, 0.0000, 0.0000, 3.1415, 0.0000, 0.0000, 0.0000, 0.0000,-0.7180,0
 0.0000, 0.0000, 0.0000, 3.1415, 0.0000, 0.0000, 0.0000, 0.0000,-0.7180,0
 0.0000, 0.0000, 0.0000, 3.1415, 0.0000, 0.0000, 0.0000, 0.0000,-0.7180,0
 0.0000, 0.0000, 0.0000, 3.1415, 0.0000, 0.0000, 0.0000, 0.0000,-0.7180,0
 0.0000, 0.0000, 0.0000, 3.1415, 0.0000, 0.0000, 0.0000, 0.0000,-0.7180,0
 0.0000, 0.0000, 0.0000, 3.1415, 0.0000, 0.0000, 0.0000, 0.0000,-0.7180,0
 0.0000, 0.0000, 0.0000, 3.1415, 0.0000, 0.0000, 0.0000, 0.0000,-0.7180,0
 0.0000, 0.0000, 0.0000, 3.1415, 0.0000, 0.0000, 0.0000, 0.0000,-0.7180,0
 0.0000, 0.0000, 0.0000, 3.1415, 0.0000, 0.0000, 0.0000, 0.0000,-0.7180,0
 0.0000, 0.0000, 0.0000, 3.1415, 0.0000, 0.0000, 0.0000, 0.0000,-0.7180,0
 0.0000, 0.0000, 0.0000, 3.1415, 0.0000, 0.0000, 0.0000, 0.0000,-0.7180,0
 0.0000, 0.0000, 0.0000, 3.1415, 0.0000, 0.0000, 0.0000, 0.0000,-0.7180,0
 0.0000, 0.0000, 0.0000, 3.1415, 0.0000, 0.0000, 0.0000, 0.0000,-0.7180,0
 0.0000, 0.0000, 0.0000, 3.1415, 0.0000, 0.0000, 0.0000, 0.0000,-0.7180,0
 0.0000, 0.0000, 0.0000, 3.1415, 0.0000, 0.0000, 0.0000, 0.0000,-0.7180,0
 0.0000, 0.0000, 0.0000, 3.1415, 0.0000, 0.0000, 0.0000, 0.0000,-0.7180,0
 0.0000, 0.0000, 0.0000, 3.1415, 0.0000, 0.0000, 0.0000, 0.0000,-0.7180,0
 0.0000, 0.0000, 0.0000, 3.1415, 0.0000, 0.0000, 0.0000, 0.0000,-0.7180,0
 0.0000, 0.0000, 0.0000, 3.1415, 0.0000, 0.0000, 0.0000, 0.0000,-0.7180,0
 0.0000, 0.0000, 0.0000, 3.1415, 0.0000, 0.0000, 0.0000, 0.0000,-0.7180,0
 0.0000, 0.0000, 0.0000, 3.1415, 0.0000, 0.0000, 0.0000, 0.0000,-0.7180,0
 0.0000, 0.0000, 0.0000, 3.1415, 0.0000, 0.0000, 0.0000, 0.0000,-0.7180,0
 0.0000, 0.0000, 0.0000, 3.1415, 0.0000, 0.0000, 0.0000, 0.0000,-0.7180,0
 0.0000, 0.0000, 0.0000, 3.1415, 0.0000, 0.0000, 0.0000, 0.0000,-0.7180,0
 0.0000, 0.0000, 0.0000, 3.1415, 0.0000, 0.0000, 0.0000, 0.0000,-0.7180,0
 0.0000, 0.0000, 0.0000, 3.1415, 0.0000, 0.0000, 0.0000, 0.0000,-0.7180,0
 0.0000, 0.0000, 0.0000, 3.1415, 0.0000, 0.0000, 0.0000, 0.0000,-0.7180,0
 0.0000, 0.0000, 0.0000, 3.1415, 0.0000, 0.0000, 0.0000, 0.0000,-0.7180,0
 0.0000, 0.0000, 0.0000, 3.1415, 0.0000, 0.0000, 0.0000, 0.0000,-0.7180,0
 0.0000, 0.0000, 0.0000, 3.1415, 0.0000, 0.0000, 0.0000, 0.0000,-0.7180,0
 0.0000, 0.0000, 0.0000, 3.1415, 0.0000, 0.0000, 0.0000, 0.0000,-0.7180,0
 0.0000, 0.0000, 0.0000, 3.1415, 0.0000, 0.0000, 0.0000, 0.0000,-0.7180,0
 0.0000, 0.0000, 0.0000, 3.1415, 0.0000, 0.0000, 0.0000, 0.0000,-0.7180,0
 0.0000, 0.0000, 0.0000, 3.1415, 0.0000, 0.0000, 0.0000, 0.0000,-0.7180,0
 0.0000, 0.0000, 0.0000, 3.1415, 0.0000, 0.0000, 0.0000, 0.0000,-0.7180,0
 0.0000, 0.0000, 0.0000, 3.1415, 0.0000, 0.0000, 0.0000, 0.0000,-0.7180,0
 0.0000, 0.0000, 0.0000, 3.1415, 0.0000, 0.0000, 0.0000, 0.0000,-0.7180,0
 0.0000, 0.0000, 0.0000, 3.1415, 0.0000, 0.0000, 0.0000, 0.0000,-0.7180,0
 0.0000, 0.0000, 0.0000, 3.1415, 0.0000, 0.0000, 0.0000, 0.0000,-0.7180,0
 0.0000, 0.0000, 0.0000, 3.1415, 0.0000, 0.0000, 0.0000, 0.0000,-0.7180,0
 0.0000, 0.0000, 0.0000, 3.1415, 0.0000, 0.0000, 0.0000, 0.0000,-0.7180,0
 0.0000, 0.0000, 0.0000, 3.1415, 0.0000, 0.0000, 0.0000, 0.0000,-0.7180,0
 0.0000, 0.0000, 0.0000, 3.1415, 0.0000, 0.0000, 0.0000, 0.0000,-0.7180,0
 0.0000, 0.0000, 0.0000, 3.1415, 0.0000, 0.0000, 0.0000, 0.0000,-0.7180,0
 0.0000, 0.0000, 0.0000, 3.1415, 0.0000, 0.0000, 0.0000, 0.0000,-0.7180,0
 0.0000, 0.0000, 0.0000, 3.1415, 0.0000, 0.0000, 0.0000, 0.0000,-0.7180,0
 0.0000, 0.0000, 0.0000, 3.1415, 0.0000, 0.0000, 0.0000, 0.0000,-0.7180,0
 0.0000, 0.0000, 0.0000, 3.1415, 0.0000, 0.0000, 0.0000, 0.0000,-0.7180,0
 0.0000, 0.0000, 0.0000, 3.1415, 0.0000, 0.0000, 0.0000, 0.0000,-0.7180,0
 0.0000, 0.0000, 0.0000, 3.1415, 0.0000, 0.0000, 0.0000, 0.0000,-0.7180,0
 0.0000, 0.0000, 0.0000, 3.1415, 0.0000, 0.0000, 0.0000, 0.0000,-0.7180,0
 0.0000, 0.0000, 0.0000, 3.1415, 0.0000, 0.0000, 0.0000, 0.0000,-0.7180,0
 0.0000, 0.0000, 0.0000, 3.1415, 0.0000, 0.0000, 0.0000, 0.0000,-0.7180,0
 0.0000, 0.0000, 0.0000, 3.1415, 0.0000, 0.0000, 0.0000, 0.0000,-0.7180,0
 0.0000, 0.0000, 0.0000, 3.1415, 0.0000, 0.0000, 0.0000, 0.0000,-0.7180,0
 0.0000, 0.0000, 0.0000, 3.1415, 0.0000, 0.0000, 0.0000, 0.0000,-0.7180,0
 0.0000, 0.0000, 0.0000, 3.1415, 0.0000, 0.0000, 0.0000, 0.0000,-0.7180,0
 0.0000, 0.0000, 0.0000, 3.1415, 0.0000, 0.0000, 0.0000, 0.0000,-0.7180,0
 0.0000, 0.0000, 0.0000, 3.1415, 0.0000, 0.0000, 0.0000, 0.0000,-0.7180,0
 0.0000, 0.0000, 0.0000, 3.1415, 0.0000, 0.0000, 0.0000, 0.0000,-0.7180,0
 0.0000, 0.0000, 0.0000, 3.1415, 0.0000, 0.0000, 0.0000, 0.0000,-0.7180,0
 0.0000, 0.0000, 0.0000, 3.1415, 0.0000, 0.0000, 0.0000, 0.0000,-0.7180,0
 0.0000, 0.0000, 0.0000, 3.1415, 0.0000, 0.0000, 0.0000, 0.0000,-0.7180,0
 0.0000, 0.0000, 0.0000, 3.1415, 0.0000, 0.0000, 0.0000, 0.0000,-0.7180,0
 0.0000, 0.0000, 0.0000, 3.1415, 0.0000, 0.0000, 0.0000, 0.0000,-0.7180,0
 0.0000, 0.0000, 0.0000, 3.1415, 0.0000, 0.0000, 0.0000, 0.0000,-0.7180,0
 0.0000, 0.0000, 0.0000, 3.1415, 0.0000, 0.0000, 0.0000, 0.0000,-0.7180,0
 0.0000, 0.0000, 0.0000, 3.1415, 0.0000, 0.0000, 0.0000, 0.0000,-0.7180,0
 0.0000, 0.0000, 0.0000, 3.1415, 0.0000, 0.0000, 0.0000, 0.0000,-0.7180,0
 0.0000, 0.0000, 0.0000, 3.1415, 0.0000, 0.0000, 0.0000, 0.0000,-0.7180,0
 0.0000, 0.0000, 0.0000, 3.1415, 0.0000, 0.0000, 0.0000, 0.0000,-0.7180,0
 0.0000, 0.0000, 0.0000, 3.1415, 0.0000, 0.0000, 0.0000, 0.0000,-0.7180,0
 0.0000, 0.0000, 0.0000, 3.1415, 0.0000, 0.0000, 0.0000, 0.0000,-0.7180,0
 0.0000, 0.0000, 0.0000, 3.1415, 0.0000, 0.0000, 0.0000, 0.0000,-0.7180,0
 0.0000, 0.0000, 0.0000, 3.1415, 0.0000, 0.0000, 0.0000, 0.0000,-0.7180,0
 0.0000, 0.0000, 0.0000, 3.1415, 0.0000, 0.0000, 0.0000, 0.0000,-0.7180,0
 0.0000, 0.0000, 0.0000, 3.1415, 0.0000, 0.0000, 0.0000, 0.0000,-0.7180,0
 0.0000, 0.0000, 0.0000, 3.1415, 0.0000, 0.0000, 0.0000, 0.0000,-0.7180,0
 0.0000, 0.0000, 0.0000, 3.1415, 0.0000, 0.0000, 0.0000, 0.0000,-0.7180,0
 0.0000, 0.0000, 0.0000, 3.1415, 0.0000, 0.0000, 0.0000, 0.0000,-0.7180,0
 0.0000, 0.0000, 0.0000, 3.1415, 0.0000, 0.0000, 0.0000, 0.0000,-0.7180,0
 0.0000, 0.0000, 0.0000, 3.1415, 0.0000, 0.0000, 0.0000, 0.0000,-0.7180,0
 0.0000, 0.0000, 0.0000, 3.1415, 0.0000, 0.0000, 0.0000, 0.0000,-0.7180,0
 0.0000, 0.0000, 0.0000, 3.1415, 0.0000, 0.0000, 0.0000, 0.0000,-0.7180,0
 0.0000, 0.0000, 0.0000, 3.1415, 0.0000, 0.0000, 0.0000, 0.0000,-0.7180,0
 0.0000, 0.0000, 0.0000, 3.1415, 0.0000, 0.0000, 0.0000, 0.0000,-0.7180,0
 0.0000, 0.0000, 0.0000, 3.1415, 0.0000, 0.0000, 0.0000, 0.0000,-0.7180,0
 0.0000, 0.0000, 0.0000, 3.1415, 0.0000, 0.0000, 0.0000, 0.0000,-0.7180,0
 0.0000, 0.0000, 0.0000, 3.1415, 0.0000, 0.0000, 0.0000, 0.0000,-0.7180,0
 0.0000, 0.0000, 0.0000, 3.1415, 0.0000, 0.0000, 0.0000, 0.0000,-0.7180,0
 0.0000, 0.0000, 0.0000, 3.1415, 0.0000, 0.0000, 0.0000, 0.0000,-0.7180,0
 0.0000, 0.0000, 0.0000, 3.1415, 0.0000, 0.0000, 0.0000, 0.0000,-0.7180,0
 0.0000, 0.0000, 0.0000, 3.1415, 0.0000, 0.0000, 0.0000, 0.0000,-0.7180,0
 0.0000, 0.0000, 0.0000, 3.1415, 0.0000, 0.0000, 0.0000, 0.0000,-0.7180,0
 0.0000, 0.0000, 0.0000, 3.1415, 0.0000, 0.0000, 0.0000, 0.0000,-0.7180,0
 0.0000, 0.0000, 0.0000, 3.1415, 0.0000, 0.0000, 0.0000, 0.0000,-0.7180,0
 0.0000, 0.0000, 0.0000, 3.1415, 0.0000, 0.0000, 0.0000, 0.0000,-0.7180,0
 0.0000, 0.0000, 0.0000, 3.1415, 0.0000, 0.0000, 0.0000, 0.0000,-0.7180,0
 0.0000, 0.0000, 0.0000, 3.1415, 0.0000, 0.0000, 0.0000, 0.0000,-0.7180,0
 0.0000, 0.0000, 0.0000, 3.1415, 0.0000, 0.0000, 0.0000, 0.0000,-0.7180,0
 0.0000, 0.0000, 0.0000, 3.1415, 0.0000, 0.0000, 0.0000, 0.0000,-0.7180,0
 0.0000, 0.0000, 0.0000, 3.1415, 0.0000, 0.0000, 0.0000, 0.0000,-0.7180,0
 0.0000, 0.0000, 0.0000, 3.1415, 0.0000, 0.0000, 0.0000, 0.0000,-0.7180,0
 0.0000, 0.0000, 0.0000, 3.1415, 0.0000, 0.0000, 0.0000, 0.0000,-0.7180,0
 0.0000, 0.0000, 0.0000, 3.1415, 0.0000, 0.0000, 0.0000, 0.0000,-0.7180,0
 0.0000, 0.0000, 0.0000, 3.1415, 0.0000, 0.0000, 0.0000, 0.0000,-0.7180,0
 0.0000, 0.0000, 0.0000, 3.1415, 0.0000, 0.0000, 0.0000, 0.0000,-0.7180,0
 0.0000, 0.0000, 0.0000, 3.1415, 0.0000, 0.0000, 0.0000, 0.0000,-0.7180,0
 0.0000, 0.0000, 0.0000, 3.1415, 0.0000, 0.0000, 0.0000, 0.0000,-0.7180,0
 0.0000, 0.0000, 0.0000, 3.1415, 0.0000, 0.0000, 0.0000, 0.0000,-0.7180,0
 0.0000, 0.0000, 0.0000, 3.1415, 0.0000, 0.0000, 0.0000, 0.0000,-0.7180,0
 0.0000, 0.0000, 0.0000, 3.1415, 0.0000, 0.0000, 0.0000, 0.0000,-0.7180,0
 0.0000, 0.0000, 0.0000, 3.1415, 0.0000, 0.0000, 0.0000, 0.0000,-0.7180,0
 0.0000, 0.0000, 0.0000, 3.1415, 0.0000, 0.0000, 0.0000, 0.0000,-0.7180,0
 0.0000, 0.0000, 0.0000, 3.1415, 0.0000, 0.0000, 0.0000, 0.0000,-0.7180,0
 0.0000, 0.0000, 0.0000, 3.1415, 0.0000, 0.0000, 0.0000, 0.0000,-0.7180,0
 0.0000, 0.0000, 0.0000, 3.1415, 0.0000, 0.0000, 0.0000, 0.0000,-0.7180,0
 0.0000, 0.0000, 0.0000, 3.1415, 0.0000, 0.0000, 0.0000, 0.0000,-0.7180,0
 0.0000, 0.0000, 0.0000, 3.1415, 0.0000, 0.0000, 0.0000, 0.0000,-0.7180,0
 0.0000, 0.0000, 0.0000, 3.1415, 0.0000, 0.0000, 0.0000, 0.0000,-0.7180,0
 0.0000, 0.0000, 0.0000, 3.1415, 0.0000, 0.0000, 0.0000, 0.0000,-0.7180,0
 0.0000, 0.0000, 0.0000, 3.1415, 0.0000, 0.0000, 0.0000, 0.0000,-0.7180,0
 0.0000, 0.0000, 0.0000, 3.1415, 0.0000, 0.0000, 0.0000, 0.0000,-0.7180,0
 0.0000, 0.0000, 0.0000, 3.1415, 0.0000, 0.0000, 0.0000, 0.0000,-0.7180,0
 0.0000, 0.0000, 0.0000, 3.1415, 0.0000, 0.0000, 0.0000, 0.0000,-0.7180,0
 0.0000, 0.0000, 0.0000, 3.1415, 0.0000, 0.0000, 0.0000, 0.0000,-0.7180,0
 0.0000, 0.0000, 0.0000, 3.1415, 0.0000, 0.0000, 0.0000, 0.0000,-0.7180,0
 0.0000, 0.0000, 0.0000, 3.1415, 0.0000, 0.0000, 0.0000, 0.0000,-0.7180,0
 0.0000, 0.0000, 0.0000, 3.1415, 0.0000, 0.0000, 0.0000, 0.0000,-0.7180,0
 0.0000, 0.0000, 0.0000, 3.1415, 0.0000, 0.0000, 0.0000, 0.0000,-0.7180,0
 0.0000, 0.0000, 0.0000, 3.1415, 0.0000, 0.0000, 0.0000, 0.0000,-0.7180,0
 0.0000, 0.0000, 0.0000, 3.1415, 0.0000, 0.0000, 0.0000, 0.0000,-0.7180,0
 0.0000, 0.0000, 0.0000, 3.1415, 0.0000, 0.0000, 0.0000, 0.0000,-0.7180,0
 0.0000, 0.0000, 0.0000, 3.1415, 0.0000, 0.0000, 0.0000, 0.0000,-0.7180,0
 0.0000, 0.0000, 0.0000, 3.1415, 0.0000, 0.0000, 0.0000, 0.0000,-0.7180,0
 0.0000, 0.0000, 0.0000, 3.1415, 0.0000, 0.0000, 0.0000, 0.0000,-0.7180,0
 0.0000, 0.0000, 0.0000, 3.1415, 0.0000, 0.0000, 0.0000, 0.0000,-0.7180,0
 0.0000, 0.0000, 0.0000, 3.1415, 0.0000, 0.0000, 0.0000, 0.0000,-0.7180,0
 0.0000, 0.0000, 0.0000, 3.1415, 0.0000, 0.0000, 0.0000, 0.0000,-0.7180,0
 0.0000, 0.0000, 0.0000, 3.1415, 0.0000, 0.0000, 0.0000, 0.0000,-0.7180,0
 0.0000, 0.0000, 0.0000, 3.1415, 0.0000, 0.0000, 0.0000, 0.0000,-0.7180,0
 0.0000, 0.0000, 0.0000, 3.1415, 0.0000, 0.0000, 0.0000, 0.0000,-0.7180,0
 0.0000, 0.0000, 0.0000, 3.1415, 0.0000, 0.0000, 0.0000, 0.0000,-0.7180,0
 0.0000, 0.0000, 0.0000, 3.1415, 0.0000, 0.0000, 0.0000, 0.0000,-0.7180,0
 0.0000, 0.0000, 0.0000, 3.1415, 0.0000, 0.0000, 0.0000, 0.0000,-0.7180,0
 0.0000, 0.0000, 0.0000, 3.1415, 0.0000, 0.0000, 0.0000, 0.0000,-0.7180,0
 0.0000, 0.0000, 0.0000, 3.1415, 0.0000, 0.0000, 0.0000, 0.0000,-0.7180,0
 0.0000, 0.0000, 0.0000, 3.1415, 0.0000, 0.0000, 0.0000, 0.0000,-0.7180,0
 0.0000, 0.0000, 0.0000, 3.1415, 0.0000, 0.0000, 0.0000, 0.0000,-0.7180,0
 0.0000, 0.0000, 0.0000, 3.1415, 0.0000, 0.0000, 0.0000, 0.0000,-0.7180,0
 0.0000, 0.0000, 0.0000, 3.1415, 0.0000, 0.0000, 0.0000, 0.0000,-0.7180,0
 0.0000, 0.0000, 0.0000, 3.1415, 0.0000, 0.0000, 0.0000, 0.0000,-0.7180,0
 0.0000, 0.0000, 0.0000, 3.1415, 0.0000, 0.0000, 0.0000, 0.0000,-0.7180,0
 0.0000, 0.0000, 0.0000, 3.1415, 0.0000, 0.0000, 0.0000, 0.0000,-0.7180,0
 0.0000, 0.0000, 0.0000, 3.1415, 0.0000, 0.0000, 0.0000, 0.0000,-0.7180,0
 0.0000, 0.0000, 0.0000, 3.1415, 0.0000, 0.0000, 0.0000, 0.0000,-0.7180,0
 0.0000, 0.0000, 0.0000, 3.1415, 0.0000, 0.0000, 0.0000, 0.0000,-0.7180,0
 0.0000, 0.0000, 0.0000, 3.1415, 0.0000, 0.0000, 0.0000, 0.0000,-0.7180,0
 0.0000, 0.0000, 0.0000, 3.1415, 0.0000, 0.0000, 0.0000, 0.0000,-0.7180,0
 0.0000, 0.0000, 0.0000, 3.1415, 0.0000, 0.0000, 0.0000, 0.0000,-0.7180,0
 0.0000, 0.0000, 0.0000, 3.1415, 0.0000, 0.0000, 0.0000, 0.0000,-0.7180,0
 0.0000, 0.0000, 0.0000, 3.1415, 0.0000, 0.0000, 0.0000, 0.0000,-0.7180,0
 0.0000, 0.0000, 0.0000, 3.1415, 0.0000, 0.0000, 0.0000, 0.0000,-0.7180,0
 0.0000, 0.0000, 0.0000, 3.1415, 0.0000, 0.0000, 0.0000, 0.0000,-0.7180,0
 0.0000, 0.0000, 0.0000, 3.1415, 0.0000, 0.0000, 0.0000, 0.0000,-0.7180,0
 0.0000, 0.0000, 0.0000, 3.1415, 0.0000, 0.0000, 0.0000, 0.0000,-0.7180,0
 0.0000, 0.0000, 0.0000, 3.1415, 0.0000, 0.0000, 0.0000, 0.0000,-0.7180,0
 0.0000, 0.0000, 0.0000, 3.1415, 0.0000, 0.0000, 0.0000, 0.0000,-0.7180,0
 0.0000, 0.0000, 0.0000, 3.1415, 0.0000, 0.0000, 0.0000, 0.0000,-0.7180,0
 0.0000, 0.0000, 0.0000, 3.1415, 0.0000, 0.0000, 0.0000, 0.0000,-0.7180,0
 0.0000, 0.0000, 0.0000, 3.1415, 0.0000, 0.0000, 0.0000, 0.0000,-0.7180,0
 0.0000, 0.0000, 0.0000, 3.1415, 0.0000, 0.0000, 0.0000, 0.0000,-0.7180,0
 0.0000, 0.0000, 0.0000, 3.1415, 0.0000, 0.0000, 0.0000, 0.0000,-0.7180,0
 0.0000, 0.0000, 0.0000, 3.1415, 0.0000, 0.0000, 0.0000, 0.0000,-0.7180,0
 0.0000, 0.0000, 0.0000, 3.1415, 0.0000, 0.0000, 0.0000, 0.0000,-0.7180,0
 0.0000, 0.0000, 0.0000, 3.1415, 0.0000, 0.0000, 0.0000, 0.0000,-0.7180,0
 0.0000, 0.0000, 0.0000, 3.1415, 0.0000, 0.0000, 0.0000, 0.0000,-0.7180,0
 0.0000, 0.0000, 0.0000, 3.1415, 0.0000, 0.0000, 0.0000, 0.0000,-0.7180,0
 0.0000, 0.0000, 0.0000, 3.1415, 0.0000, 0.0000, 0.0000, 0.0000,-0.7180,0
 0.0000, 0.0000, 0.0000, 3.1415, 0.0000, 0.0000, 0.0000, 0.0000,-0.7180,0
 0.0000, 0.0000, 0.0000, 3.1415, 0.0000, 0.0000, 0.0000, 0.0000,-0.7180,0
 0.0000, 0.0000, 0.0000, 3.1415, 0.0000, 0.0000, 0.0000, 0.0000,-0.7180,0
 0.0000, 0.0000, 0.0000, 3.1415, 0.0000, 0.0000, 0.0000, 0.0000,-0.7180,0
 0.0000, 0.0000, 0.0000, 3.1415, 0.0000, 0.0000, 0.0000, 0.0000,-0.7180,0
 0.0000, 0.0000, 0.0000, 3.1415, 0.0000, 0.0000, 0.0000, 0.0000,-0.7180,0
 0.0000, 0.0000, 0.0000, 3.1415, 0.0000, 0.0000, 0.0000, 0.0000,-0.7180,0
 0.0000, 0.0000, 0.0000, 3.1415, 0.0000, 0.0000, 0.0000, 0.0000,-0.7180,0
 0.0000, 0.0000, 0.0000, 3.1415, 0.0000, 0.0000, 0.0000, 0.0000,-0.7180,0
 0.0000, 0.0000, 0.0000, 3.1415, 0.0000, 0.0000, 0.0000, 0.0000,-0.7180,0
 0.0000, 0.0000, 0.0000, 3.1415, 0.0000, 0.0000, 0.0000, 0.0000,-0.7180,0
 0.0000, 0.0000, 0.0000, 3.1415, 0.0000, 0.0000, 0.0000, 0.0000,-0.7180,0
 0.0000, 0.0000, 0.0000, 3.1415, 0.0000, 0.0000, 0.0000, 0.0000,-0.7180,0
 0.0000, 0.0000, 0.0000, 3.1415, 0.0000, 0.0000, 0.0000, 0.0000,-0.7180,0
 0.0000, 0.0000, 0.0000, 3.1415, 0.0000, 0.0000, 0.0000, 0.0000,-0.7180,0
 0.0000, 0.0000, 0.0000, 3.1415, 0.0000, 0.0000, 0.0000, 0.0000,-0.7180,0
 0.0000, 0.0000, 0.0000, 3.1415, 0.0000, 0.0000, 0.0000, 0.0000,-0.7180,0
 0.0000, 0.0000, 0.0000, 3.1415, 0.0000, 0.0000, 0.0000, 0.0000,-0.7180,0
 0.0000, 0.0000, 0.0000, 3.1415, 0.0000, 0.0000, 0.0000, 0.0000,-0.7180,0
 0.0000, 0.0000, 0.0000, 3.1415, 0.0000, 0.0000, 0.0000, 0.0000,-0.7180,0
 0.0000, 0.0000, 0.0000, 3.1415, 0.0000, 0.0000, 0.0000, 0.0000,-0.7180,0
 0.0000, 0.0000, 0.0000, 3.1415, 0.0000, 0.0000, 0.0000, 0.0000,-0.7180,0
 0.0000, 0.0000, 0.0000, 3.1415, 0.0000, 0.0000, 0.0000, 0.0000,-0.7180,0
 0.0000, 0.0000, 0.0000, 3.1415, 0.0000, 0.0000, 0.0000, 0.0000,-0.7180,0
 0.0000, 0.0000, 0.0000, 3.1415, 0.0000, 0.0000, 0.0000, 0.0000,-0.7180,0
 0.0000, 0.0000, 0.0000, 3.1415, 0.0000, 0.0000, 0.0000, 0.0000,-0.7180,0
 0.0000, 0.0000, 0.0000, 3.1415, 0.0000, 0.0000, 0.0000, 0.0000,-0.7180,0
 0.0000, 0.0000, 0.0000, 3.1415, 0.0000, 0.0000, 0.0000, 0.0000,-0.7180,0
 0.0000, 0.0000, 0.0000, 3.1415, 0.0000, 0.0000, 0.0000, 0.0000,-0.7180,0
 0.0000, 0.0000, 0.0000, 3.1415, 0.0000, 0.0000, 0.0000, 0.0000,-0.7180,0
 0.0000, 0.0000, 0.0000, 3.1415, 0.0000, 0.0000, 0.0000, 0.0000,-0.7180,0
 0.0000, 0.0000, 0.0000, 3.1415, 0.0000, 0.0000, 0.0000, 0.0000,-0.7180,0
 0.0000, 0.0000, 0.0000, 3.1415, 0.0000, 0.0000, 0.0000, 0.0000,-0.7180,0
 0.0000, 0.0000, 0.0000, 3.1415, 0.0000, 0.0000, 0.0000, 0.0000,-0.7180,0
 0.0000, 0.0000, 0.0000, 3.1415, 0.0000, 0.0000, 0.0000, 0.0000,-0.7180,0
 0.0000, 0.0000, 0.0000, 3.1415, 0.0000, 0.0000, 0.0000, 0.0000,-0.7180,0
 0.0000, 0.0000, 0.0000, 3.1415, 0.0000, 0.0000, 0.0000, 0.0000,-0.7180,0
 0.0000, 0.0000, 0.0000, 3.1415, 0.0000, 0.0000, 0.0000, 0.0000,-0.7180,0
 0.0000, 0.0000, 0.0000, 3.1415, 0.0000, 0.0000, 0.0000, 0.0000,-0.7180,0
 0.0000, 0.0000, 0.0000, 3.1415, 0.0000, 0.0000, 0.0000, 0.0000,-0.7180,0
 0.0000, 0.0000, 0.0000, 3.1415, 0.0000, 0.0000, 0.0000, 0.0000,-0.7180,0
 0.0000, 0.0000, 0.0000, 3.1415, 0.0000, 0.0000, 0.0000, 0.0000,-0.7180,0
 0.0000, 0.0000, 0.0000, 3.1415, 0.0000, 0.0000, 0.0000, 0.0000,-0.7180,0
 0.0000, 0.0000, 0.0000, 3.1415, 0.0000, 0.0000, 0.0000, 0.0000,-0.7180,0
 0.0000, 0.0000, 0.0000, 3.1415, 0.0000, 0.0000, 0.0000, 0.0000,-0.7180,0
 0.0000, 0.0000, 0.0000, 3.1415, 0.0000, 0.0000, 0.0000, 0.0000,-0.7180,0
 0.0000, 0.0000, 0.0000, 3.1415, 0.0000, 0.0000, 0.0000, 0.0000,-0.7180,0
 0.0000, 0.0000, 0.0000, 3.1415, 0.0000, 0.0000, 0.0000, 0.0000,-0.7180,0
 0.0000, 0.0000, 0.0000, 3.1415, 0.0000, 0.0000, 0.0000, 0.0000,-0.7180,0
 0.0000, 0.0000, 0.0000, 3.1415, 0.0000, 0.0000, 0.0000, 0.0000,-0.7180,0
 0.0000, 0.0000, 0.0000, 3.1415, 0.0000, 0.0000, 0.0000, 0.0000,-0.7180,0
 0.0000, 0.0000, 0.0000, 3.1415, 0.0000, 0.0000, 0.0000, 0.0000,-0.7180,0
 0.0000, 0.0000, 0.0000, 3.1415, 0.0000, 0.0000, 0.0000, 0.0000,-0.7180,0
 0.0000, 0.0000, 0.0000, 3.1415, 0.0000, 0.0000, 0.0000, 0.0000,-0.7180,0
 0.0000, 0.0000, 0.0000, 3.1415, 0.0000, 0.0000, 0.0000, 0.0000,-0.7180,0
 0.0000, 0.0000, 0.0000, 3.1415, 0.0000, 0.0000, 0.0000, 0.0000,-0.7180,0
 0.0000, 0.0000, 0.0000, 3.1415, 0.0000, 0.0000, 0.0000, 0.0000,-0.7180,0
 0.0000, 0.0000, 0.0000, 3.1415, 0.0000, 0.0000, 0.0000, 0.0000,-0.7180,0
 0.0000, 0.0000, 0.0000, 3.1415, 0.0000, 0.0000, 0.0000, 0.0000,-0.7180,0
 0.0000, 0.0000, 0.0000, 3.1415, 0.0000, 0.0000, 0.0000, 0.0000,-0.7180,0
 0.0000, 0.0000, 0.0000, 3.1415, 0.0000, 0.0000, 0.0000, 0.0000,-0.7180,0
 0.0000, 0.0000, 0.0000, 3.1415, 0.0000, 0.0000, 0.0000, 0.0000,-0.7180,0
 0.0000, 0.0000, 0.0000, 3.1415, 0.0000, 0.0000, 0.0000, 0.0000,-0.7180,0
 0.0000, 0.0000, 0.0000, 3.1415, 0.0000, 0.0000, 0.0000, 0.0000,-0.7180,0
 0.0000, 0.0000, 0.0000, 3.1415, 0.0000, 0.0000, 0.0000, 0.0000,-0.7180,0
 0.0000, 0.0000, 0.0000, 3.1415, 0.0000, 0.0000, 0.0000, 0.0000,-0.7180,0
 0.0000, 0.0000, 0.0000, 3.1415, 0.0000, 0.0000, 0.0000, 0.0000,-0.7180,0
 0.0000, 0.0000, 0.0000, 3.1415, 0.0000, 0.0000, 0.0000, 0.0000,-0.7180,0
 0.0000, 0.0000, 0.0000, 3.1415, 0.0000, 0.0000, 0.0000, 0.0000,-0.7180,0
 0.0000, 0.0000, 0.0000, 3.1415, 0.0000, 0.0000, 0.0000, 0.0000,-0.7180,0
 0.0000, 0.0000, 0.0000, 3.1415, 0.0000, 0.0000, 0.0000, 0.0000,-0.7180,0
 0.0000, 0.0000, 0.0000, 3.1415, 0.0000, 0.0000, 0.0000, 0.0000,-0.7180,0
 0.0000, 0.0000, 0.0000, 3.1415, 0.0000, 0.0000, 0.0000, 0.0000,-0.7180,0
 0.0000, 0.0000, 0.0000, 3.1415, 0.0000, 0.0000, 0.0000, 0.0000,-0.7180,0
 0.0000, 0.0000, 0.0000, 3.1415, 0.0000, 0.0000, 0.0000, 0.0000,-0.7180,0
 0.0000, 0.0000, 0.0000, 3.1415, 0.0000, 0.0000, 0.0000, 0.0000,-0.7180,0
 0.0000, 0.0000, 0.0000, 3.1415, 0.0000, 0.0000, 0.0000, 0.0000,-0.7180,0
 0.0000, 0.0000, 0.0000, 3.1415, 0.0000, 0.0000, 0.0000, 0.0000,-0.7180,0
 0.0000, 0.0000, 0.0000, 3.1415, 0.0000, 0.0000, 0.0000, 0.0000,-0.7180,0
 0.0000, 0.0000, 0.0000, 3.1415, 0.0000, 0.0000, 0.0000, 0.0000,-0.7180,0
 0.0000, 0.0000, 0.0000, 3.1415, 0.0000, 0.0000, 0.0000, 0.0000,-0.7180,0
 0.0000, 0.0000, 0.0000, 3.1415, 0.0000, 0.0000, 0.0000, 0.0000,-0.7180,0
 0.0000, 0.0000, 0.0000, 3.1415, 0.0000, 0.0000, 0.0000, 0.0000,-0.7180,0
 0.0000, 0.0000, 0.0000, 3.1415, 0.0000, 0.0000, 0.0000, 0.0000,-0.7180,0
 0.0000, 0.0000, 0.0000, 3.1415, 0.0000, 0.0000, 0.0000, 0.0000,-0.7180,0
 0.0000, 0.0000, 0.0000, 3.1415, 0.0000, 0.0000, 0.0000, 0.0000,-0.7180,0
 0.0000, 0.0000, 0.0000, 3.1415, 0.0000, 0.0000, 0.0000, 0.0000,-0.7180,0
 0.0000, 0.0000, 0.0000, 3.1415, 0.0000, 0.0000, 0.0000, 0.0000,-0.7180,0
 0.0000, 0.0000, 0.0000, 3.1415, 0.0000, 0.0000, 0.0000, 0.0000,-0.7180,0
 0.0000, 0.0000, 0.0000, 3.1415, 0.0000, 0.0000, 0.0000, 0.0000,-0.7180,0
 0.0000, 0.0000, 0.0000, 3.1415, 0.0000, 0.0000, 0.0000, 0.0000,-0.7180,0
 0.0000, 0.0000, 0.0000, 3.1415, 0.0000, 0.0000, 0.0000, 0.0000,-0.7180,0
 0.0000, 0.0000, 0.0000, 3.1415, 0.0000, 0.0000, 0.0000, 0.0000,-0.7180,0
 0.0000, 0.0000, 0.0000, 3.1415, 0.0000, 0.0000, 0.0000, 0.0000,-0.7180,0
 0.0000, 0.0000, 0.0000, 3.1415, 0.0000, 0.0000, 0.0000, 0.0000,-0.7180,0
 0.0000, 0.0000, 0.0000, 3.1415, 0.0000, 0.0000, 0.0000, 0.0000,-0.7180,0
 0.0000, 0.0000, 0.0000, 3.1415, 0.0000, 0.0000, 0.0000, 0.0000,-0.7180,0
 0.0000, 0.0000, 0.0000, 3.1415, 0.0000, 0.0000, 0.0000, 0.0000,-0.7180,0
 0.0000, 0.0000, 0.0000, 3.1415, 0.0000, 0.0000, 0.0000, 0.0000,-0.7180,0
 0.0000, 0.0000, 0.0000, 3.1415, 0.0000, 0.0000, 0.0000, 0.0000,-0.7180,0
 0.0000, 0.0000, 0.0000, 3.1415, 0.0000, 0.0000, 0.0000, 0.0000,-0.7180,0
 0.0000, 0.0000, 0.0000, 3.1415, 0.0000, 0.0000, 0.0000, 0.0000,-0.7180,0
 0.0000, 0.0000, 0.0000, 3.1415, 0.0000, 0.0000, 0.0000, 0.0000,-0.7180,0
 0.0000, 0.0000, 0.0000, 3.1415, 0.0000, 0.0000, 0.0000, 0.0000,-0.7180,0
 0.0000, 0.0000, 0.0000, 3.1415, 0.0000, 0.0000, 0.0000, 0.0000,-0.7180,0
 0.0000, 0.0000, 0.0000, 3.1415, 0.0000, 0.0000, 0.0000, 0.0000,-0.7180,0
 0.0000, 0.0000, 0.0000, 3.1415, 0.0000, 0.0000, 0.0000, 0.0000,-0.7180,0
 0.0000, 0.0000, 0.0000, 3.1415, 0.0000, 0.0000, 0.0000, 0.0000,-0.7180,0
 0.0000, 0.0000, 0.0000, 3.1415, 0.0000, 0.0000, 0.0000, 0.0000,-0.7180,0
 0.0000, 0.0000, 0.0000, 3.1415, 0.0000, 0.0000, 0.0000, 0.0000,-0.7180,0
 0.0000, 0.0000, 0.0000, 3.1415, 0.0000, 0.0000, 0.0000, 0.0000,-0.7180,0
 0.0000, 0.0000, 0.0000, 3.1415, 0.0000, 0.0000, 0.0000, 0.0000,-0.7180,0
 0.0000, 0.0000, 0.0000, 3.1415, 0.0000, 0.0000, 0.0000, 0.0000,-0.7180,0
 0.0000, 0.0000, 0.0000, 3.1415, 0.0000, 0.0000, 0.0000, 0.0000,-0.7180,0
 0.0000, 0.0000, 0.0000, 3.1415, 0.0000, 0.0000, 0.0000, 0.0000,-0.7180,0
 0.0000, 0.0000, 0.0000, 3.1415, 0.0000, 0.0000, 0.0000, 0.0000,-0.7180,0
 0.0000, 0.0000, 0.0000, 3.1415, 0.0000, 0.0000, 0.0000, 0.0000,-0.7180,0
 0.0000, 0.0000, 0.0000, 3.1415, 0.0000, 0.0000, 0.0000, 0.0000,-0.7180,0
 0.0000, 0.0000, 0.0000, 3.1415, 0.0000, 0.0000, 0.0000, 0.0000,-0.7180,0
 0.0000, 0.0000, 0.0000, 3.1415, 0.0000, 0.0000, 0.0000, 0.0000,-0.7180,0
 0.0000, 0.0000, 0.0000, 3.1415, 0.0000, 0.0000, 0.0000, 0.0000,-0.7180,0
 0.0000, 0.0000, 0.0000, 3.1415, 0.0000, 0.0000, 0.0000, 0.0000,-0.7180,0
 0.0000, 0.0000, 0.0000, 3.1415, 0.0000, 0.0000, 0.0000, 0.0000,-0.7180,0
 0.0000, 0.0000, 0.0000, 3.1415, 0.0000, 0.0000, 0.0000, 0.0000,-0.7180,0
 0.0000, 0.0000, 0.0000, 3.1415, 0.0000, 0.0000, 0.0000, 0.0000,-0.7180,0
 0.0000, 0.0000, 0.0000, 3.1415, 0.0000, 0.0000, 0.0000, 0.0000,-0.7180,0
 0.0000, 0.0000, 0.0000, 3.1415, 0.0000, 0.0000, 0.0000, 0.0000,-0.7180,0
 0.0000, 0.0000, 0.0000, 3.1415, 0.0000, 0.0000, 0.0000, 0.0000,-0.7180,0
 0.0000, 0.0000, 0.0000, 3.1415, 0.0000, 0.0000, 0.0000, 0.0000,-0.7180,0
 0.0000, 0.0000, 0.0000, 3.1415, 0.0000, 0.0000, 0.0000, 0.0000,-0.7180,0
 0.0000, 0.0000, 0.0000, 3.1415, 0.0000, 0.0000, 0.0000, 0.0000,-0.7180,0
 0.0000, 0.0000, 0.0000, 3.1415, 0.0000, 0.0000, 0.0000, 0.0000,-0.7180,0
 0.0000, 0.0000, 0.0000, 3.1415, 0.0000, 0.0000, 0.0000, 0.0000,-0.7180,0
 0.0000, 0.0000, 0.0000, 3.1415, 0.0000, 0.0000, 0.0000, 0.0000,-0.7180,0
 0.0000, 0.0000, 0.0000, 3.1415, 0.0000, 0.0000, 0.0000, 0.0000,-0.7180,0
 0.0000, 0.0000, 0.0000, 3.1415, 0.0000, 0.0000, 0.0000, 0.0000,-0.7180,0
 0.0000, 0.0000, 0.0000, 3.1415, 0.0000, 0.0000, 0.0000, 0.0000,-0.7180,0
 0.0000, 0.0000, 0.0000, 3.1415, 0.0000, 0.0000, 0.0000, 0.0000,-0.7180,0
 0.0000, 0.0000, 0.0000, 3.1415, 0.0000, 0.0000, 0.0000, 0.0000,-0.7180,0
 0.0000, 0.0000, 0.0000, 3.1415, 0.0000, 0.0000, 0.0000, 0.0000,-0.7180,0
 0.0000, 0.0000, 0.0000, 3.1415, 0.0000, 0.0000, 0.0000, 0.0000,-0.7180,0
 0.0000, 0.0000, 0.0000, 3.1415, 0.0000, 0.0000, 0.0000, 0.0000,-0.7180,0
 0.0000, 0.0000, 0.0000, 3.1415, 0.0000, 0.0000, 0.0000, 0.0000,-0.7180,0
 0.0000, 0.0000, 0.0000, 3.1415, 0.0000, 0.0000, 0.0000, 0.0000,-0.7180,0
 0.0000, 0.0000, 0.0000, 3.1415, 0.0000, 0.0000, 0.0000, 0.0000,-0.7180,0
 0.0000, 0.0000, 0.0000, 3.1415, 0.0000, 0.0000, 0.0000, 0.0000,-0.7180,0
 0.0000, 0.0000, 0.0000, 3.1415, 0.0000, 0.0000, 0.0000, 0.0000,-0.7180,0
 0.0000, 0.0000, 0.0000, 3.1415, 0.0000, 0.0000, 0.0000, 0.0000,-0.7180,0
 0.0000, 0.0000, 0.0000, 3.1415, 0.0000, 0.0000, 0.0000, 0.0000,-0.7180,0
 0.0000, 0.0000, 0.0000, 3.1415, 0.0000, 0.0000, 0.0000, 0.0000,-0.7180,0
 0.0000, 0.0000, 0.0000, 3.1415, 0.0000, 0.0000, 0.0000, 0.0000,-0.7180,0
 0.0000, 0.0000, 0.0000, 3.1415, 0.0000, 0.0000, 0.0000, 0.0000,-0.7180,0
 0.0000, 0.0000, 0.0000, 3.1415, 0.0000, 0.0000, 0.0000, 0.0000,-0.7180,0
 0.0000, 0.0000, 0.0000, 3.1415, 0.0000, 0.0000, 0.0000, 0.0000,-0.7180,0
 0.0000, 0.0000, 0.0000, 3.1415, 0.0000, 0.0000, 0.0000, 0.0000,-0.7180,0
 0.0000, 0.0000, 0.0000, 3.1415, 0.0000, 0.0000, 0.0000, 0.0000,-0.7180,0
 0.0000, 0.0000, 0.0000, 3.1415, 0.0000, 0.0000, 0.0000, 0.0000,-0.7180,0
 0.0000, 0.0000, 0.0000, 3.1415, 0.0000, 0.0000, 0.0000, 0.0000,-0.7180,0
 0.0000, 0.0000, 0.0000, 3.1415, 0.0000, 0.0000, 0.0000, 0.0000,-0.7180,0
 0.0000, 0.0000, 0.0000, 3.1415, 0.0000, 0.0000, 0.0000, 0.0000,-0.7180,0
 0.0000, 0.0000, 0.0000, 3.1415, 0.0000, 0.0000, 0.0000, 0.0000,-0.7180,0
 0.0000, 0.0000, 0.0000, 3.1415, 0.0000, 0.0000, 0.0000, 0.0000,-0.7180,0
 0.0000, 0.0000, 0.0000, 3.1415, 0.0000, 0.0000, 0.0000, 0.0000,-0.7180,0
 0.0000, 0.0000, 0.0000, 3.1415, 0.0000, 0.0000, 0.0000, 0.0000,-0.7180,0
 0.0000, 0.0000, 0.0000, 3.1415, 0.0000, 0.0000, 0.0000, 0.0000,-0.7180,0
 0.0000, 0.0000, 0.0000, 3.1415, 0.0000, 0.0000, 0.0000, 0.0000,-0.7180,0
 0.0000, 0.0000, 0.0000, 3.1415, 0.0000, 0.0000, 0.0000, 0.0000,-0.7180,0
 0.0000, 0.0000, 0.0000, 3.1415, 0.0000, 0.0000, 0.0000, 0.0000,-0.7180,0
 0.0000, 0.0000, 0.0000, 3.1415, 0.0000, 0.0000, 0.0000, 0.0000,-0.7180,0
 0.0000, 0.0000, 0.0000, 3.1415, 0.0000, 0.0000, 0.0000, 0.0000,-0.7180,0
 0.0000, 0.0000, 0.0000, 3.1415, 0.0000, 0.0000, 0.0000, 0.0000,-0.7180,0
 0.0000, 0.0000, 0.0000, 3.1415, 0.0000, 0.0000, 0.0000, 0.0000,-0.7180,0
 0.0000, 0.0000, 0.0000, 3.1415, 0.0000, 0.0000, 0.0000, 0.0000,-0.7180,0
 0.0000, 0.0000, 0.0000, 3.1415, 0.0000, 0.0000, 0.0000, 0.0000,-0.7180,0
 0.0000, 0.0000, 0.0000, 3.1415, 0.0000, 0.0000, 0.0000, 0.0000,-0.7180,0
 0.0000, 0.0000, 0.0000, 3.1415, 0.0000, 0.0000, 0.0000, 0.0000,-0.7180,0
 0.0000, 0.0000, 0.0000, 3.1415, 0.0000, 0.0000, 0.0000, 0.0000,-0.7180,0
 0.0000, 0.0000, 0.0000, 3.1415, 0.0000, 0.0000, 0.0000, 0.0000,-0.7180,0
 0.0000, 0.0000, 0.0000, 3.1415, 0.0000, 0.0000, 0.0000, 0.0000,-0.7180,0
 0.0000, 0.0000, 0.0000, 3.1415, 0.0000, 0.0000, 0.0000, 0.0000,-0.7180,0
 0.0000, 0.0000, 0.0000, 3.1415, 0.0000, 0.0000, 0.0000, 0.0000,-0.7180,0
 0.0000, 0.0000, 0.0000, 3.1415, 0.0000, 0.0000, 0.0000, 0.0000,-0.7180,0
 0.0000, 0.0000, 0.0000, 3.1415, 0.0000, 0.0000, 0.0000, 0.0000,-0.7180,0
 0.0000, 0.0000, 0.0000, 3.1415, 0.0000, 0.0000, 0.0000, 0.0000,-0.7180,0
 0.0000, 0.0000, 0.0000, 3.1415, 0.0000, 0.0000, 0.0000, 0.0000,-0.7180,0
 0.0000, 0.0000, 0.0000, 3.1415, 0.0000, 0.0000, 0.0000, 0.0000,-0.7180,0
 0.0000, 0.0000, 0.0000, 3.1415, 0.0000, 0.0000, 0.0000, 0.0000,-0.7180,0
 0.0000, 0.0000, 0.0000, 3.1415, 0.0000, 0.0000, 0.0000, 0.0000,-0.7180,0
 0.0000, 0.0000, 0.0000, 3.1415, 0.0000, 0.0000, 0.0000, 0.0000,-0.7180,0
 0.0000, 0.0000, 0.0000, 3.1415, 0.0000, 0.0000, 0.0000, 0.0000,-0.7180,0
 0.0000, 0.0000, 0.0000, 3.1415, 0.0000, 0.0000, 0.0000, 0.0000,-0.7180,0
 0.0000, 0.0000, 0.0000, 3.1415, 0.0000, 0.0000, 0.0000, 0.0000,-0.7180,0
 0.0000, 0.0000, 0.0000, 3.1415, 0.0000, 0.0000, 0.0000, 0.0000,-0.7180,0
 0.0000, 0.0000, 0.0000, 3.1415, 0.0000, 0.0000, 0.0000, 0.0000,-0.7180,0
 0.0000, 0.0000, 0.0000, 3.1415, 0.0000, 0.0000, 0.0000, 0.0000,-0.7180,0
 0.0000, 0.0000, 0.0000, 3.1415, 0.0000, 0.0000, 0.0000, 0.0000,-0.7180,0
 0.0000, 0.0000, 0.0000, 3.1415, 0.0000, 0.0000, 0.0000, 0.0000,-0.7180,0
 0.0000, 0.0000, 0.0000, 3.1415, 0.0000, 0.0000, 0.0000, 0.0000,-0.7180,0
 0.0000, 0.0000, 0.0000, 3.1415, 0.0000, 0.0000, 0.0000, 0.0000,-0.7180,0
 0.0000, 0.0000, 0.0000, 3.1415, 0.0000, 0.0000, 0.0000, 0.0000,-0.7180,0
 0.0000, 0.0000, 0.0000, 3.1415, 0.0000, 0.0000, 0.0000, 0.0000,-0.7180,0
 0.0000, 0.0000, 0.0000, 3.1415, 0.0000, 0.0000, 0.0000, 0.0000,-0.7180,0
 0.0000, 0.0000, 0.0000, 3.1415, 0.0000, 0.0000, 0.0000, 0.0000,-0.7180,0
 0.0000, 0.0000, 0.0000, 3.1415, 0.0000, 0.0000, 0.0000, 0.0000,-0.7180,0
 0.0000, 0.0000, 0.0000, 3.1415, 0.0000, 0.0000, 0.0000, 0.0000,-0.7180,0
 0.0000, 0.0000, 0.0000, 3.1415, 0.0000, 0.0000, 0.0000, 0.0000,-0.7180,0
 0.0000, 0.0000, 0.0000, 3.1415, 0.0000, 0.0000, 0.0000, 0.0000,-0.7180,0
 0.0000, 0.0000, 0.0000, 3.1415, 0.0000, 0.0000, 0.0000, 0.0000,-0.7180,0
 0.0000, 0.0000, 0.0000, 3.1415, 0.0000, 0.0000, 0.0000, 0.0000,-0.7180,0
 0.0000, 0.0000, 0.0000, 3.1415, 0.0000, 0.0000, 0.0000, 0.0000,-0.7180,0
 0.0000, 0.0000, 0.0000, 3.1415, 0.0000, 0.0000, 0.0000, 0.0000,-0.7180,0
 0.0000, 0.0000, 0.0000, 3.1415, 0.0000, 0.0000, 0.0000, 0.0000,-0.7180,0
 0.0000, 0.0000, 0.0000, 3.1415, 0.0000, 0.0000, 0.0000, 0.0000,-0.7180,0
 0.0000, 0.0000, 0.0000, 3.1415, 0.0000, 0.0000, 0.0000, 0.0000,-0.7180,0
 0.0000, 0.0000, 0.0000, 3.1415, 0.0000, 0.0000, 0.0000, 0.0000,-0.7180,0
 0.0000, 0.0000, 0.0000, 3.1415, 0.0000, 0.0000, 0.0000, 0.0000,-0.7180,0
 0.0000, 0.0000, 0.0000, 3.1415, 0.0000, 0.0000, 0.0000, 0.0000,-0.7180,0
 0.0000, 0.0000, 0.0000, 3.1415, 0.0000, 0.0000, 0.0000, 0.0000,-0.7180,0
 0.0000, 0.0000, 0.0000, 3.1415, 0.0000, 0.0000, 0.0000, 0.0000,-0.7180,0
 0.0000, 0.0000, 0.0000, 3.1415, 0.0000, 0.0000, 0.0000, 0.0000,-0.7180,0
 0.0000, 0.0000, 0.0000, 3.1415, 0.0000, 0.0000, 0.0000, 0.0000,-0.7180,0
 0.0000, 0.0000, 0.0000, 3.1415, 0.0000, 0.0000, 0.0000, 0.0000,-0.7180,0
 0.0000, 0.0000, 0.0000, 3.1415, 0.0000, 0.0000, 0.0000, 0.0000,-0.7180,0
 0.0000, 0.0000, 0.0000, 3.1415, 0.0000, 0.0000, 0.0000, 0.0000,-0.7180,0
 0.0000, 0.0000, 0.0000, 3.1415, 0.0000, 0.0000, 0.0000, 0.0000,-0.7180,0
 0.0000, 0.0000, 0.0000, 3.1415, 0.0000, 0.0000, 0.0000, 0.0000,-0.7180,0
 0.0000, 0.0000, 0.0000, 3.1415, 0.0000, 0.0000, 0.0000, 0.0000,-0.7180,0
 0.0000, 0.0000, 0.0000, 3.1415, 0.0000, 0.0000, 0.0000, 0.0000,-0.7180,0
 0.0000, 0.0000, 0.0000, 3.1415, 0.0000, 0.0000, 0.0000, 0.0000,-0.7180,0
 0.0000, 0.0000, 0.0000, 3.1415, 0.0000, 0.0000, 0.0000, 0.0000,-0.7180,0
 0.0000, 0.0000, 0.0000, 3.1415, 0.0000, 0.0000, 0.0000, 0.0000,-0.7180,0
 0.0000, 0.0000, 0.0000, 3.1415, 0.0000, 0.0000, 0.0000, 0.0000,-0.7180,0
 0.0000, 0.0000, 0.0000, 3.1415, 0.0000, 0.0000, 0.0000, 0.0000,-0.7180,0
 0.0000, 0.0000, 0.0000, 3.1415, 0.0000, 0.0000, 0.0000, 0.0000,-0.7180,0
 0.0000, 0.0000, 0.0000, 3.1415, 0.0000, 0.0000, 0.0000, 0.0000,-0.7180,0
 0.0000, 0.0000, 0.0000, 3.1415, 0.0000, 0.0000, 0.0000, 0.0000,-0.7180,0
 0.0000, 0.0000, 0.0000, 3.1415, 0.0000, 0.0000, 0.0000, 0.0000,-0.7180,0
 0.0000, 0.0000, 0.0000, 3.1415, 0.0000, 0.0000, 0.0000, 0.0000,-0.7180,0
 0.0000, 0.0000, 0.0000, 3.1415, 0.0000, 0.0000, 0.0000, 0.0000,-0.7180,0
 0.0000, 0.0000, 0.0000, 3.1415, 0.0000, 0.0000, 0.0000, 0.0000,-0.7180,0
 0.0000, 0.0000, 0.0000, 3.1415, 0.0000, 0.0000, 0.0000, 0.0000,-0.7180,0
 0.0000, 0.0000, 0.0000, 3.1415, 0.0000, 0.0000, 0.0000, 0.0000,-0.7180,0
 0.0000, 0.0000, 0.0000, 3.1415, 0.0000, 0.0000, 0.0000, 0.0000,-0.7180,0
 0.0000, 0.0000, 0.0000, 3.1415, 0.0000, 0.0000, 0.0000, 0.0000,-0.7180,0
 0.0000, 0.0000, 0.0000, 3.1415, 0.0000, 0.0000, 0.0000, 0.0000,-0.7180,0
 0.0000, 0.0000, 0.0000, 3.1415, 0.0000, 0.0000, 0.0000, 0.0000,-0.7180,0
 0.0000, 0.0000, 0.0000, 3.1415, 0.0000, 0.0000, 0.0000, 0.0000,-0.7180,0
 0.0000, 0.0000, 0.0000, 3.1415, 0.0000, 0.0000, 0.0000, 0.0000,-0.7180,0
 0.0000, 0.0000, 0.0000, 3.1415, 0.0000, 0.0000, 0.0000, 0.0000,-0.7180,0
 0.0000, 0.0000, 0.0000, 3.1415, 0.0000, 0.0000, 0.0000, 0.0000,-0.7180,0
 0.0000, 0.0000, 0.0000, 3.1415, 0.0000, 0.0000, 0.0000, 0.0000,-0.7180,0
 0.0000, 0.0000, 0.0000, 3.1415, 0.0000, 0.0000, 0.0000, 0.0000,-0.7180,0
 0.0000, 0.0000, 0.0000, 3.1415, 0.0000, 0.0000, 0.0000, 0.0000,-0.7180,0
 0.0000, 0.0000, 0.0031, 3.1415, 0.0000, 0.2513, 0.0000, 0.0000,-0.7180,0
 0.0000, 0.0000, 0.0031, 3.1415, 0.0000, 0.0502, 0.0000, 0.0000,-0.7180,0
 0.0000, 0.0000, 0.0062, 3.1415, 0.0000, 0.2613, 0.0000, 0.0000,-0.7180,0
 0.0000, 0.0000, 0.0062, 3.1415, 0.0000, 0.0522, 0.0000, 0.0000,-0.7180,0
 0.0000, 0.0000, 0.0094, 3.1415, 0.0000, 0.2617, 0.0000, 0.0000,-0.7180,0
 0.0000, 0.0000, 0.0125, 3.1415, 0.0000, 0.3036, 0.0000, 0.0000,-0.7180,0
 0.0000, 0.0000, 0.0125, 3.1415, 0.0000, 0.0607, 0.0000, 0.0000,-0.7180,0
 0.0000, 0.0000, 0.0157, 3.1415, 0.0000, 0.2634, 0.0000, 0.0000,-0.7180,0
 0.0000, 0.0000, 0.0188, 3.1415, 0.0000, 0.3040, 0.0000, 0.0000,-0.7180,0
 0.0000, 0.0000, 0.0188, 3.1415, 0.0000, 0.0608, 0.0000, 0.0000,-0.7180,0
 0.0000, 0.0000, 0.0219, 3.1415, 0.0000, 0.2634, 0.0000, 0.0000,-0.7180,0
 0.0000, 0.0000, 0.0219, 3.1415, 0.0000, 0.0526, 0.0000, 0.0000,-0.7180,0
 0.0000, 0.0000, 0.0251, 3.1415, 0.0000, 0.2618, 0.0000, 0.0000,-0.7180,0
 0.0000, 0.0000, 0.0251, 3.1415, 0.0000, 0.0523, 0.0000, 0.0000,-0.7180,0
 0.0000, 0.0000, 0.0251, 3.1415, 0.0000, 0.0104, 0.0000, 0.0000,-0.7180,0
 0.0000, 0.0000, 0.0282, 3.1415, 0.0000, 0.2534, 0.0000, 0.0000,-0.7180,0
 0.0000, 0.0000, 0.0282, 3.1415, 0.0000, 0.0506, 0.0000, 0.0000,-0.7180,0
 0.0000, 0.0000, 0.0314, 3.1415, 0.0000, 0.2614, 0.0000, 0.0000,-0.7180,0
 0.0000, 0.0000, 0.0314, 3.1415, 0.0000, 0.0522, 0.0000, 0.0000,-0.7180,0
 0.0000, 0.0000, 0.0314, 3.1415, 0.0000, 0.0104, 0.0000, 0.0000,-0.7180,0
 0.0000, 0.0000, 0.0345, 3.1415, 0.0000, 0.2534, 0.0000, 0.0000,-0.7180,0
 0.0000, 0.0000, 0.0345, 3.1415, 0.0000, 0.0506, 0.0000, 0.0000,-0.7180,0
 0.0000, 0.0000, 0.0345, 3.1415, 0.0000, 0.0101, 0.0000, 0.0000,-0.7180,0
 0.0000, 0.0000, 0.0345, 3.1415, 0.0000, 0.0020, 0.0000, 0.0000,-0.7180,0
 0.0000, 0.0000, 0.0345, 3.1415, 0.0000, 0.0004, 0.0000, 0.0000,-0.7180,0
 0.0000, 0.0000, 0.0376, 3.1415, 0.0000, 0.2514, 0.0000, 0.0000,-0.7180,0
 0.0000, 0.0000, 0.0376, 3.1415, 0.0000, 0.0502, 0.0000, 0.0000,-0.7180,0
 0.0000, 0.0000, 0.0376, 3.1415, 0.0000, 0.0100, 0.0000, 0.0000,-0.7180,0
 0.0000, 0.0000, 0.0376, 3.1415, 0.0000, 0.0020, 0.0000, 0.0000,-0.7180,0
 0.0000, 0.0000, 0.0376, 3.1415, 0.0000, 0.0004, 0.0000, 0.0000,-0.7180,0
 0.0000, 0.0000, 0.0376, 3.1415, 0.0000, 0.0000, 0.0000, 0.0000,-0.7180,0
 0.0000, 0.0000, 0.0345, 3.1415, 0.0000,-0.2513, 0.0000, 0.0000,-0.7180,0
 0.0000, 0.0000, 0.0345, 3.1415, 0.0000,-0.0502, 0.0000, 0.0000,-0.7180,0
 0.0000, 0.0000, 0.0345, 3.1415, 0.0000,-0.0100, 0.0000, 0.0000,-0.7180,0
 0.0000, 0.0000, 0.0345, 3.1415, 0.0000,-0.0020, 0.0000, 0.0000,-0.7180,0
 0.0000, 0.0000, 0.0345, 3.1415, 0.0000,-0.0004, 0.0000, 0.0000,-0.7180,0
 0.0000, 0.0000, 0.0345, 3.1415, 0.0000,-0.0000, 0.0000, 0.0000,-0.7180,0
 0.0000, 0.0000, 0.0314, 3.1415, 0.0000,-0.2513, 0.0000, 0.0000,-0.7180,0
 0.0000, 0.0000, 0.0314, 3.1415, 0.0000,-0.0502, 0.0000, 0.0000,-0.7180,0
 0.0000, 0.0000, 0.0314, 3.1415, 0.0000,-0.0100, 0.0000, 0.0000,-0.7180,0
 0.0000, 0.0000, 0.0282, 3.1415, 0.0000,-0.2533, 0.0000, 0.0000,-0.7180,0
 0.0000, 0.0000, 0.0282, 3.1415, 0.0000,-0.0506, 0.0000, 0.0000,-0.7180,0
 0.0000, 0.0000, 0.0251, 3.1415, 0.0000,-0.2614, 0.0000, 0.0000,-0.7180,0
 0.0000, 0.0000, 0.0251, 3.1415, 0.0000,-0.0522, 0.0000, 0.0000,-0.7180,0
 0.0000, 0.0000, 0.0219, 3.1415, 0.0000,-0.2617, 0.0000, 0.0000,-0.7180,0
 0.0000, 0.0000, 0.0219, 3.1415, 0.0000,-0.0523, 0.0000, 0.0000,-0.7180,0
 0.0000, 0.0000, 0.0188, 3.1415, 0.0000,-0.2617, 0.0000, 0.0000,-0.7180,0
 0.0000, 0.0000, 0.0188, 3.1415, 0.0000,-0.0523, 0.0000, 0.0000,-0.7180,0
 0.0000, 0.0000, 0.0157, 3.1415, 0.0000,-0.2617, 0.0000, 0.0000,-0.7180,0
 0.0000, 0.0000, 0.0157, 3.1415, 0.0000,-0.0523, 0.0000, 0.0000,-0.7180,0
 0.0000, 0.0000, 0.0125, 3.1415, 0.0000,-0.2617, 0.0000, 0.0000,-0.7180,0
 0.0000, 0.0000, 0.0125, 3.1415, 0.0000,-0.0523, 0.0000, 0.0000,-0.7180,0
 0.0000, 0.0000, 0.0094, 3.1415, 0.0000,-0.2617, 0.0000, 0.0000,-0.7180,0
 0.0000, 0.0000, 0.0062, 3.1415, 0.0000,-0.3036, 0.0000, 0.0000,-0.7180,0
 0.0000, 0.0000, 0.0062, 3.1415, 0.0000,-0.0607, 0.0000, 0.0000,-0.7180,0
 0.0000, 0.0000, 0.0031, 3.1415, 0.0000,-0.2634, 0.0000, 0.0000,-0.7180,0
 0.0000, 0.0000, 0.0000, 3.1415, 0.0000,-0.3040, 0.0000, 0.0000,-0.7180,0
 0.0000, 0.0000, 0.0000, 3.1415, 0.0000,-0.0608, 0.0000, 0.0000,-0.7180,0
 0.0000, 0.0000,-0.0031, 3.1415, 0.0000,-0.2634, 0.0000, 0.0000,-0.7180,0
 0.0000, 0.0000,-0.0031, 3.1415, 0.0000,-0.0526, 0.0000, 0.0000,-0.7180,0
 0.0000, 0.0000,-0.0062, 3.1415, 0.0000,-0.2618, 0.0000, 0.0000,-0.7180,0
 0.0000, 0.0000,-0.0062, 3.1415, 0.0000,-0.0523, 0.0000, 0.0000,-0.7180,0
 0.0000, 0.0000,-0.0094, 3.1415, 0.0000,-0.2618, 0.0000, 0.0000,-0.7180,0
 0.0000, 0.0000,-0.0125, 3.1415, 0.0000,-0.3036, 0.0000, 0.0000,-0.7180,0
 0.0000, 0.0000,-0.0125, 3.1415, 0.0000,-0.0607, 0.0000, 0.0000,-0.7180,0
 0.0000, 0.0000,-0.0157, 3.1415, 0.0000,-0.2634, 0.0000, 0.0000,-0.7180,0
 0.0000, 0.0000,-0.0188, 3.1415, 0.0000,-0.3040, 0.0000, 0.0000,-0.7180,0
 0.0000, 0.0000,-0.0188, 3.1415, 0.0000,-0.0608, 0.0000, 0.0000,-0.7180,0
 0.0000, 0.0000,-0.0219, 3.1415, 0.0000,-0.2634, 0.0000, 0.0000,-0.7180,0
 0.0000, 0.0000,-0.0219, 3.1415, 0.0000,-0.0526, 0.0000, 0.0000,-0.7180,0
 0.0000, 0.0000,-0.0251, 3.1415, 0.0000,-0.2618, 0.0000, 0.0000,-0.7180,0
 0.0000, 0.0000,-0.0251, 3.1415, 0.0000,-0.0523, 0.0000, 0.0000,-0.7180,0
 0.0000, 0.0000,-0.0251, 3.1415, 0.0000,-0.0104, 0.0000, 0.0000,-0.7180,0
 0.0000, 0.0000,-0.0282, 3.1415, 0.0000,-0.2534, 0.0000, 0.0000,-0.7180,0
 0.0000, 0.0000,-0.0282, 3.1415, 0.0000,-0.0506, 0.0000, 0.0000,-0.7180,0
 0.0000, 0.0000,-0.0282, 3.1415, 0.0000,-0.0101, 0.0000, 0.0000,-0.7180,0
 0.0000, 0.0000,-0.0314, 3.1415, 0.0000,-0.2533, 0.0000, 0.0000,-0.7180,0
 0.0000, 0.0000,-0.0314, 3.1415, 0.0000,-0.0506, 0.0000, 0.0000,-0.7180,0
 0.0000, 0.0000,-0.0314, 3.1415, 0.0000,-0.0101, 0.0000, 0.0000,-0.7180,0
 0.0000, 0.0000,-0.0345, 3.1415, 0.0000,-0.2533, 0.0000, 0.0000,-0.7180,0
 0.0000, 0.0000,-0.0345, 3.1415, 0.0000,-0.0506, 0.0000, 0.0000,-0.7180,0
 0.0000, 0.0000,-0.0345, 3.1415, 0.0000,-0.0101, 0.0000, 0.0000,-0.7180,0
 0.0000, 0.0000,-0.0345, 3.1415, 0.0000,-0.0020, 0.0000, 0.0000,-0.7180,0
 0.0000, 0.0000,-0.0345, 3.1415, 0.0000,-0.0004, 0.0000, 0.0000,-0.7180,0
 0.0000, 0.0000,-0.0345, 3.1415, 0.0000,-0.0000, 0.0000, 0.0000,-0.7180,0
 0.0000, 0.0000,-0.0345, 3.1415, 0.0000,-0.0000, 0.0000, 0.0000,-0.7180,0
 0.0000, 0.0000,-0.0345, 3.1415, 0.0000,-0.0000, 0.0000, 0.0000,-0.7180,0
 0.0000, 0.0000,-0.0345, 3.1415, 0.0000,-0.0000, 0.0000, 0.0000,-0.7180,0
 0.0000, 0.0000,-0.0345, 3.1415, 0.0000,-0.0000, 0.0000, 0.0000,-0.7180,0
 0.0000, 0.0000,-0.0345, 3.1415, 0.0000,-0.0000, 0.0000, 0.0000,-0.7180,0
 0.0000, 0.0000,-0.0345, 3.1415, 0.0000,-0.0000, 0.0000, 0.0000,-0.7180,0
 0.0000, 0.0000,-0.0314, 3.1415, 0.0000, 0.2513, 0.0000, 0.0000,-0.7180,0
 0.0000, 0.0000,-0.0314, 3.1415, 0.0000, 0.0502, 0.0000, 0.0000,-0.7180,0
 0.0000, 0.0000,-0.0314, 3.1415, 0.0000, 0.0100, 0.0000, 0.0000,-0.7180,0
 0.0000, 0.0000,-0.0314, 3.1415, 0.0000, 0.0020, 0.0000, 0.0000,-0.7180,0
 0.0000, 0.0000,-0.0282, 3.1415, 0.0000, 0.2517, 0.0000, 0.0000,-0.7180,0
 0.0000, 0.0000,-0.0282, 3.1415, 0.0000, 0.0503, 0.0000, 0.0000,-0.7180,0
 0.0000, 0.0000,-0.0282, 3.1415, 0.0000, 0.0100, 0.0000, 0.0000,-0.7180,0
 0.0000, 0.0000,-0.0251, 3.1415, 0.0000, 0.2533, 0.0000, 0.0000,-0.7180,0
 0.0000, 0.0000,-0.0251, 3.1415, 0.0000, 0.0506, 0.0000, 0.0000,-0.7180,0
 0.0000, 0.0000,-0.0251, 3.1415, 0.0000, 0.0101, 0.0000, 0.0000,-0.7180,0
 0.0000, 0.0000,-0.0219, 3.1415, 0.0000, 0.2533, 0.0000, 0.0000,-0.7180,0
 0.0000, 0.0000,-0.0219, 3.1415, 0.0000, 0.0506, 0.0000, 0.0000,-0.7180,0
 0.0000, 0.0000,-0.0188, 3.1415, 0.0000, 0.2614, 0.0000, 0.0000,-0.7180,0
 0.0000, 0.0000,-0.0188, 3.1415, 0.0000, 0.0522, 0.0000, 0.0000,-0.7180,0
 0.0000, 0.0000,-0.0157, 3.1415, 0.0000, 0.2617, 0.0000, 0.0000,-0.7180,0
 0.0000, 0.0000,-0.0125, 3.1415, 0.0000, 0.3036, 0.0000, 0.0000,-0.7180,0
 0.0000, 0.0000,-0.0125, 3.1415, 0.0000, 0.0607, 0.0000, 0.0000,-0.7180,0
 0.0000, 0.0000,-0.0094, 3.1415, 0.0000, 0.2634, 0.0000, 0.0000,-0.7180,0
 0.0000, 0.0000,-0.0094, 3.1415, 0.0000, 0.0526, 0.0000, 0.0000,-0.7180,0
 0.0000, 0.0000,-0.0062, 3.1415, 0.0000, 0.2618, 0.0000, 0.0000,-0.7180,0
 0.0000, 0.0000,-0.0062, 3.1415, 0.0000, 0.0523, 0.0000, 0.0000,-0.7180,0
 0.0000, 0.0000,-0.0031, 3.1415, 0.0000, 0.2618, 0.0000, 0.0000,-0.7180,0
 0.0000, 0.0000, 0.0000, 3.1415, 0.0000, 0.3036, 0.0000, 0.0000,-0.7180,0
 0.0000, 0.0000, 0.0000, 3.1415, 0.0000, 0.0607, 0.0000, 0.0000,-0.7180,0
 0.0000, 0.0000, 0.0031, 3.1415, 0.0000, 0.2634, 0.0000, 0.0000,-0.7180,0
 0.0000, 0.0000, 0.0062, 3.1415, 0.0000, 0.3040, 0.0000, 0.0000,-0.7180,0
 0.0000, 0.0000, 0.0062, 3.1415, 0.0000, 0.0608, 0.0000, 0.0000,-0.7180,0
 0.0000, 0.0000, 0.0094, 3.1415, 0.0000, 0.2634, 0.0000, 0.0000,-0.7180,0
 0.0000, 0.0000, 0.0094, 3.1415, 0.0000, 0.0526, 0.0000, 0.0000,-0.7180,0
 0.0000, 0.0000, 0.0125, 3.1415, 0.0000, 0.2618, 0.0000, 0.0000,-0.7180,0
 0.0000, 0.0000, 0.0125, 3.1415, 0.0000, 0.0523, 0.0000, 0.0000,-0.7180,0
 0.0000, 0.0000, 0.0157, 3.1415, 0.0000, 0.2618, 0.0000, 0.0000,-0.7180,0
 0.0000, 0.0000, 0.0188, 3.1415, 0.0000, 0.3036, 0.0000, 0.0000,-0.7180,0
 0.0000, 0.0000, 0.0188, 3.1415, 0.0000, 0.0607, 0.0000, 0.0000,-0.7180,0
 0.0000, 0.0000, 0.0219, 3.1415, 0.0000, 0.2634, 0.0000, 0.0000,-0.7180,0
 0.0000, 0.0000, 0.0219, 3.1415, 0.0000, 0.0526, 0.0000, 0.0000,-0.7180,0
 0.0000, 0.0000, 0.0251, 3.1415, 0.0000, 0.2618, 0.0000, 0.0000,-0.7180,0
 0.0000, 0.0000, 0.0251, 3.1415, 0.0000, 0.0523, 0.0000, 0.0000,-0.7180,0
 0.0000, 0.0000, 0.0251, 3.1415, 0.0000, 0.0104, 0.0000, 0.0000,-0.7180,0
 0.0000, 0.0000, 0.0282, 3.1415, 0.0000, 0.2534, 0.0000, 0.0000,-0.7180,0
 0.0000, 0.0000, 0.0282, 3.1415, 0.0000, 0.0506, 0.0000, 0.0000,-0.7180,0
 0.0000, 0.0000, 0.0314, 3.1415, 0.0000, 0.2614, 0.0000, 0.0000,-0.7180,0
 0.0000, 0.0000, 0.0314, 3.1415, 0.0000, 0.0522, 0.0000, 0.0000,-0.7180,0
 0.0000, 0.0000, 0.0314, 3.1415, 0.0000, 0.0104, 0.0000, 0.0000,-0.7180,0
 0.0000, 0.0000, 0.0314, 3.1415, 0.0000, 0.0020, 0.0000, 0.0000,-0.7180,0
 0.0000, 0.0000, 0.0345, 3.1415, 0.0000, 0.2517, 0.0000, 0.0000,-0.7180,0
 0.0000, 0.0000, 0.0345, 3.1415, 0.0000, 0.0503, 0.0000, 0.0000,-0.7180,0
 0.0000, 0.0000, 0.0345, 3.1415, 0.0000, 0.0100, 0.0000, 0.0000,-0.7180,0
 0.0000, 0.0000, 0.0345, 3.1415, 0.0000, 0.0020, 0.0000, 0.0000,-0.7180,0
 0.0000, 0.0000, 0.0345, 3.1415, 0.0000, 0.0004, 0.0000, 0.0000,-0.7180,0
 0.0000, 0.0000, 0.0345, 3.1415, 0.0000, 0.0000, 0.0000, 0.0000,-0.7180,0
 0.0000, 0.0000, 0.0345, 3.1415, 0.0000, 0.0000, 0.0000, 0.0000,-0.7180,0
 0.0000, 0.0000, 0.0345, 3.1415, 0.0000, 0.0000, 0.0000, 0.0000,-0.7180,0
 0.0000, 0.0000, 0.0345, 3.1415, 0.0000, 0.0000, 0.0000, 0.0000,-0.7180,0
 0.0000, 0.0000, 0.0345, 3.1415, 0.0000, 0.0000, 0.0000, 0.0000,-0.7180,0
 0.0000, 0.0000, 0.0345, 3.1415, 0.0000, 0.0000, 0.0000, 0.0000,-0.7180,0
 0.0000, 0.0000, 0.0345, 3.1415, 0.0000, 0.0000, 0.0000, 0.0000,-0.7180,0
 0.0000, 0.0000, 0.0345, 3.1415, 0.0000, 0.0000, 0.0000, 0.0000,-0.7180,0
 0.0000, 0.0000, 0.0314, 3.1415, 0.0000,-0.2513, 0.0000, 0.0000,-0.7180,0
 0.0000, 0.0000, 0.0314, 3.1415, 0.0000,-0.0502, 0.0000, 0.0000,-0.7180,0
 0.0000, 0.0000, 0.0314, 3.1415, 0.0000,-0.0100, 0.0000, 0.0000,-0.7180,0
 0.0000, 0.0000, 0.0314, 3.1415, 0.0000,-0.0020, 0.0000, 0.0000,-0.7180,0
 0.0000, 0.0000, 0.0282, 3.1415, 0.0000,-0.2517, 0.0000, 0.0000,-0.7180,0
 0.0000, 0.0000, 0.0282, 3.1415, 0.0000,-0.0503, 0.0000, 0.0000,-0.7180,0
 0.0000, 0.0000, 0.0282, 3.1415, 0.0000,-0.0100, 0.0000, 0.0000,-0.7180,0
 0.0000, 0.0000, 0.0251, 3.1415, 0.0000,-0.2533, 0.0000, 0.0000,-0.7180,0
 0.0000, 0.0000, 0.0251, 3.1415, 0.0000,-0.0506, 0.0000, 0.0000,-0.7180,0
 0.0000, 0.0000, 0.0219, 3.1415, 0.0000,-0.2614, 0.0000, 0.0000,-0.7180,0
 0.0000, 0.0000, 0.0219, 3.1415, 0.0000,-0.0522, 0.0000, 0.0000,-0.7180,0
 0.0000, 0.0000, 0.0188, 3.1415, 0.0000,-0.2617, 0.0000, 0.0000,-0.7180,0
 0.0000, 0.0000, 0.0188, 3.1415, 0.0000,-0.0523, 0.0000, 0.0000,-0.7180,0
 0.0000, 0.0000, 0.0157, 3.1415, 0.0000,-0.2617, 0.0000, 0.0000,-0.7180,0
 0.0000, 0.0000, 0.0157, 3.1415, 0.0000,-0.0523, 0.0000, 0.0000,-0.7180,0
 0.0000, 0.0000, 0.0125, 3.1415, 0.0000,-0.2617, 0.0000, 0.0000,-0.7180,0
 0.0000, 0.0000, 0.0125, 3.1415, 0.0000,-0.0523, 0.0000, 0.0000,-0.7180,0
 0.0000, 0.0000, 0.0094, 3.1415, 0.0000,-0.2617, 0.0000, 0.0000,-0.7180,0
 0.0000, 0.0000, 0.0094, 3.1415, 0.0000,-0.0523, 0.0000, 0.0000,-0.7180,0
 0.0000, 0.0000, 0.0062, 3.1415, 0.0000,-0.2617, 0.0000, 0.0000,-0.7180,0
 0.0000, 0.0000, 0.0031, 3.1415, 0.0000,-0.3036, 0.0000, 0.0000,-0.7180,0
 0.0000, 0.0000, 0.0031, 3.1415, 0.0000,-0.0607, 0.0000, 0.0000,-0.7180,0
 0.0000, 0.0000, 0.0000, 3.1415, 0.0000,-0.2634, 0.0000, 0.0000,-0.7180,0
 0.0000, 0.0000,-0.0031, 3.1415, 0.0000,-0.3040, 0.0000, 0.0000,-0.7180,0
 0.0000, 0.0000,-0.0031, 3.1415, 0.0000,-0.0608, 0.0000, 0.0000,-0.7180,0
 0.0000, 0.0000,-0.0062, 3.1415, 0.0000,-0.2634, 0.0000, 0.0000,-0.7180,0
 0.0000, 0.0000,-0.0062, 3.1415, 0.0000,-0.0526, 0.0000, 0.0000,-0.7180,0
 0.0000, 0.0000,-0.0094, 3.1415, 0.0000,-0.2618, 0.0000, 0.0000,-0.7180,0
 0.0000, 0.0000,-0.0125, 3.1415, 0.0000,-0.3037, 0.0000, 0.0000,-0.7180,0
 0.0000, 0.0000,-0.0125, 3.1415, 0.0000,-0.0607, 0.0000, 0.0000,-0.7180,0
 0.0000, 0.0000,-0.0157, 3.1415, 0.0000,-0.2634, 0.0000, 0.0000,-0.7180,0
 0.0000, 0.0000,-0.0157, 3.1415, 0.0000,-0.0526, 0.0000, 0.0000,-0.7180,0
 0.0000, 0.0000,-0.0188, 3.1415, 0.0000,-0.2618, 0.0000, 0.0000,-0.7180,0
 0.0000, 0.0000,-0.0188, 3.1415, 0.0000,-0.0523, 0.0000, 0.0000,-0.7180,0
 0.0000, 0.0000,-0.0219, 3.1415, 0.0000,-0.2618, 0.0000, 0.0000,-0.7180,0
 0.0000, 0.0000,-0.0219, 3.1415, 0.0000,-0.0523, 0.0000, 0.0000,-0.7180,0
 0.0000, 0.0000,-0.0251, 3.1415, 0.0000,-0.2617, 0.0000, 0.0000,-0.7180,0
 0.0000, 0.0000,-0.0251, 3.1415, 0.0000,-0.0523, 0.0000, 0.0000,-0.7180,0
 0.0000, 0.0000,-0.0251, 3.1415, 0.0000,-0.0104, 0.0000, 0.0000,-0.7180,0
 0.0000, 0.0000,-0.0282, 3.1415, 0.0000,-0.2534, 0.0000, 0.0000,-0.7180,0
 0.0000, 0.0000,-0.0282, 3.1415, 0.0000,-0.0506, 0.0000, 0.0000,-0.7180,0
 0.0000, 0.0000,-0.0282, 3.1415, 0.0000,-0.0101, 0.0000, 0.0000,-0.7180,0
 0.0000, 0.0000,-0.0314, 3.1415, 0.0000,-0.2533, 0.0000, 0.0000,-0.7180,0
 0.0000, 0.0000,-0.0314, 3.1415, 0.0000,-0.0506, 0.0000, 0.0000,-0.7180,0
 0.0000, 0.0000,-0.0314, 3.1415, 0.0000,-0.0101, 0.0000, 0.0000,-0.7180,0
 0.0000, 0.0000,-0.0314, 3.1415, 0.0000,-0.0020, 0.0000, 0.0000,-0.7180,0
 0.0000, 0.0000,-0.0345, 3.1415, 0.0000,-0.2517, 0.0000, 0.0000,-0.7180,0
 0.0000, 0.0000,-0.0345, 3.1415, 0.0000,-0.0503, 0.0000, 0.0000,-0.7180,0
 0.0000, 0.0000,-0.0345, 3.1415, 0.0000,-0.0100, 0.0000, 0.0000,-0.7180,0
 0.0000, 0.0000,-0.0345, 3.1415, 0.0000,-0.0020, 0.0000, 0.0000,-0.7180,0
 0.0000, 0.0000,-0.0345, 3.1415, 0.0000,-0.0004, 0.0000, 0.0000,-0.7180,0
 0.0000, 0.0000,-0.0345, 3.1415, 0.0000,-0.0000, 0.0000, 0.0000,-0.7180,0
 0.0000, 0.0000,-0.0345, 3.1415, 0.0000,-0.0000, 0.0000, 0.0000,-0.7180,0
 0.0000, 0.0000,-0.0345, 3.1415, 0.0000,-0.0000, 0.0000, 0.0000,-0.7180,0
 0.0000, 0.0000,-0.0345, 3.1415, 0.0000,-0.0000, 0.0000, 0.0000,-0.7180,0
 0.0000, 0.0000,-0.0345, 3.1415, 0.0000,-0.0000, 0.0000, 0.0000,-0.7180,0
 0.0000, 0.0000,-0.0314, 3.1415, 0.0000, 0.2513, 0.0000, 0.0000,-0.7180,0
 0.0000, 0.0000,-0.0314, 3.1415, 0.0000, 0.0502, 0.0000, 0.0000,-0.7180,0
 0.0000, 0.0000,-0.0314, 3.1415, 0.0000, 0.0100, 0.0000, 0.0000,-0.7180,0
 0.0000, 0.0000,-0.0314, 3.1415, 0.0000, 0.0020, 0.0000, 0.0000,-0.7180,0
 0.0000, 0.0000,-0.0282, 3.1415, 0.0000, 0.2517, 0.0000, 0.0000,-0.7180,0
 0.0000, 0.0000,-0.0282, 3.1415, 0.0000, 0.0503, 0.0000, 0.0000,-0.7180,0
 0.0000, 0.0000,-0.0282, 3.1415, 0.0000, 0.0100, 0.0000, 0.0000,-0.7180,0
 0.0000, 0.0000,-0.0251, 3.1415, 0.0000, 0.2533, 0.0000, 0.0000,-0.7180,0
 0.0000, 0.0000,-0.0251, 3.1415, 0.0000, 0.0506, 0.0000, 0.0000,-0.7180,0
 0.0000, 0.0000,-0.0251, 3.1415, 0.0000, 0.0101, 0.0000, 0.0000,-0.7180,0
 0.0000, 0.0000,-0.0219, 3.1415, 0.0000, 0.2533, 0.0000, 0.0000,-0.7180,0
 0.0000, 0.0000,-0.0219, 3.1415, 0.0000, 0.0506, 0.0000, 0.0000,-0.7180,0
 0.0000, 0.0000,-0.0188, 3.1415, 0.0000, 0.2614, 0.0000, 0.0000,-0.7180,0
 0.0000, 0.0000,-0.0188, 3.1415, 0.0000, 0.0522, 0.0000, 0.0000,-0.7180,0
 0.0000, 0.0000,-0.0157, 3.1415, 0.0000, 0.2617, 0.0000, 0.0000,-0.7180,0
 0.0000, 0.0000,-0.0157, 3.1415, 0.0000, 0.0523, 0.0000, 0.0000,-0.7180,0
 0.0000, 0.0000,-0.0125, 3.1415, 0.0000, 0.2617, 0.0000, 0.0000,-0.7180,0
 0.0000, 0.0000,-0.0094, 3.1415, 0.0000, 0.3036, 0.0000, 0.0000,-0.7180,0
 0.0000, 0.0000,-0.0094, 3.1415, 0.0000, 0.0607, 0.0000, 0.0000,-0.7180,0
 0.0000, 0.0000,-0.0062, 3.1415, 0.0000, 0.2634, 0.0000, 0.0000,-0.7180,0
 0.0000, 0.0000,-0.0062, 3.1415, 0.0000, 0.0526, 0.0000, 0.0000,-0.7180,0
 0.0000, 0.0000,-0.0031, 3.1415, 0.0000, 0.2618, 0.0000, 0.0000,-0.7180,0
 0.0000, 0.0000,-0.0031, 3.1415, 0.0000, 0.0523, 0.0000, 0.0000,-0.7180,0
 0.0000, 0.0000, 0.0000, 3.1415, 0.0000, 0.2618, 0.0000, 0.0000,-0.7180,0
 0.0000, 0.0000, 0.0031, 3.1415, 0.0000, 0.3036, 0.0000, 0.0000,-0.7180,0
 0.0000, 0.0000, 0.0031, 3.1415, 0.0000, 0.0607, 0.0000, 0.0000,-0.7180,0
 0.0000, 0.0000, 0.0062, 3.1415, 0.0000, 0.2634, 0.0000, 0.0000,-0.7180,0
 0.0000, 0.0000, 0.0094, 3.1415, 0.0000, 0.3040, 0.0000, 0.0000,-0.7180,0
 0.0000, 0.0000, 0.0094, 3.1415, 0.0000, 0.0608, 0.0000, 0.0000,-0.7180,0
 0.0000, 0.0000, 0.0125, 3.1415, 0.0000, 0.2634, 0.0000, 0.0000,-0.7180,0
 0.0000, 0.0000, 0.0125, 3.1415, 0.0000, 0.0526, 0.0000, 0.0000,-0.7180,0
 0.0000, 0.0000, 0.0157, 3.1415, 0.0000, 0.2618, 0.0000, 0.0000,-0.7180,0
 0.0000, 0.0000, 0.0157, 3.1415, 0.0000, 0.0523, 0.0000, 0.0000,-0.7180,0
 0.0000, 0.0000, 0.0188, 3.1415, 0.0000, 0.2618, 0.0000, 0.0000,-0.7180,0
 0.0000, 0.0000, 0.0188, 3.1415, 0.0000, 0.0523, 0.0000, 0.0000,-0.7180,0
 0.0000, 0.0000, 0.0219, 3.1415, 0.0000, 0.2617, 0.0000, 0.0000,-0.7180,0
 0.0000, 0.0000, 0.0219, 3.1415, 0.0000, 0.0523, 0.0000, 0.0000,-0.7180,0
 0.0000, 0.0000, 0.0251, 3.1415, 0.0000, 0.2617, 0.0000, 0.0000,-0.7180,0
 0.0000, 0.0000, 0.0251, 3.1415, 0.0000, 0.0523, 0.0000, 0.0000,-0.7180,0
 0.0000, 0.0000, 0.0251, 3.1415, 0.0000, 0.0104, 0.0000, 0.0000,-0.7180,0
 0.0000, 0.0000, 0.0282, 3.1415, 0.0000, 0.2534, 0.0000, 0.0000,-0.7180,0
 0.0000, 0.0000, 0.0282, 3.1415, 0.0000, 0.0506, 0.0000, 0.0000,-0.7180,0
 0.0000, 0.0000, 0.0282, 3.1415, 0.0000, 0.0101, 0.0000, 0.0000,-0.7180,0
 0.0000, 0.0000, 0.0314, 3.1415, 0.0000, 0.2533, 0.0000, 0.0000,-0.7180,0
 0.0000, 0.0000, 0.0314, 3.1415, 0.0000, 0.0506, 0.0000, 0.0000,-0.7180,0
 0.0000, 0.0000, 0.0314, 3.1415, 0.0000, 0.0101, 0.0000, 0.0000,-0.7180,0
 0.0000, 0.0000, 0.0314, 3.1415, 0.0000, 0.0020, 0.0000, 0.0000,-0.7180,0
 0.0000, 0.0000, 0.0345, 3.1415, 0.0000, 0.2517, 0.0000, 0.0000,-0.7180,0
 0.0000, 0.0000, 0.0345, 3.1415, 0.0000, 0.0503, 0.0000, 0.0000,-0.7180,0
 0.0000, 0.0000, 0.0345, 3.1415, 0.0000, 0.0100, 0.0000, 0.0000,-0.7180,0
 0.0000, 0.0000, 0.0345, 3.1415, 0.0000, 0.0020, 0.0000, 0.0000,-0.7180,0
 0.0000, 0.0000, 0.0345, 3.1415, 0.0000, 0.0004, 0.0000, 0.0000,-0.7180,0
 0.0000, 0.0000, 0.0345, 3.1415, 0.0000, 0.0000, 0.0000, 0.0000,-0.7180,0
 0.0000, 0.0000, 0.0345, 3.1415, 0.0000, 0.0000, 0.0000, 0.0000,-0.7180,0
 0.0000, 0.0000, 0.0345, 3.1415, 0.0000, 0.0000, 0.0000, 0.0000,-0.7180,0
 0.0000, 0.0000, 0.0345, 3.1415, 0.0000, 0.0000, 0.0000, 0.0000,-0.7180,0
 0.0000, 0.0000, 0.0345, 3.1415, 0.0000, 0.0000, 0.0000, 0.0000,-0.7180,0
 0.0000, 0.0000, 0.0345, 3.1415, 0.0000, 0.0000, 0.0000, 0.0000,-0.7180,0
 0.0000, 0.0000, 0.0314, 3.1415, 0.0000,-0.2513, 0.0000, 0.0000,-0.7180,0
 0.0000, 0.0000, 0.0314, 3.1415, 0.0000,-0.0502, 0.0000, 0.0000,-0.7180,0
 0.0000, 0.0000, 0.0314, 3.1415, 0.0000,-0.0100, 0.0000, 0.0000,-0.7180,0
 0.0000, 0.0000, 0.0314, 3.1415, 0.0000,-0.0020, 0.0000, 0.0000,-0.7180,0
 0.0000, 0.0000, 0.0282, 3.1415, 0.0000,-0.2517, 0.0000, 0.0000,-0.7180,0
 0.0000, 0.0000, 0.0282, 3.1415, 0.0000,-0.0503, 0.0000, 0.0000,-0.7180,0
 0.0000, 0.0000, 0.0251, 3.1415, 0.0000,-0.2613, 0.0000, 0.0000,-0.7180,0
 0.0000, 0.0000, 0.0251, 3.1415, 0.0000,-0.0522, 0.0000, 0.0000,-0.7180,0
 0.0000, 0.0000, 0.0251, 3.1415, 0.0000,-0.0104, 0.0000, 0.0000,-0.7180,0
 0.0000, 0.0000, 0.0219, 3.1415, 0.0000,-0.2534, 0.0000, 0.0000,-0.7180,0
 0.0000, 0.0000, 0.0219, 3.1415, 0.0000,-0.0506, 0.0000, 0.0000,-0.7180,0
 0.0000, 0.0000, 0.0188, 3.1415, 0.0000,-0.2614, 0.0000, 0.0000,-0.7180,0
 0.0000, 0.0000, 0.0188, 3.1415, 0.0000,-0.0522, 0.0000, 0.0000,-0.7180,0
 0.0000, 0.0000, 0.0157, 3.1415, 0.0000,-0.2617, 0.0000, 0.0000,-0.7180,0
 0.0000, 0.0000, 0.0157, 3.1415, 0.0000,-0.0523, 0.0000, 0.0000,-0.7180,0
 0.0000, 0.0000, 0.0125, 3.1415, 0.0000,-0.2617, 0.0000, 0.0000,-0.7180,0
 0.0000, 0.0000, 0.0125, 3.1415, 0.0000,-0.0523, 0.0000, 0.0000,-0.7180,0
 0.0000, 0.0000, 0.0094, 3.1415, 0.0000,-0.2617, 0.0000, 0.0000,-0.7180,0
 0.0000, 0.0000, 0.0094, 3.1415, 0.0000,-0.0523, 0.0000, 0.0000,-0.7180,0
 0.0000, 0.0000, 0.0062, 3.1415, 0.0000,-0.2617, 0.0000, 0.0000,-0.7180,0
 0.0000, 0.0000, 0.0031, 3.1415, 0.0000,-0.3036, 0.0000, 0.0000,-0.7180,0
 0.0000, 0.0000, 0.0031, 3.1415, 0.0000,-0.0607, 0.0000, 0.0000,-0.7180,0
 0.0000, 0.0000, 0.0000, 3.1415, 0.0000,-0.2634, 0.0000, 0.0000,-0.7180,0
 0.0000, 0.0000, 0.0000, 3.1415, 0.0000,-0.0526, 0.0000, 0.0000,-0.7180,0
 0.0000, 0.0000,-0.0031, 3.1415, 0.0000,-0.2618, 0.0000, 0.0000,-0.7180,0
 0.0000, 0.0000,-0.0031, 3.1415, 0.0000,-0.0523, 0.0000, 0.0000,-0.7180,0
 0.0000, 0.0000,-0.0062, 3.1415, 0.0000,-0.2618, 0.0000, 0.0000,-0.7180,0
 0.0000, 0.0000,-0.0094, 3.1415, 0.0000,-0.3036, 0.0000, 0.0000,-0.7180,0
 0.0000, 0.0000,-0.0094, 3.1415, 0.0000,-0.0607, 0.0000, 0.0000,-0.7180,0
 0.0000, 0.0000,-0.0125, 3.1415, 0.0000,-0.2634, 0.0000, 0.0000,-0.7180,0
 0.0000, 0.0000,-0.0125, 3.1415, 0.0000,-0.0526, 0.0000, 0.0000,-0.7180,0
 0.0000, 0.0000,-0.0157, 3.1415, 0.0000,-0.2618, 0.0000, 0.0000,-0.7180,0
 0.0000, 0.0000,-0.0157, 3.1415, 0.0000,-0.0523, 0.0000, 0.0000,-0.7180,0
 0.0000, 0.0000,-0.0188, 3.1415, 0.0000,-0.2618, 0.0000, 0.0000,-0.7180,0
 0.0000, 0.0000,-0.0188, 3.1415, 0.0000,-0.0523, 0.0000, 0.0000,-0.7180,0
 0.0000, 0.0000,-0.0219, 3.1415, 0.0000,-0.2617, 0.0000, 0.0000,-0.7180,0
 0.0000, 0.0000,-0.0219, 3.1415, 0.0000,-0.0523, 0.0000, 0.0000,-0.7180,0
 0.0000, 0.0000,-0.0251, 3.1415, 0.0000,-0.2617, 0.0000, 0.0000,-0.7180,0
 0.0000, 0.0000,-0.0251, 3.1415, 0.0000,-0.0523, 0.0000, 0.0000,-0.7180,0
 0.0000, 0.0000,-0.0251, 3.1415, 0.0000,-0.0104, 0.0000, 0.0000,-0.7180,0
 0.0000, 0.0000,-0.0282, 3.1415, 0.0000,-0.2534, 0.0000, 0.0000,-0.7180,0
 0.0000, 0.0000,-0.0282, 3.1415, 0.0000,-0.0506, 0.0000, 0.0000,-0.7180,0
 0.0000, 0.0000,-0.0282, 3.1415, 0.0000,-0.0101, 0.0000, 0.0000,-0.7180,0
 0.0000, 0.0000,-0.0314, 3.1415, 0.0000,-0.2533, 0.0000, 0.0000,-0.7180,0
 0.0000, 0.0000,-0.0314, 3.1415, 0.0000,-0.0506, 0.0000, 0.0000,-0.7180,0
 0.0000, 0.0000,-0.0314, 3.1415, 0.0000,-0.0101, 0.0000, 0.0000,-0.7180,0
 0.0000, 0.0000,-0.0314, 3.1415, 0.0000,-0.0020, 0.0000, 0.0000,-0.7180,0
 0.0000, 0.0000,-0.0314, 3.1415, 0.0000,-0.0004, 0.0000, 0.0000,-0.7180,0
 0.0000, 0.0000,-0.0345, 3.1415, 0.0000,-0.2514, 0.0000, 0.0000,-0.7180,0
 0.0000, 0.0000,-0.0345, 3.1415, 0.0000,-0.0502, 0.0000, 0.0000,-0.7180,0
 0.0000, 0.0000,-0.0345, 3.1415, 0.0000,-0.0100, 0.0000, 0.0000,-0.7180,0
 0.0000, 0.0000,-0.0345, 3.1415, 0.0000,-0.0020, 0.0000, 0.0000,-0.7180,0
 0.0000, 0.0000,-0.0345, 3.1415, 0.0000,-0.0004, 0.0000, 0.0000,-0.7180,0
 0.0000, 0.0000,-0.0345, 3.1415, 0.0000,-0.0000, 0.0000, 0.0000,-0.7180,0
 0.0000, 0.0000,-0.0314, 3.1415, 0.0000, 0.2513, 0.0000, 0.0000,-0.7180,0
 0.0000, 0.0000,-0.0314, 3.1415, 0.0000, 0.0502, 0.0000, 0.0000,-0.7180,0
 0.0000, 0.0000,-0.0314, 3.1415, 0.0000, 0.0100, 0.0000, 0.0000,-0.7180,0
 0.0000, 0.0000,-0.0314, 3.1415, 0.0000, 0.0020, 0.0000, 0.0000,-0.7180,0
 0.0000, 0.0000,-0.0314, 3.1415, 0.0000, 0.0004, 0.0000, 0.0000,-0.7180,0
 0.0000, 0.0000,-0.0314, 3.1415, 0.0000, 0.0000, 0.0000, 0.0000,-0.7180,0
 0.0000, 0.0000,-0.0282, 3.1415, 0.0000, 0.2513, 0.0000, 0.0000,-0.7180,0
 0.0000, 0.0000,-0.0282, 3.1415, 0.0000, 0.0502, 0.0000, 0.0000,-0.7180,0
 0.0000, 0.0000,-0.0282, 3.1415, 0.0000, 0.0100, 0.0000, 0.0000,-0.7180,0
 0.0000, 0.0000,-0.0251, 3.1415, 0.0000, 0.2533, 0.0000, 0.0000,-0.7180,0
 0.0000, 0.0000,-0.0251, 3.1415, 0.0000, 0.0506, 0.0000, 0.0000,-0.7180,0
 0.0000, 0.0000,-0.0251, 3.1415, 0.0000, 0.0101, 0.0000, 0.0000,-0.7180,0
 0.0000, 0.0000,-0.0219, 3.1415, 0.0000, 0.2533, 0.0000, 0.0000,-0.7180,0
 0.0000, 0.0000,-0.0219, 3.1415, 0.0000, 0.0506, 0.0000, 0.0000,-0.7180,0
 0.0000, 0.0000,-0.0188, 3.1415, 0.0000, 0.2614, 0.0000, 0.0000,-0.7180,0
 0.0000, 0.0000,-0.0188, 3.1415, 0.0000, 0.0522, 0.0000, 0.0000,-0.7180,0
 0.0000, 0.0000,-0.0157, 3.1415, 0.0000, 0.2617, 0.0000, 0.0000,-0.7180,0
 0.0000, 0.0000,-0.0157, 3.1415, 0.0000, 0.0523, 0.0000, 0.0000,-0.7180,0
 0.0000, 0.0000,-0.0125, 3.1415, 0.0000, 0.2617, 0.0000, 0.0000,-0.7180,0
 0.0000, 0.0000,-0.0125, 3.1415, 0.0000, 0.0523, 0.0000, 0.0000,-0.7180,0
 0.0000, 0.0000,-0.0094, 3.1415, 0.0000, 0.2617, 0.0000, 0.0000,-0.7180,0
 0.0000, 0.0000,-0.0094, 3.1415, 0.0000, 0.0523, 0.0000, 0.0000,-0.7180,0
 0.0000, 0.0000,-0.0062, 3.1415, 0.0000, 0.2617, 0.0000, 0.0000,-0.7180,0
 0.0000, 0.0000,-0.0031, 3.1415, 0.0000, 0.3036, 0.0000, 0.0000,-0.7180,0
 0.0000, 0.0000,-0.0031, 3.1415, 0.0000, 0.0607, 0.0000, 0.0000,-0.7180,0
 0.0000, 0.0000, 0.0000, 3.1415, 0.0000, 0.2634, 0.0000, 0.0000,-0.7180,0
 0.0000, 0.0000, 0.0000, 3.1415, 0.0000, 0.0526, 0.0000, 0.0000,-0.7180,0
 0.0000, 0.0000, 0.0031, 3.1415, 0.0000, 0.2618, 0.0000, 0.0000,-0.7180,0
 0.0000, 0.0000, 0.0031, 3.1415, 0.0000, 0.0523, 0.0000, 0.0000,-0.7180,0
 0.0000, 0.0000, 0.0062, 3.1415, 0.0000, 0.2618, 0.0000, 0.0000,-0.7180,0
 0.0000, 0.0000, 0.0094, 3.1415, 0.0000, 0.3036, 0.0000, 0.0000,-0.7180,0
 0.0000, 0.0000, 0.0094, 3.1415, 0.0000, 0.0607, 0.0000, 0.0000,-0.7180,0
 0.0000, 0.0000, 0.0125, 3.1415, 0.0000, 0.2634, 0.0000, 0.0000,-0.7180,0
 0.0000, 0.0000, 0.0125, 3.1415, 0.0000, 0.0526, 0.0000, 0.0000,-0.7180,0
 0.0000, 0.0000, 0.0157, 3.1415, 0.0000, 0.2618, 0.0000, 0.0000,-0.7180,0
 0.0000, 0.0000, 0.0157, 3.1415, 0.0000, 0.0523, 0.0000, 0.0000,-0.7180,0
 0.0000, 0.0000, 0.0188, 3.1415, 0.0000, 0.2618, 0.0000, 0.0000,-0.7180,0
 0.0000, 0.0000, 0.0188, 3.1415, 0.0000, 0.0523, 0.0000, 0.0000,-0.7180,0
 0.0000, 0.0000, 0.0219, 3.1415, 0.0000, 0.2617, 0.0000, 0.0000,-0.7180,0
 0.0000, 0.0000, 0.0219, 3.1415, 0.0000, 0.0523, 0.0000, 0.0000,-0.7180,0
 0.0000, 0.0000, 0.0251, 3.1415, 0.0000, 0.2617, 0.0000, 0.0000,-0.7180,0
 0.0000, 0.0000, 0.0251, 3.1415, 0.0000, 0.0523, 0.0000, 0.0000,-0.7180,0
 0.0000, 0.0000, 0.0251, 3.1415, 0.0000, 0.0104, 0.0000, 0.0000,-0.7180,0
 0.0000, 0.0000, 0.0282, 3.1415, 0.0000, 0.2534, 0.0000, 0.0000,-0.7180,0
 0.0000, 0.0000, 0.0282, 3.1415, 0.0000, 0.0506, 0.0000, 0.0000,-0.7180,0
 0.0000, 0.0000, 0.0282, 3.1415, 0.0000, 0.0101, 0.0000, 0.0000,-0.7180,0
 0.0000, 0.0000, 0.0314, 3.1415, 0.0000, 0.2533, 0.0000, 0.0000,-0.7180,0
 0.0000, 0.0000, 0.0314, 3.1415, 0.0000, 0.0506, 0.0000, 0.0000,-0.7180,0
 0.0000, 0.0000, 0.0314, 3.1415, 0.0000, 0.0101, 0.0000, 0.0000,-0.7180,0
 0.0000, 0.0000, 0.0314, 3.1415, 0.0000, 0.0020, 0.0000, 0.0000,-0.7180,0
 0.0000, 0.0000, 0.0314, 3.1415, 0.0000, 0.0004, 0.0000, 0.0000,-0.7180,0
 0.0000, 0.0000, 0.0345, 3.1415, 0.0000, 0.2514, 0.0000, 0.0000,-0.7180,0
 0.0000, 0.0000, 0.0345, 3.1415, 0.0000, 0.0502, 0.0000, 0.0000,-0.7180,0
 0.0000, 0.0000, 0.0345, 3.1415, 0.0000, 0.0100, 0.0000, 0.0000,-0.7180,0
 0.0000, 0.0000, 0.0345, 3.1415, 0.0000, 0.0020, 0.0000, 0.0000,-0.7180,0
 0.0000, 0.0000, 0.0345, 3.1415, 0.0000, 0.0004, 0.0000, 0.0000,-0.7180,0
 0.0000, 0.0000, 0.0345, 3.1415, 0.0000, 0.0000, 0.0000, 0.0000,-0.7180,0
 0.0000, 0.0000, 0.0345, 3.1415, 0.0000, 0.0000, 0.0000, 0.0000,-0.7180,0
 0.0000, 0.0000, 0.0314, 3.1415, 0.0000,-0.2513, 0.0000, 0.0000,-0.7180,0
 0.0000, 0.0000, 0.0314, 3.1415, 0.0000,-0.0502, 0.0000, 0.0000,-0.7180,0
 0.0000, 0.0000, 0.0314, 3.1415, 0.0000,-0.0100, 0.0000, 0.0000,-0.7180,0
 0.0000, 0.0000, 0.0314, 3.1415, 0.0000,-0.0020, 0.0000, 0.0000,-0.7180,0
 0.0000, 0.0000, 0.0314, 3.1415, 0.0000,-0.0004, 0.0000, 0.0000,-0.7180,0
 0.0000, 0.0000, 0.0282, 3.1415, 0.0000,-0.2514, 0.0000, 0.0000,-0.7180,0
 0.0000, 0.0000, 0.0282, 3.1415, 0.0000,-0.0502, 0.0000, 0.0000,-0.7180,0
 0.0000, 0.0000, 0.0282, 3.1415, 0.0000,-0.0100, 0.0000, 0.0000,-0.7180,0
 0.0000, 0.0000, 0.0251, 3.1415, 0.0000,-0.2533, 0.0000, 0.0000,-0.7180,0
 0.0000, 0.0000, 0.0251, 3.1415, 0.0000,-0.0506, 0.0000, 0.0000,-0.7180,0
 0.0000, 0.0000, 0.0251, 3.1415, 0.0000,-0.0101, 0.0000, 0.0000,-0.7180,0
 0.0000, 0.0000, 0.0219, 3.1415, 0.0000,-0.2533, 0.0000, 0.0000,-0.7180,0
 0.0000, 0.0000, 0.0219, 3.1415, 0.0000,-0.0506, 0.0000, 0.0000,-0.7180,0
 0.0000, 0.0000, 0.0188, 3.1415, 0.0000,-0.2614, 0.0000, 0.0000,-0.7180,0
 0.0000, 0.0000, 0.0188, 3.1415, 0.0000,-0.0522, 0.0000, 0.0000,-0.7180,0
 0.0000, 0.0000, 0.0157, 3.1415, 0.0000,-0.2617, 0.0000, 0.0000,-0.7180,0
 0.0000, 0.0000, 0.0157, 3.1415, 0.0000,-0.0523, 0.0000, 0.0000,-0.7180,0
 0.0000, 0.0000, 0.0125, 3.1415, 0.0000,-0.2617, 0.0000, 0.0000,-0.7180,0
 0.0000, 0.0000, 0.0125, 3.1415, 0.0000,-0.0523, 0.0000, 0.0000,-0.7180,0
 0.0000, 0.0000, 0.0094, 3.1415, 0.0000,-0.2617, 0.0000, 0.0000,-0.7180,0
 0.0000, 0.0000, 0.0094, 3.1415, 0.0000,-0.0523, 0.0000, 0.0000,-0.7180,0
 0.0000, 0.0000, 0.0062, 3.1415, 0.0000,-0.2617, 0.0000, 0.0000,-0.7180,0
 0.0000, 0.0000, 0.0062, 3.1415, 0.0000,-0.0523, 0.0000, 0.0000,-0.7180,0
 0.0000, 0.0000, 0.0031, 3.1415, 0.0000,-0.2617, 0.0000, 0.0000,-0.7180,0
 0.0000, 0.0000, 0.0000, 3.1415, 0.0000,-0.3036, 0.0000, 0.0000,-0.7180,0
 0.0000, 0.0000, 0.0000, 3.1415, 0.0000,-0.0607, 0.0000, 0.0000,-0.7180,0
 0.0000, 0.0000,-0.0031, 3.1415, 0.0000,-0.2634, 0.0000, 0.0000,-0.7180,0
 0.0000, 0.0000,-0.0031, 3.1415, 0.0000,-0.0526, 0.0000, 0.0000,-0.7180,0
 0.0000, 0.0000,-0.0062, 3.1415, 0.0000,-0.2618, 0.0000, 0.0000,-0.7180,0
 0.0000, 0.0000,-0.0062, 3.1415, 0.0000,-0.0523, 0.0000, 0.0000,-0.7180,0
 0.0000, 0.0000,-0.0094, 3.1415, 0.0000,-0.2618,-1.6109,-0.7171,-0.7173,0
-0.0000, 0.0000,-0.0094, 3.1415,-0.0060,-0.0523, 1.6069,-0.7180,-0.7166,0
 0.0000, 0.0000,-0.0125, 3.1415, 0.0048,-0.2617,-1.5309,-0.7170,-0.7159,0
-0.0000, 0.0000,-0.0157, 3.1415,-0.0050,-0.3036,-0.6128,-0.7167,-0.7152,0
-0.0002, 0.0000,-0.0157, 3.1415,-0.0131,-0.0607, 2.1154,-0.7179,-0.7145,0
-0.0002, 0.0000,-0.0157, 3.1415,-0.0026,-0.0121, 0.8709,-0.7180,-0.7137,0
-0.0000, 0.0000,-0.0188, 3.1415, 0.0116,-0.2537,-1.8179,-0.7170,-0.7130,0
-0.0000, 0.0000,-0.0188, 3.1415, 0.0023,-0.0507, 1.5105,-0.7179,-0.7123,0
 0.0000, 0.0000,-0.0219, 3.1415, 0.0065,-0.2614,-1.3443,-0.7169,-0.7116,0
-0.0000, 0.0000,-0.0219, 3.1415,-0.0047,-0.0522, 1.6574,-0.7178,-0.7109,0
 0.0000, 0.0000,-0.0251, 3.1415, 0.0051,-0.2617,-1.2319,-0.7169,-0.7101,0
-0.0000, 0.0000,-0.0251, 3.1415,-0.0050,-0.0523, 1.6821,-0.7178,-0.7094,0
-0.0000, 0.0000,-0.0251, 3.1415,-0.0010,-0.0104, 0.7216,-0.7178,-0.7087,0
 0.0000, 0.0000,-0.0282, 3.1415, 0.0119,-0.2534,-1.6081,-0.7169,-0.7080,0
 0.0001, 0.0000,-0.0282, 3.1415, 0.0084,-0.0506, 1.5535,-0.7177,-0.7073,0
 0.0001, 0.0000,-0.0314, 3.1415, 0.0016,-0.2614,-1.0908,-0.7167,-0.7066,0
 0.0000, 0.0000,-0.0314, 3.1415,-0.0057,-0.0522, 1.7066,-0.7176,-0.7058,0
 0.0001, 0.0000,-0.0314, 3.1415, 0.0049,-0.0104, 0.7299,-0.7177,-0.7051,0
 0.0003, 0.0000,-0.0314, 3.1415, 0.0131,-0.0020, 0.2315,-0.7177,-0.7044,0
 0.0004, 0.0000,-0.0314, 3.1415, 0.0147,-0.0004, 0.0695,-0.7177,-0.7037,0
 0.0006, 0.0000,-0.0345, 3.1415, 0.0150,-0.2514,-1.5609,-0.7167,-0.7030,0
 0.0007, 0.0000,-0.0345, 3.1415, 0.0151,-0.0502, 1.5492,-0.7176,-0.7022,0
 0.0009, 0.0000,-0.0345, 3.1415, 0.0151,-0.0100, 0.6843,-0.7176,-0.7015,0
 0.0010, 0.0000,-0.0345, 3.1415, 0.0151,-0.0020, 0.2149,-0.7176,-0.7008,0
 0.0012, 0.0000,-0.0376, 3.1415, 0.0212,-0.2517,-1.3743,-0.7166,-0.7001,0
 0.0013, 0.0000,-0.0376, 3.1415, 0.0103,-0.0503, 1.5798,-0.7175,-0.6994,0
 0.0015, 0.0000,-0.0376, 3.1415, 0.0141,-0.0100, 0.6872,-0.7175,-0.6987,0
 0.0017, 0.0000,-0.0376, 3.1415, 0.0210,-0.0020, 0.2168,-0.7175,-0.6979,0
 0.0020, 0.0000,-0.0376, 3.1415, 0.0284,-0.0004, 0.0670,-0.7175,-0.6972,0
 0.0022, 0.0000,-0.0376, 3.1415, 0.0238,-0.0000, 0.0186,-0.7175,-0.6965,0
 0.0027, 0.0000,-0.0376, 3.1415, 0.0411,-0.0000, 0.0196,-0.7175,-0.6958,0
 0.0032, 0.0000,-0.0376, 3.1415, 0.0506,-0.0000, 0.0215,-0.7175,-0.6951,0
 0.0038, 0.0000,-0.0408, 3.1415, 0.0586,-0.2513,-1.1234,-0.7166,-0.6943,0
 0.0043, 0.0000,-0.0408, 3.1415, 0.0481,-0.0502, 1.6355,-0.7174,-0.6936,0
 0.0048, 0.0000,-0.0408, 3.1415, 0.0520,-0.0100, 0.7042,-0.7174,-0.6929,0
 0.0054, 0.0000,-0.0408, 3.1415, 0.0589,-0.0020, 0.2242,-0.7174,-0.6922,0
 0.0060, 0.0000,-0.0408, 3.1415, 0.0602,-0.0004, 0.0656,-0.7174,-0.6915,0
 0.0066, 0.0000,-0.0408, 3.1415, 0.0605,-0.0000, 0.0184,-0.7174,-0.6908,0
 0.0074, 0.0000,-0.0439, 3.1415, 0.0727,-0.2513,-0.9158,-0.7165,-0.6900,0
 0.0080, 0.0000,-0.0439, 3.1415, 0.0630,-0.0502, 1.6652,-0.7173,-0.6893,0
 0.0087, 0.0000,-0.0439, 3.1415, 0.0732,-0.0100, 0.7024,-0.7173,-0.6886,0
 0.0093, 0.0000,-0.0439, 3.1415, 0.0631,-0.0020, 0.2003,-0.7173,-0.6879,0
 0.0100, 0.0000,-0.0439, 3.1415, 0.0672,-0.0004, 0.0421,-0.7173,-0.6872,0
 0.0107, 0.0000,-0.0439, 3.1415, 0.0680,-0.0000,-0.0054,-0.7173,-0.6864,0
 0.0113, 0.0000,-0.0439, 3.1415, 0.0621,-0.0000,-0.0261,-0.7173,-0.6857,0
 0.0118, 0.0000,-0.0408, 3.1415, 0.0488, 0.2513, 0.6198,-0.7166,-0.6850,0
 0.0122, 0.0000,-0.0408, 3.1415, 0.0400, 0.0502,-1.7769,-0.7174,-0.6843,0
 0.0123, 0.0000,-0.0376, 3.1415, 0.0201, 0.2613,-0.1973,-0.7166,-0.6836,0
 0.0124, 0.0000,-0.0345, 3.1415, 0.0100, 0.3036,-1.4608,-0.7163,-0.6829,0
 0.0122, 0.0000,-0.0314, 3.1415,-0.0101, 0.3120,-2.0789,-0.7163,-0.6821,0
 0.0119, 0.0000,-0.0251, 3.1415,-0.0262, 0.5650,-1.4730,-0.7133,-0.6814,0
 0.0115, 0.0000,-0.0219, 3.1415,-0.0355, 0.3643,-4.1350,-0.7160,-0.6807,0
 0.0109, 0.0000,-0.0157, 3.1415,-0.0556, 0.5755,-2.4280,-0.7133,-0.6800,0
 0.0103, 0.0000,-0.0125, 3.1415,-0.0656, 0.3664,-4.5004,-0.7161,-0.6793,0
 0.0093, 0.0000,-0.0062, 3.1415,-0.0858, 0.5759,-2.6838,-0.7134,-0.6785,0
 0.0084, 0.0000, 0.0000, 3.1415,-0.0960, 0.6178,-3.8881,-0.7127,-0.6778,0
 0.0072, 0.0000, 0.0094, 3.1415,-0.1162, 0.8775,-3.0921,-0.7072,-0.6771,0
 0.0059, 0.0000, 0.0157, 3.1415,-0.1263, 0.6781,-4.6799,-0.7115,-0.6764,0
 0.0045, 0.0000, 0.0251, 3.1415,-0.1344, 0.8896,-4.1832,-0.7067,-0.6757,0
 0.0030, 0.0000, 0.0314, 3.1415,-0.1481, 0.6805,-4.6799,-0.7112,-0.6750,0
 0.0013, 0.0000, 0.0408, 3.1415,-0.1630, 0.8900,-4.4494,-0.7064,-0.6742,0
-0.0005, 0.0000, 0.0502, 3.1415,-0.1841, 0.9320,-4.6799,-0.7050,-0.6735,0
-0.0026, 0.0000, 0.0596, 3.1415,-0.2066, 0.9403,-4.6799,-0.7044,-0.6728,0
-0.0048, 0.0000, 0.0691, 3.1415,-0.2171, 0.9420,-4.6799,-0.7039,-0.6721,0
-0.0073, 0.0000, 0.0785, 3.1415,-0.2435, 0.9423,-4.6799,-0.7034,-0.6714,0
-0.0099, 0.0000, 0.0911, 3.1415,-0.2548, 1.1937,-3.8724,-0.6951,-0.6706,0
-0.0126, 0.0000, 0.1005, 3.1415,-0.2692, 0.9927,-4.6799,-0.7006,-0.6699,0
-0.0154, 0.0000, 0.1099, 3.1415,-0.2781, 0.9525,-4.6799,-0.7010,-0.6692,0
-0.0184, 0.0000, 0.1225, 3.1415,-0.2921, 1.1958,-3.9714,-0.6926,-0.6685,0
-0.0214, 0.0000, 0.1319, 3.1415,-0.3009, 0.9931,-4.6799,-0.6980,-0.6678,0
-0.0247, 0.0000, 0.1445, 3.1415,-0.3209, 1.2039,-4.2028,-0.6903,-0.6671,0
-0.0281, 0.0000, 0.1539, 3.1415,-0.3370, 0.9947,-4.6799,-0.6957,-0.6663,0
-0.0316, 0.0000, 0.1665, 3.1415,-0.3463, 1.2042,-3.9564,-0.6878,-0.6656,0
-0.0352, 0.0000, 0.1759, 3.1415,-0.3603, 0.9948,-4.6799,-0.6931,-0.6649,0
-0.0389, 0.0000, 0.1853, 3.1415,-0.3691, 0.9529,-4.6799,-0.6930,-0.6642,0
-0.0428, 0.0000, 0.1979, 3.1415,-0.3830, 1.1958,-2.9773,-0.6840,-0.6635,0
-0.0467, 0.0000, 0.2073, 3.1415,-0.3919, 0.9931,-4.6799,-0.6889,-0.6627,0
-0.0507, 0.0000, 0.2167, 3.1415,-0.3997, 0.9526,-4.6799,-0.6885,-0.6620,0
-0.0548, 0.0000, 0.2261, 3.1415,-0.4073, 0.9445,-4.6799,-0.6873,-0.6613,0
-0.0591, 0.0000, 0.2356, 3.1415,-0.4210, 0.9428,-4.6799,-0.6858,-0.6606,0
-0.0634, 0.0000, 0.2419, 3.1415,-0.4298, 0.6912,-4.6799,-0.6904,-0.6599,0
-0.0678, 0.0000, 0.2513, 3.1415,-0.4376, 0.8922,-3.0601,-0.6843,-0.6592,0
-0.0723, 0.0000, 0.2607, 3.1415,-0.4452, 0.9324,-3.5631,-0.6816,-0.6584,0
-0.0768, 0.0000, 0.2670, 3.1415,-0.4528, 0.6891,-4.6799,-0.6859,-0.6577,0
-0.0814, 0.0000, 0.2733, 3.1415,-0.4604, 0.6404,-4.2892,-0.6856,-0.6570,0
-0.0861, 0.0000, 0.2796, 3.1415,-0.4680, 0.6307,-3.5757,-0.6846,-0.6563,0
-0.0909, 0.0000, 0.2827, 3.1415,-0.4755, 0.3774,-4.4140,-0.6875,-0.6556,0
-0.0957, 0.0000, 0.2890, 3.1415,-0.4771, 0.5781,-1.6982,-0.6836,-0.6548,0
-0.1005, 0.0000, 0.2921, 3.1415,-0.4834, 0.3669,-3.5627,-0.6857,-0.6541,0
-0.1053, 0.0000, 0.2953, 3.1415,-0.4786, 0.3247,-2.3845,-0.6855,-0.6534,0
-0.1102, 0.0000, 0.2984, 3.1415,-0.4837, 0.3162,-1.8295,-0.6849,-0.6527,0
-0.1149, 0.0000, 0.2984, 3.1415,-0.4787, 0.0632,-2.2494,-0.6862,-0.6520,0
-0.1198, 0.0000, 0.2984, 3.1415,-0.4838, 0.0126,-0.5162,-0.6863,-0.6513,0
-0.1246, 0.0000, 0.2984, 3.1415,-0.4787, 0.0025, 0.2197,-0.6863,-0.6505,0
-0.1291, 0.0000, 0.2953, 3.1415,-0.4595,-0.2508, 0.0768,-0.6861,-0.6498,0
-0.1333, 0.0000, 0.2921, 3.1415,-0.4253,-0.3014, 1.9328,-0.6863,-0.6491,0
-0.1372, 0.0000, 0.2858, 3.1415,-0.4003,-0.5629, 2.2020,-0.6845,-0.6484,0
-0.1409, 0.0000, 0.2764, 3.1415,-0.3771,-0.8665, 3.1292,-0.6803,-0.6477,0
-0.1442, 0.0000, 0.2670, 3.1415,-0.3361,-0.9272, 4.6799,-0.6806,-0.6469,0
-0.1470, 0.0000, 0.2576, 3.1415,-0.2915,-0.9394, 4.6799,-0.6820,-0.6462,0
-0.1493, 0.0000, 0.2419, 3.1415,-0.2462,-1.4445, 2.7654,-0.6679,-0.6455,0
-0.1513, 0.0000, 0.2261, 3.1415,-0.2069,-1.5455, 4.6799,-0.6663,-0.6448,0
-0.1528, 0.0000, 0.2073, 3.1415,-0.1626,-1.8170, 2.6563,-0.6564,-0.6441,0
-0.1538, 0.0000, 0.1884, 3.1415,-0.1113,-1.8713, 4.6799,-0.6563,-0.6434,0
-0.1544, 0.0000, 0.1665, 3.1415,-0.0707,-2.1335,-0.8167,-0.6444,-0.6426,0
-0.1550, 0.0000, 0.1445, 3.1415,-0.0626,-2.1860, 0.8053,-0.6437,-0.6419,0
-0.1552, 0.0000, 0.1193, 3.1415,-0.0307,-2.4478,-4.6799,-0.6290,-0.6412,0
-0.1556, 0.0000, 0.0942, 3.1415,-0.0364,-2.5001,-4.6799,-0.6273,-0.6405,0
-0.1561, 0.0000, 0.0722, 3.1415,-0.0436,-2.2593, 4.6799,-0.6447,-0.6398,0
-0.1562, 0.0000, 0.0471, 3.1415,-0.0147,-2.4624,-3.7339,-0.6324,-0.6390,0
-0.1567, 0.0000, 0.0219, 3.1415,-0.0454,-2.5031,-3.7716,-0.6302,-0.6383,0
-0.1572, 0.0000,-0.0031, 3.1415,-0.0515,-2.5112,-3.1490,-0.6297,-0.6376,0
-0.1579, 0.0000,-0.0251, 3.1415,-0.0648,-2.2615, 4.6799,-0.6462,-0.6369,0
-0.1583, 0.0000,-0.0502, 3.1415,-0.0432,-2.4629,-2.2257,-0.6322,-0.6362,0
-0.1589, 0.0000,-0.0753, 3.1415,-0.0571,-2.5032,-3.1527,-0.6283,-0.6355,0
-0.1598, 0.0000,-0.0973, 3.1415,-0.0841,-2.2599, 4.6799,-0.6431,-0.6347,0
-0.1601, 0.0000,-0.1193, 3.1415,-0.0410,-2.2112, 4.6799,-0.6445,-0.6340,0
-0.1604, 0.0000,-0.1445, 3.1415,-0.0324,-2.4528,-4.2426,-0.6263,-0.6333,0
-0.1609, 0.0000,-0.1665, 3.1415,-0.0489,-2.2498, 4.6799,-0.6372,-0.6326,0
-0.1609, 0.0000,-0.1916, 3.1415,-0.0037,-2.4605,-4.6799,-0.6201,-0.6319,0
-0.1615, 0.0000,-0.2136, 3.1415,-0.0492,-2.2514, 2.6560,-0.6308,-0.6311,0
-0.1612, 0.0000,-0.2356, 3.1415, 0.0144,-2.2095, 1.7696,-0.6299,-0.6304,0
-0.1615, 0.0000,-0.2576, 3.1415,-0.0213,-2.2012, 0.1318,-0.6265,-0.6297,0
-0.1613, 0.0000,-0.2764, 3.1415, 0.0078,-1.9482, 4.6799,-0.6376,-0.6290,0
-0.1612, 0.0000,-0.2984, 3.1415, 0.0136,-2.1489,-2.7424,-0.6216,-0.6283,0
-0.1613, 0.0000,-0.3173, 3.1415,-0.0093,-1.9377, 3.6920,-0.6296,-0.6276,0
-0.1609, 0.0000,-0.3361, 3.1415, 0.0345,-1.8955, 2.3072,-0.6275,-0.6268,0
-0.1609, 0.0000,-0.3549, 3.1415, 0.0008,-1.8870, 0.5621,-0.6234,-0.6261,0
-0.1607, 0.0000,-0.3707, 3.1415, 0.0183,-1.6340, 4.6799,-0.6319,-0.6254,0
-0.1604, 0.0000,-0.3864, 3.1415, 0.0279,-1.5834, 3.8015,-0.6300,-0.6247,0
-0.1602, 0.0000,-0.4021, 3.1415, 0.0237,-1.5733, 2.2237,-0.6261,-0.6240,0
-0.1596, 0.0000,-0.4178, 3.1415, 0.0471,-1.5713, 0.9574,-0.6217,-0.6233,0
-0.1593, 0.0000,-0.4303, 3.1415, 0.0336,-1.3195, 4.6799,-0.6282,-0.6225,0
-0.1589, 0.0000,-0.4429, 3.1415, 0.0431,-1.2692, 3.1721,-0.6262,-0.6218,0
-0.1581, 0.0000,-0.4523, 3.1415, 0.0692,-1.0078, 4.6799,-0.6316,-0.6211,0
-0.1577, 0.0000,-0.4618, 3.1415, 0.0502,-0.9555, 3.8622,-0.6300,-0.6204,0
-0.1569, 0.0000,-0.4712, 3.1415, 0.0706,-0.9450, 2.8651,-0.6273,-0.6197,0
-0.1561, 0.0000,-0.4775, 3.1415, 0.0808,-0.6916, 4.6799,-0.6310,-0.6189,0
-0.1552, 0.0000,-0.4838, 3.1415, 0.0828,-0.6409, 3.4500,-0.6299,-0.6182,0
-0.1542, 0.0000,-0.4900, 3.1415, 0.1014,-0.6308, 2.7091,-0.6279,-0.6175,0
-0.1530, 0.0000,-0.4932, 3.1415, 0.1173,-0.3774, 4.2831,-0.6305,-0.6168,0
-0.1518, 0.0000,-0.4963, 3.1415, 0.1204,-0.3268, 2.8904,-0.6299,-0.6161,0
-0.1505, 0.0000,-0.4995, 3.1415, 0.1271,-0.3166, 2.2653,-0.6289,-0.6154,0
-0.1490, 0.0000,-0.4995, 3.1415, 0.1467,-0.0633, 3.5063,-0.6302,-0.6146,0
-0.1474, 0.0000,-0.4995, 3.1415, 0.1566,-0.0126, 2.1012,-0.6303,-0.6139,0
-0.1458, 0.0000,-0.4963, 3.1415, 0.1526, 0.2487, 2.7156,-0.6305,-0.6132,0
-0.1442, 0.0000,-0.4932, 3.1415, 0.1639, 0.3010, 1.0804,-0.6312,-0.6125,0
-0.1424, 0.0000,-0.4900, 3.1415, 0.1783, 0.3115, 0.3305,-0.6322,-0.6118,0
-0.1408, 0.0000,-0.4838, 3.1415, 0.1569, 0.5649, 1.2382,-0.6312,-0.6110,0
-0.1393, 0.0000,-0.4743, 3.1415, 0.1526, 0.8669, 1.2495,-0.6282,-0.6103,0
-0.1377, 0.0000,-0.4680, 3.1415, 0.1578, 0.6760,-2.8731,-0.6344,-0.6096,0
-0.1365, 0.0000,-0.4555, 3.1415, 0.1285, 1.1405, 1.0759,-0.6266,-0.6089,0
-0.1352, 0.0000,-0.4429, 3.1415, 0.1348, 1.2334,-1.7281,-0.6274,-0.6082,0
-0.1343, 0.0000,-0.4303, 3.1415, 0.0997, 1.2519,-3.8121,-0.6306,-0.6075,0
-0.1337, 0.0000,-0.4115, 3.1415, 0.0623, 1.7583, 2.8538,-0.6148,-0.6067,0
-0.1331, 0.0000,-0.3926, 3.1415, 0.0609, 1.8596,-0.2406,-0.6150,-0.6060,0
-0.1330, 0.0000,-0.3738, 3.1415, 0.0243, 1.8798,-3.2499,-0.6190,-0.6053,0
-0.1328, 0.0000,-0.3518, 3.1415, 0.0169, 2.1352, 1.1552,-0.6102,-0.6046,0
-0.1329, 0.0000,-0.3267, 3.1415,-0.0026, 2.4376, 4.6799,-0.5969,-0.6039,0
-0.1326, 0.0000,-0.3047, 3.1415, 0.0237, 2.2468,-4.6799,-0.6143,-0.6031,0
-0.1327, 0.0000,-0.2796, 3.1415,-0.0013, 2.4599, 1.3776,-0.6054,-0.6024,0
-0.1327, 0.0000,-0.2513, 3.1415,-0.0002, 2.7539, 4.6799,-0.5893,-0.6017,0
-0.1324, 0.0000,-0.2261, 3.1415, 0.0242, 2.5614,-3.5039,-0.6079,-0.6010,0
-0.1324, 0.0000,-0.2010, 3.1415,-0.0012, 2.5228,-4.6799,-0.6145,-0.6003,0
-0.1326, 0.0000,-0.1727, 3.1415,-0.0123, 2.7665, 2.8483,-0.6002,-0.5996,0
-0.1327, 0.0000,-0.1413, 3.1415,-0.0085, 3.0665, 4.6799,-0.5792,-0.5988,0
-0.1327, 0.0000,-0.1130, 3.1415,-0.0017, 2.8752, 0.2232,-0.5977,-0.5981,0
-0.1323, 0.0000,-0.0848, 3.1415, 0.0299, 2.8369,-2.6166,-0.6028,-0.5974,0
-0.1321, 0.0000,-0.0565, 3.1415, 0.0181, 2.8293,-3.8728,-0.6048,-0.5967,0
-0.1323, 0.0000,-0.0282, 3.1415,-0.0085, 2.8278,-4.6799,-0.6058,-0.5960,0
-0.1324, 0.0000, 0.0031, 3.1415,-0.0077, 3.0788, 4.6799,-0.5853,-0.5952,0
-0.1324, 0.0000, 0.0345, 3.1415,-0.0015, 3.1290, 4.6799,-0.5805,-0.5945,0
-0.1321, 0.0000, 0.0628, 3.1415, 0.0178, 2.8877,-4.6799,-0.5999,-0.5938,0
-0.1324, 0.0000, 0.0911, 3.1415,-0.0146, 2.8394,-4.6799,-0.6022,-0.5931,0
-0.1324, 0.0000, 0.1193, 3.1415,-0.0089, 2.8298,-4.2787,-0.6008,-0.5924,0
-0.1327, 0.0000, 0.1507, 3.1415,-0.0260, 3.0792, 4.6799,-0.5771,-0.5917,0
-0.1325, 0.0000, 0.1790, 3.1415, 0.0129, 2.8777,-0.3555,-0.5906,-0.5909,0
-0.1328, 0.0000, 0.2073, 3.1415,-0.0216, 2.8375, 0.3071,-0.5899,-0.5902,0
-0.1328, 0.0000, 0.2356, 3.1415,-0.0043, 2.8294, 2.4941,-0.5861,-0.5895,0
-0.1324, 0.0000, 0.2607, 3.1415, 0.0294, 2.5765,-4.6799,-0.6008,-0.5888,0
-0.1324, 0.0000, 0.2858, 3.1415, 0.0119, 2.5259,-4.6799,-0.5996,-0.5881,0
-0.1323, 0.0000, 0.3110, 3.1415, 0.0084, 2.5158,-3.2637,-0.5950,-0.5873,0
-0.1327, 0.0000, 0.3361, 3.1415,-0.0346, 2.5137,-0.6976,-0.5894,-0.5866,0
-0.1328, 0.0000, 0.3581, 3.1415,-0.0130, 2.2620,-4.6799,-0.6008,-0.5859,0
-0.1334, 0.0000, 0.3832, 3.1415,-0.0511, 2.4630, 3.9368,-0.5810,-0.5852,0
-0.1332, 0.0000, 0.4021, 3.1415, 0.0079, 2.0005,-4.6799,-0.6047,-0.5845,0
-0.1339, 0.0000, 0.4241, 3.1415,-0.0529, 2.1594,-0.8490,-0.5891,-0.5838,0
-0.1338, 0.0000, 0.4429, 3.1415,-0.0045, 1.9398,-4.6799,-0.5961,-0.5830,0
-0.1345, 0.0000, 0.4618, 3.1415,-0.0554, 1.8959,-3.4864,-0.5925,-0.5823,0
-0.1346, 0.0000, 0.4775, 3.1415,-0.0232, 1.6358,-4.6799,-0.6003,-0.5816,0
-0.1356, 0.0000, 0.4932, 3.1415,-0.0834, 1.5838,-4.6799,-0.5973,-0.5809,0
-0.1362, 0.0000, 0.5089, 3.1415,-0.0651, 1.5733,-2.8937,-0.5924,-0.5802,0
-0.1374, 0.0000, 0.5246, 3.1415,-0.1039, 1.5713,-1.3639,-0.5869,-0.5794,0
-0.1380, 0.0000, 0.5372, 3.1415,-0.0753, 1.3195,-4.3534,-0.5925,-0.5787,0
-0.1394, 0.0000, 0.5466, 3.1415,-0.1242, 1.0178,-4.6799,-0.5989,-0.5780,0
-0.1405, 0.0000, 0.5560, 3.1415,-0.1097, 0.9575,-3.4292,-0.5970,-0.5773,0
-0.1419, 0.0000, 0.5654, 3.1415,-0.1371, 0.9454,-2.2386,-0.5937,-0.5766,0
-0.1430, 0.0000, 0.5749, 3.1415,-0.1123, 0.9430,-1.4981,-0.5902,-0.5759,0
-0.1445, 0.0000, 0.5780, 3.1415,-0.1437, 0.4399,-4.6799,-0.5987,-0.5751,0
-0.1458, 0.0000, 0.5843, 3.1415,-0.1318, 0.5906,-0.6620,-0.5940,-0.5744,0
-0.1474, 0.0000, 0.5874, 3.1415,-0.1536, 0.3694,-2.0511,-0.5957,-0.5737,0
-0.1485, 0.0000, 0.5874, 3.1415,-0.1216, 0.0738,-1.8840,-0.5976,-0.5730,0
-0.1499, 0.0000, 0.5874, 3.1415,-0.1395, 0.0147,-0.0332,-0.5976,-0.5723,0
-0.1512, 0.0000, 0.5843, 3.1415,-0.1309,-0.2483,-0.0608,-0.5980,-0.5715,0
-0.1524, 0.0000, 0.5780, 3.1415,-0.1232,-0.5523, 0.7451,-0.5971,-0.5708,0
-0.1534, 0.0000, 0.5717, 3.1415,-0.0974,-0.6131, 3.0369,-0.5986,-0.5701,0
-0.1538, 0.0000, 0.5623, 3.1415,-0.0558,-0.8766, 2.9839,-0.5967,-0.5694,0
-0.1540, 0.0000, 0.5529, 3.1415,-0.0232,-0.9293, 4.6799,-0.5990,-0.5687,0
-0.1539, 0.0000, 0.5372, 3.1415, 0.0014,-1.4424, 1.8823,-0.5878,-0.5680,0
-0.1533, 0.0000, 0.5183, 3.1415, 0.0487,-1.7964, 0.9739,-0.5785,-0.5672,0
-0.1525, 0.0000, 0.4995, 3.1415, 0.0703,-1.8672, 4.6799,-0.5815,-0.5665,0
-0.1516, 0.0000, 0.4775, 3.1415, 0.0868,-2.1327, 1.7640,-0.5740,-0.5658,0
-0.1502, 0.0000, 0.4555, 3.1415, 0.1325,-2.1858, 4.6799,-0.5779,-0.5651,0
-0.1487, 0.0000, 0.4303, 3.1415, 0.1477,-2.4477, 0.5644,-0.5687,-0.5644,0
-0.1471, 0.0000, 0.4021, 3.1415, 0.1568,-2.7515,-4.6799,-0.5548,-0.5636,0
-0.1455, 0.0000, 0.3738, 3.1415, 0.1587,-2.8122,-3.0472,-0.5577,-0.5629,0
-0.1441, 0.0000, 0.3455, 3.1415, 0.1408,-2.8243, 1.4893,-0.5639,-0.5622,0
-0.1425, 0.0000, 0.3141, 3.1415, 0.1555,-3.0781,-4.6799,-0.5502,-0.5615,0
-0.1414, 0.0000, 0.2827, 3.1415, 0.1220,-3.1289,-4.6799,-0.5525,-0.5608,0
-0.1404, 0.0000, 0.2544, 3.1415, 0.1032,-2.8877, 4.6799,-0.5782,-0.5601,0
-0.1394, 0.0000, 0.2230, 3.1415, 0.0994,-3.0908, 3.9268,-0.5665,-0.5593,0
-0.1383, 0.0000, 0.1916, 3.1415, 0.1047,-3.1314, 4.6799,-0.5676,-0.5586,0
-0.1370, 0.0000, 0.1602, 3.1415, 0.1300,-3.1395, 4.6799,-0.5708,-0.5579,0
-0.1355, 0.0000, 0.1256, 3.1415, 0.1472,-3.3925,-4.6799,-0.5513,-0.5572,0
-0.1344, 0.0000, 0.0911, 3.1415, 0.1143,-3.4431,-4.6799,-0.5491,-0.5565,0
-0.1333, 0.0000, 0.0565, 3.1415, 0.1077,-3.4532,-3.3885,-0.5499,-0.5557,0
-0.1327, 0.0000, 0.0251, 3.1415, 0.0700,-3.2039, 4.6799,-0.5741,-0.5550,0
-0.1318, 0.0000,-0.0094, 3.1415, 0.0867,-3.4053, 0.6210,-0.5557,-0.5543,0
-0.1313, 0.0000,-0.0408, 3.1415, 0.0597,-3.1943, 4.6799,-0.5746,-0.5536,0
-0.1306, 0.0000,-0.0722, 3.1415, 0.0665,-3.1521, 4.6799,-0.5771,-0.5529,0
-0.1294, 0.0000,-0.1068, 3.1415, 0.1103,-3.3950,-0.5660,-0.5526,-0.5522,0
-0.1289, 0.0000,-0.1382, 3.1415, 0.0645,-3.1922, 4.6799,-0.5685,-0.5514,0
-0.1276, 0.0000,-0.1696, 3.1415, 0.1159,-3.1517, 4.6799,-0.5687,-0.5507,0
-0.1271, 0.0000,-0.2010, 3.1415, 0.0656,-3.1436, 4.6799,-0.5652,-0.5500,0
-0.1259, 0.0000,-0.2324, 3.1415, 0.1040,-3.1419, 4.6799,-0.5605,-0.5493,0
-0.1247, 0.0000,-0.2638, 3.1415, 0.1178,-3.1416, 4.6799,-0.5550,-0.5486,0
-0.1237, 0.0000,-0.2953, 3.1415, 0.1023,-3.1416, 1.9252,-0.5488,-0.5478,0
-0.1222, 0.0000,-0.3235, 3.1415, 0.1417,-2.8902, 4.6799,-0.5638,-0.5471,0
-0.1212, 0.0000,-0.3518, 3.1415, 0.1071,-2.8400, 4.6799,-0.5611,-0.5464,0
-0.1198, 0.0000,-0.3801, 3.1415, 0.1366,-2.8299, 4.6799,-0.5547,-0.5457,0
-0.1185, 0.0000,-0.4084, 3.1415, 0.1304,-2.8279, 2.5265,-0.5470,-0.5450,0
-0.1173, 0.0000,-0.4335, 3.1415, 0.1230,-2.5762, 4.6799,-0.5587,-0.5443,0
-0.1156, 0.0000,-0.4586, 3.1415, 0.1580,-2.5258, 4.6799,-0.5545,-0.5435,0
-0.1142, 0.0000,-0.4806, 3.1415, 0.1407,-2.2644, 4.6799,-0.5649,-0.5428,0
-0.1127, 0.0000,-0.5026, 3.1415, 0.1554,-2.2121, 4.6799,-0.5607,-0.5421,0
-0.1108, 0.0000,-0.5246, 3.1415, 0.1766,-2.2017, 4.6799,-0.5536,-0.5414,0
-0.1092, 0.0000,-0.5434, 3.1415, 0.1687,-1.9483, 4.6799,-0.5614,-0.5407,0
-0.1072, 0.0000,-0.5623, 3.1415, 0.1913,-1.8976, 4.6799,-0.5570,-0.5399,0
-0.1051, 0.0000,-0.5811, 3.1415, 0.2019,-1.8874, 4.6799,-0.5503,-0.5392,0
-0.1033, 0.0000,-0.5969, 3.1415, 0.1919,-1.6341, 4.6799,-0.5565,-0.5385,0
-0.1010, 0.0000,-0.6094, 3.1415, 0.2202,-1.3321, 4.6799,-0.5639,-0.5378,0
-0.0989, 0.0000,-0.6220, 3.1415, 0.2077,-1.2717, 4.6799,-0.5609,-0.5371,0
-0.0967, 0.0000,-0.6346, 3.1415, 0.2173,-1.2596, 4.6799,-0.5560,-0.5364,0
-0.0943, 0.0000,-0.6440, 3.1415, 0.2375,-1.0059, 4.6799,-0.5600,-0.5356,0
-0.0921, 0.0000,-0.6503, 3.1415, 0.2233,-0.7038, 4.6799,-0.5645,-0.5349,0
-0.0896, 0.0000,-0.6565, 3.1415, 0.2447,-0.6434, 4.6799,-0.5629,-0.5342,0
-0.0870, 0.0000,-0.6628, 3.1415, 0.2611,-0.6313, 3.9475,-0.5604,-0.5335,0
-0.0845, 0.0000,-0.6660, 3.1415, 0.2462,-0.3775, 4.5668,-0.5626,-0.5328,0
-0.0818, 0.0000,-0.6660, 3.1415, 0.2675,-0.0755, 3.7961,-0.5645,-0.5320,0
-0.0792, 0.0000,-0.6660, 3.1415, 0.2596,-0.0151, 1.8486,-0.5646,-0.5313,0
-0.0767, 0.0000,-0.6628, 3.1415, 0.2580, 0.2483, 1.5031,-0.5651,-0.5306,0
-0.0739, 0.0000,-0.6597, 3.1415, 0.2698, 0.3009,-0.1769,-0.5661,-0.5299,0
-0.0716, 0.0000,-0.6534, 3.1415, 0.2358, 0.5628,-0.5337,-0.5657,-0.5292,0
-0.0694, 0.0000,-0.6440, 3.1415, 0.2290, 0.8665,-1.6232,-0.5637,-0.5285,0
-0.0676, 0.0000,-0.6314, 3.1415, 0.1913, 1.1786,-2.7476,-0.5601,-0.5277,0
-0.0660, 0.0000,-0.6157, 3.1415, 0.1595, 1.4923,-3.3241,-0.5550,-0.5270,0
-0.0649, 0.0000,-0.6000, 3.1415, 0.1228, 1.5551,-4.6799,-0.5587,-0.5263,0
-0.0643, 0.0000,-0.5780, 3.1415, 0.0730, 2.0703,-0.6655,-0.5414,-0.5256,0
-0.0639, 0.0000,-0.5560, 3.1415, 0.0449, 2.1733,-4.6799,-0.5437,-0.5249,0
-0.0639, 0.0000,-0.5309, 3.1415, 0.0089, 2.4452,-1.6134,-0.5355,-0.5242,0
-0.0643, 0.0000,-0.5026, 3.1415,-0.0285, 2.7510, 3.9097,-0.5233,-0.5234,0
-0.0645, 0.0000,-0.4743, 3.1415,-0.0238, 2.8121,-0.7723,-0.5280,-0.5227,0
-0.0650, 0.0000,-0.4429, 3.1415,-0.0411, 3.0757, 4.6799,-0.5163,-0.5220,0
-0.0652, 0.0000,-0.4115, 3.1415,-0.0264, 3.1284, 1.9666,-0.5211,-0.5213,0
-0.0653, 0.0000,-0.3769, 3.1415,-0.0113, 3.3902, 4.6799,-0.5067,-0.5206,0
-0.0651, 0.0000,-0.3455, 3.1415, 0.0098, 3.1913,-4.6799,-0.5330,-0.5198,0
-0.0653, 0.0000,-0.3110, 3.1415,-0.0101, 3.4028, 0.9068,-0.5215,-0.5191,0
-0.0652, 0.0000,-0.2764, 3.1415, 0.0040, 3.4451,-2.6817,-0.5246,-0.5184,0
-0.0653, 0.0000,-0.2419, 3.1415,-0.0052, 3.4536,-4.6799,-0.5301,-0.5177,0
-0.0657, 0.0000,-0.2042, 3.1415,-0.0374, 3.7066, 4.6799,-0.5108,-0.5170,0
-0.0658, 0.0000,-0.1633, 3.1415,-0.0135, 4.0085, 4.6799,-0.4835,-0.5163,0
-0.0659, 0.0000,-0.1256, 3.1415,-0.0087, 3.8176, 4.6799,-0.5083,-0.5155,0
-0.0656, 0.0000,-0.0879, 3.1415, 0.0224, 3.7794,-0.2789,-0.5153,-0.5148,0
-0.0655, 0.0000,-0.0534, 3.1415, 0.0105, 3.5204,-4.6799,-0.5435,-0.5141,0
-0.0655, 0.0000,-0.0125, 3.1415, 0.0021, 3.9713, 4.6799,-0.4972,-0.5134,0
-0.0654, 0.0000, 0.0251, 3.1415, 0.0125, 3.8102,-1.7896,-0.5146,-0.5127,0
-0.0654, 0.0000, 0.0628, 3.1415,-0.0035, 3.7779,-3.8398,-0.5168,-0.5119,0
-0.0657, 0.0000, 0.1036, 3.1415,-0.0189, 4.0228, 4.6799,-0.4876,-0.5112,0
-0.0657, 0.0000, 0.1413, 3.1415,-0.0037, 3.8204, 1.9462,-0.5065,-0.5105,0
-0.0655, 0.0000, 0.1790, 3.1415, 0.0113, 3.7800, 2.0725,-0.5065,-0.5098,0
-0.0652, 0.0000, 0.2136, 3.1415, 0.0265, 3.5206,-4.6799,-0.5282,-0.5091,0
-0.0651, 0.0000, 0.2513, 3.1415, 0.0174, 3.7200, 4.6799,-0.5017,-0.5084,0
-0.0648, 0.0000, 0.2858, 3.1415, 0.0216, 3.5086,-4.6799,-0.5166,-0.5076,0
-0.0646, 0.0000, 0.3173, 3.1415, 0.0225, 3.2149,-4.6799,-0.5375,-0.5069,0
-0.0647, 0.0000, 0.3518, 3.1415,-0.0015, 3.4076,-2.3755,-0.5115,-0.5062,0
-0.0649, 0.0000, 0.3864, 3.1415,-0.0185, 3.4461, 4.6799,-0.4988,-0.5055,0
-0.0649, 0.0000, 0.4178, 3.1415,-0.0037, 3.2024,-4.6799,-0.5127,-0.5048,0
-0.0651, 0.0000, 0.4492, 3.1415,-0.0128, 3.1537,-2.8506,-0.5075,-0.5040,0
-0.0652, 0.0000, 0.4775, 3.1415,-0.0146, 2.8926,-4.6799,-0.5206,-0.5033,0
-0.0656, 0.0000, 0.5057, 3.1415,-0.0332, 2.8404,-4.6799,-0.5152,-0.5026,0
-0.0660, 0.0000, 0.5340, 3.1415,-0.0369, 2.8300,-2.2811,-0.5059,-0.5019,0
-0.0664, 0.0000, 0.5592, 3.1415,-0.0437, 2.5766,-4.6799,-0.5157,-0.5012,0
-0.0670, 0.0000, 0.5843, 3.1415,-0.0511, 2.5259,-4.6799,-0.5096,-0.5005,0
-0.0676, 0.0000, 0.6063, 3.1415,-0.0587, 2.2644,-4.6799,-0.5182,-0.4997,0
-0.0683, 0.0000, 0.6283, 3.1415,-0.0723, 2.2121,-4.6799,-0.5124,-0.4990,0
-0.0690, 0.0000, 0.6503, 3.1415,-0.0690, 2.2017,-2.0358,-0.5036,-0.4983,0
-0.0698, 0.0000, 0.6660, 3.1415,-0.0744, 1.6969,-4.6799,-0.5243,-0.4976,0
-0.0706, 0.0000, 0.6848, 3.1415,-0.0815, 1.8473,-2.8366,-0.5083,-0.4969,0
-0.0714, 0.0000, 0.6974, 3.1415,-0.0830, 1.3747,-4.6799,-0.5239,-0.4961,0
-0.0723, 0.0000, 0.7131, 3.1415,-0.0893, 1.5315,-2.8020,-0.5102,-0.4954,0
-0.0732, 0.0000, 0.7225, 3.1415,-0.0845, 1.0603,-4.6799,-0.5229,-0.4947,0
-0.0742, 0.0000, 0.7319, 3.1415,-0.0957, 0.9660,-4.6799,-0.5210,-0.4940,0
-0.0751, 0.0000, 0.7382, 3.1415,-0.0919, 0.6958,-4.6799,-0.5243,-0.4933,0
-0.0762, 0.0000, 0.7445, 3.1415,-0.1093, 0.6418,-3.2287,-0.5223,-0.4926,0
-0.0773, 0.0000, 0.7476, 3.1415,-0.1067, 0.3796,-3.3169,-0.5245,-0.4918,0
-0.0785, 0.0000, 0.7476, 3.1415,-0.1183, 0.0759,-2.3454,-0.5264,-0.4911,0
-0.0798, 0.0000, 0.7476, 3.1415,-0.1267, 0.0151,-0.4914,-0.5265,-0.4904,0
-0.0810, 0.0000, 0.7445, 3.1415,-0.1284,-0.2482,-0.0536,-0.5272,-0.4897,0
-0.0823, 0.0000, 0.7414, 3.1415,-0.1287,-0.3009, 1.5468,-0.5283,-0.4890,0
-0.0833, 0.0000, 0.7351, 3.1415,-0.1045,-0.5628, 2.0140,-0.5282,-0.4882,0
-0.0841, 0.0000, 0.7257, 3.1415,-0.0815,-0.8665, 3.2538,-0.5266,-0.4875,0
-0.0844, 0.0000, 0.7131, 3.1415,-0.0405,-1.1786, 4.5963,-0.5236,-0.4868,0
-0.0842, 0.0000, 0.6974, 3.1415, 0.0040,-1.4923, 4.6799,-0.5192,-0.4861,0
-0.0839, 0.0000, 0.6785, 3.1415, 0.0311,-1.8064, 4.6799,-0.5133,-0.4854,0
-0.0832, 0.0000, 0.6565, 3.1415, 0.0547,-2.1205, 4.6799,-0.5058,-0.4847,0
-0.0823, 0.0000, 0.6346, 3.1415, 0.0837,-2.1834, 4.6799,-0.5115,-0.4839,0
-0.0812, 0.0000, 0.6094, 3.1415, 0.1076,-2.4473, 4.6799,-0.5049,-0.4832,0
-0.0798, 0.0000, 0.5811, 3.1415, 0.1306,-2.7514, 2.9914,-0.4942,-0.4825,0
-0.0782, 0.0000, 0.5497, 3.1415, 0.1534,-3.0635,-3.3546,-0.4808,-0.4818,0
-0.0768, 0.0000, 0.5183, 3.1415, 0.1458,-3.1259, 2.3118,-0.4869,-0.4811,0
-0.0751, 0.0000, 0.4838, 3.1415, 0.1686,-3.3898,-4.6799,-0.4748,-0.4803,0
-0.0737, 0.0000, 0.4492, 3.1415, 0.1428,-3.4425,-0.0314,-0.4809,-0.4796,0
-0.0723, 0.0000, 0.4146, 3.1415, 0.1377,-3.4531, 4.6799,-0.4902,-0.4789,0
-0.0709, 0.0000, 0.3769, 3.1415, 0.1427,-3.7065,-4.2064,-0.4753,-0.4782,0
-0.0696, 0.0000, 0.3392, 3.1415, 0.1316,-3.7572, 0.6708,-0.4795,-0.4775,0
-0.0682, 0.0000, 0.3015, 3.1415, 0.1415,-3.7673, 4.6799,-0.4869,-0.4768,0
-0.0667, 0.0000, 0.2607, 3.1415, 0.1435,-4.0207,-4.6799,-0.4674,-0.4760,0
-0.0655, 0.0000, 0.2230, 3.1415, 0.1257,-3.8200, 4.6799,-0.4960,-0.4753,0
-0.0640, 0.0000, 0.1822, 3.1415, 0.1464,-4.0312, 1.9392,-0.4786,-0.4746,0
-0.0625, 0.0000, 0.1382, 3.1415, 0.1505,-4.3248,-4.6799,-0.4493,-0.4739,0
-0.0613, 0.0000, 0.0973, 3.1415, 0.1210,-4.1322, 3.5821,-0.4756,-0.4732,0
-0.0598, 0.0000, 0.0565, 3.1415, 0.1454,-4.0937, 4.6799,-0.4823,-0.4724,0
-0.0585, 0.0000, 0.0125, 3.1415, 0.1382,-4.3373,-4.6799,-0.4546,-0.4717,0
-0.0575, 0.0000,-0.0282, 3.1415, 0.1064,-4.1347, 4.6799,-0.4784,-0.4710,0
-0.0560, 0.0000,-0.0722, 3.1415, 0.1425,-4.3455,-4.6799,-0.4518,-0.4703,0
-0.0554, 0.0000,-0.1130, 3.1415, 0.0770,-4.1363, 4.6799,-0.4739,-0.4696,0
-0.0541, 0.0000,-0.1539, 3.1415, 0.1184,-4.0945, 4.6799,-0.4748,-0.4689,0
-0.0532, 0.0000,-0.1947, 3.1415, 0.0964,-4.0861, 3.1902,-0.4707,-0.4681,0
-0.0522, 0.0000,-0.2324, 3.1415, 0.0981,-3.8331, 4.6799,-0.4930,-0.4674,0
-0.0507, 0.0000,-0.2733, 3.1415, 0.1408,-4.0338,-2.8135,-0.4636,-0.4667,0
-0.0501, 0.0000,-0.3110, 3.1415, 0.0706,-3.8227, 4.6799,-0.4790,-0.4660,0
-0.0486, 0.0000,-0.3487, 3.1415, 0.1353,-3.7804, 4.6799,-0.4747,-0.4653,0
-0.0480, 0.0000,-0.3832, 3.1415, 0.0755,-3.5206, 4.6799,-0.4924,-0.4645,0
-0.0469, 0.0000,-0.4178, 3.1415, 0.1060,-3.4687, 4.6799,-0.4878,-0.4638,0
-0.0458, 0.0000,-0.4523, 3.1415, 0.1061,-3.4583, 4.6799,-0.4784,-0.4631,0
-0.0450, 0.0000,-0.4869, 3.1415, 0.0879,-3.4562, 4.2336,-0.4673,-0.4624,0
-0.0435, 0.0000,-0.5152, 3.1415, 0.1388,-2.9532, 4.6799,-0.5027,-0.4617,0
-0.0427, 0.0000,-0.5466, 3.1415, 0.0884,-3.1039, 4.6799,-0.4785,-0.4610,0
-0.0412, 0.0000,-0.5749, 3.1415, 0.1389,-2.8827, 4.6799,-0.4863,-0.4602,0
-0.0402, 0.0000,-0.6031, 3.1415, 0.1066,-2.8384, 4.6799,-0.4785,-0.4595,0
-0.0390, 0.0000,-0.6283, 3.1415, 0.1183,-2.5783, 4.6799,-0.4878,-0.4588,0
-0.0374, 0.0000,-0.6503, 3.1415, 0.1509,-2.2749, 4.6799,-0.4990,-0.4581,0
-0.0363, 0.0000,-0.6723, 3.1415, 0.1150,-2.2142, 4.6799,-0.4931,-0.4574,0
-0.0346, 0.0000,-0.6942, 3.1415, 0.1624,-2.2021, 4.6799,-0.4839,-0.4566,0
-0.0328, 0.0000,-0.7131, 3.1415, 0.1719,-1.9483, 4.6799,-0.4899,-0.4559,0
-0.0314, 0.0000,-0.7288, 3.1415, 0.1495,-1.6463, 4.6799,-0.4977,-0.4552,0
-0.0294, 0.0000,-0.7445, 3.1415, 0.1936,-1.5859, 4.6799,-0.4928,-0.4545,0
-0.0275, 0.0000,-0.7571, 3.1415, 0.1842,-1.3224, 4.6799,-0.4974,-0.4538,0
-0.0257, 0.0000,-0.7696, 3.1415, 0.1823,-1.2698, 4.6799,-0.4931,-0.4531,0
-0.0234, 0.0000,-0.7791, 3.1415, 0.2183,-1.0079, 4.6799,-0.4967,-0.4523,0
-0.0217, 0.0000,-0.7853, 3.1415, 0.1831,-0.7042, 4.6799,-0.5008,-0.4516,0
-0.0197, 0.0000,-0.7916, 3.1415, 0.1942,-0.6435, 4.6799,-0.4987,-0.4509,0
-0.0174, 0.0000,-0.7948, 3.1415, 0.2268,-0.3800, 4.6799,-0.5009,-0.4502,0
-0.0154, 0.0000,-0.7948, 3.1415, 0.2030,-0.0760, 3.2023,-0.5028,-0.4495,0
-0.0131, 0.0000,-0.7948, 3.1415, 0.2285,-0.0152, 1.2736,-0.5029,-0.4488,0
-0.0106, 0.0000,-0.7948, 3.1415, 0.2397,-0.0030, 0.5656,-0.5029,-0.4480,0
-0.0087, 0.0000,-0.7885, 3.1415, 0.2055, 0.5020,-0.4586,-0.5026,-0.4473,0
-0.0065, 0.0000,-0.7822, 3.1415, 0.2169, 0.6030,-3.4917,-0.5042,-0.4466,0
-0.0049, 0.0000,-0.7696, 3.1415, 0.1707, 1.1259,-4.6799,-0.4979,-0.4459,0
-0.0035, 0.0000,-0.7571, 3.1415, 0.1432, 1.2304,-4.6799,-0.5007,-0.4452,0
-0.0027, 0.0000,-0.7414, 3.1415, 0.0953, 1.5027,-4.6799,-0.4979,-0.4444,0
-0.0024, 0.0000,-0.7225, 3.1415, 0.0433, 1.8085,-4.6799,-0.4928,-0.4437,0
-0.0025, 0.0000,-0.6974, 3.1415, 0.0026, 2.3723,-4.6799,-0.4716,-0.4430,0
-0.0029, 0.0000,-0.6723, 3.1415,-0.0358, 2.4850,-4.6799,-0.4753,-0.4423,0
-0.0037, 0.0000,-0.6440, 3.1415,-0.0678, 2.7589,-4.6799,-0.4676,-0.4416,0
-0.0049, 0.0000,-0.6126, 3.1415,-0.1105, 3.0650,-4.4700,-0.4559,-0.4409,0
-0.0062, 0.0000,-0.5811, 3.1415,-0.1251, 3.1262,-4.6799,-0.4633,-0.4401,0
-0.0081, 0.0000,-0.5434, 3.1415,-0.1766, 3.6411, 4.6799,-0.4290,-0.4394,0
-0.0094, 0.0000,-0.5057, 3.1415,-0.1444, 3.7441, 4.6799,-0.4319,-0.4387,0
-0.0109, 0.0000,-0.4680, 3.1415,-0.1440, 3.7647,-1.8428,-0.4424,-0.4380,0
-0.0127, 0.0000,-0.4272, 3.1415,-0.1743, 4.0202, 4.6799,-0.4272,-0.4373,0
-0.0137, 0.0000,-0.3864, 3.1415,-0.1197, 4.0712, 4.3244,-0.4330,-0.4365,0
-0.0147, 0.0000,-0.3455, 3.1415,-0.1027, 4.0815,-4.2483,-0.4424,-0.4358,0
-0.0160, 0.0000,-0.3047, 3.1415,-0.1236, 4.0835,-4.6799,-0.4515,-0.4351,0
-0.0169, 0.0000,-0.2607, 3.1415,-0.0974, 4.3352, 4.6799,-0.4306,-0.4344,0
-0.0181, 0.0000,-0.2199, 3.1415,-0.1165, 4.1343,-4.6799,-0.4615,-0.4337,0
-0.0194, 0.0000,-0.1759, 3.1415,-0.1203, 4.3454,-4.6799,-0.4426,-0.4330,0
-0.0205, 0.0000,-0.1288, 3.1415,-0.1150, 4.6390, 4.6799,-0.4108,-0.4322,0
-0.0216, 0.0000,-0.0848, 3.1415,-0.1139, 4.4463,-4.6799,-0.4387,-0.4315,0
-0.0229, 0.0000,-0.0376, 3.1415,-0.1258, 4.6591, 4.6799,-0.4136,-0.4308,0
-0.0237, 0.0000, 0.0062, 3.1415,-0.0918, 4.4504,-4.6799,-0.4407,-0.4301,0
-0.0250, 0.0000, 0.0534, 3.1415,-0.1153, 4.6599, 4.6799,-0.4130,-0.4294,0
-0.0257, 0.0000, 0.0973, 3.1415,-0.0837, 4.4505,-4.6799,-0.4373,-0.4286,0
-0.0267, 0.0000, 0.1413, 3.1415,-0.0955, 4.4087,-4.6799,-0.4388,-0.4279,0
-0.0275, 0.0000, 0.1853, 3.1415,-0.0858, 4.4003,-4.6799,-0.4347,-0.4272,0
-0.0287, 0.0000, 0.2293, 3.1415,-0.1081, 4.3986,-2.1006,-0.4284,-0.4265,0
-0.0297, 0.0000, 0.2733, 3.1415,-0.1065, 4.3983, 4.0732,-0.4206,-0.4258,0
-0.0305, 0.0000, 0.3141, 3.1415,-0.0819, 4.1469,-4.6799,-0.4421,-0.4251,0
-0.0315, 0.0000, 0.3549, 3.1415,-0.0952, 4.0966,-4.6799,-0.4383,-0.4243,0
-0.0322, 0.0000, 0.3958, 3.1415,-0.0736, 4.0865,-4.6799,-0.4287,-0.4236,0
-0.0331, 0.0000, 0.4335, 3.1415,-0.0935, 3.8332,-4.6799,-0.4459,-0.4229,0
-0.0340, 0.0000, 0.4712, 3.1415,-0.0854, 3.7825,-4.6799,-0.4395,-0.4222,0
-0.0350, 0.0000, 0.5057, 3.1415,-0.0959, 3.5211,-4.6799,-0.4546,-0.4215,0
-0.0362, 0.0000, 0.5434, 3.1415,-0.1161, 3.7201, 0.4194,-0.4208,-0.4207,0
-0.0369, 0.0000, 0.5749, 3.1415,-0.0778, 3.2573,-4.6799,-0.4541,-0.4200,0
-0.0377, 0.0000, 0.6063, 3.1415,-0.0822, 3.1647,-4.6799,-0.4498,-0.4193,0
-0.0387, 0.0000, 0.6377, 3.1415,-0.0952, 3.1462,-4.6799,-0.4383,-0.4186,0
-0.0396, 0.0000, 0.6628, 3.1415,-0.0918, 2.6398,-4.6799,-0.4684,-0.4179,0
-0.0408, 0.0000, 0.6911, 3.1415,-0.1153, 2.7899,-4.6799,-0.4443,-0.4172,0
-0.0418, 0.0000, 0.7162, 3.1415,-0.1018, 2.5686,-4.6799,-0.4492,-0.4164,0
-0.0432, 0.0000, 0.7382, 3.1415,-0.1355, 2.2730,-4.6799,-0.4587,-0.4157,0
-0.0446, 0.0000, 0.7602, 3.1415,-0.1362, 2.2138,-4.6799,-0.4517,-0.4150,0
-0.0462, 0.0000, 0.7791, 3.1415,-0.1545, 1.9507,-4.6799,-0.4576,-0.4143,0
-0.0477, 0.0000, 0.7979, 3.1415,-0.1521, 1.8981,-4.6799,-0.4509,-0.4136,0
-0.0493, 0.0000, 0.8136, 3.1415,-0.1577, 1.6362,-4.6799,-0.4557,-0.4128,0
-0.0511, 0.0000, 0.8262, 3.1415,-0.1770, 1.3325,-4.6799,-0.4617,-0.4121,0
-0.0527, 0.0000, 0.8388, 3.1415,-0.1627, 1.2718,-4.6799,-0.4572,-0.4114,0
-0.0545, 0.0000, 0.8482, 3.1415,-0.1780, 1.0083,-4.6799,-0.4606,-0.4107,0
-0.0563, 0.0000, 0.8545, 3.1415,-0.1750, 0.7043,-4.6799,-0.4645,-0.4100,0
-0.0582, 0.0000, 0.8607, 3.1415,-0.1865, 0.6435,-4.6799,-0.4622,-0.4093,0
-0.0601, 0.0000, 0.8607, 3.1415,-0.1949, 0.1287,-3.9801,-0.4678,-0.4085,0
-0.0622, 0.0000, 0.8639, 3.1415,-0.2027, 0.2770,-1.6151,-0.4652,-0.4078,0
-0.0643, 0.0000, 0.8607, 3.1415,-0.2103,-0.1959,-0.8924,-0.4675,-0.4071,0
-0.0663, 0.0000, 0.8576, 3.1415,-0.1997,-0.2905, 1.6244,-0.4686,-0.4064,0
-0.0682, 0.0000, 0.8513, 3.1415,-0.1915,-0.5607, 3.2631,-0.4687,-0.4057,0
-0.0697, 0.0000, 0.8419, 3.1415,-0.1595,-0.8661, 4.6799,-0.4677,-0.4049,0
-0.0707, 0.0000, 0.8293, 3.1415,-0.1107,-1.1785, 4.6799,-0.4655,-0.4042,0
-0.0713, 0.0000, 0.8136, 3.1415,-0.0767,-1.4923, 4.6799,-0.4620,-0.4035,0
-0.0715, 0.0000, 0.7948, 3.1415,-0.0274,-1.8064, 4.6799,-0.4572,-0.4028,0
-0.0713, 0.0000, 0.7728, 3.1415, 0.0126,-2.1205, 4.6799,-0.4511,-0.4021,0
-0.0707, 0.0000, 0.7476, 3.1415, 0.0510,-2.4347, 4.6799,-0.4435,-0.4014,0
-0.0699, 0.0000, 0.7194, 3.1415, 0.0708,-2.7488, 4.6799,-0.4343,-0.4006,0
-0.0687, 0.0000, 0.6911, 3.1415, 0.1111,-2.8117, 4.6799,-0.4426,-0.3999,0
-0.0672, 0.0000, 0.6565, 3.1415, 0.1435,-3.3269, 3.8374,-0.4138,-0.3992,0
-0.0655, 0.0000, 0.6220, 3.1415, 0.1620,-3.4299, 4.6799,-0.4188,-0.3985,0
-0.0635, 0.0000, 0.5843, 3.1415, 0.1900,-3.7019, 3.2834,-0.4070,-0.3978,0
-0.0613, 0.0000, 0.5434, 3.1415, 0.2199,-4.0076,-4.6799,-0.3897,-0.3970,0
-0.0592, 0.0000, 0.5026, 3.1415, 0.2076,-4.0687,-0.5440,-0.3974,-0.3963,0
-0.0574, 0.0000, 0.4586, 3.1415, 0.1870,-4.3323,-4.6799,-0.3811,-0.3956,0
-0.0557, 0.0000, 0.4146, 3.1415, 0.1768,-4.3850,-4.6799,-0.3880,-0.3949,0
-0.0542, 0.0000, 0.3738, 3.1415, 0.1505,-4.1442, 4.6799,-0.4280,-0.3942,0
-0.0526, 0.0000, 0.3267, 3.1415, 0.1574,-4.5987,-4.6799,-0.3840,-0.3935,0
-0.0515, 0.0000, 0.2827, 3.1415, 0.1224,-4.4383, 4.6799,-0.4137,-0.3927,0
-0.0499, 0.0000, 0.2356, 3.1415, 0.1518,-4.6575, 0.4309,-0.3945,-0.3920,0
-0.0484, 0.0000, 0.1884, 3.1415, 0.1516,-4.7014, 3.6167,-0.3959,-0.3913,0
-0.0467, 0.0000, 0.1413, 3.1415, 0.1637,-4.7101, 4.6799,-0.4003,-0.3906,0
-0.0449, 0.0000, 0.0911, 3.1415, 0.1782,-4.9632,-4.6799,-0.3702,-0.3899,0
-0.0434, 0.0000, 0.0408, 3.1415, 0.1569,-5.0138,-4.6799,-0.3655,-0.3891,0
-0.0422, 0.0000,-0.0062, 3.1415, 0.1283,-4.7726, 4.6799,-0.3991,-0.3884,0
-0.0407, 0.0000,-0.0534, 3.1415, 0.1408,-4.7244, 4.6799,-0.4045,-0.3877,0
-0.0395, 0.0000,-0.1005, 3.1415, 0.1251,-4.7148, 4.6799,-0.4032,-0.3870,0
-0.0381, 0.0000,-0.1476, 3.1415, 0.1402,-4.7128, 4.6799,-0.3993,-0.3863,0
-0.0364, 0.0000,-0.1979, 3.1415, 0.1614,-4.9638,-4.6799,-0.3591,-0.3856,0
-0.0353, 0.0000,-0.2450, 3.1415, 0.1232,-4.7626,-3.1945,-0.3790,-0.3848,0
-0.0341, 0.0000,-0.2890, 3.1415, 0.1155,-4.4711, 4.6799,-0.4084,-0.3841,0
-0.0331, 0.0000,-0.3330, 3.1415, 0.1019,-4.4128, 4.6799,-0.4060,-0.3834,0
-0.0322, 0.0000,-0.3738, 3.1415, 0.0931,-4.1498, 4.6799,-0.4273,-0.3827,0
-0.0310, 0.0000,-0.4178, 3.1415, 0.1156,-4.3485, 4.6799,-0.3915,-0.3820,0
-0.0298, 0.0000,-0.4586, 3.1415, 0.1201,-4.1369, 4.6799,-0.4042,-0.3813,0
-0.0288, 0.0000,-0.4995, 3.1415, 0.1028,-4.0946, 4.6799,-0.3956,-0.3805,0
-0.0274, 0.0000,-0.5372, 3.1415, 0.1357,-3.8348, 4.6799,-0.4110,-0.3798,0
-0.0260, 0.0000,-0.5749, 3.1415, 0.1362,-3.7829, 4.6799,-0.4023,-0.3791,0
-0.0248, 0.0000,-0.6094, 3.1415, 0.1242,-3.5211, 4.6799,-0.4152,-0.3784,0
-0.0234, 0.0000,-0.6440, 3.1415, 0.1400,-3.4688, 4.6799,-0.4057,-0.3777,0
-0.0219, 0.0000,-0.6754, 3.1415, 0.1492,-3.2070, 4.6799,-0.4164,-0.3769,0
-0.0205, 0.0000,-0.7068, 3.1415, 0.1389,-3.1546, 4.6799,-0.4067,-0.3762,0
-0.0190, 0.0000,-0.7351, 3.1415, 0.1430,-2.8928, 4.6799,-0.4154,-0.3755,0
-0.0174, 0.0000,-0.7602, 3.1415, 0.1619,-2.5891, 4.6799,-0.4265,-0.3748,0
-0.0158, 0.0000,-0.7853, 3.1415, 0.1597,-2.5284, 4.6799,-0.4182,-0.3741,0
-0.0140, 0.0000,-0.8105, 3.1415, 0.1714,-2.5163, 4.6799,-0.4062,-0.3734,0
-0.0120, 0.0000,-0.8293, 3.1415, 0.1979,-2.0112, 4.6799,-0.4283,-0.3726,0
-0.0101, 0.0000,-0.8513, 3.1415, 0.1911,-2.1615, 4.6799,-0.4077,-0.3719,0
-0.0082, 0.0000,-0.8670, 3.1415, 0.1898,-1.6889, 4.6799,-0.4247,-0.3712,0
-0.0061, 0.0000,-0.8796, 3.1415, 0.2077,-1.3430, 4.6799,-0.4324,-0.3705,0
-0.0039, 0.0000,-0.8922, 3.1415, 0.2173,-1.2739, 4.6799,-0.4280,-0.3698,0
-0.0018, 0.0000,-0.9047, 3.1415, 0.2071,-1.2600, 4.6799,-0.4214,-0.3690,0
 0.0004, 0.0000,-0.9110, 3.1415, 0.2294,-0.7546, 4.6799,-0.4321,-0.3683,0
 0.0028, 0.0000,-0.9173, 3.1415, 0.2399,-0.6535, 4.6799,-0.4305,-0.3676,0
 0.0051, 0.0000,-0.9204, 3.1415, 0.2298,-0.3820, 4.6799,-0.4327,-0.3669,0
 0.0076, 0.0000,-0.9236, 3.1415, 0.2460,-0.3277, 3.4742,-0.4314,-0.3662,0
 0.0102, 0.0000,-0.9204, 3.1415, 0.2553, 0.1857, 1.5324,-0.4342,-0.3655,0
 0.0128, 0.0000,-0.9173, 3.1415, 0.2632, 0.2884,-1.2398,-0.4353,-0.3647,0
 0.0151, 0.0000,-0.9110, 3.1415, 0.2345, 0.5603,-3.1922,-0.4357,-0.3640,0
 0.0172, 0.0000,-0.9016, 3.1415, 0.2166, 0.8660,-4.6799,-0.4349,-0.3633,0
 0.0187, 0.0000,-0.8922, 3.1415, 0.1646, 0.9271,-4.6799,-0.4387,-0.3626,0
 0.0200, 0.0000,-0.8765, 3.1415, 0.1299, 1.4420,-4.6799,-0.4303,-0.3619,0
 0.0205, 0.0000,-0.8576, 3.1415, 0.0684, 1.7963,-4.6799,-0.4246,-0.3611,0
 0.0207, 0.0000,-0.8325, 3.1415, 0.0318, 2.3698,-4.6799,-0.4046,-0.3604,0
 0.0204, 0.0000,-0.8073, 3.1415,-0.0178, 2.4845,-4.6799,-0.4100,-0.3597,0
 0.0197, 0.0000,-0.7791, 3.1415,-0.0581, 2.7588,-4.6799,-0.4043,-0.3590,0
 0.0187, 0.0000,-0.7476, 3.1415,-0.0904, 3.0650,-4.6799,-0.3950,-0.3583,0
 0.0173, 0.0000,-0.7131, 3.1415,-0.1332, 3.3776,-4.6799,-0.3833,-0.3576,0
 0.0157, 0.0000,-0.6785, 3.1415,-0.1539, 3.4401,-4.6799,-0.3933,-0.3568,0
 0.0137, 0.0000,-0.6377, 3.1415,-0.1945, 3.9552, 3.6303,-0.3579,-0.3561,0
 0.0118, 0.0000,-0.5969, 3.1415,-0.1844, 4.0583,-3.0556,-0.3633,-0.3554,0
 0.0097, 0.0000,-0.5529, 3.1415,-0.2066, 4.3302, 4.6799,-0.3485,-0.3547,0
 0.0078, 0.0000,-0.5089, 3.1415,-0.1989, 4.3846,-1.3222,-0.3579,-0.3540,0
 0.0056, 0.0000,-0.4618, 3.1415,-0.2095, 4.6468, 4.6799,-0.3405,-0.3532,0
 0.0040, 0.0000,-0.4146, 3.1415,-0.1753, 4.6992, 4.6799,-0.3480,-0.3525,0
 0.0024, 0.0000,-0.3675, 3.1415,-0.1623, 4.7097,-4.6799,-0.3595,-0.3518,0
 0.0006, 0.0000,-0.3173, 3.1415,-0.1779, 4.9631, 4.6799,-0.3373,-0.3511,0
-0.0007, 0.0000,-0.2670, 3.1415,-0.1447, 5.0138, 4.6799,-0.3406,-0.3504,0
-0.0017, 0.0000,-0.2199, 3.1415,-0.1077, 4.7726,-4.6799,-0.3818,-0.3497,0
-0.0031, 0.0000,-0.1696, 3.1415,-0.1306, 4.9757,-4.6799,-0.3611,-0.3489,0
-0.0043, 0.0000,-0.1193, 3.1415,-0.1292, 5.0163,-4.6799,-0.3606,-0.3482,0
-0.0061, 0.0000,-0.0691, 3.1415,-0.1653, 5.0245,-4.6799,-0.3629,-0.3475,0
-0.0078, 0.0000,-0.0157, 3.1415,-0.1664, 5.2774, 4.6799,-0.3280,-0.3468,0
-0.0091, 0.0000, 0.0376, 3.1415,-0.1424, 5.3280, 4.6799,-0.3201,-0.3461,0
-0.0106, 0.0000, 0.0879, 3.1415,-0.1497, 5.0868,-4.6799,-0.3530,-0.3453,0
-0.0119, 0.0000, 0.1382, 3.1415,-0.1330, 5.0386,-4.6799,-0.3558,-0.3446,0
-0.0131, 0.0000, 0.1884, 3.1415,-0.1175, 5.0289,-4.6799,-0.3513,-0.3439,0
-0.0144, 0.0000, 0.2387, 3.1415,-0.1265, 5.0270,-1.4459,-0.3439,-0.3432,0
-0.0156, 0.0000, 0.2890, 3.1415,-0.1223, 5.0266, 4.6799,-0.3345,-0.3425,0
-0.0166, 0.0000, 0.3361, 3.1415,-0.1093, 4.7752,-4.6799,-0.3586,-0.3418,0
-0.0178, 0.0000, 0.3801, 3.1415,-0.1128, 4.4736,-4.6799,-0.3866,-0.3410,0
-0.0186, 0.0000, 0.4272, 3.1415,-0.0892, 4.6646,-4.6799,-0.3489,-0.3403,0
-0.0197, 0.0000, 0.4712, 3.1415,-0.1088, 4.4515,-4.6799,-0.3624,-0.3396,0
-0.0209, 0.0000, 0.5120, 3.1415,-0.1127, 4.1575,-4.6799,-0.3839,-0.3389,0
-0.0222, 0.0000, 0.5560, 3.1415,-0.1256, 4.3500,-4.6799,-0.3449,-0.3382,0
-0.0235, 0.0000, 0.5969, 3.1415,-0.1342, 4.1372,-4.6799,-0.3542,-0.3374,0
-0.0249, 0.0000, 0.6346, 3.1415,-0.1359, 3.8433,-4.6799,-0.3714,-0.3367,0
-0.0266, 0.0000, 0.6723, 3.1415,-0.1605, 3.7846,-4.6799,-0.3613,-0.3360,0
-0.0282, 0.0000, 0.7099, 3.1415,-0.1655, 3.7728,-4.6799,-0.3452,-0.3353,0
-0.0300, 0.0000, 0.7414, 3.1415,-0.1725, 3.2678,-4.6799,-0.3800,-0.3346,0
-0.0317, 0.0000, 0.7759, 3.1415,-0.1739, 3.4181,-4.6799,-0.3489,-0.3339,0
-0.0334, 0.0000, 0.8042, 3.1415,-0.1681, 2.9455,-4.6799,-0.3766,-0.3331,0
-0.0353, 0.0000, 0.8325, 3.1415,-0.1852, 2.8510,-4.6799,-0.3694,-0.3324,0
-0.0372, 0.0000, 0.8576, 3.1415,-0.1886, 2.5808,-4.6799,-0.3765,-0.3317,0
-0.0391, 0.0000, 0.8827, 3.1415,-0.1893, 2.5267,-4.6799,-0.3666,-0.3310,0
-0.0410, 0.0000, 0.9047, 3.1415,-0.1955, 2.2646,-4.6799,-0.3718,-0.3303,0
-0.0432, 0.0000, 0.9236, 3.1415,-0.2149, 1.9608,-4.6799,-0.3791,-0.3295,0
-0.0455, 0.0000, 0.9393, 3.1415,-0.2248, 1.6488,-4.6799,-0.3858,-0.3288,0
-0.0478, 0.0000, 0.9550, 3.1415,-0.2268, 1.5863,-4.6799,-0.3795,-0.3281,0
-0.0502, 0.0000, 0.9676, 3.1415,-0.2394, 1.3225,-4.6799,-0.3828,-0.3274,0
-0.0525, 0.0000, 0.9801, 3.1415,-0.2358, 1.2698,-4.6799,-0.3773,-0.3267,0
-0.0551, 0.0000, 0.9864, 3.1415,-0.2472, 0.7566,-4.6799,-0.3881,-0.3260,0
-0.0577, 0.0000, 0.9927, 3.1415,-0.2616, 0.6539,-4.6799,-0.3863,-0.3252,0
-0.0603, 0.0000, 0.9958, 3.1415,-0.2584, 0.3821,-4.0911,-0.3884,-0.3245,0
-0.0631, 0.0000, 0.9958, 3.1415,-0.2760, 0.0764,-2.1780,-0.3903,-0.3238,0
-0.0657, 0.0000, 0.9927, 3.1415,-0.2674,-0.2360, 0.1382,-0.3915,-0.3231,0
-0.0683, 0.0000, 0.9896, 3.1415,-0.2596,-0.2985, 1.9553,-0.3930,-0.3224,0
-0.0707, 0.0000, 0.9801, 3.1415,-0.2398,-0.8136, 3.9255,-0.3906,-0.3216,0
-0.0723, 0.0000, 0.9707, 3.1415,-0.1813,-0.9167, 4.6799,-0.3937,-0.3209,0
-0.0738, 0.0000, 0.9550, 3.1415,-0.1575,-1.4399, 4.6799,-0.3857,-0.3202,0
-0.0748, 0.0000, 0.9393, 3.1415,-0.1103,-1.5446, 4.6799,-0.3905,-0.3195,0
-0.0753, 0.0000, 0.9173, 3.1415,-0.0584,-2.0682, 4.6799,-0.3766,-0.3188,0
-0.0752, 0.0000, 0.8953, 3.1415,-0.0056,-2.1729, 4.6799,-0.3828,-0.3181,0
-0.0748, 0.0000, 0.8670, 3.1415, 0.0352,-2.6965, 4.6799,-0.3628,-0.3173,0
-0.0740, 0.0000, 0.8356, 3.1415, 0.0676,-3.0525, 4.6799,-0.3511,-0.3166,0
-0.0729, 0.0000, 0.8042, 3.1415, 0.1044,-3.1237, 4.6799,-0.3614,-0.3159,0
-0.0714, 0.0000, 0.7665, 3.1415, 0.1361,-3.6406, 4.6799,-0.3316,-0.3152,0
-0.0696, 0.0000, 0.7288, 3.1415, 0.1727,-3.7440, 4.6799,-0.3394,-0.3145,0
-0.0676, 0.0000, 0.6848, 3.1415, 0.1982,-4.2673,-4.6799,-0.3012,-0.3138,0
-0.0655, 0.0000, 0.6408, 3.1415, 0.2033,-4.3720,-4.6799,-0.3079,-0.3130,0
-0.0636, 0.0000, 0.5969, 3.1415, 0.1922,-4.3929, 4.6799,-0.3237,-0.3123,0
-0.0614, 0.0000, 0.5497, 3.1415, 0.2142,-4.6485,-4.2835,-0.3097,-0.3116,0
-0.0596, 0.0000, 0.5026, 3.1415, 0.1883,-4.6996, 4.6799,-0.3200,-0.3109,0
-0.0573, 0.0000, 0.4523, 3.1415, 0.2195,-4.9611,-4.6799,-0.3012,-0.3102,0
-0.0555, 0.0000, 0.3989, 3.1415, 0.1894,-5.2647,-4.6799,-0.2736,-0.3094,0
-0.0538, 0.0000, 0.3487, 3.1415, 0.1712,-5.0741, 4.6799,-0.3144,-0.3087,0
-0.0519, 0.0000, 0.2953, 3.1415, 0.1919,-5.2874,-4.6799,-0.2956,-0.3080,0
-0.0503, 0.0000, 0.2419, 3.1415, 0.1657,-5.3300,-4.6799,-0.2994,-0.3073,0
-0.0488, 0.0000, 0.1884, 3.1415, 0.1483,-5.3385,-0.6076,-0.3063,-0.3066,0
-0.0478, 0.0000, 0.1350, 3.1415, 0.1145,-5.3402, 4.6799,-0.3122,-0.3059,0
-0.0464, 0.0000, 0.0816, 3.1415, 0.1320,-5.3406, 4.6799,-0.3163,-0.3051,0
-0.0450, 0.0000, 0.0282, 3.1415, 0.1355,-5.3406, 4.6799,-0.3184,-0.3044,0
-0.0436, 0.0000,-0.0251, 3.1415, 0.1423,-5.3407, 4.6799,-0.3185,-0.3037,0
-0.0422, 0.0000,-0.0816, 3.1415, 0.1436,-5.5920,-4.6799,-0.2779,-0.3030,0
-0.0410, 0.0000,-0.1350, 3.1415, 0.1257,-5.3909, 4.6799,-0.3046,-0.3023,0
-0.0394, 0.0000,-0.1884, 3.1415, 0.1464,-5.3507, 4.6799,-0.3045,-0.3015,0
-0.0380, 0.0000,-0.2419, 3.1415, 0.1444,-5.3427,-2.1557,-0.2975,-0.3008,0
-0.0370, 0.0000,-0.2921, 3.1415, 0.1077,-5.0897, 4.6799,-0.3249,-0.3001,0
-0.0358, 0.0000,-0.3424, 3.1415, 0.1185,-5.0391, 4.6799,-0.3208,-0.2994,0
-0.0344, 0.0000,-0.3926, 3.1415, 0.1328,-5.0290, 4.6799,-0.3093,-0.2987,0
-0.0331, 0.0000,-0.4429, 3.1415, 0.1296,-5.0270,-1.1548,-0.2949,-0.2980,0
-0.0322, 0.0000,-0.4900, 3.1415, 0.0986,-4.7753, 4.6799,-0.3143,-0.2972,0
-0.0310, 0.0000,-0.5340, 3.1415, 0.1167,-4.4736, 4.6799,-0.3379,-0.2965,0
-0.0299, 0.0000,-0.5811, 3.1415, 0.1143,-4.6646, 0.5404,-0.2955,-0.2958,0
-0.0288, 0.0000,-0.6220, 3.1415, 0.1077,-4.2001, 4.6799,-0.3366,-0.2951,0
-0.0278, 0.0000,-0.6628, 3.1415, 0.1064,-4.1072, 4.6799,-0.3298,-0.2944,0
-0.0267, 0.0000,-0.7005, 3.1415, 0.1061,-3.8373, 4.6799,-0.3428,-0.2936,0
-0.0257, 0.0000,-0.7382, 3.1415, 0.1000,-3.7834, 4.6799,-0.3307,-0.2929,0
-0.0245, 0.0000,-0.7728, 3.1415, 0.1170,-3.5212, 4.6799,-0.3405,-0.2922,0
-0.0234, 0.0000,-0.8073, 3.1415, 0.1143,-3.4688, 4.6799,-0.3280,-0.2915,0
-0.0223, 0.0000,-0.8356, 3.1415, 0.1077,-2.9557, 4.6799,-0.3593,-0.2908,0
-0.0212, 0.0000,-0.8670, 3.1415, 0.1064,-3.1044, 4.6799,-0.3297,-0.2901,0
-0.0198, 0.0000,-0.8922, 3.1415, 0.1364,-2.6315, 4.6799,-0.3537,-0.2893,0
-0.0184, 0.0000,-0.9173, 3.1415, 0.1364,-2.5369, 4.6799,-0.3464,-0.2886,0
-0.0172, 0.0000,-0.9393, 3.1415, 0.1303,-2.2666, 4.6799,-0.3519,-0.2879,0
-0.0156, 0.0000,-0.9581, 3.1415, 0.1473,-1.9612, 4.6799,-0.3590,-0.2872,0
-0.0138, 0.0000,-0.9770, 3.1415, 0.1749,-1.9002, 4.6799,-0.3512,-0.2865,0
-0.0120, 0.0000,-0.9896, 3.1415, 0.1805,-1.3853, 4.6799,-0.3673,-0.2857,0
-0.0103, 0.0000,-1.0053, 3.1415, 0.1694,-1.5337, 4.6799,-0.3518,-0.2850,0
-0.0084, 0.0000,-1.0147, 3.1415, 0.1915,-1.0607, 4.6799,-0.3632,-0.2843,0
-0.0062, 0.0000,-1.0210, 3.1415, 0.2080,-0.7147, 4.6799,-0.3680,-0.2836,0
-0.0042, 0.0000,-1.0273, 3.1415, 0.2053,-0.6456, 4.6799,-0.3655,-0.2829,0
-0.0021, 0.0000,-1.0304, 3.1415, 0.2047,-0.3804, 4.6799,-0.3673,-0.2822,0
 0.0001, 0.0000,-1.0304, 3.1415, 0.2289,-0.0760, 2.6239,-0.3693,-0.2814,0
 0.0024, 0.0000,-1.0304, 3.1415, 0.2276,-0.0152, 0.9563,-0.3694,-0.2807,0
 0.0046, 0.0000,-1.0241, 3.1415, 0.2274, 0.4996,-2.0392,-0.3697,-0.2800,0
 0.0068, 0.0000,-1.0178, 3.1415, 0.2152, 0.6025,-4.6799,-0.3720,-0.2793,0
 0.0086, 0.0000,-1.0084, 3.1415, 0.1885, 0.8744,-4.6799,-0.3721,-0.2786,0
 0.0100, 0.0000,-0.9958, 3.1415, 0.1529, 1.1802,-4.6799,-0.3709,-0.2778,0
 0.0111, 0.0000,-0.9770, 3.1415, 0.1154, 1.7440,-4.6799,-0.3591,-0.2771,0
 0.0115, 0.0000,-0.9581, 3.1415, 0.0594, 1.8567,-4.6799,-0.3646,-0.2764,0
 0.0117, 0.0000,-0.9361, 3.1415, 0.0240, 2.1306,-4.6799,-0.3621,-0.2757,0
 0.0115, 0.0000,-0.9079, 3.1415,-0.0133, 2.6880,-4.6799,-0.3407,-0.2750,0
 0.0111, 0.0000,-0.8796, 3.1415,-0.0329, 2.7995,-4.6799,-0.3480,-0.2743,0
 0.0102, 0.0000,-0.8450, 3.1415,-0.0793, 3.3245,-4.6799,-0.3218,-0.2735,0
 0.0090, 0.0000,-0.8105, 3.1415,-0.1128, 3.4295,-4.6799,-0.3301,-0.2728,0
 0.0076, 0.0000,-0.7728, 3.1415,-0.1317, 3.7018,-4.6799,-0.3222,-0.2721,0
 0.0059, 0.0000,-0.7319, 3.1415,-0.1658, 4.0076,-4.6799,-0.3092,-0.2714,0
 0.0039, 0.0000,-0.6880, 3.1415,-0.1908, 4.3201,-4.6799,-0.2934,-0.2707,0
 0.0016, 0.0000,-0.6440, 3.1415,-0.2200, 4.3826,-4.6799,-0.3053,-0.2699,0
-0.0010, 0.0000,-0.5937, 3.1415,-0.2622, 4.8977, 4.6799,-0.2593,-0.2692,0
-0.0034, 0.0000,-0.5434, 3.1415,-0.2404, 5.0007, 4.6799,-0.2645,-0.2685,0
-0.0056, 0.0000,-0.4932, 3.1415,-0.2239, 5.0213,-4.6799,-0.2794,-0.2678,0
-0.0082, 0.0000,-0.4398, 3.1415,-0.2570, 5.2768, 4.6799,-0.2599,-0.2671,0
-0.0105, 0.0000,-0.3864, 3.1415,-0.2333, 5.3279, 0.6370,-0.2677,-0.2664,0
-0.0124, 0.0000,-0.3298, 3.1415,-0.1982, 5.5894, 4.6799,-0.2419,-0.2656,0
-0.0144, 0.0000,-0.2764, 3.1415,-0.2033, 5.3904,-4.6799,-0.2840,-0.2649,0
-0.0165, 0.0000,-0.2199, 3.1415,-0.2104, 5.6019, 4.6799,-0.2614,-0.2642,0
-0.0181, 0.0000,-0.1633, 3.1415,-0.1633, 5.6442, 2.4606,-0.2625,-0.2635,0
-0.0194, 0.0000,-0.1099, 3.1415,-0.1418, 5.4014,-4.6799,-0.3052,-0.2628,0
-0.0210, 0.0000,-0.0534, 3.1415,-0.1556, 5.6041,-4.6799,-0.2773,-0.2620,0
-0.0225, 0.0000, 0.0000, 3.1415,-0.1463, 5.3934,-4.6799,-0.3108,-0.2613,0
-0.0245, 0.0000, 0.0565, 3.1415,-0.1929, 5.6025,-4.6799,-0.2775,-0.2606,0
-0.0262, 0.0000, 0.1162, 3.1415,-0.1780, 5.8957, 4.6799,-0.2266,-0.2599,0
-0.0278, 0.0000, 0.1727, 3.1415,-0.1629, 5.7030, 4.6799,-0.2520,-0.2592,0
-0.0291, 0.0000, 0.2261, 3.1415,-0.1356, 5.4131,-4.6799,-0.2895,-0.2585,0
-0.0306, 0.0000, 0.2796, 3.1415,-0.1484, 5.3552,-4.6799,-0.2887,-0.2577,0
-0.0319, 0.0000, 0.3330, 3.1415,-0.1327, 5.3436,-4.6799,-0.2788,-0.2570,0
-0.0332, 0.0000, 0.3832, 3.1415,-0.1296, 5.0899,-4.6799,-0.3032,-0.2563,0
-0.0344, 0.0000, 0.4335, 3.1415,-0.1229, 5.0392,-4.6799,-0.2961,-0.2556,0
-0.0360, 0.0000, 0.4838, 3.1415,-0.1519, 5.0290,-4.6799,-0.2815,-0.2549,0
-0.0376, 0.0000, 0.5309, 3.1415,-0.1577, 4.7757,-4.6799,-0.2999,-0.2541,0
-0.0391, 0.0000, 0.5780, 3.1415,-0.1467, 4.7250,-4.6799,-0.2888,-0.2534,0
-0.0407, 0.0000, 0.6251, 3.1415,-0.1627, 4.7149,-4.6799,-0.2710,-0.2527,0
-0.0424, 0.0000, 0.6691, 3.1415,-0.1659, 4.4615,-4.6799,-0.2845,-0.2520,0
-0.0444, 0.0000, 0.7131, 3.1415,-0.1908, 4.4108,-4.6799,-0.2707,-0.2513,0
-0.0461, 0.0000, 0.7539, 3.1415,-0.1776, 4.1494,-4.6799,-0.2824,-0.2506,0
-0.0479, 0.0000, 0.7916, 3.1415,-0.1810, 3.8458,-4.6799,-0.2975,-0.2498,0
-0.0499, 0.0000, 0.8262, 3.1415,-0.1938, 3.5337,-4.6799,-0.3117,-0.2491,0
-0.0519, 0.0000, 0.8607, 3.1415,-0.1964, 3.4713,-4.6799,-0.2993,-0.2484,0
-0.0538, 0.0000, 0.8953, 3.1415,-0.1969, 3.4588,-4.6799,-0.2814,-0.2477,0
-0.0557, 0.0000, 0.9236, 3.1415,-0.1909, 2.9537,-4.6799,-0.3108,-0.2470,0
-0.0578, 0.0000, 0.9519, 3.1415,-0.2019, 2.8526,-4.6799,-0.3026,-0.2462,0
-0.0600, 0.0000, 0.9770, 3.1415,-0.2162, 2.5811,-4.6799,-0.3084,-0.2455,0
-0.0622, 0.0000, 0.9990, 3.1415,-0.2190, 2.2755,-4.6799,-0.3160,-0.2448,0
-0.0644, 0.0000, 1.0178, 3.1415,-0.2257, 1.9630,-4.6799,-0.3231,-0.2441,0
-0.0667, 0.0000, 1.0367, 3.1415,-0.2270, 1.9005,-4.6799,-0.3149,-0.2434,0
-0.0692, 0.0000, 1.0524, 3.1415,-0.2454, 1.6367,-4.6799,-0.3182,-0.2427,0
-0.0716, 0.0000, 1.0649, 3.1415,-0.2431, 1.3326,-4.6799,-0.3230,-0.2419,0
-0.0741, 0.0000, 1.0744, 3.1415,-0.2426, 1.0205,-4.6799,-0.3274,-0.2412,0
-0.0766, 0.0000, 1.0838, 3.1415,-0.2486, 0.9580,-4.6799,-0.3231,-0.2405,0
-0.0793, 0.0000, 1.0901, 3.1415,-0.2680, 0.6942,-4.6799,-0.3252,-0.2398,0
-0.0820, 0.0000, 1.0901, 3.1415,-0.2718, 0.1388,-3.4539,-0.3317,-0.2391,0
-0.0848, 0.0000, 1.0901, 3.1415,-0.2787, 0.0277,-0.8511,-0.3320,-0.2384,0
-0.0877, 0.0000, 1.0901, 3.1415,-0.2861, 0.0055, 0.0591,-0.3320,-0.2376,0
-0.0903, 0.0000, 1.0838, 3.1415,-0.2633,-0.5015, 2.8088,-0.3324,-0.2369,0
-0.0928, 0.0000, 1.0744, 3.1415,-0.2527,-0.8542, 4.6799,-0.3317,-0.2362,0
-0.0945, 0.0000, 1.0649, 3.1415,-0.1900,-0.9248, 4.6799,-0.3359,-0.2355,0
-0.0960, 0.0000, 1.0492, 3.1415,-0.1532,-1.4416, 4.6799,-0.3286,-0.2348,0
-0.0969, 0.0000, 1.0304, 3.1415,-0.1034,-1.7962, 4.6799,-0.3242,-0.2340,0
-0.0973, 0.0000, 1.0084, 3.1415,-0.0570,-2.1185, 4.6799,-0.3200,-0.2333,0
-0.0973, 0.0000, 0.9833, 3.1415,-0.0114,-2.4343, 4.6799,-0.3150,-0.2326,0
-0.0968, 0.0000, 0.9550, 3.1415, 0.0401,-2.7488, 4.6799,-0.3089,-0.2319,0
-0.0960, 0.0000, 0.9236, 3.1415, 0.0747,-3.0630, 4.6799,-0.3016,-0.2312,0
-0.0949, 0.0000, 0.8890, 3.1415, 0.0998,-3.3772, 4.6799,-0.2928,-0.2305,0
-0.0936, 0.0000, 0.8513, 3.1415, 0.1291,-3.6913, 4.6799,-0.2824,-0.2297,0
-0.0917, 0.0000, 0.8105, 3.1415, 0.1713,-4.0055, 4.6799,-0.2702,-0.2290,0
-0.0897, 0.0000, 0.7665, 3.1415, 0.1979,-4.3196, 4.6799,-0.2560,-0.2283,0
-0.0873, 0.0000, 0.7194, 3.1415, 0.2336,-4.6338, 4.6799,-0.2395,-0.2276,0
-0.0845, 0.0000, 0.6723, 3.1415, 0.2650,-4.6966, 4.6799,-0.2530,-0.2269,0
-0.0815, 0.0000, 0.6188, 3.1415, 0.2955,-5.2119,-4.6799,-0.2046,-0.2261,0
-0.0787, 0.0000, 0.5654, 3.1415, 0.2834,-5.3149,-4.6799,-0.2108,-0.2254,0
-0.0760, 0.0000, 0.5120, 3.1415, 0.2689,-5.3355, 1.2693,-0.2274,-0.2247,0
-0.0732, 0.0000, 0.4555, 3.1415, 0.2841,-5.5910,-4.6799,-0.2072,-0.2240,0
-0.0704, 0.0000, 0.3989, 3.1415, 0.2751,-5.6420,-4.6799,-0.2160,-0.2233,0
-0.0680, 0.0000, 0.3424, 3.1415, 0.2490,-5.6523, 4.6799,-0.2291,-0.2226,0
-0.0655, 0.0000, 0.2827, 3.1415, 0.2499,-5.9056,-4.6799,-0.2012,-0.2218,0
-0.0632, 0.0000, 0.2230, 3.1415, 0.2379,-5.9563,-4.6799,-0.2036,-0.2211,0
-0.0610, 0.0000, 0.1665, 3.1415, 0.2234,-5.7151, 4.6799,-0.2508,-0.2204,0
-0.0588, 0.0000, 0.1068, 3.1415, 0.2205,-5.9182, 3.5055,-0.2236,-0.2197,0
-0.0566, 0.0000, 0.0471, 3.1415, 0.2138,-5.9588, 1.1944,-0.2201,-0.2190,0
-0.0543, 0.0000,-0.0125, 3.1415, 0.2307,-5.9669, 2.0184,-0.2195,-0.2182,0
-0.0519, 0.0000,-0.0753, 3.1415, 0.2341,-6.2199,-4.6799,-0.1744,-0.2175,0
-0.0498, 0.0000,-0.1350, 3.1415, 0.2165,-6.0192,-4.6799,-0.2043,-0.2168,0
-0.0480, 0.0000,-0.1916, 3.1415, 0.1888,-5.7277, 4.6799,-0.2456,-0.2161,0
-0.0461, 0.0000,-0.2481, 3.1415, 0.1893,-5.6694, 4.6799,-0.2460,-0.2154,0
-0.0443, 0.0000,-0.3047, 3.1415, 0.1833,-5.6577, 4.6799,-0.2368,-0.2147,0
-0.0425, 0.0000,-0.3612, 3.1415, 0.1761,-5.6554, 4.6799,-0.2239,-0.2139,0
-0.0409, 0.0000,-0.4178, 3.1415, 0.1686,-5.6549,-3.0040,-0.2086,-0.2132,0
-0.0394, 0.0000,-0.4680, 3.1415, 0.1489,-5.1522, 4.6799,-0.2692,-0.2125,0
-0.0379, 0.0000,-0.5215, 3.1415, 0.1510,-5.3030, 4.6799,-0.2289,-0.2118,0
-0.0364, 0.0000,-0.5686, 3.1415, 0.1514,-4.8305, 4.6799,-0.2784,-0.2111,0
-0.0350, 0.0000,-0.6188, 3.1415, 0.1454,-4.9873, 4.6799,-0.2366,-0.2103,0
-0.0335, 0.0000,-0.6628, 3.1415, 0.1503,-4.5160, 4.6799,-0.2804,-0.2096,0
-0.0317, 0.0000,-0.7099, 3.1415, 0.1695,-4.6731, 4.6799,-0.2388,-0.2089,0
-0.0300, 0.0000,-0.7508, 3.1415, 0.1673,-4.2018, 4.6799,-0.2778,-0.2082,0
-0.0284, 0.0000,-0.7916, 3.1415, 0.1668,-4.1076, 4.6799,-0.2683,-0.2075,0
-0.0267, 0.0000,-0.8325, 3.1415, 0.1667,-4.0887, 4.6799,-0.2492,-0.2068,0
-0.0250, 0.0000,-0.8670, 3.1415, 0.1728,-3.5823, 4.6799,-0.2849,-0.2060,0
-0.0232, 0.0000,-0.9016, 3.1415, 0.1740,-3.4810, 4.6799,-0.2758,-0.2053,0
-0.0215, 0.0000,-0.9330, 3.1415, 0.1742,-3.2094, 4.6799,-0.2833,-0.2046,0
-0.0197, 0.0000,-0.9644, 3.1415, 0.1803,-3.1551, 4.6799,-0.2698,-0.2039,0
-0.0178, 0.0000,-0.9927, 3.1415, 0.1876,-2.8929, 4.6799,-0.2751,-0.2032,0
-0.0159, 0.0000,-1.0178, 3.1415, 0.1891,-2.5892, 4.6799,-0.2832,-0.2024,0
-0.0138, 0.0000,-1.0398, 3.1415, 0.2015,-2.2771, 4.6799,-0.2910,-0.2017,0
-0.0117, 0.0000,-1.0587, 3.1415, 0.2100,-1.9633, 4.6799,-0.2978,-0.2010,0
-0.0095, 0.0000,-1.0775, 3.1415, 0.2178,-1.9006, 4.6799,-0.2894,-0.2003,0
-0.0072, 0.0000,-1.0932, 3.1415, 0.2315,-1.6367, 4.6799,-0.2925,-0.1996,0
-0.0047, 0.0000,-1.1026, 3.1415, 0.2403,-1.0813, 4.6799,-0.3076,-0.1989,0
-0.0023, 0.0000,-1.1152, 3.1415, 0.2420,-1.2215, 4.6799,-0.2950,-0.1981,0
 0.0001, 0.0000,-1.1215, 3.1415, 0.2485,-0.7469, 4.6799,-0.3040,-0.1974,0
 0.0027, 0.0000,-1.1246, 3.1415, 0.2558,-0.4007, 4.6799,-0.3075,-0.1967,0
 0.0055, 0.0000,-1.1278, 3.1415, 0.2755,-0.3314, 4.0617,-0.3062,-0.1960,0
 0.0083, 0.0000,-1.1278, 3.1415, 0.2794,-0.0662, 2.0087,-0.3077,-0.1953,0
 0.0112, 0.0000,-1.1246, 3.1415, 0.2862, 0.2380,-0.8119,-0.3090,-0.1945,0
 0.0138, 0.0000,-1.1184, 3.1415, 0.2694, 0.5502,-4.0366,-0.3096,-0.1938,0
 0.0162, 0.0000,-1.1089, 3.1415, 0.2479, 0.8640,-4.6799,-0.3095,-0.1931,0
 0.0181, 0.0000,-1.0964, 3.1415, 0.2011, 1.1781,-4.6799,-0.3085,-0.1924,0
 0.0197, 0.0000,-1.0807, 3.1415, 0.1675, 1.4922,-4.6799,-0.3068,-0.1917,0
 0.0208, 0.0000,-1.0618, 3.1415, 0.1184, 1.8064,-4.6799,-0.3042,-0.1910,0
 0.0215, 0.0000,-1.0398, 3.1415, 0.0782, 2.1205,-4.6799,-0.3006,-0.1902,0
 0.0216, 0.0000,-1.0147, 3.1415, 0.0277, 2.4347,-4.6799,-0.2960,-0.1895,0
 0.0213, 0.0000,-0.9864, 3.1415,-0.0186, 2.7488,-4.6799,-0.2903,-0.1888,0
 0.0207, 0.0000,-0.9519, 3.1415,-0.0522, 3.3143,-4.6799,-0.2627,-0.1881,0
 0.0197, 0.0000,-0.9173, 3.1415,-0.0892, 3.4274,-4.6799,-0.2720,-0.1874,0
 0.0184, 0.0000,-0.8796, 3.1415,-0.1209, 3.7014,-4.6799,-0.2659,-0.1866,0
 0.0168, 0.0000,-0.8388, 3.1415,-0.1575, 4.0075,-4.6799,-0.2550,-0.1859,0
 0.0148, 0.0000,-0.7916, 3.1415,-0.1891, 4.5714,-4.6799,-0.2119,-0.1852,0
 0.0124, 0.0000,-0.7445, 3.1415,-0.2318, 4.6841,-4.6799,-0.2208,-0.1845,0
 0.0097, 0.0000,-0.6942, 3.1415,-0.2585, 4.9580,-4.6799,-0.2077,-0.1838,0
 0.0067, 0.0000,-0.6440, 3.1415,-0.2942, 5.0128,-4.6799,-0.2224,-0.1831,0
 0.0034, 0.0000,-0.5874, 3.1415,-0.3195, 5.5264, 4.6799,-0.1701,-0.1823,0
 0.0005, 0.0000,-0.5309, 3.1415,-0.3003, 5.6291, 4.6799,-0.1756,-0.1816,0
-0.0025, 0.0000,-0.4712, 3.1415,-0.3026, 5.9010, 4.6799,-0.1523,-0.1809,0
-0.0053, 0.0000,-0.4146, 3.1415,-0.2848, 5.7041,-4.6799,-0.2017,-0.1802,0
-0.0082, 0.0000,-0.3549, 3.1415,-0.2934, 5.9160,-1.5725,-0.1833,-0.1795,0
-0.0112, 0.0000,-0.2921, 3.1415,-0.2951, 6.2097, 4.6799,-0.1478,-0.1787,0
-0.0138, 0.0000,-0.2324, 3.1415,-0.2712, 6.0171,-4.6799,-0.1918,-0.1780,0
-0.0168, 0.0000,-0.1696, 3.1415,-0.2907, 6.2299, 4.6799,-0.1644,-0.1773,0
-0.0194, 0.0000,-0.1068, 3.1415,-0.2703, 6.2725, 4.6799,-0.1631,-0.1766,0
-0.0216, 0.0000,-0.0439, 3.1415,-0.2299, 6.2810, 4.6799,-0.1650,-0.1759,0
-0.0235, 0.0000, 0.0157, 3.1415,-0.1975, 6.0314,-4.6799,-0.2087,-0.1752,0
-0.0257, 0.0000, 0.0753, 3.1415,-0.2153, 5.9815,-4.6799,-0.2151,-0.1744,0
-0.0275, 0.0000, 0.1350, 3.1415,-0.1885, 5.9715,-4.6799,-0.2123,-0.1737,0
-0.0297, 0.0000, 0.1947, 3.1415,-0.2135, 5.9695,-4.6799,-0.2056,-0.1730,0
-0.0316, 0.0000, 0.2544, 3.1415,-0.1942, 5.9691,-4.6799,-0.1961,-0.1723,0
-0.0338, 0.0000, 0.3141, 3.1415,-0.2146, 5.9690,-4.6799,-0.1841,-0.1716,0
-0.0361, 0.0000, 0.3738, 3.1415,-0.2248, 5.9690,-0.0219,-0.1696,-0.1709,0
-0.0382, 0.0000, 0.4303, 3.1415,-0.2147, 5.7176,-4.6799,-0.1949,-0.1701,0
-0.0405, 0.0000, 0.4869, 3.1415,-0.2248, 5.6674,-4.6799,-0.1849,-0.1694,0
-0.0425, 0.0000, 0.5403, 3.1415,-0.2026, 5.4060,-4.6799,-0.2066,-0.1687,0
-0.0449, 0.0000, 0.5937, 3.1415,-0.2345, 5.3537,-4.6799,-0.1939,-0.1680,0
-0.0472, 0.0000, 0.6440, 3.1415,-0.2288, 5.0919,-4.6799,-0.2112,-0.1673,0
-0.0494, 0.0000, 0.6942, 3.1415,-0.2215, 5.0396,-4.6799,-0.1962,-0.1665,0
-0.0516, 0.0000, 0.7414, 3.1415,-0.2262, 4.7778,-4.6799,-0.2100,-0.1658,0
-0.0538, 0.0000, 0.7885, 3.1415,-0.2210, 4.7254,-4.6799,-0.1935,-0.1651,0
-0.0562, 0.0000, 0.8293, 3.1415,-0.2321, 4.2123,-4.6799,-0.2365,-0.1644,0
-0.0582, 0.0000, 0.8733, 3.1415,-0.2101, 4.3610,-4.6799,-0.1949,-0.1637,0
-0.0605, 0.0000, 0.9110, 3.1415,-0.2239, 3.8881,-4.6799,-0.2284,-0.1630,0
-0.0628, 0.0000, 0.9487, 3.1415,-0.2266, 3.7935,-4.6799,-0.2169,-0.1622,0
-0.0651, 0.0000, 0.9833, 3.1415,-0.2333, 3.5233,-4.6799,-0.2242,-0.1615,0
-0.0676, 0.0000, 1.0147, 3.1415,-0.2406, 3.2179,-4.6799,-0.2340,-0.1608,0
-0.0698, 0.0000, 1.0430, 3.1415,-0.2300, 2.9055,-4.6799,-0.2434,-0.1601,0
-0.0723, 0.0000, 1.0712, 3.1415,-0.2460, 2.8430,-4.6799,-0.2308,-0.1594,0
-0.0748, 0.0000, 1.0932, 3.1415,-0.2432, 2.3279,-4.6799,-0.2541,-0.1586,0
-0.0774, 0.0000, 1.1152, 3.1415,-0.2608, 2.2248,-4.6799,-0.2466,-0.1579,0
-0.0799, 0.0000, 1.1341, 3.1415,-0.2522, 1.9529,-4.6799,-0.2503,-0.1572,0
-0.0826, 0.0000, 1.1498, 3.1415,-0.2687, 1.6472,-4.6799,-0.2554,-0.1565,0
-0.0854, 0.0000, 1.1655, 3.1415,-0.2720, 1.5860,-4.6799,-0.2478,-0.1558,0
-0.0883, 0.0000, 1.1749, 3.1415,-0.2908, 1.0712,-4.6799,-0.2608,-0.1551,0
-0.0912, 0.0000, 1.1843, 3.1415,-0.2885, 0.9682,-4.6799,-0.2575,-0.1543,0
-0.0942, 0.0000, 1.1875, 3.1415,-0.2941, 0.4449,-4.6799,-0.2657,-0.1536,0
-0.0972, 0.0000, 1.1938, 3.1415,-0.3013, 0.5916,-4.2499,-0.2594,-0.1529,0
-0.1003, 0.0000, 1.1938, 3.1415,-0.3088, 0.1183,-2.1039,-0.2641,-0.1522,0
-0.1036, 0.0000, 1.1906, 3.1415,-0.3224,-0.2276, 0.9796,-0.2657,-0.1515,0
-0.1064, 0.0000, 1.1843, 3.1415,-0.2888,-0.5481, 4.0245,-0.2664,-0.1507,0
-0.1091, 0.0000, 1.1780, 3.1415,-0.2760,-0.6122, 4.6799,-0.2695,-0.1500,0
-0.1113, 0.0000, 1.1655, 3.1415,-0.2310,-1.1277, 4.6799,-0.2653,-0.1493,0
-0.1130, 0.0000, 1.1498, 3.1415,-0.1856,-1.4821, 4.6799,-0.2626,-0.1486,0
-0.1142, 0.0000, 1.1309, 3.1415,-0.1341,-1.8043, 4.6799,-0.2601,-0.1479,0
-0.1152, 0.0000, 1.1089, 3.1415,-0.1056,-2.1201, 4.6799,-0.2570,-0.1472,0
-0.1156, 0.0000, 1.0838, 3.1415,-0.0514,-2.4346, 4.6799,-0.2530,-0.1464,0
-0.1155, 0.0000, 1.0524, 3.1415, 0.0018,-3.0002, 4.6799,-0.2297,-0.1457,0
-0.1149, 0.0000, 1.0210, 3.1415, 0.0428,-3.1133, 4.6799,-0.2395,-0.1450,0
-0.1142, 0.0000, 0.9864, 3.1415, 0.0691,-3.3872, 4.6799,-0.2355,-0.1443,0
-0.1130, 0.0000, 0.9487, 3.1415, 0.1108,-3.6933, 4.6799,-0.2274,-0.1436,0
-0.1114, 0.0000, 0.9079, 3.1415, 0.1495,-4.0059, 4.6799,-0.2172,-0.1428,0
-0.1095, 0.0000, 0.8639, 3.1415, 0.1754,-4.3197, 4.6799,-0.2051,-0.1421,0
-0.1074, 0.0000, 0.8168, 3.1415, 0.2048,-4.6338, 4.6799,-0.1909,-0.1414,0
-0.1048, 0.0000, 0.7665, 3.1415, 0.2531,-4.9480, 4.6799,-0.1744,-0.1407,0
-0.1020, 0.0000, 0.7131, 3.1415, 0.2749,-5.2621, 4.6799,-0.1554,-0.1400,0
-0.0989, 0.0000, 0.6565, 3.1415, 0.3035,-5.5763,-4.6799,-0.1334,-0.1393,0
-0.0958, 0.0000, 0.5969, 3.1415, 0.3093,-5.8904,-4.6799,-0.1081,-0.1385,0
-0.0929, 0.0000, 0.5403, 3.1415, 0.2922,-5.7019, 4.6799,-0.1606,-0.1378,0
-0.0897, 0.0000, 0.4775, 3.1415, 0.3131,-6.1669,-4.6799,-0.1053,-0.1371,0
-0.0867, 0.0000, 0.4146, 3.1415, 0.2990,-6.2599,-4.6799,-0.1086,-0.1364,0
-0.0839, 0.0000, 0.3549, 3.1415, 0.2841,-6.0272, 4.6799,-0.1647,-0.1357,0
-0.0811, 0.0000, 0.2890, 3.1415, 0.2811,-6.4833,-4.6799,-0.0998,-0.1349,0
-0.0785, 0.0000, 0.2261, 3.1415, 0.2623,-6.3232, 4.6799,-0.1400,-0.1342,0
-0.0756, 0.0000, 0.1633, 3.1415, 0.2889,-6.2911, 4.6799,-0.1544,-0.1335,0
-0.0727, 0.0000, 0.0942, 3.1415, 0.2881,-6.7874,-4.6799,-0.0699,-0.1328,0
-0.0701, 0.0000, 0.0282, 3.1415, 0.2698,-6.6353,-4.6799,-0.1014,-0.1321,0
-0.0676, 0.0000,-0.0345, 3.1415, 0.2479,-6.3536, 4.6799,-0.1525,-0.1314,0
-0.0651, 0.0000,-0.1005, 3.1415, 0.2496,-6.5486,-4.6799,-0.1140,-0.1306,0
-0.0631, 0.0000,-0.1633, 3.1415, 0.2136,-6.3362, 4.6799,-0.1464,-0.1299,0
-0.0610, 0.0000,-0.2230, 3.1415, 0.2125,-6.0424, 4.6799,-0.1891,-0.1292,0
-0.0590, 0.0000,-0.2858, 3.1415, 0.2001,-6.2350, 4.6799,-0.1446,-0.1285,0
-0.0568, 0.0000,-0.3455, 3.1415, 0.2158,-6.0222, 4.6799,-0.1678,-0.1278,0
-0.0545, 0.0000,-0.4084, 3.1415, 0.2250,-6.2309,-4.6799,-0.1154,-0.1270,0
-0.0529, 0.0000,-0.4649, 3.1415, 0.1784,-5.7700, 4.6799,-0.1757,-0.1263,0
-0.0510, 0.0000,-0.5215, 3.1415, 0.1872,-5.6779, 4.6799,-0.1712,-0.1256,0
-0.0491, 0.0000,-0.5780, 3.1415, 0.1829,-5.6594, 4.6799,-0.1530,-0.1249,0
-0.0473, 0.0000,-0.6314, 3.1415, 0.1821,-5.4044, 4.6799,-0.1707,-0.1242,0
-0.0457, 0.0000,-0.6817, 3.1415, 0.1698,-5.1021, 4.6799,-0.1931,-0.1235,0
-0.0439, 0.0000,-0.7319, 3.1415, 0.1734,-5.0416, 4.6799,-0.1782,-0.1227,0
-0.0422, 0.0000,-0.7791, 3.1415, 0.1680,-4.7782, 4.6799,-0.1913,-0.1220,0
-0.0405, 0.0000,-0.8262, 3.1415, 0.1730,-4.7255, 4.6799,-0.1739,-0.1213,0
-0.0389, 0.0000,-0.8702, 3.1415, 0.1619,-4.4636, 4.6799,-0.1839,-0.1206,0
-0.0372, 0.0000,-0.9110, 3.1415, 0.1718,-4.1599, 4.6799,-0.1978,-0.1199,0
-0.0354, 0.0000,-0.9487, 3.1415, 0.1738,-3.8479, 4.6799,-0.2111,-0.1191,0
-0.0335, 0.0000,-0.9864, 3.1415, 0.1863,-3.7855, 4.6799,-0.1955,-0.1184,0
-0.0315, 0.0000,-1.0178, 3.1415, 0.2009,-3.2703, 4.6799,-0.2273,-0.1177,0
-0.0295, 0.0000,-1.0492, 3.1415, 0.1978,-3.1673, 4.6799,-0.2172,-0.1170,0
-0.0275, 0.0000,-1.0807, 3.1415, 0.1972,-3.1467, 4.6799,-0.1993,-0.1163,0
-0.0254, 0.0000,-1.1058, 3.1415, 0.2092,-2.6399, 4.6799,-0.2244,-0.1156,0
-0.0232, 0.0000,-1.1278, 3.1415, 0.2176,-2.2872, 4.6799,-0.2345,-0.1148,0
-0.0211, 0.0000,-1.1498, 3.1415, 0.2133,-2.2167, 4.6799,-0.2246,-0.1141,0
-0.0188, 0.0000,-1.1686, 3.1415, 0.2245,-1.9513, 4.6799,-0.2277,-0.1134,0
-0.0164, 0.0000,-1.1843, 3.1415, 0.2389,-1.6469, 4.6799,-0.2326,-0.1127,0
-0.0138, 0.0000,-1.1969, 3.1415, 0.2539,-1.3346, 4.6799,-0.2373,-0.1120,0
-0.0113, 0.0000,-1.2095, 3.1415, 0.2508,-1.2722, 4.6799,-0.2311,-0.1112,0
-0.0087, 0.0000,-1.2157, 3.1415, 0.2563,-0.7571, 4.6799,-0.2415,-0.1105,0
-0.0059, 0.0000,-1.2220, 3.1415, 0.2816,-0.6540, 4.6799,-0.2393,-0.1098,0
-0.0030, 0.0000,-1.2252, 3.1415, 0.2867,-0.3821, 4.6799,-0.2412,-0.1091,0
-0.0001, 0.0000,-1.2252, 3.1415, 0.2877,-0.0764, 2.1193,-0.2431,-0.1084,0
 0.0028, 0.0000,-1.2189, 3.1415, 0.3000, 0.4873,-2.4460,-0.2441,-0.1077,0
 0.0056, 0.0000,-1.2157, 3.1415, 0.2843, 0.3488,-3.3354,-0.2478,-0.1069,0
 0.0081, 0.0000,-1.2063, 3.1415, 0.2569, 0.8237,-4.6799,-0.2464,-0.1062,0
 0.0103, 0.0000,-1.1938, 3.1415, 0.2211, 1.1700,-4.6799,-0.2451,-0.1055,0
 0.0120, 0.0000,-1.1749, 3.1415, 0.1836, 1.7419,-4.6799,-0.2344,-0.1048,0
 0.0134, 0.0000,-1.1561, 3.1415, 0.1519, 1.8563,-4.6799,-0.2410,-0.1041,0
 0.0144, 0.0000,-1.1341, 3.1415, 0.1031, 2.1305,-4.6799,-0.2401,-0.1034,0
 0.0149, 0.0000,-1.1089, 3.1415, 0.0630, 2.4367,-4.6799,-0.2368,-0.1026,0
 0.0150, 0.0000,-1.0807, 3.1415, 0.0186, 2.7492,-4.6799,-0.2321,-0.1019,0
 0.0147, 0.0000,-1.0461, 3.1415,-0.0205, 3.3144,-4.6799,-0.2058,-0.1012,0
 0.0141, 0.0000,-1.0115, 3.1415,-0.0465, 3.4274,-4.6799,-0.2164,-0.1005,0
 0.0131, 0.0000,-0.9738, 3.1415,-0.0941, 3.7014,-4.6799,-0.2118,-0.0998,0
 0.0117, 0.0000,-0.9330, 3.1415,-0.1279, 4.0075,-4.6799,-0.2026,-0.0990,0
 0.0100, 0.0000,-0.8859, 3.1415,-0.1589, 4.5714,-4.6799,-0.1616,-0.0983,0
 0.0080, 0.0000,-0.8388, 3.1415,-0.1955, 4.6841,-4.6799,-0.1727,-0.0976,0
 0.0058, 0.0000,-0.7885, 3.1415,-0.2149, 4.9580,-4.6799,-0.1620,-0.0969,0
 0.0031, 0.0000,-0.7351, 3.1415,-0.2612, 5.2641,-4.6799,-0.1446,-0.0962,0
 0.0001, 0.0000,-0.6785, 3.1415,-0.2887, 5.5767,-4.6799,-0.1236,-0.0955,0
-0.0031, 0.0000,-0.6188, 3.1415,-0.3245, 5.8905, 0.6639,-0.0991,-0.0947,0
-0.0064, 0.0000,-0.5592, 3.1415,-0.3256, 5.9533,-4.6799,-0.1125,-0.0940,0
-0.0100, 0.0000,-0.4963, 3.1415,-0.3561, 6.2172, 4.6799,-0.0902,-0.0933,0
-0.0132, 0.0000,-0.4303, 3.1415,-0.3258, 6.5213, 4.6799,-0.0572,-0.0926,0
-0.0165, 0.0000,-0.3644, 3.1415,-0.3259, 6.5821, 4.6799,-0.0643,-0.0919,0
-0.0194, 0.0000,-0.3015, 3.1415,-0.2955, 6.3429,-4.6799,-0.1224,-0.0911,0
-0.0225, 0.0000,-0.2356, 3.1415,-0.3137, 6.5464,-4.6799,-0.0982,-0.0904,0
-0.0259, 0.0000,-0.1696, 3.1415,-0.3295, 6.5871,-4.6799,-0.1003,-0.0897,0
-0.0291, 0.0000,-0.1005, 3.1415,-0.3266, 6.8466, 4.6799,-0.0581,-0.0890,0
-0.0322, 0.0000,-0.0314, 3.1415,-0.3078, 6.8985, 4.6799,-0.0514,-0.0883,0
-0.0350, 0.0000, 0.0376, 3.1415,-0.2919, 6.9089, 4.6799,-0.0493,-0.0876,0
-0.0375, 0.0000, 0.1036, 3.1415,-0.2524, 6.6596,-4.6799,-0.0933,-0.0868,0
-0.0401, 0.0000, 0.1665, 3.1415,-0.2627, 6.3584,-4.6799,-0.1421,-0.0861,0
-0.0424, 0.0000, 0.2324, 3.1415,-0.2344, 6.5495,-4.6799,-0.0982,-0.0854,0
-0.0448, 0.0000, 0.2953, 3.1415,-0.2409, 6.3364,-4.6799,-0.1248,-0.0847,0
-0.0473, 0.0000, 0.3581, 3.1415,-0.2482, 6.2938,-4.6799,-0.1179,-0.0840,0
-0.0498, 0.0000, 0.4209, 3.1415,-0.2497, 6.2853,-4.6799,-0.1023,-0.0832,0
-0.0525, 0.0000, 0.4838, 3.1415,-0.2621, 6.2836,-2.3729,-0.0829,-0.0825,0
-0.0547, 0.0000, 0.5434, 3.1415,-0.2343, 6.0319,-4.6799,-0.1052,-0.0818,0
-0.0573, 0.0000, 0.6000, 3.1415,-0.2530, 5.7302,-4.6799,-0.1329,-0.0811,0
-0.0596, 0.0000, 0.6565, 3.1415,-0.2325, 5.6699,-4.6799,-0.1187,-0.0804,0
-0.0621, 0.0000, 0.7099, 3.1415,-0.2465, 5.4065,-4.6799,-0.1353,-0.0797,0
-0.0644, 0.0000, 0.7634, 3.1415,-0.2312, 5.3538,-4.6799,-0.1175,-0.0789,0
-0.0667, 0.0000, 0.8136, 3.1415,-0.2342, 5.0920,-4.6799,-0.1302,-0.0782,0
-0.0691, 0.0000, 0.8607, 3.1415,-0.2348, 4.7883,-4.6799,-0.1470,-0.0775,0
-0.0713, 0.0000, 0.9047, 3.1415,-0.2288, 4.4762,-4.6799,-0.1631,-0.0768,0
-0.0737, 0.0000, 0.9487, 3.1415,-0.2337, 4.4138,-4.6799,-0.1456,-0.0761,0
-0.0757, 0.0000, 0.9896, 3.1415,-0.2104, 4.1500,-4.6799,-0.1531,-0.0753,0
-0.0782, 0.0000, 1.0273, 3.1415,-0.2361, 3.8459,-4.6799,-0.1642,-0.0746,0
-0.0804, 0.0000, 1.0649, 3.1415,-0.2291, 3.7851,-4.6799,-0.1473,-0.0739,0
-0.0829, 0.0000, 1.0964, 3.1415,-0.2459, 3.2702,-4.6799,-0.1782,-0.0732,0
-0.0853, 0.0000, 1.1278, 3.1415,-0.2371, 3.1673,-4.6799,-0.1673,-0.0725,0
-0.0879, 0.0000, 1.1561, 3.1415,-0.2596, 2.8954,-4.6799,-0.1719,-0.0718,0
-0.0904, 0.0000, 1.1812, 3.1415,-0.2459, 2.5897,-4.6799,-0.1788,-0.0710,0
-0.0930, 0.0000, 1.2032, 3.1415,-0.2614, 2.2772,-4.6799,-0.1854,-0.0703,0
-0.0956, 0.0000, 1.2220, 3.1415,-0.2584, 1.9634,-4.6799,-0.1913,-0.0696,0
-0.0984, 0.0000, 1.2409, 3.1415,-0.2760, 1.9006,-4.6799,-0.1820,-0.0689,0
-0.1011, 0.0000, 1.2534, 3.1415,-0.2734, 1.3854,-4.6799,-0.1971,-0.0682,0
-0.1041, 0.0000, 1.2660, 3.1415,-0.2911, 1.2823,-4.6799,-0.1924,-0.0674,0
-0.1071, 0.0000, 1.2754, 3.1415,-0.3007, 1.0104,-4.6799,-0.1946,-0.0667,0
-0.1102, 0.0000, 1.2817, 3.1415,-0.3026, 0.7047,-4.6799,-0.1977,-0.0660,0
-0.1134, 0.0000, 1.2817, 3.1415,-0.3212, 0.1409,-2.2552,-0.2043,-0.0653,0
-0.1165, 0.0000, 1.2817, 3.1415,-0.3128, 0.0281,-0.2664,-0.2046,-0.0646,0
-0.1199, 0.0000, 1.2817, 3.1415,-0.3293, 0.0056, 0.3717,-0.2046,-0.0639,0
-0.1227, 0.0000, 1.2754, 3.1415,-0.2962,-0.5015, 3.5210,-0.2054,-0.0631,0
-0.1256, 0.0000, 1.2660, 3.1415,-0.2896,-0.8542, 4.6799,-0.2052,-0.0624,0
-0.1280, 0.0000, 1.2534, 3.1415,-0.2519,-1.1761, 4.6799,-0.2046,-0.0617,0
-0.1299, 0.0000, 1.2377, 3.1415,-0.2019,-1.4918, 4.6799,-0.2035,-0.0610,0
-0.1314, 0.0000, 1.2189, 3.1415,-0.1616,-1.8063, 4.6799,-0.2018,-0.0603,0
-0.1327, 0.0000, 1.1969, 3.1415,-0.1293,-2.1205, 4.6799,-0.1992,-0.0595,0
-0.1333, 0.0000, 1.1718, 3.1415,-0.0804,-2.4347, 4.6799,-0.1959,-0.0588,0
-0.1335, 0.0000, 1.1435, 3.1415,-0.0282,-2.7488, 4.6799,-0.1917,-0.0581,0
-0.1333, 0.0000, 1.1121, 3.1415, 0.0125,-3.0630, 4.6799,-0.1865,-0.0574,0
-0.1327, 0.0000, 1.0775, 3.1415, 0.0510,-3.3772, 4.6799,-0.1803,-0.0567,0
-0.1318, 0.0000, 1.0398, 3.1415, 0.0829,-3.6913, 4.6799,-0.1728,-0.0560,0
-0.1302, 0.0000, 0.9958, 3.1415, 0.1378,-4.2568, 4.6799,-0.1367,-0.0552,0
-0.1286, 0.0000, 0.9519, 3.1415, 0.1609,-4.3699, 4.6799,-0.1492,-0.0545,0
-0.1266, 0.0000, 0.9047, 3.1415, 0.1898,-4.6439, 4.6799,-0.1417,-0.0538,0
-0.1242, 0.0000, 0.8545, 3.1415, 0.2319,-4.9500, 4.6799,-0.1284,-0.0531,0
-0.1215, 0.0000, 0.8011, 3.1415, 0.2586,-5.2625, 4.6799,-0.1120,-0.0524,0
-0.1186, 0.0000, 0.7445, 3.1415, 0.2821,-5.5764, 4.6799,-0.0927,-0.0516,0
-0.1153, 0.0000, 0.6848, 3.1415, 0.3232,-5.8905, 4.6799,-0.0703,-0.0509,0
-0.1116, 0.0000, 0.6220, 3.1415, 0.3617,-6.2046,-4.6799,-0.0446,-0.0502,0
-0.1080, 0.0000, 0.5592, 3.1415, 0.3573,-6.2674, 4.6799,-0.0587,-0.0495,0
-0.1040, 0.0000, 0.4932, 3.1415, 0.3928,-6.5313,-4.6799,-0.0352,-0.0488,0
-0.1004, 0.0000, 0.4241, 3.1415, 0.3696,-6.8354,-4.6799,-0.0003,-0.0481,0
-0.0967, 0.0000, 0.3581, 3.1415, 0.3710,-6.6449, 4.6799,-0.0543,-0.0473,0
-0.0931, 0.0000, 0.2890, 3.1415, 0.3591,-6.8581,-4.6799,-0.0298,-0.0466,0
-0.0897, 0.0000, 0.2167, 3.1415, 0.3446,-7.1521,-4.6799, 0.0148,-0.0459,0
-0.0864, 0.0000, 0.1476, 3.1415, 0.3296,-6.9596,-4.6799,-0.0321,-0.0452,0
-0.0835, 0.0000, 0.0785, 3.1415, 0.2963,-6.9211, 2.0823,-0.0452,-0.0445,0
-0.0806, 0.0000, 0.0125, 3.1415, 0.2957,-6.6621, 4.6799,-0.0966,-0.0437,0
-0.0779, 0.0000,-0.0565, 3.1415, 0.2774,-6.8616, 4.6799,-0.0577,-0.0430,0
-0.0749, 0.0000,-0.1256, 3.1415, 0.2919,-6.9015, 4.6799,-0.0455,-0.0423,0
-0.0719, 0.0000,-0.1947, 3.1415, 0.3009,-6.9095,-4.6799,-0.0361,-0.0416,0
-0.0692, 0.0000,-0.2638, 3.1415, 0.2724,-6.9111,-4.6799,-0.0245,-0.0409,0
-0.0667, 0.0000,-0.3267, 3.1415, 0.2545,-6.4087, 4.6799,-0.1050,-0.0402,0
-0.0645, 0.0000,-0.3926, 3.1415, 0.2267,-6.5596, 4.6799,-0.0610,-0.0394,0
-0.0623, 0.0000,-0.4523, 3.1415, 0.2211,-6.0871, 4.6799,-0.1271,-0.0387,0
-0.0602, 0.0000,-0.5152, 3.1415, 0.2140,-6.2439, 4.6799,-0.0790,-0.0380,0
-0.0582, 0.0000,-0.5749, 3.1415, 0.2004,-6.0240, 4.6799,-0.0946,-0.0373,0
-0.0561, 0.0000,-0.6314, 3.1415, 0.2098,-5.7286, 4.6799,-0.1201,-0.0366,0
-0.0538, 0.0000,-0.6880, 3.1415, 0.2238,-5.6696, 4.6799,-0.1047,-0.0358,0
-0.0517, 0.0000,-0.7414, 3.1415, 0.2145,-5.4064, 4.6799,-0.1203,-0.0351,0
-0.0497, 0.0000,-0.7948, 3.1415, 0.2066,-5.3538, 4.6799,-0.1016,-0.0344,0
-0.0476, 0.0000,-0.8450, 3.1415, 0.2050,-5.0920, 4.6799,-0.1135,-0.0337,0
-0.0454, 0.0000,-0.8922, 3.1415, 0.2168,-4.7883, 4.6799,-0.1297,-0.0330,0
-0.0434, 0.0000,-0.9393, 3.1415, 0.2070,-4.7275, 4.6799,-0.1110,-0.0323,0
-0.0414, 0.0000,-0.9801, 3.1415, 0.1990,-4.2127, 4.6799,-0.1514,-0.0315,0
-0.0394, 0.0000,-1.0210, 3.1415, 0.2035,-4.1098, 4.6799,-0.1387,-0.0308,0
-0.0372, 0.0000,-1.0587, 3.1415, 0.2165,-3.8378, 4.6799,-0.1456,-0.0301,0
-0.0350, 0.0000,-1.0932, 3.1415, 0.2130,-3.5321, 4.6799,-0.1553,-0.0294,0
-0.0328, 0.0000,-1.1278, 3.1415, 0.2184,-3.4710, 4.6799,-0.1391,-0.0287,0
-0.0305, 0.0000,-1.1561, 3.1415, 0.2316,-2.9561, 4.6799,-0.1669,-0.0280,0
-0.0281, 0.0000,-1.1843, 3.1415, 0.2403,-2.8531, 4.6799,-0.1566,-0.0272,0
-0.0256, 0.0000,-1.2095, 3.1415, 0.2420,-2.5812, 4.6799,-0.1605,-0.0265,0
-0.0232, 0.0000,-1.2315, 3.1415, 0.2424,-2.2755, 4.6799,-0.1665,-0.0258,0
-0.0207, 0.0000,-1.2503, 3.1415, 0.2485,-1.9630, 4.6799,-0.1722,-0.0251,0
-0.0180, 0.0000,-1.2660, 3.1415, 0.2679,-1.6492, 4.6799,-0.1773,-0.0244,0
-0.0153, 0.0000,-1.2817, 3.1415, 0.2718,-1.5864, 4.6799,-0.1694,-0.0236,0
-0.0124, 0.0000,-1.2911, 3.1415, 0.2847,-1.0712, 4.6799,-0.1821,-0.0229,0
-0.0093, 0.0000,-1.3006, 3.1415, 0.2994,-0.9682, 4.6799,-0.1785,-0.0222,0
-0.0063, 0.0000,-1.3037, 3.1415, 0.3024,-0.4449, 4.6799,-0.1867,-0.0215,0
-0.0031, 0.0000,-1.3069, 3.1415, 0.3151,-0.3403, 3.8549,-0.1856,-0.0208,0
 0.0000, 0.0000,-1.3069, 3.1415, 0.3176,-0.0680, 1.6486,-0.1872,-0.0201,0
 0.0033, 0.0000,-1.3037, 3.1415, 0.3303, 0.2377,-1.0247,-0.1886,-0.0193,0
 0.0064, 0.0000,-1.2974, 3.1415, 0.3146, 0.5501,-4.0168,-0.1895,-0.0186,0
 0.0093, 0.0000,-1.2880, 3.1415, 0.2933, 0.8640,-4.6799,-0.1898,-0.0179,0
 0.0117, 0.0000,-1.2754, 3.1415, 0.2526, 1.1781,-4.6799,-0.1895,-0.0172,0
 0.0138, 0.0000,-1.2597, 3.1415, 0.2203, 1.4922,-4.6799,-0.1885,-0.0165,0
 0.0156, 0.0000,-1.2409, 3.1415, 0.1835, 1.8064,-4.6799,-0.1869,-0.0157,0
 0.0169, 0.0000,-1.2189, 3.1415, 0.1397, 2.1205,-4.6799,-0.1845,-0.0150,0
 0.0177, 0.0000,-1.1938, 3.1415, 0.0946, 2.4347,-4.6799,-0.1813,-0.0143,0
 0.0181, 0.0000,-1.1623, 3.1415, 0.0492, 3.0002,-4.6799,-0.1591,-0.0136,0
 0.0180, 0.0000,-1.1309, 3.1415, 0.0037, 3.1133,-4.6799,-0.1700,-0.0129,0
 0.0175, 0.0000,-1.0932, 3.1415,-0.0416, 3.6385,-4.6799,-0.1446,-0.0122,0
 0.0165, 0.0000,-1.0555, 3.1415,-0.0810, 3.7436,-4.6799,-0.1576,-0.0114,0
 0.0153, 0.0000,-1.0147, 3.1415,-0.1132, 4.0159,-4.6799,-0.1532,-0.0107,0
 0.0137, 0.0000,-0.9676, 3.1415,-0.1499, 4.5731,-4.6799,-0.1145,-0.0100,0
 0.0117, 0.0000,-0.9204, 3.1415,-0.1937, 4.6845,-4.6799,-0.1275,-0.0093,0
 0.0094, 0.0000,-0.8670, 3.1415,-0.2206, 5.2094,-4.6799,-0.0847,-0.0086,0
 0.0068, 0.0000,-0.8136, 3.1415,-0.2563, 5.3144,-4.6799,-0.0978,-0.0078,0
 0.0038, 0.0000,-0.7571, 3.1415,-0.2877, 5.5867,-4.6799,-0.0849,-0.0071,0
 0.0006, 0.0000,-0.6942, 3.1415,-0.3182, 6.1439,-4.6799,-0.0233,-0.0064,0
-0.0031, 0.0000,-0.6314, 3.1415,-0.3607, 6.2553,-4.6799,-0.0318,-0.0057,0
-0.0071, 0.0000,-0.5654, 3.1415,-0.3935, 6.5289,-0.3284,-0.0095,-0.0050,0
-0.0114, 0.0000,-0.4995, 3.1415,-0.4243, 6.5836,-4.6799,-0.0235,-0.0043,0
-0.0159, 0.0000,-0.4272, 3.1415,-0.4486, 7.0972, 4.6799, 0.0516,-0.0035,0
-0.0200, 0.0000,-0.3581, 3.1415,-0.4110, 6.9486, 4.6799, 0.0034,-0.0028,0
-0.0243, 0.0000,-0.2858, 3.1415,-0.4278, 7.1702, 4.6799, 0.0308,-0.0021,0
-0.0282, 0.0000,-0.2136, 3.1415,-0.4008, 7.2145, 4.6799, 0.0269,-0.0014,0
-0.0319, 0.0000,-0.1413, 3.1415,-0.3772, 7.2234, 4.6799, 0.0195,-0.0007,0
-0.0351, 0.0000,-0.0722, 3.1415,-0.3301, 6.9738,-4.6799,-0.0353, 0.0000,0
-0.0385, 0.0000,-0.0031, 3.1415,-0.3388, 6.9239,-4.6799,-0.0469, 0.0007,0
-0.0418, 0.0000, 0.0691, 3.1415,-0.3284, 7.1653, 3.0646, 0.0024, 0.0014,0
-0.0447, 0.0000, 0.1382, 3.1415,-0.2961, 6.9622,-4.6799,-0.0326, 0.0021,0
-0.0478, 0.0000, 0.2073, 3.1415,-0.3078, 6.9216,-4.6799,-0.0319, 0.0028,0
-0.0509, 0.0000, 0.2764, 3.1415,-0.3101, 6.9135,-4.6799,-0.0216, 0.0035,0
-0.0540, 0.0000, 0.3455, 3.1415,-0.3106, 6.9119,-4.6799,-0.0067, 0.0043,0
-0.0569, 0.0000, 0.4115, 3.1415,-0.2985, 6.6602,-4.6799,-0.0371, 0.0050,0
-0.0599, 0.0000, 0.4775, 3.1415,-0.2961, 6.6099,-4.6799,-0.0260, 0.0057,0
-0.0630, 0.0000, 0.5403, 3.1415,-0.3078, 6.3485,-4.6799,-0.0515, 0.0064,0
-0.0660, 0.0000, 0.6031, 3.1415,-0.3041, 6.2962,-4.6799,-0.0363, 0.0071,0
-0.0690, 0.0000, 0.6628, 3.1415,-0.2972, 6.0344,-4.6799,-0.0562, 0.0079,0
-0.0719, 0.0000, 0.7225, 3.1415,-0.2898, 5.9821,-4.6799,-0.0376, 0.0086,0
-0.0748, 0.0000, 0.7791, 3.1415,-0.2883, 5.7203,-4.6799,-0.0528, 0.0093,0
-0.0776, 0.0000, 0.8325, 3.1415,-0.2880, 5.4166,-4.6799,-0.0725, 0.0100,0
-0.0804, 0.0000, 0.8859, 3.1415,-0.2819, 5.3558,-4.6799,-0.0526, 0.0107,0
-0.0832, 0.0000, 0.9361, 3.1415,-0.2807, 5.0924,-4.6799,-0.0626, 0.0114,0
-0.0860, 0.0000, 0.9833, 3.1415,-0.2804, 4.7883,-4.6799,-0.0770, 0.0122,0
-0.0889, 0.0000, 1.0273, 3.1415,-0.2865, 4.4762,-4.6799,-0.0908, 0.0129,0
-0.0917, 0.0000, 1.0681, 3.1415,-0.2755, 4.1625,-4.6799,-0.1033, 0.0136,0
-0.0945, 0.0000, 1.1089, 3.1415,-0.2794, 4.0997,-4.6799,-0.0846, 0.0143,0
-0.0972, 0.0000, 1.1466, 3.1415,-0.2741, 3.8358,-4.6799,-0.0895, 0.0150,0
-0.1001, 0.0000, 1.1812, 3.1415,-0.2852, 3.5317,-4.6799,-0.0980, 0.0158,0
-0.1030, 0.0000, 1.2126, 3.1415,-0.2935, 3.2196,-4.6799,-0.1065, 0.0165,0
-0.1059, 0.0000, 1.2409, 3.1415,-0.2891, 2.9058,-4.6799,-0.1143, 0.0172,0
-0.1090, 0.0000, 1.2660, 3.1415,-0.3064, 2.5917,-4.6799,-0.1214, 0.0179,0
-0.1121, 0.0000, 1.2911, 3.1415,-0.3098, 2.5289,-4.6799,-0.1086, 0.0186,0
-0.1154, 0.0000, 1.3100, 3.1415,-0.3227, 2.0137,-4.6799,-0.1283, 0.0193,0
-0.1186, 0.0000, 1.3288, 3.1415,-0.3252, 1.9107,-4.6799,-0.1209, 0.0201,0
-0.1220, 0.0000, 1.3414, 3.1415,-0.3318, 1.3874,-4.6799,-0.1362, 0.0208,0
-0.1255, 0.0000, 1.3540, 3.1415,-0.3452, 1.2827,-4.6799,-0.1314, 0.0215,0
-0.1290, 0.0000, 1.3634, 3.1415,-0.3540, 1.0105,-4.6799,-0.1335, 0.0222,0
-0.1327, 0.0000, 1.3697, 3.1415,-0.3618, 0.7047,-4.6799,-0.1364, 0.0229,0
-0.1365, 0.0000, 1.3728, 3.1415,-0.3755, 0.3922,-2.6159,-0.1390, 0.0237,0
-0.1402, 0.0000, 1.3728, 3.1415,-0.3782, 0.0784,-0.5197,-0.1411, 0.0244,0
-0.1441, 0.0000, 1.3697, 3.1415,-0.3848,-0.2356, 1.6394,-0.1426, 0.0251,0
-0.1477, 0.0000, 1.3634, 3.1415,-0.3680,-0.5497, 3.9586,-0.1435, 0.0258,0
-0.1509, 0.0000, 1.3540, 3.1415,-0.3282,-0.8639, 4.6799,-0.1439, 0.0265,0
-0.1540, 0.0000, 1.3446, 3.1415,-0.3081,-0.9267, 4.6799,-0.1490, 0.0272,0
-0.1565, 0.0000, 1.3288, 3.1415,-0.2677,-1.4419, 4.6799,-0.1429, 0.0280,0
-0.1587, 0.0000, 1.3100, 3.1415,-0.2293,-1.7963, 4.6799,-0.1399, 0.0287,0
-0.1604, 0.0000, 1.2880, 3.1415,-0.1792,-2.1185, 4.6799,-0.1375, 0.0294,0
-0.1616, 0.0000, 1.2629, 3.1415,-0.1328,-2.4343, 4.6799,-0.1346, 0.0301,0
-0.1624, 0.0000, 1.2315, 3.1415,-0.0932,-3.0001, 4.6799,-0.1129, 0.0308,0
-0.1628, 0.0000, 1.2000, 3.1415,-0.0489,-3.1133, 4.6799,-0.1244, 0.0316,0
-0.1628, 0.0000, 1.1655, 3.1415,-0.0097,-3.3872, 4.6799,-0.1224, 0.0323,0
-0.1624, 0.0000, 1.1278, 3.1415, 0.0344,-3.6933, 4.6799,-0.1168, 0.0330,0
-0.1616, 0.0000, 1.0869, 3.1415, 0.0675,-4.0059, 4.6799,-0.1093, 0.0337,0
-0.1606, 0.0000, 1.0430, 3.1415, 0.0983,-4.3197, 4.6799,-0.1004, 0.0344,0
-0.1591, 0.0000, 0.9927, 3.1415, 0.1348,-4.8851, 4.6799,-0.0582, 0.0351,0
-0.1574, 0.0000, 0.9424, 3.1415, 0.1664,-4.9982, 4.6799,-0.0723, 0.0359,0
-0.1553, 0.0000, 0.8890, 3.1415, 0.1969,-5.2722, 4.6799,-0.0633, 0.0366,0
-0.1529, 0.0000, 0.8325, 3.1415, 0.2334,-5.5783, 4.6799,-0.0476, 0.0373,0
-0.1500, 0.0000, 0.7728, 3.1415, 0.2770,-5.8908, 4.6799,-0.0282, 0.0380,0
-0.1468, 0.0000, 0.7099, 3.1415, 0.3161,-6.2047, 4.6799,-0.0055, 0.0387,0
-0.1432, 0.0000, 0.6440, 3.1415, 0.3482,-6.5188, 4.6799, 0.0206, 0.0395,0
-0.1392, 0.0000, 0.5749, 3.1415, 0.3909,-6.8329,-4.6799, 0.0510, 0.0402,0
-0.1354, 0.0000, 0.5026, 3.1415, 0.3813,-7.1471,-4.6799, 0.0858, 0.0409,0
-0.1316, 0.0000, 0.4335, 3.1415, 0.3794,-6.9586, 4.6799, 0.0262, 0.0416,0
-0.1275, 0.0000, 0.3612, 3.1415, 0.4033,-7.1722,-4.6799, 0.0484, 0.0423,0
-0.1237, 0.0000, 0.2858, 3.1415, 0.3838,-7.4663,-4.6799, 0.0914, 0.0430,0
-0.1200, 0.0000, 0.2136, 3.1415, 0.3738,-7.2737, 4.6799, 0.0389, 0.0438,0
-0.1164, 0.0000, 0.1382, 3.1415, 0.3658,-7.4866,-4.6799, 0.0734, 0.0445,0
-0.1130, 0.0000, 0.0628, 3.1415, 0.3460,-7.5291,-4.6799, 0.0769, 0.0452,0
-0.1097, 0.0000,-0.0094, 3.1415, 0.3299,-7.2863, 4.6799, 0.0252, 0.0459,0
-0.1067, 0.0000,-0.0816, 3.1415, 0.3085,-7.2378, 4.6799, 0.0177, 0.0466,0
-0.1036, 0.0000,-0.1539, 3.1415, 0.3103,-7.2280, 4.6799, 0.0218, 0.0473,0
-0.1004, 0.0000,-0.2261, 3.1415, 0.3167,-7.2261, 4.6799, 0.0312, 0.0481,0
-0.0972, 0.0000,-0.3015, 3.1415, 0.3180,-7.4770,-4.6799, 0.0970, 0.0488,0
-0.0945, 0.0000,-0.3707, 3.1415, 0.2818,-7.0246, 4.6799, 0.0215, 0.0495,0
-0.0917, 0.0000,-0.4398, 3.1415, 0.2807,-6.9341, 4.6799, 0.0234, 0.0502,0
-0.0889, 0.0000,-0.5057, 3.1415, 0.2744,-6.6647, 4.6799,-0.0063, 0.0509,0
-0.0863, 0.0000,-0.5717, 3.1415, 0.2671,-6.6108, 4.6799, 0.0079, 0.0517,0
-0.0838, 0.0000,-0.6377, 3.1415, 0.2535,-6.6000, 4.6799, 0.0329, 0.0524,0
-0.0814, 0.0000,-0.6974, 3.1415, 0.2447,-6.0952, 4.6799,-0.0302, 0.0531,0
-0.0788, 0.0000,-0.7571, 3.1415, 0.2490,-5.9942, 4.6799,-0.0188, 0.0538,0
-0.0764, 0.0000,-0.8168, 3.1415, 0.2438,-5.9740, 4.6799, 0.0080, 0.0545,0
-0.0741, 0.0000,-0.8702, 3.1415, 0.2367,-5.4673, 4.6799,-0.0444, 0.0552,0
-0.0717, 0.0000,-0.9236, 3.1415, 0.2353,-5.3660, 4.6799,-0.0298, 0.0560,0
-0.0693, 0.0000,-0.9738, 3.1415, 0.2410,-5.0944, 4.6799,-0.0402, 0.0567,0
-0.0669, 0.0000,-1.0210, 3.1415, 0.2422,-4.7887, 4.6799,-0.0541, 0.0574,0
-0.0645, 0.0000,-1.0681, 3.1415, 0.2364,-4.7276, 4.6799,-0.0330, 0.0581,0
-0.0623, 0.0000,-1.1089, 3.1415, 0.2231,-4.2127, 4.6799,-0.0714, 0.0588,0
-0.0600, 0.0000,-1.1498, 3.1415, 0.2325,-4.1098, 4.6799,-0.0569, 0.0596,0
-0.0576, 0.0000,-1.1875, 3.1415, 0.2405,-3.8378, 4.6799,-0.0623, 0.0603,0
-0.0551, 0.0000,-1.2220, 3.1415, 0.2421,-3.5321, 4.6799,-0.0706, 0.0610,0
-0.0526, 0.0000,-1.2566, 3.1415, 0.2485,-3.4710, 4.6799,-0.0532, 0.0617,0
-0.0500, 0.0000,-1.2849, 3.1415, 0.2558,-2.9561, 4.6799,-0.0801, 0.0624,0
-0.0473, 0.0000,-1.3100, 3.1415, 0.2694,-2.6018, 4.6799,-0.0903, 0.0631,0
-0.0447, 0.0000,-1.3351, 3.1415, 0.2661,-2.5309, 4.6799,-0.0779, 0.0639,0
-0.0419, 0.0000,-1.3540, 3.1415, 0.2715,-2.0141, 4.6799,-0.0976, 0.0646,0
-0.0391, 0.0000,-1.3728, 3.1415, 0.2847,-1.9108, 4.6799,-0.0900, 0.0653,0
-0.0360, 0.0000,-1.3885, 3.1415, 0.2994,-1.6387, 4.6799,-0.0925, 0.0660,0
-0.0328, 0.0000,-1.3980, 3.1415, 0.3145,-1.0817, 4.6799,-0.1070, 0.0667,0
-0.0297, 0.0000,-1.4074, 3.1415, 0.3175,-0.9703, 4.6799,-0.1036, 0.0675,0
-0.0262, 0.0000,-1.4137, 3.1415, 0.3363,-0.6967, 4.6799,-0.1055, 0.0682,0
-0.0228, 0.0000,-1.4168, 3.1415, 0.3461,-0.3906, 3.2002,-0.1079, 0.0689,0
-0.0192, 0.0000,-1.4168, 3.1415, 0.3542,-0.0781, 1.4455,-0.1100, 0.0696,0
-0.0156, 0.0000,-1.4137, 3.1415, 0.3558, 0.2356,-0.3840,-0.1115, 0.0703,0
-0.0122, 0.0000,-1.4074, 3.1415, 0.3440, 0.5497,-2.3715,-0.1125, 0.0710,0
-0.0090, 0.0000,-1.3980, 3.1415, 0.3234, 0.8639,-4.6051,-0.1130, 0.0718,0
-0.0062, 0.0000,-1.3885, 3.1415, 0.2951, 0.9267,-4.6799,-0.1180, 0.0725,0
-0.0037, 0.0000,-1.3728, 3.1415, 0.2591, 1.4419,-4.6799,-0.1120, 0.0732,0
-0.0015, 0.0000,-1.3540, 3.1415, 0.2215, 1.7963,-4.6799,-0.1092, 0.0739,0
 0.0001, 0.0000,-1.3320, 3.1415, 0.1837, 2.1185,-4.6799,-0.1069, 0.0746,0
 0.0014, 0.0000,-1.3100, 3.1415, 0.1398, 2.1830,-4.6799,-0.1184, 0.0754,0
 0.0022, 0.0000,-1.2817, 3.1415, 0.0946, 2.6985,-4.6799,-0.1027, 0.0761,0
 0.0025, 0.0000,-1.2503, 3.1415, 0.0431, 3.0529,-4.6799,-0.0956, 0.0768,0
 0.0025, 0.0000,-1.2157, 3.1415, 0.0025, 3.3752,-4.6799,-0.0901, 0.0775,0
 0.0020, 0.0000,-1.1749, 3.1415,-0.0358, 3.9422,-4.6799,-0.0593, 0.0782,0
 0.0012, 0.0000,-1.1341, 3.1415,-0.0738, 4.0557,-4.6799,-0.0734, 0.0789,0
 0.0000, 0.0000,-1.0901, 3.1415,-0.1117, 4.3297,-4.6799,-0.0695, 0.0797,0
-0.0015, 0.0000,-1.0430, 3.1415,-0.1496, 4.6358,-4.6799,-0.0607, 0.0804,0
-0.0035, 0.0000,-0.9927, 3.1415,-0.1875, 4.9484,-4.6799,-0.0495, 0.0811,0
-0.0059, 0.0000,-0.9361, 3.1415,-0.2254, 5.5135,-4.6799,-0.0001, 0.0818,0
-0.0086, 0.0000,-0.8796, 3.1415,-0.2633, 5.6266,-4.6799,-0.0145, 0.0825,0
-0.0116, 0.0000,-0.8199, 3.1415,-0.2952, 5.9005,-4.6799,-0.0024, 0.0833,0
-0.0150, 0.0000,-0.7571, 3.1415,-0.3318, 6.2066,-4.6799, 0.0173, 0.0840,0
-0.0187, 0.0000,-0.6911, 3.1415,-0.3634, 6.5192,-4.6799, 0.0417, 0.0847,0
-0.0229, 0.0000,-0.6220, 3.1415,-0.4061, 6.8330,-4.6799, 0.0700, 0.0854,0
-0.0275, 0.0000,-0.5497, 3.1415,-0.4450, 7.1471, 4.6799, 0.1028, 0.0861,0
-0.0316, 0.0000,-0.4775, 3.1415,-0.4164, 7.2099, 4.6799, 0.0900, 0.0868,0
-0.0360, 0.0000,-0.4021, 3.1415,-0.4410, 7.4738, 4.6799, 0.1212, 0.0876,0
-0.0401, 0.0000,-0.3267, 3.1415,-0.4156, 7.5266, 4.6799, 0.1129, 0.0883,0
-0.0441, 0.0000,-0.2513, 3.1415,-0.3984, 7.5371, 4.6799, 0.0997, 0.0890,0
-0.0476, 0.0000,-0.1790, 3.1415,-0.3646, 7.2879,-4.6799, 0.0369, 0.0897,0
-0.0513, 0.0000,-0.1036, 3.1415,-0.3639, 7.4894,-4.6799, 0.0710, 0.0904,0
-0.0548, 0.0000,-0.0282, 3.1415,-0.3577, 7.5297,-4.6799, 0.0759, 0.0912,0
-0.0586, 0.0000, 0.0471, 3.1415,-0.3747, 7.5378,-4.6799, 0.0781, 0.0919,0
-0.0625, 0.0000, 0.1225, 3.1415,-0.3841, 7.5394,-4.6799, 0.0830, 0.0926,0
-0.0664, 0.0000, 0.2010, 3.1415,-0.3921, 7.7910, 4.6799, 0.1461, 0.0933,0
-0.0701, 0.0000, 0.2733, 3.1415,-0.3694, 7.3387,-4.6799, 0.0625, 0.0940,0
-0.0736, 0.0000, 0.3487, 3.1415,-0.3588, 7.4996, 4.6799, 0.1125, 0.0947,0
-0.0766, 0.0000, 0.4178, 3.1415,-0.3082, 7.0291,-4.6799, 0.0354, 0.0955,0
-0.0796, 0.0000, 0.4869, 3.1415,-0.3041, 6.9350,-4.6799, 0.0386, 0.0962,0
-0.0824, 0.0000, 0.5560, 3.1415,-0.2851, 6.9162,-4.6799, 0.0597, 0.0969,0
-0.0854, 0.0000, 0.6220, 3.1415,-0.2935, 6.6611,-4.6799, 0.0375, 0.0976,0
-0.0881, 0.0000, 0.6848, 3.1415,-0.2769, 6.3587,-4.6799, 0.0099, 0.0983,0
-0.0908, 0.0000, 0.7476, 3.1415,-0.2736, 6.2983,-4.6799, 0.0288, 0.0991,0
-0.0935, 0.0000, 0.8073, 3.1415,-0.2669, 6.0348,-4.6799, 0.0133, 0.0998,0
-0.0961, 0.0000, 0.8670, 3.1415,-0.2656, 5.9821,-4.6799, 0.0363, 0.1005,0
-0.0987, 0.0000, 0.9204, 3.1415,-0.2592, 5.4690,-4.6799,-0.0160, 0.1012,0
-0.1012, 0.0000, 0.9738, 3.1415,-0.2519, 5.3663,-4.6799,-0.0004, 0.1019,0
-0.1037, 0.0000, 1.0241, 3.1415,-0.2504, 5.0945,-4.6799,-0.0099, 0.1026,0
-0.1062, 0.0000, 1.0712, 3.1415,-0.2501, 4.7888,-4.6799,-0.0229, 0.1034,0
-0.1088, 0.0000, 1.1152, 3.1415,-0.2561, 4.4763,-4.6799,-0.0353, 0.1041,0
-0.1112, 0.0000, 1.1592, 3.1415,-0.2452, 4.4138,-4.6799,-0.0145, 0.1048,0
-0.1138, 0.0000, 1.1969, 3.1415,-0.2552, 3.8987,-4.6799,-0.0494, 0.1055,0
-0.1164, 0.0000, 1.2346, 3.1415,-0.2571, 3.7956,-4.6799,-0.0351, 0.1062,0
-0.1190, 0.0000, 1.2692, 3.1415,-0.2636, 3.5237,-4.6799,-0.0394, 0.1070,0
-0.1217, 0.0000, 1.2974, 3.1415,-0.2710, 2.9666,-4.6799,-0.0706, 0.1077,0
-0.1246, 0.0000, 1.3257, 3.1415,-0.2785, 2.8552,-4.6799,-0.0600, 0.1084,0
-0.1275, 0.0000, 1.3540, 3.1415,-0.2921, 2.8330,-4.6799,-0.0420, 0.1091,0
-0.1305, 0.0000, 1.3760, 3.1415,-0.2949, 2.3258,-4.6799,-0.0632, 0.1098,0
-0.1335, 0.0000, 1.3948, 3.1415,-0.3015, 1.9731,-4.6799,-0.0711, 0.1105,0
-0.1367, 0.0000, 1.4137, 3.1415,-0.3149, 1.9025,-4.6799,-0.0616, 0.1113,0
-0.1399, 0.0000, 1.4262, 3.1415,-0.3237, 1.3858,-4.6799,-0.0765, 0.1120,0
-0.1433, 0.0000, 1.4357, 3.1415,-0.3375, 1.0311,-4.6799,-0.0818, 0.1127,0
-0.1468, 0.0000, 1.4451, 3.1415,-0.3464, 0.9602,-4.2336,-0.0770, 0.1134,0
-0.1504, 0.0000, 1.4514, 3.1415,-0.3542, 0.6946,-2.8639,-0.0787, 0.1141,0
-0.1541, 0.0000, 1.4514, 3.1415,-0.3679, 0.1389,-0.5319,-0.0852, 0.1148,0
-0.1579, 0.0000, 1.4514, 3.1415,-0.3767, 0.0277, 0.4518,-0.0855, 0.1156,0
-0.1615, 0.0000, 1.4482, 3.1415,-0.3603,-0.2457, 1.7796,-0.0869, 0.1163,0
-0.1647, 0.0000, 1.4388, 3.1415,-0.3327,-0.8031, 4.5263,-0.0854, 0.1170,0
-0.1676, 0.0000, 1.4294, 3.1415,-0.2969,-0.9146, 4.6799,-0.0894, 0.1177,0
-0.1703, 0.0000, 1.4168, 3.1415,-0.2716,-1.1882, 4.6799,-0.0903, 0.1184,0
-0.1725, 0.0000, 1.4011, 3.1415,-0.2301,-1.4942, 4.6799,-0.0899, 0.1192,0
-0.1742, 0.0000, 1.3791, 3.1415,-0.1854,-2.0581, 4.6799,-0.0774, 0.1199,0
-0.1755, 0.0000, 1.3571, 3.1415,-0.1401,-2.1709, 4.6799,-0.0862, 0.1206,0
-0.1764, 0.0000, 1.3320, 3.1415,-0.1007,-2.4448, 4.6799,-0.0861, 0.1213,0
-0.1768, 0.0000, 1.3006, 3.1415,-0.0504,-3.0022, 4.6799,-0.0654, 0.1220,0
-0.1768, 0.0000, 1.2692, 3.1415,-0.0100,-3.1137, 4.6799,-0.0775, 0.1227,0
-0.1764, 0.0000, 1.2315, 3.1415, 0.0282,-3.6386, 4.6799,-0.0536, 0.1235,0
-0.1758, 0.0000, 1.1938, 3.1415, 0.0541,-3.7436, 4.6799,-0.0681, 0.1242,0
-0.1748, 0.0000, 1.1529, 3.1415, 0.0896,-4.0159, 4.6799,-0.0655, 0.1249,0
-0.1734, 0.0000, 1.1058, 3.1415, 0.1270,-4.5731, 4.6799,-0.0291, 0.1256,0
-0.1717, 0.0000, 1.0587, 3.1415, 0.1648,-4.6845, 4.6799,-0.0446, 0.1263,0
-0.1696, 0.0000, 1.0053, 3.1415, 0.1966,-5.2094, 4.6799,-0.0048, 0.1271,0
-0.1671, 0.0000, 0.9519, 3.1415, 0.2394,-5.3144, 4.6799,-0.0211, 0.1278,0
-0.1643, 0.0000, 0.8922, 3.1415, 0.2782,-5.8381, 4.6799, 0.0264, 0.1285,0
-0.1611, 0.0000, 0.8325, 3.1415, 0.3103,-5.9428, 4.6799, 0.0111, 0.1292,0
-0.1576, 0.0000, 0.7665, 3.1415, 0.3409,-6.4664, 4.6799, 0.0681, 0.1299,0
-0.1537, 0.0000, 0.7005, 3.1415, 0.3834,-6.5711, 4.6799, 0.0555, 0.1306,0
-0.1493, 0.0000, 0.6314, 3.1415, 0.4223,-6.8434, 4.6799, 0.0760, 0.1314,0
-0.1446, 0.0000, 0.5592, 3.1415, 0.4603,-7.1492, 4.6799, 0.1068, 0.1321,0
-0.1396, 0.0000, 0.4838, 3.1415, 0.4983,-7.4617,-4.6799, 0.1438, 0.1328,0
-0.1346, 0.0000, 0.4052, 3.1415, 0.4937,-7.7755,-4.6799, 0.1864, 0.1335,0
-0.1299, 0.0000, 0.3267, 3.1415, 0.4807,-7.8382,-4.6799, 0.1800, 0.1342,0
-0.1252, 0.0000, 0.2513, 3.1415, 0.4720,-7.5995, 4.6799, 0.1130, 0.1350,0
-0.1204, 0.0000, 0.1727, 3.1415, 0.4764,-7.8030,-4.6799, 0.1450, 0.1357,0
-0.1160, 0.0000, 0.0942, 3.1415, 0.4469,-7.8438,-4.6799, 0.1464, 0.1364,0
-0.1120, 0.0000, 0.0157, 3.1415, 0.4107,-7.8519,-4.6799, 0.1451, 0.1371,0
-0.1083, 0.0000,-0.0596, 3.1415, 0.3792,-7.6022, 4.6799, 0.0923, 0.1378,0
-0.1045, 0.0000,-0.1350, 3.1415, 0.3729,-7.5523, 4.6799, 0.0869, 0.1385,0
-0.1009, 0.0000,-0.2104, 3.1415, 0.3656,-7.5423, 4.6799, 0.0941, 0.1393,0
-0.0975, 0.0000,-0.2858, 3.1415, 0.3459,-7.5403, 4.6799, 0.1070, 0.1400,0
-0.0940, 0.0000,-0.3581, 3.1415, 0.3481,-7.2885, 4.6799, 0.0712, 0.1407,0
-0.0903, 0.0000,-0.4303, 3.1415, 0.3667,-7.2382, 4.6799, 0.0808, 0.1414,0
-0.0867, 0.0000,-0.5026, 3.1415, 0.3583,-7.2281, 4.6799, 0.1021, 0.1421,0
-0.0832, 0.0000,-0.5717, 3.1415, 0.3505,-6.9748, 4.6799, 0.0772, 0.1429,0
-0.0799, 0.0000,-0.6408, 3.1415, 0.3369,-6.9241, 4.6799, 0.0956, 0.1436,0
-0.0764, 0.0000,-0.7068, 3.1415, 0.3462,-6.6627, 4.6799, 0.0754, 0.1443,0
-0.0732, 0.0000,-0.7696, 3.1415, 0.3299,-6.3590, 4.6799, 0.0504, 0.1450,0
-0.0699, 0.0000,-0.8293, 3.1415, 0.3267,-6.0470, 4.6799, 0.0269, 0.1457,0
-0.0668, 0.0000,-0.8890, 3.1415, 0.3139,-5.9846, 4.6799, 0.0489, 0.1464,0
-0.0636, 0.0000,-0.9456, 3.1415, 0.3174,-5.7208, 4.6799, 0.0379, 0.1472,0
-0.0605, 0.0000,-1.0021, 3.1415, 0.3120,-5.6680, 4.6799, 0.0631, 0.1479,0
-0.0574, 0.0000,-1.0524, 3.1415, 0.3110,-5.1548, 4.6799, 0.0162, 0.1486,0
-0.0544, 0.0000,-1.1026, 3.1415, 0.2986,-5.0522, 4.6799, 0.0333, 0.1493,0
-0.0514, 0.0000,-1.1466, 3.1415, 0.3022,-4.5290, 4.6799,-0.0083, 0.1500,0
-0.0484, 0.0000,-1.1906, 3.1415, 0.3029,-4.4243, 4.6799, 0.0076, 0.1508,0
-0.0453, 0.0000,-1.2315, 3.1415, 0.3031,-4.1521, 4.6799, 0.0023, 0.1515,0
-0.0422, 0.0000,-1.2692, 3.1415, 0.3092,-3.8463, 4.6799,-0.0061, 0.1522,0
-0.0392, 0.0000,-1.3037, 3.1415, 0.3043,-3.5338, 4.6799,-0.0146, 0.1529,0
-0.0360, 0.0000,-1.3383, 3.1415, 0.3155,-3.4713, 4.6799, 0.0032, 0.1536,0
-0.0327, 0.0000,-1.3665, 3.1415, 0.3298,-2.9562, 4.6799,-0.0232, 0.1543,0
-0.0294, 0.0000,-1.3917, 3.1415, 0.3327,-2.6018, 4.6799,-0.0331, 0.1551,0
-0.0259, 0.0000,-1.4168, 3.1415, 0.3394,-2.5309, 4.6799,-0.0204, 0.1558,0
-0.0225, 0.0000,-1.4357, 3.1415, 0.3407,-2.0141, 4.6799,-0.0399, 0.1565,0
-0.0189, 0.0000,-1.4545, 3.1415, 0.3591,-1.9107, 4.6799,-0.0321, 0.1572,0
-0.0152, 0.0000,-1.4671, 3.1415, 0.3689,-1.3874, 4.6799,-0.0473, 0.1579,0
-0.0114, 0.0000,-1.4796, 3.1415, 0.3769,-1.2828, 4.6799,-0.0422, 0.1587,0
-0.0075, 0.0000,-1.4891, 3.1415, 0.3846,-1.0105, 4.2148,-0.0442, 0.1594,0
-0.0034, 0.0000,-1.4922, 3.1415, 0.4043,-0.4534, 2.4214,-0.0534, 0.1601,0
 0.0006, 0.0000,-1.4953, 3.1415, 0.4143,-0.3420, 1.6722,-0.0524, 0.1608,0
 0.0046, 0.0000,-1.4953, 3.1415, 0.4042,-0.0684, 0.7748,-0.0540, 0.1615,0
 0.0088, 0.0000,-1.4922, 3.1415, 0.4143, 0.2376,-0.2635,-0.0555, 0.1622,0
 0.0128, 0.0000,-1.4859, 3.1415, 0.4042, 0.5501,-1.5140,-0.0565, 0.1630,0
 0.0167, 0.0000,-1.4765, 3.1415, 0.3900, 0.8640,-3.0604,-0.0571, 0.1637,0
 0.0200, 0.0000,-1.4639, 3.1415, 0.3448, 1.1781,-4.6799,-0.0571, 0.1644,0
 0.0231, 0.0000,-1.4482, 3.1415, 0.3175, 1.4922,-4.6799,-0.0565, 0.1651,0
 0.0259, 0.0000,-1.4294, 3.1415, 0.2817, 1.8064,-4.6799,-0.0554, 0.1658,0
 0.0283, 0.0000,-1.4074, 3.1415, 0.2503, 2.1205,-4.6799,-0.0538, 0.1666,0
 0.0303, 0.0000,-1.3823, 3.1415, 0.2077, 2.4347,-4.6799,-0.0515, 0.1673,0
 0.0319, 0.0000,-1.3540, 3.1415, 0.1688, 2.7489,-4.6799,-0.0486, 0.1680,0
 0.0331, 0.0000,-1.3226, 3.1415, 0.1307, 3.0630,-4.6799,-0.0450, 0.1687,0
 0.0339, 0.0000,-1.2880, 3.1415, 0.0928, 3.3772,-4.6799,-0.0406, 0.1694,0
 0.0342, 0.0000,-1.2503, 3.1415, 0.0428, 3.6913,-4.6799,-0.0354, 0.1701,0
 0.0341, 0.0000,-1.2095, 3.1415, 0.0025, 4.0055,-4.6799,-0.0292, 0.1709,0
 0.0337, 0.0000,-1.1655, 3.1415,-0.0358, 4.3196,-4.6799,-0.0218, 0.1716,0
 0.0329, 0.0000,-1.1184, 3.1415,-0.0678, 4.6338,-4.6799,-0.0132, 0.1723,0
 0.0316, 0.0000,-1.0649, 3.1415,-0.1166, 5.1993,-4.6799, 0.0305, 0.1730,0
 0.0300, 0.0000,-1.0115, 3.1415,-0.1506, 5.3124,-4.6799, 0.0141, 0.1737,0
 0.0281, 0.0000,-0.9550, 3.1415,-0.1817, 5.5863,-4.6799, 0.0221, 0.1745,0
 0.0259, 0.0000,-0.8953, 3.1415,-0.2182, 5.8924,-4.6799, 0.0371, 0.1752,0
 0.0232, 0.0000,-0.8293, 3.1415,-0.2558, 6.4563,-4.6799, 0.0986, 0.1759,0
 0.0202, 0.0000,-0.7634, 3.1415,-0.2937, 6.5691,-4.6799, 0.0853, 0.1766,0
 0.0168, 0.0000,-0.6942, 3.1415,-0.3315, 6.8430,-4.6799, 0.1037, 0.1773,0
 0.0129, 0.0000,-0.6220, 3.1415,-0.3755, 7.1491,-4.6799, 0.1319, 0.1780,0
 0.0087, 0.0000,-0.5466, 3.1415,-0.4146, 7.4616,-4.6799, 0.1660, 0.1788,0
 0.0041, 0.0000,-0.4680, 3.1415,-0.4467, 7.7755, 4.6799, 0.2055, 0.1795,0
-0.0000, 0.0000,-0.3895, 3.1415,-0.4288, 7.8382, 4.6799, 0.1958, 0.1802,0
-0.0044, 0.0000,-0.3078, 3.1415,-0.4374, 8.1021, 4.6799, 0.2347, 0.1809,0
-0.0086, 0.0000,-0.2293, 3.1415,-0.4209, 7.9036,-4.6799, 0.1752, 0.1816,0
-0.0130, 0.0000,-0.1507, 3.1415,-0.4358, 7.8639,-4.6799, 0.1558, 0.1824,0
-0.0172, 0.0000,-0.0691, 3.1415,-0.4267, 8.1072, 4.6799, 0.2038, 0.1831,0
-0.0210, 0.0000, 0.0125, 3.1415,-0.3885, 8.1559, 4.6799, 0.2132, 0.1838,0
-0.0246, 0.0000, 0.0911, 3.1415,-0.3626, 7.9143,-4.6799, 0.1618, 0.1845,0
-0.0284, 0.0000, 0.1696, 3.1415,-0.3817, 7.8660,-4.6799, 0.1584, 0.1852,0
-0.0320, 0.0000, 0.2481, 3.1415,-0.3613, 7.8563,-4.6799, 0.1680, 0.1859,0
-0.0354, 0.0000, 0.3267, 3.1415,-0.3451, 7.8544,-4.6799, 0.1835, 0.1867,0
-0.0389, 0.0000, 0.4021, 3.1415,-0.3479, 7.6027,-4.6799, 0.1484, 0.1874,0
-0.0423, 0.0000, 0.4775, 3.1415,-0.3424, 7.5524,-4.6799, 0.1607, 0.1881,0
-0.0460, 0.0000, 0.5529, 3.1415,-0.3655, 7.5423,-4.6799, 0.1853, 0.1888,0
-0.0493, 0.0000, 0.6251, 3.1415,-0.3338, 7.2889,-4.6799, 0.1615, 0.1895,0
-0.0525, 0.0000, 0.6942, 3.1415,-0.3214, 6.9870,-4.6799, 0.1315, 0.1902,0
-0.0557, 0.0000, 0.7602, 3.1415,-0.3189, 6.6752,-4.6799, 0.1034, 0.1910,0
-0.0588, 0.0000, 0.8262, 3.1415,-0.3123, 6.6129,-4.6799, 0.1256, 0.1917,0
-0.0619, 0.0000, 0.8890, 3.1415,-0.3110, 6.3491,-4.6799, 0.1118, 0.1924,0
-0.0646, 0.0000, 0.9519, 3.1415,-0.2804, 6.2963,-4.6799, 0.1384, 0.1931,0
-0.0676, 0.0000, 1.0084, 3.1415,-0.2925, 5.7831,-4.6799, 0.0853, 0.1938,0
-0.0704, 0.0000, 1.0618, 3.1415,-0.2889, 5.4291,-4.6799, 0.0627, 0.1946,0
-0.0732, 0.0000, 1.1152, 3.1415,-0.2821, 5.3584,-4.6799, 0.0860, 0.1953,0
-0.0759, 0.0000, 1.1655, 3.1415,-0.2686, 5.0929,-4.6799, 0.0800, 0.1960,0
-0.0785, 0.0000, 1.2126, 3.1415,-0.2598, 4.7884,-4.6799, 0.0693, 0.1967,0
-0.0813, 0.0000, 1.2566, 3.1415,-0.2763, 4.4762,-4.6799, 0.0586, 0.1974,0
-0.0841, 0.0000, 1.2974, 3.1415,-0.2796, 4.1625,-4.6799, 0.0487, 0.1981,0
-0.0869, 0.0000, 1.3351, 3.1415,-0.2802, 3.8484,-4.6799, 0.0397, 0.1989,0
-0.0896, 0.0000, 1.3728, 3.1415,-0.2743, 3.7856,-4.6799, 0.0594, 0.1996,0
-0.0926, 0.0000, 1.4042, 3.1415,-0.2913, 3.2703,-4.6799, 0.0307, 0.2003,0
-0.0955, 0.0000, 1.4325, 3.1415,-0.2947, 2.9160,-4.6799, 0.0200, 0.2010,0
-0.0986, 0.0000, 1.4608, 3.1415,-0.3075, 2.8451,-4.6799, 0.0345, 0.2017,0
-0.1017, 0.0000, 1.4859, 3.1415,-0.3040, 2.5796,-4.6799, 0.0323, 0.2025,0
-0.1049, 0.0000, 1.5079, 3.1415,-0.3215, 2.2752,-4.6799, 0.0273, 0.2032,0
-0.1083, 0.0000, 1.5236, 3.1415,-0.3371, 1.7116,-3.3714, 0.0071, 0.2039,0
-0.1117, 0.0000, 1.5393, 3.1415,-0.3402, 1.5989,-1.8119, 0.0132, 0.2046,0
-0.1153, 0.0000, 1.5519, 3.1415,-0.3530, 1.3251,-0.7098, 0.0110, 0.2053,0
-0.1187, 0.0000, 1.5582, 3.1415,-0.3434, 0.7676, 0.0310,-0.0007, 0.2060,0
-0.1221, 0.0000, 1.5645, 3.1415,-0.3415, 0.6561, 0.3712, 0.0015, 0.2068,0
-0.1255, 0.0000, 1.5676, 3.1415,-0.3350, 0.3825, 0.5618,-0.0002, 0.2075,0
-0.1284, 0.0000, 1.5676, 3.1415,-0.3034, 0.0765, 0.6676,-0.0021, 0.2082,0
-0.1311, 0.0000, 1.5645, 3.1415,-0.2789,-0.2360, 0.7680,-0.0037, 0.2089,0
-0.1336, 0.0000, 1.5582, 3.1415,-0.2558,-0.5498, 0.9968,-0.0047, 0.2096,0
-0.1358, 0.0000, 1.5488, 3.1415,-0.2270,-0.8639, 1.4939,-0.0053, 0.2104,0
-0.1378, 0.0000, 1.5362, 3.1415,-0.2030,-1.1780, 2.3836,-0.0053, 0.2111,0
-0.1395, 0.0000, 1.5205, 3.1415,-0.1740,-1.4922, 3.8040,-0.0049, 0.2118,0
-0.1409, 0.0000, 1.5016, 3.1415,-0.1500,-1.8064, 4.6799,-0.0039, 0.2125,0
-0.1420, 0.0000, 1.4796, 3.1415,-0.1148,-2.1205, 4.6799,-0.0023, 0.2132,0
-0.1426, 0.0000, 1.4576, 3.1415,-0.0714,-2.1834, 4.6799,-0.0142, 0.2139,0
-0.1428, 0.0000, 1.4294, 3.1415,-0.0324,-2.6986, 4.6799, 0.0007, 0.2147,0
-0.1427, 0.0000, 1.3980, 3.1415, 0.0056,-3.0530, 4.6799, 0.0070, 0.2154,0
-0.1423, 0.0000, 1.3634, 3.1415, 0.0314,-3.3751, 4.6799, 0.0116, 0.2161,0
-0.1415, 0.0000, 1.3257, 3.1415, 0.0729,-3.6909, 4.6799, 0.0165, 0.2168,0
-0.1405, 0.0000, 1.2880, 3.1415, 0.0934,-3.7541, 4.6799,-0.0030, 0.2175,0
-0.1391, 0.0000, 1.2440, 3.1415, 0.1278,-4.2694, 4.6799, 0.0247, 0.2183,0
-0.1376, 0.0000, 1.1969, 3.1415, 0.1468,-4.6237, 4.6799, 0.0370, 0.2190,0
-0.1357, 0.0000, 1.1466, 3.1415, 0.1809,-4.9459, 4.6799, 0.0469, 0.2197,0
-0.1333, 0.0000, 1.0932, 3.1415, 0.2241,-5.2617, 4.6799, 0.0575, 0.2204,0
-0.1306, 0.0000, 1.0398, 3.1415, 0.2631,-5.3249, 4.6799, 0.0333, 0.2211,0
-0.1276, 0.0000, 0.9801, 3.1415, 0.2951,-5.8402, 4.6799, 0.0776, 0.2218,0
-0.1242, 0.0000, 0.9173, 3.1415, 0.3318,-6.1945, 4.6799, 0.1006, 0.2226,0
-0.1203, 0.0000, 0.8513, 3.1415, 0.3756,-6.5167, 4.6799, 0.1213, 0.2233,0
-0.1161, 0.0000, 0.7822, 3.1415, 0.4086,-6.8325, 4.6799, 0.1442, 0.2240,0
-0.1116, 0.0000, 0.7099, 3.1415, 0.4455,-7.1470, 4.6799, 0.1705, 0.2247,0
-0.1066, 0.0000, 0.6346, 3.1415, 0.4892,-7.4612, 4.6799, 0.2011, 0.2254,0
-0.1012, 0.0000, 0.5592, 3.1415, 0.5283,-7.5241, 4.6799, 0.1838, 0.2262,0
-0.0955, 0.0000, 0.4775, 3.1415, 0.5604,-8.0393,-4.6799, 0.2670, 0.2269,0
-0.0898, 0.0000, 0.3958, 3.1415, 0.5668,-8.1423,-4.6799, 0.2656, 0.2276,0
-0.0842, 0.0000, 0.3141, 3.1415, 0.5620,-8.1629,-4.6799, 0.2499, 0.2283,0
-0.0789, 0.0000, 0.2324, 3.1415, 0.5368,-8.1671,-4.6799, 0.2350, 0.2290,0
-0.0739, 0.0000, 0.1507, 3.1415, 0.5075,-8.1679, 4.6799, 0.2240, 0.2297,0
-0.0688, 0.0000, 0.0659, 3.1415, 0.5077,-8.4194,-4.6799, 0.2758, 0.2305,0
-0.0642, 0.0000,-0.0157, 3.1415, 0.4714,-8.2183, 4.6799, 0.2275, 0.2312,0
-0.0594, 0.0000,-0.0942, 3.1415, 0.4762,-7.9268, 4.6799, 0.1647, 0.2319,0
-0.0547, 0.0000,-0.1759, 3.1415, 0.4772,-8.1198, 4.6799, 0.2160, 0.2326,0
-0.0497, 0.0000,-0.2576, 3.1415, 0.4895,-8.1584,-4.4505, 0.2374, 0.2333,0
-0.0455, 0.0000,-0.3361, 3.1415, 0.4374,-7.9148, 4.6799, 0.1991, 0.2341,0
-0.0411, 0.0000,-0.4146, 3.1415, 0.4391,-7.8661, 4.6799, 0.2090, 0.2348,0
-0.0368, 0.0000,-0.4900, 3.1415, 0.4334,-7.6050, 4.6799, 0.1761, 0.2355,0
-0.0325, 0.0000,-0.5654, 3.1415, 0.4262,-7.5528, 4.6799, 0.1923, 0.2362,0
-0.0285, 0.0000,-0.6377, 3.1415, 0.4066,-7.2911, 4.6799, 0.1672, 0.2369,0
-0.0247, 0.0000,-0.7099, 3.1415, 0.3905,-7.2387, 4.6799, 0.1890, 0.2376,0
-0.0208, 0.0000,-0.7759, 3.1415, 0.3873,-6.7256, 4.6799, 0.1207, 0.2384,0
-0.0170, 0.0000,-0.8419, 3.1415, 0.3806,-6.6230, 4.6799, 0.1358, 0.2391,0
-0.0134, 0.0000,-0.9079, 3.1415, 0.3671,-6.6024, 4.6799, 0.1683, 0.2398,0
-0.0099, 0.0000,-0.9676, 3.1415, 0.3523,-6.0957, 4.6799, 0.1128, 0.2405,0
-0.0063, 0.0000,-1.0273, 3.1415, 0.3554,-5.9943, 4.6799, 0.1317, 0.2412,0
-0.0028, 0.0000,-1.0838, 3.1415, 0.3500,-5.7227, 4.6799, 0.1224, 0.2420,0
 0.0006, 0.0000,-1.1372, 3.1415, 0.3489,-5.4171, 4.6799, 0.1091, 0.2427,0
 0.0038, 0.0000,-1.1843, 3.1415, 0.3305,-4.8533, 4.6799, 0.0591, 0.2434,0
 0.0072, 0.0000,-1.2346, 3.1415, 0.3389,-4.9919, 4.6799, 0.1120, 0.2441,0
 0.0106, 0.0000,-1.2786, 3.1415, 0.3406,-4.5169, 4.6799, 0.0788, 0.2448,0
 0.0140, 0.0000,-1.3194, 3.1415, 0.3409,-4.1706, 4.6799, 0.0649, 0.2455,0
 0.0174, 0.0000,-1.3603, 3.1415, 0.3349,-4.1013, 4.6799, 0.0854, 0.2463,0
 0.0209, 0.0000,-1.3948, 3.1415, 0.3459,-3.5848, 4.6799, 0.0542, 0.2470,0
 0.0244, 0.0000,-1.4294, 3.1415, 0.3541,-3.4815, 4.6799, 0.0685, 0.2477,0
 0.0281, 0.0000,-1.4576, 3.1415, 0.3618,-2.9582, 4.6799, 0.0414, 0.2484,0
 0.0318, 0.0000,-1.4859, 3.1415, 0.3694,-2.8536, 4.6799, 0.0531, 0.2491,0
 0.0355, 0.0000,-1.5079, 3.1415, 0.3710,-2.3300, 4.6799, 0.0309, 0.2499,0
 0.0394, 0.0000,-1.5299, 3.1415, 0.3834,-2.2252, 4.6406, 0.0400, 0.2506,0
 0.0434, 0.0000,-1.5488, 3.1415, 0.3980,-1.9530, 2.4223, 0.0376, 0.2513,0
 0.0475, 0.0000,-1.5645, 3.1415, 0.4070,-1.6472, 0.8050, 0.0334, 0.2520,0
 0.0516, 0.0000,-1.5770, 3.1415, 0.4088,-1.3347,-0.2267, 0.0294, 0.2527,0
 0.0555, 0.0000,-1.5833, 3.1415, 0.3970,-0.7696,-0.5391, 0.0173, 0.2534,0
 0.0593, 0.0000,-1.5896, 3.1415, 0.3825,-0.6565,-0.6943, 0.0195, 0.2542,0
 0.0629, 0.0000,-1.5927, 3.1415, 0.3614,-0.3826,-0.6079, 0.0178, 0.2549,0
 0.0663, 0.0000,-1.5927, 3.1415, 0.3451,-0.0765,-0.3455, 0.0158, 0.2556,0
 0.0695, 0.0000,-1.5896, 3.1415, 0.3236, 0.2360,-0.0694, 0.0143, 0.2563,0
 0.0725, 0.0000,-1.5833, 3.1415, 0.3072, 0.5498, 0.0686, 0.0132, 0.2570,0
 0.0754, 0.0000,-1.5770, 3.1415, 0.2979, 0.6126,-0.0671, 0.0097, 0.2577,0
 0.0781, 0.0000,-1.5645, 3.1415, 0.2718, 1.1278,-0.5235, 0.0132, 0.2585,0
 0.0806, 0.0000,-1.5488, 3.1415, 0.2544, 1.4822,-1.6736, 0.0149, 0.2592,0
 0.0828, 0.0000,-1.5299, 3.1415, 0.2267, 1.8044,-3.5928, 0.0162, 0.2599,0
 0.0848, 0.0000,-1.5111, 3.1415, 0.2090, 1.8688,-4.6799, 0.0060, 0.2606,0
 0.0864, 0.0000,-1.4859, 3.1415, 0.1691, 2.3843,-4.6799, 0.0187, 0.2613,0
 0.0876, 0.0000,-1.4576, 3.1415, 0.1308, 2.7388,-4.6799, 0.0239, 0.2621,0
 0.0886, 0.0000,-1.4294, 3.1415, 0.0989, 2.8097,-4.6799, 0.0093, 0.2628,0
 0.0891, 0.0000,-1.3948, 3.1415, 0.0622, 3.3265,-4.6799, 0.0292, 0.2635,0
 0.0892, 0.0000,-1.3571, 3.1415, 0.0185, 3.6812,-4.6799, 0.0374, 0.2642,0
 0.0889, 0.0000,-1.3194, 3.1415,-0.0205, 3.7521,-4.6799, 0.0185, 0.2649,0
 0.0882, 0.0000,-1.2754, 3.1415,-0.0526, 4.2690,-4.6799, 0.0461, 0.2656,0
 0.0873, 0.0000,-1.2283, 3.1415,-0.0832, 4.6237,-4.6799, 0.0581, 0.2664,0
 0.0861, 0.0000,-1.1780, 3.1415,-0.1136, 4.9459,-4.6799, 0.0676, 0.2671,0
 0.0845, 0.0000,-1.1278, 3.1415,-0.1500, 5.0104,-4.6799, 0.0436, 0.2678,0
 0.0826, 0.0000,-1.0712, 3.1415,-0.1815, 5.5259,-4.6799, 0.0835, 0.2685,0
 0.0804, 0.0000,-1.0115, 3.1415,-0.2182, 5.8804,-4.6799, 0.1031, 0.2692,0
 0.0777, 0.0000,-0.9487, 3.1415,-0.2558, 6.2026,-4.6799, 0.1201, 0.2700,0
 0.0747, 0.0000,-0.8827, 3.1415,-0.2937, 6.5184,-4.6799, 0.1388, 0.2707,0
 0.0712, 0.0000,-0.8168, 3.1415,-0.3376, 6.5815,-4.6799, 0.1148, 0.2714,0
 0.0673, 0.0000,-0.7445, 3.1415,-0.3767, 7.0968,-4.6799, 0.1770, 0.2721,0
 0.0630, 0.0000,-0.6691, 3.1415,-0.4209, 7.4512,-4.6799, 0.2140, 0.2728,0
 0.0583, 0.0000,-0.5906, 3.1415,-0.4601, 7.7734,-4.6799, 0.2495, 0.2735,0
 0.0532, 0.0000,-0.5120, 3.1415,-0.5043, 7.8378,-4.6799, 0.2340, 0.2743,0
 0.0477, 0.0000,-0.4303, 3.1415,-0.5374, 8.1020,-4.6799, 0.2664, 0.2750,0
 0.0419, 0.0000,-0.3455, 3.1415,-0.5743, 8.4062, 4.6799, 0.3136, 0.2757,0
 0.0365, 0.0000,-0.2576, 3.1415,-0.5453, 8.7184, 4.6799, 0.3697, 0.2764,0
 0.0308, 0.0000,-0.1727, 3.1415,-0.5638, 8.5295, 4.6799, 0.3111, 0.2771,0
 0.0256, 0.0000,-0.0879, 3.1415,-0.5311, 8.4917, 4.6799, 0.2942, 0.2779,0
 0.0208, 0.0000,-0.0031, 3.1415,-0.4882, 8.4841, 4.6799, 0.2896, 0.2786,0
 0.0165, 0.0000, 0.0785, 3.1415,-0.4432, 8.2313,-4.6799, 0.2326, 0.2793,0
 0.0122, 0.0000, 0.1602, 3.1415,-0.4342, 8.1807,-4.6799, 0.2280, 0.2800,0
 0.0080, 0.0000, 0.2419, 3.1415,-0.4203, 8.1706,-4.6799, 0.2374, 0.2807,0
 0.0040, 0.0000, 0.3235, 3.1415,-0.4054, 8.1686,-4.6799, 0.2533, 0.2814,0
-0.0000, 0.0000, 0.4021, 3.1415,-0.4085, 7.9169,-4.6799, 0.2166, 0.2822,0
-0.0040, 0.0000, 0.4806, 3.1415,-0.3969, 7.8665,-4.6799, 0.2296, 0.2829,0
-0.0081, 0.0000, 0.5560, 3.1415,-0.4068, 7.6051,-4.6799, 0.1998, 0.2836,0
-0.0119, 0.0000, 0.6314, 3.1415,-0.3905, 7.5528,-4.6799, 0.2190, 0.2843,0
-0.0156, 0.0000, 0.7037, 3.1415,-0.3691, 7.2911,-4.6799, 0.1967, 0.2850,0
-0.0192, 0.0000, 0.7759, 3.1415,-0.3648, 7.2387,-4.6799, 0.2210, 0.2858,0
-0.0226, 0.0000, 0.8419, 3.1415,-0.3458, 6.7256,-4.6799, 0.1550, 0.2865,0
-0.0262, 0.0000, 0.9079, 3.1415,-0.3541, 6.6229,-4.6799, 0.1721, 0.2872,0
-0.0295, 0.0000, 0.9707, 3.1415,-0.3376, 6.3511,-4.6799, 0.1592, 0.2879,0
-0.0328, 0.0000, 1.0304, 3.1415,-0.3282, 6.0454,-4.6799, 0.1422, 0.2886,0
-0.0360, 0.0000, 1.0901, 3.1415,-0.3263, 5.9843,-4.6799, 0.1693, 0.2893,0
-0.0391, 0.0000, 1.1435, 3.1415,-0.3138, 5.4694,-4.6799, 0.1212, 0.2901,0
-0.0424, 0.0000, 1.1969, 3.1415,-0.3234, 5.3664,-4.6799, 0.1409, 0.2908,0
-0.0454, 0.0000, 1.2440, 3.1415,-0.3072, 4.8432,-4.6799, 0.0979, 0.2915,0
-0.0486, 0.0000, 1.2911, 3.1415,-0.3161, 4.7385,-4.6799, 0.1161, 0.2922,0
-0.0518, 0.0000, 1.3351, 3.1415,-0.3178, 4.4662,-4.6799, 0.1116, 0.2929,0
-0.0548, 0.0000, 1.3760, 3.1415,-0.3061, 4.1605,-4.6799, 0.1033, 0.2937,0
-0.0581, 0.0000, 1.4137, 3.1415,-0.3219, 3.8480,-4.6799, 0.0949, 0.2944,0
-0.0612, 0.0000, 1.4482, 3.1415,-0.3129, 3.5342,-4.6799, 0.0871, 0.2951,0
-0.0646, 0.0000, 1.4796, 3.1415,-0.3354, 3.2201,-4.6799, 0.0798, 0.2958,0
-0.0679, 0.0000, 1.5079, 3.1415,-0.3338, 2.9059,-4.6799, 0.0731, 0.2965,0
-0.0713, 0.0000, 1.5330, 3.1415,-0.3396, 2.5918,-4.6799, 0.0669, 0.2972,0
-0.0750, 0.0000, 1.5550, 3.1415,-0.3589, 2.2776,-2.1547, 0.0613, 0.2980,0
-0.0785, 0.0000, 1.5770, 3.1415,-0.3567, 2.2148, 0.3641, 0.0731, 0.2987,0
-0.0820, 0.0000, 1.5927, 3.1415,-0.3502, 1.6995, 1.9553, 0.0562, 0.2994,0
-0.0852, 0.0000, 1.6084, 3.1415,-0.3247, 1.5965, 3.0762, 0.0627, 0.3001,0
-0.0880, 0.0000, 1.6179, 3.1415,-0.2892, 1.0732, 3.1292, 0.0499, 0.3008,0
-0.0907, 0.0000, 1.6242, 3.1415,-0.2761, 0.7173, 2.6252, 0.0455, 0.3016,0
-0.0929, 0.0000, 1.6304, 3.1415,-0.2310, 0.6461, 2.5477, 0.0486, 0.3023,0
-0.0948, 0.0000, 1.6336, 3.1415,-0.1977, 0.3805, 1.9489, 0.0471, 0.3030,0
-0.0965, 0.0000, 1.6304, 3.1415,-0.1729,-0.1752, 0.3381, 0.0432, 0.3037,0
-0.0979, 0.0000, 1.6273, 3.1415,-0.1497,-0.2863,-0.1667, 0.0417, 0.3044,0
-0.0992, 0.0000, 1.6210, 3.1415,-0.1330,-0.5599,-0.8015, 0.0404, 0.3051,0
-0.1005, 0.0000, 1.6116, 3.1415,-0.1236,-0.8659,-1.2473, 0.0398, 0.3059,0
-0.1018, 0.0000, 1.5990, 3.1415,-0.1338,-1.1785,-1.2511, 0.0397, 0.3066,0
-0.1032, 0.0000, 1.5833, 3.1415,-0.1359,-1.4923,-0.5930, 0.0402, 0.3073,0
-0.1046, 0.0000, 1.5645, 3.1415,-0.1423,-1.8064, 0.8839, 0.0411, 0.3080,0
-0.1058, 0.0000, 1.5425, 3.1415,-0.1194,-2.1205, 3.3587, 0.0426, 0.3087,0
-0.1067, 0.0000, 1.5173, 3.1415,-0.1027,-2.4347, 4.6799, 0.0446, 0.3095,0
-0.1074, 0.0000, 1.4891, 3.1415,-0.0751,-2.7488, 4.6799, 0.0472, 0.3102,0
-0.1077, 0.0000, 1.4576, 3.1415,-0.0392,-3.0630, 4.6799, 0.0503, 0.3109,0
-0.1077, 0.0000, 1.4231, 3.1415,-0.0017,-3.3772, 4.6799, 0.0540, 0.3116,0
-0.1071, 0.0000, 1.3854, 3.1415, 0.0420,-3.6913, 4.6799, 0.0584, 0.3123,0
-0.1064, 0.0000, 1.3446, 3.1415, 0.0690,-4.0055, 4.6799, 0.0635, 0.3130,0
-0.1054, 0.0000, 1.3006, 3.1415, 0.0926,-4.3196, 4.6799, 0.0695, 0.3138,0
-0.1040, 0.0000, 1.2534, 3.1415, 0.1276,-4.6338, 4.6799, 0.0765, 0.3145,0
-0.1023, 0.0000, 1.2032, 3.1415, 0.1589,-4.9480, 4.6799, 0.0847, 0.3152,0
-0.1005, 0.0000, 1.1498, 3.1415, 0.1833,-5.2621, 4.6799, 0.0942, 0.3159,0
-0.0982, 0.0000, 1.0932, 3.1415, 0.2185,-5.5763, 4.6799, 0.1053, 0.3166,0
-0.0956, 0.0000, 1.0335, 3.1415, 0.2498,-5.8904, 4.6799, 0.1182, 0.3174,0
-0.0926, 0.0000, 0.9707, 3.1415, 0.2925,-6.2046, 4.6799, 0.1334, 0.3181,0
-0.0891, 0.0000, 0.9047, 3.1415, 0.3374,-6.5188, 4.6799, 0.1512, 0.3188,0
-0.0852, 0.0000, 0.8356, 3.1415, 0.3767,-6.8329, 4.6799, 0.1720, 0.3195,0
-0.0810, 0.0000, 0.7634, 3.1415, 0.4088,-7.1471, 4.6799, 0.1963, 0.3202,0
-0.0765, 0.0000, 0.6880, 3.1415, 0.4455,-7.4612, 4.6799, 0.2246, 0.3209,0
-0.0715, 0.0000, 0.6094, 3.1415, 0.4892,-7.7754, 4.6799, 0.2576, 0.3217,0
-0.0661, 0.0000, 0.5277, 3.1415, 0.5283,-8.0896, 4.6799, 0.2958, 0.3224,0
-0.0604, 0.0000, 0.4461, 3.1415, 0.5604,-8.1524, 4.6799, 0.2826, 0.3231,0
-0.0543, 0.0000, 0.3612, 3.1415, 0.6032,-8.4163, 1.9333, 0.3199, 0.3238,0
-0.0479, 0.0000, 0.2733, 3.1415, 0.6299,-8.7204,-4.6799, 0.3732, 0.3245,0
-0.0417, 0.0000, 0.1853, 3.1415, 0.6231,-8.7812,-4.6799, 0.3737, 0.3252,0
-0.0359, 0.0000, 0.0973, 3.1415, 0.5915,-8.7934,-4.6799, 0.3678, 0.3260,0
-0.0303, 0.0000, 0.0094, 3.1415, 0.5669,-8.7958,-4.6799, 0.3650, 0.3267,0
-0.0250, 0.0000,-0.0753, 3.1415, 0.5378,-8.5450, 4.6799, 0.3061, 0.3274,0
-0.0198, 0.0000,-0.1602, 3.1415, 0.5198,-8.4948, 4.6799, 0.3013, 0.3281,0
-0.0148, 0.0000,-0.2450, 3.1415, 0.5041,-8.4848, 4.6799, 0.3112, 0.3288,0
-0.0098, 0.0000,-0.3267, 3.1415, 0.5010,-8.2314, 4.6799, 0.2684, 0.3296,0
-0.0049, 0.0000,-0.4115, 3.1415, 0.4943,-8.4321,-4.6799, 0.3372, 0.3303,0
-0.0005, 0.0000,-0.4900, 3.1415, 0.4505,-7.9696, 4.6799, 0.2556, 0.3310,0
 0.0039, 0.0000,-0.5686, 3.1415, 0.4478,-7.8771, 4.6799, 0.2635, 0.3317,0
 0.0081, 0.0000,-0.6440, 3.1415, 0.4230,-7.6072, 4.6799, 0.2359, 0.3324,0
 0.0122, 0.0000,-0.7162, 3.1415, 0.4120,-7.3019, 4.6799, 0.2048, 0.3331,0
 0.0161, 0.0000,-0.7885, 3.1415, 0.3977,-7.2409, 4.6799, 0.2278, 0.3339,0
 0.0198, 0.0000,-0.8576, 3.1415, 0.3766,-6.9773, 4.6799, 0.2117, 0.3346,0
 0.0235, 0.0000,-0.9236, 3.1415, 0.3724,-6.6733, 4.6799, 0.1905, 0.3353,0
 0.0272, 0.0000,-0.9864, 3.1415, 0.3655,-6.3612, 4.6799, 0.1703, 0.3360,0
 0.0307, 0.0000,-1.0492, 3.1415, 0.3580,-6.2987, 4.6799, 0.1977, 0.3367,0
 0.0341, 0.0000,-1.1058, 3.1415, 0.3444,-5.7836, 4.6799, 0.1463, 0.3375,0
 0.0375, 0.0000,-1.1623, 3.1415, 0.3417,-5.6806, 4.6799, 0.1665, 0.3382,0
 0.0409, 0.0000,-1.2157, 3.1415, 0.3351,-5.4086, 4.6799, 0.1599, 0.3389,0
 0.0442, 0.0000,-1.2660, 3.1415, 0.3338,-5.1029, 4.6799, 0.1491, 0.3396,0
 0.0475, 0.0000,-1.3131, 3.1415, 0.3335,-4.7905, 4.6799, 0.1383, 0.3403,0
 0.0510, 0.0000,-1.3571, 3.1415, 0.3395,-4.4766, 4.6799, 0.1283, 0.3410,0
 0.0543, 0.0000,-1.3980, 3.1415, 0.3347,-4.1625, 4.6799, 0.1191, 0.3418,0
 0.0578, 0.0000,-1.4357, 3.1415, 0.3458,-3.8484, 4.6799, 0.1106, 0.3425,0
 0.0613, 0.0000,-1.4702, 3.1415, 0.3480,-3.5342, 4.6799, 0.1028, 0.3432,0
 0.0649, 0.0000,-1.5048, 3.1415, 0.3606,-3.4714, 4.6799, 0.1213, 0.3439,0
 0.0686, 0.0000,-1.5330, 3.1415, 0.3692,-2.9562, 4.6799, 0.0952, 0.3446,0
 0.0724, 0.0000,-1.5582, 3.1415, 0.3770,-2.6018, 2.3724, 0.0857, 0.3454,0
 0.0762, 0.0000,-1.5833, 3.1415, 0.3785,-2.5309,-1.1419, 0.0987, 0.3461,0
 0.0796, 0.0000,-1.6022, 3.1415, 0.3485,-2.0141,-3.4695, 0.0793, 0.3468,0
 0.0830, 0.0000,-1.6210, 3.1415, 0.3425,-1.9107,-4.6799, 0.0871, 0.3475,0
 0.0861, 0.0000,-1.6336, 3.1415, 0.3171,-1.3874,-4.6799, 0.0720, 0.3482,0
 0.0889, 0.0000,-1.6461, 3.1415, 0.2877,-1.2828,-4.6799, 0.0771, 0.3489,0
 0.0914, 0.0000,-1.6556, 3.1415, 0.2576,-1.0105,-4.6799, 0.0751, 0.3497,0
 0.0935, 0.0000,-1.6587, 3.1415, 0.2152,-0.4534,-3.3193, 0.0659, 0.3504,0
 0.0952, 0.0000,-1.6619, 3.1415, 0.1825,-0.3420,-2.5556, 0.0669, 0.3511,0
 0.0967, 0.0000,-1.6619, 3.1415, 0.1517,-0.0684,-1.2213, 0.0653, 0.3518,0
 0.0979, 0.0000,-1.6587, 3.1415, 0.1273, 0.2376, 0.3341, 0.0638, 0.3525,0
 0.0990, 0.0000,-1.6524, 3.1415, 0.1164, 0.5501, 1.7991, 0.0628, 0.3533,0
 0.1001, 0.0000,-1.6430, 3.1415, 0.1142, 0.8640, 2.9333, 0.0622, 0.3540,0
 0.1013, 0.0000,-1.6336, 3.1415, 0.1137, 0.9267, 2.9338, 0.0571, 0.3547,0
 0.1026, 0.0000,-1.6179, 3.1415, 0.1318, 1.4419, 3.4520, 0.0629, 0.3554,0
 0.1041, 0.0000,-1.5990, 3.1415, 0.1415, 1.7963, 2.6423, 0.0654, 0.3561,0
 0.1056, 0.0000,-1.5770, 3.1415, 0.1495, 2.1185, 0.6285, 0.0673, 0.3568,0
 0.1072, 0.0000,-1.5519, 3.1415, 0.1572, 2.4343,-2.6417, 0.0694, 0.3576,0
 0.1085, 0.0000,-1.5268, 3.1415, 0.1345, 2.4974,-4.6799, 0.0557, 0.3583,0
 0.1095, 0.0000,-1.4953, 3.1415, 0.1117, 3.0127,-4.6799, 0.0729, 0.3590,0
 0.1104, 0.0000,-1.4608, 3.1415, 0.0890, 3.3671,-4.6799, 0.0799, 0.3597,0
 0.1108, 0.0000,-1.4262, 3.1415, 0.0481, 3.4380,-4.6799, 0.0620, 0.3604,0
 0.1108, 0.0000,-1.3854, 3.1415, 0.0096, 3.9548,-4.6799, 0.0866, 0.3612,0
 0.1104, 0.0000,-1.3446, 3.1415,-0.0283, 4.0582,-4.6799, 0.0695, 0.3619,0
 0.1097, 0.0000,-1.2974, 3.1415,-0.0602, 4.5815,-4.6799, 0.1000, 0.3626,0
 0.1087, 0.0000,-1.2472, 3.1415,-0.0908, 4.9375,-4.6799, 0.1129, 0.3633,0
 0.1073, 0.0000,-1.1938, 3.1415,-0.1333, 5.2600,-4.6799, 0.1230, 0.3640,0
 0.1055, 0.0000,-1.1403, 3.1415,-0.1721, 5.3245,-4.6799, 0.0973, 0.3647,0
 0.1034, 0.0000,-1.0807, 3.1415,-0.1981, 5.8401,-4.6799, 0.1394, 0.3655,0
 0.1010, 0.0000,-1.0178, 3.1415,-0.2336, 6.1945,-4.6799, 0.1600, 0.3662,0
 0.0981, 0.0000,-0.9519, 3.1415,-0.2771, 6.5167,-4.6799, 0.1779, 0.3669,0
 0.0948, 0.0000,-0.8859, 3.1415,-0.3161, 6.5812,-4.6799, 0.1521, 0.3676,0
 0.0911, 0.0000,-0.8136, 3.1415,-0.3603, 7.0967,-4.6799, 0.2118, 0.3683,0
 0.0870, 0.0000,-0.7382, 3.1415,-0.3994, 7.4512,-4.6799, 0.2461, 0.3691,0
 0.0825, 0.0000,-0.6597, 3.1415,-0.4436, 7.7734,-4.6799, 0.2785, 0.3698,0
 0.0776, 0.0000,-0.5780, 3.1415,-0.4828, 8.0892,-4.6799, 0.3146, 0.3705,0
 0.0723, 0.0000,-0.4963, 3.1415,-0.5210, 8.1523,-4.6799, 0.2990, 0.3712,0
 0.0666, 0.0000,-0.4115, 3.1415,-0.5589, 8.4163,-4.6799, 0.3335, 0.3719,0
 0.0605, 0.0000,-0.3235, 3.1415,-0.5968, 8.7204, 4.6799, 0.3838, 0.3726,0
 0.0548, 0.0000,-0.2324, 3.1415,-0.5741, 9.0325, 4.6799, 0.4434, 0.3734,0
 0.0490, 0.0000,-0.1445, 3.1415,-0.5817, 8.8436, 4.6799, 0.3843, 0.3741,0
 0.0435, 0.0000,-0.0565, 3.1415,-0.5529, 8.8059,-4.6799, 0.3686, 0.3748,0
 0.0379, 0.0000, 0.0314, 3.1415,-0.5592, 8.7983,-4.6799, 0.3660, 0.3755,0
 0.0325, 0.0000, 0.1193, 3.1415,-0.5484, 8.7968,-4.6799, 0.3703, 0.3762,0
 0.0271, 0.0000, 0.2073, 3.1415,-0.5401, 8.7965, 3.8629, 0.3805, 0.3770,0
 0.0223, 0.0000, 0.2921, 3.1415,-0.4900, 8.5451,-4.6799, 0.3346, 0.3777,0
 0.0171, 0.0000, 0.3769, 3.1415,-0.5163, 8.4948,-4.6799, 0.3426, 0.3784,0
 0.0122, 0.0000, 0.4618, 3.1415,-0.4973, 8.4848,-4.6799, 0.3650, 0.3791,0
 0.0074, 0.0000, 0.5403, 3.1415,-0.4814, 7.9801,-4.6799, 0.2757, 0.3798,0
 0.0029, 0.0000, 0.6220, 3.1415,-0.4540, 8.1305,-4.6799, 0.3418, 0.3805,0
-0.0014, 0.0000, 0.7005, 3.1415,-0.4424, 7.9092,-4.6799, 0.3268, 0.3813,0
-0.0059, 0.0000, 0.7759, 3.1415,-0.4462, 7.6137,-4.6799, 0.2990, 0.3820,0
-0.0100, 0.0000, 0.8482, 3.1415,-0.4166, 7.3032,-4.6799, 0.2718, 0.3827,0
-0.0140, 0.0000, 0.9173, 3.1415,-0.4046, 6.9898,-4.6799, 0.2474, 0.3834,0
-0.0178, 0.0000, 0.9864, 3.1415,-0.3901, 6.9271,-4.6799, 0.2756, 0.3841,0
-0.0217, 0.0000, 1.0492, 3.1415,-0.3872, 6.4119,-4.6799, 0.2178, 0.3849,0
-0.0254, 0.0000, 1.1121, 3.1415,-0.3745, 6.3089,-4.6799, 0.2392, 0.3856,0
-0.0291, 0.0000, 1.1718, 3.1415,-0.3659, 6.0370,-4.6799, 0.2312, 0.3863,0
-0.0327, 0.0000, 1.2283, 3.1415,-0.3642, 5.7312,-4.6799, 0.2187, 0.3870,0
-0.0363, 0.0000, 1.2817, 3.1415,-0.3578, 5.4188,-4.6799, 0.2064, 0.3877,0
-0.0398, 0.0000, 1.3320, 3.1415,-0.3565, 5.1049,-4.6799, 0.1950, 0.3884,0
-0.0433, 0.0000, 1.3791, 3.1415,-0.3502, 4.7909,-4.6799, 0.1845, 0.3892,0
-0.0468, 0.0000, 1.4231, 3.1415,-0.3489, 4.4767,-4.6799, 0.1749, 0.3899,0
-0.0504, 0.0000, 1.4671, 3.1415,-0.3547, 4.4139,-4.6799, 0.1984, 0.3906,0
-0.0540, 0.0000, 1.5048, 3.1415,-0.3619, 3.8987,-4.6799, 0.1654, 0.3913,0
-0.0576, 0.0000, 1.5425, 3.1415,-0.3634, 3.7956,-4.6799, 0.1813, 0.3920,0
-0.0613, 0.0000, 1.5739, 3.1415,-0.3697, 3.2723,-0.5686, 0.1521, 0.3927,0
-0.0651, 0.0000, 1.6053, 3.1415,-0.3710, 3.1677, 4.2299, 0.1652, 0.3935,0
-0.0685, 0.0000, 1.6304, 3.1415,-0.3470, 2.6441, 4.6799, 0.1407, 0.3942,0
-0.0716, 0.0000, 1.6556, 3.1415,-0.3240, 2.5394, 4.6799, 0.1511, 0.3949,0
-0.0745, 0.0000, 1.6744, 3.1415,-0.2952, 2.0158, 4.6799, 0.1312, 0.3956,0
-0.0770, 0.0000, 1.6933, 3.1415,-0.2530, 1.9111, 4.6799, 0.1388, 0.3963,0
-0.0791, 0.0000, 1.7090, 3.1415,-0.2203, 1.6388, 4.6799, 0.1365, 0.3971,0
-0.0807, 0.0000, 1.7215, 3.1415,-0.1774, 1.3330, 4.6799, 0.1327, 0.3978,0
-0.0821, 0.0000, 1.7310, 3.1415,-0.1446, 1.0206, 4.6799, 0.1291, 0.3985,0
-0.0831, 0.0000, 1.7373, 3.1415,-0.1077, 0.7067, 4.6799, 0.1260, 0.3992,0
-0.0837, 0.0000, 1.7404, 3.1415,-0.0700, 0.3926, 4.6799, 0.1233, 0.3999,0
-0.0839, 0.0000, 1.7435, 3.1415,-0.0322, 0.3298, 4.0334, 0.1249, 0.4006,0
-0.0839, 0.0000, 1.7404, 3.1415,-0.0064,-0.1853,-0.3483, 0.1217, 0.4014,0
-0.0839, 0.0000, 1.7373, 3.1415,-0.0012,-0.2884,-1.8420, 0.1201, 0.4021,0
-0.0839, 0.0000, 1.7310, 3.1415,-0.0002,-0.5603,-4.1842, 0.1189, 0.4028,0
-0.0842, 0.0000, 1.7184, 3.1415,-0.0182,-1.1173,-4.6799, 0.1231, 0.4035,0
-0.0846, 0.0000, 1.7058, 3.1415,-0.0400,-1.2287,-4.6799, 0.1178, 0.4042,0
-0.0853, 0.0000, 1.6901, 3.1415,-0.0625,-1.5023,-4.6799, 0.1171, 0.4050,0
-0.0862, 0.0000, 1.6681, 3.1415,-0.0852,-2.0597,-4.6799, 0.1292, 0.4057,0
-0.0873, 0.0000, 1.6461, 3.1415,-0.1019,-2.1712,-4.6799, 0.1200, 0.4064,0
-0.0884, 0.0000, 1.6210, 3.1415,-0.1113,-2.4448,-4.6799, 0.1197, 0.4071,0
-0.0898, 0.0000, 1.5896, 3.1415,-0.1314,-3.0022,-3.4994, 0.1397, 0.4078,0
-0.0912, 0.0000, 1.5582, 3.1415,-0.1414,-3.1137, 1.6944, 0.1267, 0.4085,0
-0.0923, 0.0000, 1.5236, 3.1415,-0.1192,-3.3873, 4.6799, 0.1268, 0.4093,0
-0.0930, 0.0000, 1.4859, 3.1415,-0.0784,-3.6933, 4.6799, 0.1301, 0.4100,0
-0.0935, 0.0000, 1.4451, 3.1415,-0.0520,-4.0059, 4.6799, 0.1346, 0.4107,0
-0.0935, 0.0000, 1.4011, 3.1415,-0.0104,-4.3197, 4.6799, 0.1400, 0.4114,0
-0.0930, 0.0000, 1.3540, 3.1415, 0.0342,-4.6338, 4.6799, 0.1461, 0.4121,0
-0.0921, 0.0000, 1.3037, 3.1415, 0.0796,-4.9480, 4.6799, 0.1532, 0.4129,0
-0.0909, 0.0000, 1.2503, 3.1415, 0.1129,-5.2621, 4.6799, 0.1614, 0.4136,0
-0.0894, 0.0000, 1.1906, 3.1415, 0.1438,-5.8276, 4.6799, 0.2090, 0.4143,0
-0.0875, 0.0000, 1.1309, 3.1415, 0.1803,-5.9407, 4.6799, 0.1883, 0.4150,0
-0.0851, 0.0000, 1.0681, 3.1415, 0.2300,-6.2147, 4.6799, 0.1947, 0.4157,0
-0.0823, 0.0000, 1.0021, 3.1415, 0.2643,-6.5208, 4.6799, 0.2086, 0.4164,0
-0.0792, 0.0000, 0.9299, 3.1415, 0.3014,-7.0846, 4.6799, 0.2733, 0.4172,0
-0.0757, 0.0000, 0.8576, 3.1415, 0.3452,-7.1974, 4.6799, 0.2554, 0.4179,0
-0.0717, 0.0000, 0.7822, 3.1415, 0.3843,-7.4713, 4.6799, 0.2721, 0.4186,0
-0.0673, 0.0000, 0.7037, 3.1415, 0.4346,-7.7774, 4.6799, 0.2993, 0.4193,0
-0.0624, 0.0000, 0.6188, 3.1415, 0.4749,-8.3413, 4.6799, 0.3891, 0.4200,0
-0.0572, 0.0000, 0.5340, 3.1415, 0.5133,-8.4541, 4.6799, 0.3825, 0.4208,0
-0.0515, 0.0000, 0.4461, 3.1415, 0.5574,-8.7279,-0.9093, 0.4186, 0.4215,0
-0.0457, 0.0000, 0.3581, 3.1415, 0.5723,-8.7827, 4.6799, 0.4073, 0.4222,0
-0.0397, 0.0000, 0.2670, 3.1415, 0.5995,-9.0450,-4.6799, 0.4527, 0.4229,0
-0.0341, 0.0000, 0.1727, 3.1415, 0.5685,-9.3488,-4.6799, 0.5162, 0.4236,0
-0.0284, 0.0000, 0.0816, 3.1415, 0.5624,-9.1582,-4.6799, 0.4585, 0.4243,0
-0.0231, 0.0000,-0.0094, 3.1415, 0.5369,-9.1201,-4.6799, 0.4464, 0.4251,0
-0.0184, 0.0000,-0.0973, 3.1415, 0.4893,-8.8611, 4.6799, 0.3846, 0.4258,0
-0.0136, 0.0000,-0.1853, 3.1415, 0.4798,-8.8094, 4.6799, 0.3806, 0.4265,0
-0.0090, 0.0000,-0.2733, 3.1415, 0.4658,-8.7990, 4.6799, 0.3924, 0.4272,0
-0.0045, 0.0000,-0.3581, 3.1415, 0.4509,-8.5456, 4.6799, 0.3498, 0.4279,0
-0.0001, 0.0000,-0.4429, 3.1415, 0.4418,-8.4949, 4.6799, 0.3615, 0.4287,0
 0.0042, 0.0000,-0.5277, 3.1415, 0.4400,-8.4848, 4.6799, 0.3875, 0.4294,0
 0.0085, 0.0000,-0.6094, 3.1415, 0.4336,-8.2314, 4.6799, 0.3598, 0.4301,0
 0.0127, 0.0000,-0.6880, 3.1415, 0.4202,-7.9294, 4.6799, 0.3255, 0.4308,0
 0.0166, 0.0000,-0.7665, 3.1415, 0.3993,-7.8690, 4.6799, 0.3496, 0.4315,0
 0.0204, 0.0000,-0.8419, 3.1415, 0.3830,-7.6056, 4.6799, 0.3315, 0.4322,0
 0.0242, 0.0000,-0.9142, 3.1415, 0.3797,-7.3016, 4.6799, 0.3080, 0.4330,0
 0.0278, 0.0000,-0.9833, 3.1415, 0.3669,-6.9895, 4.6799, 0.2859, 0.4337,0
 0.0313, 0.0000,-1.0492, 3.1415, 0.3462,-6.6757, 4.6799, 0.2661, 0.4344,0
 0.0346, 0.0000,-1.1152, 3.1415, 0.3360,-6.6130, 4.6799, 0.2963, 0.4351,0
 0.0379, 0.0000,-1.1780, 3.1415, 0.3339,-6.3491, 4.6799, 0.2895, 0.4358,0
 0.0412, 0.0000,-1.2346, 3.1415, 0.3275,-5.7937, 4.6799, 0.2330, 0.4366,0
 0.0443, 0.0000,-1.2911, 3.1415, 0.3141,-5.6826, 4.6799, 0.2539, 0.4373,0
 0.0475, 0.0000,-1.3446, 3.1415, 0.3174,-5.4090, 4.6799, 0.2485, 0.4380,0
 0.0507, 0.0000,-1.3917, 3.1415, 0.3242,-4.8517, 4.6799, 0.2016, 0.4387,0
 0.0538, 0.0000,-1.4388, 3.1415, 0.3134,-4.7402, 4.6799, 0.2201, 0.4394,0
 0.0570, 0.0000,-1.4828, 3.1415, 0.3173,-4.4666, 4.6799, 0.2162, 0.4401,0
 0.0602, 0.0000,-1.5236, 3.1415, 0.3181,-4.1605, 4.6799, 0.2085, 0.4409,0
 0.0635, 0.0000,-1.5613, 3.1415, 0.3304,-3.8480, 3.3491, 0.2005, 0.4416,0
 0.0670, 0.0000,-1.5959, 3.1415, 0.3389,-3.5342,-3.4299, 0.1929, 0.4423,0
 0.0701, 0.0000,-1.6304, 3.1415, 0.3163,-3.4714,-4.6799, 0.2115, 0.4430,0
 0.0729, 0.0000,-1.6587, 3.1415, 0.2876,-2.9562,-4.6799, 0.1854, 0.4437,0
 0.0755, 0.0000,-1.6838, 3.1415, 0.2697,-2.6018,-4.6799, 0.1758, 0.4445,0
 0.0777, 0.0000,-1.7058, 3.1415, 0.2297,-2.2796,-4.6799, 0.1694, 0.4452,0
 0.0795, 0.0000,-1.7278, 3.1415, 0.1914,-2.2152,-4.6799, 0.1810, 0.4459,0
 0.0810, 0.0000,-1.7435, 3.1415, 0.1534,-1.6996,-4.6799, 0.1639, 0.4466,0
 0.0821, 0.0000,-1.7592, 3.1415, 0.1216,-1.5965,-4.6799, 0.1702, 0.4473,0
 0.0829, 0.0000,-1.7718, 3.1415, 0.0910,-1.3246,-4.6799, 0.1679, 0.4480,0
 0.0833, 0.0000,-1.7812, 3.1415, 0.0485,-1.0189,-4.6799, 0.1645, 0.4488,0
 0.0835, 0.0000,-1.7875, 3.1415, 0.0218,-0.7064,-4.6799, 0.1614, 0.4495,0
 0.0834, 0.0000,-1.7907, 3.1415,-0.0016,-0.3926,-4.6799, 0.1588, 0.4502,0
 0.0831, 0.0000,-1.7907, 3.1415,-0.0245,-0.0785,-2.4644, 0.1567, 0.4509,0
 0.0827, 0.0000,-1.7907, 3.1415,-0.0352,-0.0157,-1.1396, 0.1566, 0.4516,0
 0.0821, 0.0000,-1.7844, 3.1415,-0.0555, 0.4995, 4.6799, 0.1557, 0.4524,0
 0.0821, 0.0000,-1.7781, 3.1415,-0.0111, 0.6025, 4.6799, 0.1529, 0.4531,0
 0.0821, 0.0000,-1.7655, 3.1415,-0.0022, 1.1258, 4.6799, 0.1567, 0.4538,0
 0.0823, 0.0000,-1.7530, 3.1415, 0.0177, 1.2304, 4.6799, 0.1513, 0.4545,0
 0.0827, 0.0000,-1.7341, 3.1415, 0.0338, 1.7540, 4.6799, 0.1598, 0.4552,0
 0.0834, 0.0000,-1.7153, 3.1415, 0.0613, 1.8587, 4.6799, 0.1517, 0.4559,0
 0.0843, 0.0000,-1.6901, 3.1415, 0.0850, 2.3823, 4.6799, 0.1649, 0.4567,0
 0.0854, 0.0000,-1.6650, 3.1415, 0.1079, 2.4870, 4.6799, 0.1541, 0.4574,0
 0.0866, 0.0000,-1.6336, 3.1415, 0.1125, 3.0106, 4.6799, 0.1719, 0.4581,0
 0.0879, 0.0000,-1.6022, 3.1415, 0.1255, 3.1154, 4.6799, 0.1584, 0.4588,0
 0.0893, 0.0000,-1.5676, 3.1415, 0.1403, 3.3876, 0.1181, 0.1584, 0.4595,0
 0.0908, 0.0000,-1.5268, 3.1415, 0.1493, 3.9447,-4.6799, 0.1862, 0.4602,0
 0.0919, 0.0000,-1.4859, 3.1415, 0.1147, 4.0562,-4.6799, 0.1695, 0.4610,0
 0.0926, 0.0000,-1.4419, 3.1415, 0.0835, 4.3298,-4.6799, 0.1702, 0.4617,0
 0.0931, 0.0000,-1.3917, 3.1415, 0.0530, 4.8872,-4.6799, 0.2064, 0.4624,0
 0.0932, 0.0000,-1.3414, 3.1415, 0.0166, 4.9986,-4.6799, 0.1865, 0.4631,0
 0.0926, 0.0000,-1.2880, 3.1415,-0.0391, 5.2723,-4.6799, 0.1888, 0.4638,0
 0.0917, 0.0000,-1.2283, 3.1415,-0.0866, 5.8296,-4.6799, 0.2346, 0.4646,0
 0.0904, 0.0000,-1.1686, 3.1415,-0.1204, 5.9411,-4.6799, 0.2131, 0.4653,0
 0.0887, 0.0000,-1.1058, 3.1415,-0.1574, 6.2147,-4.6799, 0.2187, 0.4660,0
 0.0866, 0.0000,-1.0367, 3.1415,-0.2012, 6.7721,-4.6799, 0.2765, 0.4667,0
 0.0840, 0.0000,-0.9644, 3.1415,-0.2464, 7.1349,-4.6799, 0.3035, 0.4674,0
 0.0810, 0.0000,-0.8922, 3.1415,-0.2918, 7.2075,-4.6799, 0.2765, 0.4681,0
 0.0776, 0.0000,-0.8136, 3.1415,-0.3312, 7.7246,-4.6799, 0.3421, 0.4689,0
 0.0737, 0.0000,-0.7351, 3.1415,-0.3754, 7.8281,-4.6799, 0.3252, 0.4696,0
 0.0693, 0.0000,-0.6503, 3.1415,-0.4267, 8.3514,-4.6799, 0.4049, 0.4703,0
 0.0644, 0.0000,-0.5654, 3.1415,-0.4734, 8.4561,-4.6799, 0.3947, 0.4710,0
 0.0592, 0.0000,-0.4743, 3.1415,-0.5130, 8.9797, 4.6799, 0.4900, 0.4717,0
 0.0542, 0.0000,-0.3832, 3.1415,-0.5027, 9.0844, 4.6799, 0.4893, 0.4725,0
 0.0490, 0.0000,-0.2921, 3.1415,-0.5189, 9.1053, 2.1566, 0.4730, 0.4732,0
 0.0440, 0.0000,-0.2010, 3.1415,-0.5039, 9.1095,-4.6799, 0.4581, 0.4739,0
 0.0388, 0.0000,-0.1099, 3.1415,-0.5131, 9.1104,-4.6799, 0.4482, 0.4746,0
 0.0338, 0.0000,-0.0157, 3.1415,-0.5088, 9.3619, 4.6799, 0.5090, 0.4753,0
 0.0291, 0.0000, 0.0785, 3.1415,-0.4777, 9.4122, 4.6799, 0.5243, 0.4760,0
 0.0245, 0.0000, 0.1696, 3.1415,-0.4593, 9.1709,-4.6799, 0.4697, 0.4768,0
 0.0200, 0.0000, 0.2576, 3.1415,-0.4556, 8.8713,-4.6799, 0.4074, 0.4775,0
 0.0156, 0.0000, 0.3455, 3.1415,-0.4428, 8.8114,-4.6799, 0.4113, 0.4782,0
 0.0114, 0.0000, 0.4335, 3.1415,-0.4220, 8.7994,-4.6799, 0.4323, 0.4789,0
 0.0073, 0.0000, 0.5215, 3.1415,-0.4118, 8.7970,-4.6799, 0.4607, 0.4796,0
 0.0034, 0.0000, 0.6031, 3.1415,-0.3976, 8.2939,-4.6799, 0.3716, 0.4804,0
-0.0005, 0.0000, 0.6880, 3.1415,-0.3948, 8.4446,-4.6799, 0.4436, 0.4811,0
-0.0042, 0.0000, 0.7665, 3.1415,-0.3760, 7.9721,-4.6799, 0.3725, 0.4818,0
-0.0077, 0.0000, 0.8450, 3.1415,-0.3541, 7.8776,-4.6799, 0.3922, 0.4825,0
-0.0111, 0.0000, 0.9204, 3.1415,-0.3436, 7.6073,-4.6799, 0.3754, 0.4832,0
-0.0144, 0.0000, 0.9927, 3.1415,-0.3355, 7.3020,-4.6799, 0.3541, 0.4839,0
-0.0176, 0.0000, 1.0618, 3.1415,-0.3217, 6.9895,-4.6799, 0.3340, 0.4847,0
-0.0206, 0.0000, 1.1278, 3.1415,-0.3008, 6.6758,-4.6799, 0.3161, 0.4854,0
-0.0235, 0.0000, 1.1906, 3.1415,-0.2966, 6.3617,-4.6799, 0.3001, 0.4861,0
-0.0265, 0.0000, 1.2503, 3.1415,-0.2957, 6.0475,-4.6799, 0.2858, 0.4868,0
-0.0294, 0.0000, 1.3100, 3.1415,-0.2895, 5.9847,-4.6799, 0.3163, 0.4875,0
-0.0322, 0.0000, 1.3634, 3.1415,-0.2822, 5.4695,-4.6799, 0.2709, 0.4883,0
-0.0349, 0.0000, 1.4168, 3.1415,-0.2747, 5.3664,-4.6799, 0.2930, 0.4890,0
-0.0377, 0.0000, 1.4671, 3.1415,-0.2792, 5.0945,-4.6799, 0.2890, 0.4897,0
-0.0406, 0.0000, 1.5111, 3.1415,-0.2862, 4.5374,-4.6799, 0.2454, 0.4904,0
-0.0435, 0.0000, 1.5550, 3.1415,-0.2876, 4.4260,-4.6799, 0.2629, 0.4911,0
-0.0463, 0.0000, 1.5959, 3.1415,-0.2879, 4.1524, 3.1954, 0.2594, 0.4918,0
-0.0489, 0.0000, 1.6336, 3.1415,-0.2637, 3.8464, 4.6799, 0.2522, 0.4926,0
-0.0514, 0.0000, 1.6650, 3.1415,-0.2528, 3.2825, 4.6799, 0.2184, 0.4933,0
-0.0535, 0.0000, 1.6964, 3.1415,-0.2203, 3.1697, 4.6799, 0.2306, 0.4940,0
-0.0552, 0.0000, 1.7247, 3.1415,-0.1774, 2.8959, 4.6799, 0.2275, 0.4947,0
-0.0565, 0.0000, 1.7530, 3.1415,-0.1385, 2.8411, 4.6799, 0.2431, 0.4954,0
-0.0574, 0.0000, 1.7749, 3.1415,-0.1004, 2.3275, 4.6799, 0.2214, 0.4962,0
-0.0579, 0.0000, 1.7938, 3.1415,-0.0625, 1.9734, 4.6799, 0.2133, 0.4969,0
-0.0580, 0.0000, 1.8126, 3.1415,-0.0185, 1.9026, 4.6799, 0.2227, 0.4976,0
-0.0579, 0.0000, 1.8252, 3.1415, 0.0084, 1.3858, 4.6799, 0.2076, 0.4983,0
-0.0575, 0.0000, 1.8378, 3.1415, 0.0319, 1.2824, 4.6799, 0.2125, 0.4990,0
-0.0569, 0.0000, 1.8472, 3.1415, 0.0549, 1.0104, 4.6799, 0.2102, 0.4997,0
-0.0560, 0.0000, 1.8535, 3.1415, 0.0776, 0.7047, 4.6799, 0.2072, 0.5005,0
-0.0551, 0.0000, 1.8598, 3.1415, 0.0943, 0.6436, 4.6799, 0.2104, 0.5012,0
-0.0539, 0.0000, 1.8598, 3.1415, 0.1098, 0.1287, 4.1595, 0.2049, 0.5019,0
-0.0526, 0.0000, 1.8566, 3.1415, 0.1250,-0.2255,-2.2361, 0.2032, 0.5026,0
-0.0515, 0.0000, 1.8535, 3.1415, 0.1159,-0.2964,-4.2531, 0.2015, 0.5033,0
-0.0507, 0.0000, 1.8472, 3.1415, 0.0898,-0.5619,-4.6799, 0.2004, 0.5041,0
-0.0500, 0.0000, 1.8346, 3.1415, 0.0664,-1.1177,-4.6799, 0.2047, 0.5048,0
-0.0497, 0.0000, 1.8221, 3.1415, 0.0375,-1.2288,-4.6799, 0.1997, 0.5055,0
-0.0497, 0.0000, 1.8032, 3.1415, 0.0075,-1.7537,-4.6799, 0.2084, 0.5062,0
-0.0500, 0.0000, 1.7844, 3.1415,-0.0166,-1.8587,-4.6799, 0.2006, 0.5069,0
-0.0504, 0.0000, 1.7592, 3.1415,-0.0397,-2.3823,-4.6799, 0.2140, 0.5076,0
-0.0510, 0.0000, 1.7341, 3.1415,-0.0564,-2.4870,-4.6799, 0.2033, 0.5084,0
-0.0517, 0.0000, 1.7058, 3.1415,-0.0658,-2.7593,-4.6799, 0.2033, 0.5091,0
-0.0525, 0.0000, 1.6713, 3.1415,-0.0798,-3.3164,-4.6799, 0.2260, 0.5098,0
-0.0535, 0.0000, 1.6367, 3.1415,-0.0947,-3.4279,-4.6799, 0.2118, 0.5105,0
-0.0546, 0.0000, 1.5990, 3.1415,-0.1038,-3.7015,-4.6799, 0.2121, 0.5112,0
-0.0557, 0.0000, 1.5582, 3.1415,-0.1117,-4.0075, 1.5141, 0.2158, 0.5120,0
-0.0564, 0.0000, 1.5111, 3.1415,-0.0769,-4.5714, 4.6799, 0.2497, 0.5127,0
-0.0569, 0.0000, 1.4639, 3.1415,-0.0517,-4.6841, 4.6799, 0.2306, 0.5134,0
-0.0569, 0.0000, 1.4137, 3.1415,-0.0164,-4.9580, 4.6799, 0.2318, 0.5141,0
-0.0567, 0.0000, 1.3603, 3.1415, 0.0149,-5.2641, 4.6799, 0.2379, 0.5148,0
-0.0561, 0.0000, 1.3037, 3.1415, 0.0514,-5.5767, 4.6799, 0.2459, 0.5155,0
-0.0549, 0.0000, 1.2409, 3.1415, 0.1073,-6.1418, 4.6799, 0.2955, 0.5163,0
-0.0532, 0.0000, 1.1780, 3.1415, 0.1548,-6.2549, 4.6799, 0.2729, 0.5170,0
-0.0512, 0.0000, 1.1121, 3.1415, 0.1946,-6.5288, 4.6799, 0.2788, 0.5177,0
-0.0488, 0.0000, 1.0398, 3.1415, 0.2269,-7.0863, 4.6799, 0.3394, 0.5184,0
-0.0459, 0.0000, 0.9676, 3.1415, 0.2818,-7.1977, 4.6799, 0.3179, 0.5191,0
-0.0425, 0.0000, 0.8890, 3.1415, 0.3292,-7.7227, 4.6799, 0.3824, 0.5199,0
-0.0388, 0.0000, 0.8105, 3.1415, 0.3629,-7.8277, 4.6799, 0.3629, 0.5206,0
-0.0346, 0.0000, 0.7257, 3.1415, 0.4060,-8.3513, 4.6799, 0.4392, 0.5213,0
-0.0298, 0.0000, 0.6408, 3.1415, 0.4632,-8.4561, 4.6799, 0.4254, 0.5220,0
-0.0246, 0.0000, 0.5529, 3.1415, 0.5110,-8.7283, 4.6799, 0.4554, 0.5227,0
-0.0190, 0.0000, 0.4586, 3.1415, 0.5448,-9.2855,-4.6799, 0.5632, 0.5234,0
-0.0137, 0.0000, 0.3644, 3.1415, 0.5394,-9.3969,-4.6799, 0.5652, 0.5242,0
-0.0082, 0.0000, 0.2701, 3.1415, 0.5444,-9.4192,-4.6799, 0.5500, 0.5249,0
-0.0028, 0.0000, 0.1759, 3.1415, 0.5393,-9.4236,-4.6799, 0.5362, 0.5256,0
 0.0021, 0.0000, 0.0816, 3.1415, 0.5080,-9.4245,-3.2417, 0.5278, 0.5263,0
 0.0066, 0.0000,-0.0125, 3.1415, 0.4654,-9.4247, 3.5131, 0.5255, 0.5270,0
 0.0112, 0.0000,-0.1036, 3.1415, 0.4568,-9.1734, 4.6799, 0.4638, 0.5278,0
 0.0156, 0.0000,-0.1947, 3.1415, 0.4430,-9.1231, 4.6799, 0.4607, 0.5285,0
 0.0200, 0.0000,-0.2858, 3.1415, 0.4402,-9.1131, 4.6799, 0.4737, 0.5292,0
 0.0244, 0.0000,-0.3769, 3.1415, 0.4397,-9.1111, 4.6799, 0.4945, 0.5299,0
 0.0287, 0.0000,-0.4649, 3.1415, 0.4335,-8.8593, 4.6799, 0.4569, 0.5306,0
 0.0329, 0.0000,-0.5529, 3.1415, 0.4262,-8.8090, 4.6799, 0.4752, 0.5313,0
 0.0369, 0.0000,-0.6377, 3.1415, 0.4066,-8.5476, 4.6799, 0.4459, 0.5321,0
 0.0409, 0.0000,-0.7194, 3.1415, 0.3966,-8.2440, 4.6799, 0.4113, 0.5328,0
 0.0446, 0.0000,-0.8011, 3.1415, 0.3764,-8.1833, 4.6799, 0.4378, 0.5335,0
 0.0482, 0.0000,-0.8796, 3.1415, 0.3663,-7.9198, 4.6799, 0.4204, 0.5342,0
 0.0516, 0.0000,-0.9550, 3.1415, 0.3461,-7.6158, 4.6799, 0.3972, 0.5349,0
 0.0548, 0.0000,-1.0304, 3.1415, 0.3238,-7.5550, 4.6799, 0.4296, 0.5357,0
 0.0580, 0.0000,-1.0995, 3.1415, 0.3194,-7.0402, 4.6799, 0.3678, 0.5364,0
 0.0611, 0.0000,-1.1655, 3.1415, 0.3124,-6.6859, 4.6799, 0.3427, 0.5371,0
 0.0641, 0.0000,-1.2315, 3.1415, 0.3050,-6.6150, 4.6799, 0.3736, 0.5378,0
 0.0670, 0.0000,-1.2911, 3.1415, 0.2914,-6.0982, 4.6799, 0.3224, 0.5385,0
 0.0699, 0.0000,-1.3508, 3.1415, 0.2886,-5.9948, 4.6799, 0.3464, 0.5392,0
 0.0728, 0.0000,-1.4074, 3.1415, 0.2881,-5.7228, 4.6799, 0.3417, 0.5400,0
 0.0756, 0.0000,-1.4576, 3.1415, 0.2819,-5.1658, 4.6799, 0.2925, 0.5407,0
 0.0783, 0.0000,-1.5079, 3.1415, 0.2746,-5.0544, 4.6799, 0.3125, 0.5414,0
 0.0811, 0.0000,-1.5550, 3.1415, 0.2792,-4.7807, 4.6799, 0.3087, 0.5421,0
 0.0839, 0.0000,-1.5990, 3.1415, 0.2802,-4.4747,-4.5052, 0.3006, 0.5428,0
 0.0864, 0.0000,-1.6367, 3.1415, 0.2561,-3.9108,-4.6799, 0.2614, 0.5435,0
 0.0887, 0.0000,-1.6744, 3.1415, 0.2331,-3.7981,-4.6799, 0.2762, 0.5443,0
 0.0907, 0.0000,-1.7090, 3.1415, 0.2103,-3.5242,-4.6799, 0.2728, 0.5450,0
 0.0924, 0.0000,-1.7435, 3.1415, 0.1754,-3.4694,-4.6799, 0.2919, 0.5457,0
 0.0937, 0.0000,-1.7718, 3.1415, 0.1381,-2.9558,-4.6799, 0.2657, 0.5464,0
 0.0945, 0.0000,-1.7969, 3.1415, 0.0882,-2.6017,-4.6799, 0.2558, 0.5471,0
 0.0950, 0.0000,-1.8221, 3.1415, 0.0600,-2.5309,-4.6799, 0.2682, 0.5479,0
 0.0951, 0.0000,-1.8409, 3.1415, 0.0241,-2.0141,-4.6799, 0.2484, 0.5486,0
 0.0949, 0.0000,-1.8598, 3.1415,-0.0133,-1.9107,-4.6799, 0.2557, 0.5493,0
 0.0945, 0.0000,-1.8755, 3.1415,-0.0390,-1.6387,-4.6799, 0.2530, 0.5500,0
 0.0937, 0.0000,-1.8912, 3.1415,-0.0684,-1.5843,-4.6799, 0.2613, 0.5507,0
 0.0928, 0.0000,-1.9006, 3.1415,-0.0864,-1.0708,-4.6799, 0.2486, 0.5514,0
 0.0918, 0.0000,-1.9069, 3.1415,-0.0961,-0.7168,-4.6799, 0.2440, 0.5522,0
 0.0905, 0.0000,-1.9132, 3.1415,-0.1222,-0.6460,-4.6799, 0.2469, 0.5529,0
 0.0891, 0.0000,-1.9163, 3.1415,-0.1396,-0.3805,-4.6799, 0.2452, 0.5536,0
 0.0876, 0.0000,-1.9163, 3.1415,-0.1431,-0.0761,-3.5635, 0.2433, 0.5543,0
 0.0860, 0.0000,-1.9132, 3.1415,-0.1620, 0.2361, 3.1577, 0.2419, 0.5550,0
 0.0847, 0.0000,-1.9069, 3.1415,-0.1354, 0.5498, 4.6799, 0.2410, 0.5558,0
 0.0837, 0.0000,-1.8975, 3.1415,-0.1059, 0.8639, 4.6799, 0.2409, 0.5565,0
 0.0830, 0.0000,-1.8849, 3.1415,-0.0757, 1.1780, 4.6799, 0.2413, 0.5572,0
 0.0827, 0.0000,-1.8692, 3.1415,-0.0394, 1.4922, 4.6799, 0.2423, 0.5579,0
 0.0827, 0.0000,-1.8503, 3.1415,-0.0078, 1.8064, 4.6799, 0.2438, 0.5586,0
 0.0830, 0.0000,-1.8284, 3.1415, 0.0226, 2.1205, 4.6799, 0.2459, 0.5593,0
 0.0836, 0.0000,-1.8032, 3.1415, 0.0530, 2.4347, 4.6799, 0.2484, 0.5601,0
 0.0844, 0.0000,-1.7749, 3.1415, 0.0712, 2.7489, 4.6799, 0.2514, 0.5608,0
 0.0854, 0.0000,-1.7435, 3.1415, 0.0930, 3.0630, 4.6799, 0.2548, 0.5615,0
 0.0864, 0.0000,-1.7090, 3.1415, 0.1035, 3.3772, 4.6799, 0.2586, 0.5622,0
 0.0876, 0.0000,-1.6713, 3.1415, 0.1177, 3.6913, 4.6799, 0.2628, 0.5629,0
 0.0891, 0.0000,-1.6304, 3.1415, 0.1387, 4.0055, 4.6799, 0.2674, 0.5637,0
 0.0906, 0.0000,-1.5865, 3.1415, 0.1490, 4.3196, 4.6799, 0.2725, 0.5644,0
 0.0922, 0.0000,-1.5393, 3.1415, 0.1571, 4.6338,-4.6799, 0.2780, 0.5651,0
 0.0932, 0.0000,-1.4922, 3.1415, 0.1102, 4.6966,-4.6799, 0.2524, 0.5658,0
 0.0939, 0.0000,-1.4388, 3.1415, 0.0826, 5.2119,-4.6799, 0.2858, 0.5665,0
 0.0943, 0.0000,-1.3823, 3.1415, 0.0468, 5.5662,-4.6799, 0.2992, 0.5672,0
 0.0942, 0.0000,-1.3226, 3.1415,-0.0027, 5.8884,-4.6799, 0.3090, 0.5680,0
 0.0936, 0.0000,-1.2597, 3.1415,-0.0490, 6.2042,-4.6799, 0.3191, 0.5687,0
 0.0923, 0.0000,-1.1938, 3.1415,-0.1068, 6.5187,-4.6799, 0.3305, 0.5694,0
 0.0907, 0.0000,-1.1246, 3.1415,-0.1486, 6.8329,-4.6799, 0.3438, 0.5701,0
 0.0887, 0.0000,-1.0524, 3.1415,-0.1934, 7.1471,-4.6799, 0.3593, 0.5708,0
 0.0862, 0.0000,-0.9770, 3.1415,-0.2387, 7.4612,-4.6799, 0.3776, 0.5716,0
 0.0832, 0.0000,-0.8984, 3.1415,-0.2842, 7.7754,-4.6799, 0.3991, 0.5723,0
 0.0799, 0.0000,-0.8168, 3.1415,-0.3236, 8.0896,-4.6799, 0.4246, 0.5730,0
 0.0760, 0.0000,-0.7288, 3.1415,-0.3739, 8.6550,-4.6799, 0.5130, 0.5737,0
 0.0716, 0.0000,-0.6408, 3.1415,-0.4264, 8.7681,-4.6799, 0.5007, 0.5744,0
 0.0668, 0.0000,-0.5497, 3.1415,-0.4733, 9.0421,-4.6799, 0.5323, 0.5751,0
 0.0615, 0.0000,-0.4555, 3.1415,-0.5191, 9.3482, 4.6799, 0.5785, 0.5759,0
 0.0566, 0.0000,-0.3581, 3.1415,-0.4979, 9.6608, 4.6799, 0.6341, 0.5766,0
 0.0513, 0.0000,-0.2638, 3.1415,-0.5240, 9.4719,-4.6799, 0.5628, 0.5773,0
 0.0457, 0.0000,-0.1665, 3.1415,-0.5474, 9.6855, 4.6799, 0.6051, 0.5780,0
 0.0407, 0.0000,-0.0691, 3.1415,-0.5157, 9.7282, 4.6799, 0.6085, 0.5787,0
 0.0361, 0.0000, 0.0282, 3.1415,-0.4669, 9.7368, 4.6799, 0.6094, 0.5795,0
 0.0319, 0.0000, 0.1225, 3.1415,-0.4268, 9.4871,-4.6799, 0.5473, 0.5802,0
 0.0275, 0.0000, 0.2167, 3.1415,-0.4370, 9.4372,-4.6799, 0.5455, 0.5809,0
 0.0237, 0.0000, 0.3078, 3.1415,-0.3966, 9.1759,-4.6799, 0.4944, 0.5816,0
 0.0198, 0.0000, 0.3989, 3.1415,-0.3885, 9.1236,-4.6799, 0.5036, 0.5823,0
 0.0161, 0.0000, 0.4900, 3.1415,-0.3748, 9.1132,-4.6799, 0.5291, 0.5830,0
 0.0125, 0.0000, 0.5780, 3.1415,-0.3599, 8.8598,-4.6799, 0.4975, 0.5838,0
 0.0087, 0.0000, 0.6660, 3.1415,-0.3751, 8.8091,-4.6799, 0.5217, 0.5845,0
 0.0056, 0.0000, 0.7476, 3.1415,-0.3296, 8.2963,-4.6799, 0.4370, 0.5852,0
 0.0024, 0.0000, 0.8293, 3.1415,-0.3205, 8.1937,-4.6799, 0.4549, 0.5859,0
-0.0004, 0.0000, 0.9110, 3.1415,-0.2945, 8.1732,-4.6799, 0.4951, 0.5866,0
-0.0034, 0.0000, 0.9864, 3.1415,-0.2953, 7.6665,-4.6799, 0.4267, 0.5874,0
-0.0061, 0.0000, 1.0587, 3.1415,-0.2773, 7.3138,-4.6799, 0.3970, 0.5881,0
-0.0085, 0.0000, 1.1309, 3.1415,-0.2494, 7.2433,-4.6799, 0.4287, 0.5888,0
-0.0110, 0.0000, 1.1969, 3.1415,-0.2499, 6.7265,-4.6799, 0.3711, 0.5895,0
-0.0132, 0.0000, 1.2629, 3.1415,-0.2258, 6.6231,-4.6799, 0.3965, 0.5902,0
-0.0156, 0.0000, 1.3226, 3.1415,-0.2391, 6.0998,-4.6799, 0.3445, 0.5909,0
-0.0177, 0.0000, 1.3823, 3.1415,-0.2115, 5.9951,-4.6799, 0.3686, 0.5917,0
-0.0199, 0.0000, 1.4388, 3.1415,-0.2181, 5.7229,-4.6799, 0.3640, 0.5924,0
-0.0221, 0.0000, 1.4922, 3.1415,-0.2194, 5.4171,-4.6799, 0.3544, 0.5931,0
-0.0243, 0.0000, 1.5425, 3.1415,-0.2197, 5.1046,-4.6799, 0.3445, 0.5938,0
-0.0266, 0.0000, 1.5865, 3.1415,-0.2319, 4.5395, 2.0642, 0.2997, 0.5945,0
-0.0284, 0.0000, 1.6304, 3.1415,-0.1858, 4.4264, 4.6799, 0.3171, 0.5953,0
-0.0302, 0.0000, 1.6713, 3.1415,-0.1826, 4.1525, 4.6799, 0.3134, 0.5960,0
-0.0316, 0.0000, 1.7090, 3.1415,-0.1456, 3.8464, 4.6799, 0.3060, 0.5967,0
-0.0325, 0.0000, 1.7467, 3.1415,-0.1018, 3.7852, 4.6799, 0.3262, 0.5974,0
-0.0329, 0.0000, 1.7781, 3.1415,-0.0567, 3.2703, 4.6799, 0.2975, 0.5981,0
-0.0333, 0.0000, 1.8064, 3.1415,-0.0416, 2.9160, 4.6799, 0.2866, 0.5988,0
-0.0332, 0.0000, 1.8346, 3.1415,-0.0022, 2.8451, 4.6799, 0.3006, 0.5996,0
-0.0328, 0.0000, 1.8598, 3.1415, 0.0298, 2.5796, 4.6799, 0.2978, 0.6003,0
-0.0323, 0.0000, 1.8818, 3.1415, 0.0484, 2.2752, 4.6799, 0.2922, 0.6010,0
-0.0316, 0.0000, 1.9006, 3.1415, 0.0703, 1.9630, 4.6799, 0.2865, 0.6017,0
-0.0305, 0.0000, 1.9163, 3.1415, 0.0989, 1.6492, 4.6799, 0.2813, 0.6024,0
-0.0295, 0.0000, 1.9289, 3.1415, 0.0986, 1.3351, 4.6799, 0.2766, 0.6032,0
-0.0284, 0.0000, 1.9383, 3.1415, 0.1046, 1.0210, 4.6799, 0.2726, 0.6039,0
-0.0271, 0.0000, 1.9477, 3.1415, 0.1300, 0.9581, 4.6799, 0.2772, 0.6046,0
-0.0256, 0.0000, 1.9540, 3.1415, 0.1412, 0.6942, 4.6799, 0.2752, 0.6053,0
-0.0243, 0.0000, 1.9572, 3.1415, 0.1373, 0.3901, 4.6799, 0.2727, 0.6060,0
-0.0228, 0.0000, 1.9572, 3.1415, 0.1487, 0.0780, 3.6669, 0.2707, 0.6067,0
-0.0210, 0.0000, 1.9540, 3.1415, 0.1692,-0.2357,-4.5103, 0.2693, 0.6075,0
-0.0197, 0.0000, 1.9477, 3.1415, 0.1369,-0.5497,-4.6799, 0.2685, 0.6082,0
-0.0189, 0.0000, 1.9383, 3.1415, 0.0940,-0.8639,-4.6799, 0.2684, 0.6089,0
-0.0184, 0.0000, 1.9289, 3.1415, 0.0612,-0.9267,-4.6799, 0.2637, 0.6096,0
-0.0181, 0.0000, 1.9132, 3.1415, 0.0365,-1.4419,-4.6799, 0.2702, 0.6103,0
-0.0182, 0.0000, 1.8943, 3.1415,-0.0048,-1.7963,-4.6799, 0.2735, 0.6111,0
-0.0188, 0.0000, 1.8723, 3.1415,-0.0494,-2.1185,-4.6799, 0.2761, 0.6118,0
-0.0196, 0.0000, 1.8472, 3.1415,-0.0705,-2.4343,-4.6799, 0.2789, 0.6125,0
-0.0206, 0.0000, 1.8189, 3.1415,-0.0989,-2.7488,-4.6799, 0.2821, 0.6132,0
-0.0217, 0.0000, 1.7875, 3.1415,-0.1046,-3.0630,-4.6799, 0.2857, 0.6139,0
-0.0232, 0.0000, 1.7530, 3.1415,-0.1422,-3.3772,-4.6799, 0.2898, 0.6146,0
-0.0249, 0.0000, 1.7153, 3.1415,-0.1618,-3.6913,-4.6799, 0.2941, 0.6154,0
-0.0266, 0.0000, 1.6744, 3.1415,-0.1657,-4.0055,-4.6799, 0.2989, 0.6161,0
-0.0284, 0.0000, 1.6336, 3.1415,-0.1847,-4.0683,-4.6799, 0.2768, 0.6168,0
-0.0303, 0.0000, 1.5865, 3.1415,-0.1885,-4.5835,-4.6799, 0.3054, 0.6175,0
-0.0324, 0.0000, 1.5362, 3.1415,-0.2014,-4.9379, 4.6799, 0.3165, 0.6182,0
-0.0337, 0.0000, 1.4828, 3.1415,-0.1433,-5.2601, 4.6799, 0.3242, 0.6190,0
-0.0347, 0.0000, 1.4294, 3.1415,-0.1074,-5.3245, 4.6799, 0.2957, 0.6197,0
-0.0354, 0.0000, 1.3697, 3.1415,-0.0821,-5.8401, 4.6799, 0.3340, 0.6204,0
-0.0356, 0.0000, 1.3069, 3.1415,-0.0285,-6.1945, 4.6799, 0.3499, 0.6211,0
-0.0351, 0.0000, 1.2409, 3.1415, 0.0306,-6.5167, 4.6799, 0.3619, 0.6218,0
-0.0339, 0.0000, 1.1718, 3.1415, 0.1031,-6.8325, 4.6799, 0.3746, 0.6225,0
-0.0325, 0.0000, 1.0995, 3.1415, 0.1358,-7.1470, 4.6799, 0.3891, 0.6233,0
-0.0306, 0.0000, 1.0241, 3.1415, 0.1726,-7.4612, 4.6799, 0.4061, 0.6240,0
-0.0281, 0.0000, 0.9456, 3.1415, 0.2346,-7.7754, 4.6799, 0.4261, 0.6247,0
-0.0252, 0.0000, 0.8639, 3.1415, 0.2833,-8.0895, 4.6799, 0.4498, 0.6254,0
-0.0218, 0.0000, 0.7791, 3.1415, 0.3295,-8.4037, 4.6799, 0.4777, 0.6261,0
-0.0178, 0.0000, 0.6911, 3.1415, 0.3812,-8.7179, 4.6799, 0.5107, 0.6269,0
-0.0134, 0.0000, 0.5969, 3.1415, 0.4279,-9.2834, 4.6799, 0.6126, 0.6276,0
-0.0087, 0.0000, 0.5026, 3.1415, 0.4675,-9.3965, 4.6799, 0.6068, 0.6283,0
-0.0034, 0.0000, 0.4052, 3.1415, 0.5118,-9.6704,-4.6799, 0.6493, 0.6290,0
 0.0016, 0.0000, 0.3078, 3.1415, 0.5146,-9.7252,-4.6799, 0.6397, 0.6297,0
 0.0065, 0.0000, 0.2073, 3.1415, 0.4970,-9.9875,-4.6799, 0.6937, 0.6304,0
 0.0116, 0.0000, 0.1068, 3.1415, 0.5056,-10.0399,-4.6799, 0.6972, 0.6312,0
 0.0162, 0.0000, 0.0094, 3.1415, 0.4649,-9.7991, 4.6799, 0.6262, 0.6319,0
 0.0207, 0.0000,-0.0879, 3.1415, 0.4567,-9.7509, 4.6799, 0.6158, 0.6326,0
 0.0251, 0.0000,-0.1853, 3.1415, 0.4430,-9.7413, 4.6799, 0.6227, 0.6333,0
 0.0295, 0.0000,-0.2827, 3.1415, 0.4402,-9.7394,-4.6799, 0.6384, 0.6340,0
 0.0335, 0.0000,-0.3769, 3.1415, 0.4094,-9.4877, 4.6799, 0.5925, 0.6348,0
 0.0376, 0.0000,-0.4712, 3.1415, 0.4093,-9.4373, 4.6799, 0.6070, 0.6355,0
 0.0413, 0.0000,-0.5623, 3.1415, 0.3789,-9.1759, 4.6799, 0.5712, 0.6362,0
 0.0448, 0.0000,-0.6503, 3.1415, 0.3547,-8.8723, 4.6799, 0.5305, 0.6369,0
 0.0482, 0.0000,-0.7382, 3.1415, 0.3437,-8.8116, 4.6799, 0.5559, 0.6376,0
 0.0514, 0.0000,-0.8230, 3.1415, 0.3234,-8.5481, 4.6799, 0.5347, 0.6383,0
 0.0544, 0.0000,-0.9047, 3.1415, 0.3072,-8.2441, 4.6799, 0.5078, 0.6391,0
 0.0573, 0.0000,-0.9833, 3.1415, 0.2918,-7.9320, 4.6799, 0.4828, 0.6398,0
 0.0599, 0.0000,-1.0587, 3.1415, 0.2645,-7.6182, 4.6799, 0.4606, 0.6405,0
 0.0625, 0.0000,-1.1341, 3.1415, 0.2590,-7.5555, 4.6799, 0.4954, 0.6412,0
 0.0650, 0.0000,-1.2032, 3.1415, 0.2519,-7.0403, 4.6799, 0.4358, 0.6419,0
 0.0674, 0.0000,-1.2723, 3.1415, 0.2444,-6.9372, 4.6799, 0.4626, 0.6426,0
 0.0697, 0.0000,-1.3383, 3.1415, 0.2307,-6.6653, 4.6799, 0.4565, 0.6434,0
 0.0718, 0.0000,-1.3980, 3.1415, 0.2159,-6.1082, 4.6799, 0.3988, 0.6441,0
 0.0739, 0.0000,-1.4576, 3.1415, 0.2129,-5.9968, 4.6799, 0.4224, 0.6448,0
 0.0760, 0.0000,-1.5142, 3.1415, 0.2123,-5.7232, 4.6799, 0.4179, 0.6455,0
 0.0782, 0.0000,-1.5645, 3.1415, 0.2122,-5.1658, 4.5482, 0.3690, 0.6462,0
 0.0803, 0.0000,-1.6147, 3.1415, 0.2122,-5.0544,-4.6799, 0.3892, 0.6470,0
 0.0820, 0.0000,-1.6619, 3.1415, 0.1758,-4.7807,-4.6799, 0.3853, 0.6477,0
 0.0835, 0.0000,-1.7058, 3.1415, 0.1564,-4.4747,-4.6799, 0.3770, 0.6484,0
 0.0846, 0.0000,-1.7467, 3.1415, 0.1222,-4.1622,-4.6799, 0.3682, 0.6491,0
 0.0854, 0.0000,-1.7844, 3.1415, 0.0911,-3.8483,-4.6799, 0.3595, 0.6498,0
 0.0858, 0.0000,-1.8221, 3.1415, 0.0485,-3.7855,-4.6799, 0.3792, 0.6505,0
 0.0858, 0.0000,-1.8535, 3.1415, 0.0097,-3.2703,-4.6799, 0.3500, 0.6513,0
 0.0857, 0.0000,-1.8849, 3.1415,-0.0101,-3.1673,-4.6799, 0.3623, 0.6520,0
 0.0853, 0.0000,-1.9132, 3.1415,-0.0323,-2.8954,-4.6799, 0.3584, 0.6527,0
 0.0847, 0.0000,-1.9383, 3.1415,-0.0549,-2.5896,-4.6799, 0.3519, 0.6534,0
 0.0840, 0.0000,-1.9603, 3.1415,-0.0655,-2.2772,-4.6799, 0.3453, 0.6541,0
 0.0832, 0.0000,-1.9792, 3.1415,-0.0798,-1.9634,-4.6799, 0.3391, 0.6549,0
 0.0822, 0.0000,-1.9949, 3.1415,-0.0947,-1.6493,-4.6799, 0.3335, 0.6556,0
 0.0812, 0.0000,-2.0106, 3.1415,-0.0977,-1.5865,-4.6799, 0.3409, 0.6563,0
 0.0800, 0.0000,-2.0231, 3.1415,-0.1165,-1.3226,-4.6799, 0.3383, 0.6570,0
 0.0786, 0.0000,-2.0326, 3.1415,-0.1324,-1.0185,-4.6799, 0.3344, 0.6577,0
 0.0773, 0.0000,-2.0388, 3.1415,-0.1356,-0.7063,-4.6799, 0.3309, 0.6584,0
 0.0757, 0.0000,-2.0420, 3.1415,-0.1544,-0.3925,-4.6799, 0.3281, 0.6592,0
 0.0738, 0.0000,-2.0451, 3.1415,-0.1764,-0.3298,-4.6799, 0.3295, 0.6599,0
 0.0720, 0.0000,-2.0451, 3.1415,-0.1868,-0.0659,-3.9910, 0.3280, 0.6606,0
 0.0699, 0.0000,-2.0420, 3.1415,-0.2010, 0.2381, 4.6799, 0.3268, 0.6613,0
 0.0683, 0.0000,-2.0357, 3.1415,-0.1675, 0.5502, 4.6799, 0.3262, 0.6620,0
 0.0670, 0.0000,-2.0263, 3.1415,-0.1365, 0.8640, 4.6799, 0.3263, 0.6628,0
 0.0659, 0.0000,-2.0137, 3.1415,-0.1182, 1.1781, 4.6799, 0.3272, 0.6635,0
 0.0651, 0.0000,-1.9980, 3.1415,-0.0842, 1.4922, 4.6799, 0.3287, 0.6642,0
 0.0648, 0.0000,-1.9792, 3.1415,-0.0471, 1.8064, 4.6799, 0.3308, 0.6649,0
 0.0648, 0.0000,-1.9572, 3.1415,-0.0033, 2.1205, 4.6799, 0.3335, 0.6656,0
 0.0651, 0.0000,-1.9320, 3.1415, 0.0235, 2.4347, 4.6799, 0.3368, 0.6663,0
 0.0657, 0.0000,-1.9038, 3.1415, 0.0532, 2.7488, 4.6799, 0.3405, 0.6671,0
 0.0664, 0.0000,-1.8723, 3.1415, 0.0652, 3.0630, 4.6799, 0.3446, 0.6678,0
 0.0673, 0.0000,-1.8378, 3.1415, 0.0858, 3.3772, 4.6799, 0.3491, 0.6685,0
 0.0684, 0.0000,-1.8001, 3.1415, 0.1020, 3.6913, 4.6799, 0.3540, 0.6692,0
 0.0696, 0.0000,-1.7592, 3.1415, 0.1174, 4.0055, 4.6799, 0.3591, 0.6699,0
 0.0710, 0.0000,-1.7153, 3.1415, 0.1326, 4.3196, 4.6799, 0.3646, 0.6707,0
 0.0724, 0.0000,-1.6681, 3.1415, 0.1417, 4.6338, 4.6799, 0.3704, 0.6714,0
 0.0738, 0.0000,-1.6179, 3.1415, 0.1435, 4.9480, 4.6799, 0.3765, 0.6721,0
 0.0754, 0.0000,-1.5645, 3.1415, 0.1499, 5.2621, 0.7842, 0.3831, 0.6728,0
 0.0768, 0.0000,-1.5111, 3.1415, 0.1451, 5.3249,-4.6799, 0.3541, 0.6735,0
 0.0776, 0.0000,-1.4514, 3.1415, 0.0957, 5.8402,-4.6799, 0.3919, 0.6742,0
 0.0781, 0.0000,-1.3885, 3.1415, 0.0555, 6.1945,-4.6799, 0.4070, 0.6750,0
 0.0782, 0.0000,-1.3226, 3.1415, 0.0232, 6.5168,-4.6799, 0.4181, 0.6757,0
 0.0777, 0.0000,-1.2566, 3.1415,-0.0377, 6.5812,-4.6799, 0.3844, 0.6764,0
 0.0768, 0.0000,-1.1843, 3.1415,-0.0803, 7.0967,-4.6799, 0.4344, 0.6771,0
 0.0753, 0.0000,-1.1089, 3.1415,-0.1373, 7.4512,-4.6799, 0.4573, 0.6778,0
 0.0732, 0.0000,-1.0304, 3.1415,-0.1972, 7.7734,-4.6799, 0.4765, 0.6786,0
 0.0707, 0.0000,-0.9487, 3.1415,-0.2334, 8.0892,-4.6799, 0.4976, 0.6793,0
 0.0676, 0.0000,-0.8607, 3.1415,-0.2952, 8.6550,-4.6799, 0.5806, 0.6800,0
 0.0640, 0.0000,-0.7728, 3.1415,-0.3500, 8.7681,-4.6799, 0.5622, 0.6807,0
 0.0600, 0.0000,-0.6817, 3.1415,-0.3913, 9.0421,-4.6799, 0.5870, 0.6814,0
 0.0553, 0.0000,-0.5843, 3.1415,-0.4542, 9.5995, 4.6799, 0.6911, 0.6821,0
 0.0507, 0.0000,-0.4869, 3.1415,-0.4546, 9.7110, 4.6799, 0.6856, 0.6829,0
 0.0461, 0.0000,-0.3895, 3.1415,-0.4607, 9.7333,-4.6799, 0.6620, 0.6836,0
 0.0410, 0.0000,-0.2890, 3.1415,-0.4984, 9.9891, 4.6799, 0.7086, 0.6843,0
 0.0363, 0.0000,-0.1884, 3.1415,-0.4756, 10.0403, 4.6799, 0.7059, 0.6850,0
 0.0319, 0.0000,-0.0879, 3.1415,-0.4528, 10.0505, 4.6799, 0.6988, 0.6857,0
 0.0279, 0.0000, 0.0125, 3.1415,-0.4058, 10.0525, 4.6799, 0.6967, 0.6865,0
 0.0241, 0.0000, 0.1099, 3.1415,-0.3904, 9.8016,-4.6799, 0.6312, 0.6872,0
 0.0203, 0.0000, 0.2073, 3.1415,-0.3812, 9.7514,-4.6799, 0.6285, 0.6879,0
 0.0169, 0.0000, 0.3015, 3.1415,-0.3430, 9.4901,-4.6799, 0.5751, 0.6886,0
 0.0135, 0.0000, 0.3958, 3.1415,-0.3414, 9.4378,-4.6799, 0.5844, 0.6893,0
 0.0103, 0.0000, 0.4900, 3.1415,-0.3290, 9.4273,-4.6799, 0.6106, 0.6900,0
 0.0070, 0.0000, 0.5843, 3.1415,-0.3265, 9.4253,-4.6799, 0.6447, 0.6908,0
 0.0040, 0.0000, 0.6723, 3.1415,-0.3078, 8.9222,-4.6799, 0.5526, 0.6915,0
 0.0013, 0.0000, 0.7602, 3.1415,-0.2737, 8.8216,-4.6799, 0.5691, 0.6922,0
-0.0012, 0.0000, 0.8450, 3.1415,-0.2669, 8.5501,-4.6799, 0.5469, 0.6929,0
-0.0037, 0.0000, 0.9267, 3.1415,-0.2474, 8.2445,-4.6799, 0.5204, 0.6936,0
-0.0061, 0.0000, 1.0084, 3.1415,-0.2435, 8.1834,-4.6799, 0.5546, 0.6944,0
-0.0083, 0.0000, 1.0838, 3.1415,-0.2245, 7.6685,-4.6799, 0.4872, 0.6951,0
-0.0102, 0.0000, 1.1561, 3.1415,-0.1964, 7.3142,-4.6799, 0.4596, 0.6958,0
-0.0122, 0.0000, 1.2283, 3.1415,-0.1969, 7.2433,-4.6799, 0.4934, 0.6965,0
-0.0139, 0.0000, 1.2974, 3.1415,-0.1788, 6.9778,-4.6799, 0.4878, 0.6972,0
-0.0156, 0.0000, 1.3603, 3.1415,-0.1691, 6.4221,-4.6799, 0.4273, 0.6979,0
-0.0171, 0.0000, 1.4231, 3.1415,-0.1550, 6.3109,-4.6799, 0.4519, 0.6987,0
-0.0186, 0.0000, 1.4828, 3.1415,-0.1522, 6.0374,-4.6799, 0.4472, 0.6994,0
-0.0203, 0.0000, 1.5362, 3.1415,-0.1638, 5.4800,-4.6799, 0.3956, 0.7001,0
-0.0218, 0.0000, 1.5896, 3.1415,-0.1540, 5.3685, 2.6944, 0.4170, 0.7008,0
-0.0230, 0.0000, 1.6399, 3.1415,-0.1278, 5.0949, 4.6799, 0.4130, 0.7015,0
-0.0238, 0.0000, 1.6870, 3.1415,-0.0922, 4.7889, 4.6799, 0.4043, 0.7023,0
-0.0244, 0.0000, 1.7310, 3.1415,-0.0669, 4.4763, 4.6799, 0.3950, 0.7030,0
-0.0247, 0.0000, 1.7718, 3.1415,-0.0315, 4.1625, 4.6799, 0.3859, 0.7037,0
-0.0246, 0.0000, 1.8095, 3.1415,-0.0002, 3.8484, 4.6799, 0.3771, 0.7044,0
-0.0242, 0.0000, 1.8472, 3.1415, 0.0302, 3.7856, 4.6799, 0.3966, 0.7051,0
-0.0237, 0.0000, 1.8786, 3.1415, 0.0484, 3.2703, 4.6799, 0.3673, 0.7058,0
-0.0229, 0.0000, 1.9100, 3.1415, 0.0703, 3.1673, 4.6799, 0.3794, 0.7066,0
-0.0222, 0.0000, 1.9383, 3.1415, 0.0747, 2.8954, 4.6799, 0.3754, 0.7073,0
-0.0212, 0.0000, 1.9634, 3.1415, 0.0937, 2.5897, 4.6799, 0.3686, 0.7080,0
-0.0201, 0.0000, 1.9854, 3.1415, 0.1036, 2.2772, 4.6799, 0.3619, 0.7087,0
-0.0188, 0.0000, 2.0043, 3.1415, 0.1238, 1.9633, 4.6799, 0.3556, 0.7094,0
-0.0175, 0.0000, 2.0200, 3.1415, 0.1339, 1.6493, 4.6799, 0.3499, 0.7102,0
-0.0158, 0.0000, 2.0357, 3.1415, 0.1601, 1.5865, 4.6799, 0.3572, 0.7109,0
-0.0140, 0.0000, 2.0483, 3.1415, 0.1714, 1.3226, 4.6799, 0.3545, 0.7116,0
-0.0122, 0.0000, 2.0577, 3.1415, 0.1798, 1.0185, 4.6799, 0.3505, 0.7123,0
-0.0103, 0.0000, 2.0640, 3.1415, 0.1936, 0.7063, 4.6799, 0.3469, 0.7130,0
-0.0082, 0.0000, 2.0703, 3.1415, 0.2024, 0.6439, 4.6799, 0.3497, 0.7137,0
-0.0060, 0.0000, 2.0734, 3.1415, 0.2163, 0.3801, 4.6799, 0.3479, 0.7145,0
-0.0039, 0.0000, 2.0734, 3.1415, 0.2130, 0.0760, 4.6047, 0.3460, 0.7152,0
-0.0015, 0.0000, 2.0703, 3.1415, 0.2305,-0.2361,-4.6799, 0.3447, 0.7159,0
 0.0003, 0.0000, 2.0640, 3.1415, 0.1976,-0.5498,-4.6799, 0.3442, 0.7166,0
 0.0018, 0.0000, 2.0546, 3.1415, 0.1668,-0.8639,-4.6799, 0.3444, 0.7173,0
 0.0031, 0.0000, 2.0420, 3.1415, 0.1303,-1.1781,-4.6799, 0.3454, 0.7181,0
 0.0039, 0.0000, 2.0263, 3.1415, 0.0927,-1.4922,-4.6799, 0.3470, 0.7188,0
 0.0043, 0.0000, 2.0074, 3.1415, 0.0549,-1.8064,-4.6799, 0.3493, 0.7195,0
 0.0044, 0.0000, 1.9854, 3.1415, 0.0170,-2.1205,-4.6799, 0.3522, 0.7202,0
 0.0042, 0.0000, 1.9603, 3.1415,-0.0147,-2.4347,-4.6799, 0.3557, 0.7209,0
 0.0037, 0.0000, 1.9320, 3.1415,-0.0393,-2.7488,-4.6799, 0.3596, 0.7216,0
 0.0031, 0.0000, 1.9006, 3.1415,-0.0624,-3.0630,-4.6799, 0.3639, 0.7224,0
 0.0022, 0.0000, 1.8661, 3.1415,-0.0791,-3.3772,-4.6799, 0.3686, 0.7231,0
 0.0012, 0.0000, 1.8284, 3.1415,-0.1007,-3.6913,-4.6799, 0.3737, 0.7238,0
 0.0000, 0.0000, 1.7907, 3.1415,-0.1171,-3.7542,-4.6799, 0.3539, 0.7245,0
-0.0013, 0.0000, 1.7467, 3.1415,-0.1325,-4.2694,-4.6799, 0.3808, 0.7252,0
-0.0028, 0.0000, 1.6996, 3.1415,-0.1477,-4.6237,-4.6799, 0.3915, 0.7260,0
-0.0045, 0.0000, 1.6493, 3.1415,-0.1629,-4.9460,-4.6799, 0.3988, 0.7267,0
-0.0062, 0.0000, 1.5990, 3.1415,-0.1659,-5.0104,-4.6799, 0.3717, 0.7274,0
-0.0079, 0.0000, 1.5425, 3.1415,-0.1726,-5.5259, 4.6799, 0.4072, 0.7281,0
-0.0093, 0.0000, 1.4828, 3.1415,-0.1436,-5.8804, 4.6799, 0.4210, 0.7288,0
-0.0101, 0.0000, 1.4231, 3.1415,-0.0954,-5.9513, 4.6799, 0.3902, 0.7295,0
-0.0106, 0.0000, 1.3571, 3.1415,-0.0615,-6.4681, 4.6799, 0.4334, 0.7303,0
-0.0106, 0.0000, 1.2880, 3.1415,-0.0123,-6.8228, 4.6799, 0.4513, 0.7310,0
-0.0101, 0.0000, 1.2189, 3.1415, 0.0399,-6.8937, 4.6799, 0.4178, 0.7317,0
-0.0090, 0.0000, 1.1435, 3.1415, 0.0989,-7.4106, 4.6799, 0.4712, 0.7324,0
-0.0075, 0.0000, 1.0649, 3.1415, 0.1410,-7.7653, 4.6799, 0.4962, 0.7331,0
-0.0055, 0.0000, 0.9833, 3.1415, 0.1858,-8.0875, 4.6799, 0.5177, 0.7339,0
-0.0030, 0.0000, 0.8984, 3.1415, 0.2372,-8.4033, 4.6799, 0.5414, 0.7346,0
 0.0000, 0.0000, 0.8073, 3.1415, 0.2899,-8.9691, 4.6799, 0.6297, 0.7353,0
 0.0036, 0.0000, 0.7162, 3.1415, 0.3490,-9.0823, 4.6799, 0.6132, 0.7360,0
 0.0077, 0.0000, 0.6220, 3.1415, 0.3972,-9.3562, 4.6799, 0.6419, 0.7367,0
 0.0123, 0.0000, 0.5246, 3.1415, 0.4493,-9.6624, 4.6799, 0.6855, 0.7374,0
 0.0175, 0.0000, 0.4209, 3.1415, 0.5021,-10.2262,-4.6799, 0.8086, 0.7382,0
 0.0224, 0.0000, 0.3204, 3.1415, 0.4945,-10.0877,-4.6799, 0.7431, 0.7389,0
 0.0273, 0.0000, 0.2167, 3.1415, 0.4930,-10.3113,-4.6799, 0.7872, 0.7396,0
 0.0321, 0.0000, 0.1130, 3.1415, 0.4805,-10.3560,-4.6799, 0.7879, 0.7403,0
 0.0366, 0.0000, 0.0125, 3.1415, 0.4599,-10.1136, 4.6799, 0.7139, 0.7410,0
 0.0413, 0.0000,-0.0879, 3.1415, 0.4618,-10.0652, 4.6799, 0.7030, 0.7417,0
 0.0457, 0.0000,-0.1916, 3.1415, 0.4440,-10.3068,-4.6799, 0.7822, 0.7425,0
 0.0495, 0.0000,-0.2921, 3.1415, 0.3980,-10.1038, 4.6799, 0.7415, 0.7432,0
 0.0535, 0.0000,-0.3895, 3.1415, 0.3949,-9.8119, 4.6799, 0.6835, 0.7439,0
 0.0572, 0.0000,-0.4869, 3.1415, 0.3821,-9.7535, 4.6799, 0.6972, 0.7446,0
 0.0607, 0.0000,-0.5811, 3.1415, 0.3553,-9.4905, 4.6799, 0.6607, 0.7453,0
 0.0641, 0.0000,-0.6754, 3.1415, 0.3378,-9.4379, 4.6799, 0.6866, 0.7461,0
 0.0673, 0.0000,-0.7634, 3.1415, 0.3282,-8.9247, 4.6799, 0.5963, 0.7468,0
 0.0704, 0.0000,-0.8513, 3.1415, 0.3142,-8.8221, 4.6799, 0.6164, 0.7475,0
 0.0731, 0.0000,-0.9361, 3.1415, 0.2750,-8.5502, 4.6799, 0.5977, 0.7482,0
 0.0754, 0.0000,-1.0178, 3.1415, 0.2429,-8.2445, 4.6799, 0.5744, 0.7489,0
 0.0777, 0.0000,-1.0995, 3.1415, 0.2304,-8.1834, 4.6799, 0.6115, 0.7496,0
 0.0799, 0.0000,-1.1749, 3.1415, 0.2219,-7.6685, 4.6799, 0.5464, 0.7504,0
 0.0819, 0.0000,-1.2472, 3.1415, 0.2020,-7.3142, 4.6799, 0.5206, 0.7511,0
 0.0837, 0.0000,-1.3194, 3.1415, 0.1859,-7.2433, 4.6799, 0.5559, 0.7518,0
 0.0856, 0.0000,-1.3854, 3.1415, 0.1887,-6.7265, 4.6799, 0.5011, 0.7525,0
 0.0875, 0.0000,-1.4514, 3.1415, 0.1893,-6.6231, 4.6799, 0.5286, 0.7532,0
 0.0892, 0.0000,-1.5111, 3.1415, 0.1712,-6.0998, 4.6799, 0.4780, 0.7540,0
 0.0907, 0.0000,-1.5707, 3.1415, 0.1615,-5.9951, 3.5765, 0.5031, 0.7547,0
 0.0923, 0.0000,-1.6242, 3.1415, 0.1596,-5.4716,-4.6799, 0.4574, 0.7554,0
 0.0936, 0.0000,-1.6776, 3.1415, 0.1289,-5.3668,-4.6799, 0.4798, 0.7561,0
 0.0944, 0.0000,-1.7278, 3.1415, 0.0924,-5.0946,-4.6799, 0.4757, 0.7568,0
 0.0951, 0.0000,-1.7749, 3.1415, 0.0730,-4.7888,-4.6799, 0.4666, 0.7575,0
 0.0951, 0.0000,-1.8189, 3.1415, 0.0146,-4.4763,-4.6799, 0.4569, 0.7583,0
 0.0948, 0.0000,-1.8598, 3.1415,-0.0213,-4.1625,-4.6799, 0.4472, 0.7590,0
 0.0942, 0.0000,-1.8975, 3.1415,-0.0467,-3.8484,-4.6799, 0.4378, 0.7597,0
 0.0934, 0.0000,-1.9352, 3.1415,-0.0760,-3.7856,-4.6799, 0.4565, 0.7604,0
 0.0925, 0.0000,-1.9697, 3.1415,-0.0879,-3.5217,-4.6799, 0.4526, 0.7611,0
 0.0913, 0.0000,-1.9980, 3.1415,-0.1146,-2.9662,-4.6799, 0.4207, 0.7619,0
 0.0898, 0.0000,-2.0294, 3.1415,-0.1441,-3.1065,-4.6799, 0.4530, 0.7626,0
 0.0882, 0.0000,-2.0546, 3.1415,-0.1501,-2.6319,-4.6799, 0.4309, 0.7633,0
 0.0866, 0.0000,-2.0765, 3.1415,-0.1634,-2.2856,-4.6799, 0.4210, 0.7640,0
 0.0847, 0.0000,-2.0985, 3.1415,-0.1842,-2.2164,-4.6799, 0.4304, 0.7647,0
 0.0829, 0.0000,-2.1174, 3.1415,-0.1823,-1.9512,-4.6799, 0.4265, 0.7654,0
 0.0808, 0.0000,-2.1331, 3.1415,-0.2001,-1.6468,-4.6799, 0.4208, 0.7662,0
 0.0786, 0.0000,-2.1488, 3.1415,-0.2158,-1.5860,-4.6799, 0.4275, 0.7669,0
 0.0764, 0.0000,-2.1582, 3.1415,-0.2190,-1.0711,-4.6799, 0.4140, 0.7676,0
 0.0741, 0.0000,-2.1676, 3.1415,-0.2317,-0.9682,-4.6799, 0.4167, 0.7683,0
 0.0716, 0.0000,-2.1771, 3.1415,-0.2403,-0.9476,-4.6799, 0.4217, 0.7690,0
 0.0691, 0.0000,-2.1802, 3.1415,-0.2481,-0.4408,-4.6799, 0.4137, 0.7698,0
 0.0663, 0.0000,-2.1834, 3.1415,-0.2739,-0.3394,-4.6799, 0.4145, 0.7705,0
 0.0635, 0.0000,-2.1834, 3.1415,-0.2791,-0.0678,-4.6799, 0.4129, 0.7712,0
 0.0607, 0.0000,-2.1802, 3.1415,-0.2801, 0.2377, 4.6799, 0.4118, 0.7719,0
 0.0585, 0.0000,-2.1771, 3.1415,-0.2318, 0.2988, 4.6799, 0.4104, 0.7726,0
 0.0562, 0.0000,-2.1676, 3.1415,-0.2343, 0.8137, 4.6799, 0.4128, 0.7733,0
 0.0544, 0.0000,-2.1582, 3.1415,-0.1863, 0.9167, 4.6799, 0.4097, 0.7741,0
 0.0531, 0.0000,-2.1425, 3.1415,-0.1464, 1.4399, 4.6799, 0.4176, 0.7748,0
 0.0522, 0.0000,-2.1237, 3.1415,-0.0959, 1.7959, 4.6799, 0.4222, 0.7755,0
 0.0519, 0.0000,-2.1017, 3.1415,-0.0495, 2.1184, 4.6799, 0.4264, 0.7762,0
 0.0518, 0.0000,-2.0765, 3.1415,-0.0159, 2.4343, 4.6799, 0.4308, 0.7769,0
 0.0520, 0.0000,-2.0483, 3.1415, 0.0149, 2.7488, 4.6799, 0.4358, 0.7777,0
 0.0525, 0.0000,-2.0200, 3.1415, 0.0393, 2.8117, 4.6799, 0.4225, 0.7784,0
 0.0532, 0.0000,-1.9854, 3.1415, 0.0685, 3.3269, 4.6799, 0.4442, 0.7791,0
 0.0541, 0.0000,-1.9477, 3.1415, 0.0864, 3.6813, 4.6799, 0.4540, 0.7798,0
 0.0551, 0.0000,-1.9100, 3.1415, 0.0961, 3.7522, 4.6799, 0.4361, 0.7805,0
 0.0563, 0.0000,-1.8661, 3.1415, 0.1162, 4.2690, 4.6799, 0.4641, 0.7812,0
 0.0577, 0.0000,-1.8189, 3.1415, 0.1323, 4.6237, 4.6799, 0.4756, 0.7820,0
 0.0592, 0.0000,-1.7718, 3.1415, 0.1477, 4.6946, 4.6799, 0.4519, 0.7827,0
 0.0607, 0.0000,-1.7184, 3.1415, 0.1447, 5.2115, 4.6799, 0.4858, 0.7834,0
 0.0623, 0.0000,-1.6650, 3.1415, 0.1562, 5.3148, 4.6799, 0.4630, 0.7841,0
 0.0638, 0.0000,-1.6084, 3.1415, 0.1585, 5.5868, 4.6799, 0.4640, 0.7848,0
 0.0656, 0.0000,-1.5456, 3.1415, 0.1711, 6.1439,-4.6423, 0.5104, 0.7856,0
 0.0668, 0.0000,-1.4828, 3.1415, 0.1312, 6.2553,-4.6799, 0.4847, 0.7863,0
 0.0675, 0.0000,-1.4168, 3.1415, 0.0808, 6.5289,-4.6799, 0.4866, 0.7870,0
 0.0679, 0.0000,-1.3446, 3.1415, 0.0525, 7.0863,-4.6799, 0.5419, 0.7877,0
 0.0679, 0.0000,-1.2723, 3.1415, 0.0044, 7.1977,-4.6799, 0.5141, 0.7884,0
 0.0672, 0.0000,-1.1938, 3.1415,-0.0536, 7.7227,-4.6799, 0.5706, 0.7891,0
 0.0660, 0.0000,-1.1152, 3.1415,-0.1016, 7.8277,-4.6799, 0.5419, 0.7899,0
 0.0643, 0.0000,-1.0304, 3.1415,-0.1597, 8.3513,-4.6799, 0.6070, 0.7906,0
 0.0621, 0.0000,-0.9424, 3.1415,-0.2077, 8.7074,-4.6799, 0.6393, 0.7913,0
 0.0594, 0.0000,-0.8513, 3.1415,-0.2537, 9.0299,-4.6799, 0.6683, 0.7920,0
 0.0560, 0.0000,-0.7571, 3.1415,-0.3236, 9.3458,-4.6799, 0.7009, 0.7927,0
 0.0521, 0.0000,-0.6597, 3.1415,-0.3800, 9.6603,-4.6799, 0.7390, 0.7935,0
 0.0477, 0.0000,-0.5592, 3.1415,-0.4276, 9.9745,-4.6799, 0.7841, 0.7942,0
 0.0428, 0.0000,-0.4555, 3.1415,-0.4796, 10.2887, 4.6799, 0.8371, 0.7949,0
 0.0381, 0.0000,-0.3518, 3.1415,-0.4718, 10.3515, 4.6799, 0.8260, 0.7956,0
 0.0331, 0.0000,-0.2450, 3.1415,-0.4945, 10.6154, 4.6799, 0.8809, 0.7963,0
 0.0284, 0.0000,-0.1382, 3.1415,-0.4687, 10.6682, 4.6799, 0.8821, 0.7970,0
 0.0241, 0.0000,-0.0345, 3.1415,-0.4454, 10.4274, 4.6799, 0.8045, 0.7978,0
 0.0202, 0.0000, 0.0691, 3.1415,-0.3983, 10.3792,-4.6799, 0.7918, 0.7985,0
 0.0164, 0.0000, 0.1727, 3.1415,-0.3828, 10.3696,-4.6799, 0.7980, 0.7992,0
 0.0127, 0.0000, 0.2733, 3.1415,-0.3736, 10.1164,-4.6799, 0.7413, 0.7999,0
 0.0090, 0.0000, 0.3738, 3.1415,-0.3657, 10.0657,-4.6799, 0.7499, 0.8006,0
 0.0056, 0.0000, 0.4743, 3.1415,-0.3520, 10.0556,-4.6799, 0.7768, 0.8014,0
 0.0021, 0.0000, 0.5717, 3.1415,-0.3432, 9.8022,-4.6799, 0.7413, 0.8021,0
-0.0009, 0.0000, 0.6691, 3.1415,-0.3233, 9.7516,-4.6799, 0.7680, 0.8028,0
-0.0039, 0.0000, 0.7634, 3.1415,-0.3011, 9.4901,-4.6799, 0.7420, 0.8035,0
-0.0065, 0.0000, 0.8513, 3.1415,-0.2724, 8.9351,-4.6799, 0.6445, 0.8042,0
-0.0090, 0.0000, 0.9424, 3.1415,-0.2545, 9.0755,-4.6799, 0.7310, 0.8049,0
-0.0113, 0.0000, 1.0241, 3.1415,-0.2328, 8.3496,-4.6799, 0.6027, 0.8057,0
-0.0134, 0.0000, 1.1089, 3.1415,-0.2163, 8.4557,-4.6799, 0.6810, 0.8064,0
-0.0153, 0.0000, 1.1875, 3.1415,-0.1948, 7.9743,-4.6799, 0.6217, 0.8071,0
-0.0170, 0.0000, 1.2629, 3.1415,-0.1723, 7.6267,-4.6799, 0.5967, 0.8078,0
-0.0186, 0.0000, 1.3351, 3.1415,-0.1618, 7.3058,-4.6799, 0.5796, 0.8085,0
-0.0201, 0.0000, 1.4074, 3.1415,-0.1536, 7.2417,-4.6799, 0.6174, 0.8093,0
-0.0216, 0.0000, 1.4734, 3.1415,-0.1459, 6.7262,-4.6799, 0.5635, 0.8100,0
-0.0230, 0.0000, 1.5362, 3.1415,-0.1443, 6.3717,-4.6799, 0.5435, 0.8107,0
-0.0244, 0.0000, 1.5990, 3.1415,-0.1380, 6.3008, 4.2089, 0.5761, 0.8114,0
-0.0253, 0.0000, 1.6556, 3.1415,-0.1003, 5.7840, 4.6799, 0.5292, 0.8121,0
-0.0259, 0.0000, 1.7121, 3.1415,-0.0746, 5.6807, 4.6799, 0.5529, 0.8128,0
-0.0262, 0.0000, 1.7624, 3.1415,-0.0331, 5.1573, 4.6799, 0.5091, 0.8136,0
-0.0260, 0.0000, 1.8126, 3.1415, 0.0055, 5.0527, 4.6799, 0.5294, 0.8143,0
-0.0257, 0.0000, 1.8598, 3.1415, 0.0253, 4.7804, 4.6799, 0.5246, 0.8150,0
-0.0250, 0.0000, 1.9038, 3.1415, 0.0596, 4.4746, 4.6799, 0.5150, 0.8157,0
-0.0242, 0.0000, 1.9477, 3.1415, 0.0786, 4.4135, 4.6799, 0.5370, 0.8164,0
-0.0232, 0.0000, 1.9854, 3.1415, 0.0945, 3.8986, 4.6799, 0.5021, 0.8172,0
-0.0222, 0.0000, 2.0231, 3.1415, 0.0977, 3.7956, 4.6799, 0.5155, 0.8179,0
-0.0209, 0.0000, 2.0546, 3.1415, 0.1286, 3.2724, 4.6799, 0.4839, 0.8186,0
-0.0194, 0.0000, 2.0860, 3.1415, 0.1470, 3.1677, 4.6799, 0.4943, 0.8193,0
-0.0178, 0.0000, 2.1174, 3.1415, 0.1506, 3.1468, 4.6799, 0.5119, 0.8200,0
-0.0162, 0.0000, 2.1425, 3.1415, 0.1635, 2.6399, 4.6799, 0.4861, 0.8207,0
-0.0142, 0.0000, 2.1676, 3.1415, 0.1903, 2.5386, 4.6799, 0.4938, 0.8215,0
-0.0122, 0.0000, 2.1896, 3.1415, 0.2017, 2.2670, 4.6799, 0.4885, 0.8222,0
-0.0100, 0.0000, 2.2085, 3.1415, 0.2101, 1.9613, 4.6799, 0.4813, 0.8229,0
-0.0078, 0.0000, 2.2273, 3.1415, 0.2239, 1.9002, 4.6799, 0.4888, 0.8236,0
-0.0053, 0.0000, 2.2430, 3.1415, 0.2388, 1.6366, 4.6799, 0.4847, 0.8243,0
-0.0029, 0.0000, 2.2556, 3.1415, 0.2417, 1.3326, 4.6799, 0.4791, 0.8251,0
-0.0006, 0.0000, 2.2682, 3.1415, 0.2363, 1.2718, 4.6799, 0.4838, 0.8258,0
 0.0020, 0.0000, 2.2776, 3.1415, 0.2594, 1.0083, 4.6799, 0.4805, 0.8265,0
 0.0047, 0.0000, 2.2839, 3.1415, 0.2701, 0.7043, 4.6799, 0.4767, 0.8272,0
 0.0075, 0.0000, 2.2870, 3.1415, 0.2783, 0.3921, 4.6799, 0.4736, 0.8279,0
 0.0104, 0.0000, 2.2902, 3.1415, 0.2860, 0.3297, 4.6799, 0.4747, 0.8286,0
 0.0134, 0.0000, 2.2933, 3.1415, 0.2936, 0.3172, 4.6799, 0.4762, 0.8294,0
 0.0165, 0.0000, 2.2902, 3.1415, 0.3073,-0.1878,-4.6799, 0.4736, 0.8301,0
 0.0190, 0.0000, 2.2870, 3.1415, 0.2676,-0.2889,-4.6799, 0.4726, 0.8308,0
 0.0213, 0.0000, 2.2807, 3.1415, 0.2354,-0.5604,-4.6799, 0.4724, 0.8315,0
 0.0231, 0.0000, 2.2682, 3.1415, 0.1926,-1.1173,-4.6799, 0.4786, 0.8322,0
 0.0247, 0.0000, 2.2556, 3.1415, 0.1597,-1.2287,-4.6799, 0.4753, 0.8330,0
 0.0257, 0.0000, 2.2399, 3.1415, 0.1168,-1.5023,-4.6799, 0.4770, 0.8337,0
 0.0262, 0.0000, 2.2179, 3.1415, 0.0658,-2.0597,-4.6799, 0.4923, 0.8344,0
 0.0266, 0.0000, 2.1959, 3.1415, 0.0374,-2.1712,-4.6799, 0.4862, 0.8351,0
 0.0263, 0.0000, 2.1676, 3.1415,-0.0107,-2.6961,-4.6799, 0.5054, 0.8358,0
 0.0260, 0.0000, 2.1394, 3.1415,-0.0263,-2.8012,-4.6799, 0.4965, 0.8365,0
 0.0253, 0.0000, 2.1080, 3.1415,-0.0598,-3.0735,-4.6799, 0.4997, 0.8373,0
 0.0244, 0.0000, 2.0734, 3.1415,-0.0847,-3.3792,-4.6799, 0.5058, 0.8380,0
 0.0234, 0.0000, 2.0357, 3.1415,-0.0957,-3.6917,-4.6799, 0.5127, 0.8387,0
 0.0223, 0.0000, 1.9949, 3.1415,-0.1101,-4.0056,-4.6799, 0.5201, 0.8394,0
 0.0210, 0.0000, 1.9509, 3.1415,-0.1250,-4.3197,-4.6799, 0.5276, 0.8401,0
 0.0195, 0.0000, 1.9038, 3.1415,-0.1462,-4.6338,-4.6799, 0.5353, 0.8409,0
 0.0178, 0.0000, 1.8535, 3.1415,-0.1626,-4.9480,-4.6799, 0.5431, 0.8416,0
 0.0162, 0.0000, 1.8001, 3.1415,-0.1598,-5.2621,-4.6799, 0.5509, 0.8423,0
 0.0144, 0.0000, 1.7435, 3.1415,-0.1774,-5.5763,-4.6799, 0.5587, 0.8430,0
 0.0126, 0.0000, 1.6870, 3.1415,-0.1810,-5.6391,-4.6799, 0.5284, 0.8437,0
 0.0107, 0.0000, 1.6242, 3.1415,-0.1877,-6.1543,-4.6799, 0.5686, 0.8444,0
 0.0089, 0.0000, 1.5582, 3.1415,-0.1830,-6.5087,-0.7226, 0.5840, 0.8452,0
 0.0072, 0.0000, 1.4922, 3.1415,-0.1700,-6.5796, 4.6799, 0.5497, 0.8459,0
 0.0059, 0.0000, 1.4199, 3.1415,-0.1431,-7.0964, 4.6799, 0.5971, 0.8466,0
 0.0054, 0.0000, 1.3477, 3.1415,-0.0650,-7.1998, 4.6799, 0.5668, 0.8473,0
 0.0052, 0.0000, 1.2692, 3.1415,-0.0311,-7.7231, 4.6799, 0.6217, 0.8480,0
 0.0056, 0.0000, 1.1875, 3.1415, 0.0301,-8.0791, 4.6799, 0.6452, 0.8487,0
 0.0065, 0.0000, 1.1026, 3.1415, 0.0787,-8.4016, 4.6799, 0.6642, 0.8495,0
 0.0081, 0.0000, 1.0147, 3.1415, 0.1430,-8.7174, 4.6799, 0.6848, 0.8502,0
 0.0103, 0.0000, 0.9236, 3.1415, 0.1983,-9.0319, 4.6799, 0.7091, 0.8509,0
 0.0130, 0.0000, 0.8293, 3.1415, 0.2579,-9.3462, 4.6799, 0.7379, 0.8516,0
 0.0163, 0.0000, 0.7319, 3.1415, 0.3183,-9.6603, 4.6799, 0.7723, 0.8523,0
 0.0202, 0.0000, 0.6283, 3.1415, 0.3729,-10.2258,-4.6799, 0.8830, 0.8531,0
 0.0242, 0.0000, 0.5246, 3.1415, 0.3959,-10.3389,-4.6799, 0.8750, 0.8538,0
 0.0281, 0.0000, 0.4178, 3.1415, 0.3944,-10.6129,-4.6799, 0.9205, 0.8545,0
 0.0322, 0.0000, 0.3141, 3.1415, 0.4063,-10.4163, 4.6799, 0.8360, 0.8552,0
 0.0366, 0.0000, 0.2042, 3.1415, 0.4329,-10.8797,-4.6799, 0.9539, 0.8559,0
 0.0407, 0.0000, 0.0973, 3.1415, 0.4079,-10.7210,-4.6799, 0.8944, 0.8566,0
 0.0444, 0.0000,-0.0125, 3.1415, 0.3847,-10.9406,-4.6799, 0.9577, 0.8574,0
 0.0478, 0.0000,-0.1162, 3.1415, 0.3437,-10.4819, 4.6799, 0.8249, 0.8581,0
 0.0513, 0.0000,-0.2230, 3.1415, 0.3476,-10.6415,-4.6799, 0.8850, 0.8588,0
 0.0540, 0.0000,-0.3267, 3.1415, 0.2878,-10.4221, 4.6799, 0.8405, 0.8595,0
 0.0567, 0.0000,-0.4272, 3.1415, 0.2758,-10.1268, 4.6799, 0.7822, 0.8602,0
 0.0591, 0.0000,-0.5277, 3.1415, 0.2491,-10.0678, 4.6799, 0.7986, 0.8610,0
 0.0616, 0.0000,-0.6251, 3.1415, 0.2438,-9.8047, 4.6799, 0.7635, 0.8617,0
 0.0638, 0.0000,-0.7225, 3.1415, 0.2306,-9.7520, 4.6799, 0.7927, 0.8624,0
 0.0657, 0.0000,-0.8136, 3.1415, 0.1916,-9.2389, 4.6799, 0.7017, 0.8631,0
 0.0671, 0.0000,-0.9047, 3.1415, 0.1535,-9.1362, 4.6799, 0.7249, 0.8638,0
 0.0686, 0.0000,-0.9927, 3.1415, 0.1519,-8.8644, 4.6799, 0.7077, 0.8645,0
 0.0700, 0.0000,-1.0775, 3.1415, 0.1395,-8.5587, 4.6799, 0.6855, 0.8653,0
 0.0710, 0.0000,-1.1592, 3.1415, 0.1067,-8.2462, 4.6799, 0.6647, 0.8660,0
 0.0718, 0.0000,-1.2377, 3.1415, 0.0880,-7.9324, 4.6799, 0.6461, 0.8667,0
 0.0726, 0.0000,-1.3163, 3.1415, 0.0782,-7.8696, 4.6799, 0.6862, 0.8674,0
 0.0732, 0.0000,-1.3885, 3.1415, 0.0702,-7.3544, 4.6799, 0.6271, 0.8681,0
 0.0737, 0.0000,-1.4576, 3.1415, 0.0504,-7.0000, 4.6799, 0.6049, 0.8689,0
 0.0741, 0.0000,-1.5236, 3.1415, 0.0404,-6.6779, 4.6799, 0.5904, 0.8696,0
 0.0745, 0.0000,-1.5865, 3.1415, 0.0383,-6.3621,-1.9769, 0.5779, 0.8703,0
 0.0744, 0.0000,-1.6493, 3.1415, 0.0016,-6.2989,-4.6799, 0.6118, 0.8710,0
 0.0738, 0.0000,-1.7058, 3.1415,-0.0421,-5.7836,-4.6799, 0.5650, 0.8717,0
 0.0733, 0.0000,-1.7624, 3.1415,-0.0508,-5.6806,-4.6799, 0.5885, 0.8724,0
 0.0724, 0.0000,-1.8126, 3.1415,-0.0829,-5.1573,-4.6799, 0.5443, 0.8732,0
 0.0712, 0.0000,-1.8629, 3.1415,-0.1136,-5.0527,-4.6799, 0.5642, 0.8739,0
 0.0697, 0.0000,-1.9100, 3.1415,-0.1439,-4.7804,-4.6799, 0.5589, 0.8746,0
 0.0678, 0.0000,-1.9540, 3.1415,-0.1803,-4.4746,-4.6799, 0.5488, 0.8753,0
 0.0659, 0.0000,-1.9949, 3.1415,-0.1876,-4.1621,-4.6799, 0.5380, 0.8760,0
 0.0638, 0.0000,-2.0357, 3.1415,-0.2073,-4.0996,-4.6799, 0.5572, 0.8768,0
 0.0615, 0.0000,-2.0734, 3.1415,-0.2233,-3.8358,-4.6799, 0.5519, 0.8775,0
 0.0591, 0.0000,-2.1080, 3.1415,-0.2387,-3.5317,-4.6799, 0.5421, 0.8782,0
 0.0564, 0.0000,-2.1394, 3.1415,-0.2599,-3.2196,-4.6799, 0.5317, 0.8789,0
 0.0537, 0.0000,-2.1676, 3.1415,-0.2702,-2.9058,-4.6799, 0.5218, 0.8796,0
 0.0508, 0.0000,-2.1959, 3.1415,-0.2844,-2.8431,-4.6799, 0.5334, 0.8803,0
 0.0477, 0.0000,-2.2211, 3.1415,-0.3054,-2.5792,-4.6799, 0.5278, 0.8811,0
 0.0446, 0.0000,-2.2430, 3.1415,-0.3096,-2.2751,-4.6799, 0.5196, 0.8818,0
 0.0415, 0.0000,-2.2650, 3.1415,-0.3105,-2.2143,-4.6799, 0.5281, 0.8825,0
 0.0381, 0.0000,-2.2839, 3.1415,-0.3288,-1.9508,-4.6799, 0.5230, 0.8832,0
 0.0347, 0.0000,-2.2996, 3.1415,-0.3446,-1.6468,-4.6799, 0.5162, 0.8839,0
 0.0312, 0.0000,-2.3153, 3.1415,-0.3478,-1.5859,-4.6799, 0.5218, 0.8847,0
 0.0275, 0.0000,-2.3279, 3.1415,-0.3606,-1.3225,-4.6799, 0.5176, 0.8854,0
 0.0240, 0.0000,-2.3373, 3.1415,-0.3571,-1.0184,-4.6799, 0.5126, 0.8861,0
 0.0203, 0.0000,-2.3467, 3.1415,-0.3685,-0.9576,-4.6799, 0.5157, 0.8868,0
 0.0164, 0.0000,-2.3530, 3.1415,-0.3829,-0.6941,-4.6799, 0.5129, 0.8875,0
 0.0125, 0.0000,-2.3561, 3.1415,-0.3858,-0.3901,-4.6799, 0.5098, 0.8882,0
 0.0086, 0.0000,-2.3593, 3.1415,-0.3924,-0.3293,-4.6799, 0.5108, 0.8890,0
 0.0046, 0.0000,-2.3593, 3.1415,-0.3998,-0.0658,-4.6799, 0.5094, 0.8897,0
 0.0006, 0.0000,-2.3593, 3.1415,-0.4013,-0.0131,-1.8143, 0.5093, 0.8904,0
-0.0035, 0.0000,-2.3561, 3.1415,-0.4137, 0.2486, 4.6799, 0.5086, 0.8911,0
-0.0072, 0.0000,-2.3499, 3.1415,-0.3737, 0.5523, 4.6799, 0.5088, 0.8918,0
-0.0104, 0.0000,-2.3404, 3.1415,-0.3354, 0.8644, 4.6799, 0.5101, 0.8926,0
-0.0134, 0.0000,-2.3279, 3.1415,-0.3096, 1.1782, 4.6799, 0.5126, 0.8933,0
-0.0159, 0.0000,-2.3122, 3.1415,-0.2620, 1.4922, 4.6799, 0.5161, 0.8940,0
-0.0178, 0.0000,-2.2933, 3.1415,-0.2039, 1.8064, 4.6799, 0.5205, 0.8947,0
-0.0191, 0.0000,-2.2713, 3.1415,-0.1438, 2.1205, 4.6799, 0.5258, 0.8954,0
-0.0203, 0.0000,-2.2430, 3.1415,-0.1197, 2.6860, 4.6799, 0.5482, 0.8961,0
-0.0209, 0.0000,-2.2148, 3.1415,-0.0785, 2.7991, 4.6799, 0.5408, 0.8969,0
-0.0210, 0.0000,-2.1834, 3.1415,-0.0217, 3.0731, 4.6799, 0.5451, 0.8976,0
-0.0207, 0.0000,-2.1488, 3.1415, 0.0199, 3.3792, 4.6799, 0.5522, 0.8983,0
-0.0203, 0.0000,-2.1111, 3.1415, 0.0342, 3.6917, 4.6799, 0.5602, 0.8990,0
-0.0197, 0.0000,-2.0703, 3.1415, 0.0553, 4.0056, 4.6799, 0.5685, 0.8997,0
-0.0187, 0.0000,-2.0263, 3.1415, 0.0898, 4.3197, 4.6799, 0.5771, 0.9005,0
-0.0176, 0.0000,-1.9792, 3.1415, 0.1089, 4.6338, 4.6799, 0.5858, 0.9012,0
-0.0165, 0.0000,-1.9289, 3.1415, 0.1127, 4.9480, 4.6799, 0.5944, 0.9019,0
-0.0153, 0.0000,-1.8755, 3.1415, 0.1195, 5.2621, 4.6799, 0.6031, 0.9026,0
-0.0138, 0.0000,-1.8221, 3.1415, 0.1391, 5.3250, 4.6799, 0.5755, 0.9033,0
-0.0122, 0.0000,-1.7624, 3.1415, 0.1551, 5.8402, 4.6799, 0.6142, 0.9040,0
-0.0107, 0.0000,-1.6996, 3.1415, 0.1522, 6.1945, 4.6799, 0.6294, 0.9048,0
-0.0092, 0.0000,-1.6367, 3.1415, 0.1517, 6.2654, 4.6799, 0.5969, 0.9055,0
-0.0076, 0.0000,-1.5676, 3.1415, 0.1576, 6.7822, 4.3118, 0.6417, 0.9062,0
-0.0061, 0.0000,-1.4985, 3.1415, 0.1528, 6.8856,-4.6799, 0.6119, 0.9069,0
-0.0052, 0.0000,-1.4231, 3.1415, 0.1033, 7.4089,-4.6799, 0.6628, 0.9076,0
-0.0047, 0.0000,-1.3446, 3.1415, 0.0570, 7.7649,-4.6799, 0.6830, 0.9084,0
-0.0049, 0.0000,-1.2660, 3.1415,-0.0007, 7.8361,-4.6799, 0.6442, 0.9091,0
-0.0056, 0.0000,-1.1812, 3.1415,-0.0547, 8.3530,-4.6799, 0.7041, 0.9098,0
-0.0068, 0.0000,-1.0932, 3.1415,-0.1079, 8.7077,-4.6799, 0.7315, 0.9105,0
-0.0088, 0.0000,-1.0021, 3.1415,-0.1853, 9.0300,-4.6799, 0.7549, 0.9112,0
-0.0112, 0.0000,-0.9079, 3.1415,-0.2310, 9.3458,-4.6799, 0.7809, 0.9119,0
-0.0143, 0.0000,-0.8105, 3.1415,-0.2887, 9.6603,-4.6799, 0.8116, 0.9127,0
-0.0179, 0.0000,-0.7099, 3.1415,-0.3487, 9.9745,-4.6799, 0.8483, 0.9134,0
-0.0221, 0.0000,-0.6063, 3.1415,-0.4032, 10.2887,-4.6799, 0.8919, 0.9141,0
-0.0269, 0.0000,-0.4963, 3.1415,-0.4687, 10.8542, 4.6799, 1.0179, 0.9148,0
-0.0315, 0.0000,-0.3864, 3.1415,-0.4575, 10.9673, 4.6799, 1.0187, 0.9155,0
-0.0363, 0.0000,-0.2764, 3.1415,-0.4735, 10.9899, 4.6799, 1.0000, 0.9163,0
-0.0410, 0.0000,-0.1665, 3.1415,-0.4706, 10.9944, 4.6799, 0.9841, 0.9170,0
-0.0454, 0.0000,-0.0534, 3.1415,-0.4518, 11.2466, 4.6799, 1.0537, 0.9177,0
-0.0493, 0.0000, 0.0534, 3.1415,-0.3996, 10.7944,-4.6799, 0.9142, 0.9184,0
-0.0530, 0.0000, 0.1633, 3.1415,-0.3770, 10.9553, 4.6799, 0.9717, 0.9191,0
-0.0563, 0.0000, 0.2701, 3.1415,-0.3361, 10.7362,-1.3686, 0.9216, 0.9198,0
-0.0594, 0.0000, 0.3738, 3.1415,-0.3218, 10.4410,-4.6799, 0.8577, 0.9206,0
-0.0623, 0.0000, 0.4775, 3.1415,-0.2887, 10.3820,-4.6799, 0.8712, 0.9213,0
-0.0649, 0.0000, 0.5780, 3.1415,-0.2699, 10.1188,-4.6799, 0.8320, 0.9220,0
-0.0673, 0.0000, 0.6754, 3.1415,-0.2419, 9.8149,-4.6799, 0.7882, 0.9227,0
-0.0695, 0.0000, 0.7728, 3.1415,-0.2242, 9.7541,-4.6799, 0.8178, 0.9234,0
-0.0713, 0.0000, 0.8639, 3.1415,-0.1964, 9.2393,-4.6799, 0.7287, 0.9242,0
-0.0729, 0.0000, 0.9550, 3.1415,-0.1666, 9.1363,-4.6799, 0.7538, 0.9249,0
-0.0742, 0.0000, 1.0430, 3.1415,-0.1364, 8.8644,-4.6799, 0.7384, 0.9256,0
-0.0754, 0.0000, 1.1278, 3.1415,-0.1182, 8.5587,-4.6799, 0.7177, 0.9263,0
-0.0763, 0.0000, 1.2095, 3.1415,-0.1024, 8.2462,-4.6799, 0.6981, 0.9270,0
-0.0772, 0.0000, 1.2880, 3.1415,-0.0871, 7.9324,-4.6799, 0.6805, 0.9277,0
-0.0779, 0.0000, 1.3634, 3.1415,-0.0720, 7.6183,-4.6799, 0.6647, 0.9285,0
-0.0785, 0.0000, 1.4357, 3.1415,-0.0629, 7.3042,-4.6799, 0.6502, 0.9292,0
-0.0792, 0.0000, 1.5079, 3.1415,-0.0671, 7.2413,-4.6799, 0.6890, 0.9299,0
-0.0798, 0.0000, 1.5739, 3.1415,-0.0619, 6.7261,-3.3321, 0.6356, 0.9306,0
-0.0803, 0.0000, 1.6367, 3.1415,-0.0548, 6.3717, 4.6799, 0.6157, 0.9313,0
-0.0805, 0.0000, 1.6964, 3.1415,-0.0291, 6.0495, 4.6799, 0.6023, 0.9321,0
-0.0804, 0.0000, 1.7561, 3.1415, 0.0062, 5.9851, 4.6799, 0.6338, 0.9328,0
-0.0801, 0.0000, 1.8095, 3.1415, 0.0255, 5.4695, 4.6799, 0.5886, 0.9335,0
-0.0795, 0.0000, 1.8629, 3.1415, 0.0536, 5.3664, 4.6799, 0.6100, 0.9342,0
-0.0785, 0.0000, 1.9132, 3.1415, 0.0834, 5.0945, 4.6799, 0.6044, 0.9349,0
-0.0773, 0.0000, 1.9603, 3.1415, 0.1197, 4.7888, 4.6799, 0.5937, 0.9356,0
-0.0760, 0.0000, 2.0043, 3.1415, 0.1270, 4.4763, 4.6799, 0.5821, 0.9364,0
-0.0744, 0.0000, 2.0451, 3.1415, 0.1527, 4.1625, 4.6799, 0.5705, 0.9371,0
-0.0726, 0.0000, 2.0860, 3.1415, 0.1760, 4.0997, 4.6799, 0.5891, 0.9378,0
-0.0706, 0.0000, 2.1237, 3.1415, 0.1928, 3.8358, 4.6799, 0.5831, 0.9385,0
-0.0685, 0.0000, 2.1582, 3.1415, 0.2083, 3.5317, 4.6799, 0.5726, 0.9392,0
-0.0662, 0.0000, 2.1896, 3.1415, 0.2235, 3.2196, 4.6799, 0.5617, 0.9400,0
-0.0638, 0.0000, 2.2211, 3.1415, 0.2387, 3.1572, 4.6799, 0.5743, 0.9407,0
-0.0613, 0.0000, 2.2493, 3.1415, 0.2478, 2.8933, 4.6799, 0.5679, 0.9414,0
-0.0586, 0.0000, 2.2745, 3.1415, 0.2617, 2.5892, 4.6799, 0.5585, 0.9421,0
-0.0559, 0.0000, 2.2996, 3.1415, 0.2706, 2.5284, 4.6799, 0.5677, 0.9428,0
-0.0531, 0.0000, 2.3216, 3.1415, 0.2784, 2.2649, 4.6799, 0.5617, 0.9435,0
-0.0502, 0.0000, 2.3404, 3.1415, 0.2861, 1.9609, 4.6799, 0.5535, 0.9443,0
-0.0472, 0.0000, 2.3593, 3.1415, 0.2936, 1.9001, 4.6799, 0.5599, 0.9450,0
-0.0441, 0.0000, 2.3750, 3.1415, 0.3073, 1.6366, 4.6799, 0.5547, 0.9457,0
-0.0411, 0.0000, 2.3907, 3.1415, 0.3040, 1.5839, 4.6799, 0.5601, 0.9464,0
-0.0378, 0.0000, 2.4033, 3.1415, 0.3215, 1.3221, 4.6799, 0.5555, 0.9471,0
-0.0345, 0.0000, 2.4127, 3.1415, 0.3310, 1.0184, 4.6799, 0.5501, 0.9478,0
-0.0311, 0.0000, 2.4221, 3.1415, 0.3390, 0.9576, 4.6799, 0.5529, 0.9486,0
-0.0277, 0.0000, 2.4284, 3.1415, 0.3406, 0.6941, 4.6799, 0.5498, 0.9493,0
-0.0242, 0.0000, 2.4347, 3.1415, 0.3470, 0.6415, 4.6799, 0.5518, 0.9500,0
-0.0206, 0.0000, 2.4378, 3.1415, 0.3543, 0.3796, 4.6799, 0.5495, 0.9507,0
-0.0170, 0.0000, 2.4378, 3.1415, 0.3619, 0.0759, 4.6799, 0.5475, 0.9514,0
-0.0134, 0.0000, 2.4378, 3.1415, 0.3634, 0.0151, 2.3162, 0.5475, 0.9522,0
-0.0096, 0.0000, 2.4347, 3.1415, 0.3758,-0.2482,-4.6799, 0.5469, 0.9529,0
-0.0061, 0.0000, 2.4315, 3.1415, 0.3540,-0.3010,-4.6799, 0.5458, 0.9536,0
-0.0031, 0.0000, 2.4221, 3.1415, 0.3133,-0.8141,-4.6799, 0.5494, 0.9543,0
-0.0005, 0.0000, 2.4127, 3.1415, 0.2688,-0.9168,-4.6799, 0.5474, 0.9550,0
 0.0016, 0.0000, 2.4001, 3.1415, 0.2296,-1.1886,-4.6799, 0.5493, 0.9557,0
 0.0034, 0.0000, 2.3813, 3.1415, 0.1853,-1.7456,-4.6799, 0.5630, 0.9565,0
 0.0046, 0.0000, 2.3624, 3.1415, 0.1340,-1.8571,-4.6799, 0.5592, 0.9572,0
 0.0053, 0.0000, 2.3373, 3.1415, 0.0874,-2.3820,-4.6799, 0.5775, 0.9579,0
 0.0058, 0.0000, 2.3122, 3.1415, 0.0538,-2.4870,-4.6799, 0.5715, 0.9586,0
 0.0057, 0.0000, 2.2839, 3.1415, 0.0047,-2.7593,-4.6799, 0.5763, 0.9593,0
 0.0055, 0.0000, 2.2525, 3.1415,-0.0172,-3.0651,-4.6799, 0.5840, 0.9601,0
 0.0049, 0.0000, 2.2148, 3.1415,-0.0519,-3.6289,-4.6799, 0.6155, 0.9608,0
 0.0041, 0.0000, 2.1771, 3.1415,-0.0710,-3.7417,-4.6799, 0.6052, 0.9615,0
 0.0032, 0.0000, 2.1362, 3.1415,-0.0869,-4.0155,-4.6799, 0.6105, 0.9622,0
 0.0021, 0.0000, 2.0954, 3.1415,-0.1083,-4.0703,-4.6799, 0.5916, 0.9629,0
 0.0009, 0.0000, 2.0483, 3.1415,-0.1186,-4.5839,-4.6799, 0.6242, 0.9636,0
-0.0005, 0.0000, 1.9980, 3.1415,-0.1389,-4.9380,-4.6799, 0.6389, 0.9644,0
-0.0021, 0.0000, 1.9477, 3.1415,-0.1551,-5.0088,-4.6799, 0.6155, 0.9651,0
-0.0038, 0.0000, 1.8912, 3.1415,-0.1704,-5.5256,-4.6799, 0.6536, 0.9658,0
-0.0056, 0.0000, 1.8346, 3.1415,-0.1796,-5.6290,-4.6799, 0.6309, 0.9665,0
-0.0075, 0.0000, 1.7718, 3.1415,-0.1875,-6.1523,-4.6799, 0.6733, 0.9672,0
-0.0094, 0.0000, 1.7090, 3.1415,-0.1890,-6.2570,-4.6799, 0.6470, 0.9680,0
-0.0114, 0.0000, 1.6430, 3.1415,-0.1954,-6.5292,-4.6799, 0.6486, 0.9687,0
-0.0132, 0.0000, 1.5707, 3.1415,-0.1846,-7.0863,-4.6799, 0.7030, 0.9694,0
-0.0150, 0.0000, 1.4985, 3.1415,-0.1763,-7.1978, 4.6799, 0.6734, 0.9701,0
-0.0159, 0.0000, 1.4231, 3.1415,-0.1080,-7.4714, 4.6799, 0.6758, 0.9708,0
-0.0165, 0.0000, 1.3446, 3.1415,-0.0701,-7.7774, 4.6799, 0.6857, 0.9715,0
-0.0164, 0.0000, 1.2597, 3.1415,-0.0079,-8.3413, 4.6799, 0.7543, 0.9723,0
-0.0159, 0.0000, 1.1749, 3.1415, 0.0408,-8.4541, 4.6799, 0.7237, 0.9730,0
-0.0147, 0.0000, 1.0838, 3.1415, 0.1051,-8.9793, 4.6799, 0.7927, 0.9737,0
-0.0126, 0.0000, 0.9927, 3.1415, 0.1847,-9.0843, 4.6799, 0.7629, 0.9744,0
-0.0100, 0.0000, 0.8953, 3.1415, 0.2431,-9.6080, 4.6799, 0.8434, 0.9751,0
-0.0068, 0.0000, 0.7948, 3.1415, 0.3032,-9.9640, 4.6799, 0.8870, 0.9759,0
-0.0031, 0.0000, 0.6911, 3.1415, 0.3577,-10.2866, 4.6799, 0.9281, 0.9766,0
 0.0012, 0.0000, 0.5811, 3.1415, 0.4232,-10.8537,-4.6799, 1.0490, 0.9773,0
 0.0057, 0.0000, 0.4712, 3.1415, 0.4484,-10.9672,-4.6799, 1.0440, 0.9780,0
 0.0102, 0.0000, 0.3612, 3.1415, 0.4474,-10.9899,-4.6799, 1.0191, 0.9787,0
 0.0147, 0.0000, 0.2481, 3.1415, 0.4472,-11.2457,-4.6799, 1.0744, 0.9794,0
 0.0190, 0.0000, 0.1382, 3.1415, 0.4350,-11.0456,-4.6799, 0.9968, 0.9802,0
 0.0230, 0.0000, 0.0251, 3.1415, 0.4083,-11.2569,-4.6799, 1.0561, 0.9809,0
 0.0264, 0.0000,-0.0848, 3.1415, 0.3545,-11.0478,-4.6799, 0.9932, 0.9816,0
 0.0294, 0.0000,-0.1916, 3.1415, 0.3134,-10.7547, 4.6799, 0.9143, 0.9823,0
 0.0324, 0.0000,-0.2984, 3.1415, 0.2991,-10.6960, 4.6799, 0.9153, 0.9830,0
 0.0350, 0.0000,-0.4021, 3.1415, 0.2720,-10.4330, 4.6799, 0.8630, 0.9838,0
 0.0375, 0.0000,-0.5057, 3.1415, 0.2545,-10.3804, 4.6799, 0.8803, 0.9845,0
 0.0399, 0.0000,-0.6063, 3.1415, 0.2388,-10.1185, 4.6799, 0.8433, 0.9852,0
 0.0421, 0.0000,-0.7068, 3.1415, 0.2236,-10.0661, 4.6799, 0.8725, 0.9859,0
 0.0440, 0.0000,-0.8042, 3.1415, 0.1963,-9.8043, 4.6799, 0.8476, 0.9866,0
 0.0456, 0.0000,-0.8984, 3.1415, 0.1665,-9.5006, 4.6799, 0.8164, 0.9873,0
 0.0470, 0.0000,-0.9896, 3.1415, 0.1485,-9.1886, 4.6799, 0.7877, 0.9881,0
 0.0483, 0.0000,-1.0775, 3.1415, 0.1327,-8.8748, 4.6799, 0.7626, 0.9888,0
 0.0494, 0.0000,-1.1623, 3.1415, 0.1175,-8.5608, 4.6799, 0.7408, 0.9895,0
 0.0503, 0.0000,-1.2472, 3.1415, 0.0901,-8.4980, 4.6799, 0.7826, 0.9902,0
 0.0510, 0.0000,-1.3257, 3.1415, 0.0726,-7.9827, 4.6799, 0.7179, 0.9909,0
 0.0516, 0.0000,-1.4011, 3.1415, 0.0630,-7.6284, 4.6799, 0.6934, 0.9917,0
 0.0521, 0.0000,-1.4765, 3.1415, 0.0550,-7.5575, 4.6799, 0.7320, 0.9924,0
 0.0524, 0.0000,-1.5456, 3.1415, 0.0352,-7.0407, 4.6799, 0.6759, 0.9931,0
 0.0525, 0.0000,-1.6147, 3.1415, 0.0191,-6.9373,-4.6799, 0.7053, 0.9938,0
 0.0524, 0.0000,-1.6776, 3.1415,-0.0082,-6.4140,-4.6799, 0.6525, 0.9945,0
 0.0519, 0.0000,-1.7404, 3.1415,-0.0441,-6.3093,-4.6799, 0.6785, 0.9952,0
 0.0511, 0.0000,-1.7969, 3.1415,-0.0694,-5.7857,-4.6799, 0.6296, 0.9960,0
 0.0500, 0.0000,-1.8535, 3.1415,-0.1048,-5.6810,-4.6799, 0.6521, 0.9967,0
 0.0485, 0.0000,-1.9069, 3.1415,-0.1361,-5.4087,-4.6799, 0.6464, 0.9974,0
 0.0468, 0.0000,-1.9572, 3.1415,-0.1666,-5.1030,-4.6799, 0.6351, 0.9981,0
 0.0450, 0.0000,-2.0074, 3.1415,-0.1788,-5.0418,-4.6799, 0.6595, 0.9988,0
 0.0429, 0.0000,-2.0514, 3.1415,-0.1994,-4.5269,-4.6799, 0.6189, 0.9996,0
 0.0407, 0.0000,-2.0954, 3.1415,-0.2217,-4.4239,-4.6799, 0.6336, 1.0003,0
 0.0382, 0.0000,-2.1362, 3.1415,-0.2383,-4.1520,-4.6799, 0.6261, 1.0010,0
 0.0356, 0.0000,-2.1771, 3.1415,-0.2598,-4.0976,-4.6799, 0.6442, 1.0017,0
 0.0328, 0.0000,-2.2116, 3.1415,-0.2763,-3.5841,-4.6799, 0.6091, 1.0024,0
 0.0298, 0.0000,-2.2462, 3.1415,-0.2917,-3.4814,-4.6799, 0.6186, 1.0031,0
 0.0267, 0.0000,-2.2807, 3.1415,-0.3069,-3.4608,-4.6799, 0.6357, 1.0039,0
 0.0236, 0.0000,-2.3090, 3.1415,-0.3099,-2.9541,-4.6799, 0.6054, 1.0046,0
 0.0203, 0.0000,-2.3373, 3.1415,-0.3227,-2.8527,-4.6799, 0.6120, 1.0053,0
 0.0169, 0.0000,-2.3624, 3.1415,-0.3373,-2.5811,-4.6799, 0.6042, 1.0060,0
 0.0134, 0.0000,-2.3876, 3.1415,-0.3524,-2.5268,-4.6799, 0.6128, 1.0067,0
 0.0098, 0.0000,-2.4127, 3.1415,-0.3554,-2.5160,-4.6799, 0.6242, 1.0075,0
 0.0061, 0.0000,-2.4315, 3.1415,-0.3681,-2.0111,-4.6799, 0.6011, 1.0082,0
 0.0024, 0.0000,-2.4504, 3.1415,-0.3707,-1.9102,-4.6799, 0.6043, 1.0089,0
-0.0014, 0.0000,-2.4692, 3.1415,-0.3833,-1.8899,-4.6799, 0.6118, 1.0096,0
-0.0053, 0.0000,-2.4849, 3.1415,-0.3919,-1.6346,-4.6799, 0.6061, 1.0103,0
-0.0093, 0.0000,-2.4975, 3.1415,-0.3997,-1.3322,-4.6799, 0.5990, 1.0110,0
-0.0135, 0.0000,-2.5101, 3.1415,-0.4134,-1.2717,-4.6799, 0.6022, 1.0118,0
-0.0177, 0.0000,-2.5226, 3.1415,-0.4161,-1.2596,-4.6799, 0.6071, 1.0125,0
-0.0219, 0.0000,-2.5289, 3.1415,-0.4227,-0.7545,-4.6799, 0.5954, 1.0132,0
-0.0262, 0.0000,-2.5384, 3.1415,-0.4301,-0.9049,-4.6799, 0.6028, 1.0139,0
-0.0306, 0.0000,-2.5446, 3.1415,-0.4316,-0.6836,-4.6799, 0.6004, 1.0146,0
-0.0350, 0.0000,-2.5478, 3.1415,-0.4440,-0.3880,-4.6799, 0.5972, 1.0154,0
-0.0395, 0.0000,-2.5509, 3.1415,-0.4465,-0.3289,-4.6799, 0.5979, 1.0161,0
-0.0441, 0.0000,-2.5541, 3.1415,-0.4531,-0.3171,-4.6799, 0.5991, 1.0168,0
-0.0487, 0.0000,-2.5541, 3.1415,-0.4604,-0.0634,-4.6799, 0.5977, 1.0175,0
-0.0533, 0.0000,-2.5509, 3.1415,-0.4619, 0.2386, 4.6799, 0.5972, 1.0182,0
-0.0572, 0.0000,-2.5478, 3.1415,-0.4016, 0.2990, 4.6799, 0.5964, 1.0189,0
-0.0612, 0.0000,-2.5415, 3.1415,-0.4016, 0.5624, 4.6799, 0.5970, 1.0197,0
-0.0646, 0.0000,-2.5321, 3.1415,-0.3531, 0.8664, 4.6799, 0.5993, 1.0204,0
-0.0676, 0.0000,-2.5195, 3.1415,-0.3071, 1.1786, 4.6799, 0.6030, 1.0211,0
-0.0699, 0.0000,-2.5038, 3.1415,-0.2493, 1.4923, 4.6799, 0.6081, 1.0218,0
-0.0719, 0.0000,-2.4849, 3.1415,-0.2075, 1.8064, 4.6799, 0.6144, 1.0225,0
-0.0733, 0.0000,-2.4630, 3.1415,-0.1567, 2.1205, 4.6799, 0.6219, 1.0233,0
-0.0742, 0.0000,-2.4378, 3.1415,-0.0980, 2.4347, 4.6799, 0.6304, 1.0240,0
-0.0745, 0.0000,-2.4096, 3.1415,-0.0499, 2.7488, 4.6799, 0.6399, 1.0247,0
-0.0745, 0.0000,-2.3781, 3.1415,-0.0039, 3.0630, 4.6799, 0.6501, 1.0254,0
-0.0740, 0.0000,-2.3436, 3.1415, 0.0355, 3.3772, 4.6799, 0.6610, 1.0261,0
-0.0732, 0.0000,-2.3059, 3.1415, 0.0677, 3.6913, 4.6799, 0.6723, 1.0268,0
-0.0723, 0.0000,-2.2650, 3.1415, 0.0923, 4.0055, 4.6799, 0.6840, 1.0276,0
-0.0710, 0.0000,-2.2242, 3.1415, 0.1154, 4.0683, 4.6799, 0.6682, 1.0283,0
-0.0697, 0.0000,-2.1771, 3.1415, 0.1322, 4.5835, 4.6799, 0.7033, 1.0290,0
-0.0681, 0.0000,-2.1299, 3.1415, 0.1537, 4.6866, 4.6799, 0.6884, 1.0297,0
-0.0663, 0.0000,-2.0765, 3.1415, 0.1702, 5.2098, 4.6799, 0.7279, 1.0304,0
-0.0645, 0.0000,-2.0231, 3.1415, 0.1795, 5.3145, 4.6799, 0.7093, 1.0312,0
-0.0626, 0.0000,-1.9666, 3.1415, 0.1874, 5.5868, 4.6799, 0.7138, 1.0319,0
-0.0607, 0.0000,-1.9069, 3.1415, 0.1951, 5.8925, 4.6799, 0.7229, 1.0326,0
-0.0587, 0.0000,-1.8472, 3.1415, 0.1966, 5.9537, 4.6799, 0.6922, 1.0333,0
-0.0567, 0.0000,-1.7812, 3.1415, 0.1969, 6.4686, 4.6799, 0.7358, 1.0340,0
-0.0547, 0.0000,-1.7121, 3.1415, 0.1970, 6.8229, 4.6799, 0.7529, 1.0347,0
-0.0529, 0.0000,-1.6399, 3.1415, 0.1909, 7.1451, 4.6799, 0.7643, 1.0355,0
-0.0510, 0.0000,-1.5676, 3.1415, 0.1897, 7.2095, 4.6799, 0.7254, 1.0362,0
-0.0491, 0.0000,-1.4891, 3.1415, 0.1834, 7.7250,-4.6799, 0.7768, 1.0369,0
-0.0479, 0.0000,-1.4105, 3.1415, 0.1337, 7.8282,-4.6799, 0.7433, 1.0376,0
-0.0473, 0.0000,-1.3257, 3.1415, 0.0752, 8.3514,-4.6799, 0.8022, 1.0383,0
-0.0472, 0.0000,-1.2377, 3.1415, 0.0271, 8.7074,-4.6799, 0.8267, 1.0391,0
-0.0476, 0.0000,-1.1466, 3.1415,-0.0309, 9.0299,-4.6799, 0.8460, 1.0398,0
-0.0488, 0.0000,-1.0524, 3.1415,-0.0971, 9.3458,-4.6799, 0.8670, 1.0405,0
-0.0505, 0.0000,-0.9550, 3.1415,-0.1588, 9.6603,-4.6799, 0.8917, 1.0412,0
-0.0529, 0.0000,-0.8545, 3.1415,-0.2197, 9.9745,-4.6799, 0.9213, 1.0419,0
-0.0558, 0.0000,-0.7508, 3.1415,-0.2804, 10.2887,-4.6799, 0.9569, 1.0426,0
-0.0593, 0.0000,-0.6408, 3.1415,-0.3349, 10.8542, 4.6799, 1.0737, 1.0434,0
-0.0628, 0.0000,-0.5309, 3.1415,-0.3459, 10.9673, 4.6799, 1.0647, 1.0441,0
-0.0667, 0.0000,-0.4178, 3.1415,-0.3844, 11.2412, 4.6799, 1.1128, 1.0448,0
-0.0705, 0.0000,-0.3047, 3.1415,-0.3800, 11.2960, 4.6799, 1.1013, 1.0455,0
-0.0741, 0.0000,-0.1916, 3.1415,-0.3609, 11.3069, 4.6799, 1.0849, 1.0462,0
-0.0774, 0.0000,-0.0785, 3.1415,-0.3389, 11.3091, 4.6799, 1.0746, 1.0469,0
-0.0801, 0.0000, 0.0314, 3.1415,-0.2860, 11.0582,-4.6799, 0.9942, 1.0477,0
-0.0829, 0.0000, 0.1445, 3.1415,-0.2815, 11.2594, 4.6799, 1.0642, 1.0484,0
-0.0851, 0.0000, 0.2544, 3.1415,-0.2321, 11.0483,-4.6799, 1.0139, 1.0491,0
-0.0873, 0.0000, 0.3612, 3.1415,-0.2222, 10.7548,-4.6799, 0.9475, 1.0498,0
-0.0892, 0.0000, 0.4680, 3.1415,-0.1899, 10.6960,-4.6799, 0.9608, 1.0505,0
-0.0908, 0.0000, 0.5717, 3.1415,-0.1713, 10.4330,-4.6799, 0.9199, 1.0513,0
-0.0923, 0.0000, 0.6723, 3.1415,-0.1494, 10.1290,-4.6799, 0.8745, 1.0520,0
-0.0933, 0.0000, 0.7728, 3.1415,-0.1147, 10.0682,-4.6799, 0.9050, 1.0527,0
-0.0943, 0.0000, 0.8702, 3.1415,-0.1017, 9.8048,-4.6799, 0.8829, 1.0534,0
-0.0950, 0.0000, 0.9644, 3.1415,-0.0749, 9.5007,-4.6799, 0.8545, 1.0541,0
-0.0955, 0.0000, 1.0555, 3.1415,-0.0574, 9.1886,-4.6799, 0.8282, 1.0548,0
-0.0958, 0.0000, 1.1435, 3.1415,-0.0357, 8.8749,-4.6799, 0.8051, 1.0556,0
-0.0960, 0.0000, 1.2283, 3.1415,-0.0192, 8.5608,-4.6799, 0.7849, 1.0563,0
-0.0961, 0.0000, 1.3100, 3.1415,-0.0099, 8.2466,-4.6799, 0.7669, 1.0570,0
-0.0961, 0.0000, 1.3885, 3.1415,-0.0019, 7.9325,-4.6799, 0.7508, 1.0577,0
-0.0961, 0.0000, 1.4671, 3.1415,-0.0003, 7.8696,-4.6799, 0.7927, 1.0584,0
-0.0961, 0.0000, 1.5393, 3.1415,-0.0000, 7.3544,-4.6799, 0.7346, 1.0592,0
-0.0961, 0.0000, 1.6084, 3.1415,-0.0060, 7.0001, 4.6799, 0.7130, 1.0599,0
-0.0959, 0.0000, 1.6776, 3.1415, 0.0169, 6.9292, 4.6799, 0.7487, 1.0606,0
-0.0954, 0.0000, 1.7404, 3.1415, 0.0458, 6.4123, 4.6799, 0.6969, 1.0613,0
-0.0944, 0.0000, 1.8032, 3.1415, 0.0879, 6.3090, 4.6799, 0.7226, 1.0620,0
-0.0932, 0.0000, 1.8629, 3.1415, 0.1146, 6.0370, 4.6799, 0.7170, 1.0627,0
-0.0916, 0.0000, 1.9195, 3.1415, 0.1502, 5.7313, 4.6799, 0.7052, 1.0635,0
-0.0898, 0.0000, 1.9729, 3.1415, 0.1755, 5.4188, 4.6799, 0.6921, 1.0642,0
-0.0878, 0.0000, 2.0231, 3.1415, 0.1927, 5.1049, 4.6799, 0.6787, 1.0649,0
-0.0855, 0.0000, 2.0734, 3.1415, 0.2204, 5.0422, 4.6799, 0.7018, 1.0656,0
-0.0831, 0.0000, 2.1174, 3.1415, 0.2381, 4.5270, 4.6799, 0.6601, 1.0663,0
-0.0805, 0.0000, 2.1614, 3.1415, 0.2537, 4.4239, 4.6799, 0.6738, 1.0671,0
-0.0778, 0.0000, 2.2053, 3.1415, 0.2690, 4.4033, 4.6799, 0.6971, 1.0678,0
-0.0749, 0.0000, 2.2430, 3.1415, 0.2842, 3.8965, 4.6799, 0.6597, 1.0685,0
-0.0720, 0.0000, 2.2807, 3.1415, 0.2933, 3.7952, 4.6799, 0.6697, 1.0692,0
-0.0688, 0.0000, 2.3184, 3.1415, 0.3133, 3.7749, 4.6799, 0.6877, 1.0699,0
-0.0654, 0.0000, 2.3499, 3.1415, 0.3294, 3.2682, 4.6799, 0.6541, 1.0706,0
-0.0620, 0.0000, 2.3844, 3.1415, 0.3387, 3.4182, 4.6799, 0.6855, 1.0714,0
-0.0586, 0.0000, 2.4127, 3.1415, 0.3405, 2.9456, 4.6799, 0.6571, 1.0721,0
-0.0550, 0.0000, 2.4410, 3.1415, 0.3591, 2.8510, 4.6799, 0.6627, 1.0728,0
-0.0512, 0.0000, 2.4692, 3.1415, 0.3750, 2.8321, 4.6799, 0.6741, 1.0735,0
-0.0474, 0.0000, 2.4944, 3.1415, 0.3781, 2.5770, 4.6799, 0.6658, 1.0742,0
-0.0436, 0.0000, 2.5164, 3.1415, 0.3788, 2.2746, 4.6799, 0.6547, 1.0750,0
-0.0397, 0.0000, 2.5384, 3.1415, 0.3910, 2.2142, 4.6799, 0.6600, 1.0757,0
-0.0356, 0.0000, 2.5572, 3.1415, 0.3995, 1.9507, 4.6799, 0.6522, 1.0764,0
-0.0316, 0.0000, 2.5761, 3.1415, 0.4073, 1.8981, 4.6799, 0.6567, 1.0771,0
-0.0274, 0.0000, 2.5949, 3.1415, 0.4149, 1.8875, 4.6799, 0.6633, 1.0778,0
-0.0231, 0.0000, 2.6106, 3.1415, 0.4225, 1.6341, 4.6799, 0.6566, 1.0785,0
-0.0188, 0.0000, 2.6263, 3.1415, 0.4301, 1.5834, 4.6799, 0.6599, 1.0793,0
-0.0144, 0.0000, 2.6389, 3.1415, 0.4437, 1.3220, 4.6799, 0.6537, 1.0800,0
-0.0100, 0.0000, 2.6515, 3.1415, 0.4404, 1.2697, 4.6799, 0.6561, 1.0807,0
-0.0054, 0.0000, 2.6609, 3.1415, 0.4518, 1.0079, 4.6799, 0.6509, 1.0814,0
-0.0009, 0.0000, 2.6703, 3.1415, 0.4541, 0.9555, 4.6799, 0.6526, 1.0821,0
 0.0037, 0.0000, 2.6797, 3.1415, 0.4667, 0.9450, 4.6799, 0.6553, 1.0829,0
 0.0085, 0.0000, 2.6860, 3.1415, 0.4753, 0.6916, 4.6799, 0.6515, 1.0836,0
 0.0134, 0.0000, 2.6923, 3.1415, 0.4831, 0.6409, 4.6799, 0.6525, 1.0843,0
 0.0183, 0.0000, 2.6986, 3.1415, 0.4907, 0.6308, 4.6799, 0.6543, 1.0850,0
 0.0234, 0.0000, 2.7017, 3.1415, 0.5043, 0.3775, 4.6799, 0.6517, 1.0857,0
 0.0284, 0.0000, 2.7049, 3.1415, 0.5071, 0.3268, 4.6799, 0.6522, 1.0864,0
 0.0335, 0.0000, 2.7080, 3.1415, 0.5076, 0.3166, 4.6799, 0.6530, 1.0872,0
 0.0388, 0.0000, 2.7080, 3.1415, 0.5199, 0.0633, 4.6799, 0.6517, 1.0879,0
 0.0440, 0.0000, 2.7080, 3.1415, 0.5223, 0.0126, 2.0231, 0.6516, 1.0886,0
 0.0494, 0.0000, 2.7049, 3.1415, 0.5349,-0.2487,-4.6799, 0.6515, 1.0893,0
 0.0543, 0.0000, 2.7049, 3.1415, 0.5011,-0.0497,-4.6799, 0.6507, 1.0900,0
 0.0588, 0.0000, 2.6986, 3.1415, 0.4579,-0.5126,-4.6799, 0.6524, 1.0908,0
 0.0630, 0.0000, 2.6892, 3.1415, 0.4311,-0.8564,-4.6799, 0.6561, 1.0915,0
 0.0668, 0.0000, 2.6797, 3.1415, 0.3893,-0.9252,-4.6799, 0.6548, 1.0922,0
 0.0701, 0.0000, 2.6640, 3.1415, 0.3446,-1.4416,-4.6799, 0.6668, 1.0929,0
 0.0729, 0.0000, 2.6483, 3.1415, 0.2872,-1.5449,-4.6799, 0.6659, 1.0936,0
 0.0752, 0.0000, 2.6295, 3.1415, 0.2454,-1.8169,-4.6799, 0.6721, 1.0943,0
 0.0771, 0.0000, 2.6075, 3.1415, 0.2006,-2.1226,-4.6799, 0.6811, 1.0951,0
 0.0785, 0.0000, 2.5823, 3.1415, 0.1553,-2.4351,-4.6799, 0.6917, 1.0958,0
 0.0794, 0.0000, 2.5572, 3.1415, 0.0977,-2.4976,-4.6799, 0.6862, 1.0965,0
 0.0798, 0.0000, 2.5258, 3.1415, 0.0498,-3.0128,-4.6799, 0.7132, 1.0972,0
 0.0798, 0.0000, 2.4912, 3.1415, 0.0160,-3.3671,-4.6799, 0.7302, 1.0979,0
 0.0795, 0.0000, 2.4567, 3.1415,-0.0271,-3.4380,-4.6799, 0.7216, 1.0987,0
 0.0788, 0.0000, 2.4158, 3.1415,-0.0599,-3.9548,-4.6799, 0.7561, 1.0994,0
 0.0779, 0.0000, 2.3750, 3.1415,-0.0847,-4.0582,-4.6799, 0.7478, 1.1001,0
 0.0767, 0.0000, 2.3310, 3.1415,-0.1139,-4.3302,-4.6799, 0.7573, 1.1008,0
 0.0753, 0.0000, 2.2839, 3.1415,-0.1319,-4.6359,-4.6799, 0.7706, 1.1015,0
 0.0736, 0.0000, 2.2368, 3.1415,-0.1597,-4.6971,-4.6799, 0.7525, 1.1022,0
 0.0718, 0.0000, 2.1834, 3.1415,-0.1774,-5.2119,-4.6799, 0.7932, 1.1030,0
 0.0698, 0.0000, 2.1299, 3.1415,-0.1992,-5.3149,-4.6799, 0.7764, 1.1037,0
 0.0676, 0.0000, 2.0703, 3.1415,-0.2096,-5.8382,-4.6799, 0.8211, 1.1044,0
 0.0654, 0.0000, 2.0106, 3.1415,-0.2177,-5.9428,-4.6799, 0.8001, 1.1051,0
 0.0631, 0.0000, 1.9477, 3.1415,-0.2315,-6.2151,-4.6799, 0.8051, 1.1058,0
 0.0609, 0.0000, 1.8818, 3.1415,-0.2221,-6.5209,-4.6799, 0.8150, 1.1066,0
 0.0586, 0.0000, 1.8126, 3.1415,-0.2263,-6.8333,-4.6799, 0.8257, 1.1073,0
 0.0563, 0.0000, 1.7404, 3.1415,-0.2271,-7.1472,-4.6799, 0.8363, 1.1080,0
 0.0541, 0.0000, 1.6681, 3.1415,-0.2273,-7.2099,-4.6799, 0.7975, 1.1087,0
 0.0519, 0.0000, 1.5896, 3.1415,-0.2152,-7.7251,-4.6799, 0.8490, 1.1094,0
 0.0499, 0.0000, 1.5079, 3.1415,-0.2067,-8.0795, 4.6799, 0.8688, 1.1101,0
 0.0485, 0.0000, 1.4231, 3.1415,-0.1565,-8.4017, 4.6799, 0.8826, 1.1109,0
 0.0477, 0.0000, 1.3383, 3.1415,-0.0919,-8.4661, 4.6799, 0.8380, 1.1116,0
 0.0475, 0.0000, 1.2472, 3.1415,-0.0365,-8.9817, 4.6799, 0.9010, 1.1123,0
 0.0479, 0.0000, 1.1529, 3.1415, 0.0230,-9.3361, 4.6799, 0.9289, 1.1130,0
 0.0490, 0.0000, 1.0555, 3.1415, 0.0955,-9.6583, 4.6799, 0.9521, 1.1137,0
 0.0508, 0.0000, 0.9550, 3.1415, 0.1646,-9.9741, 4.6799, 0.9780, 1.1145,0
 0.0533, 0.0000, 0.8482, 3.1415, 0.2330,-10.5399, 4.6799, 1.0803, 1.1152,0
 0.0563, 0.0000, 0.7414, 3.1415, 0.2891,-10.6531, 4.6799, 1.0592, 1.1159,0
 0.0601, 0.0000, 0.6283, 3.1415, 0.3549,-11.1784,-4.6799, 1.1684, 1.1166,0
 0.0638, 0.0000, 0.5152, 3.1415, 0.3741,-11.2834,-4.6799, 1.1575, 1.1173,0
 0.0680, 0.0000, 0.3958, 3.1415, 0.4083,-11.8071,-4.6799, 1.2891, 1.1180,0
 0.0722, 0.0000, 0.2796, 3.1415, 0.4151,-11.6605,-4.6799, 1.2133, 1.1188,0
 0.0761, 0.0000, 0.1633, 3.1415, 0.3983,-11.6312,-4.6799, 1.1854, 1.1195,0
 0.0798, 0.0000, 0.0439, 3.1415, 0.3707,-11.8766,-4.6799, 1.2573, 1.1202,0
 0.0829, 0.0000,-0.0691, 3.1415, 0.3288,-11.4231, 4.6799, 1.1104, 1.1209,0
 0.0862, 0.0000,-0.1853, 3.1415, 0.3264,-11.5837,-4.6799, 1.1727, 1.1216,0
 0.0886, 0.0000,-0.2984, 3.1415, 0.2593,-11.3645, 4.6799, 1.1217, 1.1224,0
 0.0912, 0.0000,-0.4115, 3.1415, 0.2580,-11.3206,-4.6799, 1.1360, 1.1231,0
 0.0927, 0.0000,-0.5183, 3.1415, 0.1728,-10.8092, 4.6799, 1.0120, 1.1238,0
 0.0945, 0.0000,-0.6251, 3.1415, 0.1740,-10.7069, 4.6799, 1.0226, 1.1245,0
 0.0956, 0.0000,-0.7288, 3.1415, 0.1257,-10.4352, 4.6799, 0.9888, 1.1252,0
 0.0964, 0.0000,-0.8293, 3.1415, 0.0857,-10.1295, 4.6799, 0.9515, 1.1259,0
 0.0969, 0.0000,-0.9267, 3.1415, 0.0596,-9.8170, 4.6799, 0.9180, 1.1267,0
 0.0972, 0.0000,-1.0241, 3.1415, 0.0361,-9.7545, 4.6799, 0.9588, 1.1274,0
 0.0973, 0.0000,-1.1152, 3.1415, 0.0193,-9.2394, 4.6799, 0.8792, 1.1281,0
 0.0974, 0.0000,-1.2032, 3.1415, 0.0099,-8.8850, 4.6799, 0.8471, 1.1288,0
 0.0973, 0.0000,-1.2911, 3.1415,-0.0101,-8.8141, 4.6799, 0.8894, 1.1295,0
 0.0971, 0.0000,-1.3728, 3.1415,-0.0141,-8.2973, 4.6799, 0.8226, 1.1303,0
 0.0970, 0.0000,-1.4545, 3.1415,-0.0088,-8.1939, 4.6799, 0.8566, 1.1310,0
 0.0970, 0.0000,-1.5330, 3.1415,-0.0017,-7.9219, 4.6799, 0.8515, 1.1317,0
 0.0970, 0.0000,-1.6053, 3.1415,-0.0064,-7.3649,-4.6799, 0.7841, 1.1324,0
 0.0965, 0.0000,-1.6776, 3.1415,-0.0376,-7.2535,-4.6799, 0.8131, 1.1331,0
 0.0958, 0.0000,-1.7467, 3.1415,-0.0621,-6.9799,-4.6799, 0.8077, 1.1338,0
 0.0950, 0.0000,-1.8126, 3.1415,-0.0791,-6.6738,-4.6799, 0.7955, 1.1346,0
 0.0937, 0.0000,-1.8755, 3.1415,-0.1189,-6.3613,-4.6799, 0.7819, 1.1353,0
 0.0920, 0.0000,-1.9352, 3.1415,-0.1571,-6.0474,-4.6799, 0.7679, 1.1360,0
 0.0901, 0.0000,-1.9949, 3.1415,-0.1830,-5.9847,-4.6799, 0.7969, 1.1367,0
 0.0879, 0.0000,-2.0514, 3.1415,-0.2124,-5.7208,-4.6799, 0.7902, 1.1374,0
 0.0856, 0.0000,-2.1048, 3.1415,-0.2304,-5.4167,-4.6799, 0.7763, 1.1382,0
 0.0830, 0.0000,-2.1551, 3.1415,-0.2522,-5.1045,-4.6799, 0.7609, 1.1389,0
 0.0802, 0.0000,-2.2022, 3.1415,-0.2747,-4.7908,-4.6799, 0.7452, 1.1396,0
 0.0773, 0.0000,-2.2493, 3.1415,-0.2914,-4.7280,-4.6799, 0.7637, 1.1403,0
 0.0742, 0.0000,-2.2965, 3.1415,-0.3068,-4.7155,-4.6799, 0.7878, 1.1410,0
 0.0708, 0.0000,-2.3373, 3.1415,-0.3281,-4.2103,-4.6799, 0.7462, 1.1417,0
 0.0673, 0.0000,-2.3781, 3.1415,-0.3506,-4.1093,-4.6799, 0.7552, 1.1425,0
 0.0636, 0.0000,-2.4190, 3.1415,-0.3611,-4.0891,-4.6799, 0.7727, 1.1432,0
 0.0599, 0.0000,-2.4567, 3.1415,-0.3693,-3.8337,-4.6799, 0.7619, 1.1439,0
 0.0560, 0.0000,-2.4912, 3.1415,-0.3830,-3.5313,-4.6799, 0.7461, 1.1446,0
 0.0520, 0.0000,-2.5258, 3.1415,-0.3979,-3.4708,-4.6799, 0.7548, 1.1453,0
 0.0479, 0.0000,-2.5603, 3.1415,-0.4070,-3.4587,-4.6799, 0.7676, 1.1460,0
 0.0438, 0.0000,-2.5918, 3.1415,-0.4148,-3.2050,-4.6799, 0.7560, 1.1468,0
 0.0394, 0.0000,-2.6200, 3.1415,-0.4285,-2.9029,-4.6799, 0.7406, 1.1475,0
 0.0350, 0.0000,-2.6515, 3.1415,-0.4434,-3.0938,-4.6799, 0.7675, 1.1482,0
 0.0305, 0.0000,-2.6797, 3.1415,-0.4464,-2.8807,-4.6799, 0.7590, 1.1489,0
 0.0259, 0.0000,-2.7049, 3.1415,-0.4591,-2.5867,-4.6799, 0.7443, 1.1496,0
 0.0212, 0.0000,-2.7300, 3.1415,-0.4677,-2.5279,-4.6799, 0.7476, 1.1504,0
 0.0164, 0.0000,-2.7551, 3.1415,-0.4755,-2.5162,-4.6799, 0.7537, 1.1511,0
 0.0115, 0.0000,-2.7803, 3.1415,-0.4892,-2.5138,-4.6799, 0.7602, 1.1518,0
 0.0065, 0.0000,-2.8023, 3.1415,-0.4919,-2.2620,-4.6799, 0.7487, 1.1525,0
 0.0015, 0.0000,-2.8242, 3.1415,-0.4985,-2.2117,-4.6799, 0.7507, 1.1532,0
-0.0035, 0.0000,-2.8462, 3.1415,-0.5120,-2.2016,-4.6799, 0.7548, 1.1539,0
-0.0088, 0.0000,-2.8682, 3.1415,-0.5268,-2.1996,-4.6799, 0.7591, 1.1547,0
-0.0141, 0.0000,-2.8902, 3.1415,-0.5298,-2.1992,-4.6799, 0.7632, 1.1554,0
-0.0195, 0.0000,-2.9091, 3.1415,-0.5364,-1.9477,-4.6799, 0.7518, 1.1561,0
-0.0250, 0.0000,-2.9279, 3.1415,-0.5438,-1.8975,-4.6799, 0.7521, 1.1568,0
-0.0306, 0.0000,-2.9499, 3.1415,-0.5635,-2.1388,-4.6799, 0.7689, 1.1575,0
-0.0364, 0.0000,-2.9688, 3.1415,-0.5735,-1.9357,-4.6799, 0.7598, 1.1583,0
-0.0422, 0.0000,-2.9876, 3.1415,-0.5755,-1.8951,-4.6799, 0.7598, 1.1590,0
-0.0481, 0.0000,-3.0065, 3.1415,-0.5880,-1.8869,-4.6799, 0.7613, 1.1597,0
-0.0541, 0.0000,-3.0253, 3.1415,-0.6026,-1.8853,-4.6799, 0.7630, 1.1604,0
-0.0602, 0.0000,-3.0410, 3.1415,-0.6056,-1.6336,-4.6799, 0.7518, 1.1611,0
-0.0664, 0.0000,-3.0599, 3.1415,-0.6183,-1.8347, 4.6799, 0.7518, 1.1611,1
-0.0720, 0.0000,-3.0787, 3.1415,-0.5723,-1.8748, 4.6799, 0.7518, 1.1611,1
-0.0776, 0.0000,-3.0944, 3.1415,-0.5570,-1.6316, 4.6799, 0.7518, 1.1611,1
-0.0827, 0.0000,-3.1101, 3.1415,-0.5237,-1.5829, 4.6799, 0.7518, 1.1611,1
-0.0873, 0.0000,-3.1227, 3.1415,-0.4685,-1.3218, 4.6799, 0.7518, 1.1611,1
-0.0914, 0.0000,-3.1353, 3.1415,-0.4211,-1.2697, 4.6799, 0.7518, 1.1611,1
-0.0949, 0.0000,-3.1447, 3.1415,-0.3692,-1.0079, 4.6799, 0.7518, 1.1611,1
-0.0980, 0.0000,-3.1510, 3.1415,-0.3224,-0.7042, 4.6799, 0.7518, 1.1611,1
-0.1007, 0.0000,-3.1573, 3.1415,-0.2767,-0.6434, 4.6799, 0.7518, 1.1611,1
-0.1029, 0.0000,-3.1635, 3.1415,-0.2311,-0.6313, 4.6799, 0.7518, 1.1611,1
-0.1045, 0.0000,-3.1667, 3.1415,-0.1735,-0.3776, 4.6799, 0.7518, 1.1611,1
-0.1057, 0.0000,-3.1698, 3.1415,-0.1317,-0.3268, 4.6799, 0.7518, 1.1611,1
-0.1064, 0.0000,-3.1698, 3.1415,-0.0869,-0.0653, 2.4651, 0.7518, 1.1611,1
-0.1067, 0.0000,-3.1698, 3.1415,-0.0416,-0.0130, 2.0018, 0.7518, 1.1611,1
-0.1067, 0.0000,-3.1698, 3.1415,-0.0022,-0.0026, 3.6267, 0.7518, 1.1611,1
-0.1065, 0.0000,-3.1667, 3.1415, 0.0116, 0.2507,-4.6799, 0.7518, 1.1611,1
-0.1064, 0.0000,-3.1635, 3.1415, 0.0083, 0.3015,-4.6799, 0.7518, 1.1611,1
-0.1066, 0.0000,-3.1635, 3.1415,-0.0104, 0.0603,-2.0117, 0.7518, 1.1611,1
-0.1069, 0.0000,-3.1635, 3.1415,-0.0263, 0.0120,-0.1379, 0.7518, 1.1611,1
-0.1072, 0.0000,-3.1635, 3.1415,-0.0295, 0.0024, 0.2291, 0.7518, 1.1611,1
-0.1075, 0.0000,-3.1635, 3.1415,-0.0301, 0.0004, 0.2949, 0.7518, 1.1611,1
-0.1077, 0.0000,-3.1635, 3.1415,-0.0181, 0.0000, 0.9904, 0.7518, 1.1611,1
-0.1075, 0.0000,-3.1635, 3.1415, 0.0084, 0.0000, 2.5058, 0.7518, 1.1611,1
-0.1072, 0.0000,-3.1635, 3.1415, 0.0259, 0.0000, 3.5028, 0.7518, 1.1611,1
-0.1067, 0.0000,-3.1604, 3.1415, 0.0415, 0.2513,-4.6799, 0.7518, 1.1611,1
-0.1065, 0.0000,-3.1573, 3.1415, 0.0265, 0.3015,-4.6799, 0.7518, 1.1611,1
-0.1066, 0.0000,-3.1573, 3.1415,-0.0007, 0.0603,-3.0164, 0.7518, 1.1611,1
-0.1068, 0.0000,-3.1573, 3.1415,-0.0183, 0.0120,-1.2345, 0.7518, 1.1611,1
-0.1071, 0.0000,-3.1604, 3.1415,-0.0279,-0.2489, 4.6799, 0.7518, 1.1611,1
-0.1073, 0.0000,-3.1604, 3.1415,-0.0177,-0.0497, 3.1285, 0.7518, 1.1611,1
-0.1072, 0.0000,-3.1604, 3.1415, 0.0025,-0.0099, 1.9777, 0.7518, 1.1611,1
-0.1070, 0.0000,-3.1604, 3.1415, 0.0126,-0.0019, 2.0945, 0.7518, 1.1611,1
-0.1067, 0.0000,-3.1573, 3.1415, 0.0328, 0.2509,-4.6799, 0.7518, 1.1611,1
-0.1064, 0.0000,-3.1573, 3.1415, 0.0247, 0.0501,-0.9852, 0.7518, 1.1611,1
-0.1064, 0.0000,-3.1573, 3.1415, 0.0049, 0.0100, 0.2106, 0.7518, 1.1611,1
-0.1064, 0.0000,-3.1573, 3.1415, 0.0070, 0.0020, 0.7948, 0.7518, 1.1611,1
-0.1064, 0.0000,-3.1573, 3.1415, 0.0014, 0.0004, 0.5685, 0.7518, 1.1611,1
-0.1062, 0.0000,-3.1573, 3.1415, 0.0124, 0.0000, 1.2133, 0.7518, 1.1611,1
-0.1060, 0.0000,-3.1573, 3.1415, 0.0206, 0.0000, 1.6911, 0.7518, 1.1611,1
-0.1058, 0.0000,-3.1573, 3.1415, 0.0223, 0.0000, 1.7924, 0.7518, 1.1611,1
-0.1052, 0.0000,-3.1541, 3.1415, 0.0469, 0.2513,-4.6799, 0.7518, 1.1611,1
-0.1049, 0.0000,-3.1541, 3.1415, 0.0336, 0.0502,-1.2156, 0.7518, 1.1611,1
-0.1050, 0.0000,-3.1541, 3.1415, 0.0006, 0.0100,-0.7624, 0.7518, 1.1611,1
-0.1051, 0.0000,-3.1573, 3.1415,-0.0059,-0.2493, 4.6799, 0.7518, 1.1611,1
-0.1051, 0.0000,-3.1573, 3.1415,-0.0011,-0.0498, 3.3609, 0.7518, 1.1611,1
-0.1049, 0.0000,-3.1573, 3.1415, 0.0118,-0.0099, 1.8044, 0.7518, 1.1611,1
-0.1047, 0.0000,-3.1573, 3.1415, 0.0205,-0.0019, 1.8419, 0.7518, 1.1611,1
-0.1044, 0.0000,-3.1573, 3.1415, 0.0283,-0.0003, 2.2002, 0.7518, 1.1611,1
-0.1038, 0.0000,-3.1573, 3.1415, 0.0541,-0.0000, 3.6596, 0.7518, 1.1611,1
-0.1031, 0.0000,-3.1541, 3.1415, 0.0654, 0.2513,-4.6799, 0.7518, 1.1611,1
-0.1028, 0.0000,-3.1541, 3.1415, 0.0373, 0.0502,-0.9393, 0.7518, 1.1611,1
-0.1026, 0.0000,-3.1541, 3.1415, 0.0256, 0.0100, 0.7266, 0.7518, 1.1611,1
-0.1024, 0.0000,-3.1541, 3.1415, 0.0172, 0.0020, 0.7205, 0.7518, 1.1611,1
-0.1022, 0.0000,-3.1541, 3.1415, 0.0216, 0.0004, 1.0681, 0.7518, 1.1611,1
-0.1020, 0.0000,-3.1573, 3.1415, 0.0164,-0.2512, 4.6799, 0.7518, 1.1611,1
-0.1020, 0.0000,-3.1573, 3.1415, 0.0093,-0.0502, 4.0770, 0.7518, 1.1611,1
-0.1015, 0.0000,-3.1573, 3.1415, 0.0382,-0.0100, 3.4063, 0.7518, 1.1611,1
-0.1008, 0.0000,-3.1541, 3.1415, 0.0622, 0.2493,-4.6799, 0.7518, 1.1611,1
-0.1005, 0.0000,-3.1541, 3.1415, 0.0366, 0.0498,-0.8804, 0.7518, 1.1611,1
-0.1005, 0.0000,-3.1573, 3.1415, 0.0134,-0.2413, 4.6799, 0.7518, 1.1611,1
-0.1004, 0.0000,-3.1573, 3.1415, 0.0087,-0.0482, 3.9788, 0.7518, 1.1611,1
-0.1001, 0.0000,-3.1573, 3.1415, 0.0260,-0.0096, 2.7369, 0.7518, 1.1611,1
-0.0997, 0.0000,-3.1573, 3.1415, 0.0355,-0.0019, 2.8412, 0.7518, 1.1611,1
-0.0994, 0.0000,-3.1573, 3.1415, 0.0313,-0.0003, 2.5266, 0.7518, 1.1611,1
-0.0989, 0.0000,-3.1573, 3.1415, 0.0487,-0.0000, 3.5064, 0.7518, 1.1611,1
-0.0980, 0.0000,-3.1573, 3.1415, 0.0764,-0.0000, 4.6799, 0.7518, 1.1611,1
-0.0970, 0.0000,-3.1573, 3.1415, 0.0941,-0.0000, 4.6799, 0.7518, 1.1611,1
-0.0961, 0.0000,-3.1541, 3.1415, 0.0976, 0.2513,-4.6799, 0.7518, 1.1611,1
-0.0953, 0.0000,-3.1541, 3.1415, 0.0801, 0.0502, 1.7179, 0.7518, 1.1611,1
-0.0941, 0.0000,-3.1510, 3.1415, 0.1130, 0.2613,-4.6799, 0.7518, 1.1611,1
-0.0935, 0.0000,-3.1510, 3.1415, 0.0711, 0.0522, 0.3731, 0.7518, 1.1611,1
-0.0926, 0.0000,-3.1510, 3.1415, 0.0809, 0.0104, 3.3648, 0.7518, 1.1611,1
-0.0920, 0.0000,-3.1510, 3.1415, 0.0707, 0.0020, 3.2942, 0.7518, 1.1611,1
-0.0912, 0.0000,-3.1510, 3.1415, 0.0747, 0.0004, 3.6423, 0.7518, 1.1611,1
-0.0901, 0.0000,-3.1478, 3.1415, 0.1059, 0.2514,-4.6799, 0.7518, 1.1611,1
-0.0893, 0.0000,-3.1478, 3.1415, 0.0818, 0.0502, 0.4486, 0.7518, 1.1611,1
-0.0885, 0.0000,-3.1478, 3.1415, 0.0830, 0.0100, 2.8651, 0.7518, 1.1611,1
-0.0875, 0.0000,-3.1447, 3.1415, 0.0954, 0.2533,-4.6799, 0.7518, 1.1611,1
-0.0869, 0.0000,-3.1447, 3.1415, 0.0675, 0.0506,-1.0753, 0.7518, 1.1611,1
-0.0864, 0.0000,-3.1447, 3.1415, 0.0498, 0.0101, 0.2762, 0.7518, 1.1611,1
-0.0863, 0.0000,-3.1478, 3.1415, 0.0221,-0.2492, 4.6799, 0.7518, 1.1611,1
-0.0857, 0.0000,-3.1478, 3.1415, 0.0468,-0.0498, 4.3608, 0.7518, 1.1611,1
-0.0852, 0.0000,-3.1478, 3.1415, 0.0518,-0.0099, 2.3575, 0.7518, 1.1611,1
-0.0848, 0.0000,-3.1478, 3.1415, 0.0467,-0.0019, 1.6253, 0.7518, 1.1611,1
-0.0839, 0.0000,-3.1478, 3.1415, 0.0760,-0.0003, 3.2154, 0.7518, 1.1611,1
-0.0832, 0.0000,-3.1478, 3.1415, 0.0758,-0.0000, 3.2096, 0.7518, 1.1611,1
-0.0823, 0.0000,-3.1447, 3.1415, 0.0879, 0.2512,-4.6799, 0.7518, 1.1611,1
-0.0815, 0.0000,-3.1447, 3.1415, 0.0782, 0.0502,-0.2813, 0.7518, 1.1611,1
-0.0811, 0.0000,-3.1447, 3.1415, 0.0459, 0.0100, 0.2261, 0.7518, 1.1611,1
-0.0807, 0.0000,-3.1478, 3.1415, 0.0455,-0.2493, 4.6799, 0.7518, 1.1611,1
-0.0802, 0.0000,-3.1478, 3.1415, 0.0454,-0.0498, 4.4585, 0.7518, 1.1611,1
-0.0798, 0.0000,-3.1478, 3.1415, 0.0454,-0.0099, 2.1720, 0.7518, 1.1611,1
-0.0791, 0.0000,-3.1478, 3.1415, 0.0636,-0.0019, 2.7613, 0.7518, 1.1611,1
-0.0784, 0.0000,-3.1478, 3.1415, 0.0673,-0.0003, 2.8964, 0.7518, 1.1611,1
-0.0774, 0.0000,-3.1478, 3.1415, 0.0922,-0.0000, 4.3208, 0.7518, 1.1611,1
-0.0761, 0.0000,-3.1447, 3.1415, 0.1215, 0.2512,-4.6799, 0.7518, 1.1611,1
-0.0755, 0.0000,-3.1447, 3.1415, 0.0728, 0.0502,-0.3975, 0.7518, 1.1611,1
-0.0748, 0.0000,-3.1447, 3.1415, 0.0751, 0.0100, 2.0795, 0.7518, 1.1611,1
-0.0741, 0.0000,-3.1447, 3.1415, 0.0696, 0.0020, 2.2491, 0.7518, 1.1611,1
-0.0734, 0.0000,-3.1447, 3.1415, 0.0684, 0.0004, 2.3002, 0.7518, 1.1611,1
-0.0725, 0.0000,-3.1447, 3.1415, 0.0864, 0.0000, 3.3628, 0.7518, 1.1611,1
-0.0717, 0.0000,-3.1447, 3.1415, 0.0779, 0.0000, 2.9082, 0.7518, 1.1611,1
-0.0706, 0.0000,-3.1415, 3.1415, 0.1065, 0.2513,-4.6799, 0.7518, 1.1611,1
-0.0695, 0.0000,-3.1415, 3.1415, 0.1122, 0.0502, 1.2471, 0.7518, 1.1611,1
-0.0684, 0.0000,-3.1384, 3.1415, 0.1073, 0.2613,-4.6799, 0.7518, 1.1611,1
-0.0678, 0.0000,-3.1384, 3.1415, 0.0699, 0.0522,-1.9808, 0.7518, 1.1611,1
-0.0672, 0.0000,-3.1384, 3.1415, 0.0625, 0.0104, 0.0275, 0.7518, 1.1611,1
-0.0666, 0.0000,-3.1415, 3.1415, 0.0549,-0.2492, 4.6799, 0.7518, 1.1611,1
-0.0661, 0.0000,-3.1415, 3.1415, 0.0534,-0.0498, 3.8013, 0.7518, 1.1611,1
-0.0655, 0.0000,-3.1415, 3.1415, 0.0591,-0.0099, 1.8465, 0.7518, 1.1611,1
-0.0649, 0.0000,-3.1415, 3.1415, 0.0603,-0.0019, 1.4709, 0.7518, 1.1611,1
-0.0640, 0.0000,-3.1415, 3.1415, 0.0848,-0.0003, 2.7913, 0.7518, 1.1611,1
-0.0630, 0.0000,-3.1384, 3.1415, 0.0957, 0.2512,-4.6799, 0.7518, 1.1611,1
-0.0624, 0.0000,-3.1384, 3.1415, 0.0676, 0.0502,-1.8243, 0.7518, 1.1611,1
-0.0619, 0.0000,-3.1384, 3.1415, 0.0499, 0.0100,-0.4950, 0.7518, 1.1611,1
-0.0618, 0.0000,-3.1415, 3.1415, 0.0221,-0.2493, 4.6799, 0.7518, 1.1611,1
-0.0616, 0.0000,-3.1415, 3.1415, 0.0226,-0.0498, 2.2044, 0.7518, 1.1611,1
-0.0613, 0.0000,-3.1447, 3.1415, 0.0287,-0.2613, 4.6799, 0.7518, 1.1611,1
-0.0610, 0.0000,-3.1447, 3.1415, 0.0239,-0.0522, 3.2103, 0.7518, 1.1611,1
-0.0607, 0.0000,-3.1478, 3.1415, 0.0351,-0.2617, 4.6799, 0.7518, 1.1611,1
-0.0599, 0.0000,-3.1478, 3.1415, 0.0676,-0.0523, 4.6799, 0.7518, 1.1611,1
-0.0590, 0.0000,-3.1447, 3.1415, 0.0862, 0.2408,-4.6799, 0.7518, 1.1611,1
-0.0585, 0.0000,-3.1447, 3.1415, 0.0536, 0.0481,-0.8236, 0.7518, 1.1611,1
-0.0582, 0.0000,-3.1478, 3.1415, 0.0349,-0.2416, 4.6799, 0.7518, 1.1611,1
-0.0578, 0.0000,-3.1478, 3.1415, 0.0433,-0.0483, 4.6799, 0.7518, 1.1611,1
-0.0572, 0.0000,-3.1478, 3.1415, 0.0571,-0.0096, 3.5300, 0.7518, 1.1611,1
-0.0564, 0.0000,-3.1478, 3.1415, 0.0720,-0.0019, 3.9493, 0.7518, 1.1611,1
-0.0557, 0.0000,-3.1478, 3.1415, 0.0750,-0.0003, 4.0523, 0.7518, 1.1611,1
-0.0545, 0.0000,-3.1478, 3.1415, 0.1059,-0.0000, 4.6799, 0.7518, 1.1611,1
-0.0532, 0.0000,-3.1447, 3.1415, 0.1303, 0.2512,-4.6799, 0.7518, 1.1611,1
-0.0521, 0.0000,-3.1447, 3.1415, 0.1109, 0.0502, 2.4982, 0.7518, 1.1611,1
-0.0509, 0.0000,-3.1415, 3.1415, 0.1192, 0.2613,-4.6799, 0.7518, 1.1611,1
-0.0500, 0.0000,-3.1415, 3.1415, 0.0966, 0.0522, 0.8625, 0.7518, 1.1611,1
-0.0488, 0.0000,-3.1415, 3.1415, 0.1163, 0.0104, 4.4274, 0.7518, 1.1611,1
-0.0476, 0.0000,-3.1384, 3.1415, 0.1142, 0.2534,-4.6799, 0.7518, 1.1611,1
-0.0470, 0.0000,-3.1384, 3.1415, 0.0713, 0.0506,-1.1546, 0.7518, 1.1611,1
-0.0464, 0.0000,-3.1384, 3.1415, 0.0627, 0.0101, 0.7181, 0.7518, 1.1611,1
-0.0458, 0.0000,-3.1384, 3.1415, 0.0610, 0.0020, 1.1080, 0.7518, 1.1611,1
-0.0453, 0.0000,-3.1384, 3.1415, 0.0546, 0.0004, 0.8563, 0.7518, 1.1611,1
-0.0447, 0.0000,-3.1384, 3.1415, 0.0594, 0.0000, 1.1644, 0.7518, 1.1611,1
-0.0441, 0.0000,-3.1415, 3.1415, 0.0543,-0.2513, 4.6799, 0.7518, 1.1611,1
-0.0435, 0.0000,-3.1415, 3.1415, 0.0593,-0.0502, 4.6799, 0.7518, 1.1611,1
-0.0425, 0.0000,-3.1384, 3.1415, 0.0906, 0.2412,-4.6799, 0.7518, 1.1611,1
-0.0419, 0.0000,-3.1384, 3.1415, 0.0666, 0.0482,-1.1197, 0.7518, 1.1611,1
-0.0418, 0.0000,-3.1415, 3.1415, 0.0254,-0.2416, 4.6799, 0.7518, 1.1611,1
-0.0413, 0.0000,-3.1415, 3.1415, 0.0414,-0.0483, 3.8219, 0.7518, 1.1611,1
-0.0408, 0.0000,-3.1415, 3.1415, 0.0507,-0.0096, 2.1326, 0.7518, 1.1611,1
-0.0403, 0.0000,-3.1415, 3.1415, 0.0525,-0.0019, 1.8082, 0.7518, 1.1611,1
-0.0397, 0.0000,-3.1447, 3.1415, 0.0529,-0.2517, 4.6799, 0.7518, 1.1611,1
-0.0390, 0.0000,-3.1447, 3.1415, 0.0712,-0.0503, 4.6799, 0.7518, 1.1611,1
-0.0379, 0.0000,-3.1415, 3.1415, 0.0991, 0.2412,-4.6799, 0.7518, 1.1611,1
-0.0372, 0.0000,-3.1415, 3.1415, 0.0743, 0.0482, 0.2424, 0.7518, 1.1611,1
-0.0364, 0.0000,-3.1415, 3.1415, 0.0815, 0.0096, 2.9004, 0.7518, 1.1611,1
-0.0356, 0.0000,-3.1415, 3.1415, 0.0830, 0.0019, 3.4531, 0.7518, 1.1611,1
-0.0344, 0.0000,-3.1415, 3.1415, 0.1075, 0.0003, 4.6799, 0.7518, 1.1611,1
-0.0331, 0.0000,-3.1384, 3.1415, 0.1306, 0.2514,-4.6799, 0.7518, 1.1611,1
-0.0322, 0.0000,-3.1353, 3.1415, 0.0928, 0.3015,-4.6799, 0.7518, 1.1611,1
-0.0316, 0.0000,-3.1353, 3.1415, 0.0670, 0.0603,-2.2407, 0.7518, 1.1611,1
-0.0311, 0.0000,-3.1353, 3.1415, 0.0558, 0.0120,-0.0751, 0.7518, 1.1611,1
-0.0308, 0.0000,-3.1384, 3.1415, 0.0354,-0.2488, 4.6799, 0.7518, 1.1611,1
-0.0306, 0.0000,-3.1415, 3.1415, 0.0192,-0.3011, 4.6799, 0.7518, 1.1611,1
-0.0304, 0.0000,-3.1415, 3.1415, 0.0220,-0.0602, 3.7540, 0.7518, 1.1611,1
-0.0300, 0.0000,-3.1415, 3.1415, 0.0407,-0.0120, 2.0501, 0.7518, 1.1611,1
-0.0294, 0.0000,-3.1415, 3.1415, 0.0566,-0.0024, 2.4109, 0.7518, 1.1611,1
-0.0286, 0.0000,-3.1415, 3.1415, 0.0719,-0.0004, 3.1884, 0.7518, 1.1611,1
-0.0278, 0.0000,-3.1415, 3.1415, 0.0810,-0.0000, 3.7082, 0.7518, 1.1611,1
-0.0269, 0.0000,-3.1415, 3.1415, 0.0889,-0.0000, 4.1782, 0.7518, 1.1611,1
-0.0257, 0.0000,-3.1384, 3.1415, 0.1087, 0.2513,-4.6799, 0.7518, 1.1611,1
-0.0248, 0.0000,-3.1384, 3.1415, 0.0945, 0.0502, 0.8804, 0.7518, 1.1611,1
-0.0240, 0.0000,-3.1384, 3.1415, 0.0855, 0.0100, 2.7220, 0.7518, 1.1611,1
-0.0231, 0.0000,-3.1353, 3.1415, 0.0838, 0.2533,-4.6799, 0.7518, 1.1611,1
-0.0224, 0.0000,-3.1353, 3.1415, 0.0773, 0.0506,-0.8082, 0.7518, 1.1611,1
-0.0221, 0.0000,-3.1353, 3.1415, 0.0397, 0.0101,-0.5898, 0.7518, 1.1611,1
-0.0220, 0.0000,-3.1384, 3.1415, 0.0140,-0.2492, 4.6799, 0.7518, 1.1611,1
-0.0219, 0.0000,-3.1415, 3.1415, 0.0149,-0.3011, 4.6799, 0.7518, 1.1611,1
-0.0215, 0.0000,-3.1415, 3.1415, 0.0333,-0.0602, 4.6746, 0.7518, 1.1611,1
-0.0211, 0.0000,-3.1415, 3.1415, 0.0369,-0.0120, 2.1155, 0.7518, 1.1611,1
-0.0206, 0.0000,-3.1415, 3.1415, 0.0498,-0.0024, 2.3033, 0.7518, 1.1611,1
-0.0198, 0.0000,-3.1415, 3.1415, 0.0706,-0.0004, 3.3893, 0.7518, 1.1611,1
-0.0188, 0.0000,-3.1415, 3.1415, 0.0929,-0.0000, 4.6608, 0.7518, 1.1611,1
-0.0178, 0.0000,-3.1384, 3.1415, 0.1034, 0.2513,-4.6799, 0.7518, 1.1611,1
-0.0171, 0.0000,-3.1384, 3.1415, 0.0752, 0.0502, 0.0376, 0.7518, 1.1611,1
-0.0161, 0.0000,-3.1384, 3.1415, 0.0938, 0.0100, 3.4391, 0.7518, 1.1611,1
-0.0150, 0.0000,-3.1353, 3.1415, 0.1097, 0.2533,-4.6799, 0.7518, 1.1611,1
-0.0143, 0.0000,-3.1353, 3.1415, 0.0765, 0.0506,-0.6015, 0.7518, 1.1611,1
-0.0137, 0.0000,-3.1353, 3.1415, 0.0577, 0.0101, 0.6917, 0.7518, 1.1611,1
-0.0132, 0.0000,-3.1353, 3.1415, 0.0539, 0.0020, 0.9638, 0.7518, 1.1611,1
-0.0126, 0.0000,-3.1353, 3.1415, 0.0593, 0.0004, 1.3767, 0.7518, 1.1611,1
-0.0119, 0.0000,-3.1353, 3.1415, 0.0664, 0.0000, 1.8196, 0.7518, 1.1611,1
-0.0112, 0.0000,-3.1353, 3.1415, 0.0678, 0.0000, 1.9254, 0.7518, 1.1611,1
-0.0105, 0.0000,-3.1321, 3.1415, 0.0742, 0.2513,-4.6799, 0.7518, 1.1611,1
-0.0099, 0.0000,-3.1321, 3.1415, 0.0633, 0.0502,-1.9590, 0.7518, 1.1611,1
-0.0093, 0.0000,-3.1321, 3.1415, 0.0551, 0.0100,-0.0888, 0.7518, 1.1611,1
-0.0093, 0.0000,-3.1353, 3.1415, 0.0170,-0.2493, 4.6799, 0.7518, 1.1611,1
-0.0091, 0.0000,-3.1353, 3.1415, 0.0155,-0.0498, 1.9127, 0.7518, 1.1611,1
-0.0087, 0.0000,-3.1353, 3.1415, 0.0334,-0.0099, 0.6349, 0.7518, 1.1611,1
-0.0084, 0.0000,-3.1353, 3.1415, 0.0370,-0.0019, 0.3889, 0.7518, 1.1611,1
-0.0080, 0.0000,-3.1384, 3.1415, 0.0377,-0.2517, 4.6799, 0.7518, 1.1611,1
-0.0075, 0.0000,-3.1384, 3.1415, 0.0499,-0.0503, 4.6799, 0.7518, 1.1611,1
-0.0066, 0.0000,-3.1353, 3.1415, 0.0766, 0.2412,-4.6799, 0.7518, 1.1611,1
-0.0062, 0.0000,-3.1353, 3.1415, 0.0456, 0.0482,-1.9520, 0.7518, 1.1611,1
-0.0059, 0.0000,-3.1353, 3.1415, 0.0394, 0.0096,-0.0651, 0.7518, 1.1611,1
-0.0059, 0.0000,-3.1384, 3.1415, 0.0078,-0.2493, 4.6799, 0.7518, 1.1611,1
-0.0057, 0.0000,-3.1384, 3.1415, 0.0137,-0.0498, 2.6927, 0.7518, 1.1611,1
-0.0055, 0.0000,-3.1384, 3.1415, 0.0209,-0.0099, 0.8074, 0.7518, 1.1611,1
-0.0053, 0.0000,-3.1415, 3.1415, 0.0163,-0.2533, 4.6799, 0.7518, 1.1611,1
-0.0051, 0.0000,-3.1415, 3.1415, 0.0214,-0.0506, 3.9707, 0.7518, 1.1611,1
-0.0045, 0.0000,-3.1415, 3.1415, 0.0527,-0.0101, 3.4239, 0.7518, 1.1611,1
-0.0038, 0.0000,-3.1415, 3.1415, 0.0651,-0.0020, 3.6749, 0.7518, 1.1611,1
-0.0031, 0.0000,-3.1384, 3.1415, 0.0675, 0.2509,-4.6799, 0.7518, 1.1611,1
-0.0027, 0.0000,-3.1384, 3.1415, 0.0498, 0.0501,-0.9358, 0.7518, 1.1611,1
-0.0024, 0.0000,-3.1384, 3.1415, 0.0342, 0.0100, 0.5034, 0.7518, 1.1611,1
-0.0021, 0.0000,-3.1384, 3.1415, 0.0250, 0.0020, 0.4539, 0.7518, 1.1611,1
-0.0019, 0.0000,-3.1415, 3.1415, 0.0231,-0.2509, 4.6799, 0.7518, 1.1611,1
-0.0016, 0.0000,-3.1415, 3.1415, 0.0288,-0.0501, 4.4737, 0.7518, 1.1611,1
-0.0012, 0.0000,-3.1415, 3.1415, 0.0421,-0.0100, 2.9227, 0.7518, 1.1611,1
-0.0004, 0.0000,-3.1415, 3.1415, 0.0690,-0.0020, 0.0000, 0.7518, 1.1611,1
 0.0003, 0.0000,-3.1384, 3.1415, 0.0744, 0.2509,-4.6799, 0.7518, 1.1611,1
 0.0007, 0.0000,-3.1384, 3.1415, 0.0512, 0.0501,-0.7482, 0.7518, 1.1611,1
 0.0009, 0.0000,-3.1384, 3.1415, 0.0284, 0.0100, 0.2841, 0.7518, 1.1611,1
 0.0012, 0.0000,-3.1415, 3.1415, 0.0299,-0.2493, 4.6799, 0.7518, 1.1611,1
 0.0016, 0.0000,-3.1415, 3.1415, 0.0363,-0.0498, 4.6799, 0.7518, 1.1611,1
 0.0022, 0.0000,-3.1415, 3.1415, 0.0557,-0.0099, 3.7983, 0.7518, 1.1611,1
 0.0029, 0.0000,-3.1384, 3.1415, 0.0657, 0.2493,-4.6799, 0.7518, 1.1611,1
 0.0034, 0.0000,-3.1384, 3.1415, 0.0495, 0.0498,-0.7445, 0.7518, 1.1611,1
 0.0037, 0.0000,-3.1384, 3.1415, 0.0402, 0.0099, 1.0420, 0.7518, 1.1611,1
 0.0042, 0.0000,-3.1384, 3.1415, 0.0444, 0.0019, 1.7540, 0.7518, 1.1611,1
 0.0045, 0.0000,-3.1384, 3.1415, 0.0331, 0.0003, 1.2178, 0.7518, 1.1611,1
 0.0050, 0.0000,-3.1384, 3.1415, 0.0430, 0.0000, 1.8083, 0.7518, 1.1611,1
 0.0058, 0.0000,-3.1384, 3.1415, 0.0752, 0.0000, 3.6630, 0.7518, 1.1611,1
 0.0065, 0.0000,-3.1353, 3.1415, 0.0756, 0.2513,-4.6799, 0.7518, 1.1611,1
 0.0071, 0.0000,-3.1353, 3.1415, 0.0575, 0.0502,-0.9700, 0.7518, 1.1611,1
 0.0075, 0.0000,-3.1353, 3.1415, 0.0418, 0.0100, 0.4706, 0.7518, 1.1611,1
 0.0078, 0.0000,-3.1353, 3.1415, 0.0386, 0.0020, 0.7683, 0.7518, 1.1611,1
 0.0082, 0.0000,-3.1353, 3.1415, 0.0380, 0.0004, 0.8374, 0.7518, 1.1611,1
 0.0087, 0.0000,-3.1353, 3.1415, 0.0500, 0.0000, 1.5509, 0.7518, 1.1611,1
 0.0090, 0.0000,-3.1353, 3.1415, 0.0342, 0.0000, 0.6719, 0.7518, 1.1611,1
 0.0096, 0.0000,-3.1353, 3.1415, 0.0492, 0.0000, 1.5389, 0.7518, 1.1611,1
 0.0103, 0.0000,-3.1321, 3.1415, 0.0644, 0.2513,-4.6799, 0.7518, 1.1611,1
 0.0107, 0.0000,-3.1321, 3.1415, 0.0492, 0.0502,-2.1004, 0.7518, 1.1611,1
 0.0109, 0.0000,-3.1321, 3.1415, 0.0219, 0.0100,-1.3187, 0.7518, 1.1611,1
 0.0108, 0.0000,-3.1353, 3.1415,-0.0016,-0.2493, 4.6799, 0.7518, 1.1611,1
 0.0109, 0.0000,-3.1353, 3.1415, 0.0057,-0.0498, 1.9932, 0.7518, 1.1611,1
 0.0111, 0.0000,-3.1353, 3.1415, 0.0193,-0.0099, 0.4691, 0.7518, 1.1611,1
 0.0112, 0.0000,-3.1353, 3.1415, 0.0099,-0.0019,-0.5200, 0.7518, 1.1611,1
 0.0112, 0.0000,-3.1353, 3.1415, 0.0019,-0.0003,-1.0609, 0.7518, 1.1611,1
 0.0112, 0.0000,-3.1384, 3.1415, 0.0064,-0.2513, 4.6799, 0.7518, 1.1611,1
 0.0113, 0.0000,-3.1384, 3.1415, 0.0073,-0.0502, 2.8987, 0.7518, 1.1611,1
 0.0114, 0.0000,-3.1384, 3.1415, 0.0075,-0.0100, 0.5919, 0.7518, 1.1611,1
 0.0115, 0.0000,-3.1384, 3.1415, 0.0136,-0.0020, 0.4775, 0.7518, 1.1611,1
 0.0118, 0.0000,-3.1384, 3.1415, 0.0269,-0.0004, 1.1485, 0.7518, 1.1611,1
 0.0122, 0.0000,-3.1384, 3.1415, 0.0357,-0.0000, 1.6354, 0.7518, 1.1611,1
 0.0128, 0.0000,-3.1384, 3.1415, 0.0495,-0.0000, 2.4324, 0.7518, 1.1611,1
 0.0132, 0.0000,-3.1384, 3.1415, 0.0462,-0.0000, 2.2602, 0.7518, 1.1611,1
 0.0138, 0.0000,-3.1353, 3.1415, 0.0577, 0.2513,-4.6799, 0.7518, 1.1611,1
 0.0143, 0.0000,-3.1353, 3.1415, 0.0479, 0.0502,-1.2875, 0.7518, 1.1611,1
 0.0145, 0.0000,-3.1353, 3.1415, 0.0277, 0.0100,-0.1007, 0.7518, 1.1611,1
 0.0145, 0.0000,-3.1353, 3.1415, 0.0055, 0.0020,-0.8927, 0.7518, 1.1611,1
 0.0143, 0.0000,-3.1353, 3.1415,-0.0170, 0.0004,-2.0862, 0.7518, 1.1611,1
 0.0140, 0.0000,-3.1384, 3.1415,-0.0216,-0.2512, 4.6799, 0.7518, 1.1611,1
 0.0140, 0.0000,-3.1384, 3.1415,-0.0103,-0.0502, 1.9783, 0.7518, 1.1611,1
 0.0140, 0.0000,-3.1415, 3.1415,-0.0020,-0.2613, 4.6799, 0.7518, 1.1611,1
 0.0141, 0.0000,-3.1415, 3.1415, 0.0117,-0.0522, 4.1243, 0.7518, 1.1611,1
 0.0145, 0.0000,-3.1384, 3.1415, 0.0326, 0.2408,-4.6799, 0.7518, 1.1611,1
 0.0147, 0.0000,-3.1384, 3.1415, 0.0247, 0.0481,-1.6890, 0.7518, 1.1611,1
 0.0147, 0.0000,-3.1384, 3.1415, 0.0049, 0.0096,-0.5843, 0.7518, 1.1611,1
 0.0147, 0.0000,-3.1415, 3.1415,-0.0050,-0.2494, 4.6799, 0.7518, 1.1611,1
 0.0147, 0.0000,-3.1415, 3.1415,-0.0010,-0.0498, 3.2838, 0.7518, 1.1611,1
 0.0147, 0.0000,-3.1415, 3.1415, 0.0058,-0.0099, 1.3737, 0.7518, 1.1611,1
 0.0149, 0.0000,-3.1415, 3.1415, 0.0132,-0.0019, 1.3387, 0.7518, 1.1611,1
 0.0151, 0.0000,-3.1415, 3.1415, 0.0208,-0.0003, 1.6805, 0.7518, 1.1611,1
 0.0156, 0.0000,-3.1415, 3.1415, 0.0405,-0.0000, 2.7897, 0.7518, 1.1611,1
 0.0161, 0.0000,-3.1384, 3.1415, 0.0505, 0.2513,-4.6799, 0.7518, 1.1611,1
 0.0163, 0.0000,-3.1384, 3.1415, 0.0283, 0.0502,-1.5568, 0.7518, 1.1611,1
 0.0163, 0.0000,-3.1384, 3.1415, 0.0056, 0.0100,-0.5176, 0.7518, 1.1611,1
 0.0162, 0.0000,-3.1384, 3.1415,-0.0109, 0.0020,-0.9998, 0.7518, 1.1611,1
 0.0159, 0.0000,-3.1415, 3.1415,-0.0264,-0.2509, 4.6799, 0.7518, 1.1611,1
 0.0157, 0.0000,-3.1415, 3.1415,-0.0174,-0.0501, 2.4081, 0.7518, 1.1611,1
 0.0157, 0.0000,-3.1415, 3.1415,-0.0034,-0.0100, 0.8804, 0.7518, 1.1611,1
 0.0159, 0.0000,-3.1415, 3.1415, 0.0114,-0.0020, 1.2649, 0.7518, 1.1611,1
 0.0162, 0.0000,-3.1415, 3.1415, 0.0265,-0.0004, 2.0357, 0.7518, 1.1611,1
 0.0166, 0.0000,-3.1415, 3.1415, 0.0416,-0.0000, 2.8876, 0.7518, 1.1611,1
 0.0171, 0.0000,-3.1415, 3.1415, 0.0447,-0.0000, 3.0695, 0.7518, 1.1611,1
 0.0176, 0.0000,-3.1384, 3.1415, 0.0513, 0.2513,-4.6799, 0.7518, 1.1611,1
 0.0179, 0.0000,-3.1384, 3.1415, 0.0345, 0.0502,-1.1546, 0.7518, 1.1611,1
 0.0181, 0.0000,-3.1384, 3.1415, 0.0190, 0.0100, 0.2931, 0.7518, 1.1611,1
 0.0181, 0.0000,-3.1384, 3.1415, 0.0098, 0.0020, 0.2414, 0.7518, 1.1611,1
 0.0183, 0.0000,-3.1384, 3.1415, 0.0141, 0.0004, 0.5780, 0.7518, 1.1611,1
 0.0184, 0.0000,-3.1384, 3.1415, 0.0088, 0.0000, 0.3042, 0.7518, 1.1611,1
 0.0184, 0.0000,-3.1384, 3.1415, 0.0078, 0.0000, 0.2513, 0.7518, 1.1611,1
 0.0187, 0.0000,-3.1384, 3.1415, 0.0197, 0.0000, 0.9327, 0.7518, 1.1611,1
 0.0190, 0.0000,-3.1384, 3.1415, 0.0342, 0.0000, 1.7648, 0.7518, 1.1611,1
 0.0195, 0.0000,-3.1384, 3.1415, 0.0432, 0.0000, 2.2858, 0.7518, 1.1611,1
 0.0200, 0.0000,-3.1353, 3.1415, 0.0510, 0.2513,-4.6799, 0.7518, 1.1611,1
 0.0203, 0.0000,-3.1353, 3.1415, 0.0344, 0.0502,-1.8564, 0.7518, 1.1611,1
 0.0205, 0.0000,-3.1353, 3.1415, 0.0190, 0.0100,-0.4061, 0.7518, 1.1611,1
 0.0203, 0.0000,-3.1353, 3.1415,-0.0083, 0.0020,-1.4923, 0.7518, 1.1611,1
 0.0200, 0.0000,-3.1353, 3.1415,-0.0259, 0.0004,-2.4035, 0.7518, 1.1611,1
 0.0195, 0.0000,-3.1384, 3.1415,-0.0476,-0.2512, 4.6799, 0.7518, 1.1611,1
 0.0193, 0.0000,-3.1384, 3.1415,-0.0277,-0.0502, 1.1667, 0.7518, 1.1611,1
 0.0193, 0.0000,-3.1384, 3.1415,-0.0055,-0.0100, 0.1018, 0.7518, 1.1611,1
 0.0194, 0.0000,-3.1384, 3.1415, 0.0049,-0.0020, 0.2339, 0.7518, 1.1611,1
 0.0195, 0.0000,-3.1384, 3.1415, 0.0131,-0.0004, 0.6072, 0.7518, 1.1611,1
 0.0198, 0.0000,-3.1384, 3.1415, 0.0268,-0.0000, 1.3758, 0.7518, 1.1611,1
 0.0203, 0.0000,-3.1384, 3.1415, 0.0417,-0.0000, 2.2272, 0.7518, 1.1611,1
 0.0208, 0.0000,-3.1353, 3.1415, 0.0507, 0.2513,-4.6799, 0.7518, 1.1611,1
 0.0211, 0.0000,-3.1353, 3.1415, 0.0344, 0.0502,-1.8358, 0.7518, 1.1611,1
 0.0211, 0.0000,-3.1353, 3.1415, 0.0068, 0.0100,-1.0729, 0.7518, 1.1611,1
 0.0211, 0.0000,-3.1353, 3.1415, 0.0013, 0.0020,-0.9203, 0.7518, 1.1611,1
 0.0209, 0.0000,-3.1353, 3.1415,-0.0179, 0.0004,-1.9249, 0.7518, 1.1611,1
 0.0203, 0.0000,-3.1353, 3.1415,-0.0460, 0.0000,-3.5116, 0.7518, 1.1611,1
 0.0197, 0.0000,-3.1384, 3.1415,-0.0577,-0.2512, 4.6799, 0.7518, 1.1611,1
 0.0195, 0.0000,-3.1415, 3.1415,-0.0297,-0.3015, 4.6799, 0.7518, 1.1611,1
 0.0194, 0.0000,-3.1415, 3.1415,-0.0120,-0.0603, 3.4153, 0.7518, 1.1611,1
 0.0197, 0.0000,-3.1384, 3.1415, 0.0157, 0.2392,-4.6799, 0.7518, 1.1611,1
 0.0195, 0.0000,-3.1384, 3.1415,-0.0089, 0.0478,-3.4233, 0.7518, 1.1611,1
 0.0194, 0.0000,-3.1384, 3.1415,-0.0078, 0.0095,-1.1554, 0.7518, 1.1611,1
 0.0193, 0.0000,-3.1384, 3.1415,-0.0136, 0.0019,-1.0487, 0.7518, 1.1611,1
 0.0188, 0.0000,-3.1415, 3.1415,-0.0391,-0.2509, 4.6799, 0.7518, 1.1611,1
 0.0186, 0.0000,-3.1415, 3.1415,-0.0260,-0.0501, 2.0136, 0.7518, 1.1611,1
 0.0184, 0.0000,-3.1415, 3.1415,-0.0173,-0.0100, 0.1843, 0.7518, 1.1611,1
 0.0186, 0.0000,-3.1415, 3.1415, 0.0086,-0.0020, 1.1947, 0.7518, 1.1611,1
 0.0189, 0.0000,-3.1415, 3.1415, 0.0259,-0.0004, 2.0907, 0.7518, 1.1611,1
 0.0193, 0.0000,-3.1384, 3.1415, 0.0355, 0.2512,-4.6799, 0.7518, 1.1611,1
 0.0194, 0.0000,-3.1384, 3.1415, 0.0131, 0.0502,-2.3154, 0.7518, 1.1611,1
 0.0194, 0.0000,-3.1384, 3.1415, 0.0086, 0.0100,-0.2476, 0.7518, 1.1611,1
 0.0192, 0.0000,-3.1384, 3.1415,-0.0164, 0.0020,-1.2122, 0.7518, 1.1611,1
 0.0187, 0.0000,-3.1415, 3.1415,-0.0457,-0.2509, 4.6799, 0.7518, 1.1611,1
 0.0186, 0.0000,-3.1415, 3.1415,-0.0152,-0.0501, 2.6239, 0.7518, 1.1611,1
 0.0185, 0.0000,-3.1415, 3.1415,-0.0091,-0.0100, 0.6514, 0.7518, 1.1611,1
 0.0187, 0.0000,-3.1415, 3.1415, 0.0103,-0.0020, 1.2901, 0.7518, 1.1611,1
 0.0190, 0.0000,-3.1384, 3.1415, 0.0323, 0.2509,-4.6799, 0.7518, 1.1611,1
 0.0191, 0.0000,-3.1384, 3.1415, 0.0125, 0.0501,-2.3544, 0.7518, 1.1611,1
 0.0190, 0.0000,-3.1384, 3.1415,-0.0035, 0.0100,-0.9512, 0.7518, 1.1611,1
 0.0189, 0.0000,-3.1384, 3.1415,-0.0128, 0.0020,-1.0175, 0.7518, 1.1611,1
 0.0184, 0.0000,-3.1384, 3.1415,-0.0450, 0.0004,-2.7597, 0.7518, 1.1611,1
 0.0179, 0.0000,-3.1415, 3.1415,-0.0453,-0.2512, 4.6799, 0.7518, 1.1611,1
 0.0175, 0.0000,-3.1415, 3.1415,-0.0454,-0.0502, 0.8825, 0.7518, 1.1611,1
 0.0172, 0.0000,-3.1415, 3.1415,-0.0272,-0.0100,-0.4156, 0.7518, 1.1611,1
 0.0171, 0.0000,-3.1415, 3.1415,-0.0175,-0.0020,-0.3360, 0.7518, 1.1611,1
 0.0169, 0.0000,-3.1415, 3.1415,-0.0217,-0.0004,-0.6689, 0.7518, 1.1611,1
 0.0165, 0.0000,-3.1447, 3.1415,-0.0285,-0.2514, 4.6799, 0.7518, 1.1611,1
 0.0166, 0.0000,-3.1447, 3.1415, 0.0003,-0.0502, 4.2216, 0.7518, 1.1611,1
 0.0167, 0.0000,-3.1447, 3.1415, 0.0061,-0.0100, 2.2316, 0.7518, 1.1611,1
 0.0167, 0.0000,-3.1415, 3.1415, 0.0012, 0.2493,-4.6799, 0.7518, 1.1611,1
 0.0167, 0.0000,-3.1415, 3.1415, 0.0002, 0.0498,-2.3317, 0.7518, 1.1611,1
 0.0166, 0.0000,-3.1415, 3.1415,-0.0060, 0.0099,-0.3876, 0.7518, 1.1611,1
 0.0164, 0.0000,-3.1415, 3.1415,-0.0193, 0.0019,-0.6907, 0.7518, 1.1611,1
 0.0160, 0.0000,-3.1447, 3.1415,-0.0341,-0.2509, 4.6799, 0.7518, 1.1611,1
 0.0156, 0.0000,-3.1447, 3.1415,-0.0371,-0.0501, 2.0659, 0.7518, 1.1611,1
 0.0156, 0.0000,-3.1447, 3.1415,-0.0134,-0.0100, 1.0854, 0.7518, 1.1611,1
 0.0157, 0.0000,-3.1447, 3.1415, 0.0094,-0.0020, 1.9225, 0.7518, 1.1611,1
 0.0159, 0.0000,-3.1415, 3.1415, 0.0200, 0.2509,-4.6799, 0.7518, 1.1611,1
 0.0160, 0.0000,-3.1415, 3.1415, 0.0100, 0.0501,-1.8161, 0.7518, 1.1611,1
 0.0159, 0.0000,-3.1415, 3.1415,-0.0101, 0.0100,-0.6468, 0.7518, 1.1611,1
 0.0157, 0.0000,-3.1415, 3.1415,-0.0141, 0.0020,-0.4167, 0.7518, 1.1611,1
 0.0153, 0.0000,-3.1447, 3.1415,-0.0331,-0.2509, 4.6799, 0.7518, 1.1611,1
 0.0150, 0.0000,-3.1447, 3.1415,-0.0308,-0.0501, 2.4011, 0.7518, 1.1611,1
 0.0150, 0.0000,-3.1447, 3.1415,-0.0122,-0.0100, 1.1372, 0.7518, 1.1611,1
 0.0152, 0.0000,-3.1447, 3.1415, 0.0157,-0.0020, 2.2625, 0.7518, 1.1611,1
 0.0155, 0.0000,-3.1415, 3.1415, 0.0274, 0.2509,-4.6799, 0.7518, 1.1611,1
 0.0156, 0.0000,-3.1415, 3.1415, 0.0115, 0.0501,-1.7477, 0.7518, 1.1611,1
 0.0155, 0.0000,-3.1415, 3.1415,-0.0037, 0.0100,-0.2995, 0.7518, 1.1611,1
 0.0153, 0.0000,-3.1415, 3.1415,-0.0189, 0.0020,-0.7019, 0.7518, 1.1611,1
 0.0150, 0.0000,-3.1415, 3.1415,-0.0280, 0.0004,-1.1331, 0.7518, 1.1611,1
 0.0144, 0.0000,-3.1447, 3.1415,-0.0480,-0.2512, 4.6799, 0.7518, 1.1611,1
 0.0141, 0.0000,-3.1447, 3.1415,-0.0338,-0.0502, 2.2076, 0.7518, 1.1611,1
 0.0141, 0.0000,-3.1447, 3.1415,-0.0067,-0.0100, 1.4205, 0.7518, 1.1611,1
 0.0142, 0.0000,-3.1447, 3.1415, 0.0047,-0.0020, 1.6081, 0.7518, 1.1611,1
 0.0144, 0.0000,-3.1447, 3.1415, 0.0191,-0.0004, 2.3376, 0.7518, 1.1611,1
 0.0147, 0.0000,-3.1415, 3.1415, 0.0220, 0.2512,-4.6799, 0.7518, 1.1611,1
 0.0149, 0.0000,-3.1415, 3.1415, 0.0225, 0.0502,-1.1486, 0.7518, 1.1611,1
 0.0149, 0.0000,-3.1415, 3.1415, 0.0045, 0.0100, 0.1479, 0.7518, 1.1611,1
 0.0148, 0.0000,-3.1415, 3.1415,-0.0051, 0.0020, 0.0623, 0.7518, 1.1611,1
 0.0149, 0.0000,-3.1415, 3.1415, 0.0050, 0.0004, 0.7332, 0.7518, 1.1611,1
 0.0150, 0.0000,-3.1415, 3.1415, 0.0070, 0.0000, 0.8694, 0.7518, 1.1611,1
 0.0150, 0.0000,-3.1415, 3.1415, 0.0074, 0.0000, 0.8985, 0.7518, 1.1611,1
 0.0153, 0.0000,-3.1384, 3.1415, 0.0257, 0.2513,-4.6799, 0.7518, 1.1611,1
 0.0153, 0.0000,-3.1384, 3.1415, 0.0051, 0.0502,-2.8964, 0.7518, 1.1611,1
 0.0152, 0.0000,-3.1384, 3.1415,-0.0110, 0.0100,-1.5005, 0.7518, 1.1611,1
 0.0149, 0.0000,-3.1384, 3.1415,-0.0264, 0.0020,-1.9152, 0.7518, 1.1611,1
 0.0144, 0.0000,-3.1415, 3.1415,-0.0477,-0.2509, 4.6799, 0.7518, 1.1611,1
 0.0140, 0.0000,-3.1415, 3.1415,-0.0338,-0.0501, 1.4295, 0.7518, 1.1611,1
 0.0140, 0.0000,-3.1415, 3.1415,-0.0128,-0.0100, 0.2975, 0.7518, 1.1611,1
 0.0140, 0.0000,-3.1415, 3.1415, 0.0034,-0.0020, 0.7592, 0.7518, 1.1611,1
 0.0142, 0.0000,-3.1415, 3.1415, 0.0128,-0.0004, 1.1985, 0.7518, 1.1611,1
 0.0146, 0.0000,-3.1384, 3.1415, 0.0328, 0.2512,-4.6799, 0.7518, 1.1611,1
 0.0147, 0.0000,-3.1384, 3.1415, 0.0126, 0.0502,-2.4938, 0.7518, 1.1611,1
 0.0145, 0.0000,-3.1384, 3.1415,-0.0095, 0.0100,-1.4372, 0.7518, 1.1611,1
 0.0144, 0.0000,-3.1384, 3.1415,-0.0140, 0.0020,-1.2297, 0.7518, 1.1611,1
 0.0139, 0.0000,-3.1384, 3.1415,-0.0391, 0.0004,-2.5722, 0.7518, 1.1611,1
 0.0134, 0.0000,-3.1415, 3.1415,-0.0502,-0.2512, 4.6799, 0.7518, 1.1611,1
 0.0131, 0.0000,-3.1415, 3.1415,-0.0343,-0.0502, 1.3733, 0.7518, 1.1611,1
 0.0130, 0.0000,-3.1415, 3.1415,-0.0129,-0.0100, 0.2613, 0.7518, 1.1611,1
 0.0130, 0.0000,-3.1415, 3.1415,-0.0025,-0.0020, 0.3820, 0.7518, 1.1611,1
 0.0132, 0.0000,-3.1384, 3.1415, 0.0176, 0.2509,-4.6799, 0.7518, 1.1611,1
 0.0133, 0.0000,-3.1384, 3.1415, 0.0095, 0.0501,-2.7051, 0.7518, 1.1611,1
 0.0132, 0.0000,-3.1384, 3.1415,-0.0041, 0.0100,-1.1690, 0.7518, 1.1611,1
 0.0130, 0.0000,-3.1384, 3.1415,-0.0190, 0.0020,-1.5537, 0.7518, 1.1611,1
 0.0126, 0.0000,-3.1384, 3.1415,-0.0341, 0.0004,-2.3265, 0.7518, 1.1611,1
 0.0120, 0.0000,-3.1415, 3.1415,-0.0553,-0.2512, 4.6799, 0.7518, 1.1611,1
 0.0117, 0.0000,-3.1415, 3.1415,-0.0353,-0.0502, 1.2731, 0.7518, 1.1611,1
 0.0116, 0.0000,-3.1415, 3.1415,-0.0131,-0.0100, 0.2068, 0.7518, 1.1611,1
 0.0116, 0.0000,-3.1415, 3.1415,-0.0026,-0.0020, 0.3366, 0.7518, 1.1611,1
 0.0118, 0.0000,-3.1384, 3.1415, 0.0176, 0.2509,-4.6799, 0.7518, 1.1611,1
 0.0120, 0.0000,-3.1384, 3.1415, 0.0156, 0.0501,-2.4033, 0.7518, 1.1611,1
 0.0119, 0.0000,-3.1384, 3.1415,-0.0029, 0.0100,-1.1412, 0.7518, 1.1611,1
 0.0118, 0.0000,-3.1384, 3.1415,-0.0127, 0.0020,-1.2357, 0.7518, 1.1611,1
 0.0114, 0.0000,-3.1384, 3.1415,-0.0328, 0.0004,-2.2936, 0.7518, 1.1611,1
 0.0109, 0.0000,-3.1384, 3.1415,-0.0490, 0.0000,-3.2048, 0.7518, 1.1611,1
 0.0103, 0.0000,-3.1415, 3.1415,-0.0522,-0.2513, 4.6799, 0.7518, 1.1611,1
 0.0100, 0.0000,-3.1415, 3.1415,-0.0407,-0.0502, 0.9110, 0.7518, 1.1611,1
 0.0097, 0.0000,-3.1415, 3.1415,-0.0263,-0.0100,-0.5997, 0.7518, 1.1611,1
 0.0096, 0.0000,-3.1415, 3.1415,-0.0173,-0.0020,-0.5626, 0.7518, 1.1611,1
 0.0094, 0.0000,-3.1415, 3.1415,-0.0156,-0.0004,-0.5590, 0.7518, 1.1611,1
 0.0093, 0.0000,-3.1415, 3.1415,-0.0152,-0.0000,-0.5621, 0.7518, 1.1611,1
 0.0091, 0.0000,-3.1415, 3.1415,-0.0151,-0.0000,-0.5666, 0.7518, 1.1611,1
 0.0088, 0.0000,-3.1415, 3.1415,-0.0272,-0.0000,-1.2614, 0.7518, 1.1611,1
 0.0083, 0.0000,-3.1415, 3.1415,-0.0479,-0.0000,-2.4431, 0.7518, 1.1611,1
 0.0079, 0.0000,-3.1415, 3.1415,-0.0398,-0.0000,-2.0028, 0.7518, 1.1611,1
 0.0074, 0.0000,-3.1447, 3.1415,-0.0504,-0.2513, 4.6799, 0.7518, 1.1611,1
 0.0070, 0.0000,-3.1447, 3.1415,-0.0404,-0.0502, 1.6138, 0.7518, 1.1611,1
 0.0068, 0.0000,-3.1447, 3.1415,-0.0262,-0.0100, 0.0864, 0.7518, 1.1611,1
 0.0068, 0.0000,-3.1447, 3.1415, 0.0008,-0.0020, 1.1553, 0.7518, 1.1611,1
 0.0071, 0.0000,-3.1415, 3.1415, 0.0183, 0.2509,-4.6799, 0.7518, 1.1611,1
 0.0072, 0.0000,-3.1415, 3.1415, 0.0097, 0.0501,-2.1160, 0.7518, 1.1611,1
 0.0071, 0.0000,-3.1415, 3.1415,-0.0041, 0.0100,-0.5860, 0.7518, 1.1611,1
 0.0068, 0.0000,-3.1415, 3.1415,-0.0190, 0.0020,-0.9720, 0.7518, 1.1611,1
 0.0065, 0.0000,-3.1415, 3.1415,-0.0341, 0.0004,-1.7450, 0.7518, 1.1611,1
 0.0061, 0.0000,-3.1415, 3.1415,-0.0371, 0.0000,-1.9092, 0.7518, 1.1611,1
 0.0056, 0.0000,-3.1447, 3.1415,-0.0498,-0.2513, 4.6799, 0.7518, 1.1611,1
 0.0053, 0.0000,-3.1447, 3.1415,-0.0342,-0.0502, 1.9074, 0.7518, 1.1611,1
 0.0053, 0.0000,-3.1447, 3.1415,-0.0068,-0.0100, 1.1361, 0.7518, 1.1611,1
 0.0054, 0.0000,-3.1415, 3.1415, 0.0107, 0.2493,-4.6799, 0.7518, 1.1611,1
 0.0054, 0.0000,-3.1415, 3.1415, 0.0021, 0.0498,-2.5811, 0.7518, 1.1611,1
 0.0053, 0.0000,-3.1415, 3.1415,-0.0056, 0.0099,-0.7232, 0.7518, 1.1611,1
 0.0053, 0.0000,-3.1415, 3.1415,-0.0071, 0.0019,-0.3535, 0.7518, 1.1611,1
 0.0050, 0.0000,-3.1415, 3.1415,-0.0196, 0.0003,-0.9715, 0.7518, 1.1611,1
 0.0046, 0.0000,-3.1415, 3.1415,-0.0342, 0.0000,-1.7909, 0.7518, 1.1611,1
 0.0042, 0.0000,-3.1415, 3.1415,-0.0432, 0.0000,-2.3094, 0.7518, 1.1611,1
 0.0037, 0.0000,-3.1415, 3.1415,-0.0510, 0.0000,-2.7697, 0.7518, 1.1611,1
 0.0031, 0.0000,-3.1447, 3.1415,-0.0526,-0.2513, 4.6799, 0.7518, 1.1611,1
 0.0028, 0.0000,-3.1447, 3.1415,-0.0408,-0.0502, 1.4543, 0.7518, 1.1611,1
 0.0025, 0.0000,-3.1447, 3.1415,-0.0263,-0.0100,-0.0528, 0.7518, 1.1611,1
 0.0025, 0.0000,-3.1447, 3.1415,-0.0113,-0.0020, 0.3300, 0.7518, 1.1611,1
 0.0026, 0.0000,-3.1447, 3.1415, 0.0098,-0.0004, 1.4397, 0.7518, 1.1611,1
 0.0029, 0.0000,-3.1415, 3.1415, 0.0262, 0.2512,-4.6799, 0.7518, 1.1611,1
 0.0029, 0.0000,-3.1415, 3.1415, 0.0052, 0.0502,-2.5076, 0.7518, 1.1611,1
 0.0028, 0.0000,-3.1415, 3.1415,-0.0110, 0.0100,-1.1168, 0.7518, 1.1611,1
 0.0026, 0.0000,-3.1415, 3.1415,-0.0143, 0.0020,-0.8424, 0.7518, 1.1611,1
 0.0021, 0.0000,-3.1415, 3.1415,-0.0392, 0.0004,-2.1715, 0.7518, 1.1611,1
 0.0017, 0.0000,-3.1415, 3.1415,-0.0442, 0.0000,-2.4488, 0.7518, 1.1611,1
 0.0010, 0.0000,-3.1447, 3.1415,-0.0634,-0.2513, 4.6799, 0.7518, 1.1611,1
 0.0006, 0.0000,-3.1447, 3.1415,-0.0490,-0.0502, 0.9204, 0.7518, 1.1611,1
 0.0006, 0.0000,-3.1447, 3.1415,-0.0098,-0.0100, 0.8198, 0.7518, 1.1611,1
 0.0006, 0.0000,-3.1447, 3.1415, 0.0041,-0.0020, 1.1447, 0.7518, 1.1611,1
 0.0007, 0.0000,-3.1447, 3.1415, 0.0068,-0.0004, 1.2116, 0.7518, 1.1611,1
 0.0011, 0.0000,-3.1415, 3.1415, 0.0316, 0.2512,-4.6799, 0.7518, 1.1611,1
 0.0013, 0.0000,-3.1415, 3.1415, 0.0245, 0.0502,-1.4683, 0.7518, 1.1611,1
 0.0012, 0.0000,-3.1384, 3.1415,-0.0011, 0.2613,-4.6799, 0.7518, 1.1611,1
 0.0009, 0.0000,-3.1384, 3.1415,-0.0244, 0.0522,-4.6799, 0.7518, 1.1611,1
 0.0003, 0.0000,-3.1415, 3.1415,-0.0534,-0.2408, 0.0000, 0.7518, 1.1611,1
-0.0001, 0.0000,-3.1415, 3.1415,-0.0531,-0.0481, 0.0000, 0.7518, 1.1611,1
-0.0006, 0.0000,-3.1447, 3.1415,-0.0530,-0.2609, 4.6799, 0.7518, 1.1611,1
-0.0011, 0.0000,-3.1447, 3.1415,-0.0469,-0.0521, 1.0936, 0.7518, 1.1611,1
-0.0012, 0.0000,-3.1447, 3.1415,-0.0154,-0.0104, 0.4653, 0.7518, 1.1611,1
-0.0009, 0.0000,-3.1415, 3.1415, 0.0150, 0.2492, 0.0000, 0.7518, 1.1611,1
-0.0008, 0.0000,-3.1415, 3.1415, 0.0151, 0.0498, 0.0000, 0.7518, 1.1611,1
-0.0007, 0.0000,-3.1415, 3.1415, 0.0090, 0.0099, 0.0000, 0.7518, 1.1611,1
-0.0005, 0.0000,-3.1384, 3.1415, 0.0200, 0.2533,-4.6799, 0.7518, 1.1611,1
-0.0006, 0.0000,-3.1384, 3.1415,-0.0020, 0.0506,-3.8326, 0.7518, 1.1611,1
-0.0008, 0.0000,-3.1384, 3.1415,-0.0186, 0.0101,-2.4373, 0.7518, 1.1611,1
-0.0012, 0.0000,-3.1384, 3.1415,-0.0401, 0.0020,-3.1991, 0.7518, 1.1611,1
-0.0019, 0.0000,-3.1415, 3.1415,-0.0625,-0.2509, 4.6799, 0.7518, 1.1611,1
-0.0022, 0.0000,-3.1415, 3.1415,-0.0367,-0.0501, 0.7439, 0.7518, 1.1611,1
-0.0024, 0.0000,-3.1415, 3.1415,-0.0194,-0.0100,-0.5987, 0.7518, 1.1611,1
-0.0027, 0.0000,-3.1415, 3.1415,-0.0281,-0.0020,-1.5612, 0.7518, 1.1611,1
-0.0029, 0.0000,-3.1415, 3.1415,-0.0238,-0.0004,-1.4163, 0.7518, 1.1611,1
-0.0032, 0.0000,-3.1415, 3.1415,-0.0290,-0.0000,-1.7381, 0.7518, 1.1611,1
-0.0037, 0.0000,-3.1415, 3.1415,-0.0421,-0.0000,-2.5002, 0.7518, 1.1611,1
-0.0042, 0.0000,-3.1447, 3.1415,-0.0508,-0.2513, 4.6799, 0.7518, 1.1611,1
-0.0048, 0.0000,-3.1447, 3.1415,-0.0586,-0.0502, 0.2045, 0.7518, 1.1611,1
-0.0051, 0.0000,-3.1447, 3.1415,-0.0359,-0.0100,-0.8414, 0.7518, 1.1611,1
-0.0053, 0.0000,-3.1447, 3.1415,-0.0253,-0.0020,-0.7133, 0.7518, 1.1611,1
-0.0057, 0.0000,-3.1447, 3.1415,-0.0353,-0.0004,-1.3835, 0.7518, 1.1611,1
-0.0061, 0.0000,-3.1447, 3.1415,-0.0373,-0.0000,-1.5271, 0.7518, 1.1611,1
-0.0064, 0.0000,-3.1447, 3.1415,-0.0317,-0.0000,-1.2204, 0.7518, 1.1611,1
-0.0070, 0.0000,-3.1478, 3.1415,-0.0548,-0.2513, 4.6799, 0.7518, 1.1611,1
-0.0074, 0.0000,-3.1478, 3.1415,-0.0412,-0.0502, 1.8812, 0.7518, 1.1611,1
-0.0075, 0.0000,-3.1478, 3.1415,-0.0203,-0.0100, 0.7390, 0.7518, 1.1611,1
-0.0075, 0.0000,-3.1447, 3.1415, 0.0019, 0.2493,-4.6799, 0.7518, 1.1611,1
-0.0075, 0.0000,-3.1447, 3.1415,-0.0056, 0.0498,-2.6593, 0.7518, 1.1611,1
-0.0077, 0.0000,-3.1447, 3.1415,-0.0132, 0.0099,-0.7932, 0.7518, 1.1611,1
-0.0079, 0.0000,-3.1447, 3.1415,-0.0208, 0.0019,-0.7688, 0.7518, 1.1611,1
-0.0083, 0.0000,-3.1447, 3.1415,-0.0344, 0.0003,-1.4598, 0.7518, 1.1611,1
-0.0087, 0.0000,-3.1478, 3.1415,-0.0432,-0.2512, 4.6799, 0.7518, 1.1611,1
-0.0090, 0.0000,-3.1478, 3.1415,-0.0329,-0.0502, 2.3009, 0.7518, 1.1611,1
-0.0091, 0.0000,-3.1478, 3.1415,-0.0126,-0.0100, 1.1258, 0.7518, 1.1611,1
-0.0089, 0.0000,-3.1447, 3.1415, 0.0156, 0.2493,-4.6799, 0.7518, 1.1611,1
-0.0089, 0.0000,-3.1447, 3.1415, 0.0031, 0.0498,-2.2053, 0.7518, 1.1611,1
-0.0090, 0.0000,-3.1447, 3.1415,-0.0054, 0.0099,-0.3919, 0.7518, 1.1611,1
-0.0091, 0.0000,-3.1447, 3.1415,-0.0132, 0.0019,-0.3761, 0.7518, 1.1611,1
-0.0094, 0.0000,-3.1447, 3.1415,-0.0268, 0.0003,-1.0669, 0.7518, 1.1611,1
-0.0098, 0.0000,-3.1447, 3.1415,-0.0356, 0.0000,-1.5577, 0.7518, 1.1611,1
-0.0103, 0.0000,-3.1478, 3.1415,-0.0495,-0.2512, 4.6799, 0.7518, 1.1611,1
-0.0106, 0.0000,-3.1478, 3.1415,-0.0281,-0.0502, 2.5251, 0.7518, 1.1611,1
-0.0106, 0.0000,-3.1478, 3.1415,-0.0056,-0.0100, 1.4773, 0.7518, 1.1611,1
-0.0105, 0.0000,-3.1478, 3.1415, 0.0049,-0.0020, 1.6127, 0.7518, 1.1611,1
-0.0102, 0.0000,-3.1447, 3.1415, 0.0252, 0.2509,-4.6799, 0.7518, 1.1611,1
-0.0100, 0.0000,-3.1447, 3.1415, 0.0171, 0.0501,-1.4663, 0.7518, 1.1611,1
-0.0100, 0.0000,-3.1447, 3.1415, 0.0094, 0.0100, 0.4171, 0.7518, 1.1611,1
-0.0100, 0.0000,-3.1447, 3.1415, 0.0018, 0.0020, 0.4507, 0.7518, 1.1611,1
-0.0099, 0.0000,-3.1447, 3.1415, 0.0064, 0.0004, 0.8025, 0.7518, 1.1611,1
-0.0097, 0.0000,-3.1415, 3.1415, 0.0134, 0.2514,-4.6799, 0.7518, 1.1611,1
-0.0098, 0.0000,-3.1415, 3.1415,-0.0033, 0.0502,-3.4019, 0.7518, 1.1611,1
-0.0099, 0.0000,-3.1415, 3.1415,-0.0067, 0.0100,-1.2746, 0.7518, 1.1611,1
-0.0101, 0.0000,-3.1415, 3.1415,-0.0195, 0.0020,-1.5411, 0.7518, 1.1611,1
-0.0105, 0.0000,-3.1415, 3.1415,-0.0342, 0.0004,-2.2903, 0.7518, 1.1611,1
-0.0109, 0.0000,-3.1447, 3.1415,-0.0432,-0.2512, 4.6799, 0.7518, 1.1611,1
-0.0112, 0.0000,-3.1447, 3.1415,-0.0268,-0.0502, 1.8019, 0.7518, 1.1611,1
-0.0113, 0.0000,-3.1447, 3.1415,-0.0174,-0.0100, 0.0069, 0.7518, 1.1611,1
-0.0112, 0.0000,-3.1447, 3.1415, 0.0086,-0.0020, 1.0242, 0.7518, 1.1611,1
-0.0110, 0.0000,-3.1415, 3.1415, 0.0138, 0.2509,-4.6799, 0.7518, 1.1611,1
-0.0109, 0.0000,-3.1415, 3.1415, 0.0088, 0.0501,-2.7421, 0.7518, 1.1611,1
-0.0110, 0.0000,-3.1415, 3.1415,-0.0042, 0.0100,-1.1714, 0.7518, 1.1611,1
-0.0113, 0.0000,-3.1415, 3.1415,-0.0251, 0.0020,-1.8943, 0.7518, 1.1611,1
-0.0117, 0.0000,-3.1415, 3.1415,-0.0353, 0.0004,-2.3916, 0.7518, 1.1611,1
-0.0123, 0.0000,-3.1447, 3.1415,-0.0555,-0.2512, 4.6799, 0.7518, 1.1611,1
-0.0126, 0.0000,-3.1447, 3.1415,-0.0353,-0.0502, 1.2742, 0.7518, 1.1611,1
-0.0127, 0.0000,-3.1447, 3.1415,-0.0131,-0.0100, 0.2100, 0.7518, 1.1611,1
-0.0126, 0.0000,-3.1447, 3.1415, 0.0034,-0.0020, 0.6853, 0.7518, 1.1611,1
-0.0125, 0.0000,-3.1447, 3.1415, 0.0128,-0.0004, 1.1273, 0.7518, 1.1611,1
-0.0121, 0.0000,-3.1415, 3.1415, 0.0328, 0.2512,-4.6799, 0.7518, 1.1611,1
-0.0119, 0.0000,-3.1415, 3.1415, 0.0187, 0.0502,-2.2193, 0.7518, 1.1611,1
-0.0120, 0.0000,-3.1415, 3.1415,-0.0023, 0.0100,-1.0918, 0.7518, 1.1611,1
-0.0122, 0.0000,-3.1415, 3.1415,-0.0186, 0.0020,-1.5583, 0.7518, 1.1611,1
-0.0125, 0.0000,-3.1415, 3.1415,-0.0279, 0.0004,-2.0023, 0.7518, 1.1611,1
-0.0129, 0.0000,-3.1415, 3.1415,-0.0359, 0.0000,-2.4439, 0.7518, 1.1611,1
-0.0135, 0.0000,-3.1447, 3.1415,-0.0556,-0.2513, 4.6799, 0.7518, 1.1611,1
-0.0138, 0.0000,-3.1447, 3.1415,-0.0353,-0.0502, 1.2353, 0.7518, 1.1611,1
-0.0138, 0.0000,-3.1447, 3.1415,-0.0070,-0.0100, 0.5166, 0.7518, 1.1611,1
-0.0137, 0.0000,-3.1447, 3.1415, 0.0107,-0.0020, 1.0629, 0.7518, 1.1611,1
-0.0135, 0.0000,-3.1415, 3.1415, 0.0142, 0.2509,-4.6799, 0.7518, 1.1611,1
-0.0134, 0.0000,-3.1415, 3.1415, 0.0149, 0.0501,-2.4715, 0.7518, 1.1611,1
-0.0134, 0.0000,-3.1415, 3.1415,-0.0030, 0.0100,-1.1787, 0.7518, 1.1611,1
-0.0136, 0.0000,-3.1415, 3.1415,-0.0127, 0.0020,-1.2670, 0.7518, 1.1611,1
-0.0140, 0.0000,-3.1415, 3.1415,-0.0328, 0.0004,-2.3236, 0.7518, 1.1611,1
-0.0145, 0.0000,-3.1447, 3.1415,-0.0490,-0.2512, 4.6799, 0.7518, 1.1611,1
-0.0147, 0.0000,-3.1447, 3.1415,-0.0279,-0.0502, 1.6238, 0.7518, 1.1611,1
-0.0147, 0.0000,-3.1447, 3.1415, 0.0004,-0.0100, 0.9163, 0.7518, 1.1611,1
-0.0144, 0.0000,-3.1447, 3.1415, 0.0182,-0.0020, 1.4667, 0.7518, 1.1611,1
-0.0142, 0.0000,-3.1415, 3.1415, 0.0218, 0.2509,-4.6799, 0.7518, 1.1611,1
-0.0140, 0.0000,-3.1415, 3.1415, 0.0164, 0.0501,-2.4074, 0.7518, 1.1611,1
-0.0140, 0.0000,-3.1415, 3.1415, 0.0032, 0.0100,-0.8381, 0.7518, 1.1611,1
-0.0143, 0.0000,-3.1415, 3.1415,-0.0175, 0.0020,-1.5593, 0.7518, 1.1611,1
-0.0146, 0.0000,-3.1415, 3.1415,-0.0277, 0.0004,-2.0543, 0.7518, 1.1611,1
-0.0150, 0.0000,-3.1415, 3.1415,-0.0419, 0.0000,-2.8510, 0.7518, 1.1611,1
-0.0156, 0.0000,-3.1447, 3.1415,-0.0568,-0.2513, 4.6799, 0.7518, 1.1611,1
-0.0158, 0.0000,-3.1447, 3.1415,-0.0235,-0.0502, 1.8446, 0.7518, 1.1611,1
-0.0159, 0.0000,-3.1447, 3.1415,-0.0107,-0.0100, 0.2435, 0.7518, 1.1611,1
-0.0157, 0.0000,-3.1447, 3.1415, 0.0099,-0.0020, 0.9565, 0.7518, 1.1611,1
-0.0154, 0.0000,-3.1415, 3.1415, 0.0262, 0.2509,-4.6799, 0.7518, 1.1611,1
-0.0152, 0.0000,-3.1415, 3.1415, 0.0234, 0.0501,-2.0510, 0.7518, 1.1611,1
-0.0153, 0.0000,-3.1415, 3.1415,-0.0013, 0.0100,-1.1406, 0.7518, 1.1611,1
-0.0154, 0.0000,-3.1415, 3.1415,-0.0124, 0.0020,-1.3054, 0.7518, 1.1611,1
-0.0157, 0.0000,-3.1415, 3.1415,-0.0267, 0.0004,-2.0323, 0.7518, 1.1611,1
-0.0161, 0.0000,-3.1415, 3.1415,-0.0356, 0.0000,-2.5304, 0.7518, 1.1611,1
-0.0166, 0.0000,-3.1447, 3.1415,-0.0495,-0.2513, 4.6799, 0.7518, 1.1611,1
-0.0167, 0.0000,-3.1447, 3.1415,-0.0159,-0.0502, 2.2412, 0.7518, 1.1611,1
-0.0167, 0.0000,-3.1447, 3.1415,-0.0031,-0.0100, 0.6449, 0.7518, 1.1611,1
-0.0165, 0.0000,-3.1415, 3.1415, 0.0114, 0.2493,-4.6799, 0.7518, 1.1611,1
-0.0165, 0.0000,-3.1415, 3.1415, 0.0022, 0.0498,-3.2703, 0.7518, 1.1611,1
-0.0166, 0.0000,-3.1415, 3.1415,-0.0056, 0.0099,-1.4190, 0.7518, 1.1611,1
-0.0169, 0.0000,-3.1415, 3.1415,-0.0193, 0.0019,-1.7407, 0.7518, 1.1611,1
-0.0172, 0.0000,-3.1415, 3.1415,-0.0281, 0.0003,-2.1558, 0.7518, 1.1611,1
-0.0178, 0.0000,-3.1447, 3.1415,-0.0541,-0.2512, 4.6799, 0.7518, 1.1611,1
-0.0178, 0.0000,-3.1447, 3.1415,-0.0168,-0.0502, 2.1530, 0.7518, 1.1611,1
-0.0179, 0.0000,-3.1447, 3.1415,-0.0094,-0.0100, 0.2535, 0.7518, 1.1611,1
-0.0177, 0.0000,-3.1447, 3.1415, 0.0163,-0.0020, 1.2517, 0.7518, 1.1611,1
-0.0175, 0.0000,-3.1415, 3.1415, 0.0153, 0.2509,-4.6799, 0.7518, 1.1611,1
-0.0175, 0.0000,-3.1415, 3.1415, 0.0091, 0.0501,-2.9309, 0.7518, 1.1611,1
-0.0175, 0.0000,-3.1415, 3.1415,-0.0042, 0.0100,-1.3741, 0.7518, 1.1611,1
-0.0178, 0.0000,-3.1415, 3.1415,-0.0251, 0.0020,-2.0997, 0.7518, 1.1611,1
-0.0182, 0.0000,-3.1415, 3.1415,-0.0353, 0.0004,-2.5975, 0.7518, 1.1611,1
-0.0189, 0.0000,-3.1447, 3.1415,-0.0616,-0.2512, 4.6799, 0.7518, 1.1611,1
-0.0191, 0.0000,-3.1447, 3.1415,-0.0305,-0.0502, 1.3421, 0.7518, 1.1611,1
-0.0192, 0.0000,-3.1447, 3.1415,-0.0121,-0.0100, 0.0587, 0.7518, 1.1611,1
-0.0191, 0.0000,-3.1447, 3.1415, 0.0036,-0.0020, 0.4901, 0.7518, 1.1611,1
-0.0190, 0.0000,-3.1447, 3.1415, 0.0128,-0.0004, 0.9234, 0.7518, 1.1611,1
-0.0187, 0.0000,-3.1415, 3.1415, 0.0268, 0.2512,-4.6799, 0.7518, 1.1611,1
-0.0186, 0.0000,-3.1415, 3.1415, 0.0114, 0.0502,-2.8413, 0.7518, 1.1611,1
-0.0187, 0.0000,-3.1415, 3.1415,-0.0098, 0.0100,-1.7300, 0.7518, 1.1611,1
-0.0191, 0.0000,-3.1415, 3.1415,-0.0322, 0.0020,-2.5466, 0.7518, 1.1611,1
-0.0196, 0.0000,-3.1415, 3.1415,-0.0428, 0.0004,-3.0645, 0.7518, 1.1611,1
-0.0202, 0.0000,-3.1447, 3.1415,-0.0570,-0.2512, 4.6799, 0.7518, 1.1611,1
-0.0204, 0.0000,-3.1447, 3.1415,-0.0296,-0.0502, 1.3530, 0.7518, 1.1611,1
-0.0206, 0.0000,-3.1447, 3.1415,-0.0241,-0.0100,-0.6617, 0.7518, 1.1611,1
-0.0209, 0.0000,-3.1447, 3.1415,-0.0290,-0.0020,-1.4154, 0.7518, 1.1611,1
-0.0212, 0.0000,-3.1478, 3.1415,-0.0240,-0.2517, 4.6799, 0.7518, 1.1611,1
-0.0212, 0.0000,-3.1478, 3.1415,-0.0048,-0.0503, 3.5113, 0.7518, 1.1611,1
-0.0210, 0.0000,-3.1447, 3.1415, 0.0111, 0.2412,-4.6799, 0.7518, 1.1611,1
-0.0212, 0.0000,-3.1447, 3.1415,-0.0159, 0.0482,-3.5817, 0.7518, 1.1611,1
-0.0216, 0.0000,-3.1447, 3.1415,-0.0274, 0.0096,-2.0148, 0.7518, 1.1611,1
-0.0219, 0.0000,-3.1447, 3.1415,-0.0358, 0.0019,-2.0541, 0.7518, 1.1611,1
-0.0224, 0.0000,-3.1478, 3.1415,-0.0435,-0.2509, 4.6799, 0.7518, 1.1611,1
-0.0225, 0.0000,-3.1510, 3.1415,-0.0208,-0.3015, 4.6799, 0.7518, 1.1611,1
-0.0228, 0.0000,-3.1510, 3.1415,-0.0223,-0.0603, 3.8189, 0.7518, 1.1611,1
-0.0227, 0.0000,-3.1478, 3.1415, 0.0015, 0.2392,-4.6799, 0.7518, 1.1611,1
-0.0227, 0.0000,-3.1478, 3.1415, 0.0003, 0.0478,-1.9097, 0.7518, 1.1611,1
-0.0228, 0.0000,-3.1478, 3.1415,-0.0120, 0.0095,-0.4064, 0.7518, 1.1611,1
-0.0231, 0.0000,-3.1478, 3.1415,-0.0266, 0.0019,-0.7997, 0.7518, 1.1611,1
-0.0235, 0.0000,-3.1510, 3.1415,-0.0356,-0.2509, 4.6799, 0.7518, 1.1611,1
-0.0235, 0.0000,-3.1510, 3.1415,-0.0071,-0.0501, 4.0722, 0.7518, 1.1611,1
-0.0235, 0.0000,-3.1510, 3.1415,-0.0014,-0.0100, 2.0791, 0.7518, 1.1611,1
-0.0234, 0.0000,-3.1510, 3.1415, 0.0118,-0.0020, 2.3705, 0.7518, 1.1611,1
-0.0231, 0.0000,-3.1478, 3.1415, 0.0266, 0.2509,-4.6799, 0.7518, 1.1611,1
-0.0230, 0.0000,-3.1478, 3.1415, 0.0113, 0.0501,-1.4282, 0.7518, 1.1611,1
-0.0231, 0.0000,-3.1478, 3.1415,-0.0037, 0.0100, 0.0271, 0.7518, 1.1611,1
-0.0231, 0.0000,-3.1478, 3.1415,-0.0007, 0.0020, 0.6613, 0.7518, 1.1611,1
-0.0231, 0.0000,-3.1478, 3.1415,-0.0001, 0.0004, 0.7881, 0.7518, 1.1611,1
-0.0230, 0.0000,-3.1478, 3.1415, 0.0060, 0.0000, 1.1585, 0.7518, 1.1611,1
-0.0228, 0.0000,-3.1478, 3.1415, 0.0193, 0.0000, 1.9246, 0.7518, 1.1611,1
-0.0225, 0.0000,-3.1478, 3.1415, 0.0281, 0.0000, 2.4286, 0.7518, 1.1611,1
-0.0221, 0.0000,-3.1447, 3.1415, 0.0359, 0.2513,-4.6799, 0.7518, 1.1611,1
-0.0220, 0.0000,-3.1447, 3.1415, 0.0132, 0.0502,-2.0713, 0.7518, 1.1611,1
-0.0222, 0.0000,-3.1447, 3.1415,-0.0094, 0.0100,-1.0418, 0.7518, 1.1611,1
-0.0225, 0.0000,-3.1447, 3.1415,-0.0261, 0.0020,-1.5298, 0.7518, 1.1611,1
-0.0228, 0.0000,-3.1478, 3.1415,-0.0355,-0.2509, 4.6799, 0.7518, 1.1611,1
-0.0230, 0.0000,-3.1478, 3.1415,-0.0192,-0.0501, 2.6288, 0.7518, 1.1611,1
-0.0230, 0.0000,-3.1478, 3.1415,-0.0038,-0.0100, 1.1836, 0.7518, 1.1611,1
-0.0229, 0.0000,-3.1478, 3.1415, 0.0052,-0.0020, 1.2395, 0.7518, 1.1611,1
-0.0227, 0.0000,-3.1478, 3.1415, 0.0192,-0.0004, 1.9427, 0.7518, 1.1611,1
-0.0222, 0.0000,-3.1478, 3.1415, 0.0462,-0.0000, 3.4692, 0.7518, 1.1611,1
-0.0217, 0.0000,-3.1447, 3.1415, 0.0456, 0.2512,-4.6799, 0.7518, 1.1611,1
-0.0216, 0.0000,-3.1447, 3.1415, 0.0212, 0.0502,-1.6045, 0.7518, 1.1611,1
-0.0216, 0.0000,-3.1447, 3.1415,-0.0018, 0.0100,-0.5919, 0.7518, 1.1611,1
-0.0218, 0.0000,-3.1447, 3.1415,-0.0124, 0.0020,-0.7363, 0.7518, 1.1611,1
-0.0222, 0.0000,-3.1478, 3.1415,-0.0328,-0.2509, 4.6799, 0.7518, 1.1611,1
-0.0222, 0.0000,-3.1478, 3.1415,-0.0126,-0.0501, 3.0263, 0.7518, 1.1611,1
-0.0222, 0.0000,-3.1478, 3.1415,-0.0025,-0.0100, 1.2822, 0.7518, 1.1611,1
-0.0221, 0.0000,-3.1478, 3.1415, 0.0116,-0.0020, 1.6235, 0.7518, 1.1611,1
-0.0217, 0.0000,-3.1478, 3.1415, 0.0326,-0.0004, 2.7306, 0.7518, 1.1611,1
-0.0212, 0.0000,-3.1478, 3.1415, 0.0429,-0.0000, 3.3067, 0.7518, 1.1611,1
-0.0208, 0.0000,-3.1447, 3.1415, 0.0449, 0.2512,-4.6799, 0.7518, 1.1611,1
-0.0206, 0.0000,-3.1447, 3.1415, 0.0211, 0.0502,-1.5834, 0.7518, 1.1611,1
-0.0206, 0.0000,-3.1447, 3.1415, 0.0042, 0.0100,-0.2197, 0.7518, 1.1611,1
-0.0208, 0.0000,-3.1447, 3.1415,-0.0112, 0.0020,-0.6370, 0.7518, 1.1611,1
-0.0211, 0.0000,-3.1478, 3.1415,-0.0265,-0.2509, 4.6799, 0.7518, 1.1611,1
-0.0212, 0.0000,-3.1478, 3.1415,-0.0113,-0.0501, 3.1311, 0.7518, 1.1611,1
-0.0212, 0.0000,-3.1478, 3.1415,-0.0022,-0.0100, 1.3300, 0.7518, 1.1611,1
-0.0210, 0.0000,-3.1478, 3.1415, 0.0116,-0.0020, 1.6599, 0.7518, 1.1611,1
-0.0206, 0.0000,-3.1478, 3.1415, 0.0387,-0.0004, 3.1098, 0.7518, 1.1611,1
-0.0200, 0.0000,-3.1447, 3.1415, 0.0562, 0.2512,-4.6799, 0.7518, 1.1611,1
-0.0198, 0.0000,-3.1447, 3.1415, 0.0233, 0.0502,-1.4287, 0.7518, 1.1611,1
-0.0198, 0.0000,-3.1447, 3.1415, 0.0046, 0.0100,-0.1676, 0.7518, 1.1611,1
-0.0200, 0.0000,-3.1447, 3.1415,-0.0111, 0.0020,-0.6055, 0.7518, 1.1611,1
-0.0202, 0.0000,-3.1478, 3.1415,-0.0204,-0.2509, 4.6799, 0.7518, 1.1611,1
-0.0202, 0.0000,-3.1478, 3.1415,-0.0040,-0.0501, 3.5736, 0.7518, 1.1611,1
-0.0201, 0.0000,-3.1478, 3.1415, 0.0052,-0.0100, 1.7885, 0.7518, 1.1611,1
-0.0200, 0.0000,-3.1478, 3.1415, 0.0131,-0.0020, 1.7784, 0.7518, 1.1611,1
-0.0195, 0.0000,-3.1478, 3.1415, 0.0390,-0.0004, 3.1603, 0.7518, 1.1611,1
-0.0188, 0.0000,-3.1478, 3.1415, 0.0623,-0.0000, 4.4833, 0.7518, 1.1611,1
-0.0181, 0.0000,-3.1447, 3.1415, 0.0670, 0.2512,-4.6799, 0.7518, 1.1611,1
-0.0178, 0.0000,-3.1447, 3.1415, 0.0437, 0.0502,-0.2148, 0.7518, 1.1611,1
-0.0175, 0.0000,-3.1415, 3.1415, 0.0329, 0.2613,-4.6799, 0.7518, 1.1611,1
-0.0176, 0.0000,-3.1447, 3.1415,-0.0055,-0.1990, 4.6799, 0.7518, 1.1611,1
-0.0172, 0.0000,-3.1447, 3.1415, 0.0292,-0.0398, 4.1753, 0.7518, 1.1611,1
-0.0169, 0.0000,-3.1447, 3.1415, 0.0300,-0.0079, 2.3984, 0.7518, 1.1611,1
-0.0168, 0.0000,-3.1447, 3.1415, 0.0181,-0.0015, 1.3606, 0.7518, 1.1611,1
-0.0164, 0.0000,-3.1415, 3.1415, 0.0339, 0.2510,-4.6799, 0.7518, 1.1611,1
-0.0159, 0.0000,-3.1415, 3.1415, 0.0431, 0.0502,-0.9610, 0.7518, 1.1611,1
-0.0159, 0.0000,-3.1415, 3.1415, 0.0146, 0.0100,-0.2517, 0.7518, 1.1611,1
-0.0158, 0.0000,-3.1415, 3.1415, 0.0090, 0.0020,-0.1079, 0.7518, 1.1611,1
-0.0161, 0.0000,-3.1447, 3.1415,-0.0224,-0.2509, 4.6799, 0.7518, 1.1611,1
-0.0161, 0.0000,-3.1447, 3.1415,-0.0044,-0.0501, 2.9051, 0.7518, 1.1611,1
-0.0158, 0.0000,-3.1447, 3.1415, 0.0233,-0.0100, 2.1731, 0.7518, 1.1611,1
-0.0156, 0.0000,-3.1447, 3.1415, 0.0167,-0.0020, 1.3443, 0.7518, 1.1611,1
-0.0152, 0.0000,-3.1447, 3.1415, 0.0397,-0.0004, 2.5625, 0.7518, 1.1611,1
-0.0143, 0.0000,-3.1415, 3.1415, 0.0807, 0.2512,-4.6799, 0.7518, 1.1611,1
-0.0140, 0.0000,-3.1415, 3.1415, 0.0403, 0.0502,-1.0582, 0.7518, 1.1611,1
-0.0137, 0.0000,-3.1415, 3.1415, 0.0262, 0.0100, 0.4687, 0.7518, 1.1611,1
-0.0134, 0.0000,-3.1415, 3.1415, 0.0295, 0.0020, 1.1248, 0.7518, 1.1611,1
-0.0133, 0.0000,-3.1415, 3.1415, 0.0180, 0.0004, 0.5737, 0.7518, 1.1611,1
-0.0128, 0.0000,-3.1415, 3.1415, 0.0399, 0.0000, 1.8474, 0.7518, 1.1611,1
-0.0125, 0.0000,-3.1384, 3.1415, 0.0383, 0.2513,-4.6799, 0.7518, 1.1611,1
-0.0125, 0.0000,-3.1384, 3.1415, 0.0076, 0.0502,-3.6366, 0.7518, 1.1611,1
-0.0123, 0.0000,-3.1384, 3.1415, 0.0136, 0.0100,-0.9740, 0.7518, 1.1611,1
-0.0126, 0.0000,-3.1415, 3.1415,-0.0215,-0.2493, 4.6799, 0.7518, 1.1611,1
-0.0126, 0.0000,-3.1415, 3.1415,-0.0043,-0.0498, 2.2317, 0.7518, 1.1611,1
-0.0124, 0.0000,-3.1415, 3.1415, 0.0173,-0.0099, 1.1612, 0.7518, 1.1611,1
-0.0124, 0.0000,-3.1415, 3.1415, 0.0034,-0.0019,-0.0822, 0.7518, 1.1611,1
-0.0122, 0.0000,-3.1415, 3.1415, 0.0128,-0.0003, 0.3591, 0.7518, 1.1611,1
-0.0120, 0.0000,-3.1415, 3.1415, 0.0207,-0.0000, 0.7962, 0.7518, 1.1611,1
-0.0119, 0.0000,-3.1415, 3.1415, 0.0102,-0.0000, 0.1994, 0.7518, 1.1611,1
-0.0115, 0.0000,-3.1415, 3.1415, 0.0323,-0.0000, 1.4620, 0.7518, 1.1611,1
-0.0112, 0.0000,-3.1415, 3.1415, 0.0367,-0.0000, 1.7241, 0.7518, 1.1611,1
-0.0109, 0.0000,-3.1384, 3.1415, 0.0316, 0.2513,-4.6799, 0.7518, 1.1611,1
-0.0107, 0.0000,-3.1384, 3.1415, 0.0184, 0.0502,-2.9718, 0.7518, 1.1611,1
-0.0106, 0.0000,-3.1384, 3.1415, 0.0097, 0.0100,-1.1420, 0.7518, 1.1611,1
-0.0109, 0.0000,-3.1415, 3.1415,-0.0162,-0.2493, 4.6799, 0.7518, 1.1611,1
-0.0109, 0.0000,-3.1415, 3.1415,-0.0032,-0.0498, 2.3466, 0.7518, 1.1611,1
-0.0107, 0.0000,-3.1415, 3.1415, 0.0114,-0.0099, 0.8832, 0.7518, 1.1611,1
-0.0106, 0.0000,-3.1415, 3.1415, 0.0083,-0.0019, 0.2494, 0.7518, 1.1611,1
-0.0103, 0.0000,-3.1415, 3.1415, 0.0259,-0.0003, 1.1596, 0.7518, 1.1611,1
-0.0099, 0.0000,-3.1415, 3.1415, 0.0415,-0.0000, 2.0393, 0.7518, 1.1611,1
-0.0094, 0.0000,-3.1384, 3.1415, 0.0446, 0.2513,-4.6799, 0.7518, 1.1611,1
-0.0092, 0.0000,-3.1384, 3.1415, 0.0271, 0.0502,-2.4332, 0.7518, 1.1611,1
-0.0090, 0.0000,-3.1384, 3.1415, 0.0175, 0.0100,-0.6509, 0.7518, 1.1611,1
-0.0092, 0.0000,-3.1384, 3.1415,-0.0086, 0.0020,-1.6707, 0.7518, 1.1611,1
-0.0093, 0.0000,-3.1415, 3.1415,-0.0138,-0.2509, 4.6799, 0.7518, 1.1611,1
-0.0094, 0.0000,-3.1415, 3.1415,-0.0088,-0.0501, 2.0950, 0.7518, 1.1611,1
-0.0093, 0.0000,-3.1415, 3.1415, 0.0042,-0.0100, 0.5243, 0.7518, 1.1611,1
-0.0091, 0.0000,-3.1415, 3.1415, 0.0190,-0.0020, 0.9021, 0.7518, 1.1611,1
-0.0087, 0.0000,-3.1415, 3.1415, 0.0401,-0.0004, 2.0185, 0.7518, 1.1611,1
-0.0081, 0.0000,-3.1384, 3.1415, 0.0565, 0.2512,-4.6799, 0.7518, 1.1611,1
-0.0079, 0.0000,-3.1384, 3.1415, 0.0234, 0.0502,-2.6004, 0.7518, 1.1611,1
-0.0079, 0.0000,-3.1384, 3.1415, 0.0046, 0.0100,-1.3418, 0.7518, 1.1611,1
-0.0080, 0.0000,-3.1384, 3.1415,-0.0051, 0.0020,-1.4351, 0.7518, 1.1611,1
-0.0084, 0.0000,-3.1415, 3.1415,-0.0313,-0.2509, 4.6799, 0.7518, 1.1611,1
-0.0085, 0.0000,-3.1415, 3.1415,-0.0183,-0.0501, 1.5835, 0.7518, 1.1611,1
-0.0084, 0.0000,-3.1415, 3.1415, 0.0023,-0.0100, 0.4450, 0.7518, 1.1611,1
-0.0084, 0.0000,-3.1415, 3.1415, 0.0065,-0.0020, 0.2192, 0.7518, 1.1611,1
-0.0081, 0.0000,-3.1415, 3.1415, 0.0255,-0.0004, 1.2111, 0.7518, 1.1611,1
-0.0076, 0.0000,-3.1415, 3.1415, 0.0414,-0.0000, 2.1072, 0.7518, 1.1611,1
-0.0072, 0.0000,-3.1415, 3.1415, 0.0386,-0.0000, 1.9529, 0.7518, 1.1611,1
-0.0068, 0.0000,-3.1384, 3.1415, 0.0441, 0.2513,-4.6799, 0.7518, 1.1611,1
-0.0063, 0.0000,-3.1384, 3.1415, 0.0452, 0.0502,-1.3210, 0.7518, 1.1611,1
-0.0062, 0.0000,-3.1384, 3.1415, 0.0211, 0.0100,-0.3556, 0.7518, 1.1611,1
-0.0062, 0.0000,-3.1384, 3.1415,-0.0018, 0.0020,-1.1938, 0.7518, 1.1611,1
-0.0064, 0.0000,-3.1384, 3.1415,-0.0124, 0.0004,-1.7083, 0.7518, 1.1611,1
-0.0068, 0.0000,-3.1415, 3.1415,-0.0328,-0.2512, 4.6799, 0.7518, 1.1611,1
-0.0068, 0.0000,-3.1415, 3.1415,-0.0126,-0.0502, 1.9659, 0.7518, 1.1611,1
-0.0068, 0.0000,-3.1415, 3.1415, 0.0035,-0.0100, 0.5637, 0.7518, 1.1611,1
-0.0066, 0.0000,-3.1415, 3.1415, 0.0128,-0.0020, 0.6302, 0.7518, 1.1611,1
-0.0064, 0.0000,-3.1415, 3.1415, 0.0207,-0.0004, 0.9923, 0.7518, 1.1611,1
-0.0060, 0.0000,-3.1415, 3.1415, 0.0344,-0.0000, 1.7606, 0.7518, 1.1611,1
-0.0056, 0.0000,-3.1415, 3.1415, 0.0432,-0.0000, 2.2688, 0.7518, 1.1611,1
-0.0051, 0.0000,-3.1384, 3.1415, 0.0450, 0.2513,-4.6799, 0.7518, 1.1611,1
-0.0048, 0.0000,-3.1384, 3.1415, 0.0332, 0.0502,-1.9478, 0.7518, 1.1611,1
-0.0048, 0.0000,-3.1384, 3.1415, 0.0066, 0.0100,-1.1327, 0.7518, 1.1611,1
-0.0049, 0.0000,-3.1384, 3.1415,-0.0047, 0.0020,-1.3147, 0.7518, 1.1611,1
-0.0051, 0.0000,-3.1384, 3.1415,-0.0191, 0.0004,-2.0430, 0.7518, 1.1611,1
-0.0056, 0.0000,-3.1415, 3.1415,-0.0462,-0.2512, 4.6799, 0.7518, 1.1611,1
-0.0058, 0.0000,-3.1415, 3.1415,-0.0213,-0.0502, 1.5047, 0.7518, 1.1611,1
-0.0058, 0.0000,-3.1447, 3.1415,-0.0042,-0.2613, 4.6799, 0.7518, 1.1611,1
-0.0057, 0.0000,-3.1415, 3.1415, 0.0052, 0.1990,-4.6799, 0.7518, 1.1611,1
-0.0058, 0.0000,-3.1415, 3.1415,-0.0050, 0.0398,-2.7639, 0.7518, 1.1611,1
-0.0059, 0.0000,-3.1447, 3.1415,-0.0131,-0.2433, 4.6799, 0.7518, 1.1611,1
-0.0059, 0.0000,-3.1447, 3.1415, 0.0034,-0.0486, 3.5894, 0.7518, 1.1611,1
-0.0056, 0.0000,-3.1447, 3.1415, 0.0188,-0.0097, 2.2238, 0.7518, 1.1611,1
-0.0054, 0.0000,-3.1447, 3.1415, 0.0219,-0.0019, 1.9564, 0.7518, 1.1611,1
-0.0053, 0.0000,-3.1415, 3.1415, 0.0165, 0.2509,-4.6799, 0.7518, 1.1611,1
-0.0052, 0.0000,-3.1415, 3.1415, 0.0093, 0.0501,-2.5300, 0.7518, 1.1611,1
-0.0051, 0.0000,-3.1415, 3.1415, 0.0079, 0.0100,-0.2932, 0.7518, 1.1611,1
-0.0054, 0.0000,-3.1447, 3.1415,-0.0226,-0.2493, 4.6799, 0.7518, 1.1611,1
-0.0056, 0.0000,-3.1447, 3.1415,-0.0227,-0.0498, 2.1870, 0.7518, 1.1611,1
-0.0055, 0.0000,-3.1447, 3.1415, 0.0075,-0.0099, 1.6040, 0.7518, 1.1611,1
-0.0054, 0.0000,-3.1447, 3.1415, 0.0075,-0.0019, 1.1463, 0.7518, 1.1611,1
-0.0053, 0.0000,-3.1447, 3.1415, 0.0136,-0.0003, 1.4016, 0.7518, 1.1611,1
-0.0049, 0.0000,-3.1447, 3.1415, 0.0330,-0.0000, 2.4916, 0.7518, 1.1611,1
-0.0045, 0.0000,-3.1447, 3.1415, 0.0369,-0.0000, 2.7192, 0.7518, 1.1611,1
-0.0041, 0.0000,-3.1415, 3.1415, 0.0377, 0.2513,-4.6799, 0.7518, 1.1611,1
-0.0038, 0.0000,-3.1415, 3.1415, 0.0317, 0.0502,-1.2240, 0.7518, 1.1611,1
-0.0037, 0.0000,-3.1415, 3.1415, 0.0124, 0.0100, 0.0024, 0.7518, 1.1611,1
-0.0038, 0.0000,-3.1415, 3.1415,-0.0035, 0.0020,-0.4404, 0.7518, 1.1611,1
-0.0038, 0.0000,-3.1447, 3.1415,-0.0007,-0.2509, 4.6799, 0.7518, 1.1611,1
-0.0038, 0.0000,-3.1447, 3.1415,-0.0001,-0.0501, 3.5390, 0.7518, 1.1611,1
-0.0037, 0.0000,-3.1447, 3.1415, 0.0060,-0.0100, 1.5754, 0.7518, 1.1611,1
-0.0034, 0.0000,-3.1447, 3.1415, 0.0315,-0.0020, 2.5647, 0.7518, 1.1611,1
-0.0028, 0.0000,-3.1415, 3.1415, 0.0487, 0.2509,-4.6799, 0.7518, 1.1611,1
-0.0028, 0.0000,-3.1415, 3.1415, 0.0158, 0.0501,-2.0889, 0.7518, 1.1611,1
-0.0028, 0.0000,-3.1415, 3.1415, 0.0031, 0.0100,-0.4887, 0.7518, 1.1611,1
-0.0030, 0.0000,-3.1447, 3.1415,-0.0175,-0.2493, 4.6799, 0.7518, 1.1611,1
-0.0031, 0.0000,-3.1447, 3.1415,-0.0095,-0.0498, 3.0115, 0.7518, 1.1611,1
-0.0030, 0.0000,-3.1447, 3.1415, 0.0041,-0.0099, 1.4891, 0.7518, 1.1611,1
-0.0028, 0.0000,-3.1447, 3.1415, 0.0129,-0.0019, 1.5316, 0.7518, 1.1611,1
-0.0027, 0.0000,-3.1447, 3.1415, 0.0147,-0.0003, 1.5439, 0.7518, 1.1611,1
-0.0023, 0.0000,-3.1447, 3.1415, 0.0332,-0.0000, 2.5853, 0.7518, 1.1611,1
-0.0018, 0.0000,-3.1415, 3.1415, 0.0490, 0.2513,-4.6799, 0.7518, 1.1611,1
-0.0016, 0.0000,-3.1415, 3.1415, 0.0219, 0.0502,-1.7108, 0.7518, 1.1611,1
-0.0016, 0.0000,-3.1415, 3.1415, 0.0043, 0.0100,-0.3843, 0.7518, 1.1611,1
-0.0018, 0.0000,-3.1447, 3.1415,-0.0112,-0.2493, 4.6799, 0.7518, 1.1611,1
-0.0018, 0.0000,-3.1447, 3.1415,-0.0083,-0.0498, 3.1211, 0.7518, 1.1611,1
-0.0018, 0.0000,-3.1447, 3.1415, 0.0044,-0.0099, 1.5417, 0.7518, 1.1611,1
-0.0016, 0.0000,-3.1447, 3.1415, 0.0130,-0.0019, 1.5728, 0.7518, 1.1611,1
-0.0013, 0.0000,-3.1447, 3.1415, 0.0268,-0.0003, 2.2729, 0.7518, 1.1611,1
-0.0007, 0.0000,-3.1447, 3.1415, 0.0538,-0.0000, 3.8007, 0.7518, 1.1611,1
 0.0000, 0.0000,-3.1415, 3.1415, 0.0714, 0.2513, 0.0000, 0.7518, 1.1611,1
 0.0005, 0.0000,-3.1415, 3.1415, 0.0567, 0.0502, 0.0000, 0.7518, 1.1611,1
 0.0010, 0.0000,-3.1384, 3.1415, 0.0537, 0.2613,-4.6799, 0.7518, 1.1611,1
 0.0015, 0.0000,-3.1384, 3.1415, 0.0532, 0.0522,-0.7332, 0.7518, 1.1611,1
 0.0017, 0.0000,-3.1384, 3.1415, 0.0227, 0.0104,-0.0367, 0.7518, 1.1611,1
 0.0016, 0.0000,-3.1384, 3.1415,-0.0015, 0.0020,-0.9287, 0.7518, 1.1611,1
 0.0014, 0.0000,-3.1384, 3.1415,-0.0184, 0.0004,-1.7990, 0.7518, 1.1611,1
 0.0010, 0.0000,-3.1384, 3.1415,-0.0340, 0.0000,-2.6689, 0.7518, 1.1611,1
 0.0006, 0.0000,-3.1415, 3.1415,-0.0371,-0.2513, 0.0000, 0.7518, 1.1611,1
 0.0002, 0.0000,-3.1447, 3.1415,-0.0438,-0.3015, 4.6799, 0.7518, 1.1611,1
-0.0002, 0.0000,-3.1447, 3.1415,-0.0451,-0.0603, 1.6956, 0.7518, 1.1611,1
-0.0002, 0.0000,-3.1447, 3.1415,-0.0090,-0.0120, 0.9538, 0.7518, 1.1611,1
 0.0000, 0.0000,-3.1447, 3.1415, 0.0163,-0.0024, 1.8405, 0.7518, 1.1611,1
 0.0002, 0.0000,-3.1447, 3.1415, 0.0214,-0.0004, 2.0236, 0.7518, 1.1611,1
 0.0004, 0.0000,-3.1447, 3.1415, 0.0224,-0.0000, 2.0659, 0.7518, 1.1611,1
 0.0010, 0.0000,-3.1447, 3.1415, 0.0530,-0.0000, 3.8053, 0.7518, 1.1611,1
 0.0018, 0.0000,-3.1415, 3.1415, 0.0712, 0.2513,-4.6799, 0.7518, 1.1611,1
 0.0021, 0.0000,-3.1415, 3.1415, 0.0445, 0.0502,-0.3106, 0.7518, 1.1611,1
 0.0025, 0.0000,-3.1384, 3.1415, 0.0392, 0.2613,-4.6799, 0.7518, 1.1611,1
 0.0026, 0.0000,-3.1384, 3.1415, 0.0139, 0.0522,-2.9200, 0.7518, 1.1611,1
 0.0023, 0.0000,-3.1415, 3.1415,-0.0214,-0.2408, 4.6799, 0.7518, 1.1611,1
 0.0022, 0.0000,-3.1415, 3.1415,-0.0103,-0.0481, 2.2644, 0.7518, 1.1611,1
 0.0023, 0.0000,-3.1415, 3.1415, 0.0039,-0.0096, 0.8554, 0.7518, 1.1611,1
 0.0025, 0.0000,-3.1415, 3.1415, 0.0189,-0.0019, 1.2656, 0.7518, 1.1611,1
 0.0030, 0.0000,-3.1415, 3.1415, 0.0401,-0.0003, 2.3884, 0.7518, 1.1611,1
 0.0037, 0.0000,-3.1384, 3.1415, 0.0686, 0.2512,-4.6799, 0.7518, 1.1611,1
 0.0040, 0.0000,-3.1384, 3.1415, 0.0319, 0.0502,-1.7421, 0.7518, 1.1611,1
 0.0042, 0.0000,-3.1384, 3.1415, 0.0245, 0.0100, 0.1678, 0.7518, 1.1611,1
 0.0044, 0.0000,-3.1384, 3.1415, 0.0231, 0.0020, 0.5555, 0.7518, 1.1611,1
 0.0045, 0.0000,-3.1384, 3.1415, 0.0106, 0.0004,-0.0511, 0.7518, 1.1611,1
 0.0046, 0.0000,-3.1384, 3.1415, 0.0142, 0.0000, 0.1744, 0.7518, 1.1611,1
 0.0047, 0.0000,-3.1384, 3.1415, 0.0089, 0.0000,-0.1216, 0.7518, 1.1611,1
 0.0046, 0.0000,-3.1384, 3.1415,-0.0042, 0.0000,-0.8689, 0.7518, 1.1611,1
 0.0047, 0.0000,-3.1384, 3.1415, 0.0052, 0.0000,-0.3303, 0.7518, 1.1611,1
 0.0046, 0.0000,-3.1384, 3.1415,-0.0110, 0.0000,-1.2557, 0.7518, 1.1611,1
 0.0042, 0.0000,-3.1415, 3.1415,-0.0325,-0.2513, 4.6799, 0.7518, 1.1611,1
 0.0043, 0.0000,-3.1415, 3.1415,-0.0004,-0.0502, 3.0100, 0.7518, 1.1611,1
 0.0045, 0.0000,-3.1415, 3.1415, 0.0181,-0.0100, 1.7463, 0.7518, 1.1611,1
 0.0045, 0.0000,-3.1415, 3.1415, 0.0036,-0.0020, 0.4643, 0.7518, 1.1611,1
 0.0049, 0.0000,-3.1384, 3.1415, 0.0310, 0.2509,-4.6799, 0.7518, 1.1611,1
 0.0051, 0.0000,-3.1384, 3.1415, 0.0243, 0.0501,-2.1276, 0.7518, 1.1611,1
 0.0052, 0.0000,-3.1384, 3.1415, 0.0109, 0.0100,-0.5705, 0.7518, 1.1611,1
 0.0051, 0.0000,-3.1384, 3.1415,-0.0038, 0.0020,-0.9472, 0.7518, 1.1611,1
 0.0046, 0.0000,-3.1415, 3.1415,-0.0371,-0.2509, 4.6799, 0.7518, 1.1611,1
 0.0045, 0.0000,-3.1415, 3.1415,-0.0195,-0.0501, 1.9324, 0.7518, 1.1611,1
 0.0047, 0.0000,-3.1415, 3.1415, 0.0142,-0.0100, 1.5366, 0.7518, 1.1611,1
 0.0049, 0.0000,-3.1415, 3.1415, 0.0149,-0.0020, 1.1181, 0.7518, 1.1611,1
 0.0052, 0.0000,-3.1384, 3.1415, 0.0272, 0.2509,-4.6799, 0.7518, 1.1611,1
 0.0055, 0.0000,-3.1384, 3.1415, 0.0297, 0.0501,-1.8159, 0.7518, 1.1611,1
 0.0054, 0.0000,-3.1384, 3.1415,-0.0001, 0.0100,-1.1886, 0.7518, 1.1611,1
 0.0053, 0.0000,-3.1384, 3.1415,-0.0060, 0.0020,-1.0651, 0.7518, 1.1611,1
 0.0051, 0.0000,-3.1415, 3.1415,-0.0194,-0.2509, 4.6799, 0.7518, 1.1611,1
 0.0050, 0.0000,-3.1415, 3.1415,-0.0160,-0.0501, 2.1474, 0.7518, 1.1611,1
 0.0052, 0.0000,-3.1415, 3.1415, 0.0149,-0.0100, 1.5911, 0.7518, 1.1611,1
 0.0054, 0.0000,-3.1415, 3.1415, 0.0211,-0.0020, 1.4856, 0.7518, 1.1611,1
 0.0057, 0.0000,-3.1384, 3.1415, 0.0284, 0.2509,-4.6799, 0.7518, 1.1611,1
 0.0059, 0.0000,-3.1384, 3.1415, 0.0238, 0.0501,-2.1301, 0.7518, 1.1611,1
 0.0059, 0.0000,-3.1384, 3.1415, 0.0047, 0.0100,-0.8949, 0.7518, 1.1611,1
 0.0059, 0.0000,-3.1384, 3.1415,-0.0051, 0.0020,-0.9929, 0.7518, 1.1611,1
 0.0057, 0.0000,-3.1384, 3.1415,-0.0131, 0.0004,-1.3595, 0.7518, 1.1611,1
 0.0053, 0.0000,-3.1415, 3.1415,-0.0390,-0.2512, 4.6799, 0.7518, 1.1611,1
 0.0051, 0.0000,-3.1415, 3.1415,-0.0199,-0.0502, 1.9343, 0.7518, 1.1611,1
 0.0052, 0.0000,-3.1415, 3.1415, 0.0020,-0.0100, 0.8622, 0.7518, 1.1611,1
 0.0054, 0.0000,-3.1415, 3.1415, 0.0186,-0.0020, 1.3398, 0.7518, 1.1611,1
 0.0057, 0.0000,-3.1384, 3.1415, 0.0279, 0.2509,-4.6799, 0.7518, 1.1611,1
 0.0059, 0.0000,-3.1384, 3.1415, 0.0177, 0.0501,-2.4809, 0.7518, 1.1611,1
 0.0058, 0.0000,-3.1384, 3.1415,-0.0025, 0.0100,-1.3120, 0.7518, 1.1611,1
 0.0056, 0.0000,-3.1384, 3.1415,-0.0126, 0.0020,-1.4252, 0.7518, 1.1611,1
 0.0054, 0.0000,-3.1384, 3.1415,-0.0207, 0.0004,-1.7967, 0.7518, 1.1611,1
 0.0049, 0.0000,-3.1415, 3.1415,-0.0465,-0.2512, 4.6799, 0.7518, 1.1611,1
 0.0047, 0.0000,-3.1415, 3.1415,-0.0214,-0.0502, 1.8367, 0.7518, 1.1611,1
 0.0049, 0.0000,-3.1415, 3.1415, 0.0078,-0.0100, 1.1782, 0.7518, 1.1611,1
 0.0049, 0.0000,-3.1415, 3.1415, 0.0015,-0.0020, 0.3602, 0.7518, 1.1611,1
 0.0050, 0.0000,-3.1415, 3.1415, 0.0124,-0.0004, 0.8867, 0.7518, 1.1611,1
 0.0056, 0.0000,-3.1384, 3.1415, 0.0449, 0.2512,-4.6799, 0.7518, 1.1611,1
 0.0057, 0.0000,-3.1384, 3.1415, 0.0211, 0.0502,-2.2978, 0.7518, 1.1611,1
 0.0058, 0.0000,-3.1384, 3.1415, 0.0102, 0.0100,-0.5892, 0.7518, 1.1611,1
 0.0056, 0.0000,-3.1384, 3.1415,-0.0161, 0.0020,-1.6257, 0.7518, 1.1611,1
 0.0052, 0.0000,-3.1384, 3.1415,-0.0335, 0.0004,-2.5288, 0.7518, 1.1611,1
 0.0049, 0.0000,-3.1415, 3.1415,-0.0309,-0.2512, 4.6799, 0.7518, 1.1611,1
 0.0046, 0.0000,-3.1415, 3.1415,-0.0243,-0.0502, 1.6683, 0.7518, 1.1611,1
 0.0046, 0.0000,-3.1415, 3.1415,-0.0109,-0.0100, 0.1075, 0.7518, 1.1611,1
 0.0048, 0.0000,-3.1415, 3.1415, 0.0160,-0.0020, 1.1735, 0.7518, 1.1611,1
 0.0053, 0.0000,-3.1384, 3.1415, 0.0395, 0.2509,-4.6799, 0.7518, 1.1611,1
 0.0053, 0.0000,-3.1384, 3.1415, 0.0139, 0.0501,-2.7092, 0.7518, 1.1611,1
 0.0053, 0.0000,-3.1384, 3.1415, 0.0027, 0.0100,-1.0261, 0.7518, 1.1611,1
 0.0052, 0.0000,-3.1384, 3.1415,-0.0115, 0.0020,-1.3795, 0.7518, 1.1611,1
 0.0048, 0.0000,-3.1384, 3.1415,-0.0326, 0.0004,-2.4891, 0.7518, 1.1611,1
 0.0045, 0.0000,-3.1384, 3.1415,-0.0307, 0.0000,-2.3756, 0.7518, 1.1611,1
 0.0039, 0.0000,-3.1415, 3.1415,-0.0546,-0.2513, 4.6799, 0.7518, 1.1611,1
 0.0036, 0.0000,-3.1415, 3.1415,-0.0351,-0.0502, 1.0250, 0.7518, 1.1611,1
 0.0037, 0.0000,-3.1415, 3.1415,-0.0009,-0.0100, 0.6420, 0.7518, 1.1611,1
 0.0037, 0.0000,-3.1415, 3.1415, 0.0058,-0.0020, 0.5673, 0.7518, 1.1611,1
 0.0040, 0.0000,-3.1415, 3.1415, 0.0193,-0.0004, 1.2444, 0.7518, 1.1611,1
 0.0044, 0.0000,-3.1384, 3.1415, 0.0402, 0.2512,-4.6799, 0.7518, 1.1611,1
 0.0047, 0.0000,-3.1384, 3.1415, 0.0323, 0.0502,-1.6966, 0.7518, 1.1611,1
 0.0047, 0.0000,-3.1353, 3.1415, 0.0064, 0.2613,-4.6799, 0.7518, 1.1611,1
 0.0046, 0.0000,-3.1353, 3.1415,-0.0108, 0.0522,-4.6799, 0.7518, 1.1611,1
 0.0042, 0.0000,-3.1384, 3.1415,-0.0324,-0.2408, 4.6799, 0.7518, 1.1611,1
 0.0041, 0.0000,-3.1384, 3.1415,-0.0125,-0.0481, 1.4242, 0.7518, 1.1611,1
 0.0042, 0.0000,-3.1384, 3.1415, 0.0035,-0.0096, 0.1148, 0.7518, 1.1611,1
 0.0041, 0.0000,-3.1353, 3.1415,-0.0053, 0.2493,-4.6799, 0.7518, 1.1611,1
 0.0043, 0.0000,-3.1353, 3.1415, 0.0110, 0.0498,-3.6655, 0.7518, 1.1611,1
 0.0042, 0.0000,-3.1353, 3.1415,-0.0038, 0.0099,-2.2095, 0.7518, 1.1611,1
 0.0040, 0.0000,-3.1353, 3.1415,-0.0189, 0.0019,-2.6103, 0.7518, 1.1611,1
 0.0037, 0.0000,-3.1353, 3.1415,-0.0219, 0.0003,-2.6962, 0.7518, 1.1611,1
 0.0030, 0.0000,-3.1384, 3.1415,-0.0650,-0.2512, 4.6799, 0.7518, 1.1611,1
 0.0028, 0.0000,-3.1384, 3.1415,-0.0311,-0.0502, 0.4476, 0.7518, 1.1611,1
 0.0028, 0.0000,-3.1384, 3.1415,-0.0062,-0.0100,-0.4599, 0.7518, 1.1611,1
 0.0026, 0.0000,-3.1384, 3.1415,-0.0133,-0.0020,-1.3315, 0.7518, 1.1611,1
 0.0025, 0.0000,-3.1384, 3.1415,-0.0087,-0.0004,-1.1646, 0.7518, 1.1611,1
 0.0023, 0.0000,-3.1384, 3.1415,-0.0199,-0.0000,-1.8232, 0.7518, 1.1611,1
 0.0021, 0.0000,-3.1384, 3.1415,-0.0221,-0.0000,-1.9607, 0.7518, 1.1611,1
 0.0018, 0.0000,-3.1384, 3.1415,-0.0286,-0.0000,-2.3389, 0.7518, 1.1611,1
 0.0009, 0.0000,-3.1384, 3.1415,-0.0724,-0.0000,-4.6799, 0.7518, 1.1611,1
 0.0003, 0.0000,-3.1415, 3.1415,-0.0629,-0.2513, 0.0000, 0.7518, 1.1611,1
-0.0003, 0.0000,-3.1415, 3.1415,-0.0671,-0.0502, 0.0000, 0.7518, 1.1611,1
-0.0010, 0.0000,-3.1447, 3.1415,-0.0740,-0.2613, 4.6799, 0.7518, 1.1611,1
-0.0014, 0.0000,-3.1447, 3.1415,-0.0451,-0.0522, 1.1941, 0.7518, 1.1611,1
-0.0016, 0.0000,-3.1447, 3.1415,-0.0272,-0.0104,-0.2122, 0.7518, 1.1611,1
-0.0019, 0.0000,-3.1447, 3.1415,-0.0296,-0.0020,-0.8443, 0.7518, 1.1611,1
-0.0019, 0.0000,-3.1447, 3.1415,-0.0059,-0.0004, 0.4017, 0.7518, 1.1611,1
-0.0020, 0.0000,-3.1447, 3.1415,-0.0072,-0.0000, 0.3058, 0.7518, 1.1611,1
-0.0021, 0.0000,-3.1447, 3.1415,-0.0075,-0.0000, 0.2848, 0.7518, 1.1611,1
-0.0019, 0.0000,-3.1415, 3.1415, 0.0106, 0.2513,-4.6799, 0.7518, 1.1611,1
-0.0019, 0.0000,-3.1415, 3.1415, 0.0021, 0.0502,-2.8406, 0.7518, 1.1611,1
-0.0021, 0.0000,-3.1415, 3.1415,-0.0117, 0.0100,-1.3080, 0.7518, 1.1611,1
-0.0024, 0.0000,-3.1415, 3.1415,-0.0265, 0.0020,-1.6954, 0.7518, 1.1611,1
-0.0029, 0.0000,-3.1415, 3.1415,-0.0477, 0.0004,-2.8156, 0.7518, 1.1611,1
-0.0036, 0.0000,-3.1447, 3.1415,-0.0641,-0.2512, 4.6799, 0.7518, 1.1611,1
-0.0040, 0.0000,-3.1447, 3.1415,-0.0492,-0.0502, 0.7631, 0.7518, 1.1611,1
-0.0043, 0.0000,-3.1447, 3.1415,-0.0280,-0.0100,-0.3655, 0.7518, 1.1611,1
-0.0045, 0.0000,-3.1447, 3.1415,-0.0237,-0.0020,-0.5970, 0.7518, 1.1611,1
-0.0046, 0.0000,-3.1447, 3.1415,-0.0168,-0.0004,-0.3040, 0.7518, 1.1611,1
-0.0050, 0.0000,-3.1447, 3.1415,-0.0276,-0.0000,-0.9393, 0.7518, 1.1611,1
-0.0053, 0.0000,-3.1447, 3.1415,-0.0358,-0.0000,-1.4191, 0.7518, 1.1611,1
-0.0057, 0.0000,-3.1478, 3.1415,-0.0374,-0.2513, 4.6799, 0.7518, 1.1611,1
-0.0061, 0.0000,-3.1478, 3.1415,-0.0378,-0.0502, 2.1182, 0.7518, 1.1611,1
-0.0062, 0.0000,-3.1478, 3.1415,-0.0196,-0.0100, 0.8190, 0.7518, 1.1611,1
-0.0060, 0.0000,-3.1478, 3.1415, 0.0142,-0.0020, 2.2804, 0.7518, 1.1611,1
-0.0057, 0.0000,-3.1447, 3.1415, 0.0271, 0.2509,-4.6799, 0.7518, 1.1611,1
-0.0057, 0.0000,-3.1447, 3.1415, 0.0054, 0.0501,-1.9938, 0.7518, 1.1611,1
-0.0057, 0.0000,-3.1447, 3.1415, 0.0010, 0.0100, 0.0759, 0.7518, 1.1611,1
-0.0057, 0.0000,-3.1447, 3.1415, 0.0002, 0.0020, 0.4898, 0.7518, 1.1611,1
-0.0057, 0.0000,-3.1415, 3.1415, 0.0000, 0.2517,-4.6799, 0.7518, 1.1611,1
-0.0059, 0.0000,-3.1415, 3.1415,-0.0121, 0.0503,-3.7748, 0.7518, 1.1611,1
-0.0060, 0.0000,-3.1415, 3.1415,-0.0145, 0.0100,-1.5945, 0.7518, 1.1611,1
-0.0064, 0.0000,-3.1415, 3.1415,-0.0332, 0.0020,-2.1974, 0.7518, 1.1611,1
-0.0068, 0.0000,-3.1415, 3.1415,-0.0430, 0.0004,-2.6726, 0.7518, 1.1611,1
-0.0075, 0.0000,-3.1447, 3.1415,-0.0631,-0.2512, 4.6799, 0.7518, 1.1611,1
-0.0081, 0.0000,-3.1478, 3.1415,-0.0550,-0.3015, 4.6799, 0.7518, 1.1611,1
-0.0081, 0.0000,-3.1478, 3.1415,-0.0170,-0.0603, 3.8046, 0.7518, 1.1611,1
-0.0079, 0.0000,-3.1447, 3.1415, 0.0147, 0.2392,-4.6799, 0.7518, 1.1611,1
-0.0081, 0.0000,-3.1447, 3.1415,-0.0091, 0.0478,-2.7583, 0.7518, 1.1611,1
-0.0082, 0.0000,-3.1447, 3.1415,-0.0139, 0.0095,-0.8264, 0.7518, 1.1611,1
-0.0084, 0.0000,-3.1447, 3.1415,-0.0149, 0.0019,-0.4439, 0.7518, 1.1611,1
-0.0087, 0.0000,-3.1447, 3.1415,-0.0272, 0.0003,-1.0612, 0.7518, 1.1611,1
-0.0090, 0.0000,-3.1447, 3.1415,-0.0357, 0.0000,-1.5374, 0.7518, 1.1611,1
-0.0097, 0.0000,-3.1478, 3.1415,-0.0556,-0.2512, 4.6799, 0.7518, 1.1611,1
-0.0100, 0.0000,-3.1478, 3.1415,-0.0353,-0.0502, 2.1330, 0.7518, 1.1611,1
-0.0099, 0.0000,-3.1478, 3.1415,-0.0010,-0.0100, 1.7592, 0.7518, 1.1611,1
-0.0097, 0.0000,-3.1478, 3.1415, 0.0119,-0.0020, 2.0314, 0.7518, 1.1611,1
-0.0097, 0.0000,-3.1478, 3.1415, 0.0084,-0.0004, 1.7446, 0.7518, 1.1611,1
-0.0091, 0.0000,-3.1447, 3.1415, 0.0441, 0.2512,-4.6799, 0.7518, 1.1611,1
-0.0088, 0.0000,-3.1415, 3.1415, 0.0330, 0.3015,-4.6799, 0.7518, 1.1611,1
-0.0088, 0.0000,-3.1415, 3.1415, 0.0066, 0.0603,-3.3844, 0.7518, 1.1611,1
-0.0090, 0.0000,-3.1415, 3.1415,-0.0168, 0.0120,-1.9363, 0.7518, 1.1611,1
-0.0096, 0.0000,-3.1447, 3.1415,-0.0458,-0.2489, 4.6799, 0.7518, 1.1611,1
-0.0096, 0.0000,-3.1447, 3.1415,-0.0091,-0.0497, 2.8239, 0.7518, 1.1611,1
-0.0095, 0.0000,-3.1447, 3.1415, 0.0042,-0.0099, 1.2867, 0.7518, 1.1611,1
-0.0097, 0.0000,-3.1447, 3.1415,-0.0112,-0.0019,-0.0538, 0.7518, 1.1611,1
-0.0094, 0.0000,-3.1415, 3.1415, 0.0159, 0.2509,-4.6799, 0.7518, 1.1611,1
-0.0094, 0.0000,-3.1415, 3.1415, 0.0031, 0.0501,-3.0133, 0.7518, 1.1611,1
-0.0096, 0.0000,-3.1415, 3.1415,-0.0114, 0.0100,-1.5324, 0.7518, 1.1611,1
-0.0097, 0.0000,-3.1447, 3.1415,-0.0144,-0.2493, 4.6799, 0.7518, 1.1611,1
-0.0100, 0.0000,-3.1447, 3.1415,-0.0271,-0.0498, 1.7985, 0.7518, 1.1611,1
-0.0100, 0.0000,-3.1447, 3.1415,-0.0054,-0.0099, 0.7251, 0.7518, 1.1611,1
-0.0097, 0.0000,-3.1415, 3.1415, 0.0231, 0.2493,-4.6799, 0.7518, 1.1611,1
-0.0097, 0.0000,-3.1415, 3.1415, 0.0106, 0.0498,-2.5777, 0.7518, 1.1611,1
-0.0097, 0.0000,-3.1415, 3.1415, 0.0021, 0.0099,-0.7609, 0.7518, 1.1611,1
-0.0098, 0.0000,-3.1415, 3.1415,-0.0116, 0.0019,-1.0876, 0.7518, 1.1611,1
-0.0101, 0.0000,-3.1415, 3.1415,-0.0265, 0.0003,-1.8469, 0.7518, 1.1611,1
-0.0106, 0.0000,-3.1415, 3.1415,-0.0416, 0.0000,-2.6964, 0.7518, 1.1611,1
-0.0110, 0.0000,-3.1447, 3.1415,-0.0447,-0.2513, 4.6799, 0.7518, 1.1611,1
-0.0113, 0.0000,-3.1447, 3.1415,-0.0331,-0.0502, 1.4383, 0.7518, 1.1611,1
-0.0112, 0.0000,-3.1447, 3.1415,-0.0005,-0.0100, 0.9655, 0.7518, 1.1611,1
-0.0112, 0.0000,-3.1447, 3.1415, 0.0059,-0.0020, 0.8728, 0.7518, 1.1611,1
-0.0111, 0.0000,-3.1415, 3.1415, 0.0072, 0.2509,-4.6799, 0.7518, 1.1611,1
-0.0111, 0.0000,-3.1415, 3.1415, 0.0014, 0.0501,-3.1641, 0.7518, 1.1611,1
-0.0111, 0.0000,-3.1415, 3.1415, 0.0002, 0.0100,-0.9146, 0.7518, 1.1611,1
-0.0114, 0.0000,-3.1415, 3.1415,-0.0241, 0.0020,-1.8449, 0.7518, 1.1611,1
-0.0119, 0.0000,-3.1447, 3.1415,-0.0472,-0.2509, 4.6799, 0.7518, 1.1611,1
-0.0121, 0.0000,-3.1447, 3.1415,-0.0215,-0.0501, 2.0662, 0.7518, 1.1611,1
-0.0121, 0.0000,-3.1447, 3.1415,-0.0043,-0.0100, 0.7268, 0.7518, 1.1611,1
-0.0121, 0.0000,-3.1447, 3.1415,-0.0008,-0.0020, 0.4590, 0.7518, 1.1611,1
-0.0118, 0.0000,-3.1415, 3.1415, 0.0180, 0.2509,-4.6799, 0.7518, 1.1611,1
-0.0118, 0.0000,-3.1415, 3.1415, 0.0096, 0.0501,-2.7214, 0.7518, 1.1611,1
-0.0118, 0.0000,-3.1415, 3.1415,-0.0041, 0.0100,-1.1884, 0.7518, 1.1611,1
-0.0120, 0.0000,-3.1415, 3.1415,-0.0129, 0.0020,-1.2287, 0.7518, 1.1611,1
-0.0124, 0.0000,-3.1447, 3.1415,-0.0329,-0.2509, 4.6799, 0.7518, 1.1611,1
-0.0126, 0.0000,-3.1447, 3.1415,-0.0247,-0.0501, 1.8693, 0.7518, 1.1611,1
-0.0125, 0.0000,-3.1447, 3.1415, 0.0011,-0.0100, 1.0191, 0.7518, 1.1611,1
-0.0123, 0.0000,-3.1415, 3.1415, 0.0184, 0.2493,-4.6799, 0.7518, 1.1611,1
-0.0123, 0.0000,-3.1415, 3.1415, 0.0036, 0.0498,-3.0578, 0.7518, 1.1611,1
-0.0123, 0.0000,-3.1415, 3.1415, 0.0007, 0.0099,-0.9241, 0.7518, 1.1611,1
-0.0125, 0.0000,-3.1415, 3.1415,-0.0119, 0.0019,-1.1874, 0.7518, 1.1611,1
-0.0128, 0.0000,-3.1415, 3.1415,-0.0327, 0.0003,-2.2789, 0.7518, 1.1611,1
-0.0132, 0.0000,-3.1447, 3.1415,-0.0368,-0.2512, 4.6799, 0.7518, 1.1611,1
-0.0134, 0.0000,-3.1447, 3.1415,-0.0255,-0.0502, 1.8019, 0.7518, 1.1611,1
-0.0134, 0.0000,-3.1447, 3.1415, 0.0009,-0.0100, 0.9845, 0.7518, 1.1611,1
-0.0131, 0.0000,-3.1447, 3.1415, 0.0183,-0.0020, 1.5130, 0.7518, 1.1611,1
-0.0128, 0.0000,-3.1415, 3.1415, 0.0339, 0.2509,-4.6799, 0.7518, 1.1611,1
-0.0126, 0.0000,-3.1415, 3.1415, 0.0189, 0.0501,-2.2246, 0.7518, 1.1611,1
-0.0127, 0.0000,-3.1415, 3.1415,-0.0022, 0.0100,-1.1101, 0.7518, 1.1611,1
-0.0128, 0.0000,-3.1415, 3.1415,-0.0065, 0.0020,-0.8891, 0.7518, 1.1611,1
-0.0131, 0.0000,-3.1415, 3.1415,-0.0316, 0.0004,-2.2270, 0.7518, 1.1611,1
-0.0135, 0.0000,-3.1415, 3.1415,-0.0366, 0.0000,-2.5041, 0.7518, 1.1611,1
-0.0140, 0.0000,-3.1447, 3.1415,-0.0497,-0.2513, 4.6799, 0.7518, 1.1611,1
-0.0144, 0.0000,-3.1447, 3.1415,-0.0342,-0.0502, 1.2854, 0.7518, 1.1611,1
-0.0144, 0.0000,-3.1447, 3.1415,-0.0068,-0.0100, 0.5132, 0.7518, 1.1611,1
-0.0143, 0.0000,-3.1447, 3.1415, 0.0046,-0.0020, 0.7037, 0.7518, 1.1611,1
-0.0140, 0.0000,-3.1447, 3.1415, 0.0191,-0.0004, 1.4338, 0.7518, 1.1611,1
-0.0136, 0.0000,-3.1415, 3.1415, 0.0402, 0.2512,-4.6799, 0.7518, 1.1611,1
-0.0133, 0.0000,-3.1415, 3.1415, 0.0322, 0.0502,-1.4944, 0.7518, 1.1611,1
-0.0133, 0.0000,-3.1384, 3.1415, 0.0064, 0.2613,-4.6799, 0.7518, 1.1611,1
-0.0135, 0.0000,-3.1415, 3.1415,-0.0168,-0.1990, 4.6799, 0.7518, 1.1611,1
-0.0135, 0.0000,-3.1415, 3.1415,-0.0033,-0.0398, 1.6755, 0.7518, 1.1611,1
-0.0134, 0.0000,-3.1384, 3.1415, 0.0114, 0.2433,-4.6799, 0.7518, 1.1611,1
-0.0134, 0.0000,-3.1384, 3.1415,-0.0037, 0.0486,-4.2220, 0.7518, 1.1611,1
-0.0136, 0.0000,-3.1384, 3.1415,-0.0128, 0.0097,-2.4961, 0.7518, 1.1611,1
-0.0138, 0.0000,-3.1384, 3.1415,-0.0207, 0.0019,-2.4998, 0.7518, 1.1611,1
-0.0141, 0.0000,-3.1415, 3.1415,-0.0284,-0.2509, 4.6799, 0.7518, 1.1611,1
-0.0143, 0.0000,-3.1415, 3.1415,-0.0178,-0.0501, 1.4346, 0.7518, 1.1611,1
-0.0143, 0.0000,-3.1415, 3.1415,-0.0035,-0.0100,-0.0754, 0.7518, 1.1611,1
-0.0143, 0.0000,-3.1384, 3.1415,-0.0007, 0.2493,-4.6799, 0.7518, 1.1611,1
-0.0143, 0.0000,-3.1384, 3.1415,-0.0001, 0.0498,-4.1118, 0.7518, 1.1611,1
-0.0144, 0.0000,-3.1384, 3.1415,-0.0121, 0.0099,-2.4952, 0.7518, 1.1611,1
-0.0149, 0.0000,-3.1415, 3.1415,-0.0388,-0.2493, 4.6799, 0.7518, 1.1611,1
-0.0151, 0.0000,-3.1415, 3.1415,-0.0259,-0.0498, 0.9295, 0.7518, 1.1611,1
-0.0151, 0.0000,-3.1415, 3.1415,-0.0051,-0.0099,-0.1975, 0.7518, 1.1611,1
-0.0151, 0.0000,-3.1384, 3.1415,-0.0010, 0.2493,-4.6799, 0.7518, 1.1611,1
-0.0152, 0.0000,-3.1384, 3.1415,-0.0062, 0.0498,-4.4871, 0.7518, 1.1611,1
-0.0154, 0.0000,-3.1384, 3.1415,-0.0194, 0.0099,-2.9383, 0.7518, 1.1611,1
-0.0157, 0.0000,-3.1415, 3.1415,-0.0281,-0.2493, 4.6799, 0.7518, 1.1611,1
-0.0159, 0.0000,-3.1415, 3.1415,-0.0177,-0.0498, 1.3688, 0.7518, 1.1611,1
-0.0158, 0.0000,-3.1415, 3.1415, 0.0025,-0.0099, 0.2161, 0.7518, 1.1611,1
-0.0156, 0.0000,-3.1384, 3.1415, 0.0126, 0.2493,-4.6799, 0.7518, 1.1611,1
-0.0155, 0.0000,-3.1384, 3.1415, 0.0146, 0.0498,-3.3143, 0.7518, 1.1611,1
-0.0154, 0.0000,-3.1384, 3.1415, 0.0089, 0.0099,-1.3313, 0.7518, 1.1611,1
-0.0157, 0.0000,-3.1384, 3.1415,-0.0224, 0.0019,-2.6579, 0.7518, 1.1611,1
-0.0161, 0.0000,-3.1384, 3.1415,-0.0348, 0.0003,-3.2759, 0.7518, 1.1611,1
-0.0167, 0.0000,-3.1384, 3.1415,-0.0554, 0.0000,-4.4442, 0.7518, 1.1611,1
-0.0175, 0.0000,-3.1415, 3.1415,-0.0717,-0.2513, 4.6799, 0.7518, 1.1611,1
-0.0178, 0.0000,-3.1415, 3.1415,-0.0446,-0.0502,-0.1911, 0.7518, 1.1611,1
-0.0184, 0.0000,-3.1447, 3.1415,-0.0513,-0.2613, 4.6799, 0.7518, 1.1611,1
-0.0186, 0.0000,-3.1447, 3.1415,-0.0284,-0.0522, 1.5918, 0.7518, 1.1611,1
-0.0185, 0.0000,-3.1447, 3.1415, 0.0003,-0.0104, 0.8121, 0.7518, 1.1611,1
-0.0183, 0.0000,-3.1415, 3.1415, 0.0182, 0.2492,-4.6799, 0.7518, 1.1611,1
-0.0182, 0.0000,-3.1415, 3.1415, 0.0097, 0.0498,-2.9029, 0.7518, 1.1611,1
-0.0184, 0.0000,-3.1415, 3.1415,-0.0101, 0.0099,-1.7327, 0.7518, 1.1611,1
-0.0186, 0.0000,-3.1415, 3.1415,-0.0202, 0.0019,-1.8475, 0.7518, 1.1611,1
-0.0191, 0.0000,-3.1415, 3.1415,-0.0464, 0.0003,-3.2563, 0.7518, 1.1611,1
-0.0197, 0.0000,-3.1447, 3.1415,-0.0578,-0.2512, 4.6799, 0.7518, 1.1611,1
-0.0202, 0.0000,-3.1447, 3.1415,-0.0479,-0.0502, 0.3240, 0.7518, 1.1611,1
-0.0204, 0.0000,-3.1447, 3.1415,-0.0277,-0.0100,-0.8617, 0.7518, 1.1611,1
-0.0205, 0.0000,-3.1447, 3.1415,-0.0116,-0.0020,-0.4146, 0.7518, 1.1611,1
-0.0207, 0.0000,-3.1447, 3.1415,-0.0205,-0.0004,-1.0171, 0.7518, 1.1611,1
-0.0211, 0.0000,-3.1447, 3.1415,-0.0344,-0.0000,-1.8335, 0.7518, 1.1611,1
-0.0214, 0.0000,-3.1478, 3.1415,-0.0311,-0.2513, 4.6799, 0.7518, 1.1611,1
-0.0216, 0.0000,-3.1478, 3.1415,-0.0244,-0.0502, 2.3840, 0.7518, 1.1611,1
-0.0216, 0.0000,-3.1478, 3.1415,-0.0048,-0.0100, 1.1691, 0.7518, 1.1611,1
-0.0216, 0.0000,-3.1478, 3.1415, 0.0050,-0.0020, 1.2712, 0.7518, 1.1611,1
-0.0212, 0.0000,-3.1447, 3.1415, 0.0313, 0.2509,-4.6799, 0.7518, 1.1611,1
-0.0211, 0.0000,-3.1447, 3.1415, 0.0123, 0.0501,-2.0900, 0.7518, 1.1611,1
-0.0212, 0.0000,-3.1447, 3.1415,-0.0096, 0.0100,-1.0225, 0.7518, 1.1611,1
-0.0216, 0.0000,-3.1447, 3.1415,-0.0261, 0.0020,-1.5029, 0.7518, 1.1611,1
-0.0220, 0.0000,-3.1447, 3.1415,-0.0416, 0.0004,-2.2967, 0.7518, 1.1611,1
-0.0225, 0.0000,-3.1478, 3.1415,-0.0507,-0.2512, 4.6799, 0.7518, 1.1611,1
-0.0229, 0.0000,-3.1478, 3.1415,-0.0404,-0.0502, 1.4350, 0.7518, 1.1611,1
-0.0230, 0.0000,-3.1478, 3.1415,-0.0141,-0.0100, 0.6017, 0.7518, 1.1611,1
-0.0230, 0.0000,-3.1478, 3.1415,-0.0028,-0.0020, 0.7781, 0.7518, 1.1611,1
-0.0228, 0.0000,-3.1478, 3.1415, 0.0115,-0.0004, 1.5035, 0.7518, 1.1611,1
-0.0225, 0.0000,-3.1447, 3.1415, 0.0265, 0.2512,-4.6799, 0.7518, 1.1611,1
-0.0225, 0.0000,-3.1447, 3.1415, 0.0113, 0.0502,-2.1907, 0.7518, 1.1611,1
-0.0226, 0.0000,-3.1447, 3.1415,-0.0098, 0.0100,-1.0772, 0.7518, 1.1611,1
-0.0229, 0.0000,-3.1447, 3.1415,-0.0262, 0.0020,-1.5484, 0.7518, 1.1611,1
-0.0234, 0.0000,-3.1478, 3.1415,-0.0416,-0.2509, 4.6799, 0.7518, 1.1611,1
-0.0237, 0.0000,-3.1478, 3.1415,-0.0325,-0.0501, 1.8533, 0.7518, 1.1611,1
-0.0237, 0.0000,-3.1478, 3.1415,-0.0065,-0.0100, 1.0112, 0.7518, 1.1611,1
-0.0236, 0.0000,-3.1478, 3.1415, 0.0047,-0.0020, 1.1878, 0.7518, 1.1611,1
-0.0234, 0.0000,-3.1447, 3.1415, 0.0191, 0.2509,-4.6799, 0.7518, 1.1611,1
-0.0232, 0.0000,-3.1447, 3.1415, 0.0159, 0.0501,-1.9522, 0.7518, 1.1611,1
-0.0234, 0.0000,-3.1447, 3.1415,-0.0089, 0.0100,-1.0487, 0.7518, 1.1611,1
-0.0237, 0.0000,-3.1447, 3.1415,-0.0260, 0.0020,-1.5618, 0.7518, 1.1611,1
-0.0241, 0.0000,-3.1478, 3.1415,-0.0415,-0.2509, 4.6799, 0.7518, 1.1611,1
-0.0243, 0.0000,-3.1478, 3.1415,-0.0204,-0.0501, 2.5198, 0.7518, 1.1611,1
-0.0244, 0.0000,-3.1478, 3.1415,-0.0101,-0.0100, 0.7841, 0.7518, 1.1611,1
-0.0242, 0.0000,-3.1478, 3.1415, 0.0100,-0.0020, 1.4702, 0.7518, 1.1611,1
-0.0241, 0.0000,-3.1478, 3.1415, 0.0141,-0.0004, 1.6112, 0.7518, 1.1611,1
-0.0237, 0.0000,-3.1447, 3.1415, 0.0270, 0.2512,-4.6799, 0.7518, 1.1611,1
-0.0236, 0.0000,-3.1447, 3.1415, 0.0175, 0.0502,-1.8782, 0.7518, 1.1611,1
-0.0237, 0.0000,-3.1447, 3.1415,-0.0086, 0.0100,-1.0435, 0.7518, 1.1611,1
-0.0240, 0.0000,-3.1447, 3.1415,-0.0199, 0.0020,-1.2254, 0.7518, 1.1611,1
-0.0244, 0.0000,-3.1478, 3.1415,-0.0342,-0.2509, 4.6799, 0.7518, 1.1611,1
-0.0244, 0.0000,-3.1478, 3.1415,-0.0129,-0.0501, 2.9400, 0.7518, 1.1611,1
-0.0244, 0.0000,-3.1478, 3.1415,-0.0025,-0.0100, 1.2094, 0.7518, 1.1611,1
-0.0243, 0.0000,-3.1478, 3.1415, 0.0116,-0.0020, 1.5533, 0.7518, 1.1611,1
-0.0241, 0.0000,-3.1447, 3.1415, 0.0205, 0.2509,-4.6799, 0.7518, 1.1611,1
-0.0240, 0.0000,-3.1447, 3.1415, 0.0101, 0.0501,-2.3033, 0.7518, 1.1611,1
-0.0241, 0.0000,-3.1447, 3.1415,-0.0100, 0.0100,-1.1381, 0.7518, 1.1611,1
-0.0244, 0.0000,-3.1478, 3.1415,-0.0262,-0.2493, 4.6799, 0.7518, 1.1611,1
-0.0244, 0.0000,-3.1478, 3.1415,-0.0052,-0.0498, 3.3549, 0.7518, 1.1611,1
-0.0243, 0.0000,-3.1478, 3.1415, 0.0110,-0.0099, 1.9824, 0.7518, 1.1611,1
-0.0241, 0.0000,-3.1478, 3.1415, 0.0143,-0.0019, 1.7117, 0.7518, 1.1611,1
-0.0240, 0.0000,-3.1478, 3.1415, 0.0149,-0.0003, 1.6614, 0.7518, 1.1611,1
-0.0235, 0.0000,-3.1447, 3.1415, 0.0393, 0.2512,-4.6799, 0.7518, 1.1611,1
-0.0234, 0.0000,-3.1447, 3.1415, 0.0200, 0.0502,-1.7320, 0.7518, 1.1611,1
-0.0234, 0.0000,-3.1447, 3.1415,-0.0020, 0.0100,-0.6634, 0.7518, 1.1611,1
-0.0236, 0.0000,-3.1447, 3.1415,-0.0125, 0.0020,-0.7967, 0.7518, 1.1611,1
-0.0239, 0.0000,-3.1478, 3.1415,-0.0267,-0.2509, 4.6799, 0.7518, 1.1611,1
-0.0240, 0.0000,-3.1478, 3.1415,-0.0114,-0.0501, 3.0396, 0.7518, 1.1611,1
-0.0240, 0.0000,-3.1478, 3.1415,-0.0022,-0.0100, 1.2408, 0.7518, 1.1611,1
-0.0238, 0.0000,-3.1478, 3.1415, 0.0116,-0.0020, 1.5711, 0.7518, 1.1611,1
-0.0235, 0.0000,-3.1478, 3.1415, 0.0265,-0.0004, 2.3310, 0.7518, 1.1611,1
-0.0231, 0.0000,-3.1447, 3.1415, 0.0416, 0.2512,-4.6799, 0.7518, 1.1611,1
-0.0229, 0.0000,-3.1447, 3.1415, 0.0204, 0.0502,-1.6914, 0.7518, 1.1611,1
-0.0230, 0.0000,-3.1447, 3.1415,-0.0019, 0.0100,-0.6438, 0.7518, 1.1611,1
-0.0232, 0.0000,-3.1447, 3.1415,-0.0185, 0.0020,-1.1263, 0.7518, 1.1611,1
-0.0235, 0.0000,-3.1478, 3.1415,-0.0279,-0.2509, 4.6799, 0.7518, 1.1611,1
-0.0235, 0.0000,-3.1478, 3.1415,-0.0055,-0.0501, 3.3830, 0.7518, 1.1611,1
-0.0235, 0.0000,-3.1478, 3.1415,-0.0011,-0.0100, 1.3210, 0.7518, 1.1611,1
-0.0234, 0.0000,-3.1478, 3.1415, 0.0119,-0.0020, 1.5986, 0.7518, 1.1611,1
-0.0231, 0.0000,-3.1478, 3.1415, 0.0205,-0.0004, 2.0030, 0.7518, 1.1611,1
-0.0227, 0.0000,-3.1478, 3.1415, 0.0404,-0.0000, 3.1247, 0.7518, 1.1611,1
-0.0222, 0.0000,-3.1447, 3.1415, 0.0444, 0.2512,-4.6799, 0.7518, 1.1611,1
-0.0220, 0.0000,-3.1447, 3.1415, 0.0270, 0.0502,-1.2893, 0.7518, 1.1611,1
-0.0221, 0.0000,-3.1447, 3.1415,-0.0006, 0.0100,-0.5404, 0.7518, 1.1611,1
-0.0222, 0.0000,-3.1447, 3.1415,-0.0061, 0.0020,-0.3925, 0.7518, 1.1611,1
-0.0225, 0.0000,-3.1478, 3.1415,-0.0254,-0.2509, 4.6799, 0.7518, 1.1611,1
-0.0226, 0.0000,-3.1478, 3.1415,-0.0172,-0.0501, 2.7545, 0.7518, 1.1611,1
-0.0225, 0.0000,-3.1478, 3.1415, 0.0026,-0.0100, 1.5633, 0.7518, 1.1611,1
-0.0224, 0.0000,-3.1478, 3.1415, 0.0126,-0.0020, 1.6720, 0.7518, 1.1611,1
-0.0222, 0.0000,-3.1478, 3.1415, 0.0207,-0.0004, 2.0426, 0.7518, 1.1611,1
-0.0217, 0.0000,-3.1478, 3.1415, 0.0405,-0.0000, 3.1576, 0.7518, 1.1611,1
-0.0212, 0.0000,-3.1478, 3.1415, 0.0505,-0.0000, 3.7371, 0.7518, 1.1611,1
-0.0206, 0.0000,-3.1447, 3.1415, 0.0525, 0.2513,-4.6799, 0.7518, 1.1611,1
-0.0203, 0.0000,-3.1447, 3.1415, 0.0347, 0.0502,-0.8029, 0.7518, 1.1611,1
-0.0203, 0.0000,-3.1447, 3.1415, 0.0130, 0.0100, 0.2890, 0.7518, 1.1611,1
-0.0201, 0.0000,-3.1447, 3.1415, 0.0147, 0.0020, 0.8544, 0.7518, 1.1611,1
-0.0199, 0.0000,-3.1447, 3.1415, 0.0211, 0.0004, 1.3163, 0.7518, 1.1611,1
-0.0197, 0.0000,-3.1447, 3.1415, 0.0224, 0.0000, 1.4145, 0.7518, 1.1611,1
-0.0194, 0.0000,-3.1447, 3.1415, 0.0287, 0.0000, 1.7849, 0.7518, 1.1611,1
-0.0190, 0.0000,-3.1415, 3.1415, 0.0360, 0.2513,-4.6799, 0.7518, 1.1611,1
-0.0187, 0.0000,-3.1415, 3.1415, 0.0254, 0.0502,-2.0574, 0.7518, 1.1611,1
-0.0187, 0.0000,-3.1415, 3.1415, 0.0050, 0.0100,-0.8869, 0.7518, 1.1611,1
-0.0190, 0.0000,-3.1447, 3.1415,-0.0232,-0.2493, 4.6799, 0.7518, 1.1611,1
-0.0190, 0.0000,-3.1447, 3.1415, 0.0014,-0.0498, 3.1292, 0.7518, 1.1611,1
-0.0187, 0.0000,-3.1447, 3.1415, 0.0184,-0.0099, 1.8000, 0.7518, 1.1611,1
-0.0185, 0.0000,-3.1447, 3.1415, 0.0218,-0.0019, 1.5400, 0.7518, 1.1611,1
-0.0183, 0.0000,-3.1447, 3.1415, 0.0225,-0.0003, 1.4937, 0.7518, 1.1611,1
-0.0177, 0.0000,-3.1447, 3.1415, 0.0530,-0.0000, 3.2153, 0.7518, 1.1611,1
-0.0169, 0.0000,-3.1415, 3.1415, 0.0712, 0.2513,-4.6799, 0.7518, 1.1611,1
-0.0165, 0.0000,-3.1415, 3.1415, 0.0445, 0.0502,-0.9049, 0.7518, 1.1611,1
-0.0164, 0.0000,-3.1415, 3.1415, 0.0210, 0.0100, 0.0891, 0.7518, 1.1611,1
-0.0161, 0.0000,-3.1415, 3.1415, 0.0284, 0.0020, 0.9818, 0.7518, 1.1611,1
-0.0158, 0.0000,-3.1415, 3.1415, 0.0299, 0.0004, 1.1680, 0.7518, 1.1611,1
-0.0155, 0.0000,-3.1415, 3.1415, 0.0302, 0.0000, 1.2129, 0.7518, 1.1611,1
-0.0151, 0.0000,-3.1384, 3.1415, 0.0363, 0.2513,-4.6799, 0.7518, 1.1611,1
-0.0148, 0.0000,-3.1384, 3.1415, 0.0315, 0.0502,-2.3624, 0.7518, 1.1611,1
-0.0147, 0.0000,-3.1384, 3.1415, 0.0184, 0.0100,-0.7786, 0.7518, 1.1611,1
-0.0147, 0.0000,-3.1415, 3.1415,-0.0023,-0.2493, 4.6799, 0.7518, 1.1611,1
-0.0147, 0.0000,-3.1415, 3.1415,-0.0004,-0.0498, 2.3810, 0.7518, 1.1611,1
-0.0146, 0.0000,-3.1415, 3.1415, 0.0120,-0.0099, 0.7923, 0.7518, 1.1611,1
-0.0142, 0.0000,-3.1415, 3.1415, 0.0327,-0.0019, 1.5135, 0.7518, 1.1611,1
-0.0137, 0.0000,-3.1415, 3.1415, 0.0429,-0.0003, 2.0123, 0.7518, 1.1611,1
-0.0132, 0.0000,-3.1384, 3.1415, 0.0510, 0.2512,-4.6799, 0.7518, 1.1611,1
-0.0128, 0.0000,-3.1384, 3.1415, 0.0405, 0.0502,-1.7906, 0.7518, 1.1611,1
-0.0127, 0.0000,-3.1384, 3.1415, 0.0202, 0.0100,-0.6144, 0.7518, 1.1611,1
-0.0128, 0.0000,-3.1384, 3.1415,-0.0020, 0.0020,-1.4104, 0.7518, 1.1611,1
-0.0129, 0.0000,-3.1384, 3.1415,-0.0125, 0.0004,-1.9166, 0.7518, 1.1611,1
-0.0132, 0.0000,-3.1415, 3.1415,-0.0267,-0.2512, 4.6799, 0.7518, 1.1611,1
-0.0134, 0.0000,-3.1415, 3.1415,-0.0174,-0.0502, 1.4856, 0.7518, 1.1611,1
-0.0132, 0.0000,-3.1415, 3.1415, 0.0086,-0.0100, 0.6477, 0.7518, 1.1611,1
-0.0130, 0.0000,-3.1415, 3.1415, 0.0199,-0.0020, 0.8290, 0.7518, 1.1611,1
-0.0127, 0.0000,-3.1415, 3.1415, 0.0282,-0.0004, 1.2161, 0.7518, 1.1611,1
-0.0123, 0.0000,-3.1415, 3.1415, 0.0359,-0.0000, 1.6462, 0.7518, 1.1611,1
-0.0118, 0.0000,-3.1384, 3.1415, 0.0496, 0.2513,-4.6799, 0.7518, 1.1611,1
-0.0114, 0.0000,-3.1384, 3.1415, 0.0402, 0.0502,-1.7616, 0.7518, 1.1611,1
-0.0113, 0.0000,-3.1384, 3.1415, 0.0141, 0.0100,-0.9172, 0.7518, 1.1611,1
-0.0114, 0.0000,-3.1384, 3.1415,-0.0032, 0.0020,-1.4365, 0.7518, 1.1611,1
-0.0116, 0.0000,-3.1415, 3.1415,-0.0188,-0.2509, 4.6799, 0.7518, 1.1611,1
-0.0117, 0.0000,-3.1415, 3.1415,-0.0098,-0.0501, 1.9667, 0.7518, 1.1611,1
-0.0116, 0.0000,-3.1415, 3.1415, 0.0040,-0.0100, 0.4411, 0.7518, 1.1611,1
-0.0114, 0.0000,-3.1415, 3.1415, 0.0190,-0.0020, 0.8280, 0.7518, 1.1611,1
-0.0111, 0.0000,-3.1415, 3.1415, 0.0280,-0.0004, 1.2561, 0.7518, 1.1611,1
-0.0106, 0.0000,-3.1384, 3.1415, 0.0419, 0.2512,-4.6799, 0.7518, 1.1611,1
-0.0105, 0.0000,-3.1384, 3.1415, 0.0205, 0.0502,-2.8463, 0.7518, 1.1611,1
-0.0105, 0.0000,-3.1384, 3.1415, 0.0041, 0.0100,-1.4562, 0.7518, 1.1611,1
-0.0107, 0.0000,-3.1415, 3.1415,-0.0173,-0.2493, 4.6799, 0.7518, 1.1611,1
-0.0106, 0.0000,-3.1415, 3.1415, 0.0025,-0.0498, 2.6836, 0.7518, 1.1611,1
-0.0105, 0.0000,-3.1415, 3.1415, 0.0126,-0.0099, 0.9564, 0.7518, 1.1611,1
-0.0103, 0.0000,-3.1415, 3.1415, 0.0146,-0.0019, 0.6148, 0.7518, 1.1611,1
-0.0101, 0.0000,-3.1415, 3.1415, 0.0211,-0.0003, 0.8953, 0.7518, 1.1611,1
-0.0097, 0.0000,-3.1384, 3.1415, 0.0406, 0.2512,-4.6799, 0.7518, 1.1611,1
-0.0094, 0.0000,-3.1384, 3.1415, 0.0263, 0.0502,-2.4858, 0.7518, 1.1611,1
-0.0094, 0.0000,-3.1384, 3.1415, 0.0052, 0.0100,-1.3572, 0.7518, 1.1611,1
-0.0097, 0.0000,-3.1384, 3.1415,-0.0171, 0.0020,-2.1666, 0.7518, 1.1611,1
-0.0099, 0.0000,-3.1415, 3.1415,-0.0216,-0.2509, 4.6799, 0.7518, 1.1611,1
-0.0099, 0.0000,-3.1415, 3.1415,-0.0043,-0.0501, 2.3355, 0.7518, 1.1611,1
-0.0098, 0.0000,-3.1415, 3.1415, 0.0051,-0.0100, 0.5609, 0.7518, 1.1611,1
-0.0097, 0.0000,-3.1415, 3.1415, 0.0131,-0.0020, 0.5529, 0.7518, 1.1611,1
-0.0093, 0.0000,-3.1415, 3.1415, 0.0329,-0.0004, 1.5903, 0.7518, 1.1611,1
-0.0087, 0.0000,-3.1384, 3.1415, 0.0490, 0.2512,-4.6799, 0.7518, 1.1611,1
-0.0085, 0.0000,-3.1384, 3.1415, 0.0279, 0.0502,-2.3618, 0.7518, 1.1611,1
-0.0086, 0.0000,-3.1384, 3.1415,-0.0004, 0.0100,-1.6544, 0.7518, 1.1611,1
-0.0087, 0.0000,-3.1384, 3.1415,-0.0061, 0.0020,-1.5149, 0.7518, 1.1611,1
-0.0089, 0.0000,-3.1384, 3.1415,-0.0194, 0.0004,-2.1789, 0.7518, 1.1611,1
