 0.0000, 0.0000, 0.0000, 3.1415, 0.0000, 0.0000, 0.0000, 0.0000,-0.7180,0
 0.0000, 0.0000, 0.0000, 3.1415, 0.0000, 0.0000, 0.0000, 0.0000,-0.7180,0
 0.0000, 0.0000, 0.0000, 3.1415, 0.0000, 0.0000, 0.0000, 0.0000,-0.7180,0
 0.0000, 0.0000, 0.0000, 3.1415, 0.0000, 0.0000, 0.0000, 0.0000,-0.7180,0
 0.0000, 0.0000, 0.0000, 3.1415, 0.0000, 0.0000, 0.0000, 0.0000,-0.7180,0
 0.0000, 0.0000, 0.0000, 3.1415, 0.0000, 0.0000, 0.0000, 0.0000,-0.7180,0
 0.0000, 0.0000, 0.0000, 3.1415, 0.0000, 0.0000, 0.0000, 0.0000,-0.7180,0
 0.0000, 0.0000, 0.0000, 3.1415, 0.0000, 0.0000, 0.0000, 0.0000,-0.7180,0
 0.0000, 0.0000, 0.0000, 3.1415, 0.0000, 0.0000, 0.0000, 0.0000,-0.7180,0
 0.0000, 0.0000, 0.0000, 3.1415, 0.0000, 0.0000, 0.0000, 0.0000,-0.7180,0
 0.0000, 0.0000, 0.0000, 3.1415, 0.0000, 0.0000, 0.0000, 0.0000,-0.7180,0
 0.0000, 0.0000, 0.0000, 3.1415, 0.0000, 0.0000, 0.0000, 0.0000,-0.7180,0
 0.0000, 0.0000, 0.0000, 3.1415, 0.0000, 0.0000, 0.0000, 0.0000,-0.7180,0
 0.0000, 0.0000, 0.0000, 3.1415, 0.0000, 0.0000, 0.0000, 0.0000,-0.7180,0
 0.0000, 0.0000, 0.0000, 3.1415, 0.0000, 0.0000, 0.0000, 0.0000,-0.7180,0
 0.0000, 0.0000, 0.0000, 3.1415, 0.0000, 0.0000, 0.0000, 0.0000,-0.7180,0
 0.0000, 0.0000, 0.0000, 3.1415, 0.0000, 0.0000, 0.0000, 0.0000,-0.7180,0
 0.0000, 0.0000, 0.0000, 3.1415, 0.0000, 0.0000, 0.0000, 0.0000,-0.7180,0
 0.0000, 0.0000, 0.0000, 3.1415, 0.0000, 0.0000, 0.0000, 0.0000,-0.7180,0
 0.0000, 0.0000, 0.0000, 3.1415, 0.0000, 0.0000, 0.0000, 0.0000,-0.7180,0
 0.0000, 0.0000, 0.0000, 3.1415, 0.0000, 0.0000, 0.0000, 0.0000,-0.7180,0
 0.0000, 0.0000, 0.0000, 3.1415, 0.0000, 0.0000, 0.0000, 0.0000,-0.7180,0
 0.0000, 0.0000, 0.0000, 3.1415, 0.0000, 0.0000, 0.0000, 0.0000,-0.7180,0
 0.0000, 0.0000, 0.0000, 3.1415, 0.0000, 0.0000, 0.0000, 0.0000,-0.7180,0
 0.0000, 0.0000, 0.0000, 3.1415, 0.0000, 0.0000, 0.0000, 0.0000,-0.7180,0
 0.0000, 0.0000, 0.0000, 3.1415, 0.0000, 0.0000, 0.0000, 0.0000,-0.7180,0
 0.0000, 0.0000, 0.0000, 3.1415, 0.0000, 0.0000, 0.0000, 0.0000,-0.7180,0
 0.0000, 0.0000, 0.0000, 3.1415, 0.0000, 0.0000, 0.0000, 0.0000,-0.7180,0
 0.0000, 0.0000, 0.0000, 3.1415, 0.0000, 0.0000, 0.0000, 0.0000,-0.7180,0
 0.0000, 0.0000, 0.0000, 3.1415, 0.0000, 0.0000, 0.0000, 0.0000,-0.7180,0
 0.0000, 0.0000, 0.0000, 3.1415, 0.0000, 0.0000, 0.0000, 0.0000,-0.7180,0
 0.0000, 0.0000, 0.0000, 3.1415, 0.0000, 0.0000, 0.0000, 0.0000,-0.7180,0
 0.0000, 0.0000, 0.0000, 3.1415, 0.0000, 0.0000, 0.0000, 0.0000,-0.7180,0
 0.0000, 0.0000, 0.0000, 3.1415, 0.0000, 0.0000, 0.0000, 0.0000,-0.7180,0
 0.0000, 0.0000, 0.0000, 3.1415, 0.0000, 0.0000, 0.0000, 0.0000,-0.7180,0
 0.0000, 0.0000, 0.0000, 3.1415, 0.0000, 0.0000, 0.0000, 0.0000,-0.7180,0
 0.0000, 0.0000, 0.0000, 3.1415, 0.0000, 0.0000, 0.0000, 0.0000,-0.7180,0
 0.0000, 0.0000, 0.0000, 3.1415, 0.0000, 0.0000, 0.0000, 0.0000,-0.7180,0
 0.0000, 0.0000, 0.0000, 3.1415, 0.0000, 0.0000, 0.0000, 0.0000,-0.7180,0
 0.0000, 0.0000, 0.0000, 3.1415, 0.0000, 0.0000, 0.0000, 0.0000,-0.7180,0
 0.0000, 0.0000, 0.0000, 3.1415, 0.0000, 0.0000, 0.0000, 0.0000,-0.7180,0
 0.0000, 0.0000, 0.0000, 3.1415, 0.0000, 0.0000, 0.0000, 0.0000,-0.7180,0
 0.0000, 0.0000, 0.0000, 3.1415, 0.0000, 0.0000, 0.0000, 0.0000,-0.7180,0
 0.0000, 0.0000, 0.0000, 3.1415, 0.0000, 0.0000, 0.0000, 0.0000,-0.7180,0
 0.0000, 0.0000, 0.0000, 3.1415, 0.0000, 0.0000, 0.0000, 0.0000,-0.7180,0
 0.0000, 0.0000, 0.0000, 3.1415, 0.0000, 0.0000, 0.0000, 0.0000,-0.7180,0
 0.0000, 0.0000, 0.0000, 3.1415, 0.0000, 0.0000, 0.0000, 0.0000,-0.7180,0
 0.0000, 0.0000, 0.0000, 3.1415, 0.0000, 0.0000, 0.0000, 0.0000,-0.7180,0
 0.0000, 0.0000, 0.0000, 3.1415, 0.0000, 0.0000, 0.0000, 0.0000,-0.7180,0
 0.0000, 0.0000, 0.0000, 3.1415, 0.0000, 0.0000, 0.0000, 0.0000,-0.7180,0
 0.0000, 0.0000, 0.0000, 3.1415, 0.0000, 0.0000, 0.0000, 0.0000,-0.7180,0
 0.0000, 0.0000, 0.0000, 3.1415, 0.0000, 0.0000, 0.0000, 0.0000,-0.7180,0
 0.0000, 0.0000, 0.0000, 3.1415, 0.0000, 0.0000, 0.0000, 0.0000,-0.7180,0
 0.0000, 0.0000, 0.0000, 3.1415, 0.0000, 0.0000, 0.0000, 0.0000,-0.7180,0
 0.0000, 0.0000, 0.0000, 3.1415, 0.0000, 0.0000, 0.0000, 0.0000,-0.7180,0
 0.0000, 0.0000, 0.0000, 3.1415, 0.0000, 0.0000, 0.0000, 0.0000,-0.7180,0
 0.0000, 0.0000, 0.0000, 3.1415, 0.0000, 0.0000, 0.0000, 0.0000,-0.7180,0
 0.0000, 0.0000, 0.0000, 3.1415, 0.0000, 0.0000, 0.0000, 0.0000,-0.7180,0
 0.0000, 0.0000, 0.0000, 3.1415, 0.0000, 0.0000, 0.0000, 0.0000,-0.7180,0
 0.0000, 0.0000, 0.0000, 3.1415, 0.0000, 0.0000, 0.0000, 0.0000,-0.7180,0
 0.0000, 0.0000, 0.0000, 3.1415, 0.0000, 0.0000, 0.0000, 0.0000,-0.7180,0
 0.0000, 0.0000, 0.0000, 3.1415, 0.0000, 0.0000, 0.0000, 0.0000,-0.7180,0
 0.0000, 0.0000, 0.0000, 3.1415, 0.0000, 0.0000, 0.0000, 0.0000,-0.7180,0
 0.0000, 0.0000, 0.0000, 3.1415, 0.0000, 0.0000, 0.0000, 0.0000,-0.7180,0
 0.0000, 0.0000, 0.0000, 3.1415, 0.0000, 0.0000, 0.0000, 0.0000,-0.7180,0
 0.0000, 0.0000, 0.0000, 3.1415, 0.0000, 0.0000, 0.0000, 0.0000,-0.7180,0
 0.0000, 0.0000, 0.0000, 3.1415, 0.0000, 0.0000, 0.0000, 0.0000,-0.7180,0
 0.0000, 0.0000, 0.0000, 3.1415, 0.0000, 0.0000, 0.0000, 0.0000,-0.7180,0
 0.0000, 0.0000, 0.0000, 3.1415, 0.0000, 0.0000, 0.0000, 0.0000,-0.7180,0
 0.0000, 0.0000, 0.0000, 3.1415, 0.0000, 0.0000, 0.0000, 0.0000,-0.7180,0
 0.0000, 0.0000, 0.0000, 3.1415, 0.0000, 0.0000, 0.0000, 0.0000,-0.7180,0
 0.0000, 0.0000, 0.0000, 3.1415, 0.0000, 0.0000, 0.0000, 0.0000,-0.7180,0
 0.0000, 0.0000, 0.0000, 3.1415, 0.0000, 0.0000, 0.0000, 0.0000,-0.7180,0
 0.0000, 0.0000, 0.0000, 3.1415, 0.0000, 0.0000, 0.0000, 0.0000,-0.7180,0
 0.0000, 0.0000, 0.0000, 3.1415, 0.0000, 0.0000, 0.0000, 0.0000,-0.7180,0
 0.0000, 0.0000, 0.0000, 3.1415, 0.0000, 0.0000, 0.0000, 0.0000,-0.7180,0
 0.0000, 0.0000, 0.0000, 3.1415, 0.0000, 0.0000, 0.0000, 0.0000,-0.7180,0
 0.0000, 0.0000, 0.0000, 3.1415, 0.0000, 0.0000, 0.0000, 0.0000,-0.7180,0
 0.0000, 0.0000, 0.0000, 3.1415, 0.0000, 0.0000, 0.0000, 0.0000,-0.7180,0
 0.0000, 0.0000, 0.0000, 3.1415, 0.0000, 0.0000, 0.0000, 0.0000,-0.7180,0
 0.0000, 0.0000, 0.0000, 3.1415, 0.0000, 0.0000, 0.0000, 0.0000,-0.7180,0
 0.0000, 0.0000, 0.0000, 3.1415, 0.0000, 0.0000, 0.0000, 0.0000,-0.7180,0
 0.0000, 0.0000, 0.0000, 3.1415, 0.0000, 0.0000, 0.0000, 0.0000,-0.7180,0
 0.0000, 0.0000, 0.0000, 3.1415, 0.0000, 0.0000, 0.0000, 0.0000,-0.7180,0
 0.0000, 0.0000, 0.0000, 3.1415, 0.0000, 0.0000, 0.0000, 0.0000,-0.7180,0
 0.0000, 0.0000, 0.0000, 3.1415, 0.0000, 0.0000, 0.0000, 0.0000,-0.7180,0
 0.0000, 0.0000, 0.0000, 3.1415, 0.0000, 0.0000, 0.0000, 0.0000,-0.7180,0
 0.0000, 0.0000, 0.0000, 3.1415, 0.0000, 0.0000, 0.0000, 0.0000,-0.7180,0
 0.0000, 0.0000, 0.0000, 3.1415, 0.0000, 0.0000, 0.0000, 0.0000,-0.7180,0
 0.0000, 0.0000, 0.0000, 3.1415, 0.0000, 0.0000, 0.0000, 0.0000,-0.7180,0
 0.0000, 0.0000, 0.0000, 3.1415, 0.0000, 0.0000, 0.0000, 0.0000,-0.7180,0
 0.0000, 0.0000, 0.0000, 3.1415, 0.0000, 0.0000, 0.0000, 0.0000,-0.7180,0
 0.0000, 0.0000, 0.0000, 3.1415, 0.0000, 0.0000, 0.0000, 0.0000,-0.7180,0
 0.0000, 0.0000, 0.0000, 3.1415, 0.0000, 0.0000, 0.0000, 0.0000,-0.7180,0
 0.0000, 0.0000, 0.0000, 3.1415, 0.0000, 0.0000, 0.0000, 0.0000,-0.7180,0
 0.0000, 0.0000, 0.0000, 3.1415, 0.0000, 0.0000, 0.0000, 0.0000,-0.7180,0
 0.0000, 0.0000, 0.0000, 3.1415, 0.0000, 0.0000, 0.0000, 0.0000,-0.7180,0
 0.0000, 0.0000, 0.0000, 3.1415, 0.0000, 0.0000, 0.0000, 0.0000,-0.7180,0
 0.0000, 0.0000, 0.0000, 3.1415, 0.0000, 0.0000, 0.0000, 0.0000,-0.7180,0
 0.0000, 0.0000, 0.0000, 3.1415, 0.0000, 0.0000, 0.0000, 0.0000,-0.7180,0
 0.0000, 0.0000, 0.0000, 3.1415, 0.0000, 0.0000, 0.0000, 0.0000,-0.7180,0
 0.0000, 0.0000, 0.0000, 3.1415, 0.0000, 0.0000, 0.0000, 0.0000,-0.7180,0
 0.0000, 0.0000, 0.0000, 3.1415, 0.0000, 0.0000, 0.0000, 0.0000,-0.7180,0
 0.0000, 0.0000, 0.0000, 3.1415, 0.0000, 0.0000, 0.0000, 0.0000,-0.7180,0
 0.0000, 0.0000, 0.0000, 3.1415, 0.0000, 0.0000, 0.0000, 0.0000,-0.7180,0
 0.0000, 0.0000, 0.0000, 3.1415, 0.0000, 0.0000, 0.0000, 0.0000,-0.7180,0
 0.0000, 0.0000, 0.0000, 3.1415, 0.0000, 0.0000, 0.0000, 0.0000,-0.7180,0
 0.0000, 0.0000, 0.0000, 3.1415, 0.0000, 0.0000, 0.0000, 0.0000,-0.7180,0
 0.0000, 0.0000, 0.0000, 3.1415, 0.0000, 0.0000, 0.0000, 0.0000,-0.7180,0
 0.0000, 0.0000, 0.0000, 3.1415, 0.0000, 0.0000, 0.0000, 0.0000,-0.7180,0
 0.0000, 0.0000, 0.0000, 3.1415, 0.0000, 0.0000, 0.0000, 0.0000,-0.7180,0
 0.0000, 0.0000, 0.0000, 3.1415, 0.0000, 0.0000, 0.0000, 0.0000,-0.7180,0
 0.0000, 0.0000, 0.0000, 3.1415, 0.0000, 0.0000, 0.0000, 0.0000,-0.7180,0
 0.0000, 0.0000, 0.0000, 3.1415, 0.0000, 0.0000, 0.0000, 0.0000,-0.7180,0
 0.0000, 0.0000, 0.0000, 3.1415, 0.0000, 0.0000, 0.0000, 0.0000,-0.7180,0
 0.0000, 0.0000, 0.0000, 3.1415, 0.0000, 0.0000, 0.0000, 0.0000,-0.7180,0
 0.0000, 0.0000, 0.0000, 3.1415, 0.0000, 0.0000, 0.0000, 0.0000,-0.7180,0
 0.0000, 0.0000, 0.0000, 3.1415, 0.0000, 0.0000, 0.0000, 0.0000,-0.7180,0
 0.0000, 0.0000, 0.0000, 3.1415, 0.0000, 0.0000, 0.0000, 0.0000,-0.7180,0
 0.0000, 0.0000, 0.0000, 3.1415, 0.0000, 0.0000, 0.0000, 0.0000,-0.7180,0
 0.0000, 0.0000, 0.0000, 3.1415, 0.0000, 0.0000, 0.0000, 0.0000,-0.7180,0
 0.0000, 0.0000, 0.0000, 3.1415, 0.0000, 0.0000, 0.0000, 0.0000,-0.7180,0
 0.0000, 0.0000, 0.0000, 3.1415, 0.0000, 0.0000, 0.0000, 0.0000,-0.7180,0
 0.0000, 0.0000, 0.0000, 3.1415, 0.0000, 0.0000, 0.0000, 0.0000,-0.7180,0
 0.0000, 0.0000, 0.0000, 3.1415, 0.0000, 0.0000, 0.0000, 0.0000,-0.7180,0
 0.0000, 0.0000, 0.0000, 3.1415, 0.0000, 0.0000, 0.0000, 0.0000,-0.7180,0
 0.0000, 0.0000, 0.0000, 3.1415, 0.0000, 0.0000, 0.0000, 0.0000,-0.7180,0
 0.0000, 0.0000, 0.0000, 3.1415, 0.0000, 0.0000, 0.0000, 0.0000,-0.7180,0
 0.0000, 0.0000, 0.0000, 3.1415, 0.0000, 0.0000, 0.0000, 0.0000,-0.7180,0
 0.0000, 0.0000, 0.0000, 3.1415, 0.0000, 0.0000, 0.0000, 0.0000,-0.7180,0
 0.0000, 0.0000, 0.0000, 3.1415, 0.0000, 0.0000, 0.0000, 0.0000,-0.7180,0
 0.0000, 0.0000, 0.0000, 3.1415, 0.0000, 0.0000, 0.0000, 0.0000,-0.7180,0
 0.0000, 0.0000, 0.0000, 3.1415, 0.0000, 0.0000, 0.0000, 0.0000,-0.7180,0
 0.0000, 0.0000, 0.0000, 3.1415, 0.0000, 0.0000, 0.0000, 0.0000,-0.7180,0
 0.0000, 0.0000, 0.0000, 3.1415, 0.0000, 0.0000, 0.0000, 0.0000,-0.7180,0
 0.0000, 0.0000, 0.0000, 3.1415, 0.0000, 0.0000, 0.0000, 0.0000,-0.7180,0
 0.0000, 0.0000, 0.0000, 3.1415, 0.0000, 0.0000, 0.0000, 0.0000,-0.7180,0
 0.0000, 0.0000, 0.0000, 3.1415, 0.0000, 0.0000, 0.0000, 0.0000,-0.7180,0
 0.0000, 0.0000, 0.0000, 3.1415, 0.0000, 0.0000, 0.0000, 0.0000,-0.7180,0
 0.0000, 0.0000, 0.0000, 3.1415, 0.0000, 0.0000, 0.0000, 0.0000,-0.7180,0
 0.0000, 0.0000, 0.0000, 3.1415, 0.0000, 0.0000, 0.0000, 0.0000,-0.7180,0
 0.0000, 0.0000, 0.0000, 3.1415, 0.0000, 0.0000, 0.0000, 0.0000,-0.7180,0
 0.0000, 0.0000, 0.0000, 3.1415, 0.0000, 0.0000, 0.0000, 0.0000,-0.7180,0
 0.0000, 0.0000, 0.0000, 3.1415, 0.0000, 0.0000, 0.0000, 0.0000,-0.7180,0
 0.0000, 0.0000, 0.0000, 3.1415, 0.0000, 0.0000, 0.0000, 0.0000,-0.7180,0
 0.0000, 0.0000, 0.0000, 3.1415, 0.0000, 0.0000, 0.0000, 0.0000,-0.7180,0
 0.0000, 0.0000, 0.0000, 3.1415, 0.0000, 0.0000, 0.0000, 0.0000,-0.7180,0
 0.0000, 0.0000, 0.0000, 3.1415, 0.0000, 0.0000, 0.0000, 0.0000,-0.7180,0
 0.0000, 0.0000, 0.0000, 3.1415, 0.0000, 0.0000, 0.0000, 0.0000,-0.7180,0
 0.0000, 0.0000, 0.0000, 3.1415, 0.0000, 0.0000, 0.0000, 0.0000,-0.7180,0
 0.0000, 0.0000, 0.0000, 3.1415, 0.0000, 0.0000, 0.0000, 0.0000,-0.7180,0
 0.0000, 0.0000, 0.0000, 3.1415, 0.0000, 0.0000, 0.0000, 0.0000,-0.7180,0
 0.0000, 0.0000, 0.0000, 3.1415, 0.0000, 0.0000, 0.0000, 0.0000,-0.7180,0
 0.0000, 0.0000, 0.0000, 3.1415, 0.0000, 0.0000, 0.0000, 0.0000,-0.7180,0
-0.0000, 0.0000, 0.0000, 3.1415,-0.0060, 0.0000, 0.0000, 0.0000,-0.7180,0
-0.0000, 0.0000, 0.0000, 3.1415,-0.0012, 0.0000, 0.0000, 0.0000,-0.7180,0
-0.0001, 0.0000, 0.0000, 3.1415,-0.0063, 0.0000, 0.0000, 0.0000,-0.7180,0
-0.0002, 0.0000, 0.0000, 3.1415,-0.0073, 0.0000, 0.0000, 0.0000,-0.7180,0
-0.0003, 0.0000, 0.0000, 3.1415,-0.0075, 0.0000, 0.0000, 0.0000,-0.7180,0
-0.0003, 0.0000, 0.0031, 3.1415,-0.0015, 0.2513, 0.0000, 0.0000,-0.7180,0
-0.0003, 0.0000, 0.0031, 3.1415,-0.0063, 0.0502, 0.0000, 0.0000,-0.7180,0
-0.0003, 0.0000, 0.0031, 3.1415,-0.0012, 0.0100, 0.0000, 0.0000,-0.7180,0
-0.0003, 0.0000, 0.0031, 3.1415,-0.0002, 0.0020, 0.0000, 0.0000,-0.7180,0
-0.0003, 0.0000, 0.0031, 3.1415,-0.0000, 0.0004, 0.0000, 0.0000,-0.7180,0
-0.0003, 0.0000, 0.0031, 3.1415,-0.0000, 0.0000, 0.0000, 0.0000,-0.7180,0
-0.0004, 0.0000, 0.0031, 3.1415,-0.0060, 0.0000, 0.0000, 0.0000,-0.7180,0
-0.0004, 0.0000, 0.0031, 3.1415,-0.0012, 0.0000, 0.0000, 0.0000,-0.7180,0
-0.0004, 0.0000, 0.0031, 3.1415,-0.0002, 0.0000, 0.0000, 0.0000,-0.7180,0
-0.0004, 0.0000, 0.0031, 3.1415,-0.0000, 0.0000, 0.0000, 0.0000,-0.7180,0
-0.0004, 0.0000, 0.0031, 3.1415,-0.0000, 0.0000, 0.0000, 0.0000,-0.7180,0
-0.0004, 0.0000, 0.0031, 3.1415,-0.0000, 0.0000, 0.0000, 0.0000,-0.7180,0
-0.0004, 0.0000, 0.0031, 3.1415,-0.0000, 0.0000, 0.0000, 0.0000,-0.7180,0
-0.0004, 0.0000, 0.0031, 3.1415,-0.0000, 0.0000, 0.0000, 0.0000,-0.7180,0
-0.0004, 0.0000, 0.0031, 3.1415,-0.0000, 0.0000, 0.0000, 0.0000,-0.7180,0
-0.0004, 0.0000, 0.0031, 3.1415,-0.0000, 0.0000, 0.0000, 0.0000,-0.7180,0
-0.0004, 0.0000, 0.0031, 3.1415,-0.0000, 0.0000, 0.0000, 0.0000,-0.7180,0
-0.0005, 0.0000, 0.0031, 3.1415,-0.0060, 0.0000, 0.0000, 0.0000,-0.7180,0
-0.0005, 0.0000, 0.0031, 3.1415,-0.0012, 0.0000, 0.0000, 0.0000,-0.7180,0
-0.0005, 0.0000, 0.0000, 3.1415,-0.0002,-0.2513, 0.0000, 0.0000,-0.7180,0
-0.0005, 0.0000, 0.0000, 3.1415,-0.0000,-0.0502, 0.0000, 0.0000,-0.7180,0
-0.0006, 0.0000, 0.0000, 3.1415,-0.0060,-0.0100, 0.0000, 0.0000,-0.7180,0
-0.0006, 0.0000, 0.0000, 3.1415,-0.0012,-0.0020, 0.0000, 0.0000,-0.7180,0
-0.0006, 0.0000, 0.0031, 3.1415,-0.0063, 0.2509, 0.0000, 0.0000,-0.7180,0
-0.0007, 0.0000, 0.0031, 3.1415,-0.0073, 0.0501, 0.0000, 0.0000,-0.7180,0
-0.0008, 0.0000, 0.0031, 3.1415,-0.0075, 0.0100, 0.0000, 0.0000,-0.7180,0
-0.0009, 0.0000, 0.0031, 3.1415,-0.0136, 0.0020, 0.0000, 0.0000,-0.7180,0
-0.0010, 0.0000, 0.0031, 3.1415,-0.0087, 0.0004, 0.0000, 0.0000,-0.7180,0
-0.0012, 0.0000, 0.0031, 3.1415,-0.0138, 0.0000, 0.0000, 0.0000,-0.7180,0
-0.0013, 0.0000, 0.0031, 3.1415,-0.0149, 0.0000, 0.0000, 0.0000,-0.7180,0
-0.0015, 0.0000, 0.0031, 3.1415,-0.0151, 0.0000, 0.0000, 0.0000,-0.7180,0
-0.0016, 0.0000, 0.0031, 3.1415,-0.0151, 0.0000, 0.0000, 0.0000,-0.7180,0
-0.0018, 0.0000, 0.0031, 3.1415,-0.0212, 0.0000, 0.0000, 0.0000,-0.7180,0
-0.0021, 0.0000, 0.0062, 3.1415,-0.0224, 0.2513, 0.0000, 0.0000,-0.7180,0
-0.0023, 0.0000, 0.0062, 3.1415,-0.0226, 0.0502, 0.0000, 0.0000,-0.7180,0
-0.0025, 0.0000, 0.0062, 3.1415,-0.0166, 0.0100, 0.0000, 0.0000,-0.7180,0
-0.0027, 0.0000, 0.0062, 3.1415,-0.0215, 0.0020, 0.0000, 0.0000,-0.7180,0
-0.0029, 0.0000, 0.0062, 3.1415,-0.0224, 0.0004, 0.0000, 0.0000,-0.7180,0
-0.0031, 0.0000, 0.0062, 3.1415,-0.0226, 0.0000, 0.0000, 0.0000,-0.7180,0
-0.0034, 0.0000, 0.0094, 3.1415,-0.0227, 0.2513, 0.0000, 0.0000,-0.7180,0
-0.0036, 0.0000, 0.0094, 3.1415,-0.0227, 0.0502, 0.0000, 0.0000,-0.7180,0
-0.0038, 0.0000, 0.0094, 3.1415,-0.0227, 0.0100, 0.0000, 0.0000,-0.7180,0
-0.0040, 0.0000, 0.0094, 3.1415,-0.0227, 0.0020, 0.0000, 0.0000,-0.7180,0
-0.0042, 0.0000, 0.0094, 3.1415,-0.0166, 0.0004, 0.0000, 0.0000,-0.7180,0
-0.0043, 0.0000, 0.0094, 3.1415,-0.0154, 0.0000, 0.0000, 0.0000,-0.7180,0
-0.0045, 0.0000, 0.0094, 3.1415,-0.0152, 0.0000, 0.0000, 0.0000,-0.7180,0
-0.0045, 0.0000, 0.0094, 3.1415,-0.0030, 0.0000, 0.0000, 0.0000,-0.7180,0
-0.0045, 0.0000, 0.0094, 3.1415,-0.0006, 0.0000, 0.0000, 0.0000,-0.7180,0
-0.0045, 0.0000, 0.0094, 3.1415,-0.0001, 0.0000, 0.0000, 0.0000,-0.7180,0
-0.0045, 0.0000, 0.0094, 3.1415,-0.0000, 0.0000, 0.0000, 0.0000,-0.7180,0
-0.0045, 0.0000, 0.0062, 3.1415,-0.0000,-0.2513, 0.0000, 0.0000,-0.7180,0
-0.0044, 0.0000, 0.0062, 3.1415, 0.0060,-0.0502, 0.0000, 0.0000,-0.7180,0
-0.0043, 0.0000, 0.0062, 3.1415, 0.0072,-0.0100, 0.0000, 0.0000,-0.7180,0
-0.0043, 0.0000, 0.0062, 3.1415, 0.0075,-0.0020, 0.0000, 0.0000,-0.7180,0
-0.0043, 0.0000, 0.0031, 3.1415, 0.0015,-0.2517, 0.0000, 0.0000,-0.7180,0
-0.0042, 0.0000, 0.0031, 3.1415, 0.0063,-0.0503, 0.0000, 0.0000,-0.7180,0
-0.0041, 0.0000, 0.0031, 3.1415, 0.0073,-0.0100, 0.0000, 0.0000,-0.7180,0
-0.0041, 0.0000, 0.0031, 3.1415, 0.0014,-0.0020, 0.0000, 0.0000,-0.7180,0
-0.0041, 0.0000, 0.0000, 3.1415, 0.0002,-0.2517, 0.0000, 0.0000,-0.7180,0
-0.0041, 0.0000, 0.0000, 3.1415, 0.0000,-0.0503, 0.0000, 0.0000,-0.7180,0
-0.0041, 0.0000, 0.0000, 3.1415, 0.0000,-0.0100, 0.0000, 0.0000,-0.7180,0
-0.0041, 0.0000, 0.0000, 3.1415, 0.0000,-0.0020, 0.0000, 0.0000,-0.7180,0
-0.0041, 0.0000, 0.0000, 3.1415, 0.0000,-0.0004, 0.0000, 0.0000,-0.7180,0
-0.0041, 0.0000,-0.0031, 3.1415, 0.0000,-0.2514, 0.0000, 0.0000,-0.7180,0
-0.0041, 0.0000,-0.0031, 3.1415, 0.0000,-0.0502, 0.0000, 0.0000,-0.7180,0
-0.0041, 0.0000,-0.0031, 3.1415, 0.0000,-0.0100, 0.0000, 0.0000,-0.7180,0
-0.0041, 0.0000,-0.0031, 3.1415, 0.0000,-0.0020, 0.0000, 0.0000,-0.7180,0
-0.0041, 0.0000,-0.0031, 3.1415, 0.0000,-0.0004, 0.0000, 0.0000,-0.7180,0
-0.0041, 0.0000,-0.0031, 3.1415, 0.0000,-0.0000, 0.0000, 0.0000,-0.7180,0
-0.0041, 0.0000,-0.0062, 3.1415, 0.0000,-0.2513, 0.0000, 0.0000,-0.7180,0
-0.0041, 0.0000,-0.0062, 3.1415, 0.0000,-0.0502, 0.0000, 0.0000,-0.7180,0
-0.0041, 0.0000,-0.0062, 3.1415, 0.0000,-0.0100, 0.0000, 0.0000,-0.7180,0
-0.0041, 0.0000,-0.0062, 3.1415, 0.0000,-0.0020, 0.0000, 0.0000,-0.7180,0
-0.0041, 0.0000,-0.0062, 3.1415, 0.0000,-0.0004, 0.0000, 0.0000,-0.7180,0
-0.0041, 0.0000,-0.0062, 3.1415, 0.0000,-0.0000, 0.0000, 0.0000,-0.7180,0
-0.0041, 0.0000,-0.0062, 3.1415, 0.0000,-0.0000, 0.0000, 0.0000,-0.7180,0
-0.0041, 0.0000,-0.0094, 3.1415, 0.0000,-0.2513, 0.0000, 0.0000,-0.7180,0
-0.0041, 0.0000,-0.0094, 3.1415, 0.0000,-0.0502, 0.0000, 0.0000,-0.7180,0
-0.0041, 0.0000,-0.0094, 3.1415, 0.0000,-0.0100, 0.0000, 0.0000,-0.7180,0
-0.0041, 0.0000,-0.0094, 3.1415, 0.0000,-0.0020, 0.0000, 0.0000,-0.7180,0
-0.0041, 0.0000,-0.0094, 3.1415, 0.0000,-0.0004, 0.0000, 0.0000,-0.7180,0
-0.0041, 0.0000,-0.0094, 3.1415, 0.0000,-0.0000, 0.0000, 0.0000,-0.7180,0
-0.0041, 0.0000,-0.0094, 3.1415, 0.0000,-0.0000, 0.0000, 0.0000,-0.7180,0
-0.0041, 0.0000,-0.0094, 3.1415, 0.0000,-0.0000, 0.0000, 0.0000,-0.7180,0
-0.0041, 0.0000,-0.0094, 3.1415, 0.0000,-0.0000, 0.0000, 0.0000,-0.7180,0
-0.0041, 0.0000,-0.0094, 3.1415, 0.0000,-0.0000, 0.0000, 0.0000,-0.7180,0
-0.0041, 0.0000,-0.0094, 3.1415, 0.0000,-0.0000, 0.0000, 0.0000,-0.7180,0
-0.0041, 0.0000,-0.0094, 3.1415, 0.0000,-0.0000, 0.0000, 0.0000,-0.7180,0
-0.0041, 0.0000,-0.0094, 3.1415, 0.0000,-0.0000, 0.0000, 0.0000,-0.7180,0
-0.0041, 0.0000,-0.0094, 3.1415, 0.0000,-0.0000, 0.0000, 0.0000,-0.7180,0
-0.0041, 0.0000,-0.0094, 3.1415, 0.0000,-0.0000, 0.0000, 0.0000,-0.7180,0
-0.0041, 0.0000,-0.0094, 3.1415, 0.0000,-0.0000, 0.0000, 0.0000,-0.7180,0
-0.0041, 0.0000,-0.0094, 3.1415, 0.0000,-0.0000, 0.0000, 0.0000,-0.7180,0
-0.0041, 0.0000,-0.0094, 3.1415, 0.0000,-0.0000, 0.0000, 0.0000,-0.7180,0
-0.0041, 0.0000,-0.0094, 3.1415, 0.0000,-0.0000, 0.0000, 0.0000,-0.7180,0
-0.0041, 0.0000,-0.0094, 3.1415, 0.0000,-0.0000, 0.0000, 0.0000,-0.7180,0
-0.0041, 0.0000,-0.0094, 3.1415, 0.0000,-0.0000, 0.0000, 0.0000,-0.7180,0
-0.0041, 0.0000,-0.0094, 3.1415, 0.0000,-0.0000, 0.0000, 0.0000,-0.7180,0
-0.0041, 0.0000,-0.0094, 3.1415, 0.0000,-0.0000, 0.0000, 0.0000,-0.7180,0
-0.0041, 0.0000,-0.0062, 3.1415, 0.0000, 0.2513, 0.0000, 0.0000,-0.7180,0
-0.0041, 0.0000,-0.0062, 3.1415, 0.0000, 0.0502, 0.0000, 0.0000,-0.7180,0
-0.0041, 0.0000,-0.0062, 3.1415, 0.0000, 0.0100, 0.0000, 0.0000,-0.7180,0
-0.0041, 0.0000,-0.0062, 3.1415, 0.0000, 0.0020, 0.0000, 0.0000,-0.7180,0
-0.0041, 0.0000,-0.0062, 3.1415, 0.0000, 0.0004, 0.0000, 0.0000,-0.7180,0
-0.0041, 0.0000,-0.0062, 3.1415, 0.0000, 0.0000, 0.0000, 0.0000,-0.7180,0
-0.0041, 0.0000,-0.0062, 3.1415, 0.0000, 0.0000, 0.0000, 0.0000,-0.7180,0
-0.0041, 0.0000,-0.0031, 3.1415, 0.0000, 0.2513, 0.0000, 0.0000,-0.7180,0
-0.0041, 0.0000,-0.0031, 3.1415, 0.0000, 0.0502, 0.0000, 0.0000,-0.7180,0
-0.0041, 0.0000,-0.0031, 3.1415, 0.0000, 0.0100, 0.0000, 0.0000,-0.7180,0
-0.0041, 0.0000,-0.0031, 3.1415, 0.0000, 0.0020, 0.0000, 0.0000,-0.7180,0
-0.0041, 0.0000,-0.0031, 3.1415, 0.0000, 0.0004, 0.0000, 0.0000,-0.7180,0
-0.0041, 0.0000,-0.0031, 3.1415, 0.0000, 0.0000, 0.0000, 0.0000,-0.7180,0
-0.0041, 0.0000, 0.0000, 3.1415, 0.0000, 0.2513, 0.0000, 0.0000,-0.7180,0
-0.0041, 0.0000, 0.0000, 3.1415, 0.0000, 0.0502, 0.0000, 0.0000,-0.7180,0
-0.0041, 0.0000, 0.0000, 3.1415, 0.0000, 0.0100, 0.0000, 0.0000,-0.7180,0
-0.0041, 0.0000, 0.0000, 3.1415, 0.0000, 0.0020, 0.0000, 0.0000,-0.7180,0
-0.0041, 0.0000, 0.0000, 3.1415, 0.0000, 0.0004, 0.0000, 0.0000,-0.7180,0
-0.0041, 0.0000, 0.0031, 3.1415, 0.0000, 0.2514, 0.0000, 0.0000,-0.7180,0
-0.0041, 0.0000, 0.0031, 3.1415, 0.0000, 0.0502, 0.0000, 0.0000,-0.7180,0
-0.0041, 0.0000, 0.0031, 3.1415, 0.0000, 0.0100, 0.0000, 0.0000,-0.7180,0
-0.0041, 0.0000, 0.0031, 3.1415, 0.0000, 0.0020, 0.0000, 0.0000,-0.7180,0
-0.0041, 0.0000, 0.0031, 3.1415, 0.0000, 0.0004, 0.0000, 0.0000,-0.7180,0
-0.0041, 0.0000, 0.0031, 3.1415, 0.0000, 0.0000, 0.0000, 0.0000,-0.7180,0
-0.0041, 0.0000, 0.0062, 3.1415, 0.0000, 0.2513, 0.0000, 0.0000,-0.7180,0
-0.0041, 0.0000, 0.0062, 3.1415, 0.0000, 0.0502, 0.0000, 0.0000,-0.7180,0
-0.0041, 0.0000, 0.0062, 3.1415, 0.0000, 0.0100, 0.0000, 0.0000,-0.7180,0
-0.0041, 0.0000, 0.0062, 3.1415, 0.0000, 0.0020, 0.0000, 0.0000,-0.7180,0
-0.0041, 0.0000, 0.0062, 3.1415, 0.0000, 0.0004, 0.0000, 0.0000,-0.7180,0
-0.0041, 0.0000, 0.0062, 3.1415, 0.0000, 0.0000, 0.0000, 0.0000,-0.7180,0
-0.0041, 0.0000, 0.0094, 3.1415, 0.0000, 0.2513, 0.0000, 0.0000,-0.7180,0
-0.0041, 0.0000, 0.0094, 3.1415, 0.0000, 0.0502, 0.0000, 0.0000,-0.7180,0
-0.0041, 0.0000, 0.0094, 3.1415, 0.0000, 0.0100, 0.0000, 0.0000,-0.7180,0
-0.0041, 0.0000, 0.0094, 3.1415, 0.0000, 0.0020, 0.0000, 0.0000,-0.7180,0
-0.0041, 0.0000, 0.0094, 3.1415, 0.0000, 0.0004, 0.0000, 0.0000,-0.7180,0
-0.0041, 0.0000, 0.0094, 3.1415, 0.0000, 0.0000, 0.0000, 0.0000,-0.7180,0
-0.0041, 0.0000, 0.0094, 3.1415, 0.0000, 0.0000, 0.0000, 0.0000,-0.7180,0
-0.0041, 0.0000, 0.0094, 3.1415, 0.0000, 0.0000, 0.0000, 0.0000,-0.7180,0
-0.0041, 0.0000, 0.0094, 3.1415, 0.0000, 0.0000, 0.0000, 0.0000,-0.7180,0
-0.0041, 0.0000, 0.0094, 3.1415, 0.0000, 0.0000, 0.0000, 0.0000,-0.7180,0
-0.0041, 0.0000, 0.0125, 3.1415, 0.0000, 0.2513, 0.0000, 0.0000,-0.7180,0
-0.0041, 0.0000, 0.0125, 3.1415, 0.0000, 0.0502, 0.0000, 0.0000,-0.7180,0
-0.0041, 0.0000, 0.0125, 3.1415, 0.0000, 0.0100, 0.0000, 0.0000,-0.7180,0
-0.0041, 0.0000, 0.0125, 3.1415, 0.0000, 0.0020, 0.0000, 0.0000,-0.7180,0
-0.0041, 0.0000, 0.0125, 3.1415, 0.0000, 0.0004, 0.0000, 0.0000,-0.7180,0
-0.0041, 0.0000, 0.0125, 3.1415, 0.0000, 0.0000, 0.0000, 0.0000,-0.7180,0
-0.0041, 0.0000, 0.0125, 3.1415, 0.0000, 0.0000, 0.0000, 0.0000,-0.7180,0
-0.0041, 0.0000, 0.0125, 3.1415, 0.0000, 0.0000, 0.0000, 0.0000,-0.7180,0
-0.0041, 0.0000, 0.0125, 3.1415, 0.0000, 0.0000, 0.0000, 0.0000,-0.7180,0
-0.0041, 0.0000, 0.0125, 3.1415, 0.0000, 0.0000, 0.0000, 0.0000,-0.7180,0
-0.0041, 0.0000, 0.0125, 3.1415, 0.0000, 0.0000, 0.0000, 0.0000,-0.7180,0
-0.0041, 0.0000, 0.0094, 3.1415, 0.0000,-0.2513, 0.0000, 0.0000,-0.7180,0
-0.0041, 0.0000, 0.0094, 3.1415, 0.0000,-0.0502, 0.0000, 0.0000,-0.7180,0
-0.0041, 0.0000, 0.0094, 3.1415, 0.0000,-0.0100, 0.0000, 0.0000,-0.7180,0
-0.0041, 0.0000, 0.0094, 3.1415, 0.0000,-0.0020, 0.0000, 0.0000,-0.7180,0
-0.0041, 0.0000, 0.0094, 3.1415, 0.0000,-0.0004, 0.0000, 0.0000,-0.7180,0
-0.0041, 0.0000, 0.0094, 3.1415, 0.0000,-0.0000, 0.0000, 0.0000,-0.7180,0
-0.0041, 0.0000, 0.0094, 3.1415, 0.0000,-0.0000, 0.0000, 0.0000,-0.7180,0
-0.0041, 0.0000, 0.0094, 3.1415, 0.0000,-0.0000, 0.0000, 0.0000,-0.7180,0
-0.0041, 0.0000, 0.0094, 3.1415, 0.0000,-0.0000, 0.0000, 0.0000,-0.7180,0
-0.0041, 0.0000, 0.0094, 3.1415, 0.0000,-0.0000, 0.0000, 0.0000,-0.7180,0
-0.0041, 0.0000, 0.0062, 3.1415, 0.0000,-0.2513, 0.0000, 0.0000,-0.7180,0
-0.0041, 0.0000, 0.0062, 3.1415, 0.0000,-0.0502, 0.0000, 0.0000,-0.7180,0
-0.0041, 0.0000, 0.0062, 3.1415, 0.0000,-0.0100, 0.0000, 0.0000,-0.7180,0
-0.0041, 0.0000, 0.0062, 3.1415, 0.0000,-0.0020, 0.0000, 0.0000,-0.7180,0
-0.0041, 0.0000, 0.0062, 3.1415, 0.0000,-0.0004, 0.0000, 0.0000,-0.7180,0
-0.0041, 0.0000, 0.0062, 3.1415, 0.0000,-0.0000, 0.0000, 0.0000,-0.7180,0
-0.0041, 0.0000, 0.0031, 3.1415, 0.0000,-0.2513, 0.0000, 0.0000,-0.7180,0
-0.0041, 0.0000, 0.0031, 3.1415, 0.0000,-0.0502, 0.0000, 0.0000,-0.7180,0
-0.0041, 0.0000, 0.0031, 3.1415, 0.0000,-0.0100, 0.0000, 0.0000,-0.7180,0
-0.0041, 0.0000, 0.0031, 3.1415, 0.0000,-0.0020, 0.0000, 0.0000,-0.7180,0
-0.0041, 0.0000, 0.0031, 3.1415, 0.0000,-0.0004, 0.0000, 0.0000,-0.7180,0
-0.0041, 0.0000, 0.0000, 3.1415, 0.0000,-0.2514, 0.0000, 0.0000,-0.7180,0
-0.0041, 0.0000, 0.0000, 3.1415, 0.0000,-0.0502, 0.0000, 0.0000,-0.7180,0
-0.0041, 0.0000, 0.0000, 3.1415, 0.0000,-0.0100, 0.0000, 0.0000,-0.7180,0
-0.0041, 0.0000, 0.0000, 3.1415, 0.0000,-0.0020, 0.0000, 0.0000,-0.7180,0
-0.0041, 0.0000, 0.0000, 3.1415, 0.0000,-0.0004, 0.0000, 0.0000,-0.7180,0
-0.0041, 0.0000, 0.0000, 3.1415, 0.0000,-0.0000, 0.0000, 0.0000,-0.7180,0
-0.0041, 0.0000,-0.0031, 3.1415, 0.0000,-0.2513, 0.0000, 0.0000,-0.7180,0
-0.0041, 0.0000,-0.0031, 3.1415, 0.0000,-0.0502, 0.0000, 0.0000,-0.7180,0
-0.0041, 0.0000,-0.0031, 3.1415, 0.0000,-0.0100, 0.0000, 0.0000,-0.7180,0
-0.0041, 0.0000,-0.0031, 3.1415, 0.0000,-0.0020, 0.0000, 0.0000,-0.7180,0
-0.0041, 0.0000,-0.0031, 3.1415, 0.0000,-0.0004, 0.0000, 0.0000,-0.7180,0
-0.0041, 0.0000,-0.0031, 3.1415, 0.0000,-0.0000, 0.0000, 0.0000,-0.7180,0
-0.0041, 0.0000,-0.0062, 3.1415, 0.0000,-0.2513, 0.0000, 0.0000,-0.7180,0
-0.0041, 0.0000,-0.0062, 3.1415, 0.0000,-0.0502, 0.0000, 0.0000,-0.7180,0
-0.0041, 0.0000,-0.0062, 3.1415, 0.0000,-0.0100, 0.0000, 0.0000,-0.7180,0
-0.0041, 0.0000,-0.0062, 3.1415, 0.0000,-0.0020, 0.0000, 0.0000,-0.7180,0
-0.0041, 0.0000,-0.0062, 3.1415, 0.0000,-0.0004, 0.0000, 0.0000,-0.7180,0
-0.0041, 0.0000,-0.0062, 3.1415, 0.0000,-0.0000, 0.0000, 0.0000,-0.7180,0
-0.0041, 0.0000,-0.0062, 3.1415, 0.0000,-0.0000, 0.0000, 0.0000,-0.7180,0
-0.0041, 0.0000,-0.0062, 3.1415, 0.0000,-0.0000, 0.0000, 0.0000,-0.7180,0
-0.0041, 0.0000,-0.0094, 3.1415, 0.0000,-0.2513, 0.0000, 0.0000,-0.7180,0
-0.0041, 0.0000,-0.0094, 3.1415, 0.0000,-0.0502, 0.0000, 0.0000,-0.7180,0
-0.0041, 0.0000,-0.0094, 3.1415, 0.0000,-0.0100, 0.0000, 0.0000,-0.7180,0
-0.0041, 0.0000,-0.0094, 3.1415, 0.0000,-0.0020, 0.0000, 0.0000,-0.7180,0
-0.0041, 0.0000,-0.0094, 3.1415, 0.0000,-0.0004, 0.0000, 0.0000,-0.7180,0
-0.0041, 0.0000,-0.0094, 3.1415, 0.0000,-0.0000, 0.0000, 0.0000,-0.7180,0
-0.0041, 0.0000,-0.0094, 3.1415, 0.0000,-0.0000, 0.0000, 0.0000,-0.7180,0
-0.0041, 0.0000,-0.0094, 3.1415, 0.0000,-0.0000, 0.0000, 0.0000,-0.7180,0
-0.0041, 0.0000,-0.0094, 3.1415, 0.0000,-0.0000, 0.0000, 0.0000,-0.7180,0
-0.0041, 0.0000,-0.0094, 3.1415, 0.0000,-0.0000, 0.0000, 0.0000,-0.7180,0
-0.0041, 0.0000,-0.0094, 3.1415, 0.0000,-0.0000, 0.0000, 0.0000,-0.7180,0
-0.0041, 0.0000,-0.0094, 3.1415, 0.0000,-0.0000, 0.0000, 0.0000,-0.7180,0
-0.0041, 0.0000,-0.0094, 3.1415, 0.0000,-0.0000, 0.0000, 0.0000,-0.7180,0
-0.0041, 0.0000,-0.0094, 3.1415, 0.0000,-0.0000, 0.0000, 0.0000,-0.7180,0
-0.0041, 0.0000,-0.0094, 3.1415, 0.0000,-0.0000, 0.0000, 0.0000,-0.7180,0
-0.0041, 0.0000,-0.0094, 3.1415, 0.0000,-0.0000, 0.0000, 0.0000,-0.7180,0
-0.0041, 0.0000,-0.0094, 3.1415, 0.0000,-0.0000, 0.0000, 0.0000,-0.7180,0
-0.0041, 0.0000,-0.0094, 3.1415, 0.0000,-0.0000, 0.0000, 0.0000,-0.7180,0
-0.0041, 0.0000,-0.0094, 3.1415, 0.0000,-0.0000, 0.0000, 0.0000,-0.7180,0
-0.0041, 0.0000,-0.0094, 3.1415, 0.0000,-0.0000, 0.0000, 0.0000,-0.7180,0
-0.0041, 0.0000,-0.0062, 3.1415, 0.0000, 0.2513, 0.0000, 0.0000,-0.7180,0
-0.0041, 0.0000,-0.0062, 3.1415, 0.0000, 0.0502, 0.0000, 0.0000,-0.7180,0
-0.0041, 0.0000,-0.0062, 3.1415, 0.0000, 0.0100, 0.0000, 0.0000,-0.7180,0
-0.0041, 0.0000,-0.0062, 3.1415, 0.0000, 0.0020, 0.0000, 0.0000,-0.7180,0
-0.0041, 0.0000,-0.0062, 3.1415, 0.0000, 0.0004, 0.0000, 0.0000,-0.7180,0
-0.0041, 0.0000,-0.0062, 3.1415, 0.0000, 0.0000, 0.0000, 0.0000,-0.7180,0
-0.0041, 0.0000,-0.0062, 3.1415, 0.0000, 0.0000, 0.0000, 0.0000,-0.7180,0
-0.0041, 0.0000,-0.0062, 3.1415, 0.0000, 0.0000, 0.0000, 0.0000,-0.7180,0
-0.0041, 0.0000,-0.0031, 3.1415, 0.0000, 0.2513, 0.0000, 0.0000,-0.7180,0
-0.0041, 0.0000,-0.0031, 3.1415, 0.0000, 0.0502, 0.0000, 0.0000,-0.7180,0
-0.0041, 0.0000,-0.0031, 3.1415, 0.0000, 0.0100, 0.0000, 0.0000,-0.7180,0
-0.0041, 0.0000,-0.0031, 3.1415, 0.0000, 0.0020, 0.0000, 0.0000,-0.7180,0
-0.0041, 0.0000,-0.0031, 3.1415, 0.0000, 0.0004, 0.0000, 0.0000,-0.7180,0
-0.0041, 0.0000,-0.0031, 3.1415, 0.0000, 0.0000, 0.0000, 0.0000,-0.7180,0
-0.0041, 0.0000, 0.0000, 3.1415, 0.0000, 0.2513, 0.0000, 0.0000,-0.7180,0
-0.0041, 0.0000, 0.0000, 3.1415, 0.0000, 0.0502, 0.0000, 0.0000,-0.7180,0
-0.0041, 0.0000, 0.0000, 3.1415, 0.0000, 0.0100, 0.0000, 0.0000,-0.7180,0
-0.0041, 0.0000, 0.0000, 3.1415, 0.0000, 0.0020, 0.0000, 0.0000,-0.7180,0
-0.0041, 0.0000, 0.0000, 3.1415, 0.0000, 0.0004, 0.0000, 0.0000,-0.7180,0
-0.0041, 0.0000, 0.0000, 3.1415, 0.0000, 0.0000, 0.0000, 0.0000,-0.7180,0
-0.0041, 0.0000, 0.0031, 3.1415, 0.0000, 0.2513, 0.0000, 0.0000,-0.7180,0
-0.0041, 0.0000, 0.0031, 3.1415, 0.0000, 0.0502, 0.0000, 0.0000,-0.7180,0
-0.0041, 0.0000, 0.0031, 3.1415, 0.0000, 0.0100, 0.0000, 0.0000,-0.7180,0
-0.0041, 0.0000, 0.0031, 3.1415, 0.0000, 0.0020, 0.0000, 0.0000,-0.7180,0
-0.0041, 0.0000, 0.0031, 3.1415, 0.0000, 0.0004, 0.0000, 0.0000,-0.7180,0
-0.0041, 0.0000, 0.0031, 3.1415, 0.0000, 0.0000, 0.0000, 0.0000,-0.7180,0
-0.0041, 0.0000, 0.0062, 3.1415, 0.0000, 0.2513, 0.0000, 0.0000,-0.7180,0
-0.0041, 0.0000, 0.0062, 3.1415, 0.0000, 0.0502, 0.0000, 0.0000,-0.7180,0
-0.0041, 0.0000, 0.0062, 3.1415, 0.0000, 0.0100, 0.0000, 0.0000,-0.7180,0
-0.0041, 0.0000, 0.0062, 3.1415, 0.0000, 0.0020, 0.0000, 0.0000,-0.7180,0
-0.0041, 0.0000, 0.0062, 3.1415, 0.0000, 0.0004, 0.0000, 0.0000,-0.7180,0
-0.0041, 0.0000, 0.0062, 3.1415, 0.0000, 0.0000, 0.0000, 0.0000,-0.7180,0
-0.0041, 0.0000, 0.0094, 3.1415, 0.0000, 0.2513, 0.0000, 0.0000,-0.7180,0
-0.0041, 0.0000, 0.0094, 3.1415, 0.0000, 0.0502, 0.0000, 0.0000,-0.7180,0
-0.0041, 0.0000, 0.0094, 3.1415, 0.0000, 0.0100, 0.0000, 0.0000,-0.7180,0
-0.0041, 0.0000, 0.0094, 3.1415, 0.0000, 0.0020, 0.0000, 0.0000,-0.7180,0
-0.0041, 0.0000, 0.0094, 3.1415, 0.0000, 0.0004, 0.0000, 0.0000,-0.7180,0
-0.0041, 0.0000, 0.0094, 3.1415, 0.0000, 0.0000, 0.0000, 0.0000,-0.7180,0
-0.0041, 0.0000, 0.0094, 3.1415, 0.0000, 0.0000, 0.0000, 0.0000,-0.7180,0
-0.0041, 0.0000, 0.0094, 3.1415, 0.0000, 0.0000, 0.0000, 0.0000,-0.7180,0
-0.0041, 0.0000, 0.0094, 3.1415, 0.0000, 0.0000, 0.0000, 0.0000,-0.7180,0
-0.0041, 0.0000, 0.0094, 3.1415, 0.0000, 0.0000, 0.0000, 0.0000,-0.7180,0
-0.0041, 0.0000, 0.0094, 3.1415, 0.0000, 0.0000, 0.0000, 0.0000,-0.7180,0
-0.0041, 0.0000, 0.0094, 3.1415, 0.0000, 0.0000, 0.0000, 0.0000,-0.7180,0
-0.0041, 0.0000, 0.0094, 3.1415, 0.0000, 0.0000, 0.0000, 0.0000,-0.7180,0
-0.0041, 0.0000, 0.0094, 3.1415, 0.0000, 0.0000, 0.0000, 0.0000,-0.7180,0
-0.0041, 0.0000, 0.0094, 3.1415, 0.0000, 0.0000, 0.0000, 0.0000,-0.7180,0
-0.0041, 0.0000, 0.0094, 3.1415, 0.0000, 0.0000, 0.0000, 0.0000,-0.7180,0
-0.0041, 0.0000, 0.0094, 3.1415, 0.0000, 0.0000, 0.0000, 0.0000,-0.7180,0
-0.0041, 0.0000, 0.0094, 3.1415, 0.0000, 0.0000, 0.0000, 0.0000,-0.7180,0
-0.0041, 0.0000, 0.0094, 3.1415, 0.0000, 0.0000, 0.0000, 0.0000,-0.7180,0
-0.0041, 0.0000, 0.0094, 3.1415, 0.0000, 0.0000, 0.0000, 0.0000,-0.7180,0
-0.0041, 0.0000, 0.0094, 3.1415, 0.0000, 0.0000, 0.0000, 0.0000,-0.7180,0
-0.0041, 0.0000, 0.0094, 3.1415, 0.0000, 0.0000, 0.0000, 0.0000,-0.7180,0
-0.0041, 0.0000, 0.0094, 3.1415, 0.0000, 0.0000, 0.0000, 0.0000,-0.7180,0
-0.0041, 0.0000, 0.0094, 3.1415, 0.0000, 0.0000, 0.0000, 0.0000,-0.7180,0
-0.0041, 0.0000, 0.0094, 3.1415, 0.0000, 0.0000, 0.0000, 0.0000,-0.7180,0
-0.0041, 0.0000, 0.0094, 3.1415, 0.0000, 0.0000, 0.0000, 0.0000,-0.7180,0
-0.0041, 0.0000, 0.0094, 3.1415, 0.0000, 0.0000, 0.0000, 0.0000,-0.7180,0
-0.0041, 0.0000, 0.0094, 3.1415, 0.0000, 0.0000, 0.0000, 0.0000,-0.7180,0
-0.0041, 0.0000, 0.0094, 3.1415, 0.0000, 0.0000, 0.0000, 0.0000,-0.7180,0
-0.0041, 0.0000, 0.0062, 3.1415, 0.0000,-0.2513, 0.0000, 0.0000,-0.7180,0
-0.0041, 0.0000, 0.0062, 3.1415, 0.0000,-0.0502, 0.0000, 0.0000,-0.7180,0
-0.0041, 0.0000, 0.0062, 3.1415, 0.0000,-0.0100, 0.0000, 0.0000,-0.7180,0
-0.0041, 0.0000, 0.0062, 3.1415, 0.0000,-0.0020, 0.0000, 0.0000,-0.7180,0
-0.0041, 0.0000, 0.0062, 3.1415, 0.0000,-0.0004, 0.0000, 0.0000,-0.7180,0
-0.0041, 0.0000, 0.0062, 3.1415, 0.0000,-0.0000, 0.0000, 0.0000,-0.7180,0
-0.0041, 0.0000, 0.0062, 3.1415, 0.0000,-0.0000, 0.0000, 0.0000,-0.7180,0
-0.0041, 0.0000, 0.0031, 3.1415, 0.0000,-0.2513, 0.0000, 0.0000,-0.7180,0
-0.0041, 0.0000, 0.0031, 3.1415, 0.0000,-0.0502, 0.0000, 0.0000,-0.7180,0
-0.0041, 0.0000, 0.0031, 3.1415, 0.0000,-0.0100, 0.0000, 0.0000,-0.7180,0
-0.0041, 0.0000, 0.0031, 3.1415, 0.0000,-0.0020, 0.0000, 0.0000,-0.7180,0
-0.0041, 0.0000, 0.0031, 3.1415, 0.0000,-0.0004, 0.0000, 0.0000,-0.7180,0
-0.0041, 0.0000, 0.0031, 3.1415, 0.0000,-0.0000, 0.0000, 0.0000,-0.7180,0
-0.0041, 0.0000, 0.0000, 3.1415, 0.0000,-0.2513, 0.0000, 0.0000,-0.7180,0
-0.0041, 0.0000, 0.0000, 3.1415, 0.0000,-0.0502, 0.0000, 0.0000,-0.7180,0
-0.0041, 0.0000, 0.0000, 3.1415, 0.0000,-0.0100, 0.0000, 0.0000,-0.7180,0
-0.0041, 0.0000, 0.0000, 3.1415, 0.0000,-0.0020, 0.0000, 0.0000,-0.7180,0
-0.0041, 0.0000, 0.0000, 3.1415, 0.0000,-0.0004, 0.0000, 0.0000,-0.7180,0
-0.0041, 0.0000, 0.0000, 3.1415, 0.0000,-0.0000, 0.0000, 0.0000,-0.7180,0
-0.0041, 0.0000,-0.0031, 3.1415, 0.0000,-0.2513, 0.0000, 0.0000,-0.7180,0
-0.0041, 0.0000,-0.0031, 3.1415, 0.0000,-0.0502, 0.0000, 0.0000,-0.7180,0
-0.0041, 0.0000,-0.0031, 3.1415, 0.0000,-0.0100, 0.0000, 0.0000,-0.7180,0
-0.0041, 0.0000,-0.0031, 3.1415, 0.0000,-0.0020, 0.0000, 0.0000,-0.7180,0
-0.0041, 0.0000,-0.0031, 3.1415, 0.0000,-0.0004, 0.0000, 0.0000,-0.7180,0
-0.0041, 0.0000,-0.0031, 3.1415, 0.0000,-0.0000, 0.0000, 0.0000,-0.7180,0
-0.0041, 0.0000,-0.0031, 3.1415, 0.0000,-0.0000, 0.0000, 0.0000,-0.7180,0
-0.0041, 0.0000,-0.0062, 3.1415, 0.0000,-0.2513, 0.0000, 0.0000,-0.7180,0
-0.0041, 0.0000,-0.0062, 3.1415, 0.0000,-0.0502, 0.0000, 0.0000,-0.7180,0
-0.0041, 0.0000,-0.0062, 3.1415, 0.0000,-0.0100, 0.0000, 0.0000,-0.7180,0
-0.0041, 0.0000,-0.0062, 3.1415, 0.0000,-0.0020, 0.0000, 0.0000,-0.7180,0
-0.0041, 0.0000,-0.0062, 3.1415, 0.0000,-0.0004, 0.0000, 0.0000,-0.7180,0
-0.0041, 0.0000,-0.0062, 3.1415, 0.0000,-0.0000, 0.0000, 0.0000,-0.7180,0
-0.0041, 0.0000,-0.0062, 3.1415, 0.0000,-0.0000, 0.0000, 0.0000,-0.7180,0
-0.0041, 0.0000,-0.0062, 3.1415, 0.0000,-0.0000, 0.0000, 0.0000,-0.7180,0
-0.0041, 0.0000,-0.0062, 3.1415, 0.0000,-0.0000, 0.0000, 0.0000,-0.7180,0
-0.0041, 0.0000,-0.0094, 3.1415, 0.0000,-0.2513, 0.0000, 0.0000,-0.7180,0
-0.0041, 0.0000,-0.0094, 3.1415, 0.0000,-0.0502, 0.0000, 0.0000,-0.7180,0
-0.0041, 0.0000,-0.0094, 3.1415, 0.0000,-0.0100, 0.0000, 0.0000,-0.7180,0
-0.0041, 0.0000,-0.0094, 3.1415, 0.0000,-0.0020, 0.0000, 0.0000,-0.7180,0
-0.0041, 0.0000,-0.0094, 3.1415, 0.0000,-0.0004, 0.0000, 0.0000,-0.7180,0
-0.0041, 0.0000,-0.0094, 3.1415, 0.0000,-0.0000, 0.0000, 0.0000,-0.7180,0
-0.0041, 0.0000,-0.0094, 3.1415, 0.0000,-0.0000, 0.0000, 0.0000,-0.7180,0
-0.0041, 0.0000,-0.0094, 3.1415, 0.0000,-0.0000, 0.0000, 0.0000,-0.7180,0
-0.0041, 0.0000,-0.0094, 3.1415, 0.0000,-0.0000, 0.0000, 0.0000,-0.7180,0
-0.0041, 0.0000,-0.0094, 3.1415, 0.0000,-0.0000, 0.0000, 0.0000,-0.7180,0
-0.0041, 0.0000,-0.0094, 3.1415, 0.0000,-0.0000, 0.0000, 0.0000,-0.7180,0
-0.0041, 0.0000,-0.0094, 3.1415, 0.0000,-0.0000, 0.0000, 0.0000,-0.7180,0
-0.0041, 0.0000,-0.0094, 3.1415, 0.0000,-0.0000, 0.0000, 0.0000,-0.7180,0
-0.0041, 0.0000,-0.0094, 3.1415, 0.0000,-0.0000, 0.0000, 0.0000,-0.7180,0
-0.0041, 0.0000,-0.0094, 3.1415, 0.0000,-0.0000, 0.0000, 0.0000,-0.7180,0
-0.0041, 0.0000,-0.0094, 3.1415, 0.0000,-0.0000, 0.0000, 0.0000,-0.7180,0
-0.0041, 0.0000,-0.0062, 3.1415, 0.0000, 0.2513, 0.0000, 0.0000,-0.7180,0
-0.0041, 0.0000,-0.0062, 3.1415, 0.0000, 0.0502, 0.0000, 0.0000,-0.7180,0
-0.0041, 0.0000,-0.0062, 3.1415, 0.0000, 0.0100, 0.0000, 0.0000,-0.7180,0
-0.0041, 0.0000,-0.0062, 3.1415, 0.0000, 0.0020, 0.0000, 0.0000,-0.7180,0
-0.0041, 0.0000,-0.0062, 3.1415, 0.0000, 0.0004, 0.0000, 0.0000,-0.7180,0
-0.0041, 0.0000,-0.0062, 3.1415, 0.0000, 0.0000, 0.0000, 0.0000,-0.7180,0
-0.0041, 0.0000,-0.0062, 3.1415, 0.0000, 0.0000, 0.0000, 0.0000,-0.7180,0
-0.0041, 0.0000,-0.0062, 3.1415, 0.0000, 0.0000, 0.0000, 0.0000,-0.7180,0
-0.0041, 0.0000,-0.0062, 3.1415, 0.0000, 0.0000, 0.0000, 0.0000,-0.7180,0
-0.0041, 0.0000,-0.0031, 3.1415, 0.0000, 0.2513, 0.0000, 0.0000,-0.7180,0
-0.0041, 0.0000,-0.0031, 3.1415, 0.0000, 0.0502, 0.0000, 0.0000,-0.7180,0
-0.0041, 0.0000,-0.0031, 3.1415, 0.0000, 0.0100, 0.0000, 0.0000,-0.7180,0
-0.0041, 0.0000,-0.0031, 3.1415, 0.0000, 0.0020, 0.0000, 0.0000,-0.7180,0
-0.0041, 0.0000,-0.0031, 3.1415, 0.0000, 0.0004, 0.0000, 0.0000,-0.7180,0
-0.0041, 0.0000,-0.0031, 3.1415, 0.0000, 0.0000, 0.0000, 0.0000,-0.7180,0
-0.0041, 0.0000, 0.0000, 3.1415, 0.0000, 0.2513, 0.0000, 0.0000,-0.7180,0
-0.0041, 0.0000, 0.0000, 3.1415, 0.0000, 0.0502, 0.0000, 0.0000,-0.7180,0
-0.0041, 0.0000, 0.0000, 3.1415, 0.0000, 0.0100, 0.0000, 0.0000,-0.7180,0
-0.0041, 0.0000, 0.0000, 3.1415, 0.0000, 0.0020, 0.0000, 0.0000,-0.7180,0
-0.0041, 0.0000, 0.0000, 3.1415, 0.0000, 0.0004, 0.0000, 0.0000,-0.7180,0
-0.0041, 0.0000, 0.0000, 3.1415, 0.0000, 0.0000, 0.0000, 0.0000,-0.7180,0
-0.0041, 0.0000, 0.0000, 3.1415, 0.0000, 0.0000, 0.0000, 0.0000,-0.7180,0
-0.0041, 0.0000, 0.0031, 3.1415, 0.0000, 0.2513, 0.0000, 0.0000,-0.7180,0
-0.0041, 0.0000, 0.0031, 3.1415, 0.0000, 0.0502, 0.0000, 0.0000,-0.7180,0
-0.0041, 0.0000, 0.0031, 3.1415, 0.0000, 0.0100, 0.0000, 0.0000,-0.7180,0
-0.0041, 0.0000, 0.0031, 3.1415, 0.0000, 0.0020, 0.0000, 0.0000,-0.7180,0
-0.0041, 0.0000, 0.0031, 3.1415, 0.0000, 0.0004, 0.0000, 0.0000,-0.7180,0
-0.0041, 0.0000, 0.0031, 3.1415, 0.0000, 0.0000, 0.0000, 0.0000,-0.7180,0
-0.0041, 0.0000, 0.0062, 3.1415, 0.0000, 0.2513, 0.0000, 0.0000,-0.7180,0
-0.0041, 0.0000, 0.0062, 3.1415, 0.0000, 0.0502, 0.0000, 0.0000,-0.7180,0
-0.0041, 0.0000, 0.0062, 3.1415, 0.0000, 0.0100, 0.0000, 0.0000,-0.7180,0
-0.0041, 0.0000, 0.0062, 3.1415, 0.0000, 0.0020, 0.0000, 0.0000,-0.7180,0
-0.0041, 0.0000, 0.0062, 3.1415, 0.0000, 0.0004, 0.0000, 0.0000,-0.7180,0
-0.0041, 0.0000, 0.0062, 3.1415, 0.0000, 0.0000, 0.0000, 0.0000,-0.7180,0
-0.0041, 0.0000, 0.0062, 3.1415, 0.0000, 0.0000, 0.0000, 0.0000,-0.7180,0
-0.0041, 0.0000, 0.0094, 3.1415, 0.0000, 0.2513, 0.0000, 0.0000,-0.7180,0
-0.0041, 0.0000, 0.0094, 3.1415, 0.0000, 0.0502, 0.0000, 0.0000,-0.7180,0
-0.0041, 0.0000, 0.0094, 3.1415, 0.0000, 0.0100, 0.0000, 0.0000,-0.7180,0
-0.0041, 0.0000, 0.0094, 3.1415, 0.0000, 0.0020, 0.0000, 0.0000,-0.7180,0
-0.0041, 0.0000, 0.0094, 3.1415, 0.0000, 0.0004, 0.0000, 0.0000,-0.7180,0
-0.0041, 0.0000, 0.0094, 3.1415, 0.0000, 0.0000, 0.0000, 0.0000,-0.7180,0
-0.0041, 0.0000, 0.0094, 3.1415, 0.0000, 0.0000, 0.0000, 0.0000,-0.7180,0
-0.0041, 0.0000, 0.0094, 3.1415, 0.0000, 0.0000, 0.0000, 0.0000,-0.7180,0
-0.0041, 0.0000, 0.0094, 3.1415, 0.0000, 0.0000, 0.0000, 0.0000,-0.7180,0
-0.0041, 0.0000, 0.0094, 3.1415, 0.0000, 0.0000, 0.0000, 0.0000,-0.7180,0
-0.0041, 0.0000, 0.0094, 3.1415, 0.0000, 0.0000, 0.0000, 0.0000,-0.7180,0
-0.0041, 0.0000, 0.0094, 3.1415, 0.0000, 0.0000, 0.0000, 0.0000,-0.7180,0
-0.0041, 0.0000, 0.0094, 3.1415, 0.0000, 0.0000, 0.0000, 0.0000,-0.7180,0
-0.0041, 0.0000, 0.0094, 3.1415, 0.0000, 0.0000, 0.0000, 0.0000,-0.7180,0
-0.0041, 0.0000, 0.0094, 3.1415, 0.0000, 0.0000, 0.0000, 0.0000,-0.7180,0
-0.0041, 0.0000, 0.0094, 3.1415, 0.0000, 0.0000, 0.0000, 0.0000,-0.7180,0
-0.0041, 0.0000, 0.0094, 3.1415, 0.0000, 0.0000, 0.0000, 0.0000,-0.7180,0
-0.0041, 0.0000, 0.0094, 3.1415, 0.0000, 0.0000, 0.0000, 0.0000,-0.7180,0
-0.0041, 0.0000, 0.0094, 3.1415, 0.0000, 0.0000, 0.0000, 0.0000,-0.7180,0
-0.0041, 0.0000, 0.0094, 3.1415, 0.0000, 0.0000, 0.0000, 0.0000,-0.7180,0
-0.0041, 0.0000, 0.0094, 3.1415, 0.0000, 0.0000, 0.0000, 0.0000,-0.7180,0
-0.0041, 0.0000, 0.0094, 3.1415, 0.0000, 0.0000, 0.0000, 0.0000,-0.7180,0
-0.0041, 0.0000, 0.0094, 3.1415, 0.0000, 0.0000, 0.0000, 0.0000,-0.7180,0
-0.0041, 0.0000, 0.0094, 3.1415, 0.0000, 0.0000, 0.0000, 0.0000,-0.7180,0
-0.0041, 0.0000, 0.0094, 3.1415, 0.0000, 0.0000, 0.0000, 0.0000,-0.7180,0
-0.0041, 0.0000, 0.0094, 3.1415, 0.0000, 0.0000, 0.0000, 0.0000,-0.7180,0
-0.0041, 0.0000, 0.0094, 3.1415, 0.0000, 0.0000, 0.0000, 0.0000,-0.7180,0
-0.0041, 0.0000, 0.0062, 3.1415, 0.0000,-0.2513, 0.0000, 0.0000,-0.7180,0
-0.0041, 0.0000, 0.0062, 3.1415, 0.0000,-0.0502, 0.0000, 0.0000,-0.7180,0
-0.0041, 0.0000, 0.0062, 3.1415, 0.0000,-0.0100, 0.0000, 0.0000,-0.7180,0
-0.0041, 0.0000, 0.0062, 3.1415, 0.0000,-0.0020, 0.0000, 0.0000,-0.7180,0
-0.0041, 0.0000, 0.0062, 3.1415, 0.0000,-0.0004, 0.0000, 0.0000,-0.7180,0
-0.0041, 0.0000, 0.0062, 3.1415, 0.0000,-0.0000, 0.0000, 0.0000,-0.7180,0
-0.0041, 0.0000, 0.0062, 3.1415, 0.0000,-0.0000, 0.0000, 0.0000,-0.7180,0
-0.0041, 0.0000, 0.0031, 3.1415, 0.0000,-0.2513, 0.0000, 0.0000,-0.7180,0
-0.0041, 0.0000, 0.0031, 3.1415, 0.0000,-0.0502, 0.0000, 0.0000,-0.7180,0
-0.0041, 0.0000, 0.0031, 3.1415, 0.0000,-0.0100, 0.0000, 0.0000,-0.7180,0
-0.0041, 0.0000, 0.0031, 3.1415, 0.0000,-0.0020, 0.0000, 0.0000,-0.7180,0
-0.0041, 0.0000, 0.0031, 3.1415, 0.0000,-0.0004, 0.0000, 0.0000,-0.7180,0
-0.0041, 0.0000, 0.0031, 3.1415, 0.0000,-0.0000, 0.0000, 0.0000,-0.7180,0
-0.0041, 0.0000, 0.0031, 3.1415, 0.0000,-0.0000, 0.0000, 0.0000,-0.7180,0
-0.0041, 0.0000, 0.0000, 3.1415, 0.0000,-0.2513, 0.0000, 0.0000,-0.7180,0
-0.0041, 0.0000, 0.0000, 3.1415, 0.0000,-0.0502, 0.0000, 0.0000,-0.7180,0
-0.0041, 0.0000, 0.0000, 3.1415, 0.0000,-0.0100, 0.0000, 0.0000,-0.7180,0
-0.0041, 0.0000, 0.0000, 3.1415, 0.0000,-0.0020, 0.0000, 0.0000,-0.7180,0
-0.0041, 0.0000, 0.0000, 3.1415, 0.0000,-0.0004, 0.0000, 0.0000,-0.7180,0
-0.0041, 0.0000, 0.0000, 3.1415, 0.0000,-0.0000, 0.0000, 0.0000,-0.7180,0
-0.0041, 0.0000,-0.0031, 3.1415, 0.0000,-0.2513, 0.0000, 0.0000,-0.7180,0
-0.0041, 0.0000,-0.0031, 3.1415, 0.0000,-0.0502, 0.0000, 0.0000,-0.7180,0
-0.0041, 0.0000,-0.0031, 3.1415, 0.0000,-0.0100, 0.0000, 0.0000,-0.7180,0
-0.0041, 0.0000,-0.0031, 3.1415, 0.0000,-0.0020, 0.0000, 0.0000,-0.7180,0
-0.0041, 0.0000,-0.0031, 3.1415, 0.0000,-0.0004, 0.0000, 0.0000,-0.7180,0
-0.0041, 0.0000,-0.0031, 3.1415, 0.0000,-0.0000, 0.0000, 0.0000,-0.7180,0
-0.0041, 0.0000,-0.0031, 3.1415, 0.0000,-0.0000, 0.0000, 0.0000,-0.7180,0
-0.0041, 0.0000,-0.0062, 3.1415, 0.0000,-0.2513, 0.0000, 0.0000,-0.7180,0
-0.0041, 0.0000,-0.0062, 3.1415, 0.0000,-0.0502, 0.0000, 0.0000,-0.7180,0
-0.0041, 0.0000,-0.0062, 3.1415, 0.0000,-0.0100, 0.0000, 0.0000,-0.7180,0
-0.0041, 0.0000,-0.0062, 3.1415, 0.0000,-0.0020, 0.0000, 0.0000,-0.7180,0
-0.0041, 0.0000,-0.0062, 3.1415, 0.0000,-0.0004, 0.0000, 0.0000,-0.7180,0
-0.0041, 0.0000,-0.0062, 3.1415, 0.0000,-0.0000, 0.0000, 0.0000,-0.7180,0
-0.0041, 0.0000,-0.0062, 3.1415, 0.0000,-0.0000, 0.0000, 0.0000,-0.7180,0
-0.0041, 0.0000,-0.0062, 3.1415, 0.0000,-0.0000, 0.0000, 0.0000,-0.7180,0
-0.0041, 0.0000,-0.0062, 3.1415, 0.0000,-0.0000, 0.0000, 0.0000,-0.7180,0
-0.0041, 0.0000,-0.0062, 3.1415, 0.0000,-0.0000, 0.0000, 0.0000,-0.7180,0
-0.0041, 0.0000,-0.0062, 3.1415, 0.0000,-0.0000, 0.0000, 0.0000,-0.7180,0
-0.0041, 0.0000,-0.0094, 3.1415, 0.0000,-0.2513, 0.0000, 0.0000,-0.7180,0
-0.0041, 0.0000,-0.0094, 3.1415, 0.0000,-0.0502, 0.0000, 0.0000,-0.7180,0
-0.0041, 0.0000,-0.0094, 3.1415, 0.0000,-0.0100, 0.0000, 0.0000,-0.7180,0
-0.0041, 0.0000,-0.0094, 3.1415, 0.0000,-0.0020, 0.0000, 0.0000,-0.7180,0
-0.0041, 0.0000,-0.0094, 3.1415, 0.0000,-0.0004, 0.0000, 0.0000,-0.7180,0
-0.0041, 0.0000,-0.0094, 3.1415, 0.0000,-0.0000, 0.0000, 0.0000,-0.7180,0
-0.0041, 0.0000,-0.0094, 3.1415, 0.0000,-0.0000, 0.0000, 0.0000,-0.7180,0
-0.0041, 0.0000,-0.0094, 3.1415, 0.0000,-0.0000, 0.0000, 0.0000,-0.7180,0
-0.0041, 0.0000,-0.0094, 3.1415, 0.0000,-0.0000, 0.0000, 0.0000,-0.7180,0
-0.0041, 0.0000,-0.0094, 3.1415, 0.0000,-0.0000, 0.0000, 0.0000,-0.7180,0
-0.0041, 0.0000,-0.0094, 3.1415, 0.0000,-0.0000, 0.0000, 0.0000,-0.7180,0
-0.0041, 0.0000,-0.0062, 3.1415, 0.0000, 0.2513, 0.0000, 0.0000,-0.7180,0
-0.0041, 0.0000,-0.0062, 3.1415, 0.0000, 0.0502, 0.0000, 0.0000,-0.7180,0
-0.0041, 0.0000,-0.0062, 3.1415, 0.0000, 0.0100, 0.0000, 0.0000,-0.7180,0
-0.0041, 0.0000,-0.0062, 3.1415, 0.0000, 0.0020, 0.0000, 0.0000,-0.7180,0
-0.0041, 0.0000,-0.0062, 3.1415, 0.0000, 0.0004, 0.0000, 0.0000,-0.7180,0
-0.0041, 0.0000,-0.0062, 3.1415, 0.0000, 0.0000, 0.0000, 0.0000,-0.7180,0
-0.0041, 0.0000,-0.0062, 3.1415, 0.0000, 0.0000, 0.0000, 0.0000,-0.7180,0
-0.0041, 0.0000,-0.0062, 3.1415, 0.0000, 0.0000, 0.0000, 0.0000,-0.7180,0
-0.0041, 0.0000,-0.0062, 3.1415, 0.0000, 0.0000, 0.0000, 0.0000,-0.7180,0
-0.0041, 0.0000,-0.0062, 3.1415, 0.0000, 0.0000, 0.0000, 0.0000,-0.7180,0
-0.0041, 0.0000,-0.0062, 3.1415, 0.0000, 0.0000, 0.0000, 0.0000,-0.7180,0
-0.0041, 0.0000,-0.0031, 3.1415, 0.0000, 0.2513, 0.0000, 0.0000,-0.7180,0
-0.0041, 0.0000,-0.0031, 3.1415, 0.0000, 0.0502, 0.0000, 0.0000,-0.7180,0
-0.0041, 0.0000,-0.0031, 3.1415, 0.0000, 0.0100, 0.0000, 0.0000,-0.7180,0
-0.0041, 0.0000,-0.0031, 3.1415, 0.0000, 0.0020, 0.0000, 0.0000,-0.7180,0
-0.0041, 0.0000,-0.0031, 3.1415, 0.0000, 0.0004, 0.0000, 0.0000,-0.7180,0
-0.0041, 0.0000,-0.0031, 3.1415, 0.0000, 0.0000, 0.0000, 0.0000,-0.7180,0
-0.0041, 0.0000,-0.0031, 3.1415, 0.0000, 0.0000, 0.0000, 0.0000,-0.7180,0
-0.0041, 0.0000, 0.0000, 3.1415, 0.0000, 0.2513, 0.0000, 0.0000,-0.7180,0
-0.0041, 0.0000, 0.0000, 3.1415, 0.0000, 0.0502, 0.0000, 0.0000,-0.7180,0
-0.0041, 0.0000, 0.0000, 3.1415, 0.0000, 0.0100, 0.0000, 0.0000,-0.7180,0
-0.0041, 0.0000, 0.0000, 3.1415, 0.0000, 0.0020, 0.0000, 0.0000,-0.7180,0
-0.0041, 0.0000, 0.0000, 3.1415, 0.0000, 0.0004, 0.0000, 0.0000,-0.7180,0
-0.0041, 0.0000, 0.0000, 3.1415, 0.0000, 0.0000, 0.0000, 0.0000,-0.7180,0
-0.0041, 0.0000, 0.0000, 3.1415, 0.0000, 0.0000, 0.0000, 0.0000,-0.7180,0
-0.0041, 0.0000, 0.0031, 3.1415, 0.0000, 0.2513, 0.0000, 0.0000,-0.7180,0
-0.0041, 0.0000, 0.0031, 3.1415, 0.0000, 0.0502, 0.0000, 0.0000,-0.7180,0
-0.0041, 0.0000, 0.0031, 3.1415, 0.0000, 0.0100, 0.0000, 0.0000,-0.7180,0
-0.0041, 0.0000, 0.0031, 3.1415, 0.0000, 0.0020, 0.0000, 0.0000,-0.7180,0
-0.0041, 0.0000, 0.0031, 3.1415, 0.0000, 0.0004, 0.0000, 0.0000,-0.7180,0
-0.0041, 0.0000, 0.0031, 3.1415, 0.0000, 0.0000, 0.0000, 0.0000,-0.7180,0
-0.0041, 0.0000, 0.0062, 3.1415, 0.0000, 0.2513, 0.0000, 0.0000,-0.7180,0
-0.0041, 0.0000, 0.0062, 3.1415, 0.0000, 0.0502, 0.0000, 0.0000,-0.7180,0
-0.0041, 0.0000, 0.0062, 3.1415, 0.0000, 0.0100, 0.0000, 0.0000,-0.7180,0
-0.0041, 0.0000, 0.0062, 3.1415, 0.0000, 0.0020, 0.0000, 0.0000,-0.7180,0
-0.0041, 0.0000, 0.0062, 3.1415, 0.0000, 0.0004, 0.0000, 0.0000,-0.7180,0
-0.0041, 0.0000, 0.0062, 3.1415, 0.0000, 0.0000, 0.0000, 0.0000,-0.7180,0
-0.0041, 0.0000, 0.0062, 3.1415, 0.0000, 0.0000, 0.0000, 0.0000,-0.7180,0
-0.0041, 0.0000, 0.0062, 3.1415, 0.0000, 0.0000, 0.0000, 0.0000,-0.7180,0
-0.0041, 0.0000, 0.0094, 3.1415, 0.0000, 0.2513, 0.0000, 0.0000,-0.7180,0
-0.0041, 0.0000, 0.0094, 3.1415, 0.0000, 0.0502, 0.0000, 0.0000,-0.7180,0
-0.0041, 0.0000, 0.0094, 3.1415, 0.0000, 0.0100, 0.0000, 0.0000,-0.7180,0
-0.0041, 0.0000, 0.0094, 3.1415, 0.0000, 0.0020, 0.0000, 0.0000,-0.7180,0
-0.0041, 0.0000, 0.0094, 3.1415, 0.0000, 0.0004, 0.0000, 0.0000,-0.7180,0
-0.0041, 0.0000, 0.0094, 3.1415, 0.0000, 0.0000, 0.0000, 0.0000,-0.7180,0
-0.0041, 0.0000, 0.0094, 3.1415, 0.0000, 0.0000, 0.0000, 0.0000,-0.7180,0
-0.0041, 0.0000, 0.0094, 3.1415, 0.0000, 0.0000, 0.0000, 0.0000,-0.7180,0
-0.0041, 0.0000, 0.0094, 3.1415, 0.0000, 0.0000, 0.0000, 0.0000,-0.7180,0
-0.0041, 0.0000, 0.0094, 3.1415, 0.0000, 0.0000, 0.0000, 0.0000,-0.7180,0
-0.0041, 0.0000, 0.0094, 3.1415, 0.0000, 0.0000, 0.0000, 0.0000,-0.7180,0
-0.0041, 0.0000, 0.0094, 3.1415, 0.0000, 0.0000, 0.0000, 0.0000,-0.7180,0
-0.0041, 0.0000, 0.0094, 3.1415, 0.0000, 0.0000, 0.0000, 0.0000,-0.7180,0
-0.0041, 0.0000, 0.0094, 3.1415, 0.0000, 0.0000, 0.0000, 0.0000,-0.7180,0
-0.0041, 0.0000, 0.0094, 3.1415, 0.0000, 0.0000, 0.0000, 0.0000,-0.7180,0
-0.0041, 0.0000, 0.0094, 3.1415, 0.0000, 0.0000, 0.0000, 0.0000,-0.7180,0
-0.0041, 0.0000, 0.0094, 3.1415, 0.0000, 0.0000, 0.0000, 0.0000,-0.7180,0
-0.0041, 0.0000, 0.0094, 3.1415, 0.0000, 0.0000, 0.0000, 0.0000,-0.7180,0
-0.0041, 0.0000, 0.0094, 3.1415, 0.0000, 0.0000, 0.0000, 0.0000,-0.7180,0
-0.0041, 0.0000, 0.0094, 3.1415, 0.0000, 0.0000, 0.0000, 0.0000,-0.7180,0
-0.0041, 0.0000, 0.0094, 3.1415, 0.0000, 0.0000, 0.0000, 0.0000,-0.7180,0
-0.0041, 0.0000, 0.0094, 3.1415, 0.0000, 0.0000, 0.0000, 0.0000,-0.7180,0
-0.0041, 0.0000, 0.0094, 3.1415, 0.0000, 0.0000, 0.0000, 0.0000,-0.7180,0
-0.0041, 0.0000, 0.0094, 3.1415, 0.0000, 0.0000, 0.0000, 0.0000,-0.7180,0
-0.0041, 0.0000, 0.0062, 3.1415, 0.0000,-0.2513, 0.0000, 0.0000,-0.7180,0
-0.0041, 0.0000, 0.0062, 3.1415, 0.0000,-0.0502, 0.0000, 0.0000,-0.7180,0
-0.0041, 0.0000, 0.0062, 3.1415, 0.0000,-0.0100, 0.0000, 0.0000,-0.7180,0
-0.0041, 0.0000, 0.0062, 3.1415, 0.0000,-0.0020, 0.0000, 0.0000,-0.7180,0
-0.0041, 0.0000, 0.0062, 3.1415, 0.0000,-0.0004, 0.0000, 0.0000,-0.7180,0
-0.0041, 0.0000, 0.0062, 3.1415, 0.0000,-0.0000, 0.0000, 0.0000,-0.7180,0
-0.0041, 0.0000, 0.0062, 3.1415, 0.0000,-0.0000, 0.0000, 0.0000,-0.7180,0
-0.0041, 0.0000, 0.0062, 3.1415, 0.0000,-0.0000, 0.0000, 0.0000,-0.7180,0
-0.0041, 0.0000, 0.0031, 3.1415, 0.0000,-0.2513, 0.0000, 0.0000,-0.7180,0
-0.0041, 0.0000, 0.0031, 3.1415, 0.0000,-0.0502, 0.0000, 0.0000,-0.7180,0
-0.0041, 0.0000, 0.0031, 3.1415, 0.0000,-0.0100, 0.0000, 0.0000,-0.7180,0
-0.0041, 0.0000, 0.0031, 3.1415, 0.0000,-0.0020, 0.0000, 0.0000,-0.7180,0
-0.0041, 0.0000, 0.0031, 3.1415, 0.0000,-0.0004, 0.0000, 0.0000,-0.7180,0
-0.0041, 0.0000, 0.0031, 3.1415, 0.0000,-0.0000, 0.0000, 0.0000,-0.7180,0
-0.0041, 0.0000, 0.0031, 3.1415, 0.0000,-0.0000, 0.0000, 0.0000,-0.7180,0
-0.0041, 0.0000, 0.0000, 3.1415, 0.0000,-0.2513, 0.0000, 0.0000,-0.7180,0
-0.0041, 0.0000, 0.0000, 3.1415, 0.0000,-0.0502, 0.0000, 0.0000,-0.7180,0
-0.0041, 0.0000, 0.0000, 3.1415, 0.0000,-0.0100, 0.0000, 0.0000,-0.7180,0
-0.0041, 0.0000, 0.0000, 3.1415, 0.0000,-0.0020, 0.0000, 0.0000,-0.7180,0
-0.0041, 0.0000, 0.0000, 3.1415, 0.0000,-0.0004, 0.0000, 0.0000,-0.7180,0
-0.0041, 0.0000, 0.0000, 3.1415, 0.0000,-0.0000, 0.0000, 0.0000,-0.7180,0
-0.0041, 0.0000, 0.0000, 3.1415, 0.0000,-0.0000, 0.0000, 0.0000,-0.7180,0
-0.0041, 0.0000,-0.0031, 3.1415, 0.0000,-0.2513, 0.0000, 0.0000,-0.7180,0
-0.0041, 0.0000,-0.0031, 3.1415, 0.0000,-0.0502, 0.0000, 0.0000,-0.7180,0
-0.0041, 0.0000,-0.0031, 3.1415, 0.0000,-0.0100, 0.0000, 0.0000,-0.7180,0
-0.0041, 0.0000,-0.0031, 3.1415, 0.0000,-0.0020, 0.0000, 0.0000,-0.7180,0
-0.0041, 0.0000,-0.0031, 3.1415, 0.0000,-0.0004, 0.0000, 0.0000,-0.7180,0
-0.0041, 0.0000,-0.0031, 3.1415, 0.0000,-0.0000, 0.0000, 0.0000,-0.7180,0
-0.0041, 0.0000,-0.0031, 3.1415, 0.0000,-0.0000, 0.0000, 0.0000,-0.7180,0
-0.0041, 0.0000,-0.0031, 3.1415, 0.0000,-0.0000, 0.0000, 0.0000,-0.7180,0
-0.0041, 0.0000,-0.0062, 3.1415, 0.0000,-0.2513, 0.0000, 0.0000,-0.7180,0
-0.0041, 0.0000,-0.0062, 3.1415, 0.0000,-0.0502, 0.0000, 0.0000,-0.7180,0
-0.0041, 0.0000,-0.0062, 3.1415, 0.0000,-0.0100, 0.0000, 0.0000,-0.7180,0
-0.0041, 0.0000,-0.0062, 3.1415, 0.0000,-0.0020, 0.0000, 0.0000,-0.7180,0
-0.0041, 0.0000,-0.0062, 3.1415, 0.0000,-0.0004, 0.0000, 0.0000,-0.7180,0
-0.0041, 0.0000,-0.0062, 3.1415, 0.0000,-0.0000, 0.0000, 0.0000,-0.7180,0
-0.0041, 0.0000,-0.0062, 3.1415, 0.0000,-0.0000, 0.0000, 0.0000,-0.7180,0
-0.0041, 0.0000,-0.0062, 3.1415, 0.0000,-0.0000, 0.0000, 0.0000,-0.7180,0
-0.0041, 0.0000,-0.0062, 3.1415, 0.0000,-0.0000, 0.0000, 0.0000,-0.7180,0
-0.0041, 0.0000,-0.0062, 3.1415, 0.0000,-0.0000, 0.0000, 0.0000,-0.7180,0
-0.0041, 0.0000,-0.0062, 3.1415, 0.0000,-0.0000, 0.0000, 0.0000,-0.7180,0
-0.0041, 0.0000,-0.0062, 3.1415, 0.0000,-0.0000, 0.0000, 0.0000,-0.7180,0
-0.0041, 0.0000,-0.0062, 3.1415, 0.0000,-0.0000, 0.0000, 0.0000,-0.7180,0
-0.0041, 0.0000,-0.0062, 3.1415, 0.0000,-0.0000, 0.0000, 0.0000,-0.7180,0
-0.0041, 0.0000,-0.0062, 3.1415, 0.0000,-0.0000, 0.0000, 0.0000,-0.7180,0
-0.0041, 0.0000,-0.0062, 3.1415, 0.0000,-0.0000, 0.0000, 0.0000,-0.7180,0
-0.0041, 0.0000,-0.0062, 3.1415, 0.0000,-0.0000, 0.0000, 0.0000,-0.7180,0
-0.0041, 0.0000,-0.0062, 3.1415, 0.0000,-0.0000, 0.0000, 0.0000,-0.7180,0
-0.0041, 0.0000,-0.0062, 3.1415, 0.0000,-0.0000, 0.0000, 0.0000,-0.7180,0
-0.0041, 0.0000,-0.0062, 3.1415, 0.0000,-0.0000, 0.0000, 0.0000,-0.7180,0
-0.0041, 0.0000,-0.0062, 3.1415, 0.0000,-0.0000, 0.0000, 0.0000,-0.7180,0
-0.0041, 0.0000,-0.0062, 3.1415, 0.0000,-0.0000, 0.0000, 0.0000,-0.7180,0
-0.0041, 0.0000,-0.0062, 3.1415, 0.0000,-0.0000, 0.0000, 0.0000,-0.7180,0
-0.0041, 0.0000,-0.0062, 3.1415, 0.0000,-0.0000, 0.0000, 0.0000,-0.7180,0
-0.0041, 0.0000,-0.0062, 3.1415, 0.0000,-0.0000, 0.0000, 0.0000,-0.7180,0
-0.0041, 0.0000,-0.0062, 3.1415, 0.0000,-0.0000, 0.0000, 0.0000,-0.7180,0
-0.0041, 0.0000,-0.0062, 3.1415, 0.0000,-0.0000, 0.0000, 0.0000,-0.7180,0
-0.0041, 0.0000,-0.0062, 3.1415, 0.0000,-0.0000, 0.0000, 0.0000,-0.7180,0
-0.0041, 0.0000,-0.0062, 3.1415, 0.0000,-0.0000, 0.0000, 0.0000,-0.7180,0
-0.0041, 0.0000,-0.0062, 3.1415, 0.0000,-0.0000, 0.0000, 0.0000,-0.7180,0
-0.0041, 0.0000,-0.0031, 3.1415, 0.0000, 0.2513, 0.0000, 0.0000,-0.7180,0
-0.0041, 0.0000,-0.0031, 3.1415, 0.0000, 0.0502, 0.0000, 0.0000,-0.7180,0
-0.0041, 0.0000,-0.0031, 3.1415, 0.0000, 0.0100, 0.0000, 0.0000,-0.7180,0
-0.0041, 0.0000,-0.0031, 3.1415, 0.0000, 0.0020, 0.0000, 0.0000,-0.7180,0
-0.0041, 0.0000,-0.0031, 3.1415, 0.0000, 0.0004, 0.0000, 0.0000,-0.7180,0
-0.0041, 0.0000,-0.0031, 3.1415, 0.0000, 0.0000, 0.0000, 0.0000,-0.7180,0
-0.0041, 0.0000,-0.0031, 3.1415, 0.0000, 0.0000, 0.0000, 0.0000,-0.7180,0
-0.0041, 0.0000,-0.0031, 3.1415, 0.0000, 0.0000, 0.0000, 0.0000,-0.7180,0
-0.0041, 0.0000, 0.0000, 3.1415, 0.0000, 0.2513, 0.0000, 0.0000,-0.7180,0
-0.0041, 0.0000, 0.0000, 3.1415, 0.0000, 0.0502, 0.0000, 0.0000,-0.7180,0
-0.0041, 0.0000, 0.0000, 3.1415, 0.0000, 0.0100, 0.0000, 0.0000,-0.7180,0
-0.0041, 0.0000, 0.0000, 3.1415, 0.0000, 0.0020, 0.0000, 0.0000,-0.7180,0
-0.0041, 0.0000, 0.0000, 3.1415, 0.0000, 0.0004, 0.0000, 0.0000,-0.7180,0
-0.0041, 0.0000, 0.0000, 3.1415, 0.0000, 0.0000, 0.0000, 0.0000,-0.7180,0
-0.0041, 0.0000, 0.0000, 3.1415, 0.0000, 0.0000, 0.0000, 0.0000,-0.7180,0
-0.0041, 0.0000, 0.0031, 3.1415, 0.0000, 0.2513, 0.0000, 0.0000,-0.7180,0
-0.0041, 0.0000, 0.0031, 3.1415, 0.0000, 0.0502, 0.0000, 0.0000,-0.7180,0
-0.0041, 0.0000, 0.0031, 3.1415, 0.0000, 0.0100, 0.0000, 0.0000,-0.7180,0
-0.0041, 0.0000, 0.0031, 3.1415, 0.0000, 0.0020, 0.0000, 0.0000,-0.7180,0
-0.0041, 0.0000, 0.0031, 3.1415, 0.0000, 0.0004, 0.0000, 0.0000,-0.7180,0
-0.0041, 0.0000, 0.0031, 3.1415, 0.0000, 0.0000, 0.0000, 0.0000,-0.7180,0
-0.0041, 0.0000, 0.0031, 3.1415, 0.0000, 0.0000, 0.0000, 0.0000,-0.7180,0
-0.0041, 0.0000, 0.0062, 3.1415, 0.0000, 0.2513, 0.0000, 0.0000,-0.7180,0
-0.0041, 0.0000, 0.0062, 3.1415, 0.0000, 0.0502, 0.0000, 0.0000,-0.7180,0
-0.0041, 0.0000, 0.0062, 3.1415, 0.0000, 0.0100, 0.0000, 0.0000,-0.7180,0
-0.0041, 0.0000, 0.0062, 3.1415, 0.0000, 0.0020, 0.0000, 0.0000,-0.7180,0
-0.0041, 0.0000, 0.0062, 3.1415, 0.0000, 0.0004, 0.0000, 0.0000,-0.7180,0
-0.0041, 0.0000, 0.0062, 3.1415, 0.0000, 0.0000, 0.0000, 0.0000,-0.7180,0
-0.0041, 0.0000, 0.0062, 3.1415, 0.0000, 0.0000, 0.0000, 0.0000,-0.7180,0
-0.0041, 0.0000, 0.0062, 3.1415, 0.0000, 0.0000, 0.0000, 0.0000,-0.7180,0
-0.0041, 0.0000, 0.0062, 3.1415, 0.0000, 0.0000, 0.0000, 0.0000,-0.7180,0
-0.0041, 0.0000, 0.0062, 3.1415, 0.0000, 0.0000, 0.0000, 0.0000,-0.7180,0
-0.0041, 0.0000, 0.0094, 3.1415, 0.0000, 0.2513, 0.0000, 0.0000,-0.7180,0
-0.0041, 0.0000, 0.0094, 3.1415, 0.0000, 0.0502, 0.0000, 0.0000,-0.7180,0
-0.0041, 0.0000, 0.0094, 3.1415, 0.0000, 0.0100, 0.0000, 0.0000,-0.7180,0
-0.0041, 0.0000, 0.0094, 3.1415, 0.0000, 0.0020, 0.0000, 0.0000,-0.7180,0
-0.0041, 0.0000, 0.0094, 3.1415, 0.0000, 0.0004, 0.0000, 0.0000,-0.7180,0
-0.0041, 0.0000, 0.0094, 3.1415, 0.0000, 0.0000, 0.0000, 0.0000,-0.7180,0
-0.0041, 0.0000, 0.0094, 3.1415, 0.0000, 0.0000, 0.0000, 0.0000,-0.7180,0
-0.0041, 0.0000, 0.0094, 3.1415, 0.0000, 0.0000, 0.0000, 0.0000,-0.7180,0
-0.0041, 0.0000, 0.0094, 3.1415, 0.0000, 0.0000, 0.0000, 0.0000,-0.7180,0
-0.0041, 0.0000, 0.0094, 3.1415, 0.0000, 0.0000, 0.0000, 0.0000,-0.7180,0
-0.0041, 0.0000, 0.0094, 3.1415, 0.0000, 0.0000, 0.0000, 0.0000,-0.7180,0
-0.0041, 0.0000, 0.0094, 3.1415, 0.0000, 0.0000, 0.0000, 0.0000,-0.7180,0
-0.0041, 0.0000, 0.0094, 3.1415, 0.0000, 0.0000, 0.0000, 0.0000,-0.7180,0
-0.0041, 0.0000, 0.0094, 3.1415, 0.0000, 0.0000, 0.0000, 0.0000,-0.7180,0
-0.0041, 0.0000, 0.0094, 3.1415, 0.0000, 0.0000, 0.0000, 0.0000,-0.7180,0
-0.0041, 0.0000, 0.0094, 3.1415, 0.0000, 0.0000, 0.0000, 0.0000,-0.7180,0
-0.0041, 0.0000, 0.0094, 3.1415, 0.0000, 0.0000, 0.0000, 0.0000,-0.7180,0
-0.0041, 0.0000, 0.0094, 3.1415, 0.0000, 0.0000, 0.0000, 0.0000,-0.7180,0
-0.0041, 0.0000, 0.0094, 3.1415, 0.0000, 0.0000, 0.0000, 0.0000,-0.7180,0
-0.0041, 0.0000, 0.0094, 3.1415, 0.0000, 0.0000, 0.0000, 0.0000,-0.7180,0
-0.0041, 0.0000, 0.0062, 3.1415, 0.0000,-0.2513, 0.0000, 0.0000,-0.7180,0
-0.0041, 0.0000, 0.0062, 3.1415, 0.0000,-0.0502, 0.0000, 0.0000,-0.7180,0
-0.0041, 0.0000, 0.0062, 3.1415, 0.0000,-0.0100, 0.0000, 0.0000,-0.7180,0
-0.0041, 0.0000, 0.0062, 3.1415, 0.0000,-0.0020, 0.0000, 0.0000,-0.7180,0
-0.0041, 0.0000, 0.0062, 3.1415, 0.0000,-0.0004, 0.0000, 0.0000,-0.7180,0
-0.0041, 0.0000, 0.0062, 3.1415, 0.0000,-0.0000, 0.0000, 0.0000,-0.7180,0
-0.0041, 0.0000, 0.0062, 3.1415, 0.0000,-0.0000, 0.0000, 0.0000,-0.7180,0
-0.0041, 0.0000, 0.0062, 3.1415, 0.0000,-0.0000, 0.0000, 0.0000,-0.7180,0
-0.0041, 0.0000, 0.0062, 3.1415, 0.0000,-0.0000, 0.0000, 0.0000,-0.7180,0
-0.0041, 0.0000, 0.0031, 3.1415, 0.0000,-0.2513, 0.0000, 0.0000,-0.7180,0
-0.0041, 0.0000, 0.0031, 3.1415, 0.0000,-0.0502, 0.0000, 0.0000,-0.7180,0
-0.0041, 0.0000, 0.0031, 3.1415, 0.0000,-0.0100, 0.0000, 0.0000,-0.7180,0
-0.0041, 0.0000, 0.0031, 3.1415, 0.0000,-0.0020, 0.0000, 0.0000,-0.7180,0
-0.0041, 0.0000, 0.0031, 3.1415, 0.0000,-0.0004, 0.0000, 0.0000,-0.7180,0
-0.0041, 0.0000, 0.0031, 3.1415, 0.0000,-0.0000, 0.0000, 0.0000,-0.7180,0
-0.0041, 0.0000, 0.0031, 3.1415, 0.0000,-0.0000, 0.0000, 0.0000,-0.7180,0
-0.0041, 0.0000, 0.0000, 3.1415, 0.0000,-0.2513, 0.0000, 0.0000,-0.7180,0
-0.0041, 0.0000, 0.0000, 3.1415, 0.0000,-0.0502, 0.0000, 0.0000,-0.7180,0
-0.0041, 0.0000, 0.0000, 3.1415, 0.0000,-0.0100, 0.0000, 0.0000,-0.7180,0
-0.0041, 0.0000, 0.0000, 3.1415, 0.0000,-0.0020, 0.0000, 0.0000,-0.7180,0
-0.0041, 0.0000, 0.0000, 3.1415, 0.0000,-0.0004, 0.0000, 0.0000,-0.7180,0
-0.0041, 0.0000, 0.0000, 3.1415, 0.0000,-0.0000, 0.0000, 0.0000,-0.7180,0
-0.0041, 0.0000, 0.0000, 3.1415, 0.0000,-0.0000, 0.0000, 0.0000,-0.7180,0
-0.0041, 0.0000, 0.0000, 3.1415, 0.0000,-0.0000, 0.0000, 0.0000,-0.7180,0
-0.0041, 0.0000,-0.0031, 3.1415, 0.0000,-0.2513, 0.0000, 0.0000,-0.7180,0
-0.0041, 0.0000,-0.0031, 3.1415, 0.0000,-0.0502, 0.0000, 0.0000,-0.7180,0
-0.0041, 0.0000,-0.0031, 3.1415, 0.0000,-0.0100, 0.0000, 0.0000,-0.7180,0
-0.0041, 0.0000,-0.0031, 3.1415, 0.0000,-0.0020, 0.0000, 0.0000,-0.7180,0
-0.0041, 0.0000,-0.0031, 3.1415, 0.0000,-0.0004, 0.0000, 0.0000,-0.7180,0
-0.0041, 0.0000,-0.0031, 3.1415, 0.0000,-0.0000, 0.0000, 0.0000,-0.7180,0
-0.0041, 0.0000,-0.0031, 3.1415, 0.0000,-0.0000, 0.0000, 0.0000,-0.7180,0
-0.0041, 0.0000,-0.0031, 3.1415, 0.0000,-0.0000, 0.0000, 0.0000,-0.7180,0
-0.0041, 0.0000,-0.0062, 3.1415, 0.0000,-0.2513, 0.0000, 0.0000,-0.7180,0
-0.0041, 0.0000,-0.0062, 3.1415, 0.0000,-0.0502, 0.0000, 0.0000,-0.7180,0
-0.0041, 0.0000,-0.0062, 3.1415, 0.0000,-0.0100, 0.0000, 0.0000,-0.7180,0
-0.0041, 0.0000,-0.0062, 3.1415, 0.0000,-0.0020, 0.0000, 0.0000,-0.7180,0
-0.0041, 0.0000,-0.0062, 3.1415, 0.0000,-0.0004, 0.0000, 0.0000,-0.7180,0
-0.0041, 0.0000,-0.0062, 3.1415, 0.0000,-0.0000, 0.0000, 0.0000,-0.7180,0
-0.0041, 0.0000,-0.0062, 3.1415, 0.0000,-0.0000, 0.0000, 0.0000,-0.7180,0
-0.0041, 0.0000,-0.0062, 3.1415, 0.0000,-0.0000, 0.0000, 0.0000,-0.7180,0
-0.0041, 0.0000,-0.0062, 3.1415, 0.0000,-0.0000, 0.0000, 0.0000,-0.7180,0
-0.0041, 0.0000,-0.0062, 3.1415, 0.0000,-0.0000, 0.0000, 0.0000,-0.7180,0
-0.0041, 0.0000,-0.0062, 3.1415, 0.0000,-0.0000, 0.0000, 0.0000,-0.7180,0
-0.0041, 0.0000,-0.0062, 3.1415, 0.0000,-0.0000, 0.0000, 0.0000,-0.7180,0
-0.0041, 0.0000,-0.0062, 3.1415, 0.0000,-0.0000, 0.0000, 0.0000,-0.7180,0
-0.0041, 0.0000,-0.0062, 3.1415, 0.0000,-0.0000, 0.0000, 0.0000,-0.7180,0
-0.0041, 0.0000,-0.0062, 3.1415, 0.0000,-0.0000, 0.0000, 0.0000,-0.7180,0
-0.0041, 0.0000,-0.0062, 3.1415, 0.0000,-0.0000, 0.0000, 0.0000,-0.7180,0
-0.0041, 0.0000,-0.0062, 3.1415, 0.0000,-0.0000, 0.0000, 0.0000,-0.7180,0
-0.0041, 0.0000,-0.0062, 3.1415, 0.0000,-0.0000, 0.0000, 0.0000,-0.7180,0
-0.0041, 0.0000,-0.0062, 3.1415, 0.0000,-0.0000, 0.0000, 0.0000,-0.7180,0
-0.0041, 0.0000,-0.0062, 3.1415, 0.0000,-0.0000, 0.0000, 0.0000,-0.7180,0
-0.0041, 0.0000,-0.0062, 3.1415, 0.0000,-0.0000, 0.0000, 0.0000,-0.7180,0
-0.0041, 0.0000,-0.0062, 3.1415, 0.0000,-0.0000, 0.0000, 0.0000,-0.7180,0
-0.0041, 0.0000,-0.0062, 3.1415, 0.0000,-0.0000, 0.0000, 0.0000,-0.7180,0
-0.0041, 0.0000,-0.0062, 3.1415, 0.0000,-0.0000, 0.0000, 0.0000,-0.7180,0
-0.0041, 0.0000,-0.0062, 3.1415, 0.0000,-0.0000, 0.0000, 0.0000,-0.7180,0
-0.0041, 0.0000,-0.0062, 3.1415, 0.0000,-0.0000, 0.0000, 0.0000,-0.7180,0
-0.0041, 0.0000,-0.0062, 3.1415, 0.0000,-0.0000, 0.0000, 0.0000,-0.7180,0
-0.0041, 0.0000,-0.0062, 3.1415, 0.0000,-0.0000, 0.0000, 0.0000,-0.7180,0
-0.0041, 0.0000,-0.0062, 3.1415, 0.0000,-0.0000, 0.0000, 0.0000,-0.7180,0
-0.0041, 0.0000,-0.0031, 3.1415, 0.0000, 0.2513, 0.0000, 0.0000,-0.7180,0
-0.0041, 0.0000,-0.0031, 3.1415, 0.0000, 0.0502, 0.0000, 0.0000,-0.7180,0
-0.0041, 0.0000,-0.0031, 3.1415, 0.0000, 0.0100, 0.0000, 0.0000,-0.7180,0
-0.0041, 0.0000,-0.0031, 3.1415, 0.0000, 0.0020, 0.0000, 0.0000,-0.7180,0
-0.0041, 0.0000,-0.0031, 3.1415, 0.0000, 0.0004, 0.0000, 0.0000,-0.7180,0
-0.0041, 0.0000,-0.0031, 3.1415, 0.0000, 0.0000, 0.0000, 0.0000,-0.7180,0
-0.0041, 0.0000,-0.0031, 3.1415, 0.0000, 0.0000, 0.0000, 0.0000,-0.7180,0
-0.0041, 0.0000,-0.0031, 3.1415, 0.0000, 0.0000, 0.0000, 0.0000,-0.7180,0
-0.0041, 0.0000, 0.0000, 3.1415, 0.0000, 0.2513, 0.0000, 0.0000,-0.7180,0
-0.0041, 0.0000, 0.0000, 3.1415, 0.0000, 0.0502, 0.0000, 0.0000,-0.7180,0
-0.0041, 0.0000, 0.0000, 3.1415, 0.0000, 0.0100, 0.0000, 0.0000,-0.7180,0
-0.0041, 0.0000, 0.0000, 3.1415, 0.0000, 0.0020, 0.0000, 0.0000,-0.7180,0
-0.0041, 0.0000, 0.0000, 3.1415, 0.0000, 0.0004, 0.0000, 0.0000,-0.7180,0
-0.0041, 0.0000, 0.0000, 3.1415, 0.0000, 0.0000, 0.0000, 0.0000,-0.7180,0
-0.0041, 0.0000, 0.0000, 3.1415, 0.0000, 0.0000, 0.0000, 0.0000,-0.7180,0
-0.0041, 0.0000, 0.0000, 3.1415, 0.0000, 0.0000, 0.0000, 0.0000,-0.7180,0
-0.0041, 0.0000, 0.0031, 3.1415, 0.0000, 0.2513, 0.0000, 0.0000,-0.7180,0
-0.0041, 0.0000, 0.0031, 3.1415, 0.0000, 0.0502, 0.0000, 0.0000,-0.7180,0
-0.0041, 0.0000, 0.0031, 3.1415, 0.0000, 0.0100, 0.0000, 0.0000,-0.7180,0
-0.0041, 0.0000, 0.0031, 3.1415, 0.0000, 0.0020, 0.0000, 0.0000,-0.7180,0
-0.0041, 0.0000, 0.0031, 3.1415, 0.0000, 0.0004, 0.0000, 0.0000,-0.7180,0
-0.0041, 0.0000, 0.0031, 3.1415, 0.0000, 0.0000, 0.0000, 0.0000,-0.7180,0
-0.0041, 0.0000, 0.0031, 3.1415, 0.0000, 0.0000, 0.0000, 0.0000,-0.7180,0
-0.0041, 0.0000, 0.0062, 3.1415, 0.0000, 0.2513, 0.0000, 0.0000,-0.7180,0
-0.0041, 0.0000, 0.0062, 3.1415, 0.0000, 0.0502, 0.0000, 0.0000,-0.7180,0
-0.0041, 0.0000, 0.0062, 3.1415, 0.0000, 0.0100, 0.0000, 0.0000,-0.7180,0
-0.0041, 0.0000, 0.0062, 3.1415, 0.0000, 0.0020, 0.0000, 0.0000,-0.7180,0
-0.0041, 0.0000, 0.0062, 3.1415, 0.0000, 0.0004, 0.0000, 0.0000,-0.7180,0
-0.0041, 0.0000, 0.0062, 3.1415, 0.0000, 0.0000, 0.0000, 0.0000,-0.7180,0
-0.0041, 0.0000, 0.0062, 3.1415, 0.0000, 0.0000, 0.0000, 0.0000,-0.7180,0
-0.0041, 0.0000, 0.0062, 3.1415, 0.0000, 0.0000, 0.0000, 0.0000,-0.7180,0
-0.0041, 0.0000, 0.0062, 3.1415, 0.0000, 0.0000, 0.0000, 0.0000,-0.7180,0
-0.0041, 0.0000, 0.0062, 3.1415, 0.0000, 0.0000, 0.0000, 0.0000,-0.7180,0
-0.0041, 0.0000, 0.0062, 3.1415, 0.0000, 0.0000, 0.0000, 0.0000,-0.7180,0
-0.0041, 0.0000, 0.0094, 3.1415, 0.0000, 0.2513, 0.0000, 0.0000,-0.7180,0
-0.0041, 0.0000, 0.0094, 3.1415, 0.0000, 0.0502, 0.0000, 0.0000,-0.7180,0
-0.0041, 0.0000, 0.0094, 3.1415, 0.0000, 0.0100, 0.0000, 0.0000,-0.7180,0
-0.0041, 0.0000, 0.0094, 3.1415, 0.0000, 0.0020, 0.0000, 0.0000,-0.7180,0
-0.0041, 0.0000, 0.0094, 3.1415, 0.0000, 0.0004, 0.0000, 0.0000,-0.7180,0
-0.0041, 0.0000, 0.0094, 3.1415, 0.0000, 0.0000, 0.0000, 0.0000,-0.7180,0
-0.0041, 0.0000, 0.0094, 3.1415, 0.0000, 0.0000, 0.0000, 0.0000,-0.7180,0
-0.0041, 0.0000, 0.0094, 3.1415, 0.0000, 0.0000, 0.0000, 0.0000,-0.7180,0
-0.0041, 0.0000, 0.0094, 3.1415, 0.0000, 0.0000, 0.0000, 0.0000,-0.7180,0
-0.0041, 0.0000, 0.0094, 3.1415, 0.0000, 0.0000, 0.0000, 0.0000,-0.7180,0
-0.0041, 0.0000, 0.0094, 3.1415, 0.0000, 0.0000, 0.0000, 0.0000,-0.7180,0
-0.0041, 0.0000, 0.0094, 3.1415, 0.0000, 0.0000, 0.0000, 0.0000,-0.7180,0
-0.0041, 0.0000, 0.0094, 3.1415, 0.0000, 0.0000, 0.0000, 0.0000,-0.7180,0
-0.0041, 0.0000, 0.0094, 3.1415, 0.0000, 0.0000, 0.0000, 0.0000,-0.7180,0
-0.0041, 0.0000, 0.0094, 3.1415, 0.0000, 0.0000, 0.0000, 0.0000,-0.7180,0
-0.0041, 0.0000, 0.0094, 3.1415, 0.0000, 0.0000, 0.0000, 0.0000,-0.7180,0
-0.0041, 0.0000, 0.0094, 3.1415, 0.0000, 0.0000, 0.0000, 0.0000,-0.7180,0
-0.0041, 0.0000, 0.0062, 3.1415, 0.0000,-0.2513, 0.0000, 0.0000,-0.7180,0
-0.0041, 0.0000, 0.0062, 3.1415, 0.0000,-0.0502, 0.0000, 0.0000,-0.7180,0
-0.0041, 0.0000, 0.0062, 3.1415, 0.0000,-0.0100, 0.0000, 0.0000,-0.7180,0
-0.0041, 0.0000, 0.0062, 3.1415, 0.0000,-0.0020, 0.0000, 0.0000,-0.7180,0
-0.0041, 0.0000, 0.0062, 3.1415, 0.0000,-0.0004, 0.0000, 0.0000,-0.7180,0
-0.0041, 0.0000, 0.0062, 3.1415, 0.0000,-0.0000, 0.0000, 0.0000,-0.7180,0
-0.0041, 0.0000, 0.0062, 3.1415, 0.0000,-0.0000, 0.0000, 0.0000,-0.7180,0
-0.0041, 0.0000, 0.0062, 3.1415, 0.0000,-0.0000, 0.0000, 0.0000,-0.7180,0
-0.0041, 0.0000, 0.0062, 3.1415, 0.0000,-0.0000, 0.0000, 0.0000,-0.7180,0
-0.0041, 0.0000, 0.0062, 3.1415, 0.0000,-0.0000, 0.0000, 0.0000,-0.7180,0
-0.0041, 0.0000, 0.0031, 3.1415, 0.0000,-0.2513, 0.0000, 0.0000,-0.7180,0
-0.0041, 0.0000, 0.0031, 3.1415, 0.0000,-0.0502, 0.0000, 0.0000,-0.7180,0
-0.0041, 0.0000, 0.0031, 3.1415, 0.0000,-0.0100, 0.0000, 0.0000,-0.7180,0
-0.0041, 0.0000, 0.0031, 3.1415, 0.0000,-0.0020, 0.0000, 0.0000,-0.7180,0
-0.0041, 0.0000, 0.0031, 3.1415, 0.0000,-0.0004, 0.0000, 0.0000,-0.7180,0
-0.0041, 0.0000, 0.0031, 3.1415, 0.0000,-0.0000, 0.0000, 0.0000,-0.7180,0
-0.0041, 0.0000, 0.0031, 3.1415, 0.0000,-0.0000, 0.0000, 0.0000,-0.7180,0
-0.0041, 0.0000, 0.0031, 3.1415, 0.0000,-0.0000, 0.0000, 0.0000,-0.7180,0
-0.0041, 0.0000, 0.0000, 3.1415, 0.0000,-0.2513, 0.0000, 0.0000,-0.7180,0
-0.0041, 0.0000, 0.0000, 3.1415, 0.0000,-0.0502, 0.0000, 0.0000,-0.7180,0
-0.0041, 0.0000, 0.0000, 3.1415, 0.0000,-0.0100, 0.0000, 0.0000,-0.7180,0
-0.0041, 0.0000, 0.0000, 3.1415, 0.0000,-0.0020, 0.0000, 0.0000,-0.7180,0
-0.0041, 0.0000, 0.0000, 3.1415, 0.0000,-0.0004, 0.0000, 0.0000,-0.7180,0
-0.0041, 0.0000, 0.0000, 3.1415, 0.0000,-0.0000, 0.0000, 0.0000,-0.7180,0
-0.0041, 0.0000, 0.0000, 3.1415, 0.0000,-0.0000, 0.0000, 0.0000,-0.7180,0
-0.0041, 0.0000, 0.0000, 3.1415, 0.0000,-0.0000, 0.0000, 0.0000,-0.7180,0
-0.0041, 0.0000,-0.0031, 3.1415, 0.0000,-0.2513, 0.0000, 0.0000,-0.7180,0
-0.0041, 0.0000,-0.0031, 3.1415, 0.0000,-0.0502, 0.0000, 0.0000,-0.7180,0
-0.0041, 0.0000,-0.0031, 3.1415, 0.0000,-0.0100, 0.0000, 0.0000,-0.7180,0
-0.0041, 0.0000,-0.0031, 3.1415, 0.0000,-0.0020, 0.0000, 0.0000,-0.7180,0
-0.0041, 0.0000,-0.0031, 3.1415, 0.0000,-0.0004, 0.0000, 0.0000,-0.7180,0
-0.0041, 0.0000,-0.0031, 3.1415, 0.0000,-0.0000, 0.0000, 0.0000,-0.7180,0
-0.0041, 0.0000,-0.0031, 3.1415, 0.0000,-0.0000, 0.0000, 0.0000,-0.7180,0
-0.0041, 0.0000,-0.0031, 3.1415, 0.0000,-0.0000, 0.0000, 0.0000,-0.7180,0
-0.0041, 0.0000,-0.0031, 3.1415, 0.0000,-0.0000, 0.0000, 0.0000,-0.7180,0
-0.0041, 0.0000,-0.0062, 3.1415, 0.0000,-0.2513, 0.0000, 0.0000,-0.7180,0
-0.0041, 0.0000,-0.0062, 3.1415, 0.0000,-0.0502, 0.0000, 0.0000,-0.7180,0
-0.0041, 0.0000,-0.0062, 3.1415, 0.0000,-0.0100, 0.0000, 0.0000,-0.7180,0
-0.0041, 0.0000,-0.0062, 3.1415, 0.0000,-0.0020, 0.0000, 0.0000,-0.7180,0
-0.0041, 0.0000,-0.0062, 3.1415, 0.0000,-0.0004, 0.0000, 0.0000,-0.7180,0
-0.0041, 0.0000,-0.0062, 3.1415, 0.0000,-0.0000, 0.0000, 0.0000,-0.7180,0
-0.0041, 0.0000,-0.0062, 3.1415, 0.0000,-0.0000, 0.0000, 0.0000,-0.7180,0
-0.0041, 0.0000,-0.0062, 3.1415, 0.0000,-0.0000, 0.0000, 0.0000,-0.7180,0
-0.0041, 0.0000,-0.0062, 3.1415, 0.0000,-0.0000, 0.0000, 0.0000,-0.7180,0
-0.0041, 0.0000,-0.0062, 3.1415, 0.0000,-0.0000, 0.0000, 0.0000,-0.7180,0
-0.0041, 0.0000,-0.0062, 3.1415, 0.0000,-0.0000, 0.0000, 0.0000,-0.7180,0
-0.0041, 0.0000,-0.0062, 3.1415, 0.0000,-0.0000, 0.0000, 0.0000,-0.7180,0
-0.0041, 0.0000,-0.0062, 3.1415, 0.0000,-0.0000, 0.0000, 0.0000,-0.7180,0
-0.0041, 0.0000,-0.0062, 3.1415, 0.0000,-0.0000, 0.0000, 0.0000,-0.7180,0
-0.0041, 0.0000,-0.0062, 3.1415, 0.0000,-0.0000, 0.0000, 0.0000,-0.7180,0
-0.0041, 0.0000,-0.0062, 3.1415, 0.0000,-0.0000, 0.0000, 0.0000,-0.7180,0
-0.0041, 0.0000,-0.0062, 3.1415, 0.0000,-0.0000, 0.0000, 0.0000,-0.7180,0
-0.0041, 0.0000,-0.0062, 3.1415, 0.0000,-0.0000, 0.0000, 0.0000,-0.7180,0
-0.0041, 0.0000,-0.0062, 3.1415, 0.0000,-0.0000, 0.0000, 0.0000,-0.7180,0
-0.0041, 0.0000,-0.0062, 3.1415, 0.0000,-0.0000, 0.0000, 0.0000,-0.7180,0
-0.0041, 0.0000,-0.0062, 3.1415, 0.0000,-0.0000, 0.0000, 0.0000,-0.7180,0
-0.0041, 0.0000,-0.0062, 3.1415, 0.0000,-0.0000, 0.0000, 0.0000,-0.7180,0
-0.0041, 0.0000,-0.0062, 3.1415, 0.0000,-0.0000, 0.0000, 0.0000,-0.7180,0
-0.0041, 0.0000,-0.0062, 3.1415, 0.0000,-0.0000, 0.0000, 0.0000,-0.7180,0
-0.0041, 0.0000,-0.0062, 3.1415, 0.0000,-0.0000, 0.0000, 0.0000,-0.7180,0
-0.0041, 0.0000,-0.0062, 3.1415, 0.0000,-0.0000, 0.0000, 0.0000,-0.7180,0
-0.0041, 0.0000,-0.0031, 3.1415, 0.0000, 0.2513, 0.0000, 0.0000,-0.7180,0
-0.0041, 0.0000,-0.0031, 3.1415, 0.0000, 0.0502, 0.0000, 0.0000,-0.7180,0
-0.0041, 0.0000,-0.0031, 3.1415, 0.0000, 0.0100, 0.0000, 0.0000,-0.7180,0
-0.0041, 0.0000,-0.0031, 3.1415, 0.0000, 0.0020, 0.0000, 0.0000,-0.7180,0
-0.0041, 0.0000,-0.0031, 3.1415, 0.0000, 0.0004, 0.0000, 0.0000,-0.7180,0
-0.0041, 0.0000,-0.0031, 3.1415, 0.0000, 0.0000, 0.0000, 0.0000,-0.7180,0
-0.0041, 0.0000,-0.0031, 3.1415, 0.0000, 0.0000, 0.0000, 0.0000,-0.7180,0
-0.0041, 0.0000,-0.0031, 3.1415, 0.0000, 0.0000, 0.0000, 0.0000,-0.7180,0
-0.0041, 0.0000,-0.0031, 3.1415, 0.0000, 0.0000, 0.0000, 0.0000,-0.7180,0
-0.0041, 0.0000, 0.0000, 3.1415, 0.0000, 0.2513, 0.0000, 0.0000,-0.7180,0
-0.0041, 0.0000, 0.0000, 3.1415, 0.0000, 0.0502, 0.0000, 0.0000,-0.7180,0
-0.0041, 0.0000, 0.0000, 3.1415, 0.0000, 0.0100, 0.0000, 0.0000,-0.7180,0
-0.0041, 0.0000, 0.0000, 3.1415, 0.0000, 0.0020, 0.0000, 0.0000,-0.7180,0
-0.0041, 0.0000, 0.0000, 3.1415, 0.0000, 0.0004, 0.0000, 0.0000,-0.7180,0
-0.0041, 0.0000, 0.0000, 3.1415, 0.0000, 0.0000, 0.0000, 0.0000,-0.7180,0
-0.0041, 0.0000, 0.0000, 3.1415, 0.0000, 0.0000, 0.0000, 0.0000,-0.7180,0
-0.0041, 0.0000, 0.0000, 3.1415, 0.0000, 0.0000, 0.0000, 0.0000,-0.7180,0
-0.0041, 0.0000, 0.0000, 3.1415, 0.0000, 0.0000, 0.0000, 0.0000,-0.7180,0
-0.0041, 0.0000, 0.0031, 3.1415, 0.0000, 0.2513, 0.0000, 0.0000,-0.7180,0
-0.0041, 0.0000, 0.0031, 3.1415, 0.0000, 0.0502, 0.0000, 0.0000,-0.7180,0
-0.0041, 0.0000, 0.0031, 3.1415, 0.0000, 0.0100, 0.0000, 0.0000,-0.7180,0
-0.0041, 0.0000, 0.0031, 3.1415, 0.0000, 0.0020, 0.0000, 0.0000,-0.7180,0
-0.0041, 0.0000, 0.0031, 3.1415, 0.0000, 0.0004, 0.0000, 0.0000,-0.7180,0
-0.0041, 0.0000, 0.0031, 3.1415, 0.0000, 0.0000, 0.0000, 0.0000,-0.7180,0
-0.0041, 0.0000, 0.0031, 3.1415, 0.0000, 0.0000, 0.0000, 0.0000,-0.7180,0
-0.0041, 0.0000, 0.0031, 3.1415, 0.0000, 0.0000, 0.0000, 0.0000,-0.7180,0
-0.0041, 0.0000, 0.0062, 3.1415, 0.0000, 0.2513, 0.0000, 0.0000,-0.7180,0
-0.0041, 0.0000, 0.0062, 3.1415, 0.0000, 0.0502, 0.0000, 0.0000,-0.7180,0
-0.0041, 0.0000, 0.0062, 3.1415, 0.0000, 0.0100, 0.0000, 0.0000,-0.7180,0
-0.0041, 0.0000, 0.0062, 3.1415, 0.0000, 0.0020, 0.0000, 0.0000,-0.7180,0
-0.0041, 0.0000, 0.0062, 3.1415, 0.0000, 0.0004, 0.0000, 0.0000,-0.7180,0
-0.0041, 0.0000, 0.0062, 3.1415, 0.0000, 0.0000, 0.0000, 0.0000,-0.7180,0
-0.0041, 0.0000, 0.0062, 3.1415, 0.0000, 0.0000, 0.0000, 0.0000,-0.7180,0
-0.0041, 0.0000, 0.0062, 3.1415, 0.0000, 0.0000, 0.0000, 0.0000,-0.7180,0
-0.0041, 0.0000, 0.0062, 3.1415, 0.0000, 0.0000, 0.0000, 0.0000,-0.7180,0
-0.0041, 0.0000, 0.0062, 3.1415, 0.0000, 0.0000, 0.0000, 0.0000,-0.7180,0
-0.0041, 0.0000, 0.0062, 3.1415, 0.0000, 0.0000, 0.0000, 0.0000,-0.7180,0
-0.0041, 0.0000, 0.0062, 3.1415, 0.0000, 0.0000, 0.0000, 0.0000,-0.7180,0
-0.0041, 0.0000, 0.0062, 3.1415, 0.0000, 0.0000, 0.0000, 0.0000,-0.7180,0
-0.0041, 0.0000, 0.0094, 3.1415, 0.0000, 0.2513, 0.0000, 0.0000,-0.7180,0
-0.0041, 0.0000, 0.0094, 3.1415, 0.0000, 0.0502, 0.0000, 0.0000,-0.7180,0
-0.0041, 0.0000, 0.0094, 3.1415, 0.0000, 0.0100, 0.0000, 0.0000,-0.7180,0
-0.0041, 0.0000, 0.0094, 3.1415, 0.0000, 0.0020, 0.0000, 0.0000,-0.7180,0
-0.0041, 0.0000, 0.0094, 3.1415, 0.0000, 0.0004, 0.0000, 0.0000,-0.7180,0
-0.0041, 0.0000, 0.0094, 3.1415, 0.0000, 0.0000, 0.0000, 0.0000,-0.7180,0
-0.0041, 0.0000, 0.0094, 3.1415, 0.0000, 0.0000, 0.0000, 0.0000,-0.7180,0
-0.0041, 0.0000, 0.0094, 3.1415, 0.0000, 0.0000, 0.0000, 0.0000,-0.7180,0
-0.0041, 0.0000, 0.0094, 3.1415, 0.0000, 0.0000, 0.0000, 0.0000,-0.7180,0
-0.0041, 0.0000, 0.0094, 3.1415, 0.0000, 0.0000, 0.0000, 0.0000,-0.7180,0
-0.0041, 0.0000, 0.0062, 3.1415, 0.0000,-0.2513, 0.0000, 0.0000,-0.7180,0
-0.0041, 0.0000, 0.0062, 3.1415, 0.0000,-0.0502, 0.0000, 0.0000,-0.7180,0
-0.0041, 0.0000, 0.0062, 3.1415, 0.0000,-0.0100, 0.0000, 0.0000,-0.7180,0
-0.0041, 0.0000, 0.0062, 3.1415, 0.0000,-0.0020, 0.0000, 0.0000,-0.7180,0
-0.0041, 0.0000, 0.0062, 3.1415, 0.0000,-0.0004, 0.0000, 0.0000,-0.7180,0
-0.0041, 0.0000, 0.0062, 3.1415, 0.0000,-0.0000, 0.0000, 0.0000,-0.7180,0
-0.0041, 0.0000, 0.0062, 3.1415, 0.0000,-0.0000, 0.0000, 0.0000,-0.7180,0
-0.0041, 0.0000, 0.0062, 3.1415, 0.0000,-0.0000, 0.0000, 0.0000,-0.7180,0
-0.0041, 0.0000, 0.0062, 3.1415, 0.0000,-0.0000, 0.0000, 0.0000,-0.7180,0
-0.0041, 0.0000, 0.0062, 3.1415, 0.0000,-0.0000, 0.2807,-0.7180,-0.7173,0
-0.0040, 0.0000, 0.0062, 3.1415, 0.0060,-0.0000, 0.2142,-0.7180,-0.7166,0
-0.0040, 0.0000, 0.0062, 3.1415, 0.0072,-0.0000, 0.1968,-0.7180,-0.7159,0
-0.0037, 0.0000, 0.0031, 3.1415, 0.0196,-0.2513,-2.2022,-0.7172,-0.7152,0
-0.0037, 0.0000, 0.0031, 3.1415, 0.0039,-0.0502, 1.6099,-0.7180,-0.7145,0
-0.0037, 0.0000, 0.0031, 3.1415, 0.0068,-0.0100, 0.8282,-0.7180,-0.7137,0
-0.0035, 0.0000, 0.0031, 3.1415, 0.0134,-0.0020, 0.3064,-0.7180,-0.7130,0
-0.0034, 0.0000, 0.0000, 3.1415, 0.0148,-0.2517,-2.0640,-0.7172,-0.7123,0
-0.0033, 0.0000, 0.0000, 3.1415, 0.0090,-0.0503, 1.5536,-0.7180,-0.7116,0
-0.0031, 0.0000, 0.0000, 3.1415, 0.0139,-0.0100, 0.7265,-0.7180,-0.7109,0
-0.0029, 0.0000, 0.0000, 3.1415, 0.0209,-0.0020, 0.1911,-0.7180,-0.7101,0
-0.0026, 0.0000,-0.0031, 3.1415, 0.0284,-0.2517,-2.1931,-0.7172,-0.7094,0
-0.0026, 0.0000,-0.0031, 3.1415, 0.0056,-0.0503, 1.5534,-0.7180,-0.7087,0
-0.0024, 0.0000,-0.0031, 3.1415, 0.0193,-0.0100, 0.6232,-0.7180,-0.7080,0
-0.0021, 0.0000,-0.0031, 3.1415, 0.0220,-0.0020, 0.1296,-0.7180,-0.7073,0
-0.0018, 0.0000,-0.0062, 3.1415, 0.0286,-0.2517,-2.1869,-0.7171,-0.7066,0
-0.0018, 0.0000,-0.0062, 3.1415, 0.0117,-0.0503, 1.4473,-0.7180,-0.7058,0
-0.0016, 0.0000,-0.0062, 3.1415, 0.0144,-0.0100, 0.6236,-0.7180,-0.7051,0
-0.0014, 0.0000,-0.0094, 3.1415, 0.0210,-0.2533,-1.9471,-0.7171,-0.7044,0
-0.0012, 0.0000,-0.0094, 3.1415, 0.0163,-0.0506, 1.4161,-0.7180,-0.7037,0
-0.0011, 0.0000,-0.0094, 3.1415, 0.0153,-0.0101, 0.5911,-0.7180,-0.7030,0
-0.0009, 0.0000,-0.0094, 3.1415, 0.0152,-0.0020, 0.1207,-0.7180,-0.7022,0
-0.0006, 0.0000,-0.0125, 3.1415, 0.0272,-0.2517,-2.1504,-0.7171,-0.7015,0
-0.0006, 0.0000,-0.0125, 3.1415, 0.0115,-0.0503, 1.3892,-0.7179,-0.7008,0
-0.0004, 0.0000,-0.0125, 3.1415, 0.0144,-0.0100, 0.5466,-0.7180,-0.7001,0
-0.0003, 0.0000,-0.0125, 3.1415, 0.0150,-0.0020, 0.0746,-0.7180,-0.6994,0
 0.0000, 0.0000,-0.0125, 3.1415, 0.0333,-0.0004,-0.2864,-0.7180,-0.6987,0
 0.0001, 0.0000,-0.0125, 3.1415, 0.0127,-0.0000,-0.1249,-0.7180,-0.6979,0
 0.0000, 0.0000,-0.0157, 3.1415,-0.0095,-0.2513,-1.7872,-0.7171,-0.6972,0
-0.0001, 0.0000,-0.0125, 3.1415,-0.0140, 0.2010, 3.4853,-0.7174,-0.6965,0
 0.0002, 0.0000,-0.0125, 3.1415, 0.0275, 0.0402,-1.1030,-0.7180,-0.6958,0
-0.0003, 0.0000,-0.0125, 3.1415,-0.0369, 0.0080,-0.0622,-0.7180,-0.6951,0
-0.0006, 0.0000,-0.0125, 3.1415,-0.0316, 0.0016, 0.2109,-0.7180,-0.6943,0
-0.0006, 0.0000,-0.0094, 3.1415,-0.0063, 0.2516, 1.8755,-0.7171,-0.6936,0
-0.0005, 0.0000,-0.0094, 3.1415, 0.0047, 0.0503,-1.5072,-0.7180,-0.6929,0
-0.0009, 0.0000,-0.0094, 3.1415,-0.0354, 0.0100,-0.2429,-0.7180,-0.6922,0
-0.0013, 0.0000,-0.0062, 3.1415,-0.0374, 0.2533, 2.0309,-0.7171,-0.6915,0
-0.0012, 0.0000,-0.0062, 3.1415, 0.0046, 0.0506,-1.5143,-0.7180,-0.6908,0
-0.0017, 0.0000,-0.0062, 3.1415,-0.0415, 0.0101,-0.1435,-0.7180,-0.6900,0
-0.0020, 0.0000,-0.0031, 3.1415,-0.0325, 0.2533, 1.9798,-0.7171,-0.6893,0
-0.0019, 0.0000,-0.0031, 3.1415,-0.0004, 0.0506,-1.4214,-0.7180,-0.6886,0
-0.0026, 0.0000, 0.0000, 3.1415,-0.0546, 0.2614, 1.7437,-0.7171,-0.6879,0
-0.0025, 0.0000, 0.0000, 3.1415,-0.0048, 0.0522,-1.4958,-0.7180,-0.6872,0
-0.0029, 0.0000, 0.0031, 3.1415,-0.0312, 0.2617, 1.4539,-0.7171,-0.6864,0
-0.0030, 0.0000, 0.0031, 3.1415,-0.0123, 0.0523,-1.4068,-0.7180,-0.6857,0
-0.0034, 0.0000, 0.0031, 3.1415,-0.0388, 0.0104,-0.1029,-0.7180,-0.6850,0
-0.0037, 0.0000, 0.0062, 3.1415,-0.0320, 0.2534, 1.9752,-0.7171,-0.6843,0
-0.0037, 0.0000, 0.0062, 3.1415,-0.0064, 0.0506,-1.2624,-0.7180,-0.6836,0
-0.0042, 0.0000, 0.0094, 3.1415,-0.0376, 0.2614, 1.5702,-0.7171,-0.6829,0
-0.0041, 0.0000, 0.0094, 3.1415,-0.0014, 0.0522,-1.4446,-0.7180,-0.6821,0
-0.0045, 0.0000, 0.0094, 3.1415,-0.0306, 0.0104,-0.1153,-0.7180,-0.6814,0
-0.0046, 0.0000, 0.0125, 3.1415,-0.0182, 0.2534, 1.8233,-0.7171,-0.6807,0
-0.0046, 0.0000, 0.0125, 3.1415,-0.0036, 0.0506,-1.2436,-0.7179,-0.6800,0
-0.0050, 0.0000, 0.0125, 3.1415,-0.0249, 0.0101,-0.1012,-0.7180,-0.6793,0
-0.0052, 0.0000, 0.0125, 3.1415,-0.0231, 0.0020, 0.3744,-0.7180,-0.6785,0
-0.0051, 0.0000, 0.0157, 3.1415, 0.0014, 0.2517, 1.7610,-0.7171,-0.6778,0
-0.0050, 0.0000, 0.0157, 3.1415, 0.0124, 0.0503,-1.3520,-0.7179,-0.6771,0
-0.0051, 0.0000, 0.0157, 3.1415,-0.0096, 0.0100,-0.2370,-0.7180,-0.6764,0
-0.0054, 0.0000, 0.0157, 3.1415,-0.0261, 0.0020, 0.4224,-0.7180,-0.6757,0
-0.0053, 0.0000, 0.0157, 3.1415, 0.0068, 0.0004, 0.2307,-0.7180,-0.6750,0
-0.0051, 0.0000, 0.0157, 3.1415, 0.0135, 0.0000, 0.1960,-0.7180,-0.6742,0
-0.0050, 0.0000, 0.0157, 3.1415, 0.0148, 0.0000, 0.1832,-0.7180,-0.6735,0
-0.0048, 0.0000, 0.0157, 3.1415, 0.0150, 0.0000, 0.1730,-0.7180,-0.6728,0
-0.0046, 0.0000, 0.0125, 3.1415, 0.0212,-0.2513,-1.2697,-0.7171,-0.6721,0
-0.0045, 0.0000, 0.0125, 3.1415, 0.0103,-0.0502, 1.7746,-0.7180,-0.6714,0
-0.0040, 0.0000, 0.0125, 3.1415, 0.0384,-0.0100, 0.5694,-0.7180,-0.6706,0
-0.0037, 0.0000, 0.0094, 3.1415, 0.0319,-0.2533,-1.1793,-0.7171,-0.6699,0
-0.0037, 0.0000, 0.0094, 3.1415, 0.0063,-0.0506, 1.8292,-0.7180,-0.6692,0
-0.0034, 0.0000, 0.0094, 3.1415, 0.0255,-0.0101, 0.6755,-0.7180,-0.6685,0
-0.0031, 0.0000, 0.0062, 3.1415, 0.0354,-0.2533,-1.2117,-0.7171,-0.6678,0
-0.0030, 0.0000, 0.0062, 3.1415, 0.0131,-0.0506, 1.7197,-0.7180,-0.6671,0
-0.0027, 0.0000, 0.0062, 3.1415, 0.0268,-0.0101, 0.6128,-0.7180,-0.6663,0
-0.0025, 0.0000, 0.0031, 3.1415, 0.0235,-0.2533,-1.0871,-0.7171,-0.6656,0
-0.0025, 0.0000, 0.0031, 3.1415, 0.0047,-0.0506, 1.7784,-0.7180,-0.6649,0
-0.0022, 0.0000, 0.0031, 3.1415, 0.0191,-0.0101, 0.6624,-0.7180,-0.6642,0
-0.0020, 0.0000, 0.0031, 3.1415, 0.0220,-0.0020, 0.1298,-0.7180,-0.6635,0
-0.0017, 0.0000, 0.0000, 3.1415, 0.0286,-0.2517,-1.2864,-0.7172,-0.6627,0
-0.0018, 0.0000, 0.0000, 3.1415,-0.0003,-0.0503, 1.7523,-0.7180,-0.6620,0
-0.0014, 0.0000, 0.0000, 3.1415, 0.0302,-0.0100, 0.4851,-0.7180,-0.6613,0
-0.0012, 0.0000,-0.0031, 3.1415, 0.0242,-0.2533,-1.0783,-0.7171,-0.6606,0
-0.0011, 0.0000,-0.0031, 3.1415, 0.0109,-0.0506, 1.6442,-0.7180,-0.6599,0
-0.0009, 0.0000,-0.0031, 3.1415, 0.0143,-0.0101, 0.6286,-0.7180,-0.6592,0
-0.0007, 0.0000,-0.0031, 3.1415, 0.0210,-0.0020, 0.0536,-0.7180,-0.6584,0
-0.0004, 0.0000,-0.0062, 3.1415, 0.0284,-0.2517,-1.2671,-0.7171,-0.6577,0
-0.0005, 0.0000,-0.0062, 3.1415,-0.0003,-0.0503, 1.6867,-0.7180,-0.6570,0
-0.0001, 0.0000,-0.0062, 3.1415, 0.0302,-0.0100, 0.4026,-0.7180,-0.6563,0
 0.0000, 0.0000,-0.0062, 3.1415, 0.0242,-0.0020,-0.0369,-0.7180,-0.6556,0
 0.0000, 0.0000,-0.0094, 3.1415, 0.0048,-0.2517,-1.0050,-0.7171,-0.6548,0
 0.0000, 0.0000,-0.0094, 3.1415,-0.0050,-0.0503, 1.7104,-0.7180,-0.6541,0
 0.0001, 0.0000,-0.0094, 3.1415, 0.0111,-0.0100, 0.5782,-0.7180,-0.6534,0
 0.0003, 0.0000,-0.0094, 3.1415, 0.0204,-0.0020,-0.0181,-0.7180,-0.6527,0
 0.0003, 0.0000,-0.0094, 3.1415,-0.0019,-0.0004, 0.0572,-0.7180,-0.6520,0
 0.0004, 0.0000,-0.0094, 3.1415, 0.0117,-0.0000,-0.1349,-0.7180,-0.6513,0
 0.0003, 0.0000,-0.0094, 3.1415,-0.0097,-0.0000, 0.0820,-0.7180,-0.6505,0
 0.0004, 0.0000,-0.0094, 3.1415, 0.0101,-0.0000,-0.1327,-0.7180,-0.6498,0
 0.0003, 0.0000,-0.0094, 3.1415,-0.0100,-0.0000, 0.0819,-0.7180,-0.6491,0
 0.0003, 0.0000,-0.0094, 3.1415, 0.0040,-0.0000,-0.0664,-0.7180,-0.6484,0
 0.0001, 0.0000,-0.0094, 3.1415,-0.0173,-0.0000, 0.1657,-0.7180,-0.6477,0
 0.0002, 0.0000,-0.0094, 3.1415, 0.0025,-0.0000,-0.0415,-0.7180,-0.6469,0
 0.0000, 0.0000,-0.0094, 3.1415,-0.0116,-0.0000, 0.1124,-0.7180,-0.6462,0
 0.0001, 0.0000,-0.0094, 3.1415, 0.0037,-0.0000,-0.0480,-0.7180,-0.6455,0
-0.0000, 0.0000,-0.0062, 3.1415,-0.0174, 0.2513, 0.9812,-0.7171,-0.6448,0
 0.0000, 0.0000,-0.0062, 3.1415, 0.0025, 0.0502,-1.7123,-0.7180,-0.6441,0
-0.0002, 0.0000,-0.0062, 3.1415,-0.0176, 0.0100,-0.5115,-0.7180,-0.6434,0
-0.0006, 0.0000,-0.0062, 3.1415,-0.0338, 0.0020, 0.1687,-0.7180,-0.6426,0
-0.0006, 0.0000,-0.0031, 3.1415,-0.0067, 0.2517, 0.7915,-0.7172,-0.6419,0
-0.0006, 0.0000,-0.0031, 3.1415,-0.0013, 0.0503,-1.6582,-0.7180,-0.6412,0
-0.0009, 0.0000,-0.0031, 3.1415,-0.0245, 0.0100,-0.4021,-0.7180,-0.6405,0
-0.0012, 0.0000,-0.0031, 3.1415,-0.0291, 0.0020, 0.1607,-0.7180,-0.6398,0
-0.0012, 0.0000, 0.0000, 3.1415,-0.0058, 0.2517, 0.7629,-0.7172,-0.6390,0
-0.0011, 0.0000, 0.0000, 3.1415, 0.0048, 0.0503,-1.6977,-0.7180,-0.6383,0
-0.0012, 0.0000, 0.0000, 3.1415,-0.0111, 0.0100,-0.5144,-0.7180,-0.6376,0
-0.0017, 0.0000, 0.0000, 3.1415,-0.0386, 0.0020, 0.2916,-0.7180,-0.6369,0
-0.0017, 0.0000, 0.0031, 3.1415,-0.0077, 0.2517, 0.7581,-0.7172,-0.6362,0
-0.0016, 0.0000, 0.0031, 3.1415, 0.0045, 0.0503,-1.6701,-0.7180,-0.6355,0
-0.0019, 0.0000, 0.0031, 3.1415,-0.0233, 0.0100,-0.3473,-0.7180,-0.6347,0
-0.0023, 0.0000, 0.0031, 3.1415,-0.0349, 0.0020, 0.2953,-0.7180,-0.6340,0
-0.0023, 0.0000, 0.0062, 3.1415,-0.0069, 0.2517, 0.7321,-0.7171,-0.6333,0
-0.0021, 0.0000, 0.0062, 3.1415, 0.0107, 0.0503,-1.7091,-0.7180,-0.6326,0
-0.0024, 0.0000, 0.0062, 3.1415,-0.0160, 0.0100,-0.3930,-0.7180,-0.6319,0
-0.0028, 0.0000, 0.0062, 3.1415,-0.0395, 0.0020, 0.3771,-0.7180,-0.6311,0
-0.0028, 0.0000, 0.0094, 3.1415,-0.0079, 0.2517, 0.7179,-0.7171,-0.6304,0
-0.0027, 0.0000, 0.0094, 3.1415, 0.0105, 0.0503,-1.6833,-0.7180,-0.6297,0
-0.0029, 0.0000, 0.0094, 3.1415,-0.0160, 0.0100,-0.3593,-0.7180,-0.6290,0
-0.0033, 0.0000, 0.0094, 3.1415,-0.0335, 0.0020, 0.3460,-0.7180,-0.6283,0
-0.0034, 0.0000, 0.0125, 3.1415,-0.0127, 0.2517, 0.7436,-0.7171,-0.6276,0
-0.0031, 0.0000, 0.0125, 3.1415, 0.0156, 0.0503,-1.7160,-0.7179,-0.6268,0
-0.0034, 0.0000, 0.0125, 3.1415,-0.0150, 0.0100,-0.3413,-0.7180,-0.6261,0
-0.0039, 0.0000, 0.0125, 3.1415,-0.0454, 0.0020, 0.5071,-0.7180,-0.6254,0
-0.0038, 0.0000, 0.0125, 3.1415,-0.0030, 0.0004, 0.2324,-0.7180,-0.6247,0
-0.0037, 0.0000, 0.0125, 3.1415, 0.0054, 0.0000, 0.1852,-0.7180,-0.6240,0
-0.0038, 0.0000, 0.0125, 3.1415,-0.0049, 0.0000, 0.3071,-0.7180,-0.6233,0
-0.0038, 0.0000, 0.0125, 3.1415,-0.0009, 0.0000, 0.2695,-0.7180,-0.6225,0
-0.0035, 0.0000, 0.0125, 3.1415, 0.0240, 0.0000,-0.0038,-0.7180,-0.6218,0
-0.0034, 0.0000, 0.0125, 3.1415, 0.0169, 0.0000, 0.0581,-0.7180,-0.6211,0
-0.0033, 0.0000, 0.0125, 3.1415, 0.0094, 0.0000, 0.1288,-0.7180,-0.6204,0
-0.0031, 0.0000, 0.0094, 3.1415, 0.0140,-0.2513,-0.2063,-0.7171,-0.6197,0
-0.0031, 0.0000, 0.0094, 3.1415, 0.0028,-0.0502, 1.9763,-0.7180,-0.6189,0
-0.0031, 0.0000, 0.0094, 3.1415, 0.0066,-0.0100, 0.8688,-0.7180,-0.6182,0
-0.0028, 0.0000, 0.0094, 3.1415, 0.0195,-0.0020, 0.2153,-0.7180,-0.6175,0
-0.0025, 0.0000, 0.0062, 3.1415, 0.0342,-0.2517,-0.3384,-0.7171,-0.6168,0
-0.0024, 0.0000, 0.0062, 3.1415, 0.0129,-0.0503, 1.8497,-0.7180,-0.6161,0
-0.0023, 0.0000, 0.0062, 3.1415, 0.0086,-0.0100, 0.8032,-0.7180,-0.6154,0
-0.0021, 0.0000, 0.0062, 3.1415, 0.0199,-0.0020, 0.1615,-0.7180,-0.6146,0
-0.0017, 0.0000, 0.0031, 3.1415, 0.0343,-0.2517,-0.3302,-0.7172,-0.6139,0
-0.0016, 0.0000, 0.0031, 3.1415, 0.0129,-0.0503, 1.8105,-0.7180,-0.6132,0
-0.0015, 0.0000, 0.0000, 3.1415, 0.0147,-0.2613, 0.5566,-0.7171,-0.6125,0
-0.0010, 0.0000, 0.0000, 3.1415, 0.0393,-0.0522, 1.7144,-0.7180,-0.6118,0
-0.0005, 0.0000, 0.0000, 3.1415, 0.0503,-0.0104, 0.3179,-0.7180,-0.6110,0
-0.0001, 0.0000,-0.0031, 3.1415, 0.0403,-0.2534,-0.2486,-0.7171,-0.6103,0
-0.0001, 0.0000,-0.0031, 3.1415, 0.0080,-0.0506, 1.8200,-0.7180,-0.6096,0
 0.0003, 0.0000,-0.0062, 3.1415, 0.0440,-0.2614, 0.2210,-0.7171,-0.6089,0
 0.0009, 0.0000,-0.0062, 3.1415, 0.0512,-0.0522, 1.4792,-0.7180,-0.6082,0
 0.0013, 0.0000,-0.0094, 3.1415, 0.0466,-0.2617, 0.2033,-0.7171,-0.6075,0
 0.0016, 0.0000,-0.0125, 3.1415, 0.0335,-0.3036, 1.5993,-0.7167,-0.6067,0
 0.0023, 0.0000,-0.0125, 3.1415, 0.0612,-0.0607, 1.8641,-0.7179,-0.6060,0
 0.0032, 0.0000,-0.0157, 3.1415, 0.0850,-0.2634,-0.0912,-0.7170,-0.6053,0
 0.0039, 0.0000,-0.0188, 3.1415, 0.0715,-0.3040, 1.1611,-0.7166,-0.6046,0
 0.0043, 0.0000,-0.0219, 3.1415, 0.0506,-0.3121, 1.8849,-0.7165,-0.6039,0
 0.0052, 0.0000,-0.0219, 3.1415, 0.0768,-0.0624, 1.7033,-0.7178,-0.6031,0
 0.0062, 0.0000,-0.0251, 3.1415, 0.1002,-0.2638,-0.3425,-0.7168,-0.6024,0
 0.0070, 0.0000,-0.0282, 3.1415, 0.0806,-0.3040, 0.9393,-0.7165,-0.6017,0
 0.0078, 0.0000,-0.0314, 3.1415, 0.0828,-0.3121, 1.3964,-0.7163,-0.6010,0
 0.0088, 0.0000,-0.0345, 3.1415, 0.0953,-0.3137, 1.3819,-0.7162,-0.6003,0
 0.0101, 0.0000,-0.0376, 3.1415, 0.1221,-0.3140, 1.0847,-0.7162,-0.5996,0
 0.0110, 0.0000,-0.0408, 3.1415, 0.0971,-0.3141, 1.3034,-0.7161,-0.5988,0
 0.0120, 0.0000,-0.0439, 3.1415, 0.0982,-0.3141, 1.2447,-0.7160,-0.5981,0
 0.0133, 0.0000,-0.0471, 3.1415, 0.1227,-0.3141, 0.9263,-0.7159,-0.5974,0
 0.0147, 0.0000,-0.0502, 3.1415, 0.1397,-0.3141, 0.6725,-0.7158,-0.5967,0
 0.0160, 0.0000,-0.0534, 3.1415, 0.1310,-0.3141, 0.6892,-0.7156,-0.5960,0
 0.0172, 0.0000,-0.0565, 3.1415, 0.1232,-0.3141, 0.7015,-0.7155,-0.5952,0
 0.0185, 0.0000,-0.0596, 3.1415, 0.1277,-0.3141, 0.5838,-0.7154,-0.5945,0
 0.0202, 0.0000,-0.0596, 3.1415, 0.1589,-0.0628,-0.0404,-0.7167,-0.5938,0
 0.0212, 0.0000,-0.0628, 3.1415, 0.1166,-0.2638,-1.3290,-0.7157,-0.5931,0
 0.0221, 0.0000,-0.0659, 3.1415, 0.0900,-0.3041, 0.0308,-0.7152,-0.5924,0
 0.0233, 0.0000,-0.0659, 3.1415, 0.1150,-0.0608,-0.0191,-0.7164,-0.5917,0
 0.0241, 0.0000,-0.0659, 3.1415, 0.0897,-0.0121,-1.5478,-0.7165,-0.5909,0
 0.0245, 0.0000,-0.0659, 3.1415, 0.0482,-0.0024,-1.8555,-0.7165,-0.5902,0
 0.0250, 0.0000,-0.0628, 3.1415, 0.0460, 0.2508,-2.3921,-0.7157,-0.5895,0
 0.0251, 0.0000,-0.0628, 3.1415, 0.0213, 0.0501,-3.7979,-0.7166,-0.5888,0
 0.0249, 0.0000,-0.0565, 3.1415,-0.0139, 0.5126,-2.8682,-0.7132,-0.5881,0
 0.0247, 0.0000,-0.0534, 3.1415,-0.0149, 0.3538,-4.6799,-0.7153,-0.5873,0
 0.0243, 0.0000,-0.0502, 3.1415,-0.0393, 0.3220,-4.6799,-0.7157,-0.5866,0
 0.0233, 0.0000,-0.0439, 3.1415,-0.0866, 0.5670,-4.4705,-0.7128,-0.5859,0
 0.0226, 0.0000,-0.0376, 3.1415,-0.0719, 0.6160,-4.6799,-0.7122,-0.5852,0
 0.0216, 0.0000,-0.0282, 3.1415,-0.0992, 0.8771,-4.6799,-0.7070,-0.5845,0
 0.0200, 0.0000,-0.0219, 3.1415,-0.1471, 0.6780,-4.6799,-0.7114,-0.5838,0
 0.0184, 0.0000,-0.0125, 3.1415,-0.1567, 0.8896,-4.6799,-0.7069,-0.5830,0
 0.0165, 0.0000,-0.0031, 3.1415,-0.1768, 0.9319,-4.6799,-0.7059,-0.5823,0
 0.0144, 0.0000, 0.0094, 3.1415,-0.2112, 1.1916,-4.6799,-0.6981,-0.5816,0
 0.0121, 0.0000, 0.0188, 3.1415,-0.2241, 0.9923,-4.6799,-0.7041,-0.5809,0
 0.0095, 0.0000, 0.0314, 3.1415,-0.2509, 1.2037,-4.6799,-0.6974,-0.5802,0
 0.0067, 0.0000, 0.0439, 3.1415,-0.2745, 1.2460,-4.6799,-0.6956,-0.5794,0
 0.0039, 0.0000, 0.0565, 3.1415,-0.2792, 1.2545,-4.6799,-0.6949,-0.5787,0
 0.0008, 0.0000, 0.0722, 3.1415,-0.3044, 1.5075,-4.6799,-0.6844,-0.5780,0
-0.0025, 0.0000, 0.0848, 3.1415,-0.3276, 1.3068,-4.6799,-0.6916,-0.5773,0
-0.0059, 0.0000, 0.0973, 3.1415,-0.3383, 1.2666,-4.6799,-0.6922,-0.5766,0
-0.0094, 0.0000, 0.1130, 3.1415,-0.3526, 1.5099,-4.6799,-0.6815,-0.5759,0
-0.0131, 0.0000, 0.1256, 3.1415,-0.3676, 1.3073,-4.6799,-0.6885,-0.5751,0
-0.0170, 0.0000, 0.1413, 3.1415,-0.3827, 1.5180,-4.6799,-0.6786,-0.5744,0
-0.0209, 0.0000, 0.1570, 3.1415,-0.3918, 1.5602,-4.6799,-0.6751,-0.5737,0
-0.0251, 0.0000, 0.1696, 3.1415,-0.4118, 1.3173,-4.6799,-0.6834,-0.5730,0
-0.0294, 0.0000, 0.1853, 3.1415,-0.4279, 1.5201,-4.6799,-0.6734,-0.5723,0
-0.0338, 0.0000, 0.1979, 3.1415,-0.4312, 1.3093,-4.6799,-0.6800,-0.5715,0
-0.0384, 0.0000, 0.2104, 3.1415,-0.4561, 1.2671,-4.6625,-0.6797,-0.5708,0
-0.0430, 0.0000, 0.2261, 3.1415,-0.4610, 1.5100,-2.3276,-0.6678,-0.5701,0
-0.0477, 0.0000, 0.2387, 3.1415,-0.4681, 1.3073,-4.4246,-0.6737,-0.5694,0
-0.0525, 0.0000, 0.2513, 3.1415,-0.4756, 1.2667,-2.8932,-0.6730,-0.5687,0
-0.0573, 0.0000, 0.2638, 3.1415,-0.4831, 1.2586,-1.8203,-0.6710,-0.5680,0
-0.0622, 0.0000, 0.2733, 3.1415,-0.4846, 1.0057,-1.9888,-0.6772,-0.5672,0
-0.0670, 0.0000, 0.2858, 3.1415,-0.4849, 1.2064, 0.9505,-0.6685,-0.5665,0
-0.0713, 0.0000, 0.2953, 3.1415,-0.4365, 0.9952,-0.8256,-0.6731,-0.5658,0
-0.0761, 0.0000, 0.3015, 3.1415,-0.4753, 0.7017, 0.7614,-0.6787,-0.5651,0
-0.0804, 0.0000, 0.3078, 3.1415,-0.4406, 0.6429, 3.0114,-0.6785,-0.5644,0
-0.0844, 0.0000, 0.3141, 3.1415,-0.4034, 0.6312, 3.8071,-0.6773,-0.5636,0
-0.0880, 0.0000, 0.3173, 3.1415,-0.3717, 0.3775, 3.9496,-0.6802,-0.5629,0
-0.0913, 0.0000, 0.3173, 3.1415,-0.3350, 0.0755, 4.6799,-0.6821,-0.5622,0
-0.0941, 0.0000, 0.3141, 3.1415,-0.2913,-0.2362, 4.6799,-0.6821,-0.5615,0
-0.0964, 0.0000, 0.3110, 3.1415,-0.2401,-0.2985, 4.6799,-0.6823,-0.5608,0
-0.0981, 0.0000, 0.3047, 3.1415,-0.1874,-0.5623, 4.6799,-0.6805,-0.5601,0
-0.0994, 0.0000, 0.2953, 3.1415,-0.1405,-0.8664, 4.6799,-0.6764,-0.5593,0
-0.1003, 0.0000, 0.2827, 3.1415,-0.1008,-1.1785, 4.6799,-0.6701,-0.5586,0
-0.1006, 0.0000, 0.2701, 3.1415,-0.0444,-1.2410, 4.6799,-0.6704,-0.5579,0
-0.1006, 0.0000, 0.2513, 3.1415,-0.0088,-1.7561, 4.6799,-0.6523,-0.5572,0
-0.1002, 0.0000, 0.2356, 3.1415, 0.0285,-1.6078, 4.6799,-0.6620,-0.5565,0
-0.0995, 0.0000, 0.2136, 3.1415, 0.0602,-2.0808, 4.6799,-0.6411,-0.5557,0
-0.0986, 0.0000, 0.1947, 3.1415, 0.0848,-1.9241, 4.6799,-0.6526,-0.5550,0
-0.0973, 0.0000, 0.1727, 3.1415, 0.1200,-2.1441, 4.6799,-0.6430,-0.5543,0
-0.0960, 0.0000, 0.1476, 3.1415, 0.1331,-2.4394, 4.6799,-0.6269,-0.5536,0
-0.0944, 0.0000, 0.1225, 3.1415, 0.1539,-2.4985, 4.6799,-0.6253,-0.5529,0
-0.0924, 0.0000, 0.0973, 3.1415, 0.1884,-2.5103, 4.6799,-0.6264,-0.5522,0
-0.0902, 0.0000, 0.0722, 3.1415, 0.2135,-2.5126, 4.6799,-0.6278,-0.5514,0
-0.0878, 0.0000, 0.0439, 3.1415, 0.2367,-2.7644, 4.6799,-0.6104,-0.5507,0
-0.0851, 0.0000, 0.0157, 3.1415, 0.2595,-2.8148, 4.6799,-0.6070,-0.5500,0
-0.0825, 0.0000,-0.0125, 3.1415, 0.2641,-2.8249, 4.6799,-0.6063,-0.5493,0
-0.0797, 0.0000,-0.0439, 3.1415, 0.2771,-3.0782, 4.6799,-0.5847,-0.5486,0
-0.0767, 0.0000,-0.0722, 3.1415, 0.2979,-2.8775, 4.6799,-0.6002,-0.5478,0
-0.0735, 0.0000,-0.1036, 3.1415, 0.3142,-3.0887, 4.6799,-0.5806,-0.5471,0
-0.0701, 0.0000,-0.1319, 3.1415, 0.3357,-2.8797, 4.6799,-0.5957,-0.5464,0
-0.0666, 0.0000,-0.1633, 3.1415, 0.3460,-3.0892, 4.6799,-0.5749,-0.5457,0
-0.0629, 0.0000,-0.1947, 3.1415, 0.3602,-3.1311, 4.6799,-0.5672,-0.5450,0
-0.0591, 0.0000,-0.2230, 3.1415, 0.3752,-2.8881, 4.6799,-0.5835,-0.5443,0
-0.0553, 0.0000,-0.2544, 3.1415, 0.3842,-3.0909, 3.0676,-0.5612,-0.5435,0
-0.0513, 0.0000,-0.2827, 3.1415, 0.3982,-2.8801, 4.6799,-0.5734,-0.5428,0
-0.0472, 0.0000,-0.3110, 3.1415, 0.4010,-2.8379, 4.6799,-0.5708,-0.5421,0
-0.0431, 0.0000,-0.3392, 3.1415, 0.4136,-2.8295, 4.4294,-0.5650,-0.5414,0
-0.0389, 0.0000,-0.3675, 3.1415, 0.4162,-2.8278, 2.5934,-0.5581,-0.5407,0
-0.0346, 0.0000,-0.3926, 3.1415, 0.4288,-2.5761, 4.6799,-0.5705,-0.5399,0
-0.0302, 0.0000,-0.4178, 3.1415, 0.4374,-2.5258, 4.0258,-0.5669,-0.5392,0
-0.0259, 0.0000,-0.4429, 3.1415, 0.4331,-2.5157, 1.9737,-0.5601,-0.5385,0
-0.0215, 0.0000,-0.4649, 3.1415, 0.4382,-2.2624, 4.6799,-0.5701,-0.5378,0
-0.0171, 0.0000,-0.4869, 3.1415, 0.4393,-2.2117, 2.4746,-0.5661,-0.5371,0
-0.0126, 0.0000,-0.5057, 3.1415, 0.4456,-1.9503, 4.2299,-0.5749,-0.5364,0
-0.0081, 0.0000,-0.5246, 3.1415, 0.4468,-1.8980, 1.8893,-0.5710,-0.5356,0
-0.0037, 0.0000,-0.5434, 3.1415, 0.4471,-1.8875, 0.1533,-0.5647,-0.5349,0
 0.0007, 0.0000,-0.5592, 3.1415, 0.4471,-1.6341, 1.8355,-0.5713,-0.5342,0
 0.0052, 0.0000,-0.5749, 3.1415, 0.4471,-1.5834,-0.2065,-0.5675,-0.5335,0
 0.0092, 0.0000,-0.5874, 3.1415, 0.4107,-1.3220, 1.1450,-0.5732,-0.5328,0
 0.0134, 0.0000,-0.5969, 3.1415, 0.4217,-1.0183, 0.8998,-0.5794,-0.5320,0
 0.0175, 0.0000,-0.6031, 3.1415, 0.4056,-0.7063, 0.1833,-0.5843,-0.5313,0
 0.0215, 0.0000,-0.6094, 3.1415, 0.4024,-0.6439,-2.1735,-0.5829,-0.5306,0
 0.0250, 0.0000,-0.6157, 3.1415, 0.3654,-0.6314,-2.9070,-0.5806,-0.5299,0
 0.0284, 0.0000,-0.6157, 3.1415, 0.3459,-0.1262,-1.1045,-0.5859,-0.5292,0
 0.0316, 0.0000,-0.6157, 3.1415, 0.3177,-0.0252,-3.7264,-0.5861,-0.5285,0
 0.0344, 0.0000,-0.6126, 3.1415, 0.2939, 0.2462,-3.9355,-0.5866,-0.5277,0
 0.0367, 0.0000,-0.6063, 3.1415, 0.2406, 0.5519,-4.3231,-0.5858,-0.5270,0
 0.0387, 0.0000,-0.5969, 3.1415, 0.2057, 0.8643,-4.6799,-0.5834,-0.5263,0
 0.0402, 0.0000,-0.5843, 3.1415, 0.1624, 1.1781,-4.6799,-0.5795,-0.5256,0
 0.0412, 0.0000,-0.5686, 3.1415, 0.1113, 1.4922,-4.6799,-0.5739,-0.5249,0
 0.0417, 0.0000,-0.5497, 3.1415, 0.0647, 1.8064,-4.6799,-0.5665,-0.5242,0
 0.0417, 0.0000,-0.5277, 3.1415, 0.0129, 2.1205,-4.6799,-0.5574,-0.5234,0
 0.0413, 0.0000,-0.5057, 3.1415,-0.0277, 2.1834,-4.6799,-0.5614,-0.5227,0
 0.0407, 0.0000,-0.4775, 3.1415,-0.0601, 2.6986,-0.0536,-0.5358,-0.5220,0
 0.0397, 0.0000,-0.4492, 3.1415,-0.0908, 2.8016,-2.8716,-0.5369,-0.5213,0
 0.0384, 0.0000,-0.4209, 3.1415,-0.1212, 2.8222,-4.6799,-0.5438,-0.5206,0
 0.0368, 0.0000,-0.3895, 3.1415,-0.1515, 3.0777,-1.0335,-0.5316,-0.5198,0
 0.0350, 0.0000,-0.3549, 3.1415,-0.1697, 3.3801, 4.3845,-0.5133,-0.5191,0
 0.0340, 0.0000,-0.3173, 3.1415,-0.1188, 3.6919, 4.6799,-0.4914,-0.5184,0
 0.0323, 0.0000,-0.2827, 3.1415,-0.1571, 3.5029,-1.1972,-0.5177,-0.5177,0
 0.0303, 0.0000,-0.2450, 3.1415,-0.1951, 3.7165, 4.6799,-0.5032,-0.5170,0
 0.0296, 0.0000,-0.2104, 3.1415,-0.0935, 3.5079,-4.6799,-0.5299,-0.5163,0
 0.0277, 0.0000,-0.1727, 3.1415,-0.1703, 3.7175, 2.2124,-0.5139,-0.5155,0
 0.0269, 0.0000,-0.1350, 3.1415,-0.1007, 3.7594, 0.4875,-0.5136,-0.5148,0
 0.0258, 0.0000,-0.1005, 3.1415,-0.1050, 3.5164,-4.6799,-0.5413,-0.5141,0
 0.0242, 0.0000,-0.0628, 3.1415,-0.1483, 3.7192,-1.5326,-0.5230,-0.5134,0
 0.0232, 0.0000,-0.0251, 3.1415,-0.1084, 3.7597,-2.0179,-0.5199,-0.5127,0
 0.0220, 0.0000, 0.0125, 3.1415,-0.1187, 3.7678,-2.3622,-0.5192,-0.5119,0
 0.0206, 0.0000, 0.0502, 3.1415,-0.1389, 3.7695,-2.1757,-0.5182,-0.5112,0
 0.0192, 0.0000, 0.0911, 3.1415,-0.1369, 4.0211, 4.6799,-0.4887,-0.5105,0
 0.0184, 0.0000, 0.1288, 3.1415,-0.0940, 3.8201,-1.2401,-0.5078,-0.5098,0
 0.0169, 0.0000, 0.1665, 3.1415,-0.1400, 3.7799,-0.3196,-0.5081,-0.5091,0
 0.0156, 0.0000, 0.2042, 3.1415,-0.1310, 3.7719, 1.0927,-0.5039,-0.5084,0
 0.0145, 0.0000, 0.2387, 3.1415,-0.1111, 3.5189,-4.6799,-0.5243,-0.5076,0
 0.0130, 0.0000, 0.2733, 3.1415,-0.1434, 3.4683,-4.6799,-0.5230,-0.5069,0
 0.0118, 0.0000, 0.3078, 3.1415,-0.1196, 3.4582,-3.1644,-0.5168,-0.5062,0
 0.0105, 0.0000, 0.3424, 3.1415,-0.1330, 3.4562,-0.8658,-0.5091,-0.5055,0
 0.0090, 0.0000, 0.3769, 3.1415,-0.1418, 3.4558, 1.4557,-0.5004,-0.5048,0
 0.0081, 0.0000, 0.4084, 3.1415,-0.1071, 3.2044,-4.6799,-0.5152,-0.5040,0
 0.0067, 0.0000, 0.4366, 3.1415,-0.1305, 2.9028,-4.6799,-0.5327,-0.5033,0
 0.0054, 0.0000, 0.4680, 3.1415,-0.1291, 3.0938, 0.4787,-0.5068,-0.5026,0
 0.0046, 0.0000, 0.4932, 3.1415,-0.0864, 2.6293,-4.6799,-0.5357,-0.5019,0
 0.0034, 0.0000, 0.5215, 3.1415,-0.1203, 2.7878,-1.4098,-0.5138,-0.5012,0
 0.0021, 0.0000, 0.5434, 3.1415,-0.1210, 2.3168,-4.6799,-0.5394,-0.5005,0
 0.0009, 0.0000, 0.5686, 3.1415,-0.1272, 2.4739,-2.0168,-0.5194,-0.4997,0
-0.0001, 0.0000, 0.5906, 3.1415,-0.1103, 2.2540,-4.6799,-0.5253,-0.4990,0
-0.0015, 0.0000, 0.6094, 3.1415,-0.1312, 1.9587,-4.6799,-0.5350,-0.4983,0
-0.0030, 0.0000, 0.6283, 3.1415,-0.1475, 1.8997,-3.6385,-0.5304,-0.4976,0
-0.0046, 0.0000, 0.6471, 3.1415,-0.1628, 1.8879,-1.7913,-0.5229,-0.4969,0
-0.0063, 0.0000, 0.6628, 3.1415,-0.1659, 1.6342,-3.4088,-0.5286,-0.4961,0
-0.0081, 0.0000, 0.6754, 3.1415,-0.1726, 1.3321,-3.8020,-0.5355,-0.4954,0
-0.0099, 0.0000, 0.6880, 3.1415,-0.1800, 1.2717,-1.5797,-0.5320,-0.4947,0
-0.0117, 0.0000, 0.7005, 3.1415,-0.1815, 1.2596,-0.3544,-0.5267,-0.4940,0
-0.0135, 0.0000, 0.7068, 3.1415,-0.1818, 0.7545,-2.9734,-0.5380,-0.4933,0
-0.0153, 0.0000, 0.7162, 3.1415,-0.1818, 0.9048, 1.0311,-0.5301,-0.4926,0
-0.0164, 0.0000, 0.7194, 3.1415,-0.1212, 0.4323,-2.0898,-0.5375,-0.4918,0
-0.0182, 0.0000, 0.7194, 3.1415,-0.1697, 0.0864,-0.3314,-0.5400,-0.4911,0
-0.0198, 0.0000, 0.7194, 3.1415,-0.1612, 0.0172, 1.8373,-0.5401,-0.4904,0
-0.0208, 0.0000, 0.7194, 3.1415,-0.1110, 0.0034, 2.2063,-0.5401,-0.4897,0
-0.0218, 0.0000, 0.7131, 3.1415,-0.1010,-0.5019, 0.4974,-0.5395,-0.4890,0
-0.0225, 0.0000, 0.7068, 3.1415,-0.0747,-0.6030, 2.8187,-0.5409,-0.4882,0
-0.0228, 0.0000, 0.6942, 3.1415,-0.0452,-1.1259, 1.2651,-0.5341,-0.4875,0
-0.0229, 0.0000, 0.6817, 3.1415,-0.0151,-1.2304, 3.9508,-0.5363,-0.4868,0
-0.0226, 0.0000, 0.6660, 3.1415, 0.0212,-1.5027, 3.4492,-0.5330,-0.4861,0
-0.0222, 0.0000, 0.6471, 3.1415, 0.0406,-1.8085, 3.1264,-0.5270,-0.4854,0
-0.0216, 0.0000, 0.6251, 3.1415, 0.0505,-2.1209, 2.6880,-0.5192,-0.4847,0
-0.0207, 0.0000, 0.6031, 3.1415, 0.0828,-2.1834, 4.6799,-0.5246,-0.4839,0
-0.0194, 0.0000, 0.5780, 3.1415, 0.1257,-2.4473, 3.2239,-0.5175,-0.4832,0
-0.0180, 0.0000, 0.5497, 3.1415, 0.1342,-2.7514, 1.1696,-0.5062,-0.4825,0
-0.0165, 0.0000, 0.5183, 3.1415, 0.1481,-3.0635,-1.6642,-0.4923,-0.4818,0
-0.0152, 0.0000, 0.4869, 3.1415, 0.1327,-3.1259, 1.8399,-0.4978,-0.4811,0
-0.0128, 0.0000, 0.4555, 3.1415, 0.2145,-3.1384, 4.0466,-0.5069,-0.4803,0
-0.0108, 0.0000, 0.4178, 3.1415, 0.2066,-3.6436,-4.6799,-0.4704,-0.4796,0
-0.0093, 0.0000, 0.3832, 3.1415, 0.1625,-3.4933, 3.1898,-0.4951,-0.4789,0
-0.0068, 0.0000, 0.3455, 3.1415, 0.2326,-3.7145,-3.0358,-0.4824,-0.4782,0
-0.0052, 0.0000, 0.3047, 3.1415, 0.1738,-4.0101,-4.6799,-0.4598,-0.4775,0
-0.0032, 0.0000, 0.2670, 3.1415, 0.1924,-3.8179, 2.5039,-0.4885,-0.4768,0
-0.0012, 0.0000, 0.2261, 3.1415, 0.2021,-4.0308,-4.6799,-0.4723,-0.4760,0
 0.0000, 0.0000, 0.1884, 3.1415, 0.1435,-3.8220, 4.6799,-0.5008,-0.4753,0
 0.0023, 0.0000, 0.1476, 3.1415, 0.2106,-4.0316,-1.4977,-0.4827,-0.4746,0
 0.0034, 0.0000, 0.1068, 3.1415, 0.1330,-4.0735, 0.1041,-0.4816,-0.4739,0
 0.0053, 0.0000, 0.0659, 3.1415, 0.1721,-4.0819, 0.9305,-0.4832,-0.4732,0
 0.0067, 0.0000, 0.0251, 3.1415, 0.1496,-4.0836, 1.9322,-0.4843,-0.4724,0
 0.0087, 0.0000,-0.0157, 3.1415, 0.1875,-4.0839, 1.8138,-0.4844,-0.4717,0
 0.0102, 0.0000,-0.0596, 3.1415, 0.1587,-4.3353,-4.6799,-0.4536,-0.4710,0
 0.0117, 0.0000,-0.1005, 3.1415, 0.1530,-4.1343, 0.8652,-0.4751,-0.4703,0
 0.0134, 0.0000,-0.1413, 3.1415, 0.1639,-4.0941, 0.5630,-0.4762,-0.4696,0
 0.0150, 0.0000,-0.1790, 3.1415, 0.1601,-3.8347, 4.6799,-0.5007,-0.4689,0
 0.0165, 0.0000,-0.2199, 3.1415, 0.1593,-4.0342,-2.0712,-0.4729,-0.4681,0
 0.0178, 0.0000,-0.2576, 3.1415, 0.1288,-3.8227, 4.6799,-0.4898,-0.4674,0
 0.0194, 0.0000,-0.2953, 3.1415, 0.1531,-3.7804, 4.3259,-0.4869,-0.4667,0
 0.0207, 0.0000,-0.3330, 3.1415, 0.1397,-3.7720, 1.8726,-0.4794,-0.4660,0
 0.0223, 0.0000,-0.3675, 3.1415, 0.1552,-3.5190, 4.6799,-0.4967,-0.4653,0
 0.0239, 0.0000,-0.4021, 3.1415, 0.1583,-3.4684, 4.6799,-0.4923,-0.4645,0
 0.0255, 0.0000,-0.4366, 3.1415, 0.1590,-3.4582, 2.5150,-0.4832,-0.4638,0
 0.0272, 0.0000,-0.4712, 3.1415, 0.1712,-3.4562,-0.4909,-0.4725,-0.4631,0
 0.0288, 0.0000,-0.5026, 3.1415, 0.1555,-3.2045, 4.4253,-0.4855,-0.4624,0
 0.0306, 0.0000,-0.5340, 3.1415, 0.1766,-3.1541, 1.3506,-0.4788,-0.4617,0
 0.0320, 0.0000,-0.5623, 3.1415, 0.1505,-2.8927, 4.6799,-0.4903,-0.4610,0
 0.0336, 0.0000,-0.5874, 3.1415, 0.1574,-2.5891, 4.6799,-0.5038,-0.4602,0
 0.0353, 0.0000,-0.6126, 3.1415, 0.1709,-2.5284, 3.8584,-0.4980,-0.4595,0
 0.0369, 0.0000,-0.6377, 3.1415, 0.1615,-2.5163, 1.5008,-0.4882,-0.4588,0
 0.0385, 0.0000,-0.6597, 3.1415, 0.1596,-2.2625, 3.5809,-0.4957,-0.4581,0
 0.0405, 0.0000,-0.6785, 3.1415, 0.1895,-1.9604, 4.1661,-0.5051,-0.4574,0
 0.0422, 0.0000,-0.6974, 3.1415, 0.1773,-1.9000, 1.7290,-0.4998,-0.4566,0
 0.0441, 0.0000,-0.7131, 3.1415, 0.1870,-1.6366, 2.4025,-0.5055,-0.4559,0
 0.0461, 0.0000,-0.7288, 3.1415, 0.1950,-1.5839, 0.2752,-0.5005,-0.4552,0
 0.0479, 0.0000,-0.7414, 3.1415, 0.1784,-1.3221, 1.0880,-0.5051,-0.4545,0
 0.0497, 0.0000,-0.7539, 3.1415, 0.1872,-1.2697,-0.8008,-0.5008,-0.4538,0
 0.0513, 0.0000,-0.7602, 3.1415, 0.1587,-0.7565, 1.2096,-0.5123,-0.4531,0
 0.0531, 0.0000,-0.7665, 3.1415, 0.1772,-0.6539,-1.6693,-0.5112,-0.4523,0
 0.0543, 0.0000,-0.7696, 3.1415, 0.1324,-0.3821,-1.5245,-0.5136,-0.4516,0
 0.0554, 0.0000,-0.7728, 3.1415, 0.1174,-0.3277,-2.9558,-0.5126,-0.4509,0
 0.0563, 0.0000,-0.7696, 3.1415, 0.0901, 0.1857,-1.8892,-0.5151,-0.4502,0
 0.0569, 0.0000,-0.7634, 3.1415, 0.0665, 0.5398,-3.5316,-0.5147,-0.4495,0
 0.0569, 0.0000,-0.7571, 3.1415, 0.0133, 0.6106,-4.6799,-0.5166,-0.4488,0
 0.0566, 0.0000,-0.7445, 3.1415,-0.0155, 1.1274,-4.1193,-0.5102,-0.4480,0
 0.0561, 0.0000,-0.7319, 3.1415,-0.0455, 1.2307,-4.6799,-0.5129,-0.4473,0
 0.0551, 0.0000,-0.7162, 3.1415,-0.0879, 1.5027,-4.6799,-0.5100,-0.4466,0
 0.0538, 0.0000,-0.6974, 3.1415,-0.1206, 1.8085,-4.6799,-0.5046,-0.4459,0
 0.0523, 0.0000,-0.6754, 3.1415,-0.1454, 2.1209,-4.6799,-0.4974,-0.4452,0
 0.0505, 0.0000,-0.6503, 3.1415,-0.1746, 2.4348,-4.6799,-0.4885,-0.4444,0
 0.0482, 0.0000,-0.6220, 3.1415,-0.2228, 2.7489,-3.8394,-0.4777,-0.4437,0
 0.0457, 0.0000,-0.5937, 3.1415,-0.2386, 2.8117,-4.6799,-0.4845,-0.4430,0
 0.0430, 0.0000,-0.5592, 3.1415,-0.2660, 3.3269, 2.0257,-0.4537,-0.4423,0
 0.0410, 0.0000,-0.5277, 3.1415,-0.2169, 3.1786,-4.6799,-0.4789,-0.4416,0
 0.0375, 0.0000,-0.4900, 3.1415,-0.3162, 3.6516, 3.5532,-0.4468,-0.4409,0
 0.0354, 0.0000,-0.4555, 3.1415,-0.2330, 3.4949,-4.6799,-0.4738,-0.4401,0
 0.0322, 0.0000,-0.4178, 3.1415,-0.3073, 3.7149,-3.3061,-0.4631,-0.4394,0
 0.0291, 0.0000,-0.3769, 3.1415,-0.3100, 4.0102, 3.5620,-0.4425,-0.4387,0
 0.0263, 0.0000,-0.3361, 3.1415,-0.2802, 4.0693, 0.2295,-0.4460,-0.4380,0
 0.0237, 0.0000,-0.2953, 3.1415,-0.2682, 4.0811,-3.3230,-0.4538,-0.4373,0
 0.0203, 0.0000,-0.2513, 3.1415,-0.3204, 4.3348, 4.6799,-0.4324,-0.4365,0
 0.0181, 0.0000,-0.2104, 3.1415,-0.2459, 4.1342,-4.6799,-0.4629,-0.4358,0
 0.0150, 0.0000,-0.1665, 3.1415,-0.2977, 4.3454, 0.9440,-0.4438,-0.4351,0
 0.0128, 0.0000,-0.1225, 3.1415,-0.2293, 4.3876,-0.7058,-0.4431,-0.4344,0
 0.0100, 0.0000,-0.0785, 3.1415,-0.2762, 4.3961,-1.6753,-0.4453,-0.4337,0
 0.0073, 0.0000,-0.0345, 3.1415,-0.2674, 4.3978,-2.6877,-0.4468,-0.4330,0
 0.0050, 0.0000, 0.0094, 3.1415,-0.2414, 4.3981,-3.3273,-0.4472,-0.4322,0
 0.0020, 0.0000, 0.0534, 3.1415,-0.2847, 4.3982,-2.6889,-0.4462,-0.4315,0
-0.0006, 0.0000, 0.0973, 3.1415,-0.2691, 4.3982,-2.1498,-0.4438,-0.4308,0
-0.0034, 0.0000, 0.1413, 3.1415,-0.2842, 4.3982,-0.7825,-0.4401,-0.4301,0
-0.0065, 0.0000, 0.1853, 3.1415,-0.3054, 4.3982, 1.1467,-0.4349,-0.4294,0
-0.0089, 0.0000, 0.2293, 3.1415,-0.2490, 4.3982, 2.7005,-0.4284,-0.4286,0
-0.0112, 0.0000, 0.2733, 3.1415,-0.2317, 4.3982, 4.6799,-0.4206,-0.4279,0
-0.0131, 0.0000, 0.3110, 3.1415,-0.2039, 3.8955,-4.6799,-0.4711,-0.4272,0
-0.0154, 0.0000, 0.3487, 3.1415,-0.2226, 3.7950,-4.6799,-0.4732,-0.4265,0
-0.0175, 0.0000, 0.3864, 3.1415,-0.2082, 3.7749,-4.6799,-0.4656,-0.4258,0
-0.0194, 0.0000, 0.4209, 3.1415,-0.1932, 3.5195,-4.6799,-0.4819,-0.4251,0
-0.0215, 0.0000, 0.4586, 3.1415,-0.2084, 3.7198,-3.0262,-0.4501,-0.4243,0
-0.0237, 0.0000, 0.4932, 3.1415,-0.2175, 3.5085,-4.6799,-0.4601,-0.4236,0
-0.0259, 0.0000, 0.5246, 3.1415,-0.2254, 3.2149,-4.6799,-0.4768,-0.4229,0
-0.0284, 0.0000, 0.5560, 3.1415,-0.2391, 3.1562,-4.6799,-0.4704,-0.4222,0
-0.0308, 0.0000, 0.5874, 3.1415,-0.2418, 3.1445,-4.5318,-0.4592,-0.4215,0
-0.0332, 0.0000, 0.6157, 3.1415,-0.2423, 2.8908,-4.6799,-0.4692,-0.4207,0
-0.0358, 0.0000, 0.6440, 3.1415,-0.2546, 2.8401,-4.0425,-0.4613,-0.4200,0
-0.0385, 0.0000, 0.6691, 3.1415,-0.2631, 2.5786,-4.6799,-0.4701,-0.4193,0
-0.0412, 0.0000, 0.6942, 3.1415,-0.2709, 2.5263,-2.7378,-0.4625,-0.4186,0
-0.0440, 0.0000, 0.7162, 3.1415,-0.2785, 2.2645,-3.8704,-0.4698,-0.4179,0
-0.0469, 0.0000, 0.7351, 3.1415,-0.2861, 1.9608,-4.0767,-0.4788,-0.4172,0
-0.0497, 0.0000, 0.7539, 3.1415,-0.2876, 1.9001,-1.3518,-0.4729,-0.4164,0
-0.0526, 0.0000, 0.7728, 3.1415,-0.2879, 1.8879, 0.5229,-0.4642,-0.4157,0
-0.0547, 0.0000, 0.7853, 3.1415,-0.2273, 1.3829,-2.8004,-0.4809,-0.4150,0
-0.0580, 0.0000, 0.7979, 3.1415,-0.3061, 1.2818, 0.8486,-0.4783,-0.4143,0
-0.0600, 0.0000, 0.8073, 3.1415,-0.2188, 1.0103, 0.2468,-0.4821,-0.4136,0
-0.0622, 0.0000, 0.8136, 3.1415,-0.2196, 0.7047, 1.1299,-0.4862,-0.4128,0
-0.0639, 0.0000, 0.8168, 3.1415,-0.1833, 0.3922, 2.0223,-0.4894,-0.4121,0
-0.0654, 0.0000, 0.8168, 3.1415,-0.1579, 0.0784, 3.2046,-0.4914,-0.4114,0
-0.0664, 0.0000, 0.8136, 3.1415,-0.1104,-0.2356, 4.2147,-0.4924,-0.4107,0
-0.0673, 0.0000, 0.8073, 3.1415,-0.0887,-0.5497, 4.6799,-0.4922,-0.4100,0
-0.0676, 0.0000, 0.8011, 3.1415,-0.0420,-0.6126, 4.6799,-0.4944,-0.4093,0
-0.0676, 0.0000, 0.7885, 3.1415,-0.0084,-1.1278, 4.6799,-0.4883,-0.4085,0
-0.0672, 0.0000, 0.7728, 3.1415, 0.0286,-1.4821, 4.6799,-0.4833,-0.4078,0
-0.0663, 0.0000, 0.7571, 3.1415, 0.0724,-1.5530, 4.6799,-0.4881,-0.4071,0
-0.0654, 0.0000, 0.7351, 3.1415, 0.0933,-2.0699, 4.6799,-0.4726,-0.4064,0
-0.0640, 0.0000, 0.7131, 3.1415, 0.1278,-2.1732, 4.6799,-0.4769,-0.4057,0
-0.0625, 0.0000, 0.6880, 3.1415, 0.1468,-2.4452, 4.6799,-0.4710,-0.4049,0
-0.0607, 0.0000, 0.6597, 3.1415, 0.1688,-2.7509, 4.6799,-0.4614,-0.4042,0
-0.0585, 0.0000, 0.6283, 3.1415, 0.2096,-3.0634, 4.6799,-0.4495,-0.4035,0
-0.0561, 0.0000, 0.5969, 3.1415, 0.2359,-3.1259, 4.6799,-0.4571,-0.4028,0
-0.0534, 0.0000, 0.5623, 3.1415, 0.2654,-3.3897, 4.6799,-0.4466,-0.4021,0
-0.0504, 0.0000, 0.5246, 3.1415, 0.2956,-3.6938, 4.4177,-0.4304,-0.4014,0
-0.0471, 0.0000, 0.4838, 3.1415, 0.3198,-4.0060,-1.0160,-0.4110,-0.4006,0
-0.0441, 0.0000, 0.4398, 3.1415, 0.3004,-4.3197,-4.6799,-0.3885,-0.3999,0
-0.0412, 0.0000, 0.3989, 3.1415, 0.2965,-4.1312, 4.6799,-0.4227,-0.3992,0
-0.0375, 0.0000, 0.3549, 3.1415, 0.3503,-4.3448, 0.1184,-0.4090,-0.3985,0
-0.0340, 0.0000, 0.3078, 3.1415, 0.3550,-4.6388,-4.6799,-0.3830,-0.3978,0
-0.0311, 0.0000, 0.2638, 3.1415, 0.3014,-4.4463, 4.6799,-0.4164,-0.3970,0
-0.0276, 0.0000, 0.2167, 3.1415, 0.3391,-4.6591,-3.4085,-0.3973,-0.3963,0
-0.0242, 0.0000, 0.1696, 3.1415, 0.3406,-4.7017,-1.9592,-0.3982,-0.3956,0
-0.0216, 0.0000, 0.1225, 3.1415, 0.2742,-4.7102, 0.9084,-0.4020,-0.3949,0
-0.0183, 0.0000, 0.0753, 3.1415, 0.3216,-4.7119, 1.9868,-0.4052,-0.3942,0
-0.0154, 0.0000, 0.0282, 3.1415, 0.2947,-4.7123, 3.1835,-0.4069,-0.3935,0
-0.0127, 0.0000,-0.0188, 3.1415, 0.2772,-4.7123, 3.6471,-0.4070,-0.3927,0
-0.0090, 0.0000,-0.0691, 3.1415, 0.3464,-4.9637,-4.6799,-0.3714,-0.3920,0
-0.0063, 0.0000,-0.1162, 3.1415, 0.2875,-4.7626, 0.8790,-0.3956,-0.3913,0
-0.0035, 0.0000,-0.1602, 3.1415, 0.2818,-4.4711, 4.6799,-0.4290,-0.3906,0
-0.0002, 0.0000,-0.2073, 3.1415, 0.3231,-4.6641,-0.7954,-0.3981,-0.3899,0
 0.0016, 0.0000,-0.2513, 3.1415, 0.2162,-4.4514, 4.6799,-0.4181,-0.3891,0
 0.0049, 0.0000,-0.2953, 3.1415, 0.3039,-4.4088, 4.6799,-0.4148,-0.3884,0
 0.0070, 0.0000,-0.3392, 3.1415, 0.2305,-4.4003, 4.4064,-0.4060,-0.3877,0
 0.0098, 0.0000,-0.3801, 3.1415, 0.2704,-4.1473, 4.6799,-0.4260,-0.3870,0
 0.0128, 0.0000,-0.4209, 3.1415, 0.2966,-4.0967, 4.6799,-0.4204,-0.3863,0
 0.0150, 0.0000,-0.4618, 3.1415, 0.2290,-4.0865, 4.6799,-0.4090,-0.3856,0
 0.0178, 0.0000,-0.4995, 3.1415, 0.2762,-3.8332, 4.6799,-0.4246,-0.3848,0
 0.0209, 0.0000,-0.5372, 3.1415, 0.2977,-3.7825, 4.6799,-0.4166,-0.3841,0
 0.0233, 0.0000,-0.5749, 3.1415, 0.2535,-3.7724, 2.1939,-0.4034,-0.3834,0
 0.0262, 0.0000,-0.6063, 3.1415, 0.2811,-3.2677, 4.6799,-0.4405,-0.3827,0
 0.0293, 0.0000,-0.6408, 3.1415, 0.3048,-3.4181, 2.1666,-0.4120,-0.3820,0
 0.0318, 0.0000,-0.6723, 3.1415, 0.2610,-3.1969, 4.6799,-0.4187,-0.3813,0
 0.0348, 0.0000,-0.7005, 3.1415, 0.2947,-2.9013, 4.6799,-0.4311,-0.3805,0
 0.0381, 0.0000,-0.7288, 3.1415, 0.3196,-2.8422, 3.1440,-0.4225,-0.3798,0
 0.0407, 0.0000,-0.7539, 3.1415, 0.2700,-2.5790, 4.6799,-0.4303,-0.3791,0
 0.0435, 0.0000,-0.7759, 3.1415, 0.2783,-2.2751, 4.6799,-0.4400,-0.3784,0
 0.0468, 0.0000,-0.7979, 3.1415, 0.3224,-2.2143, 1.8466,-0.4327,-0.3777,0
 0.0499, 0.0000,-0.8168, 3.1415, 0.3130,-1.9508, 2.3541,-0.4382,-0.3769,0
 0.0526, 0.0000,-0.8325, 3.1415, 0.2808,-1.6468, 2.3807,-0.4453,-0.3762,0
 0.0557, 0.0000,-0.8482, 3.1415, 0.2987,-1.5860,-0.2064,-0.4396,-0.3755,0
 0.0588, 0.0000,-0.8607, 3.1415, 0.3144,-1.3225,-0.3772,-0.4435,-0.3748,0
 0.0610, 0.0000,-0.8702, 3.1415, 0.2387,-1.0184,-0.2808,-0.4484,-0.3741,0
 0.0631, 0.0000,-0.8765, 3.1415, 0.2114,-0.7063,-1.1487,-0.4524,-0.3734,0
 0.0652, 0.0000,-0.8796, 3.1415, 0.2120,-0.3926,-2.5382,-0.4555,-0.3726,0
 0.0666, 0.0000,-0.8796, 3.1415, 0.1576,-0.0785,-3.4454,-0.4576,-0.3719,0
 0.0680, 0.0000,-0.8765, 3.1415, 0.1406, 0.2356,-4.6799,-0.4586,-0.3712,0
 0.0690, 0.0000,-0.8702, 3.1415, 0.1069, 0.5497,-4.6799,-0.4586,-0.3705,0
 0.0692, 0.0000,-0.8607, 3.1415, 0.0395, 0.8639,-4.6799,-0.4576,-0.3698,0
 0.0694, 0.0000,-0.8482, 3.1415, 0.0200, 1.1780,-4.6799,-0.4554,-0.3690,0
 0.0691, 0.0000,-0.8356, 3.1415,-0.0141, 1.2409,-4.6799,-0.4600,-0.3683,0
 0.0683, 0.0000,-0.8168, 3.1415,-0.0695, 1.7561,-4.6799,-0.4483,-0.3676,0
 0.0673, 0.0000,-0.7948, 3.1415,-0.0927, 2.1105,-4.6799,-0.4405,-0.3669,0
 0.0663, 0.0000,-0.7728, 3.1415,-0.1034, 2.1813,-4.6799,-0.4474,-0.3662,0
 0.0646, 0.0000,-0.7445, 3.1415,-0.1540, 2.6982,-4.6799,-0.4261,-0.3655,0
 0.0627, 0.0000,-0.7162, 3.1415,-0.1824, 2.8015,-4.6799,-0.4317,-0.3647,0
 0.0607, 0.0000,-0.6848, 3.1415,-0.2001, 3.0735,-4.6799,-0.4239,-0.3640,0
 0.0582, 0.0000,-0.6503, 3.1415,-0.2340, 3.3793,-4.6799,-0.4116,-0.3633,0
 0.0554, 0.0000,-0.6126, 3.1415,-0.2711, 3.6917,-4.6799,-0.3966,-0.3626,0
 0.0524, 0.0000,-0.5717, 3.1415,-0.2967, 4.0056,-1.3421,-0.3792,-0.3619,0
 0.0491, 0.0000,-0.5309, 3.1415,-0.3200, 4.0683,-4.6799,-0.3875,-0.3611,0
 0.0456, 0.0000,-0.4869, 3.1415,-0.3489, 4.3322, 0.2292,-0.3718,-0.3604,0
 0.0422, 0.0000,-0.4398, 3.1415,-0.3365, 4.6363, 4.6799,-0.3488,-0.3597,0
 0.0391, 0.0000,-0.3926, 3.1415,-0.3159, 4.6971, 4.2632,-0.3545,-0.3590,0
 0.0360, 0.0000,-0.3455, 3.1415,-0.3117, 4.7093,-0.5744,-0.3651,-0.3583,0
 0.0326, 0.0000,-0.2984, 3.1415,-0.3352, 4.7117,-4.6322,-0.3755,-0.3576,0
 0.0293, 0.0000,-0.2513, 3.1415,-0.3338, 4.7122,-4.6799,-0.3846,-0.3568,0
 0.0259, 0.0000,-0.2010, 3.1415,-0.3335, 4.9636, 3.4354,-0.3586,-0.3561,0
 0.0233, 0.0000,-0.1507, 3.1415,-0.2789, 5.0139, 1.5584,-0.3579,-0.3554,0
 0.0201, 0.0000,-0.1005, 3.1415,-0.3104, 5.0240,-0.2735,-0.3610,-0.3547,0
 0.0170, 0.0000,-0.0502, 3.1415,-0.3106, 5.0260,-1.7248,-0.3635,-0.3540,0
 0.0139, 0.0000, 0.0000, 3.1415,-0.3107, 5.0264,-2.3710,-0.3643,-0.3532,0
 0.0111, 0.0000, 0.0502, 3.1415,-0.2864, 5.0265,-2.4982,-0.3634,-0.3525,0
 0.0079, 0.0000, 0.1005, 3.1415,-0.3119, 5.0265,-1.3308,-0.3607,-0.3518,0
 0.0048, 0.0000, 0.1507, 3.1415,-0.3109, 5.0265, 0.3072,-0.3562,-0.3511,0
 0.0021, 0.0000, 0.2010, 3.1415,-0.2744, 5.0265, 2.2659,-0.3498,-0.3504,0
-0.0001, 0.0000, 0.2481, 3.1415,-0.2428, 4.7752,-4.6799,-0.3768,-0.3497,0
-0.0029, 0.0000, 0.2953, 3.1415,-0.2729, 4.7249,-4.6799,-0.3744,-0.3489,0
-0.0056, 0.0000, 0.3392, 3.1415,-0.2668, 4.4635,-4.6799,-0.3982,-0.3482,0
-0.0080, 0.0000, 0.3864, 3.1415,-0.2473, 4.6626,-1.3962,-0.3607,-0.3475,0
-0.0107, 0.0000, 0.4303, 3.1415,-0.2677, 4.4511,-4.6799,-0.3752,-0.3468,0
-0.0133, 0.0000, 0.4743, 3.1415,-0.2597, 4.4088,-4.6799,-0.3666,-0.3461,0
-0.0159, 0.0000, 0.5152, 3.1415,-0.2580, 4.1490,-4.6799,-0.3838,-0.3453,0
-0.0188, 0.0000, 0.5529, 3.1415,-0.2880, 3.8457,-4.6799,-0.4040,-0.3446,0
-0.0214, 0.0000, 0.5937, 3.1415,-0.2637, 4.0364,-2.4090,-0.3670,-0.3439,0
-0.0242, 0.0000, 0.6283, 3.1415,-0.2770, 3.5718,-4.6799,-0.4023,-0.3432,0
-0.0272, 0.0000, 0.6660, 3.1415,-0.2918, 3.7303,-2.2940,-0.3698,-0.3425,0
-0.0299, 0.0000, 0.6974, 3.1415,-0.2766, 3.2593,-4.6799,-0.4016,-0.3418,0
-0.0328, 0.0000, 0.7288, 3.1415,-0.2857, 3.1651,-4.6799,-0.3954,-0.3410,0
-0.0357, 0.0000, 0.7602, 3.1415,-0.2936, 3.1462,-3.5584,-0.3817,-0.3403,0
-0.0385, 0.0000, 0.7885, 3.1415,-0.2770, 2.8912,-4.6799,-0.3891,-0.3396,0
-0.0416, 0.0000, 0.8136, 3.1415,-0.3039, 2.5888,-4.6799,-0.3993,-0.3389,0
-0.0447, 0.0000, 0.8356, 3.1415,-0.3093, 2.2770,-4.6799,-0.4090,-0.3382,0
-0.0475, 0.0000, 0.8576, 3.1415,-0.2922, 2.2147,-2.6960,-0.4011,-0.3374,0
-0.0507, 0.0000, 0.8796, 3.1415,-0.3131, 2.2022,-0.2163,-0.3898,-0.3367,0
-0.0541, 0.0000, 0.8953, 3.1415,-0.3294, 1.6970,-2.5689,-0.4086,-0.3360,0
-0.0570, 0.0000, 0.9110, 3.1415,-0.3023, 1.5960,-0.0459,-0.4044,-0.3353,0
-0.0601, 0.0000, 0.9204, 3.1415,-0.3030, 1.0731,-0.6148,-0.4186,-0.3346,0
-0.0631, 0.0000, 0.9330, 3.1415,-0.3031, 1.2199, 3.0071,-0.4067,-0.3339,0
-0.0654, 0.0000, 0.9393, 3.1415,-0.2485, 0.7466, 1.3405,-0.4161,-0.3331,0
-0.0679, 0.0000, 0.9424, 3.1415,-0.2437, 0.4006, 2.9661,-0.4198,-0.3324,0
-0.0700, 0.0000, 0.9424, 3.1415,-0.2185, 0.0801, 4.3808,-0.4219,-0.3317,0
-0.0717, 0.0000, 0.9424, 3.1415,-0.1831, 0.0160, 4.6799,-0.4220,-0.3310,0
-0.0730, 0.0000, 0.9361, 3.1415,-0.1397,-0.4994, 4.6799,-0.4222,-0.3303,0
-0.0737, 0.0000, 0.9267, 3.1415,-0.0825,-0.8538, 4.6799,-0.4209,-0.3295,0
-0.0741, 0.0000, 0.9142, 3.1415,-0.0468,-1.1760, 4.6799,-0.4189,-0.3288,0
-0.0739, 0.0000, 0.8984, 3.1415, 0.0027,-1.4918, 4.6799,-0.4160,-0.3281,0
-0.0732, 0.0000, 0.8796, 3.1415, 0.0551,-1.8063, 4.6799,-0.4120,-0.3274,0
-0.0725, 0.0000, 0.8576, 3.1415, 0.0716,-2.1205, 4.6799,-0.4068,-0.3267,0
-0.0710, 0.0000, 0.8325, 3.1415, 0.1295,-2.4347, 4.6799,-0.4002,-0.3260,0
-0.0695, 0.0000, 0.8042, 3.1415, 0.1471,-2.7488, 4.6799,-0.3923,-0.3252,0
-0.0676, 0.0000, 0.7728, 3.1415, 0.1810,-3.0630, 4.6799,-0.3827,-0.3245,0
-0.0653, 0.0000, 0.7414, 3.1415, 0.2241,-3.1258, 4.6799,-0.3928,-0.3238,0
-0.0628, 0.0000, 0.7037, 3.1415, 0.2449,-3.6411, 4.6799,-0.3618,-0.3231,0
-0.0600, 0.0000, 0.6660, 3.1415, 0.2733,-3.7441, 4.6799,-0.3683,-0.3224,0
-0.0569, 0.0000, 0.6251, 3.1415, 0.2972,-4.0160, 4.6799,-0.3564,-0.3216,0
-0.0535, 0.0000, 0.5811, 3.1415, 0.3383,-4.3218, 1.4647,-0.3386,-0.3209,0
-0.0500, 0.0000, 0.5340, 3.1415, 0.3465,-4.6342,-4.6799,-0.3174,-0.3202,0
-0.0468, 0.0000, 0.4869, 3.1415, 0.3239,-4.6967,-0.2978,-0.3257,-0.3195,0
-0.0432, 0.0000, 0.4366, 3.1415, 0.3497,-4.9605,-4.6799,-0.3062,-0.3188,0
-0.0398, 0.0000, 0.3864, 3.1415, 0.3428,-5.0133,-4.6643,-0.3132,-0.3181,0
-0.0368, 0.0000, 0.3361, 3.1415, 0.3110,-5.0239, 0.8950,-0.3245,-0.3173,0
-0.0332, 0.0000, 0.2858, 3.1415, 0.3471,-5.0260, 4.6799,-0.3352,-0.3166,0
-0.0299, 0.0000, 0.2356, 3.1415, 0.3362,-5.0264, 4.6799,-0.3445,-0.3159,0
-0.0266, 0.0000, 0.1822, 3.1415, 0.3279,-5.2778,-3.9449,-0.3162,-0.3152,0
-0.0240, 0.0000, 0.1288, 3.1415, 0.2778,-5.3281,-2.4474,-0.3146,-0.3145,0
-0.0209, 0.0000, 0.0753, 3.1415, 0.3041,-5.3381,-0.7412,-0.3171,-0.3138,0
-0.0181, 0.0000, 0.0219, 3.1415, 0.2851,-5.3402, 0.6480,-0.3186,-0.3130,0
-0.0153, 0.0000,-0.0282, 3.1415, 0.2813,-5.0892, 4.6799,-0.3551,-0.3123,0
-0.0121, 0.0000,-0.0816, 3.1415, 0.3109,-5.2904, 1.8622,-0.3238,-0.3116,0
-0.0093, 0.0000,-0.1350, 3.1415, 0.2865,-5.3306,-1.2543,-0.3137,-0.3109,0
-0.0071, 0.0000,-0.1853, 3.1415, 0.2331,-5.0873, 4.6799,-0.3434,-0.3102,0
-0.0042, 0.0000,-0.2356, 3.1415, 0.2770,-5.0387, 4.6799,-0.3428,-0.3094,0
-0.0013, 0.0000,-0.2858, 3.1415, 0.2858,-5.0289, 4.6799,-0.3348,-0.3087,0
 0.0009, 0.0000,-0.3361, 3.1415, 0.2451,-5.0270, 4.6799,-0.3241,-0.3080,0
 0.0038, 0.0000,-0.3864, 3.1415, 0.2794,-5.0266,-0.4221,-0.3114,-0.3073,0
 0.0063, 0.0000,-0.4335, 3.1415, 0.2559,-4.7752, 4.6799,-0.3324,-0.3066,0
 0.0090, 0.0000,-0.4775, 3.1415, 0.2694,-4.4736, 4.6799,-0.3575,-0.3059,0
 0.0115, 0.0000,-0.5215, 3.1415, 0.2479,-4.4133, 4.6799,-0.3499,-0.3051,0
 0.0141, 0.0000,-0.5654, 3.1415, 0.2618,-4.4012, 4.6799,-0.3351,-0.3044,0
 0.0167, 0.0000,-0.6063, 3.1415, 0.2585,-4.1475, 4.6799,-0.3492,-0.3037,0
 0.0193, 0.0000,-0.6471, 3.1415, 0.2578,-4.0967, 4.6799,-0.3379,-0.3030,0
 0.0219, 0.0000,-0.6848, 3.1415, 0.2637,-3.8352, 4.6799,-0.3502,-0.3023,0
 0.0247, 0.0000,-0.7194, 3.1415, 0.2771,-3.5316, 4.6799,-0.3655,-0.3015,0
 0.0276, 0.0000,-0.7539, 3.1415, 0.2858,-3.4709, 4.6799,-0.3548,-0.3008,0
 0.0306, 0.0000,-0.7853, 3.1415, 0.2936,-3.2074, 4.6799,-0.3637,-0.3001,0
 0.0335, 0.0000,-0.8168, 3.1415, 0.2891,-3.1547, 4.6799,-0.3522,-0.2994,0
 0.0364, 0.0000,-0.8450, 3.1415, 0.2942,-2.8929, 4.6799,-0.3594,-0.2987,0
 0.0395, 0.0000,-0.8733, 3.1415, 0.3074,-2.8405, 3.1322,-0.3482,-0.2980,0
 0.0426, 0.0000,-0.8953, 3.1415, 0.3100,-2.3273, 4.6799,-0.3731,-0.2972,0
 0.0458, 0.0000,-0.9173, 3.1415, 0.3166,-2.2247, 3.2089,-0.3672,-0.2965,0
 0.0488, 0.0000,-0.9361, 3.1415, 0.3058,-1.9529, 2.9700,-0.3723,-0.2958,0
 0.0519, 0.0000,-0.9550, 3.1415, 0.3097,-1.8985, 0.5742,-0.3642,-0.2951,0
 0.0551, 0.0000,-0.9676, 3.1415, 0.3166,-1.3850, 1.6261,-0.3804,-0.2944,0
 0.0585, 0.0000,-0.9801, 3.1415, 0.3301,-1.2823,-1.1558,-0.3768,-0.2936,0
 0.0612, 0.0000,-0.9896, 3.1415, 0.2843,-1.0104,-1.3472,-0.3799,-0.2929,0
 0.0638, 0.0000,-0.9958, 3.1415, 0.2690,-0.7047,-2.2608,-0.3835,-0.2922,0
 0.0663, 0.0000,-0.9990, 3.1415, 0.2539,-0.3922,-3.4534,-0.3864,-0.2915,0
 0.0685, 0.0000,-0.9990, 3.1415, 0.2266,-0.0784,-4.6346,-0.3884,-0.2908,0
 0.0702, 0.0000,-0.9958, 3.1415, 0.1787, 0.2356,-4.6799,-0.3896,-0.2901,0
 0.0715, 0.0000,-0.9896, 3.1415, 0.1388, 0.5497,-4.6799,-0.3900,-0.2893,0
 0.0725, 0.0000,-0.9801, 3.1415, 0.1065, 0.8639,-4.6799,-0.3894,-0.2886,0
 0.0731, 0.0000,-0.9676, 3.1415, 0.0698, 1.1780,-4.6799,-0.3879,-0.2879,0
 0.0733, 0.0000,-0.9519, 3.1415, 0.0321, 1.4922,-4.6799,-0.3854,-0.2872,0
 0.0732, 0.0000,-0.9330, 3.1415,-0.0056, 1.8064,-4.6799,-0.3818,-0.2865,0
 0.0725, 0.0000,-0.9110, 3.1415,-0.0557, 2.1205,-4.6799,-0.3771,-0.2857,0
 0.0716, 0.0000,-0.8859, 3.1415,-0.0778, 2.4347,-4.6799,-0.3712,-0.2850,0
 0.0704, 0.0000,-0.8576, 3.1415,-0.1125, 2.7488,-4.6799,-0.3639,-0.2843,0
 0.0688, 0.0000,-0.8262, 3.1415,-0.1498, 3.0630,-4.6799,-0.3552,-0.2836,0
 0.0670, 0.0000,-0.7948, 3.1415,-0.1754, 3.1258,-4.6799,-0.3661,-0.2829,0
 0.0649, 0.0000,-0.7571, 3.1415,-0.2048, 3.6411,-4.6799,-0.3363,-0.2822,0
 0.0625, 0.0000,-0.7162, 3.1415,-0.2350, 3.9954,-4.6799,-0.3181,-0.2814,0
 0.0597, 0.0000,-0.6754, 3.1415,-0.2713, 4.0663,-4.6799,-0.3289,-0.2807,0
 0.0564, 0.0000,-0.6314, 3.1415,-0.3149, 4.3318,-4.6799,-0.3169,-0.2800,0
 0.0530, 0.0000,-0.5811, 3.1415,-0.3358, 4.8876, 4.6799,-0.2657,-0.2793,0
 0.0503, 0.0000,-0.5340, 3.1415,-0.2854, 4.7474,-4.6799,-0.3025,-0.2786,0
 0.0460, 0.0000,-0.4806, 3.1415,-0.3966, 5.2220, 4.6799,-0.2549,-0.2778,0
 0.0432, 0.0000,-0.4303, 3.1415,-0.3097, 5.0656,-4.6799,-0.2933,-0.2771,0
 0.0388, 0.0000,-0.3769, 3.1415,-0.4136, 5.2856, 4.4906,-0.2765,-0.2764,0
 0.0358, 0.0000,-0.3204, 3.1415,-0.3191, 5.5810, 4.6799,-0.2454,-0.2757,0
 0.0325, 0.0000,-0.2638, 3.1415,-0.3245, 5.6401, 4.6799,-0.2478,-0.2750,0
 0.0294, 0.0000,-0.2104, 3.1415,-0.3135, 5.4005,-4.6799,-0.2939,-0.2743,0
 0.0262, 0.0000,-0.1570, 3.1415,-0.3173, 5.3526,-4.6799,-0.3081,-0.2735,0
 0.0231, 0.0000,-0.1005, 3.1415,-0.3120, 5.5944, 2.4175,-0.2762,-0.2728,0
 0.0210, 0.0000,-0.0439, 3.1415,-0.2321, 5.6427, 2.1879,-0.2716,-0.2721,0
 0.0183, 0.0000, 0.0094, 3.1415,-0.2647, 5.4011,-4.6799,-0.3096,-0.2714,0
 0.0155, 0.0000, 0.0628, 3.1415,-0.2772, 5.3527,-4.6799,-0.3155,-0.2707,0
 0.0126, 0.0000, 0.1193, 3.1415,-0.2858, 5.5944, 1.4362,-0.2748,-0.2699,0
 0.0105, 0.0000, 0.1727, 3.1415,-0.2269, 5.3914,-4.6799,-0.3004,-0.2692,0
 0.0080, 0.0000, 0.2261, 3.1415,-0.2454, 5.3508,-4.6799,-0.2989,-0.2685,0
 0.0055, 0.0000, 0.2796, 3.1415,-0.2491, 5.3427,-4.6799,-0.2905,-0.2678,0
 0.0029, 0.0000, 0.3298, 3.1415,-0.2559, 5.0897,-4.6799,-0.3166,-0.2671,0
 0.0001, 0.0000, 0.3832, 3.1415,-0.2755, 5.2905,-0.2799,-0.2741,-0.2664,0
-0.0022, 0.0000, 0.4335, 3.1415,-0.2491, 5.0793,-4.6799,-0.2904,-0.2656,0
-0.0047, 0.0000, 0.4838, 3.1415,-0.2499, 5.0371,-4.6799,-0.2804,-0.2649,0
-0.0078, 0.0000, 0.5309, 3.1415,-0.2985, 4.7773,-4.6799,-0.2997,-0.2642,0
-0.0103, 0.0000, 0.5780, 3.1415,-0.2598, 4.7253,-4.6799,-0.2888,-0.2635,0
-0.0129, 0.0000, 0.6220, 3.1415,-0.2581, 4.4636,-4.6799,-0.3046,-0.2628,0
-0.0159, 0.0000, 0.6660, 3.1415,-0.2880, 4.4113,-4.6799,-0.2921,-0.2620,0
-0.0184, 0.0000, 0.7068, 3.1415,-0.2637, 4.1495,-4.6799,-0.3049,-0.2613,0
-0.0215, 0.0000, 0.7445, 3.1415,-0.2952, 3.8458,-4.6799,-0.3210,-0.2606,0
-0.0244, 0.0000, 0.7822, 3.1415,-0.2894, 3.7850,-4.6799,-0.3087,-0.2599,0
-0.0270, 0.0000, 0.8199, 3.1415,-0.2701, 3.7729,-3.5440,-0.2906,-0.2592,0
-0.0302, 0.0000, 0.8513, 3.1415,-0.3086, 3.2678,-4.6799,-0.3236,-0.2585,0
-0.0334, 0.0000, 0.8827, 3.1415,-0.3163, 3.1668,-4.6799,-0.3155,-0.2577,0
-0.0362, 0.0000, 0.9110, 3.1415,-0.2876, 2.8953,-4.6799,-0.3227,-0.2570,0
-0.0393, 0.0000, 0.9393, 3.1415,-0.3061, 2.8410,-3.1757,-0.3109,-0.2563,0
-0.0425, 0.0000, 0.9613, 3.1415,-0.3219, 2.3274,-4.6799,-0.3352,-0.2556,0
-0.0458, 0.0000, 0.9864, 3.1415,-0.3251, 2.4761,-0.2377,-0.3102,-0.2549,0
-0.0490, 0.0000, 1.0053, 3.1415,-0.3196, 2.0031,-2.7146,-0.3285,-0.2541,0
-0.0521, 0.0000, 1.0210, 3.1415,-0.3125, 1.6572,-1.6387,-0.3367,-0.2534,0
-0.0553, 0.0000, 1.0367, 3.1415,-0.3171, 1.5881, 0.7913,-0.3302,-0.2527,0
-0.0579, 0.0000, 1.0461, 3.1415,-0.2695, 1.0716,-0.0511,-0.3436,-0.2520,0
-0.0611, 0.0000, 1.0555, 3.1415,-0.3146, 0.9682, 2.7337,-0.3406,-0.2513,0
-0.0635, 0.0000, 1.0618, 3.1415,-0.2508, 0.6963, 2.7775,-0.3431,-0.2506,0
-0.0657, 0.0000, 1.0649, 3.1415,-0.2260, 0.3905, 3.5668,-0.3457,-0.2498,0
-0.0679, 0.0000, 1.0649, 3.1415,-0.2210, 0.0781, 4.6799,-0.3478,-0.2491,0
-0.0693, 0.0000, 1.0618, 3.1415,-0.1594,-0.2357, 4.6799,-0.3491,-0.2484,0
-0.0704, 0.0000, 1.0524, 3.1415,-0.1228,-0.8011, 4.6799,-0.3467,-0.2477,0
-0.0711, 0.0000, 1.0430, 3.1415,-0.0791,-0.9142, 4.6799,-0.3499,-0.2470,0
-0.0713, 0.0000, 1.0304, 3.1415,-0.0340,-1.1881, 4.6799,-0.3496,-0.2462,0
-0.0713, 0.0000, 1.0115, 3.1415,-0.0068,-1.7455, 4.6799,-0.3382,-0.2455,0
-0.0707, 0.0000, 0.9927, 3.1415, 0.0532,-1.8570, 4.6799,-0.3440,-0.2448,0
-0.0698, 0.0000, 0.9676, 3.1415, 0.0773,-2.3820, 4.6799,-0.3279,-0.2441,0
-0.0686, 0.0000, 0.9424, 3.1415, 0.1124,-2.4870, 4.6799,-0.3354,-0.2434,0
-0.0672, 0.0000, 0.9110, 3.1415, 0.1377,-3.0106, 4.6799,-0.3132,-0.2427,0
-0.0654, 0.0000, 0.8796, 3.1415, 0.1669,-3.1154, 4.6799,-0.3218,-0.2419,0
-0.0633, 0.0000, 0.8450, 3.1415, 0.2031,-3.3876, 4.6799,-0.3159,-0.2412,0
-0.0609, 0.0000, 0.8073, 3.1415, 0.2346,-3.6934, 4.6799,-0.3054,-0.2405,0
-0.0582, 0.0000, 0.7665, 3.1415, 0.2591,-4.0059, 4.6799,-0.2925,-0.2398,0
-0.0553, 0.0000, 0.7225, 3.1415, 0.2883,-4.3197, 4.6799,-0.2774,-0.2391,0
-0.0519, 0.0000, 0.6754, 3.1415, 0.3305,-4.6338, 2.1980,-0.2598,-0.2384,0
-0.0485, 0.0000, 0.6251, 3.1415, 0.3328,-4.9480,-4.0451,-0.2395,-0.2376,0
-0.0453, 0.0000, 0.5749, 3.1415, 0.3212,-5.0108, 2.0729,-0.2511,-0.2369,0
-0.0413, 0.0000, 0.5215, 3.1415, 0.3856,-5.2747,-4.6799,-0.2331,-0.2362,0
-0.0378, 0.0000, 0.4680, 3.1415, 0.3560,-5.3275,-0.3020,-0.2434,-0.2355,0
-0.0344, 0.0000, 0.4115, 3.1415, 0.3501,-5.5893,-4.6799,-0.2207,-0.2348,0
-0.0310, 0.0000, 0.3581, 3.1415, 0.3368,-5.3904, 4.6799,-0.2657,-0.2340,0
-0.0273, 0.0000, 0.3015, 3.1415, 0.3644,-5.6019, 1.2035,-0.2463,-0.2333,0
-0.0237, 0.0000, 0.2419, 3.1415, 0.3578,-5.8956,-4.6799,-0.2105,-0.2326,0
-0.0209, 0.0000, 0.1822, 3.1415, 0.3019,-5.9543,-4.6799,-0.2098,-0.2319,0
-0.0179, 0.0000, 0.1256, 3.1415, 0.2968,-5.7147, 4.6799,-0.2552,-0.2312,0
-0.0143, 0.0000, 0.0659, 3.1415, 0.3504,-5.9181,-4.6799,-0.2261,-0.2305,0
-0.0117, 0.0000, 0.0094, 3.1415, 0.2762,-5.7075, 4.6799,-0.2619,-0.2297,0
-0.0084, 0.0000,-0.0502, 3.1415, 0.3159,-5.9167,-4.6799,-0.2270,-0.2290,0
-0.0060, 0.0000,-0.1068, 3.1415, 0.2572,-5.7072, 4.6799,-0.2579,-0.2283,0
-0.0033, 0.0000,-0.1633, 3.1415, 0.2697,-5.6653, 4.6799,-0.2591,-0.2276,0
-0.0007, 0.0000,-0.2199, 3.1415, 0.2600,-5.6569, 4.6799,-0.2527,-0.2269,0
 0.0022, 0.0000,-0.2764, 3.1415, 0.2945,-5.6552, 4.6799,-0.2430,-0.2261,0
 0.0048, 0.0000,-0.3298, 3.1415, 0.2650,-5.4036, 4.6799,-0.2705,-0.2254,0
 0.0077, 0.0000,-0.3864, 3.1415, 0.2834,-5.6046,-3.0445,-0.2253,-0.2247,0
 0.0100, 0.0000,-0.4398, 3.1415, 0.2446,-5.3934, 4.6799,-0.2424,-0.2240,0
 0.0131, 0.0000,-0.4900, 3.1415, 0.2914,-5.0999, 4.6799,-0.2694,-0.2233,0
 0.0155, 0.0000,-0.5403, 3.1415, 0.2523,-5.0412, 4.6799,-0.2599,-0.2226,0
 0.0181, 0.0000,-0.5874, 3.1415, 0.2626,-4.7781, 4.6799,-0.2780,-0.2218,0
 0.0205, 0.0000,-0.6346, 3.1415, 0.2405,-4.7255, 4.6799,-0.2656,-0.2211,0
 0.0234, 0.0000,-0.6785, 3.1415, 0.2785,-4.4636, 4.6799,-0.2800,-0.2204,0
 0.0259, 0.0000,-0.7225, 3.1415, 0.2557,-4.4113, 4.6799,-0.2662,-0.2197,0
 0.0286, 0.0000,-0.7634, 3.1415, 0.2694,-4.1495, 4.6799,-0.2777,-0.2190,0
 0.0313, 0.0000,-0.8042, 3.1415, 0.2721,-4.0971, 4.6799,-0.2630,-0.2182,0
 0.0340, 0.0000,-0.8388, 3.1415, 0.2666,-3.5840, 4.6799,-0.3001,-0.2175,0
 0.0369, 0.0000,-0.8733, 3.1415, 0.2898,-3.4814, 4.6799,-0.2915,-0.2168,0
 0.0397, 0.0000,-0.9079, 3.1415, 0.2762,-3.4608, 4.6799,-0.2742,-0.2161,0
 0.0425, 0.0000,-0.9361, 3.1415, 0.2856,-2.9541, 4.6799,-0.3035,-0.2154,0
 0.0454, 0.0000,-0.9644, 3.1415, 0.2875,-2.8527, 4.6799,-0.2952,-0.2147,0
 0.0484, 0.0000,-0.9927, 3.1415, 0.2939,-2.8325, 3.2708,-0.2800,-0.2139,0
 0.0514, 0.0000,-1.0147, 3.1415, 0.3013,-2.3257, 4.6799,-0.3033,-0.2132,0
 0.0546, 0.0000,-1.0367, 3.1415, 0.3149,-2.2244, 2.3944,-0.2962,-0.2125,0
 0.0578, 0.0000,-1.0555, 3.1415, 0.3176,-1.9528, 1.7120,-0.3004,-0.2118,0
 0.0610, 0.0000,-1.0712, 3.1415, 0.3181,-1.6472, 0.7308,-0.3059,-0.2111,0
 0.0641, 0.0000,-1.0838, 3.1415, 0.3182,-1.3347,-0.5249,-0.3110,-0.2103,0
 0.0670, 0.0000,-1.0932, 3.1415, 0.2880,-1.0209,-1.5840,-0.3154,-0.2096,0
 0.0696, 0.0000,-1.0995, 3.1415, 0.2698,-0.7068,-2.8283,-0.3190,-0.2089,0
 0.0721, 0.0000,-1.1058, 3.1415, 0.2540,-0.6440,-4.2378,-0.3161,-0.2082,0
 0.0742, 0.0000,-1.1058, 3.1415, 0.2145,-0.1288,-4.3930,-0.3217,-0.2075,0
 0.0760, 0.0000,-1.1026, 3.1415, 0.1884, 0.2255,-4.6799,-0.3232,-0.2068,0
 0.0773, 0.0000,-1.0964, 3.1415, 0.1407, 0.5477,-4.6799,-0.3238,-0.2060,0
 0.0782, 0.0000,-1.0901, 3.1415, 0.1009, 0.6122,-4.6799,-0.3267,-0.2053,0
 0.0786, 0.0000,-1.0775, 3.1415, 0.0565, 1.1277,-4.6799,-0.3221,-0.2046,0
 0.0786, 0.0000,-1.0618, 3.1415, 0.0113, 1.4821,-4.6799,-0.3191,-0.2039,0
 0.0782, 0.0000,-1.0430, 3.1415,-0.0341, 1.8043,-4.6799,-0.3160,-0.2032,0
 0.0775, 0.0000,-1.0210, 3.1415,-0.0613, 2.1201,-4.6799,-0.3122,-0.2024,0
 0.0763, 0.0000,-0.9958, 3.1415,-0.1092, 2.4346,-4.6799,-0.3074,-0.2017,0
 0.0748, 0.0000,-0.9676, 3.1415,-0.1370, 2.7488,-4.6799,-0.3015,-0.2010,0
 0.0730, 0.0000,-0.9330, 3.1415,-0.1729, 3.3143,-4.6799,-0.2737,-0.2003,0
 0.0708, 0.0000,-0.8984, 3.1415,-0.2104, 3.4274,-4.6799,-0.2827,-0.1996,0
 0.0683, 0.0000,-0.8639, 3.1415,-0.2421, 3.4500,-4.6799,-0.2997,-0.1989,0
 0.0655, 0.0000,-0.8230, 3.1415,-0.2727, 3.9572,-4.6799,-0.2690,-0.1981,0
 0.0623, 0.0000,-0.7791, 3.1415,-0.3092, 4.3100,-4.6799,-0.2508,-0.1974,0
 0.0589, 0.0000,-0.7319, 3.1415,-0.3346, 4.6319,-4.6799,-0.2337,-0.1967,0
 0.0551, 0.0000,-0.6848, 3.1415,-0.3701, 4.6962,-4.6799,-0.2473,-0.1960,0
 0.0510, 0.0000,-0.6314, 3.1415,-0.4014, 5.2118, 4.6799,-0.1993,-0.1953,0
 0.0475, 0.0000,-0.5780, 3.1415,-0.3652, 5.3149,-0.2776,-0.2059,-0.1945,0
 0.0427, 0.0000,-0.5215, 3.1415,-0.4550, 5.5868, 4.6799,-0.1856,-0.1938,0
 0.0391, 0.0000,-0.4649, 3.1415,-0.3820, 5.6412, 2.5095,-0.1963,-0.1931,0
 0.0348, 0.0000,-0.4084, 3.1415,-0.4159, 5.6521,-4.6707,-0.2117,-0.1924,0
 0.0305, 0.0000,-0.3487, 3.1415,-0.4288, 5.9056, 4.6799,-0.1865,-0.1917,0
 0.0271, 0.0000,-0.2890, 3.1415,-0.3586, 5.9563, 3.5762,-0.1916,-0.1910,0
 0.0232, 0.0000,-0.2293, 3.1415,-0.3809, 5.9664,-1.5989,-0.2009,-0.1902,0
 0.0194, 0.0000,-0.1696, 3.1415,-0.3793, 5.9685,-4.6799,-0.2090,-0.1895,0
 0.0154, 0.0000,-0.1099, 3.1415,-0.3972, 5.9689,-4.6799,-0.2149,-0.1888,0
 0.0114, 0.0000,-0.0471, 3.1415,-0.4008, 6.2203, 4.6799,-0.1755,-0.1881,0
 0.0081, 0.0000, 0.0157, 3.1415,-0.3408, 6.2706, 4.6799,-0.1675,-0.1874,0
 0.0046, 0.0000, 0.0753, 3.1415,-0.3470, 6.0293,-4.6799,-0.2071,-0.1866,0
 0.0010, 0.0000, 0.1350, 3.1415,-0.3604, 5.9810,-4.6799,-0.2107,-0.1859,0
-0.0027, 0.0000, 0.1947, 3.1415,-0.3752, 5.9714,-4.6799,-0.2053,-0.1852,0
-0.0061, 0.0000, 0.2544, 3.1415,-0.3479, 5.9695,-2.6537,-0.1960,-0.1845,0
-0.0095, 0.0000, 0.3141, 3.1415,-0.3424, 5.9691, 2.6967,-0.1841,-0.1838,0
-0.0122, 0.0000, 0.3707, 3.1415,-0.2807, 5.7177,-4.6799,-0.2116,-0.1831,0
-0.0160, 0.0000, 0.4272, 3.1415,-0.3653, 5.6674,-4.6799,-0.2038,-0.1823,0
-0.0193, 0.0000, 0.4806, 3.1415,-0.3337, 5.4060,-4.6799,-0.2275,-0.1816,0
-0.0224, 0.0000, 0.5340, 3.1415,-0.3153, 5.3537,-4.6799,-0.2168,-0.1809,0
-0.0258, 0.0000, 0.5874, 3.1415,-0.3359, 5.3433,-3.4248,-0.1979,-0.1802,0
-0.0291, 0.0000, 0.6377, 3.1415,-0.3339, 5.0899,-4.6799,-0.2142,-0.1795,0
-0.0324, 0.0000, 0.6848, 3.1415,-0.3275, 4.7878,-4.6799,-0.2352,-0.1787,0
-0.0356, 0.0000, 0.7319, 3.1415,-0.3262, 4.7274,-4.6799,-0.2212,-0.1780,0
-0.0389, 0.0000, 0.7759, 3.1415,-0.3259, 4.4640,-4.6799,-0.2335,-0.1773,0
-0.0422, 0.0000, 0.8168, 3.1415,-0.3319, 4.1600,-4.6799,-0.2492,-0.1766,0
-0.0458, 0.0000, 0.8576, 3.1415,-0.3513, 4.0992,-4.6799,-0.2345,-0.1759,0
-0.0492, 0.0000, 0.8953, 3.1415,-0.3431, 3.8357,-4.6799,-0.2429,-0.1752,0
-0.0525, 0.0000, 0.9330, 3.1415,-0.3354, 3.7830,-4.6799,-0.2271,-0.1744,0
-0.0561, 0.0000, 0.9644, 3.1415,-0.3520, 3.2698,-4.6799,-0.2595,-0.1737,0
-0.0597, 0.0000, 0.9958, 3.1415,-0.3553, 3.1672,-4.6799,-0.2500,-0.1730,0
-0.0633, 0.0000, 1.0241, 3.1415,-0.3621, 2.8953,-4.6799,-0.2559,-0.1723,0
-0.0670, 0.0000, 1.0524, 3.1415,-0.3695, 2.8410,-1.3387,-0.2427,-0.1716,0
-0.0707, 0.0000, 1.0744, 3.1415,-0.3710, 2.3274,-3.0705,-0.2661,-0.1709,0
-0.0746, 0.0000, 1.0964, 3.1415,-0.3834, 2.2247, 0.1048,-0.2587,-0.1701,0
-0.0778, 0.0000, 1.1152, 3.1415,-0.3313, 1.9529, 0.3452,-0.2625,-0.1694,0
-0.0809, 0.0000, 1.1309, 3.1415,-0.3148, 1.6472, 1.1934,-0.2677,-0.1687,0
-0.0839, 0.0000, 1.1403, 3.1415,-0.2994, 1.0834, 1.8317,-0.2831,-0.1680,0
-0.0867, 0.0000, 1.1498, 3.1415,-0.2842, 0.9706, 4.0238,-0.2802,-0.1673,0
-0.0889, 0.0000, 1.1561, 3.1415,-0.2387, 0.6967, 4.4864,-0.2825,-0.1665,0
-0.0909, 0.0000, 1.1592, 3.1415,-0.2053, 0.3906, 4.6799,-0.2851,-0.1658,0
-0.0923, 0.0000, 1.1561, 3.1415,-0.1502,-0.1731, 4.6799,-0.2889,-0.1651,0
-0.0934, 0.0000, 1.1529, 3.1415,-0.1209,-0.2859, 4.6799,-0.2902,-0.1644,0
-0.0940, 0.0000, 1.1466, 3.1415,-0.0727,-0.5598, 4.6799,-0.2911,-0.1637,0
-0.0941, 0.0000, 1.1341, 3.1415,-0.0206,-1.1172, 4.6799,-0.2862,-0.1630,0
-0.0939, 0.0000, 1.1215, 3.1415, 0.0140,-1.2287, 4.6799,-0.2907,-0.1622,0
-0.0932, 0.0000, 1.1026, 3.1415, 0.0513,-1.7537, 4.6799,-0.2809,-0.1615,0
-0.0923, 0.0000, 1.0838, 3.1415, 0.0830,-1.8587, 4.6799,-0.2876,-0.1608,0
-0.0911, 0.0000, 1.0587, 3.1415, 0.1196,-2.3823, 4.6799,-0.2723,-0.1601,0
-0.0894, 0.0000, 1.0304, 3.1415, 0.1573,-2.7384, 4.6799,-0.2644,-0.1594,0
-0.0876, 0.0000, 1.0021, 3.1415, 0.1769,-2.8096, 4.6799,-0.2761,-0.1586,0
-0.0855, 0.0000, 0.9676, 3.1415, 0.1991,-3.3265, 4.6799,-0.2524,-0.1579,0
-0.0830, 0.0000, 0.9330, 3.1415, 0.2399,-3.4299, 4.6799,-0.2628,-0.1572,0
-0.0803, 0.0000, 0.8953, 3.1415, 0.2662,-3.7019, 4.6799,-0.2571,-0.1565,0
-0.0773, 0.0000, 0.8513, 3.1415, 0.2957,-4.2589, 4.6799,-0.2192,-0.1558,0
-0.0738, 0.0000, 0.8073, 3.1415, 0.3320,-4.3703, 4.6799,-0.2290,-0.1551,0
-0.0702, 0.0000, 0.7602, 3.1415, 0.3574,-4.6439, 4.6799,-0.2184,-0.1543,0
-0.0661, 0.0000, 0.7099, 3.1415, 0.3989,-4.9500, 4.6799,-0.2015,-0.1536,0
-0.0619, 0.0000, 0.6565, 3.1415, 0.4193,-5.2625, 4.6799,-0.1810,-0.1529,0
-0.0572, 0.0000, 0.6000, 3.1415, 0.4537,-5.5764,-3.7728,-0.1573,-0.1522,0
-0.0532, 0.0000, 0.5434, 3.1415, 0.4181,-5.6391, 3.4930,-0.1694,-0.1515,0
-0.0479, 0.0000, 0.4838, 3.1415, 0.5080,-5.9030,-4.6799,-0.1478,-0.1507,0
-0.0435, 0.0000, 0.4209, 3.1415, 0.4532,-6.2071,-4.6799,-0.1159,-0.1500,0
-0.0390, 0.0000, 0.3612, 3.1415, 0.4483,-6.0166, 4.6799,-0.1649,-0.1493,0
-0.0338, 0.0000, 0.2984, 3.1415, 0.5080,-6.2298,-4.6799,-0.1429,-0.1486,0
-0.0294, 0.0000, 0.2356, 3.1415, 0.4472,-6.2725,-4.5588,-0.1474,-0.1479,0
-0.0255, 0.0000, 0.1727, 3.1415, 0.4047,-6.2810, 0.6426,-0.1550,-0.1472,0
-0.0208, 0.0000, 0.1099, 3.1415, 0.4568,-6.2827, 3.7678,-0.1611,-0.1464,0
-0.0167, 0.0000, 0.0439, 3.1415, 0.4187,-6.5344,-4.6799,-0.1196,-0.1457,0
-0.0131, 0.0000,-0.0188, 3.1415, 0.3748,-6.3334, 4.4753,-0.1563,-0.1450,0
-0.0084, 0.0000,-0.0816, 3.1415, 0.4448,-6.2932, 4.6799,-0.1612,-0.1443,0
-0.0045, 0.0000,-0.1445, 3.1415, 0.4042,-6.2851, 4.2177,-0.1575,-0.1436,0
-0.0006, 0.0000,-0.2073, 3.1415, 0.3900,-6.2835, 0.6549,-0.1499,-0.1428,0
 0.0036, 0.0000,-0.2701, 3.1415, 0.4236,-6.2832,-4.6799,-0.1393,-0.1421,0
 0.0072, 0.0000,-0.3330, 3.1415, 0.3697,-6.2832,-4.6799,-0.1259,-0.1414,0
 0.0102, 0.0000,-0.3895, 3.1415, 0.3164,-5.7805, 4.6799,-0.1964,-0.1407,0
 0.0140, 0.0000,-0.4461, 3.1415, 0.3725,-5.6800, 4.6799,-0.1961,-0.1400,0
 0.0169, 0.0000,-0.4995, 3.1415, 0.3049,-5.4085, 4.6799,-0.2208,-0.1393,0
 0.0200, 0.0000,-0.5529, 3.1415, 0.3035,-5.3542, 4.6799,-0.2097,-0.1385,0
 0.0230, 0.0000,-0.6063, 3.1415, 0.3032,-5.3434, 4.6799,-0.1903,-0.1378,0
 0.0262, 0.0000,-0.6534, 3.1415, 0.3153,-4.8385, 4.6799,-0.2423,-0.1371,0
 0.0290, 0.0000,-0.7037, 3.1415, 0.2874,-4.9889, 4.6799,-0.1990,-0.1364,0
 0.0322, 0.0000,-0.7476, 3.1415, 0.3182,-4.5163, 4.6799,-0.2409,-0.1357,0
 0.0353, 0.0000,-0.7948, 3.1415, 0.3122,-4.6731, 4.6799,-0.1972,-0.1349,0
 0.0385, 0.0000,-0.8356, 3.1415, 0.3110,-4.2018, 4.6799,-0.2344,-0.1342,0
 0.0413, 0.0000,-0.8765, 3.1415, 0.2865,-4.1076, 4.6799,-0.2232,-0.1335,0
 0.0444, 0.0000,-0.9142, 3.1415, 0.3119,-3.8374, 4.6799,-0.2321,-0.1328,0
 0.0478, 0.0000,-0.9487, 3.1415, 0.3291,-3.5320, 4.6799,-0.2437,-0.1321,0
 0.0507, 0.0000,-0.9801, 3.1415, 0.3023,-3.2196, 4.6799,-0.2547,-0.1314,0
 0.0541, 0.0000,-1.0115, 3.1415, 0.3272,-3.1572, 4.6799,-0.2414,-0.1306,0
 0.0576, 0.0000,-1.0398, 3.1415, 0.3443,-2.8933, 4.6799,-0.2463,-0.1299,0
 0.0609, 0.0000,-1.0649, 3.1415, 0.3356,-2.5892, 4.6799,-0.2540,-0.1292,0
 0.0644, 0.0000,-1.0869, 3.1415, 0.3521,-2.2771, 4.6799,-0.2614,-0.1285,0
 0.0676, 0.0000,-1.1089, 3.1415, 0.3250,-2.2147, 3.2737,-0.2512,-0.1278,0
 0.0712, 0.0000,-1.1246, 3.1415, 0.3499,-1.6995, 2.7083,-0.2693,-0.1270,0
 0.0748, 0.0000,-1.1403, 3.1415, 0.3549,-1.5965, 0.0002,-0.2639,-0.1263,0
 0.0782, 0.0000,-1.1529, 3.1415, 0.3499,-1.3246,-1.2052,-0.2668,-0.1256,0
 0.0813, 0.0000,-1.1623, 3.1415, 0.3125,-1.0189,-2.3279,-0.2706,-0.1249,0
 0.0841, 0.0000,-1.1686, 3.1415, 0.2868,-0.7064,-3.7165,-0.2740,-0.1242,0
 0.0870, 0.0000,-1.1718, 3.1415, 0.2938,-0.3926,-4.6799,-0.2768,-0.1235,0
 0.0893, 0.0000,-1.1718, 3.1415, 0.2406,-0.0785,-4.6799,-0.2788,-0.1227,0
 0.0911, 0.0000,-1.1686, 3.1415, 0.1936, 0.2356,-4.6799,-0.2802,-0.1220,0
 0.0929, 0.0000,-1.1623, 3.1415, 0.1781, 0.5497,-4.6799,-0.2809,-0.1213,0
 0.0939, 0.0000,-1.1529, 3.1415, 0.1205, 0.8639,-4.6799,-0.2809,-0.1206,0
 0.0947, 0.0000,-1.1372, 3.1415, 0.0847, 1.4294,-4.6799,-0.2730,-0.1199,0
 0.0951, 0.0000,-1.1215, 3.1415, 0.0533, 1.5425,-4.6799,-0.2785,-0.1191,0
 0.0950, 0.0000,-1.1026, 3.1415,-0.0014, 1.8164,-4.6799,-0.2778,-0.1184,0
 0.0945, 0.0000,-1.0775, 3.1415,-0.0427, 2.3739,-4.6799,-0.2611,-0.1177,0
 0.0937, 0.0000,-1.0524, 3.1415,-0.0691, 2.4853,-4.6799,-0.2693,-0.1170,0
 0.0924, 0.0000,-1.0210, 3.1415,-0.1169, 3.0103,-4.6799,-0.2483,-0.1163,0
 0.0909, 0.0000,-0.9896, 3.1415,-0.1446, 3.1153,-4.6799,-0.2583,-0.1156,0
 0.0892, 0.0000,-0.9550, 3.1415,-0.1683, 3.3876,-4.6799,-0.2540,-0.1148,0
 0.0868, 0.0000,-0.9142, 3.1415,-0.2216, 3.9447,-4.6799,-0.2204,-0.1141,0
 0.0842, 0.0000,-0.8733, 3.1415,-0.2504, 4.0562,-4.6799,-0.2308,-0.1134,0
 0.0815, 0.0000,-0.8293, 3.1415,-0.2683, 4.3298,-4.6799,-0.2224,-0.1127,0
 0.0783, 0.0000,-0.7791, 3.1415,-0.3083, 4.8872,-4.6799,-0.1765,-0.1120,0
 0.0747, 0.0000,-0.7288, 3.1415,-0.3527, 4.9986,-4.6799,-0.1858,-0.1112,0
 0.0709, 0.0000,-0.6754, 3.1415,-0.3737, 5.2723,-4.6799,-0.1712,-0.1105,0
 0.0667, 0.0000,-0.6220, 3.1415,-0.4082, 5.3270,-4.6799,-0.1863,-0.1098,0
 0.0622, 0.0000,-0.5623, 3.1415,-0.4454, 5.8406,-1.9128,-0.1299,-0.1091,0
 0.0572, 0.0000,-0.4995, 3.1415,-0.4832, 6.1946, 4.6799,-0.0931,-0.1084,0
 0.0532, 0.0000,-0.4366, 3.1415,-0.4240, 6.2654, 4.6799,-0.1011,-0.1077,0
 0.0482, 0.0000,-0.3738, 3.1415,-0.4789, 6.2796,-0.9025,-0.1164,-0.1069,0
 0.0434, 0.0000,-0.3110, 3.1415,-0.4838, 6.2824,-4.6799,-0.1310,-0.1062,0
 0.0383, 0.0000,-0.2450, 3.1415,-0.5030, 6.5343, 4.6799,-0.0988,-0.1055,0
 0.0340, 0.0000,-0.1759, 3.1415,-0.4462, 6.8360, 4.6799,-0.0527,-0.1048,0
 0.0297, 0.0000,-0.1130, 3.1415,-0.4348, 6.3937,-4.6799,-0.1411,-0.1041,0
 0.0251, 0.0000,-0.0471, 3.1415,-0.4507, 6.5566,-2.5970,-0.1154,-0.1034,0
 0.0203, 0.0000, 0.0188, 3.1415,-0.4721, 6.5892,-0.2677,-0.1101,-0.1026,0
 0.0159, 0.0000, 0.0848, 3.1415,-0.4521, 6.5957, 0.7973,-0.1064,-0.1019,0
 0.0120, 0.0000, 0.1507, 3.1415,-0.3996, 6.5970, 2.8478,-0.1006,-0.1012,0
 0.0081, 0.0000, 0.2167, 3.1415,-0.3891, 6.5972, 4.6799,-0.0919,-0.1005,0
 0.0046, 0.0000, 0.2764, 3.1415,-0.3567, 6.0946,-4.6799,-0.1707,-0.0998,0
 0.0009, 0.0000, 0.3361, 3.1415,-0.3684, 5.9941,-4.6799,-0.1748,-0.0990,0
-0.0022, 0.0000, 0.3958, 3.1415,-0.3344, 5.9740,-4.6799,-0.1629,-0.0983,0
-0.0055, 0.0000, 0.4555, 3.1415,-0.3276, 5.9700,-4.6799,-0.1458,-0.0976,0
-0.0089, 0.0000, 0.5120, 3.1415,-0.3383, 5.7178,-4.6799,-0.1682,-0.0969,0
-0.0123, 0.0000, 0.5686, 3.1415,-0.3405, 5.6674,-4.6799,-0.1554,-0.0962,0
-0.0156, 0.0000, 0.6220, 3.1415,-0.3348, 5.4060,-4.6799,-0.1744,-0.0955,0
-0.0189, 0.0000, 0.6754, 3.1415,-0.3277, 5.3537,-4.6799,-0.1591,-0.0947,0
-0.0223, 0.0000, 0.7257, 3.1415,-0.3383, 5.0919,-4.6799,-0.1741,-0.0940,0
-0.0257, 0.0000, 0.7728, 3.1415,-0.3405, 4.7883,-4.6799,-0.1931,-0.0933,0
-0.0291, 0.0000, 0.8199, 3.1415,-0.3409, 4.7275,-4.6799,-0.1770,-0.0926,0
-0.0325, 0.0000, 0.8639, 3.1415,-0.3349, 4.4640,-4.6799,-0.1873,-0.0919,0
-0.0360, 0.0000, 0.9047, 3.1415,-0.3459, 4.1600,-4.6799,-0.2013,-0.0911,0
-0.0394, 0.0000, 0.9456, 3.1415,-0.3420, 4.0992,-4.6799,-0.1850,-0.0904,0
-0.0430, 0.0000, 0.9833, 3.1415,-0.3594, 3.8357,-4.6799,-0.1920,-0.0897,0
-0.0466, 0.0000, 1.0178, 3.1415,-0.3568, 3.5317,-4.6799,-0.2024,-0.0890,0
-0.0501, 0.0000, 1.0492, 3.1415,-0.3563, 3.2196,-4.6799,-0.2126,-0.0883,0
-0.0538, 0.0000, 1.0807, 3.1415,-0.3683, 3.1572,-4.6799,-0.1984,-0.0876,0
-0.0576, 0.0000, 1.1058, 3.1415,-0.3707, 2.6420,-4.6799,-0.2242,-0.0868,0
-0.0613, 0.0000, 1.1309, 3.1415,-0.3773, 2.5390,-4.6799,-0.2154,-0.0861,0
-0.0652, 0.0000, 1.1529, 3.1415,-0.3846, 2.2670,-3.5832,-0.2194,-0.0854,0
-0.0691, 0.0000, 1.1749, 3.1415,-0.3922, 2.2127,-0.9997,-0.2083,-0.0847,0
-0.0732, 0.0000, 1.1906, 3.1415,-0.4058, 1.6991,-0.4713,-0.2260,-0.0840,0
-0.0773, 0.0000, 1.2032, 3.1415,-0.4025, 1.3451, 1.6127,-0.2327,-0.0832,0
-0.0805, 0.0000, 1.2157, 3.1415,-0.3412, 1.2743, 2.9146,-0.2268,-0.0825,0
-0.0839, 0.0000, 1.2220, 3.1415,-0.3410, 0.7575, 4.0091,-0.2373,-0.0818,0
-0.0871, 0.0000, 1.2283, 3.1415,-0.3228, 0.6541, 4.6799,-0.2351,-0.0811,0
-0.0898, 0.0000, 1.2283, 3.1415,-0.2828, 0.1308, 4.6799,-0.2408,-0.0804,0
-0.0922, 0.0000, 1.2252, 3.1415,-0.2445,-0.2251, 4.6799,-0.2425,-0.0797,0
-0.0939, 0.0000, 1.2220, 3.1415,-0.1883,-0.2963, 4.6799,-0.2441,-0.0789,0
-0.0954, 0.0000, 1.2126, 3.1415,-0.1528,-0.8132, 4.6799,-0.2424,-0.0782,0
-0.0963, 0.0000, 1.2000, 3.1415,-0.1033,-1.1679, 4.6799,-0.2410,-0.0775,0
-0.0968, 0.0000, 1.1843, 3.1415,-0.0631,-1.4902, 4.6799,-0.2395,-0.0768,0
-0.0969, 0.0000, 1.1655, 3.1415,-0.0186,-1.8060, 4.6799,-0.2374,-0.0761,0
-0.0967, 0.0000, 1.1435, 3.1415, 0.0144,-2.1204, 4.6799,-0.2346,-0.0753,0
-0.0961, 0.0000, 1.1184, 3.1415, 0.0453,-2.4347, 4.6799,-0.2308,-0.0746,0
-0.0951, 0.0000, 1.0901, 3.1415, 0.0939,-2.7488, 4.6799,-0.2262,-0.0739,0
-0.0936, 0.0000, 1.0587, 3.1415, 0.1339,-3.0630, 4.6799,-0.2205,-0.0732,0
-0.0920, 0.0000, 1.0241, 3.1415, 0.1601,-3.3772, 4.6799,-0.2135,-0.0725,0
-0.0901, 0.0000, 0.9864, 3.1415, 0.1836,-3.6913, 4.6799,-0.2053,-0.0718,0
-0.0879, 0.0000, 0.9456, 3.1415, 0.2125,-4.0055, 4.6799,-0.1956,-0.0710,0
-0.0852, 0.0000, 0.9016, 3.1415, 0.2547,-4.3196, 4.6799,-0.1842,-0.0703,0
-0.0823, 0.0000, 0.8576, 3.1415, 0.2813,-4.3825, 4.6799,-0.2008,-0.0696,0
-0.0791, 0.0000, 0.8073, 3.1415, 0.3169,-4.8977, 4.6799,-0.1606,-0.0689,0
-0.0754, 0.0000, 0.7539, 3.1415, 0.3544,-5.2521, 4.6799,-0.1372,-0.0682,0
-0.0715, 0.0000, 0.6974, 3.1415, 0.3861,-5.5743, 4.6799,-0.1153,-0.0674,0
-0.0673, 0.0000, 0.6408, 3.1415, 0.4107,-5.6387, 4.6799,-0.1304,-0.0667,0
-0.0628, 0.0000, 0.5780, 3.1415, 0.4459,-6.1543,-4.6562,-0.0711,-0.0660,0
-0.0587, 0.0000, 0.5152, 3.1415, 0.4166,-6.2574, 0.9444,-0.0767,-0.0653,0
-0.0535, 0.0000, 0.4523, 3.1415, 0.5016,-6.2780, 4.6799,-0.0940,-0.0646,0
-0.0483, 0.0000, 0.3864, 3.1415, 0.5126,-6.5334,-4.2337,-0.0675,-0.0639,0
-0.0438, 0.0000, 0.3173, 3.1415, 0.4663,-6.8358,-4.6799,-0.0280,-0.0631,0
-0.0392, 0.0000, 0.2513, 3.1415, 0.4570,-6.6450, 4.6799,-0.0773,-0.0624,0
-0.0339, 0.0000, 0.1822, 3.1415, 0.5158,-6.8582,-4.6799,-0.0477,-0.0617,0
-0.0294, 0.0000, 0.1130, 3.1415, 0.4609,-6.9008,-4.6799,-0.0468,-0.0610,0
-0.0253, 0.0000, 0.0439, 3.1415, 0.4196,-6.9093,-4.6799,-0.0490,-0.0603,0
-0.0214, 0.0000,-0.0219, 3.1415, 0.3992,-6.6597, 4.6799,-0.0969,-0.0595,0
-0.0172, 0.0000,-0.0879, 3.1415, 0.4193,-6.6098, 4.6799,-0.1036,-0.0588,0
-0.0132, 0.0000,-0.1539, 3.1415, 0.3991,-6.5998, 4.6799,-0.0997,-0.0581,0
-0.0090, 0.0000,-0.2199, 3.1415, 0.4133,-6.5978, 4.6799,-0.0913,-0.0574,0
-0.0053, 0.0000,-0.2858, 3.1415, 0.3797,-6.5974, 4.6799,-0.0795,-0.0567,0
-0.0015, 0.0000,-0.3518, 3.1415, 0.3851,-6.5973, 2.3863,-0.0647,-0.0560,0
 0.0028, 0.0000,-0.4146, 3.1415, 0.4226,-6.3460, 4.6799,-0.0934,-0.0552,0
 0.0068, 0.0000,-0.4775, 3.1415, 0.4058,-6.2957, 4.6799,-0.0828,-0.0545,0
 0.0106, 0.0000,-0.5372, 3.1415, 0.3904,-6.0343, 4.6799,-0.1071,-0.0538,0
 0.0144, 0.0000,-0.5969, 3.1415, 0.3812,-5.9820, 4.6799,-0.0929,-0.0531,0
 0.0187, 0.0000,-0.6565, 3.1415, 0.4157,-5.9716, 3.9332,-0.0695,-0.0524,0
 0.0227, 0.0000,-0.7099, 3.1415, 0.4045,-5.4668, 4.6799,-0.1261,-0.0516,0
 0.0265, 0.0000,-0.7634, 3.1415, 0.3840,-5.3659, 4.6799,-0.1157,-0.0509,0
 0.0302, 0.0000,-0.8168, 3.1415, 0.3739,-5.3457, 4.6799,-0.0914,-0.0502,0
 0.0340, 0.0000,-0.8639, 3.1415, 0.3779,-4.8390, 4.6799,-0.1385,-0.0495,0
 0.0381, 0.0000,-0.9110, 3.1415, 0.4030,-4.7377, 4.6799,-0.1258,-0.0488,0
 0.0416, 0.0000,-0.9550, 3.1415, 0.3595,-4.4661, 4.6799,-0.1355,-0.0481,0
 0.0454, 0.0000,-0.9990, 3.1415, 0.3811,-4.4118, 4.6799,-0.1160,-0.0473,0
 0.0493, 0.0000,-1.0367, 3.1415, 0.3854,-3.8982, 4.6799,-0.1527,-0.0466,0
 0.0532, 0.0000,-1.0744, 3.1415, 0.3863,-3.7955, 4.6799,-0.1402,-0.0459,0
 0.0572, 0.0000,-1.1089, 3.1415, 0.4046,-3.5237, 4.6799,-0.1461,-0.0452,0
 0.0610, 0.0000,-1.1403, 3.1415, 0.3780,-3.2180, 4.6799,-0.1546,-0.0445,0
 0.0648, 0.0000,-1.1718, 3.1415, 0.3787,-3.1568, 3.0076,-0.1394,-0.0437,0
 0.0690, 0.0000,-1.1969, 3.1415, 0.4153,-2.6419, 3.3664,-0.1645,-0.0430,0
 0.0728, 0.0000,-1.2189, 3.1415, 0.3862,-2.2876, 1.7820,-0.1742,-0.0423,0
 0.0767, 0.0000,-1.2409, 3.1415, 0.3864,-2.2168,-0.8254,-0.1638,-0.0416,0
 0.0803, 0.0000,-1.2597, 3.1415, 0.3683,-1.9513,-1.7060,-0.1664,-0.0409,0
 0.0838, 0.0000,-1.2723, 3.1415, 0.3525,-1.3955,-2.4822,-0.1838,-0.0402,0
 0.0872, 0.0000,-1.2849, 3.1415, 0.3433,-1.2844,-4.3845,-0.1794,-0.0394,0
 0.0901, 0.0000,-1.2943, 3.1415, 0.3051,-1.0108,-4.6799,-0.1816,-0.0387,0
 0.0926, 0.0000,-1.2974, 3.1415, 0.2611,-0.4535,-4.6799,-0.1909,-0.0380,0
 0.0949, 0.0000,-1.3006, 3.1415, 0.2341,-0.3420,-4.6799,-0.1900,-0.0373,0
 0.0967, 0.0000,-1.2974, 3.1415, 0.1923, 0.1829,-4.6799,-0.1933,-0.0366,0
 0.0980, 0.0000,-1.2943, 3.1415, 0.1415, 0.2879,-4.6799,-0.1948,-0.0358,0
 0.0990, 0.0000,-1.2849, 3.1415, 0.1071, 0.8115,-4.6799,-0.1932,-0.0351,0
 0.0996, 0.0000,-1.2754, 3.1415, 0.0699, 0.9162,-4.6799,-0.1972,-0.0344,0
 0.0997, 0.0000,-1.2597, 3.1415, 0.0200, 1.4399,-4.6799,-0.1907,-0.0337,0
 0.0995, 0.0000,-1.2440, 3.1415,-0.0141, 1.5446,-4.6799,-0.1970,-0.0330,0
 0.0988, 0.0000,-1.2220, 3.1415,-0.0574, 2.0682,-4.6799,-0.1854,-0.0323,0
 0.0979, 0.0000,-1.1969, 3.1415,-0.0842, 2.4242,-4.6799,-0.1799,-0.0315,0
 0.0966, 0.0000,-1.1686, 3.1415,-0.1199, 2.7467,-4.6799,-0.1754,-0.0308,0
 0.0950, 0.0000,-1.1403, 3.1415,-0.1513, 2.8113,-4.6799,-0.1889,-0.0301,0
 0.0930, 0.0000,-1.1058, 3.1415,-0.1879, 3.3268,-4.6799,-0.1670,-0.0294,0
 0.0907, 0.0000,-1.0681, 3.1415,-0.2255, 3.6813,-4.6799,-0.1562,-0.0287,0
 0.0881, 0.0000,-1.0273, 3.1415,-0.2512, 4.0035,-4.6799,-0.1469,-0.0280,0
 0.0851, 0.0000,-0.9864, 3.1415,-0.2867, 4.0679,-4.6799,-0.1644,-0.0272,0
 0.0819, 0.0000,-0.9393, 3.1415,-0.3180, 4.5835,-4.6799,-0.1297,-0.0265,0
 0.0782, 0.0000,-0.8890, 3.1415,-0.3607, 4.9379,-4.6799,-0.1111,-0.0258,0
 0.0743, 0.0000,-0.8356, 3.1415,-0.3813, 5.2601,-4.6799,-0.0942,-0.0251,0
 0.0699, 0.0000,-0.7822, 3.1415,-0.4279, 5.3245,-4.6799,-0.1124,-0.0244,0
 0.0652, 0.0000,-0.7225, 3.1415,-0.4615, 5.8401,-4.6799,-0.0611,-0.0236,0
 0.0601, 0.0000,-0.6628, 3.1415,-0.5046, 5.9432,-4.6799,-0.0715,-0.0229,0
 0.0547, 0.0000,-0.6000, 3.1415,-0.5314, 6.2152,-4.6799,-0.0518,-0.0222,0
 0.0488, 0.0000,-0.5309, 3.1415,-0.5731, 6.7722, 4.6799, 0.0228,-0.0215,0
 0.0438, 0.0000,-0.4649, 3.1415,-0.5148, 6.6323, 1.8333,-0.0260,-0.0208,0
 0.0379, 0.0000,-0.3926, 3.1415,-0.5759, 7.1069, 4.6799, 0.0437,-0.0201,0
 0.0326, 0.0000,-0.3235, 3.1415,-0.5396, 6.9506, 4.6799,-0.0044,-0.0193,0
 0.0273, 0.0000,-0.2544, 3.1415,-0.5323, 6.9193, 1.2114,-0.0246,-0.0186,0
 0.0225, 0.0000,-0.1853, 3.1415,-0.4884, 6.9130,-4.6799,-0.0367,-0.0179,0
 0.0175, 0.0000,-0.1162, 3.1415,-0.5039, 6.9118,-4.6799,-0.0444,-0.0172,0
 0.0121, 0.0000,-0.0471, 3.1415,-0.5312, 6.9115,-4.6799,-0.0485,-0.0165,0
 0.0070, 0.0000, 0.0251, 3.1415,-0.5125, 7.1628, 4.6799, 0.0004,-0.0157,0
 0.0028, 0.0000, 0.0973, 3.1415,-0.4359, 7.2130, 4.6799, 0.0137,-0.0150,0
-0.0017, 0.0000, 0.1633, 3.1415,-0.4570, 6.7204,-4.6799,-0.0762,-0.0143,0
-0.0065, 0.0000, 0.2324, 3.1415,-0.4794, 6.8733,-4.6799,-0.0373,-0.0136,0
-0.0109, 0.0000, 0.3015, 3.1415,-0.4415, 6.9038, 0.9782,-0.0183,-0.0129,0
-0.0144, 0.0000, 0.3644, 3.1415,-0.3732, 6.4073,-4.6799,-0.0961,-0.0122,0
-0.0186, 0.0000, 0.4303, 3.1415,-0.4081, 6.5593,-4.6799,-0.0502,-0.0114,0
-0.0225, 0.0000, 0.4932, 3.1415,-0.3969, 6.3384,-4.6799,-0.0700,-0.0107,0
-0.0262, 0.0000, 0.5529, 3.1415,-0.3764, 6.0429,-4.6799,-0.0998,-0.0100,0
-0.0305, 0.0000, 0.6126, 3.1415,-0.4148, 5.9838,-4.6799,-0.0862,-0.0093,0
-0.0339, 0.0000, 0.6691, 3.1415,-0.3558, 5.7206,-4.6799,-0.1050,-0.0086,0
-0.0375, 0.0000, 0.7257, 3.1415,-0.3622, 5.6680,-4.6799,-0.0873,-0.0078,0
-0.0419, 0.0000, 0.7791, 3.1415,-0.4180, 5.4061,-4.6799,-0.1017,-0.0071,0
-0.0454, 0.0000, 0.8325, 3.1415,-0.3685, 5.3537,-4.6799,-0.0820,-0.0064,0
-0.0491, 0.0000, 0.8796, 3.1415,-0.3708, 4.8406,-4.6799,-0.1296,-0.0057,0
-0.0530, 0.0000, 0.9267, 3.1415,-0.3833, 4.7380,-4.6799,-0.1168,-0.0050,0
-0.0566, 0.0000, 0.9707, 3.1415,-0.3677, 4.4661,-4.6799,-0.1262,-0.0043,0
-0.0607, 0.0000, 1.0147, 3.1415,-0.4009, 4.4118,-4.6799,-0.1065,-0.0035,0
-0.0644, 0.0000, 1.0524, 3.1415,-0.3712, 3.8982,-4.6799,-0.1430,-0.0028,0
-0.0681, 0.0000, 1.0901, 3.1415,-0.3713, 3.7955,-4.6799,-0.1303,-0.0021,0
-0.0723, 0.0000, 1.1246, 3.1415,-0.4077, 3.5237,-4.6799,-0.1359,-0.0014,0
-0.0760, 0.0000, 1.1561, 3.1415,-0.3847, 3.2180,-4.6799,-0.1443,-0.0007,0
-0.0801, 0.0000, 1.1843, 3.1415,-0.3983, 2.9055,-4.6799,-0.1524, 0.0000,0
-0.0842, 0.0000, 1.2126, 3.1415,-0.4131, 2.8430,-2.9065,-0.1385, 0.0007,0
-0.0882, 0.0000, 1.2346, 3.1415,-0.4039, 2.3279,-2.4783,-0.1609, 0.0014,0
-0.0926, 0.0000, 1.2566, 3.1415,-0.4264, 2.2248, 0.6392,-0.1526, 0.0021,0
-0.0961, 0.0000, 1.2754, 3.1415,-0.3641, 1.9529, 1.4740,-0.1555, 0.0028,0
-0.0995, 0.0000, 1.2880, 3.1415,-0.3517, 1.3958, 2.7957,-0.1730, 0.0035,0
-0.1029, 0.0000, 1.3006, 3.1415,-0.3371, 1.2844, 4.6799,-0.1685, 0.0043,0
-0.1061, 0.0000, 1.3100, 3.1415,-0.3220, 1.0108, 4.6799,-0.1708, 0.0050,0
-0.1086, 0.0000, 1.3163, 3.1415,-0.2705, 0.7048, 4.6799,-0.1738, 0.0057,0
-0.1107, 0.0000, 1.3163, 3.1415,-0.2178, 0.1409, 4.6799,-0.1804, 0.0064,0
-0.1123, 0.0000, 1.3163, 3.1415,-0.1769, 0.0281, 4.6799,-0.1807, 0.0071,0
-0.1136, 0.0000, 1.3100, 3.1415,-0.1384,-0.4970, 4.6799,-0.1816, 0.0079,0
-0.1145, 0.0000, 1.3037, 3.1415,-0.0943,-0.6020, 4.6799,-0.1844, 0.0086,0
-0.1148, 0.0000, 1.2911, 3.1415,-0.0431,-1.1257, 4.6799,-0.1804, 0.0093,0
-0.1147, 0.0000, 1.2754, 3.1415,-0.0025,-1.4817, 4.6799,-0.1782, 0.0100,0
-0.1143, 0.0000, 1.2566, 3.1415, 0.0298,-1.8043, 4.6799,-0.1763, 0.0107,0
-0.1136, 0.0000, 1.2377, 3.1415, 0.0665,-1.8688, 4.6799,-0.1858, 0.0114,0
-0.1123, 0.0000, 1.2126, 3.1415, 0.1103,-2.3843, 4.6799,-0.1721, 0.0122,0
-0.1111, 0.0000, 1.1843, 3.1415, 0.1251,-2.7388, 4.6799,-0.1656, 0.0129,0
-0.1095, 0.0000, 1.1561, 3.1415, 0.1523,-2.8097, 4.6799,-0.1788, 0.0136,0
-0.1075, 0.0000, 1.1215, 3.1415, 0.1881,-3.3265, 4.6799,-0.1569, 0.0143,0
-0.1052, 0.0000, 1.0838, 3.1415, 0.2195,-3.6812, 4.6799,-0.1462, 0.0150,0
-0.1026, 0.0000, 1.0430, 3.1415, 0.2500,-4.0035, 4.6799,-0.1372, 0.0158,0
-0.0998, 0.0000, 1.0021, 3.1415, 0.2804,-4.0679, 4.6799,-0.1549, 0.0165,0
-0.0967, 0.0000, 0.9550, 3.1415, 0.3046,-4.5835, 4.6799,-0.1206, 0.0172,0
-0.0931, 0.0000, 0.9047, 3.1415, 0.3459,-4.9379, 4.6799,-0.1023, 0.0179,0
-0.0892, 0.0000, 0.8545, 3.1415, 0.3784,-5.0088, 4.6799,-0.1202, 0.0186,0
-0.0849, 0.0000, 0.7979, 3.1415, 0.4212,-5.5256, 4.6799,-0.0738, 0.0193,0
-0.0804, 0.0000, 0.7414, 3.1415, 0.4419,-5.6290, 4.6799,-0.0859, 0.0201,0
-0.0755, 0.0000, 0.6785, 3.1415, 0.4825,-6.1523, 4.6799,-0.0290, 0.0208,0
-0.0702, 0.0000, 0.6157, 3.1415, 0.5209,-6.2570, 4.6799,-0.0381, 0.0215,0
-0.0646, 0.0000, 0.5497, 3.1415, 0.5528,-6.5292, 4.6799,-0.0154, 0.0222,0
-0.0587, 0.0000, 0.4806, 3.1415, 0.5835,-6.8350,-4.5887, 0.0173, 0.0229,0
-0.0533, 0.0000, 0.4115, 3.1415, 0.5472,-6.8962, 3.1017, 0.0076, 0.0237,0
-0.0466, 0.0000, 0.3392, 3.1415, 0.6430,-7.1597,-4.6799, 0.0405, 0.0244,0
-0.0410, 0.0000, 0.2670, 3.1415, 0.5772,-7.2124,-4.6799, 0.0356, 0.0251,0
-0.0354, 0.0000, 0.1916, 3.1415, 0.5641,-7.4743,-4.6799, 0.0771, 0.0258,0
-0.0300, 0.0000, 0.1225, 3.1415, 0.5493,-7.0240, 4.6799,-0.0219, 0.0265,0
-0.0242, 0.0000, 0.0502, 3.1415, 0.5706,-7.1853, 4.6799, 0.0056, 0.0272,0
-0.0188, 0.0000,-0.0219, 3.1415, 0.5446,-7.2176, 4.6799, 0.0113, 0.0280,0
-0.0132, 0.0000,-0.0942, 3.1415, 0.5576,-7.2240, 3.3848, 0.0157, 0.0287,0
-0.0077, 0.0000,-0.1696, 3.1415, 0.5541,-7.4766,-4.6799, 0.0748, 0.0294,0
-0.0028, 0.0000,-0.2419, 3.1415, 0.4988,-7.2758,-4.6799, 0.0439, 0.0301,0
 0.0019, 0.0000,-0.3110, 3.1415, 0.4878,-6.9843, 4.6799,-0.0006, 0.0308,0
 0.0074, 0.0000,-0.3769, 3.1415, 0.5341,-6.6747, 4.6799,-0.0439, 0.0316,0
 0.0119, 0.0000,-0.4429, 3.1415, 0.4706,-6.6128, 4.6799,-0.0365, 0.0323,0
 0.0163, 0.0000,-0.5089, 3.1415, 0.4458,-6.6004, 4.6799,-0.0171, 0.0330,0
 0.0209, 0.0000,-0.5717, 3.1415, 0.4529,-6.3466, 4.6799,-0.0399, 0.0337,0
 0.0254, 0.0000,-0.6346, 3.1415, 0.4543,-6.2958, 4.6799,-0.0233, 0.0344,0
 0.0299, 0.0000,-0.6942, 3.1415, 0.4486,-6.0343, 4.6799,-0.0420, 0.0351,0
 0.0341, 0.0000,-0.7508, 3.1415, 0.4292,-5.7307, 4.6799,-0.0652, 0.0359,0
 0.0385, 0.0000,-0.8073, 3.1415, 0.4314,-5.6700, 4.6799,-0.0463, 0.0366,0
 0.0428, 0.0000,-0.8607, 3.1415, 0.4379,-5.4065, 4.6799,-0.0588, 0.0373,0
 0.0471, 0.0000,-0.9110, 3.1415, 0.4271,-5.1025, 4.6799,-0.0756, 0.0380,0
 0.0515, 0.0000,-0.9581, 3.1415, 0.4371,-4.7904, 4.6799,-0.0916, 0.0387,0
 0.0555, 0.0000,-1.0053, 3.1415, 0.4087,-4.7279, 4.6799,-0.0718, 0.0395,0
 0.0599, 0.0000,-1.0492, 3.1415, 0.4334,-4.4641, 4.6799,-0.0787, 0.0402,0
 0.0641, 0.0000,-1.0901, 3.1415, 0.4262,-4.1600, 4.6799,-0.0897, 0.0409,0
 0.0684, 0.0000,-1.1278, 3.1415, 0.4247,-3.8479, 4.6799,-0.1004, 0.0416,0
 0.0726, 0.0000,-1.1623, 3.1415, 0.4245,-3.5341, 4.6799,-0.1103, 0.0423,0
 0.0768, 0.0000,-1.1938, 3.1415, 0.4183,-3.2201, 4.6799,-0.1191, 0.0430,0
 0.0813, 0.0000,-1.2252, 3.1415, 0.4414,-3.1573, 4.5786,-0.1036, 0.0438,0
 0.0855, 0.0000,-1.2534, 3.1415, 0.4278,-2.8934, 2.9231,-0.1068, 0.0445,0
 0.0899, 0.0000,-1.2754, 3.1415, 0.4372,-2.3379, 1.7233,-0.1324, 0.0452,0
 0.0944, 0.0000,-1.2974, 3.1415, 0.4451,-2.2268,-1.2944,-0.1244, 0.0459,0
 0.0982, 0.0000,-1.3163, 3.1415, 0.3922,-1.9533,-2.3657,-0.1273, 0.0466,0
 0.1022, 0.0000,-1.3320, 3.1415, 0.3997,-1.6473,-4.0698,-0.1318, 0.0473,0
 0.1059, 0.0000,-1.3446, 3.1415, 0.3770,-1.3347,-4.6799,-0.1361, 0.0481,0
 0.1092, 0.0000,-1.3540, 3.1415, 0.3361,-1.0209,-4.6799,-0.1398, 0.0488,0
 0.1120, 0.0000,-1.3571, 3.1415, 0.2976,-0.4555,-4.6799,-0.1493, 0.0495,0
 0.1146, 0.0000,-1.3603, 3.1415, 0.2656,-0.3424,-4.6799,-0.1483, 0.0502,0
 0.1167, 0.0000,-1.3603, 3.1415, 0.2229,-0.0684,-4.6799,-0.1499, 0.0509,0
 0.1184, 0.0000,-1.3571, 3.1415, 0.1779, 0.2376,-4.6799,-0.1514, 0.0517,0
 0.1198, 0.0000,-1.3508, 3.1415, 0.1447, 0.5501,-4.6799,-0.1524, 0.0524,0
 0.1207, 0.0000,-1.3414, 3.1415, 0.1017, 0.8640,-4.6799,-0.1527, 0.0531,0
 0.1211, 0.0000,-1.3257, 3.1415, 0.0567, 1.4294,-4.6799,-0.1456, 0.0538,0
 0.1212, 0.0000,-1.3100, 3.1415, 0.0174, 1.5425,-4.6799,-0.1518, 0.0545,0
 0.1211, 0.0000,-1.2880, 3.1415,-0.0086, 2.0677,-4.6799,-0.1404, 0.0552,0
 0.1205, 0.0000,-1.2660, 3.1415,-0.0502, 2.1728,-4.6799,-0.1493, 0.0560,0
 0.1196, 0.0000,-1.2409, 3.1415,-0.0767, 2.4451,-4.6799,-0.1488, 0.0567,0
 0.1185, 0.0000,-1.2095, 3.1415,-0.1062, 3.0023,-4.6799,-0.1276, 0.0574,0
 0.1170, 0.0000,-1.1780, 3.1415,-0.1425, 3.1137,-4.6799,-0.1390, 0.0581,0
 0.1152, 0.0000,-1.1403, 3.1415,-0.1740, 3.6386,-4.6799,-0.1142, 0.0588,0
 0.1130, 0.0000,-1.1026, 3.1415,-0.2045, 3.7436,-4.6799,-0.1277, 0.0596,0
 0.1105, 0.0000,-1.0587, 3.1415,-0.2410, 4.2673,-4.6799,-0.0969, 0.0603,0
 0.1077, 0.0000,-1.0147, 3.1415,-0.2786, 4.3720,-4.6799,-0.1114, 0.0610,0
 0.1045, 0.0000,-0.9644, 3.1415,-0.3103, 4.8956,-4.6799,-0.0736, 0.0617,0
 0.1010, 0.0000,-0.9142, 3.1415,-0.3409, 5.0003,-4.6799,-0.0882, 0.0624,0
 0.0970, 0.0000,-0.8607, 3.1415,-0.3895, 5.2726,-4.6799,-0.0788, 0.0631,0
 0.0926, 0.0000,-0.8011, 3.1415,-0.4295, 5.8297,-4.6799,-0.0239, 0.0639,0
 0.0880, 0.0000,-0.7414, 3.1415,-0.4497, 5.9411,-4.6799,-0.0354, 0.0646,0
 0.0830, 0.0000,-0.6754, 3.1415,-0.4901, 6.4661,-4.6799, 0.0249, 0.0653,0
 0.0776, 0.0000,-0.6094, 3.1415,-0.5345, 6.5710,-4.6799, 0.0157, 0.0660,0
 0.0717, 0.0000,-0.5403, 3.1415,-0.5737, 6.8434,-4.6799, 0.0398, 0.0667,0
 0.0657, 0.0000,-0.4680, 3.1415,-0.5998, 7.1492, 4.6799, 0.0747, 0.0675,0
 0.0604, 0.0000,-0.3958, 3.1415,-0.5383, 7.2103, 3.1991, 0.0652, 0.0682,0
 0.0542, 0.0000,-0.3235, 3.1415,-0.6048, 7.2226,-4.6799, 0.0495, 0.0689,0
 0.0479, 0.0000,-0.2481, 3.1415,-0.6302, 7.4763, 4.6799, 0.0864, 0.0696,0
 0.0422, 0.0000,-0.1727, 3.1415,-0.5747, 7.5271, 4.6799, 0.0858, 0.0703,0
 0.0368, 0.0000,-0.0973, 3.1415,-0.5515, 7.5372, 4.6799, 0.0806, 0.0710,0
 0.0318, 0.0000,-0.0251, 3.1415,-0.5104, 7.2879,-4.6799, 0.0257, 0.0718,0
 0.0265, 0.0000, 0.0471, 3.1415,-0.5265, 7.2381,-4.6799, 0.0161, 0.0725,0
 0.0211, 0.0000, 0.1193, 3.1415,-0.5358, 7.2281,-4.6799, 0.0184, 0.0732,0
 0.0161, 0.0000, 0.1916, 3.1415,-0.5073, 7.2261,-4.6799, 0.0260, 0.0739,0
 0.0111, 0.0000, 0.2638, 3.1415,-0.5016, 7.2257,-4.6799, 0.0377, 0.0746,0
 0.0058, 0.0000, 0.3361, 3.1415,-0.5247, 7.2256,-4.6799, 0.0530, 0.0754,0
 0.0006, 0.0000, 0.4084, 3.1415,-0.5172, 7.2256, 0.5145, 0.0719, 0.0761,0
-0.0039, 0.0000, 0.4775, 3.1415,-0.4733, 6.9743,-4.6799, 0.0432, 0.0768,0
-0.0088, 0.0000, 0.5434, 3.1415,-0.4887, 6.6727,-4.6799, 0.0087, 0.0775,0
-0.0135, 0.0000, 0.6094, 3.1415,-0.4736, 6.6124,-4.6799, 0.0233, 0.0782,0
-0.0181, 0.0000, 0.6723, 3.1415,-0.4585, 6.3490,-4.6799, 0.0025, 0.0789,0
-0.0228, 0.0000, 0.7319, 3.1415,-0.4676, 6.0450,-4.6799,-0.0225, 0.0797,0
-0.0272, 0.0000, 0.7916, 3.1415,-0.4452, 5.9842,-4.6799,-0.0032, 0.0804,0
-0.0315, 0.0000, 0.8482, 3.1415,-0.4346, 5.7207,-4.6799,-0.0167, 0.0811,0
-0.0361, 0.0000, 0.9047, 3.1415,-0.4567, 5.6680,-4.6799, 0.0060, 0.0818,0
-0.0404, 0.0000, 0.9550, 3.1415,-0.4369, 5.1548,-4.6799,-0.0427, 0.0825,0
-0.0447, 0.0000, 1.0053, 3.1415,-0.4269, 5.0522,-4.6799,-0.0274, 0.0833,0
-0.0491, 0.0000, 1.0524, 3.1415,-0.4431, 4.7803,-4.6799,-0.0358, 0.0840,0
-0.0535, 0.0000, 1.0964, 3.1415,-0.4342, 4.4746,-4.6799,-0.0477, 0.0847,0
-0.0579, 0.0000, 1.1372, 3.1415,-0.4385, 4.1621,-4.6799,-0.0591, 0.0854,0
-0.0624, 0.0000, 1.1780, 3.1415,-0.4515, 4.0996,-4.6799,-0.0394, 0.0861,0
-0.0667, 0.0000, 1.2126, 3.1415,-0.4359, 3.5845,-4.6799,-0.0718, 0.0868,0
-0.0713, 0.0000, 1.2472, 3.1415,-0.4509, 3.4815,-4.6799,-0.0586, 0.0876,0
-0.0760, 0.0000, 1.2786, 3.1415,-0.4721, 3.2095,-3.5633,-0.0626, 0.0883,0
-0.0807, 0.0000, 1.3037, 3.1415,-0.4643, 2.6525,-2.5319,-0.0909, 0.0890,0
-0.0852, 0.0000, 1.3320, 3.1415,-0.4566, 2.7924, 1.3377,-0.0606, 0.0897,0
-0.0894, 0.0000, 1.3540, 3.1415,-0.4248, 2.3177, 1.8160,-0.0792, 0.0904,0
-0.0936, 0.0000, 1.3728, 3.1415,-0.4245, 1.9715, 3.6857,-0.0867, 0.0912,0
-0.0974, 0.0000, 1.3885, 3.1415,-0.3880, 1.6509, 4.6799,-0.0919, 0.0919,0
-0.1009, 0.0000, 1.4011, 3.1415,-0.3565, 1.3354, 4.6799,-0.0962, 0.0926,0
-0.1041, 0.0000, 1.4105, 3.1415,-0.3259, 1.0210, 4.6799,-0.0999, 0.0933,0
-0.1067, 0.0000, 1.4168, 3.1415,-0.2774, 0.7068, 4.6799,-0.1031, 0.0940,0
-0.1091, 0.0000, 1.4199, 3.1415,-0.2434, 0.3926, 4.6799,-0.1057, 0.0947,0
-0.1109, 0.0000, 1.4199, 3.1415,-0.1942, 0.0785, 4.6799,-0.1077, 0.0955,0
-0.1123, 0.0000, 1.4168, 3.1415,-0.1540,-0.2356, 4.6799,-0.1093, 0.0962,0
-0.1133, 0.0000, 1.4105, 3.1415,-0.1096,-0.5497, 4.6799,-0.1103, 0.0969,0
-0.1139, 0.0000, 1.4011, 3.1415,-0.0704,-0.8639, 4.6799,-0.1107, 0.0976,0
-0.1141, 0.0000, 1.3854, 3.1415,-0.0262,-1.4294, 4.6799,-0.1037, 0.0983,0
-0.1138, 0.0000, 1.3697, 3.1415, 0.0190,-1.5425, 4.6799,-0.1100, 0.0991,0
-0.1133, 0.0000, 1.3508, 3.1415, 0.0462,-1.8164, 4.6799,-0.1104, 0.0998,0
-0.1123, 0.0000, 1.3288, 3.1415, 0.0880,-2.1225, 4.6799,-0.1089, 0.1005,0
-0.1111, 0.0000, 1.3037, 3.1415, 0.1085,-2.4351, 4.6799,-0.1064, 0.1012,0
-0.1097, 0.0000, 1.2754, 3.1415, 0.1369,-2.7489, 4.6799,-0.1031, 0.1019,0
-0.1079, 0.0000, 1.2440, 3.1415, 0.1729,-3.0630, 4.6799,-0.0991, 0.1026,0
-0.1058, 0.0000, 1.2063, 3.1415, 0.1982,-3.6285, 4.6799,-0.0716, 0.1034,0
-0.1036, 0.0000, 1.1686, 3.1415, 0.2215,-3.7416, 4.6799,-0.0850, 0.1041,0
-0.1009, 0.0000, 1.1278, 3.1415, 0.2565,-4.0155, 4.6799,-0.0820, 0.1048,0
-0.0979, 0.0000, 1.0838, 3.1415, 0.2877,-4.3216, 4.6799,-0.0745, 0.1055,0
-0.0947, 0.0000, 1.0335, 3.1415, 0.3182,-4.8855, 4.6799,-0.0333, 0.1062,0
-0.0911, 0.0000, 0.9833, 3.1415, 0.3546,-4.9983, 4.6799,-0.0482, 0.1070,0
-0.0871, 0.0000, 0.9299, 3.1415, 0.3862,-5.2722, 4.6799,-0.0402, 0.1077,0
-0.0827, 0.0000, 0.8733, 3.1415, 0.4289,-5.5783, 4.6799,-0.0255, 0.1084,0
-0.0781, 0.0000, 0.8136, 3.1415, 0.4556,-5.8908, 4.6799,-0.0073, 0.1091,0
-0.0731, 0.0000, 0.7508, 3.1415, 0.4913,-6.2047, 4.6799, 0.0139, 0.1098,0
-0.0676, 0.0000, 0.6848, 3.1415, 0.5348,-6.5188, 4.6799, 0.0387, 0.1105,0
-0.0618, 0.0000, 0.6157, 3.1415, 0.5738,-6.8329, 4.6799, 0.0674, 0.1113,0
-0.0557, 0.0000, 0.5434, 3.1415, 0.6059,-7.1471,-2.6718, 0.1005, 0.1120,0
-0.0500, 0.0000, 0.4712, 3.1415, 0.5759,-7.2099, 4.6799, 0.0879, 0.1127,0
-0.0431, 0.0000, 0.3958, 3.1415, 0.6669,-7.4738,-4.6799, 0.1194, 0.1134,0
-0.0372, 0.0000, 0.3204, 3.1415, 0.6063,-7.5266,-4.6799, 0.1115, 0.1141,0
-0.0313, 0.0000, 0.2450, 3.1415, 0.5942,-7.5371, 4.0037, 0.0986, 0.1148,0
-0.0247, 0.0000, 0.1665, 3.1415, 0.6463,-7.7906,-4.6799, 0.1415, 0.1156,0
-0.0190, 0.0000, 0.0911, 3.1415, 0.5840,-7.5899, 4.6799, 0.0913, 0.1163,0
-0.0127, 0.0000, 0.0125, 3.1415, 0.6200,-7.8011,-4.6799, 0.1339, 0.1170,0
-0.0075, 0.0000,-0.0628, 3.1415, 0.5423,-7.5920, 4.6799, 0.0902, 0.1177,0
-0.0016, 0.0000,-0.1382, 3.1415, 0.5753,-7.5502, 4.6799, 0.0868, 0.1184,0
 0.0041, 0.0000,-0.2136, 3.1415, 0.5819,-7.5419, 4.6799, 0.0945, 0.1192,0
 0.0098, 0.0000,-0.2890, 3.1415, 0.5711,-7.5402, 2.7734, 0.1076, 0.1199,0
 0.0156, 0.0000,-0.3644, 3.1415, 0.5750,-7.5399,-4.6799, 0.1249, 0.1206,0
 0.0203, 0.0000,-0.4366, 3.1415, 0.4909,-7.2885, 4.6799, 0.0930, 0.1213,0
 0.0257, 0.0000,-0.5057, 3.1415, 0.5347,-6.9869, 4.6799, 0.0552, 0.1220,0
 0.0309, 0.0000,-0.5749, 3.1415, 0.5253,-6.9265, 4.6799, 0.0690, 0.1227,0
 0.0353, 0.0000,-0.6408, 3.1415, 0.4567,-6.6631, 4.6799, 0.0459, 0.1235,0
 0.0403, 0.0000,-0.7037, 3.1415, 0.4915,-6.3591, 4.6799, 0.0186, 0.1242,0
 0.0453, 0.0000,-0.7665, 3.1415, 0.4984,-6.2983, 4.6799, 0.0381, 0.1249,0
 0.0496, 0.0000,-0.8262, 3.1415, 0.4392,-6.0349, 4.6799, 0.0232, 0.1256,0
 0.0542, 0.0000,-0.8827, 3.1415, 0.4577,-5.7308, 4.6799, 0.0038, 0.1263,0
 0.0586, 0.0000,-0.9393, 3.1415, 0.4432,-5.6700, 4.6799, 0.0261, 0.1271,0
 0.0632, 0.0000,-0.9896, 3.1415, 0.4585,-5.1552, 4.6799,-0.0221, 0.1278,0
 0.0674, 0.0000,-1.0398, 3.1415, 0.4251,-5.0522, 4.6799,-0.0062, 0.1285,0
 0.0718, 0.0000,-1.0869, 3.1415, 0.4367,-4.7803, 4.6799,-0.0140, 0.1292,0
 0.0760, 0.0000,-1.1309, 3.1415, 0.4208,-4.4746, 4.6799,-0.0254, 0.1299,0
 0.0804, 0.0000,-1.1749, 3.1415, 0.4419,-4.4135, 4.6799,-0.0041, 0.1306,0
 0.0847, 0.0000,-1.2126, 3.1415, 0.4279,-3.8986, 4.6799,-0.0389, 0.1314,0
 0.0890, 0.0000,-1.2503, 3.1415, 0.4311,-3.7956, 4.6799,-0.0244, 0.1321,0
 0.0932, 0.0000,-1.2817, 3.1415, 0.4197,-3.2724, 4.6799,-0.0547, 0.1328,0
 0.0976, 0.0000,-1.3131, 3.1415, 0.4416,-3.1677, 2.2871,-0.0424, 0.1335,0
 0.1021, 0.0000,-1.3414, 3.1415, 0.4460,-2.8954,-0.0224,-0.0458, 0.1342,0
 0.1061, 0.0000,-1.3665, 3.1415, 0.4105,-2.5897,-1.7815,-0.0517, 0.1350,0
 0.1099, 0.0000,-1.3885, 3.1415, 0.3852,-2.2772,-3.5042,-0.0575, 0.1357,0
 0.1139, 0.0000,-1.4042, 3.1415, 0.3923,-1.7120,-4.6799,-0.0779, 0.1364,0
 0.1170, 0.0000,-1.4199, 3.1415, 0.3331,-1.5990,-4.6799,-0.0720, 0.1371,0
 0.1201, 0.0000,-1.4325, 3.1415, 0.3091,-1.3251,-4.6799,-0.0743, 0.1378,0
 0.1228, 0.0000,-1.4419, 3.1415, 0.2801,-1.0190,-4.6799,-0.0777, 0.1385,0
 0.1247, 0.0000,-1.4482, 3.1415, 0.2076,-0.7064,-4.6799,-0.0807, 0.1393,0
 0.1266, 0.0000,-1.4514, 3.1415, 0.1931,-0.3926,-4.6799,-0.0833, 0.1400,0
 0.1283, 0.0000,-1.4482, 3.1415, 0.1780, 0.1728,-4.6799,-0.0873, 0.1407,0
 0.1291, 0.0000,-1.4451, 3.1415, 0.0962, 0.2858,-4.6799,-0.0888, 0.1414,0
 0.1299, 0.0000,-1.4388, 3.1415, 0.0798, 0.5598,-4.6799,-0.0900, 0.1421,0
 0.1304, 0.0000,-1.4294, 3.1415, 0.0584, 0.8659,-4.6799,-0.0906, 0.1429,0
 0.1304, 0.0000,-1.4168, 3.1415, 0.0116, 1.1785,-4.6799,-0.0906, 0.1436,0
 0.1302, 0.0000,-1.4011, 3.1415,-0.0097, 1.4923,-4.6799,-0.0900, 0.1443,0
 0.1299, 0.0000,-1.3791, 3.1415,-0.0322, 2.0577,-4.6799,-0.0774, 0.1450,0
 0.1289, 0.0000,-1.3571, 3.1415,-0.0852, 2.1708,-4.6799,-0.0862, 0.1457,0
 0.1279, 0.0000,-1.3320, 3.1415,-0.0958, 2.4447,-4.6799,-0.0861, 0.1464,0
 0.1268, 0.0000,-1.3037, 3.1415,-0.1101, 2.7509,-4.6799,-0.0835, 0.1472,0
 0.1251, 0.0000,-1.2723, 3.1415,-0.1554, 3.0634,-4.6799,-0.0797, 0.1479,0
 0.1232, 0.0000,-1.2377, 3.1415,-0.1826, 3.3772,-4.6799,-0.0750, 0.1486,0
 0.1212, 0.0000,-1.2000, 3.1415,-0.1941, 3.6913,-4.6799,-0.0693, 0.1493,0
 0.1189, 0.0000,-1.1561, 3.1415,-0.2207, 4.2568,-4.6799,-0.0356, 0.1500,0
 0.1160, 0.0000,-1.1121, 3.1415,-0.2806, 4.3699,-4.6799,-0.0505, 0.1508,0
 0.1130, 0.0000,-1.0649, 3.1415,-0.2986, 4.6439,-4.6799,-0.0459, 0.1515,0
 0.1096, 0.0000,-1.0147, 3.1415,-0.3265, 4.9500,-4.6799,-0.0360, 0.1522,0
 0.1058, 0.0000,-0.9613, 3.1415,-0.3684, 5.2625,-4.6799,-0.0233, 0.1529,0
 0.1016, 0.0000,-0.9047, 3.1415,-0.4132, 5.5764,-4.6799,-0.0083, 0.1536,0
 0.0972, 0.0000,-0.8419, 3.1415,-0.4343, 6.1418,-4.6799, 0.0498, 0.1543,0
 0.0923, 0.0000,-0.7791, 3.1415,-0.4749, 6.2549,-4.6799, 0.0367, 0.1551,0
 0.0870, 0.0000,-0.7131, 3.1415,-0.5254, 6.5288,-4.6799, 0.0536, 0.1558,0
 0.0812, 0.0000,-0.6440, 3.1415,-0.5659, 6.8349,-4.6799, 0.0797, 0.1565,0
 0.0752, 0.0000,-0.5717, 3.1415,-0.5921, 7.1475,-4.6799, 0.1113, 0.1572,0
 0.0688, 0.0000,-0.4995, 3.1415,-0.6277, 7.2100,-4.6799, 0.0974, 0.1579,0
 0.0619, 0.0000,-0.4209, 3.1415,-0.6773, 7.7251, 4.6799, 0.1801, 0.1587,0
 0.0562, 0.0000,-0.3424, 3.1415,-0.5962, 7.8282, 4.6799, 0.1815, 0.1594,0
 0.0494, 0.0000,-0.2638, 3.1415,-0.6649, 7.8488, 4.6799, 0.1692, 0.1601,0
 0.0432, 0.0000,-0.1853, 3.1415,-0.6241, 7.8529, 2.7628, 0.1575, 0.1608,0
 0.0371, 0.0000,-0.1099, 3.1415,-0.6159, 7.6024,-4.6799, 0.0954, 0.1615,0
 0.0309, 0.0000,-0.0314, 3.1415,-0.6203, 7.8036,-4.6799, 0.1348, 0.1622,0
 0.0249, 0.0000, 0.0471, 3.1415,-0.6030, 7.8439,-4.6799, 0.1440, 0.1630,0
 0.0190, 0.0000, 0.1225, 3.1415,-0.5874, 7.6006,-4.6799, 0.0960, 0.1637,0
 0.0129, 0.0000, 0.2010, 3.1415,-0.6086, 7.8033,-4.5292, 0.1488, 0.1644,0
 0.0070, 0.0000, 0.2796, 3.1415,-0.5946, 7.8438, 4.6799, 0.1711, 0.1651,0
 0.0018, 0.0000, 0.3549, 3.1415,-0.5312, 7.6006,-4.6799, 0.1354, 0.1658,0
-0.0040, 0.0000, 0.4272, 3.1415,-0.5852, 7.3006,-4.6799, 0.0926, 0.1666,0
-0.0096, 0.0000, 0.5026, 3.1415,-0.5596, 7.4919,-1.6314, 0.1565, 0.1673,0
-0.0146, 0.0000, 0.5717, 3.1415,-0.5121, 7.0276,-4.6799, 0.0875, 0.1680,0
-0.0201, 0.0000, 0.6408, 3.1415,-0.5450, 6.9347,-4.6799, 0.0976, 0.1687,0
-0.0249, 0.0000, 0.7068, 3.1415,-0.4910, 6.6648,-4.6799, 0.0758, 0.1694,0
-0.0297, 0.0000, 0.7696, 3.1415,-0.4862, 6.3595,-4.6799, 0.0505, 0.1701,0
-0.0350, 0.0000, 0.8325, 3.1415,-0.5216, 6.2984,-4.6799, 0.0721, 0.1709,0
-0.0394, 0.0000, 0.8922, 3.1415,-0.4560, 6.0349,-4.6799, 0.0591, 0.1716,0
-0.0442, 0.0000, 0.9487, 3.1415,-0.4731, 5.7308,-4.6799, 0.0413, 0.1723,0
-0.0491, 0.0000, 1.0053, 3.1415,-0.4826, 5.6700,-4.6799, 0.0653, 0.1730,0
-0.0534, 0.0000, 1.0555, 3.1415,-0.4421, 5.1552,-4.6799, 0.0182, 0.1737,0
-0.0582, 0.0000, 1.1058, 3.1415,-0.4704, 5.0522,-4.6799, 0.0353, 0.1745,0
-0.0627, 0.0000, 1.1498, 3.1415,-0.4578, 4.5290,-4.6799,-0.0062, 0.1752,0
-0.0671, 0.0000, 1.1938, 3.1415,-0.4432, 4.4243,-4.6799, 0.0097, 0.1759,0
-0.0718, 0.0000, 1.2346, 3.1415,-0.4645, 4.1521,-4.6799, 0.0044, 0.1766,0
-0.0762, 0.0000, 1.2723, 3.1415,-0.4445, 3.8463,-4.6799,-0.0040, 0.1773,0
-0.0808, 0.0000, 1.3100, 3.1415,-0.4587, 3.7851,-4.6799, 0.0154, 0.1780,0
-0.0857, 0.0000, 1.3414, 3.1415,-0.4798, 3.2703,-3.4838,-0.0135, 0.1788,0
-0.0902, 0.0000, 1.3697, 3.1415,-0.4597, 2.9160,-0.8605,-0.0243, 0.1795,0
-0.0949, 0.0000, 1.3980, 3.1415,-0.4678, 2.8451, 2.2804,-0.0101, 0.1802,0
-0.0991, 0.0000, 1.4199, 3.1415,-0.4270, 2.3283, 3.4867,-0.0319, 0.1809,0
-0.1030, 0.0000, 1.4419, 3.1415,-0.3946, 2.2249, 4.6799,-0.0229, 0.1816,0
-0.1067, 0.0000, 1.4576, 3.1415,-0.3820, 1.7016, 4.6799,-0.0405, 0.1824,0
-0.1102, 0.0000, 1.4734, 3.1415,-0.3553, 1.5969, 4.6799,-0.0341, 0.1831,0
-0.1128, 0.0000, 1.4828, 3.1415,-0.2772, 1.0733, 4.6799,-0.0469, 0.1838,0
-0.1154, 0.0000, 1.4922, 3.1415,-0.2615, 0.9686, 4.6799,-0.0432, 0.1845,0
-0.1174, 0.0000, 1.4953, 3.1415,-0.2099, 0.4450, 4.6799,-0.0513, 0.1852,0
-0.1192, 0.0000, 1.4953, 3.1415,-0.1875, 0.0890, 4.6799,-0.0539, 0.1859,0
-0.1203, 0.0000, 1.4953, 3.1415,-0.1284, 0.0178, 4.6799,-0.0540, 0.1867,0
-0.1211, 0.0000, 1.4922, 3.1415,-0.0923,-0.2477, 4.6799,-0.0554, 0.1874,0
-0.1216, 0.0000, 1.4828, 3.1415,-0.0548,-0.8035, 4.6799,-0.0540, 0.1881,0
-0.1217, 0.0000, 1.4702, 3.1415,-0.0170,-1.1660, 4.6799,-0.0530, 0.1888,0
-0.1215, 0.0000, 1.4576, 3.1415, 0.0087,-1.2385, 4.6799,-0.0595, 0.1895,0
-0.1211, 0.0000, 1.4419, 3.1415, 0.0320,-1.5043, 4.6799,-0.0605, 0.1902,0
-0.1204, 0.0000, 1.4199, 3.1415, 0.0670,-2.0601, 4.6799,-0.0484, 0.1910,0
-0.1195, 0.0000, 1.3980, 3.1415, 0.0861,-2.1713, 4.6799,-0.0574, 0.1917,0
-0.1183, 0.0000, 1.3697, 3.1415, 0.1142,-2.6961, 4.6799,-0.0416, 0.1924,0
-0.1170, 0.0000, 1.3414, 3.1415, 0.1259,-2.8011, 4.6799,-0.0533, 0.1931,0
-0.1154, 0.0000, 1.3069, 3.1415, 0.1525,-3.3248, 4.6799,-0.0325, 0.1938,0
-0.1134, 0.0000, 1.2723, 3.1415, 0.1881,-3.4295, 4.6799,-0.0464, 0.1946,0
-0.1112, 0.0000, 1.2346, 3.1415, 0.2134,-3.7018, 4.6799,-0.0450, 0.1953,0
-0.1086, 0.0000, 1.1906, 3.1415, 0.2549,-4.2589, 4.6799,-0.0125, 0.1960,0
-0.1058, 0.0000, 1.1466, 3.1415, 0.2692,-4.3703, 4.6799,-0.0281, 0.1967,0
-0.1026, 0.0000, 1.0995, 3.1415, 0.3085,-4.6439, 4.6799,-0.0240, 0.1974,0
-0.0992, 0.0000, 1.0461, 3.1415, 0.3345,-5.2013, 4.6799, 0.0190, 0.1981,0
-0.0954, 0.0000, 0.9927, 3.1415, 0.3761,-5.3128, 4.6799, 0.0028, 0.1989,0
-0.0911, 0.0000, 0.9330, 3.1415, 0.4208,-5.8377, 4.6799, 0.0495, 0.1996,0
-0.0865, 0.0000, 0.8733, 3.1415, 0.4479,-5.9427, 4.6799, 0.0332, 0.2003,0
-0.0817, 0.0000, 0.8073, 3.1415, 0.4776,-6.4664, 4.6799, 0.0889, 0.2010,0
-0.0763, 0.0000, 0.7414, 3.1415, 0.5260,-6.5711, 4.6799, 0.0749, 0.2017,0
-0.0705, 0.0000, 0.6723, 3.1415, 0.5660,-6.8434, 4.6799, 0.0938, 0.2025,0
-0.0643, 0.0000, 0.6000, 3.1415, 0.6103,-7.1492, 4.6799, 0.1229, 0.2032,0
-0.0580, 0.0000, 0.5246, 3.1415, 0.6253,-7.4617, 4.6799, 0.1579, 0.2039,0
-0.0512, 0.0000, 0.4461, 3.1415, 0.6707,-7.7755,-4.6799, 0.1986, 0.2046,0
-0.0450, 0.0000, 0.3644, 3.1415, 0.6313,-8.0896,-4.6799, 0.2452, 0.2053,0
-0.0382, 0.0000, 0.2858, 3.1415, 0.6659,-7.9011, 4.6799, 0.1850, 0.2060,0
-0.0309, 0.0000, 0.2042, 3.1415, 0.7213,-8.1147,-4.6799, 0.2187, 0.2068,0
-0.0248, 0.0000, 0.1256, 3.1415, 0.6293,-7.9061, 4.6799, 0.1626, 0.2075,0
-0.0179, 0.0000, 0.0439, 3.1415, 0.6776,-8.1157,-4.6799, 0.2047, 0.2082,0
-0.0117, 0.0000,-0.0376, 3.1415, 0.6327,-8.1576,-4.6799, 0.2140, 0.2089,0
-0.0059, 0.0000,-0.1193, 3.1415, 0.5873,-8.1660,-4.6799, 0.2205, 0.2096,0
-0.0005, 0.0000,-0.1947, 3.1415, 0.5540,-7.6650, 4.6799, 0.1180, 0.2104,0
 0.0053, 0.0000,-0.2733, 3.1415, 0.5837,-7.8161, 4.6799, 0.1638, 0.2111,0
 0.0104, 0.0000,-0.3487, 3.1415, 0.5229,-7.5950, 4.6799, 0.1327, 0.2118,0
 0.0157, 0.0000,-0.4209, 3.1415, 0.5290,-7.2995, 4.6799, 0.0905, 0.2125,0
 0.0209, 0.0000,-0.4932, 3.1415, 0.5181,-7.2404, 4.6799, 0.1014, 0.2132,0
 0.0259, 0.0000,-0.5654, 3.1415, 0.5038,-7.2286, 4.6799, 0.1252, 0.2139,0
 0.0312, 0.0000,-0.6346, 3.1415, 0.5251,-6.9749, 4.6799, 0.1028, 0.2147,0
 0.0359, 0.0000,-0.7005, 3.1415, 0.4809,-6.6728, 4.6799, 0.0744, 0.2154,0
 0.0407, 0.0000,-0.7665, 3.1415, 0.4842,-6.6124, 4.6799, 0.0948, 0.2161,0
 0.0457, 0.0000,-0.8293, 3.1415, 0.4970,-6.3490, 4.6799, 0.0793, 0.2168,0
 0.0504, 0.0000,-0.8890, 3.1415, 0.4692,-6.0450, 4.6799, 0.0590, 0.2175,0
 0.0551, 0.0000,-0.9487, 3.1415, 0.4697,-5.9842, 4.6799, 0.0829, 0.2183,0
 0.0597, 0.0000,-1.0053, 3.1415, 0.4638,-5.7207, 4.6799, 0.0734, 0.2190,0
 0.0643, 0.0000,-1.0587, 3.1415, 0.4626,-5.4167, 4.6799, 0.0589, 0.2197,0
 0.0688, 0.0000,-1.1089, 3.1415, 0.4563,-5.1045, 4.6799, 0.0448, 0.2204,0
 0.0733, 0.0000,-1.1561, 3.1415, 0.4490,-4.7908, 4.6799, 0.0320, 0.2211,0
 0.0777, 0.0000,-1.2000, 3.1415, 0.4414,-4.4767, 4.6799, 0.0204, 0.2218,0
 0.0822, 0.0000,-1.2409, 3.1415, 0.4460,-4.1626, 4.6799, 0.0099, 0.2226,0
 0.0868, 0.0000,-1.2817, 3.1415, 0.4590,-4.0997, 4.6799, 0.0306, 0.2233,0
 0.0914, 0.0000,-1.3163, 3.1415, 0.4556,-3.5845, 4.6799,-0.0008, 0.2240,0
 0.0958, 0.0000,-1.3508, 3.1415, 0.4427,-3.4815, 4.1065, 0.0130, 0.2247,0
 0.1005, 0.0000,-1.3823, 3.1415, 0.4644,-3.2095, 0.9339, 0.0096, 0.2254,0
 0.1051, 0.0000,-1.4074, 3.1415, 0.4688,-2.6525,-1.4130,-0.0182, 0.2262,0
 0.1093, 0.0000,-1.4325, 3.1415, 0.4272,-2.5411,-3.8606,-0.0085, 0.2269,0
 0.1134, 0.0000,-1.4545, 3.1415, 0.4128,-2.2675,-4.6799,-0.0112, 0.2276,0
 0.1172, 0.0000,-1.4734, 3.1415, 0.3857,-1.9614,-4.6799,-0.0159, 0.2283,0
 0.1207, 0.0000,-1.4891, 3.1415, 0.3560,-1.6489,-4.6799,-0.0205, 0.2290,0
 0.1239, 0.0000,-1.5016, 3.1415, 0.3258,-1.3350,-4.6799,-0.0246, 0.2297,0
 0.1264, 0.0000,-1.5079, 3.1415, 0.2713,-0.7696,-4.6799,-0.0367, 0.2305,0
 0.1289, 0.0000,-1.5142, 3.1415, 0.2482,-0.6565,-4.6799,-0.0345, 0.2312,0
 0.1308, 0.0000,-1.5173, 3.1415, 0.2073,-0.3826,-4.6799,-0.0362, 0.2319,0
 0.1324, 0.0000,-1.5173, 3.1415, 0.1687,-0.0765,-4.6799,-0.0382, 0.2326,0
 0.1338, 0.0000,-1.5142, 3.1415, 0.1428, 0.2360,-4.6799,-0.0398, 0.2333,0
 0.1346, 0.0000,-1.5079, 3.1415, 0.0952, 0.5498,-4.6799,-0.0408, 0.2341,0
 0.1352, 0.0000,-1.4985, 3.1415, 0.0675, 0.8639,-4.6799,-0.0413, 0.2348,0
 0.1355, 0.0000,-1.4859, 3.1415, 0.0317, 1.1780,-4.6799,-0.0414, 0.2355,0
 0.1351, 0.0000,-1.4702, 3.1415,-0.0239, 1.4922,-4.6799,-0.0408, 0.2362,0
 0.1346, 0.0000,-1.4514, 3.1415,-0.0411, 1.8064,-4.6799,-0.0398, 0.2369,0
 0.1337, 0.0000,-1.4294, 3.1415,-0.0809, 2.1205,-4.6799,-0.0382, 0.2376,0
 0.1327, 0.0000,-1.4042, 3.1415,-0.1010, 2.4347,-4.6799,-0.0360, 0.2384,0
 0.1313, 0.0000,-1.3760, 3.1415,-0.1293, 2.7489,-4.6799,-0.0331, 0.2391,0
 0.1296, 0.0000,-1.3446, 3.1415,-0.1653, 3.0630,-4.6799,-0.0296, 0.2398,0
 0.1276, 0.0000,-1.3100, 3.1415,-0.1907, 3.3772,-4.6799,-0.0254, 0.2405,0
 0.1253, 0.0000,-1.2723, 3.1415,-0.2200, 3.6913,-4.6799,-0.0203, 0.2412,0
 0.1227, 0.0000,-1.2315, 3.1415,-0.2501, 4.0055,-4.6799,-0.0143, 0.2420,0
 0.1199, 0.0000,-1.1875, 3.1415,-0.2743, 4.3196,-4.6799,-0.0073, 0.2427,0
 0.1167, 0.0000,-1.1403, 3.1415,-0.3155, 4.6338,-4.6799, 0.0010, 0.2434,0
 0.1133, 0.0000,-1.0901, 3.1415,-0.3359, 4.9480,-4.6799, 0.0107, 0.2441,0
 0.1093, 0.0000,-1.0367, 3.1415,-0.3824, 5.2621,-4.6799, 0.0221, 0.2448,0
 0.1051, 0.0000,-0.9801, 3.1415,-0.4099, 5.5763,-4.6799, 0.0354, 0.2455,0
 0.1004, 0.0000,-0.9204, 3.1415,-0.4639, 5.8904,-4.6799, 0.0510, 0.2463,0
 0.0954, 0.0000,-0.8576, 3.1415,-0.4929, 6.2046,-4.6799, 0.0691, 0.2470,0
 0.0899, 0.0000,-0.7916, 3.1415,-0.5351, 6.5188,-4.6799, 0.0903, 0.2477,0
 0.0842, 0.0000,-0.7225, 3.1415,-0.5678, 6.8329,-4.6799, 0.1150, 0.2484,0
 0.0779, 0.0000,-0.6503, 3.1415,-0.6168, 7.1471,-4.6799, 0.1436, 0.2491,0
 0.0713, 0.0000,-0.5749, 3.1415,-0.6448, 7.4612,-4.6799, 0.1767, 0.2499,0
 0.0644, 0.0000,-0.4963, 3.1415,-0.6867, 7.7754,-4.6799, 0.2149, 0.2506,0
 0.0570, 0.0000,-0.4178, 3.1415,-0.7255, 7.8382,-4.6799, 0.2038, 0.2513,0
 0.0493, 0.0000,-0.3361, 3.1415,-0.7635, 8.1021, 2.5154, 0.2411, 0.2520,0
 0.0422, 0.0000,-0.2513, 3.1415,-0.7166, 8.4062, 4.6799, 0.2937, 0.2527,0
 0.0347, 0.0000,-0.1696, 3.1415,-0.7435, 8.2157,-4.6799, 0.2372, 0.2534,0
 0.0268, 0.0000,-0.0848, 3.1415,-0.7853, 8.4289, 4.6799, 0.2791, 0.2542,0
 0.0202, 0.0000,-0.0031, 3.1415,-0.6845, 8.2203,-4.6799, 0.2279, 0.2549,0
 0.0122, 0.0000, 0.0785, 3.1415,-0.7796, 8.1785,-4.6799, 0.2205, 0.2556,0
 0.0052, 0.0000, 0.1633, 3.1415,-0.7137, 8.4215, 4.6799, 0.2843, 0.2563,0
-0.0011, 0.0000, 0.2450, 3.1415,-0.6520, 8.2188,-1.8757, 0.2490, 0.2570,0
-0.0084, 0.0000, 0.3235, 3.1415,-0.7124, 7.9269,-4.6799, 0.1988, 0.2577,0
-0.0146, 0.0000, 0.4021, 3.1415,-0.6396, 7.8685,-4.6799, 0.2059, 0.2585,0
-0.0207, 0.0000, 0.4775, 3.1415,-0.6190, 7.6055,-4.6799, 0.1720, 0.2592,0
-0.0271, 0.0000, 0.5529, 3.1415,-0.6331, 7.5529,-4.6799, 0.1875, 0.2599,0
-0.0332, 0.0000, 0.6251, 3.1415,-0.6177, 7.2911,-4.6799, 0.1619, 0.2606,0
-0.0391, 0.0000, 0.6974, 3.1415,-0.5904, 7.2387,-4.6799, 0.1831, 0.2613,0
-0.0449, 0.0000, 0.7634, 3.1415,-0.5849, 6.7256,-4.6799, 0.1144, 0.2621,0
-0.0507, 0.0000, 0.8293, 3.1415,-0.5778, 6.6229,-4.6799, 0.1291, 0.2628,0
-0.0562, 0.0000, 0.8953, 3.1415,-0.5581, 6.6024,-4.6799, 0.1613, 0.2635,0
-0.0616, 0.0000, 0.9550, 3.1415,-0.5421, 6.0957,-4.6799, 0.1054, 0.2642,0
-0.0670, 0.0000, 1.0147, 3.1415,-0.5449, 5.9943,-4.6799, 0.1240, 0.2649,0
-0.0723, 0.0000, 1.0712, 3.1415,-0.5334, 5.7227,-4.6799, 0.1145, 0.2656,0
-0.0776, 0.0000, 1.1215, 3.1415,-0.5250, 5.1657,-4.6799, 0.0617, 0.2664,0
-0.0828, 0.0000, 1.1718, 3.1415,-0.5233, 5.0544,-4.6799, 0.0786, 0.2671,0
-0.0879, 0.0000, 1.2189, 3.1415,-0.5169, 4.7807,-4.6799, 0.0724, 0.2678,0
-0.0932, 0.0000, 1.2660, 3.1415,-0.5217, 4.7260,-4.6799, 0.0972, 0.2685,0
-0.0983, 0.0000, 1.3069, 3.1415,-0.5166, 4.2124,-4.6799, 0.0611, 0.2692,0
-0.1036, 0.0000, 1.3477, 3.1415,-0.5217, 4.1097,-4.4799, 0.0776, 0.2700,0
-0.1087, 0.0000, 1.3823, 3.1415,-0.5166, 3.5865,-2.3449, 0.0455, 0.2707,0
-0.1140, 0.0000, 1.4168, 3.1415,-0.5277, 3.4819, 2.0197, 0.0596, 0.2714,0
-0.1184, 0.0000, 1.4451, 3.1415,-0.4572, 2.9583, 3.6330, 0.0325, 0.2721,0
-0.1232, 0.0000, 1.4734, 3.1415,-0.4734, 2.8536, 4.6799, 0.0441, 0.2728,0
-0.1276, 0.0000, 1.4953, 3.1415,-0.4463, 2.3300, 4.6799, 0.0219, 0.2735,0
-0.1312, 0.0000, 1.5173, 3.1415,-0.3803, 2.2252, 4.6799, 0.0309, 0.2743,0
-0.1346, 0.0000, 1.5330, 3.1415,-0.3489, 1.7016, 4.6799, 0.0134, 0.2750,0
-0.1377, 0.0000, 1.5488, 3.1415,-0.3183, 1.5969, 4.6799, 0.0199, 0.2757,0
-0.1404, 0.0000, 1.5582, 3.1415,-0.2758, 1.0733, 4.6799, 0.0071, 0.2764,0
-0.1426, 0.0000, 1.5676, 3.1415,-0.2310, 0.9686, 4.6799, 0.0108, 0.2771,0
-0.1445, 0.0000, 1.5739, 3.1415,-0.1977, 0.6963, 4.6799, 0.0090, 0.2779,0
-0.1460, 0.0000, 1.5770, 3.1415,-0.1608, 0.3906, 4.6799, 0.0066, 0.2786,0
-0.1471, 0.0000, 1.5739, 3.1415,-0.1170,-0.1732, 4.6799, 0.0026, 0.2793,0
-0.1479, 0.0000, 1.5707, 3.1415,-0.0901,-0.2859, 4.6799, 0.0011, 0.2800,0
-0.1483, 0.0000, 1.5645, 3.1415,-0.0483,-0.5598, 4.6799,-0.0001, 0.2807,0
-0.1483, 0.0000, 1.5550, 3.1415,-0.0096,-0.8659, 4.6799,-0.0007, 0.2814,0
-0.1481, 0.0000, 1.5425, 3.1415, 0.0101,-1.1784, 4.6799,-0.0008, 0.2822,0
-0.1476, 0.0000, 1.5268, 3.1415, 0.0444,-1.4923, 4.6799,-0.0003, 0.2829,0
-0.1468, 0.0000, 1.5079, 3.1415, 0.0755,-1.8064, 4.6799, 0.0005, 0.2836,0
-0.1458, 0.0000, 1.4859, 3.1415, 0.0939,-2.1205, 4.6799, 0.0021, 0.2843,0
-0.1446, 0.0000, 1.4608, 3.1415, 0.1158,-2.4347, 4.6799, 0.0041, 0.2850,0
-0.1430, 0.0000, 1.4325, 3.1415, 0.1444,-2.7488, 4.6799, 0.0068, 0.2858,0
-0.1414, 0.0000, 1.4011, 3.1415, 0.1622,-3.0630, 4.6799, 0.0101, 0.2865,0
-0.1394, 0.0000, 1.3665, 3.1415, 0.1901,-3.3772, 4.6799, 0.0140, 0.2872,0
-0.1372, 0.0000, 1.3288, 3.1415, 0.2138,-3.6913, 4.6799, 0.0187, 0.2879,0
-0.1347, 0.0000, 1.2880, 3.1415, 0.2428,-4.0055, 4.6799, 0.0242, 0.2886,0
-0.1319, 0.0000, 1.2440, 3.1415, 0.2729,-4.3196, 4.6799, 0.0307, 0.2893,0
-0.1287, 0.0000, 1.1969, 3.1415, 0.3092,-4.6338, 4.6799, 0.0383, 0.2901,0
-0.1252, 0.0000, 1.1498, 3.1415, 0.3407,-4.6966, 4.6799, 0.0153, 0.2908,0
-0.1214, 0.0000, 1.0964, 3.1415, 0.3713,-5.2119, 4.6799, 0.0522, 0.2915,0
-0.1174, 0.0000, 1.0398, 3.1415, 0.4016,-5.5662, 4.6799, 0.0701, 0.2922,0
-0.1129, 0.0000, 0.9801, 3.1415, 0.4380,-5.8884, 4.6799, 0.0855, 0.2929,0
-0.1080, 0.0000, 0.9173, 3.1415, 0.4817,-6.2042, 4.6799, 0.1023, 0.2937,0
-0.1027, 0.0000, 0.8513, 3.1415, 0.5147,-6.5187, 4.6799, 0.1217, 0.2944,0
-0.0971, 0.0000, 0.7822, 3.1415, 0.5516,-6.8329, 4.6799, 0.1442, 0.2951,0
-0.0911, 0.0000, 0.7099, 3.1415, 0.5953,-7.1471, 4.6799, 0.1705, 0.2958,0
-0.0846, 0.0000, 0.6346, 3.1415, 0.6344,-7.4612, 4.6799, 0.2011, 0.2965,0
-0.0779, 0.0000, 0.5560, 3.1415, 0.6665,-7.7754, 4.6799, 0.2365, 0.2972,0
-0.0707, 0.0000, 0.4775, 3.1415, 0.7032,-7.8382, 4.6799, 0.2223, 0.2980,0
-0.0632, 0.0000, 0.3926, 3.1415, 0.7469,-8.3534,-4.6799, 0.3135, 0.2987,0
-0.0560, 0.0000, 0.3110, 3.1415, 0.7193,-8.2052, 4.6799, 0.2589, 0.2994,0
-0.0478, 0.0000, 0.2261, 3.1415, 0.8047,-8.4268,-4.6799, 0.2943, 0.3001,0
-0.0409, 0.0000, 0.1382, 3.1415, 0.7127,-8.7225,-4.6799, 0.3539, 0.3008,0
-0.0335, 0.0000, 0.0565, 3.1415, 0.7306,-8.2790, 4.6799, 0.2426, 0.3016,0
-0.0257, 0.0000,-0.0282, 3.1415, 0.7706,-8.4416, 4.6799, 0.2798, 0.3023,0
-0.0187, 0.0000,-0.1130, 3.1415, 0.7180,-8.4741, 2.2301, 0.2918, 0.3030,0
-0.0115, 0.0000,-0.1979, 3.1415, 0.7135,-8.4806,-4.3404, 0.3028, 0.3037,0
-0.0052, 0.0000,-0.2796, 3.1415, 0.6520,-8.2306, 4.6799, 0.2582, 0.3044,0
 0.0018, 0.0000,-0.3612, 3.1415, 0.7003,-8.1806, 4.6799, 0.2651, 0.3051,0
 0.0085, 0.0000,-0.4429, 3.1415, 0.6736,-8.1706, 4.6799, 0.2858, 0.3059,0
 0.0150, 0.0000,-0.5215, 3.1415, 0.6561,-7.9173, 4.6799, 0.2549, 0.3066,0
 0.0213, 0.0000,-0.5969, 3.1415, 0.6344,-7.6153, 4.6799, 0.2179, 0.3073,0
 0.0277, 0.0000,-0.6723, 3.1415, 0.6362,-7.5549, 4.6799, 0.2372, 0.3080,0
 0.0340, 0.0000,-0.7445, 3.1415, 0.6305,-7.2915, 4.6799, 0.2162, 0.3087,0
 0.0401, 0.0000,-0.8136, 3.1415, 0.6172,-6.9875, 4.6799, 0.1903, 0.3095,0
 0.0460, 0.0000,-0.8796, 3.1415, 0.5903,-6.6753, 4.6799, 0.1661, 0.3102,0
 0.0516, 0.0000,-0.9456, 3.1415, 0.5667,-6.6129, 4.6799, 0.1919, 0.3109,0
 0.0575, 0.0000,-1.0084, 3.1415, 0.5862,-6.3491, 4.6799, 0.1814, 0.3116,0
 0.0632, 0.0000,-1.0681, 3.1415, 0.5720,-6.0450, 4.6799, 0.1656, 0.3123,0
 0.0687, 0.0000,-1.1246, 3.1415, 0.5570,-5.7328, 4.6799, 0.1503, 0.3130,0
 0.0741, 0.0000,-1.1780, 3.1415, 0.5419,-5.4191, 4.6799, 0.1363, 0.3138,0
 0.0795, 0.0000,-1.2315, 3.1415, 0.5449,-5.3563, 4.6799, 0.1626, 0.3145,0
 0.0850, 0.0000,-1.2786, 3.1415, 0.5455,-4.8411, 4.6799, 0.1212, 0.3152,0
 0.0904, 0.0000,-1.3226, 3.1415, 0.5396,-4.4868, 4.6799, 0.1054, 0.3159,0
 0.0958, 0.0000,-1.3665, 3.1415, 0.5384,-4.4159, 4.5692, 0.1273, 0.3166,0
 0.1012, 0.0000,-1.4074, 3.1415, 0.5442,-4.1504, 0.8076, 0.1243, 0.3174,0
 0.1066, 0.0000,-1.4419, 3.1415, 0.5393,-3.5946,-1.7125, 0.0886, 0.3181,0
 0.1112, 0.0000,-1.4765, 3.1415, 0.4777,-3.4835,-4.6799, 0.1023, 0.3188,0
 0.1160, 0.0000,-1.5079, 3.1415, 0.4775,-3.2099,-4.6799, 0.0991, 0.3195,0
 0.1205, 0.0000,-1.5362, 3.1415, 0.4593,-2.9039,-4.6799, 0.0932, 0.3202,0
 0.1246, 0.0000,-1.5582, 3.1415, 0.4132,-2.3400,-4.6799, 0.0676, 0.3209,0
 0.1284, 0.0000,-1.5802, 3.1415, 0.3918,-2.2273,-4.6799, 0.0762, 0.3217,0
 0.1317, 0.0000,-1.5990, 3.1415, 0.3390,-1.9534,-4.6799, 0.0737, 0.3224,0
 0.1345, 0.0000,-1.6147, 3.1415, 0.2921,-1.6473,-4.6799, 0.0695, 0.3231,0
 0.1371, 0.0000,-1.6273, 3.1415, 0.2706,-1.3347,-4.6799, 0.0655, 0.3238,0
 0.1393, 0.0000,-1.6367, 3.1415, 0.2299,-1.0209,-4.6799, 0.0619, 0.3245,0
 0.1411, 0.0000,-1.6430, 3.1415, 0.1854,-0.7068,-4.6799, 0.0588, 0.3252,0
 0.1426, 0.0000,-1.6461, 3.1415, 0.1583,-0.3926,-4.6799, 0.0562, 0.3260,0
 0.1437, 0.0000,-1.6461, 3.1415, 0.1226,-0.0785,-4.6799, 0.0541, 0.3267,0
 0.1446, 0.0000,-1.6430, 3.1415, 0.0912, 0.2356,-4.6799, 0.0526, 0.3274,0
 0.1450, 0.0000,-1.6399, 3.1415, 0.0546, 0.2984,-4.6799, 0.0508, 0.3281,0
 0.1452, 0.0000,-1.6304, 3.1415, 0.0291, 0.8136,-4.6799, 0.0521, 0.3288,0
 0.1451, 0.0000,-1.6179, 3.1415,-0.0063, 1.1680,-4.6799, 0.0529, 0.3296,0
 0.1449, 0.0000,-1.6053, 3.1415,-0.0194, 1.2389,-4.6799, 0.0462, 0.3303,0
 0.1444, 0.0000,-1.5865, 3.1415,-0.0402, 1.7557,-4.6799, 0.0544, 0.3310,0
 0.1435, 0.0000,-1.5676, 3.1415,-0.0808, 1.8591,-4.6799, 0.0461, 0.3317,0
 0.1424, 0.0000,-1.5456, 3.1415,-0.1010, 2.1311,-4.6799, 0.0455, 0.3324,0
 0.1414, 0.0000,-1.5173, 3.1415,-0.1050, 2.6881,-4.6799, 0.0628, 0.3331,0
 0.1399, 0.0000,-1.4891, 3.1415,-0.1362, 2.7995,-4.6799, 0.0511, 0.3339,0
 0.1382, 0.0000,-1.4576, 3.1415,-0.1667, 3.0731,-4.6799, 0.0511, 0.3346,0
 0.1363, 0.0000,-1.4231, 3.1415,-0.1849, 3.3792,-4.6799, 0.0542, 0.3353,0
 0.1341, 0.0000,-1.3823, 3.1415,-0.2128, 3.9431,-4.6799, 0.0831, 0.3360,0
 0.1315, 0.0000,-1.3414, 3.1415,-0.2487, 4.0558,-4.6799, 0.0670, 0.3367,0
 0.1286, 0.0000,-1.2974, 3.1415,-0.2862, 4.3297,-4.6799, 0.0686, 0.3375,0
 0.1254, 0.0000,-1.2472, 3.1415,-0.3119, 4.8871,-4.6799, 0.1060, 0.3382,0
 0.1219, 0.0000,-1.1969, 3.1415,-0.3412, 4.9986,-4.6799, 0.0875, 0.3389,0
 0.1181, 0.0000,-1.1435, 3.1415,-0.3714, 5.2723,-4.6799, 0.0916, 0.3396,0
 0.1139, 0.0000,-1.0838, 3.1415,-0.4138, 5.8296,-4.6799, 0.1397, 0.3403,0
 0.1093, 0.0000,-1.0241, 3.1415,-0.4465, 5.9411,-4.6799, 0.1208, 0.3410,0
 0.1044, 0.0000,-0.9613, 3.1415,-0.4834, 6.2147,-4.6799, 0.1296, 0.3418,0
 0.0990, 0.0000,-0.8922, 3.1415,-0.5271, 6.7721,-4.6799, 0.1913, 0.3425,0
 0.0931, 0.0000,-0.8230, 3.1415,-0.5783, 6.8836,-4.6799, 0.1751, 0.3432,0
 0.0868, 0.0000,-0.7508, 3.1415,-0.6189, 7.1572,-4.6799, 0.1921, 0.3439,0
 0.0802, 0.0000,-0.6723, 3.1415,-0.6512, 7.7146,-4.6799, 0.2713, 0.3446,0
 0.0732, 0.0000,-0.5937, 3.1415,-0.6941, 7.8261,-4.6799, 0.2622, 0.3454,0
 0.0657, 0.0000,-0.5120, 3.1415,-0.7330, 8.0997,-4.6799, 0.2925, 0.3461,0
 0.0579, 0.0000,-0.4272, 3.1415,-0.7711, 8.4057, 3.2789, 0.3356, 0.3468,0
 0.0507, 0.0000,-0.3392, 3.1415,-0.7302, 8.7183, 4.6799, 0.3869, 0.3475,0
 0.0431, 0.0000,-0.2544, 3.1415,-0.7584, 8.5295,-4.6799, 0.3235, 0.3482,0
 0.0349, 0.0000,-0.1665, 3.1415,-0.8065, 8.7430, 4.6799, 0.3620, 0.3489,0
 0.0275, 0.0000,-0.0785, 3.1415,-0.7494, 8.7857, 4.6799, 0.3647, 0.3497,0
 0.0205, 0.0000, 0.0062, 3.1415,-0.7137, 8.5429,-4.6799, 0.3036, 0.3504,0
 0.0128, 0.0000, 0.0911, 3.1415,-0.7551, 8.4944,-4.6799, 0.2950, 0.3511,0
 0.0056, 0.0000, 0.1759, 3.1415,-0.7331, 8.4847,-4.6799, 0.3008, 0.3518,0
-0.0013, 0.0000, 0.2607, 3.1415,-0.7044, 8.4827,-4.6799, 0.3135, 0.3525,0
-0.0084, 0.0000, 0.3455, 3.1415,-0.7047, 8.4823,-4.6799, 0.3316, 0.3533,0
-0.0153, 0.0000, 0.4303, 3.1415,-0.6987, 8.4823, 4.6799, 0.3546, 0.3540,0
-0.0212, 0.0000, 0.5120, 3.1415,-0.6066, 8.2309,-4.6799, 0.3225, 0.3547,0
-0.0280, 0.0000, 0.5874, 3.1415,-0.6670, 7.6780,-4.6799, 0.2276, 0.3554,0
-0.0341, 0.0000, 0.6628, 3.1415,-0.6184, 7.5674,-4.6799, 0.2357, 0.3561,0
-0.0397, 0.0000, 0.7382, 3.1415,-0.5784, 7.5453,-4.6799, 0.2659, 0.3568,0
-0.0458, 0.0000, 0.8105, 3.1415,-0.6007, 7.2895,-4.6799, 0.2490, 0.3576,0
-0.0516, 0.0000, 0.8765, 3.1415,-0.5809, 6.7357,-4.6799, 0.1757, 0.3583,0
-0.0569, 0.0000, 0.9456, 3.1415,-0.5406, 6.8763,-4.6799, 0.2417, 0.3590,0
-0.0626, 0.0000, 1.0084, 3.1415,-0.5628, 6.4018,-4.6799, 0.1909, 0.3597,0
-0.0678, 0.0000, 1.0681, 3.1415,-0.5309, 6.0555,-4.6799, 0.1674, 0.3604,0
-0.0731, 0.0000, 1.1278, 3.1415,-0.5306, 5.9863,-4.6799, 0.1939, 0.3612,0
-0.0784, 0.0000, 1.1812, 3.1415,-0.5305, 5.4698,-4.6799, 0.1461, 0.3619,0
-0.0834, 0.0000, 1.2346, 3.1415,-0.5062, 5.3665,-4.6799, 0.1663, 0.3626,0
-0.0887, 0.0000, 1.2849, 3.1415,-0.5256, 5.0945,-4.6799, 0.1608, 0.3633,0
-0.0937, 0.0000, 1.3320, 3.1415,-0.5053, 4.7888,-4.6799, 0.1512, 0.3640,0
-0.0988, 0.0000, 1.3760, 3.1415,-0.5073, 4.4763,-4.6799, 0.1415, 0.3647,0
-0.1042, 0.0000, 1.4168, 3.1415,-0.5319, 4.1625,-2.3740, 0.1324, 0.3655,0
-0.1092, 0.0000, 1.4545, 3.1415,-0.5065, 3.8484, 1.4677, 0.1240, 0.3662,0
-0.1139, 0.0000, 1.4891, 3.1415,-0.4772, 3.5342, 4.6799, 0.1162, 0.3669,0
-0.1183, 0.0000, 1.5205, 3.1415,-0.4471, 3.2201, 4.6799, 0.1090, 0.3676,0
-0.1225, 0.0000, 1.5488, 3.1415,-0.4289, 2.9059, 4.6799, 0.1024, 0.3683,0
-0.1262, 0.0000, 1.5739, 3.1415,-0.3828, 2.5918, 4.6799, 0.0963, 0.3691,0
-0.1295, 0.0000, 1.5959, 3.1415,-0.3373, 2.2776, 4.6799, 0.0906, 0.3698,0
-0.1323, 0.0000, 1.6179, 3.1415,-0.2918, 2.2148, 4.6799, 0.1025, 0.3705,0
-0.1349, 0.0000, 1.6336, 3.1415,-0.2645, 1.6996, 4.6799, 0.0855, 0.3712,0
-0.1371, 0.0000, 1.6461, 3.1415,-0.2287, 1.3452, 4.6799, 0.0794, 0.3719,0
-0.1388, 0.0000, 1.6587, 3.1415,-0.1852, 1.2743, 4.6799, 0.0858, 0.3726,0
-0.1400, 0.0000, 1.6650, 3.1415,-0.1340, 0.7575, 4.6799, 0.0756, 0.3734,0
-0.1411, 0.0000, 1.6713, 3.1415,-0.1116, 0.6541, 4.6799, 0.0780, 0.3741,0
-0.1418, 0.0000, 1.6744, 3.1415,-0.0769, 0.3821, 4.6799, 0.0763, 0.3748,0
-0.1419, 0.0000, 1.6713, 3.1415,-0.0275,-0.1748, 4.6799, 0.0724, 0.3755,0
-0.1418, 0.0000, 1.6681, 3.1415, 0.0005,-0.2862, 4.6799, 0.0709, 0.3762,0
-0.1415, 0.0000, 1.6619, 3.1415, 0.0243,-0.5599, 4.6799, 0.0697, 0.3770,0
-0.1409, 0.0000, 1.6524, 3.1415, 0.0533,-0.8659, 4.6799, 0.0690, 0.3777,0
-0.1401, 0.0000, 1.6399, 3.1415, 0.0773,-1.1785, 4.6799, 0.0690, 0.3784,0
-0.1392, 0.0000, 1.6242, 3.1415, 0.0882,-1.4923, 4.6799, 0.0695, 0.3791,0
-0.1381, 0.0000, 1.6053, 3.1415, 0.1025,-1.8064, 4.6799, 0.0704, 0.3798,0
-0.1368, 0.0000, 1.5865, 3.1415, 0.1235,-1.8692, 4.6799, 0.0601, 0.3805,0
-0.1354, 0.0000, 1.5613, 3.1415, 0.1399,-2.3844, 4.6799, 0.0728, 0.3813,0
-0.1337, 0.0000, 1.5330, 3.1415, 0.1613,-2.7388, 4.6799, 0.0779, 0.3820,0
-0.1318, 0.0000, 1.5016, 3.1415, 0.1899,-3.0610, 4.6799, 0.0815, 0.3827,0
-0.1296, 0.0000, 1.4702, 3.1415, 0.2138,-3.1254, 4.6799, 0.0646, 0.3834,0
-0.1271, 0.0000, 1.4325, 3.1415, 0.2428,-3.6410, 4.6799, 0.0866, 0.3841,0
-0.1242, 0.0000, 1.3948, 3.1415, 0.2729,-3.7441, 4.6799, 0.0705, 0.3849,0
-0.1212, 0.0000, 1.3508, 3.1415, 0.2971,-4.2674, 4.6799, 0.0983, 0.3856,0
-0.1180, 0.0000, 1.3037, 3.1415, 0.3201,-4.6233, 4.6799, 0.1097, 0.3863,0
-0.1143, 0.0000, 1.2566, 3.1415, 0.3550,-4.6945, 4.6799, 0.0866, 0.3870,0
-0.1103, 0.0000, 1.2032, 3.1415, 0.3923,-5.2114, 4.6799, 0.1221, 0.3877,0
-0.1060, 0.0000, 1.1466, 3.1415, 0.4240,-5.5661, 4.6799, 0.1382, 0.3884,0
-0.1014, 0.0000, 1.0901, 3.1415, 0.4486,-5.6371, 4.6799, 0.1128, 0.3892,0
-0.0964, 0.0000, 1.0273, 3.1415, 0.4899,-6.1539, 4.6799, 0.1588, 0.3899,0
-0.0910, 0.0000, 0.9613, 3.1415, 0.5345,-6.5086, 4.6799, 0.1820, 0.3906,0
-0.0851, 0.0000, 0.8922, 3.1415, 0.5737,-6.8309, 4.6799, 0.2025, 0.3913,0
-0.0791, 0.0000, 0.8230, 3.1415, 0.5998,-6.8953, 4.6799, 0.1773, 0.3920,0
-0.0726, 0.0000, 0.7476, 3.1415, 0.6414,-7.4109, 4.6799, 0.2423, 0.3927,0
-0.0656, 0.0000, 0.6691, 3.1415, 0.6861,-7.7653, 4.6799, 0.2809, 0.3935,0
-0.0582, 0.0000, 0.5906, 3.1415, 0.7314,-7.8362, 4.6799, 0.2632, 0.3942,0
-0.0504, 0.0000, 0.5057, 3.1415, 0.7647,-8.3530, 4.6799, 0.3486, 0.3949,0
-0.0423, 0.0000, 0.4209, 3.1415, 0.8017,-8.4564, 4.6799, 0.3457, 0.3956,0
-0.0338, 0.0000, 0.3330, 3.1415, 0.8394,-8.7284,-4.6799, 0.3879, 0.3963,0
-0.0256, 0.0000, 0.2450, 3.1415, 0.8227,-8.7828,-0.0759, 0.3833, 0.3971,0
-0.0175, 0.0000, 0.1539, 3.1415, 0.8193,-9.0450,-4.6799, 0.4357, 0.3978,0
-0.0093, 0.0000, 0.0659, 3.1415, 0.8126,-8.8461, 4.6799, 0.3790, 0.3985,0
-0.0011, 0.0000,-0.0219, 3.1415, 0.8234,-8.8064, 4.6799, 0.3678, 0.3992,0
 0.0072, 0.0000,-0.1099, 3.1415, 0.8377,-8.7984, 4.6799, 0.3700, 0.3999,0
 0.0152, 0.0000,-0.1979, 3.1415, 0.8041,-8.7968, 4.6799, 0.3793, 0.4006,0
 0.0233, 0.0000,-0.2858, 3.1415, 0.8096,-8.7965,-2.3478, 0.3943, 0.4014,0
 0.0309, 0.0000,-0.3738, 3.1415, 0.7682,-8.7964,-4.6799, 0.4147, 0.4021,0
 0.0379, 0.0000,-0.4555, 3.1415, 0.7175,-8.2938, 4.6799, 0.3181, 0.4028,0
 0.0454, 0.0000,-0.5372, 3.1415, 0.7437,-8.1932, 4.6799, 0.3228, 0.4035,0
 0.0524, 0.0000,-0.6157, 3.1415, 0.7065,-7.9218, 4.6799, 0.2923, 0.4042,0
 0.0589, 0.0000,-0.6911, 3.1415, 0.6627,-7.6162, 4.6799, 0.2587, 0.4050,0
 0.0654, 0.0000,-0.7665, 3.1415, 0.6479,-7.5551, 4.6799, 0.2818, 0.4057,0
 0.0716, 0.0000,-0.8388, 3.1415, 0.6328,-7.2915, 4.6799, 0.2643, 0.4064,0
 0.0777, 0.0000,-0.9079, 3.1415, 0.6116,-6.9875, 4.6799, 0.2416, 0.4071,0
 0.0840, 0.0000,-0.9770, 3.1415, 0.6255,-6.9267, 4.6799, 0.2699, 0.4078,0
 0.0901, 0.0000,-1.0398, 3.1415, 0.6101,-6.4118, 4.6799, 0.2119, 0.4085,0
 0.0956, 0.0000,-1.1026, 3.1415, 0.5646,-6.3089, 4.6799, 0.2332, 0.4093,0
 0.1012, 0.0000,-1.1592, 3.1415, 0.5616,-5.7856, 4.6799, 0.1813, 0.4100,0
 0.1068, 0.0000,-1.2157, 3.1415, 0.5610,-5.6810, 4.6799, 0.2022, 0.4107,0
 0.1125, 0.0000,-1.2692, 3.1415, 0.5669,-5.4087, 4.6799, 0.1962, 0.4114,0
 0.1179, 0.0000,-1.3194, 3.1415, 0.5438,-5.1029, 4.6799, 0.1859, 0.4121,0
 0.1235, 0.0000,-1.3665, 3.1415, 0.5574,-4.7905, 4.6799, 0.1756, 0.4129,0
 0.1289, 0.0000,-1.4105, 3.1415, 0.5419,-4.4766, 3.2541, 0.1660, 0.4136,0
 0.1343, 0.0000,-1.4514, 3.1415, 0.5388,-4.1625,-1.5823, 0.1570, 0.4143,0
 0.1391, 0.0000,-1.4891, 3.1415, 0.4958,-3.8484,-4.6799, 0.1487, 0.4150,0
 0.1441, 0.0000,-1.5236, 3.1415, 0.4993,-3.5342,-4.6799, 0.1410, 0.4157,0
 0.1487, 0.0000,-1.5550, 3.1415, 0.4697,-3.2201,-4.6799, 0.1338, 0.4164,0
 0.1528, 0.0000,-1.5865, 3.1415, 0.4213,-3.1573,-4.6799, 0.1508, 0.4172,0
 0.1566, 0.0000,-1.6116, 3.1415, 0.3874,-2.6420,-4.6799, 0.1270, 0.4179,0
 0.1599, 0.0000,-1.6336, 3.1415, 0.3442,-2.2876,-4.6799, 0.1183, 0.4186,0
 0.1629, 0.0000,-1.6524, 3.1415, 0.3053,-1.9655,-4.6799, 0.1126, 0.4193,0
 0.1656, 0.0000,-1.6713, 3.1415, 0.2732,-1.9010,-4.6799, 0.1226, 0.4200,0
 0.1678, 0.0000,-1.6838, 3.1415, 0.2304,-1.3855,-4.6799, 0.1079, 0.4208,0
 0.1696, 0.0000,-1.6964, 3.1415, 0.1916,-1.2824,-4.6799, 0.1130, 0.4215,0
 0.1712, 0.0000,-1.7027, 3.1415, 0.1717,-0.7591,-4.6799, 0.1025, 0.4222,0
 0.1725, 0.0000,-1.7090, 3.1415, 0.1313,-0.6544,-4.6799, 0.1049, 0.4229,0
 0.1734, 0.0000,-1.7121, 3.1415, 0.0990,-0.3822,-4.6799, 0.1032, 0.4236,0
 0.1738, 0.0000,-1.7121, 3.1415, 0.0561,-0.0764,-4.6799, 0.1012, 0.4243,0
 0.1739, 0.0000,-1.7090, 3.1415, 0.0173, 0.2360,-4.6799, 0.0997, 0.4251,0
 0.1738, 0.0000,-1.7027, 3.1415,-0.0026, 0.5498,-4.6799, 0.0987, 0.4258,0
 0.1734, 0.0000,-1.6964, 3.1415,-0.0368, 0.6126,-4.6799, 0.0952, 0.4265,0
 0.1726, 0.0000,-1.6838, 3.1415,-0.0680, 1.1278,-4.6799, 0.0988, 0.4272,0
 0.1717, 0.0000,-1.6681, 3.1415,-0.0863, 1.4822,-4.6799, 0.1005, 0.4279,0
 0.1706, 0.0000,-1.6524, 3.1415,-0.1082, 1.5530,-4.6799, 0.0923, 0.4287,0
 0.1691, 0.0000,-1.6304, 3.1415,-0.1368, 2.0699,-4.6799, 0.1028, 0.4294,0
 0.1674, 0.0000,-1.6084, 3.1415,-0.1668, 2.1732,-4.6799, 0.0931, 0.4301,0
 0.1655, 0.0000,-1.5833, 3.1415,-0.1849, 2.4452,-4.6799, 0.0927, 0.4308,0
 0.1634, 0.0000,-1.5519, 3.1415,-0.2067, 3.0023,-4.6799, 0.1126, 0.4315,0
 0.1610, 0.0000,-1.5205, 3.1415,-0.2293, 3.1137,-4.6799, 0.0996, 0.4322,0
 0.1584, 0.0000,-1.4859, 3.1415,-0.2520, 3.3873,-4.6799, 0.0997, 0.4330,0
 0.1556, 0.0000,-1.4482, 3.1415,-0.2808, 3.6934,-4.6799, 0.1032, 0.4337,0
 0.1524, 0.0000,-1.4042, 3.1415,-0.3047, 4.2572,-4.6799, 0.1347, 0.4344,0
 0.1490, 0.0000,-1.3603, 3.1415,-0.3338, 4.3700,-4.6799, 0.1173, 0.4351,0
 0.1452, 0.0000,-1.3131, 3.1415,-0.3699, 4.6439,-4.6799, 0.1189, 0.4358,0
 0.1412, 0.0000,-1.2629, 3.1415,-0.3953, 4.9500,-4.6799, 0.1254, 0.4366,0
 0.1368, 0.0000,-1.2063, 3.1415,-0.4307, 5.5138,-4.6799, 0.1697, 0.4373,0
 0.1321, 0.0000,-1.1498, 3.1415,-0.4620, 5.6266,-4.6799, 0.1497, 0.4380,0
 0.1271, 0.0000,-1.0901, 3.1415,-0.4925, 5.9005,-4.6799, 0.1554, 0.4387,0
 0.1217, 0.0000,-1.0273, 3.1415,-0.5350, 6.2066,-4.6799, 0.1679, 0.4394,0
 0.1159, 0.0000,-0.9581, 3.1415,-0.5678, 6.7705,-4.6799, 0.2288, 0.4401,0
 0.1095, 0.0000,-0.8890, 3.1415,-0.6228, 6.8833,-4.6799, 0.2108, 0.4409,0
 0.1029, 0.0000,-0.8168, 3.1415,-0.6581, 7.1571,-4.6799, 0.2255, 0.4416,0
 0.0958, 0.0000,-0.7382, 3.1415,-0.7015, 7.7146,-4.6799, 0.3020, 0.4423,0
 0.0882, 0.0000,-0.6597, 3.1415,-0.7405, 7.8261,-4.6799, 0.2900, 0.4430,0
 0.0803, 0.0000,-0.5780, 3.1415,-0.7847, 8.0997,-4.6799, 0.3170, 0.4437,0
 0.0720, 0.0000,-0.4932, 3.1415,-0.8178, 8.4057,-4.6799, 0.3566, 0.4445,0
 0.0634, 0.0000,-0.4052, 3.1415,-0.8547, 8.7183,-4.6799, 0.4042, 0.4452,0
 0.0543, 0.0000,-0.3141, 3.1415,-0.8985, 9.0321, 4.6799, 0.4591, 0.4459,0
 0.0460, 0.0000,-0.2230, 3.1415,-0.8466, 9.0949, 4.6799, 0.4577, 0.4466,0
 0.0372, 0.0000,-0.1319, 3.1415,-0.8726, 9.1074, 4.6799, 0.4493, 0.4473,0
 0.0288, 0.0000,-0.0439, 3.1415,-0.8475, 8.8586,-4.6799, 0.3812, 0.4480,0
 0.0198, 0.0000, 0.0439, 3.1415,-0.8849, 8.8089,-4.6799, 0.3689, 0.4488,0
 0.0115, 0.0000, 0.1350, 3.1415,-0.8439, 9.0502,-2.1154, 0.4351, 0.4495,0
 0.0032, 0.0000, 0.2230, 3.1415,-0.8297, 8.8472,-4.6799, 0.3955, 0.4502,0
-0.0047, 0.0000, 0.3110, 3.1415,-0.8086, 8.8066,-4.6799, 0.4021, 0.4509,0
-0.0131, 0.0000, 0.3989, 3.1415,-0.8347, 8.7984,-4.6799, 0.4220, 0.4516,0
-0.0212, 0.0000, 0.4838, 3.1415,-0.8157, 8.5455,-4.6799, 0.3866, 0.4524,0
-0.0291, 0.0000, 0.5654, 3.1415,-0.7876, 8.2436,-4.6799, 0.3450, 0.4531,0
-0.0369, 0.0000, 0.6471, 3.1415,-0.7881, 8.1832,-4.6799, 0.3646, 0.4538,0
-0.0446, 0.0000, 0.7288, 3.1415,-0.7700, 8.1711,-4.6799, 0.3990, 0.4545,0
-0.0521, 0.0000, 0.8042, 3.1415,-0.7542, 7.6660,-4.6799, 0.3246, 0.4552,0
-0.0594, 0.0000, 0.8796, 3.1415,-0.7390, 7.5650,-4.6799, 0.3434, 0.4559,0
-0.0666, 0.0000, 0.9519, 3.1415,-0.7177, 7.2935,-4.6799, 0.3281, 0.4567,0
-0.0736, 0.0000, 1.0210, 3.1415,-0.7074, 6.9879,-4.6799, 0.3084, 0.4574,0
-0.0806, 0.0000, 1.0869, 3.1415,-0.6993, 6.6754,-4.6799, 0.2898, 0.4581,0
-0.0875, 0.0000, 1.1498, 3.1415,-0.6916, 6.3616,-4.6799, 0.2731, 0.4588,0
-0.0941, 0.0000, 1.2095, 3.1415,-0.6658, 6.0475,-4.6799, 0.2581, 0.4595,0
-0.1008, 0.0000, 1.2692, 3.1415,-0.6728, 5.9847,-4.6799, 0.2881, 0.4602,0
-0.1075, 0.0000, 1.3226, 3.1415,-0.6681, 5.4695,-4.6799, 0.2424, 0.4610,0
-0.1139, 0.0000, 1.3760, 3.1415,-0.6490, 5.3664,-4.6799, 0.2641, 0.4617,0
-0.1205, 0.0000, 1.4231, 3.1415,-0.6573, 4.8432,-2.7301, 0.2227, 0.4624,0
-0.1271, 0.0000, 1.4702, 3.1415,-0.6529, 4.7385, 3.7483, 0.2422, 0.4631,0
-0.1326, 0.0000, 1.5111, 3.1415,-0.5732, 4.2149, 4.6799, 0.2058, 0.4638,0
-0.1385, 0.0000, 1.5519, 3.1415,-0.5875, 4.1102, 4.6799, 0.2229, 0.4646,0
-0.1437, 0.0000, 1.5896, 3.1415,-0.5358, 3.8379, 4.6799, 0.2197, 0.4653,0
-0.1487, 0.0000, 1.6210, 3.1415,-0.5073, 3.2808, 4.6799, 0.1867, 0.4660,0
-0.1532, 0.0000, 1.6524, 3.1415,-0.4592, 3.1694, 4.6799, 0.1992, 0.4667,0
-0.1571, 0.0000, 1.6807, 3.1415,-0.4071, 2.8958, 4.6799, 0.1962, 0.4674,0
-0.1606, 0.0000, 1.7058, 3.1415,-0.3542, 2.5897, 4.6799, 0.1906, 0.4681,0
-0.1640, 0.0000, 1.7278, 3.1415,-0.3437, 2.2772, 4.6799, 0.1849, 0.4689,0
-0.1668, 0.0000, 1.7467, 3.1415,-0.2930, 1.9634, 4.6799, 0.1796, 0.4696,0
-0.1691, 0.0000, 1.7624, 3.1415,-0.2465, 1.6493, 4.6799, 0.1748, 0.4703,0
-0.1711, 0.0000, 1.7781, 3.1415,-0.2069, 1.5865, 4.6799, 0.1830, 0.4710,0
-0.1726, 0.0000, 1.7875, 3.1415,-0.1626, 1.0712, 4.6799, 0.1705, 0.4717,0
-0.1737, 0.0000, 1.7969, 3.1415,-0.1234, 0.9682, 4.6799, 0.1741, 0.4725,0
-0.1746, 0.0000, 1.8032, 3.1415,-0.0913, 0.6963, 4.6799, 0.1722, 0.4732,0
-0.1750, 0.0000, 1.8064, 3.1415,-0.0485, 0.3905, 4.6799, 0.1697, 0.4739,0
-0.1750, 0.0000, 1.8064, 3.1415,-0.0157, 0.0781, 4.6799, 0.1677, 0.4746,0
-0.1750, 0.0000, 1.8032, 3.1415, 0.0029,-0.2356, 4.6799, 0.1662, 0.4753,0
-0.1745, 0.0000, 1.8001, 3.1415, 0.0369,-0.2984, 4.6799, 0.1644, 0.4760,0
-0.1739, 0.0000, 1.7907, 3.1415, 0.0558,-0.8136, 4.6799, 0.1659, 0.4768,0
-0.1732, 0.0000, 1.7812, 3.1415, 0.0657,-0.9167, 4.6799, 0.1618, 0.4775,0
-0.1722, 0.0000, 1.7655, 3.1415, 0.0919,-1.4399, 4.3055, 0.1680, 0.4782,0
-0.1711, 0.0000, 1.7498, 3.1415, 0.1093,-1.5446, 3.2936, 0.1613, 0.4789,0
-0.1696, 0.0000, 1.7310, 3.1415, 0.1370,-1.8168, 2.5017, 0.1607, 0.4796,0
-0.1681, 0.0000, 1.7090, 3.1415, 0.1547,-2.1226, 2.0258, 0.1620, 0.4804,0
-0.1663, 0.0000, 1.6838, 3.1415, 0.1704,-2.4351, 2.0139, 0.1640, 0.4811,0
-0.1644, 0.0000, 1.6556, 3.1415, 0.1856,-2.7489, 2.5811, 0.1666, 0.4818,0
-0.1624, 0.0000, 1.6273, 3.1415, 0.2008,-2.8117, 3.7307, 0.1512, 0.4825,0
-0.1602, 0.0000, 1.5927, 3.1415, 0.2160,-3.3269, 4.6799, 0.1707, 0.4832,0
-0.1577, 0.0000, 1.5550, 3.1415, 0.2432,-3.6813, 4.6799, 0.1784, 0.4839,0
-0.1551, 0.0000, 1.5173, 3.1415, 0.2548,-3.7521, 4.6799, 0.1587, 0.4847,0
-0.1522, 0.0000, 1.4734, 3.1415, 0.2813,-4.2690, 4.6799, 0.1853, 0.4854,0
-0.1490, 0.0000, 1.4262, 3.1415, 0.3109,-4.6237, 4.6799, 0.1958, 0.4861,0
-0.1455, 0.0000, 1.3791, 3.1415, 0.3411,-4.6946, 4.6799, 0.1717, 0.4868,0
-0.1418, 0.0000, 1.3257, 3.1415, 0.3713,-5.2114, 4.6799, 0.2060, 0.4875,0
-0.1377, 0.0000, 1.2692, 3.1415, 0.3956,-5.5661, 4.6799, 0.2204, 0.4883,0
-0.1332, 0.0000, 1.2126, 3.1415, 0.4429,-5.6371, 4.6799, 0.1931, 0.4890,0
-0.1283, 0.0000, 1.1498, 3.1415, 0.4827,-6.1539, 4.6799, 0.2367, 0.4897,0
-0.1230, 0.0000, 1.0838, 3.1415, 0.5149,-6.5086, 4.6799, 0.2570, 0.4904,0
-0.1174, 0.0000, 1.0178, 3.1415, 0.5516,-6.5796, 4.6799, 0.2289, 0.4911,0
-0.1115, 0.0000, 0.9456, 3.1415, 0.5832,-7.0964, 4.6799, 0.2847, 0.4918,0
-0.1051, 0.0000, 0.8702, 3.1415, 0.6320,-7.4511, 4.6799, 0.3143, 0.4926,0
-0.0983, 0.0000, 0.7916, 3.1415, 0.6660,-7.7734, 4.6799, 0.3413, 0.4933,0
-0.0911, 0.0000, 0.7099, 3.1415, 0.7092,-8.0892, 4.6799, 0.3715, 0.4940,0
-0.0834, 0.0000, 0.6283, 3.1415, 0.7603,-8.1523, 4.6799, 0.3495, 0.4947,0
-0.0753, 0.0000, 0.5403, 3.1415, 0.8008,-8.6676, 4.6799, 0.4360, 0.4954,0
-0.0667, 0.0000, 0.4523, 3.1415, 0.8453,-8.7706, 4.6799, 0.4310, 0.4962,0
-0.0579, 0.0000, 0.3581, 3.1415, 0.8784,-9.2939,-4.6799, 0.5367, 0.4969,0
-0.0494, 0.0000, 0.2670, 3.1415, 0.8547,-9.1472, 4.6799, 0.4787, 0.4976,0
-0.0400, 0.0000, 0.1727, 3.1415, 0.9228,-9.3692,-4.6799, 0.5215, 0.4983,0
-0.0315, 0.0000, 0.0785, 3.1415, 0.8636,-9.4136,-4.6799, 0.5247, 0.4990,0
-0.0231, 0.0000,-0.0157, 3.1415, 0.8457,-9.4225,-4.6799, 0.5249, 0.4997,0
-0.0150, 0.0000,-0.1068, 3.1415, 0.8179,-9.1730, 4.6799, 0.4640, 0.5005,0
-0.0068, 0.0000,-0.1979, 3.1415, 0.8184,-9.1230, 4.6799, 0.4611, 0.5012,0
 0.0009, 0.0000,-0.2858, 3.1415, 0.7882,-8.8617, 4.6799, 0.4104, 0.5019,0
 0.0086, 0.0000,-0.3769, 3.1415, 0.7700,-9.0608, 4.6799, 0.4817, 0.5026,0
 0.0162, 0.0000,-0.4618, 3.1415, 0.7664,-8.5980, 4.6799, 0.3920, 0.5033,0
 0.0237, 0.0000,-0.5497, 3.1415, 0.7535,-8.7567, 4.6799, 0.4612, 0.5041,0
 0.0309, 0.0000,-0.6314, 3.1415, 0.7267,-8.2858, 4.6799, 0.3815, 0.5048,0
 0.0383, 0.0000,-0.7131, 3.1415, 0.7334,-8.1916, 4.6799, 0.3963, 0.5055,0
 0.0453, 0.0000,-0.7916, 3.1415, 0.7045,-7.9215, 4.6799, 0.3739, 0.5062,0
 0.0519, 0.0000,-0.8670, 3.1415, 0.6684,-7.6161, 4.6799, 0.3474, 0.5069,0
 0.0587, 0.0000,-0.9424, 3.1415, 0.6793,-7.5550, 4.6799, 0.3770, 0.5076,0
 0.0652, 0.0000,-1.0147, 3.1415, 0.6573,-7.2915, 4.6799, 0.3652, 0.5084,0
 0.0714, 0.0000,-1.0807, 3.1415, 0.6286,-6.7361, 4.6799, 0.2972, 0.5091,0
 0.0775, 0.0000,-1.1466, 3.1415, 0.6108,-6.6251, 4.6799, 0.3189, 0.5098,0
 0.0836, 0.0000,-1.2095, 3.1415, 0.6132,-6.3515, 4.6799, 0.3109, 0.5105,0
 0.0896, 0.0000,-1.2692, 3.1415, 0.6016,-6.0455, 4.6799, 0.2983, 0.5112,0
 0.0953, 0.0000,-1.3257, 3.1415, 0.5750,-5.7329, 4.6799, 0.2859, 0.5120,0
 0.1012, 0.0000,-1.3791, 3.1415, 0.5879,-5.4191, 4.6799, 0.2743, 0.5127,0
 0.1071, 0.0000,-1.4294, 3.1415, 0.5905,-5.1050, 4.6799, 0.2636, 0.5134,0
 0.1130, 0.0000,-1.4765, 3.1415, 0.5849,-4.7909,-0.8954, 0.2537, 0.5141,0
 0.1179, 0.0000,-1.5205, 3.1415, 0.5111,-4.4767,-4.6799, 0.2444, 0.5148,0
 0.1231, 0.0000,-1.5645, 3.1415, 0.5205,-4.4139,-4.6799, 0.2682, 0.5155,0
 0.1280, 0.0000,-1.6022, 3.1415, 0.4921,-3.8987,-4.6799, 0.2353, 0.5163,0
 0.1324, 0.0000,-1.6367, 3.1415, 0.4561,-3.5443,-4.6799, 0.2232, 0.5170,0
 0.1365, 0.0000,-1.6681, 3.1415, 0.4125,-3.2221,-4.6799, 0.2151, 0.5177,0
 0.1399, 0.0000,-1.6996, 3.1415, 0.3614,-3.1576,-4.6799, 0.2318, 0.5184,0
 0.1431, 0.0000,-1.7247, 3.1415, 0.3269,-2.6421,-4.6799, 0.2078, 0.5191,0
 0.1460, 0.0000,-1.7498, 3.1415, 0.2957,-2.5390,-4.6799, 0.2181, 0.5199,0
 0.1484, 0.0000,-1.7718, 3.1415, 0.2531,-2.2671,-4.6799, 0.2153, 0.5206,0
 0.1505, 0.0000,-1.7907, 3.1415, 0.2204,-1.9613,-4.6799, 0.2105, 0.5213,0
 0.1524, 0.0000,-1.8064, 3.1415, 0.1896,-1.6489,-4.6799, 0.2057, 0.5220,0
 0.1540, 0.0000,-1.8189, 3.1415, 0.1652,-1.3350,-4.6799, 0.2013, 0.5227,0
 0.1552, 0.0000,-1.8284, 3.1415, 0.1300,-1.0210,-4.6799, 0.1975, 0.5234,0
 0.1558, 0.0000,-1.8378, 3.1415, 0.0745,-0.9581,-4.6799, 0.2023, 0.5242,0
 0.1562, 0.0000,-1.8409, 3.1415, 0.0452,-0.4429,-4.6799, 0.1944, 0.5249,0
 0.1563, 0.0000,-1.8441, 3.1415, 0.0211,-0.3399,-4.6799, 0.1954, 0.5256,0
 0.1560, 0.0000,-1.8441, 3.1415,-0.0200,-0.0679,-4.6799, 0.1938, 0.5263,0
 0.1556, 0.0000,-1.8409, 3.1415,-0.0403, 0.2377,-4.6799, 0.1924, 0.5270,0
 0.1547, 0.0000,-1.8378, 3.1415,-0.0747, 0.2988,-4.6799, 0.1907, 0.5278,0
 0.1537, 0.0000,-1.8284, 3.1415,-0.0937, 0.8137,-4.6799, 0.1922, 0.5285,0
 0.1525, 0.0000,-1.8189, 3.1415,-0.1157, 0.9167,-3.1472, 0.1881, 0.5292,0
 0.1512, 0.0000,-1.8032, 3.1415,-0.1322, 1.4399,-0.6219, 0.1944, 0.5299,0
 0.1496, 0.0000,-1.7875, 3.1415,-0.1477, 1.5446, 0.6496, 0.1878, 0.5306,0
 0.1486, 0.0000,-1.7687, 3.1415,-0.1144, 1.8168, 1.0901, 0.1874, 0.5313,0
 0.1474, 0.0000,-1.7467, 3.1415,-0.1138, 2.1226, 1.6606, 0.1887, 0.5321,0
 0.1464, 0.0000,-1.7215, 3.1415,-0.1076, 2.4351, 1.6885, 0.1908, 0.5328,0
 0.1456, 0.0000,-1.6901, 3.1415,-0.0821, 3.0003, 0.8368, 0.2115, 0.5335,0
 0.1451, 0.0000,-1.6587, 3.1415,-0.0588, 3.1133,-0.6976, 0.1987, 0.5342,0
 0.1443, 0.0000,-1.6242, 3.1415,-0.0784, 3.3872,-2.7576, 0.1989, 0.5349,0
 0.1432, 0.0000,-1.5865, 3.1415,-0.1005, 3.6933,-4.6799, 0.2022, 0.5357,0
 0.1424, 0.0000,-1.5456, 3.1415,-0.0868, 4.0059,-4.6799, 0.2066, 0.5364,0
 0.1413, 0.0000,-1.5016, 3.1415,-0.1022, 4.3197,-4.6799, 0.2116, 0.5371,0
 0.1399, 0.0000,-1.4545, 3.1415,-0.1356, 4.6338,-4.6799, 0.2173, 0.5378,0
 0.1380, 0.0000,-1.4042, 3.1415,-0.1726, 4.9480,-4.6799, 0.2237, 0.5385,0
 0.1360, 0.0000,-1.3508, 3.1415,-0.1982, 5.2621,-4.6799, 0.2310, 0.5392,0
 0.1336, 0.0000,-1.2974, 3.1415,-0.2336, 5.3249,-4.6799, 0.2031, 0.5400,0
 0.1305, 0.0000,-1.2377, 3.1415,-0.2892, 5.8402,-4.6799, 0.2427, 0.5407,0
 0.1274, 0.0000,-1.1749, 3.1415,-0.3064, 6.1945,-4.6799, 0.2603, 0.5414,0
 0.1237, 0.0000,-1.1058, 3.1415,-0.3583, 6.7681,-4.6799, 0.3193, 0.5421,0
 0.1195, 0.0000,-1.0367, 3.1415,-0.4051, 6.8828,-4.6799, 0.2976, 0.5428,0
 0.1149, 0.0000,-0.9644, 3.1415,-0.4508, 7.1570,-4.6799, 0.3079, 0.5435,0
 0.1101, 0.0000,-0.8890, 3.1415,-0.4782, 7.4632,-4.6799, 0.3273, 0.5443,0
 0.1046, 0.0000,-0.8105, 3.1415,-0.5322, 7.7758,-4.6799, 0.3516, 0.5450,0
 0.0986, 0.0000,-0.7288, 3.1415,-0.5854, 8.0896,-4.6799, 0.3805, 0.5457,0
 0.0921, 0.0000,-0.6408, 3.1415,-0.6385, 8.6551,-4.6799, 0.4731, 0.5464,0
 0.0853, 0.0000,-0.5529, 3.1415,-0.6734, 8.7681,-4.6799, 0.4652, 0.5471,0
 0.0780, 0.0000,-0.4618, 3.1415,-0.7167, 9.0421,-4.6799, 0.5017, 0.5479,0
 0.0702, 0.0000,-0.3675, 3.1415,-0.7678, 9.3482, 4.6799, 0.5533, 0.5486,0
 0.0633, 0.0000,-0.2733, 3.1415,-0.7053, 9.4094, 4.6799, 0.5480, 0.5493,0
 0.0557, 0.0000,-0.1759, 3.1415,-0.7474, 9.6730, 4.6799, 0.6029, 0.5500,0
 0.0484, 0.0000,-0.0816, 3.1415,-0.7376, 9.4744,-3.8481, 0.5410, 0.5507,0
 0.0410, 0.0000, 0.0125, 3.1415,-0.7356, 9.4347,-4.6799, 0.5281, 0.5514,0
 0.0335, 0.0000, 0.1068, 3.1415,-0.7474, 9.4267,-4.6799, 0.5300, 0.5522,0
 0.0266, 0.0000, 0.2010, 3.1415,-0.7012, 9.4251,-4.6799, 0.5400, 0.5529,0
 0.0194, 0.0000, 0.2921, 3.1415,-0.7162, 9.1735,-4.6799, 0.4904, 0.5536,0
 0.0122, 0.0000, 0.3864, 3.1415,-0.7253, 9.3745, 4.6799, 0.5652, 0.5543,0
 0.0061, 0.0000, 0.4775, 3.1415,-0.6301, 9.1633,-4.6799, 0.5377, 0.5550,0
-0.0005, 0.0000, 0.5654, 3.1415,-0.6596, 8.8698,-4.6799, 0.4951, 0.5558,0
-0.0068, 0.0000, 0.6503, 3.1415,-0.6412, 8.5598,-4.6799, 0.4542, 0.5565,0
-0.0125, 0.0000, 0.7319, 3.1415,-0.5769, 8.2464,-4.6799, 0.4179, 0.5572,0
-0.0187, 0.0000, 0.8136, 3.1415,-0.6186, 8.1838,-4.6799, 0.4444, 0.5579,0
-0.0239, 0.0000, 0.8922, 3.1415,-0.5360, 7.9199,-4.6799, 0.4274, 0.5586,0
-0.0294, 0.0000, 0.9676, 3.1415,-0.5498, 7.6158,-4.6799, 0.4046, 0.5593,0
-0.0348, 0.0000, 1.0398, 3.1415,-0.5404, 7.3036,-4.6799, 0.3832, 0.5601,0
-0.0397, 0.0000, 1.1089, 3.1415,-0.4961, 6.9899,-4.6799, 0.3640, 0.5608,0
-0.0449, 0.0000, 1.1780, 3.1415,-0.5176, 6.9271,-4.6799, 0.3970, 0.5615,0
-0.0496, 0.0000, 1.2409, 3.1415,-0.4794, 6.4119,-4.6799, 0.3429, 0.5622,0
-0.0542, 0.0000, 1.3006, 3.1415,-0.4657, 6.0576,-4.6799, 0.3220, 0.5629,0
-0.0592, 0.0000, 1.3603, 3.1415,-0.4933, 5.9867,-4.6799, 0.3517, 0.5637,0
-0.0636, 0.0000, 1.4168, 3.1415,-0.4503, 5.7212,-4.6799, 0.3481, 0.5644,0
-0.0683, 0.0000, 1.4671, 3.1415,-0.4659, 5.1654,-4.6799, 0.2992, 0.5651,0
-0.0729, 0.0000, 1.5173, 3.1415,-0.4570, 5.0543, 1.0170, 0.3193, 0.5658,0
-0.0769, 0.0000, 1.5613, 3.1415,-0.4127, 4.5294, 4.6799, 0.2804, 0.5665,0
-0.0807, 0.0000, 1.6053, 3.1415,-0.3857, 4.4244, 4.6799, 0.2988, 0.5672,0
-0.0843, 0.0000, 1.6461, 3.1415,-0.3681, 4.1521, 4.6799, 0.2954, 0.5680,0
-0.0873, 0.0000, 1.6838, 3.1415,-0.3161, 3.8463, 4.6799, 0.2881, 0.5687,0
-0.0904, 0.0000, 1.7184, 3.1415,-0.3057, 3.5338, 4.6799, 0.2804, 0.5694,0
-0.0921, 0.0000, 1.7498, 3.1415,-0.2006, 3.2200, 4.6799, 0.2730, 0.5701,0
-0.0943, 0.0000, 1.7781, 3.1415,-0.2159, 2.9059, 4.6799, 0.2660, 0.5708,0
-0.0954, 0.0000, 1.8032, 3.1415,-0.1341, 2.5918, 4.6799, 0.2594, 0.5716,0
-0.0966, 0.0000, 1.8284, 3.1415,-0.1177, 2.5289, 4.6799, 0.2724, 0.5723,0
-0.0971, 0.0000, 1.8472, 3.1415,-0.0659, 2.0137, 4.6799, 0.2527, 0.5730,0
-0.0973, 0.0000, 1.8661, 3.1415,-0.0313, 1.9107, 4.6799, 0.2601, 0.5737,0
-0.0973, 0.0000, 1.8818, 3.1415,-0.0002, 1.6387, 4.6799, 0.2573, 0.5744,0
-0.0971, 0.0000, 1.8943, 3.1415, 0.0120, 1.3330, 4.6799, 0.2532, 0.5751,0
-0.0967, 0.0000, 1.9069, 3.1415, 0.0387, 1.2719, 4.6799, 0.2595, 0.5759,0
-0.0958, 0.0000, 1.9132, 3.1415, 0.0744, 0.7570, 4.6799, 0.2491, 0.5766,0
-0.0951, 0.0000, 1.9195, 3.1415, 0.0694, 0.6540, 4.6799, 0.2513, 0.5773,0
-0.0940, 0.0000, 1.9195, 3.1415, 0.1048, 0.1308, 4.6799, 0.2456, 0.5780,0
-0.0929, 0.0000, 1.9195, 3.1415, 0.1119, 0.0261, 4.6799, 0.2453, 0.5787,0
-0.0915, 0.0000, 1.9195, 3.1415, 0.1315, 0.0052, 4.6799, 0.2453, 0.5795,0
-0.0900, 0.0000, 1.9132, 3.1415, 0.1475,-0.5016, 1.4759, 0.2446, 0.5802,0
-0.0882, 0.0000, 1.9038, 3.1415, 0.1750,-0.8543,-2.2852, 0.2449, 0.5809,0
-0.0868, 0.0000, 1.8912, 3.1415, 0.1441,-1.1761,-4.6799, 0.2455, 0.5816,0
-0.0858, 0.0000, 1.8786, 3.1415, 0.1076,-1.2405,-4.6799, 0.2391, 0.5823,0
-0.0847, 0.0000, 1.8598, 3.1415, 0.1124,-1.7560,-4.6799, 0.2478, 0.5830,0
-0.0841, 0.0000, 1.8409, 3.1415, 0.0710,-1.8591,-4.6799, 0.2400, 0.5838,0
-0.0837, 0.0000, 1.8158, 3.1415, 0.0445,-2.3824,-4.6799, 0.2536, 0.5845,0
-0.0837, 0.0000, 1.7907, 3.1415, 0.0089,-2.4871,-4.6799, 0.2432, 0.5852,0
-0.0839, 0.0000, 1.7592, 3.1415,-0.0103,-3.0106,-4.6799, 0.2614, 0.5859,0
-0.0842, 0.0000, 1.7278, 3.1415,-0.0323,-3.1154,-4.6799, 0.2482, 0.5866,0
-0.0848, 0.0000, 1.6901, 3.1415,-0.0549,-3.6390,-4.6799, 0.2709, 0.5874,0
-0.0856, 0.0000, 1.6524, 3.1415,-0.0716,-3.7437,-3.3417, 0.2548, 0.5881,0
-0.0864, 0.0000, 1.6084, 3.1415,-0.0810,-4.2673, 0.6868, 0.2820, 0.5888,0
-0.0867, 0.0000, 1.5645, 3.1415,-0.0343,-4.3720, 4.6799, 0.2630, 0.5895,0
-0.0871, 0.0000, 1.5173, 3.1415,-0.0432,-4.6443, 4.6799, 0.2636, 0.5902,0
-0.0871, 0.0000, 1.4639, 3.1415,-0.0086,-5.2014, 4.6799, 0.3022, 0.5909,0
-0.0867, 0.0000, 1.4105, 3.1415, 0.0285,-5.3128, 4.6799, 0.2806, 0.5917,0
-0.0860, 0.0000, 1.3540, 3.1415, 0.0663,-5.5864, 4.6799, 0.2824, 0.5924,0
-0.0848, 0.0000, 1.2911, 3.1415, 0.1102,-6.1438, 4.6799, 0.3302, 0.5931,0
-0.0832, 0.0000, 1.2283, 3.1415, 0.1433,-6.2553, 4.6799, 0.3066, 0.5938,0
-0.0813, 0.0000, 1.1592, 3.1415, 0.1863,-6.7802, 4.6799, 0.3563, 0.5945,0
-0.0789, 0.0000, 1.0901, 3.1415, 0.2252,-6.8852, 4.6799, 0.3316, 0.5953,0
-0.0760, 0.0000, 1.0147, 3.1415, 0.2754,-7.4089, 4.6799, 0.3894, 0.5960,0
-0.0728, 0.0000, 0.9393, 3.1415, 0.3158,-7.5136, 4.6799, 0.3664, 0.5967,0
-0.0690, 0.0000, 0.8576, 3.1415, 0.3663,-8.0372, 4.6799, 0.4345, 0.5974,0
-0.0647, 0.0000, 0.7728, 3.1415, 0.4188,-8.3932, 4.6799, 0.4721, 0.5981,0
-0.0600, 0.0000, 0.6880, 3.1415, 0.4597,-8.4645, 4.6799, 0.4483, 0.5988,0
-0.0547, 0.0000, 0.5969, 3.1415, 0.5163,-8.9813, 4.6799, 0.5353, 0.5996,0
-0.0488, 0.0000, 0.5026, 3.1415, 0.5701,-9.3360,-4.6799, 0.5910, 0.6003,0
-0.0435, 0.0000, 0.4084, 3.1415, 0.5445,-9.4070, 4.6799, 0.5798, 0.6010,0
-0.0367, 0.0000, 0.3110, 3.1415, 0.6485,-9.6725,-4.6799, 0.6261, 0.6017,0
-0.0311, 0.0000, 0.2136, 3.1415, 0.5783,-9.7256,-4.6799, 0.6224, 0.6024,0
-0.0250, 0.0000, 0.1162, 3.1415, 0.6007,-9.7362,-4.6799, 0.6138, 0.6032,0
-0.0195, 0.0000, 0.0188, 3.1415, 0.5627,-9.7384,-4.6799, 0.6097, 0.6039,0
-0.0144, 0.0000,-0.0785, 3.1415, 0.5248,-9.7388,-4.6799, 0.6119, 0.6046,0
-0.0097, 0.0000,-0.1727, 3.1415, 0.4748,-9.4875, 4.6799, 0.5528, 0.6053,0
-0.0049, 0.0000,-0.2638, 3.1415, 0.4830,-9.1860, 4.6799, 0.4881, 0.6060,0
-0.0005, 0.0000,-0.3549, 3.1415, 0.4482,-9.1256, 4.6799, 0.4925, 0.6067,0
 0.0037, 0.0000,-0.4461, 3.1415, 0.4292,-9.1136, 4.6799, 0.5150, 0.6075,0
 0.0079, 0.0000,-0.5340, 3.1415, 0.4253,-8.8598, 4.6799, 0.4808, 0.6082,0
 0.0121, 0.0000,-0.6220, 3.1415, 0.4185,-8.8091, 4.6799, 0.5028, 0.6089,0
 0.0159, 0.0000,-0.7068, 3.1415, 0.3929,-8.5476, 4.6799, 0.4768, 0.6096,0
 0.0198, 0.0000,-0.7885, 3.1415, 0.3878,-8.2440, 4.6799, 0.4453, 0.6103,0
 0.0233, 0.0000,-0.8702, 3.1415, 0.3564,-8.1833, 4.6799, 0.4746, 0.6111,0
 0.0269, 0.0000,-0.9456, 3.1415, 0.3562,-7.6685, 4.6799, 0.4030, 0.6118,0
 0.0302, 0.0000,-1.0210, 3.1415, 0.3380,-7.5655, 4.6799, 0.4261, 0.6125,0
 0.0333, 0.0000,-1.0932, 3.1415, 0.3162,-7.2936, 4.6799, 0.4147, 0.6132,0
 0.0365, 0.0000,-1.1623, 3.1415, 0.3179,-6.9879, 4.6799, 0.3984, 0.6139,0
 0.0396, 0.0000,-1.2283, 3.1415, 0.3121,-6.6754, 4.6799, 0.3827, 0.6146,0
 0.0425, 0.0000,-1.2911, 3.1415, 0.2989,-6.3616, 4.6799, 0.3684, 0.6154,0
 0.0456, 0.0000,-1.3508, 3.1415, 0.3023,-6.0475, 4.6799, 0.3553, 0.6161,0
 0.0485, 0.0000,-1.4074, 3.1415, 0.2969,-5.7334, 4.6799, 0.3434, 0.6168,0
 0.0514, 0.0000,-1.4639, 3.1415, 0.2897,-5.6705, 4.6799, 0.3736, 0.6175,0
 0.0544, 0.0000,-1.5142, 3.1415, 0.3004,-5.1553, 3.4975, 0.3315, 0.6182,0
 0.0575, 0.0000,-1.5613, 3.1415, 0.3026,-4.8009,-3.1305, 0.3159, 0.6190,0
 0.0595, 0.0000,-1.6084, 3.1415, 0.2242,-4.7301,-4.6799, 0.3403, 0.6197,0
 0.0619, 0.0000,-1.6493, 3.1415, 0.2328,-4.2132,-4.6799, 0.3048, 0.6204,0
 0.0640, 0.0000,-1.6901, 3.1415, 0.2163,-4.1099,-4.6799, 0.3220, 0.6211,0
 0.0655, 0.0000,-1.7247, 3.1415, 0.1645,-3.5865,-4.6799, 0.2901, 0.6218,0
 0.0667, 0.0000,-1.7592, 3.1415, 0.1299,-3.4819,-4.6799, 0.3042, 0.6225,0
 0.0678, 0.0000,-1.7907, 3.1415, 0.1108,-3.2096,-4.6799, 0.3008, 0.6233,0
 0.0682, 0.0000,-1.8189, 3.1415, 0.0524,-2.9038,-4.6799, 0.2944, 0.6240,0
 0.0685, 0.0000,-1.8441, 3.1415, 0.0347,-2.5913,-4.6799, 0.2878, 0.6247,0
 0.0684, 0.0000,-1.8661, 3.1415, 0.0008,-2.2775,-4.6799, 0.2816, 0.6254,0
 0.0680, 0.0000,-1.8880, 3.1415,-0.0301,-2.2148,-4.6799, 0.2927, 0.6261,0
 0.0674, 0.0000,-1.9069, 3.1415,-0.0545,-1.9509,-4.6799, 0.2901, 0.6269,0
 0.0670, 0.0000,-1.9195, 3.1415,-0.0472,-1.3955,-4.6799, 0.2726, 0.6276,0
 0.0661, 0.0000,-1.9320, 3.1415,-0.0761,-1.2844,-4.6799, 0.2769, 0.6283,0
 0.0648, 0.0000,-1.9415, 3.1415,-0.1183,-1.0108,-4.6799, 0.2744, 0.6290,0
 0.0638, 0.0000,-1.9477, 3.1415,-0.1085,-0.7048,-4.6799, 0.2713, 0.6297,0
 0.0625, 0.0000,-1.9540, 3.1415,-0.1247,-0.6436,-4.6799, 0.2743, 0.6304,0
 0.0610, 0.0000,-1.9540, 3.1415,-0.1401,-0.1287,-4.6799, 0.2687, 0.6312,0
 0.0593, 0.0000,-1.9540, 3.1415,-0.1674,-0.0257,-3.3122, 0.2685, 0.6319,0
 0.0576, 0.0000,-1.9509, 3.1415,-0.1668, 0.2461,-0.5013, 0.2672, 0.6326,0
 0.0557, 0.0000,-1.9446, 3.1415,-0.1849, 0.5518, 3.0170, 0.2665, 0.6333,0
 0.0546, 0.0000,-1.9352, 3.1415,-0.1279, 0.8643, 4.6799, 0.2663, 0.6340,0
 0.0531, 0.0000,-1.9257, 3.1415,-0.1468, 0.9268, 4.6799, 0.2616, 0.6348,0
 0.0519, 0.0000,-1.9100, 3.1415,-0.1203, 1.4420, 4.6799, 0.2681, 0.6355,0
 0.0513, 0.0000,-1.8912, 3.1415,-0.0725, 1.7963, 4.6799, 0.2713, 0.6362,0
 0.0510, 0.0000,-1.8692, 3.1415,-0.0448, 2.1185, 4.6799, 0.2739, 0.6369,0
 0.0510, 0.0000,-1.8441, 3.1415,-0.0029, 2.4343, 4.6799, 0.2767, 0.6376,0
 0.0513, 0.0000,-1.8158, 3.1415, 0.0236, 2.7488, 4.6799, 0.2799, 0.6383,0
 0.0519, 0.0000,-1.7844, 3.1415, 0.0471, 3.0630, 4.6799, 0.2835, 0.6391,0
 0.0525, 0.0000,-1.7498, 3.1415, 0.0579, 3.3772, 4.6799, 0.2875, 0.6398,0
 0.0533, 0.0000,-1.7121, 3.1415, 0.0782, 3.6913, 4.6799, 0.2919, 0.6405,0
 0.0543, 0.0000,-1.6713, 3.1415, 0.0944, 4.0055, 4.6799, 0.2966, 0.6412,0
 0.0552, 0.0000,-1.6273, 3.1415, 0.0916, 4.3196, 4.1303, 0.3018, 0.6419,0
 0.0564, 0.0000,-1.5802, 3.1415, 0.1153, 4.6338,-1.3401, 0.3073, 0.6426,0
 0.0569, 0.0000,-1.5299, 3.1415, 0.0594, 4.9480,-4.6799, 0.3134, 0.6434,0
 0.0575, 0.0000,-1.4796, 3.1415, 0.0603, 5.0108,-4.6799, 0.2861, 0.6441,0
 0.0576, 0.0000,-1.4231, 3.1415, 0.0181, 5.5260,-4.6799, 0.3218, 0.6448,0
 0.0572, 0.0000,-1.3634, 3.1415,-0.0206, 5.8804,-4.6799, 0.3362, 0.6455,0
 0.0565, 0.0000,-1.3006, 3.1415,-0.0647, 6.2026,-4.6799, 0.3469, 0.6462,0
 0.0551, 0.0000,-1.2346, 3.1415,-0.1220, 6.5183,-4.6799, 0.3579, 0.6470,0
 0.0534, 0.0000,-1.1655, 3.1415,-0.1638, 6.8328,-4.6799, 0.3705, 0.6477,0
 0.0511, 0.0000,-1.0932, 3.1415,-0.2146, 7.1471,-4.6799, 0.3851, 0.6484,0
 0.0484, 0.0000,-1.0178, 3.1415,-0.2612, 7.4612,-4.6799, 0.4022, 0.6491,0
 0.0451, 0.0000,-0.9393, 3.1415,-0.3129, 7.7754,-4.6799, 0.4224, 0.6498,0
 0.0413, 0.0000,-0.8576, 3.1415,-0.3657, 8.0896,-4.6799, 0.4463, 0.6505,0
 0.0370, 0.0000,-0.7696, 3.1415,-0.4187, 8.6550,-4.6799, 0.5330, 0.6513,0
 0.0322, 0.0000,-0.6817, 3.1415,-0.4657, 8.7681,-4.6799, 0.5187, 0.6520,0
 0.0269, 0.0000,-0.5906, 3.1415,-0.5175, 9.0421,-4.6799, 0.5481, 0.6527,0
 0.0210, 0.0000,-0.4963, 3.1415,-0.5764, 9.3482,-4.6799, 0.5920, 0.6534,0
 0.0147, 0.0000,-0.3958, 3.1415,-0.6185, 9.9121, 4.6799, 0.7129, 0.6541,0
 0.0091, 0.0000,-0.2984, 3.1415,-0.5723, 9.7735, 4.6799, 0.6509, 0.6549,0
 0.0029, 0.0000,-0.1979, 3.1415,-0.6116, 9.9971, 4.6799, 0.6951, 0.6556,0
-0.0029, 0.0000,-0.0973, 3.1415,-0.5952, 10.0419, 4.6799, 0.6970, 0.6563,0
-0.0084, 0.0000, 0.0000, 3.1415,-0.5616, 9.7995,-4.6799, 0.6263, 0.6570,0
-0.0145, 0.0000, 0.0973, 3.1415,-0.5974, 9.7510,-4.6799, 0.6164, 0.6577,0
-0.0197, 0.0000, 0.1947, 3.1415,-0.5378, 9.7413,-4.6799, 0.6240, 0.6584,0
-0.0249, 0.0000, 0.2921, 3.1415,-0.5198, 9.7394,-4.6799, 0.6403, 0.6592,0
-0.0303, 0.0000, 0.3864, 3.1415,-0.5344, 9.4877,-4.6799, 0.5950, 0.6599,0
-0.0356, 0.0000, 0.4806, 3.1415,-0.5373, 9.4373,-4.6799, 0.6101, 0.6606,0
-0.0408, 0.0000, 0.5749, 3.1415,-0.5197, 9.4272,-4.6799, 0.6415, 0.6613,0
-0.0458, 0.0000, 0.6660, 3.1415,-0.5041, 9.1739,-4.6799, 0.6136, 0.6620,0
-0.0507, 0.0000, 0.7539, 3.1415,-0.4888, 8.8719,-4.6799, 0.5784, 0.6628,0
-0.0553, 0.0000, 0.8388, 3.1415,-0.4676, 8.5602,-4.6799, 0.5459, 0.6635,0
-0.0597, 0.0000, 0.9236, 3.1415,-0.4452, 8.4978,-4.6799, 0.5780, 0.6642,0
-0.0641, 0.0000, 1.0053, 3.1415,-0.4467, 8.2340,-4.6799, 0.5644, 0.6649,0
-0.0683, 0.0000, 1.0807, 3.1415,-0.4228, 7.6786,-4.6799, 0.4874, 0.6656,0
-0.0723, 0.0000, 1.1561, 3.1415,-0.4059, 7.5675,-4.6799, 0.5124, 0.6663,0
-0.0763, 0.0000, 1.2283, 3.1415,-0.3964, 7.2940,-4.6799, 0.5037, 0.6671,0
-0.0801, 0.0000, 1.2974, 3.1415,-0.3824, 6.9880,-4.6799, 0.4898, 0.6678,0
-0.0839, 0.0000, 1.3634, 3.1415,-0.3796, 6.6754,-4.6799, 0.4760, 0.6685,0
-0.0876, 0.0000, 1.4262, 3.1415,-0.3730, 6.3616,-4.6799, 0.4631, 0.6692,0
-0.0912, 0.0000, 1.4859, 3.1415,-0.3656, 6.0475,-3.8735, 0.4511, 0.6699,0
-0.0948, 0.0000, 1.5456, 3.1415,-0.3641, 5.9847, 3.6253, 0.4833, 0.6707,0
-0.0976, 0.0000, 1.5990, 3.1415,-0.2911, 5.4695, 4.6799, 0.4391, 0.6714,0
-0.1005, 0.0000, 1.6493, 3.1415,-0.2946, 5.1151, 4.6799, 0.4226, 0.6721,0
-0.1030, 0.0000, 1.6996, 3.1415,-0.2590, 5.0442, 4.6799, 0.4484, 0.6728,0
-0.1051, 0.0000, 1.7435, 3.1415,-0.2155, 4.5274, 4.6799, 0.4104, 0.6735,0
-0.1067, 0.0000, 1.7875, 3.1415,-0.1704, 4.4240, 4.6799, 0.4284, 0.6742,0
-0.1079, 0.0000, 1.8252, 3.1415,-0.1311, 3.9007, 4.6799, 0.3937, 0.6750,0
-0.1086, 0.0000, 1.8629, 3.1415,-0.0868, 3.7960, 4.6799, 0.4085, 0.6757,0
-0.1091, 0.0000, 1.8975, 3.1415,-0.0537, 3.5238, 4.6799, 0.4043, 0.6764,0
-0.1091, 0.0000, 1.9320, 3.1415,-0.0107, 3.4693, 4.6799, 0.4223, 0.6771,0
-0.1089, 0.0000, 1.9603, 3.1415, 0.0099, 2.9558, 4.6799, 0.3950, 0.6778,0
-0.1085, 0.0000, 1.9886, 3.1415, 0.0383, 2.8531, 4.6799, 0.4053, 0.6786,0
-0.1078, 0.0000, 2.0137, 3.1415, 0.0622, 2.5812, 4.6799, 0.4010, 0.6793,0
-0.1069, 0.0000, 2.0357, 3.1415, 0.0852, 2.2755, 4.6799, 0.3944, 0.6800,0
-0.1058, 0.0000, 2.0546, 3.1415, 0.1079, 1.9630, 4.6799, 0.3879, 0.6807,0
-0.1045, 0.0000, 2.0734, 3.1415, 0.1246, 1.9005, 4.6799, 0.3965, 0.6814,0
-0.1030, 0.0000, 2.0891, 3.1415, 0.1401, 1.6367, 4.6799, 0.3932, 0.6821,0
-0.1016, 0.0000, 2.1017, 3.1415, 0.1432, 1.3326, 4.6799, 0.3884, 0.6829,0
-0.1000, 0.0000, 2.1111, 3.1415, 0.1559, 1.0205, 4.6799, 0.3839, 0.6836,0
-0.0983, 0.0000, 2.1174, 3.1415, 0.1706, 0.7067, 4.6799, 0.3802, 0.6843,0
-0.0964, 0.0000, 2.1237, 3.1415, 0.1857, 0.6439, 4.6799, 0.3829, 0.6850,0
-0.0945, 0.0000, 2.1268, 3.1415, 0.1887, 0.3801, 4.6799, 0.3810, 0.6857,0
-0.0923, 0.0000, 2.1268, 3.1415, 0.2075, 0.0760, 4.6799, 0.3791, 0.6865,0
-0.0901, 0.0000, 2.1268, 3.1415, 0.2234, 0.0152, 4.6545, 0.3790, 0.6872,0
-0.0876, 0.0000, 2.1205, 3.1415, 0.2387,-0.4996,-0.6072, 0.3786, 0.6879,0
-0.0857, 0.0000, 2.1142, 3.1415, 0.2053,-0.6025,-3.3697, 0.3764, 0.6886,0
-0.0840, 0.0000, 2.1048, 3.1415, 0.1744,-0.8744,-4.6799, 0.3762, 0.6893,0
-0.0822, 0.0000, 2.0923, 3.1415, 0.1804,-1.1802,-4.6799, 0.3772, 0.6900,0
-0.0809, 0.0000, 2.0765, 3.1415, 0.1391,-1.4926,-4.6799, 0.3791, 0.6908,0
-0.0799, 0.0000, 2.0577, 3.1415, 0.1066,-1.8065,-4.6799, 0.3817, 0.6915,0
-0.0795, 0.0000, 2.0357, 3.1415, 0.0516,-2.1206,-4.6799, 0.3849, 0.6922,0
-0.0794, 0.0000, 2.0106, 3.1415, 0.0224,-2.4347,-4.6799, 0.3887, 0.6929,0
-0.0797, 0.0000, 1.9823, 3.1415,-0.0197,-2.7488,-4.6799, 0.3930, 0.6936,0
-0.0803, 0.0000, 1.9509, 3.1415,-0.0524,-3.0630,-4.6799, 0.3977, 0.6944,0
-0.0810, 0.0000, 1.9132, 3.1415,-0.0711,-3.6285,-4.6799, 0.4254, 0.6951,0
-0.0822, 0.0000, 1.8755, 3.1415,-0.1051,-3.7416,-4.6799, 0.4114, 0.6958,0
-0.0835, 0.0000, 1.8346, 3.1415,-0.1241,-4.0155,-4.6799, 0.4130, 0.6965,0
-0.0849, 0.0000, 1.7907, 3.1415,-0.1400,-4.3216,-4.6799, 0.4181, 0.6972,0
-0.0866, 0.0000, 1.7435, 3.1415,-0.1613,-4.6342,-4.6799, 0.4241, 0.6979,0
-0.0882, 0.0000, 1.6933, 3.1415,-0.1596,-4.9481,-4.6799, 0.4305, 0.6987,0
-0.0898, 0.0000, 1.6399, 3.1415,-0.1653,-5.2621,-3.0448, 0.4372, 0.6994,0
-0.0917, 0.0000, 1.5833, 3.1415,-0.1785,-5.5763, 2.9940, 0.4443, 0.7001,0
-0.0925, 0.0000, 1.5236, 3.1415,-0.1024,-5.8904, 4.6799, 0.4519, 0.7008,0
-0.0935, 0.0000, 1.4608, 3.1415,-0.0993,-6.2046, 4.6799, 0.4601, 0.7015,0
-0.0939, 0.0000, 1.3948, 3.1415,-0.0501,-6.5188, 4.6799, 0.4692, 0.7023,0
-0.0937, 0.0000, 1.3257, 3.1415, 0.0020,-6.8329, 4.6799, 0.4794, 0.7030,0
-0.0931, 0.0000, 1.2534, 3.1415, 0.0489,-7.1471, 4.6799, 0.4910, 0.7037,0
-0.0918, 0.0000, 1.1780, 3.1415, 0.1128,-7.4612, 4.6799, 0.5045, 0.7044,0
-0.0899, 0.0000, 1.0995, 3.1415, 0.1741,-7.7754, 4.6799, 0.5203, 0.7051,0
-0.0875, 0.0000, 1.0178, 3.1415, 0.2288,-8.0895, 4.6799, 0.5390, 0.7058,0
-0.0845, 0.0000, 0.9299, 3.1415, 0.2822,-8.6550, 4.6799, 0.6193, 0.7066,0
-0.0813, 0.0000, 0.8419, 3.1415, 0.3171,-8.7681, 4.6799, 0.5980, 0.7073,0
-0.0774, 0.0000, 0.7476, 3.1415, 0.3726,-9.2934, 4.6799, 0.6826, 0.7080,0
-0.0729, 0.0000, 0.6503, 3.1415, 0.4322,-9.6498,-4.6799, 0.7321, 0.7087,0
-0.0685, 0.0000, 0.5529, 3.1415, 0.4441,-9.7211,-4.6799, 0.7119, 0.7094,0
-0.0638, 0.0000, 0.4523, 3.1415, 0.4647,-9.9867,-4.6799, 0.7504, 0.7102,0
-0.0588, 0.0000, 0.3518, 3.1415, 0.4870,-10.0398,-4.6799, 0.7370, 0.7109,0
-0.0544, 0.0000, 0.2481, 3.1415, 0.4490,-10.3017,-4.6799, 0.7896, 0.7116,0
-0.0501, 0.0000, 0.1476, 3.1415, 0.4354,-10.1028,-4.6799, 0.7186, 0.7123,0
-0.0463, 0.0000, 0.0471, 3.1415, 0.3963,-10.0630, 4.6799, 0.7004, 0.7130,0
-0.0417, 0.0000,-0.0534, 3.1415, 0.4430,-10.0550, 4.6799, 0.6983, 0.7137,0
-0.0378, 0.0000,-0.1539, 3.1415, 0.4039,-10.0534, 4.6799, 0.7054, 0.7145,0
-0.0337, 0.0000,-0.2544, 3.1415, 0.4082,-10.0531,-2.7370, 0.7199, 0.7152,0
-0.0306, 0.0000,-0.3549, 3.1415, 0.3302,-10.0531,-4.6799, 0.7415, 0.7159,0
-0.0275, 0.0000,-0.4523, 3.1415, 0.3085,-9.8017, 4.6799, 0.6991, 0.7166,0
-0.0241, 0.0000,-0.5466, 3.1415, 0.3345,-9.5001, 4.6799, 0.6500, 0.7173,0
-0.0216, 0.0000,-0.6377, 3.1415, 0.2730,-9.1885, 4.6799, 0.6050, 0.7181,0
-0.0194, 0.0000,-0.7257, 3.1415, 0.2243,-8.8748, 4.6799, 0.5655, 0.7188,0
-0.0171, 0.0000,-0.8136, 3.1415, 0.2328,-8.8121, 4.6799, 0.5939, 0.7195,0
-0.0147, 0.0000,-0.8984, 3.1415, 0.2345,-8.5482, 4.6799, 0.5758, 0.7202,0
-0.0129, 0.0000,-0.9801, 3.1415, 0.1924,-8.2441, 4.6799, 0.5516, 0.7209,0
-0.0112, 0.0000,-1.0587, 3.1415, 0.1779,-7.9320, 4.6799, 0.5289, 0.7216,0
-0.0097, 0.0000,-1.1372, 3.1415, 0.1507,-7.8695, 4.6799, 0.5653, 0.7224,0
-0.0079, 0.0000,-1.2095, 3.1415, 0.1756,-7.3544, 4.6799, 0.5034, 0.7231,0
-0.0064, 0.0000,-1.2817, 3.1415, 0.1564,-7.2514, 4.6799, 0.5314, 0.7238,0
-0.0053, 0.0000,-1.3477, 3.1415, 0.1222,-6.7281, 4.6799, 0.4749, 0.7245,0
-0.0040, 0.0000,-1.4137, 3.1415, 0.1275,-6.6235, 4.6799, 0.5018, 0.7252,0
-0.0028, 0.0000,-1.4734, 3.1415, 0.1164,-6.0999, 4.6799, 0.4511, 0.7260,0
-0.0013, 0.0000,-1.5330, 3.1415, 0.1445,-5.9952, 4.6799, 0.4761, 0.7267,0
-0.0003, 0.0000,-1.5865, 3.1415, 0.1077,-5.4716, 0.1709, 0.4304, 0.7274,0
 0.0006, 0.0000,-1.6399, 3.1415, 0.1064,-5.3668,-4.6799, 0.4528, 0.7281,0
 0.0010, 0.0000,-1.6901, 3.1415, 0.0516,-5.0946,-4.6799, 0.4488, 0.7288,0
 0.0017, 0.0000,-1.7373, 3.1415, 0.0648,-4.7888,-4.6799, 0.4400, 0.7295,0
 0.0018, 0.0000,-1.7812, 3.1415, 0.0251,-4.4763,-4.6799, 0.4305, 0.7303,0
 0.0017, 0.0000,-1.8221, 3.1415,-0.0071,-4.1625,-4.6799, 0.4211, 0.7310,0
 0.0012, 0.0000,-1.8598, 3.1415,-0.0438,-3.8484,-4.6799, 0.4120, 0.7317,0
 0.0003, 0.0000,-1.8943, 3.1415,-0.0815,-3.5342,-4.6799, 0.4032, 0.7324,0
-0.0007, 0.0000,-1.9289, 3.1415,-0.1011,-3.4714,-4.6799, 0.4204, 0.7331,0
-0.0020, 0.0000,-1.9603, 3.1415,-0.1233,-3.2075,-4.6799, 0.4167, 0.7339,0
-0.0037, 0.0000,-1.9886, 3.1415,-0.1580,-2.9034,-4.6799, 0.4094, 0.7346,0
-0.0054, 0.0000,-2.0137, 3.1415,-0.1710,-2.5912,-4.6799, 0.4017, 0.7353,0
-0.0073, 0.0000,-2.0357, 3.1415,-0.1857,-2.2775,-4.6799, 0.3946, 0.7360,0
-0.0094, 0.0000,-2.0577, 3.1415,-0.2069,-2.2148,-4.6799, 0.4046, 0.7367,0
-0.0116, 0.0000,-2.0734, 3.1415,-0.2172,-1.6996,-4.6799, 0.3863, 0.7374,0
-0.0140, 0.0000,-2.0891, 3.1415,-0.2314,-1.5965,-4.6799, 0.3914, 0.7382,0
-0.0165, 0.0000,-2.1048, 3.1415,-0.2463,-1.5759,-4.6799, 0.4003, 0.7389,0
-0.0190, 0.0000,-2.1142, 3.1415,-0.2554,-1.0691,-4.6799, 0.3873, 0.7396,0
-0.0218, 0.0000,-2.1237, 3.1415,-0.2693,-0.9678,-4.6799, 0.3902, 0.7403,0
-0.0248, 0.0000,-2.1299, 3.1415,-0.2964,-0.6962,-4.6799, 0.3877, 0.7410,0
-0.0278, 0.0000,-2.1331, 3.1415,-0.3018,-0.3905,-2.9771, 0.3850, 0.7417,0
-0.0309, 0.0000,-2.1362, 3.1415,-0.3089,-0.3294,-0.6223, 0.3862, 0.7425,0
-0.0341, 0.0000,-2.1362, 3.1415,-0.3164,-0.0658, 3.0381, 0.3848, 0.7432,0
-0.0362, 0.0000,-2.1299, 3.1415,-0.2270, 0.4894, 4.6799, 0.3843, 0.7439,0
-0.0389, 0.0000,-2.1237, 3.1415,-0.2636, 0.6005, 4.6799, 0.3821, 0.7446,0
-0.0410, 0.0000,-2.1142, 3.1415,-0.2164, 0.8740, 4.6799, 0.3820, 0.7453,0
-0.0426, 0.0000,-2.1017, 3.1415,-0.1766, 1.1801, 4.6799, 0.3830, 0.7461,0
-0.0439, 0.0000,-2.0828, 3.1415,-0.1384, 1.7439, 4.6799, 0.3944, 0.7468,0
-0.0447, 0.0000,-2.0640, 3.1415,-0.0883, 1.8567, 4.6799, 0.3882, 0.7475,0
-0.0450, 0.0000,-2.0388, 3.1415,-0.0479, 2.3819, 4.6799, 0.4034, 0.7482,0
-0.0451, 0.0000,-2.0137, 3.1415,-0.0156, 2.4870, 4.6799, 0.3943, 0.7489,0
-0.0449, 0.0000,-1.9823, 3.1415, 0.0150, 3.0106, 4.6799, 0.4141, 0.7496,0
-0.0444, 0.0000,-1.9509, 3.1415, 0.0454, 3.1154, 4.6799, 0.4023, 0.7504,0
-0.0437, 0.0000,-1.9132, 3.1415, 0.0636, 3.6390, 4.6799, 0.4265, 0.7511,0
-0.0428, 0.0000,-1.8755, 3.1415, 0.0794, 3.7437, 4.6799, 0.4116, 0.7518,0
-0.0419, 0.0000,-1.8346, 3.1415, 0.0947, 4.0160, 4.6799, 0.4131, 0.7525,0
-0.0407, 0.0000,-1.7875, 3.1415, 0.1098, 4.5731, 4.6799, 0.4472, 0.7532,0
-0.0394, 0.0000,-1.7404, 3.1415, 0.1250, 4.6845, 4.6799, 0.4284, 0.7540,0
-0.0381, 0.0000,-1.6901, 3.1415, 0.1280, 4.9581, 4.6799, 0.4296, 0.7547,0
-0.0366, 0.0000,-1.6367, 3.1415, 0.1468, 5.2641, 4.6799, 0.4353, 0.7554,0
-0.0351, 0.0000,-1.5802, 3.1415, 0.1506, 5.5767, 4.6799, 0.4421, 0.7561,0
-0.0335, 0.0000,-1.5205, 3.1415, 0.1574, 5.8905,-2.6902, 0.4497, 0.7568,0
-0.0329, 0.0000,-1.4576, 3.1415, 0.0799, 6.2046,-4.6799, 0.4579, 0.7575,0
-0.0322, 0.0000,-1.3917, 3.1415, 0.0705, 6.5188,-4.6799, 0.4670, 0.7583,0
-0.0317, 0.0000,-1.3194, 3.1415, 0.0565, 7.0842,-4.6799, 0.5240, 0.7590,0
-0.0319, 0.0000,-1.2472, 3.1415,-0.0068, 7.1973,-4.6799, 0.4969, 0.7597,0
-0.0324, 0.0000,-1.1718, 3.1415,-0.0377, 7.4713,-4.6799, 0.5025, 0.7604,0
-0.0337, 0.0000,-1.0932, 3.1415,-0.1106, 7.7774,-4.6799, 0.5168, 0.7611,0
-0.0357, 0.0000,-1.0084, 3.1415,-0.1858, 8.3413,-4.6799, 0.5912, 0.7619,0
-0.0378, 0.0000,-0.9204, 3.1415,-0.2069, 8.7054,-4.6799, 0.6262, 0.7626,0
-0.0407, 0.0000,-0.8325, 3.1415,-0.2717, 8.7782,-4.6799, 0.5955, 0.7633,0
-0.0445, 0.0000,-0.7382, 3.1415,-0.3575, 9.2954,-4.6799, 0.6785, 0.7640,0
-0.0485, 0.0000,-0.6408, 3.1415,-0.3868, 9.6502,-4.6799, 0.7281, 0.7647,0
-0.0529, 0.0000,-0.5403, 3.1415,-0.4350, 9.9725, 4.6799, 0.7765, 0.7654,0
-0.0569, 0.0000,-0.4398, 3.1415,-0.4023, 10.0369, 4.6799, 0.7606, 0.7662,0
-0.0618, 0.0000,-0.3361, 3.1415,-0.4745, 10.3012, 4.6799, 0.8077, 0.7669,0
-0.0664, 0.0000,-0.2324, 3.1415,-0.4647, 10.3540, 4.6799, 0.8021, 0.7676,0
-0.0707, 0.0000,-0.1288, 3.1415,-0.4385, 10.3646, 4.6799, 0.7918, 0.7683,0
-0.0745, 0.0000,-0.0251, 3.1415,-0.3848, 10.3667, 4.6799, 0.7867, 0.7690,0
-0.0778, 0.0000, 0.0753, 3.1415,-0.3437, 10.1158,-4.6799, 0.7165, 0.7698,0
-0.0817, 0.0000, 0.1759, 3.1415,-0.3840, 10.0656,-4.6799, 0.7114, 0.7705,0
-0.0850, 0.0000, 0.2733, 3.1415,-0.3375, 9.8042,-4.6799, 0.6542, 0.7712,0
-0.0881, 0.0000, 0.3738, 3.1415,-0.3161, 10.0033,-4.6799, 0.7324, 0.7719,0
-0.0912, 0.0000, 0.4712, 3.1415,-0.3118, 9.7918,-4.6799, 0.7024, 0.7726,0
-0.0942, 0.0000, 0.5654, 3.1415,-0.2988, 9.4981,-4.6799, 0.6567, 0.7733,0
-0.0970, 0.0000, 0.6597, 3.1415,-0.2901, 9.4394,-4.6799, 0.6800, 0.7741,0
-0.0998, 0.0000, 0.7508, 3.1415,-0.2763, 9.1763,-4.6799, 0.6538, 0.7748,0
-0.1021, 0.0000, 0.8419, 3.1415,-0.2432, 9.1237,-4.6799, 0.6871, 0.7755,0
-0.1046, 0.0000, 0.9267, 3.1415,-0.2487, 8.6105,-4.6799, 0.6068, 0.7762,0
-0.1069, 0.0000, 1.0115, 3.1415,-0.2316, 8.5079,-4.6799, 0.6324, 0.7769,0
-0.1089, 0.0000, 1.0901, 3.1415,-0.2039, 7.9847,-4.6799, 0.5605, 0.7777,0
-0.1107, 0.0000, 1.1686, 3.1415,-0.1863, 7.8801,-4.6799, 0.5883, 0.7784,0
-0.1123, 0.0000, 1.2440, 3.1415,-0.1645, 7.6078,-4.6799, 0.5798, 0.7791,0
-0.1140, 0.0000, 1.3163, 3.1415,-0.1723, 7.3021,-4.6799, 0.5657, 0.7798,0
-0.1156, 0.0000, 1.3854, 3.1415,-0.1618, 6.9896,-4.6799, 0.5516, 0.7805,0
-0.1170, 0.0000, 1.4514, 3.1415,-0.1475, 6.6757,-4.6799, 0.5384, 0.7812,0
-0.1186, 0.0000, 1.5142, 3.1415,-0.1568, 6.3617,-2.8375, 0.5260, 0.7820,0
-0.1202, 0.0000, 1.5739, 3.1415,-0.1586, 6.0475, 4.6799, 0.5142, 0.7827,0
-0.1211, 0.0000, 1.6304, 3.1415,-0.0984, 5.7334, 4.6799, 0.5030, 0.7834,0
-0.1218, 0.0000, 1.6838, 3.1415,-0.0803, 5.4192, 4.6799, 0.4921, 0.7841,0
-0.1222, 0.0000, 1.7341, 3.1415,-0.0463, 5.1050, 4.6799, 0.4816, 0.7848,0
-0.1222, 0.0000, 1.7812, 3.1415,-0.0092, 4.7909, 4.6799, 0.4713, 0.7856,0
-0.1221, 0.0000, 1.8284, 3.1415, 0.0102, 4.7281, 4.6799, 0.4959, 0.7863,0
-0.1214, 0.0000, 1.8723, 3.1415, 0.0505, 4.4642, 4.6799, 0.4923, 0.7870,0
-0.1205, 0.0000, 1.9100, 3.1415, 0.0828, 3.9087, 4.6799, 0.4528, 0.7877,0
-0.1195, 0.0000, 1.9477, 3.1415, 0.1014, 3.7976, 4.6799, 0.4662, 0.7884,0
-0.1184, 0.0000, 1.9823, 3.1415, 0.1051, 3.5241, 4.6799, 0.4611, 0.7891,0
-0.1171, 0.0000, 2.0169, 3.1415, 0.1241, 3.4694, 4.6799, 0.4783, 0.7899,0
-0.1155, 0.0000, 2.0451, 3.1415, 0.1521, 2.9558, 4.6799, 0.4503, 0.7906,0
-0.1139, 0.0000, 2.0734, 3.1415, 0.1577, 2.8531, 4.6799, 0.4599, 0.7913,0
-0.1121, 0.0000, 2.0985, 3.1415, 0.1770, 2.5812, 4.6799, 0.4549, 0.7920,0
-0.1098, 0.0000, 2.1205, 3.1415, 0.2173, 2.2755, 4.6799, 0.4476, 0.7927,0
-0.1076, 0.0000, 2.1425, 3.1415, 0.2253, 2.2143, 4.6799, 0.4572, 0.7935,0
-0.1052, 0.0000, 2.1614, 3.1415, 0.2330, 1.9508, 4.6799, 0.4531, 0.7942,0
-0.1027, 0.0000, 2.1771, 3.1415, 0.2466, 1.6468, 4.6799, 0.4471, 0.7949,0
-0.1001, 0.0000, 2.1896, 3.1415, 0.2554, 1.3346, 4.6799, 0.4415, 0.7956,0
-0.0974, 0.0000, 2.1991, 3.1415, 0.2693, 1.0209, 4.6799, 0.4366, 0.7963,0
-0.0945, 0.0000, 2.2085, 3.1415, 0.2842, 0.9581, 4.6799, 0.4403, 0.7970,0
-0.0917, 0.0000, 2.2148, 3.1415, 0.2812, 0.6942, 4.6799, 0.4379, 0.7978,0
-0.0887, 0.0000, 2.2211, 3.1415, 0.2987, 0.6415, 4.6799, 0.4405, 0.7985,0
-0.0855, 0.0000, 2.2242, 3.1415, 0.3144, 0.3796, 4.6799, 0.4385, 0.7992,0
-0.0823, 0.0000, 2.2242, 3.1415, 0.3175, 0.0759, 4.6799, 0.4366, 0.7999,0
-0.0791, 0.0000, 2.2211, 3.1415, 0.3242,-0.2361,-0.1381, 0.4355, 0.8006,0
-0.0761, 0.0000, 2.2179, 3.1415, 0.3013,-0.2985,-2.6143, 0.4342, 0.8014,0
-0.0734, 0.0000, 2.2085, 3.1415, 0.2785,-0.8137,-4.6799, 0.4368, 0.8021,0
-0.0709, 0.0000, 2.1991, 3.1415, 0.2557,-0.9167,-4.6799, 0.4338, 0.8028,0
-0.0688, 0.0000, 2.1834, 3.1415, 0.2209,-1.4399,-4.6799, 0.4419, 0.8035,0
-0.0671, 0.0000, 2.1676, 3.1415, 0.1775,-1.5446,-4.6799, 0.4370, 0.8042,0
-0.0659, 0.0000, 2.1488, 3.1415, 0.1325,-1.8168,-4.6799, 0.4385, 0.8049,0
-0.0649, 0.0000, 2.1237, 3.1415, 0.1053,-2.3740,-4.6799, 0.4560, 0.8057,0
-0.0643, 0.0000, 2.0985, 3.1415, 0.0695,-2.4854,-4.6799, 0.4481, 0.8064,0
-0.0641, 0.0000, 2.0671, 3.1415, 0.0260,-3.0103,-4.6799, 0.4688, 0.8071,0
-0.0642, 0.0000, 2.0357, 3.1415,-0.0008,-3.1153,-4.6799, 0.4578, 0.8078,0
-0.0645, 0.0000, 2.0011, 3.1415,-0.0244,-3.3876,-4.6799, 0.4602, 0.8085,0
-0.0651, 0.0000, 1.9603, 3.1415,-0.0533,-3.9448,-4.6799, 0.4905, 0.8093,0
-0.0660, 0.0000, 1.9195, 3.1415,-0.0773,-4.0562,-4.6799, 0.4757, 0.8100,0
-0.0670, 0.0000, 1.8723, 3.1415,-0.1003,-4.5811,-4.6799, 0.5071, 0.8107,0
-0.0681, 0.0000, 1.8252, 3.1415,-0.1049,-4.6861,-4.6799, 0.4882, 0.8114,0
-0.0693, 0.0000, 1.7749, 3.1415,-0.1180,-4.9584,-4.6799, 0.4898, 0.8121,0
-0.0707, 0.0000, 1.7215, 3.1415,-0.1327,-5.2642,-4.6799, 0.4958, 0.8128,0
-0.0721, 0.0000, 1.6650, 3.1415,-0.1417,-5.5767,-4.6799, 0.5029, 0.8136,0
-0.0735, 0.0000, 1.6022, 3.1415,-0.1374,-6.1418,-1.9812, 0.5506, 0.8143,0
-0.0749, 0.0000, 1.5393, 3.1415,-0.1427,-6.2549, 4.6799, 0.5251, 0.8150,0
-0.0753, 0.0000, 1.4734, 3.1415,-0.0588,-6.5288, 4.6799, 0.5269, 0.8157,0
-0.0759, 0.0000, 1.4042, 3.1415,-0.0602,-6.8349, 4.6799, 0.5350, 0.8164,0
-0.0760, 0.0000, 1.3320, 3.1415,-0.0181,-7.1475, 4.6799, 0.5453, 0.8172,0
-0.0754, 0.0000, 1.2566, 3.1415, 0.0448,-7.4613, 4.6799, 0.5575, 0.8179,0
-0.0743, 0.0000, 1.1780, 3.1415, 0.0938,-7.7754, 4.6799, 0.5716, 0.8186,0
-0.0726, 0.0000, 1.0932, 3.1415, 0.1521,-8.3409, 4.6799, 0.6439, 0.8193,0
-0.0703, 0.0000, 1.0084, 3.1415, 0.2183,-8.4540, 4.6799, 0.6177, 0.8200,0
-0.0674, 0.0000, 0.9204, 3.1415, 0.2740,-8.7279, 4.6799, 0.6317, 0.8207,0
-0.0641, 0.0000, 0.8262, 3.1415, 0.3216,-9.2854, 4.6799, 0.7204, 0.8215,0
-0.0602, 0.0000, 0.7288, 3.1415, 0.3735,-9.6482, 4.6799, 0.7675, 0.8222,0
-0.0558, 0.0000, 0.6283, 3.1415, 0.4263,-9.9721,-2.5796, 0.8112, 0.8229,0
-0.0515, 0.0000, 0.5277, 3.1415, 0.4308,-10.0369, 4.6799, 0.7899, 0.8236,0
-0.0459, 0.0000, 0.4209, 3.1415, 0.5348,-10.5525,-4.6799, 0.9035, 0.8243,0
-0.0410, 0.0000, 0.3141, 3.1415, 0.5010,-10.6556,-4.6799, 0.9066, 0.8251,0
-0.0359, 0.0000, 0.2073, 3.1415, 0.5064,-10.6762,-4.6799, 0.8930, 0.8258,0
-0.0309, 0.0000, 0.1005, 3.1415, 0.5014,-10.6803,-4.6799, 0.8825, 0.8265,0
-0.0264, 0.0000,-0.0031, 3.1415, 0.4580,-10.4298, 4.6799, 0.8048, 0.8272,0
-0.0215, 0.0000,-0.1099, 3.1415, 0.4857,-10.6311,-4.6799, 0.8685, 0.8279,0
-0.0178, 0.0000,-0.2136, 3.1415, 0.3881,-10.4200, 4.6799, 0.8183, 0.8286,0
-0.0138, 0.0000,-0.3173, 3.1415, 0.3989,-10.3778, 4.5665, 0.8255, 0.8294,0
-0.0097, 0.0000,-0.4178, 3.1415, 0.4072,-10.1180, 4.6799, 0.7769, 0.8301,0
-0.0060, 0.0000,-0.5183, 3.1415, 0.3785,-10.0660, 4.6799, 0.7948, 0.8308,0
-0.0028, 0.0000,-0.6157, 3.1415, 0.3303,-9.8043, 4.6799, 0.7595, 0.8315,0
 0.0001, 0.0000,-0.7099, 3.1415, 0.3086,-9.5006, 4.6799, 0.7191, 0.8322,0
 0.0031, 0.0000,-0.8042, 3.1415, 0.3042,-9.4399, 4.6799, 0.7494, 0.8330,0
 0.0062, 0.0000,-0.8953, 3.1415, 0.3033,-9.1764, 4.6799, 0.7299, 0.8337,0
 0.0086, 0.0000,-0.9833, 3.1415, 0.2547,-8.8724, 4.6799, 0.7040, 0.8344,0
 0.0109, 0.0000,-1.0681, 3.1415, 0.2389,-8.5603, 4.6799, 0.6799, 0.8351,0
 0.0131, 0.0000,-1.1498, 3.1415, 0.2175,-8.2465, 4.6799, 0.6586, 0.8358,0
 0.0151, 0.0000,-1.2283, 3.1415, 0.2072,-7.9325, 4.6799, 0.6398, 0.8365,0
 0.0171, 0.0000,-1.3037, 3.1415, 0.1990,-7.6183, 4.6799, 0.6230, 0.8373,0
 0.0186, 0.0000,-1.3760, 3.1415, 0.1610,-7.3041, 4.6799, 0.6079, 0.8380,0
 0.0203, 0.0000,-1.4451, 3.1415, 0.1716,-6.9900, 4.6799, 0.5940, 0.8387,0
 0.0219, 0.0000,-1.5111, 3.1415, 0.1556,-6.6758, 4.6799, 0.5811, 0.8394,0
 0.0234, 0.0000,-1.5770, 3.1415, 0.1584,-6.6130, 1.0413, 0.6167, 0.8401,0
 0.0250, 0.0000,-1.6367, 3.1415, 0.1529,-6.0978,-4.6799, 0.5679, 0.8409,0
 0.0259, 0.0000,-1.6933, 3.1415, 0.1094,-5.7434,-4.6799, 0.5495, 0.8416,0
 0.0266, 0.0000,-1.7498, 3.1415, 0.0764,-5.6725,-4.6799, 0.5783, 0.8423,0
 0.0273, 0.0000,-1.8001, 3.1415, 0.0698,-5.1557,-4.6799, 0.5353, 0.8430,0
 0.0272, 0.0000,-1.8503, 3.1415, 0.0079,-5.0523,-4.6799, 0.5555, 0.8437,0
 0.0271, 0.0000,-1.8975, 3.1415,-0.0105,-4.7803,-4.6799, 0.5503, 0.8444,0
 0.0269, 0.0000,-1.9415, 3.1415,-0.0202,-4.4746,-4.6799, 0.5404, 0.8452,0
 0.0260, 0.0000,-1.9823, 3.1415,-0.0707,-4.1621,-4.6799, 0.5297, 0.8459,0
 0.0253, 0.0000,-2.0200, 3.1415,-0.0687,-3.8483,-4.6799, 0.5191, 0.8466,0
 0.0244, 0.0000,-2.0577, 3.1415,-0.0925,-3.7856,-4.6799, 0.5366, 0.8473,0
 0.0230, 0.0000,-2.0923, 3.1415,-0.1276,-3.5217,-4.6799, 0.5313, 0.8480,0
 0.0216, 0.0000,-2.1237, 3.1415,-0.1346,-3.2176,-4.6799, 0.5220, 0.8487,0
 0.0202, 0.0000,-2.1519, 3.1415,-0.1421,-2.9054,-4.6799, 0.5124, 0.8495,0
 0.0184, 0.0000,-2.1802, 3.1415,-0.1739,-2.8430,-4.6799, 0.5242, 0.8502,0
 0.0164, 0.0000,-2.2053, 3.1415,-0.1924,-2.5792,-4.6799, 0.5188, 0.8509,0
 0.0144, 0.0000,-2.2273, 3.1415,-0.2021,-2.2751,-4.6799, 0.5108, 0.8516,0
 0.0120, 0.0000,-2.2493, 3.1415,-0.2284,-2.2143,-4.6799, 0.5193, 0.8523,0
 0.0097, 0.0000,-2.2682, 3.1415,-0.2336,-1.9508,-4.6799, 0.5144, 0.8531,0
 0.0072, 0.0000,-2.2870, 3.1415,-0.2468,-1.8981,-4.6799, 0.5219, 0.8538,0
 0.0046, 0.0000,-2.2996, 3.1415,-0.2555,-1.3849,-4.6799, 0.5051, 0.8545,0
 0.0018, 0.0000,-2.3122, 3.1415,-0.2693,-1.2822,-4.6799, 0.5079, 0.8552,0
-0.0009, 0.0000,-2.3247, 3.1415,-0.2782,-1.2617,-4.6799, 0.5138, 0.8559,0
-0.0039, 0.0000,-2.3342, 3.1415,-0.2981,-1.0063,-4.6799, 0.5106, 0.8566,0
-0.0071, 0.0000,-2.3404, 3.1415,-0.3142,-0.7039,-4.6799, 0.5066, 0.8574,0
-0.0101, 0.0000,-2.3436, 3.1415,-0.3053,-0.3921,-4.6799, 0.5034, 0.8581,0
-0.0133, 0.0000,-2.3467, 3.1415,-0.3157,-0.3297,-3.5388, 0.5044, 0.8588,0
-0.0167, 0.0000,-2.3467, 3.1415,-0.3359,-0.0659, 1.3027, 0.5030, 0.8595,0
-0.0194, 0.0000,-2.3467, 3.1415,-0.2854,-0.0131, 3.2179, 0.5029, 0.8602,0
-0.0222, 0.0000,-2.3436, 3.1415,-0.2753, 0.2486, 4.6799, 0.5022, 0.8610,0
-0.0246, 0.0000,-2.3342, 3.1415,-0.2491, 0.8037, 4.6799, 0.5055, 0.8617,0
-0.0263, 0.0000,-2.3247, 3.1415,-0.1892, 0.9147, 4.6799, 0.5032, 0.8624,0
-0.0280, 0.0000,-2.3090, 3.1415,-0.1712, 1.4395, 4.6799, 0.5122, 0.8631,0
-0.0288, 0.0000,-2.2933, 3.1415,-0.1009, 1.5445, 4.6799, 0.5082, 0.8638,0
-0.0296, 0.0000,-2.2745, 3.1415,-0.0808, 1.8168, 4.6799, 0.5108, 0.8645,0
-0.0297, 0.0000,-2.2493, 3.1415,-0.0222, 2.3739, 4.6799, 0.5296, 0.8653,0
-0.0296, 0.0000,-2.2242, 3.1415, 0.0016, 2.4854, 4.6799, 0.5230, 0.8660,0
-0.0293, 0.0000,-2.1959, 3.1415, 0.0245, 2.7590, 4.6799, 0.5268, 0.8667,0
-0.0285, 0.0000,-2.1614, 3.1415, 0.0655, 3.3164, 4.6799, 0.5538, 0.8674,0
-0.0279, 0.0000,-2.1268, 3.1415, 0.0616, 3.4278, 4.6799, 0.5435, 0.8681,0
-0.0268, 0.0000,-2.0891, 3.1415, 0.1032, 3.7014, 4.6799, 0.5476, 0.8689,0
-0.0255, 0.0000,-2.0483, 3.1415, 0.1237, 4.0075, 4.6799, 0.5548, 0.8696,0
-0.0242, 0.0000,-2.0043, 3.1415, 0.1278, 4.3200, 4.6799, 0.5629, 0.8703,0
-0.0226, 0.0000,-1.9572, 3.1415, 0.1528, 4.6339, 4.6799, 0.5712, 0.8710,0
-0.0209, 0.0000,-1.9100, 3.1415, 0.1700, 4.6967, 4.6799, 0.5478, 0.8717,0
-0.0192, 0.0000,-1.8566, 3.1415, 0.1674, 5.2118, 4.6799, 0.5828, 0.8724,0
-0.0172, 0.0000,-1.8001, 3.1415, 0.1911, 5.5662, 4.6799, 0.5970, 0.8732,0
-0.0151, 0.0000,-1.7435, 3.1415, 0.2079, 5.6371, 4.6799, 0.5683, 0.8739,0
-0.0131, 0.0000,-1.6807, 3.1415, 0.1992, 6.1539, 4.6799, 0.6090, 0.8746,0
-0.0112, 0.0000,-1.6179, 3.1415, 0.1974, 6.2573, 4.6799, 0.5819, 0.8753,0
-0.0093, 0.0000,-1.5488, 3.1415, 0.1910, 6.7806, 1.0112, 0.6278, 0.8760,0
-0.0075, 0.0000,-1.4796, 3.1415, 0.1837, 6.8853,-4.6799, 0.5983, 0.8768,0
-0.0065, 0.0000,-1.4042, 3.1415, 0.1155, 7.4089,-4.6799, 0.6494, 0.8775,0
-0.0053, 0.0000,-1.3288, 3.1415, 0.1201, 7.5136,-4.6799, 0.6183, 0.8782,0
-0.0047, 0.0000,-1.2472, 3.1415, 0.0664, 8.0372,-4.6799, 0.6760, 0.8789,0
-0.0049, 0.0000,-1.1655, 3.1415, 0.0011, 8.1419,-4.6799, 0.6449, 0.8796,0
-0.0056, 0.0000,-1.0775, 3.1415,-0.0543, 8.6655,-4.6799, 0.7112, 0.8803,0
-0.0070, 0.0000,-0.9864, 3.1415,-0.1260, 9.0216,-4.6799, 0.7433, 0.8811,0
-0.0090, 0.0000,-0.8922, 3.1415,-0.1889, 9.3441,-4.6799, 0.7716, 0.8818,0
-0.0116, 0.0000,-0.7948, 3.1415,-0.2439, 9.6599,-4.6799, 0.8034, 0.8825,0
-0.0148, 0.0000,-0.6911, 3.1415,-0.3034, 10.2257, 4.6799, 0.9106, 0.8832,0
-0.0174, 0.0000,-0.5874, 3.1415,-0.2668, 10.3389, 4.6799, 0.8988, 0.8839,0
-0.0211, 0.0000,-0.4806, 3.1415,-0.3504, 10.6129, 4.6799, 0.9401, 0.8847,0
-0.0245, 0.0000,-0.3738, 3.1415,-0.3429, 10.6677, 4.6799, 0.9247, 0.8854,0
-0.0278, 0.0000,-0.2670, 3.1415,-0.3353, 10.6786, 4.6799, 0.9038, 0.8861,0
-0.0309, 0.0000,-0.1602, 3.1415,-0.3096, 10.6808, 4.6799, 0.8882, 0.8868,0
-0.0335, 0.0000,-0.0534, 3.1415,-0.2741, 10.6813,-0.7413, 0.8801, 0.8875,0
-0.0366, 0.0000, 0.0534, 3.1415,-0.2973, 10.6813,-2.3203, 0.8802, 0.8882,0
-0.0395, 0.0000, 0.1602, 3.1415,-0.2959, 10.6814, 3.0469, 0.8884, 0.8890,0
-0.0412, 0.0000, 0.2638, 3.1415,-0.1925, 10.4300,-4.6799, 0.8297, 0.8897,0
-0.0435, 0.0000, 0.3675, 3.1415,-0.2264, 10.3798,-4.6799, 0.8382, 0.8904,0
-0.0459, 0.0000, 0.4712, 3.1415,-0.2332, 10.3697,-4.6799, 0.8656, 0.8911,0
-0.0475, 0.0000, 0.5717, 3.1415,-0.1739, 10.1164,-4.6799, 0.8289, 0.8918,0
-0.0495, 0.0000, 0.6691, 3.1415,-0.1985, 9.8144,-4.6799, 0.7852, 0.8926,0
-0.0509, 0.0000, 0.7665, 3.1415,-0.1488, 9.7540,-4.6799, 0.8147, 0.8933,0
-0.0520, 0.0000, 0.8576, 3.1415,-0.1207, 9.2393,-4.6799, 0.7253, 0.8940,0
-0.0534, 0.0000, 0.9487, 3.1415,-0.1332, 9.1363,-4.6799, 0.7501, 0.8947,0
-0.0541, 0.0000, 1.0367, 3.1415,-0.0812, 8.8644,-4.6799, 0.7345, 0.8954,0
-0.0547, 0.0000, 1.1215, 3.1415,-0.0708, 8.5587,-4.6799, 0.7136, 0.8961,0
-0.0554, 0.0000, 1.2032, 3.1415,-0.0626, 8.2462,-4.6799, 0.6939, 0.8969,0
-0.0557, 0.0000, 1.2817, 3.1415,-0.0428, 7.9324,-4.6799, 0.6762, 0.8976,0
-0.0563, 0.0000, 1.3571, 3.1415,-0.0510, 7.6183,-4.6799, 0.6603, 0.8983,0
-0.0565, 0.0000, 1.4325, 3.1415,-0.0283, 7.5555,-4.6799, 0.7002, 0.8990,0
-0.0568, 0.0000, 1.5016, 3.1415,-0.0299, 7.0403,-4.6799, 0.6443, 0.8997,0
-0.0573, 0.0000, 1.5676, 3.1415,-0.0484, 6.6859,-1.2519, 0.6235, 0.9005,0
-0.0576, 0.0000, 1.6336, 3.1415,-0.0278, 6.6150, 4.6799, 0.6577, 0.9012,0
-0.0572, 0.0000, 1.6933, 3.1415, 0.0247, 6.0982, 4.6799, 0.6083, 0.9019,0
-0.0569, 0.0000, 1.7530, 3.1415, 0.0231, 5.9948, 4.6799, 0.6332, 0.9026,0
-0.0564, 0.0000, 1.8064, 3.1415, 0.0470, 5.4715, 4.6799, 0.5867, 0.9033,0
-0.0556, 0.0000, 1.8598, 3.1415, 0.0761, 5.3668, 4.6799, 0.6079, 0.9040,0
-0.0544, 0.0000, 1.9100, 3.1415, 0.1122, 5.0946, 4.6799, 0.6023, 0.9048,0
-0.0527, 0.0000, 1.9572, 3.1415, 0.1558, 4.7888, 4.6799, 0.5916, 0.9055,0
-0.0509, 0.0000, 2.0011, 3.1415, 0.1766, 4.4763, 4.6799, 0.5801, 0.9062,0
-0.0491, 0.0000, 2.0451, 3.1415, 0.1747, 4.4138, 4.6799, 0.6007, 0.9069,0
-0.0469, 0.0000, 2.0860, 3.1415, 0.2107, 4.1500, 4.6799, 0.5949, 0.9076,0
-0.0445, 0.0000, 2.1237, 3.1415, 0.2361, 3.8459, 4.6799, 0.5841, 0.9084,0
-0.0420, 0.0000, 2.1582, 3.1415, 0.2473, 3.5337, 4.6799, 0.5728, 0.9091,0
-0.0395, 0.0000, 2.1928, 3.1415, 0.2495, 3.4713, 4.6799, 0.5871, 0.9098,0
-0.0368, 0.0000, 2.2242, 3.1415, 0.2681, 3.2075, 4.6799, 0.5805, 0.9105,0
-0.0338, 0.0000, 2.2525, 3.1415, 0.2961, 2.9034, 4.6799, 0.5705, 0.9112,0
-0.0306, 0.0000, 2.2776, 3.1415, 0.3078, 2.5913, 4.6799, 0.5603, 0.9119,0
-0.0274, 0.0000, 2.3027, 3.1415, 0.3222, 2.5288, 4.6799, 0.5694, 0.9127,0
-0.0242, 0.0000, 2.3279, 3.1415, 0.3191, 2.5164, 4.6799, 0.5818, 0.9134,0
-0.0206, 0.0000, 2.3467, 3.1415, 0.3548, 2.0112, 4.6799, 0.5595, 0.9141,0
-0.0170, 0.0000, 2.3656, 3.1415, 0.3559, 1.9102, 4.6799, 0.5636, 0.9148,0
-0.0134, 0.0000, 2.3844, 3.1415, 0.3561, 1.8899, 4.6799, 0.5719, 0.9155,0
-0.0097, 0.0000, 2.4001, 3.1415, 0.3683, 1.6346, 4.6799, 0.5670, 0.9163,0
-0.0059, 0.0000, 2.4127, 3.1415, 0.3828, 1.3322, 4.6799, 0.5605, 0.9170,0
-0.0019, 0.0000, 2.4221, 3.1415, 0.3918, 1.0204, 4.6799, 0.5547, 0.9177,0
 0.0019, 0.0000, 2.4315, 3.1415, 0.3936, 0.9580, 4.6799, 0.5574, 0.9184,0
 0.0060, 0.0000, 2.4410, 3.1415, 0.4061, 0.9456, 4.6799, 0.5614, 0.9191,0
 0.0102, 0.0000, 2.4473, 3.1415, 0.4147, 0.6917, 4.6799, 0.5585, 0.9198,0
 0.0145, 0.0000, 2.4504, 3.1415, 0.4285, 0.3897, 4.6799, 0.5554, 0.9206,0
 0.0188, 0.0000, 2.4535, 3.1415, 0.4313, 0.3292, 2.9432, 0.5562, 0.9213,0
 0.0232, 0.0000, 2.4567, 3.1415, 0.4379, 0.3171, 1.6501, 0.5575, 0.9220,0
 0.0277, 0.0000, 2.4567, 3.1415, 0.4453, 0.0634,-3.0389, 0.5562, 0.9227,0
 0.0316, 0.0000, 2.4535, 3.1415, 0.4043,-0.2386,-4.6799, 0.5555, 0.9234,0
 0.0353, 0.0000, 2.4473, 3.1415, 0.3779,-0.5503,-4.6799, 0.5560, 0.9242,0
 0.0389, 0.0000, 2.4378, 3.1415, 0.3605,-0.8640,-4.6799, 0.5579, 0.9249,0
 0.0419, 0.0000, 2.4284, 3.1415, 0.3085,-0.9267,-4.6799, 0.5551, 0.9256,0
 0.0444, 0.0000, 2.4127, 3.1415, 0.2618,-1.4419,-4.6799, 0.5647, 0.9263,0
 0.0465, 0.0000, 2.3938, 3.1415, 0.2221,-1.7963,-4.6799, 0.5717, 0.9270,0
 0.0481, 0.0000, 2.3719, 3.1415, 0.1717,-2.1185,-4.6799, 0.5785, 0.9277,0
 0.0493, 0.0000, 2.3499, 3.1415, 0.1313,-2.1829,-4.6799, 0.5712, 0.9285,0
 0.0502, 0.0000, 2.3216, 3.1415, 0.0990,-2.6985,-4.6799, 0.5918, 0.9292,0
 0.0506, 0.0000, 2.2902, 3.1415, 0.0501,-3.0529,-4.6799, 0.6036, 0.9299,0
 0.0507, 0.0000, 2.2588, 3.1415, 0.0160,-3.1238,-4.6799, 0.5926, 0.9306,0
 0.0505, 0.0000, 2.2211, 3.1415,-0.0089,-3.6406,-4.6799, 0.6203, 0.9313,0
 0.0500, 0.0000, 2.1834, 3.1415,-0.0442,-3.7440,-4.6799, 0.6091, 0.9321,0
 0.0492, 0.0000, 2.1425, 3.1415,-0.0694,-4.0160,-4.6799, 0.6143, 0.9328,0
 0.0483, 0.0000, 2.0985, 3.1415,-0.0866,-4.3217,-4.6799, 0.6231, 0.9335,0
 0.0472, 0.0000, 2.0483, 3.1415,-0.1022,-4.8856,-4.6799, 0.6641, 0.9342,0
 0.0460, 0.0000, 1.9980, 3.1415,-0.1174,-4.9983,-4.6799, 0.6473, 0.9349,0
 0.0447, 0.0000, 1.9446, 3.1415,-0.1265,-5.2722,-4.6799, 0.6513, 0.9356,0
 0.0433, 0.0000, 1.8880, 3.1415,-0.1405,-5.5783,-4.6799, 0.6596, 0.9364,0
 0.0417, 0.0000, 1.8284, 3.1415,-0.1554,-5.8908,-4.6799, 0.6687, 0.9371,0
 0.0400, 0.0000, 1.7687, 3.1415,-0.1644,-5.9533,-4.6799, 0.6374, 0.9378,0
 0.0384, 0.0000, 1.7027, 3.1415,-0.1662,-6.4685,-4.6799, 0.6802, 0.9385,0
 0.0366, 0.0000, 1.6336, 3.1415,-0.1727,-6.8229,-4.6799, 0.6968, 0.9392,0
 0.0349, 0.0000, 1.5645, 3.1415,-0.1740,-6.8937,-4.6799, 0.6608, 0.9400,0
 0.0332, 0.0000, 1.4891, 3.1415,-0.1681,-7.4106, 4.2881, 0.7102, 0.9407,0
 0.0325, 0.0000, 1.4105, 3.1415,-0.0882,-7.7653, 4.6799, 0.7296, 0.9414,0
 0.0318, 0.0000, 1.3320, 3.1415,-0.0782,-7.8362, 4.6799, 0.6898, 0.9421,0
 0.0316, 0.0000, 1.2472, 3.1415,-0.0277,-8.3530, 4.6799, 0.7485, 0.9428,0
 0.0321, 0.0000, 1.1592, 3.1415, 0.0308,-8.7077, 4.6799, 0.7743, 0.9435,0
 0.0331, 0.0000, 1.0681, 3.1415, 0.0910,-9.0300, 4.6799, 0.7956, 0.9443,0
 0.0350, 0.0000, 0.9738, 3.1415, 0.1697,-9.3458, 4.6799, 0.8191, 0.9450,0
 0.0373, 0.0000, 0.8765, 3.1415, 0.2158,-9.6603, 4.6799, 0.8470, 0.9457,0
 0.0403, 0.0000, 0.7759, 3.1415, 0.2796,-9.9745, 4.6799, 0.8803, 0.9464,0
 0.0439, 0.0000, 0.6691, 3.1415, 0.3469,-10.5400,-4.6799, 0.9920, 0.9471,0
 0.0473, 0.0000, 0.5623, 3.1415, 0.3422,-10.6531,-4.6799, 0.9813, 0.9478,0
 0.0513, 0.0000, 0.4523, 3.1415, 0.3837,-10.9270,-4.6799, 1.0257, 0.9486,0
 0.0554, 0.0000, 0.3392, 3.1415, 0.4102,-11.2332,-4.6799, 1.0894, 0.9493,0
 0.0593, 0.0000, 0.2293, 3.1415, 0.3912,-11.0431,-4.6799, 1.0080, 0.9500,0
 0.0630, 0.0000, 0.1162, 3.1415, 0.3753,-11.2564,-4.6799, 1.0606, 0.9507,0
 0.0664, 0.0000, 0.0062, 3.1415, 0.3479,-11.0477,-4.6799, 0.9906, 0.9514,0
 0.0692, 0.0000,-0.1036, 3.1415, 0.2939,-11.0060,-4.6799, 0.9816, 0.9522,0
 0.0716, 0.0000,-0.2104, 3.1415, 0.2528,-10.7463, 4.6799, 0.9145, 0.9529,0
 0.0745, 0.0000,-0.3173, 3.1415, 0.2809,-10.6944, 4.6799, 0.9189, 0.9536,0
 0.0765, 0.0000,-0.4209, 3.1415, 0.2138,-10.4326, 4.6799, 0.8683, 0.9543,0
 0.0783, 0.0000,-0.5246, 3.1415, 0.1882,-10.3803, 4.6799, 0.8870, 0.9550,0
 0.0800, 0.0000,-0.6251, 3.1415, 0.1710,-10.1185, 4.6799, 0.8511, 0.9557,0
 0.0816, 0.0000,-0.7225, 3.1415, 0.1615,-9.8148, 4.6799, 0.8099, 0.9565,0
 0.0830, 0.0000,-0.8199, 3.1415, 0.1475,-9.7541, 4.6799, 0.8420, 0.9572,0
 0.0842, 0.0000,-0.9142, 3.1415, 0.1265,-9.4906, 4.6799, 0.8226, 0.9579,0
 0.0851, 0.0000,-1.0053, 3.1415, 0.0980,-9.1866, 4.6799, 0.7967, 0.9586,0
 0.0859, 0.0000,-1.0932, 3.1415, 0.0802,-8.8744, 4.6799, 0.7725, 0.9593,0
 0.0864, 0.0000,-1.1780, 3.1415, 0.0584,-8.5607, 4.6799, 0.7512, 0.9601,0
 0.0868, 0.0000,-1.2597, 3.1415, 0.0420,-8.2466, 4.6799, 0.7323, 0.9608,0
 0.0871, 0.0000,-1.3383, 3.1415, 0.0326,-7.9325, 4.6799, 0.7155, 0.9615,0
 0.0873, 0.0000,-1.4168, 3.1415, 0.0247,-7.8696, 4.6799, 0.7569, 0.9622,0
 0.0875, 0.0000,-1.4891, 3.1415, 0.0170,-7.3544, 4.6799, 0.6986, 0.9629,0
 0.0876, 0.0000,-1.5582, 3.1415, 0.0094,-7.0000, 1.7418, 0.6769, 0.9636,0
 0.0876, 0.0000,-1.6273, 3.1415, 0.0018,-6.9292,-4.6799, 0.7127, 0.9644,0
 0.0867, 0.0000,-1.6901, 3.1415,-0.0663,-6.4123,-4.6799, 0.6611, 0.9651,0
 0.0864, 0.0000,-1.7498, 3.1415,-0.0375,-6.0576,-4.6799, 0.6416, 0.9658,0
 0.0857, 0.0000,-1.8095, 3.1415,-0.0620,-5.9867,-4.6799, 0.6716, 0.9665,0
 0.0846, 0.0000,-1.8661, 3.1415,-0.1033,-5.7212,-4.6799, 0.6672, 0.9672,0
 0.0830, 0.0000,-1.9195, 3.1415,-0.1480,-5.4168,-4.6799, 0.6561, 0.9680,0
 0.0815, 0.0000,-1.9697, 3.1415,-0.1508,-5.1045,-4.6799, 0.6437, 0.9687,0
 0.0797, 0.0000,-2.0169, 3.1415,-0.1756,-4.7908,-4.6799, 0.6311, 0.9694,0
 0.0776, 0.0000,-2.0640, 3.1415,-0.1988,-4.7280,-4.6799, 0.6529, 0.9701,0
 0.0751, 0.0000,-2.1048, 3.1415,-0.2398,-4.2128,-4.6799, 0.6140, 0.9708,0
 0.0726, 0.0000,-2.1488, 3.1415,-0.2480,-4.3611,-4.6799, 0.6586, 0.9715,0
 0.0698, 0.0000,-2.1865, 3.1415,-0.2800,-3.8881,-4.6799, 0.6263, 0.9723,0
 0.0668, 0.0000,-2.2242, 3.1415,-0.2924,-3.7935,-4.6799, 0.6380, 0.9730,0
 0.0636, 0.0000,-2.2588, 3.1415,-0.3131,-3.5233,-4.6799, 0.6297, 0.9737,0
 0.0604, 0.0000,-2.2902, 3.1415,-0.3172,-3.2179,-4.6799, 0.6181, 0.9744,0
 0.0569, 0.0000,-2.3216, 3.1415,-0.3423,-3.1568,-4.6799, 0.6294, 0.9751,0
 0.0535, 0.0000,-2.3499, 3.1415,-0.3473,-2.8933,-4.6799, 0.6217, 0.9759,0
 0.0497, 0.0000,-2.3750, 3.1415,-0.3665,-2.5892,-4.6799, 0.6111, 0.9766,0
 0.0460, 0.0000,-2.4001, 3.1415,-0.3764,-2.5284,-4.6799, 0.6191, 0.9773,0
 0.0419, 0.0000,-2.4253, 3.1415,-0.3966,-2.5163,-4.6799, 0.6302, 0.9780,0
 0.0378, 0.0000,-2.4473, 3.1415,-0.4067,-2.2625,-4.6799, 0.6235, 0.9787,0
 0.0338, 0.0000,-2.4661, 3.1415,-0.4087,-1.9604,-4.6799, 0.6142, 0.9794,0
 0.0294, 0.0000,-2.4849, 3.1415,-0.4334,-1.9000,-4.6799, 0.6193, 0.9802,0
 0.0250, 0.0000,-2.5007, 3.1415,-0.4322,-1.6366,-4.6799, 0.6130, 0.9809,0
 0.0205, 0.0000,-2.5164, 3.1415,-0.4502,-1.5839,-4.6799, 0.6173, 0.9816,0
 0.0159, 0.0000,-2.5321, 3.1415,-0.4599,-1.5734,-4.6799, 0.6234, 0.9823,0
 0.0110, 0.0000,-2.5446, 3.1415,-0.4800,-1.3199,-4.6799, 0.6183, 0.9830,0
 0.0062, 0.0000,-2.5541, 3.1415,-0.4779,-1.0179,-4.6799, 0.6122, 0.9838,0
 0.0014, 0.0000,-2.5635, 3.1415,-0.4836,-0.9575,-4.6799, 0.6142, 0.9845,0
-0.0036, 0.0000,-2.5729, 3.1415,-0.5029,-0.9454,-4.6799, 0.6176, 0.9852,0
-0.0087, 0.0000,-2.5792, 3.1415,-0.5068,-0.6917,-4.6799, 0.6142, 0.9859,0
-0.0139, 0.0000,-2.5823, 3.1415,-0.5197,-0.3896,-4.6799, 0.6108, 0.9866,0
-0.0192, 0.0000,-2.5886, 3.1415,-0.5283,-0.5805,-4.6799, 0.6158, 0.9873,0
-0.0246, 0.0000,-2.5918, 3.1415,-0.5361,-0.3674,-4.0455, 0.6141, 0.9881,0
-0.0300, 0.0000,-2.5918, 3.1415,-0.5437,-0.0734, 2.9978, 0.6123, 0.9888,0
-0.0345, 0.0000,-2.5918, 3.1415,-0.4664,-0.0146, 4.6799, 0.6122, 0.9895,0
-0.0394, 0.0000,-2.5886, 3.1415,-0.4813, 0.2483, 4.6799, 0.6119, 0.9902,0
-0.0437, 0.0000,-2.5823, 3.1415,-0.4418, 0.5523, 4.6799, 0.6129, 0.9909,0
-0.0475, 0.0000,-2.5729, 3.1415,-0.3976, 0.8644, 4.6799, 0.6155, 0.9917,0
-0.0509, 0.0000,-2.5603, 3.1415,-0.3463, 1.1781, 4.6799, 0.6196, 0.9924,0
-0.0536, 0.0000,-2.5446, 3.1415,-0.2875, 1.4922, 4.6799, 0.6250, 0.9931,0
-0.0560, 0.0000,-2.5258, 3.1415,-0.2454, 1.8064, 4.6799, 0.6318, 0.9938,0
-0.0578, 0.0000,-2.5038, 3.1415,-0.1946, 2.1205, 4.6799, 0.6399, 0.9945,0
-0.0591, 0.0000,-2.4787, 3.1415,-0.1480, 2.4347, 4.6799, 0.6490, 0.9952,0
-0.0600, 0.0000,-2.4504, 3.1415,-0.0963, 2.7488, 4.6799, 0.6590, 0.9960,0
-0.0604, 0.0000,-2.4221, 3.1415,-0.0495, 2.8117, 4.6799, 0.6508, 0.9967,0
-0.0604, 0.0000,-2.3876, 3.1415,-0.0159, 3.3269, 4.6799, 0.6784, 0.9974,0
-0.0601, 0.0000,-2.3499, 3.1415, 0.0271, 3.6813, 4.6799, 0.6942, 0.9981,0
-0.0594, 0.0000,-2.3122, 3.1415, 0.0599, 3.7521, 4.6799, 0.6820, 0.9988,0
-0.0585, 0.0000,-2.2713, 3.1415, 0.0847, 4.0176, 4.6799, 0.6889, 0.9996,0
-0.0574, 0.0000,-2.2242, 3.1415, 0.1018, 4.5734, 4.6799, 0.7293, 1.0003,0
-0.0560, 0.0000,-2.1771, 3.1415, 0.1295, 4.6846, 4.6799, 0.7164, 1.0010,0
-0.0545, 0.0000,-2.1299, 3.1415, 0.1471, 4.7068, 4.6799, 0.6911, 1.0017,0
-0.0529, 0.0000,-2.0765, 3.1415, 0.1567, 5.2139, 4.6799, 0.7285, 1.0024,0
-0.0512, 0.0000,-2.0200, 3.1415, 0.1708, 5.5666, 4.6799, 0.7456, 1.0031,0
-0.0493, 0.0000,-1.9603, 3.1415, 0.1857, 5.8885, 4.6799, 0.7581, 1.0039,0
-0.0473, 0.0000,-1.9006, 3.1415, 0.1947, 5.9529, 4.6799, 0.7287, 1.0046,0
-0.0452, 0.0000,-1.8346, 3.1415, 0.2087, 6.4684, 4.6799, 0.7730, 1.0053,0
-0.0432, 0.0000,-1.7687, 3.1415, 0.2054, 6.5715, 4.6799, 0.7457, 1.0060,0
-0.0412, 0.0000,-1.6964, 3.1415, 0.1987, 7.0948, 4.6799, 0.7947, 1.0067,0
-0.0393, 0.0000,-1.6242, 3.1415, 0.1913, 7.1994, 4.6799, 0.7639, 1.0075,0
-0.0373, 0.0000,-1.5488, 3.1415, 0.1959, 7.4717, 3.6937, 0.7657, 1.0082,0
-0.0355, 0.0000,-1.4671, 3.1415, 0.1847, 8.0288,-3.9475, 0.8281, 1.0089,0
-0.0349, 0.0000,-1.3854, 3.1415, 0.0854, 8.1402,-4.6799, 0.7953, 1.0096,0
-0.0341, 0.0000,-1.3006, 3.1415, 0.0777, 8.4139,-4.6799, 0.7994, 1.0103,0
-0.0340, 0.0000,-1.2095, 3.1415, 0.0276, 8.9712,-4.6799, 0.8729, 1.0110,0
-0.0347, 0.0000,-1.1184, 3.1415,-0.0490, 9.0827,-4.6799, 0.8410, 1.0118,0
-0.0360, 0.0000,-1.0210, 3.1415,-0.1128, 9.6077,-4.6799, 0.9171, 1.0125,0
-0.0380, 0.0000,-0.9204, 3.1415,-0.1862, 9.9640,-4.6799, 0.9551, 1.0132,0
-0.0409, 0.0000,-0.8168, 3.1415,-0.2676, 10.2866, 2.8793, 0.9898, 1.0139,0
-0.0432, 0.0000,-0.7099, 3.1415,-0.2354, 10.6024, 4.6799, 1.0291, 1.0146,0
-0.0465, 0.0000,-0.6000, 3.1415,-0.3138, 10.9169, 4.6799, 1.0758, 1.0154,0
-0.0498, 0.0000,-0.4900, 3.1415,-0.3295, 10.9798, 4.6799, 1.0542, 1.0161,0
-0.0532, 0.0000,-0.3769, 3.1415,-0.3387, 11.2437, 4.6799, 1.1022, 1.0168,0
-0.0563, 0.0000,-0.2638, 3.1415,-0.3163, 11.2965, 4.6799, 1.0933, 1.0175,0
-0.0591, 0.0000,-0.1507, 3.1415,-0.2876, 11.3070, 4.6799, 1.0799, 1.0182,0
-0.0617, 0.0000,-0.0376, 3.1415,-0.2636, 11.3092, 4.6799, 1.0729, 1.0189,0
-0.0640, 0.0000, 0.0722, 3.1415,-0.2346, 11.0583,-4.6799, 0.9957, 1.0197,0
-0.0662, 0.0000, 0.1822, 3.1415,-0.2227, 11.0081,-4.6799, 0.9902, 1.0204,0
-0.0685, 0.0000, 0.2921, 3.1415,-0.2264, 10.9980,-4.6799, 1.0057, 1.0211,0
-0.0701, 0.0000, 0.4021, 3.1415,-0.1786, 10.9960, 4.6799, 1.0319, 1.0218,0
-0.0711, 0.0000, 0.5089, 3.1415,-0.1145, 10.7443,-4.6799, 0.9890, 1.0225,0
-0.0726, 0.0000, 0.6094, 3.1415,-0.1441, 10.1913,-4.6799, 0.8652, 1.0233,0
-0.0734, 0.0000, 0.7099, 3.1415,-0.0894, 10.0807,-4.6799, 0.8781, 1.0240,0
-0.0738, 0.0000, 0.8105, 3.1415,-0.0482, 10.0586,-4.6799, 0.9216, 1.0247,0
-0.0745, 0.0000, 0.9047, 3.1415,-0.0642, 9.5515,-4.6799, 0.8335, 1.0254,0
-0.0746, 0.0000, 0.9990, 3.1415,-0.0249, 9.4501,-4.6799, 0.8616, 1.0261,0
-0.0748, 0.0000, 1.0901, 3.1415,-0.0171, 9.1785,-4.6799, 0.8474, 1.0268,0
-0.0748, 0.0000, 1.1780, 3.1415,-0.0034, 8.8728,-4.6799, 0.8273, 1.0276,0
-0.0745, 0.0000, 1.2597, 3.1415, 0.0175, 8.3090,-4.6799, 0.7468, 1.0283,0
-0.0746, 0.0000, 1.3414, 3.1415,-0.0025, 8.1963,-4.6799, 0.7772, 1.0290,0
-0.0744, 0.0000, 1.4199, 3.1415, 0.0176, 7.9224,-4.6799, 0.7708, 1.0297,0
-0.0745, 0.0000, 1.4985, 3.1415,-0.0025, 7.8676,-4.6799, 0.8147, 1.0304,0
-0.0743, 0.0000, 1.5707, 3.1415, 0.0116, 7.3540,-1.2964, 0.7571, 1.0312,0
-0.0742, 0.0000, 1.6399, 3.1415, 0.0144, 7.0000, 4.6799, 0.7355, 1.0319,0
-0.0735, 0.0000, 1.7058, 3.1415, 0.0513, 6.6778, 4.6799, 0.7210, 1.0326,0
-0.0729, 0.0000, 1.7718, 3.1415, 0.0587, 6.6134, 4.6799, 0.7557, 1.0333,0
-0.0720, 0.0000, 1.8315, 3.1415, 0.0905, 6.0979, 4.6799, 0.7057, 1.0340,0
-0.0707, 0.0000, 1.8912, 3.1415, 0.1211, 5.9948, 4.6799, 0.7293, 1.0347,0
-0.0690, 0.0000, 1.9477, 3.1415, 0.1576, 5.7228, 4.6799, 0.7228, 1.0355,0
-0.0671, 0.0000, 2.0011, 3.1415, 0.1831, 5.4171, 4.6799, 0.7104, 1.0362,0
-0.0651, 0.0000, 2.0514, 3.1415, 0.2003, 5.1046, 4.6799, 0.6968, 1.0369,0
-0.0626, 0.0000, 2.1017, 3.1415, 0.2401, 5.0421, 4.6799, 0.7195, 1.0376,0
-0.0600, 0.0000, 2.1457, 3.1415, 0.2541, 4.5270, 4.6799, 0.6773, 1.0383,0
-0.0572, 0.0000, 2.1896, 3.1415, 0.2751, 4.4239, 4.6799, 0.6905, 1.0391,0
-0.0544, 0.0000, 2.2336, 3.1415, 0.2793, 4.4033, 4.6799, 0.7133, 1.0398,0
-0.0513, 0.0000, 2.2713, 3.1415, 0.3044, 3.8965, 4.6799, 0.6754, 1.0405,0
-0.0482, 0.0000, 2.3122, 3.1415, 0.3094, 4.0465, 4.6799, 0.7141, 1.0412,0
-0.0446, 0.0000, 2.3467, 3.1415, 0.3468, 3.5739, 4.6799, 0.6817, 1.0419,0
-0.0410, 0.0000, 2.3813, 3.1415, 0.3543, 3.4793, 4.6799, 0.6898, 1.0426,0
-0.0373, 0.0000, 2.4127, 3.1415, 0.3679, 3.2091, 4.6799, 0.6798, 1.0434,0
-0.0334, 0.0000, 2.4441, 3.1415, 0.3888, 3.1550, 4.6799, 0.6897, 1.0441,0
-0.0294, 0.0000, 2.4755, 3.1415, 0.3930, 3.1442, 4.6799, 0.7030, 1.0448,0
-0.0254, 0.0000, 2.5038, 3.1415, 0.3999, 2.8908, 4.6799, 0.6939, 1.0455,0
-0.0212, 0.0000, 2.5289, 3.1415, 0.4195, 2.5887, 4.6799, 0.6813, 1.0462,0
-0.0170, 0.0000, 2.5541, 3.1415, 0.4173, 2.5283, 4.6799, 0.6871, 1.0469,0
-0.0126, 0.0000, 2.5761, 3.1415, 0.4351, 2.2649, 4.6799, 0.6781, 1.0477,0
-0.0081, 0.0000, 2.5980, 3.1415, 0.4447, 2.2122, 4.6799, 0.6831, 1.0484,0
-0.0036, 0.0000, 2.6200, 3.1415, 0.4527, 2.2017, 4.6799, 0.6905, 1.0491,0
 0.0009, 0.0000, 2.6389, 3.1415, 0.4604, 1.9483, 4.6799, 0.6824, 1.0498,0
 0.0057, 0.0000, 2.6577, 3.1415, 0.4740, 1.8976, 4.6799, 0.6860, 1.0505,0
 0.0106, 0.0000, 2.6734, 3.1415, 0.4828, 1.6361, 4.6799, 0.6783, 1.0513,0
 0.0155, 0.0000, 2.6892, 3.1415, 0.4906, 1.5838, 4.6799, 0.6809, 1.0520,0
 0.0206, 0.0000, 2.7049, 3.1415, 0.5104, 1.5734, 4.6799, 0.6853, 1.0527,0
 0.0259, 0.0000, 2.7174, 3.1415, 0.5204, 1.3199, 4.6799, 0.6788, 1.0534,0
 0.0312, 0.0000, 2.7300, 3.1415, 0.5285, 1.2693, 4.6799, 0.6806, 1.0541,0
 0.0365, 0.0000, 2.7426, 3.1415, 0.5301, 1.2591, 4.6799, 0.6838, 1.0548,0
 0.0419, 0.0000, 2.7551, 3.1415, 0.5365, 1.2571, 4.6799, 0.6872, 1.0556,0
 0.0474, 0.0000, 2.7646, 3.1415, 0.5499, 1.0054, 4.6799, 0.6818, 1.0563,0
 0.0531, 0.0000, 2.7740, 3.1415, 0.5647, 0.9550, 4.6799, 0.6828, 1.0570,0
 0.0588, 0.0000, 2.7834, 3.1415, 0.5737, 0.9450, 4.6799, 0.6850, 1.0577,0
 0.0647, 0.0000, 2.7897, 3.1415, 0.5816, 0.6916, 4.6799, 0.6807, 1.0584,0
 0.0706, 0.0000, 2.7991, 3.1415, 0.5892, 0.8923, 4.6799, 0.6875, 1.0592,0
 0.0764, 0.0000, 2.8054, 3.1415, 0.5847, 0.6811, 4.6799, 0.6843, 1.0599,0
 0.0824, 0.0000, 2.8117, 3.1415, 0.5959, 0.6388, 4.6799, 0.6850, 1.0606,0
 0.0884, 0.0000, 2.8148, 3.1415, 0.5981, 0.3791, 1.6030, 0.6821, 1.0613,0
 0.0945, 0.0000, 2.8180, 3.1415, 0.6047, 0.3271,-1.8450, 0.6823, 1.0620,0
 0.1000, 0.0000, 2.8211, 3.1415, 0.5635, 0.3167,-2.7495, 0.6829, 1.0627,0
 0.1056, 0.0000, 2.8211, 3.1415, 0.5614, 0.0633,-4.6799, 0.6815, 1.0635,0
 0.1108, 0.0000, 2.8211, 3.1415, 0.5245, 0.0126,-4.6799, 0.6815, 1.0642,0
 0.1156, 0.0000, 2.8180, 3.1415, 0.4929,-0.2487,-4.6799, 0.6816, 1.0649,0
 0.1199, 0.0000, 2.8117, 3.1415, 0.4381,-0.5524,-4.6799, 0.6836, 1.0656,0
 0.1236, 0.0000, 2.8023, 3.1415, 0.3907,-0.8644,-4.6799, 0.6876, 1.0663,0
 0.1270, 0.0000, 2.7897, 3.1415, 0.3449,-1.1782,-4.6799, 0.6935, 1.0671,0
 0.1299, 0.0000, 2.7771, 3.1415, 0.2993,-1.2409,-4.6799, 0.6924, 1.0678,0
 0.1324, 0.0000, 2.7614, 3.1415, 0.2599,-1.5048,-4.6799, 0.6985, 1.0685,0
 0.1343, 0.0000, 2.7426, 3.1415, 0.2096,-1.8089,-4.6799, 0.7075, 1.0692,0
 0.1359, 0.0000, 2.7206, 3.1415, 0.1692,-2.1210,-4.6799, 0.7183, 1.0699,0
 0.1370, 0.0000, 2.6986, 3.1415, 0.1187,-2.1834,-4.6799, 0.7155, 1.0706,0
 0.1376, 0.0000, 2.6734, 3.1415, 0.0722,-2.4473,-4.6799, 0.7246, 1.0714,0
 0.1377, 0.0000, 2.6420, 3.1415, 0.0205,-3.0027,-4.6799, 0.7565, 1.0721,0
 0.1374, 0.0000, 2.6138, 3.1415,-0.0201,-2.8624,-4.6799, 0.7350, 1.0728,0
 0.1368, 0.0000, 2.5792, 3.1415,-0.0525,-3.3371,-4.6799, 0.7634, 1.0735,0
 0.1358, 0.0000, 2.5415, 3.1415,-0.0893,-3.6833,-4.6799, 0.7825, 1.0742,0
 0.1345, 0.0000, 2.5038, 3.1415,-0.1209,-3.7526,-4.6799, 0.7740, 1.0750,0
 0.1329, 0.0000, 2.4630, 3.1415,-0.1515,-4.0177,-4.6799, 0.7850, 1.0757,0
 0.1311, 0.0000, 2.4190, 3.1415,-0.1758,-4.3221,-4.6799, 0.8001, 1.0764,0
 0.1289, 0.0000, 2.3719, 3.1415,-0.2049,-4.6343,-4.6799, 0.8163, 1.0771,0
 0.1267, 0.0000, 2.3216, 3.1415,-0.2228,-4.9480,-4.6799, 0.8326, 1.0778,0
 0.1242, 0.0000, 2.2713, 3.1415,-0.2386,-5.0108,-4.6799, 0.8144, 1.0785,0
 0.1217, 0.0000, 2.2179, 3.1415,-0.2538,-5.2747,-4.6799, 0.8224, 1.0793,0
 0.1189, 0.0000, 2.1582, 3.1415,-0.2690,-5.8301,-4.6799, 0.8738, 1.0800,0
 0.1161, 0.0000, 2.1017, 3.1415,-0.2842,-5.6899,-4.6799, 0.8168, 1.0807,0
 0.1131, 0.0000, 2.0388, 3.1415,-0.2933,-6.1645,-4.6799, 0.8560, 1.0814,0
 0.1100, 0.0000, 1.9729, 3.1415,-0.3072,-6.5107,-4.6799, 0.8745, 1.0821,0
 0.1069, 0.0000, 1.9038, 3.1415,-0.3100,-6.8313,-4.6799, 0.8880, 1.0829,0
 0.1038, 0.0000, 1.8346, 3.1415,-0.3106,-6.8954,-4.6799, 0.8529, 1.0836,0
 0.1007, 0.0000, 1.7592, 3.1415,-0.3107,-7.4109,-4.6799, 0.9034, 1.0843,0
 0.0976, 0.0000, 1.6838, 3.1415,-0.3046,-7.5140,-4.6799, 0.8714, 1.0850,0
 0.0947, 0.0000, 1.6053, 3.1415,-0.2974,-7.7860,-4.6799, 0.8735, 1.0857,0
 0.0919, 0.0000, 1.5236, 3.1415,-0.2838,-8.0917,-4.5520, 0.8828, 1.0864,0
 0.0892, 0.0000, 1.4357, 3.1415,-0.2750,-8.6555, 0.4915, 0.9521, 1.0872,0
 0.0874, 0.0000, 1.3477, 3.1415,-0.1944,-8.7682, 4.6799, 0.9175, 1.0879,0
 0.0858, 0.0000, 1.2566, 3.1415,-0.1662,-9.0421, 4.6799, 0.9227, 1.0886,0
 0.0848, 0.0000, 1.1592, 3.1415,-0.1120,-9.5995, 4.6799, 1.0028, 1.0893,0
 0.0847, 0.0000, 1.0618, 3.1415,-0.0345,-9.7110, 4.6799, 0.9703, 1.0900,0
 0.0853, 0.0000, 0.9581, 3.1415, 0.0415,-10.2360,-1.0904, 1.0539, 1.0908,0
 0.0860, 0.0000, 0.8513, 3.1415, 0.0628,-10.5923,-4.6799, 1.0975, 1.0915,0
 0.0873, 0.0000, 0.7414, 3.1415, 0.1156,-10.9149,-4.6799, 1.1382, 1.0922,0
 0.0888, 0.0000, 0.6283, 3.1415, 0.1443,-11.2307,-4.6799, 1.1848, 1.0929,0
 0.0907, 0.0000, 0.5152, 3.1415, 0.1804,-11.2939,-4.6799, 1.1608, 1.0936,0
 0.0923, 0.0000, 0.3989, 3.1415, 0.1694,-11.5579,-4.6799, 1.2085, 1.0943,0
 0.0941, 0.0000, 0.2827, 3.1415, 0.1733,-11.6106,-4.6799, 1.1977, 1.0951,0
 0.0958, 0.0000, 0.1665, 3.1415, 0.1680,-11.6212,-4.6799, 1.1825, 1.0958,0
 0.0970, 0.0000, 0.0502, 3.1415, 0.1366,-11.6233,-4.6799, 1.1742, 1.0965,0
 0.0979, 0.0000,-0.0659, 3.1415, 0.1000,-11.6237,-4.6799, 1.1750, 1.0972,0
 0.0984, 0.0000,-0.1790, 3.1415, 0.0563,-11.3725,-4.6799, 1.1040, 1.0979,0
 0.0982, 0.0000,-0.2921, 3.1415,-0.0069,-11.3222,-4.6799, 1.1070, 1.0987,0
 0.0976, 0.0000,-0.3989, 3.1415,-0.0498,-10.8095, 4.6799, 0.9741, 1.0994,0
 0.0974, 0.0000,-0.5057, 3.1415,-0.0221,-10.7070, 4.6799, 0.9767, 1.1001,0
 0.0965, 0.0000,-0.6126, 3.1415,-0.0771,-10.6865, 4.6799, 1.0113, 1.1008,0
 0.0955, 0.0000,-0.7162, 3.1415,-0.0942,-10.4311, 4.6799, 0.9816, 1.1015,0
 0.0944, 0.0000,-0.8168, 3.1415,-0.1098,-10.1286, 4.6799, 0.9446, 1.1022,0
 0.0934, 0.0000,-0.9142, 3.1415,-0.1007,-9.8168, 4.6799, 0.9108, 1.1030,0
 0.0923, 0.0000,-1.0115, 3.1415,-0.1050,-9.7545, 4.6799, 0.9511, 1.1037,0
 0.0913, 0.0000,-1.1058, 3.1415,-0.1058,-9.4907, 4.6799, 0.9390, 1.1044,0
 0.0901, 0.0000,-1.1969, 3.1415,-0.1181,-9.1866, 4.6799, 0.9192, 1.1051,0
 0.0889, 0.0000,-1.2849, 3.1415,-0.1206,-8.8745, 4.6799, 0.9000, 1.1058,0
 0.0878, 0.0000,-1.3697, 3.1415,-0.1090,-8.5607, 4.6799, 0.8825, 1.1066,0
 0.0866, 0.0000,-1.4545, 3.1415,-0.1188,-8.4979, 4.6799, 0.9277, 1.1073,0
 0.0854, 0.0000,-1.5330, 3.1415,-0.1147,-7.9827, 4.6799, 0.8650, 1.1080,0
 0.0845, 0.0000,-1.6084, 3.1415,-0.1017,-7.6284,-4.5021, 0.8417, 1.1087,0
 0.0826, 0.0000,-1.6838, 3.1415,-0.1719,-7.5575,-4.6799, 0.8806, 1.1094,0
 0.0810, 0.0000,-1.7530, 3.1415,-0.1556,-7.0406,-4.6799, 0.8241, 1.1101,0
 0.0791, 0.0000,-1.8221, 3.1415,-0.1887,-6.9373,-4.6799, 0.8523, 1.1109,0
 0.0769, 0.0000,-1.8880, 3.1415,-0.2135,-6.6653,-4.6799, 0.8460, 1.1116,0
 0.0743, 0.0000,-1.9509, 3.1415,-0.2488,-6.3596,-4.6799, 0.8326, 1.1123,0
 0.0713, 0.0000,-2.0106, 3.1415,-0.2923,-6.0471,-4.6799, 0.8177, 1.1130,0
 0.0681, 0.0000,-2.0671, 3.1415,-0.3131,-5.7333,-4.6799, 0.8021, 1.1137,0
 0.0648, 0.0000,-2.1237, 3.1415,-0.3294,-5.6705,-4.6799, 0.8272, 1.1145,0
 0.0610, 0.0000,-2.1771, 3.1415,-0.3629,-5.4066,-4.6799, 0.8184, 1.1152,0
 0.0571, 0.0000,-2.2273, 3.1415,-0.3878,-5.1025,-4.6799, 0.8028, 1.1159,0
 0.0529, 0.0000,-2.2776, 3.1415,-0.4110,-5.0417,-4.6799, 0.8222, 1.1166,0
 0.0487, 0.0000,-2.3247, 3.1415,-0.4217,-4.7782,-4.6799, 0.8112, 1.1173,0
 0.0443, 0.0000,-2.3719, 3.1415,-0.4360,-4.7255,-4.6799, 0.8283, 1.1180,0
 0.0397, 0.0000,-2.4158, 3.1415,-0.4570,-4.4636,-4.6799, 0.8160, 1.1188,0
 0.0349, 0.0000,-2.4567, 3.1415,-0.4734,-4.1600,-4.6799, 0.7984, 1.1195,0
 0.0299, 0.0000,-2.4975, 3.1415,-0.4948,-4.0992,-4.6799, 0.8095, 1.1202,0
 0.0249, 0.0000,-2.5384, 3.1415,-0.4991,-4.0871,-4.6799, 0.8252, 1.1209,0
 0.0196, 0.0000,-2.5761, 3.1415,-0.5242,-3.8333,-4.6799, 0.8120, 1.1216,0
 0.0142, 0.0000,-2.6106, 3.1415,-0.5353,-3.5312,-4.6799, 0.7938, 1.1224,0
 0.0087, 0.0000,-2.6483, 3.1415,-0.5436,-3.7221,-4.6799, 0.8264, 1.1231,0
 0.0032, 0.0000,-2.6829, 3.1415,-0.5513,-3.5090,-4.6799, 0.8162, 1.1238,0
-0.0025, 0.0000,-2.7143, 3.1415,-0.5710,-3.2150,-4.6799, 0.7982, 1.1245,0
-0.0084, 0.0000,-2.7488, 3.1415,-0.5871,-3.4076,-4.6799, 0.8259, 1.1252,0
-0.0144, 0.0000,-2.7803, 3.1415,-0.5964,-3.1947,-4.6799, 0.8146, 1.1259,0
-0.0204, 0.0000,-2.8085, 3.1415,-0.6043,-2.9009,-4.6799, 0.7964, 1.1267,0
-0.0266, 0.0000,-2.8399, 3.1415,-0.6180,-3.0934,-4.6799, 0.8196, 1.1274,0
-0.0329, 0.0000,-2.8682, 3.1415,-0.6268,-2.8806,-4.6799, 0.8076, 1.1281,0
-0.0394, 0.0000,-2.8996, 3.1415,-0.6407,-3.0894,-4.6799, 0.8308, 1.1288,0
-0.0460, 0.0000,-2.9279, 3.1415,-0.6556,-2.8798,-4.6799, 0.8178, 1.1295,0
-0.0526, 0.0000,-2.9562, 3.1415,-0.6647,-2.8379,-4.6799, 0.8185, 1.1303,0
-0.0594, 0.0000,-2.9845, 3.1415,-0.6786,-2.8295,-4.6799, 0.8213, 1.1310,0
-0.0665, 0.0000,-3.0127, 3.1415,-0.6996,-2.8278,-4.6799, 0.8240, 1.1317,0
-0.0736, 0.0000,-3.0410, 3.1415,-0.7098,-2.8275,-4.6799, 0.8263, 1.1324,0
-0.0807, 0.0000,-3.0724, 3.1415,-0.7119,-3.0787, 4.6799, 0.8263, 1.1324,1
-0.0873, 0.0000,-3.1007, 3.1415,-0.6638,-2.8777, 4.6799, 0.8263, 1.1324,1
-0.0939, 0.0000,-3.1290, 3.1415,-0.6602,-2.8374, 4.6799, 0.8263, 1.1324,1
-0.1001, 0.0000,-3.1541, 3.1415,-0.6353,-2.5781, 4.6799, 0.8263, 1.1324,1
-0.1058, 0.0000,-3.1761, 3.1415,-0.5818,-2.2749, 4.6799, 0.8263, 1.1324,1
-0.1111, 0.0000,-3.1981, 3.1415,-0.5407,-2.2142, 4.6799, 0.8263, 1.1324,1
-0.1158, 0.0000,-3.2169, 3.1415,-0.4780,-1.9508, 4.6799, 0.8263, 1.1324,1
-0.1202, 0.0000,-3.2389, 3.1415,-0.4472,-2.1494, 4.6799, 0.8263, 1.1324,1
-0.1239, 0.0000,-3.2546, 3.1415,-0.3865,-1.6865,-4.6799, 0.7533, 1.1331,0
-0.1283, 0.0000,-3.2735, 3.1415,-0.4350,-1.8452,-4.6799, 0.7595, 1.1338,0
-0.1322, 0.0000,-3.2923, 3.1415,-0.3962,-1.8770,-4.6799, 0.7592, 1.1346,0
-0.1360, 0.0000,-3.3143, 3.1415,-0.3824,-2.1346,-4.6799, 0.7711, 1.1353,0
-0.1402, 0.0000,-3.3332, 3.1415,-0.4099,-1.9349,-4.6799, 0.7573, 1.1360,0
-0.1446, 0.0000,-3.3552, 3.1415,-0.4397,-2.1462,-4.6799, 0.7662, 1.1367,0
-0.1492, 0.0000,-3.3803, 3.1415,-0.4517,-2.4398,-4.6799, 0.7810, 1.1374,0
-0.1539, 0.0000,-3.4054, 3.1415,-0.4662,-2.4986,-4.6799, 0.7806, 1.1382,0
-0.1589, 0.0000,-3.4337, 3.1415,-0.4934,-2.7616,-4.6799, 0.7944, 1.1389,0
-0.1641, 0.0000,-3.4620, 3.1415,-0.5170,-2.8142,-4.6799, 0.7924, 1.1396,0
-0.1695, 0.0000,-3.4903, 3.1415,-0.5339,-2.8247,-4.6799, 0.7865, 1.1403,0
-0.1750, 0.0000,-3.5217, 3.1415,-0.5494,-3.0782,-4.6799, 0.7994, 1.1410,0
-0.1807, 0.0000,-3.5531, 3.1415,-0.5646,-3.1289,-4.6799, 0.7951, 1.1417,0
-0.1867, 0.0000,-3.5876, 3.1415,-0.5919,-3.3903,-4.6799, 0.8087, 1.1425,0
-0.1928, 0.0000,-3.6253, 3.1415,-0.6095,-3.6940,-4.6799, 0.8267, 1.1432,0
-0.1991, 0.0000,-3.6630, 3.1415,-0.6190,-3.7547,-4.6799, 0.8200, 1.1439,0
-0.2054, 0.0000,-3.7007, 3.1415,-0.6331,-3.7668,-4.6799, 0.8073, 1.1446,0
-0.2122, 0.0000,-3.7447, 3.1415,-0.6662,-4.2719,-4.6799, 0.8468, 1.1453,0
-0.2190, 0.0000,-3.7887, 3.1415,-0.6789,-4.3729,-4.6799, 0.8406, 1.1460,0
-0.2260, 0.0000,-3.8358, 3.1415,-0.6936,-4.6445,-4.6799, 0.8538, 1.1468,0
-0.2332, 0.0000,-3.8830, 3.1415,-0.7147,-4.6988,-4.6799, 0.8387, 1.1475,0
-0.2406, 0.0000,-3.9332, 3.1415,-0.7371,-4.9610,-4.6799, 0.8491, 1.1482,0
-0.2480, 0.0000,-3.9866, 3.1415,-0.7416,-5.2647,-4.6799, 0.8646, 1.1489,0
-0.2556, 0.0000,-4.0432, 3.1415,-0.7546,-5.5768,-4.6799, 0.8808, 1.1496,0
-0.2639, 0.0000,-4.1029, 3.1415,-0.8179,-5.8905,-4.6799, 0.8968, 1.1504,0
-0.2739, 0.0000,-4.1626, 3.1415,-0.9639,-5.9533,-4.6799, 0.8713, 1.1511,0
-0.2858, 0.0000,-4.2254, 3.1415,-1.1447,-6.2172,-4.6799, 0.8771, 1.1518,0
-0.2988, 0.0000,-4.2914, 3.1415,-1.2657,-6.5213,-4.6799, 0.8888, 1.1525,0
-0.3123, 0.0000,-4.3605, 3.1415,-1.3324,-6.8334,-4.6799, 0.9012, 1.1532,0
-0.3259, 0.0000,-4.4296, 3.1415,-1.3518,-6.8958,-4.6799, 0.8660, 1.1539,0
-0.3389, 0.0000,-4.5050, 3.1415,-1.3132,-7.4110, 1.0459, 0.9167, 1.1547,0
-0.3476, 0.0000,-4.5804, 3.1415,-0.9599,-7.5140, 4.6799, 0.8849, 1.1554,0
-0.3495, 0.0000,-4.6621, 3.1415,-0.3435,-8.0373, 4.6799, 0.9404, 1.1561,0
-0.3466, 0.0000,-4.7438, 3.1415, 0.1616,-8.1419, 4.6799, 0.9055, 1.1568,0
-0.3396, 0.0000,-4.8286, 3.1415, 0.5901,-8.4142, 4.6799, 0.9079, 1.1575,0
-0.3301, 0.0000,-4.9165, 3.1415, 0.8820,-8.7200, 4.6799, 0.9189, 1.1583,0
-0.3191, 0.0000,-5.0108, 3.1415, 1.0555,-9.2838, 4.6799, 0.9955, 1.1590,0
-0.3066, 0.0000,-5.1050, 3.1415, 1.2115,-9.3965, 4.6799, 0.9613, 1.1597,0
-0.2931, 0.0000,-5.2024, 3.1415, 1.3215,-9.6704, 4.6799, 0.9712, 1.1604,0
-0.2793, 0.0000,-5.3061, 3.1415, 1.3678,-10.2278, 4.6799, 1.0627, 1.1611,0
-0.2660, 0.0000,-5.4098, 3.1415, 1.3407,-10.3394, 4.6799, 1.0354, 1.1618,0
-0.2538, 0.0000,-5.5197, 3.1415, 1.2443,-10.8643, 4.6799, 1.1336, 1.1626,0
-0.2423, 0.0000,-5.6328, 3.1415, 1.1644,-11.2206,-4.6799, 1.1911, 1.1633,0
-0.2344, 0.0000,-5.7522, 3.1415, 0.8695,-11.7945,-4.6799, 1.3283, 1.1640,0
-0.2360, 0.0000,-5.8716, 3.1415, 0.0405,-11.9093,-4.6799, 1.3275, 1.1647,0
-0.2421, 0.0000,-5.9910, 3.1415,-0.4769,-11.9323,-4.6799, 1.3056, 1.1654,0
-0.2488, 0.0000,-6.1135, 3.1415,-0.6289,-12.1882,-4.6799, 1.3719, 1.1662,0
-0.2547, 0.0000,-6.2392, 3.1415,-0.5987,-12.4907,-4.6799, 1.4668, 1.1669,0
-0.2610, 0.0000,-6.3617, 3.1415,-0.6230,-12.2999,-4.6799, 1.4021, 1.1676,0
-0.2668, 0.0000,-6.4811, 3.1415,-0.5914,-12.0103,-4.6799, 1.3154, 1.1683,0
-0.2739, 0.0000,-6.6004, 3.1415,-0.6821,-11.9525,-4.6799, 1.3178, 1.1690,0
-0.2825, 0.0000,-6.7198, 3.1415,-0.8276,-11.9409,-4.6799, 1.3454, 1.1697,0
-0.2926, 0.0000,-6.8329, 3.1415,-0.9719,-11.4359, 2.6277, 1.2186, 1.1705,0
-0.3000, 0.0000,-6.9460, 3.1415,-0.7886,-11.3350,-4.6799, 1.2327, 1.1712,0
-0.3028, 0.0000,-7.0528, 3.1415,-0.3820,-10.8121, 4.6799, 1.1209, 1.1719,0
-0.3043, 0.0000,-7.1596, 3.1415,-0.1916,-10.7075, 4.6799, 1.1456, 1.1726,0
-0.2994, 0.0000,-7.2602, 3.1415, 0.3497,-10.1840, 4.6799, 1.0502, 1.1733,0
-0.2925, 0.0000,-7.3607, 3.1415, 0.6217,-10.0792, 4.6799, 1.0822, 1.1741,0
-0.2863, 0.0000,-7.4549, 3.1415, 0.6215,-9.5556, 4.6799, 0.9993, 1.1748,0
-0.2786, 0.0000,-7.5492, 3.1415, 0.7367,-9.4509, 4.6799, 1.0350, 1.1755,0
-0.2707, 0.0000,-7.6403, 3.1415, 0.7839,-9.1786, 4.6799, 1.0272, 1.1762,0
-0.2623, 0.0000,-7.7251, 3.1415, 0.8237,-8.6216, 4.6799, 0.9484, 1.1769,0
-0.2539, 0.0000,-7.8099, 3.1415, 0.8377,-8.5101, 4.6799, 0.9823, 1.1776,0
-0.2472, 0.0000,-7.8885, 3.1415, 0.7071,-7.9851, 4.6799, 0.9174, 1.1784,0
-0.2435, 0.0000,-7.9670, 3.1415, 0.4324,-7.8802, 2.0743, 0.9504, 1.1791,0
-0.2432, 0.0000,-8.0393, 3.1415, 0.1168,-7.3566,-4.6799, 0.8900, 1.1798,0
-0.2471, 0.0000,-8.1115, 3.1415,-0.2919,-7.2518,-4.6799, 0.9191, 1.1805,0
-0.2514, 0.0000,-8.1807, 3.1415,-0.4039,-6.9796,-4.6799, 0.9124, 1.1812,0
-0.2560, 0.0000,-8.2466, 3.1415,-0.4446,-6.6737,-4.6799, 0.8983, 1.1820,0
-0.2606, 0.0000,-8.3095, 3.1415,-0.4587,-6.3613,-4.6799, 0.8824, 1.1827,0
-0.2652, 0.0000,-8.3692, 3.1415,-0.4616,-6.0474,-4.6799, 0.8658, 1.1834,0
-0.2699, 0.0000,-8.4288, 3.1415,-0.4682,-5.9847,-4.6799, 0.8919, 1.1841,0
-0.2745, 0.0000,-8.4823, 3.1415,-0.4635,-5.4694,-4.6799, 0.8408, 1.1848,0
-0.2789, 0.0000,-8.5357, 3.1415,-0.4443,-5.3664,-4.6799, 0.8556, 1.1855,0
-0.2830, 0.0000,-8.5828, 3.1415,-0.4162,-4.8431,-4.6799, 0.8066, 1.1863,0
-0.2869, 0.0000,-8.6299, 3.1415,-0.3924,-4.7385,-4.6799, 0.8173, 1.1870,0
-0.2906, 0.0000,-8.6739, 3.1415,-0.3756,-4.4662,-4.6799, 0.8042, 1.1877,0
-0.2940, 0.0000,-8.7147, 3.1415,-0.3479,-4.1605,-4.6799, 0.7869, 1.1884,0
-0.2971, 0.0000,-8.7556, 3.1415,-0.3181,-4.0993,-4.6799, 0.7985, 1.1891,0
-0.3000, 0.0000,-8.7901, 3.1415,-0.2940,-3.5844,-4.6799, 0.7581, 1.1899,0
-0.3027, 0.0000,-8.8247, 3.1415,-0.2710,-3.4814,-4.6799, 0.7623, 1.1906,0
-0.3049, 0.0000,-8.8592, 3.1415,-0.2361,-3.4608,-4.6799, 0.7739, 1.1913,0
-0.3070, 0.0000,-8.8875, 3.1415,-0.2109,-2.9541,-4.6799, 0.7391, 1.1920,0
-0.3087, 0.0000,-8.9126, 3.1415,-0.1816,-2.6014,-4.6799, 0.7207, 1.1927,0
-0.3103, 0.0000,-8.9378, 3.1415,-0.1636,-2.5309,-4.6799, 0.7243, 1.1934,0
-0.3115, 0.0000,-8.9598, 3.1415,-0.1297,-2.2654,-4.6799, 0.7137, 1.1942,0
-0.3125, 0.0000,-8.9818, 3.1415,-0.1047,-2.2123,-4.6799, 0.7173, 1.1949,0
-0.3133, 0.0000,-9.0006, 3.1415,-0.0815,-1.9504,-4.6799, 0.7077, 1.1956,0
-0.3138, 0.0000,-9.0163, 3.1415,-0.0587,-1.6467,-4.6799, 0.6969, 1.1963,0
-0.3141, 0.0000,-9.0320, 3.1415,-0.0360,-1.5859,-4.6799, 0.6986, 1.1970,0
-0.3141, 0.0000,-9.0415, 3.1415,-0.0072,-1.0711,-4.6799, 0.6820, 1.1978,0
-0.3141, 0.0000,-9.0540, 3.1415,-0.0014,-1.2195,-4.6799, 0.6901, 1.1985,0
-0.3141, 0.0000,-9.0634, 3.1415,-0.0002,-0.9978,-4.6799, 0.6856, 1.1992,0
-0.3140, 0.0000,-9.0729, 3.1415, 0.0060,-0.9535,-4.6799, 0.6868, 1.1999,0
-0.3140, 0.0000,-9.0823, 3.1415, 0.0012,-0.9447,-4.6799, 0.6888, 1.2006,0
-0.3140, 0.0000,-9.0886, 3.1415, 0.0002,-0.6915,-4.6799, 0.6845, 1.2013,0
-0.3140, 0.0000,-9.0949, 3.1415, 0.0000,-0.6409,-4.6799, 0.6851, 1.2021,0
-0.3140, 0.0000,-9.1011, 3.1415, 0.0000,-0.6308,-4.5843, 0.6863, 1.2028,0
-0.3140, 0.0000,-9.1043, 3.1415, 0.0000,-0.3774, 3.5316, 0.6835, 1.2035,0
-0.3140, 0.0000,-9.1074, 3.1415, 0.0000,-0.3268, 4.6799, 0.6837, 1.2042,0
-0.3140, 0.0000,-9.1106, 3.1415, 0.0000,-0.3167, 4.6799, 0.6843, 1.2049,0
-0.3140, 0.0000,-9.1106, 3.1415, 0.0000,-0.0633, 4.6799, 0.6830, 1.2057,0
-0.3140, 0.0000,-9.1106, 3.1415, 0.0000,-0.0126, 4.6799, 0.6829, 1.2064,0
-0.3140, 0.0000,-9.1106, 3.1415, 0.0000,-0.0025, 4.6799, 0.6829, 1.2071,0
-0.3140, 0.0000,-9.1106, 3.1415, 0.0000,-0.0005, 4.6799, 0.6829, 1.2078,0
-0.3140, 0.0000,-9.1074, 3.1415, 0.0000, 0.2512, 4.6799, 0.6831, 1.2085,0
-0.3140, 0.0000,-9.1043, 3.1415, 0.0000, 0.3015, 4.6799, 0.6828, 1.2092,0
-0.3140, 0.0000,-9.0980, 3.1415, 0.0000, 0.5630, 4.6799, 0.6845, 1.2100,0
-0.3140, 0.0000,-9.0949, 3.1415, 0.0000, 0.3639, 4.6799, 0.6812, 1.2107,0
-0.3140, 0.0000,-9.0886, 3.1415, 0.0000, 0.5754, 4.6799, 0.6825, 1.2114,0
-0.3140, 0.0000,-9.0792, 3.1415, 0.0060, 0.8690, 4.6799, 0.6862, 1.2121,0
-0.3140, 0.0000,-9.0729, 3.1415, 0.0012, 0.6765, 4.6799, 0.6805, 1.2128,0
-0.3140, 0.0000,-9.0634, 3.1415, 0.0002, 0.8893, 4.6799, 0.6828, 1.2136,0
-0.3140, 0.0000,-9.0540, 3.1415, 0.0000, 0.9317, 4.6799, 0.6814, 1.2143,0
-0.3140, 0.0000,-9.0415, 3.1415, 0.0000, 1.1916, 4.6799, 0.6858, 1.2150,0
-0.3140, 0.0000,-9.0289, 3.1415, 0.0000, 1.2436, 4.6799, 0.6842, 1.2157,0
-0.3140, 0.0000,-9.0132, 3.1415, 0.0000, 1.5053, 4.6799, 0.6898, 1.2164,0
-0.3140, 0.0000,-9.0006, 3.1415, 0.0000, 1.3063, 4.6799, 0.6783, 1.2171,0
-0.3140, 0.0000,-8.9849, 3.1415, 0.0000, 1.5178, 4.6799, 0.6820, 1.2179,0
-0.3140, 0.0000,-8.9661, 3.1415, 0.0000, 1.8115, 4.6799, 0.6898, 1.2186,0
-0.3140, 0.0000,-8.9472, 3.1415, 0.0000, 1.8703, 4.6799, 0.6867, 1.2193,0
-0.3140, 0.0000,-8.9252, 3.1415, 0.0000, 2.1333, 4.6799, 0.6940, 1.2200,0
-0.3140, 0.0000,-8.9064, 3.1415, 0.0000, 1.9346, 4.6799, 0.6761, 1.2207,0
-0.3140, 0.0000,-8.8812, 3.1415, 0.0000, 2.3975, 4.6799, 0.6950, 1.2215,0
-0.3140, 0.0000,-8.8561, 3.1415, 0.0000, 2.4901, 4.6799, 0.6919, 1.2222,0
-0.3140, 0.0000,-8.8310, 3.1415, 0.0000, 2.5086, 4.6799, 0.6832, 1.2229,0
-0.3140, 0.0000,-8.8027, 3.1415, 0.0000, 2.7636, 4.6799, 0.6905, 1.2236,0
-0.3140, 0.0000,-8.7713, 3.1415, 0.0000, 3.0660, 4.6799, 0.7017, 1.2243,0
-0.3140, 0.0000,-8.7399, 3.1415, 0.0000, 3.1264, 4.6799, 0.6930, 1.2250,0
-0.3140, 0.0000,-8.7084, 3.1415, 0.0000, 3.1385, 4.6799, 0.6795, 1.2258,0
-0.3140, 0.0000,-8.6707, 3.1415, 0.0000, 3.6436, 4.6799, 0.7093, 1.2265,0
-0.3140, 0.0000,-8.6330, 3.1415, 0.0000, 3.7446, 4.6799, 0.7008, 1.2272,0
-0.3140, 0.0000,-8.5953, 3.1415, 0.0000, 3.7648, 4.6799, 0.6833, 1.2279,0
-0.3140, 0.0000,-8.5514, 3.1415, 0.0000, 4.2715, 4.6799, 0.7166, 1.2286,0
-0.3140, 0.0000,-8.5074, 3.1415, 0.0000, 4.3729, 4.6799, 0.7042, 1.2294,0
-0.3140, 0.0000,-8.4603, 3.1415, 0.0000, 4.6444, 4.6799, 0.7112, 1.2301,0
-0.3140, 0.0000,-8.4131, 3.1415, 0.0000, 4.6988, 4.6799, 0.6900, 1.2308,0
-0.3140, 0.0000,-8.3597, 3.1415, 0.0000, 5.2122, 4.6799, 0.7282, 1.2315,0
-0.3140, 0.0000,-8.3063, 3.1415, 0.0000, 5.3149, 4.6799, 0.7093, 1.2322,0
-0.3140, 0.0000,-8.2498, 3.1415, 0.0000, 5.5869, 4.6799, 0.7138, 1.2329,0
-0.3140, 0.0000,-8.1901, 3.1415,-0.0060, 5.8925, 4.6799, 0.7229, 1.2337,0
-0.3140, 0.0000,-8.1273, 3.1415,-0.0012, 6.2051, 4.6799, 0.7328, 1.2344,0
-0.3140, 0.0000,-8.0613, 3.1415,-0.0002, 6.5188, 4.6799, 0.7427, 1.2351,0
-0.3140, 0.0000,-7.9922, 3.1415,-0.0000, 6.8329, 4.6799, 0.7526, 1.2358,0
-0.3141, 0.0000,-7.9199, 3.1415,-0.0060, 7.1471, 4.6799, 0.7624, 1.2365,0
-0.3143, 0.0000,-7.8476, 3.1415,-0.0133, 7.2099, 4.6799, 0.7232, 1.2373,0
-0.3144, 0.0000,-7.7691, 3.1415,-0.0147, 7.7251, 3.5287, 0.7746, 1.2380,0
-0.3147, 0.0000,-7.6874, 3.1415,-0.0272, 8.0795,-4.6799, 0.7948, 1.2387,0
-0.3152, 0.0000,-7.6057, 3.1415,-0.0418, 8.1504,-4.6799, 0.7536, 1.2394,0
-0.3158, 0.0000,-7.5178, 3.1415,-0.0568, 8.6672,-4.6799, 0.8148, 1.2401,0
-0.3165, 0.0000,-7.4298, 3.1415,-0.0720, 8.7705,-4.6799, 0.7814, 1.2408,0
-0.3176, 0.0000,-7.3356, 3.1415,-0.0992, 9.2939,-4.6799, 0.8534, 1.2416,0
-0.3188, 0.0000,-7.2413, 3.1415,-0.1168, 9.3985,-4.6799, 0.8237, 1.2423,0
-0.3202, 0.0000,-7.1408, 3.1415,-0.1385, 9.9222,-4.6799, 0.9085, 1.2430,0
-0.3220, 0.0000,-7.0403, 3.1415,-0.1671, 10.0269,-4.6799, 0.8856, 1.2437,0
-0.3240, 0.0000,-6.9366, 3.1415,-0.1910, 10.2991,-4.6799, 0.9148, 1.2444,0
-0.3262, 0.0000,-6.8298, 3.1415,-0.2140, 10.6049,-4.6799, 0.9610, 1.2451,0
-0.3286, 0.0000,-6.7230, 3.1415,-0.2368, 10.6661,-4.6799, 0.9429, 1.2459,0
-0.3311, 0.0000,-6.6130, 3.1415,-0.2474, 10.9296,-4.6799, 0.9930, 1.2466,0
-0.3338, 0.0000,-6.4999, 3.1415,-0.2677, 11.2337,-4.6799, 1.0654, 1.2473,0
-0.3365, 0.0000,-6.3868, 3.1415,-0.2657, 11.2945,-4.6799, 1.0716, 1.2480,0
-0.3391, 0.0000,-6.2769, 3.1415,-0.2653, 11.0553,-4.6799, 0.9930, 1.2487,0
-0.3415, 0.0000,-6.1638, 3.1415,-0.2471, 11.2588,-4.6799, 1.0616, 1.2495,0
-0.3437, 0.0000,-6.0538, 3.1415,-0.2252, 11.0482,-4.6799, 1.0095, 1.2502,0
-0.3450, 0.0000,-5.9470, 3.1415,-0.1481, 10.7547,-4.6799, 0.9414, 1.2509,0
-0.3446, 0.0000,-5.8465, 3.1415, 0.0067, 10.1934,-4.6799, 0.8039, 1.2516,0
-0.3434, 0.0000,-5.7522, 3.1415, 0.0923, 9.5785,-4.6799, 0.6652, 1.2523,0
-0.3422, 0.0000,-5.6548, 3.1415, 0.1154, 9.7068,-4.6799, 0.7381, 1.2530,0
-0.3404, 0.0000,-5.5637, 3.1415, 0.1686, 9.2298,-4.6799, 0.6525, 1.2538,0
-0.3384, 0.0000,-5.4726, 3.1415, 0.1974, 9.1344,-4.6799, 0.6732, 1.2545,0
-0.3364, 0.0000,-5.3878, 3.1415, 0.1971, 8.6127,-4.6799, 0.5895, 1.2552,0
-0.3343, 0.0000,-5.3030, 3.1415, 0.2092, 8.5083,-4.6799, 0.6136, 1.2559,0
-0.3318, 0.0000,-5.2213, 3.1415, 0.2419, 8.2361,-4.6799, 0.5997, 1.2566,0
-0.3290, 0.0000,-5.1427, 3.1415, 0.2666, 7.9304,-4.6799, 0.5808, 1.2574,0
-0.3263, 0.0000,-5.0673, 3.1415, 0.2716, 7.6179,-4.6799, 0.5628, 1.2581,0
-0.3236, 0.0000,-4.9951, 3.1415, 0.2726, 7.3041,-4.6799, 0.5465, 1.2588,0
-0.3208, 0.0000,-4.9228, 3.1415, 0.2788, 7.2413,-4.6799, 0.5840, 1.2595,0
-0.3177, 0.0000,-4.8569, 3.1415, 0.2983, 6.7261,-4.6799, 0.5299, 1.2602,0
-0.3149, 0.0000,-4.7940, 3.1415, 0.2900, 6.3717,-4.6799, 0.5098, 1.2609,0
-0.3121, 0.0000,-4.7343, 3.1415, 0.2823, 6.0495, 4.6799, 0.4965, 1.2617,0
-0.3093, 0.0000,-4.6746, 3.1415, 0.2747, 5.9851, 4.6799, 0.5285, 1.2624,0
-0.3065, 0.0000,-4.6212, 3.1415, 0.2792, 5.4696, 4.6799, 0.4841, 1.2631,0
-0.3038, 0.0000,-4.5678, 3.1415, 0.2741, 5.3664, 4.6799, 0.5065, 1.2638,0
-0.3012, 0.0000,-4.5207, 3.1415, 0.2609, 4.8432, 4.6799, 0.4651, 1.2645,0
-0.2987, 0.0000,-4.4736, 3.1415, 0.2522, 4.7385, 4.6799, 0.4841, 1.2653,0
-0.2962, 0.0000,-4.4296, 3.1415, 0.2505, 4.4663, 4.6799, 0.4796, 1.2660,0
-0.2938, 0.0000,-4.3919, 3.1415, 0.2441, 3.9091, 4.6799, 0.4401, 1.2667,0
-0.2916, 0.0000,-4.3542, 3.1415, 0.2246, 3.7977, 4.6799, 0.4536, 1.2674,0
-0.2896, 0.0000,-4.3196, 3.1415, 0.2025, 3.5241, 4.6799, 0.4486, 1.2681,0
-0.2877, 0.0000,-4.2914, 3.1415, 0.1921, 2.9667, 4.6799, 0.4166, 1.2688,0
-0.2860, 0.0000,-4.2631, 3.1415, 0.1778, 2.8553, 4.6799, 0.4259, 1.2696,0
-0.2845, 0.0000,-4.2380, 3.1415, 0.1507, 2.5816, 4.6799, 0.4213, 1.2703,0
-0.2834, 0.0000,-4.2160, 3.1415, 0.1211, 2.2756, 4.6799, 0.4144, 1.2710,0
-0.2824, 0.0000,-4.1971, 3.1415, 0.1091, 1.9630, 4.6799, 0.4077, 1.2717,0
-0.2815, 0.0000,-4.1814, 3.1415, 0.0885, 1.6492, 4.6799, 0.4016, 1.2724,0
-0.2808, 0.0000,-4.1688, 3.1415, 0.0722, 1.3351, 4.6799, 0.3963, 1.2732,0
-0.2805, 0.0000,-4.1594, 3.1415, 0.0447, 1.0210, 4.6799, 0.3917, 1.2739,0
-0.2803, 0.0000,-4.1531, 3.1415, 0.0210, 0.7068, 4.6799, 0.3879, 1.2746,0
-0.2803, 0.0000,-4.1500, 3.1415, 0.0042, 0.3927, 4.6799, 0.3850, 1.2753,0
-0.2803, 0.0000,-4.1469, 3.1415, 0.0008, 0.3298, 4.6799, 0.3862, 1.2760,0
-0.2805, 0.0000,-4.1469, 3.1415,-0.0119, 0.0659, 4.6799, 0.3848, 1.2767,0
-0.2805, 0.0000,-4.1531, 3.1415,-0.0023,-0.4894, 2.7354, 0.3843, 1.2775,0
-0.2805, 0.0000,-4.1594, 3.1415,-0.0004,-0.6005,-3.3314, 0.3821, 1.2782,0
-0.2805, 0.0000,-4.1657, 3.1415,-0.0000,-0.6227,-4.6799, 0.3787, 1.2789,0
-0.2805, 0.0000,-4.1783, 3.1415,-0.0000,-1.1298,-4.6799, 0.3834, 1.2796,0
-0.2805, 0.0000,-4.1908, 3.1415,-0.0000,-1.2312,-4.6799, 0.3789, 1.2803,0
-0.2805, 0.0000,-4.2097, 3.1415,-0.0000,-1.7542,-4.6799, 0.3890, 1.2811,0
-0.2805, 0.0000,-4.2285, 3.1415,-0.0000,-1.8587,-4.6799, 0.3823, 1.2818,0
-0.2805, 0.0000,-4.2474, 3.1415,-0.0000,-1.8797,-4.6799, 0.3714, 1.2825,0
-0.2805, 0.0000,-4.2725, 3.1415,-0.0000,-2.3865,-4.6799, 0.3854, 1.2832,0
-0.2805, 0.0000,-4.3008, 3.1415,-0.0000,-2.7392,-4.6799, 0.3923, 1.2839,0
-0.2805, 0.0000,-4.3291, 3.1415,-0.0000,-2.8098,-4.6799, 0.3790, 1.2846,0
-0.2805, 0.0000,-4.3636, 3.1415,-0.0000,-3.3265,-4.6799, 0.4002, 1.2854,0
-0.2805, 0.0000,-4.3982, 3.1415,-0.0000,-3.4298,-4.6799, 0.3865, 1.2861,0
-0.2805, 0.0000,-4.4359, 3.1415,-0.0000,-3.7019,-4.6799, 0.3878, 1.2868,0
-0.2805, 0.0000,-4.4767, 3.1415,-0.0000,-4.0076,-4.6799, 0.3924, 1.2875,0
-0.2805, 0.0000,-4.5238, 3.1415,-0.0000,-4.5714,-4.6799, 0.4271, 1.2882,0
-0.2805, 0.0000,-4.5678, 3.1415,-0.0000,-4.4328,-4.6799, 0.3785, 1.2890,0
-0.2805, 0.0000,-4.6181, 3.1415,-0.0000,-4.9078,-4.6799, 0.4047, 1.2897,0
-0.2805, 0.0000,-4.6715, 3.1415,-0.0000,-5.2541, 0.4199, 0.4157, 1.2904,0
-0.2804, 0.0000,-4.7280, 3.1415, 0.0060,-5.5747, 4.6799, 0.4238, 1.2911,0
-0.2803, 0.0000,-4.7877, 3.1415, 0.0072,-5.8901, 4.6799, 0.4316, 1.2918,0
-0.2802, 0.0000,-4.8506, 3.1415, 0.0135,-6.2045, 4.6799, 0.4400, 1.2925,0
-0.2800, 0.0000,-4.9134, 3.1415, 0.0148,-6.2674, 4.6799, 0.4065, 1.2933,0
-0.2798, 0.0000,-4.9825, 3.1415, 0.0211,-6.7826, 4.6799, 0.4524, 1.2940,0
-0.2794, 0.0000,-5.0548, 3.1415, 0.0345,-7.1370, 4.6799, 0.4720, 1.2947,0
-0.2789, 0.0000,-5.1270, 3.1415, 0.0493,-7.2079, 4.6799, 0.4380, 1.2954,0
-0.2783, 0.0000,-5.2056, 3.1415, 0.0583,-7.7247, 4.6799, 0.4954, 1.2961,0
-0.2774, 0.0000,-5.2841, 3.1415, 0.0783,-7.8281, 4.6799, 0.4693, 1.2969,0
-0.2764, 0.0000,-5.3658, 3.1415, 0.0944,-8.1001, 4.6799, 0.4820, 1.2976,0
-0.2753, 0.0000,-5.4538, 3.1415, 0.1098,-8.6571, 4.6799, 0.5643, 1.2983,0
-0.2740, 0.0000,-5.5417, 3.1415, 0.1250,-8.7686, 4.6799, 0.5468, 1.2990,0
-0.2725, 0.0000,-5.6297, 3.1415, 0.1462,-8.7908, 4.6799, 0.5117, 1.2997,0
-0.2709, 0.0000,-5.7239, 3.1415, 0.1565,-9.2979, 4.6799, 0.6016, 1.3004,0
-0.2692, 0.0000,-5.8182, 3.1415, 0.1707,-9.3994, 4.6799, 0.5950, 1.3012,0
-0.2673, 0.0000,-5.9124, 3.1415, 0.1796,-9.4197, 4.6799, 0.5729, 1.3019,0
-0.2654, 0.0000,-6.0098, 3.1415, 0.1875,-9.6750, 4.6799, 0.6190, 1.3026,0
-0.2636, 0.0000,-6.1103, 3.1415, 0.1890,-9.9774, 4.6799, 0.6863, 1.3033,0
-0.2617, 0.0000,-6.2077, 3.1415, 0.1894,-9.7866, 4.6799, 0.6248, 1.3040,0
-0.2598, 0.0000,-6.3083, 3.1415, 0.1894,-9.9997, 4.6799, 0.6820, 1.3048,0
-0.2579, 0.0000,-6.4057, 3.1415, 0.1834,-9.7911, 4.6799, 0.6294, 1.3055,0
-0.2560, 0.0000,-6.5030, 3.1415, 0.1943,-9.7493, 4.6799, 0.6298, 1.3062,0
-0.2541, 0.0000,-6.6036, 3.1415, 0.1904,-9.9923, 4.6799, 0.7163, 1.3069,0
-0.2522, 0.0000,-6.6978, 3.1415, 0.1896,-9.5382, 4.6799, 0.6164, 1.3076,0
-0.2503, 0.0000,-6.7952, 3.1415, 0.1895,-9.6987, 4.6799, 0.6909, 1.3083,0
-0.2485, 0.0000,-6.8895, 3.1415, 0.1773,-9.4796, 4.6799, 0.6679, 1.3091,0
-0.2468, 0.0000,-6.9806, 3.1415, 0.1749,-9.1843, 4.6799, 0.6305, 1.3098,0
-0.2452, 0.0000,-7.0717, 3.1415, 0.1623,-9.1253, 4.6799, 0.6596, 1.3105,0
-0.2438, 0.0000,-7.1565, 3.1415, 0.1476,-8.6109, 4.6799, 0.5768, 1.3112,0
-0.2425, 0.0000,-7.2413, 3.1415, 0.1326,-8.5080, 4.6799, 0.6005, 1.3119,0
-0.2413, 0.0000,-7.3230, 3.1415, 0.1174,-8.2361, 4.6799, 0.5860, 1.3127,0
-0.2403, 0.0000,-7.4015, 3.1415, 0.1083,-7.9303, 4.6799, 0.5665, 1.3134,0
-0.2394, 0.0000,-7.4801, 3.1415, 0.0944,-7.8693, 4.6799, 0.6047, 1.3141,0
-0.2386, 0.0000,-7.5523, 3.1415, 0.0795,-7.3543, 4.6799, 0.5439, 1.3148,0
-0.2379, 0.0000,-7.6215, 3.1415, 0.0765,-7.0000, 4.6799, 0.5205, 1.3155,0
-0.2373, 0.0000,-7.6906, 3.1415, 0.0638,-6.9292, 4.6799, 0.5554, 1.3162,0
-0.2367, 0.0000,-7.7534, 3.1415, 0.0552,-6.4123, 4.6799, 0.5035, 1.3170,0
-0.2362, 0.0000,-7.8162, 3.1415, 0.0534,-6.3089, 4.6799, 0.5301, 1.3177,0
-0.2357, 0.0000,-7.8728, 3.1415, 0.0470,-5.7857, 4.6799, 0.4821, 1.3184,0
-0.2352, 0.0000,-7.9293, 3.1415, 0.0518,-5.6810,-4.6799, 0.5059, 1.3191,0
-0.2368, 0.0000,-7.9796, 3.1415,-0.1169,-5.1574,-4.6799, 0.4623, 1.3198,0
-0.2366, 0.0000,-8.0299, 3.1415,-0.0052,-5.0527,-4.6799, 0.4831, 1.3206,0
-0.2368, 0.0000,-8.0738, 3.1415,-0.0192,-4.5291,-4.6799, 0.4438, 1.3213,0
-0.2374, 0.0000,-8.1178, 3.1415,-0.0523,-4.4244,-4.6799, 0.4613, 1.3220,0
-0.2383, 0.0000,-8.1587, 3.1415,-0.0832,-4.1521,-4.6799, 0.4568, 1.3227,0
-0.2395, 0.0000,-8.1995, 3.1415,-0.1136,-4.0975,-4.6799, 0.4783, 1.3234,0
-0.2410, 0.0000,-8.2341, 3.1415,-0.1379,-3.5841,-4.6799, 0.4462, 1.3241,0
-0.2424, 0.0000,-8.2686, 3.1415,-0.1427,-3.4814,-4.6799, 0.4590, 1.3249,0
-0.2442, 0.0000,-8.2969, 3.1415,-0.1740,-2.9582,-4.6799, 0.4303, 1.3256,0
-0.2461, 0.0000,-8.3252, 3.1415,-0.1864,-2.8536,-4.6799, 0.4400, 1.3263,0
-0.2482, 0.0000,-8.3503, 3.1415,-0.2070,-2.5812,-4.6799, 0.4352, 1.3270,0
-0.2504, 0.0000,-8.3754, 3.1415,-0.2172,-2.5269,-4.6799, 0.4471, 1.3277,0
-0.2529, 0.0000,-8.3943, 3.1415,-0.2374,-2.0133,-4.6799, 0.4261, 1.3285,0
-0.2555, 0.0000,-8.4131, 3.1415,-0.2597,-1.9106,-4.6799, 0.4320, 1.3292,0
-0.2583, 0.0000,-8.4320, 3.1415,-0.2762,-1.8900,-4.6799, 0.4423, 1.3299,0
-0.2612, 0.0000,-8.4446, 3.1415,-0.2856,-1.3833,-4.6799, 0.4266, 1.3306,0
-0.2640, 0.0000,-8.4571, 3.1415,-0.2814,-1.2819,-4.6799, 0.4303, 1.3313,0
-0.2663, 0.0000,-8.4665, 3.1415,-0.2381,-1.0103,-4.6799, 0.4271, 1.3320,0
-0.2692, 0.0000,-8.4697, 3.1415,-0.2780,-0.4534,-2.0844, 0.4176, 1.3328,0
-0.2718, 0.0000,-8.4760, 3.1415,-0.2678,-0.5933,-4.6799, 0.4233, 1.3335,0
-0.2745, 0.0000,-8.4760, 3.1415,-0.2657,-0.1186, 4.6799, 0.4186, 1.3342,0
-0.2769, 0.0000,-8.4760, 3.1415,-0.2471,-0.0237, 4.6799, 0.4184, 1.3349,0
-0.2790, 0.0000,-8.4697, 3.1415,-0.2192, 0.4978, 4.6799, 0.4182, 1.3356,0
-0.2811, 0.0000,-8.4634, 3.1415,-0.2136, 0.6022, 4.6799, 0.4161, 1.3364,0
-0.2831, 0.0000,-8.4540, 3.1415,-0.2003, 0.8743, 4.6799, 0.4161, 1.3371,0
-0.2849, 0.0000,-8.4414, 3.1415,-0.1795, 1.1802, 4.6799, 0.4175, 1.3378,0
-0.2865, 0.0000,-8.4257, 3.1415,-0.1693, 1.4926, 4.6799, 0.4197, 1.3385,0
-0.2880, 0.0000,-8.4069, 3.1415,-0.1551, 1.8064, 4.6799, 0.4228, 1.3392,0
-0.2895, 0.0000,-8.3849, 3.1415,-0.1462, 2.1206, 4.6799, 0.4265, 1.3399,0
-0.2908, 0.0000,-8.3629, 3.1415,-0.1323, 2.1833, 4.6799, 0.4166, 1.3407,0
-0.2921, 0.0000,-8.3346, 3.1415,-0.1356, 2.6985, 4.6799, 0.4339, 1.3414,0
-0.2933, 0.0000,-8.3063, 3.1415,-0.1241, 2.8016, 4.6799, 0.4237, 1.3421,0
-0.2945, 0.0000,-8.2749, 3.1415,-0.1157, 3.0736, 4.6799, 0.4257, 1.3428,0
-0.2955, 0.0000,-8.2403, 3.1415,-0.1080, 3.3793, 4.6799, 0.4305, 1.3435,0
-0.2965, 0.0000,-8.2026, 3.1415,-0.1004, 3.6917, 4.6799, 0.4361, 1.3442,0
-0.2975, 0.0000,-8.1618, 3.1415,-0.0989, 4.0055, 4.6799, 0.4422, 1.3450,0
-0.2985, 0.0000,-8.1178, 3.1415,-0.0986, 4.3197, 4.6799, 0.4485, 1.3457,0
-0.2994, 0.0000,-8.0707, 3.1415,-0.0924, 4.6338, 4.6799, 0.4550, 1.3464,0
-0.3004, 0.0000,-8.0236, 3.1415,-0.0973, 4.6967, 4.6799, 0.4300, 1.3471,0
-0.3013, 0.0000,-7.9702, 3.1415,-0.0922, 5.2118, 4.6799, 0.4635, 1.3478,0
-0.3023, 0.0000,-7.9136, 3.1415,-0.0972, 5.5662, 4.6799, 0.4765, 1.3486,0
-0.3034, 0.0000,-7.8571, 3.1415,-0.1104, 5.6371, 4.6799, 0.4471, 1.3493,0
-0.3046, 0.0000,-7.7942, 3.1415,-0.1130, 6.1539, 0.1526, 0.4873, 1.3500,0
-0.3058, 0.0000,-7.7314, 3.1415,-0.1196, 6.2573,-4.6799, 0.4603, 1.3507,0
-0.3072, 0.0000,-7.6654, 3.1415,-0.1391, 6.5293,-4.6799, 0.4622, 1.3514,0
-0.3089, 0.0000,-7.5932, 3.1415,-0.1612, 7.0863,-4.6799, 0.5179, 1.3521,0
-0.3108, 0.0000,-7.5209, 3.1415,-0.1838, 7.1978,-4.6799, 0.4905, 1.3529,0
-0.3130, 0.0000,-7.4424, 3.1415,-0.2126, 7.7227,-4.6799, 0.5477, 1.3536,0
-0.3153, 0.0000,-7.3638, 3.1415,-0.2304, 7.8277,-4.6799, 0.5198, 1.3543,0
-0.3180, 0.0000,-7.2822, 3.1415,-0.2583, 8.1000,-4.6799, 0.5299, 1.3550,0
-0.3209, 0.0000,-7.1942, 3.1415,-0.2881, 8.6572,-4.6799, 0.6091, 1.3557,0
-0.3240, 0.0000,-7.1062, 3.1415,-0.3062, 8.7685,-4.6799, 0.5881, 1.3565,0
-0.3275, 0.0000,-7.0151, 3.1415,-0.3401, 9.0422,-4.6799, 0.6105, 1.3572,0
-0.3313, 0.0000,-6.9209, 3.1415,-0.3712, 9.3482,-4.6799, 0.6465, 1.3579,0
-0.3353, 0.0000,-6.8235, 3.1415,-0.3955, 9.6608,-4.6799, 0.6908, 1.3586,0
-0.3396, 0.0000,-6.7261, 3.1415,-0.4186, 9.7233,-4.6799, 0.6748, 1.3593,0
-0.3440, 0.0000,-6.6256, 3.1415,-0.4414, 9.9871,-4.6799, 0.7200, 1.3600,0
-0.3487, 0.0000,-6.5250, 3.1415,-0.4581, 10.0399,-4.6799, 0.7140, 1.3608,0
-0.3500, 0.0000,-6.4308, 3.1415,-0.2007, 9.5478,-4.6799, 0.5659, 1.3615,0
-0.3478, 0.0000,-6.3491, 3.1415, 0.1417, 8.4440,-4.6799, 0.2817, 1.3622,0
-0.3450, 0.0000,-6.2706, 3.1415, 0.2466, 7.9719,-4.6799, 0.1716, 1.3629,0
-0.3425, 0.0000,-6.1889, 3.1415, 0.2494, 8.1289,-4.6799, 0.2102, 1.3636,0
-0.3402, 0.0000,-6.1072, 3.1415, 0.2378, 8.1602,-4.6799, 0.2252, 1.3644,0
-0.3373, 0.0000,-6.0287, 3.1415, 0.2779, 7.9152,-4.6799, 0.1821, 1.3651,0
-0.3345, 0.0000,-5.9501, 3.1415, 0.2799, 7.8662,-4.6799, 0.1876, 1.3658,0
-0.3316, 0.0000,-5.8747, 3.1415, 0.2863, 7.6051,-4.6799, 0.1506, 1.3665,0
-0.3288, 0.0000,-5.7993, 3.1415, 0.2816, 7.5528,-4.6799, 0.1629, 1.3672,0
-0.3257, 0.0000,-5.7239, 3.1415, 0.3049, 7.5424,-4.6799, 0.1877, 1.3679,0
-0.3224, 0.0000,-5.6517, 3.1415, 0.3217, 7.2890,-4.6799, 0.1641, 1.3687,0
-0.3190, 0.0000,-5.5826, 3.1415, 0.3432, 6.9869,-4.6799, 0.1344, 1.3694,0
-0.3154, 0.0000,-5.5134, 3.1415, 0.3536, 6.9266,-4.6799, 0.1560, 1.3701,0
-0.3118, 0.0000,-5.4506, 3.1415, 0.3557, 6.4118,-4.6799, 0.0922, 1.3708,0
-0.3079, 0.0000,-5.3878, 3.1415, 0.3864, 6.3089,-4.6799, 0.1082, 1.3715,0
-0.3038, 0.0000,-5.3281, 3.1415, 0.4047, 6.0370,-4.6799, 0.0954, 1.3723,0
-0.2998, 0.0000,-5.2715, 3.1415, 0.4023, 5.7312,-4.6799, 0.0789, 1.3730,0
-0.2955, 0.0000,-5.2150, 3.1415, 0.4200, 5.6701,-4.6799, 0.1041, 1.3737,0
-0.2912, 0.0000,-5.1647, 3.1415, 0.4296, 5.1552,-4.6799, 0.0581, 1.3744,0
-0.2867, 0.0000,-5.1176, 3.1415, 0.4497, 4.8009,-4.6799, 0.0395, 1.3751,0
-0.2820, 0.0000,-5.0705, 3.1415, 0.4598, 4.7301,-4.6799, 0.0615, 1.3758,0
-0.2773, 0.0000,-5.0296, 3.1415, 0.4739, 4.2132,-4.6799, 0.0244, 1.3766,0
-0.2723, 0.0000,-4.9888, 3.1415, 0.4889, 4.1098,-4.6799, 0.0404, 1.3773,0
-0.2673, 0.0000,-4.9511, 3.1415, 0.4979, 3.8379,-4.6799, 0.0363, 1.3780,0
-0.2624, 0.0000,-4.9197, 3.1415, 0.4937, 3.2808,-4.6799, 0.0028, 1.3787,0
-0.2577, 0.0000,-4.8883, 3.1415, 0.4746, 3.1694,-4.6799, 0.0149, 1.3794,0
-0.2532, 0.0000,-4.8600, 3.1415, 0.4526, 2.8958,-4.6799, 0.0117, 1.3802,0
-0.2489, 0.0000,-4.8349, 3.1415, 0.4361, 2.5897,-4.6799, 0.0061, 1.3809,0
-0.2451, 0.0000,-4.8129, 3.1415, 0.3964, 2.2772,-4.6799, 0.0005, 1.3816,0
-0.2414, 0.0000,-4.7940, 3.1415, 0.3703, 1.9634,-4.6799,-0.0046, 1.3823,0
-0.2382, 0.0000,-4.7752, 3.1415, 0.3347, 1.9006,-1.4052, 0.0054, 1.3830,0
-0.2352, 0.0000,-4.7626, 3.1415, 0.3034, 1.3854, 4.3013,-0.0092, 1.3837,0
-0.2313, 0.0000,-4.7532, 3.1415, 0.3699, 1.0310, 4.6799,-0.0144, 1.3845,0
-0.2279, 0.0000,-4.7438, 3.1415, 0.3468, 0.9601, 4.6799,-0.0096, 1.3852,0
-0.2242, 0.0000,-4.7406, 3.1415, 0.3664, 0.4433, 4.6799,-0.0175, 1.3859,0
-0.2200, 0.0000,-4.7375, 3.1415, 0.4128, 0.3399, 4.6799,-0.0164, 1.3866,0
-0.2134, 0.0000,-4.7406, 3.1415, 0.6100,-0.1833, 4.6799,-0.0198, 1.3873,0
-0.2051, 0.0000,-4.7438, 3.1415, 0.7829,-0.2879, 4.6799,-0.0213, 1.3881,0
-0.1958, 0.0000,-4.7500, 3.1415, 0.9023,-0.5602, 4.6799,-0.0226, 1.3888,0
-0.1859, 0.0000,-4.7626, 3.1415, 0.9687,-1.1173, 4.6799,-0.0186, 1.3895,0
-0.1742, 0.0000,-4.7752, 3.1415, 1.1335,-1.2287, 4.6799,-0.0239, 1.3902,0
-0.1617, 0.0000,-4.7909, 3.1415, 1.2271,-1.5023, 4.6799,-0.0247, 1.3909,0
-0.1497, 0.0000,-4.8129, 3.1415, 1.2034,-2.0597, 4.6799,-0.0126, 1.3916,0
-0.1396, 0.0000,-4.8349, 3.1415, 1.0531,-2.1712, 4.6799,-0.0217, 1.3924,0
-0.1299, 0.0000,-4.8600, 3.1415, 0.9867,-2.4448, 4.6799,-0.0219, 1.3931,0
-0.1195, 0.0000,-4.8883, 3.1415, 1.0280,-2.7508, 4.6799,-0.0197, 1.3938,0
-0.1086, 0.0000,-4.9197, 3.1415, 1.0726,-3.0634, 4.6799,-0.0164, 1.3945,0
-0.0970, 0.0000,-4.9542, 3.1415, 1.1422,-3.3773, 4.6799,-0.0123, 1.3952,0
-0.0846, 0.0000,-4.9919, 3.1415, 1.2228,-3.6914, 4.6799,-0.0074, 1.3960,0
-0.0713, 0.0000,-5.0328, 3.1415, 1.3117,-4.0055, 4.6799,-0.0015, 1.3967,0
-0.0569, 0.0000,-5.0768, 3.1415, 1.4083,-4.3197, 4.6799, 0.0053, 1.3974,0
-0.0421, 0.0000,-5.1239, 3.1415, 1.4700,-4.6338, 4.6799, 0.0133, 1.3981,0
-0.0273, 0.0000,-5.1742, 3.1415, 1.4763,-4.9479, 4.6799, 0.0227, 1.3988,0
-0.0132, 0.0000,-5.2276, 3.1415, 1.4230,-5.2621, 4.6799, 0.0338, 1.3995,0
-0.0014, 0.0000,-5.2841, 3.1415, 1.2304,-5.5763, 4.6799, 0.0467, 1.4003,0
 0.0093, 0.0000,-5.3438, 3.1415, 1.1131,-5.8904, 4.6799, 0.0618, 1.4010,0
 0.0215, 0.0000,-5.4035, 3.1415, 1.1927,-5.9533, 4.6799, 0.0384, 1.4017,0
 0.0341, 0.0000,-5.4695, 3.1415, 1.2450,-6.4685, 4.6799, 0.0925, 1.4024,0
 0.0469, 0.0000,-5.5386, 3.1415, 1.2737,-6.8229, 4.6799, 0.1236, 1.4031,0
 0.0604, 0.0000,-5.6077, 3.1415, 1.3400,-6.8937, 4.6799, 0.1049, 1.4039,0
 0.0750, 0.0000,-5.6799, 3.1415, 1.4321,-7.1592, 4.6799, 0.1262, 1.4046,0
 0.0891, 0.0000,-5.7553, 3.1415, 1.4142,-7.4637, 4.6799, 0.1595, 1.4053,0
 0.1003, 0.0000,-5.8339, 3.1415, 1.1802,-7.7759, 4.6799, 0.1996, 1.4060,0
 0.1088, 0.0000,-5.9156, 3.1415, 0.9151,-8.0897, 4.6799, 0.2460, 1.4067,0
 0.1180, 0.0000,-5.9973, 3.1415, 0.9227,-8.1524, 4.6799, 0.2415, 1.4074,0
 0.1274, 0.0000,-6.0821, 3.1415, 0.9364,-8.4163, 4.6799, 0.2880, 1.4082,0
 0.1371, 0.0000,-6.1669, 3.1415, 0.9573,-8.4691, 4.6799, 0.2909, 1.4089,0
 0.1468, 0.0000,-6.2549, 3.1415, 0.9736,-8.7309, 4.6799, 0.3494, 1.4096,0
 0.1565, 0.0000,-6.3397, 3.1415, 0.9708,-8.5319, 4.6799, 0.3021, 1.4103,0
 0.1665, 0.0000,-6.4276, 3.1415, 0.9945,-8.7435, 4.6799, 0.3596, 1.4110,0
 0.1765, 0.0000,-6.5125, 3.1415, 0.9932,-8.5345, 4.6799, 0.3204, 1.4118,0
 0.1863, 0.0000,-6.5973, 3.1415, 0.9868,-8.4927, 4.6799, 0.3268, 1.4125,0
 0.1961, 0.0000,-6.6821, 3.1415, 0.9795,-8.4844, 4.6799, 0.3461, 1.4132,0
 0.2059, 0.0000,-6.7638, 3.1415, 0.9780,-8.2313, 4.6799, 0.3118, 1.4139,0
 0.2154, 0.0000,-6.8455, 3.1415, 0.9535,-8.1807, 4.6799, 0.3294, 1.4146,0
 0.2247, 0.0000,-6.9240, 3.1415, 0.9365,-7.9193, 4.6799, 0.3024, 1.4153,0
 0.2339, 0.0000,-6.9994, 3.1415, 0.9270,-7.6157, 4.6799, 0.2703, 1.4161,0
 0.2430, 0.0000,-7.0748, 3.1415, 0.9130,-7.5550, 4.6799, 0.2945, 1.4168,0
 0.2517, 0.0000,-7.1471, 3.1415, 0.8798,-7.2915, 4.6799, 0.2779, 1.4175,0
 0.2604, 0.0000,-7.2162, 3.1415, 0.8732,-6.9874, 4.6799, 0.2560, 1.4182,0
 0.2690, 0.0000,-7.2822, 3.1415, 0.8598,-6.6753, 4.6799, 0.2352, 1.4189,0
 0.2773, 0.0000,-7.3450, 3.1415, 0.8389,-6.3616, 4.6799, 0.2166, 1.4197,0
 0.2855, 0.0000,-7.4078, 3.1415, 0.8226,-6.2988, 4.6799, 0.2456, 1.4204,0
 0.2938, 0.0000,-7.4644, 3.1415, 0.8254,-5.7836, 4.6799, 0.1955, 1.4211,0
 0.3018, 0.0000,-7.5209, 3.1415, 0.8078,-5.6806, 4.6799, 0.2170, 1.4218,0
 0.3097, 0.0000,-7.5712, 3.1415, 0.7921,-5.1573, 4.6799, 0.1720, 1.4225,0
 0.3177, 0.0000,-7.6215, 3.1415, 0.8011,-5.0526, 4.6799, 0.1919, 1.4232,0
 0.3256, 0.0000,-7.6654, 3.1415, 0.7908,-4.5291, 4.6799, 0.1526, 1.4240,0
 0.3335, 0.0000,-7.7094, 3.1415, 0.7887,-4.4243, 4.6799, 0.1706, 1.4247,0
 0.3415, 0.0000,-7.7503, 3.1415, 0.8004,-4.1521, 4.6799, 0.1670, 1.4254,0
 0.3494, 0.0000,-7.7880, 3.1415, 0.7906,-3.8463,-3.1362, 0.1597, 1.4261,0
 0.3567, 0.0000,-7.8225, 3.1415, 0.7402,-3.5338,-4.6799, 0.1522, 1.4268,0
 0.3641, 0.0000,-7.8508, 3.1415, 0.7361,-2.9687,-4.6799, 0.1211, 1.4276,0
 0.3710, 0.0000,-7.8791, 3.1415, 0.7050,-2.8556,-4.6799, 0.1322, 1.4283,0
 0.3775, 0.0000,-7.9042, 3.1415, 0.6624,-2.5817,-4.6799, 0.1293, 1.4290,0
 0.3837, 0.0000,-7.9262, 3.1415, 0.6236,-2.2756,-4.6799, 0.1243, 1.4297,0
 0.3894, 0.0000,-7.9450, 3.1415, 0.5855,-1.9631,-4.6799, 0.1192, 1.4304,0
 0.3948, 0.0000,-7.9607, 3.1415, 0.5415,-1.6492,-4.6799, 0.1146, 1.4311,0
 0.3998, 0.0000,-7.9765, 3.1415, 0.5084,-1.5864,-4.6799, 0.1229, 1.4319,0
 0.4045, 0.0000,-7.9859, 3.1415, 0.4776,-1.0713,-4.6799, 0.1105, 1.4326,0
 0.4087, 0.0000,-7.9922, 3.1415, 0.4350,-0.7168,-4.6799, 0.1061, 1.4333,0
 0.4126, 0.0000,-7.9984, 3.1415, 0.4023,-0.6460,-4.6799, 0.1092, 1.4340,0
 0.4163, 0.0000,-8.0016, 3.1415, 0.3715,-0.3805,-4.6799, 0.1076, 1.4347,0
 0.4195, 0.0000,-7.9984, 3.1415, 0.3289, 0.1752,-4.6799, 0.1038, 1.4355,0
 0.4223, 0.0000,-7.9953, 3.1415, 0.2962, 0.2863,-4.6799, 0.1023, 1.4355,0
 0.4250, 0.0000,-7.9890, 3.1415, 0.2714, 0.5599,-4.6799, 0.1011, 1.4355,0
 0.4272, 0.0000,-7.9796, 3.1415, 0.2301, 0.8659,-4.6799, 0.1005, 1.4355,0
 0.4291, 0.0000,-7.9670, 3.1415, 0.1976, 1.1784,-4.6799, 0.1004, 1.4355,0
 0.4306, 0.0000,-7.9545, 3.1415, 0.1607, 1.2409,-4.6799, 0.0936, 1.4355,0
 0.4317, 0.0000,-7.9356, 3.1415, 0.1170, 1.7561,-4.6799, 0.1017, 1.4355,0
 0.4324, 0.0000,-7.9136, 3.1415, 0.0840, 2.1104,-4.6799, 0.1051, 1.4355,0
 0.4328, 0.0000,-7.8916, 3.1415, 0.0471, 2.1814,-4.6799, 0.0936, 1.4355,0
 0.4329, 0.0000,-7.8634, 3.1415, 0.0154, 2.6982,-4.6799, 0.1086, 1.4355,0
 0.4326, 0.0000,-7.8351, 3.1415,-0.0150, 2.8016,-4.6799, 0.0963, 1.4355,0
 0.4321, 0.0000,-7.8005, 3.1415,-0.0454, 3.3249,-4.6799, 0.1164, 1.4355,0
 0.4314, 0.0000,-7.7660, 3.1415,-0.0697, 3.4296,-4.6799, 0.1015, 1.4355,0
 0.4301, 0.0000,-7.7283, 3.1415,-0.1109, 3.7018,-4.6799, 0.1018, 1.4355,0
 0.4287, 0.0000,-7.6843, 3.1415,-0.1373, 4.2589,-4.6799, 0.1327, 1.4355,0
 0.4269, 0.0000,-7.6403, 3.1415,-0.1730, 4.3704,-4.6799, 0.1151, 1.4355,0
 0.4248, 0.0000,-7.5900, 3.1415,-0.2043, 4.8953,-4.6799, 0.1481, 1.4355,0
 0.4223, 0.0000,-7.5398, 3.1415,-0.2409, 5.0002,-4.6799, 0.1281, 1.4355,0
 0.4194, 0.0000,-7.4832, 3.1415,-0.2786, 5.5239,-4.6799, 0.1670, 1.4355,0
 0.4161, 0.0000,-7.4267, 3.1415,-0.3164, 5.6286,-4.6799, 0.1459, 1.4355,0
 0.4125, 0.0000,-7.3638, 3.1415,-0.3543, 6.1522,-4.6799, 0.1919, 1.4355,0
 0.4085, 0.0000,-7.3010, 3.1415,-0.3922, 6.2570,-4.6799, 0.1709, 1.4355,0
 0.4040, 0.0000,-7.2319, 3.1415,-0.4361, 6.7805,-4.6799, 0.2252, 1.4355,0
 0.3991, 0.0000,-7.1628, 3.1415,-0.4813, 6.8853,-4.6799, 0.2059, 1.4355,0
 0.3938, 0.0000,-7.0874, 3.1415,-0.5207, 7.4089,-4.6799, 0.2703, 1.4355,0
 0.3879, 0.0000,-7.0088, 3.1415,-0.5710, 7.7650,-4.6799, 0.3069, 1.4355,0
 0.3817, 0.0000,-6.9303, 3.1415,-0.6113, 7.8361,-4.6799, 0.2867, 1.4355,0
 0.3750, 0.0000,-6.8455, 3.1415,-0.6619, 8.3531,-4.6799, 0.3693, 1.4355,0
 0.3679, 0.0000,-6.7607, 3.1415,-0.6962, 8.4564,-4.6799, 0.3633, 1.4355,0
 0.3603, 0.0000,-6.6727, 3.1415,-0.7455, 8.7284,-4.6799, 0.4023, 1.4355,0
 0.3525, 0.0000,-6.5816, 3.1415,-0.7736, 9.0341,-4.6799, 0.4562, 1.4355,0
 0.3443, 0.0000,-6.4873, 3.1415,-0.8156, 9.3466,-4.6799, 0.5198, 1.4355,0
 0.3359, 0.0000,-6.3931, 3.1415,-0.8361, 9.4091,-4.6799, 0.5256, 1.4355,0
 0.3271, 0.0000,-6.2988, 3.1415,-0.8645, 9.4216,-4.6799, 0.5247, 1.4355,0
 0.3184, 0.0000,-6.2046, 3.1415,-0.8762, 9.4241,-4.6799, 0.5275, 1.4355,0
 0.3094, 0.0000,-6.1072, 3.1415,-0.8907, 9.6759,-4.6799, 0.6037, 1.4355,0
 0.3005, 0.0000,-6.0130, 3.1415,-0.8875, 9.4750,-4.6799, 0.5648, 1.4355,0
 0.2917, 0.0000,-5.9187, 3.1415,-0.8808, 9.4348,-4.6799, 0.5752, 1.4355,0
 0.2830, 0.0000,-5.8276, 3.1415,-0.8795, 9.1754,-4.6799, 0.5337, 1.4355,0
 0.2745, 0.0000,-5.7365, 3.1415,-0.8550, 9.1235,-4.6799, 0.5519, 1.4355,0
 0.2661, 0.0000,-5.6485, 3.1415,-0.8440, 8.8618,-4.6799, 0.5211, 1.4355,0
 0.2578, 0.0000,-5.5606, 3.1415,-0.8297, 8.8095,-4.6799, 0.5478, 1.4355,0
 0.2498, 0.0000,-5.4757, 3.1415,-0.8086, 8.5477,-4.6799, 0.5264, 1.4355,0
 0.2420, 0.0000,-5.3941, 3.1415,-0.7862, 8.2440,-4.6799, 0.4990, 1.4355,0
 0.2343, 0.0000,-5.3155, 3.1415,-0.7696, 7.9319,-4.6799, 0.4734, 1.4355,0
 0.2269, 0.0000,-5.2401, 3.1415,-0.7481, 7.6182,-4.6799, 0.4508, 1.4355,0
 0.2196, 0.0000,-5.1679, 3.1415,-0.7317, 7.3041,-4.6799, 0.4309, 1.4355,0
 0.2124, 0.0000,-5.0956, 3.1415,-0.7223, 7.2413,-4.6799, 0.4655, 1.4355,0
 0.2054, 0.0000,-5.0328, 3.1415,-0.7023, 6.4748,-4.6799, 0.3607, 1.4355,0
 0.1985, 0.0000,-4.9668, 3.1415,-0.6922, 6.5728,-4.6799, 0.4240, 1.4355,0
 0.1917, 0.0000,-4.9071, 3.1415,-0.6841, 6.0897,-4.6799, 0.3802, 1.4355,0
 0.1849, 0.0000,-4.8474, 3.1415,-0.6825, 5.9931,-4.6799, 0.4061, 1.4355,0
 0.1781, 0.0000,-4.7909, 3.1415,-0.6761, 5.7225,-4.6799, 0.4021, 1.4355,0
 0.1714, 0.0000,-4.7406, 3.1415,-0.6748, 5.1657,-4.6799, 0.3532, 1.4355,0
 0.1646, 0.0000,-4.6903, 3.1415,-0.6746, 5.0543, 2.6040, 0.3734, 1.4355,0
 0.1589, 0.0000,-4.6464, 3.1415,-0.5957, 4.5294, 4.6799, 0.3345, 1.4355,0
 0.1527, 0.0000,-4.6024, 3.1415,-0.6102, 4.4244, 4.6799, 0.3528, 1.4355,0
 0.1471, 0.0000,-4.5615, 3.1415,-0.5768, 4.1521, 4.6799, 0.3492, 1.4355,0
 0.1418, 0.0000,-4.5238, 3.1415,-0.5397, 3.8463, 4.6799, 0.3416, 1.4355,0
 0.1371, 0.0000,-4.4893, 3.1415,-0.4838, 3.5338, 4.6799, 0.3336, 1.4355,0
 0.1327, 0.0000,-4.4579, 3.1415,-0.4423, 3.2200, 4.6799, 0.3259, 1.4355,0
 0.1289, 0.0000,-4.4265, 3.1415,-0.3916, 3.1572, 4.6799, 0.3420, 1.4355,0
 0.1254, 0.0000,-4.4013, 3.1415,-0.3633, 2.6420, 4.6799, 0.3174, 1.4355,0
 0.1222, 0.0000,-4.3762, 3.1415,-0.3273, 2.5390, 4.6799, 0.3271, 1.4355,0
 0.1195, 0.0000,-4.3542, 3.1415,-0.2837, 2.2671, 4.6799, 0.3236, 1.4355,0
 0.1171, 0.0000,-4.3322, 3.1415,-0.2447, 2.2127, 4.6799, 0.3349, 1.4355,0
 0.1152, 0.0000,-4.3165, 3.1415,-0.2065, 1.6991, 4.6799, 0.3173, 1.4355,0
 0.1136, 0.0000,-4.3008, 3.1415,-0.1625, 1.5964, 4.6799, 0.3229, 1.4355,0
 0.1124, 0.0000,-4.2882, 3.1415,-0.1295, 1.3245, 4.6799, 0.3200, 1.4355,0
 0.1117, 0.0000,-4.2788, 3.1415,-0.0865, 1.0189, 4.6799, 0.3161, 1.4355,0
 0.1111, 0.0000,-4.2694, 3.1415,-0.0658, 0.9577, 4.6799, 0.3206, 1.4355,0
 0.1108, 0.0000,-4.2631, 3.1415,-0.0313, 0.6942, 4.6799, 0.3186, 1.4355,0
 0.1109, 0.0000,-4.2599, 3.1415,-0.0002, 0.3901, 4.6799, 0.3160, 1.4355,0
 0.1111, 0.0000,-4.2599, 3.1415, 0.0181, 0.0780,-2.9777, 0.3139, 1.4355,0
 0.1105, 0.0000,-4.2599, 3.1415,-0.0509, 0.0156,-4.6799, 0.3138, 1.4355,0
 0.1103, 0.0000,-4.2662, 3.1415,-0.0223,-0.4995,-4.6799, 0.3133, 1.4355,0
 0.1101, 0.0000,-4.2725, 3.1415,-0.0226,-0.6025,-4.6799, 0.3108, 1.4355,0
 0.1093, 0.0000,-4.2851, 3.1415,-0.0651,-1.1258,-4.6799, 0.3153, 1.4355,0
 0.1086, 0.0000,-4.2976, 3.1415,-0.0736,-1.2304,-4.6799, 0.3105, 1.4355,0
 0.1071, 0.0000,-4.3165, 3.1415,-0.1299,-1.7540,-4.6799, 0.3199, 1.4355,0
 0.1058, 0.0000,-4.3353, 3.1415,-0.1290,-1.8587,-4.6799, 0.3127, 1.4355,0
 0.1042, 0.0000,-4.3605, 3.1415,-0.1531,-2.3823,-4.6799, 0.3269, 1.4355,0
 0.1023, 0.0000,-4.3856, 3.1415,-0.1882,-2.4870,-4.6799, 0.3170, 1.4355,0
 0.1003, 0.0000,-4.4170, 3.1415,-0.1953,-3.0106,-4.6799, 0.3358, 1.4355,0
 0.0979, 0.0000,-4.4484, 3.1415,-0.2330,-3.1154,-4.6799, 0.3231, 1.4355,0
 0.0954, 0.0000,-4.4830, 3.1415,-0.2406,-3.3877,-4.6799, 0.3239, 1.4355,0
 0.0928, 0.0000,-4.5238, 3.1415,-0.2603,-3.9447,-4.6799, 0.3524, 1.4355,0
 0.0898, 0.0000,-4.5647, 3.1415,-0.2946,-4.0562,-4.6799, 0.3359, 1.4355,0
 0.0870, 0.0000,-4.6087, 3.1415,-0.2832,-4.3298,-4.6799, 0.3367, 1.4355,0
 0.0839, 0.0000,-4.6558, 3.1415,-0.2991,-4.6358,-4.6799, 0.3414, 1.4355,0
 0.0806, 0.0000,-4.7061, 3.1415,-0.3266,-4.9484,-4.6799, 0.3473, 1.4355,0
 0.0773, 0.0000,-4.7595, 3.1415,-0.3260,-5.2622, 4.6799, 0.3538, 1.4355,0
 0.0764, 0.0000,-4.8192, 3.1415,-0.1379,-5.8276, 4.6799, 0.3989, 1.4355,0
 0.0805, 0.0000,-4.8788, 3.1415, 0.2998,-5.9407, 4.6799, 0.3750, 1.4355,0
 0.0887, 0.0000,-4.9417, 3.1415, 0.7148,-6.2147, 4.6799, 0.3774, 1.4355,0
 0.0995, 0.0000,-5.0076, 3.1415, 1.0039,-6.5207, 4.6799, 0.3862, 1.4355,0
 0.1118, 0.0000,-5.0768, 3.1415, 1.1891,-6.8334, 4.6799, 0.3977, 1.4355,0
 0.1233, 0.0000,-5.1490, 3.1415, 1.1533,-7.1472, 4.6799, 0.4114, 1.4355,0
 0.1321, 0.0000,-5.2244, 3.1415, 0.9340,-7.4612, 4.6799, 0.4275, 1.4355,0
 0.1408, 0.0000,-5.3030, 3.1415, 0.8840,-7.7754, 4.6799, 0.4465, 1.4355,0
 0.1523, 0.0000,-5.3878, 3.1415, 1.0984,-8.3409, 4.6799, 0.5250, 1.4355,0
 0.1659, 0.0000,-5.4726, 3.1415, 1.3050,-8.4540, 4.6799, 0.5057, 1.4355,0
 0.1808, 0.0000,-5.5606, 3.1415, 1.4554,-8.7279, 4.6799, 0.5278, 1.4355,0
 0.1959, 0.0000,-5.6548, 3.1415, 1.4977,-9.2854, 4.6799, 0.6261, 1.4355,0
 0.2097, 0.0000,-5.7491, 3.1415, 1.4091,-9.3969, 4.6799, 0.6181, 1.4355,0
 0.2231, 0.0000,-5.8465, 3.1415, 1.3489,-9.6705, 4.6799, 0.6585, 1.4355,0
 0.2369, 0.0000,-5.9438, 3.1415, 1.3733,-9.7252, 4.6799, 0.6469, 1.4355,0
 0.2517, 0.0000,-6.0475, 3.1415, 1.4570,-10.2388, 4.6799, 0.7694, 1.4355,0
 0.2670, 0.0000,-6.1480, 3.1415, 1.5222,-10.0902, 4.6799, 0.7138, 1.4355,0
 0.2823, 0.0000,-6.2549, 3.1415, 1.5231,-10.5631, 4.6799, 0.8443, 1.4355,0
 0.2958, 0.0000,-6.3585, 3.1415, 1.3899,-10.4064, 4.6799, 0.8000, 1.4355,0
 0.3074, 0.0000,-6.4622, 3.1415, 1.1996,-10.3750, 4.6799, 0.8003, 1.4355,0
 0.3166, 0.0000,-6.5659, 3.1415, 0.9796,-10.3688, 4.6799, 0.8155, 1.4355,0
 0.3223, 0.0000,-6.6696, 3.1415, 0.6506,-10.3675, 4.6799, 0.8396, 1.4355,0
 0.3271, 0.0000,-6.7701, 3.1415, 0.5121,-10.1160, 4.6799, 0.7980, 1.4355,0
 0.3301, 0.0000,-6.8706, 3.1415, 0.3449,-10.0657, 4.6799, 0.8207, 1.4355,0
 0.3331, 0.0000,-6.9680, 3.1415, 0.3115,-9.8042, 4.6799, 0.7895, 1.4355,0
 0.3362, 0.0000,-7.0654, 3.1415, 0.3048,-9.7520, 4.6799, 0.8220, 1.4355,0
 0.3390, 0.0000,-7.1565, 3.1415, 0.2913,-9.2388, 4.6799, 0.7337, 1.4355,0
 0.3415, 0.0000,-7.2476, 3.1415, 0.2523,-9.1362, 4.6799, 0.7593, 1.4355,0
 0.3437, 0.0000,-7.3356, 3.1415, 0.2262,-8.8644, 4.6799, 0.7443, 1.4355,0
 0.3457, 0.0000,-7.4204, 3.1415, 0.2089,-8.5587, 4.6799, 0.7238, 1.4355,0
 0.3475, 0.0000,-7.5021, 3.1415, 0.1873,-8.2462, 4.6799, 0.7045, 1.4355,0
 0.3491, 0.0000,-7.5775, 3.1415, 0.1647,-7.6810, 4.6799, 0.6299, 1.4355,0
 0.3507, 0.0000,-7.6529, 3.1415, 0.1602,-7.5681, 4.6799, 0.6584, 1.4355,0
 0.3522, 0.0000,-7.7251, 3.1415, 0.1533,-7.2941, 4.6799, 0.6526, 1.4355,0
 0.3536, 0.0000,-7.7942, 3.1415, 0.1398,-6.9880, 4.6799, 0.6408, 1.4355,0
 0.3550, 0.0000,-7.8602, 3.1415, 0.1371,-6.6755,-4.6799, 0.6283, 1.4355,0
 0.3554, 0.0000,-7.9262, 3.1415, 0.0638,-6.6129,-4.6799, 0.6640, 1.4355,0
 0.3562, 0.0000,-7.9859, 3.1415, 0.0733,-6.0978,-4.6799, 0.6150, 1.4355,0
 0.3565, 0.0000,-8.0424, 3.1415, 0.0389,-5.7434,-4.6799, 0.5963, 1.4355,0
 0.3564, 0.0000,-8.0958, 3.1415, 0.0017,-5.4212,-4.6799, 0.5834, 1.4355,0
 0.3559, 0.0000,-8.1492, 3.1415,-0.0360,-5.3568,-4.6799, 0.6107, 1.4355,0
 0.3552, 0.0000,-8.1995, 3.1415,-0.0678,-5.0925,-4.6799, 0.6063, 1.4355,0
 0.3543, 0.0000,-8.2435, 3.1415,-0.0863,-4.5371,-4.6799, 0.5609, 1.4355,0
 0.3531, 0.0000,-8.2906, 3.1415,-0.1142,-4.6772,-4.6799, 0.6099, 1.4355,0
 0.3516, 0.0000,-8.3315, 3.1415,-0.1380,-4.2027,-4.6799, 0.5773, 1.4355,0
 0.3498, 0.0000,-8.3692, 3.1415,-0.1731,-3.8565,-4.6799, 0.5620, 1.4355,0
 0.3478, 0.0000,-8.4069, 3.1415,-0.1922,-3.7872,-4.6799, 0.5779, 1.4355,0
 0.3458, 0.0000,-8.4414, 3.1415,-0.2021,-3.5220,-4.6799, 0.5716, 1.4355,0
 0.3434, 0.0000,-8.4760, 3.1415,-0.2344,-3.4689,-4.6799, 0.5869, 1.4355,0
 0.3409, 0.0000,-8.5042, 3.1415,-0.2469,-2.9557,-4.6799, 0.5570, 1.4355,0
 0.3381, 0.0000,-8.5325, 3.1415,-0.2737,-2.8531,-4.6799, 0.5647, 1.4355,0
 0.3353, 0.0000,-8.5608, 3.1415,-0.2790,-2.8325,-4.6799, 0.5786, 1.4355,0
 0.3324, 0.0000,-8.5859, 3.1415,-0.2862,-2.5771,-4.6799, 0.5729, 1.4355,0
 0.3290, 0.0000,-8.6079, 3.1415,-0.3240,-2.2747,-4.6799, 0.5640, 1.4355,0
 0.3257, 0.0000,-8.6299, 3.1415,-0.3315,-2.2142,-4.6799, 0.5715, 1.4355,0
 0.3221, 0.0000,-8.6488, 3.1415,-0.3512,-1.9507,-4.6799, 0.5658, 1.4355,0
 0.3185, 0.0000,-8.6645, 3.1415,-0.3613,-1.6467,-4.6799, 0.5583, 1.4355,0
 0.3148, 0.0000,-8.6802, 3.1415,-0.3693,-1.5859,-4.6799, 0.5632, 1.4355,0
 0.3108, 0.0000,-8.6959, 3.1415,-0.3952,-1.5739,-4.6799, 0.5703, 1.4355,0
 0.3065, 0.0000,-8.7053, 3.1415,-0.4185,-1.0686,-4.6799, 0.5561, 1.4355,0
 0.3020, 0.0000,-8.7179, 3.1415,-0.4475,-1.2191,-4.6799, 0.5668, 1.4355,0
 0.2960, 0.0000,-8.7242, 3.1415,-0.5685,-0.7464,-4.6799, 0.5567, 1.4355,0
 0.2887, 0.0000,-8.7304, 3.1415,-0.6957,-0.6519,-4.6799, 0.5578, 1.4355,0
 0.2809, 0.0000,-8.7367, 3.1415,-0.7636,-0.6330,-4.6799, 0.5603, 1.4355,0
 0.2737, 0.0000,-8.7399, 3.1415,-0.7287,-0.3779,-4.6799, 0.5581, 1.4355,0
 0.2655, 0.0000,-8.7399, 3.1415,-0.8005,-0.0755,-4.6799, 0.5562, 1.4355,0
 0.2563, 0.0000,-8.7399, 3.1415,-0.8998,-0.0151,-4.6799, 0.5561, 1.4355,0
 0.2465, 0.0000,-8.7367, 3.1415,-0.9621, 0.2483, 4.6799, 0.5555, 1.4355,0
 0.2395, 0.0000,-8.7336, 3.1415,-0.7502, 0.3009, 4.6799, 0.5545, 1.4355,0
 0.2410, 0.0000,-8.7242, 3.1415,-0.0287, 0.8141, 4.6799, 0.5582, 1.4355,0
 0.2477, 0.0000,-8.7147, 3.1415, 0.5278, 0.9168, 4.6799, 0.5563, 1.4355,0
 0.2555, 0.0000,-8.7053, 3.1415, 0.7300, 0.9373, 4.6799, 0.5524, 1.4355,0
 0.2621, 0.0000,-8.6896, 3.1415, 0.6735, 1.4440, 4.6799, 0.5618, 1.4355,0
 0.2664, 0.0000,-8.6707, 3.1415, 0.4803, 1.7967, 4.6799, 0.5686, 1.4355,0
 0.2711, 0.0000,-8.6519, 3.1415, 0.4719, 1.8673, 4.6799, 0.5629, 1.4355,0
 0.2783, 0.0000,-8.6299, 3.1415, 0.6704, 2.1327, 4.6799, 0.5666, 1.4355,0
 0.2885, 0.0000,-8.6048, 3.1415, 0.9465, 2.4371, 4.6799, 0.5730, 1.4355,0
 0.3003, 0.0000,-8.5765, 3.1415, 1.1351, 2.7493, 4.6799, 0.5807, 1.4355,0
 0.3136, 0.0000,-8.5451, 3.1415, 1.2881, 3.0631, 4.6799, 0.5890, 1.4355,0
 0.3268, 0.0000,-8.5137, 3.1415, 1.3126, 3.1259, 4.6799, 0.5769, 1.4355,0
 0.3383, 0.0000,-8.4791, 3.1415, 1.1841, 3.3897, 4.6799, 0.5811, 1.4355,0
 0.3494, 0.0000,-8.4383, 3.1415, 1.1281, 3.9452, 4.6799, 0.6140, 1.4355,0
 0.3608, 0.0000,-8.3974, 3.1415, 1.1351, 4.0562, 4.6799, 0.6016, 1.4355,0
 0.3725, 0.0000,-8.3534, 3.1415, 1.1668, 4.3299, 4.6799, 0.6064, 1.4355,0
 0.3843, 0.0000,-8.3063, 3.1415, 1.1731, 4.6358, 4.6799, 0.6147, 1.4355,0
 0.3948, 0.0000,-8.2561, 3.1415, 1.0713, 4.9484, 4.6799, 0.6238, 1.4355,0
 0.4038, 0.0000,-8.2026, 3.1415, 0.9358, 5.2622, 4.6799, 0.6330, 1.4355,0
 0.4105, 0.0000,-8.1492, 3.1415, 0.7268, 5.3249, 4.6799, 0.6059, 1.4355,0
 0.4167, 0.0000,-8.0896, 3.1415, 0.6364, 5.8402, 4.6799, 0.6451, 1.4355,0
 0.4241, 0.0000,-8.0267, 3.1415, 0.7215, 6.1945, 4.6799, 0.6606, 1.4355,0
 0.4336, 0.0000,-7.9639, 3.1415, 0.9082, 6.2654, 4.6799, 0.6283, 1.4355,0
 0.4458, 0.0000,-7.8948, 3.1415, 1.1578, 6.7823,-4.6799, 0.6733, 1.4355,0
 0.4543, 0.0000,-7.8257, 3.1415, 0.9106, 6.8856,-4.6799, 0.6434, 1.4355,0
 0.4529, 0.0000,-7.7503, 3.1415, 0.0669, 7.4089,-4.6799, 0.6941, 1.4355,0
 0.4470, 0.0000,-7.6749, 3.1415,-0.4534, 7.5136,-4.6799, 0.6624, 1.4355,0
 0.4381, 0.0000,-7.5932, 3.1415,-0.8061, 8.0372,-4.6799, 0.7192, 1.4355,0
 0.4281, 0.0000,-7.5115, 3.1415,-0.9615, 8.1419,-4.6799, 0.6869, 1.4355,0
 0.4170, 0.0000,-7.4235, 3.1415,-1.0775, 8.6655,-4.6799, 0.7516, 1.4355,0
 0.4050, 0.0000,-7.3324, 3.1415,-1.1795, 9.0215,-4.6799, 0.7817, 1.4355,0
 0.3922, 0.0000,-7.2413, 3.1415,-1.2545, 9.0927,-4.6799, 0.7445, 1.4355,0
 0.3802, 0.0000,-7.1439, 3.1415,-1.2149, 9.6097,-4.6799, 0.8247, 1.4355,0
 0.3688, 0.0000,-7.0434, 3.1415,-1.1585, 9.9643,-4.6799, 0.8696, 1.4355,0
 0.3579, 0.0000,-6.9397, 3.1415,-1.0987, 10.2867,-4.6799, 0.9126, 1.4355,0
 0.3485, 0.0000,-6.8329, 3.1415,-0.9716, 10.6024,-4.6799, 0.9614, 1.4355,0
 0.3409, 0.0000,-6.7230, 3.1415,-0.8006, 10.9169,-4.6799, 1.0187, 1.4355,0
 0.3340, 0.0000,-6.6099, 3.1415,-0.7118, 11.2311,-4.6799, 1.0858, 1.4355,0
 0.3266, 0.0000,-6.4968, 3.1415,-0.7365, 11.2940,-4.6799, 1.0839, 1.4355,0
 0.3189, 0.0000,-6.3805, 3.1415,-0.7657, 11.5579,-4.6799, 1.1555, 1.4355,0
 0.3113, 0.0000,-6.2611, 3.1415,-0.7594, 11.8620,-4.6799, 1.2519, 1.4355,0
 0.3039, 0.0000,-6.1449, 3.1415,-0.7461, 11.6714,-4.6799, 1.1958, 1.4355,0
 0.2965, 0.0000,-6.0318, 3.1415,-0.7373, 11.3820,-4.6799, 1.1181, 1.4355,0
 0.2894, 0.0000,-5.9156, 3.1415,-0.7174, 11.5755,-4.6799, 1.2057, 1.4355,0
 0.2827, 0.0000,-5.8056, 3.1415,-0.6770, 11.1115,-4.6799, 1.0907, 1.4355,0
 0.2768, 0.0000,-5.6988, 3.1415,-0.6083, 10.7674,-4.6799, 1.0241, 1.4355,0
 0.2715, 0.0000,-5.5951, 3.1415,-0.5461, 10.4472,-4.6799, 0.9733, 1.4355,0
 0.2670, 0.0000,-5.4946, 3.1415,-0.4730, 10.1319,-4.6799, 0.9310, 1.4355,0
 0.2631, 0.0000,-5.3972, 3.1415,-0.4038, 9.8175,-4.6799, 0.8951, 1.4355,0
 0.2598, 0.0000,-5.3030, 3.1415,-0.3414, 9.5033,-4.6799, 0.8644, 1.4355,0
 0.2573, 0.0000,-5.2119, 3.1415,-0.2744, 9.1891,-4.6799, 0.8381, 1.4355,0
 0.2552, 0.0000,-5.1270, 3.1415,-0.2186, 8.6236,-4.6799, 0.7518, 1.4355,0
 0.2537, 0.0000,-5.0422, 3.1415,-0.1649, 8.5105,-4.6799, 0.7814, 1.4355,0
 0.2527, 0.0000,-4.9637, 3.1415,-0.1118, 7.9853,-4.6799, 0.7141, 1.4355,0
 0.2523, 0.0000,-4.8883, 3.1415,-0.0587, 7.6289,-4.6799, 0.6891, 1.4355,0
 0.2522, 0.0000,-4.8160, 3.1415,-0.0178, 7.3063,-4.6799, 0.6730, 1.4355,0
 0.2523, 0.0000,-4.7438, 3.1415, 0.0085, 7.2417,-4.6799, 0.7116, 1.4355,0
 0.2526, 0.0000,-4.6778, 3.1415, 0.0199, 6.7262,-4.6799, 0.6581, 1.4355,0
 0.2529, 0.0000,-4.6149, 3.1415, 0.0342, 6.3717, 4.6799, 0.6382, 1.4355,0
 0.2533, 0.0000,-4.5521, 3.1415, 0.0371, 6.3009, 4.6799, 0.6703, 1.4355,0
 0.2536, 0.0000,-4.4956, 3.1415, 0.0316, 5.7840, 4.6799, 0.6228, 1.4355,0
 0.2539, 0.0000,-4.4422, 3.1415, 0.0305, 5.4293, 4.6799, 0.6043, 1.4355,0
 0.2542, 0.0000,-4.3888, 3.1415, 0.0303, 5.3584, 4.6799, 0.6303, 1.4355,0
 0.2545, 0.0000,-4.3416, 3.1415, 0.0242, 4.8416, 4.6799, 0.5883, 1.4355,0
 0.2545, 0.0000,-4.2945, 3.1415, 0.0109, 4.7382, 4.6799, 0.6056, 1.4355,0
 0.2545, 0.0000,-4.2505, 3.1415, 0.0021, 4.4662, 4.6799, 0.5992, 1.4355,0
 0.2545, 0.0000,-4.2097, 3.1415, 0.0004, 4.1604, 4.6799, 0.5882, 1.4355,0
 0.2545, 0.0000,-4.1720, 3.1415, 0.0000, 3.8480, 4.6799, 0.5767, 1.4355,0
 0.2545, 0.0000,-4.1374, 3.1415, 0.0000, 3.5341, 4.6799, 0.5653, 1.4355,0
 0.2545, 0.0000,-4.1060, 3.1415,-0.0060, 3.2201, 4.6799, 0.5543, 1.4355,0
 0.2545, 0.0000,-4.0746, 3.1415,-0.0012, 3.1572, 4.6799, 0.5670, 1.4355,0
 0.2545, 0.0000,-4.0463, 3.1415,-0.0002, 2.8934, 4.6799, 0.5608, 1.4355,0
 0.2545, 0.0000,-4.0212, 3.1415,-0.0000, 2.5892, 4.6799, 0.5515, 1.4355,0
 0.2545, 0.0000,-3.9992, 3.1415,-0.0000, 2.2771, 4.6799, 0.5423, 1.4355,0
 0.2545, 0.0000,-3.9772, 3.1415,-0.0000, 2.2147, 4.6799, 0.5502, 1.4355,0
 0.2545, 0.0000,-3.9584, 3.1415,-0.0000, 1.9509, 4.6799, 0.5448, 1.4355,0
 0.2545, 0.0000,-3.9426, 3.1415,-0.0000, 1.6468, 4.6799, 0.5376, 1.4355,0
 0.2545, 0.0000,-3.9269, 3.1415,-0.0000, 1.5860, 4.6799, 0.5429, 1.4355,0
 0.2544, 0.0000,-3.9175, 3.1415,-0.0060, 1.0711, 4.6799, 0.5285, 1.4355,0
 0.2544, 0.0000,-3.9050, 3.1415,-0.0012, 1.2195, 4.6799, 0.5396, 1.4355,0
 0.2544, 0.0000,-3.8987, 3.1415,-0.0002, 0.7465, 4.6799, 0.5297, 1.4355,0
 0.2544, 0.0000,-3.8924, 3.1415,-0.0000, 0.6519, 4.6799, 0.5309, 1.4355,0
 0.2544, 0.0000,-3.8892, 3.1415,-0.0000, 0.3817, 4.6799, 0.5285, 1.4355,0
 0.2544, 0.0000,-3.8861, 3.1415,-0.0000, 0.3276, 1.6461, 0.5295, 1.4355,0
 0.2544, 0.0000,-3.8861, 3.1415,-0.0000, 0.0655,-4.6799, 0.5281, 1.4355,0
 0.2544, 0.0000,-3.8892, 3.1415,-0.0000,-0.2382,-4.6799, 0.5273, 1.4355,0
 0.2544, 0.0000,-3.8955, 3.1415,-0.0000,-0.5502,-4.6799, 0.5277, 1.4355,0
 0.2543, 0.0000,-3.9018, 3.1415,-0.0060,-0.6127,-4.6799, 0.5256, 1.4355,0
 0.2543, 0.0000,-3.9081, 3.1415,-0.0012,-0.6251,-4.6799, 0.5227, 1.4355,0
 0.2543, 0.0000,-3.9207, 3.1415,-0.0002,-1.1303,-4.6799, 0.5288, 1.4355,0
 0.2543, 0.0000,-3.9332, 3.1415,-0.0000,-1.2313,-4.6799, 0.5257, 1.4355,0
 0.2543, 0.0000,-3.9458, 3.1415,-0.0000,-1.2516,-4.6799, 0.5200, 1.4355,0
 0.2543, 0.0000,-3.9646, 3.1415,-0.0000,-1.7582,-4.6799, 0.5315, 1.4355,0
 0.2543, 0.0000,-3.9835, 3.1415,-0.0000,-1.8596,-4.6799, 0.5266, 1.4355,0
 0.2543, 0.0000,-4.0055, 3.1415,-0.0000,-2.1312,-4.6799, 0.5299, 1.4355,0
 0.2543, 0.0000,-4.0275, 3.1415,-0.0000,-2.1855,-4.6799, 0.5211, 1.4355,0
 0.2543, 0.0000,-4.0557, 3.1415,-0.0000,-2.6990,-4.6799, 0.5403, 1.4355,0
 0.2543, 0.0000,-4.0840, 3.1415,-0.0000,-2.8017,-4.6799, 0.5319, 1.4355,0
 0.2543, 0.0000,-4.1154, 3.1415,-0.0000,-3.0736,-4.6799, 0.5358, 1.4355,0
 0.2543, 0.0000,-4.1469, 3.1415,-0.0000,-3.1280,-4.6799, 0.5217, 1.4355,0
 0.2543, 0.0000,-4.1846, 3.1415,-0.0000,-3.6415,-4.6799, 0.5472, 1.4355,0
 0.2543, 0.0000,-4.2223, 3.1415,-0.0000,-3.7442,-4.6799, 0.5342, 1.4355,0
 0.2543, 0.0000,-4.2631, 3.1415,-0.0000,-4.0160,-4.6799, 0.5376, 1.4355,0
 0.2543, 0.0000,-4.3071, 3.1415,-0.0000,-4.3218,-4.6799, 0.5446, 1.4355,0
 0.2543, 0.0000,-4.3542, 3.1415,-0.0000,-4.6342,-4.6799, 0.5523, 1.4355,0
 0.2543, 0.0000,-4.4045, 3.1415,-0.0000,-4.9480,-4.6799, 0.5603, 1.4355,0
 0.2543, 0.0000,-4.4547, 3.1415,-0.0000,-5.0108,-4.6799, 0.5344, 1.4355,0
 0.2544, 0.0000,-4.5113, 3.1415, 0.0060,-5.5260,-4.6799, 0.5709, 1.4355,0
 0.2544, 0.0000,-4.5678, 3.1415, 0.0012,-5.6291,-4.6799, 0.5470, 1.4355,0
 0.2545, 0.0000,-4.6307, 3.1415, 0.0063,-6.1523,-4.6799, 0.5885, 1.4355,0
 0.2545, 0.0000,-4.6935, 3.1415, 0.0073,-6.2570,-4.6799, 0.5616, 1.4355,0
 0.2547, 0.0000,-4.7626, 3.1415, 0.0135,-6.7806, 0.4653, 0.6075, 1.4355,0
 0.2549, 0.0000,-4.8317, 3.1415, 0.0209,-6.8852, 4.6799, 0.5781, 1.4355,0
 0.2552, 0.0000,-4.9040, 3.1415, 0.0284,-7.1575, 4.6799, 0.5804, 1.4355,0
 0.2557, 0.0000,-4.9794, 3.1415, 0.0420,-7.4633, 4.6799, 0.5903, 1.4355,0
 0.2562, 0.0000,-5.0611, 3.1415, 0.0508,-8.0272, 4.6799, 0.6567, 1.4355,0
 0.2570, 0.0000,-5.1427, 3.1415, 0.0708,-8.1399, 4.6799, 0.6280, 1.4355,0
 0.2579, 0.0000,-5.2276, 3.1415, 0.0869,-8.4138, 4.6799, 0.6372, 1.4355,0
 0.2591, 0.0000,-5.3155, 3.1415, 0.1143,-8.7199, 4.6799, 0.6571, 1.4355,0
 0.2604, 0.0000,-5.4066, 3.1415, 0.1320,-9.0325, 4.6799, 0.6827, 1.4355,0
 0.2620, 0.0000,-5.5009, 3.1415, 0.1537,-9.3462, 4.6799, 0.7135, 1.4355,0
 0.2639, 0.0000,-5.5951, 3.1415, 0.1823,-9.4090, 4.6799, 0.6846, 1.4355,0
 0.2660, 0.0000,-5.6957, 3.1415, 0.2001,-9.9243, 4.6799, 0.7811, 1.4355,0
 0.2683, 0.0000,-5.7962, 3.1415, 0.2219,-10.0273, 4.6799, 0.7730, 1.4355,0
 0.2706, 0.0000,-5.8999, 3.1415, 0.2323,-10.2992, 4.6799, 0.8190, 1.4355,0
 0.2731, 0.0000,-6.0035, 3.1415, 0.2465,-10.3536, 4.6799, 0.8105, 1.4355,0
 0.2755, 0.0000,-6.1072, 3.1415, 0.2433,-10.3645, 4.6799, 0.7969, 1.4355,0
 0.2779, 0.0000,-6.2109, 3.1415, 0.2366,-10.3667, 4.6799, 0.7883, 1.4355,0
 0.2801, 0.0000,-6.3177, 3.1415, 0.2231,-10.6184, 4.6799, 0.8608, 1.4355,0
 0.2821, 0.0000,-6.4214, 3.1415, 0.2083,-10.4174, 4.6799, 0.8080, 1.4355,0
 0.2838, 0.0000,-6.5219, 3.1415, 0.1750,-10.1259, 4.6799, 0.7377, 1.4355,0
 0.2852, 0.0000,-6.6224, 3.1415, 0.1441,-10.0676, 4.6799, 0.7418, 1.4355,0
 0.2860, 0.0000,-6.7230, 3.1415, 0.0955,-10.0559, 4.6799, 0.7659, 1.4355,0
 0.2864, 0.0000,-6.8172, 3.1415, 0.0554,-9.5510, 4.6799, 0.6590, 1.4355,0
 0.2864, 0.0000,-6.9115, 3.1415, 0.0110,-9.4500, 4.6799, 0.6692, 1.4355,0
 0.2861, 0.0000,-7.0026, 3.1415,-0.0220,-9.1785, 4.6799, 0.6392, 1.4355,0
 0.2856, 0.0000,-7.0905, 3.1415,-0.0468,-8.8728, 4.6799, 0.6056, 1.4355,0
 0.2849, 0.0000,-7.1753, 3.1415,-0.0639,-8.5603, 4.6799, 0.5751, 1.4355,0
 0.2840, 0.0000,-7.2570, 3.1415,-0.0855,-8.2466, 4.6799, 0.5484, 1.4355,0
 0.2830, 0.0000,-7.3387, 3.1415,-0.0959,-8.1838, 4.6799, 0.5838, 1.4355,0
 0.2819, 0.0000,-7.4141, 3.1415,-0.1101,-7.6686, 4.6799, 0.5175, 1.4355,0
 0.2807, 0.0000,-7.4895, 3.1415,-0.1190,-7.5656, 4.6799, 0.5454, 1.4355,0
 0.2793, 0.0000,-7.5586, 3.1415,-0.1329,-7.0423, 4.6799, 0.4853, 1.4355,0
 0.2780, 0.0000,-7.6277, 3.1415,-0.1357,-6.9376, 4.6799, 0.5127, 1.4355,0
 0.2766, 0.0000,-7.6937, 3.1415,-0.1362,-6.6653, 4.6799, 0.5074, 1.4355,0
 0.2752, 0.0000,-7.7565, 3.1415,-0.1424,-6.3596, 4.6799, 0.4964, 1.4355,0
 0.2738, 0.0000,-7.8162, 3.1415,-0.1376,-6.0470, 4.6799, 0.4848, 1.4355,0
 0.2723, 0.0000,-7.8728, 3.1415,-0.1427,-5.7333,-4.6799, 0.4737, 1.4355,0
 0.2710, 0.0000,-7.9262, 3.1415,-0.1376,-5.4192,-4.6799, 0.4629, 1.4355,0
 0.2697, 0.0000,-7.9765, 3.1415,-0.1306,-5.1050,-4.6799, 0.4526, 1.4355,0
 0.2683, 0.0000,-8.0236, 3.1415,-0.1352,-4.7908,-4.6799, 0.4425, 1.4355,0
 0.2672, 0.0000,-8.0676, 3.1415,-0.1180,-4.4768,-4.6799, 0.4328, 1.4355,0
 0.2661, 0.0000,-8.1084, 3.1415,-0.1145,-4.1625,-4.6799, 0.4233, 1.4355,0
 0.2651, 0.0000,-8.1461, 3.1415,-0.1017,-3.8484,-4.6799, 0.4141, 1.4355,0
 0.2642, 0.0000,-8.1807, 3.1415,-0.0870,-3.5343,-4.6799, 0.4053, 1.4355,0
 0.2636, 0.0000,-8.2152, 3.1415,-0.0719,-3.4714,-4.6799, 0.4225, 1.4355,0
 0.2631, 0.0000,-8.2435, 3.1415,-0.0507,-2.9562,-4.6799, 0.3950, 1.4355,0
 0.2628, 0.0000,-8.2686, 3.1415,-0.0344,-2.6018,-4.6799, 0.3840, 1.4355,0
 0.2627, 0.0000,-8.2938, 3.1415,-0.0129,-2.5310,-4.6799, 0.3954, 1.4355,0
 0.2627, 0.0000,-8.3126, 3.1415,-0.0025,-2.0141,-4.6799, 0.3747, 1.4355,0
 0.2627, 0.0000,-8.3315, 3.1415,-0.0005,-1.9107,-4.6799, 0.3811, 1.4355,0
 0.2628, 0.0000,-8.3440, 3.1415, 0.0059,-1.3874,-4.6799, 0.3649, 1.4355,0
 0.2628, 0.0000,-8.3566, 3.1415, 0.0011,-1.2828,-4.6799, 0.3689, 1.4355,0
 0.2628, 0.0000,-8.3660, 3.1415, 0.0002,-1.0105,-4.6799, 0.3661, 1.4355,0
 0.2628, 0.0000,-8.3723, 3.1415, 0.0000,-0.7047,-4.6799, 0.3627, 1.4355,0
 0.2628, 0.0000,-8.3786, 3.1415, 0.0000,-0.6435,-4.6799, 0.3654, 1.4355,0
 0.2628, 0.0000,-8.3786, 3.1415, 0.0000,-0.1287,-4.6799, 0.3599, 1.4355,0
 0.2628, 0.0000,-8.3786, 3.1415, 0.0000,-0.0257,-4.6799, 0.3597, 1.4355,0
 0.2628, 0.0000,-8.3754, 3.1415, 0.0000, 0.2461,-4.6799, 0.3585, 1.4355,0
 0.2628, 0.0000,-8.3692, 3.1415, 0.0000, 0.5518, 4.6799, 0.3580, 1.4355,0
 0.2628, 0.0000,-8.3597, 3.1415, 0.0000, 0.8643, 4.6799, 0.3583, 1.4355,0
 0.2628, 0.0000,-8.3472, 3.1415, 0.0000, 1.1782, 4.6799, 0.3594, 1.4355,0
 0.2628, 0.0000,-8.3346, 3.1415, 0.0000, 1.2408, 4.6799, 0.3535, 1.4355,0
 0.2628, 0.0000,-8.3189, 3.1415, 0.0000, 1.5048, 4.6799, 0.3536, 1.4355,0
 0.2628, 0.0000,-8.2969, 3.1415, 0.0000, 2.0602, 4.6799, 0.3672, 1.4355,0
 0.2628, 0.0000,-8.2749, 3.1415, 0.0000, 2.1713, 4.6799, 0.3594, 1.4355,0
 0.2628, 0.0000,-8.2498, 3.1415, 0.0000, 2.4449, 4.6799, 0.3605, 1.4355,0
 0.2628, 0.0000,-8.2246, 3.1415, 0.0000, 2.4996, 4.6799, 0.3476, 1.4355,0
 0.2628, 0.0000,-8.1932, 3.1415, 0.0000, 3.0132, 4.6799, 0.3661, 1.4355,0
 0.2628, 0.0000,-8.1587, 3.1415, 0.0000, 3.3671, 4.6799, 0.3741, 1.4355,0
 0.2628, 0.0000,-8.1241, 3.1415, 0.0000, 3.4380, 4.6799, 0.3571, 1.4355,0
 0.2628, 0.0000,-8.0833, 3.1415, 0.0000, 3.9549, 4.6799, 0.3822, 1.4355,0
 0.2628, 0.0000,-8.0424, 3.1415, 0.0000, 4.0581, 4.6799, 0.3651, 1.4355,0
 0.2628, 0.0000,-7.9984, 3.1415, 0.0000, 4.3302, 4.6799, 0.3659, 1.4355,0
 0.2628, 0.0000,-7.9482, 3.1415, 0.0000, 4.8873, 4.6799, 0.4019, 1.4355,0
 0.2628, 0.0000,-7.8979, 3.1415, 0.0000, 4.9986, 4.1733, 0.3813, 1.4355,0
 0.2628, 0.0000,-7.8445, 3.1415, 0.0000, 5.2723,-4.6799, 0.3823, 1.4355,0
 0.2627, 0.0000,-7.7880, 3.1415,-0.0060, 5.5783,-4.6799, 0.3883, 1.4355,0
 0.2627, 0.0000,-7.7283, 3.1415,-0.0012, 5.8909,-4.6799, 0.3958, 1.4355,0
 0.2626, 0.0000,-7.6623, 3.1415,-0.0063, 6.4560,-4.6799, 0.4467, 1.4355,0
 0.2625, 0.0000,-7.5963, 3.1415,-0.0133, 6.5690,-4.6799, 0.4211, 1.4355,0
 0.2623, 0.0000,-7.5272, 3.1415,-0.0148, 6.8430,-4.6799, 0.4251, 1.4355,0
 0.2621, 0.0000,-7.4581, 3.1415,-0.0211, 6.8977,-4.6799, 0.3892, 1.4355,0
 0.2618, 0.0000,-7.3827, 3.1415,-0.0284, 7.4114,-4.6799, 0.4430, 1.4355,0
 0.2614, 0.0000,-7.3042, 3.1415,-0.0420, 7.7654,-4.6799, 0.4690, 1.4355,0
 0.2608, 0.0000,-7.2225, 3.1415,-0.0508, 8.0876,-4.6799, 0.4918, 1.4355,0
 0.2601, 0.0000,-7.1408, 3.1415,-0.0647, 8.1520,-4.6799, 0.4605, 1.4355,0
 0.2594, 0.0000,-7.0560, 3.1415,-0.0735, 8.4162,-4.6799, 0.4775, 1.4355,0
 0.2585, 0.0000,-6.9680, 3.1415,-0.0874, 8.7204,-4.6799, 0.5084, 1.4355,0
 0.2574, 0.0000,-6.8769, 3.1415,-0.1023, 9.0326,-4.6799, 0.5470, 1.4355,0
 0.2564, 0.0000,-6.7858, 3.1415,-0.1053, 9.0949,-4.6799, 0.5287, 1.4355,0
 0.2552, 0.0000,-6.6915, 3.1415,-0.1120, 9.3588,-4.6799, 0.5672, 1.4355,0
 0.2541, 0.0000,-6.5973, 3.1415,-0.1133, 9.4115,-4.6799, 0.5571, 1.4355,0
 0.2529, 0.0000,-6.4999, 3.1415,-0.1136, 9.6734,-4.6799, 0.6087, 1.4355,0
 0.2518, 0.0000,-6.4057, 3.1415,-0.1136, 9.4744,-4.6799, 0.5440, 1.4355,0
 0.2509, 0.0000,-6.3083, 3.1415,-0.0954, 9.6860,-4.6799, 0.5956, 1.4355,0
 0.2501, 0.0000,-6.2140, 3.1415,-0.0857, 9.4770,-4.6799, 0.5410, 1.4355,0
 0.2495, 0.0000,-6.1198, 3.1415,-0.0596, 9.4352,-4.6799, 0.5377, 1.4355,0
 0.2492, 0.0000,-6.0255, 3.1415,-0.0361, 9.4269,-4.6799, 0.5497, 1.4355,0
 0.2492, 0.0000,-5.9344, 3.1415,-0.0132, 9.1738,-4.6799, 0.5033, 1.4355,0
 0.2493, 0.0000,-5.8433, 3.1415, 0.0094, 9.1232,-4.6799, 0.5155, 1.4355,0
 0.2495, 0.0000,-5.7553, 3.1415, 0.0140, 8.8618,-4.6799, 0.4790, 1.4355,0
 0.2498, 0.0000,-5.6705, 3.1415, 0.0270, 8.5581,-4.6799, 0.4378, 1.4355,0
 0.2501, 0.0000,-5.5857, 3.1415, 0.0357, 8.4974,-4.6799, 0.4604, 1.4355,0
 0.2506, 0.0000,-5.5040, 3.1415, 0.0435, 8.2340,-4.6799, 0.4382, 1.4355,0
 0.2511, 0.0000,-5.4223, 3.1415, 0.0511, 8.1812,-4.6799, 0.4689, 1.4355,0
 0.2518, 0.0000,-5.3438, 3.1415, 0.0647, 7.9194,-4.6799, 0.4541, 1.4355,0
 0.2526, 0.0000,-5.2715, 3.1415, 0.0735, 7.3644,-4.6799, 0.3783, 1.4355,0
 0.2534, 0.0000,-5.1993, 3.1415, 0.0814, 7.2534,-4.6799, 0.4005, 1.4355,0
 0.2543, 0.0000,-5.1270, 3.1415, 0.0890, 7.2312,-4.6799, 0.4427, 1.4355,0
 0.2553, 0.0000,-5.0611, 3.1415, 0.0966, 6.7241,-4.6799, 0.3876, 1.4355,0
 0.2564, 0.0000,-4.9982, 3.1415, 0.1102, 6.3714,-4.6799, 0.3658, 1.4355,0
 0.2576, 0.0000,-4.9385, 3.1415, 0.1130, 6.0494,-4.6799, 0.3513, 1.4355,0
 0.2587, 0.0000,-4.8788, 3.1415, 0.1135, 5.9851,-4.6799, 0.3824, 1.4355,0
 0.2599, 0.0000,-4.8254, 3.1415, 0.1197, 5.4695,-4.6799, 0.3377, 1.4355,0
 0.2612, 0.0000,-4.7752, 3.1415, 0.1270, 5.1151,-4.6799, 0.3212, 1.4355,0
 0.2624, 0.0000,-4.7249, 3.1415, 0.1224, 5.0442,-4.6799, 0.3472, 1.4355,0
 0.2636, 0.0000,-4.6778, 3.1415, 0.1214, 4.7787,-4.6799, 0.3445, 1.4355,0
 0.2647, 0.0000,-4.6369, 3.1415, 0.1091, 4.2230, 4.6799, 0.3037, 1.4355,0
 0.2658, 0.0000,-4.5961, 3.1415, 0.1127, 4.1118, 4.6799, 0.3199, 1.4355,0
 0.2667, 0.0000,-4.5615, 3.1415, 0.0953, 3.5869, 4.6799, 0.2880, 1.4355,0
 0.2676, 0.0000,-4.5270, 3.1415, 0.0857, 3.4819, 4.6799, 0.3020, 1.4355,0
 0.2683, 0.0000,-4.4956, 3.1415, 0.0717, 3.2096, 4.6799, 0.2986, 1.4355,0
 0.2688, 0.0000,-4.4704, 3.1415, 0.0567, 2.6525, 4.6799, 0.2705, 1.4355,0
 0.2692, 0.0000,-4.4453, 3.1415, 0.0416, 2.5411, 4.6799, 0.2798, 1.4355,0
 0.2693, 0.0000,-4.4233, 3.1415, 0.0204, 2.2674, 4.6799, 0.2766, 1.4355,0
 0.2693, 0.0000,-4.4045, 3.1415, 0.0040, 1.9614, 4.6799, 0.2714, 1.4355,0
 0.2693, 0.0000,-4.3919, 3.1415, 0.0008, 1.3975, 4.6799, 0.2535, 1.4355,0
 0.2692, 0.0000,-4.3793, 3.1415,-0.0059, 1.2848, 4.6799, 0.2578, 1.4355,0
 0.2692, 0.0000,-4.3699, 3.1415,-0.0011, 1.0109, 4.6799, 0.2554, 1.4355,0
 0.2692, 0.0000,-4.3605, 3.1415,-0.0002, 0.9561, 4.6799, 0.2602, 1.4355,0
 0.2692, 0.0000,-4.3573, 3.1415,-0.0000, 0.4425,-1.4292, 0.2523, 1.4355,0
 0.2692, 0.0000,-4.3573, 3.1415,-0.0000, 0.0885,-4.6799, 0.2497, 1.4355,0
 0.2692, 0.0000,-4.3573, 3.1415,-0.0000, 0.0177,-4.6799, 0.2496, 1.4355,0
 0.2692, 0.0000,-4.3636, 3.1415,-0.0000,-0.4991,-4.6799, 0.2488, 1.4355,0
 0.2692, 0.0000,-4.3699, 3.1415,-0.0000,-0.6024,-4.6799, 0.2462, 1.4355,0
 0.2692, 0.0000,-4.3793, 3.1415,-0.0000,-0.8744,-4.6799, 0.2454, 1.4355,0
 0.2692, 0.0000,-4.3919, 3.1415,-0.0000,-1.1802,-4.6799, 0.2456, 1.4355,0
 0.2692, 0.0000,-4.4076, 3.1415,-0.0000,-1.4926,-4.6799, 0.2466, 1.4355,0
 0.2692, 0.0000,-4.4265, 3.1415,-0.0000,-1.8064,-4.6799, 0.2481, 1.4355,0
 0.2692, 0.0000,-4.4484, 3.1415,-0.0000,-2.1205,-4.6799, 0.2502, 1.4355,0
 0.2692, 0.0000,-4.4736, 3.1415,-0.0000,-2.4347,-4.6799, 0.2528, 1.4355,0
 0.2692, 0.0000,-4.5019, 3.1415,-0.0000,-2.7488,-4.6799, 0.2558, 1.4355,0
 0.2692, 0.0000,-4.5333, 3.1415,-0.0000,-3.0630,-4.6799, 0.2592, 1.4355,0
 0.2692, 0.0000,-4.5647, 3.1415,-0.0000,-3.1259,-4.6799, 0.2424, 1.4355,0
 0.2692, 0.0000,-4.6024, 3.1415,-0.0000,-3.6411,-4.6799, 0.2644, 1.4355,0
 0.2692, 0.0000,-4.6401, 3.1415,-0.0000,-3.7441,-4.6799, 0.2481, 1.4355,0
 0.2692, 0.0000,-4.6841, 3.1415,-0.0000,-4.2674,-4.6799, 0.2752, 1.4355,0
 0.2692, 0.0000,-4.7280, 3.1415,-0.0000,-4.3720,-4.6799, 0.2563, 1.4355,0
 0.2692, 0.0000,-4.7752, 3.1415,-0.0000,-4.6443, 4.6799, 0.2568, 1.4355,0
 0.2692, 0.0000,-4.8286, 3.1415,-0.0000,-5.2014, 4.6799, 0.2954, 1.4355,0
 0.2692, 0.0000,-4.8820, 3.1415,-0.0000,-5.3128, 4.6799, 0.2739, 1.4355,0
 0.2693, 0.0000,-4.9385, 3.1415, 0.0060,-5.5864, 4.6799, 0.2758, 1.4355,0
 0.2693, 0.0000,-5.0014, 3.1415, 0.0012,-6.1438, 4.6799, 0.3237, 1.4355,0
 0.2694, 0.0000,-5.0642, 3.1415, 0.0063,-6.2553, 4.6799, 0.3003, 1.4355,0
 0.2695, 0.0000,-5.1302, 3.1415, 0.0073,-6.5289, 4.6799, 0.3053, 1.4355,0
 0.2696, 0.0000,-5.1993, 3.1415, 0.0135,-6.8349, 4.6799, 0.3180, 1.4355,0
 0.2698, 0.0000,-5.2684, 3.1415, 0.0209,-6.8962, 4.6799, 0.2867, 1.4355,0
 0.2701, 0.0000,-5.3438, 3.1415, 0.0223,-7.4110, 4.6799, 0.3450, 1.4355,0
 0.2705, 0.0000,-5.4192, 3.1415, 0.0347,-7.5140, 4.6799, 0.3240, 1.4355,0
 0.2709, 0.0000,-5.5009, 3.1415, 0.0433,-8.0373, 4.6799, 0.3950, 1.4355,0
 0.2714, 0.0000,-5.5794, 3.1415, 0.0511,-7.8906, 4.6799, 0.3241, 1.4355,0
 0.2720, 0.0000,-5.6642, 3.1415, 0.0526,-8.3639, 4.6799, 0.3944, 1.4355,0
 0.2726, 0.0000,-5.7491, 3.1415, 0.0651,-8.4586, 4.6799, 0.3835, 1.4355,0
 0.2733, 0.0000,-5.8370, 3.1415, 0.0675,-8.7288, 4.6799, 0.4188, 1.4355,0
 0.2740, 0.0000,-5.9250, 3.1415, 0.0680,-8.7829, 4.6799, 0.4074, 1.4355,0
 0.2746, 0.0000,-6.0161, 3.1415, 0.0621,-9.0451, 4.6799, 0.4527, 1.4355,0
 0.2752, 0.0000,-6.1041, 3.1415, 0.0548,-8.8461, 4.6799, 0.3889, 1.4355,0
 0.2756, 0.0000,-6.1952, 3.1415, 0.0473,-9.0577, 4.6799, 0.4332, 1.4355,0
 0.2758, 0.0000,-6.2831, 3.1415, 0.0276,-8.8487, 4.6799, 0.3781, 1.4355,0
 0.2759, 0.0000,-6.3742, 3.1415, 0.0115,-9.0582, 4.6799, 0.4336, 1.4355,0
 0.2759, 0.0000,-6.4622, 3.1415, 0.0023,-8.8487, 4.6799, 0.3896, 1.4355,0
 0.2759, 0.0000,-6.5502, 3.1415, 0.0004,-8.8069, 4.6799, 0.3932, 1.4355,0
 0.2758, 0.0000,-6.6381, 3.1415,-0.0059,-8.7985, 4.6799, 0.4104, 1.4355,0
 0.2758, 0.0000,-6.7230, 3.1415,-0.0072,-8.5455, 4.6799, 0.3726, 1.4355,0
 0.2757, 0.0000,-6.8078, 3.1415,-0.0075,-8.4949, 4.6799, 0.3888, 1.4355,0
 0.2755, 0.0000,-6.8895, 3.1415,-0.0136,-8.2335, 4.6799, 0.3589, 1.4355,0
 0.2753, 0.0000,-6.9711, 3.1415,-0.0209,-8.1812, 4.6799, 0.3823, 1.4355,0
 0.2749, 0.0000,-7.0497, 3.1415,-0.0345,-7.9193, 4.6799, 0.3607, 1.4355,0
 0.2745, 0.0000,-7.1282, 3.1415,-0.0372,-7.8670, 4.6799, 0.3898, 1.4355,0
 0.2740, 0.0000,-7.2005, 3.1415,-0.0498,-7.3539, 4.6799, 0.3205, 1.4355,0
 0.2734, 0.0000,-7.2727, 3.1415,-0.0584,-7.2513, 4.6799, 0.3419, 1.4355,0
 0.2726, 0.0000,-7.3419, 3.1415,-0.0723,-6.9794, 4.6799, 0.3301, 1.4355,0
 0.2718, 0.0000,-7.4078, 3.1415,-0.0811,-6.6738, 4.6799, 0.3137, 1.4355,0
 0.2709, 0.0000,-7.4707, 3.1415,-0.0889,-6.3612, 4.6799, 0.2979, 1.4355,0
 0.2699, 0.0000,-7.5303, 3.1415,-0.0966,-6.0474, 4.6799, 0.2836, 1.4355,0
 0.2689, 0.0000,-7.5869, 3.1415,-0.1042,-5.7333, 4.6799, 0.2707, 1.4355,0
 0.2677, 0.0000,-7.6434, 3.1415,-0.1117,-5.6706, 4.6799, 0.3001, 1.4355,0
 0.2667, 0.0000,-7.6937, 3.1415,-0.1072,-5.1553, 4.6799, 0.2575, 1.4355,0
 0.2656, 0.0000,-7.7408, 3.1415,-0.1063,-4.8009, 4.6799, 0.2416, 1.4355,0
 0.2646, 0.0000,-7.7880, 3.1415,-0.1000,-4.7301, 4.6799, 0.2658, 1.4355,0
 0.2637, 0.0000,-7.8288, 3.1415,-0.0927,-4.2132,-4.1401, 0.2304, 1.4355,0
 0.2628, 0.0000,-7.8696, 3.1415,-0.0913,-4.1099,-4.6799, 0.2477, 1.4355,0
 0.2621, 0.0000,-7.9042, 3.1415,-0.0728,-3.5865,-4.6799, 0.2161, 1.4355,0
 0.2614, 0.0000,-7.9388, 3.1415,-0.0691,-3.4819,-4.6799, 0.2305, 1.4355,0
 0.2610, 0.0000,-7.9702, 3.1415,-0.0502,-3.2096,-4.6799, 0.2275, 1.4355,0
 0.2607, 0.0000,-7.9953, 3.1415,-0.0342,-2.6525,-4.6799, 0.1996, 1.4355,0
 0.2605, 0.0000,-8.0204, 3.1415,-0.0189,-2.5410,-4.6799, 0.2094, 1.4355,0
 0.2604, 0.0000,-8.0424, 3.1415,-0.0098,-2.2675,-4.6799, 0.2065, 1.4355,0
 0.2604, 0.0000,-8.0613, 3.1415,-0.0019,-1.9614,-4.6799, 0.2016, 1.4355,0
 0.2605, 0.0000,-8.0738, 3.1415, 0.0056,-1.3976,-4.6799, 0.1839, 1.4355,0
 0.2605, 0.0000,-8.0864, 3.1415, 0.0011,-1.2848,-4.6799, 0.1885, 1.4355,0
 0.2605, 0.0000,-8.0958, 3.1415, 0.0002,-1.0109,-4.6799, 0.1863, 1.4355,0
 0.2605, 0.0000,-8.1021, 3.1415, 0.0000,-0.7048,-4.6799, 0.1833, 1.4355,0
 0.2605, 0.0000,-8.1053, 3.1415, 0.0000,-0.3922,-4.6799, 0.1807, 1.4355,0
 0.2605, 0.0000,-8.1053, 3.1415, 0.0000,-0.0784,-4.6799, 0.1786, 1.4355,0
 0.2605, 0.0000,-8.1053, 3.1415, 0.0000,-0.0156,-4.6799, 0.1785, 1.4355,0
 0.2605, 0.0000,-8.0990, 3.1415, 0.0000, 0.4994,-4.6799, 0.1777, 1.4355,0
 0.2605, 0.0000,-8.0896, 3.1415, 0.0000, 0.8539, 2.2277, 0.1778, 1.4355,0
 0.2605, 0.0000,-8.0801, 3.1415, 0.0000, 0.9247, 3.8147, 0.1730, 1.4355,0
 0.2605, 0.0000,-8.0644, 3.1415, 0.0000, 1.4415, 4.6799, 0.1791, 1.4355,0
 0.2605, 0.0000,-8.0487, 3.1415, 0.0000, 1.5449, 4.6799, 0.1724, 1.4355,0
 0.2605, 0.0000,-8.0299, 3.1415, 0.0000, 1.8169, 4.6799, 0.1719, 1.4355,0
 0.2605, 0.0000,-8.0047, 3.1415, 0.0000, 2.3739, 4.6799, 0.1867, 1.4355,0
 0.2605, 0.0000,-7.9796, 3.1415, 0.0000, 2.4854, 4.6799, 0.1764, 1.4355,0
 0.2605, 0.0000,-7.9513, 3.1415, 0.0000, 2.7590, 4.6799, 0.1763, 1.4355,0
 0.2605, 0.0000,-7.9199, 3.1415, 0.0000, 3.0650, 4.2504, 0.1788, 1.4355,0
 0.2605, 0.0000,-7.8822, 3.1415, 0.0000, 3.6288,-4.6799, 0.2046, 1.4355,0
 0.2605, 0.0000,-7.8445, 3.1415, 0.0000, 3.7417,-4.6799, 0.1892, 1.4355,0
 0.2605, 0.0000,-7.8037, 3.1415, 0.0000, 4.0156,-4.6799, 0.1896, 1.4355,0
 0.2605, 0.0000,-7.7597, 3.1415, 0.0000, 4.3216,-4.6799, 0.1938, 1.4355,0
 0.2605, 0.0000,-7.7126, 3.1415, 0.0000, 4.6342,-4.6799, 0.1994, 1.4355,0
 0.2604, 0.0000,-7.6623, 3.1415,-0.0060, 4.9480,-4.6799, 0.2059, 1.4355,0
 0.2604, 0.0000,-7.6120, 3.1415,-0.0012, 5.0108,-4.6799, 0.1794, 1.4355,0
 0.2604, 0.0000,-7.5555, 3.1415,-0.0002, 5.5260,-4.6799, 0.2163, 1.4355,0
 0.2604, 0.0000,-7.4958, 3.1415,-0.0000, 5.8804,-4.6799, 0.2324, 1.4355,0
 0.2604, 0.0000,-7.4330, 3.1415,-0.0060, 6.2026,-4.6799, 0.2451, 1.4355,0
 0.2603, 0.0000,-7.3701, 3.1415,-0.0072, 6.2670,-4.6799, 0.2158, 1.4355,0
 0.2602, 0.0000,-7.3010, 3.1415,-0.0075, 6.7826,-4.6799, 0.2669, 1.4355,0
 0.2601, 0.0000,-7.2319, 3.1415,-0.0136, 6.8857,-4.6799, 0.2453, 1.4355,0
 0.2598, 0.0000,-7.1596, 3.1415,-0.0269, 7.1576,-4.6799, 0.2577, 1.4355,0
 0.2595, 0.0000,-7.0842, 3.1415,-0.0296, 7.4634,-4.6799, 0.2801, 1.4355,0
 0.2591, 0.0000,-7.0088, 3.1415,-0.0362, 7.5245,-4.6799, 0.2555, 1.4355,0
 0.2587, 0.0000,-6.9303, 3.1415,-0.0375, 7.7880,-4.6799, 0.2762, 1.4355,0
 0.2582, 0.0000,-6.8486, 3.1415,-0.0438, 8.0921,-4.6799, 0.3104, 1.4355,0
 0.2578, 0.0000,-6.7669, 3.1415,-0.0451, 8.1529,-4.6799, 0.2949, 1.4355,0
 0.2573, 0.0000,-6.6821, 3.1415,-0.0514, 8.4164,-4.6799, 0.3300, 1.4355,0
 0.2568, 0.0000,-6.5973, 3.1415,-0.0466, 8.4691,-4.6799, 0.3212, 1.4355,0
 0.2564, 0.0000,-6.5093, 3.1415,-0.0396, 8.7309,-4.6799, 0.3674, 1.4355,0
 0.2561, 0.0000,-6.4245, 3.1415,-0.0321, 8.5320,-4.6799, 0.3082, 1.4355,0
 0.2560, 0.0000,-6.3365, 3.1415,-0.0185, 8.7436,-4.6799, 0.3532, 1.4355,0
 0.2559, 0.0000,-6.2517, 3.1415,-0.0097, 8.5345,-4.6799, 0.3019, 1.4355,0
 0.2560, 0.0000,-6.1669, 3.1415, 0.0041, 8.4927,-4.6799, 0.2965, 1.4355,0
 0.2560, 0.0000,-6.0821, 3.1415, 0.0008, 8.4844,-4.6799, 0.3041, 1.4355,0
 0.2561, 0.0000,-5.9973, 3.1415, 0.0062, 8.4826,-4.6799, 0.3184, 1.4355,0
 0.2561, 0.0000,-5.9124, 3.1415, 0.0073, 8.4823,-4.6799, 0.3379, 1.4355,0
 0.2563, 0.0000,-5.8307, 3.1415, 0.0135, 8.2310,-4.6799, 0.3026, 1.4355,0
 0.2565, 0.0000,-5.7491, 3.1415, 0.0209, 8.1807,-4.6799, 0.3188, 1.4355,0
 0.2568, 0.0000,-5.6705, 3.1415, 0.0284, 7.9193,-4.6799, 0.2905, 1.4355,0
 0.2573, 0.0000,-5.5951, 3.1415, 0.0420, 7.6157,-4.6799, 0.2572, 1.4355,0
 0.2577, 0.0000,-5.5197, 3.1415, 0.0447, 7.5550,-4.6799, 0.2802, 1.4355,0
 0.2584, 0.0000,-5.4475, 3.1415, 0.0635, 7.2915,-4.6799, 0.2627, 1.4355,0
 0.2592, 0.0000,-5.3784, 3.1415, 0.0733, 6.9874,-4.6799, 0.2398, 1.4355,0
 0.2601, 0.0000,-5.3092, 3.1415, 0.0874, 6.9267,-4.6799, 0.2680, 1.4355,0
 0.2611, 0.0000,-5.2464, 3.1415, 0.0963, 6.4118,-4.6799, 0.2100, 1.4355,0
 0.2621, 0.0000,-5.1836, 3.1415, 0.1041, 6.3089,-4.6799, 0.2312, 1.4355,0
 0.2633, 0.0000,-5.1270, 3.1415, 0.1117, 5.7856,-4.6799, 0.1793, 1.4355,0
 0.2645, 0.0000,-5.0705, 3.1415, 0.1193, 5.6810,-4.6799, 0.2001, 1.4355,0
 0.2658, 0.0000,-5.0171, 3.1415, 0.1269, 5.4087,-4.6799, 0.1941, 1.4355,0
 0.2670, 0.0000,-4.9668, 3.1415, 0.1224, 5.1030,-4.6799, 0.1838, 1.4355,0
 0.2682, 0.0000,-4.9197, 3.1415, 0.1214, 4.7905,-4.6799, 0.1734, 1.4355,0
 0.2694, 0.0000,-4.8757, 3.1415, 0.1213, 4.4766,-4.6799, 0.1637, 1.4355,0
 0.2705, 0.0000,-4.8317, 3.1415, 0.1091, 4.4139,-4.6799, 0.1872, 1.4355,0
 0.2714, 0.0000,-4.7940, 3.1415, 0.1006, 3.8986,-4.6799, 0.1542, 1.4355,0
 0.2723, 0.0000,-4.7595, 3.1415, 0.0868, 3.5443,-4.6799, 0.1420, 1.4355,0
 0.2730, 0.0000,-4.7249, 3.1415, 0.0779, 3.4734,-4.6799, 0.1598, 1.4355,0
 0.2736, 0.0000,-4.6966, 3.1415, 0.0580, 2.9566,-4.6799, 0.1336, 1.4355,0
 0.2739, 0.0000,-4.6715, 3.1415, 0.0419, 2.6019,-4.6799, 0.1241, 1.4355,0
 0.2742, 0.0000,-4.6464, 3.1415, 0.0265, 2.5310,-1.4926, 0.1370, 1.4355,0
 0.2742, 0.0000,-4.6275, 3.1415, 0.0053, 2.0141,-0.0031, 0.1176, 1.4355,0
 0.2742, 0.0000,-4.6087, 3.1415, 0.0010, 1.9108, 2.6823, 0.1254, 1.4355,0
 0.2742, 0.0000,-4.5930, 3.1415, 0.0002, 1.6388, 2.7019, 0.1231, 1.4355,0
 0.2742, 0.0000,-4.5835, 3.1415, 0.0000, 1.0817,-2.6599, 0.1086, 1.4355,0
 0.2742, 0.0000,-4.5741, 3.1415, 0.0000, 0.9703,-3.6785, 0.1121, 1.4355,0
