 0.0000, 0.0000, 0.0000, 3.1415, 0.0000, 0.0000, 0.0000, 0.0000,-0.7180,0
 0.0000, 0.0000, 0.0000, 3.1415, 0.0000, 0.0000, 0.0000, 0.0000,-0.7180,0
 0.0000, 0.0000, 0.0000, 3.1415, 0.0000, 0.0000, 0.0000, 0.0000,-0.7180,0
 0.0000, 0.0000, 0.0000, 3.1415, 0.0000, 0.0000, 0.0000, 0.0000,-0.7180,0
 0.0000, 0.0000, 0.0000, 3.1415, 0.0000, 0.0000, 0.0000, 0.0000,-0.7180,0
 0.0000, 0.0000, 0.0000, 3.1415, 0.0000, 0.0000, 0.0000, 0.0000,-0.7180,0
 0.0000, 0.0000, 0.0000, 3.1415, 0.0000, 0.0000, 0.0000, 0.0000,-0.7180,0
 0.0000, 0.0000, 0.0000, 3.1415, 0.0000, 0.0000, 0.0000, 0.0000,-0.7180,0
 0.0000, 0.0000, 0.0000, 3.1415, 0.0000, 0.0000, 0.0000, 0.0000,-0.7180,0
 0.0000, 0.0000, 0.0000, 3.1415, 0.0000, 0.0000, 0.0000, 0.0000,-0.7180,0
 0.0000, 0.0000, 0.0000, 3.1415, 0.0000, 0.0000, 0.0000, 0.0000,-0.7180,0
 0.0000, 0.0000, 0.0000, 3.1415, 0.0000, 0.0000, 0.0000, 0.0000,-0.7180,0
 0.0000, 0.0000, 0.0000, 3.1415, 0.0000, 0.0000, 0.0000, 0.0000,-0.7180,0
 0.0000, 0.0000, 0.0000, 3.1415, 0.0000, 0.0000, 0.0000, 0.0000,-0.7180,0
 0.0000, 0.0000, 0.0000, 3.1415, 0.0000, 0.0000, 0.0000, 0.0000,-0.7180,0
 0.0000, 0.0000, 0.0000, 3.1415, 0.0000, 0.0000, 0.0000, 0.0000,-0.7180,0
 0.0000, 0.0000, 0.0000, 3.1415, 0.0000, 0.0000, 0.0000, 0.0000,-0.7180,0
 0.0000, 0.0000, 0.0000, 3.1415, 0.0000, 0.0000, 0.0000, 0.0000,-0.7180,0
 0.0000, 0.0000, 0.0000, 3.1415, 0.0000, 0.0000, 0.0000, 0.0000,-0.7180,0
 0.0000, 0.0000, 0.0000, 3.1415, 0.0000, 0.0000, 0.0000, 0.0000,-0.7180,0
 0.0000, 0.0000, 0.0000, 3.1415, 0.0000, 0.0000, 0.0000, 0.0000,-0.7180,0
 0.0000, 0.0000, 0.0000, 3.1415, 0.0000, 0.0000, 0.0000, 0.0000,-0.7180,0
 0.0000, 0.0000, 0.0000, 3.1415, 0.0000, 0.0000, 0.0000, 0.0000,-0.7180,0
 0.0000, 0.0000, 0.0000, 3.1415, 0.0000, 0.0000, 0.0000, 0.0000,-0.7180,0
 0.0000, 0.0000, 0.0000, 3.1415, 0.0000, 0.0000, 0.0000, 0.0000,-0.7180,0
 0.0000, 0.0000, 0.0000, 3.1415, 0.0000, 0.0000, 0.0000, 0.0000,-0.7180,0
 0.0000, 0.0000, 0.0000, 3.1415, 0.0000, 0.0000, 0.0000, 0.0000,-0.7180,0
 0.0000, 0.0000, 0.0000, 3.1415, 0.0000, 0.0000, 0.0000, 0.0000,-0.7180,0
 0.0000, 0.0000, 0.0000, 3.1415, 0.0000, 0.0000, 0.0000, 0.0000,-0.7180,0
 0.0000, 0.0000, 0.0000, 3.1415, 0.0000, 0.0000, 0.0000, 0.0000,-0.7180,0
 0.0000, 0.0000, 0.0000, 3.1415, 0.0000, 0.0000, 0.0000, 0.0000,-0.7180,0
 0.0000, 0.0000, 0.0000, 3.1415, 0.0000, 0.0000, 0.0000, 0.0000,-0.7180,0
 0.0000, 0.0000, 0.0000, 3.1415, 0.0000, 0.0000, 0.0000, 0.0000,-0.7180,0
 0.0000, 0.0000, 0.0000, 3.1415, 0.0000, 0.0000, 0.0000, 0.0000,-0.7180,0
 0.0000, 0.0000, 0.0000, 3.1415, 0.0000, 0.0000, 0.0000, 0.0000,-0.7180,0
 0.0000, 0.0000, 0.0000, 3.1415, 0.0000, 0.0000, 0.0000, 0.0000,-0.7180,0
 0.0000, 0.0000, 0.0000, 3.1415, 0.0000, 0.0000, 0.0000, 0.0000,-0.7180,0
 0.0000, 0.0000, 0.0000, 3.1415, 0.0000, 0.0000, 0.0000, 0.0000,-0.7180,0
 0.0000, 0.0000, 0.0000, 3.1415, 0.0000, 0.0000, 0.0000, 0.0000,-0.7180,0
 0.0000, 0.0000, 0.0000, 3.1415, 0.0000, 0.0000, 0.0000, 0.0000,-0.7180,0
 0.0000, 0.0000, 0.0000, 3.1415, 0.0000, 0.0000, 0.0000, 0.0000,-0.7180,0
 0.0000, 0.0000, 0.0000, 3.1415, 0.0000, 0.0000, 0.0000, 0.0000,-0.7180,0
 0.0000, 0.0000, 0.0000, 3.1415, 0.0000, 0.0000, 0.0000, 0.0000,-0.7180,0
 0.0000, 0.0000, 0.0000, 3.1415, 0.0000, 0.0000, 0.0000, 0.0000,-0.7180,0
 0.0000, 0.0000, 0.0000, 3.1415, 0.0000, 0.0000, 0.0000, 0.0000,-0.7180,0
 0.0000, 0.0000, 0.0000, 3.1415, 0.0000, 0.0000, 0.0000, 0.0000,-0.7180,0
 0.0000, 0.0000, 0.0000, 3.1415, 0.0000, 0.0000, 0.0000, 0.0000,-0.7180,0
 0.0000, 0.0000, 0.0000, 3.1415, 0.0000, 0.0000, 0.0000, 0.0000,-0.7180,0
 0.0000, 0.0000, 0.0000, 3.1415, 0.0000, 0.0000, 0.0000, 0.0000,-0.7180,0
 0.0000, 0.0000, 0.0000, 3.1415, 0.0000, 0.0000, 0.0000, 0.0000,-0.7180,0
 0.0000, 0.0000, 0.0000, 3.1415, 0.0000, 0.0000, 0.0000, 0.0000,-0.7180,0
 0.0000, 0.0000, 0.0000, 3.1415, 0.0000, 0.0000, 0.0000, 0.0000,-0.7180,0
 0.0000, 0.0000, 0.0000, 3.1415, 0.0000, 0.0000, 0.0000, 0.0000,-0.7180,0
 0.0000, 0.0000, 0.0000, 3.1415, 0.0000, 0.0000, 0.0000, 0.0000,-0.7180,0
 0.0000, 0.0000, 0.0000, 3.1415, 0.0000, 0.0000, 0.0000, 0.0000,-0.7180,0
 0.0000, 0.0000, 0.0000, 3.1415, 0.0000, 0.0000, 0.0000, 0.0000,-0.7180,0
 0.0000, 0.0000, 0.0000, 3.1415, 0.0000, 0.0000, 0.0000, 0.0000,-0.7180,0
 0.0000, 0.0000, 0.0000, 3.1415, 0.0000, 0.0000, 0.0000, 0.0000,-0.7180,0
 0.0000, 0.0000, 0.0000, 3.1415, 0.0000, 0.0000, 0.0000, 0.0000,-0.7180,0
 0.0000, 0.0000, 0.0000, 3.1415, 0.0000, 0.0000, 0.0000, 0.0000,-0.7180,0
 0.0000, 0.0000, 0.0000, 3.1415, 0.0000, 0.0000, 0.0000, 0.0000,-0.7180,0
 0.0000, 0.0000, 0.0000, 3.1415, 0.0000, 0.0000, 0.0000, 0.0000,-0.7180,0
 0.0000, 0.0000, 0.0000, 3.1415, 0.0000, 0.0000, 0.0000, 0.0000,-0.7180,0
 0.0000, 0.0000, 0.0000, 3.1415, 0.0000, 0.0000, 0.0000, 0.0000,-0.7180,0
 0.0000, 0.0000, 0.0000, 3.1415, 0.0000, 0.0000, 0.0000, 0.0000,-0.7180,0
 0.0000, 0.0000, 0.0000, 3.1415, 0.0000, 0.0000, 0.0000, 0.0000,-0.7180,0
 0.0000, 0.0000, 0.0000, 3.1415, 0.0000, 0.0000, 0.0000, 0.0000,-0.7180,0
 0.0000, 0.0000, 0.0000, 3.1415, 0.0000, 0.0000, 0.0000, 0.0000,-0.7180,0
 0.0000, 0.0000, 0.0000, 3.1415, 0.0000, 0.0000, 0.0000, 0.0000,-0.7180,0
 0.0000, 0.0000, 0.0000, 3.1415, 0.0000, 0.0000, 0.0000, 0.0000,-0.7180,0
 0.0000, 0.0000, 0.0000, 3.1415, 0.0000, 0.0000, 0.0000, 0.0000,-0.7180,0
 0.0000, 0.0000, 0.0000, 3.1415, 0.0000, 0.0000, 0.0000, 0.0000,-0.7180,0
 0.0000, 0.0000, 0.0000, 3.1415, 0.0000, 0.0000, 0.0000, 0.0000,-0.7180,0
 0.0000, 0.0000, 0.0000, 3.1415, 0.0000, 0.0000, 0.0000, 0.0000,-0.7180,0
 0.0000, 0.0000, 0.0000, 3.1415, 0.0000, 0.0000, 0.0000, 0.0000,-0.7180,0
 0.0000, 0.0000, 0.0000, 3.1415, 0.0000, 0.0000, 0.0000, 0.0000,-0.7180,0
 0.0000, 0.0000, 0.0000, 3.1415, 0.0000, 0.0000, 0.0000, 0.0000,-0.7180,0
 0.0000, 0.0000, 0.0000, 3.1415, 0.0000, 0.0000, 0.0000, 0.0000,-0.7180,0
 0.0000, 0.0000, 0.0000, 3.1415, 0.0000, 0.0000, 0.0000, 0.0000,-0.7180,0
 0.0000, 0.0000, 0.0000, 3.1415, 0.0000, 0.0000, 0.0000, 0.0000,-0.7180,0
 0.0000, 0.0000, 0.0000, 3.1415, 0.0000, 0.0000, 0.0000, 0.0000,-0.7180,0
 0.0000, 0.0000, 0.0000, 3.1415, 0.0000, 0.0000, 0.0000, 0.0000,-0.7180,0
 0.0000, 0.0000, 0.0000, 3.1415, 0.0000, 0.0000, 0.0000, 0.0000,-0.7180,0
 0.0000, 0.0000, 0.0000, 3.1415, 0.0000, 0.0000, 0.0000, 0.0000,-0.7180,0
 0.0000, 0.0000, 0.0000, 3.1415, 0.0000, 0.0000, 0.0000, 0.0000,-0.7180,0
 0.0000, 0.0000, 0.0000, 3.1415, 0.0000, 0.0000, 0.0000, 0.0000,-0.7180,0
 0.0000, 0.0000, 0.0000, 3.1415, 0.0000, 0.0000, 0.0000, 0.0000,-0.7180,0
 0.0000, 0.0000, 0.0000, 3.1415, 0.0000, 0.0000, 0.0000, 0.0000,-0.7180,0
 0.0000, 0.0000, 0.0000, 3.1415, 0.0000, 0.0000, 0.0000, 0.0000,-0.7180,0
 0.0000, 0.0000, 0.0000, 3.1415, 0.0000, 0.0000, 0.0000, 0.0000,-0.7180,0
 0.0000, 0.0000, 0.0000, 3.1415, 0.0000, 0.0000, 0.0000, 0.0000,-0.7180,0
 0.0000, 0.0000, 0.0000, 3.1415, 0.0000, 0.0000, 0.0000, 0.0000,-0.7180,0
 0.0000, 0.0000, 0.0000, 3.1415, 0.0000, 0.0000, 0.0000, 0.0000,-0.7180,0
 0.0000, 0.0000, 0.0000, 3.1415, 0.0000, 0.0000, 0.0000, 0.0000,-0.7180,0
 0.0000, 0.0000, 0.0000, 3.1415, 0.0000, 0.0000, 0.0000, 0.0000,-0.7180,0
 0.0000, 0.0000, 0.0000, 3.1415, 0.0000, 0.0000, 0.0000, 0.0000,-0.7180,0
 0.0000, 0.0000, 0.0000, 3.1415, 0.0000, 0.0000, 0.0000, 0.0000,-0.7180,0
 0.0000, 0.0000, 0.0000, 3.1415, 0.0000, 0.0000, 0.0000, 0.0000,-0.7180,0
 0.0000, 0.0000, 0.0000, 3.1415, 0.0000, 0.0000, 0.0000, 0.0000,-0.7180,0
 0.0000, 0.0000, 0.0000, 3.1415, 0.0000, 0.0000, 0.0000, 0.0000,-0.7180,0
 0.0000, 0.0000, 0.0000, 3.1415, 0.0000, 0.0000, 0.0000, 0.0000,-0.7180,0
 0.0000, 0.0000, 0.0000, 3.1415, 0.0000, 0.0000, 0.0000, 0.0000,-0.7180,0
 0.0000, 0.0000, 0.0000, 3.1415, 0.0000, 0.0000, 0.0000, 0.0000,-0.7180,0
 0.0000, 0.0000, 0.0000, 3.1415, 0.0000, 0.0000, 0.0000, 0.0000,-0.7180,0
 0.0000, 0.0000, 0.0000, 3.1415, 0.0000, 0.0000, 0.0000, 0.0000,-0.7180,0
 0.0000, 0.0000, 0.0000, 3.1415, 0.0000, 0.0000, 0.0000, 0.0000,-0.7180,0
 0.0000, 0.0000, 0.0000, 3.1415, 0.0000, 0.0000, 0.0000, 0.0000,-0.7180,0
 0.0000, 0.0000, 0.0000, 3.1415, 0.0000, 0.0000, 0.0000, 0.0000,-0.7180,0
 0.0000, 0.0000, 0.0000, 3.1415, 0.0000, 0.0000, 0.0000, 0.0000,-0.7180,0
 0.0000, 0.0000, 0.0000, 3.1415, 0.0000, 0.0000, 0.0000, 0.0000,-0.7180,0
 0.0000, 0.0000, 0.0000, 3.1415, 0.0000, 0.0000, 0.0000, 0.0000,-0.7180,0
 0.0000, 0.0000, 0.0000, 3.1415, 0.0000, 0.0000, 0.0000, 0.0000,-0.7180,0
 0.0000, 0.0000, 0.0000, 3.1415, 0.0000, 0.0000, 0.0000, 0.0000,-0.7180,0
 0.0000, 0.0000, 0.0000, 3.1415, 0.0000, 0.0000, 0.0000, 0.0000,-0.7180,0
 0.0000, 0.0000, 0.0000, 3.1415, 0.0000, 0.0000, 0.0000, 0.0000,-0.7180,0
 0.0000, 0.0000, 0.0000, 3.1415, 0.0000, 0.0000, 0.0000, 0.0000,-0.7180,0
 0.0000, 0.0000, 0.0000, 3.1415, 0.0000, 0.0000, 0.0000, 0.0000,-0.7180,0
 0.0000, 0.0000, 0.0000, 3.1415, 0.0000, 0.0000, 0.0000, 0.0000,-0.7180,0
 0.0000, 0.0000, 0.0000, 3.1415, 0.0000, 0.0000, 0.0000, 0.0000,-0.7180,0
 0.0000, 0.0000, 0.0000, 3.1415, 0.0000, 0.0000, 0.0000, 0.0000,-0.7180,0
 0.0000, 0.0000, 0.0000, 3.1415, 0.0000, 0.0000, 0.0000, 0.0000,-0.7180,0
 0.0000, 0.0000, 0.0000, 3.1415, 0.0000, 0.0000, 0.0000, 0.0000,-0.7180,0
 0.0000, 0.0000, 0.0000, 3.1415, 0.0000, 0.0000, 0.0000, 0.0000,-0.7180,0
 0.0000, 0.0000, 0.0000, 3.1415, 0.0000, 0.0000, 0.0000, 0.0000,-0.7180,0
 0.0000, 0.0000, 0.0000, 3.1415, 0.0000, 0.0000, 0.0000, 0.0000,-0.7180,0
 0.0000, 0.0000, 0.0000, 3.1415, 0.0000, 0.0000, 0.0000, 0.0000,-0.7180,0
 0.0000, 0.0000, 0.0000, 3.1415, 0.0000, 0.0000, 0.0000, 0.0000,-0.7180,0
 0.0000, 0.0000, 0.0000, 3.1415, 0.0000, 0.0000, 0.0000, 0.0000,-0.7180,0
 0.0000, 0.0000, 0.0000, 3.1415, 0.0000, 0.0000, 0.0000, 0.0000,-0.7180,0
 0.0000, 0.0000, 0.0000, 3.1415, 0.0000, 0.0000, 0.0000, 0.0000,-0.7180,0
 0.0000, 0.0000, 0.0000, 3.1415, 0.0000, 0.0000, 0.0000, 0.0000,-0.7180,0
 0.0000, 0.0000, 0.0000, 3.1415, 0.0000, 0.0000, 0.0000, 0.0000,-0.7180,0
 0.0000, 0.0000, 0.0000, 3.1415, 0.0000, 0.0000, 0.0000, 0.0000,-0.7180,0
 0.0000, 0.0000, 0.0000, 3.1415, 0.0000, 0.0000, 0.0000, 0.0000,-0.7180,0
 0.0000, 0.0000, 0.0000, 3.1415, 0.0000, 0.0000, 0.0000, 0.0000,-0.7180,0
 0.0000, 0.0000, 0.0000, 3.1415, 0.0000, 0.0000, 0.0000, 0.0000,-0.7180,0
 0.0000, 0.0000, 0.0000, 3.1415, 0.0000, 0.0000, 0.0000, 0.0000,-0.7180,0
 0.0000, 0.0000, 0.0000, 3.1415, 0.0000, 0.0000, 0.0000, 0.0000,-0.7180,0
 0.0000, 0.0000, 0.0000, 3.1415, 0.0000, 0.0000, 0.0000, 0.0000,-0.7180,0
 0.0000, 0.0000, 0.0000, 3.1415, 0.0000, 0.0000, 0.0000, 0.0000,-0.7180,0
 0.0000, 0.0000, 0.0000, 3.1415, 0.0000, 0.0000, 0.0000, 0.0000,-0.7180,0
 0.0000, 0.0000, 0.0000, 3.1415, 0.0000, 0.0000, 0.0000, 0.0000,-0.7180,0
 0.0000, 0.0000, 0.0000, 3.1415, 0.0000, 0.0000, 0.0000, 0.0000,-0.7180,0
 0.0000, 0.0000, 0.0000, 3.1415, 0.0000, 0.0000, 0.0000, 0.0000,-0.7180,0
 0.0000, 0.0000, 0.0000, 3.1415, 0.0000, 0.0000, 0.0000, 0.0000,-0.7180,0
 0.0000, 0.0000, 0.0000, 3.1415, 0.0000, 0.0000, 0.0000, 0.0000,-0.7180,0
 0.0000, 0.0000, 0.0000, 3.1415, 0.0000, 0.0000, 0.0000, 0.0000,-0.7180,0
 0.0000, 0.0000, 0.0000, 3.1415, 0.0000, 0.0000, 0.0000, 0.0000,-0.7180,0
 0.0000, 0.0000, 0.0000, 3.1415, 0.0000, 0.0000, 0.0000, 0.0000,-0.7180,0
 0.0000, 0.0000, 0.0000, 3.1415, 0.0000, 0.0000, 0.0000, 0.0000,-0.7180,0
 0.0000, 0.0000, 0.0000, 3.1415, 0.0000, 0.0000, 0.0000, 0.0000,-0.7180,0
 0.0000, 0.0000, 0.0000, 3.1415, 0.0000, 0.0000, 0.0000, 0.0000,-0.7180,0
 0.0000, 0.0000, 0.0000, 3.1415, 0.0000, 0.0000, 0.0000, 0.0000,-0.7180,0
 0.0000, 0.0000, 0.0000, 3.1415, 0.0000, 0.0000, 0.0000, 0.0000,-0.7180,0
 0.0000, 0.0000, 0.0000, 3.1415, 0.0000, 0.0000, 0.0000, 0.0000,-0.7180,0
 0.0000, 0.0000, 0.0000, 3.1415, 0.0000, 0.0000, 0.0000, 0.0000,-0.7180,0
 0.0000, 0.0000, 0.0000, 3.1415, 0.0000, 0.0000, 0.0000, 0.0000,-0.7180,0
 0.0000, 0.0000, 0.0000, 3.1415, 0.0000, 0.0000, 0.0000, 0.0000,-0.7180,0
 0.0000, 0.0000, 0.0000, 3.1415, 0.0000, 0.0000, 0.0000, 0.0000,-0.7180,0
 0.0000, 0.0000, 0.0000, 3.1415, 0.0000, 0.0000, 0.0000, 0.0000,-0.7180,0
 0.0000, 0.0000, 0.0000, 3.1415, 0.0000, 0.0000, 0.0000, 0.0000,-0.7180,0
 0.0000, 0.0000, 0.0000, 3.1415, 0.0000, 0.0000, 0.0000, 0.0000,-0.7180,0
 0.0000, 0.0000, 0.0000, 3.1415, 0.0000, 0.0000, 0.0000, 0.0000,-0.7180,0
 0.0000, 0.0000, 0.0000, 3.1415, 0.0060, 0.0000, 0.0000, 0.0000,-0.7180,0
 0.0000, 0.0000, 0.0000, 3.1415, 0.0012, 0.0000, 0.0000, 0.0000,-0.7180,0
 0.0001, 0.0000, 0.0000, 3.1415, 0.0063, 0.0000, 0.0000, 0.0000,-0.7180,0
 0.0001, 0.0000, 0.0000, 3.1415, 0.0012, 0.0000, 0.0000, 0.0000,-0.7180,0
 0.0002, 0.0000, 0.0000, 3.1415, 0.0063, 0.0000, 0.0000, 0.0000,-0.7180,0
 0.0003, 0.0000, 0.0000, 3.1415, 0.0073, 0.0000, 0.0000, 0.0000,-0.7180,0
 0.0003, 0.0000, 0.0000, 3.1415, 0.0075, 0.0000, 0.0000, 0.0000,-0.7180,0
 0.0005, 0.0000, 0.0000, 3.1415, 0.0136, 0.0000, 0.0000, 0.0000,-0.7180,0
 0.0006, 0.0000, 0.0000, 3.1415, 0.0087, 0.0000, 0.0000, 0.0000,-0.7180,0
 0.0007, 0.0000,-0.0031, 3.1415, 0.0138,-0.2513, 0.0000, 0.0000,-0.7180,0
 0.0009, 0.0000,-0.0031, 3.1415, 0.0209,-0.0502, 0.0000, 0.0000,-0.7180,0
 0.0011, 0.0000,-0.0031, 3.1415, 0.0163,-0.0100, 0.0000, 0.0000,-0.7180,0
 0.0012, 0.0000,-0.0031, 3.1415, 0.0153,-0.0020, 0.0000, 0.0000,-0.7180,0
 0.0015, 0.0000,-0.0031, 3.1415, 0.0212,-0.0004, 0.0000, 0.0000,-0.7180,0
 0.0017, 0.0000,-0.0062, 3.1415, 0.0224,-0.2514, 0.0000, 0.0000,-0.7180,0
 0.0019, 0.0000,-0.0062, 3.1415, 0.0226,-0.0502, 0.0000, 0.0000,-0.7180,0
 0.0021, 0.0000,-0.0062, 3.1415, 0.0227,-0.0100, 0.0000, 0.0000,-0.7180,0
 0.0024, 0.0000,-0.0062, 3.1415, 0.0227,-0.0020, 0.0000, 0.0000,-0.7180,0
 0.0026, 0.0000,-0.0062, 3.1415, 0.0227,-0.0004, 0.0000, 0.0000,-0.7180,0
 0.0028, 0.0000,-0.0062, 3.1415, 0.0166,-0.0000, 0.0000, 0.0000,-0.7180,0
 0.0030, 0.0000,-0.0094, 3.1415, 0.0215,-0.2513, 0.0000, 0.0000,-0.7180,0
 0.0031, 0.0000,-0.0094, 3.1415, 0.0164,-0.0502, 0.0000, 0.0000,-0.7180,0
 0.0032, 0.0000,-0.0094, 3.1415, 0.0093,-0.0100, 0.0000, 0.0000,-0.7180,0
 0.0034, 0.0000,-0.0094, 3.1415, 0.0139,-0.0020, 0.0000, 0.0000,-0.7180,0
 0.0034, 0.0000,-0.0094, 3.1415, 0.0027,-0.0004, 0.0000, 0.0000,-0.7180,0
 0.0034, 0.0000,-0.0094, 3.1415, 0.0066,-0.0000, 0.0000, 0.0000,-0.7180,0
 0.0034, 0.0000,-0.0062, 3.1415, 0.0013, 0.2513, 0.0000, 0.0000,-0.7180,0
 0.0034, 0.0000,-0.0062, 3.1415, 0.0002, 0.0502, 0.0000, 0.0000,-0.7180,0
 0.0034, 0.0000,-0.0062, 3.1415, 0.0000, 0.0100, 0.0000, 0.0000,-0.7180,0
 0.0034, 0.0000,-0.0062, 3.1415, 0.0000, 0.0020, 0.0000, 0.0000,-0.7180,0
 0.0034, 0.0000,-0.0062, 3.1415,-0.0060, 0.0004, 0.0000, 0.0000,-0.7180,0
 0.0034, 0.0000,-0.0062, 3.1415,-0.0012, 0.0000, 0.0000, 0.0000,-0.7180,0
 0.0033, 0.0000,-0.0062, 3.1415,-0.0063, 0.0000, 0.0000, 0.0000,-0.7180,0
 0.0033, 0.0000,-0.0031, 3.1415,-0.0012, 0.2513, 0.0000, 0.0000,-0.7180,0
 0.0033, 0.0000,-0.0031, 3.1415,-0.0002, 0.0502, 0.0000, 0.0000,-0.7180,0
 0.0033, 0.0000,-0.0031, 3.1415,-0.0000, 0.0100, 0.0000, 0.0000,-0.7180,0
 0.0033, 0.0000,-0.0031, 3.1415,-0.0000, 0.0020, 0.0000, 0.0000,-0.7180,0
 0.0033, 0.0000,-0.0031, 3.1415,-0.0000, 0.0004, 0.0000, 0.0000,-0.7180,0
 0.0033, 0.0000,-0.0031, 3.1415,-0.0000, 0.0000, 0.0000, 0.0000,-0.7180,0
 0.0033, 0.0000, 0.0000, 3.1415,-0.0000, 0.2513, 0.0000, 0.0000,-0.7180,0
 0.0033, 0.0000, 0.0000, 3.1415,-0.0000, 0.0502, 0.0000, 0.0000,-0.7180,0
 0.0033, 0.0000, 0.0000, 3.1415,-0.0000, 0.0100, 0.0000, 0.0000,-0.7180,0
 0.0033, 0.0000, 0.0000, 3.1415,-0.0000, 0.0020, 0.0000, 0.0000,-0.7180,0
 0.0033, 0.0000, 0.0000, 3.1415,-0.0000, 0.0004, 0.0000, 0.0000,-0.7180,0
 0.0033, 0.0000, 0.0000, 3.1415,-0.0000, 0.0000, 0.0000, 0.0000,-0.7180,0
 0.0033, 0.0000, 0.0031, 3.1415,-0.0000, 0.2513, 0.0000, 0.0000,-0.7180,0
 0.0033, 0.0000, 0.0031, 3.1415,-0.0000, 0.0502, 0.0000, 0.0000,-0.7180,0
 0.0033, 0.0000, 0.0031, 3.1415,-0.0000, 0.0100, 0.0000, 0.0000,-0.7180,0
 0.0033, 0.0000, 0.0031, 3.1415,-0.0000, 0.0020, 0.0000, 0.0000,-0.7180,0
 0.0033, 0.0000, 0.0031, 3.1415,-0.0000, 0.0004, 0.0000, 0.0000,-0.7180,0
 0.0033, 0.0000, 0.0031, 3.1415,-0.0000, 0.0000, 0.0000, 0.0000,-0.7180,0
 0.0033, 0.0000, 0.0062, 3.1415,-0.0000, 0.2513, 0.0000, 0.0000,-0.7180,0
 0.0033, 0.0000, 0.0062, 3.1415,-0.0000, 0.0502, 0.0000, 0.0000,-0.7180,0
 0.0033, 0.0000, 0.0062, 3.1415,-0.0000, 0.0100, 0.0000, 0.0000,-0.7180,0
 0.0033, 0.0000, 0.0062, 3.1415,-0.0000, 0.0020, 0.0000, 0.0000,-0.7180,0
 0.0033, 0.0000, 0.0062, 3.1415,-0.0000, 0.0004, 0.0000, 0.0000,-0.7180,0
 0.0034, 0.0000, 0.0062, 3.1415, 0.0060, 0.0000, 0.0000, 0.0000,-0.7180,0
 0.0034, 0.0000, 0.0062, 3.1415, 0.0012, 0.0000, 0.0000, 0.0000,-0.7180,0
 0.0034, 0.0000, 0.0094, 3.1415, 0.0002, 0.2513, 0.0000, 0.0000,-0.7180,0
 0.0034, 0.0000, 0.0094, 3.1415, 0.0000, 0.0502, 0.0000, 0.0000,-0.7180,0
 0.0034, 0.0000, 0.0094, 3.1415, 0.0000, 0.0100, 0.0000, 0.0000,-0.7180,0
 0.0034, 0.0000, 0.0094, 3.1415, 0.0000, 0.0020, 0.0000, 0.0000,-0.7180,0
 0.0034, 0.0000, 0.0094, 3.1415, 0.0000, 0.0004, 0.0000, 0.0000,-0.7180,0
 0.0034, 0.0000, 0.0094, 3.1415, 0.0000, 0.0000, 0.0000, 0.0000,-0.7180,0
 0.0034, 0.0000, 0.0094, 3.1415, 0.0000, 0.0000, 0.0000, 0.0000,-0.7180,0
 0.0034, 0.0000, 0.0094, 3.1415, 0.0000, 0.0000, 0.0000, 0.0000,-0.7180,0
 0.0034, 0.0000, 0.0094, 3.1415, 0.0000, 0.0000, 0.0000, 0.0000,-0.7180,0
 0.0034, 0.0000, 0.0094, 3.1415, 0.0000, 0.0000, 0.0000, 0.0000,-0.7180,0
 0.0034, 0.0000, 0.0094, 3.1415, 0.0000, 0.0000, 0.0000, 0.0000,-0.7180,0
 0.0034, 0.0000, 0.0094, 3.1415, 0.0000, 0.0000, 0.0000, 0.0000,-0.7180,0
 0.0034, 0.0000, 0.0094, 3.1415, 0.0000, 0.0000, 0.0000, 0.0000,-0.7180,0
 0.0034, 0.0000, 0.0094, 3.1415, 0.0000, 0.0000, 0.0000, 0.0000,-0.7180,0
 0.0034, 0.0000, 0.0094, 3.1415, 0.0000, 0.0000, 0.0000, 0.0000,-0.7180,0
 0.0033, 0.0000, 0.0094, 3.1415,-0.0060, 0.0000, 0.0000, 0.0000,-0.7180,0
 0.0033, 0.0000, 0.0094, 3.1415,-0.0012, 0.0000, 0.0000, 0.0000,-0.7180,0
 0.0033, 0.0000, 0.0094, 3.1415,-0.0002, 0.0000, 0.0000, 0.0000,-0.7180,0
 0.0033, 0.0000, 0.0094, 3.1415,-0.0000, 0.0000, 0.0000, 0.0000,-0.7180,0
 0.0033, 0.0000, 0.0094, 3.1415,-0.0000, 0.0000, 0.0000, 0.0000,-0.7180,0
 0.0033, 0.0000, 0.0094, 3.1415,-0.0000, 0.0000, 0.0000, 0.0000,-0.7180,0
 0.0033, 0.0000, 0.0094, 3.1415,-0.0000, 0.0000, 0.0000, 0.0000,-0.7180,0
 0.0033, 0.0000, 0.0094, 3.1415,-0.0000, 0.0000, 0.0000, 0.0000,-0.7180,0
 0.0033, 0.0000, 0.0094, 3.1415,-0.0000, 0.0000, 0.0000, 0.0000,-0.7180,0
 0.0033, 0.0000, 0.0094, 3.1415,-0.0000, 0.0000, 0.0000, 0.0000,-0.7180,0
 0.0033, 0.0000, 0.0062, 3.1415,-0.0000,-0.2513, 0.0000, 0.0000,-0.7180,0
 0.0033, 0.0000, 0.0062, 3.1415,-0.0000,-0.0502, 0.0000, 0.0000,-0.7180,0
 0.0033, 0.0000, 0.0062, 3.1415,-0.0000,-0.0100, 0.0000, 0.0000,-0.7180,0
 0.0033, 0.0000, 0.0062, 3.1415,-0.0000,-0.0020, 0.0000, 0.0000,-0.7180,0
 0.0033, 0.0000, 0.0062, 3.1415,-0.0000,-0.0004, 0.0000, 0.0000,-0.7180,0
 0.0033, 0.0000, 0.0062, 3.1415,-0.0000,-0.0000, 0.0000, 0.0000,-0.7180,0
 0.0033, 0.0000, 0.0062, 3.1415,-0.0000,-0.0000, 0.0000, 0.0000,-0.7180,0
 0.0033, 0.0000, 0.0031, 3.1415,-0.0000,-0.2513, 0.0000, 0.0000,-0.7180,0
 0.0033, 0.0000, 0.0031, 3.1415,-0.0000,-0.0502, 0.0000, 0.0000,-0.7180,0
 0.0033, 0.0000, 0.0031, 3.1415,-0.0000,-0.0100, 0.0000, 0.0000,-0.7180,0
 0.0033, 0.0000, 0.0031, 3.1415,-0.0000,-0.0020, 0.0000, 0.0000,-0.7180,0
 0.0033, 0.0000, 0.0031, 3.1415,-0.0000,-0.0004, 0.0000, 0.0000,-0.7180,0
 0.0033, 0.0000, 0.0031, 3.1415,-0.0000,-0.0000, 0.0000, 0.0000,-0.7180,0
 0.0033, 0.0000, 0.0000, 3.1415,-0.0000,-0.2513, 0.0000, 0.0000,-0.7180,0
 0.0033, 0.0000, 0.0000, 3.1415,-0.0000,-0.0502, 0.0000, 0.0000,-0.7180,0
 0.0033, 0.0000, 0.0000, 3.1415,-0.0000,-0.0100, 0.0000, 0.0000,-0.7180,0
 0.0033, 0.0000, 0.0000, 3.1415,-0.0000,-0.0020, 0.0000, 0.0000,-0.7180,0
 0.0033, 0.0000, 0.0000, 3.1415,-0.0000,-0.0004, 0.0000, 0.0000,-0.7180,0
 0.0033, 0.0000, 0.0000, 3.1415,-0.0000,-0.0000, 0.0000, 0.0000,-0.7180,0
 0.0033, 0.0000, 0.0000, 3.1415,-0.0000,-0.0000, 0.0000, 0.0000,-0.7180,0
 0.0033, 0.0000,-0.0031, 3.1415,-0.0000,-0.2513, 0.0000, 0.0000,-0.7180,0
 0.0033, 0.0000,-0.0031, 3.1415,-0.0000,-0.0502, 0.0000, 0.0000,-0.7180,0
 0.0033, 0.0000,-0.0031, 3.1415,-0.0000,-0.0100, 0.0000, 0.0000,-0.7180,0
 0.0033, 0.0000,-0.0031, 3.1415,-0.0000,-0.0020, 0.0000, 0.0000,-0.7180,0
 0.0033, 0.0000,-0.0031, 3.1415,-0.0000,-0.0004, 0.0000, 0.0000,-0.7180,0
 0.0033, 0.0000,-0.0031, 3.1415,-0.0000,-0.0000, 0.0000, 0.0000,-0.7180,0
 0.0033, 0.0000,-0.0062, 3.1415,-0.0000,-0.2513, 0.0000, 0.0000,-0.7180,0
 0.0033, 0.0000,-0.0062, 3.1415,-0.0000,-0.0502, 0.0000, 0.0000,-0.7180,0
 0.0033, 0.0000,-0.0062, 3.1415,-0.0000,-0.0100, 0.0000, 0.0000,-0.7180,0
 0.0033, 0.0000,-0.0062, 3.1415,-0.0000,-0.0020, 0.0000, 0.0000,-0.7180,0
 0.0033, 0.0000,-0.0062, 3.1415,-0.0000,-0.0004, 0.0000, 0.0000,-0.7180,0
 0.0033, 0.0000,-0.0062, 3.1415,-0.0000,-0.0000, 0.0000, 0.0000,-0.7180,0
 0.0033, 0.0000,-0.0062, 3.1415,-0.0000,-0.0000, 0.0000, 0.0000,-0.7180,0
 0.0033, 0.0000,-0.0062, 3.1415,-0.0000,-0.0000, 0.0000, 0.0000,-0.7180,0
 0.0033, 0.0000,-0.0094, 3.1415,-0.0000,-0.2513, 0.0000, 0.0000,-0.7180,0
 0.0033, 0.0000,-0.0094, 3.1415,-0.0000,-0.0502, 0.0000, 0.0000,-0.7180,0
 0.0033, 0.0000,-0.0094, 3.1415,-0.0000,-0.0100, 0.0000, 0.0000,-0.7180,0
 0.0033, 0.0000,-0.0094, 3.1415,-0.0000,-0.0020, 0.0000, 0.0000,-0.7180,0
 0.0033, 0.0000,-0.0094, 3.1415,-0.0000,-0.0004, 0.0000, 0.0000,-0.7180,0
 0.0033, 0.0000,-0.0094, 3.1415,-0.0000,-0.0000, 0.0000, 0.0000,-0.7180,0
 0.0033, 0.0000,-0.0094, 3.1415,-0.0000,-0.0000, 0.0000, 0.0000,-0.7180,0
 0.0033, 0.0000,-0.0094, 3.1415,-0.0000,-0.0000, 0.0000, 0.0000,-0.7180,0
 0.0033, 0.0000,-0.0094, 3.1415, 0.0000,-0.0000, 0.0000, 0.0000,-0.7180,0
 0.0033, 0.0000,-0.0094, 3.1415, 0.0000,-0.0000, 0.0000, 0.0000,-0.7180,0
 0.0033, 0.0000,-0.0094, 3.1415, 0.0000,-0.0000, 0.0000, 0.0000,-0.7180,0
 0.0033, 0.0000,-0.0094, 3.1415, 0.0000,-0.0000, 0.0000, 0.0000,-0.7180,0
 0.0033, 0.0000,-0.0094, 3.1415, 0.0000,-0.0000, 0.0000, 0.0000,-0.7180,0
 0.0033, 0.0000,-0.0094, 3.1415, 0.0000,-0.0000, 0.0000, 0.0000,-0.7180,0
 0.0033, 0.0000,-0.0094, 3.1415, 0.0000,-0.0000, 0.0000, 0.0000,-0.7180,0
 0.0033, 0.0000,-0.0094, 3.1415, 0.0000,-0.0000, 0.0000, 0.0000,-0.7180,0
 0.0033, 0.0000,-0.0094, 3.1415, 0.0000,-0.0000, 0.0000, 0.0000,-0.7180,0
 0.0033, 0.0000,-0.0094, 3.1415, 0.0000,-0.0000, 0.0000, 0.0000,-0.7180,0
 0.0033, 0.0000,-0.0094, 3.1415, 0.0000,-0.0000, 0.0000, 0.0000,-0.7180,0
 0.0033, 0.0000,-0.0094, 3.1415, 0.0000,-0.0000, 0.0000, 0.0000,-0.7180,0
 0.0033, 0.0000,-0.0094, 3.1415, 0.0000,-0.0000, 0.0000, 0.0000,-0.7180,0
 0.0033, 0.0000,-0.0062, 3.1415, 0.0000, 0.2513, 0.0000, 0.0000,-0.7180,0
 0.0033, 0.0000,-0.0062, 3.1415, 0.0000, 0.0502, 0.0000, 0.0000,-0.7180,0
 0.0033, 0.0000,-0.0062, 3.1415, 0.0000, 0.0100, 0.0000, 0.0000,-0.7180,0
 0.0033, 0.0000,-0.0062, 3.1415, 0.0000, 0.0020, 0.0000, 0.0000,-0.7180,0
 0.0033, 0.0000,-0.0062, 3.1415, 0.0000, 0.0004, 0.0000, 0.0000,-0.7180,0
 0.0033, 0.0000,-0.0062, 3.1415, 0.0000, 0.0000, 0.0000, 0.0000,-0.7180,0
 0.0033, 0.0000,-0.0062, 3.1415, 0.0000, 0.0000, 0.0000, 0.0000,-0.7180,0
 0.0033, 0.0000,-0.0062, 3.1415, 0.0000, 0.0000, 0.0000, 0.0000,-0.7180,0
 0.0033, 0.0000,-0.0031, 3.1415, 0.0000, 0.2513, 0.0000, 0.0000,-0.7180,0
 0.0033, 0.0000,-0.0031, 3.1415, 0.0000, 0.0502, 0.0000, 0.0000,-0.7180,0
 0.0033, 0.0000,-0.0031, 3.1415, 0.0000, 0.0100, 0.0000, 0.0000,-0.7180,0
 0.0033, 0.0000,-0.0031, 3.1415, 0.0000, 0.0020, 0.0000, 0.0000,-0.7180,0
 0.0033, 0.0000,-0.0031, 3.1415, 0.0000, 0.0004, 0.0000, 0.0000,-0.7180,0
 0.0033, 0.0000,-0.0031, 3.1415, 0.0000, 0.0000, 0.0000, 0.0000,-0.7180,0
 0.0033, 0.0000, 0.0000, 3.1415, 0.0000, 0.2513, 0.0000, 0.0000,-0.7180,0
 0.0033, 0.0000, 0.0000, 3.1415, 0.0000, 0.0502, 0.0000, 0.0000,-0.7180,0
 0.0033, 0.0000, 0.0000, 3.1415, 0.0000, 0.0100, 0.0000, 0.0000,-0.7180,0
 0.0033, 0.0000, 0.0000, 3.1415, 0.0000, 0.0020, 0.0000, 0.0000,-0.7180,0
 0.0033, 0.0000, 0.0000, 3.1415, 0.0000, 0.0004, 0.0000, 0.0000,-0.7180,0
 0.0033, 0.0000, 0.0000, 3.1415, 0.0000, 0.0000, 0.0000, 0.0000,-0.7180,0
 0.0033, 0.0000, 0.0000, 3.1415, 0.0000, 0.0000, 0.0000, 0.0000,-0.7180,0
 0.0033, 0.0000, 0.0031, 3.1415, 0.0000, 0.2513, 0.0000, 0.0000,-0.7180,0
 0.0033, 0.0000, 0.0031, 3.1415, 0.0000, 0.0502, 0.0000, 0.0000,-0.7180,0
 0.0033, 0.0000, 0.0031, 3.1415, 0.0000, 0.0100, 0.0000, 0.0000,-0.7180,0
 0.0033, 0.0000, 0.0031, 3.1415, 0.0000, 0.0020, 0.0000, 0.0000,-0.7180,0
 0.0033, 0.0000, 0.0031, 3.1415, 0.0000, 0.0004, 0.0000, 0.0000,-0.7180,0
 0.0033, 0.0000, 0.0031, 3.1415, 0.0000, 0.0000, 0.0000, 0.0000,-0.7180,0
 0.0033, 0.0000, 0.0062, 3.1415, 0.0000, 0.2513, 0.0000, 0.0000,-0.7180,0
 0.0033, 0.0000, 0.0062, 3.1415, 0.0000, 0.0502, 0.0000, 0.0000,-0.7180,0
 0.0033, 0.0000, 0.0062, 3.1415, 0.0000, 0.0100, 0.0000, 0.0000,-0.7180,0
 0.0033, 0.0000, 0.0062, 3.1415, 0.0000, 0.0020, 0.0000, 0.0000,-0.7180,0
 0.0033, 0.0000, 0.0062, 3.1415, 0.0000, 0.0004, 0.0000, 0.0000,-0.7180,0
 0.0033, 0.0000, 0.0062, 3.1415, 0.0000, 0.0000, 0.0000, 0.0000,-0.7180,0
 0.0033, 0.0000, 0.0062, 3.1415, 0.0000, 0.0000, 0.0000, 0.0000,-0.7180,0
 0.0033, 0.0000, 0.0062, 3.1415, 0.0000, 0.0000, 0.0000, 0.0000,-0.7180,0
 0.0033, 0.0000, 0.0094, 3.1415, 0.0000, 0.2513, 0.0000, 0.0000,-0.7180,0
 0.0033, 0.0000, 0.0094, 3.1415, 0.0000, 0.0502, 0.0000, 0.0000,-0.7180,0
 0.0033, 0.0000, 0.0094, 3.1415, 0.0000, 0.0100, 0.0000, 0.0000,-0.7180,0
 0.0033, 0.0000, 0.0094, 3.1415, 0.0000, 0.0020, 0.0000, 0.0000,-0.7180,0
 0.0033, 0.0000, 0.0094, 3.1415, 0.0000, 0.0004, 0.0000, 0.0000,-0.7180,0
 0.0033, 0.0000, 0.0094, 3.1415, 0.0000, 0.0000, 0.0000, 0.0000,-0.7180,0
 0.0033, 0.0000, 0.0094, 3.1415, 0.0000, 0.0000, 0.0000, 0.0000,-0.7180,0
 0.0033, 0.0000, 0.0094, 3.1415, 0.0000, 0.0000, 0.0000, 0.0000,-0.7180,0
 0.0033, 0.0000, 0.0094, 3.1415, 0.0000, 0.0000, 0.0000, 0.0000,-0.7180,0
 0.0033, 0.0000, 0.0094, 3.1415, 0.0000, 0.0000, 0.0000, 0.0000,-0.7180,0
 0.0033, 0.0000, 0.0094, 3.1415, 0.0000, 0.0000, 0.0000, 0.0000,-0.7180,0
 0.0033, 0.0000, 0.0094, 3.1415, 0.0000, 0.0000, 0.0000, 0.0000,-0.7180,0
 0.0033, 0.0000, 0.0094, 3.1415, 0.0000, 0.0000, 0.0000, 0.0000,-0.7180,0
 0.0033, 0.0000, 0.0094, 3.1415, 0.0000, 0.0000, 0.0000, 0.0000,-0.7180,0
 0.0033, 0.0000, 0.0094, 3.1415, 0.0000, 0.0000, 0.0000, 0.0000,-0.7180,0
 0.0033, 0.0000, 0.0094, 3.1415, 0.0000, 0.0000, 0.0000, 0.0000,-0.7180,0
 0.0033, 0.0000, 0.0094, 3.1415, 0.0000, 0.0000, 0.0000, 0.0000,-0.7180,0
 0.0033, 0.0000, 0.0094, 3.1415, 0.0000, 0.0000, 0.0000, 0.0000,-0.7180,0
 0.0033, 0.0000, 0.0094, 3.1415, 0.0000, 0.0000, 0.0000, 0.0000,-0.7180,0
 0.0033, 0.0000, 0.0094, 3.1415, 0.0000, 0.0000, 0.0000, 0.0000,-0.7180,0
 0.0033, 0.0000, 0.0094, 3.1415, 0.0000, 0.0000, 0.0000, 0.0000,-0.7180,0
 0.0033, 0.0000, 0.0094, 3.1415, 0.0000, 0.0000, 0.0000, 0.0000,-0.7180,0
 0.0033, 0.0000, 0.0062, 3.1415, 0.0000,-0.2513, 0.0000, 0.0000,-0.7180,0
 0.0033, 0.0000, 0.0062, 3.1415, 0.0000,-0.0502, 0.0000, 0.0000,-0.7180,0
 0.0033, 0.0000, 0.0062, 3.1415, 0.0000,-0.0100, 0.0000, 0.0000,-0.7180,0
 0.0033, 0.0000, 0.0062, 3.1415, 0.0000,-0.0020, 0.0000, 0.0000,-0.7180,0
 0.0033, 0.0000, 0.0062, 3.1415, 0.0000,-0.0004, 0.0000, 0.0000,-0.7180,0
 0.0033, 0.0000, 0.0062, 3.1415, 0.0000,-0.0000, 0.0000, 0.0000,-0.7180,0
 0.0033, 0.0000, 0.0062, 3.1415, 0.0000,-0.0000, 0.0000, 0.0000,-0.7180,0
 0.0033, 0.0000, 0.0062, 3.1415, 0.0000,-0.0000, 0.0000, 0.0000,-0.7180,0
 0.0033, 0.0000, 0.0062, 3.1415, 0.0000,-0.0000, 0.0000, 0.0000,-0.7180,0
 0.0033, 0.0000, 0.0031, 3.1415, 0.0000,-0.2513, 0.0000, 0.0000,-0.7180,0
 0.0033, 0.0000, 0.0031, 3.1415, 0.0000,-0.0502, 0.0000, 0.0000,-0.7180,0
 0.0033, 0.0000, 0.0031, 3.1415, 0.0000,-0.0100, 0.0000, 0.0000,-0.7180,0
 0.0033, 0.0000, 0.0031, 3.1415, 0.0000,-0.0020, 0.0000, 0.0000,-0.7180,0
 0.0033, 0.0000, 0.0031, 3.1415, 0.0000,-0.0004, 0.0000, 0.0000,-0.7180,0
 0.0033, 0.0000, 0.0031, 3.1415, 0.0000,-0.0000, 0.0000, 0.0000,-0.7180,0
 0.0033, 0.0000, 0.0000, 3.1415, 0.0000,-0.2513, 0.0000, 0.0000,-0.7180,0
 0.0033, 0.0000, 0.0000, 3.1415, 0.0000,-0.0502, 0.0000, 0.0000,-0.7180,0
 0.0033, 0.0000, 0.0000, 3.1415, 0.0000,-0.0100, 0.0000, 0.0000,-0.7180,0
 0.0033, 0.0000, 0.0000, 3.1415, 0.0000,-0.0020, 0.0000, 0.0000,-0.7180,0
 0.0033, 0.0000, 0.0000, 3.1415, 0.0000,-0.0004, 0.0000, 0.0000,-0.7180,0
 0.0033, 0.0000, 0.0000, 3.1415, 0.0000,-0.0000, 0.0000, 0.0000,-0.7180,0
 0.0033, 0.0000, 0.0000, 3.1415, 0.0000,-0.0000, 0.0000, 0.0000,-0.7180,0
 0.0033, 0.0000,-0.0031, 3.1415, 0.0000,-0.2513, 0.0000, 0.0000,-0.7180,0
 0.0033, 0.0000,-0.0031, 3.1415, 0.0000,-0.0502, 0.0000, 0.0000,-0.7180,0
 0.0033, 0.0000,-0.0031, 3.1415, 0.0000,-0.0100, 0.0000, 0.0000,-0.7180,0
 0.0033, 0.0000,-0.0031, 3.1415, 0.0000,-0.0020, 0.0000, 0.0000,-0.7180,0
 0.0033, 0.0000,-0.0031, 3.1415, 0.0000,-0.0004, 0.0000, 0.0000,-0.7180,0
 0.0033, 0.0000,-0.0031, 3.1415, 0.0000,-0.0000, 0.0000, 0.0000,-0.7180,0
 0.0033, 0.0000,-0.0062, 3.1415, 0.0000,-0.2513, 0.0000, 0.0000,-0.7180,0
 0.0033, 0.0000,-0.0062, 3.1415, 0.0000,-0.0502, 0.0000, 0.0000,-0.7180,0
 0.0033, 0.0000,-0.0062, 3.1415, 0.0000,-0.0100, 0.0000, 0.0000,-0.7180,0
 0.0033, 0.0000,-0.0062, 3.1415, 0.0000,-0.0020, 0.0000, 0.0000,-0.7180,0
 0.0033, 0.0000,-0.0062, 3.1415, 0.0000,-0.0004, 0.0000, 0.0000,-0.7180,0
 0.0033, 0.0000,-0.0062, 3.1415, 0.0000,-0.0000, 0.0000, 0.0000,-0.7180,0
 0.0033, 0.0000,-0.0062, 3.1415, 0.0000,-0.0000, 0.0000, 0.0000,-0.7180,0
 0.0033, 0.0000,-0.0062, 3.1415, 0.0000,-0.0000, 0.0000, 0.0000,-0.7180,0
 0.0033, 0.0000,-0.0062, 3.1415, 0.0000,-0.0000, 0.0000, 0.0000,-0.7180,0
 0.0033, 0.0000,-0.0062, 3.1415, 0.0000,-0.0000, 0.0000, 0.0000,-0.7180,0
 0.0033, 0.0000,-0.0094, 3.1415, 0.0000,-0.2513, 0.0000, 0.0000,-0.7180,0
 0.0033, 0.0000,-0.0094, 3.1415, 0.0000,-0.0502, 0.0000, 0.0000,-0.7180,0
 0.0033, 0.0000,-0.0094, 3.1415, 0.0000,-0.0100, 0.0000, 0.0000,-0.7180,0
 0.0033, 0.0000,-0.0094, 3.1415, 0.0000,-0.0020, 0.0000, 0.0000,-0.7180,0
 0.0033, 0.0000,-0.0094, 3.1415, 0.0000,-0.0004, 0.0000, 0.0000,-0.7180,0
 0.0033, 0.0000,-0.0094, 3.1415, 0.0000,-0.0000, 0.0000, 0.0000,-0.7180,0
 0.0033, 0.0000,-0.0094, 3.1415, 0.0000,-0.0000, 0.0000, 0.0000,-0.7180,0
 0.0033, 0.0000,-0.0094, 3.1415, 0.0000,-0.0000, 0.0000, 0.0000,-0.7180,0
 0.0033, 0.0000,-0.0094, 3.1415, 0.0000,-0.0000, 0.0000, 0.0000,-0.7180,0
 0.0033, 0.0000,-0.0094, 3.1415, 0.0000,-0.0000, 0.0000, 0.0000,-0.7180,0
 0.0033, 0.0000,-0.0094, 3.1415, 0.0000,-0.0000, 0.0000, 0.0000,-0.7180,0
 0.0033, 0.0000,-0.0094, 3.1415, 0.0000,-0.0000, 0.0000, 0.0000,-0.7180,0
 0.0033, 0.0000,-0.0094, 3.1415, 0.0000,-0.0000, 0.0000, 0.0000,-0.7180,0
 0.0033, 0.0000,-0.0094, 3.1415, 0.0000,-0.0000, 0.0000, 0.0000,-0.7180,0
 0.0033, 0.0000,-0.0094, 3.1415, 0.0000,-0.0000, 0.0000, 0.0000,-0.7180,0
 0.0033, 0.0000,-0.0094, 3.1415, 0.0000,-0.0000, 0.0000, 0.0000,-0.7180,0
 0.0033, 0.0000,-0.0062, 3.1415, 0.0000, 0.2513, 0.0000, 0.0000,-0.7180,0
 0.0033, 0.0000,-0.0062, 3.1415, 0.0000, 0.0502, 0.0000, 0.0000,-0.7180,0
 0.0033, 0.0000,-0.0062, 3.1415, 0.0000, 0.0100, 0.0000, 0.0000,-0.7180,0
 0.0033, 0.0000,-0.0062, 3.1415, 0.0000, 0.0020, 0.0000, 0.0000,-0.7180,0
 0.0033, 0.0000,-0.0062, 3.1415, 0.0000, 0.0004, 0.0000, 0.0000,-0.7180,0
 0.0033, 0.0000,-0.0062, 3.1415, 0.0000, 0.0000, 0.0000, 0.0000,-0.7180,0
 0.0033, 0.0000,-0.0062, 3.1415, 0.0000, 0.0000, 0.0000, 0.0000,-0.7180,0
 0.0033, 0.0000,-0.0062, 3.1415, 0.0000, 0.0000, 0.0000, 0.0000,-0.7180,0
 0.0033, 0.0000,-0.0062, 3.1415, 0.0000, 0.0000, 0.0000, 0.0000,-0.7180,0
 0.0033, 0.0000,-0.0062, 3.1415, 0.0000, 0.0000, 0.0000, 0.0000,-0.7180,0
 0.0033, 0.0000,-0.0031, 3.1415, 0.0000, 0.2513, 0.0000, 0.0000,-0.7180,0
 0.0033, 0.0000,-0.0031, 3.1415, 0.0000, 0.0502, 0.0000, 0.0000,-0.7180,0
 0.0033, 0.0000,-0.0031, 3.1415, 0.0000, 0.0100, 0.0000, 0.0000,-0.7180,0
 0.0033, 0.0000,-0.0031, 3.1415, 0.0000, 0.0020, 0.0000, 0.0000,-0.7180,0
 0.0033, 0.0000,-0.0031, 3.1415, 0.0000, 0.0004, 0.0000, 0.0000,-0.7180,0
 0.0033, 0.0000,-0.0031, 3.1415, 0.0000, 0.0000, 0.0000, 0.0000,-0.7180,0
 0.0033, 0.0000,-0.0031, 3.1415, 0.0000, 0.0000, 0.0000, 0.0000,-0.7180,0
 0.0033, 0.0000, 0.0000, 3.1415, 0.0000, 0.2513, 0.0000, 0.0000,-0.7180,0
 0.0033, 0.0000, 0.0000, 3.1415, 0.0000, 0.0502, 0.0000, 0.0000,-0.7180,0
 0.0033, 0.0000, 0.0000, 3.1415, 0.0000, 0.0100, 0.0000, 0.0000,-0.7180,0
 0.0033, 0.0000, 0.0000, 3.1415, 0.0000, 0.0020, 0.0000, 0.0000,-0.7180,0
 0.0033, 0.0000, 0.0000, 3.1415, 0.0000, 0.0004, 0.0000, 0.0000,-0.7180,0
 0.0033, 0.0000, 0.0000, 3.1415, 0.0000, 0.0000, 0.0000, 0.0000,-0.7180,0
 0.0033, 0.0000, 0.0000, 3.1415, 0.0000, 0.0000, 0.0000, 0.0000,-0.7180,0
 0.0033, 0.0000, 0.0031, 3.1415, 0.0000, 0.2513, 0.0000, 0.0000,-0.7180,0
 0.0033, 0.0000, 0.0031, 3.1415, 0.0000, 0.0502, 0.0000, 0.0000,-0.7180,0
 0.0033, 0.0000, 0.0031, 3.1415, 0.0000, 0.0100, 0.0000, 0.0000,-0.7180,0
 0.0033, 0.0000, 0.0031, 3.1415, 0.0000, 0.0020, 0.0000, 0.0000,-0.7180,0
 0.0033, 0.0000, 0.0031, 3.1415, 0.0000, 0.0004, 0.0000, 0.0000,-0.7180,0
 0.0033, 0.0000, 0.0031, 3.1415, 0.0000, 0.0000, 0.0000, 0.0000,-0.7180,0
 0.0033, 0.0000, 0.0031, 3.1415, 0.0000, 0.0000, 0.0000, 0.0000,-0.7180,0
 0.0033, 0.0000, 0.0062, 3.1415, 0.0000, 0.2513, 0.0000, 0.0000,-0.7180,0
 0.0033, 0.0000, 0.0062, 3.1415, 0.0000, 0.0502, 0.0000, 0.0000,-0.7180,0
 0.0033, 0.0000, 0.0062, 3.1415, 0.0000, 0.0100, 0.0000, 0.0000,-0.7180,0
 0.0033, 0.0000, 0.0062, 3.1415, 0.0000, 0.0020, 0.0000, 0.0000,-0.7180,0
 0.0033, 0.0000, 0.0062, 3.1415, 0.0000, 0.0004, 0.0000, 0.0000,-0.7180,0
 0.0033, 0.0000, 0.0062, 3.1415, 0.0000, 0.0000, 0.0000, 0.0000,-0.7180,0
 0.0033, 0.0000, 0.0062, 3.1415, 0.0000, 0.0000, 0.0000, 0.0000,-0.7180,0
 0.0033, 0.0000, 0.0062, 3.1415, 0.0000, 0.0000, 0.0000, 0.0000,-0.7180,0
 0.0033, 0.0000, 0.0062, 3.1415, 0.0000, 0.0000, 0.0000, 0.0000,-0.7180,0
 0.0033, 0.0000, 0.0094, 3.1415, 0.0000, 0.2513, 0.0000, 0.0000,-0.7180,0
 0.0033, 0.0000, 0.0094, 3.1415, 0.0000, 0.0502, 0.0000, 0.0000,-0.7180,0
 0.0033, 0.0000, 0.0094, 3.1415, 0.0000, 0.0100, 0.0000, 0.0000,-0.7180,0
 0.0033, 0.0000, 0.0094, 3.1415, 0.0000, 0.0020, 0.0000, 0.0000,-0.7180,0
 0.0033, 0.0000, 0.0094, 3.1415, 0.0000, 0.0004, 0.0000, 0.0000,-0.7180,0
 0.0033, 0.0000, 0.0094, 3.1415, 0.0000, 0.0000, 0.0000, 0.0000,-0.7180,0
 0.0033, 0.0000, 0.0094, 3.1415, 0.0000, 0.0000, 0.0000, 0.0000,-0.7180,0
 0.0033, 0.0000, 0.0094, 3.1415, 0.0000, 0.0000, 0.0000, 0.0000,-0.7180,0
 0.0033, 0.0000, 0.0094, 3.1415, 0.0000, 0.0000, 0.0000, 0.0000,-0.7180,0
 0.0033, 0.0000, 0.0094, 3.1415, 0.0000, 0.0000, 0.0000, 0.0000,-0.7180,0
 0.0033, 0.0000, 0.0094, 3.1415, 0.0000, 0.0000, 0.0000, 0.0000,-0.7180,0
 0.0033, 0.0000, 0.0094, 3.1415, 0.0000, 0.0000, 0.0000, 0.0000,-0.7180,0
 0.0033, 0.0000, 0.0094, 3.1415, 0.0000, 0.0000, 0.0000, 0.0000,-0.7180,0
 0.0033, 0.0000, 0.0094, 3.1415, 0.0000, 0.0000, 0.0000, 0.0000,-0.7180,0
 0.0033, 0.0000, 0.0094, 3.1415, 0.0000, 0.0000, 0.0000, 0.0000,-0.7180,0
 0.0033, 0.0000, 0.0094, 3.1415, 0.0000, 0.0000, 0.0000, 0.0000,-0.7180,0
 0.0033, 0.0000, 0.0094, 3.1415, 0.0000, 0.0000, 0.0000, 0.0000,-0.7180,0
 0.0033, 0.0000, 0.0094, 3.1415, 0.0000, 0.0000, 0.0000, 0.0000,-0.7180,0
 0.0033, 0.0000, 0.0062, 3.1415, 0.0000,-0.2513, 0.0000, 0.0000,-0.7180,0
 0.0033, 0.0000, 0.0062, 3.1415, 0.0000,-0.0502, 0.0000, 0.0000,-0.7180,0
 0.0033, 0.0000, 0.0062, 3.1415, 0.0000,-0.0100, 0.0000, 0.0000,-0.7180,0
 0.0033, 0.0000, 0.0062, 3.1415, 0.0000,-0.0020, 0.0000, 0.0000,-0.7180,0
 0.0033, 0.0000, 0.0062, 3.1415, 0.0000,-0.0004, 0.0000, 0.0000,-0.7180,0
 0.0033, 0.0000, 0.0062, 3.1415, 0.0000,-0.0000, 0.0000, 0.0000,-0.7180,0
 0.0033, 0.0000, 0.0062, 3.1415, 0.0000,-0.0000, 0.0000, 0.0000,-0.7180,0
 0.0033, 0.0000, 0.0062, 3.1415, 0.0000,-0.0000, 0.0000, 0.0000,-0.7180,0
 0.0033, 0.0000, 0.0062, 3.1415, 0.0000,-0.0000, 0.0000, 0.0000,-0.7180,0
 0.0033, 0.0000, 0.0031, 3.1415, 0.0000,-0.2513, 0.0000, 0.0000,-0.7180,0
 0.0033, 0.0000, 0.0031, 3.1415, 0.0000,-0.0502, 0.0000, 0.0000,-0.7180,0
 0.0033, 0.0000, 0.0031, 3.1415, 0.0000,-0.0100, 0.0000, 0.0000,-0.7180,0
 0.0033, 0.0000, 0.0031, 3.1415, 0.0000,-0.0020, 0.0000, 0.0000,-0.7180,0
 0.0033, 0.0000, 0.0031, 3.1415, 0.0000,-0.0004, 0.0000, 0.0000,-0.7180,0
 0.0033, 0.0000, 0.0031, 3.1415, 0.0000,-0.0000, 0.0000, 0.0000,-0.7180,0
 0.0033, 0.0000, 0.0031, 3.1415, 0.0000,-0.0000, 0.0000, 0.0000,-0.7180,0
 0.0033, 0.0000, 0.0000, 3.1415, 0.0000,-0.2513, 0.0000, 0.0000,-0.7180,0
 0.0033, 0.0000, 0.0000, 3.1415, 0.0000,-0.0502, 0.0000, 0.0000,-0.7180,0
 0.0033, 0.0000, 0.0000, 3.1415, 0.0000,-0.0100, 0.0000, 0.0000,-0.7180,0
 0.0033, 0.0000, 0.0000, 3.1415, 0.0000,-0.0020, 0.0000, 0.0000,-0.7180,0
 0.0033, 0.0000, 0.0000, 3.1415, 0.0000,-0.0004, 0.0000, 0.0000,-0.7180,0
 0.0033, 0.0000, 0.0000, 3.1415, 0.0000,-0.0000, 0.0000, 0.0000,-0.7180,0
 0.0033, 0.0000, 0.0000, 3.1415, 0.0000,-0.0000, 0.0000, 0.0000,-0.7180,0
 0.0033, 0.0000, 0.0000, 3.1415, 0.0000,-0.0000, 0.0000, 0.0000,-0.7180,0
 0.0033, 0.0000,-0.0031, 3.1415, 0.0000,-0.2513, 0.0000, 0.0000,-0.7180,0
 0.0033, 0.0000,-0.0031, 3.1415, 0.0000,-0.0502, 0.0000, 0.0000,-0.7180,0
 0.0033, 0.0000,-0.0031, 3.1415, 0.0000,-0.0100, 0.0000, 0.0000,-0.7180,0
 0.0033, 0.0000,-0.0031, 3.1415, 0.0000,-0.0020, 0.0000, 0.0000,-0.7180,0
 0.0033, 0.0000,-0.0031, 3.1415, 0.0000,-0.0004, 0.0000, 0.0000,-0.7180,0
 0.0033, 0.0000,-0.0031, 3.1415, 0.0000,-0.0000, 0.0000, 0.0000,-0.7180,0
 0.0033, 0.0000,-0.0031, 3.1415, 0.0000,-0.0000, 0.0000, 0.0000,-0.7180,0
 0.0033, 0.0000,-0.0062, 3.1415, 0.0000,-0.2513, 0.0000, 0.0000,-0.7180,0
 0.0033, 0.0000,-0.0062, 3.1415, 0.0000,-0.0502, 0.0000, 0.0000,-0.7180,0
 0.0033, 0.0000,-0.0062, 3.1415, 0.0000,-0.0100, 0.0000, 0.0000,-0.7180,0
 0.0033, 0.0000,-0.0062, 3.1415, 0.0000,-0.0020, 0.0000, 0.0000,-0.7180,0
 0.0033, 0.0000,-0.0062, 3.1415, 0.0000,-0.0004, 0.0000, 0.0000,-0.7180,0
 0.0033, 0.0000,-0.0062, 3.1415, 0.0000,-0.0000, 0.0000, 0.0000,-0.7180,0
 0.0033, 0.0000,-0.0062, 3.1415, 0.0000,-0.0000, 0.0000, 0.0000,-0.7180,0
 0.0033, 0.0000,-0.0062, 3.1415, 0.0000,-0.0000, 0.0000, 0.0000,-0.7180,0
 0.0033, 0.0000,-0.0062, 3.1415, 0.0000,-0.0000, 0.0000, 0.0000,-0.7180,0
 0.0033, 0.0000,-0.0062, 3.1415, 0.0000,-0.0000, 0.0000, 0.0000,-0.7180,0
 0.0033, 0.0000,-0.0062, 3.1415, 0.0000,-0.0000, 0.0000, 0.0000,-0.7180,0
 0.0033, 0.0000,-0.0062, 3.1415, 0.0000,-0.0000, 0.0000, 0.0000,-0.7180,0
 0.0033, 0.0000,-0.0062, 3.1415, 0.0000,-0.0000, 0.0000, 0.0000,-0.7180,0
 0.0033, 0.0000,-0.0094, 3.1415, 0.0000,-0.2513, 0.0000, 0.0000,-0.7180,0
 0.0033, 0.0000,-0.0094, 3.1415, 0.0000,-0.0502, 0.0000, 0.0000,-0.7180,0
 0.0033, 0.0000,-0.0094, 3.1415, 0.0000,-0.0100, 0.0000, 0.0000,-0.7180,0
 0.0033, 0.0000,-0.0094, 3.1415, 0.0000,-0.0020, 0.0000, 0.0000,-0.7180,0
 0.0033, 0.0000,-0.0094, 3.1415, 0.0000,-0.0004, 0.0000, 0.0000,-0.7180,0
 0.0033, 0.0000,-0.0094, 3.1415, 0.0000,-0.0000, 0.0000, 0.0000,-0.7180,0
 0.0033, 0.0000,-0.0094, 3.1415, 0.0000,-0.0000, 0.0000, 0.0000,-0.7180,0
 0.0033, 0.0000,-0.0094, 3.1415, 0.0000,-0.0000, 0.0000, 0.0000,-0.7180,0
 0.0033, 0.0000,-0.0094, 3.1415, 0.0000,-0.0000, 0.0000, 0.0000,-0.7180,0
 0.0033, 0.0000,-0.0062, 3.1415, 0.0000, 0.2513, 0.0000, 0.0000,-0.7180,0
 0.0033, 0.0000,-0.0062, 3.1415, 0.0000, 0.0502, 0.0000, 0.0000,-0.7180,0
 0.0033, 0.0000,-0.0062, 3.1415, 0.0000, 0.0100, 0.0000, 0.0000,-0.7180,0
 0.0033, 0.0000,-0.0062, 3.1415, 0.0000, 0.0020, 0.0000, 0.0000,-0.7180,0
 0.0033, 0.0000,-0.0062, 3.1415, 0.0000, 0.0004, 0.0000, 0.0000,-0.7180,0
 0.0033, 0.0000,-0.0062, 3.1415, 0.0000, 0.0000, 0.0000, 0.0000,-0.7180,0
 0.0033, 0.0000,-0.0062, 3.1415, 0.0000, 0.0000, 0.0000, 0.0000,-0.7180,0
 0.0033, 0.0000,-0.0062, 3.1415, 0.0000, 0.0000, 0.0000, 0.0000,-0.7180,0
 0.0033, 0.0000,-0.0062, 3.1415, 0.0000, 0.0000, 0.0000, 0.0000,-0.7180,0
 0.0033, 0.0000,-0.0062, 3.1415, 0.0000, 0.0000, 0.0000, 0.0000,-0.7180,0
 0.0033, 0.0000,-0.0062, 3.1415, 0.0000, 0.0000, 0.0000, 0.0000,-0.7180,0
 0.0033, 0.0000,-0.0031, 3.1415, 0.0000, 0.2513, 0.0000, 0.0000,-0.7180,0
 0.0033, 0.0000,-0.0031, 3.1415, 0.0000, 0.0502, 0.0000, 0.0000,-0.7180,0
 0.0033, 0.0000,-0.0031, 3.1415, 0.0000, 0.0100, 0.0000, 0.0000,-0.7180,0
 0.0033, 0.0000,-0.0031, 3.1415, 0.0000, 0.0020, 0.0000, 0.0000,-0.7180,0
 0.0033, 0.0000,-0.0031, 3.1415, 0.0000, 0.0004, 0.0000, 0.0000,-0.7180,0
 0.0033, 0.0000,-0.0031, 3.1415, 0.0000, 0.0000, 0.0000, 0.0000,-0.7180,0
 0.0033, 0.0000,-0.0031, 3.1415, 0.0000, 0.0000, 0.0000, 0.0000,-0.7180,0
 0.0033, 0.0000,-0.0031, 3.1415, 0.0000, 0.0000, 0.0000, 0.0000,-0.7180,0
 0.0033, 0.0000, 0.0000, 3.1415, 0.0000, 0.2513, 0.0000, 0.0000,-0.7180,0
 0.0033, 0.0000, 0.0000, 3.1415, 0.0000, 0.0502, 0.0000, 0.0000,-0.7180,0
 0.0033, 0.0000, 0.0000, 3.1415, 0.0000, 0.0100, 0.0000, 0.0000,-0.7180,0
 0.0033, 0.0000, 0.0000, 3.1415, 0.0000, 0.0020, 0.0000, 0.0000,-0.7180,0
 0.0033, 0.0000, 0.0000, 3.1415, 0.0000, 0.0004, 0.0000, 0.0000,-0.7180,0
 0.0033, 0.0000, 0.0000, 3.1415, 0.0000, 0.0000, 0.0000, 0.0000,-0.7180,0
 0.0033, 0.0000, 0.0000, 3.1415, 0.0000, 0.0000, 0.0000, 0.0000,-0.7180,0
 0.0033, 0.0000, 0.0031, 3.1415, 0.0000, 0.2513, 0.0000, 0.0000,-0.7180,0
 0.0033, 0.0000, 0.0031, 3.1415, 0.0000, 0.0502, 0.0000, 0.0000,-0.7180,0
 0.0033, 0.0000, 0.0031, 3.1415, 0.0000, 0.0100, 0.0000, 0.0000,-0.7180,0
 0.0033, 0.0000, 0.0031, 3.1415, 0.0000, 0.0020, 0.0000, 0.0000,-0.7180,0
 0.0033, 0.0000, 0.0031, 3.1415, 0.0000, 0.0004, 0.0000, 0.0000,-0.7180,0
 0.0033, 0.0000, 0.0031, 3.1415, 0.0000, 0.0000, 0.0000, 0.0000,-0.7180,0
 0.0033, 0.0000, 0.0031, 3.1415, 0.0000, 0.0000, 0.0000, 0.0000,-0.7180,0
 0.0033, 0.0000, 0.0031, 3.1415, 0.0000, 0.0000, 0.0000, 0.0000,-0.7180,0
 0.0033, 0.0000, 0.0062, 3.1415, 0.0000, 0.2513, 0.0000, 0.0000,-0.7180,0
 0.0033, 0.0000, 0.0062, 3.1415, 0.0000, 0.0502, 0.0000, 0.0000,-0.7180,0
 0.0033, 0.0000, 0.0062, 3.1415, 0.0000, 0.0100, 0.0000, 0.0000,-0.7180,0
 0.0033, 0.0000, 0.0062, 3.1415, 0.0000, 0.0020, 0.0000, 0.0000,-0.7180,0
 0.0033, 0.0000, 0.0062, 3.1415, 0.0000, 0.0004, 0.0000, 0.0000,-0.7180,0
 0.0033, 0.0000, 0.0062, 3.1415, 0.0000, 0.0000, 0.0000, 0.0000,-0.7180,0
 0.0033, 0.0000, 0.0062, 3.1415, 0.0000, 0.0000, 0.0000, 0.0000,-0.7180,0
 0.0033, 0.0000, 0.0062, 3.1415, 0.0000, 0.0000, 0.0000, 0.0000,-0.7180,0
 0.0033, 0.0000, 0.0062, 3.1415, 0.0000, 0.0000, 0.0000, 0.0000,-0.7180,0
 0.0033, 0.0000, 0.0062, 3.1415, 0.0000, 0.0000, 0.0000, 0.0000,-0.7180,0
 0.0033, 0.0000, 0.0062, 3.1415, 0.0000, 0.0000, 0.0000, 0.0000,-0.7180,0
 0.0033, 0.0000, 0.0062, 3.1415, 0.0000, 0.0000, 0.0000, 0.0000,-0.7180,0
 0.0033, 0.0000, 0.0094, 3.1415, 0.0000, 0.2513, 0.0000, 0.0000,-0.7180,0
 0.0033, 0.0000, 0.0094, 3.1415, 0.0000, 0.0502, 0.0000, 0.0000,-0.7180,0
 0.0033, 0.0000, 0.0094, 3.1415, 0.0000, 0.0100, 0.0000, 0.0000,-0.7180,0
 0.0033, 0.0000, 0.0094, 3.1415, 0.0000, 0.0020, 0.0000, 0.0000,-0.7180,0
 0.0033, 0.0000, 0.0094, 3.1415, 0.0000, 0.0004, 0.0000, 0.0000,-0.7180,0
 0.0033, 0.0000, 0.0094, 3.1415, 0.0000, 0.0000, 0.0000, 0.0000,-0.7180,0
 0.0033, 0.0000, 0.0094, 3.1415, 0.0000, 0.0000, 0.0000, 0.0000,-0.7180,0
 0.0033, 0.0000, 0.0094, 3.1415, 0.0000, 0.0000, 0.0000, 0.0000,-0.7180,0
 0.0033, 0.0000, 0.0094, 3.1415, 0.0000, 0.0000, 0.0000, 0.0000,-0.7180,0
 0.0033, 0.0000, 0.0094, 3.1415, 0.0000, 0.0000, 0.0000, 0.0000,-0.7180,0
 0.0033, 0.0000, 0.0094, 3.1415, 0.0000, 0.0000, 0.0000, 0.0000,-0.7180,0
 0.0033, 0.0000, 0.0094, 3.1415, 0.0000, 0.0000, 0.0000, 0.0000,-0.7180,0
 0.0033, 0.0000, 0.0062, 3.1415, 0.0000,-0.2513, 0.0000, 0.0000,-0.7180,0
 0.0033, 0.0000, 0.0062, 3.1415, 0.0000,-0.0502, 0.0000, 0.0000,-0.7180,0
 0.0033, 0.0000, 0.0062, 3.1415, 0.0000,-0.0100, 0.0000, 0.0000,-0.7180,0
 0.0033, 0.0000, 0.0062, 3.1415, 0.0000,-0.0020, 0.0000, 0.0000,-0.7180,0
 0.0033, 0.0000, 0.0062, 3.1415, 0.0000,-0.0004, 0.0000, 0.0000,-0.7180,0
 0.0033, 0.0000, 0.0062, 3.1415, 0.0000,-0.0000, 0.0000, 0.0000,-0.7180,0
 0.0033, 0.0000, 0.0062, 3.1415, 0.0000,-0.0000, 0.0000, 0.0000,-0.7180,0
 0.0033, 0.0000, 0.0062, 3.1415, 0.0000,-0.0000, 0.0000, 0.0000,-0.7180,0
 0.0033, 0.0000, 0.0062, 3.1415, 0.0000,-0.0000, 0.0000, 0.0000,-0.7180,0
 0.0033, 0.0000, 0.0062, 3.1415, 0.0000,-0.0000, 0.0000, 0.0000,-0.7180,0
 0.0033, 0.0000, 0.0062, 3.1415, 0.0000,-0.0000, 0.0000, 0.0000,-0.7180,0
 0.0033, 0.0000, 0.0031, 3.1415, 0.0000,-0.2513, 0.0000, 0.0000,-0.7180,0
 0.0033, 0.0000, 0.0031, 3.1415, 0.0000,-0.0502, 0.0000, 0.0000,-0.7180,0
 0.0033, 0.0000, 0.0031, 3.1415, 0.0000,-0.0100, 0.0000, 0.0000,-0.7180,0
 0.0033, 0.0000, 0.0031, 3.1415, 0.0000,-0.0020, 0.0000, 0.0000,-0.7180,0
 0.0033, 0.0000, 0.0031, 3.1415, 0.0000,-0.0004, 0.0000, 0.0000,-0.7180,0
 0.0033, 0.0000, 0.0031, 3.1415, 0.0000,-0.0000, 0.0000, 0.0000,-0.7180,0
 0.0033, 0.0000, 0.0031, 3.1415, 0.0000,-0.0000, 0.0000, 0.0000,-0.7180,0
 0.0033, 0.0000, 0.0031, 3.1415, 0.0000,-0.0000, 0.0000, 0.0000,-0.7180,0
 0.0033, 0.0000, 0.0000, 3.1415, 0.0000,-0.2513, 0.0000, 0.0000,-0.7180,0
 0.0033, 0.0000, 0.0000, 3.1415, 0.0000,-0.0502, 0.0000, 0.0000,-0.7180,0
 0.0033, 0.0000, 0.0000, 3.1415, 0.0000,-0.0100, 0.0000, 0.0000,-0.7180,0
 0.0033, 0.0000, 0.0000, 3.1415, 0.0000,-0.0020, 0.0000, 0.0000,-0.7180,0
 0.0033, 0.0000, 0.0000, 3.1415, 0.0000,-0.0004, 0.0000, 0.0000,-0.7180,0
 0.0033, 0.0000, 0.0000, 3.1415, 0.0000,-0.0000, 0.0000, 0.0000,-0.7180,0
 0.0033, 0.0000, 0.0000, 3.1415, 0.0000,-0.0000, 0.0000, 0.0000,-0.7180,0
 0.0033, 0.0000,-0.0031, 3.1415, 0.0000,-0.2513, 0.0000, 0.0000,-0.7180,0
 0.0033, 0.0000,-0.0031, 3.1415, 0.0000,-0.0502, 0.0000, 0.0000,-0.7180,0
 0.0033, 0.0000,-0.0031, 3.1415, 0.0000,-0.0100, 0.0000, 0.0000,-0.7180,0
 0.0033, 0.0000,-0.0031, 3.1415, 0.0000,-0.0020, 0.0000, 0.0000,-0.7180,0
 0.0033, 0.0000,-0.0031, 3.1415, 0.0000,-0.0004, 0.0000, 0.0000,-0.7180,0
 0.0033, 0.0000,-0.0031, 3.1415, 0.0000,-0.0000, 0.0000, 0.0000,-0.7180,0
 0.0033, 0.0000,-0.0031, 3.1415, 0.0000,-0.0000, 0.0000, 0.0000,-0.7180,0
 0.0033, 0.0000,-0.0031, 3.1415, 0.0000,-0.0000, 0.0000, 0.0000,-0.7180,0
 0.0033, 0.0000,-0.0031, 3.1415, 0.0000,-0.0000, 0.0000, 0.0000,-0.7180,0
 0.0033, 0.0000,-0.0062, 3.1415, 0.0000,-0.2513, 0.0000, 0.0000,-0.7180,0
 0.0033, 0.0000,-0.0062, 3.1415, 0.0000,-0.0502, 0.0000, 0.0000,-0.7180,0
 0.0033, 0.0000,-0.0062, 3.1415, 0.0000,-0.0100, 0.0000, 0.0000,-0.7180,0
 0.0033, 0.0000,-0.0062, 3.1415, 0.0000,-0.0020, 0.0000, 0.0000,-0.7180,0
 0.0033, 0.0000,-0.0062, 3.1415, 0.0000,-0.0004, 0.0000, 0.0000,-0.7180,0
 0.0033, 0.0000,-0.0062, 3.1415, 0.0000,-0.0000, 0.0000, 0.0000,-0.7180,0
 0.0033, 0.0000,-0.0062, 3.1415, 0.0000,-0.0000, 0.0000, 0.0000,-0.7180,0
 0.0033, 0.0000,-0.0062, 3.1415, 0.0000,-0.0000, 0.0000, 0.0000,-0.7180,0
 0.0033, 0.0000,-0.0062, 3.1415, 0.0000,-0.0000, 0.0000, 0.0000,-0.7180,0
 0.0033, 0.0000,-0.0062, 3.1415, 0.0000,-0.0000, 0.0000, 0.0000,-0.7180,0
 0.0033, 0.0000,-0.0062, 3.1415, 0.0000,-0.0000, 0.0000, 0.0000,-0.7180,0
 0.0033, 0.0000,-0.0062, 3.1415, 0.0000,-0.0000, 0.0000, 0.0000,-0.7180,0
 0.0033, 0.0000,-0.0062, 3.1415, 0.0000,-0.0000, 0.0000, 0.0000,-0.7180,0
 0.0033, 0.0000,-0.0062, 3.1415, 0.0000,-0.0000, 0.0000, 0.0000,-0.7180,0
 0.0033, 0.0000,-0.0062, 3.1415, 0.0000,-0.0000, 0.0000, 0.0000,-0.7180,0
 0.0033, 0.0000,-0.0062, 3.1415, 0.0000,-0.0000, 0.0000, 0.0000,-0.7180,0
 0.0033, 0.0000,-0.0062, 3.1415, 0.0000,-0.0000, 0.0000, 0.0000,-0.7180,0
 0.0033, 0.0000,-0.0062, 3.1415, 0.0000,-0.0000, 0.0000, 0.0000,-0.7180,0
 0.0033, 0.0000,-0.0062, 3.1415, 0.0000,-0.0000, 0.0000, 0.0000,-0.7180,0
 0.0033, 0.0000,-0.0062, 3.1415, 0.0000,-0.0000, 0.0000, 0.0000,-0.7180,0
 0.0033, 0.0000,-0.0062, 3.1415, 0.0000,-0.0000, 0.0000, 0.0000,-0.7180,0
 0.0033, 0.0000,-0.0062, 3.1415, 0.0000,-0.0000, 0.0000, 0.0000,-0.7180,0
 0.0033, 0.0000,-0.0062, 3.1415, 0.0000,-0.0000, 0.0000, 0.0000,-0.7180,0
 0.0033, 0.0000,-0.0062, 3.1415, 0.0000,-0.0000, 0.0000, 0.0000,-0.7180,0
 0.0033, 0.0000,-0.0062, 3.1415, 0.0000,-0.0000, 0.0000, 0.0000,-0.7180,0
 0.0033, 0.0000,-0.0062, 3.1415, 0.0000,-0.0000, 0.0000, 0.0000,-0.7180,0
 0.0033, 0.0000,-0.0062, 3.1415, 0.0000,-0.0000, 0.0000, 0.0000,-0.7180,0
 0.0033, 0.0000,-0.0062, 3.1415, 0.0000,-0.0000, 0.0000, 0.0000,-0.7180,0
 0.0033, 0.0000,-0.0062, 3.1415, 0.0000,-0.0000, 0.0000, 0.0000,-0.7180,0
 0.0033, 0.0000,-0.0062, 3.1415, 0.0000,-0.0000, 0.0000, 0.0000,-0.7180,0
 0.0033, 0.0000,-0.0062, 3.1415, 0.0000,-0.0000, 0.0000, 0.0000,-0.7180,0
 0.0033, 0.0000,-0.0031, 3.1415, 0.0000, 0.2513, 0.0000, 0.0000,-0.7180,0
 0.0033, 0.0000,-0.0031, 3.1415, 0.0000, 0.0502, 0.0000, 0.0000,-0.7180,0
 0.0033, 0.0000,-0.0031, 3.1415, 0.0000, 0.0100, 0.0000, 0.0000,-0.7180,0
 0.0033, 0.0000,-0.0031, 3.1415, 0.0000, 0.0020, 0.0000, 0.0000,-0.7180,0
 0.0033, 0.0000,-0.0031, 3.1415, 0.0000, 0.0004, 0.0000, 0.0000,-0.7180,0
 0.0033, 0.0000,-0.0031, 3.1415, 0.0000, 0.0000, 0.0000, 0.0000,-0.7180,0
 0.0033, 0.0000,-0.0031, 3.1415, 0.0000, 0.0000, 0.0000, 0.0000,-0.7180,0
 0.0033, 0.0000,-0.0031, 3.1415, 0.0000, 0.0000, 0.0000, 0.0000,-0.7180,0
 0.0033, 0.0000, 0.0000, 3.1415, 0.0000, 0.2513, 0.0000, 0.0000,-0.7180,0
 0.0033, 0.0000, 0.0000, 3.1415, 0.0000, 0.0502, 0.0000, 0.0000,-0.7180,0
 0.0033, 0.0000, 0.0000, 3.1415, 0.0000, 0.0100, 0.0000, 0.0000,-0.7180,0
 0.0033, 0.0000, 0.0000, 3.1415, 0.0000, 0.0020, 0.0000, 0.0000,-0.7180,0
 0.0033, 0.0000, 0.0000, 3.1415, 0.0000, 0.0004, 0.0000, 0.0000,-0.7180,0
 0.0033, 0.0000, 0.0000, 3.1415, 0.0000, 0.0000, 0.0000, 0.0000,-0.7180,0
 0.0033, 0.0000, 0.0000, 3.1415, 0.0000, 0.0000, 0.0000, 0.0000,-0.7180,0
 0.0033, 0.0000, 0.0000, 3.1415, 0.0000, 0.0000, 0.0000, 0.0000,-0.7180,0
 0.0033, 0.0000, 0.0031, 3.1415, 0.0000, 0.2513, 0.0000, 0.0000,-0.7180,0
 0.0033, 0.0000, 0.0031, 3.1415, 0.0000, 0.0502, 0.0000, 0.0000,-0.7180,0
 0.0033, 0.0000, 0.0031, 3.1415, 0.0000, 0.0100, 0.0000, 0.0000,-0.7180,0
 0.0033, 0.0000, 0.0031, 3.1415, 0.0000, 0.0020, 0.0000, 0.0000,-0.7180,0
 0.0033, 0.0000, 0.0031, 3.1415, 0.0000, 0.0004, 0.0000, 0.0000,-0.7180,0
 0.0033, 0.0000, 0.0031, 3.1415, 0.0000, 0.0000, 0.0000, 0.0000,-0.7180,0
 0.0033, 0.0000, 0.0031, 3.1415, 0.0000, 0.0000, 0.0000, 0.0000,-0.7180,0
 0.0033, 0.0000, 0.0031, 3.1415, 0.0000, 0.0000, 0.0000, 0.0000,-0.7180,0
 0.0033, 0.0000, 0.0062, 3.1415, 0.0000, 0.2513, 0.0000, 0.0000,-0.7180,0
 0.0033, 0.0000, 0.0062, 3.1415, 0.0000, 0.0502, 0.0000, 0.0000,-0.7180,0
 0.0033, 0.0000, 0.0062, 3.1415, 0.0000, 0.0100, 0.0000, 0.0000,-0.7180,0
 0.0033, 0.0000, 0.0062, 3.1415, 0.0000, 0.0020, 0.0000, 0.0000,-0.7180,0
 0.0033, 0.0000, 0.0062, 3.1415, 0.0000, 0.0004, 0.0000, 0.0000,-0.7180,0
 0.0033, 0.0000, 0.0062, 3.1415, 0.0000, 0.0000, 0.0000, 0.0000,-0.7180,0
 0.0033, 0.0000, 0.0062, 3.1415, 0.0000, 0.0000, 0.0000, 0.0000,-0.7180,0
 0.0033, 0.0000, 0.0062, 3.1415, 0.0000, 0.0000, 0.0000, 0.0000,-0.7180,0
 0.0033, 0.0000, 0.0062, 3.1415, 0.0000, 0.0000, 0.0000, 0.0000,-0.7180,0
 0.0033, 0.0000, 0.0062, 3.1415, 0.0000, 0.0000, 0.0000, 0.0000,-0.7180,0
 0.0033, 0.0000, 0.0062, 3.1415, 0.0000, 0.0000, 0.0000, 0.0000,-0.7180,0
 0.0033, 0.0000, 0.0062, 3.1415, 0.0000, 0.0000, 0.0000, 0.0000,-0.7180,0
 0.0033, 0.0000, 0.0062, 3.1415, 0.0000, 0.0000, 0.0000, 0.0000,-0.7180,0
 0.0033, 0.0000, 0.0062, 3.1415, 0.0000, 0.0000, 0.0000, 0.0000,-0.7180,0
 0.0033, 0.0000, 0.0062, 3.1415, 0.0000, 0.0000, 0.0000, 0.0000,-0.7180,0
 0.0033, 0.0000, 0.0062, 3.1415, 0.0000, 0.0000, 0.0000, 0.0000,-0.7180,0
 0.0033, 0.0000, 0.0062, 3.1415, 0.0000, 0.0000, 0.0000, 0.0000,-0.7180,0
 0.0033, 0.0000, 0.0062, 3.1415, 0.0000, 0.0000, 0.0000, 0.0000,-0.7180,0
 0.0033, 0.0000, 0.0062, 3.1415, 0.0000, 0.0000, 0.0000, 0.0000,-0.7180,0
 0.0033, 0.0000, 0.0062, 3.1415, 0.0000, 0.0000, 0.0000, 0.0000,-0.7180,0
 0.0033, 0.0000, 0.0062, 3.1415, 0.0000, 0.0000, 0.0000, 0.0000,-0.7180,0
 0.0033, 0.0000, 0.0062, 3.1415, 0.0000, 0.0000, 0.0000, 0.0000,-0.7180,0
 0.0033, 0.0000, 0.0062, 3.1415, 0.0000, 0.0000, 0.0000, 0.0000,-0.7180,0
 0.0033, 0.0000, 0.0062, 3.1415, 0.0000, 0.0000, 0.0000, 0.0000,-0.7180,0
 0.0033, 0.0000, 0.0062, 3.1415, 0.0000, 0.0000, 0.0000, 0.0000,-0.7180,0
 0.0033, 0.0000, 0.0062, 3.1415, 0.0000, 0.0000, 0.0000, 0.0000,-0.7180,0
 0.0033, 0.0000, 0.0062, 3.1415, 0.0000, 0.0000, 0.0000, 0.0000,-0.7180,0
 0.0033, 0.0000, 0.0062, 3.1415, 0.0000, 0.0000, 0.0000, 0.0000,-0.7180,0
 0.0033, 0.0000, 0.0062, 3.1415, 0.0000, 0.0000, 0.0000, 0.0000,-0.7180,0
 0.0033, 0.0000, 0.0062, 3.1415, 0.0000, 0.0000, 0.0000, 0.0000,-0.7180,0
 0.0033, 0.0000, 0.0062, 3.1415, 0.0000, 0.0000, 0.0000, 0.0000,-0.7180,0
 0.0033, 0.0000, 0.0062, 3.1415, 0.0000, 0.0000, 0.0000, 0.0000,-0.7180,0
 0.0033, 0.0000, 0.0062, 3.1415, 0.0000, 0.0000, 0.0000, 0.0000,-0.7180,0
 0.0033, 0.0000, 0.0062, 3.1415, 0.0000, 0.0000, 0.0000, 0.0000,-0.7180,0
 0.0033, 0.0000, 0.0031, 3.1415, 0.0000,-0.2513, 0.0000, 0.0000,-0.7180,0
 0.0033, 0.0000, 0.0031, 3.1415, 0.0000,-0.0502, 0.0000, 0.0000,-0.7180,0
 0.0033, 0.0000, 0.0031, 3.1415, 0.0000,-0.0100, 0.0000, 0.0000,-0.7180,0
 0.0033, 0.0000, 0.0031, 3.1415, 0.0000,-0.0020, 0.0000, 0.0000,-0.7180,0
 0.0033, 0.0000, 0.0031, 3.1415, 0.0000,-0.0004, 0.0000, 0.0000,-0.7180,0
 0.0033, 0.0000, 0.0031, 3.1415, 0.0000,-0.0000, 0.0000, 0.0000,-0.7180,0
 0.0033, 0.0000, 0.0031, 3.1415, 0.0000,-0.0000, 0.0000, 0.0000,-0.7180,0
 0.0033, 0.0000, 0.0031, 3.1415, 0.0000,-0.0000, 0.0000, 0.0000,-0.7180,0
 0.0033, 0.0000, 0.0000, 3.1415, 0.0000,-0.2513, 0.0000, 0.0000,-0.7180,0
 0.0033, 0.0000, 0.0000, 3.1415, 0.0000,-0.0502, 0.0000, 0.0000,-0.7180,0
 0.0033, 0.0000, 0.0000, 3.1415, 0.0000,-0.0100, 0.0000, 0.0000,-0.7180,0
 0.0033, 0.0000, 0.0000, 3.1415, 0.0000,-0.0020, 0.0000, 0.0000,-0.7180,0
 0.0033, 0.0000, 0.0000, 3.1415, 0.0000,-0.0004, 0.0000, 0.0000,-0.7180,0
 0.0033, 0.0000, 0.0000, 3.1415, 0.0000,-0.0000, 0.0000, 0.0000,-0.7180,0
 0.0033, 0.0000, 0.0000, 3.1415, 0.0000,-0.0000, 0.0000, 0.0000,-0.7180,0
 0.0033, 0.0000, 0.0000, 3.1415, 0.0000,-0.0000, 0.0000, 0.0000,-0.7180,0
 0.0033, 0.0000,-0.0031, 3.1415, 0.0000,-0.2513, 0.0000, 0.0000,-0.7180,0
 0.0033, 0.0000,-0.0031, 3.1415, 0.0000,-0.0502, 0.0000, 0.0000,-0.7180,0
 0.0033, 0.0000,-0.0031, 3.1415, 0.0000,-0.0100, 0.0000, 0.0000,-0.7180,0
 0.0033, 0.0000,-0.0031, 3.1415, 0.0000,-0.0020, 0.0000, 0.0000,-0.7180,0
 0.0033, 0.0000,-0.0031, 3.1415, 0.0000,-0.0004, 0.0000, 0.0000,-0.7180,0
 0.0033, 0.0000,-0.0031, 3.1415, 0.0000,-0.0000, 0.0000, 0.0000,-0.7180,0
 0.0033, 0.0000,-0.0031, 3.1415, 0.0000,-0.0000, 0.0000, 0.0000,-0.7180,0
 0.0033, 0.0000,-0.0031, 3.1415, 0.0000,-0.0000, 0.0000, 0.0000,-0.7180,0
 0.0033, 0.0000,-0.0031, 3.1415, 0.0000,-0.0000, 0.0000, 0.0000,-0.7180,0
 0.0033, 0.0000,-0.0062, 3.1415, 0.0000,-0.2513, 0.0000, 0.0000,-0.7180,0
 0.0033, 0.0000,-0.0062, 3.1415, 0.0000,-0.0502, 0.0000, 0.0000,-0.7180,0
 0.0033, 0.0000,-0.0062, 3.1415, 0.0000,-0.0100, 0.0000, 0.0000,-0.7180,0
 0.0033, 0.0000,-0.0062, 3.1415, 0.0000,-0.0020, 0.0000, 0.0000,-0.7180,0
 0.0033, 0.0000,-0.0062, 3.1415, 0.0000,-0.0004, 0.0000, 0.0000,-0.7180,0
 0.0033, 0.0000,-0.0062, 3.1415, 0.0000,-0.0000, 0.0000, 0.0000,-0.7180,0
 0.0033, 0.0000,-0.0062, 3.1415, 0.0000,-0.0000, 0.0000, 0.0000,-0.7180,0
 0.0033, 0.0000,-0.0062, 3.1415, 0.0000,-0.0000, 0.0000, 0.0000,-0.7180,0
 0.0033, 0.0000,-0.0062, 3.1415, 0.0000,-0.0000, 0.0000, 0.0000,-0.7180,0
 0.0033, 0.0000,-0.0062, 3.1415, 0.0000,-0.0000, 0.0000, 0.0000,-0.7180,0
 0.0033, 0.0000,-0.0062, 3.1415, 0.0000,-0.0000, 0.0000, 0.0000,-0.7180,0
 0.0033, 0.0000,-0.0062, 3.1415, 0.0000,-0.0000, 0.0000, 0.0000,-0.7180,0
 0.0033, 0.0000,-0.0062, 3.1415, 0.0000,-0.0000, 0.0000, 0.0000,-0.7180,0
 0.0033, 0.0000,-0.0062, 3.1415, 0.0000,-0.0000, 0.0000, 0.0000,-0.7180,0
 0.0033, 0.0000,-0.0062, 3.1415, 0.0000,-0.0000, 0.0000, 0.0000,-0.7180,0
 0.0033, 0.0000,-0.0062, 3.1415, 0.0000,-0.0000, 0.0000, 0.0000,-0.7180,0
 0.0033, 0.0000,-0.0062, 3.1415, 0.0000,-0.0000, 0.0000, 0.0000,-0.7180,0
 0.0033, 0.0000,-0.0062, 3.1415, 0.0000,-0.0000, 0.0000, 0.0000,-0.7180,0
 0.0033, 0.0000,-0.0062, 3.1415, 0.0000,-0.0000, 0.0000, 0.0000,-0.7180,0
 0.0033, 0.0000,-0.0062, 3.1415, 0.0000,-0.0000, 0.0000, 0.0000,-0.7180,0
 0.0033, 0.0000,-0.0062, 3.1415, 0.0000,-0.0000, 0.0000, 0.0000,-0.7180,0
 0.0033, 0.0000,-0.0062, 3.1415, 0.0000,-0.0000, 0.0000, 0.0000,-0.7180,0
 0.0033, 0.0000,-0.0062, 3.1415, 0.0000,-0.0000, 0.0000, 0.0000,-0.7180,0
 0.0033, 0.0000,-0.0062, 3.1415, 0.0000,-0.0000, 0.0000, 0.0000,-0.7180,0
 0.0033, 0.0000,-0.0062, 3.1415, 0.0000,-0.0000, 0.0000, 0.0000,-0.7180,0
 0.0033, 0.0000,-0.0062, 3.1415, 0.0000,-0.0000, 0.0000, 0.0000,-0.7180,0
 0.0033, 0.0000,-0.0062, 3.1415, 0.0000,-0.0000, 0.0000, 0.0000,-0.7180,0
 0.0033, 0.0000,-0.0062, 3.1415, 0.0000,-0.0000, 0.0000, 0.0000,-0.7180,0
 0.0033, 0.0000,-0.0062, 3.1415, 0.0000,-0.0000, 0.0000, 0.0000,-0.7180,0
 0.0033, 0.0000,-0.0031, 3.1415, 0.0000, 0.2513, 0.0000, 0.0000,-0.7180,0
 0.0033, 0.0000,-0.0031, 3.1415, 0.0000, 0.0502, 0.0000, 0.0000,-0.7180,0
 0.0033, 0.0000,-0.0031, 3.1415, 0.0000, 0.0100, 0.0000, 0.0000,-0.7180,0
 0.0033, 0.0000,-0.0031, 3.1415, 0.0000, 0.0020, 0.0000, 0.0000,-0.7180,0
 0.0033, 0.0000,-0.0031, 3.1415, 0.0000, 0.0004, 0.0000, 0.0000,-0.7180,0
 0.0033, 0.0000,-0.0031, 3.1415, 0.0000, 0.0000, 0.0000, 0.0000,-0.7180,0
 0.0033, 0.0000,-0.0031, 3.1415, 0.0000, 0.0000, 0.0000, 0.0000,-0.7180,0
 0.0033, 0.0000,-0.0031, 3.1415, 0.0000, 0.0000, 0.0000, 0.0000,-0.7180,0
 0.0033, 0.0000,-0.0031, 3.1415, 0.0000, 0.0000, 0.0000, 0.0000,-0.7180,0
 0.0033, 0.0000,-0.0031, 3.1415, 0.0000, 0.0000, 0.0000, 0.0000,-0.7180,0
 0.0033, 0.0000, 0.0000, 3.1415, 0.0000, 0.2513, 0.0000, 0.0000,-0.7180,0
 0.0033, 0.0000, 0.0000, 3.1415, 0.0000, 0.0502, 0.0000, 0.0000,-0.7180,0
 0.0033, 0.0000, 0.0000, 3.1415, 0.0000, 0.0100, 0.0000, 0.0000,-0.7180,0
 0.0033, 0.0000, 0.0000, 3.1415, 0.0000, 0.0020, 0.0000, 0.0000,-0.7180,0
 0.0033, 0.0000, 0.0000, 3.1415, 0.0000, 0.0004, 0.0000, 0.0000,-0.7180,0
 0.0033, 0.0000, 0.0000, 3.1415, 0.0000, 0.0000, 0.0000, 0.0000,-0.7180,0
 0.0033, 0.0000, 0.0000, 3.1415, 0.0000, 0.0000, 0.0000, 0.0000,-0.7180,0
 0.0033, 0.0000, 0.0000, 3.1415, 0.0000, 0.0000, 0.0000, 0.0000,-0.7180,0
 0.0033, 0.0000, 0.0031, 3.1415, 0.0000, 0.2513, 0.0000, 0.0000,-0.7180,0
 0.0033, 0.0000, 0.0031, 3.1415, 0.0000, 0.0502, 0.0000, 0.0000,-0.7180,0
 0.0033, 0.0000, 0.0031, 3.1415, 0.0000, 0.0100, 0.0000, 0.0000,-0.7180,0
 0.0033, 0.0000, 0.0031, 3.1415, 0.0000, 0.0020, 0.0000, 0.0000,-0.7180,0
 0.0033, 0.0000, 0.0031, 3.1415, 0.0000, 0.0004, 0.0000, 0.0000,-0.7180,0
 0.0033, 0.0000, 0.0031, 3.1415, 0.0000, 0.0000, 0.0000, 0.0000,-0.7180,0
 0.0033, 0.0000, 0.0031, 3.1415, 0.0000, 0.0000, 0.0000, 0.0000,-0.7180,0
 0.0033, 0.0000, 0.0031, 3.1415, 0.0000, 0.0000, 0.0000, 0.0000,-0.7180,0
 0.0033, 0.0000, 0.0031, 3.1415, 0.0000, 0.0000, 0.0000, 0.0000,-0.7180,0
 0.0033, 0.0000, 0.0062, 3.1415, 0.0000, 0.2513, 0.0000, 0.0000,-0.7180,0
 0.0033, 0.0000, 0.0062, 3.1415, 0.0000, 0.0502, 0.0000, 0.0000,-0.7180,0
 0.0033, 0.0000, 0.0062, 3.1415, 0.0000, 0.0100, 0.0000, 0.0000,-0.7180,0
 0.0033, 0.0000, 0.0062, 3.1415, 0.0000, 0.0020, 0.0000, 0.0000,-0.7180,0
 0.0033, 0.0000, 0.0062, 3.1415, 0.0000, 0.0004, 0.0000, 0.0000,-0.7180,0
 0.0033, 0.0000, 0.0062, 3.1415, 0.0000, 0.0000, 0.0000, 0.0000,-0.7180,0
 0.0033, 0.0000, 0.0062, 3.1415, 0.0000, 0.0000, 0.0000, 0.0000,-0.7180,0
 0.0033, 0.0000, 0.0062, 3.1415, 0.0000, 0.0000, 0.0000, 0.0000,-0.7180,0
 0.0033, 0.0000, 0.0062, 3.1415, 0.0000, 0.0000, 0.0000, 0.0000,-0.7180,0
 0.0033, 0.0000, 0.0062, 3.1415, 0.0000, 0.0000, 0.0000, 0.0000,-0.7180,0
 0.0033, 0.0000, 0.0062, 3.1415, 0.0000, 0.0000, 0.0000, 0.0000,-0.7180,0
 0.0033, 0.0000, 0.0062, 3.1415, 0.0000, 0.0000, 0.0000, 0.0000,-0.7180,0
 0.0033, 0.0000, 0.0062, 3.1415, 0.0000, 0.0000, 0.0000, 0.0000,-0.7180,0
 0.0033, 0.0000, 0.0062, 3.1415, 0.0000, 0.0000, 0.0000, 0.0000,-0.7180,0
 0.0033, 0.0000, 0.0062, 3.1415, 0.0000, 0.0000, 0.0000, 0.0000,-0.7180,0
 0.0033, 0.0000, 0.0062, 3.1415, 0.0000, 0.0000, 0.0000, 0.0000,-0.7180,0
 0.0033, 0.0000, 0.0062, 3.1415, 0.0000, 0.0000, 0.0000, 0.0000,-0.7180,0
 0.0033, 0.0000, 0.0062, 3.1415, 0.0000, 0.0000, 0.0000, 0.0000,-0.7180,0
 0.0033, 0.0000, 0.0062, 3.1415, 0.0000, 0.0000, 0.0000, 0.0000,-0.7180,0
 0.0033, 0.0000, 0.0062, 3.1415, 0.0000, 0.0000, 0.0000, 0.0000,-0.7180,0
 0.0033, 0.0000, 0.0062, 3.1415, 0.0000, 0.0000, 0.0000, 0.0000,-0.7180,0
 0.0033, 0.0000, 0.0062, 3.1415, 0.0000, 0.0000, 0.0000, 0.0000,-0.7180,0
 0.0033, 0.0000, 0.0062, 3.1415, 0.0000, 0.0000, 0.0000, 0.0000,-0.7180,0
 0.0033, 0.0000, 0.0062, 3.1415, 0.0000, 0.0000, 0.0000, 0.0000,-0.7180,0
 0.0033, 0.0000, 0.0062, 3.1415, 0.0000, 0.0000, 0.0000, 0.0000,-0.7180,0
 0.0033, 0.0000, 0.0062, 3.1415, 0.0000, 0.0000, 0.0000, 0.0000,-0.7180,0
 0.0033, 0.0000, 0.0062, 3.1415, 0.0000, 0.0000, 0.0000, 0.0000,-0.7180,0
 0.0033, 0.0000, 0.0062, 3.1415, 0.0000, 0.0000, 0.0000, 0.0000,-0.7180,0
 0.0033, 0.0000, 0.0062, 3.1415, 0.0000, 0.0000, 0.0000, 0.0000,-0.7180,0
 0.0033, 0.0000, 0.0062, 3.1415, 0.0000, 0.0000, 0.0000, 0.0000,-0.7180,0
 0.0033, 0.0000, 0.0062, 3.1415, 0.0000, 0.0000, 0.0000, 0.0000,-0.7180,0
 0.0033, 0.0000, 0.0031, 3.1415, 0.0000,-0.2513, 0.0000, 0.0000,-0.7180,0
 0.0033, 0.0000, 0.0031, 3.1415, 0.0000,-0.0502, 0.0000, 0.0000,-0.7180,0
 0.0033, 0.0000, 0.0031, 3.1415, 0.0000,-0.0100, 0.0000, 0.0000,-0.7180,0
 0.0033, 0.0000, 0.0031, 3.1415, 0.0000,-0.0020, 0.0000, 0.0000,-0.7180,0
 0.0033, 0.0000, 0.0031, 3.1415, 0.0000,-0.0004, 0.0000, 0.0000,-0.7180,0
 0.0033, 0.0000, 0.0031, 3.1415, 0.0000,-0.0000, 0.0000, 0.0000,-0.7180,0
 0.0033, 0.0000, 0.0031, 3.1415, 0.0000,-0.0000, 0.0000, 0.0000,-0.7180,0
 0.0033, 0.0000, 0.0031, 3.1415, 0.0000,-0.0000, 0.0000, 0.0000,-0.7180,0
 0.0033, 0.0000, 0.0031, 3.1415, 0.0000,-0.0000, 0.0000, 0.0000,-0.7180,0
 0.0033, 0.0000, 0.0000, 3.1415, 0.0000,-0.2513, 0.0000, 0.0000,-0.7180,0
 0.0033, 0.0000, 0.0000, 3.1415, 0.0000,-0.0502, 0.0000, 0.0000,-0.7180,0
 0.0033, 0.0000, 0.0000, 3.1415, 0.0000,-0.0100, 0.0000, 0.0000,-0.7180,0
 0.0033, 0.0000, 0.0000, 3.1415, 0.0000,-0.0020, 0.0000, 0.0000,-0.7180,0
 0.0033, 0.0000, 0.0000, 3.1415, 0.0000,-0.0004, 0.0000, 0.0000,-0.7180,0
 0.0033, 0.0000, 0.0000, 3.1415, 0.0000,-0.0000, 0.0000, 0.0000,-0.7180,0
 0.0033, 0.0000, 0.0000, 3.1415, 0.0000,-0.0000, 0.0000, 0.0000,-0.7180,0
 0.0033, 0.0000, 0.0000, 3.1415, 0.0000,-0.0000, 0.0000, 0.0000,-0.7180,0
 0.0033, 0.0000, 0.0000, 3.1415, 0.0000,-0.0000, 0.0000, 0.0000,-0.7180,0
 0.0033, 0.0000,-0.0031, 3.1415, 0.0000,-0.2513, 0.0000, 0.0000,-0.7180,0
 0.0033, 0.0000,-0.0031, 3.1415, 0.0000,-0.0502, 0.0000, 0.0000,-0.7180,0
 0.0033, 0.0000,-0.0031, 3.1415, 0.0000,-0.0100, 0.0000, 0.0000,-0.7180,0
 0.0033, 0.0000,-0.0031, 3.1415, 0.0000,-0.0020, 0.0000, 0.0000,-0.7180,0
 0.0033, 0.0000,-0.0031, 3.1415, 0.0000,-0.0004, 0.0000, 0.0000,-0.7180,0
 0.0033, 0.0000,-0.0031, 3.1415, 0.0000,-0.0000, 0.0000, 0.0000,-0.7180,0
 0.0033, 0.0000,-0.0031, 3.1415, 0.0000,-0.0000, 0.0000, 0.0000,-0.7180,0
 0.0033, 0.0000,-0.0031, 3.1415, 0.0000,-0.0000, 0.0000, 0.0000,-0.7180,0
 0.0033, 0.0000,-0.0031, 3.1415, 0.0000,-0.0000, 0.0000, 0.0000,-0.7180,0
 0.0033, 0.0000,-0.0031, 3.1415, 0.0000,-0.0000, 0.0000, 0.0000,-0.7180,0
 0.0033, 0.0000,-0.0062, 3.1415, 0.0000,-0.2513, 0.0000, 0.0000,-0.7180,0
 0.0033, 0.0000,-0.0062, 3.1415, 0.0000,-0.0502, 0.0000, 0.0000,-0.7180,0
 0.0033, 0.0000,-0.0062, 3.1415, 0.0000,-0.0100, 0.0000, 0.0000,-0.7180,0
 0.0033, 0.0000,-0.0062, 3.1415, 0.0000,-0.0020, 0.0000, 0.0000,-0.7180,0
 0.0033, 0.0000,-0.0062, 3.1415, 0.0000,-0.0004, 0.0000, 0.0000,-0.7180,0
 0.0033, 0.0000,-0.0062, 3.1415, 0.0000,-0.0000, 0.0000, 0.0000,-0.7180,0
 0.0033, 0.0000,-0.0062, 3.1415, 0.0000,-0.0000, 0.0000, 0.0000,-0.7180,0
 0.0033, 0.0000,-0.0062, 3.1415, 0.0000,-0.0000, 0.0000, 0.0000,-0.7180,0
 0.0033, 0.0000,-0.0062, 3.1415, 0.0000,-0.0000, 0.0000, 0.0000,-0.7180,0
 0.0033, 0.0000,-0.0062, 3.1415, 0.0000,-0.0000, 0.0000, 0.0000,-0.7180,0
 0.0033, 0.0000,-0.0062, 3.1415, 0.0000,-0.0000, 0.0000, 0.0000,-0.7180,0
 0.0033, 0.0000,-0.0062, 3.1415, 0.0000,-0.0000, 0.0000, 0.0000,-0.7180,0
 0.0033, 0.0000,-0.0062, 3.1415, 0.0000,-0.0000, 0.0000, 0.0000,-0.7180,0
 0.0033, 0.0000,-0.0062, 3.1415, 0.0000,-0.0000, 0.0000, 0.0000,-0.7180,0
 0.0033, 0.0000,-0.0062, 3.1415, 0.0000,-0.0000, 0.0000, 0.0000,-0.7180,0
 0.0033, 0.0000,-0.0062, 3.1415, 0.0000,-0.0000, 0.0000, 0.0000,-0.7180,0
 0.0033, 0.0000,-0.0062, 3.1415, 0.0000,-0.0000, 0.0000, 0.0000,-0.7180,0
 0.0033, 0.0000,-0.0062, 3.1415, 0.0000,-0.0000, 0.0000, 0.0000,-0.7180,0
 0.0033, 0.0000,-0.0062, 3.1415, 0.0000,-0.0000, 0.0000, 0.0000,-0.7180,0
 0.0033, 0.0000,-0.0062, 3.1415, 0.0000,-0.0000, 0.0000, 0.0000,-0.7180,0
 0.0033, 0.0000,-0.0062, 3.1415, 0.0000,-0.0000, 0.0000, 0.0000,-0.7180,0
 0.0033, 0.0000,-0.0062, 3.1415, 0.0000,-0.0000, 0.0000, 0.0000,-0.7180,0
 0.0033, 0.0000,-0.0062, 3.1415, 0.0000,-0.0000, 0.0000, 0.0000,-0.7180,0
 0.0033, 0.0000,-0.0062, 3.1415, 0.0000,-0.0000, 0.0000, 0.0000,-0.7180,0
 0.0033, 0.0000,-0.0062, 3.1415, 0.0000,-0.0000, 0.0000, 0.0000,-0.7180,0
 0.0033, 0.0000,-0.0062, 3.1415, 0.0000,-0.0000, 0.0000, 0.0000,-0.7180,0
 0.0033, 0.0000,-0.0062, 3.1415, 0.0000,-0.0000, 0.0000, 0.0000,-0.7180,0
 0.0033, 0.0000,-0.0031, 3.1415, 0.0000, 0.2513, 0.0000, 0.0000,-0.7180,0
 0.0033, 0.0000,-0.0031, 3.1415, 0.0000, 0.0502, 0.0000, 0.0000,-0.7180,0
 0.0033, 0.0000,-0.0031, 3.1415, 0.0000, 0.0100, 0.0000, 0.0000,-0.7180,0
 0.0033, 0.0000,-0.0031, 3.1415, 0.0000, 0.0020, 0.0000, 0.0000,-0.7180,0
 0.0033, 0.0000,-0.0031, 3.1415, 0.0000, 0.0004, 0.0000, 0.0000,-0.7180,0
 0.0033, 0.0000,-0.0031, 3.1415, 0.0000, 0.0000, 0.0000, 0.0000,-0.7180,0
 0.0033, 0.0000,-0.0031, 3.1415, 0.0000, 0.0000, 0.0000, 0.0000,-0.7180,0
 0.0033, 0.0000,-0.0031, 3.1415, 0.0000, 0.0000, 0.0000, 0.0000,-0.7180,0
 0.0033, 0.0000,-0.0031, 3.1415, 0.0000, 0.0000, 0.0000, 0.0000,-0.7180,0
 0.0033, 0.0000,-0.0031, 3.1415, 0.0000, 0.0000, 0.0000, 0.0000,-0.7180,0
 0.0033, 0.0000, 0.0000, 3.1415, 0.0000, 0.2513, 0.0000, 0.0000,-0.7180,0
 0.0033, 0.0000, 0.0000, 3.1415, 0.0000, 0.0502, 0.0000, 0.0000,-0.7180,0
 0.0033, 0.0000, 0.0000, 3.1415, 0.0000, 0.0100, 0.0000, 0.0000,-0.7180,0
 0.0033, 0.0000, 0.0000, 3.1415, 0.0000, 0.0020, 0.0000, 0.0000,-0.7180,0
 0.0033, 0.0000, 0.0000, 3.1415, 0.0000, 0.0004, 0.0000, 0.0000,-0.7180,0
 0.0033, 0.0000, 0.0000, 3.1415, 0.0000, 0.0000, 0.0000, 0.0000,-0.7180,0
 0.0033, 0.0000, 0.0000, 3.1415, 0.0000, 0.0000, 0.0000, 0.0000,-0.7180,0
 0.0033, 0.0000, 0.0000, 3.1415, 0.0000, 0.0000, 0.0000, 0.0000,-0.7180,0
 0.0033, 0.0000, 0.0000, 3.1415, 0.0000, 0.0000, 0.0000, 0.0000,-0.7180,0
 0.0033, 0.0000, 0.0031, 3.1415, 0.0000, 0.2513, 0.0000, 0.0000,-0.7180,0
 0.0033, 0.0000, 0.0031, 3.1415, 0.0000, 0.0502, 0.0000, 0.0000,-0.7180,0
 0.0033, 0.0000, 0.0031, 3.1415, 0.0000, 0.0100, 0.0000, 0.0000,-0.7180,0
 0.0033, 0.0000, 0.0031, 3.1415, 0.0000, 0.0020, 0.0000, 0.0000,-0.7180,0
 0.0033, 0.0000, 0.0031, 3.1415, 0.0000, 0.0004, 0.0000, 0.0000,-0.7180,0
 0.0033, 0.0000, 0.0031, 3.1415, 0.0000, 0.0000, 0.0000, 0.0000,-0.7180,0
 0.0033, 0.0000, 0.0031, 3.1415, 0.0000, 0.0000, 0.0000, 0.0000,-0.7180,0
 0.0033, 0.0000, 0.0031, 3.1415, 0.0000, 0.0000, 0.0000, 0.0000,-0.7180,0
 0.0033, 0.0000, 0.0031, 3.1415, 0.0000, 0.0000, 0.0000, 0.0000,-0.7180,0
 0.0033, 0.0000, 0.0031, 3.1415, 0.0000, 0.0000, 0.0000, 0.0000,-0.7180,0
 0.0033, 0.0000, 0.0062, 3.1415, 0.0000, 0.2513, 0.0000, 0.0000,-0.7180,0
 0.0033, 0.0000, 0.0062, 3.1415, 0.0000, 0.0502, 0.0000, 0.0000,-0.7180,0
 0.0033, 0.0000, 0.0062, 3.1415, 0.0000, 0.0100, 0.0000, 0.0000,-0.7180,0
 0.0033, 0.0000, 0.0062, 3.1415, 0.0000, 0.0020, 0.0000, 0.0000,-0.7180,0
 0.0033, 0.0000, 0.0062, 3.1415, 0.0000, 0.0004, 0.0000, 0.0000,-0.7180,0
 0.0033, 0.0000, 0.0062, 3.1415, 0.0000, 0.0000, 0.0000, 0.0000,-0.7180,0
 0.0033, 0.0000, 0.0062, 3.1415, 0.0000, 0.0000, 0.0000, 0.0000,-0.7180,0
 0.0033, 0.0000, 0.0062, 3.1415, 0.0000, 0.0000, 0.0000, 0.0000,-0.7180,0
 0.0033, 0.0000, 0.0062, 3.1415, 0.0000, 0.0000, 0.0000, 0.0000,-0.7180,0
 0.0033, 0.0000, 0.0062, 3.1415, 0.0000, 0.0000, 0.0000, 0.0000,-0.7180,0
 0.0033, 0.0000, 0.0062, 3.1415, 0.0000, 0.0000, 0.0000, 0.0000,-0.7180,0
 0.0033, 0.0000, 0.0062, 3.1415, 0.0000, 0.0000, 0.0000, 0.0000,-0.7180,0
 0.0033, 0.0000, 0.0062, 3.1415, 0.0000, 0.0000, 0.0000, 0.0000,-0.7180,0
 0.0033, 0.0000, 0.0062, 3.1415, 0.0000, 0.0000, 0.0000, 0.0000,-0.7180,0
 0.0033, 0.0000, 0.0062, 3.1415, 0.0000, 0.0000, 0.0000, 0.0000,-0.7180,0
 0.0033, 0.0000, 0.0062, 3.1415, 0.0000, 0.0000, 0.0000, 0.0000,-0.7180,0
 0.0033, 0.0000, 0.0062, 3.1415, 0.0000, 0.0000, 0.0000, 0.0000,-0.7180,0
 0.0033, 0.0000, 0.0062, 3.1415, 0.0000, 0.0000, 0.0000, 0.0000,-0.7180,0
 0.0033, 0.0000, 0.0062, 3.1415, 0.0000, 0.0000, 0.0000, 0.0000,-0.7180,0
 0.0033, 0.0000, 0.0062, 3.1415, 0.0000, 0.0000, 0.0000, 0.0000,-0.7180,0
 0.0033, 0.0000, 0.0062, 3.1415, 0.0000, 0.0000, 0.0000, 0.0000,-0.7180,0
 0.0033, 0.0000, 0.0062, 3.1415, 0.0000, 0.0000, 0.0000, 0.0000,-0.7180,0
 0.0033, 0.0000, 0.0062, 3.1415, 0.0000, 0.0000, 0.0000, 0.0000,-0.7180,0
 0.0033, 0.0000, 0.0062, 3.1415, 0.0000, 0.0000, 0.0000, 0.0000,-0.7180,0
 0.0033, 0.0000, 0.0062, 3.1415, 0.0000, 0.0000, 0.0000, 0.0000,-0.7180,0
 0.0033, 0.0000, 0.0062, 3.1415, 0.0000, 0.0000, 0.0000, 0.0000,-0.7180,0
 0.0033, 0.0000, 0.0062, 3.1415, 0.0000, 0.0000, 0.0000, 0.0000,-0.7180,0
 0.0033, 0.0000, 0.0062, 3.1415, 0.0000, 0.0000, 0.0000, 0.0000,-0.7180,0
 0.0033, 0.0000, 0.0062, 3.1415, 0.0000, 0.0000, 0.0000, 0.0000,-0.7180,0
 0.0033, 0.0000, 0.0031, 3.1415, 0.0000,-0.2513, 0.0000, 0.0000,-0.7180,0
 0.0033, 0.0000, 0.0031, 3.1415, 0.0000,-0.0502, 0.0000, 0.0000,-0.7180,0
 0.0033, 0.0000, 0.0031, 3.1415, 0.0000,-0.0100, 0.0000, 0.0000,-0.7180,0
 0.0033, 0.0000, 0.0031, 3.1415, 0.0000,-0.0020, 0.0000, 0.0000,-0.7180,0
 0.0033, 0.0000, 0.0031, 3.1415, 0.0000,-0.0004, 0.0000, 0.0000,-0.7180,0
 0.0033, 0.0000, 0.0031, 3.1415, 0.0000,-0.0000, 0.0000, 0.0000,-0.7180,0
 0.0033, 0.0000, 0.0031, 3.1415, 0.0000,-0.0000, 0.0000, 0.0000,-0.7180,0
 0.0033, 0.0000, 0.0031, 3.1415, 0.0000,-0.0000, 0.0000, 0.0000,-0.7180,0
 0.0033, 0.0000, 0.0031, 3.1415, 0.0000,-0.0000, 0.0000, 0.0000,-0.7180,0
 0.0033, 0.0000, 0.0031, 3.1415, 0.0000,-0.0000, 0.0000, 0.0000,-0.7180,0
 0.0033, 0.0000, 0.0000, 3.1415, 0.0000,-0.2513, 0.0000, 0.0000,-0.7180,0
 0.0033, 0.0000, 0.0000, 3.1415, 0.0000,-0.0502, 0.0000, 0.0000,-0.7180,0
 0.0033, 0.0000, 0.0000, 3.1415, 0.0000,-0.0100, 0.0000, 0.0000,-0.7180,0
 0.0033, 0.0000, 0.0000, 3.1415, 0.0000,-0.0020, 0.0000, 0.0000,-0.7180,0
 0.0033, 0.0000, 0.0000, 3.1415, 0.0000,-0.0004, 0.0000, 0.0000,-0.7180,0
 0.0033, 0.0000, 0.0000, 3.1415, 0.0000,-0.0000, 0.0000, 0.0000,-0.7180,0
 0.0033, 0.0000, 0.0000, 3.1415, 0.0000,-0.0000, 0.0000, 0.0000,-0.7180,0
 0.0033, 0.0000, 0.0000, 3.1415, 0.0000,-0.0000, 0.0000, 0.0000,-0.7180,0
 0.0033, 0.0000, 0.0000, 3.1415, 0.0000,-0.0000, 0.0000, 0.0000,-0.7180,0
 0.0033, 0.0000,-0.0031, 3.1415, 0.0000,-0.2513, 0.0000, 0.0000,-0.7180,0
 0.0033, 0.0000,-0.0031, 3.1415, 0.0000,-0.0502, 0.0000, 0.0000,-0.7180,0
 0.0033, 0.0000,-0.0031, 3.1415, 0.0000,-0.0100, 0.0000, 0.0000,-0.7180,0
 0.0033, 0.0000,-0.0031, 3.1415, 0.0000,-0.0020, 0.0000, 0.0000,-0.7180,0
 0.0033, 0.0000,-0.0031, 3.1415, 0.0000,-0.0004, 0.0000, 0.0000,-0.7180,0
 0.0033, 0.0000,-0.0031, 3.1415, 0.0000,-0.0000, 0.0000, 0.0000,-0.7180,0
 0.0033, 0.0000,-0.0031, 3.1415, 0.0000,-0.0000, 0.0000, 0.0000,-0.7180,0
 0.0033, 0.0000,-0.0031, 3.1415, 0.0000,-0.0000, 0.0000, 0.0000,-0.7180,0
 0.0033, 0.0000,-0.0031, 3.1415, 0.0000,-0.0000, 0.0000, 0.0000,-0.7180,0
 0.0033, 0.0000,-0.0031, 3.1415, 0.0000,-0.0000, 0.0000, 0.0000,-0.7180,0
 0.0033, 0.0000,-0.0031, 3.1415, 0.0000,-0.0000, 0.0000, 0.0000,-0.7180,0
 0.0033, 0.0000,-0.0031, 3.1415, 0.0000,-0.0000, 0.0000, 0.0000,-0.7180,0
 0.0033, 0.0000,-0.0062, 3.1415, 0.0000,-0.2513, 0.0000, 0.0000,-0.7180,0
 0.0033, 0.0000,-0.0062, 3.1415, 0.0000,-0.0502, 0.0000, 0.0000,-0.7180,0
 0.0033, 0.0000,-0.0062, 3.1415, 0.0000,-0.0100, 0.0000, 0.0000,-0.7180,0
 0.0033, 0.0000,-0.0062, 3.1415, 0.0000,-0.0020, 0.0000, 0.0000,-0.7180,0
 0.0033, 0.0000,-0.0062, 3.1415, 0.0000,-0.0004, 0.0000, 0.0000,-0.7180,0
 0.0033, 0.0000,-0.0062, 3.1415, 0.0000,-0.0000, 0.0000, 0.0000,-0.7180,0
 0.0033, 0.0000,-0.0062, 3.1415, 0.0000,-0.0000, 0.0000, 0.0000,-0.7180,0
 0.0033, 0.0000,-0.0062, 3.1415, 0.0000,-0.0000, 0.0000, 0.0000,-0.7180,0
 0.0033, 0.0000,-0.0062, 3.1415, 0.0000,-0.0000, 0.0000, 0.0000,-0.7180,0
 0.0033, 0.0000,-0.0062, 3.1415, 0.0000,-0.0000, 0.0000, 0.0000,-0.7180,0
 0.0033, 0.0000,-0.0062, 3.1415, 0.0000,-0.0000, 0.0000, 0.0000,-0.7180,0
 0.0033, 0.0000,-0.0062, 3.1415, 0.0000,-0.0000, 0.0000, 0.0000,-0.7180,0
 0.0033, 0.0000,-0.0062, 3.1415, 0.0000,-0.0000, 0.0000, 0.0000,-0.7180,0
 0.0033, 0.0000,-0.0062, 3.1415, 0.0000,-0.0000, 0.0000, 0.0000,-0.7180,0
 0.0033, 0.0000,-0.0062, 3.1415, 0.0000,-0.0000, 0.0000, 0.0000,-0.7180,0
 0.0033, 0.0000,-0.0062, 3.1415, 0.0000,-0.0000, 0.0000, 0.0000,-0.7180,0
 0.0033, 0.0000,-0.0062, 3.1415, 0.0000,-0.0000, 0.0000, 0.0000,-0.7180,0
 0.0033, 0.0000,-0.0062, 3.1415, 0.0000,-0.0000, 0.0000, 0.0000,-0.7180,0
 0.0033, 0.0000,-0.0062, 3.1415, 0.0000,-0.0000, 0.0000, 0.0000,-0.7180,0
 0.0033, 0.0000,-0.0062, 3.1415, 0.0000,-0.0000, 0.0000, 0.0000,-0.7180,0
 0.0033, 0.0000,-0.0062, 3.1415, 0.0000,-0.0000, 0.0000, 0.0000,-0.7180,0
 0.0033, 0.0000,-0.0062, 3.1415, 0.0000,-0.0000, 0.0000, 0.0000,-0.7180,0
 0.0033, 0.0000,-0.0031, 3.1415, 0.0000, 0.2513, 0.0000, 0.0000,-0.7180,0
 0.0033, 0.0000,-0.0031, 3.1415, 0.0000, 0.0502, 0.0000, 0.0000,-0.7180,0
 0.0033, 0.0000,-0.0031, 3.1415, 0.0000, 0.0100, 0.0000, 0.0000,-0.7180,0
 0.0033, 0.0000,-0.0031, 3.1415, 0.0000, 0.0020, 0.0000, 0.0000,-0.7180,0
 0.0033, 0.0000,-0.0031, 3.1415, 0.0000, 0.0004, 0.0000, 0.0000,-0.7180,0
 0.0033, 0.0000,-0.0031, 3.1415, 0.0000, 0.0000, 0.0000, 0.0000,-0.7180,0
 0.0033, 0.0000,-0.0031, 3.1415, 0.0000, 0.0000, 0.0000, 0.0000,-0.7180,0
 0.0033, 0.0000,-0.0031, 3.1415, 0.0000, 0.0000, 0.0000, 0.0000,-0.7180,0
 0.0033, 0.0000,-0.0031, 3.1415, 0.0000, 0.0000, 0.0000, 0.0000,-0.7180,0
 0.0033, 0.0000,-0.0031, 3.1415, 0.0000, 0.0000, 0.0000, 0.0000,-0.7180,0
 0.0033, 0.0000,-0.0031, 3.1415, 0.0000, 0.0000, 0.0000, 0.0000,-0.7180,0
 0.0033, 0.0000,-0.0031, 3.1415, 0.0000, 0.0000, 0.0000, 0.0000,-0.7180,0
 0.0033, 0.0000, 0.0000, 3.1415, 0.0000, 0.2513, 0.0000, 0.0000,-0.7180,0
 0.0033, 0.0000, 0.0000, 3.1415, 0.0000, 0.0502, 0.0000, 0.0000,-0.7180,0
 0.0033, 0.0000, 0.0000, 3.1415, 0.0000, 0.0100, 0.0000, 0.0000,-0.7180,0
 0.0033, 0.0000, 0.0000, 3.1415, 0.0000, 0.0020, 0.0000, 0.0000,-0.7180,0
 0.0033, 0.0000, 0.0000, 3.1415, 0.0000, 0.0004,-0.2797,-0.7180,-0.7173,0
 0.0033, 0.0000, 0.0000, 3.1415, 0.0000, 0.0000,-0.2385,-0.7180,-0.7166,0
 0.0032, 0.0000, 0.0000, 3.1415,-0.0060, 0.0000,-0.1614,-0.7180,-0.7159,0
 0.0031, 0.0000, 0.0000, 3.1415,-0.0133, 0.0000,-0.0749,-0.7180,-0.7152,0
 0.0029, 0.0000, 0.0031, 3.1415,-0.0147, 0.2513, 2.2361,-0.7172,-0.7145,0
 0.0028, 0.0000, 0.0031, 3.1415,-0.0090, 0.0502,-1.4868,-0.7180,-0.7137,0
 0.0028, 0.0000, 0.0031, 3.1415,-0.0078, 0.0100,-0.7541,-0.7180,-0.7130,0
 0.0025, 0.0000, 0.0031, 3.1415,-0.0197, 0.0020,-0.1760,-0.7180,-0.7123,0
 0.0023, 0.0000, 0.0062, 3.1415,-0.0221, 0.2517, 2.2814,-0.7171,-0.7116,0
 0.0023, 0.0000, 0.0062, 3.1415,-0.0044, 0.0503,-1.5145,-0.7180,-0.7109,0
 0.0019, 0.0000, 0.0062, 3.1415,-0.0312, 0.0100,-0.4656,-0.7180,-0.7101,0
 0.0015, 0.0000, 0.0094, 3.1415,-0.0426, 0.2533, 2.3856,-0.7171,-0.7094,0
 0.0017, 0.0000, 0.0094, 3.1415, 0.0096, 0.0506,-1.6600,-0.7180,-0.7087,0
 0.0012, 0.0000, 0.0094, 3.1415,-0.0405, 0.0101,-0.3314,-0.7180,-0.7080,0
 0.0009, 0.0000, 0.0094, 3.1415,-0.0323, 0.0020, 0.0601,-0.7180,-0.7073,0
 0.0009, 0.0000, 0.0125, 3.1415,-0.0064, 0.2517, 2.1929,-0.7171,-0.7066,0
 0.0009, 0.0000, 0.0125, 3.1415,-0.0012, 0.0503,-1.4545,-0.7179,-0.7058,0
 0.0004, 0.0000, 0.0125, 3.1415,-0.0366, 0.0100,-0.3096,-0.7180,-0.7051,0
 0.0002, 0.0000, 0.0125, 3.1415,-0.0255, 0.0020, 0.0393,-0.7180,-0.7044,0
 0.0002, 0.0000, 0.0125, 3.1415,-0.0051, 0.0004,-0.0191,-0.7180,-0.7037,0
-0.0000, 0.0000, 0.0125, 3.1415,-0.0252, 0.0000, 0.2469,-0.7180,-0.7030,0
 0.0000, 0.0000, 0.0157, 3.1415, 0.0010, 0.2513, 2.2087,-0.7171,-0.7022,0
 0.0000, 0.0000, 0.0157, 3.1415, 0.0062, 0.0502,-1.4659,-0.7179,-0.7015,0
-0.0003, 0.0000, 0.0157, 3.1415,-0.0351, 0.0100,-0.2663,-0.7180,-0.7008,0
-0.0004, 0.0000, 0.0125, 3.1415,-0.0130,-0.2493,-2.2512,-0.7171,-0.7001,0
-0.0006, 0.0000, 0.0157, 3.1415,-0.0208, 0.2014, 3.8054,-0.7174,-0.6994,0
-0.0003, 0.0000, 0.0157, 3.1415, 0.0200, 0.0402,-0.9437,-0.7179,-0.6987,0
-0.0009, 0.0000, 0.0157, 3.1415,-0.0384, 0.0080, 0.0021,-0.7180,-0.6979,0
-0.0007, 0.0000, 0.0157, 3.1415, 0.0044, 0.0016,-0.1425,-0.7180,-0.6972,0
-0.0011, 0.0000, 0.0157, 3.1415,-0.0294, 0.0003, 0.3329,-0.7180,-0.6965,0
-0.0009, 0.0000, 0.0157, 3.1415, 0.0123, 0.0000,-0.0740,-0.7180,-0.6958,0
-0.0011, 0.0000, 0.0125, 3.1415,-0.0157,-0.2513,-1.9521,-0.7171,-0.6951,0
-0.0013, 0.0000, 0.0125, 3.1415,-0.0213,-0.0502, 1.7114,-0.7180,-0.6943,0
-0.0011, 0.0000, 0.0125, 3.1415, 0.0139,-0.0100, 0.5843,-0.7180,-0.6936,0
-0.0009, 0.0000, 0.0125, 3.1415, 0.0149,-0.0020, 0.1187,-0.7180,-0.6929,0
-0.0007, 0.0000, 0.0125, 3.1415, 0.0211,-0.0004,-0.1079,-0.7180,-0.6922,0
-0.0008, 0.0000, 0.0094, 3.1415,-0.0018,-0.2514,-2.0779,-0.7171,-0.6915,0
-0.0009, 0.0000, 0.0094, 3.1415,-0.0064,-0.0502, 1.5376,-0.7180,-0.6908,0
-0.0006, 0.0000, 0.0094, 3.1415, 0.0229,-0.0100, 0.4587,-0.7180,-0.6900,0
-0.0005, 0.0000, 0.0062, 3.1415, 0.0106,-0.2533,-2.0239,-0.7171,-0.6893,0
-0.0006, 0.0000, 0.0062, 3.1415,-0.0039,-0.0506, 1.5463,-0.7180,-0.6886,0
-0.0003, 0.0000, 0.0062, 3.1415, 0.0234,-0.0101, 0.4469,-0.7180,-0.6879,0
-0.0001, 0.0000, 0.0031, 3.1415, 0.0168,-0.2533,-2.0973,-0.7171,-0.6872,0
-0.0002, 0.0000, 0.0031, 3.1415,-0.0026,-0.0506, 1.5113,-0.7180,-0.6864,0
 0.0001, 0.0000, 0.0000, 3.1415, 0.0297,-0.2614,-1.7841,-0.7171,-0.6857,0
-0.0001, 0.0000, 0.0000, 3.1415,-0.0182,-0.0522, 1.8166,-0.7180,-0.6850,0
 0.0001, 0.0000, 0.0000, 3.1415, 0.0205,-0.0104, 0.4884,-0.7180,-0.6843,0
 0.0003, 0.0000,-0.0031, 3.1415, 0.0162,-0.2534,-2.0925,-0.7171,-0.6836,0
 0.0001, 0.0000,-0.0031, 3.1415,-0.0088,-0.0506, 1.5548,-0.7180,-0.6829,0
 0.0003, 0.0000,-0.0031, 3.1415, 0.0164,-0.0101, 0.4744,-0.7180,-0.6821,0
 0.0006, 0.0000,-0.0062, 3.1415, 0.0214,-0.2533,-2.1652,-0.7171,-0.6814,0
 0.0004, 0.0000,-0.0062, 3.1415,-0.0078,-0.0506, 1.5234,-0.7180,-0.6807,0
 0.0006, 0.0000,-0.0062, 3.1415, 0.0166,-0.0101, 0.4517,-0.7180,-0.6800,0
 0.0008, 0.0000,-0.0094, 3.1415, 0.0154,-0.2533,-2.1085,-0.7171,-0.6793,0
 0.0008, 0.0000,-0.0094, 3.1415, 0.0030,-0.0506, 1.3894,-0.7180,-0.6785,0
 0.0010, 0.0000,-0.0125, 3.1415, 0.0188,-0.2614,-1.6918,-0.7170,-0.6778,0
 0.0008, 0.0000,-0.0125, 3.1415,-0.0144,-0.0522, 1.7194,-0.7179,-0.6771,0
 0.0010, 0.0000,-0.0125, 3.1415, 0.0153,-0.0104, 0.4824,-0.7180,-0.6764,0
 0.0012, 0.0000,-0.0125, 3.1415, 0.0151,-0.0020,-0.0170,-0.7180,-0.6757,0
 0.0012, 0.0000,-0.0157, 3.1415, 0.0030,-0.2517,-2.1344,-0.7171,-0.6750,0
 0.0010, 0.0000,-0.0157, 3.1415,-0.0115,-0.0503, 1.4849,-0.7179,-0.6742,0
 0.0010, 0.0000,-0.0157, 3.1415,-0.0023,-0.0100, 0.6084,-0.7180,-0.6735,0
 0.0012, 0.0000,-0.0157, 3.1415, 0.0177,-0.0020,-0.0612,-0.7180,-0.6728,0
 0.0012, 0.0000,-0.0157, 3.1415, 0.0035,-0.0004,-0.0669,-0.7180,-0.6721,0
 0.0011, 0.0000,-0.0157, 3.1415,-0.0114,-0.0000, 0.0531,-0.7180,-0.6714,0
 0.0011, 0.0000,-0.0157, 3.1415,-0.0022,-0.0000,-0.0500,-0.7180,-0.6706,0
 0.0009, 0.0000,-0.0157, 3.1415,-0.0125,-0.0000, 0.0618,-0.7180,-0.6699,0
 0.0011, 0.0000,-0.0157, 3.1415, 0.0096,-0.0000,-0.1736,-0.7180,-0.6692,0
 0.0009, 0.0000,-0.0157, 3.1415,-0.0162,-0.0000, 0.1035,-0.7180,-0.6685,0
 0.0009, 0.0000,-0.0157, 3.1415, 0.0028,-0.0000,-0.0947,-0.7180,-0.6678,0
 0.0009, 0.0000,-0.0157, 3.1415,-0.0055,-0.0000,-0.0055,-0.7180,-0.6671,0
 0.0007, 0.0000,-0.0157, 3.1415,-0.0132,-0.0000, 0.0828,-0.7180,-0.6663,0
 0.0007, 0.0000,-0.0157, 3.1415,-0.0026,-0.0000,-0.0242,-0.7180,-0.6656,0
 0.0004, 0.0000,-0.0157, 3.1415,-0.0247,-0.0000, 0.2202,-0.7180,-0.6649,0
 0.0006, 0.0000,-0.0157, 3.1415, 0.0071,-0.0000,-0.1134,-0.7180,-0.6642,0
 0.0003, 0.0000,-0.0157, 3.1415,-0.0167,-0.0000, 0.1441,-0.7180,-0.6635,0
 0.0005, 0.0000,-0.0125, 3.1415, 0.0087, 0.2513, 1.8932,-0.7171,-0.6627,0
 0.0006, 0.0000,-0.0125, 3.1415, 0.0078, 0.0502,-1.5576,-0.7180,-0.6620,0
 0.0004, 0.0000,-0.0125, 3.1415,-0.0105, 0.0100,-0.5792,-0.7180,-0.6613,0
 0.0003, 0.0000,-0.0125, 3.1415,-0.0142, 0.0020,-0.0809,-0.7180,-0.6606,0
 0.0000, 0.0000,-0.0125, 3.1415,-0.0210, 0.0004, 0.1522,-0.7180,-0.6599,0
 0.0000, 0.0000,-0.0125, 3.1415,-0.0042, 0.0000, 0.0234,-0.7180,-0.6592,0
 0.0000, 0.0000,-0.0094, 3.1415,-0.0008, 0.2513, 1.9954,-0.7171,-0.6584,0
 0.0003, 0.0000,-0.0094, 3.1415, 0.0180, 0.0502,-1.6458,-0.7180,-0.6577,0
 0.0000, 0.0000,-0.0094, 3.1415,-0.0145, 0.0100,-0.5141,-0.7180,-0.6570,0
-0.0001, 0.0000,-0.0094, 3.1415,-0.0211, 0.0020, 0.0189,-0.7180,-0.6563,0
-0.0000, 0.0000,-0.0062, 3.1415, 0.0018, 0.2517, 1.9112,-0.7171,-0.6556,0
 0.0000, 0.0000,-0.0062, 3.1415, 0.0124, 0.0503,-1.5909,-0.7180,-0.6548,0
-0.0001, 0.0000,-0.0062, 3.1415,-0.0156, 0.0100,-0.4914,-0.7180,-0.6541,0
-0.0003, 0.0000,-0.0062, 3.1415,-0.0213, 0.0020, 0.0356,-0.7180,-0.6534,0
-0.0003, 0.0000,-0.0031, 3.1415, 0.0017, 0.2517, 1.9118,-0.7172,-0.6527,0
-0.0000, 0.0000,-0.0031, 3.1415, 0.0185, 0.0503,-1.6450,-0.7180,-0.6520,0
-0.0003, 0.0000,-0.0031, 3.1415,-0.0205, 0.0100,-0.4276,-0.7180,-0.6513,0
-0.0006, 0.0000,-0.0031, 3.1415,-0.0222, 0.0020, 0.0606,-0.7180,-0.6505,0
-0.0004, 0.0000, 0.0000, 3.1415, 0.0076, 0.2517, 1.8476,-0.7172,-0.6498,0
-0.0002, 0.0000, 0.0000, 3.1415, 0.0197, 0.0503,-1.6497,-0.7180,-0.6491,0
-0.0003, 0.0000, 0.0000, 3.1415,-0.0081, 0.0100,-0.5533,-0.7180,-0.6484,0
-0.0006, 0.0000, 0.0000, 3.1415,-0.0258, 0.0020, 0.1019,-0.7180,-0.6477,0
-0.0006, 0.0000, 0.0031, 3.1415, 0.0008, 0.2517, 1.9116,-0.7172,-0.6469,0
-0.0002, 0.0000, 0.0031, 3.1415, 0.0304, 0.0503,-1.7617,-0.7180,-0.6462,0
-0.0004, 0.0000, 0.0031, 3.1415,-0.0120, 0.0100,-0.5093,-0.7180,-0.6455,0
-0.0006, 0.0000, 0.0031, 3.1415,-0.0206, 0.0020, 0.0483,-0.7180,-0.6448,0
-0.0006, 0.0000, 0.0062, 3.1415, 0.0019, 0.2517, 1.8860,-0.7171,-0.6441,0
-0.0002, 0.0000, 0.0062, 3.1415, 0.0307, 0.0503,-1.7668,-0.7180,-0.6434,0
-0.0002, 0.0000, 0.0062, 3.1415, 0.0061, 0.0100,-0.7098,-0.7180,-0.6426,0
-0.0006, 0.0000, 0.0062, 3.1415,-0.0351, 0.0020, 0.1955,-0.7180,-0.6419,0
-0.0006, 0.0000, 0.0094, 3.1415,-0.0009, 0.2517, 1.9005,-0.7171,-0.6412,0
-0.0002, 0.0000, 0.0094, 3.1415, 0.0301, 0.0503,-1.7639,-0.7180,-0.6405,0
-0.0003, 0.0000, 0.0094, 3.1415,-0.0061, 0.0100,-0.5762,-0.7180,-0.6398,0
-0.0007, 0.0000, 0.0094, 3.1415,-0.0315, 0.0020, 0.1639,-0.7180,-0.6390,0
-0.0006, 0.0000, 0.0094, 3.1415, 0.0058, 0.0004,-0.0741,-0.7180,-0.6383,0
-0.0004, 0.0000, 0.0125, 3.1415, 0.0132, 0.2514, 1.7692,-0.7171,-0.6376,0
-0.0005, 0.0000, 0.0125, 3.1415,-0.0034, 0.0502,-1.3969,-0.7180,-0.6369,0
-0.0008, 0.0000, 0.0125, 3.1415,-0.0249, 0.0100,-0.3530,-0.7180,-0.6362,0
-0.0011, 0.0000, 0.0125, 3.1415,-0.0292, 0.0020, 0.1666,-0.7180,-0.6355,0
-0.0009, 0.0000, 0.0125, 3.1415, 0.0062, 0.0004,-0.0531,-0.7180,-0.6347,0
-0.0010, 0.0000, 0.0157, 3.1415,-0.0048, 0.2514, 1.9748,-0.7171,-0.6340,0
-0.0009, 0.0000, 0.0157, 3.1415, 0.0111, 0.0502,-1.5225,-0.7179,-0.6333,0
-0.0011, 0.0000, 0.0157, 3.1415,-0.0159, 0.0100,-0.4241,-0.7180,-0.6326,0
-0.0012, 0.0000, 0.0157, 3.1415,-0.0092, 0.0020,-0.0307,-0.7180,-0.6319,0
-0.0014, 0.0000, 0.0157, 3.1415,-0.0200, 0.0004, 0.2439,-0.7180,-0.6311,0
-0.0013, 0.0000, 0.0157, 3.1415, 0.0020, 0.0000, 0.0569,-0.7180,-0.6304,0
-0.0015, 0.0000, 0.0157, 3.1415,-0.0177, 0.0000, 0.2837,-0.7180,-0.6297,0
-0.0012, 0.0000, 0.0157, 3.1415, 0.0206, 0.0000,-0.1235,-0.7180,-0.6290,0
-0.0012, 0.0000, 0.0157, 3.1415, 0.0102, 0.0000,-0.0218,-0.7180,-0.6283,0
-0.0012, 0.0000, 0.0157, 3.1415,-0.0040, 0.0000, 0.1274,-0.7180,-0.6276,0
-0.0011, 0.0000, 0.0157, 3.1415, 0.0113, 0.0000,-0.0380,-0.7180,-0.6268,0
-0.0012, 0.0000, 0.0157, 3.1415,-0.0098, 0.0000, 0.1866,-0.7180,-0.6261,0
-0.0012, 0.0000, 0.0157, 3.1415, 0.0040, 0.0000, 0.0402,-0.7180,-0.6254,0
-0.0011, 0.0000, 0.0157, 3.1415, 0.0068, 0.0000, 0.0068,-0.7180,-0.6247,0
-0.0009, 0.0000, 0.0125, 3.1415, 0.0135,-0.2513,-1.8871,-0.7171,-0.6240,0
-0.0009, 0.0000, 0.0125, 3.1415, 0.0027,-0.0502, 1.5168,-0.7180,-0.6233,0
-0.0006, 0.0000, 0.0125, 3.1415, 0.0247,-0.0100, 0.4585,-0.7180,-0.6225,0
-0.0003, 0.0000, 0.0125, 3.1415, 0.0292,-0.0020,-0.0639,-0.7180,-0.6218,0
-0.0003, 0.0000, 0.0094, 3.1415, 0.0119,-0.2517,-1.8460,-0.7171,-0.6211,0
-0.0003, 0.0000, 0.0094, 3.1415,-0.0036,-0.0503, 1.5578,-0.7180,-0.6204,0
-0.0002, 0.0000, 0.0094, 3.1415, 0.0113,-0.0100, 0.5676,-0.7180,-0.6197,0
-0.0000, 0.0000, 0.0094, 3.1415, 0.0144,-0.0020, 0.0665,-0.7180,-0.6189,0
 0.0001, 0.0000, 0.0062, 3.1415, 0.0210,-0.2517,-1.9542,-0.7171,-0.6182,0
 0.0000, 0.0000, 0.0062, 3.1415,-0.0079,-0.0503, 1.5782,-0.7180,-0.6175,0
 0.0003, 0.0000, 0.0062, 3.1415, 0.0287,-0.0100, 0.3518,-0.7180,-0.6168,0
 0.0005, 0.0000, 0.0031, 3.1415, 0.0178,-0.2533,-1.7850,-0.7171,-0.6161,0
 0.0005, 0.0000, 0.0031, 3.1415, 0.0035,-0.0506, 1.4705,-0.7180,-0.6154,0
 0.0006, 0.0000, 0.0031, 3.1415, 0.0128,-0.0101, 0.5035,-0.7180,-0.6146,0
 0.0008, 0.0000, 0.0000, 3.1415, 0.0146,-0.2533,-1.7594,-0.7171,-0.6139,0
 0.0008, 0.0000, 0.0000, 3.1415, 0.0029,-0.0506, 1.4594,-0.7180,-0.6132,0
 0.0010, 0.0000, 0.0000, 3.1415, 0.0187,-0.0101, 0.4185,-0.7180,-0.6125,0
 0.0011, 0.0000,-0.0031, 3.1415, 0.0098,-0.2533,-1.7191,-0.7171,-0.6118,0
 0.0010, 0.0000,-0.0031, 3.1415,-0.0040,-0.0506, 1.5176,-0.7180,-0.6110,0
 0.0013, 0.0000,-0.0031, 3.1415, 0.0234,-0.0101, 0.3514,-0.7180,-0.6103,0
 0.0015, 0.0000,-0.0062, 3.1415, 0.0168,-0.2533,-1.8042,-0.7171,-0.6096,0
 0.0014, 0.0000,-0.0062, 3.1415,-0.0027,-0.0506, 1.4801,-0.7180,-0.6089,0
 0.0016, 0.0000,-0.0062, 3.1415, 0.0176,-0.0101, 0.3900,-0.7180,-0.6082,0
 0.0018, 0.0000,-0.0094, 3.1415, 0.0156,-0.2533,-1.8017,-0.7171,-0.6075,0
 0.0018, 0.0000,-0.0094, 3.1415, 0.0031,-0.0506, 1.3977,-0.7180,-0.6067,0
 0.0020, 0.0000,-0.0094, 3.1415, 0.0188,-0.0101, 0.3531,-0.7180,-0.6060,0
 0.0021, 0.0000,-0.0094, 3.1415, 0.0098,-0.0020,-0.0319,-0.7180,-0.6053,0
 0.0021, 0.0000,-0.0125, 3.1415, 0.0019,-0.2517,-1.8220,-0.7171,-0.6046,0
 0.0020, 0.0000,-0.0125, 3.1415,-0.0056,-0.0503, 1.4319,-0.7179,-0.6039,0
 0.0021, 0.0000,-0.0125, 3.1415, 0.0109,-0.0100, 0.4118,-0.7180,-0.6031,0
 0.0021, 0.0000,-0.0125, 3.1415, 0.0021,-0.0020, 0.0376,-0.7180,-0.6024,0
 0.0024, 0.0000,-0.0125, 3.1415, 0.0186,-0.0004,-0.2956,-0.7180,-0.6017,0
 0.0024, 0.0000,-0.0125, 3.1415, 0.0037,-0.0000,-0.1868,-0.7180,-0.6010,0
 0.0022, 0.0000,-0.0125, 3.1415,-0.0113,-0.0000,-0.0344,-0.7180,-0.6003,0
 0.0021, 0.0000,-0.0125, 3.1415,-0.0144,-0.0000, 0.0037,-0.7180,-0.5996,0
 0.0021, 0.0000,-0.0125, 3.1415,-0.0028,-0.0000,-0.1135,-0.7180,-0.5988,0
 0.0019, 0.0000,-0.0125, 3.1415,-0.0127,-0.0000,-0.0040,-0.7180,-0.5981,0
 0.0016, 0.0000,-0.0125, 3.1415,-0.0267,-0.0000, 0.1590,-0.7180,-0.5974,0
 0.0016, 0.0000,-0.0125, 3.1415,-0.0053,-0.0000,-0.0580,-0.7180,-0.5967,0
 0.0015, 0.0000,-0.0125, 3.1415,-0.0071,-0.0000,-0.0349,-0.7180,-0.5960,0
 0.0014, 0.0000,-0.0125, 3.1415,-0.0135,-0.0000, 0.0402,-0.7180,-0.5952,0
 0.0012, 0.0000,-0.0094, 3.1415,-0.0148, 0.2513, 1.7275,-0.7171,-0.5945,0
 0.0014, 0.0000,-0.0094, 3.1415, 0.0091, 0.0502,-1.6981,-0.7180,-0.5938,0
 0.0011, 0.0000,-0.0094, 3.1415,-0.0224, 0.0100,-0.5193,-0.7180,-0.5931,0
 0.0009, 0.0000,-0.0094, 3.1415,-0.0166, 0.0020,-0.1057,-0.7180,-0.5924,0
 0.0007, 0.0000,-0.0094, 3.1415,-0.0215, 0.0004, 0.1105,-0.7180,-0.5917,0
 0.0007, 0.0000,-0.0094, 3.1415,-0.0043, 0.0000,-0.0216,-0.7180,-0.5909,0
 0.0006, 0.0000,-0.0062, 3.1415,-0.0129, 0.2513, 1.7289,-0.7171,-0.5902,0
 0.0006, 0.0000,-0.0062, 3.1415, 0.0034, 0.0502,-1.5947,-0.7180,-0.5895,0
 0.0003, 0.0000,-0.0062, 3.1415,-0.0235, 0.0100,-0.4578,-0.7180,-0.5888,0
 0.0000, 0.0000,-0.0062, 3.1415,-0.0289, 0.0020, 0.0803,-0.7180,-0.5881,0
 0.0000, 0.0000,-0.0031, 3.1415,-0.0057, 0.2517, 1.6240,-0.7172,-0.5873,0
 0.0000, 0.0000,-0.0031, 3.1415,-0.0011, 0.0503,-1.5235,-0.7180,-0.5866,0
-0.0000, 0.0000,-0.0031, 3.1415,-0.0123, 0.0100,-0.5444,-0.7180,-0.5859,0
-0.0004, 0.0000,-0.0031, 3.1415,-0.0327, 0.0020, 0.1539,-0.7180,-0.5852,0
-0.0003, 0.0000, 0.0000, 3.1415,-0.0004, 0.2517, 1.5859,-0.7172,-0.5845,0
-0.0001, 0.0000, 0.0000, 3.1415, 0.0180, 0.0503,-1.7061,-0.7180,-0.5838,0
-0.0003, 0.0000, 0.0000, 3.1415,-0.0085, 0.0100,-0.5687,-0.7180,-0.5830,0
-0.0006, 0.0000, 0.0000, 3.1415,-0.0259, 0.0020, 0.0948,-0.7180,-0.5823,0
-0.0004, 0.0000, 0.0000, 3.1415, 0.0069, 0.0004,-0.0961,-0.7180,-0.5816,0
-0.0004, 0.0000, 0.0031, 3.1415, 0.0013, 0.2514, 1.5955,-0.7172,-0.5809,0
-0.0004, 0.0000, 0.0031, 3.1415, 0.0002, 0.0502,-1.4983,-0.7180,-0.5802,0
-0.0008, 0.0000, 0.0031, 3.1415,-0.0302, 0.0100,-0.3109,-0.7180,-0.5794,0
-0.0009, 0.0000, 0.0031, 3.1415,-0.0181, 0.0020, 0.0420,-0.7180,-0.5787,0
-0.0007, 0.0000, 0.0031, 3.1415, 0.0145, 0.0004,-0.1527,-0.7180,-0.5780,0
-0.0008, 0.0000, 0.0031, 3.1415,-0.0031, 0.0000, 0.0738,-0.7180,-0.5773,0
-0.0009, 0.0000, 0.0062, 3.1415,-0.0127, 0.2513, 1.7629,-0.7171,-0.5766,0
-0.0005, 0.0000, 0.0062, 3.1415, 0.0338, 0.0502,-1.8347,-0.7180,-0.5759,0
-0.0006, 0.0000, 0.0031, 3.1415, 0.0007,-0.2412,-2.2029,-0.7172,-0.5751,0
-0.0006, 0.0000, 0.0062, 3.1415,-0.0059, 0.2030, 2.9837,-0.7175,-0.5744,0
-0.0003, 0.0000, 0.0062, 3.1415, 0.0230, 0.0406,-1.1200,-0.7180,-0.5737,0
-0.0006, 0.0000, 0.0062, 3.1415,-0.0135, 0.0081,-0.3015,-0.7180,-0.5730,0
-0.0007, 0.0000, 0.0062, 3.1415,-0.0148, 0.0016, 0.0458,-0.7180,-0.5723,0
-0.0006, 0.0000, 0.0062, 3.1415, 0.0030, 0.0003,-0.0283,-0.7180,-0.5715,0
-0.0010, 0.0000, 0.0062, 3.1415,-0.0296, 0.0000, 0.3611,-0.7180,-0.5708,0
-0.0009, 0.0000, 0.0094, 3.1415, 0.0061, 0.2513, 1.5333,-0.7171,-0.5701,0
-0.0006, 0.0000, 0.0094, 3.1415, 0.0194, 0.0502,-1.6851,-0.7180,-0.5694,0
-0.0007, 0.0000, 0.0062, 3.1415,-0.0021,-0.2412,-2.1314,-0.7172,-0.5687,0
-0.0009, 0.0000, 0.0094, 3.1415,-0.0125, 0.2030, 3.0392,-0.7174,-0.5680,0
-0.0006, 0.0000, 0.0094, 3.1415, 0.0156, 0.0406,-1.0301,-0.7180,-0.5672,0
-0.0007, 0.0000, 0.0094, 3.1415,-0.0029, 0.0081,-0.4001,-0.7180,-0.5665,0
-0.0010, 0.0000, 0.0094, 3.1415,-0.0248, 0.0016, 0.1672,-0.7180,-0.5658,0
-0.0009, 0.0000, 0.0094, 3.1415, 0.0010, 0.0003, 0.0122,-0.7180,-0.5651,0
-0.0009, 0.0000, 0.0094, 3.1415, 0.0062, 0.0000,-0.0133,-0.7180,-0.5644,0
-0.0009, 0.0000, 0.0094, 3.1415, 0.0012, 0.0000, 0.0458,-0.7180,-0.5636,0
-0.0009, 0.0000, 0.0094, 3.1415, 0.0002, 0.0000, 0.0580,-0.7180,-0.5629,0
-0.0006, 0.0000, 0.0094, 3.1415, 0.0182, 0.0000,-0.1388,-0.7180,-0.5622,0
-0.0005, 0.0000, 0.0094, 3.1415, 0.0157, 0.0000,-0.1240,-0.7180,-0.5615,0
-0.0006, 0.0000, 0.0062, 3.1415,-0.0089,-0.2513,-1.3523,-0.7171,-0.5608,0
-0.0009, 0.0000, 0.0094, 3.1415,-0.0260, 0.2010, 3.3566,-0.7174,-0.5601,0
-0.0006, 0.0000, 0.0094, 3.1415, 0.0190, 0.0402,-1.0143,-0.7180,-0.5593,0
-0.0009, 0.0000, 0.0094, 3.1415,-0.0143, 0.0080,-0.2610,-0.7180,-0.5586,0
-0.0012, 0.0000, 0.0094, 3.1415,-0.0271, 0.0016, 0.2038,-0.7180,-0.5579,0
-0.0011, 0.0000, 0.0094, 3.1415, 0.0006, 0.0003, 0.0278,-0.7180,-0.5572,0
-0.0009, 0.0000, 0.0094, 3.1415, 0.0183, 0.0000,-0.1350,-0.7180,-0.5565,0
-0.0010, 0.0000, 0.0094, 3.1415,-0.0084, 0.0000, 0.1545,-0.7180,-0.5557,0
-0.0009, 0.0000, 0.0062, 3.1415, 0.0043,-0.2513,-1.4378,-0.7171,-0.5550,0
-0.0010, 0.0000, 0.0062, 3.1415,-0.0051,-0.0502, 1.6732,-0.7180,-0.5543,0
-0.0008, 0.0000, 0.0062, 3.1415, 0.0171,-0.0100, 0.5604,-0.7180,-0.5536,0
-0.0007, 0.0000, 0.0062, 3.1415, 0.0094,-0.0020, 0.1641,-0.7180,-0.5529,0
-0.0005, 0.0000, 0.0031, 3.1415, 0.0200,-0.2517,-1.5555,-0.7172,-0.5522,0
-0.0003, 0.0000, 0.0031, 3.1415, 0.0161,-0.0503, 1.4287,-0.7180,-0.5514,0
-0.0000, 0.0000, 0.0031, 3.1415, 0.0274,-0.0100, 0.4088,-0.7180,-0.5507,0
 0.0000, 0.0000, 0.0000, 3.1415, 0.0176,-0.2533,-1.4066,-0.7171,-0.5500,0
 0.0001, 0.0000, 0.0000, 3.1415, 0.0095,-0.0506, 1.5041,-0.7180,-0.5493,0
 0.0003, 0.0000, 0.0000, 3.1415, 0.0140,-0.0101, 0.5307,-0.7180,-0.5486,0
 0.0006, 0.0000, 0.0000, 3.1415, 0.0270,-0.0020,-0.1019,-0.7180,-0.5478,0
 0.0006, 0.0000,-0.0031, 3.1415, 0.0114,-0.2517,-1.5230,-0.7172,-0.5471,0
 0.0006, 0.0000,-0.0031, 3.1415,-0.0037,-0.0503, 1.5694,-0.7180,-0.5464,0
 0.0006, 0.0000,-0.0031, 3.1415, 0.0053,-0.0100, 0.5834,-0.7180,-0.5457,0
 0.0008, 0.0000,-0.0031, 3.1415, 0.0131,-0.0020, 0.0206,-0.7180,-0.5450,0
 0.0009, 0.0000,-0.0031, 3.1415, 0.0087,-0.0004,-0.0925,-0.7180,-0.5443,0
 0.0008, 0.0000,-0.0031, 3.1415,-0.0043,-0.0000, 0.0019,-0.7180,-0.5435,0
 0.0009, 0.0000,-0.0062, 3.1415, 0.0112,-0.2513,-1.5728,-0.7171,-0.5428,0
 0.0009, 0.0000,-0.0062, 3.1415, 0.0022,-0.0502, 1.4737,-0.7180,-0.5421,0
 0.0011, 0.0000,-0.0062, 3.1415, 0.0125,-0.0100, 0.4767,-0.7180,-0.5414,0
 0.0011, 0.0000,-0.0062, 3.1415, 0.0025,-0.0020, 0.1077,-0.7180,-0.5407,0
 0.0012, 0.0000,-0.0062, 3.1415, 0.0065,-0.0004,-0.0914,-0.7180,-0.5399,0
 0.0013, 0.0000,-0.0062, 3.1415, 0.0134,-0.0000,-0.2136,-0.7180,-0.5392,0
 0.0011, 0.0000,-0.0062, 3.1415,-0.0155,-0.0000, 0.0838,-0.7180,-0.5385,0
 0.0012, 0.0000,-0.0062, 3.1415, 0.0090,-0.0000,-0.1773,-0.7180,-0.5378,0
 0.0011, 0.0000,-0.0062, 3.1415,-0.0103,-0.0000, 0.0281,-0.7180,-0.5371,0
 0.0012, 0.0000,-0.0062, 3.1415, 0.0039,-0.0000,-0.1221,-0.7180,-0.5364,0
 0.0009, 0.0000,-0.0062, 3.1415,-0.0173,-0.0000, 0.1097,-0.7180,-0.5356,0
 0.0011, 0.0000,-0.0062, 3.1415, 0.0086,-0.0000,-0.1641,-0.7180,-0.5349,0
 0.0010, 0.0000,-0.0062, 3.1415,-0.0043,-0.0000,-0.0275,-0.7180,-0.5342,0
 0.0009, 0.0000,-0.0062, 3.1415,-0.0129,-0.0000, 0.0703,-0.7180,-0.5335,0
 0.0008, 0.0000,-0.0062, 3.1415,-0.0086,-0.0000, 0.0315,-0.7180,-0.5328,0
 0.0010, 0.0000,-0.0062, 3.1415, 0.0164,-0.0000,-0.2380,-0.7180,-0.5320,0
 0.0009, 0.0000,-0.0062, 3.1415,-0.0088,-0.0000, 0.0282,-0.7180,-0.5313,0
 0.0009, 0.0000,-0.0062, 3.1415,-0.0017,-0.0000,-0.0433,-0.7180,-0.5306,0
 0.0009, 0.0000,-0.0062, 3.1415,-0.0003,-0.0000,-0.0576,-0.7180,-0.5299,0
 0.0009, 0.0000,-0.0062, 3.1415, 0.0059,-0.0000,-0.1270,-0.7180,-0.5292,0
 0.0006, 0.0000,-0.0062, 3.1415,-0.0291,-0.0000, 0.2539,-0.7180,-0.5285,0
 0.0006, 0.0000,-0.0062, 3.1415,-0.0058,-0.0000, 0.0181,-0.7180,-0.5277,0
 0.0006, 0.0000,-0.0062, 3.1415,-0.0011,-0.0000,-0.0290,-0.7180,-0.5270,0
 0.0005, 0.0000,-0.0062, 3.1415,-0.0062,-0.0000, 0.0280,-0.7180,-0.5263,0
 0.0006, 0.0000,-0.0062, 3.1415, 0.0048,-0.0000,-0.0894,-0.7180,-0.5256,0
 0.0004, 0.0000,-0.0062, 3.1415,-0.0111,-0.0000, 0.0824,-0.7180,-0.5249,0
 0.0008, 0.0000,-0.0031, 3.1415, 0.0280, 0.2513, 0.9587,-0.7172,-0.5242,0
 0.0007, 0.0000,-0.0031, 3.1415,-0.0004, 0.0502,-1.6280,-0.7180,-0.5234,0
 0.0006, 0.0000,-0.0031, 3.1415,-0.0061, 0.0100,-0.6680,-0.7180,-0.5227,0
 0.0004, 0.0000,-0.0031, 3.1415,-0.0194, 0.0020,-0.0444,-0.7180,-0.5220,0
 0.0003, 0.0000,-0.0031, 3.1415,-0.0099, 0.0004, 0.0183,-0.7180,-0.5213,0
 0.0003, 0.0000,-0.0031, 3.1415,-0.0080, 0.0000, 0.0468,-0.7180,-0.5206,0
 0.0003, 0.0000,-0.0031, 3.1415,-0.0016, 0.0000,-0.0075,-0.7180,-0.5198,0
 0.0000, 0.0000, 0.0000, 3.1415,-0.0245, 0.2513, 1.5211,-0.7172,-0.5191,0
 0.0003, 0.0000, 0.0000, 3.1415, 0.0193, 0.0502,-1.8031,-0.7180,-0.5184,0
 0.0001, 0.0000, 0.0000, 3.1415,-0.0082, 0.0100,-0.6120,-0.7180,-0.5177,0
 0.0000, 0.0000, 0.0000, 3.1415,-0.0077, 0.0020,-0.1377,-0.7180,-0.5170,0
-0.0003, 0.0000, 0.0000, 3.1415,-0.0318, 0.0004, 0.2861,-0.7180,-0.5163,0
-0.0003, 0.0000, 0.0031, 3.1415,-0.0063, 0.2514, 1.3251,-0.7172,-0.5155,0
-0.0003, 0.0000, 0.0031, 3.1415,-0.0012, 0.0502,-1.5605,-0.7180,-0.5148,0
-0.0004, 0.0000, 0.0031, 3.1415,-0.0123, 0.0100,-0.5310,-0.7180,-0.5141,0
-0.0006, 0.0000, 0.0031, 3.1415,-0.0146, 0.0020,-0.0223,-0.7180,-0.5134,0
-0.0007, 0.0000, 0.0031, 3.1415,-0.0150, 0.0004, 0.1464,-0.7180,-0.5127,0
-0.0007, 0.0000, 0.0031, 3.1415,-0.0030, 0.0000, 0.0671,-0.7180,-0.5119,0
-0.0006, 0.0000, 0.0062, 3.1415, 0.0054, 0.2513, 1.2193,-0.7171,-0.5112,0
-0.0006, 0.0000, 0.0062, 3.1415, 0.0071, 0.0502,-1.6272,-0.7180,-0.5105,0
-0.0006, 0.0000, 0.0031, 3.1415, 0.0014,-0.2412,-1.8851,-0.7172,-0.5098,0
-0.0006, 0.0000, 0.0031, 3.1415, 0.0002,-0.0482, 1.4232,-0.7180,-0.5091,0
-0.0003, 0.0000, 0.0062, 3.1415, 0.0182, 0.2416, 1.6879,-0.7172,-0.5084,0
-0.0003, 0.0000, 0.0062, 3.1415, 0.0097, 0.0483,-1.4790,-0.7180,-0.5076,0
-0.0004, 0.0000, 0.0062, 3.1415,-0.0101, 0.0096,-0.5004,-0.7180,-0.5069,0
-0.0006, 0.0000, 0.0062, 3.1415,-0.0141, 0.0019,-0.0133,-0.7180,-0.5062,0
-0.0006, 0.0000, 0.0062, 3.1415,-0.0088, 0.0003, 0.0823,-0.7180,-0.5055,0
-0.0006, 0.0000, 0.0062, 3.1415, 0.0042, 0.0000,-0.0161,-0.7180,-0.5048,0
-0.0009, 0.0000, 0.0062, 3.1415,-0.0294, 0.0000, 0.3613,-0.7180,-0.5040,0
-0.0009, 0.0000, 0.0062, 3.1415, 0.0001, 0.0000, 0.0587,-0.7180,-0.5033,0
-0.0006, 0.0000, 0.0062, 3.1415, 0.0182, 0.0000,-0.1387,-0.7180,-0.5026,0
-0.0006, 0.0000, 0.0062, 3.1415, 0.0036, 0.0000, 0.0089,-0.7180,-0.5019,0
-0.0006, 0.0000, 0.0062, 3.1415, 0.0067, 0.0000,-0.0279,-0.7180,-0.5012,0
-0.0008, 0.0000, 0.0062, 3.1415,-0.0168, 0.0000, 0.2265,-0.7180,-0.5005,0
-0.0004, 0.0000, 0.0062, 3.1415, 0.0269, 0.0000,-0.2422,-0.7180,-0.4997,0
-0.0005, 0.0000, 0.0062, 3.1415,-0.0006, 0.0000, 0.0425,-0.7180,-0.4990,0
-0.0003, 0.0000, 0.0062, 3.1415, 0.0119, 0.0000,-0.0959,-0.7180,-0.4983,0
-0.0006, 0.0000, 0.0062, 3.1415,-0.0218, 0.0000, 0.2672,-0.7180,-0.4976,0
-0.0003, 0.0000, 0.0062, 3.1415, 0.0259, 0.0000,-0.2422,-0.7180,-0.4969,0
-0.0006, 0.0000, 0.0062, 3.1415,-0.0190, 0.0000, 0.2338,-0.7180,-0.4961,0
-0.0003, 0.0000, 0.0062, 3.1415, 0.0143, 0.0000,-0.1200,-0.7180,-0.4954,0
-0.0007, 0.0000, 0.0062, 3.1415,-0.0274, 0.0000, 0.3288,-0.7180,-0.4947,0
-0.0002, 0.0000, 0.0062, 3.1415, 0.0369, 0.0000,-0.3588,-0.7180,-0.4940,0
-0.0006, 0.0000, 0.0062, 3.1415,-0.0289, 0.0000, 0.3394,-0.7180,-0.4933,0
-0.0003, 0.0000, 0.0062, 3.1415, 0.0245, 0.0000,-0.2278,-0.7180,-0.4926,0
-0.0006, 0.0000, 0.0062, 3.1415,-0.0193, 0.0000, 0.2367,-0.7180,-0.4918,0
-0.0003, 0.0000, 0.0062, 3.1415, 0.0143, 0.0000,-0.1194,-0.7180,-0.4911,0
-0.0006, 0.0000, 0.0062, 3.1415,-0.0153, 0.0000, 0.1960,-0.7180,-0.4904,0
-0.0003, 0.0000, 0.0031, 3.1415, 0.0151,-0.2513,-1.2481,-0.7172,-0.4897,0
-0.0006, 0.0000, 0.0031, 3.1415,-0.0151,-0.0502, 1.8116,-0.7180,-0.4890,0
-0.0003, 0.0000, 0.0031, 3.1415, 0.0151,-0.0100, 0.5635,-0.7180,-0.4882,0
-0.0003, 0.0000, 0.0031, 3.1415, 0.0090,-0.0020, 0.1402,-0.7180,-0.4875,0
 0.0001, 0.0000, 0.0031, 3.1415, 0.0381,-0.0004,-0.3398,-0.7180,-0.4868,0
 0.0000, 0.0000, 0.0000, 3.1415, 0.0015,-0.2514,-1.1085,-0.7172,-0.4861,0
 0.0000, 0.0000, 0.0000, 3.1415,-0.0057,-0.0502, 1.6826,-0.7180,-0.4854,0
 0.0003, 0.0000, 0.0000, 3.1415, 0.0291,-0.0100, 0.3722,-0.7180,-0.4847,0
 0.0003, 0.0000, 0.0000, 3.1415, 0.0058,-0.0020, 0.1276,-0.7180,-0.4839,0
 0.0004, 0.0000, 0.0000, 3.1415, 0.0072,-0.0004,-0.0466,-0.7180,-0.4832,0
 0.0003, 0.0000, 0.0000, 3.1415,-0.0106,-0.0000, 0.1021,-0.7180,-0.4825,0
 0.0007, 0.0000,-0.0031, 3.1415, 0.0342,-0.2513,-1.4738,-0.7172,-0.4818,0
 0.0006, 0.0000,-0.0031, 3.1415,-0.0052,-0.0502, 1.6388,-0.7180,-0.4811,0
 0.0008, 0.0000,-0.0031, 3.1415, 0.0171,-0.0100, 0.4637,-0.7180,-0.4803,0
 0.0006, 0.0000,-0.0031, 3.1415,-0.0086,-0.0020, 0.2544,-0.7180,-0.4796,0
 0.0012, 0.0000,-0.0031, 3.1415, 0.0407,-0.0004,-0.4366,-0.7180,-0.4789,0
 0.0009, 0.0000,-0.0062, 3.1415,-0.0100,-0.2514,-1.0111,-0.7171,-0.4782,0
 0.0011, 0.0000,-0.0062, 3.1415, 0.0101,-0.0502, 1.4535,-0.7180,-0.4775,0
 0.0012, 0.0000,-0.0062, 3.1415, 0.0141,-0.0100, 0.4646,-0.7180,-0.4768,0
 0.0012, 0.0000,-0.0062, 3.1415,-0.0032,-0.0020, 0.1636,-0.7180,-0.4760,0
 0.0012, 0.0000,-0.0062, 3.1415,-0.0006,-0.0004,-0.0178,-0.7180,-0.4753,0
 0.0012, 0.0000,-0.0062, 3.1415, 0.0059,-0.0000,-0.1324,-0.7180,-0.4746,0
 0.0012, 0.0000,-0.0062, 3.1415, 0.0011,-0.0000,-0.0953,-0.7180,-0.4739,0
 0.0010, 0.0000,-0.0062, 3.1415,-0.0179,-0.0000, 0.1111,-0.7180,-0.4732,0
 0.0010, 0.0000,-0.0062, 3.1415,-0.0035,-0.0000,-0.0349,-0.7180,-0.4724,0
 0.0009, 0.0000,-0.0062, 3.1415,-0.0128,-0.0000, 0.0688,-0.7180,-0.4717,0
 0.0009, 0.0000,-0.0062, 3.1415,-0.0025,-0.0000,-0.0352,-0.7180,-0.4710,0
 0.0006, 0.0000,-0.0062, 3.1415,-0.0187,-0.0000, 0.1434,-0.7180,-0.4703,0
 0.0009, 0.0000,-0.0062, 3.1415, 0.0144,-0.0000,-0.2075,-0.7180,-0.4696,0
 0.0006, 0.0000,-0.0062, 3.1415,-0.0153,-0.0000, 0.1089,-0.7180,-0.4689,0
 0.0009, 0.0000,-0.0062, 3.1415, 0.0151,-0.0000,-0.2144,-0.7180,-0.4681,0
 0.0005, 0.0000,-0.0062, 3.1415,-0.0272,-0.0000, 0.2405,-0.7180,-0.4674,0
 0.0009, 0.0000,-0.0062, 3.1415, 0.0248,-0.0000,-0.3129,-0.7180,-0.4667,0
 0.0006, 0.0000,-0.0062, 3.1415,-0.0192,-0.0000, 0.1543,-0.7180,-0.4660,0
 0.0008, 0.0000,-0.0031, 3.1415, 0.0143, 0.2513, 0.7926,-0.7172,-0.4653,0
 0.0006, 0.0000,-0.0062, 3.1415,-0.0092,-0.2010,-2.5827,-0.7175,-0.4645,0
 0.0009, 0.0000,-0.0062, 3.1415, 0.0163,-0.0402, 0.7200,-0.7180,-0.4638,0
 0.0009, 0.0000,-0.0062, 3.1415, 0.0032,-0.0080, 0.3894,-0.7180,-0.4631,0
 0.0012, 0.0000,-0.0062, 3.1415, 0.0249,-0.0016,-0.1781,-0.7180,-0.4624,0
 0.0010, 0.0000,-0.0062, 3.1415,-0.0071,-0.0003, 0.0438,-0.7180,-0.4617,0
 0.0013, 0.0000,-0.0062, 3.1415, 0.0228,-0.0000,-0.3120,-0.7180,-0.4610,0
 0.0010, 0.0000,-0.0062, 3.1415,-0.0196,-0.0000, 0.1305,-0.7180,-0.4602,0
 0.0012, 0.0000,-0.0062, 3.1415, 0.0142,-0.0000,-0.2304,-0.7180,-0.4595,0
 0.0010, 0.0000,-0.0062, 3.1415,-0.0153,-0.0000, 0.0840,-0.7180,-0.4588,0
 0.0012, 0.0000,-0.0031, 3.1415, 0.0151, 0.2513, 0.7169,-0.7172,-0.4581,0
 0.0012, 0.0000,-0.0031, 3.1415,-0.0030, 0.0502,-1.7008,-0.7180,-0.4574,0
 0.0012, 0.0000,-0.0031, 3.1415,-0.0006, 0.0100,-0.7736,-0.7180,-0.4566,0
 0.0009, 0.0000,-0.0031, 3.1415,-0.0183, 0.0020,-0.0941,-0.7180,-0.4559,0
 0.0008, 0.0000,-0.0031, 3.1415,-0.0157, 0.0004, 0.0463,-0.7180,-0.4552,0
 0.0007, 0.0000, 0.0000, 3.1415,-0.0092, 0.2514, 0.9660,-0.7172,-0.4545,0
 0.0008, 0.0000, 0.0000, 3.1415, 0.0042, 0.0502,-1.7560,-0.7180,-0.4538,0
 0.0005, 0.0000, 0.0000, 3.1415,-0.0234, 0.0100,-0.4983,-0.7180,-0.4531,0
 0.0003, 0.0000, 0.0000, 3.1415,-0.0168, 0.0020,-0.0689,-0.7180,-0.4523,0
 0.0001, 0.0000, 0.0000, 3.1415,-0.0215, 0.0004, 0.1505,-0.7180,-0.4516,0
 0.0001, 0.0000, 0.0031, 3.1415,-0.0043, 0.2514, 0.9384,-0.7172,-0.4509,0
 0.0000, 0.0000, 0.0031, 3.1415,-0.0129, 0.0502,-1.5293,-0.7180,-0.4502,0
-0.0001, 0.0000, 0.0031, 3.1415,-0.0147, 0.0100,-0.5411,-0.7180,-0.4495,0
-0.0003, 0.0000, 0.0031, 3.1415,-0.0211, 0.0020, 0.0257,-0.7180,-0.4488,0
-0.0002, 0.0000, 0.0031, 3.1415, 0.0078, 0.0004,-0.1221,-0.7180,-0.4480,0
-0.0004, 0.0000, 0.0062, 3.1415,-0.0166, 0.2514, 1.0852,-0.7171,-0.4473,0
-0.0003, 0.0000, 0.0062, 3.1415, 0.0027, 0.0502,-1.6668,-0.7180,-0.4466,0
-0.0006, 0.0000, 0.0062, 3.1415,-0.0176, 0.0100,-0.4816,-0.7180,-0.4459,0
-0.0006, 0.0000, 0.0062, 3.1415,-0.0095, 0.0020,-0.0708,-0.7180,-0.4452,0
-0.0009, 0.0000, 0.0062, 3.1415,-0.0201, 0.0004, 0.2073,-0.7180,-0.4444,0
-0.0008, 0.0000, 0.0094, 3.1415, 0.0020, 0.2514, 0.9033,-0.7171,-0.4437,0
-0.0010, 0.0000, 0.0094, 3.1415,-0.0177, 0.0502,-1.4167,-0.7180,-0.4430,0
-0.0011, 0.0000, 0.0094, 3.1415,-0.0096, 0.0100,-0.5278,-0.7180,-0.4423,0
-0.0012, 0.0000, 0.0094, 3.1415,-0.0079, 0.0020,-0.0514,-0.7180,-0.4416,0
-0.0015, 0.0000, 0.0094, 3.1415,-0.0258, 0.0004, 0.3062,-0.7180,-0.4409,0
-0.0015, 0.0000, 0.0094, 3.1415,-0.0051, 0.0000, 0.1399,-0.7180,-0.4401,0
-0.0015, 0.0000, 0.0094, 3.1415,-0.0010, 0.0000, 0.1090,-0.7180,-0.4394,0
-0.0013, 0.0000, 0.0094, 3.1415, 0.0119, 0.0000,-0.0296,-0.7180,-0.4387,0
-0.0013, 0.0000, 0.0094, 3.1415, 0.0023, 0.0000, 0.0675,-0.7180,-0.4380,0
-0.0010, 0.0000, 0.0094, 3.1415, 0.0247, 0.0000,-0.1789,-0.7180,-0.4373,0
-0.0011, 0.0000, 0.0094, 3.1415,-0.0011, 0.0000, 0.0878,-0.7180,-0.4365,0
-0.0009, 0.0000, 0.0094, 3.1415, 0.0119, 0.0000,-0.0541,-0.7180,-0.4358,0
-0.0010, 0.0000, 0.0094, 3.1415,-0.0036, 0.0000, 0.1087,-0.7180,-0.4351,0
-0.0009, 0.0000, 0.0094, 3.1415, 0.0053, 0.0000, 0.0124,-0.7180,-0.4344,0
-0.0007, 0.0000, 0.0062, 3.1415, 0.0192,-0.2513,-0.9741,-0.7171,-0.4337,0
-0.0009, 0.0000, 0.0062, 3.1415,-0.0082,-0.0502, 1.8202,-0.7180,-0.4330,0
-0.0005, 0.0000, 0.0062, 3.1415, 0.0286,-0.0100, 0.4486,-0.7180,-0.4322,0
-0.0003, 0.0000, 0.0062, 3.1415, 0.0178,-0.0020, 0.0589,-0.7180,-0.4315,0
 0.0000, 0.0000, 0.0031, 3.1415, 0.0338,-0.2517,-1.1008,-0.7172,-0.4308,0
 0.0000, 0.0000, 0.0031, 3.1415, 0.0128,-0.0503, 1.5576,-0.7180,-0.4301,0
 0.0003, 0.0000, 0.0031, 3.1415, 0.0207,-0.0100, 0.4766,-0.7180,-0.4294,0
 0.0006, 0.0000, 0.0000, 3.1415, 0.0344,-0.2533,-0.9839,-0.7171,-0.4286,0
 0.0006, 0.0000, 0.0000, 3.1415, 0.0068,-0.0506, 1.6225,-0.7180,-0.4279,0
 0.0010, 0.0000, 0.0000, 3.1415, 0.0316,-0.0101, 0.3263,-0.7180,-0.4272,0
 0.0011, 0.0000, 0.0000, 3.1415, 0.0124,-0.0020, 0.0158,-0.7180,-0.4265,0
 0.0014, 0.0000,-0.0031, 3.1415, 0.0267,-0.2517,-1.0984,-0.7172,-0.4258,0
 0.0016, 0.0000,-0.0031, 3.1415, 0.0235,-0.0503, 1.3475,-0.7180,-0.4251,0
 0.0019, 0.0000,-0.0031, 3.1415, 0.0289,-0.0100, 0.2823,-0.7180,-0.4243,0
 0.0021, 0.0000,-0.0062, 3.1415, 0.0239,-0.2533,-0.9536,-0.7171,-0.4236,0
 0.0022, 0.0000,-0.0062, 3.1415, 0.0108,-0.0506, 1.4804,-0.7180,-0.4229,0
 0.0026, 0.0000,-0.0062, 3.1415, 0.0324,-0.0101, 0.2121,-0.7180,-0.4222,0
 0.0027, 0.0000,-0.0094, 3.1415, 0.0125,-0.2533,-0.8598,-0.7171,-0.4215,0
 0.0027, 0.0000,-0.0094, 3.1415, 0.0025,-0.0506, 1.5371,-0.7180,-0.4207,0
 0.0030, 0.0000,-0.0094, 3.1415, 0.0247,-0.0101, 0.2655,-0.7180,-0.4200,0
 0.0032, 0.0000,-0.0094, 3.1415, 0.0231,-0.0020,-0.2355,-0.7180,-0.4193,0
 0.0034, 0.0000,-0.0094, 3.1415, 0.0167,-0.0004,-0.3408,-0.7180,-0.4186,0
 0.0033, 0.0000,-0.0125, 3.1415,-0.0027,-0.2514,-0.9308,-0.7171,-0.4179,0
 0.0032, 0.0000,-0.0094, 3.1415,-0.0066, 0.2010, 2.2850,-0.7174,-0.4172,0
 0.0033, 0.0000,-0.0094, 3.1415, 0.0047, 0.0402,-1.2577,-0.7180,-0.4164,0
 0.0031, 0.0000,-0.0094, 3.1415,-0.0172, 0.0080,-0.5261,-0.7180,-0.4157,0
 0.0028, 0.0000,-0.0094, 3.1415,-0.0277, 0.0016,-0.0655,-0.7180,-0.4150,0
 0.0026, 0.0000,-0.0094, 3.1415,-0.0176, 0.0003,-0.0429,-0.7180,-0.4143,0
 0.0025, 0.0000,-0.0062, 3.1415,-0.0156, 0.2513, 0.7051,-0.7171,-0.4136,0
 0.0024, 0.0000,-0.0062, 3.1415,-0.0091, 0.0502,-1.7689,-0.7180,-0.4128,0
 0.0020, 0.0000,-0.0062, 3.1415,-0.0321, 0.0100,-0.5201,-0.7180,-0.4121,0
 0.0016, 0.0000,-0.0031, 3.1415,-0.0367, 0.2533, 0.7594,-0.7171,-0.4114,0
 0.0016, 0.0000,-0.0031, 3.1415,-0.0073, 0.0506,-1.7940,-0.7180,-0.4107,0
 0.0013, 0.0000,-0.0031, 3.1415,-0.0257, 0.0101,-0.5536,-0.7180,-0.4100,0
 0.0009, 0.0000, 0.0000, 3.1415,-0.0415, 0.2533, 0.8442,-0.7171,-0.4093,0
 0.0007, 0.0000, 0.0000, 3.1415,-0.0204, 0.0506,-1.6033,-0.7180,-0.4085,0
 0.0004, 0.0000, 0.0000, 3.1415,-0.0283, 0.0101,-0.4665,-0.7180,-0.4078,0
 0.0000, 0.0000, 0.0031, 3.1415,-0.0359, 0.2533, 0.8329,-0.7171,-0.4071,0
 0.0000, 0.0000, 0.0031, 3.1415,-0.0132, 0.0506,-1.6271,-0.7180,-0.4064,0
-0.0005, 0.0000, 0.0031, 3.1415,-0.0450, 0.0101,-0.2310,-0.7180,-0.4057,0
-0.0009, 0.0000, 0.0062, 3.1415,-0.0393, 0.2533, 0.9220,-0.7171,-0.4049,0
-0.0010, 0.0000, 0.0062, 3.1415,-0.0199, 0.0506,-1.4897,-0.7180,-0.4042,0
-0.0015, 0.0000, 0.0094, 3.1415,-0.0403, 0.2614, 0.4616,-0.7171,-0.4035,0
-0.0015, 0.0000, 0.0094, 3.1415,-0.0080, 0.0522,-1.7415,-0.7180,-0.4028,0
-0.0017, 0.0000, 0.0094, 3.1415,-0.0198, 0.0104,-0.4500,-0.7180,-0.4021,0
-0.0021, 0.0000, 0.0094, 3.1415,-0.0342, 0.0020, 0.2597,-0.7180,-0.4014,0
-0.0021, 0.0000, 0.0125, 3.1415,-0.0068, 0.2517, 0.8100,-0.7171,-0.4006,0
-0.0020, 0.0000, 0.0125, 3.1415, 0.0046, 0.0503,-1.6344,-0.7179,-0.3999,0
-0.0021, 0.0000, 0.0125, 3.1415,-0.0111, 0.0100,-0.4523,-0.7180,-0.3992,0
-0.0023, 0.0000, 0.0125, 3.1415,-0.0143, 0.0020, 0.0871,-0.7180,-0.3985,0
-0.0021, 0.0000, 0.0125, 3.1415, 0.0153, 0.0004,-0.0702,-0.7180,-0.3978,0
-0.0021, 0.0000, 0.0125, 3.1415, 0.0030, 0.0000, 0.0973,-0.7180,-0.3970,0
-0.0022, 0.0000, 0.0125, 3.1415,-0.0115, 0.0000, 0.2661,-0.7180,-0.3963,0
-0.0020, 0.0000, 0.0125, 3.1415, 0.0158, 0.0000,-0.0238,-0.7180,-0.3956,0
-0.0020, 0.0000, 0.0094, 3.1415, 0.0031,-0.2513,-0.5239,-0.7171,-0.3949,0
-0.0020, 0.0000, 0.0094, 3.1415, 0.0006,-0.0502, 1.8467,-0.7180,-0.3942,0
-0.0018, 0.0000, 0.0094, 3.1415, 0.0122,-0.0100, 0.7146,-0.7180,-0.3935,0
-0.0018, 0.0000, 0.0094, 3.1415, 0.0024,-0.0020, 0.3186,-0.7180,-0.3927,0
-0.0015, 0.0000, 0.0094, 3.1415, 0.0308,-0.0004,-0.1519,-0.7180,-0.3920,0
-0.0015, 0.0000, 0.0094, 3.1415, 0.0061,-0.0000, 0.0542,-0.7180,-0.3913,0
-0.0013, 0.0000, 0.0062, 3.1415, 0.0133,-0.2513,-0.6468,-0.7171,-0.3906,0
-0.0012, 0.0000, 0.0062, 3.1415, 0.0087,-0.0502, 1.7190,-0.7180,-0.3899,0
-0.0010, 0.0000, 0.0062, 3.1415, 0.0199,-0.0100, 0.5818,-0.7180,-0.3891,0
-0.0009, 0.0000, 0.0062, 3.1415, 0.0100,-0.0020, 0.1806,-0.7180,-0.3884,0
-0.0008, 0.0000, 0.0031, 3.1415, 0.0141,-0.2517,-0.6210,-0.7172,-0.3877,0
-0.0006, 0.0000, 0.0031, 3.1415, 0.0149,-0.0503, 1.6320,-0.7180,-0.3870,0
-0.0003, 0.0000, 0.0031, 3.1415, 0.0272,-0.0100, 0.4658,-0.7180,-0.3863,0
 0.0000, 0.0000, 0.0000, 3.1415, 0.0357,-0.2533,-0.7260,-0.7171,-0.3856,0
 0.0000, 0.0000, 0.0000, 3.1415, 0.0132,-0.0506, 1.6444,-0.7180,-0.3848,0
 0.0002, 0.0000, 0.0000, 3.1415, 0.0147,-0.0101, 0.5628,-0.7180,-0.3841,0
 0.0006, 0.0000,-0.0031, 3.1415, 0.0332,-0.2533,-0.7276,-0.7171,-0.3834,0
 0.0006, 0.0000,-0.0031, 3.1415, 0.0127,-0.0506, 1.6115,-0.7180,-0.3827,0
 0.0009, 0.0000,-0.0031, 3.1415, 0.0207,-0.0101, 0.4571,-0.7180,-0.3820,0
 0.0010, 0.0000,-0.0062, 3.1415, 0.0162,-0.2533,-0.5749,-0.7171,-0.3813,0
 0.0012, 0.0000,-0.0062, 3.1415, 0.0153,-0.0506, 1.5510,-0.7180,-0.3805,0
 0.0014, 0.0000,-0.0062, 3.1415, 0.0212,-0.0101, 0.4164,-0.7180,-0.3798,0
 0.0015, 0.0000,-0.0094, 3.1415, 0.0103,-0.2533,-0.5340,-0.7171,-0.3791,0
 0.0015, 0.0000,-0.0094, 3.1415, 0.0020,-0.0506, 1.6676,-0.7180,-0.3784,0
 0.0017, 0.0000,-0.0094, 3.1415, 0.0186,-0.0101, 0.4234,-0.7180,-0.3777,0
 0.0019, 0.0000,-0.0094, 3.1415, 0.0219,-0.0020,-0.1345,-0.7180,-0.3769,0
 0.0021, 0.0000,-0.0125, 3.1415, 0.0165,-0.2517,-0.7837,-0.7171,-0.3762,0
 0.0020, 0.0000,-0.0125, 3.1415,-0.0027,-0.0503, 1.6395,-0.7179,-0.3755,0
 0.0020, 0.0000,-0.0125, 3.1415,-0.0005,-0.0100, 0.5863,-0.7180,-0.3748,0
 0.0022, 0.0000,-0.0125, 3.1415, 0.0180,-0.0020,-0.1187,-0.7180,-0.3741,0
 0.0021, 0.0000,-0.0125, 3.1415,-0.0024,-0.0004,-0.0649,-0.7180,-0.3734,0
 0.0019, 0.0000,-0.0125, 3.1415,-0.0186,-0.0000, 0.0710,-0.7180,-0.3726,0
 0.0020, 0.0000,-0.0125, 3.1415, 0.0023,-0.0000,-0.1578,-0.7180,-0.3719,0
 0.0021, 0.0000,-0.0094, 3.1415, 0.0065, 0.2513, 0.2983,-0.7171,-0.3712,0
 0.0020, 0.0000,-0.0094, 3.1415,-0.0047, 0.0502,-1.8294,-0.7180,-0.3705,0
 0.0017, 0.0000,-0.0094, 3.1415,-0.0252, 0.0100,-0.5782,-0.7180,-0.3698,0
 0.0015, 0.0000,-0.0094, 3.1415,-0.0171, 0.0020,-0.1501,-0.7180,-0.3690,0
 0.0013, 0.0000,-0.0062, 3.1415,-0.0216, 0.2517, 0.5605,-0.7171,-0.3683,0
 0.0012, 0.0000,-0.0062, 3.1415,-0.0164, 0.0503,-1.6726,-0.7180,-0.3676,0
 0.0008, 0.0000,-0.0062, 3.1415,-0.0336, 0.0100,-0.4360,-0.7180,-0.3669,0
 0.0005, 0.0000,-0.0031, 3.1415,-0.0309, 0.2533, 0.5405,-0.7171,-0.3662,0
 0.0004, 0.0000,-0.0031, 3.1415,-0.0122, 0.0506,-1.7100,-0.7180,-0.3655,0
 0.0001, 0.0000,-0.0031, 3.1415,-0.0267, 0.0101,-0.4715,-0.7180,-0.3647,0
-0.0003, 0.0000, 0.0000, 3.1415,-0.0417, 0.2533, 0.6914,-0.7171,-0.3640,0
-0.0005, 0.0000, 0.0000, 3.1415,-0.0265, 0.0506,-1.5020,-0.7180,-0.3633,0
-0.0006, 0.0000, 0.0000, 3.1415,-0.0174, 0.0101,-0.5099,-0.7180,-0.3626,0
-0.0012, 0.0000, 0.0031, 3.1415,-0.0459, 0.2533, 0.7840,-0.7171,-0.3619,0
-0.0012, 0.0000, 0.0031, 3.1415,-0.0091, 0.0506,-1.6340,-0.7180,-0.3611,0
-0.0016, 0.0000, 0.0031, 3.1415,-0.0382, 0.0101,-0.2335,-0.7180,-0.3604,0
-0.0020, 0.0000, 0.0062, 3.1415,-0.0379, 0.2533, 0.7482,-0.7171,-0.3597,0
-0.0020, 0.0000, 0.0062, 3.1415,-0.0075, 0.0506,-1.5962,-0.7180,-0.3590,0
-0.0023, 0.0000, 0.0062, 3.1415,-0.0257, 0.0101,-0.3140,-0.7180,-0.3583,0
-0.0027, 0.0000, 0.0094, 3.1415,-0.0354, 0.2533, 0.7578,-0.7171,-0.3576,0
-0.0027, 0.0000, 0.0094, 3.1415,-0.0070, 0.0506,-1.5575,-0.7180,-0.3568,0
-0.0030, 0.0000, 0.0094, 3.1415,-0.0256, 0.0101,-0.2695,-0.7180,-0.3561,0
-0.0032, 0.0000, 0.0094, 3.1415,-0.0233, 0.0020, 0.2346,-0.7180,-0.3554,0
-0.0032, 0.0000, 0.0125, 3.1415,-0.0046, 0.2517, 0.6285,-0.7171,-0.3547,0
-0.0032, 0.0000, 0.0125, 3.1415,-0.0009, 0.0503,-1.5428,-0.7179,-0.3540,0
-0.0032, 0.0000, 0.0125, 3.1415,-0.0001, 0.0100,-0.5016,-0.7180,-0.3532,0
-0.0033, 0.0000, 0.0125, 3.1415,-0.0061, 0.0020, 0.0680,-0.7180,-0.3525,0
-0.0033, 0.0000, 0.0125, 3.1415,-0.0012, 0.0004, 0.1785,-0.7180,-0.3518,0
-0.0031, 0.0000, 0.0125, 3.1415, 0.0118, 0.0000, 0.0794,-0.7180,-0.3511,0
-0.0029, 0.0000, 0.0125, 3.1415, 0.0205, 0.0000,-0.0127,-0.7180,-0.3504,0
-0.0030, 0.0000, 0.0094, 3.1415,-0.0019,-0.2513,-0.1717,-0.7171,-0.3497,0
-0.0030, 0.0000, 0.0094, 3.1415,-0.0003,-0.0502, 1.9702,-0.7180,-0.3489,0
-0.0027, 0.0000, 0.0094, 3.1415, 0.0241,-0.0100, 0.6594,-0.7180,-0.3482,0
-0.0025, 0.0000, 0.0094, 3.1415, 0.0230,-0.0020, 0.1530,-0.7180,-0.3475,0
-0.0023, 0.0000, 0.0094, 3.1415, 0.0167,-0.0004, 0.0470,-0.7180,-0.3468,0
-0.0021, 0.0000, 0.0062, 3.1415, 0.0215,-0.2514,-0.4366,-0.7171,-0.3461,0
-0.0018, 0.0000, 0.0062, 3.1415, 0.0285,-0.0502, 1.6029,-0.7180,-0.3453,0
-0.0012, 0.0000, 0.0062, 3.1415, 0.0481,-0.0100, 0.3213,-0.7180,-0.3446,0
-0.0009, 0.0000, 0.0031, 3.1415, 0.0338,-0.2533,-0.4236,-0.7171,-0.3439,0
-0.0009, 0.0000, 0.0031, 3.1415, 0.0128,-0.0506, 1.7579,-0.7180,-0.3432,0
-0.0004, 0.0000, 0.0000, 3.1415, 0.0389,-0.2614, 0.0146,-0.7171,-0.3425,0
-0.0000, 0.0000, 0.0000, 3.1415, 0.0381,-0.0522, 1.6106,-0.7180,-0.3418,0
 0.0004, 0.0000,-0.0031, 3.1415, 0.0500,-0.2617,-0.1068,-0.7171,-0.3410,0
 0.0005, 0.0000,-0.0031, 3.1415, 0.0160,-0.0523, 1.8056,-0.7180,-0.3403,0
 0.0009, 0.0000,-0.0062, 3.1415, 0.0395,-0.2617,-0.0261,-0.7171,-0.3396,0
 0.0012, 0.0000,-0.0062, 3.1415, 0.0261,-0.0523, 1.6602,-0.7180,-0.3389,0
 0.0015, 0.0000,-0.0062, 3.1415, 0.0355,-0.0104, 0.3176,-0.7180,-0.3382,0
 0.0017, 0.0000,-0.0062, 3.1415, 0.0192,-0.0020,-0.0785,-0.7180,-0.3374,0
 0.0018, 0.0000,-0.0094, 3.1415, 0.0159,-0.2517,-0.5550,-0.7171,-0.3367,0
 0.0019, 0.0000,-0.0094, 3.1415, 0.0092,-0.0503, 1.5647,-0.7180,-0.3360,0
 0.0021, 0.0000,-0.0094, 3.1415, 0.0139,-0.0100, 0.4424,-0.7180,-0.3353,0
 0.0020, 0.0000,-0.0094, 3.1415,-0.0032,-0.0020, 0.1144,-0.7180,-0.3346,0
 0.0022, 0.0000,-0.0094, 3.1415, 0.0175,-0.0004,-0.2721,-0.7180,-0.3339,0
 0.0022, 0.0000,-0.0125, 3.1415, 0.0035,-0.2514,-0.4831,-0.7171,-0.3331,0
 0.0023, 0.0000,-0.0125, 3.1415, 0.0067,-0.0502, 1.5561,-0.7180,-0.3324,0
 0.0025, 0.0000,-0.0125, 3.1415, 0.0134,-0.0100, 0.4198,-0.7180,-0.3317,0
 0.0025, 0.0000,-0.0094, 3.1415, 0.0087, 0.2493, 0.2543,-0.7171,-0.3310,0
 0.0026, 0.0000,-0.0125, 3.1415, 0.0078,-0.2014,-2.2730,-0.7174,-0.3303,0
 0.0025, 0.0000,-0.0125, 3.1415,-0.0105,-0.0402, 1.0111,-0.7180,-0.3295,0
 0.0026, 0.0000,-0.0125, 3.1415, 0.0100,-0.0080, 0.2295,-0.7180,-0.3288,0
 0.0029, 0.0000,-0.0125, 3.1415, 0.0262,-0.0016,-0.3039,-0.7180,-0.3281,0
 0.0029, 0.0000,-0.0125, 3.1415, 0.0052,-0.0003,-0.2082,-0.7180,-0.3274,0
 0.0027, 0.0000,-0.0125, 3.1415,-0.0171,-0.0000, 0.0009,-0.7180,-0.3267,0
 0.0030, 0.0000,-0.0125, 3.1415, 0.0208,-0.0000,-0.4123,-0.7180,-0.3260,0
 0.0029, 0.0000,-0.0094, 3.1415,-0.0018, 0.2513, 0.0891,-0.7171,-0.3252,0
 0.0028, 0.0000,-0.0094, 3.1415,-0.0064, 0.0502,-1.9161,-0.7180,-0.3245,0
 0.0026, 0.0000,-0.0094, 3.1415,-0.0194, 0.0100,-0.7069,-0.7180,-0.3238,0
 0.0027, 0.0000,-0.0094, 3.1415, 0.0021, 0.0020,-0.4244,-0.7180,-0.3231,0
 0.0022, 0.0000,-0.0062, 3.1415,-0.0359, 0.2517, 0.4057,-0.7171,-0.3224,0
 0.0023, 0.0000,-0.0062, 3.1415,-0.0011, 0.0503,-1.9521,-0.7180,-0.3216,0
 0.0019, 0.0000,-0.0031, 3.1415,-0.0305, 0.2613,-0.3068,-0.7171,-0.3209,0
 0.0015, 0.0000,-0.0031, 3.1415,-0.0424, 0.0522,-1.6837,-0.7180,-0.3202,0
 0.0010, 0.0000, 0.0000, 3.1415,-0.0448, 0.2617,-0.1633,-0.7171,-0.3195,0
 0.0006, 0.0000, 0.0000, 3.1415,-0.0453, 0.0523,-1.6088,-0.7180,-0.3188,0
-0.0000, 0.0000, 0.0031, 3.1415,-0.0636, 0.2617, 0.0920,-0.7171,-0.3181,0
-0.0006, 0.0000, 0.0062, 3.1415,-0.0551, 0.3036,-1.1995,-0.7167,-0.3173,0
-0.0010, 0.0000, 0.0094, 3.1415,-0.0474, 0.3120,-1.8059,-0.7166,-0.3166,0
-0.0017, 0.0000, 0.0094, 3.1415,-0.0640, 0.0624,-1.9923,-0.7180,-0.3159,0
-0.0025, 0.0000, 0.0125, 3.1415,-0.0795, 0.2638, 0.1867,-0.7170,-0.3152,0
-0.0028, 0.0000, 0.0157, 3.1415,-0.0401, 0.3040,-1.2744,-0.7167,-0.3145,0
-0.0034, 0.0000, 0.0188, 3.1415,-0.0565, 0.3121,-1.5825,-0.7166,-0.3138,0
-0.0042, 0.0000, 0.0188, 3.1415,-0.0719, 0.0624,-1.7508,-0.7179,-0.3130,0
-0.0049, 0.0000, 0.0219, 3.1415,-0.0689, 0.2638, 0.2224,-0.7169,-0.3123,0
-0.0051, 0.0000, 0.0251, 3.1415,-0.0319, 0.3040,-1.2211,-0.7165,-0.3116,0
-0.0058, 0.0000, 0.0251, 3.1415,-0.0609, 0.0608,-1.5957,-0.7178,-0.3109,0
-0.0064, 0.0000, 0.0282, 3.1415,-0.0607, 0.2634, 0.2738,-0.7168,-0.3102,0
-0.0065, 0.0000, 0.0282, 3.1415,-0.0182, 0.0526,-1.4614,-0.7177,-0.3094,0
-0.0069, 0.0000, 0.0282, 3.1415,-0.0400, 0.0105, 0.0720,-0.7178,-0.3087,0
-0.0070, 0.0000, 0.0314, 3.1415,-0.0140, 0.2534, 0.5598,-0.7168,-0.3080,0
-0.0069, 0.0000, 0.0314, 3.1415, 0.0032, 0.0506,-1.4306,-0.7177,-0.3073,0
-0.0069, 0.0000, 0.0282, 3.1415, 0.0006,-0.2411,-0.4539,-0.7169,-0.3066,0
-0.0073, 0.0000, 0.0282, 3.1415,-0.0301,-0.0482, 2.3836,-0.7177,-0.3059,0
-0.0067, 0.0000, 0.0282, 3.1415, 0.0424,-0.0096, 0.6939,-0.7178,-0.3051,0
-0.0066, 0.0000, 0.0282, 3.1415, 0.0145,-0.0019, 0.5063,-0.7178,-0.3044,0
-0.0065, 0.0000, 0.0251, 3.1415, 0.0089,-0.2517, 0.2504,-0.7169,-0.3037,0
-0.0061, 0.0000, 0.0251, 3.1415, 0.0381,-0.0503, 1.8499,-0.7178,-0.3030,0
-0.0053, 0.0000, 0.0219, 3.1415, 0.0743,-0.2613, 0.1873,-0.7169,-0.3023,0
-0.0049, 0.0000, 0.0188, 3.1415, 0.0451,-0.3036, 1.7561,-0.7166,-0.3015,0
-0.0040, 0.0000, 0.0157, 3.1415, 0.0757,-0.3120, 1.9636,-0.7166,-0.3008,0
-0.0031, 0.0000, 0.0094, 3.1415, 0.0939,-0.5650, 1.7164,-0.7135,-0.3001,0
-0.0019, 0.0000, 0.0062, 3.1415, 0.1097,-0.3643, 3.5180,-0.7162,-0.2994,0
-0.0010, 0.0000, 0.0031, 3.1415, 0.0947,-0.3241, 2.5470,-0.7166,-0.2987,0
 0.0003, 0.0000,-0.0031, 3.1415, 0.1341,-0.5674, 1.3823,-0.7135,-0.2980,0
 0.0018, 0.0000,-0.0094, 3.1415, 0.1420,-0.6161, 2.8545,-0.7127,-0.2972,0
 0.0031, 0.0000,-0.0157, 3.1415, 0.1375,-0.6258, 3.5005,-0.7125,-0.2965,0
 0.0046, 0.0000,-0.0219, 3.1415, 0.1487,-0.6278, 3.5006,-0.7124,-0.2958,0
 0.0063, 0.0000,-0.0251, 3.1415, 0.1631,-0.3768, 3.4707,-0.7158,-0.2951,0
 0.0083, 0.0000,-0.0345, 3.1415, 0.1902,-0.8293, 0.9042,-0.7080,-0.2944,0
 0.0100, 0.0000,-0.0408, 3.1415, 0.1775,-0.6685, 4.0126,-0.7112,-0.2936,0
 0.0120, 0.0000,-0.0471, 3.1415, 0.1931,-0.6363, 3.1644,-0.7116,-0.2929,0
 0.0144, 0.0000,-0.0534, 3.1415, 0.2265,-0.6299, 2.3246,-0.7115,-0.2922,0
 0.0167, 0.0000,-0.0628, 3.1415, 0.2332,-0.8799, 1.7659,-0.7058,-0.2915,0
 0.0189, 0.0000,-0.0691, 3.1415, 0.2224,-0.6786, 3.7142,-0.7099,-0.2908,0
 0.0212, 0.0000,-0.0785, 3.1415, 0.2324,-0.8897, 2.1574,-0.7047,-0.2901,0
 0.0239, 0.0000,-0.0848, 3.1415, 0.2587,-0.6805, 3.2187,-0.7090,-0.2893,0
 0.0266, 0.0000,-0.0911, 3.1415, 0.2639,-0.6387, 1.7565,-0.7094,-0.2886,0
 0.0290, 0.0000,-0.1005, 3.1415, 0.2468,-0.8817, 1.0028,-0.7035,-0.2879,0
 0.0317, 0.0000,-0.1068, 3.1415, 0.2676,-0.6790, 2.4400,-0.7075,-0.2872,0
 0.0346, 0.0000,-0.1130, 3.1415, 0.2839,-0.6384, 0.9644,-0.7077,-0.2865,0
 0.0375, 0.0000,-0.1193, 3.1415, 0.2932,-0.6303, 0.1515,-0.7074,-0.2857,0
 0.0400, 0.0000,-0.1288, 3.1415, 0.2587,-0.8800,-0.0410,-0.7013,-0.2850,0
 0.0425, 0.0000,-0.1319, 3.1415, 0.2518,-0.4273, 1.9587,-0.7092,-0.2843,0
 0.0454, 0.0000,-0.1382, 3.1415, 0.2807,-0.5881,-1.5460,-0.7064,-0.2836,0
 0.0478, 0.0000,-0.1445, 3.1415, 0.2441,-0.6202,-0.7757,-0.7052,-0.2829,0
 0.0496, 0.0000,-0.1445, 3.1415, 0.1943,-0.1240, 0.1795,-0.7103,-0.2822,0
 0.0520, 0.0000,-0.1476, 3.1415, 0.2328,-0.2761,-3.9492,-0.7092,-0.2814,0
 0.0538, 0.0000,-0.1507, 3.1415, 0.1860,-0.3065,-3.2054,-0.7086,-0.2807,0
 0.0550, 0.0000,-0.1507, 3.1415, 0.1342,-0.0613,-2.3832,-0.7098,-0.2800,0
 0.0564, 0.0000,-0.1476, 3.1415, 0.1420, 0.2390,-4.1900,-0.7094,-0.2793,0
 0.0571, 0.0000,-0.1445, 3.1415, 0.0829, 0.2991,-4.6799,-0.7093,-0.2786,0
 0.0575, 0.0000,-0.1382, 3.1415, 0.0469, 0.5624,-4.6799,-0.7068,-0.2778,0
 0.0579, 0.0000,-0.1319, 3.1415, 0.0396, 0.6151,-4.6799,-0.7065,-0.2771,0
 0.0573, 0.0000,-0.1256, 3.1415,-0.0345, 0.6256,-4.6799,-0.7069,-0.2764,0
 0.0569, 0.0000,-0.1162, 3.1415,-0.0432, 0.8791,-4.6799,-0.7024,-0.2757,0
 0.0564, 0.0000,-0.1036, 3.1415,-0.0450, 1.1811,-4.6799,-0.6947,-0.2750,0
 0.0553, 0.0000,-0.0942, 3.1415,-0.0999, 0.9902,-4.6799,-0.7011,-0.2743,0
 0.0543, 0.0000,-0.0816, 3.1415,-0.0988, 1.2033,-4.6799,-0.6954,-0.2735,0
 0.0532, 0.0000,-0.0691, 3.1415,-0.1046, 1.2459,-4.6799,-0.6946,-0.2728,0
 0.0516, 0.0000,-0.0565, 3.1415,-0.1543, 1.2545,-4.6799,-0.6949,-0.2721,0
 0.0499, 0.0000,-0.0408, 3.1415,-0.1642, 1.5075,-4.6799,-0.6856,-0.2714,0
 0.0482, 0.0000,-0.0251, 3.1415,-0.1723, 1.5581,-4.6799,-0.6838,-0.2707,0
 0.0460, 0.0000,-0.0094, 3.1415,-0.2102, 1.5682,-4.6799,-0.6836,-0.2699,0
 0.0437, 0.0000, 0.0062, 3.1415,-0.2239, 1.5702,-4.6799,-0.6835,-0.2692,0
 0.0414, 0.0000, 0.0251, 3.1415,-0.2266, 1.8220,-4.6799,-0.6713,-0.2685,0
 0.0385, 0.0000, 0.0408, 3.1415,-0.2818, 1.6210,-4.6799,-0.6807,-0.2678,0
 0.0355, 0.0000, 0.0596, 3.1415,-0.2928, 1.8321,-4.6799,-0.6698,-0.2671,0
 0.0326, 0.0000, 0.0785, 3.1415,-0.2889, 1.8743,-4.6799,-0.6666,-0.2664,0
 0.0294, 0.0000, 0.0973, 3.1415,-0.3185, 1.8828,-4.6799,-0.6650,-0.2656,0
 0.0259, 0.0000, 0.1162, 3.1415,-0.3365, 1.8845,-4.6799,-0.6635,-0.2649,0
 0.0226, 0.0000, 0.1350, 3.1415,-0.3340, 1.8848,-4.6799,-0.6618,-0.2642,0
 0.0187, 0.0000, 0.1539, 3.1415,-0.3760, 1.8849,-4.6799,-0.6598,-0.2635,0
 0.0149, 0.0000, 0.1727, 3.1415,-0.3844, 1.8849,-4.6799,-0.6576,-0.2628,0
 0.0111, 0.0000, 0.1947, 3.1415,-0.3800, 2.1362,-4.6799,-0.6406,-0.2620,0
 0.0068, 0.0000, 0.2136, 3.1415,-0.4155, 1.9352,-4.6799,-0.6493,-0.2613,0
 0.0026, 0.0000, 0.2324, 3.1415,-0.4226, 1.8950,-4.6799,-0.6484,-0.2606,0
-0.0015, 0.0000, 0.2513, 3.1415,-0.4240, 1.8869,-4.6799,-0.6456,-0.2599,0
-0.0061, 0.0000, 0.2670, 3.1415,-0.4486, 1.6340,-4.6799,-0.6552,-0.2592,0
-0.0106, 0.0000, 0.2858, 3.1415,-0.4535, 1.8347,-4.6799,-0.6418,-0.2585,0
-0.0152, 0.0000, 0.3015, 3.1415,-0.4545, 1.6235,-4.6799,-0.6487,-0.2577,0
-0.0200, 0.0000, 0.3204, 3.1415,-0.4789, 1.8326,-4.6799,-0.6345,-0.2570,0
-0.0249, 0.0000, 0.3361, 3.1415,-0.4838, 1.6231,-4.6799,-0.6410,-0.2563,0
-0.0297, 0.0000, 0.3487, 3.1415,-0.4848, 1.3299,-4.6799,-0.6501,-0.2556,0
-0.0348, 0.0000, 0.3644, 3.1415,-0.5032, 1.5226,-2.8199,-0.6384,-0.2549,0
-0.0399, 0.0000, 0.3769, 3.1415,-0.5068, 1.3098,-3.6266,-0.6436,-0.2541,0
-0.0450, 0.0000, 0.3895, 3.1415,-0.5076, 1.2672,-1.9652,-0.6418,-0.2534,0
-0.0500, 0.0000, 0.4021, 3.1415,-0.5077, 1.2587,-0.9812,-0.6386,-0.2527,0
-0.0552, 0.0000, 0.4115, 3.1415,-0.5138, 1.0057,-0.7367,-0.6439,-0.2520,0
-0.0603, 0.0000, 0.4209, 3.1415,-0.5090, 0.9551, 1.2850,-0.6426,-0.2513,0
-0.0648, 0.0000, 0.4272, 3.1415,-0.4595, 0.6936, 1.4875,-0.6468,-0.2506,0
-0.0691, 0.0000, 0.4335, 3.1415,-0.4435, 0.6413, 3.4750,-0.6458,-0.2498,0
-0.0732, 0.0000, 0.4335, 3.1415,-0.4161, 0.1282, 3.7411,-0.6514,-0.2491,0
-0.0770, 0.0000, 0.4335, 3.1415,-0.3803, 0.0256, 4.6799,-0.6516,-0.2484,0
-0.0801, 0.0000, 0.4335, 3.1415,-0.3307, 0.0051, 4.6799,-0.6516,-0.2477,0
-0.0829, 0.0000, 0.4272, 3.1415,-0.2844,-0.5016, 4.6799,-0.6500,-0.2470,0
-0.0851, 0.0000, 0.4178, 3.1415,-0.2387,-0.8543, 4.6799,-0.6460,-0.2462,0
-0.0869, 0.0000, 0.4084, 3.1415,-0.1872,-0.9248, 4.6799,-0.6470,-0.2455,0
-0.0881, 0.0000, 0.3958, 3.1415,-0.1344,-1.1902, 4.6799,-0.6427,-0.2448,0
-0.0888, 0.0000, 0.3769, 3.1415,-0.0814,-1.7460, 4.6799,-0.6249,-0.2441,0
-0.0890, 0.0000, 0.3612, 3.1415,-0.0344,-1.6058, 4.6799,-0.6356,-0.2434,0
-0.0889, 0.0000, 0.3392, 3.1415,-0.0008,-2.0804, 4.6799,-0.6165,-0.2427,0
-0.0883, 0.0000, 0.3141, 3.1415, 0.0483,-2.4267, 4.6799,-0.6005,-0.2419,0
-0.0873, 0.0000, 0.2890, 3.1415, 0.0884,-2.4959, 4.6799,-0.6010,-0.2412,0
-0.0861, 0.0000, 0.2638, 3.1415, 0.1147,-2.5098, 4.6799,-0.6050,-0.2405,0
-0.0845, 0.0000, 0.2324, 3.1415, 0.1502,-3.0152, 4.6799,-0.5714,-0.2398,0
-0.0826, 0.0000, 0.2042, 3.1415, 0.1877,-2.8649, 4.6799,-0.5882,-0.2391,0
-0.0805, 0.0000, 0.1727, 3.1415, 0.2012,-3.0862, 4.6799,-0.5740,-0.2384,0
-0.0781, 0.0000, 0.1382, 3.1415, 0.2342,-3.3818, 4.6799,-0.5511,-0.2376,0
-0.0756, 0.0000, 0.1036, 3.1415, 0.2469,-3.4409, 4.6799,-0.5484,-0.2369,0
-0.0729, 0.0000, 0.0691, 3.1415, 0.2616,-3.4527, 4.6799,-0.5494,-0.2362,0
-0.0701, 0.0000, 0.0345, 3.1415, 0.2766,-3.4551, 4.6799,-0.5505,-0.2355,0
-0.0670, 0.0000,-0.0031, 3.1415, 0.3099,-3.7069, 4.6799,-0.5257,-0.2348,0
-0.0636, 0.0000,-0.0376, 3.1415, 0.3287,-3.5059, 4.6799,-0.5454,-0.2340,0
-0.0603, 0.0000,-0.0753, 3.1415, 0.3325,-3.7171, 4.6799,-0.5226,-0.2333,0
-0.0566, 0.0000,-0.1130, 3.1415, 0.3575,-3.7593, 4.6799,-0.5156,-0.2326,0
-0.0529, 0.0000,-0.1507, 3.1415, 0.3746,-3.7678, 4.6799,-0.5111,-0.2319,0
-0.0490, 0.0000,-0.1884, 3.1415, 0.3841,-3.7694, 4.6799,-0.5064,-0.2312,0
-0.0449, 0.0000,-0.2261, 3.1415, 0.4042,-3.7698, 4.6799,-0.5008,-0.2305,0
-0.0408, 0.0000,-0.2638, 3.1415, 0.4082,-3.7698, 4.6799,-0.4942,-0.2297,0
-0.0366, 0.0000,-0.3015, 3.1415, 0.4212,-3.7699, 4.6799,-0.4867,-0.2290,0
-0.0323, 0.0000,-0.3361, 3.1415, 0.4237,-3.5185, 4.6799,-0.5045,-0.2283,0
-0.0279, 0.0000,-0.3707, 3.1415, 0.4364,-3.4683, 4.6799,-0.5009,-0.2276,0
-0.0234, 0.0000,-0.4052, 3.1415, 0.4450,-3.4582, 4.6799,-0.4924,-0.2269,0
-0.0190, 0.0000,-0.4398, 3.1415, 0.4467,-3.4562, 4.6799,-0.4825,-0.2261,0
-0.0144, 0.0000,-0.4712, 3.1415, 0.4592,-3.2045, 4.6799,-0.4960,-0.2254,0
-0.0097, 0.0000,-0.5026, 3.1415, 0.4617,-3.1541, 4.6799,-0.4899,-0.2247,0
-0.0050, 0.0000,-0.5340, 3.1415, 0.4682,-3.1441, 4.6799,-0.4796,-0.2240,0
-0.0002, 0.0000,-0.5623, 3.1415, 0.4817,-2.8907, 4.6799,-0.4905,-0.2233,0
 0.0045, 0.0000,-0.5874, 3.1415, 0.4783,-2.5887, 4.6799,-0.5038,-0.2226,0
 0.0093, 0.0000,-0.6126, 3.1415, 0.4837,-2.5283, 4.6799,-0.4980,-0.2218,0
 0.0144, 0.0000,-0.6377, 3.1415, 0.4969,-2.5162, 4.6799,-0.4883,-0.2211,0
 0.0194, 0.0000,-0.6597, 3.1415, 0.4995,-2.2625, 4.6799,-0.4957,-0.2204,0
 0.0244, 0.0000,-0.6817, 3.1415, 0.5061,-2.2118, 3.8527,-0.4890,-0.2197,0
 0.0296, 0.0000,-0.7005, 3.1415, 0.5135,-1.9503, 3.5671,-0.4957,-0.2190,0
 0.0347, 0.0000,-0.7162, 3.1415, 0.5150,-1.6467, 2.4413,-0.5036,-0.2182,0
 0.0400, 0.0000,-0.7319, 3.1415, 0.5213,-1.5859,-0.0321,-0.4989,-0.2175,0
 0.0447, 0.0000,-0.7445, 3.1415, 0.4862,-1.3225,-0.1012,-0.5035,-0.2168,0
 0.0491, 0.0000,-0.7539, 3.1415, 0.4489,-1.0184,-0.8781,-0.5089,-0.2161,0
 0.0536, 0.0000,-0.7602, 3.1415, 0.4475,-0.7063,-2.4100,-0.5133,-0.2154,0
 0.0577, 0.0000,-0.7634, 3.1415, 0.4169,-0.3926,-3.7493,-0.5166,-0.2147,0
 0.0613, 0.0000,-0.7665, 3.1415, 0.3744,-0.3298,-4.6799,-0.5157,-0.2139,0
 0.0648, 0.0000,-0.7634, 3.1415, 0.3477, 0.1853,-4.6799,-0.5183,-0.2132,0
 0.0676, 0.0000,-0.7602, 3.1415, 0.2938, 0.2884,-4.6799,-0.5192,-0.2125,0
 0.0698, 0.0000,-0.7508, 3.1415, 0.2406, 0.8116,-4.6799,-0.5157,-0.2118,0
 0.0718, 0.0000,-0.7414, 3.1415, 0.2057, 0.9163,-4.6799,-0.5178,-0.2111,0
 0.0732, 0.0000,-0.7257, 3.1415, 0.1563, 1.4398,-4.6799,-0.5081,-0.2103,0
 0.0742, 0.0000,-0.7099, 3.1415, 0.1100, 1.5446,-4.6799,-0.5111,-0.2096,0
 0.0749, 0.0000,-0.6880, 3.1415, 0.0765, 2.0682,-4.6799,-0.4948,-0.2089,0
 0.0751, 0.0000,-0.6660, 3.1415, 0.0274, 2.1729,-4.6799,-0.4985,-0.2082,0
 0.0748, 0.0000,-0.6408, 3.1415,-0.0187, 2.4452,-4.6799,-0.4918,-0.2075,0
 0.0742, 0.0000,-0.6126, 3.1415,-0.0461, 2.7509,-4.6799,-0.4815,-0.2068,0
 0.0733, 0.0000,-0.5811, 3.1415,-0.0819, 3.0634,-4.6799,-0.4687,-0.2060,0
 0.0721, 0.0000,-0.5466, 3.1415,-0.1134, 3.3772,-4.6799,-0.4537,-0.2053,0
 0.0707, 0.0000,-0.5089, 3.1415,-0.1378, 3.6913,-4.6799,-0.4363,-0.2046,0
 0.0689, 0.0000,-0.4712, 3.1415,-0.1670, 3.7542,-4.6799,-0.4425,-0.2039,0
 0.0668, 0.0000,-0.4303, 3.1415,-0.2031, 4.0181,-4.6799,-0.4265,-0.2032,0
 0.0642, 0.0000,-0.3895, 3.1415,-0.2467, 4.0708,-4.6799,-0.4322,-0.2024,0
 0.0615, 0.0000,-0.3424, 3.1415,-0.2676, 4.5840,-4.6799,-0.3822,-0.2017,0
 0.0584, 0.0000,-0.2953, 3.1415,-0.3021, 4.6867,-4.6799,-0.3794,-0.2010,0
 0.0550, 0.0000,-0.2481, 3.1415,-0.3332, 4.7072,-4.6799,-0.3858,-0.2003,0
 0.0514, 0.0000,-0.1979, 3.1415,-0.3516, 4.9626,-4.6799,-0.3592,-0.1996,0
 0.0476, 0.0000,-0.1445, 3.1415,-0.3734, 5.2651,-4.6799,-0.3225,-0.1989,0
 0.0435, 0.0000,-0.0942, 3.1415,-0.4081, 5.0742,-4.6799,-0.3544,-0.1981,0
 0.0391, 0.0000,-0.0376, 3.1415,-0.4333, 5.5387,-4.4310,-0.2880,-0.1974,0
 0.0346, 0.0000, 0.0157, 3.1415,-0.4444, 5.3803,-4.6799,-0.3127,-0.1967,0
 0.0299, 0.0000, 0.0691, 3.1415,-0.4648, 5.3486,-4.6799,-0.3158,-0.1960,0
 0.0250, 0.0000, 0.1256, 3.1415,-0.4810, 5.5936,-4.1773,-0.2743,-0.1953,0
 0.0201, 0.0000, 0.1790, 3.1415,-0.4903, 5.3912,-4.6799,-0.2996,-0.1945,0
 0.0151, 0.0000, 0.2356, 3.1415,-0.4982, 5.6021,-2.5162,-0.2588,-0.1938,0
 0.0100, 0.0000, 0.2890, 3.1415,-0.5058, 5.3929,-4.6799,-0.2811,-0.1931,0
 0.0048, 0.0000, 0.3424, 3.1415,-0.5195, 5.3511,-4.6799,-0.2755,-0.1924,0
-0.0003, 0.0000, 0.3958, 3.1415,-0.5222, 5.3427,-3.3843,-0.2629,-0.1917,0
-0.0055, 0.0000, 0.4461, 3.1415,-0.5167, 5.0897,-4.6799,-0.2851,-0.1910,0
-0.0108, 0.0000, 0.4963, 3.1415,-0.5277, 5.0391,-3.9572,-0.2759,-0.1902,0
-0.0160, 0.0000, 0.5466, 3.1415,-0.5239, 5.0290,-1.5403,-0.2593,-0.1895,0
-0.0212, 0.0000, 0.5937, 3.1415,-0.5170, 4.7757,-3.8673,-0.2758,-0.1888,0
-0.0263, 0.0000, 0.6377, 3.1415,-0.5157, 4.4737,-4.6799,-0.2967,-0.1881,0
-0.0315, 0.0000, 0.6817, 3.1415,-0.5154, 4.4133,-1.8839,-0.2849,-0.1874,0
-0.0366, 0.0000, 0.7225, 3.1415,-0.5153, 4.1499,-2.7184,-0.2975,-0.1866,0
-0.0417, 0.0000, 0.7634, 3.1415,-0.5093, 4.0972,-0.0610,-0.2837,-0.1859,0
-0.0466, 0.0000, 0.8011, 3.1415,-0.4959, 3.8353,-0.8250,-0.2937,-0.1852,0
-0.0515, 0.0000, 0.8356, 3.1415,-0.4872, 3.5316,-0.8485,-0.3069,-0.1845,0
-0.0563, 0.0000, 0.8670, 3.1415,-0.4855, 3.2196,-0.2959,-0.3195,-0.1838,0
-0.0610, 0.0000, 0.8984, 3.1415,-0.4730, 3.1572, 2.1662,-0.3076,-0.1831,0
-0.0650, 0.0000, 0.9267, 3.1415,-0.4099, 2.8933, 1.4472,-0.3139,-0.1823,0
-0.0690, 0.0000, 0.9487, 3.1415,-0.4033, 2.3379, 0.4510,-0.3418,-0.1816,0
-0.0727, 0.0000, 0.9707, 3.1415,-0.3777, 2.2268, 3.0255,-0.3360,-0.1809,0
-0.0761, 0.0000, 0.9896, 3.1415,-0.3484, 1.9533, 3.1309,-0.3408,-0.1802,0
-0.0792, 0.0000, 1.0021, 3.1415,-0.3122, 1.3959, 2.4563,-0.3593,-0.1795,0
-0.0817, 0.0000, 1.0147, 3.1415,-0.2625, 1.2845, 4.3840,-0.3559,-0.1787,0
-0.0837, 0.0000, 1.0210, 3.1415,-0.2162, 0.7595, 3.4901,-0.3671,-0.1780,0
-0.0856, 0.0000, 1.0273, 3.1415,-0.1948, 0.6545, 4.6799,-0.3653,-0.1773,0
-0.0868, 0.0000, 1.0273, 3.1415,-0.1359, 0.1309, 4.2671,-0.3711,-0.1766,0
-0.0876, 0.0000, 1.0273, 3.1415,-0.0938, 0.0261, 4.6799,-0.3713,-0.1759,0
-0.0879, 0.0000, 1.0210, 3.1415,-0.0430,-0.4974, 4.6786,-0.3717,-0.1752,0
-0.0879, 0.0000, 1.0115, 3.1415,-0.0025,-0.8534, 4.6799,-0.3707,-0.1744,0
-0.0875, 0.0000, 1.0021, 3.1415, 0.0298,-0.9246, 4.6799,-0.3747,-0.1737,0
-0.0866, 0.0000, 0.9864, 3.1415, 0.0787,-1.4415, 4.6799,-0.3670,-0.1730,0
-0.0854, 0.0000, 0.9676, 3.1415, 0.1127,-1.7962, 4.6799,-0.3621,-0.1723,0
-0.0840, 0.0000, 0.9487, 3.1415, 0.1316,-1.8672, 4.6799,-0.3696,-0.1716,0
-0.0822, 0.0000, 0.9236, 3.1415, 0.1718,-2.3840, 4.6799,-0.3533,-0.1709,0
-0.0801, 0.0000, 0.8953, 3.1415, 0.2041,-2.7387, 4.6799,-0.3439,-0.1701,0
-0.0777, 0.0000, 0.8670, 3.1415, 0.2287,-2.8097, 4.6799,-0.3541,-0.1694,0
-0.0751, 0.0000, 0.8325, 3.1415, 0.2579,-3.3265, 4.6799,-0.3283,-0.1687,0
-0.0722, 0.0000, 0.7979, 3.1415, 0.2820,-3.4299, 4.6799,-0.3366,-0.1680,0
-0.0690, 0.0000, 0.7602, 3.1415, 0.3110,-3.7019, 4.6799,-0.3285,-0.1673,0
-0.0655, 0.0000, 0.7194, 3.1415, 0.3411,-4.0076, 4.6799,-0.3152,-0.1665,0
-0.0616, 0.0000, 0.6754, 3.1415, 0.3774,-4.3201, 4.6799,-0.2991,-0.1658,0
-0.0576, 0.0000, 0.6283, 3.1415, 0.4029,-4.6339, 4.3657,-0.2803,-0.1651,0
-0.0532, 0.0000, 0.5780, 3.1415, 0.4322,-4.9480, 2.7233,-0.2586,-0.1644,0
-0.0485, 0.0000, 0.5277, 3.1415, 0.4623,-5.0108, 4.6799,-0.2688,-0.1637,0
-0.0435, 0.0000, 0.4743, 3.1415, 0.4926,-5.2747, 2.4595,-0.2492,-0.1630,0
-0.0383, 0.0000, 0.4178, 3.1415, 0.5108,-5.5788,-0.9345,-0.2205,-0.1622,0
-0.0333, 0.0000, 0.3612, 3.1415, 0.5023,-5.6396, 1.7928,-0.2264,-0.1615,0
-0.0280, 0.0000, 0.3047, 3.1415, 0.5249,-5.6518, 3.6959,-0.2378,-0.1608,0
-0.0223, 0.0000, 0.2450, 3.1415, 0.5597,-5.9055,-1.7497,-0.2083,-0.1601,0
-0.0172, 0.0000, 0.1822, 3.1415, 0.5242,-6.2076,-4.6799,-0.1667,-0.1594,0
-0.0122, 0.0000, 0.1225, 3.1415, 0.4989,-6.0167, 2.1718,-0.2058,-0.1586,0
-0.0066, 0.0000, 0.0628, 3.1415, 0.5484,-5.9785, 2.3808,-0.2162,-0.1579,0
-0.0012, 0.0000, 0.0031, 3.1415, 0.5401,-5.9709, 2.3868,-0.2189,-0.1572,0
 0.0037, 0.0000,-0.0596, 3.1415, 0.5082,-6.2207,-4.6799,-0.1750,-0.1565,0
 0.0081, 0.0000,-0.1193, 3.1415, 0.4533,-6.0193, 2.8914,-0.2057,-0.1558,0
 0.0136, 0.0000,-0.1759, 3.1415, 0.5332,-5.7277, 4.6799,-0.2477,-0.1551,0
 0.0185, 0.0000,-0.2356, 3.1415, 0.5007,-5.9207,-0.2251,-0.2074,-0.1543,0
 0.0230, 0.0000,-0.2921, 3.1415, 0.4578,-5.7080, 4.6799,-0.2315,-0.1536,0
 0.0276, 0.0000,-0.3487, 3.1415, 0.4614,-5.6655, 3.3743,-0.2255,-0.1529,0
 0.0325, 0.0000,-0.4021, 3.1415, 0.4803,-5.4056, 4.6799,-0.2517,-0.1522,0
 0.0370, 0.0000,-0.4555, 3.1415, 0.4598,-5.3536, 4.3017,-0.2435,-0.1515,0
 0.0414, 0.0000,-0.5089, 3.1415, 0.4436,-5.3433, 1.9311,-0.2273,-0.1507,0
 0.0458, 0.0000,-0.5592, 3.1415, 0.4404,-5.0899, 4.5769,-0.2460,-0.1500,0
 0.0504, 0.0000,-0.6094, 3.1415, 0.4518,-5.0392, 1.6158,-0.2332,-0.1493,0
 0.0548, 0.0000,-0.6565, 3.1415, 0.4481,-4.7777, 3.2544,-0.2492,-0.1486,0
 0.0592, 0.0000,-0.7005, 3.1415, 0.4412,-4.4741, 4.0559,-0.2687,-0.1479,0
 0.0635, 0.0000,-0.7445, 3.1415, 0.4278,-4.4134, 1.0355,-0.2553,-0.1472,0
 0.0676, 0.0000,-0.7853, 3.1415, 0.4190,-4.1499, 1.7419,-0.2666,-0.1464,0
 0.0721, 0.0000,-0.8230, 3.1415, 0.4415,-3.8459, 1.4675,-0.2811,-0.1457,0
 0.0763, 0.0000,-0.8607, 3.1415, 0.4278,-3.7851,-1.2085,-0.2674,-0.1450,0
 0.0796, 0.0000,-0.8953, 3.1415, 0.3462,-3.5216,-0.1533,-0.2753,-0.1443,0
 0.0830, 0.0000,-0.9236, 3.1415, 0.3421,-2.9662, 1.2582,-0.3097,-0.1436,0
 0.0867, 0.0000,-0.9519, 3.1415, 0.3655,-2.8552,-2.0934,-0.3024,-0.1428,0
 0.0897, 0.0000,-0.9770, 3.1415, 0.3095,-2.5816,-1.9525,-0.3084,-0.1421,0
 0.0923, 0.0000,-0.9990, 3.1415, 0.2680,-2.2756,-2.1654,-0.3160,-0.1414,0
 0.0949, 0.0000,-1.0178, 3.1415, 0.2658,-1.9630,-2.9749,-0.3231,-0.1407,0
 0.0969, 0.0000,-1.0335, 3.1415, 0.2108,-1.6492,-3.2670,-0.3293,-0.1400,0
 0.0985, 0.0000,-1.0461, 3.1415, 0.1694,-1.3351,-3.6807,-0.3347,-0.1393,0
 0.1000, 0.0000,-1.0555, 3.1415, 0.1551,-1.0210,-4.3524,-0.3392,-0.1385,0
 0.1008, 0.0000,-1.0618, 3.1415, 0.0916,-0.7068,-4.4592,-0.3428,-0.1378,0
 0.1012, 0.0000,-1.0649, 3.1415, 0.0547,-0.3927,-4.6799,-0.3457,-0.1371,0
 0.1017, 0.0000,-1.0618, 3.1415, 0.0473, 0.1727,-4.6799,-0.3494,-0.1364,0
 0.1013, 0.0000,-1.0587, 3.1415,-0.0208, 0.2858,-4.6799,-0.3507,-0.1357,0
 0.1005, 0.0000,-1.0524, 3.1415,-0.0648, 0.5598,-4.6799,-0.3513,-0.1349,0
 0.0998, 0.0000,-1.0430, 3.1415,-0.0735, 0.8659,-4.6799,-0.3511,-0.1342,0
 0.0985, 0.0000,-1.0273, 3.1415,-0.1177, 1.4298,-4.6799,-0.3427,-0.1335,0
 0.0970, 0.0000,-1.0115, 3.1415,-0.1448, 1.5426,-4.6799,-0.3476,-0.1328,0
 0.0952, 0.0000,-0.9927, 3.1415,-0.1684, 1.8164,-4.6799,-0.3461,-0.1321,0
 0.0930, 0.0000,-0.9707, 3.1415,-0.2095, 2.1225,-4.6799,-0.3424,-0.1314,0
 0.0907, 0.0000,-0.9456, 3.1415,-0.2298, 2.4351,-4.6799,-0.3372,-0.1306,0
 0.0881, 0.0000,-0.9173, 3.1415,-0.2521, 2.7489,-4.6799,-0.3307,-0.1299,0
 0.0852, 0.0000,-0.8859, 3.1415,-0.2808, 3.0630,-4.6799,-0.3228,-0.1292,0
 0.0818, 0.0000,-0.8513, 3.1415,-0.3290, 3.3772,-4.6799,-0.3135,-0.1285,0
 0.0783, 0.0000,-0.8136, 3.1415,-0.3447, 3.6913,-4.6799,-0.3024,-0.1278,0
 0.0746, 0.0000,-0.7759, 3.1415,-0.3660, 3.7542,-4.6799,-0.3152,-0.1270,0
 0.0704, 0.0000,-0.7319, 3.1415,-0.4066, 4.2694,-4.6799,-0.2789,-0.1263,0
 0.0657, 0.0000,-0.6880, 3.1415,-0.4572, 4.3724,-4.6799,-0.2870,-0.1256,0
 0.0610, 0.0000,-0.6377, 3.1415,-0.4734, 4.8957,-2.9718,-0.2413,-0.1249,0
 0.0560, 0.0000,-0.5874, 3.1415,-0.4948, 5.0003,-4.6799,-0.2476,-0.1242,0
 0.0506, 0.0000,-0.5340, 3.1415,-0.5294, 5.2726,-3.8060,-0.2288,-0.1235,0
 0.0448, 0.0000,-0.4775, 3.1415,-0.5667, 5.5784,-0.7539,-0.2021,-0.1227,0
 0.0391, 0.0000,-0.4209, 3.1415,-0.5741, 5.6395,-3.5551,-0.2101,-0.1220,0
 0.0331, 0.0000,-0.3612, 3.1415,-0.5938, 5.9031, 0.5569,-0.1838,-0.1213,0
 0.0273, 0.0000,-0.3015, 3.1415,-0.5795, 5.9558,-1.8280,-0.1890,-0.1206,0
 0.0209, 0.0000,-0.2419, 3.1415,-0.6252, 5.9663,-3.2435,-0.1988,-0.1199,0
 0.0146, 0.0000,-0.1790, 3.1415,-0.6343, 6.2198, 2.7848,-0.1650,-0.1191,0
 0.0090, 0.0000,-0.1162, 3.1415,-0.5694, 6.2705, 0.9184,-0.1627,-0.1184,0
 0.0031, 0.0000,-0.0534, 3.1415,-0.5868, 6.2806, 0.1619,-0.1648,-0.1177,0
-0.0024, 0.0000, 0.0062, 3.1415,-0.5660, 6.0313,-4.6799,-0.2087,-0.1170,0
-0.0081, 0.0000, 0.0691, 3.1415,-0.5740, 6.2328, 0.2467,-0.1725,-0.1163,0
-0.0131, 0.0000, 0.1288, 3.1415,-0.5089, 6.0217,-4.6799,-0.2044,-0.1156,0
-0.0186, 0.0000, 0.1884, 3.1415,-0.5444, 5.9795,-4.6799,-0.2047,-0.1148,0
-0.0238, 0.0000, 0.2450, 3.1415,-0.5272, 5.7198,-4.6799,-0.2386,-0.1141,0
-0.0293, 0.0000, 0.3047, 3.1415,-0.5420, 5.9191,-1.9175,-0.1944,-0.1134,0
-0.0346, 0.0000, 0.3612, 3.1415,-0.5328, 5.7077,-4.6799,-0.2156,-0.1127,0
-0.0397, 0.0000, 0.4178, 3.1415,-0.5128, 5.6654,-4.4210,-0.2069,-0.1120,0
-0.0450, 0.0000, 0.4743, 3.1415,-0.5269, 5.6569,-1.7506,-0.1907,-0.1112,0
-0.0502, 0.0000, 0.5277, 3.1415,-0.5237, 5.4039,-4.6799,-0.2115,-0.1105,0
-0.0553, 0.0000, 0.5811, 3.1415,-0.5109, 5.3533,-1.9042,-0.1989,-0.1098,0
-0.0605, 0.0000, 0.6314, 3.1415,-0.5205, 5.0919,-3.5953,-0.2166,-0.1091,0
-0.0654, 0.0000, 0.6785, 3.1415,-0.4982, 4.7882,-4.6799,-0.2380,-0.1084,0
-0.0705, 0.0000, 0.7257, 3.1415,-0.5058, 4.7275,-1.2316,-0.2242,-0.1077,0
-0.0757, 0.0000, 0.7696, 3.1415,-0.5134, 4.4640,-1.7694,-0.2366,-0.1069,0
-0.0804, 0.0000, 0.8105, 3.1415,-0.4846, 4.1600,-2.0388,-0.2525,-0.1062,0
-0.0851, 0.0000, 0.8513, 3.1415,-0.4728, 4.0992, 0.9006,-0.2379,-0.1055,0
-0.0893, 0.0000, 0.8859, 3.1415,-0.4280, 3.5844,-1.8487,-0.2743,-0.1048,0
-0.0941, 0.0000, 0.9204, 3.1415,-0.4676, 3.4814, 1.8029,-0.2650,-0.1041,0
-0.0977, 0.0000, 0.9519, 3.1415,-0.3845, 3.2095, 1.3612,-0.2723,-0.1034,0
-0.1015, 0.0000, 0.9801, 3.1415,-0.3800, 2.9038, 2.0333,-0.2818,-0.1026,0
-0.1048, 0.0000, 1.0053, 3.1415,-0.3428, 2.5913, 2.5860,-0.2907,-0.1019,0
-0.1078, 0.0000, 1.0273, 3.1415,-0.3050, 2.2775, 3.1958,-0.2987,-0.1012,0
-0.1103, 0.0000, 1.0461, 3.1415,-0.2610, 1.9634, 3.7327,-0.3057,-0.1005,0
-0.1123, 0.0000, 1.0587, 3.1415,-0.2159, 1.3980, 3.4989,-0.3244,-0.0998,0
-0.1140, 0.0000, 1.0712, 3.1415,-0.1765, 1.2849, 4.6799,-0.3208,-0.0990,0
-0.1152, 0.0000, 1.0807, 3.1415,-0.1323, 1.0109, 4.6799,-0.3237,-0.0983,0
-0.1161, 0.0000, 1.0869, 3.1415,-0.0931, 0.7048, 4.6799,-0.3270,-0.0976,0
-0.1164, 0.0000, 1.0901, 3.1415,-0.0489, 0.3922, 4.6799,-0.3298,-0.0969,0
-0.1164, 0.0000, 1.0869, 3.1415,-0.0037,-0.1728, 4.6799,-0.3336,-0.0962,0
-0.1161, 0.0000, 1.0838, 3.1415, 0.0235,-0.2859, 4.6799,-0.3348,-0.0955,0
-0.1155, 0.0000, 1.0744, 3.1415, 0.0532,-0.8111, 4.6799,-0.3327,-0.0947,0
-0.1145, 0.0000, 1.0649, 3.1415, 0.0894,-0.9162, 4.6799,-0.3361,-0.0940,0
-0.1133, 0.0000, 1.0492, 3.1415, 0.1149,-1.4398, 4.6799,-0.3287,-0.0933,0
-0.1119, 0.0000, 1.0335, 3.1415, 0.1321,-1.5446, 4.6799,-0.3340,-0.0926,0
-0.1102, 0.0000, 1.0147, 3.1415, 0.1598,-1.8168, 4.6799,-0.3328,-0.0919,0
-0.1083, 0.0000, 0.9896, 3.1415, 0.1896,-2.3739, 4.6799,-0.3153,-0.0911,0
-0.1060, 0.0000, 0.9644, 3.1415, 0.2198,-2.4854, 4.6799,-0.3227,-0.0904,0
-0.1034, 0.0000, 0.9361, 3.1415, 0.2501,-2.7590, 4.6799,-0.3191,-0.0897,0
-0.1007, 0.0000, 0.9047, 3.1415, 0.2683,-3.0650, 4.6799,-0.3121,-0.0890,0
-0.0976, 0.0000, 0.8702, 3.1415, 0.3022,-3.3776, 4.6799,-0.3032,-0.0883,0
-0.0942, 0.0000, 0.8325, 3.1415, 0.3333,-3.6914, 4.6799,-0.2925,-0.0876,0
-0.0905, 0.0000, 0.7916, 3.1415, 0.3577,-4.0055, 4.6799,-0.2799,-0.0868,0
-0.0865, 0.0000, 0.7476, 3.1415, 0.3928,-4.3196, 4.6799,-0.2653,-0.0861,0
-0.0822, 0.0000, 0.7037, 3.1415, 0.4241,-4.3825, 4.6799,-0.2786,-0.0854,0
-0.0776, 0.0000, 0.6534, 3.1415, 0.4547,-4.8977, 4.6799,-0.2343,-0.0847,0
-0.0727, 0.0000, 0.6031, 3.1415, 0.4789,-5.0007, 4.6799,-0.2412,-0.0840,0
-0.0676, 0.0000, 0.5497, 3.1415, 0.5081,-5.2727, 4.6799,-0.2230,-0.0832,0
-0.0619, 0.0000, 0.4932, 3.1415, 0.5503,-5.5784, 4.6799,-0.1968,-0.0825,0
-0.0561, 0.0000, 0.4335, 3.1415, 0.5769,-5.8909, 2.3237,-0.1658,-0.0818,0
-0.0501, 0.0000, 0.3738, 3.1415, 0.5943,-5.9534, 4.6799,-0.1722,-0.0811,0
-0.0439, 0.0000, 0.3110, 3.1415, 0.6160,-6.2172, 0.4045,-0.1424,-0.0804,0
-0.0375, 0.0000, 0.2481, 3.1415, 0.6325,-6.2699, 2.3113,-0.1457,-0.0797,0
-0.0309, 0.0000, 0.1822, 3.1415, 0.6540,-6.5318,-4.0133,-0.1088,-0.0789,0
-0.0248, 0.0000, 0.1193, 3.1415, 0.6219,-6.3329, 4.6799,-0.1514,-0.0782,0
-0.0179, 0.0000, 0.0534, 3.1415, 0.6761,-6.5444,-2.1930,-0.1174,-0.0775,0
-0.0121, 0.0000,-0.0125, 3.1415, 0.6021,-6.5867,-1.3470,-0.1106,-0.0768,0
-0.0061, 0.0000,-0.0753, 3.1415, 0.5994,-6.3439, 4.6799,-0.1526,-0.0761,0
 0.0001, 0.0000,-0.1382, 3.1415, 0.6231,-6.2953, 4.6799,-0.1564,-0.0753,0
 0.0061, 0.0000,-0.2010, 3.1415, 0.6036,-6.2856, 4.2647,-0.1505,-0.0746,0
 0.0121, 0.0000,-0.2638, 3.1415, 0.5997,-6.2836, 2.6756,-0.1404,-0.0739,0
 0.0181, 0.0000,-0.3267, 3.1415, 0.5989,-6.2832, 0.8275,-0.1273,-0.0732,0
 0.0240, 0.0000,-0.3864, 3.1415, 0.5927,-6.0318, 4.6799,-0.1557,-0.0725,0
 0.0298, 0.0000,-0.4461, 3.1415, 0.5854,-5.9815, 3.0161,-0.1469,-0.0718,0
 0.0356, 0.0000,-0.5026, 3.1415, 0.5839,-5.7202, 4.6799,-0.1711,-0.0710,0
 0.0413, 0.0000,-0.5592, 3.1415, 0.5715,-5.6679, 2.9962,-0.1589,-0.0703,0
 0.0470, 0.0000,-0.6126, 3.1415, 0.5690,-5.4061, 4.6799,-0.1783,-0.0696,0
 0.0528, 0.0000,-0.6660, 3.1415, 0.5746,-5.3537, 1.6319,-0.1633,-0.0689,0
 0.0583, 0.0000,-0.7162, 3.1415, 0.5575,-5.0919, 3.0751,-0.1786,-0.0682,0
 0.0638, 0.0000,-0.7665, 3.1415, 0.5541,-5.0396,-0.1278,-0.1616,-0.0674,0
 0.0686, 0.0000,-0.8105, 3.1415, 0.4928,-4.5265, 4.5427,-0.2079,-0.0667,0
 0.0743, 0.0000,-0.8545, 3.1415, 0.5533,-4.4238, 0.2127,-0.1974,-0.0660,0
 0.0792, 0.0000,-0.8953, 3.1415, 0.4987,-4.1520, 0.5693,-0.2076,-0.0653,0
 0.0840, 0.0000,-0.9330, 3.1415, 0.4877,-3.8463, 0.1262,-0.2204,-0.0646,0
 0.0886, 0.0000,-0.9676, 3.1415, 0.4613,-3.5338,-0.4856,-0.2325,-0.0639,0
 0.0928, 0.0000,-0.9990, 3.1415, 0.4318,-3.2200,-1.2140,-0.2434,-0.0631,0
 0.0970, 0.0000,-1.0304, 3.1415, 0.4198,-3.1572,-3.5352,-0.2298,-0.0624,0
 0.1008, 0.0000,-1.0555, 3.1415, 0.3932,-2.6420,-2.4115,-0.2560,-0.0617,0
 0.1042, 0.0000,-1.0807, 3.1415, 0.3514,-2.5390,-4.4167,-0.2477,-0.0610,0
 0.1072, 0.0000,-1.0995, 3.1415, 0.3067,-2.0157,-3.6232,-0.2691,-0.0603,0
 0.1099, 0.0000,-1.1152, 3.1415, 0.2796,-1.6597,-4.6799,-0.2773,-0.0595,0
 0.1121, 0.0000,-1.1278, 3.1415, 0.2317,-1.3372,-4.6799,-0.2827,-0.0588,0
 0.1139, 0.0000,-1.1403, 3.1415, 0.1918,-1.2727,-4.6799,-0.2769,-0.0581,0
 0.1154, 0.0000,-1.1466, 3.1415, 0.1535,-0.7572,-4.6799,-0.2874,-0.0574,0
 0.1164, 0.0000,-1.1498, 3.1415, 0.1095,-0.4027,-4.6799,-0.2911,-0.0567,0
 0.1171, 0.0000,-1.1498, 3.1415, 0.0825,-0.0805,-4.6799,-0.2933,-0.0560,0
 0.1173, 0.0000,-1.1466, 3.1415, 0.0286, 0.2352,-4.6799,-0.2947,-0.0552,0
 0.1172, 0.0000,-1.1403, 3.1415,-0.0003, 0.5497,-4.6799,-0.2953,-0.0545,0
 0.1167, 0.0000,-1.1309, 3.1415,-0.0364, 0.8639,-4.6799,-0.2952,-0.0538,0
 0.1161, 0.0000,-1.1184, 3.1415,-0.0618, 1.1780,-4.6799,-0.2944,-0.0531,0
 0.1151, 0.0000,-1.1026, 3.1415,-0.0911, 1.4922,-4.6799,-0.2928,-0.0524,0
 0.1137, 0.0000,-1.0838, 3.1415,-0.1273, 1.8064,-4.6799,-0.2903,-0.0516,0
 0.1121, 0.0000,-1.0618, 3.1415,-0.1528, 2.1205,-4.6799,-0.2869,-0.0509,0
 0.1103, 0.0000,-1.0367, 3.1415,-0.1760, 2.4347,-4.6799,-0.2825,-0.0502,0
 0.1082, 0.0000,-1.0084, 3.1415,-0.2049, 2.7488,-4.6799,-0.2770,-0.0495,0
 0.1057, 0.0000,-0.9770, 3.1415,-0.2410, 3.0630,-4.6799,-0.2704,-0.0488,0
 0.1030, 0.0000,-0.9424, 3.1415,-0.2664, 3.3772,-4.6799,-0.2624,-0.0481,0
 0.0998, 0.0000,-0.9047, 3.1415,-0.3018, 3.6913,-4.6799,-0.2529,-0.0473,0
 0.0965, 0.0000,-0.8670, 3.1415,-0.3271, 3.7542,-4.6799,-0.2673,-0.0466,0
 0.0927, 0.0000,-0.8230, 3.1415,-0.3686, 4.2694,-4.6799,-0.2330,-0.0459,0
 0.0886, 0.0000,-0.7759, 3.1415,-0.4011, 4.6237,-4.6799,-0.2132,-0.0452,0
 0.0842, 0.0000,-0.7288, 3.1415,-0.4319, 4.6946,-4.6799,-0.2270,-0.0445,0
 0.0795, 0.0000,-0.6754, 3.1415,-0.4683, 5.2115,-4.6799,-0.1801,-0.0437,0
 0.0744, 0.0000,-0.6220, 3.1415,-0.4999, 5.3148,-4.6799,-0.1881,-0.0430,0
 0.0689, 0.0000,-0.5654, 3.1415,-0.5365, 5.5868,-4.6799,-0.1693,-0.0423,0
 0.0632, 0.0000,-0.5057, 3.1415,-0.5620, 5.8925,-4.3718,-0.1420,-0.0416,0
 0.0571, 0.0000,-0.4429, 3.1415,-0.6035, 6.2050,-0.6145,-0.1097,-0.0409,0
 0.0509, 0.0000,-0.3801, 3.1415,-0.6179, 6.2675,-3.5226,-0.1168,-0.0402,0
 0.0442, 0.0000,-0.3141, 3.1415,-0.6571, 6.5313, 1.7970,-0.0857,-0.0394,0
 0.0385, 0.0000,-0.2481, 3.1415,-0.5922, 6.5841,-1.0275,-0.0891,-0.0387,0
 0.0315, 0.0000,-0.1790, 3.1415,-0.6762, 6.8460, 4.6799,-0.0504,-0.0380,0
 0.0256, 0.0000,-0.1130, 3.1415,-0.6021, 6.6470,-4.2012,-0.0949,-0.0373,0
 0.0187, 0.0000,-0.0471, 3.1415,-0.6721, 6.6072,-4.3071,-0.1061,-0.0366,0
 0.0122, 0.0000, 0.0219, 3.1415,-0.6558, 6.8506, 4.2692,-0.0608,-0.0358,0
 0.0067, 0.0000, 0.0879, 3.1415,-0.5738, 6.6480,-4.6799,-0.0965,-0.0351,0
 0.0000, 0.0000, 0.1539, 3.1415,-0.6483, 6.6074,-3.4634,-0.0983,-0.0344,0
-0.0061, 0.0000, 0.2199, 3.1415,-0.6268, 6.5993,-2.1422,-0.0910,-0.0337,0
-0.0120, 0.0000, 0.2858, 3.1415,-0.5983, 6.5977,-0.6584,-0.0795,-0.0330,0
-0.0179, 0.0000, 0.3518, 3.1415,-0.5926, 6.5974, 1.3391,-0.0647,-0.0323,0
-0.0231, 0.0000, 0.4146, 3.1415,-0.5368, 6.3460,-4.3723,-0.0934,-0.0315,0
-0.0289, 0.0000, 0.4743, 3.1415,-0.5681, 6.0444,-4.6799,-0.1273,-0.0308,0
-0.0346, 0.0000, 0.5309, 3.1415,-0.5683, 5.7327,-4.6799,-0.1591,-0.0301,0
-0.0400, 0.0000, 0.5906, 3.1415,-0.5441, 5.9217,-0.8894,-0.1054,-0.0294,0
-0.0451, 0.0000, 0.6440, 3.1415,-0.5211, 5.4569,-4.6799,-0.1573,-0.0287,0
-0.0504, 0.0000, 0.6974, 3.1415,-0.5286, 5.3639,-4.6799,-0.1476,-0.0280,0
-0.0557, 0.0000, 0.7508, 3.1415,-0.5301, 5.3453,-1.3478,-0.1249,-0.0272,0
-0.0609, 0.0000, 0.7979, 3.1415,-0.5183, 4.8389,-4.6799,-0.1735,-0.0265,0
-0.0659, 0.0000, 0.8450, 3.1415,-0.5038, 4.7377,-2.4728,-0.1623,-0.0258,0
-0.0709, 0.0000, 0.8890, 3.1415,-0.5009, 4.4661,-2.3213,-0.1732,-0.0251,0
-0.0760, 0.0000, 0.9299, 3.1415,-0.5064, 4.1604,-1.6968,-0.1870,-0.0244,0
-0.0809, 0.0000, 0.9707, 3.1415,-0.4954, 4.0993, 1.1883,-0.1702,-0.0236,0
-0.0851, 0.0000, 1.0084, 3.1415,-0.4325, 3.8358, 0.7786,-0.1768,-0.0229,0
-0.0894, 0.0000, 1.0430, 3.1415,-0.4321, 3.5317, 1.4520,-0.1870,-0.0222,0
-0.0933, 0.0000, 1.0712, 3.1415,-0.4017, 2.9682, 0.8459,-0.2206,-0.0215,0
-0.0970, 0.0000, 1.0995, 3.1415,-0.3713, 2.8556, 3.3580,-0.2118,-0.0208,0
-0.1000, 0.0000, 1.1215, 3.1415,-0.3168, 2.3304, 2.6046,-0.2358,-0.0201,0
-0.1027, 0.0000, 1.1435, 3.1415,-0.2816, 2.2253, 4.4520,-0.2282,-0.0193,0
-0.1051, 0.0000, 1.1623, 3.1415,-0.2442, 1.9530, 4.5933,-0.2317,-0.0186,0
-0.1070, 0.0000, 1.1749, 3.1415,-0.2065, 1.3959, 4.3366,-0.2496,-0.0179,0
-0.1085, 0.0000, 1.1843, 3.1415,-0.1565, 1.0331, 4.6799,-0.2556,-0.0172,0
-0.1094, 0.0000, 1.1938, 3.1415,-0.1040, 0.9606, 4.6799,-0.2514,-0.0165,0
-0.1099, 0.0000, 1.1969, 3.1415,-0.0632, 0.4434, 4.6799,-0.2594,-0.0157,0
-0.1102, 0.0000, 1.1969, 3.1415,-0.0308, 0.0886, 4.6799,-0.2621,-0.0150,0
-0.1099, 0.0000, 1.1938, 3.1415, 0.0120,-0.2335, 4.6799,-0.2635,-0.0143,0
-0.1093, 0.0000, 1.1875, 3.1415, 0.0509,-0.5493, 4.6799,-0.2643,-0.0136,0
-0.1085, 0.0000, 1.1812, 3.1415, 0.0768,-0.6125, 4.6799,-0.2674,-0.0129,0
-0.1074, 0.0000, 1.1686, 3.1415, 0.1002,-1.1278, 4.6799,-0.2632,-0.0122,0
-0.1061, 0.0000, 1.1529, 3.1415, 0.1291,-1.4821, 4.6799,-0.2606,-0.0114,0
-0.1043, 0.0000, 1.1341, 3.1415, 0.1652,-1.8044, 4.6799,-0.2581,-0.0107,0
-0.1024, 0.0000, 1.1121, 3.1415, 0.1846,-2.1201, 4.6799,-0.2550,-0.0100,0
-0.1001, 0.0000, 1.0901, 3.1415, 0.2188,-2.1833, 4.6799,-0.2652,-0.0093,0
-0.0977, 0.0000, 1.0618, 3.1415, 0.2377,-2.6986, 4.6799,-0.2479,-0.0086,0
-0.0949, 0.0000, 1.0304, 3.1415, 0.2719,-3.0529, 4.6799,-0.2389,-0.0078,0
-0.0919, 0.0000, 0.9958, 3.1415, 0.2969,-3.3752, 4.6799,-0.2309,-0.0071,0
-0.0887, 0.0000, 0.9613, 3.1415, 0.3140,-3.4396, 4.6799,-0.2454,-0.0064,0
-0.0851, 0.0000, 0.9204, 3.1415, 0.3538,-3.9551, 4.6799,-0.2157,-0.0057,0
-0.0812, 0.0000, 0.8765, 3.1415, 0.3800,-4.3096, 4.6799,-0.1994,-0.0050,0
-0.0770, 0.0000, 0.8325, 3.1415, 0.4155,-4.3805, 4.6799,-0.2146,-0.0043,0
-0.0724, 0.0000, 0.7822, 3.1415, 0.4469,-4.8973, 4.6799,-0.1735,-0.0035,0
-0.0676, 0.0000, 0.7319, 3.1415, 0.4774,-5.0007, 4.6799,-0.1840,-0.0028,0
-0.0623, 0.0000, 0.6785, 3.1415, 0.5138,-5.2727, 4.6799,-0.1697,-0.0021,0
-0.0568, 0.0000, 0.6220, 3.1415, 0.5453,-5.5784, 4.6799,-0.1479,-0.0014,0
-0.0510, 0.0000, 0.5623, 3.1415, 0.5759,-5.8909, 4.6799,-0.1216,-0.0007,0
-0.0448, 0.0000, 0.4995, 3.1415, 0.6063,-6.2047, 1.8971,-0.0913, 0.0000,0
-0.0385, 0.0000, 0.4366, 3.1415, 0.6305,-6.2674, 4.6799,-0.1007, 0.0007,0
-0.0319, 0.0000, 0.3707, 3.1415, 0.6536,-6.5313, 0.5045,-0.0720, 0.0014,0
-0.0251, 0.0000, 0.3047, 3.1415, 0.6703,-6.5841, 2.8447,-0.0780, 0.0021,0
-0.0181, 0.0000, 0.2356, 3.1415, 0.6919,-6.8460,-3.3849,-0.0420, 0.0028,0
-0.0118, 0.0000, 0.1633, 3.1415, 0.6477,-7.1497,-4.6799, 0.0071, 0.0035,0
-0.0051, 0.0000, 0.0973, 3.1415, 0.6631,-6.7078, 4.6799,-0.0847, 0.0043,0
 0.0017, 0.0000, 0.0282, 3.1415, 0.6843,-6.8707, 0.7595,-0.0569, 0.0050,0
 0.0084, 0.0000,-0.0439, 3.1415, 0.6765,-7.1546,-4.6799,-0.0007, 0.0057,0
 0.0144, 0.0000,-0.1099, 3.1415, 0.6082,-6.7088, 4.6799,-0.0836, 0.0064,0
 0.0210, 0.0000,-0.1790, 3.1415, 0.6552,-6.8709,-0.4867,-0.0456, 0.0071,0
 0.0269, 0.0000,-0.2450, 3.1415, 0.5979,-6.6520, 4.6799,-0.0771, 0.0079,0
 0.0331, 0.0000,-0.3110, 3.1415, 0.6167,-6.6082, 4.2821,-0.0722, 0.0086,0
 0.0389, 0.0000,-0.3738, 3.1415, 0.5902,-6.3482, 4.6799,-0.1042, 0.0093,0
 0.0447, 0.0000,-0.4366, 3.1415, 0.5849,-6.2961, 4.6799,-0.0957, 0.0100,0
 0.0506, 0.0000,-0.4995, 3.1415, 0.5838,-6.2857, 3.1114,-0.0771, 0.0107,0
 0.0564, 0.0000,-0.5592, 3.1415, 0.5836,-6.0323, 4.6799,-0.0992, 0.0114,0
 0.0622, 0.0000,-0.6157, 3.1415, 0.5775,-5.7303, 4.6799,-0.1264, 0.0122,0
 0.0678, 0.0000,-0.6723, 3.1415, 0.5641,-5.6699, 4.3562,-0.1117, 0.0129,0
 0.0735, 0.0000,-0.7288, 3.1415, 0.5736,-5.6578, 0.7398,-0.0874, 0.0136,0
 0.0792, 0.0000,-0.7791, 3.1415, 0.5694,-5.1528, 4.6799,-0.1392, 0.0143,0
 0.0845, 0.0000,-0.8293, 3.1415, 0.5383,-5.0517, 2.3084,-0.1276, 0.0150,0
 0.0899, 0.0000,-0.8796, 3.1415, 0.5381,-5.0315,-1.0427,-0.1032, 0.0158,0
 0.0946, 0.0000,-0.9236, 3.1415, 0.4835,-4.5249, 2.6224,-0.1463, 0.0165,0
 0.0997, 0.0000,-0.9644, 3.1415, 0.5029,-4.1722, 1.1679,-0.1655, 0.0172,0
 0.1047, 0.0000,-1.0053, 3.1415, 0.5007,-4.1017,-2.1269,-0.1492, 0.0179,0
 0.1087, 0.0000,-1.0398, 3.1415, 0.4215,-3.5849,-0.2047,-0.1836, 0.0186,0
 0.1130, 0.0000,-1.0744, 3.1415, 0.4299,-3.4815,-3.2650,-0.1722, 0.0193,0
 0.1169, 0.0000,-1.1058, 3.1415, 0.3952,-3.2095,-3.6596,-0.1777, 0.0201,0
 0.1202, 0.0000,-1.1309, 3.1415, 0.3458,-2.6525,-3.1451,-0.2072, 0.0208,0
 0.1233, 0.0000,-1.1529, 3.1415, 0.3117,-2.2897,-4.5143,-0.2179, 0.0215,0
 0.1258, 0.0000,-1.1749, 3.1415, 0.2624,-2.2172,-4.6799,-0.2080, 0.0222,0
 0.1278, 0.0000,-1.1906, 3.1415, 0.2161,-1.7000,-4.6799,-0.2259, 0.0229,0
 0.1296, 0.0000,-1.2032, 3.1415, 0.1887,-1.3453,-4.6799,-0.2327, 0.0237,0
 0.1310, 0.0000,-1.2157, 3.1415, 0.1468,-1.2743,-4.6799,-0.2268, 0.0244,0
 0.1318, 0.0000,-1.2220, 3.1415, 0.0900,-0.7575,-4.6799,-0.2373, 0.0251,0
 0.1322, 0.0000,-1.2252, 3.1415, 0.0543,-0.4028,-4.6799,-0.2409, 0.0258,0
 0.1324, 0.0000,-1.2252, 3.1415, 0.0290,-0.0805,-4.6799,-0.2431, 0.0265,0
 0.1323, 0.0000,-1.2220, 3.1415,-0.0063, 0.2352,-4.6799,-0.2445, 0.0272,0
 0.1317, 0.0000,-1.2157, 3.1415,-0.0497, 0.5496,-4.6799,-0.2453, 0.0280,0
 0.1311, 0.0000,-1.2095, 3.1415,-0.0584, 0.6125,-4.6799,-0.2485, 0.0287,0
 0.1302, 0.0000,-1.1969, 3.1415,-0.0844, 1.1278,-4.6799,-0.2444, 0.0294,0
 0.1289, 0.0000,-1.1812, 3.1415,-0.1199, 1.4822,-4.6799,-0.2419, 0.0301,0
 0.1274, 0.0000,-1.1623, 3.1415,-0.1452, 1.8044,-4.6799,-0.2396, 0.0308,0
 0.1258, 0.0000,-1.1403, 3.1415,-0.1563, 2.1201,-4.6799,-0.2366, 0.0316,0
 0.1236, 0.0000,-1.1152, 3.1415,-0.2010, 2.4346,-4.6799,-0.2329, 0.0323,0
 0.1214, 0.0000,-1.0901, 3.1415,-0.2221, 2.4975,-4.6799,-0.2446, 0.0330,0
 0.1188, 0.0000,-1.0587, 3.1415,-0.2505, 3.0127,-4.6799,-0.2247, 0.0337,0
 0.1159, 0.0000,-1.0241, 3.1415,-0.2805, 3.3671,-4.6799,-0.2145, 0.0344,0
 0.1126, 0.0000,-0.9864, 3.1415,-0.3228, 3.6893,-4.6799,-0.2055, 0.0351,0
 0.1090, 0.0000,-0.9456, 3.1415,-0.3495, 4.0051,-4.6799,-0.1956, 0.0359,0
 0.1051, 0.0000,-0.9047, 3.1415,-0.3791, 4.0682,-4.6799,-0.2119, 0.0366,0
 0.1010, 0.0000,-0.8576, 3.1415,-0.4093, 4.5835,-4.6799,-0.1756, 0.0373,0
 0.0964, 0.0000,-0.8073, 3.1415,-0.4517, 4.9379,-4.6799,-0.1551, 0.0380,0
 0.0916, 0.0000,-0.7571, 3.1415,-0.4723, 5.0088,-4.6799,-0.1706, 0.0387,0
 0.0865, 0.0000,-0.7037, 3.1415,-0.5007, 5.2743,-4.6799,-0.1580, 0.0395,0
 0.0809, 0.0000,-0.6440, 3.1415,-0.5488, 5.8300,-4.6799,-0.0983, 0.0402,0
 0.0749, 0.0000,-0.5843, 3.1415,-0.5887, 5.9412,-4.6799,-0.1047, 0.0409,0
 0.0687, 0.0000,-0.5215, 3.1415,-0.6149, 6.2147,-4.6799,-0.0819, 0.0416,0
 0.0622, 0.0000,-0.4555, 3.1415,-0.6444, 6.5208,-3.5888,-0.0495, 0.0423,0
 0.0553, 0.0000,-0.3895, 3.1415,-0.6806, 6.5820,-4.6799,-0.0577, 0.0430,0
 0.0481, 0.0000,-0.3204, 3.1415,-0.7121, 6.8456,-1.1012,-0.0254, 0.0438,0
 0.0409, 0.0000,-0.2481, 3.1415,-0.7184, 7.1496, 4.6799, 0.0195, 0.0445,0
 0.0342, 0.0000,-0.1759, 3.1415,-0.6772, 7.2104, 3.2214, 0.0208, 0.0452,0
 0.0272, 0.0000,-0.1068, 3.1415,-0.6932, 6.9712,-4.6799,-0.0336, 0.0459,0
 0.0200, 0.0000,-0.0376, 3.1415,-0.7207, 6.9234,-4.6799,-0.0465, 0.0466,0
 0.0125, 0.0000, 0.0345, 3.1415,-0.7383, 7.1652, 1.6336, 0.0011, 0.0473,0
 0.0065, 0.0000, 0.1068, 3.1415,-0.6266, 7.2135, 1.1403, 0.0144, 0.0481,0
 0.0003, 0.0000, 0.1759, 3.1415,-0.6285, 6.9719,-4.6799,-0.0265, 0.0488,0
-0.0064, 0.0000, 0.2419, 3.1415,-0.6653, 6.6722,-4.6799,-0.0739, 0.0495,0
-0.0129, 0.0000, 0.3110, 3.1415,-0.6545, 6.8636,-3.1051,-0.0241, 0.0502,0
-0.0188, 0.0000, 0.3769, 3.1415,-0.6038, 6.6506,-4.6799,-0.0484, 0.0509,0
-0.0252, 0.0000, 0.4398, 3.1415,-0.6300, 6.3566,-4.6799,-0.0840, 0.0517,0
-0.0310, 0.0000, 0.5057, 3.1415,-0.5928, 6.5492,-2.7375,-0.0276, 0.0524,0
-0.0372, 0.0000, 0.5654, 3.1415,-0.6097, 6.0850,-4.6799,-0.0879, 0.0531,0
-0.0434, 0.0000, 0.6283, 3.1415,-0.6191, 6.2435,-2.1824,-0.0352, 0.0538,0
-0.0488, 0.0000, 0.6848, 3.1415,-0.5543, 5.7726,-4.6799,-0.0896, 0.0545,0
-0.0545, 0.0000, 0.7414, 3.1415,-0.5716, 5.6784,-4.6799,-0.0781, 0.0552,0
-0.0606, 0.0000, 0.7948, 3.1415,-0.5994, 5.4082,-4.6799,-0.0934, 0.0560,0
-0.0660, 0.0000, 0.8482, 3.1415,-0.5564, 5.3542,-2.5872,-0.0735, 0.0567,0
-0.0717, 0.0000, 0.8953, 3.1415,-0.5660, 4.8407,-4.6799,-0.1209, 0.0574,0
-0.0773, 0.0000, 0.9424, 3.1415,-0.5558, 4.7380,-1.9058,-0.1077, 0.0581,0
-0.0826, 0.0000, 0.9864, 3.1415,-0.5416, 4.4661,-1.3659,-0.1168, 0.0588,0
-0.0882, 0.0000, 1.0273, 3.1415,-0.5570, 4.1604,-0.2221,-0.1290, 0.0596,0
-0.0934, 0.0000, 1.0649, 3.1415,-0.5237, 3.8480, 0.6754,-0.1406, 0.0603,0
-0.0980, 0.0000, 1.0995, 3.1415,-0.4746, 3.5342, 1.4908,-0.1511, 0.0610,0
-0.1027, 0.0000, 1.1341, 3.1415,-0.4708, 3.4714, 3.9357,-0.1349, 0.0617,0
-0.1069, 0.0000, 1.1623, 3.1415,-0.4276, 2.9562, 3.1834,-0.1628, 0.0624,0
-0.1107, 0.0000, 1.1875, 3.1415,-0.3886, 2.6018, 4.3345,-0.1737, 0.0631,0
-0.1139, 0.0000, 1.2126, 3.1415,-0.3384, 2.5309, 4.6799,-0.1620, 0.0639,0
-0.1167, 0.0000, 1.2315, 3.1415,-0.2859, 2.0141, 4.6799,-0.1821, 0.0646,0
-0.1193, 0.0000, 1.2472, 3.1415,-0.2694, 1.6594, 4.6799,-0.1897, 0.0653,0
-0.1213, 0.0000, 1.2597, 3.1415,-0.2115, 1.3371, 4.6799,-0.1947, 0.0660,0
-0.1228, 0.0000, 1.2692, 3.1415,-0.1635, 1.0214, 4.6799,-0.1986, 0.0667,0
-0.1239, 0.0000, 1.2754, 3.1415,-0.1176, 0.7069, 4.6799,-0.2019, 0.0675,0
-0.1246, 0.0000, 1.2754, 3.1415,-0.0841, 0.1413, 4.6799,-0.2087, 0.0682,0
-0.1249, 0.0000, 1.2754, 3.1415,-0.0350, 0.0282, 4.6799,-0.2089, 0.0689,0
-0.1247, 0.0000, 1.2723, 3.1415, 0.0051,-0.2456, 4.6799,-0.2103, 0.0696,0
-0.1242, 0.0000, 1.2660, 3.1415, 0.0434,-0.5517, 4.6799,-0.2111, 0.0703,0
-0.1233, 0.0000, 1.2534, 3.1415, 0.0753,-1.1156, 4.6799,-0.2066, 0.0710,0
-0.1223, 0.0000, 1.2409, 3.1415, 0.0999,-1.2284, 4.6799,-0.2114, 0.0718,0
-0.1208, 0.0000, 1.2252, 3.1415, 0.1351,-1.5023, 4.6799,-0.2116, 0.0725,0
-0.1192, 0.0000, 1.2063, 3.1415, 0.1543,-1.8084, 4.6799,-0.2101, 0.0732,0
-0.1174, 0.0000, 1.1812, 3.1415, 0.1763,-2.3723, 4.6799,-0.1939, 0.0739,0
-0.1155, 0.0000, 1.1561, 3.1415, 0.1929,-2.4850, 4.6799,-0.2028, 0.0746,0
-0.1130, 0.0000, 1.1278, 3.1415, 0.2326,-2.7589, 4.6799,-0.2012, 0.0754,0
-0.1104, 0.0000, 1.0964, 3.1415, 0.2587,-3.0650, 4.6799,-0.1964, 0.0761,0
-0.1076, 0.0000, 1.0618, 3.1415, 0.2760,-3.3776, 4.6799,-0.1901, 0.0768,0
-0.1044, 0.0000, 1.0241, 3.1415, 0.3098,-3.6914, 4.6799,-0.1825, 0.0775,0
-0.1008, 0.0000, 0.9833, 3.1415, 0.3469,-4.0055, 4.6799,-0.1733, 0.0782,0
-0.0971, 0.0000, 0.9393, 3.1415, 0.3664,-4.3196, 4.6799,-0.1626, 0.0789,0
-0.0929, 0.0000, 0.8890, 3.1415, 0.4067,-4.8851, 4.6799,-0.1183, 0.0797,0
-0.0884, 0.0000, 0.8388, 3.1415, 0.4451,-4.9982, 4.6799,-0.1301, 0.0804,0
-0.0836, 0.0000, 0.7853, 3.1415, 0.4710,-5.2722, 4.6799,-0.1186, 0.0811,0
-0.0786, 0.0000, 0.7288, 3.1415, 0.4943,-5.5783, 4.6799,-0.1000, 0.0818,0
-0.0732, 0.0000, 0.6723, 3.1415, 0.5354,-5.6395, 4.6799,-0.1165, 0.0825,0
-0.0674, 0.0000, 0.6094, 3.1415, 0.5679,-6.1544, 4.6799,-0.0585, 0.0833,0
-0.0613, 0.0000, 0.5466, 3.1415, 0.5986,-6.2574, 4.6799,-0.0652, 0.0840,0
-0.0550, 0.0000, 0.4806, 3.1415, 0.6290,-6.5293, 4.6799,-0.0398, 0.0847,0
-0.0482, 0.0000, 0.4115, 3.1415, 0.6654,-6.8350, 2.8534,-0.0040, 0.0854,0
-0.0412, 0.0000, 0.3392, 3.1415, 0.6969,-7.1475,-2.8697, 0.0380, 0.0861,0
-0.0346, 0.0000, 0.2670, 3.1415, 0.6669,-7.2100, 0.2007, 0.0351, 0.0868,0
-0.0274, 0.0000, 0.1947, 3.1415, 0.7094,-7.2225, 2.1811, 0.0257, 0.0876,0
-0.0201, 0.0000, 0.1225, 3.1415, 0.7239,-7.2250, 3.5875, 0.0181, 0.0883,0
-0.0128, 0.0000, 0.0471, 3.1415, 0.7268,-7.4768,-4.6799, 0.0653, 0.0890,0
-0.0063, 0.0000,-0.0251, 3.1415, 0.6668,-7.2759, 4.6799, 0.0232, 0.0897,0
 0.0011, 0.0000,-0.1005, 3.1415, 0.7336,-7.4870,-4.6799, 0.0703, 0.0904,0
 0.0077, 0.0000,-0.1727, 3.1415, 0.6742,-7.2779, 3.6879, 0.0341, 0.0912,0
 0.0143, 0.0000,-0.2450, 3.1415, 0.6623,-7.2361, 2.4958, 0.0364, 0.0919,0
 0.0207, 0.0000,-0.3141, 3.1415, 0.6478,-6.9764, 4.6799,-0.0015, 0.0926,0
 0.0273, 0.0000,-0.3832, 3.1415, 0.6570,-6.9244, 4.6799, 0.0052, 0.0933,0
 0.0335, 0.0000,-0.4492, 3.1415, 0.6225,-6.6627, 4.6799,-0.0253, 0.0940,0
 0.0397, 0.0000,-0.5152, 3.1415, 0.6277,-6.6104, 4.6799,-0.0131, 0.0947,0
 0.0460, 0.0000,-0.5811, 3.1415, 0.6227,-6.5999, 3.3478, 0.0096, 0.0955,0
 0.0522, 0.0000,-0.6440, 3.1415, 0.6278,-6.3465, 4.6799,-0.0103, 0.0962,0
 0.0583, 0.0000,-0.7037, 3.1415, 0.6106,-6.0445, 4.6799,-0.0359, 0.0969,0
 0.0642, 0.0000,-0.7634, 3.1415, 0.5950,-5.9841, 3.6130,-0.0174, 0.0976,0
 0.0700, 0.0000,-0.8199, 3.1415, 0.5798,-5.7207, 4.4335,-0.0317, 0.0983,0
 0.0758, 0.0000,-0.8733, 3.1415, 0.5828,-5.4167, 4.4178,-0.0504, 0.0991,0
 0.0815, 0.0000,-0.9236, 3.1415, 0.5713,-5.1045, 3.8857,-0.0681, 0.0998,0
 0.0873, 0.0000,-0.9738, 3.1415, 0.5750,-5.0421, 0.0842,-0.0477, 0.1005,0
 0.0928, 0.0000,-1.0210, 3.1415, 0.5576,-4.7783,-0.2027,-0.0555, 0.1012,0
 0.0976, 0.0000,-1.0649, 3.1415, 0.4995,-4.4742,-0.4433,-0.0676, 0.1019,0
 0.1027, 0.0000,-1.1058, 3.1415, 0.5061,-4.1621,-1.6857,-0.0794, 0.1026,0
 0.1075, 0.0000,-1.1403, 3.1415, 0.4832,-3.5970,-1.4710,-0.1184, 0.1034,0
 0.1117, 0.0000,-1.1749, 3.1415, 0.4361,-3.4840,-3.9636,-0.1069, 0.1041,0
 0.1156, 0.0000,-1.2063, 3.1415, 0.3964,-3.2100,-4.5415,-0.1116, 0.1048,0
 0.1191, 0.0000,-1.2346, 3.1415, 0.3582,-2.9039,-4.6799,-0.1188, 0.1055,0
 0.1222, 0.0000,-1.2566, 3.1415, 0.3202,-2.3400,-4.6799,-0.1452, 0.1062,0
 0.1249, 0.0000,-1.2786, 3.1415, 0.2762,-2.2273,-4.6799,-0.1373, 0.1070,0
 0.1271, 0.0000,-1.2943, 3.1415, 0.2310,-1.7020,-4.6799,-0.1554, 0.1077,0
 0.1288, 0.0000,-1.3100, 3.1415, 0.1856,-1.5970,-4.6799,-0.1494, 0.1084,0
 0.1301, 0.0000,-1.3194, 3.1415, 0.1402,-1.0733,-4.6799,-0.1624, 0.1091,0
 0.1312, 0.0000,-1.3288, 3.1415, 0.1189,-0.9686,-4.6799,-0.1588, 0.1098,0
 0.1318, 0.0000,-1.3320, 3.1415, 0.0662,-0.4450,-4.6799,-0.1670, 0.1105,0
 0.1320, 0.0000,-1.3351, 3.1415, 0.0314,-0.3403,-4.6799,-0.1660, 0.1113,0
 0.1321, 0.0000,-1.3320, 3.1415, 0.0123, 0.1832,-4.6799,-0.1693, 0.1120,0
 0.1317, 0.0000,-1.3288, 3.1415,-0.0278, 0.2879,-4.6799,-0.1708, 0.1127,0
 0.1310, 0.0000,-1.3194, 3.1415,-0.0601, 0.8115,-4.6799,-0.1693, 0.1134,0
 0.1301, 0.0000,-1.3069, 3.1415,-0.0847, 1.1676,-4.6799,-0.1682, 0.1141,0
 0.1289, 0.0000,-1.2943, 3.1415,-0.1079, 1.2388,-4.6799,-0.1745, 0.1148,0
 0.1276, 0.0000,-1.2754, 3.1415,-0.1307, 1.7557,-4.6799,-0.1658, 0.1156,0
 0.1260, 0.0000,-1.2566, 3.1415,-0.1534, 1.8591,-4.6799,-0.1735, 0.1163,0
 0.1241, 0.0000,-1.2315, 3.1415,-0.1822, 2.3824,-4.6799,-0.1595, 0.1170,0
 0.1220, 0.0000,-1.2063, 3.1415,-0.2062, 2.4871,-4.6799,-0.1693, 0.1177,0
 0.1194, 0.0000,-1.1749, 3.1415,-0.2474, 3.0106,-4.6799,-0.1499, 0.1184,0
 0.1165, 0.0000,-1.1403, 3.1415,-0.2798, 3.3667,-4.6799,-0.1409, 0.1192,0
 0.1134, 0.0000,-1.1058, 3.1415,-0.3045, 3.4379,-4.6799,-0.1565, 0.1199,0
 0.1100, 0.0000,-1.0649, 3.1415,-0.3337, 3.9548,-4.6799,-0.1289, 0.1206,0
 0.1063, 0.0000,-1.0241, 3.1415,-0.3638, 4.0582,-4.6799,-0.1427, 0.1213,0
 0.1022, 0.0000,-0.9770, 3.1415,-0.4001, 4.5815,-4.6799,-0.1078, 0.1220,0
 0.0978, 0.0000,-0.9267, 3.1415,-0.4317, 4.9375,-4.6799,-0.0898, 0.1227,0
 0.0930, 0.0000,-0.8765, 3.1415,-0.4683, 5.0087,-4.6799,-0.1082, 0.1235,0
 0.0879, 0.0000,-0.8199, 3.1415,-0.5059, 5.5256,-4.6799,-0.0624, 0.1242,0
 0.0824, 0.0000,-0.7634, 3.1415,-0.5377, 5.6290,-4.6799,-0.0752, 0.1249,0
 0.0766, 0.0000,-0.7037, 3.1415,-0.5744, 5.9010,-4.6799,-0.0599, 0.1256,0
 0.0704, 0.0000,-0.6377, 3.1415,-0.6120, 6.4580,-3.9281, 0.0069, 0.1263,0
 0.0638, 0.0000,-0.5717, 3.1415,-0.6438, 6.5694,-4.6799, 0.0003, 0.1271,0
 0.0570, 0.0000,-0.5026, 3.1415,-0.6744, 6.8431,-4.4163, 0.0263, 0.1278,0
 0.0498, 0.0000,-0.4335, 3.1415,-0.7109, 6.8978,-4.6799, 0.0144, 0.1285,0
 0.0422, 0.0000,-0.3581, 3.1415,-0.7485, 7.4114, 4.6799, 0.0964, 0.1292,0
 0.0355, 0.0000,-0.2858, 3.1415,-0.6893, 7.2628,-4.6799, 0.0495, 0.1299,0
 0.0272, 0.0000,-0.2104, 3.1415,-0.7987, 7.4844, 2.1450, 0.0819, 0.1306,0
 0.0203, 0.0000,-0.1350, 3.1415,-0.7175, 7.5287,-0.0441, 0.0819, 0.1314,0
 0.0125, 0.0000,-0.0596, 3.1415,-0.7619, 7.5376,-0.8117, 0.0786, 0.1321,0
 0.0051, 0.0000, 0.0188, 3.1415,-0.7466, 7.7907, 4.6799, 0.1317, 0.1328,0
-0.0016, 0.0000, 0.0942, 3.1415,-0.6950, 7.5900,-1.3680, 0.0916, 0.1335,0
-0.0090, 0.0000, 0.1665, 3.1415,-0.7271, 7.2985,-4.6799, 0.0375, 0.1342,0
-0.0162, 0.0000, 0.2419, 3.1415,-0.7275, 7.4915, 1.0998, 0.0885, 0.1350,0
-0.0222, 0.0000, 0.3141, 3.1415,-0.6245, 7.2788,-4.6799, 0.0587, 0.1357,0
-0.0290, 0.0000, 0.3832, 3.1415,-0.6645, 6.9849,-4.6799, 0.0170, 0.1364,0
-0.0353, 0.0000, 0.4523, 3.1415,-0.6422, 6.9261,-4.6799, 0.0257, 0.1371,0
-0.0417, 0.0000, 0.5215, 3.1415,-0.6377, 6.9144,-4.6799, 0.0466, 0.1378,0
-0.0482, 0.0000, 0.5874, 3.1415,-0.6429, 6.6607,-4.6799, 0.0234, 0.1385,0
-0.0544, 0.0000, 0.6503, 3.1415,-0.6257, 6.3586,-4.6799,-0.0054, 0.1393,0
-0.0603, 0.0000, 0.7131, 3.1415,-0.5980, 6.2982,-4.6799, 0.0122, 0.1400,0
-0.0664, 0.0000, 0.7728, 3.1415,-0.6107, 6.0348,-4.6799,-0.0042, 0.1407,0
-0.0726, 0.0000, 0.8293, 3.1415,-0.6193, 5.7308,-4.6799,-0.0251, 0.1414,0
-0.0785, 0.0000, 0.8859, 3.1415,-0.5907, 5.6700,-3.1751,-0.0041, 0.1421,0
-0.0842, 0.0000, 0.9393, 3.1415,-0.5729, 5.4065,-3.1675,-0.0146, 0.1429,0
-0.0900, 0.0000, 0.9896, 3.1415,-0.5814, 5.1025,-2.3740,-0.0297, 0.1436,0
-0.0958, 0.0000, 1.0367, 3.1415,-0.5771, 4.7904,-1.2415,-0.0442, 0.1443,0
-0.1012, 0.0000, 1.0807, 3.1415,-0.5519, 4.4766,-0.0981,-0.0574, 0.1450,0
-0.1064, 0.0000, 1.1215, 3.1415,-0.5287, 4.1625, 1.1626,-0.0692, 0.1457,0
-0.1115, 0.0000, 1.1623, 3.1415,-0.5119, 4.0997, 3.8247,-0.0498, 0.1464,0
-0.1159, 0.0000, 1.1969, 3.1415,-0.4540, 3.5845, 3.0237,-0.0823, 0.1472,0
-0.1203, 0.0000, 1.2283, 3.1415,-0.4424, 3.2301, 4.6028,-0.0950, 0.1479,0
-0.1240, 0.0000, 1.2597, 3.1415,-0.3856, 3.1593, 4.6799,-0.0800, 0.1486,0
-0.1274, 0.0000, 1.2849, 3.1415,-0.3439, 2.6424, 4.6799,-0.1047, 0.1493,0
-0.1302, 0.0000, 1.3069, 3.1415,-0.2991, 2.2877, 4.6799,-0.1140, 0.1500,0
-0.1327, 0.0000, 1.3257, 3.1415,-0.2599, 1.9655, 4.6799,-0.1201, 0.1508,0
-0.1347, 0.0000, 1.3414, 3.1415,-0.2096, 1.6497, 4.6799,-0.1251, 0.1515,0
-0.1363, 0.0000, 1.3540, 3.1415,-0.1692, 1.3352, 4.6799,-0.1294, 0.1522,0
-0.1375, 0.0000, 1.3634, 3.1415,-0.1308, 1.0210, 4.6799,-0.1332, 0.1529,0
-0.1383, 0.0000, 1.3697, 3.1415,-0.0868, 0.7068, 4.6799,-0.1364, 0.1536,0
-0.1386, 0.0000, 1.3728, 3.1415,-0.0476, 0.3926, 4.6799,-0.1390, 0.1543,0
-0.1386, 0.0000, 1.3697, 3.1415,-0.0034,-0.1727, 4.6799,-0.1429, 0.1551,0
-0.1383, 0.0000, 1.3665, 3.1415, 0.0174,-0.2858, 4.6799,-0.1444, 0.1558,0
-0.1378, 0.0000, 1.3603, 3.1415, 0.0459,-0.5598, 4.6799,-0.1456, 0.1565,0
-0.1369, 0.0000, 1.3508, 3.1415, 0.0819,-0.8659, 4.6799,-0.1461, 0.1572,0
-0.1359, 0.0000, 1.3383, 3.1415, 0.0952,-1.1785, 4.6799,-0.1459, 0.1579,0
-0.1346, 0.0000, 1.3226, 3.1415, 0.1221,-1.4923, 4.6799,-0.1452, 0.1587,0
-0.1332, 0.0000, 1.3037, 3.1415, 0.1396,-1.8064, 4.6799,-0.1438, 0.1594,0
-0.1314, 0.0000, 1.2817, 3.1415, 0.1673,-2.1205, 4.6799,-0.1417, 0.1601,0
-0.1295, 0.0000, 1.2566, 3.1415, 0.1911,-2.4347, 4.6799,-0.1389, 0.1608,0
-0.1273, 0.0000, 1.2283, 3.1415, 0.2140,-2.7488, 4.6799,-0.1353, 0.1615,0
-0.1249, 0.0000, 1.1969, 3.1415, 0.2368,-3.0630, 4.6799,-0.1308, 0.1622,0
-0.1221, 0.0000, 1.1623, 3.1415, 0.2656,-3.3772, 4.6799,-0.1255, 0.1630,0
-0.1191, 0.0000, 1.1246, 3.1415, 0.2956,-3.6913, 4.6799,-0.1190, 0.1637,0
-0.1158, 0.0000, 1.0838, 3.1415, 0.3259,-4.0055, 4.6799,-0.1113, 0.1644,0
-0.1122, 0.0000, 1.0398, 3.1415, 0.3501,-4.3196, 4.6799,-0.1023, 0.1651,0
-0.1083, 0.0000, 0.9927, 3.1415, 0.3853,-4.6338, 4.6799,-0.0917, 0.1658,0
-0.1039, 0.0000, 0.9424, 3.1415, 0.4226,-4.9480, 4.6799,-0.0793, 0.1666,0
-0.0993, 0.0000, 0.8890, 3.1415, 0.4544,-5.2621, 4.6799,-0.0648, 0.1673,0
-0.0944, 0.0000, 0.8325, 3.1415, 0.4849,-5.5763, 4.6799,-0.0479, 0.1680,0
-0.0892, 0.0000, 0.7759, 3.1415, 0.5153,-5.6391, 4.6799,-0.0673, 0.1687,0
-0.0835, 0.0000, 0.7131, 3.1415, 0.5578,-6.1543, 4.6799,-0.0128, 0.1694,0
-0.0775, 0.0000, 0.6471, 3.1415, 0.5905,-6.5087, 4.6799, 0.0202, 0.1701,0
-0.0713, 0.0000, 0.5780, 3.1415, 0.6153,-6.8309, 4.6799, 0.0518, 0.1709,0
-0.0646, 0.0000, 0.5089, 3.1415, 0.6566,-6.8953, 4.6799, 0.0385, 0.1716,0
-0.0576, 0.0000, 0.4366, 3.1415, 0.6952,-7.1596, 4.6799, 0.0669, 0.1723,0
-0.0502, 0.0000, 0.3612, 3.1415, 0.7271,-7.4637, 0.0066, 0.1081, 0.1730,0
-0.0428, 0.0000, 0.2858, 3.1415, 0.7396,-7.5246, 2.8277, 0.1037, 0.1737,0
-0.0351, 0.0000, 0.2073, 3.1415, 0.7603,-7.7881,-4.6799, 0.1464, 0.1745,0
-0.0279, 0.0000, 0.1288, 3.1415, 0.7280,-7.8408,-3.1197, 0.1485, 0.1752,0
-0.0205, 0.0000, 0.0534, 3.1415, 0.7398,-7.6000, 4.6799, 0.0915, 0.1759,0
-0.0131, 0.0000,-0.0251, 3.1415, 0.7361,-7.8031,-1.0808, 0.1345, 0.1766,0
-0.0063, 0.0000,-0.1005, 3.1415, 0.6929,-7.5924, 4.6799, 0.0925, 0.1773,0
 0.0009, 0.0000,-0.1759, 3.1415, 0.7267,-7.5503, 4.6799, 0.0911, 0.1780,0
 0.0079, 0.0000,-0.2513, 3.1415, 0.7031,-7.5419, 4.6799, 0.1007, 0.1788,0
 0.0150, 0.0000,-0.3267, 3.1415, 0.7045,-7.5402, 3.3754, 0.1158, 0.1795,0
 0.0216, 0.0000,-0.4021, 3.1415, 0.6684,-7.5399, 0.7980, 0.1350, 0.1802,0
 0.0281, 0.0000,-0.4712, 3.1415, 0.6611,-7.0371, 4.6799, 0.0534, 0.1809,0
 0.0350, 0.0000,-0.5434, 3.1415, 0.6779,-7.1879, 2.6993, 0.1087, 0.1816,0
 0.0413, 0.0000,-0.6094, 3.1415, 0.6449,-6.7154, 4.6799, 0.0425, 0.1824,0
 0.0477, 0.0000,-0.6754, 3.1415, 0.6383,-6.6209, 4.6799, 0.0533, 0.1831,0
 0.0540, 0.0000,-0.7414, 3.1415, 0.6309,-6.6020, 4.0849, 0.0806, 0.1838,0
 0.0601, 0.0000,-0.8042, 3.1415, 0.6173,-6.3469, 4.6799, 0.0658, 0.1845,0
 0.0662, 0.0000,-0.8607, 3.1415, 0.6085,-5.7932, 4.6799, 0.0017, 0.1852,0
 0.0723, 0.0000,-0.9173, 3.1415, 0.6067,-5.6825, 4.6799, 0.0155, 0.1859,0
 0.0784, 0.0000,-0.9738, 3.1415, 0.6124,-5.6604, 1.2029, 0.0449, 0.1867,0
 0.0840, 0.0000,-1.0241, 3.1415, 0.5711,-5.1533, 4.0657,-0.0014, 0.1874,0
 0.0897, 0.0000,-1.0744, 3.1415, 0.5689,-5.0519, 0.2343, 0.0153, 0.1881,0
 0.0953, 0.0000,-1.1215, 3.1415, 0.5624,-4.7802,-0.7771, 0.0080, 0.1888,0
 0.1002, 0.0000,-1.1655, 3.1415, 0.5066,-4.4746,-1.4490,-0.0028, 0.1895,0
 0.1052, 0.0000,-1.2032, 3.1415, 0.5015,-3.9108,-1.6498,-0.0439, 0.1902,0
 0.1098, 0.0000,-1.2409, 3.1415, 0.4641,-3.7981,-4.1970,-0.0306, 0.1910,0
 0.1142, 0.0000,-1.2754, 3.1415, 0.4505,-3.5242,-4.6799,-0.0351, 0.1917,0
 0.1180, 0.0000,-1.3037, 3.1415, 0.3932,-2.9667,-4.6799,-0.0662, 0.1924,0
 0.1212, 0.0000,-1.3320, 3.1415, 0.3333,-2.8553,-4.6799,-0.0556, 0.1931,0
 0.1242, 0.0000,-1.3540, 3.1415, 0.3091,-2.3303,-4.6799,-0.0784, 0.1938,0
 0.1268, 0.0000,-1.3760, 3.1415, 0.2679,-2.2253,-4.6799,-0.0696, 0.1946,0
 0.1289, 0.0000,-1.3917, 3.1415, 0.2173,-1.7017,-4.6799,-0.0873, 0.1953,0
 0.1308, 0.0000,-1.4074, 3.1415, 0.1950,-1.5969,-4.6799,-0.0810, 0.1960,0
 0.1320, 0.0000,-1.4168, 3.1415, 0.1360,-1.0733,-4.6799,-0.0939, 0.1967,0
 0.1330, 0.0000,-1.4262, 3.1415, 0.1060,-0.9686,-4.6799,-0.0902, 0.1974,0
 0.1336, 0.0000,-1.4294, 3.1415, 0.0757,-0.4450,-4.6799,-0.0984, 0.1981,0
 0.1340, 0.0000,-1.4325, 3.1415, 0.0394,-0.3403,-4.6799,-0.0973, 0.1989,0
 0.1339, 0.0000,-1.4294, 3.1415, 0.0018, 0.1832,-4.6799,-0.1007, 0.1996,0
 0.1337, 0.0000,-1.4262, 3.1415,-0.0117, 0.2879,-4.6799,-0.1022, 0.2003,0
 0.1333, 0.0000,-1.4168, 3.1415,-0.0326, 0.8115,-4.6799,-0.1008, 0.2010,0
 0.1324, 0.0000,-1.4074, 3.1415,-0.0792, 0.9162,-4.6799,-0.1050, 0.2017,0
 0.1314, 0.0000,-1.3917, 3.1415,-0.0946, 1.4398,-4.6799,-0.0988, 0.2025,0
 0.1302, 0.0000,-1.3760, 3.1415,-0.1159, 1.5446,-4.6799,-0.1055, 0.2032,0
 0.1289, 0.0000,-1.3540, 3.1415,-0.1323, 2.0682,-4.6799,-0.0945, 0.2039,0
 0.1271, 0.0000,-1.3320, 3.1415,-0.1659, 2.1729,-4.6799,-0.1037, 0.2046,0
 0.1252, 0.0000,-1.3069, 3.1415,-0.1908, 2.4451,-4.6799,-0.1036, 0.2053,0
 0.1230, 0.0000,-1.2754, 3.1415,-0.2079, 3.0023,-4.6799,-0.0827, 0.2060,0
 0.1205, 0.0000,-1.2440, 3.1415,-0.2416, 3.1137,-4.6799,-0.0947, 0.2068,0
 0.1176, 0.0000,-1.2063, 3.1415,-0.2848, 3.6386,-4.6799,-0.0705, 0.2075,0
 0.1145, 0.0000,-1.1686, 3.1415,-0.3055, 3.7436,-4.6799,-0.0848, 0.2082,0
 0.1110, 0.0000,-1.1246, 3.1415,-0.3400, 4.2673,-4.6799,-0.0548, 0.2089,0
 0.1072, 0.0000,-1.0807, 3.1415,-0.3711, 4.3720,-4.6799,-0.0704, 0.2096,0
 0.1031, 0.0000,-1.0304, 3.1415,-0.4016, 4.8956,-4.6799,-0.0338, 0.2104,0
 0.0987, 0.0000,-0.9801, 3.1415,-0.4320, 5.0003,-4.6799,-0.0498, 0.2111,0
 0.0939, 0.0000,-0.9236, 3.1415,-0.4744, 5.5239,-4.6799,-0.0057, 0.2118,0
 0.0887, 0.0000,-0.8670, 3.1415,-0.5071, 5.6286,-4.6799,-0.0210, 0.2125,0
 0.0831, 0.0000,-0.8073, 3.1415,-0.5501, 5.9009,-4.6799,-0.0089, 0.2132,0
 0.0772, 0.0000,-0.7414, 3.1415,-0.5829, 6.4580,-4.6799, 0.0542, 0.2139,0
 0.0708, 0.0000,-0.6754, 3.1415,-0.6259, 6.5694,-4.6799, 0.0437, 0.2147,0
 0.0641, 0.0000,-0.6063, 3.1415,-0.6587, 6.8431,-4.6799, 0.0655, 0.2154,0
 0.0572, 0.0000,-0.5340, 3.1415,-0.6895, 7.1491,-4.6799, 0.0974, 0.2161,0
 0.0497, 0.0000,-0.4586, 3.1415,-0.7321, 7.4616,-1.1629, 0.1356, 0.2168,0
 0.0421, 0.0000,-0.3801, 3.1415,-0.7588, 7.7755, 4.6799, 0.1795, 0.2175,0
 0.0351, 0.0000,-0.3015, 3.1415,-0.7095, 7.8382, 1.3677, 0.1744, 0.2183,0
 0.0275, 0.0000,-0.2261, 3.1415,-0.7482, 7.5995,-4.6799, 0.1087, 0.2190,0
 0.0195, 0.0000,-0.1445, 3.1415,-0.7923, 8.0544, 4.6799, 0.1976, 0.2197,0
 0.0128, 0.0000,-0.0659, 3.1415,-0.6981, 7.8940,-4.5230, 0.1558, 0.2204,0
 0.0048, 0.0000, 0.0125, 3.1415,-0.7762, 7.8619,-4.6799, 0.1473, 0.2211,0
-0.0024, 0.0000, 0.0911, 3.1415,-0.7373, 7.8555,-4.6799, 0.1488, 0.2218,0
-0.0101, 0.0000, 0.1696, 3.1415,-0.7659, 7.8543,-3.4482, 0.1558, 0.2226,0
-0.0174, 0.0000, 0.2481, 3.1415,-0.7352, 7.8540,-1.8893, 0.1675, 0.2233,0
-0.0247, 0.0000, 0.3267, 3.1415,-0.7351, 7.8539, 0.6234, 0.1834, 0.2240,0
-0.0313, 0.0000, 0.4021, 3.1415,-0.6745, 7.6026,-4.6799, 0.1483, 0.2247,0
-0.0387, 0.0000, 0.4775, 3.1415,-0.7230, 7.5523,-2.8384, 0.1607, 0.2254,0
-0.0455, 0.0000, 0.5497, 3.1415,-0.6903, 7.2910,-4.6799, 0.1319, 0.2262,0
-0.0519, 0.0000, 0.6188, 3.1415,-0.6534, 6.9874,-4.6799, 0.0986, 0.2269,0
-0.0585, 0.0000, 0.6880, 3.1415,-0.6521, 6.9266,-4.6799, 0.1169, 0.2276,0
-0.0649, 0.0000, 0.7539, 3.1415,-0.6458, 6.6632,-4.6799, 0.0981, 0.2283,0
-0.0713, 0.0000, 0.8168, 3.1415,-0.6384, 6.3591,-4.6799, 0.0745, 0.2290,0
-0.0775, 0.0000, 0.8796, 3.1415,-0.6248, 6.2983,-3.6669, 0.0976, 0.2297,0
-0.0837, 0.0000, 0.9393, 3.1415,-0.6221, 6.0349,-3.6104, 0.0859, 0.2305,0
-0.0897, 0.0000, 0.9927, 3.1415,-0.6034, 5.4795,-4.6799, 0.0279, 0.2312,0
-0.0958, 0.0000, 1.0461, 3.1415,-0.6057, 5.3684,-1.7754, 0.0437, 0.2319,0
-0.1017, 0.0000, 1.0995, 3.1415,-0.5940, 5.3462, 1.7298, 0.0741, 0.2326,0
-0.1068, 0.0000, 1.1466, 3.1415,-0.5311, 4.8391,-0.0855, 0.0323, 0.2333,0
-0.1123, 0.0000, 1.1906, 3.1415,-0.5427, 4.4864, 1.8599, 0.0153, 0.2341,0
-0.1172, 0.0000, 1.2315, 3.1415,-0.5026, 4.1645, 3.2523, 0.0038, 0.2348,0
-0.1220, 0.0000, 1.2723, 3.1415,-0.4825, 4.1001, 4.6799, 0.0242, 0.2355,0
-0.1258, 0.0000, 1.3069, 3.1415,-0.4057, 3.5846, 4.6799,-0.0074, 0.2362,0
-0.1296, 0.0000, 1.3383, 3.1415,-0.3843, 3.2301, 4.6799,-0.0193, 0.2369,0
-0.1330, 0.0000, 1.3665, 3.1415,-0.3497, 2.9079, 4.6799,-0.0272, 0.2376,0
-0.1358, 0.0000, 1.3917, 3.1415,-0.2882, 2.5922, 4.6799,-0.0338, 0.2384,0
-0.1380, 0.0000, 1.4137, 3.1415,-0.2395, 2.2777, 4.6799,-0.0397, 0.2391,0
-0.1399, 0.0000, 1.4325, 3.1415,-0.1994, 1.9635, 4.6799,-0.0449, 0.2398,0
-0.1415, 0.0000, 1.4482, 3.1415,-0.1672, 1.6493, 4.6799,-0.0496, 0.2405,0
-0.1426, 0.0000, 1.4608, 3.1415,-0.1183, 1.3351, 4.6799,-0.0538, 0.2412,0
-0.1433, 0.0000, 1.4702, 3.1415,-0.0782, 1.0210, 4.6799,-0.0574, 0.2420,0
-0.1435, 0.0000, 1.4765, 3.1415,-0.0338, 0.7068, 4.6799,-0.0605, 0.2427,0
-0.1433, 0.0000, 1.4796, 3.1415, 0.0053, 0.3927, 4.6799,-0.0631, 0.2434,0
-0.1431, 0.0000, 1.4796, 3.1415, 0.0192, 0.0785, 4.6799,-0.0652, 0.2441,0
-0.1424, 0.0000, 1.4765, 3.1415, 0.0584,-0.2356, 4.6799,-0.0668, 0.2448,0
-0.1413, 0.0000, 1.4734, 3.1415, 0.1026,-0.2984, 4.6799,-0.0685, 0.2455,0
-0.1401, 0.0000, 1.4639, 3.1415, 0.1175,-0.8136, 4.6799,-0.0672, 0.2463,0
-0.1388, 0.0000, 1.4514, 3.1415, 0.1265,-1.1680, 4.6799,-0.0664, 0.2470,0
-0.1371, 0.0000, 1.4357, 3.1415, 0.1587,-1.4902, 4.6799,-0.0656, 0.2477,0
-0.1352, 0.0000, 1.4168, 3.1415, 0.1833,-1.8060, 4.6799,-0.0644, 0.2484,0
-0.1333, 0.0000, 1.3948, 3.1415, 0.1943,-2.1204, 4.6799,-0.0627, 0.2491,0
-0.1311, 0.0000, 1.3697, 3.1415, 0.2146,-2.4347, 4.6799,-0.0604, 0.2499,0
-0.1286, 0.0000, 1.3414, 3.1415, 0.2430,-2.7488, 4.6799,-0.0574, 0.2506,0
-0.1258, 0.0000, 1.3100, 3.1415, 0.2729,-3.0630, 4.6799,-0.0537, 0.2513,0
-0.1227, 0.0000, 1.2786, 3.1415, 0.3031,-3.1258, 4.6799,-0.0700, 0.2520,0
-0.1193, 0.0000, 1.2409, 3.1415, 0.3274,-3.6411, 4.6799,-0.0469, 0.2527,0
-0.1158, 0.0000, 1.2000, 3.1415, 0.3443,-3.9954, 4.6799,-0.0366, 0.2534,0
-0.1120, 0.0000, 1.1561, 3.1415, 0.3781,-4.3176, 4.6799,-0.0283, 0.2542,0
-0.1078, 0.0000, 1.1121, 3.1415, 0.4091,-4.3821, 4.6799,-0.0490, 0.2549,0
-0.1032, 0.0000, 1.0618, 3.1415, 0.4516,-4.8976, 4.6799,-0.0140, 0.2556,0
-0.0985, 0.0000, 1.0084, 3.1415, 0.4662,-5.2520, 4.6799, 0.0033, 0.2563,0
-0.0934, 0.0000, 0.9519, 3.1415, 0.4994,-5.5743, 4.6799, 0.0184, 0.2570,0
-0.0879, 0.0000, 0.8953, 3.1415, 0.5364,-5.6387, 4.6799,-0.0038, 0.2577,0
-0.0821, 0.0000, 0.8325, 3.1415, 0.5741,-6.1543, 4.6799, 0.0469, 0.2585,0
-0.0760, 0.0000, 0.7665, 3.1415, 0.5999,-6.5087, 4.6799, 0.0758, 0.2592,0
-0.0696, 0.0000, 0.7005, 3.1415, 0.6353,-6.5796, 4.6799, 0.0571, 0.2599,0
-0.0626, 0.0000, 0.6283, 3.1415, 0.6909,-7.0964, 4.6799, 0.1240, 0.2606,0
-0.0552, 0.0000, 0.5529, 3.1415, 0.7263,-7.4511, 1.8653, 0.1661, 0.2613,0
-0.0478, 0.0000, 0.4775, 3.1415, 0.7394,-7.5220, 4.6799, 0.1543, 0.2621,0
-0.0398, 0.0000, 0.4021, 3.1415, 0.7845,-7.5362, 4.6799, 0.1343, 0.2628,0
-0.0316, 0.0000, 0.3204, 3.1415, 0.8178,-8.0417,-4.6799, 0.2238, 0.2635,0
-0.0240, 0.0000, 0.2387, 3.1415, 0.7698,-8.1428,-4.2868, 0.2305, 0.2642,0
-0.0162, 0.0000, 0.1602, 3.1415, 0.7785,-7.9117, 4.6799, 0.1674, 0.2649,0
-0.0080, 0.0000, 0.0785, 3.1415, 0.8105,-8.1168, 0.1006, 0.2064, 0.2656,0
-0.0000, 0.0000,-0.0031, 3.1415, 0.7987,-8.1578, 0.1426, 0.2136, 0.2664,0
 0.0076, 0.0000,-0.0848, 3.1415, 0.7782,-8.1660, 0.2730, 0.2180, 0.2671,0
 0.0153, 0.0000,-0.1665, 3.1415, 0.7741,-8.1677,-0.6803, 0.2258, 0.2678,0
 0.0230, 0.0000,-0.2450, 3.1415, 0.7672,-7.9167, 4.6799, 0.1808, 0.2685,0
 0.0303, 0.0000,-0.3235, 3.1415, 0.7355,-7.8665, 4.6799, 0.1855, 0.2692,0
 0.0379, 0.0000,-0.4021, 3.1415, 0.7595,-7.8564, 2.7113, 0.2033, 0.2700,0
 0.0450, 0.0000,-0.4775, 3.1415, 0.7157,-7.6031, 4.6799, 0.1715, 0.2707,0
 0.0519, 0.0000,-0.5497, 3.1415, 0.7009,-7.3011, 4.6799, 0.1340, 0.2714,0
 0.0591, 0.0000,-0.6220, 3.1415, 0.7101,-7.2407, 4.6799, 0.1504, 0.2721,0
 0.0658, 0.0000,-0.6911, 3.1415, 0.6816,-6.9773, 4.6799, 0.1282, 0.2728,0
 0.0726, 0.0000,-0.7602, 3.1415, 0.6820,-6.9246, 4.6799, 0.1509, 0.2735,0
 0.0793, 0.0000,-0.8230, 3.1415, 0.6699,-6.4114, 4.6799, 0.0872, 0.2743,0
 0.0858, 0.0000,-0.8890, 3.1415, 0.6554,-6.5601, 1.8225, 0.1500, 0.2750,0
 0.0922, 0.0000,-0.9487, 3.1415, 0.6404,-6.0872, 4.6799, 0.1003, 0.2757,0
 0.0983, 0.0000,-1.0053, 3.1415, 0.6131,-5.7413, 4.6799, 0.0767, 0.2764,0
 0.1043, 0.0000,-1.0618, 3.1415, 0.6076,-5.6721, 0.8017, 0.1005, 0.2771,0
 0.1102, 0.0000,-1.1121, 3.1415, 0.5944,-5.1556, 2.0328, 0.0541, 0.2779,0
 0.1162, 0.0000,-1.1623, 3.1415, 0.5979,-5.0523,-1.8864, 0.0721, 0.2786,0
 0.1213, 0.0000,-1.2095, 3.1415, 0.5258,-4.7803,-2.6013, 0.0661, 0.2793,0
 0.1264, 0.0000,-1.2503, 3.1415, 0.5174,-4.2233,-2.9960, 0.0235, 0.2800,0
 0.1314, 0.0000,-1.2911, 3.1415, 0.4976,-4.1119,-4.6799, 0.0385, 0.2807,0
 0.1357, 0.0000,-1.3288, 3.1415, 0.4451,-3.8383,-4.6799, 0.0342, 0.2814,0
 0.1396, 0.0000,-1.3603, 3.1415, 0.3982,-3.2809,-4.6799, 0.0006, 0.2822,0
 0.1430, 0.0000,-1.3885, 3.1415, 0.3525,-2.9181,-4.6799,-0.0109, 0.2829,0
 0.1459, 0.0000,-1.4168, 3.1415, 0.3069,-2.8455,-4.6799, 0.0032, 0.2836,0
 0.1486, 0.0000,-1.4388, 3.1415, 0.2736,-2.3284,-4.6799,-0.0185, 0.2843,0
 0.1508, 0.0000,-1.4608, 3.1415, 0.2305,-2.2249,-4.6799,-0.0094, 0.2850,0
 0.1526, 0.0000,-1.4765, 3.1415, 0.1916,-1.7016,-4.6799,-0.0270, 0.2858,0
 0.1539, 0.0000,-1.4922, 3.1415, 0.1414,-1.5969,-4.6799,-0.0206, 0.2865,0
 0.1550, 0.0000,-1.5016, 3.1415, 0.1192,-1.0733,-4.6799,-0.0334, 0.2872,0
 0.1559, 0.0000,-1.5111, 3.1415, 0.0905,-0.9686,-4.6799,-0.0297, 0.2879,0
 0.1562, 0.0000,-1.5142, 3.1415, 0.0423,-0.4450,-4.6799,-0.0378, 0.2886,0
 0.1563, 0.0000,-1.5173, 3.1415, 0.0205,-0.3403,-4.6799,-0.0367, 0.2893,0
 0.1562, 0.0000,-1.5142, 3.1415,-0.0019, 0.1832,-4.6799,-0.0401, 0.2901,0
 0.1558, 0.0000,-1.5111, 3.1415,-0.0367, 0.2879,-4.6799,-0.0416, 0.2908,0
 0.1549, 0.0000,-1.5048, 3.1415,-0.0740, 0.5602,-4.6799,-0.0429, 0.2915,0
 0.1540, 0.0000,-1.4922, 3.1415,-0.0936, 1.1173,-4.6799,-0.0388, 0.2922,0
 0.1528, 0.0000,-1.4796, 3.1415,-0.1096, 1.2287,-4.6799,-0.0441, 0.2929,0
 0.1515, 0.0000,-1.4608, 3.1415,-0.1310, 1.7537,-4.6799,-0.0357, 0.2937,0
 0.1499, 0.0000,-1.4419, 3.1415,-0.1474, 1.8587,-4.6799,-0.0438, 0.2944,0
 0.1481, 0.0000,-1.4199, 3.1415,-0.1750, 2.1310,-4.6799,-0.0442, 0.2951,0
 0.1461, 0.0000,-1.3948, 3.1415,-0.1987, 2.4368,-4.6799,-0.0425, 0.2958,0
 0.1437, 0.0000,-1.3634, 3.1415,-0.2277, 3.0006,-4.6799,-0.0217, 0.2965,0
 0.1412, 0.0000,-1.3320, 3.1415,-0.2516, 3.1134,-4.6799,-0.0341, 0.2972,0
 0.1383, 0.0000,-1.2974, 3.1415,-0.2807, 3.3872,-4.6799,-0.0332, 0.2980,0
 0.1351, 0.0000,-1.2597, 3.1415,-0.3108, 3.6933,-4.6799,-0.0287, 0.2987,0
 0.1318, 0.0000,-1.2157, 3.1415,-0.3289, 4.2572,-4.6799, 0.0041, 0.2994,0
 0.1281, 0.0000,-1.1718, 3.1415,-0.3568, 4.3700,-4.6799,-0.0116, 0.3001,0
 0.1240, 0.0000,-1.1246, 3.1415,-0.3987, 4.6439,-4.6799,-0.0079, 0.3008,0
 0.1195, 0.0000,-1.0744, 3.1415,-0.4374, 4.9500,-4.6799, 0.0010, 0.3016,0
 0.1148, 0.0000,-1.0178, 3.1415,-0.4694, 5.5139,-4.6799, 0.0485, 0.3023,0
 0.1098, 0.0000,-0.9613, 3.1415,-0.4940, 5.6266,-4.6799, 0.0321, 0.3030,0
 0.1043, 0.0000,-0.9016, 3.1415,-0.5353, 5.9005,-4.6799, 0.0419, 0.3037,0
 0.0983, 0.0000,-0.8356, 3.1415,-0.5860, 6.4579,-4.6799, 0.1022, 0.3044,0
 0.0922, 0.0000,-0.7696, 3.1415,-0.6083, 6.5694,-4.6799, 0.0885, 0.3051,0
 0.0857, 0.0000,-0.7005, 3.1415,-0.6431, 6.8430,-4.6799, 0.1066, 0.3059,0
 0.0786, 0.0000,-0.6283, 3.1415,-0.6925, 7.1491,-4.6799, 0.1345, 0.3066,0
 0.0711, 0.0000,-0.5529, 3.1415,-0.7387, 7.4616,-4.6799, 0.1683, 0.3073,0
 0.0634, 0.0000,-0.4743, 3.1415,-0.7662, 7.7755,-4.5003, 0.2076, 0.3080,0
 0.0554, 0.0000,-0.3958, 3.1415,-0.7959, 7.8382,-4.6799, 0.1975, 0.3087,0
 0.0469, 0.0000,-0.3141, 3.1415,-0.8382, 8.1021,-1.4774, 0.2360, 0.3095,0
 0.0381, 0.0000,-0.2293, 3.1415,-0.8649, 8.4062, 4.6799, 0.2900, 0.3102,0
 0.0303, 0.0000,-0.1445, 3.1415,-0.7975, 8.4670, 4.6799, 0.2930, 0.3109,0
 0.0221, 0.0000,-0.0596, 3.1415,-0.8204, 8.4792, 3.8385, 0.2897, 0.3116,0
 0.0142, 0.0000, 0.0219, 3.1415,-0.7946, 8.2303,-4.6799, 0.2304, 0.3123,0
 0.0061, 0.0000, 0.1036, 3.1415,-0.8077, 8.1805,-4.6799, 0.2226, 0.3130,0
-0.0017, 0.0000, 0.1853, 3.1415,-0.7921, 8.1706,-4.6799, 0.2288, 0.3138,0
-0.0090, 0.0000, 0.2670, 3.1415,-0.7465, 8.1686,-4.6799, 0.2415, 0.3145,0
-0.0167, 0.0000, 0.3455, 3.1415,-0.7617, 7.9169,-4.6799, 0.2018, 0.3152,0
-0.0244, 0.0000, 0.4241, 3.1415,-0.7647, 7.8665,-4.6799, 0.2118, 0.3159,0
-0.0316, 0.0000, 0.5026, 3.1415,-0.7350, 7.8564,-4.6799, 0.2348, 0.3166,0
-0.0391, 0.0000, 0.5780, 3.1415,-0.7472, 7.6031,-4.6799, 0.2078, 0.3174,0
-0.0464, 0.0000, 0.6503, 3.1415,-0.7315, 7.3011,-4.6799, 0.1747, 0.3181,0
-0.0534, 0.0000, 0.7225, 3.1415,-0.7041, 7.2407,-4.6799, 0.1953, 0.3188,0
-0.0606, 0.0000, 0.7916, 3.1415,-0.7168, 6.9773,-4.6799, 0.1770, 0.3195,0
-0.0674, 0.0000, 0.8607, 3.1415,-0.6890, 6.9246,-4.1950, 0.2032, 0.3202,0
-0.0741, 0.0000, 0.9236, 3.1415,-0.6713, 6.4114,-4.6799, 0.1425, 0.3209,0
-0.0809, 0.0000, 0.9833, 3.1415,-0.6799, 6.0575,-4.6799, 0.1156, 0.3217,0
-0.0874, 0.0000, 1.0430, 3.1415,-0.6574, 5.9867,-3.0826, 0.1401, 0.3224,0
-0.0939, 0.0000, 1.0995, 3.1415,-0.6529, 5.7212,-1.8607, 0.1322, 0.3231,0
-0.1003, 0.0000, 1.1529, 3.1415,-0.6399, 5.4168,-0.4514, 0.1194, 0.3238,0
-0.1063, 0.0000, 1.2063, 3.1415,-0.6069, 5.3559, 2.7608, 0.1456, 0.3245,0
-0.1121, 0.0000, 1.2534, 3.1415,-0.5882, 4.8410, 2.5250, 0.1040, 0.3252,0
-0.1174, 0.0000, 1.2974, 3.1415,-0.5360, 4.4868, 4.0282, 0.0880, 0.3260,0
-0.1223, 0.0000, 1.3351, 3.1415,-0.5013, 3.9132, 4.6799, 0.0467, 0.3267,0
-0.1266, 0.0000, 1.3728, 3.1415,-0.4458, 3.7985, 4.6799, 0.0608, 0.3274,0
-0.1308, 0.0000, 1.4074, 3.1415,-0.4226, 3.5243, 4.6799, 0.0571, 0.3281,0
-0.1343, 0.0000, 1.4388, 3.1415,-0.3634, 3.2181, 4.6799, 0.0505, 0.3288,0
-0.1373, 0.0000, 1.4671, 3.1415,-0.3152, 2.9055, 4.6799, 0.0438, 0.3296,0
-0.1399, 0.0000, 1.4922, 3.1415,-0.2752, 2.5917, 4.6799, 0.0376, 0.3303,0
-0.1421, 0.0000, 1.5111, 3.1415,-0.2308, 2.0263, 4.6799, 0.0146, 0.3310,0
-0.1439, 0.0000, 1.5299, 3.1415,-0.1856, 1.9132, 4.6799, 0.0219, 0.3317,0
-0.1453, 0.0000, 1.5456, 3.1415,-0.1523, 1.6392, 4.6799, 0.0195, 0.3324,0
-0.1462, 0.0000, 1.5582, 3.1415,-0.0971, 1.3331, 4.6799, 0.0158, 0.3331,0
-0.1467, 0.0000, 1.5676, 3.1415,-0.0618, 1.0206, 4.6799, 0.0123, 0.3339,0
-0.1468, 0.0000, 1.5739, 3.1415,-0.0184, 0.7067, 4.6799, 0.0092, 0.3346,0
-0.1465, 0.0000, 1.5770, 3.1415, 0.0145, 0.3926, 4.6799, 0.0066, 0.3353,0
-0.1461, 0.0000, 1.5770, 3.1415, 0.0392, 0.0785, 4.6799, 0.0045, 0.3360,0
-0.1453, 0.0000, 1.5739, 3.1415, 0.0684,-0.2356, 4.6799, 0.0030, 0.3367,0
-0.1442, 0.0000, 1.5676, 3.1415, 0.1046,-0.5497, 4.6799, 0.0019, 0.3375,0
-0.1430, 0.0000, 1.5582, 3.1415, 0.1118,-0.8639, 4.6799, 0.0014, 0.3382,0
-0.1415, 0.0000, 1.5456, 3.1415, 0.1436,-1.1780, 4.6799, 0.0013, 0.3389,0
-0.1399, 0.0000, 1.5330, 3.1415, 0.1621,-1.2409, 4.6799,-0.0055, 0.3396,0
-0.1380, 0.0000, 1.5142, 3.1415, 0.1840,-1.7561, 4.6799, 0.0025, 0.3403,0
-0.1360, 0.0000, 1.4922, 3.1415, 0.1944,-2.1105, 4.6799, 0.0060, 0.3410,0
-0.1336, 0.0000, 1.4671, 3.1415, 0.2329,-2.4327, 4.6799, 0.0085, 0.3418,0
-0.1311, 0.0000, 1.4419, 3.1415, 0.2466,-2.4971, 4.6799,-0.0049, 0.3425,0
-0.1282, 0.0000, 1.4105, 3.1415, 0.2797,-3.0127, 4.6799, 0.0125, 0.3432,0
-0.1252, 0.0000, 1.3791, 3.1415, 0.2984,-3.1158, 4.6799,-0.0008, 0.3439,0
-0.1218, 0.0000, 1.3414, 3.1415, 0.3264,-3.6390, 4.6799, 0.0221, 0.3446,0
-0.1183, 0.0000, 1.3037, 3.1415, 0.3442,-3.7437, 4.6799, 0.0067, 0.3454,0
-0.1145, 0.0000, 1.2597, 3.1415, 0.3720,-4.2673, 4.6799, 0.0351, 0.3461,0
-0.1104, 0.0000, 1.2126, 3.1415, 0.4078,-4.6233, 4.6799, 0.0475, 0.3468,0
-0.1058, 0.0000, 1.1655, 3.1415, 0.4453,-4.6945, 4.6799, 0.0254, 0.3475,0
-0.1011, 0.0000, 1.1121, 3.1415, 0.4650,-5.2114, 4.6799, 0.0622, 0.3482,0
-0.0962, 0.0000, 1.0587, 3.1415, 0.4871,-5.3148, 4.6799, 0.0436, 0.3489,0
-0.0908, 0.0000, 0.9990, 3.1415, 0.5279,-5.8381, 4.6799, 0.0886, 0.3497,0
-0.0851, 0.0000, 0.9361, 3.1415, 0.5663,-6.1941, 4.6799, 0.1114, 0.3504,0
-0.0790, 0.0000, 0.8733, 3.1415, 0.5983,-6.2653, 4.6799, 0.0883, 0.3511,0
-0.0726, 0.0000, 0.8042, 3.1415, 0.6350,-6.7822, 4.6799, 0.1458, 0.3518,0
-0.0656, 0.0000, 0.7319, 3.1415, 0.6848,-7.1369, 4.6799, 0.1789, 0.3525,0
-0.0583, 0.0000, 0.6597, 3.1415, 0.7190,-7.2079, 4.6799, 0.1599, 0.3533,0
-0.0507, 0.0000, 0.5843, 3.1415, 0.7562,-7.4734, 4.6799, 0.1829, 0.3540,0
-0.0426, 0.0000, 0.5026, 3.1415, 0.7939,-8.0292,-1.8313, 0.2732, 0.3547,0
-0.0349, 0.0000, 0.4241, 3.1415, 0.7772,-7.8890, 4.6799, 0.2168, 0.3554,0
-0.0262, 0.0000, 0.3392, 3.1415, 0.8466,-8.3636,-4.6799, 0.3021, 0.3561,0
-0.0184, 0.0000, 0.2576, 3.1415, 0.7999,-8.2072, 4.6799, 0.2486, 0.3568,0
-0.0098, 0.0000, 0.1727, 3.1415, 0.8451,-8.4272, 0.9515, 0.2868, 0.3576,0
-0.0015, 0.0000, 0.0879, 3.1415, 0.8359,-8.4712, 2.1402, 0.2893, 0.3583,0
 0.0071, 0.0000, 0.0000, 3.1415, 0.8584,-8.7314,-4.6799, 0.3492, 0.3590,0
 0.0150, 0.0000,-0.0848, 3.1415, 0.8083,-8.5321, 2.6566, 0.3036, 0.3597,0
 0.0234, 0.0000,-0.1696, 3.1415, 0.8347,-8.4922, 2.0962, 0.3018, 0.3604,0
 0.0314, 0.0000,-0.2513, 3.1415, 0.8035,-8.2329, 4.6799, 0.2534, 0.3612,0
 0.0395, 0.0000,-0.3330, 3.1415, 0.8094,-8.1811, 4.6799, 0.2583, 0.3619,0
 0.0472, 0.0000,-0.4146, 3.1415, 0.7803,-8.1707, 4.6799, 0.2774, 0.3626,0
 0.0549, 0.0000,-0.4932, 3.1415, 0.7684,-7.9173, 4.6799, 0.2450, 0.3633,0
 0.0628, 0.0000,-0.5717, 3.1415, 0.7842,-7.8666, 4.6799, 0.2625, 0.3640,0
 0.0704, 0.0000,-0.6471, 3.1415, 0.7692,-7.6051, 4.6799, 0.2368, 0.3647,0
 0.0777, 0.0000,-0.7225, 3.1415, 0.7359,-7.5528, 4.6799, 0.2599, 0.3655,0
 0.0848, 0.0000,-0.7916, 3.1415, 0.7171,-7.0397, 4.6799, 0.1892, 0.3662,0
 0.0918, 0.0000,-0.8607, 3.1415, 0.7012,-6.9371, 4.6799, 0.2056, 0.3669,0
 0.0987, 0.0000,-0.9299, 3.1415, 0.6920,-6.9166, 1.9250, 0.2404, 0.3676,0
 0.1053, 0.0000,-0.9927, 3.1415, 0.6659,-6.4098, 4.6799, 0.1828, 0.3683,0
 0.1120, 0.0000,-1.0524, 3.1415, 0.6728,-6.0571, 4.4285, 0.1578, 0.3691,0
 0.1185, 0.0000,-1.1121, 3.1415, 0.6499,-5.9866,-0.0634, 0.1838, 0.3698,0
 0.1242, 0.0000,-1.1655, 3.1415, 0.5847,-5.4698, 1.2829, 0.1357, 0.3705,0
 0.1304, 0.0000,-1.2189, 3.1415, 0.6141,-5.3665,-3.0152, 0.1557, 0.3712,0
 0.1360, 0.0000,-1.2660, 3.1415, 0.5715,-4.8432,-3.0713, 0.1129, 0.3719,0
 0.1411, 0.0000,-1.3131, 3.1415, 0.5205,-4.7385,-4.6799, 0.1314, 0.3726,0
 0.1458, 0.0000,-1.3540, 3.1415, 0.4861,-4.2149,-4.6799, 0.0942, 0.3734,0
 0.1502, 0.0000,-1.3917, 3.1415, 0.4428,-3.8589,-4.6799, 0.0805, 0.3741,0
 0.1539, 0.0000,-1.4294, 3.1415, 0.3856,-3.7877,-4.6799, 0.0996, 0.3748,0
 0.1574, 0.0000,-1.4608, 3.1415, 0.3560,-3.2708,-4.6799, 0.0709, 0.3755,0
 0.1604, 0.0000,-1.4891, 3.1415, 0.3137,-2.9161,-4.6799, 0.0604, 0.3762,0
 0.1628, 0.0000,-1.5173, 3.1415, 0.2567,-2.8451,-4.6799, 0.0749, 0.3770,0
 0.1650, 0.0000,-1.5393, 3.1415, 0.2271,-2.3283,-4.6799, 0.0533, 0.3777,0
 0.1668, 0.0000,-1.5582, 3.1415, 0.1848,-1.9736,-4.6799, 0.0455, 0.3784,0
 0.1681, 0.0000,-1.5770, 3.1415, 0.1400,-1.9026,-4.6799, 0.0551, 0.3791,0
 0.1692, 0.0000,-1.5896, 3.1415, 0.1189,-1.3858,-4.6799, 0.0404, 0.3798,0
 0.1698, 0.0000,-1.6022, 3.1415, 0.0722,-1.2824,-4.6799, 0.0455, 0.3805,0
 0.1699, 0.0000,-1.6084, 3.1415, 0.0205,-0.7591,-4.6799, 0.0351, 0.3813,0
 0.1700, 0.0000,-1.6147, 3.1415, 0.0101,-0.6544,-4.6799, 0.0375, 0.3820,0
 0.1696, 0.0000,-1.6179, 3.1415,-0.0222,-0.3822,-4.6799, 0.0358, 0.3827,0
 0.1690, 0.0000,-1.6147, 3.1415,-0.0590, 0.1748,-4.6799, 0.0320, 0.3834,0
 0.1683, 0.0000,-1.6116, 3.1415,-0.0663, 0.2862,-4.6799, 0.0304, 0.3841,0
 0.1675, 0.0000,-1.6053, 3.1415,-0.0799, 0.5599,-4.6799, 0.0291, 0.3849,0
 0.1662, 0.0000,-1.5959, 3.1415,-0.1130, 0.8659,-4.6799, 0.0285, 0.3856,0
 0.1647, 0.0000,-1.5833, 3.1415,-0.1438, 1.1784,-4.6799, 0.0284, 0.3863,0
 0.1632, 0.0000,-1.5676, 3.1415,-0.1500, 1.4923,-4.6799, 0.0289, 0.3870,0
 0.1614, 0.0000,-1.5488, 3.1415,-0.1755, 1.8064,-4.6799, 0.0298, 0.3877,0
 0.1593, 0.0000,-1.5268, 3.1415,-0.2048, 2.1205,-4.6799, 0.0313, 0.3884,0
 0.1569, 0.0000,-1.5016, 3.1415,-0.2289, 2.4347,-4.6799, 0.0333, 0.3892,0
 0.1545, 0.0000,-1.4734, 3.1415,-0.2398, 2.7488,-4.6799, 0.0359, 0.3899,0
 0.1516, 0.0000,-1.4419, 3.1415,-0.2783, 3.0630,-4.6799, 0.0391, 0.3906,0
 0.1485, 0.0000,-1.4074, 3.1415,-0.3042, 3.3772,-4.6799, 0.0428, 0.3913,0
 0.1452, 0.0000,-1.3697, 3.1415,-0.3215, 3.6913,-4.6799, 0.0473, 0.3920,0
 0.1417, 0.0000,-1.3288, 3.1415,-0.3492, 4.0055,-4.6799, 0.0526, 0.3927,0
 0.1377, 0.0000,-1.2849, 3.1415,-0.3851, 4.3196,-4.6799, 0.0587, 0.3935,0
 0.1336, 0.0000,-1.2377, 3.1415,-0.4044, 4.6338,-4.6799, 0.0658, 0.3942,0
 0.1293, 0.0000,-1.1875, 3.1415,-0.4265, 4.9480,-4.6799, 0.0742, 0.3949,0
 0.1246, 0.0000,-1.1372, 3.1415,-0.4672, 5.0108,-4.6799, 0.0498, 0.3956,0
 0.1192, 0.0000,-1.0807, 3.1415,-0.5178, 5.5260,-4.6799, 0.0895, 0.3963,0
 0.1138, 0.0000,-1.0210, 3.1415,-0.5401, 5.8804,-4.6799, 0.1089, 0.3971,0
 0.1080, 0.0000,-0.9581, 3.1415,-0.5749, 6.2026,-4.6799, 0.1257, 0.3978,0
 0.1017, 0.0000,-0.8922, 3.1415,-0.6182, 6.5183,-4.6799, 0.1441, 0.3985,0
 0.0949, 0.0000,-0.8230, 3.1415,-0.6632, 6.8328,-4.6799, 0.1653, 0.3992,0
 0.0879, 0.0000,-0.7508, 3.1415,-0.6904, 7.1471,-4.6799, 0.1901, 0.3999,0
 0.0806, 0.0000,-0.6754, 3.1415,-0.7262, 7.4612,-4.6799, 0.2189, 0.4006,0
 0.0727, 0.0000,-0.5969, 3.1415,-0.7758, 7.7754,-4.6799, 0.2524, 0.4014,0
 0.0644, 0.0000,-0.5183, 3.1415,-0.8221, 7.8382,-4.6799, 0.2363, 0.4021,0
 0.0557, 0.0000,-0.4335, 3.1415,-0.8556, 8.3534, 0.6434, 0.3252, 0.4028,0
 0.0477, 0.0000,-0.3487, 3.1415,-0.8138, 8.4565,-3.0239, 0.3263, 0.4035,0
 0.0383, 0.0000,-0.2638, 3.1415,-0.9146, 8.4771,-4.6799, 0.3128, 0.4042,0
 0.0291, 0.0000,-0.1759, 3.1415,-0.9165, 8.7325, 3.3833, 0.3606, 0.4050,0
 0.0208, 0.0000,-0.0879, 3.1415,-0.8502, 8.7836, 1.5548, 0.3648, 0.4057,0
 0.0121, 0.0000,-0.0031, 3.1415,-0.8673, 8.5425,-4.6799, 0.3035, 0.4064,0
 0.0035, 0.0000, 0.0848, 3.1415,-0.8586, 8.7456,-0.1569, 0.3553, 0.4071,0
-0.0051, 0.0000, 0.1696, 3.1415,-0.8690, 8.5349,-4.6799, 0.3120, 0.4078,0
-0.0135, 0.0000, 0.2544, 3.1415,-0.8468, 8.4928,-4.6799, 0.3148, 0.4085,0
-0.0218, 0.0000, 0.3392, 3.1415,-0.8302, 8.4844,-4.6799, 0.3306, 0.4093,0
-0.0302, 0.0000, 0.4241, 3.1415,-0.8390, 8.4827,-2.0156, 0.3529, 0.4100,0
-0.0384, 0.0000, 0.5057, 3.1415,-0.8226, 8.2310,-4.6799, 0.3203, 0.4107,0
-0.0462, 0.0000, 0.5843, 3.1415,-0.7890, 7.9293,-4.6799, 0.2813, 0.4114,0
-0.0541, 0.0000, 0.6628, 3.1415,-0.7884, 7.8690,-4.6799, 0.3008, 0.4121,0
-0.0616, 0.0000, 0.7351, 3.1415,-0.7640, 7.3543,-4.6799, 0.2245, 0.4129,0
-0.0691, 0.0000, 0.8073, 3.1415,-0.7530, 7.2513,-4.6799, 0.2396, 0.4136,0
-0.0767, 0.0000, 0.8796, 3.1415,-0.7508, 7.2308,-4.6799, 0.2742, 0.4143,0
-0.0838, 0.0000, 0.9456, 3.1415,-0.7201, 6.7240,-4.6799, 0.2127, 0.4150,0
-0.0907, 0.0000, 1.0115, 3.1415,-0.7018, 6.6226,-4.6799, 0.2330, 0.4157,0
-0.0979, 0.0000, 1.0744, 3.1415,-0.7103, 6.3510,-3.7207, 0.2227, 0.4164,0
-0.1046, 0.0000, 1.1341, 3.1415,-0.6817, 6.0454,-2.2970, 0.2079, 0.4172,0
-0.1114, 0.0000, 1.1906, 3.1415,-0.6759, 5.7329,-0.2925, 0.1936, 0.4179,0
-0.1179, 0.0000, 1.2440, 3.1415,-0.6566, 5.4191, 1.7240, 0.1806, 0.4186,0
-0.1239, 0.0000, 1.2943, 3.1415,-0.6103, 5.1050, 3.4775, 0.1688, 0.4193,0
-0.1294, 0.0000, 1.3414, 3.1415,-0.5646, 4.7909, 4.6799, 0.1580, 0.4200,0
-0.1346, 0.0000, 1.3854, 3.1415,-0.5252, 4.4767, 4.6799, 0.1482, 0.4208,0
-0.1394, 0.0000, 1.4262, 3.1415,-0.4931, 4.1626, 4.6799, 0.1391, 0.4215,0
-0.1436, 0.0000, 1.4639, 3.1415,-0.4321, 3.8484, 4.6799, 0.1307, 0.4222,0
-0.1475, 0.0000, 1.4953, 3.1415,-0.4017, 3.2829, 4.6799, 0.0967, 0.4229,0
-0.1507, 0.0000, 1.5268, 3.1415,-0.3350, 3.1698, 4.6799, 0.1090, 0.4236,0
-0.1537, 0.0000, 1.5550, 3.1415,-0.3034, 2.8959, 4.6799, 0.1061, 0.4243,0
-0.1561, 0.0000, 1.5802, 3.1415,-0.2547, 2.5898, 4.6799, 0.1006, 0.4251,0
-0.1582, 0.0000, 1.6022, 3.1415,-0.2207, 2.2772, 4.6799, 0.0951, 0.4258,0
-0.1600, 0.0000, 1.6210, 3.1415,-0.1896, 1.9634, 4.6799, 0.0900, 0.4265,0
-0.1611, 0.0000, 1.6367, 3.1415,-0.1228, 1.6493, 4.6799, 0.0854, 0.4272,0
-0.1620, 0.0000, 1.6493, 3.1415,-0.0973, 1.3351, 4.6799, 0.0812, 0.4279,0
-0.1624, 0.0000, 1.6587, 3.1415,-0.0558, 1.0210, 4.6799, 0.0776, 0.4287,0
-0.1624, 0.0000, 1.6650, 3.1415,-0.0111, 0.7068, 4.6799, 0.0745, 0.4294,0
-0.1623, 0.0000, 1.6713, 3.1415, 0.0098, 0.6440, 4.6799, 0.0778, 0.4301,0
-0.1618, 0.0000, 1.6713, 3.1415, 0.0383, 0.1288, 4.6799, 0.0723, 0.4308,0
-0.1610, 0.0000, 1.6713, 3.1415, 0.0743, 0.0257, 4.6799, 0.0720, 0.4315,0
-0.1601, 0.0000, 1.6650, 3.1415, 0.0876,-0.4975, 4.6799, 0.0710, 0.4322,0
-0.1589, 0.0000, 1.6587, 3.1415, 0.1145,-0.6021, 4.6799, 0.0681, 0.4330,0
-0.1575, 0.0000, 1.6493, 3.1415, 0.1320,-0.8744, 4.6799, 0.0670, 0.4337,0
-0.1562, 0.0000, 1.6336, 3.1415, 0.1355,-1.4315, 4.6799, 0.0737, 0.4344,0
-0.1543, 0.0000, 1.6179, 3.1415, 0.1726,-1.5429, 4.6799, 0.0671, 0.4351,0
-0.1524, 0.0000, 1.5990, 3.1415, 0.1921,-1.8165, 4.6799, 0.0664, 0.4358,0
-0.1502, 0.0000, 1.5770, 3.1415, 0.2142,-2.1226, 4.6799, 0.0675, 0.4366,0
-0.1479, 0.0000, 1.5519, 3.1415, 0.2247,-2.4351, 4.6799, 0.0694, 0.4373,0
-0.1453, 0.0000, 1.5236, 3.1415, 0.2511,-2.7489, 4.6799, 0.0719, 0.4380,0
-0.1424, 0.0000, 1.4922, 3.1415, 0.2806,-3.0630, 4.6799, 0.0750, 0.4387,0
-0.1395, 0.0000, 1.4576, 3.1415, 0.2925,-3.3772, 4.6799, 0.0786, 0.4394,0
-0.1363, 0.0000, 1.4199, 3.1415, 0.3131,-3.6913, 4.6799, 0.0828, 0.4401,0
-0.1328, 0.0000, 1.3791, 3.1415, 0.3415,-4.0055, 4.6799, 0.0878, 0.4409,0
-0.1289, 0.0000, 1.3351, 3.1415, 0.3775,-4.3196, 4.6799, 0.0936, 0.4416,0
-0.1249, 0.0000, 1.2880, 3.1415, 0.4029,-4.6338, 4.6799, 0.1002, 0.4423,0
-0.1205, 0.0000, 1.2377, 3.1415, 0.4261,-4.9480, 4.6799, 0.1080, 0.4430,0
-0.1158, 0.0000, 1.1843, 3.1415, 0.4611,-5.2621, 4.6799, 0.1170, 0.4437,0
-0.1108, 0.0000, 1.1278, 3.1415, 0.4924,-5.5763, 4.6799, 0.1275, 0.4445,0
-0.1055, 0.0000, 1.0681, 3.1415, 0.5289,-5.8904, 4.6799, 0.1398, 0.4452,0
-0.0997, 0.0000, 1.0053, 3.1415, 0.5666,-6.2046, 4.6799, 0.1541, 0.4459,0
-0.0936, 0.0000, 0.9393, 3.1415, 0.5983,-6.5188, 4.6799, 0.1710, 0.4466,0
-0.0872, 0.0000, 0.8702, 3.1415, 0.6350,-6.8329, 4.6799, 0.1907, 0.4473,0
-0.0803, 0.0000, 0.7979, 3.1415, 0.6787,-7.1471, 4.6799, 0.2137, 0.4480,0
-0.0730, 0.0000, 0.7225, 3.1415, 0.7178,-7.4612, 4.6799, 0.2407, 0.4488,0
-0.0653, 0.0000, 0.6440, 3.1415, 0.7620,-7.7754, 4.6799, 0.2721, 0.4495,0
-0.0572, 0.0000, 0.5654, 3.1415, 0.7951,-7.8382, 4.6799, 0.2538, 0.4502,0
-0.0488, 0.0000, 0.4806, 3.1415, 0.8320,-8.3534, 3.6875, 0.3402, 0.4509,0
-0.0401, 0.0000, 0.3958, 3.1415, 0.8636,-8.4565, 4.6799, 0.3386, 0.4516,0
-0.0311, 0.0000, 0.3078, 3.1415, 0.8942,-8.7284,-0.3083, 0.3822, 0.4524,0
-0.0223, 0.0000, 0.2167, 3.1415, 0.8822,-9.0341,-4.6799, 0.4413, 0.4531,0
-0.0135, 0.0000, 0.1288, 3.1415, 0.8797,-8.8440, 4.6799, 0.3828, 0.4538,0
-0.0040, 0.0000, 0.0408, 3.1415, 0.9338,-8.8059, 4.6799, 0.3681, 0.4545,0
 0.0050, 0.0000,-0.0502, 3.1415, 0.9143,-9.0496,-4.6799, 0.4293, 0.4552,0
 0.0132, 0.0000,-0.1413, 3.1415, 0.8437,-9.0984,-4.6799, 0.4480, 0.4559,0
 0.0215, 0.0000,-0.2261, 3.1415, 0.8296,-8.6055, 4.6799, 0.3369, 0.4567,0
 0.0299, 0.0000,-0.3110, 3.1415, 0.8389,-8.5069, 4.6799, 0.3295, 0.4574,0
 0.0379, 0.0000,-0.3958, 3.1415, 0.8105,-8.4872, 4.6799, 0.3458, 0.4581,0
 0.0457, 0.0000,-0.4775, 3.1415, 0.7866,-8.2319, 4.6799, 0.3109, 0.4588,0
 0.0534, 0.0000,-0.5592, 3.1415, 0.7697,-8.1809, 4.6799, 0.3282, 0.4595,0
 0.0608, 0.0000,-0.6377, 3.1415, 0.7481,-7.9193, 4.6799, 0.3010, 0.4602,0
 0.0682, 0.0000,-0.7162, 3.1415, 0.7438,-7.8670, 4.6799, 0.3248, 0.4610,0
 0.0757, 0.0000,-0.7885, 3.1415, 0.7429,-7.3539, 4.6799, 0.2509, 0.4617,0
 0.0826, 0.0000,-0.8607, 3.1415, 0.7003,-7.2513, 4.6799, 0.2680, 0.4624,0
 0.0895, 0.0000,-0.9299, 3.1415, 0.6979,-6.9794, 4.6799, 0.2526, 0.4631,0
 0.0964, 0.0000,-0.9958, 3.1415, 0.6852,-6.6737, 4.6799, 0.2330, 0.4638,0
 0.1030, 0.0000,-1.0618, 3.1415, 0.6645,-6.6126, 4.6799, 0.2622, 0.4646,0
 0.1095, 0.0000,-1.1215, 3.1415, 0.6604,-6.0977, 4.6799, 0.2086, 0.4653,0
 0.1158, 0.0000,-1.1812, 3.1415, 0.6353,-5.9947, 1.3648, 0.2304, 0.4660,0
 0.1222, 0.0000,-1.2346, 3.1415, 0.6363,-5.4715, 0.8537, 0.1822, 0.4667,0
 0.1284, 0.0000,-1.2880, 3.1415, 0.6244,-5.3668,-3.0838, 0.2029, 0.4674,0
 0.1338, 0.0000,-1.3351, 3.1415, 0.5553,-4.8432,-3.6474, 0.1607, 0.4681,0
 0.1392, 0.0000,-1.3823, 3.1415, 0.5415,-4.7385,-4.6799, 0.1797, 0.4689,0
 0.1443, 0.0000,-1.4262, 3.1415, 0.5145,-4.4662,-4.6799, 0.1758, 0.4696,0
 0.1488, 0.0000,-1.4639, 3.1415, 0.4667,-3.9091,-4.6799, 0.1373, 0.4703,0
 0.1529, 0.0000,-1.5016, 3.1415, 0.4207,-3.7977,-4.6799, 0.1523, 0.4710,0
 0.1565, 0.0000,-1.5330, 3.1415, 0.3751,-3.2728,-4.6799, 0.1228, 0.4717,0
 0.1597, 0.0000,-1.5645, 3.1415, 0.3297,-3.1678,-4.6799, 0.1359, 0.4725,0
 0.1626, 0.0000,-1.5896, 3.1415, 0.2963,-2.6441,-4.6799, 0.1114, 0.4732,0
 0.1651, 0.0000,-1.6147, 3.1415, 0.2593,-2.5394,-4.6799, 0.1218, 0.4739,0
 0.1670, 0.0000,-1.6367, 3.1415, 0.2034,-2.2671,-4.6799, 0.1193, 0.4746,0
 0.1686, 0.0000,-1.6556, 3.1415, 0.1680,-1.9614,-4.6799, 0.1146, 0.4753,0
 0.1700, 0.0000,-1.6681, 3.1415, 0.1488,-1.3975,-4.6799, 0.0971, 0.4760,0
 0.1709, 0.0000,-1.6807, 3.1415, 0.1025,-1.2848,-4.6799, 0.1019, 0.4768,0
 0.1715, 0.0000,-1.6901, 3.1415, 0.0629,-1.0109,-4.6799, 0.0998, 0.4775,0
 0.1718, 0.0000,-1.6964, 3.1415, 0.0429,-0.7048,-4.6799, 0.0969, 0.4782,0
 0.1718, 0.0000,-1.7027, 3.1415, 0.0025,-0.6436,-4.6799, 0.1002, 0.4789,0
 0.1715, 0.0000,-1.7027, 3.1415,-0.0176,-0.1287,-4.6799, 0.0947, 0.4796,0
 0.1711, 0.0000,-1.6996, 3.1415,-0.0399, 0.2255,-4.6799, 0.0929, 0.4804,0
 0.1704, 0.0000,-1.6964, 3.1415,-0.0625, 0.2964,-4.6799, 0.0912, 0.4811,0
 0.1694, 0.0000,-1.6870, 3.1415,-0.0913, 0.8132,-4.6799, 0.0925, 0.4818,0
 0.1684, 0.0000,-1.6776, 3.1415,-0.0970, 0.9166,-4.6799, 0.0883, 0.4825,0
 0.1672, 0.0000,-1.6619, 3.1415,-0.1164, 1.4399,-4.6799, 0.0943, 0.4832,0
 0.1658, 0.0000,-1.6461, 3.1415,-0.1384, 1.5446,-4.6799, 0.0874, 0.4839,0
 0.1641, 0.0000,-1.6273, 3.1415,-0.1610, 1.8168,-4.6799, 0.0868, 0.4847,0
 0.1623, 0.0000,-1.6053, 3.1415,-0.1777, 2.1226,-4.6799, 0.0878, 0.4854,0
 0.1603, 0.0000,-1.5802, 3.1415,-0.1992, 2.4351,-4.6799, 0.0897, 0.4861,0
 0.1578, 0.0000,-1.5488, 3.1415,-0.2338, 3.0003,-4.6799, 0.1102, 0.4868,0
 0.1552, 0.0000,-1.5173, 3.1415,-0.2589, 3.1133,-4.6799, 0.0973, 0.4875,0
 0.1524, 0.0000,-1.4828, 3.1415,-0.2761, 3.3872,-4.6799, 0.0975, 0.4883,0
 0.1493, 0.0000,-1.4451, 3.1415,-0.3038, 3.6933,-4.6799, 0.1009, 0.4890,0
 0.1458, 0.0000,-1.4042, 3.1415,-0.3336, 4.0059,-4.6799, 0.1056, 0.4897,0
 0.1422, 0.0000,-1.3603, 3.1415,-0.3577, 4.3197,-4.6799, 0.1112, 0.4904,0
 0.1383, 0.0000,-1.3131, 3.1415,-0.3807, 4.6338,-4.6799, 0.1176, 0.4911,0
 0.1341, 0.0000,-1.2629, 3.1415,-0.4157, 4.9480,-4.6799, 0.1251, 0.4918,0
 0.1295, 0.0000,-1.2095, 3.1415,-0.4530, 5.2621,-4.6799, 0.1338, 0.4926,0
 0.1246, 0.0000,-1.1529, 3.1415,-0.4847, 5.5763,-4.6799, 0.1439, 0.4933,0
 0.1193, 0.0000,-1.0932, 3.1415,-0.5153, 5.8904,-4.6799, 0.1557, 0.4940,0
 0.1136, 0.0000,-1.0304, 3.1415,-0.5578, 6.2046,-4.6799, 0.1695, 0.4947,0
 0.1076, 0.0000,-0.9644, 3.1415,-0.5966, 6.5188,-4.6799, 0.1857, 0.4954,0
 0.1011, 0.0000,-0.8953, 3.1415,-0.6347, 6.8329,-4.6799, 0.2046, 0.4962,0
 0.0943, 0.0000,-0.8230, 3.1415,-0.6726, 7.1471,-4.6799, 0.2268, 0.4969,0
 0.0870, 0.0000,-0.7476, 3.1415,-0.7166, 7.4612,-4.6799, 0.2528, 0.4976,0
 0.0792, 0.0000,-0.6660, 3.1415,-0.7678, 8.0267,-4.6799, 0.3373, 0.4983,0
 0.0711, 0.0000,-0.5874, 3.1415,-0.8023, 7.8885,-4.6799, 0.2735, 0.4990,0
 0.0626, 0.0000,-0.5026, 3.1415,-0.8456, 8.3635,-4.6799, 0.3500, 0.4997,0
 0.0537, 0.0000,-0.4146, 3.1415,-0.8785, 8.7098,-3.2646, 0.4048, 0.5005,0
 0.0445, 0.0000,-0.3267, 3.1415,-0.9093, 8.7791,-4.6799, 0.3989, 0.5012,0
 0.0350, 0.0000,-0.2356, 3.1415,-0.9458, 9.0443, 2.0657, 0.4469, 0.5019,0
 0.0262, 0.0000,-0.1445, 3.1415,-0.8864, 9.0973,-0.5540, 0.4480, 0.5026,0
 0.0162, 0.0000,-0.0534, 3.1415,-0.9776, 9.1079,-1.4727, 0.4443, 0.5033,0
 0.0067, 0.0000, 0.0408, 3.1415,-0.9595, 9.3614, 4.6799, 0.5094, 0.5041,0
-0.0018, 0.0000, 0.1319, 3.1415,-0.8770, 9.1607,-1.4360, 0.4630, 0.5048,0
-0.0113, 0.0000, 0.2199, 3.1415,-0.9393, 8.8693,-4.6799, 0.4005, 0.5055,0
-0.0202, 0.0000, 0.3078, 3.1415,-0.8972, 8.8110,-4.6799, 0.4025, 0.5062,0
-0.0288, 0.0000, 0.3958, 3.1415,-0.8706, 8.7993,-4.6799, 0.4214, 0.5069,0
-0.0375, 0.0000, 0.4838, 3.1415,-0.8653, 8.7970,-2.5338, 0.4477, 0.5076,0
-0.0459, 0.0000, 0.5654, 3.1415,-0.8461, 8.2939,-4.6799, 0.3567, 0.5084,0
-0.0543, 0.0000, 0.6503, 3.1415,-0.8422, 8.4446,-3.7966, 0.4268, 0.5091,0
-0.0624, 0.0000, 0.7288, 3.1415,-0.8172, 7.9721,-4.6799, 0.3541, 0.5098,0
-0.0703, 0.0000, 0.8042, 3.1415,-0.7940, 7.6262,-4.6799, 0.3161, 0.5105,0
-0.0780, 0.0000, 0.8796, 3.1415,-0.7772, 7.5571,-4.6799, 0.3418, 0.5112,0
-0.0856, 0.0000, 0.9519, 3.1415,-0.7617, 7.2919,-4.6799, 0.3278, 0.5120,0
-0.0929, 0.0000, 1.0210, 3.1415,-0.7405, 6.9875,-4.6799, 0.3083, 0.5127,0
-0.1003, 0.0000, 1.0901, 3.1415,-0.7362, 6.9267,-2.6959, 0.3396, 0.5134,0
-0.1074, 0.0000, 1.1529, 3.1415,-0.7172, 6.4118,-4.1501, 0.2841, 0.5141,0
-0.1143, 0.0000, 1.2126, 3.1415,-0.6952, 6.0575,-1.7480, 0.2620, 0.5148,0
-0.1212, 0.0000, 1.2692, 3.1415,-0.6908, 5.7354, 1.0111, 0.2472, 0.5155,0
-0.1273, 0.0000, 1.3226, 3.1415,-0.6232, 5.4196, 3.0026, 0.2348, 0.5163,0
-0.1333, 0.0000, 1.3760, 3.1415,-0.6097, 5.3564, 4.6799, 0.2627, 0.5170,0
-0.1388, 0.0000, 1.4231, 3.1415,-0.5585, 4.8412, 4.6799, 0.2224, 0.5177,0
-0.1440, 0.0000, 1.4671, 3.1415,-0.5240, 4.4868, 4.6799, 0.2075, 0.5184,0
-0.1485, 0.0000, 1.5111, 3.1415,-0.4686, 4.4159, 4.6799, 0.2301, 0.5191,0
-0.1526, 0.0000, 1.5488, 3.1415,-0.4211, 3.8991, 4.6799, 0.1970, 0.5199,0
-0.1562, 0.0000, 1.5833, 3.1415,-0.3692, 3.5444, 4.6799, 0.1849, 0.5206,0
-0.1594, 0.0000, 1.6147, 3.1415,-0.3345, 3.2221, 4.6799, 0.1769, 0.5213,0
-0.1621, 0.0000, 1.6461, 3.1415,-0.2851, 3.1577, 4.6799, 0.1936, 0.5220,0
-0.1643, 0.0000, 1.6713, 3.1415,-0.2328, 2.6421, 4.6799, 0.1698, 0.5227,0
-0.1662, 0.0000, 1.6933, 3.1415,-0.1981, 2.2877, 4.6799, 0.1610, 0.5234,0
-0.1678, 0.0000, 1.7153, 3.1415,-0.1608, 2.2168, 4.6799, 0.1722, 0.5242,0
-0.1688, 0.0000, 1.7341, 3.1415,-0.1170, 1.9513, 4.6799, 0.1700, 0.5249,0
-0.1694, 0.0000, 1.7498, 3.1415,-0.0719, 1.6469, 4.6799, 0.1658, 0.5256,0
-0.1696, 0.0000, 1.7592, 3.1415,-0.0325, 1.0833, 4.6799, 0.1509, 0.5263,0
-0.1696, 0.0000, 1.7718, 3.1415,-0.0065, 1.2219, 4.6799, 0.1643, 0.5270,0
-0.1694, 0.0000, 1.7781, 3.1415, 0.0168, 0.7470, 4.6799, 0.1556, 0.5278,0
-0.1690, 0.0000, 1.7812, 3.1415, 0.0336, 0.4007, 4.6799, 0.1522, 0.5285,0
-0.1684, 0.0000, 1.7812, 3.1415, 0.0552, 0.0801, 4.6799, 0.1501, 0.5292,0
-0.1677, 0.0000, 1.7812, 3.1415, 0.0716, 0.0160, 4.6799, 0.1500, 0.5299,0
-0.1668, 0.0000, 1.7781, 3.1415, 0.0870,-0.2481, 4.6799, 0.1486, 0.5306,0
-0.1656, 0.0000, 1.7687, 3.1415, 0.1083,-0.8035, 4.6799, 0.1502, 0.5313,0
-0.1643, 0.0000, 1.7592, 3.1415, 0.1308,-0.9147, 4.6799, 0.1462, 0.5321,0
-0.1627, 0.0000, 1.7467, 3.1415, 0.1534,-1.1882, 4.6799, 0.1454, 0.5328,0
-0.1610, 0.0000, 1.7310, 3.1415, 0.1640,-1.4942, 4.6799, 0.1458, 0.5335,0
-0.1590, 0.0000, 1.7121, 3.1415, 0.1904,-1.8068, 4.6799, 0.1468, 0.5342,0
-0.1568, 0.0000, 1.6901, 3.1415, 0.2139,-2.1206, 4.6799, 0.1484, 0.5349,0
-0.1545, 0.0000, 1.6650, 3.1415, 0.2307,-2.4347, 4.6799, 0.1505, 0.5357,0
-0.1519, 0.0000, 1.6399, 3.1415, 0.2523,-2.4975, 4.6799, 0.1369, 0.5364,0
-0.1492, 0.0000, 1.6084, 3.1415, 0.2687,-3.0127, 4.6799, 0.1541, 0.5371,0
-0.1462, 0.0000, 1.5739, 3.1415, 0.2962,-3.3671, 4.6799, 0.1609, 0.5378,0
-0.1430, 0.0000, 1.5393, 3.1415, 0.3139,-3.4380, 4.6799, 0.1429, 0.5385,0
-0.1396, 0.0000, 1.4985, 3.1415, 0.3295,-3.9548, 4.6799, 0.1671, 0.5392,0
-0.1360, 0.0000, 1.4576, 3.1415, 0.3569,-4.0582, 4.6799, 0.1495, 0.5400,0
-0.1321, 0.0000, 1.4105, 3.1415, 0.3866,-4.5815, 4.6799, 0.1793, 0.5407,0
-0.1278, 0.0000, 1.3634, 3.1415, 0.4168,-4.6862, 4.6799, 0.1596, 0.5414,0
-0.1233, 0.0000, 1.3100, 3.1415, 0.4471,-5.2098, 4.6799, 0.1948, 0.5421,0
-0.1183, 0.0000, 1.2566, 3.1415, 0.4835,-5.3145, 4.6799, 0.1735, 0.5428,0
-0.1132, 0.0000, 1.1969, 3.1415, 0.5090,-5.8381, 4.6799, 0.2149, 0.5435,0
-0.1077, 0.0000, 1.1372, 3.1415, 0.5444,-5.9428, 4.6799, 0.1927, 0.5443,0
-0.1017, 0.0000, 1.0712, 3.1415, 0.5878,-6.4664, 4.6799, 0.2414, 0.5450,0
-0.0954, 0.0000, 1.0053, 3.1415, 0.6147,-6.5711, 4.6799, 0.2197, 0.5457,0
-0.0888, 0.0000, 0.9330, 3.1415, 0.6565,-7.0947, 4.6799, 0.2771, 0.5464,0
-0.0817, 0.0000, 0.8576, 3.1415, 0.7012,-7.4508, 4.6799, 0.3074, 0.5471,0
-0.0742, 0.0000, 0.7822, 3.1415, 0.7405,-7.5220, 4.6799, 0.2827, 0.5479,0
-0.0662, 0.0000, 0.7005, 3.1415, 0.7847,-8.0389, 4.6799, 0.3557, 0.5486,0
-0.0579, 0.0000, 0.6157, 3.1415, 0.8178,-8.3936, 4.6799, 0.4001, 0.5493,0
-0.0492, 0.0000, 0.5309, 3.1415, 0.8608,-8.4645, 4.6799, 0.3838, 0.5500,0
-0.0401, 0.0000, 0.4429, 3.1415, 0.8997,-8.7300, 4.6799, 0.4182, 0.5507,0
-0.0307, 0.0000, 0.3518, 3.1415, 0.9318,-9.0345, 0.7908, 0.4686, 0.5514,0
-0.0210, 0.0000, 0.2576, 3.1415, 0.9624,-9.3467,-4.6799, 0.5286, 0.5522,0
-0.0119, 0.0000, 0.1633, 3.1415, 0.9200,-9.4091,-4.6799, 0.5309, 0.5529,0
-0.0025, 0.0000, 0.0722, 3.1415, 0.9419,-9.1703, 4.6799, 0.4611, 0.5536,0
 0.0072, 0.0000,-0.0219, 3.1415, 0.9705,-9.3738,-3.4320, 0.5122, 0.5543,0
 0.0159, 0.0000,-0.1130, 3.1415, 0.8913,-9.1632, 4.6799, 0.4620, 0.5550,0
 0.0251, 0.0000,-0.2042, 3.1415, 0.9119,-9.1211, 4.6799, 0.4615, 0.5558,0
 0.0341, 0.0000,-0.2953, 3.1415, 0.8978,-9.1127, 4.6799, 0.4755, 0.5565,0
 0.0429, 0.0000,-0.3832, 3.1415, 0.8889,-8.8597, 4.6799, 0.4329, 0.5572,0
 0.0514, 0.0000,-0.4712, 3.1415, 0.8568,-8.8091, 4.6799, 0.4465, 0.5579,0
 0.0597, 0.0000,-0.5560, 3.1415, 0.8383,-8.5476, 4.6799, 0.4129, 0.5586,0
 0.0681, 0.0000,-0.6408, 3.1415, 0.8346,-8.4953, 4.6799, 0.4348, 0.5593,0
 0.0762, 0.0000,-0.7225, 3.1415, 0.8157,-8.2335, 4.6799, 0.4104, 0.5601,0
 0.0840, 0.0000,-0.8011, 3.1415, 0.7876,-7.9299, 4.6799, 0.3806, 0.5608,0
 0.0917, 0.0000,-0.8765, 3.1415, 0.7759,-7.6178, 4.6799, 0.3529, 0.5615,0
 0.0992, 0.0000,-0.9519, 3.1415, 0.7494,-7.5554, 4.6799, 0.3825, 0.5622,0
 0.1065, 0.0000,-1.0210, 3.1415, 0.7380,-7.0402, 4.6799, 0.3187, 0.5629,0
 0.1137, 0.0000,-1.0901, 3.1415, 0.7236,-6.9372, 4.6799, 0.3417, 0.5637,0
 0.1208, 0.0000,-1.1561, 3.1415, 0.7146,-6.6653, 3.2701, 0.3326, 0.5644,0
 0.1277, 0.0000,-1.2189, 3.1415, 0.6947,-6.3596, 1.0045, 0.3187, 0.5651,0
 0.1345, 0.0000,-1.2786, 3.1415, 0.6785,-6.0471,-1.5402, 0.3051, 0.5658,0
 0.1405, 0.0000,-1.3320, 3.1415, 0.6147,-5.4819,-2.5156, 0.2509, 0.5665,0
 0.1463, 0.0000,-1.3854, 3.1415, 0.5898,-5.3689,-4.6799, 0.2712, 0.5672,0
 0.1519, 0.0000,-1.4357, 3.1415, 0.5666,-5.0950,-4.6799, 0.2667, 0.5680,0
 0.1570, 0.0000,-1.4828, 3.1415, 0.5195,-4.7889,-4.6799, 0.2579, 0.5687,0
 0.1615, 0.0000,-1.5268, 3.1415, 0.4677,-4.4763,-4.6799, 0.2489, 0.5694,0
 0.1658, 0.0000,-1.5645, 3.1415, 0.4330,-3.9112,-4.6799, 0.2096, 0.5701,0
 0.1693, 0.0000,-1.6022, 3.1415, 0.3715,-3.7981,-4.6799, 0.2245, 0.5708,0
 0.1726, 0.0000,-1.6367, 3.1415, 0.3350,-3.5242,-4.6799, 0.2212, 0.5716,0
 0.1756, 0.0000,-1.6681, 3.1415, 0.3034,-3.2181,-4.6799, 0.2148, 0.5723,0
 0.1780, 0.0000,-1.6964, 3.1415, 0.2547,-2.9055,-4.6799, 0.2081, 0.5730,0
 0.1800, 0.0000,-1.7215, 3.1415, 0.2146,-2.5917,-4.6799, 0.2019, 0.5737,0
 0.1819, 0.0000,-1.7467, 3.1415, 0.1884,-2.5289,-4.6799, 0.2152, 0.5744,0
 0.1831, 0.0000,-1.7655, 3.1415, 0.1407,-2.0137,-4.6799, 0.1957, 0.5751,0
 0.1840, 0.0000,-1.7812, 3.1415, 0.0948,-1.6593,-4.6799, 0.1885, 0.5759,0
 0.1846, 0.0000,-1.7969, 3.1415, 0.0674,-1.5885,-4.6799, 0.1963, 0.5766,0
 0.1847, 0.0000,-1.8095, 3.1415, 0.0256,-1.3230,-4.6799, 0.1943, 0.5773,0
 0.1847, 0.0000,-1.8189, 3.1415, 0.0051,-1.0185,-4.6799, 0.1909, 0.5780,0
 0.1844, 0.0000,-1.8252, 3.1415,-0.0232,-0.7063,-4.6799, 0.1877, 0.5787,0
 0.1838, 0.0000,-1.8284, 3.1415,-0.0531,-0.3926,-4.6799, 0.1851, 0.5795,0
 0.1829, 0.0000,-1.8284, 3.1415,-0.0833,-0.0785,-4.6799, 0.1830, 0.5802,0
 0.1819, 0.0000,-1.8284, 3.1415,-0.0955,-0.0157,-4.6799, 0.1829, 0.5809,0
 0.1807, 0.0000,-1.8221, 3.1415,-0.1161, 0.4995,-4.6799, 0.1820, 0.5816,0
 0.1792, 0.0000,-1.8158, 3.1415,-0.1444, 0.6025,-4.6799, 0.1792, 0.5823,0
 0.1776, 0.0000,-1.8064, 3.1415,-0.1562, 0.8744,-4.6799, 0.1783, 0.5830,0
 0.1758, 0.0000,-1.7938, 3.1415,-0.1767, 1.1802,-4.6799, 0.1783, 0.5838,0
 0.1737, 0.0000,-1.7781, 3.1415,-0.1990, 1.4926,-4.6799, 0.1790, 0.5845,0
 0.1714, 0.0000,-1.7592, 3.1415,-0.2277, 1.8065,-4.6799, 0.1802, 0.5852,0
 0.1690, 0.0000,-1.7373, 3.1415,-0.2335, 2.1205,-4.6799, 0.1819, 0.5859,0
 0.1664, 0.0000,-1.7153, 3.1415,-0.2589, 2.1834,-4.6799, 0.1701, 0.5866,0
 0.1636, 0.0000,-1.6870, 3.1415,-0.2761, 2.6986,-4.6799, 0.1852, 0.5874,0
 0.1606, 0.0000,-1.6556, 3.1415,-0.2916, 3.0530,-4.6799, 0.1913, 0.5881,0
 0.1574, 0.0000,-1.6242, 3.1415,-0.3130, 3.1238,-4.6799, 0.1749, 0.5888,0
 0.1540, 0.0000,-1.5896, 3.1415,-0.3415, 3.3893,-4.6799, 0.1743, 0.5895,0
 0.1502, 0.0000,-1.5488, 3.1415,-0.3714, 3.9451,-4.6799, 0.2021, 0.5902,0
 0.1462, 0.0000,-1.5079, 3.1415,-0.3895, 4.0562,-4.6799, 0.1852, 0.5909,0
 0.1421, 0.0000,-1.4639, 3.1415,-0.4114, 4.3298,-4.6799, 0.1859, 0.5917,0
 0.1375, 0.0000,-1.4137, 3.1415,-0.4460, 4.8872,-4.6799, 0.2220, 0.5924,0
 0.1327, 0.0000,-1.3634, 3.1415,-0.4712, 4.9986,-4.6799, 0.2019, 0.5931,0
 0.1277, 0.0000,-1.3100, 3.1415,-0.4944, 5.2723,-4.6799, 0.2040, 0.5938,0
 0.1224, 0.0000,-1.2503, 3.1415,-0.5293, 5.8296,-4.6799, 0.2496, 0.5945,0
 0.1165, 0.0000,-1.1906, 3.1415,-0.5727, 5.9411,-4.6799, 0.2277, 0.5953,0
 0.1104, 0.0000,-1.1278, 3.1415,-0.6056, 6.2147,-4.6799, 0.2329, 0.5960,0
 0.1039, 0.0000,-1.0587, 3.1415,-0.6425, 6.7721,-4.6799, 0.2902, 0.5967,0
 0.0969, 0.0000,-0.9896, 3.1415,-0.6863, 6.8836,-4.6799, 0.2691, 0.5974,0
 0.0895, 0.0000,-0.9173, 3.1415,-0.7254, 7.1572,-4.6799, 0.2806, 0.5981,0
 0.0817, 0.0000,-0.8388, 3.1415,-0.7696, 7.7146,-4.6799, 0.3532, 0.5988,0
 0.0736, 0.0000,-0.7602, 3.1415,-0.8027, 7.8261,-4.6799, 0.3371, 0.5996,0
 0.0650, 0.0000,-0.6754, 3.1415,-0.8517, 8.3510,-4.6799, 0.4159, 0.6003,0
 0.0559, 0.0000,-0.5906, 3.1415,-0.8979, 8.4560,-4.6799, 0.4046, 0.6010,0
 0.0463, 0.0000,-0.5026, 3.1415,-0.9435, 8.7283,-4.6799, 0.4373, 0.6017,0
 0.0366, 0.0000,-0.4084, 3.1415,-0.9708, 9.2855, 4.6799, 0.5480, 0.6024,0
 0.0275, 0.0000,-0.3173, 3.1415,-0.9217, 9.1455,-4.6799, 0.4887, 0.6032,0
 0.0167, 0.0000,-0.2230, 3.1415,-1.0453, 9.3689,-0.5567, 0.5285, 0.6039,0
 0.0065, 0.0000,-0.1288, 3.1415,-1.0276, 9.4136,-2.5914, 0.5284, 0.6046,0
-0.0037, 0.0000,-0.0314, 3.1415,-1.0240, 9.6738, 4.6799, 0.5924, 0.6053,0
-0.0129, 0.0000, 0.0628, 3.1415,-0.9445, 9.4745,-4.3920, 0.5400, 0.6060,0
-0.0232, 0.0000, 0.1570, 3.1415,-1.0135, 9.4347,-3.8074, 0.5369, 0.6067,0
-0.0330, 0.0000, 0.2481, 3.1415,-0.9848, 9.1754,-4.6799, 0.4825, 0.6075,0
-0.0427, 0.0000, 0.3392, 3.1415,-0.9730, 9.1235,-4.6799, 0.4882, 0.6082,0
-0.0523, 0.0000, 0.4335, 3.1415,-0.9646, 9.3645, 4.6799, 0.5760, 0.6089,0
-0.0606, 0.0000, 0.5215, 3.1415,-0.8538, 8.9100,-4.6799, 0.4888, 0.6096,0
-0.0695, 0.0000, 0.6063, 3.1415,-0.8862, 8.5678,-4.6799, 0.4376, 0.6103,0
-0.0785, 0.0000, 0.6880, 3.1415,-0.8927, 8.2480,-4.6799, 0.3976, 0.6111,0
-0.0866, 0.0000, 0.7696, 3.1415,-0.8273, 8.1841,-4.6799, 0.4220, 0.6118,0
-0.0945, 0.0000, 0.8482, 3.1415,-0.8021, 7.9200,-4.6799, 0.4032, 0.6125,0
-0.1021, 0.0000, 0.9236, 3.1415,-0.7667, 7.6158,-4.6799, 0.3790, 0.6132,0
-0.1098, 0.0000, 0.9958, 3.1415,-0.7657, 7.3037,-4.6799, 0.3563, 0.6139,0
-0.1174, 0.0000, 1.0649, 3.1415,-0.7655, 6.9899,-4.6799, 0.3361, 0.6146,0
-0.1246, 0.0000, 1.1309, 3.1415,-0.7230, 6.6758,-4.6799, 0.3181, 0.6154,0
-0.1318, 0.0000, 1.1938, 3.1415,-0.7206, 6.3617,-4.6150, 0.3022, 0.6161,0
-0.1386, 0.0000, 1.2566, 3.1415,-0.6898, 6.2988, 0.2312, 0.3335, 0.6168,0
-0.1451, 0.0000, 1.3131, 3.1415,-0.6594, 5.7836, 1.3878, 0.2853, 0.6175,0
-0.1512, 0.0000, 1.3665, 3.1415,-0.6169, 5.4293, 4.2927, 0.2670, 0.6182,0
-0.1568, 0.0000, 1.4199, 3.1415,-0.5720, 5.3584, 4.6799, 0.2941, 0.6190,0
-0.1621, 0.0000, 1.4671, 3.1415,-0.5388, 4.8416, 4.6799, 0.2538, 0.6197,0
-0.1668, 0.0000, 1.5111, 3.1415,-0.4836, 4.4869, 4.6799, 0.2390, 0.6204,0
-0.1709, 0.0000, 1.5519, 3.1415,-0.4302, 4.1646, 4.6799, 0.2292, 0.6211,0
-0.1746, 0.0000, 1.5927, 3.1415,-0.3770, 4.1001, 4.6799, 0.2511, 0.6218,0
-0.1780, 0.0000, 1.6273, 3.1415,-0.3482, 3.5846, 4.6799, 0.2204, 0.6225,0
-0.1806, 0.0000, 1.6587, 3.1415,-0.2818, 3.2301, 4.6799, 0.2091, 0.6233,0
-0.1830, 0.0000, 1.6901, 3.1415,-0.2443, 3.1593, 4.6799, 0.2252, 0.6240,0
-0.1849, 0.0000, 1.7153, 3.1415,-0.2004, 2.6424, 4.6799, 0.2011, 0.6247,0
-0.1863, 0.0000, 1.7404, 3.1415,-0.1552, 2.5391, 4.6799, 0.2114, 0.6254,0
-0.1874, 0.0000, 1.7624, 3.1415,-0.1159, 2.2671, 4.6799, 0.2087, 0.6261,0
-0.1880, 0.0000, 1.7812, 3.1415,-0.0716, 1.9613, 4.6799, 0.2038, 0.6269,0
-0.1881, 0.0000, 1.7969, 3.1415,-0.0264, 1.6489, 4.6799, 0.1991, 0.6276,0
-0.1882, 0.0000, 1.8095, 3.1415,-0.0113, 1.3350, 4.6799, 0.1947, 0.6283,0
-0.1881, 0.0000, 1.8221, 3.1415, 0.0098, 1.2723, 4.6799, 0.2012, 0.6290,0
-0.1875, 0.0000, 1.8284, 3.1415, 0.0444, 0.7571, 4.6799, 0.1909, 0.6297,0
-0.1868, 0.0000, 1.8315, 3.1415, 0.0695, 0.4027, 4.6799, 0.1874, 0.6304,0
-0.1859, 0.0000, 1.8346, 3.1415, 0.0806, 0.3318, 4.6799, 0.1888, 0.6312,0
-0.1849, 0.0000, 1.8346, 3.1415, 0.1010, 0.0663, 4.6799, 0.1873, 0.6319,0
-0.1837, 0.0000, 1.8315, 3.1415, 0.1111,-0.2380, 4.6799, 0.1859, 0.6326,0
-0.1823, 0.0000, 1.8252, 3.1415, 0.1374,-0.5502, 4.6799, 0.1850, 0.6333,0
-0.1806, 0.0000, 1.8158, 3.1415, 0.1669,-0.8640, 4.6799, 0.1846, 0.6340,0
-0.1788, 0.0000, 1.8064, 3.1415, 0.1728,-0.9267, 4.6799, 0.1796, 0.6348,0
-0.1768, 0.0000, 1.7907, 3.1415, 0.1922,-1.4419, 4.6799, 0.1857, 0.6355,0
-0.1747, 0.0000, 1.7718, 3.1415, 0.2082,-1.7963, 4.6799, 0.1885, 0.6362,0
-0.1725, 0.0000, 1.7530, 3.1415, 0.2174,-1.8672, 4.6799, 0.1789, 0.6369,0
-0.1701, 0.0000, 1.7310, 3.1415, 0.2375,-2.1327, 4.6799, 0.1782, 0.6376,0
-0.1676, 0.0000, 1.7058, 3.1415, 0.2475,-2.4371, 4.6799, 0.1798, 0.6383,0
-0.1648, 0.0000, 1.6744, 3.1415, 0.2738,-3.0007, 4.6799, 0.2003, 0.6391,0
-0.1618, 0.0000, 1.6430, 3.1415, 0.2973,-3.1134, 4.6799, 0.1875, 0.6398,0
-0.1585, 0.0000, 1.6084, 3.1415, 0.3201,-3.3872, 4.6799, 0.1876, 0.6405,0
-0.1552, 0.0000, 1.5707, 3.1415, 0.3308,-3.6933, 4.6799, 0.1909, 0.6412,0
-0.1515, 0.0000, 1.5299, 3.1415, 0.3632,-4.0059, 4.6799, 0.1953, 0.6419,0
-0.1475, 0.0000, 1.4891, 3.1415, 0.3879,-4.0684, 4.6799, 0.1731, 0.6426,0
-0.1433, 0.0000, 1.4419, 3.1415, 0.4110,-4.5836, 4.6799, 0.2018, 0.6434,0
-0.1388, 0.0000, 1.3917, 3.1415, 0.4460,-4.9379, 4.6799, 0.2134, 0.6441,0
-0.1341, 0.0000, 1.3383, 3.1415, 0.4651,-5.2601, 4.6799, 0.2219, 0.6448,0
-0.1290, 0.0000, 1.2817, 3.1415, 0.4992,-5.5759, 4.6799, 0.2306, 0.6455,0
-0.1236, 0.0000, 1.2220, 3.1415, 0.5364,-5.8904, 4.6799, 0.2403, 0.6462,0
-0.1179, 0.0000, 1.1623, 3.1415, 0.5620,-5.9533, 4.6799, 0.2109, 0.6470,0
-0.1117, 0.0000, 1.0932, 3.1415, 0.6035,-6.7198, 4.6799, 0.3021, 0.6477,0
-0.1053, 0.0000, 1.0241, 3.1415, 0.6360,-6.8731, 4.6799, 0.2880, 0.6484,0
-0.0984, 0.0000, 0.9550, 3.1415, 0.6789,-6.9038, 4.6799, 0.2525, 0.6491,0
-0.0911, 0.0000, 0.8796, 3.1415, 0.7178,-7.4126, 4.6799, 0.3115, 0.6498,0
-0.0834, 0.0000, 0.7979, 3.1415, 0.7620,-8.0170, 4.6799, 0.3984, 0.6505,0
-0.0753, 0.0000, 0.7162, 3.1415, 0.8011,-8.1379, 4.6799, 0.3855, 0.6513,0
-0.0667, 0.0000, 0.6346, 3.1415, 0.8453,-8.1620, 4.6799, 0.3543, 0.6520,0
-0.0577, 0.0000, 0.5466, 3.1415, 0.8906,-8.6695, 4.6799, 0.4388, 0.6527,0
-0.0484, 0.0000, 0.4555, 3.1415, 0.9239,-9.0224, 4.6799, 0.4947, 0.6534,0
-0.0386, 0.0000, 0.3644, 3.1415, 0.9669,-9.0929, 4.6799, 0.4866, 0.6541,0
-0.0286, 0.0000, 0.2701, 3.1415, 0.9937,-9.3584, 4.6799, 0.5340, 0.6549,0
-0.0183, 0.0000, 0.1727, 3.1415, 1.0233,-9.6628,-3.2804, 0.5997, 0.6556,0
-0.0086, 0.0000, 0.0753, 3.1415, 0.9807,-9.7237,-1.6464, 0.6076, 0.6563,0
 0.0013, 0.0000,-0.0188, 3.1415, 0.9965,-9.4845, 4.6799, 0.5414, 0.6570,0
 0.0115, 0.0000,-0.1130, 3.1415, 1.0117,-9.4367, 4.6799, 0.5332, 0.6577,0
 0.0215, 0.0000,-0.2104, 3.1415, 1.0027,-9.6784,-1.7382, 0.6091, 0.6584,0
 0.0305, 0.0000,-0.3015, 3.1415, 0.9220,-9.2241, 4.6799, 0.5055, 0.6592,0
 0.0400, 0.0000,-0.3926, 3.1415, 0.9484,-9.1333, 4.6799, 0.5044, 0.6599,0
 0.0494, 0.0000,-0.4838, 3.1415, 0.9415,-9.1151, 4.6799, 0.5275, 0.6606,0
 0.0583, 0.0000,-0.5717, 3.1415, 0.8977,-8.8602, 4.6799, 0.4951, 0.6613,0
 0.0670, 0.0000,-0.6565, 3.1415, 0.8707,-8.5578, 4.6799, 0.4565, 0.6620,0
 0.0752, 0.0000,-0.7382, 3.1415, 0.8350,-8.2460, 4.6799, 0.4208, 0.6628,0
 0.0832, 0.0000,-0.8199, 3.1415, 0.8097,-8.1837, 4.6799, 0.4477, 0.6635,0
 0.0915, 0.0000,-0.8984, 3.1415, 0.8228,-7.9199, 4.6799, 0.4309, 0.6642,0
 0.0993, 0.0000,-0.9738, 3.1415, 0.7890,-7.6158, 4.6799, 0.4083, 0.6649,0
 0.1068, 0.0000,-1.0461, 3.1415, 0.7580,-7.3037, 4.6799, 0.3871, 0.6656,0
 0.1142, 0.0000,-1.1152, 3.1415, 0.7458,-6.9899, 4.6799, 0.3681, 0.6663,0
 0.1215, 0.0000,-1.1812, 3.1415, 0.7312,-6.6758, 4.6799, 0.3512, 0.6671,0
 0.1288, 0.0000,-1.2472, 3.1415, 0.7283,-6.6130, 1.4150, 0.3839, 0.6678,0
 0.1358, 0.0000,-1.3069, 3.1415, 0.7095,-6.0978, 0.0665, 0.3332, 0.6685,0
 0.1427, 0.0000,-1.3634, 3.1415, 0.6876,-5.7434,-3.3444, 0.3139, 0.6692,0
 0.1487, 0.0000,-1.4199, 3.1415, 0.6165,-5.6725,-4.6799, 0.3426, 0.6699,0
 0.1547, 0.0000,-1.4702, 3.1415, 0.6083,-5.1557,-4.6799, 0.3000, 0.6707,0
 0.1603, 0.0000,-1.5173, 3.1415, 0.5703,-4.8010,-4.6799, 0.2843, 0.6714,0
 0.1653, 0.0000,-1.5613, 3.1415, 0.5081,-4.4787,-4.6799, 0.2740, 0.6721,0
 0.1700, 0.0000,-1.6053, 3.1415, 0.4775,-4.4143,-4.6799, 0.2976, 0.6728,0
 0.1742, 0.0000,-1.6430, 3.1415, 0.4350,-3.8988,-4.6799, 0.2646, 0.6735,0
 0.1777, 0.0000,-1.6807, 3.1415, 0.3659,-3.7956,-4.6799, 0.2804, 0.6742,0
 0.1810, 0.0000,-1.7121, 3.1415, 0.3399,-3.2724,-4.6799, 0.2511, 0.6750,0
 0.1838, 0.0000,-1.7435, 3.1415, 0.2923,-3.1677,-4.6799, 0.2639, 0.6757,0
 0.1862, 0.0000,-1.7718, 3.1415, 0.2524,-2.8954,-4.6799, 0.2607, 0.6764,0
 0.1884, 0.0000,-1.7969, 3.1415, 0.2263,-2.5897,-4.6799, 0.2549, 0.6771,0
 0.1900, 0.0000,-1.8189, 3.1415, 0.1725,-2.2772,-4.6799, 0.2489, 0.6778,0
 0.1913, 0.0000,-1.8378, 3.1415, 0.1375,-1.9634,-4.6799, 0.2434, 0.6786,0
 0.1925, 0.0000,-1.8535, 3.1415, 0.1184,-1.6493,-4.6799, 0.2384, 0.6793,0
 0.1931, 0.0000,-1.8692, 3.1415, 0.0782,-1.5864,-4.6799, 0.2463, 0.6800,0
 0.1934, 0.0000,-1.8786, 3.1415, 0.0399,-1.0712,-4.6799, 0.2336, 0.6807,0
 0.1937, 0.0000,-1.8880, 3.1415, 0.0261,-0.9682,-4.6799, 0.2371, 0.6814,0
 0.1935, 0.0000,-1.8943, 3.1415,-0.0068,-0.6962,-4.6799, 0.2351, 0.6821,0
 0.1930, 0.0000,-1.9006, 3.1415,-0.0438,-0.6419,-4.6799, 0.2383, 0.6829,0
 0.1925, 0.0000,-1.9006, 3.1415,-0.0512,-0.1283,-4.6799, 0.2328, 0.6836,0
 0.1917, 0.0000,-1.9006, 3.1415,-0.0708,-0.0256,-4.6799, 0.2326, 0.6843,0
 0.1908, 0.0000,-1.8943, 3.1415,-0.0869, 0.4975,-4.6799, 0.2317, 0.6850,0
 0.1898, 0.0000,-1.8880, 3.1415,-0.0962, 0.6021,-4.6799, 0.2291, 0.6857,0
 0.1887, 0.0000,-1.8786, 3.1415,-0.1041, 0.8744,-4.6799, 0.2283, 0.6865,0
 0.1875, 0.0000,-1.8661, 3.1415,-0.1239, 1.1801,-4.6799, 0.2284, 0.6872,0
 0.1859, 0.0000,-1.8503, 3.1415,-0.1521, 1.4926,-4.6799, 0.2293, 0.6879,0
 0.1843, 0.0000,-1.8346, 3.1415,-0.1577, 1.5551,-4.6799, 0.2211, 0.6886,0
 0.1825, 0.0000,-1.8126, 3.1415,-0.1710, 2.0703,-4.6799, 0.2320, 0.6893,0
 0.1804, 0.0000,-1.7907, 3.1415,-0.2039, 2.1733,-4.6799, 0.2227, 0.6900,0
 0.1782, 0.0000,-1.7624, 3.1415,-0.2166, 2.6966,-4.6799, 0.2385, 0.6908,0
 0.1759, 0.0000,-1.7341, 3.1415,-0.2312, 2.8012,-4.5744, 0.2266, 0.6915,0
 0.1732, 0.0000,-1.7027, 3.1415,-0.2584, 3.0735,-4.4770, 0.2267, 0.6922,0
 0.1703, 0.0000,-1.6681, 3.1415,-0.2881, 3.3793,-4.4394, 0.2296, 0.6929,0
 0.1671, 0.0000,-1.6304, 3.1415,-0.3062, 3.6917,-4.6799, 0.2336, 0.6936,0
 0.1638, 0.0000,-1.5896, 3.1415,-0.3280, 4.0056,-4.6799, 0.2381, 0.6944,0
 0.1602, 0.0000,-1.5456, 3.1415,-0.3566, 4.3196,-4.6799, 0.2431, 0.6951,0
 0.1562, 0.0000,-1.4985, 3.1415,-0.3866, 4.6338,-4.6799, 0.2487, 0.6958,0
 0.1522, 0.0000,-1.4482, 3.1415,-0.3986, 4.9480,-4.6799, 0.2549, 0.6965,0
 0.1478, 0.0000,-1.3980, 3.1415,-0.4314, 5.0108,-4.6799, 0.2280, 0.6972,0
 0.1430, 0.0000,-1.3414, 3.1415,-0.4743, 5.5260,-4.6799, 0.2642, 0.6979,0
 0.1378, 0.0000,-1.2817, 3.1415,-0.5071, 5.8804,-4.6799, 0.2794, 0.6987,0
 0.1324, 0.0000,-1.2189, 3.1415,-0.5379, 6.2026,-4.6799, 0.2911, 0.6994,0
 0.1266, 0.0000,-1.1529, 3.1415,-0.5684, 6.5183,-4.6799, 0.3034, 0.7001,0
 0.1203, 0.0000,-1.0838, 3.1415,-0.6169, 6.8328,-4.6799, 0.3176, 0.7008,0
 0.1136, 0.0000,-1.0115, 3.1415,-0.6569, 7.1471,-4.6799, 0.3341, 0.7015,0
 0.1066, 0.0000,-0.9361, 3.1415,-0.6952, 7.4612,-4.6799, 0.3536, 0.7023,0
 0.0992, 0.0000,-0.8576, 3.1415,-0.7332, 7.7754,-4.6799, 0.3766, 0.7030,0
 0.0911, 0.0000,-0.7759, 3.1415,-0.7893, 8.0895,-4.6799, 0.4036, 0.7037,0
 0.0826, 0.0000,-0.6911, 3.1415,-0.8369, 8.4037,-4.6799, 0.4354, 0.7044,0
 0.0738, 0.0000,-0.6031, 3.1415,-0.8768, 8.7179,-4.6799, 0.4726, 0.7051,0
 0.0646, 0.0000,-0.5120, 3.1415,-0.9090, 9.0320,-4.6799, 0.5161, 0.7058,0
 0.0548, 0.0000,-0.4178, 3.1415,-0.9639, 9.3462,-4.6799, 0.5666, 0.7066,0
 0.0447, 0.0000,-0.3235, 3.1415,-0.9992, 9.4090,-4.6799, 0.5586, 0.7073,0
 0.0344, 0.0000,-0.2261, 3.1415,-1.0244, 9.6729,-4.6799, 0.6101, 0.7080,0
 0.0239, 0.0000,-0.1288, 3.1415,-1.0476, 9.7257,-4.6799, 0.6121, 0.7087,0
 0.0130, 0.0000,-0.0282, 3.1415,-1.0826, 9.9876, 4.6799, 0.6787, 0.7094,0
 0.0031, 0.0000, 0.0722, 3.1415,-1.0047, 10.0400, 4.6799, 0.6950, 0.7102,0
-0.0070, 0.0000, 0.1696, 3.1415,-1.0195, 9.7991,-4.6799, 0.6365, 0.7109,0
-0.0175, 0.0000, 0.2670, 3.1415,-1.0406, 9.7509,-4.6799, 0.6385, 0.7116,0
-0.0274, 0.0000, 0.3612, 3.1415,-1.0024, 9.4900,-4.6799, 0.5891, 0.7123,0
-0.0369, 0.0000, 0.4555, 3.1415,-0.9644, 9.4378,-4.6799, 0.6021, 0.7130,0
-0.0460, 0.0000, 0.5466, 3.1415,-0.9204, 9.1760,-4.6799, 0.5653, 0.7137,0
-0.0555, 0.0000, 0.6377, 3.1415,-0.9420, 9.1237,-4.6799, 0.5884, 0.7145,0
-0.0647, 0.0000, 0.7225, 3.1415,-0.9220, 8.6105,-4.6799, 0.4993, 0.7152,0
-0.0734, 0.0000, 0.8073, 3.1415,-0.8817, 8.5079,-4.6799, 0.5169, 0.7159,0
-0.0820, 0.0000, 0.8922, 3.1415,-0.8675, 8.4874,-4.6799, 0.5577, 0.7166,0
-0.0904, 0.0000, 0.9707, 3.1415,-0.8465, 7.9806,-4.6799, 0.4861, 0.7173,0
-0.0986, 0.0000, 1.0461, 3.1415,-0.8180, 7.6279,-4.6799, 0.4549, 0.7181,0
-0.1067, 0.0000, 1.1184, 3.1415,-0.8123, 7.3061,-4.6799, 0.4334, 0.7188,0
-0.1145, 0.0000, 1.1906, 3.1415,-0.7930, 7.2417,-4.2756, 0.4677, 0.7195,0
-0.1221, 0.0000, 1.2597, 3.1415,-0.7649, 6.9775,-1.5313, 0.4618, 0.7202,0
-0.1297, 0.0000, 1.3226, 3.1415,-0.7593, 6.4220, 0.0619, 0.4010, 0.7209,0
-0.1366, 0.0000, 1.3854, 3.1415,-0.7036, 6.3109, 4.3437, 0.4252, 0.7216,0
-0.1430, 0.0000, 1.4419, 3.1415,-0.6561, 5.7860, 4.6799, 0.3764, 0.7224,0
-0.1490, 0.0000, 1.4985, 3.1415,-0.6102, 5.6811, 4.6799, 0.4000, 0.7231,0
-0.1547, 0.0000, 1.5488, 3.1415,-0.5767, 5.1574, 4.6799, 0.3566, 0.7238,0
-0.1599, 0.0000, 1.5990, 3.1415,-0.5337, 5.0527, 4.6799, 0.3777, 0.7245,0
-0.1643, 0.0000, 1.6430, 3.1415,-0.4584, 4.5291, 4.6799, 0.3390, 0.7252,0
-0.1683, 0.0000, 1.6870, 3.1415,-0.4069, 4.4244, 4.6799, 0.3573, 0.7260,0
-0.1719, 0.0000, 1.7247, 3.1415,-0.3724, 3.9008, 4.6799, 0.3231, 0.7267,0
-0.1750, 0.0000, 1.7624, 3.1415,-0.3230, 3.7960, 4.6799, 0.3385, 0.7274,0
-0.1778, 0.0000, 1.7969, 3.1415,-0.2889, 3.5238, 4.6799, 0.3348, 0.7281,0
-0.1802, 0.0000, 1.8284, 3.1415,-0.2457, 3.2180, 4.6799, 0.3279, 0.7288,0
-0.1819, 0.0000, 1.8598, 3.1415,-0.1886, 3.1568, 4.6799, 0.3441, 0.7295,0
-0.1834, 0.0000, 1.8849, 3.1415,-0.1589, 2.6420, 4.6799, 0.3196, 0.7303,0
-0.1844, 0.0000, 1.9100, 3.1415,-0.1045, 2.5390, 4.6799, 0.3292, 0.7310,0
-0.1849, 0.0000, 1.9320, 3.1415,-0.0633, 2.2671, 4.6799, 0.3257, 0.7317,0
-0.1852, 0.0000, 1.9509, 3.1415,-0.0369, 1.9613, 4.6799, 0.3203, 0.7324,0
-0.1851, 0.0000, 1.9697, 3.1415,-0.0013, 1.9002, 4.6799, 0.3295, 0.7331,0
-0.1847, 0.0000, 1.9823, 3.1415, 0.0300, 1.3853, 4.6799, 0.3141, 0.7339,0
-0.1841, 0.0000, 1.9949, 3.1415, 0.0545, 1.2823, 4.6799, 0.3185, 0.7346,0
-0.1832, 0.0000, 2.0043, 3.1415, 0.0836, 1.0104, 4.6799, 0.3159, 0.7353,0
-0.1822, 0.0000, 2.0137, 3.1415, 0.0955, 0.9560, 4.6799, 0.3205, 0.7360,0
-0.1813, 0.0000, 2.0169, 3.1415, 0.0918, 0.4425, 4.6799, 0.3125, 0.7367,0
-0.1800, 0.0000, 2.0200, 3.1415, 0.1275, 0.3398, 4.6799, 0.3134, 0.7374,0
-0.1784, 0.0000, 2.0200, 3.1415, 0.1528, 0.0679, 4.6799, 0.3119, 0.7382,0
-0.1766, 0.0000, 2.0169, 3.1415, 0.1700,-0.2377, 4.6799, 0.3106, 0.7389,0
-0.1748, 0.0000, 2.0106, 3.1415, 0.1795,-0.5502, 4.6799, 0.3099, 0.7396,0
-0.1728, 0.0000, 2.0043, 3.1415, 0.1935,-0.6127, 4.6799, 0.3069, 0.7403,0
-0.1708, 0.0000, 1.9949, 3.1415, 0.2024,-0.8765, 4.6799, 0.3062, 0.7410,0
-0.1687, 0.0000, 1.9792, 3.1415, 0.2102,-1.4319, 4.6799, 0.3138, 0.7417,0
-0.1663, 0.0000, 1.9634, 3.1415, 0.2300,-1.5430, 4.1510, 0.3081, 0.7425,0
-0.1638, 0.0000, 1.9477, 3.1415, 0.2460,-1.5652, 3.2311, 0.2986, 0.7432,0
-0.1612, 0.0000, 1.9257, 3.1415, 0.2553,-2.0723, 3.0203, 0.3097, 0.7439,0
-0.1587, 0.0000, 1.9038, 3.1415, 0.2572,-2.1737, 1.6833, 0.3008, 0.7446,0
-0.1559, 0.0000, 1.8755, 3.1415, 0.2697,-2.6967, 1.3833, 0.3172, 0.7453,0
-0.1530, 0.0000, 1.8472, 3.1415, 0.2843,-2.8012, 0.1675, 0.3058, 0.7461,0
-0.1502, 0.0000, 1.8158, 3.1415, 0.2872,-3.0735, 0.0875, 0.3064, 0.7468,0
-0.1472, 0.0000, 1.7812, 3.1415, 0.2939,-3.3793,-0.0042, 0.3099, 0.7475,0
-0.1443, 0.0000, 1.7435, 3.1415, 0.2891,-3.6917, 0.1853, 0.3142, 0.7482,0
-0.1413, 0.0000, 1.7027, 3.1415, 0.3003,-4.0056, 0.4566, 0.3191, 0.7489,0
-0.1381, 0.0000, 1.6587, 3.1415, 0.3147,-4.3197, 0.9776, 0.3243, 0.7496,0
-0.1349, 0.0000, 1.6116, 3.1415, 0.3236,-4.6338, 1.8597, 0.3299, 0.7504,0
-0.1316, 0.0000, 1.5645, 3.1415, 0.3254,-4.6966, 3.3110, 0.3043, 0.7511,0
-0.1281, 0.0000, 1.5111, 3.1415, 0.3440,-5.2119, 4.4069, 0.3374, 0.7518,0
-0.1242, 0.0000, 1.4545, 3.1415, 0.3840,-5.5662, 4.6799, 0.3504, 0.7525,0
-0.1201, 0.0000, 1.3948, 3.1415, 0.4042,-5.8884, 4.6799, 0.3597, 0.7532,0
-0.1158, 0.0000, 1.3351, 3.1415, 0.4264,-5.9529, 4.6799, 0.3284, 0.7540,0
-0.1110, 0.0000, 1.2692, 3.1415, 0.4672,-6.4684, 4.6799, 0.3724, 0.7547,0
-0.1057, 0.0000, 1.2000, 3.1415, 0.5178,-6.8229, 4.6799, 0.3915, 0.7554,0
-0.1001, 0.0000, 1.1309, 3.1415, 0.5522,-6.8937, 4.6799, 0.3595, 0.7561,0
-0.0941, 0.0000, 1.0555, 3.1415, 0.5894,-7.4106, 4.6799, 0.4150, 0.7568,0
-0.0877, 0.0000, 0.9770, 3.1415, 0.6272,-7.7653, 4.6799, 0.4424, 0.7575,0
-0.0808, 0.0000, 0.8953, 3.1415, 0.6772,-8.0875, 4.6799, 0.4667, 0.7583,0
-0.0735, 0.0000, 0.8105, 3.1415, 0.7175,-8.4033, 4.6799, 0.4937, 0.7590,0
-0.0657, 0.0000, 0.7225, 3.1415, 0.7680,-8.7178, 4.6799, 0.5253, 0.7597,0
-0.0575, 0.0000, 0.6314, 3.1415, 0.8145,-9.0320, 4.6799, 0.5624, 0.7604,0
-0.0488, 0.0000, 0.5372, 3.1415, 0.8601,-9.3462, 4.6799, 0.6059, 0.7611,0
-0.0396, 0.0000, 0.4398, 3.1415, 0.9057,-9.6603, 4.6560, 0.6567, 0.7619,0
-0.0301, 0.0000, 0.3424, 3.1415, 0.9390,-9.7232, 4.6799, 0.6471, 0.7626,0
-0.0203, 0.0000, 0.2419, 3.1415, 0.9760,-9.9871,-1.0177, 0.6992, 0.7633,0
-0.0108, 0.0000, 0.1382, 3.1415, 0.9531,-10.2912,-4.6799, 0.7714, 0.7640,0
-0.0012, 0.0000, 0.0376, 3.1415, 0.9606,-10.1007, 2.2391, 0.7107, 0.7647,0
 0.0086, 0.0000,-0.0628, 3.1415, 0.9803,-10.0626, 4.1599, 0.7009, 0.7654,0
 0.0182, 0.0000,-0.1633, 3.1415, 0.9661,-10.0550, 3.1838, 0.7069, 0.7662,0
 0.0276, 0.0000,-0.2638, 3.1415, 0.9450,-10.0534, 0.6708, 0.7217, 0.7669,0
 0.0367, 0.0000,-0.3612, 3.1415, 0.9166,-9.8018, 4.6799, 0.6733, 0.7676,0
 0.0460, 0.0000,-0.4555, 3.1415, 0.9230,-9.5001, 4.6799, 0.6186, 0.7683,0
 0.0551, 0.0000,-0.5529, 3.1415, 0.9122,-9.6911, 2.8654, 0.7037, 0.7690,0
 0.0637, 0.0000,-0.6440, 3.1415, 0.8736,-9.2267, 4.6799, 0.6176, 0.7698,0
 0.0719, 0.0000,-0.7351, 3.1415, 0.8295,-9.1338, 4.6799, 0.6353, 0.7705,0
 0.0798, 0.0000,-0.8199, 3.1415, 0.8025,-8.6126, 4.6799, 0.5485, 0.7712,0
 0.0876, 0.0000,-0.9047, 3.1415, 0.7850,-8.5083, 4.6799, 0.5698, 0.7719,0
 0.0951, 0.0000,-0.9864, 3.1415, 0.7572,-8.2361, 4.6799, 0.5535, 0.7726,0
 0.1023, 0.0000,-1.0649, 3.1415, 0.7274,-7.9304, 4.6799, 0.5325, 0.7733,0
 0.1095, 0.0000,-1.1403, 3.1415, 0.7154,-7.6179, 4.6799, 0.5128, 0.7741,0
 0.1165, 0.0000,-1.2157, 3.1415, 0.7069,-7.5554, 3.7591, 0.5495, 0.7748,0
 0.1233, 0.0000,-1.2849, 3.1415, 0.6810,-7.0403, 3.2759, 0.4914, 0.7755,0
 0.1299, 0.0000,-1.3508, 3.1415, 0.6697,-6.6859,-0.3831, 0.4691, 0.7762,0
 0.1358, 0.0000,-1.4137, 3.1415, 0.6068,-6.3637,-3.5087, 0.4546, 0.7769,0
 0.1414, 0.0000,-1.4734, 3.1415, 0.5640,-6.0479,-4.6799, 0.4422, 0.7777,0
 0.1468, 0.0000,-1.5330, 3.1415, 0.5432,-5.9848,-4.6799, 0.4743, 0.7784,0
 0.1516, 0.0000,-1.5865, 3.1415, 0.4967,-5.4695,-4.6799, 0.4300, 0.7791,0
 0.1559, 0.0000,-1.6367, 3.1415, 0.4388,-5.1151,-4.6799, 0.4136, 0.7798,0
 0.1598, 0.0000,-1.6838, 3.1415, 0.4030,-4.7929,-4.6799, 0.4026, 0.7805,0
 0.1632, 0.0000,-1.7310, 3.1415, 0.3534,-4.7284,-4.6799, 0.4275, 0.7812,0
 0.1660, 0.0000,-1.7718, 3.1415, 0.2950,-4.2129,-4.6799, 0.3918, 0.7820,0
 0.1685, 0.0000,-1.8126, 3.1415, 0.2590,-4.1098,-4.6799, 0.4084, 0.7827,0
 0.1706, 0.0000,-1.8503, 3.1415, 0.2215,-3.8378,-4.6799, 0.4043, 0.7834,0
 0.1723, 0.0000,-1.8849, 3.1415, 0.1777,-3.5321,-4.6799, 0.3965, 0.7841,0
 0.1737, 0.0000,-1.9163, 3.1415, 0.1507,-3.2197,-4.6799, 0.3883, 0.7848,0
 0.1747, 0.0000,-1.9477, 3.1415, 0.1089,-3.1572,-4.6799, 0.4038, 0.7856,0
 0.1753, 0.0000,-1.9729, 3.1415, 0.0642,-2.6420,-4.6799, 0.3787, 0.7863,0
 0.1757, 0.0000,-1.9980, 3.1415, 0.0492,-2.5390,-4.6799, 0.3878, 0.7870,0
 0.1758, 0.0000,-2.0200, 3.1415, 0.0159,-2.2670,-4.6799, 0.3838, 0.7877,0
 0.1755, 0.0000,-2.0420, 3.1415,-0.0210,-2.2127,-4.6799, 0.3945, 0.7884,0
 0.1751, 0.0000,-2.0577, 3.1415,-0.0345,-1.6991,-4.6799, 0.3764, 0.7891,0
 0.1745, 0.0000,-2.0734, 3.1415,-0.0554,-1.5964,-4.6799, 0.3816, 0.7899,0
 0.1736, 0.0000,-2.0860, 3.1415,-0.0838,-1.3246,-4.6799, 0.3783, 0.7906,0
 0.1725, 0.0000,-2.0985, 3.1415,-0.1077,-1.2702,-4.6799, 0.3842, 0.7913,0
 0.1713, 0.0000,-2.1080, 3.1415,-0.1124,-1.0080,-4.6799, 0.3817, 0.7920,0
 0.1700, 0.0000,-2.1111, 3.1415,-0.1316,-0.4529,-4.6799, 0.3722, 0.7927,0
 0.1684, 0.0000,-2.1174, 3.1415,-0.1475,-0.5932,-4.6799, 0.3782, 0.7935,0
 0.1669, 0.0000,-2.1174, 3.1415,-0.1507,-0.1186,-4.6799, 0.3734, 0.7942,0
 0.1652, 0.0000,-2.1174, 3.1415,-0.1696,-0.0237,-4.6799, 0.3732, 0.7949,0
 0.1633, 0.0000,-2.1142, 3.1415,-0.1855, 0.2465,-4.6799, 0.3721, 0.7956,0
 0.1612, 0.0000,-2.1080, 3.1415,-0.2068, 0.5519,-4.6799, 0.3717, 0.7963,0
 0.1590, 0.0000,-2.0985, 3.1415,-0.2172, 0.8643,-4.6799, 0.3721, 0.7970,0
 0.1566, 0.0000,-2.0891, 3.1415,-0.2314, 0.9268,-4.6799, 0.3678, 0.7978,0
 0.1540, 0.0000,-2.0765, 3.1415,-0.2524, 1.1906,-3.8464, 0.3677, 0.7985,0
 0.1514, 0.0000,-2.0608, 3.1415,-0.2627, 1.4947,-2.6338, 0.3692, 0.7992,0
 0.1487, 0.0000,-2.0451, 3.1415,-0.2647, 1.5555,-1.2289, 0.3618, 0.7999,0
 0.1460, 0.0000,-2.0231, 3.1415,-0.2712, 2.0704,-0.8474, 0.3739, 0.8006,0
 0.1431, 0.0000,-2.0011, 3.1415,-0.2846, 2.1733, 1.0734, 0.3657, 0.8014,0
 0.1407, 0.0000,-1.9760, 3.1415,-0.2509, 2.4453, 1.2136, 0.3668, 0.8021,0
 0.1383, 0.0000,-1.9446, 3.1415,-0.2442, 3.0023, 1.4178, 0.3884, 0.8028,0
 0.1361, 0.0000,-1.9132, 3.1415,-0.2186, 3.1137, 2.5646, 0.3768, 0.8035,0
 0.1343, 0.0000,-1.8786, 3.1415,-0.1953, 3.3873, 2.3144, 0.3782, 0.8042,0
 0.1325, 0.0000,-1.8409, 3.1415,-0.1785, 3.6933, 2.0675, 0.3826, 0.8049,0
 0.1311, 0.0000,-1.8001, 3.1415,-0.1509, 4.0059, 1.5289, 0.3879, 0.8057,0
 0.1298, 0.0000,-1.7561, 3.1415,-0.1332, 4.3197, 0.8232, 0.3935, 0.8064,0
 0.1287, 0.0000,-1.7090, 3.1415,-0.1115, 4.6338,-0.2367, 0.3995, 0.8071,0
 0.1275, 0.0000,-1.6556, 3.1415,-0.1193, 5.1993,-1.4515, 0.4393, 0.8078,0
 0.1261, 0.0000,-1.6022, 3.1415,-0.1330, 5.3124,-2.6491, 0.4176, 0.8085,0
 0.1245, 0.0000,-1.5456, 3.1415,-0.1599, 5.5863,-4.2538, 0.4188, 0.8093,0
 0.1227, 0.0000,-1.4891, 3.1415,-0.1714, 5.6411,-4.6799, 0.3869, 0.8100,0
 0.1205, 0.0000,-1.4262, 3.1415,-0.2101, 6.1547,-4.6799, 0.4269, 0.8107,0
 0.1179, 0.0000,-1.3603, 3.1415,-0.2542, 6.5088,-4.6799, 0.4430, 0.8114,0
 0.1150, 0.0000,-1.2911, 3.1415,-0.2812, 6.8309,-4.6799, 0.4550, 0.8121,0
 0.1117, 0.0000,-1.2189, 3.1415,-0.3230, 7.1467,-4.6799, 0.4675, 0.8128,0
 0.1077, 0.0000,-1.1435, 3.1415,-0.3799, 7.4612,-4.6799, 0.4818, 0.8136,0
 0.1033, 0.0000,-1.0618, 3.1415,-0.4276, 8.0267,-4.6799, 0.5521, 0.8143,0
 0.0985, 0.0000,-0.9801, 3.1415,-0.4735, 8.1398,-4.6799, 0.5277, 0.8150,0
 0.0931, 0.0000,-0.8953, 3.1415,-0.5252, 8.4138,-4.6799, 0.5421, 0.8157,0
 0.0871, 0.0000,-0.8042, 3.1415,-0.5840, 8.9712,-4.6799, 0.6286, 0.8164,0
 0.0807, 0.0000,-0.7131, 3.1415,-0.6321, 9.0827,-4.6799, 0.6118, 0.8172,0
 0.0738, 0.0000,-0.6188, 3.1415,-0.6782, 9.3563,-4.6799, 0.6406, 0.8179,0
 0.0663, 0.0000,-0.5183, 3.1415,-0.7298, 9.9137, 1.6273, 0.7521, 0.8186,0
 0.0594, 0.0000,-0.4178, 3.1415,-0.7037, 10.0252,-3.2029, 0.7507, 0.8193,0
 0.0511, 0.0000,-0.3141, 3.1415,-0.8016, 10.2988, 4.6799, 0.8019, 0.8200,0
 0.0436, 0.0000,-0.2104, 3.1415,-0.7606, 10.3535, 3.7329, 0.7985, 0.8207,0
 0.0360, 0.0000,-0.1099, 3.1415,-0.7584, 10.1131,-4.6799, 0.7181, 0.8215,0
 0.0281, 0.0000,-0.0062, 3.1415,-0.7822, 10.3164,-3.1408, 0.7719, 0.8222,0
 0.0203, 0.0000, 0.0973, 3.1415,-0.7809, 10.3570,-1.6219, 0.7870, 0.8229,0
 0.0128, 0.0000, 0.2010, 3.1415,-0.7564, 10.3652,-0.3109, 0.8005, 0.8236,0
 0.0056, 0.0000, 0.3015, 3.1415,-0.7273, 10.1155,-4.6799, 0.7468, 0.8243,0
-0.0016, 0.0000, 0.4021, 3.1415,-0.7336, 10.0655,-4.6799, 0.7576, 0.8251,0
-0.0089, 0.0000, 0.5026, 3.1415,-0.7288, 10.0555,-4.6799, 0.7863, 0.8258,0
-0.0156, 0.0000, 0.6000, 3.1415,-0.6854, 9.8022,-4.6799, 0.7525, 0.8265,0
-0.0224, 0.0000, 0.6942, 3.1415,-0.6767, 9.5002,-4.6799, 0.7117, 0.8272,0
-0.0288, 0.0000, 0.7853, 3.1415,-0.6446, 9.1885,-4.6799, 0.6742, 0.8279,0
-0.0349, 0.0000, 0.8765, 3.1415,-0.6200, 9.1261,-4.6799, 0.7065, 0.8286,0
-0.0410, 0.0000, 0.9613, 3.1415,-0.6090, 8.6110,-4.6799, 0.6270, 0.8294,0
-0.0466, 0.0000, 1.0461, 3.1415,-0.5705, 8.5080,-4.6799, 0.6537, 0.8301,0
-0.0520, 0.0000, 1.1246, 3.1415,-0.5506, 7.9847,-4.6799, 0.5827, 0.8308,0
-0.0576, 0.0000, 1.2032, 3.1415,-0.5588, 7.8801,-4.6799, 0.6113, 0.8315,0
-0.0628, 0.0000, 1.2786, 3.1415,-0.5240, 7.6078,-4.6799, 0.6034, 0.8322,0
-0.0677, 0.0000, 1.3477, 3.1415,-0.4989, 7.0507,-4.6799, 0.5371, 0.8330,0
-0.0728, 0.0000, 1.4168, 3.1415,-0.5060, 6.9393,-1.6623, 0.5640, 0.8337,0
-0.0775, 0.0000, 1.4828, 3.1415,-0.4771, 6.6657, 1.4050, 0.5589, 0.8344,0
-0.0819, 0.0000, 1.5456, 3.1415,-0.4471, 6.3597, 4.3886, 0.5481, 0.8351,0
-0.0856, 0.0000, 1.6053, 3.1415,-0.3865, 6.0471, 4.6799, 0.5367, 0.8358,0
-0.0891, 0.0000, 1.6619, 3.1415,-0.3562, 5.7333, 4.6799, 0.5255, 0.8365,0
-0.0922, 0.0000, 1.7153, 3.1415,-0.3198, 5.4192, 4.6799, 0.5145, 0.8373,0
-0.0947, 0.0000, 1.7687, 3.1415,-0.2640, 5.3564, 4.6799, 0.5428, 0.8380,0
-0.0967, 0.0000, 1.8158, 3.1415,-0.2165, 4.8411, 4.6799, 0.5023, 0.8387,0
-0.0983, 0.0000, 1.8629, 3.1415,-0.1645, 4.7381, 4.6799, 0.5211, 0.8394,0
-0.0995, 0.0000, 1.9038, 3.1415,-0.1299, 4.2148, 4.6799, 0.4834, 0.8401,0
-0.1002, 0.0000, 1.9446, 3.1415,-0.0866, 4.1102, 4.6799, 0.4987, 0.8409,0
-0.1007, 0.0000, 1.9854, 3.1415,-0.0537, 4.0893, 4.6799, 0.5234, 0.8416,0
-0.1008, 0.0000, 2.0200, 3.1415,-0.0168, 3.5824, 4.6799, 0.4915, 0.8423,0
-0.1005, 0.0000, 2.0546, 3.1415, 0.0148, 3.4810, 4.6799, 0.5036, 0.8430,0
-0.1001, 0.0000, 2.0860, 3.1415, 0.0393, 3.2094, 4.6799, 0.4980, 0.8437,0
-0.0994, 0.0000, 2.1142, 3.1415, 0.0624, 2.9038, 4.6799, 0.4893, 0.8444,0
-0.0986, 0.0000, 2.1394, 3.1415, 0.0791, 2.5913, 4.6799, 0.4806, 0.8452,0
-0.0975, 0.0000, 2.1645, 3.1415, 0.1007, 2.5289, 4.6799, 0.4912, 0.8459,0
-0.0964, 0.0000, 2.1865, 3.1415, 0.1050, 2.2650, 4.6799, 0.4865, 0.8466,0
-0.0951, 0.0000, 2.2085, 3.1415, 0.1240, 2.2123, 4.6799, 0.4960, 0.8473,0
-0.0937, 0.0000, 2.2242, 3.1415, 0.1400, 1.6991, 4.6799, 0.4769, 0.8480,0
-0.0922, 0.0000, 2.2399, 3.1415, 0.1492, 1.5964, 4.6799, 0.4811, 0.8487,0
-0.0905, 0.0000, 2.2525, 3.1415, 0.1632, 1.3245, 4.6799, 0.4770, 0.8495,0
-0.0889, 0.0000, 2.2650, 3.1415, 0.1660, 1.2702, 4.6799, 0.4820, 0.8502,0
-0.0870, 0.0000, 2.2745, 3.1415, 0.1847, 1.0080, 4.6799, 0.4788, 0.8509,0
-0.0849, 0.0000, 2.2807, 3.1415, 0.2006, 0.7042, 4.6799, 0.4750, 0.8516,0
-0.0829, 0.0000, 2.2870, 3.1415, 0.2038, 0.6435, 4.6799, 0.4772, 0.8523,0
-0.0806, 0.0000, 2.2902, 3.1415, 0.2226, 0.3800, 4.6799, 0.4752, 0.8531,0
-0.0781, 0.0000, 2.2902, 3.1415, 0.2446, 0.0760, 4.6799, 0.4732, 0.8538,0
-0.0755, 0.0000, 2.2902, 3.1415, 0.2550, 0.0152, 3.3878, 0.4731, 0.8545,0
-0.0729, 0.0000, 2.2870, 3.1415, 0.2571,-0.2482, 2.7614, 0.4723, 0.8552,0
-0.0704, 0.0000, 2.2839, 3.1415, 0.2575,-0.3009, 1.2250, 0.4710, 0.8559,0
-0.0677, 0.0000, 2.2745, 3.1415, 0.2637,-0.8141, 0.8451, 0.4739, 0.8566,0
-0.0650, 0.0000, 2.2650, 3.1415, 0.2710,-0.9168,-1.8836, 0.4712, 0.8574,0
-0.0627, 0.0000, 2.2556, 3.1415, 0.2361,-0.9373,-2.6697, 0.4665, 0.8581,0
-0.0608, 0.0000, 2.2399, 3.1415, 0.1988,-1.4441,-2.2529, 0.4746, 0.8588,0
-0.0589, 0.0000, 2.2211, 3.1415, 0.1913,-1.7967,-4.2486, 0.4799, 0.8595,0
-0.0573, 0.0000, 2.1991, 3.1415, 0.1655,-2.1186,-4.6799, 0.4849, 0.8602,0
-0.0560, 0.0000, 2.1771, 3.1415, 0.1361,-2.1830,-4.6799, 0.4759, 0.8610,0
-0.0553, 0.0000, 2.1488, 3.1415, 0.0878,-2.6985,-4.6799, 0.4943, 0.8617,0
-0.0549, 0.0000, 2.1174, 3.1415, 0.0478,-3.0529,-4.6799, 0.5037, 0.8624,0
-0.0547, 0.0000, 2.0860, 3.1415, 0.0277,-3.1238,-4.6799, 0.4904, 0.8631,0
-0.0549, 0.0000, 2.0483, 3.1415,-0.0126,-3.6407,-4.6799, 0.5155, 0.8638,0
-0.0554, 0.0000, 2.0106, 3.1415,-0.0449,-3.7440,-4.6799, 0.5020, 0.8645,0
-0.0561, 0.0000, 1.9666, 3.1415,-0.0635,-4.2674,-4.6799, 0.5318, 0.8653,0
-0.0571, 0.0000, 1.9195, 3.1415,-0.0915,-4.6233,-4.6799, 0.5446, 0.8660,0
-0.0582, 0.0000, 1.8723, 3.1415,-0.1092,-4.6945,-4.6799, 0.5218, 0.8667,0
-0.0595, 0.0000, 1.8189, 3.1415,-0.1249,-5.2114,-4.6799, 0.5566, 0.8674,0
-0.0610, 0.0000, 1.7655, 3.1415,-0.1401,-5.3148,-4.3445, 0.5344, 0.8681,0
-0.0623, 0.0000, 1.7058, 3.1415,-0.1371,-5.8381,-2.3601, 0.5738, 0.8689,0
-0.0638, 0.0000, 1.6461, 3.1415,-0.1426,-5.9428,-1.1006, 0.5485, 0.8696,0
-0.0651, 0.0000, 1.5833, 3.1415,-0.1376,-6.2151, 0.8855, 0.5498, 0.8703,0
-0.0657, 0.0000, 1.5142, 3.1415,-0.0699,-6.7722, 1.7036, 0.6014, 0.8710,0
-0.0663, 0.0000, 1.4451, 3.1415,-0.0685,-6.8836, 4.6799, 0.5733, 0.8717,0
-0.0663, 0.0000, 1.3728, 3.1415,-0.0137,-7.1572, 4.6799, 0.5759, 0.8724,0
-0.0659, 0.0000, 1.2943, 3.1415, 0.0336,-7.7146, 4.6799, 0.6372, 0.8732,0
-0.0648, 0.0000, 1.2157, 3.1415, 0.0916,-7.8261, 4.6799, 0.6078, 0.8739,0
-0.0632, 0.0000, 1.1309, 3.1415, 0.1517,-8.3510, 4.6799, 0.6706, 0.8746,0
-0.0609, 0.0000, 1.0461, 3.1415, 0.2122,-8.4560, 4.6799, 0.6413, 0.8753,0
-0.0581, 0.0000, 0.9550, 3.1415, 0.2667,-8.9797, 4.6799, 0.7141, 0.8760,0
-0.0547, 0.0000, 0.8607, 3.1415, 0.3262,-9.3357, 4.6799, 0.7521, 0.8768,0
-0.0507, 0.0000, 0.7634, 3.1415, 0.3866,-9.6582, 2.3775, 0.7871, 0.8775,0
-0.0463, 0.0000, 0.6628, 3.1415, 0.4289,-9.9741,-2.7563, 0.8267, 0.8782,0
-0.0421, 0.0000, 0.5592, 3.1415, 0.4192,-10.2886,-4.6799, 0.8732, 0.8789,0
-0.0371, 0.0000, 0.4523, 3.1415, 0.4840,-10.6028,-4.6799, 0.9280, 0.8796,0
-0.0322, 0.0000, 0.3487, 3.1415, 0.4848,-10.4143, 1.4077, 0.8435, 0.8803,0
-0.0269, 0.0000, 0.2387, 3.1415, 0.5214,-10.8793,-4.6799, 0.9593, 0.8811,0
-0.0220, 0.0000, 0.1319, 3.1415, 0.4984,-10.7209,-4.6799, 0.8973, 0.8818,0
-0.0176, 0.0000, 0.0251, 3.1415, 0.4513,-10.6893,-3.1264, 0.8817, 0.8825,0
-0.0132, 0.0000,-0.0816, 3.1415, 0.4419,-10.6829,-2.1129, 0.8820, 0.8832,0
-0.0093, 0.0000,-0.1884, 3.1415, 0.4036,-10.6817,-2.7133, 0.8920, 0.8839,0
-0.0059, 0.0000,-0.2921, 3.1415, 0.3475,-10.4301, 4.6799, 0.8353, 0.8847,0
-0.0022, 0.0000,-0.3926, 3.1415, 0.3666,-10.1285, 4.6799, 0.7727, 0.8854,0
 0.0006, 0.0000,-0.4900, 3.1415, 0.3097,-9.8168, 4.6799, 0.7156, 0.8861,0
 0.0033, 0.0000,-0.5906, 3.1415, 0.2741,-10.0058, 4.6799, 0.8051, 0.8868,0
 0.0059, 0.0000,-0.6848, 3.1415, 0.2609,-9.5409, 4.6799, 0.7182, 0.8875,0
 0.0083, 0.0000,-0.7759, 3.1415, 0.2462,-9.1966, 4.6799, 0.6715, 0.8882,0
 0.0104, 0.0000,-0.8670, 3.1415, 0.2190,-9.1278, 4.6799, 0.7017, 0.8890,0
 0.0125, 0.0000,-0.9550, 3.1415, 0.2135,-8.8627, 4.6799, 0.6849, 0.8897,0
 0.0144, 0.0000,-1.0398, 3.1415, 0.1882,-8.5583, 4.6799, 0.6618, 0.8904,0
 0.0159, 0.0000,-1.1215, 3.1415, 0.1649,-8.2461, 4.6799, 0.6401, 0.8911,0
 0.0175, 0.0000,-1.2000, 3.1415, 0.1542,-7.9324, 4.6799, 0.6207, 0.8918,0
 0.0189, 0.0000,-1.2786, 3.1415, 0.1460,-7.8696, 4.6799, 0.6602, 0.8926,0
 0.0204, 0.0000,-1.3508, 3.1415, 0.1504,-7.3544, 4.6799, 0.6005, 0.8933,0
 0.0216, 0.0000,-1.4199, 3.1415, 0.1210,-7.0000, 4.6799, 0.5781, 0.8940,0
 0.0226, 0.0000,-1.4891, 3.1415, 0.1090,-6.9292, 4.6799, 0.6136, 0.8947,0
 0.0237, 0.0000,-1.5519, 3.1415, 0.1127,-6.4123, 2.8834, 0.5621, 0.8954,0
 0.0247, 0.0000,-1.6147, 3.1415, 0.1013,-6.3090, 0.0083, 0.5888, 0.8961,0
 0.0256, 0.0000,-1.6713, 3.1415, 0.0930,-5.7857,-3.6486, 0.5407, 0.8969,0
 0.0258, 0.0000,-1.7278, 3.1415, 0.0307,-5.6810,-4.6799, 0.5641, 0.8976,0
 0.0262, 0.0000,-1.7781, 3.1415, 0.0364,-5.1574,-4.6799, 0.5202, 0.8983,0
 0.0262, 0.0000,-1.8284, 3.1415, 0.0133,-5.0527,-4.6799, 0.5403, 0.8990,0
 0.0257, 0.0000,-1.8755, 3.1415,-0.0397,-4.7804,-4.6799, 0.5353, 0.8997,0
 0.0249, 0.0000,-1.9195, 3.1415,-0.0746,-4.4746,-4.6799, 0.5256, 0.9005,0
 0.0238, 0.0000,-1.9634, 3.1415,-0.0998,-4.4135,-4.6799, 0.5475, 0.9012,0
 0.0224, 0.0000,-2.0011, 3.1415,-0.1351,-3.8986,-4.6799, 0.5124, 0.9019,0
 0.0209, 0.0000,-2.0388, 3.1415,-0.1483,-3.7956,-4.6799, 0.5256, 0.9026,0
 0.0190, 0.0000,-2.0734, 3.1415,-0.1751,-3.5237,-4.6799, 0.5197, 0.9033,0
 0.0169, 0.0000,-2.1048, 3.1415,-0.2048,-3.2180,-4.6799, 0.5105, 0.9040,0
 0.0147, 0.0000,-2.1362, 3.1415,-0.2167,-3.1568,-4.6799, 0.5242, 0.9048,0
 0.0124, 0.0000,-2.1645, 3.1415,-0.2313,-2.8933,-4.6799, 0.5189, 0.9055,0
 0.0098, 0.0000,-2.1896, 3.1415,-0.2524,-2.5892,-4.6799, 0.5104, 0.9062,0
 0.0071, 0.0000,-2.2116, 3.1415,-0.2687,-2.2771,-4.6799, 0.5019, 0.9069,0
 0.0043, 0.0000,-2.2336, 3.1415,-0.2720,-2.2147,-4.6799, 0.5105, 0.9076,0
 0.0014, 0.0000,-2.2525, 3.1415,-0.2908,-1.9508,-4.6799, 0.5057, 0.9084,0
-0.0017, 0.0000,-2.2682, 3.1415,-0.3128,-1.6468,-4.6799, 0.4991, 0.9091,0
-0.0050, 0.0000,-2.2839, 3.1415,-0.3232,-1.5860,-4.6799, 0.5050, 0.9098,0
-0.0083, 0.0000,-2.2965, 3.1415,-0.3314,-1.3225,-4.6799, 0.5010, 0.9105,0
-0.0117, 0.0000,-2.3059, 3.1415,-0.3391,-1.0184,-3.7576, 0.4961, 0.9112,0
-0.0152, 0.0000,-2.3153, 3.1415,-0.3467,-0.9576,-1.7341, 0.4994, 0.9119,0
-0.0188, 0.0000,-2.3216, 3.1415,-0.3603,-0.6941,-0.9150, 0.4966, 0.9127,0
-0.0224, 0.0000,-2.3279, 3.1415,-0.3570,-0.6414, 0.6979, 0.4989, 0.9134,0
-0.0253, 0.0000,-2.3310, 3.1415,-0.3078,-0.3796, 0.7967, 0.4968, 0.9141,0
-0.0285, 0.0000,-2.3310, 3.1415,-0.3162,-0.0759, 2.4002, 0.4949, 0.9148,0
-0.0313, 0.0000,-2.3247, 3.1415,-0.2815, 0.4874, 3.8930, 0.4948, 0.9155,0
-0.0336, 0.0000,-2.3184, 3.1415,-0.2442, 0.6001, 4.6799, 0.4933, 0.9163,0
-0.0354, 0.0000,-2.3090, 3.1415,-0.1943, 0.8739, 4.6799, 0.4939, 0.9170,0
-0.0369, 0.0000,-2.2965, 3.1415,-0.1540, 1.1801, 4.6799, 0.4960, 0.9177,0
-0.0378, 0.0000,-2.2807, 3.1415,-0.1096, 1.4926, 4.6799, 0.4992, 0.9184,0
-0.0384, 0.0000,-2.2588, 3.1415,-0.0643, 2.0578, 4.6799, 0.5152, 0.9191,0
-0.0385, 0.0000,-2.2368, 3.1415,-0.0250, 2.1708, 4.6799, 0.5096, 0.9198,0
-0.0383, 0.0000,-2.2116, 3.1415, 0.0131, 2.4447, 4.6799, 0.5130, 0.9206,0
-0.0378, 0.0000,-2.1834, 3.1415, 0.0390, 2.7509, 4.6799, 0.5188, 0.9213,0
-0.0371, 0.0000,-2.1488, 3.1415, 0.0684, 3.3147, 4.6799, 0.5461, 0.9220,0
-0.0362, 0.0000,-2.1142, 3.1415, 0.0864, 3.4275, 4.6799, 0.5358, 0.9227,0
-0.0350, 0.0000,-2.0765, 3.1415, 0.1082, 3.7014, 4.6799, 0.5397, 0.9234,0
-0.0338, 0.0000,-2.0388, 3.1415, 0.1247, 3.7562, 4.6799, 0.5215, 0.9242,0
-0.0322, 0.0000,-1.9949, 3.1415, 0.1462, 4.2698, 4.6799, 0.5507, 0.9249,0
-0.0306, 0.0000,-1.9477, 3.1415, 0.1626, 4.6238, 4.6799, 0.5636, 0.9256,0
-0.0288, 0.0000,-1.8975, 3.1415, 0.1780, 4.9460, 4.6799, 0.5729, 0.9263,0
-0.0267, 0.0000,-1.8472, 3.1415, 0.1993, 5.0104, 4.6799, 0.5474, 0.9270,0
-0.0247, 0.0000,-1.7907, 3.1415, 0.2035, 5.5259, 4.6799, 0.5841, 0.9277,0
-0.0227, 0.0000,-1.7341, 3.1415, 0.1983, 5.6290, 4.6799, 0.5604, 0.9285,0
-0.0205, 0.0000,-1.6713, 3.1415, 0.2155, 6.1523, 4.6799, 0.6019, 0.9292,0
-0.0184, 0.0000,-1.6084, 3.1415, 0.2068, 6.2570, 4.6799, 0.5751, 0.9299,0
-0.0163, 0.0000,-1.5425, 3.1415, 0.2111, 6.5292, 2.5722, 0.5765, 0.9306,0
-0.0144, 0.0000,-1.4702, 3.1415, 0.1938, 7.0863, 0.8900, 0.6309, 0.9313,0
-0.0127, 0.0000,-1.3980, 3.1415, 0.1782, 7.1978,-3.1682, 0.6018, 0.9321,0
-0.0118, 0.0000,-1.3194, 3.1415, 0.1084, 7.7227,-3.3425, 0.6563, 0.9328,0
-0.0109, 0.0000,-1.2409, 3.1415, 0.0883, 7.8277,-4.6799, 0.6252, 0.9335,0
-0.0107, 0.0000,-1.1561, 3.1415, 0.0358, 8.3513,-4.6799, 0.6871, 0.9342,0
-0.0112, 0.0000,-1.0712, 3.1415,-0.0292, 8.4561,-4.6799, 0.6571, 0.9349,0
-0.0123, 0.0000,-0.9801, 3.1415,-0.0967, 8.9797,-4.6799, 0.7290, 0.9356,0
-0.0142, 0.0000,-0.8859, 3.1415,-0.1709, 9.3357,-4.6799, 0.7659, 0.9364,0
-0.0168, 0.0000,-0.7853, 3.1415,-0.2403, 9.9096, 4.6799, 0.8670, 0.9371,0
-0.0187, 0.0000,-0.6848, 3.1415,-0.1996, 10.0244,-1.6462, 0.8506, 0.9378,0
-0.0226, 0.0000,-0.5811, 3.1415,-0.3552, 10.2986, 4.6799, 0.8846, 0.9385,0
-0.0254, 0.0000,-0.4775, 3.1415,-0.2953, 10.3535,-3.1586, 0.8629, 0.9392,0
-0.0299, 0.0000,-0.3675, 3.1415,-0.4168, 10.8671, 4.6799, 0.9832, 0.9400,0
-0.0329, 0.0000,-0.2576, 3.1415,-0.3258, 10.9698, 4.6799, 0.9903, 0.9407,0
-0.0365, 0.0000,-0.1507, 3.1415,-0.3501, 10.7391,-1.7743, 0.9046, 0.9414,0
-0.0403, 0.0000,-0.0408, 3.1415,-0.3792, 10.9442, 4.6799, 0.9593, 0.9421,0
-0.0435, 0.0000, 0.0691, 3.1415,-0.3244, 10.9853, 4.6799, 0.9731, 0.9428,0
-0.0466, 0.0000, 0.1759, 3.1415,-0.3195, 10.7421,-4.6799, 0.9085, 0.9435,0
-0.0493, 0.0000, 0.2827, 3.1415,-0.2761, 10.6935,-4.6799, 0.9113, 0.9443,0
-0.0521, 0.0000, 0.3895, 3.1415,-0.2795, 10.6838,-1.1600, 0.9337, 0.9450,0
-0.0546, 0.0000, 0.4900, 3.1415,-0.2560, 10.1792,-4.6799, 0.8170, 0.9457,0
-0.0567, 0.0000, 0.5937, 3.1415,-0.2209, 10.3296,-4.6799, 0.8986, 0.9464,0
-0.0588, 0.0000, 0.6911, 3.1415,-0.2139, 9.8570,-4.6799, 0.8069, 0.9471,0
-0.0607, 0.0000, 0.7885, 3.1415,-0.1943, 9.7625,-4.6799, 0.8281, 0.9478,0
-0.0626, 0.0000, 0.8827, 3.1415,-0.1843, 9.4923,-4.6799, 0.8054, 0.9486,0
-0.0639, 0.0000, 0.9738, 3.1415,-0.1460, 9.1869,-4.6799, 0.7779, 0.9493,0
-0.0649, 0.0000, 1.0618, 3.1415,-0.1080, 8.8745,-4.6799, 0.7527, 0.9500,0
-0.0661, 0.0000, 1.1498, 3.1415,-0.1186, 8.8120,-4.6799, 0.7936, 0.9507,0
-0.0670, 0.0000, 1.2315, 3.1415,-0.0964, 8.2969,-4.6799, 0.7247, 0.9514,0
-0.0677, 0.0000, 1.3100, 3.1415,-0.0738, 7.9425,-4.6799, 0.6980, 0.9522,0
-0.0684, 0.0000, 1.3885, 3.1415,-0.0693, 7.8717,-4.6799, 0.7373, 0.9529,0
-0.0688, 0.0000, 1.4608, 3.1415,-0.0502, 7.3548,-4.6799, 0.6785, 0.9536,0
-0.0696, 0.0000, 1.5330, 3.1415,-0.0706, 7.2515,-2.0599, 0.7091, 0.9543,0
-0.0701, 0.0000, 1.5990, 3.1415,-0.0565, 6.7281, 1.4509, 0.6540, 0.9550,0
-0.0701, 0.0000, 1.6650, 3.1415,-0.0113, 6.6235, 3.5558, 0.6817, 0.9557,0
-0.0698, 0.0000, 1.7247, 3.1415, 0.0219, 6.0999, 4.6799, 0.6310, 0.9565,0
-0.0696, 0.0000, 1.7844, 3.1415, 0.0225, 5.9952, 4.6799, 0.6554, 0.9572,0
-0.0688, 0.0000, 1.8409, 3.1415, 0.0651, 5.7229, 4.6799, 0.6501, 0.9579,0
-0.0678, 0.0000, 1.8943, 3.1415, 0.0979, 5.4171, 4.6799, 0.6391, 0.9586,0
-0.0664, 0.0000, 1.9446, 3.1415, 0.1287, 5.1046, 4.6799, 0.6270, 0.9593,0
-0.0647, 0.0000, 1.9949, 3.1415, 0.1652, 5.0421, 4.6799, 0.6514, 0.9601,0
-0.0629, 0.0000, 2.0388, 3.1415, 0.1785, 4.5270, 4.6799, 0.6109, 0.9608,0
-0.0610, 0.0000, 2.0828, 3.1415, 0.1872, 4.4239, 4.6799, 0.6258, 0.9615,0
-0.0585, 0.0000, 2.1237, 3.1415, 0.2314, 4.1520, 4.6799, 0.6184, 0.9622,0
-0.0562, 0.0000, 2.1645, 3.1415, 0.2342, 4.0976, 4.6799, 0.6368, 0.9629,0
-0.0538, 0.0000, 2.1991, 3.1415, 0.2408, 3.5841, 4.6799, 0.6019, 0.9636,0
-0.0510, 0.0000, 2.2368, 3.1415, 0.2725, 3.7327, 4.6799, 0.6387, 0.9644,0
-0.0479, 0.0000, 2.2682, 3.1415, 0.3031, 3.2598, 4.6799, 0.6099, 0.9651,0
-0.0448, 0.0000, 2.2996, 3.1415, 0.3031, 3.1652, 4.6799, 0.6185, 0.9658,0
-0.0416, 0.0000, 2.3279, 3.1415, 0.3152, 2.8949, 4.6799, 0.6105, 0.9665,0
-0.0383, 0.0000, 2.3530, 3.1415, 0.3298, 2.5896, 4.6799, 0.6000, 0.9672,0
-0.0348, 0.0000, 2.3781, 3.1415, 0.3448, 2.5285, 4.6799, 0.6083, 0.9680,0
-0.0313, 0.0000, 2.4001, 3.1415, 0.3539, 2.2649, 4.6799, 0.6014, 0.9687,0
-0.0276, 0.0000, 2.4221, 3.1415, 0.3618, 2.2122, 4.6799, 0.6086, 0.9694,0
-0.0240, 0.0000, 2.4410, 3.1415, 0.3634, 1.9504, 4.6799, 0.6022, 0.9701,0
-0.0201, 0.0000, 2.4598, 3.1415, 0.3819, 1.8980, 4.6799, 0.6080, 0.9708,0
-0.0162, 0.0000, 2.4755, 3.1415, 0.3916, 1.6362, 4.6799, 0.6021, 0.9715,0
-0.0122, 0.0000, 2.4912, 3.1415, 0.3936, 1.5838, 4.6799, 0.6066, 0.9723,0
-0.0081, 0.0000, 2.5038, 3.1415, 0.4122, 1.3220, 4.6799, 0.6014, 0.9730,0
-0.0037, 0.0000, 2.5132, 3.1415, 0.4280, 1.0184, 4.6799, 0.5954, 0.9737,0
 0.0005, 0.0000, 2.5258, 3.1415, 0.4312, 1.2089, 2.1032, 0.6066, 0.9744,0
 0.0049, 0.0000, 2.5321, 3.1415, 0.4379, 0.7444, 3.2722, 0.5965, 0.9751,0
 0.0092, 0.0000, 2.5384, 3.1415, 0.4331, 0.6515, 0.5179, 0.5973, 0.9759,0
 0.0136, 0.0000, 2.5446, 3.1415, 0.4383, 0.6329,-0.8959, 0.5995, 0.9766,0
 0.0176, 0.0000, 2.5478, 3.1415, 0.4090, 0.3779,-0.8663, 0.5971, 0.9773,0
 0.0214, 0.0000, 2.5478, 3.1415, 0.3849, 0.0755,-2.1516, 0.5952, 0.9780,0
 0.0250, 0.0000, 2.5446, 3.1415, 0.3619,-0.2362,-4.0027, 0.5947, 0.9787,0
 0.0281, 0.0000, 2.5384, 3.1415, 0.3270,-0.5498,-4.6799, 0.5956, 0.9794,0
 0.0309, 0.0000, 2.5321, 3.1415, 0.2897,-0.6126,-4.6799, 0.5940, 0.9802,0
 0.0333, 0.0000, 2.5195, 3.1415, 0.2459,-1.1278,-4.6799, 0.6013, 0.9809,0
 0.0351, 0.0000, 2.5069, 3.1415, 0.1947,-1.2308,-4.6799, 0.5994, 0.9816,0
 0.0366, 0.0000, 2.4912, 3.1415, 0.1541,-1.5028,-4.6799, 0.6031, 0.9823,0
 0.0375, 0.0000, 2.4724, 3.1415, 0.1096,-1.8085,-4.6799, 0.6090, 0.9830,0
 0.0381, 0.0000, 2.4504, 3.1415, 0.0704,-2.1209,-4.6799, 0.6162, 0.9838,0
 0.0384, 0.0000, 2.4221, 3.1415, 0.0322,-2.6861,-4.6799, 0.6411, 0.9845,0
 0.0382, 0.0000, 2.3938, 3.1415,-0.0056,-2.7991,-4.6799, 0.6362, 0.9852,0
 0.0377, 0.0000, 2.3656, 3.1415,-0.0435,-2.8217,-4.6799, 0.6240, 0.9859,0
 0.0369, 0.0000, 2.3310, 3.1415,-0.0754,-3.3289,-4.6799, 0.6499, 0.9866,0
 0.0358, 0.0000, 2.2933, 3.1415,-0.0999,-3.6817,-4.6799, 0.6646, 0.9873,0
 0.0346, 0.0000, 2.2556, 3.1415,-0.1170,-3.7522,-4.6799, 0.6513, 0.9881,0
 0.0332, 0.0000, 2.2148, 3.1415,-0.1325,-4.0177,-4.6799, 0.6571, 0.9888,0
 0.0316, 0.0000, 2.1676, 3.1415,-0.1538,-4.5734,-4.6799, 0.6964, 0.9895,0
 0.0298, 0.0000, 2.1205, 3.1415,-0.1762,-4.6846,-4.6799, 0.6824, 0.9902,0
 0.0278, 0.0000, 2.0703, 3.1415,-0.1929,-4.9581,-4.6799, 0.6881, 0.9909,0
 0.0258, 0.0000, 2.0169, 3.1415,-0.2022,-5.2641,-4.6799, 0.6977, 0.9917,0
 0.0235, 0.0000, 1.9634, 3.1415,-0.2223,-5.3254,-4.6799, 0.6718, 0.9924,0
 0.0211, 0.0000, 1.9038, 3.1415,-0.2384,-5.8403,-4.6799, 0.7122, 0.9931,0
 0.0187, 0.0000, 1.8409, 3.1415,-0.2417,-6.1946,-4.6799, 0.7288, 0.9938,0
 0.0162, 0.0000, 1.7781, 3.1415,-0.2484,-6.2654,-4.6799, 0.6974, 0.9945,0
 0.0137, 0.0000, 1.7090, 3.1415,-0.2497,-6.7823,-4.6799, 0.7429, 0.9952,0
 0.0112, 0.0000, 1.6399, 3.1415,-0.2500,-6.8856,-4.6799, 0.7133, 0.9960,0
 0.0087, 0.0000, 1.5645, 3.1415,-0.2440,-7.4089,-4.2085, 0.7639, 0.9967,0
 0.0064, 0.0000, 1.4891, 3.1415,-0.2367,-7.5136,-1.2755, 0.7317, 0.9974,0
 0.0042, 0.0000, 1.4105, 3.1415,-0.2231,-7.7859, 1.4328, 0.7341, 0.9981,0
 0.0026, 0.0000, 1.3257, 3.1415,-0.1719,-8.3430, 0.7533, 0.8002, 0.9988,0
 0.0016, 0.0000, 1.2409, 3.1415,-0.1132,-8.4544, 4.6799, 0.7680, 0.9996,0
 0.0011, 0.0000, 1.1529, 3.1415,-0.0650,-8.7280, 4.6799, 0.7751, 1.0003,0
 0.0012, 0.0000, 1.0587, 3.1415,-0.0008,-9.2854, 2.2237, 0.8552, 1.0010,0
 0.0019, 0.0000, 0.9613, 3.1415, 0.0543,-9.6482, 0.5173, 0.8921, 1.0017,0
 0.0031, 0.0000, 0.8607, 3.1415, 0.1018,-9.9721,-1.8749, 0.9241, 1.0024,0
 0.0042, 0.0000, 0.7571, 3.1415, 0.1113,-10.2882,-4.6799, 0.9599, 1.0031,0
 0.0062, 0.0000, 0.6503, 3.1415, 0.1859,-10.6027,-4.6799, 1.0023, 1.0039,0
 0.0082, 0.0000, 0.5434, 3.1415, 0.1948,-10.6656,-4.6799, 0.9779, 1.0046,0
 0.0102, 0.0000, 0.4335, 3.1415, 0.1966,-10.9296,-4.6799, 1.0207, 1.0053,0
 0.0121, 0.0000, 0.3235, 3.1415, 0.1909,-10.9823,-4.6799, 1.0077, 1.0060,0
 0.0137, 0.0000, 0.2104, 3.1415, 0.1715,-11.2442,-4.6799, 1.0678, 1.0067,0
 0.0153, 0.0000, 0.1005, 3.1415, 0.1555,-11.0453, 0.4568, 0.9935, 1.0075,0
 0.0172, 0.0000,-0.0094, 3.1415, 0.1827,-11.0055, 4.6799, 0.9776, 1.0082,0
 0.0188, 0.0000,-0.1225, 3.1415, 0.1699,-11.2488,-4.6799, 1.0588, 1.0089,0
 0.0194, 0.0000,-0.2324, 3.1415, 0.0824,-11.0462, 2.4992, 1.0094, 1.0096,0
 0.0209, 0.0000,-0.3392, 3.1415, 0.1377,-10.7543, 4.6799, 0.9420, 1.0103,0
 0.0219, 0.0000,-0.4461, 3.1415, 0.1063,-10.6960, 4.6799, 0.9538, 1.0110,0
 0.0227, 0.0000,-0.5529, 3.1415, 0.0819,-10.6843, 4.6799, 0.9870, 1.0118,0
 0.0232, 0.0000,-0.6534, 3.1415, 0.0588,-10.1793, 4.6799, 0.8805, 1.0125,0
 0.0233, 0.0000,-0.7539, 3.1415, 0.0178,-10.0783, 4.6799, 0.8985, 1.0132,0
 0.0234, 0.0000,-0.8545, 3.1415, 0.0096,-10.0581, 4.6799, 0.9448, 1.0139,0
 0.0234, 0.0000,-0.9487, 3.1415, 0.0019,-9.5514, 4.6799, 0.8587, 1.0146,0
 0.0231, 0.0000,-1.0430, 3.1415,-0.0178,-9.4501, 4.6799, 0.8886, 1.0154,0
 0.0226, 0.0000,-1.1309, 3.1415,-0.0460,-8.9271, 4.6799, 0.8099, 1.0161,0
 0.0222, 0.0000,-1.2189, 3.1415,-0.0455,-8.8226, 4.6799, 0.8422, 1.0168,0
 0.0218, 0.0000,-1.3037, 3.1415,-0.0394,-8.5503, 4.6799, 0.8340, 1.0175,0
 0.0214, 0.0000,-1.3823, 3.1415,-0.0382,-7.9932, 4.6799, 0.7599, 1.0182,0
 0.0210, 0.0000,-1.4608, 3.1415,-0.0379,-7.8818, 4.6799, 0.7909, 1.0189,0
 0.0207, 0.0000,-1.5362, 3.1415,-0.0318,-7.6082, 4.6799, 0.7855, 1.0197,0
 0.0206, 0.0000,-1.6084, 3.1415,-0.0124,-7.3021, 3.2979, 0.7735, 1.0204,0
 0.0206, 0.0000,-1.6807, 3.1415,-0.0024,-7.2409, 1.0428, 0.8128, 1.0211,0
 0.0206, 0.0000,-1.7467, 3.1415,-0.0065,-6.7260,-3.4766, 0.7590, 1.0218,0
 0.0199, 0.0000,-1.8095, 3.1415,-0.0558,-6.3717,-4.6799, 0.7382, 1.0225,0
 0.0194, 0.0000,-1.8692, 3.1415,-0.0475,-6.0495,-4.6799, 0.7235, 1.0233,0
 0.0187, 0.0000,-1.9289, 3.1415,-0.0640,-5.9851,-4.6799, 0.7532, 1.0240,0
 0.0177, 0.0000,-1.9823, 3.1415,-0.0977,-5.4695,-4.6799, 0.7060, 1.0247,0
 0.0162, 0.0000,-2.0357, 3.1415,-0.1347,-5.3664,-4.6799, 0.7251, 1.0254,0
 0.0147, 0.0000,-2.0860, 3.1415,-0.1482,-5.0945,-4.6799, 0.7171, 1.0261,0
 0.0129, 0.0000,-2.1362, 3.1415,-0.1751,-5.0401,-4.6799, 0.7404, 1.0268,0
 0.0109, 0.0000,-2.1834, 3.1415,-0.1987,-4.7779,-4.6799, 0.7325, 1.0276,0
 0.0086, 0.0000,-2.2273, 3.1415,-0.2216,-4.4741,-4.6799, 0.7185, 1.0283,0
 0.0061, 0.0000,-2.2682, 3.1415,-0.2444,-4.1620,-4.6799, 0.7037, 1.0290,0
 0.0034, 0.0000,-2.3090, 3.1415,-0.2611,-4.0996,-4.6799, 0.7185, 1.0297,0
 0.0006, 0.0000,-2.3467, 3.1415,-0.2765,-3.8358,-4.6799, 0.7089, 1.0304,0
-0.0022, 0.0000,-2.3844, 3.1415,-0.2917,-3.7830,-4.6799, 0.7222, 1.0312,0
-0.0056, 0.0000,-2.4190, 3.1415,-0.3251,-3.5212,-4.6799, 0.7122, 1.0319,0
-0.0087, 0.0000,-2.4504, 3.1415,-0.3196,-3.2175,-4.6799, 0.6982, 1.0326,0
-0.0122, 0.0000,-2.4849, 3.1415,-0.3367,-3.4080,-4.6799, 0.7313, 1.0333,0
-0.0158, 0.0000,-2.5132, 3.1415,-0.3583,-2.9435,-4.6799, 0.7022, 1.0340,0
-0.0195, 0.0000,-2.5415, 3.1415,-0.3687,-2.8506,-4.6799, 0.7064, 1.0347,0
-0.0233, 0.0000,-2.5698, 3.1415,-0.3769,-2.8320,-4.6799, 0.7161, 1.0355,0
-0.0273, 0.0000,-2.5980, 3.1415,-0.3967,-2.8283,-4.6799, 0.7266, 1.0362,0
-0.0314, 0.0000,-2.6232, 3.1415,-0.4067,-2.5762,-4.6799, 0.7166, 1.0369,0
-0.0357, 0.0000,-2.6452, 3.1415,-0.4269,-2.2745,-4.6799, 0.7038, 1.0376,0
-0.0400, 0.0000,-2.6672, 3.1415,-0.4310,-2.2142,-4.6799, 0.7074, 1.0383,0
-0.0445, 0.0000,-2.6892, 3.1415,-0.4439,-2.2021,-4.6799, 0.7137, 1.0391,0
-0.0491, 0.0000,-2.7111, 3.1415,-0.4525,-2.1997,-4.6799, 0.7203, 1.0398,0
-0.0538, 0.0000,-2.7300, 3.1415,-0.4725,-1.9478,-4.6799, 0.7112, 1.0405,0
-0.0587, 0.0000,-2.7488, 3.1415,-0.4825,-1.8975,-3.6943, 0.7138, 1.0412,0
-0.0636, 0.0000,-2.7677, 3.1415,-0.4906,-1.8874,-2.5819, 0.7183, 1.0419,0
-0.0686, 0.0000,-2.7865, 3.1415,-0.4983,-1.8854,-1.9120, 0.7230, 1.0426,0
-0.0738, 0.0000,-2.8023, 3.1415,-0.5119,-1.6337,-2.3797, 0.7145, 1.0434,0
-0.0788, 0.0000,-2.8180, 3.1415,-0.5086,-1.5833,-0.4839, 0.7159, 1.0441,0
-0.0839, 0.0000,-2.8337, 3.1415,-0.5079,-1.5733, 0.5432, 0.7189, 1.0448,0
-0.0883, 0.0000,-2.8462, 3.1415,-0.4532,-1.3199,-0.3758, 0.7114, 1.0455,0
-0.0934, 0.0000,-2.8588, 3.1415,-0.4968,-1.2693, 2.0740, 0.7121, 1.0462,0
-0.0978, 0.0000,-2.8682, 3.1415,-0.4510,-1.0078, 1.8710, 0.7056, 1.0469,0
-0.1020, 0.0000,-2.8745, 3.1415,-0.4297,-0.7042, 3.1866, 0.6995, 1.0477,0
-0.1058, 0.0000,-2.8808, 3.1415,-0.3830,-0.6434, 4.6799, 0.6996, 1.0484,0
-0.1091, 0.0000,-2.8871, 3.1415,-0.3433,-0.6313, 4.6799, 0.7005, 1.0491,0
-0.1120, 0.0000,-2.8871, 3.1415,-0.3051,-0.1262, 4.6799, 0.6951, 1.0498,0
-0.1144, 0.0000,-2.8871, 3.1415,-0.2489,-0.0252, 4.6799, 0.6949, 1.0505,0
-0.1163, 0.0000,-2.8871, 3.1415,-0.2013,-0.0050, 4.6799, 0.6949, 1.0513,0
-0.1177, 0.0000,-2.8808, 3.1415,-0.1554, 0.5016, 4.6799, 0.6973, 1.0520,0
-0.1186, 0.0000,-2.8745, 3.1415,-0.1038, 0.6029, 4.6799, 0.6977, 1.0527,0
-0.1192, 0.0000,-2.8651, 3.1415,-0.0632, 0.8745, 4.6799, 0.7015, 1.0534,0
-0.1193, 0.0000,-2.8525, 3.1415,-0.0247, 1.1802, 4.6799, 0.7078, 1.0541,0
-0.1191, 0.0000,-2.8399, 3.1415, 0.0132, 1.2413, 4.6799, 0.7072, 1.0548,0
-0.1186, 0.0000,-2.8274, 3.1415, 0.0450, 1.2535, 4.6799, 0.7049, 1.0556,0
-0.1178, 0.0000,-2.8085, 3.1415, 0.0696, 1.7586, 4.6799, 0.7219, 1.0563,0
-0.1167, 0.0000,-2.7897, 3.1415, 0.1048, 1.8597, 4.6799, 0.7225, 1.0570,0
-0.1154, 0.0000,-2.7708, 3.1415, 0.1240, 1.8798, 4.6799, 0.7187, 1.0577,0
-0.1139, 0.0000,-2.7488, 3.1415, 0.1460, 2.1352, 4.6799, 0.7272, 1.0584,0
-0.1120, 0.0000,-2.7237, 3.1415, 0.1747, 2.4376, 4.6799, 0.7395, 1.0592,0
-0.1100, 0.0000,-2.6986, 3.1415, 0.1986, 2.4981, 4.6799, 0.7361, 1.0599,0
-0.1077, 0.0000,-2.6703, 3.1415, 0.2276, 2.7615, 4.6799, 0.7465, 1.0606,0
-0.1051, 0.0000,-2.6420, 3.1415, 0.2516, 2.8142, 4.6799, 0.7412, 1.0613,0
-0.1023, 0.0000,-2.6106, 3.1415, 0.2686, 3.0761, 4.6799, 0.7517, 1.0620,0
-0.0994, 0.0000,-2.5761, 3.1415, 0.2901, 3.3798, 4.6799, 0.7662, 1.0627,0
-0.0962, 0.0000,-2.5384, 3.1415, 0.3127, 3.6918, 4.6799, 0.7821, 1.0635,0
-0.0927, 0.0000,-2.5007, 3.1415, 0.3414, 3.7543, 4.6799, 0.7729, 1.0642,0
-0.0891, 0.0000,-2.4598, 3.1415, 0.3593, 4.0181, 4.6799, 0.7836, 1.0649,0
-0.0853, 0.0000,-2.4190, 3.1415, 0.3750, 4.0708, 4.6799, 0.7706, 1.0656,0
-0.0813, 0.0000,-2.3719, 3.1415, 0.3963, 4.5840, 4.6799, 0.8098, 1.0663,0
-0.0771, 0.0000,-2.3247, 3.1415, 0.4127, 4.6867, 4.6799, 0.7990, 1.0671,0
-0.0728, 0.0000,-2.2745, 3.1415, 0.4281, 4.9585, 4.6799, 0.8088, 1.0678,0
-0.0684, 0.0000,-2.2211, 3.1415, 0.4373, 5.2642, 4.6799, 0.8227, 1.0685,0
-0.0638, 0.0000,-2.1645, 3.1415, 0.4512, 5.5767, 4.6799, 0.8371, 1.0692,0
-0.0592, 0.0000,-2.1080, 3.1415, 0.4601, 5.6392, 4.6799, 0.8126, 1.0699,0
-0.0546, 0.0000,-2.0483, 3.1415, 0.4618, 5.9030, 4.6799, 0.8178, 1.0706,0
-0.0499, 0.0000,-1.9823, 3.1415, 0.4683, 6.4584, 4.6799, 0.8712, 1.0714,0
-0.0450, 0.0000,-1.9163, 3.1415, 0.4817, 6.5695, 4.6799, 0.8474, 1.0721,0
-0.0403, 0.0000,-1.8472, 3.1415, 0.4722, 6.8431, 4.6799, 0.8516, 1.0728,0
-0.0357, 0.0000,-1.7749, 3.1415, 0.4643, 7.1491, 4.6799, 0.8611, 1.0735,0
-0.0312, 0.0000,-1.6996, 3.1415, 0.4566, 7.4616, 4.6799, 0.8717, 1.0742,0
-0.0267, 0.0000,-1.6210, 3.1415, 0.4490, 7.7755, 4.6799, 0.8825, 1.0750,0
-0.0225, 0.0000,-1.5425, 3.1415, 0.4293, 7.8382, 3.1511, 0.8398, 1.0757,0
-0.0184, 0.0000,-1.4576, 3.1415, 0.4132, 8.3534, 2.0363, 0.8958, 1.0764,0
-0.0147, 0.0000,-1.3697, 3.1415, 0.3797, 8.7078, 0.7864, 0.9181, 1.0771,0
-0.0112, 0.0000,-1.2786, 3.1415, 0.3548, 9.0300,-0.4906, 0.9347, 1.0778,0
-0.0084, 0.0000,-1.1875, 3.1415, 0.2953, 9.0945,-4.6799, 0.8894, 1.0785,0
-0.0063, 0.0000,-1.0901, 3.1415, 0.2227, 9.6100,-1.0053, 0.9609, 1.0793,0
-0.0048, 0.0000,-0.9864, 3.1415, 0.1658, 10.2158, 4.6799, 1.0649, 1.0800,0
-0.0031, 0.0000,-0.8827, 3.1415, 0.1665, 10.3369, 3.9804, 1.0399, 1.0807,0
-0.0024, 0.0000,-0.7759, 3.1415, 0.0939, 10.6125, 4.6799, 1.0642, 1.0814,0
-0.0021, 0.0000,-0.6660, 3.1415, 0.0430, 10.9189, 4.6799, 1.1045, 1.0821,0
-0.0019, 0.0000,-0.5529, 3.1415, 0.0207, 11.2315, 4.6799, 1.1549, 1.0829,0
-0.0019, 0.0000,-0.4398, 3.1415, 0.0041, 11.2941, 4.6799, 1.1360, 1.0836,0
-0.0019, 0.0000,-0.3235, 3.1415, 0.0008, 11.5579, 4.6799, 1.1893, 1.0843,0
-0.0021, 0.0000,-0.2042, 3.1415,-0.0119, 11.8620, 4.6799, 1.2667, 1.0850,0
-0.0021, 0.0000,-0.0879, 3.1415,-0.0084, 11.6715, 4.6799, 1.1918, 1.0857,0
-0.0018, 0.0000, 0.0282, 3.1415, 0.0225, 11.6334, 4.6799, 1.1769, 1.0864,0
-0.0014, 0.0000, 0.1445, 3.1415, 0.0408, 11.6257, 4.6799, 1.1816, 1.0872,0
-0.0005, 0.0000, 0.2576, 3.1415, 0.0809, 11.3729,-0.3636, 1.1164, 1.0879,0
 0.0000, 0.0000, 0.3707, 3.1415, 0.0586, 11.3223, 1.2316, 1.1254, 1.0886,0
 0.0014, 0.0000, 0.4806, 3.1415, 0.1269, 11.0609,-4.6799, 1.0760, 1.0893,0
 0.0028, 0.0000, 0.5906, 3.1415, 0.1405, 11.0086,-4.6799, 1.1002, 1.0900,0
 0.0046, 0.0000, 0.6942, 3.1415, 0.1675, 10.4955,-4.6799, 0.9903, 1.0908,0
 0.0062, 0.0000, 0.8011, 3.1415, 0.1669, 10.6442,-4.6799, 1.0864, 1.0915,0
 0.0080, 0.0000, 0.9016, 3.1415, 0.1728, 10.1713,-4.6799, 1.0029, 1.0922,0
 0.0099, 0.0000, 1.0021, 3.1415, 0.1861, 10.0767,-4.6799, 1.0348, 1.0929,0
 0.0118, 0.0000, 1.0995, 3.1415, 0.1948, 9.8064,-4.6799, 1.0203, 1.0936,0
 0.0138, 0.0000, 1.1938, 3.1415, 0.1966, 9.5011,-4.6799, 0.9994, 1.0943,0
 0.0159, 0.0000, 1.2849, 3.1415, 0.2090, 9.1887,-4.6799, 0.9795, 1.0951,0
 0.0181, 0.0000, 1.3728, 3.1415, 0.2176, 8.8749,-4.6799, 0.9614, 1.0958,0
 0.0203, 0.0000, 1.4576, 3.1415, 0.2193, 8.5608,-4.6799, 0.9449, 1.0965,0
 0.0225, 0.0000, 1.5393, 3.1415, 0.2197, 8.2466,-4.6799, 0.9295, 1.0972,0
 0.0247, 0.0000, 1.6179, 3.1415, 0.2137, 7.9325,-4.6799, 0.9147, 1.0979,0
 0.0267, 0.0000, 1.6964, 3.1415, 0.2064, 7.8697,-4.6799, 0.9570, 1.0987,0
 0.0288, 0.0000, 1.7687, 3.1415, 0.2050, 7.3544,-3.1081, 0.8984, 1.0994,0
 0.0306, 0.0000, 1.8378, 3.1415, 0.1865, 7.0000, 0.3197, 0.8755, 1.1001,0
 0.0328, 0.0000, 1.9038, 3.1415, 0.2131, 6.6778, 2.9389, 0.8590, 1.1008,0
 0.0350, 0.0000, 1.9697, 3.1415, 0.2184, 6.6134, 2.4873, 0.8912, 1.1015,0
 0.0373, 0.0000, 2.0326, 3.1415, 0.2316, 6.3492, 4.6799, 0.8843, 1.1022,0
 0.0398, 0.0000, 2.0923, 3.1415, 0.2464, 6.0450, 4.6799, 0.8693, 1.1030,0
 0.0426, 0.0000, 2.1488, 3.1415, 0.2736, 5.7329, 4.6799, 0.8524, 1.1037,0
 0.0457, 0.0000, 2.2053, 3.1415, 0.2972, 5.6704, 4.6799, 0.8758, 1.1044,0
 0.0489, 0.0000, 2.2588, 3.1415, 0.3201, 5.4066, 4.6799, 0.8652, 1.1051,0
 0.0522, 0.0000, 2.3090, 3.1415, 0.3308, 5.1025, 4.6799, 0.8477, 1.1058,0
 0.0557, 0.0000, 2.3593, 3.1415, 0.3450, 5.0417, 4.6799, 0.8652, 1.1066,0
 0.0595, 0.0000, 2.4064, 3.1415, 0.3721, 4.7782, 4.6799, 0.8522, 1.1073,0
 0.0635, 0.0000, 2.4535, 3.1415, 0.3897, 4.7255, 4.6799, 0.8673, 1.1080,0
 0.0676, 0.0000, 2.4975, 3.1415, 0.4053, 4.4636, 4.6799, 0.8531, 1.1087,0
 0.0717, 0.0000, 2.5384, 3.1415, 0.4145, 4.1600, 4.6799, 0.8336, 1.1094,0
 0.0760, 0.0000, 2.5823, 3.1415, 0.4285, 4.3505, 4.6799, 0.8736, 1.1101,0
 0.0804, 0.0000, 2.6232, 3.1415, 0.4373, 4.1373, 4.6799, 0.8634, 1.1109,0
 0.0848, 0.0000, 2.6609, 3.1415, 0.4391, 3.8433, 4.6799, 0.8435, 1.1116,0
 0.0895, 0.0000, 2.6986, 3.1415, 0.4637, 3.7846, 4.6799, 0.8493, 1.1123,0
 0.0944, 0.0000, 2.7363, 3.1415, 0.4808, 3.7728, 4.6799, 0.8592, 1.1130,0
 0.0993, 0.0000, 2.7740, 3.1415, 0.4902, 3.7705, 4.6799, 0.8691, 1.1137,0
 0.1044, 0.0000, 2.8085, 3.1415, 0.5043, 3.5187, 4.6799, 0.8519, 1.1145,0
 0.1095, 0.0000, 2.8431, 3.1415, 0.5131, 3.4683, 4.6799, 0.8547, 1.1152,0
 0.1149, 0.0000, 2.8776, 3.1415, 0.5270, 3.4582, 4.4142, 0.8606, 1.1159,0
 0.1203, 0.0000, 2.9153, 3.1415, 0.5419, 3.7075, 0.6089, 0.8922, 1.1166,0
 0.1258, 0.0000, 2.9468, 3.1415, 0.5449, 3.2547, 4.6799, 0.8528, 1.1173,0
 0.1313, 0.0000, 2.9813, 3.1415, 0.5516, 3.4155, 1.7340, 0.8722, 1.1180,0
 0.1368, 0.0000, 3.0127, 3.1415, 0.5468, 3.1963, 4.1798, 0.8551, 1.1188,0
 0.1424, 0.0000, 3.0473, 3.1415, 0.5580, 3.4039,-4.6799, 0.8551, 1.1188,1
 0.1473, 0.0000, 3.0787, 3.1415, 0.5057, 3.1940,-4.6799, 0.8551, 1.1188,1
 0.1524, 0.0000, 3.1101, 3.1415, 0.5134, 3.1520,-4.6799, 0.8551, 1.1188,1
 0.1571, 0.0000, 3.1384, 3.1415, 0.4786, 2.8923,-4.6799, 0.8551, 1.1188,1
 0.1615, 0.0000, 3.1667, 3.1415, 0.4413, 2.8404,-4.6799, 0.8551, 1.1188,1
 0.1653, 0.0000, 3.1918, 3.1415, 0.3914, 2.5786,-4.6799, 0.8551, 1.1188,1
 0.1686, 0.0000, 3.2169, 3.1415, 0.3450, 2.5263,-4.6799, 0.8551, 1.1188,1
 0.1715, 0.0000, 3.2421, 3.1415, 0.3054, 2.5158, 2.0559, 0.8030, 1.1195,0
 0.1748, 0.0000, 3.2672, 3.1415, 0.3218, 2.5137, 1.5617, 0.8008, 1.1202,0
 0.1777, 0.0000, 3.2923, 3.1415, 0.2947, 2.5133, 1.7068, 0.7983, 1.1209,0
 0.1805, 0.0000, 3.3175, 3.1415, 0.2832, 2.5132, 1.7555, 0.7954, 1.1216,0
 0.1834, 0.0000, 3.3426, 3.1415, 0.2931, 2.5132, 1.5996, 0.7920, 1.1224,0
 0.1866, 0.0000, 3.3677, 3.1415, 0.3132, 2.5132, 1.3365, 0.7882, 1.1231,0
 0.1900, 0.0000, 3.3960, 3.1415, 0.3294, 2.7645,-0.3744, 0.8019, 1.1238,0
 0.1928, 0.0000, 3.4243, 3.1415, 0.2962, 2.8148, 1.4460, 0.8005, 1.1245,0
 0.1960, 0.0000, 3.4526, 3.1415, 0.3139, 2.8249, 1.9343, 0.7953, 1.1252,0
 0.1992, 0.0000, 3.4840, 3.1415, 0.3174, 3.0782, 0.4496, 0.8090, 1.1259,0
 0.2024, 0.0000, 3.5154, 3.1415, 0.3181, 3.1289, 1.9756, 0.8055, 1.1267,0
 0.2058, 0.0000, 3.5468, 3.1415, 0.3364, 3.1390, 2.5255, 0.7978, 1.1274,0
 0.2091, 0.0000, 3.5814, 3.1415, 0.3340, 3.3924, 1.0295, 0.8108, 1.1281,0
 0.2127, 0.0000, 3.6191, 3.1415, 0.3517, 3.6944, 0.2565, 0.8288, 1.1288,0
 0.2163, 0.0000, 3.6568, 3.1415, 0.3614, 3.7548, 2.2298, 0.8222, 1.1295,0
 0.2201, 0.0000, 3.6945, 3.1415, 0.3754, 3.7668, 3.1197, 0.8097, 1.1303,0
 0.2238, 0.0000, 3.7353, 3.1415, 0.3721, 4.0206, 1.4804, 0.8215, 1.1310,0
 0.2279, 0.0000, 3.7793, 3.1415, 0.3957, 4.3227, 0.3142, 0.8385, 1.1317,0
 0.2319, 0.0000, 3.8233, 3.1415, 0.4005, 4.3831, 2.2515, 0.8265, 1.1324,0
 0.2357, 0.0000, 3.8704, 3.1415, 0.3893, 4.6465, 0.9545, 0.8379, 1.1331,0
 0.2397, 0.0000, 3.9207, 3.1415, 0.3931, 4.9505,-0.1810, 0.8540, 1.1338,0
 0.2432, 0.0000, 3.9709, 3.1415, 0.3575, 5.0113, 2.1022, 0.8365, 1.1346,0
 0.2474, 0.0000, 4.0243, 3.1415, 0.4110, 5.2748,-0.0322, 0.8455, 1.1353,0
 0.2507, 0.0000, 4.0809, 3.1415, 0.3489, 5.5788,-0.7300, 0.8596, 1.1360,0
 0.2540, 0.0000, 4.1374, 3.1415, 0.3305, 5.6396, 0.9742, 0.8357, 1.1367,0
 0.2574, 0.0000, 4.1971, 3.1415, 0.3389, 5.9031,-0.8642, 0.8416, 1.1374,0
 0.2604, 0.0000, 4.2568, 3.1415, 0.3042, 5.9558, 0.1799, 0.8125, 1.1382,0
 0.2634, 0.0000, 4.3228, 3.1415, 0.3033, 6.4690,-4.0408, 0.8585, 1.1389,0
 0.2658, 0.0000, 4.3888, 3.1415, 0.2486, 6.5716,-3.1261, 0.8329, 1.1396,0
 0.2677, 0.0000, 4.4579, 3.1415, 0.2073, 6.8435,-4.6799, 0.8364, 1.1403,0
 0.2694, 0.0000, 4.5270, 3.1415, 0.1748, 6.8979,-4.6799, 0.7984, 1.1410,0
 0.2705, 0.0000, 4.6024, 3.1415, 0.1259, 7.4114,-4.6799, 0.8478, 1.1417,0
 0.2709, 0.0000, 4.6778, 3.1415, 0.0555, 7.5141,-4.6799, 0.8152, 1.1425,0
 0.2708, 0.0000, 4.7595, 3.1415,-0.0010, 8.0373,-4.6799, 0.8705, 1.1432,0
 0.2702, 0.0000, 4.8411, 3.1415,-0.0426, 8.1420,-4.6799, 0.8358, 1.1439,0
 0.2691, 0.0000, 4.9260, 3.1415,-0.0994, 8.4142,-4.6799, 0.8389, 1.1446,0
 0.2673, 0.0000, 5.0171, 3.1415,-0.1593, 8.9713,-4.6799, 0.9113, 1.1453,0
 0.2649, 0.0000, 5.1082, 3.1415,-0.2259, 9.0827,-4.6799, 0.8780, 1.1460,0
 0.2621, 0.0000, 5.2056, 3.1415,-0.2695, 9.6076,-4.6799, 0.9523, 1.1468,0
 0.2585, 0.0000, 5.3061, 3.1415,-0.3449, 9.9639,-4.6799, 0.9881, 1.1475,0
 0.2542, 0.0000, 5.4098, 3.1415,-0.4085, 10.2866,-4.6799, 1.0202, 1.1482,0
 0.2492, 0.0000, 5.5166, 3.1415,-0.4879, 10.6024,-4.6799, 1.0565, 1.1489,0
 0.2437, 0.0000, 5.6265, 3.1415,-0.5341, 10.9169,-4.6799, 1.0997, 1.1496,0
 0.2376, 0.0000, 5.7428, 3.1415,-0.5979, 11.4825, 4.6799, 1.2300, 1.1504,0
 0.2316, 0.0000, 5.8590, 3.1415,-0.5925, 11.5955, 4.6799, 1.2279, 1.1511,0
 0.2252, 0.0000, 5.9753, 3.1415,-0.6338, 11.6182, 4.6799, 1.2054, 1.1518,0
 0.2190, 0.0000, 6.0915, 3.1415,-0.6239, 11.6227, 2.6147, 1.1862, 1.1525,0
 0.2128, 0.0000, 6.2109, 3.1415,-0.6159, 11.8749, 4.6799, 1.2579, 1.1532,0
 0.2074, 0.0000, 6.3271, 3.1415,-0.5597, 11.6740,-1.5558, 1.1905, 1.1539,0
 0.2018, 0.0000, 6.4402, 3.1415,-0.5606, 11.3826,-4.6799, 1.1046, 1.1547,0
 0.1961, 0.0000, 6.5565, 3.1415,-0.5668, 11.5756,-3.7925, 1.1844, 1.1554,0
 0.1911, 0.0000, 6.6696, 3.1415,-0.5135, 11.3628,-4.6799, 1.1424, 1.1561,0
 0.1861, 0.0000, 6.7826, 3.1415,-0.5028, 11.3203,-4.6799, 1.1637, 1.1568,0
 0.1813, 0.0000, 6.8895, 3.1415,-0.4825, 10.8092,-4.6799, 1.0456, 1.1575,0
 0.1768, 0.0000, 6.9994, 3.1415,-0.4603, 10.9582,-4.6799, 1.1395, 1.1583,0
 0.1727, 0.0000, 7.1031, 3.1415,-0.4194, 10.4854,-4.6799, 1.0493, 1.1590,0
 0.1689, 0.0000, 7.2036, 3.1415,-0.3870, 10.1395,-4.6799, 1.0045, 1.1597,0
 0.1652, 0.0000, 7.3042, 3.1415,-0.3745, 10.0704,-4.6799, 1.0445, 1.1604,0
 0.1618, 0.0000, 7.3984, 3.1415,-0.3477, 9.5538,-4.6799, 0.9619, 1.1611,0
 0.1588, 0.0000, 7.4895, 3.1415,-0.3060, 9.1992,-4.6799, 0.9288, 1.1618,0
 0.1559, 0.0000, 7.5806, 3.1415,-0.2916, 9.1283,-4.6799, 0.9727, 1.1626,0
 0.1533, 0.0000, 7.6654, 3.1415,-0.2705, 8.6114,-4.6799, 0.9036, 1.1633,0
 0.1509, 0.0000, 7.7503, 3.1415,-0.2420, 8.5081,-4.6799, 0.9391, 1.1640,0
 0.1487, 0.0000, 7.8288, 3.1415,-0.2303, 7.9848,-4.6799, 0.8745, 1.1647,0
 0.1465, 0.0000, 7.9073, 3.1415,-0.2219, 7.8801,-4.6799, 0.9076, 1.1654,0
 0.1443, 0.0000, 7.9827, 3.1415,-0.2202, 7.6078,-4.6799, 0.9025, 1.1662,0
 0.1424, 0.0000, 8.0519, 3.1415,-0.1956, 7.0507,-2.6398, 0.8371, 1.1669,0
 0.1402, 0.0000, 8.1210, 3.1415,-0.2149, 6.9394,-0.5293, 0.8636, 1.1676,0
 0.1382, 0.0000, 8.1869, 3.1415,-0.2006, 6.6657, 2.8810, 0.8567, 1.1683,0
 0.1369, 0.0000, 8.2466, 3.1415,-0.1432, 6.1083, 4.6799, 0.7971, 1.1690,0
 0.1356, 0.0000, 8.3095, 3.1415,-0.1317, 6.2482, 4.6799, 0.8624, 1.1697,0
 0.1348, 0.0000, 8.3660, 3.1415,-0.0930, 5.7735, 4.6799, 0.8185, 1.1705,0
 0.1341, 0.0000, 8.4226, 3.1415,-0.0731, 5.6785, 4.6799, 0.8381, 1.1712,0
 0.1340, 0.0000, 8.4760, 3.1415,-0.0206, 5.4082, 4.6799, 0.8279, 1.1719,0
 0.1342, 0.0000, 8.5294, 3.1415, 0.0079, 5.3541, 4.6799, 0.8503, 1.1726,0
 0.1346, 0.0000, 8.5796, 3.1415, 0.0379, 5.0921, 4.6799, 0.8395, 1.1733,0
 0.1353, 0.0000, 8.6299, 3.1415, 0.0621, 5.0396, 4.6799, 0.8585, 1.1741,0
 0.1362, 0.0000, 8.6770, 3.1415, 0.0851, 4.7778, 4.6799, 0.8461, 1.1748,0
 0.1373, 0.0000, 8.7242, 3.1415, 0.1019, 4.7254, 4.6799, 0.8615, 1.1755,0
 0.1384, 0.0000, 8.7681, 3.1415, 0.1113, 4.4636, 4.6799, 0.8477, 1.1762,0
 0.1397, 0.0000, 8.8090, 3.1415, 0.1253, 4.1599, 4.6799, 0.8284, 1.1769,0
 0.1412, 0.0000, 8.8498, 3.1415, 0.1463, 4.0992, 4.6799, 0.8379, 1.1776,0
 0.1430, 0.0000, 8.8907, 3.1415, 0.1747, 4.0870, 4.6799, 0.8519, 1.1784,0
 0.1450, 0.0000, 8.9315, 3.1415, 0.1926, 4.0847, 4.6799, 0.8660, 1.1791,0
 0.1471, 0.0000, 8.9692, 3.1415, 0.2082, 3.8328, 4.6799, 0.8505, 1.1798,0
 0.1495, 0.0000, 9.0069, 3.1415, 0.2296, 3.7825, 4.6799, 0.8566, 1.1805,0
 0.1520, 0.0000, 9.0415, 3.1415, 0.2460, 3.5210, 4.6799, 0.8395, 1.1812,0
 0.1546, 0.0000, 9.0792, 3.1415, 0.2553, 3.7201, 4.6799, 0.8693, 1.1820,0
 0.1573, 0.0000, 9.1137, 3.1415, 0.2693, 3.5086, 4.6799, 0.8559, 1.1827,0
 0.1603, 0.0000, 9.1483, 3.1415, 0.2964, 3.4663, 4.6799, 0.8590, 1.1834,0
 0.1634, 0.0000, 9.1828, 3.1415, 0.3078, 3.4578, 4.6799, 0.8645, 1.1841,0
 0.1667, 0.0000, 9.2174, 3.1415, 0.3223, 3.4561, 4.6799, 0.8699, 1.1848,0
 0.1700, 0.0000, 9.2519, 3.1415, 0.3312, 3.4558, 4.6799, 0.8745, 1.1855,0
 0.1736, 0.0000, 9.2865, 3.1415, 0.3512, 3.4558, 4.6799, 0.8784, 1.1863,0
 0.1773, 0.0000, 9.3211, 3.1415, 0.3673, 3.4557, 4.6799, 0.8814, 1.1870,0
 0.1812, 0.0000, 9.3556, 3.1415, 0.3887, 3.4557,-4.6799, 0.8814, 1.1870,1
 0.1846, 0.0000, 9.3902, 3.1415, 0.3445, 3.4557,-4.6799, 0.8814, 1.1870,1
 0.1881, 0.0000, 9.4247, 3.1415, 0.3478, 3.4557,-4.6799, 0.8814, 1.1870,1
 0.1911, 0.0000, 9.4561, 3.1415, 0.3120, 3.2044,-4.6799, 0.8814, 1.1870,1
 0.1938, 0.0000, 9.4876, 3.1415, 0.2746, 3.1541,-4.6799, 0.8814, 1.1870,1
 0.1961, 0.0000, 9.5158, 3.1415, 0.2428, 2.8927,-4.6799, 0.8814, 1.1870,1
 0.1979, 0.0000, 9.5441, 3.1415, 0.1940, 2.8405, 4.6799, 0.8259, 1.1877,0
 0.2003, 0.0000, 9.5724, 3.1415, 0.2267, 2.8299, 4.6799, 0.8224, 1.1884,0
 0.2022, 0.0000, 9.6007, 3.1415, 0.2030, 2.8279, 4.6799, 0.8189, 1.1891,0
 0.2044, 0.0000, 9.6321, 3.1415, 0.2164, 3.0788, 4.0580, 0.8354, 1.1899,0
 0.2068, 0.0000, 9.6635, 3.1415, 0.2312, 3.1290, 4.6799, 0.8347, 1.1906,0
 0.2094, 0.0000, 9.6980, 3.1415, 0.2584, 3.3904, 3.9750, 0.8523, 1.1913,0
 0.2123, 0.0000, 9.7326, 3.1415, 0.2821, 3.4426, 4.6799, 0.8502, 1.1920,0
 0.2154, 0.0000, 9.7672, 3.1415, 0.2989, 3.4531, 4.6799, 0.8433, 1.1927,0
 0.2184, 0.0000, 9.8049, 3.1415, 0.3023, 3.7065, 4.3387, 0.8591, 1.1934,0
 0.2218, 0.0000, 9.8457, 3.1415, 0.3333, 4.0085, 3.1635, 0.8803, 1.1942,0
 0.2254, 0.0000, 9.8865, 3.1415, 0.3516, 4.0690, 4.6799, 0.8746, 1.1949,0
 0.2291, 0.0000, 9.9305, 3.1415, 0.3674, 4.3323, 3.3905, 0.8909, 1.1956,0
 0.2328, 0.0000, 9.9745, 3.1415, 0.3705, 4.3850, 4.6799, 0.8814, 1.1963,0
 0.2367, 0.0000, 10.0216, 3.1415, 0.3894, 4.6469, 3.2001, 0.8962, 1.1970,0
 0.2409, 0.0000, 10.0719, 3.1415, 0.4113, 4.9506, 1.6232, 0.9160, 1.1978,0
 0.2451, 0.0000, 10.1222, 3.1415, 0.4157, 5.0114, 3.6881, 0.9020, 1.1985,0
 0.2494, 0.0000, 10.1756, 3.1415, 0.4287, 5.2748, 1.7382, 0.9145, 1.1992,0
 0.2537, 0.0000, 10.2290, 3.1415, 0.4313, 5.3275, 3.3889, 0.8954, 1.1999,0
 0.2582, 0.0000, 10.2887, 3.1415, 0.4440, 5.8407,-2.0147, 0.9439, 1.2006,0
 0.2620, 0.0000, 10.3484, 3.1415, 0.3980, 5.9433, 0.6306, 0.9274, 1.2013,0
 0.2663, 0.0000, 10.4080, 3.1415, 0.4191, 5.9638, 1.7633, 0.8959, 1.2021,0
 0.2703, 0.0000, 10.4740, 3.1415, 0.4051, 6.4707,-3.3092, 0.9439, 1.2028,0
 0.2736, 0.0000, 10.5400, 3.1415, 0.3478, 6.5720,-1.4681, 0.9205, 1.2035,0
 0.2770, 0.0000, 10.6060, 3.1415, 0.3424, 6.5922,-1.0557, 0.8811, 1.2042,0
 0.2799, 0.0000, 10.6782, 3.1415, 0.2988, 7.0989,-4.6799, 0.9295, 1.2049,0
 0.2824, 0.0000, 10.7505, 3.1415, 0.2538, 7.2003,-4.6799, 0.9000, 1.2057,0
 0.2842, 0.0000, 10.8259, 3.1415, 0.2023, 7.4719,-4.6799, 0.9028, 1.2064,0
 0.2855, 0.0000, 10.9044, 3.1415, 0.1435, 7.7775,-4.6799, 0.9122, 1.2071,0
 0.2861, 0.0000, 10.9861, 3.1415, 0.0711, 8.0900,-4.6799, 0.9230, 1.2078,0
 0.2861, 0.0000, 11.0709, 3.1415, 0.0202, 8.4038,-4.6799, 0.9346, 1.2085,0
 0.2855, 0.0000, 11.1589, 3.1415,-0.0444, 8.7179,-4.6799, 0.9472, 1.2092,0
 0.2842, 0.0000, 11.2469, 3.1415,-0.1119, 8.7807,-4.6799, 0.9008, 1.2100,0
 0.2824, 0.0000, 11.3411, 3.1415,-0.1679, 9.2959,-4.6799, 0.9665, 1.2107,0
 0.2799, 0.0000, 11.4385, 3.1415,-0.2336, 9.6503,-4.6799, 0.9960, 1.2114,0
 0.2768, 0.0000, 11.5390, 3.1415,-0.2953, 9.9725,-4.6799, 1.0209, 1.2121,0
 0.2729, 0.0000, 11.6458, 3.1415,-0.3743, 10.5396,-4.6799, 1.1204, 1.2128,0
 0.2683, 0.0000, 11.7526, 3.1415,-0.4386, 10.6530,-4.6799, 1.0956, 1.2136,0
 0.2629, 0.0000, 11.8657, 3.1415,-0.5182, 11.1783,-1.6832, 1.2004, 1.2143,0
 0.2571, 0.0000, 11.9788, 3.1415,-0.5705, 11.2834,-4.6799, 1.1847, 1.2150,0
 0.2507, 0.0000, 12.0982, 3.1415,-0.6234, 11.8071, 4.6799, 1.3108, 1.2157,0
 0.2446, 0.0000, 12.2207, 3.1415,-0.6158, 12.1631, 4.6799, 1.3955, 1.2164,0
 0.2380, 0.0000, 12.3401, 3.1415,-0.6506, 11.9831, 4.6799, 1.3105, 1.2171,0
 0.2316, 0.0000, 12.4626, 3.1415,-0.6394, 12.1983, 4.6799, 1.3689, 1.2179,0
 0.2256, 0.0000, 12.5820, 3.1415,-0.6129, 11.9901, 4.6799, 1.2946, 1.2186,0
 0.2202, 0.0000, 12.7014, 3.1415,-0.5530, 11.9484, 4.4441, 1.2871, 1.2193,0
 0.2154, 0.0000, 12.8176, 3.1415,-0.4926, 11.6888,-4.6799, 1.2172, 1.2200,0
 0.2106, 0.0000, 12.9307, 3.1415,-0.4865, 11.3856,-4.6799, 1.1439, 1.2207,0
 0.2060, 0.0000, 13.0438, 3.1415,-0.4671, 11.3248,-4.6799, 1.1577, 1.2215,0
 0.2019, 0.0000, 13.1538, 3.1415,-0.4147, 11.0614,-4.6799, 1.1152, 1.2222,0
 0.1983, 0.0000, 13.2606, 3.1415,-0.3740, 10.7575,-4.6799, 1.0682, 1.2229,0
 0.1946, 0.0000, 13.3674, 3.1415,-0.3719, 10.6965,-4.6799, 1.1021, 1.2236,0
 0.1914, 0.0000, 13.4711, 3.1415,-0.3290, 10.4331,-4.6799, 1.0802, 1.2243,0
 0.1886, 0.0000, 13.5685, 3.1415,-0.2901, 9.8776,-4.6799, 0.9792, 1.2250,0
 0.1859, 0.0000, 13.6659, 3.1415,-0.2763, 9.7666,-4.6799, 1.0094, 1.2258,0
 0.1834, 0.0000, 13.7601, 3.1415,-0.2492, 9.4932,-4.6799, 0.9973, 1.2265,0
 0.1813, 0.0000, 13.8512, 3.1415,-0.2196, 9.1870,-4.6799, 0.9791, 1.2272,0
 0.1793, 0.0000, 13.9361, 3.1415,-0.2015, 8.6232,-4.6799, 0.8976, 1.2279,0
 0.1775, 0.0000, 14.0209, 3.1415,-0.1858, 8.5104,-4.6799, 0.9307, 1.2286,0
 0.1759, 0.0000, 14.1026, 3.1415,-0.1644, 8.2366,-4.6799, 0.9249, 1.2294,0
 0.1744, 0.0000, 14.1811, 3.1415,-0.1541, 7.9305,-4.6799, 0.9120, 1.2301,0
 0.1727, 0.0000, 14.2565, 3.1415,-0.1702, 7.6179,-4.6799, 0.8979, 1.2308,0
 0.1712, 0.0000, 14.3288, 3.1415,-0.1492, 7.3040,-4.6799, 0.8836, 1.2315,0
 0.1699, 0.0000, 14.3979, 3.1415,-0.1389, 6.9900,-1.0144, 0.8691, 1.2322,0
 0.1684, 0.0000, 14.4638, 3.1415,-0.1490, 6.6758, 3.2236, 0.8544, 1.2329,0
 0.1677, 0.0000, 14.5267, 3.1415,-0.0843, 6.3617, 4.6799, 0.8393, 1.2337,0
 0.1670, 0.0000, 14.5864, 3.1415,-0.0714, 6.0475, 4.6799, 0.8238, 1.2344,0
 0.1668, 0.0000, 14.6461, 3.1415,-0.0264, 5.9847, 4.6799, 0.8513, 1.2351,0
 0.1670, 0.0000, 14.7057, 3.1415, 0.0068, 5.9721, 4.6799, 0.8860, 1.2358,0
 0.1675, 0.0000, 14.7592, 3.1415, 0.0377, 5.4670, 4.6799, 0.8368, 1.2365,0
 0.1681, 0.0000, 14.8126, 3.1415, 0.0621, 5.3660, 4.6799, 0.8521, 1.2373,0
 0.1692, 0.0000, 14.8660, 3.1415, 0.0973, 5.3456, 4.6799, 0.8783, 1.2380,0
 0.1706, 0.0000, 14.9162, 3.1415, 0.1286, 5.0904, 4.6799, 0.8673, 1.2387,0
 0.1721, 0.0000, 14.9634, 3.1415, 0.1469, 4.7879, 4.6799, 0.8490, 1.2394,0
 0.1739, 0.0000, 15.0105, 3.1415, 0.1749, 4.7274, 4.6799, 0.8632, 1.2401,0
 0.1757, 0.0000, 15.0545, 3.1415, 0.1805, 4.4640, 4.6799, 0.8491, 1.2408,0
 0.1778, 0.0000, 15.0984, 3.1415, 0.1998, 4.4113, 4.6799, 0.8612, 1.2416,0
 0.1800, 0.0000, 15.1424, 3.1415, 0.2157, 4.4010, 4.6799, 0.8774, 1.2423,0
 0.1825, 0.0000, 15.1833, 3.1415, 0.2493, 4.1474, 4.6799, 0.8623, 1.2430,0
 0.1852, 0.0000, 15.2241, 3.1415, 0.2620, 4.0967, 4.6799, 0.8706, 1.2437,0
 0.1878, 0.0000, 15.2618, 3.1415, 0.2646, 3.8351, 4.6799, 0.8537, 1.2444,0
 0.1906, 0.0000, 15.2995, 3.1415, 0.2772, 3.7830, 4.6799, 0.8593, 1.2451,0
 0.1937, 0.0000, 15.3403, 3.1415, 0.2979, 4.0238, 4.6799, 0.8968, 1.2459,0
 0.1969, 0.0000, 15.3749, 3.1415, 0.3203, 3.5694, 4.6799, 0.8570, 1.2466,0
 0.2003, 0.0000, 15.4126, 3.1415, 0.3369, 3.7298, 4.6799, 0.8817, 1.2473,0
 0.2038, 0.0000, 15.4472, 3.1415, 0.3462, 3.5104, 4.6799, 0.8663, 1.2480,0
 0.2075, 0.0000, 15.4849, 3.1415, 0.3663, 3.7179, 4.6799, 0.8938, 1.2487,0
 0.2113, 0.0000, 15.5194, 3.1415, 0.3764, 3.5082, 4.6799, 0.8776, 1.2495,0
 0.2153, 0.0000, 15.5540, 3.1415, 0.3905, 3.4663, 4.6799, 0.8778, 1.2502,0
 0.2194, 0.0000, 15.5917, 3.1415, 0.4055, 3.7090, 4.6799, 0.9058, 1.2509,0
 0.2237, 0.0000, 15.6262, 3.1415, 0.4267, 3.5064,-4.6799, 0.9058, 1.2509,1
 0.2276, 0.0000, 15.6608, 3.1415, 0.3945, 3.4658,-4.6799, 0.9058, 1.2509,1
 0.2310, 0.0000, 15.6953, 3.1415, 0.3578, 3.4576,-4.6799, 0.9058, 1.2509,1
 0.2345, 0.0000, 15.7268, 3.1415, 0.3504, 3.2048,-4.6799, 0.9058, 1.2509,1
 0.2376, 0.0000, 15.7582, 3.1415, 0.3186, 3.1541,-4.6799, 0.9058, 1.2509,1
 0.2401, 0.0000, 15.7896, 3.1415, 0.2577, 3.1441,-4.6799, 0.9058, 1.2509,1
 0.2423, 0.0000, 15.8179, 3.1415, 0.2273, 2.8907, 4.6799, 0.8307, 1.2516,0
 0.2448, 0.0000, 15.8461, 3.1415, 0.2516, 2.8401, 4.6799, 0.8241, 1.2523,0
 0.2471, 0.0000, 15.8776, 3.1415, 0.2322, 3.0812, 4.6799, 0.8406, 1.2530,0
 0.2494, 0.0000, 15.9090, 3.1415, 0.2283, 3.1295, 4.6799, 0.8407, 1.2538,0
 0.2519, 0.0000, 15.9404, 3.1415, 0.2457, 3.1391, 4.6799, 0.8367, 1.2545,0
 0.2545, 0.0000, 15.9718, 3.1415, 0.2613, 3.1411, 4.6799, 0.8313, 1.2552,0
 0.2576, 0.0000, 16.0095, 3.1415, 0.3008, 3.6442, 3.2290, 0.8716, 1.2559,0
 0.2608, 0.0000, 16.0441, 3.1415, 0.3087, 3.4932, 4.6799, 0.8487, 1.2566,0
 0.2641, 0.0000, 16.0818, 3.1415, 0.3285, 3.7147, 4.6799, 0.8616, 1.2574,0
 0.2676, 0.0000, 16.1226, 3.1415, 0.3446, 4.0101, 4.6799, 0.8823, 1.2581,0
 0.2714, 0.0000, 16.1634, 3.1415, 0.3720, 4.0692, 4.6799, 0.8766, 1.2588,0
 0.2752, 0.0000, 16.2043, 3.1415, 0.3775, 4.0812, 4.6799, 0.8646, 1.2595,0
 0.2791, 0.0000, 16.2514, 3.1415, 0.3908, 4.5860, 2.9105, 0.9090, 1.2602,0
 0.2833, 0.0000, 16.2985, 3.1415, 0.4116, 4.6872, 4.6799, 0.9040, 1.2609,0
 0.2877, 0.0000, 16.3457, 3.1415, 0.4400, 4.7072, 4.6799, 0.8871, 1.2617,0
 0.2922, 0.0000, 16.3991, 3.1415, 0.4457, 5.2139, 1.3533, 0.9338, 1.2624,0
 0.2967, 0.0000, 16.4493, 3.1415, 0.4468, 5.0640, 4.6799, 0.8886, 1.2631,0
 0.3011, 0.0000, 16.5059, 3.1415, 0.4410, 5.5367, 1.3830, 0.9305, 1.2638,0
 0.3056, 0.0000, 16.5624, 3.1415, 0.4520, 5.6312, 3.0755, 0.9154, 1.2645,0
 0.3103, 0.0000, 16.6221, 3.1415, 0.4663, 5.9014, 1.0306, 0.9259, 1.2653,0
 0.3149, 0.0000, 16.6849, 3.1415, 0.4631, 6.2068,-0.8556, 0.9411, 1.2660,0
 0.3191, 0.0000, 16.7478, 3.1415, 0.4261, 6.2679, 0.5600, 0.9136, 1.2667,0
 0.3233, 0.0000, 16.8169, 3.1415, 0.4187, 6.7827,-4.5974, 0.9640, 1.2674,0
 0.3269, 0.0000, 16.8860, 3.1415, 0.3747, 6.8857,-3.6299, 0.9385, 1.2681,0
 0.3304, 0.0000, 16.9551, 3.1415, 0.3538, 6.9063,-3.9612, 0.8960, 1.2688,0
 0.3333, 0.0000, 17.0305, 3.1415, 0.3011, 7.4132,-4.6799, 0.9457, 1.2696,0
 0.3356, 0.0000, 17.1059, 3.1415, 0.2482, 7.5144,-4.6799, 0.9139, 1.2703,0
 0.3373, 0.0000, 17.1845, 3.1415, 0.1830, 7.7860,-4.6799, 0.9162, 1.2710,0
 0.3384, 0.0000, 17.2661, 3.1415, 0.1275, 8.0917,-4.6799, 0.9256, 1.2717,0
 0.3387, 0.0000, 17.3478, 3.1415, 0.0497, 8.1527,-4.6799, 0.8809, 1.2724,0
 0.3384, 0.0000, 17.4358, 3.1415,-0.0143, 8.6679,-4.6799, 0.9395, 1.2732,0
 0.3375, 0.0000, 17.5269, 3.1415,-0.0816, 9.0219,-4.6799, 0.9631, 1.2739,0
 0.3359, 0.0000, 17.6211, 3.1415,-0.1436, 9.3443,-4.6799, 0.9813, 1.2746,0
 0.3334, 0.0000, 17.7185, 3.1415,-0.2227, 9.6598,-4.6799, 1.0006, 1.2753,0
 0.3303, 0.0000, 17.8222, 3.1415,-0.2992, 10.2258,-4.6799, 1.0926, 1.2760,0
 0.3265, 0.0000, 17.9259, 3.1415,-0.3569, 10.3389,-4.6799, 1.0635, 1.2767,0
 0.3221, 0.0000, 18.0358, 3.1415,-0.4230, 10.8643,-4.6799, 1.1592, 1.2775,0
 0.3170, 0.0000, 18.1458, 3.1415,-0.4969, 10.9692,-4.6799, 1.1370, 1.2782,0
 0.3112, 0.0000, 18.2620, 3.1415,-0.5662, 11.4930,-4.6799, 1.2515, 1.2789,0
 0.3047, 0.0000, 18.3814, 3.1415,-0.6286, 11.8489, 4.6799, 1.3247, 1.2796,0
 0.2988, 0.0000, 18.5039, 3.1415,-0.5986, 12.1715, 4.6799, 1.3984, 1.2803,0
 0.2922, 0.0000, 18.6265, 3.1415,-0.6472, 12.2361, 4.6799, 1.3958, 1.2811,0
 0.2859, 0.0000, 18.7490, 3.1415,-0.6327, 12.2490, 4.6799, 1.3860, 1.2818,0
 0.2800, 0.0000, 18.8684, 3.1415,-0.5994, 12.0002,-4.6799, 1.2981, 1.2825,0
 0.2740, 0.0000, 18.9877, 3.1415,-0.5989, 11.9505,-4.6799, 1.2881, 1.2832,0
 0.2680, 0.0000, 19.1071, 3.1415,-0.5987, 11.9405,-4.6799, 1.3016, 1.2839,0
 0.2626, 0.0000, 19.2265, 3.1415,-0.5502, 11.9384,-4.6799, 1.3277, 1.2846,0
 0.2574, 0.0000, 19.3427, 3.1415,-0.5284, 11.6868,-4.6799, 1.2796, 1.2854,0
 0.2521, 0.0000, 19.4558, 3.1415,-0.5301, 11.3850,-4.6799, 1.2245, 1.2861,0
 0.2471, 0.0000, 19.5689, 3.1415,-0.5062, 11.3248,-4.6799, 1.2553, 1.2868,0
 0.2426, 0.0000, 19.6789, 3.1415,-0.4589, 11.0613,-4.6799, 1.2279, 1.2875,0
 0.2385, 0.0000, 19.7857, 3.1415,-0.4192, 10.7574,-4.6799, 1.1944, 1.2882,0
 0.2345, 0.0000, 19.8862, 3.1415,-0.4112, 10.1939,-4.6799, 1.0892, 1.2890,0
 0.2310, 0.0000, 19.9868, 3.1415,-0.3611, 10.0812,-4.6799, 1.1211, 1.2897,0
 0.2279, 0.0000, 20.0842, 3.1415,-0.3147, 9.8075,-4.6799, 1.1097, 1.2904,0
 0.2249, 0.0000, 20.1784, 3.1415,-0.3054, 9.5011,-4.6799, 1.0917, 1.2911,0
 0.2221, 0.0000, 20.2695, 3.1415,-0.2854, 9.1887,-4.6799, 1.0741, 1.2918,0
 0.2197, 0.0000, 20.3575, 3.1415,-0.2450, 8.8749,-4.6799, 1.0576, 1.2925,0
 0.2175, 0.0000, 20.4423, 3.1415,-0.2309, 8.5608,-4.6799, 1.0418, 1.2933,0
 0.2150, 0.0000, 20.5208, 3.1415,-0.2402, 7.9952,-4.6799, 0.9670, 1.2940,0
 0.2131, 0.0000, 20.5994, 3.1415,-0.2056, 7.8823,-4.6799, 0.9977, 1.2947,0
 0.2111, 0.0000, 20.6748, 3.1415,-0.1987, 7.6082,-4.6799, 0.9911, 1.2954,0
 0.2090, 0.0000, 20.7502, 3.1415,-0.2095, 7.5534,-4.4116, 1.0313, 1.2961,0
 0.2069, 0.0000, 20.8193, 3.1415,-0.2056, 7.0398, 3.1118, 0.9727, 1.2969,0
 0.2059, 0.0000, 20.8853, 3.1415,-0.1260, 6.6859, 4.6799, 0.9478, 1.2976,0
 0.2048, 0.0000, 20.9512, 3.1415,-0.1100, 6.6150, 4.6799, 0.9762, 1.2983,0
 0.2039, 0.0000, 21.0141, 3.1415,-0.0947, 6.3495, 4.6799, 0.9661, 1.2990,0
 0.2037, 0.0000, 21.0769, 3.1415,-0.0371, 6.2964, 4.6799, 0.9933, 1.2997,0
 0.2039, 0.0000, 21.1366, 3.1415, 0.0107, 6.0345, 4.6799, 0.9813, 1.3004,0
 0.2044, 0.0000, 21.1963, 3.1415, 0.0445, 5.9821, 4.6799, 1.0039, 1.3012,0
 0.2054, 0.0000, 21.2528, 3.1415, 0.0877, 5.7202, 4.6799, 0.9892, 1.3019,0
 0.2066, 0.0000, 21.3094, 3.1415, 0.1084, 5.6679, 4.6799, 1.0073, 1.3026,0
 0.2078, 0.0000, 21.3628, 3.1415, 0.1247, 5.4062, 4.6799, 0.9901, 1.3033,0
 0.2094, 0.0000, 21.4162, 3.1415, 0.1462, 5.3537, 4.6799, 1.0039, 1.3040,0
 0.2113, 0.0000, 21.4696, 3.1415, 0.1868, 5.3433, 4.6799, 1.0223, 1.3048,0
 0.2135, 0.0000, 21.5199, 3.1415, 0.2132, 5.0899, 4.6799, 1.0025, 1.3055,0
 0.2159, 0.0000, 21.5733, 3.1415, 0.2306, 5.2906, 4.6799, 1.0481, 1.3062,0
 0.2182, 0.0000, 21.6204, 3.1415, 0.2280, 4.8279, 4.6799, 0.9956, 1.3069,0
 0.2207, 0.0000, 21.6707, 3.1415, 0.2517, 4.9868, 4.6799, 1.0297, 1.3076,0
 0.2234, 0.0000, 21.7209, 3.1415, 0.2625, 5.0185, 4.6799, 1.0446, 1.3083,0
 0.2263, 0.0000, 21.7680, 3.1415, 0.2889, 4.7735, 4.6799, 1.0193, 1.3091,0
 0.2294, 0.0000, 21.8152, 3.1415, 0.3063, 4.7246, 4.6799, 1.0195, 1.3098,0
 0.2329, 0.0000, 21.8654, 3.1415, 0.3341, 4.9662, 4.2534, 1.0577, 1.3105,0
 0.2361, 0.0000, 21.9126, 3.1415, 0.3275, 4.7630,-4.6799, 1.0577, 1.3105,1
 0.2387, 0.0000, 21.9628, 3.1415, 0.2716, 4.9739,-4.6799, 1.0577, 1.3105,1
 0.2417, 0.0000, 22.0099, 3.1415, 0.2908, 4.7646,-4.6799, 1.0577, 1.3105,1
 0.2443, 0.0000, 22.0539, 3.1415, 0.2703, 4.4716,-4.6799, 1.0577, 1.3105,1
 0.2462, 0.0000, 22.0979, 3.1415, 0.2056, 4.4128, 4.6799, 0.9866, 1.3112,0
 0.2487, 0.0000, 22.1419, 3.1415, 0.2412, 4.4010, 4.6799, 0.9811, 1.3119,0
 0.2508, 0.0000, 22.1859, 3.1415, 0.2180, 4.3988, 4.6799, 0.9754, 1.3127,0
 0.2532, 0.0000, 22.2330, 3.1415, 0.2315, 4.6497, 4.6799, 0.9998, 1.3134,0
 0.2554, 0.0000, 22.2801, 3.1415, 0.2221, 4.6997, 4.6799, 0.9975, 1.3141,0
 0.2579, 0.0000, 22.3272, 3.1415, 0.2445, 4.7097, 4.6799, 0.9884, 1.3148,0
 0.2606, 0.0000, 22.3775, 3.1415, 0.2671, 4.9632, 4.6799, 1.0100, 1.3155,0
 0.2636, 0.0000, 22.4309, 3.1415, 0.2899, 5.2651, 4.6799, 1.0378, 1.3162,0
 0.2666, 0.0000, 22.4843, 3.1415, 0.3005, 5.3256, 4.6799, 1.0295, 1.3170,0
 0.2697, 0.0000, 22.5377, 3.1415, 0.3086, 5.3377, 4.6799, 1.0123, 1.3177,0
 0.2730, 0.0000, 22.5974, 3.1415, 0.3224, 5.8427, 1.5193, 1.0680, 1.3184,0
 0.2762, 0.0000, 22.6540, 3.1415, 0.3252, 5.6924, 4.6799, 1.0196, 1.3191,0
 0.2799, 0.0000, 22.7168, 3.1415, 0.3621, 6.1648, 1.0360, 1.0692, 1.3198,0
 0.2835, 0.0000, 22.7796, 3.1415, 0.3574, 6.2595, 3.4553, 1.0547, 1.3206,0
 0.2869, 0.0000, 22.8456, 3.1415, 0.3443, 6.5299, 1.3806, 1.0684, 1.3213,0
 0.2903, 0.0000, 22.9116, 3.1415, 0.3417, 6.5838, 3.3476, 1.0416, 1.3220,0
 0.2939, 0.0000, 22.9838, 3.1415, 0.3533, 7.0972,-3.2154, 1.0975, 1.3227,0
 0.2968, 0.0000, 23.0561, 3.1415, 0.3071, 7.2000,-0.8748, 1.0736, 1.3234,0
 0.2996, 0.0000, 23.1284, 3.1415, 0.2797, 7.2205, 0.4708, 1.0315, 1.3241,0
 0.3022, 0.0000, 23.2069, 3.1415, 0.2681, 7.7272,-4.6799, 1.0855, 1.3249,0
 0.3040, 0.0000, 23.2854, 3.1415, 0.1991, 7.8287,-4.2929, 1.0540, 1.3256,0
 0.3058, 0.0000, 23.3640, 3.1415, 0.1792, 7.8490,-4.6799, 1.0036, 1.3263,0
 0.3066, 0.0000, 23.4488, 3.1415, 0.1025, 8.3555,-4.6799, 1.0584, 1.3270,0
 0.3070, 0.0000, 23.5368, 3.1415, 0.0508, 8.7083,-4.6799, 1.0797, 1.3277,0
 0.3068, 0.0000, 23.6247, 3.1415,-0.0080, 8.7787,-4.6799, 1.0338, 1.3285,0
 0.3058, 0.0000, 23.7190, 3.1415,-0.0743, 9.2957,-4.6799, 1.0974, 1.3292,0
 0.3043, 0.0000, 23.8132, 3.1415,-0.1422, 9.3988,-4.6799, 1.0581, 1.3299,0
 0.3019, 0.0000, 23.9138, 3.1415,-0.2164, 9.9222,-4.6799, 1.1308, 1.3306,0
 0.2992, 0.0000, 24.0174, 3.1415,-0.2615, 10.2783,-4.6799, 1.1631, 1.3313,0
 0.2956, 0.0000, 24.1242, 3.1415,-0.3372, 10.6007,-4.6799, 1.1903, 1.3320,0
 0.2911, 0.0000, 24.2342, 3.1415,-0.4251, 10.9166,-4.6799, 1.2212, 1.3328,0
 0.2861, 0.0000, 24.3473, 3.1415,-0.4912, 11.2310,-4.6799, 1.2581, 1.3335,0
 0.2804, 0.0000, 24.4667, 3.1415,-0.5530, 11.7966, 4.6799, 1.3836, 1.3342,0
 0.2748, 0.0000, 24.5861, 3.1415,-0.5592, 11.9098, 4.6799, 1.3723, 1.3349,0
 0.2686, 0.0000, 24.7086, 3.1415,-0.6090, 12.1837, 4.6799, 1.4237, 1.3356,0
 0.2625, 0.0000, 24.8311, 3.1415,-0.6068, 12.2385, 4.6799, 1.4112, 1.3364,0
 0.2564, 0.0000, 24.9568, 3.1415,-0.6064, 12.5008, 4.6799, 1.4807, 1.3371,0
 0.2509, 0.0000, 25.0793, 3.1415,-0.5639, 12.3019, 4.6121, 1.4016, 1.3378,0
 0.2456, 0.0000, 25.2018, 3.1415,-0.5372, 12.2621,-0.2657, 1.3886, 1.3385,0
 0.2404, 0.0000, 25.3212, 3.1415,-0.5258, 12.0026,-4.6799, 1.3115, 1.3392,0
 0.2352, 0.0000, 25.4406, 3.1415,-0.5174, 11.9509,-4.6799, 1.3152, 1.3399,0
 0.2306, 0.0000, 25.5599, 3.1415,-0.4733, 11.9406,-4.6799, 1.3425, 1.3407,0
 0.2261, 0.0000, 25.6762, 3.1415,-0.4524, 11.6874,-4.6799, 1.2977, 1.3414,0
 0.2219, 0.0000, 25.7893, 3.1415,-0.4239, 11.3850,-4.6799, 1.2458, 1.3421,0
 0.2180, 0.0000, 25.9024, 3.1415,-0.4000, 11.3248,-4.6799, 1.2798, 1.3428,0
 0.2145, 0.0000, 26.0092, 3.1415,-0.3589, 10.8101,-4.6799, 1.1765, 1.3435,0
 0.2113, 0.0000, 26.1160, 3.1415,-0.3264, 10.7071,-4.6799, 1.2069, 1.3442,0
 0.2085, 0.0000, 26.2165, 3.1415,-0.2956, 10.1840,-4.6799, 1.1159, 1.3450,0
 0.2058, 0.0000, 26.3171, 3.1415,-0.2713, 10.0791,-4.6799, 1.1516, 1.3457,0
 0.2035, 0.0000, 26.4145, 3.1415,-0.2361, 9.8071,-4.6799, 1.1418, 1.3464,0
 0.2015, 0.0000, 26.5056, 3.1415,-0.2109, 9.2499,-4.6799, 1.0566, 1.3471,0
 0.1997, 0.0000, 26.5967, 3.1415,-0.1877, 9.1383,-4.6799, 1.0925, 1.3478,0
 0.1980, 0.0000, 26.6815, 3.1415,-0.1709, 8.6135,-4.6799, 1.0229, 1.3486,0
 0.1965, 0.0000, 26.7663, 3.1415,-0.1554, 8.5084,-4.6799, 1.0585, 1.3493,0
 0.1950, 0.0000, 26.8480, 3.1415,-0.1523, 8.2361,-4.6799, 1.0530, 1.3500,0
 0.1936, 0.0000, 26.9265, 3.1415,-0.1396, 7.9306,-4.6799, 1.0393, 1.3507,0
 0.1922, 0.0000, 27.0019, 3.1415,-0.1370, 7.6180,-1.7193, 1.0236, 1.3514,0
 0.1909, 0.0000, 27.0711, 3.1415,-0.1365, 7.0526, 4.6799, 0.9543, 1.3521,0
 0.1903, 0.0000, 27.1433, 3.1415,-0.0697, 7.1911, 2.9041, 1.0297, 1.3529,0
 0.1896, 0.0000, 27.2093, 3.1415,-0.0745, 6.7160, 4.6799, 0.9794, 1.3536,0
 0.1894, 0.0000, 27.2753, 3.1415,-0.0270, 6.6210, 4.6799, 1.0023, 1.3543,0
 0.1896, 0.0000, 27.3381, 3.1415, 0.0067, 6.3506, 4.6799, 0.9903, 1.3550,0
 0.1902, 0.0000, 27.4009, 3.1415, 0.0498, 6.2968, 4.6799, 1.0162, 1.3557,0
 0.1909, 0.0000, 27.4606, 3.1415, 0.0706, 6.0346, 4.6799, 1.0030, 1.3565,0
 0.1919, 0.0000, 27.5172, 3.1415, 0.0929, 5.7306, 4.6799, 0.9816, 1.3572,0
 0.1932, 0.0000, 27.5737, 3.1415, 0.1216, 5.6699, 4.6799, 0.9990, 1.3579,0
 0.1947, 0.0000, 27.6303, 3.1415, 0.1395, 5.6580, 4.6799, 1.0224, 1.3586,0
 0.1963, 0.0000, 27.6837, 3.1415, 0.1613, 5.4042, 4.6799, 1.0053, 1.3593,0
 0.1981, 0.0000, 27.7371, 3.1415, 0.1717, 5.3533, 4.6799, 1.0181, 1.3600,0
 0.2000, 0.0000, 27.7873, 3.1415, 0.1859, 5.0919, 4.6799, 0.9976, 1.3608,0
 0.2022, 0.0000, 27.8407, 3.1415, 0.2130, 5.2908, 4.6799, 1.0435, 1.3615,0
 0.2046, 0.0000, 27.8879, 3.1415, 0.2366, 4.8281, 4.6799, 0.9914, 1.3622,0
 0.2072, 0.0000, 27.9381, 3.1415, 0.2595, 4.9867, 4.6799, 1.0260, 1.3629,0
 0.2100, 0.0000, 27.9884, 3.1415, 0.2762, 5.0188, 4.6799, 1.0415, 1.3636,0
 0.2131, 0.0000, 28.0355, 3.1415, 0.2977, 4.7734, 4.6799, 1.0167, 1.3644,0
 0.2163, 0.0000, 28.0858, 3.1415, 0.3202, 4.9759, 4.6799, 1.0520, 1.3651,0
 0.2197, 0.0000, 28.1329, 3.1415, 0.3369, 4.7651, 4.6799, 1.0288, 1.3658,0
 0.2232, 0.0000, 28.1832, 3.1415, 0.3462, 4.9741,-4.6799, 1.0288, 1.3658,1
 0.2260, 0.0000, 28.2303, 3.1415, 0.2936, 4.7648,-4.6799, 1.0288, 1.3658,1
 0.2289, 0.0000, 28.2774, 3.1415, 0.2891, 4.7229,-4.6799, 1.0288, 1.3658,1
 0.2317, 0.0000, 28.3246, 3.1415, 0.2821, 4.7144,-4.6799, 1.0288, 1.3658,1
 0.2339, 0.0000, 28.3685, 3.1415, 0.2322, 4.4614,-4.6799, 1.0288, 1.3658,1
 0.2357, 0.0000, 28.4125, 3.1415, 0.1919, 4.4108, 4.6799, 0.9836, 1.3665,0
 0.2381, 0.0000, 28.4565, 3.1415, 0.2263, 4.4006, 4.6799, 0.9773, 1.3672,0
 0.2402, 0.0000, 28.5005, 3.1415, 0.2150, 4.3988, 4.6799, 0.9706, 1.3679,0
 0.2421, 0.0000, 28.5476, 3.1415, 0.1945, 4.6497, 4.6799, 0.9941, 1.3687,0
 0.2443, 0.0000, 28.5947, 3.1415, 0.2147, 4.6999, 4.6799, 0.9907, 1.3694,0
 0.2469, 0.0000, 28.6418, 3.1415, 0.2491, 4.7096, 4.6799, 0.9806, 1.3701,0
 0.2497, 0.0000, 28.6921, 3.1415, 0.2741, 4.9633, 4.6799, 1.0012, 1.3708,0
 0.2526, 0.0000, 28.7455, 3.1415, 0.2852, 5.2651, 4.6799, 1.0279, 1.3715,0
 0.2554, 0.0000, 28.7989, 3.1415, 0.2874, 5.3256, 4.6799, 1.0185, 1.3723,0
 0.2586, 0.0000, 28.8555, 3.1415, 0.3060, 5.5890, 4.6799, 1.0375, 1.3730,0
 0.2618, 0.0000, 28.9152, 3.1415, 0.3219, 5.8928, 4.6799, 1.0617, 1.3737,0
 0.2654, 0.0000, 28.9749, 3.1415, 0.3493, 5.9538, 4.6799, 1.0452, 1.3744,0
 0.2690, 0.0000, 29.0377, 3.1415, 0.3609, 6.2174, 4.6799, 1.0600, 1.3751,0
 0.2727, 0.0000, 29.1005, 3.1415, 0.3692, 6.2698, 4.6799, 1.0369, 1.3758,0
 0.2763, 0.0000, 29.1696, 3.1415, 0.3588, 6.7831, 3.5988, 1.0931, 1.3766,0
 0.2800, 0.0000, 29.2388, 3.1415, 0.3688, 6.8859, 4.6799, 1.0730, 1.3773,0
 0.2838, 0.0000, 29.3110, 3.1415, 0.3769, 7.1576, 2.8402, 1.0827, 1.3780,0
 0.2876, 0.0000, 29.3833, 3.1415, 0.3785, 7.2120, 3.5592, 1.0481, 1.3787,0
 0.2911, 0.0000, 29.4618, 3.1415, 0.3546, 7.7256,-2.2937, 1.1041, 1.3794,0
 0.2939, 0.0000, 29.5403, 3.1415, 0.3013, 7.8282,-1.8763, 1.0733, 1.3802,0
 0.2964, 0.0000, 29.6220, 3.1415, 0.2603, 8.1002,-4.6799, 1.0774, 1.3809,0
 0.2987, 0.0000, 29.7069, 3.1415, 0.2339, 8.4059,-4.6799, 1.0881, 1.3816,0
 0.3002, 0.0000, 29.7948, 3.1415, 0.1619, 8.7183,-4.6799, 1.1002, 1.3823,0
 0.3008, 0.0000, 29.8859, 3.1415, 0.0869, 9.0320,-4.6799, 1.1127, 1.3830,0
 0.3010, 0.0000, 29.9770, 3.1415, 0.0295, 9.0949,-4.6799, 1.0635, 1.3837,0
 0.3002, 0.0000, 30.0744, 3.1415,-0.0547, 9.6101,-4.6799, 1.1297, 1.3845,0
 0.2986, 0.0000, 30.1749, 3.1415,-0.1443, 9.9644,-4.6799, 1.1574, 1.3852,0
 0.2963, 0.0000, 30.2786, 3.1415,-0.2107, 10.2866,-4.6799, 1.1797, 1.3859,0
 0.2933, 0.0000, 30.3854, 3.1415,-0.2786, 10.6025,-4.6799, 1.2043, 1.3866,0
 0.2896, 0.0000, 30.4954, 3.1415,-0.3528, 10.9168,-4.6799, 1.2337, 1.3873,0
 0.2851, 0.0000, 30.6116, 3.1415,-0.4343, 11.4826,-4.6799, 1.3478, 1.3881,0
 0.2799, 0.0000, 30.7279, 3.1415,-0.4991, 11.5955,-4.6799, 1.3276, 1.3888,0
 0.2741, 0.0000, 30.8504, 3.1415,-0.5667, 12.1207, 4.6799, 1.4504, 1.3895,0
 0.2683, 0.0000, 30.9761, 3.1415,-0.5741, 12.4772, 4.6799, 1.5297, 1.3902,0
 0.2621, 0.0000, 31.1017, 3.1415,-0.6120, 12.5485, 4.6799, 1.5215, 1.3909,0
 0.2561, 0.0000, 31.2274, 3.1415,-0.6074, 12.5628, 4.6799, 1.5041, 1.3916,0
 0.2502, 0.0000, 31.3530, 3.1415,-0.5883, 12.5656, 4.6799, 1.4938, 1.3924,0
 0.2448, 0.0000, 31.4787, 3.1415,-0.5542, 12.5663, 4.6799, 1.4941, 1.3931,0
 0.2401, 0.0000, 31.6012, 3.1415,-0.4867, 12.3150,-4.6799, 1.4174, 1.3938,0
 0.2350, 0.0000, 31.7206, 3.1415,-0.5036, 12.0134,-4.6799, 1.3355, 1.3945,0
 0.2305, 0.0000, 31.8400, 3.1415,-0.4584, 11.9531,-4.6799, 1.3458, 1.3952,0
 0.2265, 0.0000, 31.9594, 3.1415,-0.4130, 11.9409,-4.6799, 1.3815, 1.3960,0
 0.2228, 0.0000, 32.0725, 3.1415,-0.3797, 11.4357,-4.6799, 1.2620, 1.3967,0
 0.2192, 0.0000, 32.1856, 3.1415,-0.3609, 11.3349,-4.6799, 1.2830, 1.3974,0
 0.2160, 0.0000, 32.2955, 3.1415,-0.3329, 11.0636,-4.6799, 1.2559, 1.3981,0
 0.2132, 0.0000, 32.4023, 3.1415,-0.2848, 10.7579,-4.6799, 1.2241, 1.3988,0
 0.2108, 0.0000, 32.5060, 3.1415,-0.2510, 10.4453,-4.6799, 1.1954, 1.3995,0
 0.2085, 0.0000, 32.6065, 3.1415,-0.2321, 10.1313,-4.6799, 1.1705, 1.4003,0
 0.2066, 0.0000, 32.7039, 3.1415,-0.1980, 9.8174,-4.6799, 1.1490, 1.4010,0
 0.2050, 0.0000, 32.7982, 3.1415,-0.1669, 9.5031,-4.6799, 1.1297, 1.4017,0
 0.2038, 0.0000, 32.8861, 3.1415,-0.1364, 8.9379,-4.6799, 1.0463, 1.4024,0
 0.2025, 0.0000, 32.9741, 3.1415,-0.1243, 8.8249,-4.6799, 1.0812, 1.4031,0
 0.2015, 0.0000, 33.0589, 3.1415,-0.1097, 8.5505,-4.6799, 1.0754, 1.4039,0
 0.2004, 0.0000, 33.1406, 3.1415,-0.1068, 8.2445,-4.6799, 1.0617, 1.4046,0
 0.1995, 0.0000, 33.2223, 3.1415,-0.0941, 8.1836,-4.6799, 1.1052, 1.4053,0
 0.1985, 0.0000, 33.2977, 3.1415,-0.0976, 7.6685, 0.3019, 1.0430, 1.4060,0
 0.1981, 0.0000, 33.3699, 3.1415,-0.0498, 7.3143, 4.6799, 1.0175, 1.4067,0
 0.1978, 0.0000, 33.4391, 3.1415,-0.0342, 6.9920, 4.6799, 0.9983, 1.4074,0
 0.1979, 0.0000, 33.5082, 3.1415,-0.0007, 6.9275, 4.6799, 1.0296, 1.4082,0
 0.1983, 0.0000, 33.5742, 3.1415, 0.0301, 6.6635, 4.6799, 1.0196, 1.4089,0
 0.1990, 0.0000, 33.6401, 3.1415, 0.0606, 6.6104, 4.6799, 1.0483, 1.4096,0
 0.2000, 0.0000, 33.7030, 3.1415, 0.0970, 6.3486, 4.6799, 1.0357, 1.4103,0
 0.2014, 0.0000, 33.7626, 3.1415, 0.1285, 6.0448, 4.6799, 1.0145, 1.4110,0
 0.2029, 0.0000, 33.8223, 3.1415, 0.1469, 5.9843, 4.6799, 1.0340, 1.4118,0
 0.2047, 0.0000, 33.8820, 3.1415, 0.1749, 5.9719, 4.6799, 1.0597, 1.4125,0
 0.2066, 0.0000, 33.9386, 3.1415, 0.1865, 5.7186, 4.6799, 1.0427, 1.4132,0
 0.2088, 0.0000, 33.9951, 3.1415, 0.2131, 5.6673, 4.6799, 1.0571, 1.4139,0
 0.2113, 0.0000, 34.0485, 3.1415, 0.2427, 5.4062, 4.6799, 1.0362, 1.4146,0
 0.2140, 0.0000, 34.1019, 3.1415, 0.2607, 5.3537, 4.6799, 1.0461, 1.4153,0
 0.2169, 0.0000, 34.1553, 3.1415, 0.2825, 5.3432, 4.6799, 1.0605, 1.4161,0
 0.2199, 0.0000, 34.2056, 3.1415, 0.2990, 5.0899, 4.6799, 1.0368, 1.4168,0
 0.2232, 0.0000, 34.2590, 3.1415, 0.3205, 5.2904, 4.6799, 1.0781, 1.4175,0
 0.2266, 0.0000, 34.3093, 3.1415, 0.3369, 5.0796, 4.6799, 1.0573, 1.4182,0
 0.2301, 0.0000, 34.3627, 3.1415, 0.3523, 5.2880, 4.6799, 1.0960, 1.4189,0
 0.2340, 0.0000, 34.4130, 3.1415, 0.3797, 5.0792, 4.6799, 1.0717, 1.4197,0
 0.2380, 0.0000, 34.4632, 3.1415, 0.3972, 5.0368,-4.6799, 1.0717, 1.4197,1
 0.2411, 0.0000, 34.5135, 3.1415, 0.3280, 5.0286,-4.6799, 1.0717, 1.4197,1
 0.2443, 0.0000, 34.5638, 3.1415, 0.3202, 5.0270,-4.6799, 1.0717, 1.4197,1
 0.2475, 0.0000, 34.6109, 3.1415, 0.3187, 4.7752,-4.6799, 1.0717, 1.4197,1
 0.2501, 0.0000, 34.6580, 3.1415, 0.2698, 4.7248, 4.6799, 1.0270, 1.4204,0
 0.2528, 0.0000, 34.7051, 3.1415, 0.2722, 4.7148, 4.6799, 1.0214, 1.4211,0
 0.2554, 0.0000, 34.7523, 3.1415, 0.2606, 4.7131, 4.6799, 1.0155, 1.4218,0
 0.2583, 0.0000, 34.7994, 3.1415, 0.2885, 4.7124, 4.6799, 1.0080, 1.4225,0
 0.2611, 0.0000, 34.8496, 3.1415, 0.2759, 4.9637, 4.6799, 1.0326, 1.4232,0
 0.2639, 0.0000, 34.8999, 3.1415, 0.2795, 5.0140, 4.6799, 1.0283, 1.4240,0
 0.2671, 0.0000, 34.9533, 3.1415, 0.3166, 5.2752, 4.6799, 1.0521, 1.4247,0
 0.2704, 0.0000, 35.0067, 3.1415, 0.3240, 5.3275, 4.6799, 1.0441, 1.4254,0
 0.2739, 0.0000, 35.0633, 3.1415, 0.3497, 5.5894, 4.6799, 1.0655, 1.4261,0
 0.2777, 0.0000, 35.1198, 3.1415, 0.3670, 5.6418, 4.6799, 1.0531, 1.4268,0
 0.2814, 0.0000, 35.1795, 3.1415, 0.3705, 5.9034, 4.6799, 1.0715, 1.4276,0
 0.2852, 0.0000, 35.2423, 3.1415, 0.3833, 6.2075, 4.6799, 1.0956, 1.4283,0
 0.2892, 0.0000, 35.3052, 3.1415, 0.3919, 6.2677, 4.6799, 1.0765, 1.4290,0
 0.2933, 0.0000, 35.3711, 3.1415, 0.4058, 6.5315, 4.6799, 1.0904, 1.4297,0
 0.2976, 0.0000, 35.4403, 3.1415, 0.4267, 6.8354, 4.6799, 1.1101, 1.4304,0
 0.3018, 0.0000, 35.5125, 3.1415, 0.4249, 7.1477, 3.7510, 1.1300, 1.4311,0
 0.3058, 0.0000, 35.5848, 3.1415, 0.4063, 7.2098, 4.6799, 1.0991, 1.4319,0
 0.3099, 0.0000, 35.6602, 3.1415, 0.4026, 7.4737, 2.2676, 1.1060, 1.4326,0
 0.3138, 0.0000, 35.7387, 3.1415, 0.3958, 7.7783,-0.8958, 1.1197, 1.4333,0
 0.3169, 0.0000, 35.8204, 3.1415, 0.3277, 8.0900,-3.4174, 1.1338, 1.4340,0
 0.3200, 0.0000, 35.9021, 3.1415, 0.3141, 8.1524,-4.6678, 1.0915, 1.4347,0
 0.3227, 0.0000, 35.9869, 3.1415, 0.2750, 8.4163,-4.6799, 1.0928, 1.4355,0
 0.3245, 0.0000, 36.0749, 3.1415, 0.2005, 8.7203,-4.6799, 1.1029, 1.4355,0
 0.3256, 0.0000, 36.1660, 3.1415, 0.1310, 9.0325,-4.6799, 1.1151, 1.4355,0
 0.3260, 0.0000, 36.2602, 3.1415, 0.0565, 9.3461,-4.6799, 1.1284, 1.4355,0
 0.3257, 0.0000, 36.3576, 3.1415,-0.0129, 9.6603,-4.6799, 1.1432, 1.4355,0
 0.3246, 0.0000, 36.4613, 3.1415,-0.0874, 10.2261,-4.6799, 1.2293, 1.4355,0
 0.3229, 0.0000, 36.5649, 3.1415,-0.1569, 10.3389,-4.6799, 1.1928, 1.4355,0
 0.3202, 0.0000, 36.6718, 3.1415,-0.2436, 10.6130,-4.6799, 1.2055, 1.4355,0
 0.3170, 0.0000, 36.7849, 3.1415,-0.3094, 11.1701,-4.6799, 1.3084, 1.4355,0
 0.3130, 0.0000, 36.9011, 3.1415,-0.3832, 11.5333,-4.6799, 1.3609, 1.4355,0
 0.3082, 0.0000, 37.0205, 3.1415,-0.4586, 11.8571,-4.6799, 1.4092, 1.4355,0
 0.3027, 0.0000, 37.1430, 3.1415,-0.5282, 12.1730, 3.2341, 1.4646, 1.4355,0
 0.2974, 0.0000, 37.2687, 3.1415,-0.5300, 12.4877, 4.6799, 1.5306, 1.4355,0
 0.2916, 0.0000, 37.3975, 3.1415,-0.5728, 12.8021, 4.6799, 1.6088, 1.4355,0
 0.2858, 0.0000, 37.5231, 3.1415,-0.5753, 12.6135, 4.6799, 1.5204, 1.4355,0
 0.2804, 0.0000, 37.6519, 3.1415,-0.5516, 12.8269, 4.6799, 1.5861, 1.4355,0
 0.2754, 0.0000, 37.7776, 3.1415,-0.5105, 12.6184, 3.8233, 1.5132, 1.4355,0
 0.2710, 0.0000, 37.9001, 3.1415,-0.4537, 12.3256,-4.6799, 1.4232, 1.4355,0
 0.2665, 0.0000, 38.0226, 3.1415,-0.4484, 12.2667,-4.6799, 1.4258, 1.4355,0
 0.2622, 0.0000, 38.1420, 3.1415,-0.4353, 12.0038,-4.6799, 1.3685, 1.4355,0
 0.2586, 0.0000, 38.2614, 3.1415,-0.3781, 11.9512,-4.6799, 1.3921, 1.4355,0
 0.2552, 0.0000, 38.3776, 3.1415,-0.3424, 11.6892,-4.6799, 1.3539, 1.4355,0
 0.2520, 0.0000, 38.4907, 3.1415,-0.3231, 11.3857,-4.6799, 1.3103, 1.4355,0
 0.2491, 0.0000, 38.6007, 3.1415,-0.3010, 11.0735,-4.6799, 1.2712, 1.4355,0
 0.2467, 0.0000, 38.7075, 3.1415,-0.2481, 10.7599,-4.6799, 1.2379, 1.4355,0
 0.2448, 0.0000, 38.8143, 3.1415,-0.2072, 10.6972,-4.6799, 1.2861, 1.4355,0
 0.2429, 0.0000, 38.9149, 3.1415,-0.1869, 10.1817,-4.6799, 1.2017, 1.4355,0
 0.2413, 0.0000, 39.0122, 3.1415,-0.1647, 9.8274,-4.6799, 1.1691, 1.4355,0
 0.2401, 0.0000, 39.1065, 3.1415,-0.1360, 9.5051,-4.6799, 1.1480, 1.4355,0
 0.2391, 0.0000, 39.1976, 3.1415,-0.1060, 9.1898,-4.6799, 1.1305, 1.4355,0
 0.2381, 0.0000, 39.2887, 3.1415,-0.1000, 9.1264,-4.6799, 1.1796, 1.4355,0
 0.2373, 0.0000, 39.3735, 3.1415,-0.0867, 8.6108,-4.6799, 1.1123, 1.4355,0
 0.2366, 0.0000, 39.4552, 3.1415,-0.0719, 8.2569,-4.6799, 1.0868, 1.4355,0
 0.2358, 0.0000, 39.5338, 3.1415,-0.0750, 7.9346,-4.6799, 1.0687, 1.4355,0
 0.2351, 0.0000, 39.6123, 3.1415,-0.0756, 7.8698,-3.4470, 1.1082, 1.4355,0
 0.2343, 0.0000, 39.6846, 3.1415,-0.0757, 7.3546, 4.6799, 1.0465, 1.4355,0
 0.2344, 0.0000, 39.7568, 3.1415,-0.0090, 7.2512, 4.6799, 1.0721, 1.4355,0
 0.2342, 0.0000, 39.8259, 3.1415,-0.0139, 6.9794, 4.6799, 1.0610, 1.4355,0
 0.2345, 0.0000, 39.8950, 3.1415, 0.0154, 6.9253, 4.6799, 1.0917, 1.4355,0
 0.2350, 0.0000, 39.9610, 3.1415, 0.0455, 6.6627, 4.6799, 1.0792, 1.4355,0
 0.2358, 0.0000, 40.0238, 3.1415, 0.0758, 6.3591, 4.6799, 1.0577, 1.4355,0
 0.2370, 0.0000, 40.0867, 3.1415, 0.1061, 6.2983, 4.6799, 1.0788, 1.4355,0
 0.2383, 0.0000, 40.1464, 3.1415, 0.1303, 6.0350, 4.6799, 1.0617, 1.4355,0
 0.2400, 0.0000, 40.2061, 3.1415, 0.1594, 5.9820, 4.6799, 1.0792, 1.4355,0
 0.2417, 0.0000, 40.2626, 3.1415, 0.1713, 5.7203, 4.6799, 1.0595, 1.4355,0
 0.2435, 0.0000, 40.3192, 3.1415, 0.1797, 5.6679, 4.6799, 1.0724, 1.4355,0
 0.2458, 0.0000, 40.3757, 3.1415, 0.2178, 5.6575, 4.6799, 1.0899, 1.4355,0
 0.2482, 0.0000, 40.4322, 3.1415, 0.2315, 5.6551, 4.6799, 1.1067, 1.4355,0
 0.2507, 0.0000, 40.4857, 3.1415, 0.2524, 5.4037, 4.6799, 1.0821, 1.4355,0
 0.2536, 0.0000, 40.5391, 3.1415, 0.2809, 5.3532, 4.6799, 1.0868, 1.4355,0
 0.2567, 0.0000, 40.5956, 3.1415, 0.2987, 5.5945, 4.6799, 1.1348, 1.4355,0
 0.2598, 0.0000, 40.6490, 3.1415, 0.3144, 5.3916, 4.6799, 1.1119, 1.4355,0
 0.2632, 0.0000, 40.7024, 3.1415, 0.3296, 5.3507, 4.6799, 1.1120, 1.4355,0
 0.2668, 0.0000, 40.7558, 3.1415, 0.3569, 5.3429,-4.6799, 1.1120, 1.4355,1
 0.2698, 0.0000, 40.8092, 3.1415, 0.3139, 5.3407,-4.6799, 1.1120, 1.4355,1
 0.2730, 0.0000, 40.8626, 3.1415, 0.3174, 5.3409,-4.6799, 1.1120, 1.4355,1
 0.2758, 0.0000, 40.9129, 3.1415, 0.2817, 5.0891,-4.6799, 1.1120, 1.4355,1
 0.2782, 0.0000, 40.9632, 3.1415, 0.2503, 5.0394, 4.6799, 1.0682, 1.4355,0
 0.2811, 0.0000, 41.0134, 3.1415, 0.2804, 5.0288, 4.6799, 1.0614, 1.4355,0
 0.2835, 0.0000, 41.0637, 3.1415, 0.2501, 5.0270, 4.6799, 1.0541, 1.4355,0
 0.2861, 0.0000, 41.1171, 3.1415, 0.2561, 5.2781, 4.6799, 1.0808, 1.4355,0
 0.2889, 0.0000, 41.1705, 3.1415, 0.2816, 5.3280, 4.6799, 1.0768, 1.4355,0
 0.2921, 0.0000, 41.2239, 3.1415, 0.3049, 5.3380, 4.6799, 1.0649, 1.4355,0
 0.2952, 0.0000, 41.2805, 3.1415, 0.3156, 5.5915, 4.6799, 1.0874, 1.4355,0
 0.2987, 0.0000, 41.3402, 3.1415, 0.3420, 5.8936, 4.6799, 1.1166, 1.4355,0
 0.3022, 0.0000, 41.3999, 3.1415, 0.3473, 5.9538, 4.6799, 1.1049, 1.4355,0
 0.3058, 0.0000, 41.4627, 3.1415, 0.3544, 6.2173, 4.6799, 1.1247, 1.4355,0
 0.3094, 0.0000, 41.5255, 3.1415, 0.3619, 6.2700, 4.6799, 1.1065, 1.4355,0
 0.3130, 0.0000, 41.5946, 3.1415, 0.3634, 6.7831, 2.5871, 1.1676, 1.4355,0
 0.3168, 0.0000, 41.6606, 3.1415, 0.3758, 6.6343, 4.6799, 1.1061, 1.4355,0
 0.3207, 0.0000, 41.7329, 3.1415, 0.3844, 7.1075, 1.8730, 1.1579, 1.4355,0
 0.3245, 0.0000, 41.8051, 3.1415, 0.3800, 7.2021, 3.5973, 1.1353, 1.4355,0
 0.3282, 0.0000, 41.8805, 3.1415, 0.3731, 7.4722, 0.8465, 1.1452, 1.4355,0
 0.3318, 0.0000, 41.9591, 3.1415, 0.3595, 7.7777,-1.9679, 1.1607, 1.4355,0
 0.3347, 0.0000, 42.0407, 3.1415, 0.3083, 8.0899,-4.3063, 1.1764, 1.4355,0
 0.3375, 0.0000, 42.1224, 3.1415, 0.2860, 8.1524,-4.3117, 1.1351, 1.4355,0
 0.3398, 0.0000, 42.2072, 3.1415, 0.2391, 8.4163,-4.6799, 1.1373, 1.4355,0
 0.3413, 0.0000, 42.2952, 3.1415, 0.1690, 8.7206,-4.6799, 1.1479, 1.4355,0
 0.3422, 0.0000, 42.3832, 3.1415, 0.1005, 8.7811,-4.6799, 1.0998, 1.4355,0
 0.3423, 0.0000, 42.4774, 3.1415, 0.0322, 9.2959,-4.6799, 1.1624, 1.4355,0
 0.3418, 0.0000, 42.5748, 3.1415,-0.0299, 9.6503,-4.6799, 1.1870, 1.4355,0
 0.3406, 0.0000, 42.6722, 3.1415,-0.1029, 9.7215,-4.6799, 1.1379, 1.4355,0
 0.3387, 0.0000, 42.7759, 3.1415,-0.1782, 10.2380,-4.6799, 1.2115, 1.4355,0
 0.3360, 0.0000, 42.8827, 3.1415,-0.2478, 10.5928,-4.6799, 1.2449, 1.4355,0
 0.3326, 0.0000, 42.9926, 3.1415,-0.3224, 10.9149,-4.6799, 1.2736, 1.4355,0
 0.3284, 0.0000, 43.1057, 3.1415,-0.3979, 11.2305,-4.6799, 1.3062, 1.4355,0
 0.3234, 0.0000, 43.2251, 3.1415,-0.4858, 11.7965,-3.2576, 1.4263, 1.4355,0
 0.3176, 0.0000, 43.3476, 3.1415,-0.5579, 12.1612, 4.6799, 1.4922, 1.4355,0
 0.3122, 0.0000, 43.4702, 3.1415,-0.5420, 12.2338, 1.6658, 1.4693, 1.4355,0
 0.3058, 0.0000, 43.5990, 3.1415,-0.6177, 12.7513, 4.6799, 1.6103, 1.4355,0
 0.2999, 0.0000, 43.7246, 3.1415,-0.6025, 12.6033, 4.6799, 1.5294, 1.4355,0
 0.2937, 0.0000, 43.8534, 3.1415,-0.6116, 12.8252, 4.6799, 1.5906, 1.4355,0
 0.2881, 0.0000, 43.9791, 3.1415,-0.5710, 12.6181, 4.5690, 1.5109, 1.4355,0
 0.2830, 0.0000, 44.1048, 3.1415,-0.5204, 12.5764, 0.3409, 1.5016, 1.4355,0
 0.2784, 0.0000, 44.2273, 3.1415,-0.4739, 12.3172,-4.6799, 1.4273, 1.4355,0
 0.2738, 0.0000, 44.3467, 3.1415,-0.4646, 12.0139,-4.6799, 1.3497, 1.4355,0
 0.2694, 0.0000, 44.4661, 3.1415,-0.4446, 11.9532,-4.6799, 1.3646, 1.4355,0
 0.2658, 0.0000, 44.5823, 3.1415,-0.3799, 11.6896,-4.6799, 1.3204, 1.4355,0
 0.2624, 0.0000, 44.6985, 3.1415,-0.3427, 11.6369,-4.6799, 1.3542, 1.4355,0
 0.2591, 0.0000, 44.8116, 3.1415,-0.3353, 11.3752,-4.6799, 1.3265, 1.4355,0
 0.2561, 0.0000, 44.9184, 3.1415,-0.3035, 10.8202,-4.6799, 1.2133, 1.4355,0
 0.2539, 0.0000, 45.0253, 3.1415,-0.2426, 10.7089,-4.6799, 1.2439, 1.4355,0
 0.2517, 0.0000, 45.1289, 3.1415,-0.2182, 10.4355,-4.6799, 1.2291, 1.4355,0
 0.2496, 0.0000, 45.2263, 3.1415,-0.2134, 9.8782,-4.6799, 1.1356, 1.4355,0
 0.2480, 0.0000, 45.3237, 3.1415,-0.1700, 9.7667,-4.6799, 1.1722, 1.4355,0
 0.2468, 0.0000, 45.4180, 3.1415,-0.1310, 9.4933,-4.6799, 1.1650, 1.4355,0
 0.2457, 0.0000, 45.5059, 3.1415,-0.1171, 8.9360,-4.6799, 1.0841, 1.4355,0
 0.2447, 0.0000, 45.5939, 3.1415,-0.1022, 8.8242,-4.6799, 1.1194, 1.4355,0
 0.2440, 0.0000, 45.6787, 3.1415,-0.0750, 8.5504,-4.6799, 1.1135, 1.4355,0
 0.2434, 0.0000, 45.7573, 3.1415,-0.0635, 7.9936,-4.6799, 1.0402, 1.4355,0
 0.2427, 0.0000, 45.8358, 3.1415,-0.0672, 7.8816,-4.6799, 1.0700, 1.4355,0
 0.2421, 0.0000, 45.9112, 3.1415,-0.0619, 7.6081,-0.3115, 1.0620, 1.4355,0
 0.2416, 0.0000, 45.9834, 3.1415,-0.0548, 7.3022, 4.6214, 1.0461, 1.4355,0
 0.2417, 0.0000, 46.0557, 3.1415,-0.0049, 7.2407, 4.6799, 1.0799, 1.4355,0
 0.2417, 0.0000, 46.1217, 3.1415,-0.0009, 6.7261, 4.6799, 1.0200, 1.4355,0
 0.2421, 0.0000, 46.1876, 3.1415, 0.0361, 6.6232, 4.6799, 1.0398, 1.4355,0
 0.2427, 0.0000, 46.2536, 3.1415, 0.0557, 6.6023, 4.6799, 1.0731, 1.4355,0
 0.2438, 0.0000, 46.3133, 3.1415, 0.0960, 6.0958, 4.6799, 1.0150, 1.4355,0
 0.2452, 0.0000, 46.3761, 3.1415, 0.1344, 6.2457, 4.6799, 1.0726, 1.4355,0
 0.2469, 0.0000, 46.4358, 3.1415, 0.1602, 6.0242, 4.6799, 1.0628, 1.4355,0
 0.2488, 0.0000, 46.4924, 3.1415, 0.1836, 5.7287, 4.6799, 1.0390, 1.4355,0
 0.2509, 0.0000, 46.5521, 3.1415, 0.2065, 5.9208, 4.6799, 1.0946, 1.4355,0
 0.2531, 0.0000, 46.6055, 3.1415, 0.2171, 5.4569, 4.6799, 1.0406, 1.4355,0
 0.2555, 0.0000, 46.6620, 3.1415, 0.2374, 5.6153, 4.6799, 1.0843, 1.4355,0
 0.2580, 0.0000, 46.7154, 3.1415, 0.2475, 5.3955, 4.6799, 1.0665, 1.4355,0
 0.2608, 0.0000, 46.7688, 3.1415, 0.2738, 5.3515, 4.6799, 1.0742, 1.4355,0
 0.2639, 0.0000, 46.8223, 3.1415, 0.2973, 5.3430, 4.6799, 1.0853, 1.4355,0
 0.2671, 0.0000, 46.8757, 3.1415, 0.3201, 5.3410, 4.6799, 1.0954, 1.4355,0
 0.2705, 0.0000, 46.9259, 3.1415, 0.3368, 5.0895, 4.6799, 1.0667, 1.4355,0
 0.2740, 0.0000, 46.9793, 3.1415, 0.3462, 5.2903, 4.6799, 1.1024, 1.4355,0
 0.2777, 0.0000, 47.0327, 3.1415, 0.3663, 5.3308,-4.6799, 1.1024, 1.4355,1
 0.2809, 0.0000, 47.0830, 3.1415, 0.3279, 5.0874,-4.6799, 1.1024, 1.4355,1
 0.2841, 0.0000, 47.1333, 3.1415, 0.3202, 5.0384,-4.6799, 1.1024, 1.4355,1
 0.2869, 0.0000, 47.1835, 3.1415, 0.2883, 5.0289,-4.6799, 1.1024, 1.4355,1
 0.2894, 0.0000, 47.2307, 3.1415, 0.2577, 4.7756, 4.6799, 1.0332, 1.4355,0
 0.2922, 0.0000, 47.2809, 3.1415, 0.2758, 4.9764, 4.6799, 1.0559, 1.4355,0
 0.2946, 0.0000, 47.3280, 3.1415, 0.2492, 4.7651, 4.6799, 1.0210, 1.4355,0
 0.2972, 0.0000, 47.3783, 3.1415, 0.2559, 4.9743, 4.6799, 1.0413, 1.4355,0
 0.3000, 0.0000, 47.4286, 3.1415, 0.2755, 5.0161, 4.6799, 1.0372, 1.4355,0
 0.3030, 0.0000, 47.4820, 3.1415, 0.2976, 5.2756, 4.6799, 1.0621, 1.4355,0
 0.3063, 0.0000, 47.5385, 3.1415, 0.3202, 5.5790, 4.6799, 1.0929, 1.4355,0
 0.3096, 0.0000, 47.5919, 3.1415, 0.3308, 5.3882, 4.6799, 1.0473, 1.4355,0
 0.3130, 0.0000, 47.6516, 3.1415, 0.3390, 5.8530, 4.6799, 1.0999, 1.4355,0
 0.3166, 0.0000, 47.7113, 3.1415, 0.3527, 5.9456, 4.6799, 1.0926, 1.4355,0
 0.3203, 0.0000, 47.7710, 3.1415, 0.3676, 5.9645, 4.6799, 1.0709, 1.4355,0
 0.3241, 0.0000, 47.8370, 3.1415, 0.3767, 6.4706, 4.6799, 1.1292, 1.4355,0
 0.3279, 0.0000, 47.9030, 3.1415, 0.3785, 6.5721, 4.6799, 1.1156, 1.4355,0
 0.3318, 0.0000, 47.9689, 3.1415, 0.3849, 6.5921, 4.6799, 1.0849, 1.4355,0
 0.3357, 0.0000, 48.0412, 3.1415, 0.3922, 7.0990, 1.2227, 1.1421, 1.4355,0
 0.3396, 0.0000, 48.1134, 3.1415, 0.3876, 7.2004, 2.8457, 1.1200, 1.4355,0
 0.3435, 0.0000, 48.1888, 3.1415, 0.3928, 7.4718,-0.0668, 1.1295, 1.4355,0
 0.3469, 0.0000, 48.2674, 3.1415, 0.3453, 7.7776,-2.6096, 1.1444, 1.4355,0
 0.3500, 0.0000, 48.3459, 3.1415, 0.3176, 7.8384,-2.3755, 1.1055, 1.4355,0
 0.3527, 0.0000, 48.4276, 3.1415, 0.2818, 8.1021,-4.6799, 1.1085, 1.4355,0
 0.3548, 0.0000, 48.5124, 3.1415, 0.2261, 8.4066,-4.6799, 1.1195, 1.4355,0
 0.3562, 0.0000, 48.6004, 3.1415, 0.1604, 8.7183,-4.6799, 1.1317, 1.4355,0
 0.3569, 0.0000, 48.6884, 3.1415, 0.0866, 8.7807,-4.6799, 1.0839, 1.4355,0
 0.3569, 0.0000, 48.7826, 3.1415, 0.0173, 9.2958,-4.6799, 1.1466, 1.4355,0
 0.3562, 0.0000, 48.8769, 3.1415,-0.0571, 9.3994,-4.6799, 1.1067, 1.4355,0
 0.3547, 0.0000, 48.9774, 3.1415,-0.1327, 9.9221,-4.6799, 1.1779, 1.4355,0
 0.3524, 0.0000, 49.0811, 3.1415,-0.2084, 10.2781,-4.6799, 1.2083, 1.4355,0
 0.3494, 0.0000, 49.1879, 3.1415,-0.2781, 10.6008,-4.6799, 1.2332, 1.4355,0
 0.3458, 0.0000, 49.2978, 3.1415,-0.3466, 10.9165,-4.6799, 1.2610, 1.4355,0
 0.3413, 0.0000, 49.4109, 3.1415,-0.4270, 11.2311,-4.6799, 1.2944, 1.4355,0
 0.3361, 0.0000, 49.5303, 3.1415,-0.5037, 11.7967,-4.6799, 1.4156, 1.4355,0
 0.3301, 0.0000, 49.6497, 3.1415,-0.5797, 11.9095,-4.6799, 1.3995, 1.4355,0
 0.3235, 0.0000, 49.7753, 3.1415,-0.6434, 12.4350, 4.6799, 1.5312, 1.4355,0
 0.3173, 0.0000, 49.9042, 3.1415,-0.6258, 12.7915, 4.6799, 1.6190, 1.4355,0
 0.3104, 0.0000, 50.0298, 3.1415,-0.6769, 12.6114, 4.6799, 1.5284, 1.4355,0
 0.3038, 0.0000, 50.1586, 3.1415,-0.6629, 12.8268, 4.6799, 1.5893, 1.4355,0
 0.2975, 0.0000, 50.2874, 3.1415,-0.6358, 12.8696, 4.6799, 1.6008, 1.4355,0
 0.2918, 0.0000, 50.4131, 3.1415,-0.5819, 12.6267, 3.7346, 1.5217, 1.4355,0
 0.2867, 0.0000, 50.5356, 3.1415,-0.5226, 12.3275,-4.6799, 1.4355, 1.4355,0
 0.2818, 0.0000, 50.6550, 3.1415,-0.4986, 12.0159,-4.6799, 1.3570, 1.4355,0
 0.2770, 0.0000, 50.7744, 3.1415,-0.4817, 11.9536,-4.6799, 1.3733, 1.4355,0
 0.2729, 0.0000, 50.8906, 3.1415,-0.4298, 11.6894,-4.6799, 1.3307, 1.4355,0
 0.2692, 0.0000, 51.0069, 3.1415,-0.3830, 11.6372,-4.6799, 1.3663, 1.4355,0
 0.2655, 0.0000, 51.1168, 3.1415,-0.3676, 11.1238,-4.6799, 1.2591, 1.4355,0
 0.2622, 0.0000, 51.2236, 3.1415,-0.3403, 10.7699,-4.6799, 1.2109, 1.4355,0
 0.2595, 0.0000, 51.3304, 3.1415,-0.2863, 10.6992,-4.6799, 1.2547, 1.4355,0
 0.2571, 0.0000, 51.4310, 3.1415,-0.2452, 10.1821,-4.6799, 1.1683, 1.4355,0
 0.2549, 0.0000, 51.5315, 3.1415,-0.2248, 10.0787,-4.6799, 1.2066, 1.4355,0
 0.2528, 0.0000, 51.6257, 3.1415,-0.2147, 9.5557,-4.6799, 1.1283, 1.4355,0
 0.2510, 0.0000, 51.7200, 3.1415,-0.1824, 9.4508,-4.6799, 1.1671, 1.4355,0
 0.2495, 0.0000, 51.8080, 3.1415,-0.1577, 8.9272,-4.6799, 1.0954, 1.4355,0
 0.2482, 0.0000, 51.8959, 3.1415,-0.1406, 8.8227,-4.6799, 1.1326, 1.4355,0
 0.2469, 0.0000, 51.9776, 3.1415,-0.1312, 8.2992,-4.6799, 1.0654, 1.4355,0
 0.2458, 0.0000, 52.0593, 3.1415,-0.1111, 8.1939,-4.6799, 1.0988, 1.4355,0
 0.2449, 0.0000, 52.1347, 3.1415,-0.0949, 7.6705,-1.8039, 1.0348, 1.4355,0
 0.2441, 0.0000, 52.2101, 3.1415,-0.0856, 7.5662, 0.2486, 1.0637, 1.4355,0
 0.2437, 0.0000, 52.2823, 3.1415,-0.0474, 7.2938, 4.5448, 1.0546, 1.4355,0
 0.2436, 0.0000, 52.3515, 3.1415,-0.0155, 6.9879, 4.6799, 1.0374, 1.4355,0
 0.2438, 0.0000, 52.4206, 3.1415, 0.0150, 6.9264, 4.6799, 1.0677, 1.4355,0
 0.2443, 0.0000, 52.4865, 3.1415, 0.0393, 6.6636, 4.6799, 1.0564, 1.4355,0
 0.2452, 0.0000, 52.5525, 3.1415, 0.0806, 6.6107, 4.6799, 1.0833, 1.4355,0
 0.2464, 0.0000, 52.6153, 3.1415, 0.1131, 6.3483, 4.6799, 1.0687, 1.4355,0
 0.2480, 0.0000, 52.6750, 3.1415, 0.1499, 6.0450, 4.6799, 1.0457, 1.4355,0
 0.2498, 0.0000, 52.7379, 3.1415, 0.1694, 6.2355, 4.6799, 1.1075, 1.4355,0
 0.2518, 0.0000, 52.7944, 3.1415, 0.1975, 5.7710, 4.6799, 1.0537, 1.4355,0
 0.2539, 0.0000, 52.8541, 3.1415, 0.2092, 5.9289, 4.6799, 1.1032, 1.4355,0
 0.2564, 0.0000, 52.9075, 3.1415, 0.2358, 5.4585, 4.6799, 1.0474, 1.4355,0
 0.2589, 0.0000, 52.9641, 3.1415, 0.2533, 5.6156, 4.6799, 1.0902, 1.4355,0
 0.2619, 0.0000, 53.0175, 3.1415, 0.2871, 5.3955, 4.6799, 1.0718, 1.4355,0
 0.2650, 0.0000, 53.0740, 3.1415, 0.3060, 5.6030, 4.6799, 1.1181, 1.4355,0
 0.2681, 0.0000, 53.1274, 3.1415, 0.3098, 5.3930, 4.6799, 1.0973, 1.4355,0
 0.2714, 0.0000, 53.1808, 3.1415, 0.3287, 5.3513, 4.6799, 1.1007, 1.4355,0
 0.2749, 0.0000, 53.2342, 3.1415, 0.3446, 5.3427, 4.6799, 1.1070, 1.4355,0
 0.2786, 0.0000, 53.2876, 3.1415, 0.3599, 5.3413, 4.6799, 1.1123, 1.4355,0
 0.2824, 0.0000, 53.3411, 3.1415, 0.3812, 5.3407,-4.6799, 1.1123, 1.4355,1
 0.2857, 0.0000, 53.3945, 3.1415, 0.3369, 5.3409,-4.6799, 1.1123, 1.4355,1
 0.2890, 0.0000, 53.4447, 3.1415, 0.3341, 5.0891,-4.6799, 1.1123, 1.4355,1
 0.2921, 0.0000, 53.4981, 3.1415, 0.3093, 5.2902,-4.6799, 1.1123, 1.4355,1
 0.2949, 0.0000, 53.5453, 3.1415, 0.2922, 4.8282, 4.6799, 1.0376, 1.4355,0
 0.2977, 0.0000, 53.5955, 3.1415, 0.2767, 4.9866, 4.6799, 1.0535, 1.4355,0
 0.3004, 0.0000, 53.6458, 3.1415, 0.2736, 5.0189, 4.6799, 1.0503, 1.4355,0
 0.3031, 0.0000, 53.6992, 3.1415, 0.2730, 5.2762, 4.6799, 1.0774, 1.4355,0
 0.3059, 0.0000, 53.7495, 3.1415, 0.2789, 5.0762, 4.6799, 1.0371, 1.4355,0
 0.3088, 0.0000, 53.8060, 3.1415, 0.2861, 5.5394, 4.6799, 1.0912, 1.4355,0
 0.3116, 0.0000, 53.8594, 3.1415, 0.2815, 5.3800, 4.6799, 1.0510, 1.4355,0
 0.3142, 0.0000, 53.9160, 3.1415, 0.2624, 5.6002, 4.6799, 1.0661, 1.4355,0
 0.3168, 0.0000, 53.9725, 3.1415, 0.2647, 5.6439, 4.6799, 1.0522, 1.4355,0
 0.3196, 0.0000, 54.0322, 3.1415, 0.2712, 5.9038, 4.6799, 1.0702, 1.4355,0
 0.3222, 0.0000, 54.0919, 3.1415, 0.2664, 5.9561, 4.6799, 1.0528, 1.4355,0
 0.3246, 0.0000, 54.1547, 3.1415, 0.2473, 6.2174, 4.6799, 1.0677, 1.4355,0
 0.3271, 0.0000, 54.2207, 3.1415, 0.2495, 6.5218, 4.6799, 1.0886, 1.4355,0
 0.3294, 0.0000, 54.2867, 3.1415, 0.2318, 6.5820, 4.6799, 1.0642, 1.4355,0
 0.3315, 0.0000, 54.3526, 3.1415, 0.2161, 6.5944, 4.6799, 1.0290, 1.4355,0
 0.3335, 0.0000, 54.4249, 3.1415, 0.2008, 7.0989, 4.6799, 1.0826, 1.4355,0
 0.3351, 0.0000, 54.4972, 3.1415, 0.1675, 7.2007, 4.6799, 1.0579, 1.4355,0
 0.3365, 0.0000, 54.5694, 3.1415, 0.1426, 7.2201, 4.6799, 1.0150, 1.4355,0
 0.3375, 0.0000, 54.6480, 3.1415, 0.1134, 7.7276,-0.0184, 1.0686, 1.4355,0
 0.3383, 0.0000, 54.7265, 3.1415, 0.0833, 7.8287,-1.2877, 1.0366, 1.4355,0
 0.3387, 0.0000, 54.8082, 3.1415, 0.0530, 8.0998,-4.6799, 1.0397, 1.4355,0
 0.3389, 0.0000, 54.8930, 3.1415, 0.0227, 8.4058,-4.6799, 1.0500, 1.4355,0
 0.3387, 0.0000, 54.9810, 3.1415,-0.0075, 8.7185,-4.6799, 1.0619, 1.4355,0
 0.3381, 0.0000, 55.0721, 3.1415,-0.0500, 9.0325,-4.6799, 1.0746, 1.4355,0
 0.3372, 0.0000, 55.1663, 3.1415,-0.0827, 9.3458,-4.6799, 1.0882, 1.4355,0
 0.3359, 0.0000, 55.2637, 3.1415,-0.1196, 9.6603,-4.6799, 1.1039, 1.4355,0
 0.3343, 0.0000, 55.3642, 3.1415,-0.1573, 9.9743,-4.6799, 1.1222, 1.4355,0
 0.3320, 0.0000, 55.4679, 3.1415,-0.2133, 10.2889,-4.6799, 1.1440, 1.4355,0
 0.3293, 0.0000, 55.5747, 3.1415,-0.2609, 10.6030,-4.6799, 1.1703, 1.4355,0
 0.3261, 0.0000, 55.6847, 3.1415,-0.3068, 10.9172,-4.6799, 1.2022, 1.4355,0
 0.3224, 0.0000, 55.7978, 3.1415,-0.3524, 11.2310,-4.6799, 1.2408, 1.4355,0
 0.3184, 0.0000, 55.9140, 3.1415,-0.3979, 11.5455,-4.6799, 1.2879, 1.4355,0
 0.3139, 0.0000, 56.0334, 3.1415,-0.4373, 11.8595,-4.6799, 1.3442, 1.4355,0
 0.3090, 0.0000, 56.1559, 3.1415,-0.4815, 12.1735,-4.6799, 1.4113, 1.4355,0
 0.3038, 0.0000, 56.2784, 3.1415,-0.5086, 12.2363,-4.6799, 1.4041, 1.4355,0
 0.2985, 0.0000, 56.4041, 3.1415,-0.5261, 12.5003, 1.0370, 1.4770, 1.4355,0
 0.2931, 0.0000, 56.5298, 3.1415,-0.5357, 12.5531, 0.6785, 1.4881, 1.4355,0
 0.2879, 0.0000, 56.6554, 3.1415,-0.5255, 12.5637,-0.1420, 1.4958, 1.4355,0
 0.2828, 0.0000, 56.7780, 3.1415,-0.5113, 12.3143,-4.6799, 1.4237, 1.4355,0
 0.2780, 0.0000, 56.9005, 3.1415,-0.4842, 12.2648,-4.6799, 1.4318, 1.4355,0
 0.2736, 0.0000, 57.0230, 3.1415,-0.4545, 12.2545,-4.6799, 1.4636, 1.4355,0
 0.2696, 0.0000, 57.1392, 3.1415,-0.4062, 11.7499,-4.6799, 1.3364, 1.4355,0
 0.2663, 0.0000, 57.2555, 3.1415,-0.3480, 11.6493,-4.6799, 1.3538, 1.4355,0
 0.2635, 0.0000, 57.3654, 3.1415,-0.2939, 11.1262,-4.6799, 1.2415, 1.4355,0
 0.2613, 0.0000, 57.4754, 3.1415,-0.2346, 11.0219,-4.6799, 1.2696, 1.4355,0
 0.2597, 0.0000, 57.5791, 3.1415,-0.1742, 10.4978,-4.6799, 1.1734, 1.4355,0
 0.2586, 0.0000, 57.6796, 3.1415,-0.1197, 10.1424,-4.6799, 1.1344, 1.4355,0
 0.2582, 0.0000, 57.7770, 3.1415,-0.0603, 9.8196,-4.6799, 1.1088, 1.4355,0
 0.2581, 0.0000, 57.8681, 3.1415,-0.0181, 9.2521,-4.6799, 1.0198, 1.4355,0
 0.2584, 0.0000, 57.9592, 3.1415, 0.0206, 9.1389,-4.6799, 1.0547, 1.4355,0
 0.2592, 0.0000, 58.0472, 3.1415, 0.0647, 8.8648,-4.6799, 1.0483, 1.4355,0
 0.2601, 0.0000, 58.1320, 3.1415, 0.0857, 8.5588,-4.6799, 1.0345, 1.4355,0
 0.2613, 0.0000, 58.2137, 3.1415, 0.1141, 8.2465,-4.6799, 1.0196, 1.4355,0
 0.2627, 0.0000, 58.2922, 3.1415, 0.1380, 7.9325,-4.6799, 1.0044, 1.4355,0
 0.2644, 0.0000, 58.3676, 3.1415, 0.1609, 7.6183,-4.6799, 0.9889, 1.4355,0
 0.2663, 0.0000, 58.4399, 3.1415, 0.1837, 7.3039,-2.5119, 0.9730, 1.4355,0
 0.2683, 0.0000, 58.5090, 3.1415, 0.2004, 6.9902, 2.3008, 0.9568, 1.4355,0
 0.2705, 0.0000, 58.5781, 3.1415, 0.2098, 6.9269, 3.5130, 0.9896, 1.4355,0
 0.2726, 0.0000, 58.6409, 3.1415, 0.2178, 6.4122, 4.6799, 0.9333, 1.4355,0
 0.2749, 0.0000, 58.7038, 3.1415, 0.2254, 6.3089, 4.6799, 0.9533, 1.4355,0
 0.2771, 0.0000, 58.7634, 3.1415, 0.2209, 6.0368, 4.6799, 0.9413, 1.4355,0
 0.2793, 0.0000, 58.8200, 3.1415, 0.2200, 5.7309, 4.6799, 0.9227, 1.4355,0
 0.2814, 0.0000, 58.8734, 3.1415, 0.2137, 5.4189, 4.6799, 0.9026, 1.4355,0
 0.2836, 0.0000, 58.9268, 3.1415, 0.2125, 5.3562, 4.6799, 0.9204, 1.4355,0
 0.2857, 0.0000, 58.9771, 3.1415, 0.2122, 5.0928, 4.6799, 0.9062, 1.4355,0
 0.2877, 0.0000, 59.0242, 3.1415, 0.2001, 4.7884, 4.6799, 0.8856, 1.4355,0
 0.2897, 0.0000, 59.0713, 3.1415, 0.2037, 4.7272, 4.6799, 0.8977, 1.4355,0
 0.2917, 0.0000, 59.1153, 3.1415, 0.1983, 4.4641, 4.6799, 0.8816, 1.4355,0
 0.2935, 0.0000, 59.1593, 3.1415, 0.1851, 4.4115, 4.6799, 0.8916, 1.4355,0
 0.2952, 0.0000, 59.2001, 3.1415, 0.1764, 4.1495, 4.6799, 0.8746, 1.4355,0
 0.2968, 0.0000, 59.2378, 3.1415, 0.1626, 3.8456, 4.6799, 0.8529, 1.4355,0
 0.2983, 0.0000, 59.2755, 3.1415, 0.1537, 3.7854, 4.6799, 0.8578, 1.4355,0
 0.2996, 0.0000, 59.3101, 3.1415, 0.1338, 3.5213, 4.6799, 0.8404, 1.4355,0
 0.3009, 0.0000, 59.3446, 3.1415, 0.1298, 3.4688, 4.6799, 0.8441, 1.4355,0
 0.3020, 0.0000, 59.3761, 3.1415, 0.1108, 3.2072, 4.6799, 0.8269, 1.4355,0
 0.3030, 0.0000, 59.4075, 3.1415, 0.1070, 3.1545, 4.6799, 0.8288, 1.4355,0
 0.3040, 0.0000, 59.4389, 3.1415, 0.0941, 3.1443, 4.6799, 0.8339, 1.4355,0
 0.3049, 0.0000, 59.4672, 3.1415, 0.0915, 2.8911, 4.6799, 0.8173, 1.4355,0
 0.3057, 0.0000, 59.4986, 3.1415, 0.0850, 3.0910, 4.6799, 0.8387, 1.4355,0
 0.3065, 0.0000, 59.5237, 3.1415, 0.0836, 2.6290, 4.6799, 0.8049, 1.4355,0
 0.3072, 0.0000, 59.5520, 3.1415, 0.0713, 2.7874, 4.6799, 0.8200, 1.4355,0
 0.3077, 0.0000, 59.5771, 3.1415, 0.0567, 2.5686, 4.6799, 0.8058, 1.4355,0
 0.3082, 0.0000, 59.6022, 3.1415, 0.0477, 2.5242,-4.6799, 0.8058, 1.4355,1
 0.3086, 0.0000, 59.6274, 3.1415, 0.0398, 2.5153,-4.6799, 0.8058, 1.4355,1
 0.3089, 0.0000, 59.6525, 3.1415, 0.0322, 2.5138,-4.6799, 0.8058, 1.4355,1
 0.3091, 0.0000, 59.6776, 3.1415, 0.0246, 2.5132,-4.6799, 0.8058, 1.4355,1
 0.3093, 0.0000, 59.7028, 3.1415, 0.0170, 2.5131,-4.6799, 0.8058, 1.4355,1
 0.3093, 0.0000, 59.7279, 3.1415, 0.0094, 2.5131,-4.6799, 0.8058, 1.4355,1
 0.3093, 0.0000, 59.7499, 3.1415, 0.0018, 2.2619,-4.6799, 0.8058, 1.4355,1
 0.3093, 0.0000, 59.7750, 3.1415, 0.0003, 2.4631,-4.6799, 0.8058, 1.4355,1
 0.3093, 0.0000, 59.7970, 3.1415, 0.0000, 2.2519, 4.6799, 0.7849, 1.4355,0
 0.3093, 0.0000, 59.8222, 3.1415, 0.0000, 2.4608, 4.6799, 0.7966, 1.4355,0
 0.3093, 0.0000, 59.8473, 3.1415, 0.0000, 2.5026, 4.6799, 0.7969, 1.4355,0
 0.3093, 0.0000, 59.8724, 3.1415, 0.0000, 2.5113, 4.6799, 0.7944, 1.4355,0
 0.3093, 0.0000, 59.8976, 3.1415,-0.0060, 2.5127, 4.6799, 0.7911, 1.4355,0
 0.3093, 0.0000, 59.9258, 3.1415,-0.0012, 2.7648, 4.6799, 0.8052, 1.4355,0
 0.3093, 0.0000, 59.9541, 3.1415, 0.0058, 2.8146, 4.6799, 0.8041, 1.4355,0
 0.3093, 0.0000, 59.9792, 3.1415, 0.0011, 2.5734, 4.6799, 0.7810, 1.4355,0
 0.3093, 0.0000, 60.0107, 3.1415, 0.0002, 3.0281, 4.6799, 0.8099, 1.4355,0
 0.3093, 0.0000, 60.0389, 3.1415, 0.0000, 2.8675, 4.6799, 0.7899, 1.4355,0
 0.3093, 0.0000, 60.0703, 3.1415, 0.0000, 3.0869, 4.6799, 0.8002, 1.4355,0
 0.3093, 0.0000, 60.1018, 3.1415, 0.0000, 3.1305, 4.6799, 0.7953, 1.4355,0
 0.3093, 0.0000, 60.1363, 3.1415, 0.0000, 3.3906, 4.6799, 0.8087, 1.4355,0
 0.3093, 0.0000, 60.1709, 3.1415, 0.0000, 3.4427, 4.6799, 0.8026, 1.4355,0
 0.3093, 0.0000, 60.2054, 3.1415, 0.0000, 3.4531, 4.6799, 0.7918, 1.4355,0
 0.3093, 0.0000, 60.2431, 3.1415, 0.0000, 3.7066, 4.6799, 0.8034, 1.4355,0
 0.3093, 0.0000, 60.2840, 3.1415, 0.0000, 4.0082, 4.6799, 0.8201, 1.4355,0
 0.3093, 0.0000, 60.3248, 3.1415, 0.0000, 4.0691, 4.6799, 0.8100, 1.4355,0
 0.3093, 0.0000, 60.3657, 3.1415, 0.0000, 4.0810, 4.6799, 0.7935, 1.4355,0
 0.3093, 0.0000, 60.4096, 3.1415, 0.0000, 4.3348, 4.6799, 0.8032, 1.4355,0
 0.3093, 0.0000, 60.4568, 3.1415, 0.0000, 4.6368, 4.6799, 0.8182, 1.4355,0
 0.3093, 0.0000, 60.5039, 3.1415, 0.0000, 4.6975, 4.6799, 0.8021, 1.4355,0
 0.3093, 0.0000, 60.5541, 3.1415,-0.0060, 4.9604, 4.6799, 0.8108, 1.4355,0
 0.3093, 0.0000, 60.6076, 3.1415,-0.0012, 5.2645, 4.6799, 0.8245, 1.4355,0
 0.3092, 0.0000, 60.6641, 3.1415,-0.0063, 5.5768, 4.6799, 0.8390, 1.4355,0
 0.3091, 0.0000, 60.7207, 3.1415,-0.0073, 5.6392, 4.6799, 0.8146, 1.4355,0
 0.3090, 0.0000, 60.7803, 3.1415,-0.0075, 5.9032, 4.6799, 0.8198, 1.4355,0
 0.3089, 0.0000, 60.8432, 3.1415,-0.0136, 6.2072, 4.6799, 0.8307, 1.4355,0
 0.3086, 0.0000, 60.9092, 3.1415,-0.0269, 6.5194, 4.6799, 0.8425, 1.4355,0
 0.3082, 0.0000, 60.9783, 3.1415,-0.0357, 6.8327, 4.6799, 0.8539, 1.4355,0
 0.3077, 0.0000, 61.0474, 3.1415,-0.0435, 6.8957, 3.3760, 0.8179, 1.4355,0
 0.3071, 0.0000, 61.1228, 3.1415,-0.0632, 7.4109,-2.5481, 0.8678, 1.4355,0
 0.3062, 0.0000, 61.1982, 3.1415,-0.0793, 7.5142,-4.6799, 0.8355, 1.4355,0
 0.3052, 0.0000, 61.2799, 3.1415,-0.0946, 8.0375,-4.6799, 0.8909, 1.4355,0
 0.3040, 0.0000, 61.3615, 3.1415,-0.1159, 8.1416,-4.6799, 0.8559, 1.4355,0
 0.3025, 0.0000, 61.4464, 3.1415,-0.1444, 8.4142,-4.6799, 0.8588, 1.4355,0
 0.3007, 0.0000, 61.5343, 3.1415,-0.1744, 8.7201,-4.6799, 0.8707, 1.4355,0
 0.2986, 0.0000, 61.6286, 3.1415,-0.2046, 9.2840,-4.6799, 0.9486, 1.4355,0
 0.2960, 0.0000, 61.7228, 3.1415,-0.2470, 9.3961,-4.6799, 0.9160, 1.4355,0
 0.2930, 0.0000, 61.8202, 3.1415,-0.2858, 9.6703,-4.6799, 0.9282, 1.4355,0
 0.2896, 0.0000, 61.9239, 3.1415,-0.3300, 10.2281,-4.6799, 1.0227, 1.4355,0
 0.2859, 0.0000, 62.0276, 3.1415,-0.3631, 10.3393,-4.6799, 0.9985, 1.4355,0
 0.2817, 0.0000, 62.1375, 3.1415,-0.4061, 10.8642,-4.6799, 1.1005, 1.4355,0
 0.2772, 0.0000, 62.2475, 3.1415,-0.4450, 10.9692,-4.6799, 1.0855, 1.4355,0
 0.2723, 0.0000, 62.3606, 3.1415,-0.4831, 11.2420,-4.6799, 1.1295, 1.4355,0
 0.2671, 0.0000, 62.4768, 3.1415,-0.5089, 11.5471,-4.6799, 1.1933, 1.4355,0
 0.2617, 0.0000, 62.5930, 3.1415,-0.5383, 11.6087,-4.6799, 1.1889, 1.4355,0
 0.2561, 0.0000, 62.7124, 3.1415,-0.5563, 11.8722,-4.6799, 1.2603, 1.4355,0
 0.2505, 0.0000, 62.8287, 3.1415,-0.5538, 11.6737,-4.6799, 1.1897, 1.4355,0
 0.2451, 0.0000, 62.9480, 3.1415,-0.5473, 11.8852,-4.6799, 1.2643, 1.4355,0
 0.2398, 0.0000, 63.0643, 3.1415,-0.5339, 11.6757,-4.6799, 1.2097, 1.4355,0
 0.2347, 0.0000, 63.1805, 3.1415,-0.5130, 11.6344,-4.6799, 1.2201, 1.4355,0
 0.2301, 0.0000, 63.2936, 3.1415,-0.4724, 11.3744,-4.6799, 1.1684, 1.4355,0
 0.2259, 0.0000, 63.4067, 3.1415,-0.4279, 11.3230,-4.6799, 1.1923, 1.4355,0
 0.2222, 0.0000, 63.5135, 3.1415,-0.3827, 10.8092,-4.6799, 1.0781, 1.4355,0
 0.2190, 0.0000, 63.6172, 3.1415,-0.3312, 10.4559,-4.6799, 1.0227, 1.4355,0
 0.2163, 0.0000, 63.7209, 3.1415,-0.2784, 10.3852,-4.6799, 1.0574, 1.4355,0
 0.2142, 0.0000, 63.8183, 3.1415,-0.2254, 9.8678,-4.6799, 0.9671, 1.4355,0
 0.2127, 0.0000, 63.9125, 3.1415,-0.1663, 9.5135,-4.6799, 0.9290, 1.4355,0
 0.2116, 0.0000, 64.0036, 3.1415,-0.1242, 9.1912,-4.6799, 0.9037, 1.4355,0
 0.2110, 0.0000, 64.0916, 3.1415,-0.0733, 8.8749,-4.6799, 0.8829, 1.4355,0
 0.2107, 0.0000, 64.1764, 3.1415,-0.0328, 8.5608,-4.6799, 0.8649, 1.4355,0
 0.2109, 0.0000, 64.2581, 3.1415, 0.0055, 8.2472,-4.6799, 0.8488, 1.4355,0
 0.2113, 0.0000, 64.3366, 3.1415, 0.0314, 7.9324,-4.6799, 0.8335, 1.4355,0
 0.2119, 0.0000, 64.4120, 3.1415, 0.0547, 7.6185,-4.6799, 0.8193, 1.4355,0
 0.2128, 0.0000, 64.4811, 3.1415, 0.0837, 7.0528,-4.6799, 0.7527, 1.4355,0
 0.2138, 0.0000, 64.5503, 3.1415, 0.1016, 6.9397,-4.6799, 0.7798, 1.4355,0
 0.2150, 0.0000, 64.6162, 3.1415, 0.1173, 6.6656,-0.7413, 0.7742, 1.4355,0
 0.2163, 0.0000, 64.6791, 3.1415, 0.1265, 6.3593, 4.6799, 0.7621, 1.4355,0
 0.2177, 0.0000, 64.7419, 3.1415, 0.1344, 6.2987, 4.6799, 0.7944, 1.4355,0
 0.2191, 0.0000, 64.7984, 3.1415, 0.1420, 5.7836, 4.6799, 0.7451, 1.4355,0
 0.2206, 0.0000, 64.8550, 3.1415, 0.1436, 5.6806, 4.6799, 0.7656, 1.4355,0
 0.2220, 0.0000, 64.9053, 3.1415, 0.1439, 5.1571, 4.6799, 0.7182, 1.4355,0
 0.2234, 0.0000, 64.9555, 3.1415, 0.1379, 5.0530, 4.6799, 0.7345, 1.4355,0
 0.2247, 0.0000, 65.0026, 3.1415, 0.1367, 4.7801, 4.6799, 0.7253, 1.4355,0
 0.2260, 0.0000, 65.0466, 3.1415, 0.1304, 4.4747, 4.6799, 0.7114, 1.4355,0
 0.2273, 0.0000, 65.0875, 3.1415, 0.1230, 4.1621, 4.6799, 0.6967, 1.4355,0
 0.2285, 0.0000, 65.1252, 3.1415, 0.1216, 3.8481, 4.6799, 0.6821, 1.4355,0
 0.2296, 0.0000, 65.1629, 3.1415, 0.1152, 3.7859, 4.6799, 0.6955, 1.4355,0
 0.2307, 0.0000, 65.1974, 3.1415, 0.1079, 3.5214, 4.6799, 0.6861, 1.4355,0
 0.2316, 0.0000, 65.2288, 3.1415, 0.0943, 3.2177, 4.6799, 0.6730, 1.4355,0
 0.2325, 0.0000, 65.2603, 3.1415, 0.0916, 3.1569, 4.6799, 0.6826, 1.4355,0
 0.2332, 0.0000, 65.2885, 3.1415, 0.0789, 2.8933, 4.6799, 0.6733, 1.4355,0
 0.2338, 0.0000, 65.3137, 3.1415, 0.0642, 2.5891, 4.6799, 0.6612, 1.4355,0
 0.2343, 0.0000, 65.3357, 3.1415, 0.0492, 2.2774, 4.6799, 0.6495, 1.4355,0
 0.2347, 0.0000, 65.3576, 3.1415, 0.0401, 2.2145, 4.6799, 0.6548, 1.4355,0
 0.2349, 0.0000, 65.3765, 3.1415, 0.0262, 1.9504, 4.6799, 0.6471, 1.4355,0
 0.2351, 0.0000, 65.3922, 3.1415, 0.0173, 1.6474, 4.6799, 0.6381, 1.4355,0
 0.2351, 0.0000, 65.4079, 3.1415, 0.0034, 1.5855, 4.6799, 0.6415, 1.4355,0
 0.2351, 0.0000, 65.4236, 3.1415, 0.0006, 1.5738, 4.6799, 0.6469, 1.4355,0
 0.2350, 0.0000, 65.4330, 3.1415,-0.0059, 1.0685, 3.3804, 0.6317, 1.4355,0
 0.2349, 0.0000, 65.4425, 3.1415,-0.0072, 0.9681,-0.3719, 0.6323, 1.4355,0
 0.2348, 0.0000, 65.4519, 3.1415,-0.0135, 0.9474,-1.6798, 0.6352, 1.4355,0
 0.2346, 0.0000, 65.4582, 3.1415,-0.0148, 0.6924,-3.5601, 0.6315, 1.4355,0
 0.2344, 0.0000, 65.4645, 3.1415,-0.0211, 0.6408,-4.6799, 0.6328, 1.4355,0
 0.2342, 0.0000, 65.4676, 3.1415,-0.0163, 0.3796,-4.6799, 0.6301, 1.4355,0
 0.2339, 0.0000, 65.4707, 3.1415,-0.0275, 0.3273,-4.6799, 0.6307, 1.4355,0
 0.2337, 0.0000, 65.4707, 3.1415,-0.0236, 0.0654,-4.6799, 0.6293, 1.4355,0
 0.2335, 0.0000, 65.4707, 3.1415,-0.0229, 0.0130,-4.6799, 0.6292, 1.4355,0
 0.2332, 0.0000, 65.4676, 3.1415,-0.0288,-0.2488,-4.6799, 0.6290, 1.4355,0
 0.2329, 0.0000, 65.4645, 3.1415,-0.0239,-0.3012,-4.6799, 0.6283, 1.4355,0
 0.2326, 0.0000, 65.4613, 3.1415,-0.0290,-0.3117,-4.6799, 0.6273, 1.4355,0
 0.2324, 0.0000, 65.4550, 3.1415,-0.0239,-0.5652,-4.6799, 0.6282, 1.4355,0
 0.2321, 0.0000, 65.4456, 3.1415,-0.0290,-0.8662,-4.6799, 0.6308, 1.4355,0
 0.2319, 0.0000, 65.4362, 3.1415,-0.0240,-0.9276,-4.6799, 0.6289, 1.4355,0
 0.2316, 0.0000, 65.4236, 3.1415,-0.0290,-1.1907,-4.6799, 0.6321, 1.4355,0
 0.2313, 0.0000, 65.4111, 3.1415,-0.0300,-1.2434,-4.6799, 0.6291, 1.4355,0
 0.2310, 0.0000, 65.3985, 3.1415,-0.0302,-1.2539,-4.6799, 0.6246, 1.4355,0
 0.2307, 0.0000, 65.3828, 3.1415,-0.0303,-1.5074,-4.6799, 0.6282, 1.4355,0
 0.2304, 0.0000, 65.3639, 3.1415,-0.0303,-1.8096,-4.6799, 0.6346, 1.4355,0
 0.2301, 0.0000, 65.3451, 3.1415,-0.0303,-1.8701,-4.6799, 0.6299, 1.4355,0
 0.2298, 0.0000, 65.3231, 3.1415,-0.0242,-2.1330,-4.6799, 0.6352, 1.4355,0
 0.2295, 0.0000, 65.3011, 3.1415,-0.0291,-2.1856,-4.6799, 0.6287, 1.4355,0
 0.2293, 0.0000, 65.2760, 3.1415,-0.0240,-2.4476,-4.6799, 0.6342, 1.4355,0
 0.2291, 0.0000, 65.2508, 3.1415,-0.0229,-2.5000,-4.6799, 0.6261, 1.4355,0
 0.2288, 0.0000, 65.2194, 3.1415,-0.0227,-3.0134,-4.6799, 0.6505, 1.4355,0
 0.2287, 0.0000, 65.1911, 3.1415,-0.0166,-2.8646,-4.6799, 0.6242, 1.4355,0
 0.2285, 0.0000, 65.1566, 3.1415,-0.0154,-3.3378,-4.6799, 0.6475, 1.4355,0
 0.2284, 0.0000, 65.1220, 3.1415,-0.0152,-3.4318,-4.6799, 0.6380, 1.4355,0
 0.2283, 0.0000, 65.0875, 3.1415,-0.0091,-3.4512,-4.6799, 0.6209, 1.4355,0
 0.2283, 0.0000, 65.0466, 3.1415,-0.0018,-3.9574,-4.6799, 0.6504, 1.4355,0
 0.2283, 0.0000, 65.0058, 3.1415,-0.0003,-4.0587,-4.6799, 0.6379, 1.4355,0
 0.2283, 0.0000, 64.9618, 3.1415,-0.0000,-4.3304,-4.6799, 0.6434, 1.4355,0
 0.2284, 0.0000, 64.9147, 3.1415, 0.0060,-4.6356,-4.6799, 0.6527, 1.4355,0
 0.2285, 0.0000, 64.8676, 3.1415, 0.0072,-4.6972,-4.6799, 0.6308, 1.4355,0
 0.2285, 0.0000, 64.8142, 3.1415, 0.0075,-5.2119,-4.6799, 0.6675, 1.4355,0
 0.2288, 0.0000, 64.7607, 3.1415, 0.0196,-5.3148,-4.6799, 0.6471, 1.4355,0
 0.2289, 0.0000, 64.7042, 3.1415, 0.0160,-5.5868,-4.6799, 0.6502, 1.4355,0
 0.2292, 0.0000, 64.6445, 3.1415, 0.0274,-5.8927,-4.6799, 0.6581, 1.4355,0
 0.2297, 0.0000, 64.5817, 3.1415, 0.0418,-6.2054,-4.6799, 0.6670, 1.4355,0
 0.2301, 0.0000, 64.5157, 3.1415, 0.0447,-6.5187,-4.6799, 0.6759, 1.4355,0
 0.2308, 0.0000, 64.4466, 3.1415, 0.0635,-6.8329,-4.6799, 0.6852, 1.4355,0
 0.2316, 0.0000, 64.3775, 3.1415, 0.0794,-6.8957,-4.6799, 0.6476, 1.4355,0
 0.2326, 0.0000, 64.3021, 3.1415, 0.0947,-7.4106,-4.6799, 0.6967, 1.4355,0
 0.2339, 0.0000, 64.2235, 3.1415, 0.1220,-7.7656,-4.0183, 0.7163, 1.4355,0
 0.2354, 0.0000, 64.1418, 3.1415, 0.1396,-8.0875, 4.6799, 0.7305, 1.4355,0
 0.2372, 0.0000, 64.0602, 3.1415, 0.1734,-8.1519, 4.6799, 0.6892, 1.4355,0
 0.2392, 0.0000, 63.9722, 3.1415, 0.1983,-8.6674, 4.6799, 0.7521, 1.4355,0
 0.2416, 0.0000, 63.8842, 3.1415, 0.2276,-8.7711, 4.6799, 0.7212, 1.4355,0
 0.2443, 0.0000, 63.7900, 3.1415, 0.2638,-9.2935, 4.6799, 0.7962, 1.4355,0
 0.2474, 0.0000, 63.6926, 3.1415, 0.3013,-9.6498, 4.6799, 0.8356, 1.4355,0
 0.2509, 0.0000, 63.5952, 3.1415, 0.3391,-9.7214, 4.6799, 0.8042, 1.4355,0
 0.2547, 0.0000, 63.4915, 3.1415, 0.3710,-10.2383, 4.6799, 0.9001, 1.4355,0
 0.2588, 0.0000, 63.3847, 3.1415, 0.4016,-10.5922, 4.6799, 0.9596, 1.4355,0
 0.2633, 0.0000, 63.2779, 3.1415, 0.4380,-10.6636, 4.6799, 0.9441, 1.4355,0
 0.2680, 0.0000, 63.1711, 3.1415, 0.4635,-10.6779, 4.6799, 0.9191, 1.4355,0
 0.2728, 0.0000, 63.0580, 3.1415, 0.4807,-11.1831, 4.6799, 1.0510, 1.4355,0
 0.2778, 0.0000, 62.9480, 3.1415, 0.4963,-11.0330, 4.6799, 0.9909, 1.4355,0
 0.2828, 0.0000, 62.8349, 3.1415, 0.4994,-11.2547, 4.6799, 1.0552, 1.4355,0
 0.2877, 0.0000, 62.7219, 3.1415, 0.4940,-11.2984, 4.6799, 1.0734, 1.4355,0
 0.2925, 0.0000, 62.6119, 3.1415, 0.4807,-11.0560, 4.6799, 1.0105, 1.4355,0
 0.2970, 0.0000, 62.5019, 3.1415, 0.4538,-11.0079, 4.6799, 1.0170, 1.4355,0
 0.3011, 0.0000, 62.3951, 3.1415, 0.4182,-10.7468, 4.6799, 0.9662, 1.4355,0
 0.3048, 0.0000, 62.2883, 3.1415, 0.3807,-10.6945, 4.6799, 0.9866, 1.4355,0
 0.3080, 0.0000, 62.1878, 3.1415, 0.3368,-10.1812, 4.6799, 0.8769, 1.4355,0
 0.3108, 0.0000, 62.0872, 3.1415, 0.2917,-10.0785, 4.6799, 0.8940, 1.4355,0
 0.3131, 0.0000, 61.9930, 3.1415, 0.2402,-9.5556, 4.6799, 0.7984, 1.4355,0
 0.3150, 0.0000, 61.8987, 3.1415, 0.1996,-9.4511, 4.6799, 0.8229, 1.4355,0
 0.3163, 0.0000, 61.8108, 3.1415, 0.1430,-8.9275, 4.6799, 0.7406, 1.4355,0
 0.3171, 0.0000, 61.7228, 3.1415, 0.0952,-8.8225, 4.6799, 0.7697, 1.4355,0
 0.3175, 0.0000, 61.6411, 3.1415, 0.0493,-8.2986, 4.6799, 0.6976, 1.4355,0
 0.3176, 0.0000, 61.5626, 3.1415, 0.0159,-7.9429, 4.6799, 0.6699, 1.4355,0
 0.3173, 0.0000, 61.4841, 3.1415,-0.0210,-7.8721, 4.6799, 0.7087, 1.4355,0
 0.3167, 0.0000, 61.4118, 3.1415,-0.0527,-7.3544, 3.9917, 0.6493, 1.4355,0
 0.3159, 0.0000, 61.3427, 3.1415,-0.0772,-7.0006,-4.6799, 0.6275, 1.4355,0
 0.3149, 0.0000, 61.2767, 3.1415,-0.0942,-6.6778,-4.6799, 0.6130, 1.4355,0
 0.3137, 0.0000, 61.2107, 3.1415,-0.1098,-6.6135,-4.6799, 0.6484, 1.4355,0
 0.3124, 0.0000, 61.1511, 3.1415,-0.1310,-6.0974,-4.6799, 0.5993, 1.4355,0
 0.3109, 0.0000, 61.0914, 3.1415,-0.1414,-5.9948,-4.6799, 0.6243, 1.4355,0
 0.3094, 0.0000, 61.0380, 3.1415,-0.1495,-5.4711,-4.6799, 0.5779, 1.4355,0
 0.3079, 0.0000, 60.9846, 3.1415,-0.1511,-5.3669,-4.6799, 0.5992, 1.4355,0
 0.3064, 0.0000, 60.9374, 3.1415,-0.1515,-4.8435,-4.6799, 0.5567, 1.4355,0
 0.3048, 0.0000, 60.8903, 3.1415,-0.1576,-4.7385,-4.6799, 0.5745, 1.4355,0
 0.3033, 0.0000, 60.8463, 3.1415,-0.1467,-4.4663,-4.6799, 0.5686, 1.4355,0
 0.3019, 0.0000, 60.8055, 3.1415,-0.1445,-4.1604,-4.6799, 0.5582, 1.4355,0
 0.3005, 0.0000, 60.7678, 3.1415,-0.1380,-3.8478,-4.6799, 0.5472, 1.4355,0
 0.2993, 0.0000, 60.7332, 3.1415,-0.1306,-3.5341,-4.6799, 0.5365, 1.4355,0
 0.2980, 0.0000, 60.7018, 3.1415,-0.1231,-3.2202,-4.6799, 0.5261, 1.4355,0
 0.2969, 0.0000, 60.6735, 3.1415,-0.1155,-2.9060,-4.6799, 0.5162, 1.4355,0
 0.2958, 0.0000, 60.6453, 3.1415,-0.1140,-2.8428,-4.6799, 0.5278, 1.4355,0
 0.2948, 0.0000, 60.6201, 3.1415,-0.1016,-2.5796,-4.6799, 0.5225, 1.4355,0
 0.2938, 0.0000, 60.5981, 3.1415,-0.0991,-2.2749,-4.6799, 0.5143, 1.4355,0
 0.2930, 0.0000, 60.5793, 3.1415,-0.0804,-1.9631,-4.6799, 0.5064, 1.4355,0
 0.2924, 0.0000, 60.5636, 3.1415,-0.0706,-1.6490,-4.6799, 0.4992, 1.4355,0
 0.2918, 0.0000, 60.5510, 3.1415,-0.0565,-1.3350,-4.6799, 0.4930, 1.4355,0
 0.2914, 0.0000, 60.5384, 3.1415,-0.0416,-1.2722,-4.6799, 0.4975, 1.4355,0
 0.2912, 0.0000, 60.5290, 3.1415,-0.0265,-1.0085,-4.6799, 0.4941, 1.4355,0
 0.2911, 0.0000, 60.5227, 3.1415,-0.0174,-0.7046,-4.6799, 0.4902, 1.4355,0
 0.2911, 0.0000, 60.5196, 3.1415,-0.0034,-0.3920,-4.6799, 0.4871, 1.4355,0
 0.2911, 0.0000, 60.5196, 3.1415,-0.0006,-0.0784,-4.6799, 0.4850, 1.4355,0
 0.2912, 0.0000, 60.5196, 3.1415, 0.0119,-0.0156,-4.6799, 0.4849, 1.4355,0
 0.2913, 0.0000, 60.5227, 3.1415, 0.0084, 0.2480,-4.6799, 0.4841, 1.4355,0
 0.2915, 0.0000, 60.5290, 3.1415, 0.0198, 0.5525,-4.6799, 0.4842, 1.4355,0
 0.2917, 0.0000, 60.5353, 3.1415, 0.0221, 0.6128,-4.6799, 0.4818, 1.4355,0
 0.2920, 0.0000, 60.5447, 3.1415, 0.0226, 0.8766,-4.6799, 0.4822, 1.4355,0
 0.2923, 0.0000, 60.5573, 3.1415, 0.0287, 1.1805,-4.6799, 0.4841, 1.4355,0
 0.2926, 0.0000, 60.5730, 3.1415, 0.0300, 1.4931,-3.5052, 0.4872, 1.4355,0
 0.2930, 0.0000, 60.5918, 3.1415, 0.0363, 1.8065,-0.1954, 0.4911, 1.4355,0
 0.2933, 0.0000, 60.6107, 3.1415, 0.0315, 1.8691, 1.6834, 0.4836, 1.4355,0
 0.2936, 0.0000, 60.6327, 3.1415, 0.0366, 2.1328, 3.2601, 0.4857, 1.4355,0
 0.2939, 0.0000, 60.6578, 3.1415, 0.0315, 2.4376, 4.6799, 0.4905, 1.4355,0
 0.2943, 0.0000, 60.6830, 3.1415, 0.0305, 2.4980, 4.6799, 0.4797, 1.4355,0
 0.2945, 0.0000, 60.7144, 3.1415, 0.0243, 3.0127, 4.6799, 0.5003, 1.4355,0
 0.2946, 0.0000, 60.7458, 3.1415, 0.0169, 3.1159, 4.6799, 0.4897, 1.4355,0
 0.2948, 0.0000, 60.7803, 3.1415, 0.0155, 3.3877, 4.6799, 0.4927, 1.4355,0
 0.2949, 0.0000, 60.8149, 3.1415, 0.0152, 3.4421, 4.6799, 0.4757, 1.4355,0
 0.2949, 0.0000, 60.8557, 3.1415, 0.0030, 3.9556, 4.6799, 0.5021, 1.4355,0
 0.2949, 0.0000, 60.8966, 3.1415, 0.0006, 4.0586, 4.6799, 0.4865, 1.4355,0
 0.2949, 0.0000, 60.9437, 3.1415, 0.0001, 4.5815, 4.6799, 0.5179, 1.4355,0
 0.2948, 0.0000, 60.9908, 3.1415,-0.0121, 4.6858, 4.6799, 0.4990, 1.4355,0
 0.2946, 0.0000, 61.0411, 3.1415,-0.0145, 4.9587, 3.2679, 0.5008, 1.4355,0
 0.2944, 0.0000, 61.0945, 3.1415,-0.0211, 5.2642,-0.3400, 0.5069, 1.4355,0
 0.2941, 0.0000, 61.1511, 3.1415,-0.0284, 5.5767,-4.6799, 0.5142, 1.4355,0
 0.2936, 0.0000, 61.2107, 3.1415,-0.0420, 5.8901,-4.6799, 0.5217, 1.4355,0
 0.2930, 0.0000, 61.2736, 3.1415,-0.0569, 6.2048,-4.6799, 0.5299, 1.4355,0
 0.2924, 0.0000, 61.3395, 3.1415,-0.0659, 6.5186,-4.6799, 0.5385, 1.4355,0
 0.2914, 0.0000, 61.4087, 3.1415,-0.0859, 6.8332,-4.6799, 0.5480, 1.4355,0
 0.2905, 0.0000, 61.4778, 3.1415,-0.0960, 6.8958,-4.6799, 0.5112, 1.4355,0
 0.2892, 0.0000, 61.5532, 3.1415,-0.1222, 7.4109,-4.6799, 0.5620, 1.4355,0
 0.2877, 0.0000, 61.6317, 3.1415,-0.1457, 7.7654,-4.6799, 0.5840, 1.4355,0
 0.2860, 0.0000, 61.7134, 3.1415,-0.1625, 8.0872,-4.6799, 0.6017, 1.4355,0
 0.2840, 0.0000, 61.7951, 3.1415,-0.1901, 8.1521,-4.6799, 0.5648, 1.4355,0
 0.2817, 0.0000, 61.8830, 3.1415,-0.2199, 8.6677,-4.6799, 0.6334, 1.4355,0
 0.2792, 0.0000, 61.9741, 3.1415,-0.2501, 9.0217,-4.6799, 0.6697, 1.4355,0
 0.2762, 0.0000, 62.0653, 3.1415,-0.2864, 9.0931,-4.6799, 0.6403, 1.4355,0
 0.2730, 0.0000, 62.1626, 3.1415,-0.3180, 9.6097,-4.6799, 0.7296, 1.4355,0
 0.2694, 0.0000, 62.2600, 3.1415,-0.3485, 9.7130,-4.6799, 0.7169, 1.4355,0
 0.2656, 0.0000, 62.3606, 3.1415,-0.3728, 9.9852,-4.6799, 0.7560, 1.4355,0
 0.2615, 0.0000, 62.4642, 3.1415,-0.4019, 10.2905,-4.6799, 0.8123, 1.4355,0
 0.2573, 0.0000, 62.5679, 3.1415,-0.4138, 10.3521,-4.6799, 0.8071, 1.4355,0
 0.2529, 0.0000, 62.6716, 3.1415,-0.4344, 10.3638,-4.6799, 0.7948, 1.4355,0
 0.2486, 0.0000, 62.7784, 3.1415,-0.4325, 10.6180,-4.6799, 0.8613, 1.4355,0
 0.2442, 0.0000, 62.8852, 3.1415,-0.4381, 10.6688,-4.6799, 0.8764, 1.4355,0
 0.2401, 0.0000, 62.9889, 3.1415,-0.4211, 10.4275,-4.6799, 0.8130, 1.4355,0
 0.2360, 0.0000, 63.0926, 3.1415,-0.4116, 10.3795,-4.6799, 0.8144, 1.4355,0
 0.2323, 0.0000, 63.1962, 3.1415,-0.3794, 10.3693,-4.6799, 0.8343, 1.4355,0
 0.2288, 0.0000, 63.2968, 3.1415,-0.3548, 10.1167,-4.6799, 0.7910, 1.4355,0
 0.2257, 0.0000, 63.3942, 3.1415,-0.3134, 9.8144,-4.6799, 0.7410, 1.4355,0
 0.2232, 0.0000, 63.4915, 3.1415,-0.2688, 9.7534,-4.6799, 0.7644, 1.4355,0
 0.2210, 0.0000, 63.5826, 3.1415,-0.2296, 9.2395,-4.6799, 0.6701, 1.4355,0
 0.2192, 0.0000, 63.6738, 3.1415,-0.1853, 9.1364,-4.6799, 0.6903, 1.4355,0
 0.2179, 0.0000, 63.7586, 3.1415,-0.1462, 8.6131,-4.6799, 0.6074, 1.4355,0
 0.2169, 0.0000, 63.8403, 3.1415,-0.1020, 8.2567,-4.6799, 0.5715, 1.4355,0
 0.2165, 0.0000, 63.9219, 3.1415,-0.0567, 8.1863,-4.6799, 0.6062, 1.4355,0
 0.2163, 0.0000, 63.9973, 3.1415,-0.0234, 7.6690,-4.6799, 0.5402, 1.4355,0
 0.2164, 0.0000, 64.0696, 3.1415, 0.0013, 7.3141,-4.6799, 0.5142, 1.4355,0
 0.2168, 0.0000, 64.1418, 3.1415, 0.0305, 7.2434,-4.6799, 0.5494, 1.4355,0
 0.2174, 0.0000, 64.2078, 3.1415, 0.0546, 6.7264,-4.6799, 0.4944, 1.4355,0
 0.2181, 0.0000, 64.2707, 3.1415, 0.0654, 6.3721,-4.6799, 0.4739, 1.4355,0
 0.2190, 0.0000, 64.3335, 3.1415, 0.0858, 6.3012,-4.6799, 0.5062, 1.4355,0
 0.2200, 0.0000, 64.3900, 3.1415, 0.0959, 5.7835,-4.6799, 0.4592, 1.4355,0
 0.2210, 0.0000, 64.4466, 3.1415, 0.1040, 5.6806,-4.6799, 0.4833, 1.4355,0
 0.2222, 0.0000, 64.4969, 3.1415, 0.1117, 5.1577,-4.6799, 0.4400, 1.4355,0
 0.2234, 0.0000, 64.5471, 3.1415, 0.1193, 5.0525,-4.2292, 0.4608, 1.4355,0
 0.2246, 0.0000, 64.5911, 3.1415, 0.1208, 4.5291, 0.0603, 0.4217, 1.4355,0
 0.2259, 0.0000, 64.6351, 3.1415, 0.1272, 4.4239, 2.7178, 0.4394, 1.4355,0
 0.2271, 0.0000, 64.6759, 3.1415, 0.1224, 4.1526, 4.6799, 0.4352, 1.4355,0
 0.2283, 0.0000, 64.7136, 3.1415, 0.1215, 3.8462, 4.6799, 0.4268, 1.4355,0
 0.2294, 0.0000, 64.7450, 3.1415, 0.1152, 3.2820, 4.6799, 0.3919, 1.4355,0
 0.2306, 0.0000, 64.7764, 3.1415, 0.1140, 3.1698, 4.6799, 0.4029, 1.4355,0
 0.2316, 0.0000, 64.8047, 3.1415, 0.1076, 2.8965, 4.6799, 0.3985, 1.4355,0
 0.2326, 0.0000, 64.8299, 3.1415, 0.1003, 2.5898, 4.6799, 0.3914, 1.4355,0
 0.2335, 0.0000, 64.8550, 3.1415, 0.0928, 2.5284, 4.6799, 0.4033, 1.4355,0
 0.2343, 0.0000, 64.8738, 3.1415, 0.0791, 2.0132, 4.6799, 0.3827, 1.4355,0
 0.2351, 0.0000, 64.8927, 3.1415, 0.0764, 1.9108, 3.3444, 0.3891, 1.4355,0
 0.2357, 0.0000, 64.9053, 3.1415, 0.0698, 1.3874, 0.3633, 0.3728, 1.4355,0
 0.2363, 0.0000, 64.9178, 3.1415, 0.0564, 1.2827,-1.8667, 0.3768, 1.4355,0
 0.2366, 0.0000, 64.9241, 3.1415, 0.0355, 0.7594,-4.6799, 0.3658, 1.4355,0
 0.2368, 0.0000, 64.9304, 3.1415, 0.0252, 0.6542,-4.6799, 0.3676, 1.4355,0
 0.2369, 0.0000, 64.9335, 3.1415, 0.0111, 0.3829,-4.6799, 0.3656, 1.4355,0
 0.2369, 0.0000, 64.9335, 3.1415, 0.0022, 0.0765,-4.6799, 0.3636, 1.4355,0
 0.2368, 0.0000, 64.9304, 3.1415,-0.0056,-0.2367,-4.6799, 0.3624, 1.4355,0
 0.2366, 0.0000, 64.9272, 3.1415,-0.0132,-0.2982,-4.6799, 0.3609, 1.4355,0
 0.2364, 0.0000, 64.9178, 3.1415,-0.0208,-0.8140,-4.6799, 0.3630, 1.4355,0
 0.2361, 0.0000, 64.9084, 3.1415,-0.0284,-0.9165,-4.6799, 0.3596, 1.4355,0
 0.2359, 0.0000, 64.8958, 3.1415,-0.0238,-1.1885,-4.6799, 0.3597, 1.4355,0
 0.2356, 0.0000, 64.8801, 3.1415,-0.0290,-1.4944,-4.6799, 0.3612, 1.4355,0
 0.2354, 0.0000, 64.8613, 3.1415,-0.0239,-1.8070,-4.6799, 0.3636, 1.4355,0
 0.2351, 0.0000, 64.8393, 3.1415,-0.0290,-2.1204,-4.6799, 0.3666, 1.4355,0
 0.2348, 0.0000, 64.8142, 3.1415,-0.0300,-2.4345,-4.6799, 0.3702, 1.4355,0
 0.2345, 0.0000, 64.7890, 3.1415,-0.0242,-2.4980,-4.6799, 0.3579, 1.4355,0
 0.2343, 0.0000, 64.7576, 3.1415,-0.0230,-3.0124,-4.6799, 0.3766, 1.4355,0
 0.2341, 0.0000, 64.7262, 3.1415,-0.0167,-3.1159,-4.6799, 0.3642, 1.4355,0
 0.2340, 0.0000, 64.6916, 3.1415,-0.0154,-3.3874,-4.6799, 0.3653, 1.4355,0
 0.2340, 0.0000, 64.6539, 3.1415,-0.0030,-3.6938,-4.6799, 0.3696, 1.4355,0
 0.2341, 0.0000, 64.6131, 3.1415, 0.0054,-4.0059,-4.6799, 0.3747, 1.4355,0
 0.2341, 0.0000, 64.5691, 3.1415, 0.0071,-4.3198,-4.6799, 0.3802, 1.4355,0
 0.2343, 0.0000, 64.5220, 3.1415, 0.0135,-4.6335,-4.6799, 0.3860, 1.4355,0
 0.2345, 0.0000, 64.4717, 3.1415, 0.0148,-4.9483,-4.6799, 0.3923, 1.4355,0
 0.2347, 0.0000, 64.4215, 3.1415, 0.0211,-5.0106,-4.6799, 0.3650, 1.4355,0
 0.2350, 0.0000, 64.3649, 3.1415, 0.0284,-5.5260,-4.6799, 0.4004, 1.4355,0
 0.2354, 0.0000, 64.3052, 3.1415, 0.0420,-5.8806,-4.6799, 0.4143, 1.4355,0
 0.2360, 0.0000, 64.2455, 3.1415, 0.0508,-5.9509,-0.4428, 0.3834, 1.4355,0
 0.2366, 0.0000, 64.1796, 3.1415, 0.0647,-6.4678, 4.6799, 0.4268, 1.4355,0
 0.2376, 0.0000, 64.1136, 3.1415, 0.0857,-6.5718, 4.6799, 0.3999, 1.4355,0
 0.2386, 0.0000, 64.0413, 3.1415, 0.1020,-7.0950, 4.6799, 0.4509, 1.4355,0
 0.2398, 0.0000, 63.9691, 3.1415, 0.1174,-7.1996, 4.6799, 0.4240, 1.4355,0
 0.2413, 0.0000, 63.8905, 3.1415, 0.1447,-7.7228, 4.6799, 0.4831, 1.4355,0
 0.2431, 0.0000, 63.8120, 3.1415, 0.1684,-7.8278, 4.6799, 0.4579, 1.4355,0
 0.2451, 0.0000, 63.7303, 3.1415, 0.1973,-8.1002, 4.6799, 0.4713, 1.4355,0
 0.2474, 0.0000, 63.6423, 3.1415, 0.2213,-8.6571, 4.6799, 0.5543, 1.4355,0
 0.2500, 0.0000, 63.5544, 3.1415, 0.2504,-8.7684, 4.6799, 0.5377, 1.4355,0
 0.2529, 0.0000, 63.4633, 3.1415, 0.2804,-9.0422, 4.6799, 0.5650, 1.4355,0
 0.2560, 0.0000, 63.3690, 3.1415, 0.3046,-9.3484, 4.6799, 0.6065, 1.4355,0
 0.2593, 0.0000, 63.2748, 3.1415, 0.3277,-9.4090, 4.6799, 0.5906, 1.4355,0
 0.2628, 0.0000, 63.1774, 3.1415, 0.3444,-9.6729, 4.6799, 0.6342, 1.4355,0
 0.2665, 0.0000, 63.0768, 3.1415, 0.3659,-9.9774, 4.6799, 0.6970, 1.4355,0
 0.2704, 0.0000, 62.9763, 3.1415, 0.3824,-10.0377, 4.6799, 0.6999, 1.4355,0
 0.2742, 0.0000, 62.8758, 3.1415, 0.3796,-10.0501, 4.6799, 0.6966, 1.4355,0
 0.2780, 0.0000, 62.7753, 3.1415, 0.3790,-10.0523, 4.6799, 0.6977, 1.4355,0
 0.2816, 0.0000, 62.6779, 3.1415, 0.3668,-9.8016, 4.6799, 0.6353, 1.4355,0
 0.2851, 0.0000, 62.5773, 3.1415, 0.3522,-10.0026, 4.6799, 0.7057, 1.4355,0
 0.2883, 0.0000, 62.4799, 3.1415, 0.3251,-9.7916, 4.6799, 0.6681, 1.4355,0
 0.2911, 0.0000, 62.3857, 3.1415, 0.2954,-9.4983, 4.6799, 0.6152, 1.4355,0
 0.2937, 0.0000, 62.2914, 3.1415, 0.2652,-9.4399, 4.6799, 0.6317, 1.4355,0
 0.2958, 0.0000, 62.2003, 3.1415, 0.2228,-9.1761, 4.6799, 0.5992, 1.4355,0
 0.2977, 0.0000, 62.1155, 3.1415, 0.1900,-8.6211, 4.6799, 0.4989, 1.4355,0
 0.2989, 0.0000, 62.0276, 3.1415, 0.1410,-8.7612, 4.6799, 0.5765, 1.4355,0
 0.2999, 0.0000, 61.9490, 3.1415, 0.1009,-8.0355, 4.6799, 0.4479, 1.4355,0
 0.3004, 0.0000, 61.8705, 3.1415, 0.0626,-7.8900, 4.6799, 0.4604, 1.4355,0
 0.3005, 0.0000, 61.7951, 3.1415, 0.0246,-7.6101, 4.6799, 0.4452, 1.4355,0
 0.3004, 0.0000, 61.7228, 3.1415,-0.0071,-7.3026, 4.6799, 0.4266, 1.4355,0
 0.3000, 0.0000, 61.6537, 3.1415,-0.0317,-6.9894, 4.6799, 0.4091, 1.4355,0
 0.2994, 0.0000, 61.5877, 3.1415,-0.0548,-6.6758, 4.6799, 0.3934, 1.4355,0
 0.2986, 0.0000, 61.5249, 3.1415,-0.0776,-6.3617, 4.6799, 0.3792, 1.4355,0
 0.2976, 0.0000, 61.4652, 3.1415,-0.0943,-6.0474, 4.6799, 0.3663, 1.4355,0
 0.2964, 0.0000, 61.4087, 3.1415,-0.1158,-5.7334, 4.2648, 0.3545, 1.4355,0
 0.2951, 0.0000, 61.3521, 3.1415,-0.1262,-5.6709,-3.6363, 0.3848, 1.4355,0
 0.2936, 0.0000, 61.3018, 3.1415,-0.1404,-5.1551,-4.6799, 0.3427, 1.4355,0
 0.2922, 0.0000, 61.2547, 3.1415,-0.1432,-4.8011,-4.6799, 0.3272, 1.4355,0
 0.2907, 0.0000, 61.2107, 3.1415,-0.1499,-4.4789,-4.6799, 0.3169, 1.4355,0
 0.2892, 0.0000, 61.1699, 3.1415,-0.1451,-4.1623,-4.6799, 0.3078, 1.4355,0
 0.2877, 0.0000, 61.1291, 3.1415,-0.1503,-4.0999,-4.6799, 0.3298, 1.4355,0
 0.2863, 0.0000, 61.0945, 3.1415,-0.1452,-3.5845,-4.6799, 0.2989, 1.4355,0
 0.2849, 0.0000, 61.0631, 3.1415,-0.1442,-3.2300,-4.6799, 0.2872, 1.4355,0
 0.2835, 0.0000, 61.0317, 3.1415,-0.1379,-3.1594,-4.6799, 0.3029, 1.4355,0
 0.2822, 0.0000, 61.0065, 3.1415,-0.1306,-2.6423,-4.6799, 0.2785, 1.4355,0
 0.2810, 0.0000, 60.9814, 3.1415,-0.1231,-2.5395,-4.6799, 0.2884, 1.4355,0
 0.2798, 0.0000, 60.9626, 3.1415,-0.1216,-2.0154,-4.6799, 0.2680, 1.4355,0
 0.2787, 0.0000, 60.9437, 3.1415,-0.1092,-1.9109,-4.6799, 0.2751, 1.4355,0
 0.2777, 0.0000, 60.9280, 3.1415,-0.1067,-1.6392,-4.6799, 0.2723, 1.4355,0
 0.2767, 0.0000, 60.9186, 3.1415,-0.1001,-1.0813,-4.6799, 0.2574, 1.4355,0
 0.2758, 0.0000, 60.9092, 3.1415,-0.0867,-0.9703,-4.6799, 0.2606, 1.4355,0
 0.2751, 0.0000, 60.9029, 3.1415,-0.0779,-0.6970,-4.6799, 0.2585, 1.4355,0
 0.2744, 0.0000, 60.8997, 3.1415,-0.0701,-0.3905,-4.6799, 0.2559, 1.4355,0
 0.2738, 0.0000, 60.8997, 3.1415,-0.0625,-0.0781,-4.6799, 0.2539, 1.4355,0
 0.2733, 0.0000, 60.9029, 3.1415,-0.0488, 0.2355,-4.6799, 0.2524, 1.4355,0
 0.2730, 0.0000, 60.9092, 3.1415,-0.0400, 0.5500,-4.6799, 0.2517, 1.4355,0
 0.2726, 0.0000, 60.9154, 3.1415,-0.0322, 0.6123,-4.6799, 0.2484, 1.4355,0
 0.2724, 0.0000, 60.9280, 3.1415,-0.0246, 1.1277,-4.6799, 0.2525, 1.4355,0
 0.2723, 0.0000, 60.9437, 3.1415,-0.0170, 1.4825,-4.6799, 0.2548, 1.4355,0
 0.2722, 0.0000, 60.9594, 3.1415,-0.0094, 1.5529,-4.6799, 0.2470, 1.4355,0
 0.2722, 0.0000, 60.9814, 3.1415,-0.0018, 2.0696,-4.6799, 0.2581, 1.4355,0
 0.2722, 0.0000, 61.0034, 3.1415,-0.0003, 2.1732,-4.6799, 0.2490, 1.4355,0
 0.2723, 0.0000, 61.0285, 3.1415, 0.0059, 2.4457,-4.6106, 0.2491, 1.4355,0
 0.2723, 0.0000, 61.0599, 3.1415, 0.0011, 3.0022,-4.0544, 0.2695, 1.4355,0
 0.2723, 0.0000, 61.0914, 3.1415, 0.0002, 3.1135,-4.6799, 0.2569, 1.4355,0
 0.2723, 0.0000, 61.1259, 3.1415, 0.0000, 3.3876,-4.6799, 0.2573, 1.4355,0
 0.2722, 0.0000, 61.1636, 3.1415,-0.0060, 3.6932,-4.6799, 0.2607, 1.4355,0
 0.2722, 0.0000, 61.2045, 3.1415,-0.0012, 4.0058,-4.6799, 0.2652, 1.4355,0
 0.2720, 0.0000, 61.2484, 3.1415,-0.0123, 4.3198,-4.6799, 0.2702, 1.4355,0
 0.2720, 0.0000, 61.2956, 3.1415,-0.0085, 4.6338,-4.6799, 0.2758, 1.4355,0
 0.2717, 0.0000, 61.3458, 3.1415,-0.0198, 4.9480,-4.6799, 0.2819, 1.4355,0
 0.2714, 0.0000, 61.3992, 3.1415,-0.0282, 5.2623,-4.6799, 0.2887, 1.4355,0
 0.2711, 0.0000, 61.4558, 3.1415,-0.0359, 5.5760,-4.6799, 0.2963, 1.4355,0
 0.2705, 0.0000, 61.5155, 3.1415,-0.0556, 5.8903,-4.6799, 0.3049, 1.4355,0
 0.2698, 0.0000, 61.5752, 3.1415,-0.0657, 5.9534,-4.6799, 0.2743, 1.4355,0
 0.2690, 0.0000, 61.6411, 3.1415,-0.0737, 6.4687,-4.6799, 0.3193, 1.4355,0
 0.2680, 0.0000, 61.7103, 3.1415,-0.0996, 6.8226,-4.6799, 0.3398, 1.4355,0
 0.2668, 0.0000, 61.7794, 3.1415,-0.1108, 6.8940,-4.6799, 0.3095, 1.4355,0
 0.2654, 0.0000, 61.8548, 3.1415,-0.1313, 7.4102,-4.6799, 0.3670, 1.4355,0
 0.2638, 0.0000, 61.9333, 3.1415,-0.1596, 7.7656,-4.6799, 0.3970, 1.4355,0
 0.2620, 0.0000, 62.0119, 3.1415,-0.1774, 7.8363,-4.6799, 0.3698, 1.4355,0
 0.2599, 0.0000, 62.0935, 3.1415,-0.1992, 8.1013,-4.6799, 0.3877, 1.4355,0
 0.2576, 0.0000, 62.1784, 3.1415,-0.2278, 8.4061,-4.6799, 0.4191, 1.4355,0
 0.2550, 0.0000, 62.2663, 3.1415,-0.2517, 8.7185,-4.6799, 0.4578, 1.4355,0
 0.2521, 0.0000, 62.3574, 3.1415,-0.2807, 9.0325,-4.6799, 0.5034, 1.4355,0
 0.2491, 0.0000, 62.4485, 3.1415,-0.2986, 9.0947,-4.6799, 0.4920, 1.4355,0
 0.2459, 0.0000, 62.5396, 3.1415,-0.3143, 9.1071,-4.6799, 0.4735, 1.4355,0
 0.2426, 0.0000, 62.6370, 3.1415,-0.3236, 9.6125,-4.6799, 0.5891, 1.4355,0
 0.2394, 0.0000, 62.7313, 3.1415,-0.3254, 9.4624,-4.6799, 0.5390, 1.4355,0
 0.2360, 0.0000, 62.8255, 3.1415,-0.3318, 9.4321,-4.6799, 0.5274, 1.4355,0
 0.2329, 0.0000, 62.9198, 3.1415,-0.3210, 9.4264,-4.6799, 0.5286, 1.4355,0
 0.2298, 0.0000, 63.0140, 3.1415,-0.3128, 9.4252,-4.6799, 0.5374, 1.4355,0
 0.2269, 0.0000, 63.1083, 3.1415,-0.2929, 9.4247,-4.6799, 0.5527, 1.4355,0
 0.2243, 0.0000, 63.1994, 3.1415,-0.2647, 9.1737,-4.6799, 0.5080, 1.4355,0
 0.2220, 0.0000, 63.2905, 3.1415,-0.2348, 9.1229,-4.6799, 0.5213, 1.4355,0
 0.2201, 0.0000, 63.3753, 3.1415,-0.2046, 8.6104,-4.6799, 0.4233, 1.4355,0
 0.2184, 0.0000, 63.4601, 3.1415,-0.1743, 8.5079,-4.6799, 0.4324, 1.4355,0
 0.2170, 0.0000, 63.5418, 3.1415,-0.1440, 8.2360,-4.6799, 0.4050, 1.4355,0
 0.2161, 0.0000, 63.6235, 3.1415,-0.1015, 8.1819,-4.6799, 0.4326, 1.4355,0
 0.2155, 0.0000, 63.6989, 3.1415,-0.0688, 7.6678,-4.6799, 0.3585, 1.4355,0
 0.2152, 0.0000, 63.7711, 3.1415,-0.0380, 7.3142,-4.6799, 0.3250, 1.4355,0
 0.2153, 0.0000, 63.8403, 3.1415,-0.0015, 6.9917,-4.6799, 0.3015, 1.4355,0
 0.2156, 0.0000, 63.9094, 3.1415, 0.0239, 6.9281,-4.6799, 0.3319, 1.4355,0
 0.2161, 0.0000, 63.9722, 3.1415, 0.0472, 6.4121,-4.6799, 0.2760, 1.4355,0
 0.2168, 0.0000, 64.0350, 3.1415, 0.0640, 6.3083,-4.6799, 0.2990, 1.4355,0
 0.2175, 0.0000, 64.0916, 3.1415, 0.0734, 5.7856,-4.6799, 0.2488, 1.4355,0
 0.2185, 0.0000, 64.1481, 3.1415, 0.0935, 5.6816,-4.6799, 0.2711, 1.4355,0
 0.2195, 0.0000, 64.2015, 3.1415, 0.0975, 5.4087,-4.6799, 0.2661, 1.4355,0
 0.2206, 0.0000, 64.2487, 3.1415, 0.1043, 4.8512,-4.6799, 0.2193, 1.4355,0
 0.2218, 0.0000, 64.2958, 3.1415, 0.1178, 4.7403,-4.6799, 0.2380, 1.4355,0
 0.2230, 0.0000, 64.3398, 3.1415, 0.1205, 4.4667,-4.6799, 0.2342, 1.4355,0
 0.2242, 0.0000, 64.3775, 3.1415, 0.1211, 3.9090,-4.6799, 0.1958, 1.4355,0
 0.2255, 0.0000, 64.4152, 3.1415, 0.1273, 3.7975,-4.6799, 0.2109, 1.4355,0
 0.2268, 0.0000, 64.4497, 3.1415, 0.1285, 3.5244,-4.6799, 0.2077, 1.4355,0
 0.2280, 0.0000, 64.4811, 3.1415, 0.1227, 3.2183,-4.6799, 0.2013, 1.4355,0
 0.2292, 0.0000, 64.5094, 3.1415, 0.1215, 2.9056,-4.6799, 0.1947, 1.4355,0
 0.2304, 0.0000, 64.5345, 3.1415, 0.1152, 2.5916,-4.6799, 0.1885, 1.4355,0
 0.2315, 0.0000, 64.5565, 3.1415, 0.1140, 2.2773,-4.6799, 0.1827, 1.4355,0
 0.2326, 0.0000, 64.5754, 3.1415, 0.1076, 1.9636,-4.6799, 0.1774, 1.4355,0
 0.2336, 0.0000, 64.5911, 3.1415, 0.1064, 1.6494,-4.6799, 0.1726, 1.4355,0
 0.2345, 0.0000, 64.6037, 3.1415, 0.0940, 1.3351,-4.6799, 0.1683, 1.4355,0
 0.2354, 0.0000, 64.6162, 3.1415, 0.0915, 1.2722,-4.6799, 0.1748, 1.4355,0
 0.2362, 0.0000, 64.6225, 3.1415, 0.0789, 0.7567,-4.6799, 0.1646, 1.4355,0
 0.2369, 0.0000, 64.6257, 3.1415, 0.0703, 0.4028,-4.6799, 0.1611, 1.4355,0
 0.2375, 0.0000, 64.6288, 3.1415, 0.0625, 0.3320,-4.6799, 0.1625, 1.4355,0
 0.2379, 0.0000, 64.6257, 3.1415, 0.0488,-0.1850,-4.6799, 0.1593, 1.4355,0
 0.2382, 0.0000, 64.6225, 3.1415, 0.0340,-0.2884,-4.6799, 0.1578, 1.4355,0
 0.2385, 0.0000, 64.6131, 3.1415, 0.0249,-0.8114,-4.6799, 0.1592, 1.4355,0
 0.2386, 0.0000, 64.6037, 3.1415, 0.0171,-0.9160,-4.6799, 0.1551, 1.4355,0
 0.2387, 0.0000, 64.5880, 3.1415, 0.0094,-1.4399,-4.6799, 0.1613, 1.4355,0
 0.2387, 0.0000, 64.5722, 3.1415, 0.0018,-1.5446,-4.6799, 0.1546, 1.4355,0
 0.2387, 0.0000, 64.5503, 3.1415, 0.0003,-2.0679,-4.6799, 0.1655, 1.4355,0
 0.2386, 0.0000, 64.5283, 3.1415,-0.0059,-2.1726,-4.6799, 0.1560, 1.4355,0
 0.2386, 0.0000, 64.5031, 3.1415,-0.0011,-2.4456,-4.6799, 0.1558, 1.4355,0
 0.2386, 0.0000, 64.4749, 3.1415,-0.0002,-2.7510,-4.6799, 0.1577, 1.4355,0
 0.2386, 0.0000, 64.4434, 3.1415,-0.0000,-3.0630,-4.6799, 0.1606, 1.4355,0
 0.2386, 0.0000, 64.4057, 3.1415,-0.0000,-3.6289,-4.6799, 0.1866, 1.4355,0
 0.2386, 0.0000, 64.3680, 3.1415,-0.0000,-3.7415,-4.6799, 0.1711, 1.4355,0
 0.2387, 0.0000, 64.3272, 3.1415, 0.0060,-4.0155,-4.6799, 0.1716, 1.4355,0
 0.2388, 0.0000, 64.2832, 3.1415, 0.0072,-4.3217,-4.6799, 0.1759, 1.4355,0
 0.2389, 0.0000, 64.2392, 3.1415, 0.0135,-4.3830, 0.2685, 0.1521, 1.4355,0
 0.2391, 0.0000, 64.1890, 3.1415, 0.0209,-4.8982, 4.6799, 0.1836, 1.4355,0
 0.2395, 0.0000, 64.1356, 3.1415, 0.0344,-5.2514, 4.6799, 0.1966, 1.4355,0
 0.2400, 0.0000, 64.0790, 3.1415, 0.0432,-5.5748, 4.6799, 0.2067, 1.4355,0
 0.2406, 0.0000, 64.0193, 3.1415, 0.0571,-5.8897, 4.6799, 0.2171, 1.4355,0
 0.2413, 0.0000, 63.9596, 3.1415, 0.0660,-5.9536, 4.6799, 0.1884, 1.4355,0
 0.2422, 0.0000, 63.8937, 3.1415, 0.0859,-6.4684, 4.6799, 0.2358, 1.4355,0
 0.2432, 0.0000, 63.8245, 3.1415, 0.1020,-6.8228, 4.6799, 0.2593, 1.4355,0
 0.2445, 0.0000, 63.7554, 3.1415, 0.1174,-6.8934, 4.6799, 0.2323, 1.4355,0
 0.2459, 0.0000, 63.6832, 3.1415, 0.1386,-7.1593, 4.6799, 0.2443, 1.4355,0
 0.2476, 0.0000, 63.6046, 3.1415, 0.1671,-7.7151, 4.6799, 0.3192, 1.4355,0
 0.2495, 0.0000, 63.5261, 3.1415, 0.1850,-7.8259, 4.6799, 0.3055, 1.4355,0
 0.2517, 0.0000, 63.4476, 3.1415, 0.2067,-7.8487, 4.6799, 0.2762, 1.4355,0
 0.2540, 0.0000, 63.3627, 3.1415, 0.2293,-8.3553, 4.6799, 0.3581, 1.4355,0
 0.2566, 0.0000, 63.2779, 3.1415, 0.2520,-8.4569, 4.6799, 0.3534, 1.4355,0
 0.2592, 0.0000, 63.1899, 3.1415, 0.2626,-8.7284, 4.6799, 0.3940, 1.4355,0
 0.2620, 0.0000, 63.1020, 3.1415, 0.2768,-8.7830, 4.6799, 0.3879, 1.4355,0
 0.2650, 0.0000, 63.0109, 3.1415, 0.2918,-9.0454, 4.6799, 0.4388, 1.4355,0
 0.2680, 0.0000, 62.9229, 3.1415, 0.2948,-8.8461, 4.6799, 0.3804, 1.4355,0
 0.2708, 0.0000, 62.8318, 3.1415, 0.2893,-9.0574, 4.6799, 0.4304, 1.4355,0
 0.2737, 0.0000, 62.7407, 3.1415, 0.2882,-9.1000, 4.6799, 0.4442, 1.4355,0
 0.2764, 0.0000, 62.6527, 3.1415, 0.2698,-8.8570, 4.6799, 0.3916, 1.4355,0
 0.2788, 0.0000, 62.5616, 3.1415, 0.2480,-9.0602, 4.6799, 0.4571, 1.4355,0
 0.2811, 0.0000, 62.4768, 3.1415, 0.2315,-8.5979, 4.6799, 0.3616, 1.4355,0
 0.2830, 0.0000, 62.3920, 3.1415, 0.2039,-8.5051, 4.6799, 0.3629, 1.4355,0
 0.2848, 0.0000, 62.3103, 3.1415, 0.1802,-8.2357, 4.6799, 0.3269, 1.4355,0
 0.2861, 0.0000, 62.2286, 3.1415, 0.1451,-8.1812, 4.6799, 0.3456, 1.4355,0
 0.2873, 0.0000, 62.1501, 3.1415, 0.1199,-7.9198, 4.6799, 0.3205, 1.4355,0
 0.2880, 0.0000, 62.0747, 3.1415, 0.0846,-7.6154, 4.6799, 0.2900, 1.4355,0
 0.2886, 0.0000, 62.0024, 3.1415, 0.0593,-7.3037, 4.6799, 0.2618, 1.4355,0
 0.2887, 0.0000, 61.9333, 3.1415, 0.0239,-6.9899, 4.6799, 0.2368, 1.4355,0
 0.2886, 0.0000, 61.8673, 3.1415,-0.0073,-6.6756, 4.6799, 0.2146, 1.4355,0
 0.2882, 0.0000, 61.8045, 3.1415,-0.0317,-6.3619, 4.6799, 0.1953, 1.4355,0
 0.2877, 0.0000, 61.7417, 3.1415,-0.0487,-6.2989, 4.6799, 0.2234, 1.4355,0
 0.2869, 0.0000, 61.6851, 3.1415,-0.0703,-5.7837, 4.6799, 0.1728, 1.4355,0
 0.2861, 0.0000, 61.6286, 3.1415,-0.0807,-5.6803, 4.6799, 0.1936, 1.4355,0
 0.2852, 0.0000, 61.5783, 3.1415,-0.0889,-5.1576, 4.6799, 0.1483, 1.4355,0
 0.2842, 0.0000, 61.5280, 3.1415,-0.0966,-5.0528, 4.6799, 0.1679, 1.4355,0
 0.2830, 0.0000, 61.4809, 3.1415,-0.1102,-4.7804, 4.6799, 0.1632, 1.4355,0
 0.2820, 0.0000, 61.4401, 3.1415,-0.1069,-4.2232, 4.6799, 0.1218, 1.4355,0
 0.2808, 0.0000, 61.3992, 3.1415,-0.1184,-4.1115,-0.3342, 0.1377, 1.4355,0
 0.2795, 0.0000, 61.3615, 3.1415,-0.1206,-3.8386,-4.6799, 0.1342, 1.4355,0
 0.2783, 0.0000, 61.3270, 3.1415,-0.1211,-3.5323,-4.6799, 0.1273, 1.4355,0
 0.2771, 0.0000, 61.2956, 3.1415,-0.1212,-3.2195,-4.6799, 0.1203, 1.4355,0
 0.2758, 0.0000, 61.2673, 3.1415,-0.1273,-2.9055,-4.6799, 0.1136, 1.4355,0
 0.2745, 0.0000, 61.2422, 3.1415,-0.1285,-2.5922,-4.6799, 0.1076, 1.4355,0
 0.2733, 0.0000, 61.2202, 3.1415,-0.1227,-2.2777,-4.6799, 0.1019, 1.4355,0
 0.2722, 0.0000, 61.2013, 3.1415,-0.1154,-1.9631,-4.6799, 0.0967, 1.4355,0
 0.2711, 0.0000, 61.1856, 3.1415,-0.1140,-1.6493,-4.6799, 0.0921, 1.4355,0
 0.2700, 0.0000, 61.1730, 3.1415,-0.1076,-1.3351,-4.6799, 0.0880, 1.4355,0
 0.2690, 0.0000, 61.1636, 3.1415,-0.1003,-1.0211,-4.6799, 0.0844, 1.4355,0
 0.2681, 0.0000, 61.1573, 3.1415,-0.0928,-0.7071,-4.6799, 0.0813, 1.4355,0
 0.2673, 0.0000, 61.1542, 3.1415,-0.0852,-0.3925,-4.6799, 0.0787, 1.4355,0
 0.2664, 0.0000, 61.1511, 3.1415,-0.0837,-0.3296,-4.6799, 0.0803, 1.4355,0
 0.2658, 0.0000, 61.1542, 3.1415,-0.0713, 0.1852,-4.6799, 0.0770, 1.4355,0
 0.2651, 0.0000, 61.1605, 3.1415,-0.0627, 0.5399,-4.6799, 0.0761, 1.4355,0
 0.2646, 0.0000, 61.1668, 3.1415,-0.0549, 0.6103,-4.6799, 0.0727, 1.4355,0
 0.2642, 0.0000, 61.1793, 3.1415,-0.0413, 1.1273,-4.6799, 0.0763, 1.4355,0
 0.2639, 0.0000, 61.1919, 3.1415,-0.0385, 1.2310,-4.6799, 0.0708, 1.4355,0
 0.2636, 0.0000, 61.2107, 3.1415,-0.0259, 1.7537,-4.6799, 0.0791, 1.4355,0
