 0.0000, 0.0000, 0.0000, 3.1415, 0.0000, 0.0000, 0.0000, 0.0000,-0.7180,0
 0.0000, 0.0000, 0.0000, 3.1415, 0.0000, 0.0000, 0.0000, 0.0000,-0.7180,0
 0.0000, 0.0000, 0.0000, 3.1415, 0.0000, 0.0000, 0.0000, 0.0000,-0.7180,0
 0.0000, 0.0000, 0.0000, 3.1415, 0.0000, 0.0000, 0.0000, 0.0000,-0.7180,0
 0.0000, 0.0000, 0.0000, 3.1415, 0.0000, 0.0000, 0.0000, 0.0000,-0.7180,0
 0.0000, 0.0000, 0.0000, 3.1415, 0.0000, 0.0000, 0.0000, 0.0000,-0.7180,0
 0.0000, 0.0000, 0.0000, 3.1415, 0.0000, 0.0000, 0.0000, 0.0000,-0.7180,0
 0.0000, 0.0000, 0.0000, 3.1415, 0.0000, 0.0000, 0.0000, 0.0000,-0.7180,0
 0.0000, 0.0000, 0.0000, 3.1415, 0.0000, 0.0000, 0.0000, 0.0000,-0.7180,0
 0.0000, 0.0000, 0.0000, 3.1415, 0.0000, 0.0000, 0.0000, 0.0000,-0.7180,0
 0.0000, 0.0000, 0.0000, 3.1415, 0.0000, 0.0000, 0.0000, 0.0000,-0.7180,0
 0.0000, 0.0000, 0.0000, 3.1415, 0.0000, 0.0000, 0.0000, 0.0000,-0.7180,0
 0.0000, 0.0000, 0.0000, 3.1415, 0.0000, 0.0000, 0.0000, 0.0000,-0.7180,0
 0.0000, 0.0000, 0.0000, 3.1415, 0.0000, 0.0000, 0.0000, 0.0000,-0.7180,0
 0.0000, 0.0000, 0.0000, 3.1415, 0.0000, 0.0000, 0.0000, 0.0000,-0.7180,0
 0.0000, 0.0000, 0.0000, 3.1415, 0.0000, 0.0000, 0.0000, 0.0000,-0.7180,0
 0.0000, 0.0000, 0.0000, 3.1415, 0.0000, 0.0000, 0.0000, 0.0000,-0.7180,0
 0.0000, 0.0000, 0.0000, 3.1415, 0.0000, 0.0000, 0.0000, 0.0000,-0.7180,0
 0.0000, 0.0000, 0.0000, 3.1415, 0.0000, 0.0000, 0.0000, 0.0000,-0.7180,0
 0.0000, 0.0000, 0.0000, 3.1415, 0.0000, 0.0000, 0.0000, 0.0000,-0.7180,0
 0.0000, 0.0000, 0.0000, 3.1415, 0.0000, 0.0000, 0.0000, 0.0000,-0.7180,0
 0.0000, 0.0000, 0.0000, 3.1415, 0.0000, 0.0000, 0.0000, 0.0000,-0.7180,0
 0.0000, 0.0000, 0.0000, 3.1415, 0.0000, 0.0000, 0.0000, 0.0000,-0.7180,0
 0.0000, 0.0000, 0.0000, 3.1415, 0.0000, 0.0000, 0.0000, 0.0000,-0.7180,0
 0.0000, 0.0000, 0.0000, 3.1415, 0.0000, 0.0000, 0.0000, 0.0000,-0.7180,0
 0.0000, 0.0000, 0.0000, 3.1415, 0.0000, 0.0000, 0.0000, 0.0000,-0.7180,0
 0.0000, 0.0000, 0.0000, 3.1415, 0.0000, 0.0000, 0.0000, 0.0000,-0.7180,0
 0.0000, 0.0000, 0.0000, 3.1415, 0.0000, 0.0000, 0.0000, 0.0000,-0.7180,0
 0.0000, 0.0000, 0.0000, 3.1415, 0.0000, 0.0000, 0.0000, 0.0000,-0.7180,0
 0.0000, 0.0000, 0.0000, 3.1415, 0.0000, 0.0000, 0.0000, 0.0000,-0.7180,0
 0.0000, 0.0000, 0.0000, 3.1415, 0.0000, 0.0000, 0.0000, 0.0000,-0.7180,0
 0.0000, 0.0000, 0.0000, 3.1415, 0.0000, 0.0000, 0.0000, 0.0000,-0.7180,0
 0.0000, 0.0000, 0.0000, 3.1415, 0.0000, 0.0000, 0.0000, 0.0000,-0.7180,0
 0.0000, 0.0000, 0.0000, 3.1415, 0.0000, 0.0000, 0.0000, 0.0000,-0.7180,0
 0.0000, 0.0000, 0.0000, 3.1415, 0.0000, 0.0000, 0.0000, 0.0000,-0.7180,0
 0.0000, 0.0000, 0.0000, 3.1415, 0.0000, 0.0000, 0.0000, 0.0000,-0.7180,0
 0.0000, 0.0000, 0.0000, 3.1415, 0.0000, 0.0000, 0.0000, 0.0000,-0.7180,0
 0.0000, 0.0000, 0.0000, 3.1415, 0.0000, 0.0000, 0.0000, 0.0000,-0.7180,0
 0.0000, 0.0000, 0.0000, 3.1415, 0.0000, 0.0000, 0.0000, 0.0000,-0.7180,0
 0.0000, 0.0000, 0.0000, 3.1415, 0.0000, 0.0000, 0.0000, 0.0000,-0.7180,0
 0.0000, 0.0000, 0.0000, 3.1415, 0.0000, 0.0000, 0.0000, 0.0000,-0.7180,0
 0.0000, 0.0000, 0.0000, 3.1415, 0.0000, 0.0000, 0.0000, 0.0000,-0.7180,0
 0.0000, 0.0000, 0.0000, 3.1415, 0.0000, 0.0000, 0.0000, 0.0000,-0.7180,0
 0.0000, 0.0000, 0.0000, 3.1415, 0.0000, 0.0000, 0.0000, 0.0000,-0.7180,0
 0.0000, 0.0000, 0.0000, 3.1415, 0.0000, 0.0000, 0.0000, 0.0000,-0.7180,0
 0.0000, 0.0000, 0.0000, 3.1415, 0.0000, 0.0000, 0.0000, 0.0000,-0.7180,0
 0.0000, 0.0000, 0.0000, 3.1415, 0.0000, 0.0000, 0.0000, 0.0000,-0.7180,0
 0.0000, 0.0000, 0.0000, 3.1415, 0.0000, 0.0000, 0.0000, 0.0000,-0.7180,0
 0.0000, 0.0000, 0.0000, 3.1415, 0.0000, 0.0000, 0.0000, 0.0000,-0.7180,0
 0.0000, 0.0000, 0.0000, 3.1415, 0.0000, 0.0000, 0.0000, 0.0000,-0.7180,0
 0.0000, 0.0000, 0.0000, 3.1415, 0.0000, 0.0000, 0.0000, 0.0000,-0.7180,0
 0.0000, 0.0000, 0.0000, 3.1415, 0.0000, 0.0000, 0.0000, 0.0000,-0.7180,0
 0.0000, 0.0000, 0.0000, 3.1415, 0.0000, 0.0000, 0.0000, 0.0000,-0.7180,0
 0.0000, 0.0000, 0.0000, 3.1415, 0.0000, 0.0000, 0.0000, 0.0000,-0.7180,0
 0.0000, 0.0000, 0.0000, 3.1415, 0.0000, 0.0000, 0.0000, 0.0000,-0.7180,0
 0.0000, 0.0000, 0.0000, 3.1415, 0.0000, 0.0000, 0.0000, 0.0000,-0.7180,0
 0.0000, 0.0000, 0.0000, 3.1415, 0.0000, 0.0000, 0.0000, 0.0000,-0.7180,0
 0.0000, 0.0000, 0.0000, 3.1415, 0.0000, 0.0000, 0.0000, 0.0000,-0.7180,0
 0.0000, 0.0000, 0.0000, 3.1415, 0.0000, 0.0000, 0.0000, 0.0000,-0.7180,0
 0.0000, 0.0000, 0.0000, 3.1415, 0.0000, 0.0000, 0.0000, 0.0000,-0.7180,0
 0.0000, 0.0000, 0.0000, 3.1415, 0.0000, 0.0000, 0.0000, 0.0000,-0.7180,0
 0.0000, 0.0000, 0.0000, 3.1415, 0.0000, 0.0000, 0.0000, 0.0000,-0.7180,0
 0.0000, 0.0000, 0.0000, 3.1415, 0.0000, 0.0000, 0.0000, 0.0000,-0.7180,0
 0.0000, 0.0000, 0.0000, 3.1415, 0.0000, 0.0000, 0.0000, 0.0000,-0.7180,0
 0.0000, 0.0000, 0.0000, 3.1415, 0.0000, 0.0000, 0.0000, 0.0000,-0.7180,0
 0.0000, 0.0000, 0.0000, 3.1415, 0.0000, 0.0000, 0.0000, 0.0000,-0.7180,0
 0.0000, 0.0000, 0.0000, 3.1415, 0.0000, 0.0000, 0.0000, 0.0000,-0.7180,0
 0.0000, 0.0000, 0.0000, 3.1415, 0.0000, 0.0000, 0.0000, 0.0000,-0.7180,0
 0.0000, 0.0000, 0.0000, 3.1415, 0.0000, 0.0000, 0.0000, 0.0000,-0.7180,0
 0.0000, 0.0000, 0.0000, 3.1415, 0.0000, 0.0000, 0.0000, 0.0000,-0.7180,0
 0.0000, 0.0000, 0.0000, 3.1415, 0.0000, 0.0000, 0.0000, 0.0000,-0.7180,0
 0.0000, 0.0000, 0.0000, 3.1415, 0.0000, 0.0000, 0.0000, 0.0000,-0.7180,0
 0.0000, 0.0000, 0.0000, 3.1415, 0.0000, 0.0000, 0.0000, 0.0000,-0.7180,0
 0.0000, 0.0000, 0.0000, 3.1415, 0.0000, 0.0000, 0.0000, 0.0000,-0.7180,0
 0.0000, 0.0000, 0.0000, 3.1415, 0.0000, 0.0000, 0.0000, 0.0000,-0.7180,0
 0.0000, 0.0000, 0.0000, 3.1415, 0.0000, 0.0000, 0.0000, 0.0000,-0.7180,0
 0.0000, 0.0000, 0.0000, 3.1415, 0.0000, 0.0000, 0.0000, 0.0000,-0.7180,0
 0.0000, 0.0000, 0.0000, 3.1415, 0.0000, 0.0000, 0.0000, 0.0000,-0.7180,0
 0.0000, 0.0000, 0.0000, 3.1415, 0.0000, 0.0000, 0.0000, 0.0000,-0.7180,0
 0.0000, 0.0000, 0.0000, 3.1415, 0.0000, 0.0000, 0.0000, 0.0000,-0.7180,0
 0.0000, 0.0000, 0.0000, 3.1415, 0.0000, 0.0000, 0.0000, 0.0000,-0.7180,0
 0.0000, 0.0000, 0.0000, 3.1415, 0.0000, 0.0000, 0.0000, 0.0000,-0.7180,0
 0.0000, 0.0000, 0.0000, 3.1415, 0.0000, 0.0000, 0.0000, 0.0000,-0.7180,0
 0.0000, 0.0000, 0.0000, 3.1415, 0.0000, 0.0000, 0.0000, 0.0000,-0.7180,0
 0.0000, 0.0000, 0.0000, 3.1415, 0.0000, 0.0000, 0.0000, 0.0000,-0.7180,0
 0.0000, 0.0000, 0.0000, 3.1415, 0.0000, 0.0000, 0.0000, 0.0000,-0.7180,0
 0.0000, 0.0000, 0.0000, 3.1415, 0.0000, 0.0000, 0.0000, 0.0000,-0.7180,0
 0.0000, 0.0000, 0.0000, 3.1415, 0.0000, 0.0000, 0.0000, 0.0000,-0.7180,0
 0.0000, 0.0000, 0.0000, 3.1415, 0.0000, 0.0000, 0.0000, 0.0000,-0.7180,0
 0.0000, 0.0000, 0.0000, 3.1415, 0.0000, 0.0000, 0.0000, 0.0000,-0.7180,0
 0.0000, 0.0000, 0.0000, 3.1415, 0.0000, 0.0000, 0.0000, 0.0000,-0.7180,0
 0.0000, 0.0000, 0.0000, 3.1415, 0.0000, 0.0000, 0.0000, 0.0000,-0.7180,0
 0.0000, 0.0000, 0.0000, 3.1415, 0.0000, 0.0000, 0.0000, 0.0000,-0.7180,0
 0.0000, 0.0000, 0.0000, 3.1415, 0.0000, 0.0000, 0.0000, 0.0000,-0.7180,0
 0.0000, 0.0000, 0.0000, 3.1415, 0.0000, 0.0000, 0.0000, 0.0000,-0.7180,0
 0.0000, 0.0000, 0.0000, 3.1415, 0.0000, 0.0000, 0.0000, 0.0000,-0.7180,0
 0.0000, 0.0000, 0.0000, 3.1415, 0.0000, 0.0000, 0.0000, 0.0000,-0.7180,0
 0.0000, 0.0000, 0.0000, 3.1415, 0.0000, 0.0000, 0.0000, 0.0000,-0.7180,0
 0.0000, 0.0000, 0.0000, 3.1415, 0.0000, 0.0000, 0.0000, 0.0000,-0.7180,0
 0.0000, 0.0000, 0.0000, 3.1415, 0.0000, 0.0000, 0.0000, 0.0000,-0.7180,0
 0.0000, 0.0000, 0.0000, 3.1415, 0.0000, 0.0000, 0.0000, 0.0000,-0.7180,0
 0.0000, 0.0000, 0.0000, 3.1415, 0.0000, 0.0000, 0.0000, 0.0000,-0.7180,0
 0.0000, 0.0000, 0.0000, 3.1415, 0.0000, 0.0000, 0.0000, 0.0000,-0.7180,0
 0.0000, 0.0000, 0.0000, 3.1415, 0.0000, 0.0000, 0.0000, 0.0000,-0.7180,0
 0.0000, 0.0000, 0.0000, 3.1415, 0.0000, 0.0000, 0.0000, 0.0000,-0.7180,0
 0.0000, 0.0000, 0.0000, 3.1415, 0.0000, 0.0000, 0.0000, 0.0000,-0.7180,0
 0.0000, 0.0000, 0.0000, 3.1415, 0.0000, 0.0000, 0.0000, 0.0000,-0.7180,0
 0.0000, 0.0000, 0.0000, 3.1415, 0.0000, 0.0000, 0.0000, 0.0000,-0.7180,0
 0.0000, 0.0000, 0.0000, 3.1415, 0.0000, 0.0000, 0.0000, 0.0000,-0.7180,0
 0.0000, 0.0000, 0.0000, 3.1415, 0.0000, 0.0000, 0.0000, 0.0000,-0.7180,0
 0.0000, 0.0000, 0.0000, 3.1415, 0.0000, 0.0000, 0.0000, 0.0000,-0.7180,0
 0.0000, 0.0000, 0.0000, 3.1415, 0.0000, 0.0000, 0.0000, 0.0000,-0.7180,0
 0.0000, 0.0000, 0.0000, 3.1415, 0.0000, 0.0000, 0.0000, 0.0000,-0.7180,0
 0.0000, 0.0000, 0.0000, 3.1415, 0.0000, 0.0000, 0.0000, 0.0000,-0.7180,0
 0.0000, 0.0000, 0.0000, 3.1415, 0.0000, 0.0000, 0.0000, 0.0000,-0.7180,0
 0.0000, 0.0000, 0.0000, 3.1415, 0.0000, 0.0000, 0.0000, 0.0000,-0.7180,0
 0.0000, 0.0000, 0.0000, 3.1415, 0.0000, 0.0000, 0.0000, 0.0000,-0.7180,0
 0.0000, 0.0000, 0.0000, 3.1415, 0.0000, 0.0000, 0.0000, 0.0000,-0.7180,0
 0.0000, 0.0000, 0.0000, 3.1415, 0.0000, 0.0000, 0.0000, 0.0000,-0.7180,0
 0.0000, 0.0000, 0.0000, 3.1415, 0.0000, 0.0000, 0.0000, 0.0000,-0.7180,0
 0.0000, 0.0000, 0.0000, 3.1415, 0.0000, 0.0000, 0.0000, 0.0000,-0.7180,0
 0.0000, 0.0000, 0.0000, 3.1415, 0.0000, 0.0000, 0.0000, 0.0000,-0.7180,0
 0.0000, 0.0000, 0.0000, 3.1415, 0.0000, 0.0000, 0.0000, 0.0000,-0.7180,0
 0.0000, 0.0000, 0.0000, 3.1415, 0.0000, 0.0000, 0.0000, 0.0000,-0.7180,0
 0.0000, 0.0000, 0.0000, 3.1415, 0.0000, 0.0000, 0.0000, 0.0000,-0.7180,0
 0.0000, 0.0000, 0.0000, 3.1415, 0.0000, 0.0000, 0.0000, 0.0000,-0.7180,0
 0.0000, 0.0000, 0.0000, 3.1415, 0.0000, 0.0000, 0.0000, 0.0000,-0.7180,0
 0.0000, 0.0000, 0.0000, 3.1415, 0.0000, 0.0000, 0.0000, 0.0000,-0.7180,0
 0.0000, 0.0000, 0.0000, 3.1415, 0.0000, 0.0000, 0.0000, 0.0000,-0.7180,0
 0.0000, 0.0000, 0.0000, 3.1415, 0.0000, 0.0000, 0.0000, 0.0000,-0.7180,0
 0.0000, 0.0000, 0.0000, 3.1415, 0.0000, 0.0000, 0.0000, 0.0000,-0.7180,0
 0.0000, 0.0000, 0.0000, 3.1415, 0.0000, 0.0000, 0.0000, 0.0000,-0.7180,0
 0.0000, 0.0000, 0.0000, 3.1415, 0.0000, 0.0000, 0.0000, 0.0000,-0.7180,0
 0.0000, 0.0000, 0.0000, 3.1415, 0.0000, 0.0000, 0.0000, 0.0000,-0.7180,0
 0.0000, 0.0000, 0.0000, 3.1415, 0.0000, 0.0000, 0.0000, 0.0000,-0.7180,0
 0.0000, 0.0000, 0.0000, 3.1415, 0.0000, 0.0000, 0.0000, 0.0000,-0.7180,0
 0.0000, 0.0000, 0.0000, 3.1415, 0.0000, 0.0000, 0.0000, 0.0000,-0.7180,0
 0.0000, 0.0000, 0.0000, 3.1415, 0.0000, 0.0000, 0.0000, 0.0000,-0.7180,0
 0.0000, 0.0000, 0.0000, 3.1415, 0.0000, 0.0000, 0.0000, 0.0000,-0.7180,0
 0.0000, 0.0000, 0.0000, 3.1415, 0.0000, 0.0000, 0.0000, 0.0000,-0.7180,0
 0.0000, 0.0000, 0.0000, 3.1415, 0.0000, 0.0000, 0.0000, 0.0000,-0.7180,0
 0.0000, 0.0000, 0.0000, 3.1415, 0.0000, 0.0000, 0.0000, 0.0000,-0.7180,0
 0.0000, 0.0000, 0.0000, 3.1415, 0.0000, 0.0000, 0.0000, 0.0000,-0.7180,0
 0.0000, 0.0000, 0.0000, 3.1415, 0.0000, 0.0000, 0.0000, 0.0000,-0.7180,0
 0.0000, 0.0000, 0.0000, 3.1415, 0.0000, 0.0000, 0.0000, 0.0000,-0.7180,0
 0.0000, 0.0000, 0.0000, 3.1415, 0.0000, 0.0000, 0.0000, 0.0000,-0.7180,0
 0.0000, 0.0000, 0.0000, 3.1415, 0.0000, 0.0000, 0.0000, 0.0000,-0.7180,0
 0.0000, 0.0000, 0.0000, 3.1415, 0.0000, 0.0000, 0.0000, 0.0000,-0.7180,0
 0.0000, 0.0000, 0.0000, 3.1415, 0.0000, 0.0000, 0.0000, 0.0000,-0.7180,0
 0.0000, 0.0000, 0.0000, 3.1415, 0.0000, 0.0000, 0.0000, 0.0000,-0.7180,0
 0.0000, 0.0000, 0.0000, 3.1415, 0.0000, 0.0000, 0.0000, 0.0000,-0.7180,0
 0.0000, 0.0000, 0.0000, 3.1415, 0.0000, 0.0000, 0.0000, 0.0000,-0.7180,0
 0.0000, 0.0000, 0.0000, 3.1415, 0.0000, 0.0000, 0.0000, 0.0000,-0.7180,0
 0.0000, 0.0000, 0.0000, 3.1415, 0.0000, 0.0000, 0.0000, 0.0000,-0.7180,0
 0.0000, 0.0000, 0.0000, 3.1415, 0.0000, 0.0000, 0.0000, 0.0000,-0.7180,0
 0.0000, 0.0000, 0.0000, 3.1415, 0.0000, 0.0000, 0.0000, 0.0000,-0.7180,0
 0.0000, 0.0000, 0.0000, 3.1415, 0.0000, 0.0000, 0.0000, 0.0000,-0.7180,0
 0.0000, 0.0000, 0.0000, 3.1415, 0.0000, 0.0000, 0.0000, 0.0000,-0.7180,0
 0.0000, 0.0000, 0.0000, 3.1415, 0.0000, 0.0000, 0.0000, 0.0000,-0.7180,0
 0.0000, 0.0000, 0.0000, 3.1415, 0.0000, 0.0000, 0.0000, 0.0000,-0.7180,0
 0.0000, 0.0000, 0.0000, 3.1415, 0.0000, 0.0000, 0.0000, 0.0000,-0.7180,0
 0.0000, 0.0000, 0.0000, 3.1415, 0.0000, 0.0000, 0.0000, 0.0000,-0.7180,0
 0.0000, 0.0000, 0.0000, 3.1415, 0.0000, 0.0000, 0.0000, 0.0000,-0.7180,0
 0.0000, 0.0000, 0.0000, 3.1415, 0.0000, 0.0000, 0.0000, 0.0000,-0.7180,0
 0.0000, 0.0000, 0.0000, 3.1415, 0.0060, 0.0000, 0.0000, 0.0000,-0.7180,0
 0.0000, 0.0000, 0.0000, 3.1415, 0.0012, 0.0000, 0.0000, 0.0000,-0.7180,0
 0.0000, 0.0000, 0.0000, 3.1415, 0.0002, 0.0000, 0.0000, 0.0000,-0.7180,0
 0.0001, 0.0000, 0.0000, 3.1415, 0.0061, 0.0000, 0.0000, 0.0000,-0.7180,0
 0.0003, 0.0000, 0.0000, 3.1415, 0.0133, 0.0000, 0.0000, 0.0000,-0.7180,0
 0.0004, 0.0000, 0.0000, 3.1415, 0.0147, 0.0000, 0.0000, 0.0000,-0.7180,0
 0.0007, 0.0000, 0.0000, 3.1415, 0.0272, 0.0000, 0.0000, 0.0000,-0.7180,0
 0.0010, 0.0000,-0.0031, 3.1415, 0.0296,-0.2513, 0.0000, 0.0000,-0.7180,0
 0.0014, 0.0000,-0.0031, 3.1415, 0.0362,-0.0502, 0.0000, 0.0000,-0.7180,0
 0.0019, 0.0000,-0.0062, 3.1415, 0.0496,-0.2613, 0.0000, 0.0000,-0.7180,0
 0.0025, 0.0000,-0.0062, 3.1415, 0.0523,-0.0522, 0.0000, 0.0000,-0.7180,0
 0.0031, 0.0000,-0.0094, 3.1415, 0.0589,-0.2617, 0.0000, 0.0000,-0.7180,0
 0.0037, 0.0000,-0.0094, 3.1415, 0.0663,-0.0523, 0.0000, 0.0000,-0.7180,0
 0.0044, 0.0000,-0.0125, 3.1415, 0.0678,-0.2617, 0.0000, 0.0000,-0.7180,0
 0.0051, 0.0000,-0.0157, 3.1415, 0.0681,-0.3036, 0.0000, 0.0000,-0.7180,0
 0.0058, 0.0000,-0.0157, 3.1415, 0.0681,-0.0607, 0.0000, 0.0000,-0.7180,0
 0.0064, 0.0000,-0.0188, 3.1415, 0.0621,-0.2634, 0.0000, 0.0000,-0.7180,0
 0.0070, 0.0000,-0.0219, 3.1415, 0.0609,-0.3040, 0.0000, 0.0000,-0.7180,0
 0.0076, 0.0000,-0.0219, 3.1415, 0.0606,-0.0608, 0.0000, 0.0000,-0.7180,0
 0.0081, 0.0000,-0.0219, 3.1415, 0.0485,-0.0121, 0.0000, 0.0000,-0.7180,0
 0.0084, 0.0000,-0.0251, 3.1415, 0.0400,-0.2537, 0.0000, 0.0000,-0.7180,0
 0.0087, 0.0000,-0.0251, 3.1415, 0.0322,-0.0507, 0.0000, 0.0000,-0.7180,0
 0.0089, 0.0000,-0.0251, 3.1415, 0.0185,-0.0101, 0.0000, 0.0000,-0.7180,0
 0.0090, 0.0000,-0.0251, 3.1415, 0.0097,-0.0020, 0.0000, 0.0000,-0.7180,0
 0.0090, 0.0000,-0.0219, 3.1415, 0.0019, 0.2509, 0.0000, 0.0000,-0.7180,0
 0.0089, 0.0000,-0.0219, 3.1415,-0.0056, 0.0501, 0.0000, 0.0000,-0.7180,0
 0.0087, 0.0000,-0.0188, 3.1415,-0.0132, 0.2613, 0.0000, 0.0000,-0.7180,0
 0.0086, 0.0000,-0.0188, 3.1415,-0.0147, 0.0522, 0.0000, 0.0000,-0.7180,0
 0.0084, 0.0000,-0.0157, 3.1415,-0.0211, 0.2617, 0.0000, 0.0000,-0.7180,0
 0.0082, 0.0000,-0.0157, 3.1415,-0.0163, 0.0523, 0.0000, 0.0000,-0.7180,0
 0.0080, 0.0000,-0.0125, 3.1415,-0.0214, 0.2617, 0.0000, 0.0000,-0.7180,0
 0.0077, 0.0000,-0.0125, 3.1415,-0.0285, 0.0523, 0.0000, 0.0000,-0.7180,0
 0.0075, 0.0000,-0.0094, 3.1415,-0.0238, 0.2617, 0.0000, 0.0000,-0.7180,0
 0.0072, 0.0000,-0.0062, 3.1415,-0.0290, 0.3036, 0.0000, 0.0000,-0.7180,0
 0.0069, 0.0000,-0.0031, 3.1415,-0.0239, 0.3120, 0.0000, 0.0000,-0.7180,0
 0.0066, 0.0000,-0.0031, 3.1415,-0.0290, 0.0624, 0.0000, 0.0000,-0.7180,0
 0.0064, 0.0000, 0.0000, 3.1415,-0.0240, 0.2638, 0.0000, 0.0000,-0.7180,0
 0.0061, 0.0000, 0.0031, 3.1415,-0.0290, 0.3040, 0.0000, 0.0000,-0.7180,0
 0.0058, 0.0000, 0.0031, 3.1415,-0.0300, 0.0608, 0.0000, 0.0000,-0.7180,0
 0.0055, 0.0000, 0.0062, 3.1415,-0.0302, 0.2634, 0.0000, 0.0000,-0.7180,0
 0.0052, 0.0000, 0.0094, 3.1415,-0.0303, 0.3040, 0.0000, 0.0000,-0.7180,0
 0.0048, 0.0000, 0.0125, 3.1415,-0.0363, 0.3121, 0.0000, 0.0000,-0.7180,0
 0.0045, 0.0000, 0.0125, 3.1415,-0.0315, 0.0624, 0.0000, 0.0000,-0.7180,0
 0.0041, 0.0000, 0.0157, 3.1415,-0.0366, 0.2638, 0.0000, 0.0000,-0.7180,0
 0.0037, 0.0000, 0.0188, 3.1415,-0.0376, 0.3040, 0.0000, 0.0000,-0.7180,0
 0.0034, 0.0000, 0.0219, 3.1415,-0.0317, 0.3121, 0.0000, 0.0000,-0.7180,0
 0.0031, 0.0000, 0.0219, 3.1415,-0.0366, 0.0624, 0.0000, 0.0000,-0.7180,0
 0.0028, 0.0000, 0.0251, 3.1415,-0.0315, 0.2638, 0.0000, 0.0000,-0.7180,0
 0.0025, 0.0000, 0.0251, 3.1415,-0.0305, 0.0527, 0.0000, 0.0000,-0.7180,0
 0.0022, 0.0000, 0.0282, 3.1415,-0.0243, 0.2618, 0.0000, 0.0000,-0.7180,0
 0.0021, 0.0000, 0.0282, 3.1415,-0.0169, 0.0523, 0.0000, 0.0000,-0.7180,0
 0.0019, 0.0000, 0.0314, 3.1415,-0.0155, 0.2618, 0.0000, 0.0000,-0.7180,0
 0.0018, 0.0000, 0.0314, 3.1415,-0.0091, 0.0523, 0.0000, 0.0000,-0.7180,0
 0.0018, 0.0000, 0.0314, 3.1415,-0.0078, 0.0104, 0.0000, 0.0000,-0.7180,0
 0.0018, 0.0000, 0.0314, 3.1415,-0.0015, 0.0020, 0.0000, 0.0000,-0.7180,0
 0.0018, 0.0000, 0.0314, 3.1415,-0.0003, 0.0004, 0.0000, 0.0000,-0.7180,0
 0.0018, 0.0000, 0.0314, 3.1415, 0.0060, 0.0000, 0.0000, 0.0000,-0.7180,0
 0.0018, 0.0000, 0.0314, 3.1415, 0.0012, 0.0000, 0.0000, 0.0000,-0.7180,0
 0.0018, 0.0000, 0.0314, 3.1415, 0.0002, 0.0000, 0.0000, 0.0000,-0.7180,0
 0.0018, 0.0000, 0.0314, 3.1415, 0.0000, 0.0000, 0.0000, 0.0000,-0.7180,0
 0.0018, 0.0000, 0.0314, 3.1415, 0.0000, 0.0000, 0.0000, 0.0000,-0.7180,0
 0.0018, 0.0000, 0.0314, 3.1415, 0.0000, 0.0000, 0.0000, 0.0000,-0.7180,0
 0.0019, 0.0000, 0.0314, 3.1415, 0.0060, 0.0000, 0.0000, 0.0000,-0.7180,0
 0.0019, 0.0000, 0.0314, 3.1415, 0.0012, 0.0000, 0.0000, 0.0000,-0.7180,0
 0.0019, 0.0000, 0.0314, 3.1415, 0.0002, 0.0000, 0.0000, 0.0000,-0.7180,0
 0.0019, 0.0000, 0.0282, 3.1415, 0.0000,-0.2513, 0.0000, 0.0000,-0.7180,0
 0.0019, 0.0000, 0.0282, 3.1415, 0.0000,-0.0502, 0.0000, 0.0000,-0.7180,0
 0.0019, 0.0000, 0.0282, 3.1415, 0.0000,-0.0100, 0.0000, 0.0000,-0.7180,0
 0.0019, 0.0000, 0.0282, 3.1415, 0.0000,-0.0020, 0.0000, 0.0000,-0.7180,0
 0.0019, 0.0000, 0.0251, 3.1415, 0.0000,-0.2517, 0.0000, 0.0000,-0.7180,0
 0.0019, 0.0000, 0.0251, 3.1415, 0.0000,-0.0503, 0.0000, 0.0000,-0.7180,0
 0.0019, 0.0000, 0.0251, 3.1415, 0.0000,-0.0100, 0.0000, 0.0000,-0.7180,0
 0.0019, 0.0000, 0.0219, 3.1415, 0.0000,-0.2533, 0.0000, 0.0000,-0.7180,0
 0.0019, 0.0000, 0.0219, 3.1415, 0.0000,-0.0506, 0.0000, 0.0000,-0.7180,0
 0.0019, 0.0000, 0.0188, 3.1415, 0.0000,-0.2614, 0.0000, 0.0000,-0.7180,0
 0.0019, 0.0000, 0.0188, 3.1415, 0.0000,-0.0522, 0.0000, 0.0000,-0.7180,0
 0.0019, 0.0000, 0.0157, 3.1415, 0.0000,-0.2617, 0.0000, 0.0000,-0.7180,0
 0.0019, 0.0000, 0.0157, 3.1415, 0.0000,-0.0523, 0.0000, 0.0000,-0.7180,0
 0.0019, 0.0000, 0.0125, 3.1415, 0.0000,-0.2617, 0.0000, 0.0000,-0.7180,0
 0.0019, 0.0000, 0.0125, 3.1415, 0.0000,-0.0523, 0.0000, 0.0000,-0.7180,0
 0.0019, 0.0000, 0.0094, 3.1415, 0.0000,-0.2617, 0.0000, 0.0000,-0.7180,0
 0.0019, 0.0000, 0.0094, 3.1415, 0.0000,-0.0523, 0.0000, 0.0000,-0.7180,0
 0.0019, 0.0000, 0.0062, 3.1415, 0.0000,-0.2617, 0.0000, 0.0000,-0.7180,0
 0.0019, 0.0000, 0.0062, 3.1415, 0.0000,-0.0523, 0.0000, 0.0000,-0.7180,0
 0.0019, 0.0000, 0.0031, 3.1415, 0.0000,-0.2617, 0.0000, 0.0000,-0.7180,0
 0.0019, 0.0000, 0.0031, 3.1415, 0.0000,-0.0523, 0.0000, 0.0000,-0.7180,0
 0.0019, 0.0000, 0.0000, 3.1415, 0.0000,-0.2617, 0.0000, 0.0000,-0.7180,0
 0.0019, 0.0000, 0.0000, 3.1415, 0.0000,-0.0523, 0.0000, 0.0000,-0.7180,0
 0.0019, 0.0000,-0.0031, 3.1415, 0.0000,-0.2617, 0.0000, 0.0000,-0.7180,0
 0.0019, 0.0000,-0.0031, 3.1415, 0.0000,-0.0523, 0.0000, 0.0000,-0.7180,0
 0.0019, 0.0000,-0.0062, 3.1415, 0.0000,-0.2617, 0.0000, 0.0000,-0.7180,0
 0.0019, 0.0000,-0.0094, 3.1415, 0.0000,-0.3036, 0.0000, 0.0000,-0.7180,0
 0.0019, 0.0000,-0.0094, 3.1415, 0.0000,-0.0607, 0.0000, 0.0000,-0.7180,0
 0.0019, 0.0000,-0.0125, 3.1415, 0.0000,-0.2634, 0.0000, 0.0000,-0.7180,0
 0.0019, 0.0000,-0.0125, 3.1415, 0.0000,-0.0526, 0.0000, 0.0000,-0.7180,0
 0.0019, 0.0000,-0.0157, 3.1415, 0.0000,-0.2618, 0.0000, 0.0000,-0.7180,0
 0.0019, 0.0000,-0.0157, 3.1415, 0.0000,-0.0523, 0.0000, 0.0000,-0.7180,0
 0.0019, 0.0000,-0.0157, 3.1415, 0.0000,-0.0104, 0.0000, 0.0000,-0.7180,0
 0.0019, 0.0000,-0.0188, 3.1415, 0.0000,-0.2534, 0.0000, 0.0000,-0.7180,0
 0.0019, 0.0000,-0.0188, 3.1415, 0.0000,-0.0506, 0.0000, 0.0000,-0.7180,0
 0.0019, 0.0000,-0.0219, 3.1415, 0.0000,-0.2614, 0.0000, 0.0000,-0.7180,0
 0.0019, 0.0000,-0.0219, 3.1415, 0.0000,-0.0522, 0.0000, 0.0000,-0.7180,0
 0.0019, 0.0000,-0.0219, 3.1415, 0.0000,-0.0104, 0.0000, 0.0000,-0.7180,0
 0.0019, 0.0000,-0.0251, 3.1415, 0.0000,-0.2534, 0.0000, 0.0000,-0.7180,0
 0.0019, 0.0000,-0.0251, 3.1415, 0.0000,-0.0506, 0.0000, 0.0000,-0.7180,0
 0.0019, 0.0000,-0.0251, 3.1415, 0.0000,-0.0101, 0.0000, 0.0000,-0.7180,0
 0.0019, 0.0000,-0.0282, 3.1415, 0.0000,-0.2533, 0.0000, 0.0000,-0.7180,0
 0.0019, 0.0000,-0.0282, 3.1415, 0.0000,-0.0506, 0.0000, 0.0000,-0.7180,0
 0.0019, 0.0000,-0.0282, 3.1415, 0.0000,-0.0101, 0.0000, 0.0000,-0.7180,0
 0.0019, 0.0000,-0.0282, 3.1415, 0.0000,-0.0020, 0.0000, 0.0000,-0.7180,0
 0.0019, 0.0000,-0.0282, 3.1415, 0.0000,-0.0004, 0.0000, 0.0000,-0.7180,0
 0.0019, 0.0000,-0.0282, 3.1415, 0.0000,-0.0000, 0.0000, 0.0000,-0.7180,0
 0.0019, 0.0000,-0.0314, 3.1415, 0.0000,-0.2513, 0.0000, 0.0000,-0.7180,0
 0.0019, 0.0000,-0.0314, 3.1415, 0.0000,-0.0502, 0.0000, 0.0000,-0.7180,0
 0.0019, 0.0000,-0.0314, 3.1415, 0.0000,-0.0100, 0.0000, 0.0000,-0.7180,0
 0.0019, 0.0000,-0.0314, 3.1415, 0.0000,-0.0020, 0.0000, 0.0000,-0.7180,0
 0.0019, 0.0000,-0.0314, 3.1415, 0.0000,-0.0004, 0.0000, 0.0000,-0.7180,0
 0.0019, 0.0000,-0.0314, 3.1415, 0.0000,-0.0000, 0.0000, 0.0000,-0.7180,0
 0.0019, 0.0000,-0.0314, 3.1415, 0.0000,-0.0000, 0.0000, 0.0000,-0.7180,0
 0.0019, 0.0000,-0.0282, 3.1415, 0.0000, 0.2513, 0.0000, 0.0000,-0.7180,0
 0.0019, 0.0000,-0.0282, 3.1415, 0.0000, 0.0502, 0.0000, 0.0000,-0.7180,0
 0.0019, 0.0000,-0.0282, 3.1415, 0.0000, 0.0100, 0.0000, 0.0000,-0.7180,0
 0.0019, 0.0000,-0.0282, 3.1415, 0.0000, 0.0020, 0.0000, 0.0000,-0.7180,0
 0.0019, 0.0000,-0.0282, 3.1415, 0.0000, 0.0004, 0.0000, 0.0000,-0.7180,0
 0.0019, 0.0000,-0.0251, 3.1415, 0.0000, 0.2514, 0.0000, 0.0000,-0.7180,0
 0.0019, 0.0000,-0.0251, 3.1415, 0.0000, 0.0502, 0.0000, 0.0000,-0.7180,0
 0.0019, 0.0000,-0.0251, 3.1415, 0.0000, 0.0100, 0.0000, 0.0000,-0.7180,0
 0.0019, 0.0000,-0.0219, 3.1415, 0.0000, 0.2533, 0.0000, 0.0000,-0.7180,0
 0.0019, 0.0000,-0.0219, 3.1415, 0.0000, 0.0506, 0.0000, 0.0000,-0.7180,0
 0.0019, 0.0000,-0.0219, 3.1415, 0.0000, 0.0101, 0.0000, 0.0000,-0.7180,0
 0.0019, 0.0000,-0.0188, 3.1415, 0.0000, 0.2533, 0.0000, 0.0000,-0.7180,0
 0.0019, 0.0000,-0.0188, 3.1415, 0.0000, 0.0506, 0.0000, 0.0000,-0.7180,0
 0.0019, 0.0000,-0.0157, 3.1415, 0.0000, 0.2614, 0.0000, 0.0000,-0.7180,0
 0.0019, 0.0000,-0.0157, 3.1415, 0.0000, 0.0522, 0.0000, 0.0000,-0.7180,0
 0.0019, 0.0000,-0.0157, 3.1415, 0.0000, 0.0104, 0.0000, 0.0000,-0.7180,0
 0.0019, 0.0000,-0.0125, 3.1415, 0.0000, 0.2534, 0.0000, 0.0000,-0.7180,0
 0.0019, 0.0000,-0.0125, 3.1415, 0.0000, 0.0506, 0.0000, 0.0000,-0.7180,0
 0.0019, 0.0000,-0.0094, 3.1415, 0.0000, 0.2614, 0.0000, 0.0000,-0.7180,0
 0.0019, 0.0000,-0.0094, 3.1415, 0.0000, 0.0522, 0.0000, 0.0000,-0.7180,0
 0.0019, 0.0000,-0.0062, 3.1415, 0.0000, 0.2617, 0.0000, 0.0000,-0.7180,0
 0.0019, 0.0000,-0.0031, 3.1415, 0.0000, 0.3036, 0.0000, 0.0000,-0.7180,0
 0.0019, 0.0000,-0.0031, 3.1415, 0.0000, 0.0607, 0.0000, 0.0000,-0.7180,0
 0.0019, 0.0000, 0.0000, 3.1415, 0.0000, 0.2634, 0.0000, 0.0000,-0.7180,0
 0.0019, 0.0000, 0.0000, 3.1415, 0.0000, 0.0526, 0.0000, 0.0000,-0.7180,0
 0.0019, 0.0000, 0.0031, 3.1415, 0.0000, 0.2618, 0.0000, 0.0000,-0.7180,0
 0.0019, 0.0000, 0.0031, 3.1415, 0.0000, 0.0523, 0.0000, 0.0000,-0.7180,0
 0.0019, 0.0000, 0.0062, 3.1415, 0.0000, 0.2618, 0.0000, 0.0000,-0.7180,0
 0.0019, 0.0000, 0.0062, 3.1415, 0.0000, 0.0523, 0.0000, 0.0000,-0.7180,0
 0.0019, 0.0000, 0.0094, 3.1415, 0.0000, 0.2617, 0.0000, 0.0000,-0.7180,0
 0.0019, 0.0000, 0.0094, 3.1415, 0.0000, 0.0523, 0.0000, 0.0000,-0.7180,0
 0.0019, 0.0000, 0.0125, 3.1415, 0.0000, 0.2617, 0.0000, 0.0000,-0.7180,0
 0.0019, 0.0000, 0.0125, 3.1415, 0.0000, 0.0523, 0.0000, 0.0000,-0.7180,0
 0.0019, 0.0000, 0.0157, 3.1415, 0.0000, 0.2617, 0.0000, 0.0000,-0.7180,0
 0.0019, 0.0000, 0.0157, 3.1415, 0.0000, 0.0523, 0.0000, 0.0000,-0.7180,0
 0.0019, 0.0000, 0.0188, 3.1415, 0.0000, 0.2617, 0.0000, 0.0000,-0.7180,0
 0.0019, 0.0000, 0.0188, 3.1415, 0.0000, 0.0523, 0.0000, 0.0000,-0.7180,0
 0.0019, 0.0000, 0.0219, 3.1415, 0.0000, 0.2617, 0.0000, 0.0000,-0.7180,0
 0.0019, 0.0000, 0.0219, 3.1415, 0.0000, 0.0523, 0.0000, 0.0000,-0.7180,0
 0.0019, 0.0000, 0.0219, 3.1415, 0.0000, 0.0104, 0.0000, 0.0000,-0.7180,0
 0.0019, 0.0000, 0.0251, 3.1415, 0.0000, 0.2534, 0.0000, 0.0000,-0.7180,0
 0.0019, 0.0000, 0.0251, 3.1415, 0.0000, 0.0506, 0.0000, 0.0000,-0.7180,0
 0.0019, 0.0000, 0.0251, 3.1415, 0.0000, 0.0101, 0.0000, 0.0000,-0.7180,0
 0.0019, 0.0000, 0.0282, 3.1415, 0.0000, 0.2533, 0.0000, 0.0000,-0.7180,0
 0.0019, 0.0000, 0.0282, 3.1415, 0.0000, 0.0506, 0.0000, 0.0000,-0.7180,0
 0.0019, 0.0000, 0.0282, 3.1415, 0.0000, 0.0101, 0.0000, 0.0000,-0.7180,0
 0.0019, 0.0000, 0.0282, 3.1415, 0.0000, 0.0020, 0.0000, 0.0000,-0.7180,0
 0.0019, 0.0000, 0.0314, 3.1415, 0.0000, 0.2517, 0.0000, 0.0000,-0.7180,0
 0.0019, 0.0000, 0.0314, 3.1415, 0.0000, 0.0503, 0.0000, 0.0000,-0.7180,0
 0.0019, 0.0000, 0.0314, 3.1415, 0.0000, 0.0100, 0.0000, 0.0000,-0.7180,0
 0.0019, 0.0000, 0.0314, 3.1415, 0.0000, 0.0020, 0.0000, 0.0000,-0.7180,0
 0.0019, 0.0000, 0.0314, 3.1415, 0.0000, 0.0004, 0.0000, 0.0000,-0.7180,0
 0.0019, 0.0000, 0.0314, 3.1415, 0.0000, 0.0000, 0.0000, 0.0000,-0.7180,0
 0.0019, 0.0000, 0.0314, 3.1415, 0.0000, 0.0000, 0.0000, 0.0000,-0.7180,0
 0.0019, 0.0000, 0.0314, 3.1415, 0.0000, 0.0000, 0.0000, 0.0000,-0.7180,0
 0.0019, 0.0000, 0.0314, 3.1415, 0.0000, 0.0000, 0.0000, 0.0000,-0.7180,0
 0.0019, 0.0000, 0.0314, 3.1415, 0.0000, 0.0000, 0.0000, 0.0000,-0.7180,0
 0.0019, 0.0000, 0.0314, 3.1415, 0.0000, 0.0000, 0.0000, 0.0000,-0.7180,0
 0.0019, 0.0000, 0.0314, 3.1415, 0.0000, 0.0000, 0.0000, 0.0000,-0.7180,0
 0.0019, 0.0000, 0.0282, 3.1415, 0.0000,-0.2513, 0.0000, 0.0000,-0.7180,0
 0.0019, 0.0000, 0.0282, 3.1415, 0.0000,-0.0502, 0.0000, 0.0000,-0.7180,0
 0.0019, 0.0000, 0.0282, 3.1415, 0.0000,-0.0100, 0.0000, 0.0000,-0.7180,0
 0.0019, 0.0000, 0.0282, 3.1415, 0.0000,-0.0020, 0.0000, 0.0000,-0.7180,0
 0.0019, 0.0000, 0.0251, 3.1415, 0.0000,-0.2517, 0.0000, 0.0000,-0.7180,0
 0.0019, 0.0000, 0.0251, 3.1415, 0.0000,-0.0503, 0.0000, 0.0000,-0.7180,0
 0.0019, 0.0000, 0.0251, 3.1415, 0.0000,-0.0100, 0.0000, 0.0000,-0.7180,0
 0.0019, 0.0000, 0.0251, 3.1415, 0.0000,-0.0020, 0.0000, 0.0000,-0.7180,0
 0.0019, 0.0000, 0.0219, 3.1415, 0.0000,-0.2517, 0.0000, 0.0000,-0.7180,0
 0.0019, 0.0000, 0.0219, 3.1415, 0.0000,-0.0503, 0.0000, 0.0000,-0.7180,0
 0.0019, 0.0000, 0.0188, 3.1415, 0.0000,-0.2613, 0.0000, 0.0000,-0.7180,0
 0.0019, 0.0000, 0.0188, 3.1415, 0.0000,-0.0522, 0.0000, 0.0000,-0.7180,0
 0.0019, 0.0000, 0.0157, 3.1415, 0.0000,-0.2617, 0.0000, 0.0000,-0.7180,0
 0.0019, 0.0000, 0.0157, 3.1415, 0.0000,-0.0523, 0.0000, 0.0000,-0.7180,0
 0.0019, 0.0000, 0.0157, 3.1415, 0.0000,-0.0104, 0.0000, 0.0000,-0.7180,0
 0.0019, 0.0000, 0.0125, 3.1415, 0.0000,-0.2534, 0.0000, 0.0000,-0.7180,0
 0.0019, 0.0000, 0.0125, 3.1415, 0.0000,-0.0506, 0.0000, 0.0000,-0.7180,0
 0.0019, 0.0000, 0.0094, 3.1415, 0.0000,-0.2614, 0.0000, 0.0000,-0.7180,0
 0.0019, 0.0000, 0.0094, 3.1415, 0.0000,-0.0522, 0.0000, 0.0000,-0.7180,0
 0.0019, 0.0000, 0.0062, 3.1415, 0.0000,-0.2617, 0.0000, 0.0000,-0.7180,0
 0.0019, 0.0000, 0.0031, 3.1415, 0.0000,-0.3036, 0.0000, 0.0000,-0.7180,0
 0.0019, 0.0000, 0.0031, 3.1415, 0.0000,-0.0607, 0.0000, 0.0000,-0.7180,0
 0.0019, 0.0000, 0.0000, 3.1415, 0.0000,-0.2634, 0.0000, 0.0000,-0.7180,0
 0.0019, 0.0000, 0.0000, 3.1415, 0.0000,-0.0526, 0.0000, 0.0000,-0.7180,0
 0.0019, 0.0000,-0.0031, 3.1415, 0.0000,-0.2618, 0.0000, 0.0000,-0.7180,0
 0.0019, 0.0000,-0.0031, 3.1415, 0.0000,-0.0523, 0.0000, 0.0000,-0.7180,0
 0.0019, 0.0000,-0.0062, 3.1415, 0.0000,-0.2618, 0.0000, 0.0000,-0.7180,0
 0.0019, 0.0000,-0.0062, 3.1415, 0.0000,-0.0523, 0.0000, 0.0000,-0.7180,0
 0.0019, 0.0000,-0.0094, 3.1415, 0.0000,-0.2617, 0.0000, 0.0000,-0.7180,0
 0.0019, 0.0000,-0.0094, 3.1415, 0.0000,-0.0523, 0.0000, 0.0000,-0.7180,0
 0.0019, 0.0000,-0.0125, 3.1415, 0.0000,-0.2617, 0.0000, 0.0000,-0.7180,0
 0.0019, 0.0000,-0.0125, 3.1415, 0.0000,-0.0523, 0.0000, 0.0000,-0.7180,0
 0.0019, 0.0000,-0.0157, 3.1415, 0.0000,-0.2617, 0.0000, 0.0000,-0.7180,0
 0.0019, 0.0000,-0.0157, 3.1415, 0.0000,-0.0523, 0.0000, 0.0000,-0.7180,0
 0.0019, 0.0000,-0.0188, 3.1415, 0.0000,-0.2617, 0.0000, 0.0000,-0.7180,0
 0.0019, 0.0000,-0.0188, 3.1415, 0.0000,-0.0523, 0.0000, 0.0000,-0.7180,0
 0.0019, 0.0000,-0.0188, 3.1415, 0.0000,-0.0104, 0.0000, 0.0000,-0.7180,0
 0.0019, 0.0000,-0.0219, 3.1415, 0.0000,-0.2534, 0.0000, 0.0000,-0.7180,0
 0.0019, 0.0000,-0.0219, 3.1415, 0.0000,-0.0506, 0.0000, 0.0000,-0.7180,0
 0.0019, 0.0000,-0.0219, 3.1415, 0.0000,-0.0101, 0.0000, 0.0000,-0.7180,0
 0.0019, 0.0000,-0.0251, 3.1415, 0.0000,-0.2533, 0.0000, 0.0000,-0.7180,0
 0.0019, 0.0000,-0.0251, 3.1415, 0.0000,-0.0506, 0.0000, 0.0000,-0.7180,0
 0.0019, 0.0000,-0.0251, 3.1415, 0.0000,-0.0101, 0.0000, 0.0000,-0.7180,0
 0.0019, 0.0000,-0.0282, 3.1415, 0.0000,-0.2533, 0.0000, 0.0000,-0.7180,0
 0.0019, 0.0000,-0.0282, 3.1415, 0.0000,-0.0506, 0.0000, 0.0000,-0.7180,0
 0.0019, 0.0000,-0.0282, 3.1415, 0.0000,-0.0101, 0.0000, 0.0000,-0.7180,0
 0.0019, 0.0000,-0.0282, 3.1415, 0.0000,-0.0020, 0.0000, 0.0000,-0.7180,0
 0.0019, 0.0000,-0.0282, 3.1415, 0.0000,-0.0004, 0.0000, 0.0000,-0.7180,0
 0.0019, 0.0000,-0.0282, 3.1415, 0.0000,-0.0000, 0.0000, 0.0000,-0.7180,0
 0.0019, 0.0000,-0.0282, 3.1415, 0.0000,-0.0000, 0.0000, 0.0000,-0.7180,0
 0.0019, 0.0000,-0.0282, 3.1415, 0.0000,-0.0000, 0.0000, 0.0000,-0.7180,0
 0.0019, 0.0000,-0.0282, 3.1415, 0.0000,-0.0000, 0.0000, 0.0000,-0.7180,0
 0.0019, 0.0000,-0.0282, 3.1415, 0.0000,-0.0000, 0.0000, 0.0000,-0.7180,0
 0.0019, 0.0000,-0.0282, 3.1415, 0.0000,-0.0000, 0.0000, 0.0000,-0.7180,0
 0.0019, 0.0000,-0.0282, 3.1415, 0.0000,-0.0000, 0.0000, 0.0000,-0.7180,0
 0.0019, 0.0000,-0.0282, 3.1415, 0.0000,-0.0000, 0.0000, 0.0000,-0.7180,0
 0.0019, 0.0000,-0.0282, 3.1415, 0.0000,-0.0000, 0.0000, 0.0000,-0.7180,0
 0.0019, 0.0000,-0.0282, 3.1415, 0.0000,-0.0000, 0.0000, 0.0000,-0.7180,0
 0.0019, 0.0000,-0.0282, 3.1415, 0.0000,-0.0000, 0.0000, 0.0000,-0.7180,0
 0.0019, 0.0000,-0.0282, 3.1415, 0.0000,-0.0000, 0.0000, 0.0000,-0.7180,0
 0.0019, 0.0000,-0.0251, 3.1415, 0.0000, 0.2513, 0.0000, 0.0000,-0.7180,0
 0.0019, 0.0000,-0.0251, 3.1415, 0.0000, 0.0502, 0.0000, 0.0000,-0.7180,0
 0.0019, 0.0000,-0.0251, 3.1415, 0.0000, 0.0100, 0.0000, 0.0000,-0.7180,0
 0.0019, 0.0000,-0.0219, 3.1415, 0.0000, 0.2533, 0.0000, 0.0000,-0.7180,0
 0.0019, 0.0000,-0.0219, 3.1415, 0.0000, 0.0506, 0.0000, 0.0000,-0.7180,0
 0.0019, 0.0000,-0.0219, 3.1415, 0.0000, 0.0101, 0.0000, 0.0000,-0.7180,0
 0.0019, 0.0000,-0.0188, 3.1415, 0.0000, 0.2533, 0.0000, 0.0000,-0.7180,0
 0.0019, 0.0000,-0.0188, 3.1415, 0.0000, 0.0506, 0.0000, 0.0000,-0.7180,0
 0.0019, 0.0000,-0.0188, 3.1415, 0.0000, 0.0101, 0.0000, 0.0000,-0.7180,0
 0.0019, 0.0000,-0.0157, 3.1415, 0.0000, 0.2533, 0.0000, 0.0000,-0.7180,0
 0.0019, 0.0000,-0.0157, 3.1415, 0.0000, 0.0506, 0.0000, 0.0000,-0.7180,0
 0.0019, 0.0000,-0.0125, 3.1415, 0.0000, 0.2614, 0.0000, 0.0000,-0.7180,0
 0.0019, 0.0000,-0.0125, 3.1415, 0.0000, 0.0522, 0.0000, 0.0000,-0.7180,0
 0.0019, 0.0000,-0.0094, 3.1415, 0.0000, 0.2617, 0.0000, 0.0000,-0.7180,0
 0.0019, 0.0000,-0.0094, 3.1415, 0.0000, 0.0523, 0.0000, 0.0000,-0.7180,0
 0.0019, 0.0000,-0.0062, 3.1415, 0.0000, 0.2617, 0.0000, 0.0000,-0.7180,0
 0.0019, 0.0000,-0.0062, 3.1415, 0.0000, 0.0523, 0.0000, 0.0000,-0.7180,0
 0.0019, 0.0000,-0.0031, 3.1415, 0.0000, 0.2617, 0.0000, 0.0000,-0.7180,0
 0.0019, 0.0000,-0.0031, 3.1415, 0.0000, 0.0523, 0.0000, 0.0000,-0.7180,0
 0.0019, 0.0000, 0.0000, 3.1415, 0.0000, 0.2617, 0.0000, 0.0000,-0.7180,0
 0.0019, 0.0000, 0.0000, 3.1415, 0.0000, 0.0523, 0.0000, 0.0000,-0.7180,0
 0.0019, 0.0000, 0.0031, 3.1415, 0.0000, 0.2617, 0.0000, 0.0000,-0.7180,0
 0.0019, 0.0000, 0.0031, 3.1415, 0.0000, 0.0523, 0.0000, 0.0000,-0.7180,0
 0.0019, 0.0000, 0.0062, 3.1415, 0.0000, 0.2617, 0.0000, 0.0000,-0.7180,0
 0.0019, 0.0000, 0.0094, 3.1415, 0.0000, 0.3036, 0.0000, 0.0000,-0.7180,0
 0.0019, 0.0000, 0.0094, 3.1415, 0.0000, 0.0607, 0.0000, 0.0000,-0.7180,0
 0.0019, 0.0000, 0.0125, 3.1415, 0.0000, 0.2634, 0.0000, 0.0000,-0.7180,0
 0.0019, 0.0000, 0.0125, 3.1415, 0.0000, 0.0526, 0.0000, 0.0000,-0.7180,0
 0.0019, 0.0000, 0.0125, 3.1415, 0.0000, 0.0105, 0.0000, 0.0000,-0.7180,0
 0.0019, 0.0000, 0.0157, 3.1415, 0.0000, 0.2534, 0.0000, 0.0000,-0.7180,0
 0.0019, 0.0000, 0.0157, 3.1415, 0.0000, 0.0506, 0.0000, 0.0000,-0.7180,0
 0.0019, 0.0000, 0.0188, 3.1415, 0.0000, 0.2614, 0.0000, 0.0000,-0.7180,0
 0.0019, 0.0000, 0.0188, 3.1415, 0.0000, 0.0522, 0.0000, 0.0000,-0.7180,0
 0.0019, 0.0000, 0.0219, 3.1415, 0.0000, 0.2617, 0.0000, 0.0000,-0.7180,0
 0.0019, 0.0000, 0.0219, 3.1415, 0.0000, 0.0523, 0.0000, 0.0000,-0.7180,0
 0.0019, 0.0000, 0.0219, 3.1415, 0.0000, 0.0104, 0.0000, 0.0000,-0.7180,0
 0.0019, 0.0000, 0.0251, 3.1415, 0.0000, 0.2534, 0.0000, 0.0000,-0.7180,0
 0.0019, 0.0000, 0.0251, 3.1415, 0.0000, 0.0506, 0.0000, 0.0000,-0.7180,0
 0.0019, 0.0000, 0.0251, 3.1415, 0.0000, 0.0101, 0.0000, 0.0000,-0.7180,0
 0.0019, 0.0000, 0.0282, 3.1415, 0.0000, 0.2533, 0.0000, 0.0000,-0.7180,0
 0.0019, 0.0000, 0.0282, 3.1415, 0.0000, 0.0506, 0.0000, 0.0000,-0.7180,0
 0.0019, 0.0000, 0.0282, 3.1415, 0.0000, 0.0101, 0.0000, 0.0000,-0.7180,0
 0.0019, 0.0000, 0.0282, 3.1415, 0.0000, 0.0020, 0.0000, 0.0000,-0.7180,0
 0.0019, 0.0000, 0.0282, 3.1415, 0.0000, 0.0004, 0.0000, 0.0000,-0.7180,0
 0.0019, 0.0000, 0.0314, 3.1415, 0.0000, 0.2514, 0.0000, 0.0000,-0.7180,0
 0.0019, 0.0000, 0.0314, 3.1415, 0.0000, 0.0502, 0.0000, 0.0000,-0.7180,0
 0.0019, 0.0000, 0.0314, 3.1415, 0.0000, 0.0100, 0.0000, 0.0000,-0.7180,0
 0.0019, 0.0000, 0.0314, 3.1415, 0.0000, 0.0020, 0.0000, 0.0000,-0.7180,0
 0.0019, 0.0000, 0.0314, 3.1415, 0.0000, 0.0004, 0.0000, 0.0000,-0.7180,0
 0.0019, 0.0000, 0.0314, 3.1415, 0.0000, 0.0000, 0.0000, 0.0000,-0.7180,0
 0.0019, 0.0000, 0.0314, 3.1415, 0.0000, 0.0000, 0.0000, 0.0000,-0.7180,0
 0.0019, 0.0000, 0.0314, 3.1415, 0.0000, 0.0000, 0.0000, 0.0000,-0.7180,0
 0.0019, 0.0000, 0.0314, 3.1415, 0.0000, 0.0000, 0.0000, 0.0000,-0.7180,0
 0.0019, 0.0000, 0.0314, 3.1415, 0.0000, 0.0000, 0.0000, 0.0000,-0.7180,0
 0.0019, 0.0000, 0.0282, 3.1415, 0.0000,-0.2513, 0.0000, 0.0000,-0.7180,0
 0.0019, 0.0000, 0.0282, 3.1415, 0.0000,-0.0502, 0.0000, 0.0000,-0.7180,0
 0.0019, 0.0000, 0.0282, 3.1415, 0.0000,-0.0100, 0.0000, 0.0000,-0.7180,0
 0.0019, 0.0000, 0.0282, 3.1415, 0.0000,-0.0020, 0.0000, 0.0000,-0.7180,0
 0.0019, 0.0000, 0.0251, 3.1415, 0.0000,-0.2517, 0.0000, 0.0000,-0.7180,0
 0.0019, 0.0000, 0.0251, 3.1415, 0.0000,-0.0503, 0.0000, 0.0000,-0.7180,0
 0.0019, 0.0000, 0.0251, 3.1415, 0.0000,-0.0100, 0.0000, 0.0000,-0.7180,0
 0.0019, 0.0000, 0.0251, 3.1415, 0.0000,-0.0020, 0.0000, 0.0000,-0.7180,0
 0.0019, 0.0000, 0.0219, 3.1415, 0.0000,-0.2517, 0.0000, 0.0000,-0.7180,0
 0.0019, 0.0000, 0.0219, 3.1415, 0.0000,-0.0503, 0.0000, 0.0000,-0.7180,0
 0.0019, 0.0000, 0.0188, 3.1415, 0.0000,-0.2613, 0.0000, 0.0000,-0.7180,0
 0.0019, 0.0000, 0.0188, 3.1415, 0.0000,-0.0522, 0.0000, 0.0000,-0.7180,0
 0.0019, 0.0000, 0.0188, 3.1415, 0.0000,-0.0104, 0.0000, 0.0000,-0.7180,0
 0.0019, 0.0000, 0.0157, 3.1415, 0.0000,-0.2534, 0.0000, 0.0000,-0.7180,0
 0.0019, 0.0000, 0.0157, 3.1415, 0.0000,-0.0506, 0.0000, 0.0000,-0.7180,0
 0.0019, 0.0000, 0.0125, 3.1415, 0.0000,-0.2614, 0.0000, 0.0000,-0.7180,0
 0.0019, 0.0000, 0.0125, 3.1415, 0.0000,-0.0522, 0.0000, 0.0000,-0.7180,0
 0.0019, 0.0000, 0.0094, 3.1415, 0.0000,-0.2617, 0.0000, 0.0000,-0.7180,0
 0.0019, 0.0000, 0.0094, 3.1415, 0.0000,-0.0523, 0.0000, 0.0000,-0.7180,0
 0.0019, 0.0000, 0.0062, 3.1415, 0.0000,-0.2617, 0.0000, 0.0000,-0.7180,0
 0.0019, 0.0000, 0.0062, 3.1415, 0.0000,-0.0523, 0.0000, 0.0000,-0.7180,0
 0.0019, 0.0000, 0.0031, 3.1415, 0.0000,-0.2617, 0.0000, 0.0000,-0.7180,0
 0.0019, 0.0000, 0.0031, 3.1415, 0.0000,-0.0523, 0.0000, 0.0000,-0.7180,0
 0.0019, 0.0000, 0.0000, 3.1415, 0.0000,-0.2617, 0.0000, 0.0000,-0.7180,0
 0.0019, 0.0000, 0.0000, 3.1415, 0.0000,-0.0523, 0.0000, 0.0000,-0.7180,0
 0.0019, 0.0000,-0.0031, 3.1415, 0.0000,-0.2617, 0.0000, 0.0000,-0.7180,0
 0.0019, 0.0000,-0.0031, 3.1415, 0.0000,-0.0523, 0.0000, 0.0000,-0.7180,0
 0.0019, 0.0000,-0.0062, 3.1415, 0.0000,-0.2617, 0.0000, 0.0000,-0.7180,0
 0.0019, 0.0000,-0.0062, 3.1415, 0.0000,-0.0523, 0.0000, 0.0000,-0.7180,0
 0.0019, 0.0000,-0.0094, 3.1415, 0.0000,-0.2617, 0.0000, 0.0000,-0.7180,0
 0.0019, 0.0000,-0.0094, 3.1415, 0.0000,-0.0523, 0.0000, 0.0000,-0.7180,0
 0.0019, 0.0000,-0.0125, 3.1415, 0.0000,-0.2617, 0.0000, 0.0000,-0.7180,0
 0.0019, 0.0000,-0.0125, 3.1415, 0.0000,-0.0523, 0.0000, 0.0000,-0.7180,0
 0.0019, 0.0000,-0.0157, 3.1415, 0.0000,-0.2617, 0.0000, 0.0000,-0.7180,0
 0.0019, 0.0000,-0.0157, 3.1415, 0.0000,-0.0523, 0.0000, 0.0000,-0.7180,0
 0.0019, 0.0000,-0.0188, 3.1415, 0.0000,-0.2617, 0.0000, 0.0000,-0.7180,0
 0.0019, 0.0000,-0.0188, 3.1415, 0.0000,-0.0523, 0.0000, 0.0000,-0.7180,0
 0.0019, 0.0000,-0.0188, 3.1415, 0.0000,-0.0104, 0.0000, 0.0000,-0.7180,0
 0.0019, 0.0000,-0.0219, 3.1415, 0.0000,-0.2534, 0.0000, 0.0000,-0.7180,0
 0.0019, 0.0000,-0.0219, 3.1415, 0.0000,-0.0506, 0.0000, 0.0000,-0.7180,0
 0.0019, 0.0000,-0.0219, 3.1415, 0.0000,-0.0101, 0.0000, 0.0000,-0.7180,0
 0.0019, 0.0000,-0.0251, 3.1415, 0.0000,-0.2533, 0.0000, 0.0000,-0.7180,0
 0.0019, 0.0000,-0.0251, 3.1415, 0.0000,-0.0506, 0.0000, 0.0000,-0.7180,0
 0.0019, 0.0000,-0.0251, 3.1415, 0.0000,-0.0101, 0.0000, 0.0000,-0.7180,0
 0.0019, 0.0000,-0.0251, 3.1415, 0.0000,-0.0020, 0.0000, 0.0000,-0.7180,0
 0.0019, 0.0000,-0.0282, 3.1415, 0.0000,-0.2517, 0.0000, 0.0000,-0.7180,0
 0.0019, 0.0000,-0.0282, 3.1415, 0.0000,-0.0503, 0.0000, 0.0000,-0.7180,0
 0.0019, 0.0000,-0.0282, 3.1415, 0.0000,-0.0100, 0.0000, 0.0000,-0.7180,0
 0.0019, 0.0000,-0.0282, 3.1415, 0.0000,-0.0020, 0.0000, 0.0000,-0.7180,0
 0.0019, 0.0000,-0.0282, 3.1415, 0.0000,-0.0004, 0.0000, 0.0000,-0.7180,0
 0.0019, 0.0000,-0.0282, 3.1415, 0.0000,-0.0000, 0.0000, 0.0000,-0.7180,0
 0.0019, 0.0000,-0.0282, 3.1415, 0.0000,-0.0000, 0.0000, 0.0000,-0.7180,0
 0.0019, 0.0000,-0.0282, 3.1415, 0.0000,-0.0000, 0.0000, 0.0000,-0.7180,0
 0.0019, 0.0000,-0.0282, 3.1415, 0.0000,-0.0000, 0.0000, 0.0000,-0.7180,0
 0.0019, 0.0000,-0.0282, 3.1415, 0.0000,-0.0000, 0.0000, 0.0000,-0.7180,0
 0.0019, 0.0000,-0.0282, 3.1415, 0.0000,-0.0000, 0.0000, 0.0000,-0.7180,0
 0.0019, 0.0000,-0.0282, 3.1415, 0.0000,-0.0000, 0.0000, 0.0000,-0.7180,0
 0.0019, 0.0000,-0.0282, 3.1415, 0.0000,-0.0000, 0.0000, 0.0000,-0.7180,0
 0.0019, 0.0000,-0.0282, 3.1415, 0.0000,-0.0000, 0.0000, 0.0000,-0.7180,0
 0.0019, 0.0000,-0.0251, 3.1415, 0.0000, 0.2513, 0.0000, 0.0000,-0.7180,0
 0.0019, 0.0000,-0.0251, 3.1415, 0.0000, 0.0502, 0.0000, 0.0000,-0.7180,0
 0.0019, 0.0000,-0.0251, 3.1415, 0.0000, 0.0100, 0.0000, 0.0000,-0.7180,0
 0.0019, 0.0000,-0.0251, 3.1415, 0.0000, 0.0020, 0.0000, 0.0000,-0.7180,0
 0.0019, 0.0000,-0.0251, 3.1415, 0.0000, 0.0004, 0.0000, 0.0000,-0.7180,0
 0.0019, 0.0000,-0.0219, 3.1415, 0.0000, 0.2514, 0.0000, 0.0000,-0.7180,0
 0.0019, 0.0000,-0.0219, 3.1415, 0.0000, 0.0502, 0.0000, 0.0000,-0.7180,0
 0.0019, 0.0000,-0.0188, 3.1415, 0.0000, 0.2613, 0.0000, 0.0000,-0.7180,0
 0.0019, 0.0000,-0.0188, 3.1415, 0.0000, 0.0522, 0.0000, 0.0000,-0.7180,0
 0.0019, 0.0000,-0.0188, 3.1415, 0.0000, 0.0104, 0.0000, 0.0000,-0.7180,0
 0.0019, 0.0000,-0.0157, 3.1415, 0.0000, 0.2534, 0.0000, 0.0000,-0.7180,0
 0.0019, 0.0000,-0.0157, 3.1415, 0.0000, 0.0506, 0.0000, 0.0000,-0.7180,0
 0.0019, 0.0000,-0.0125, 3.1415, 0.0000, 0.2614, 0.0000, 0.0000,-0.7180,0
 0.0019, 0.0000,-0.0125, 3.1415, 0.0000, 0.0522, 0.0000, 0.0000,-0.7180,0
 0.0019, 0.0000,-0.0094, 3.1415, 0.0000, 0.2617, 0.0000, 0.0000,-0.7180,0
 0.0019, 0.0000,-0.0094, 3.1415, 0.0000, 0.0523, 0.0000, 0.0000,-0.7180,0
 0.0019, 0.0000,-0.0062, 3.1415, 0.0000, 0.2617, 0.0000, 0.0000,-0.7180,0
 0.0019, 0.0000,-0.0062, 3.1415, 0.0000, 0.0523, 0.0000, 0.0000,-0.7180,0
 0.0019, 0.0000,-0.0031, 3.1415, 0.0000, 0.2617, 0.0000, 0.0000,-0.7180,0
 0.0019, 0.0000,-0.0031, 3.1415, 0.0000, 0.0523, 0.0000, 0.0000,-0.7180,0
 0.0019, 0.0000, 0.0000, 3.1415, 0.0000, 0.2617, 0.0000, 0.0000,-0.7180,0
 0.0019, 0.0000, 0.0000, 3.1415, 0.0000, 0.0523, 0.0000, 0.0000,-0.7180,0
 0.0019, 0.0000, 0.0031, 3.1415, 0.0000, 0.2617, 0.0000, 0.0000,-0.7180,0
 0.0019, 0.0000, 0.0031, 3.1415, 0.0000, 0.0523, 0.0000, 0.0000,-0.7180,0
 0.0019, 0.0000, 0.0062, 3.1415, 0.0000, 0.2617, 0.0000, 0.0000,-0.7180,0
 0.0019, 0.0000, 0.0062, 3.1415, 0.0000, 0.0523, 0.0000, 0.0000,-0.7180,0
 0.0019, 0.0000, 0.0094, 3.1415, 0.0000, 0.2617, 0.0000, 0.0000,-0.7180,0
 0.0019, 0.0000, 0.0094, 3.1415, 0.0000, 0.0523, 0.0000, 0.0000,-0.7180,0
 0.0019, 0.0000, 0.0125, 3.1415, 0.0000, 0.2617, 0.0000, 0.0000,-0.7180,0
 0.0019, 0.0000, 0.0125, 3.1415, 0.0000, 0.0523, 0.0000, 0.0000,-0.7180,0
 0.0019, 0.0000, 0.0157, 3.1415, 0.0000, 0.2617, 0.0000, 0.0000,-0.7180,0
 0.0019, 0.0000, 0.0157, 3.1415, 0.0000, 0.0523, 0.0000, 0.0000,-0.7180,0
 0.0019, 0.0000, 0.0157, 3.1415, 0.0000, 0.0104, 0.0000, 0.0000,-0.7180,0
 0.0019, 0.0000, 0.0188, 3.1415, 0.0000, 0.2534, 0.0000, 0.0000,-0.7180,0
 0.0019, 0.0000, 0.0188, 3.1415, 0.0000, 0.0506, 0.0000, 0.0000,-0.7180,0
 0.0019, 0.0000, 0.0219, 3.1415, 0.0000, 0.2614, 0.0000, 0.0000,-0.7180,0
 0.0019, 0.0000, 0.0219, 3.1415, 0.0000, 0.0522, 0.0000, 0.0000,-0.7180,0
 0.0019, 0.0000, 0.0219, 3.1415, 0.0000, 0.0104, 0.0000, 0.0000,-0.7180,0
 0.0019, 0.0000, 0.0251, 3.1415, 0.0000, 0.2534, 0.0000, 0.0000,-0.7180,0
 0.0019, 0.0000, 0.0251, 3.1415, 0.0000, 0.0506, 0.0000, 0.0000,-0.7180,0
 0.0019, 0.0000, 0.0251, 3.1415, 0.0000, 0.0101, 0.0000, 0.0000,-0.7180,0
 0.0019, 0.0000, 0.0282, 3.1415, 0.0000, 0.2533, 0.0000, 0.0000,-0.7180,0
 0.0019, 0.0000, 0.0282, 3.1415, 0.0000, 0.0506, 0.0000, 0.0000,-0.7180,0
 0.0019, 0.0000, 0.0282, 3.1415, 0.0000, 0.0101, 0.0000, 0.0000,-0.7180,0
 0.0019, 0.0000, 0.0282, 3.1415, 0.0000, 0.0020, 0.0000, 0.0000,-0.7180,0
 0.0019, 0.0000, 0.0282, 3.1415, 0.0000, 0.0004, 0.0000, 0.0000,-0.7180,0
 0.0019, 0.0000, 0.0282, 3.1415, 0.0000, 0.0000, 0.0000, 0.0000,-0.7180,0
 0.0019, 0.0000, 0.0282, 3.1415, 0.0000, 0.0000, 0.0000, 0.0000,-0.7180,0
 0.0019, 0.0000, 0.0314, 3.1415, 0.0000, 0.2513, 0.0000, 0.0000,-0.7180,0
 0.0019, 0.0000, 0.0314, 3.1415, 0.0000, 0.0502, 0.0000, 0.0000,-0.7180,0
 0.0019, 0.0000, 0.0314, 3.1415, 0.0000, 0.0100, 0.0000, 0.0000,-0.7180,0
 0.0019, 0.0000, 0.0314, 3.1415, 0.0000, 0.0020, 0.0000, 0.0000,-0.7180,0
 0.0019, 0.0000, 0.0314, 3.1415, 0.0000, 0.0004, 0.0000, 0.0000,-0.7180,0
 0.0019, 0.0000, 0.0282, 3.1415, 0.0000,-0.2512, 0.0000, 0.0000,-0.7180,0
 0.0019, 0.0000, 0.0282, 3.1415, 0.0000,-0.0502, 0.0000, 0.0000,-0.7180,0
 0.0019, 0.0000, 0.0282, 3.1415, 0.0000,-0.0100, 0.0000, 0.0000,-0.7180,0
 0.0019, 0.0000, 0.0282, 3.1415, 0.0000,-0.0020, 0.0000, 0.0000,-0.7180,0
 0.0019, 0.0000, 0.0282, 3.1415, 0.0000,-0.0004, 0.0000, 0.0000,-0.7180,0
 0.0019, 0.0000, 0.0282, 3.1415, 0.0000,-0.0000, 0.0000, 0.0000,-0.7180,0
 0.0019, 0.0000, 0.0251, 3.1415, 0.0000,-0.2513, 0.0000, 0.0000,-0.7180,0
 0.0019, 0.0000, 0.0251, 3.1415, 0.0000,-0.0502, 0.0000, 0.0000,-0.7180,0
 0.0019, 0.0000, 0.0251, 3.1415, 0.0000,-0.0100, 0.0000, 0.0000,-0.7180,0
 0.0019, 0.0000, 0.0251, 3.1415, 0.0000,-0.0020, 0.0000, 0.0000,-0.7180,0
 0.0019, 0.0000, 0.0219, 3.1415, 0.0000,-0.2517, 0.0000, 0.0000,-0.7180,0
 0.0019, 0.0000, 0.0219, 3.1415, 0.0000,-0.0503, 0.0000, 0.0000,-0.7180,0
 0.0019, 0.0000, 0.0219, 3.1415, 0.0000,-0.0100, 0.0000, 0.0000,-0.7180,0
 0.0019, 0.0000, 0.0188, 3.1415, 0.0000,-0.2533, 0.0000, 0.0000,-0.7180,0
 0.0019, 0.0000, 0.0188, 3.1415, 0.0000,-0.0506, 0.0000, 0.0000,-0.7180,0
 0.0019, 0.0000, 0.0157, 3.1415, 0.0000,-0.2614, 0.0000, 0.0000,-0.7180,0
 0.0019, 0.0000, 0.0157, 3.1415, 0.0000,-0.0522, 0.0000, 0.0000,-0.7180,0
 0.0019, 0.0000, 0.0125, 3.1415, 0.0000,-0.2617, 0.0000, 0.0000,-0.7180,0
 0.0019, 0.0000, 0.0125, 3.1415, 0.0000,-0.0523, 0.0000, 0.0000,-0.7180,0
 0.0019, 0.0000, 0.0094, 3.1415, 0.0000,-0.2617, 0.0000, 0.0000,-0.7180,0
 0.0019, 0.0000, 0.0094, 3.1415, 0.0000,-0.0523, 0.0000, 0.0000,-0.7180,0
 0.0019, 0.0000, 0.0062, 3.1415, 0.0000,-0.2617, 0.0000, 0.0000,-0.7180,0
 0.0019, 0.0000, 0.0062, 3.1415, 0.0000,-0.0523, 0.0000, 0.0000,-0.7180,0
 0.0019, 0.0000, 0.0031, 3.1415, 0.0000,-0.2617, 0.0000, 0.0000,-0.7180,0
 0.0019, 0.0000, 0.0031, 3.1415, 0.0000,-0.0523, 0.0000, 0.0000,-0.7180,0
 0.0019, 0.0000, 0.0000, 3.1415, 0.0000,-0.2617, 0.0000, 0.0000,-0.7180,0
 0.0019, 0.0000, 0.0000, 3.1415, 0.0000,-0.0523, 0.0000, 0.0000,-0.7180,0
 0.0019, 0.0000,-0.0031, 3.1415, 0.0000,-0.2617, 0.0000, 0.0000,-0.7180,0
 0.0019, 0.0000,-0.0031, 3.1415, 0.0000,-0.0523, 0.0000, 0.0000,-0.7180,0
 0.0019, 0.0000,-0.0062, 3.1415, 0.0000,-0.2617, 0.0000, 0.0000,-0.7180,0
 0.0019, 0.0000,-0.0062, 3.1415, 0.0000,-0.0523, 0.0000, 0.0000,-0.7180,0
 0.0019, 0.0000,-0.0094, 3.1415, 0.0000,-0.2617, 0.0000, 0.0000,-0.7180,0
 0.0019, 0.0000,-0.0094, 3.1415, 0.0000,-0.0523, 0.0000, 0.0000,-0.7180,0
 0.0019, 0.0000,-0.0125, 3.1415, 0.0000,-0.2617, 0.0000, 0.0000,-0.7180,0
 0.0019, 0.0000,-0.0125, 3.1415, 0.0000,-0.0523, 0.0000, 0.0000,-0.7180,0
 0.0019, 0.0000,-0.0125, 3.1415, 0.0000,-0.0104, 0.0000, 0.0000,-0.7180,0
 0.0019, 0.0000,-0.0157, 3.1415, 0.0000,-0.2534, 0.0000, 0.0000,-0.7180,0
 0.0019, 0.0000,-0.0157, 3.1415, 0.0000,-0.0506, 0.0000, 0.0000,-0.7180,0
 0.0019, 0.0000,-0.0188, 3.1415, 0.0000,-0.2614, 0.0000, 0.0000,-0.7180,0
 0.0019, 0.0000,-0.0188, 3.1415, 0.0000,-0.0522, 0.0000, 0.0000,-0.7180,0
 0.0019, 0.0000,-0.0188, 3.1415, 0.0000,-0.0104, 0.0000, 0.0000,-0.7180,0
 0.0019, 0.0000,-0.0219, 3.1415, 0.0000,-0.2534, 0.0000, 0.0000,-0.7180,0
 0.0019, 0.0000,-0.0219, 3.1415, 0.0000,-0.0506, 0.0000, 0.0000,-0.7180,0
 0.0019, 0.0000,-0.0219, 3.1415, 0.0000,-0.0101, 0.0000, 0.0000,-0.7180,0
 0.0019, 0.0000,-0.0251, 3.1415, 0.0000,-0.2533, 0.0000, 0.0000,-0.7180,0
 0.0019, 0.0000,-0.0251, 3.1415, 0.0000,-0.0506, 0.0000, 0.0000,-0.7180,0
 0.0019, 0.0000,-0.0251, 3.1415, 0.0000,-0.0101, 0.0000, 0.0000,-0.7180,0
 0.0019, 0.0000,-0.0251, 3.1415, 0.0000,-0.0020, 0.0000, 0.0000,-0.7180,0
 0.0019, 0.0000,-0.0282, 3.1415, 0.0000,-0.2517, 0.0000, 0.0000,-0.7180,0
 0.0019, 0.0000,-0.0282, 3.1415, 0.0000,-0.0503, 0.0000, 0.0000,-0.7180,0
 0.0019, 0.0000,-0.0282, 3.1415, 0.0000,-0.0100, 0.0000, 0.0000,-0.7180,0
 0.0019, 0.0000,-0.0282, 3.1415, 0.0000,-0.0020, 0.0000, 0.0000,-0.7180,0
 0.0019, 0.0000,-0.0282, 3.1415, 0.0000,-0.0004, 0.0000, 0.0000,-0.7180,0
 0.0019, 0.0000,-0.0282, 3.1415, 0.0000,-0.0000, 0.0000, 0.0000,-0.7180,0
 0.0019, 0.0000,-0.0282, 3.1415, 0.0000,-0.0000, 0.0000, 0.0000,-0.7180,0
 0.0019, 0.0000,-0.0282, 3.1415, 0.0000,-0.0000, 0.0000, 0.0000,-0.7180,0
 0.0019, 0.0000,-0.0282, 3.1415, 0.0000,-0.0000, 0.0000, 0.0000,-0.7180,0
 0.0019, 0.0000,-0.0282, 3.1415, 0.0000,-0.0000, 0.0000, 0.0000,-0.7180,0
 0.0019, 0.0000,-0.0282, 3.1415, 0.0000,-0.0000, 0.0000, 0.0000,-0.7180,0
 0.0019, 0.0000,-0.0282, 3.1415, 0.0000,-0.0000, 0.0000, 0.0000,-0.7180,0
 0.0019, 0.0000,-0.0282, 3.1415, 0.0000,-0.0000, 0.0000, 0.0000,-0.7180,0
 0.0019, 0.0000,-0.0251, 3.1415, 0.0000, 0.2513, 0.0000, 0.0000,-0.7180,0
 0.0019, 0.0000,-0.0251, 3.1415, 0.0000, 0.0502, 0.0000, 0.0000,-0.7180,0
 0.0019, 0.0000,-0.0251, 3.1415, 0.0000, 0.0100, 0.0000, 0.0000,-0.7180,0
 0.0019, 0.0000,-0.0251, 3.1415, 0.0000, 0.0020, 0.0000, 0.0000,-0.7180,0
 0.0019, 0.0000,-0.0251, 3.1415, 0.0000, 0.0004, 0.0000, 0.0000,-0.7180,0
 0.0019, 0.0000,-0.0219, 3.1415, 0.0000, 0.2514, 0.0000, 0.0000,-0.7180,0
 0.0019, 0.0000,-0.0219, 3.1415, 0.0000, 0.0502, 0.0000, 0.0000,-0.7180,0
 0.0019, 0.0000,-0.0219, 3.1415, 0.0000, 0.0100, 0.0000, 0.0000,-0.7180,0
 0.0019, 0.0000,-0.0188, 3.1415, 0.0000, 0.2533, 0.0000, 0.0000,-0.7180,0
 0.0019, 0.0000,-0.0188, 3.1415, 0.0000, 0.0506, 0.0000, 0.0000,-0.7180,0
 0.0019, 0.0000,-0.0157, 3.1415, 0.0000, 0.2614, 0.0000, 0.0000,-0.7180,0
 0.0019, 0.0000,-0.0157, 3.1415, 0.0000, 0.0522, 0.0000, 0.0000,-0.7180,0
 0.0019, 0.0000,-0.0125, 3.1415, 0.0000, 0.2617, 0.0000, 0.0000,-0.7180,0
 0.0019, 0.0000,-0.0125, 3.1415, 0.0000, 0.0523, 0.0000, 0.0000,-0.7180,0
 0.0019, 0.0000,-0.0125, 3.1415, 0.0000, 0.0104, 0.0000, 0.0000,-0.7180,0
 0.0019, 0.0000,-0.0094, 3.1415, 0.0000, 0.2534, 0.0000, 0.0000,-0.7180,0
 0.0019, 0.0000,-0.0094, 3.1415, 0.0000, 0.0506, 0.0000, 0.0000,-0.7180,0
 0.0019, 0.0000,-0.0062, 3.1415, 0.0000, 0.2614, 0.0000, 0.0000,-0.7180,0
 0.0019, 0.0000,-0.0062, 3.1415, 0.0000, 0.0522, 0.0000, 0.0000,-0.7180,0
 0.0019, 0.0000,-0.0031, 3.1415, 0.0000, 0.2617, 0.0000, 0.0000,-0.7180,0
 0.0019, 0.0000,-0.0031, 3.1415, 0.0000, 0.0523, 0.0000, 0.0000,-0.7180,0
 0.0019, 0.0000, 0.0000, 3.1415, 0.0000, 0.2617, 0.0000, 0.0000,-0.7180,0
 0.0019, 0.0000, 0.0000, 3.1415, 0.0000, 0.0523, 0.0000, 0.0000,-0.7180,0
 0.0019, 0.0000, 0.0031, 3.1415, 0.0000, 0.2617, 0.0000, 0.0000,-0.7180,0
 0.0019, 0.0000, 0.0031, 3.1415, 0.0000, 0.0523, 0.0000, 0.0000,-0.7180,0
 0.0019, 0.0000, 0.0062, 3.1415, 0.0000, 0.2617, 0.0000, 0.0000,-0.7180,0
 0.0019, 0.0000, 0.0062, 3.1415, 0.0000, 0.0523, 0.0000, 0.0000,-0.7180,0
 0.0019, 0.0000, 0.0094, 3.1415, 0.0000, 0.2617, 0.0000, 0.0000,-0.7180,0
 0.0019, 0.0000, 0.0094, 3.1415, 0.0000, 0.0523, 0.0000, 0.0000,-0.7180,0
 0.0019, 0.0000, 0.0125, 3.1415, 0.0000, 0.2617, 0.0000, 0.0000,-0.7180,0
 0.0019, 0.0000, 0.0125, 3.1415, 0.0000, 0.0523, 0.0000, 0.0000,-0.7180,0
 0.0019, 0.0000, 0.0157, 3.1415, 0.0000, 0.2617, 0.0000, 0.0000,-0.7180,0
 0.0019, 0.0000, 0.0157, 3.1415, 0.0000, 0.0523, 0.0000, 0.0000,-0.7180,0
 0.0019, 0.0000, 0.0188, 3.1415, 0.0000, 0.2617, 0.0000, 0.0000,-0.7180,0
 0.0019, 0.0000, 0.0188, 3.1415, 0.0000, 0.0523, 0.0000, 0.0000,-0.7180,0
 0.0019, 0.0000, 0.0188, 3.1415, 0.0000, 0.0104, 0.0000, 0.0000,-0.7180,0
 0.0019, 0.0000, 0.0219, 3.1415, 0.0000, 0.2534, 0.0000, 0.0000,-0.7180,0
 0.0019, 0.0000, 0.0219, 3.1415, 0.0000, 0.0506, 0.0000, 0.0000,-0.7180,0
 0.0019, 0.0000, 0.0219, 3.1415, 0.0000, 0.0101, 0.0000, 0.0000,-0.7180,0
 0.0019, 0.0000, 0.0251, 3.1415, 0.0000, 0.2533, 0.0000, 0.0000,-0.7180,0
 0.0019, 0.0000, 0.0251, 3.1415, 0.0000, 0.0506, 0.0000, 0.0000,-0.7180,0
 0.0019, 0.0000, 0.0251, 3.1415, 0.0000, 0.0101, 0.0000, 0.0000,-0.7180,0
 0.0019, 0.0000, 0.0251, 3.1415, 0.0000, 0.0020, 0.0000, 0.0000,-0.7180,0
 0.0019, 0.0000, 0.0282, 3.1415, 0.0000, 0.2517, 0.0000, 0.0000,-0.7180,0
 0.0019, 0.0000, 0.0282, 3.1415, 0.0000, 0.0503, 0.0000, 0.0000,-0.7180,0
 0.0019, 0.0000, 0.0282, 3.1415, 0.0000, 0.0100, 0.0000, 0.0000,-0.7180,0
 0.0019, 0.0000, 0.0282, 3.1415, 0.0000, 0.0020, 0.0000, 0.0000,-0.7180,0
 0.0019, 0.0000, 0.0282, 3.1415, 0.0000, 0.0004, 0.0000, 0.0000,-0.7180,0
 0.0019, 0.0000, 0.0282, 3.1415, 0.0000, 0.0000, 0.0000, 0.0000,-0.7180,0
 0.0019, 0.0000, 0.0282, 3.1415, 0.0000, 0.0000, 0.0000, 0.0000,-0.7180,0
 0.0019, 0.0000, 0.0282, 3.1415, 0.0000, 0.0000, 0.0000, 0.0000,-0.7180,0
 0.0019, 0.0000, 0.0282, 3.1415, 0.0000, 0.0000, 0.0000, 0.0000,-0.7180,0
 0.0019, 0.0000, 0.0282, 3.1415, 0.0000, 0.0000, 0.0000, 0.0000,-0.7180,0
 0.0019, 0.0000, 0.0282, 3.1415, 0.0000, 0.0000, 0.0000, 0.0000,-0.7180,0
 0.0019, 0.0000, 0.0282, 3.1415, 0.0000, 0.0000, 0.0000, 0.0000,-0.7180,0
 0.0019, 0.0000, 0.0282, 3.1415, 0.0000, 0.0000, 0.0000, 0.0000,-0.7180,0
 0.0019, 0.0000, 0.0282, 3.1415, 0.0000, 0.0000, 0.0000, 0.0000,-0.7180,0
 0.0019, 0.0000, 0.0282, 3.1415, 0.0000, 0.0000, 0.0000, 0.0000,-0.7180,0
 0.0019, 0.0000, 0.0282, 3.1415, 0.0000, 0.0000, 0.0000, 0.0000,-0.7180,0
 0.0019, 0.0000, 0.0251, 3.1415, 0.0000,-0.2513, 0.0000, 0.0000,-0.7180,0
 0.0019, 0.0000, 0.0251, 3.1415, 0.0000,-0.0502, 0.0000, 0.0000,-0.7180,0
 0.0019, 0.0000, 0.0251, 3.1415, 0.0000,-0.0100, 0.0000, 0.0000,-0.7180,0
 0.0019, 0.0000, 0.0251, 3.1415, 0.0000,-0.0020, 0.0000, 0.0000,-0.7180,0
 0.0019, 0.0000, 0.0219, 3.1415, 0.0000,-0.2517, 0.0000, 0.0000,-0.7180,0
 0.0019, 0.0000, 0.0219, 3.1415, 0.0000,-0.0503, 0.0000, 0.0000,-0.7180,0
 0.0019, 0.0000, 0.0219, 3.1415, 0.0000,-0.0100, 0.0000, 0.0000,-0.7180,0
 0.0019, 0.0000, 0.0188, 3.1415, 0.0000,-0.2533, 0.0000, 0.0000,-0.7180,0
 0.0019, 0.0000, 0.0188, 3.1415, 0.0000,-0.0506, 0.0000, 0.0000,-0.7180,0
 0.0019, 0.0000, 0.0157, 3.1415, 0.0000,-0.2614, 0.0000, 0.0000,-0.7180,0
 0.0019, 0.0000, 0.0157, 3.1415, 0.0000,-0.0522, 0.0000, 0.0000,-0.7180,0
 0.0019, 0.0000, 0.0157, 3.1415, 0.0000,-0.0104, 0.0000, 0.0000,-0.7180,0
 0.0019, 0.0000, 0.0125, 3.1415, 0.0000,-0.2534, 0.0000, 0.0000,-0.7180,0
 0.0019, 0.0000, 0.0125, 3.1415, 0.0000,-0.0506, 0.0000, 0.0000,-0.7180,0
 0.0019, 0.0000, 0.0094, 3.1415, 0.0000,-0.2614, 0.0000, 0.0000,-0.7180,0
 0.0019, 0.0000, 0.0094, 3.1415, 0.0000,-0.0522, 0.0000, 0.0000,-0.7180,0
 0.0019, 0.0000, 0.0062, 3.1415, 0.0000,-0.2617, 0.0000, 0.0000,-0.7180,0
 0.0019, 0.0000, 0.0062, 3.1415, 0.0000,-0.0523, 0.0000, 0.0000,-0.7180,0
 0.0019, 0.0000, 0.0031, 3.1415, 0.0000,-0.2617, 0.0000, 0.0000,-0.7180,0
 0.0019, 0.0000, 0.0031, 3.1415, 0.0000,-0.0523, 0.0000, 0.0000,-0.7180,0
 0.0019, 0.0000, 0.0000, 3.1415, 0.0000,-0.2617, 0.0000, 0.0000,-0.7180,0
 0.0019, 0.0000, 0.0000, 3.1415, 0.0000,-0.0523, 0.0000, 0.0000,-0.7180,0
 0.0019, 0.0000,-0.0031, 3.1415, 0.0000,-0.2617, 0.0000, 0.0000,-0.7180,0
 0.0019, 0.0000,-0.0031, 3.1415, 0.0000,-0.0523, 0.0000, 0.0000,-0.7180,0
 0.0019, 0.0000,-0.0062, 3.1415, 0.0000,-0.2617, 0.0000, 0.0000,-0.7180,0
 0.0019, 0.0000,-0.0062, 3.1415, 0.0000,-0.0523, 0.0000, 0.0000,-0.7180,0
 0.0019, 0.0000,-0.0094, 3.1415, 0.0000,-0.2617, 0.0000, 0.0000,-0.7180,0
 0.0019, 0.0000,-0.0094, 3.1415, 0.0000,-0.0523, 0.0000, 0.0000,-0.7180,0
 0.0019, 0.0000,-0.0125, 3.1415, 0.0000,-0.2617, 0.0000, 0.0000,-0.7180,0
 0.0019, 0.0000,-0.0125, 3.1415, 0.0000,-0.0523, 0.0000, 0.0000,-0.7180,0
 0.0019, 0.0000,-0.0157, 3.1415, 0.0000,-0.2617, 0.0000, 0.0000,-0.7180,0
 0.0019, 0.0000,-0.0157, 3.1415, 0.0000,-0.0523, 0.0000, 0.0000,-0.7180,0
 0.0019, 0.0000,-0.0157, 3.1415, 0.0000,-0.0104, 0.0000, 0.0000,-0.7180,0
 0.0019, 0.0000,-0.0188, 3.1415, 0.0000,-0.2534, 0.0000, 0.0000,-0.7180,0
 0.0019, 0.0000,-0.0188, 3.1415, 0.0000,-0.0506, 0.0000, 0.0000,-0.7180,0
 0.0019, 0.0000,-0.0219, 3.1415, 0.0000,-0.2614, 0.0000, 0.0000,-0.7180,0
 0.0019, 0.0000,-0.0219, 3.1415, 0.0000,-0.0522, 0.0000, 0.0000,-0.7180,0
 0.0019, 0.0000,-0.0219, 3.1415, 0.0000,-0.0104, 0.0000, 0.0000,-0.7180,0
 0.0019, 0.0000,-0.0219, 3.1415, 0.0000,-0.0020, 0.0000, 0.0000,-0.7180,0
 0.0019, 0.0000,-0.0251, 3.1415, 0.0000,-0.2517, 0.0000, 0.0000,-0.7180,0
 0.0019, 0.0000,-0.0251, 3.1415, 0.0000,-0.0503, 0.0000, 0.0000,-0.7180,0
 0.0019, 0.0000,-0.0251, 3.1415, 0.0000,-0.0100, 0.0000, 0.0000,-0.7180,0
 0.0019, 0.0000,-0.0251, 3.1415, 0.0000,-0.0020, 0.0000, 0.0000,-0.7180,0
 0.0019, 0.0000,-0.0251, 3.1415, 0.0000,-0.0004, 0.0000, 0.0000,-0.7180,0
 0.0019, 0.0000,-0.0282, 3.1415, 0.0000,-0.2514, 0.0000, 0.0000,-0.7180,0
 0.0019, 0.0000,-0.0282, 3.1415, 0.0000,-0.0502, 0.0000, 0.0000,-0.7180,0
 0.0019, 0.0000,-0.0282, 3.1415, 0.0000,-0.0100, 0.0000, 0.0000,-0.7180,0
 0.0019, 0.0000,-0.0282, 3.1415, 0.0000,-0.0020, 0.0000, 0.0000,-0.7180,0
 0.0019, 0.0000,-0.0282, 3.1415, 0.0000,-0.0004, 0.0000, 0.0000,-0.7180,0
 0.0019, 0.0000,-0.0282, 3.1415, 0.0000,-0.0000, 0.0000, 0.0000,-0.7180,0
 0.0019, 0.0000,-0.0282, 3.1415, 0.0000,-0.0000, 0.0000, 0.0000,-0.7180,0
 0.0019, 0.0000,-0.0282, 3.1415, 0.0000,-0.0000, 0.0000, 0.0000,-0.7180,0
 0.0019, 0.0000,-0.0282, 3.1415, 0.0000,-0.0000, 0.0000, 0.0000,-0.7180,0
 0.0019, 0.0000,-0.0282, 3.1415, 0.0000,-0.0000, 0.0000, 0.0000,-0.7180,0
 0.0019, 0.0000,-0.0282, 3.1415, 0.0000,-0.0000, 0.0000, 0.0000,-0.7180,0
 0.0019, 0.0000,-0.0251, 3.1415, 0.0000, 0.2513, 0.0000, 0.0000,-0.7180,0
 0.0019, 0.0000,-0.0251, 3.1415, 0.0000, 0.0502, 0.0000, 0.0000,-0.7180,0
 0.0019, 0.0000,-0.0251, 3.1415, 0.0000, 0.0100, 0.0000, 0.0000,-0.7180,0
 0.0019, 0.0000,-0.0251, 3.1415, 0.0000, 0.0020, 0.0000, 0.0000,-0.7180,0
 0.0019, 0.0000,-0.0251, 3.1415, 0.0000, 0.0004, 0.0000, 0.0000,-0.7180,0
 0.0019, 0.0000,-0.0219, 3.1415, 0.0000, 0.2514, 0.0000, 0.0000,-0.7180,0
 0.0019, 0.0000,-0.0219, 3.1415, 0.0000, 0.0502, 0.0000, 0.0000,-0.7180,0
 0.0019, 0.0000,-0.0219, 3.1415, 0.0000, 0.0100, 0.0000, 0.0000,-0.7180,0
 0.0019, 0.0000,-0.0188, 3.1415, 0.0000, 0.2533, 0.0000, 0.0000,-0.7180,0
 0.0019, 0.0000,-0.0188, 3.1415, 0.0000, 0.0506, 0.0000, 0.0000,-0.7180,0
 0.0019, 0.0000,-0.0157, 3.1415, 0.0000, 0.2614, 0.0000, 0.0000,-0.7180,0
 0.0019, 0.0000,-0.0157, 3.1415, 0.0000, 0.0522, 0.0000, 0.0000,-0.7180,0
 0.0019, 0.0000,-0.0157, 3.1415, 0.0000, 0.0104, 0.0000, 0.0000,-0.7180,0
 0.0019, 0.0000,-0.0125, 3.1415, 0.0000, 0.2534, 0.0000, 0.0000,-0.7180,0
 0.0019, 0.0000,-0.0125, 3.1415, 0.0000, 0.0506, 0.0000, 0.0000,-0.7180,0
 0.0019, 0.0000,-0.0094, 3.1415, 0.0000, 0.2614, 0.0000, 0.0000,-0.7180,0
 0.0019, 0.0000,-0.0094, 3.1415, 0.0000, 0.0522, 0.0000, 0.0000,-0.7180,0
 0.0019, 0.0000,-0.0062, 3.1415, 0.0000, 0.2617, 0.0000, 0.0000,-0.7180,0
 0.0019, 0.0000,-0.0062, 3.1415, 0.0000, 0.0523, 0.0000, 0.0000,-0.7180,0
 0.0019, 0.0000,-0.0031, 3.1415, 0.0000, 0.2617, 0.0000, 0.0000,-0.7180,0
 0.0019, 0.0000,-0.0031, 3.1415, 0.0000, 0.0523, 0.0000, 0.0000,-0.7180,0
 0.0019, 0.0000, 0.0000, 3.1415, 0.0000, 0.2617, 0.0000, 0.0000,-0.7180,0
 0.0019, 0.0000, 0.0000, 3.1415, 0.0000, 0.0523, 0.0000, 0.0000,-0.7180,0
 0.0019, 0.0000, 0.0031, 3.1415, 0.0000, 0.2617, 0.0000, 0.0000,-0.7180,0
 0.0019, 0.0000, 0.0031, 3.1415, 0.0000, 0.0523, 0.0000, 0.0000,-0.7180,0
 0.0019, 0.0000, 0.0062, 3.1415, 0.0000, 0.2617, 0.0000, 0.0000,-0.7180,0
 0.0019, 0.0000, 0.0062, 3.1415, 0.0000, 0.0523, 0.0000, 0.0000,-0.7180,0
 0.0019, 0.0000, 0.0094, 3.1415, 0.0000, 0.2617, 0.0000, 0.0000,-0.7180,0
 0.0019, 0.0000, 0.0094, 3.1415, 0.0000, 0.0523, 0.0000, 0.0000,-0.7180,0
 0.0019, 0.0000, 0.0125, 3.1415, 0.0000, 0.2617, 0.0000, 0.0000,-0.7180,0
 0.0019, 0.0000, 0.0125, 3.1415, 0.0000, 0.0523, 0.0000, 0.0000,-0.7180,0
 0.0019, 0.0000, 0.0125, 3.1415, 0.0000, 0.0104, 0.0000, 0.0000,-0.7180,0
 0.0019, 0.0000, 0.0157, 3.1415, 0.0000, 0.2534, 0.0000, 0.0000,-0.7180,0
 0.0019, 0.0000, 0.0157, 3.1415, 0.0000, 0.0506, 0.0000, 0.0000,-0.7180,0
 0.0019, 0.0000, 0.0188, 3.1415, 0.0000, 0.2614, 0.0000, 0.0000,-0.7180,0
 0.0019, 0.0000, 0.0188, 3.1415, 0.0000, 0.0522, 0.0000, 0.0000,-0.7180,0
 0.0019, 0.0000, 0.0188, 3.1415, 0.0000, 0.0104, 0.0000, 0.0000,-0.7180,0
 0.0019, 0.0000, 0.0219, 3.1415, 0.0000, 0.2534, 0.0000, 0.0000,-0.7180,0
 0.0019, 0.0000, 0.0219, 3.1415, 0.0000, 0.0506, 0.0000, 0.0000,-0.7180,0
 0.0019, 0.0000, 0.0219, 3.1415, 0.0000, 0.0101, 0.0000, 0.0000,-0.7180,0
 0.0019, 0.0000, 0.0251, 3.1415, 0.0000, 0.2533, 0.0000, 0.0000,-0.7180,0
 0.0019, 0.0000, 0.0251, 3.1415, 0.0000, 0.0506, 0.0000, 0.0000,-0.7180,0
 0.0019, 0.0000, 0.0251, 3.1415, 0.0000, 0.0101, 0.0000, 0.0000,-0.7180,0
 0.0019, 0.0000, 0.0251, 3.1415, 0.0000, 0.0020, 0.0000, 0.0000,-0.7180,0
 0.0019, 0.0000, 0.0282, 3.1415, 0.0000, 0.2517, 0.0000, 0.0000,-0.7180,0
 0.0019, 0.0000, 0.0282, 3.1415, 0.0000, 0.0503, 0.0000, 0.0000,-0.7180,0
 0.0019, 0.0000, 0.0282, 3.1415, 0.0000, 0.0100, 0.0000, 0.0000,-0.7180,0
 0.0019, 0.0000, 0.0282, 3.1415, 0.0000, 0.0020, 0.0000, 0.0000,-0.7180,0
 0.0019, 0.0000, 0.0282, 3.1415, 0.0000, 0.0004, 0.0000, 0.0000,-0.7180,0
 0.0019, 0.0000, 0.0282, 3.1415, 0.0000, 0.0000, 0.0000, 0.0000,-0.7180,0
 0.0019, 0.0000, 0.0282, 3.1415, 0.0000, 0.0000, 0.0000, 0.0000,-0.7180,0
 0.0019, 0.0000, 0.0282, 3.1415, 0.0000, 0.0000, 0.0000, 0.0000,-0.7180,0
 0.0019, 0.0000, 0.0282, 3.1415, 0.0000, 0.0000, 0.0000, 0.0000,-0.7180,0
 0.0019, 0.0000, 0.0282, 3.1415, 0.0000, 0.0000, 0.0000, 0.0000,-0.7180,0
 0.0019, 0.0000, 0.0282, 3.1415, 0.0000, 0.0000, 0.0000, 0.0000,-0.7180,0
 0.0019, 0.0000, 0.0282, 3.1415, 0.0000, 0.0000, 0.0000, 0.0000,-0.7180,0
 0.0019, 0.0000, 0.0282, 3.1415, 0.0000, 0.0000, 0.0000, 0.0000,-0.7180,0
 0.0019, 0.0000, 0.0282, 3.1415, 0.0000, 0.0000, 0.0000, 0.0000,-0.7180,0
 0.0019, 0.0000, 0.0282, 3.1415, 0.0000, 0.0000, 0.0000, 0.0000,-0.7180,0
 0.0019, 0.0000, 0.0251, 3.1415, 0.0000,-0.2513, 0.0000, 0.0000,-0.7180,0
 0.0019, 0.0000, 0.0251, 3.1415, 0.0000,-0.0502, 0.0000, 0.0000,-0.7180,0
 0.0019, 0.0000, 0.0251, 3.1415, 0.0000,-0.0100, 0.0000, 0.0000,-0.7180,0
 0.0019, 0.0000, 0.0251, 3.1415, 0.0000,-0.0020, 0.0000, 0.0000,-0.7180,0
 0.0019, 0.0000, 0.0219, 3.1415, 0.0000,-0.2517, 0.0000, 0.0000,-0.7180,0
 0.0019, 0.0000, 0.0219, 3.1415, 0.0000,-0.0503, 0.0000, 0.0000,-0.7180,0
 0.0019, 0.0000, 0.0219, 3.1415, 0.0000,-0.0100, 0.0000, 0.0000,-0.7180,0
 0.0019, 0.0000, 0.0188, 3.1415, 0.0000,-0.2533, 0.0000, 0.0000,-0.7180,0
 0.0019, 0.0000, 0.0188, 3.1415, 0.0000,-0.0506, 0.0000, 0.0000,-0.7180,0
 0.0019, 0.0000, 0.0188, 3.1415, 0.0000,-0.0101, 0.0000, 0.0000,-0.7180,0
 0.0019, 0.0000, 0.0157, 3.1415, 0.0000,-0.2533, 0.0000, 0.0000,-0.7180,0
 0.0019, 0.0000, 0.0157, 3.1415, 0.0000,-0.0506, 0.0000, 0.0000,-0.7180,0
 0.0019, 0.0000, 0.0125, 3.1415, 0.0000,-0.2614, 0.0000, 0.0000,-0.7180,0
 0.0019, 0.0000, 0.0125, 3.1415, 0.0000,-0.0522, 0.0000, 0.0000,-0.7180,0
 0.0019, 0.0000, 0.0094, 3.1415, 0.0000,-0.2617, 0.0000, 0.0000,-0.7180,0
 0.0019, 0.0000, 0.0094, 3.1415, 0.0000,-0.0523, 0.0000, 0.0000,-0.7180,0
 0.0019, 0.0000, 0.0062, 3.1415, 0.0000,-0.2617, 0.0000, 0.0000,-0.7180,0
 0.0019, 0.0000, 0.0062, 3.1415, 0.0000,-0.0523, 0.0000, 0.0000,-0.7180,0
 0.0019, 0.0000, 0.0031, 3.1415, 0.0000,-0.2617, 0.0000, 0.0000,-0.7180,0
 0.0019, 0.0000, 0.0031, 3.1415, 0.0000,-0.0523, 0.0000, 0.0000,-0.7180,0
 0.0019, 0.0000, 0.0000, 3.1415, 0.0000,-0.2617, 0.0000, 0.0000,-0.7180,0
 0.0019, 0.0000, 0.0000, 3.1415, 0.0000,-0.0523, 0.0000, 0.0000,-0.7180,0
 0.0019, 0.0000,-0.0031, 3.1415, 0.0000,-0.2617, 0.0000, 0.0000,-0.7180,0
 0.0019, 0.0000,-0.0031, 3.1415, 0.0000,-0.0523, 0.0000, 0.0000,-0.7180,0
 0.0019, 0.0000,-0.0062, 3.1415, 0.0000,-0.2617, 0.0000, 0.0000,-0.7180,0
 0.0019, 0.0000,-0.0062, 3.1415, 0.0000,-0.0523, 0.0000, 0.0000,-0.7180,0
 0.0019, 0.0000,-0.0094, 3.1415, 0.0000,-0.2617, 0.0000, 0.0000,-0.7180,0
 0.0019, 0.0000,-0.0094, 3.1415, 0.0000,-0.0523, 0.0000, 0.0000,-0.7180,0
 0.0019, 0.0000,-0.0094, 3.1415, 0.0000,-0.0104, 0.0000, 0.0000,-0.7180,0
 0.0019, 0.0000,-0.0125, 3.1415, 0.0000,-0.2534, 0.0000, 0.0000,-0.7180,0
 0.0019, 0.0000,-0.0125, 3.1415, 0.0000,-0.0506, 0.0000, 0.0000,-0.7180,0
 0.0019, 0.0000,-0.0157, 3.1415, 0.0000,-0.2614, 0.0000, 0.0000,-0.7180,0
 0.0019, 0.0000,-0.0157, 3.1415, 0.0000,-0.0522, 0.0000, 0.0000,-0.7180,0
 0.0019, 0.0000,-0.0157, 3.1415, 0.0000,-0.0104, 0.0000, 0.0000,-0.7180,0
 0.0019, 0.0000,-0.0188, 3.1415, 0.0000,-0.2534, 0.0000, 0.0000,-0.7180,0
 0.0019, 0.0000,-0.0188, 3.1415, 0.0000,-0.0506, 0.0000, 0.0000,-0.7180,0
 0.0019, 0.0000,-0.0219, 3.1415, 0.0000,-0.2614, 0.0000, 0.0000,-0.7180,0
 0.0019, 0.0000,-0.0219, 3.1415, 0.0000,-0.0522, 0.0000, 0.0000,-0.7180,0
 0.0019, 0.0000,-0.0219, 3.1415, 0.0000,-0.0104, 0.0000, 0.0000,-0.7180,0
 0.0019, 0.0000,-0.0219, 3.1415, 0.0000,-0.0020, 0.0000, 0.0000,-0.7180,0
 0.0019, 0.0000,-0.0251, 3.1415, 0.0000,-0.2517, 0.0000, 0.0000,-0.7180,0
 0.0019, 0.0000,-0.0251, 3.1415, 0.0000,-0.0503, 0.0000, 0.0000,-0.7180,0
 0.0019, 0.0000,-0.0251, 3.1415, 0.0000,-0.0100, 0.0000, 0.0000,-0.7180,0
 0.0019, 0.0000,-0.0251, 3.1415, 0.0000,-0.0020, 0.0000, 0.0000,-0.7180,0
 0.0019, 0.0000,-0.0251, 3.1415, 0.0000,-0.0004, 0.0000, 0.0000,-0.7180,0
 0.0019, 0.0000,-0.0251, 3.1415, 0.0000,-0.0000, 0.0000, 0.0000,-0.7180,0
 0.0019, 0.0000,-0.0282, 3.1415, 0.0000,-0.2513, 0.0000, 0.0000,-0.7180,0
 0.0019, 0.0000,-0.0282, 3.1415, 0.0000,-0.0502, 0.0000, 0.0000,-0.7180,0
 0.0019, 0.0000,-0.0282, 3.1415, 0.0000,-0.0100, 0.0000, 0.0000,-0.7180,0
 0.0019, 0.0000,-0.0282, 3.1415, 0.0000,-0.0020, 0.0000, 0.0000,-0.7180,0
 0.0019, 0.0000,-0.0282, 3.1415, 0.0000,-0.0004, 0.0000, 0.0000,-0.7180,0
 0.0019, 0.0000,-0.0282, 3.1415, 0.0000,-0.0000, 0.0000, 0.0000,-0.7180,0
 0.0019, 0.0000,-0.0282, 3.1415, 0.0000,-0.0000, 0.0000, 0.0000,-0.7180,0
 0.0019, 0.0000,-0.0282, 3.1415, 0.0000,-0.0000, 0.0000, 0.0000,-0.7180,0
 0.0019, 0.0000,-0.0251, 3.1415, 0.0000, 0.2513, 0.0000, 0.0000,-0.7180,0
 0.0019, 0.0000,-0.0251, 3.1415, 0.0000, 0.0502, 0.0000, 0.0000,-0.7180,0
 0.0019, 0.0000,-0.0251, 3.1415, 0.0000, 0.0100, 0.0000, 0.0000,-0.7180,0
 0.0019, 0.0000,-0.0251, 3.1415, 0.0000, 0.0020, 0.0000, 0.0000,-0.7180,0
 0.0019, 0.0000,-0.0251, 3.1415, 0.0000, 0.0004, 0.0000, 0.0000,-0.7180,0
 0.0019, 0.0000,-0.0219, 3.1415, 0.0000, 0.2514, 0.0000, 0.0000,-0.7180,0
 0.0019, 0.0000,-0.0219, 3.1415, 0.0000, 0.0502, 0.0000, 0.0000,-0.7180,0
 0.0019, 0.0000,-0.0219, 3.1415, 0.0000, 0.0100, 0.0000, 0.0000,-0.7180,0
 0.0019, 0.0000,-0.0219, 3.1415, 0.0000, 0.0020, 0.0000, 0.0000,-0.7180,0
 0.0019, 0.0000,-0.0188, 3.1415, 0.0000, 0.2517, 0.0000, 0.0000,-0.7180,0
 0.0019, 0.0000,-0.0188, 3.1415, 0.0000, 0.0503, 0.0000, 0.0000,-0.7180,0
 0.0019, 0.0000,-0.0188, 3.1415, 0.0000, 0.0100, 0.0000, 0.0000,-0.7180,0
 0.0019, 0.0000,-0.0157, 3.1415, 0.0000, 0.2533, 0.0000, 0.0000,-0.7180,0
 0.0019, 0.0000,-0.0157, 3.1415, 0.0000, 0.0506, 0.0000, 0.0000,-0.7180,0
 0.0019, 0.0000,-0.0125, 3.1415, 0.0000, 0.2614, 0.0000, 0.0000,-0.7180,0
 0.0019, 0.0000,-0.0125, 3.1415, 0.0000, 0.0522, 0.0000, 0.0000,-0.7180,0
 0.0019, 0.0000,-0.0094, 3.1415, 0.0000, 0.2617, 0.0000, 0.0000,-0.7180,0
 0.0019, 0.0000,-0.0094, 3.1415, 0.0000, 0.0523, 0.0000, 0.0000,-0.7180,0
 0.0019, 0.0000,-0.0094, 3.1415, 0.0000, 0.0104, 0.0000, 0.0000,-0.7180,0
 0.0019, 0.0000,-0.0062, 3.1415, 0.0000, 0.2534, 0.0000, 0.0000,-0.7180,0
 0.0019, 0.0000,-0.0062, 3.1415, 0.0000, 0.0506, 0.0000, 0.0000,-0.7180,0
 0.0019, 0.0000,-0.0031, 3.1415, 0.0000, 0.2614, 0.0000, 0.0000,-0.7180,0
 0.0019, 0.0000,-0.0031, 3.1415, 0.0000, 0.0522, 0.0000, 0.0000,-0.7180,0
 0.0019, 0.0000, 0.0000, 3.1415, 0.0000, 0.2617, 0.0000, 0.0000,-0.7180,0
 0.0019, 0.0000, 0.0000, 3.1415, 0.0000, 0.0523, 0.0000, 0.0000,-0.7180,0
 0.0019, 0.0000, 0.0031, 3.1415, 0.0000, 0.2617, 0.0000, 0.0000,-0.7180,0
 0.0019, 0.0000, 0.0031, 3.1415, 0.0000, 0.0523, 0.0000, 0.0000,-0.7180,0
 0.0019, 0.0000, 0.0062, 3.1415, 0.0000, 0.2617, 0.0000, 0.0000,-0.7180,0
 0.0019, 0.0000, 0.0062, 3.1415, 0.0000, 0.0523, 0.0000, 0.0000,-0.7180,0
 0.0019, 0.0000, 0.0094, 3.1415, 0.0000, 0.2617, 0.0000, 0.0000,-0.7180,0
 0.0019, 0.0000, 0.0094, 3.1415, 0.0000, 0.0523, 0.0000, 0.0000,-0.7180,0
 0.0019, 0.0000, 0.0125, 3.1415, 0.0000, 0.2617, 0.0000, 0.0000,-0.7180,0
 0.0019, 0.0000, 0.0125, 3.1415, 0.0000, 0.0523, 0.0000, 0.0000,-0.7180,0
 0.0019, 0.0000, 0.0157, 3.1415, 0.0000, 0.2617, 0.0000, 0.0000,-0.7180,0
 0.0019, 0.0000, 0.0157, 3.1415, 0.0000, 0.0523, 0.0000, 0.0000,-0.7180,0
 0.0019, 0.0000, 0.0157, 3.1415, 0.0000, 0.0104, 0.0000, 0.0000,-0.7180,0
 0.0019, 0.0000, 0.0188, 3.1415, 0.0000, 0.2534, 0.0000, 0.0000,-0.7180,0
 0.0019, 0.0000, 0.0188, 3.1415, 0.0000, 0.0506, 0.0000, 0.0000,-0.7180,0
 0.0019, 0.0000, 0.0219, 3.1415, 0.0000, 0.2614, 0.0000, 0.0000,-0.7180,0
 0.0019, 0.0000, 0.0219, 3.1415, 0.0000, 0.0522, 0.0000, 0.0000,-0.7180,0
 0.0019, 0.0000, 0.0219, 3.1415, 0.0000, 0.0104, 0.0000, 0.0000,-0.7180,0
 0.0019, 0.0000, 0.0219, 3.1415, 0.0000, 0.0020, 0.0000, 0.0000,-0.7180,0
 0.0019, 0.0000, 0.0251, 3.1415, 0.0000, 0.2517, 0.0000, 0.0000,-0.7180,0
 0.0019, 0.0000, 0.0251, 3.1415, 0.0000, 0.0503, 0.0000, 0.0000,-0.7180,0
 0.0019, 0.0000, 0.0251, 3.1415, 0.0000, 0.0100, 0.0000, 0.0000,-0.7180,0
 0.0019, 0.0000, 0.0251, 3.1415, 0.0000, 0.0020, 0.0000, 0.0000,-0.7180,0
 0.0019, 0.0000, 0.0282, 3.1415, 0.0000, 0.2517, 0.0000, 0.0000,-0.7180,0
 0.0019, 0.0000, 0.0282, 3.1415, 0.0000, 0.0503, 0.0000, 0.0000,-0.7180,0
 0.0019, 0.0000, 0.0282, 3.1415, 0.0000, 0.0100, 0.0000, 0.0000,-0.7180,0
 0.0019, 0.0000, 0.0282, 3.1415, 0.0000, 0.0020, 0.0000, 0.0000,-0.7180,0
 0.0019, 0.0000, 0.0282, 3.1415, 0.0000, 0.0004, 0.0000, 0.0000,-0.7180,0
 0.0019, 0.0000, 0.0282, 3.1415, 0.0000, 0.0000, 0.0000, 0.0000,-0.7180,0
 0.0019, 0.0000, 0.0282, 3.1415, 0.0000, 0.0000, 0.0000, 0.0000,-0.7180,0
 0.0019, 0.0000, 0.0282, 3.1415, 0.0000, 0.0000, 0.0000, 0.0000,-0.7180,0
 0.0019, 0.0000, 0.0282, 3.1415, 0.0000, 0.0000, 0.0000, 0.0000,-0.7180,0
 0.0019, 0.0000, 0.0282, 3.1415, 0.0000, 0.0000, 0.0000, 0.0000,-0.7180,0
 0.0019, 0.0000, 0.0282, 3.1415, 0.0000, 0.0000, 0.0000, 0.0000,-0.7180,0
 0.0019, 0.0000, 0.0282, 3.1415, 0.0000, 0.0000, 0.0000, 0.0000,-0.7180,0
 0.0019, 0.0000, 0.0282, 3.1415, 0.0000, 0.0000, 0.0000, 0.0000,-0.7180,0
 0.0019, 0.0000, 0.0251, 3.1415, 0.0000,-0.2513, 0.0000, 0.0000,-0.7180,0
 0.0019, 0.0000, 0.0251, 3.1415, 0.0000,-0.0502, 0.0000, 0.0000,-0.7180,0
 0.0019, 0.0000, 0.0251, 3.1415, 0.0000,-0.0100, 0.0000, 0.0000,-0.7180,0
 0.0019, 0.0000, 0.0251, 3.1415, 0.0000,-0.0020, 0.0000, 0.0000,-0.7180,0
 0.0019, 0.0000, 0.0251, 3.1415, 0.0000,-0.0004, 0.0000, 0.0000,-0.7180,0
 0.0019, 0.0000, 0.0219, 3.1415, 0.0000,-0.2514, 0.0000, 0.0000,-0.7180,0
 0.0019, 0.0000, 0.0219, 3.1415, 0.0000,-0.0502, 0.0000, 0.0000,-0.7180,0
 0.0019, 0.0000, 0.0219, 3.1415, 0.0000,-0.0100, 0.0000, 0.0000,-0.7180,0
 0.0019, 0.0000, 0.0188, 3.1415, 0.0000,-0.2533, 0.0000, 0.0000,-0.7180,0
 0.0019, 0.0000, 0.0188, 3.1415, 0.0000,-0.0506, 0.0000, 0.0000,-0.7180,0
 0.0019, 0.0000, 0.0188, 3.1415, 0.0000,-0.0101, 0.0000, 0.0000,-0.7180,0
 0.0019, 0.0000, 0.0157, 3.1415, 0.0000,-0.2533, 0.0000, 0.0000,-0.7180,0
 0.0019, 0.0000, 0.0157, 3.1415, 0.0000,-0.0506, 0.0000, 0.0000,-0.7180,0
 0.0019, 0.0000, 0.0125, 3.1415, 0.0000,-0.2614, 0.0000, 0.0000,-0.7180,0
 0.0019, 0.0000, 0.0125, 3.1415, 0.0000,-0.0522, 0.0000, 0.0000,-0.7180,0
 0.0019, 0.0000, 0.0125, 3.1415, 0.0000,-0.0104, 0.0000, 0.0000,-0.7180,0
 0.0019, 0.0000, 0.0094, 3.1415, 0.0000,-0.2534, 0.0000, 0.0000,-0.7180,0
 0.0019, 0.0000, 0.0094, 3.1415, 0.0000,-0.0506, 0.0000, 0.0000,-0.7180,0
 0.0019, 0.0000, 0.0062, 3.1415, 0.0000,-0.2614, 0.0000, 0.0000,-0.7180,0
 0.0019, 0.0000, 0.0062, 3.1415, 0.0000,-0.0522, 0.0000, 0.0000,-0.7180,0
 0.0019, 0.0000, 0.0031, 3.1415, 0.0000,-0.2617, 0.0000, 0.0000,-0.7180,0
 0.0019, 0.0000, 0.0031, 3.1415, 0.0000,-0.0523, 0.0000, 0.0000,-0.7180,0
 0.0019, 0.0000, 0.0000, 3.1415, 0.0000,-0.2617, 0.0000, 0.0000,-0.7180,0
 0.0019, 0.0000, 0.0000, 3.1415, 0.0000,-0.0523, 0.0000, 0.0000,-0.7180,0
 0.0019, 0.0000,-0.0031, 3.1415, 0.0000,-0.2617, 0.0000, 0.0000,-0.7180,0
 0.0019, 0.0000,-0.0031, 3.1415, 0.0000,-0.0523, 0.0000, 0.0000,-0.7180,0
 0.0019, 0.0000,-0.0062, 3.1415, 0.0000,-0.2617, 0.0000, 0.0000,-0.7180,0
 0.0019, 0.0000,-0.0062, 3.1415, 0.0000,-0.0523, 0.0000, 0.0000,-0.7180,0
 0.0019, 0.0000,-0.0094, 3.1415, 0.0000,-0.2617, 0.0000, 0.0000,-0.7180,0
 0.0019, 0.0000,-0.0094, 3.1415, 0.0000,-0.0523, 0.0000, 0.0000,-0.7180,0
 0.0019, 0.0000,-0.0125, 3.1415, 0.0000,-0.2617, 0.0000, 0.0000,-0.7180,0
 0.0019, 0.0000,-0.0125, 3.1415, 0.0000,-0.0523, 0.0000, 0.0000,-0.7180,0
 0.0019, 0.0000,-0.0125, 3.1415, 0.0000,-0.0104, 0.0000, 0.0000,-0.7180,0
 0.0019, 0.0000,-0.0157, 3.1415, 0.0000,-0.2534, 0.0000, 0.0000,-0.7180,0
 0.0019, 0.0000,-0.0157, 3.1415, 0.0000,-0.0506, 0.0000, 0.0000,-0.7180,0
 0.0019, 0.0000,-0.0188, 3.1415, 0.0000,-0.2614, 0.0000, 0.0000,-0.7180,0
 0.0019, 0.0000,-0.0188, 3.1415, 0.0000,-0.0522, 0.0000, 0.0000,-0.7180,0
 0.0019, 0.0000,-0.0188, 3.1415, 0.0000,-0.0104, 0.0000, 0.0000,-0.7180,0
 0.0019, 0.0000,-0.0219, 3.1415, 0.0000,-0.2534, 0.0000, 0.0000,-0.7180,0
 0.0019, 0.0000,-0.0219, 3.1415, 0.0000,-0.0506, 0.0000, 0.0000,-0.7180,0
 0.0019, 0.0000,-0.0219, 3.1415, 0.0000,-0.0101, 0.0000, 0.0000,-0.7180,0
 0.0019, 0.0000,-0.0219, 3.1415, 0.0000,-0.0020, 0.0000, 0.0000,-0.7180,0
 0.0019, 0.0000,-0.0251, 3.1415, 0.0000,-0.2517, 0.0000, 0.0000,-0.7180,0
 0.0019, 0.0000,-0.0251, 3.1415, 0.0000,-0.0503, 0.0000, 0.0000,-0.7180,0
 0.0019, 0.0000,-0.0251, 3.1415, 0.0000,-0.0100, 0.0000, 0.0000,-0.7180,0
 0.0019, 0.0000,-0.0251, 3.1415, 0.0000,-0.0020, 0.0000, 0.0000,-0.7180,0
 0.0019, 0.0000,-0.0251, 3.1415, 0.0000,-0.0004, 0.0000, 0.0000,-0.7180,0
 0.0019, 0.0000,-0.0251, 3.1415, 0.0000,-0.0000, 0.0000, 0.0000,-0.7180,0
 0.0019, 0.0000,-0.0251, 3.1415, 0.0000,-0.0000, 0.0000, 0.0000,-0.7180,0
 0.0019, 0.0000,-0.0251, 3.1415, 0.0000,-0.0000, 0.0000, 0.0000,-0.7180,0
 0.0019, 0.0000,-0.0282, 3.1415, 0.0000,-0.2513, 0.0000, 0.0000,-0.7180,0
 0.0019, 0.0000,-0.0282, 3.1415, 0.0000,-0.0502, 0.0000, 0.0000,-0.7180,0
 0.0019, 0.0000,-0.0282, 3.1415, 0.0000,-0.0100, 0.0000, 0.0000,-0.7180,0
 0.0019, 0.0000,-0.0282, 3.1415, 0.0000,-0.0020, 0.0000, 0.0000,-0.7180,0
 0.0019, 0.0000,-0.0251, 3.1415, 0.0000, 0.2509, 0.0000, 0.0000,-0.7180,0
 0.0019, 0.0000,-0.0251, 3.1415, 0.0000, 0.0501, 0.0000, 0.0000,-0.7180,0
 0.0019, 0.0000,-0.0251, 3.1415, 0.0000, 0.0100, 0.0000, 0.0000,-0.7180,0
 0.0019, 0.0000,-0.0251, 3.1415, 0.0000, 0.0020, 0.0000, 0.0000,-0.7180,0
 0.0019, 0.0000,-0.0251, 3.1415, 0.0000, 0.0004, 0.0000, 0.0000,-0.7180,0
 0.0019, 0.0000,-0.0251, 3.1415, 0.0000, 0.0000, 0.0000, 0.0000,-0.7180,0
 0.0019, 0.0000,-0.0219, 3.1415, 0.0000, 0.2513, 0.0000, 0.0000,-0.7180,0
 0.0019, 0.0000,-0.0219, 3.1415, 0.0000, 0.0502, 0.0000, 0.0000,-0.7180,0
 0.0019, 0.0000,-0.0219, 3.1415, 0.0000, 0.0100, 0.0000, 0.0000,-0.7180,0
 0.0019, 0.0000,-0.0219, 3.1415, 0.0000, 0.0020, 0.0000, 0.0000,-0.7180,0
 0.0019, 0.0000,-0.0188, 3.1415, 0.0000, 0.2517, 0.0000, 0.0000,-0.7180,0
 0.0019, 0.0000,-0.0188, 3.1415, 0.0000, 0.0503, 0.0000, 0.0000,-0.7180,0
 0.0019, 0.0000,-0.0188, 3.1415, 0.0000, 0.0100, 0.0000, 0.0000,-0.7180,0
 0.0019, 0.0000,-0.0157, 3.1415, 0.0000, 0.2533, 0.0000, 0.0000,-0.7180,0
 0.0019, 0.0000,-0.0157, 3.1415, 0.0000, 0.0506, 0.0000, 0.0000,-0.7180,0
 0.0019, 0.0000,-0.0125, 3.1415, 0.0000, 0.2614, 0.0000, 0.0000,-0.7180,0
 0.0019, 0.0000,-0.0125, 3.1415, 0.0000, 0.0522, 0.0000, 0.0000,-0.7180,0
 0.0019, 0.0000,-0.0125, 3.1415, 0.0000, 0.0104, 0.0000, 0.0000,-0.7180,0
 0.0019, 0.0000,-0.0094, 3.1415, 0.0000, 0.2534, 0.0000, 0.0000,-0.7180,0
 0.0019, 0.0000,-0.0094, 3.1415, 0.0000, 0.0506, 0.0000, 0.0000,-0.7180,0
 0.0019, 0.0000,-0.0062, 3.1415, 0.0000, 0.2614, 0.0000, 0.0000,-0.7180,0
 0.0019, 0.0000,-0.0062, 3.1415, 0.0000, 0.0522, 0.0000, 0.0000,-0.7180,0
 0.0019, 0.0000,-0.0031, 3.1415, 0.0000, 0.2617, 0.0000, 0.0000,-0.7180,0
 0.0019, 0.0000,-0.0031, 3.1415, 0.0000, 0.0523, 0.0000, 0.0000,-0.7180,0
 0.0019, 0.0000, 0.0000, 3.1415, 0.0000, 0.2617, 0.0000, 0.0000,-0.7180,0
 0.0019, 0.0000, 0.0000, 3.1415, 0.0000, 0.0523, 0.0000, 0.0000,-0.7180,0
 0.0019, 0.0000, 0.0031, 3.1415, 0.0000, 0.2617, 0.0000, 0.0000,-0.7180,0
 0.0019, 0.0000, 0.0031, 3.1415, 0.0000, 0.0523, 0.0000, 0.0000,-0.7180,0
 0.0019, 0.0000, 0.0062, 3.1415, 0.0000, 0.2617, 0.0000, 0.0000,-0.7180,0
 0.0019, 0.0000, 0.0062, 3.1415, 0.0000, 0.0523, 0.0000, 0.0000,-0.7180,0
 0.0019, 0.0000, 0.0094, 3.1415, 0.0000, 0.2617, 1.4788,-0.7171,-0.7173,0
 0.0021, 0.0000, 0.0094, 3.1415, 0.0121, 0.0523,-1.8773,-0.7180,-0.7166,0
 0.0020, 0.0000, 0.0094, 3.1415,-0.0036, 0.0104,-0.8081,-0.7180,-0.7159,0
 0.0018, 0.0000, 0.0125, 3.1415,-0.0128, 0.2534, 1.9845,-0.7171,-0.7152,0
 0.0018, 0.0000, 0.0125, 3.1415,-0.0025, 0.0506,-1.5765,-0.7179,-0.7145,0
 0.0017, 0.0000, 0.0157, 3.1415,-0.0126, 0.2614, 1.4752,-0.7170,-0.7137,0
 0.0018, 0.0000, 0.0157, 3.1415, 0.0095, 0.0522,-1.8631,-0.7179,-0.7130,0
 0.0016, 0.0000, 0.0188, 3.1415,-0.0162, 0.2617, 1.4002,-0.7170,-0.7123,0
 0.0019, 0.0000, 0.0188, 3.1415, 0.0209, 0.0523,-2.0093,-0.7179,-0.7116,0
 0.0018, 0.0000, 0.0188, 3.1415,-0.0079, 0.0104,-0.7598,-0.7179,-0.7109,0
 0.0016, 0.0000, 0.0219, 3.1415,-0.0137, 0.2534, 1.7516,-0.7170,-0.7101,0
 0.0018, 0.0000, 0.0219, 3.1415, 0.0093, 0.0506,-1.7435,-0.7178,-0.7094,0
 0.0015, 0.0000, 0.0219, 3.1415,-0.0163, 0.0101,-0.6197,-0.7179,-0.7087,0
 0.0014, 0.0000, 0.0251, 3.1415,-0.0153, 0.2533, 1.6853,-0.7169,-0.7080,0
 0.0015, 0.0000, 0.0251, 3.1415, 0.0090, 0.0506,-1.7439,-0.7178,-0.7073,0
 0.0013, 0.0000, 0.0251, 3.1415,-0.0163, 0.0101,-0.6074,-0.7178,-0.7066,0
 0.0012, 0.0000, 0.0282, 3.1415,-0.0154, 0.2533, 1.5913,-0.7169,-0.7058,0
 0.0014, 0.0000, 0.0282, 3.1415, 0.0151, 0.0506,-1.8168,-0.7177,-0.7051,0
 0.0012, 0.0000, 0.0282, 3.1415,-0.0151, 0.0101,-0.6137,-0.7178,-0.7044,0
 0.0009, 0.0000, 0.0282, 3.1415,-0.0212, 0.0020,-0.0630,-0.7178,-0.7037,0
 0.0006, 0.0000, 0.0314, 3.1415,-0.0284, 0.2517, 1.7667,-0.7168,-0.7030,0
 0.0009, 0.0000, 0.0314, 3.1415, 0.0124, 0.0503,-1.7409,-0.7177,-0.7022,0
 0.0006, 0.0000, 0.0314, 3.1415,-0.0217, 0.0100,-0.5011,-0.7177,-0.7015,0
 0.0003, 0.0000, 0.0314, 3.1415,-0.0286, 0.0020, 0.0591,-0.7177,-0.7008,0
 0.0004, 0.0000, 0.0314, 3.1415, 0.0064, 0.0004,-0.1522,-0.7177,-0.7001,0
 0.0003, 0.0000, 0.0314, 3.1415,-0.0108, 0.0000, 0.0750,-0.7177,-0.6994,0
 0.0003, 0.0000, 0.0314, 3.1415, 0.0038, 0.0000,-0.0684,-0.7177,-0.6987,0
 0.0002, 0.0000, 0.0314, 3.1415,-0.0113, 0.0000, 0.0987,-0.7177,-0.6979,0
 0.0003, 0.0000, 0.0314, 3.1415, 0.0098, 0.0000,-0.1255,-0.7177,-0.6972,0
 0.0003, 0.0000, 0.0314, 3.1415,-0.0040, 0.0000, 0.0209,-0.7177,-0.6965,0
 0.0005, 0.0000, 0.0314, 3.1415, 0.0173, 0.0000,-0.2116,-0.7177,-0.6958,0
 0.0003, 0.0000, 0.0282, 3.1415,-0.0086,-0.2513,-1.1068,-0.7169,-0.6951,0
 0.0003, 0.0000, 0.0282, 3.1415,-0.0077,-0.0502, 1.6799,-0.7177,-0.6943,0
 0.0005, 0.0000, 0.0282, 3.1415, 0.0166,-0.0100, 0.4895,-0.7178,-0.6936,0
 0.0006, 0.0000, 0.0251, 3.1415, 0.0154,-0.2533,-1.0451,-0.7169,-0.6929,0
 0.0006, 0.0000, 0.0251, 3.1415,-0.0029,-0.0506, 1.6911,-0.7178,-0.6922,0
 0.0009, 0.0000, 0.0219, 3.1415, 0.0297,-0.2614,-0.6372,-0.7169,-0.6915,0
 0.0009, 0.0000, 0.0219, 3.1415, 0.0059,-0.0522, 1.7505,-0.7178,-0.6908,0
 0.0013, 0.0000, 0.0188, 3.1415, 0.0315,-0.2617,-0.5572,-0.7170,-0.6900,0
 0.0012, 0.0000, 0.0188, 3.1415, 0.0002,-0.0523, 1.8152,-0.7179,-0.6893,0
 0.0016, 0.0000, 0.0157, 3.1415, 0.0303,-0.2617,-0.4837,-0.7170,-0.6886,0
 0.0015, 0.0000, 0.0125, 3.1415, 0.0000,-0.3036, 0.9945,-0.7167,-0.6879,0
 0.0020, 0.0000, 0.0125, 3.1415, 0.0363,-0.0607, 1.9615,-0.7179,-0.6872,0
 0.0022, 0.0000, 0.0094, 3.1415, 0.0254,-0.2634,-0.1871,-0.7170,-0.6864,0
 0.0023, 0.0000, 0.0062, 3.1415, 0.0111,-0.3040, 1.0142,-0.7167,-0.6857,0
 0.0028, 0.0000, 0.0031, 3.1415, 0.0446,-0.3121, 1.1862,-0.7167,-0.6850,0
 0.0034, 0.0000, 0.0000, 3.1415, 0.0574,-0.3137, 1.2225,-0.7167,-0.6843,0
 0.0040, 0.0000,-0.0031, 3.1415, 0.0599,-0.3140, 1.2459,-0.7167,-0.6836,0
 0.0046, 0.0000,-0.0062, 3.1415, 0.0544,-0.3141, 1.3234,-0.7166,-0.6829,0
 0.0053, 0.0000,-0.0094, 3.1415, 0.0715,-0.3141, 1.1475,-0.7166,-0.6821,0
 0.0062, 0.0000,-0.0125, 3.1415, 0.0810,-0.3141, 1.0409,-0.7166,-0.6814,0
 0.0071, 0.0000,-0.0188, 3.1415, 0.0889,-0.5654, 0.1384,-0.7134,-0.6807,0
 0.0081, 0.0000,-0.0219, 3.1415, 0.0966,-0.3644, 2.5626,-0.7160,-0.6800,0
 0.0090, 0.0000,-0.0282, 3.1415, 0.0981,-0.5755, 0.7568,-0.7131,-0.6793,0
 0.0103, 0.0000,-0.0314, 3.1415, 0.1166,-0.3664, 2.5215,-0.7158,-0.6785,0
 0.0115, 0.0000,-0.0376, 3.1415, 0.1264,-0.5759, 0.5030,-0.7129,-0.6778,0
 0.0128, 0.0000,-0.0439, 3.1415, 0.1283,-0.6178, 1.5740,-0.7120,-0.6771,0
 0.0141, 0.0000,-0.0471, 3.1415, 0.1287,-0.3748, 2.8261,-0.7153,-0.6764,0
 0.0156, 0.0000,-0.0534, 3.1415, 0.1409,-0.5776, 0.4499,-0.7123,-0.6757,0
 0.0172, 0.0000,-0.0596, 3.1415, 0.1555,-0.6181, 1.2519,-0.7114,-0.6750,0
 0.0188, 0.0000,-0.0628, 3.1415, 0.1644,-0.3749, 2.2739,-0.7147,-0.6742,0
 0.0206, 0.0000,-0.0691, 3.1415, 0.1723,-0.5776,-0.0302,-0.7117,-0.6735,0
 0.0220, 0.0000,-0.0753, 3.1415, 0.1496,-0.6181, 1.1587,-0.7107,-0.6728,0
 0.0239, 0.0000,-0.0816, 3.1415, 0.1815,-0.6262, 1.2495,-0.7102,-0.6721,0
 0.0256, 0.0000,-0.0848, 3.1415, 0.1757,-0.3765, 1.9861,-0.7135,-0.6714,0
 0.0274, 0.0000,-0.0911, 3.1415, 0.1746,-0.5779,-0.2824,-0.7104,-0.6706,0
 0.0287, 0.0000,-0.0942, 3.1415, 0.1379,-0.3669, 1.5576,-0.7130,-0.6699,0
 0.0306, 0.0000,-0.0973, 3.1415, 0.1791,-0.3247,-0.2320,-0.7132,-0.6692,0
 0.0319, 0.0000,-0.1005, 3.1415, 0.1389,-0.3162,-0.4449,-0.7130,-0.6685,0
 0.0332, 0.0000,-0.1036, 3.1415, 0.1369,-0.3145,-0.6607,-0.7128,-0.6678,0
 0.0340, 0.0000,-0.1036, 3.1415, 0.0880,-0.0629,-0.2729,-0.7141,-0.6671,0
 0.0348, 0.0000,-0.1036, 3.1415, 0.0843,-0.0125,-2.1593,-0.7142,-0.6663,0
 0.0353, 0.0000,-0.1036, 3.1415, 0.0532,-0.0025,-2.6170,-0.7142,-0.6656,0
 0.0354, 0.0000,-0.1005, 3.1415, 0.0227, 0.2508,-2.7603,-0.7135,-0.6649,0
 0.0353, 0.0000,-0.0973, 3.1415,-0.0075, 0.3014,-4.4107,-0.7134,-0.6642,0
 0.0349, 0.0000,-0.0911, 3.1415,-0.0318, 0.5629,-4.6799,-0.7106,-0.6635,0
 0.0342, 0.0000,-0.0848, 3.1415,-0.0609, 0.6152,-4.6799,-0.7102,-0.6627,0
 0.0332, 0.0000,-0.0785, 3.1415,-0.0910, 0.6257,-4.6799,-0.7103,-0.6620,0
 0.0319, 0.0000,-0.0691, 3.1415,-0.1212, 0.8791,-4.6799,-0.7055,-0.6613,0
 0.0303, 0.0000,-0.0596, 3.1415,-0.1515, 0.9298,-4.6799,-0.7047,-0.6606,0
 0.0285, 0.0000,-0.0502, 3.1415,-0.1758, 0.9399,-4.6799,-0.7048,-0.6599,0
 0.0265, 0.0000,-0.0376, 3.1415,-0.1988, 1.1932,-4.6799,-0.6976,-0.6592,0
 0.0241, 0.0000,-0.0251, 3.1415,-0.2277, 1.2439,-4.6799,-0.6962,-0.6584,0
 0.0216, 0.0000,-0.0125, 3.1415,-0.2517, 1.2541,-4.6799,-0.6960,-0.6577,0
 0.0189, 0.0000, 0.0000, 3.1415,-0.2625, 1.2561,-4.6799,-0.6960,-0.6570,0
 0.0159, 0.0000, 0.0157, 3.1415,-0.2889, 1.5078,-4.6799,-0.6861,-0.6563,0
 0.0128, 0.0000, 0.0314, 3.1415,-0.3063, 1.5582,-4.6799,-0.6837,-0.6556,0
 0.0095, 0.0000, 0.0471, 3.1415,-0.3280, 1.5682,-4.6799,-0.6828,-0.6548,0
 0.0060, 0.0000, 0.0628, 3.1415,-0.3445, 1.5702,-4.6799,-0.6821,-0.6541,0
 0.0024, 0.0000, 0.0785, 3.1415,-0.3599, 1.5706,-4.6799,-0.6813,-0.6534,0
-0.0014, 0.0000, 0.0973, 3.1415,-0.3812, 1.8221, 0.4287,-0.6682,-0.6527,0
-0.0046, 0.0000, 0.1130, 3.1415,-0.3369, 1.6210,-4.6799,-0.6767,-0.6520,0
-0.0089, 0.0000, 0.1288, 3.1415,-0.4069, 1.5808,-4.3107,-0.6771,-0.6513,0
-0.0126, 0.0000, 0.1445, 3.1415,-0.3784, 1.5728,-3.7054,-0.6759,-0.6505,0
-0.0166, 0.0000, 0.1602, 3.1415,-0.3970, 1.5711,-2.7822,-0.6743,-0.6498,0
-0.0206, 0.0000, 0.1759, 3.1415,-0.3947, 1.5708,-2.1135,-0.6724,-0.6491,0
-0.0247, 0.0000, 0.1884, 3.1415,-0.4124, 1.3194,-4.6799,-0.6809,-0.6484,0
-0.0288, 0.0000, 0.2042, 3.1415,-0.4099, 1.5205, 0.3016,-0.6708,-0.6477,0
-0.0325, 0.0000, 0.2167, 3.1415,-0.3730, 1.3094,-3.6803,-0.6772,-0.6469,0
-0.0367, 0.0000, 0.2293, 3.1415,-0.4141, 1.2671,-1.8419,-0.6768,-0.6462,0
-0.0407, 0.0000, 0.2419, 3.1415,-0.3981, 1.2587,-0.9064,-0.6750,-0.6455,0
-0.0447, 0.0000, 0.2544, 3.1415,-0.4009, 1.2570,-0.0577,-0.6728,-0.6448,0
-0.0487, 0.0000, 0.2638, 3.1415,-0.4015, 1.0053,-1.9146,-0.6790,-0.6441,0
-0.0526, 0.0000, 0.2764, 3.1415,-0.3956, 1.2063, 2.3583,-0.6704,-0.6434,0
-0.0560, 0.0000, 0.2827, 3.1415,-0.3459, 0.7439,-2.3099,-0.6818,-0.6426,0
-0.0599, 0.0000, 0.2921, 3.1415,-0.3844, 0.9027, 2.4250,-0.6762,-0.6419,0
-0.0629, 0.0000, 0.2953, 3.1415,-0.3194, 0.4318,-0.2026,-0.6843,-0.6412,0
-0.0666, 0.0000, 0.3015, 3.1415,-0.3609, 0.5890, 4.0365,-0.6808,-0.6405,0
-0.0692, 0.0000, 0.3047, 3.1415,-0.2783, 0.3691, 2.5307,-0.6830,-0.6398,0
-0.0720, 0.0000, 0.3047, 3.1415,-0.2739, 0.0738, 4.0181,-0.6849,-0.6390,0
-0.0742, 0.0000, 0.3015, 3.1415,-0.2306,-0.2365, 4.6799,-0.6848,-0.6383,0
-0.0760, 0.0000, 0.2984, 3.1415,-0.1977,-0.2986, 4.6799,-0.6850,-0.6376,0
-0.0773, 0.0000, 0.2921, 3.1415,-0.1426,-0.5623, 4.6799,-0.6832,-0.6369,0
-0.0781, 0.0000, 0.2858, 3.1415,-0.0891,-0.6151, 4.6799,-0.6836,-0.6362,0
-0.0785, 0.0000, 0.2733, 3.1415,-0.0481,-1.1283, 4.6799,-0.6736,-0.6355,0
-0.0785, 0.0000, 0.2607, 3.1415,-0.0096,-1.2309, 4.6799,-0.6726,-0.6347,0
-0.0781, 0.0000, 0.2481, 3.1415, 0.0283,-1.2515, 4.6799,-0.6741,-0.6340,0
-0.0773, 0.0000, 0.2293, 3.1415, 0.0663,-1.7582, 4.6799,-0.6560,-0.6333,0
-0.0763, 0.0000, 0.2136, 3.1415, 0.0981,-1.6082, 4.6799,-0.6655,-0.6326,0
-0.0749, 0.0000, 0.1916, 3.1415, 0.1287,-2.0809, 4.6799,-0.6443,-0.6319,0
-0.0733, 0.0000, 0.1727, 3.1415, 0.1530,-1.9241, 4.6799,-0.6555,-0.6311,0
-0.0713, 0.0000, 0.1507, 3.1415, 0.1882,-2.1441, 4.6799,-0.6455,-0.6304,0
-0.0692, 0.0000, 0.1256, 3.1415, 0.2074,-2.4394,-0.9002,-0.6291,-0.6297,0
-0.0676, 0.0000, 0.1005, 3.1415, 0.1688,-2.4985, 0.6135,-0.6270,-0.6290,0
-0.0654, 0.0000, 0.0785, 3.1415, 0.2156,-2.2589, 4.6799,-0.6444,-0.6283,0
-0.0629, 0.0000, 0.0534, 3.1415, 0.2432,-2.4624, 2.5869,-0.6321,-0.6276,0
-0.0606, 0.0000, 0.0282, 3.1415, 0.2305,-2.5031, 2.7122,-0.6300,-0.6268,0
-0.0582, 0.0000, 0.0031, 3.1415, 0.2401,-2.5112, 3.1569,-0.6298,-0.6261,0
-0.0554, 0.0000,-0.0251, 3.1415, 0.2663,-2.7641,-4.6799,-0.6108,-0.6254,0
-0.0534, 0.0000,-0.0502, 3.1415, 0.2169,-2.5634, 3.0404,-0.6251,-0.6247,0
-0.0504, 0.0000,-0.0753, 3.1415, 0.2859,-2.5233, 2.6942,-0.6269,-0.6240,0
-0.0479, 0.0000,-0.1005, 3.1415, 0.2572,-2.5152, 2.2321,-0.6258,-0.6233,0
-0.0453, 0.0000,-0.1256, 3.1415, 0.2515,-2.5136, 1.3690,-0.6239,-0.6225,0
-0.0428, 0.0000,-0.1507, 3.1415, 0.2564,-2.5133, 0.2254,-0.6215,-0.6218,0
-0.0401, 0.0000,-0.1759, 3.1415, 0.2635,-2.5132,-1.1455,-0.6185,-0.6211,0
-0.0378, 0.0000,-0.1979, 3.1415, 0.2406,-2.2619, 4.6799,-0.6324,-0.6204,0
-0.0349, 0.0000,-0.2230, 3.1415, 0.2785,-2.4630,-3.8080,-0.6153,-0.6197,0
-0.0329, 0.0000,-0.2450, 3.1415, 0.2133,-2.2518, 4.6799,-0.6256,-0.6189,0
-0.0303, 0.0000,-0.2638, 3.1415, 0.2548,-1.9583, 4.6799,-0.6395,-0.6182,0
-0.0280, 0.0000,-0.2858, 3.1415, 0.2328,-2.1509, 1.3845,-0.6241,-0.6175,0
-0.0256, 0.0000,-0.3047, 3.1415, 0.2406,-1.9381, 4.6799,-0.6324,-0.6168,0
-0.0231, 0.0000,-0.3235, 3.1415, 0.2482,-1.8955, 4.6799,-0.6305,-0.6161,0
-0.0207, 0.0000,-0.3424, 3.1415, 0.2376,-1.8870, 3.4260,-0.6265,-0.6154,0
-0.0178, 0.0000,-0.3612, 3.1415, 0.2779,-1.8853, 1.2412,-0.6219,-0.6146,0
-0.0151, 0.0000,-0.3769, 3.1415, 0.2738,-1.6337, 4.6799,-0.6302,-0.6139,0
-0.0125, 0.0000,-0.3926, 3.1415, 0.2669,-1.5833, 3.6529,-0.6283,-0.6132,0
-0.0097, 0.0000,-0.4084, 3.1415, 0.2777,-1.5733, 1.7363,-0.6243,-0.6125,0
-0.0069, 0.0000,-0.4209, 3.1415, 0.2738,-1.3199, 4.6799,-0.6310,-0.6118,0
-0.0039, 0.0000,-0.4335, 3.1415, 0.2973,-1.2693, 2.4626,-0.6291,-0.6110,0
-0.0011, 0.0000,-0.4461, 3.1415, 0.2838,-1.2591, 1.1055,-0.6256,-0.6103,0
 0.0018, 0.0000,-0.4555, 3.1415, 0.2932,-1.0058, 3.0125,-0.6307,-0.6096,0
 0.0049, 0.0000,-0.4649, 3.1415, 0.3072,-0.9551, 0.9911,-0.6290,-0.6089,0
 0.0079, 0.0000,-0.4712, 3.1415, 0.3039,-0.6936, 1.8801,-0.6330,-0.6082,0
 0.0109, 0.0000,-0.4775, 3.1415, 0.3033,-0.6413,-0.0276,-0.6320,-0.6075,0
 0.0137, 0.0000,-0.4838, 3.1415, 0.2789,-0.6309,-0.7797,-0.6301,-0.6067,0
 0.0160, 0.0000,-0.4869, 3.1415, 0.2437,-0.3775, 0.3868,-0.6326,-0.6060,0
 0.0188, 0.0000,-0.4869, 3.1415, 0.2730,-0.0755,-0.7713,-0.6345,-0.6053,0
 0.0209, 0.0000,-0.4838, 3.1415, 0.2243, 0.2362,-1.8897,-0.6348,-0.6046,0
 0.0228, 0.0000,-0.4806, 3.1415, 0.1903, 0.2985,-4.0563,-0.6354,-0.6039,0
 0.0244, 0.0000,-0.4775, 3.1415, 0.1654, 0.3110,-4.6799,-0.6364,-0.6031,0
 0.0258, 0.0000,-0.4680, 3.1415, 0.1482, 0.8161,-3.3801,-0.6315,-0.6024,0
 0.0266, 0.0000,-0.4555, 3.1415, 0.0963, 1.1685,-4.1575,-0.6257,-0.6017,0
 0.0271, 0.0000,-0.4429, 3.1415, 0.0556, 1.2390,-4.6799,-0.6272,-0.6010,0
 0.0272, 0.0000,-0.4272, 3.1415, 0.0232, 1.5044,-4.6799,-0.6218,-0.6003,0
 0.0269, 0.0000,-0.4084, 3.1415,-0.0196, 1.8088,-3.0777,-0.6132,-0.5996,0
 0.0264, 0.0000,-0.3895, 3.1415,-0.0463, 1.8697,-4.6799,-0.6153,-0.5988,0
 0.0256, 0.0000,-0.3675, 3.1415,-0.0699, 2.1332,-1.7445,-0.6064,-0.5981,0
 0.0244, 0.0000,-0.3424, 3.1415,-0.1109, 2.4372, 4.6799,-0.5932,-0.5974,0
 0.0241, 0.0000,-0.3173, 3.1415,-0.0525, 2.4980, 1.1950,-0.5948,-0.5967,0
 0.0231, 0.0000,-0.2921, 3.1415,-0.0893, 2.5102,-1.8054,-0.5994,-0.5960,0
 0.0221, 0.0000,-0.2670, 3.1415,-0.0966, 2.5126,-4.6799,-0.6042,-0.5952,0
 0.0208, 0.0000,-0.2419, 3.1415,-0.1224, 2.5131,-4.6799,-0.6087,-0.5945,0
 0.0194, 0.0000,-0.2136, 3.1415,-0.1336, 2.7645, 1.9721,-0.5947,-0.5938,0
 0.0191, 0.0000,-0.1822, 3.1415,-0.0509, 3.0661, 4.6799,-0.5745,-0.5931,0
 0.0182, 0.0000,-0.1539, 3.1415,-0.0829, 2.8751,-2.1825,-0.5938,-0.5924,0
 0.0171, 0.0000,-0.1256, 3.1415,-0.1075, 2.8369,-4.6799,-0.5997,-0.5917,0
 0.0156, 0.0000,-0.0973, 3.1415,-0.1367, 2.8293,-4.6799,-0.6026,-0.5909,0
 0.0148, 0.0000,-0.0659, 3.1415,-0.0940, 3.0791, 4.6799,-0.5837,-0.5902,0
 0.0144, 0.0000,-0.0345, 3.1415,-0.0551, 3.1291, 4.6799,-0.5805,-0.5895,0
 0.0136, 0.0000,-0.0031, 3.1415,-0.0716, 3.1390, 4.6799,-0.5801,-0.5888,0
 0.0132, 0.0000, 0.0251, 3.1415,-0.0446, 2.8897,-4.6799,-0.6009,-0.5881,0
 0.0125, 0.0000, 0.0502, 3.1415,-0.0635, 2.5885,-4.6799,-0.6233,-0.5873,0
 0.0119, 0.0000, 0.0785, 3.1415,-0.0612, 2.7796,-4.6799,-0.6077,-0.5866,0
 0.0115, 0.0000, 0.1099, 3.1415,-0.0486, 3.0692, 4.6799,-0.5818,-0.5859,0
 0.0114, 0.0000, 0.1382, 3.1415,-0.0157, 2.8757,-4.6799,-0.5954,-0.5852,0
 0.0102, 0.0000, 0.1665, 3.1415,-0.1001, 2.8371,-4.6799,-0.5954,-0.5845,0
 0.0093, 0.0000, 0.1947, 3.1415,-0.0927, 2.8293,-4.6799,-0.5924,-0.5838,0
 0.0084, 0.0000, 0.2230, 3.1415,-0.0913, 2.8278,-2.8893,-0.5883,-0.5830,0
 0.0069, 0.0000, 0.2513, 3.1415,-0.1334, 2.8275,-0.0568,-0.5836,-0.5823,0
 0.0058, 0.0000, 0.2764, 3.1415,-0.1176, 2.5761,-4.6799,-0.5979,-0.5816,0
 0.0045, 0.0000, 0.3047, 3.1415,-0.1266, 2.7771, 4.1585,-0.5770,-0.5809,0
 0.0036, 0.0000, 0.3298, 3.1415,-0.0980, 2.5660,-4.5564,-0.5871,-0.5802,0
 0.0020, 0.0000, 0.3549, 3.1415,-0.1469, 2.5238,-1.8432,-0.5841,-0.5794,0
 0.0011, 0.0000, 0.3769, 3.1415,-0.1021, 2.2640,-4.6799,-0.5959,-0.5787,0
-0.0003, 0.0000, 0.4021, 3.1415,-0.1356, 2.4634, 3.3688,-0.5758,-0.5780,0
-0.0006, 0.0000, 0.4241, 3.1415,-0.0513, 2.2519,-3.7956,-0.5834,-0.5773,0
-0.0018, 0.0000, 0.4398, 3.1415,-0.1072, 1.7070,-4.6799,-0.6089,-0.5766,0
-0.0028, 0.0000, 0.4586, 3.1415,-0.1063, 1.8493,-4.6799,-0.5959,-0.5759,0
-0.0040, 0.0000, 0.4775, 3.1415,-0.1122, 1.8778,-3.0485,-0.5883,-0.5751,0
-0.0053, 0.0000, 0.4932, 3.1415,-0.1255, 1.6322,-4.6799,-0.5952,-0.5744,0
-0.0065, 0.0000, 0.5089, 3.1415,-0.1281, 1.5830,-4.3747,-0.5919,-0.5737,0
-0.0079, 0.0000, 0.5215, 3.1415,-0.1347, 1.3219,-4.6799,-0.5981,-0.5730,0
-0.0097, 0.0000, 0.5340, 3.1415,-0.1664, 1.2696,-3.8400,-0.5955,-0.5723,0
-0.0115, 0.0000, 0.5466, 3.1415,-0.1848, 1.2592,-2.0532,-0.5912,-0.5715,0
-0.0131, 0.0000, 0.5560, 3.1415,-0.1643, 1.0058,-3.9094,-0.5957,-0.5708,0
-0.0150, 0.0000, 0.5654, 3.1415,-0.1844, 0.9551,-1.8534,-0.5935,-0.5701,0
-0.0172, 0.0000, 0.5717, 3.1415,-0.2066, 0.6936,-2.2809,-0.5971,-0.5694,0
-0.0190, 0.0000, 0.5780, 3.1415,-0.1868, 0.6413,-0.6703,-0.5956,-0.5687,0
-0.0207, 0.0000, 0.5843, 3.1415,-0.1768, 0.6309, 0.1648,-0.5933,-0.5680,0
-0.0219, 0.0000, 0.5843, 3.1415,-0.1323, 0.1261,-1.7642,-0.5987,-0.5672,0
-0.0239, 0.0000, 0.5843, 3.1415,-0.1841, 0.0252, 1.7858,-0.5989,-0.5665,0
-0.0249, 0.0000, 0.5811, 3.1415,-0.1156,-0.2462, 1.8807,-0.5993,-0.5658,0
-0.0259, 0.0000, 0.5780, 3.1415,-0.1080,-0.3005, 3.7626,-0.6001,-0.5651,0
-0.0265, 0.0000, 0.5717, 3.1415,-0.0640,-0.5627, 3.6370,-0.5994,-0.5644,0
-0.0268, 0.0000, 0.5592, 3.1415,-0.0370,-1.1178, 2.7361,-0.5912,-0.5636,0
-0.0269, 0.0000, 0.5466, 3.1415,-0.0195,-1.2288, 4.6799,-0.5923,-0.5629,0
-0.0265, 0.0000, 0.5309, 3.1415, 0.0324,-1.5024, 4.6799,-0.5876,-0.5622,0
-0.0257, 0.0000, 0.5152, 3.1415, 0.0671,-1.5571, 4.6799,-0.5909,-0.5615,0
-0.0248, 0.0000, 0.4963, 3.1415, 0.0861,-1.8193, 4.6799,-0.5850,-0.5608,0
-0.0236, 0.0000, 0.4743, 3.1415, 0.1142,-2.1231, 3.3313,-0.5756,-0.5601,0
-0.0222, 0.0000, 0.4492, 3.1415, 0.1380,-2.4352,-1.3625,-0.5638,-0.5593,0
-0.0210, 0.0000, 0.4241, 3.1415, 0.1185,-2.4976, 2.7374,-0.5671,-0.5586,0
-0.0192, 0.0000, 0.3989, 3.1415, 0.1692,-2.5101, 4.6799,-0.5734,-0.5579,0
-0.0172, 0.0000, 0.3675, 3.1415, 0.1914,-3.0153,-4.6799,-0.5428,-0.5572,0
-0.0158, 0.0000, 0.3392, 3.1415, 0.1535,-2.8650, 2.7999,-0.5622,-0.5565,0
-0.0138, 0.0000, 0.3078, 3.1415, 0.1883,-3.0862,-4.6799,-0.5509,-0.5557,0
-0.0123, 0.0000, 0.2764, 3.1415, 0.1589,-3.1305,-2.7512,-0.5536,-0.5550,0
-0.0111, 0.0000, 0.2450, 3.1415, 0.1288,-3.1393, 1.6406,-0.5586,-0.5543,0
-0.0094, 0.0000, 0.2136, 3.1415, 0.1591,-3.1411, 4.6799,-0.5636,-0.5536,0
-0.0078, 0.0000, 0.1822, 3.1415, 0.1591,-3.1415, 4.6799,-0.5680,-0.5529,0
-0.0062, 0.0000, 0.1476, 3.1415, 0.1652,-3.3929,-4.6799,-0.5491,-0.5522,0
-0.0050, 0.0000, 0.1130, 3.1415, 0.1239,-3.4431,-4.6799,-0.5475,-0.5514,0
-0.0038, 0.0000, 0.0816, 3.1415, 0.1218,-3.2019, 4.6799,-0.5721,-0.5507,0
-0.0022, 0.0000, 0.0471, 3.1415, 0.1516,-3.4049, 0.5594,-0.5549,-0.5500,0
-0.0011, 0.0000, 0.0125, 3.1415, 0.1212,-3.4455,-0.0609,-0.5518,-0.5493,0
 0.0000, 0.0000,-0.0219, 3.1415, 0.1152,-3.4537, 0.2998,-0.5509,-0.5486,0
 0.0012, 0.0000,-0.0534, 3.1415, 0.1261,-3.2040, 4.6799,-0.5733,-0.5478,0
 0.0028, 0.0000,-0.0879, 3.1415, 0.1464,-3.4054, 1.1000,-0.5529,-0.5471,0
 0.0042, 0.0000,-0.1225, 3.1415, 0.1445,-3.4456,-2.2052,-0.5464,-0.5464,0
 0.0053, 0.0000,-0.1539, 3.1415, 0.1137,-3.2024, 4.6799,-0.5660,-0.5457,0
 0.0066, 0.0000,-0.1884, 3.1415, 0.1318,-3.4050,-4.3101,-0.5430,-0.5450,0
 0.0074, 0.0000,-0.2199, 3.1415, 0.0870,-3.1942, 4.6799,-0.5579,-0.5443,0
 0.0090, 0.0000,-0.2481, 3.1415, 0.1447,-2.9008, 4.6799,-0.5782,-0.5435,0
 0.0102, 0.0000,-0.2796, 3.1415, 0.1259,-3.0934, 4.6799,-0.5562,-0.5428,0
 0.0113, 0.0000,-0.3078, 3.1415, 0.1161,-2.8806, 4.6799,-0.5681,-0.5421,0
 0.0128, 0.0000,-0.3392, 3.1415, 0.1384,-3.0894,-2.1186,-0.5435,-0.5414,0
 0.0136, 0.0000,-0.3675, 3.1415, 0.0943,-2.8798, 4.6799,-0.5540,-0.5407,0
 0.0150, 0.0000,-0.3926, 3.1415, 0.1340,-2.5865, 4.6799,-0.5697,-0.5399,0
 0.0164, 0.0000,-0.4178, 3.1415, 0.1359,-2.5279, 4.6799,-0.5668,-0.5392,0
 0.0178, 0.0000,-0.4429, 3.1415, 0.1363,-2.5162, 4.6799,-0.5601,-0.5385,0
 0.0190, 0.0000,-0.4649, 3.1415, 0.1242,-2.2625, 4.6799,-0.5701,-0.5378,0
 0.0206, 0.0000,-0.4869, 3.1415, 0.1582,-2.2117, 4.6799,-0.5661,-0.5371,0
 0.0226, 0.0000,-0.5089, 3.1415, 0.1892,-2.2016, 4.6799,-0.5592,-0.5364,0
 0.0246, 0.0000,-0.5309, 3.1415, 0.1955,-2.1996, 2.8917,-0.5515,-0.5356,0
 0.0262, 0.0000,-0.5497, 3.1415, 0.1664,-1.9478, 4.6799,-0.5591,-0.5349,0
 0.0282, 0.0000,-0.5686, 3.1415, 0.1969,-1.8975, 3.8397,-0.5546,-0.5342,0
 0.0305, 0.0000,-0.5843, 3.1415, 0.2213,-1.6361, 4.6799,-0.5614,-0.5335,0
 0.0327, 0.0000,-0.5969, 3.1415, 0.2200,-1.3325, 4.6799,-0.5690,-0.5328,0
 0.0347, 0.0000,-0.6126, 3.1415, 0.2077,-1.5231, 0.7113,-0.5550,-0.5320,0
 0.0369, 0.0000,-0.6220, 3.1415, 0.2173,-1.0586, 4.6799,-0.5679,-0.5313,0
 0.0394, 0.0000,-0.6346, 3.1415, 0.2435,-1.2170,-0.1078,-0.5575,-0.5306,0
 0.0416, 0.0000,-0.6408, 3.1415, 0.2184,-0.7460, 3.0448,-0.5678,-0.5299,0
 0.0437, 0.0000,-0.6471, 3.1415, 0.2134,-0.6518, 0.3228,-0.5669,-0.5292,0
 0.0458, 0.0000,-0.6503, 3.1415, 0.2124,-0.3816,-0.4236,-0.5694,-0.5285,0
 0.0476, 0.0000,-0.6534, 3.1415, 0.1880,-0.3276,-2.0747,-0.5686,-0.5277,0
 0.0492, 0.0000,-0.6534, 3.1415, 0.1649,-0.0655,-2.4532,-0.5700,-0.5270,0
 0.0504, 0.0000,-0.6503, 3.1415, 0.1300, 0.2382,-3.8193,-0.5707,-0.5263,0
 0.0515, 0.0000,-0.6440, 3.1415, 0.1108, 0.5502,-4.6799,-0.5700,-0.5256,0
 0.0521, 0.0000,-0.6346, 3.1415, 0.0706, 0.8640,-4.6799,-0.5678,-0.5249,0
 0.0521, 0.0000,-0.6251, 3.1415, 0.0141, 0.9267,-4.6799,-0.5702,-0.5242,0
 0.0519, 0.0000,-0.6094, 3.1415,-0.0153, 1.4419,-4.6799,-0.5596,-0.5234,0
 0.0512, 0.0000,-0.5906, 3.1415,-0.0576, 1.7963,-4.6799,-0.5512,-0.5227,0
 0.0500, 0.0000,-0.5717, 3.1415,-0.1024, 1.8672,-4.6799,-0.5550,-0.5220,0
 0.0486, 0.0000,-0.5497, 3.1415,-0.1356, 2.1327,-4.6799,-0.5485,-0.5213,0
 0.0469, 0.0000,-0.5246, 3.1415,-0.1605, 2.4371,-4.6799,-0.5383,-0.5206,0
 0.0448, 0.0000,-0.4963, 3.1415,-0.2018, 2.7493,-0.3156,-0.5256,-0.5198,0
 0.0426, 0.0000,-0.4649, 3.1415,-0.2162, 3.0631, 4.6799,-0.5104,-0.5191,0
 0.0410, 0.0000,-0.4366, 3.1415,-0.1766, 2.8745,-4.6799,-0.5350,-0.5184,0
 0.0382, 0.0000,-0.4021, 3.1415,-0.2536, 3.3395, 4.6799,-0.5046,-0.5177,0
 0.0365, 0.0000,-0.3707, 3.1415,-0.1901, 3.1811,-4.6799,-0.5276,-0.5170,0
 0.0337, 0.0000,-0.3361, 3.1415,-0.2623, 3.4008, 2.8101,-0.5159,-0.5163,0
 0.0319, 0.0000,-0.3015, 3.1415,-0.1979, 3.4447,-1.6891,-0.5195,-0.5155,0
 0.0295, 0.0000,-0.2638, 3.1415,-0.2275, 3.7048, 4.6799,-0.5010,-0.5148,0
 0.0277, 0.0000,-0.2293, 3.1415,-0.1910, 3.5055,-4.6799,-0.5272,-0.5141,0
 0.0252, 0.0000,-0.1916, 3.1415,-0.2382, 3.7170, 4.0942,-0.5115,-0.5134,0
 0.0236, 0.0000,-0.1539, 3.1415,-0.1749, 3.7593, 1.8808,-0.5117,-0.5127,0
 0.0218, 0.0000,-0.1162, 3.1415,-0.1805, 3.7677,-1.1676,-0.5144,-0.5119,0
 0.0200, 0.0000,-0.0816, 3.1415,-0.1755, 3.5181,-4.6799,-0.5424,-0.5112,0
 0.0182, 0.0000,-0.0439, 3.1415,-0.1806, 3.7195,-4.6799,-0.5237,-0.5105,0
 0.0165, 0.0000,-0.0062, 3.1415,-0.1755, 3.7598,-4.6799,-0.5201,-0.5098,0
 0.0144, 0.0000, 0.0345, 3.1415,-0.2048, 4.0192, 4.6799,-0.4915,-0.5091,0
 0.0128, 0.0000, 0.0722, 3.1415,-0.1622, 3.8197,-3.4533,-0.5119,-0.5084,0
 0.0106, 0.0000, 0.1099, 3.1415,-0.2082, 3.7798,-4.1013,-0.5137,-0.5076,0
 0.0088, 0.0000, 0.1476, 3.1415,-0.1871, 3.7719,-2.3167,-0.5110,-0.5069,0
 0.0068, 0.0000, 0.1853, 3.1415,-0.1950, 3.7703, 0.7518,-0.5067,-0.5062,0
 0.0050, 0.0000, 0.2230, 3.1415,-0.1906, 3.7699, 4.4098,-0.5013,-0.5055,0
 0.0034, 0.0000, 0.2576, 3.1415,-0.1593, 3.5186,-4.6799,-0.5210,-0.5048,0
 0.0017, 0.0000, 0.2921, 3.1415,-0.1713, 3.4683,-4.6799,-0.5192,-0.5040,0
 0.0000, 0.0000, 0.3235, 3.1415,-0.1676, 3.2069,-4.6799,-0.5368,-0.5033,0
-0.0014, 0.0000, 0.3581, 3.1415,-0.1547, 3.4059,-2.4863,-0.5101,-0.5026,0
-0.0029, 0.0000, 0.3895, 3.1415,-0.1522, 3.1944,-4.6799,-0.5214,-0.5019,0
-0.0048, 0.0000, 0.4209, 3.1415,-0.1820, 3.1521,-4.6799,-0.5162,-0.5012,0
-0.0068, 0.0000, 0.4492, 3.1415,-0.2001, 2.8923,-4.6799,-0.5297,-0.5005,0
-0.0087, 0.0000, 0.4775, 3.1415,-0.1916, 2.8404,-4.6799,-0.5248,-0.4997,0
-0.0107, 0.0000, 0.5057, 3.1415,-0.1959, 2.8300,-4.6799,-0.5160,-0.4990,0
-0.0129, 0.0000, 0.5340, 3.1415,-0.2150, 2.8279,-1.3884,-0.5061,-0.4983,0
-0.0153, 0.0000, 0.5592, 3.1415,-0.2370, 2.5762,-4.6799,-0.5157,-0.4976,0
-0.0177, 0.0000, 0.5811, 3.1415,-0.2353, 2.2745,-4.6799,-0.5277,-0.4969,0
-0.0199, 0.0000, 0.6031, 3.1415,-0.2229, 2.2142,-4.6799,-0.5227,-0.4961,0
-0.0223, 0.0000, 0.6251, 3.1415,-0.2386, 2.2021,-3.6488,-0.5143,-0.4954,0
-0.0248, 0.0000, 0.6440, 3.1415,-0.2478, 1.9483,-4.6799,-0.5211,-0.4947,0
-0.0274, 0.0000, 0.6597, 3.1415,-0.2557, 1.6463,-4.6799,-0.5294,-0.4940,0
-0.0301, 0.0000, 0.6785, 3.1415,-0.2694, 1.8372,-0.0645,-0.5117,-0.4933,0
-0.0327, 0.0000, 0.6911, 3.1415,-0.2600, 1.3727,-4.6799,-0.5269,-0.4926,0
-0.0355, 0.0000, 0.7037, 3.1415,-0.2763, 1.2798,-2.7704,-0.5245,-0.4918,0
-0.0383, 0.0000, 0.7131, 3.1415,-0.2796, 1.0099,-2.7128,-0.5288,-0.4911,0
-0.0410, 0.0000, 0.7225, 3.1415,-0.2681, 0.9559,-0.6200,-0.5258,-0.4904,0
-0.0436, 0.0000, 0.7288, 3.1415,-0.2658, 0.6938,-0.5342,-0.5289,-0.4897,0
-0.0464, 0.0000, 0.7319, 3.1415,-0.2775, 0.3900, 0.8975,-0.5320,-0.4890,0
-0.0488, 0.0000, 0.7351, 3.1415,-0.2495, 0.3293, 2.7504,-0.5311,-0.4882,0
-0.0507, 0.0000, 0.7351, 3.1415,-0.2014, 0.0658, 3.0372,-0.5325,-0.4875,0
-0.0526, 0.0000, 0.7319, 3.1415,-0.1918,-0.2381, 4.6799,-0.5333,-0.4868,0
-0.0539, 0.0000, 0.7257, 3.1415,-0.1414,-0.5502, 4.6799,-0.5329,-0.4861,0
-0.0549, 0.0000, 0.7162, 3.1415,-0.1071,-0.8640, 4.6799,-0.5311,-0.4854,0
-0.0554, 0.0000, 0.7005, 3.1415,-0.0578,-1.4294, 4.6799,-0.5203,-0.4847,0
-0.0556, 0.0000, 0.6848, 3.1415,-0.0297,-1.5425, 4.6799,-0.5228,-0.4839,0
-0.0552, 0.0000, 0.6660, 3.1415, 0.0243,-1.8164, 4.6799,-0.5184,-0.4832,0
-0.0547, 0.0000, 0.6471, 3.1415, 0.0473,-1.8712, 4.6799,-0.5238,-0.4825,0
-0.0538, 0.0000, 0.6220, 3.1415, 0.0761,-2.3848, 4.6799,-0.5039,-0.4818,0
-0.0525, 0.0000, 0.5937, 3.1415, 0.1183,-2.7389, 2.5998,-0.4901,-0.4811,0
-0.0512, 0.0000, 0.5654, 3.1415, 0.1328,-2.8097, 4.6799,-0.4957,-0.4803,0
-0.0495, 0.0000, 0.5340, 3.1415, 0.1599,-3.0752, 2.1043,-0.4856,-0.4796,0
-0.0476, 0.0000, 0.5026, 3.1415, 0.1835,-3.1283, 4.6799,-0.4922,-0.4789,0
-0.0452, 0.0000, 0.4649, 3.1415, 0.2307,-3.6415,-4.6799,-0.4562,-0.4782,0
-0.0436, 0.0000, 0.4303, 3.1415, 0.1734,-3.4929, 3.7426,-0.4817,-0.4775,0
-0.0409, 0.0000, 0.3926, 3.1415, 0.2529,-3.7145,-4.6799,-0.4702,-0.4768,0
-0.0392, 0.0000, 0.3518, 3.1415, 0.1839,-4.0101,-4.6799,-0.4489,-0.4760,0
-0.0373, 0.0000, 0.3141, 3.1415, 0.1883,-3.8179, 3.7991,-0.4788,-0.4753,0
-0.0348, 0.0000, 0.2733, 3.1415, 0.2377,-4.0308,-4.6799,-0.4639,-0.4746,0
-0.0335, 0.0000, 0.2324, 3.1415, 0.1566,-4.0734,-4.6799,-0.4664,-0.4739,0
-0.0319, 0.0000, 0.1916, 3.1415, 0.1526,-4.0819,-1.2478,-0.4716,-0.4732,0
-0.0304, 0.0000, 0.1507, 3.1415, 0.1517,-4.0836, 3.4822,-0.4764,-0.4724,0
-0.0290, 0.0000, 0.1099, 3.1415, 0.1455,-4.0839, 4.6799,-0.4802,-0.4717,0
-0.0272, 0.0000, 0.0691, 3.1415, 0.1685,-4.0840, 4.6799,-0.4828,-0.4710,0
-0.0259, 0.0000, 0.0251, 3.1415, 0.1428,-4.3353,-4.6799,-0.4547,-0.4703,0
-0.0249, 0.0000,-0.0157, 3.1415, 0.1073,-4.1343, 4.6799,-0.4787,-0.4696,0
-0.0230, 0.0000,-0.0565, 3.1415, 0.1730,-4.0941, 4.6799,-0.4822,-0.4689,0
-0.0212, 0.0000,-0.1005, 3.1415, 0.1740,-4.3374,-4.6799,-0.4510,-0.4681,0
-0.0205, 0.0000,-0.1413, 3.1415, 0.0954,-4.1347, 4.6799,-0.4715,-0.4674,0
-0.0187, 0.0000,-0.1822, 3.1415, 0.1585,-4.0942, 4.6215,-0.4715,-0.4667,0
-0.0172, 0.0000,-0.2230, 3.1415, 0.1529,-4.0860, 0.6662,-0.4665,-0.4660,0
-0.0155, 0.0000,-0.2607, 3.1415, 0.1700,-3.8331, 4.6799,-0.4881,-0.4653,0
-0.0141, 0.0000,-0.3015, 3.1415, 0.1431,-4.0338,-4.6799,-0.4578,-0.4645,0
-0.0131, 0.0000,-0.3392, 3.1415, 0.1074,-3.8227, 4.6799,-0.4725,-0.4638,0
-0.0114, 0.0000,-0.3769, 3.1415, 0.1609,-3.7804, 3.6116,-0.4675,-0.4631,0
-0.0099, 0.0000,-0.4115, 3.1415, 0.1534,-3.5206, 4.6799,-0.4845,-0.4624,0
-0.0085, 0.0000,-0.4461, 3.1415, 0.1398,-3.4687, 4.6799,-0.4793,-0.4617,0
-0.0072, 0.0000,-0.4806, 3.1415, 0.1310,-3.4583, 4.6799,-0.4692,-0.4610,0
-0.0056, 0.0000,-0.5120, 3.1415, 0.1535,-3.2049, 4.6799,-0.4821,-0.4602,0
-0.0039, 0.0000,-0.5434, 3.1415, 0.1701,-3.1542, 4.6799,-0.4753,-0.4595,0
-0.0021, 0.0000,-0.5717, 3.1415, 0.1795,-2.8927, 4.6799,-0.4867,-0.4588,0
-0.0006, 0.0000,-0.6000, 3.1415, 0.1571,-2.8405, 4.6799,-0.4796,-0.4581,0
 0.0013, 0.0000,-0.6283, 3.1415, 0.1890,-2.8300, 4.1550,-0.4688,-0.4574,0
 0.0037, 0.0000,-0.6534, 3.1415, 0.2257,-2.5766, 4.6799,-0.4772,-0.4566,0
 0.0059, 0.0000,-0.6785, 3.1415, 0.2209,-2.5259, 4.1101,-0.4696,-0.4559,0
 0.0081, 0.0000,-0.7005, 3.1415, 0.2260,-2.2644, 4.6799,-0.4771,-0.4552,0
 0.0101, 0.0000,-0.7194, 3.1415, 0.2028,-1.9608, 4.6799,-0.4863,-0.4545,0
 0.0125, 0.0000,-0.7382, 3.1415, 0.2346,-1.9001, 4.6799,-0.4805,-0.4538,0
 0.0150, 0.0000,-0.7571, 3.1415, 0.2470,-1.8879, 2.3718,-0.4720,-0.4531,0
 0.0176, 0.0000,-0.7696, 3.1415, 0.2555,-1.3829, 4.6799,-0.4889,-0.4523,0
 0.0201, 0.0000,-0.7822, 3.1415, 0.2512,-1.2818, 4.0569,-0.4863,-0.4516,0
 0.0228, 0.0000,-0.7948, 3.1415, 0.2624,-1.2616, 1.7434,-0.4806,-0.4509,0
 0.0254, 0.0000,-0.8042, 3.1415, 0.2647,-1.0063, 2.2371,-0.4839,-0.4502,0
 0.0282, 0.0000,-0.8105, 3.1415, 0.2772,-0.7039, 1.4150,-0.4879,-0.4495,0
 0.0310, 0.0000,-0.8136, 3.1415, 0.2798,-0.3921,-0.1586,-0.4910,-0.4488,0
 0.0332, 0.0000,-0.8168, 3.1415, 0.2317,-0.3297,-1.7544,-0.4900,-0.4480,0
 0.0352, 0.0000,-0.8168, 3.1415, 0.2040,-0.0659,-2.2010,-0.4915,-0.4473,0
 0.0372, 0.0000,-0.8136, 3.1415, 0.1984, 0.2381,-3.7770,-0.4924,-0.4466,0
 0.0386, 0.0000,-0.8042, 3.1415, 0.1548, 0.8016,-4.6799,-0.4891,-0.4459,0
 0.0397, 0.0000,-0.7948, 3.1415, 0.1158, 0.9143,-4.6799,-0.4912,-0.4452,0
 0.0404, 0.0000,-0.7822, 3.1415, 0.0838, 1.1881,-4.6799,-0.4895,-0.4444,0
 0.0406, 0.0000,-0.7665, 3.1415, 0.0288, 1.4942,-4.6799,-0.4859,-0.4437,0
 0.0404, 0.0000,-0.7476, 3.1415,-0.0063, 1.8068,-4.6799,-0.4808,-0.4430,0
 0.0400, 0.0000,-0.7257, 3.1415,-0.0376, 2.1206,-4.6799,-0.4741,-0.4423,0
 0.0391, 0.0000,-0.7005, 3.1415,-0.0802, 2.4347,-4.6799,-0.4659,-0.4416,0
 0.0381, 0.0000,-0.6723, 3.1415,-0.0948, 2.7488,-4.6799,-0.4560,-0.4409,0
 0.0366, 0.0000,-0.6440, 3.1415,-0.1341, 2.8117,-4.6799,-0.4635,-0.4401,0
 0.0348, 0.0000,-0.6094, 3.1415,-0.1723, 3.3269, 4.6799,-0.4338,-0.4394,0
 0.0339, 0.0000,-0.5749, 3.1415,-0.1072, 3.4299, 1.6336,-0.4379,-0.4387,0
 0.0322, 0.0000,-0.5403, 3.1415,-0.1609, 3.4505,-4.6799,-0.4490,-0.4380,0
 0.0300, 0.0000,-0.5026, 3.1415,-0.2019, 3.7060, 3.1451,-0.4369,-0.4373,0
 0.0289, 0.0000,-0.4649, 3.1415,-0.1313, 3.7571,-4.3328,-0.4442,-0.4365,0
 0.0268, 0.0000,-0.4241, 3.1415,-0.1960, 4.0186, 4.6799,-0.4283,-0.4358,0
 0.0257, 0.0000,-0.3832, 3.1415,-0.1240, 4.0709, 2.0782,-0.4339,-0.4351,0
 0.0239, 0.0000,-0.3424, 3.1415,-0.1703, 4.0814,-4.6799,-0.4431,-0.4344,0
 0.0224, 0.0000,-0.2984, 3.1415,-0.1553, 4.3348, 4.6799,-0.4232,-0.4337,0
 0.0212, 0.0000,-0.2544, 3.1415,-0.1280, 4.3855, 4.6799,-0.4257,-0.4330,0
 0.0202, 0.0000,-0.2104, 3.1415,-0.1044, 4.3956, 0.9193,-0.4317,-0.4322,0
 0.0194, 0.0000,-0.1696, 3.1415,-0.0875, 4.1463,-4.6799,-0.4670,-0.4315,0
 0.0184, 0.0000,-0.1256, 3.1415,-0.0963, 4.3478,-4.6799,-0.4477,-0.4308,0
 0.0170, 0.0000,-0.0816, 3.1415,-0.1284, 4.3881,-4.6799,-0.4461,-0.4301,0
 0.0160, 0.0000,-0.0345, 3.1415,-0.1045, 4.6475, 4.6799,-0.4152,-0.4294,0
 0.0157, 0.0000, 0.0094, 3.1415,-0.0451, 4.4480,-4.6799,-0.4410,-0.4286,0
 0.0143, 0.0000, 0.0534, 3.1415,-0.1242, 4.4082,-4.6799,-0.4450,-0.4279,0
 0.0127, 0.0000, 0.1005, 3.1415,-0.1521, 4.6515, 4.6799,-0.4115,-0.4272,0
 0.0124, 0.0000, 0.1445, 3.1415,-0.0546, 4.4488,-4.6799,-0.4335,-0.4265,0
 0.0107, 0.0000, 0.1884, 3.1415,-0.1443, 4.4083,-4.6799,-0.4333,-0.4258,0
 0.0095, 0.0000, 0.2324, 3.1415,-0.1258, 4.4002,-2.3744,-0.4277,-0.4251,0
 0.0082, 0.0000, 0.2764, 3.1415,-0.1282, 4.3986, 3.9533,-0.4199,-0.4243,0
 0.0071, 0.0000, 0.3204, 3.1415,-0.1166, 4.3983, 4.6799,-0.4107,-0.4236,0
 0.0068, 0.0000, 0.3612, 3.1415,-0.0475, 4.1469,-4.6799,-0.4309,-0.4229,0
 0.0056, 0.0000, 0.3989, 3.1415,-0.1065, 3.8453,-4.6799,-0.4546,-0.4222,0
 0.0046, 0.0000, 0.4366, 3.1415,-0.0940, 3.7849,-4.6799,-0.4501,-0.4215,0
 0.0038, 0.0000, 0.4743, 3.1415,-0.0855, 3.7729,-4.6799,-0.4395,-0.4207,0
 0.0031, 0.0000, 0.5089, 3.1415,-0.0716, 3.5191,-4.6799,-0.4536,-0.4200,0
 0.0021, 0.0000, 0.5434, 3.1415,-0.0992, 3.4684,-4.6799,-0.4461,-0.4193,0
 0.0008, 0.0000, 0.5780, 3.1415,-0.1229, 3.4582,-4.6799,-0.4339,-0.4186,0
-0.0001, 0.0000, 0.6094, 3.1415,-0.1034, 3.2049,-4.6799,-0.4449,-0.4179,0
-0.0012, 0.0000, 0.6377, 3.1415,-0.1116, 2.9029,-4.6799,-0.4589,-0.4172,0
-0.0025, 0.0000, 0.6691, 3.1415,-0.1254, 3.0938,-4.6799,-0.4292,-0.4164,0
-0.0037, 0.0000, 0.6942, 3.1415,-0.1220, 2.6293,-4.6799,-0.4550,-0.4157,0
-0.0054, 0.0000, 0.7194, 3.1415,-0.1578, 2.5364,-4.6799,-0.4500,-0.4150,0
-0.0071, 0.0000, 0.7445, 3.1415,-0.1649, 2.5179,-4.6799,-0.4393,-0.4143,0
-0.0087, 0.0000, 0.7665, 3.1415,-0.1603, 2.2628,-4.6799,-0.4455,-0.4136,0
-0.0105, 0.0000, 0.7853, 3.1415,-0.1775, 1.9605,-4.6799,-0.4539,-0.4128,0
-0.0126, 0.0000, 0.8042, 3.1415,-0.2052, 1.9000,-4.6799,-0.4475,-0.4121,0
-0.0147, 0.0000, 0.8199, 3.1415,-0.2047, 1.6366,-4.6799,-0.4524,-0.4114,0
-0.0166, 0.0000, 0.8325, 3.1415,-0.1986, 1.3326,-4.6799,-0.4584,-0.4107,0
-0.0188, 0.0000, 0.8450, 3.1415,-0.2155, 1.2718,-4.6799,-0.4539,-0.4100,0
-0.0211, 0.0000, 0.8545, 3.1415,-0.2250, 1.0083,-4.6759,-0.4572,-0.4093,0
-0.0234, 0.0000, 0.8639, 3.1415,-0.2329, 0.9556,-2.5554,-0.4535,-0.4085,0
-0.0259, 0.0000, 0.8702, 3.1415,-0.2406, 0.6937,-1.9924,-0.4561,-0.4078,0
-0.0283, 0.0000, 0.8733, 3.1415,-0.2421, 0.3900,-0.4538,-0.4590,-0.4071,0
-0.0308, 0.0000, 0.8733, 3.1415,-0.2485, 0.0780, 1.7703,-0.4611,-0.4064,0
-0.0329, 0.0000, 0.8733, 3.1415,-0.2194, 0.0156, 3.5094,-0.4611,-0.4057,0
-0.0346, 0.0000, 0.8702, 3.1415,-0.1772,-0.2482, 4.2849,-0.4620,-0.4049,0
-0.0360, 0.0000, 0.8607, 3.1415,-0.1506,-0.8036, 4.6799,-0.4590,-0.4042,0
-0.0372, 0.0000, 0.8513, 3.1415,-0.1210,-0.9147, 4.6799,-0.4614,-0.4035,0
-0.0380, 0.0000, 0.8356, 3.1415,-0.0909,-1.4395, 4.6799,-0.4526,-0.4028,0
-0.0381, 0.0000, 0.8199, 3.1415,-0.0303,-1.5445, 4.6799,-0.4565,-0.4021,0
-0.0380, 0.0000, 0.7979, 3.1415, 0.0060,-2.0682, 4.6799,-0.4414,-0.4014,0
-0.0374, 0.0000, 0.7759, 3.1415, 0.0497,-2.1729, 4.6799,-0.4464,-0.4006,0
-0.0365, 0.0000, 0.7508, 3.1415, 0.0827,-2.4452, 4.6799,-0.4413,-0.3999,0
-0.0353, 0.0000, 0.7194, 3.1415, 0.1135,-3.0023, 3.1228,-0.4139,-0.3992,0
-0.0337, 0.0000, 0.6880, 3.1415, 0.1500,-3.1137, 4.6799,-0.4189,-0.3985,0
-0.0319, 0.0000, 0.6534, 3.1415, 0.1694,-3.3873, 3.8029,-0.4095,-0.3978,0
-0.0298, 0.0000, 0.6188, 3.1415, 0.2036,-3.4420, 4.6799,-0.4190,-0.3970,0
-0.0274, 0.0000, 0.5780, 3.1415, 0.2347,-3.9556,-4.6799,-0.3823,-0.3963,0
-0.0255, 0.0000, 0.5372, 3.1415, 0.1985,-4.0583,-4.6799,-0.3863,-0.3956,0
-0.0234, 0.0000, 0.4963, 3.1415, 0.2094,-4.0789, 0.6787,-0.3985,-0.3949,0
-0.0207, 0.0000, 0.4523, 3.1415, 0.2541,-4.3343,-4.6799,-0.3828,-0.3942,0
-0.0189, 0.0000, 0.4084, 3.1415, 0.1963,-4.3854,-4.6799,-0.3897,-0.3935,0
-0.0172, 0.0000, 0.3644, 3.1415, 0.1726,-4.3956, 4.6799,-0.4004,-0.3927,0
-0.0148, 0.0000, 0.3173, 3.1415, 0.2285,-4.6490,-4.6799,-0.3796,-0.3920,0
-0.0134, 0.0000, 0.2701, 3.1415, 0.1609,-4.6997,-4.6799,-0.3828,-0.3913,0
-0.0121, 0.0000, 0.2261, 3.1415, 0.1352,-4.4585, 4.6799,-0.4215,-0.3906,0
-0.0100, 0.0000, 0.1790, 3.1415, 0.1907,-4.6616, 4.6799,-0.4023,-0.3899,0
-0.0086, 0.0000, 0.1288, 3.1415, 0.1533,-4.9535,-4.6799,-0.3686,-0.3891,0
-0.0075, 0.0000, 0.0816, 3.1415, 0.1155,-4.7606, 4.6799,-0.3984,-0.3884,0
-0.0055, 0.0000, 0.0345, 3.1415, 0.1868,-4.7220, 4.6799,-0.4054,-0.3877,0
-0.0039, 0.0000,-0.0157, 3.1415, 0.1646,-4.9656,-4.6799,-0.3727,-0.3870,0
-0.0031, 0.0000,-0.0628, 3.1415, 0.0935,-4.7630, 4.6799,-0.3990,-0.3863,0
-0.0009, 0.0000,-0.1130, 3.1415, 0.1945,-4.9738,-4.6799,-0.3671,-0.3856,0
-0.0003, 0.0000,-0.1602, 3.1415, 0.0934,-4.7646, 4.6799,-0.3910,-0.3848,0
 0.0014, 0.0000,-0.2042, 3.1415, 0.1581,-4.4715, 4.6799,-0.4232,-0.3841,0
 0.0025, 0.0000,-0.2513, 3.1415, 0.1225,-4.6642, 4.6799,-0.3909,-0.3834,0
 0.0040, 0.0000,-0.2953, 3.1415, 0.1397,-4.4514, 4.6799,-0.4095,-0.3827,0
 0.0057, 0.0000,-0.3392, 3.1415, 0.1674,-4.4088, 4.6799,-0.4050,-0.3820,0
 0.0068, 0.0000,-0.3864, 3.1415, 0.1183,-4.6516,-4.6799,-0.3622,-0.3813,0
 0.0080, 0.0000,-0.4272, 3.1415, 0.1206,-4.1975, 4.6799,-0.4068,-0.3805,0
 0.0093, 0.0000,-0.4680, 3.1415, 0.1332,-4.1067, 4.6799,-0.4047,-0.3798,0
 0.0100, 0.0000,-0.5089, 3.1415, 0.0812,-4.0886, 4.6799,-0.3930,-0.3791,0
 0.0113, 0.0000,-0.5466, 3.1415, 0.1193,-3.8336, 4.6799,-0.4076,-0.3784,0
 0.0128, 0.0000,-0.5811, 3.1415, 0.1451,-3.5313, 4.6799,-0.4256,-0.3777,0
 0.0141, 0.0000,-0.6157, 3.1415, 0.1321,-3.4708, 4.6799,-0.4175,-0.3769,0
 0.0153, 0.0000,-0.6503, 3.1415, 0.1173,-3.4587, 4.6799,-0.4040,-0.3762,0
 0.0170, 0.0000,-0.6817, 3.1415, 0.1629,-3.2050, 4.6799,-0.4137,-0.3755,0
 0.0188, 0.0000,-0.7131, 3.1415, 0.1781,-3.1542, 4.6799,-0.4038,-0.3748,0
 0.0202, 0.0000,-0.7414, 3.1415, 0.1447,-2.8928, 4.6799,-0.4124,-0.3741,0
 0.0222, 0.0000,-0.7665, 3.1415, 0.1865,-2.5891, 4.6799,-0.4233,-0.3734,0
 0.0238, 0.0000,-0.7916, 3.1415, 0.1707,-2.5284, 4.6799,-0.4150,-0.3726,0
 0.0260, 0.0000,-0.8168, 3.1415, 0.2099,-2.5163, 4.6799,-0.4029,-0.3719,0
 0.0279, 0.0000,-0.8356, 3.1415, 0.1935,-2.0112, 4.6799,-0.4249,-0.3712,0
 0.0300, 0.0000,-0.8545, 3.1415, 0.2024,-1.9102, 4.6799,-0.4204,-0.3705,0
 0.0321, 0.0000,-0.8733, 3.1415, 0.2102,-1.8900, 4.6799,-0.4111,-0.3698,0
 0.0345, 0.0000,-0.8859, 3.1415, 0.2360,-1.3833, 4.6799,-0.4274,-0.3690,0
 0.0369, 0.0000,-0.8984, 3.1415, 0.2412,-1.2819, 4.6799,-0.4242,-0.3683,0
 0.0392, 0.0000,-0.9079, 3.1415, 0.2301,-1.0103, 4.5669,-0.4276,-0.3676,0
 0.0418, 0.0000,-0.9173, 3.1415, 0.2521,-0.9560, 2.1729,-0.4237,-0.3669,0
 0.0444, 0.0000,-0.9236, 3.1415, 0.2626,-0.6938, 1.1408,-0.4262,-0.3662,0
 0.0469, 0.0000,-0.9267, 3.1415, 0.2465,-0.3900,-0.5904,-0.4290,-0.3655,0
 0.0494, 0.0000,-0.9267, 3.1415, 0.2494,-0.0780,-3.1009,-0.4310,-0.3647,0
 0.0513, 0.0000,-0.9236, 3.1415, 0.2075, 0.2357,-4.6799,-0.4321,-0.3640,0
 0.0532, 0.0000,-0.9204, 3.1415, 0.1870, 0.2984,-4.6799,-0.4335,-0.3633,0
 0.0546, 0.0000,-0.9110, 3.1415, 0.1526, 0.8136,-4.6799,-0.4308,-0.3626,0
 0.0555, 0.0000,-0.8984, 3.1415, 0.1032, 1.1680,-4.6799,-0.4281,-0.3619,0
 0.0559, 0.0000,-0.8827, 3.1415, 0.0509, 1.4902,-4.6799,-0.4248,-0.3611,0
 0.0560, 0.0000,-0.8639, 3.1415, 0.0162, 1.8060,-4.6799,-0.4207,-0.3604,0
 0.0556, 0.0000,-0.8419, 3.1415,-0.0270, 2.1204,-4.6799,-0.4153,-0.3597,0
 0.0549, 0.0000,-0.8199, 3.1415,-0.0599, 2.1833,-4.6799,-0.4231,-0.3590,0
 0.0538, 0.0000,-0.7916, 3.1415,-0.0968, 2.6986,-4.6799,-0.4026,-0.3583,0
 0.0523, 0.0000,-0.7602, 3.1415,-0.1406, 3.0530,-4.6799,-0.3898,-0.3576,0
 0.0505, 0.0000,-0.7288, 3.1415,-0.1736, 3.1238,-4.6799,-0.3990,-0.3568,0
 0.0484, 0.0000,-0.6911, 3.1415,-0.2045, 3.6407,-3.0420,-0.3677,-0.3561,0
 0.0460, 0.0000,-0.6534, 3.1415,-0.2349, 3.7440,-4.6799,-0.3739,-0.3554,0
 0.0432, 0.0000,-0.6094, 3.1415,-0.2713, 4.2673, 4.6799,-0.3338,-0.3547,0
 0.0410, 0.0000,-0.5686, 3.1415,-0.2240, 4.1207,-4.6799,-0.3673,-0.3540,0
 0.0375, 0.0000,-0.5215, 3.1415,-0.3237, 4.5940, 4.6799,-0.3271,-0.3532,0
 0.0354, 0.0000,-0.4743, 3.1415,-0.2345, 4.6887, 4.6799,-0.3310,-0.3525,0
 0.0326, 0.0000,-0.4272, 3.1415,-0.2712, 4.7076, 4.6799,-0.3432,-0.3518,0
 0.0304, 0.0000,-0.3801, 3.1415,-0.2300, 4.7114,-3.0944,-0.3560,-0.3511,0
 0.0277, 0.0000,-0.3330, 3.1415,-0.2642, 4.7121,-4.6799,-0.3677,-0.3504,0
 0.0251, 0.0000,-0.2827, 3.1415,-0.2590, 4.9636, 4.6799,-0.3446,-0.3497,0
 0.0234, 0.0000,-0.2324, 3.1415,-0.1912, 5.0139, 4.1040,-0.3468,-0.3489,0
 0.0210, 0.0000,-0.1822, 3.1415,-0.2262, 5.0240,-2.9836,-0.3528,-0.3482,0
 0.0187, 0.0000,-0.1288, 3.1415,-0.2271, 5.2773, 4.6799,-0.3222,-0.3475,0
 0.0172, 0.0000,-0.0785, 3.1415,-0.1727, 5.0767,-4.6799,-0.3550,-0.3468,0
 0.0147, 0.0000,-0.0282, 3.1415,-0.2346, 5.0365,-4.6799,-0.3626,-0.3461,0
 0.0127, 0.0000, 0.0219, 3.1415,-0.2045, 5.0285,-4.6799,-0.3639,-0.3453,0
 0.0106, 0.0000, 0.0753, 3.1415,-0.2106, 5.2782, 4.6799,-0.3260,-0.3446,0
 0.0087, 0.0000, 0.1256, 3.1415,-0.1876, 5.0768,-4.6799,-0.3515,-0.3439,0
 0.0065, 0.0000, 0.1790, 3.1415,-0.2133, 5.2879, 4.6799,-0.3151,-0.3432,0
 0.0052, 0.0000, 0.2261, 3.1415,-0.1518, 4.8274,-4.6799,-0.3735,-0.3425,0
 0.0030, 0.0000, 0.2764, 3.1415,-0.2062, 4.9867, 0.8983,-0.3426,-0.3418,0
 0.0017, 0.0000, 0.3235, 3.1415,-0.1443, 4.7672,-4.6799,-0.3626,-0.3410,0
 0.0002, 0.0000, 0.3707, 3.1415,-0.1501, 4.7233,-4.6799,-0.3569,-0.3403,0
-0.0012, 0.0000, 0.4146, 3.1415,-0.1452, 4.4632,-4.6799,-0.3783,-0.3396,0
-0.0028, 0.0000, 0.4586, 3.1415,-0.1624, 4.4112,-4.6799,-0.3714,-0.3389,0
-0.0043, 0.0000, 0.4995, 3.1415,-0.1537, 4.1495,-4.6799,-0.3892,-0.3382,0
-0.0058, 0.0000, 0.5434, 3.1415,-0.1459, 4.3484,-4.6799,-0.3498,-0.3374,0
-0.0077, 0.0000, 0.5811, 3.1415,-0.1807, 3.8856,-4.6799,-0.3888,-0.3367,0
-0.0095, 0.0000, 0.6220, 3.1415,-0.1816, 4.0443,-4.6799,-0.3545,-0.3360,0
-0.0115, 0.0000, 0.6565, 3.1415,-0.1939, 3.5734,-4.6799,-0.3900,-0.3353,0
-0.0133, 0.0000, 0.6942, 3.1415,-0.1843, 3.7306,-4.6799,-0.3570,-0.3346,0
-0.0153, 0.0000, 0.7257, 3.1415,-0.2005, 3.2593,-4.6799,-0.3884,-0.3339,0
-0.0175, 0.0000, 0.7602, 3.1415,-0.2098, 3.4164,-4.6799,-0.3569,-0.3331,0
-0.0194, 0.0000, 0.7885, 3.1415,-0.1935, 2.9452,-4.6799,-0.3847,-0.3324,0
-0.0215, 0.0000, 0.8168, 3.1415,-0.2084, 2.8509,-4.6799,-0.3777,-0.3317,0
-0.0237, 0.0000, 0.8419, 3.1415,-0.2235, 2.5808,-4.6799,-0.3850,-0.3310,0
-0.0259, 0.0000, 0.8670, 3.1415,-0.2144, 2.5267,-4.6799,-0.3752,-0.3303,0
-0.0284, 0.0000, 0.8859, 3.1415,-0.2429, 2.0133,-4.6799,-0.3974,-0.3295,0
-0.0308, 0.0000, 0.9079, 3.1415,-0.2426, 2.1619,-4.6799,-0.3764,-0.3288,0
-0.0334, 0.0000, 0.9236, 3.1415,-0.2546, 1.6890,-4.6799,-0.3930,-0.3281,0
-0.0360, 0.0000, 0.9393, 3.1415,-0.2631, 1.5944,-4.6799,-0.3883,-0.3274,0
-0.0387, 0.0000, 0.9519, 3.1415,-0.2648, 1.3241,-4.6799,-0.3920,-0.3267,0
-0.0415, 0.0000, 0.9613, 3.1415,-0.2773, 1.0188,-4.6799,-0.3965,-0.3260,0
-0.0444, 0.0000, 0.9707, 3.1415,-0.2858, 0.9577,-2.4096,-0.3926,-0.3252,0
-0.0473, 0.0000, 0.9738, 3.1415,-0.2936, 0.4428,-0.5597,-0.4008,-0.3245,0
-0.0503, 0.0000, 0.9801, 3.1415,-0.2952, 0.5912, 1.7175,-0.3949,-0.3238,0
-0.0526, 0.0000, 0.9801, 3.1415,-0.2470, 0.1182, 2.6377,-0.3996,-0.3231,0
-0.0552, 0.0000, 0.9770, 3.1415,-0.2555,-0.2276, 4.6799,-0.4010,-0.3224,0
-0.0571, 0.0000, 0.9707, 3.1415,-0.2026,-0.5481, 4.6799,-0.4012,-0.3216,0
-0.0589, 0.0000, 0.9613, 3.1415,-0.1860,-0.8636, 4.6799,-0.4006,-0.3209,0
-0.0599, 0.0000, 0.9519, 3.1415,-0.1160,-0.9267, 4.6799,-0.4045,-0.3202,0
-0.0606, 0.0000, 0.9330, 3.1415,-0.0777,-1.6933, 4.6799,-0.3873,-0.3195,0
-0.0608, 0.0000, 0.9142, 3.1415,-0.0337,-1.8466, 4.6799,-0.3905,-0.3188,0
-0.0607, 0.0000, 0.8922, 3.1415, 0.0053,-2.1286, 4.6799,-0.3873,-0.3181,0
-0.0600, 0.0000, 0.8670, 3.1415, 0.0556,-2.4363, 4.6799,-0.3815,-0.3173,0
-0.0589, 0.0000, 0.8388, 3.1415, 0.0960,-2.7492, 4.6799,-0.3741,-0.3166,0
-0.0576, 0.0000, 0.8073, 3.1415, 0.1283,-3.0631, 4.6799,-0.3651,-0.3159,0
-0.0559, 0.0000, 0.7728, 3.1415, 0.1590,-3.3772, 4.6799,-0.3544,-0.3152,0
-0.0538, 0.0000, 0.7351, 3.1415, 0.1955,-3.6913, 4.6799,-0.3418,-0.3145,0
-0.0515, 0.0000, 0.6942, 3.1415, 0.2270,-4.0055, 4.6799,-0.3272,-0.3138,0
-0.0488, 0.0000, 0.6534, 3.1415, 0.2576,-4.0683, 4.6799,-0.3384,-0.3130,0
-0.0457, 0.0000, 0.6063, 3.1415, 0.3001,-4.5835,-4.6799,-0.2959,-0.3123,0
-0.0432, 0.0000, 0.5592, 3.1415, 0.2601,-4.6866,-4.6799,-0.3012,-0.3116,0
-0.0406, 0.0000, 0.5120, 3.1415, 0.2642,-4.7072, 2.4121,-0.3157,-0.3109,0
-0.0371, 0.0000, 0.4618, 3.1415, 0.3317,-4.9626,-4.6799,-0.2980,-0.3102,0
-0.0347, 0.0000, 0.4115, 3.1415, 0.2603,-5.0137,-4.6799,-0.3062,-0.3094,0
-0.0324, 0.0000, 0.3581, 3.1415, 0.2339,-5.2753,-4.6799,-0.2829,-0.3087,0
-0.0300, 0.0000, 0.3078, 3.1415, 0.2408,-5.0763, 4.6799,-0.3235,-0.3080,0
-0.0275, 0.0000, 0.2544, 3.1415, 0.2482,-5.2878,-4.6799,-0.3035,-0.3073,0
-0.0256, 0.0000, 0.2010, 3.1415, 0.2012,-5.3301,-2.4627,-0.3058,-0.3066,0
-0.0238, 0.0000, 0.1507, 3.1415, 0.1797,-5.0872, 4.6799,-0.3476,-0.3059,0
-0.0216, 0.0000, 0.0973, 3.1415, 0.2178,-5.2900, 4.6799,-0.3229,-0.3051,0
-0.0195, 0.0000, 0.0439, 3.1415, 0.2072,-5.3305, 4.6799,-0.3195,-0.3044,0
-0.0172, 0.0000,-0.0094, 3.1415, 0.2294,-5.3386, 4.6799,-0.3190,-0.3037,0
-0.0151, 0.0000,-0.0659, 3.1415, 0.2095,-5.5916,-4.6799,-0.2788,-0.3030,0
-0.0134, 0.0000,-0.1225, 3.1415, 0.1813,-5.6422,-4.6799,-0.2670,-0.3023,0
-0.0115, 0.0000,-0.1727, 3.1415, 0.1878,-5.1496, 4.6799,-0.3361,-0.3015,0
-0.0093, 0.0000,-0.2261, 3.1415, 0.2134,-5.3025, 4.3099,-0.3061,-0.3008,0
-0.0075, 0.0000,-0.2764, 3.1415, 0.1882,-5.0817, 4.6799,-0.3292,-0.3001,0
-0.0056, 0.0000,-0.3267, 3.1415, 0.1892,-5.0375, 4.6799,-0.3248,-0.2994,0
-0.0038, 0.0000,-0.3769, 3.1415, 0.1773,-5.0287, 4.6799,-0.3136,-0.2987,0
-0.0019, 0.0000,-0.4272, 3.1415, 0.1870,-5.0269, 1.1454,-0.2997,-0.2980,0
 0.0002, 0.0000,-0.4743, 3.1415, 0.2132,-4.7753, 4.6799,-0.3195,-0.2972,0
 0.0021, 0.0000,-0.5215, 3.1415, 0.2002,-4.7249, 4.6799,-0.3100,-0.2965,0
 0.0043, 0.0000,-0.5686, 3.1415, 0.2158,-4.7149,-2.5010,-0.2938,-0.2958,0
 0.0059, 0.0000,-0.6126, 3.1415, 0.1705,-4.4615, 4.6799,-0.3088,-0.2951,0
 0.0081, 0.0000,-0.6534, 3.1415, 0.2099,-4.1595, 4.6799,-0.3279,-0.2944,0
 0.0102, 0.0000,-0.6911, 3.1415, 0.2056,-3.8478, 4.6799,-0.3460,-0.2936,0
 0.0120, 0.0000,-0.7288, 3.1415, 0.1866,-3.7854, 4.6799,-0.3350,-0.2929,0
 0.0139, 0.0000,-0.7634, 3.1415, 0.1889,-3.5217, 4.6799,-0.3451,-0.2922,0
 0.0158, 0.0000,-0.7979, 3.1415, 0.1893,-3.4689, 4.6799,-0.3328,-0.2915,0
 0.0179, 0.0000,-0.8293, 3.1415, 0.2076,-3.2070, 4.6799,-0.3409,-0.2908,0
 0.0200, 0.0000,-0.8607, 3.1415, 0.2113,-3.1546, 4.6799,-0.3287,-0.2901,0
 0.0222, 0.0000,-0.8859, 3.1415, 0.2120,-2.6415, 4.6799,-0.3565,-0.2893,0
 0.0244, 0.0000,-0.9142, 3.1415, 0.2243,-2.7902, 4.6799,-0.3293,-0.2886,0
 0.0270, 0.0000,-0.9361, 3.1415, 0.2510,-2.3173, 4.6799,-0.3505,-0.2879,0
 0.0294, 0.0000,-0.9581, 3.1415, 0.2381,-2.2227, 4.6799,-0.3437,-0.2872,0
 0.0319, 0.0000,-0.9738, 3.1415, 0.2477,-1.7011, 4.6799,-0.3631,-0.2865,0
 0.0346, 0.0000,-0.9927, 3.1415, 0.2678,-1.8482, 4.6799,-0.3445,-0.2857,0
 0.0373, 0.0000,-1.0053, 3.1415, 0.2718,-1.3749, 4.6799,-0.3583,-0.2850,0
 0.0402, 0.0000,-1.0178, 3.1415, 0.2847,-1.2802, 4.6799,-0.3541,-0.2843,0
 0.0430, 0.0000,-1.0241, 3.1415, 0.2812,-0.7587, 3.6044,-0.3652,-0.2836,0
 0.0460, 0.0000,-1.0335, 3.1415, 0.2987,-0.9057, 0.7728,-0.3559,-0.2829,0
 0.0491, 0.0000,-1.0367, 3.1415, 0.3022,-0.4324,-0.5131,-0.3629,-0.2822,0
 0.0516, 0.0000,-1.0367, 3.1415, 0.2666,-0.0864,-3.3714,-0.3654,-0.2814,0
 0.0540, 0.0000,-1.0367, 3.1415, 0.2412,-0.0172,-4.6799,-0.3655,-0.2807,0
 0.0563, 0.0000,-1.0304, 3.1415, 0.2301, 0.4991,-4.6799,-0.3659,-0.2800,0
 0.0580, 0.0000,-1.0241, 3.1415, 0.1854, 0.6025,-4.6799,-0.3681,-0.2793,0
 0.0594, 0.0000,-1.0115, 3.1415, 0.1523, 1.1258,-4.6799,-0.3632,-0.2786,0
 0.0605, 0.0000,-0.9958, 3.1415, 0.1153, 1.4817,-4.6799,-0.3597,-0.2778,0
 0.0610, 0.0000,-0.9801, 3.1415, 0.0594, 1.5529,-4.6799,-0.3661,-0.2771,0
 0.0612, 0.0000,-0.9581, 3.1415, 0.0300, 2.0698,-4.6799,-0.3529,-0.2764,0
 0.0611, 0.0000,-0.9330, 3.1415,-0.0000, 2.4246,-4.6799,-0.3452,-0.2757,0
 0.0605, 0.0000,-0.9047, 3.1415,-0.0485, 2.7468,-4.6799,-0.3380,-0.2750,0
 0.0595, 0.0000,-0.8765, 3.1415,-0.0885, 2.8113,-4.6799,-0.3488,-0.2743,0
 0.0584, 0.0000,-0.8419, 3.1415,-0.1086, 3.3268,-4.6799,-0.3233,-0.2735,0
 0.0569, 0.0000,-0.8042, 3.1415,-0.1369, 3.6812,-4.6799,-0.3083,-0.2728,0
 0.0551, 0.0000,-0.7665, 3.1415,-0.1729, 3.7521,-4.6799,-0.3201,-0.2721,0
 0.0529, 0.0000,-0.7257, 3.1415,-0.2164, 4.0176,-4.6799,-0.3111,-0.2714,0
 0.0503, 0.0000,-0.6785, 3.1415,-0.2494, 4.5734, 4.6799,-0.2661,-0.2707,0
 0.0485, 0.0000,-0.6314, 3.1415,-0.1893, 4.6846,-0.0035,-0.2723,-0.2699,0
 0.0453, 0.0000,-0.5843, 3.1415,-0.2925, 4.7068,-4.6799,-0.2887,-0.2692,0
 0.0422, 0.0000,-0.5309, 3.1415,-0.3131, 5.2139, 4.6799,-0.2386,-0.2685,0
 0.0400, 0.0000,-0.4806, 3.1415,-0.2324, 5.0640,-4.6799,-0.2777,-0.2678,0
 0.0365, 0.0000,-0.4241, 3.1415,-0.3314, 5.5366, 4.6799,-0.2253,-0.2671,0
 0.0341, 0.0000,-0.3707, 3.1415,-0.2603, 5.3799, 3.3712,-0.2641,-0.2664,0
 0.0313, 0.0000,-0.3141, 3.1415,-0.2703, 5.5998, 4.6799,-0.2439,-0.2656,0
 0.0292, 0.0000,-0.2576, 3.1415,-0.2238, 5.6438, 4.6799,-0.2484,-0.2649,0
 0.0272, 0.0000,-0.2042, 3.1415,-0.2084, 5.4013,-4.6799,-0.2947,-0.2642,0
 0.0248, 0.0000,-0.1476, 3.1415,-0.2296, 5.6041,-4.6799,-0.2705,-0.2635,0
 0.0227, 0.0000,-0.0911, 3.1415,-0.2157, 5.6447,-4.6799,-0.2690,-0.2628,0
 0.0204, 0.0000,-0.0345, 3.1415,-0.2250, 5.6528,-4.6799,-0.2702,-0.2620,0
 0.0178, 0.0000, 0.0251, 3.1415,-0.2511, 5.9057, 4.6799,-0.2295,-0.2613,0
 0.0162, 0.0000, 0.0816, 3.1415,-0.1836, 5.7050,-0.1585,-0.2600,-0.2606,0
 0.0137, 0.0000, 0.1382, 3.1415,-0.2368, 5.6649,-2.0072,-0.2619,-0.2599,0
 0.0115, 0.0000, 0.1947, 3.1415,-0.2232, 5.6568, 3.6861,-0.2565,-0.2592,0
 0.0101, 0.0000, 0.2513, 3.1415,-0.1537, 5.6552, 4.6799,-0.2477,-0.2585,0
 0.0085, 0.0000, 0.3047, 3.1415,-0.1580, 5.4036,-4.6799,-0.2762,-0.2577,0
 0.0072, 0.0000, 0.3549, 3.1415,-0.1407, 5.1019,-4.6799,-0.3088,-0.2570,0
 0.0050, 0.0000, 0.4052, 3.1415,-0.1979, 5.0416,-4.6799,-0.3040,-0.2563,0
 0.0037, 0.0000, 0.4555, 3.1415,-0.1487, 5.0295,-4.6799,-0.2907,-0.2556,0
 0.0024, 0.0000, 0.5026, 3.1415,-0.1328, 4.7758,-4.6799,-0.3099,-0.2549,0
 0.0009, 0.0000, 0.5497, 3.1415,-0.1417, 4.7250,-4.6799,-0.2997,-0.2541,0
-0.0006, 0.0000, 0.5969, 3.1415,-0.1617, 4.7149,-4.6799,-0.2826,-0.2534,0
-0.0024, 0.0000, 0.6408, 3.1415,-0.1718, 4.4615,-4.6799,-0.2969,-0.2527,0
-0.0038, 0.0000, 0.6848, 3.1415,-0.1495, 4.4109,-4.6799,-0.2837,-0.2520,0
-0.0055, 0.0000, 0.7257, 3.1415,-0.1633, 4.1494,-4.6799,-0.2961,-0.2513,0
-0.0074, 0.0000, 0.7634, 3.1415,-0.1842, 3.8458,-4.6799,-0.3117,-0.2506,0
-0.0093, 0.0000, 0.8011, 3.1415,-0.1884, 3.7850,-4.6799,-0.2991,-0.2498,0
-0.0112, 0.0000, 0.8356, 3.1415,-0.1953, 3.5216,-4.6799,-0.3079,-0.2491,0
-0.0132, 0.0000, 0.8670, 3.1415,-0.1967, 3.2175,-4.6799,-0.3197,-0.2484,0
-0.0153, 0.0000, 0.8984, 3.1415,-0.2091, 3.1567,-4.6799,-0.3077,-0.2477,0
-0.0175, 0.0000, 0.9267, 3.1415,-0.2176, 2.8932,-4.6799,-0.3139,-0.2470,0
-0.0197, 0.0000, 0.9519, 3.1415,-0.2133, 2.5892,-4.6799,-0.3227,-0.2462,0
-0.0218, 0.0000, 0.9770, 3.1415,-0.2124, 2.5284,-4.6799,-0.3122,-0.2455,0
-0.0242, 0.0000, 0.9990, 3.1415,-0.2365, 2.2649,-4.6799,-0.3167,-0.2448,0
-0.0267, 0.0000, 1.0178, 3.1415,-0.2473, 1.9609,-4.6799,-0.3232,-0.2441,0
-0.0293, 0.0000, 1.0335, 3.1415,-0.2556, 1.6488,-4.6799,-0.3294,-0.2434,0
-0.0319, 0.0000, 1.0492, 3.1415,-0.2633, 1.5864,-4.6799,-0.3225,-0.2427,0
-0.0346, 0.0000, 1.0618, 3.1415,-0.2648, 1.3225,-4.6799,-0.3254,-0.2419,0
-0.0375, 0.0000, 1.0712, 3.1415,-0.2833, 1.0185,-4.6799,-0.3294,-0.2412,0
-0.0406, 0.0000, 1.0775, 3.1415,-0.3052, 0.7063,-2.2675,-0.3330,-0.2405,0
-0.0435, 0.0000, 1.0807, 3.1415,-0.2975, 0.3926, 0.5894,-0.3358,-0.2398,0
-0.0459, 0.0000, 1.0838, 3.1415,-0.2474, 0.3298, 1.9482,-0.3344,-0.2391,0
-0.0485, 0.0000, 1.0807, 3.1415,-0.2617,-0.1853, 4.6799,-0.3375,-0.2384,0
-0.0508, 0.0000, 1.0775, 3.1415,-0.2342,-0.2884, 4.6799,-0.3388,-0.2376,0
-0.0526, 0.0000, 1.0681, 3.1415,-0.1923,-0.8116, 4.6799,-0.3367,-0.2369,0
-0.0540, 0.0000, 1.0587, 3.1415,-0.1476,-0.9163, 4.6799,-0.3401,-0.2362,0
-0.0549, 0.0000, 1.0430, 3.1415,-0.1022,-1.4399, 4.6799,-0.3326,-0.2355,0
-0.0554, 0.0000, 1.0273, 3.1415,-0.0629,-1.5446, 4.6799,-0.3379,-0.2348,0
-0.0556, 0.0000, 1.0053, 3.1415,-0.0247,-2.0682, 4.6799,-0.3248,-0.2340,0
-0.0554, 0.0000, 0.9801, 3.1415, 0.0132,-2.4242, 4.6799,-0.3176,-0.2333,0
-0.0548, 0.0000, 0.9519, 3.1415, 0.0450,-2.7467, 4.6799,-0.3109,-0.2326,0
-0.0539, 0.0000, 0.9236, 3.1415, 0.0817,-2.8113, 4.6799,-0.3223,-0.2319,0
-0.0527, 0.0000, 0.8890, 3.1415, 0.1133,-3.3268, 4.6799,-0.2975,-0.2312,0
-0.0513, 0.0000, 0.8513, 3.1415, 0.1378,-3.6813, 4.6799,-0.2834,-0.2305,0
-0.0494, 0.0000, 0.8136, 3.1415, 0.1791,-3.7521, 4.6799,-0.2961,-0.2297,0
-0.0471, 0.0000, 0.7696, 3.1415, 0.2177,-4.2690, 4.6799,-0.2605,-0.2290,0
-0.0447, 0.0000, 0.7257, 3.1415, 0.2375,-4.3723, 4.6799,-0.2695,-0.2283,0
-0.0417, 0.0000, 0.6785, 3.1415, 0.2839,-4.6443, 4.6799,-0.2570,-0.2276,0
-0.0385, 0.0000, 0.6283, 3.1415, 0.3114,-4.9501, 4.1420,-0.2378,-0.2269,0
-0.0351, 0.0000, 0.5749, 3.1415, 0.3351,-5.2625,-4.6799,-0.2149,-0.2261,0
-0.0324, 0.0000, 0.5183, 3.1415, 0.2853,-5.5764,-4.6799,-0.1884,-0.2254,0
-0.0288, 0.0000, 0.4618, 3.1415, 0.3420,-5.6391,-4.6799,-0.1976,-0.2247,0
-0.0256, 0.0000, 0.4052, 3.1415, 0.3291,-5.6517,-4.6799,-0.2127,-0.2240,0
-0.0228, 0.0000, 0.3487, 3.1415, 0.2841,-5.6542, 1.6688,-0.2272,-0.2233,0
-0.0194, 0.0000, 0.2921, 3.1415, 0.3296,-5.6547, 4.6799,-0.2399,-0.2226,0
-0.0164, 0.0000, 0.2324, 3.1415, 0.3084,-5.9061,-4.6799,-0.2104,-0.2218,0
-0.0140, 0.0000, 0.1727, 3.1415, 0.2496,-5.9564,-4.6799,-0.2106,-0.2211,0
-0.0112, 0.0000, 0.1130, 3.1415, 0.2742,-5.9665,-4.6799,-0.2151,-0.2204,0
-0.0090, 0.0000, 0.0534, 3.1415, 0.2367,-5.9685,-3.7874,-0.2183,-0.2197,0
-0.0072, 0.0000,-0.0031, 3.1415, 0.1928,-5.7175, 4.6799,-0.2604,-0.2190,0
-0.0047, 0.0000,-0.0596, 3.1415, 0.2326,-5.6674, 4.6799,-0.2671,-0.2182,0
-0.0028, 0.0000,-0.1193, 3.1415, 0.2041,-5.9087, 4.6041,-0.2242,-0.2175,0
-0.0008, 0.0000,-0.1759, 3.1415, 0.1984,-5.7056, 4.6799,-0.2512,-0.2168,0
 0.0015, 0.0000,-0.2324, 3.1415, 0.2276,-5.6650, 4.6799,-0.2494,-0.2161,0
 0.0040, 0.0000,-0.2921, 3.1415, 0.2456,-5.9082,-4.6799,-0.1989,-0.2154,0
 0.0057, 0.0000,-0.3487, 3.1415, 0.1885,-5.7055, 4.6799,-0.2191,-0.2147,0
 0.0081, 0.0000,-0.4021, 3.1415, 0.2256,-5.4136, 4.6799,-0.2505,-0.2139,0
 0.0106, 0.0000,-0.4555, 3.1415, 0.2452,-5.3552, 4.6799,-0.2433,-0.2132,0
 0.0122, 0.0000,-0.5057, 3.1415, 0.1763,-5.0922, 4.6799,-0.2651,-0.2125,0
 0.0143, 0.0000,-0.5560, 3.1415, 0.2050,-5.0396, 4.6799,-0.2543,-0.2118,0
 0.0165, 0.0000,-0.6063, 3.1415, 0.2229,-5.0291, 4.6799,-0.2359,-0.2111,0
 0.0184, 0.0000,-0.6534, 3.1415, 0.1901,-4.7757, 4.6799,-0.2508,-0.2103,0
 0.0206, 0.0000,-0.6974, 3.1415, 0.2199,-4.4737, 4.6799,-0.2702,-0.2096,0
 0.0228, 0.0000,-0.7414, 3.1415, 0.2198,-4.4133, 4.6799,-0.2569,-0.2089,0
 0.0253, 0.0000,-0.7822, 3.1415, 0.2440,-4.1499, 4.6799,-0.2682,-0.2082,0
 0.0274, 0.0000,-0.8230, 3.1415, 0.2125,-4.0972, 4.6799,-0.2532,-0.2075,0
 0.0295, 0.0000,-0.8607, 3.1415, 0.2122,-3.8353, 4.6799,-0.2621,-0.2068,0
 0.0320, 0.0000,-0.8953, 3.1415, 0.2425,-3.5316, 4.6799,-0.2743,-0.2060,0
 0.0345, 0.0000,-0.9299, 3.1415, 0.2486,-3.4709, 4.6799,-0.2606,-0.2053,0
 0.0366, 0.0000,-0.9581, 3.1415, 0.2194,-2.9561, 4.6799,-0.2905,-0.2046,0
 0.0393, 0.0000,-0.9864, 3.1415, 0.2561,-2.8531, 4.6799,-0.2821,-0.2039,0
 0.0420, 0.0000,-1.0147, 3.1415, 0.2695,-2.8325, 4.6799,-0.2667,-0.2032,0
 0.0448, 0.0000,-1.0367, 3.1415, 0.2782,-2.3258, 4.6799,-0.2898,-0.2024,0
 0.0473, 0.0000,-1.0587, 3.1415, 0.2557,-2.2244, 4.6799,-0.2825,-0.2017,0
 0.0501, 0.0000,-1.0775, 3.1415, 0.2754,-1.9528, 4.6799,-0.2866,-0.2010,0
 0.0531, 0.0000,-1.0932, 3.1415, 0.2915,-1.6472, 4.6799,-0.2920,-0.2003,0
 0.0561, 0.0000,-1.1058, 3.1415, 0.3008,-1.3347, 4.6799,-0.2970,-0.1996,0
 0.0593, 0.0000,-1.1184, 3.1415, 0.3148,-1.2722, 4.1307,-0.2912,-0.1989,0
 0.0623, 0.0000,-1.1246, 3.1415, 0.2994,-0.7571, 1.9566,-0.3018,-0.1981,0
 0.0654, 0.0000,-1.1309, 3.1415, 0.3145,-0.6540,-0.8503,-0.2997,-0.1974,0
 0.0682, 0.0000,-1.1341, 3.1415, 0.2872,-0.3821,-2.7786,-0.3016,-0.1967,0
 0.0710, 0.0000,-1.1341, 3.1415, 0.2757,-0.0764,-4.6799,-0.3036,-0.1960,0
 0.0734, 0.0000,-1.1309, 3.1415, 0.2491, 0.2360,-4.6799,-0.3049,-0.1953,0
 0.0755, 0.0000,-1.1246, 3.1415, 0.2196, 0.5498,-4.6799,-0.3055,-0.1945,0
 0.0773, 0.0000,-1.1121, 3.1415, 0.1894, 1.1152,-4.6799,-0.3005,-0.1938,0
 0.0784, 0.0000,-1.0995, 3.1415, 0.1227, 1.2283,-4.6799,-0.3048,-0.1931,0
 0.0793, 0.0000,-1.0838, 3.1415, 0.0973, 1.5023,-4.6799,-0.3044,-0.1924,0
 0.0798, 0.0000,-1.0649, 3.1415, 0.0619, 1.8084,-4.6799,-0.3021,-0.1917,0
 0.0798, 0.0000,-1.0398, 3.1415, 0.0063, 2.3723,-4.6799,-0.2848,-0.1910,0
 0.0795, 0.0000,-1.0147, 3.1415,-0.0229, 2.4850,-4.6799,-0.2925,-0.1902,0
 0.0788, 0.0000,-0.9833, 3.1415,-0.0531, 3.0102,-4.6799,-0.2711,-0.1895,0
 0.0778, 0.0000,-0.9519, 3.1415,-0.0955, 3.1153,-4.6799,-0.2807,-0.1888,0
 0.0764, 0.0000,-0.9173, 3.1415,-0.1282, 3.3876,-4.6799,-0.2758,-0.1881,0
 0.0749, 0.0000,-0.8765, 3.1415,-0.1469, 3.9447,-4.6799,-0.2416,-0.1874,0
 0.0729, 0.0000,-0.8356, 3.1415,-0.1870, 4.0562,-4.6799,-0.2512,-0.1866,0
 0.0705, 0.0000,-0.7916, 3.1415,-0.2314, 4.3298,-4.6799,-0.2421,-0.1859,0
 0.0678, 0.0000,-0.7445, 3.1415,-0.2645, 4.6358,-4.6799,-0.2271,-0.1852,0
 0.0648, 0.0000,-0.6942, 3.1415,-0.2893, 4.9484,-4.6799,-0.2090,-0.1845,0
 0.0613, 0.0000,-0.6408, 3.1415,-0.3367, 5.2622, 0.4759,-0.1879,-0.1838,0
 0.0585, 0.0000,-0.5843, 3.1415,-0.2977, 5.5763, 4.6799,-0.1636,-0.1831,0
 0.0551, 0.0000,-0.5277, 3.1415,-0.3263, 5.6391, 4.6799,-0.1751,-0.1823,0
 0.0520, 0.0000,-0.4712, 3.1415,-0.3138, 5.6517,-4.6799,-0.1926,-0.1816,0
 0.0485, 0.0000,-0.4115, 3.1415,-0.3477, 5.9055, 4.6799,-0.1698,-0.1809,0
 0.0455, 0.0000,-0.3518, 3.1415,-0.3060, 5.9563, 4.6799,-0.1774,-0.1802,0
 0.0428, 0.0000,-0.2921, 3.1415,-0.2794, 5.9664,-4.6799,-0.1892,-0.1795,0
 0.0397, 0.0000,-0.2293, 3.1415,-0.3044, 6.2198, 4.6799,-0.1576,-0.1787,0
 0.0372, 0.0000,-0.1696, 3.1415,-0.2549, 6.0191,-4.6799,-0.2005,-0.1780,0
 0.0339, 0.0000,-0.1068, 3.1415,-0.3177, 6.2303, 4.6799,-0.1705,-0.1773,0
 0.0319, 0.0000,-0.0471, 3.1415,-0.2212, 6.0212,-4.6799,-0.2097,-0.1766,0
 0.0290, 0.0000, 0.0157, 3.1415,-0.2807, 6.2308, 4.2756,-0.1744,-0.1759,0
 0.0268, 0.0000, 0.0753, 3.1415,-0.2319, 6.0213,-4.6799,-0.2084,-0.1752,0
 0.0245, 0.0000, 0.1350, 3.1415,-0.2282, 5.9794,-4.6799,-0.2109,-0.1744,0
 0.0218, 0.0000, 0.1947, 3.1415,-0.2639, 5.9711,-4.6799,-0.2053,-0.1737,0
 0.0200, 0.0000, 0.2576, 3.1415,-0.1983, 6.2207, 4.6799,-0.1526,-0.1730,0
 0.0179, 0.0000, 0.3141, 3.1415,-0.2033, 5.7680,-4.6799,-0.2171,-0.1723,0
 0.0153, 0.0000, 0.3707, 3.1415,-0.2468, 5.6775,-4.6799,-0.2180,-0.1716,0
 0.0137, 0.0000, 0.4272, 3.1415,-0.1827, 5.6593,-4.6799,-0.2051,-0.1709,0
 0.0115, 0.0000, 0.4806, 3.1415,-0.2123, 5.4044,-4.6799,-0.2278,-0.1701,0
 0.0093, 0.0000, 0.5340, 3.1415,-0.2122, 5.3534,-4.6799,-0.2168,-0.1694,0
 0.0072, 0.0000, 0.5874, 3.1415,-0.2182, 5.3432,-4.6799,-0.1979,-0.1687,0
 0.0049, 0.0000, 0.6377, 3.1415,-0.2255, 5.0898,-4.6799,-0.2142,-0.1680,0
 0.0027, 0.0000, 0.6848, 3.1415,-0.2209, 4.7878,-4.6799,-0.2352,-0.1673,0
 0.0004, 0.0000, 0.7351, 3.1415,-0.2260, 4.9788,-4.6799,-0.1855,-0.1665,0
-0.0017, 0.0000, 0.7791, 3.1415,-0.2210, 4.5143,-4.6799,-0.2256,-0.1658,0
-0.0038, 0.0000, 0.8199, 3.1415,-0.2139, 4.1701,-4.6799,-0.2464,-0.1651,0
-0.0063, 0.0000, 0.8607, 3.1415,-0.2428, 4.1012,-4.6799,-0.2325,-0.1644,0
-0.0087, 0.0000, 0.9016, 3.1415,-0.2365, 4.0875,-4.6799,-0.2115,-0.1637,0
-0.0110, 0.0000, 0.9361, 3.1415,-0.2352, 3.5821,-4.6799,-0.2460,-0.1630,0
-0.0137, 0.0000, 0.9707, 3.1415,-0.2592, 3.4810,-4.6799,-0.2358,-0.1622,0
-0.0161, 0.0000, 1.0021, 3.1415,-0.2458, 3.2094,-4.6799,-0.2424,-0.1615,0
-0.0187, 0.0000, 1.0304, 3.1415,-0.2553, 2.9038,-4.6799,-0.2513,-0.1608,0
-0.0213, 0.0000, 1.0587, 3.1415,-0.2632, 2.8427,-4.6799,-0.2387,-0.1601,0
-0.0239, 0.0000, 1.0807, 3.1415,-0.2588, 2.3278,-4.6799,-0.2621,-0.1594,0
-0.0269, 0.0000, 1.1026, 3.1415,-0.2882, 2.2248,-4.6799,-0.2546,-0.1586,0
-0.0297, 0.0000, 1.1215, 3.1415,-0.2819, 1.9529,-4.6799,-0.2584,-0.1579,0
-0.0325, 0.0000, 1.1372, 3.1415,-0.2868, 1.6472,-4.6799,-0.2636,-0.1572,0
-0.0358, 0.0000, 1.1529, 3.1415,-0.3180, 1.5860,-4.6799,-0.2561,-0.1565,0
-0.0390, 0.0000, 1.1623, 3.1415,-0.3182, 1.0711,-4.6799,-0.2691,-0.1558,0
-0.0422, 0.0000, 1.1718, 3.1415,-0.3243, 0.9682,-3.3085,-0.2658,-0.1551,0
-0.0457, 0.0000, 1.1780, 3.1415,-0.3377, 0.6962,-0.8990,-0.2680,-0.1543,0
-0.0489, 0.0000, 1.1812, 3.1415,-0.3282, 0.3905, 1.7470,-0.2705,-0.1536,0
-0.0519, 0.0000, 1.1812, 3.1415,-0.3081, 0.0781, 4.5467,-0.2726,-0.1529,0
-0.0546, 0.0000, 1.1780, 3.1415,-0.2738,-0.2357, 4.6799,-0.2740,-0.1522,0
-0.0572, 0.0000, 1.1718, 3.1415,-0.2669,-0.5497, 4.6799,-0.2747,-0.1515,0
-0.0594, 0.0000, 1.1623, 3.1415,-0.2231,-0.8639, 4.6799,-0.2747,-0.1507,0
-0.0609, 0.0000, 1.1498, 3.1415,-0.1659,-1.1780, 4.6799,-0.2740,-0.1500,0
-0.0621, 0.0000, 1.1341, 3.1415,-0.1301,-1.4922, 4.6799,-0.2725,-0.1493,0
-0.0628, 0.0000, 1.1152, 3.1415,-0.0806,-1.8064, 4.6799,-0.2702,-0.1486,0
-0.0629, 0.0000, 1.0901, 3.1415,-0.0282,-2.3718, 4.6799,-0.2532,-0.1479,0
-0.0628, 0.0000, 1.0649, 3.1415, 0.0064,-2.4850, 4.6799,-0.2614,-0.1472,0
-0.0623, 0.0000, 1.0367, 3.1415, 0.0437,-2.7589, 4.6799,-0.2589,-0.1464,0
-0.0613, 0.0000, 1.0021, 3.1415, 0.0815,-3.3163, 4.6799,-0.2326,-0.1457,0
-0.0601, 0.0000, 0.9676, 3.1415, 0.1133,-3.4278, 4.6799,-0.2428,-0.1450,0
-0.0584, 0.0000, 0.9267, 3.1415, 0.1621,-3.9528, 4.6799,-0.2124,-0.1443,0
-0.0564, 0.0000, 0.8859, 3.1415, 0.1900,-4.0578, 4.6799,-0.2237,-0.1436,0
-0.0541, 0.0000, 0.8419, 3.1415, 0.2259,-4.3301, 4.6799,-0.2157,-0.1428,0
-0.0513, 0.0000, 0.7916, 3.1415, 0.2695,-4.8872, 4.6799,-0.1701,-0.1421,0
-0.0483, 0.0000, 0.7414, 3.1415, 0.2903,-4.9986, 4.6799,-0.1797,-0.1414,0
-0.0448, 0.0000, 0.6880, 3.1415, 0.3369,-5.2723, 4.6799,-0.1655,-0.1407,0
-0.0411, 0.0000, 0.6314, 3.1415, 0.3645,-5.5783,-2.0913,-0.1439,-0.1400,0
-0.0377, 0.0000, 0.5717, 3.1415, 0.3457,-5.8908,-4.6799,-0.1180,-0.1393,0
-0.0343, 0.0000, 0.5120, 3.1415, 0.3420,-5.9534,-4.6799,-0.1297,-0.1385,0
-0.0306, 0.0000, 0.4523, 3.1415, 0.3594,-5.9659, 4.6799,-0.1475,-0.1378,0
-0.0269, 0.0000, 0.3895, 3.1415, 0.3750,-6.2197,-4.6799,-0.1227,-0.1371,0
-0.0236, 0.0000, 0.3267, 3.1415, 0.3357,-6.2704,-4.6799,-0.1296,-0.1364,0
-0.0203, 0.0000, 0.2638, 3.1415, 0.3278,-6.2806, 3.1906,-0.1409,-0.1357,0
-0.0168, 0.0000, 0.2010, 3.1415, 0.3505,-6.2826, 4.6799,-0.1510,-0.1349,0
-0.0132, 0.0000, 0.1350, 3.1415, 0.3550,-6.5344,-4.6799,-0.1137,-0.1342,0
-0.0104, 0.0000, 0.0691, 3.1415, 0.2953,-6.5847,-4.6799,-0.1093,-0.1335,0
-0.0076, 0.0000, 0.0031, 3.1415, 0.2834,-6.5948,-4.6799,-0.1092,-0.1328,0
-0.0050, 0.0000,-0.0596, 3.1415, 0.2689,-6.3455, 4.6799,-0.1530,-0.1321,0
-0.0018, 0.0000,-0.1225, 3.1415, 0.3084,-6.2956, 4.6799,-0.1578,-0.1314,0
 0.0007, 0.0000,-0.1853, 3.1415, 0.2678,-6.2856, 4.6799,-0.1526,-0.1306,0
 0.0033, 0.0000,-0.2481, 3.1415, 0.2597,-6.2836, 4.6799,-0.1433,-0.1299,0
 0.0060, 0.0000,-0.3078, 3.1415, 0.2702,-6.0319, 4.6799,-0.1749,-0.1292,0
 0.0088, 0.0000,-0.3707, 3.1415, 0.2783,-6.2329,-4.6799,-0.1254,-0.1285,0
 0.0110, 0.0000,-0.4303, 3.1415, 0.2315,-6.0218, 4.6799,-0.1449,-0.1278,0
 0.0140, 0.0000,-0.4869, 3.1415, 0.2827,-5.7282, 4.6799,-0.1752,-0.1270,0
 0.0164, 0.0000,-0.5434, 3.1415, 0.2505,-5.6695, 4.6799,-0.1646,-0.1263,0
 0.0188, 0.0000,-0.5969, 3.1415, 0.2441,-5.4064, 4.6799,-0.1847,-0.1256,0
 0.0213, 0.0000,-0.6503, 3.1415, 0.2489,-5.3538, 4.6799,-0.1702,-0.1249,0
 0.0237, 0.0000,-0.7037, 3.1415, 0.2377,-5.3433, 4.6799,-0.1477,-0.1242,0
 0.0263, 0.0000,-0.7508, 3.1415, 0.2597,-4.8385, 4.6799,-0.1972,-0.1235,0
 0.0288, 0.0000,-0.8011, 3.1415, 0.2520,-4.9889, 4.6799,-0.1512,-0.1227,0
 0.0315, 0.0000,-0.8450, 3.1415, 0.2626,-4.5163, 4.6799,-0.1910,-0.1220,0
 0.0338, 0.0000,-0.8890, 3.1415, 0.2404,-4.4218, 4.6799,-0.1787,-0.1213,0
 0.0364, 0.0000,-0.9267, 3.1415, 0.2542,-3.9002, 4.6799,-0.2181,-0.1206,0
 0.0391, 0.0000,-0.9676, 3.1415, 0.2630,-4.0473, 4.6799,-0.1780,-0.1199,0
 0.0418, 0.0000,-1.0021, 3.1415, 0.2708,-3.5740, 4.6799,-0.2078,-0.1191,0
 0.0446, 0.0000,-1.0367, 3.1415, 0.2785,-3.4794, 4.6799,-0.1960,-0.1184,0
 0.0474, 0.0000,-1.0681, 3.1415, 0.2800,-3.2091, 4.6799,-0.2017,-0.1177,0
 0.0503, 0.0000,-1.0964, 3.1415, 0.2864,-2.9037, 4.6799,-0.2099,-0.1170,0
 0.0533, 0.0000,-1.1215, 3.1415, 0.2998,-2.5913, 4.6799,-0.2178,-0.1163,0
 0.0563, 0.0000,-1.1466, 3.1415, 0.2964,-2.5289, 4.6799,-0.2059,-0.1156,0
 0.0594, 0.0000,-1.1655, 3.1415, 0.3139,-2.0137, 4.6799,-0.2263,-0.1148,0
 0.0627, 0.0000,-1.1843, 3.1415, 0.3235,-1.9107, 4.6799,-0.2195,-0.1141,0
 0.0661, 0.0000,-1.2000, 3.1415, 0.3375,-1.6387, 4.6799,-0.2225,-0.1134,0
 0.0695, 0.0000,-1.2126, 3.1415, 0.3342,-1.3330, 4.3042,-0.2268,-0.1127,0
 0.0729, 0.0000,-1.2220, 3.1415, 0.3457,-1.0205, 1.4456,-0.2307,-0.1120,0
 0.0763, 0.0000,-1.2283, 3.1415, 0.3420,-0.7067,-1.3400,-0.2341,-0.1112,0
 0.0792, 0.0000,-1.2346, 3.1415, 0.2988,-0.6440,-2.6151,-0.2310,-0.1105,0
 0.0824, 0.0000,-1.2346, 3.1415, 0.3144,-0.1288,-4.6799,-0.2366,-0.1098,0
 0.0853, 0.0000,-1.2315, 3.1415, 0.2932, 0.2255,-4.6799,-0.2382,-0.1091,0
 0.0878, 0.0000,-1.2283, 3.1415, 0.2587, 0.2964,-4.6799,-0.2398,-0.1084,0
 0.0900, 0.0000,-1.2189, 3.1415, 0.2275, 0.8132,-4.6799,-0.2382,-0.1077,0
 0.0916, 0.0000,-1.2063, 3.1415, 0.1728, 1.1679,-4.6799,-0.2368,-0.1069,0
 0.0929, 0.0000,-1.1938, 3.1415, 0.1376, 1.2389,-4.6799,-0.2428,-0.1062,0
 0.0937, 0.0000,-1.1749, 3.1415, 0.0942, 1.7557,-4.6799,-0.2337,-0.1055,0
 0.0940, 0.0000,-1.1529, 3.1415, 0.0430, 2.1104,-4.6799,-0.2290,-0.1048,0
 0.0940, 0.0000,-1.1278, 3.1415, 0.0086, 2.4327,-4.6799,-0.2249,-0.1041,0
 0.0936, 0.0000,-1.0995, 3.1415,-0.0346, 2.7484,-4.6799,-0.2202,-0.1034,0
 0.0927, 0.0000,-1.0681, 3.1415,-0.0736, 3.0629,-4.6799,-0.2145,-0.1026,0
 0.0915, 0.0000,-1.0335, 3.1415,-0.1117, 3.3771,-4.6799,-0.2078,-0.1019,0
 0.0899, 0.0000,-0.9927, 3.1415,-0.1496, 3.9426,-4.6799,-0.1747,-0.1012,0
 0.0880, 0.0000,-0.9519, 3.1415,-0.1815, 4.0557,-4.6799,-0.1862,-0.1005,0
 0.0857, 0.0000,-0.9079, 3.1415,-0.2242, 4.3297,-4.6799,-0.1794,-0.0998,0
 0.0831, 0.0000,-0.8607, 3.1415,-0.2510, 4.6358,-4.6799,-0.1671,-0.0990,0
 0.0800, 0.0000,-0.8105, 3.1415,-0.2987, 4.9484,-4.6799,-0.1520,-0.0983,0
 0.0767, 0.0000,-0.7571, 3.1415,-0.3204, 5.2622,-4.6799,-0.1342,-0.0976,0
 0.0729, 0.0000,-0.7005, 3.1415,-0.3672, 5.5763,-4.6799,-0.1136,-0.0969,0
 0.0688, 0.0000,-0.6440, 3.1415,-0.4008, 5.6391,-4.6799,-0.1290,-0.0962,0
 0.0643, 0.0000,-0.5811, 3.1415,-0.4439, 6.1543, 4.6799,-0.0699,-0.0955,0
 0.0607, 0.0000,-0.5183, 3.1415,-0.3737, 6.2574, 4.6799,-0.0755,-0.0947,0
 0.0563, 0.0000,-0.4523, 3.1415,-0.4324, 6.5293, 4.6799,-0.0489,-0.0940,0
 0.0521, 0.0000,-0.3864, 3.1415,-0.4199, 6.5837, 4.6799,-0.0583,-0.0933,0
 0.0482, 0.0000,-0.3235, 3.1415,-0.3992, 6.3432,-4.6799,-0.1175,-0.0926,0
 0.0438, 0.0000,-0.2576, 3.1415,-0.4254, 6.5465, 0.7703,-0.0943,-0.0919,0
 0.0407, 0.0000,-0.1884, 3.1415,-0.3397, 6.8385, 4.6799,-0.0506,-0.0911,0
 0.0372, 0.0000,-0.1225, 3.1415,-0.3468, 6.6455,-4.6799,-0.0944,-0.0904,0
 0.0331, 0.0000,-0.0565, 3.1415,-0.3907, 6.6069,-4.6799,-0.1058,-0.0897,0
 0.0294, 0.0000, 0.0125, 3.1415,-0.3752, 6.8506, 4.6799,-0.0610,-0.0890,0
 0.0266, 0.0000, 0.0785, 3.1415,-0.3054, 6.6479,-4.6799,-0.0971,-0.0883,0
 0.0231, 0.0000, 0.1445, 3.1415,-0.3400, 6.6074,-4.6799,-0.0993,-0.0876,0
 0.0193, 0.0000, 0.2104, 3.1415,-0.3711, 6.5993,-4.6799,-0.0925,-0.0868,0
 0.0156, 0.0000, 0.2764, 3.1415,-0.3713, 6.5977, 4.6799,-0.0814,-0.0861,0
 0.0131, 0.0000, 0.3424, 3.1415,-0.2743, 6.5974, 4.6799,-0.0670,-0.0854,0
 0.0104, 0.0000, 0.4021, 3.1415,-0.2670, 6.0947,-4.6799,-0.1407,-0.0847,0
 0.0075, 0.0000, 0.4649, 3.1415,-0.2898, 6.2454,-4.6799,-0.0957,-0.0840,0
 0.0045, 0.0000, 0.5215, 3.1415,-0.2944, 5.7729,-4.6799,-0.1560,-0.0832,0
 0.0021, 0.0000, 0.5780, 3.1415,-0.2529, 5.6784,-4.6799,-0.1499,-0.0825,0
-0.0003, 0.0000, 0.6346, 3.1415,-0.2506, 5.6595,-4.6799,-0.1298,-0.0818,0
-0.0026, 0.0000, 0.6880, 3.1415,-0.2320, 5.4044,-4.6799,-0.1458,-0.0811,0
-0.0053, 0.0000, 0.7382, 3.1415,-0.2586, 5.1021,-4.6799,-0.1666,-0.0804,0
-0.0080, 0.0000, 0.7885, 3.1415,-0.2700, 5.0416,-4.6799,-0.1503,-0.0797,0
-0.0103, 0.0000, 0.8356, 3.1415,-0.2359, 4.7782,-4.6799,-0.1619,-0.0789,0
-0.0129, 0.0000, 0.8827, 3.1415,-0.2593, 4.7255,-4.6799,-0.1433,-0.0782,0
-0.0156, 0.0000, 0.9267, 3.1415,-0.2701, 4.4636,-4.6799,-0.1522,-0.0775,0
-0.0182, 0.0000, 0.9644, 3.1415,-0.2601, 3.9086,-4.6799,-0.1953,-0.0768,0
-0.0210, 0.0000, 1.0053, 3.1415,-0.2763, 4.0489,-4.6799,-0.1552,-0.0761,0
-0.0237, 0.0000, 1.0398, 3.1415,-0.2674, 3.5743,-4.6799,-0.1847,-0.0753,0
-0.0264, 0.0000, 1.0712, 3.1415,-0.2717, 3.2281,-4.6799,-0.1980,-0.0746,0
-0.0295, 0.0000, 1.1026, 3.1415,-0.3029, 3.1589,-4.6799,-0.1842,-0.0739,0
-0.0325, 0.0000, 1.1309, 3.1415,-0.2970, 2.8937,-4.6799,-0.1885,-0.0732,0
-0.0353, 0.0000, 1.1561, 3.1415,-0.2898, 2.5893,-4.6799,-0.1954,-0.0725,0
-0.0386, 0.0000, 1.1812, 3.1415,-0.3186, 2.5284,-4.6799,-0.1832,-0.0718,0
-0.0419, 0.0000, 1.2000, 3.1415,-0.3244, 2.0136,-4.6799,-0.2033,-0.0710,0
-0.0451, 0.0000, 1.2189, 3.1415,-0.3256, 1.9107,-4.6799,-0.1963,-0.0703,0
-0.0487, 0.0000, 1.2346, 3.1415,-0.3501, 1.6387,-4.6799,-0.1992,-0.0696,0
-0.0522, 0.0000, 1.2472, 3.1415,-0.3549, 1.3330,-4.6799,-0.2034,-0.0689,0
-0.0559, 0.0000, 1.2566, 3.1415,-0.3620, 1.0205,-2.8213,-0.2073,-0.0682,0
-0.0598, 0.0000, 1.2629, 3.1415,-0.3877, 0.7067, 0.4967,-0.2106,-0.0674,0
-0.0628, 0.0000, 1.2660, 3.1415,-0.3140, 0.3926, 2.7561,-0.2132,-0.0667,0
-0.0661, 0.0000, 1.2660, 3.1415,-0.3295, 0.0785, 4.6799,-0.2153,-0.0660,0
-0.0690, 0.0000, 1.2629, 3.1415,-0.2963,-0.2356, 4.6799,-0.2168,-0.0653,0
-0.0716, 0.0000, 1.2566, 3.1415,-0.2714,-0.5497, 4.6799,-0.2176,-0.0646,0
-0.0738, 0.0000, 1.2472, 3.1415,-0.2301,-0.8639, 4.6799,-0.2178,-0.0639,0
-0.0755, 0.0000, 1.2377, 3.1415,-0.1794,-0.9267, 4.6799,-0.2227,-0.0631,0
-0.0768, 0.0000, 1.2220, 3.1415,-0.1389,-1.4419, 4.6799,-0.2162,-0.0624,0
-0.0776, 0.0000, 1.2000, 3.1415,-0.0944,-2.0476, 4.6799,-0.2014,-0.0617,0
-0.0782, 0.0000, 1.1780, 3.1415,-0.0613,-2.1688, 4.6799,-0.2089,-0.0610,0
-0.0781, 0.0000, 1.1529, 3.1415,-0.0062,-2.4443, 4.6799,-0.2077,-0.0603,0
-0.0779, 0.0000, 1.1246, 3.1415, 0.0169,-2.7508, 4.6799,-0.2038,-0.0595,0
-0.0772, 0.0000, 1.0932, 3.1415, 0.0579,-3.0634, 4.6799,-0.1986,-0.0588,0
-0.0760, 0.0000, 1.0555, 3.1415, 0.1086,-3.6286, 4.6799,-0.1694,-0.0581,0
-0.0745, 0.0000, 1.0178, 3.1415, 0.1429,-3.7416, 4.6799,-0.1811,-0.0574,0
-0.0726, 0.0000, 0.9770, 3.1415, 0.1801,-4.0155, 4.6799,-0.1760,-0.0567,0
-0.0704, 0.0000, 0.9330, 3.1415, 0.2058,-4.3216, 4.6799,-0.1660,-0.0560,0
-0.0679, 0.0000, 0.8827, 3.1415, 0.2412,-4.8855, 4.6799,-0.1218,-0.0552,0
-0.0650, 0.0000, 0.8325, 3.1415, 0.2847,-4.9983, 4.6799,-0.1335,-0.0545,0
-0.0617, 0.0000, 0.7791, 3.1415, 0.3176,-5.2722, 4.6799,-0.1217,-0.0538,0
-0.0582, 0.0000, 0.7225, 3.1415, 0.3424,-5.5783, 4.6799,-0.1029,-0.0531,0
-0.0544, 0.0000, 0.6628, 3.1415, 0.3777,-5.8908, 4.6799,-0.0801,-0.0524,0
-0.0501, 0.0000, 0.6000, 3.1415, 0.4150,-6.2047,-4.1834,-0.0536,-0.0516,0
-0.0463, 0.0000, 0.5372, 3.1415, 0.3922,-6.2674, 4.6799,-0.0670,-0.0509,0
-0.0413, 0.0000, 0.4712, 3.1415, 0.4725,-6.5313,-4.6799,-0.0426,-0.0502,0
-0.0372, 0.0000, 0.4021, 3.1415, 0.4279,-6.8354,-4.6799,-0.0066,-0.0495,0
-0.0331, 0.0000, 0.3330, 3.1415, 0.4069,-6.8963,-4.6799,-0.0128,-0.0488,0
-0.0288, 0.0000, 0.2670, 3.1415, 0.4330,-6.6571, 4.6799,-0.0721,-0.0481,0
-0.0246, 0.0000, 0.1979, 3.1415, 0.4200,-6.8606,-4.6799,-0.0451,-0.0473,0
-0.0209, 0.0000, 0.1288, 3.1415, 0.3750,-6.9013,-4.6799,-0.0453,-0.0466,0
-0.0173, 0.0000, 0.0596, 3.1415, 0.3660,-6.9094, 0.4703,-0.0484,-0.0459,0
-0.0136, 0.0000,-0.0094, 3.1415, 0.3703,-6.9110, 3.0647,-0.0493,-0.0452,0
-0.0100, 0.0000,-0.0785, 3.1415, 0.3590,-6.9114, 1.1712,-0.0471,-0.0445,0
-0.0065, 0.0000,-0.1445, 3.1415, 0.3507,-6.6601, 4.6799,-0.0895,-0.0437,0
-0.0028, 0.0000,-0.2136, 3.1415, 0.3672,-6.8612,-4.2627,-0.0426,-0.0430,0
 0.0001, 0.0000,-0.2796, 3.1415, 0.3159,-6.6501, 4.6799,-0.0710,-0.0423,0
 0.0037, 0.0000,-0.3455, 3.1415, 0.3542,-6.6079, 4.6799,-0.0643,-0.0416,0
 0.0069, 0.0000,-0.4115, 3.1415, 0.3255,-6.5994, 4.6799,-0.0483,-0.0409,0
 0.0101, 0.0000,-0.4743, 3.1415, 0.3197,-6.3464, 4.6799,-0.0749,-0.0402,0
 0.0131, 0.0000,-0.5372, 3.1415, 0.3004,-6.2958, 4.6799,-0.0620,-0.0394,0
 0.0162, 0.0000,-0.5969, 3.1415, 0.3147,-6.0343, 4.6799,-0.0841,-0.0387,0
 0.0196, 0.0000,-0.6534, 3.1415, 0.3297,-5.7307, 4.6799,-0.1103,-0.0380,0
 0.0228, 0.0000,-0.7099, 3.1415, 0.3206,-5.6700, 4.6799,-0.0944,-0.0373,0
 0.0259, 0.0000,-0.7665, 3.1415, 0.3187,-5.6579, 4.6799,-0.0690,-0.0366,0
 0.0288, 0.0000,-0.8168, 3.1415, 0.2881,-5.1528, 4.6799,-0.1198,-0.0358,0
 0.0319, 0.0000,-0.8670, 3.1415, 0.3122,-5.0518, 4.6799,-0.1073,-0.0351,0
 0.0351, 0.0000,-0.9142, 3.1415, 0.3171,-4.7802, 4.6799,-0.1184,-0.0344,0
 0.0382, 0.0000,-0.9613, 3.1415, 0.3120,-4.7259, 4.6799,-0.0983,-0.0337,0
 0.0413, 0.0000,-1.0021, 3.1415, 0.3049,-4.2124, 4.6799,-0.1382,-0.0330,0
 0.0444, 0.0000,-1.0430, 3.1415, 0.3095,-4.1097, 4.6799,-0.1251,-0.0323,0
 0.0476, 0.0000,-1.0807, 3.1415, 0.3226,-3.8378, 4.6799,-0.1317,-0.0315,0
 0.0508, 0.0000,-1.1184, 3.1415, 0.3191,-3.7835, 4.6799,-0.1134,-0.0308,0
 0.0541, 0.0000,-1.1498, 3.1415, 0.3245,-3.2699, 4.6799,-0.1437,-0.0301,0
 0.0576, 0.0000,-1.1812, 3.1415, 0.3498,-3.1672, 4.6799,-0.1322,-0.0294,0
 0.0611, 0.0000,-1.2063, 3.1415, 0.3488,-2.6440, 4.6799,-0.1580,-0.0287,0
 0.0645, 0.0000,-1.2315, 3.1415, 0.3426,-2.5394, 4.6799,-0.1487,-0.0280,0
 0.0679, 0.0000,-1.2534, 3.1415, 0.3413,-2.2671, 4.6799,-0.1520,-0.0272,0
 0.0716, 0.0000,-1.2723, 3.1415, 0.3653,-1.9613, 4.6799,-0.1572,-0.0265,0
 0.0754, 0.0000,-1.2880, 3.1415, 0.3762,-1.6489, 4.6799,-0.1622,-0.0258,0
 0.0793, 0.0000,-1.3037, 3.1415, 0.3844,-1.5864, 2.5267,-0.1542,-0.0251,0
 0.0832, 0.0000,-1.3131, 3.1415, 0.3921,-1.0712,-0.1671,-0.1668,-0.0244,0
 0.0867, 0.0000,-1.3194, 3.1415, 0.3573,-0.7169,-2.9206,-0.1713,-0.0236,0
 0.0900, 0.0000,-1.3257, 3.1415, 0.3321,-0.6460,-4.3179,-0.1683,-0.0229,0
 0.0934, 0.0000,-1.3257, 3.1415, 0.3392,-0.1292,-4.6799,-0.1739,-0.0222,0
 0.0961, 0.0000,-1.3257, 3.1415, 0.2861,-0.0258,-4.6799,-0.1741,-0.0215,0
 0.0987, 0.0000,-1.3194, 3.1415, 0.2633, 0.4974,-4.6799,-0.1751,-0.0208,0
 0.1010, 0.0000,-1.3131, 3.1415, 0.2345, 0.6021,-4.6799,-0.1778,-0.0201,0
 0.1025, 0.0000,-1.3006, 3.1415, 0.1681, 1.1257,-4.6799,-0.1739,-0.0193,0
 0.1040, 0.0000,-1.2849, 3.1415, 0.1549, 1.4817,-4.6799,-0.1717,-0.0186,0
 0.1051, 0.0000,-1.2692, 3.1415, 0.1158, 1.5529,-4.6799,-0.1795,-0.0179,0
 0.1055, 0.0000,-1.2472, 3.1415, 0.0595, 2.0698,-4.6799,-0.1683,-0.0172,0
 0.1059, 0.0000,-1.2220, 3.1415, 0.0422, 2.4246,-4.6799,-0.1630,-0.0165,0
 0.1059, 0.0000,-1.1938, 3.1415, 0.0084, 2.7468,-4.6799,-0.1587,-0.0157,0
 0.1053, 0.0000,-1.1623, 3.1415,-0.0468, 3.0626,-4.6799,-0.1538,-0.0150,0
 0.1045, 0.0000,-1.1309, 3.1415,-0.0760, 3.1257,-4.6799,-0.1689,-0.0143,0
 0.1033, 0.0000,-1.0932, 3.1415,-0.1061, 3.6410,-4.6799,-0.1444,-0.0136,0
 0.1017, 0.0000,-1.0524, 3.1415,-0.1485, 3.9954,-4.6799,-0.1322,-0.0129,0
 0.0998, 0.0000,-1.0084, 3.1415,-0.1873, 4.3176,-4.6799,-0.1218,-0.0122,0
 0.0977, 0.0000,-0.9613, 3.1415,-0.2011, 4.6334,-4.6799,-0.1104,-0.0114,0
 0.0952, 0.0000,-0.9110, 3.1415,-0.2403, 4.9479,-4.6799,-0.0973,-0.0107,0
 0.0922, 0.0000,-0.8576, 3.1415,-0.2905, 5.2621,-4.6799,-0.0821,-0.0100,0
 0.0889, 0.0000,-0.8011, 3.1415,-0.3249, 5.5763,-4.6799,-0.0643,-0.0093,0
 0.0852, 0.0000,-0.7445, 3.1415,-0.3560, 5.6391,-4.6799,-0.0828,-0.0086,0
 0.0811, 0.0000,-0.6817, 3.1415,-0.3986, 6.1543,-4.6799,-0.0273,-0.0078,0
 0.0766, 0.0000,-0.6157, 3.1415,-0.4435, 6.5087, 4.6799, 0.0068,-0.0071,0
 0.0729, 0.0000,-0.5497, 3.1415,-0.3797, 6.5796, 3.0988,-0.0061,-0.0064,0
 0.0685, 0.0000,-0.4806, 3.1415,-0.4336, 6.8451, 4.6799, 0.0192,-0.0057,0
 0.0645, 0.0000,-0.4146, 3.1415,-0.4020, 6.6469,-4.6799,-0.0386,-0.0050,0
 0.0598, 0.0000,-0.3424, 3.1415,-0.4563, 7.1099, 4.6799, 0.0313,-0.0043,0
 0.0560, 0.0000,-0.2733, 3.1415,-0.3944, 6.9511,-4.6799,-0.0149,-0.0035,0
 0.0516, 0.0000,-0.2010, 3.1415,-0.4305, 7.1707, 4.6799, 0.0162,-0.0028,0
 0.0480, 0.0000,-0.1288, 3.1415,-0.3771, 7.2146, 4.6799, 0.0165,-0.0021,0
 0.0441, 0.0000,-0.0596, 3.1415,-0.3907, 6.9721,-4.6799,-0.0362,-0.0014,0
 0.0403, 0.0000, 0.0125, 3.1415,-0.3752, 7.1749, 4.6799, 0.0026,-0.0007,0
 0.0373, 0.0000, 0.0816, 3.1415,-0.3175, 6.9641,-4.6799,-0.0366, 0.0000,0
 0.0338, 0.0000, 0.1507, 3.1415,-0.3424, 6.9220,-4.6799,-0.0391, 0.0007,0
 0.0304, 0.0000, 0.2199, 3.1415,-0.3413, 6.9136,-4.6799,-0.0316, 0.0014,0
 0.0273, 0.0000, 0.2890, 3.1415,-0.3168, 6.9119,-4.6799,-0.0194, 0.0021,0
 0.0237, 0.0000, 0.3549, 3.1415,-0.3483, 6.6602,-4.6799,-0.0522, 0.0028,0
 0.0204, 0.0000, 0.4241, 3.1415,-0.3364, 6.8612, 2.3685, 0.0046, 0.0035,0
 0.0179, 0.0000, 0.4900, 3.1415,-0.2673, 6.6501,-4.6799,-0.0144, 0.0043,0
 0.0146, 0.0000, 0.5497, 3.1415,-0.3202, 6.1052,-4.6799,-0.0904, 0.0050,0
 0.0115, 0.0000, 0.6126, 3.1415,-0.3065, 6.2476,-4.6799,-0.0410, 0.0057,0
 0.0087, 0.0000, 0.6723, 3.1415,-0.2856, 6.0247,-4.6799,-0.0536, 0.0064,0
 0.0058, 0.0000, 0.7288, 3.1415,-0.2936, 5.7288,-4.6799,-0.0761, 0.0071,0
 0.0032, 0.0000, 0.7853, 3.1415,-0.2648, 5.6696,-4.6799,-0.0577, 0.0079,0
 0.0001, 0.0000, 0.8388, 3.1415,-0.3015, 5.4064,-4.6799,-0.0707, 0.0086,0
-0.0026, 0.0000, 0.8922, 3.1415,-0.2846, 5.3538,-4.6799,-0.0494, 0.0093,0
-0.0052, 0.0000, 0.9393, 3.1415,-0.2630, 4.8406,-4.6799,-0.0958, 0.0100,0
-0.0084, 0.0000, 0.9864, 3.1415,-0.3072, 4.7380,-4.6799,-0.0818, 0.0107,0
-0.0110, 0.0000, 1.0304, 3.1415,-0.2736, 4.4661,-4.6799,-0.0901, 0.0114,0
-0.0138, 0.0000, 1.0712, 3.1415,-0.2790, 4.1604,-4.6799,-0.1016, 0.0122,0
-0.0170, 0.0000, 1.1089, 3.1415,-0.3104, 3.8480,-4.6799,-0.1126, 0.0129,0
-0.0197, 0.0000, 1.1435, 3.1415,-0.2803, 3.5342,-4.6799,-0.1226, 0.0136,0
-0.0228, 0.0000, 1.1780, 3.1415,-0.2986, 3.4714,-4.6799,-0.1060, 0.0143,0
-0.0259, 0.0000, 1.2095, 3.1415,-0.3083, 3.2075,-4.6799,-0.1097, 0.0150,0
-0.0288, 0.0000, 1.2377, 3.1415,-0.2981, 2.9034,-4.6799,-0.1167, 0.0158,0
-0.0322, 0.0000, 1.2597, 3.1415,-0.3324, 2.3399,-4.6799,-0.1430, 0.0165,0
-0.0355, 0.0000, 1.2817, 3.1415,-0.3272, 2.2272,-4.6799,-0.1352, 0.0172,0
-0.0389, 0.0000, 1.3037, 3.1415,-0.3382, 2.2047,-4.6799,-0.1214, 0.0179,0
-0.0425, 0.0000, 1.3194, 3.1415,-0.3587, 1.6975,-4.6799,-0.1382, 0.0186,0
-0.0460, 0.0000, 1.3351, 3.1415,-0.3445, 1.5961,-4.6799,-0.1319, 0.0193,0
-0.0497, 0.0000, 1.3446, 3.1415,-0.3720, 1.0732,-2.3579,-0.1449, 0.0201,0
-0.0537, 0.0000, 1.3540, 3.1415,-0.3897, 0.9686, 0.0651,-0.1413, 0.0208,0
-0.0570, 0.0000, 1.3571, 3.1415,-0.3447, 0.4450, 2.8834,-0.1494, 0.0215,0
-0.0603, 0.0000, 1.3603, 3.1415,-0.3296, 0.3403, 4.4674,-0.1484, 0.0222,0
-0.0633, 0.0000, 1.3603, 3.1415,-0.3084, 0.0680, 4.6799,-0.1499, 0.0229,0
-0.0662, 0.0000, 1.3571, 3.1415,-0.2921,-0.2377, 4.6799,-0.1514, 0.0237,0
-0.0683, 0.0000, 1.3477, 3.1415,-0.2281,-0.8015, 4.6799,-0.1498, 0.0244,0
-0.0703, 0.0000, 1.3383, 3.1415,-0.2032,-0.9142, 4.6799,-0.1537, 0.0251,0
-0.0716, 0.0000, 1.3226, 3.1415,-0.1497,-1.4394, 4.6799,-0.1473, 0.0258,0
-0.0726, 0.0000, 1.3069, 3.1415,-0.1027,-1.5445, 4.6799,-0.1539, 0.0265,0
-0.0733, 0.0000, 1.2849, 3.1415,-0.0811,-2.0681, 4.6799,-0.1426, 0.0272,0
-0.0735, 0.0000, 1.2629, 3.1415,-0.0283,-2.1729, 4.6799,-0.1515, 0.0280,0
-0.0733, 0.0000, 1.2346, 3.1415, 0.0064,-2.6965, 4.6799,-0.1350, 0.0287,0
-0.0728, 0.0000, 1.2032, 3.1415, 0.0437,-3.0525, 4.6799,-0.1275, 0.0294,0
-0.0720, 0.0000, 1.1718, 3.1415, 0.0754,-3.1237, 4.6799,-0.1423, 0.0301,0
-0.0707, 0.0000, 1.1341, 3.1415, 0.1121,-3.6406, 4.6799,-0.1181, 0.0308,0
-0.0691, 0.0000, 1.0932, 3.1415, 0.1497,-3.9953, 4.6799,-0.1065, 0.0316,0
-0.0675, 0.0000, 1.0524, 3.1415, 0.1633,-4.0663, 4.6799,-0.1242, 0.0323,0
-0.0654, 0.0000, 1.0053, 3.1415, 0.2024,-4.5831, 4.6799,-0.0906, 0.0330,0
-0.0629, 0.0000, 0.9581, 3.1415, 0.2405,-4.6865, 4.6799,-0.1054, 0.0337,0
-0.0599, 0.0000, 0.9047, 3.1415, 0.2845,-5.2098, 4.6799,-0.0636, 0.0344,0
-0.0567, 0.0000, 0.8513, 3.1415, 0.3115,-5.3145, 4.6799,-0.0777, 0.0351,0
-0.0532, 0.0000, 0.7916, 3.1415, 0.3412,-5.8381, 4.6799,-0.0273, 0.0359,0
-0.0494, 0.0000, 0.7288, 3.1415, 0.3774,-6.1941, 4.6799, 0.0014, 0.0366,0
-0.0452, 0.0000, 0.6660, 3.1415, 0.4089,-6.2653, 4.6799,-0.0150, 0.0373,0
-0.0406, 0.0000, 0.6000, 3.1415, 0.4516,-6.5309, 4.6799, 0.0044, 0.0380,0
-0.0356, 0.0000, 0.5309, 3.1415, 0.4905,-6.8353,-3.4022, 0.0348, 0.0387,0
-0.0310, 0.0000, 0.4586, 3.1415, 0.4619,-7.1476,-4.6799, 0.0713, 0.0395,0
-0.0259, 0.0000, 0.3864, 3.1415, 0.4986,-7.2100,-4.6799, 0.0626, 0.0402,0
-0.0212, 0.0000, 0.3141, 3.1415, 0.4817,-7.2225,-4.6799, 0.0473, 0.0409,0
-0.0167, 0.0000, 0.2387, 3.1415, 0.4540,-7.4763,-4.6799, 0.0848, 0.0416,0
-0.0125, 0.0000, 0.1665, 3.1415, 0.4243,-7.2758, 4.6799, 0.0329, 0.0423,0
-0.0081, 0.0000, 0.0942, 3.1415, 0.4425,-7.2356, 4.6799, 0.0180, 0.0430,0
-0.0037, 0.0000, 0.0219, 3.1415, 0.4401,-7.2276, 4.6799, 0.0134, 0.0438,0
 0.0008, 0.0000,-0.0534, 3.1415, 0.4518,-7.4773,-4.6799, 0.0656, 0.0445,0
 0.0045, 0.0000,-0.1256, 3.1415, 0.3874,-7.2760, 4.6799, 0.0287, 0.0452,0
 0.0090, 0.0000,-0.2010, 3.1415, 0.4412,-7.4870,-4.6799, 0.0811, 0.0459,0
 0.0126, 0.0000,-0.2701, 3.1415, 0.3732,-7.0266, 4.6799,-0.0008, 0.0466,0
 0.0169, 0.0000,-0.3424, 3.1415, 0.4141,-7.1858,-2.7506, 0.0465, 0.0473,0
 0.0197, 0.0000,-0.4084, 3.1415, 0.3132,-6.7150, 4.6799,-0.0277, 0.0481,0
 0.0235, 0.0000,-0.4775, 3.1415, 0.3658,-6.8722, 4.6799, 0.0234, 0.0488,0
 0.0266, 0.0000,-0.5403, 3.1415, 0.3156,-6.4009, 4.6799,-0.0421, 0.0495,0
 0.0300, 0.0000,-0.6031, 3.1415, 0.3420,-6.3067, 4.6799,-0.0345, 0.0502,0
 0.0328, 0.0000,-0.6660, 3.1415, 0.2866,-6.2878, 4.6799,-0.0111, 0.0509,0
 0.0360, 0.0000,-0.7257, 3.1415, 0.3119,-6.0328, 4.6799,-0.0276, 0.0517,0
 0.0391, 0.0000,-0.7822, 3.1415, 0.3109,-5.7304, 4.6799,-0.0496, 0.0524,0
 0.0421, 0.0000,-0.8356, 3.1415, 0.3047,-5.4186, 4.6799,-0.0705, 0.0531,0
 0.0451, 0.0000,-0.8890, 3.1415, 0.3034,-5.3562, 4.6799,-0.0508, 0.0538,0
 0.0479, 0.0000,-0.9393, 3.1415, 0.2850,-5.0924, 4.6799,-0.0608, 0.0545,0
 0.0509, 0.0000,-0.9896, 3.1415, 0.2934,-5.0397, 4.6799,-0.0386, 0.0552,0
 0.0542, 0.0000,-1.0335, 3.1415, 0.3254,-4.5265, 4.6799,-0.0806, 0.0560,0
 0.0570, 0.0000,-1.0775, 3.1415, 0.2894,-4.4238, 4.6799,-0.0660, 0.0567,0
 0.0604, 0.0000,-1.1184, 3.1415, 0.3246,-4.1520, 4.6799,-0.0725, 0.0574,0
 0.0632, 0.0000,-1.1561, 3.1415, 0.2892,-3.8463, 4.6799,-0.0822, 0.0581,0
 0.0663, 0.0000,-1.1906, 3.1415, 0.3125,-3.5338, 4.6799,-0.0916, 0.0588,0
 0.0697, 0.0000,-1.2220, 3.1415, 0.3292,-3.2200, 4.6799,-0.1002, 0.0596,0
 0.0729, 0.0000,-1.2503, 3.1415, 0.3205,-2.9059, 4.6799,-0.1079, 0.0603,0
 0.0761, 0.0000,-1.2786, 3.1415, 0.3248,-2.8431, 4.6799,-0.0936, 0.0610,0
 0.0795, 0.0000,-1.3006, 3.1415, 0.3378,-2.3279, 4.6799,-0.1157, 0.0617,0
 0.0830, 0.0000,-1.3226, 3.1415, 0.3464,-2.2248, 4.6799,-0.1070, 0.0624,0
 0.0867, 0.0000,-1.3414, 3.1415, 0.3664,-1.9529, 4.6799,-0.1098, 0.0631,0
 0.0904, 0.0000,-1.3571, 3.1415, 0.3643,-1.6472, 4.0736,-0.1142, 0.0639,0
 0.0942, 0.0000,-1.3697, 3.1415, 0.3760,-1.3347, 0.8206,-0.1184, 0.0646,0
 0.0983, 0.0000,-1.3791, 3.1415, 0.4026,-1.0209,-2.3766,-0.1221, 0.0653,0
 0.1015, 0.0000,-1.3854, 3.1415, 0.3412,-0.7068,-4.4337,-0.1253, 0.0660,0
 0.1048, 0.0000,-1.3885, 3.1415, 0.3350,-0.3926,-4.6799,-0.1279, 0.0667,0
 0.1081, 0.0000,-1.3885, 3.1415, 0.3277,-0.0785,-4.6799,-0.1300, 0.0675,0
 0.1108, 0.0000,-1.3854, 3.1415, 0.2777, 0.2356,-4.6799,-0.1315, 0.0682,0
 0.1133, 0.0000,-1.3823, 3.1415, 0.2556, 0.2984,-4.6799,-0.1333, 0.0689,0
 0.1152, 0.0000,-1.3697, 3.1415, 0.2087, 1.0649,-4.6799,-0.1275, 0.0696,0
 0.1166, 0.0000,-1.3603, 3.1415, 0.1508, 0.9669,-4.6799,-0.1369, 0.0703,0
 0.1179, 0.0000,-1.3446, 3.1415, 0.1332, 1.4500,-4.6799,-0.1316, 0.0710,0
 0.1186, 0.0000,-1.3226, 3.1415, 0.0872, 2.0493,-4.6799,-0.1176, 0.0718,0
 0.1189, 0.0000,-1.3006, 3.1415, 0.0417, 2.1691,-4.6799,-0.1257, 0.0725,0
 0.1190, 0.0000,-1.2754, 3.1415, 0.0144, 2.4444,-4.6799,-0.1253, 0.0732,0
 0.1187, 0.0000,-1.2472, 3.1415,-0.0213, 2.7508,-4.6799,-0.1223, 0.0739,0
 0.1180, 0.0000,-1.2157, 3.1415,-0.0588, 3.0634,-4.6799,-0.1182, 0.0746,0
 0.1169, 0.0000,-1.1812, 3.1415,-0.1027, 3.3772,-4.6799,-0.1130, 0.0754,0
 0.1157, 0.0000,-1.1435, 3.1415,-0.1175, 3.6913,-4.6799,-0.1067, 0.0761,0
 0.1140, 0.0000,-1.1026, 3.1415,-0.1569, 4.0055,-4.6799,-0.0993, 0.0768,0
 0.1121, 0.0000,-1.0587, 3.1415,-0.1829, 4.3196,-4.6799,-0.0906, 0.0775,0
 0.1098, 0.0000,-1.0084, 3.1415,-0.2245, 4.8851,-4.6799,-0.0487, 0.0782,0
 0.1070, 0.0000,-0.9581, 3.1415,-0.2631, 4.9982,-4.6799,-0.0631, 0.0789,0
 0.1039, 0.0000,-0.9047, 3.1415,-0.3072, 5.2722,-4.6799,-0.0545, 0.0797,0
 0.1003, 0.0000,-0.8482, 3.1415,-0.3464, 5.5783,-4.6799,-0.0392, 0.0804,0
 0.0964, 0.0000,-0.7885, 3.1415,-0.3785, 5.8908,-4.6799,-0.0203, 0.0811,0
 0.0921, 0.0000,-0.7225, 3.1415,-0.4213, 6.4560,-4.6799, 0.0448, 0.0818,0
 0.0873, 0.0000,-0.6565, 3.1415,-0.4662, 6.5690,-4.6799, 0.0353, 0.0825,0
 0.0823, 0.0000,-0.5906, 3.1415,-0.4934, 6.5916,-4.6799, 0.0118, 0.0833,0
 0.0770, 0.0000,-0.5183, 3.1415,-0.5231, 7.0988, 4.2260, 0.0817, 0.0840,0
 0.0723, 0.0000,-0.4429, 3.1415,-0.4866, 7.4516, 4.6799, 0.1285, 0.0847,0
 0.0670, 0.0000,-0.3707, 3.1415,-0.5217, 7.2708,-4.6799, 0.0708, 0.0854,0
 0.0610, 0.0000,-0.2953, 3.1415,-0.5833, 7.4860, 4.6799, 0.0975, 0.0861,0
 0.0564, 0.0000,-0.2199, 3.1415,-0.4804, 7.5290, 4.6799, 0.0928, 0.0868,0
 0.0513, 0.0000,-0.1445, 3.1415,-0.5084, 7.5376,-1.4340, 0.0848, 0.0876,0
 0.0458, 0.0000,-0.0691, 3.1415,-0.5382, 7.5393,-4.6799, 0.0794, 0.0883,0
 0.0410, 0.0000, 0.0094, 3.1415,-0.4957, 7.7910, 4.6799, 0.1317, 0.0890,0
 0.0367, 0.0000, 0.0816, 3.1415,-0.4386, 7.3387,-4.6799, 0.0383, 0.0897,0
 0.0316, 0.0000, 0.1570, 3.1415,-0.5000, 7.4996,-4.6799, 0.0781, 0.0904,0
 0.0271, 0.0000, 0.2324, 3.1415,-0.4577, 7.5317, 4.6799, 0.0954, 0.0912,0
 0.0230, 0.0000, 0.3047, 3.1415,-0.4189, 7.2868,-4.6799, 0.0583, 0.0919,0
 0.0185, 0.0000, 0.3769, 3.1415,-0.4415, 7.2379,-4.6799, 0.0657, 0.0926,0
 0.0142, 0.0000, 0.4461, 3.1415,-0.4339, 6.9767,-4.6799, 0.0336, 0.0933,0
 0.0100, 0.0000, 0.5152, 3.1415,-0.4263, 6.9245,-4.6799, 0.0464, 0.0940,0
 0.0059, 0.0000, 0.5811, 3.1415,-0.4126, 6.6627,-4.6799, 0.0213, 0.0947,0
 0.0018, 0.0000, 0.6471, 3.1415,-0.4099, 6.6104,-4.6799, 0.0388, 0.0955,0
-0.0023, 0.0000, 0.7099, 3.1415,-0.4154, 6.3486,-4.6799, 0.0196, 0.0962,0
-0.0062, 0.0000, 0.7728, 3.1415,-0.3983, 6.2962,-4.6799, 0.0408, 0.0969,0
-0.0103, 0.0000, 0.8325, 3.1415,-0.4070, 6.0344,-4.6799, 0.0265, 0.0976,0
-0.0143, 0.0000, 0.8890, 3.1415,-0.3967, 5.7307,-4.6799, 0.0072, 0.0983,0
-0.0181, 0.0000, 0.9424, 3.1415,-0.3825, 5.4187,-4.6799,-0.0110, 0.0991,0
-0.0220, 0.0000, 0.9958, 3.1415,-0.3917, 5.3563,-4.6799, 0.0111, 0.0998,0
-0.0258, 0.0000, 1.0461, 3.1415,-0.3815, 5.0925,-4.6799, 0.0033, 0.1005,0
-0.0297, 0.0000, 1.0901, 3.1415,-0.3855, 4.5370,-4.6799,-0.0438, 0.1012,0
-0.0337, 0.0000, 1.1341, 3.1415,-0.3984, 4.4259,-4.6799,-0.0294, 0.1019,0
-0.0376, 0.0000, 1.1780, 3.1415,-0.3949, 4.4037,-4.6799,-0.0032, 0.1026,0
-0.0416, 0.0000, 1.2157, 3.1415,-0.3942, 3.8966,-4.6799,-0.0370, 0.1034,0
-0.0457, 0.0000, 1.2503, 3.1415,-0.4062, 3.5439,-4.6799,-0.0503, 0.1041,0
-0.0497, 0.0000, 1.2849, 3.1415,-0.4026, 3.4733,-4.6799,-0.0336, 0.1048,0
-0.0538, 0.0000, 1.3163, 3.1415,-0.4079, 3.2079,-4.6799,-0.0366, 0.1055,0
-0.0582, 0.0000, 1.3446, 3.1415,-0.4332, 2.9035,-4.6799,-0.0430, 0.1062,0
-0.0625, 0.0000, 1.3697, 3.1415,-0.4322, 2.5913,-4.6799,-0.0494, 0.1070,0
-0.0670, 0.0000, 1.3885, 3.1415,-0.4441, 2.0262,-4.6799,-0.0726, 0.1077,0
-0.0716, 0.0000, 1.4074, 3.1415,-0.4587, 1.9132,-2.4702,-0.0655, 0.1084,0
-0.0761, 0.0000, 1.4231, 3.1415,-0.4555, 1.6392, 0.1909,-0.0680, 0.1091,0
-0.0802, 0.0000, 1.4388, 3.1415,-0.4185, 1.5844, 1.9396,-0.0593, 0.1098,0
-0.0845, 0.0000, 1.4482, 3.1415,-0.4232, 1.0708, 4.3241,-0.0717, 0.1105,0
-0.0883, 0.0000, 1.4545, 3.1415,-0.3938, 0.7168, 4.6799,-0.0760, 0.1113,0
-0.0919, 0.0000, 1.4576, 3.1415,-0.3637, 0.3946, 4.6799,-0.0788, 0.1120,0
-0.0951, 0.0000, 1.4576, 3.1415,-0.3334, 0.0789, 4.6799,-0.0809, 0.1127,0
-0.0978, 0.0000, 1.4576, 3.1415,-0.2789, 0.0157, 4.6799,-0.0810, 0.1134,0
-0.1001, 0.0000, 1.4514, 3.1415,-0.2437,-0.4994, 4.6799,-0.0820, 0.1141,0
-0.1021, 0.0000, 1.4419, 3.1415,-0.2063,-0.8538, 4.6799,-0.0820, 0.1148,0
-0.1036, 0.0000, 1.4294, 3.1415,-0.1625,-1.1760, 4.6799,-0.0818, 0.1156,0
-0.1048, 0.0000, 1.4137, 3.1415,-0.1295,-1.4918, 4.6799,-0.0811, 0.1163,0
-0.1055, 0.0000, 1.3948, 3.1415,-0.0744,-1.8063, 4.6799,-0.0800, 0.1170,0
-0.1058, 0.0000, 1.3728, 3.1415,-0.0451,-2.1205, 4.6799,-0.0782, 0.1177,0
-0.1058, 0.0000, 1.3477, 3.1415,-0.0029,-2.4347, 4.6799,-0.0758, 0.1184,0
-0.1054, 0.0000, 1.3194, 3.1415, 0.0297,-2.7488, 4.6799,-0.0727, 0.1192,0
-0.1048, 0.0000, 1.2911, 3.1415, 0.0544,-2.8117, 4.6799,-0.0874, 0.1199,0
-0.1038, 0.0000, 1.2566, 3.1415, 0.0897,-3.3269, 4.6799,-0.0669, 0.1206,0
-0.1024, 0.0000, 1.2189, 3.1415, 0.1270,-3.6813, 4.6799,-0.0577, 0.1213,0
-0.1009, 0.0000, 1.1780, 3.1415, 0.1466,-4.0035, 4.6799,-0.0504, 0.1220,0
-0.0990, 0.0000, 1.1341, 3.1415, 0.1809,-4.3192, 4.6799,-0.0425, 0.1227,0
-0.0967, 0.0000, 1.0869, 3.1415, 0.2180,-4.6337, 4.6799,-0.0334, 0.1235,0
-0.0942, 0.0000, 1.0367, 3.1415, 0.2437,-4.9479, 4.6799,-0.0227, 0.1242,0
-0.0913, 0.0000, 0.9833, 3.1415, 0.2852,-5.2621, 4.6799,-0.0103, 0.1249,0
-0.0880, 0.0000, 0.9267, 3.1415, 0.3177,-5.5763, 4.6799, 0.0041, 0.1256,0
-0.0843, 0.0000, 0.8670, 3.1415, 0.3606,-5.8904, 4.6799, 0.0211, 0.1263,0
-0.0803, 0.0000, 0.8042, 3.1415, 0.3934,-6.2046, 4.6799, 0.0408, 0.1271,0
-0.0758, 0.0000, 0.7382, 3.1415, 0.4364,-6.5188, 4.6799, 0.0638, 0.1278,0
-0.0710, 0.0000, 0.6691, 3.1415, 0.4753,-6.8329, 4.6799, 0.0904, 0.1285,0
-0.0657, 0.0000, 0.5969, 3.1415, 0.5134,-7.1471, 2.7811, 0.1212, 0.1292,0
-0.0601, 0.0000, 0.5246, 3.1415, 0.5513,-7.2099, 4.6799, 0.1062, 0.1299,0
-0.0541, 0.0000, 0.4492, 3.1415, 0.5953,-7.4738,-4.6799, 0.1351, 0.1306,0
-0.0485, 0.0000, 0.3707, 3.1415, 0.5616,-7.7779,-4.6799, 0.1776, 0.1314,0
-0.0428, 0.0000, 0.2921, 3.1415, 0.5731,-7.8387,-4.6799, 0.1725, 0.1321,0
-0.0371, 0.0000, 0.2136, 3.1415, 0.5693,-7.8509,-4.6799, 0.1611, 0.1328,0
-0.0319, 0.0000, 0.1350, 3.1415, 0.5261,-7.8533,-4.6799, 0.1519, 0.1335,0
-0.0269, 0.0000, 0.0565, 3.1415, 0.5114,-7.8538,-4.6799, 0.1466, 0.1342,0
-0.0225, 0.0000,-0.0188, 3.1415, 0.4479,-7.6026, 4.6799, 0.0912, 0.1350,0
-0.0175, 0.0000,-0.0942, 3.1415, 0.4897,-7.5523, 4.6799, 0.0836, 0.1357,0
-0.0131, 0.0000,-0.1727, 3.1415, 0.4496,-7.7936,-4.6799, 0.1429, 0.1364,0
-0.0095, 0.0000,-0.2481, 3.1415, 0.3809,-7.5905, 4.6799, 0.1105, 0.1371,0
-0.0050, 0.0000,-0.3204, 3.1415, 0.4339,-7.2986, 4.6799, 0.0642, 0.1378,0
-0.0009, 0.0000,-0.3926, 3.1415, 0.4142,-7.2402, 4.6799, 0.0704, 0.1385,0
 0.0032, 0.0000,-0.4618, 3.1415, 0.4223,-6.9772, 4.6799, 0.0386, 0.1393,0
 0.0068, 0.0000,-0.5340, 3.1415, 0.3755,-7.1759, 4.6799, 0.1028, 0.1400,0
 0.0106, 0.0000,-0.6000, 3.1415, 0.3782,-6.7130, 4.6799, 0.0382, 0.1407,0
 0.0144, 0.0000,-0.6660, 3.1415, 0.3788,-6.6204, 4.6799, 0.0490, 0.1414,0
 0.0185, 0.0000,-0.7319, 3.1415, 0.4031,-6.6019, 4.6799, 0.0760, 0.1421,0
 0.0222, 0.0000,-0.7916, 3.1415, 0.3716,-6.0956, 4.6799, 0.0156, 0.1429,0
 0.0257, 0.0000,-0.8513, 3.1415, 0.3593,-5.9943, 4.6799, 0.0298, 0.1436,0
 0.0294, 0.0000,-0.9110, 3.1415, 0.3629,-5.9740, 4.6799, 0.0595, 0.1443,0
 0.0330, 0.0000,-0.9644, 3.1415, 0.3636,-5.4673, 4.6799, 0.0092, 0.1450,0
 0.0368, 0.0000,-1.0178, 3.1415, 0.3758,-5.3660, 4.6799, 0.0259, 0.1457,0
 0.0402, 0.0000,-1.0681, 3.1415, 0.3480,-5.0944, 4.6799, 0.0174, 0.1464,0
 0.0437, 0.0000,-1.1121, 3.1415, 0.3485,-4.5374, 4.6799,-0.0297, 0.1472,0
 0.0472, 0.0000,-1.1592, 3.1415, 0.3546,-4.6773, 4.6799, 0.0190, 0.1479,0
 0.0510, 0.0000,-1.2000, 3.1415, 0.3680,-4.2027, 4.6799,-0.0128, 0.1486,0
 0.0546, 0.0000,-1.2377, 3.1415, 0.3646,-3.8564, 4.6799,-0.0265, 0.1493,0
 0.0582, 0.0000,-1.2754, 3.1415, 0.3639,-3.7872, 4.6799,-0.0081, 0.1500,0
 0.0619, 0.0000,-1.3069, 3.1415, 0.3698,-3.2707, 4.6799,-0.0375, 0.1508,0
 0.0657, 0.0000,-1.3383, 3.1415, 0.3771,-3.1674, 4.6799,-0.0249, 0.1515,0
 0.0696, 0.0000,-1.3665, 3.1415, 0.3846,-2.8954, 4.6799,-0.0282, 0.1522,0
 0.0735, 0.0000,-1.3917, 3.1415, 0.3922,-2.5897, 4.6799,-0.0340, 0.1529,0
 0.0777, 0.0000,-1.4105, 3.1415, 0.4119,-2.0259, 4.6799,-0.0571, 0.1536,0
 0.0820, 0.0000,-1.4294, 3.1415, 0.4219,-1.9131, 2.2901,-0.0499, 0.1543,0
 0.0863, 0.0000,-1.4451, 3.1415, 0.4299,-1.6392,-0.7004,-0.0523, 0.1551,0
 0.0898, 0.0000,-1.4608, 3.1415, 0.3709,-1.5844,-2.2506,-0.0436, 0.1558,0
 0.0936, 0.0000,-1.4702, 3.1415, 0.3713,-1.0708,-4.6799,-0.0560, 0.1565,0
 0.0973, 0.0000,-1.4765, 3.1415, 0.3713,-0.7168,-4.6799,-0.0603, 0.1572,0
 0.1005, 0.0000,-1.4796, 3.1415, 0.3349,-0.3946,-4.6799,-0.0631, 0.1579,0
 0.1035, 0.0000,-1.4796, 3.1415, 0.3034,-0.0789,-4.6799,-0.0652, 0.1587,0
 0.1061, 0.0000,-1.4765, 3.1415, 0.2729, 0.2355,-4.6799,-0.0668, 0.1594,0
 0.1083, 0.0000,-1.4702, 3.1415, 0.2243, 0.5497,-4.6799,-0.0678, 0.1601,0
 0.1101, 0.0000,-1.4639, 3.1415, 0.1903, 0.6126,-4.6799,-0.0713, 0.1608,0
 0.1115, 0.0000,-1.4514, 3.1415, 0.1532, 1.1278,-4.6799,-0.0677, 0.1615,0
 0.1125, 0.0000,-1.4357, 3.1415, 0.1094, 1.4822,-4.6799,-0.0659, 0.1622,0
 0.1132, 0.0000,-1.4168, 3.1415, 0.0764, 1.8044,-4.6799,-0.0645, 0.1630,0
 0.1134, 0.0000,-1.3948, 3.1415, 0.0334, 2.1201,-4.6799,-0.0627, 0.1637,0
 0.1132, 0.0000,-1.3697, 3.1415,-0.0114, 2.4346,-4.6799,-0.0604, 0.1644,0
 0.1126, 0.0000,-1.3414, 3.1415,-0.0508, 2.7488,-4.6799,-0.0574, 0.1651,0
 0.1117, 0.0000,-1.3131, 3.1415,-0.0768, 2.8117,-4.6799,-0.0722, 0.1658,0
 0.1104, 0.0000,-1.2786, 3.1415,-0.1245, 3.3269,-4.6799,-0.0518, 0.1666,0
 0.1089, 0.0000,-1.2409, 3.1415,-0.1401, 3.6813,-4.6799,-0.0428, 0.1673,0
 0.1070, 0.0000,-1.2000, 3.1415,-0.1796, 4.0035,-4.6799,-0.0357, 0.1680,0
 0.1046, 0.0000,-1.1561, 3.1415,-0.2299, 4.3192,-4.6799,-0.0281, 0.1687,0
 0.1020, 0.0000,-1.1089, 3.1415,-0.2582, 4.6337,-4.6799,-0.0193, 0.1694,0
 0.0990, 0.0000,-1.0587, 3.1415,-0.2881, 4.9479,-4.6799,-0.0091, 0.1701,0
 0.0957, 0.0000,-1.0053, 3.1415,-0.3244, 5.2621,-4.6799, 0.0028, 0.1709,0
 0.0919, 0.0000,-0.9487, 3.1415,-0.3680, 5.5763,-4.6799, 0.0169, 0.1716,0
 0.0879, 0.0000,-0.8890, 3.1415,-0.3949, 5.8904,-4.6799, 0.0332, 0.1723,0
 0.0835, 0.0000,-0.8262, 3.1415,-0.4306, 6.2046,-4.6799, 0.0523, 0.1730,0
 0.0786, 0.0000,-0.7602, 3.1415,-0.4741, 6.5188,-4.6799, 0.0745, 0.1737,0
 0.0732, 0.0000,-0.6911, 3.1415,-0.5313, 6.8329,-4.6799, 0.1003, 0.1745,0
 0.0675, 0.0000,-0.6188, 3.1415,-0.5610, 7.1471,-4.6799, 0.1302, 0.1752,0
 0.0614, 0.0000,-0.5434, 3.1415,-0.5972, 7.4612,-4.6799, 0.1647, 0.1759,0
 0.0549, 0.0000,-0.4680, 3.1415,-0.6409, 7.5241,-4.6799, 0.1517, 0.1766,0
 0.0481, 0.0000,-0.3864, 3.1415,-0.6738, 8.0393, 4.6799, 0.2396, 0.1773,0
 0.0419, 0.0000,-0.3047, 3.1415,-0.6259, 8.1423, 4.6799, 0.2431, 0.1780,0
 0.0354, 0.0000,-0.2261, 3.1415,-0.6466, 7.9116, 0.4462, 0.1765, 0.1788,0
 0.0290, 0.0000,-0.1445, 3.1415,-0.6447, 8.1168, 4.6799, 0.2117, 0.1795,0
 0.0229, 0.0000,-0.0628, 3.1415,-0.6140, 8.1578, 4.6799, 0.2150, 0.1802,0
 0.0174, 0.0000, 0.0157, 3.1415,-0.5654, 7.9147,-4.6799, 0.1590, 0.1809,0
 0.0113, 0.0000, 0.0911, 3.1415,-0.5981, 7.6148,-4.6799, 0.0966, 0.1816,0
 0.0058, 0.0000, 0.1696, 3.1415,-0.5622, 7.8061,-4.6799, 0.1453, 0.1824,0
 0.0003, 0.0000, 0.2481, 3.1415,-0.5550, 7.8444,-4.6799, 0.1653, 0.1831,0
-0.0053, 0.0000, 0.3267, 3.1415,-0.5657, 7.8520, 2.8211, 0.1830, 0.1838,0
-0.0100, 0.0000, 0.4021, 3.1415,-0.4890, 7.6022,-4.6799, 0.1483, 0.1845,0
-0.0154, 0.0000, 0.4775, 3.1415,-0.5283, 7.5523,-4.6799, 0.1607, 0.1852,0
-0.0206, 0.0000, 0.5466, 3.1415,-0.5179, 7.0396,-4.6799, 0.0803, 0.1859,0
-0.0252, 0.0000, 0.6188, 3.1415,-0.4734, 7.1884,-4.6799, 0.1385, 0.1867,0
-0.0300, 0.0000, 0.6848, 3.1415,-0.4827, 6.7155,-4.6799, 0.0752, 0.1874,0
-0.0349, 0.0000, 0.7508, 3.1415,-0.4846, 6.6209,-4.6799, 0.0887, 0.1881,0
-0.0394, 0.0000, 0.8168, 3.1415,-0.4546, 6.6020,-4.6799, 0.1186, 0.1888,0
-0.0440, 0.0000, 0.8765, 3.1415,-0.4607, 6.0956,-4.6799, 0.0607, 0.1895,0
-0.0485, 0.0000, 0.9361, 3.1415,-0.4559, 5.9943,-4.6799, 0.0773, 0.1902,0
-0.0530, 0.0000, 0.9927, 3.1415,-0.4489, 5.7227,-4.6799, 0.0661, 0.1910,0
-0.0573, 0.0000, 1.0461, 3.1415,-0.4353, 5.4171,-4.6799, 0.0511, 0.1917,0
-0.0617, 0.0000, 1.0964, 3.1415,-0.4387, 5.1046,-4.6799, 0.0367, 0.1924,0
-0.0662, 0.0000, 1.1466, 3.1415,-0.4454, 5.0421,-4.6799, 0.0604, 0.1931,0
-0.0704, 0.0000, 1.1906, 3.1415,-0.4286, 4.5270,-4.6799, 0.0204, 0.1938,0
-0.0747, 0.0000, 1.2346, 3.1415,-0.4252, 4.4239,-4.6799, 0.0371, 0.1946,0
-0.0792, 0.0000, 1.2723, 3.1415,-0.4488, 3.9007,-4.6799, 0.0018, 0.1953,0
-0.0836, 0.0000, 1.3100, 3.1415,-0.4414, 3.7960,-4.6799, 0.0166, 0.1960,0
-0.0880, 0.0000, 1.3446, 3.1415,-0.4399, 3.5238,-4.6799, 0.0127, 0.1967,0
-0.0926, 0.0000, 1.3760, 3.1415,-0.4517, 3.2180,-4.6799, 0.0059, 0.1974,0
-0.0972, 0.0000, 1.4042, 3.1415,-0.4602, 2.9055,-4.6799,-0.0008, 0.1981,0
-0.1020, 0.0000, 1.4325, 3.1415,-0.4740, 2.8430,-4.3457, 0.0142, 0.1989,0
-0.1067, 0.0000, 1.4545, 3.1415,-0.4707, 2.3279,-0.7688,-0.0074, 0.1996,0
-0.1114, 0.0000, 1.4734, 3.1415,-0.4700, 1.9735, 2.8717,-0.0152, 0.2003,0
-0.1158, 0.0000, 1.4922, 3.1415,-0.4456, 1.9026, 4.6799,-0.0056, 0.2010,0
-0.1199, 0.0000, 1.5048, 3.1415,-0.4226, 1.3858, 4.6799,-0.0204, 0.2017,0
-0.1238, 0.0000, 1.5142, 3.1415,-0.3937, 1.0311, 4.6799,-0.0256, 0.2025,0
-0.1274, 0.0000, 1.5205, 3.1415,-0.3637, 0.7088, 4.6799,-0.0290, 0.2032,0
-0.1305, 0.0000, 1.5268, 3.1415,-0.3274, 0.6444, 4.6799,-0.0257, 0.2039,0
-0.1333, 0.0000, 1.5268, 3.1415,-0.2898, 0.1288, 4.6799,-0.0313, 0.2046,0
-0.1357, 0.0000, 1.5268, 3.1415,-0.2459, 0.0257, 4.6799,-0.0315, 0.2053,0
-0.1377, 0.0000, 1.5205, 3.1415,-0.2068,-0.4975, 4.6799,-0.0326, 0.2060,0
-0.1393, 0.0000, 1.5111, 3.1415,-0.1686,-0.8534, 4.6799,-0.0326, 0.2068,0
-0.1405, 0.0000, 1.5016, 3.1415,-0.1307,-0.9246, 4.6799,-0.0376, 0.2075,0
-0.1412, 0.0000, 1.4859, 3.1415,-0.0867,-1.4415, 4.6799,-0.0317, 0.2082,0
-0.1416, 0.0000, 1.4702, 3.1415,-0.0476,-1.5449, 4.6799,-0.0386, 0.2089,0
-0.1415, 0.0000, 1.4482, 3.1415,-0.0034,-2.0682, 4.6799,-0.0278, 0.2096,0
-0.1412, 0.0000, 1.4262, 3.1415, 0.0235,-2.1729, 4.6799,-0.0373, 0.2104,0
-0.1405, 0.0000, 1.3980, 3.1415, 0.0592,-2.6965, 4.6799,-0.0216, 0.2111,0
-0.1396, 0.0000, 1.3697, 3.1415, 0.0906,-2.8012, 4.6799,-0.0335, 0.2118,0
-0.1384, 0.0000, 1.3351, 3.1415, 0.1090,-3.3248, 4.6799,-0.0128, 0.2125,0
-0.1369, 0.0000, 1.3006, 3.1415, 0.1430,-3.4295, 4.6799,-0.0269, 0.2132,0
-0.1349, 0.0000, 1.2597, 3.1415, 0.1862,-3.9531, 4.6799,-0.0009, 0.2139,0
-0.1327, 0.0000, 1.2189, 3.1415, 0.2130,-4.0578, 4.6799,-0.0169, 0.2147,0
-0.1304, 0.0000, 1.1718, 3.1415, 0.2305,-4.5814, 4.6799, 0.0148, 0.2154,0
-0.1276, 0.0000, 1.1246, 3.1415, 0.2704,-4.6862, 4.6799,-0.0023, 0.2161,0
-0.1245, 0.0000, 1.0712, 3.1415, 0.3026,-5.2098, 4.6799, 0.0360, 0.2168,0
-0.1211, 0.0000, 1.0178, 3.1415, 0.3333,-5.3145, 4.6799, 0.0182, 0.2175,0
-0.1171, 0.0000, 0.9613, 3.1415, 0.3819,-5.5867, 4.6799, 0.0259, 0.2183,0
-0.1128, 0.0000, 0.8984, 3.1415, 0.4220,-6.1439, 4.6799, 0.0812, 0.2190,0
-0.1082, 0.0000, 0.8325, 3.1415, 0.4542,-6.5066, 4.6799, 0.1094, 0.2197,0
-0.1033, 0.0000, 0.7665, 3.1415, 0.4849,-6.5792, 4.6799, 0.0887, 0.2204,0
-0.0978, 0.0000, 0.6942, 3.1415, 0.5335,-7.0963, 4.6799, 0.1531, 0.2211,0
-0.0920, 0.0000, 0.6220, 3.1415, 0.5735,-7.1998, 4.6799, 0.1421, 0.2218,0
-0.0857, 0.0000, 0.5434, 3.1415, 0.6119,-7.7231,-4.6799, 0.2204, 0.2226,0
-0.0801, 0.0000, 0.4680, 3.1415, 0.5771,-7.5764, 4.6799, 0.1627, 0.2233,0
-0.0732, 0.0000, 0.3895, 3.1415, 0.6671,-7.7984, 4.6799, 0.1871, 0.2240,0
-0.0663, 0.0000, 0.3047, 3.1415, 0.6852,-8.3455,-4.6799, 0.2900, 0.2247,0
-0.0604, 0.0000, 0.2230, 3.1415, 0.6099,-8.2036,-4.6799, 0.2418, 0.2254,0
-0.0538, 0.0000, 0.1413, 3.1415, 0.6495,-8.1752,-1.3110, 0.2247, 0.2262,0
-0.0479, 0.0000, 0.0596, 3.1415, 0.6028,-8.1695, 4.6799, 0.2175, 0.2269,0
-0.0414, 0.0000,-0.0219, 3.1415, 0.6359,-8.1684, 4.6799, 0.2162, 0.2276,0
-0.0352, 0.0000,-0.1036, 3.1415, 0.6243,-8.1681, 4.6799, 0.2198, 0.2283,0
-0.0292, 0.0000,-0.1853, 3.1415, 0.6038,-8.1681,-1.4021, 0.2282, 0.2290,0
-0.0240, 0.0000,-0.2638, 3.1415, 0.5391,-7.9168, 4.6799, 0.1842, 0.2297,0
-0.0179, 0.0000,-0.3424, 3.1415, 0.5928,-7.8665, 4.6799, 0.1899, 0.2305,0
-0.0121, 0.0000,-0.4209, 3.1415, 0.5854,-7.8564, 4.6799, 0.2087, 0.2312,0
-0.0068, 0.0000,-0.4963, 3.1415, 0.5354,-7.6031, 4.6799, 0.1778, 0.2319,0
-0.0012, 0.0000,-0.5717, 3.1415, 0.5557,-7.5524, 4.6799, 0.1946, 0.2326,0
 0.0041, 0.0000,-0.6440, 3.1415, 0.5477,-7.2910, 4.6799, 0.1699, 0.2333,0
 0.0092, 0.0000,-0.7162, 3.1415, 0.5157,-7.2387, 4.6799, 0.1919, 0.2341,0
 0.0140, 0.0000,-0.7822, 3.1415, 0.4912,-6.7256, 4.6799, 0.1239, 0.2348,0
 0.0194, 0.0000,-0.8482, 3.1415, 0.5226,-6.6230, 4.6799, 0.1392, 0.2355,0
 0.0241, 0.0000,-0.9110, 3.1415, 0.4804,-6.3511, 4.6799, 0.1245, 0.2362,0
 0.0288, 0.0000,-0.9738, 3.1415, 0.4720,-6.2967, 4.6799, 0.1514, 0.2369,0
 0.0335, 0.0000,-1.0304, 3.1415, 0.4763,-5.7832, 4.6799, 0.0988, 0.2376,0
 0.0381, 0.0000,-1.0869, 3.1415, 0.4590,-5.6805, 4.6799, 0.1177, 0.2384,0
 0.0427, 0.0000,-1.1372, 3.1415, 0.4616,-5.1573, 4.6799, 0.0707, 0.2391,0
 0.0469, 0.0000,-1.1875, 3.1415, 0.4318,-5.0527, 4.6799, 0.0888, 0.2398,0
 0.0517, 0.0000,-1.2346, 3.1415, 0.4683,-4.7804, 4.6799, 0.0830, 0.2405,0
 0.0563, 0.0000,-1.2786, 3.1415, 0.4574,-4.4746, 4.6799, 0.0734, 0.2412,0
 0.0608, 0.0000,-1.3194, 3.1415, 0.4552,-4.1621, 4.6799, 0.0639, 0.2420,0
 0.0652, 0.0000,-1.3603, 3.1415, 0.4427,-4.0996, 4.6799, 0.0852, 0.2427,0
 0.0697, 0.0000,-1.3948, 3.1415, 0.4462,-3.5845, 4.6799, 0.0542, 0.2434,0
 0.0745, 0.0000,-1.4262, 3.1415, 0.4712,-3.2301, 4.6799, 0.0426, 0.2441,0
 0.0792, 0.0000,-1.4545, 3.1415, 0.4762,-2.9079, 4.6799, 0.0351, 0.2448,0
 0.0839, 0.0000,-1.4828, 3.1415, 0.4651,-2.8435, 0.7519, 0.0501, 0.2455,0
 0.0886, 0.0000,-1.5048, 3.1415, 0.4750,-2.3280,-2.9402, 0.0285, 0.2463,0
 0.0928, 0.0000,-1.5268, 3.1415, 0.4284,-2.2248,-4.6799, 0.0377, 0.2470,0
 0.0974, 0.0000,-1.5425, 3.1415, 0.4555,-1.7016,-4.6799, 0.0202, 0.2477,0
 0.1011, 0.0000,-1.5582, 3.1415, 0.3882,-1.5969,-4.6799, 0.0266, 0.2484,0
 0.1050, 0.0000,-1.5707, 3.1415, 0.3868,-1.3246,-4.6799, 0.0245, 0.2491,0
 0.1083, 0.0000,-1.5770, 3.1415, 0.3441,-0.7675,-4.6799, 0.0127, 0.2499,0
 0.1111, 0.0000,-1.5833, 3.1415, 0.2871,-0.6561,-4.6799, 0.0150, 0.2506,0
 0.1138, 0.0000,-1.5865, 3.1415, 0.2757,-0.3825,-4.6799, 0.0133, 0.2513,0
 0.1161, 0.0000,-1.5865, 3.1415, 0.2370,-0.0765,-4.6799, 0.0113, 0.2520,0
 0.1177, 0.0000,-1.5802, 3.1415, 0.1808, 0.4873,-4.6799, 0.0100, 0.2527,0
 0.1193, 0.0000,-1.5739, 3.1415, 0.1634, 0.6001,-4.6799, 0.0072, 0.2534,0
 0.1204, 0.0000,-1.5645, 3.1415, 0.1175, 0.8740,-4.6799, 0.0061, 0.2542,0
 0.1211, 0.0000,-1.5519, 3.1415, 0.0841, 1.1801,-4.6799, 0.0059, 0.2549,0
 0.1218, 0.0000,-1.5362, 3.1415, 0.0714, 1.4926,-4.6799, 0.0063, 0.2556,0
 0.1219, 0.0000,-1.5173, 3.1415, 0.0203, 1.8065,-4.6799, 0.0073, 0.2563,0
 0.1217, 0.0000,-1.4953, 3.1415,-0.0141, 2.1205,-4.6799, 0.0088, 0.2570,0
 0.1212, 0.0000,-1.4702, 3.1415,-0.0392, 2.4347,-4.6799, 0.0109, 0.2577,0
 0.1206, 0.0000,-1.4419, 3.1415,-0.0563, 2.7488,-4.6799, 0.0135, 0.2585,0
 0.1195, 0.0000,-1.4105, 3.1415,-0.0961, 3.0630,-4.6799, 0.0167, 0.2592,0
 0.1183, 0.0000,-1.3791, 3.1415,-0.1162, 3.1258,-4.6799, 0.0000, 0.2599,0
 0.1170, 0.0000,-1.3414, 3.1415,-0.1263, 3.6411,-4.6799, 0.0223, 0.2606,0
 0.1152, 0.0000,-1.3006, 3.1415,-0.1707, 3.9954,-4.6799, 0.0318, 0.2613,0
 0.1131, 0.0000,-1.2566, 3.1415,-0.2039, 4.3176,-4.6799, 0.0390, 0.2621,0
 0.1107, 0.0000,-1.2095, 3.1415,-0.2348, 4.6334,-4.6799, 0.0467, 0.2628,0
 0.1079, 0.0000,-1.1592, 3.1415,-0.2713, 4.9479,-4.6799, 0.0554, 0.2635,0
 0.1047, 0.0000,-1.1058, 3.1415,-0.3089, 5.2621,-4.6799, 0.0656, 0.2642,0
 0.1011, 0.0000,-1.0492, 3.1415,-0.3467, 5.5763,-4.6799, 0.0775, 0.2649,0
 0.0973, 0.0000,-0.9896, 3.1415,-0.3785, 5.8904,-4.6799, 0.0915, 0.2656,0
 0.0930, 0.0000,-0.9267, 3.1415,-0.4152, 6.2046,-4.6799, 0.1078, 0.2664,0
 0.0882, 0.0000,-0.8607, 3.1415,-0.4711, 6.5188,-4.6799, 0.1268, 0.2671,0
 0.0830, 0.0000,-0.7916, 3.1415,-0.5065, 6.8329,-4.6799, 0.1490, 0.2678,0
 0.0775, 0.0000,-0.7194, 3.1415,-0.5439, 7.1471,-4.6799, 0.1750, 0.2685,0
 0.0715, 0.0000,-0.6440, 3.1415,-0.5877, 7.4612,-4.6799, 0.2051, 0.2692,0
 0.0651, 0.0000,-0.5654, 3.1415,-0.6329, 7.7754,-4.6799, 0.2400, 0.2700,0
 0.0583, 0.0000,-0.4869, 3.1415,-0.6662, 7.8382,-4.6799, 0.2255, 0.2707,0
 0.0513, 0.0000,-0.4021, 3.1415,-0.6971, 8.3534, 4.6799, 0.3161, 0.2714,0
 0.0448, 0.0000,-0.3173, 3.1415,-0.6548, 8.4565, 4.6799, 0.3189, 0.2721,0
 0.0378, 0.0000,-0.2324, 3.1415,-0.6948, 8.4771, 4.6799, 0.3072, 0.2728,0
 0.0311, 0.0000,-0.1476, 3.1415,-0.6725, 8.4812, 4.6799, 0.2967, 0.2735,0
 0.0247, 0.0000,-0.0628, 3.1415,-0.6498, 8.4820, 4.6799, 0.2905, 0.2743,0
 0.0190, 0.0000, 0.0188, 3.1415,-0.5847, 8.2309,-4.6799, 0.2305, 0.2750,0
 0.0130, 0.0000, 0.1005, 3.1415,-0.5959, 8.1806,-4.6799, 0.2224, 0.2757,0
 0.0070, 0.0000, 0.1822, 3.1415,-0.5981, 8.1706,-4.6799, 0.2284, 0.2764,0
 0.0012, 0.0000, 0.2607, 3.1415,-0.5804, 7.9173,-4.6799, 0.1837, 0.2771,0
-0.0043, 0.0000, 0.3424, 3.1415,-0.5708, 8.1179,-4.6799, 0.2462, 0.2779,0
-0.0103, 0.0000, 0.4209, 3.1415,-0.5871, 7.9067,-4.6799, 0.2198, 0.2786,0
-0.0158, 0.0000, 0.4995, 3.1415,-0.5600, 7.8645,-4.6799, 0.2355, 0.2793,0
-0.0215, 0.0000, 0.5780, 3.1415,-0.5667, 7.8560,-4.6799, 0.2626, 0.2800,0
-0.0272, 0.0000, 0.6534, 3.1415,-0.5681, 7.6030,-4.6799, 0.2391, 0.2807,0
-0.0325, 0.0000, 0.7257, 3.1415,-0.5380, 7.3011,-4.6799, 0.2091, 0.2814,0
-0.0378, 0.0000, 0.7948, 3.1415,-0.5320, 6.9894,-4.6799, 0.1809, 0.2822,0
-0.0433, 0.0000, 0.8639, 3.1415,-0.5490, 6.9270,-4.6799, 0.2054, 0.2829,0
-0.0484, 0.0000, 0.9267, 3.1415,-0.5160, 6.4119,-4.6799, 0.1444, 0.2836,0
-0.0535, 0.0000, 0.9896, 3.1415,-0.5094, 6.3089,-4.6799, 0.1629, 0.2843,0
-0.0585, 0.0000, 1.0492, 3.1415,-0.5081, 6.0370,-4.6799, 0.1524, 0.2850,0
-0.0635, 0.0000, 1.1089, 3.1415,-0.5018, 5.9826,-4.6799, 0.1811, 0.2858,0
-0.0685, 0.0000, 1.1623, 3.1415,-0.4944, 5.4690,-4.6799, 0.1335, 0.2865,0
-0.0735, 0.0000, 1.2126, 3.1415,-0.4990, 5.1150,-4.6799, 0.1145, 0.2872,0
-0.0782, 0.0000, 1.2629, 3.1415,-0.4818, 5.0442,-4.6799, 0.1386, 0.2879,0
-0.0832, 0.0000, 1.3100, 3.1415,-0.4965, 4.7787,-4.6799, 0.1345, 0.2886,0
-0.0882, 0.0000, 1.3540, 3.1415,-0.4994, 4.4743,-4.6799, 0.1258, 0.2893,0
-0.0932, 0.0000, 1.3917, 3.1415,-0.4940, 3.9108,-4.6799, 0.0862, 0.2901,0
-0.0982, 0.0000, 1.4294, 3.1415,-0.4989, 3.7980,-4.6799, 0.1007, 0.2908,0
-0.1033, 0.0000, 1.4639, 3.1415,-0.5060, 3.5242,-4.6799, 0.0973, 0.2915,0
-0.1084, 0.0000, 1.4953, 3.1415,-0.5135, 3.2181, 0.9985, 0.0908, 0.2922,0
-0.1130, 0.0000, 1.5268, 3.1415,-0.4665, 3.1568, 4.6799, 0.1079, 0.2929,0
-0.1176, 0.0000, 1.5519, 3.1415,-0.4631, 2.6420, 4.6799, 0.0841, 0.2937,0
-0.1219, 0.0000, 1.5739, 3.1415,-0.4382, 2.2876, 4.6799, 0.0755, 0.2944,0
-0.1258, 0.0000, 1.5927, 3.1415,-0.4029, 1.9654, 4.6799, 0.0698, 0.2951,0
-0.1294, 0.0000, 1.6084, 3.1415,-0.3655, 1.6497, 4.6799, 0.0651, 0.2958,0
-0.1325, 0.0000, 1.6210, 3.1415,-0.3217, 1.3352, 4.6799, 0.0610, 0.2965,0
-0.1352, 0.0000, 1.6336, 3.1415,-0.2826, 1.2723, 4.6799, 0.0677, 0.2972,0
-0.1377, 0.0000, 1.6399, 3.1415,-0.2505, 0.7571, 4.6799, 0.0576, 0.2980,0
-0.1396, 0.0000, 1.6461, 3.1415,-0.2077, 0.6540, 4.6799, 0.0600, 0.2987,0
-0.1412, 0.0000, 1.6461, 3.1415,-0.1688, 0.1308, 4.6799, 0.0543, 0.2994,0
-0.1425, 0.0000, 1.6461, 3.1415,-0.1368, 0.0261, 4.6799, 0.0541, 0.3001,0
-0.1433, 0.0000, 1.6399, 3.1415,-0.0940,-0.4974, 4.6799, 0.0530, 0.3008,0
-0.1439, 0.0000, 1.6336, 3.1415,-0.0612,-0.6021, 4.6799, 0.0501, 0.3016,0
-0.1439, 0.0000, 1.6242, 3.1415,-0.0122,-0.8743, 4.6799, 0.0490, 0.3023,0
-0.1437, 0.0000, 1.6116, 3.1415, 0.0096,-1.1801, 4.6799, 0.0488, 0.3030,0
-0.1433, 0.0000, 1.5959, 3.1415, 0.0322,-1.4926, 4.6799, 0.0492, 0.3037,0
-0.1427, 0.0000, 1.5770, 3.1415, 0.0549,-1.8065, 4.6799, 0.0502, 0.3044,0
-0.1419, 0.0000, 1.5550, 3.1415, 0.0776,-2.1205, 4.6799, 0.0516, 0.3051,0
-0.1408, 0.0000, 1.5299, 3.1415, 0.1004,-2.4347, 4.6799, 0.0536, 0.3059,0
-0.1396, 0.0000, 1.5016, 3.1415, 0.1231,-2.7488, 4.6799, 0.0561, 0.3066,0
-0.1380, 0.0000, 1.4702, 3.1415, 0.1519,-3.0630, 4.6799, 0.0592, 0.3073,0
-0.1361, 0.0000, 1.4357, 3.1415, 0.1759,-3.3772, 4.6799, 0.0629, 0.3080,0
-0.1341, 0.0000, 1.3980, 3.1415, 0.1988,-3.6913, 4.6799, 0.0673, 0.3087,0
-0.1318, 0.0000, 1.3571, 3.1415, 0.2277,-4.0055, 4.6799, 0.0723, 0.3095,0
-0.1291, 0.0000, 1.3131, 3.1415, 0.2577,-4.3196, 4.6799, 0.0782, 0.3102,0
-0.1261, 0.0000, 1.2692, 3.1415, 0.2880,-4.3825, 4.6799, 0.0555, 0.3109,0
-0.1228, 0.0000, 1.2189, 3.1415, 0.3243,-4.8977, 4.6799, 0.0883, 0.3116,0
-0.1192, 0.0000, 1.1655, 3.1415, 0.3559,-5.2521, 4.6799, 0.1030, 0.3123,0
-0.1152, 0.0000, 1.1089, 3.1415, 0.3925,-5.5743, 4.6799, 0.1150, 0.3130,0
-0.1109, 0.0000, 1.0492, 3.1415, 0.4180,-5.8900, 4.6799, 0.1279, 0.3138,0
-0.1061, 0.0000, 0.9864, 3.1415, 0.4656,-6.2045, 4.6799, 0.1428, 0.3145,0
-0.1010, 0.0000, 0.9204, 3.1415, 0.5054,-6.5187, 4.6799, 0.1601, 0.3152,0
-0.0954, 0.0000, 0.8513, 3.1415, 0.5437,-6.8329, 4.6799, 0.1804, 0.3159,0
-0.0896, 0.0000, 0.7791, 3.1415, 0.5756,-7.1471, 4.6799, 0.2041, 0.3166,0
-0.0834, 0.0000, 0.7037, 3.1415, 0.6123,-7.4612, 4.6799, 0.2318, 0.3174,0
-0.0766, 0.0000, 0.6251, 3.1415, 0.6681,-7.7754, 4.6799, 0.2641, 0.3181,0
-0.0695, 0.0000, 0.5434, 3.1415, 0.6975,-8.0895, 4.6799, 0.3015, 0.3188,0
-0.0620, 0.0000, 0.4618, 3.1415, 0.7397,-8.1524, 4.6799, 0.2876, 0.3195,0
-0.0541, 0.0000, 0.3738, 3.1415, 0.7785,-8.6676,-4.6799, 0.3833, 0.3202,0
-0.0466, 0.0000, 0.2890, 3.1415, 0.7620,-8.5193,-4.6799, 0.3278, 0.3209,0
-0.0389, 0.0000, 0.2010, 3.1415, 0.7648,-8.7410,-4.6799, 0.3660, 0.3217,0
-0.0315, 0.0000, 0.1130, 3.1415, 0.7471,-8.7853,-4.6799, 0.3670, 0.3224,0
-0.0245, 0.0000, 0.0282, 3.1415, 0.7072,-8.5429, 4.6799, 0.3039, 0.3231,0
-0.0169, 0.0000,-0.0565, 3.1415, 0.7477,-8.4944, 4.6799, 0.2932, 0.3238,0
-0.0100, 0.0000,-0.1413, 3.1415, 0.7073,-8.4847, 4.6799, 0.2969, 0.3245,0
-0.0031, 0.0000,-0.2261, 3.1415, 0.6871,-8.4827, 4.6799, 0.3076, 0.3252,0
 0.0036, 0.0000,-0.3110, 3.1415, 0.6831,-8.4823,-0.7256, 0.3236, 0.3260,0
 0.0098, 0.0000,-0.3958, 3.1415, 0.6338,-8.4823,-4.6799, 0.3447, 0.3267,0
 0.0159, 0.0000,-0.4743, 3.1415, 0.6118,-7.9796, 4.6799, 0.2526, 0.3274,0
 0.0223, 0.0000,-0.5529, 3.1415, 0.6377,-7.8791, 4.6799, 0.2580, 0.3281,0
 0.0281, 0.0000,-0.6283, 3.1415, 0.5944,-7.6076, 4.6799, 0.2293, 0.3288,0
 0.0337, 0.0000,-0.7037, 3.1415, 0.5615,-7.5533, 4.6799, 0.2512, 0.3296,0
 0.0391, 0.0000,-0.7759, 3.1415, 0.5428,-7.2912, 4.6799, 0.2317, 0.3303,0
 0.0445, 0.0000,-0.8450, 3.1415, 0.5451,-6.9874, 4.6799, 0.2069, 0.3310,0
 0.0497, 0.0000,-0.9110, 3.1415, 0.5273,-6.6753, 4.6799, 0.1837, 0.3317,0
 0.0550, 0.0000,-0.9738, 3.1415, 0.5238,-6.3616, 4.6799, 0.1629, 0.3324,0
 0.0602, 0.0000,-1.0367, 3.1415, 0.5231,-6.2988, 4.6799, 0.1899, 0.3331,0
 0.0651, 0.0000,-1.0964, 3.1415, 0.4987,-6.0349, 4.6799, 0.1818, 0.3339,0
 0.0700, 0.0000,-1.1529, 3.1415, 0.4878,-5.7308, 4.6799, 0.1684, 0.3346,0
 0.0750, 0.0000,-1.2032, 3.1415, 0.4977,-5.1674, 4.6799, 0.1157, 0.3353,0
 0.0798, 0.0000,-1.2534, 3.1415, 0.4876,-5.0547, 4.6799, 0.1336, 0.3360,0
 0.0845, 0.0000,-1.3006, 3.1415, 0.4734,-4.7808, 4.6799, 0.1283, 0.3367,0
 0.0893, 0.0000,-1.3477, 3.1415, 0.4766,-4.7260, 4.6799, 0.1538, 0.3375,0
 0.0942, 0.0000,-1.3885, 3.1415, 0.4894,-4.2124, 4.6799, 0.1183, 0.3382,0
 0.0992, 0.0000,-1.4262, 3.1415, 0.4920,-3.8584, 4.6799, 0.1050, 0.3389,0
 0.1042, 0.0000,-1.4639, 3.1415, 0.5046,-3.7876, 4.6799, 0.1242, 0.3396,0
 0.1092, 0.0000,-1.4953, 3.1415, 0.4950,-3.2707, 1.6661, 0.0956, 0.3403,0
 0.1142, 0.0000,-1.5268, 3.1415, 0.5052,-3.1674,-4.6799, 0.1088, 0.3410,0
 0.1185, 0.0000,-1.5519, 3.1415, 0.4405,-2.6441,-4.6799, 0.0843, 0.3418,0
 0.1231, 0.0000,-1.5770, 3.1415, 0.4579,-2.5394,-4.6799, 0.0947, 0.3425,0
 0.1273, 0.0000,-1.5959, 3.1415, 0.4250,-2.0158,-4.6799, 0.0749, 0.3432,0
 0.1311, 0.0000,-1.6147, 3.1415, 0.3881,-1.9111,-4.6799, 0.0827, 0.3439,0
 0.1346, 0.0000,-1.6273, 3.1415, 0.3565,-1.3875,-4.6799, 0.0675, 0.3446,0
 0.1375, 0.0000,-1.6399, 3.1415, 0.3077,-1.2828,-4.6799, 0.0726, 0.3454,0
 0.1402, 0.0000,-1.6493, 3.1415, 0.2737,-1.0105,-4.6799, 0.0706, 0.3461,0
 0.1425, 0.0000,-1.6556, 3.1415, 0.2427,-0.7047,-4.6799, 0.0677, 0.3468,0
 0.1446, 0.0000,-1.6587, 3.1415, 0.2122,-0.3922,-4.6799, 0.0652, 0.3475,0
 0.1462, 0.0000,-1.6587, 3.1415, 0.1758,-0.0784,-4.6799, 0.0631, 0.3482,0
 0.1476, 0.0000,-1.6556, 3.1415, 0.1443, 0.2356,-4.6799, 0.0616, 0.3489,0
 0.1487, 0.0000,-1.6493, 3.1415, 0.1137, 0.5497,-4.6799, 0.0605, 0.3497,0
 0.1493, 0.0000,-1.6399, 3.1415, 0.0712, 0.8639,-4.6799, 0.0600, 0.3504,0
 0.1494, 0.0000,-1.6273, 3.1415, 0.0263, 1.1780,-4.6799, 0.0600, 0.3511,0
 0.1493, 0.0000,-1.6147, 3.1415,-0.0007, 1.2409,-4.6799, 0.0531, 0.3518,0
 0.1489, 0.0000,-1.5959, 3.1415,-0.0365, 1.7561,-4.6799, 0.0612, 0.3525,0
 0.1482, 0.0000,-1.5770, 3.1415,-0.0618, 1.8591,-4.6799, 0.0529, 0.3533,0
 0.1472, 0.0000,-1.5519, 3.1415,-0.0911, 2.3824,-4.6799, 0.0659, 0.3540,0
 0.1458, 0.0000,-1.5268, 3.1415,-0.1334, 2.4871,-4.6799, 0.0550, 0.3547,0
 0.1442, 0.0000,-1.4953, 3.1415,-0.1540, 3.0106,-4.6799, 0.0728, 0.3554,0
 0.1423, 0.0000,-1.4639, 3.1415,-0.1823, 3.1154,-4.6799, 0.0593, 0.3561,0
 0.1402, 0.0000,-1.4294, 3.1415,-0.2001, 3.3876,-4.6799, 0.0594, 0.3568,0
 0.1377, 0.0000,-1.3885, 3.1415,-0.2401, 3.9447,-4.6799, 0.0877, 0.3576,0
 0.1352, 0.0000,-1.3477, 3.1415,-0.2541, 4.0562,-4.6799, 0.0714, 0.3583,0
 0.1323, 0.0000,-1.3037, 3.1415,-0.2812, 4.3298,-4.6799, 0.0729, 0.3590,0
 0.1290, 0.0000,-1.2534, 3.1415,-0.3169, 4.8872,-4.6799, 0.1103, 0.3597,0
 0.1253, 0.0000,-1.2032, 3.1415,-0.3604, 4.9986,-4.6799, 0.0917, 0.3604,0
 0.1214, 0.0000,-1.1466, 3.1415,-0.3873, 5.5236,-4.6799, 0.1316, 0.3612,0
 0.1171, 0.0000,-1.0901, 3.1415,-0.4170, 5.6286,-4.6799, 0.1115, 0.3619,0
 0.1123, 0.0000,-1.0273, 3.1415,-0.4653, 6.1522,-4.6799, 0.1585, 0.3626,0
 0.1072, 0.0000,-0.9644, 3.1415,-0.5053, 6.2570,-4.6799, 0.1388, 0.3633,0
 0.1018, 0.0000,-0.8953, 3.1415,-0.5315, 6.7806,-4.6799, 0.1946, 0.3640,0
 0.0959, 0.0000,-0.8262, 3.1415,-0.5792, 6.8853,-4.6799, 0.1770, 0.3647,0
 0.0895, 0.0000,-0.7508, 3.1415,-0.6312, 7.4089,-4.6799, 0.2434, 0.3655,0
 0.0826, 0.0000,-0.6754, 3.1415,-0.6719, 7.5136,-4.6799, 0.2299, 0.3662,0
 0.0754, 0.0000,-0.5969, 3.1415,-0.7104, 7.7859,-4.6799, 0.2547, 0.3669,0
 0.0679, 0.0000,-0.5120, 3.1415,-0.7423, 8.3430,-4.6799, 0.3485, 0.3676,0
 0.0599, 0.0000,-0.4272, 3.1415,-0.7911, 8.4544,-4.6799, 0.3471, 0.3683,0
 0.0516, 0.0000,-0.3392, 3.1415,-0.8252, 8.7280, 4.6799, 0.3893, 0.3691,0
 0.0440, 0.0000,-0.2513, 3.1415,-0.7713, 8.7827, 4.6799, 0.3843, 0.3698,0
 0.0360, 0.0000,-0.1633, 3.1415,-0.7969, 8.7937, 4.6799, 0.3740, 0.3705,0
 0.0283, 0.0000,-0.0753, 3.1415,-0.7717, 8.7959,-0.8623, 0.3671, 0.3712,0
 0.0203, 0.0000, 0.0094, 3.1415,-0.7910, 8.5450,-4.6799, 0.3041, 0.3719,0
 0.0126, 0.0000, 0.0973, 3.1415,-0.7766, 8.7461,-4.6799, 0.3562, 0.3726,0
 0.0053, 0.0000, 0.1853, 3.1415,-0.7434, 8.7864, 4.6799, 0.3750, 0.3734,0
-0.0015, 0.0000, 0.2701, 3.1415,-0.6943, 8.5431,-4.6799, 0.3297, 0.3741,0
-0.0091, 0.0000, 0.3549, 3.1415,-0.7512, 8.4944,-4.6799, 0.3368, 0.3748,0
-0.0162, 0.0000, 0.4366, 3.1415,-0.7141, 8.2334,-4.6799, 0.2983, 0.3755,0
-0.0228, 0.0000, 0.5183, 3.1415,-0.6764, 8.1811,-4.6799, 0.3132, 0.3762,0
-0.0297, 0.0000, 0.5969, 3.1415,-0.6870, 7.9194,-4.6799, 0.2841, 0.3770,0
-0.0363, 0.0000, 0.6754, 3.1415,-0.6588, 7.8670,-4.6799, 0.3060, 0.3777,0
-0.0426, 0.0000, 0.7476, 3.1415,-0.6410, 7.3539,-4.6799, 0.2305, 0.3784,0
-0.0491, 0.0000, 0.8199, 3.1415,-0.6496, 7.2513,-4.6799, 0.2462, 0.3791,0
-0.0552, 0.0000, 0.8922, 3.1415,-0.6150, 7.2307,-4.6799, 0.2812, 0.3798,0
-0.0610, 0.0000, 0.9581, 3.1415,-0.5898, 6.7240,-4.6799, 0.2200, 0.3805,0
-0.0673, 0.0000, 1.0241, 3.1415,-0.6212, 6.6226,-4.6799, 0.2407, 0.3813,0
-0.0732, 0.0000, 1.0838, 3.1415,-0.5971, 6.0997,-4.6799, 0.1848, 0.3820,0
-0.0790, 0.0000, 1.1435, 3.1415,-0.5802, 5.9951,-4.6799, 0.2056, 0.3827,0
-0.0847, 0.0000, 1.2000, 3.1415,-0.5708, 5.7229,-4.6799, 0.1983, 0.3834,0
-0.0902, 0.0000, 1.2534, 3.1415,-0.5567, 5.4171,-4.6799, 0.1867, 0.3841,0
-0.0961, 0.0000, 1.3069, 3.1415,-0.5842, 5.3559,-4.6799, 0.2143, 0.3849,0
-0.1018, 0.0000, 1.3540, 3.1415,-0.5716, 4.8411,-4.6799, 0.1736, 0.3856,0
-0.1072, 0.0000, 1.3980, 3.1415,-0.5448, 4.4868,-4.6799, 0.1583, 0.3863,0
-0.1130, 0.0000, 1.4419, 3.1415,-0.5758, 4.4159,-4.6799, 0.1807, 0.3870,0
-0.1187, 0.0000, 1.4796, 3.1415,-0.5699, 3.8991,-4.6799, 0.1475, 0.3877,0
-0.1244, 0.0000, 1.5142, 3.1415,-0.5687, 3.5444, 2.0028, 0.1352, 0.3884,0
-0.1295, 0.0000, 1.5488, 3.1415,-0.5199, 3.4734, 4.6799, 0.1531, 0.3892,0
-0.1346, 0.0000, 1.5770, 3.1415,-0.5163, 2.9566, 4.6799, 0.1268, 0.3899,0
-0.1395, 0.0000, 1.6053, 3.1415,-0.4913, 2.8532, 4.6799, 0.1387, 0.3906,0
-0.1440, 0.0000, 1.6273, 3.1415,-0.4620, 2.3299, 4.6799, 0.1165, 0.3913,0
-0.1480, 0.0000, 1.6493, 3.1415,-0.4137, 2.2252, 4.6799, 0.1256, 0.3920,0
-0.1515, 0.0000, 1.6681, 3.1415,-0.3556, 1.9530, 4.6799, 0.1232, 0.3927,0
-0.1548, 0.0000, 1.6807, 3.1415,-0.3379, 1.3959, 4.6799, 0.1060, 0.3935,0
-0.1576, 0.0000, 1.6933, 3.1415,-0.2919, 1.2844, 4.6799, 0.1108, 0.3942,0
-0.1601, 0.0000, 1.7027, 3.1415,-0.2584, 1.0108, 4.6799, 0.1087, 0.3949,0
-0.1621, 0.0000, 1.7090, 3.1415,-0.2093, 0.7048, 4.6799, 0.1059, 0.3956,0
-0.1638, 0.0000, 1.7153, 3.1415,-0.1813, 0.6436, 4.6799, 0.1092, 0.3963,0
-0.1652, 0.0000, 1.7153, 3.1415,-0.1454, 0.1287, 4.6799, 0.1036, 0.3971,0
-0.1662, 0.0000, 1.7121, 3.1415,-0.1079,-0.2255, 4.6799, 0.1018, 0.3978,0
-0.1668, 0.0000, 1.7090, 3.1415,-0.0700,-0.2964, 4.6799, 0.1001, 0.3985,0
-0.1671, 0.0000, 1.6996, 3.1415,-0.0382,-0.8132, 4.6799, 0.1014, 0.3992,0
-0.1671, 0.0000, 1.6901, 3.1415,-0.0076,-0.9166, 4.6530, 0.0972, 0.3999,0
-0.1668, 0.0000, 1.6776, 3.1415, 0.0166,-1.1886, 3.2614, 0.0963, 0.4006,0
-0.1665, 0.0000, 1.6587, 3.1415, 0.0336,-1.7456, 1.6715, 0.1057, 0.4014,0
-0.1659, 0.0000, 1.6399, 3.1415, 0.0552,-1.8570, 2.3201, 0.0978, 0.4021,0
-0.1651, 0.0000, 1.6179, 3.1415, 0.0716,-2.1307, 3.6915, 0.0973, 0.4028,0
-0.1642, 0.0000, 1.5927, 3.1415, 0.0870,-2.4367, 4.6799, 0.0989, 0.4035,0
-0.1631, 0.0000, 1.5645, 3.1415, 0.1023,-2.7492, 4.6799, 0.1013, 0.4042,0
-0.1618, 0.0000, 1.5330, 3.1415, 0.1235,-3.0631, 4.6799, 0.1042, 0.4050,0
-0.1603, 0.0000, 1.5016, 3.1415, 0.1459,-3.1259, 4.6799, 0.0872, 0.4057,0
-0.1587, 0.0000, 1.4639, 3.1415, 0.1625,-3.6411, 4.6799, 0.1090, 0.4064,0
-0.1565, 0.0000, 1.4231, 3.1415, 0.2022,-3.9954, 4.6799, 0.1178, 0.4071,0
-0.1541, 0.0000, 1.3791, 3.1415, 0.2344,-4.3176, 4.6799, 0.1242, 0.4078,0
-0.1515, 0.0000, 1.3320, 3.1415, 0.2530,-4.6334, 4.6799, 0.1307, 0.4085,0
-0.1485, 0.0000, 1.2817, 3.1415, 0.2931,-4.9479, 4.6799, 0.1380, 0.4093,0
-0.1452, 0.0000, 1.2283, 3.1415, 0.3254,-5.2621, 4.6799, 0.1465, 0.4100,0
-0.1415, 0.0000, 1.1749, 3.1415, 0.3621,-5.3249, 4.6799, 0.1200, 0.4107,0
-0.1374, 0.0000, 1.1152, 3.1415, 0.3998,-5.8402, 4.6799, 0.1615, 0.4114,0
-0.1330, 0.0000, 1.0524, 3.1415, 0.4255,-6.1945, 4.6799, 0.1814, 0.4121,0
-0.1283, 0.0000, 0.9864, 3.1415, 0.4610,-6.5167, 4.6799, 0.1984, 0.4129,0
-0.1233, 0.0000, 0.9173, 3.1415, 0.4984,-6.8325, 4.6799, 0.2170, 0.4136,0
-0.1177, 0.0000, 0.8450, 3.1415, 0.5423,-7.1470, 4.6799, 0.2385, 0.4143,0
-0.1117, 0.0000, 0.7696, 3.1415, 0.5874,-7.4612, 4.6799, 0.2637, 0.4150,0
-0.1053, 0.0000, 0.6911, 3.1415, 0.6328,-7.7754, 4.6799, 0.2931, 0.4157,0
-0.0984, 0.0000, 0.6094, 3.1415, 0.6783,-8.0896, 4.6799, 0.3273, 0.4164,0
-0.0911, 0.0000, 0.5246, 3.1415, 0.7177,-8.4037, 4.6799, 0.3672, 0.4172,0
-0.0835, 0.0000, 0.4366, 3.1415, 0.7498,-8.7179,-1.3855, 0.4133, 0.4179,0
-0.0761, 0.0000, 0.3487, 3.1415, 0.7441,-8.7807, 4.6799, 0.4045, 0.4186,0
-0.0679, 0.0000, 0.2607, 3.1415, 0.8097,-8.7933, 4.6799, 0.3886, 0.4193,0
-0.0596, 0.0000, 0.1665, 3.1415, 0.8228,-9.2984,-4.6799, 0.5023, 0.4200,0
-0.0519, 0.0000, 0.0753, 3.1415, 0.7830,-9.1481,-4.6799, 0.4556, 0.4208,0
-0.0442, 0.0000,-0.0157, 3.1415, 0.7690,-9.1181,-4.6799, 0.4459, 0.4215,0
-0.0369, 0.0000,-0.1036, 3.1415, 0.7419,-8.8607, 4.6799, 0.3849, 0.4222,0
-0.0291, 0.0000,-0.1916, 3.1415, 0.7668,-8.8093, 4.6799, 0.3815, 0.4229,0
-0.0219, 0.0000,-0.2796, 3.1415, 0.7293,-8.7990, 4.6799, 0.3937, 0.4236,0
-0.0150, 0.0000,-0.3644, 3.1415, 0.7037,-8.5456, 4.6799, 0.3514, 0.4243,0
-0.0081, 0.0000,-0.4523, 3.1415, 0.6864,-8.7462,-3.7953, 0.4251, 0.4251,0
-0.0021, 0.0000,-0.5340, 3.1415, 0.6223,-8.2837, 4.6799, 0.3426, 0.4258,0
 0.0047, 0.0000,-0.6157, 3.1415, 0.6762,-8.1912, 4.6799, 0.3531, 0.4265,0
 0.0108, 0.0000,-0.6942, 3.1415, 0.6203,-7.9214, 4.6799, 0.3266, 0.4272,0
 0.0166, 0.0000,-0.7696, 3.1415, 0.5909,-7.6161, 4.6799, 0.2963, 0.4279,0
 0.0224, 0.0000,-0.8419, 3.1415, 0.5790,-7.3037, 4.6799, 0.2685, 0.4287,0
 0.0280, 0.0000,-0.9142, 3.1415, 0.5644,-7.2412, 4.6799, 0.2957, 0.4294,0
 0.0335, 0.0000,-0.9833, 3.1415, 0.5555,-6.9774, 4.6799, 0.2835, 0.4301,0
 0.0390, 0.0000,-1.0461, 3.1415, 0.5476,-6.4220, 4.6799, 0.2177, 0.4308,0
 0.0444, 0.0000,-1.1121, 3.1415, 0.5400,-6.5622, 4.6799, 0.2849, 0.4315,0
 0.0497, 0.0000,-1.1718, 3.1415, 0.5385,-6.0876, 4.6799, 0.2398, 0.4322,0
 0.0547, 0.0000,-1.2283, 3.1415, 0.5078,-5.7414, 4.6799, 0.2203, 0.4330,0
 0.0601, 0.0000,-1.2817, 3.1415, 0.5260,-5.4208, 4.6799, 0.2067, 0.4337,0
 0.0650, 0.0000,-1.3351, 3.1415, 0.4993,-5.3567, 4.6799, 0.2340, 0.4344,0
 0.0700, 0.0000,-1.3823, 3.1415, 0.5000,-4.8412, 4.6799, 0.1935, 0.4351,0
 0.0752, 0.0000,-1.4262, 3.1415, 0.5183,-4.4868, 4.6799, 0.1784, 0.4358,0
 0.0803, 0.0000,-1.4702, 3.1415, 0.5099,-4.4159, 4.6799, 0.2009, 0.4366,0
 0.0854, 0.0000,-1.5079, 3.1415, 0.5082,-3.8991, 4.6799, 0.1677, 0.4373,0
 0.0904, 0.0000,-1.5456, 3.1415, 0.5078,-3.7957,-4.5355, 0.1836, 0.4380,0
 0.0950, 0.0000,-1.5802, 3.1415, 0.4653,-3.5237,-4.6799, 0.1806, 0.4387,0
 0.0998, 0.0000,-1.6084, 3.1415, 0.4750,-2.9667,-4.6799, 0.1502, 0.4394,0
 0.1039, 0.0000,-1.6367, 3.1415, 0.4284,-2.8552,-4.6799, 0.1614, 0.4401,0
 0.1080, 0.0000,-1.6619, 3.1415, 0.4131,-2.5816,-4.6799, 0.1586, 0.4409,0
 0.1116, 0.0000,-1.6838, 3.1415, 0.3676,-2.2756,-4.6799, 0.1535, 0.4416,0
 0.1147, 0.0000,-1.7027, 3.1415, 0.3221,-1.9630,-4.6799, 0.1484, 0.4423,0
 0.1176, 0.0000,-1.7184, 3.1415, 0.2948,-1.6492,-4.6799, 0.1437, 0.4430,0
 0.1200, 0.0000,-1.7310, 3.1415, 0.2529,-1.3351,-4.6799, 0.1395, 0.4437,0
 0.1221, 0.0000,-1.7435, 3.1415, 0.2203,-1.2723,-4.6799, 0.1461, 0.4445,0
 0.1239, 0.0000,-1.7498, 3.1415, 0.1895,-0.7571,-4.6799, 0.1359, 0.4452,0
 0.1255, 0.0000,-1.7530, 3.1415, 0.1591,-0.4027,-4.6799, 0.1323, 0.4459,0
 0.1268, 0.0000,-1.7561, 3.1415, 0.1349,-0.3318,-4.6799, 0.1338, 0.4466,0
 0.1277, 0.0000,-1.7561, 3.1415, 0.0997,-0.0663,-4.6799, 0.1324, 0.4473,0
 0.1282, 0.0000,-1.7530, 3.1415, 0.0623, 0.2380,-4.6799, 0.1309, 0.4480,0
 0.1284, 0.0000,-1.7467, 3.1415, 0.0306, 0.5502,-3.2098, 0.1299, 0.4488,0
 0.1283, 0.0000,-1.7373, 3.1415, 0.0000, 0.8640, 0.2980, 0.1294, 0.4495,0
 0.1287, 0.0000,-1.7247, 3.1415, 0.0303, 1.1781, 2.5766, 0.1295, 0.4502,0
 0.1288, 0.0000,-1.7090, 3.1415, 0.0121, 1.4922, 4.5645, 0.1301, 0.4509,0
 0.1289, 0.0000,-1.6901, 3.1415, 0.0145, 1.8064, 4.6799, 0.1312, 0.4516,0
 0.1293, 0.0000,-1.6713, 3.1415, 0.0271, 1.8692, 4.1088, 0.1209, 0.4524,0
 0.1298, 0.0000,-1.6461, 3.1415, 0.0478, 2.3844, 2.8795, 0.1336, 0.4531,0
 0.1305, 0.0000,-1.6179, 3.1415, 0.0641, 2.7388,-0.3990, 0.1388, 0.4538,0
 0.1307, 0.0000,-1.5896, 3.1415, 0.0310, 2.8097,-4.6337, 0.1240, 0.4545,0
 0.1305, 0.0000,-1.5550, 3.1415,-0.0119, 3.3265,-4.6799, 0.1436, 0.4552,0
 0.1305, 0.0000,-1.5173, 3.1415, 0.0036, 3.6812,-4.6799, 0.1513, 0.4559,0
 0.1302, 0.0000,-1.4796, 3.1415,-0.0235, 3.7521,-4.6799, 0.1317, 0.4567,0
 0.1293, 0.0000,-1.4357, 3.1415,-0.0835, 4.2690,-4.6799, 0.1584, 0.4574,0
 0.1280, 0.0000,-1.3917, 3.1415,-0.1137, 4.3723,-4.6799, 0.1397, 0.4581,0
 0.1268, 0.0000,-1.3414, 3.1415,-0.1258, 4.8957,-4.6799, 0.1723, 0.4588,0
 0.1247, 0.0000,-1.2911, 3.1415,-0.1888, 5.0003,-4.6799, 0.1518, 0.4595,0
 0.1224, 0.0000,-1.2346, 3.1415,-0.2257, 5.5239,-4.6799, 0.1903, 0.4602,0
 0.1199, 0.0000,-1.1749, 3.1415,-0.2452, 5.8800,-4.6799, 0.2071, 0.4610,0
 0.1167, 0.0000,-1.1152, 3.1415,-0.2976, 5.9512,-4.6799, 0.1799, 0.4617,0
 0.1133, 0.0000,-1.0492, 3.1415,-0.3384, 6.4681,-4.6799, 0.2279, 0.4624,0
 0.1095, 0.0000,-0.9801, 3.1415,-0.3708, 6.8228,-4.6799, 0.2518, 0.4631,0
 0.1053, 0.0000,-0.9079, 3.1415,-0.4076, 7.1450,-4.6799, 0.2728, 0.4638,0
 0.1004, 0.0000,-0.8356, 3.1415,-0.4756, 7.2095,-4.6799, 0.2460, 0.4646,0
 0.0951, 0.0000,-0.7571, 3.1415,-0.5135, 7.7250,-4.6799, 0.3135, 0.4653,0
 0.0895, 0.0000,-0.6754, 3.1415,-0.5574, 8.0795,-4.6799, 0.3534, 0.4660,0
 0.0833, 0.0000,-0.5906, 3.1415,-0.6026, 8.4017,-4.6799, 0.3918, 0.4667,0
 0.0767, 0.0000,-0.5057, 3.1415,-0.6480, 8.4661,-4.6799, 0.3752, 0.4674,0
 0.0698, 0.0000,-0.4146, 3.1415,-0.6874, 8.9817, 4.6799, 0.4721, 0.4681,0
 0.0637, 0.0000,-0.3235, 3.1415,-0.6225, 9.0848, 4.6799, 0.4746, 0.4689,0
 0.0567, 0.0000,-0.2324, 3.1415,-0.6823, 9.1054,-4.6799, 0.4619, 0.4696,0
 0.0494, 0.0000,-0.1413, 3.1415,-0.7185, 9.1095,-4.6799, 0.4508, 0.4703,0
 0.0419, 0.0000,-0.0471, 3.1415,-0.7439, 9.3617, 4.6799, 0.5096, 0.4710,0
 0.0360, 0.0000, 0.0439, 3.1415,-0.6278, 9.1608,-4.6799, 0.4574, 0.4717,0
 0.0288, 0.0000, 0.1382, 3.1415,-0.7015, 9.3719, 4.6799, 0.5184, 0.4725,0
 0.0227, 0.0000, 0.2261, 3.1415,-0.6253, 8.9115,-4.6799, 0.4120, 0.4732,0
 0.0165, 0.0000, 0.3141, 3.1415,-0.6162, 8.8194,-4.6799, 0.4060, 0.4739,0
 0.0099, 0.0000, 0.4021, 3.1415,-0.6568, 8.8010,-4.6799, 0.4236, 0.4746,0
 0.0043, 0.0000, 0.4900, 3.1415,-0.5739, 8.7973,-4.6799, 0.4499, 0.4753,0
-0.0017, 0.0000, 0.5749, 3.1415,-0.6059, 8.5453,-4.6799, 0.4196, 0.4760,0
-0.0068, 0.0000, 0.6565, 3.1415,-0.5274, 8.2435,-4.6799, 0.3826, 0.4768,0
-0.0128, 0.0000, 0.7382, 3.1415,-0.5844, 8.1832,-4.6799, 0.4063, 0.4775,0
-0.0176, 0.0000, 0.8136, 3.1415,-0.5049, 7.6685,-4.6799, 0.3300, 0.4782,0
-0.0231, 0.0000, 0.8890, 3.1415,-0.5436, 7.5655,-4.6799, 0.3488, 0.4789,0
-0.0278, 0.0000, 0.9613, 3.1415,-0.4785, 7.2936,-4.6799, 0.3337, 0.4796,0
-0.0327, 0.0000, 1.0304, 3.1415,-0.4898, 6.9879,-4.6799, 0.3142, 0.4804,0
-0.0372, 0.0000, 1.0964, 3.1415,-0.4557, 6.6754,-4.6799, 0.2958, 0.4811,0
-0.0413, 0.0000, 1.1592, 3.1415,-0.4246, 6.3616,-4.6799, 0.2793, 0.4818,0
-0.0460, 0.0000, 1.2220, 3.1415,-0.4547, 6.2988,-4.6799, 0.3100, 0.4825,0
-0.0500, 0.0000, 1.2786, 3.1415,-0.4123, 5.7836,-4.6799, 0.2614, 0.4832,0
-0.0545, 0.0000, 1.3351, 3.1415,-0.4462, 5.6806,-4.6799, 0.2841, 0.4839,0
-0.0585, 0.0000, 1.3854, 3.1415,-0.4106, 5.1573,-4.6799, 0.2400, 0.4847,0
-0.0627, 0.0000, 1.4357, 3.1415,-0.4156, 5.0527,-4.6799, 0.2607, 0.4854,0
-0.0671, 0.0000, 1.4796, 3.1415,-0.4347, 4.5291,-4.6799, 0.2218, 0.4861,0
-0.0711, 0.0000, 1.5236, 3.1415,-0.4083, 4.4244,-4.0058, 0.2402, 0.4868,0
-0.0754, 0.0000, 1.5613, 3.1415,-0.4212, 3.9008, 4.6799, 0.2062, 0.4875,0
-0.0789, 0.0000, 1.5990, 3.1415,-0.3692, 3.7960, 4.6799, 0.2220, 0.4883,0
-0.0824, 0.0000, 1.6336, 3.1415,-0.3527, 3.5238, 4.6799, 0.2189, 0.4890,0
-0.0855, 0.0000, 1.6650, 3.1415,-0.3191, 3.2180, 4.6799, 0.2125, 0.4897,0
-0.0883, 0.0000, 1.6933, 3.1415,-0.2881, 2.9055, 4.6799, 0.2059, 0.4904,0
-0.0903, 0.0000, 1.7184, 3.1415,-0.2152, 2.5917, 4.6799, 0.1996, 0.4911,0
-0.0926, 0.0000, 1.7404, 3.1415,-0.2310, 2.2776, 4.6799, 0.1938, 0.4918,0
-0.0942, 0.0000, 1.7592, 3.1415,-0.1674, 1.9634, 4.6799, 0.1885, 0.4926,0
-0.0954, 0.0000, 1.7781, 3.1415,-0.1305, 1.9006, 4.6799, 0.1984, 0.4933,0
-0.0963, 0.0000, 1.7938, 3.1415,-0.0988, 1.6367, 4.6799, 0.1963, 0.4940,0
-0.0967, 0.0000, 1.8032, 3.1415,-0.0500, 1.0813, 4.6799, 0.1818, 0.4947,0
-0.0971, 0.0000, 1.8126, 3.1415,-0.0463, 0.9702, 4.6799, 0.1851, 0.4954,0
-0.0967, 0.0000, 1.8189, 3.1415, 0.0271, 0.6967, 4.6799, 0.1831, 0.4962,0
-0.0963, 0.0000, 1.8221, 3.1415, 0.0357, 0.3906, 4.6799, 0.1807, 0.4969,0
-0.0955, 0.0000, 1.8221, 3.1415, 0.0677, 0.0781, 4.6799, 0.1786, 0.4976,0
-0.0948, 0.0000, 1.8221, 3.1415, 0.0681, 0.0156, 4.6799, 0.1785, 0.4983,0
-0.0941, 0.0000, 1.8158, 3.1415, 0.0742,-0.4995,-1.2674, 0.1777, 0.4990,0
-0.0932, 0.0000, 1.8095, 3.1415, 0.0876,-0.6025,-3.7405, 0.1749, 0.4997,0
-0.0926, 0.0000, 1.7969, 3.1415, 0.0599,-1.1258,-4.6799, 0.1787, 0.5005,0
-0.0922, 0.0000, 1.7844, 3.1415, 0.0483,-1.2304,-4.6799, 0.1734, 0.5012,0
-0.0922, 0.0000, 1.7655, 3.1415, 0.0096,-1.7540,-4.6799, 0.1820, 0.5019,0
-0.0922, 0.0000, 1.7467, 3.1415, 0.0019,-1.8587,-4.6799, 0.1740, 0.5026,0
-0.0926, 0.0000, 1.7215, 3.1415,-0.0299,-2.3823,-4.6799, 0.1873, 0.5033,0
-0.0932, 0.0000, 1.6964, 3.1415,-0.0605,-2.4870,-4.6799, 0.1765, 0.5041,0
-0.0938, 0.0000, 1.6681, 3.1415,-0.0545,-2.7593,-4.6799, 0.1764, 0.5048,0
-0.0947, 0.0000, 1.6336, 3.1415,-0.0836,-3.3164,-4.6799, 0.1990, 0.5055,0
-0.0957, 0.0000, 1.5990, 3.1415,-0.0955,-3.4278,-0.2937, 0.1848, 0.5062,0
-0.0967, 0.0000, 1.5613, 3.1415,-0.0979,-3.7015, 4.6799, 0.1850, 0.5069,0
-0.0969, 0.0000, 1.5205, 3.1415,-0.0377,-4.0075, 4.6799, 0.1887, 0.5076,0
-0.0973, 0.0000, 1.4734, 3.1415,-0.0439,-4.5714, 4.6799, 0.2227, 0.5084,0
-0.0974, 0.0000, 1.4262, 3.1415,-0.0148,-4.6841, 4.6799, 0.2037, 0.5091,0
-0.0969, 0.0000, 1.3760, 3.1415, 0.0394,-4.9580, 4.6799, 0.2051, 0.5098,0
-0.0960, 0.0000, 1.3194, 3.1415, 0.0806,-5.5155, 4.6799, 0.2473, 0.5105,0
-0.0946, 0.0000, 1.2629, 3.1415, 0.1252,-5.6269, 4.6799, 0.2256, 0.5112,0
-0.0929, 0.0000, 1.2032, 3.1415, 0.1584,-5.9006, 4.6799, 0.2293, 0.5120,0
-0.0911, 0.0000, 1.1372, 3.1415, 0.1832,-6.4580, 4.6799, 0.2822, 0.5127,0
-0.0886, 0.0000, 1.0712, 3.1415, 0.2306,-6.5694, 4.6799, 0.2602, 0.5134,0
-0.0856, 0.0000, 1.0021, 3.1415, 0.2886,-6.8430, 4.6799, 0.2689, 0.5141,0
-0.0822, 0.0000, 0.9267, 3.1415, 0.3305,-7.4004, 4.6799, 0.3355, 0.5148,0
-0.0783, 0.0000, 0.8513, 3.1415, 0.3753,-7.5119, 4.6799, 0.3168, 0.5155,0
-0.0740, 0.0000, 0.7696, 3.1415, 0.4206,-8.0369, 4.6799, 0.3886, 0.5163,0
-0.0690, 0.0000, 0.6848, 3.1415, 0.4843,-8.3932, 4.6799, 0.4300, 0.5170,0
-0.0637, 0.0000, 0.6000, 3.1415, 0.5212,-8.4644, 4.6799, 0.4104, 0.5177,0
-0.0579, 0.0000, 0.5089, 3.1415, 0.5650,-8.9813, 4.6799, 0.5022, 0.5184,0
-0.0516, 0.0000, 0.4178, 3.1415, 0.6162,-9.0847, 4.6799, 0.4991, 0.5191,0
-0.0450, 0.0000, 0.3235, 3.1415, 0.6507,-9.3567,-4.6799, 0.5448, 0.5199,0
-0.0391, 0.0000, 0.2261, 3.1415, 0.6091,-9.6625,-4.6799, 0.6072, 0.5206,0
-0.0326, 0.0000, 0.1319, 3.1415, 0.6372,-9.4723,-4.6799, 0.5442, 0.5213,0
-0.0266, 0.0000, 0.0376, 3.1415, 0.6125,-9.4342,-4.6799, 0.5284, 0.5220,0
-0.0209, 0.0000,-0.0565, 3.1415, 0.5711,-9.4266,-4.6799, 0.5271, 0.5227,0
-0.0156, 0.0000,-0.1476, 3.1415, 0.5447,-9.1738, 4.6799, 0.4679, 0.5234,0
-0.0106, 0.0000,-0.2387, 3.1415, 0.5030,-9.1232, 4.6799, 0.4675, 0.5242,0
-0.0054, 0.0000,-0.3298, 3.1415, 0.5189,-9.1131, 4.6799, 0.4833, 0.5249,0
-0.0006, 0.0000,-0.4178, 3.1415, 0.4857,-8.8597, 4.6799, 0.4426, 0.5256,0
 0.0040, 0.0000,-0.5057, 3.1415, 0.4730,-8.8091, 4.6799, 0.4582, 0.5263,0
 0.0086, 0.0000,-0.5906, 3.1415, 0.4644,-8.5476, 4.6799, 0.4264, 0.5270,0
 0.0130, 0.0000,-0.6754, 3.1415, 0.4445,-8.4953, 4.6799, 0.4499, 0.5278,0
 0.0175, 0.0000,-0.7539, 3.1415, 0.4466,-7.9822, 4.6799, 0.3685, 0.5285,0
 0.0218, 0.0000,-0.8325, 3.1415, 0.4349,-7.8796, 4.6799, 0.3859, 0.5292,0
 0.0258, 0.0000,-0.9110, 3.1415, 0.4083,-7.8591, 4.6799, 0.4245, 0.5299,0
 0.0297, 0.0000,-0.9833, 3.1415, 0.3969,-7.3523, 4.6799, 0.3587, 0.5306,0
 0.0336, 0.0000,-1.0555, 3.1415, 0.3886,-7.2510, 4.6799, 0.3822, 0.5313,0
 0.0372, 0.0000,-1.1215, 3.1415, 0.3627,-6.7280, 4.6799, 0.3218, 0.5321,0
 0.0409, 0.0000,-1.1875, 3.1415, 0.3696,-6.6234, 4.6799, 0.3456, 0.5328,0
 0.0444, 0.0000,-1.2503, 3.1415, 0.3589,-6.3512, 4.6799, 0.3385, 0.5335,0
 0.0480, 0.0000,-1.3100, 3.1415, 0.3567,-6.0454, 4.6799, 0.3265, 0.5342,0
 0.0515, 0.0000,-1.3665, 3.1415, 0.3502,-5.7329, 4.6799, 0.3145, 0.5349,0
 0.0549, 0.0000,-1.4199, 3.1415, 0.3429,-5.4191, 4.6799, 0.3032, 0.5357,0
 0.0585, 0.0000,-1.4702, 3.1415, 0.3596,-5.1050, 4.6799, 0.2927, 0.5364,0
 0.0621, 0.0000,-1.5173, 3.1415, 0.3569,-4.7909, 4.6799, 0.2830, 0.5371,0
 0.0657, 0.0000,-1.5613, 3.1415, 0.3624,-4.4767,-3.4759, 0.2738, 0.5378,0
 0.0687, 0.0000,-1.6053, 3.1415, 0.3089,-4.4139,-4.6799, 0.2975, 0.5385,0
 0.0713, 0.0000,-1.6430, 3.1415, 0.2740,-3.8987,-4.6799, 0.2646, 0.5392,0
 0.0742, 0.0000,-1.6776, 3.1415, 0.2852,-3.5443,-4.6799, 0.2524, 0.5400,0
 0.0764, 0.0000,-1.7090, 3.1415, 0.2328,-3.2221,-4.6799, 0.2442, 0.5407,0
 0.0783, 0.0000,-1.7404, 3.1415, 0.1981,-3.1577,-4.6799, 0.2608, 0.5414,0
 0.0800, 0.0000,-1.7687, 3.1415, 0.1730,-2.8934,-4.6799, 0.2584, 0.5421,0
 0.0809, 0.0000,-1.7907, 3.1415, 0.1073,-2.3379,-4.6799, 0.2331, 0.5428,0
 0.0818, 0.0000,-1.8126, 3.1415, 0.0942,-2.2268,-4.6799, 0.2414, 0.5435,0
 0.0824, 0.0000,-1.8315, 3.1415, 0.0673,-1.9533,-4.6799, 0.2385, 0.5443,0
 0.0824, 0.0000,-1.8503, 3.1415, 0.0134,-1.8986,-4.6799, 0.2486, 0.5450,0
 0.0826, 0.0000,-1.8629, 3.1415, 0.0148,-1.3850,-4.6799, 0.2336, 0.5457,0
 0.0823, 0.0000,-1.8723, 3.1415,-0.0152,-1.0309,-4.6799, 0.2281, 0.5464,0
 0.0817, 0.0000,-1.8818, 3.1415,-0.0576,-0.9601,-4.6799, 0.2326, 0.5471,0
 0.0810, 0.0000,-1.8880, 3.1415,-0.0600,-0.6946,-4.6799, 0.2308, 0.5479,0
 0.0802, 0.0000,-1.8912, 3.1415,-0.0787,-0.3902,-4.6799, 0.2283, 0.5486,0
 0.0792, 0.0000,-1.8912, 3.1415,-0.0945,-0.0780,-4.6799, 0.2262, 0.5493,0
 0.0781, 0.0000,-1.8880, 3.1415,-0.1098, 0.2357,-0.3260, 0.2248, 0.5500,0
 0.0770, 0.0000,-1.8818, 3.1415,-0.1068, 0.5498, 4.6799, 0.2239, 0.5507,0
 0.0767, 0.0000,-1.8755, 3.1415,-0.0456, 0.6126, 4.6799, 0.2207, 0.5514,0
 0.0760, 0.0000,-1.8629, 3.1415,-0.0636, 1.1278, 4.6799, 0.2246, 0.5522,0
 0.0759, 0.0000,-1.8472, 3.1415,-0.0248, 1.4822, 4.6799, 0.2267, 0.5529,0
 0.0759, 0.0000,-1.8315, 3.1415,-0.0049, 1.5530, 4.6799, 0.2188, 0.5536,0
 0.0762, 0.0000,-1.8095, 3.1415, 0.0232, 2.0699, 4.6799, 0.2298, 0.5543,0
 0.0770, 0.0000,-1.7844, 3.1415, 0.0713, 2.4245, 4.6799, 0.2345, 0.5550,0
 0.0779, 0.0000,-1.7561, 3.1415, 0.0809, 2.7468, 4.6799, 0.2379, 0.5558,0
 0.0790, 0.0000,-1.7278, 3.1415, 0.1071, 2.8113, 4.6799, 0.2229, 0.5565,0
 0.0804, 0.0000,-1.6933, 3.1415, 0.1305, 3.3268, 4.6799, 0.2427, 0.5572,0
 0.0817, 0.0000,-1.6556, 3.1415, 0.1352, 3.6812, 4.6799, 0.2505, 0.5579,0
 0.0834, 0.0000,-1.6179, 3.1415, 0.1604, 3.7521, 4.6799, 0.2309, 0.5586,0
 0.0851, 0.0000,-1.5739, 3.1415, 0.1715, 4.2690,-4.5696, 0.2573, 0.5593,0
 0.0864, 0.0000,-1.5268, 3.1415, 0.1313, 4.6237,-4.6799, 0.2677, 0.5601,0
 0.0873, 0.0000,-1.4796, 3.1415, 0.1050, 4.6946,-4.6799, 0.2432, 0.5608,0
 0.0883, 0.0000,-1.4262, 3.1415, 0.0998, 5.2114,-4.6799, 0.2768, 0.5615,0
 0.0887, 0.0000,-1.3728, 3.1415, 0.0502, 5.3148,-4.6799, 0.2542, 0.5622,0
 0.0884, 0.0000,-1.3131, 3.1415,-0.0141, 5.8381,-4.6799, 0.2942, 0.5629,0
 0.0879, 0.0000,-1.2534, 3.1415,-0.0392, 5.9428,-4.6799, 0.2703, 0.5637,0
 0.0870, 0.0000,-1.1875, 3.1415,-0.0866, 6.4664,-4.6799, 0.3168, 0.5644,0
 0.0852, 0.0000,-1.1184, 3.1415,-0.1567, 6.8224,-4.6799, 0.3377, 0.5651,0
 0.0832, 0.0000,-1.0461, 3.1415,-0.1950, 7.1450,-4.6799, 0.3550, 0.5658,0
 0.0806, 0.0000,-0.9707, 3.1415,-0.2451, 7.4608,-4.6799, 0.3738, 0.5665,0
 0.0775, 0.0000,-0.8922, 3.1415,-0.2976, 7.7753,-4.6799, 0.3956, 0.5672,0
 0.0739, 0.0000,-0.8105, 3.1415,-0.3445, 8.0895,-4.6799, 0.4213, 0.5680,0
 0.0700, 0.0000,-0.7257, 3.1415,-0.3841, 8.4037,-4.6799, 0.4515, 0.5687,0
 0.0654, 0.0000,-0.6377, 3.1415,-0.4467, 8.7179,-4.6799, 0.4870, 0.5694,0
 0.0602, 0.0000,-0.5466, 3.1415,-0.5016, 9.0320,-4.6799, 0.5286, 0.5701,0
 0.0545, 0.0000,-0.4523, 3.1415,-0.5550, 9.3462, 4.6799, 0.5770, 0.5708,0
 0.0497, 0.0000,-0.3549, 3.1415,-0.4990, 9.6603, 4.6799, 0.6332, 0.5716,0
 0.0440, 0.0000,-0.2607, 3.1415,-0.5545, 9.4719,-4.6799, 0.5622, 0.5723,0
 0.0379, 0.0000,-0.1633, 3.1415,-0.5959, 9.6855, 4.6799, 0.6048, 0.5730,0
 0.0328, 0.0000,-0.0628, 3.1415,-0.5254, 9.9795, 4.6799, 0.6776, 0.5737,0
 0.0278, 0.0000, 0.0314, 3.1415,-0.5113, 9.5357,-4.6799, 0.5552, 0.5744,0
 0.0224, 0.0000, 0.1288, 3.1415,-0.5327, 9.6982, 4.6799, 0.6046, 0.5751,0
 0.0182, 0.0000, 0.2230, 3.1415,-0.4400, 9.4794,-4.6799, 0.5577, 0.5759,0
 0.0132, 0.0000, 0.3141, 3.1415,-0.4881, 9.1843,-4.6799, 0.4979, 0.5766,0
 0.0090, 0.0000, 0.4084, 3.1415,-0.4371, 9.3766,-4.6799, 0.5718, 0.5773,0
 0.0048, 0.0000, 0.4963, 3.1415,-0.4209, 8.9125,-4.6799, 0.4806, 0.5780,0
 0.0004, 0.0000, 0.5874, 3.1415,-0.4358, 9.0709,-4.6799, 0.5542, 0.5787,0
-0.0034, 0.0000, 0.6723, 3.1415,-0.3964, 8.6000,-4.6799, 0.4736, 0.5795,0
-0.0074, 0.0000, 0.7571, 3.1415,-0.4006, 8.5058,-4.6799, 0.4909, 0.5802,0
-0.0108, 0.0000, 0.8388, 3.1415,-0.3529, 8.2356,-4.6799, 0.4696, 0.5809,0
-0.0143, 0.0000, 0.9173, 3.1415,-0.3495, 7.9303,-4.6799, 0.4439, 0.5816,0
-0.0178, 0.0000, 0.9958, 3.1415,-0.3488, 7.8692,-4.6799, 0.4764, 0.5823,0
-0.0208, 0.0000, 1.0681, 3.1415,-0.3122, 7.3543,-4.6799, 0.4112, 0.5830,0
-0.0239, 0.0000, 1.1403, 3.1415,-0.3110, 7.2514,-4.6799, 0.4365, 0.5838,0
-0.0269, 0.0000, 1.2063, 3.1415,-0.2986, 6.7281,-4.6799, 0.3778, 0.5845,0
-0.0298, 0.0000, 1.2723, 3.1415,-0.2962, 6.6235,-4.6799, 0.4030, 0.5852,0
-0.0326, 0.0000, 1.3351, 3.1415,-0.2835, 6.3512,-4.6799, 0.3971, 0.5859,0
-0.0353, 0.0000, 1.3917, 3.1415,-0.2749, 5.7941,-4.6799, 0.3421, 0.5866,0
-0.0381, 0.0000, 1.4482, 3.1415,-0.2732, 5.6827,-4.6799, 0.3643, 0.5874,0
-0.0410, 0.0000, 1.5016, 3.1415,-0.2850, 5.4091,-4.6799, 0.3600, 0.5881,0
-0.0436, 0.0000, 1.5519, 3.1415,-0.2692, 5.1030,-2.0934, 0.3510, 0.5888,0
-0.0465, 0.0000, 1.5990, 3.1415,-0.2842, 4.7905, 4.6799, 0.3415, 0.5895,0
-0.0485, 0.0000, 1.6430, 3.1415,-0.2144, 4.4766, 4.6799, 0.3324, 0.5902,0
-0.0507, 0.0000, 1.6838, 3.1415,-0.2187, 4.1625, 4.6799, 0.3236, 0.5909,0
-0.0522, 0.0000, 1.7247, 3.1415,-0.1710, 4.0997, 4.6799, 0.3454, 0.5917,0
-0.0538, 0.0000, 1.7592, 3.1415,-0.1554, 3.5845, 4.6799, 0.3144, 0.5924,0
-0.0549, 0.0000, 1.7907, 3.1415,-0.1220, 3.2301, 4.6799, 0.3027, 0.5931,0
-0.0555, 0.0000, 1.8221, 3.1415,-0.0729, 3.1593, 4.6799, 0.3183, 0.5938,0
-0.0556, 0.0000, 1.8503, 3.1415,-0.0206, 2.8938, 4.6799, 0.3154, 0.5945,0
-0.0558, 0.0000, 1.8755, 3.1415,-0.0223, 2.5893, 4.6799, 0.3093, 0.5953,0
-0.0556, 0.0000, 1.8975, 3.1415, 0.0137, 2.2771, 4.6799, 0.3030, 0.5960,0
-0.0552, 0.0000, 1.9163, 3.1415, 0.0330, 1.9634, 4.6799, 0.2972, 0.5967,0
-0.0546, 0.0000, 1.9320, 3.1415, 0.0551, 1.6493, 4.6799, 0.2919, 0.5974,0
-0.0537, 0.0000, 1.9477, 3.1415, 0.0837, 1.5865, 4.6799, 0.2995, 0.5981,0
-0.0526, 0.0000, 1.9572, 3.1415, 0.1016, 1.0712, 4.6799, 0.2866, 0.5988,0
-0.0516, 0.0000, 1.9666, 3.1415, 0.0991, 0.9682, 4.6799, 0.2900, 0.5996,0
-0.0504, 0.0000, 1.9729, 3.1415, 0.1168, 0.6963, 4.6799, 0.2878, 0.6003,0
-0.0491, 0.0000, 1.9792, 3.1415, 0.1264, 0.6419, 4.6799, 0.2909, 0.6010,0
-0.0475, 0.0000, 1.9792, 3.1415, 0.1526, 0.1283, 4.6799, 0.2854, 0.6017,0
-0.0460, 0.0000, 1.9760, 3.1415, 0.1578,-0.2256,-2.6881, 0.2838, 0.6024,0
-0.0451, 0.0000, 1.9729, 3.1415, 0.0982,-0.2964,-4.6799, 0.2822, 0.6032,0
-0.0441, 0.0000, 1.9666, 3.1415, 0.0984,-0.5619,-4.6799, 0.2813, 0.6039,0
-0.0433, 0.0000, 1.9540, 3.1415, 0.0863,-1.1177,-4.6799, 0.2860, 0.6046,0
-0.0431, 0.0000, 1.9415, 3.1415, 0.0354,-1.2288,-4.6799, 0.2812, 0.6053,0
-0.0431, 0.0000, 1.9226, 3.1415, 0.0070,-1.7537,-4.6799, 0.2905, 0.6060,0
-0.0435, 0.0000, 1.9038, 3.1415,-0.0349,-1.8587,-4.6799, 0.2831, 0.6067,0
-0.0443, 0.0000, 1.8786, 3.1415,-0.0676,-2.3823,-4.6799, 0.2970, 0.6075,0
-0.0452, 0.0000, 1.8535, 3.1415,-0.0862,-2.4871,-4.6799, 0.2869, 0.6082,0
-0.0464, 0.0000, 1.8221, 3.1415,-0.1142,-3.0106,-4.6799, 0.3054, 0.6089,0
-0.0479, 0.0000, 1.7907, 3.1415,-0.1441,-3.1154,-4.6799, 0.2925, 0.6096,0
-0.0496, 0.0000, 1.7530, 3.1415,-0.1622,-3.6390,-4.6799, 0.3155, 0.6103,0
-0.0515, 0.0000, 1.7153, 3.1415,-0.1840,-3.7437,-4.6799, 0.2996, 0.6111,0
-0.0535, 0.0000, 1.6713, 3.1415,-0.2005,-4.2673,-4.6799, 0.3270, 0.6118,0
-0.0556, 0.0000, 1.6273, 3.1415,-0.2038,-4.3720,-4.6799, 0.3081, 0.6125,0
-0.0579, 0.0000, 1.5802, 3.1415,-0.2226,-4.6443, 0.9650, 0.3087, 0.6132,0
-0.0591, 0.0000, 1.5268, 3.1415,-0.1476,-5.2014, 4.6799, 0.3471, 0.6139,0
-0.0606, 0.0000, 1.4734, 3.1415,-0.1447,-5.3128, 4.6799, 0.3253, 0.6146,0
-0.0616, 0.0000, 1.4168, 3.1415,-0.1077,-5.5864, 4.6799, 0.3268, 0.6154,0
-0.0619, 0.0000, 1.3540, 3.1415,-0.0518,-6.1438, 4.6799, 0.3740, 0.6161,0
-0.0620, 0.0000, 1.2911, 3.1415,-0.0164,-6.2553, 4.6799, 0.3496, 0.6168,0
-0.0613, 0.0000, 1.2252, 3.1415, 0.0573,-6.5289, 4.6799, 0.3535, 0.6175,0
-0.0601, 0.0000, 1.1529, 3.1415, 0.1084,-7.0863, 4.6799, 0.4116, 0.6182,0
-0.0584, 0.0000, 1.0775, 3.1415, 0.1550,-7.4491, 4.6799, 0.4368, 0.6190,0
-0.0560, 0.0000, 1.0021, 3.1415, 0.2189,-7.5216, 4.6799, 0.4053, 0.6197,0
-0.0535, 0.0000, 0.9204, 3.1415, 0.2499,-8.0388, 4.6799, 0.4699, 0.6204,0
-0.0503, 0.0000, 0.8356, 3.1415, 0.3046,-8.3936, 4.6799, 0.5047, 0.6211,0
-0.0466, 0.0000, 0.7476, 3.1415, 0.3580,-8.7158, 4.6799, 0.5369, 0.6218,0
-0.0422, 0.0000, 0.6565, 3.1415, 0.4172,-9.0316, 4.6799, 0.5732, 0.6225,0
-0.0373, 0.0000, 0.5623, 3.1415, 0.4775,-9.3461, 2.2045, 0.6153, 0.6233,0
-0.0319, 0.0000, 0.4649, 3.1415, 0.5260,-9.6603,-4.6799, 0.6646, 0.6240,0
-0.0272, 0.0000, 0.3675, 3.1415, 0.4871,-9.7232,-4.6799, 0.6534, 0.6247,0
-0.0219, 0.0000, 0.2670, 3.1415, 0.5158,-9.9871,-4.6799, 0.7037, 0.6254,0
-0.0167, 0.0000, 0.1665, 3.1415, 0.5215,-10.0399,-4.6799, 0.7030, 0.6261,0
-0.0121, 0.0000, 0.0691, 3.1415, 0.4741,-9.7991,-4.6799, 0.6279, 0.6269,0
-0.0075, 0.0000,-0.0282, 3.1415, 0.4646,-9.7509, 4.6799, 0.6133, 0.6276,0
-0.0029, 0.0000,-0.1256, 3.1415, 0.4567,-9.7413, 4.6799, 0.6160, 0.6283,0
 0.0013, 0.0000,-0.2230, 3.1415, 0.4369,-9.7394, 0.6344, 0.6276, 0.6290,0
 0.0056, 0.0000,-0.3204, 3.1415, 0.4269,-9.7390,-4.6799, 0.6463, 0.6297,0
 0.0091, 0.0000,-0.4146, 3.1415, 0.3703,-9.4876, 4.6799, 0.6029, 0.6304,0
 0.0131, 0.0000,-0.5089, 3.1415, 0.3893,-9.4373, 4.6799, 0.6198, 0.6312,0
 0.0166, 0.0000,-0.6000, 3.1415, 0.3628,-9.1759, 4.6799, 0.5861, 0.6319,0
 0.0202, 0.0000,-0.6880, 3.1415, 0.3575,-8.8723, 4.6799, 0.5473, 0.6326,0
 0.0232, 0.0000,-0.7728, 3.1415, 0.3140,-8.5603, 4.6799, 0.5117, 0.6333,0
 0.0262, 0.0000,-0.8576, 3.1415, 0.2992,-8.4979, 4.6799, 0.5412, 0.6340,0
 0.0291, 0.0000,-0.9361, 3.1415, 0.2902,-7.9827, 4.6799, 0.4664, 0.6348,0
 0.0318, 0.0000,-1.0147, 3.1415, 0.2763,-7.8797, 4.6799, 0.4902, 0.6355,0
 0.0345, 0.0000,-1.0901, 3.1415, 0.2735,-7.6078, 4.6799, 0.4782, 0.6362,0
 0.0371, 0.0000,-1.1623, 3.1415, 0.2608,-7.3020, 4.6799, 0.4612, 0.6369,0
 0.0392, 0.0000,-1.2346, 3.1415, 0.2219,-7.2409, 4.6799, 0.4971, 0.6376,0
 0.0415, 0.0000,-1.3006, 3.1415, 0.2262,-6.7260, 4.6799, 0.4416, 0.6383,0
 0.0438, 0.0000,-1.3634, 3.1415, 0.2271,-6.3717, 4.6799, 0.4205, 0.6391,0
 0.0460, 0.0000,-1.4262, 3.1415, 0.2273,-6.3009, 4.6799, 0.4524, 0.6398,0
 0.0482, 0.0000,-1.4828, 3.1415, 0.2152,-5.7840, 4.6799, 0.4052, 0.6405,0
 0.0504, 0.0000,-1.5393, 3.1415, 0.2249,-5.6807, 4.6799, 0.4292, 0.6412,0
 0.0527, 0.0000,-1.5896, 3.1415, 0.2268,-5.1573,-4.6799, 0.3859, 0.6419,0
 0.0540, 0.0000,-1.6399, 3.1415, 0.1484,-5.0527,-4.6799, 0.4070, 0.6426,0
 0.0556, 0.0000,-1.6838, 3.1415, 0.1570,-4.5291,-4.6799, 0.3682, 0.6434,0
 0.0569, 0.0000,-1.7278, 3.1415, 0.1405,-4.4244,-4.6799, 0.3863, 0.6441,0
 0.0577, 0.0000,-1.7687, 3.1415, 0.0887,-4.1521,-4.6799, 0.3825, 0.6448,0
 0.0582, 0.0000,-1.8064, 3.1415, 0.0541,-3.8463,-4.6799, 0.3747, 0.6455,0
 0.0583, 0.0000,-1.8409, 3.1415, 0.0229,-3.5338,-4.6799, 0.3664, 0.6462,0
 0.0580, 0.0000,-1.8723, 3.1415,-0.0196,-3.2200,-4.6799, 0.3584, 0.6470,0
 0.0577, 0.0000,-1.9038, 3.1415,-0.0281,-3.1572,-4.6799, 0.3742, 0.6477,0
 0.0572, 0.0000,-1.9289, 3.1415,-0.0420,-2.6420,-4.6799, 0.3494, 0.6484,0
 0.0562, 0.0000,-1.9540, 3.1415,-0.0932,-2.5390,-4.6799, 0.3587, 0.6491,0
 0.0551, 0.0000,-1.9760, 3.1415,-0.1035,-2.2671,-4.6799, 0.3550, 0.6498,0
 0.0541, 0.0000,-1.9949, 3.1415,-0.0995,-1.9613,-4.6799, 0.3493, 0.6505,0
 0.0527, 0.0000,-2.0106, 3.1415,-0.1351,-1.6489,-4.6799, 0.3438, 0.6513,0
 0.0510, 0.0000,-2.0263, 3.1415,-0.1664,-1.5864,-4.6799, 0.3511, 0.6520,0
 0.0493, 0.0000,-2.0357, 3.1415,-0.1666,-1.0712,-4.6799, 0.3380, 0.6527,0
 0.0474, 0.0000,-2.0451, 3.1415,-0.1849,-0.9682,-4.6799, 0.3411, 0.6534,0
 0.0452, 0.0000,-2.0514, 3.1415,-0.2128,-0.6962,-4.6799, 0.3388, 0.6541,0
 0.0429, 0.0000,-2.0577, 3.1415,-0.2244,-0.6419,-4.6799, 0.3417, 0.6549,0
 0.0406, 0.0000,-2.0608, 3.1415,-0.2328,-0.3797,-4.6799, 0.3400, 0.6556,0
 0.0381, 0.0000,-2.0577, 3.1415,-0.2466, 0.1753, 2.7268, 0.3364, 0.6563,0
 0.0366, 0.0000,-2.0546, 3.1415,-0.1645, 0.2864, 4.6799, 0.3351, 0.6570,0
 0.0347, 0.0000,-2.0483, 3.1415,-0.1844, 0.5599, 4.6799, 0.3344, 0.6577,0
 0.0333, 0.0000,-2.0388, 3.1415,-0.1521, 0.8659, 4.6799, 0.3344, 0.6584,0
 0.0320, 0.0000,-2.0263, 3.1415,-0.1334, 1.1784, 4.6799, 0.3353, 0.6592,0
 0.0314, 0.0000,-2.0074, 3.1415,-0.0752, 1.7436, 4.6799, 0.3462, 0.6599,0
 0.0313, 0.0000,-1.9886, 3.1415,-0.0271, 1.8566, 4.6799, 0.3396, 0.6606,0
 0.0313, 0.0000,-1.9666, 3.1415,-0.0054, 2.1306, 4.6799, 0.3404, 0.6613,0
 0.0316, 0.0000,-1.9383, 3.1415, 0.0231, 2.6880, 4.6799, 0.3592, 0.6620,0
 0.0322, 0.0000,-1.9100, 3.1415, 0.0531, 2.7995, 4.6799, 0.3487, 0.6628,0
 0.0331, 0.0000,-1.8786, 3.1415, 0.0833, 3.0731, 4.6799, 0.3498, 0.6635,0
 0.0339, 0.0000,-1.8441, 3.1415, 0.0833, 3.3792, 4.6799, 0.3537, 0.6642,0
 0.0350, 0.0000,-1.8032, 3.1415, 0.1076, 3.9431, 4.6799, 0.3831, 0.6649,0
 0.0364, 0.0000,-1.7624, 3.1415, 0.1306, 4.0558, 4.6799, 0.3670, 0.6656,0
 0.0381, 0.0000,-1.7184, 3.1415, 0.1595, 4.3297, 4.6799, 0.3681, 0.6663,0
 0.0399, 0.0000,-1.6713, 3.1415, 0.1774, 4.6358, 4.6799, 0.3729, 0.6671,0
 0.0416, 0.0000,-1.6210, 3.1415, 0.1688, 4.9484, 4.6799, 0.3788, 0.6678,0
 0.0433, 0.0000,-1.5676, 3.1415, 0.1732, 5.2622,-2.4603, 0.3854, 0.6685,0
 0.0443, 0.0000,-1.5079, 3.1415, 0.1134, 5.8276,-4.6799, 0.4303, 0.6692,0
 0.0455, 0.0000,-1.4482, 3.1415, 0.1197, 5.9407,-4.6799, 0.4063, 0.6699,0
 0.0464, 0.0000,-1.3854, 3.1415, 0.0967, 6.2146,-4.6799, 0.4083, 0.6707,0
 0.0466, 0.0000,-1.3194, 3.1415, 0.0375, 6.5208,-4.6799, 0.4167, 0.6714,0
 0.0464, 0.0000,-1.2503, 3.1415,-0.0106, 6.8333,-4.6799, 0.4275, 0.6721,0
 0.0458, 0.0000,-1.1780, 3.1415,-0.0506, 7.1472,-4.6799, 0.4403, 0.6728,0
 0.0444, 0.0000,-1.1026, 3.1415,-0.1192, 7.4612,-4.6799, 0.4553, 0.6735,0
 0.0425, 0.0000,-1.0210, 3.1415,-0.1754, 8.0267,-4.6799, 0.5268, 0.6742,0
 0.0403, 0.0000,-0.9393, 3.1415,-0.2109, 8.1398,-4.6799, 0.5036, 0.6750,0
 0.0375, 0.0000,-0.8513, 3.1415,-0.2725, 8.6651,-4.6799, 0.5779, 0.6757,0
 0.0340, 0.0000,-0.7634, 3.1415,-0.3334, 8.7701,-4.6799, 0.5580, 0.6764,0
 0.0300, 0.0000,-0.6691, 3.1415,-0.3880, 9.2938,-4.6799, 0.6460, 0.6771,0
 0.0256, 0.0000,-0.5717, 3.1415,-0.4292, 9.6499, 4.6799, 0.6998, 0.6778,0
 0.0216, 0.0000,-0.4712, 3.1415,-0.4072, 9.9724, 4.6799, 0.7524, 0.6786,0
 0.0168, 0.0000,-0.3738, 3.1415,-0.4634, 9.7856,-4.6799, 0.6721, 0.6793,0
 0.0113, 0.0000,-0.2701, 3.1415,-0.5292, 10.2509, 4.6799, 0.7791, 0.6800,0
 0.0071, 0.0000,-0.1696, 3.1415,-0.4453, 10.0926, 4.6799, 0.7182, 0.6807,0
 0.0025, 0.0000,-0.0659, 3.1415,-0.4589, 10.3123, 4.6799, 0.7722, 0.6814,0
-0.0015, 0.0000, 0.0345, 3.1415,-0.4192, 10.1049, 4.6799, 0.7118, 0.6821,0
-0.0051, 0.0000, 0.1350, 3.1415,-0.3688, 10.0634, 4.6799, 0.7062, 0.6829,0
-0.0085, 0.0000, 0.2293, 3.1415,-0.3466, 9.5525,-4.6799, 0.5782, 0.6836,0
-0.0117, 0.0000, 0.3267, 3.1415,-0.3239, 9.7016,-4.6799, 0.6376, 0.6843,0
-0.0144, 0.0000, 0.4178, 3.1415,-0.2770, 9.2288,-4.6799, 0.5360, 0.6850,0
-0.0172, 0.0000, 0.5120, 3.1415,-0.2797, 9.3855,-4.6799, 0.6072, 0.6857,0
-0.0195, 0.0000, 0.6031, 3.1415,-0.2439, 9.1656,-4.6799, 0.5847, 0.6865,0
-0.0219, 0.0000, 0.6911, 3.1415,-0.2367, 8.8702,-4.6799, 0.5482, 0.6872,0
-0.0241, 0.0000, 0.7759, 3.1415,-0.2231, 8.5598,-4.6799, 0.5132, 0.6879,0
-0.0260, 0.0000, 0.8607, 3.1415,-0.2022, 8.4978,-4.6799, 0.5429, 0.6886,0
-0.0280, 0.0000, 0.9424, 3.1415,-0.1981, 8.2340,-4.6799, 0.5271, 0.6893,0
-0.0300, 0.0000, 1.0210, 3.1415,-0.1972, 7.9299,-4.6799, 0.5051, 0.6900,0
-0.0317, 0.0000, 1.0964, 3.1415,-0.1789, 7.6178,-4.6799, 0.4844, 0.6908,0
-0.0333, 0.0000, 1.1686, 3.1415,-0.1631, 7.3041,-4.6799, 0.4658, 0.6915,0
-0.0350, 0.0000, 1.2377, 3.1415,-0.1660, 6.9900,-4.6799, 0.4493, 0.6922,0
-0.0364, 0.0000, 1.3069, 3.1415,-0.1484, 6.9272,-4.6799, 0.4845, 0.6929,0
-0.0378, 0.0000, 1.3697, 3.1415,-0.1388, 6.4119,-4.6799, 0.4321, 0.6936,0
-0.0392, 0.0000, 1.4325, 3.1415,-0.1429, 6.3089,-4.6799, 0.4582, 0.6944,0
-0.0406, 0.0000, 1.4891, 3.1415,-0.1377, 5.7856,-4.6799, 0.4100, 0.6951,0
-0.0419, 0.0000, 1.5456, 3.1415,-0.1366, 5.6810,-4.6799, 0.4337, 0.6958,0
-0.0435, 0.0000, 1.5959, 3.1415,-0.1546, 5.1574, 4.6799, 0.3904, 0.6965,0
-0.0440, 0.0000, 1.6461, 3.1415,-0.0673, 5.0527, 4.6799, 0.4115, 0.6972,0
-0.0450, 0.0000, 1.6933, 3.1415,-0.0922, 4.7804, 4.6799, 0.4076, 0.6979,0
-0.0454, 0.0000, 1.7373, 3.1415,-0.0548, 4.4746, 4.6799, 0.3993, 0.6987,0
-0.0456, 0.0000, 1.7749, 3.1415,-0.0230, 3.9108, 4.6799, 0.3597, 0.6994,0
-0.0455, 0.0000, 1.8158, 3.1415, 0.0014, 4.0494, 4.6799, 0.4037, 0.7001,0
-0.0450, 0.0000, 1.8503, 3.1415, 0.0427, 3.5744, 4.6799, 0.3770, 0.7008,0
-0.0443, 0.0000, 1.8818, 3.1415, 0.0631, 3.2281, 4.6799, 0.3656, 0.7015,0
-0.0434, 0.0000, 1.9132, 3.1415, 0.0853, 3.1589, 4.6799, 0.3808, 0.7023,0
-0.0422, 0.0000, 1.9383, 3.1415, 0.1080, 2.6423, 4.6799, 0.3557, 0.7030,0
-0.0410, 0.0000, 1.9634, 3.1415, 0.1186, 2.5391, 4.6799, 0.3650, 0.7037,0
-0.0395, 0.0000, 1.9854, 3.1415, 0.1449, 2.2671, 4.6799, 0.3612, 0.7044,0
-0.0379, 0.0000, 2.0043, 3.1415, 0.1563, 1.9613, 4.6799, 0.3555, 0.7051,0
-0.0362, 0.0000, 2.0231, 3.1415, 0.1707, 1.9002, 4.6799, 0.3644, 0.7058,0
-0.0341, 0.0000, 2.0357, 3.1415, 0.2039, 1.3853, 4.6799, 0.3488, 0.7066,0
-0.0318, 0.0000, 2.0483, 3.1415, 0.2226, 1.2823, 4.6799, 0.3530, 0.7073,0
-0.0295, 0.0000, 2.0577, 3.1415, 0.2264, 1.0104, 4.6799, 0.3503, 0.7080,0
-0.0273, 0.0000, 2.0640, 3.1415, 0.2211, 0.7047, 4.6799, 0.3469, 0.7087,0
-0.0249, 0.0000, 2.0703, 3.1415, 0.2382, 0.6436, 4.6799, 0.3497, 0.7094,0
-0.0223, 0.0000, 2.0703, 3.1415, 0.2538, 0.1287, 4.6799, 0.3441, 0.7102,0
-0.0196, 0.0000, 2.0703, 3.1415, 0.2690, 0.0257, 0.4573, 0.3439, 0.7109,0
-0.0171, 0.0000, 2.0671, 3.1415, 0.2538,-0.2461,-4.6799, 0.3428, 0.7116,0
-0.0150, 0.0000, 2.0608, 3.1415, 0.2144,-0.5518,-4.6799, 0.3422, 0.7123,0
-0.0128, 0.0000, 2.0546, 3.1415, 0.2247,-0.6130,-4.6799, 0.3392, 0.7130,0
-0.0108, 0.0000, 2.0420, 3.1415, 0.2026,-1.1279,-4.6799, 0.3438, 0.7137,0
-0.0093, 0.0000, 2.0263, 3.1415, 0.1617,-1.4822,-4.6799, 0.3466, 0.7145,0
-0.0081, 0.0000, 2.0074, 3.1415, 0.1233,-1.8044,-4.6799, 0.3492, 0.7152,0
-0.0074, 0.0000, 1.9854, 3.1415, 0.0852,-2.1201,-4.6799, 0.3522, 0.7159,0
-0.0071, 0.0000, 1.9603, 3.1415, 0.0413,-2.4346,-4.6799, 0.3557, 0.7166,0
-0.0071, 0.0000, 1.9320, 3.1415, 0.0082,-2.7488,-4.6799, 0.3596, 0.7173,0
-0.0075, 0.0000, 1.9006, 3.1415,-0.0286,-3.0630,-4.6799, 0.3639, 0.7181,0
-0.0081, 0.0000, 1.8661, 3.1415,-0.0603,-3.3772,-4.6799, 0.3686, 0.7188,0
-0.0090, 0.0000, 1.8284, 3.1415,-0.0787,-3.6913,-4.6799, 0.3737, 0.7195,0
-0.0101, 0.0000, 1.7875, 3.1415,-0.1067,-4.0055,-4.6799, 0.3790, 0.7202,0
-0.0114, 0.0000, 1.7435, 3.1415,-0.1244,-4.3196,-4.6799, 0.3846, 0.7209,0
-0.0128, 0.0000, 1.6964, 3.1415,-0.1400,-4.6338,-4.6799, 0.3906, 0.7216,0
-0.0144, 0.0000, 1.6461, 3.1415,-0.1492,-4.9480,-4.6799, 0.3968, 0.7224,0
-0.0159, 0.0000, 1.5927, 3.1415,-0.1571,-5.2621,-4.6799, 0.4034, 0.7231,0
-0.0175, 0.0000, 1.5393, 3.1415,-0.1587,-5.3249, 4.6799, 0.3744, 0.7238,0
-0.0181, 0.0000, 1.4796, 3.1415,-0.0802,-5.8402, 4.6799, 0.4121, 0.7245,0
-0.0190, 0.0000, 1.4168, 3.1415,-0.0888,-6.1945, 4.6799, 0.4271, 0.7252,0
-0.0193, 0.0000, 1.3508, 3.1415,-0.0359,-6.5167, 4.6799, 0.4379, 0.7260,0
-0.0191, 0.0000, 1.2817, 3.1415, 0.0049,-6.8325, 4.6799, 0.4489, 0.7267,0
-0.0184, 0.0000, 1.2095, 3.1415, 0.0555,-7.1470, 4.6799, 0.4612, 0.7274,0
-0.0171, 0.0000, 1.1341, 3.1415, 0.1202,-7.4612, 4.6799, 0.4756, 0.7281,0
-0.0153, 0.0000, 1.0555, 3.1415, 0.1635,-7.7754, 4.6799, 0.4925, 0.7288,0
-0.0131, 0.0000, 0.9738, 3.1415, 0.2146,-8.0895, 4.6799, 0.5125, 0.7295,0
-0.0102, 0.0000, 0.8859, 3.1415, 0.2733,-8.6550, 4.6799, 0.5945, 0.7303,0
-0.0069, 0.0000, 0.7979, 3.1415, 0.3153,-8.7681, 4.6799, 0.5749, 0.7310,0
-0.0031, 0.0000, 0.7068, 3.1415, 0.3662,-9.0421, 4.6799, 0.5986, 0.7317,0
 0.0013, 0.0000, 0.6094, 3.1415, 0.4370,-9.5995, 4.6799, 0.7013, 0.7324,0
 0.0062, 0.0000, 0.5089, 3.1415, 0.4754,-9.9623,-4.6799, 0.7624, 0.7331,0
 0.0109, 0.0000, 0.4084, 3.1415, 0.4710,-10.0349,-4.6799, 0.7507, 0.7339,0
 0.0159, 0.0000, 0.3078, 3.1415, 0.5004,-10.0494,-0.0714, 0.7295, 0.7346,0
 0.0211, 0.0000, 0.2042, 3.1415, 0.5123,-10.3036,-4.6799, 0.7831, 0.7353,0
 0.0259, 0.0000, 0.1005, 3.1415, 0.4844,-10.3545,-4.6799, 0.7865, 0.7360,0
 0.0303, 0.0000, 0.0000, 3.1415, 0.4485,-10.1133, 4.6799, 0.7138, 0.7367,0
 0.0351, 0.0000,-0.1005, 3.1415, 0.4777,-10.0651, 4.6799, 0.7038, 0.7374,0
 0.0399, 0.0000,-0.2010, 3.1415, 0.4775,-10.0555, 4.6799, 0.7119, 0.7382,0
 0.0443, 0.0000,-0.3015, 3.1415, 0.4471,-10.0535, 4.6799, 0.7293, 0.7389,0
 0.0486, 0.0000,-0.4021, 3.1415, 0.4350,-10.0531,-4.6799, 0.7541, 0.7396,0
 0.0519, 0.0000,-0.4995, 3.1415, 0.3477,-9.8017, 4.6799, 0.7146, 0.7403,0
 0.0563, 0.0000,-0.5937, 3.1415, 0.4212,-9.5001, 4.6799, 0.6683, 0.7410,0
 0.0599, 0.0000,-0.6880, 3.1415, 0.3752,-9.4398, 4.6799, 0.6928, 0.7417,0
 0.0631, 0.0000,-0.7759, 3.1415, 0.3297,-8.9251, 4.6799, 0.6026, 0.7425,0
 0.0662, 0.0000,-0.8639, 3.1415, 0.3145,-8.8221, 4.6799, 0.6232, 0.7432,0
 0.0685, 0.0000,-0.9487, 3.1415, 0.2508,-8.5502, 4.6799, 0.6050, 0.7439,0
 0.0714, 0.0000,-1.0304, 3.1415, 0.2805,-8.2445, 4.6799, 0.5822, 0.7446,0
 0.0742, 0.0000,-1.1089, 3.1415, 0.2743,-7.9321, 4.6799, 0.5608, 0.7453,0
 0.0763, 0.0000,-1.1875, 3.1415, 0.2246,-7.8695, 4.6799, 0.5984, 0.7461,0
 0.0785, 0.0000,-1.2597, 3.1415, 0.2268,-7.3544, 4.6799, 0.5374, 0.7468,0
 0.0804, 0.0000,-1.3288, 3.1415, 0.1969,-7.0001, 4.6799, 0.5140, 0.7475,0
 0.0826, 0.0000,-1.3980, 3.1415, 0.2091,-6.9292, 4.6799, 0.5487, 0.7482,0
 0.0847, 0.0000,-1.4608, 3.1415, 0.2116,-6.4123, 4.6799, 0.4968, 0.7489,0
 0.0863, 0.0000,-1.5205, 3.1415, 0.1696,-6.0576, 4.6799, 0.4776, 0.7496,0
 0.0881, 0.0000,-1.5802, 3.1415, 0.1794,-5.9867,-4.6799, 0.5085, 0.7504,0
 0.0892, 0.0000,-1.6367, 3.1415, 0.1207,-5.7212,-4.6799, 0.5055, 0.7511,0
 0.0906, 0.0000,-1.6870, 3.1415, 0.1393,-5.1654,-4.6799, 0.4568, 0.7518,0
 0.0911, 0.0000,-1.7373, 3.1415, 0.0642,-5.0543,-4.6799, 0.4766, 0.7525,0
 0.0914, 0.0000,-1.7844, 3.1415, 0.0371,-4.7807,-4.6799, 0.4722, 0.7532,0
 0.0914, 0.0000,-1.8284, 3.1415, 0.0134,-4.4747,-4.6799, 0.4632, 0.7540,0
 0.0907, 0.0000,-1.8692, 3.1415,-0.0518,-4.1621,-4.6799, 0.4536, 0.7547,0
 0.0899, 0.0000,-1.9069, 3.1415,-0.0770,-3.8483,-4.6799, 0.4442, 0.7554,0
 0.0890, 0.0000,-1.9446, 3.1415,-0.0881,-3.7856,-4.6799, 0.4628, 0.7561,0
 0.0876, 0.0000,-1.9760, 3.1415,-0.1328,-3.2703,-4.6799, 0.4328, 0.7568,0
 0.0861, 0.0000,-2.0074, 3.1415,-0.1417,-3.1673,-4.6799, 0.4441, 0.7575,0
 0.0843, 0.0000,-2.0388, 3.1415,-0.1738,-3.1467,-4.6799, 0.4626, 0.7583,0
 0.0825, 0.0000,-2.0640, 3.1415,-0.1802,-2.6399,-4.6799, 0.4375, 0.7590,0
 0.0803, 0.0000,-2.0860, 3.1415,-0.2118,-2.2872,-4.6799, 0.4270, 0.7597,0
 0.0782, 0.0000,-2.1080, 3.1415,-0.2060,-2.2167,-4.6799, 0.4362, 0.7604,0
 0.0759, 0.0000,-2.1268, 3.1415,-0.2291,-1.9513,-4.6799, 0.4323, 0.7611,0
 0.0732, 0.0000,-2.1457, 3.1415,-0.2580,-1.8982,-4.6799, 0.4409, 0.7619,0
 0.0707, 0.0000,-2.1582, 3.1415,-0.2577,-1.3849,-4.6799, 0.4248, 0.7626,0
 0.0679, 0.0000,-2.1708, 3.1415,-0.2698,-1.2822,-4.6799, 0.4285, 0.7633,0
 0.0650, 0.0000,-2.1802, 3.1415,-0.2904,-1.0104,-4.6799, 0.4253, 0.7640,0
 0.0619, 0.0000,-2.1896, 3.1415,-0.3066,-0.9560,-4.6799, 0.4293, 0.7647,0
 0.0588, 0.0000,-2.1959, 3.1415,-0.3099,-0.6938,-4.6799, 0.4269, 0.7654,0
 0.0556, 0.0000,-2.1991, 3.1415,-0.3166,-0.3900,-4.6799, 0.4242, 0.7662,0
 0.0521, 0.0000,-2.1991, 3.1415,-0.3422,-0.0780,-4.6799, 0.4221, 0.7669,0
 0.0485, 0.0000,-2.1991, 3.1415,-0.3534,-0.0156,-1.0957, 0.4220, 0.7676,0
 0.0450, 0.0000,-2.1959, 3.1415,-0.3495, 0.2481, 4.6799, 0.4211, 0.7683,0
 0.0423, 0.0000,-2.1865, 3.1415,-0.2882, 0.8036, 4.6799, 0.4237, 0.7690,0
 0.0393, 0.0000,-2.1802, 3.1415,-0.3001, 0.6633, 4.6799, 0.4172, 0.7698,0
 0.0368, 0.0000,-2.1676, 3.1415,-0.2601, 1.1379, 4.6799, 0.4217, 0.7705,0
 0.0347, 0.0000,-2.1488, 3.1415,-0.2217, 1.7355, 4.6799, 0.4345, 0.7712,0
 0.0331, 0.0000,-2.1299, 3.1415,-0.1716, 1.8550, 4.6799, 0.4291, 0.7719,0
 0.0319, 0.0000,-2.1080, 3.1415,-0.1252, 2.1303, 4.6799, 0.4310, 0.7726,0
 0.0312, 0.0000,-2.0828, 3.1415,-0.0856, 2.4366, 4.6799, 0.4349, 0.7733,0
 0.0309, 0.0000,-2.0514, 3.1415,-0.0413, 3.0006, 4.6799, 0.4580, 0.7741,0
 0.0309, 0.0000,-2.0200, 3.1415,-0.0082, 3.1133, 4.6799, 0.4475, 0.7748,0
 0.0309, 0.0000,-1.9854, 3.1415, 0.0044, 3.3872, 4.6799, 0.4499, 0.7755,0
 0.0314, 0.0000,-1.9446, 3.1415, 0.0372, 3.9447, 4.6799, 0.4800, 0.7762,0
 0.0320, 0.0000,-1.9038, 3.1415, 0.0559, 4.0562, 4.6799, 0.4650, 0.7769,0
 0.0328, 0.0000,-1.8598, 3.1415, 0.0778, 4.3298, 4.6799, 0.4671, 0.7777,0
 0.0339, 0.0000,-1.8126, 3.1415, 0.1004, 4.6358, 4.6799, 0.4728, 0.7784,0
 0.0350, 0.0000,-1.7624, 3.1415, 0.1049, 4.9484, 4.6799, 0.4795, 0.7791,0
 0.0363, 0.0000,-1.7090, 3.1415, 0.1240, 5.2622, 4.6799, 0.4866, 0.7798,0
 0.0377, 0.0000,-1.6524, 3.1415, 0.1400, 5.5763, 4.6799, 0.4939, 0.7805,0
 0.0391, 0.0000,-1.5927, 3.1415, 0.1432, 5.8905, 4.6799, 0.5015, 0.7812,0
 0.0405, 0.0000,-1.5299, 3.1415, 0.1377, 6.2046,-4.6799, 0.5096, 0.7820,0
 0.0412, 0.0000,-1.4639, 3.1415, 0.0821, 6.5188,-4.6799, 0.5183, 0.7827,0
 0.0416, 0.0000,-1.3948, 3.1415, 0.0528, 6.8329,-4.6799, 0.5279, 0.7834,0
 0.0420, 0.0000,-1.3226, 3.1415, 0.0408, 7.1471,-4.6799, 0.5387, 0.7841,0
 0.0416, 0.0000,-1.2472, 3.1415,-0.0282, 7.4612,-4.6799, 0.5510, 0.7848,0
 0.0407, 0.0000,-1.1686, 3.1415,-0.0723, 7.7754,-4.6799, 0.5653, 0.7856,0
 0.0394, 0.0000,-1.0838, 3.1415,-0.1175, 8.3409,-4.6799, 0.6379, 0.7863,0
 0.0374, 0.0000,-0.9990, 3.1415,-0.1872, 8.4540,-4.6799, 0.6120, 0.7870,0
 0.0349, 0.0000,-0.9110, 3.1415,-0.2375, 8.7279,-4.6799, 0.6263, 0.7877,0
 0.0318, 0.0000,-0.8168, 3.1415,-0.2961, 9.2854,-4.6799, 0.7154, 0.7884,0
 0.0279, 0.0000,-0.7194, 3.1415,-0.3684, 9.6482,-4.6799, 0.7630, 0.7891,0
 0.0237, 0.0000,-0.6220, 3.1415,-0.4132, 9.7207,-4.6799, 0.7393, 0.7899,0
 0.0190, 0.0000,-0.5183, 3.1415,-0.4585, 10.2379, 4.6799, 0.8436, 0.7906,0
 0.0146, 0.0000,-0.4146, 3.1415,-0.4433, 10.3414, 4.6799, 0.8399, 0.7913,0
 0.0096, 0.0000,-0.3078, 3.1415,-0.4888, 10.6134, 4.6799, 0.8926, 0.7920,0
 0.0049, 0.0000,-0.2010, 3.1415,-0.4737, 10.6678, 4.6799, 0.8896, 0.7927,0
 0.0004, 0.0000,-0.0973, 3.1415,-0.4524, 10.4273, 4.6799, 0.8075, 0.7935,0
-0.0034, 0.0000, 0.0094, 3.1415,-0.3997, 10.6306, 4.6799, 0.8640, 0.7942,0
-0.0069, 0.0000, 0.1130, 3.1415,-0.3649, 10.4199, 4.6799, 0.8065, 0.7949,0
-0.0098, 0.0000, 0.2136, 3.1415,-0.3033, 10.1264,-4.6799, 0.7338, 0.7956,0
-0.0131, 0.0000, 0.3110, 3.1415,-0.3214, 9.8164,-4.6799, 0.6654, 0.7963,0
-0.0158, 0.0000, 0.4084, 3.1415,-0.2825, 9.7544,-4.6799, 0.6730, 0.7970,0
-0.0181, 0.0000, 0.5057, 3.1415,-0.2384, 9.7420,-4.6799, 0.7005, 0.7978,0
-0.0204, 0.0000, 0.6000, 3.1415,-0.2356, 9.4882,-4.6799, 0.6677, 0.7985,0
-0.0226, 0.0000, 0.6911, 3.1415,-0.2229, 9.1861,-4.6799, 0.6280, 0.7992,0
-0.0246, 0.0000, 0.7822, 3.1415,-0.2022, 9.1257,-4.6799, 0.6565, 0.7999,0
-0.0266, 0.0000, 0.8702, 3.1415,-0.1980, 8.8623,-4.6799, 0.6366, 0.8006,0
-0.0281, 0.0000, 0.9550, 3.1415,-0.1669, 8.5582,-4.6799, 0.6106, 0.8014,0
-0.0298, 0.0000, 1.0367, 3.1415,-0.1667, 8.2461,-4.6799, 0.5864, 0.8021,0
-0.0314, 0.0000, 1.1184, 3.1415,-0.1606, 8.1837,-4.6799, 0.6237, 0.8028,0
-0.0327, 0.0000, 1.1938, 3.1415,-0.1352, 7.6686,-4.6799, 0.5589, 0.8035,0
-0.0340, 0.0000, 1.2660, 3.1415,-0.1301, 7.3142,-4.6799, 0.5335, 0.8042,0
-0.0353, 0.0000, 1.3383, 3.1415,-0.1291, 7.2433,-4.6799, 0.5690, 0.8049,0
-0.0363, 0.0000, 1.4042, 3.1415,-0.1046, 6.7265,-4.6799, 0.5144, 0.8057,0
-0.0373, 0.0000, 1.4702, 3.1415,-0.1058, 6.6231,-4.6799, 0.5420, 0.8064,0
-0.0383, 0.0000, 1.5330, 3.1415,-0.0999, 6.3511,-4.6799, 0.5376, 0.8071,0
-0.0392, 0.0000, 1.5896, 3.1415,-0.0927, 5.7941, 4.6799, 0.4835, 0.8078,0
-0.0392, 0.0000, 1.6461, 3.1415,-0.0185, 5.6827, 4.6799, 0.5061, 0.8085,0
-0.0396, 0.0000, 1.6996, 3.1415,-0.0340, 5.4091, 4.6799, 0.5018, 0.8093,0
-0.0395, 0.0000, 1.7498, 3.1415,-0.0007, 5.1030, 4.6799, 0.4924, 0.8100,0
-0.0391, 0.0000, 1.7969, 3.1415, 0.0362, 4.7905, 4.6799, 0.4823, 0.8107,0
-0.0383, 0.0000, 1.8409, 3.1415, 0.0678, 4.4766, 4.6799, 0.4722, 0.8114,0
-0.0372, 0.0000, 1.8818, 3.1415, 0.0984, 4.1625, 4.6799, 0.4623, 0.8121,0
-0.0358, 0.0000, 1.9226, 3.1415, 0.1348, 4.0997, 4.6799, 0.4827, 0.8128,0
-0.0343, 0.0000, 1.9572, 3.1415, 0.1482, 3.5845, 4.6799, 0.4505, 0.8136,0
-0.0327, 0.0000, 1.9917, 3.1415, 0.1569, 3.4815, 4.6799, 0.4631, 0.8143,0
-0.0308, 0.0000, 2.0231, 3.1415, 0.1829, 3.2095, 4.6799, 0.4581, 0.8150,0
-0.0288, 0.0000, 2.0514, 3.1415, 0.1942, 2.9038, 4.6799, 0.4500, 0.8157,0
-0.0266, 0.0000, 2.0797, 3.1415, 0.2207, 2.8427, 4.6799, 0.4630, 0.8164,0
-0.0244, 0.0000, 2.1048, 3.1415, 0.2199, 2.5791, 4.6799, 0.4586, 0.8172,0
-0.0219, 0.0000, 2.1237, 3.1415, 0.2440, 2.0237, 4.6799, 0.4344, 0.8179,0
-0.0192, 0.0000, 2.1457, 3.1415, 0.2610, 2.1640, 4.6799, 0.4560, 0.8186,0
-0.0165, 0.0000, 2.1614, 3.1415, 0.2644, 1.6894, 4.6799, 0.4398, 0.8193,0
-0.0137, 0.0000, 2.1771, 3.1415, 0.2772, 1.5945, 4.6799, 0.4448, 0.8200,0
-0.0109, 0.0000, 2.1865, 3.1415, 0.2858, 1.0728, 4.6799, 0.4308, 0.8207,0
-0.0077, 0.0000, 2.1991, 3.1415, 0.3118, 1.2198, 4.6799, 0.4429, 0.8215,0
-0.0046, 0.0000, 2.2053, 3.1415, 0.3109, 0.7466, 4.6799, 0.4335, 0.8222,0
-0.0015, 0.0000, 2.2116, 3.1415, 0.3107, 0.6519, 4.6799, 0.4353, 0.8229,0
 0.0017, 0.0000, 2.2148, 3.1415, 0.3228, 0.3817, 4.6799, 0.4331, 0.8236,0
 0.0051, 0.0000, 2.2148, 3.1415, 0.3374, 0.0763, 1.9686, 0.4312, 0.8243,0
 0.0086, 0.0000, 2.2148, 3.1415, 0.3464, 0.0152,-2.6055, 0.4311, 0.8251,0
 0.0115, 0.0000, 2.2116, 3.1415, 0.2996,-0.2482,-4.6799, 0.4302, 0.8258,0
 0.0141, 0.0000, 2.2053, 3.1415, 0.2721,-0.5523,-4.6799, 0.4299, 0.8265,0
 0.0169, 0.0000, 2.1959, 3.1415, 0.2727,-0.8644,-4.6799, 0.4307, 0.8272,0
 0.0189, 0.0000, 2.1802, 3.1415, 0.2182,-1.4295,-4.6799, 0.4396, 0.8279,0
 0.0206, 0.0000, 2.1645, 3.1415, 0.1770,-1.5425,-4.6799, 0.4350, 0.8286,0
 0.0219, 0.0000, 2.1457, 3.1415, 0.1384,-1.8164,-4.6799, 0.4366, 0.8294,0
 0.0225, 0.0000, 2.1205, 3.1415, 0.0822,-2.3739,-4.6799, 0.4540, 0.8301,0
 0.0232, 0.0000, 2.0954, 3.1415, 0.0710,-2.4854,-4.6799, 0.4461, 0.8308,0
 0.0234, 0.0000, 2.0671, 3.1415, 0.0263,-2.7590,-4.6799, 0.4485, 0.8315,0
 0.0231, 0.0000, 2.0326, 3.1415,-0.0129,-3.3163,-4.6799, 0.4739, 0.8322,0
 0.0228, 0.0000, 1.9980, 3.1415,-0.0268,-3.4278,-4.6799, 0.4620, 0.8330,0
 0.0222, 0.0000, 1.9603, 3.1415,-0.0538,-3.7015,-4.6799, 0.4645, 0.8337,0
 0.0214, 0.0000, 1.9195, 3.1415,-0.0774,-4.0075,-4.6799, 0.4702, 0.8344,0
 0.0205, 0.0000, 1.8723, 3.1415,-0.0882,-4.5714,-4.6799, 0.5058, 0.8351,0
 0.0195, 0.0000, 1.8252, 3.1415,-0.0964,-4.6842,-4.6799, 0.4879, 0.8358,0
 0.0183, 0.0000, 1.7749, 3.1415,-0.1163,-4.9580,-4.6799, 0.4897, 0.8365,0
 0.0171, 0.0000, 1.7215, 3.1415,-0.1202,-5.2641,-4.6799, 0.4958, 0.8373,0
 0.0157, 0.0000, 1.6650, 3.1415,-0.1331,-5.5767,-4.6799, 0.5029, 0.8380,0
 0.0142, 0.0000, 1.6053, 3.1415,-0.1479,-5.8905,-4.6799, 0.5105, 0.8387,0
 0.0127, 0.0000, 1.5456, 3.1415,-0.1508,-5.9533, 4.6799, 0.4781, 0.8394,0
 0.0122, 0.0000, 1.4796, 3.1415,-0.0665,-6.4685, 4.6799, 0.5204, 0.8401,0
 0.0115, 0.0000, 1.4105, 3.1415,-0.0739,-6.8229, 4.6799, 0.5371, 0.8409,0
 0.0112, 0.0000, 1.3383, 3.1415,-0.0329,-7.1451, 4.6799, 0.5492, 0.8416,0
 0.0115, 0.0000, 1.2629, 3.1415, 0.0115,-7.4608, 4.6799, 0.5616, 0.8423,0
 0.0123, 0.0000, 1.1843, 3.1415, 0.0690,-7.7753, 4.6799, 0.5757, 0.8430,0
 0.0138, 0.0000, 1.1026, 3.1415, 0.1350,-8.0895, 4.6799, 0.5921, 0.8437,0
 0.0158, 0.0000, 1.0178, 3.1415, 0.1846,-8.4037, 4.6799, 0.6116, 0.8444,0
 0.0183, 0.0000, 0.9267, 3.1415, 0.2370,-8.9692, 4.6799, 0.6951, 0.8452,0
 0.0212, 0.0000, 0.8356, 3.1415, 0.2838,-9.0823, 4.6799, 0.6732, 0.8459,0
 0.0249, 0.0000, 0.7382, 3.1415, 0.3478,-9.6076, 4.6799, 0.7611, 0.8466,0
 0.0291, 0.0000, 0.6408, 3.1415, 0.4030,-9.7126, 4.6799, 0.7451, 0.8473,0
 0.0338, 0.0000, 0.5372, 3.1415, 0.4626,-10.2363,-4.6799, 0.8500, 0.8480,0
 0.0383, 0.0000, 0.4335, 3.1415, 0.4502,-10.3410,-4.6799, 0.8454, 0.8487,0
 0.0434, 0.0000, 0.3267, 3.1415, 0.4962,-10.6133,-4.6799, 0.8968, 0.8495,0
 0.0484, 0.0000, 0.2199, 3.1415, 0.4994,-10.6678,-4.6799, 0.8924, 0.8502,0
 0.0528, 0.0000, 0.1130, 3.1415, 0.4515,-10.6786,-4.6799, 0.8829, 0.8509,0
 0.0571, 0.0000, 0.0094, 3.1415, 0.4359,-10.4295, 4.6799, 0.8047, 0.8516,0
 0.0618, 0.0000,-0.0973, 3.1415, 0.4631,-10.6310,-4.6799, 0.8675, 0.8523,0
 0.0653, 0.0000,-0.2010, 3.1415, 0.3715,-10.4200, 4.6799, 0.8164, 0.8531,0
 0.0695, 0.0000,-0.3015, 3.1415, 0.4138,-10.1264, 4.6799, 0.7499, 0.8538,0
 0.0731, 0.0000,-0.4052, 3.1415, 0.3677,-10.3190, 4.6799, 0.8308, 0.8545,0
 0.0767, 0.0000,-0.5026, 3.1415, 0.3585,-9.8549, 4.6799, 0.7304, 0.8552,0
 0.0799, 0.0000,-0.6031, 3.1415, 0.3324,-10.0134, 4.6799, 0.8124, 0.8559,0
 0.0828, 0.0000,-0.6974, 3.1415, 0.2968,-9.5425, 4.6799, 0.7244, 0.8566,0
 0.0857, 0.0000,-0.7916, 3.1415, 0.2958,-9.4483, 4.6799, 0.7452, 0.8574,0
 0.0886, 0.0000,-0.8827, 3.1415, 0.2835,-9.1781, 4.6799, 0.7233, 0.8581,0
 0.0909, 0.0000,-0.9707, 3.1415, 0.2446,-8.8727, 4.6799, 0.6966, 0.8588,0
 0.0931, 0.0000,-1.0555, 3.1415, 0.2247,-8.5604, 4.6799, 0.6721, 0.8595,0
 0.0951, 0.0000,-1.1372, 3.1415, 0.2026,-8.2465, 4.6799, 0.6504, 0.8602,0
 0.0969, 0.0000,-1.2157, 3.1415, 0.1860,-7.9325, 4.6799, 0.6313, 0.8610,0
 0.0986, 0.0000,-1.2911, 3.1415, 0.1766,-7.6183, 4.6799, 0.6143, 0.8617,0
 0.1005, 0.0000,-1.3665, 3.1415, 0.1869,-7.5555, 4.6799, 0.6535, 0.8624,0
 0.1017, 0.0000,-1.4357, 3.1415, 0.1343,-7.0403, 4.6799, 0.5972, 0.8631,0
 0.1033, 0.0000,-1.5016, 3.1415, 0.1542,-6.6859, 4.6799, 0.5762, 0.8638,0
 0.1045, 0.0000,-1.5676, 3.1415, 0.1278,-6.6150,-2.2386, 0.6103, 0.8645,0
 0.1054, 0.0000,-1.6273, 3.1415, 0.0922,-6.0982,-4.6799, 0.5612, 0.8653,0
 0.1061, 0.0000,-1.6838, 3.1415, 0.0790,-5.7435,-4.6799, 0.5428, 0.8660,0
 0.1062, 0.0000,-1.7404, 3.1415, 0.0218,-5.6725,-4.6799, 0.5717, 0.8667,0
 0.1064, 0.0000,-1.7938, 3.1415, 0.0225,-5.4070,-4.6799, 0.5681, 0.8674,0
 0.1060, 0.0000,-1.8441, 3.1415,-0.0318,-5.1026,-4.6799, 0.5583, 0.8681,0
 0.1052, 0.0000,-1.8880, 3.1415,-0.0670,-4.5391,-4.6799, 0.5124, 0.8689,0
 0.1043, 0.0000,-1.9352, 3.1415,-0.0861,-4.6777,-4.6799, 0.5622, 0.8696,0
 0.1031, 0.0000,-1.9760, 3.1415,-0.1142,-4.2028,-4.6799, 0.5304, 0.8703,0
 0.1016, 0.0000,-2.0169, 3.1415,-0.1441,-4.1078,-4.6799, 0.5460, 0.8710,0
 0.0998, 0.0000,-2.0514, 3.1415,-0.1743,-3.5861,-4.6799, 0.5120, 0.8717,0
 0.0980, 0.0000,-2.0860, 3.1415,-0.1743,-3.4818,-4.6799, 0.5235, 0.8724,0
 0.0961, 0.0000,-2.1205, 3.1415,-0.1925,-3.4609,-4.6799, 0.5428, 0.8732,0
 0.0939, 0.0000,-2.1488, 3.1415,-0.2143,-2.9541,-4.6799, 0.5145, 0.8739,0
 0.0914, 0.0000,-2.1771, 3.1415,-0.2368,-2.8527,-4.6799, 0.5231, 0.8746,0
 0.0890, 0.0000,-2.2022, 3.1415,-0.2414,-2.5811,-4.6799, 0.5171, 0.8753,0
 0.0863, 0.0000,-2.2242, 3.1415,-0.2665,-2.2755,-4.6799, 0.5090, 0.8760,0
 0.0835, 0.0000,-2.2462, 3.1415,-0.2776,-2.2144,-4.6799, 0.5176, 0.8768,0
 0.0805, 0.0000,-2.2650, 3.1415,-0.2920,-1.9508,-4.6799, 0.5127, 0.8775,0
 0.0775, 0.0000,-2.2839, 3.1415,-0.3009,-1.8981,-4.6799, 0.5202, 0.8782,0
 0.0742, 0.0000,-2.2965, 3.1415,-0.3209,-1.3849,-4.6799, 0.5034, 0.8789,0
 0.0709, 0.0000,-2.3122, 3.1415,-0.3309,-1.5336,-4.6799, 0.5178, 0.8796,0
 0.0674, 0.0000,-2.3216, 3.1415,-0.3451,-1.0607,-4.6799, 0.5056, 0.8803,0
 0.0638, 0.0000,-2.3310, 3.1415,-0.3600,-0.9661,-4.6799, 0.5079, 0.8811,0
 0.0601, 0.0000,-2.3373, 3.1415,-0.3691,-0.6958,-4.6799, 0.5048, 0.8818,0
 0.0563, 0.0000,-2.3436, 3.1415,-0.3769,-0.6418,-4.6799, 0.5071, 0.8825,0
 0.0524, 0.0000,-2.3467, 3.1415,-0.3846,-0.3796,-4.6799, 0.5049, 0.8832,0
 0.0484, 0.0000,-2.3499, 3.1415,-0.3982,-0.3272,-4.6799, 0.5060, 0.8839,0
 0.0442, 0.0000,-2.3467, 3.1415,-0.4131, 0.1858, 4.6799, 0.5034, 0.8847,0
 0.0410, 0.0000,-2.3467, 3.1415,-0.3372, 0.0371, 2.9699, 0.5029, 0.8854,0
 0.0374, 0.0000,-2.3404, 3.1415,-0.3584, 0.5100, 4.6799, 0.5033, 0.8861,0
 0.0344, 0.0000,-2.3310, 3.1415,-0.3142, 0.8559, 4.6799, 0.5051, 0.8868,0
 0.0316, 0.0000,-2.3184, 3.1415,-0.2811, 1.1765, 4.6799, 0.5076, 0.8875,0
 0.0295, 0.0000,-2.3027, 3.1415,-0.2259, 1.4919, 4.6799, 0.5111, 0.8882,0
 0.0278, 0.0000,-2.2839, 3.1415,-0.1785, 1.8063, 4.6799, 0.5154, 0.8890,0
 0.0266, 0.0000,-2.2619, 3.1415,-0.1387, 2.1205, 4.6799, 0.5206, 0.8897,0
 0.0256, 0.0000,-2.2368, 3.1415,-0.1065, 2.4347, 4.6799, 0.5266, 0.8904,0
 0.0253, 0.0000,-2.2085, 3.1415,-0.0455, 2.7488, 4.6799, 0.5333, 0.8911,0
 0.0252, 0.0000,-2.1771, 3.1415,-0.0151, 3.0630, 4.6799, 0.5405, 0.8918,0
 0.0253, 0.0000,-2.1425, 3.1415, 0.0030, 3.3772, 4.6799, 0.5482, 0.8926,0
 0.0257, 0.0000,-2.1048, 3.1415, 0.0369, 3.6913, 4.6799, 0.5563, 0.8933,0
 0.0265, 0.0000,-2.0640, 3.1415, 0.0680, 4.0055, 4.6799, 0.5646, 0.8940,0
 0.0274, 0.0000,-2.0200, 3.1415, 0.0863, 4.3196, 4.6799, 0.5730, 0.8947,0
 0.0285, 0.0000,-1.9760, 3.1415, 0.1082, 4.3825, 4.6799, 0.5520, 0.8954,0
 0.0297, 0.0000,-1.9257, 3.1415, 0.1186, 4.8977, 4.6799, 0.5854, 0.8961,0
 0.0309, 0.0000,-1.8723, 3.1415, 0.1207, 5.2521, 4.6799, 0.5994, 0.8969,0
 0.0324, 0.0000,-1.8189, 3.1415, 0.1393, 5.3229, 4.6799, 0.5730, 0.8976,0
 0.0339, 0.0000,-1.7592, 3.1415, 0.1491, 5.8398, 4.6799, 0.6120, 0.8983,0
 0.0354, 0.0000,-1.6996, 3.1415, 0.1510, 5.9431, 4.6799, 0.5867, 0.8990,0
 0.0370, 0.0000,-1.6336, 3.1415, 0.1575, 6.4665, 4.6799, 0.6305, 0.8997,0
 0.0385, 0.0000,-1.5676, 3.1415, 0.1467, 6.5711,-0.4030, 0.6022, 0.9005,0
 0.0394, 0.0000,-1.4985, 3.1415, 0.1081, 6.8434,-4.6799, 0.6038, 0.9012,0
 0.0400, 0.0000,-1.4231, 3.1415, 0.0640, 7.4005,-4.6799, 0.6611, 0.9019,0
 0.0403, 0.0000,-1.3477, 3.1415, 0.0431, 7.5119,-4.6799, 0.6311, 0.9026,0
 0.0401, 0.0000,-1.2692, 3.1415,-0.0095, 7.7855,-4.6799, 0.6353, 0.9033,0
 0.0394, 0.0000,-1.1843, 3.1415,-0.0625, 8.3429,-4.6799, 0.7038, 0.9040,0
 0.0381, 0.0000,-1.0995, 3.1415,-0.1155, 8.4544,-4.6799, 0.6746, 0.9048,0
 0.0360, 0.0000,-1.0084, 3.1415,-0.1868, 8.9793,-4.6799, 0.7459, 0.9055,0
 0.0333, 0.0000,-0.9142, 3.1415,-0.2556, 9.3357,-4.6799, 0.7818, 0.9062,0
 0.0302, 0.0000,-0.8168, 3.1415,-0.2997, 9.6582,-4.6799, 0.8143, 0.9069,0
 0.0262, 0.0000,-0.7162, 3.1415,-0.3752, 9.9741,-4.6799, 0.8511, 0.9076,0
 0.0217, 0.0000,-0.6126, 3.1415,-0.4388, 10.2886,-4.6799, 0.8944, 0.9084,0
 0.0167, 0.0000,-0.5026, 3.1415,-0.4879, 10.8541, 4.6799, 1.0201, 0.9091,0
 0.0122, 0.0000,-0.3926, 3.1415,-0.4613, 10.9672, 4.6799, 1.0205, 0.9098,0
 0.0070, 0.0000,-0.2827, 3.1415,-0.5045, 10.9899, 4.6799, 1.0013, 0.9105,0
 0.0020, 0.0000,-0.1727, 3.1415,-0.5010, 10.9944, 4.6799, 0.9848, 0.9112,0
-0.0026, 0.0000,-0.0628, 3.1415,-0.4761, 10.9953, 4.6799, 0.9758, 0.9119,0
-0.0067, 0.0000, 0.0471, 3.1415,-0.4226, 10.9955, 4.6799, 0.9753, 0.9127,0
-0.0105, 0.0000, 0.1539, 3.1415,-0.3876, 10.7442,-4.6799, 0.9065, 0.9134,0
-0.0144, 0.0000, 0.2576, 3.1415,-0.3928, 10.4426,-4.6799, 0.8322, 0.9141,0
-0.0181, 0.0000, 0.3644, 3.1415,-0.3696, 10.6336,-4.2575, 0.9121, 0.9148,0
-0.0211, 0.0000, 0.4680, 3.1415,-0.3164, 10.4205,-4.6799, 0.8793, 0.9155,0
-0.0241, 0.0000, 0.5686, 3.1415,-0.3058, 10.1265,-4.6799, 0.8305, 0.9163,0
-0.0271, 0.0000, 0.6660, 3.1415,-0.2976, 9.8164,-4.6799, 0.7844, 0.9170,0
-0.0298, 0.0000, 0.7634, 3.1415,-0.2778, 9.7544,-4.6799, 0.8132, 0.9177,0
-0.0325, 0.0000, 0.8576, 3.1415,-0.2677, 9.4907,-4.6799, 0.7912, 0.9184,0
-0.0347, 0.0000, 0.9519, 3.1415,-0.2354, 9.4379,-4.6799, 0.8304, 0.9191,0
-0.0367, 0.0000, 1.0398, 3.1415,-0.2047, 8.9247,-4.6799, 0.7515, 0.9198,0
-0.0388, 0.0000, 1.1246, 3.1415,-0.2046, 8.5707,-4.6799, 0.7185, 0.9206,0
-0.0405, 0.0000, 1.2063, 3.1415,-0.1803, 8.2486,-4.6799, 0.6966, 0.9213,0
-0.0419, 0.0000, 1.2880, 3.1415,-0.1452, 8.1842,-4.6799, 0.7374, 0.9220,0
-0.0433, 0.0000, 1.3634, 3.1415,-0.1442, 7.6687,-4.6799, 0.6754, 0.9227,0
-0.0447, 0.0000, 1.4388, 3.1415,-0.1440, 7.5655,-4.6799, 0.7068, 0.9234,0
-0.0461, 0.0000, 1.5079, 3.1415,-0.1379, 7.0423,-4.6799, 0.6492, 0.9242,0
-0.0474, 0.0000, 1.5770, 3.1415,-0.1306, 6.9376, 1.2424, 0.6783, 0.9249,0
-0.0479, 0.0000, 1.6430, 3.1415,-0.0625, 6.6654, 4.6799, 0.6738, 0.9256,0
-0.0485, 0.0000, 1.7027, 3.1415,-0.0610, 6.1083, 4.6799, 0.6168, 0.9263,0
-0.0487, 0.0000, 1.7624, 3.1415,-0.0303, 5.9968, 4.6799, 0.6402, 0.9270,0
-0.0487, 0.0000, 1.8189, 3.1415,-0.0060, 5.7232, 4.6799, 0.6349, 0.9277,0
-0.0481, 0.0000, 1.8723, 3.1415, 0.0472, 5.4172, 4.6799, 0.6241, 0.9285,0
-0.0472, 0.0000, 1.9226, 3.1415, 0.0761, 5.1046, 4.6799, 0.6122, 0.9292,0
-0.0463, 0.0000, 1.9729, 3.1415, 0.0940, 5.0421, 4.6799, 0.6369, 0.9299,0
-0.0449, 0.0000, 2.0200, 3.1415, 0.1279, 4.7783, 4.6799, 0.6315, 0.9306,0
-0.0433, 0.0000, 2.0608, 3.1415, 0.1529, 4.2229, 4.6799, 0.5876, 0.9313,0
-0.0416, 0.0000, 2.1048, 3.1415, 0.1700, 4.3631, 4.6799, 0.6320, 0.9321,0
-0.0397, 0.0000, 2.1425, 3.1415, 0.1795, 3.8885, 4.6799, 0.6002, 0.9328,0
-0.0377, 0.0000, 2.1802, 3.1415, 0.1996, 3.7936, 4.6799, 0.6125, 0.9335,0
-0.0353, 0.0000, 2.2148, 3.1415, 0.2278, 3.5233, 4.6799, 0.6049, 0.9342,0
-0.0328, 0.0000, 2.2462, 3.1415, 0.2517, 3.2179, 4.6799, 0.5939, 0.9349,0
-0.0300, 0.0000, 2.2776, 3.1415, 0.2686, 3.1568, 4.6799, 0.6058, 0.9356,0
-0.0272, 0.0000, 2.3059, 3.1415, 0.2780, 2.8933, 4.6799, 0.5988, 0.9364,0
-0.0244, 0.0000, 2.3310, 3.1415, 0.2860, 2.5892, 4.6799, 0.5887, 0.9371,0
-0.0213, 0.0000, 2.3561, 3.1415, 0.2997, 2.5284, 4.6799, 0.5972, 0.9378,0
-0.0182, 0.0000, 2.3781, 3.1415, 0.3085, 2.2649, 4.6799, 0.5906, 0.9385,0
-0.0150, 0.0000, 2.4001, 3.1415, 0.3163, 2.2122, 4.6799, 0.5981, 0.9392,0
-0.0116, 0.0000, 2.4190, 3.1415, 0.3361, 1.9504, 4.6799, 0.5919, 0.9400,0
-0.0082, 0.0000, 2.4378, 3.1415, 0.3400, 1.8980, 4.6799, 0.5979, 0.9407,0
-0.0047, 0.0000, 2.4535, 3.1415, 0.3469, 1.6362, 4.6799, 0.5922, 0.9414,0
-0.0011, 0.0000, 2.4661, 3.1415, 0.3604, 1.3325, 4.6799, 0.5852, 0.9421,0
 0.0025, 0.0000, 2.4787, 3.1415, 0.3691, 1.2718, 4.6799, 0.5886, 0.9428,0
 0.0063, 0.0000, 2.4881, 3.1415, 0.3770, 1.0083, 4.6799, 0.5843, 0.9435,0
 0.0103, 0.0000, 2.4975, 3.1415, 0.3906, 0.9556, 4.6799, 0.5870, 0.9443,0
 0.0143, 0.0000, 2.5069, 3.1415, 0.3994, 0.9451, 4.6799, 0.5907, 0.9450,0
 0.0184, 0.0000, 2.5101, 3.1415, 0.4133, 0.4403, 4.6799, 0.5823, 0.9457,0
 0.0228, 0.0000, 2.5164, 3.1415, 0.4282, 0.5907, 4.6799, 0.5871, 0.9464,0
 0.0270, 0.0000, 2.5195, 3.1415, 0.4252, 0.3694, 4.6799, 0.5855, 0.9471,0
 0.0313, 0.0000, 2.5195, 3.1415, 0.4306, 0.0738, 0.5500, 0.5836, 0.9478,0
 0.0356, 0.0000, 2.5195, 3.1415, 0.4256, 0.0147,-4.6799, 0.5835, 0.9486,0
 0.0391, 0.0000, 2.5164, 3.1415, 0.3701,-0.2483,-4.6799, 0.5831, 0.9493,0
 0.0430, 0.0000, 2.5132, 3.1415, 0.3832,-0.3010,-4.6799, 0.5822, 0.9500,0
 0.0464, 0.0000, 2.5038, 3.1415, 0.3495,-0.8141,-4.6799, 0.5862, 0.9507,0
 0.0493, 0.0000, 2.4912, 3.1415, 0.3003,-1.1681,-4.6799, 0.5906, 0.9514,0
 0.0518, 0.0000, 2.4787, 3.1415, 0.2601,-1.2389,-4.6799, 0.5875, 0.9522,0
 0.0538, 0.0000, 2.4598, 3.1415, 0.2157,-1.7557,-4.6799, 0.6007, 0.9529,0
 0.0552, 0.0000, 2.4410, 3.1415, 0.1522,-1.8591,-4.6799, 0.5973, 0.9536,0
 0.0563, 0.0000, 2.4190, 3.1415, 0.1214,-2.1311,-4.6799, 0.6022, 0.9543,0
 0.0570, 0.0000, 2.3907, 3.1415, 0.0788,-2.6881,-4.6799, 0.6261, 0.9550,0
 0.0572, 0.0000, 2.3624, 3.1415, 0.0278,-2.7995,-4.6799, 0.6206, 0.9557,0
 0.0572, 0.0000, 2.3310, 3.1415, 0.0055,-3.0731,-4.6799, 0.6270, 0.9565,0
 0.0568, 0.0000, 2.2933, 3.1415,-0.0292,-3.6305,-4.6799, 0.6594, 0.9572,0
 0.0560, 0.0000, 2.2556, 3.1415,-0.0725,-3.7420,-4.6799, 0.6502, 0.9579,0
 0.0549, 0.0000, 2.2148, 3.1415,-0.0993,-4.0156,-4.6799, 0.6569, 0.9586,0
 0.0537, 0.0000, 2.1739, 3.1415,-0.1168,-4.0703,-4.6799, 0.6393, 0.9593,0
 0.0522, 0.0000, 2.1268, 3.1415,-0.1385,-4.5840,-4.6799, 0.6732, 0.9601,0
 0.0506, 0.0000, 2.0765, 3.1415,-0.1611,-4.9380,-4.6799, 0.6892, 0.9608,0
 0.0488, 0.0000, 2.0231, 3.1415,-0.1777,-5.2601,-4.6799, 0.7012, 0.9615,0
 0.0466, 0.0000, 1.9697, 3.1415,-0.2053,-5.3246,-4.6799, 0.6758, 0.9622,0
 0.0444, 0.0000, 1.9100, 3.1415,-0.2169,-5.8401,-4.6799, 0.7164, 0.9629,0
 0.0422, 0.0000, 1.8503, 3.1415,-0.2192,-5.9432,-4.6799, 0.6926, 0.9636,0
 0.0400, 0.0000, 1.7844, 3.1415,-0.2196,-6.4665,-4.6799, 0.7376, 0.9644,0
 0.0377, 0.0000, 1.7184, 3.1415,-0.2319,-6.5711,-4.6799, 0.7101, 0.9651,0
 0.0354, 0.0000, 1.6493, 3.1415,-0.2282,-6.8434,-4.6799, 0.7119, 0.9658,0
 0.0333, 0.0000, 1.5770, 3.1415,-0.2154,-7.1492,-4.6799, 0.7200, 0.9665,0
 0.0311, 0.0000, 1.5016, 3.1415,-0.2189,-7.4616, 4.6799, 0.7298, 0.9672,0
 0.0302, 0.0000, 1.4199, 3.1415,-0.1165,-8.0268, 4.6799, 0.7941, 0.9680,0
 0.0288, 0.0000, 1.3383, 3.1415,-0.1324,-8.1398, 4.6799, 0.7621, 0.9687,0
 0.0283, 0.0000, 1.2534, 3.1415,-0.0689,-8.4138, 4.6799, 0.7670, 0.9694,0
 0.0284, 0.0000, 1.1623, 3.1415,-0.0077,-8.9712, 4.6799, 0.8415, 0.9701,0
 0.0291, 0.0000, 1.0712, 3.1415, 0.0590,-9.0827, 4.6799, 0.8109, 0.9708,0
 0.0306, 0.0000, 0.9738, 3.1415, 0.1330,-9.6076, 4.6799, 0.8886, 0.9715,0
 0.0328, 0.0000, 0.8765, 3.1415, 0.1963,-9.7126, 4.6799, 0.8612, 0.9723,0
 0.0356, 0.0000, 0.7728, 3.1415, 0.2696,-10.2363, 4.6799, 0.9528, 0.9730,0
 0.0391, 0.0000, 0.6628, 3.1415, 0.3267,-10.8437,-4.6799, 1.0801, 0.9737,0
 0.0421, 0.0000, 0.5529, 3.1415, 0.3078,-10.9652,-4.6799, 1.0722, 0.9744,0
 0.0460, 0.0000, 0.4429, 3.1415, 0.3708,-10.9895,-4.6799, 1.0419, 0.9751,0
 0.0500, 0.0000, 0.3298, 3.1415, 0.3955,-11.2456,-4.6799, 1.0911, 0.9759,0
 0.0535, 0.0000, 0.2136, 3.1415, 0.3640,-11.5482,-4.6799, 1.1653, 0.9766,0
 0.0573, 0.0000, 0.1005, 3.1415, 0.3759,-11.3574,-4.6799, 1.0914, 0.9773,0
 0.0604, 0.0000,-0.0125, 3.1415, 0.3177,-11.3192,-4.6799, 1.0757, 0.9780,0
 0.0629, 0.0000,-0.1225, 3.1415, 0.2636,-11.0603,-4.6799, 0.9999, 0.9787,0
 0.0654, 0.0000,-0.2324, 3.1415, 0.2528,-11.0085,-4.6799, 0.9978, 0.9794,0
 0.0670, 0.0000,-0.3392, 3.1415, 0.1778,-10.7468, 4.6799, 0.9397, 0.9802,0
 0.0689, 0.0000,-0.4429, 3.1415, 0.1932,-10.4431, 4.6799, 0.8780, 0.9809,0
 0.0704, 0.0000,-0.5466, 3.1415, 0.1538,-10.3824, 4.6799, 0.8956, 0.9816,0
 0.0713, 0.0000,-0.6471, 3.1415, 0.1095,-10.1189, 4.6799, 0.8606, 0.9823,0
 0.0719, 0.0000,-0.7445, 3.1415, 0.0643,-9.8149, 4.6799, 0.8205, 0.9830,0
 0.0724, 0.0000,-0.8419, 3.1415, 0.0553,-9.7541, 4.6799, 0.8537, 0.9838,0
 0.0729, 0.0000,-0.9361, 3.1415, 0.0535,-9.4906, 4.6799, 0.8352, 0.9845,0
 0.0731, 0.0000,-1.0273, 3.1415, 0.0228,-9.1866, 4.6799, 0.8101, 0.9852,0
 0.0732, 0.0000,-1.1152, 3.1415, 0.0106,-8.8744, 4.6799, 0.7866, 0.9859,0
 0.0731, 0.0000,-1.2000, 3.1415,-0.0039,-8.5607, 4.6799, 0.7658, 0.9866,0
 0.0729, 0.0000,-1.2817, 3.1415,-0.0189,-8.2466, 4.6799, 0.7474, 0.9873,0
 0.0727, 0.0000,-1.3603, 3.1415,-0.0159,-7.9325, 4.6799, 0.7309, 0.9881,0
 0.0726, 0.0000,-1.4357, 3.1415,-0.0092,-7.6183, 4.6799, 0.7158, 0.9888,0
 0.0726, 0.0000,-1.5111, 3.1415,-0.0018,-7.5555, 4.6799, 0.7563, 0.9895,0
 0.0729, 0.0000,-1.5802, 3.1415, 0.0178,-7.0403,-3.4313, 0.7006, 0.9902,0
 0.0722, 0.0000,-1.6461, 3.1415,-0.0510,-6.6859,-4.6799, 0.6799, 0.9909,0
 0.0711, 0.0000,-1.7121, 3.1415,-0.0950,-6.6150,-4.6799, 0.7138, 0.9917,0
 0.0705, 0.0000,-1.7718, 3.1415,-0.0675,-6.0982,-4.6799, 0.6640, 0.9924,0
 0.0690, 0.0000,-1.8315, 3.1415,-0.1347,-5.9948,-4.6799, 0.6882, 0.9931,0
 0.0673, 0.0000,-1.8880, 3.1415,-0.1664,-5.7228,-4.6799, 0.6825, 0.9938,0
 0.0657, 0.0000,-1.9415, 3.1415,-0.1545,-5.4171,-4.6799, 0.6709, 0.9945,0
 0.0632, 0.0000,-1.9917, 3.1415,-0.2310,-5.1046,-4.6799, 0.6582, 0.9952,0
 0.0606, 0.0000,-2.0388, 3.1415,-0.2584,-4.7908,-4.6799, 0.6453, 0.9960,0
 0.0582, 0.0000,-2.0860, 3.1415,-0.2457,-4.7280,-4.6799, 0.6667, 0.9967,0
 0.0552, 0.0000,-2.1299, 3.1415,-0.2856,-4.4641,-4.6799, 0.6599, 0.9974,0
 0.0519, 0.0000,-2.1708, 3.1415,-0.3178,-4.1600,-4.6799, 0.6477, 0.9981,0
 0.0490, 0.0000,-2.2116, 3.1415,-0.3000,-4.0992,-4.6799, 0.6646, 0.9988,0
 0.0456, 0.0000,-2.2493, 3.1415,-0.3328,-3.8357,-4.6799, 0.6567, 0.9996,0
 0.0418, 0.0000,-2.2839, 3.1415,-0.3697,-3.5317,-4.6799, 0.6444, 1.0003,0
 0.0381, 0.0000,-2.3153, 3.1415,-0.3649,-3.2196,-4.6799, 0.6317, 1.0010,0
 0.0344, 0.0000,-2.3467, 3.1415,-0.3701,-3.1572,-4.6799, 0.6425, 1.0017,0
 0.0303, 0.0000,-2.3781, 3.1415,-0.4075,-3.1447,-4.6799, 0.6572, 1.0024,0
 0.0263, 0.0000,-2.4064, 3.1415,-0.3967,-2.8908,-4.6799, 0.6496, 1.0031,0
 0.0222, 0.0000,-2.4315, 3.1415,-0.4128,-2.5887,-4.6799, 0.6383, 1.0039,0
 0.0177, 0.0000,-2.4567, 3.1415,-0.4403,-2.5283,-4.6799, 0.6456, 1.0046,0
 0.0134, 0.0000,-2.4787, 3.1415,-0.4336,-2.2649,-4.6799, 0.6378, 1.0053,0
 0.0090, 0.0000,-2.4975, 3.1415,-0.4384,-1.9609,-4.6799, 0.6280, 1.0060,0
 0.0042, 0.0000,-2.5195, 3.1415,-0.4696,-2.1514,-4.6799, 0.6483, 1.0067,0
-0.0003, 0.0000,-2.5352, 3.1415,-0.4637,-1.6869,-4.6799, 0.6299, 1.0075,0
-0.0050, 0.0000,-2.5509, 3.1415,-0.4626,-1.5940,-4.6799, 0.6320, 1.0082,0
-0.0100, 0.0000,-2.5666, 3.1415,-0.4927,-1.5754,-4.6799, 0.6374, 1.0089,0
-0.0149, 0.0000,-2.5792, 3.1415,-0.4926,-1.3203,-4.6799, 0.6319, 1.0096,0
-0.0197, 0.0000,-2.5918, 3.1415,-0.4865,-1.2694,-4.6799, 0.6348, 1.0103,0
-0.0250, 0.0000,-2.6012, 3.1415,-0.5156,-1.0078,-4.6799, 0.6300, 1.0110,0
-0.0301, 0.0000,-2.6106, 3.1415,-0.5154,-0.9555,-4.6799, 0.6320, 1.0118,0
-0.0353, 0.0000,-2.6200, 3.1415,-0.5153,-0.9450,-4.6799, 0.6351, 1.0125,0
-0.0407, 0.0000,-2.6263, 3.1415,-0.5335,-0.6916,-4.6799, 0.6315, 1.0132,0
-0.0462, 0.0000,-2.6326, 3.1415,-0.5493,-0.6409,-4.6799, 0.6328, 1.0139,0
-0.0516, 0.0000,-2.6357, 3.1415,-0.5403,-0.3795,-4.6799, 0.6301, 1.0146,0
-0.0572, 0.0000,-2.6389, 3.1415,-0.5628,-0.3272,-4.6799, 0.6307, 1.0154,0
-0.0631, 0.0000,-2.6389, 3.1415,-0.5794,-0.0654, 3.2699, 0.6293, 1.0161,0
-0.0681, 0.0000,-2.6420, 3.1415,-0.5160,-0.2644,-4.6799, 0.6313, 1.0168,0
-0.0734, 0.0000,-2.6389, 3.1415,-0.5276, 0.1984, 4.6799, 0.6298, 1.0175,0
-0.0785, 0.0000,-2.6357, 3.1415,-0.5178, 0.2910, 4.6799, 0.6293, 1.0182,0
-0.0828, 0.0000,-2.6295, 3.1415,-0.4431, 0.5608, 4.6799, 0.6303, 1.0189,0
-0.0871, 0.0000,-2.6169, 3.1415,-0.4342, 1.1174, 4.6799, 0.6389, 1.0197,0
-0.0905, 0.0000,-2.6075, 3.1415,-0.3596, 0.9774, 4.6799, 0.6314, 1.0204,0
-0.0939, 0.0000,-2.5918, 3.1415,-0.3447, 1.4521, 4.6799, 0.6417, 1.0211,0
-0.0964, 0.0000,-2.5729, 3.1415,-0.2629, 1.7983, 4.6799, 0.6503, 1.0218,0
-0.0983, 0.0000,-2.5509, 3.1415,-0.2041, 2.1189, 4.6799, 0.6593, 1.0225,0
-0.1000, 0.0000,-2.5258, 3.1415,-0.1802, 2.4344, 4.6799, 0.6691, 1.0233,0
-0.1011, 0.0000,-2.4975, 3.1415,-0.1209, 2.7488, 4.6799, 0.6800, 1.0240,0
-0.1018, 0.0000,-2.4661, 3.1415,-0.0848, 3.0630, 4.6799, 0.6917, 1.0247,0
-0.1017, 0.0000,-2.4315, 3.1415,-0.0109, 3.3772, 4.6799, 0.7042, 1.0254,0
-0.1017, 0.0000,-2.3970, 3.1415,-0.0021, 3.4400, 4.6799, 0.6937, 1.0261,0
-0.1011, 0.0000,-2.3561, 3.1415, 0.0480, 3.9552, 4.6799, 0.7267, 1.0268,0
-0.1004, 0.0000,-2.3153, 3.1415, 0.0702, 4.0583, 4.6799, 0.7171, 1.0276,0
-0.0994, 0.0000,-2.2713, 3.1415, 0.0928, 4.3302, 4.6799, 0.7254, 1.0283,0
-0.0979, 0.0000,-2.2242, 3.1415, 0.1337, 4.6359, 4.6799, 0.7374, 1.0290,0
-0.0965, 0.0000,-2.1739, 3.1415, 0.1419, 4.9484, 4.6799, 0.7501, 1.0297,0
-0.0951, 0.0000,-2.1205, 3.1415, 0.1435, 5.2622, 4.6799, 0.7628, 1.0304,0
-0.0932, 0.0000,-2.0640, 3.1415, 0.1742, 5.5763, 4.6799, 0.7753, 1.0312,0
-0.0913, 0.0000,-2.0074, 3.1415, 0.1924, 5.6391, 4.6799, 0.7489, 1.0319,0
-0.0895, 0.0000,-1.9446, 3.1415, 0.1840, 6.1543, 4.6799, 0.7925, 1.0326,0
-0.0875, 0.0000,-1.8818, 3.1415, 0.1944, 6.2574, 4.6799, 0.7679, 1.0333,0
-0.0855, 0.0000,-1.8126, 3.1415, 0.1965, 6.7806, 4.6799, 0.8157, 1.0340,0
-0.0836, 0.0000,-1.7435, 3.1415, 0.1908, 6.8853, 4.6799, 0.7871, 1.0347,0
-0.0816, 0.0000,-1.6713, 3.1415, 0.2018, 7.1576, 4.6799, 0.7893, 1.0355,0
-0.0796, 0.0000,-1.5959, 3.1415, 0.1980, 7.4633, 4.6799, 0.7978, 1.0362,0
-0.0780, 0.0000,-1.5142, 3.1415, 0.1669, 8.0271,-4.6799, 0.8615, 1.0369,0
-0.0770, 0.0000,-1.4325, 3.1415, 0.1182, 8.1399,-4.6799, 0.8286, 1.0376,0
-0.0763, 0.0000,-1.3477, 3.1415, 0.0721, 8.4138,-4.6799, 0.8322, 1.0383,0
-0.0763, 0.0000,-1.2597, 3.1415, 0.0204, 8.7199,-4.6799, 0.8447, 1.0391,0
-0.0769, 0.0000,-1.1686, 3.1415,-0.0444, 9.0324,-4.6799, 0.8611, 1.0398,0
-0.0779, 0.0000,-1.0712, 3.1415,-0.0937, 9.5976,-4.6799, 0.9456, 1.0405,0
-0.0799, 0.0000,-0.9707, 3.1415,-0.1764, 9.9620,-4.6799, 0.9838, 1.0412,0
-0.0826, 0.0000,-0.8702, 3.1415,-0.2474, 10.0348,-4.6799, 0.9468, 1.0419,0
-0.0857, 0.0000,-0.7634, 3.1415,-0.3041, 10.5521, 4.6799, 1.0400, 1.0426,0
-0.0886, 0.0000,-0.6534, 3.1415,-0.2912, 10.9068, 4.6799, 1.0952, 1.0434,0
-0.0926, 0.0000,-0.5403, 3.1415,-0.3796, 11.2291, 4.6799, 1.1495, 1.0441,0
-0.0962, 0.0000,-0.4272, 3.1415,-0.3608, 11.2936, 4.6799, 1.1321, 1.0448,0
-0.0998, 0.0000,-0.3110, 3.1415,-0.3632, 11.5578, 4.6799, 1.1865, 1.0455,0
-0.1031, 0.0000,-0.1979, 3.1415,-0.3333, 11.3593, 4.6799, 1.1024, 1.0462,0
-0.1064, 0.0000,-0.0848, 3.1415,-0.3273, 11.3196, 4.6799, 1.0783, 1.0469,0
-0.1091, 0.0000, 0.0282, 3.1415,-0.2837, 11.3117, 4.6799, 1.0735, 1.0477,0
-0.1113, 0.0000, 0.1413, 3.1415,-0.2325, 11.3101, 4.6799, 1.0799, 1.0484,0
-0.1130, 0.0000, 0.2513, 3.1415,-0.1859, 11.0584,-4.6799, 1.0165, 1.0491,0
-0.1147, 0.0000, 0.3581, 3.1415,-0.1705, 10.7568,-4.6799, 0.9474, 1.0498,0
-0.1162, 0.0000, 0.4649, 3.1415,-0.1553, 10.6964,-4.6799, 0.9599, 1.0505,0
-0.1173, 0.0000, 0.5686, 3.1415,-0.1159, 10.4331,-4.6799, 0.9188, 1.0513,0
-0.1182, 0.0000, 0.6691, 3.1415,-0.0959, 10.1290,-4.6799, 0.8731, 1.0520,0
-0.1187, 0.0000, 0.7696, 3.1415,-0.0616, 10.0682,-4.6799, 0.9035, 1.0527,0
-0.1195, 0.0000, 0.8670, 3.1415,-0.0729, 9.8048,-4.6799, 0.8812, 1.0534,0
-0.1198, 0.0000, 0.9613, 3.1415,-0.0388, 9.5007,-4.6799, 0.8526, 1.0541,0
-0.1200, 0.0000, 1.0524, 3.1415,-0.0259, 9.1886,-4.6799, 0.8262, 1.0548,0
-0.1201, 0.0000, 1.1403, 3.1415,-0.0112, 8.8748,-4.6799, 0.8030, 1.0556,0
-0.1200, 0.0000, 1.2283, 3.1415, 0.0038, 8.8121,-4.6799, 0.8460, 1.0563,0
-0.1201, 0.0000, 1.3100, 3.1415,-0.0053, 8.2969,-4.6799, 0.7786, 1.0570,0
-0.1199, 0.0000, 1.3917, 3.1415, 0.0171, 8.1939,-4.6799, 0.8120, 1.0577,0
-0.1198, 0.0000, 1.4671, 3.1415, 0.0094, 7.6706,-4.6799, 0.7494, 1.0584,0
-0.1196, 0.0000, 1.5425, 3.1415, 0.0140, 7.5659,-4.6799, 0.7811, 1.0592,0
-0.1197, 0.0000, 1.6116, 3.1415,-0.0032, 7.0424, 4.6799, 0.7236, 1.0599,0
-0.1189, 0.0000, 1.6807, 3.1415, 0.0660, 6.9376, 4.6799, 0.7526, 1.0606,0
-0.1183, 0.0000, 1.7467, 3.1415, 0.0556, 6.6654, 4.6799, 0.7476, 1.0613,0
-0.1173, 0.0000, 1.8095, 3.1415, 0.0960, 6.3596, 4.6799, 0.7360, 1.0620,0
-0.1161, 0.0000, 1.8692, 3.1415, 0.1162, 6.0471, 4.6799, 0.7230, 1.0627,0
-0.1144, 0.0000, 1.9257, 3.1415, 0.1566, 5.7333, 4.6799, 0.7097, 1.0635,0
-0.1124, 0.0000, 1.9792, 3.1415, 0.1889, 5.4192, 4.6799, 0.6963, 1.0642,0
-0.1101, 0.0000, 2.0326, 3.1415, 0.2257, 5.3564, 4.6799, 0.7216, 1.0649,0
-0.1078, 0.0000, 2.0828, 3.1415, 0.2270, 5.0925, 4.6799, 0.7149, 1.0656,0
-0.1053, 0.0000, 2.1299, 3.1415, 0.2455, 4.7884, 4.6799, 0.7019, 1.0663,0
-0.1025, 0.0000, 2.1739, 3.1415, 0.2734, 4.4762, 4.6799, 0.6878, 1.0671,0
-0.0995, 0.0000, 2.2179, 3.1415, 0.2911, 4.4138, 4.6799, 0.7057, 1.0678,0
-0.0964, 0.0000, 2.2588, 3.1415, 0.3068, 4.1499, 4.6799, 0.6971, 1.0685,0
-0.0931, 0.0000, 2.2996, 3.1415, 0.3281, 4.0972, 4.6799, 0.7132, 1.0692,0
-0.0895, 0.0000, 2.3342, 3.1415, 0.3506, 3.5840, 4.6799, 0.6763, 1.0699,0
-0.0859, 0.0000, 2.3687, 3.1415, 0.3611, 3.4814, 4.6799, 0.6837, 1.0706,0
-0.0820, 0.0000, 2.4033, 3.1415, 0.3814, 3.4608, 4.6799, 0.6988, 1.0714,0
-0.0782, 0.0000, 2.4347, 3.1415, 0.3855, 3.2054, 4.6799, 0.6898, 1.0721,0
-0.0743, 0.0000, 2.4661, 3.1415, 0.3863, 3.1543, 4.6799, 0.6997, 1.0728,0
-0.0701, 0.0000, 2.4944, 3.1415, 0.4107, 2.8928, 4.6799, 0.6900, 1.0735,0
-0.0659, 0.0000, 2.5195, 3.1415, 0.4216, 2.5891, 4.6799, 0.6774, 1.0742,0
-0.0616, 0.0000, 2.5446, 3.1415, 0.4299, 2.5284, 4.6799, 0.6834, 1.0750,0
-0.0572, 0.0000, 2.5698, 3.1415, 0.4376, 2.5163, 4.6799, 0.6925, 1.0757,0
-0.0526, 0.0000, 2.5918, 3.1415, 0.4513, 2.2625, 4.6799, 0.6839, 1.0764,0
-0.0482, 0.0000, 2.6138, 3.1415, 0.4480, 2.2118, 4.6799, 0.6888, 1.0771,0
-0.0435, 0.0000, 2.6326, 3.1415, 0.4655, 1.9503, 4.6799, 0.6803, 1.0778,0
-0.0386, 0.0000, 2.6515, 3.1415, 0.4811, 1.8980, 4.6799, 0.6840, 1.0785,0
-0.0335, 0.0000, 2.6703, 3.1415, 0.5024, 1.8875, 4.6799, 0.6897, 1.0793,0
-0.0284, 0.0000, 2.6860, 3.1415, 0.5067, 1.6341, 4.6799, 0.6822, 1.0800,0
-0.0234, 0.0000, 2.7017, 3.1415, 0.5075, 1.5834, 4.6799, 0.6848, 1.0807,0
-0.0182, 0.0000, 2.7174, 3.1415, 0.5138, 1.5733, 4.6799, 0.6891, 1.0814,0
-0.0130, 0.0000, 2.7300, 3.1415, 0.5211, 1.3199, 4.6799, 0.6825, 1.0821,0
-0.0076, 0.0000, 2.7426, 3.1415, 0.5347, 1.2693, 4.6799, 0.6842, 1.0829,0
-0.0021, 0.0000, 2.7551, 3.1415, 0.5495, 1.2591, 4.6799, 0.6873, 1.0836,0
 0.0034, 0.0000, 2.7646, 3.1415, 0.5525, 1.0058, 4.6799, 0.6818, 1.0843,0
 0.0089, 0.0000, 2.7740, 3.1415, 0.5531, 0.9551, 4.6799, 0.6828, 1.0850,0
 0.0147, 0.0000, 2.7834, 3.1415, 0.5714, 0.9450, 4.6799, 0.6850, 1.0857,0
 0.0204, 0.0000, 2.7928, 3.1415, 0.5751, 0.9429, 4.6799, 0.6873, 1.0864,0
 0.0263, 0.0000, 2.7991, 3.1415, 0.5879, 0.6912, 4.6799, 0.6830, 1.0872,0
 0.0323, 0.0000, 2.8085, 3.1415, 0.5965, 0.8922, 4.6799, 0.6897, 1.0879,0
 0.0385, 0.0000, 2.8148, 3.1415, 0.6165, 0.6811, 4.6799, 0.6865, 1.0886,0
 0.0447, 0.0000, 2.8180, 3.1415, 0.6204, 0.3875, 4.6799, 0.6829, 1.0893,0
 0.0510, 0.0000, 2.8242, 3.1415, 0.6212, 0.5801, 4.6799, 0.6869, 1.0900,0
 0.0574, 0.0000, 2.8274, 3.1415, 0.6396, 0.3673, 4.6799, 0.6848, 1.0908,0
 0.0639, 0.0000, 2.8305, 3.1415, 0.6493, 0.3248, 4.6799, 0.6851, 1.0915,0
 0.0704, 0.0000, 2.8337, 3.1415, 0.6513, 0.3162, 4.6799, 0.6857, 1.0922,0
 0.0771, 0.0000, 2.8368, 3.1415, 0.6638, 0.3145, 4.6799, 0.6863, 1.0929,0
 0.0839, 0.0000, 2.8399, 3.1415, 0.6724, 0.3142, 4.6799, 0.6870, 1.0936,0
 0.0907, 0.0000, 2.8399, 3.1415, 0.6801, 0.0628,-4.6799, 0.6857, 1.0943,0
 0.0966, 0.0000, 2.8399, 3.1415, 0.6089, 0.0125,-4.6799, 0.6856, 1.0951,0
 0.1028, 0.0000, 2.8368, 3.1415, 0.6189,-0.2487,-4.6799, 0.6858, 1.0958,0
 0.1086, 0.0000, 2.8305, 3.1415, 0.5906,-0.5524,-4.6799, 0.6879, 1.0965,0
 0.1138, 0.0000, 2.8242, 3.1415, 0.5304,-0.6131,-4.6799, 0.6875, 1.0972,0
 0.1186, 0.0000, 2.8148, 3.1415, 0.4941,-0.8766,-4.6799, 0.6908, 1.0979,0
 0.1230, 0.0000, 2.8023, 3.1415, 0.4444,-1.1806,-4.6799, 0.6966, 1.0987,0
 0.1265, 0.0000, 2.7865, 3.1415, 0.3738,-1.4927,-4.6799, 0.7045, 1.0994,0
 0.1300, 0.0000, 2.7708, 3.1415, 0.3536,-1.5551,-4.6799, 0.7031, 1.1001,0
 0.1328, 0.0000, 2.7520, 3.1415, 0.2950,-1.8190,-4.6799, 0.7106, 1.1008,0
 0.1350, 0.0000, 2.7269, 3.1415, 0.2348,-2.3744,-4.6799, 0.7361, 1.1015,0
 0.1371, 0.0000, 2.7049, 3.1415, 0.2167,-2.2341,-4.6799, 0.7205, 1.1022,0
 0.1385, 0.0000, 2.6766, 3.1415, 0.1524,-2.7087,-4.6799, 0.7445, 1.1030,0
 0.1394, 0.0000, 2.6483, 3.1415, 0.1032,-2.8037,-4.6799, 0.7425, 1.1037,0
 0.1401, 0.0000, 2.6138, 3.1415, 0.0752,-3.3253,-4.6799, 0.7751, 1.1044,0
 0.1402, 0.0000, 2.5792, 3.1415, 0.0271,-3.4296,-4.6799, 0.7721, 1.1051,0
 0.1402, 0.0000, 2.5415, 3.1415,-0.0006,-3.7018,-4.6799, 0.7845, 1.1058,0
 0.1400, 0.0000, 2.5007, 3.1415,-0.0122,-4.0076,-4.6799, 0.8004, 1.1066,0
 0.1393, 0.0000, 2.4598, 3.1415,-0.0570,-4.0687,-4.6799, 0.7893, 1.1073,0
 0.1383, 0.0000, 2.4158, 3.1415,-0.0902,-4.3323,-4.6799, 0.7999, 1.1080,0
 0.1374, 0.0000, 2.3687, 3.1415,-0.0968,-4.6363,-4.6799, 0.8150, 1.1087,0
 0.1362, 0.0000, 2.3184, 3.1415,-0.1103,-4.9485,-4.6799, 0.8311, 1.1094,0
 0.1347, 0.0000, 2.2682, 3.1415,-0.1433,-5.0109,-4.6799, 0.8127, 1.1101,0
 0.1331, 0.0000, 2.2116, 3.1415,-0.1559,-5.5260,-4.6799, 0.8568, 1.1109,0
 0.1316, 0.0000, 2.1551, 3.1415,-0.1524,-5.6291,-4.6799, 0.8397, 1.1116,0
 0.1297, 0.0000, 2.0954, 3.1415,-0.1820,-5.9010,-4.6799, 0.8472, 1.1123,0
 0.1275, 0.0000, 2.0326, 3.1415,-0.2122,-6.2067,-4.6799, 0.8592, 1.1130,0
 0.1255, 0.0000, 1.9666, 3.1415,-0.2061,-6.5192,-4.6799, 0.8718, 1.1137,0
 0.1233, 0.0000, 1.8975, 3.1415,-0.2110,-6.8330,-4.6799, 0.8841, 1.1145,0
 0.1211, 0.0000, 1.8252, 3.1415,-0.2180,-7.1471,-4.6799, 0.8959, 1.1152,0
 0.1189, 0.0000, 1.7498, 3.1415,-0.2194,-7.4612,-4.6799, 0.9072, 1.1159,0
 0.1170, 0.0000, 1.6744, 3.1415,-0.1954,-7.5241,-4.6799, 0.8668, 1.1166,0
 0.1151, 0.0000, 1.5927, 3.1415,-0.1967,-8.0393,-4.6799, 0.9206, 1.1173,0
 0.1131, 0.0000, 1.5079, 3.1415,-0.1969,-8.3936, 4.6799, 0.9412, 1.1180,0
 0.1126, 0.0000, 1.4231, 3.1415,-0.0818,-8.4645, 4.6799, 0.8974, 1.1188,0
 0.1117, 0.0000, 1.3320, 3.1415,-0.0891,-8.9814, 4.6799, 0.9594, 1.1195,0
 0.1119, 0.0000, 1.2409, 3.1415, 0.0003,-9.0847, 4.6799, 0.9228, 1.1202,0
 0.1124, 0.0000, 1.1435, 3.1415, 0.0425,-9.6081, 4.6799, 0.9948, 1.1209,0
 0.1139, 0.0000, 1.0430, 3.1415, 0.1297,-9.9640, 4.6799, 1.0283, 1.1216,0
 0.1160, 0.0000, 0.9393, 3.1415, 0.1896,-10.2866, 4.6799, 1.0574, 1.1224,0
 0.1190, 0.0000, 0.8293, 3.1415, 0.2804,-10.8537,-4.6799, 1.1643, 1.1231,0
 0.1219, 0.0000, 0.7194, 3.1415, 0.2865,-10.9672,-4.6799, 1.1437, 1.1238,0
 0.1252, 0.0000, 0.6063, 3.1415, 0.3180,-11.2412,-4.6799, 1.1790, 1.1245,0
 0.1288, 0.0000, 0.4900, 3.1415, 0.3546,-11.5473,-4.6799, 1.2332, 1.1252,0
 0.1324, 0.0000, 0.3738, 3.1415, 0.3619,-11.6085,-4.6799, 1.2181, 1.1259,0
 0.1358, 0.0000, 0.2544, 3.1415, 0.3391,-11.8721,-4.6799, 1.2783, 1.1267,0
 0.1391, 0.0000, 0.1382, 3.1415, 0.3346,-11.6735,-4.6799, 1.1965, 1.1274,0
 0.1420, 0.0000, 0.0219, 3.1415, 0.2973,-11.6338,-4.6799, 1.1769, 1.1281,0
 0.1445, 0.0000,-0.0942, 3.1415, 0.2595,-11.6258,-4.6799, 1.1773, 1.1288,0
 0.1467, 0.0000,-0.2073, 3.1415, 0.2277,-11.3729, 4.6799, 1.1081, 1.1295,0
 0.1488, 0.0000,-0.3204, 3.1415, 0.2153,-11.3223, 4.6799, 1.1132, 1.1303,0
 0.1505, 0.0000,-0.4303, 3.1415, 0.1764,-11.0609, 4.6799, 1.0602, 1.1310,0
 0.1520, 0.0000,-0.5403, 3.1415, 0.1565,-11.0086, 4.6799, 1.0808, 1.1317,0
 0.1533, 0.0000,-0.6471, 3.1415, 0.1343,-10.7468, 4.6799, 1.0440, 1.1324,0
 0.1545, 0.0000,-0.7539, 3.1415, 0.1238,-10.6945, 4.6799, 1.0777, 1.1331,0
 0.1555, 0.0000,-0.8545, 3.1415, 0.1036,-10.1813, 4.6799, 0.9797, 1.1338,0
 0.1561, 0.0000,-0.9550, 3.1415, 0.0692,-10.0787, 4.6799, 1.0073, 1.1346,0
 0.1565, 0.0000,-1.0524, 3.1415, 0.0502,-9.8069, 4.6799, 0.9906, 1.1353,0
 0.1568, 0.0000,-1.1466, 3.1415, 0.0282,-9.5012, 4.6799, 0.9683, 1.1360,0
 0.1568, 0.0000,-1.2377, 3.1415, 0.0117,-9.1887, 4.6799, 0.9473, 1.1367,0
 0.1568, 0.0000,-1.3257, 3.1415, 0.0023,-8.8749, 4.6799, 0.9284, 1.1374,0
 0.1567, 0.0000,-1.4105, 3.1415,-0.0116,-8.5608, 4.6799, 0.9114, 1.1382,0
 0.1564, 0.0000,-1.4922, 3.1415,-0.0265,-8.2466, 4.6799, 0.8957, 1.1389,0
 0.1562, 0.0000,-1.5707, 3.1415,-0.0174,-7.9325,-3.1505, 0.8809, 1.1396,0
 0.1553, 0.0000,-1.6461, 3.1415,-0.0762,-7.6183,-4.6799, 0.8666, 1.1403,0
 0.1547, 0.0000,-1.7184, 3.1415,-0.0637,-7.3041,-4.6799, 0.8525, 1.1410,0
 0.1537, 0.0000,-1.7875, 3.1415,-0.0915,-6.9900,-4.6799, 0.8384, 1.1417,0
 0.1522, 0.0000,-1.8566, 3.1415,-0.1395,-6.9272,-4.6799, 0.8743, 1.1425,0
 0.1504, 0.0000,-1.9195, 3.1415,-0.1734,-6.4119,-4.6799, 0.8209, 1.1432,0
 0.1483, 0.0000,-1.9823, 3.1415,-0.2044,-6.3089,-4.6799, 0.8444, 1.1439,0
 0.1457, 0.0000,-2.0420, 3.1415,-0.2470,-6.0369,-4.6799, 0.8362, 1.1446,0
 0.1429, 0.0000,-2.1017, 3.1415,-0.2737,-5.9826,-4.6799, 0.8646, 1.1453,0
 0.1399, 0.0000,-2.1551, 3.1415,-0.2912,-5.4690,-4.6799, 0.8148, 1.1460,0
 0.1367, 0.0000,-2.2085, 3.1415,-0.3189,-5.3663,-4.6799, 0.8307, 1.1468,0
 0.1331, 0.0000,-2.2619, 3.1415,-0.3487,-5.3458,-4.6799, 0.8578, 1.1475,0
 0.1295, 0.0000,-2.3090, 3.1415,-0.3607,-4.8390,-4.6799, 0.8111, 1.1482,0
 0.1256, 0.0000,-2.3561, 3.1415,-0.3813,-4.7377,-4.6799, 0.8220, 1.1489,0
 0.1216, 0.0000,-2.4033, 3.1415,-0.3976,-4.7174,-4.6799, 0.8426, 1.1496,0
 0.1173, 0.0000,-2.4473, 3.1415,-0.4251,-4.4620,-4.6799, 0.8306, 1.1504,0
 0.1129, 0.0000,-2.4912, 3.1415,-0.4367,-4.4109,-4.6799, 0.8439, 1.1511,0
 0.1084, 0.0000,-2.5321, 3.1415,-0.4450,-4.1494,-4.6799, 0.8298, 1.1518,0
 0.1036, 0.0000,-2.5698, 3.1415,-0.4710,-3.8458,-4.6799, 0.8109, 1.1525,0
 0.0986, 0.0000,-2.6106, 3.1415,-0.4943,-4.0364,-4.6799, 0.8473, 1.1532,0
 0.0937, 0.0000,-2.6483, 3.1415,-0.4929,-3.8232,-4.6799, 0.8371, 1.1539,0
 0.0886, 0.0000,-2.6829, 3.1415,-0.5109,-3.5292,-4.6799, 0.8182, 1.1547,0
 0.0832, 0.0000,-2.7174, 3.1415,-0.5266,-3.4704,-4.6799, 0.8230, 1.1554,0
 0.0777, 0.0000,-2.7520, 3.1415,-0.5479,-3.4586,-4.6799, 0.8317, 1.1561,0
 0.0722, 0.0000,-2.7865, 3.1415,-0.5522,-3.4563,-4.6799, 0.8405, 1.1568,0
 0.0665, 0.0000,-2.8211, 3.1415,-0.5651,-3.4558,-4.6799, 0.8487, 1.1575,0
 0.0607, 0.0000,-2.8525, 3.1415,-0.5799,-3.2044,-4.6799, 0.8320, 1.1583,0
 0.0546, 0.0000,-2.8871, 3.1415,-0.6010,-3.4054,-4.6799, 0.8573, 1.1590,0
 0.0485, 0.0000,-2.9185, 3.1415,-0.6113,-3.1943,-4.6799, 0.8431, 1.1597,0
 0.0422, 0.0000,-2.9499, 3.1415,-0.6255,-3.1521,-4.6799, 0.8440, 1.1604,0
 0.0358, 0.0000,-2.9813, 3.1415,-0.6344,-3.1436,-4.6799, 0.8472, 1.1611,0
 0.0292, 0.0000,-3.0127, 3.1415,-0.6543,-3.1420,-4.6799, 0.8503, 1.1618,0
 0.0225, 0.0000,-3.0473, 3.1415,-0.6644,-3.3930, 4.6799, 0.8503, 1.1618,1
 0.0168, 0.0000,-3.0756, 3.1415,-0.5937,-2.9405, 4.6799, 0.8503, 1.1618,1
 0.0106, 0.0000,-3.1070, 3.1415,-0.6159,-3.1013, 4.6799, 0.8503, 1.1618,1
 0.0050, 0.0000,-3.1353, 3.1415,-0.5718,-2.8822, 4.6799, 0.8503, 1.1618,1
-0.0003, 0.0000,-3.1604, 3.1415,-0.5388,-2.5870, 4.6799, 0.8503, 1.1618,1
-0.0049, 0.0000,-3.1855, 3.1415,-0.4776,-2.5280, 4.6799, 0.8503, 1.1618,1
-0.0091, 0.0000,-3.2075, 3.1415,-0.4350,-2.2649, 4.6799, 0.8503, 1.1618,1
-0.0129, 0.0000,-3.2295, 3.1415,-0.3901,-2.2122, 4.6799, 0.8503, 1.1618,1
-0.0163, 0.0000,-3.2515, 3.1415,-0.3508,-2.2017,-4.6799, 0.7816, 1.1626,0
-0.0201, 0.0000,-3.2735, 3.1415,-0.3733,-2.1996,-4.6799, 0.7795, 1.1633,0
-0.0237, 0.0000,-3.2955, 3.1415,-0.3596,-2.1992,-4.6799, 0.7773, 1.1640,0
-0.0272, 0.0000,-3.3175, 3.1415,-0.3569,-2.1991,-4.6799, 0.7747, 1.1647,0
-0.0310, 0.0000,-3.3426, 3.1415,-0.3745,-2.4504,-4.6799, 0.7876, 1.1654,0
-0.0351, 0.0000,-3.3677, 3.1415,-0.4023,-2.5007,-4.6799, 0.7873, 1.1662,0
-0.0392, 0.0000,-3.3929, 3.1415,-0.4078,-2.5107,-4.6799, 0.7837, 1.1669,0
-0.0437, 0.0000,-3.4211, 3.1415,-0.4393,-2.7640,-4.6799, 0.7971, 1.1676,0
-0.0485, 0.0000,-3.4526, 3.1415,-0.4698,-3.0660,-4.6799, 0.8152, 1.1683,0
-0.0533, 0.0000,-3.4840, 3.1415,-0.4820,-3.1264,-4.6799, 0.8132, 1.1690,0
-0.0584, 0.0000,-3.5154, 3.1415,-0.5026,-3.1385,-4.6799, 0.8064, 1.1697,0
-0.0637, 0.0000,-3.5499, 3.1415,-0.5249,-3.3923,-4.6799, 0.8201, 1.1705,0
-0.0691, 0.0000,-3.5876, 3.1415,-0.5415,-3.6943,-4.6799, 0.8388, 1.1712,0
-0.0748, 0.0000,-3.6253, 3.1415,-0.5630,-3.7548,-4.6799, 0.8330, 1.1719,0
-0.0807, 0.0000,-3.6662, 3.1415,-0.5855,-4.0182,-4.6799, 0.8475, 1.1726,0
-0.0867, 0.0000,-3.7070, 3.1415,-0.5961,-4.0708,-4.6799, 0.8383, 1.1733,0
-0.0929, 0.0000,-3.7510, 3.1415,-0.6164,-4.3327,-4.6799, 0.8516, 1.1741,0
-0.0994, 0.0000,-3.7981, 3.1415,-0.6386,-4.6364,-4.6799, 0.8697, 1.1748,0
-0.1058, 0.0000,-3.8453, 3.1415,-0.6431,-4.6972,-4.6799, 0.8563, 1.1755,0
-0.1125, 0.0000,-3.8987, 3.1415,-0.6621,-5.2120,-4.6799, 0.9022, 1.1762,0
-0.1193, 0.0000,-3.9521, 3.1415,-0.6781,-5.3149,-4.6799, 0.8903, 1.1769,0
-0.1261, 0.0000,-4.0055, 3.1415,-0.6752,-5.3355,-4.6799, 0.8649, 1.1776,0
-0.1330, 0.0000,-4.0652, 3.1415,-0.6928,-5.8423,-4.6799, 0.9108, 1.1784,0
-0.1400, 0.0000,-4.1249, 3.1415,-0.6964,-5.9436,-4.6799, 0.8925, 1.1791,0
-0.1471, 0.0000,-4.1877, 3.1415,-0.7031,-6.2152,-4.6799, 0.9005, 1.1798,0
-0.1541, 0.0000,-4.2537, 3.1415,-0.7045,-6.5209,-4.6799, 0.9132, 1.1805,0
-0.1612, 0.0000,-4.3228, 3.1415,-0.7047,-6.8333,-4.6799, 0.9264, 1.1812,0
-0.1682, 0.0000,-4.3919, 3.1415,-0.7048,-6.8958,-4.6799, 0.8919, 1.1820,0
-0.1751, 0.0000,-4.4673, 3.1415,-0.6927,-7.4110,-4.6799, 0.9431, 1.1827,0
-0.1819, 0.0000,-4.5427, 3.1415,-0.6842,-7.5140,-4.6799, 0.9116, 1.1834,0
-0.1887, 0.0000,-4.6244, 3.1415,-0.6764,-8.0373,-4.6799, 0.9674, 1.1841,0
-0.1952, 0.0000,-4.7061, 3.1415,-0.6567,-8.1420, 4.6799, 0.9326, 1.1848,0
-0.2005, 0.0000,-4.7909, 3.1415,-0.5557,-8.4142, 4.6799, 0.9348, 1.1855,0
-0.2059, 0.0000,-4.8788, 3.1415,-0.5416,-8.7200, 4.6799, 0.9455, 1.1863,0
-0.2105, 0.0000,-4.9699, 3.1415,-0.4781,-9.0325, 4.6799, 0.9592, 1.1870,0
-0.2142, 0.0000,-5.0673, 3.1415,-0.3927,-9.5976, 4.6799, 1.0400, 1.1877,0
-0.2169, 0.0000,-5.1679, 3.1415,-0.2968,-9.9620, 4.6799, 1.0734, 1.1884,0
-0.2188, 0.0000,-5.2715, 3.1415,-0.2109,-10.2862, 4.6799, 1.1003, 1.1891,0
-0.2197, 0.0000,-5.3784, 3.1415,-0.1088,-10.6023, 4.6799, 1.1300, 1.1899,0
-0.2198, 0.0000,-5.4883, 3.1415,-0.0339,-10.9169, 4.6799, 1.1655, 1.1906,0
-0.2192, 0.0000,-5.6046, 3.1415, 0.0417,-11.4825,-4.6799, 1.2868, 1.1913,0
-0.2187, 0.0000,-5.7239, 3.1415, 0.0507,-11.8469,-4.6799, 1.3561, 1.1920,0
-0.2172, 0.0000,-5.8465, 3.1415, 0.1314,-12.1711,-4.6799, 1.4232, 1.1927,0
-0.2160, 0.0000,-5.9658, 3.1415, 0.1232,-11.9846,-4.6799, 1.3286, 1.1934,0
-0.2145, 0.0000,-6.0884, 3.1415, 0.1398,-12.1987,-4.6799, 1.3788, 1.1942,0
-0.2137, 0.0000,-6.2109, 3.1415, 0.0946,-12.2414,-4.6799, 1.3817, 1.1949,0
-0.2129, 0.0000,-6.3334, 3.1415, 0.0795,-12.2500,-4.6799, 1.3837, 1.1956,0
-0.2128, 0.0000,-6.4528, 3.1415, 0.0280,-12.0004,-4.6799, 1.3083, 1.1963,0
-0.2129, 0.0000,-6.5690, 3.1415,-0.0065,-11.6992,-4.6799, 1.2272, 1.1970,0
-0.2138, 0.0000,-6.6853, 3.1415,-0.0680,-11.6389,-4.6799, 1.2356, 1.1978,0
-0.2151, 0.0000,-6.7984, 3.1415,-0.1227,-11.3755, 4.6799, 1.1867, 1.1985,0
-0.2158, 0.0000,-6.9083, 3.1415,-0.0791,-11.0715, 4.6799, 1.1338, 1.1992,0
-0.2175, 0.0000,-7.0151, 3.1415,-0.1552,-10.7594, 4.6799, 1.0865, 1.1999,0
-0.2192, 0.0000,-7.1219, 3.1415,-0.1644,-10.6970, 4.6799, 1.1220, 1.2006,0
-0.2211, 0.0000,-7.2256, 3.1415,-0.1844,-10.4332, 4.6799, 1.1018, 1.2013,0
-0.2230, 0.0000,-7.3261, 3.1415,-0.1884,-10.1291, 4.6799, 1.0747, 1.2021,0
-0.2248, 0.0000,-7.4235, 3.1415,-0.1832,-9.8169, 4.6799, 1.0496, 1.2028,0
-0.2268, 0.0000,-7.5209, 3.1415,-0.1942,-9.7545, 4.6799, 1.0973, 1.2035,0
-0.2290, 0.0000,-7.6120, 3.1415,-0.2146,-9.2394, 4.6799, 1.0231, 1.2042,0
-0.2312, 0.0000,-7.7031, 3.1415,-0.2187,-9.1363, 4.6799, 1.0607, 1.2049,0
-0.2332, 0.0000,-7.7880, 3.1415,-0.2074,-8.6131, 4.6799, 0.9912, 1.2057,0
-0.2353, 0.0000,-7.8728, 3.1415,-0.2052,-8.5084, 4.6799, 1.0270, 1.2064,0
-0.2372, 0.0000,-7.9545, 3.1415,-0.1926,-8.2362,-4.6799, 1.0217, 1.2071,0
-0.2408, 0.0000,-8.0299, 3.1415,-0.3295,-7.6790,-4.6799, 0.9512, 1.2078,0
-0.2437, 0.0000,-8.1053, 3.1415,-0.2963,-7.5676,-4.6799, 0.9803, 1.2085,0
-0.2460, 0.0000,-8.1775, 3.1415,-0.2472,-7.2940,-4.6799, 0.9731, 1.2092,0
-0.2499, 0.0000,-8.2466, 3.1415,-0.3586,-6.9880,-4.6799, 0.9584, 1.2100,0
-0.2556, 0.0000,-8.3126, 3.1415,-0.5264,-6.6754,-4.6799, 0.9418, 1.2107,0
-0.2618, 0.0000,-8.3786, 3.1415,-0.6024,-6.6129,-4.6799, 0.9719, 1.2114,0
-0.2698, 0.0000,-8.4414, 3.1415,-0.7571,-6.3491,-4.6799, 0.9623, 1.2121,0
-0.2795, 0.0000,-8.5011, 3.1415,-0.9275,-6.0450,-4.6799, 0.9445, 1.2128,0
-0.2888, 0.0000,-8.5608, 3.1415,-0.9313,-5.9841,-4.6799, 0.9677, 1.2136,0
-0.2966, 0.0000,-8.6173, 3.1415,-0.8107,-5.7207,-4.6799, 0.9546, 1.2143,0
-0.3037, 0.0000,-8.6707, 3.1415,-0.7321,-5.4167,-4.6799, 0.9342, 1.2150,0
-0.3111, 0.0000,-8.7242, 3.1415,-0.7345,-5.3558,-4.6799, 0.9505, 1.2157,0
-0.3199, 0.0000,-8.7744, 3.1415,-0.8502,-5.0924,-4.6799, 0.9345, 1.2164,0
-0.3298, 0.0000,-8.8247, 3.1415,-0.9643,-5.0397,-4.6799, 0.9482, 1.2171,0
-0.3396, 0.0000,-8.8718, 3.1415,-0.9811,-4.7779,-4.6799, 0.9306, 1.2179,0
-0.3506, 0.0000,-8.9189, 3.1415,-1.0754,-4.7254,-4.6799, 0.9407, 1.2186,0
-0.3616, 0.0000,-8.9629, 3.1415,-1.0942,-4.4636,-4.6799, 0.9218, 1.2193,0
-0.3719, 0.0000,-9.0100, 3.1415,-1.0374,-4.6626,-4.6799, 0.9615, 1.2200,0
-0.3813, 0.0000,-9.0540, 3.1415,-0.9593,-4.4511,-4.6799, 0.9466, 1.2207,0
-0.3902, 0.0000,-9.0949, 3.1415,-0.9073,-4.1574,-4.6799, 0.9213, 1.2215,0
-0.3991, 0.0000,-9.1388, 3.1415,-0.8908,-4.3500,-4.6799, 0.9538, 1.2222,0
-0.4087, 0.0000,-9.1797, 3.1415,-0.9482,-4.1373,-4.6799, 0.9362, 1.2229,0
-0.4185, 0.0000,-9.2237, 3.1415,-0.9778,-4.3460,-4.6799, 0.9680, 1.2236,0
-0.4289, 0.0000,-9.2614, 3.1415,-1.0201,-3.8851,-4.6799, 0.9198, 1.2243,0
-0.4398, 0.0000,-9.3053, 3.1415,-1.0771,-4.2956,-4.6799, 0.9713, 1.2250,0
-0.4507, 0.0000,-9.3462, 3.1415,-1.0885,-4.1263, 4.6799, 0.9713, 1.2250,1
-0.4567, 0.0000,-9.3870, 3.1415,-0.7027,-4.0925, 4.6799, 0.9713, 1.2250,1
-0.4569, 0.0000,-9.4247, 3.1415,-0.1526,-3.8344, 4.6799, 0.9713, 1.2250,1
-0.4545, 0.0000,-9.4656, 3.1415, 0.1634,-4.0341, 4.6799, 0.9713, 1.2250,1
-0.4519, 0.0000,-9.5033, 3.1415, 0.2388,-3.8228, 4.6799, 0.9713, 1.2250,1
-0.4510, 0.0000,-9.5410, 3.1415, 0.1205,-3.7803,-4.6799, 0.9133, 1.2258,0
-0.4546, 0.0000,-9.5787, 3.1415,-0.2669,-3.7720,-4.6799, 0.9087, 1.2265,0
-0.4596, 0.0000,-9.6164, 3.1415,-0.4475,-3.7703,-4.6799, 0.9039, 1.2272,0
-0.4646, 0.0000,-9.6541, 3.1415,-0.4896,-3.7699,-4.6799, 0.8982, 1.2279,0
-0.4696, 0.0000,-9.6918, 3.1415,-0.4981,-3.7698,-4.6799, 0.8916, 1.2286,0
-0.4746, 0.0000,-9.7326, 3.1415,-0.4998,-4.0212,-4.6799, 0.9107, 1.2294,0
-0.4794, 0.0000,-9.7703, 3.1415,-0.4880,-3.8202,-4.6799, 0.8799, 1.2301,0
-0.4842, 0.0000,-9.8111, 3.1415,-0.4795,-4.0312,-4.6799, 0.8926, 1.2308,0
-0.4887, 0.0000,-9.8520, 3.1415,-0.4536,-4.0734,-4.6799, 0.8858, 1.2315,0
-0.4929, 0.0000,-9.8928, 3.1415,-0.4302,-4.0819,-4.6799, 0.8741, 1.2322,0
-0.4970, 0.0000,-9.9368, 3.1415,-0.4134,-4.3349,-4.6799, 0.8890, 1.2329,0
-0.5010, 0.0000,-9.9808, 3.1415,-0.4040,-4.3855,-4.6799, 0.8791, 1.2337,0
-0.5047, 0.0000,-10.0248, 3.1415,-0.3779,-4.3956,-4.6799, 0.8631, 1.2344,0
-0.5084, 0.0000,-10.0688, 3.1415,-0.3666,-4.3977,-4.6799, 0.8450, 1.2351,0
-0.5119, 0.0000,-10.1190, 3.1415,-0.3583,-4.9007,-4.6799, 0.8881, 1.2358,0
-0.5153, 0.0000,-10.1661, 3.1415,-0.3445,-4.7500,-4.6799, 0.8454, 1.2365,0
-0.5186, 0.0000,-10.2164, 3.1415,-0.3296,-4.9713,-4.6799, 0.8505, 1.2373,0
-0.5219, 0.0000,-10.2698, 3.1415,-0.3266,-5.2667,-4.6799, 0.8649, 1.2380,0
-0.5249, 0.0000,-10.3264, 3.1415,-0.3078,-5.5772,-4.6799, 0.8809, 1.2387,0
-0.5277, 0.0000,-10.3829, 3.1415,-0.2859,-5.6393,-4.6799, 0.8581, 1.2394,0
-0.5303, 0.0000,-10.4395, 3.1415,-0.2694,-5.6517,-4.6799, 0.8262, 1.2401,0
-0.5329, 0.0000,-10.5023, 3.1415,-0.2600,-6.1568,-4.6799, 0.8707, 1.2408,0
-0.5354, 0.0000,-10.5651, 3.1415,-0.2520,-6.2580,-4.6799, 0.8478, 1.2416,0
-0.5376, 0.0000,-10.6311, 3.1415,-0.2262,-6.5294,-4.6799, 0.8528, 1.2423,0
-0.5397, 0.0000,-10.7002, 3.1415,-0.2089,-6.8350,-4.6799, 0.8630, 1.2430,0
-0.5413, 0.0000,-10.7725, 3.1415,-0.1751,-7.1475,-4.6799, 0.8740, 1.2437,0
-0.5428, 0.0000,-10.8447, 3.1415,-0.1502,-7.2100,-4.6799, 0.8356, 1.2444,0
-0.5439, 0.0000,-10.9233, 3.1415,-0.1210,-7.7251,-4.6799, 0.8873, 1.2451,0
-0.5448, 0.0000,-11.0018, 3.1415,-0.0969,-7.8282, 4.6799, 0.8534, 1.2459,0
-0.5453, 0.0000,-11.0835, 3.1415,-0.0618,-8.1002, 4.6799, 0.8555, 1.2466,0
-0.5453, 0.0000,-11.1715, 3.1415,-0.0063,-8.6571, 4.6799, 0.9235, 1.2473,0
-0.5450, 0.0000,-11.2594, 3.1415, 0.0229,-8.7686, 4.6799, 0.8891, 1.2480,0
-0.5441, 0.0000,-11.3505, 3.1415, 0.0712,-9.0422, 4.6799, 0.8950, 1.2487,0
-0.5428, 0.0000,-11.4479, 3.1415, 0.1173,-9.5995, 4.6799, 0.9762, 1.2495,0
-0.5413, 0.0000,-11.5453, 3.1415, 0.1447,-9.7110, 4.6799, 0.9450, 1.2502,0
-0.5393, 0.0000,-11.6490, 3.1415, 0.1926,-10.2360, 4.6799, 1.0303, 1.2509,0
-0.5368, 0.0000,-11.7526, 3.1415, 0.2386,-10.3410, 4.6799, 1.0039, 1.2516,0
-0.5338, 0.0000,-11.8626, 3.1415, 0.2841,-10.8646, 4.6799, 1.1050, 1.2523,0
-0.5306, 0.0000,-11.9726, 3.1415, 0.3175,-10.9693, 4.6799, 1.0894, 1.2530,0
-0.5269, 0.0000,-12.0857, 3.1415, 0.3545,-11.2416, 4.6799, 1.1325, 1.2538,0
-0.5230, 0.0000,-12.2019, 3.1415, 0.3862,-11.5474, 4.6799, 1.1958, 1.2545,0
-0.5188, 0.0000,-12.3213, 3.1415, 0.4107,-11.8599,-4.6799, 1.2725, 1.2552,0
-0.5146, 0.0000,-12.4407, 3.1415, 0.4216,-11.9223,-4.6799, 1.2775, 1.2559,0
-0.5103, 0.0000,-12.5600, 3.1415, 0.4238,-11.9349,-4.6799, 1.2761, 1.2566,0
-0.5062, 0.0000,-12.6763, 3.1415, 0.4182,-11.6860, 4.6799, 1.1981, 1.2574,0
-0.5022, 0.0000,-12.7957, 3.1415, 0.3989,-11.8876,-4.6799, 1.2791, 1.2581,0
-0.4986, 0.0000,-12.9119, 3.1415, 0.3708,-11.6766, 4.6799, 1.2331, 1.2588,0
-0.4953, 0.0000,-13.0250, 3.1415, 0.3409,-11.3831, 4.6799, 1.1701, 1.2595,0
-0.4924, 0.0000,-13.1381, 3.1415, 0.2985,-11.3244, 4.6799, 1.1915, 1.2602,0
-0.4901, 0.0000,-13.2449, 3.1415, 0.2416,-10.8099, 4.6799, 1.0769, 1.2609,0
-0.4883, 0.0000,-13.3517, 3.1415, 0.1938,-10.7071, 4.6799, 1.0972, 1.2617,0
-0.4870, 0.0000,-13.4523, 3.1415, 0.1418,-10.1838, 4.6799, 0.9977, 1.2624,0
-0.4862, 0.0000,-13.5528, 3.1415, 0.0950,-10.0793, 4.6799, 1.0261, 1.2631,0
-0.4859, 0.0000,-13.6470, 3.1415, 0.0432,-9.5556, 4.6799, 0.9403, 1.2638,0
-0.4859, 0.0000,-13.7381, 3.1415, 0.0025,-9.1997, 4.6799, 0.9059, 1.2645,0
-0.4865, 0.0000,-13.8261, 3.1415,-0.0419,-8.8770, 4.6799, 0.8834, 1.2653,0
-0.4874, 0.0000,-13.9141, 3.1415,-0.0811,-8.8125, 4.6799, 0.9284, 1.2660,0
-0.4886, 0.0000,-13.9957, 3.1415,-0.1132,-8.2970, 4.6799, 0.8625, 1.2667,0
-0.4900, 0.0000,-14.0743, 3.1415,-0.1378,-7.9425, 4.6799, 0.8380, 1.2674,0
-0.4917, 0.0000,-14.1497, 3.1415,-0.1609,-7.6204, 4.6799, 0.8220, 1.2681,0
-0.4936, 0.0000,-14.2219, 3.1415,-0.1837,-7.3045,-4.6799, 0.8078, 1.2688,0
-0.4957, 0.0000,-14.2942, 3.1415,-0.2065,-7.2414,-4.6799, 0.8464, 1.2696,0
-0.4979, 0.0000,-14.3602, 3.1415,-0.2171,-6.7261,-4.6799, 0.7922, 1.2703,0
-0.5002, 0.0000,-14.4230, 3.1415,-0.2253,-6.3717,-4.6799, 0.7709, 1.2710,0
-0.5025, 0.0000,-14.4858, 3.1415,-0.2269,-6.3009,-4.6799, 0.8011, 1.2717,0
-0.5048, 0.0000,-14.5455, 3.1415,-0.2333,-6.0354,-4.6799, 0.7951, 1.2724,0
-0.5072, 0.0000,-14.5989, 3.1415,-0.2406,-5.4795,-4.6799, 0.7403, 1.2732,0
-0.5096, 0.0000,-14.6523, 3.1415,-0.2361,-5.3685,-4.6799, 0.7573, 1.2739,0
-0.5119, 0.0000,-14.7026, 3.1415,-0.2351,-5.0949,-4.6799, 0.7481, 1.2746,0
-0.5143, 0.0000,-14.7529, 3.1415,-0.2350,-5.0402,-4.6799, 0.7704, 1.2753,0
-0.5165, 0.0000,-14.7969, 3.1415,-0.2228,-4.5265,-4.6799, 0.7269, 1.2760,0
-0.5187, 0.0000,-14.8377, 3.1415,-0.2204,-4.1726,-4.6799, 0.7066, 1.2767,0
-0.5208, 0.0000,-14.8785, 3.1415,-0.2138,-4.1017,-4.6799, 0.7204, 1.2775,0
-0.5228, 0.0000,-14.9162, 3.1415,-0.2004,-3.8363,-4.6799, 0.7106, 1.2782,0
-0.5247, 0.0000,-14.9508, 3.1415,-0.1916,-3.5317,-4.6799, 0.6965, 1.2789,0
-0.5263, 0.0000,-14.9853, 3.1415,-0.1717,-3.4710,-4.6799, 0.7073, 1.2796,0
-0.5279, 0.0000,-15.0168, 3.1415,-0.1616,-3.2075,-4.6799, 0.6973, 1.2803,0
-0.5294, 0.0000,-15.0450, 3.1415,-0.1536,-2.9033,-4.6799, 0.6840, 1.2811,0
-0.5308, 0.0000,-15.0702, 3.1415,-0.1398,-2.5912,-4.6799, 0.6709, 1.2818,0
-0.5320, 0.0000,-15.0953, 3.1415,-0.1249,-2.5288,-4.6799, 0.6770, 1.2825,0
-0.5331, 0.0000,-15.1173, 3.1415,-0.1159,-2.2651,-4.6799, 0.6682, 1.2832,0
-0.5341, 0.0000,-15.1361, 3.1415,-0.1020,-1.9609,-4.6799, 0.6577, 1.2839,0
-0.5350, 0.0000,-15.1550, 3.1415,-0.0931,-1.9001,-4.6799, 0.6616, 1.2846,0
-0.5358, 0.0000,-15.1707, 3.1415,-0.0792,-1.6367,-4.6799, 0.6544, 1.2854,0
-0.5365, 0.0000,-15.1833, 3.1415,-0.0704,-1.3326,-4.6799, 0.6463, 1.2861,0
-0.5370, 0.0000,-15.1958, 3.1415,-0.0565,-1.2717,-4.6799, 0.6486, 1.2868,0
-0.5374, 0.0000,-15.2084, 3.1415,-0.0416,-1.2596,-4.6799, 0.6525, 1.2875,0
-0.5376, 0.0000,-15.2178, 3.1415,-0.0265,-1.0058,-4.6799, 0.6477, 1.2882,0
-0.5377, 0.0000,-15.2241, 3.1415,-0.0113,-0.7039,-4.6799, 0.6426, 1.2890,0
-0.5378, 0.0000,-15.2304, 3.1415,-0.0083,-0.6434,-4.6799, 0.6435, 1.2897,0
-0.5377, 0.0000,-15.2335, 3.1415, 0.0043,-0.3799,-4.6799, 0.6408, 1.2904,0
-0.5376, 0.0000,-15.2335, 3.1415, 0.0069,-0.0759, 4.6799, 0.6388, 1.2911,0
-0.5375, 0.0000,-15.2367, 3.1415, 0.0135,-0.2665, 4.6799, 0.6408, 1.2918,0
-0.5372, 0.0000,-15.2335, 3.1415, 0.0208, 0.1980, 4.6799, 0.6393, 1.2925,0
-0.5370, 0.0000,-15.2335, 3.1415, 0.0223, 0.0396, 4.6799, 0.6388, 1.2933,0
-0.5368, 0.0000,-15.2304, 3.1415, 0.0226, 0.2592, 4.6799, 0.6387, 1.2940,0
-0.5365, 0.0000,-15.2241, 3.1415, 0.0287, 0.5544, 4.6799, 0.6399, 1.2947,0
-0.5362, 0.0000,-15.2178, 3.1415, 0.0300, 0.6136, 4.6799, 0.6388, 1.2954,0
-0.5360, 0.0000,-15.2084, 3.1415, 0.0241, 0.8766, 4.6799, 0.6411, 1.2961,0
-0.5356, 0.0000,-15.1990, 3.1415, 0.0290, 0.9293, 4.6799, 0.6391, 1.2969,0
-0.5354, 0.0000,-15.1896, 3.1415, 0.0240, 0.9398, 4.6799, 0.6361, 1.2976,0
-0.5351, 0.0000,-15.1770, 3.1415, 0.0290, 1.1932, 4.6799, 0.6391, 1.2983,0
-0.5349, 0.0000,-15.1613, 3.1415, 0.0239, 1.4952, 4.6799, 0.6447, 1.2990,0
-0.5346, 0.0000,-15.1456, 3.1415, 0.0290, 1.5556, 4.6799, 0.6413, 1.2997,0
-0.5343, 0.0000,-15.1299, 3.1415, 0.0300, 1.5678, 4.6799, 0.6358, 1.3004,0
-0.5340, 0.0000,-15.1110, 3.1415, 0.0302, 1.8215, 4.6799, 0.6403, 1.3012,0
-0.5337, 0.0000,-15.0922, 3.1415, 0.0303, 1.8723, 4.6799, 0.6352, 1.3019,0
-0.5334, 0.0000,-15.0670, 3.1415, 0.0303, 2.3850, 4.6799, 0.6552, 1.3026,0
-0.5331, 0.0000,-15.0450, 3.1415, 0.0242, 2.2362, 4.6799, 0.6360, 1.3033,0
-0.5328, 0.0000,-15.0199, 3.1415, 0.0291, 2.4578, 4.6799, 0.6393, 1.3040,0
-0.5326, 0.0000,-14.9916, 3.1415, 0.0240, 2.7536, 4.6799, 0.6477, 1.3048,0
-0.5324, 0.0000,-14.9602, 3.1415, 0.0229, 3.0639, 4.6799, 0.6579, 1.3055,0
-0.5322, 0.0000,-14.9288, 3.1415, 0.0167, 3.1261, 4.6799, 0.6477, 1.3062,0
-0.5320, 0.0000,-14.8974, 3.1415, 0.0215, 3.1384, 4.6799, 0.6327, 1.3069,0
-0.5319, 0.0000,-14.8597, 3.1415, 0.0103, 3.6436, 4.6799, 0.6607, 1.3076,0
-0.5319, 0.0000,-14.8220, 3.1415, 0.0081, 3.7447, 4.6799, 0.6505, 1.3083,0
-0.5319, 0.0000,-14.7811, 3.1415, 0.0016, 4.0161, 4.6799, 0.6569, 1.3091,0
-0.5319, 0.0000,-14.7403, 3.1415, 0.0003, 4.0705, 4.6799, 0.6393, 1.3098,0
-0.5319, 0.0000,-14.6963, 3.1415,-0.0060, 4.3326, 4.6799, 0.6437, 1.3105,0
-0.5320, 0.0000,-14.6461, 3.1415,-0.0072, 4.8877, 4.6799, 0.6843, 1.3112,0
-0.5321, 0.0000,-14.5989, 3.1415,-0.0075, 4.7475, 4.6799, 0.6355, 1.3119,0
-0.5322, 0.0000,-14.5455, 3.1415,-0.0136, 5.2219, 4.6799, 0.6669, 1.3127,0
-0.5324, 0.0000,-14.4890, 3.1415,-0.0148, 5.5683, 4.6799, 0.6815, 1.3134,0
-0.5327, 0.0000,-14.4324, 3.1415,-0.0272, 5.6375, 4.6799, 0.6539, 1.3141,0
-0.5330, 0.0000,-14.3696, 3.1415,-0.0296, 6.1540, 4.6799, 0.6956, 1.3148,0
-0.5334, 0.0000,-14.3068, 3.1415,-0.0362, 6.2573, 4.6799, 0.6694, 1.3155,0
-0.5340, 0.0000,-14.2408, 3.1415,-0.0557, 6.5293, 4.6799, 0.6711, 1.3162,0
-0.5347, 0.0000,-14.1717, 3.1415,-0.0657, 6.8350, 4.6799, 0.6788, 1.3170,0
-0.5356, 0.0000,-14.0963, 3.1415,-0.0859, 7.3988, 4.6799, 0.7370, 1.3177,0
-0.5367, 0.0000,-14.0209, 3.1415,-0.1081, 7.5117,-4.6799, 0.7066, 1.3184,0
-0.5381, 0.0000,-13.9423, 3.1415,-0.1307, 7.7853,-4.6799, 0.7095, 1.3191,0
-0.5397, 0.0000,-13.8607, 3.1415,-0.1534, 8.0916,-4.6799, 0.7206, 1.3198,0
-0.5416, 0.0000,-13.7758, 3.1415,-0.1822, 8.4042,-4.6799, 0.7350, 1.3206,0
-0.5437, 0.0000,-13.6879, 3.1415,-0.2062, 8.7179,-4.6799, 0.7521, 1.3213,0
-0.5462, 0.0000,-13.5968, 3.1415,-0.2413, 9.0321,-4.6799, 0.7726, 1.3220,0
-0.5491, 0.0000,-13.5025, 3.1415,-0.2786, 9.3462,-4.6799, 0.7972, 1.3227,0
-0.5524, 0.0000,-13.4051, 3.1415,-0.3225, 9.6603,-4.6799, 0.8265, 1.3234,0
-0.5557, 0.0000,-13.3046, 3.1415,-0.3312, 9.9745,-4.6799, 0.8617, 1.3241,0
-0.5563, 0.0000,-13.2103, 3.1415,-0.1087, 9.5348,-4.6799, 0.6985, 1.3249,0
-0.5545, 0.0000,-13.1192, 3.1415, 0.1177, 9.1954,-4.6799, 0.5726, 1.3256,0
-0.5527, 0.0000,-13.0250, 3.1415, 0.1690, 9.3789,-4.6799, 0.5876, 1.3263,0
-0.5514, 0.0000,-12.9307, 3.1415, 0.1368, 9.4155,-4.6799, 0.5701, 1.3270,0
-0.5504, 0.0000,-12.8334, 3.1415, 0.1122, 9.6743,-4.6799, 0.6176, 1.3277,0
-0.5493, 0.0000,-12.7360, 3.1415, 0.1073, 9.7260,-4.6799, 0.6165, 1.3285,0
-0.5486, 0.0000,-12.6354, 3.1415, 0.0760, 9.9876,-4.6799, 0.6801, 1.3292,0
-0.5479, 0.0000,-12.5349, 3.1415, 0.0697, 10.0399,-4.6799, 0.6934, 1.3299,0
-0.5475, 0.0000,-12.4344, 3.1415, 0.0503, 10.0504,-4.6799, 0.7023, 1.3306,0
-0.5469, 0.0000,-12.3370, 3.1415, 0.0585, 9.8012,-4.6799, 0.6456, 1.3313,0
-0.5461, 0.0000,-12.2365, 3.1415, 0.0723, 10.0027,-4.6799, 0.7213, 1.3320,0
-0.5452, 0.0000,-12.1391, 3.1415, 0.0872, 9.7916,-4.6799, 0.6887, 1.3328,0
-0.5441, 0.0000,-12.0448, 3.1415, 0.1083, 9.4981,-4.6799, 0.6403, 1.3335,0
-0.5428, 0.0000,-11.9506, 3.1415, 0.1247, 9.4393,-4.6799, 0.6612, 1.3342,0
-0.5411, 0.0000,-11.8626, 3.1415, 0.1583, 8.9250,-4.6799, 0.5676, 1.3349,0
-0.5392, 0.0000,-11.7746, 3.1415, 0.1832, 8.8222,-4.6799, 0.5850, 1.3356,0
-0.5370, 0.0000,-11.6898, 3.1415, 0.2124, 8.5503,-4.6799, 0.5640, 1.3364,0
-0.5345, 0.0000,-11.6081, 3.1415, 0.2425, 8.2444,-4.6799, 0.5386, 1.3371,0
-0.5318, 0.0000,-11.5296, 3.1415, 0.2667, 7.9320,-4.6799, 0.5153, 1.3378,0
-0.5288, 0.0000,-11.4542, 3.1415, 0.2958, 7.6182,-4.6799, 0.4945, 1.3385,0
-0.5256, 0.0000,-11.3788, 3.1415, 0.3138, 7.5555,-4.6799, 0.5306, 1.3392,0
-0.5221, 0.0000,-11.3097, 3.1415, 0.3416, 7.0402,-4.6799, 0.4720, 1.3399,0
-0.5184, 0.0000,-11.2437, 3.1415, 0.3593, 6.6859,-4.6799, 0.4494, 1.3407,0
-0.5147, 0.0000,-11.1809, 3.1415, 0.3750, 6.3637,-4.6799, 0.4346, 1.3414,0
-0.5108, 0.0000,-11.1180, 3.1415, 0.3842, 6.2993,-4.6799, 0.4677, 1.3421,0
-0.5068, 0.0000,-11.0615, 3.1415, 0.3982, 5.7837,-4.6799, 0.4209, 1.3428,0
-0.5027, 0.0000,-11.0049, 3.1415, 0.4070, 5.6806, 4.6799, 0.4450, 1.3435,0
-0.4984, 0.0000,-10.9547, 3.1415, 0.4270, 5.1573, 4.6799, 0.4016, 1.3442,0
-0.4940, 0.0000,-10.9044, 3.1415, 0.4310, 5.0526, 4.6799, 0.4227, 1.3450,0
-0.4899, 0.0000,-10.8604, 3.1415, 0.4196, 4.5291, 4.6799, 0.3838, 1.3457,0
-0.4854, 0.0000,-10.8165, 3.1415, 0.4416, 4.4243, 4.6799, 0.4019, 1.3464,0
-0.4809, 0.0000,-10.7788, 3.1415, 0.4460, 3.9008, 4.6799, 0.3674, 1.3471,0
-0.4765, 0.0000,-10.7411, 3.1415, 0.4469, 3.7960, 4.6799, 0.3825, 1.3478,0
-0.4721, 0.0000,-10.7065, 3.1415, 0.4410, 3.5238, 4.6799, 0.3785, 1.3486,0
-0.4677, 0.0000,-10.6782, 3.1415, 0.4338, 2.9667, 4.6799, 0.3472, 1.3493,0
-0.4623, 0.0000,-10.6499, 3.1415, 0.5233, 2.8552, 4.6799, 0.3573, 1.3500,0
-0.4577, 0.0000,-10.6248, 3.1415, 0.4684, 2.5816, 4.6799, 0.3534, 1.3507,0
-0.4530, 0.0000,-10.5997, 3.1415, 0.4696, 2.5269, 4.6799, 0.3662, 1.3514,0
-0.4484, 0.0000,-10.5808, 3.1415, 0.4637, 2.0134, 4.6799, 0.3460, 1.3521,0
-0.4437, 0.0000,-10.5651, 3.1415, 0.4686, 1.6592, 4.6799, 0.3381, 1.3529,0
-0.4387, 0.0000,-10.5494, 3.1415, 0.4939, 1.5884, 4.6799, 0.3451, 1.3536,0
-0.4336, 0.0000,-10.5369, 3.1415, 0.5050, 1.3230, 4.6799, 0.3424, 1.3543,0
-0.4286, 0.0000,-10.5274, 3.1415, 0.5011, 1.0186, 4.6799, 0.3385, 1.3550,0
-0.4236, 0.0000,-10.5211, 3.1415, 0.5004, 0.7063, 4.6799, 0.3350, 1.3557,0
-0.4185, 0.0000,-10.5149, 3.1415, 0.5063, 0.6438, 4.6799, 0.3378, 1.3565,0
-0.4129, 0.0000,-10.5149, 3.1415, 0.5560, 0.1287, 4.6799, 0.3322, 1.3572,0
-0.4048, 0.0000,-10.5149, 3.1415, 0.7599, 0.0257, 4.6799, 0.3320, 1.3579,0
-0.3940, 0.0000,-10.5180, 3.1415, 1.0129,-0.2461,-4.6799, 0.3308, 1.3586,0
-0.3864, 0.0000,-10.5243, 3.1415, 0.8089,-0.5518,-4.6799, 0.3302, 1.3593,0
-0.3862, 0.0000,-10.5337, 3.1415, 0.1799,-0.8643,-4.6799, 0.3304, 1.3600,0
-0.3885, 0.0000,-10.5463, 3.1415,-0.1519,-1.1782,-4.6799, 0.3312, 1.3608,0
-0.3913, 0.0000,-10.5588, 3.1415,-0.2486,-1.2409,-4.6799, 0.3252, 1.3615,0
-0.3952, 0.0000,-10.5777, 3.1415,-0.3650,-1.7562,-4.6799, 0.3345, 1.3622,0
-0.3998, 0.0000,-10.5997, 3.1415,-0.4368,-2.1105,-4.6799, 0.3392, 1.3629,0
-0.4049, 0.0000,-10.6248, 3.1415,-0.4996,-2.4326,-4.6799, 0.3429, 1.3636,0
-0.4099, 0.0000,-10.6499, 3.1415,-0.5001,-2.4971,-4.6799, 0.3305, 1.3644,0
-0.4152, 0.0000,-10.6814, 3.1415,-0.5244,-3.0127,-4.6799, 0.3489, 1.3651,0
-0.4206, 0.0000,-10.7159, 3.1415,-0.5353,-3.3671,-4.6799, 0.3568, 1.3658,0
-0.4246, 0.0000,-10.7536, 3.1415,-0.4284,-3.6894,-4.6799, 0.3625, 1.3665,0
-0.4272, 0.0000,-10.7913, 3.1415,-0.2918,-3.7537,-4.6799, 0.3428, 1.3672,0
-0.4293, 0.0000,-10.8353, 3.1415,-0.2281,-4.2693,-4.6799, 0.3697, 1.3679,0
-0.4321, 0.0000,-10.8793, 3.1415,-0.2699,-4.3723,-4.6799, 0.3509, 1.3687,0
-0.4355, 0.0000,-10.9296, 3.1415,-0.3207,-4.8957,-4.6799, 0.3829, 1.3694,0
-0.4390, 0.0000,-10.9798, 3.1415,-0.3491,-5.0003, 4.6799, 0.3613, 1.3701,0
-0.4383, 0.0000,-11.0364, 3.1415,-0.0091,-5.5239, 4.6799, 0.3978, 1.3708,0
-0.4329, 0.0000,-11.0929, 3.1415, 0.4225,-5.6287, 4.6799, 0.3737, 1.3715,0
-0.4247, 0.0000,-11.1557, 3.1415, 0.7454,-6.1522, 4.6799, 0.4153, 1.3723,0
-0.4138, 0.0000,-11.2186, 3.1415, 1.0222,-6.2570, 4.6799, 0.3892, 1.3730,0
-0.4007, 0.0000,-11.2877, 3.1415, 1.2473,-6.7805, 4.6799, 0.4368, 1.3737,0
-0.3863, 0.0000,-11.3568, 3.1415, 1.4075,-6.8853, 4.6799, 0.4098, 1.3744,0
-0.3706, 0.0000,-11.4322, 3.1415, 1.5366,-7.4088, 4.6799, 0.4647, 1.3751,0
-0.3543, 0.0000,-11.5076, 3.1415, 1.6109,-7.5136, 4.6799, 0.4385, 1.3758,0
-0.3385, 0.0000,-11.5861, 3.1415, 1.5833,-7.7859, 4.6799, 0.4487, 1.3766,0
-0.3256, 0.0000,-11.6710, 3.1415, 1.3474,-8.3430, 4.6799, 0.5255, 1.3773,0
-0.3161, 0.0000,-11.7558, 3.1415, 1.0334,-8.4544, 4.6799, 0.5058, 1.3780,0
-0.3069, 0.0000,-11.8469, 3.1415, 0.9403,-8.9793, 4.6799, 0.5886, 1.3787,0
-0.2965, 0.0000,-11.9380, 3.1415, 1.0187,-9.0843, 4.6799, 0.5743, 1.3794,0
-0.2872, 0.0000,-12.0354, 3.1415, 0.9495,-9.6080, 4.6799, 0.6731, 1.3802,0
-0.2805, 0.0000,-12.1328, 3.1415, 0.7234,-9.7127, 4.6799, 0.6690, 1.3809,0
-0.2726, 0.0000,-12.2333, 3.1415, 0.7752,-9.9850, 4.6799, 0.7171, 1.3816,0
-0.2648, 0.0000,-12.3401, 3.1415, 0.7856,-10.5421, 4.6799, 0.8561, 1.3823,0
-0.2564, 0.0000,-12.4438, 3.1415, 0.8301,-10.4021, 4.6799, 0.8021, 1.3830,0
-0.2478, 0.0000,-12.5475, 3.1415, 0.8511,-10.3742, 4.6799, 0.7887, 1.3837,0
-0.2392, 0.0000,-12.6543, 3.1415, 0.8553,-10.6199, 4.6799, 0.8636, 1.3845,0
-0.2306, 0.0000,-12.7611, 3.1415, 0.8623,-10.6691, 4.6799, 0.8891, 1.3852,0
-0.2220, 0.0000,-12.8679, 3.1415, 0.8576,-10.6790, 4.6799, 0.9109, 1.3859,0
-0.2135, 0.0000,-12.9716, 3.1415, 0.8506,-10.4295, 4.6799, 0.8629, 1.3866,0
-0.2052, 0.0000,-13.0721, 3.1415, 0.8370,-10.1282, 4.6799, 0.8079, 1.3873,0
-0.1973, 0.0000,-13.1726, 3.1415, 0.7980,-10.0681, 4.6799, 0.8290, 1.3881,0
-0.1894, 0.0000,-13.2700, 3.1415, 0.7901,-9.8047, 4.6799, 0.7983, 1.3888,0
-0.1819, 0.0000,-13.3674, 3.1415, 0.7583,-9.7521, 4.6799, 0.8317, 1.3895,0
-0.1747, 0.0000,-13.4585, 3.1415, 0.7337,-9.2388, 4.6799, 0.7442, 1.3902,0
-0.1678, 0.0000,-13.5465, 3.1415, 0.6985,-8.8848, 4.6799, 0.7052, 1.3909,0
-0.1610, 0.0000,-13.6345, 3.1415, 0.6793,-8.8142, 4.6799, 0.7417, 1.3916,0
-0.1546, 0.0000,-13.7161, 3.1415, 0.6512,-8.2973, 4.6799, 0.6703, 1.3924,0
-0.1484, 0.0000,-13.7978, 3.1415, 0.6213,-8.1940, 4.6799, 0.7009, 1.3931,0
-0.1425, 0.0000,-13.8764, 3.1415, 0.5972,-7.9218, 4.6799, 0.6934, 1.3938,0
-0.1366, 0.0000,-13.9518, 3.1415, 0.5923,-7.6163, 4.6799, 0.6797, 1.3945,0
-0.1309, 0.0000,-14.0209, 3.1415, 0.5732,-7.0523, 4.6799, 0.6130, 1.3952,0
-0.1253, 0.0000,-14.0900, 3.1415, 0.5633,-6.9397, 4.6799, 0.6404, 1.3960,0
-0.1198, 0.0000,-14.1560, 3.1415, 0.5552,-6.6658,-4.6799, 0.6355, 1.3967,0
-0.1151, 0.0000,-14.2157, 3.1415, 0.4869,-6.1084,-4.6799, 0.5787, 1.3974,0
-0.1104, 0.0000,-14.2753, 3.1415, 0.4733,-5.9969,-4.6799, 0.6024, 1.3981,0
-0.1061, 0.0000,-14.3319, 3.1415, 0.4402,-5.7231,-4.6799, 0.5975, 1.3988,0
-0.1023, 0.0000,-14.3853, 3.1415, 0.3851,-5.4172,-4.6799, 0.5872, 1.3995,0
-0.0989, 0.0000,-14.4356, 3.1415, 0.3559,-5.1046,-4.6799, 0.5759, 1.4003,0
-0.0961, 0.0000,-14.4858, 3.1415, 0.2894,-5.0422,-4.6799, 0.6013, 1.4010,0
-0.0936, 0.0000,-14.5330, 3.1415, 0.2579,-4.7782,-4.6799, 0.5965, 1.4017,0
-0.0914, 0.0000,-14.5769, 3.1415, 0.2274,-4.4742,-4.6799, 0.5860, 1.4024,0
-0.0898, 0.0000,-14.6178, 3.1415, 0.1788,-4.1620,-4.6799, 0.5745, 1.4031,0
-0.0882, 0.0000,-14.6586, 3.1415, 0.1570,-4.0997,-4.6799, 0.5930, 1.4039,0
-0.0872, 0.0000,-14.6932, 3.1415, 0.1162,-3.5846,-4.6799, 0.5589, 1.4046,0
-0.0864, 0.0000,-14.7309, 3.1415, 0.0838,-3.7328,-4.6799, 0.5968, 1.4053,0
-0.0860, 0.0000,-14.7623, 3.1415, 0.0531,-3.2598,-4.6799, 0.5690, 1.4060,0
-0.0859, 0.0000,-14.7937, 3.1415, 0.0166,-3.1652,-4.6799, 0.5786, 1.4067,0
-0.0860, 0.0000,-14.8251, 3.1415,-0.0087,-3.1462,-4.6799, 0.5945, 1.4074,0
-0.0864, 0.0000,-14.8534, 3.1415,-0.0260,-2.8912,-4.6799, 0.5885, 1.4082,0
-0.0871, 0.0000,-14.8785, 3.1415,-0.0658,-2.5888,-4.6799, 0.5787, 1.4089,0
-0.0879, 0.0000,-14.9037, 3.1415,-0.0798,-2.5284,-4.6799, 0.5876, 1.4096,0
-0.0890, 0.0000,-14.9257, 3.1415,-0.1008,-2.2649,-4.6799, 0.5811, 1.4103,0
-0.0903, 0.0000,-14.9476, 3.1415,-0.1232,-2.2122,-4.6799, 0.5888, 1.4110,0
-0.0916, 0.0000,-14.9665, 3.1415,-0.1277,-1.9504,-4.6799, 0.5828, 1.4118,0
-0.0932, 0.0000,-14.9853, 3.1415,-0.1528,-1.8980,-4.6799, 0.5890, 1.4125,0
-0.0949, 0.0000,-15.0011, 3.1415,-0.1700,-1.6362,-4.6799, 0.5835, 1.4132,0
-0.0967, 0.0000,-15.0136, 3.1415,-0.1734,-1.3324,-4.6799, 0.5767, 1.4139,0
-0.0986, 0.0000,-15.0262, 3.1415,-0.1862,-1.2719,-4.6799, 0.5802, 1.4146,0
-0.1007, 0.0000,-15.0388, 3.1415,-0.2070,-1.2597,-4.6799, 0.5854, 1.4153,0
-0.1029, 0.0000,-15.0482, 3.1415,-0.2172,-1.0058,-4.6799, 0.5815, 1.4161,0
-0.1052, 0.0000,-15.0576, 3.1415,-0.2314,-0.9551,-4.6799, 0.5843, 1.4168,0
-0.1078, 0.0000,-15.0639, 3.1415,-0.2524,-0.6936,-4.6799, 0.5809, 1.4175,0
-0.1105, 0.0000,-15.0670, 3.1415,-0.2687,-0.3900,-4.6799, 0.5777, 1.4182,0
-0.1133, 0.0000,-15.0733, 3.1415,-0.2780,-0.5806,-4.6799, 0.5830, 1.4189,0
-0.1163, 0.0000,-15.0733, 3.1415,-0.2920,-0.1161,-4.6799, 0.5784, 1.4197,0
-0.1192, 0.0000,-15.0733, 3.1415,-0.2948,-0.0232, 4.6799, 0.5782, 1.4204,0
-0.1213, 0.0000,-15.0733, 3.1415,-0.2226,-0.0046, 4.6799, 0.5782, 1.4211,0
-0.1237, 0.0000,-15.0702, 3.1415,-0.2385, 0.2503, 4.6799, 0.5778, 1.4218,0
-0.1256, 0.0000,-15.0607, 3.1415,-0.1992, 0.8040, 4.6799, 0.5819, 1.4225,0
-0.1271, 0.0000,-15.0513, 3.1415,-0.1611, 0.9148, 4.6799, 0.5805, 1.4232,0
-0.1281, 0.0000,-15.0388, 3.1415,-0.1110, 1.1882, 4.6799, 0.5829, 1.4240,0
-0.1286, 0.0000,-15.0199, 3.1415,-0.0585, 1.7455, 4.6799, 0.5973, 1.4247,0
-0.1286, 0.0000,-15.0011, 3.1415,-0.0177, 1.8571, 4.6799, 0.5943, 1.4254,0
-0.1285, 0.0000,-14.9791, 3.1415, 0.0085, 2.1306, 4.6799, 0.5992, 1.4261,0
-0.1279, 0.0000,-14.9539, 3.1415, 0.0502, 2.4368, 4.6799, 0.6066, 1.4268,0
-0.1272, 0.0000,-14.9257, 3.1415, 0.0646, 2.7492, 4.6799, 0.6151, 1.4276,0
-0.1261, 0.0000,-14.8942, 3.1415, 0.0978, 3.0630, 4.6799, 0.6245, 1.4283,0
-0.1249, 0.0000,-14.8628, 3.1415, 0.1226, 3.1259, 4.6799, 0.6133, 1.4290,0
-0.1234, 0.0000,-14.8283, 3.1415, 0.1397, 3.3898, 4.6799, 0.6186, 1.4297,0
-0.1217, 0.0000,-14.7874, 3.1415, 0.1674, 3.9451, 4.6799, 0.6526, 1.4304,0
-0.1196, 0.0000,-14.7466, 3.1415, 0.1971, 4.0563, 4.6799, 0.6414, 1.4311,0
-0.1175, 0.0000,-14.7026, 3.1415, 0.2092, 4.3297, 4.6799, 0.6472, 1.4319,0
-0.1153, 0.0000,-14.6555, 3.1415, 0.2176, 4.6358, 4.6799, 0.6566, 1.4326,0
-0.1128, 0.0000,-14.6052, 3.1415, 0.2436, 4.9483, 4.6799, 0.6667, 1.4333,0
-0.1102, 0.0000,-14.5549, 3.1415, 0.2609, 5.0110, 4.6799, 0.6429, 1.4340,0
-0.1075, 0.0000,-14.4984, 3.1415, 0.2644, 5.5261, 4.6799, 0.6813, 1.4347,0
-0.1048, 0.0000,-14.4387, 3.1415, 0.2711, 5.8803, 4.6799, 0.6973, 1.4355,0
-0.1021, 0.0000,-14.3790, 3.1415, 0.2664, 5.9513, 4.6799, 0.6678, 1.4355,0
-0.0994, 0.0000,-14.3130, 3.1415, 0.2715, 6.4681, 4.6799, 0.7114, 1.4355,0
-0.0966, 0.0000,-14.2471, 3.1415, 0.2786, 6.5715, 4.6799, 0.6833, 1.4355,0
-0.0939, 0.0000,-14.1780, 3.1415, 0.2740, 6.8434, 4.6799, 0.6849, 1.4355,0
-0.0912, 0.0000,-14.1026, 3.1415, 0.2670, 7.4005,-4.6799, 0.7419, 1.4355,0
-0.0895, 0.0000,-14.0272, 3.1415, 0.1928, 7.5119,-4.6799, 0.7112, 1.4355,0
-0.0876, 0.0000,-13.9486, 3.1415, 0.1901, 7.7855,-4.6799, 0.7140, 1.4355,0
-0.0864, 0.0000,-13.8638, 3.1415, 0.1289, 8.3430,-4.6799, 0.7806, 1.4355,0
-0.0859, 0.0000,-13.7790, 3.1415, 0.0682, 8.4544,-4.6799, 0.7489, 1.4355,0
-0.0860, 0.0000,-13.6879, 3.1415, 0.0015, 8.9793,-4.6799, 0.8169, 1.4355,0
-0.0870, 0.0000,-13.5936, 3.1415,-0.0785, 9.3357,-4.6799, 0.8488, 1.4355,0
-0.0887, 0.0000,-13.4962, 3.1415,-0.1490, 9.6582,-4.6799, 0.8766, 1.4355,0
-0.0911, 0.0000,-13.3957, 3.1415,-0.2177, 9.9741,-4.6799, 0.9078, 1.4355,0
-0.0940, 0.0000,-13.2920, 3.1415,-0.2800, 10.2885,-4.6799, 0.9448, 1.4355,0
-0.0976, 0.0000,-13.1852, 3.1415,-0.3470, 10.6028,-4.6799, 0.9889, 1.4355,0
-0.1018, 0.0000,-13.0721, 3.1415,-0.4028, 11.1684,-4.6799, 1.1180, 1.4355,0
-0.1067, 0.0000,-12.9590, 3.1415,-0.4686, 11.2813,-4.6799, 1.1183, 1.4355,0
-0.1120, 0.0000,-12.8396, 3.1415,-0.5242, 11.8067,-4.6799, 1.2601, 1.4355,0
-0.1178, 0.0000,-12.7203, 3.1415,-0.5656, 11.9118,-4.6799, 1.2768, 1.4355,0
-0.1239, 0.0000,-12.6009, 3.1415,-0.6042, 11.9326,-4.6799, 1.2757, 1.4355,0
-0.1302, 0.0000,-12.4784, 3.1415,-0.6241, 12.1883,-4.6799, 1.3644, 1.4355,0
-0.1365, 0.0000,-12.3590, 3.1415,-0.6280, 11.9881,-4.6799, 1.3093, 1.4355,0
-0.1429, 0.0000,-12.2365, 3.1415,-0.6349, 12.1994,-4.6799, 1.4041, 1.4355,0
-0.1490, 0.0000,-12.1171, 3.1415,-0.6181, 11.9902,-4.6799, 1.3658, 1.4355,0
-0.1550, 0.0000,-12.0008, 3.1415,-0.6026, 11.6971,-4.6799, 1.3092, 1.4355,0
-0.1607, 0.0000,-11.8846, 3.1415,-0.5752, 11.6385,-4.6799, 1.3388, 1.4355,0
-0.1660, 0.0000,-11.7746, 3.1415,-0.5394, 11.1241,-4.6799, 1.2278, 1.4355,0
-0.1709, 0.0000,-11.6647, 3.1415,-0.5020, 11.0212,-4.6799, 1.2551, 1.4355,0
-0.1756, 0.0000,-11.5579, 3.1415,-0.4702, 10.7493,-4.6799, 1.2348, 1.4355,0
-0.1798, 0.0000,-11.4573, 3.1415,-0.4336, 10.1923,-4.6799, 1.1344, 1.4355,0
-0.1837, 0.0000,-11.3568, 3.1415,-0.4020, 10.0809,-4.6799, 1.1689, 1.4355,0
-0.1873, 0.0000,-11.2626, 3.1415,-0.3653, 9.5560,-4.6799, 1.0889, 1.4355,0
-0.1906, 0.0000,-11.1683, 3.1415,-0.3398, 9.4510,-4.6799, 1.1270, 1.4355,0
-0.1938, 0.0000,-11.0772, 3.1415,-0.3165, 9.1787,-4.6799, 1.1208, 1.4355,0
-0.1966, 0.0000,-10.9924, 3.1415,-0.2876, 8.6215, 4.6799, 1.0428, 1.4355,0
-0.1981, 0.0000,-10.9076, 3.1415,-0.1848, 8.5101, 4.6799, 1.0770, 1.4355,0
-0.2000, 0.0000,-10.8259, 3.1415,-0.1824, 8.2365, 4.6799, 1.0710, 1.4355,0
-0.2012, 0.0000,-10.7473, 3.1415,-0.1335, 7.9304, 4.6799, 1.0568, 1.4355,0
-0.2017, 0.0000,-10.6719, 3.1415,-0.0691, 7.6179, 4.6799, 1.0407, 1.4355,0
-0.2018, 0.0000,-10.5997, 3.1415,-0.0198, 7.3040, 4.6799, 1.0237, 1.4355,0
-0.2014, 0.0000,-10.5274, 3.1415, 0.0263, 7.2413, 4.6799, 1.0581, 1.4355,0
-0.2006, 0.0000,-10.4583, 3.1415, 0.0659, 6.9774, 4.6799, 1.0490, 1.4355,0
-0.1994, 0.0000,-10.3923, 3.1415, 0.1101, 6.6733, 4.6799, 1.0308, 1.4355,0
-0.1981, 0.0000,-10.3264, 3.1415, 0.1311, 6.6126, 4.6799, 1.0576, 1.4355,0
-0.1963, 0.0000,-10.2635, 3.1415, 0.1656, 6.3490, 4.6799, 1.0442, 1.4355,0
-0.1943, 0.0000,-10.2007, 3.1415, 0.1968, 6.2963, 4.6799, 1.0675, 1.4355,0
-0.1920, 0.0000,-10.1410, 3.1415, 0.2212, 6.0345, 4.6799, 1.0514, 1.4355,0
-0.1894, 0.0000,-10.0813, 3.1415, 0.2504, 5.9820, 4.6799, 1.0697, 1.4355,0
-0.1865, 0.0000,-10.0248, 3.1415, 0.2804, 5.7203, 4.6799, 1.0507, 1.4355,0
-0.1834, 0.0000,-9.9682, 3.1415, 0.3046, 5.6679, 4.6799, 1.0643, 1.4355,0
-0.1803, 0.0000,-9.9148, 3.1415, 0.3156, 5.4061, 4.6799, 1.0427, 1.4355,0
-0.1768, 0.0000,-9.8583, 3.1415, 0.3359, 5.6051, 4.6799, 1.0915, 1.4355,0
-0.1733, 0.0000,-9.8049, 3.1415, 0.3521, 5.3936, 4.6799, 1.0741, 1.4355,0
-0.1696, 0.0000,-9.7515, 3.1415, 0.3675, 5.3512, 4.6799, 1.0810, 1.4355,0
-0.1658, 0.0000,-9.6980, 3.1415, 0.3766, 5.3427, 4.6799, 1.0910, 1.4355,0
-0.1617, 0.0000,-9.6478, 3.1415, 0.4027, 5.0897, 4.6799, 1.0629, 1.4355,0
-0.1574, 0.0000,-9.5944, 3.1415, 0.4200, 5.2905, 4.6799, 1.0996, 1.4355,0
-0.1530, 0.0000,-9.5410, 3.1415, 0.4417, 5.3307, 4.6799, 1.1110, 1.4355,0
-0.1484, 0.0000,-9.4907, 3.1415, 0.4582, 5.0873,-4.6799, 1.1110, 1.4355,1
-0.1443, 0.0000,-9.4373, 3.1415, 0.4130, 5.2900,-4.6799, 1.1110, 1.4355,1
-0.1402, 0.0000,-9.3870, 3.1415, 0.4100, 5.0792,-4.6799, 1.1110, 1.4355,1
-0.1364, 0.0000,-9.3368, 3.1415, 0.3912, 5.0370,-4.6799, 1.1110, 1.4355,1
-0.1331, 0.0000,-9.2896, 3.1415, 0.3389, 4.7773, 4.6799, 1.0310, 1.4355,0
-0.1295, 0.0000,-9.2425, 3.1415, 0.3588, 4.7254, 4.6799, 1.0188, 1.4355,0
-0.1259, 0.0000,-9.1923, 3.1415, 0.3567, 4.9662, 4.6799, 1.0440, 1.4355,0
-0.1225, 0.0000,-9.1420, 3.1415, 0.3442, 5.0144, 4.6799, 1.0416, 1.4355,0
-0.1189, 0.0000,-9.0917, 3.1415, 0.3538, 5.0241, 4.6799, 1.0320, 1.4355,0
-0.1150, 0.0000,-9.0383, 3.1415, 0.3860, 5.2773, 4.6799, 1.0550, 1.4355,0
-0.1111, 0.0000,-8.9818, 3.1415, 0.3864, 5.5794, 4.6799, 1.0846, 1.4355,0
-0.1071, 0.0000,-8.9252, 3.1415, 0.3986, 5.6397, 4.6799, 1.0756, 1.4355,0
-0.1027, 0.0000,-8.8655, 3.1415, 0.4314, 5.9031, 4.6799, 1.0965, 1.4355,0
-0.0982, 0.0000,-8.8058, 3.1415, 0.4500, 5.9558, 4.6799, 1.0815, 1.4355,0
-0.0936, 0.0000,-8.7430, 3.1415, 0.4538, 6.2177, 4.6799, 1.0988, 1.4355,0
-0.0890, 0.0000,-8.6770, 3.1415, 0.4606, 6.5214, 4.6799, 1.1219, 1.4355,0
-0.0842, 0.0000,-8.6111, 3.1415, 0.4741, 6.5821, 4.6799, 1.0997, 1.4355,0
-0.0794, 0.0000,-8.5419, 3.1415, 0.4828, 6.8456, 4.6799, 1.1120, 1.4355,0
-0.0747, 0.0000,-8.4697, 3.1415, 0.4725, 7.1496, 4.6799, 1.1304, 1.4355,0
-0.0698, 0.0000,-8.3943, 3.1415, 0.4886, 7.4618, 4.6799, 1.1489, 1.4355,0
-0.0651, 0.0000,-8.3189, 3.1415, 0.4736, 7.5242, 4.6799, 1.1145, 1.4355,0
-0.0604, 0.0000,-8.2403, 3.1415, 0.4706, 7.7880, 4.6799, 1.1197, 1.4355,0
-0.0557, 0.0000,-8.1587, 3.1415, 0.4700, 8.0920, 4.6799, 1.1321, 1.4355,0
-0.0513, 0.0000,-8.0738, 3.1415, 0.4456, 8.4042, 4.6799, 1.1454, 1.4355,0
-0.0469, 0.0000,-7.9859, 3.1415, 0.4347, 8.7180, 4.6799, 1.1585, 1.4355,0
-0.0428, 0.0000,-7.8948, 3.1415, 0.4143, 9.0321, 4.6799, 1.1714, 1.4355,0
-0.0390, 0.0000,-7.8037, 3.1415, 0.3921, 9.0949,-4.6799, 1.1219, 1.4355,0
-0.0360, 0.0000,-7.7063, 3.1415, 0.3148, 9.6100,-4.6799, 1.1873, 1.4355,0
-0.0337, 0.0000,-7.6057, 3.1415, 0.2509, 9.9645,-4.6799, 1.2136, 1.4355,0
-0.0318, 0.0000,-7.5021, 3.1415, 0.2017, 10.2867,-4.6799, 1.2339, 1.4355,0
-0.0309, 0.0000,-7.3953, 3.1415, 0.1070, 10.6024,-4.6799, 1.2558, 1.4355,0
-0.0308, 0.0000,-7.2853, 3.1415, 0.0335, 10.9169,-4.6799, 1.2818, 1.4355,0
-0.0316, 0.0000,-7.1691, 3.1415,-0.0539, 11.4824,-4.6799, 1.3916, 1.4355,0
-0.0333, 0.0000,-7.0497, 3.1415,-0.1502, 11.8469, 4.6799, 1.4476, 1.4355,0
-0.0347, 0.0000,-6.9272, 3.1415,-0.1391, 12.1711, 4.6799, 1.4996, 1.4355,0
-0.0371, 0.0000,-6.8046, 3.1415,-0.2218, 12.2360, 4.6799, 1.4734, 1.4355,0
-0.0395, 0.0000,-6.6790, 3.1415,-0.2384, 12.5002, 4.6799, 1.5250, 1.4355,0
-0.0420, 0.0000,-6.5502, 3.1415,-0.2477, 12.8044, 4.6799, 1.6027, 1.4355,0
-0.0442, 0.0000,-6.4245, 3.1415,-0.2253, 12.6139, 4.6799, 1.5166, 1.4355,0
-0.0461, 0.0000,-6.2988, 3.1415,-0.1966, 12.5759, 4.6799, 1.4961, 1.4355,0
-0.0475, 0.0000,-6.1732, 3.1415,-0.1545, 12.5682, 4.6799, 1.4976, 1.4355,0
-0.0485, 0.0000,-6.0475, 3.1415,-0.1036, 12.5667, 4.6799, 1.5126, 1.4355,0
-0.0487, 0.0000,-5.9281, 3.1415,-0.0389, 12.0637,-4.6799, 1.3641, 1.4355,0
-0.0489, 0.0000,-5.8088, 3.1415,-0.0259, 11.9632,-4.6799, 1.3648, 1.4355,0
-0.0491, 0.0000,-5.6925, 3.1415,-0.0233, 11.6917,-4.6799, 1.3173, 1.4355,0
-0.0488, 0.0000,-5.5794, 3.1415, 0.0256, 11.3861,-4.6799, 1.2675, 1.4355,0
-0.0483, 0.0000,-5.4663, 3.1415, 0.0415, 11.3250,-4.6799, 1.3040, 1.4355,0
-0.0473, 0.0000,-5.3595, 3.1415, 0.0871, 10.8101,-4.6799, 1.2030, 1.4355,0
-0.0467, 0.0000,-5.2527, 3.1415, 0.0659, 10.7071,-4.6799, 1.2355, 1.4355,0
-0.0457, 0.0000,-5.1490, 3.1415, 0.0980, 10.4352,-4.6799, 1.2208, 1.4355,0
-0.0446, 0.0000,-5.0485, 3.1415, 0.1045, 10.1295,-4.6799, 1.1996, 1.4355,0
-0.0433, 0.0000,-4.9480, 3.1415, 0.1239, 10.0683,-4.6799, 1.2515, 1.4355,0
-0.0419, 0.0000,-4.8537, 3.1415, 0.1399, 9.5535,-4.6799, 1.1765, 1.4355,0
-0.0407, 0.0000,-4.7626, 3.1415, 0.1189, 9.1991,-4.6799, 1.1486, 1.4355,0
-0.0392, 0.0000,-4.6746, 3.1415, 0.1450, 8.8769, 4.6799, 1.1302, 1.4355,0
-0.0372, 0.0000,-4.5867, 3.1415, 0.1866, 8.8125, 4.6799, 1.1772, 1.4355,0
-0.0350, 0.0000,-4.5050, 3.1415, 0.2192, 8.2970, 4.6799, 1.1116, 1.4355,0
-0.0325, 0.0000,-4.4233, 3.1415, 0.2439, 8.1939, 4.6799, 1.1446, 1.4355,0
-0.0293, 0.0000,-4.3479, 3.1415, 0.3034, 7.6706, 4.6799, 1.0796, 1.4355,0
-0.0259, 0.0000,-4.2725, 3.1415, 0.3335, 7.5659, 4.6799, 1.1071, 1.4355,0
-0.0222, 0.0000,-4.1971, 3.1415, 0.3577, 7.5450, 4.6799, 1.1508, 1.4355,0
-0.0182, 0.0000,-4.1280, 3.1415, 0.3929, 7.0382, 4.6799, 1.0896, 1.4355,0
-0.0141, 0.0000,-4.0589, 3.1415, 0.4060, 6.9368, 4.6799, 1.1102, 1.4355,0
-0.0096, 0.0000,-3.9898, 3.1415, 0.4450, 6.9165, 4.6799, 1.1446, 1.4355,0
-0.0048, 0.0000,-3.9269, 3.1415, 0.4709, 6.4098, 4.6799, 1.0829, 1.4355,0
 0.0002, 0.0000,-3.8610, 3.1415, 0.5004, 6.5598, 4.6799, 1.1425, 1.4355,0
 0.0054, 0.0000,-3.8013, 3.1415, 0.5184, 6.0871, 4.6799, 1.0861, 1.4355,0
 0.0107, 0.0000,-3.7384, 3.1415, 0.5281, 6.2440, 4.6799, 1.1397, 1.4355,0
 0.0162, 0.0000,-3.6788, 3.1415, 0.5482, 6.0240, 4.6799, 1.1249, 1.4355,0
 0.0221, 0.0000,-3.6222, 3.1415, 0.5765, 5.7286, 4.6799, 1.0961, 1.4355,0
 0.0280, 0.0000,-3.5657, 3.1415, 0.5882, 5.6696, 4.6799, 1.1044, 1.4355,0
 0.0338, 0.0000,-3.5060, 3.1415, 0.5845, 5.9091, 4.6799, 1.1597, 1.4355,0
 0.0400, 0.0000,-3.4526, 3.1415, 0.6080, 5.4543, 4.6799, 1.1001, 1.4355,0
 0.0463, 0.0000,-3.3960, 3.1415, 0.6248, 5.6147, 4.6799, 1.1363, 1.4355,0
 0.0526, 0.0000,-3.3426, 3.1415, 0.6342, 5.3955, 4.6799, 1.1111, 1.4355,0
 0.0591, 0.0000,-3.2861, 3.1415, 0.6422, 5.6029, 4.6799, 1.1501, 1.4355,0
 0.0658, 0.0000,-3.2326, 3.1415, 0.6680, 5.3931,-4.6799, 1.1501, 1.4355,1
 0.0718, 0.0000,-3.1792, 3.1415, 0.6126, 5.3512,-4.6799, 1.1501, 1.4355,1
 0.0779, 0.0000,-3.1258, 3.1415, 0.6136, 5.3428,-4.6799, 1.1501, 1.4355,1
 0.0835, 0.0000,-3.0724, 3.1415, 0.5714, 5.3411,-4.6799, 1.1501, 1.4355,1
 0.0889, 0.0000,-3.0222, 3.1415, 0.5387, 5.0894, 4.6799, 1.0756, 1.4355,0
 0.0945, 0.0000,-2.9719, 3.1415, 0.5564, 5.0391, 4.6799, 1.0632, 1.4355,0
 0.0998, 0.0000,-2.9216, 3.1415, 0.5357, 5.0290, 4.6799, 1.0548, 1.4355,0
 0.1050, 0.0000,-2.8714, 3.1415, 0.5255, 5.0270, 4.6799, 1.0458, 1.4355,0
 0.1105, 0.0000,-2.8180, 3.1415, 0.5477, 5.2779, 4.6799, 1.0708, 1.4355,0
 0.1162, 0.0000,-2.7614, 3.1415, 0.5642, 5.5794, 4.6799, 1.1026, 1.4355,0
 0.1219, 0.0000,-2.7080, 3.1415, 0.5676, 5.3884, 4.6799, 1.0581, 1.4355,0
 0.1277, 0.0000,-2.6483, 3.1415, 0.5743, 5.8529, 4.6799, 1.1120, 1.4355,0
 0.1338, 0.0000,-2.5886, 3.1415, 0.6060, 5.9458, 4.6799, 1.1060, 1.4355,0
 0.1399, 0.0000,-2.5289, 3.1415, 0.6062, 5.9643, 4.6799, 1.0855, 1.4355,0
 0.1459, 0.0000,-2.4661, 3.1415, 0.6063, 6.2194, 4.6799, 1.1019, 1.4355,0
 0.1521, 0.0000,-2.4001, 3.1415, 0.6184, 6.5217, 4.6799, 1.1250, 1.4355,0
 0.1584, 0.0000,-2.3310, 3.1415, 0.6208, 6.8335, 4.6799, 1.1486, 1.4355,0
 0.1646, 0.0000,-2.2619, 3.1415, 0.6274, 6.8959, 4.6799, 1.1234, 1.4355,0
 0.1710, 0.0000,-2.1928, 3.1415, 0.6348, 6.9083, 4.6799, 1.0865, 1.4355,0
 0.1774, 0.0000,-2.1174, 3.1415, 0.6362, 7.4135, 4.6799, 1.1427, 1.4355,0
 0.1836, 0.0000,-2.0420, 3.1415, 0.6244, 7.5145, 4.6799, 1.1165, 1.4355,0
 0.1897, 0.0000,-1.9603, 3.1415, 0.6099, 8.0374, 4.6799, 1.1771, 1.4355,0
 0.1958, 0.0000,-1.8786, 3.1415, 0.6131, 8.1419, 4.6799, 1.1456, 1.4355,0
 0.2017, 0.0000,-1.7938, 3.1415, 0.5955, 8.4142, 4.6799, 1.1500, 1.4355,0
 0.2073, 0.0000,-1.7058, 3.1415, 0.5678, 8.7200, 4.6799, 1.1612, 1.4355,0
 0.2128, 0.0000,-1.6179, 3.1415, 0.5501, 8.7811, 4.6799, 1.1133, 1.4355,0
 0.2180, 0.0000,-1.5236, 3.1415, 0.5283, 9.2960,-4.6799, 1.1760, 1.4355,0
 0.2221, 0.0000,-1.4262, 3.1415, 0.4331, 9.6503,-4.6799, 1.2004, 1.4355,0
 0.2259, 0.0000,-1.3257, 3.1415, 0.3897, 9.9725,-4.6799, 1.2181, 1.4355,0
 0.2289, 0.0000,-1.2220, 3.1415, 0.3204, 10.2883,-4.6799, 1.2365, 1.4355,0
 0.2310, 0.0000,-1.1152, 3.1415, 0.2338, 10.6027,-4.6799, 1.2579, 1.4355,0
 0.2319, 0.0000,-1.0053, 3.1415, 0.1195, 10.9170,-4.6799, 1.2837, 1.4355,0
 0.2323, 0.0000,-0.8890, 3.1415, 0.0481, 11.4825,-4.6799, 1.3933, 1.4355,0
 0.2316, 0.0000,-0.7696, 3.1415,-0.0449, 11.8469, 4.6799, 1.4492, 1.4355,0
 0.2309, 0.0000,-0.6471, 3.1415,-0.0635, 12.1711, 4.6799, 1.5010, 1.4355,0
 0.2294, 0.0000,-0.5215, 3.1415,-0.1279, 12.4873, 4.6799, 1.5604, 1.4355,0
 0.2280, 0.0000,-0.3958, 3.1415,-0.1407, 12.5505, 4.6799, 1.5426, 1.4355,0
 0.2264, 0.0000,-0.2670, 3.1415,-0.1554, 12.8145, 4.6799, 1.6063, 1.4355,0
 0.2251, 0.0000,-0.1382, 3.1415,-0.1341, 12.8673, 4.6799, 1.6067, 1.4355,0
 0.2242, 0.0000,-0.0125, 3.1415,-0.0995, 12.6265, 4.6799, 1.5139, 1.4355,0
 0.2235, 0.0000, 0.1130, 3.1415,-0.0744, 12.5784, 4.6799, 1.5015, 1.4355,0
 0.2233, 0.0000, 0.2387, 3.1415,-0.0330, 12.5687, 4.6799, 1.5139, 1.4355,0
 0.2235, 0.0000, 0.3612, 3.1415, 0.0115, 12.3155, 4.6799, 1.4516, 1.4355,0
 0.2244, 0.0000, 0.4806, 3.1415, 0.0690, 12.0135,-4.6799, 1.3838, 1.4355,0
 0.2251, 0.0000, 0.5969, 3.1415, 0.0683, 11.7018,-4.6799, 1.3231, 1.4355,0
 0.2263, 0.0000, 0.7099, 3.1415, 0.1167, 11.3881,-4.6799, 1.2710, 1.4355,0
 0.2278, 0.0000, 0.8230, 3.1415, 0.1385, 11.3254,-4.6799, 1.3074, 1.4355,0
 0.2294, 0.0000, 0.9330, 3.1415, 0.1550, 11.0615,-4.6799, 1.2854, 1.4355,0
 0.2311, 0.0000, 1.0398, 3.1415, 0.1704, 10.7574,-4.6799, 1.2565, 1.4355,0
 0.2330, 0.0000, 1.1466, 3.1415, 0.1856, 10.6966,-4.6799, 1.3063, 1.4355,0
 0.2349, 0.0000, 1.2472, 3.1415, 0.1887, 10.1818,-4.6799, 1.2230, 1.4355,0
 0.2370, 0.0000, 1.3446, 3.1415, 0.2075, 9.8275,-4.6799, 1.1910, 1.4355,0
 0.2395, 0.0000, 1.4419, 3.1415, 0.2355, 9.7566,-4.6799, 1.2404, 1.4355,0
 0.2417, 0.0000, 1.5330, 3.1415, 0.2229, 9.2398,-4.6799, 1.1681, 1.4355,0
 0.2440, 0.0000, 1.6210, 3.1415, 0.2325, 8.8851,-0.5063, 1.1413, 1.4355,0
 0.2465, 0.0000, 1.7090, 3.1415, 0.2466, 8.8141, 4.6799, 1.1866, 1.4355,0
 0.2497, 0.0000, 1.7907, 3.1415, 0.3039, 8.2973, 4.6799, 1.1204, 1.4355,0
 0.2529, 0.0000, 1.8723, 3.1415, 0.3154, 8.1939, 4.6799, 1.1532, 1.4355,0
 0.2562, 0.0000, 1.9509, 3.1415, 0.3298, 7.9219, 4.6799, 1.1450, 1.4355,0
 0.2600, 0.0000, 2.0263, 3.1415, 0.3691, 7.6162, 4.6799, 1.1280, 1.4355,0
 0.2641, 0.0000, 2.0985, 3.1415, 0.4012, 7.3037, 4.6799, 1.1084, 1.4355,0
 0.2686, 0.0000, 2.1708, 3.1415, 0.4379, 7.2412, 4.6799, 1.1395, 1.4355,0
 0.2732, 0.0000, 2.2430, 3.1415, 0.4574, 7.2287, 4.6799, 1.1787, 1.4355,0
 0.2781, 0.0000, 2.3090, 3.1415, 0.4856, 6.7236, 4.6799, 1.1161, 1.4355,0
 0.2833, 0.0000, 2.3750, 3.1415, 0.5094, 6.6225, 4.6799, 1.1312, 1.4355,0
 0.2886, 0.0000, 2.4378, 3.1415, 0.5323, 6.3510, 4.6799, 1.1122, 1.4355,0
 0.2942, 0.0000, 2.5007, 3.1415, 0.5491, 6.2967, 4.6799, 1.1306, 1.4355,0
 0.2999, 0.0000, 2.5635, 3.1415, 0.5645, 6.2859, 4.6799, 1.1545, 1.4355,0
 0.3058, 0.0000, 2.6232, 3.1415, 0.5919, 6.0323, 4.6799, 1.1332, 1.4355,0
 0.3121, 0.0000, 2.6829, 3.1415, 0.6155, 5.9816, 4.6799, 1.1448, 1.4355,0
 0.3182, 0.0000, 2.7394, 3.1415, 0.6142, 5.7202, 4.6799, 1.1189, 1.4355,0
 0.3245, 0.0000, 2.7991, 3.1415, 0.6261, 5.9192, 4.6799, 1.1669, 1.4355,0
 0.3309, 0.0000, 2.8557, 3.1415, 0.6406, 5.7077, 4.6799, 1.1450, 1.4355,0
 0.3375, 0.0000, 2.9122, 3.1415, 0.6495, 5.6654, 4.6799, 1.1486, 1.4355,0
 0.3441, 0.0000, 2.9656, 3.1415, 0.6634, 5.4056, 4.6799, 1.1161, 1.4355,0
 0.3509, 0.0000, 3.0222, 3.1415, 0.6784, 5.6050, 4.6799, 1.1528, 1.4355,0
 0.3578, 0.0000, 3.0787, 3.1415, 0.6874, 5.6448,-4.6799, 1.1528, 1.4355,1
 0.3642, 0.0000, 3.1353, 3.1415, 0.6468, 5.6528,-4.6799, 1.1528, 1.4355,1
 0.3710, 0.0000, 3.1887, 3.1415, 0.6690, 5.4031,-4.6799, 1.1528, 1.4355,1
 0.3772, 0.0000, 3.2421, 3.1415, 0.6370, 5.3531, 4.6799, 1.1156, 1.4355,0
 0.3834, 0.0000, 3.2955, 3.1415, 0.6185, 5.3432, 4.6799, 1.1092, 1.4355,0
 0.3895, 0.0000, 3.3489, 3.1415, 0.6148, 5.3411, 4.6799, 1.1021, 1.4355,0
 0.3955, 0.0000, 3.4023, 3.1415, 0.6019, 5.3407, 4.6799, 1.0931, 1.4355,0
 0.4013, 0.0000, 3.4588, 3.1415, 0.5872, 5.5920, 4.6799, 1.1200, 1.4355,0
 0.4072, 0.0000, 3.5123, 3.1415, 0.5843, 5.3909, 4.6799, 1.0761, 1.4355,0
 0.4129, 0.0000, 3.5688, 3.1415, 0.5716, 5.6021, 4.6799, 1.0929, 1.4355,0
 0.4182, 0.0000, 3.6253, 3.1415, 0.5448, 5.6443, 4.6799, 1.0816, 1.4355,0
 0.4237, 0.0000, 3.6850, 3.1415, 0.5455, 5.9040, 4.6799, 1.1026, 1.4355,0
 0.4289, 0.0000, 3.7416, 3.1415, 0.5274, 5.7047, 4.6799, 1.0482, 1.4355,0
 0.4340, 0.0000, 3.8044, 3.1415, 0.5117, 6.1674, 4.6799, 1.0985, 1.4355,0
 0.4390, 0.0000, 3.8641, 3.1415, 0.5025, 6.0087, 4.6799, 1.0441, 1.4355,0
 0.4438, 0.0000, 3.9269, 3.1415, 0.4824, 6.2282, 4.6799, 1.0508, 1.4355,0
 0.4484, 0.0000, 3.9929, 3.1415, 0.4663, 6.5235, 4.6799, 1.0689, 1.4355,0
 0.4524, 0.0000, 4.0589, 3.1415, 0.4085, 6.5825, 4.6799, 1.0431, 1.4355,0
 0.4526, 0.0000, 4.1217, 3.1415, 0.0999, 6.3430, 4.6799, 0.9631, 1.4355,0
 0.4503, 0.0000, 4.1814, 3.1415,-0.1619, 6.0438, 4.6799, 0.8749, 1.4355,0
 0.4478, 0.0000, 4.2411, 3.1415,-0.2324, 5.9840, 4.6799, 0.8273, 1.4355,0
 0.4454, 0.0000, 4.3071, 3.1415,-0.2405, 6.4746, 4.6799, 0.8700, 1.4355,0
 0.4427, 0.0000, 4.3730, 3.1415,-0.2603, 6.5727, 4.6799, 0.8438, 1.4355,0
 0.4398, 0.0000, 4.4422, 3.1415,-0.2824, 6.8437, 4.6799, 0.8473, 1.4355,0
 0.4370, 0.0000, 4.5144, 3.1415,-0.2869, 7.1492, 4.6799, 0.8567, 1.4355,0
 0.4342, 0.0000, 4.5898, 3.1415,-0.2817, 7.4617, 4.6799, 0.8672, 1.4355,0
 0.4309, 0.0000, 4.6684, 3.1415,-0.3170, 7.7755, 4.6799, 0.8779, 1.4355,0
 0.4273, 0.0000, 4.7500, 3.1415,-0.3483, 8.0896,-4.6799, 0.8891, 1.4355,0
 0.4238, 0.0000, 4.8349, 3.1415,-0.3546, 8.4037,-4.6799, 0.9009, 1.4355,0
 0.4200, 0.0000, 4.9197, 3.1415,-0.3740, 8.4665,-4.6799, 0.8557, 1.4355,0
 0.4157, 0.0000, 5.0108, 3.1415,-0.4143, 8.9818,-4.6799, 0.9182, 1.4355,0
 0.4111, 0.0000, 5.1050, 3.1415,-0.4527, 9.3361,-4.6799, 0.9455, 1.4355,0
 0.4063, 0.0000, 5.2024, 3.1415,-0.4786, 9.6583,-4.6799, 0.9679, 1.4355,0
 0.4010, 0.0000, 5.3030, 3.1415,-0.5201, 9.9741,-4.6799, 0.9928, 1.4355,0
 0.3952, 0.0000, 5.4035, 3.1415,-0.5648, 10.0373,-4.6799, 0.9527, 1.4355,0
 0.3891, 0.0000, 5.5134, 3.1415,-0.6041, 10.8039,-4.6799, 1.1184, 1.4355,0
 0.3825, 0.0000, 5.6203, 3.1415,-0.6483, 10.7058,-4.6799, 1.0386, 1.4355,0
 0.3755, 0.0000, 5.7334, 3.1415,-0.6874, 11.1889,-4.6799, 1.1404, 1.4355,0
 0.3683, 0.0000, 5.8465, 3.1415,-0.7135, 11.2855,-4.6799, 1.1323, 1.4355,0
 0.3605, 0.0000, 5.9658, 3.1415,-0.7672, 11.8075,-4.6799, 1.2696, 1.4355,0
 0.3524, 0.0000, 6.0821, 3.1415,-0.8022, 11.6605,-4.6799, 1.1999, 1.4355,0
 0.3440, 0.0000, 6.2046, 3.1415,-0.8274, 12.1339,-4.6799, 1.3453, 1.4355,0
 0.3357, 0.0000, 6.3240, 3.1415,-0.8324, 11.9772,-4.6799, 1.2908, 1.4355,0
 0.3271, 0.0000, 6.4465, 3.1415,-0.8516, 12.1972,-4.6799, 1.3742, 1.4355,0
 0.3187, 0.0000, 6.5659, 3.1415,-0.8433, 11.9898,-4.6799, 1.3230, 1.4355,0
 0.3104, 0.0000, 6.6853, 3.1415,-0.8356, 11.9484,-4.6799, 1.3379, 1.4355,0
 0.3022, 0.0000, 6.8046, 3.1415,-0.8219, 11.9400,-4.6799, 1.3732, 1.4355,0
 0.2945, 0.0000, 6.9177, 3.1415,-0.7828, 11.4358,-4.6799, 1.2526, 1.4355,0
 0.2869, 0.0000, 7.0308, 3.1415,-0.7629, 11.3349,-4.6799, 1.2721, 1.4355,0
 0.2798, 0.0000, 7.1408, 3.1415,-0.7225, 11.0634,-4.6799, 1.2438, 1.4355,0
 0.2730, 0.0000, 7.2476, 3.1415,-0.6841, 10.7578,-4.6799, 1.2110, 1.4355,0
 0.2667, 0.0000, 7.3513, 3.1415,-0.6461, 10.4453,-4.6799, 1.1815, 1.4355,0
 0.2607, 0.0000, 7.4518, 3.1415,-0.6082, 10.1315,-4.6799, 1.1560, 1.4355,0
 0.2549, 0.0000, 7.5492, 3.1415,-0.5824, 9.8174,-4.6799, 1.1338, 1.4355,0
 0.2496, 0.0000, 7.6403, 3.1415,-0.5409, 9.2519,-4.6799, 1.0461, 1.4355,0
 0.2445, 0.0000, 7.7314, 3.1415,-0.5204, 9.1389,-4.6799, 1.0815, 1.4355,0
 0.2396, 0.0000, 7.8194, 3.1415,-0.4921, 8.8649,-4.6799, 1.0754, 1.4355,0
 0.2349, 0.0000, 7.9042, 3.1415,-0.4743, 8.5588, 4.6799, 1.0616, 1.4355,0
 0.2313, 0.0000, 7.9859, 3.1415,-0.3798, 8.2462, 4.6799, 1.0464, 1.4355,0
 0.2277, 0.0000, 8.0644, 3.1415,-0.3670, 7.9324, 4.6799, 1.0309, 1.4355,0
 0.2247, 0.0000, 8.1398, 3.1415,-0.3159, 7.6183, 4.6799, 1.0150, 1.4355,0
 0.2222, 0.0000, 8.2121, 3.1415,-0.2572, 7.3042, 4.6799, 0.9986, 1.4355,0
 0.2204, 0.0000, 8.2843, 3.1415,-0.1969, 7.2413, 4.6799, 1.0337, 1.4355,0
 0.2191, 0.0000, 8.3534, 3.1415,-0.1424, 6.9774, 4.6799, 1.0255, 1.4355,0
 0.2184, 0.0000, 8.4226, 3.1415,-0.0891, 6.9247, 4.6799, 1.0580, 1.4355,0
 0.2181, 0.0000, 8.4885, 3.1415,-0.0420, 6.6628, 4.6799, 1.0472, 1.4355,0
 0.2181, 0.0000, 8.5514, 3.1415,-0.0084, 6.3591, 4.6799, 1.0273, 1.4355,0
 0.2184, 0.0000, 8.6142, 3.1415, 0.0225, 6.2983, 4.6799, 1.0502, 1.4355,0
 0.2191, 0.0000, 8.6739, 3.1415, 0.0590, 6.0348, 4.6799, 1.0348, 1.4355,0
 0.2199, 0.0000, 8.7336, 3.1415, 0.0785, 5.9822, 4.6799, 1.0543, 1.4355,0
 0.2210, 0.0000, 8.7933, 3.1415, 0.1066, 5.9716, 4.6799, 1.0788, 1.4355,0
 0.2225, 0.0000, 8.8498, 3.1415, 0.1365, 5.7182, 4.6799, 1.0604, 1.4355,0
 0.2241, 0.0000, 8.9064, 3.1415, 0.1546, 5.6675, 4.6799, 1.0734, 1.4355,0
 0.2258, 0.0000, 8.9598, 3.1415, 0.1703, 5.4060, 4.6799, 1.0510, 1.4355,0
 0.2277, 0.0000, 9.0132, 3.1415, 0.1856, 5.3537, 4.6799, 1.0594, 1.4355,0
 0.2299, 0.0000, 9.0666, 3.1415, 0.2129, 5.3432, 4.6799, 1.0722, 1.4355,0
 0.2323, 0.0000, 9.1200, 3.1415, 0.2366, 5.3412, 4.6799, 1.0844, 1.4355,0
 0.2349, 0.0000, 9.1734, 3.1415, 0.2534, 5.3408, 4.6799, 1.0948, 1.4355,0
 0.2378, 0.0000, 9.2237, 3.1415, 0.2811, 5.0893, 4.6799, 1.0662, 1.4355,0
 0.2407, 0.0000, 9.2771, 3.1415, 0.2926, 5.2904, 4.6799, 1.1021, 1.4355,0
 0.2437, 0.0000, 9.3305, 3.1415, 0.2950, 5.3306,-4.6799, 1.1021, 1.4355,1
 0.2460, 0.0000, 9.3807, 3.1415, 0.2469, 5.0874,-4.6799, 1.1021, 1.4355,1
 0.2487, 0.0000, 9.4310, 3.1415, 0.2616, 5.0387,-4.6799, 1.1021, 1.4355,1
 0.2510, 0.0000, 9.4813, 3.1415, 0.2342, 5.0289,-4.6799, 1.1021, 1.4355,1
 0.2527, 0.0000, 9.5284, 3.1415, 0.1863, 4.7757, 4.6799, 1.0335, 1.4355,0
 0.2550, 0.0000, 9.5755, 3.1415, 0.2191, 4.7250, 4.6799, 1.0225, 1.4355,0
 0.2569, 0.0000, 9.6258, 3.1415, 0.1954, 4.9662, 4.6799, 1.0489, 1.4355,0
 0.2590, 0.0000, 9.6761, 3.1415, 0.2088, 5.0144, 4.6799, 1.0475, 1.4355,0
 0.2610, 0.0000, 9.7263, 3.1415, 0.1994, 5.0241, 4.6799, 1.0390, 1.4355,0
 0.2633, 0.0000, 9.7797, 3.1415, 0.2217, 5.2773, 4.6799, 1.0632, 1.4355,0
 0.2658, 0.0000, 9.8331, 3.1415, 0.2444, 5.3280, 4.6799, 1.0564, 1.4355,0
 0.2684, 0.0000, 9.8897, 3.1415, 0.2611, 5.5895, 4.6799, 1.0792, 1.4355,0
 0.2712, 0.0000, 9.9494, 3.1415, 0.2765, 5.8931, 4.6799, 1.1077, 1.4355,0
 0.2742, 0.0000, 10.0091, 3.1415, 0.2978, 5.9538, 4.6799, 1.0952, 1.4355,0
 0.2774, 0.0000, 10.0688, 3.1415, 0.3142, 5.9659, 4.6799, 1.0725, 1.4355,0
 0.2806, 0.0000, 10.1347, 3.1415, 0.3175, 6.4710, 4.6799, 1.1308, 1.4355,0
 0.2840, 0.0000, 10.2007, 3.1415, 0.3363, 6.5720, 4.6799, 1.1172, 1.4355,0
 0.2875, 0.0000, 10.2667, 3.1415, 0.3461, 6.5923, 4.6799, 1.0866, 1.4355,0
 0.2911, 0.0000, 10.3389, 3.1415, 0.3602, 7.0990, 4.6799, 1.1438, 1.4355,0
 0.2949, 0.0000, 10.4112, 3.1415, 0.3691, 7.2002, 4.6799, 1.1219, 1.4355,0
 0.2983, 0.0000, 10.4866, 3.1415, 0.3527, 7.4719, 4.6799, 1.1315, 1.4355,0
 0.3017, 0.0000, 10.5651, 3.1415, 0.3373, 7.7775, 4.6799, 1.1464, 1.4355,0
 0.3051, 0.0000, 10.6468, 3.1415, 0.3403, 8.0899, 4.6799, 1.1616, 1.4355,0
 0.3083, 0.0000, 10.7316, 3.1415, 0.3287, 8.4038, 4.6799, 1.1760, 1.4355,0
 0.3115, 0.0000, 10.8165, 3.1415, 0.3143, 8.4666, 4.6799, 1.1314, 1.4355,0
 0.3144, 0.0000, 10.9076, 3.1415, 0.2993, 8.9817, 4.6799, 1.1924, 1.4355,0
 0.3171, 0.0000, 10.9987, 3.1415, 0.2781, 9.0848,-4.6799, 1.1532, 1.4355,0
 0.3188, 0.0000, 11.0929, 3.1415, 0.1890, 9.3567,-4.6799, 1.1558, 1.4355,0
 0.3204, 0.0000, 11.1934, 3.1415, 0.1651, 9.9138,-4.6799, 1.2347, 1.4355,0
 0.3212, 0.0000, 11.2940, 3.1415, 0.0997, 10.0252,-4.6799, 1.1959, 1.4355,0
 0.3212, 0.0000, 11.4008, 3.1415, 0.0199, 10.5501,-4.6799, 1.2751, 1.4355,0
 0.3203, 0.0000, 11.5107, 3.1415,-0.0687, 10.9064,-4.6799, 1.3114, 1.4355,0
 0.3185, 0.0000, 11.6238, 3.1415,-0.1592, 11.2291,-4.6799, 1.3432, 1.4355,0
 0.3159, 0.0000, 11.7401, 3.1415,-0.2440, 11.5449,-4.6799, 1.3793, 1.4355,0
 0.3125, 0.0000, 11.8626, 3.1415,-0.3156, 12.1107, 4.6799, 1.5058, 1.4355,0
 0.3094, 0.0000, 11.9851, 3.1415,-0.3117, 12.2238, 4.6799, 1.4917, 1.4355,0
 0.3054, 0.0000, 12.1108, 3.1415,-0.3837, 12.4978, 4.6799, 1.5418, 1.4355,0
 0.3013, 0.0000, 12.2396, 3.1415,-0.4041, 12.8040, 4.6799, 1.6151, 1.4355,0
 0.2973, 0.0000, 12.3684, 3.1415,-0.4021, 12.8652, 4.6799, 1.6131, 1.4355,0
 0.2936, 0.0000, 12.4941, 3.1415,-0.3775, 12.6260, 4.6799, 1.5156, 1.4355,0
 0.2904, 0.0000, 12.6229, 3.1415,-0.3301, 12.8297, 4.6799, 1.5874, 1.4355,0
 0.2875, 0.0000, 12.7485, 3.1415,-0.2964, 12.6190, 4.6799, 1.5231, 1.4355,0
 0.2854, 0.0000, 12.8711, 3.1415,-0.2290, 12.3255,-4.6799, 1.4418, 1.4355,0
 0.2832, 0.0000, 12.9904, 3.1415,-0.2216, 12.0154,-4.6799, 1.3667, 1.4355,0
 0.2812, 0.0000, 13.1098, 3.1415,-0.2019, 11.9535,-4.6799, 1.3858, 1.4355,0
 0.2801, 0.0000, 13.2261, 3.1415,-0.1313, 11.6898,-4.6799, 1.3457, 1.4355,0
 0.2792, 0.0000, 13.3392, 3.1415,-0.0990, 11.3856,-4.6799, 1.3007, 1.4355,0
 0.2781, 0.0000, 13.4491, 3.1415,-0.1046, 11.0736,-4.6799, 1.2607, 1.4355,0
 0.2777, 0.0000, 13.5591, 3.1415,-0.0512, 11.0111,-4.6799, 1.3050, 1.4355,0
 0.2779, 0.0000, 13.6627, 3.1415, 0.0018, 10.4960,-4.6799, 1.2143, 1.4355,0
 0.2778, 0.0000, 13.7633, 3.1415,-0.0056, 10.1417,-4.6799, 1.1777, 1.4355,0
 0.2779, 0.0000, 13.8638, 3.1415, 0.0049, 10.0707,-4.6799, 1.2260, 1.4355,0
 0.2784, 0.0000, 13.9580, 3.1415, 0.0434, 9.5539,-4.6799, 1.1499, 1.4355,0
 0.2791, 0.0000, 14.0523, 3.1415, 0.0632, 9.4506,-4.6799, 1.1895, 1.4355,0
 0.2796, 0.0000, 14.1403, 3.1415, 0.0550, 8.9272,-4.6799, 1.1179, 1.4355,0
 0.2805, 0.0000, 14.2282, 3.1415, 0.0777, 8.8225, 4.6799, 1.1550, 1.4355,0
 0.2819, 0.0000, 14.3099, 3.1415, 0.1307, 8.2990, 4.6799, 1.0877, 1.4355,0
 0.2833, 0.0000, 14.3916, 3.1415, 0.1413, 8.1943, 4.6799, 1.1208, 1.4355,0
 0.2850, 0.0000, 14.4701, 3.1415, 0.1616, 7.9220, 4.6799, 1.1133, 1.4355,0
 0.2872, 0.0000, 14.5455, 3.1415, 0.2081, 7.6163, 4.6799, 1.0973, 1.4355,0
 0.2898, 0.0000, 14.6178, 3.1415, 0.2477, 7.3036, 4.6799, 1.0788, 1.4355,0
 0.2927, 0.0000, 14.6900, 3.1415, 0.2799, 7.2413, 4.6799, 1.1112, 1.4355,0
 0.2958, 0.0000, 14.7592, 3.1415, 0.3106, 6.9774, 4.6799, 1.1000, 1.4355,0
 0.2993, 0.0000, 14.8251, 3.1415, 0.3349, 6.6732, 4.6799, 1.0794, 1.4355,0
 0.3029, 0.0000, 14.8911, 3.1415, 0.3580, 6.6125, 4.6799, 1.1037, 1.4355,0
 0.3069, 0.0000, 14.9539, 3.1415, 0.3929, 6.3490, 4.6799, 1.0878, 1.4355,0
 0.3112, 0.0000, 15.0168, 3.1415, 0.4181, 6.2965, 4.6799, 1.1083, 1.4355,0
 0.3155, 0.0000, 15.0796, 3.1415, 0.4353, 6.2858, 4.6799, 1.1341, 1.4355,0
 0.3202, 0.0000, 15.1393, 3.1415, 0.4569, 6.0322, 4.6799, 1.1145, 1.4355,0
 0.3249, 0.0000, 15.1958, 3.1415, 0.4733, 5.7303, 4.6799, 1.0857, 1.4355,0
 0.3299, 0.0000, 15.2524, 3.1415, 0.4948, 5.6700, 4.6799, 1.0949, 1.4355,0
 0.3348, 0.0000, 15.3089, 3.1415, 0.4870, 5.6579, 4.6799, 1.1098, 1.4355,0
 0.3398, 0.0000, 15.3655, 3.1415, 0.4975, 5.6553, 4.6799, 1.1241, 1.4355,0
 0.3451, 0.0000, 15.4189, 3.1415, 0.5239, 5.4036, 4.6799, 1.0971, 1.4355,0
 0.3506, 0.0000, 15.4754, 3.1415, 0.5413, 5.6046, 4.6799, 1.1385, 1.4355,0
 0.3561, 0.0000, 15.5288, 3.1415, 0.5508, 5.3934, 4.6799, 1.1138, 1.4355,0
 0.3617, 0.0000, 15.5823, 3.1415, 0.5588, 5.3513, 4.6799, 1.1133, 1.4355,0
1133, 1.4355,1
 0.3904, 0.0000, 15.7833, 3.1415, 0.5626, 4.0439,-4.6799, 1.1133, 1.4355,1
 0.3957, 0.0000, 15.8367, 3.1415, 0.5430, 5.0813, 4.6799, 1.0736, 1.4355,0
 0.4010, 0.0000, 15.8901, 3.1415, 0.5330, 5.2888, 4.6799, 1.0978, 1.4355,0
 0.4063, 0.0000, 15.9467, 3.1415, 0.5249, 5.5817, 4.6799, 1.1338, 1.4355,0
 0.4113, 0.0000, 16.0001, 3.1415, 0.5112, 5.3888, 4.6799, 1.0942, 1.4355,0
 0.4164, 0.0000, 16.0566, 3.1415, 0.5084, 5.6016, 4.6799, 1.1141, 1.4355,0
 0.4214, 0.0000, 16.1132, 3.1415, 0.4958, 5.6442, 4.6799, 1.1059, 1.4355,0
 0.4261, 0.0000, 16.1697, 3.1415, 0.4811, 5.6526, 4.6799, 1.0901, 1.4355,0
 0.4308, 0.0000, 16.2294, 3.1415, 0.4660, 5.9057, 4.6799, 1.1109, 1.4355,0
 0.4355, 0.0000, 16.2860, 3.1415, 0.4691, 5.7050, 4.6799, 1.0570, 1.4355,0
 0.4398, 0.0000, 16.3488, 3.1415, 0.4455, 6.1675, 4.6799, 1.1081, 1.4355,0
 0.4442, 0.0000, 16.4116, 3.1415, 0.4347, 6.2600, 4.6799, 1.0961, 1.4355,0
 0.4483, 0.0000, 16.474 0.2732, 0.0000, 19.9239, 3.1415,-0.4652, 9.7692,-4.6799, 0.9941, 1.4355 0.2505, 0.0000, 20.8444, 3.1415,-0.0345, 6.0978, 4.6799, 0.8160, 1.4355,0
 0.2504, 0.0000, 20.9041, 3.1415,-0.0129, 5.9948, 4.6799, 0.8371, 1.4355,0
 0.2504, 0.0000, 20.9607, 3.1415,-0.0025, 5.7227, 4.6799, 0.8279, 1.4355,0
 0.2505, 0.0000, 21.0141, 3.1415, 0.0055, 5.4171, 4.6799, 0.8125, 1.4355,0
 0.2507, 0.0000, 21.0675, 3.1415, 0.0132, 5.3558, 4.6799, 0.8345, 1.4355,0
 0.2507, 0.0000, 21.1146, 3.1415, 0.0087, 4.8411, 4.6799, 0.7875, 1.4355,0
 0.2509, 0.0000, 21.1649, 3.1415, 0.0138, 4.9893, 4.6799, 0.8351, 1.4355,0
 0.2510, 0.0000, 21.2088, 3.1415, 0.0148, 4.5165, 4.6799, 0.7949, 1.4355,0
 0.2511, 0.0000, 21.2528, 3.1415, 0.0090, 4.4218, 4.6799, 0.8048, 1.4355,0
 0.2511, 0.0000, 21.2937, 3.1415, 0.0018, 4.1515, 4.6799, 0.7917, 1.4355,0
 0.2511, 0.0000, 21.3345, 3.1415, 0.0003, 4.0976, 4.6799, 0.8038, 1.4355,0
 0.2511, 0.0000, 21.3722, 3.1415, 0.0000, 3.8354, 4.6799, 0.7908, 1.4355,0
 0.2511, 0.0000, 21.4068, 3.1415, 0.0000, 3.5316, 4.6799, 0.7735, 1.4355,0
 0.2511, 0.0000, 21.4413, 3.1415, 0.0000, 3.4710, 4.6799, 0.7809, 1.4355,0
 0.2510, 0.0000, 21.4727, 3.1415,-0.0060, 3.2073, 4.6799, 0.7677, 1.4355,0
 0.2510, 0.0000, 21.5073, 3.1415,-0.0012, 3.4062, 4.6799, 0.7981, 1.4355,0
 0.2510, 0.0000, 21.5356, 3.1415,-0.0002, 2.9430, 4.6799, 0.7661, 1.4355,0
 0.2510, 0.0000, 21.5670, 3.1415,-0.0000, 3.1020, 4.6799, 0.7891, 1.4355,0
 0.2510, 0.0000, 21.5953, 3.1415,-0.0000, 2.8822, 4.6799, 0.7788, 1.4355,0
 0.2510, 0.0000, 21.6235, 3.1415,-0.0000, 2.8384, 4.6799, 0.7829, 1.4355,0
 0.2510, 0.0000, 21.6487, 3.1415,-0.0000, 2.5783, 4.6799, 0.7694, 1.4355,0
 0.2510, 0.0000, 21.6738, 3.1415,-0.0000, 2.5263, 4.6799, 0.7715, 1.4355,0
 0.2510, 0.0000, 21.6989, 3.1415,-0.0000, 2.5157, 4.6799, 0.7762, 1.4355,0
 0.2510, 0.0000, 21.7241, 3.1415,-0.0000, 2.5138, 4.6799, 0.7811, 1.4355,0
 0.2510, 0.0000, 21.7492, 3.1415,-0.0000, 2.5134, 4.6799, 0.7856, 1.4355,0
 0.2510, 0.0000, 21.7712, 3.1415,-0.0000, 2.2620, 4.6799, 0.7724, 1.4355,0
 0.2510, 0.0000, 21.7932, 3.1415,-0.0000, 2.2117, 4.6799, 0.7725, 1.4355,0
 0.2510, 0.0000, 21.8152, 3.1415,-0.0000, 2.2015, 4.6799, 0.7748, 1.4355,0
 0.2510, 0.0000, 21.8372, 3.1415,-0.0000, 2.1996, 4.6799, 0.7773, 1.4355,0
 0.2510, 0.0000, 21.8592, 3.1415,-0.0000, 2.1992, 4.6799, 0.7795, 1.4355,0
 0.2510, 0.0000, 21.8811, 3.1415,-0.0000, 2.1990, 4.6799, 0.7814, 1.4355,0
 0.2510, 0.0000, 21.9031, 3.1415,-0.0000, 2.1991,-4.6799, 0.7814, 1.4355,1
 0.2510, 0.0000, 21.9251, 3.1415,-0.0000, 2.1991,-4.6799, 0.7814, 1.4355,1
 0.2510, 0.0000, 21.9471, 3.1415,-0.0000, 2.1990,-4.6799, 0.7814, 1.4355,1
 0.2510, 0.0000, 21.9691, 3.1415,-0.0000, 2.1991,-4.6799, 0.7814, 1.4355,1
 0.2510, 0.0000, 21.9880, 3.1415,-0.0000, 1.9478,-4.6799, 0.7814, 1.4355,1
 0.2510, 0.0000, 22.0099, 3.1415,-0.0000, 2.1487,-4.6799, 0.7814, 1.4355,1
 0.2511, 0.0000, 22.0319, 3.1415, 0.0060, 2.1890,-4.6799, 0.7814, 1.4355,1
 0.2511, 0.0000, 22.0539, 3.1415, 0.0012, 2.1971,-4.6799, 0.7814, 1.4355,1
 0.2511, 0.0000, 22.0791, 3.1415, 0.0002, 2.4499,-4.6799, 0.7814, 1.4355,1
 0.2511, 0.0000, 22.1011, 3.1415, 0.0000, 2.2494, 4.6799, 0.7845, 1.4355,0
 0.2511, 0.0000, 22.1262, 3.1415, 0.0000, 2.4603, 4.6799, 0.7962, 1.4355,0
 0.2512, 0.0000, 22.1513, 3.1415, 0.0060, 2.5027, 4.6799, 0.7965, 1.4355,0
 0.2512, 0.0000, 22.1765, 3.1415, 0.0012, 2.5111, 4.6799, 0.7940, 1.4355,0
 0.2512, 0.0000, 22.2016, 3.1415, 0.0002, 2.5127, 4.6799, 0.7906, 1.4355,0
 0.2513, 0.0000, 22.2267, 3.1415, 0.0061, 2.5133, 4.6799, 0.7866, 1.4355,0
 0.2513, 0.0000, 22.2550, 3.1415, 0.0012, 2.7644, 4.6799, 0.8002, 1.4355,0
 0.2514, 0.0000, 22.2833, 3.1415, 0.0063, 2.8148, 4.6799, 0.7985, 1.4355,0
 0.2514, 0.0000, 22.3147, 3.1415, 0.0012, 3.0762, 4.6799, 0.8133, 1.4355,0
 0.2514, 0.0000, 22.3430, 3.1415, 0.0063, 2.8772, 4.6799, 0.7899, 1.4355,0
 0.2515, 0.0000, 22.3775, 3.1415, 0.0073, 3.3400, 4.6799, 0.8213, 1.4355,0
 0.2515, 0.0000, 22.4089, 3.1415, 0.0014, 3.1812, 4.6799, 0.7980, 1.4355,0
 0.2516, 0.0000, 22.4435, 3.1415, 0.0063, 3.4008, 4.6799, 0.8077, 1.4355,0
 0.2517, 0.0000, 22.4812, 3.1415, 0.0073, 3.6960, 4.6799, 0.8248, 1.4355,0
 0.2517, 0.0000, 22.5189, 3.1415, 0.0075, 3.7552, 4.6799, 0.8178, 1.4355,0
 0.2518, 0.0000, 22.5597, 3.1415, 0.0075, 4.0182, 4.6799, 0.8311, 1.4355,0
 0.2520, 0.0000, 22.6006, 3.1415, 0.0136, 4.0708, 4.6799, 0.8208, 1.4355,0
 0.2520, 0.0000, 22.6414, 3.1415, 0.0087, 4.0815, 4.6799, 0.8047, 1.4355,0
 0.2520, 0.0000, 22.6885, 3.1415, 0.0017, 4.5861, 4.6799, 0.8448, 1.4355,0
 0.2521, 0.0000, 22.7357, 3.1415, 0.0064, 4.6870, 4.6799, 0.8356, 1.4355,0
 0.2521, 0.0000, 22.7859, 3.1415, 0.0012, 4.9587, 4.6799, 0.8472, 1.4355,0
 0.2521, 0.0000, 22.8362, 3.1415, 0.0002, 5.0128, 4.6799, 0.8283, 1.4355,0
 0.2521, 0.0000, 22.8896, 3.1415, 0.0000, 5.2751, 4.6799, 0.8368, 1.4355,0
 0.2520, 0.0000, 22.9461, 3.1415,-0.0060, 5.5789, 4.6799, 0.8504, 1.4355,0
 0.2520, 0.0000, 23.0058, 3.1415,-0.0072, 5.8910, 4.6799, 0.8649, 1.4355,0
 0.2519, 0.0000, 23.0687, 3.1415,-0.0075, 6.2047, 4.6799, 0.8789, 1.4355,0
 0.2517, 0.0000, 23.1315, 3.1415,-0.0136, 6.2675, 4.6799, 0.8495, 1.4355,0
 0.2516, 0.0000, 23.1975, 3.1415,-0.0148, 6.5313, 4.6799, 0.8531, 1.4355,0
 0.2513, 0.0000, 23.2697, 3.1415,-0.0272, 7.0867, 4.6799, 0.9099, 1.4355,0
 0.2509, 0.0000, 23.3420, 3.1415,-0.0357, 7.1979, 4.6799, 0.8820, 1.4355,0
 0.2504, 0.0000, 23.4174, 3.1415,-0.0495, 7.4713, 4.6799, 0.8849, 1.4355,0
 0.2496, 0.0000, 23.4959, 3.1415,-0.0705, 7.7773, 4.6799, 0.8941, 1.4355,0
 0.2487, 0.0000, 23.5776, 3.1415,-0.0868, 8.0900,-4.6799, 0.9050, 1.4355,0
 0.2475, 0.0000, 23.6624, 3.1415,-0.1143, 8.4038,-4.6799, 0.9166, 1.4355,0
 0.2460, 0.0000, 23.7504, 3.1415,-0.1441, 8.7178,-4.6799, 0.9294, 1.4355,0
 0.2441, 0.0000, 23.8415, 3.1415,-0.1804, 9.0322,-4.6799, 0.9439, 1.4355,0
 0.2419, 0.0000, 23.9357, 3.1415,-0.2119, 9.3461,-4.6799, 0.9606, 1.4355,0
 0.2393, 0.0000, 24.0331, 3.1415,-0.2485, 9.6603,-4.6799, 0.9805, 1.4355,0
 0.2363, 0.0000, 24.1337, 3.1415,-0.2922, 9.9746,-4.6799, 1.0043, 1.4355,0
 0.2329, 0.0000, 24.2373, 3.1415,-0.3252, 10.2886,-4.6799, 1.0330, 1.4355,0
 0.2291, 0.0000, 24.3442, 3.1415,-0.3682, 10.6028,-4.6799, 1.0677, 1.4355,0
 0.2249, 0.0000, 24.4541, 3.1415,-0.4131, 10.9169,-4.6799, 1.1095, 1.4355,0
 0.2204, 0.0000, 24.5641, 3.1415,-0.4464, 10.9799,-4.6799, 1.0827, 1.4355,0
 0.2154, 0.0000, 24.6803, 3.1415,-0.4834, 11.4951,-4.6799, 1.2040, 1.4355,0
 0.2103, 0.0000, 24.7965, 3.1415,-0.5029, 11.5981,-4.6799, 1.2053, 1.4355,0
 0.2050, 0.0000, 24.9128, 3.1415,-0.5250, 11.6188,-4.6799, 1.1891, 1.4355,0
 0.1997, 0.0000, 25.0322, 3.1415,-0.5355, 11.8740,-4.6799, 1.2594, 1.4355,0
 0.1944, 0.0000, 25.1515, 3.1415,-0.5315, 11.9251,-4.6799, 1.2729, 1.4355,0
 0.1893, 0.0000, 25.2678, 3.1415,-0.5125, 11.6843,-4.6799, 1.1997, 1.4355,0
 0.1844, 0.0000, 25.3840, 3.1415,-0.4966, 11.6358,-4.6799, 1.1999, 1.4355,0
 0.1798, 0.0000, 25.4971, 3.1415,-0.4631, 11.3750,-4.6799, 1.1405, 1.4355,0
 0.1757, 0.0000, 25.6102, 3.1415,-0.4200, 11.3225,-4.6799, 1.1570, 1.4355,0
 0.1721, 0.0000, 25.7170, 3.1415,-0.3689, 10.8097,-4.6799, 1.0369, 1.4355,0
 0.1690, 0.0000, 25.8238, 3.1415,-0.3223, 10.7071,-4.6799, 1.0517, 1.4355,0
 0.1664, 0.0000, 25.9244, 3.1415,-0.2766, 10.1838,-4.6799, 0.9473, 1.4355,0
 0.1643, 0.0000, 26.0249, 3.1415,-0.2190, 10.0790,-4.6799, 0.9714, 1.4355,0
 0.1628, 0.0000, 26.1192, 3.1415,-0.1650, 9.5557,-4.6799, 0.8822, 1.4355,0
 0.1618, 0.0000, 26.2103, 3.1415,-0.1179, 9.1995,-4.6799, 0.8448, 1.4355,0
 0.1611, 0.0000, 26.3014, 3.1415,-0.0781, 9.1285,-4.6799, 0.8855, 1.4355,0
 0.1609, 0.0000, 26.3862, 3.1415,-0.0277, 8.6116,-4.6799, 0.8141, 1.4355,0
 0.1612, 0.0000, 26.4679, 3.1415, 0.0126, 8.2568,-4.6799, 0.7868, 1.4355,0
 0.1616, 0.0000, 26.5464, 3.1415, 0.0389, 7.9343,-4.6799, 0.7690, 1.4355,0
 0.1624, 0.0000, 26.6218, 3.1415, 0.0684, 7.6188,-4.6799, 0.7540, 1.4355,0
 0.1633, 0.0000, 26.6972, 3.1415, 0.0864, 7.5557,-4.6799, 0.7947, 1.4355,0
 0.1643, 0.0000, 26.7663, 3.1415, 0.1021, 7.0401, 4.6799, 0.7389, 1.4355,0
 0.1656, 0.0000, 26.8323, 3.1415, 0.1235, 6.6860, 4.6799, 0.7180, 1.4355,0
 0.1670, 0.0000, 26.8951, 3.1415, 0.1338, 6.3637, 4.6799, 0.7037, 1.4355,0
 0.1684, 0.0000, 26.9580, 3.1415, 0.1359, 6.2993, 4.6799, 0.7363, 1.4355,0
 0.1699, 0.0000, 27.0145, 3.1415, 0.1484, 5.7836, 4.6799, 0.6880, 1.4355,0
 0.1713, 0.0000, 27.0711, 3.1415, 0.1448, 5.6806, 4.6799, 0.7098, 1.4355,0
 0.1728, 0.0000, 27.1245, 3.1415, 0.1502, 5.4087, 4.6799, 0.7030, 1.4355,0
 0.1743, 0.0000, 27.1747, 3.1415, 0.1513, 5.1028, 4.6799, 0.6905, 1.4355,0
 0.1759, 0.0000, 27.2219, 3.1415, 0.1515, 4.7905, 4.6799, 0.6770, 1.4355,0
 0.1774, 0.0000, 27.2658, 3.1415, 0.1515, 4.4766, 4.6799, 0.6634, 1.4355,0
 0.1788, 0.0000, 27.3098, 3.1415, 0.1455, 4.4140, 4.6799, 0.6819, 1.4355,0
 0.1802, 0.0000, 27.3507, 3.1415, 0.1382, 4.1501, 4.6799, 0.6740, 1.4355,0
 0.1815, 0.0000, 27.3884, 3.1415, 0.1307, 3.8459, 4.6799, 0.6613, 1.4355,0
 0.1827, 0.0000, 27.4229, 3.1415, 0.1231, 3.5337, 4.6799, 0.6480, 1.4355,0
 0.1837, 0.0000, 27.4543, 3.1415, 0.1095, 3.2200, 4.6799, 0.6350, 1.4355,0
 0.1847, 0.0000, 27.4857, 3.1415, 0.1007, 3.1571, 4.6799, 0.6457, 1.4355,0
 0.1856, 0.0000, 27.5140, 3.1415, 0.0929, 2.8935, 4.6799, 0.6375, 1.4355,0
 0.1865, 0.0000, 27.5392, 3.1415, 0.0852, 2.5892, 4.6799, 0.6264, 1.4355,0
 0.1871, 0.0000, 27.5643, 3.1415, 0.0655, 2.5284, 4.6799, 0.6340, 1.4355,0
 0.1875, 0.0000, 27.5831, 3.1415, 0.0494, 2.0135, 4.6799, 0.6100, 1.4355,0
 0.1878, 0.0000, 27.6051, 3.1415, 0.0341, 2.1620, 4.6799, 0.6286, 1.4355,0
 0.1880, 0.0000, 27.6208, 3.1415, 0.0189, 1.6889, 4.6799, 0.6100, 1.4355,0
 0.1881, 0.0000, 27.6365, 3.1415, 0.0098, 1.5945, 4.6799, 0.6125, 1.4355,0
 0.1880, 0.0000, 27.6491, 3.1415,-0.0040, 1.3241, 4.6799, 0.6068, 1.4355,0
 0.1878, 0.0000, 27.6617, 3.1415,-0.0190, 1.2702, 4.6799, 0.6100, 1.4355,0
 0.1875, 0.0000, 27.6711, 3.1415,-0.0219, 1.0079, 4.6799, 0.6055, 1.4355,0
 0.1872, 0.0000, 27.6774, 3.1415,-0.0347, 0.7042, 4.6799, 0.6008, 1.4355,0
 0.1868, 0.0000, 27.6837, 3.1415,-0.0372, 0.6436, 4.6799, 0.6022, 1.4355,0
 0.1864, 0.0000, 27.6899, 3.1415,-0.0377, 0.6313, 4.6799, 0.6045, 1.4355,0
 0.1859, 0.0000, 27.6931, 3.1415,-0.0439, 0.3774, 4.6799, 0.6021, 1.4355,0
 0.1854, 0.0000, 27.6931, 3.1415,-0.0512, 0.0754, 1.6071, 0.6002, 1.4355,0
 0.1849, 0.0000, 27.6931, 3.1415,-0.0526, 0.0150,-4.6799, 0.6001, 1.4355,0
 0.1843, 0.0000, 27.6931, 3.1415,-0.0590, 0.0030,-4.6799, 0.6001, 1.4355,0
 0.1837, 0.0000, 27.6899, 3.1415,-0.0603,-0.2505,-4.6799, 0.5998, 1.4355,0
 0.1831, 0.0000, 27.6837, 3.1415,-0.0605,-0.5527,-4.6799, 0.6007, 1.4355,0
 0.1824, 0.0000, 27.6774, 3.1415,-0.0666,-0.6133,-4.6799, 0.5991, 1.4355,0
 0.1818, 0.0000, 27.6711, 3.1415,-0.0618,-0.6252,-4.6799, 0.5968, 1.4355,0
 0.1811, 0.0000, 27.6617, 3.1415,-0.0669,-0.8789,-4.6799, 0.5983, 1.4355,0
 0.1805, 0.0000, 27.6491, 3.1415,-0.0618,-1.1812,-4.6799, 0.6018, 1.4355,0
 0.1798, 0.0000, 27.6365, 3.1415,-0.0669,-1.2414,-4.6799, 0.5985, 1.4355,0
 0.1792, 0.0000, 27.6208, 3.1415,-0.0618,-1.5050,-4.6799, 0.6018, 1.4355,0
 0.1785, 0.0000, 27.6051, 3.1415,-0.0669,-1.5575,-4.6799, 0.5971, 1.4355,0
 0.1779, 0.0000, 27.5894, 3.1415,-0.0618,-1.5682,-4.6799, 0.5905, 1.4355,0
 0.1772, 0.0000, 27.5674, 3.1415,-0.0669,-2.0729,-4.6799, 0.6062, 1.4355,0
 0.1766, 0.0000, 27.5486, 3.1415,-0.0618,-1.9223,-4.6799, 0.5888, 1.4355,0
 0.1760, 0.0000, 27.5234, 3.1415,-0.0608,-2.3952,-4.6799, 0.6053, 1.4355,0
 0.1754, 0.0000, 27.5015, 3.1415,-0.0606,-2.2383,-4.6799, 0.5842, 1.4355,0
 0.1749, 0.0000, 27.4732, 3.1415,-0.0545,-2.7094,-4.6799, 0.6025, 1.4355,0
 0.1744, 0.0000, 27.4449, 3.1415,-0.0472,-2.8038,-4.6799, 0.5950, 1.4355,0
 0.1740, 0.0000, 27.4135, 3.1415,-0.0458,-3.0740,-4.6799, 0.6003, 1.4355,0
 0.1736, 0.0000, 27.3821, 3.1415,-0.0394,-3.1282,-4.6799, 0.5877, 1.4355,0
 0.1733, 0.0000, 27.3475, 3.1415,-0.0321,-3.3900,-4.6799, 0.5920, 1.4355,0
 0.1730, 0.0000, 27.3098, 3.1415,-0.0306,-3.6939,-4.6799, 0.6002, 1.4355,0
 0.1728, 0.0000, 27.2721, 3.1415,-0.0182,-3.7548,-4.6799, 0.5840, 1.4355,0
 0.1727, 0.0000, 27.2313, 3.1415,-0.0157,-4.0180,-4.6799, 0.5876, 1.4355,0
 0.1726, 0.0000, 27.1873, 3.1415,-0.0092,-4.3222,-4.6799, 0.5955, 1.4355,0
 0.1726, 0.0000, 27.1402, 3.1415,-0.0018,-4.6344,-4.6799, 0.6043, 1.4355,0
 0.1727, 0.0000, 27.0930, 3.1415, 0.0056,-4.6968,-4.6799, 0.5815, 1.4355,0
 0.1728, 0.0000, 27.0428, 3.1415, 0.0132,-4.9605,-4.6799, 0.5834, 1.4355,0
 0.1730, 0.0000, 26.9894, 3.1415, 0.0147,-5.2647,-4.6799, 0.5905, 1.4355,0
 0.1733, 0.0000, 26.9297, 3.1415, 0.0272,-5.8281,-4.6799, 0.6365, 1.4355,0
 0.1737, 0.0000, 26.8731, 3.1415, 0.0357,-5.6894,-4.6799, 0.5744, 1.4355,0
 0.1741, 0.0000, 26.8103, 3.1415, 0.0435,-6.1642,-4.6799, 0.6085, 1.4355,0
 0.1748, 0.0000, 26.7443, 3.1415, 0.0632,-6.5110,-4.6799, 0.6228, 1.4355,0
 0.1756, 0.0000, 26.6752, 3.1415, 0.0732,-6.8312, 4.6799, 0.6330, 1.4355,0
 0.1765, 0.0000, 26.6061, 3.1415, 0.0934,-6.8955, 4.6799, 0.5958, 1.4355,0
 0.1778, 0.0000, 26.5307, 3.1415, 0.1157,-7.4109, 4.6799, 0.6454, 1.4355,0
 0.1792, 0.0000, 26.4553, 3.1415, 0.1383,-7.5141, 4.6799, 0.6140, 1.4355,0
 0.1809, 0.0000, 26.3736, 3.1415, 0.1610,-8.0374, 4.6799, 0.6717, 1.4355,0
 0.1828, 0.0000, 26.2919, 3.1415, 0.1898,-8.1419, 4.6799, 0.6408, 1.4355,0
 0.1851, 0.0000, 26.2040, 3.1415, 0.2198,-8.6655, 4.6799, 0.7073, 1.4355,0
 0.1878, 0.0000, 26.1160, 3.1415, 0.2561,-8.7701, 4.6799, 0.6788, 1.4355,0
 0.1906, 0.0000, 26.0218, 3.1415, 0.2816,-9.2938, 4.6799, 0.7567, 1.4355,0
 0.1940, 0.0000, 25.9275, 3.1415, 0.3231,-9.3984, 4.6799, 0.7336, 1.4355,0
 0.1977, 0.0000, 25.8270, 3.1415, 0.3617,-9.9224, 4.6799, 0.8265, 1.4355,0
 0.2018, 0.0000, 25.7265, 3.1415, 0.3997,-10.0267, 4.6799, 0.8123, 1.4355,0
 0.2061, 0.0000, 25.6196, 3.1415, 0.4255,-10.5505, 4.6799, 0.9237, 1.4355,0
 0.2108, 0.0000, 25.5128, 3.1415, 0.4610,-10.6550, 4.6799, 0.9225, 1.4355,0
 0.2157, 0.0000, 25.4060, 3.1415, 0.4863,-10.6763, 4.6799, 0.9043, 1.4355,0
 0.2208, 0.0000, 25.2961, 3.1415, 0.5035,-10.9316, 4.6799, 0.9644, 1.4355,0
 0.2260, 0.0000, 25.1830, 3.1415, 0.5190,-11.2341, 4.6799, 1.0497, 1.4355,0
 0.2313, 0.0000, 25.0730, 3.1415, 0.5221,-11.0432, 4.6799, 0.9905, 1.4355,0
 0.2364, 0.0000, 24.9599, 3.1415, 0.5167,-11.2563, 4.6799, 1.0664, 1.4355,0
 0.2413, 0.0000, 24.8500, 3.1415, 0.4974,-11.0476, 4.6799, 1.0191, 1.4355,0
 0.2460, 0.0000, 24.7400, 3.1415, 0.4754,-11.0060, 4.6799, 1.0324, 1.4355,0
 0.2504, 0.0000, 24.6332, 3.1415, 0.4406,-10.7464, 4.6799, 0.9864, 1.4355,0
 0.2544, 0.0000, 24.5295, 3.1415, 0.4094,-10.4430, 4.6799, 0.9354, 1.4355,0
 0.2579, 0.0000, 24.4258, 3.1415, 0.3608,-10.3823, 4.6799, 0.9630, 1.4355,0
 0.2609, 0.0000, 24.3284, 3.1415, 0.3146,-9.8677, 4.6799, 0.8651, 1.4355,0
 0.2635, 0.0000, 24.2311, 3.1415, 0.2690,-9.7645, 4.6799, 0.8893, 1.4355,0
 0.2656, 0.0000, 24.1399, 3.1415, 0.2235,-9.2414, 4.6799, 0.8032, 1.4355,0
 0.2672, 0.0000, 24.0488, 3.1415, 0.1720,-9.1367, 4.6799, 0.8327, 1.4355,0
 0.2683, 0.0000, 23.9640, 3.1415, 0.1253,-8.6132, 4.6799, 0.7575, 1.4355,0
 0.2691, 0.0000, 23.8823, 3.1415, 0.0857,-8.2570, 4.6799, 0.7283, 1.4355,0
 0.2695, 0.0000, 23.8038, 3.1415, 0.0474,-7.9346, 4.6799, 0.7094, 1.4355,0
 0.2695, 0.0000, 23.7253, 3.1415, 0.0094,-7.8700, 4.6799, 0.7503, 1.4355,0
 0.2692, 0.0000, 23.6530, 3.1415,-0.0162,-7.3544, 4.6799, 0.6919, 1.4355,0
 0.2688, 0.0000, 23.5839, 3.1415,-0.0396,-7.0002, 4.6799, 0.6702, 1.4355,0
 0.2682, 0.0000, 23.5179, 3.1415,-0.0564,-6.6779,-4.6799, 0.6558, 1.4355,0
 0.2673, 0.0000, 23.4519, 3.1415,-0.0779,-6.6134,-4.6799, 0.6911, 1.4355,0
 0.2664, 0.0000, 23.3922, 3.1415,-0.0883,-6.0979,-4.6799, 0.6418, 1.4355,0
 0.2654, 0.0000, 23.3357, 3.1415,-0.1025,-5.7435,-4.6799, 0.6228, 1.4355,0
 0.2642, 0.0000, 23.2792, 3.1415,-0.1114,-5.6724,-4.6799, 0.6508, 1.4355,0
 0.2630, 0.0000, 23.2289, 3.1415,-0.1193,-5.1557,-4.6799, 0.6068, 1.4355,0
 0.2618, 0.0000, 23.1786, 3.1415,-0.1208,-5.0523,-4.6799, 0.6258, 1.4355,0
 0.2606, 0.0000, 23.1315, 3.1415,-0.1211,-4.7804,-4.6799, 0.6195, 1.4355,0
 0.2594, 0.0000, 23.0907, 3.1415,-0.1212,-4.2234,-4.6799, 0.5757, 1.4355,0
 0.2582, 0.0000, 23.0498, 3.1415,-0.1212,-4.1119,-4.6799, 0.5885, 1.4355,0
 0.2571, 0.0000, 23.0121, 3.1415,-0.1091,-3.8382,-4.6799, 0.5814, 1.4355,0
 0.2561, 0.0000, 22.9776, 3.1415,-0.1067,-3.5322,-4.6799, 0.5708, 1.4355,0
 0.2551, 0.0000, 22.9461, 3.1415,-0.0941,-3.2197,-4.6799, 0.5598, 1.4355,0
 0.2542, 0.0000, 22.9147, 3.1415,-0.0915,-3.1572,-4.6799, 0.5725, 1.4355,0
 0.2536, 0.0000, 22.8896, 3.1415,-0.0728,-2.6420,-4.6799, 0.5449, 1.4355,0
 0.2529, 0.0000, 22.8645, 3.1415,-0.0691,-2.5390,-4.6799, 0.5514, 1.4355,0
 0.2524, 0.0000, 22.8425, 3.1415,-0.0502,-2.2671,-4.6799, 0.5451, 1.4355,0
 0.2520, 0.0000, 22.8236, 3.1415,-0.0403,-1.9611,-4.6799, 0.5371, 1.4355,0
 0.2518, 0.0000, 22.8079, 3.1415,-0.0262,-1.6489,-4.6799, 0.5296, 1.4355,0
 0.2517, 0.0000, 22.7953, 3.1415,-0.0113,-1.3351,-4.6799, 0.5230, 1.4355,0
 0.2518, 0.0000, 22.7859, 3.1415, 0.0037,-1.0209,-4.6799, 0.5175, 1.4355,0
 0.2520, 0.0000, 22.7765, 3.1415, 0.0128,-0.9582,-4.6799, 0.5206, 1.4355,0
 0.2522, 0.0000, 22.7702, 3.1415, 0.0207,-0.6941,-4.6799, 0.5176, 1.4355,0
 0.2525, 0.0000, 22.7671, 3.1415, 0.0284,-0.3901,-4.6799, 0.5146, 1.4355,0
 0.2528, 0.0000, 22.7671, 3.1415, 0.0299,-0.0780,-4.6799, 0.5126, 1.4355,0
 0.2532, 0.0000, 22.7671, 3.1415, 0.0363,-0.0156,-4.6799, 0.5125, 1.4355,0
 0.2536, 0.0000, 22.7702, 3.1415, 0.0375, 0.2481, 4.6799, 0.5118, 1.4355,0
 0.2540, 0.0000, 22.7765, 3.1415, 0.0438, 0.5521, 4.6799, 0.5120, 1.4355,0
 0.2545, 0.0000, 22.7859, 3.1415, 0.0451, 0.8645, 4.6799, 0.5134, 1.4355,0
 0.2550, 0.0000, 22.7953, 3.1415, 0.0514, 0.9268, 4.6799, 0.5101, 1.4355,0
 0.2555, 0.0000, 22.8079, 3.1415, 0.0527, 1.1907, 4.6799, 0.5114, 1.4355,0
 0.2561, 0.0000, 22.8236, 3.1415, 0.0529, 1.4948, 4.6799, 0.5145, 1.4355,0
 0.2566, 0.0000, 22.8425, 3.1415, 0.0530, 1.8066, 4.6799, 0.5188, 1.4355,0
 0.2572, 0.0000, 22.8613, 3.1415, 0.0591, 1.8693, 4.6799, 0.5118, 1.4355,0
 0.2577, 0.0000, 22.8833, 3.1415, 0.0542, 2.1332, 4.6799, 0.5144, 1.4355,0
 0.2582, 0.0000, 22.9084, 3.1415, 0.0532, 2.4372, 4.6799, 0.5197, 1.4355,0
 0.2588, 0.0000, 22.9367, 3.1415, 0.0531, 2.7494, 4.6799, 0.5260, 1.4355,0
 0.2593, 0.0000, 22.9650, 3.1415, 0.0530, 2.8116, 4.6799, 0.5143, 1.4355,0
 0.2598, 0.0000, 22.9964, 3.1415, 0.0469, 3.0757, 4.6799, 0.5172, 1.4355,0
 0.2601, 0.0000, 23.0341, 3.1415, 0.0397, 3.6310, 4.6799, 0.5462, 1.4355,0
 0.2605, 0.0000, 23.0718, 3.1415, 0.0382, 3.7421, 4.6799, 0.5340, 1.4355,0
 0.2608, 0.0000, 23.1095, 3.1415, 0.0319, 3.7643, 4.6799, 0.5122, 1.4355,0
 0.2610, 0.0000, 23.1535, 3.1415, 0.0185, 4.2713, 4.6799, 0.5406, 1.4355,0
 0.2611, 0.0000, 23.2006, 3.1415, 0.0158, 4.6242, 4.6799, 0.5532, 1.4355,0
 0.2611, 0.0000, 23.2477, 3.1415, 0.0031, 4.6948, 4.6799, 0.5304, 1.4355,0
 0.2611, 0.0000, 23.2980, 3.1415,-0.0054, 4.9601, 4.6799, 0.5317, 1.4355,0
 0.2608, 0.0000, 23.3546, 3.1415,-0.0192, 5.5159, 4.6799, 0.5737, 1.4355,0
 0.2606, 0.0000, 23.4111, 3.1415,-0.0220, 5.6271, 4.6799, 0.5511, 1.4355,0
 0.2602, 0.0000, 23.4708, 3.1415,-0.0347, 5.9006, 4.6799, 0.5527, 1.4355,0
 0.2597, 0.0000, 23.5336, 3.1415,-0.0493, 6.2066, 4.6799, 0.5596, 1.4355,0
 0.2590, 0.0000, 23.5996, 3.1415,-0.0644, 6.5191,-4.6799, 0.5679, 1.4355,0
 0.2581, 0.0000, 23.6687, 3.1415,-0.0856, 6.8330,-4.6799, 0.5771, 1.4355,0
 0.2570, 0.0000, 23.7410, 3.1415,-0.1020, 7.1470,-4.6799, 0.5872, 1.4355,0
 0.2557, 0.0000, 23.8164, 3.1415,-0.1234, 7.4613,-4.6799, 0.5986, 1.4355,0
 0.2542, 0.0000, 23.8949, 3.1415,-0.1459, 7.7753,-4.6799, 0.6116, 1.4355,0
 0.2525, 0.0000, 23.9766, 3.1415,-0.1686, 8.0895,-4.6799, 0.6268, 1.4355,0
 0.2505, 0.0000, 24.0614, 3.1415,-0.1913, 8.4037,-4.6799, 0.6447, 1.4355,0
 0.2482, 0.0000, 24.1494, 3.1415,-0.2201, 8.7179,-4.6799, 0.6660, 1.4355,0
 0.2456, 0.0000, 24.2405, 3.1415,-0.2562, 9.0321,-4.6799, 0.6913, 1.4355,0
 0.2426, 0.0000, 24.3347, 3.1415,-0.2877, 9.3462,-4.6799, 0.7215, 1.4355,0
 0.2395, 0.0000, 24.4290, 3.1415,-0.3122, 9.4090,-4.6799, 0.6919, 1.4355,0
 0.2359, 0.0000, 24.5295, 3.1415,-0.3474, 9.9242,-4.6799, 0.7875, 1.4355,0
 0.2321, 0.0000, 24.6300, 3.1415,-0.3726, 10.0273,-4.6799, 0.7783, 1.4355,0
 0.2281, 0.0000, 24.7306, 3.1415,-0.3958, 10.0480,-4.6799, 0.7526, 1.4355,0
 0.2239, 0.0000, 24.8374, 3.1415,-0.4126, 10.5546,-4.6799, 0.8726, 1.4355,0
 0.2197, 0.0000, 24.9411, 3.1415,-0.4220, 10.4046,-4.6799, 0.8106, 1.4355,0
 0.2154, 0.0000, 25.0479, 3.1415,-0.4239, 10.6260,-4.6799, 0.8652, 1.4355,0
 0.2113, 0.0000, 25.1515, 3.1415,-0.4182, 10.4189,-4.6799, 0.8018, 1.4355,0
 0.2072, 0.0000, 25.2552, 3.1415,-0.4110, 10.3775,-4.6799, 0.7950, 1.4355,0
 0.2033, 0.0000, 25.3589, 3.1415,-0.3914, 10.3692,-4.6799, 0.8055, 1.4355,0
 0.1997, 0.0000, 25.4626, 3.1415,-0.3632, 10.3677,-4.6799, 0.8254, 1.4355,0
 0.1965, 0.0000, 25.5599, 3.1415,-0.3333, 9.8646,-4.6799, 0.7088, 1.4355,0
 0.1937, 0.0000, 25.6573, 3.1415,-0.2910, 9.7640,-4.6799, 0.7132, 1.4355,0
 0.1912, 0.0000, 25.7516, 3.1415,-0.2522, 9.4926,-4.6799, 0.6766, 1.4355,0
 0.1893, 0.0000, 25.8427, 3.1415,-0.2080, 9.1870,-4.6799, 0.6370, 1.4355,0
 0.1877, 0.0000, 25.9307, 3.1415,-0.1689, 8.8746,-4.6799, 0.6012, 1.4355,0
 0.1865, 0.0000, 26.0155, 3.1415,-0.1247, 8.5608,-4.6799, 0.5700, 1.4355,0
 0.1857, 0.0000, 26.0972, 3.1415,-0.0916, 8.2467,-4.6799, 0.5429, 1.4355,0
 0.1853, 0.0000, 26.1757, 3.1415,-0.0486, 7.9324,-4.6799, 0.5192, 1.4355,0
 0.1853, 0.0000, 26.2511, 3.1415,-0.0157, 7.6182,-4.6799, 0.4986, 1.4355,0
 0.1855, 0.0000, 26.3234, 3.1415, 0.0150, 7.3041,-4.6799, 0.4804, 1.4355,0
 0.1859, 0.0000, 26.3925, 3.1415, 0.0333, 6.9901,-4.6799, 0.4643, 1.4355,0
 0.1865, 0.0000, 26.4584, 3.1415, 0.0612, 6.6758,-4.6799, 0.4497, 1.4355,0
 0.1873, 0.0000, 26.5213, 3.1415, 0.0728, 6.3618,-4.6799, 0.4365, 1.4355,0
 0.1882, 0.0000, 26.5841, 3.1415, 0.0873, 6.2987,-4.6799, 0.4699, 1.4355,0
 0.1892, 0.0000, 26.6407, 3.1415, 0.0962, 5.7835,-4.6799, 0.4231, 1.4355,0
 0.1903, 0.0000, 26.6941, 3.1415, 0.1102, 5.4293,-4.6799, 0.4059, 1.4355,0
 0.1915, 0.0000, 26.7443, 3.1415, 0.1129, 5.1070, 4.6799, 0.3944, 1.4355,0
 0.1928, 0.0000, 26.7915, 3.1415, 0.1256, 4.7913, 4.6799, 0.3844, 1.4355,0
 0.1940, 0.0000, 26.8354, 3.1415, 0.1221, 4.4769, 4.6799, 0.3750, 1.4355,0
 0.1953, 0.0000, 26.8794, 3.1415, 0.1335, 4.4139, 4.6799, 0.3984, 1.4355,0
 0.1966, 0.0000, 26.9171, 3.1415, 0.1297, 3.8986, 4.6799, 0.3650, 1.4355,0
 0.1979, 0.0000, 26.9548, 3.1415, 0.1290, 3.7957, 4.6799, 0.3802, 1.4355,0
 0.1991, 0.0000, 26.9862, 3.1415, 0.1228, 3.2724, 4.6799, 0.3502, 1.4355,0
 0.2003, 0.0000, 27.0176, 3.1415, 0.1155, 3.1677, 4.6799, 0.3623, 1.4355,0
 0.2014, 0.0000, 27.0459, 3.1415, 0.1140, 2.8955, 4.6799, 0.3584, 1.4355,0
 0.2024, 0.0000, 27.0679, 3.1415, 0.1016, 2.3384, 4.6799, 0.3324, 1.4355,0
 0.2033, 0.0000, 27.0899, 3.1415, 0.0930, 2.2268, 4.6799, 0.3400, 1.4355,0
 0.2041, 0.0000, 27.1088, 3.1415, 0.0853, 1.9532, 4.6799, 0.3365, 1.4355,0
 0.2049, 0.0000, 27.1245, 3.1415, 0.0776, 1.6473, 4.6799, 0.3314, 1.4355,0
 0.2055, 0.0000, 27.1402, 3.1415, 0.0640, 1.5860, 4.6799, 0.3389, 1.4355,0
 0.2060, 0.0000, 27.1496, 3.1415, 0.0491, 1.0712, 4.6799, 0.3258, 1.4355,0
 0.2063, 0.0000, 27.1559, 3.1415, 0.0340, 0.7168, 4.6799, 0.3210, 1.4355,0
 0.2065, 0.0000, 27.1622, 3.1415, 0.0250, 0.6460, 4.6799, 0.3237, 1.4355,0
 0.2066, 0.0000, 27.1622, 3.1415, 0.0110, 0.1292, 1.3818, 0.3181, 1.4355,0
 0.2065, 0.0000, 27.1622, 3.1415,-0.0038, 0.0258,-4.6799, 0.3179, 1.4355,0
 0.2063, 0.0000, 27.1590, 3.1415,-0.0128,-0.2462,-4.6799, 0.3167, 1.4355,0
 0.2061, 0.0000, 27.1527, 3.1415,-0.0207,-0.5518,-4.6799, 0.3161, 1.4355,0
 0.2059, 0.0000, 27.1433, 3.1415,-0.0223,-0.8641,-4.6799, 0.3162, 1.4355,0
 0.2056, 0.0000, 27.1307, 3.1415,-0.0287,-1.1782,-4.6799, 0.3169, 1.4355,0
 0.2052, 0.0000, 27.1182, 3.1415,-0.0360,-1.2408,-4.6799, 0.3108, 1.4355,0
 0.2049, 0.0000, 27.0993, 3.1415,-0.0314,-1.7560,-4.6799, 0.3200, 1.4355,0
 0.2045, 0.0000, 27.0805, 3.1415,-0.0366,-1.8593,-4.6799, 0.3127, 1.4355,0
 0.2041, 0.0000, 27.0585, 3.1415,-0.0376,-2.1310,-4.6799, 0.3131, 1.4355,0
 0.2038, 0.0000, 27.0302, 3.1415,-0.0378,-2.6881,-4.6799, 0.3316, 1.4355,0
 0.2034, 0.0000, 27.0019, 3.1415,-0.0378,-2.7994,-4.6799, 0.3208, 1.4355,0
 0.2031, 0.0000, 26.9737, 3.1415,-0.0318,-2.8221,-4.6799, 0.3031, 1.4355,0
 0.2028, 0.0000, 26.9391, 3.1415,-0.0306,-3.3288,-4.6799, 0.3227, 1.4355,0
 0.2025, 0.0000, 26.9014, 3.1415,-0.0243,-3.6818,-4.6799, 0.3309, 1.4355,0
 0.2024, 0.0000, 26.8637, 3.1415,-0.0169,-3.7522,-4.6799, 0.3116, 1.4355,0
 0.2024, 0.0000, 26.8197, 3.1415,-0.0033,-4.2689,-4.6799, 0.3384, 1.4355,0
 0.2024, 0.0000, 26.7757, 3.1415,-0.0006,-4.3723,-4.6799, 0.3194, 1.4355,0
 0.2025, 0.0000, 26.7286, 3.1415, 0.0059,-4.6443,-4.6799, 0.3200, 1.4355,0
 0.2026, 0.0000, 26.6752, 3.1415, 0.0133,-5.2014, 4.6799, 0.3584, 1.4355,0
 0.2029, 0.0000, 26.6218, 3.1415, 0.0269,-5.3129, 4.6799, 0.3365, 1.4355,0
 0.2032, 0.0000, 26.5653, 3.1415, 0.0296,-5.5863, 4.6799, 0.3379, 1.4355,0
 0.2037, 0.0000, 26.5056, 3.1415, 0.0423,-5.8925, 4.6799, 0.3449, 1.4355,0
 0.2044, 0.0000, 26.4427, 3.1415, 0.0630,-6.2052, 4.6799, 0.3539, 1.4355,0
 0.2051, 0.0000, 26.3768, 3.1415, 0.0732,-6.5189, 4.6799, 0.3644, 1.4355,0
 0.2061, 0.0000, 26.3076, 3.1415, 0.0934,-6.8329, 4.6799, 0.3767, 1.4355,0
 0.2072, 0.0000, 26.2354, 3.1415, 0.1096,-7.1470, 4.6799, 0.3911, 1.4355,0
 0.2086, 0.0000, 26.1600, 3.1415, 0.1310,-7.4613, 4.6799, 0.4080, 1.4355,0
 0.2103, 0.0000, 26.0815, 3.1415, 0.1596,-7.7753, 4.6799, 0.4279, 1.4355,0
 0.2122, 0.0000, 25.9998, 3.1415, 0.1835,-8.0896, 4.6799, 0.4515, 1.4355,0
 0.2144, 0.0000, 25.9149, 3.1415, 0.2125,-8.4038, 4.6799, 0.4793, 1.4355,0
 0.2169, 0.0000, 25.8270, 3.1415, 0.2425,-8.7179, 4.6799, 0.5121, 1.4355,0
 0.2196, 0.0000, 25.7390, 3.1415, 0.2668,-8.7806, 4.6799, 0.4893, 1.4355,0
 0.2226, 0.0000, 25.6448, 3.1415, 0.2958,-9.2959, 4.6799, 0.5838, 1.4355,0
 0.2259, 0.0000, 25.5505, 3.1415, 0.3199,-9.3988, 4.6799, 0.5804, 1.4355,0
 0.2294, 0.0000, 25.4531, 3.1415, 0.3428,-9.6709, 4.6799, 0.6278, 1.4355,0
 0.2330, 0.0000, 25.3557, 3.1415, 0.3596,-9.7254, 4.6799, 0.6238, 1.4355,0
 0.2368, 0.0000, 25.2552, 3.1415, 0.3750,-9.9876, 4.6799, 0.6838, 1.4355,0
 0.2406, 0.0000, 25.1547, 3.1415, 0.3781,-10.0398, 4.6799, 0.6932, 1.4355,0
 0.2444, 0.0000, 25.0573, 3.1415, 0.3788,-9.7991, 4.6799, 0.6282, 1.4355,0
 0.2481, 0.0000, 24.9568, 3.1415, 0.3728,-10.0022, 4.6799, 0.6936, 1.4355,0
 0.2516, 0.0000, 24.8562, 3.1415, 0.3534,-10.0429, 4.6799, 0.7212, 1.4355,0
 0.2549, 0.0000, 24.7588, 3.1415, 0.3374,-9.7998, 4.6799, 0.6760, 1.4355,0
 0.2579, 0.0000, 24.6646, 3.1415, 0.3039,-9.4996, 4.6799, 0.6225, 1.4355,0
 0.2605, 0.0000, 24.5703, 3.1415, 0.2730,-9.4399, 4.6799, 0.6400, 1.4355,0
 0.2628, 0.0000, 24.4792, 3.1415, 0.2365,-9.1763, 4.6799, 0.6087, 1.4355,0
 0.2647, 0.0000, 24.3881, 3.1415, 0.1988,-9.1239, 4.6799, 0.6373, 1.4355,0
 0.2662, 0.0000, 24.3033, 3.1415, 0.1610,-8.6105, 4.6799, 0.5530, 1.4355,0
 0.2673, 0.0000, 24.2216, 3.1415, 0.1231,-8.2566, 4.6799, 0.5142, 1.4355,0
 0.2680, 0.0000, 24.1399, 3.1415, 0.0792,-8.1857, 4.6799, 0.5457, 1.4355,0
 0.2684, 0.0000, 24.0646, 3.1415, 0.0461,-7.6689, 4.6799, 0.4774, 1.4355,0
 0.2684, 0.0000, 23.9923, 3.1415, 0.0092,-7.3144, 4.6799, 0.4494, 1.4355,0
 0.2681, 0.0000, 23.9200, 3.1415,-0.0224,-7.2433, 4.6799, 0.4828, 1.4355,0
 0.2676, 0.0000, 23.8541, 3.1415,-0.0408,-6.7266, 4.6799, 0.4266, 1.4355,0
 0.2669, 0.0000, 23.7881, 3.1415,-0.0688,-6.6230, 4.6799, 0.4530, 1.4355,0
 0.2660, 0.0000, 23.7284, 3.1415,-0.0865,-6.0998, 4.6799, 0.4019, 1.4355,0
 0.2649, 0.0000, 23.6719, 3.1415,-0.1021,-5.7438, 4.6799, 0.3830, 1.4355,0
 0.2637, 0.0000, 23.6153, 3.1415,-0.1174,-5.6727, 4.6799, 0.4121, 1.4355,0
 0.2624, 0.0000, 23.5619, 3.1415,-0.1265,-5.4071,-4.6799, 0.4093, 1.4355,0
 0.2611, 0.0000, 23.5148, 3.1415,-0.1344,-4.8512,-4.6799, 0.3633, 1.4355,0
 0.2596, 0.0000, 23.4676, 3.1415,-0.1420,-4.7400,-4.6799, 0.3821, 1.4355,0
 0.2581, 0.0000, 23.4268, 3.1415,-0.1496,-4.2153,-4.6799, 0.3454, 1.4355,0
 0.2567, 0.0000, 23.3860, 3.1415,-0.1451,-4.1102,-4.6799, 0.3622, 1.4355,0
 0.2552, 0.0000, 23.3483, 3.1415,-0.1442,-3.8379,-4.6799, 0.3584, 1.4355,0
 0.2538, 0.0000, 23.3137, 3.1415,-0.1440,-3.5323,-4.6799, 0.3510, 1.4355,0
 0.2525, 0.0000, 23.2854, 3.1415,-0.1318,-2.9682,-4.6799, 0.3193, 1.4355,0
 0.2512, 0.0000, 23.2572, 3.1415,-0.1294,-2.8557,-4.6799, 0.3296, 1.4355,0
 0.2500, 0.0000, 23.2320, 3.1415,-0.1229,-2.5816,-4.6799, 0.3259, 1.4355,0
 0.2488, 0.0000, 23.2100, 3.1415,-0.1215,-2.2756,-4.6799, 0.3199, 1.4355,0
 0.2477, 0.0000, 23.1912, 3.1415,-0.1092,-1.9630,-4.6799, 0.3140, 1.4355,0
 0.2467, 0.0000, 23.1755, 3.1415,-0.1006,-1.6491,-4.6799, 0.3087, 1.4355,0
 0.2459, 0.0000, 23.1629, 3.1415,-0.0868,-1.3352,-4.6799, 0.3039, 1.4355,0
 0.2451, 0.0000, 23.1535, 3.1415,-0.0840,-1.0211,-4.6799, 0.2997, 1.4355,0
 0.2443, 0.0000, 23.1441, 3.1415,-0.0774,-0.9581,-4.6799, 0.3042, 1.4355,0
 0.2437, 0.0000, 23.1409, 3.1415,-0.0639,-0.4429,-4.6799, 0.2961, 1.4355,0
 0.2432, 0.0000, 23.1409, 3.1415,-0.0552,-0.0885,-4.6799, 0.2935, 1.4355,0
 0.2427, 0.0000, 23.1409, 3.1415,-0.0474,-0.0177,-4.6799, 0.2934, 1.4355,0
 0.2423, 0.0000, 23.1441, 3.1415,-0.0398, 0.2477, 4.6799, 0.2922, 1.4355,0
 0.2421, 0.0000, 23.1535, 3.1415,-0.0261, 0.8034, 4.6799, 0.2942, 1.4355,0
 0.2420, 0.0000, 23.1629, 3.1415,-0.0173, 0.9147, 4.6799, 0.2906, 1.4355,0
 0.2419, 0.0000, 23.1755, 3.1415,-0.0095, 1.1883, 4.6799, 0.2903, 1.4355,0
 0.2418, 0.0000, 23.1943, 3.1415,-0.0079, 1.7455, 4.6799, 0.3007, 1.4355,0
 0.2419, 0.0000, 23.2132, 3.1415, 0.0044, 1.8569, 4.6799, 0.2936, 1.4355,0
 0.2419, 0.0000, 23.2352, 3.1415, 0.0008, 2.1307, 4.6799, 0.2940, 1.4355,0
 0.2419, 0.0000, 23.2603, 3.1415, 0.0001, 2.4367, 4.6799, 0.2964, 1.4355,0
 0.2420, 0.0000, 23.2886, 3.1415, 0.0060, 2.7493, 4.6799, 0.2996, 1.4355,0
 0.2420, 0.0000, 23.3200, 3.1415, 0.0012, 3.0631, 4.6799, 0.3033, 1.4355,0
 0.2420, 0.0000, 23.3514, 3.1415, 0.0002, 3.1259, 4.6799, 0.2868, 1.4355,0
 0.2419, 0.0000, 23.3891, 3.1415,-0.0060, 3.6410, 4.6799, 0.3090, 1.4355,0
 0.2418, 0.0000, 23.4299, 3.1415,-0.0072, 3.9954, 4.6799, 0.3179, 1.4355,0
 0.2418, 0.0000, 23.4708, 3.1415,-0.0014, 4.0664, 4.6799, 0.2968, 1.4355,0
 0.2417, 0.0000, 23.5179, 3.1415,-0.0124, 4.5831, 4.6799, 0.3256, 1.4355,0
 0.2415, 0.0000, 23.5650, 3.1415,-0.0146, 4.6864,-4.6799, 0.3052, 1.4355,0
 0.2413, 0.0000, 23.6184, 3.1415,-0.0211, 5.2099,-4.6799, 0.3394, 1.4355,0
 0.2409, 0.0000, 23.6719, 3.1415,-0.0345, 5.3145,-4.6799, 0.3166, 1.4355,0
 0.2404, 0.0000, 23.7315, 3.1415,-0.0432, 5.8381,-4.6799, 0.3559, 1.4355,0
 0.2398, 0.0000, 23.7912, 3.1415,-0.0571, 5.9427,-4.6799, 0.3311, 1.4355,0
 0.2391, 0.0000, 23.8572, 3.1415,-0.0720, 6.4665,-4.6799, 0.3764, 1.4355,0
 0.2381, 0.0000, 23.9232, 3.1415,-0.0932, 6.5711,-4.6799, 0.3506, 1.4355,0
 0.2370, 0.0000, 23.9923, 3.1415,-0.1095, 6.8434,-4.6799, 0.3560, 1.4355,0
 0.2356, 0.0000, 24.0677, 3.1415,-0.1310, 7.4006,-4.6799, 0.4188, 1.4355,0
 0.2341, 0.0000, 24.1431, 3.1415,-0.1474, 7.5119,-4.6799, 0.3957, 1.4355,0
 0.2323, 0.0000, 24.2216, 3.1415,-0.1750, 7.7854,-4.6799, 0.4084, 1.4355,0
 0.2303, 0.0000, 24.3033, 3.1415,-0.1926, 8.0916,-4.6799, 0.4317, 1.4355,0
 0.2280, 0.0000, 24.3850, 3.1415,-0.2204, 8.1527,-4.6799, 0.4040, 1.4355,0
 0.2255, 0.0000, 24.4730, 3.1415,-0.2441, 8.6677,-4.6799, 0.4844, 1.4355,0
 0.2228, 0.0000, 24.5609, 3.1415,-0.2671, 8.7707,-4.6799, 0.4730, 1.4355,0
 0.2198, 0.0000, 24.6520, 3.1415,-0.2898, 9.0426,-4.6799, 0.5080, 1.4355,0
 0.2166, 0.0000, 24.7463, 3.1415,-0.3126, 9.3483,-4.6799, 0.5583, 1.4355,0
 0.2135, 0.0000, 24.8374, 3.1415,-0.3171, 9.1581,-4.6799, 0.4872, 1.4355,0
 0.2101, 0.0000, 24.9316, 3.1415,-0.3302, 9.3714,-4.6799, 0.5259, 1.4355,0
 0.2068, 0.0000, 25.0290, 3.1415,-0.3328, 9.6654,-4.6799, 0.5936, 1.4355,0
 0.2036, 0.0000, 25.1233, 3.1415,-0.3212, 9.4729,-4.6799, 0.5382, 1.4355,0
 0.2004, 0.0000, 25.2175, 3.1415,-0.3189, 9.4342,-4.6799, 0.5305, 1.4355,0
 0.1975, 0.0000, 25.3118, 3.1415,-0.3002, 9.4268,-4.6799, 0.5375, 1.4355,0
 0.1947, 0.0000, 25.4029, 3.1415,-0.2843, 9.1737,-4.6799, 0.4861, 1.4355,0
 0.1922, 0.0000, 25.4940, 3.1415,-0.2509, 9.1232,-4.6799, 0.4935, 1.4355,0
 0.1900, 0.0000, 25.5819, 3.1415,-0.2260, 8.8618,-4.6799, 0.4526, 1.4355,0
 0.1882, 0.0000, 25.6668, 3.1415,-0.1907, 8.5582,-4.6799, 0.4073, 1.4355,0
 0.1867, 0.0000, 25.7516, 3.1415,-0.1594, 8.4973,-4.6799, 0.4259, 1.4355,0
 0.1856, 0.0000, 25.8301, 3.1415,-0.1228, 7.9827,-4.6799, 0.3417, 1.4355,0
 0.1847, 0.0000, 25.9087, 3.1415,-0.0912, 7.8796,-4.6799, 0.3567, 1.4355,0
 0.1843, 0.0000, 25.9809, 3.1415,-0.0546, 7.3564,-4.6799, 0.2827, 1.4355,0
 0.1841, 0.0000, 26.0532, 3.1415,-0.0230, 7.2519,-4.6799, 0.3015, 1.4355,0
 0.1843, 0.0000, 26.1223, 3.1415, 0.0075, 6.9795,-4.6799, 0.2877, 1.4355,0
 0.1846, 0.0000, 26.1851, 3.1415, 0.0257, 6.4224,-4.6799, 0.2216, 1.4355,0
 0.1852, 0.0000, 26.2480, 3.1415, 0.0536, 6.3110,-4.6799, 0.2416, 1.4355,0
 0.1859, 0.0000, 26.3076, 3.1415, 0.0653, 6.0374,-4.6799, 0.2334, 1.4355,0
 0.1867, 0.0000, 26.3642, 3.1415, 0.0797, 5.7314,-4.6799, 0.2208, 1.4355,0
 0.1876, 0.0000, 26.4176, 3.1415, 0.0887, 5.4188,-4.6799, 0.2085, 1.4355,0
 0.1886, 0.0000, 26.4679, 3.1415, 0.0965, 5.1050,-4.6799, 0.1972, 1.4355,0
 0.1897, 0.0000, 26.5150, 3.1415, 0.1102, 4.7906,-4.6799, 0.1867, 1.4355,0
 0.1909, 0.0000, 26.5590, 3.1415, 0.1130, 4.4766,-4.6799, 0.1771, 1.4355,0
 0.1921, 0.0000, 26.5998, 3.1415, 0.1196, 4.1626,-4.6799, 0.1682, 1.4355,0
 0.1933, 0.0000, 26.6407, 3.1415, 0.1209, 4.0997,-4.6799, 0.1902, 1.4355,0
 0.1946, 0.0000, 26.6752, 3.1415, 0.1272, 3.5846,-4.6799, 0.1595, 1.4355,0
 0.1959, 0.0000, 26.7066, 3.1415, 0.1345, 3.2300,-4.6799, 0.1483, 1.4355,0
 0.1972, 0.0000, 26.7349, 3.1415, 0.1299, 2.9081, 4.6799, 0.1409, 1.4355,0
 0.1984, 0.0000, 26.7632, 3.1415, 0.1230, 2.8435, 4.6799, 0.1560, 1.4355,0
 0.1997, 0.0000, 26.7852, 3.1415, 0.1216, 2.3279, 4.6799, 0.1344, 1.4355,0
 0.2008, 0.0000, 26.8072, 3.1415, 0.1152, 2.2249, 4.6799, 0.1436, 1.4355,0
 0.2018, 0.0000, 26.8229, 3.1415, 0.1018, 1.7016, 4.6799, 0.1260, 1.4355,0
 0.2028, 0.0000, 26.8386, 3.1415, 0.0992, 1.5969, 4.6799, 0.1324, 1.4355,0
 0.2038, 0.0000, 26.8480, 3.1415, 0.0986, 1.0731, 4.6799, 0.1195, 1.4355,0
 0.2046, 0.0000, 26.8574, 3.1415, 0.0864, 0.9687, 4.6799, 0.1232, 1.4355,0
 0.2053, 0.0000, 26.8606, 3.1415, 0.0779, 0.4452, 4.6799, 0.1151, 1.4355,0
 0.2060, 0.0000, 26.8637, 3.1415, 0.0640, 0.3402, 0.5530, 0.1161, 1.4355,0
 0.2066, 0.0000, 26.8637, 3.1415, 0.0613, 0.0680,-4.6799, 0.1146, 1.4355,0
 0.2070, 0.0000, 26.8606, 3.1415, 0.0486,-0.2375,-4.6799, 0.1131, 1.4355,0
 0.2073, 0.0000, 26.8511, 3.1415, 0.0339,-0.8015,-4.6799, 0.1146, 1.4355,0
 0.2075, 0.0000, 26.8417, 3.1415, 0.0249,-0.9142,-4.6799, 0.1106, 1.4355,0
 0.2077, 0.0000, 26.8292, 3.1415, 0.0171,-1.1881,-4.6799, 0.1097, 1.4355,0
 0.2077, 0.0000, 26.8134, 3.1415, 0.0034,-1.4943,-4.6799, 0.1100, 1.4355,0
 0.2077, 0.0000, 26.7946, 3.1415, 0.0006,-1.8067,-4.6799, 0.1110, 1.4355,0
 0.2076, 0.0000, 26.7726, 3.1415,-0.0059,-2.1206,-4.6799, 0.1125, 1.4355,0
 0.2076, 0.0000, 26.7475, 3.1415,-0.0011,-2.4347,-4.6799, 0.1145, 1.4355,0
 0.2075, 0.0000, 26.7192, 3.1415,-0.0063,-2.7489,-4.6799, 0.1170, 1.4355,0
 0.2075, 0.0000, 26.6909, 3.1415,-0.0012,-2.8115,-4.6799, 0.1016, 1.4355,0
 0.2075, 0.0000, 26.6564, 3.1415,-0.0002,-3.3270, 4.6799, 0.1211, 1.4355,0
 0.2076, 0.0000, 26.6187, 3.1415, 0.0060,-3.6814, 4.6799, 0.1289, 1.4355,0
 0.2076, 0.0000, 26.5778, 3.1415, 0.0012,-4.0033, 4.6799, 0.1343, 1.4355,0
 0.2076, 0.0000, 26.5370, 3.1415, 0.0002,-4.0680, 4.6799, 0.1126, 1.4355,0
 0.2077, 0.0000, 26.4899, 3.1415, 0.0061,-4.5834, 4.6799, 0.1418, 1.4355,0
 0.2078, 0.0000, 26.4427, 3.1415, 0.0133,-4.6866, 4.6799, 0.1223, 1.4355,0
 0.2081, 0.0000, 26.3893, 3.1415, 0.0208,-5.2099, 4.6799, 0.1581, 1.4355,0
 0.2085, 0.0000, 26.3359, 3.1415, 0.0344,-5.3142, 4.6799, 0.1373, 1.4355,0
 0.2090, 0.0000, 26.2762, 3.1415, 0.0493,-5.8380, 4.6799, 0.1796, 1.4355,0
 0.2096, 0.0000, 26.2165, 3.1415, 0.0583,-5.9428, 4.6799, 0.1584, 1.4355,0
