 0.0000, 0.0000, 0.0000, 3.1415, 0.0000, 0.0000, 0.0000, 0.0000,-0.7180,0
 0.0000, 0.0000, 0.0000, 3.1415, 0.0000, 0.0000, 0.0000, 0.0000,-0.7180,0
 0.0000, 0.0000, 0.0000, 3.1415, 0.0000, 0.0000, 0.0000, 0.0000,-0.7180,0
 0.0000, 0.0000, 0.0000, 3.1415, 0.0000, 0.0000, 0.0000, 0.0000,-0.7180,0
 0.0000, 0.0000, 0.0000, 3.1415, 0.0000, 0.0000, 0.0000, 0.0000,-0.7180,0
 0.0000, 0.0000, 0.0000, 3.1415, 0.0000, 0.0000, 0.0000, 0.0000,-0.7180,0
 0.0000, 0.0000, 0.0000, 3.1415, 0.0000, 0.0000, 0.0000, 0.0000,-0.7180,0
 0.0000, 0.0000, 0.0000, 3.1415, 0.0000, 0.0000, 0.0000, 0.0000,-0.7180,0
 0.0000, 0.0000, 0.0000, 3.1415, 0.0000, 0.0000, 0.0000, 0.0000,-0.7180,0
 0.0000, 0.0000, 0.0000, 3.1415, 0.0000, 0.0000, 0.0000, 0.0000,-0.7180,0
 0.0000, 0.0000, 0.0000, 3.1415, 0.0000, 0.0000, 0.0000, 0.0000,-0.7180,0
 0.0000, 0.0000, 0.0000, 3.1415, 0.0000, 0.0000, 0.0000, 0.0000,-0.7180,0
 0.0000, 0.0000, 0.0000, 3.1415, 0.0000, 0.0000, 0.0000, 0.0000,-0.7180,0
 0.0000, 0.0000, 0.0000, 3.1415, 0.0000, 0.0000, 0.0000, 0.0000,-0.7180,0
 0.0000, 0.0000, 0.0000, 3.1415, 0.0000, 0.0000, 0.0000, 0.0000,-0.7180,0
 0.0000, 0.0000, 0.0000, 3.1415, 0.0000, 0.0000, 0.0000, 0.0000,-0.7180,0
 0.0000, 0.0000, 0.0000, 3.1415, 0.0000, 0.0000, 0.0000, 0.0000,-0.7180,0
 0.0000, 0.0000, 0.0000, 3.1415, 0.0000, 0.0000, 0.0000, 0.0000,-0.7180,0
 0.0000, 0.0000, 0.0000, 3.1415, 0.0000, 0.0000, 0.0000, 0.0000,-0.7180,0
 0.0000, 0.0000, 0.0000, 3.1415, 0.0000, 0.0000, 0.0000, 0.0000,-0.7180,0
 0.0000, 0.0000, 0.0000, 3.1415, 0.0000, 0.0000, 0.0000, 0.0000,-0.7180,0
 0.0000, 0.0000, 0.0000, 3.1415, 0.0000, 0.0000, 0.0000, 0.0000,-0.7180,0
 0.0000, 0.0000, 0.0000, 3.1415, 0.0000, 0.0000, 0.0000, 0.0000,-0.7180,0
 0.0000, 0.0000, 0.0000, 3.1415, 0.0000, 0.0000, 0.0000, 0.0000,-0.7180,0
 0.0000, 0.0000, 0.0000, 3.1415, 0.0000, 0.0000, 0.0000, 0.0000,-0.7180,0
 0.0000, 0.0000, 0.0000, 3.1415, 0.0000, 0.0000, 0.0000, 0.0000,-0.7180,0
 0.0000, 0.0000, 0.0000, 3.1415, 0.0000, 0.0000, 0.0000, 0.0000,-0.7180,0
 0.0000, 0.0000, 0.0000, 3.1415, 0.0000, 0.0000, 0.0000, 0.0000,-0.7180,0
 0.0000, 0.0000, 0.0000, 3.1415, 0.0000, 0.0000, 0.0000, 0.0000,-0.7180,0
 0.0000, 0.0000, 0.0000, 3.1415, 0.0000, 0.0000, 0.0000, 0.0000,-0.7180,0
 0.0000, 0.0000, 0.0000, 3.1415, 0.0000, 0.0000, 0.0000, 0.0000,-0.7180,0
 0.0000, 0.0000, 0.0000, 3.1415, 0.0000, 0.0000, 0.0000, 0.0000,-0.7180,0
 0.0000, 0.0000, 0.0000, 3.1415, 0.0000, 0.0000, 0.0000, 0.0000,-0.7180,0
 0.0000, 0.0000, 0.0000, 3.1415, 0.0000, 0.0000, 0.0000, 0.0000,-0.7180,0
 0.0000, 0.0000, 0.0000, 3.1415, 0.0000, 0.0000, 0.0000, 0.0000,-0.7180,0
 0.0000, 0.0000, 0.0000, 3.1415, 0.0000, 0.0000, 0.0000, 0.0000,-0.7180,0
 0.0000, 0.0000, 0.0000, 3.1415, 0.0000, 0.0000, 0.0000, 0.0000,-0.7180,0
 0.0000, 0.0000, 0.0000, 3.1415, 0.0000, 0.0000, 0.0000, 0.0000,-0.7180,0
 0.0000, 0.0000, 0.0000, 3.1415, 0.0000, 0.0000, 0.0000, 0.0000,-0.7180,0
 0.0000, 0.0000, 0.0000, 3.1415, 0.0000, 0.0000, 0.0000, 0.0000,-0.7180,0
 0.0000, 0.0000, 0.0000, 3.1415, 0.0000, 0.0000, 0.0000, 0.0000,-0.7180,0
 0.0000, 0.0000, 0.0000, 3.1415, 0.0000, 0.0000, 0.0000, 0.0000,-0.7180,0
 0.0000, 0.0000, 0.0000, 3.1415, 0.0000, 0.0000, 0.0000, 0.0000,-0.7180,0
 0.0000, 0.0000, 0.0000, 3.1415, 0.0000, 0.0000, 0.0000, 0.0000,-0.7180,0
 0.0000, 0.0000, 0.0000, 3.1415, 0.0000, 0.0000, 0.0000, 0.0000,-0.7180,0
 0.0000, 0.0000, 0.0000, 3.1415, 0.0000, 0.0000, 0.0000, 0.0000,-0.7180,0
 0.0000, 0.0000, 0.0000, 3.1415, 0.0000, 0.0000, 0.0000, 0.0000,-0.7180,0
 0.0000, 0.0000, 0.0000, 3.1415, 0.0000, 0.0000, 0.0000, 0.0000,-0.7180,0
 0.0000, 0.0000, 0.0000, 3.1415, 0.0000, 0.0000, 0.0000, 0.0000,-0.7180,0
 0.0000, 0.0000, 0.0000, 3.1415, 0.0000, 0.0000, 0.0000, 0.0000,-0.7180,0
 0.0000, 0.0000, 0.0000, 3.1415, 0.0000, 0.0000, 0.0000, 0.0000,-0.7180,0
 0.0000, 0.0000, 0.0000, 3.1415, 0.0000, 0.0000, 0.0000, 0.0000,-0.7180,0
 0.0000, 0.0000, 0.0000, 3.1415, 0.0000, 0.0000, 0.0000, 0.0000,-0.7180,0
 0.0000, 0.0000, 0.0000, 3.1415, 0.0000, 0.0000, 0.0000, 0.0000,-0.7180,0
 0.0000, 0.0000, 0.0000, 3.1415, 0.0000, 0.0000, 0.0000, 0.0000,-0.7180,0
 0.0000, 0.0000, 0.0000, 3.1415, 0.0000, 0.0000, 0.0000, 0.0000,-0.7180,0
 0.0000, 0.0000, 0.0000, 3.1415, 0.0000, 0.0000, 0.0000, 0.0000,-0.7180,0
 0.0000, 0.0000, 0.0000, 3.1415, 0.0000, 0.0000, 0.0000, 0.0000,-0.7180,0
 0.0000, 0.0000, 0.0000, 3.1415, 0.0000, 0.0000, 0.0000, 0.0000,-0.7180,0
 0.0000, 0.0000, 0.0000, 3.1415, 0.0000, 0.0000, 0.0000, 0.0000,-0.7180,0
 0.0000, 0.0000, 0.0000, 3.1415, 0.0000, 0.0000, 0.0000, 0.0000,-0.7180,0
 0.0000, 0.0000, 0.0000, 3.1415, 0.0000, 0.0000, 0.0000, 0.0000,-0.7180,0
 0.0000, 0.0000, 0.0000, 3.1415, 0.0000, 0.0000, 0.0000, 0.0000,-0.7180,0
 0.0000, 0.0000, 0.0000, 3.1415, 0.0000, 0.0000, 0.0000, 0.0000,-0.7180,0
 0.0000, 0.0000, 0.0000, 3.1415, 0.0000, 0.0000, 0.0000, 0.0000,-0.7180,0
 0.0000, 0.0000, 0.0000, 3.1415, 0.0000, 0.0000, 0.0000, 0.0000,-0.7180,0
 0.0000, 0.0000, 0.0000, 3.1415, 0.0000, 0.0000, 0.0000, 0.0000,-0.7180,0
 0.0000, 0.0000, 0.0000, 3.1415, 0.0000, 0.0000, 0.0000, 0.0000,-0.7180,0
 0.0000, 0.0000, 0.0000, 3.1415, 0.0000, 0.0000, 0.0000, 0.0000,-0.7180,0
 0.0000, 0.0000, 0.0000, 3.1415, 0.0000, 0.0000, 0.0000, 0.0000,-0.7180,0
 0.0000, 0.0000, 0.0000, 3.1415, 0.0000, 0.0000, 0.0000, 0.0000,-0.7180,0
 0.0000, 0.0000, 0.0000, 3.1415, 0.0000, 0.0000, 0.0000, 0.0000,-0.7180,0
 0.0000, 0.0000, 0.0000, 3.1415, 0.0000, 0.0000, 0.0000, 0.0000,-0.7180,0
 0.0000, 0.0000, 0.0000, 3.1415, 0.0000, 0.0000, 0.0000, 0.0000,-0.7180,0
 0.0000, 0.0000, 0.0000, 3.1415, 0.0000, 0.0000, 0.0000, 0.0000,-0.7180,0
 0.0000, 0.0000, 0.0000, 3.1415, 0.0000, 0.0000, 0.0000, 0.0000,-0.7180,0
 0.0000, 0.0000, 0.0000, 3.1415, 0.0000, 0.0000, 0.0000, 0.0000,-0.7180,0
 0.0000, 0.0000, 0.0000, 3.1415, 0.0000, 0.0000, 0.0000, 0.0000,-0.7180,0
 0.0000, 0.0000, 0.0000, 3.1415, 0.0000, 0.0000, 0.0000, 0.0000,-0.7180,0
 0.0000, 0.0000, 0.0000, 3.1415, 0.0000, 0.0000, 0.0000, 0.0000,-0.7180,0
 0.0000, 0.0000, 0.0000, 3.1415, 0.0000, 0.0000, 0.0000, 0.0000,-0.7180,0
 0.0000, 0.0000, 0.0000, 3.1415, 0.0000, 0.0000, 0.0000, 0.0000,-0.7180,0
 0.0000, 0.0000, 0.0000, 3.1415, 0.0000, 0.0000, 0.0000, 0.0000,-0.7180,0
 0.0000, 0.0000, 0.0000, 3.1415, 0.0000, 0.0000, 0.0000, 0.0000,-0.7180,0
 0.0000, 0.0000, 0.0000, 3.1415, 0.0000, 0.0000, 0.0000, 0.0000,-0.7180,0
 0.0000, 0.0000, 0.0000, 3.1415, 0.0000, 0.0000, 0.0000, 0.0000,-0.7180,0
 0.0000, 0.0000, 0.0000, 3.1415, 0.0000, 0.0000, 0.0000, 0.0000,-0.7180,0
 0.0000, 0.0000, 0.0000, 3.1415, 0.0000, 0.0000, 0.0000, 0.0000,-0.7180,0
 0.0000, 0.0000, 0.0000, 3.1415, 0.0000, 0.0000, 0.0000, 0.0000,-0.7180,0
 0.0000, 0.0000, 0.0000, 3.1415, 0.0000, 0.0000, 0.0000, 0.0000,-0.7180,0
 0.0000, 0.0000, 0.0000, 3.1415, 0.0000, 0.0000, 0.0000, 0.0000,-0.7180,0
 0.0000, 0.0000, 0.0000, 3.1415, 0.0000, 0.0000, 0.0000, 0.0000,-0.7180,0
 0.0000, 0.0000, 0.0000, 3.1415, 0.0000, 0.0000, 0.0000, 0.0000,-0.7180,0
 0.0000, 0.0000, 0.0000, 3.1415, 0.0000, 0.0000, 0.0000, 0.0000,-0.7180,0
 0.0000, 0.0000, 0.0000, 3.1415, 0.0000, 0.0000, 0.0000, 0.0000,-0.7180,0
 0.0000, 0.0000, 0.0000, 3.1415, 0.0000, 0.0000, 0.0000, 0.0000,-0.7180,0
 0.0000, 0.0000, 0.0000, 3.1415, 0.0000, 0.0000, 0.0000, 0.0000,-0.7180,0
 0.0000, 0.0000, 0.0000, 3.1415, 0.0000, 0.0000, 0.0000, 0.0000,-0.7180,0
 0.0000, 0.0000, 0.0000, 3.1415, 0.0000, 0.0000, 0.0000, 0.0000,-0.7180,0
 0.0000, 0.0000, 0.0000, 3.1415, 0.0000, 0.0000, 0.0000, 0.0000,-0.7180,0
 0.0000, 0.0000, 0.0000, 3.1415, 0.0000, 0.0000, 0.0000, 0.0000,-0.7180,0
 0.0000, 0.0000, 0.0000, 3.1415, 0.0000, 0.0000, 0.0000, 0.0000,-0.7180,0
 0.0000, 0.0000, 0.0000, 3.1415, 0.0000, 0.0000, 0.0000, 0.0000,-0.7180,0
 0.0000, 0.0000, 0.0000, 3.1415, 0.0000, 0.0000, 0.0000, 0.0000,-0.7180,0
 0.0000, 0.0000, 0.0000, 3.1415, 0.0000, 0.0000, 0.0000, 0.0000,-0.7180,0
 0.0000, 0.0000, 0.0000, 3.1415, 0.0000, 0.0000, 0.0000, 0.0000,-0.7180,0
 0.0000, 0.0000, 0.0000, 3.1415, 0.0000, 0.0000, 0.0000, 0.0000,-0.7180,0
 0.0000, 0.0000, 0.0000, 3.1415, 0.0000, 0.0000, 0.0000, 0.0000,-0.7180,0
 0.0000, 0.0000, 0.0000, 3.1415, 0.0000, 0.0000, 0.0000, 0.0000,-0.7180,0
 0.0000, 0.0000, 0.0000, 3.1415, 0.0000, 0.0000, 0.0000, 0.0000,-0.7180,0
 0.0000, 0.0000, 0.0000, 3.1415, 0.0000, 0.0000, 0.0000, 0.0000,-0.7180,0
 0.0000, 0.0000, 0.0000, 3.1415, 0.0000, 0.0000, 0.0000, 0.0000,-0.7180,0
 0.0000, 0.0000, 0.0000, 3.1415, 0.0000, 0.0000, 0.0000, 0.0000,-0.7180,0
 0.0000, 0.0000, 0.0000, 3.1415, 0.0000, 0.0000, 0.0000, 0.0000,-0.7180,0
 0.0000, 0.0000, 0.0000, 3.1415, 0.0000, 0.0000, 0.0000, 0.0000,-0.7180,0
 0.0000, 0.0000, 0.0000, 3.1415, 0.0000, 0.0000, 0.0000, 0.0000,-0.7180,0
 0.0000, 0.0000, 0.0000, 3.1415, 0.0000, 0.0000, 0.0000, 0.0000,-0.7180,0
 0.0000, 0.0000, 0.0000, 3.1415, 0.0000, 0.0000, 0.0000, 0.0000,-0.7180,0
 0.0000, 0.0000, 0.0000, 3.1415, 0.0000, 0.0000, 0.0000, 0.0000,-0.7180,0
 0.0000, 0.0000, 0.0000, 3.1415, 0.0000, 0.0000, 0.0000, 0.0000,-0.7180,0
 0.0000, 0.0000, 0.0000, 3.1415, 0.0000, 0.0000, 0.0000, 0.0000,-0.7180,0
 0.0000, 0.0000, 0.0000, 3.1415, 0.0000, 0.0000, 0.0000, 0.0000,-0.7180,0
 0.0000, 0.0000, 0.0000, 3.1415, 0.0000, 0.0000, 0.0000, 0.0000,-0.7180,0
 0.0000, 0.0000, 0.0000, 3.1415, 0.0000, 0.0000, 0.0000, 0.0000,-0.7180,0
 0.0000, 0.0000, 0.0000, 3.1415, 0.0000, 0.0000, 0.0000, 0.0000,-0.7180,0
 0.0000, 0.0000, 0.0000, 3.1415, 0.0000, 0.0000, 0.0000, 0.0000,-0.7180,0
 0.0000, 0.0000, 0.0000, 3.1415, 0.0000, 0.0000, 0.0000, 0.0000,-0.7180,0
 0.0000, 0.0000, 0.0000, 3.1415, 0.0000, 0.0000, 0.0000, 0.0000,-0.7180,0
 0.0000, 0.0000, 0.0000, 3.1415, 0.0000, 0.0000, 0.0000, 0.0000,-0.7180,0
 0.0000, 0.0000, 0.0000, 3.1415, 0.0000, 0.0000, 0.0000, 0.0000,-0.7180,0
 0.0000, 0.0000, 0.0000, 3.1415, 0.0000, 0.0000, 0.0000, 0.0000,-0.7180,0
 0.0000, 0.0000, 0.0000, 3.1415, 0.0000, 0.0000, 0.0000, 0.0000,-0.7180,0
 0.0000, 0.0000, 0.0000, 3.1415, 0.0000, 0.0000, 0.0000, 0.0000,-0.7180,0
 0.0000, 0.0000, 0.0000, 3.1415, 0.0000, 0.0000, 0.0000, 0.0000,-0.7180,0
 0.0000, 0.0000, 0.0000, 3.1415, 0.0000, 0.0000, 0.0000, 0.0000,-0.7180,0
 0.0000, 0.0000, 0.0000, 3.1415, 0.0000, 0.0000, 0.0000, 0.0000,-0.7180,0
 0.0000, 0.0000, 0.0000, 3.1415, 0.0000, 0.0000, 0.0000, 0.0000,-0.7180,0
 0.0000, 0.0000, 0.0000, 3.1415, 0.0000, 0.0000, 0.0000, 0.0000,-0.7180,0
 0.0000, 0.0000, 0.0000, 3.1415, 0.0000, 0.0000, 0.0000, 0.0000,-0.7180,0
 0.0000, 0.0000, 0.0000, 3.1415, 0.0000, 0.0000, 0.0000, 0.0000,-0.7180,0
 0.0000, 0.0000, 0.0000, 3.1415, 0.0000, 0.0000, 0.0000, 0.0000,-0.7180,0
 0.0000, 0.0000, 0.0000, 3.1415, 0.0000, 0.0000, 0.0000, 0.0000,-0.7180,0
 0.0000, 0.0000, 0.0000, 3.1415, 0.0000, 0.0000, 0.0000, 0.0000,-0.7180,0
 0.0000, 0.0000, 0.0000, 3.1415, 0.0000, 0.0000, 0.0000, 0.0000,-0.7180,0
 0.0000, 0.0000, 0.0000, 3.1415, 0.0000, 0.0000, 0.0000, 0.0000,-0.7180,0
 0.0000, 0.0000, 0.0000, 3.1415, 0.0000, 0.0000, 0.0000, 0.0000,-0.7180,0
 0.0000, 0.0000, 0.0000, 3.1415, 0.0000, 0.0000, 0.0000, 0.0000,-0.7180,0
 0.0000, 0.0000, 0.0000, 3.1415, 0.0000, 0.0000, 0.0000, 0.0000,-0.7180,0
 0.0000, 0.0000, 0.0000, 3.1415, 0.0000, 0.0000, 0.0000, 0.0000,-0.7180,0
 0.0000, 0.0000, 0.0000, 3.1415, 0.0000, 0.0000, 0.0000, 0.0000,-0.7180,0
 0.0000, 0.0000, 0.0000, 3.1415, 0.0000, 0.0000, 0.0000, 0.0000,-0.7180,0
 0.0000, 0.0000, 0.0000, 3.1415, 0.0000, 0.0000, 0.0000, 0.0000,-0.7180,0
 0.0000, 0.0000, 0.0000, 3.1415, 0.0000, 0.0000, 0.0000, 0.0000,-0.7180,0
 0.0000, 0.0000, 0.0000, 3.1415, 0.0000, 0.0000, 0.0000, 0.0000,-0.7180,0
 0.0000, 0.0000, 0.0000, 3.1415, 0.0000, 0.0000, 0.0000, 0.0000,-0.7180,0
 0.0000, 0.0000, 0.0000, 3.1415, 0.0000, 0.0000, 0.0000, 0.0000,-0.7180,0
 0.0000, 0.0000, 0.0000, 3.1415, 0.0000, 0.0000, 0.0000, 0.0000,-0.7180,0
 0.0000, 0.0000, 0.0000, 3.1415, 0.0000, 0.0000, 0.0000, 0.0000,-0.7180,0
 0.0000, 0.0000, 0.0000, 3.1415, 0.0000, 0.0000, 0.0000, 0.0000,-0.7180,0
 0.0000, 0.0000, 0.0000, 3.1415, 0.0000, 0.0000, 0.0000, 0.0000,-0.7180,0
 0.0000, 0.0000, 0.0000, 3.1415, 0.0000, 0.0000, 0.0000, 0.0000,-0.7180,0
 0.0000, 0.0000, 0.0000, 3.1415, 0.0000, 0.0000, 0.0000, 0.0000,-0.7180,0
 0.0000, 0.0000, 0.0000, 3.1415, 0.0000, 0.0000, 0.0000, 0.0000,-0.7180,0
 0.0000, 0.0000, 0.0000, 3.1415, 0.0000, 0.0000, 0.0000, 0.0000,-0.7180,0
 0.0000, 0.0000, 0.0000, 3.1415, 0.0000, 0.0000, 0.0000, 0.0000,-0.7180,0
 0.0000, 0.0000, 0.0000, 3.1415, 0.0000, 0.0000, 0.0000, 0.0000,-0.7180,0
 0.0000, 0.0000, 0.0000, 3.1415, 0.0000, 0.0000, 0.0000, 0.0000,-0.7180,0
 0.0000, 0.0000, 0.0000, 3.1415, 0.0000, 0.0000, 0.0000, 0.0000,-0.7180,0
 0.0000, 0.0000, 0.0000, 3.1415, 0.0000, 0.0000, 0.0000, 0.0000,-0.7180,0
 0.0000, 0.0000, 0.0000, 3.1415, 0.0000, 0.0000, 0.0000, 0.0000,-0.7180,0
 0.0000, 0.0000, 0.0000, 3.1415, 0.0000, 0.0000, 0.0000, 0.0000,-0.7180,0
 0.0000, 0.0000, 0.0000, 3.1415, 0.0000, 0.0000, 0.0000, 0.0000,-0.7180,0
 0.0000, 0.0000, 0.0000, 3.1415, 0.0000, 0.0000, 0.0000, 0.0000,-0.7180,0
 0.0000, 0.0000, 0.0000, 3.1415, 0.0000, 0.0000, 0.0000, 0.0000,-0.7180,0
 0.0000, 0.0000, 0.0000, 3.1415, 0.0000, 0.0000, 0.0000, 0.0000,-0.7180,0
 0.0000, 0.0000, 0.0000, 3.1415, 0.0000, 0.0000, 0.0000, 0.0000,-0.7180,0
 0.0000, 0.0000, 0.0000, 3.1415, 0.0000, 0.0000, 0.0000, 0.0000,-0.7180,0
 0.0000, 0.0000, 0.0000, 3.1415, 0.0000, 0.0000, 0.0000, 0.0000,-0.7180,0
 0.0000, 0.0000, 0.0000, 3.1415, 0.0000, 0.0000, 0.0000, 0.0000,-0.7180,0
 0.0000, 0.0000, 0.0000, 3.1415, 0.0000, 0.0000, 0.0000, 0.0000,-0.7180,0
 0.0000, 0.0000, 0.0000, 3.1415, 0.0000, 0.0000, 0.0000, 0.0000,-0.7180,0
 0.0000, 0.0000, 0.0000, 3.1415, 0.0000, 0.0000, 0.0000, 0.0000,-0.7180,0
 0.0000, 0.0000, 0.0000, 3.1415, 0.0000, 0.0000, 0.0000, 0.0000,-0.7180,0
 0.0000, 0.0000, 0.0000, 3.1415, 0.0000, 0.0000, 0.0000, 0.0000,-0.7180,0
 0.0000, 0.0000, 0.0000, 3.1415, 0.0000, 0.0000, 0.0000, 0.0000,-0.7180,0
 0.0000, 0.0000, 0.0000, 3.1415, 0.0000, 0.0000, 0.0000, 0.0000,-0.7180,0
 0.0000, 0.0000, 0.0000, 3.1415, 0.0000, 0.0000, 0.0000, 0.0000,-0.7180,0
 0.0000, 0.0000, 0.0000, 3.1415, 0.0000, 0.0000, 0.0000, 0.0000,-0.7180,0
 0.0000, 0.0000, 0.0000, 3.1415, 0.0000, 0.0000, 0.0000, 0.0000,-0.7180,0
 0.0000, 0.0000, 0.0000, 3.1415, 0.0000, 0.0000, 0.0000, 0.0000,-0.7180,0
 0.0000, 0.0000, 0.0000, 3.1415, 0.0000, 0.0000, 0.0000, 0.0000,-0.7180,0
 0.0000, 0.0000, 0.0000, 3.1415, 0.0000, 0.0000, 0.0000, 0.0000,-0.7180,0
 0.0000, 0.0000, 0.0000, 3.1415, 0.0000, 0.0000, 0.0000, 0.0000,-0.7180,0
 0.0000, 0.0000, 0.0000, 3.1415, 0.0000, 0.0000, 0.0000, 0.0000,-0.7180,0
 0.0000, 0.0000, 0.0000, 3.1415, 0.0000, 0.0000, 0.0000, 0.0000,-0.7180,0
 0.0000, 0.0000, 0.0000, 3.1415, 0.0000, 0.0000, 0.0000, 0.0000,-0.7180,0
 0.0000, 0.0000, 0.0000, 3.1415, 0.0000, 0.0000, 0.0000, 0.0000,-0.7180,0
 0.0000, 0.0000, 0.0000, 3.1415, 0.0000, 0.0000, 0.0000, 0.0000,-0.7180,0
 0.0000, 0.0000, 0.0000, 3.1415, 0.0000, 0.0000, 0.0000, 0.0000,-0.7180,0
 0.0000, 0.0000, 0.0000, 3.1415, 0.0060, 0.0000, 0.0000, 0.0000,-0.7180,0
 0.0000, 0.0000, 0.0000, 3.1415, 0.0012, 0.0000, 0.0000, 0.0000,-0.7180,0
 0.0000, 0.0000, 0.0000, 3.1415, 0.0002, 0.0000, 0.0000, 0.0000,-0.7180,0
 0.0000, 0.0000, 0.0000, 3.1415, 0.0000, 0.0000, 0.0000, 0.0000,-0.7180,0
 0.0001, 0.0000, 0.0000, 3.1415, 0.0060, 0.0000, 0.0000, 0.0000,-0.7180,0
 0.0001, 0.0000, 0.0000, 3.1415, 0.0012, 0.0000, 0.0000, 0.0000,-0.7180,0
 0.0002, 0.0000, 0.0000, 3.1415, 0.0063, 0.0000, 0.0000, 0.0000,-0.7180,0
 0.0003, 0.0000, 0.0000, 3.1415, 0.0073, 0.0000, 0.0000, 0.0000,-0.7180,0
 0.0004, 0.0000, 0.0000, 3.1415, 0.0135, 0.0000, 0.0000, 0.0000,-0.7180,0
 0.0006, 0.0000, 0.0000, 3.1415, 0.0148, 0.0000, 0.0000, 0.0000,-0.7180,0
 0.0007, 0.0000,-0.0031, 3.1415, 0.0150,-0.2513, 0.0000, 0.0000,-0.7180,0
 0.0009, 0.0000,-0.0031, 3.1415, 0.0212,-0.0502, 0.0000, 0.0000,-0.7180,0
 0.0012, 0.0000,-0.0031, 3.1415, 0.0224,-0.0100, 0.0000, 0.0000,-0.7180,0
 0.0015, 0.0000,-0.0031, 3.1415, 0.0287,-0.0020, 0.0000, 0.0000,-0.7180,0
 0.0018, 0.0000,-0.0062, 3.1415, 0.0300,-0.2517, 0.0000, 0.0000,-0.7180,0
 0.0021, 0.0000,-0.0062, 3.1415, 0.0363,-0.0503, 0.0000, 0.0000,-0.7180,0
 0.0025, 0.0000,-0.0062, 3.1415, 0.0315,-0.0100, 0.0000, 0.0000,-0.7180,0
 0.0028, 0.0000,-0.0094, 3.1415, 0.0366,-0.2533, 0.0000, 0.0000,-0.7180,0
 0.0031, 0.0000,-0.0094, 3.1415, 0.0315,-0.0506, 0.0000, 0.0000,-0.7180,0
 0.0035, 0.0000,-0.0094, 3.1415, 0.0366,-0.0101, 0.0000, 0.0000,-0.7180,0
 0.0039, 0.0000,-0.0094, 3.1415, 0.0376,-0.0020, 0.0000, 0.0000,-0.7180,0
 0.0043, 0.0000,-0.0125, 3.1415, 0.0378,-0.2517, 0.0000, 0.0000,-0.7180,0
 0.0046, 0.0000,-0.0125, 3.1415, 0.0378,-0.0503, 0.0000, 0.0000,-0.7180,0
 0.0050, 0.0000,-0.0125, 3.1415, 0.0318,-0.0100, 0.0000, 0.0000,-0.7180,0
 0.0053, 0.0000,-0.0125, 3.1415, 0.0306,-0.0020, 0.0000, 0.0000,-0.7180,0
 0.0055, 0.0000,-0.0157, 3.1415, 0.0243,-0.2517, 0.0000, 0.0000,-0.7180,0
 0.0057, 0.0000,-0.0157, 3.1415, 0.0230,-0.0503, 0.0000, 0.0000,-0.7180,0
 0.0059, 0.0000,-0.0157, 3.1415, 0.0167,-0.0100, 0.0000, 0.0000,-0.7180,0
 0.0059, 0.0000,-0.0157, 3.1415, 0.0094,-0.0020, 0.0000, 0.0000,-0.7180,0
 0.0059, 0.0000,-0.0125, 3.1415, 0.0018, 0.2509, 0.0000, 0.0000,-0.7180,0
 0.0059, 0.0000,-0.0125, 3.1415, 0.0003, 0.0501, 0.0000, 0.0000,-0.7180,0
 0.0059, 0.0000,-0.0125, 3.1415, 0.0000, 0.0100, 0.0000, 0.0000,-0.7180,0
 0.0059, 0.0000,-0.0125, 3.1415, 0.0000, 0.0020, 0.0000, 0.0000,-0.7180,0
 0.0059, 0.0000,-0.0094, 3.1415, 0.0000, 0.2517, 0.0000, 0.0000,-0.7180,0
 0.0059, 0.0000,-0.0094, 3.1415, 0.0000, 0.0503, 0.0000, 0.0000,-0.7180,0
 0.0059, 0.0000,-0.0094, 3.1415, 0.0000, 0.0100, 0.0000, 0.0000,-0.7180,0
 0.0059, 0.0000,-0.0094, 3.1415,-0.0060, 0.0020, 0.0000, 0.0000,-0.7180,0
 0.0059, 0.0000,-0.0062, 3.1415,-0.0012, 0.2517, 0.0000, 0.0000,-0.7180,0
 0.0059, 0.0000,-0.0062, 3.1415,-0.0002, 0.0503, 0.0000, 0.0000,-0.7180,0
 0.0059, 0.0000,-0.0062, 3.1415,-0.0000, 0.0100, 0.0000, 0.0000,-0.7180,0
 0.0059, 0.0000,-0.0062, 3.1415, 0.0060, 0.0020, 0.0000, 0.0000,-0.7180,0
 0.0059, 0.0000,-0.0031, 3.1415, 0.0012, 0.2517, 0.0000, 0.0000,-0.7180,0
 0.0059, 0.0000,-0.0031, 3.1415, 0.0002, 0.0503, 0.0000, 0.0000,-0.7180,0
 0.0059, 0.0000,-0.0031, 3.1415, 0.0000, 0.0100, 0.0000, 0.0000,-0.7180,0
 0.0059, 0.0000, 0.0000, 3.1415, 0.0000, 0.2533, 0.0000, 0.0000,-0.7180,0
 0.0059, 0.0000, 0.0000, 3.1415, 0.0000, 0.0506, 0.0000, 0.0000,-0.7180,0
 0.0059, 0.0000, 0.0000, 3.1415, 0.0000, 0.0101, 0.0000, 0.0000,-0.7180,0
 0.0059, 0.0000, 0.0031, 3.1415, 0.0000, 0.2533, 0.0000, 0.0000,-0.7180,0
 0.0059, 0.0000, 0.0031, 3.1415, 0.0000, 0.0506, 0.0000, 0.0000,-0.7180,0
 0.0059, 0.0000, 0.0031, 3.1415, 0.0000, 0.0101, 0.0000, 0.0000,-0.7180,0
 0.0059, 0.0000, 0.0031, 3.1415, 0.0000, 0.0020, 0.0000, 0.0000,-0.7180,0
 0.0059, 0.0000, 0.0062, 3.1415, 0.0000, 0.2517, 0.0000, 0.0000,-0.7180,0
 0.0059, 0.0000, 0.0062, 3.1415, 0.0000, 0.0503, 0.0000, 0.0000,-0.7180,0
 0.0059, 0.0000, 0.0062, 3.1415, 0.0000, 0.0100, 0.0000, 0.0000,-0.7180,0
 0.0059, 0.0000, 0.0094, 3.1415, 0.0000, 0.2533, 0.0000, 0.0000,-0.7180,0
 0.0059, 0.0000, 0.0094, 3.1415, 0.0000, 0.0506, 0.0000, 0.0000,-0.7180,0
 0.0059, 0.0000, 0.0094, 3.1415, 0.0000, 0.0101, 0.0000, 0.0000,-0.7180,0
 0.0059, 0.0000, 0.0094, 3.1415, 0.0000, 0.0020, 0.0000, 0.0000,-0.7180,0
 0.0059, 0.0000, 0.0125, 3.1415, 0.0000, 0.2517, 0.0000, 0.0000,-0.7180,0
 0.0059, 0.0000, 0.0125, 3.1415, 0.0000, 0.0503, 0.0000, 0.0000,-0.7180,0
 0.0059, 0.0000, 0.0125, 3.1415, 0.0000, 0.0100, 0.0000, 0.0000,-0.7180,0
 0.0059, 0.0000, 0.0125, 3.1415, 0.0000, 0.0020, 0.0000, 0.0000,-0.7180,0
 0.0059, 0.0000, 0.0125, 3.1415, 0.0000, 0.0004, 0.0000, 0.0000,-0.7180,0
 0.0059, 0.0000, 0.0157, 3.1415, 0.0000, 0.2514, 0.0000, 0.0000,-0.7180,0
 0.0059, 0.0000, 0.0157, 3.1415, 0.0000, 0.0502, 0.0000, 0.0000,-0.7180,0
 0.0059, 0.0000, 0.0157, 3.1415, 0.0000, 0.0100, 0.0000, 0.0000,-0.7180,0
 0.0059, 0.0000, 0.0157, 3.1415, 0.0000, 0.0020, 0.0000, 0.0000,-0.7180,0
 0.0059, 0.0000, 0.0157, 3.1415, 0.0000, 0.0004, 0.0000, 0.0000,-0.7180,0
 0.0059, 0.0000, 0.0157, 3.1415, 0.0000, 0.0000, 0.0000, 0.0000,-0.7180,0
 0.0059, 0.0000, 0.0157, 3.1415, 0.0000, 0.0000, 0.0000, 0.0000,-0.7180,0
 0.0059, 0.0000, 0.0157, 3.1415, 0.0000, 0.0000, 0.0000, 0.0000,-0.7180,0
 0.0059, 0.0000, 0.0188, 3.1415, 0.0000, 0.2513, 0.0000, 0.0000,-0.7180,0
 0.0059, 0.0000, 0.0188, 3.1415, 0.0000, 0.0502, 0.0000, 0.0000,-0.7180,0
 0.0059, 0.0000, 0.0188, 3.1415, 0.0000, 0.0100, 0.0000, 0.0000,-0.7180,0
 0.0059, 0.0000, 0.0188, 3.1415, 0.0000, 0.0020, 0.0000, 0.0000,-0.7180,0
 0.0059, 0.0000, 0.0188, 3.1415, 0.0000, 0.0004, 0.0000, 0.0000,-0.7180,0
 0.0059, 0.0000, 0.0188, 3.1415, 0.0000, 0.0000, 0.0000, 0.0000,-0.7180,0
 0.0059, 0.0000, 0.0188, 3.1415, 0.0000, 0.0000, 0.0000, 0.0000,-0.7180,0
 0.0059, 0.0000, 0.0188, 3.1415, 0.0000, 0.0000, 0.0000, 0.0000,-0.7180,0
 0.0059, 0.0000, 0.0157, 3.1415, 0.0000,-0.2513, 0.0000, 0.0000,-0.7180,0
 0.0059, 0.0000, 0.0157, 3.1415, 0.0000,-0.0502, 0.0000, 0.0000,-0.7180,0
 0.0059, 0.0000, 0.0157, 3.1415, 0.0000,-0.0100, 0.0000, 0.0000,-0.7180,0
 0.0059, 0.0000, 0.0157, 3.1415, 0.0000,-0.0020, 0.0000, 0.0000,-0.7180,0
 0.0059, 0.0000, 0.0157, 3.1415, 0.0000,-0.0004, 0.0000, 0.0000,-0.7180,0
 0.0059, 0.0000, 0.0157, 3.1415, 0.0000,-0.0000, 0.0000, 0.0000,-0.7180,0
 0.0059, 0.0000, 0.0157, 3.1415, 0.0000,-0.0000, 0.0000, 0.0000,-0.7180,0
 0.0059, 0.0000, 0.0125, 3.1415, 0.0000,-0.2513, 0.0000, 0.0000,-0.7180,0
 0.0059, 0.0000, 0.0125, 3.1415, 0.0000,-0.0502, 0.0000, 0.0000,-0.7180,0
 0.0059, 0.0000, 0.0125, 3.1415, 0.0000,-0.0100, 0.0000, 0.0000,-0.7180,0
 0.0059, 0.0000, 0.0125, 3.1415, 0.0000,-0.0020, 0.0000, 0.0000,-0.7180,0
 0.0059, 0.0000, 0.0125, 3.1415, 0.0000,-0.0004, 0.0000, 0.0000,-0.7180,0
 0.0059, 0.0000, 0.0094, 3.1415, 0.0000,-0.2514, 0.0000, 0.0000,-0.7180,0
 0.0059, 0.0000, 0.0094, 3.1415, 0.0000,-0.0502, 0.0000, 0.0000,-0.7180,0
 0.0059, 0.0000, 0.0094, 3.1415, 0.0000,-0.0100, 0.0000, 0.0000,-0.7180,0
 0.0059, 0.0000, 0.0094, 3.1415, 0.0000,-0.0020, 0.0000, 0.0000,-0.7180,0
 0.0059, 0.0000, 0.0062, 3.1415, 0.0000,-0.2517, 0.0000, 0.0000,-0.7180,0
 0.0059, 0.0000, 0.0062, 3.1415, 0.0000,-0.0503, 0.0000, 0.0000,-0.7180,0
 0.0059, 0.0000, 0.0062, 3.1415, 0.0000,-0.0100, 0.0000, 0.0000,-0.7180,0
 0.0059, 0.0000, 0.0031, 3.1415, 0.0000,-0.2533, 0.0000, 0.0000,-0.7180,0
 0.0059, 0.0000, 0.0031, 3.1415, 0.0000,-0.0506, 0.0000, 0.0000,-0.7180,0
 0.0059, 0.0000, 0.0031, 3.1415, 0.0000,-0.0101, 0.0000, 0.0000,-0.7180,0
 0.0059, 0.0000, 0.0000, 3.1415, 0.0000,-0.2533, 0.0000, 0.0000,-0.7180,0
 0.0059, 0.0000, 0.0000, 3.1415, 0.0000,-0.0506, 0.0000, 0.0000,-0.7180,0
 0.0059, 0.0000, 0.0000, 3.1415, 0.0000,-0.0101, 0.0000, 0.0000,-0.7180,0
 0.0059, 0.0000, 0.0000, 3.1415, 0.0000,-0.0020, 0.0000, 0.0000,-0.7180,0
 0.0059, 0.0000,-0.0031, 3.1415, 0.0000,-0.2517, 0.0000, 0.0000,-0.7180,0
 0.0059, 0.0000,-0.0031, 3.1415, 0.0000,-0.0503, 0.0000, 0.0000,-0.7180,0
 0.0059, 0.0000,-0.0031, 3.1415, 0.0000,-0.0100, 0.0000, 0.0000,-0.7180,0
 0.0059, 0.0000,-0.0062, 3.1415, 0.0000,-0.2533, 0.0000, 0.0000,-0.7180,0
 0.0059, 0.0000,-0.0062, 3.1415, 0.0000,-0.0506, 0.0000, 0.0000,-0.7180,0
 0.0059, 0.0000,-0.0062, 3.1415, 0.0000,-0.0101, 0.0000, 0.0000,-0.7180,0
 0.0059, 0.0000,-0.0062, 3.1415, 0.0000,-0.0020, 0.0000, 0.0000,-0.7180,0
 0.0059, 0.0000,-0.0094, 3.1415, 0.0000,-0.2517, 0.0000, 0.0000,-0.7180,0
 0.0059, 0.0000,-0.0094, 3.1415, 0.0000,-0.0503, 0.0000, 0.0000,-0.7180,0
 0.0059, 0.0000,-0.0094, 3.1415, 0.0000,-0.0100, 0.0000, 0.0000,-0.7180,0
 0.0059, 0.0000,-0.0094, 3.1415, 0.0000,-0.0020, 0.0000, 0.0000,-0.7180,0
 0.0059, 0.0000,-0.0125, 3.1415, 0.0000,-0.2517, 0.0000, 0.0000,-0.7180,0
 0.0059, 0.0000,-0.0125, 3.1415, 0.0000,-0.0503, 0.0000, 0.0000,-0.7180,0
 0.0059, 0.0000,-0.0125, 3.1415, 0.0000,-0.0100, 0.0000, 0.0000,-0.7180,0
 0.0059, 0.0000,-0.0125, 3.1415, 0.0000,-0.0020, 0.0000, 0.0000,-0.7180,0
 0.0059, 0.0000,-0.0125, 3.1415, 0.0000,-0.0004, 0.0000, 0.0000,-0.7180,0
 0.0059, 0.0000,-0.0157, 3.1415, 0.0000,-0.2514, 0.0000, 0.0000,-0.7180,0
 0.0059, 0.0000,-0.0157, 3.1415, 0.0000,-0.0502, 0.0000, 0.0000,-0.7180,0
 0.0059, 0.0000,-0.0157, 3.1415, 0.0000,-0.0100, 0.0000, 0.0000,-0.7180,0
 0.0059, 0.0000,-0.0157, 3.1415, 0.0000,-0.0020, 0.0000, 0.0000,-0.7180,0
 0.0059, 0.0000,-0.0157, 3.1415, 0.0000,-0.0004, 0.0000, 0.0000,-0.7180,0
 0.0059, 0.0000,-0.0157, 3.1415, 0.0000,-0.0000, 0.0000, 0.0000,-0.7180,0
 0.0059, 0.0000,-0.0157, 3.1415, 0.0000,-0.0000, 0.0000, 0.0000,-0.7180,0
 0.0059, 0.0000,-0.0157, 3.1415, 0.0000,-0.0000, 0.0000, 0.0000,-0.7180,0
 0.0059, 0.0000,-0.0157, 3.1415, 0.0000,-0.0000, 0.0000, 0.0000,-0.7180,0
 0.0059, 0.0000,-0.0157, 3.1415, 0.0000,-0.0000, 0.0000, 0.0000,-0.7180,0
 0.0059, 0.0000,-0.0157, 3.1415, 0.0000,-0.0000, 0.0000, 0.0000,-0.7180,0
 0.0059, 0.0000,-0.0157, 3.1415, 0.0000,-0.0000, 0.0000, 0.0000,-0.7180,0
 0.0059, 0.0000,-0.0157, 3.1415, 0.0000,-0.0000, 0.0000, 0.0000,-0.7180,0
 0.0059, 0.0000,-0.0157, 3.1415, 0.0000,-0.0000, 0.0000, 0.0000,-0.7180,0
 0.0059, 0.0000,-0.0157, 3.1415, 0.0000,-0.0000, 0.0000, 0.0000,-0.7180,0
 0.0059, 0.0000,-0.0157, 3.1415, 0.0000,-0.0000, 0.0000, 0.0000,-0.7180,0
 0.0059, 0.0000,-0.0157, 3.1415, 0.0000,-0.0000, 0.0000, 0.0000,-0.7180,0
 0.0059, 0.0000,-0.0157, 3.1415, 0.0000,-0.0000, 0.0000, 0.0000,-0.7180,0
 0.0059, 0.0000,-0.0157, 3.1415, 0.0000,-0.0000, 0.0000, 0.0000,-0.7180,0
 0.0059, 0.0000,-0.0157, 3.1415, 0.0000,-0.0000, 0.0000, 0.0000,-0.7180,0
 0.0059, 0.0000,-0.0157, 3.1415, 0.0000,-0.0000, 0.0000, 0.0000,-0.7180,0
 0.0059, 0.0000,-0.0125, 3.1415, 0.0000, 0.2513, 0.0000, 0.0000,-0.7180,0
 0.0059, 0.0000,-0.0125, 3.1415, 0.0000, 0.0502, 0.0000, 0.0000,-0.7180,0
 0.0059, 0.0000,-0.0125, 3.1415, 0.0000, 0.0100, 0.0000, 0.0000,-0.7180,0
 0.0059, 0.0000,-0.0125, 3.1415, 0.0000, 0.0020, 0.0000, 0.0000,-0.7180,0
 0.0059, 0.0000,-0.0125, 3.1415, 0.0000, 0.0004, 0.0000, 0.0000,-0.7180,0
 0.0059, 0.0000,-0.0094, 3.1415, 0.0000, 0.2514, 0.0000, 0.0000,-0.7180,0
 0.0059, 0.0000,-0.0094, 3.1415, 0.0000, 0.0502, 0.0000, 0.0000,-0.7180,0
 0.0059, 0.0000,-0.0094, 3.1415, 0.0000, 0.0100, 0.0000, 0.0000,-0.7180,0
 0.0059, 0.0000,-0.0094, 3.1415, 0.0000, 0.0020, 0.0000, 0.0000,-0.7180,0
 0.0059, 0.0000,-0.0062, 3.1415, 0.0000, 0.2517, 0.0000, 0.0000,-0.7180,0
 0.0059, 0.0000,-0.0062, 3.1415, 0.0000, 0.0503, 0.0000, 0.0000,-0.7180,0
 0.0059, 0.0000,-0.0062, 3.1415, 0.0000, 0.0100, 0.0000, 0.0000,-0.7180,0
 0.0059, 0.0000,-0.0062, 3.1415, 0.0000, 0.0020, 0.0000, 0.0000,-0.7180,0
 0.0059, 0.0000,-0.0031, 3.1415, 0.0000, 0.2517, 0.0000, 0.0000,-0.7180,0
 0.0059, 0.0000,-0.0031, 3.1415, 0.0000, 0.0503, 0.0000, 0.0000,-0.7180,0
 0.0059, 0.0000,-0.0031, 3.1415, 0.0000, 0.0100, 0.0000, 0.0000,-0.7180,0
 0.0059, 0.0000, 0.0000, 3.1415, 0.0000, 0.2533, 0.0000, 0.0000,-0.7180,0
 0.0059, 0.0000, 0.0000, 3.1415, 0.0000, 0.0506, 0.0000, 0.0000,-0.7180,0
 0.0059, 0.0000, 0.0000, 3.1415, 0.0000, 0.0101, 0.0000, 0.0000,-0.7180,0
 0.0059, 0.0000, 0.0000, 3.1415, 0.0000, 0.0020, 0.0000, 0.0000,-0.7180,0
 0.0059, 0.0000, 0.0031, 3.1415, 0.0000, 0.2517, 0.0000, 0.0000,-0.7180,0
 0.0059, 0.0000, 0.0031, 3.1415, 0.0000, 0.0503, 0.0000, 0.0000,-0.7180,0
 0.0059, 0.0000, 0.0031, 3.1415, 0.0000, 0.0100, 0.0000, 0.0000,-0.7180,0
 0.0059, 0.0000, 0.0062, 3.1415, 0.0000, 0.2533, 0.0000, 0.0000,-0.7180,0
 0.0059, 0.0000, 0.0062, 3.1415, 0.0000, 0.0506, 0.0000, 0.0000,-0.7180,0
 0.0059, 0.0000, 0.0062, 3.1415, 0.0000, 0.0101, 0.0000, 0.0000,-0.7180,0
 0.0059, 0.0000, 0.0094, 3.1415, 0.0000, 0.2533, 0.0000, 0.0000,-0.7180,0
 0.0059, 0.0000, 0.0094, 3.1415, 0.0000, 0.0506, 0.0000, 0.0000,-0.7180,0
 0.0059, 0.0000, 0.0094, 3.1415, 0.0000, 0.0101, 0.0000, 0.0000,-0.7180,0
 0.0059, 0.0000, 0.0094, 3.1415, 0.0000, 0.0020, 0.0000, 0.0000,-0.7180,0
 0.0059, 0.0000, 0.0094, 3.1415, 0.0000, 0.0004, 0.0000, 0.0000,-0.7180,0
 0.0059, 0.0000, 0.0125, 3.1415, 0.0000, 0.2514, 0.0000, 0.0000,-0.7180,0
 0.0059, 0.0000, 0.0125, 3.1415, 0.0000, 0.0502, 0.0000, 0.0000,-0.7180,0
 0.0059, 0.0000, 0.0125, 3.1415, 0.0000, 0.0100, 0.0000, 0.0000,-0.7180,0
 0.0059, 0.0000, 0.0125, 3.1415, 0.0000, 0.0020, 0.0000, 0.0000,-0.7180,0
 0.0059, 0.0000, 0.0125, 3.1415, 0.0000, 0.0004, 0.0000, 0.0000,-0.7180,0
 0.0059, 0.0000, 0.0157, 3.1415, 0.0000, 0.2514, 0.0000, 0.0000,-0.7180,0
 0.0059, 0.0000, 0.0157, 3.1415, 0.0000, 0.0502, 0.0000, 0.0000,-0.7180,0
 0.0059, 0.0000, 0.0157, 3.1415, 0.0000, 0.0100, 0.0000, 0.0000,-0.7180,0
 0.0059, 0.0000, 0.0157, 3.1415, 0.0000, 0.0020, 0.0000, 0.0000,-0.7180,0
 0.0059, 0.0000, 0.0157, 3.1415, 0.0000, 0.0004, 0.0000, 0.0000,-0.7180,0
 0.0059, 0.0000, 0.0157, 3.1415, 0.0000, 0.0000, 0.0000, 0.0000,-0.7180,0
 0.0059, 0.0000, 0.0157, 3.1415, 0.0000, 0.0000, 0.0000, 0.0000,-0.7180,0
 0.0059, 0.0000, 0.0157, 3.1415, 0.0000, 0.0000, 0.0000, 0.0000,-0.7180,0
 0.0059, 0.0000, 0.0157, 3.1415, 0.0000, 0.0000, 0.0000, 0.0000,-0.7180,0
 0.0059, 0.0000, 0.0157, 3.1415, 0.0000, 0.0000, 0.0000, 0.0000,-0.7180,0
 0.0059, 0.0000, 0.0157, 3.1415, 0.0000, 0.0000, 0.0000, 0.0000,-0.7180,0
 0.0059, 0.0000, 0.0157, 3.1415, 0.0000, 0.0000, 0.0000, 0.0000,-0.7180,0
 0.0059, 0.0000, 0.0157, 3.1415, 0.0000, 0.0000, 0.0000, 0.0000,-0.7180,0
 0.0059, 0.0000, 0.0157, 3.1415, 0.0000, 0.0000, 0.0000, 0.0000,-0.7180,0
 0.0059, 0.0000, 0.0157, 3.1415, 0.0000, 0.0000, 0.0000, 0.0000,-0.7180,0
 0.0059, 0.0000, 0.0157, 3.1415, 0.0000, 0.0000, 0.0000, 0.0000,-0.7180,0
 0.0059, 0.0000, 0.0157, 3.1415, 0.0000, 0.0000, 0.0000, 0.0000,-0.7180,0
 0.0059, 0.0000, 0.0157, 3.1415, 0.0000, 0.0000, 0.0000, 0.0000,-0.7180,0
 0.0059, 0.0000, 0.0157, 3.1415, 0.0000, 0.0000, 0.0000, 0.0000,-0.7180,0
 0.0059, 0.0000, 0.0157, 3.1415, 0.0000, 0.0000, 0.0000, 0.0000,-0.7180,0
 0.0059, 0.0000, 0.0157, 3.1415, 0.0000, 0.0000, 0.0000, 0.0000,-0.7180,0
 0.0059, 0.0000, 0.0125, 3.1415, 0.0000,-0.2513, 0.0000, 0.0000,-0.7180,0
 0.0059, 0.0000, 0.0125, 3.1415, 0.0000,-0.0502, 0.0000, 0.0000,-0.7180,0
 0.0059, 0.0000, 0.0125, 3.1415, 0.0000,-0.0100, 0.0000, 0.0000,-0.7180,0
 0.0059, 0.0000, 0.0125, 3.1415, 0.0000,-0.0020, 0.0000, 0.0000,-0.7180,0
 0.0059, 0.0000, 0.0125, 3.1415, 0.0000,-0.0004, 0.0000, 0.0000,-0.7180,0
 0.0059, 0.0000, 0.0125, 3.1415, 0.0000,-0.0000, 0.0000, 0.0000,-0.7180,0
 0.0059, 0.0000, 0.0094, 3.1415, 0.0000,-0.2513, 0.0000, 0.0000,-0.7180,0
 0.0059, 0.0000, 0.0094, 3.1415, 0.0000,-0.0502, 0.0000, 0.0000,-0.7180,0
 0.0059, 0.0000, 0.0094, 3.1415, 0.0000,-0.0100, 0.0000, 0.0000,-0.7180,0
 0.0059, 0.0000, 0.0094, 3.1415, 0.0000,-0.0020, 0.0000, 0.0000,-0.7180,0
 0.0059, 0.0000, 0.0062, 3.1415, 0.0000,-0.2517, 0.0000, 0.0000,-0.7180,0
 0.0059, 0.0000, 0.0062, 3.1415, 0.0000,-0.0503, 0.0000, 0.0000,-0.7180,0
 0.0059, 0.0000, 0.0062, 3.1415, 0.0000,-0.0100, 0.0000, 0.0000,-0.7180,0
 0.0059, 0.0000, 0.0031, 3.1415, 0.0000,-0.2533, 0.0000, 0.0000,-0.7180,0
 0.0059, 0.0000, 0.0031, 3.1415, 0.0000,-0.0506, 0.0000, 0.0000,-0.7180,0
 0.0059, 0.0000, 0.0031, 3.1415, 0.0000,-0.0101, 0.0000, 0.0000,-0.7180,0
 0.0059, 0.0000, 0.0031, 3.1415, 0.0000,-0.0020, 0.0000, 0.0000,-0.7180,0
 0.0059, 0.0000, 0.0000, 3.1415, 0.0000,-0.2517, 0.0000, 0.0000,-0.7180,0
 0.0059, 0.0000, 0.0000, 3.1415, 0.0000,-0.0503, 0.0000, 0.0000,-0.7180,0
 0.0059, 0.0000, 0.0000, 3.1415, 0.0000,-0.0100, 0.0000, 0.0000,-0.7180,0
 0.0059, 0.0000,-0.0031, 3.1415, 0.0000,-0.2533, 0.0000, 0.0000,-0.7180,0
 0.0059, 0.0000,-0.0031, 3.1415, 0.0000,-0.0506, 0.0000, 0.0000,-0.7180,0
 0.0059, 0.0000,-0.0031, 3.1415, 0.0000,-0.0101, 0.0000, 0.0000,-0.7180,0
 0.0059, 0.0000,-0.0031, 3.1415, 0.0000,-0.0020, 0.0000, 0.0000,-0.7180,0
 0.0059, 0.0000,-0.0062, 3.1415, 0.0000,-0.2517, 0.0000, 0.0000,-0.7180,0
 0.0059, 0.0000,-0.0062, 3.1415, 0.0000,-0.0503, 0.0000, 0.0000,-0.7180,0
 0.0059, 0.0000,-0.0062, 3.1415, 0.0000,-0.0100, 0.0000, 0.0000,-0.7180,0
 0.0059, 0.0000,-0.0062, 3.1415, 0.0000,-0.0020, 0.0000, 0.0000,-0.7180,0
 0.0059, 0.0000,-0.0094, 3.1415, 0.0000,-0.2517, 0.0000, 0.0000,-0.7180,0
 0.0059, 0.0000,-0.0094, 3.1415, 0.0000,-0.0503, 0.0000, 0.0000,-0.7180,0
 0.0059, 0.0000,-0.0094, 3.1415, 0.0000,-0.0100, 0.0000, 0.0000,-0.7180,0
 0.0059, 0.0000,-0.0094, 3.1415, 0.0000,-0.0020, 0.0000, 0.0000,-0.7180,0
 0.0059, 0.0000,-0.0125, 3.1415, 0.0000,-0.2517, 0.0000, 0.0000,-0.7180,0
 0.0059, 0.0000,-0.0125, 3.1415, 0.0000,-0.0503, 0.0000, 0.0000,-0.7180,0
 0.0059, 0.0000,-0.0125, 3.1415, 0.0000,-0.0100, 0.0000, 0.0000,-0.7180,0
 0.0059, 0.0000,-0.0125, 3.1415, 0.0000,-0.0020, 0.0000, 0.0000,-0.7180,0
 0.0059, 0.0000,-0.0125, 3.1415, 0.0000,-0.0004, 0.0000, 0.0000,-0.7180,0
 0.0059, 0.0000,-0.0125, 3.1415, 0.0000,-0.0000, 0.0000, 0.0000,-0.7180,0
 0.0059, 0.0000,-0.0157, 3.1415, 0.0000,-0.2513, 0.0000, 0.0000,-0.7180,0
 0.0059, 0.0000,-0.0157, 3.1415, 0.0000,-0.0502, 0.0000, 0.0000,-0.7180,0
 0.0059, 0.0000,-0.0157, 3.1415, 0.0000,-0.0100, 0.0000, 0.0000,-0.7180,0
 0.0059, 0.0000,-0.0157, 3.1415, 0.0000,-0.0020, 0.0000, 0.0000,-0.7180,0
 0.0059, 0.0000,-0.0157, 3.1415, 0.0000,-0.0004, 0.0000, 0.0000,-0.7180,0
 0.0059, 0.0000,-0.0157, 3.1415, 0.0000,-0.0000, 0.0000, 0.0000,-0.7180,0
 0.0059, 0.0000,-0.0157, 3.1415, 0.0000,-0.0000, 0.0000, 0.0000,-0.7180,0
 0.0059, 0.0000,-0.0157, 3.1415, 0.0000,-0.0000, 0.0000, 0.0000,-0.7180,0
 0.0059, 0.0000,-0.0157, 3.1415, 0.0000,-0.0000, 0.0000, 0.0000,-0.7180,0
 0.0059, 0.0000,-0.0157, 3.1415, 0.0000,-0.0000, 0.0000, 0.0000,-0.7180,0
 0.0059, 0.0000,-0.0157, 3.1415, 0.0000,-0.0000, 0.0000, 0.0000,-0.7180,0
 0.0059, 0.0000,-0.0157, 3.1415, 0.0000,-0.0000, 0.0000, 0.0000,-0.7180,0
 0.0059, 0.0000,-0.0157, 3.1415, 0.0000,-0.0000, 0.0000, 0.0000,-0.7180,0
 0.0059, 0.0000,-0.0157, 3.1415, 0.0000,-0.0000, 0.0000, 0.0000,-0.7180,0
 0.0059, 0.0000,-0.0157, 3.1415, 0.0000,-0.0000, 0.0000, 0.0000,-0.7180,0
 0.0059, 0.0000,-0.0157, 3.1415, 0.0000,-0.0000, 0.0000, 0.0000,-0.7180,0
 0.0059, 0.0000,-0.0157, 3.1415, 0.0000,-0.0000, 0.0000, 0.0000,-0.7180,0
 0.0059, 0.0000,-0.0125, 3.1415, 0.0000, 0.2513, 0.0000, 0.0000,-0.7180,0
 0.0059, 0.0000,-0.0125, 3.1415, 0.0000, 0.0502, 0.0000, 0.0000,-0.7180,0
 0.0059, 0.0000,-0.0125, 3.1415, 0.0000, 0.0100, 0.0000, 0.0000,-0.7180,0
 0.0059, 0.0000,-0.0125, 3.1415, 0.0000, 0.0020, 0.0000, 0.0000,-0.7180,0
 0.0059, 0.0000,-0.0125, 3.1415, 0.0000, 0.0004, 0.0000, 0.0000,-0.7180,0
 0.0059, 0.0000,-0.0125, 3.1415, 0.0000, 0.0000, 0.0000, 0.0000,-0.7180,0
 0.0059, 0.0000,-0.0094, 3.1415, 0.0000, 0.2513, 0.0000, 0.0000,-0.7180,0
 0.0059, 0.0000,-0.0094, 3.1415, 0.0000, 0.0502, 0.0000, 0.0000,-0.7180,0
 0.0059, 0.0000,-0.0094, 3.1415, 0.0000, 0.0100, 0.0000, 0.0000,-0.7180,0
 0.0059, 0.0000,-0.0094, 3.1415, 0.0000, 0.0020, 0.0000, 0.0000,-0.7180,0
 0.0059, 0.0000,-0.0094, 3.1415, 0.0000, 0.0004, 0.0000, 0.0000,-0.7180,0
 0.0059, 0.0000,-0.0062, 3.1415, 0.0000, 0.2514, 0.0000, 0.0000,-0.7180,0
 0.0059, 0.0000,-0.0062, 3.1415, 0.0000, 0.0502, 0.0000, 0.0000,-0.7180,0
 0.0059, 0.0000,-0.0062, 3.1415, 0.0000, 0.0100, 0.0000, 0.0000,-0.7180,0
 0.0059, 0.0000,-0.0062, 3.1415, 0.0000, 0.0020, 0.0000, 0.0000,-0.7180,0
 0.0059, 0.0000,-0.0031, 3.1415, 0.0000, 0.2517, 0.0000, 0.0000,-0.7180,0
 0.0059, 0.0000,-0.0031, 3.1415, 0.0000, 0.0503, 0.0000, 0.0000,-0.7180,0
 0.0059, 0.0000,-0.0031, 3.1415, 0.0000, 0.0100, 0.0000, 0.0000,-0.7180,0
 0.0059, 0.0000, 0.0000, 3.1415, 0.0000, 0.2533, 0.0000, 0.0000,-0.7180,0
 0.0059, 0.0000, 0.0000, 3.1415, 0.0000, 0.0506, 0.0000, 0.0000,-0.7180,0
 0.0059, 0.0000, 0.0000, 3.1415, 0.0000, 0.0101, 0.0000, 0.0000,-0.7180,0
 0.0059, 0.0000, 0.0000, 3.1415, 0.0000, 0.0020, 0.0000, 0.0000,-0.7180,0
 0.0059, 0.0000, 0.0031, 3.1415, 0.0000, 0.2517, 0.0000, 0.0000,-0.7180,0
 0.0059, 0.0000, 0.0031, 3.1415, 0.0000, 0.0503, 0.0000, 0.0000,-0.7180,0
 0.0059, 0.0000, 0.0031, 3.1415, 0.0000, 0.0100, 0.0000, 0.0000,-0.7180,0
 0.0059, 0.0000, 0.0062, 3.1415, 0.0000, 0.2533, 0.0000, 0.0000,-0.7180,0
 0.0059, 0.0000, 0.0062, 3.1415, 0.0000, 0.0506, 0.0000, 0.0000,-0.7180,0
 0.0059, 0.0000, 0.0062, 3.1415, 0.0000, 0.0101, 0.0000, 0.0000,-0.7180,0
 0.0059, 0.0000, 0.0062, 3.1415, 0.0000, 0.0020, 0.0000, 0.0000,-0.7180,0
 0.0059, 0.0000, 0.0094, 3.1415, 0.0000, 0.2517, 0.0000, 0.0000,-0.7180,0
 0.0059, 0.0000, 0.0094, 3.1415, 0.0000, 0.0503, 0.0000, 0.0000,-0.7180,0
 0.0059, 0.0000, 0.0094, 3.1415, 0.0000, 0.0100, 0.0000, 0.0000,-0.7180,0
 0.0059, 0.0000, 0.0094, 3.1415, 0.0000, 0.0020, 0.0000, 0.0000,-0.7180,0
 0.0059, 0.0000, 0.0094, 3.1415, 0.0000, 0.0004, 0.0000, 0.0000,-0.7180,0
 0.0059, 0.0000, 0.0125, 3.1415, 0.0000, 0.2514, 0.0000, 0.0000,-0.7180,0
 0.0059, 0.0000, 0.0125, 3.1415, 0.0000, 0.0502, 0.0000, 0.0000,-0.7180,0
 0.0059, 0.0000, 0.0125, 3.1415, 0.0000, 0.0100, 0.0000, 0.0000,-0.7180,0
 0.0059, 0.0000, 0.0125, 3.1415, 0.0000, 0.0020, 0.0000, 0.0000,-0.7180,0
 0.0059, 0.0000, 0.0125, 3.1415, 0.0000, 0.0004, 0.0000, 0.0000,-0.7180,0
 0.0059, 0.0000, 0.0125, 3.1415, 0.0000, 0.0000, 0.0000, 0.0000,-0.7180,0
 0.0059, 0.0000, 0.0157, 3.1415, 0.0000, 0.2513, 0.0000, 0.0000,-0.7180,0
 0.0059, 0.0000, 0.0157, 3.1415, 0.0000, 0.0502, 0.0000, 0.0000,-0.7180,0
 0.0059, 0.0000, 0.0157, 3.1415, 0.0000, 0.0100, 0.0000, 0.0000,-0.7180,0
 0.0059, 0.0000, 0.0157, 3.1415, 0.0000, 0.0020, 0.0000, 0.0000,-0.7180,0
 0.0059, 0.0000, 0.0157, 3.1415, 0.0000, 0.0004, 0.0000, 0.0000,-0.7180,0
 0.0059, 0.0000, 0.0157, 3.1415, 0.0000, 0.0000, 0.0000, 0.0000,-0.7180,0
 0.0059, 0.0000, 0.0157, 3.1415, 0.0000, 0.0000, 0.0000, 0.0000,-0.7180,0
 0.0059, 0.0000, 0.0157, 3.1415, 0.0000, 0.0000, 0.0000, 0.0000,-0.7180,0
 0.0059, 0.0000, 0.0157, 3.1415, 0.0000, 0.0000, 0.0000, 0.0000,-0.7180,0
 0.0059, 0.0000, 0.0157, 3.1415, 0.0000, 0.0000, 0.0000, 0.0000,-0.7180,0
 0.0059, 0.0000, 0.0157, 3.1415, 0.0000, 0.0000, 0.0000, 0.0000,-0.7180,0
 0.0059, 0.0000, 0.0157, 3.1415, 0.0000, 0.0000, 0.0000, 0.0000,-0.7180,0
 0.0059, 0.0000, 0.0157, 3.1415, 0.0000, 0.0000, 0.0000, 0.0000,-0.7180,0
 0.0059, 0.0000, 0.0157, 3.1415, 0.0000, 0.0000, 0.0000, 0.0000,-0.7180,0
 0.0059, 0.0000, 0.0157, 3.1415, 0.0000, 0.0000, 0.0000, 0.0000,-0.7180,0
 0.0059, 0.0000, 0.0157, 3.1415, 0.0000, 0.0000, 0.0000, 0.0000,-0.7180,0
 0.0059, 0.0000, 0.0157, 3.1415, 0.0000, 0.0000, 0.0000, 0.0000,-0.7180,0
 0.0059, 0.0000, 0.0157, 3.1415, 0.0000, 0.0000, 0.0000, 0.0000,-0.7180,0
 0.0059, 0.0000, 0.0125, 3.1415, 0.0000,-0.2513, 0.0000, 0.0000,-0.7180,0
 0.0059, 0.0000, 0.0125, 3.1415, 0.0000,-0.0502, 0.0000, 0.0000,-0.7180,0
 0.0059, 0.0000, 0.0125, 3.1415, 0.0000,-0.0100, 0.0000, 0.0000,-0.7180,0
 0.0059, 0.0000, 0.0125, 3.1415, 0.0000,-0.0020, 0.0000, 0.0000,-0.7180,0
 0.0059, 0.0000, 0.0125, 3.1415, 0.0000,-0.0004, 0.0000, 0.0000,-0.7180,0
 0.0059, 0.0000, 0.0125, 3.1415, 0.0000,-0.0000, 0.0000, 0.0000,-0.7180,0
 0.0059, 0.0000, 0.0094, 3.1415, 0.0000,-0.2513, 0.0000, 0.0000,-0.7180,0
 0.0059, 0.0000, 0.0094, 3.1415, 0.0000,-0.0502, 0.0000, 0.0000,-0.7180,0
 0.0059, 0.0000, 0.0094, 3.1415, 0.0000,-0.0100, 0.0000, 0.0000,-0.7180,0
 0.0059, 0.0000, 0.0094, 3.1415, 0.0000,-0.0020, 0.0000, 0.0000,-0.7180,0
 0.0059, 0.0000, 0.0094, 3.1415, 0.0000,-0.0004, 0.0000, 0.0000,-0.7180,0
 0.0059, 0.0000, 0.0062, 3.1415, 0.0000,-0.2514, 0.0000, 0.0000,-0.7180,0
 0.0059, 0.0000, 0.0062, 3.1415, 0.0000,-0.0502, 0.0000, 0.0000,-0.7180,0
 0.0059, 0.0000, 0.0062, 3.1415, 0.0000,-0.0100, 0.0000, 0.0000,-0.7180,0
 0.0059, 0.0000, 0.0031, 3.1415, 0.0000,-0.2533, 0.0000, 0.0000,-0.7180,0
 0.0059, 0.0000, 0.0031, 3.1415, 0.0000,-0.0506, 0.0000, 0.0000,-0.7180,0
 0.0059, 0.0000, 0.0031, 3.1415, 0.0000,-0.0101, 0.0000, 0.0000,-0.7180,0
 0.0059, 0.0000, 0.0031, 3.1415, 0.0000,-0.0020, 0.0000, 0.0000,-0.7180,0
 0.0059, 0.0000, 0.0000, 3.1415, 0.0000,-0.2517, 0.0000, 0.0000,-0.7180,0
 0.0059, 0.0000, 0.0000, 3.1415, 0.0000,-0.0503, 0.0000, 0.0000,-0.7180,0
 0.0059, 0.0000, 0.0000, 3.1415, 0.0000,-0.0100, 0.0000, 0.0000,-0.7180,0
 0.0059, 0.0000, 0.0000, 3.1415, 0.0000,-0.0020, 0.0000, 0.0000,-0.7180,0
 0.0059, 0.0000,-0.0031, 3.1415, 0.0000,-0.2517, 0.0000, 0.0000,-0.7180,0
 0.0059, 0.0000,-0.0031, 3.1415, 0.0000,-0.0503, 0.0000, 0.0000,-0.7180,0
 0.0059, 0.0000,-0.0031, 3.1415, 0.0000,-0.0100, 0.0000, 0.0000,-0.7180,0
 0.0059, 0.0000,-0.0031, 3.1415, 0.0000,-0.0020, 0.0000, 0.0000,-0.7180,0
 0.0059, 0.0000,-0.0062, 3.1415, 0.0000,-0.2517, 0.0000, 0.0000,-0.7180,0
 0.0059, 0.0000,-0.0062, 3.1415, 0.0000,-0.0503, 0.0000, 0.0000,-0.7180,0
 0.0059, 0.0000,-0.0062, 3.1415, 0.0000,-0.0100, 0.0000, 0.0000,-0.7180,0
 0.0059, 0.0000,-0.0094, 3.1415, 0.0000,-0.2533, 0.0000, 0.0000,-0.7180,0
 0.0059, 0.0000,-0.0094, 3.1415, 0.0000,-0.0506, 0.0000, 0.0000,-0.7180,0
 0.0059, 0.0000,-0.0094, 3.1415, 0.0000,-0.0101, 0.0000, 0.0000,-0.7180,0
 0.0059, 0.0000,-0.0094, 3.1415, 0.0000,-0.0020, 0.0000, 0.0000,-0.7180,0
 0.0059, 0.0000,-0.0094, 3.1415, 0.0000,-0.0004, 0.0000, 0.0000,-0.7180,0
 0.0059, 0.0000,-0.0125, 3.1415, 0.0000,-0.2514, 0.0000, 0.0000,-0.7180,0
 0.0059, 0.0000,-0.0125, 3.1415, 0.0000,-0.0502, 0.0000, 0.0000,-0.7180,0
 0.0059, 0.0000,-0.0125, 3.1415, 0.0000,-0.0100, 0.0000, 0.0000,-0.7180,0
 0.0059, 0.0000,-0.0125, 3.1415, 0.0000,-0.0020, 0.0000, 0.0000,-0.7180,0
 0.0059, 0.0000,-0.0125, 3.1415, 0.0000,-0.0004, 0.0000, 0.0000,-0.7180,0
 0.0059, 0.0000,-0.0125, 3.1415, 0.0000,-0.0000, 0.0000, 0.0000,-0.7180,0
 0.0059, 0.0000,-0.0125, 3.1415, 0.0000,-0.0000, 0.0000, 0.0000,-0.7180,0
 0.0059, 0.0000,-0.0157, 3.1415, 0.0000,-0.2513, 0.0000, 0.0000,-0.7180,0
 0.0059, 0.0000,-0.0157, 3.1415, 0.0000,-0.0502, 0.0000, 0.0000,-0.7180,0
 0.0059, 0.0000,-0.0157, 3.1415, 0.0000,-0.0100, 0.0000, 0.0000,-0.7180,0
 0.0059, 0.0000,-0.0157, 3.1415, 0.0000,-0.0020, 0.0000, 0.0000,-0.7180,0
 0.0059, 0.0000,-0.0157, 3.1415, 0.0000,-0.0004, 0.0000, 0.0000,-0.7180,0
 0.0059, 0.0000,-0.0157, 3.1415, 0.0000,-0.0000, 0.0000, 0.0000,-0.7180,0
 0.0059, 0.0000,-0.0157, 3.1415, 0.0000,-0.0000, 0.0000, 0.0000,-0.7180,0
 0.0059, 0.0000,-0.0157, 3.1415, 0.0000,-0.0000, 0.0000, 0.0000,-0.7180,0
 0.0059, 0.0000,-0.0157, 3.1415, 0.0000,-0.0000, 0.0000, 0.0000,-0.7180,0
 0.0059, 0.0000,-0.0157, 3.1415, 0.0000,-0.0000, 0.0000, 0.0000,-0.7180,0
 0.0059, 0.0000,-0.0157, 3.1415, 0.0000,-0.0000, 0.0000, 0.0000,-0.7180,0
 0.0059, 0.0000,-0.0157, 3.1415, 0.0000,-0.0000, 0.0000, 0.0000,-0.7180,0
 0.0059, 0.0000,-0.0157, 3.1415, 0.0000,-0.0000, 0.0000, 0.0000,-0.7180,0
 0.0059, 0.0000,-0.0157, 3.1415, 0.0000,-0.0000, 0.0000, 0.0000,-0.7180,0
 0.0059, 0.0000,-0.0125, 3.1415, 0.0000, 0.2513, 0.0000, 0.0000,-0.7180,0
 0.0059, 0.0000,-0.0125, 3.1415, 0.0000, 0.0502, 0.0000, 0.0000,-0.7180,0
 0.0059, 0.0000,-0.0125, 3.1415, 0.0000, 0.0100, 0.0000, 0.0000,-0.7180,0
 0.0059, 0.0000,-0.0125, 3.1415, 0.0000, 0.0020, 0.0000, 0.0000,-0.7180,0
 0.0059, 0.0000,-0.0125, 3.1415, 0.0000, 0.0004, 0.0000, 0.0000,-0.7180,0
 0.0059, 0.0000,-0.0125, 3.1415, 0.0000, 0.0000, 0.0000, 0.0000,-0.7180,0
 0.0059, 0.0000,-0.0125, 3.1415, 0.0000, 0.0000, 0.0000, 0.0000,-0.7180,0
 0.0059, 0.0000,-0.0094, 3.1415, 0.0000, 0.2513, 0.0000, 0.0000,-0.7180,0
 0.0059, 0.0000,-0.0094, 3.1415, 0.0000, 0.0502, 0.0000, 0.0000,-0.7180,0
 0.0059, 0.0000,-0.0094, 3.1415, 0.0000, 0.0100, 0.0000, 0.0000,-0.7180,0
 0.0059, 0.0000,-0.0094, 3.1415, 0.0000, 0.0020, 0.0000, 0.0000,-0.7180,0
 0.0059, 0.0000,-0.0094, 3.1415, 0.0000, 0.0004, 0.0000, 0.0000,-0.7180,0
 0.0059, 0.0000,-0.0062, 3.1415, 0.0000, 0.2514, 0.0000, 0.0000,-0.7180,0
 0.0059, 0.0000,-0.0062, 3.1415, 0.0000, 0.0502, 0.0000, 0.0000,-0.7180,0
 0.0059, 0.0000,-0.0062, 3.1415, 0.0000, 0.0100, 0.0000, 0.0000,-0.7180,0
 0.0059, 0.0000,-0.0062, 3.1415, 0.0000, 0.0020, 0.0000, 0.0000,-0.7180,0
 0.0059, 0.0000,-0.0031, 3.1415, 0.0000, 0.2517, 0.0000, 0.0000,-0.7180,0
 0.0059, 0.0000,-0.0031, 3.1415, 0.0000, 0.0503, 0.0000, 0.0000,-0.7180,0
 0.0059, 0.0000,-0.0031, 3.1415, 0.0000, 0.0100, 0.0000, 0.0000,-0.7180,0
 0.0059, 0.0000, 0.0000, 3.1415, 0.0000, 0.2533, 0.0000, 0.0000,-0.7180,0
 0.0059, 0.0000, 0.0000, 3.1415, 0.0000, 0.0506, 0.0000, 0.0000,-0.7180,0
 0.0059, 0.0000, 0.0000, 3.1415, 0.0000, 0.0101, 0.0000, 0.0000,-0.7180,0
 0.0059, 0.0000, 0.0000, 3.1415, 0.0000, 0.0020, 0.0000, 0.0000,-0.7180,0
 0.0059, 0.0000, 0.0031, 3.1415, 0.0000, 0.2517, 0.0000, 0.0000,-0.7180,0
 0.0059, 0.0000, 0.0031, 3.1415, 0.0000, 0.0503, 0.0000, 0.0000,-0.7180,0
 0.0059, 0.0000, 0.0031, 3.1415, 0.0000, 0.0100, 0.0000, 0.0000,-0.7180,0
 0.0059, 0.0000, 0.0031, 3.1415, 0.0000, 0.0020, 0.0000, 0.0000,-0.7180,0
 0.0059, 0.0000, 0.0062, 3.1415, 0.0000, 0.2517, 0.0000, 0.0000,-0.7180,0
 0.0059, 0.0000, 0.0062, 3.1415, 0.0000, 0.0503, 0.0000, 0.0000,-0.7180,0
 0.0059, 0.0000, 0.0062, 3.1415, 0.0000, 0.0100, 0.0000, 0.0000,-0.7180,0
 0.0059, 0.0000, 0.0062, 3.1415, 0.0000, 0.0020, 0.0000, 0.0000,-0.7180,0
 0.0059, 0.0000, 0.0094, 3.1415, 0.0000, 0.2517, 0.0000, 0.0000,-0.7180,0
 0.0059, 0.0000, 0.0094, 3.1415, 0.0000, 0.0503, 0.0000, 0.0000,-0.7180,0
 0.0059, 0.0000, 0.0094, 3.1415, 0.0000, 0.0100, 0.0000, 0.0000,-0.7180,0
 0.0059, 0.0000, 0.0094, 3.1415, 0.0000, 0.0020, 0.0000, 0.0000,-0.7180,0
 0.0059, 0.0000, 0.0094, 3.1415, 0.0000, 0.0004, 0.0000, 0.0000,-0.7180,0
 0.0059, 0.0000, 0.0125, 3.1415, 0.0000, 0.2514, 0.0000, 0.0000,-0.7180,0
 0.0059, 0.0000, 0.0125, 3.1415, 0.0000, 0.0502, 0.0000, 0.0000,-0.7180,0
 0.0059, 0.0000, 0.0125, 3.1415, 0.0000, 0.0100, 0.0000, 0.0000,-0.7180,0
 0.0059, 0.0000, 0.0125, 3.1415, 0.0000, 0.0020, 0.0000, 0.0000,-0.7180,0
 0.0059, 0.0000, 0.0125, 3.1415, 0.0000, 0.0004, 0.0000, 0.0000,-0.7180,0
 0.0059, 0.0000, 0.0125, 3.1415, 0.0000, 0.0000, 0.0000, 0.0000,-0.7180,0
 0.0059, 0.0000, 0.0125, 3.1415, 0.0000, 0.0000, 0.0000, 0.0000,-0.7180,0
 0.0059, 0.0000, 0.0157, 3.1415, 0.0000, 0.2513, 0.0000, 0.0000,-0.7180,0
 0.0059, 0.0000, 0.0157, 3.1415, 0.0000, 0.0502, 0.0000, 0.0000,-0.7180,0
 0.0059, 0.0000, 0.0157, 3.1415, 0.0000, 0.0100, 0.0000, 0.0000,-0.7180,0
 0.0059, 0.0000, 0.0157, 3.1415, 0.0000, 0.0020, 0.0000, 0.0000,-0.7180,0
 0.0059, 0.0000, 0.0157, 3.1415, 0.0000, 0.0004, 0.0000, 0.0000,-0.7180,0
 0.0059, 0.0000, 0.0157, 3.1415, 0.0000, 0.0000, 0.0000, 0.0000,-0.7180,0
 0.0059, 0.0000, 0.0157, 3.1415, 0.0000, 0.0000, 0.0000, 0.0000,-0.7180,0
 0.0059, 0.0000, 0.0157, 3.1415, 0.0000, 0.0000, 0.0000, 0.0000,-0.7180,0
 0.0059, 0.0000, 0.0157, 3.1415, 0.0000, 0.0000, 0.0000, 0.0000,-0.7180,0
 0.0059, 0.0000, 0.0157, 3.1415, 0.0000, 0.0000, 0.0000, 0.0000,-0.7180,0
 0.0059, 0.0000, 0.0157, 3.1415, 0.0000, 0.0000, 0.0000, 0.0000,-0.7180,0
 0.0059, 0.0000, 0.0157, 3.1415, 0.0000, 0.0000, 0.0000, 0.0000,-0.7180,0
 0.0059, 0.0000, 0.0157, 3.1415, 0.0000, 0.0000, 0.0000, 0.0000,-0.7180,0
 0.0059, 0.0000, 0.0157, 3.1415, 0.0000, 0.0000, 0.0000, 0.0000,-0.7180,0
 0.0059, 0.0000, 0.0157, 3.1415, 0.0000, 0.0000, 0.0000, 0.0000,-0.7180,0
 0.0059, 0.0000, 0.0125, 3.1415, 0.0000,-0.2513, 0.0000, 0.0000,-0.7180,0
 0.0059, 0.0000, 0.0125, 3.1415, 0.0000,-0.0502, 0.0000, 0.0000,-0.7180,0
 0.0059, 0.0000, 0.0125, 3.1415, 0.0000,-0.0100, 0.0000, 0.0000,-0.7180,0
 0.0059, 0.0000, 0.0125, 3.1415, 0.0000,-0.0020, 0.0000, 0.0000,-0.7180,0
 0.0059, 0.0000, 0.0125, 3.1415, 0.0000,-0.0004, 0.0000, 0.0000,-0.7180,0
 0.0059, 0.0000, 0.0125, 3.1415, 0.0000,-0.0000, 0.0000, 0.0000,-0.7180,0
 0.0059, 0.0000, 0.0125, 3.1415, 0.0000,-0.0000, 0.0000, 0.0000,-0.7180,0
 0.0059, 0.0000, 0.0094, 3.1415, 0.0000,-0.2513, 0.0000, 0.0000,-0.7180,0
 0.0059, 0.0000, 0.0094, 3.1415, 0.0000,-0.0502, 0.0000, 0.0000,-0.7180,0
 0.0059, 0.0000, 0.0094, 3.1415, 0.0000,-0.0100, 0.0000, 0.0000,-0.7180,0
 0.0059, 0.0000, 0.0094, 3.1415, 0.0000,-0.0020, 0.0000, 0.0000,-0.7180,0
 0.0059, 0.0000, 0.0062, 3.1415, 0.0000,-0.2517, 0.0000, 0.0000,-0.7180,0
 0.0059, 0.0000, 0.0062, 3.1415, 0.0000,-0.0503, 0.0000, 0.0000,-0.7180,0
 0.0059, 0.0000, 0.0062, 3.1415, 0.0000,-0.0100, 0.0000, 0.0000,-0.7180,0
 0.0059, 0.0000, 0.0062, 3.1415, 0.0000,-0.0020, 0.0000, 0.0000,-0.7180,0
 0.0059, 0.0000, 0.0031, 3.1415, 0.0000,-0.2517, 0.0000, 0.0000,-0.7180,0
 0.0059, 0.0000, 0.0031, 3.1415, 0.0000,-0.0503, 0.0000, 0.0000,-0.7180,0
 0.0059, 0.0000, 0.0031, 3.1415, 0.0000,-0.0100, 0.0000, 0.0000,-0.7180,0
 0.0059, 0.0000, 0.0031, 3.1415, 0.0000,-0.0020, 0.0000, 0.0000,-0.7180,0
 0.0059, 0.0000, 0.0000, 3.1415, 0.0000,-0.2517, 0.0000, 0.0000,-0.7180,0
 0.0059, 0.0000, 0.0000, 3.1415, 0.0000,-0.0503, 0.0000, 0.0000,-0.7180,0
 0.0059, 0.0000, 0.0000, 3.1415, 0.0000,-0.0100, 0.0000, 0.0000,-0.7180,0
 0.0059, 0.0000, 0.0000, 3.1415, 0.0000,-0.0020, 0.0000, 0.0000,-0.7180,0
 0.0059, 0.0000,-0.0031, 3.1415, 0.0000,-0.2517, 0.0000, 0.0000,-0.7180,0
 0.0059, 0.0000,-0.0031, 3.1415, 0.0000,-0.0503, 0.0000, 0.0000,-0.7180,0
 0.0059, 0.0000,-0.0031, 3.1415, 0.0000,-0.0100, 0.0000, 0.0000,-0.7180,0
 0.0059, 0.0000,-0.0031, 3.1415, 0.0000,-0.0020, 0.0000, 0.0000,-0.7180,0
 0.0059, 0.0000,-0.0062, 3.1415, 0.0000,-0.2517, 0.0000, 0.0000,-0.7180,0
 0.0059, 0.0000,-0.0062, 3.1415, 0.0000,-0.0503, 0.0000, 0.0000,-0.7180,0
 0.0059, 0.0000,-0.0062, 3.1415, 0.0000,-0.0100, 0.0000, 0.0000,-0.7180,0
 0.0059, 0.0000,-0.0062, 3.1415, 0.0000,-0.0020, 0.0000, 0.0000,-0.7180,0
 0.0059, 0.0000,-0.0094, 3.1415, 0.0000,-0.2517, 0.0000, 0.0000,-0.7180,0
 0.0059, 0.0000,-0.0094, 3.1415, 0.0000,-0.0503, 0.0000, 0.0000,-0.7180,0
 0.0059, 0.0000,-0.0094, 3.1415, 0.0000,-0.0100, 0.0000, 0.0000,-0.7180,0
 0.0059, 0.0000,-0.0094, 3.1415, 0.0000,-0.0020, 0.0000, 0.0000,-0.7180,0
 0.0059, 0.0000,-0.0094, 3.1415, 0.0000,-0.0004, 0.0000, 0.0000,-0.7180,0
 0.0059, 0.0000,-0.0125, 3.1415, 0.0000,-0.2514, 0.0000, 0.0000,-0.7180,0
 0.0059, 0.0000,-0.0125, 3.1415, 0.0000,-0.0502, 0.0000, 0.0000,-0.7180,0
 0.0059, 0.0000,-0.0125, 3.1415, 0.0000,-0.0100, 0.0000, 0.0000,-0.7180,0
 0.0059, 0.0000,-0.0125, 3.1415, 0.0000,-0.0020, 0.0000, 0.0000,-0.7180,0
 0.0059, 0.0000,-0.0125, 3.1415, 0.0000,-0.0004, 0.0000, 0.0000,-0.7180,0
 0.0059, 0.0000,-0.0125, 3.1415, 0.0000,-0.0000, 0.0000, 0.0000,-0.7180,0
 0.0059, 0.0000,-0.0125, 3.1415, 0.0000,-0.0000, 0.0000, 0.0000,-0.7180,0
 0.0059, 0.0000,-0.0125, 3.1415, 0.0000,-0.0000, 0.0000, 0.0000,-0.7180,0
 0.0059, 0.0000,-0.0125, 3.1415, 0.0000,-0.0000, 0.0000, 0.0000,-0.7180,0
 0.0059, 0.0000,-0.0125, 3.1415, 0.0000,-0.0000, 0.0000, 0.0000,-0.7180,0
 0.0059, 0.0000,-0.0157, 3.1415, 0.0000,-0.2513, 0.0000, 0.0000,-0.7180,0
 0.0059, 0.0000,-0.0157, 3.1415, 0.0000,-0.0502, 0.0000, 0.0000,-0.7180,0
 0.0059, 0.0000,-0.0157, 3.1415, 0.0000,-0.0100, 0.0000, 0.0000,-0.7180,0
 0.0059, 0.0000,-0.0157, 3.1415, 0.0000,-0.0020, 0.0000, 0.0000,-0.7180,0
 0.0059, 0.0000,-0.0157, 3.1415, 0.0000,-0.0004, 0.0000, 0.0000,-0.7180,0
 0.0059, 0.0000,-0.0157, 3.1415, 0.0000,-0.0000, 0.0000, 0.0000,-0.7180,0
 0.0059, 0.0000,-0.0157, 3.1415, 0.0000,-0.0000, 0.0000, 0.0000,-0.7180,0
 0.0059, 0.0000,-0.0125, 3.1415, 0.0000, 0.2513, 0.0000, 0.0000,-0.7180,0
 0.0059, 0.0000,-0.0125, 3.1415, 0.0000, 0.0502, 0.0000, 0.0000,-0.7180,0
 0.0059, 0.0000,-0.0125, 3.1415, 0.0000, 0.0100, 0.0000, 0.0000,-0.7180,0
 0.0059, 0.0000,-0.0125, 3.1415, 0.0000, 0.0020, 0.0000, 0.0000,-0.7180,0
 0.0059, 0.0000,-0.0125, 3.1415, 0.0000, 0.0004, 0.0000, 0.0000,-0.7180,0
 0.0059, 0.0000,-0.0125, 3.1415, 0.0000, 0.0000, 0.0000, 0.0000,-0.7180,0
 0.0059, 0.0000,-0.0125, 3.1415, 0.0000, 0.0000, 0.0000, 0.0000,-0.7180,0
 0.0059, 0.0000,-0.0125, 3.1415, 0.0000, 0.0000, 0.0000, 0.0000,-0.7180,0
 0.0059, 0.0000,-0.0125, 3.1415, 0.0000, 0.0000, 0.0000, 0.0000,-0.7180,0
 0.0059, 0.0000,-0.0094, 3.1415, 0.0000, 0.2513, 0.0000, 0.0000,-0.7180,0
 0.0059, 0.0000,-0.0094, 3.1415, 0.0000, 0.0502, 0.0000, 0.0000,-0.7180,0
 0.0059, 0.0000,-0.0094, 3.1415, 0.0000, 0.0100, 0.0000, 0.0000,-0.7180,0
 0.0059, 0.0000,-0.0094, 3.1415, 0.0000, 0.0020, 0.0000, 0.0000,-0.7180,0
 0.0059, 0.0000,-0.0094, 3.1415, 0.0000, 0.0004, 0.0000, 0.0000,-0.7180,0
 0.0059, 0.0000,-0.0062, 3.1415, 0.0000, 0.2514, 0.0000, 0.0000,-0.7180,0
 0.0059, 0.0000,-0.0062, 3.1415, 0.0000, 0.0502, 0.0000, 0.0000,-0.7180,0
 0.0059, 0.0000,-0.0062, 3.1415, 0.0000, 0.0100, 0.0000, 0.0000,-0.7180,0
 0.0059, 0.0000,-0.0062, 3.1415, 0.0000, 0.0020, 0.0000, 0.0000,-0.7180,0
 0.0059, 0.0000,-0.0031, 3.1415, 0.0000, 0.2517, 0.0000, 0.0000,-0.7180,0
 0.0059, 0.0000,-0.0031, 3.1415, 0.0000, 0.0503, 0.0000, 0.0000,-0.7180,0
 0.0059, 0.0000,-0.0031, 3.1415, 0.0000, 0.0100, 0.0000, 0.0000,-0.7180,0
 0.0059, 0.0000,-0.0031, 3.1415, 0.0000, 0.0020, 0.0000, 0.0000,-0.7180,0
 0.0059, 0.0000, 0.0000, 3.1415, 0.0000, 0.2517, 0.0000, 0.0000,-0.7180,0
 0.0059, 0.0000, 0.0000, 3.1415, 0.0000, 0.0503, 0.0000, 0.0000,-0.7180,0
 0.0059, 0.0000, 0.0000, 3.1415, 0.0000, 0.0100, 0.0000, 0.0000,-0.7180,0
 0.0059, 0.0000, 0.0000, 3.1415, 0.0000, 0.0020, 0.0000, 0.0000,-0.7180,0
 0.0059, 0.0000, 0.0000, 3.1415, 0.0000, 0.0004, 0.0000, 0.0000,-0.7180,0
 0.0059, 0.0000, 0.0031, 3.1415, 0.0000, 0.2514, 0.0000, 0.0000,-0.7180,0
 0.0059, 0.0000, 0.0031, 3.1415, 0.0000, 0.0502, 0.0000, 0.0000,-0.7180,0
 0.0059, 0.0000, 0.0031, 3.1415, 0.0000, 0.0100, 0.0000, 0.0000,-0.7180,0
 0.0059, 0.0000, 0.0031, 3.1415, 0.0000, 0.0020, 0.0000, 0.0000,-0.7180,0
 0.0059, 0.0000, 0.0062, 3.1415, 0.0000, 0.2517, 0.0000, 0.0000,-0.7180,0
 0.0059, 0.0000, 0.0062, 3.1415, 0.0000, 0.0503, 0.0000, 0.0000,-0.7180,0
 0.0059, 0.0000, 0.0062, 3.1415, 0.0000, 0.0100, 0.0000, 0.0000,-0.7180,0
 0.0059, 0.0000, 0.0062, 3.1415, 0.0000, 0.0020, 0.0000, 0.0000,-0.7180,0
 0.0059, 0.0000, 0.0094, 3.1415, 0.0000, 0.2517, 0.0000, 0.0000,-0.7180,0
 0.0059, 0.0000, 0.0094, 3.1415, 0.0000, 0.0503, 0.0000, 0.0000,-0.7180,0
 0.0059, 0.0000, 0.0094, 3.1415, 0.0000, 0.0100, 0.0000, 0.0000,-0.7180,0
 0.0059, 0.0000, 0.0094, 3.1415, 0.0000, 0.0020, 0.0000, 0.0000,-0.7180,0
 0.0059, 0.0000, 0.0094, 3.1415, 0.0000, 0.0004, 0.0000, 0.0000,-0.7180,0
 0.0059, 0.0000, 0.0125, 3.1415, 0.0000, 0.2514, 0.0000, 0.0000,-0.7180,0
 0.0059, 0.0000, 0.0125, 3.1415, 0.0000, 0.0502, 0.0000, 0.0000,-0.7180,0
 0.0059, 0.0000, 0.0125, 3.1415, 0.0000, 0.0100, 0.0000, 0.0000,-0.7180,0
 0.0059, 0.0000, 0.0125, 3.1415, 0.0000, 0.0020, 0.0000, 0.0000,-0.7180,0
 0.0059, 0.0000, 0.0125, 3.1415, 0.0000, 0.0004, 0.0000, 0.0000,-0.7180,0
 0.0059, 0.0000, 0.0125, 3.1415, 0.0000, 0.0000, 0.0000, 0.0000,-0.7180,0
 0.0059, 0.0000, 0.0125, 3.1415, 0.0000, 0.0000, 0.0000, 0.0000,-0.7180,0
 0.0059, 0.0000, 0.0125, 3.1415, 0.0000, 0.0000, 0.0000, 0.0000,-0.7180,0
 0.0059, 0.0000, 0.0157, 3.1415, 0.0000, 0.2513, 0.0000, 0.0000,-0.7180,0
 0.0059, 0.0000, 0.0157, 3.1415, 0.0000, 0.0502, 0.0000, 0.0000,-0.7180,0
 0.0059, 0.0000, 0.0157, 3.1415, 0.0000, 0.0100, 0.0000, 0.0000,-0.7180,0
 0.0059, 0.0000, 0.0157, 3.1415, 0.0000, 0.0020, 0.0000, 0.0000,-0.7180,0
 0.0059, 0.0000, 0.0157, 3.1415, 0.0000, 0.0004, 0.0000, 0.0000,-0.7180,0
 0.0059, 0.0000, 0.0157, 3.1415, 0.0000, 0.0000, 0.0000, 0.0000,-0.7180,0
 0.0059, 0.0000, 0.0157, 3.1415, 0.0000, 0.0000, 0.0000, 0.0000,-0.7180,0
 0.0059, 0.0000, 0.0157, 3.1415, 0.0000, 0.0000, 0.0000, 0.0000,-0.7180,0
 0.0059, 0.0000, 0.0157, 3.1415, 0.0000, 0.0000, 0.0000, 0.0000,-0.7180,0
 0.0059, 0.0000, 0.0157, 3.1415, 0.0000, 0.0000, 0.0000, 0.0000,-0.7180,0
 0.0059, 0.0000, 0.0157, 3.1415, 0.0000, 0.0000, 0.0000, 0.0000,-0.7180,0
 0.0059, 0.0000, 0.0125, 3.1415, 0.0000,-0.2513, 0.0000, 0.0000,-0.7180,0
 0.0059, 0.0000, 0.0125, 3.1415, 0.0000,-0.0502, 0.0000, 0.0000,-0.7180,0
 0.0059, 0.0000, 0.0125, 3.1415, 0.0000,-0.0100, 0.0000, 0.0000,-0.7180,0
 0.0059, 0.0000, 0.0125, 3.1415, 0.0000,-0.0020, 0.0000, 0.0000,-0.7180,0
 0.0059, 0.0000, 0.0125, 3.1415, 0.0000,-0.0004, 0.0000, 0.0000,-0.7180,0
 0.0059, 0.0000, 0.0125, 3.1415, 0.0000,-0.0000, 0.0000, 0.0000,-0.7180,0
 0.0059, 0.0000, 0.0125, 3.1415, 0.0000,-0.0000, 0.0000, 0.0000,-0.7180,0
 0.0059, 0.0000, 0.0125, 3.1415, 0.0000,-0.0000, 0.0000, 0.0000,-0.7180,0
 0.0059, 0.0000, 0.0094, 3.1415, 0.0000,-0.2513, 0.0000, 0.0000,-0.7180,0
 0.0059, 0.0000, 0.0094, 3.1415, 0.0000,-0.0502, 0.0000, 0.0000,-0.7180,0
 0.0059, 0.0000, 0.0094, 3.1415, 0.0000,-0.0100, 0.0000, 0.0000,-0.7180,0
 0.0059, 0.0000, 0.0094, 3.1415, 0.0000,-0.0020, 0.0000, 0.0000,-0.7180,0
 0.0059, 0.0000, 0.0094, 3.1415, 0.0000,-0.0004, 0.0000, 0.0000,-0.7180,0
 0.0059, 0.0000, 0.0062, 3.1415, 0.0000,-0.2514, 0.0000, 0.0000,-0.7180,0
 0.0059, 0.0000, 0.0062, 3.1415, 0.0000,-0.0502, 0.0000, 0.0000,-0.7180,0
 0.0059, 0.0000, 0.0062, 3.1415, 0.0000,-0.0100, 0.0000, 0.0000,-0.7180,0
 0.0059, 0.0000, 0.0062, 3.1415, 0.0000,-0.0020, 0.0000, 0.0000,-0.7180,0
 0.0059, 0.0000, 0.0031, 3.1415, 0.0000,-0.2517, 0.0000, 0.0000,-0.7180,0
 0.0059, 0.0000, 0.0031, 3.1415, 0.0000,-0.0503, 0.0000, 0.0000,-0.7180,0
 0.0059, 0.0000, 0.0031, 3.1415, 0.0000,-0.0100, 0.0000, 0.0000,-0.7180,0
 0.0059, 0.0000, 0.0031, 3.1415, 0.0000,-0.0020, 0.0000, 0.0000,-0.7180,0
 0.0059, 0.0000, 0.0000, 3.1415, 0.0000,-0.2517, 0.0000, 0.0000,-0.7180,0
 0.0059, 0.0000, 0.0000, 3.1415, 0.0000,-0.0503, 0.0000, 0.0000,-0.7180,0
 0.0059, 0.0000, 0.0000, 3.1415, 0.0000,-0.0100, 0.0000, 0.0000,-0.7180,0
 0.0059, 0.0000, 0.0000, 3.1415, 0.0000,-0.0020, 0.0000, 0.0000,-0.7180,0
 0.0059, 0.0000, 0.0000, 3.1415, 0.0000,-0.0004, 0.0000, 0.0000,-0.7180,0
 0.0059, 0.0000,-0.0031, 3.1415, 0.0000,-0.2514, 0.0000, 0.0000,-0.7180,0
 0.0059, 0.0000,-0.0031, 3.1415, 0.0000,-0.0502, 0.0000, 0.0000,-0.7180,0
 0.0059, 0.0000,-0.0031, 3.1415, 0.0000,-0.0100, 0.0000, 0.0000,-0.7180,0
 0.0059, 0.0000,-0.0031, 3.1415, 0.0000,-0.0020, 0.0000, 0.0000,-0.7180,0
 0.0059, 0.0000,-0.0062, 3.1415, 0.0000,-0.2517, 0.0000, 0.0000,-0.7180,0
 0.0059, 0.0000,-0.0062, 3.1415, 0.0000,-0.0503, 0.0000, 0.0000,-0.7180,0
 0.0059, 0.0000,-0.0062, 3.1415, 0.0000,-0.0100, 0.0000, 0.0000,-0.7180,0
 0.0059, 0.0000,-0.0062, 3.1415, 0.0000,-0.0020, 0.0000, 0.0000,-0.7180,0
 0.0059, 0.0000,-0.0094, 3.1415, 0.0000,-0.2517, 0.0000, 0.0000,-0.7180,0
 0.0059, 0.0000,-0.0094, 3.1415, 0.0000,-0.0503, 0.0000, 0.0000,-0.7180,0
 0.0059, 0.0000,-0.0094, 3.1415, 0.0000,-0.0100, 0.0000, 0.0000,-0.7180,0
 0.0059, 0.0000,-0.0094, 3.1415, 0.0000,-0.0020, 0.0000, 0.0000,-0.7180,0
 0.0059, 0.0000,-0.0094, 3.1415, 0.0000,-0.0004, 0.0000, 0.0000,-0.7180,0
 0.0059, 0.0000,-0.0094, 3.1415, 0.0000,-0.0000, 0.0000, 0.0000,-0.7180,0
 0.0059, 0.0000,-0.0125, 3.1415, 0.0000,-0.2513, 0.0000, 0.0000,-0.7180,0
 0.0059, 0.0000,-0.0125, 3.1415, 0.0000,-0.0502, 0.0000, 0.0000,-0.7180,0
 0.0059, 0.0000,-0.0125, 3.1415, 0.0000,-0.0100, 0.0000, 0.0000,-0.7180,0
 0.0059, 0.0000,-0.0125, 3.1415, 0.0000,-0.0020, 0.0000, 0.0000,-0.7180,0
 0.0059, 0.0000,-0.0125, 3.1415, 0.0000,-0.0004, 0.0000, 0.0000,-0.7180,0
 0.0059, 0.0000,-0.0125, 3.1415, 0.0000,-0.0000, 0.0000, 0.0000,-0.7180,0
 0.0059, 0.0000,-0.0125, 3.1415, 0.0000,-0.0000, 0.0000, 0.0000,-0.7180,0
 0.0059, 0.0000,-0.0125, 3.1415, 0.0000,-0.0000, 0.0000, 0.0000,-0.7180,0
 0.0059, 0.0000,-0.0125, 3.1415, 0.0000,-0.0000, 0.0000, 0.0000,-0.7180,0
 0.0059, 0.0000,-0.0125, 3.1415, 0.0000,-0.0000, 0.0000, 0.0000,-0.7180,0
 0.0059, 0.0000,-0.0125, 3.1415, 0.0000,-0.0000, 0.0000, 0.0000,-0.7180,0
 0.0059, 0.0000,-0.0125, 3.1415, 0.0000,-0.0000, 0.0000, 0.0000,-0.7180,0
 0.0059, 0.0000,-0.0125, 3.1415, 0.0000,-0.0000, 0.0000, 0.0000,-0.7180,0
 0.0059, 0.0000,-0.0125, 3.1415, 0.0000,-0.0000, 0.0000, 0.0000,-0.7180,0
 0.0059, 0.0000,-0.0125, 3.1415, 0.0000,-0.0000, 0.0000, 0.0000,-0.7180,0
 0.0059, 0.0000,-0.0125, 3.1415, 0.0000,-0.0000, 0.0000, 0.0000,-0.7180,0
 0.0059, 0.0000,-0.0125, 3.1415, 0.0000,-0.0000, 0.0000, 0.0000,-0.7180,0
 0.0059, 0.0000,-0.0125, 3.1415, 0.0000,-0.0000, 0.0000, 0.0000,-0.7180,0
 0.0059, 0.0000,-0.0125, 3.1415, 0.0000,-0.0000, 0.0000, 0.0000,-0.7180,0
 0.0059, 0.0000,-0.0125, 3.1415, 0.0000,-0.0000, 0.0000, 0.0000,-0.7180,0
 0.0059, 0.0000,-0.0125, 3.1415, 0.0000,-0.0000, 0.0000, 0.0000,-0.7180,0
 0.0059, 0.0000,-0.0125, 3.1415, 0.0000,-0.0000, 0.0000, 0.0000,-0.7180,0
 0.0059, 0.0000,-0.0125, 3.1415, 0.0000,-0.0000, 0.0000, 0.0000,-0.7180,0
 0.0059, 0.0000,-0.0094, 3.1415, 0.0000, 0.2513, 0.0000, 0.0000,-0.7180,0
 0.0059, 0.0000,-0.0094, 3.1415, 0.0000, 0.0502, 0.0000, 0.0000,-0.7180,0
 0.0059, 0.0000,-0.0094, 3.1415, 0.0000, 0.0100, 0.0000, 0.0000,-0.7180,0
 0.0059, 0.0000,-0.0094, 3.1415, 0.0000, 0.0020, 0.0000, 0.0000,-0.7180,0
 0.0059, 0.0000,-0.0094, 3.1415, 0.0000, 0.0004, 0.0000, 0.0000,-0.7180,0
 0.0059, 0.0000,-0.0094, 3.1415, 0.0000, 0.0000, 0.0000, 0.0000,-0.7180,0
 0.0059, 0.0000,-0.0062, 3.1415, 0.0000, 0.2513, 0.0000, 0.0000,-0.7180,0
 0.0059, 0.0000,-0.0062, 3.1415, 0.0000, 0.0502, 0.0000, 0.0000,-0.7180,0
 0.0059, 0.0000,-0.0062, 3.1415, 0.0000, 0.0100, 0.0000, 0.0000,-0.7180,0
 0.0059, 0.0000,-0.0062, 3.1415, 0.0000, 0.0020, 0.0000, 0.0000,-0.7180,0
 0.0059, 0.0000,-0.0031, 3.1415, 0.0000, 0.2517, 0.0000, 0.0000,-0.7180,0
 0.0059, 0.0000,-0.0031, 3.1415, 0.0000, 0.0503, 0.0000, 0.0000,-0.7180,0
 0.0059, 0.0000,-0.0031, 3.1415, 0.0000, 0.0100, 0.0000, 0.0000,-0.7180,0
 0.0059, 0.0000,-0.0031, 3.1415, 0.0000, 0.0020, 0.0000, 0.0000,-0.7180,0
 0.0059, 0.0000,-0.0031, 3.1415, 0.0000, 0.0004, 0.0000, 0.0000,-0.7180,0
 0.0059, 0.0000, 0.0000, 3.1415, 0.0000, 0.2514, 0.0000, 0.0000,-0.7180,0
 0.0059, 0.0000, 0.0000, 3.1415, 0.0000, 0.0502, 0.0000, 0.0000,-0.7180,0
 0.0059, 0.0000, 0.0000, 3.1415, 0.0000, 0.0100, 0.0000, 0.0000,-0.7180,0
 0.0059, 0.0000, 0.0000, 3.1415, 0.0000, 0.0020, 0.0000, 0.0000,-0.7180,0
 0.0059, 0.0000, 0.0031, 3.1415, 0.0000, 0.2517, 0.0000, 0.0000,-0.7180,0
 0.0059, 0.0000, 0.0031, 3.1415, 0.0000, 0.0503, 0.0000, 0.0000,-0.7180,0
 0.0059, 0.0000, 0.0031, 3.1415, 0.0000, 0.0100, 0.0000, 0.0000,-0.7180,0
 0.0059, 0.0000, 0.0031, 3.1415, 0.0000, 0.0020, 0.0000, 0.0000,-0.7180,0
 0.0059, 0.0000, 0.0062, 3.1415, 0.0000, 0.2517, 0.0000, 0.0000,-0.7180,0
 0.0059, 0.0000, 0.0062, 3.1415, 0.0000, 0.0503, 0.0000, 0.0000,-0.7180,0
 0.0059, 0.0000, 0.0062, 3.1415, 0.0000, 0.0100, 0.0000, 0.0000,-0.7180,0
 0.0059, 0.0000, 0.0062, 3.1415, 0.0000, 0.0020, 0.0000, 0.0000,-0.7180,0
 0.0059, 0.0000, 0.0094, 3.1415, 0.0000, 0.2517, 0.0000, 0.0000,-0.7180,0
 0.0059, 0.0000, 0.0094, 3.1415, 0.0000, 0.0503, 0.0000, 0.0000,-0.7180,0
 0.0059, 0.0000, 0.0094, 3.1415, 0.0000, 0.0100, 0.0000, 0.0000,-0.7180,0
 0.0059, 0.0000, 0.0094, 3.1415, 0.0000, 0.0020, 0.0000, 0.0000,-0.7180,0
 0.0059, 0.0000, 0.0094, 3.1415, 0.0000, 0.0004, 0.0000, 0.0000,-0.7180,0
 0.0059, 0.0000, 0.0094, 3.1415, 0.0000, 0.0000, 0.0000, 0.0000,-0.7180,0
 0.0059, 0.0000, 0.0125, 3.1415, 0.0000, 0.2513, 0.0000, 0.0000,-0.7180,0
 0.0059, 0.0000, 0.0125, 3.1415, 0.0000, 0.0502, 0.0000, 0.0000,-0.7180,0
 0.0059, 0.0000, 0.0125, 3.1415, 0.0000, 0.0100, 0.0000, 0.0000,-0.7180,0
 0.0059, 0.0000, 0.0125, 3.1415, 0.0000, 0.0020, 0.0000, 0.0000,-0.7180,0
 0.0059, 0.0000, 0.0125, 3.1415, 0.0000, 0.0004, 0.0000, 0.0000,-0.7180,0
 0.0059, 0.0000, 0.0125, 3.1415, 0.0000, 0.0000, 0.0000, 0.0000,-0.7180,0
 0.0059, 0.0000, 0.0125, 3.1415, 0.0000, 0.0000, 0.0000, 0.0000,-0.7180,0
 0.0059, 0.0000, 0.0125, 3.1415, 0.0000, 0.0000, 0.0000, 0.0000,-0.7180,0
 0.0059, 0.0000, 0.0125, 3.1415, 0.0000, 0.0000, 0.0000, 0.0000,-0.7180,0
 0.0059, 0.0000, 0.0125, 3.1415, 0.0000, 0.0000, 0.0000, 0.0000,-0.7180,0
 0.0059, 0.0000, 0.0125, 3.1415, 0.0000, 0.0000, 0.0000, 0.0000,-0.7180,0
 0.0059, 0.0000, 0.0125, 3.1415, 0.0000, 0.0000, 0.0000, 0.0000,-0.7180,0
 0.0059, 0.0000, 0.0125, 3.1415, 0.0000, 0.0000, 0.0000, 0.0000,-0.7180,0
 0.0059, 0.0000, 0.0125, 3.1415, 0.0000, 0.0000, 0.0000, 0.0000,-0.7180,0
 0.0059, 0.0000, 0.0125, 3.1415, 0.0000, 0.0000, 0.0000, 0.0000,-0.7180,0
 0.0059, 0.0000, 0.0125, 3.1415, 0.0000, 0.0000, 0.0000, 0.0000,-0.7180,0
 0.0059, 0.0000, 0.0125, 3.1415, 0.0000, 0.0000, 0.0000, 0.0000,-0.7180,0
 0.0059, 0.0000, 0.0125, 3.1415, 0.0000, 0.0000, 0.0000, 0.0000,-0.7180,0
 0.0059, 0.0000, 0.0125, 3.1415, 0.0000, 0.0000, 0.0000, 0.0000,-0.7180,0
 0.0059, 0.0000, 0.0125, 3.1415, 0.0000, 0.0000, 0.0000, 0.0000,-0.7180,0
 0.0059, 0.0000, 0.0125, 3.1415, 0.0000, 0.0000, 0.0000, 0.0000,-0.7180,0
 0.0059, 0.0000, 0.0125, 3.1415, 0.0000, 0.0000, 0.0000, 0.0000,-0.7180,0
 0.0059, 0.0000, 0.0125, 3.1415, 0.0000, 0.0000, 0.0000, 0.0000,-0.7180,0
 0.0059, 0.0000, 0.0125, 3.1415, 0.0000, 0.0000, 0.0000, 0.0000,-0.7180,0
 0.0059, 0.0000, 0.0125, 3.1415, 0.0000, 0.0000, 0.0000, 0.0000,-0.7180,0
 0.0059, 0.0000, 0.0094, 3.1415, 0.0000,-0.2513, 0.0000, 0.0000,-0.7180,0
 0.0059, 0.0000, 0.0094, 3.1415, 0.0000,-0.0502, 0.0000, 0.0000,-0.7180,0
 0.0059, 0.0000, 0.0094, 3.1415, 0.0000,-0.0100, 0.0000, 0.0000,-0.7180,0
 0.0059, 0.0000, 0.0094, 3.1415, 0.0000,-0.0020, 0.0000, 0.0000,-0.7180,0
 0.0059, 0.0000, 0.0094, 3.1415, 0.0000,-0.0004, 0.0000, 0.0000,-0.7180,0
 0.0059, 0.0000, 0.0094, 3.1415, 0.0000,-0.0000, 0.0000, 0.0000,-0.7180,0
 0.0059, 0.0000, 0.0062, 3.1415, 0.0000,-0.2513, 0.0000, 0.0000,-0.7180,0
 0.0059, 0.0000, 0.0062, 3.1415, 0.0000,-0.0502, 0.0000, 0.0000,-0.7180,0
 0.0059, 0.0000, 0.0062, 3.1415, 0.0000,-0.0100, 0.0000, 0.0000,-0.7180,0
 0.0059, 0.0000, 0.0062, 3.1415, 0.0000,-0.0020, 0.0000, 0.0000,-0.7180,0
 0.0059, 0.0000, 0.0031, 3.1415, 0.0000,-0.2517, 0.0000, 0.0000,-0.7180,0
 0.0059, 0.0000, 0.0031, 3.1415, 0.0000,-0.0503, 0.0000, 0.0000,-0.7180,0
 0.0059, 0.0000, 0.0031, 3.1415, 0.0000,-0.0100, 0.0000, 0.0000,-0.7180,0
 0.0059, 0.0000, 0.0031, 3.1415, 0.0000,-0.0020, 0.0000, 0.0000,-0.7180,0
 0.0059, 0.0000, 0.0000, 3.1415, 0.0000,-0.2517, 0.0000, 0.0000,-0.7180,0
 0.0059, 0.0000, 0.0000, 3.1415, 0.0000,-0.0503, 0.0000, 0.0000,-0.7180,0
 0.0059, 0.0000, 0.0000, 3.1415, 0.0000,-0.0100, 0.0000, 0.0000,-0.7180,0
 0.0059, 0.0000, 0.0000, 3.1415, 0.0000,-0.0020, 0.0000, 0.0000,-0.7180,0
 0.0059, 0.0000, 0.0000, 3.1415, 0.0000,-0.0004, 0.0000, 0.0000,-0.7180,0
 0.0059, 0.0000,-0.0031, 3.1415, 0.0000,-0.2514, 0.0000, 0.0000,-0.7180,0
 0.0059, 0.0000,-0.0031, 3.1415, 0.0000,-0.0502, 0.0000, 0.0000,-0.7180,0
 0.0059, 0.0000,-0.0031, 3.1415, 0.0000,-0.0100, 0.0000, 0.0000,-0.7180,0
 0.0059, 0.0000,-0.0031, 3.1415, 0.0000,-0.0020, 0.0000, 0.0000,-0.7180,0
 0.0059, 0.0000,-0.0062, 3.1415, 0.0000,-0.2517, 0.0000, 0.0000,-0.7180,0
 0.0059, 0.0000,-0.0062, 3.1415, 0.0000,-0.0503, 0.0000, 0.0000,-0.7180,0
 0.0059, 0.0000,-0.0062, 3.1415, 0.0000,-0.0100, 0.0000, 0.0000,-0.7180,0
 0.0059, 0.0000,-0.0062, 3.1415, 0.0000,-0.0020, 0.0000, 0.0000,-0.7180,0
 0.0059, 0.0000,-0.0062, 3.1415, 0.0000,-0.0004, 0.0000, 0.0000,-0.7180,0
 0.0059, 0.0000,-0.0094, 3.1415, 0.0000,-0.2514, 0.0000, 0.0000,-0.7180,0
 0.0059, 0.0000,-0.0094, 3.1415, 0.0000,-0.0502, 0.0000, 0.0000,-0.7180,0
 0.0059, 0.0000,-0.0094, 3.1415, 0.0000,-0.0100, 0.0000, 0.0000,-0.7180,0
 0.0059, 0.0000,-0.0094, 3.1415, 0.0000,-0.0020, 0.0000, 0.0000,-0.7180,0
 0.0059, 0.0000,-0.0094, 3.1415, 0.0000,-0.0004, 0.0000, 0.0000,-0.7180,0
 0.0059, 0.0000,-0.0094, 3.1415, 0.0000,-0.0000, 0.0000, 0.0000,-0.7180,0
 0.0059, 0.0000,-0.0125, 3.1415, 0.0000,-0.2513, 0.0000, 0.0000,-0.7180,0
 0.0059, 0.0000,-0.0125, 3.1415, 0.0000,-0.0502, 0.0000, 0.0000,-0.7180,0
 0.0059, 0.0000,-0.0125, 3.1415, 0.0000,-0.0100, 0.0000, 0.0000,-0.7180,0
 0.0059, 0.0000,-0.0125, 3.1415, 0.0000,-0.0020, 0.0000, 0.0000,-0.7180,0
 0.0059, 0.0000,-0.0125, 3.1415, 0.0000,-0.0004, 0.0000, 0.0000,-0.7180,0
 0.0059, 0.0000,-0.0125, 3.1415, 0.0000,-0.0000, 0.0000, 0.0000,-0.7180,0
 0.0059, 0.0000,-0.0125, 3.1415, 0.0000,-0.0000, 0.0000, 0.0000,-0.7180,0
 0.0059, 0.0000,-0.0125, 3.1415, 0.0000,-0.0000, 0.0000, 0.0000,-0.7180,0
 0.0059, 0.0000,-0.0125, 3.1415, 0.0000,-0.0000, 0.0000, 0.0000,-0.7180,0
 0.0059, 0.0000,-0.0125, 3.1415, 0.0000,-0.0000, 0.0000, 0.0000,-0.7180,0
 0.0059, 0.0000,-0.0125, 3.1415, 0.0000,-0.0000, 0.0000, 0.0000,-0.7180,0
 0.0059, 0.0000,-0.0125, 3.1415, 0.0000,-0.0000, 0.0000, 0.0000,-0.7180,0
 0.0059, 0.0000,-0.0125, 3.1415, 0.0000,-0.0000, 0.0000, 0.0000,-0.7180,0
 0.0059, 0.0000,-0.0125, 3.1415, 0.0000,-0.0000, 0.0000, 0.0000,-0.7180,0
 0.0059, 0.0000,-0.0125, 3.1415, 0.0000,-0.0000, 0.0000, 0.0000,-0.7180,0
 0.0059, 0.0000,-0.0125, 3.1415, 0.0000,-0.0000, 0.0000, 0.0000,-0.7180,0
 0.0059, 0.0000,-0.0125, 3.1415, 0.0000,-0.0000, 0.0000, 0.0000,-0.7180,0
 0.0059, 0.0000,-0.0125, 3.1415, 0.0000,-0.0000, 0.0000, 0.0000,-0.7180,0
 0.0059, 0.0000,-0.0125, 3.1415, 0.0000,-0.0000, 0.0000, 0.0000,-0.7180,0
 0.0059, 0.0000,-0.0125, 3.1415, 0.0000,-0.0000, 0.0000, 0.0000,-0.7180,0
 0.0059, 0.0000,-0.0125, 3.1415, 0.0000,-0.0000, 0.0000, 0.0000,-0.7180,0
 0.0059, 0.0000,-0.0094, 3.1415, 0.0000, 0.2513, 0.0000, 0.0000,-0.7180,0
 0.0059, 0.0000,-0.0094, 3.1415, 0.0000, 0.0502, 0.0000, 0.0000,-0.7180,0
 0.0059, 0.0000,-0.0094, 3.1415, 0.0000, 0.0100, 0.0000, 0.0000,-0.7180,0
 0.0059, 0.0000,-0.0094, 3.1415, 0.0000, 0.0020, 0.0000, 0.0000,-0.7180,0
 0.0059, 0.0000,-0.0094, 3.1415, 0.0000, 0.0004, 0.0000, 0.0000,-0.7180,0
 0.0059, 0.0000,-0.0094, 3.1415, 0.0000, 0.0000, 0.0000, 0.0000,-0.7180,0
 0.0059, 0.0000,-0.0062, 3.1415, 0.0000, 0.2513, 0.0000, 0.0000,-0.7180,0
 0.0059, 0.0000,-0.0062, 3.1415, 0.0000, 0.0502, 0.0000, 0.0000,-0.7180,0
 0.0059, 0.0000,-0.0062, 3.1415, 0.0000, 0.0100, 0.0000, 0.0000,-0.7180,0
 0.0059, 0.0000,-0.0062, 3.1415, 0.0000, 0.0020, 0.0000, 0.0000,-0.7180,0
 0.0059, 0.0000,-0.0062, 3.1415, 0.0000, 0.0004, 0.0000, 0.0000,-0.7180,0
 0.0059, 0.0000,-0.0031, 3.1415, 0.0000, 0.2514, 0.0000, 0.0000,-0.7180,0
 0.0059, 0.0000,-0.0031, 3.1415, 0.0000, 0.0502, 0.0000, 0.0000,-0.7180,0
 0.0059, 0.0000,-0.0031, 3.1415, 0.0000, 0.0100, 0.0000, 0.0000,-0.7180,0
 0.0059, 0.0000,-0.0031, 3.1415, 0.0000, 0.0020, 0.0000, 0.0000,-0.7180,0
 0.0059, 0.0000,-0.0031, 3.1415, 0.0000, 0.0004, 0.0000, 0.0000,-0.7180,0
 0.0059, 0.0000, 0.0000, 3.1415, 0.0000, 0.2514, 0.0000, 0.0000,-0.7180,0
 0.0059, 0.0000, 0.0000, 3.1415, 0.0000, 0.0502, 0.0000, 0.0000,-0.7180,0
 0.0059, 0.0000, 0.0000, 3.1415, 0.0000, 0.0100, 0.0000, 0.0000,-0.7180,0
 0.0059, 0.0000, 0.0000, 3.1415, 0.0000, 0.0020, 0.0000, 0.0000,-0.7180,0
 0.0059, 0.0000, 0.0031, 3.1415, 0.0000, 0.2517, 0.0000, 0.0000,-0.7180,0
 0.0059, 0.0000, 0.0031, 3.1415, 0.0000, 0.0503, 0.0000, 0.0000,-0.7180,0
 0.0059, 0.0000, 0.0031, 3.1415, 0.0000, 0.0100, 0.0000, 0.0000,-0.7180,0
 0.0059, 0.0000, 0.0031, 3.1415, 0.0000, 0.0020, 0.0000, 0.0000,-0.7180,0
 0.0059, 0.0000, 0.0062, 3.1415, 0.0000, 0.2517, 0.0000, 0.0000,-0.7180,0
 0.0059, 0.0000, 0.0062, 3.1415, 0.0000, 0.0503, 0.0000, 0.0000,-0.7180,0
 0.0059, 0.0000, 0.0062, 3.1415, 0.0000, 0.0100, 0.0000, 0.0000,-0.7180,0
 0.0059, 0.0000, 0.0062, 3.1415, 0.0000, 0.0020, 0.0000, 0.0000,-0.7180,0
 0.0059, 0.0000, 0.0062, 3.1415, 0.0000, 0.0004, 0.0000, 0.0000,-0.7180,0
 0.0059, 0.0000, 0.0094, 3.1415, 0.0000, 0.2514, 0.0000, 0.0000,-0.7180,0
 0.0059, 0.0000, 0.0094, 3.1415, 0.0000, 0.0502, 0.0000, 0.0000,-0.7180,0
 0.0059, 0.0000, 0.0094, 3.1415, 0.0000, 0.0100, 0.0000, 0.0000,-0.7180,0
 0.0059, 0.0000, 0.0094, 3.1415, 0.0000, 0.0020, 0.0000, 0.0000,-0.7180,0
 0.0059, 0.0000, 0.0094, 3.1415, 0.0000, 0.0004, 0.0000, 0.0000,-0.7180,0
 0.0059, 0.0000, 0.0094, 3.1415, 0.0000, 0.0000, 0.0000, 0.0000,-0.7180,0
 0.0059, 0.0000, 0.0125, 3.1415, 0.0000, 0.2513, 0.0000, 0.0000,-0.7180,0
 0.0059, 0.0000, 0.0125, 3.1415, 0.0000, 0.0502, 0.0000, 0.0000,-0.7180,0
 0.0059, 0.0000, 0.0125, 3.1415, 0.0000, 0.0100, 0.0000, 0.0000,-0.7180,0
 0.0059, 0.0000, 0.0125, 3.1415, 0.0000, 0.0020, 0.0000, 0.0000,-0.7180,0
 0.0059, 0.0000, 0.0125, 3.1415, 0.0000, 0.0004, 0.0000, 0.0000,-0.7180,0
 0.0059, 0.0000, 0.0125, 3.1415, 0.0000, 0.0000, 0.0000, 0.0000,-0.7180,0
 0.0059, 0.0000, 0.0125, 3.1415, 0.0000, 0.0000, 0.0000, 0.0000,-0.7180,0
 0.0059, 0.0000, 0.0125, 3.1415, 0.0000, 0.0000, 0.0000, 0.0000,-0.7180,0
 0.0059, 0.0000, 0.0125, 3.1415, 0.0000, 0.0000, 0.0000, 0.0000,-0.7180,0
 0.0059, 0.0000, 0.0125, 3.1415, 0.0000, 0.0000, 0.0000, 0.0000,-0.7180,0
 0.0059, 0.0000, 0.0125, 3.1415, 0.0000, 0.0000, 0.0000, 0.0000,-0.7180,0
 0.0059, 0.0000, 0.0125, 3.1415, 0.0000, 0.0000, 0.0000, 0.0000,-0.7180,0
 0.0059, 0.0000, 0.0125, 3.1415, 0.0000, 0.0000, 0.0000, 0.0000,-0.7180,0
 0.0059, 0.0000, 0.0125, 3.1415, 0.0000, 0.0000, 0.0000, 0.0000,-0.7180,0
 0.0059, 0.0000, 0.0125, 3.1415, 0.0000, 0.0000, 0.0000, 0.0000,-0.7180,0
 0.0059, 0.0000, 0.0125, 3.1415, 0.0000, 0.0000, 0.0000, 0.0000,-0.7180,0
 0.0059, 0.0000, 0.0125, 3.1415, 0.0000, 0.0000, 0.0000, 0.0000,-0.7180,0
 0.0059, 0.0000, 0.0125, 3.1415, 0.0000, 0.0000, 0.0000, 0.0000,-0.7180,0
 0.0059, 0.0000, 0.0125, 3.1415, 0.0000, 0.0000, 0.0000, 0.0000,-0.7180,0
 0.0059, 0.0000, 0.0125, 3.1415, 0.0000, 0.0000, 0.0000, 0.0000,-0.7180,0
 0.0059, 0.0000, 0.0125, 3.1415, 0.0000, 0.0000, 0.0000, 0.0000,-0.7180,0
 0.0059, 0.0000, 0.0125, 3.1415, 0.0000, 0.0000, 0.0000, 0.0000,-0.7180,0
 0.0059, 0.0000, 0.0125, 3.1415, 0.0000, 0.0000, 0.0000, 0.0000,-0.7180,0
 0.0059, 0.0000, 0.0094, 3.1415, 0.0000,-0.2513, 0.0000, 0.0000,-0.7180,0
 0.0059, 0.0000, 0.0094, 3.1415, 0.0000,-0.0502, 0.0000, 0.0000,-0.7180,0
 0.0059, 0.0000, 0.0094, 3.1415, 0.0000,-0.0100, 0.0000, 0.0000,-0.7180,0
 0.0059, 0.0000, 0.0094, 3.1415, 0.0000,-0.0020, 0.0000, 0.0000,-0.7180,0
 0.0059, 0.0000, 0.0094, 3.1415, 0.0000,-0.0004, 0.0000, 0.0000,-0.7180,0
 0.0059, 0.0000, 0.0094, 3.1415, 0.0000,-0.0000, 0.0000, 0.0000,-0.7180,0
 0.0059, 0.0000, 0.0062, 3.1415, 0.0000,-0.2513, 0.0000, 0.0000,-0.7180,0
 0.0059, 0.0000, 0.0062, 3.1415, 0.0000,-0.0502, 0.0000, 0.0000,-0.7180,0
 0.0059, 0.0000, 0.0062, 3.1415, 0.0000,-0.0100, 0.0000, 0.0000,-0.7180,0
 0.0059, 0.0000, 0.0062, 3.1415, 0.0000,-0.0020, 0.0000, 0.0000,-0.7180,0
 0.0059, 0.0000, 0.0062, 3.1415, 0.0000,-0.0004, 0.0000, 0.0000,-0.7180,0
 0.0059, 0.0000, 0.0031, 3.1415, 0.0000,-0.2514, 0.0000, 0.0000,-0.7180,0
 0.0059, 0.0000, 0.0031, 3.1415, 0.0000,-0.0502, 0.0000, 0.0000,-0.7180,0
 0.0059, 0.0000, 0.0031, 3.1415, 0.0000,-0.0100, 0.0000, 0.0000,-0.7180,0
 0.0059, 0.0000, 0.0031, 3.1415, 0.0000,-0.0020, 0.0000, 0.0000,-0.7180,0
 0.0059, 0.0000, 0.0000, 3.1415, 0.0000,-0.2517, 0.0000, 0.0000,-0.7180,0
 0.0059, 0.0000, 0.0000, 3.1415, 0.0000,-0.0503, 0.0000, 0.0000,-0.7180,0
 0.0059, 0.0000, 0.0000, 3.1415, 0.0000,-0.0100, 0.0000, 0.0000,-0.7180,0
 0.0059, 0.0000, 0.0000, 3.1415, 0.0000,-0.0020, 0.0000, 0.0000,-0.7180,0
 0.0059, 0.0000, 0.0000, 3.1415, 0.0000,-0.0004, 0.0000, 0.0000,-0.7180,0
 0.0059, 0.0000,-0.0031, 3.1415, 0.0000,-0.2514, 0.0000, 0.0000,-0.7180,0
 0.0059, 0.0000,-0.0031, 3.1415, 0.0000,-0.0502, 0.0000, 0.0000,-0.7180,0
 0.0059, 0.0000,-0.0031, 3.1415, 0.0000,-0.0100, 0.0000, 0.0000,-0.7180,0
 0.0059, 0.0000,-0.0031, 3.1415, 0.0000,-0.0020, 0.0000, 0.0000,-0.7180,0
 0.0059, 0.0000,-0.0031, 3.1415, 0.0000,-0.0004, 0.0000, 0.0000,-0.7180,0
 0.0059, 0.0000,-0.0062, 3.1415, 0.0000,-0.2514, 0.0000, 0.0000,-0.7180,0
 0.0059, 0.0000,-0.0062, 3.1415, 0.0000,-0.0502, 0.0000, 0.0000,-0.7180,0
 0.0059, 0.0000,-0.0062, 3.1415, 0.0000,-0.0100, 0.0000, 0.0000,-0.7180,0
 0.0059, 0.0000,-0.0062, 3.1415, 0.0000,-0.0020, 0.0000, 0.0000,-0.7180,0
 0.0059, 0.0000,-0.0062, 3.1415, 0.0000,-0.0004,-0.3479,-0.7180,-0.7173,0
 0.0059, 0.0000,-0.0094, 3.1415,-0.0060,-0.2514,-2.6060,-0.7171,-0.7166,0
 0.0057, 0.0000,-0.0094, 3.1415,-0.0133,-0.0502, 1.1432,-0.7180,-0.7159,0
 0.0059, 0.0000,-0.0094, 3.1415, 0.0155,-0.0100, 0.0878,-0.7180,-0.7152,0
 0.0060, 0.0000,-0.0094, 3.1415, 0.0091,-0.0020,-0.2977,-0.7180,-0.7145,0
 0.0059, 0.0000,-0.0094, 3.1415,-0.0102,-0.0004,-0.2384,-0.7180,-0.7137,0
 0.0057, 0.0000,-0.0094, 3.1415,-0.0141,-0.0000,-0.2302,-0.7180,-0.7130,0
 0.0057, 0.0000,-0.0094, 3.1415,-0.0028,-0.0000,-0.3557,-0.7180,-0.7123,0
 0.0056, 0.0000,-0.0094, 3.1415,-0.0126,-0.0000,-0.2483,-0.7180,-0.7116,0
 0.0053, 0.0000,-0.0094, 3.1415,-0.0207,-0.0000,-0.1523,-0.7180,-0.7109,0
 0.0051, 0.0000,-0.0094, 3.1415,-0.0223,-0.0000,-0.1208,-0.7180,-0.7101,0
 0.0048, 0.0000,-0.0094, 3.1415,-0.0287,-0.0000,-0.0358,-0.7180,-0.7094,0
 0.0046, 0.0000,-0.0094, 3.1415,-0.0239,-0.0000,-0.0690,-0.7180,-0.7087,0
 0.0042, 0.0000,-0.0062, 3.1415,-0.0351, 0.2513, 2.0845,-0.7171,-0.7080,0
 0.0044, 0.0000,-0.0062, 3.1415, 0.0111, 0.0502,-1.8606,-0.7180,-0.7073,0
 0.0037, 0.0000,-0.0062, 3.1415,-0.0583, 0.0100,-0.3169,-0.7180,-0.7066,0
 0.0034, 0.0000,-0.0062, 3.1415,-0.0359, 0.0020,-0.0712,-0.7180,-0.7058,0
 0.0030, 0.0000,-0.0031, 3.1415,-0.0375, 0.2517, 2.0451,-0.7172,-0.7051,0
 0.0032, 0.0000,-0.0031, 3.1415, 0.0106, 0.0503,-1.8062,-0.7180,-0.7044,0
 0.0024, 0.0000,-0.0031, 3.1415,-0.0645, 0.0100,-0.1748,-0.7180,-0.7037,0
 0.0020, 0.0000, 0.0000, 3.1415,-0.0432, 0.2533, 1.9517,-0.7171,-0.7030,0
 0.0021, 0.0000, 0.0000, 3.1415, 0.0034, 0.0506,-1.7172,-0.7180,-0.7022,0
 0.0015, 0.0000, 0.0000, 3.1415,-0.0538, 0.0101,-0.2352,-0.7180,-0.7015,0
 0.0011, 0.0000, 0.0031, 3.1415,-0.0410, 0.2533, 1.9212,-0.7171,-0.7008,0
 0.0012, 0.0000, 0.0031, 3.1415,-0.0021, 0.0506,-1.6079,-0.7180,-0.7001,0
 0.0005, 0.0000, 0.0031, 3.1415,-0.0550, 0.0101,-0.1603,-0.7180,-0.6994,0
 0.0001, 0.0000, 0.0031, 3.1415,-0.0413, 0.0020, 0.1974,-0.7180,-0.6987,0
 0.0000, 0.0000, 0.0062, 3.1415,-0.0143, 0.2517, 1.7852,-0.7171,-0.6979,0
 0.0000, 0.0000, 0.0062, 3.1415,-0.0028, 0.0503,-1.4994,-0.7180,-0.6972,0
-0.0005, 0.0000, 0.0062, 3.1415,-0.0490, 0.0100,-0.1414,-0.7180,-0.6965,0
-0.0006, 0.0000, 0.0062, 3.1415,-0.0219, 0.0020, 0.0593,-0.7180,-0.6958,0
-0.0005, 0.0000, 0.0062, 3.1415, 0.0077, 0.0004,-0.0991,-0.7180,-0.6951,0
-0.0009, 0.0000, 0.0062, 3.1415,-0.0287, 0.0000, 0.3382,-0.7180,-0.6943,0
-0.0007, 0.0000, 0.0062, 3.1415, 0.0063, 0.0000,-0.0169,-0.7180,-0.6936,0
-0.0010, 0.0000, 0.0062, 3.1415,-0.0229, 0.0000, 0.3033,-0.7180,-0.6929,0
-0.0009, 0.0000, 0.0062, 3.1415, 0.0014, 0.0000, 0.0513,-0.7180,-0.6922,0
-0.0007, 0.0000, 0.0062, 3.1415, 0.0184, 0.0000,-0.1361,-0.7180,-0.6915,0
-0.0009, 0.0000, 0.0062, 3.1415,-0.0084, 0.0000, 0.1465,-0.7180,-0.6908,0
-0.0008, 0.0000, 0.0062, 3.1415, 0.0043, 0.0000, 0.0118,-0.7180,-0.6900,0
-0.0006, 0.0000, 0.0062, 3.1415, 0.0190, 0.0000,-0.1522,-0.7180,-0.6893,0
-0.0006, 0.0000, 0.0031, 3.1415,-0.0022,-0.2513,-1.3428,-0.7172,-0.6886,0
-0.0009, 0.0000, 0.0031, 3.1415,-0.0186,-0.0502, 1.8171,-0.7180,-0.6879,0
-0.0006, 0.0000, 0.0031, 3.1415, 0.0144,-0.0100, 0.5818,-0.7180,-0.6872,0
-0.0004, 0.0000, 0.0031, 3.1415, 0.0210,-0.0020, 0.0273,-0.7180,-0.6864,0
-0.0002, 0.0000, 0.0031, 3.1415, 0.0224,-0.0004,-0.1547,-0.7180,-0.6857,0
-0.0003, 0.0000, 0.0000, 3.1415,-0.0076,-0.2514,-1.1825,-0.7172,-0.6850,0
-0.0004, 0.0000, 0.0000, 3.1415,-0.0075,-0.0502, 1.7004,-0.7180,-0.6843,0
 0.0000, 0.0000, 0.0000, 3.1415, 0.0348,-0.0100, 0.3346,-0.7180,-0.6836,0
 0.0003, 0.0000, 0.0000, 3.1415, 0.0312,-0.0020,-0.1252,-0.7180,-0.6829,0
 0.0003, 0.0000,-0.0031, 3.1415, 0.0062,-0.2517,-1.2372,-0.7172,-0.6821,0
 0.0000, 0.0000,-0.0031, 3.1415,-0.0230,-0.0503, 1.8546,-0.7180,-0.6814,0
 0.0004, 0.0000,-0.0031, 3.1415, 0.0317,-0.0100, 0.3414,-0.7180,-0.6807,0
 0.0006, 0.0000,-0.0031, 3.1415, 0.0245,-0.0020,-0.0818,-0.7180,-0.6800,0
 0.0006, 0.0000,-0.0031, 3.1415,-0.0011,-0.0004, 0.0281,-0.7180,-0.6793,0
 0.0006, 0.0000,-0.0062, 3.1415, 0.0058,-0.2514,-1.1897,-0.7171,-0.6785,0
 0.0005, 0.0000,-0.0062, 3.1415,-0.0109,-0.0502, 1.7083,-0.7180,-0.6778,0
 0.0009, 0.0000,-0.0062, 3.1415, 0.0341,-0.0100, 0.2830,-0.7180,-0.6771,0
 0.0012, 0.0000,-0.0062, 3.1415, 0.0250,-0.0020,-0.1221,-0.7180,-0.6764,0
 0.0010, 0.0000,-0.0062, 3.1415,-0.0071,-0.0004, 0.0579,-0.7180,-0.6757,0
 0.0012, 0.0000,-0.0094, 3.1415, 0.0167,-0.2514,-1.2300,-0.7171,-0.6750,0
 0.0011, 0.0000,-0.0094, 3.1415,-0.0087,-0.0502, 1.6675,-0.7180,-0.6742,0
 0.0015, 0.0000,-0.0094, 3.1415, 0.0346,-0.0100, 0.2422,-0.7180,-0.6735,0
 0.0017, 0.0000,-0.0094, 3.1415, 0.0190,-0.0020,-0.0964,-0.7180,-0.6728,0
 0.0015, 0.0000,-0.0094, 3.1415,-0.0083,-0.0004, 0.0345,-0.7180,-0.6721,0
 0.0020, 0.0000,-0.0094, 3.1415, 0.0347,-0.0000,-0.4748,-0.7180,-0.6714,0
 0.0020, 0.0000,-0.0125, 3.1415, 0.0069,-0.2513,-1.0592,-0.7171,-0.6706,0
 0.0018, 0.0000,-0.0125, 3.1415,-0.0107,-0.0502, 1.6603,-0.7180,-0.6699,0
 0.0019, 0.0000,-0.0125, 3.1415, 0.0039,-0.0100, 0.5323,-0.7180,-0.6692,0
 0.0021, 0.0000,-0.0125, 3.1415, 0.0189,-0.0020,-0.1254,-0.7180,-0.6685,0
 0.0021, 0.0000,-0.0125, 3.1415,-0.0022,-0.0004,-0.0622,-0.7180,-0.6678,0
 0.0020, 0.0000,-0.0125, 3.1415,-0.0065,-0.0000,-0.0573,-0.7180,-0.6671,0
 0.0018, 0.0000,-0.0094, 3.1415,-0.0194, 0.2513, 0.7984,-0.7171,-0.6663,0
 0.0019, 0.0000,-0.0094, 3.1415, 0.0082, 0.0502,-1.9205,-0.7180,-0.6656,0
 0.0016, 0.0000,-0.0094, 3.1415,-0.0226, 0.0100,-0.5931,-0.7180,-0.6649,0
 0.0012, 0.0000,-0.0094, 3.1415,-0.0348, 0.0020, 0.0502,-0.7180,-0.6642,0
 0.0012, 0.0000,-0.0094, 3.1415,-0.0130, 0.0004,-0.0076,-0.7180,-0.6635,0
 0.0011, 0.0000,-0.0062, 3.1415,-0.0086, 0.2514, 0.6045,-0.7171,-0.6627,0
 0.0011, 0.0000,-0.0062, 3.1415,-0.0017, 0.0502,-1.7903,-0.7180,-0.6620,0
 0.0009, 0.0000,-0.0062, 3.1415,-0.0185, 0.0100,-0.5888,-0.7180,-0.6613,0
 0.0009, 0.0000,-0.0062, 3.1415,-0.0037, 0.0020,-0.2405,-0.7180,-0.6606,0
 0.0003, 0.0000,-0.0031, 3.1415,-0.0431, 0.2517, 0.8719,-0.7172,-0.6599,0
 0.0004, 0.0000,-0.0031, 3.1415,-0.0025, 0.0503,-1.7649,-0.7180,-0.6592,0
-0.0001, 0.0000,-0.0031, 3.1415,-0.0490, 0.0100,-0.2149,-0.7180,-0.6584,0
-0.0003, 0.0000, 0.0000, 3.1415,-0.0279, 0.2533, 0.5424,-0.7171,-0.6577,0
-0.0006, 0.0000, 0.0000, 3.1415,-0.0298, 0.0506,-1.4694,-0.7180,-0.6570,0
-0.0008, 0.0000, 0.0031, 3.1415,-0.0180, 0.2614,-0.0860,-0.7171,-0.6563,0
-0.0012, 0.0000, 0.0031, 3.1415,-0.0339, 0.0522,-1.5642,-0.7180,-0.6556,0
-0.0018, 0.0000, 0.0062, 3.1415,-0.0552, 0.2617, 0.2663,-0.7171,-0.6548,0
-0.0018, 0.0000, 0.0062, 3.1415,-0.0171, 0.0523,-1.7090,-0.7180,-0.6541,0
-0.0024, 0.0000, 0.0094, 3.1415,-0.0458, 0.2617, 0.1630,-0.7171,-0.6534,0
-0.0024, 0.0000, 0.0094, 3.1415,-0.0091, 0.0523,-1.7636,-0.7180,-0.6527,0
-0.0031, 0.0000, 0.0094, 3.1415,-0.0564, 0.0104,-0.0078,-0.7180,-0.6520,0
-0.0034, 0.0000, 0.0125, 3.1415,-0.0355, 0.2534, 0.6073,-0.7171,-0.6513,0
-0.0037, 0.0000, 0.0125, 3.1415,-0.0313, 0.0506,-1.2936,-0.7179,-0.6505,0
-0.0040, 0.0000, 0.0157, 3.1415,-0.0305, 0.2614, 0.0469,-0.7170,-0.6498,0
-0.0043, 0.0000, 0.0157, 3.1415,-0.0364, 0.0522,-1.3659,-0.7179,-0.6491,0
-0.0048, 0.0000, 0.0157, 3.1415,-0.0436, 0.0104,-0.0211,-0.7180,-0.6484,0
-0.0050, 0.0000, 0.0188, 3.1415,-0.0269, 0.2534, 0.5227,-0.7170,-0.6477,0
-0.0052, 0.0000, 0.0188, 3.1415,-0.0175, 0.0506,-1.3534,-0.7179,-0.6469,0
-0.0057, 0.0000, 0.0188, 3.1415,-0.0459, 0.0101, 0.1046,-0.7179,-0.6462,0
-0.0057, 0.0000, 0.0219, 3.1415,-0.0091, 0.2533, 0.3341,-0.7170,-0.6455,0
-0.0056, 0.0000, 0.0188, 3.1415, 0.0042,-0.2006,-1.5935,-0.7174,-0.6448,0
-0.0057, 0.0000, 0.0188, 3.1415,-0.0052,-0.0401, 1.5288,-0.7179,-0.6441,0
-0.0056, 0.0000, 0.0188, 3.1415, 0.0050,-0.0080, 0.8440,-0.7179,-0.6434,0
-0.0056, 0.0000, 0.0188, 3.1415, 0.0070,-0.0016, 0.4674,-0.7179,-0.6426,0
-0.0054, 0.0000, 0.0188, 3.1415, 0.0135,-0.0003, 0.2744,-0.7179,-0.6419,0
-0.0051, 0.0000, 0.0157, 3.1415, 0.0269,-0.2513, 0.1450,-0.7171,-0.6412,0
-0.0047, 0.0000, 0.0157, 3.1415, 0.0357,-0.0502, 1.8239,-0.7179,-0.6405,0
-0.0043, 0.0000, 0.0125, 3.1415, 0.0374,-0.2613, 0.7605,-0.7170,-0.6398,0
-0.0038, 0.0000, 0.0094, 3.1415, 0.0499,-0.3036, 1.9553,-0.7167,-0.6390,0
-0.0031, 0.0000, 0.0094, 3.1415, 0.0645,-0.0607, 2.2378,-0.7180,-0.6383,0
-0.0025, 0.0000, 0.0062, 3.1415, 0.0674,-0.2634, 0.6359,-0.7171,-0.6376,0
-0.0018, 0.0000, 0.0031, 3.1415, 0.0680,-0.3040, 1.7785,-0.7167,-0.6369,0
-0.0009, 0.0000, 0.0000, 3.1415, 0.0863,-0.3121, 2.0901,-0.7167,-0.6362,0
 0.0000, 0.0000,-0.0031, 3.1415, 0.0900,-0.3137, 2.1851,-0.7167,-0.6355,0
 0.0009, 0.0000,-0.0094, 3.1415, 0.0968,-0.5654, 2.1527,-0.7135,-0.6347,0
 0.0021, 0.0000,-0.0125, 3.1415, 0.1163,-0.3644, 3.7523,-0.7161,-0.6340,0
 0.0035, 0.0000,-0.0188, 3.1415, 0.1324,-0.5755, 2.4587,-0.7133,-0.6333,0
 0.0050, 0.0000,-0.0219, 3.1415, 0.1477,-0.3664, 3.5250,-0.7160,-0.6326,0
 0.0068, 0.0000,-0.0282, 3.1415, 0.1690,-0.5759, 2.0186,-0.7131,-0.6319,0
 0.0085, 0.0000,-0.0345, 3.1415, 0.1732,-0.6178, 3.1659,-0.7123,-0.6311,0
 0.0105, 0.0000,-0.0408, 3.1415, 0.1922,-0.6262, 3.4403,-0.7120,-0.6304,0
 0.0125, 0.0000,-0.0471, 3.1415, 0.2021,-0.6278, 3.4145,-0.7117,-0.6297,0
 0.0147, 0.0000,-0.0534, 3.1415, 0.2162,-0.6282, 3.2071,-0.7115,-0.6290,0
 0.0169, 0.0000,-0.0628, 3.1415, 0.2190,-0.8796, 2.7664,-0.7058,-0.6283,0
 0.0193, 0.0000,-0.0691, 3.1415, 0.2317,-0.6785, 4.6274,-0.7099,-0.6276,0
 0.0219, 0.0000,-0.0753, 3.1415, 0.2525,-0.6383, 3.1878,-0.7103,-0.6268,0
 0.0245, 0.0000,-0.0848, 3.1415, 0.2627,-0.8816, 2.1330,-0.7046,-0.6261,0
 0.0273, 0.0000,-0.0911, 3.1415, 0.2768,-0.6789, 3.7500,-0.7086,-0.6254,0
 0.0301, 0.0000,-0.1005, 3.1415, 0.2797,-0.8897, 2.1280,-0.7033,-0.6247,0
 0.0331, 0.0000,-0.1068, 3.1415, 0.2924,-0.6806, 3.3834,-0.7075,-0.6240,0
 0.0361, 0.0000,-0.1130, 3.1415, 0.3010,-0.6387, 1.8545,-0.7077,-0.6233,0
 0.0391, 0.0000,-0.1225, 3.1415, 0.3027,-0.8817, 0.8211,-0.7018,-0.6225,0
 0.0422, 0.0000,-0.1288, 3.1415, 0.3030,-0.6790, 2.5068,-0.7056,-0.6218,0
 0.0454, 0.0000,-0.1350, 3.1415, 0.3213,-0.6384, 0.9738,-0.7058,-0.6211,0
 0.0488, 0.0000,-0.1445, 3.1415, 0.3310,-0.8816,-0.1363,-0.6997,-0.6204,0
 0.0518, 0.0000,-0.1507, 3.1415, 0.3087,-0.6789, 1.7699,-0.7034,-0.6197,0
 0.0549, 0.0000,-0.1539, 3.1415, 0.3103,-0.3871, 0.2729,-0.7075,-0.6189,0
 0.0580, 0.0000,-0.1602, 3.1415, 0.3106,-0.5800,-2.1198,-0.7041,-0.6182,0
 0.0606, 0.0000,-0.1633, 3.1415, 0.2682,-0.3673,-1.1122,-0.7066,-0.6175,0
 0.0633, 0.0000,-0.1665, 3.1415, 0.2719,-0.3247,-2.7353,-0.7066,-0.6168,0
 0.0656, 0.0000,-0.1696, 3.1415, 0.2362,-0.3162,-3.1072,-0.7063,-0.6161,0
 0.0678, 0.0000,-0.1665, 3.1415, 0.2230, 0.1880,-4.3485,-0.7076,-0.6154,0
 0.0695, 0.0000,-0.1665, 3.1415, 0.1780, 0.0376,-4.6799,-0.7081,-0.6146,0
 0.0707, 0.0000,-0.1633, 3.1415, 0.1386, 0.2588,-4.6799,-0.7075,-0.6139,0
 0.0716, 0.0000,-0.1570, 3.1415, 0.1004, 0.5544,-4.6799,-0.7049,-0.6132,0
 0.0723, 0.0000,-0.1507, 3.1415, 0.0686, 0.6135,-4.6799,-0.7046,-0.6125,0
 0.0725, 0.0000,-0.1413, 3.1415, 0.0319, 0.8766,-4.6799,-0.7001,-0.6118,0
 0.0723, 0.0000,-0.1319, 3.1415,-0.0118, 0.9293,-4.6799,-0.6997,-0.6110,0
 0.0718, 0.0000,-0.1193, 3.1415,-0.0387, 1.1911,-4.6799,-0.6931,-0.6103,0
 0.0710, 0.0000,-0.1068, 3.1415,-0.0744, 1.2435,-4.6799,-0.6923,-0.6096,0
 0.0699, 0.0000,-0.0942, 3.1415,-0.0997, 1.2540,-4.6799,-0.6928,-0.6089,0
 0.0685, 0.0000,-0.0785, 3.1415,-0.1290, 1.5074,-4.6799,-0.6840,-0.6082,0
 0.0669, 0.0000,-0.0628, 3.1415,-0.1592, 1.5581,-4.6799,-0.6826,-0.6075,0
 0.0651, 0.0000,-0.0471, 3.1415,-0.1712, 1.5682,-4.6799,-0.6828,-0.6067,0
 0.0631, 0.0000,-0.0282, 3.1415,-0.1979, 1.8216,-4.6799,-0.6713,-0.6060,0
 0.0609, 0.0000,-0.0094, 3.1415,-0.2154, 1.8722,-4.6799,-0.6689,-0.6053,0
 0.0585, 0.0000, 0.0094, 3.1415,-0.2371, 1.8824,-4.6799,-0.6684,-0.6046,0
 0.0559, 0.0000, 0.0282, 3.1415,-0.2535, 1.8844,-4.6799,-0.6680,-0.6039,0
 0.0530, 0.0000, 0.0502, 3.1415,-0.2811, 2.1361,-4.6799,-0.6532,-0.6031,0
 0.0500, 0.0000, 0.0722, 3.1415,-0.2987, 2.1865,-4.6799,-0.6492,-0.6024,0
 0.0466, 0.0000, 0.0911, 3.1415,-0.3265, 1.9452,-4.6799,-0.6621,-0.6017,0
 0.0433, 0.0000, 0.1130, 3.1415,-0.3320, 2.1483,-4.6799,-0.6488,-0.6010,0
 0.0397, 0.0000, 0.1350, 3.1415,-0.3574, 2.1889,-4.6799,-0.6444,-0.6003,0
 0.0360, 0.0000, 0.1570, 3.1415,-0.3625, 2.1970,-4.6799,-0.6416,-0.5996,0
 0.0320, 0.0000, 0.1790, 3.1415,-0.3938, 2.1987,-4.6799,-0.6389,-0.5988,0
 0.0280, 0.0000, 0.2010, 3.1415,-0.4001, 2.1990,-4.6799,-0.6359,-0.5981,0
 0.0238, 0.0000, 0.2230, 3.1415,-0.4135, 2.1990,-4.6799,-0.6325,-0.5974,0
 0.0195, 0.0000, 0.2419, 3.1415,-0.4283, 1.9477,-4.6799,-0.6440,-0.5967,0
 0.0150, 0.0000, 0.2638, 3.1415,-0.4434, 2.1488,-3.6942,-0.6285,-0.5960,0
 0.0106, 0.0000, 0.2858, 3.1415,-0.4464, 2.1890,-2.6354,-0.6218,-0.5952,0
 0.0059, 0.0000, 0.3047, 3.1415,-0.4591, 1.9457,-4.6799,-0.6320,-0.5945,0
 0.0013, 0.0000, 0.3235, 3.1415,-0.4616, 1.8971,-4.5099,-0.6304,-0.5938,0
-0.0034, 0.0000, 0.3424, 3.1415,-0.4803, 1.8873,-2.6304,-0.6265,-0.5931,0
-0.0083, 0.0000, 0.3612, 3.1415,-0.4841, 1.8854,-1.1946,-0.6219,-0.5924,0
-0.0131, 0.0000, 0.3769, 3.1415,-0.4788, 1.6337,-3.7907,-0.6302,-0.5917,0
-0.0179, 0.0000, 0.3926, 3.1415,-0.4838, 1.5833,-1.6158,-0.6283,-0.5909,0
-0.0228, 0.0000, 0.4084, 3.1415,-0.4908, 1.5733, 0.0498,-0.6243,-0.5902,0
-0.0271, 0.0000, 0.4209, 3.1415,-0.4377, 1.3199,-2.1687,-0.6310,-0.5895,0
-0.0319, 0.0000, 0.4303, 3.1415,-0.4695, 1.0179,-1.7292,-0.6380,-0.5888,0
-0.0364, 0.0000, 0.4398, 3.1415,-0.4577, 0.9575, 0.7262,-0.6369,-0.5881,0
-0.0406, 0.0000, 0.4492, 3.1415,-0.4250, 0.9454, 1.7328,-0.6343,-0.5873,0
-0.0446, 0.0000, 0.4555, 3.1415,-0.4063, 0.6917, 0.9902,-0.6381,-0.5866,0
-0.0484, 0.0000, 0.4586, 3.1415,-0.3844, 0.3896, 1.8267,-0.6417,-0.5859,0
-0.0517, 0.0000, 0.4618, 3.1415,-0.3436, 0.3292, 3.8379,-0.6413,-0.5852,0
-0.0546, 0.0000, 0.4618, 3.1415,-0.2991, 0.0658, 3.9104,-0.6428,-0.5845,0
-0.0572, 0.0000, 0.4555, 3.1415,-0.2659,-0.4894, 4.6343,-0.6415,-0.5838,0
-0.0591, 0.0000, 0.4492, 3.1415,-0.2108,-0.6005, 4.6799,-0.6417,-0.5830,0
-0.0607, 0.0000, 0.4398, 3.1415,-0.1694,-0.8740, 4.6799,-0.6390,-0.5823,0
-0.0619, 0.0000, 0.4272, 3.1415,-0.1248,-1.1801, 4.6799,-0.6340,-0.5816,0
-0.0624, 0.0000, 0.4146, 3.1415,-0.0674,-1.2413, 4.6799,-0.6356,-0.5809,0
-0.0626, 0.0000, 0.3958, 3.1415,-0.0256,-1.7562, 4.6799,-0.6193,-0.5802,0
-0.0623, 0.0000, 0.3769, 3.1415, 0.0130,-1.8592, 4.6799,-0.6192,-0.5794,0
-0.0619, 0.0000, 0.3549, 3.1415, 0.0389,-2.1311, 4.6799,-0.6097,-0.5787,0
-0.0611, 0.0000, 0.3330, 3.1415, 0.0684,-2.1855, 4.6799,-0.6117,-0.5780,0
-0.0600, 0.0000, 0.3078, 3.1415, 0.1046,-2.4477, 4.6799,-0.6004,-0.5773,0
-0.0585, 0.0000, 0.2827, 3.1415, 0.1361,-2.5001, 4.6799,-0.6020,-0.5766,0
-0.0570, 0.0000, 0.2513, 3.1415, 0.1484,-3.0133,-4.6799,-0.5684,-0.5759,0
-0.0560, 0.0000, 0.2230, 3.1415, 0.1085,-2.8646, 4.6799,-0.5854,-0.5751,0
-0.0537, 0.0000, 0.1947, 3.1415, 0.2096,-2.8348, 4.6799,-0.5920,-0.5744,0
-0.0519, 0.0000, 0.1633, 3.1415, 0.1813,-3.0802, 0.0749,-0.5757,-0.5737,0
-0.0500, 0.0000, 0.1319, 3.1415, 0.1878,-3.1293, 1.1081,-0.5747,-0.5730,0
-0.0481, 0.0000, 0.1005, 3.1415, 0.1952,-3.1391, 2.5067,-0.5765,-0.5723,0
-0.0460, 0.0000, 0.0659, 3.1415, 0.2088,-3.3924,-4.6799,-0.5554,-0.5715,0
-0.0443, 0.0000, 0.0314, 3.1415, 0.1751,-3.4430,-4.6799,-0.5517,-0.5708,0
-0.0425, 0.0000, 0.0000, 3.1415, 0.1744,-3.2018, 4.6799,-0.5745,-0.5701,0
-0.0405, 0.0000,-0.0314, 3.1415, 0.1986,-3.1536, 4.6799,-0.5785,-0.5694,0
-0.0387, 0.0000,-0.0628, 3.1415, 0.1852,-3.1440, 4.6799,-0.5782,-0.5687,0
-0.0366, 0.0000,-0.0973, 3.1415, 0.2007,-3.3934,-4.6799,-0.5534,-0.5680,0
-0.0355, 0.0000,-0.1288, 3.1415, 0.1311,-3.1919, 3.4695,-0.5695,-0.5672,0
-0.0330, 0.0000,-0.1602, 3.1415, 0.2263,-3.1516, 2.0114,-0.5698,-0.5665,0
-0.0312, 0.0000,-0.1916, 3.1415, 0.1907,-3.1436, 0.8699,-0.5665,-0.5658,0
-0.0295, 0.0000,-0.2199, 3.1415, 0.1715,-2.8906, 4.6799,-0.5838,-0.5651,0
-0.0275, 0.0000,-0.2513, 3.1415, 0.1919,-3.0914,-2.1292,-0.5617,-0.5644,0
-0.0261, 0.0000,-0.2796, 3.1415, 0.1535,-2.8802, 4.6799,-0.5740,-0.5636,0
-0.0242, 0.0000,-0.3078, 3.1415, 0.1823,-2.8379, 3.6258,-0.5715,-0.5629,0
-0.0226, 0.0000,-0.3330, 3.1415, 0.1637,-2.5782, 4.6799,-0.5855,-0.5622,0
-0.0206, 0.0000,-0.3581, 3.1415, 0.1964,-2.5262, 4.6799,-0.5831,-0.5615,0
-0.0190, 0.0000,-0.3832, 3.1415, 0.1666,-2.5158, 4.6799,-0.5773,-0.5608,0
-0.0172, 0.0000,-0.4084, 3.1415, 0.1727,-2.5137, 2.7578,-0.5705,-0.5601,0
-0.0151, 0.0000,-0.4303, 3.1415, 0.2043,-2.2620, 4.6799,-0.5809,-0.5593,0
-0.0128, 0.0000,-0.4523, 3.1415, 0.2227,-2.2117, 4.2922,-0.5773,-0.5586,0
-0.0109, 0.0000,-0.4743, 3.1415, 0.2022,-2.2016, 2.3344,-0.5709,-0.5579,0
-0.0085, 0.0000,-0.4963, 3.1415, 0.2284,-2.1996, 0.1386,-0.5636,-0.5572,0
-0.0063, 0.0000,-0.5152, 3.1415, 0.2215,-1.9478, 3.6128,-0.5717,-0.5565,0
-0.0039, 0.0000,-0.5309, 3.1415, 0.2383,-1.6462, 4.6799,-0.5812,-0.5557,0
-0.0015, 0.0000,-0.5466, 3.1415, 0.2356,-1.5858, 2.7762,-0.5782,-0.5550,0
 0.0006, 0.0000,-0.5623, 3.1415, 0.2290,-1.5738, 1.1258,-0.5728,-0.5543,0
 0.0028, 0.0000,-0.5749, 3.1415, 0.2216,-1.3200, 3.0517,-0.5782,-0.5536,0
 0.0054, 0.0000,-0.5874, 3.1415, 0.2504,-1.2693, 0.8877,-0.5751,-0.5529,0
 0.0080, 0.0000,-0.5969, 3.1415, 0.2562,-1.0078, 1.9004,-0.5796,-0.5522,0
 0.0102, 0.0000,-0.6031, 3.1415, 0.2270,-0.7042, 2.1209,-0.5844,-0.5514,0
 0.0128, 0.0000,-0.6094, 3.1415, 0.2515,-0.6434,-0.2820,-0.5830,-0.5507,0
 0.0149, 0.0000,-0.6157, 3.1415, 0.2200,-0.6313,-0.9685,-0.5806,-0.5500,0
 0.0170, 0.0000,-0.6157, 3.1415, 0.2137,-0.1262, 0.9860,-0.5859,-0.5493,0
 0.0187, 0.0000,-0.6157, 3.1415, 0.1822,-0.0252,-1.4941,-0.5861,-0.5486,0
 0.0203, 0.0000,-0.6126, 3.1415, 0.1577, 0.2462,-1.5896,-0.5866,-0.5478,0
 0.0216, 0.0000,-0.6094, 3.1415, 0.1406, 0.3005,-3.2330,-0.5875,-0.5471,0
 0.0224, 0.0000,-0.6000, 3.1415, 0.0887, 0.8141,-1.3813,-0.5833,-0.5464,0
 0.0231, 0.0000,-0.5906, 3.1415, 0.0783, 0.9168,-4.3742,-0.5846,-0.5457,0
 0.0234, 0.0000,-0.5780, 3.1415, 0.0338, 1.1886,-3.9372,-0.5816,-0.5450,0
 0.0232, 0.0000,-0.5623, 3.1415,-0.0053, 1.4943,-3.5210,-0.5762,-0.5443,0
 0.0228, 0.0000,-0.5434, 3.1415,-0.0374, 1.8068,-2.7863,-0.5689,-0.5435,0
 0.0220, 0.0000,-0.5215, 3.1415,-0.0681, 2.1206,-1.2603,-0.5596,-0.5428,0
 0.0211, 0.0000,-0.4995, 3.1415,-0.0863, 2.1834,-4.2449,-0.5636,-0.5421,0
 0.0197, 0.0000,-0.4743, 3.1415,-0.1264, 2.4473,-1.0020,-0.5549,-0.5414,0
 0.0184, 0.0000,-0.4461, 3.1415,-0.1344, 2.7514, 3.1443,-0.5418,-0.5407,0
 0.0172, 0.0000,-0.4178, 3.1415,-0.1178, 2.8122,-0.2682,-0.5455,-0.5399,0
 0.0156, 0.0000,-0.3895, 3.1415,-0.1508, 2.8243,-3.1631,-0.5526,-0.5392,0
 0.0137, 0.0000,-0.3581, 3.1415,-0.1817, 3.0781, 3.0630,-0.5398,-0.5385,0
 0.0126, 0.0000,-0.3235, 3.1415,-0.1273, 3.3802, 4.6799,-0.5208,-0.5378,0
 0.0112, 0.0000,-0.2921, 3.1415,-0.1406, 3.1893,-3.1203,-0.5452,-0.5371,0
 0.0095, 0.0000,-0.2576, 3.1415,-0.1615, 3.4024, 4.6673,-0.5323,-0.5364,0
 0.0086, 0.0000,-0.2261, 3.1415,-0.1050, 3.1937,-4.6799,-0.5569,-0.5356,0
 0.0069, 0.0000,-0.1916, 3.1415,-0.1544, 3.4033,-0.3092,-0.5427,-0.5349,0
 0.0056, 0.0000,-0.1570, 3.1415,-0.1400, 3.4452,-1.7651,-0.5430,-0.5342,0
 0.0040, 0.0000,-0.1193, 3.1415,-0.1492, 3.7049, 4.6799,-0.5208,-0.5335,0
 0.0034, 0.0000,-0.0848, 3.1415,-0.0783, 3.5055,-4.6799,-0.5434,-0.5328,0
 0.0014, 0.0000,-0.0471, 3.1415,-0.1793, 3.7170, 4.6799,-0.5238,-0.5320,0
 0.0010, 0.0000,-0.0125, 3.1415,-0.0661, 3.5080,-4.6799,-0.5457,-0.5313,0
-0.0007, 0.0000, 0.0219, 3.1415,-0.1587, 3.4662,-4.6799,-0.5497,-0.5306,0
-0.0019, 0.0000, 0.0596, 3.1415,-0.1287, 3.7091, 4.6799,-0.5242,-0.5299,0
-0.0024, 0.0000, 0.0942, 3.1415,-0.0621, 3.5064,-4.6799,-0.5427,-0.5292,0
-0.0040, 0.0000, 0.1288, 3.1415,-0.1458, 3.4658,-4.6799,-0.5439,-0.5285,0
-0.0054, 0.0000, 0.1633, 3.1415,-0.1383, 3.4577,-4.2954,-0.5411,-0.5277,0
-0.0068, 0.0000, 0.1979, 3.1415,-0.1368, 3.4561,-2.5760,-0.5368,-0.5270,0
-0.0081, 0.0000, 0.2356, 3.1415,-0.1304, 3.7071, 4.6799,-0.5058,-0.5263,0
-0.0091, 0.0000, 0.2670, 3.1415,-0.1109, 3.2547,-4.6799,-0.5443,-0.5256,0
-0.0103, 0.0000, 0.3015, 3.1415,-0.1192, 3.4155, 3.2454,-0.5223,-0.5249,0
-0.0112, 0.0000, 0.3330, 3.1415,-0.0966, 3.1963,-4.6633,-0.5356,-0.5242,0
-0.0125, 0.0000, 0.3612, 3.1415,-0.1163, 2.9012,-4.6799,-0.5538,-0.5234,0
-0.0134, 0.0000, 0.3895, 3.1415,-0.1020, 2.8421,-4.6799,-0.5511,-0.5227,0
-0.0144, 0.0000, 0.4178, 3.1415,-0.0992, 2.8303,-4.6799,-0.5441,-0.5220,0
-0.0157, 0.0000, 0.4461, 3.1415,-0.1229, 2.8280,-2.7529,-0.5358,-0.5213,0
-0.0169, 0.0000, 0.4712, 3.1415,-0.1215, 2.5762,-4.6799,-0.5469,-0.5206,0
-0.0181, 0.0000, 0.4963, 3.1415,-0.1213, 2.5258,-4.6799,-0.5421,-0.5198,0
-0.0197, 0.0000, 0.5183, 3.1415,-0.1455, 2.2644,-4.6799,-0.5519,-0.5191,0
-0.0213, 0.0000, 0.5403, 3.1415,-0.1625, 2.2121,-4.6799,-0.5472,-0.5184,0
-0.0230, 0.0000, 0.5623, 3.1415,-0.1658, 2.2017,-2.3631,-0.5396,-0.5177,0
-0.0247, 0.0000, 0.5843, 3.1415,-0.1726, 2.1996,-0.1746,-0.5312,-0.5170,0
-0.0267, 0.0000, 0.6031, 3.1415,-0.1921, 1.9478,-2.7661,-0.5382,-0.5163,0
-0.0286, 0.0000, 0.6188, 3.1415,-0.1900, 1.6462,-4.1593,-0.5469,-0.5155,0
-0.0307, 0.0000, 0.6346, 3.1415,-0.2077, 1.5858,-1.4168,-0.5430,-0.5148,0
-0.0325, 0.0000, 0.6471, 3.1415,-0.1870, 1.3224,-2.6183,-0.5484,-0.5141,0
-0.0346, 0.0000, 0.6597, 3.1415,-0.2011, 1.2698,-0.4426,-0.5448,-0.5134,0
-0.0365, 0.0000, 0.6691, 3.1415,-0.1918, 1.0079,-1.2590,-0.5490,-0.5127,0
-0.0385, 0.0000, 0.6785, 3.1415,-0.2020, 0.9555, 0.6495,-0.5462,-0.5119,0
-0.0397, 0.0000, 0.6817, 3.1415,-0.1374, 0.4424,-1.5964,-0.5548,-0.5112,0
-0.0416, 0.0000, 0.6880, 3.1415,-0.1790, 0.5911, 2.6695,-0.5498,-0.5105,0
-0.0427, 0.0000, 0.6880, 3.1415,-0.1207, 0.1182, 0.3106,-0.5545,-0.5098,0
-0.0442, 0.0000, 0.6880, 3.1415,-0.1454, 0.0236, 3.0244,-0.5547,-0.5091,0
-0.0449, 0.0000, 0.6817, 3.1415,-0.0836,-0.4979, 2.0709,-0.5541,-0.5084,0
-0.0453, 0.0000, 0.6754, 3.1415,-0.0531,-0.6022, 4.6799,-0.5553,-0.5076,0
-0.0455, 0.0000, 0.6660, 3.1415,-0.0227,-0.8744, 4.6799,-0.5539,-0.5069,0
-0.0454, 0.0000, 0.6534, 3.1415, 0.0015,-1.1801, 4.6799,-0.5506,-0.5062,0
-0.0449, 0.0000, 0.6377, 3.1415, 0.0427,-1.4926, 4.6799,-0.5457,-0.5055,0
-0.0441, 0.0000, 0.6220, 3.1415, 0.0691,-1.5551, 4.6799,-0.5497,-0.5048,0
-0.0431, 0.0000, 0.6000, 3.1415, 0.0987,-2.0703, 3.5627,-0.5326,-0.5040,0
-0.0419, 0.0000, 0.5780, 3.1415, 0.1167,-2.1733, 4.6799,-0.5352,-0.5033,0
-0.0403, 0.0000, 0.5529, 3.1415, 0.1446,-2.4452, 4.6799,-0.5273,-0.5026,0
-0.0386, 0.0000, 0.5277, 3.1415, 0.1683,-2.4996, 4.6799,-0.5328,-0.5019,0
-0.0365, 0.0000, 0.4995, 3.1415, 0.2034,-2.7618, 4.3903,-0.5235,-0.5012,0
-0.0343, 0.0000, 0.4680, 3.1415, 0.2165,-3.0656,-0.3436,-0.5092,-0.5005,0
-0.0322, 0.0000, 0.4335, 3.1415, 0.2130,-3.3777,-4.6799,-0.4919,-0.4997,0
-0.0301, 0.0000, 0.3989, 3.1415, 0.2063,-3.4401,-2.9581,-0.4960,-0.4990,0
-0.0280, 0.0000, 0.3644, 3.1415, 0.2110,-3.4526, 1.1949,-0.5040,-0.4983,0
-0.0256, 0.0000, 0.3298, 3.1415, 0.2362,-3.4551, 4.6799,-0.5122,-0.4976,0
-0.0232, 0.0000, 0.2953, 3.1415, 0.2352,-3.4556, 4.6799,-0.5198,-0.4969,0
-0.0209, 0.0000, 0.2544, 3.1415, 0.2289,-3.9583,-4.6799,-0.4756,-0.4961,0
-0.0192, 0.0000, 0.2167, 3.1415, 0.1852,-3.8076, 0.8191,-0.4983,-0.4954,0
-0.0165, 0.0000, 0.1790, 3.1415, 0.2492,-3.7774, 4.2233,-0.5068,-0.4947,0
-0.0140, 0.0000, 0.1382, 3.1415, 0.2499,-4.0227,-4.6799,-0.4846,-0.4940,0
-0.0124, 0.0000, 0.0973, 3.1415, 0.1833,-4.0718,-4.6799,-0.4825,-0.4933,0
-0.0105, 0.0000, 0.0596, 3.1415, 0.1882,-3.8302, 4.6799,-0.5114,-0.4926,0
-0.0079, 0.0000, 0.0188, 3.1415, 0.2438,-4.0333,-4.2507,-0.4902,-0.4918,0
-0.0065, 0.0000,-0.0219, 3.1415, 0.1639,-4.0739,-4.6659,-0.4855,-0.4911,0
-0.0050, 0.0000,-0.0596, 3.1415, 0.1479,-3.8307, 4.6799,-0.5113,-0.4904,0
-0.0034, 0.0000,-0.0973, 3.1415, 0.1569,-3.7820, 4.6799,-0.5144,-0.4897,0
-0.0018, 0.0000,-0.1350, 3.1415, 0.1587,-3.7723, 4.6799,-0.5123,-0.4890,0
-0.0001, 0.0000,-0.1727, 3.1415, 0.1712,-3.7703, 4.6799,-0.5083,-0.4882,0
 0.0015, 0.0000,-0.2104, 3.1415, 0.1736,-3.7700, 4.6799,-0.5032,-0.4875,0
 0.0035, 0.0000,-0.2481, 3.1415, 0.1923,-3.7699, 2.8542,-0.4971,-0.4868,0
 0.0055, 0.0000,-0.2858, 3.1415, 0.1961,-3.7699,-0.1829,-0.4899,-0.4861,0
 0.0075, 0.0000,-0.3204, 3.1415, 0.2029,-3.5185, 4.6799,-0.5082,-0.4854,0
 0.0094, 0.0000,-0.3549, 3.1415, 0.1921,-3.4683, 4.6799,-0.5049,-0.4847,0
 0.0114, 0.0000,-0.3895, 3.1415, 0.1960,-3.4582, 3.1136,-0.4968,-0.4839,0
 0.0134, 0.0000,-0.4241, 3.1415, 0.2029,-3.4562,-0.7889,-0.4872,-0.4832,0
 0.0152, 0.0000,-0.4555, 3.1415, 0.1800,-3.2045, 4.6799,-0.5011,-0.4825,0
 0.0171, 0.0000,-0.4838, 3.1415, 0.1875,-2.9028, 4.6799,-0.5177,-0.4818,0
 0.0190, 0.0000,-0.5120, 3.1415, 0.1891,-2.8425, 4.6799,-0.5128,-0.4811,0
 0.0211, 0.0000,-0.5403, 3.1415, 0.2075,-2.8304, 4.2218,-0.5036,-0.4803,0
 0.0231, 0.0000,-0.5654, 3.1415, 0.2052,-2.5767, 4.6799,-0.5133,-0.4796,0
 0.0252, 0.0000,-0.5906, 3.1415, 0.2047,-2.5259, 4.6799,-0.5071,-0.4789,0
 0.0275, 0.0000,-0.6126, 3.1415, 0.2228,-2.2644, 4.6799,-0.5157,-0.4782,0
 0.0297, 0.0000,-0.6346, 3.1415, 0.2264,-2.2121, 3.9435,-0.5097,-0.4775,0
 0.0320, 0.0000,-0.6565, 3.1415, 0.2271,-2.2017, 1.3161,-0.5009,-0.4768,0
 0.0344, 0.0000,-0.6754, 3.1415, 0.2334,-1.9483, 3.3156,-0.5072,-0.4760,0
 0.0369, 0.0000,-0.6911, 3.1415, 0.2528,-1.6462, 3.9193,-0.5153,-0.4753,0
 0.0393, 0.0000,-0.7037, 3.1415, 0.2385,-1.3345, 3.7701,-0.5225,-0.4746,0
 0.0418, 0.0000,-0.7162, 3.1415, 0.2477,-1.2722, 1.1006,-0.5189,-0.4739,0
 0.0444, 0.0000,-0.7288, 3.1415, 0.2557,-1.2597,-0.5071,-0.5134,-0.4732,0
 0.0466, 0.0000,-0.7382, 3.1415, 0.2330,-1.0059, 0.4400,-0.5169,-0.4724,0
 0.0489, 0.0000,-0.7445, 3.1415, 0.2285,-0.7038,-0.0255,-0.5211,-0.4717,0
 0.0509, 0.0000,-0.7476, 3.1415, 0.2033,-0.3920,-1.0120,-0.5243,-0.4710,0
 0.0526, 0.0000,-0.7476, 3.1415, 0.1801,-0.0784,-2.3532,-0.5264,-0.4703,0
 0.0541, 0.0000,-0.7476, 3.1415, 0.1512,-0.0156,-4.1498,-0.5265,-0.4696,0
 0.0554, 0.0000,-0.7445, 3.1415, 0.1333, 0.2481,-4.4279,-0.5272,-0.4689,0
 0.0562, 0.0000,-0.7351, 3.1415, 0.0933, 0.8036,-4.6039,-0.5235,-0.4681,0
 0.0565, 0.0000,-0.7257, 3.1415, 0.0429, 0.9147,-4.6799,-0.5254,-0.4674,0
 0.0563, 0.0000,-0.7131, 3.1415,-0.0035, 1.1882,-4.6799,-0.5233,-0.4667,0
 0.0559, 0.0000,-0.6942, 3.1415,-0.0370, 1.7456,-4.6799,-0.5091,-0.4660,0
 0.0551, 0.0000,-0.6754, 3.1415,-0.0680, 1.8570,-4.6799,-0.5121,-0.4653,0
 0.0539, 0.0000,-0.6534, 3.1415,-0.1106, 2.1307,-4.6799,-0.5065,-0.4645,0
 0.0524, 0.0000,-0.6314, 3.1415,-0.1433, 2.1854,-4.6799,-0.5127,-0.4638,0
 0.0506, 0.0000,-0.6031, 3.1415,-0.1741, 2.6990,-4.3368,-0.4893,-0.4631,0
 0.0485, 0.0000,-0.5717, 3.1415,-0.2046, 3.0530,-0.5403,-0.4733,-0.4624,0
 0.0460, 0.0000,-0.5403, 3.1415,-0.2349, 3.1238,-4.6501,-0.4791,-0.4617,0
 0.0434, 0.0000,-0.5057, 3.1415,-0.2592, 3.3893, 0.3963,-0.4673,-0.4610,0
 0.0414, 0.0000,-0.4712, 3.1415,-0.2094, 3.4424,-4.3085,-0.4739,-0.4602,0
 0.0381, 0.0000,-0.4335, 3.1415,-0.3086, 3.7044, 3.5937,-0.4595,-0.4595,0
 0.0362, 0.0000,-0.3958, 3.1415,-0.2133, 3.7568,-1.3596,-0.4649,-0.4588,0
 0.0330, 0.0000,-0.3549, 3.1415,-0.2973, 4.0186, 4.6799,-0.4472,-0.4581,0
 0.0307, 0.0000,-0.3141, 3.1415,-0.2413, 4.0709, 4.6799,-0.4509,-0.4574,0
 0.0285, 0.0000,-0.2764, 3.1415,-0.2241, 3.8301,-4.6799,-0.4854,-0.4566,0
 0.0259, 0.0000,-0.2324, 3.1415,-0.2570, 4.2846, 4.6799,-0.4417,-0.4559,0
 0.0241, 0.0000,-0.1916, 3.1415,-0.1908, 4.1241,-4.6799,-0.4668,-0.4552,0
 0.0215, 0.0000,-0.1507, 3.1415,-0.2503, 4.0920,-4.6799,-0.4755,-0.4545,0
 0.0194, 0.0000,-0.1068, 3.1415,-0.2137, 4.3370, 4.6799,-0.4506,-0.4538,0
 0.0172, 0.0000,-0.0659, 3.1415,-0.2185, 4.1346,-4.6799,-0.4771,-0.4531,0
 0.0147, 0.0000,-0.0219, 3.1415,-0.2438, 4.3455, 2.5427,-0.4535,-0.4523,0
 0.0134, 0.0000, 0.0219, 3.1415,-0.1518, 4.3876, 3.0754,-0.4483,-0.4516,0
 0.0114, 0.0000, 0.0628, 3.1415,-0.1940, 4.1447,-4.6799,-0.4761,-0.4509,0
 0.0097, 0.0000, 0.1036, 3.1415,-0.1782, 4.0962,-4.6799,-0.4793,-0.4502,0
 0.0081, 0.0000, 0.1445, 3.1415,-0.1629, 4.0864,-4.6799,-0.4768,-0.4495,0
 0.0059, 0.0000, 0.1853, 3.1415,-0.2084, 4.0845,-4.6799,-0.4722,-0.4488,0
 0.0040, 0.0000, 0.2261, 3.1415,-0.1932, 4.0841,-4.6799,-0.4662,-0.4480,0
 0.0020, 0.0000, 0.2670, 3.1415,-0.1963, 4.0840,-4.3903,-0.4591,-0.4473,0
-0.0002, 0.0000, 0.3078, 3.1415,-0.2211, 4.0840,-0.3308,-0.4508,-0.4466,0
-0.0025, 0.0000, 0.3455, 3.1415,-0.2321, 3.8327,-4.6799,-0.4699,-0.4459,0
-0.0047, 0.0000, 0.3832, 3.1415,-0.2222, 3.7824,-4.6799,-0.4656,-0.4452,0
-0.0069, 0.0000, 0.4209, 3.1415,-0.2202, 3.7724,-3.1884,-0.4561,-0.4444,0
-0.0095, 0.0000, 0.4586, 3.1415,-0.2502, 3.7704, 1.9416,-0.4448,-0.4437,0
-0.0113, 0.0000, 0.4932, 3.1415,-0.1955, 3.5186,-4.6799,-0.4591,-0.4430,0
-0.0137, 0.0000, 0.5246, 3.1415,-0.2331, 3.2170,-4.6799,-0.4766,-0.4423,0
-0.0159, 0.0000, 0.5592, 3.1415,-0.2164, 3.4080, 1.8883,-0.4461,-0.4416,0
-0.0174, 0.0000, 0.5874, 3.1415,-0.1645, 2.9435,-4.6799,-0.4763,-0.4409,0
-0.0197, 0.0000, 0.6157, 3.1415,-0.2148, 2.8506,-4.6799,-0.4724,-0.4401,0
-0.0214, 0.0000, 0.6408, 3.1415,-0.1824, 2.5807,-4.6799,-0.4823,-0.4394,0
-0.0235, 0.0000, 0.6660, 3.1415,-0.2062, 2.5267,-4.6799,-0.4752,-0.4387,0
-0.0257, 0.0000, 0.6880, 3.1415,-0.2170, 2.2646,-4.6799,-0.4829,-0.4380,0
-0.0279, 0.0000, 0.7068, 3.1415,-0.2192, 1.9608,-4.6799,-0.4922,-0.4373,0
-0.0301, 0.0000, 0.7257, 3.1415,-0.2196, 1.9001,-4.6799,-0.4866,-0.4365,0
-0.0325, 0.0000, 0.7445, 3.1415,-0.2319, 1.8879,-3.2667,-0.4781,-0.4358,0
-0.0350, 0.0000, 0.7602, 3.1415,-0.2464, 1.6342,-4.0991,-0.4829,-0.4351,0
-0.0373, 0.0000, 0.7728, 3.1415,-0.2372, 1.3321,-4.0153,-0.4892,-0.4344,0
-0.0398, 0.0000, 0.7853, 3.1415,-0.2475, 1.2717,-1.5097,-0.4851,-0.4337,0
-0.0424, 0.0000, 0.7948, 3.1415,-0.2556, 1.0083,-1.3627,-0.4887,-0.4330,0
-0.0450, 0.0000, 0.8011, 3.1415,-0.2572, 0.7043,-0.3783,-0.4927,-0.4322,0
-0.0475, 0.0000, 0.8073, 3.1415,-0.2515, 0.6435, 1.6154,-0.4906,-0.4315,0
-0.0496, 0.0000, 0.8073, 3.1415,-0.2200, 0.1287, 1.4245,-0.4962,-0.4308,0
-0.0515, 0.0000, 0.8105, 3.1415,-0.1956, 0.2770, 4.1936,-0.4937,-0.4301,0
-0.0530, 0.0000, 0.8042, 3.1415,-0.1603,-0.4472, 3.1636,-0.4953,-0.4294,0
-0.0541, 0.0000, 0.8011, 3.1415,-0.1230,-0.3407, 4.6799,-0.4981,-0.4286,0
-0.0548, 0.0000, 0.7916, 3.1415,-0.0791,-0.8221, 4.6799,-0.4951,-0.4279,0
-0.0551, 0.0000, 0.7759, 3.1415,-0.0400,-1.4210, 4.6799,-0.4842,-0.4272,0
-0.0550, 0.0000, 0.7602, 3.1415, 0.0041,-1.5408, 4.6799,-0.4871,-0.4265,0
-0.0544, 0.0000, 0.7414, 3.1415, 0.0432,-1.8161, 4.6799,-0.4834,-0.4258,0
-0.0535, 0.0000, 0.7194, 3.1415, 0.0814,-2.1225, 4.6799,-0.4770,-0.4251,0
-0.0523, 0.0000, 0.6942, 3.1415, 0.1132,-2.4351, 4.6799,-0.4688,-0.4243,0
-0.0507, 0.0000, 0.6691, 3.1415, 0.1499,-2.4976, 4.6799,-0.4758,-0.4236,0
-0.0489, 0.0000, 0.6377, 3.1415, 0.1755,-3.0127, 4.6799,-0.4498,-0.4229,0
-0.0468, 0.0000, 0.6063, 3.1415, 0.2048,-3.1158, 4.6799,-0.4541,-0.4222,0
-0.0444, 0.0000, 0.5717, 3.1415, 0.2350,-3.3877, 4.6799,-0.4431,-0.4215,0
-0.0416, 0.0000, 0.5340, 3.1415, 0.2652,-3.6934,-1.0927,-0.4271,-0.4207,0
-0.0395, 0.0000, 0.4932, 3.1415, 0.2228,-4.0059,-4.6799,-0.4078,-0.4200,0
-0.0370, 0.0000, 0.4555, 3.1415, 0.2446,-3.8171, 4.6799,-0.4408,-0.4193,0
-0.0336, 0.0000, 0.4146, 3.1415, 0.3217,-4.0306, 1.7421,-0.4297,-0.4186,0
-0.0309, 0.0000, 0.3707, 3.1415, 0.2826,-4.3247,-4.6799,-0.4074,-0.4179,0
-0.0288, 0.0000, 0.3267, 3.1415, 0.2202,-4.3835,-4.6799,-0.4110,-0.4172,0
-0.0263, 0.0000, 0.2827, 3.1415, 0.2441,-4.3952,-0.2605,-0.4191,-0.4164,0
-0.0240, 0.0000, 0.2387, 3.1415, 0.2367,-4.3976, 4.5345,-0.4269,-0.4157,0
-0.0212, 0.0000, 0.1947, 3.1415, 0.2656,-4.3981, 4.6799,-0.4337,-0.4150,0
-0.0187, 0.0000, 0.1476, 3.1415, 0.2592,-4.6495,-4.6799,-0.4076,-0.4143,0
-0.0170, 0.0000, 0.1005, 3.1415, 0.1852,-4.6998,-4.6799,-0.4052,-0.4136,0
-0.0150, 0.0000, 0.0565, 3.1415, 0.1946,-4.4585, 4.6799,-0.4386,-0.4128,0
-0.0122, 0.0000, 0.0094, 3.1415, 0.2693,-4.6616,-2.4290,-0.4138,-0.4121,0
-0.0109, 0.0000,-0.0345, 3.1415, 0.1569,-4.4509, 4.6799,-0.4403,-0.4114,0
-0.0086, 0.0000,-0.0816, 3.1415, 0.2132,-4.6600,-2.4243,-0.4116,-0.4107,0
-0.0078, 0.0000,-0.1256, 3.1415, 0.1093,-4.4506, 4.6799,-0.4351,-0.4100,0
-0.0056, 0.0000,-0.1696, 3.1415, 0.1916,-4.4087, 4.6799,-0.4356,-0.4093,0
-0.0038, 0.0000,-0.2104, 3.1415, 0.1838,-4.1489, 4.6799,-0.4612,-0.4085,0
-0.0020, 0.0000,-0.2544, 3.1415, 0.1822,-4.3483, 4.6799,-0.4302,-0.4078,0
-0.0003, 0.0000,-0.2984, 3.1415, 0.1698,-4.3882, 3.3351,-0.4167,-0.4071,0
 0.0015, 0.0000,-0.3392, 3.1415, 0.1916,-4.1449, 4.6799,-0.4366,-0.4064,0
 0.0039, 0.0000,-0.3801, 3.1415, 0.2262,-4.0962, 4.6799,-0.4319,-0.4057,0
 0.0060, 0.0000,-0.4209, 3.1415, 0.2150,-4.0865, 4.6799,-0.4216,-0.4049,0
 0.0084, 0.0000,-0.4586, 3.1415, 0.2309,-3.8332, 4.6799,-0.4381,-0.4042,0
 0.0106, 0.0000,-0.4995, 3.1415, 0.2280,-4.0339,-3.7810,-0.4025,-0.4035,0
 0.0124, 0.0000,-0.5340, 3.1415, 0.1850,-3.5713, 4.6799,-0.4395,-0.4028,0
 0.0149, 0.0000,-0.5686, 3.1415, 0.2371,-3.4788, 4.6799,-0.4356,-0.4021,0
 0.0170, 0.0000,-0.6031, 3.1415, 0.2171,-3.4603, 4.6799,-0.4237,-0.4014,0
 0.0191, 0.0000,-0.6346, 3.1415, 0.2132,-3.2053, 4.6799,-0.4344,-0.4006,0
 0.0214, 0.0000,-0.6628, 3.1415, 0.2245,-2.9030, 4.6799,-0.4480,-0.3999,0
 0.0237, 0.0000,-0.6911, 3.1415, 0.2268,-2.8425, 4.6799,-0.4401,-0.3992,0
 0.0261, 0.0000,-0.7194, 3.1415, 0.2393,-2.8304, 4.4407,-0.4279,-0.3985,0
 0.0287, 0.0000,-0.7445, 3.1415, 0.2540,-2.5767, 4.6799,-0.4351,-0.3978,0
 0.0312, 0.0000,-0.7665, 3.1415, 0.2508,-2.2746, 4.6799,-0.4448,-0.3970,0
 0.0337, 0.0000,-0.7853, 3.1415, 0.2502,-1.9628, 4.6799,-0.4538,-0.3963,0
 0.0363, 0.0000,-0.8042, 3.1415, 0.2562,-1.9005, 4.6032,-0.4475,-0.3956,0
 0.0390, 0.0000,-0.8230, 3.1415, 0.2695,-1.8880, 2.0897,-0.4383,-0.3949,0
 0.0416, 0.0000,-0.8356, 3.1415, 0.2661,-1.3829, 4.6799,-0.4548,-0.3942,0
 0.0446, 0.0000,-0.8482, 3.1415, 0.2896,-1.2818, 1.5573,-0.4518,-0.3935,0
 0.0472, 0.0000,-0.8607, 3.1415, 0.2701,-1.2616,-0.0245,-0.4457,-0.3927,0
 0.0498, 0.0000,-0.8670, 3.1415, 0.2601,-0.7549, 1.0340,-0.4566,-0.3920,0
 0.0527, 0.0000,-0.8733, 3.1415, 0.2824,-0.6536,-1.8515,-0.4552,-0.3913,0
 0.0550, 0.0000,-0.8765, 3.1415, 0.2383,-0.3820,-2.2556,-0.4574,-0.3906,0
 0.0570, 0.0000,-0.8765, 3.1415, 0.2113,-0.0764,-3.4072,-0.4593,-0.3899,0
 0.0585, 0.0000,-0.8733, 3.1415, 0.1635, 0.2360,-4.6634,-0.4604,-0.3891,0
 0.0599, 0.0000,-0.8670, 3.1415, 0.1418, 0.5498,-4.6799,-0.4604,-0.3884,0
 0.0608, 0.0000,-0.8545, 3.1415, 0.1011, 1.1152,-4.6799,-0.4540,-0.3877,0
 0.0612, 0.0000,-0.8419, 3.1415, 0.0505, 1.2283,-4.6799,-0.4571,-0.3870,0
 0.0613, 0.0000,-0.8262, 3.1415, 0.0161, 1.5023,-4.6799,-0.4550,-0.3863,0
 0.0608, 0.0000,-0.8073, 3.1415,-0.0331, 1.8084,-4.6799,-0.4506,-0.3856,0
 0.0601, 0.0000,-0.7853, 3.1415,-0.0672, 2.1209,-4.6799,-0.4447,-0.3848,0
 0.0591, 0.0000,-0.7602, 3.1415,-0.0922, 2.4348,-4.6799,-0.4373,-0.3841,0
 0.0575, 0.0000,-0.7319, 3.1415,-0.1457, 2.7489,-4.6799,-0.4283,-0.3834,0
 0.0557, 0.0000,-0.7005, 3.1415,-0.1686, 3.0630,-4.6799,-0.4176,-0.3827,0
 0.0536, 0.0000,-0.6691, 3.1415,-0.2034, 3.1258,-4.6799,-0.4264,-0.3820,0
 0.0513, 0.0000,-0.6314, 3.1415,-0.2286, 3.6411,-0.8544,-0.3940,-0.3813,0
 0.0485, 0.0000,-0.5937, 3.1415,-0.2700, 3.7441,-4.6799,-0.3989,-0.3805,0
 0.0455, 0.0000,-0.5529, 3.1415,-0.2904, 4.0160, 0.9960,-0.3852,-0.3798,0
 0.0430, 0.0000,-0.5089, 3.1415,-0.2581, 4.3218, 4.6799,-0.3655,-0.3791,0
 0.0403, 0.0000,-0.4649, 3.1415,-0.2699, 4.3829, 4.6799,-0.3729,-0.3784,0
 0.0378, 0.0000,-0.4209, 3.1415,-0.2540, 4.3951,-2.3388,-0.3849,-0.3777,0
 0.0347, 0.0000,-0.3769, 3.1415,-0.2994, 4.3976,-4.6799,-0.3969,-0.3769,0
 0.0319, 0.0000,-0.3298, 3.1415,-0.2781, 4.6494, 3.4101,-0.3767,-0.3762,0
 0.0299, 0.0000,-0.2827, 3.1415,-0.2193, 4.6997,-0.8771,-0.3803,-0.3755,0
 0.0269, 0.0000,-0.2324, 3.1415,-0.2803, 4.9612, 4.6799,-0.3541,-0.3748,0
 0.0247, 0.0000,-0.1822, 3.1415,-0.2379, 5.0134, 4.6799,-0.3543,-0.3741,0
 0.0223, 0.0000,-0.1350, 3.1415,-0.2355, 4.7726,-4.6799,-0.3926,-0.3734,0
 0.0198, 0.0000,-0.0879, 3.1415,-0.2472, 4.7244,-4.6799,-0.4028,-0.3726,0
 0.0174, 0.0000,-0.0376, 3.1415,-0.2434, 4.9661, 3.2284,-0.3723,-0.3719,0
 0.0157, 0.0000, 0.0125, 3.1415,-0.1820, 5.0144, 4.6799,-0.3660,-0.3712,0
 0.0139, 0.0000, 0.0596, 3.1415,-0.1819, 4.7728,-4.6799,-0.3978,-0.3705,0
 0.0116, 0.0000, 0.1068, 3.1415,-0.2182, 4.7244,-4.6799,-0.4015,-0.3698,0
 0.0097, 0.0000, 0.1539, 3.1415,-0.1952, 4.7148,-4.6799,-0.3983,-0.3690,0
 0.0075, 0.0000, 0.2010, 3.1415,-0.2148, 4.7128,-4.6799,-0.3926,-0.3683,0
 0.0054, 0.0000, 0.2513, 3.1415,-0.2127, 4.9638, 4.6799,-0.3505,-0.3676,0
 0.0043, 0.0000, 0.2953, 3.1415,-0.1335, 4.5113,-4.6799,-0.4020,-0.3669,0
 0.0019, 0.0000, 0.3392, 3.1415,-0.2146, 4.4208,-4.6799,-0.4035,-0.3662,0
 0.0000, 0.0000, 0.3832, 3.1415,-0.2005, 4.4027,-4.6799,-0.3946,-0.3655,0
-0.0017, 0.0000, 0.4272, 3.1415,-0.1795, 4.3991,-4.6799,-0.3826,-0.3647,0
-0.0039, 0.0000, 0.4680, 3.1415,-0.2117, 4.1470,-4.6799,-0.4000,-0.3640,0
-0.0062, 0.0000, 0.5120, 3.1415,-0.2242, 4.3479, 3.7818,-0.3613,-0.3633,0
-0.0074, 0.0000, 0.5497, 3.1415,-0.1418, 3.8855,-4.6799,-0.4009,-0.3626,0
-0.0097, 0.0000, 0.5874, 3.1415,-0.2163, 3.7930,-4.6799,-0.3962,-0.3619,0
-0.0115, 0.0000, 0.6220, 3.1415,-0.1827, 3.5232,-4.6799,-0.4098,-0.3611,0
-0.0132, 0.0000, 0.6565, 3.1415,-0.1760, 3.4692,-4.6799,-0.4002,-0.3604,0
-0.0153, 0.0000, 0.6880, 3.1415,-0.1989, 3.2071,-4.6799,-0.4107,-0.3597,0
-0.0173, 0.0000, 0.7162, 3.1415,-0.2034, 2.9033,-4.6799,-0.4236,-0.3590,0
-0.0190, 0.0000, 0.7445, 3.1415,-0.1801, 2.8426,-4.6799,-0.4149,-0.3583,0
-0.0212, 0.0000, 0.7728, 3.1415,-0.2058, 2.8304,-4.6799,-0.4019,-0.3576,0
-0.0235, 0.0000, 0.7979, 3.1415,-0.2291, 2.5767,-4.6799,-0.4083,-0.3568,0
-0.0258, 0.0000, 0.8199, 3.1415,-0.2277, 2.2746,-4.6799,-0.4174,-0.3561,0
-0.0281, 0.0000, 0.8388, 3.1415,-0.2274, 1.9628,-4.6799,-0.4259,-0.3554,0
-0.0306, 0.0000, 0.8576, 3.1415,-0.2455, 1.9005,-4.6799,-0.4192,-0.3547,0
-0.0331, 0.0000, 0.8733, 3.1415,-0.2552, 1.6367,-4.6799,-0.4236,-0.3540,0
-0.0356, 0.0000, 0.8890, 3.1415,-0.2511, 1.5839,-3.8306,-0.4173,-0.3532,0
-0.0384, 0.0000, 0.9016, 3.1415,-0.2685, 1.3221,-3.4053,-0.4209,-0.3525,0
-0.0412, 0.0000, 0.9110, 3.1415,-0.2780, 1.0184,-2.2201,-0.4256,-0.3518,0
-0.0440, 0.0000, 0.9173, 3.1415,-0.2799, 0.7063,-0.5497,-0.4295,-0.3511,0
-0.0469, 0.0000, 0.9236, 3.1415,-0.2863, 0.6439, 1.5665,-0.4271,-0.3504,0
-0.0490, 0.0000, 0.9267, 3.1415,-0.2270, 0.3801, 1.7422,-0.4291,-0.3497,0
-0.0513, 0.0000, 0.9267, 3.1415,-0.2333, 0.0760, 3.3680,-0.4310,-0.3489,0
-0.0533, 0.0000, 0.9236, 3.1415,-0.2043,-0.2361, 4.6799,-0.4321,-0.3482,0
-0.0547, 0.0000, 0.9173, 3.1415,-0.1500,-0.5498, 4.6799,-0.4323,-0.3475,0
-0.0557, 0.0000, 0.9047, 3.1415,-0.1148,-1.1152, 4.6799,-0.4262,-0.3468,0
-0.0562, 0.0000, 0.8922, 3.1415,-0.0593,-1.2283, 4.6799,-0.4296,-0.3461,0
-0.0563, 0.0000, 0.8765, 3.1415,-0.0179,-1.5023, 4.6799,-0.4278,-0.3453,0
-0.0560, 0.0000, 0.8545, 3.1415, 0.0206,-2.0597, 4.6799,-0.4120,-0.3446,0
-0.0554, 0.0000, 0.8325, 3.1415, 0.0526,-2.1712, 4.6799,-0.4172,-0.3439,0
-0.0542, 0.0000, 0.8073, 3.1415, 0.1014,-2.4448, 4.6799,-0.4127,-0.3432,0
-0.0528, 0.0000, 0.7791, 3.1415, 0.1354,-2.7509, 4.6799,-0.4050,-0.3425,0
-0.0511, 0.0000, 0.7445, 3.1415, 0.1604,-3.3147, 4.6799,-0.3742,-0.3418,0
-0.0491, 0.0000, 0.7099, 3.1415, 0.1897,-3.4275, 4.6799,-0.3800,-0.3410,0
-0.0466, 0.0000, 0.6723, 3.1415, 0.2380,-3.7014, 4.6799,-0.3700,-0.3403,0
-0.0440, 0.0000, 0.6346, 3.1415, 0.2598,-3.7562, 4.6799,-0.3807,-0.3396,0
-0.0411, 0.0000, 0.5906, 3.1415, 0.2823,-4.2698,-4.3366,-0.3412,-0.3389,0
-0.0387, 0.0000, 0.5466, 3.1415, 0.2505,-4.3725, 0.7892,-0.3457,-0.3382,0
-0.0353, 0.0000, 0.5026, 3.1415, 0.3229,-4.3930, 4.6799,-0.3590,-0.3374,0
-0.0318, 0.0000, 0.4555, 3.1415, 0.3435,-4.6485,-1.7491,-0.3423,-0.3367,0
-0.0290, 0.0000, 0.4052, 3.1415, 0.2930,-4.9509,-4.6799,-0.3167,-0.3360,0
-0.0262, 0.0000, 0.3549, 3.1415, 0.2768,-5.0114,-4.6799,-0.3217,-0.3353,0
-0.0231, 0.0000, 0.3047, 3.1415, 0.3039,-5.0235,-4.4480,-0.3317,-0.3346,0
-0.0208, 0.0000, 0.2544, 3.1415, 0.2487,-5.0259, 2.5339,-0.3413,-0.3339,0
-0.0181, 0.0000, 0.2042, 3.1415, 0.2619,-5.0264, 4.6799,-0.3494,-0.3331,0
-0.0152, 0.0000, 0.1507, 3.1415, 0.2888,-5.2778,-4.6799,-0.3199,-0.3324,0
-0.0133, 0.0000, 0.1005, 3.1415, 0.2093,-5.0768, 4.6799,-0.3536,-0.3317,0
-0.0103, 0.0000, 0.0471, 3.1415, 0.2844,-5.2879,-4.6799,-0.3258,-0.3310,0
-0.0078, 0.0000,-0.0031, 3.1415, 0.2509,-5.0788, 4.6799,-0.3569,-0.3303,0
-0.0058, 0.0000,-0.0534, 3.1415, 0.2138,-5.0370, 4.6799,-0.3618,-0.3295,0
-0.0032, 0.0000,-0.1068, 3.1415, 0.2489,-5.2799,-4.6799,-0.3237,-0.3288,0
-0.0014, 0.0000,-0.1570, 3.1415, 0.1953,-5.0772, 4.6799,-0.3483,-0.3281,0
 0.0006, 0.0000,-0.2073, 3.1415, 0.2088,-5.0366, 4.6799,-0.3475,-0.3274,0
 0.0034, 0.0000,-0.2576, 3.1415, 0.2600,-5.0285, 4.6799,-0.3403,-0.3267,0
 0.0050, 0.0000,-0.3078, 3.1415, 0.1854,-5.0269, 1.3990,-0.3305,-0.3260,0
 0.0075, 0.0000,-0.3549, 3.1415, 0.2311,-4.7753, 4.6799,-0.3540,-0.3252,0
 0.0102, 0.0000,-0.4021, 3.1415, 0.2645,-4.7249, 4.6799,-0.3482,-0.3245,0
 0.0123, 0.0000,-0.4492, 3.1415, 0.2226,-4.7149, 4.4481,-0.3356,-0.3238,0
 0.0148, 0.0000,-0.4932, 3.1415, 0.2446,-4.4615, 4.6799,-0.3538,-0.3231,0
 0.0175, 0.0000,-0.5372, 3.1415, 0.2611,-4.4108, 4.6799,-0.3445,-0.3224,0
 0.0196, 0.0000,-0.5811, 3.1415, 0.2220,-4.4007, 1.2281,-0.3290,-0.3216,0
 0.0218, 0.0000,-0.6220, 3.1415, 0.2202,-4.1474, 4.6799,-0.3427,-0.3209,0
 0.0247, 0.0000,-0.6597, 3.1415, 0.2744,-3.8454, 4.6799,-0.3603,-0.3202,0
 0.0270, 0.0000,-0.6974, 3.1415, 0.2428,-3.7850, 4.6799,-0.3498,-0.3195,0
 0.0294, 0.0000,-0.7319, 3.1415, 0.2365,-3.5216, 4.6799,-0.3605,-0.3188,0
 0.0320, 0.0000,-0.7665, 3.1415, 0.2595,-3.4689, 4.6799,-0.3487,-0.3181,0
 0.0348, 0.0000,-0.7948, 3.1415, 0.2762,-2.9557, 4.6799,-0.3806,-0.3173,0
 0.0374, 0.0000,-0.8262, 3.1415, 0.2614,-3.1044, 4.5001,-0.3516,-0.3166,0
 0.0397, 0.0000,-0.8513, 3.1415, 0.2402,-2.6315, 4.6799,-0.3762,-0.3159,0
 0.0428, 0.0000,-0.8765, 3.1415, 0.2905,-2.5369, 4.6799,-0.3693,-0.3152,0
 0.0457, 0.0000,-0.9016, 3.1415, 0.2885,-2.5180, 3.0409,-0.3566,-0.3145,0
 0.0485, 0.0000,-0.9204, 3.1415, 0.2820,-2.0115, 4.6799,-0.3781,-0.3138,0
 0.0514, 0.0000,-0.9393, 3.1415, 0.2928,-1.9102, 3.3486,-0.3728,-0.3130,0
 0.0541, 0.0000,-0.9550, 3.1415, 0.2707,-1.6386, 3.1053,-0.3771,-0.3123,0
 0.0574, 0.0000,-0.9676, 3.1415, 0.3209,-1.3330, 1.5879,-0.3824,-0.3116,0
 0.0604, 0.0000,-0.9801, 3.1415, 0.3067,-1.2719,-0.5258,-0.3772,-0.3109,0
 0.0629, 0.0000,-0.9864, 3.1415, 0.2553,-0.7570,-0.0064,-0.3881,-0.3102,0
 0.0654, 0.0000,-0.9927, 3.1415, 0.2511,-0.6540,-2.4500,-0.3863,-0.3094,0
 0.0679, 0.0000,-0.9958, 3.1415, 0.2503,-0.3821,-3.4821,-0.3884,-0.3087,0
 0.0695, 0.0000,-0.9958, 3.1415, 0.1773,-0.0764,-4.2187,-0.3903,-0.3080,0
 0.0711, 0.0000,-0.9896, 3.1415, 0.1688, 0.4873,-4.6799,-0.3909,-0.3073,0
 0.0725, 0.0000,-0.9833, 3.1415, 0.1429, 0.6001,-4.6799,-0.3929,-0.3066,0
 0.0730, 0.0000,-0.9738, 3.1415, 0.0710, 0.8740,-4.6799,-0.3929,-0.3059,0
 0.0735, 0.0000,-0.9581, 3.1415, 0.0566, 1.4314,-4.6799,-0.3842,-0.3051,0
 0.0735, 0.0000,-0.9424, 3.1415, 0.0052, 1.5429,-4.6799,-0.3887,-0.3044,0
 0.0729, 0.0000,-0.9204, 3.1415,-0.0413, 2.0678,-4.6799,-0.3748,-0.3037,0
 0.0723, 0.0000,-0.8984, 3.1415,-0.0567, 2.1728,-4.6799,-0.3811,-0.3030,0
 0.0711, 0.0000,-0.8733, 3.1415,-0.1083, 2.4451,-4.6799,-0.3774,-0.3023,0
 0.0695, 0.0000,-0.8419, 3.1415,-0.1490, 3.0023,-4.6799,-0.3520,-0.3015,0
 0.0679, 0.0000,-0.8105, 3.1415,-0.1631, 3.1137,-4.6799,-0.3591,-0.3008,0
 0.0657, 0.0000,-0.7759, 3.1415,-0.2024, 3.3873,-4.6799,-0.3518,-0.3001,0
 0.0633, 0.0000,-0.7382, 3.1415,-0.2345, 3.6934,-4.6799,-0.3401,-0.2994,0
 0.0607, 0.0000,-0.6974, 3.1415,-0.2591, 4.0059,-4.6799,-0.3257,-0.2987,0
 0.0578, 0.0000,-0.6565, 3.1415,-0.2822, 4.0684,-4.6799,-0.3370,-0.2980,0
 0.0544, 0.0000,-0.6094, 3.1415,-0.3292, 4.5836, 4.6799,-0.2946,-0.2972,0
 0.0517, 0.0000,-0.5623, 3.1415,-0.2780, 4.6866, 0.6188,-0.3000,-0.2965,0
 0.0483, 0.0000,-0.5120, 3.1415,-0.3284, 4.9585, 4.6799,-0.2817,-0.2958,0
 0.0454, 0.0000,-0.4618, 3.1415,-0.2961, 5.0129, 4.4405,-0.2910,-0.2951,0
 0.0428, 0.0000,-0.4115, 3.1415,-0.2714, 5.0238,-4.6055,-0.3047,-0.2944,0
 0.0395, 0.0000,-0.3612, 3.1415,-0.3150, 5.0260,-4.6799,-0.3180,-0.2936,0
 0.0365, 0.0000,-0.3078, 3.1415,-0.3055, 5.2777, 2.9489,-0.2943,-0.2929,0
 0.0342, 0.0000,-0.2544, 3.1415,-0.2430, 5.3281,-1.4944,-0.2975,-0.2922,0
 0.0310, 0.0000,-0.1979, 3.1415,-0.3032, 5.5895, 4.6799,-0.2666,-0.2915,0
 0.0283, 0.0000,-0.1445, 3.1415,-0.2789, 5.3904,-4.6799,-0.3038,-0.2908,0
 0.0253, 0.0000,-0.0879, 3.1415,-0.2983, 5.6019, 4.6799,-0.2759,-0.2901,0
 0.0228, 0.0000,-0.0345, 3.1415,-0.2536, 5.3929,-4.6799,-0.3104,-0.2893,0
 0.0197, 0.0000, 0.0219, 3.1415,-0.3053, 5.6024, 4.6799,-0.2784,-0.2886,0
 0.0179, 0.0000, 0.0753, 3.1415,-0.2005, 5.3930,-4.6799,-0.3088,-0.2879,0
 0.0154, 0.0000, 0.1288, 3.1415,-0.2401, 5.3511,-4.6799,-0.3112,-0.2872,0
 0.0126, 0.0000, 0.1853, 3.1415,-0.2723, 5.5941, 4.6799,-0.2676,-0.2865,0
 0.0112, 0.0000, 0.2356, 3.1415,-0.1636, 5.1400,-4.6799,-0.3283,-0.2857,0
 0.0089, 0.0000, 0.2858, 3.1415,-0.2206, 5.0492,-4.6799,-0.3320,-0.2850,0
 0.0066, 0.0000, 0.3392, 3.1415,-0.2260, 5.2824, 1.1718,-0.2864,-0.2843,0
 0.0050, 0.0000, 0.3864, 3.1415,-0.1725, 4.8263,-4.6799,-0.3390,-0.2836,0
 0.0031, 0.0000, 0.4335, 3.1415,-0.1921, 4.7351,-4.6799,-0.3377,-0.2829,0
 0.0015, 0.0000, 0.4806, 3.1415,-0.1596, 4.7169,-4.6799,-0.3252,-0.2822,0
-0.0006, 0.0000, 0.5246, 3.1415,-0.2077, 4.4619,-4.6799,-0.3427,-0.2814,0
-0.0023, 0.0000, 0.5686, 3.1415,-0.1810, 4.4109,-4.6799,-0.3326,-0.2807,0
-0.0040, 0.0000, 0.6094, 3.1415,-0.1756, 4.1494,-4.6799,-0.3477,-0.2800,0
-0.0060, 0.0000, 0.6503, 3.1415,-0.1927, 4.0971,-4.6799,-0.3365,-0.2793,0
-0.0081, 0.0000, 0.6911, 3.1415,-0.2022, 4.0866,-4.6799,-0.3194,-0.2786,0
-0.0103, 0.0000, 0.7288, 3.1415,-0.2223, 3.8332,-4.6799,-0.3299,-0.2778,0
-0.0121, 0.0000, 0.7634, 3.1415,-0.1839, 3.5312,-4.6799,-0.3442,-0.2771,0
-0.0141, 0.0000, 0.7948, 3.1415,-0.2004, 3.2195,-4.6799,-0.3578,-0.2764,0
-0.0164, 0.0000, 0.8262, 3.1415,-0.2220, 3.1571,-4.6799,-0.3470,-0.2757,0
-0.0184, 0.0000, 0.8545, 3.1415,-0.2081, 2.8933,-4.6799,-0.3542,-0.2750,0
-0.0208, 0.0000, 0.8827, 3.1415,-0.2295, 2.8406,-4.6799,-0.3430,-0.2743,0
-0.0229, 0.0000, 0.9047, 3.1415,-0.2156, 2.3274,-4.6799,-0.3678,-0.2735,0
-0.0253, 0.0000, 0.9299, 3.1415,-0.2371, 2.4761,-4.6799,-0.3435,-0.2728,0
-0.0281, 0.0000, 0.9487, 3.1415,-0.2717, 2.0031,-4.6799,-0.3622,-0.2721,0
-0.0306, 0.0000, 0.9676, 3.1415,-0.2483, 1.9086,-4.6799,-0.3563,-0.2714,0
-0.0331, 0.0000, 0.9801, 3.1415,-0.2558, 1.3870,-4.6799,-0.3729,-0.2707,0
-0.0359, 0.0000, 0.9958, 3.1415,-0.2694, 1.5340,-3.9384,-0.3575,-0.2699,0
-0.0387, 0.0000, 1.0053, 3.1415,-0.2782, 1.0607,-3.9849,-0.3690,-0.2692,0
-0.0416, 0.0000, 1.0147, 3.1415,-0.2860, 0.9661,-1.4474,-0.3659,-0.2685,0
-0.0444, 0.0000, 1.0210, 3.1415,-0.2815, 0.6958,-0.2029,-0.3684,-0.2678,0
-0.0472, 0.0000, 1.0210, 3.1415,-0.2867, 0.1391, 2.1599,-0.3749,-0.2671,0
-0.0497, 0.0000, 1.0241, 3.1415,-0.2513, 0.2791, 4.0637,-0.3721,-0.2664,0
-0.0518, 0.0000, 1.0210, 3.1415,-0.2200,-0.1954, 4.6799,-0.3746,-0.2656,0
-0.0537, 0.0000, 1.0147, 3.1415,-0.1955,-0.5417, 4.6799,-0.3749,-0.2649,0
-0.0551, 0.0000, 1.0053, 3.1415,-0.1482,-0.8623, 4.6799,-0.3743,-0.2642,0
-0.0560, 0.0000, 0.9927, 3.1415,-0.1084,-1.1777, 4.6799,-0.3729,-0.2635,0
-0.0565, 0.0000, 0.9770, 3.1415,-0.0580,-1.4922, 4.6799,-0.3705,-0.2628,0
-0.0565, 0.0000, 0.9550, 3.1415,-0.0116,-2.0577, 4.6799,-0.3554,-0.2620,0
-0.0563, 0.0000, 0.9330, 3.1415, 0.0158,-2.1708, 4.6799,-0.3615,-0.2613,0
-0.0552, 0.0000, 0.9079, 3.1415, 0.0880,-2.4447, 4.6799,-0.3582,-0.2606,0
-0.0541, 0.0000, 0.8796, 3.1415, 0.1024,-2.7509, 4.6799,-0.3517,-0.2599,0
-0.0528, 0.0000, 0.8450, 3.1415, 0.1296,-3.3147, 4.6799,-0.3227,-0.2592,0
-0.0508, 0.0000, 0.8105, 3.1415, 0.1835,-3.4275, 4.6799,-0.3303,-0.2585,0
-0.0489, 0.0000, 0.7728, 3.1415, 0.1882,-3.7014, 4.6799,-0.3222,-0.2577,0
-0.0463, 0.0000, 0.7319, 3.1415, 0.2438,-4.0075, 4.6799,-0.3093,-0.2570,0
-0.0435, 0.0000, 0.6911, 3.1415, 0.2731,-4.0687, 4.6799,-0.3215,-0.2563,0
-0.0406, 0.0000, 0.6440, 3.1415, 0.2910,-4.5836, 4.6799,-0.2801,-0.2556,0
-0.0372, 0.0000, 0.5969, 3.1415, 0.3250,-4.6866, 4.6799,-0.2864,-0.2549,0
-0.0335, 0.0000, 0.5434, 3.1415, 0.3621,-5.2098,-4.6799,-0.2346,-0.2541,0
-0.0306, 0.0000, 0.4900, 3.1415, 0.3088,-5.3145,-4.6799,-0.2381,-0.2534,0
-0.0271, 0.0000, 0.4398, 3.1415, 0.3406,-5.0841, 4.6799,-0.2878,-0.2527,0
-0.0231, 0.0000, 0.3832, 3.1415, 0.3834,-5.5407,-4.6799,-0.2361,-0.2520,0
-0.0201, 0.0000, 0.3267, 3.1415, 0.3192,-5.6320,-4.6799,-0.2360,-0.2513,0
-0.0170, 0.0000, 0.2701, 3.1415, 0.3124,-5.6503,-4.6799,-0.2450,-0.2506,0
-0.0143, 0.0000, 0.2167, 3.1415, 0.2807,-5.4026, 4.6799,-0.2926,-0.2498,0
-0.0112, 0.0000, 0.1602, 3.1415, 0.3047,-5.6044, 4.6799,-0.2691,-0.2491,0
-0.0083, 0.0000, 0.1036, 3.1415, 0.2913,-5.6447, 4.6799,-0.2681,-0.2484,0
-0.0050, 0.0000, 0.0439, 3.1415, 0.3189,-5.9041,-4.6799,-0.2293,-0.2477,0
-0.0028, 0.0000,-0.0125, 3.1415, 0.2457,-5.7047, 4.6799,-0.2624,-0.2470,0
 0.0004, 0.0000,-0.0691, 3.1415, 0.3098,-5.6648, 4.6799,-0.2671,-0.2462,0
 0.0037, 0.0000,-0.1256, 3.1415, 0.3287,-5.6568, 4.6799,-0.2644,-0.2455,0
 0.0068, 0.0000,-0.1853, 3.1415, 0.3143,-5.9065,-4.6799,-0.2173,-0.2448,0
 0.0092, 0.0000,-0.2419, 3.1415, 0.2508,-5.7052,-2.7365,-0.2414,-0.2441,0
 0.0118, 0.0000,-0.2953, 3.1415, 0.2563,-5.4136, 4.6799,-0.2767,-0.2434,0
 0.0144, 0.0000,-0.3487, 3.1415, 0.2634,-5.3552, 4.6799,-0.2733,-0.2427,0
 0.0168, 0.0000,-0.4021, 3.1415, 0.2406,-5.3436, 4.6799,-0.2610,-0.2419,0
 0.0192, 0.0000,-0.4523, 3.1415, 0.2421,-5.0899, 4.6799,-0.2831,-0.2412,0
 0.0216, 0.0000,-0.5026, 3.1415, 0.2424,-5.0392, 4.6799,-0.2737,-0.2405,0
 0.0241, 0.0000,-0.5497, 3.1415, 0.2485,-4.7777, 4.6799,-0.2926,-0.2398,0
 0.0267, 0.0000,-0.5969, 3.1415, 0.2558,-4.7254, 4.6799,-0.2812,-0.2391,0
 0.0292, 0.0000,-0.6408, 3.1415, 0.2512,-4.4636, 4.6799,-0.2966,-0.2384,0
 0.0317, 0.0000,-0.6848, 3.1415, 0.2503,-4.4113, 4.6799,-0.2837,-0.2376,0
 0.0342, 0.0000,-0.7257, 3.1415, 0.2501,-4.1495, 4.6799,-0.2960,-0.2369,0
 0.0370, 0.0000,-0.7665, 3.1415, 0.2743,-4.0971, 4.6799,-0.2822,-0.2362,0
 0.0395, 0.0000,-0.8042, 3.1415, 0.2549,-3.8353, 4.6799,-0.2921,-0.2355,0
 0.0422, 0.0000,-0.8388, 3.1415, 0.2632,-3.5316, 4.6799,-0.3053,-0.2348,0
 0.0450, 0.0000,-0.8733, 3.1415, 0.2830,-3.4709, 4.6799,-0.2925,-0.2340,0
 0.0479, 0.0000,-0.9047, 3.1415, 0.2870,-3.2074, 4.6799,-0.2996,-0.2333,0
 0.0508, 0.0000,-0.9330, 3.1415, 0.2878,-2.9034, 4.6799,-0.3095,-0.2326,0
 0.0534, 0.0000,-0.9581, 3.1415, 0.2637,-2.5913, 4.6799,-0.3188,-0.2319,0
 0.0564, 0.0000,-0.9833, 3.1415, 0.2952,-2.5288, 4.6799,-0.3084,-0.2312,0
 0.0597, 0.0000,-1.0053, 3.1415, 0.3258,-2.2650, 4.6799,-0.3129,-0.2305,0
 0.0629, 0.0000,-1.0241, 3.1415, 0.3137,-1.9609, 4.6799,-0.3194,-0.2297,0
 0.0660, 0.0000,-1.0430, 3.1415, 0.3174,-1.9001, 3.0213,-0.3110,-0.2290,0
 0.0691, 0.0000,-1.0555, 3.1415, 0.3060,-1.3853, 3.2085,-0.3269,-0.2283,0
 0.0724, 0.0000,-1.0681, 3.1415, 0.3279,-1.2823, 0.1809,-0.3229,-0.2276,0
 0.0758, 0.0000,-1.0775, 3.1415, 0.3384,-1.0104,-1.2228,-0.3257,-0.2269,0
 0.0788, 0.0000,-1.0838, 3.1415, 0.3102,-0.7047,-2.6279,-0.3290,-0.2261,0
 0.0813, 0.0000,-1.0869, 3.1415, 0.2560,-0.3922,-4.0076,-0.3318,-0.2254,0
 0.0837, 0.0000,-1.0869, 3.1415, 0.2452,-0.0784,-4.6799,-0.3339,-0.2247,0
 0.0859, 0.0000,-1.0838, 3.1415, 0.2248, 0.2356,-4.6799,-0.3352,-0.2240,0
 0.0876, 0.0000,-1.0775, 3.1415, 0.1783, 0.5497,-4.6799,-0.3357,-0.2233,0
 0.0888, 0.0000,-1.0681, 3.1415, 0.1326, 0.8639,-4.6799,-0.3354,-0.2226,0
 0.0898, 0.0000,-1.0555, 3.1415, 0.1053, 1.1781,-4.6799,-0.3343,-0.2218,0
 0.0902, 0.0000,-1.0398, 3.1415, 0.0574, 1.4922,-4.6799,-0.3324,-0.2211,0
 0.0904, 0.0000,-1.0210, 3.1415, 0.0236, 1.8064,-4.6799,-0.3295,-0.2204,0
 0.0901, 0.0000,-0.9990, 3.1415,-0.0134, 2.1205,-4.6799,-0.3256,-0.2197,0
 0.0895, 0.0000,-0.9738, 3.1415,-0.0512, 2.4347,-4.6799,-0.3206,-0.2190,0
 0.0887, 0.0000,-0.9456, 3.1415,-0.0769, 2.7488,-4.6799,-0.3144,-0.2182,0
 0.0876, 0.0000,-0.9110, 3.1415,-0.1002, 3.3143,-4.6799,-0.2863,-0.2175,0
 0.0861, 0.0000,-0.8765, 3.1415,-0.1413, 3.4274,-4.6799,-0.2949,-0.2168,0
 0.0842, 0.0000,-0.8419, 3.1415,-0.1798, 3.4500,-4.6799,-0.3116,-0.2161,0
 0.0821, 0.0000,-0.8011, 3.1415,-0.2057, 3.9572,-4.6799,-0.2804,-0.2154,0
 0.0798, 0.0000,-0.7571, 3.1415,-0.2291, 4.3100,-4.6799,-0.2618,-0.2147,0
 0.0770, 0.0000,-0.7099, 3.1415,-0.2701, 4.6319,-4.6799,-0.2442,-0.2139,0
 0.0738, 0.0000,-0.6628, 3.1415,-0.3086, 4.6962,-4.6799,-0.2572,-0.2132,0
 0.0704, 0.0000,-0.6094, 3.1415,-0.3285, 5.2118, 4.6799,-0.2085,-0.2125,0
 0.0678, 0.0000,-0.5560, 3.1415,-0.2779, 5.3149, 0.1506,-0.2144,-0.2118,0
 0.0642, 0.0000,-0.5026, 3.1415,-0.3405, 5.3355,-4.6799,-0.2307,-0.2111,0
 0.0604, 0.0000,-0.4461, 3.1415,-0.3773, 5.5910, 3.6396,-0.2101,-0.2103,0
 0.0572, 0.0000,-0.3864, 3.1415,-0.3240, 5.8934, 4.6799,-0.1788,-0.2096,0
 0.0541, 0.0000,-0.3298, 3.1415,-0.3194, 5.7025,-4.6799,-0.2241,-0.2089,0
 0.0500, 0.0000,-0.2701, 3.1415,-0.3852, 5.9157, 4.6799,-0.2020,-0.2082,0
 0.0476, 0.0000,-0.2104, 3.1415,-0.2710, 5.9583, 2.7684,-0.2052,-0.2075,0
 0.0444, 0.0000,-0.1507, 3.1415,-0.3149, 5.9668,-2.3871,-0.2114,-0.2068,0
 0.0415, 0.0000,-0.0911, 3.1415,-0.2933, 5.9686,-4.6799,-0.2163,-0.2060,0
 0.0382, 0.0000,-0.0314, 3.1415,-0.3194, 5.9689,-4.6799,-0.2189,-0.2053,0
 0.0350, 0.0000, 0.0282, 3.1415,-0.3185, 5.9690,-4.6799,-0.2189,-0.2046,0
 0.0317, 0.0000, 0.0911, 3.1415,-0.3304, 6.2203, 4.6799,-0.1734,-0.2039,0
 0.0293, 0.0000, 0.1507, 3.1415,-0.2601, 6.0192,-0.9464,-0.2026,-0.2032,0
 0.0260, 0.0000, 0.2104, 3.1415,-0.3127, 5.9790, 0.4658,-0.2017,-0.2024,0
 0.0234, 0.0000, 0.2701, 3.1415,-0.2747, 5.9710, 4.6799,-0.1928,-0.2017,0
 0.0212, 0.0000, 0.3267, 3.1415,-0.2307, 5.7181,-4.6799,-0.2223,-0.2010,0
 0.0187, 0.0000, 0.3801, 3.1415,-0.2401, 5.4161,-4.6799,-0.2561,-0.2003,0
 0.0162, 0.0000, 0.4335, 3.1415,-0.2541, 5.3558,-4.6799,-0.2500,-0.1996,0
 0.0139, 0.0000, 0.4869, 3.1415,-0.2327, 5.3437,-4.6799,-0.2348,-0.1989,0
 0.0116, 0.0000, 0.5372, 3.1415,-0.2284, 5.0899,-4.6799,-0.2542,-0.1981,0
 0.0092, 0.0000, 0.5874, 3.1415,-0.2397, 5.0392,-4.6799,-0.2421,-0.1974,0
 0.0069, 0.0000, 0.6377, 3.1415,-0.2298, 5.0290,-4.6799,-0.2228,-0.1967,0
 0.0045, 0.0000, 0.6848, 3.1415,-0.2399, 4.7757,-4.6799,-0.2368,-0.1960,0
 0.0020, 0.0000, 0.7288, 3.1415,-0.2480, 4.4737,-4.6799,-0.2554,-0.1953,0
-0.0003, 0.0000, 0.7728, 3.1415,-0.2375, 4.4133,-4.6799,-0.2414,-0.1945,0
-0.0027, 0.0000, 0.8105, 3.1415,-0.2415, 3.8985,-4.6799,-0.2820,-0.1938,0
-0.0053, 0.0000, 0.8513, 3.1415,-0.2605, 4.0469,-4.6799,-0.2438,-0.1931,0
-0.0079, 0.0000, 0.8890, 3.1415,-0.2582, 3.8253,-4.6799,-0.2476,-0.1924,0
-0.0105, 0.0000, 0.9236, 3.1415,-0.2578, 3.5296,-4.6799,-0.2585,-0.1917,0
-0.0133, 0.0000, 0.9550, 3.1415,-0.2759, 3.2192,-4.6799,-0.2696,-0.1910,0
-0.0161, 0.0000, 0.9833, 3.1415,-0.2795, 2.9057,-4.6799,-0.2798,-0.1902,0
-0.0190, 0.0000, 1.0115, 3.1415,-0.2863, 2.8431,-4.6799,-0.2677,-0.1895,0
-0.0219, 0.0000, 1.0367, 3.1415,-0.2937, 2.5792,-4.6799,-0.2724,-0.1888,0
-0.0249, 0.0000, 1.0587, 3.1415,-0.2952, 2.2751,-4.6799,-0.2793,-0.1881,0
-0.0281, 0.0000, 1.0775, 3.1415,-0.3137, 1.9629,-4.6799,-0.2860,-0.1874,0
-0.0314, 0.0000, 1.0964, 3.1415,-0.3295, 1.9005,-4.6799,-0.2774,-0.1866,0
-0.0347, 0.0000, 1.1089, 3.1415,-0.3266, 1.3854,-4.6799,-0.2930,-0.1859,0
-0.0381, 0.0000, 1.1215, 3.1415,-0.3381, 1.2823,-2.1573,-0.2888,-0.1852,0
-0.0416, 0.0000, 1.1341, 3.1415,-0.3526, 1.2617,-0.4285,-0.2814,-0.1845,0
-0.0452, 0.0000, 1.1403, 3.1415,-0.3555, 0.7550, 0.4018,-0.2916,-0.1838,0
-0.0482, 0.0000, 1.1435, 3.1415,-0.3075, 0.4023, 2.2978,-0.2952,-0.1831,0
-0.0510, 0.0000, 1.1466, 3.1415,-0.2919, 0.3317, 3.8896,-0.2939,-0.1823,0
-0.0538, 0.0000, 1.1435, 3.1415,-0.2827,-0.1849, 4.6799,-0.2970,-0.1816,0
-0.0560, 0.0000, 1.1403, 3.1415,-0.2323,-0.2883, 4.6799,-0.2984,-0.1809,0
-0.0580, 0.0000, 1.1309, 3.1415,-0.2041,-0.8116, 4.6799,-0.2965,-0.1802,0
-0.0594, 0.0000, 1.1184, 3.1415,-0.1499,-1.1676, 4.6799,-0.2948,-0.1795,0
-0.0604, 0.0000, 1.1026, 3.1415,-0.1088,-1.4901, 4.6799,-0.2929,-0.1787,0
-0.0608, 0.0000, 1.0838, 3.1415,-0.0581,-1.8059, 4.6799,-0.2903,-0.1780,0
-0.0610, 0.0000, 1.0618, 3.1415,-0.0237,-2.1204, 4.6799,-0.2869,-0.1773,0
-0.0607, 0.0000, 1.0367, 3.1415, 0.0134,-2.4347, 4.6799,-0.2825,-0.1766,0
-0.0601, 0.0000, 1.0084, 3.1415, 0.0572,-2.7488, 4.6799,-0.2770,-0.1759,0
-0.0591, 0.0000, 0.9770, 3.1415, 0.0842,-3.0630, 4.6799,-0.2704,-0.1752,0
-0.0579, 0.0000, 0.9424, 3.1415, 0.1138,-3.3772, 4.6799,-0.2624,-0.1744,0
-0.0563, 0.0000, 0.9047, 3.1415, 0.1561,-3.6913, 4.6799,-0.2529,-0.1737,0
-0.0543, 0.0000, 0.8639, 3.1415, 0.1888,-4.0055, 4.6799,-0.2417,-0.1730,0
-0.0521, 0.0000, 0.8199, 3.1415, 0.2136,-4.3196, 4.6799,-0.2286,-0.1723,0
-0.0494, 0.0000, 0.7728, 3.1415, 0.2549,-4.6338, 4.6799,-0.2134,-0.1716,0
-0.0464, 0.0000, 0.7257, 3.1415, 0.2935,-4.6966, 4.6799,-0.2283,-0.1709,0
-0.0432, 0.0000, 0.6723, 3.1415, 0.3194,-5.2119,-0.4227,-0.1815,-0.1701,0
-0.0403, 0.0000, 0.6188, 3.1415, 0.2942,-5.3149, 4.6799,-0.1894,-0.1694,0
-0.0364, 0.0000, 0.5623, 3.1415, 0.3680,-5.5868,-4.5677,-0.1705,-0.1687,0
-0.0333, 0.0000, 0.5026, 3.1415, 0.3222,-5.8925,-4.6799,-0.1431,-0.1680,0
-0.0301, 0.0000, 0.4429, 3.1415, 0.3191,-5.9537,-4.6799,-0.1525,-0.1673,0
-0.0269, 0.0000, 0.3832, 3.1415, 0.3245,-5.9659,-2.5762,-0.1676,-0.1665,0
-0.0239, 0.0000, 0.3235, 3.1415, 0.3013,-5.9684, 4.6799,-0.1821,-0.1658,0
-0.0207, 0.0000, 0.2638, 3.1415, 0.3149,-5.9689, 4.6799,-0.1944,-0.1651,0
-0.0174, 0.0000, 0.2010, 3.1415, 0.3297,-6.2203,-4.6799,-0.1619,-0.1644,0
-0.0149, 0.0000, 0.1382, 3.1415, 0.2660,-6.2706,-4.6799,-0.1607,-0.1637,0
-0.0122, 0.0000, 0.0753, 3.1415, 0.2654,-6.2806,-1.8602,-0.1637,-0.1630,0
-0.0095, 0.0000, 0.0125, 3.1415, 0.2713,-6.2826, 0.2079,-0.1654,-0.1622,0
-0.0070, 0.0000,-0.0471, 3.1415, 0.2543,-6.0317, 4.6799,-0.2079,-0.1615,0
-0.0045, 0.0000,-0.1099, 3.1415, 0.2509,-6.2328, 3.7933,-0.1698,-0.1608,0
-0.0020, 0.0000,-0.1696, 3.1415, 0.2502,-6.0218, 4.6799,-0.2001,-0.1601,0
 0.0004, 0.0000,-0.2293, 3.1415, 0.2501,-5.9795, 4.6799,-0.1987,-0.1594,0
 0.0033, 0.0000,-0.2921, 3.1415, 0.2804,-6.2224,-4.6799,-0.1455,-0.1586,0
 0.0051, 0.0000,-0.3518, 3.1415, 0.2016,-6.0197, 4.6799,-0.1667,-0.1579,0
 0.0079, 0.0000,-0.4084, 3.1415, 0.2646,-5.7278, 4.6799,-0.1997,-0.1572,0
 0.0103, 0.0000,-0.4649, 3.1415, 0.2469,-5.6694, 4.6799,-0.1918,-0.1565,0
 0.0128, 0.0000,-0.5215, 3.1415, 0.2434,-5.6577, 4.6799,-0.1744,-0.1558,0
 0.0153, 0.0000,-0.5749, 3.1415, 0.2487,-5.4041, 4.6799,-0.1937,-0.1551,0
 0.0175, 0.0000,-0.6251, 3.1415, 0.2316,-5.1020, 4.6799,-0.2178,-0.1543,0
 0.0200, 0.0000,-0.6754, 3.1415, 0.2464,-5.0416, 4.6799,-0.2045,-0.1536,0
 0.0227, 0.0000,-0.7257, 3.1415, 0.2615,-5.0295, 4.6799,-0.1830,-0.1529,0
 0.0252, 0.0000,-0.7728, 3.1415, 0.2523,-4.7758, 4.6799,-0.1947,-0.1522,0
 0.0276, 0.0000,-0.8168, 3.1415, 0.2445,-4.4737, 4.6799,-0.2113,-0.1515,0
 0.0301, 0.0000,-0.8576, 3.1415, 0.2489,-4.1620, 4.6799,-0.2272,-0.1507,0
 0.0328, 0.0000,-0.8984, 3.1415, 0.2620,-4.0996, 4.6799,-0.2119,-0.1500,0
 0.0353, 0.0000,-0.9361, 3.1415, 0.2585,-3.8358, 4.6799,-0.2197,-0.1493,0
 0.0381, 0.0000,-0.9738, 3.1415, 0.2699,-3.7831, 4.6799,-0.2032,-0.1486,0
 0.0407, 0.0000,-1.0053, 3.1415, 0.2601,-3.2698, 4.6799,-0.2350,-0.1479,0
 0.0435, 0.0000,-1.0367, 3.1415, 0.2824,-3.1672, 4.6799,-0.2250,-0.1472,0
 0.0464, 0.0000,-1.0649, 3.1415, 0.2868,-2.8953, 4.6799,-0.2305,-0.1464,0
 0.0493, 0.0000,-1.0901, 3.1415, 0.2877,-2.5897, 4.6799,-0.2381,-0.1457,0
 0.0523, 0.0000,-1.1152, 3.1415, 0.3000,-2.5285, 4.6799,-0.2264,-0.1450,0
 0.0555, 0.0000,-1.1341, 3.1415, 0.3146,-2.0136, 4.6799,-0.2469,-0.1443,0
 0.0587, 0.0000,-1.1529, 3.1415, 0.3175,-1.9107, 3.2695,-0.2402,-0.1436,0
 0.0619, 0.0000,-1.1686, 3.1415, 0.3242,-1.6387, 1.9304,-0.2434,-0.1428,0
 0.0651, 0.0000,-1.1812, 3.1415, 0.3195,-1.3330, 0.4640,-0.2478,-0.1421,0
 0.0685, 0.0000,-1.1906, 3.1415, 0.3367,-1.0205,-1.4332,-0.2518,-0.1414,0
 0.0715, 0.0000,-1.1969, 3.1415, 0.3038,-0.7067,-2.8765,-0.2552,-0.1407,0
 0.0742, 0.0000,-1.2032, 3.1415, 0.2729,-0.6440,-4.0392,-0.2522,-0.1400,0
 0.0767, 0.0000,-1.2032, 3.1415, 0.2607,-0.1288,-4.6799,-0.2578,-0.1393,0
 0.0789, 0.0000,-1.2000, 3.1415, 0.2279, 0.2255,-4.6799,-0.2594,-0.1385,0
 0.0807, 0.0000,-1.1938, 3.1415, 0.1911, 0.5477,-4.6799,-0.2601,-0.1378,0
 0.0823, 0.0000,-1.1843, 3.1415, 0.1594, 0.8635,-4.6799,-0.2601,-0.1371,0
 0.0831, 0.0000,-1.1718, 3.1415, 0.0985, 1.1780,-4.6799,-0.2595,-0.1364,0
 0.0837, 0.0000,-1.1561, 3.1415, 0.0682, 1.4922,-4.6799,-0.2581,-0.1357,0
 0.0839, 0.0000,-1.1372, 3.1415, 0.0318, 1.8064,-4.6799,-0.2559,-0.1349,0
 0.0838, 0.0000,-1.1152, 3.1415,-0.0057, 2.1205,-4.6799,-0.2529,-0.1342,0
 0.0832, 0.0000,-1.0901, 3.1415,-0.0435, 2.4347,-4.6799,-0.2490,-0.1335,0
 0.0825, 0.0000,-1.0618, 3.1415,-0.0693, 2.7488,-4.6799,-0.2441,-0.1328,0
 0.0814, 0.0000,-1.0304, 3.1415,-0.0987, 3.0630,-4.6799,-0.2380,-0.1321,0
 0.0800, 0.0000,-0.9958, 3.1415,-0.1349, 3.3772,-4.6799,-0.2307,-0.1314,0
 0.0782, 0.0000,-0.9581, 3.1415,-0.1664, 3.6913,-4.6799,-0.2221,-0.1306,0
 0.0761, 0.0000,-0.9173, 3.1415,-0.2030, 4.0055,-4.6799,-0.2119,-0.1299,0
 0.0736, 0.0000,-0.8733, 3.1415,-0.2407, 4.3196,-4.6799,-0.1999,-0.1292,0
 0.0708, 0.0000,-0.8262, 3.1415,-0.2724, 4.6338,-4.6799,-0.1859,-0.1285,0
 0.0677, 0.0000,-0.7759, 3.1415,-0.3030, 4.9480,-4.6799,-0.1697,-0.1278,0
 0.0641, 0.0000,-0.7225, 3.1415,-0.3455, 5.2621,-4.6799,-0.1509,-0.1270,0
 0.0602, 0.0000,-0.6691, 3.1415,-0.3844, 5.3250,-4.6799,-0.1662,-0.1263,0
 0.0559, 0.0000,-0.6094, 3.1415,-0.4224, 5.8402, 4.6799,-0.1112,-0.1256,0
 0.0524, 0.0000,-0.5497, 3.1415,-0.3634, 5.9432, 4.6799,-0.1177,-0.1249,0
 0.0482, 0.0000,-0.4869, 3.1415,-0.4061, 6.2151, 4.6799,-0.0938,-0.1242,0
 0.0443, 0.0000,-0.4241, 3.1415,-0.3965, 6.2695, 4.6799,-0.1041,-0.1235,0
 0.0407, 0.0000,-0.3612, 3.1415,-0.3703, 6.2804, 4.6799,-0.1195,-0.1227,0
 0.0375, 0.0000,-0.2984, 3.1415,-0.3287, 6.2826,-4.6799,-0.1337,-0.1220,0
 0.0336, 0.0000,-0.2356, 3.1415,-0.3749, 6.2830,-4.6799,-0.1455,-0.1213,0
 0.0301, 0.0000,-0.1727, 3.1415,-0.3539, 6.2831,-4.6799,-0.1547,-0.1206,0
 0.0265, 0.0000,-0.1068, 3.1415,-0.3618, 6.5345, 4.6799,-0.1162,-0.1199,0
 0.0236, 0.0000,-0.0408, 3.1415,-0.3027, 6.5847, 4.6799,-0.1104,-0.1191,0
 0.0203, 0.0000, 0.0251, 3.1415,-0.3212, 6.5948, 4.6799,-0.1089,-0.1184,0
 0.0175, 0.0000, 0.0879, 3.1415,-0.2886, 6.3455,-4.6799,-0.1515,-0.1177,0
 0.0144, 0.0000, 0.1507, 3.1415,-0.3123, 6.2956,-4.6799,-0.1550,-0.1170,0
 0.0115, 0.0000, 0.2136, 3.1415,-0.2868, 6.2856,-4.6799,-0.1486,-0.1163,0
 0.0090, 0.0000, 0.2733, 3.1415,-0.2574, 6.0323,-4.6799,-0.1819,-0.1156,0
 0.0062, 0.0000, 0.3361, 3.1415,-0.2818, 6.2330,-4.6799,-0.1339,-0.1148,0
 0.0033, 0.0000, 0.3958, 3.1415,-0.2867, 6.0218,-4.6799,-0.1548,-0.1141,0
 0.0005, 0.0000, 0.4555, 3.1415,-0.2817, 5.9795,-4.6799,-0.1442,-0.1134,0
-0.0024, 0.0000, 0.5152, 3.1415,-0.2928, 5.9711,-4.6799,-0.1257,-0.1127,0
-0.0053, 0.0000, 0.5717, 3.1415,-0.2950, 5.7181,-4.6799,-0.1461,-0.1120,0
-0.0084, 0.0000, 0.6251, 3.1415,-0.3015, 5.4161,-4.6799,-0.1715,-0.1112,0
-0.0115, 0.0000, 0.6785, 3.1415,-0.3089, 5.3558,-4.6799,-0.1574,-0.1105,0
-0.0144, 0.0000, 0.7319, 3.1415,-0.2982, 5.3437,-4.6799,-0.1343,-0.1098,0
-0.0174, 0.0000, 0.7822, 3.1415,-0.2961, 5.0899,-4.6799,-0.1466,-0.1091,0
-0.0205, 0.0000, 0.8293, 3.1415,-0.3078, 4.7879,-4.6799,-0.1640,-0.1084,0
-0.0236, 0.0000, 0.8733, 3.1415,-0.3101, 4.4761,-4.6799,-0.1806,-0.1077,0
-0.0267, 0.0000, 0.9173, 3.1415,-0.3106, 4.4138,-4.6799,-0.1638,-0.1069,0
-0.0298, 0.0000, 0.9581, 3.1415,-0.3107, 4.1500,-4.6799,-0.1717,-0.1062,0
-0.0330, 0.0000, 0.9958, 3.1415,-0.3168, 3.8459,-4.6799,-0.1833,-0.1055,0
-0.0362, 0.0000, 1.0304, 3.1415,-0.3180, 3.5337,-4.6799,-0.1945,-0.1048,0
-0.0395, 0.0000, 1.0649, 3.1415,-0.3303, 3.4713,-4.6799,-0.1792,-0.1041,0
-0.0428, 0.0000, 1.0964, 3.1415,-0.3268, 3.2075,-4.6799,-0.1839,-0.1034,0
-0.0462, 0.0000, 1.1246, 3.1415,-0.3382, 2.9034,-4.6799,-0.1918,-0.1026,0
-0.0498, 0.0000, 1.1498, 3.1415,-0.3586, 2.5913,-4.6799,-0.1994,-0.1019,0
-0.0534, 0.0000, 1.1749, 3.1415,-0.3567, 2.5288,-4.3467,-0.1873,-0.1012,0
-0.0569, 0.0000, 1.1938, 3.1415,-0.3563, 2.0137,-4.6346,-0.2075,-0.1005,0
-0.0607, 0.0000, 1.2126, 3.1415,-0.3744, 1.9107,-1.5396,-0.2006,-0.0998,0
-0.0646, 0.0000, 1.2283, 3.1415,-0.3841, 1.6387,-0.1233,-0.2035,-0.0990,0
-0.0684, 0.0000, 1.2377, 3.1415,-0.3799, 1.0817, 1.2254,-0.2183,-0.0983,0
-0.0715, 0.0000, 1.2472, 3.1415,-0.3245, 0.9703, 2.8317,-0.2151,-0.0976,0
-0.0748, 0.0000, 1.2534, 3.1415,-0.3256, 0.6967, 4.1298,-0.2172,-0.0969,0
-0.0777, 0.0000, 1.2566, 3.1415,-0.3016, 0.3906, 4.6799,-0.2197,-0.0962,0
-0.0802, 0.0000, 1.2566, 3.1415,-0.2604, 0.0781, 4.6799,-0.2218,-0.0955,0
-0.0823, 0.0000, 1.2534, 3.1415,-0.2157,-0.2356, 4.6799,-0.2232,-0.0947,0
-0.0839, 0.0000, 1.2440, 3.1415,-0.1704,-0.8011, 4.6799,-0.2214,-0.0940,0
-0.0851, 0.0000, 1.2346, 3.1415,-0.1371,-0.9142, 4.6799,-0.2251,-0.0933,0
-0.0860, 0.0000, 1.2220, 3.1415,-0.0941,-1.1881, 4.6799,-0.2256,-0.0926,0
-0.0864, 0.0000, 1.2032, 3.1415,-0.0491,-1.7455, 4.6799,-0.2153,-0.0919,0
-0.0864, 0.0000, 1.1843, 3.1415,-0.0098,-1.8570, 4.6799,-0.2223,-0.0911,0
-0.0860, 0.0000, 1.1592, 3.1415, 0.0222,-2.3820, 4.6799,-0.2078,-0.0904,0
-0.0854, 0.0000, 1.1341, 3.1415, 0.0529,-2.4870, 4.6799,-0.2171,-0.0897,0
-0.0845, 0.0000, 1.1026, 3.1415, 0.0833,-3.0106, 4.6799,-0.1970,-0.0890,0
-0.0832, 0.0000, 1.0712, 3.1415, 0.1258,-3.1154, 4.6799,-0.2080,-0.0883,0
-0.0817, 0.0000, 1.0367, 3.1415, 0.1464,-3.3876, 4.6799,-0.2048,-0.0876,0
-0.0799, 0.0000, 0.9958, 3.1415, 0.1687,-3.9447, 4.6799,-0.1726,-0.0868,0
-0.0777, 0.0000, 0.9550, 3.1415, 0.2095,-4.0562, 4.6799,-0.1844,-0.0861,0
-0.0752, 0.0000, 0.9110, 3.1415, 0.2420,-4.3298, 4.6799,-0.1776,-0.0854,0
-0.0724, 0.0000, 0.8607, 3.1415, 0.2727,-4.8872, 4.6799,-0.1336,-0.0847,0
-0.0693, 0.0000, 0.8105, 3.1415, 0.3031,-4.9986, 4.6799,-0.1450,-0.0840,0
-0.0659, 0.0000, 0.7571, 3.1415, 0.3334,-5.2723, 4.6799,-0.1327,-0.0832,0
-0.0621, 0.0000, 0.7005, 3.1415, 0.3698,-5.5783, 4.6799,-0.1133,-0.0825,0
-0.0579, 0.0000, 0.6408, 3.1415, 0.4074,-5.8908,-0.8101,-0.0897,-0.0818,0
-0.0542, 0.0000, 0.5780, 3.1415, 0.3785,-6.2047,-4.6799,-0.0624,-0.0811,0
-0.0500, 0.0000, 0.5152, 3.1415, 0.4092,-6.2674,-4.6799,-0.0749,-0.0804,0
-0.0460, 0.0000, 0.4492, 3.1415, 0.4092,-6.5313,-4.6799,-0.0496,-0.0797,0
-0.0421, 0.0000, 0.3864, 3.1415, 0.3910,-6.3328, 4.6799,-0.1036,-0.0789,0
-0.0378, 0.0000, 0.3204, 3.1415, 0.4238,-6.5444,-2.0722,-0.0819,-0.0782,0
-0.0343, 0.0000, 0.2513, 3.1415, 0.3636,-6.8380,-4.6799,-0.0408,-0.0775,0
-0.0309, 0.0000, 0.1853, 3.1415, 0.3455,-6.6454, 4.6799,-0.0875,-0.0768,0
-0.0266, 0.0000, 0.1162, 3.1415, 0.4086,-6.8583,-4.6799,-0.0547,-0.0761,0
-0.0235, 0.0000, 0.0502, 3.1415, 0.3303,-6.6495, 4.6799,-0.0981,-0.0753,0
-0.0197, 0.0000,-0.0157, 3.1415, 0.3752,-6.6077, 4.6799,-0.1067,-0.0746,0
-0.0161, 0.0000,-0.0848, 3.1415, 0.3600,-6.8507,-4.6799,-0.0584,-0.0739,0
-0.0131, 0.0000,-0.1539, 3.1415, 0.3145,-6.8993,-4.6799,-0.0431,-0.0732,0
-0.0104, 0.0000,-0.2167, 3.1415, 0.2751,-6.4064, 4.6799,-0.1266,-0.0725,0
-0.0068, 0.0000,-0.2827, 3.1415, 0.3400,-6.5591, 4.6799,-0.0872,-0.0718,0
-0.0041, 0.0000,-0.3455, 3.1415, 0.2862,-6.3383, 4.6799,-0.1131,-0.0710,0
-0.0013, 0.0000,-0.4084, 3.1415, 0.2816,-6.2942, 4.6799,-0.1043,-0.0703,0
 0.0013, 0.0000,-0.4680, 3.1415, 0.2746,-6.0340, 4.6799,-0.1311,-0.0696,0
 0.0044, 0.0000,-0.5277, 3.1415, 0.3035,-5.9820, 4.6799,-0.1193,-0.0689,0
 0.0072, 0.0000,-0.5874, 3.1415, 0.2850,-5.9716, 4.6799,-0.0984,-0.0682,0
 0.0100, 0.0000,-0.6440, 3.1415, 0.2752,-5.7182, 4.6799,-0.1164,-0.0674,0
 0.0128, 0.0000,-0.6974, 3.1415, 0.2854,-5.4162, 4.6799,-0.1397,-0.0667,0
 0.0156, 0.0000,-0.7508, 3.1415, 0.2814,-5.3558, 4.6799,-0.1234,-0.0660,0
 0.0186, 0.0000,-0.8011, 3.1415, 0.2927,-5.0924, 4.6799,-0.1366,-0.0653,0
 0.0214, 0.0000,-0.8513, 3.1415, 0.2828,-5.0397, 4.6799,-0.1176,-0.0646,0
 0.0242, 0.0000,-0.8953, 3.1415, 0.2809,-4.5265, 4.6799,-0.1621,-0.0639,0
 0.0271, 0.0000,-0.9393, 3.1415, 0.2865,-4.4238, 4.6799,-0.1499,-0.0631,0
 0.0303, 0.0000,-0.9833, 3.1415, 0.3119,-4.4033, 4.6799,-0.1265,-0.0624,0
 0.0330, 0.0000,-1.0210, 3.1415, 0.2806,-3.8965, 4.6799,-0.1626,-0.0617,0
 0.0360, 0.0000,-1.0587, 3.1415, 0.2926,-3.7952, 4.6799,-0.1502,-0.0610,0
 0.0389, 0.0000,-1.0901, 3.1415, 0.2949,-3.2723, 4.6799,-0.1821,-0.0603,0
 0.0419, 0.0000,-1.1215, 3.1415, 0.3015,-3.1677, 4.6799,-0.1713,-0.0595,0
 0.0450, 0.0000,-1.1529, 3.1415, 0.3089,-3.1468, 4.6799,-0.1527,-0.0588,0
 0.0482, 0.0000,-1.1780, 3.1415, 0.3164,-2.6399, 4.6799,-0.1772,-0.0581,0
 0.0515, 0.0000,-1.2032, 3.1415, 0.3240,-2.5386, 4.6799,-0.1678,-0.0574,0
 0.0547, 0.0000,-1.2220, 3.1415, 0.3255,-2.0156, 4.6799,-0.1884,-0.0567,0
 0.0582, 0.0000,-1.2409, 3.1415, 0.3440,-1.9111, 3.2427,-0.1814,-0.0560,0
 0.0618, 0.0000,-1.2566, 3.1415, 0.3537,-1.6388, 1.5234,-0.1843,-0.0552,0
 0.0656, 0.0000,-1.2692, 3.1415, 0.3739,-1.3330,-0.4499,-0.1884,-0.0545,0
 0.0687, 0.0000,-1.2786, 3.1415, 0.3233,-1.0205,-1.7368,-0.1922,-0.0538,0
 0.0713, 0.0000,-1.2849, 3.1415, 0.2768,-0.7067,-3.0356,-0.1955,-0.0531,0
 0.0747, 0.0000,-1.2880, 3.1415, 0.3221,-0.3926,-4.6799,-0.1981,-0.0524,0
 0.0770, 0.0000,-1.2880, 3.1415, 0.2523,-0.0785,-4.6799,-0.2002,-0.0516,0
 0.0792, 0.0000,-1.2849, 3.1415, 0.2202, 0.2356,-4.6799,-0.2017,-0.0509,0
 0.0811, 0.0000,-1.2786, 3.1415, 0.2016, 0.5497,-4.6799,-0.2025,-0.0502,0
 0.0823, 0.0000,-1.2692, 3.1415, 0.1312, 0.8639,-4.6799,-0.2028,-0.0495,0
 0.0832, 0.0000,-1.2534, 3.1415, 0.1050, 1.4294,-4.6799,-0.1954,-0.0488,0
 0.0839, 0.0000,-1.2377, 3.1415, 0.0695, 1.5425,-4.6799,-0.2014,-0.0481,0
 0.0839, 0.0000,-1.2189, 3.1415, 0.0199, 1.8164,-4.6799,-0.2012,-0.0473,0
 0.0839, 0.0000,-1.1969, 3.1415, 0.0039, 2.1225,-4.6799,-0.1991,-0.0466,0
 0.0835, 0.0000,-1.1686, 3.1415,-0.0355, 2.6864,-4.6799,-0.1800,-0.0459,0
 0.0825, 0.0000,-1.1403, 3.1415,-0.0859, 2.7992,-4.6799,-0.1899,-0.0452,0
 0.0814, 0.0000,-1.1089, 3.1415,-0.1081, 3.0731,-4.6799,-0.1877,-0.0445,0
 0.0801, 0.0000,-1.0744, 3.1415,-0.1247, 3.3792,-4.6799,-0.1821,-0.0437,0
 0.0782, 0.0000,-1.0335, 3.1415,-0.1765, 3.9431,-4.6799,-0.1498,-0.0430,0
 0.0760, 0.0000,-0.9927, 3.1415,-0.2050, 4.0558,-4.6799,-0.1620,-0.0423,0
 0.0737, 0.0000,-0.9487, 3.1415,-0.2289, 4.3297,-4.6799,-0.1559,-0.0416,0
 0.0708, 0.0000,-0.9016, 3.1415,-0.2762, 4.6358,-4.6799,-0.1445,-0.0409,0
 0.0675, 0.0000,-0.8482, 3.1415,-0.3220, 5.1997,-4.6799,-0.0963,-0.0402,0
 0.0639, 0.0000,-0.7948, 3.1415,-0.3493, 5.3125,-4.6799,-0.1078,-0.0394,0
 0.0601, 0.0000,-0.7382, 3.1415,-0.3791, 5.5863,-4.6799,-0.0942,-0.0387,0
 0.0557, 0.0000,-0.6785, 3.1415,-0.4274, 5.8924,-4.6799,-0.0729,-0.0380,0
 0.0510, 0.0000,-0.6157, 3.1415,-0.4614, 6.2050, 0.5042,-0.0471,-0.0373,0
 0.0466, 0.0000,-0.5497, 3.1415,-0.4439, 6.5188, 4.6799,-0.0173,-0.0366,0
 0.0422, 0.0000,-0.4838, 3.1415,-0.4344, 6.5816, 4.6799,-0.0292,-0.0358,0
 0.0378, 0.0000,-0.4178, 3.1415,-0.4385, 6.5942,-4.6799,-0.0475,-0.0351,0
 0.0328, 0.0000,-0.3518, 3.1415,-0.4878, 6.5967,-4.6799,-0.0648,-0.0344,0
 0.0278, 0.0000,-0.2796, 3.1415,-0.5038, 7.0998, 4.6799, 0.0155,-0.0337,0
 0.0240, 0.0000,-0.2104, 3.1415,-0.4039, 6.9491, 4.6799,-0.0261,-0.0330,0
 0.0197, 0.0000,-0.1413, 3.1415,-0.4203, 6.9190,-3.7844,-0.0407,-0.0323,0
 0.0149, 0.0000,-0.0722, 3.1415,-0.4721, 6.9130,-4.6799,-0.0471,-0.0315,0
 0.0106, 0.0000, 0.0000, 3.1415,-0.4339, 7.1631, 4.6799, 0.0002,-0.0308,0
 0.0068, 0.0000, 0.0691, 3.1415,-0.3960, 6.9618,-4.6799,-0.0378,-0.0301,0
 0.0025, 0.0000, 0.1382, 3.1415,-0.4248, 6.9215,-4.6799,-0.0405,-0.0294,0
-0.0014, 0.0000, 0.2073, 3.1415,-0.4002, 6.9135,-1.2252,-0.0335,-0.0287,0
-0.0056, 0.0000, 0.2764, 3.1415,-0.4135, 6.9119, 4.6799,-0.0219,-0.0280,0
-0.0092, 0.0000, 0.3455, 3.1415,-0.3737, 6.9115, 4.6799,-0.0068,-0.0272,0
-0.0122, 0.0000, 0.4084, 3.1415,-0.3112, 6.4088,-4.6799,-0.0840,-0.0265,0
-0.0153, 0.0000, 0.4712, 3.1415,-0.3169, 6.3083,-4.6799,-0.0826,-0.0258,0
-0.0190, 0.0000, 0.5309, 3.1415,-0.3544, 6.0368,-4.6799,-0.1090,-0.0251,0
-0.0220, 0.0000, 0.5906, 3.1415,-0.3134, 5.9826,-4.6799,-0.0953,-0.0244,0
-0.0250, 0.0000, 0.6503, 3.1415,-0.2991, 5.9717,-4.6799,-0.0722,-0.0236,0
-0.0279, 0.0000, 0.7037, 3.1415,-0.2963, 5.4669,-4.6799,-0.1290,-0.0229,0
-0.0308, 0.0000, 0.7602, 3.1415,-0.2896, 5.6172,-4.6799,-0.0786,-0.0222,0
-0.0341, 0.0000, 0.8105, 3.1415,-0.3247, 5.1446,-4.6799,-0.1242,-0.0215,0
-0.0370, 0.0000, 0.8607, 3.1415,-0.2953, 5.0501,-4.6799,-0.1110,-0.0208,0
-0.0397, 0.0000, 0.9079, 3.1415,-0.2773, 4.7799,-4.6799,-0.1220,-0.0201,0
-0.0432, 0.0000, 0.9519, 3.1415,-0.3283, 4.4745,-4.6799,-0.1362,-0.0193,0
-0.0461, 0.0000, 0.9958, 3.1415,-0.3021, 4.4134,-4.6799,-0.1177,-0.0186,0
-0.0491, 0.0000, 1.0335, 3.1415,-0.3029, 3.8986,-4.6799,-0.1546,-0.0179,0
-0.0523, 0.0000, 1.0712, 3.1415,-0.3152, 3.7956,-4.6799,-0.1422,-0.0172,0
-0.0553, 0.0000, 1.1089, 3.1415,-0.2995, 3.7750,-4.6799,-0.1204,-0.0165,0
-0.0587, 0.0000, 1.1403, 3.1415,-0.3327, 3.2682,-4.6799,-0.1500,-0.0157,0
-0.0619, 0.0000, 1.1686, 3.1415,-0.3212, 2.9156,-4.6799,-0.1620,-0.0150,0
-0.0650, 0.0000, 1.1969, 3.1415,-0.3128, 2.8450,-4.6799,-0.1489,-0.0143,0
-0.0685, 0.0000, 1.2220, 3.1415,-0.3414, 2.5796,-4.6799,-0.1522,-0.0136,0
-0.0719, 0.0000, 1.2409, 3.1415,-0.3411, 2.0238,-4.6799,-0.1752,-0.0129,0
-0.0754, 0.0000, 1.2597, 3.1415,-0.3532, 1.9127,-3.7188,-0.1685,-0.0122,0
-0.0790, 0.0000, 1.2754, 3.1415,-0.3556, 1.6391,-1.6625,-0.1713,-0.0114,0
-0.0824, 0.0000, 1.2911, 3.1415,-0.3439, 1.5844, 0.2206,-0.1630,-0.0107,0
-0.0860, 0.0000, 1.3006, 3.1415,-0.3598, 1.0708, 2.1468,-0.1756,-0.0100,0
-0.0890, 0.0000, 1.3069, 3.1415,-0.3084, 0.7168, 4.0100,-0.1801,-0.0093,0
-0.0919, 0.0000, 1.3100, 3.1415,-0.2920, 0.3946, 4.6799,-0.1829,-0.0086,0
-0.0943, 0.0000, 1.3100, 3.1415,-0.2524, 0.0789, 4.6799,-0.1850,-0.0078,0
-0.0964, 0.0000, 1.3100, 3.1415,-0.2202, 0.0157, 4.6799,-0.1851,-0.0071,0
-0.0982, 0.0000, 1.3037, 3.1415,-0.1835,-0.4994, 4.6799,-0.1859,-0.0064,0
-0.0993, 0.0000, 1.2943, 3.1415,-0.1276,-0.8538, 4.6799,-0.1857,-0.0057,0
-0.1001, 0.0000, 1.2817, 3.1415,-0.0922,-1.1760, 4.6799,-0.1853,-0.0050,0
-0.1005, 0.0000, 1.2660, 3.1415,-0.0487,-1.4918, 4.6799,-0.1842,-0.0043,0
-0.1006, 0.0000, 1.2472, 3.1415,-0.0158,-1.8063, 4.6799,-0.1826,-0.0035,0
-0.1003, 0.0000, 1.2252, 3.1415, 0.0210,-2.1205, 4.6799,-0.1802,-0.0028,0
-0.0998, 0.0000, 1.2000, 3.1415, 0.0466,-2.4347, 4.6799,-0.1771,-0.0021,0
-0.0989, 0.0000, 1.1718, 3.1415, 0.0760,-2.7488, 4.6799,-0.1731,-0.0014,0
-0.0978, 0.0000, 1.1403, 3.1415, 0.1061,-3.0630, 4.6799,-0.1682,-0.0007,0
-0.0963, 0.0000, 1.1058, 3.1415, 0.1424,-3.3772, 4.6799,-0.1623, 0.0000,0
-0.0945, 0.0000, 1.0681, 3.1415, 0.1679,-3.6913, 4.6799,-0.1551, 0.0007,0
-0.0924, 0.0000, 1.0241, 3.1415, 0.2033,-4.2568, 4.6799,-0.1195, 0.0014,0
-0.0899, 0.0000, 0.9801, 3.1415, 0.2407,-4.3699, 4.6799,-0.1325, 0.0021,0
-0.0870, 0.0000, 0.9330, 3.1415, 0.2785,-4.6439, 4.6799,-0.1256, 0.0028,0
-0.0839, 0.0000, 0.8827, 3.1415, 0.3103,-4.9500, 4.6799,-0.1129, 0.0035,0
-0.0804, 0.0000, 0.8293, 3.1415, 0.3409,-5.2625, 4.6799,-0.0972, 0.0043,0
-0.0766, 0.0000, 0.7728, 3.1415, 0.3713,-5.5764, 4.6799,-0.0787, 0.0050,0
-0.0725, 0.0000, 0.7131, 3.1415, 0.4016,-5.8905, 4.6799,-0.0573, 0.0057,0
-0.0679, 0.0000, 0.6534, 3.1415, 0.4441,-5.9533, 4.6799,-0.0739, 0.0064,0
-0.0631, 0.0000, 0.5874, 3.1415, 0.4768,-6.4685, 4.6799,-0.0119, 0.0071,0
-0.0579, 0.0000, 0.5215, 3.1415, 0.5137,-6.5715, 4.6799,-0.0180, 0.0079,0
-0.0522, 0.0000, 0.4492, 3.1415, 0.5575,-7.0948,-4.6799, 0.0578, 0.0086,0
-0.0471, 0.0000, 0.3801, 3.1415, 0.5177,-6.9481,-3.5984, 0.0090, 0.0093,0
-0.0416, 0.0000, 0.3078, 3.1415, 0.5461,-7.1701,-4.6799, 0.0354, 0.0100,0
-0.0363, 0.0000, 0.2356, 3.1415, 0.5276,-7.2145,-4.6799, 0.0304, 0.0107,0
-0.0315, 0.0000, 0.1633, 3.1415, 0.4935,-7.2234,-4.6799, 0.0219, 0.0114,0
-0.0269, 0.0000, 0.0911, 3.1415, 0.4685,-7.2252,-4.6799, 0.0157, 0.0122,0
-0.0228, 0.0000, 0.0219, 3.1415, 0.4211,-6.9742, 4.6799,-0.0369, 0.0129,0
-0.0181, 0.0000,-0.0471, 3.1415, 0.4601,-6.9240, 4.6799,-0.0460, 0.0136,0
-0.0138, 0.0000,-0.1162, 3.1415, 0.4315,-6.9140, 4.6799,-0.0439, 0.0143,0
-0.0097, 0.0000,-0.1884, 3.1415, 0.4198,-7.1633,-2.8814, 0.0130, 0.0150,0
-0.0061, 0.0000,-0.2576, 3.1415, 0.3689,-6.9618, 4.6799,-0.0158, 0.0158,0
-0.0018, 0.0000,-0.3235, 3.1415, 0.4133,-6.6702, 4.6799,-0.0579, 0.0165,0
 0.0022, 0.0000,-0.3895, 3.1415, 0.4161,-6.6119, 4.6799,-0.0522, 0.0172,0
 0.0063, 0.0000,-0.4555, 3.1415, 0.4106,-6.6002, 4.6799,-0.0349, 0.0179,0
 0.0100, 0.0000,-0.5215, 3.1415, 0.3731,-6.5979, 4.6799,-0.0131, 0.0186,0
 0.0138, 0.0000,-0.5811, 3.1415, 0.3838,-6.0948, 4.6799,-0.0801, 0.0193,0
 0.0178, 0.0000,-0.6440, 3.1415, 0.3920,-6.2455, 4.6799,-0.0281, 0.0201,0
 0.0218, 0.0000,-0.7037, 3.1415, 0.3997,-6.0243, 4.6799,-0.0394, 0.0208,0
 0.0256, 0.0000,-0.7602, 3.1415, 0.3831,-5.7287, 4.6799,-0.0609, 0.0215,0
 0.0291, 0.0000,-0.8136, 3.1415, 0.3555,-5.4183, 4.6799,-0.0821, 0.0222,0
 0.0329, 0.0000,-0.8670, 3.1415, 0.3803,-5.3562, 4.6799,-0.0629, 0.0229,0
 0.0368, 0.0000,-0.9173, 3.1415, 0.3852,-5.0924, 4.6799,-0.0734, 0.0237,0
 0.0405, 0.0000,-0.9644, 3.1415, 0.3741,-4.7884, 4.6799,-0.0882, 0.0244,0
 0.0442, 0.0000,-1.0084, 3.1415, 0.3719,-4.4762, 4.6799,-0.1023, 0.0251,0
 0.0479, 0.0000,-1.0524, 3.1415, 0.3654,-4.4138, 4.6799,-0.0830, 0.0258,0
 0.0516, 0.0000,-1.0932, 3.1415, 0.3762,-4.1500, 4.6799,-0.0889, 0.0265,0
 0.0555, 0.0000,-1.1309, 3.1415, 0.3844,-3.8459, 4.6799,-0.0986, 0.0272,0
 0.0593, 0.0000,-1.1655, 3.1415, 0.3800,-3.5337, 4.6799,-0.1082, 0.0280,0
 0.0633, 0.0000,-1.1969, 3.1415, 0.3973,-3.2200, 4.6799,-0.1170, 0.0287,0
 0.0673, 0.0000,-1.2252, 3.1415, 0.3947,-2.9059, 4.6799,-0.1250, 0.0294,0
 0.0711, 0.0000,-1.2534, 3.1415, 0.3881,-2.8431, 4.6799,-0.1108, 0.0301,0
 0.0751, 0.0000,-1.2754, 3.1415, 0.3989,-2.3279, 4.6799,-0.1331, 0.0308,0
 0.0791, 0.0000,-1.2974, 3.1415, 0.3950,-2.2248, 3.3429,-0.1245, 0.0316,0
 0.0833, 0.0000,-1.3163, 3.1415, 0.4185,-1.9529, 1.0089,-0.1273, 0.0323,0
 0.0875, 0.0000,-1.3320, 3.1415, 0.4171,-1.6472,-1.0714,-0.1318, 0.0330,0
 0.0914, 0.0000,-1.3414, 3.1415, 0.3926,-1.0834,-3.1707,-0.1468, 0.0337,0
 0.0948, 0.0000,-1.3508, 3.1415, 0.3574,-0.9706,-4.6799,-0.1434, 0.0344,0
 0.0985, 0.0000,-1.3571, 3.1415, 0.3625,-0.6967,-4.6799,-0.1454, 0.0351,0
 0.1015, 0.0000,-1.3603, 3.1415, 0.3150,-0.3906,-4.6799,-0.1478, 0.0359,0
 0.1042, 0.0000,-1.3603, 3.1415, 0.2752,-0.0781,-4.6799,-0.1499, 0.0366,0
 0.1065, 0.0000,-1.3571, 3.1415, 0.2430, 0.2356,-4.6799,-0.1514, 0.0373,0
 0.1085, 0.0000,-1.3508, 3.1415, 0.2062, 0.5497,-4.6799,-0.1524, 0.0380,0
 0.1101, 0.0000,-1.3383, 3.1415, 0.1685, 1.1152,-4.6799,-0.1480, 0.0387,0
 0.1114, 0.0000,-1.3257, 3.1415, 0.1367, 1.2283,-4.6799,-0.1530, 0.0395,0
 0.1122, 0.0000,-1.3100, 3.1415, 0.0940, 1.5023,-4.6799,-0.1535, 0.0402,0
 0.1126, 0.0000,-1.2911, 3.1415, 0.0491, 1.8084,-4.6799,-0.1523, 0.0409,0
 0.1127, 0.0000,-1.2660, 3.1415, 0.0158, 2.3723,-4.6799,-0.1366, 0.0416,0
 0.1124, 0.0000,-1.2409, 3.1415,-0.0150, 2.4850,-4.6799,-0.1461, 0.0423,0
 0.1117, 0.0000,-1.2095, 3.1415,-0.0636, 3.0102,-4.6799,-0.1269, 0.0430,0
 0.1107, 0.0000,-1.1780, 3.1415,-0.0915, 3.1153,-4.6799,-0.1389, 0.0438,0
 0.1094, 0.0000,-1.1435, 3.1415,-0.1213, 3.3876,-4.6799,-0.1368, 0.0445,0
 0.1077, 0.0000,-1.1026, 3.1415,-0.1576, 3.9447,-4.6799,-0.1061, 0.0452,0
 0.1057, 0.0000,-1.0618, 3.1415,-0.1952, 4.0562,-4.6799,-0.1195, 0.0459,0
 0.1034, 0.0000,-1.0147, 3.1415,-0.2209, 4.5811,-4.6799,-0.0852, 0.0466,0
 0.1008, 0.0000,-0.9676, 3.1415,-0.2503, 4.6861,-4.6799,-0.0999, 0.0473,0
 0.0978, 0.0000,-0.9173, 3.1415,-0.2926, 4.9584,-4.6799,-0.0923, 0.0481,0
 0.0945, 0.0000,-0.8607, 3.1415,-0.3253, 5.5155,-4.6799,-0.0421, 0.0488,0
 0.0907, 0.0000,-0.8042, 3.1415,-0.3682, 5.6270,-4.6799,-0.0548, 0.0495,0
 0.0866, 0.0000,-0.7414, 3.1415,-0.4010, 6.1519,-4.6799, 0.0002, 0.0502,0
 0.0820, 0.0000,-0.6785, 3.1415,-0.4440, 6.2569,-4.6799,-0.0109, 0.0509,0
 0.0772, 0.0000,-0.6126, 3.1415,-0.4768, 6.5292,-4.6799, 0.0093, 0.0517,0
 0.0719, 0.0000,-0.5434, 3.1415,-0.5198, 6.8350,-3.3338, 0.0394, 0.0524,0
 0.0663, 0.0000,-0.4712, 3.1415,-0.5465, 7.1475, 4.6799, 0.0753, 0.0531,0
 0.0617, 0.0000,-0.3989, 3.1415,-0.4791, 7.2100, 4.6799, 0.0660, 0.0538,0
 0.0560, 0.0000,-0.3267, 3.1415,-0.5566, 7.2225, 0.4280, 0.0502, 0.0545,0
 0.0507, 0.0000,-0.2513, 3.1415,-0.5357, 7.4763, 4.6799, 0.0870, 0.0552,0
 0.0457, 0.0000,-0.1759, 3.1415,-0.5012, 7.5271, 4.6799, 0.0861, 0.0560,0
 0.0413, 0.0000,-0.1036, 3.1415,-0.4519, 7.2859,-4.6799, 0.0289, 0.0567,0
 0.0366, 0.0000,-0.0314, 3.1415,-0.4723, 7.2377,-4.6799, 0.0156, 0.0574,0
 0.0315, 0.0000, 0.0408, 3.1415,-0.5007, 7.2280,-4.6799, 0.0139, 0.0581,0
 0.0269, 0.0000, 0.1162, 3.1415,-0.4639, 7.4774, 4.6799, 0.0695, 0.0588,0
 0.0231, 0.0000, 0.1884, 3.1415,-0.4020, 7.2760,-4.6799, 0.0357, 0.0596,0
 0.0182, 0.0000, 0.2607, 3.1415,-0.4684, 7.2357,-4.6799, 0.0391, 0.0603,0
 0.0137, 0.0000, 0.3298, 3.1415,-0.4514, 6.9763,-4.6799, 0.0019, 0.0610,0
 0.0095, 0.0000, 0.4021, 3.1415,-0.4298, 7.1758, 1.2482, 0.0600, 0.0617,0
 0.0054, 0.0000, 0.4680, 3.1415,-0.4133, 6.7130,-4.6799,-0.0099, 0.0624,0
 0.0012, 0.0000, 0.5372, 3.1415,-0.4161, 6.8718,-4.6799, 0.0441, 0.0631,0
-0.0025, 0.0000, 0.6000, 3.1415,-0.3924, 6.4009,-4.6799,-0.0190, 0.0639,0
-0.0065, 0.0000, 0.6628, 3.1415,-0.3998, 6.3067,-4.6799,-0.0091, 0.0646,0
-0.0103, 0.0000, 0.7257, 3.1415,-0.3831, 6.2878,-4.6799, 0.0163, 0.0653,0
-0.0138, 0.0000, 0.7822, 3.1415,-0.3555, 5.7814,-4.6799,-0.0414, 0.0660,0
-0.0176, 0.0000, 0.8388, 3.1415,-0.3742, 5.6801,-4.6799,-0.0282, 0.0667,0
-0.0216, 0.0000, 0.8922, 3.1415,-0.3901, 5.4086,-4.6799,-0.0411, 0.0675,0
-0.0253, 0.0000, 0.9456, 3.1415,-0.3751, 5.3542,-4.6799,-0.0188, 0.0682,0
-0.0289, 0.0000, 0.9958, 3.1415,-0.3660, 5.0920,-4.6799,-0.0274, 0.0689,0
-0.0327, 0.0000, 1.0398, 3.1415,-0.3763, 4.5370,-4.6799,-0.0754, 0.0696,0
-0.0364, 0.0000, 1.0869, 3.1415,-0.3723, 4.6773,-4.6799,-0.0277, 0.0703,0
-0.0402, 0.0000, 1.1278, 3.1415,-0.3776, 4.2027,-4.6799,-0.0605, 0.0710,0
-0.0440, 0.0000, 1.1655, 3.1415,-0.3786, 3.8564,-4.6799,-0.0749, 0.0718,0
-0.0478, 0.0000, 1.2032, 3.1415,-0.3789, 3.7872,-4.6799,-0.0572, 0.0725,0
-0.0517, 0.0000, 1.2377, 3.1415,-0.3910, 3.5220,-4.6799,-0.0610, 0.0732,0
-0.0558, 0.0000, 1.2660, 3.1415,-0.4056, 2.9663,-4.6799,-0.0922, 0.0739,0
-0.0597, 0.0000, 1.2943, 3.1415,-0.3964, 2.8552,-4.6799,-0.0818, 0.0746,0
-0.0638, 0.0000, 1.3194, 3.1415,-0.4067, 2.5816,-4.6799,-0.0852, 0.0754,0
-0.0682, 0.0000, 1.3446, 3.1415,-0.4269, 2.5269,-2.4026,-0.0716, 0.0761,0
-0.0724, 0.0000, 1.3603, 3.1415,-0.4249, 1.7620,-1.0291,-0.1065, 0.0768,0
-0.0767, 0.0000, 1.3791, 3.1415,-0.4245, 1.8603, 1.6978,-0.0883, 0.0775,0
-0.0803, 0.0000, 1.3917, 3.1415,-0.3759, 1.3773, 2.7433,-0.1013, 0.0782,0
-0.0842, 0.0000, 1.4011, 3.1415,-0.3844, 1.0294, 4.6799,-0.1064, 0.0789,0
-0.0877, 0.0000, 1.4105, 3.1415,-0.3618, 0.9598, 4.6799,-0.1016, 0.0797,0
-0.0907, 0.0000, 1.4137, 3.1415,-0.3149, 0.4433, 4.6799,-0.1095, 0.0804,0
-0.0934, 0.0000, 1.4137, 3.1415,-0.2751, 0.0886, 4.6799,-0.1122, 0.0811,0
-0.0958, 0.0000, 1.4137, 3.1415,-0.2430, 0.0177, 4.6799,-0.1123, 0.0818,0
-0.0976, 0.0000, 1.4074, 3.1415,-0.1941,-0.4991, 4.6799,-0.1133, 0.0825,0
-0.0990, 0.0000, 1.3980, 3.1415,-0.1540,-0.8538, 4.6799,-0.1132, 0.0833,0
-0.1000, 0.0000, 1.3854, 3.1415,-0.1096,-1.1760, 4.6799,-0.1129, 0.0840,0
-0.1006, 0.0000, 1.3728, 3.1415,-0.0704,-1.2405, 4.6799,-0.1196, 0.0847,0
-0.1008, 0.0000, 1.3540, 3.1415,-0.0322,-1.7560, 4.6799,-0.1112, 0.0854,0
-0.1008, 0.0000, 1.3320, 3.1415,-0.0064,-2.1105, 4.6799,-0.1074, 0.0861,0
-0.1005, 0.0000, 1.3069, 3.1415, 0.0290,-2.4327, 4.6799,-0.1044, 0.0868,0
-0.0997, 0.0000, 1.2786, 3.1415, 0.0664,-2.7484, 4.6799,-0.1010, 0.0876,0
-0.0986, 0.0000, 1.2472, 3.1415, 0.0981,-3.0629, 4.6799,-0.0969, 0.0883,0
-0.0974, 0.0000, 1.2126, 3.1415, 0.1166,-3.3771, 4.6799,-0.0920, 0.0890,0
-0.0958, 0.0000, 1.1780, 3.1415, 0.1506,-3.4400, 4.6799,-0.1091, 0.0897,0
-0.0939, 0.0000, 1.1372, 3.1415, 0.1877,-3.9552, 4.6799,-0.0826, 0.0904,0
-0.0917, 0.0000, 1.0932, 3.1415, 0.2133,-4.3096, 4.6799,-0.0699, 0.0912,0
-0.0891, 0.0000, 1.0461, 3.1415, 0.2488,-4.6318, 4.6799,-0.0593, 0.0919,0
-0.0862, 0.0000, 0.9958, 3.1415, 0.2801,-4.9476, 4.6799,-0.0477, 0.0926,0
-0.0830, 0.0000, 0.9424, 3.1415, 0.3106,-5.2620, 4.6799,-0.0344, 0.0933,0
-0.0794, 0.0000, 0.8859, 3.1415, 0.3531,-5.5763, 4.6799,-0.0189, 0.0940,0
-0.0754, 0.0000, 0.8262, 3.1415, 0.3859,-5.8904, 4.6799,-0.0008, 0.0947,0
-0.0711, 0.0000, 0.7665, 3.1415, 0.4227,-5.9533, 4.6799,-0.0210, 0.0955,0
-0.0664, 0.0000, 0.7005, 3.1415, 0.4604,-6.4685, 4.6799, 0.0368, 0.0962,0
-0.0613, 0.0000, 0.6314, 3.1415, 0.4983,-6.8229, 4.6799, 0.0721, 0.0969,0
-0.0558, 0.0000, 0.5623, 3.1415, 0.5422,-6.8937, 4.6799, 0.0578, 0.0976,0
-0.0500, 0.0000, 0.4869, 3.1415, 0.5753,-7.4106,-4.6799, 0.1342, 0.0983,0
-0.0445, 0.0000, 0.4115, 3.1415, 0.5516,-7.5139,-4.6799, 0.1323, 0.0991,0
-0.0389, 0.0000, 0.3361, 3.1415, 0.5590,-7.5346,-4.6799, 0.1168, 0.0998,0
-0.0332, 0.0000, 0.2607, 3.1415, 0.5665,-7.5387,-4.6799, 0.1018, 0.1005,0
-0.0281, 0.0000, 0.1853, 3.1415, 0.5195,-7.5396, 4.6799, 0.0900, 0.1012,0
-0.0224, 0.0000, 0.1099, 3.1415, 0.5647,-7.5397, 4.6799, 0.0821, 0.1019,0
-0.0170, 0.0000, 0.0345, 3.1415, 0.5434,-7.5398, 4.6799, 0.0782, 0.1026,0
-0.0118, 0.0000,-0.0439, 3.1415, 0.5270,-7.7911,-4.6799, 0.1324, 0.1034,0
-0.0072, 0.0000,-0.1225, 3.1415, 0.4692,-7.8414,-4.6799, 0.1481, 0.1041,0
-0.0023, 0.0000,-0.1979, 3.1415, 0.4879,-7.6001,-1.2691, 0.1045, 0.1048,0
 0.0021, 0.0000,-0.2701, 3.1415, 0.4553,-7.3005, 4.6799, 0.0541, 0.1055,0
 0.0069, 0.0000,-0.3424, 3.1415, 0.4791,-7.2406, 4.6799, 0.0575, 0.1062,0
 0.0109, 0.0000,-0.4115, 3.1415, 0.4111,-6.9773, 4.6799, 0.0234, 0.1070,0
 0.0152, 0.0000,-0.4806, 3.1415, 0.4278,-6.9246, 4.6799, 0.0345, 0.1077,0
 0.0190, 0.0000,-0.5497, 3.1415, 0.3947,-6.9141, 4.6799, 0.0569, 0.1084,0
 0.0230, 0.0000,-0.6157, 3.1415, 0.3942,-6.6607, 4.6799, 0.0349, 0.1091,0
 0.0270, 0.0000,-0.6785, 3.1415, 0.4002,-6.3586, 4.6799, 0.0070, 0.1098,0
 0.0309, 0.0000,-0.7414, 3.1415, 0.3892,-6.2982, 4.6799, 0.0257, 0.1105,0
 0.0348, 0.0000,-0.8011, 3.1415, 0.3931,-6.0348, 4.6799, 0.0101, 0.1113,0
 0.0388, 0.0000,-0.8576, 3.1415, 0.3939,-5.7308, 4.6799,-0.0099, 0.1120,0
 0.0425, 0.0000,-0.9142, 3.1415, 0.3819,-5.6700, 4.6799, 0.0117, 0.1127,0
 0.0464, 0.0000,-0.9644, 3.1415, 0.3856,-5.1552, 4.6799,-0.0371, 0.1134,0
 0.0500, 0.0000,-1.0178, 3.1415, 0.3681,-5.3036, 4.6799, 0.0166, 0.1141,0
 0.0539, 0.0000,-1.0649, 3.1415, 0.3828,-4.8306, 4.6799,-0.0212, 0.1148,0
 0.0579, 0.0000,-1.1089, 3.1415, 0.3918,-4.4847, 4.6799,-0.0383, 0.1156,0
 0.0617, 0.0000,-1.1529, 3.1415, 0.3876,-4.4155, 4.6799,-0.0184, 0.1163,0
 0.0654, 0.0000,-1.1906, 3.1415, 0.3746,-3.8990, 4.6799,-0.0536, 0.1170,0
 0.0691, 0.0000,-1.2283, 3.1415, 0.3720,-3.7957, 4.6799,-0.0394, 0.1177,0
 0.0730, 0.0000,-1.2629, 3.1415, 0.3836,-3.5237, 4.6799,-0.0437, 0.1184,0
 0.0770, 0.0000,-1.2943, 3.1415, 0.3980,-3.2180, 4.6799,-0.0510, 0.1192,0
 0.0810, 0.0000,-1.3226, 3.1415, 0.4009,-2.9055, 4.6799,-0.0582, 0.1199,0
 0.0851, 0.0000,-1.3477, 3.1415, 0.4015,-2.5917, 4.6799,-0.0648, 0.1206,0
 0.0893, 0.0000,-1.3697, 3.1415, 0.4198,-2.2776, 1.8455,-0.0707, 0.1213,0
 0.0935, 0.0000,-1.3917, 3.1415, 0.4174,-2.2148,-0.8914,-0.0592, 0.1220,0
 0.0973, 0.0000,-1.4074, 3.1415, 0.3866,-1.6996,-2.5214,-0.0763, 0.1227,0
 0.1008, 0.0000,-1.4199, 3.1415, 0.3623,-1.3452,-4.4673,-0.0825, 0.1235,0
 0.1045, 0.0000,-1.4325, 3.1415, 0.3635,-1.2743,-4.6799,-0.0762, 0.1242,0
 0.1077, 0.0000,-1.4388, 3.1415, 0.3273,-0.7575,-4.6799,-0.0864, 0.1249,0
 0.1104, 0.0000,-1.4419, 3.1415, 0.2837,-0.4028,-4.6799,-0.0899, 0.1256,0
 0.1130, 0.0000,-1.4451, 3.1415, 0.2629,-0.3318,-4.6799,-0.0884, 0.1263,0
 0.1150, 0.0000,-1.4419, 3.1415, 0.2162, 0.1849,-4.6799,-0.0917, 0.1271,0
 0.1166, 0.0000,-1.4357, 3.1415, 0.1705, 0.5396,-4.6799,-0.0926, 0.1278,0
 0.1179, 0.0000,-1.4294, 3.1415, 0.1371, 0.6105,-4.6799,-0.0959, 0.1285,0
 0.1186, 0.0000,-1.4168, 3.1415, 0.0880, 1.1274,-4.6799,-0.0923, 0.1292,0
 0.1191, 0.0000,-1.4042, 3.1415, 0.0539, 1.2307,-4.6799,-0.0978, 0.1299,0
 0.1193, 0.0000,-1.3854, 3.1415, 0.0289, 1.7541,-4.6799,-0.0892, 0.1306,0
 0.1189, 0.0000,-1.3634, 3.1415,-0.0305, 2.1101,-4.6799,-0.0854, 0.1314,0
 0.1182, 0.0000,-1.3414, 3.1415,-0.0606, 2.1813,-4.6799,-0.0966, 0.1321,0
 0.1172, 0.0000,-1.3131, 3.1415,-0.0909, 2.6982,-4.6799,-0.0810, 0.1328,0
 0.1159, 0.0000,-1.2817, 3.1415,-0.1212, 3.0529,-4.6799,-0.0741, 0.1335,0
 0.1142, 0.0000,-1.2472, 3.1415,-0.1576, 3.3751,-4.6799,-0.0688, 0.1342,0
 0.1123, 0.0000,-1.2126, 3.1415,-0.1831, 3.4396,-4.6799,-0.0860, 0.1350,0
 0.1102, 0.0000,-1.1718, 3.1415,-0.2124, 3.9551,-4.6799,-0.0599, 0.1357,0
 0.1074, 0.0000,-1.1278, 3.1415,-0.2607, 4.3096,-4.6799,-0.0477, 0.1364,0
 0.1045, 0.0000,-1.0807, 3.1415,-0.2886, 4.6318,-4.6799,-0.0376, 0.1371,0
 0.1012, 0.0000,-1.0304, 3.1415,-0.3184, 4.9476,-4.6799,-0.0267, 0.1378,0
 0.0976, 0.0000,-0.9801, 3.1415,-0.3547, 5.0107,-4.6799,-0.0483, 0.1385,0
 0.0936, 0.0000,-0.9236, 3.1415,-0.3923, 5.5260,-4.6799,-0.0054, 0.1393,0
 0.0892, 0.0000,-0.8639, 3.1415,-0.4240, 5.8804,-4.6799, 0.0177, 0.1400,0
 0.0845, 0.0000,-0.8011, 3.1415,-0.4607, 6.2026,-4.6799, 0.0388, 0.1407,0
 0.0794, 0.0000,-0.7382, 3.1415,-0.5044, 6.2670,-4.6799, 0.0187, 0.1414,0
 0.0738, 0.0000,-0.6691, 3.1415,-0.5435, 6.7826,-4.6799, 0.0808, 0.1421,0
 0.0679, 0.0000,-0.6000, 3.1415,-0.5877, 6.8857,-4.6799, 0.0711, 0.1429,0
 0.0616, 0.0000,-0.5246, 3.1415,-0.6208, 7.4090, 4.6799, 0.1469, 0.1436,0
 0.0561, 0.0000,-0.4492, 3.1415,-0.5607, 7.5136, 4.6799, 0.1435, 0.1443,0
 0.0499, 0.0000,-0.3738, 3.1415,-0.6093, 7.5345,-4.6799, 0.1262, 0.1450,0
 0.0429, 0.0000,-0.2953, 3.1415,-0.6796, 7.7901, 4.6799, 0.1625, 0.1457,0
 0.0375, 0.0000,-0.2199, 3.1415,-0.5664, 7.5898,-4.6799, 0.1056, 0.1464,0
 0.0310, 0.0000,-0.1413, 3.1415,-0.6347, 7.8011, 1.1059, 0.1410, 0.1472,0
 0.0253, 0.0000,-0.0628, 3.1415,-0.5816, 7.8434, 2.1063, 0.1445, 0.1479,0
 0.0197, 0.0000, 0.0157, 3.1415,-0.5710, 7.8518, 1.1385, 0.1451, 0.1486,0
 0.0140, 0.0000, 0.0911, 3.1415,-0.5629, 7.6022,-4.6799, 0.0940, 0.1493,0
 0.0087, 0.0000, 0.1665, 3.1415,-0.5370, 7.5523,-4.6799, 0.0903, 0.1500,0
 0.0034, 0.0000, 0.2419, 3.1415,-0.5379, 7.5423,-4.6799, 0.0992, 0.1508,0
-0.0018, 0.0000, 0.3173, 3.1415,-0.5259, 7.5403,-4.6799, 0.1137, 0.1515,0
-0.0071, 0.0000, 0.3895, 3.1415,-0.5296, 7.2885,-4.6799, 0.0794, 0.1522,0
-0.0122, 0.0000, 0.4618, 3.1415,-0.5182, 7.2382,-4.6799, 0.0906, 0.1529,0
-0.0175, 0.0000, 0.5340, 3.1415,-0.5220, 7.2281,-4.6799, 0.1133, 0.1536,0
-0.0225, 0.0000, 0.6031, 3.1415,-0.5106, 6.9748,-4.6799, 0.0897, 0.1543,0
-0.0277, 0.0000, 0.6723, 3.1415,-0.5144, 6.9241,-4.6799, 0.1093, 0.1551,0
-0.0328, 0.0000, 0.7382, 3.1415,-0.5091, 6.6627,-4.6799, 0.0903, 0.1558,0
-0.0378, 0.0000, 0.8011, 3.1415,-0.5020, 6.3590,-4.6799, 0.0664, 0.1565,0
-0.0426, 0.0000, 0.8607, 3.1415,-0.4884, 6.0470,-4.6799, 0.0438, 0.1572,0
-0.0475, 0.0000, 0.9204, 3.1415,-0.4918, 5.9846,-4.6799, 0.0666, 0.1579,0
-0.0524, 0.0000, 0.9770, 3.1415,-0.4864, 5.7208,-4.6799, 0.0564, 0.1587,0
-0.0572, 0.0000, 1.0304, 3.1415,-0.4792, 5.4167,-4.6799, 0.0413, 0.1594,0
-0.0620, 0.0000, 1.0807, 3.1415,-0.4839, 5.1045,-4.6799, 0.0267, 0.1601,0
-0.0668, 0.0000, 1.1278, 3.1415,-0.4787, 4.7908,-4.6799, 0.0135, 0.1608,0
-0.0716, 0.0000, 1.1749, 3.1415,-0.4777, 4.7280,-4.6799, 0.0360, 0.1615,0
-0.0763, 0.0000, 1.2157, 3.1415,-0.4775, 4.2128,-4.6799,-0.0011, 0.1622,0
-0.0812, 0.0000, 1.2566, 3.1415,-0.4835, 4.1098,-4.6799, 0.0145, 0.1630,0
-0.0861, 0.0000, 1.2943, 3.1415,-0.4908, 3.8378,-4.6799, 0.0102, 0.1637,0
-0.0911, 0.0000, 1.3288, 3.1415,-0.4983, 3.5321,-4.6799, 0.0026, 0.1644,0
-0.0961, 0.0000, 1.3603, 3.1415,-0.4998, 3.2197,-4.5180,-0.0049, 0.1651,0
-0.1012, 0.0000, 1.3885, 3.1415,-0.5062, 2.9058,-1.2390,-0.0119, 0.1658,0
-0.1064, 0.0000, 1.4137, 3.1415,-0.5135, 2.5918, 1.7683,-0.0182, 0.1666,0
-0.1109, 0.0000, 1.4388, 3.1415,-0.4665, 2.5289, 4.2077,-0.0049, 0.1673,0
-0.1154, 0.0000, 1.4576, 3.1415,-0.4510, 2.0137, 4.6799,-0.0242, 0.1680,0
-0.1197, 0.0000, 1.4734, 3.1415,-0.4358, 1.6593, 4.6799,-0.0312, 0.1687,0
-0.1236, 0.0000, 1.4859, 3.1415,-0.3963, 1.3371, 4.6799,-0.0358, 0.1694,0
-0.1271, 0.0000, 1.4953, 3.1415,-0.3581, 1.0214, 4.6799,-0.0394, 0.1701,0
-0.1300, 0.0000, 1.5048, 3.1415,-0.3081, 0.9582, 4.6799,-0.0344, 0.1709,0
-0.1327, 0.0000, 1.5079, 3.1415,-0.2738, 0.4429, 4.6799,-0.0423, 0.1716,0
-0.1350, 0.0000, 1.5079, 3.1415,-0.2427, 0.0885, 4.6799,-0.0449, 0.1723,0
-0.1369, 0.0000, 1.5079, 3.1415,-0.2001, 0.0177, 4.6799,-0.0450, 0.1730,0
-0.1384, 0.0000, 1.5016, 3.1415,-0.1612,-0.4991, 4.6799,-0.0461, 0.1737,0
-0.1396, 0.0000, 1.4922, 3.1415,-0.1232,-0.8538, 4.6799,-0.0461, 0.1745,0
-0.1403, 0.0000, 1.4796, 3.1415,-0.0852,-1.1760, 4.6799,-0.0459, 0.1752,0
-0.1405, 0.0000, 1.4671, 3.1415,-0.0352,-1.2405, 4.6799,-0.0527, 0.1759,0
-0.1405, 0.0000, 1.4482, 3.1415,-0.0070,-1.7560, 4.6799,-0.0445, 0.1766,0
-0.1402, 0.0000, 1.4294, 3.1415, 0.0228,-1.8591, 4.6799,-0.0527, 0.1773,0
-0.1397, 0.0000, 1.4042, 3.1415, 0.0470,-2.3824, 4.6799,-0.0395, 0.1780,0
-0.1389, 0.0000, 1.3760, 3.1415, 0.0760,-2.7384, 4.6799,-0.0339, 0.1788,0
-0.1378, 0.0000, 1.3477, 3.1415, 0.1001,-2.8096, 4.6799,-0.0483, 0.1795,0
-0.1365, 0.0000, 1.3131, 3.1415, 0.1291,-3.3265, 4.6799,-0.0280, 0.1802,0
-0.1349, 0.0000, 1.2786, 3.1415, 0.1531,-3.4299, 4.6799,-0.0421, 0.1809,0
-0.1330, 0.0000, 1.2377, 3.1415, 0.1822,-3.9532, 4.6799,-0.0159, 0.1816,0
-0.1308, 0.0000, 1.1938, 3.1415, 0.2122,-4.3092, 4.6799,-0.0043, 0.1824,0
-0.1282, 0.0000, 1.1498, 3.1415, 0.2486,-4.3804, 4.6799,-0.0248, 0.1831,0
-0.1254, 0.0000, 1.0995, 3.1415, 0.2740,-4.8973, 4.6799, 0.0097, 0.1838,0
-0.1221, 0.0000, 1.0461, 3.1415, 0.3155,-5.2520, 4.6799, 0.0264, 0.1845,0
-0.1186, 0.0000, 0.9927, 3.1415, 0.3480,-5.3229, 4.6799, 0.0043, 0.1852,0
-0.1145, 0.0000, 0.9330, 3.1415, 0.3970,-5.8398, 4.6799, 0.0499, 0.1859,0
-0.1102, 0.0000, 0.8733, 3.1415, 0.4250,-5.9431, 4.6799, 0.0333, 0.1867,0
-0.1055, 0.0000, 0.8073, 3.1415, 0.4609,-6.4665, 4.6799, 0.0889, 0.1874,0
-0.1003, 0.0000, 0.7382, 3.1415, 0.5044,-6.8225, 4.6799, 0.1205, 0.1881,0
-0.0948, 0.0000, 0.6691, 3.1415, 0.5435,-6.8937, 4.6799, 0.1020, 0.1888,0
-0.0889, 0.0000, 0.5937, 3.1415, 0.5816,-7.4105, 4.5204, 0.1736, 0.1895,0
-0.0826, 0.0000, 0.5183, 3.1415, 0.6195,-7.5139, 4.6799, 0.1666, 0.1902,0
-0.0760, 0.0000, 0.4398, 3.1415, 0.6514,-7.7859,-4.6799, 0.1989, 0.1910,0
-0.0697, 0.0000, 0.3581, 3.1415, 0.6335,-8.0917,-4.6799, 0.2441, 0.1917,0
-0.0632, 0.0000, 0.2764, 3.1415, 0.6481,-8.1528,-4.6799, 0.2397, 0.1924,0
-0.0569, 0.0000, 0.1947, 3.1415, 0.6328,-8.1650,-4.6799, 0.2288, 0.1931,0
-0.0510, 0.0000, 0.1162, 3.1415, 0.5995,-7.9162, 4.6799, 0.1640, 0.1938,0
-0.0446, 0.0000, 0.0345, 3.1415, 0.6292,-8.1177,-4.6799, 0.2049, 0.1946,0
-0.0394, 0.0000,-0.0439, 3.1415, 0.5442,-7.9067, 4.6799, 0.1578, 0.1953,0
-0.0333, 0.0000,-0.1225, 3.1415, 0.5939,-7.8645, 4.6799, 0.1532, 0.1960,0
-0.0278, 0.0000,-0.2010, 3.1415, 0.5614,-7.8560, 4.6799, 0.1604, 0.1967,0
-0.0222, 0.0000,-0.2796, 3.1415, 0.5609,-7.8544, 4.6799, 0.1734, 0.1974,0
-0.0166, 0.0000,-0.3581, 3.1415, 0.5548,-7.8540, 4.4717, 0.1910, 0.1981,0
-0.0112, 0.0000,-0.4335, 3.1415, 0.5475,-7.6026, 4.6799, 0.1575, 0.1989,0
-0.0057, 0.0000,-0.5089, 3.1415, 0.5460,-7.5523, 4.6799, 0.1714, 0.1996,0
-0.0002, 0.0000,-0.5843, 3.1415, 0.5518,-7.5423, 0.4903, 0.1974, 0.2003,0
 0.0051, 0.0000,-0.6534, 3.1415, 0.5408,-7.0376, 4.6799, 0.1232, 0.2010,0
 0.0100, 0.0000,-0.7225, 3.1415, 0.5022,-6.9367, 4.6799, 0.1350, 0.2017,0
 0.0150, 0.0000,-0.7916, 3.1415, 0.5006,-6.9165, 4.6799, 0.1651, 0.2025,0
 0.0200, 0.0000,-0.8545, 3.1415, 0.4942,-6.4098, 4.6799, 0.1037, 0.2032,0
 0.0248, 0.0000,-0.9173, 3.1415, 0.4869,-6.3085, 4.6799, 0.1206, 0.2039,0
 0.0295, 0.0000,-0.9770, 3.1415, 0.4733,-6.0369, 4.6799, 0.1084, 0.2046,0
 0.0343, 0.0000,-1.0335, 3.1415, 0.4766,-5.7312, 4.6799, 0.0923, 0.2053,0
 0.0390, 0.0000,-1.0869, 3.1415, 0.4712,-5.4188, 4.6799, 0.0770, 0.2060,0
 0.0437, 0.0000,-1.1403, 3.1415, 0.4701,-5.3563, 4.6799, 0.1020, 0.2068,0
 0.0482, 0.0000,-1.1875, 3.1415, 0.4578,-4.8411, 4.6799, 0.0595, 0.2075,0
 0.0529, 0.0000,-1.2346, 3.1415, 0.4614,-4.7381, 4.6799, 0.0774, 0.2082,0
 0.0577, 0.0000,-1.2754, 3.1415, 0.4803,-4.2148, 4.6799, 0.0397, 0.2089,0
 0.0625, 0.0000,-1.3163, 3.1415, 0.4780,-4.1102, 4.6799, 0.0557, 0.2096,0
 0.0671, 0.0000,-1.3540, 3.1415, 0.4654,-3.8379, 4.6799, 0.0517, 0.2104,0
 0.0717, 0.0000,-1.3885, 3.1415, 0.4629,-3.5322, 4.6799, 0.0445, 0.2111,0
 0.0765, 0.0000,-1.4199, 3.1415, 0.4745,-3.2197, 2.1930, 0.0372, 0.2118,0
 0.0812, 0.0000,-1.4482, 3.1415, 0.4708,-2.9058,-0.8394, 0.0304, 0.2125,0
 0.0854, 0.0000,-1.4734, 3.1415, 0.4337,-2.5918,-3.1387, 0.0242, 0.2132,0
 0.0898, 0.0000,-1.4953, 3.1415, 0.4384,-2.2776,-4.6799, 0.0185, 0.2139,0
 0.0940, 0.0000,-1.5142, 3.1415, 0.4211,-1.9634,-4.6799, 0.0133, 0.2147,0
 0.0978, 0.0000,-1.5330, 3.1415, 0.3874,-1.9006,-4.6799, 0.0235, 0.2154,0
 0.1012, 0.0000,-1.5456, 3.1415, 0.3503,-1.3854,-4.6799, 0.0088, 0.2161,0
 0.1042, 0.0000,-1.5550, 3.1415, 0.3126,-1.0310,-4.6799, 0.0036, 0.2168,0
 0.1069, 0.0000,-1.5613, 3.1415, 0.2747,-0.7088,-4.6799, 0.0002, 0.2175,0
 0.1092, 0.0000,-1.5676, 3.1415, 0.2368,-0.6444,-4.6799, 0.0035, 0.2183,0
 0.1111, 0.0000,-1.5676, 3.1415, 0.2050,-0.1288,-4.6799,-0.0020, 0.2190,0
 0.1127, 0.0000,-1.5645, 3.1415, 0.1683, 0.2255,-4.6799,-0.0037, 0.2197,0
 0.1140, 0.0000,-1.5613, 3.1415, 0.1367, 0.2964,-4.6799,-0.0055, 0.2204,0
 0.1150, 0.0000,-1.5519, 3.1415, 0.1061, 0.8132,-4.6799,-0.0042, 0.2211,0
 0.1155, 0.0000,-1.5425, 3.1415, 0.0576, 0.9166,-4.6799,-0.0085, 0.2218,0
 0.1155, 0.0000,-1.5268, 3.1415, 0.0175, 1.4399,-4.6799,-0.0025, 0.2226,0
 0.1153, 0.0000,-1.5111, 3.1415,-0.0146, 1.5446,-4.6799,-0.0094, 0.2233,0
 0.1148, 0.0000,-1.4891, 3.1415,-0.0453, 2.0682,-4.6799, 0.0012, 0.2240,0
 0.1139, 0.0000,-1.4671, 3.1415,-0.0818, 2.1729,-4.6799,-0.0082, 0.2247,0
 0.1127, 0.0000,-1.4419, 3.1415,-0.1133, 2.4452,-4.6799,-0.0085, 0.2254,0
 0.1111, 0.0000,-1.4105, 3.1415,-0.1439, 3.0023,-4.6799, 0.0116, 0.2262,0
 0.1093, 0.0000,-1.3791, 3.1415,-0.1743, 3.1137,-4.6799,-0.0010, 0.2269,0
 0.1072, 0.0000,-1.3414, 3.1415,-0.2046, 3.6386,-4.6799, 0.0221, 0.2276,0
 0.1048, 0.0000,-1.3037, 3.1415,-0.2288, 3.7436,-4.6799, 0.0067, 0.2283,0
 0.1021, 0.0000,-1.2629, 3.1415,-0.2640, 4.0159,-4.6799, 0.0081, 0.2290,0
 0.0992, 0.0000,-1.2157, 3.1415,-0.2892, 4.5731,-4.6799, 0.0431, 0.2297,0
 0.0959, 0.0000,-1.1686, 3.1415,-0.3185, 4.6845,-4.6799, 0.0261, 0.2305,0
 0.0923, 0.0000,-1.1152, 3.1415,-0.3547, 5.2094,-4.6799, 0.0640, 0.2312,0
 0.0882, 0.0000,-1.0618, 3.1415,-0.3923, 5.3144,-4.6799, 0.0455, 0.2319,0
 0.0839, 0.0000,-1.0021, 3.1415,-0.4301, 5.8381,-4.6799, 0.0904, 0.2326,0
 0.0791, 0.0000,-0.9424, 3.1415,-0.4680, 5.9428,-4.6799, 0.0723, 0.2333,0
 0.0739, 0.0000,-0.8765, 3.1415,-0.5059, 6.4664,-4.6799, 0.1259, 0.2341,0
 0.0683, 0.0000,-0.8105, 3.1415,-0.5498, 6.5711,-4.6799, 0.1096, 0.2348,0
 0.0623, 0.0000,-0.7414, 3.1415,-0.5889, 6.8434,-4.6799, 0.1260, 0.2355,0
 0.0560, 0.0000,-0.6660, 3.1415,-0.6210, 7.4005,-4.6799, 0.2021, 0.2362,0
 0.0492, 0.0000,-0.5906, 3.1415,-0.6699, 7.5119,-4.6799, 0.1935, 0.2369,0
 0.0421, 0.0000,-0.5120, 3.1415,-0.7039, 7.7855,-2.4034, 0.2226, 0.2376,0
 0.0345, 0.0000,-0.4303, 3.1415,-0.7471, 8.0916, 4.6799, 0.2640, 0.2384,0
 0.0278, 0.0000,-0.3455, 3.1415,-0.6830, 8.4041, 4.6799, 0.3131, 0.2391,0
 0.0205, 0.0000,-0.2638, 3.1415,-0.7247, 8.2153, 4.6799, 0.2516, 0.2398,0
 0.0133, 0.0000,-0.1790, 3.1415,-0.7209, 8.4289, 4.6799, 0.2880, 0.2405,0
 0.0065, 0.0000,-0.0973, 3.1415,-0.6838, 8.2202,-4.3912, 0.2313, 0.2412,0
-0.0006, 0.0000,-0.0157, 3.1415,-0.7127, 8.1785,-4.6799, 0.2184, 0.2420,0
-0.0071, 0.0000, 0.0659, 3.1415,-0.6640, 8.1702,-4.6799, 0.2180, 0.2427,0
-0.0138, 0.0000, 0.1507, 3.1415,-0.6724, 8.4198, 4.6799, 0.2825, 0.2434,0
-0.0193, 0.0000, 0.2293, 3.1415,-0.5710, 7.9671,-4.6799, 0.1893, 0.2441,0
-0.0262, 0.0000, 0.3110, 3.1415,-0.6720, 8.1279, 3.4897, 0.2412, 0.2448,0
-0.0318, 0.0000, 0.3895, 3.1415,-0.5770, 7.9087,-4.6799, 0.2113, 0.2455,0
-0.0381, 0.0000, 0.4649, 3.1415,-0.6186, 7.6136,-4.6799, 0.1696, 0.2463,0
-0.0435, 0.0000, 0.5403, 3.1415,-0.5602, 7.5545,-4.6799, 0.1832, 0.2470,0
-0.0491, 0.0000, 0.6126, 3.1415,-0.5546, 7.2914,-4.6799, 0.1568, 0.2477,0
-0.0545, 0.0000, 0.6848, 3.1415,-0.5474, 7.2388,-4.6799, 0.1774, 0.2484,0
-0.0597, 0.0000, 0.7539, 3.1415,-0.5278, 6.9769,-4.6799, 0.1580, 0.2491,0
-0.0650, 0.0000, 0.8199, 3.1415,-0.5239, 6.6732,-4.6799, 0.1335, 0.2499,0
-0.0701, 0.0000, 0.8827, 3.1415,-0.5170, 6.3611,-4.6799, 0.1105, 0.2506,0
-0.0752, 0.0000, 0.9456, 3.1415,-0.5096, 6.2987,-4.6799, 0.1351, 0.2513,0
-0.0802, 0.0000, 1.0021, 3.1415,-0.5021, 5.7836,-4.6799, 0.0816, 0.2520,0
-0.0852, 0.0000, 1.0587, 3.1415,-0.5006, 5.6806,-4.6799, 0.0999, 0.2527,0
-0.0901, 0.0000, 1.1152, 3.1415,-0.4942, 5.6600,-4.6799, 0.1325, 0.2534,0
-0.0949, 0.0000, 1.1655, 3.1415,-0.4808, 5.1532,-4.6799, 0.0886, 0.2542,0
-0.0997, 0.0000, 1.2126, 3.1415,-0.4781, 4.8005,-4.6799, 0.0709, 0.2549,0
-0.1047, 0.0000, 1.2566, 3.1415,-0.4958, 4.4786,-4.6799, 0.0589, 0.2556,0
-0.1095, 0.0000, 1.3006, 3.1415,-0.4872, 4.4143,-4.6799, 0.0811, 0.2563,0
-0.1143, 0.0000, 1.3414, 3.1415,-0.4794, 4.1501,-4.6799, 0.0778, 0.2570,0
-0.1194, 0.0000, 1.3760, 3.1415,-0.5021, 3.5946,-4.6799, 0.0419, 0.2577,0
-0.1245, 0.0000, 1.4105, 3.1415,-0.5066, 3.4835,-2.1700, 0.0553, 0.2585,0
-0.1294, 0.0000, 1.4419, 3.1415,-0.4954, 3.2099, 1.6154, 0.0520, 0.2592,0
-0.1336, 0.0000, 1.4702, 3.1415,-0.4325, 2.9039, 4.3616, 0.0459, 0.2599,0
-0.1382, 0.0000, 1.4953, 3.1415,-0.4563, 2.5914, 4.6799, 0.0399, 0.2606,0
-0.1424, 0.0000, 1.5142, 3.1415,-0.4247, 2.0262, 4.6799, 0.0168, 0.2613,0
-0.1461, 0.0000, 1.5330, 3.1415,-0.3820, 1.9132, 4.6799, 0.0241, 0.2621,0
-0.1494, 0.0000, 1.5488, 3.1415,-0.3431, 1.6392, 4.6799, 0.0218, 0.2628,0
-0.1522, 0.0000, 1.5613, 3.1415,-0.2929, 1.3331, 4.6799, 0.0181, 0.2635,0
-0.1548, 0.0000, 1.5707, 3.1415,-0.2647, 1.0206, 4.6799, 0.0145, 0.2642,0
-0.1569, 0.0000, 1.5770, 3.1415,-0.2227, 0.7067, 4.6799, 0.0115, 0.2649,0
-0.1587, 0.0000, 1.5802, 3.1415,-0.1840, 0.3926, 4.6799, 0.0089, 0.2656,0
-0.1600, 0.0000, 1.5802, 3.1415,-0.1459, 0.0785, 4.6799, 0.0068, 0.2664,0
-0.1609, 0.0000, 1.5770, 3.1415,-0.1019,-0.2356, 4.6799, 0.0052, 0.2671,0
-0.1616, 0.0000, 1.5707, 3.1415,-0.0749,-0.5497, 4.6799, 0.0042, 0.2678,0
-0.1618, 0.0000, 1.5645, 3.1415,-0.0331,-0.6126, 4.6799, 0.0007, 0.2685,0
-0.1617, 0.0000, 1.5519, 3.1415, 0.0054,-1.1278, 4.6799, 0.0042, 0.2692,0
-0.1614, 0.0000, 1.5362, 3.1415, 0.0253,-1.4822, 4.6799, 0.0059, 0.2700,0
-0.1609, 0.0000, 1.5205, 3.1415, 0.0414,-1.5530, 4.6799,-0.0023, 0.2707,0
-0.1602, 0.0000, 1.4985, 3.1415, 0.0689,-2.0699, 4.6799, 0.0081, 0.2714,0
-0.1591, 0.0000, 1.4734, 3.1415, 0.0986,-2.4245, 4.6799, 0.0124, 0.2721,0
-0.1579, 0.0000, 1.4482, 3.1415, 0.1167,-2.4955, 4.6799,-0.0005, 0.2728,0
-0.1565, 0.0000, 1.4168, 3.1415, 0.1324,-3.0123, 4.6799, 0.0169, 0.2735,0
-0.1549, 0.0000, 1.3854, 3.1415, 0.1598,-3.1157, 4.6799, 0.0035, 0.2743,0
-0.1530, 0.0000, 1.3477, 3.1415, 0.1835,-3.6390, 4.6799, 0.0265, 0.2750,0
-0.1509, 0.0000, 1.3069, 3.1415, 0.2064,-3.9950, 4.6799, 0.0361, 0.2757,0
-0.1484, 0.0000, 1.2660, 3.1415, 0.2413,-4.0662, 4.6799, 0.0160, 0.2764,0
-0.1455, 0.0000, 1.2189, 3.1415, 0.2786,-4.5831, 4.6799, 0.0465, 0.2771,0
-0.1422, 0.0000, 1.1718, 3.1415, 0.3164,-4.6865, 4.6799, 0.0285, 0.2779,0
-0.1387, 0.0000, 1.1184, 3.1415, 0.3422,-5.2098, 4.6799, 0.0661, 0.2786,0
-0.1348, 0.0000, 1.0649, 3.1415, 0.3837,-5.3145, 4.6799, 0.0475, 0.2793,0
-0.1306, 0.0000, 1.0053, 3.1415, 0.4102,-5.8381, 4.6799, 0.0923, 0.2800,0
-0.1261, 0.0000, 0.9424, 3.1415, 0.4458,-6.1941, 4.6799, 0.1150, 0.2807,0
-0.1211, 0.0000, 0.8796, 3.1415, 0.4832,-6.2653, 4.6799, 0.0918, 0.2814,0
-0.1158, 0.0000, 0.8105, 3.1415, 0.5271,-6.7822, 4.6799, 0.1491, 0.2822,0
-0.1099, 0.0000, 0.7414, 3.1415, 0.5723,-6.8856, 4.6799, 0.1341, 0.2829,0
-0.1038, 0.0000, 0.6660, 3.1415, 0.6055,-7.4089, 4.6799, 0.2038, 0.2836,0
-0.0973, 0.0000, 0.5906, 3.1415, 0.6425,-7.5136, 4.6799, 0.1939, 0.2843,0
-0.0904, 0.0000, 0.5089, 3.1415, 0.6802,-8.0372,-2.1499, 0.2772, 0.2850,0
-0.0837, 0.0000, 0.4272, 3.1415, 0.6696,-8.1419, 4.2288, 0.2745, 0.2858,0
-0.0763, 0.0000, 0.3455, 3.1415, 0.7281,-8.1629, 4.6799, 0.2572, 0.2865,0
-0.0686, 0.0000, 0.2607, 3.1415, 0.7580,-8.4184,-4.6799, 0.2983, 0.2872,0
-0.0615, 0.0000, 0.1727, 3.1415, 0.7215,-8.7208,-4.6799, 0.3573, 0.2879,0
-0.0544, 0.0000, 0.0879, 3.1415, 0.7142,-8.5300,-4.6799, 0.3033, 0.2886,0
-0.0475, 0.0000, 0.0062, 3.1415, 0.6885,-8.2405, 4.6799, 0.2326, 0.2893,0
-0.0405, 0.0000,-0.0785, 3.1415, 0.7016,-8.4339, 4.6799, 0.2799, 0.2901,0
-0.0338, 0.0000,-0.1602, 3.1415, 0.6799,-8.2213, 4.6799, 0.2373, 0.2908,0
-0.0272, 0.0000,-0.2450, 3.1415, 0.6635,-8.4301,-4.6799, 0.2982, 0.2915,0
-0.0213, 0.0000,-0.3267, 3.1415, 0.5995,-8.2205, 4.6799, 0.2659, 0.2922,0
-0.0146, 0.0000,-0.4052, 3.1415, 0.6595,-7.9272, 4.6799, 0.2198, 0.2929,0
-0.0083, 0.0000,-0.4838, 3.1415, 0.6351,-7.8686, 4.6799, 0.2311, 0.2937,0
-0.0022, 0.0000,-0.5592, 3.1415, 0.6121,-7.6055, 4.6799, 0.2011, 0.2944,0
 0.0033, 0.0000,-0.6346, 3.1415, 0.5711,-7.5529, 4.6799, 0.2203, 0.2951,0
 0.0090, 0.0000,-0.7068, 3.1415, 0.5689,-7.2911, 4.6799, 0.1982, 0.2958,0
 0.0147, 0.0000,-0.7791, 3.1415, 0.5685,-7.2387, 4.6799, 0.2226, 0.2965,0
 0.0204, 0.0000,-0.8482, 3.1415, 0.5745,-6.9769, 4.6799, 0.2066, 0.2972,0
 0.0258, 0.0000,-0.9110, 3.1415, 0.5454,-6.4219, 4.6799, 0.1372, 0.2980,0
 0.0310, 0.0000,-0.9738, 3.1415, 0.5274,-6.3109, 4.6799, 0.1539, 0.2987,0
 0.0363, 0.0000,-1.0367, 3.1415, 0.5238,-6.2887, 4.6799, 0.1881, 0.2994,0
 0.0415, 0.0000,-1.0932, 3.1415, 0.5231,-5.7816, 4.6799, 0.1379, 0.3001,0
 0.0466, 0.0000,-1.1466, 3.1415, 0.5169,-5.4289, 4.6799, 0.1171, 0.3008,0
 0.0518, 0.0000,-1.2000, 3.1415, 0.5156,-5.3583, 4.6799, 0.1418, 0.3016,0
 0.0567, 0.0000,-1.2503, 3.1415, 0.4972,-5.0929, 4.6799, 0.1369, 0.3023,0
 0.0620, 0.0000,-1.2943, 3.1415, 0.5238,-4.5371, 4.6799, 0.0921, 0.3030,0
 0.0669, 0.0000,-1.3383, 3.1415, 0.4928,-4.4260, 4.6799, 0.1088, 0.3037,0
 0.0719, 0.0000,-1.3791, 3.1415, 0.4987,-4.1524, 4.6799, 0.1046, 0.3044,0
 0.0771, 0.0000,-1.4168, 3.1415, 0.5181,-3.8464, 4.6799, 0.0970, 0.3051,0
 0.0823, 0.0000,-1.4514, 3.1415, 0.5219,-3.5338, 2.2873, 0.0893, 0.3059,0
 0.0875, 0.0000,-1.4828, 3.1415, 0.5167,-3.2200,-1.7699, 0.0820, 0.3066,0
 0.0922, 0.0000,-1.5111, 3.1415, 0.4792,-2.9059,-4.6799, 0.0753, 0.3073,0
 0.0965, 0.0000,-1.5362, 3.1415, 0.4414,-2.5918,-4.6799, 0.0692, 0.3080,0
 0.1011, 0.0000,-1.5582, 3.1415, 0.4520,-2.2776,-4.6799, 0.0636, 0.3087,0
 0.1050, 0.0000,-1.5802, 3.1415, 0.4057,-2.2148,-4.6799, 0.0754, 0.3095,0
 0.1085, 0.0000,-1.5959, 3.1415, 0.3600,-1.6996,-4.6799, 0.0584, 0.3102,0
 0.1118, 0.0000,-1.6084, 3.1415, 0.3387,-1.3452,-4.6799, 0.0524, 0.3109,0
 0.1145, 0.0000,-1.6179, 3.1415, 0.2860,-1.0230,-4.6799, 0.0484, 0.3116,0
 0.1170, 0.0000,-1.6273, 3.1415, 0.2572,-0.9585,-4.6799, 0.0534, 0.3123,0
 0.1191, 0.0000,-1.6304, 3.1415, 0.2151,-0.4430,-4.6799, 0.0455, 0.3130,0
 0.1208, 0.0000,-1.6336, 3.1415, 0.1764,-0.3399,-4.6799, 0.0467, 0.3138,0
 0.1222, 0.0000,-1.6304, 3.1415, 0.1504, 0.1833,-4.6799, 0.0433, 0.3145,0
 0.1232, 0.0000,-1.6273, 3.1415, 0.1089, 0.2879,-4.6799, 0.0417, 0.3152,0
 0.1238, 0.0000,-1.6210, 3.1415, 0.0702, 0.5602,-4.6799, 0.0404, 0.3159,0
 0.1241, 0.0000,-1.6084, 3.1415, 0.0383, 1.1173,-4.6799, 0.0445, 0.3166,0
 0.1241, 0.0000,-1.5959, 3.1415, 0.0076, 1.2287,-4.6799, 0.0391, 0.3174,0
 0.1238, 0.0000,-1.5802, 3.1415,-0.0227, 1.5023,-4.6799, 0.0383, 0.3181,0
 0.1233, 0.0000,-1.5613, 3.1415,-0.0409, 1.8084,-4.6799, 0.0390, 0.3188,0
 0.1227, 0.0000,-1.5393, 3.1415,-0.0627, 2.1209,-4.6799, 0.0404, 0.3195,0
 0.1217, 0.0000,-1.5142, 3.1415,-0.0913, 2.4348,-4.6799, 0.0424, 0.3202,0
 0.1205, 0.0000,-1.4859, 3.1415,-0.1092, 2.7488,-4.6799, 0.0449, 0.3209,0
 0.1192, 0.0000,-1.4545, 3.1415,-0.1309, 3.0630,-4.6799, 0.0480, 0.3217,0
 0.1174, 0.0000,-1.4199, 3.1415,-0.1717, 3.3772,-4.6799, 0.0518, 0.3224,0
 0.1153, 0.0000,-1.3823, 3.1415,-0.1980, 3.6913,-4.6799, 0.0562, 0.3231,0
 0.1131, 0.0000,-1.3414, 3.1415,-0.2154, 4.0055,-4.6799, 0.0613, 0.3238,0
 0.1105, 0.0000,-1.2974, 3.1415,-0.2492, 4.3196,-4.6799, 0.0674, 0.3245,0
 0.1075, 0.0000,-1.2503, 3.1415,-0.2923, 4.6338,-4.6799, 0.0744, 0.3252,0
 0.1042, 0.0000,-1.2000, 3.1415,-0.3252, 4.9480,-4.6799, 0.0826, 0.3260,0
 0.1006, 0.0000,-1.1466, 3.1415,-0.3500, 5.2621,-4.6799, 0.0921, 0.3267,0
 0.0966, 0.0000,-1.0901, 3.1415,-0.3913, 5.5763,-4.6799, 0.1033, 0.3274,0
 0.0921, 0.0000,-1.0304, 3.1415,-0.4360, 5.8904,-4.6799, 0.1163, 0.3281,0
 0.0875, 0.0000,-0.9676, 3.1415,-0.4570, 6.2046,-4.6799, 0.1316, 0.3288,0
 0.0824, 0.0000,-0.9016, 3.1415,-0.4976, 6.5188,-4.6799, 0.1494, 0.3296,0
 0.0769, 0.0000,-0.8293, 3.1415,-0.5421, 7.0842,-4.6799, 0.2176, 0.3303,0
 0.0708, 0.0000,-0.7571, 3.1415,-0.5935, 7.1973,-4.6799, 0.2033, 0.3310,0
 0.0645, 0.0000,-0.6817, 3.1415,-0.6219, 7.4713,-4.6799, 0.2239, 0.3317,0
 0.0578, 0.0000,-0.6031, 3.1415,-0.6640, 7.7774,-4.6799, 0.2554, 0.3324,0
 0.0504, 0.0000,-0.5246, 3.1415,-0.7209, 7.8386,-4.6799, 0.2387, 0.3331,0
 0.0428, 0.0000,-0.4398, 3.1415,-0.7505, 8.3535, 4.6799, 0.3272, 0.3339,0
 0.0360, 0.0000,-0.3549, 3.1415,-0.6958, 8.4565, 2.6347, 0.3278, 0.3346,0
 0.0285, 0.0000,-0.2670, 3.1415,-0.7394, 8.7284, 4.6799, 0.3739, 0.3353,0
 0.0214, 0.0000,-0.1822, 3.1415,-0.7178, 8.5315,-4.6799, 0.3128, 0.3360,0
 0.0138, 0.0000,-0.0973, 3.1415,-0.7499, 8.4921,-4.6799, 0.2949, 0.3367,0
 0.0065, 0.0000,-0.0125, 3.1415,-0.7381, 8.4842,-4.6799, 0.2897, 0.3375,0
-0.0005, 0.0000, 0.0753, 3.1415,-0.7115, 8.7340, 4.6799, 0.3519, 0.3382,0
-0.0072, 0.0000, 0.1633, 3.1415,-0.6758, 8.7839, 4.6799, 0.3716, 0.3389,0
-0.0137, 0.0000, 0.2450, 3.1415,-0.6626, 8.2913,-4.6799, 0.2658, 0.3396,0
-0.0209, 0.0000, 0.3267, 3.1415,-0.7024, 8.1927,-4.6799, 0.2595, 0.3403,0
-0.0272, 0.0000, 0.4084, 3.1415,-0.6437, 8.1730,-4.6799, 0.2761, 0.3410,0
-0.0330, 0.0000, 0.4869, 3.1415,-0.5956, 7.9178,-4.6799, 0.2430, 0.3418,0
-0.0391, 0.0000, 0.5654, 3.1415,-0.6041, 7.8667,-4.6799, 0.2600, 0.3425,0
-0.0451, 0.0000, 0.6440, 3.1415,-0.6059, 7.8565,-4.6799, 0.2899, 0.3432,0
-0.0508, 0.0000, 0.7162, 3.1415,-0.5759, 7.3518,-4.6799, 0.2150, 0.3439,0
-0.0566, 0.0000, 0.7885, 3.1415,-0.5820, 7.2508,-4.6799, 0.2298, 0.3446,0
-0.0623, 0.0000, 0.8576, 3.1415,-0.5651, 6.9793,-4.6799, 0.2121, 0.3454,0
-0.0676, 0.0000, 0.9236, 3.1415,-0.5435, 6.6737,-4.6799, 0.1905, 0.3461,0
-0.0730, 0.0000, 0.9864, 3.1415,-0.5392, 6.3613,-4.6799, 0.1703, 0.3468,0
-0.0785, 0.0000, 1.0492, 3.1415,-0.5444, 6.2988,-4.6799, 0.1977, 0.3475,0
-0.0836, 0.0000, 1.1089, 3.1415,-0.5211, 6.0349,-4.6799, 0.1899, 0.3482,0
-0.0887, 0.0000, 1.1623, 3.1415,-0.5104, 5.4795,-4.6799, 0.1351, 0.3489,0
-0.0939, 0.0000, 1.2157, 3.1415,-0.5204, 5.3684,-4.6799, 0.1538, 0.3497,0
-0.0991, 0.0000, 1.2660, 3.1415,-0.5164, 5.0949,-4.6799, 0.1479, 0.3504,0
-0.1041, 0.0000, 1.3131, 3.1415,-0.5034, 4.7889,-4.6799, 0.1381, 0.3511,0
-0.1091, 0.0000, 1.3571, 3.1415,-0.5008, 4.4763,-4.6799, 0.1282, 0.3518,0
-0.1143, 0.0000, 1.4011, 3.1415,-0.5185, 4.4138,-4.6799, 0.1515, 0.3525,0
-0.1195, 0.0000, 1.4388, 3.1415,-0.5160, 3.8986,-4.0192, 0.1183, 0.3533,0
-0.1246, 0.0000, 1.4734, 3.1415,-0.5155, 3.5443, 1.1977, 0.1060, 0.3540,0
-0.1293, 0.0000, 1.5079, 3.1415,-0.4790, 3.4734, 4.6799, 0.1238, 0.3547,0
-0.1340, 0.0000, 1.5362, 3.1415,-0.4656, 2.9566, 4.6799, 0.0975, 0.3554,0
-0.1381, 0.0000, 1.5613, 3.1415,-0.4266, 2.6019, 4.6799, 0.0880, 0.3561,0
-0.1421, 0.0000, 1.5865, 3.1415,-0.4006, 2.5310, 4.6799, 0.1009, 0.3568,0
-0.1455, 0.0000, 1.6053, 3.1415,-0.3590, 2.0141, 4.6799, 0.0816, 0.3576,0
-0.1487, 0.0000, 1.6242, 3.1415,-0.3264, 1.9108, 4.6799, 0.0894, 0.3583,0
-0.1514, 0.0000, 1.6367, 3.1415,-0.2775, 1.3874, 4.6799, 0.0742, 0.3590,0
-0.1537, 0.0000, 1.6493, 3.1415,-0.2374, 1.2827, 4.6799, 0.0793, 0.3597,0
-0.1556, 0.0000, 1.6587, 3.1415,-0.1990, 1.0105, 4.6799, 0.0773, 0.3604,0
-0.1570, 0.0000, 1.6650, 3.1415,-0.1550, 0.7047, 4.6799, 0.0745, 0.3612,0
-0.1582, 0.0000, 1.6650, 3.1415,-0.1280, 0.1409, 4.6799, 0.0678, 0.3619,0
-0.1591, 0.0000, 1.6650, 3.1415,-0.0983, 0.0281, 4.6799, 0.0675, 0.3626,0
-0.1593, 0.0000, 1.6650, 3.1415,-0.0317, 0.0056, 4.6799, 0.0675, 0.3633,0
-0.1593, 0.0000, 1.6587, 3.1415,-0.0124,-0.5015, 4.6799, 0.0666, 0.3640,0
-0.1591, 0.0000, 1.6493, 3.1415, 0.0157,-0.8542, 4.6799, 0.0665, 0.3647,0
-0.1587, 0.0000, 1.6367, 3.1415, 0.0395,-1.1761, 4.6799, 0.0667, 0.3655,0
-0.1581, 0.0000, 1.6210, 3.1415, 0.0503,-1.4918, 4.6799, 0.0672, 0.3662,0
-0.1573, 0.0000, 1.6053, 3.1415, 0.0767,-1.5550, 4.6799, 0.0586, 0.3669,0
-0.1562, 0.0000, 1.5833, 3.1415, 0.1002,-2.0702, 4.6799, 0.0690, 0.3676,0
-0.1549, 0.0000, 1.5582, 3.1415, 0.1291,-2.4246, 4.6799, 0.0732, 0.3683,0
-0.1534, 0.0000, 1.5330, 3.1415, 0.1410,-2.4955, 4.6799, 0.0601, 0.3691,0
-0.1517, 0.0000, 1.5016, 3.1415, 0.1676,-3.0123, 4.6799, 0.0774, 0.3698,0
-0.1497, 0.0000, 1.4702, 3.1415, 0.1911,-3.1157, 4.6799, 0.0638, 0.3705,0
-0.1476, 0.0000, 1.4357, 3.1415, 0.2080,-3.3877, 4.6799, 0.0639, 0.3712,0
-0.1450, 0.0000, 1.3948, 3.1415, 0.2477,-3.9448, 4.6799, 0.0921, 0.3719,0
-0.1421, 0.0000, 1.3540, 3.1415, 0.2799,-4.0562, 4.6799, 0.0758, 0.3726,0
-0.1390, 0.0000, 1.3069, 3.1415, 0.3045,-4.5811, 4.6799, 0.1065, 0.3734,0
-0.1356, 0.0000, 1.2597, 3.1415, 0.3337,-4.6861, 4.6799, 0.0876, 0.3741,0
-0.1319, 0.0000, 1.2095, 3.1415, 0.3638,-4.9584, 4.6799, 0.0903, 0.3748,0
-0.1278, 0.0000, 1.1529, 3.1415, 0.4001,-5.5155, 4.6799, 0.1345, 0.3755,0
-0.1235, 0.0000, 1.0964, 3.1415, 0.4256,-5.6270, 4.6799, 0.1152, 0.3762,0
-0.1187, 0.0000, 1.0335, 3.1415, 0.4671,-6.1519, 4.6799, 0.1623, 0.3770,0
-0.1136, 0.0000, 0.9707, 3.1415, 0.5057,-6.2569, 4.6799, 0.1425, 0.3777,0
-0.1080, 0.0000, 0.9016, 3.1415, 0.5437,-6.7805, 4.6799, 0.1982, 0.3784,0
-0.1021, 0.0000, 0.8325, 3.1415, 0.5816,-6.8853, 4.6799, 0.1804, 0.3791,0
-0.0958, 0.0000, 0.7571, 3.1415, 0.6195,-7.4089, 4.6799, 0.2465, 0.3798,0
-0.0890, 0.0000, 0.6817, 3.1415, 0.6696,-7.5136, 4.6799, 0.2327, 0.3805,0
-0.0818, 0.0000, 0.6000, 3.1415, 0.7099,-8.0372, 4.6799, 0.3117, 0.3813,0
-0.0743, 0.0000, 0.5183, 3.1415, 0.7422,-8.1419, 4.6799, 0.3043, 0.3820,0
-0.0663, 0.0000, 0.4335, 3.1415, 0.7851,-8.4142, 4.6799, 0.3395, 0.3827,0
-0.0581, 0.0000, 0.3455, 3.1415, 0.8179,-8.7200,-4.6799, 0.3889, 0.3834,0
-0.0502, 0.0000, 0.2576, 3.1415, 0.7941,-8.7811,-4.6799, 0.3851, 0.3841,0
-0.0422, 0.0000, 0.1696, 3.1415, 0.7954,-8.7934, 3.8324, 0.3747, 0.3849,0
-0.0338, 0.0000, 0.0816, 3.1415, 0.8381,-8.7958, 4.6799, 0.3674, 0.3856,0
-0.0255, 0.0000,-0.0094, 3.1415, 0.8285,-9.0476,-4.6799, 0.4279, 0.3863,0
-0.0182, 0.0000,-0.0973, 3.1415, 0.7477,-8.8467, 2.4851, 0.3810, 0.3870,0
-0.0103, 0.0000,-0.1822, 3.1415, 0.7801,-8.5551, 4.6799, 0.3184, 0.3877,0
-0.0023, 0.0000,-0.2701, 3.1415, 0.7987,-8.7482, 2.7648, 0.3793, 0.3884,0
 0.0050, 0.0000,-0.3581, 3.1415, 0.7539,-8.7868,-4.6799, 0.4083, 0.3892,0
 0.0118, 0.0000,-0.4398, 3.1415, 0.6904,-8.2918, 4.6799, 0.3128, 0.3899,0
 0.0194, 0.0000,-0.5215, 3.1415, 0.7444,-8.1928, 4.6799, 0.3170, 0.3906,0
 0.0262, 0.0000,-0.6031, 3.1415, 0.6945,-8.1730, 4.6799, 0.3438, 0.3913,0
 0.0326, 0.0000,-0.6785, 3.1415, 0.6543,-7.6664, 4.6799, 0.2638, 0.3920,0
 0.0391, 0.0000,-0.7539, 3.1415, 0.6462,-7.5651, 4.6799, 0.2777, 0.3927,0
 0.0453, 0.0000,-0.8262, 3.1415, 0.6325,-7.2935, 4.6799, 0.2581, 0.3935,0
 0.0516, 0.0000,-0.8953, 3.1415, 0.6236,-6.9879, 4.6799, 0.2346, 0.3942,0
 0.0572, 0.0000,-0.9644, 3.1415, 0.5794,-6.9267, 4.6799, 0.2625, 0.3949,0
 0.0634, 0.0000,-1.0304, 3.1415, 0.6070,-6.6632, 4.6799, 0.2521, 0.3956,0
 0.0692, 0.0000,-1.0901, 3.1415, 0.5882,-6.1078, 4.6799, 0.1902, 0.3963,0
 0.0747, 0.0000,-1.1498, 3.1415, 0.5542,-5.9967, 4.6799, 0.2100, 0.3971,0
 0.0803, 0.0000,-1.2063, 3.1415, 0.5595,-5.7232, 4.6799, 0.2026, 0.3978,0
 0.0857, 0.0000,-1.2597, 3.1415, 0.5484,-5.4172, 4.6799, 0.1910, 0.3985,0
 0.0912, 0.0000,-1.3100, 3.1415, 0.5462,-5.1046, 4.6799, 0.1796, 0.3992,0
 0.0967, 0.0000,-1.3571, 3.1415, 0.5458,-4.7908, 4.6799, 0.1690, 0.3999,0
 0.1019, 0.0000,-1.4011, 3.1415, 0.5275,-4.4767, 4.6799, 0.1593, 0.4006,0
 0.1073, 0.0000,-1.4451, 3.1415, 0.5360,-4.4139, 4.6799, 0.1827, 0.4014,0
 0.1127, 0.0000,-1.4828, 3.1415, 0.5376,-3.8987,-0.1661, 0.1497, 0.4021,0
 0.1175, 0.0000,-1.5173, 3.1415, 0.4955,-3.5443,-4.6799, 0.1375, 0.4028,0
 0.1223, 0.0000,-1.5519, 3.1415, 0.4811,-3.4734,-4.6799, 0.1553, 0.4035,0
 0.1270, 0.0000,-1.5802, 3.1415, 0.4721,-2.9566,-4.6799, 0.1291, 0.4042,0
 0.1312, 0.0000,-1.6053, 3.1415, 0.4339,-2.6019,-4.6799, 0.1195, 0.4050,0
 0.1348, 0.0000,-1.6304, 3.1415, 0.3717,-2.5310,-4.6799, 0.1325, 0.4057,0
 0.1381, 0.0000,-1.6493, 3.1415, 0.3411,-2.0141,-4.6799, 0.1131, 0.4064,0
 0.1412, 0.0000,-1.6681, 3.1415, 0.3107,-1.9108,-4.6799, 0.1209, 0.4071,0
 0.1438, 0.0000,-1.6838, 3.1415, 0.2743,-1.6387,-4.6799, 0.1186, 0.4078,0
 0.1461, 0.0000,-1.6933, 3.1415, 0.2367,-1.0817,-4.6799, 0.1041, 0.4085,0
 0.1481, 0.0000,-1.7027, 3.1415, 0.2110,-0.9703,-4.6799, 0.1076, 0.4093,0
 0.1496, 0.0000,-1.7090, 3.1415, 0.1634,-0.6967,-4.6799, 0.1057, 0.4100,0
 0.1510, 0.0000,-1.7121, 3.1415, 0.1418,-0.3906,-4.6799, 0.1033, 0.4107,0
 0.1521, 0.0000,-1.7121, 3.1415, 0.1193,-0.0781,-4.6799, 0.1012, 0.4114,0
 0.1526, 0.0000,-1.7121, 3.1415, 0.0602,-0.0156,-4.6799, 0.1011, 0.4121,0
 0.1531, 0.0000,-1.7058, 3.1415, 0.0544, 0.4995,-4.6799, 0.1002, 0.4129,0
 0.1532, 0.0000,-1.6964, 3.1415, 0.0169, 0.8538,-4.6799, 0.1002, 0.4136,0
 0.1527, 0.0000,-1.6870, 3.1415,-0.0329, 0.9247,-4.6799, 0.0952, 0.4143,0
 0.1521, 0.0000,-1.6744, 3.1415,-0.0551, 1.1902,-4.6799, 0.0941, 0.4150,0
 0.1513, 0.0000,-1.6556, 3.1415,-0.0777, 1.7460,-3.8190, 0.1035, 0.4157,0
 0.1502, 0.0000,-1.6367, 3.1415,-0.1064, 1.8571,-3.9237, 0.0956, 0.4164,0
 0.1488, 0.0000,-1.6147, 3.1415,-0.1304, 2.1307,-4.5794, 0.0951, 0.4172,0
 0.1474, 0.0000,-1.5896, 3.1415,-0.1412, 2.4367,-4.6799, 0.0966, 0.4179,0
 0.1454, 0.0000,-1.5613, 3.1415,-0.1859, 2.7492,-4.6799, 0.0990, 0.4186,0
 0.1433, 0.0000,-1.5299, 3.1415,-0.2008, 3.0631,-4.6799, 0.1020, 0.4193,0
 0.1412, 0.0000,-1.4953, 3.1415,-0.2160, 3.3772,-4.6799, 0.1055, 0.4200,0
 0.1386, 0.0000,-1.4545, 3.1415,-0.2432, 3.9427,-4.6799, 0.1343, 0.4208,0
 0.1358, 0.0000,-1.4168, 3.1415,-0.2790, 3.8044,-4.6799, 0.0925, 0.4215,0
 0.1328, 0.0000,-1.3697, 3.1415,-0.2922, 4.5307,-4.6799, 0.1439, 0.4222,0
 0.1295, 0.0000,-1.3226, 3.1415,-0.3252, 4.6760,-4.6799, 0.1297, 0.4229,0
 0.1258, 0.0000,-1.2723, 3.1415,-0.3560, 4.9564,-4.6799, 0.1327, 0.4236,0
 0.1217, 0.0000,-1.2189, 3.1415,-0.4047, 5.2638,-4.6799, 0.1404, 0.4243,0
 0.1174, 0.0000,-1.1623, 3.1415,-0.4265, 5.5766,-4.6799, 0.1502, 0.4251,0
 0.1126, 0.0000,-1.1026, 3.1415,-0.4673, 5.8905,-4.6799, 0.1617, 0.4258,0
 0.1075, 0.0000,-1.0398, 3.1415,-0.4997, 6.2046,-4.6799, 0.1753, 0.4265,0
 0.1019, 0.0000,-0.9738, 3.1415,-0.5486, 6.5188,-4.6799, 0.1912, 0.4272,0
 0.0960, 0.0000,-0.9047, 3.1415,-0.5826, 6.8329,-4.6799, 0.2099, 0.4279,0
 0.0897, 0.0000,-0.8325, 3.1415,-0.6197, 7.1471,-4.6799, 0.2318, 0.4287,0
 0.0829, 0.0000,-0.7571, 3.1415,-0.6696, 7.4612,-4.6799, 0.2574, 0.4294,0
 0.0756, 0.0000,-0.6785, 3.1415,-0.7160, 7.7754,-4.6799, 0.2873, 0.4301,0
 0.0680, 0.0000,-0.5937, 3.1415,-0.7495, 8.3409,-4.6799, 0.3788, 0.4308,0
 0.0600, 0.0000,-0.5120, 3.1415,-0.7926, 8.2027,-4.6799, 0.3159, 0.4315,0
 0.0515, 0.0000,-0.4241, 3.1415,-0.8376, 8.6777,-4.6799, 0.3997, 0.4322,0
 0.0428, 0.0000,-0.3361, 3.1415,-0.8648, 8.7727,-4.6799, 0.3995, 0.4330,0
 0.0337, 0.0000,-0.2419, 3.1415,-0.9005, 9.2943, 4.6799, 0.5122, 0.4337,0
 0.0253, 0.0000,-0.1507, 3.1415,-0.8470, 9.1473, 4.6799, 0.4614, 0.4344,0
 0.0166, 0.0000,-0.0596, 3.1415,-0.8667, 9.1179, 4.6799, 0.4471, 0.4351,0
 0.0083, 0.0000, 0.0282, 3.1415,-0.8403, 8.8607,-4.6799, 0.3813, 0.4358,0
-0.0000, 0.0000, 0.1193, 3.1415,-0.8410, 9.0606, 4.6799, 0.4363, 0.4366,0
-0.0075, 0.0000, 0.2073, 3.1415,-0.7684, 8.8492,-4.6799, 0.3936, 0.4373,0
-0.0156, 0.0000, 0.2953, 3.1415,-0.7964, 8.8070,-4.6799, 0.3988, 0.4380,0
-0.0229, 0.0000, 0.3801, 3.1415,-0.7474, 8.5472,-4.6799, 0.3559, 0.4387,0
-0.0304, 0.0000, 0.4618, 3.1415,-0.7497, 8.2439,-4.6799, 0.3086, 0.4394,0
-0.0376, 0.0000, 0.5466, 3.1415,-0.7259, 8.4346,-4.6799, 0.3825, 0.4401,0
-0.0447, 0.0000, 0.6251, 3.1415,-0.7090, 7.9701,-4.6799, 0.3070, 0.4409,0
-0.0517, 0.0000, 0.7037, 3.1415,-0.7057, 7.8772,-4.6799, 0.3212, 0.4416,0
-0.0585, 0.0000, 0.7791, 3.1415,-0.6868, 7.6072,-4.6799, 0.2992, 0.4423,0
-0.0652, 0.0000, 0.8545, 3.1415,-0.6709, 7.5533,-4.6799, 0.3272, 0.4430,0
-0.0719, 0.0000, 0.9236, 3.1415,-0.6677, 7.0398,-4.6799, 0.2608, 0.4437,0
-0.0781, 0.0000, 0.9927, 3.1415,-0.6307, 6.9371,-4.6799, 0.2813, 0.4445,0
-0.0845, 0.0000, 1.0587, 3.1415,-0.6415, 6.6653,-4.6799, 0.2701, 0.4452,0
-0.0909, 0.0000, 1.1215, 3.1415,-0.6376, 6.3596,-4.6799, 0.2543, 0.4459,0
-0.0970, 0.0000, 1.1812, 3.1415,-0.6125, 6.0471,-4.6799, 0.2392, 0.4466,0
-0.1031, 0.0000, 1.2377, 3.1415,-0.6136, 5.7333,-4.6799, 0.2254, 0.4473,0
-0.1090, 0.0000, 1.2943, 3.1415,-0.5956, 5.6705,-4.6799, 0.2541, 0.4480,0
-0.1149, 0.0000, 1.3446, 3.1415,-0.5920, 5.1553,-4.6799, 0.2110, 0.4488,0
-0.1211, 0.0000, 1.3917, 3.1415,-0.6095, 4.8009,-4.6799, 0.1947, 0.4495,0
-0.1269, 0.0000, 1.4388, 3.1415,-0.5887, 4.7301,-4.6799, 0.2187, 0.4502,0
-0.1329, 0.0000, 1.4796, 3.1415,-0.5967, 4.2132,-0.1871, 0.1831, 0.4509,0
-0.1390, 0.0000, 1.5205, 3.1415,-0.6104, 4.1099, 4.6799, 0.2003, 0.4516,0
-0.1440, 0.0000, 1.5550, 3.1415,-0.5222, 3.5865, 4.6799, 0.1688, 0.4524,0
-0.1493, 0.0000, 1.5896, 3.1415,-0.5228, 3.4819, 4.6799, 0.1832, 0.4531,0
-0.1541, 0.0000, 1.6179, 3.1415,-0.4926, 2.9583, 4.6799, 0.1563, 0.4538,0
-0.1587, 0.0000, 1.6461, 3.1415,-0.4683, 2.8536, 4.6799, 0.1680, 0.4545,0
-0.1628, 0.0000, 1.6713, 3.1415,-0.4211, 2.5813, 4.6799, 0.1653, 0.4552,0
-0.1664, 0.0000, 1.6933, 3.1415,-0.3691, 2.2755, 4.6799, 0.1602, 0.4559,0
-0.1693, 0.0000, 1.7090, 3.1415,-0.3103, 1.7117, 4.6799, 0.1399, 0.4567,0
-0.1723, 0.0000, 1.7247, 3.1415,-0.2985, 1.5990, 4.6799, 0.1459, 0.4574,0
-0.1747, 0.0000, 1.7404, 3.1415,-0.2537, 1.5764, 4.6799, 0.1560, 0.4581,0
-0.1768, 0.0000, 1.7498, 3.1415,-0.2205, 1.0692, 4.6799, 0.1439, 0.4588,0
-0.1784, 0.0000, 1.7561, 3.1415,-0.1653, 0.7165, 4.6799, 0.1395, 0.4595,0
-0.1796, 0.0000, 1.7624, 3.1415,-0.1300, 0.6459, 4.6799, 0.1426, 0.4602,0
-0.1804, 0.0000, 1.7624, 3.1415,-0.0927, 0.1291, 4.6799, 0.1370, 0.4610,0
-0.1808, 0.0000, 1.7624, 3.1415,-0.0488, 0.0258, 4.6799, 0.1367, 0.4617,0
-0.1810, 0.0000, 1.7592, 3.1415,-0.0279,-0.2461, 4.6799, 0.1354, 0.4624,0
-0.1809, 0.0000, 1.7530, 3.1415, 0.0004,-0.5518, 4.6799, 0.1343, 0.4631,0
-0.1806, 0.0000, 1.7435, 3.1415, 0.0304,-0.8643, 4.6799, 0.1339, 0.4638,0
-0.1800, 0.0000, 1.7341, 3.1415, 0.0545,-0.9268, 4.6799, 0.1288, 0.4646,0
-0.1792, 0.0000, 1.7184, 3.1415, 0.0715,-1.4420, 3.1635, 0.1347, 0.4653,0
-0.1784, 0.0000, 1.6996, 3.1415, 0.0810,-1.7963, 1.9886, 0.1374, 0.4660,0
-0.1775, 0.0000, 1.6807, 3.1415, 0.0889,-1.8672, 2.2206, 0.1276, 0.4667,0
-0.1762, 0.0000, 1.6556, 3.1415, 0.1148,-2.3840, 2.3122, 0.1404, 0.4674,0
-0.1750, 0.0000, 1.6304, 3.1415, 0.1260,-2.4874, 3.6984, 0.1294, 0.4681,0
-0.1734, 0.0000, 1.5990, 3.1415, 0.1464,-3.0107, 4.6799, 0.1472, 0.4689,0
-0.1717, 0.0000, 1.5676, 3.1415, 0.1687,-3.1154, 4.6799, 0.1336, 0.4696,0
-0.1697, 0.0000, 1.5330, 3.1415, 0.1913,-3.3876, 4.6799, 0.1336, 0.4703,0
-0.1675, 0.0000, 1.4953, 3.1415, 0.2141,-3.6934, 4.6799, 0.1368, 0.4710,0
-0.1650, 0.0000, 1.4514, 3.1415, 0.2429,-4.2572, 4.6799, 0.1682, 0.4717,0
-0.1622, 0.0000, 1.4074, 3.1415, 0.2729,-4.3700, 4.6799, 0.1505, 0.4725,0
-0.1593, 0.0000, 1.3603, 3.1415, 0.2910,-4.6439, 4.6799, 0.1518, 0.4732,0
-0.1560, 0.0000, 1.3100, 3.1415, 0.3189,-4.9500, 4.6799, 0.1579, 0.4739,0
-0.1523, 0.0000, 1.2566, 3.1415, 0.3608,-5.2625, 4.6799, 0.1658, 0.4746,0
-0.1483, 0.0000, 1.1969, 3.1415, 0.3935,-5.8277, 4.6799, 0.2132, 0.4753,0
-0.1440, 0.0000, 1.1372, 3.1415, 0.4243,-5.9407, 4.6799, 0.1924, 0.4760,0
-0.1393, 0.0000, 1.0744, 3.1415, 0.4607,-6.2146, 4.6799, 0.1987, 0.4768,0
-0.1341, 0.0000, 1.0053, 3.1415, 0.5044,-6.7721, 4.6799, 0.2572, 0.4775,0
-0.1285, 0.0000, 0.9361, 3.1415, 0.5495,-6.8836, 4.6799, 0.2376, 0.4782,0
-0.1226, 0.0000, 0.8639, 3.1415, 0.5828,-7.1572, 4.6799, 0.2508, 0.4789,0
-0.1162, 0.0000, 0.7853, 3.1415, 0.6258,-7.7146, 4.6799, 0.3254, 0.4796,0
-0.1094, 0.0000, 0.7068, 3.1415, 0.6708,-7.8261, 4.6799, 0.3114, 0.4804,0
-0.1021, 0.0000, 0.6251, 3.1415, 0.7162,-8.0997, 4.6799, 0.3362, 0.4811,0
-0.0945, 0.0000, 0.5403, 3.1415, 0.7556,-8.4057, 4.6799, 0.3734, 0.4818,0
-0.0864, 0.0000, 0.4492, 3.1415, 0.7938,-8.9696,-4.6799, 0.4795, 0.4825,0
-0.0788, 0.0000, 0.3612, 3.1415, 0.7651,-8.8310, 4.6799, 0.4201, 0.4832,0
-0.0700, 0.0000, 0.2701, 3.1415, 0.8624,-9.0547, 4.6799, 0.4557, 0.4839,0
-0.0614, 0.0000, 0.1759, 3.1415, 0.8576,-9.3507,-4.6799, 0.5171, 0.4847,0
-0.0536, 0.0000, 0.0816, 3.1415, 0.7960,-9.4099,-4.6799, 0.5239, 0.4854,0
-0.0454, 0.0000,-0.0094, 3.1415, 0.8140,-9.1704, 4.6799, 0.4593, 0.4861,0
-0.0372, 0.0000,-0.1005, 3.1415, 0.8176,-9.1225, 4.6799, 0.4506, 0.4868,0
-0.0293, 0.0000,-0.1916, 3.1415, 0.8001,-9.1130, 4.6799, 0.4577, 0.4875,0
-0.0215, 0.0000,-0.2796, 3.1415, 0.7845,-8.8597, 4.6799, 0.4087, 0.4883,0
-0.0137, 0.0000,-0.3707, 3.1415, 0.7753,-9.0604, 4.6689, 0.4799, 0.4890,0
-0.0059, 0.0000,-0.4586, 3.1415, 0.7796,-8.8492, 4.6799, 0.4524, 0.4897,0
 0.0016, 0.0000,-0.5434, 3.1415, 0.7683,-8.5556, 4.6799, 0.4101, 0.4904,0
 0.0090, 0.0000,-0.6283, 3.1415, 0.7478,-8.4969, 4.6799, 0.4298, 0.4911,0
 0.0160, 0.0000,-0.7099, 3.1415, 0.7074,-8.2339, 4.6799, 0.4045, 0.4918,0
 0.0231, 0.0000,-0.7916, 3.1415, 0.7053,-8.1813, 4.6799, 0.4325, 0.4926,0
 0.0300, 0.0000,-0.8670, 3.1415, 0.6989,-7.6681, 4.6799, 0.3585, 0.4933,0
 0.0369, 0.0000,-0.9424, 3.1415, 0.6854,-7.5654, 4.6799, 0.3792, 0.4940,0
 0.0435, 0.0000,-1.0147, 3.1415, 0.6646,-7.2936, 4.6799, 0.3657, 0.4947,0
 0.0497, 0.0000,-1.0838, 3.1415, 0.6301,-6.9879, 4.6799, 0.3476, 0.4954,0
 0.0560, 0.0000,-1.1498, 3.1415, 0.6353,-6.6754, 4.6799, 0.3304, 0.4962,0
 0.0625, 0.0000,-1.2126, 3.1415, 0.6424,-6.3616, 4.6799, 0.3148, 0.4969,0
 0.0685, 0.0000,-1.2723, 3.1415, 0.6074,-6.0475, 4.6799, 0.3008, 0.4976,0
 0.0745, 0.0000,-1.3288, 3.1415, 0.6005,-5.7334, 4.6799, 0.2881, 0.4983,0
 0.0804, 0.0000,-1.3823, 3.1415, 0.5930,-5.4192, 4.6799, 0.2765, 0.4990,0
 0.0863, 0.0000,-1.4357, 3.1415, 0.5915,-5.3564, 4.6799, 0.3049, 0.4997,0
 0.0921, 0.0000,-1.4828, 3.1415, 0.5851,-4.8411, 3.3693, 0.2650, 0.5005,0
 0.0978, 0.0000,-1.5299, 3.1415, 0.5717,-4.7381,-4.5567, 0.2849, 0.5012,0
 0.1030, 0.0000,-1.5707, 3.1415, 0.5266,-4.2148,-4.6799, 0.2487, 0.5019,0
 0.1083, 0.0000,-1.6084, 3.1415, 0.5297,-3.8589,-4.6799, 0.2355, 0.5026,0
 0.1131, 0.0000,-1.6461, 3.1415, 0.4940,-3.7877,-4.6799, 0.2549, 0.5033,0
 0.1176, 0.0000,-1.6776, 3.1415, 0.4565,-3.2708,-4.6799, 0.2263, 0.5041,0
 0.1216, 0.0000,-1.7090, 3.1415, 0.4126,-3.1674,-4.6799, 0.2394, 0.5048,0
 0.1253, 0.0000,-1.7373, 3.1415, 0.3796,-2.8954,-4.6799, 0.2363, 0.5055,0
 0.1286, 0.0000,-1.7624, 3.1415, 0.3366,-2.5897,-4.6799, 0.2306, 0.5062,0
 0.1314, 0.0000,-1.7844, 3.1415, 0.2977,-2.2772,-4.6799, 0.2248, 0.5069,0
 0.1340, 0.0000,-1.8032, 3.1415, 0.2657,-1.9634,-4.6799, 0.2194, 0.5076,0
 0.1362, 0.0000,-1.8221, 3.1415, 0.2289,-1.9006,-4.6799, 0.2291, 0.5084,0
 0.1381, 0.0000,-1.8346, 3.1415, 0.1973,-1.3854,-4.6799, 0.2141, 0.5091,0
 0.1397, 0.0000,-1.8472, 3.1415, 0.1668,-1.2824,-4.6799, 0.2190, 0.5098,0
 0.1408, 0.0000,-1.8535, 3.1415, 0.1243,-0.7591,-4.6799, 0.2084, 0.5105,0
 0.1418, 0.0000,-1.8598, 3.1415, 0.0976,-0.6544,-4.6799, 0.2106, 0.5112,0
 0.1424, 0.0000,-1.8629, 3.1415, 0.0680,-0.3822,-4.6799, 0.2088, 0.5120,0
 0.1426, 0.0000,-1.8661, 3.1415, 0.0317,-0.3277,-4.6799, 0.2104, 0.5127,0
 0.1426, 0.0000,-1.8629, 3.1415, 0.0063, 0.1857,-4.6799, 0.2073, 0.5134,0
 0.1424, 0.0000,-1.8598, 3.1415,-0.0108, 0.2884,-4.6799, 0.2058, 0.5141,0
 0.1420, 0.0000,-1.8535, 3.1415,-0.0385, 0.5603,-3.9410, 0.2047, 0.5148,0
 0.1414, 0.0000,-1.8441, 3.1415,-0.0562, 0.8660,-0.7777, 0.2043, 0.5155,0
 0.1406, 0.0000,-1.8315, 3.1415,-0.0718, 1.1785, 2.2185, 0.2045, 0.5163,0
 0.1405, 0.0000,-1.8158, 3.1415,-0.0204, 1.4923, 4.0806, 0.2053, 0.5170,0
 0.1402, 0.0000,-1.7969, 3.1415,-0.0283, 1.8064, 4.6799, 0.2067, 0.5177,0
 0.1402, 0.0000,-1.7749, 3.1415,-0.0056, 2.1205, 4.6799, 0.2085, 0.5184,0
 0.1405, 0.0000,-1.7498, 3.1415, 0.0170, 2.4347, 4.6799, 0.2108, 0.5191,0
 0.1409, 0.0000,-1.7215, 3.1415, 0.0397, 2.7488, 4.6799, 0.2136, 0.5199,0
 0.1418, 0.0000,-1.6901, 3.1415, 0.0746, 3.0630, 4.0445, 0.2168, 0.5206,0
 0.1427, 0.0000,-1.6556, 3.1415, 0.0876, 3.3772, 1.1483, 0.2205, 0.5213,0
 0.1436, 0.0000,-1.6179, 3.1415, 0.0902, 3.6913,-2.7976, 0.2245, 0.5220,0
 0.1438, 0.0000,-1.5770, 3.1415, 0.0362, 4.0055,-4.6799, 0.2291, 0.5227,0
 0.1443, 0.0000,-1.5362, 3.1415, 0.0496, 4.0683,-4.6799, 0.2069, 0.5234,0
 0.1446, 0.0000,-1.4891, 3.1415, 0.0341, 4.5835,-4.6799, 0.2355, 0.5242,0
 0.1445, 0.0000,-1.4388, 3.1415,-0.0052, 4.9379,-4.6799, 0.2468, 0.5249,0
 0.1439, 0.0000,-1.3854, 3.1415,-0.0495, 5.2601,-4.6799, 0.2550, 0.5256,0
 0.1430, 0.0000,-1.3320, 3.1415,-0.0766, 5.3246,-4.6799, 0.2270, 0.5263,0
 0.1418, 0.0000,-1.2723, 3.1415,-0.1123, 5.8401,-4.6799, 0.2663, 0.5270,0
 0.1400, 0.0000,-1.2095, 3.1415,-0.1679, 6.1945,-4.6799, 0.2833, 0.5278,0
 0.1380, 0.0000,-1.1435, 3.1415,-0.1973, 6.5167,-4.6799, 0.2969, 0.5285,0
 0.1355, 0.0000,-1.0744, 3.1415,-0.2395, 6.8325,-4.6799, 0.3115, 0.5292,0
 0.1324, 0.0000,-1.0021, 3.1415,-0.2904, 7.1470,-4.6799, 0.3284, 0.5299,0
 0.1289, 0.0000,-0.9267, 3.1415,-0.3370, 7.4612,-4.6799, 0.3482, 0.5306,0
 0.1251, 0.0000,-0.8482, 3.1415,-0.3766, 7.7754,-4.6799, 0.3715, 0.5313,0
 0.1205, 0.0000,-0.7665, 3.1415,-0.4391, 8.0896,-4.6799, 0.3989, 0.5321,0
 0.1155, 0.0000,-0.6817, 3.1415,-0.4880, 8.4037,-4.6799, 0.4311, 0.5328,0
 0.1101, 0.0000,-0.5937, 3.1415,-0.5341, 8.7179,-4.6799, 0.4688, 0.5335,0
 0.1042, 0.0000,-0.5026, 3.1415,-0.5737, 9.0320,-4.6799, 0.5128, 0.5342,0
 0.0978, 0.0000,-0.4084, 3.1415,-0.6301, 9.3462, 4.6799, 0.5638, 0.5349,0
 0.0921, 0.0000,-0.3110, 3.1415,-0.5807, 9.6603, 4.6799, 0.6228, 0.5357,0
 0.0858, 0.0000,-0.2167, 3.1415,-0.6194, 9.4719, 4.6799, 0.5547, 0.5364,0
 0.0800, 0.0000,-0.1193, 3.1415,-0.5907, 9.6855, 4.6799, 0.6003, 0.5371,0
 0.0745, 0.0000,-0.0251, 3.1415,-0.5607, 9.4769, 1.2960, 0.5395, 0.5378,0
 0.0693, 0.0000, 0.0659, 3.1415,-0.5244, 9.1838,-4.6799, 0.4642, 0.5385,0
 0.0639, 0.0000, 0.1570, 3.1415,-0.5353, 9.1252,-4.6799, 0.4565, 0.5392,0
 0.0588, 0.0000, 0.2513, 3.1415,-0.5193, 9.3648,-4.6799, 0.5322, 0.5400,0
 0.0539, 0.0000, 0.3424, 3.1415,-0.4919, 9.1614,-4.6799, 0.4986, 0.5407,0
 0.0490, 0.0000, 0.4303, 3.1415,-0.4925, 8.8694,-4.6799, 0.4487, 0.5414,0
 0.0441, 0.0000, 0.5183, 3.1415,-0.4865, 8.8110,-4.6799, 0.4631, 0.5421,0
 0.0395, 0.0000, 0.6063, 3.1415,-0.4671, 8.7993,-4.6799, 0.4939, 0.5428,0
 0.0349, 0.0000, 0.6911, 3.1415,-0.4633, 8.5457,-4.6799, 0.4691, 0.5435,0
 0.0304, 0.0000, 0.7728, 3.1415,-0.4503, 8.2436,-4.6799, 0.4373, 0.5443,0
 0.0263, 0.0000, 0.8513, 3.1415,-0.4175, 7.9319,-4.6799, 0.4076, 0.5450,0
 0.0220, 0.0000, 0.9299, 3.1415,-0.4291, 7.8695,-4.6799, 0.4376, 0.5457,0
 0.0181, 0.0000, 1.0053, 3.1415,-0.4011, 7.6057,-4.6799, 0.4250, 0.5464,0
 0.0143, 0.0000, 1.0744, 3.1415,-0.3833, 7.0503,-4.6799, 0.3539, 0.5471,0
 0.0104, 0.0000, 1.1435, 3.1415,-0.3859, 6.9392,-4.6799, 0.3765, 0.5479,0
 0.0068, 0.0000, 1.2095, 3.1415,-0.3621, 6.6657,-4.6799, 0.3682, 0.5486,0
 0.0032, 0.0000, 1.2723, 3.1415,-0.3634, 6.3596,-4.6799, 0.3550, 0.5493,0
-0.0003, 0.0000, 1.3351, 3.1415,-0.3637, 6.2984,-4.6799, 0.3877, 0.5500,0
-0.0037, 0.0000, 1.3917, 3.1415,-0.3395, 5.7835,-4.6799, 0.3403, 0.5507,0
-0.0072, 0.0000, 1.4451, 3.1415,-0.3528, 5.4292,-4.6799, 0.3226, 0.5514,0
-0.0108, 0.0000, 1.4953, 3.1415,-0.3555, 5.1070,-4.6799, 0.3110, 0.5522,0
-0.0142, 0.0000, 1.5456, 3.1415,-0.3439, 5.0426,-1.8705, 0.3379, 0.5529,0
-0.0178, 0.0000, 1.5896, 3.1415,-0.3537, 4.5271, 4.6799, 0.3004, 0.5536,0
-0.0203, 0.0000, 1.6336, 3.1415,-0.2769, 4.4240, 4.6799, 0.3190, 0.5543,0
-0.0233, 0.0000, 1.6713, 3.1415,-0.2918, 3.9007, 4.6799, 0.2850, 0.5550,0
-0.0256, 0.0000, 1.7090, 3.1415,-0.2463, 3.7960, 4.6799, 0.3006, 0.5558,0
-0.0278, 0.0000, 1.7404, 3.1415,-0.2251, 3.2724, 4.6799, 0.2711, 0.5565,0
-0.0295, 0.0000, 1.7718, 3.1415,-0.1784, 3.1677, 4.6799, 0.2838, 0.5572,0
-0.0307, 0.0000, 1.8001, 3.1415,-0.1326, 2.8954, 4.6799, 0.2806, 0.5579,0
-0.0316, 0.0000, 1.8252, 3.1415,-0.0932, 2.5897, 4.6799, 0.2746, 0.5586,0
-0.0322, 0.0000, 1.8503, 3.1415,-0.0732, 2.5285, 4.6799, 0.2876, 0.5593,0
-0.0325, 0.0000, 1.8692, 3.1415,-0.0328, 2.0136, 4.6799, 0.2679, 0.5601,0
-0.0323, 0.0000, 1.8849, 3.1415, 0.0055, 1.6593, 4.6799, 0.2604, 0.5608,0
-0.0322, 0.0000, 1.9006, 3.1415, 0.0132, 1.5885, 4.6799, 0.2679, 0.5615,0
-0.0317, 0.0000, 1.9132, 3.1415, 0.0390, 1.3230, 4.6799, 0.2656, 0.5622,0
-0.0309, 0.0000, 1.9226, 3.1415, 0.0684, 1.0185, 4.6799, 0.2620, 0.5629,0
-0.0300, 0.0000, 1.9320, 3.1415, 0.0925, 0.9577, 4.6799, 0.2666, 0.5637,0
-0.0290, 0.0000, 1.9352, 3.1415, 0.0973, 0.4428, 4.6799, 0.2586, 0.5644,0
-0.0277, 0.0000, 1.9383, 3.1415, 0.1225, 0.3399, 4.6799, 0.2596, 0.5651,0
-0.0264, 0.0000, 1.9352, 3.1415, 0.1275,-0.1833,-0.1724, 0.2564, 0.5658,0
-0.0255, 0.0000, 1.9320, 3.1415, 0.0982,-0.2879,-2.5049, 0.2549, 0.5665,0
-0.0247, 0.0000, 1.9257, 3.1415, 0.0802,-0.5602,-4.6799, 0.2539, 0.5672,0
-0.0240, 0.0000, 1.9163, 3.1415, 0.0766,-0.8660,-4.6799, 0.2537, 0.5680,0
-0.0238, 0.0000, 1.9038, 3.1415, 0.0274,-1.1785,-4.6799, 0.2541, 0.5687,0
-0.0237, 0.0000, 1.8849, 3.1415, 0.0115,-1.7436,-4.6799, 0.2644, 0.5694,0
-0.0240, 0.0000, 1.8661, 3.1415,-0.0158,-1.8567,-4.6799, 0.2572, 0.5701,0
-0.0246, 0.0000, 1.8441, 3.1415,-0.0516,-2.1306,-4.6799, 0.2573, 0.5708,0
-0.0254, 0.0000, 1.8189, 3.1415,-0.0770,-2.4367,-4.6799, 0.2595, 0.5716,0
-0.0266, 0.0000, 1.7875, 3.1415,-0.1124,-3.0006,-4.6799, 0.2804, 0.5723,0
-0.0279, 0.0000, 1.7561, 3.1415,-0.1255,-3.1133,-4.6799, 0.2680, 0.5730,0
-0.0294, 0.0000, 1.7215, 3.1415,-0.1403,-3.3872,-4.6799, 0.2685, 0.5737,0
-0.0311, 0.0000, 1.6838, 3.1415,-0.1675,-3.6933,-4.6799, 0.2720, 0.5744,0
-0.0328, 0.0000, 1.6430, 3.1415,-0.1668,-4.0059,-4.6799, 0.2765, 0.5751,0
-0.0346, 0.0000, 1.5990, 3.1415,-0.1789,-4.3197,-2.3370, 0.2815, 0.5759,0
-0.0365, 0.0000, 1.5519, 3.1415,-0.1873,-4.6338, 4.6799, 0.2870, 0.5766,0
-0.0373, 0.0000, 1.5016, 3.1415,-0.1041,-4.9480, 4.6799, 0.2931, 0.5773,0
-0.0385, 0.0000, 1.4482, 3.1415,-0.1178,-5.2621, 4.6799, 0.2999, 0.5780,0
-0.0392, 0.0000, 1.3917, 3.1415,-0.0781,-5.5763, 4.6799, 0.3074, 0.5787,0
-0.0394, 0.0000, 1.3320, 3.1415,-0.0277,-5.8904, 4.6799, 0.3159, 0.5795,0
-0.0390, 0.0000, 1.2660, 3.1415, 0.0247,-6.4559, 4.6799, 0.3680, 0.5802,0
-0.0380, 0.0000, 1.2000, 3.1415, 0.0837,-6.5690, 4.6799, 0.3439, 0.5809,0
-0.0368, 0.0000, 1.1309, 3.1415, 0.1137,-6.8430, 4.6799, 0.3498, 0.5816,0
-0.0350, 0.0000, 1.0587, 3.1415, 0.1622,-7.1491, 4.6799, 0.3636, 0.5823,0
-0.0327, 0.0000, 0.9801, 3.1415, 0.2204,-7.7130, 4.6799, 0.4329, 0.5830,0
-0.0300, 0.0000, 0.9016, 3.1415, 0.2623,-7.8257, 4.6799, 0.4119, 0.5838,0
-0.0266, 0.0000, 0.8168, 3.1415, 0.3192,-8.3510, 4.6799, 0.4847, 0.5845,0
-0.0228, 0.0000, 0.7319, 3.1415, 0.3730,-8.4560, 4.6799, 0.4669, 0.5852,0
-0.0184, 0.0000, 0.6408, 3.1415, 0.4202,-8.9797, 4.6799, 0.5532, 0.5859,0
-0.0135, 0.0000, 0.5497, 3.1415, 0.4781,-9.0844, 4.6799, 0.5431, 0.5866,0
-0.0082, 0.0000, 0.4523, 3.1415, 0.5200,-9.6080,-4.6799, 0.6465, 0.5874,0
-0.0033, 0.0000, 0.3549, 3.1415, 0.4981,-9.7127,-4.6799, 0.6474, 0.5881,0
 0.0017, 0.0000, 0.2576, 3.1415, 0.5058,-9.7336,-4.6799, 0.6320, 0.5888,0
 0.0068, 0.0000, 0.1602, 3.1415, 0.5134,-9.7378,-4.6799, 0.6186, 0.5895,0
 0.0115, 0.0000, 0.0628, 3.1415, 0.4786,-9.7387,-4.6799, 0.6111, 0.5902,0
 0.0160, 0.0000,-0.0345, 3.1415, 0.4534,-9.7388,-4.6799, 0.6101, 0.5909,0
 0.0198, 0.0000,-0.1288, 3.1415, 0.3938,-9.4876, 4.6799, 0.5480, 0.5917,0
 0.0240, 0.0000,-0.2230, 3.1415, 0.4122,-9.4373, 4.6799, 0.5465, 0.5924,0
 0.0279, 0.0000,-0.3173, 3.1415, 0.3977,-9.4272, 4.6799, 0.5619, 0.5931,0
 0.0313, 0.0000,-0.4084, 3.1415, 0.3524,-9.1739, 4.6799, 0.5192, 0.5938,0
 0.0347, 0.0000,-0.4995, 3.1415, 0.3372,-9.1232, 4.6799, 0.5349, 0.5945,0
 0.0381, 0.0000,-0.5874, 3.1415, 0.3403,-8.8618, 4.6799, 0.5017, 0.5953,0
 0.0416, 0.0000,-0.6723, 3.1415, 0.3530,-8.5582, 4.6799, 0.4635, 0.5960,0
 0.0447, 0.0000,-0.7571, 3.1415, 0.3131,-8.4974, 4.6799, 0.4889, 0.5967,0
 0.0475, 0.0000,-0.8388, 3.1415, 0.2930,-8.2340, 4.6799, 0.4692, 0.5974,0
 0.0503, 0.0000,-0.9173, 3.1415, 0.2768,-7.9299, 4.6799, 0.4438, 0.5981,0
 0.0532, 0.0000,-0.9958, 3.1415, 0.2857,-7.8691, 4.6799, 0.4764, 0.5988,0
 0.0555, 0.0000,-1.0681, 3.1415, 0.2451,-7.3543, 4.6799, 0.4112, 0.5996,0
 0.0580, 0.0000,-1.1403, 3.1415, 0.2491,-7.2513, 4.6799, 0.4365, 0.6003,0
 0.0604, 0.0000,-1.2095, 3.1415, 0.2377,-6.9794, 4.6799, 0.4281, 0.6010,0
 0.0626, 0.0000,-1.2723, 3.1415, 0.2294,-6.4224, 4.6799, 0.3663, 0.6017,0
 0.0651, 0.0000,-1.3351, 3.1415, 0.2399,-6.3110, 4.6799, 0.3899, 0.6024,0
 0.0673, 0.0000,-1.3948, 3.1415, 0.2238,-6.0374, 4.6799, 0.3846, 0.6032,0
 0.0695, 0.0000,-1.4514, 3.1415, 0.2206,-5.7313, 4.6799, 0.3743, 0.6039,0
 0.0716, 0.0000,-1.5048, 3.1415, 0.2138,-5.4188, 4.6799, 0.3637, 0.6046,0
 0.0739, 0.0000,-1.5550, 3.1415, 0.2307,-5.1050,-1.7826, 0.3535, 0.6053,0
 0.0757, 0.0000,-1.6022, 3.1415, 0.1916,-4.7909,-4.6799, 0.3438, 0.6060,0
 0.0768, 0.0000,-1.6461, 3.1415, 0.1232,-4.4767,-4.6799, 0.3346, 0.6067,0
 0.0781, 0.0000,-1.6901, 3.1415, 0.1277,-4.4139,-4.6799, 0.3582, 0.6075,0
 0.0790, 0.0000,-1.7278, 3.1415, 0.0983,-3.8987,-4.6799, 0.3251, 0.6082,0
 0.0793, 0.0000,-1.7624, 3.1415, 0.0439,-3.5443,-4.6799, 0.3126, 0.6089,0
 0.0794, 0.0000,-1.7969, 3.1415, 0.0148,-3.4734,-4.6799, 0.3299, 0.6096,0
 0.0790, 0.0000,-1.8284, 3.1415,-0.0273,-3.2079,-4.6799, 0.3270, 0.6103,0
 0.0785, 0.0000,-1.8535, 3.1415,-0.0479,-2.6521,-4.6799, 0.2988, 0.6111,0
 0.0776, 0.0000,-1.8786, 3.1415,-0.0823,-2.5410,-4.6799, 0.3080, 0.6118,0
 0.0765, 0.0000,-1.9006, 3.1415,-0.1013,-2.2675,-4.6799, 0.3045, 0.6125,0
 0.0752, 0.0000,-1.9226, 3.1415,-0.1233,-2.2127,-4.6799, 0.3160, 0.6132,0
 0.0737, 0.0000,-1.9383, 3.1415,-0.1459,-1.6991,-4.6799, 0.2984, 0.6139,0
 0.0721, 0.0000,-1.9540, 3.1415,-0.1565,-1.5964,-4.6799, 0.3042, 0.6146,0
 0.0702, 0.0000,-1.9666, 3.1415,-0.1828,-1.3246,-4.6799, 0.3014, 0.6154,0
 0.0680, 0.0000,-1.9760, 3.1415,-0.2124,-1.0189,-4.6799, 0.2976, 0.6161,0
 0.0659, 0.0000,-1.9823, 3.1415,-0.2122,-0.7064,-4.6799, 0.2942, 0.6168,0
 0.0637, 0.0000,-1.9854, 3.1415,-0.2182,-0.3926,-4.6799, 0.2914, 0.6175,0
 0.0612, 0.0000,-1.9886, 3.1415,-0.2437,-0.3298,-4.6799, 0.2929, 0.6182,0
 0.0585, 0.0000,-1.9886, 3.1415,-0.2609,-0.0659,-3.4720, 0.2914, 0.6190,0
 0.0560, 0.0000,-1.9854, 3.1415,-0.2583, 0.2381, 1.4268, 0.2901, 0.6197,0
 0.0536, 0.0000,-1.9760, 3.1415,-0.2396, 0.8016, 4.6799, 0.2921, 0.6204,0
 0.0517, 0.0000,-1.9666, 3.1415,-0.1995, 0.9143, 4.6799, 0.2885, 0.6211,0
 0.0498, 0.0000,-1.9540, 3.1415,-0.1914, 1.1881, 4.6799, 0.2883, 0.6218,0
 0.0482, 0.0000,-1.9383, 3.1415,-0.1656, 1.4942, 4.6799, 0.2893, 0.6225,0
 0.0473, 0.0000,-1.9195, 3.1415,-0.1058, 1.8068, 4.6799, 0.2910, 0.6233,0
 0.0466, 0.0000,-1.8975, 3.1415,-0.0757, 2.1206, 4.6799, 0.2934, 0.6240,0
 0.0464, 0.0000,-1.8692, 3.1415,-0.0333, 2.6860, 4.6799, 0.3121, 0.6247,0
 0.0464, 0.0000,-1.8409, 3.1415,-0.0066, 2.7991, 4.6799, 0.3013, 0.6254,0
 0.0466, 0.0000,-1.8095, 3.1415, 0.0168, 3.0731, 4.6799, 0.3020, 0.6261,0
 0.0470, 0.0000,-1.7749, 3.1415, 0.0336, 3.3792, 4.6799, 0.3054, 0.6269,0
 0.0477, 0.0000,-1.7341, 3.1415, 0.0613, 3.9431, 4.6799, 0.3344, 0.6276,0
 0.0485, 0.0000,-1.6933, 3.1415, 0.0728, 4.0558, 4.6799, 0.3180, 0.6283,0
 0.0493, 0.0000,-1.6493, 3.1415, 0.0812, 4.3297, 4.6799, 0.3187, 0.6290,0
 0.0504, 0.0000,-1.6022, 3.1415, 0.1011, 4.6358, 3.4524, 0.3234, 0.6297,0
 0.0515, 0.0000,-1.5519, 3.1415, 0.1111, 4.9484,-4.6799, 0.3292, 0.6304,0
 0.0519, 0.0000,-1.4985, 3.1415, 0.0525, 5.2622,-4.6799, 0.3358, 0.6312,0
 0.0522, 0.0000,-1.4419, 3.1415, 0.0347, 5.5763,-4.6799, 0.3430, 0.6319,0
 0.0525, 0.0000,-1.3823, 3.1415, 0.0312, 5.8904,-4.6799, 0.3512, 0.6326,0
 0.0522, 0.0000,-1.3194, 3.1415,-0.0180, 6.2046,-4.6799, 0.3603, 0.6333,0
 0.0510, 0.0000,-1.2534, 3.1415,-0.0945, 6.5188,-4.6799, 0.3708, 0.6340,0
 0.0496, 0.0000,-1.1812, 3.1415,-0.1341, 7.0842,-4.6799, 0.4299, 0.6348,0
 0.0477, 0.0000,-1.1089, 3.1415,-0.1784, 7.1973,-4.6799, 0.4052, 0.6355,0
 0.0453, 0.0000,-1.0335, 3.1415,-0.2236, 7.4713,-4.6799, 0.4140, 0.6362,0
 0.0425, 0.0000,-0.9519, 3.1415,-0.2690, 8.0287,-4.6799, 0.4858, 0.6369,0
 0.0392, 0.0000,-0.8702, 3.1415,-0.3206, 8.1402,-4.6799, 0.4647, 0.6376,0
 0.0353, 0.0000,-0.7822, 3.1415,-0.3794, 8.6652,-4.6799, 0.5418, 0.6383,0
 0.0308, 0.0000,-0.6942, 3.1415,-0.4336, 8.7702,-4.6799, 0.5249, 0.6391,0
 0.0259, 0.0000,-0.6000, 3.1415,-0.4808, 9.2938,-4.6799, 0.6166, 0.6398,0
 0.0204, 0.0000,-0.5057, 3.1415,-0.5327, 9.3985,-4.6799, 0.6084, 0.6405,0
 0.0144, 0.0000,-0.4052, 3.1415,-0.5855, 9.9221, 4.6799, 0.7183, 0.6412,0
 0.0091, 0.0000,-0.3047, 3.1415,-0.5415, 10.0269, 4.6799, 0.7225, 0.6419,0
 0.0034, 0.0000,-0.2042, 3.1415,-0.5630, 10.0478, 4.6799, 0.7102, 0.6426,0
-0.0020, 0.0000,-0.1036, 3.1415,-0.5552, 10.0520, 4.6799, 0.7003, 0.6434,0
-0.0075, 0.0000,-0.0062, 3.1415,-0.5476, 9.8015,-4.6799, 0.6269, 0.6441,0
-0.0127, 0.0000, 0.0942, 3.1415,-0.5278, 10.0027, 4.6799, 0.6858, 0.6448,0
-0.0164, 0.0000, 0.1916, 3.1415,-0.4026, 9.7917,-4.6799, 0.6373, 0.6455,0
-0.0214, 0.0000, 0.2858, 3.1415,-0.4807, 9.4981,-4.6799, 0.5740, 0.6462,0
-0.0259, 0.0000, 0.3801, 3.1415,-0.4599, 9.4394,-4.6799, 0.5806, 0.6470,0
-0.0300, 0.0000, 0.4743, 3.1415,-0.4133, 9.4277,-4.6799, 0.6055, 0.6477,0
-0.0342, 0.0000, 0.5654, 3.1415,-0.4222, 9.1740,-4.6799, 0.5719, 0.6484,0
-0.0382, 0.0000, 0.6565, 3.1415,-0.4058, 9.1233,-4.6799, 0.5965, 0.6491,0
-0.0420, 0.0000, 0.7445, 3.1415,-0.3843, 8.8618,-4.6799, 0.5713, 0.6498,0
-0.0457, 0.0000, 0.8293, 3.1415,-0.3739, 8.5582,-4.6799, 0.5404, 0.6505,0
-0.0491, 0.0000, 0.9110, 3.1415,-0.3415, 8.2461,-4.6799, 0.5118, 0.6513,0
-0.0524, 0.0000, 0.9927, 3.1415,-0.3351, 8.1837,-4.6799, 0.5452, 0.6520,0
-0.0556, 0.0000, 1.0681, 3.1415,-0.3216, 7.6686,-4.6799, 0.4773, 0.6527,0
-0.0585, 0.0000, 1.1403, 3.1415,-0.2947, 7.3142,-4.6799, 0.4493, 0.6534,0
-0.0616, 0.0000, 1.2126, 3.1415,-0.3075, 7.2433,-4.6799, 0.4828, 0.6541,0
-0.0642, 0.0000, 1.2817, 3.1415,-0.2737, 6.9778,-4.6799, 0.4770, 0.6549,0
-0.0669, 0.0000, 1.3477, 3.1415,-0.2669, 6.6734,-4.6799, 0.4646, 0.6556,0
-0.0698, 0.0000, 1.4074, 3.1415,-0.2838, 6.1099,-4.6799, 0.4058, 0.6563,0
-0.0723, 0.0000, 1.4671, 3.1415,-0.2629, 5.9972,-4.6799, 0.4292, 0.6570,0
-0.0749, 0.0000, 1.5236, 3.1415,-0.2587, 5.7233,-3.9878, 0.4247, 0.6577,0
-0.0775, 0.0000, 1.5770, 3.1415,-0.2579, 5.4172, 4.6799, 0.4153, 0.6584,0
-0.0792, 0.0000, 1.6273, 3.1415,-0.1910, 5.1046, 4.6799, 0.4053, 0.6592,0
-0.0812, 0.0000, 1.6744, 3.1415,-0.1958, 4.7908, 4.6799, 0.3956, 0.6599,0
-0.0828, 0.0000, 1.7184, 3.1415,-0.1665, 4.4767, 4.6799, 0.3862, 0.6606,0
-0.0839, 0.0000, 1.7592, 3.1415,-0.1181, 4.1626, 4.6799, 0.3771, 0.6613,0
-0.0846, 0.0000, 1.8001, 3.1415,-0.0842, 4.0997, 4.6799, 0.3985, 0.6620,0
-0.0848, 0.0000, 1.8346, 3.1415,-0.0350, 3.5845, 4.6799, 0.3671, 0.6628,0
-0.0847, 0.0000, 1.8692, 3.1415, 0.0051, 3.4815, 4.6799, 0.3808, 0.6635,0
-0.0845, 0.0000, 1.9006, 3.1415, 0.0192, 3.2095, 4.6799, 0.3768, 0.6642,0
-0.0840, 0.0000, 1.9289, 3.1415, 0.0402, 2.9038, 4.6799, 0.3697, 0.6649,0
-0.0833, 0.0000, 1.9540, 3.1415, 0.0626, 2.5913, 4.6799, 0.3625, 0.6656,0
-0.0823, 0.0000, 1.9760, 3.1415, 0.0913, 2.2775, 4.6799, 0.3557, 0.6663,0
-0.0814, 0.0000, 1.9980, 3.1415, 0.0970, 2.2148, 4.6799, 0.3662, 0.6671,0
-0.0804, 0.0000, 2.0169, 3.1415, 0.0982, 1.9509, 4.6799, 0.3631, 0.6678,0
-0.0791, 0.0000, 2.0294, 3.1415, 0.1227, 1.3954, 4.6799, 0.3452, 0.6685,0
-0.0776, 0.0000, 2.0451, 3.1415, 0.1397, 1.5357, 4.6799, 0.3610, 0.6692,0
-0.0761, 0.0000, 2.0546, 3.1415, 0.1492, 1.0611, 4.6799, 0.3497, 0.6699,0
-0.0745, 0.0000, 2.0608, 3.1415, 0.1571, 0.7148, 4.6799, 0.3451, 0.6707,0
-0.0726, 0.0000, 2.0671, 3.1415, 0.1830, 0.6456, 4.6799, 0.3478, 0.6714,0
-0.0707, 0.0000, 2.0703, 3.1415, 0.1942, 0.3804, 4.6799, 0.3459, 0.6721,0
-0.0685, 0.0000, 2.0703, 3.1415, 0.2086, 0.0760, 4.6799, 0.3440, 0.6728,0
-0.0663, 0.0000, 2.0703, 3.1415, 0.2175, 0.0152, 3.1510, 0.3439, 0.6735,0
-0.0641, 0.0000, 2.0640, 3.1415, 0.2254,-0.4996,-4.6799, 0.3434, 0.6742,0
-0.0622, 0.0000, 2.0577, 3.1415, 0.1966,-0.6025,-4.6799, 0.3410, 0.6750,0
-0.0606, 0.0000, 2.0483, 3.1415, 0.1666,-0.8745,-4.6799, 0.3407, 0.6757,0
-0.0591, 0.0000, 2.0326, 3.1415, 0.1485,-1.4315,-4.6799, 0.3486, 0.6764,0
-0.0582, 0.0000, 2.0169, 3.1415, 0.1085,-1.5429,-4.6799, 0.3431, 0.6771,0
-0.0575, 0.0000, 1.9949, 3.1415, 0.0762,-2.0678,-4.6799, 0.3553, 0.6778,0
-0.0574, 0.0000, 1.9729, 3.1415, 0.0213,-2.1728,-4.6799, 0.3471, 0.6786,0
-0.0576, 0.0000, 1.9477, 3.1415,-0.0078,-2.4451,-4.6799, 0.3480, 0.6793,0
-0.0581, 0.0000, 1.9163, 3.1415,-0.0440,-3.0023,-4.6799, 0.3694, 0.6800,0
-0.0589, 0.0000, 1.8849, 3.1415,-0.0755,-3.1137,-4.6799, 0.3576, 0.6807,0
-0.0598, 0.0000, 1.8472, 3.1415,-0.0878,-3.6386,-4.6799, 0.3813, 0.6814,0
-0.0611, 0.0000, 1.8095, 3.1415,-0.1206,-3.7436,-4.6799, 0.3660, 0.6821,0
-0.0626, 0.0000, 1.7655, 3.1415,-0.1453,-4.2673,-4.6799, 0.3939, 0.6829,0
-0.0641, 0.0000, 1.7215, 3.1415,-0.1503,-4.3720,-4.6799, 0.3754, 0.6836,0
-0.0659, 0.0000, 1.6713, 3.1415,-0.1695,-4.8956,-4.6799, 0.4076, 0.6843,0
-0.0677, 0.0000, 1.6210, 3.1415,-0.1794,-5.0003,-4.6799, 0.3861, 0.6850,0
-0.0695, 0.0000, 1.5676, 3.1415,-0.1814,-5.2726, 3.9458, 0.3869, 0.6857,0
-0.0705, 0.0000, 1.5079, 3.1415,-0.1151,-5.8297, 4.6799, 0.4307, 0.6865,0
-0.0716, 0.0000, 1.4482, 3.1415,-0.1139,-5.9411, 4.6799, 0.4064, 0.6872,0
-0.0723, 0.0000, 1.3854, 3.1415,-0.0713,-6.2147, 4.6799, 0.4083, 0.6879,0
-0.0723, 0.0000, 1.3194, 3.1415,-0.0142,-6.5208, 4.6799, 0.4167, 0.6886,0
-0.0719, 0.0000, 1.2472, 3.1415, 0.0274,-7.0846, 4.6799, 0.4743, 0.6893,0
-0.0707, 0.0000, 1.1749, 3.1415, 0.0964,-7.1974, 4.6799, 0.4483, 0.6900,0
-0.0691, 0.0000, 1.0964, 3.1415, 0.1526,-7.7226, 4.6799, 0.5069, 0.6908,0
-0.0670, 0.0000, 1.0178, 3.1415, 0.1942,-7.8277, 4.6799, 0.4807, 0.6915,0
-0.0642, 0.0000, 0.9330, 3.1415, 0.2631,-8.3513, 4.6799, 0.5488, 0.6922,0
-0.0612, 0.0000, 0.8450, 3.1415, 0.2951,-8.7074, 4.6799, 0.5849, 0.6929,0
-0.0576, 0.0000, 0.7539, 3.1415, 0.3500,-9.0299, 4.6799, 0.6181, 0.6936,0
-0.0534, 0.0000, 0.6597, 3.1415, 0.4035,-9.3458, 4.6799, 0.6554, 0.6944,0
-0.0486, 0.0000, 0.5623, 3.1415, 0.4626,-9.6603,-4.6799, 0.6989, 0.6951,0
-0.0441, 0.0000, 0.4618, 3.1415, 0.4563,-9.9745,-4.6799, 0.7500, 0.6958,0
-0.0391, 0.0000, 0.3612, 3.1415, 0.4914,-10.0373,-4.6799, 0.7387, 0.6965,0
-0.0341, 0.0000, 0.2607, 3.1415, 0.4924,-10.0499,-4.6799, 0.7202, 0.6972,0
-0.0297, 0.0000, 0.1602, 3.1415, 0.4562,-10.0524,-4.6799, 0.7058, 0.6979,0
-0.0253, 0.0000, 0.0596, 3.1415, 0.4368,-10.0529,-2.6143, 0.6980, 0.6987,0
-0.0215, 0.0000,-0.0408, 3.1415, 0.3966,-10.0530, 0.4167, 0.6974, 0.6994,0
-0.0175, 0.0000,-0.1382, 3.1415, 0.3946,-9.8017, 4.6799, 0.6338, 0.7001,0
-0.0134, 0.0000,-0.2387, 3.1415, 0.4124,-10.0028,-4.5574, 0.7030, 0.7008,0
-0.0104, 0.0000,-0.3361, 3.1415, 0.3189,-9.7917, 4.6799, 0.6643, 0.7015,0
-0.0069, 0.0000,-0.4303, 3.1415, 0.3427,-9.4981, 4.6799, 0.6104, 0.7023,0
-0.0040, 0.0000,-0.5246, 3.1415, 0.3050,-9.4394, 4.6799, 0.6259, 0.7030,0
-0.0010, 0.0000,-0.6157, 3.1415, 0.2974,-9.1763, 4.6799, 0.5926, 0.7037,0
 0.0015, 0.0000,-0.7037, 3.1415, 0.2717,-8.8724, 4.6799, 0.5545, 0.7044,0
 0.0040, 0.0000,-0.7916, 3.1415, 0.2544,-8.8116, 4.6799, 0.5824, 0.7051,0
 0.0065, 0.0000,-0.8765, 3.1415, 0.2509,-8.5481, 4.6799, 0.5635, 0.7058,0
 0.0088, 0.0000,-0.9581, 3.1415, 0.2320,-8.2441, 4.6799, 0.5386, 0.7066,0
 0.0110, 0.0000,-1.0398, 3.1415, 0.2222,-8.1833, 4.6799, 0.5739, 0.7073,0
 0.0129, 0.0000,-1.1152, 3.1415, 0.1960,-7.6685, 4.6799, 0.5073, 0.7080,0
 0.0149, 0.0000,-1.1875, 3.1415, 0.1968,-7.3142, 4.6799, 0.4804, 0.7087,0
 0.0166, 0.0000,-1.2597, 3.1415, 0.1788,-7.2433, 4.6799, 0.5147, 0.7094,0
 0.0181, 0.0000,-1.3257, 3.1415, 0.1570,-6.7265, 4.6799, 0.4592, 0.7102,0
 0.0198, 0.0000,-1.3917, 3.1415, 0.1648,-6.6231, 4.6799, 0.4862, 0.7109,0
 0.0213, 0.0000,-1.4514, 3.1415, 0.1542,-6.0998, 4.6799, 0.4353, 0.7116,0
 0.0229, 0.0000,-1.5111, 3.1415, 0.1581,-5.9951, 4.6799, 0.4603, 0.7123,0
 0.0247, 0.0000,-1.5676, 3.1415, 0.1710,-5.7229, 0.9302, 0.4562, 0.7130,0
 0.0261, 0.0000,-1.6210, 3.1415, 0.1494,-5.4171,-4.6799, 0.4469, 0.7137,0
 0.0270, 0.0000,-1.6681, 3.1415, 0.1026,-4.8533,-4.6799, 0.3995, 0.7145,0
 0.0281, 0.0000,-1.7153, 3.1415, 0.1114,-4.7405,-4.6799, 0.4180, 0.7152,0
 0.0290, 0.0000,-1.7592, 3.1415, 0.0889,-4.4666,-4.6799, 0.4138, 0.7159,0
 0.0294, 0.0000,-1.8001, 3.1415, 0.0481,-4.1605,-4.6799, 0.4055, 0.7166,0
 0.0294, 0.0000,-1.8378, 3.1415, 0.0096,-3.8480,-4.6799, 0.3967, 0.7173,0
 0.0292, 0.0000,-1.8755, 3.1415,-0.0102,-3.7855,-4.6799, 0.4160, 0.7181,0
 0.0288, 0.0000,-1.9069, 3.1415,-0.0323,-3.2703,-4.6799, 0.3866, 0.7188,0
 0.0281, 0.0000,-1.9383, 3.1415,-0.0610,-3.1673,-4.6799, 0.3984, 0.7195,0
 0.0272, 0.0000,-1.9666, 3.1415,-0.0849,-2.8954,-4.6799, 0.3942, 0.7202,0
 0.0262, 0.0000,-1.9917, 3.1415,-0.0958,-2.5897,-4.6799, 0.3873, 0.7209,0
 0.0250, 0.0000,-2.0137, 3.1415,-0.1161,-2.2772,-4.6799, 0.3803, 0.7216,0
 0.0237, 0.0000,-2.0357, 3.1415,-0.1263,-2.2147,-4.6799, 0.3906, 0.7224,0
 0.0223, 0.0000,-2.0514, 3.1415,-0.1404,-1.6995,-4.6799, 0.3724, 0.7231,0
 0.0206, 0.0000,-2.0671, 3.1415,-0.1614,-1.5965,-4.6799, 0.3776, 0.7238,0
 0.0188, 0.0000,-2.0797, 3.1415,-0.1778,-1.3246,-4.6799, 0.3744, 0.7245,0
 0.0169, 0.0000,-2.0891, 3.1415,-0.1871,-1.0189,-4.6799, 0.3703, 0.7252,0
 0.0147, 0.0000,-2.0985, 3.1415,-0.2132,-0.9577,-4.6799, 0.3744, 0.7260,0
 0.0125, 0.0000,-2.1048, 3.1415,-0.2245,-0.6942,-4.6799, 0.3722, 0.7267,0
 0.0100, 0.0000,-2.1080, 3.1415,-0.2389,-0.3901,-4.6799, 0.3696, 0.7274,0
 0.0075, 0.0000,-2.1080, 3.1415,-0.2478,-0.0780,-1.5825, 0.3675, 0.7281,0
 0.0049, 0.0000,-2.1080, 3.1415,-0.2617,-0.0156, 1.3093, 0.3674, 0.7288,0
 0.0030, 0.0000,-2.1017, 3.1415,-0.2039, 0.4995, 4.6799, 0.3670, 0.7295,0
 0.0011, 0.0000,-2.0954, 3.1415,-0.1923, 0.6025, 4.6799, 0.3647, 0.7303,0
-0.0004, 0.0000,-2.0860, 3.1415,-0.1658, 0.8744, 4.6799, 0.3645, 0.7310,0
-0.0016, 0.0000,-2.0703, 3.1415,-0.1301, 1.4315, 4.6799, 0.3726, 0.7317,0
-0.0025, 0.0000,-2.0514, 3.1415,-0.0927, 1.7942, 4.6799, 0.3770, 0.7324,0
-0.0027, 0.0000,-2.0326, 3.1415,-0.0367, 1.8668, 4.6799, 0.3687, 0.7331,0
-0.0026, 0.0000,-2.0074, 3.1415,-0.0012, 2.3839, 4.6799, 0.3832, 0.7339,0
-0.0025, 0.0000,-1.9792, 3.1415, 0.0118, 2.7387, 4.6799, 0.3901, 0.7346,0
-0.0019, 0.0000,-1.9509, 3.1415, 0.0448, 2.8097, 4.6799, 0.3769, 0.7353,0
-0.0012, 0.0000,-1.9163, 3.1415, 0.0635, 3.3265, 4.6799, 0.3981, 0.7360,0
-0.0003, 0.0000,-1.8818, 3.1415, 0.0854, 3.4299, 4.6799, 0.3844, 0.7367,0
 0.0006, 0.0000,-1.8409, 3.1415, 0.1019, 3.9532, 4.6799, 0.4104, 0.7374,0
 0.0018, 0.0000,-1.8001, 3.1415, 0.1174, 4.0579, 4.6799, 0.3937, 0.7382,0
 0.0033, 0.0000,-1.7561, 3.1415, 0.1386, 4.3301, 4.6799, 0.3948, 0.7389,0
 0.0050, 0.0000,-1.7058, 3.1415, 0.1611, 4.8872, 4.6799, 0.4311, 0.7396,0
 0.0068, 0.0000,-1.6556, 3.1415, 0.1777, 4.9986, 4.6799, 0.4106, 0.7403,0
 0.0084, 0.0000,-1.6022, 3.1415, 0.1689, 5.2723, 4.6799, 0.4117, 0.7410,0
 0.0103, 0.0000,-1.5425, 3.1415, 0.1853, 5.8296,-4.3691, 0.4554, 0.7417,0
 0.0113, 0.0000,-1.4828, 3.1415, 0.1158, 5.9411,-4.6799, 0.4310, 0.7425,0
 0.0125, 0.0000,-1.4199, 3.1415, 0.1201, 6.2147,-4.6799, 0.4328, 0.7432,0
 0.0131, 0.0000,-1.3540, 3.1415, 0.0725, 6.5208,-4.6799, 0.4408, 0.7439,0
 0.0134, 0.0000,-1.2817, 3.1415, 0.0326, 7.0846,-4.6799, 0.4980, 0.7446,0
 0.0129, 0.0000,-1.2095, 3.1415,-0.0298, 7.1974,-4.6799, 0.4714, 0.7453,0
 0.0120, 0.0000,-1.1309, 3.1415,-0.0787, 7.7226,-4.6799, 0.5292, 0.7461,0
 0.0105, 0.0000,-1.0524, 3.1415,-0.1370, 7.8277,-4.6799, 0.5020, 0.7468,0
 0.0085, 0.0000,-0.9676, 3.1415,-0.1850, 8.3513,-4.6799, 0.5690, 0.7475,0
 0.0059, 0.0000,-0.8796, 3.1415,-0.2492, 8.7074,-4.6799, 0.6037, 0.7482,0
 0.0027, 0.0000,-0.7885, 3.1415,-0.3045, 9.0299,-4.6799, 0.6353, 0.7489,0
-0.0010, 0.0000,-0.6942, 3.1415,-0.3640, 9.3458,-4.6799, 0.6709, 0.7496,0
-0.0052, 0.0000,-0.5969, 3.1415,-0.4062, 9.6603,-4.6799, 0.7125, 0.7504,0
-0.0099, 0.0000,-0.4963, 3.1415,-0.4571, 9.9745, 4.6799, 0.7614, 0.7511,0
-0.0141, 0.0000,-0.3926, 3.1415,-0.4309, 10.2887, 4.6799, 0.8185, 0.7518,0
-0.0190, 0.0000,-0.2921, 3.1415,-0.4803, 10.1002,-4.6799, 0.7405, 0.7525,0
-0.0246, 0.0000,-0.1884, 3.1415,-0.5386, 10.3138, 4.6799, 0.7838, 0.7532,0
-0.0288, 0.0000,-0.0816, 3.1415,-0.4472, 10.6079, 4.6799, 0.8596, 0.7540,0
-0.0335, 0.0000, 0.0219, 3.1415,-0.4593, 10.4153, 4.6799, 0.8008, 0.7547,0
-0.0375, 0.0000, 0.1256, 3.1415,-0.4132, 10.3768, 4.6799, 0.7950, 0.7554,0
-0.0410, 0.0000, 0.2261, 3.1415,-0.3676, 10.1178,-4.6799, 0.7333, 0.7561,0
-0.0451, 0.0000, 0.3235, 3.1415,-0.4009, 9.8147,-4.6799, 0.6677, 0.7568,0
-0.0483, 0.0000, 0.4209, 3.1415,-0.3348, 9.7540,-4.6799, 0.6765, 0.7575,0
-0.0510, 0.0000, 0.5152, 3.1415,-0.2791, 9.4906,-4.6799, 0.6361, 0.7583,0
-0.0540, 0.0000, 0.6094, 3.1415,-0.2983, 9.4379,-4.6799, 0.6582, 0.7590,0
-0.0568, 0.0000, 0.7005, 3.1415,-0.2840, 9.1760,-4.6799, 0.6298, 0.7597,0
-0.0594, 0.0000, 0.7916, 3.1415,-0.2629, 9.1237,-4.6799, 0.6608, 0.7604,0
-0.0618, 0.0000, 0.8765, 3.1415,-0.2466, 8.6105,-4.6799, 0.5785, 0.7611,0
-0.0638, 0.0000, 0.9613, 3.1415,-0.2130, 8.5079,-4.6799, 0.6023, 0.7619,0
-0.0661, 0.0000, 1.0430, 3.1415,-0.2245, 8.2361,-4.6799, 0.5880, 0.7626,0
-0.0680, 0.0000, 1.1184, 3.1415,-0.1964, 7.6790,-4.6799, 0.5116, 0.7633,0
-0.0698, 0.0000, 1.1938, 3.1415,-0.1787, 7.5676,-4.6799, 0.5374, 0.7640,0
-0.0715, 0.0000, 1.2692, 3.1415,-0.1752, 7.5454,-4.6799, 0.5837, 0.7647,0
-0.0729, 0.0000, 1.3383, 3.1415,-0.1502, 7.0382,-4.6799, 0.5280, 0.7654,0
-0.0745, 0.0000, 1.4042, 3.1415,-0.1573, 6.6855,-4.6799, 0.5067, 0.7662,0
-0.0760, 0.0000, 1.4671, 3.1415,-0.1527, 6.3636,-4.6799, 0.4926, 0.7669,0
-0.0773, 0.0000, 1.5268, 3.1415,-0.1336, 6.0479,-4.6799, 0.4805, 0.7676,0
-0.0789, 0.0000, 1.5865, 3.1415,-0.1540, 5.9848, 4.6799, 0.5127, 0.7683,0
-0.0796, 0.0000, 1.6399, 3.1415,-0.0853, 5.4695, 4.6799, 0.4684, 0.7690,0
-0.0804, 0.0000, 1.6901, 3.1415,-0.0837, 5.1151, 4.6799, 0.4518, 0.7698,0
-0.0809, 0.0000, 1.7404, 3.1415,-0.0531, 5.0442, 4.6799, 0.4774, 0.7705,0
-0.0811, 0.0000, 1.7844, 3.1415,-0.0288, 4.5274, 4.6799, 0.4392, 0.7712,0
-0.0810, 0.0000, 1.8284, 3.1415, 0.0063, 4.4240, 4.6799, 0.4569, 0.7719,0
-0.0804, 0.0000, 1.8692, 3.1415, 0.0497, 4.1520, 4.6799, 0.4525, 0.7726,0
-0.0795, 0.0000, 1.9069, 3.1415, 0.0766, 3.8463, 4.6799, 0.4439, 0.7733,0
-0.0786, 0.0000, 1.9415, 3.1415, 0.0880, 3.5338, 4.6799, 0.4349, 0.7741,0
-0.0776, 0.0000, 1.9760, 3.1415, 0.0964, 3.4713, 4.6799, 0.4518, 0.7748,0
-0.0764, 0.0000, 2.0043, 3.1415, 0.1163, 2.9562, 4.6799, 0.4240, 0.7755,0
-0.0748, 0.0000, 2.0326, 3.1415, 0.1505, 2.8532, 4.6799, 0.4339, 0.7762,0
-0.0731, 0.0000, 2.0577, 3.1415, 0.1695, 2.5812, 4.6799, 0.4292, 0.7769,0
-0.0713, 0.0000, 2.0797, 3.1415, 0.1794, 2.2755, 4.6799, 0.4223, 0.7777,0
-0.0693, 0.0000, 2.1017, 3.1415, 0.1935, 2.2144, 4.6799, 0.4322, 0.7784,0
-0.0671, 0.0000, 2.1205, 3.1415, 0.2145, 1.9508, 4.6799, 0.4284, 0.7791,0
-0.0648, 0.0000, 2.1362, 3.1415, 0.2248, 1.6468, 4.6799, 0.4227, 0.7798,0
-0.0624, 0.0000, 2.1488, 3.1415, 0.2389, 1.3346, 4.6799, 0.4173, 0.7805,0
-0.0600, 0.0000, 2.1582, 3.1415, 0.2418, 1.0209, 4.6799, 0.4126, 0.7812,0
-0.0572, 0.0000, 2.1676, 3.1415, 0.2666, 0.9581, 4.6799, 0.4164, 0.7820,0
-0.0545, 0.0000, 2.1739, 3.1415, 0.2716, 0.6942, 4.6799, 0.4141, 0.7827,0
-0.0517, 0.0000, 2.1771, 3.1415, 0.2786, 0.3901, 4.6799, 0.4113, 0.7834,0
-0.0488, 0.0000, 2.1802, 3.1415, 0.2922, 0.3293, 4.6799, 0.4125, 0.7841,0
-0.0458, 0.0000, 2.1802, 3.1415, 0.2949, 0.0658, 3.3653, 0.4111, 0.7848,0
-0.0428, 0.0000, 2.1771, 3.1415, 0.3015,-0.2381,-4.5947, 0.4100, 0.7856,0
-0.0404, 0.0000, 2.1708, 3.1415, 0.2482,-0.5502,-4.6799, 0.4097, 0.7863,0
-0.0379, 0.0000, 2.1614, 3.1415, 0.2497,-0.8640,-4.6799, 0.4103, 0.7870,0
-0.0358, 0.0000, 2.1488, 3.1415, 0.2197,-1.1781,-4.6799, 0.4117, 0.7877,0
-0.0341, 0.0000, 2.1331, 3.1415, 0.1773,-1.4922,-4.6799, 0.4140, 0.7884,0
-0.0329, 0.0000, 2.1142, 3.1415, 0.1324,-1.8064,-4.6799, 0.4170, 0.7891,0
-0.0322, 0.0000, 2.0923, 3.1415, 0.0871,-2.1205,-4.6799, 0.4206, 0.7899,0
-0.0317, 0.0000, 2.0671, 3.1415, 0.0538,-2.4347,-4.6799, 0.4249, 0.7906,0
-0.0316, 0.0000, 2.0388, 3.1415, 0.0168,-2.7488,-4.6799, 0.4297, 0.7913,0
-0.0319, 0.0000, 2.0074, 3.1415,-0.0148,-3.0630,-4.6799, 0.4350, 0.7920,0
-0.0323, 0.0000, 1.9729, 3.1415,-0.0393,-3.3772,-4.6799, 0.4407, 0.7927,0
-0.0331, 0.0000, 1.9352, 3.1415,-0.0685,-3.6913,-4.6799, 0.4467, 0.7935,0
-0.0340, 0.0000, 1.8943, 3.1415,-0.0864,-4.0055,-4.6799, 0.4529, 0.7942,0
-0.0350, 0.0000, 1.8535, 3.1415,-0.0961,-4.0683,-4.6799, 0.4320, 0.7949,0
-0.0363, 0.0000, 1.8064, 3.1415,-0.1223,-4.5835,-4.6799, 0.4617, 0.7956,0
-0.0376, 0.0000, 1.7561, 3.1415,-0.1336,-4.9379,-4.6799, 0.4737, 0.7963,0
-0.0391, 0.0000, 1.7027, 3.1415,-0.1419,-5.2601,-4.6799, 0.4818, 0.7970,0
-0.0407, 0.0000, 1.6461, 3.1415,-0.1557,-5.5759,-4.6799, 0.4893, 0.7978,0
-0.0424, 0.0000, 1.5896, 3.1415,-0.1706,-5.6390,-3.4957, 0.4587, 0.7985,0
-0.0441, 0.0000, 1.5268, 3.1415,-0.1735,-6.1543, 4.6799, 0.4986, 0.7992,0
-0.0447, 0.0000, 1.4608, 3.1415,-0.0832,-6.5087, 4.6799, 0.5142, 0.7999,0
-0.0458, 0.0000, 1.3948, 3.1415,-0.1015,-6.5796, 4.6799, 0.4803, 0.8006,0
-0.0463, 0.0000, 1.3226, 3.1415,-0.0566,-7.0964, 4.6799, 0.5286, 0.8014,0
-0.0462, 0.0000, 1.2472, 3.1415,-0.0052,-7.4511, 4.6799, 0.5489, 0.8021,0
-0.0456, 0.0000, 1.1686, 3.1415, 0.0474,-7.7734, 4.6799, 0.5649, 0.8028,0
-0.0443, 0.0000, 1.0901, 3.1415, 0.1125,-7.8378, 4.6799, 0.5280, 0.8035,0
-0.0425, 0.0000, 1.0053, 3.1415, 0.1619,-8.3534, 4.6799, 0.5921, 0.8042,0
-0.0404, 0.0000, 0.9173, 3.1415, 0.2021,-8.7078, 4.6799, 0.6250, 0.8049,0
-0.0377, 0.0000, 0.8230, 3.1415, 0.2587,-9.2813, 4.6799, 0.7177, 0.8057,0
-0.0343, 0.0000, 0.7288, 3.1415, 0.3245,-9.3960, 4.6799, 0.7003, 0.8064,0
-0.0303, 0.0000, 0.6314, 3.1415, 0.3802,-9.6703, 4.6799, 0.7296, 0.8071,0
-0.0259, 0.0000, 0.5277, 3.1415, 0.4277,-10.2278,-4.6799, 0.8441, 0.8078,0
-0.0219, 0.0000, 0.4241, 3.1415, 0.4129,-10.3393,-4.6799, 0.8421, 0.8085,0
-0.0171, 0.0000, 0.3204, 3.1415, 0.4645,-10.3616,-4.6799, 0.8215, 0.8093,0
-0.0126, 0.0000, 0.2136, 3.1415, 0.4506,-10.6174,-4.6799, 0.8764, 0.8100,0
-0.0084, 0.0000, 0.1099, 3.1415, 0.4296,-10.4172, 2.8637, 0.8055, 0.8107,0
-0.0038, 0.0000, 0.0031, 3.1415, 0.4497,-10.6285,-4.6799, 0.8634, 0.8114,0
-0.0001, 0.0000,-0.1005, 3.1415, 0.3870,-10.4195, 4.6799, 0.8054, 0.8121,0
 0.0042, 0.0000,-0.2042, 3.1415, 0.4290,-10.3777, 4.6799, 0.8045, 0.8128,0
 0.0080, 0.0000,-0.3078, 3.1415, 0.3889,-10.3693,-4.6799, 0.8209, 0.8136,0
 0.0112, 0.0000,-0.4084, 3.1415, 0.3324,-10.1163, 4.6799, 0.7737, 0.8143,0
 0.0144, 0.0000,-0.5089, 3.1415, 0.3272,-10.0657, 4.6799, 0.7913, 0.8150,0
 0.0175, 0.0000,-0.6063, 3.1415, 0.3140,-9.8043, 4.6799, 0.7556, 0.8157,0
 0.0205, 0.0000,-0.7005, 3.1415, 0.2992,-9.5006, 4.6799, 0.7147, 0.8164,0
 0.0227, 0.0000,-0.7916, 3.1415, 0.2356,-9.1886, 4.6799, 0.6774, 0.8172,0
 0.0250, 0.0000,-0.8827, 3.1415, 0.2351,-9.1262, 4.6799, 0.7100, 0.8179,0
 0.0272, 0.0000,-0.9676, 3.1415, 0.2228,-8.6110, 4.6799, 0.6307, 0.8186,0
 0.0294, 0.0000,-1.0524, 3.1415, 0.2143,-8.5080, 4.6799, 0.6576, 0.8193,0
 0.0310, 0.0000,-1.1341, 3.1415, 0.1762,-8.2361, 4.6799, 0.6459, 0.8200,0
 0.0325, 0.0000,-1.2126, 3.1415, 0.1504,-7.9304, 4.6799, 0.6287, 0.8207,0
 0.0340, 0.0000,-1.2880, 3.1415, 0.1513,-7.6179, 4.6799, 0.6121, 0.8215,0
 0.0353, 0.0000,-1.3603, 3.1415, 0.1394,-7.3041, 4.6799, 0.5968, 0.8222,0
 0.0367, 0.0000,-1.4294, 3.1415, 0.1370,-6.9900, 4.6799, 0.5828, 0.8229,0
 0.0376, 0.0000,-1.4953, 3.1415, 0.1001,-6.6758, 4.6799, 0.5698, 0.8236,0
 0.0388, 0.0000,-1.5582, 3.1415, 0.1109,-6.3617, 3.5762, 0.5575, 0.8243,0
 0.0399, 0.0000,-1.6179, 3.1415, 0.1131,-6.0475,-4.6799, 0.5458, 0.8251,0
 0.0401, 0.0000,-1.6744, 3.1415, 0.0408,-5.7334,-4.6799, 0.5345, 0.8258,0
 0.0404, 0.0000,-1.7278, 3.1415, 0.0324,-5.4192,-4.6799, 0.5234, 0.8265,0
 0.0405, 0.0000,-1.7812, 3.1415, 0.0125,-5.3564,-4.6799, 0.5517, 0.8272,0
 0.0403, 0.0000,-1.8284, 3.1415,-0.0156,-4.8412,-4.6799, 0.5110, 0.8279,0
 0.0396, 0.0000,-1.8755, 3.1415,-0.0577,-4.7381,-4.6799, 0.5297, 0.8286,0
 0.0386, 0.0000,-1.9195, 3.1415,-0.0903,-4.4662,-4.6799, 0.5246, 0.8294,0
 0.0373, 0.0000,-1.9603, 3.1415,-0.1211,-4.1604,-4.6799, 0.5150, 0.8301,0
 0.0358, 0.0000,-1.9980, 3.1415,-0.1454,-3.8480,-4.6799, 0.5048, 0.8308,0
 0.0341, 0.0000,-2.0326, 3.1415,-0.1624,-3.5342,-4.6799, 0.4948, 0.8315,0
 0.0322, 0.0000,-2.0671, 3.1415,-0.1901,-3.4714,-4.6799, 0.5106, 0.8322,0
 0.0300, 0.0000,-2.0985, 3.1415,-0.2138,-3.2075,-4.6799, 0.5056, 0.8330,0
 0.0278, 0.0000,-2.1268, 3.1415,-0.2186,-2.9034,-4.6799, 0.4970, 0.8337,0
 0.0255, 0.0000,-2.1551, 3.1415,-0.2256,-2.8426,-4.6799, 0.5092, 0.8344,0
 0.0228, 0.0000,-2.1771, 3.1415,-0.2634,-2.3278,-4.6799, 0.4850, 0.8351,0
 0.0201, 0.0000,-2.1991, 3.1415,-0.2648,-2.2248,-4.6799, 0.4913, 0.8358,0
 0.0173, 0.0000,-2.2211, 3.1415,-0.2773,-2.2042,-4.6799, 0.5027, 0.8365,0
 0.0144, 0.0000,-2.2368, 3.1415,-0.2919,-1.6974,-4.6799, 0.4840, 0.8373,0
 0.0113, 0.0000,-2.2525, 3.1415,-0.3009,-1.5961,-4.6799, 0.4881, 0.8380,0
 0.0081, 0.0000,-2.2650, 3.1415,-0.3148,-1.3245,-4.6799, 0.4840, 0.8387,0
 0.0047, 0.0000,-2.2776, 3.1415,-0.3358,-1.2702,-4.6799, 0.4889, 0.8394,0
 0.0013, 0.0000,-2.2870, 3.1415,-0.3400,-1.0080,-4.6799, 0.4857, 0.8401,0
-0.0021, 0.0000,-2.2933, 3.1415,-0.3469,-0.7042,-4.6799, 0.4818, 0.8409,0
-0.0057, 0.0000,-2.2965, 3.1415,-0.3604,-0.3921,-4.6799, 0.4787, 0.8416,0
-0.0096, 0.0000,-2.2996, 3.1415,-0.3813,-0.3297,-4.6799, 0.4797, 0.8423,0
-0.0133, 0.0000,-2.3027, 3.1415,-0.3733,-0.3172,-4.6799, 0.4813, 0.8430,0
-0.0172, 0.0000,-2.3027, 3.1415,-0.3839,-0.0634, 1.5352, 0.4799, 0.8437,0
-0.0203, 0.0000,-2.2965, 3.1415,-0.3253, 0.4899, 4.6799, 0.4799, 0.8444,0
-0.0236, 0.0000,-2.2902, 3.1415,-0.3318, 0.6006, 4.6799, 0.4782, 0.8452,0
-0.0265, 0.0000,-2.2807, 3.1415,-0.2967, 0.8741, 4.6799, 0.4787, 0.8459,0
-0.0291, 0.0000,-2.2682, 3.1415,-0.2655, 1.1801, 4.6799, 0.4806, 0.8466,0
-0.0310, 0.0000,-2.2525, 3.1415,-0.2107, 1.4926, 4.6799, 0.4836, 0.8473,0
-0.0325, 0.0000,-2.2336, 3.1415,-0.1634, 1.8064, 4.6799, 0.4875, 0.8480,0
-0.0338, 0.0000,-2.2116, 3.1415,-0.1296, 2.1205, 4.6799, 0.4923, 0.8487,0
-0.0344, 0.0000,-2.1834, 3.1415,-0.0744, 2.6860, 4.6799, 0.5139, 0.8495,0
-0.0347, 0.0000,-2.1551, 3.1415,-0.0391, 2.7991, 4.6799, 0.5058, 0.8502,0
-0.0345, 0.0000,-2.1237, 3.1415, 0.0042, 3.0731, 4.6799, 0.5093, 0.8509,0
-0.0341, 0.0000,-2.0860, 3.1415, 0.0372, 3.6305, 4.6799, 0.5383, 0.8516,0
-0.0333, 0.0000,-2.0483, 3.1415, 0.0680, 3.7420, 4.6799, 0.5260, 0.8523,0
-0.0324, 0.0000,-2.0074, 3.1415, 0.0863, 4.0156, 4.6799, 0.5294, 0.8531,0
-0.0312, 0.0000,-1.9634, 3.1415, 0.1142, 4.3217, 4.6799, 0.5362, 0.8538,0
-0.0297, 0.0000,-1.9132, 3.1415, 0.1380, 4.8855, 4.6799, 0.5752, 0.8545,0
-0.0282, 0.0000,-1.8629, 3.1415, 0.1488, 4.9983, 4.6799, 0.5566, 0.8552,0
-0.0267, 0.0000,-1.8095, 3.1415, 0.1510, 5.2722, 4.6799, 0.5589, 0.8559,0
-0.0250, 0.0000,-1.7530, 3.1415, 0.1636, 5.5783, 4.6799, 0.5657, 0.8566,0
-0.0234, 0.0000,-1.6933, 3.1415, 0.1661, 5.8908, 4.6799, 0.5735, 0.8574,0
-0.0217, 0.0000,-1.6336, 3.1415, 0.1666, 5.9533, 4.6799, 0.5412, 0.8581,0
-0.0201, 0.0000,-1.5676, 3.1415, 0.1606, 6.4685, 3.8399, 0.5835, 0.8588,0
-0.0186, 0.0000,-1.4985, 3.1415, 0.1533, 6.8229,-4.6799, 0.5998, 0.8595,0
-0.0181, 0.0000,-1.4262, 3.1415, 0.0731, 7.1451,-4.6799, 0.6113, 0.8602,0
-0.0174, 0.0000,-1.3508, 3.1415, 0.0691, 7.4608,-4.6799, 0.6226, 0.8610,0
-0.0172, 0.0000,-1.2723, 3.1415, 0.0259, 7.7753,-4.6799, 0.6352, 0.8617,0
-0.0179, 0.0000,-1.1906, 3.1415,-0.0493, 8.0895,-4.6799, 0.6497, 0.8624,0
-0.0190, 0.0000,-1.1058, 3.1415,-0.1008, 8.4037,-4.6799, 0.6667, 0.8631,0
-0.0209, 0.0000,-1.0178, 3.1415,-0.1656, 8.7179,-4.6799, 0.6869, 0.8638,0
-0.0235, 0.0000,-0.9236, 3.1415,-0.2453, 9.2834,-4.6799, 0.7735, 0.8645,0
-0.0266, 0.0000,-0.8293, 3.1415,-0.2916, 9.3965,-4.6799, 0.7511, 0.8653,0
-0.0302, 0.0000,-0.7288, 3.1415,-0.3493, 9.9217,-4.5406, 0.8425, 0.8660,0
-0.0347, 0.0000,-0.6251, 3.1415,-0.4336, 10.2781, 4.6799, 0.8966, 0.8667,0
-0.0384, 0.0000,-0.5215, 3.1415,-0.3777, 10.3494, 4.6799, 0.8769, 0.8674,0
-0.0430, 0.0000,-0.4146, 3.1415,-0.4454, 10.6150, 4.6799, 0.9202, 0.8681,0
-0.0474, 0.0000,-0.3047, 3.1415,-0.4407, 10.9194, 4.6799, 0.9842, 0.8689,0
-0.0518, 0.0000,-0.1979, 3.1415,-0.4398, 10.7290, 4.6799, 0.9074, 0.8696,0
-0.0558, 0.0000,-0.0911, 3.1415,-0.4093, 10.6909, 4.6799, 0.8850, 0.8703,0
-0.0593, 0.0000, 0.0157, 3.1415,-0.3607, 10.6833, 4.6799, 0.8798, 0.8710,0
-0.0623, 0.0000, 0.1193, 3.1415,-0.3086, 10.4304,-4.6799, 0.8101, 0.8717,0
-0.0659, 0.0000, 0.2230, 3.1415,-0.3527, 10.3799,-4.6799, 0.8080, 0.8724,0
-0.0687, 0.0000, 0.3267, 3.1415,-0.2948, 10.3697,-4.6799, 0.8253, 0.8732,0
-0.0713, 0.0000, 0.4272, 3.1415,-0.2711, 10.1164,-4.6799, 0.7792, 0.8739,0
-0.0738, 0.0000, 0.5277, 3.1415,-0.2543, 10.0657,-4.6799, 0.7980, 0.8746,0
-0.0763, 0.0000, 0.6251, 3.1415,-0.2509, 9.8043,-4.6799, 0.7634, 0.8753,0
-0.0786, 0.0000, 0.7225, 3.1415,-0.2320, 9.7520,-4.6799, 0.7927, 0.8760,0
-0.0807, 0.0000, 0.8168, 3.1415,-0.2101, 9.4902,-4.6799, 0.7693, 0.8768,0
-0.0826, 0.0000, 0.9079, 3.1415,-0.1996, 9.1865,-4.6799, 0.7395, 0.8775,0
-0.0845, 0.0000, 0.9927, 3.1415,-0.1854, 8.6231,-4.6799, 0.6486, 0.8782,0
-0.0862, 0.0000, 1.0807, 3.1415,-0.1765, 8.7617,-4.6799, 0.7367, 0.8789,0
-0.0876, 0.0000, 1.1623, 3.1415,-0.1505, 8.2868,-4.6799, 0.6762, 0.8796,0
-0.0889, 0.0000, 1.2409, 3.1415,-0.1271, 7.9405,-4.6799, 0.6501, 0.8803,0
-0.0900, 0.0000, 1.3194, 3.1415,-0.1163, 7.8713,-4.6799, 0.6888, 0.8811,0
-0.0911, 0.0000, 1.3917, 3.1415,-0.1081, 7.3547,-4.6799, 0.6293, 0.8818,0
-0.0920, 0.0000, 1.4608, 3.1415,-0.0943, 7.0001,-4.6799, 0.6072, 0.8825,0
-0.0928, 0.0000, 1.5299, 3.1415,-0.0855, 6.9292,-4.6799, 0.6428, 0.8832,0
-0.0936, 0.0000, 1.5927, 3.1415,-0.0838, 6.4123, 4.6799, 0.5914, 0.8839,0
-0.0936, 0.0000, 1.6556, 3.1415,-0.0167, 6.3090, 4.6799, 0.6180, 0.8847,0
-0.0938, 0.0000, 1.7121, 3.1415,-0.0154, 5.7857, 4.6799, 0.5698, 0.8854,0
-0.0935, 0.0000, 1.7687, 3.1415, 0.0211, 5.6810, 4.6799, 0.5930, 0.8861,0
-0.0929, 0.0000, 1.8221, 3.1415, 0.0527, 5.4087, 4.6799, 0.5881, 0.8868,0
-0.0919, 0.0000, 1.8723, 3.1415, 0.0893, 5.1029, 4.6799, 0.5778, 0.8875,0
-0.0906, 0.0000, 1.9195, 3.1415, 0.1209, 4.7905, 4.6799, 0.5666, 0.8882,0
-0.0890, 0.0000, 1.9634, 3.1415, 0.1515, 4.4766, 4.6799, 0.5553, 0.8890,0
-0.0873, 0.0000, 2.0074, 3.1415, 0.1636, 4.4139, 4.6799, 0.5764, 0.8897,0
-0.0854, 0.0000, 2.0451, 3.1415, 0.1843, 3.8987, 4.6799, 0.5408, 0.8904,0
-0.0834, 0.0000, 2.0828, 3.1415, 0.2005, 3.7956, 4.6799, 0.5535, 0.8911,0
-0.0811, 0.0000, 2.1205, 3.1415, 0.2220, 3.7750, 4.6799, 0.5747, 0.8918,0
-0.0787, 0.0000, 2.1519, 3.1415, 0.2384, 3.2682, 4.6799, 0.5437, 0.8926,0
-0.0761, 0.0000, 2.1834, 3.1415, 0.2538, 3.1669, 4.6799, 0.5533, 0.8933,0
-0.0732, 0.0000, 2.2116, 3.1415, 0.2811, 2.8953, 4.6799, 0.5467, 0.8940,0
-0.0704, 0.0000, 2.2368, 3.1415, 0.2866, 2.5896, 4.6799, 0.5375, 0.8947,0
-0.0673, 0.0000, 2.2619, 3.1415, 0.2998, 2.5285, 4.6799, 0.5472, 0.8954,0
-0.0641, 0.0000, 2.2839, 3.1415, 0.3206, 2.2649, 4.6799, 0.5416, 0.8961,0
-0.0609, 0.0000, 2.3027, 3.1415, 0.3188, 1.9609, 4.6799, 0.5337, 0.8969,0
-0.0576, 0.0000, 2.3216, 3.1415, 0.3305, 1.9001, 4.6799, 0.5404, 0.8976,0
-0.0541, 0.0000, 2.3373, 3.1415, 0.3450, 1.6366, 4.6799, 0.5356, 0.8983,0
-0.0505, 0.0000, 2.3530, 3.1415, 0.3539, 1.5839, 4.6799, 0.5412, 0.8990,0
-0.0469, 0.0000, 2.3656, 3.1415, 0.3618, 1.3221, 4.6799, 0.5370, 0.8997,0
-0.0432, 0.0000, 2.3750, 3.1415, 0.3694, 1.0183, 4.6799, 0.5317, 0.9005,0
-0.0393, 0.0000, 2.3844, 3.1415, 0.3831, 0.9576, 4.6799, 0.5347, 0.9012,0
-0.0354, 0.0000, 2.3907, 3.1415, 0.3858, 0.6941, 4.6799, 0.5317, 0.9019,0
-0.0313, 0.0000, 2.3938, 3.1415, 0.4045, 0.3901, 4.6799, 0.5286, 0.9026,0
-0.0272, 0.0000, 2.3970, 3.1415, 0.4083, 0.3293, 4.6799, 0.5295, 0.9033,0
-0.0231, 0.0000, 2.4001, 3.1415, 0.4151, 0.3171, 4.6799, 0.5310, 0.9040,0
-0.0189, 0.0000, 2.3970, 3.1415, 0.4165,-0.1878,-4.6799, 0.5285, 0.9048,0
-0.0155, 0.0000, 2.3938, 3.1415, 0.3561,-0.2889,-4.6799, 0.5277, 0.9055,0
-0.0118, 0.0000, 2.3876, 3.1415, 0.3622,-0.5604,-4.6799, 0.5278, 0.9062,0
-0.0086, 0.0000, 2.3781, 3.1415, 0.3331,-0.8660,-4.6799, 0.5293, 0.9069,0
-0.0059, 0.0000, 2.3656, 3.1415, 0.2849,-1.1785,-4.6799, 0.5319, 0.9076,0
-0.0034, 0.0000, 2.3499, 3.1415, 0.2510,-1.4923,-4.6799, 0.5357, 0.9084,0
-0.0015, 0.0000, 2.3310, 3.1415, 0.2017,-1.8064,-4.6799, 0.5405, 0.9091,0
-0.0002, 0.0000, 2.3090, 3.1415, 0.1494,-2.1205,-4.6799, 0.5462, 0.9098,0
 0.0008, 0.0000, 2.2839, 3.1415, 0.1147,-2.4347,-4.6799, 0.5527, 0.9105,0
 0.0012, 0.0000, 2.2556, 3.1415, 0.0593,-2.7488,-4.6799, 0.5600, 0.9112,0
 0.0014, 0.0000, 2.2242, 3.1415, 0.0239,-3.0630,-4.6799, 0.5679, 0.9119,0
 0.0012, 0.0000, 2.1896, 3.1415,-0.0133,-3.3772,-4.6799, 0.5762, 0.9127,0
 0.0005, 0.0000, 2.1519, 3.1415,-0.0572,-3.6913,-4.6799, 0.5850, 0.9134,0
-0.0003, 0.0000, 2.1111, 3.1415,-0.0781,-4.0055,-4.6799, 0.5940, 0.9141,0
-0.0014, 0.0000, 2.0703, 3.1415,-0.1065,-4.0683,-4.6799, 0.5756, 0.9148,0
-0.0028, 0.0000, 2.0231, 3.1415,-0.1304,-4.5835,-4.6799, 0.6080, 0.9155,0
-0.0041, 0.0000, 1.9729, 3.1415,-0.1352,-4.9379,-4.6799, 0.6224, 0.9163,0
-0.0059, 0.0000, 1.9195, 3.1415,-0.1665,-5.2601,-4.6799, 0.6327, 0.9170,0
-0.0078, 0.0000, 1.8661, 3.1415,-0.1848,-5.3246,-4.6799, 0.6059, 0.9177,0
-0.0097, 0.0000, 1.8064, 3.1415,-0.1885,-5.8401,-4.6799, 0.6451, 0.9184,0
-0.0116, 0.0000, 1.7467, 3.1415,-0.1953,-5.9432,-4.6799, 0.6201, 0.9191,0
-0.0136, 0.0000, 1.6807, 3.1415,-0.1967,-6.4665,-4.6799, 0.6642, 0.9198,0
-0.0155, 0.0000, 1.6147, 3.1415,-0.1909,-6.5711,-4.6799, 0.6360, 0.9206,0
-0.0174, 0.0000, 1.5425, 3.1415,-0.1897,-7.0947, 3.0746, 0.6843, 0.9213,0
-0.0181, 0.0000, 1.4702, 3.1415,-0.0985,-7.1994, 4.6799, 0.6535, 0.9220,0
-0.0191, 0.0000, 1.3948, 3.1415,-0.0985,-7.4717, 4.6799, 0.6558, 0.9227,0
-0.0195, 0.0000, 1.3131, 3.1415,-0.0500,-8.0288, 4.6799, 0.7195, 0.9234,0
-0.0194, 0.0000, 1.2315, 3.1415, 0.0021,-8.1402, 4.6799, 0.6887, 0.9242,0
-0.0184, 0.0000, 1.1435, 3.1415, 0.0731,-8.6652, 4.6799, 0.7536, 0.9249,0
-0.0167, 0.0000, 1.0524, 3.1415, 0.1540,-9.0215, 4.6799, 0.7836, 0.9256,0
-0.0145, 0.0000, 0.9581, 3.1415, 0.2066,-9.3441, 4.6799, 0.8094, 0.9263,0
-0.0117, 0.0000, 0.8607, 3.1415, 0.2656,-9.6599, 4.6799, 0.8383, 0.9270,0
-0.0081, 0.0000, 0.7602, 3.1415, 0.3381,-9.9744, 4.6799, 0.8724, 0.9277,0
-0.0042, 0.0000, 0.6565, 3.1415, 0.3829,-10.2886, 1.5917, 0.9132, 0.9285,0
 0.0002, 0.0000, 0.5466, 3.1415, 0.4343,-10.8542,-4.6799, 1.0359, 0.9292,0
 0.0044, 0.0000, 0.4366, 3.1415, 0.4264,-10.9672,-4.6799, 1.0332, 0.9299,0
 0.0094, 0.0000, 0.3267, 3.1415, 0.4854,-10.9899,-4.6799, 1.0107, 0.9306,0
 0.0141, 0.0000, 0.2136, 3.1415, 0.4730,-11.2457,-4.6799, 1.0687, 0.9313,0
 0.0187, 0.0000, 0.1005, 3.1415, 0.4644,-11.2969,-4.6799, 1.0722, 0.9321,0
 0.0228, 0.0000,-0.0094, 3.1415, 0.4203,-11.0558,-4.6799, 0.9931, 0.9328,0
 0.0265, 0.0000,-0.1193, 3.1415, 0.3751,-11.0076,-4.6799, 0.9833, 0.9335,0
 0.0297, 0.0000,-0.2261, 3.1415, 0.3357,-10.7466, 4.6799, 0.9170, 0.9342,0
 0.0334, 0.0000,-0.3330, 3.1415, 0.3581,-10.6944, 4.6799, 0.9225, 0.9349,0
 0.0360, 0.0000,-0.4366, 3.1415, 0.2838,-10.4326, 4.6799, 0.8730, 0.9356,0
 0.0387, 0.0000,-0.5403, 3.1415, 0.2689,-10.3803, 4.6799, 0.8927, 0.9364,0
 0.0411, 0.0000,-0.6408, 3.1415, 0.2478,-10.1185, 4.6799, 0.8577, 0.9371,0
 0.0435, 0.0000,-0.7382, 3.1415, 0.2375,-9.8148, 4.6799, 0.8175, 0.9378,0
 0.0457, 0.0000,-0.8325, 3.1415, 0.2294,-9.5027, 4.6799, 0.7809, 0.9385,0
 0.0475, 0.0000,-0.9267, 3.1415, 0.1853,-9.4403, 4.6799, 0.8165, 0.9392,0
 0.0490, 0.0000,-1.0178, 3.1415, 0.1583,-9.1765, 4.6799, 0.8018, 0.9400,0
 0.0504, 0.0000,-1.1058, 3.1415, 0.1468,-8.8724, 4.6799, 0.7801, 0.9407,0
 0.0517, 0.0000,-1.1906, 3.1415, 0.1324,-8.5603, 4.6799, 0.7594, 0.9414,0
 0.0527, 0.0000,-1.2723, 3.1415, 0.1053,-8.2465, 4.6799, 0.7409, 0.9421,0
 0.0535, 0.0000,-1.3477, 3.1415, 0.0816,-7.6811, 4.6799, 0.6671, 0.9428,0
 0.0542, 0.0000,-1.4231, 3.1415, 0.0769,-7.5680, 4.6799, 0.6962, 0.9435,0
 0.0549, 0.0000,-1.4953, 3.1415, 0.0699,-7.2941, 4.6799, 0.6907, 0.9443,0
 0.0555, 0.0000,-1.5676, 3.1415, 0.0625,-7.2393, 2.2247, 0.7314, 0.9450,0
 0.0560, 0.0000,-1.6336, 3.1415, 0.0488,-6.7257,-4.6799, 0.6783, 0.9457,0
 0.0557, 0.0000,-1.6964, 3.1415,-0.0144,-6.3717,-4.6799, 0.6583, 0.9464,0
 0.0554, 0.0000,-1.7561, 3.1415,-0.0210,-6.0495,-4.6799, 0.6447, 0.9471,0
 0.0550, 0.0000,-1.8126, 3.1415,-0.0405,-5.7338,-4.6799, 0.6322, 0.9478,0
 0.0541, 0.0000,-1.8692, 3.1415,-0.0748,-5.6706,-4.6799, 0.6613, 0.9486,0
 0.0529, 0.0000,-1.9226, 3.1415,-0.1180,-5.4067,-4.6799, 0.6567, 0.9493,0
 0.0514, 0.0000,-1.9697, 3.1415,-0.1388,-4.8512,-4.6799, 0.6084, 0.9500,0
 0.0497, 0.0000,-2.0200, 3.1415,-0.1672,-4.9914,-4.6799, 0.6606, 0.9507,0
 0.0475, 0.0000,-2.0640, 3.1415,-0.2032,-4.5168,-4.6799, 0.6256, 0.9514,0
 0.0453, 0.0000,-2.1048, 3.1415,-0.2164,-4.1706,-4.6799, 0.6090, 0.9522,0
 0.0430, 0.0000,-2.1457, 3.1415,-0.2312,-4.1013,-4.6799, 0.6259, 0.9529,0
 0.0403, 0.0000,-2.1865, 3.1415,-0.2645,-4.0875,-4.6799, 0.6486, 0.9536,0
 0.0375, 0.0000,-2.2211, 3.1415,-0.2711,-3.5821,-4.6799, 0.6143, 0.9543,0
 0.0347, 0.0000,-2.2556, 3.1415,-0.2846,-3.4810,-4.6799, 0.6238, 0.9550,0
 0.0315, 0.0000,-2.2870, 3.1415,-0.3115,-3.2094,-4.6799, 0.6156, 0.9557,0
 0.0282, 0.0000,-2.3153, 3.1415,-0.3230,-2.9038,-4.6799, 0.6046, 0.9565,0
 0.0249, 0.0000,-2.3436, 3.1415,-0.3313,-2.8427,-4.6799, 0.6144, 0.9572,0
 0.0214, 0.0000,-2.3719, 3.1415,-0.3451,-2.8304,-4.6799, 0.6278, 0.9579,0
 0.0176, 0.0000,-2.3938, 3.1415,-0.3722,-2.3253,-4.6799, 0.6022, 0.9586,0
 0.0139, 0.0000,-2.4190, 3.1415,-0.3715,-2.4756,-4.6799, 0.6244, 0.9593,0
 0.0101, 0.0000,-2.4378, 3.1415,-0.3774,-2.0031,-4.6799, 0.6036, 0.9601,0
 0.0061, 0.0000,-2.4567, 3.1415,-0.3968,-1.9085,-4.6799, 0.6071, 0.9608,0
 0.0020, 0.0000,-2.4755, 3.1415,-0.4067,-1.8896,-4.6799, 0.6146, 0.9615,0
-0.0021, 0.0000,-2.4912, 3.1415,-0.4209,-1.6345,-4.6799, 0.6089, 0.9622,0
-0.0065, 0.0000,-2.5038, 3.1415,-0.4358,-1.3322,-4.6799, 0.6017, 0.9629,0
-0.0109, 0.0000,-2.5164, 3.1415,-0.4388,-1.2717,-4.6799, 0.6049, 0.9636,0
-0.0154, 0.0000,-2.5289, 3.1415,-0.4455,-1.2596,-4.6799, 0.6097, 0.9644,0
-0.0200, 0.0000,-2.5384, 3.1415,-0.4589,-1.0059,-4.6799, 0.6055, 0.9651,0
-0.0247, 0.0000,-2.5478, 3.1415,-0.4677,-0.9551,-4.6799, 0.6079, 0.9658,0
-0.0295, 0.0000,-2.5541, 3.1415,-0.4755,-0.6936,-4.6799, 0.6044, 0.9665,0
-0.0344, 0.0000,-2.5603, 3.1415,-0.4892,-0.6413,-4.6799, 0.6059, 0.9672,0
-0.0395, 0.0000,-2.5635, 3.1415,-0.5040,-0.3796,-4.6799, 0.6034, 0.9680,0
-0.0446, 0.0000,-2.5666, 3.1415,-0.5070,-0.3272,-4.6799, 0.6041, 0.9687,0
-0.0498, 0.0000,-2.5698, 3.1415,-0.5197,-0.3167,-3.6261, 0.6052, 0.9694,0
-0.0551, 0.0000,-2.5698, 3.1415,-0.5223,-0.0633, 4.5849, 0.6039, 0.9701,0
-0.0592, 0.0000,-2.5666, 3.1415,-0.4379, 0.2386, 4.6799, 0.6034, 0.9708,0
-0.0639, 0.0000,-2.5635, 3.1415,-0.4635, 0.2990, 4.6799, 0.6026, 0.9715,0
-0.0680, 0.0000,-2.5541, 3.1415,-0.4201, 0.8137, 4.6799, 0.6069, 0.9723,0
-0.0717, 0.0000,-2.5415, 3.1415,-0.3811, 1.1680, 4.6799, 0.6117, 0.9730,0
-0.0748, 0.0000,-2.5289, 3.1415,-0.3248, 1.2389, 4.6799, 0.6089, 0.9737,0
-0.0774, 0.0000,-2.5132, 3.1415,-0.2711, 1.5044, 4.6799, 0.6126, 0.9744,0
-0.0795, 0.0000,-2.4912, 3.1415,-0.2179, 2.0601, 4.6799, 0.6309, 0.9751,0
-0.0810, 0.0000,-2.4692, 3.1415,-0.1648, 2.1713, 4.6799, 0.6278, 0.9759,0
-0.0821, 0.0000,-2.4410, 3.1415,-0.1239, 2.6962, 4.6799, 0.6507, 0.9766,0
-0.0829, 0.0000,-2.4127, 3.1415,-0.0854, 2.8011, 4.6799, 0.6455, 0.9773,0
-0.0830, 0.0000,-2.3781, 3.1415,-0.0292, 3.3248, 4.6799, 0.6735, 0.9780,0
-0.0829, 0.0000,-2.3436, 3.1415, 0.0002, 3.4295, 4.6799, 0.6660, 0.9787,0
-0.0824, 0.0000,-2.3059, 3.1415, 0.0424, 3.7018, 4.6799, 0.6734, 0.9794,0
-0.0817, 0.0000,-2.2650, 3.1415, 0.0691, 4.0076, 4.6799, 0.6843, 0.9802,0
-0.0807, 0.0000,-2.2211, 3.1415, 0.0865, 4.3201, 4.6799, 0.6960, 0.9809,0
-0.0797, 0.0000,-2.1739, 3.1415, 0.1022, 4.6339, 4.6799, 0.7079, 0.9816,0
-0.0784, 0.0000,-2.1268, 3.1415, 0.1235, 4.6967, 4.6799, 0.6878, 0.9823,0
-0.0770, 0.0000,-2.0734, 3.1415, 0.1399, 5.2118, 4.6799, 0.7262, 0.9830,0
-0.0754, 0.0000,-2.0200, 3.1415, 0.1492, 5.3149, 4.6799, 0.7073, 0.9838,0
-0.0738, 0.0000,-1.9634, 3.1415, 0.1571, 5.5868, 4.6799, 0.7117, 0.9845,0
-0.0721, 0.0000,-1.9006, 3.1415, 0.1708, 6.1439, 4.6799, 0.7610, 0.9852,0
-0.0703, 0.0000,-1.8378, 3.1415, 0.1796, 6.2553, 4.6799, 0.7372, 0.9859,0
-0.0684, 0.0000,-1.7718, 3.1415, 0.1875, 6.5289, 4.6799, 0.7401, 0.9866,0
-0.0666, 0.0000,-1.7027, 3.1415, 0.1830, 6.8349, 4.6799, 0.7485, 0.9873,0
-0.0648, 0.0000,-1.6304, 3.1415, 0.1760, 7.1475, 4.6799, 0.7580, 0.9881,0
-0.0631, 0.0000,-1.5550, 3.1415, 0.1746, 7.4613, 4.6799, 0.7681, 0.9888,0
-0.0614, 0.0000,-1.4765, 3.1415, 0.1683, 7.7754,-4.6799, 0.7788, 0.9895,0
-0.0608, 0.0000,-1.3948, 3.1415, 0.0821, 8.0896,-4.6799, 0.7905, 0.9902,0
-0.0603, 0.0000,-1.3100, 3.1415, 0.0588, 8.4037,-4.6799, 0.8035, 0.9909,0
-0.0603, 0.0000,-1.2220, 3.1415, 0.0117, 8.7179,-4.6799, 0.8186, 0.9917,0
-0.0611, 0.0000,-1.1309, 3.1415,-0.0643, 9.0320,-4.6799, 0.8363, 0.9924,0
-0.0626, 0.0000,-1.0335, 3.1415,-0.1280, 9.5975,-4.6799, 0.9221, 0.9931,0
-0.0648, 0.0000,-0.9361, 3.1415,-0.2014, 9.7106,-4.6799, 0.8944, 0.9938,0
-0.0677, 0.0000,-0.8325, 3.1415,-0.2767, 10.2359, 4.6799, 0.9835, 0.9945,0
-0.0701, 0.0000,-0.7257, 3.1415,-0.2493, 10.5923, 4.6799, 1.0336, 0.9952,0
-0.0735, 0.0000,-0.6188, 3.1415,-0.3166, 10.6635, 4.6799, 1.0070, 0.9960,0
-0.0769, 0.0000,-0.5089, 3.1415,-0.3361, 10.9291, 4.6799, 1.0451, 0.9967,0
-0.0803, 0.0000,-0.3958, 3.1415,-0.3400, 11.2336, 4.6799, 1.1041, 0.9974,0
-0.0834, 0.0000,-0.2858, 3.1415,-0.3166, 11.0431, 4.6799, 1.0183, 0.9981,0
-0.0863, 0.0000,-0.1727, 3.1415,-0.2937, 11.2564, 4.6799, 1.0665, 0.9988,0
-0.0889, 0.0000,-0.0628, 3.1415,-0.2649, 11.0477,-2.3037, 0.9920, 0.9996,0
-0.0920, 0.0000, 0.0502, 3.1415,-0.3015, 11.2573, 4.6799, 1.0570, 1.0003,0
-0.0936, 0.0000, 0.1602, 3.1415,-0.1937, 11.0479, 2.9279, 0.9998, 1.0010,0
-0.0954, 0.0000, 0.2670, 3.1415,-0.1781, 10.7547,-4.6799, 0.9266, 1.0017,0
-0.0973, 0.0000, 0.3738, 3.1415,-0.1932, 10.6960,-4.6799, 0.9331, 1.0024,0
-0.0988, 0.0000, 0.4806, 3.1415,-0.1538, 10.6843,-4.6799, 0.9614, 1.0031,0
-0.0998, 0.0000, 0.5811, 3.1415,-0.1156, 10.1793,-4.6799, 0.8504, 1.0039,0
-0.1008, 0.0000, 0.6848, 3.1415,-0.1019, 10.3296,-4.6799, 0.9376, 1.0046,0
-0.1015, 0.0000, 0.7822, 3.1415,-0.0749, 9.8570,-4.6799, 0.8509, 1.0053,0
-0.1024, 0.0000, 0.8796, 3.1415,-0.0877, 9.7625,-4.6799, 0.8765, 1.0060,0
-0.1030, 0.0000, 0.9707, 3.1415,-0.0660, 9.2410,-4.6799, 0.7900, 1.0067,0
-0.1033, 0.0000, 1.0618, 3.1415,-0.0314, 9.1366,-4.6799, 0.8188, 1.0075,0
-0.1036, 0.0000, 1.1498, 3.1415,-0.0305, 8.8645,-4.6799, 0.8066, 1.0082,0
-0.1036, 0.0000, 1.2346, 3.1415,-0.0121, 8.5587,-4.6799, 0.7886, 1.0089,0
-0.1039, 0.0000, 1.3163, 3.1415,-0.0206, 8.2462,-4.6799, 0.7712, 1.0096,0
-0.1038, 0.0000, 1.3948, 3.1415, 0.0019, 7.9324,-4.6799, 0.7552, 1.0103,0
-0.1037, 0.0000, 1.4702, 3.1415, 0.0064, 7.6183,-4.6799, 0.7404, 1.0110,0
-0.1038, 0.0000, 1.5456, 3.1415,-0.0047, 7.5555,-4.6799, 0.7811, 1.0118,0
-0.1038, 0.0000, 1.6147, 3.1415,-0.0009, 7.0403, 4.6799, 0.7254, 1.0125,0
-0.1033, 0.0000, 1.6807, 3.1415, 0.0361, 6.6859, 4.6799, 0.7046, 1.0132,0
-0.1025, 0.0000, 1.7467, 3.1415, 0.0739, 6.6150, 4.6799, 0.7383, 1.0139,0
-0.1017, 0.0000, 1.8064, 3.1415, 0.0814, 6.0982, 4.6799, 0.6882, 1.0146,0
-0.1007, 0.0000, 1.8661, 3.1415, 0.0951, 5.9948, 4.6799, 0.7121, 1.0154,0
-0.0992, 0.0000, 1.9226, 3.1415, 0.1342, 5.7228, 4.6799, 0.7060, 1.0161,0
-0.0974, 0.0000, 1.9760, 3.1415, 0.1723, 5.4171, 4.6799, 0.6939, 1.0168,0
-0.0955, 0.0000, 2.0263, 3.1415, 0.1860, 5.1046, 4.6799, 0.6807, 1.0175,0
-0.0933, 0.0000, 2.0734, 3.1415, 0.2130, 4.7908, 4.6799, 0.6672, 1.0182,0
-0.0909, 0.0000, 2.1205, 3.1415, 0.2366, 4.7280, 4.6799, 0.6881, 1.0189,0
-0.0882, 0.0000, 2.1645, 3.1415, 0.2595, 4.4641, 4.6799, 0.6807, 1.0197,0
-0.0854, 0.0000, 2.2053, 3.1415, 0.2762, 4.1600, 4.6799, 0.6680, 1.0204,0
-0.0826, 0.0000, 2.2462, 3.1415, 0.2856, 4.0992, 4.6799, 0.6842, 1.0211,0
-0.0795, 0.0000, 2.2839, 3.1415, 0.2996, 3.8357, 4.6799, 0.6757, 1.0218,0
-0.0762, 0.0000, 2.3184, 3.1415, 0.3267, 3.5317, 4.6799, 0.6628, 1.0225,0
-0.0726, 0.0000, 2.3530, 3.1415, 0.3503, 3.4709, 4.6799, 0.6748, 1.0233,0
-0.0691, 0.0000, 2.3844, 3.1415, 0.3550, 3.2074, 4.6799, 0.6659, 1.0240,0
-0.0654, 0.0000, 2.4158, 3.1415, 0.3681, 3.1547, 4.6799, 0.6764, 1.0247,0
-0.0615, 0.0000, 2.4441, 3.1415, 0.3828, 2.8928, 4.6799, 0.6675, 1.0254,0
-0.0575, 0.0000, 2.4692, 3.1415, 0.3979, 2.5892, 4.6799, 0.6556, 1.0261,0
-0.0535, 0.0000, 2.4944, 3.1415, 0.4009, 2.5284, 4.6799, 0.6623, 1.0268,0
-0.0494, 0.0000, 2.5195, 3.1415, 0.4076, 2.5162, 4.6799, 0.6722, 1.0276,0
-0.0450, 0.0000, 2.5415, 3.1415, 0.4271, 2.2625, 4.6799, 0.6643, 1.0283,0
-0.0407, 0.0000, 2.5635, 3.1415, 0.4310, 2.2118, 4.6799, 0.6699, 1.0290,0
-0.0363, 0.0000, 2.5823, 3.1415, 0.4378, 1.9503, 4.6799, 0.6619, 1.0297,0
-0.0318, 0.0000, 2.6012, 3.1415, 0.4513, 1.8980, 4.6799, 0.6662, 1.0304,0
-0.0272, 0.0000, 2.6169, 3.1415, 0.4540, 1.6362, 4.6799, 0.6589, 1.0312,0
-0.0226, 0.0000, 2.6326, 3.1415, 0.4606, 1.5838, 4.6799, 0.6622, 1.0319,0
-0.0178, 0.0000, 2.6483, 3.1415, 0.4741, 1.5734, 4.6799, 0.6671, 1.0326,0
-0.0129, 0.0000, 2.6609, 3.1415, 0.4889, 1.3199, 4.6799, 0.6611, 1.0333,0
-0.0080, 0.0000, 2.6703, 3.1415, 0.4919, 1.0179, 4.6799, 0.6543, 1.0340,0
-0.0029, 0.0000, 2.6829, 3.1415, 0.5046, 1.2089, 4.6799, 0.6643, 1.0347,0
 0.0021, 0.0000, 2.6923, 3.1415, 0.5132, 0.9957, 4.6799, 0.6607, 1.0355,0
 0.0074, 0.0000, 2.6986, 3.1415, 0.5210, 0.7018, 4.6799, 0.6556, 1.0362,0
 0.0128, 0.0000, 2.7080, 3.1415, 0.5347, 0.8943, 4.6799, 0.6628, 1.0369,0
 0.0181, 0.0000, 2.7143, 3.1415, 0.5374, 0.6815, 4.6799, 0.6600, 1.0376,0
 0.0237, 0.0000, 2.7174, 3.1415, 0.5501, 0.3876, 4.6799, 0.6565, 1.0383,0
 0.0293, 0.0000, 2.7237, 3.1415, 0.5587, 0.5801, 4.6799, 0.6610, 1.0391,0
 0.0349, 0.0000, 2.7269, 3.1415, 0.5604, 0.3673, 4.6799, 0.6591, 1.0398,0
 0.0406, 0.0000, 2.7300, 3.1415, 0.5668, 0.3248, 4.6799, 0.6596, 1.0405,0
 0.0464, 0.0000, 2.7300, 3.1415, 0.5802, 0.0649,-3.8682, 0.6581, 1.0412,0
 0.0515, 0.0000, 2.7331, 3.1415, 0.5222, 0.2643, 1.4935, 0.6600, 1.0419,0
 0.0574, 0.0000, 2.7300, 3.1415, 0.5774,-0.1984,-4.6799, 0.6586, 1.0426,0
 0.0623, 0.0000, 2.7269, 3.1415, 0.5095,-0.2910,-4.6799, 0.6584, 1.0434,0
 0.0672, 0.0000, 2.7206, 3.1415, 0.4899,-0.5608,-4.6799, 0.6598, 1.0441,0
 0.0715, 0.0000, 2.7111, 3.1415, 0.4436,-0.8661,-4.6799, 0.6631, 1.0448,0
 0.0755, 0.0000, 2.7017, 3.1415, 0.4100,-0.9272,-4.6799, 0.6617, 1.0455,0
 0.0790, 0.0000, 2.6860, 3.1415, 0.3609,-1.4420,-4.6799, 0.6739, 1.0462,0
 0.0819, 0.0000, 2.6703, 3.1415, 0.3025,-1.5450,-4.6799, 0.6732, 1.0469,0
 0.0845, 0.0000, 2.6515, 3.1415, 0.2666,-1.8169,-4.6799, 0.6797, 1.0477,0
 0.0865, 0.0000, 2.6295, 3.1415, 0.2170,-2.1226,-4.6799, 0.6890, 1.0484,0
 0.0881, 0.0000, 2.6043, 3.1415, 0.1707,-2.4351,-4.6799, 0.6999, 1.0491,0
 0.0893, 0.0000, 2.5792, 3.1415, 0.1311,-2.4976,-4.6799, 0.6948, 1.0498,0
 0.0901, 0.0000, 2.5478, 3.1415, 0.0868,-3.0127,-4.6799, 0.7222, 1.0505,0
 0.0904, 0.0000, 2.5164, 3.1415, 0.0476,-3.1158,-4.6799, 0.7181, 1.0513,0
 0.0906, 0.0000, 2.4787, 3.1415, 0.0216,-3.6390,-4.6799, 0.7514, 1.0520,0
 0.0902, 0.0000, 2.4410, 3.1415,-0.0259,-3.7437,-4.6799, 0.7451, 1.0527,0
 0.0897, 0.0000, 2.4001, 3.1415,-0.0476,-4.0160,-4.6799, 0.7554, 1.0534,0
 0.0889, 0.0000, 2.3593, 3.1415,-0.0701,-4.0704,-4.6799, 0.7413, 1.0541,0
 0.0878, 0.0000, 2.3122, 3.1415,-0.1049,-4.5840,-4.6799, 0.7791, 1.0548,0
 0.0865, 0.0000, 2.2650, 3.1415,-0.1240,-4.6867,-4.6799, 0.7669, 1.0556,0
 0.0851, 0.0000, 2.2116, 3.1415,-0.1339,-5.2098,-4.6799, 0.8093, 1.0563,0
 0.0836, 0.0000, 2.1582, 3.1415,-0.1480,-5.3145,-4.6799, 0.7934, 1.0570,0
 0.0818, 0.0000, 2.1017, 3.1415,-0.1751,-5.5867,-4.6799, 0.8005, 1.0577,0
 0.0801, 0.0000, 2.0451, 3.1415,-0.1744,-5.6412,-4.6799, 0.7735, 1.0584,0
 0.0782, 0.0000, 1.9823, 3.1415,-0.1864,-6.1548,-4.6799, 0.8176, 1.0592,0
 0.0760, 0.0000, 1.9163, 3.1415,-0.2070,-6.5088,-4.6799, 0.8363, 1.0599,0
 0.0739, 0.0000, 1.8503, 3.1415,-0.2111,-6.5796,-4.6799, 0.8042, 1.0606,0
 0.0718, 0.0000, 1.7781, 3.1415,-0.2120,-7.0964,-4.6799, 0.8528, 1.0613,0
 0.0696, 0.0000, 1.7027, 3.1415,-0.2182,-7.4511,-4.6799, 0.8717, 1.0620,0
 0.0675, 0.0000, 1.6273, 3.1415,-0.2134,-7.5220,-4.6799, 0.8327, 1.0627,0
 0.0656, 0.0000, 1.5488, 3.1415,-0.1942,-7.7876,-4.5684, 0.8332, 1.0635,0
 0.0637, 0.0000, 1.4639, 3.1415,-0.1904,-8.3433, 4.6799, 0.8980, 1.0642,0
 0.0632, 0.0000, 1.3791, 3.1415,-0.0805,-8.4545, 4.6799, 0.8639, 1.0649,0
 0.0624, 0.0000, 1.2911, 3.1415,-0.0767,-8.7280, 4.6799, 0.8683, 1.0656,0
 0.0625, 0.0000, 1.1969, 3.1415,-0.0092,-9.2854, 4.6799, 0.9448, 1.0663,0
 0.0631, 0.0000, 1.0995, 3.1415, 0.0466,-9.6482, 4.6799, 0.9772, 1.0671,0
 0.0645, 0.0000, 1.0021, 3.1415, 0.1245,-9.7207, 4.6799, 0.9362, 1.0678,0
 0.0669, 0.0000, 0.8953, 3.1415, 0.2128,-10.4892,-4.6799, 1.0913, 1.0685,0
 0.0689, 0.0000, 0.7885, 3.1415, 0.2062,-10.6429,-4.6799, 1.0796, 1.0692,0
 0.0714, 0.0000, 0.6785, 3.1415, 0.2413,-10.9250,-4.6799, 1.1119, 1.0699,0
 0.0746, 0.0000, 0.5686, 3.1415, 0.3029,-10.9814,-4.6799, 1.0832, 1.0706,0
 0.0776, 0.0000, 0.4555, 3.1415, 0.3031,-11.2440,-4.6799, 1.1251, 1.0714,0
 0.0804, 0.0000, 0.3392, 3.1415, 0.2849,-11.5479,-4.6799, 1.1898, 1.0721,0
 0.0834, 0.0000, 0.2261, 3.1415, 0.2934,-11.3573,-4.6799, 1.1060, 1.0728,0
 0.0857, 0.0000, 0.1099, 3.1415, 0.2466,-11.5705,-4.6799, 1.1605, 1.0735,0
 0.0880, 0.0000,-0.0031, 3.1415, 0.2312,-11.3619,-4.6799, 1.0892, 1.0742,0
 0.0900, 0.0000,-0.1162, 3.1415, 0.2038,-11.3201,-4.6799, 1.0808, 1.0750,0
 0.0911, 0.0000,-0.2293, 3.1415, 0.1317,-11.3118,-4.6799, 1.0921, 1.0757,0
 0.0920, 0.0000,-0.3392, 3.1415, 0.0930,-11.0588, 4.6799, 1.0350, 1.0764,0
 0.0929, 0.0000,-0.4429, 3.1415, 0.0974,-10.5055, 4.6799, 0.8963, 1.0771,0
 0.0933, 0.0000,-0.5497, 3.1415, 0.0498,-10.6462, 4.6799, 0.9745, 1.0778,0
 0.0934, 0.0000,-0.6503, 3.1415, 0.0160,-10.1717, 4.6799, 0.8769, 1.0785,0
 0.0932, 0.0000,-0.7508, 3.1415,-0.0089,-10.0768, 4.6799, 0.8965, 1.0793,0
 0.0931, 0.0000,-0.8513, 3.1415,-0.0139,-10.0578, 4.6799, 0.9430, 1.0800,0
 0.0930, 0.0000,-0.9456, 3.1415,-0.0088,-9.5513, 4.6799, 0.8569, 1.0807,0
 0.0926, 0.0000,-1.0398, 3.1415,-0.0320,-9.4500, 4.6799, 0.8866, 1.0814,0
 0.0922, 0.0000,-1.1309, 3.1415,-0.0427,-9.1785, 4.6799, 0.8736, 1.0821,0
 0.0919, 0.0000,-1.2189, 3.1415,-0.0328,-8.8728, 4.6799, 0.8547, 1.0829,0
 0.0915, 0.0000,-1.3037, 3.1415,-0.0368,-8.5604, 4.6799, 0.8364, 1.0836,0
 0.0911, 0.0000,-1.3854, 3.1415,-0.0376,-8.2466, 4.6799, 0.8197, 1.0843,0
 0.0907, 0.0000,-1.4639, 3.1415,-0.0439,-7.9324, 4.6799, 0.8043, 1.0850,0
 0.0906, 0.0000,-1.5393, 3.1415,-0.0148,-7.6183, 4.6799, 0.7899, 1.0857,0
 0.0904, 0.0000,-1.6116, 3.1415,-0.0150,-7.3042,-4.6799, 0.7762, 1.0864,0
 0.0895, 0.0000,-1.6838, 3.1415,-0.0757,-7.2413,-4.6799, 0.8151, 1.0872,0
 0.0886, 0.0000,-1.7498, 3.1415,-0.0879,-6.7261,-4.6799, 0.7612, 1.0879,0
 0.0877, 0.0000,-1.8126, 3.1415,-0.0903,-6.3717,-4.6799, 0.7404, 1.0886,0
 0.0866, 0.0000,-1.8755, 3.1415,-0.1090,-6.3008,-4.6799, 0.7712, 1.0893,0
 0.0848, 0.0000,-1.9352, 3.1415,-0.1673,-6.0353,-4.6799, 0.7659, 1.0900,0
 0.0828, 0.0000,-1.9917, 3.1415,-0.1911,-5.7309,-4.6799, 0.7532, 1.0908,0
 0.0807, 0.0000,-2.0451, 3.1415,-0.2079,-5.4187,-4.6799, 0.7390, 1.0915,0
 0.0782, 0.0000,-2.0985, 3.1415,-0.2356,-5.3563,-4.6799, 0.7633, 1.0922,0
 0.0755, 0.0000,-2.1457, 3.1415,-0.2654,-4.8411,-4.6799, 0.7185, 1.0929,0
 0.0726, 0.0000,-2.1928, 3.1415,-0.2834,-4.7381,-4.6799, 0.7327, 1.0936,0
 0.0695, 0.0000,-2.2399, 3.1415,-0.3113,-4.7175,-4.6799, 0.7570, 1.0943,0
 0.0660, 0.0000,-2.2839, 3.1415,-0.3411,-4.4620,-4.6799, 0.7485, 1.0951,0
 0.0626, 0.0000,-2.3247, 3.1415,-0.3350,-4.1596,-4.6799, 0.7338, 1.0958,0
 0.0591, 0.0000,-2.3656, 3.1415,-0.3519,-4.0992,-4.6799, 0.7477, 1.0965,0
 0.0551, 0.0000,-2.4033, 3.1415,-0.3917,-3.8357,-4.6799, 0.7371, 1.0972,0
 0.0510, 0.0000,-2.4378, 3.1415,-0.4057,-3.5317,-4.6799, 0.7221, 1.0979,0
 0.0470, 0.0000,-2.4724, 3.1415,-0.3964,-3.4709,-4.6799, 0.7318, 1.0987,0
 0.0427, 0.0000,-2.5069, 3.1415,-0.4249,-3.4587,-4.6799, 0.7457, 1.0994,0
 0.0382, 0.0000,-2.5384, 3.1415,-0.4427,-3.2050,-4.6799, 0.7351, 1.1001,0
 0.0338, 0.0000,-2.5666, 3.1415,-0.4462,-2.9029,-4.6799, 0.7206, 1.1008,0
 0.0292, 0.0000,-2.5980, 3.1415,-0.4530,-3.0938,-4.6799, 0.7486, 1.1015,0
 0.0244, 0.0000,-2.6232, 3.1415,-0.4786,-2.6293,-4.6799, 0.7205, 1.1022,0
 0.0194, 0.0000,-2.6515, 3.1415,-0.4898,-2.7878,-4.6799, 0.7423, 1.1030,0
 0.0146, 0.0000,-2.6766, 3.1415,-0.4860,-2.5681,-4.6799, 0.7341, 1.1037,0
 0.0094, 0.0000,-2.7017, 3.1415,-0.5095,-2.5242,-4.6799, 0.7389, 1.1044,0
 0.0043, 0.0000,-2.7237, 3.1415,-0.5081,-2.2641,-4.6799, 0.7280, 1.1051,0
-0.0008, 0.0000,-2.7457, 3.1415,-0.5200,-2.2121,-4.6799, 0.7310, 1.1058,0
-0.0062, 0.0000,-2.7677, 3.1415,-0.5405,-2.2017,-4.6799, 0.7363, 1.1066,0
-0.0118, 0.0000,-2.7865, 3.1415,-0.5507,-1.9483,-4.6799, 0.7264, 1.1073,0
-0.0174, 0.0000,-2.8085, 3.1415,-0.5588,-2.1489,-4.6799, 0.7432, 1.1080,0
-0.0231, 0.0000,-2.8274, 3.1415,-0.5665,-1.9377,-4.6799, 0.7355, 1.1087,0
-0.0291, 0.0000,-2.8462, 3.1415,-0.5923,-1.8955,-4.6799, 0.7373, 1.1094,0
-0.0349, 0.0000,-2.8651, 3.1415,-0.5853,-1.8870,-4.6799, 0.7406, 1.1101,0
-0.0409, 0.0000,-2.8839, 3.1415,-0.5960,-1.8853,-4.6799, 0.7441, 1.1109,0
-0.0472, 0.0000,-2.8996, 3.1415,-0.6285,-1.6337,-4.6799, 0.7345, 1.1116,0
-0.0536, 0.0000,-2.9153, 3.1415,-0.6350,-1.5833,-4.6799, 0.7348, 1.1123,0
-0.0600, 0.0000,-2.9342, 3.1415,-0.6363,-1.8246,-4.6799, 0.7493, 1.1130,0
-0.0666, 0.0000,-2.9499, 3.1415,-0.6608,-1.6215,-4.6799, 0.7417, 1.1137,0
-0.0732, 0.0000,-2.9656, 3.1415,-0.6596,-1.5809,-4.6799, 0.7419, 1.1145,0
-0.0800, 0.0000,-2.9813, 3.1415,-0.6715,-1.5728,-4.6799, 0.7435, 1.1152,0
-0.0871, 0.0000,-2.9970, 3.1415,-0.7042,-1.5711,-4.6799, 0.7451, 1.1159,0
-0.0941, 0.0000,-3.0127, 3.1415,-0.6986,-1.5708,-4.6799, 0.7466, 1.1166,0
-0.1012, 0.0000,-3.0284, 3.1415,-0.7096,-1.5708,-4.6799, 0.7480, 1.1173,0
-0.1087, 0.0000,-3.0442, 3.1415,-0.7422,-1.5708, 4.6799, 0.7480, 1.1173,1
-0.1150, 0.0000,-3.0630, 3.1415,-0.6517,-1.8221, 4.6799, 0.7480, 1.1173,1
-0.1217, 0.0000,-3.0756, 3.1415,-0.6639,-1.3697, 4.6799, 0.7480, 1.1173,1
-0.1279, 0.0000,-3.0881, 3.1415,-0.6299,-1.2792, 4.6799, 0.7480, 1.1173,1
-0.1336, 0.0000,-3.0976, 3.1415,-0.5868,-1.0098, 4.6799, 0.7480, 1.1173,1
-0.1390, 0.0000,-3.1070, 3.1415,-0.5478,-0.9559, 4.6799, 0.7480, 1.1173,1
-0.1437, 0.0000,-3.1133, 3.1415,-0.4855,-0.6938, 1.0478, 0.7480, 1.1173,1
-0.1481, 0.0000,-3.1196, 3.1415,-0.4487,-0.6414, 1.5130, 0.7480, 1.1173,1
-0.1521, 0.0000,-3.1227, 3.1415,-0.4111,-0.3795,-4.6799, 0.7480, 1.1173,1
-0.1567, 0.0000,-3.1258, 3.1415,-0.4460,-0.3272,-4.6799, 0.7480, 1.1173,1
-0.1608, 0.0000,-3.1290, 3.1415,-0.4166,-0.3167,-4.6799, 0.7480, 1.1173,1
-0.1648, 0.0000,-3.1353, 3.1415,-0.4046,-0.5660, 3.0060, 0.7480, 1.1173,1
-0.1684, 0.0000,-3.1415, 3.1415,-0.3719,-0.6158, 4.6799, 0.7480, 1.1173,1
-0.1721, 0.0000,-3.1447, 3.1415,-0.3654,-0.3745,-3.7231, 0.7480, 1.1173,1
-0.1762, 0.0000,-3.1478, 3.1415,-0.4065,-0.3262,-4.6799, 0.7480, 1.1173,1
-0.1802, 0.0000,-3.1510, 3.1415,-0.3966,-0.3165,-4.6799, 0.7480, 1.1173,1
-0.1838, 0.0000,-3.1541, 3.1415,-0.3703,-0.3146,-4.6799, 0.7480, 1.1173,1
-0.1877, 0.0000,-3.1604, 3.1415,-0.3833,-0.5655, 4.6799, 0.7480, 1.1173,1
-0.1909, 0.0000,-3.1635, 3.1415,-0.3373,-0.3644, 1.3368, 0.7480, 1.1173,1
-0.1947, 0.0000,-3.1667, 3.1415,-0.3645,-0.3242,-1.8597, 0.7480, 1.1173,1
-0.1984, 0.0000,-3.1667, 3.1415,-0.3700,-0.0648,-4.6799, 0.7480, 1.1173,1
-0.2021, 0.0000,-3.1698, 3.1415,-0.3711,-0.2642,-4.6799, 0.7480, 1.1173,1
-0.2057, 0.0000,-3.1730, 3.1415,-0.3652,-0.3042,-1.8523, 0.7480, 1.1173,1
-0.2094, 0.0000,-3.1761, 3.1415,-0.3701,-0.3121,-1.0112, 0.7480, 1.1173,1
-0.2131, 0.0000,-3.1792, 3.1415,-0.3650,-0.3137, 0.0270, 0.7480, 1.1173,1
-0.2167, 0.0000,-3.1855, 3.1415,-0.3640,-0.5653, 4.6799, 0.7480, 1.1173,1
-0.2195, 0.0000,-3.1887, 3.1415,-0.2971,-0.3644, 4.6799, 0.7480, 1.1173,1
-0.2226, 0.0000,-3.1918, 3.1415,-0.3019,-0.3242, 4.6799, 0.7480, 1.1173,1
-0.2251, 0.0000,-3.1918, 3.1415,-0.2665,-0.0648,-4.6799, 0.7480, 1.1173,1
-0.2284, 0.0000,-3.1918, 3.1415,-0.3140,-0.0129,-4.6799, 0.7480, 1.1173,1
-0.2316, 0.0000,-3.1918, 3.1415,-0.3174,-0.0025,-4.6799, 0.7480, 1.1173,1
-0.2341, 0.0000,-3.1949, 3.1415,-0.2696,-0.2518, 4.6799, 0.7480, 1.1173,1
-0.2360, 0.0000,-3.1981, 3.1415,-0.1994,-0.3016, 4.6799, 0.7480, 1.1173,1
-0.2382, 0.0000,-3.1981, 3.1415,-0.2217,-0.0603,-2.6316, 0.7480, 1.1173,1
-0.2420, 0.0000,-3.2012, 3.1415,-0.3475,-0.2633, 2.6265, 0.7480, 1.1173,1
-0.2432, 0.0000,-3.2012, 3.1415,-0.1665,-0.0526, 0.6669, 0.7480, 1.1173,1
-0.2450, 0.0000,-3.2012, 3.1415,-0.1727,-0.0105,-2.1707, 0.7480, 1.1173,1
-0.2470, 0.0000,-3.2012, 3.1415,-0.1982,-0.0021,-4.1626, 0.7480, 1.1173,1
-0.2499, 0.0000,-3.2012, 3.1415,-0.2700,-0.0004,-4.6799, 0.7480, 1.1173,1
-0.2523, 0.0000,-3.2012, 3.1415,-0.2419,-0.0000,-4.6799, 0.7480, 1.1173,1
-0.2552, 0.0000,-3.2044, 3.1415,-0.2848,-0.2513, 4.6799, 0.7480, 1.1173,1
-0.2562, 0.0000,-3.2075, 3.1415,-0.1357,-0.3016, 4.6799, 0.7480, 1.1173,1
-0.2521, 0.0000,-3.2107, 3.1415, 0.3002,-0.3116, 4.6799, 0.7480, 1.1173,1
-0.2451, 0.0000,-3.2107, 3.1415, 0.6239,-0.0623, 4.6799, 0.7480, 1.1173,1
-0.2377, 0.0000,-3.2138, 3.1415, 0.7129,-0.2637, 4.6799, 0.7480, 1.1173,1
-0.2298, 0.0000,-3.2169, 3.1415, 0.7792,-0.3041, 4.6799, 0.7480, 1.1173,1
-0.2204, 0.0000,-3.2169, 3.1415, 0.9077,-0.0608, 4.6799, 0.7480, 1.1173,1
-0.2111, 0.0000,-3.2169, 3.1415, 0.9212,-0.0121, 4.6799, 0.7480, 1.1173,1
-0.2017, 0.0000,-3.2169, 3.1415, 0.9361,-0.0024, 4.6799, 0.7480, 1.1173,1
-0.1925, 0.0000,-3.2201, 3.1415, 0.9269,-0.2517, 4.6799, 0.7480, 1.1173,1
-0.1839, 0.0000,-3.2201, 3.1415, 0.8705,-0.0503, 4.6799, 0.7480, 1.1173,1
-0.1797, 0.0000,-3.2169, 3.1415, 0.5136, 0.2412, 4.6799, 0.7480, 1.1173,1
-0.1772, 0.0000,-3.2169, 3.1415, 0.3028, 0.0482, 4.6799, 0.7480, 1.1173,1
-0.1714, 0.0000,-3.2138, 3.1415, 0.5213, 0.2610, 4.6799, 0.7480, 1.1173,1
-0.1617, 0.0000,-3.2107, 3.1415, 0.8803, 0.3035, 4.6799, 0.7480, 1.1173,1
-0.1499, 0.0000,-3.2107, 3.1415, 1.1219, 0.0607, 4.6799, 0.7480, 1.1173,1
-0.1372, 0.0000,-3.2075, 3.1415, 1.2369, 0.2634, 4.6799, 0.7480, 1.1173,1
-0.1245, 0.0000,-3.2044, 3.1415, 1.2660, 0.3040, 4.6799, 0.7480, 1.1173,1
-0.1115, 0.0000,-3.2044, 3.1415, 1.2900, 0.0608, 4.6799, 0.7480, 1.1173,1
-0.0983, 0.0000,-3.2012, 3.1415, 1.3130, 0.2635, 4.6799, 0.7480, 1.1173,1
-0.0846, 0.0000,-3.1981, 3.1415, 1.3600, 0.3040, 4.6799, 0.7480, 1.1173,1
-0.0701, 0.0000,-3.1981, 3.1415, 1.4301, 0.0608, 4.6799, 0.7480, 1.1173,1
-0.0557, 0.0000,-3.1949, 3.1415, 1.4441, 0.2634, 4.6799, 0.7480, 1.1173,1
-0.0430, 0.0000,-3.1918, 3.1415, 1.3014, 0.3040, 4.6799, 0.7480, 1.1173,1
-0.0341, 0.0000,-3.1887, 3.1415, 0.9757, 0.3121, 4.6799, 0.7480, 1.1173,1
-0.0257, 0.0000,-3.1855, 3.1415, 0.8621, 0.3137, 4.6799, 0.7480, 1.1173,1
-0.0162, 0.0000,-3.1824, 3.1415, 0.9303, 0.3140, 4.6799, 0.7480, 1.1173,1
-0.0054, 0.0000,-3.1792, 3.1415, 1.0531, 0.3141, 4.6799, 0.7480, 1.1173,1
 0.0050, 0.0000,-3.1761, 3.1415, 1.0534, 0.3141, 4.6799, 0.7480, 1.1173,1
 0.0153, 0.0000,-3.1698, 3.1415, 1.0353, 0.5655, 4.6799, 0.7480, 1.1173,1
 0.0265, 0.0000,-3.1667, 3.1415, 1.0983, 0.3643, 4.6799, 0.7480, 1.1173,1
 0.0390, 0.0000,-3.1604, 3.1415, 1.2201, 0.5755, 4.6799, 0.7480, 1.1173,1
 0.0523, 0.0000,-3.1573, 3.1415, 1.3111, 0.3664, 4.6799, 0.7480, 1.1173,1
 0.0663, 0.0000,-3.1541, 3.1415, 1.3839, 0.3246, 4.6799, 0.7480, 1.1173,1
 0.0810, 0.0000,-3.1478, 3.1415, 1.4470, 0.5675, 4.6799, 0.7480, 1.1173,1
 0.0960, 0.0000,-3.1415, 3.1415, 1.4899, 0.6161, 4.6799, 0.7480, 1.1173,1
 0.1108, 0.0000,-3.1384, 3.1415, 1.4803, 0.3745, 4.6799, 0.7480, 1.1173,1
 0.1240, 0.0000,-3.1321, 3.1415, 1.3571, 0.5775, 4.6799, 0.7480, 1.1173,1
 0.1352, 0.0000,-3.1258, 3.1415, 1.1627, 0.6181, 4.6799, 0.7480, 1.1173,1
 0.1452, 0.0000,-3.1196, 3.1415, 1.0329, 0.6262, 4.6799, 0.7480, 1.1173,1
 0.1556, 0.0000,-3.1133, 3.1415, 1.0433, 0.6279, 4.6799, 0.7480, 1.1173,1
 0.1669, 0.0000,-3.1070, 3.1415, 1.1121, 0.6282, 4.6799, 0.7480, 1.1173,1
 0.1786, 0.0000,-3.0976, 3.1415, 1.1561, 0.8796, 4.6799, 0.7480, 1.1173,1
 0.1891, 0.0000,-3.0913, 3.1415, 1.0740, 0.6785, 4.6799, 0.7480, 1.1173,1
 0.1969, 0.0000,-3.0819, 3.1415, 0.8332, 0.8897,-4.6799, 0.7480, 1.1173,1
 0.1997, 0.0000,-3.0693, 3.1415, 0.3909, 1.1832,-4.6799, 0.7480, 1.1173,1
 0.2025, 0.0000,-3.0630, 3.1415, 0.3025, 0.7393,-4.6799, 0.7480, 1.1173,1
 0.2047, 0.0000,-3.0536, 3.1415, 0.2363, 0.9018,-4.6799, 0.7480, 1.1173,1
 0.2066, 0.0000,-3.0473, 3.1415, 0.2049, 0.6830,-4.6799, 0.7480, 1.1173,1
 0.2082, 0.0000,-3.0410, 3.1415, 0.1622, 0.6392, 4.6799, 0.7201, 1.1180,0
 0.2105, 0.0000,-3.0347, 3.1415, 0.2204, 0.6305, 4.6799, 0.7195, 1.1188,0
 0.2118, 0.0000,-3.0284, 3.1415, 0.1471, 0.6287, 4.6799, 0.7190, 1.1195,0
 0.2136, 0.0000,-3.0190, 3.1415, 0.1749, 0.8797, 4.6799, 0.7235, 1.1202,0
 0.2156, 0.0000,-3.0127, 3.1415, 0.1926, 0.6786, 4.6799, 0.7185, 1.1209,0
 0.2177, 0.0000,-3.0033, 3.1415, 0.2083, 0.8896, 4.6799, 0.7223, 1.1216,0
 0.2201, 0.0000,-2.9907, 3.1415, 0.2296, 1.1832, 4.6799, 0.7295, 1.1224,0
 0.2228, 0.0000,-2.9782, 3.1415, 0.2642, 1.2419, 4.6799, 0.7301, 1.1231,0
 0.2257, 0.0000,-2.9656, 3.1415, 0.2832, 1.2536, 4.6799, 0.7290, 1.1238,0
 0.2285, 0.0000,-2.9499, 3.1415, 0.2870, 1.5073, 4.6799, 0.7367, 1.1245,0
 0.2317, 0.0000,-2.9342, 3.1415, 0.3120, 1.5581, 4.6799, 0.7366, 1.1252,0
 0.2352, 0.0000,-2.9185, 3.1415, 0.3413, 1.5682, 4.6799, 0.7347, 1.1259,0
 0.2388, 0.0000,-2.8996, 3.1415, 0.3593, 1.8216, 4.6799, 0.7436, 1.1267,0
 0.2427, 0.0000,-2.8808, 3.1415, 0.3810, 1.8722, 4.6799, 0.7428, 1.1274,0
 0.2467, 0.0000,-2.8588, 3.1415, 0.3975, 2.1337, 4.6799, 0.7533, 1.1281,0
 0.2510, 0.0000,-2.8368, 3.1415, 0.4251, 2.1860, 4.6799, 0.7519, 1.1288,0
 0.2557, 0.0000,-2.8117, 3.1415, 0.4548, 2.4478, 4.6799, 0.7632, 1.1295,0
 0.2604, 0.0000,-2.7865, 3.1415, 0.4729, 2.5001, 4.6799, 0.7608, 1.1303,0
 0.2652, 0.0000,-2.7583, 3.1415, 0.4765, 2.7619, 4.6799, 0.7727, 1.1310,0
 0.2703, 0.0000,-2.7300, 3.1415, 0.5015, 2.8143, 4.6799, 0.7690, 1.1317,0
 0.2757, 0.0000,-2.6986, 3.1415, 0.5308, 3.0761, 4.6799, 0.7812, 1.1324,0
 0.2811, 0.0000,-2.6672, 3.1415, 0.5427, 3.1285, 4.6799, 0.7758, 1.1331,0
 0.2868, 0.0000,-2.6295, 3.1415, 0.5632, 3.6416, 4.6799, 0.8116, 1.1338,0
 0.2927, 0.0000,-2.5949, 3.1415, 0.5795, 3.4929, 4.6799, 0.7842, 1.1346,0
 0.2987, 0.0000,-2.5541, 3.1415, 0.6009, 3.9658, 4.6799, 0.8178, 1.1353,0
 0.3049, 0.0000,-2.5132, 3.1415, 0.6173, 4.0604, 4.6799, 0.8117, 1.1360,0
 0.3113, 0.0000,-2.4692, 3.1415, 0.6327, 4.3306, 4.6799, 0.8243, 1.1367,0
 0.3179, 0.0000,-2.4253, 3.1415, 0.6540, 4.3847, 4.6799, 0.8107, 1.1374,0
 0.3246, 0.0000,-2.3750, 3.1415, 0.6704, 4.8981, 4.6799, 0.8531, 1.1382,0
 0.3314, 0.0000,-2.3279, 3.1415, 0.6737, 4.7495, 4.6799, 0.8090, 1.1389,0
 0.3383, 0.0000,-2.2745, 3.1415, 0.6865, 5.2224, 4.6799, 0.8464, 1.1396,0
 0.3452, 0.0000,-2.2211, 3.1415, 0.6890, 5.3170, 4.6799, 0.8305, 1.1403,0
 0.3522, 0.0000,-2.1645, 3.1415, 0.7017, 5.5872, 4.6799, 0.8388, 1.1410,0
 0.3594, 0.0000,-2.1017, 3.1415, 0.7163, 6.1440, 4.6799, 0.8920, 1.1417,0
 0.3666, 0.0000,-2.0388, 3.1415, 0.7132, 6.2553, 4.6799, 0.8718, 1.1425,0
 0.3738, 0.0000,-1.9760, 3.1415, 0.7186, 6.2776, 4.6799, 0.8348, 1.1432,0
 0.3809, 0.0000,-1.9069, 3.1415, 0.7136, 6.7847, 4.6799, 0.8813, 1.1439,0
 0.3880, 0.0000,-1.8346, 3.1415, 0.7126, 7.1374, 4.6799, 0.9005, 1.1446,0
 0.3949, 0.0000,-1.7624, 3.1415, 0.6943, 7.2080, 4.6799, 0.8641, 1.1453,0
 0.4017, 0.0000,-1.6838, 3.1415, 0.6845, 7.7247,-2.9973, 0.9164, 1.1460,0
 0.4076, 0.0000,-1.6053, 3.1415, 0.6098, 7.8281,-4.6799, 0.8827, 1.1468,0
 0.4135, 0.0000,-1.5236, 3.1415, 0.5888, 8.1001,-4.6799, 0.8847, 1.1475,0
 0.4187, 0.0000,-1.4357, 3.1415, 0.5361, 8.6571,-4.6799, 0.9525, 1.1482,0
 0.4232, 0.0000,-1.3477, 3.1415, 0.4649, 8.7686,-4.6799, 0.9175, 1.1489,0
 0.4269, 0.0000,-1.2566, 3.1415, 0.3900, 9.0422,-4.6799, 0.9227, 1.1496,0
 0.4296, 0.0000,-1.1592, 3.1415, 0.2963, 9.5996,-4.6799, 1.0028, 1.1504,0
 0.4316, 0.0000,-1.0587, 3.1415, 0.2169, 9.9623,-4.6799, 1.0376, 1.1511,0
 0.4327, 0.0000,-0.9550, 3.1415, 0.1343, 10.2862,-4.6799, 1.0665, 1.1518,0
 0.4329, 0.0000,-0.8482, 3.1415, 0.0450, 10.6023,-4.6799, 1.0988, 1.1525,0
 0.4324, 0.0000,-0.7351, 3.1415,-0.0334, 11.1682, 4.6799, 1.2135, 1.1532,0
 0.4321, 0.0000,-0.6220, 3.1415,-0.0309, 11.2814, 4.6799, 1.1982, 1.1539,0
 0.4310, 0.0000,-0.5057, 3.1415,-0.0971, 11.5554, 4.6799, 1.2412, 1.1547,0
 0.4299, 0.0000,-0.3864, 3.1415,-0.1043, 11.8615, 4.6799, 1.3045, 1.1554,0
 0.4288, 0.0000,-0.2670, 3.1415,-0.1118, 11.9227, 4.6799, 1.2974, 1.1561,0
 0.4279, 0.0000,-0.1507, 3.1415,-0.0890, 11.6836, 4.6799, 1.2011, 1.1568,0
 0.4276, 0.0000,-0.0314, 3.1415,-0.0481, 11.8871, 4.6799, 1.2605, 1.1575,0
 0.4276, 0.0000, 0.0848, 3.1415,-0.0096, 11.6765, 4.6799, 1.1932, 1.1583,0
 0.4278, 0.0000, 0.2010, 3.1415, 0.0162, 11.6344, 4.6799, 1.1914, 1.1590,0
 0.4286, 0.0000, 0.3141, 3.1415, 0.0638, 11.3746,-4.6799, 1.1284, 1.1597,0
 0.4289, 0.0000, 0.4272, 3.1415, 0.0430, 11.3227,-4.6799, 1.1413, 1.1604,0
 0.4299, 0.0000, 0.5372, 3.1415, 0.0874, 11.0610,-4.6799, 1.0959, 1.1611,0
 0.4310, 0.0000, 0.6471, 3.1415, 0.1023, 11.0086,-4.6799, 1.1237, 1.1618,0
 0.4320, 0.0000, 0.7539, 3.1415, 0.0992, 10.7468,-4.6799, 1.0934, 1.1626,0
 0.4334, 0.0000, 0.8576, 3.1415, 0.1350, 10.4431,-4.6799, 1.0570, 1.1633,0
 0.4345, 0.0000, 0.9613, 3.1415, 0.1179, 10.3824,-4.6799, 1.0980, 1.1640,0
 0.4358, 0.0000, 1.0587, 3.1415, 0.1266, 9.8676,-4.6799, 1.0113, 1.1647,0
 0.4375, 0.0000, 1.1561, 3.1415, 0.1587, 9.7646,-4.6799, 1.0455, 1.1654,0
 0.4390, 0.0000, 1.2503, 3.1415, 0.1530, 9.4927,-4.6799, 1.0353, 1.1662,0
 0.4409, 0.0000, 1.3383, 3.1415, 0.1821, 8.9357,-4.6799, 0.9524, 1.1669,0
 0.4426, 0.0000, 1.4262, 3.1415, 0.1698, 8.8243,-4.6799, 0.9867, 1.1676,0
 0.4443, 0.0000, 1.5111, 3.1415, 0.1734, 8.5507,-4.6799, 0.9807, 1.1683,0
 0.4462, 0.0000, 1.5927, 3.1415, 0.1862, 8.2446,-4.6799, 0.9674, 1.1690,0
 0.4477, 0.0000, 1.6713, 3.1415, 0.1585, 7.9321,-4.6799, 0.9529, 1.1697,0
 0.4494, 0.0000, 1.7467, 3.1415, 0.1650, 7.6182, 0.4834, 0.9382, 1.1705,0
 0.4514, 0.0000, 1.8189, 3.1415, 0.1967, 7.3041, 4.6799, 0.9233, 1.1712,0
 0.4536, 0.0000, 1.8912, 3.1415, 0.2091, 7.2413, 4.6799, 0.9603, 1.1719,0
 0.4558, 0.0000, 1.9572, 3.1415, 0.2176, 6.7261, 4.6799, 0.9040, 1.1726,0
 0.4583, 0.0000, 2.0231, 3.1415, 0.2496, 6.6231, 4.6799, 0.9280, 1.1733,0
 0.4611, 0.0000, 2.0860, 3.1415, 0.2742, 6.3511, 4.6799, 0.9185, 1.1741,0
 0.4643, 0.0000, 2.1457, 3.1415, 0.3034, 6.0454, 4.6799, 0.9021, 1.1748,0
 0.4677, 0.0000, 2.2053, 3.1415, 0.3335, 5.9843, 4.6799, 0.9270, 1.1755,0
 0.4712, 0.0000, 2.2588, 3.1415, 0.3516, 5.4694, 4.6799, 0.8747, 1.1762,0
 0.4750, 0.0000, 2.3153, 3.1415, 0.3735, 5.6177, 4.6799, 0.9284, 1.1769,0
 0.4790, 0.0000, 2.3687, 3.1415, 0.3899, 5.3961, 4.6799, 0.9217, 1.1776,0
 0.4830, 0.0000, 2.4190, 3.1415, 0.4054, 5.1004, 4.6799, 0.9028, 1.1784,0
 0.4873, 0.0000, 2.4661, 3.1415, 0.4206, 4.7900, 4.6799, 0.8816, 1.1791,0
 0.4919, 0.0000, 2.5132, 3.1415, 0.4539, 4.7279, 4.6799, 0.8938, 1.1798,0
 0.4965, 0.0000, 2.5603, 3.1415, 0.4606, 4.7154, 4.6799, 0.9114, 1.1805,0
 0.5013, 0.0000, 2.6075, 3.1415, 0.4741, 4.7130, 4.6799, 0.9290, 1.1812,0
 0.5062, 0.0000, 2.6515, 3.1415, 0.4889, 4.4611, 4.6799, 0.9121, 1.1820,0
 0.5113, 0.0000, 2.6923, 3.1415, 0.5040, 4.1594, 4.6799, 0.8890, 1.1827,0
 0.5165, 0.0000, 2.7363, 3.1415, 0.5131, 4.3504, 4.6799, 0.9248, 1.1834,0
 0.5217, 0.0000, 2.7771, 3.1415, 0.5209, 4.1373, 4.6799, 0.9105, 1.1841,0
 0.5272, 0.0000, 2.8180, 3.1415, 0.5407, 4.0947, 4.6799, 0.9155, 1.1848,0
 0.5326, 0.0000, 2.8557, 3.1415, 0.5447, 3.8348, 4.6799, 0.8948, 1.1855,0
 0.5383, 0.0000, 2.8965, 3.1415, 0.5636, 4.0342, 4.6799, 0.9244, 1.1863,0
 0.5441, 0.0000, 2.9342, 3.1415, 0.5796, 3.8227, 4.6799, 0.9073, 1.1870,0
 0.5500, 0.0000, 2.9750, 3.1415, 0.5828, 4.0318, 4.6799, 0.9357, 1.1877,0
 0.5560, 0.0000, 3.0127, 3.1415, 0.6016, 3.8222, 4.6799, 0.9166, 1.1884,0
 0.5622, 0.0000, 3.0504, 3.1415, 0.6114, 3.7803,-4.6799, 0.9166, 1.1884,1
 0.5676, 0.0000, 3.0881, 3.1415, 0.5588, 3.7720,-4.6799, 0.9166, 1.1884,1
 0.5732, 0.0000, 3.1258, 3.1415, 0.5543, 3.7703,-4.6799, 0.9166, 1.1884,1
 0.5785, 0.0000, 3.1604, 3.1415, 0.5353, 3.5186,-4.6799, 0.9166, 1.1884,1
 0.5832, 0.0000, 3.1949, 3.1415, 0.4829, 3.4683,-4.6799, 0.9166, 1.1884,1
 0.5875, 0.0000, 3.2264, 3.1415, 0.4422, 3.2069,-4.6799, 0.9166, 1.1884,1
 0.5914, 0.0000, 3.2578, 3.1415, 0.3976, 3.1546, 4.6799, 0.8525, 1.1891,0
 0.5954, 0.0000, 3.2892, 3.1415, 0.4069, 3.1441, 4.6799, 0.8486, 1.1899,0
 0.5993, 0.0000, 3.3206, 3.1415, 0.3906, 3.1421, 4.6799, 0.8448, 1.1906,0
 0.6033, 0.0000, 3.3552, 3.1415, 0.3994, 3.3930, 4.6799, 0.8629, 1.1913,0
 0.6074, 0.0000, 3.3897, 3.1415, 0.4073, 3.4432, 4.6799, 0.8620, 1.1920,0
 0.6118, 0.0000, 3.4243, 3.1415, 0.4331, 3.4532, 4.6799, 0.8565, 1.1927,0
 0.6164, 0.0000, 3.4620, 3.1415, 0.4564, 3.7065, 4.6799, 0.8738, 1.1934,0
 0.6211, 0.0000, 3.4997, 3.1415, 0.4672, 3.7572, 4.6799, 0.8701, 1.1942,0
 0.6261, 0.0000, 3.5405, 3.1415, 0.4875, 4.0187, 4.6799, 0.8877, 1.1949,0
 0.6311, 0.0000, 3.5814, 3.1415, 0.5037, 4.0709, 4.6799, 0.8817, 1.1956,0
 0.6365, 0.0000, 3.6253, 3.1415, 0.5251, 4.3327, 4.6799, 0.8985, 1.1963,0
 0.6418, 0.0000, 3.6725, 3.1415, 0.5355, 4.6364, 4.6799, 0.9201, 1.1970,0
 0.6474, 0.0000, 3.7196, 3.1415, 0.5497, 4.6971, 4.6799, 0.9103, 1.1978,0
 0.6530, 0.0000, 3.7667, 3.1415, 0.5647, 4.7093, 4.6799, 0.8927, 1.1985,0
 0.6590, 0.0000, 3.8201, 3.1415, 0.5858, 5.2144, 4.6799, 0.9396, 1.1992,0
 0.6649, 0.0000, 3.8735, 3.1415, 0.5961, 5.3154, 4.6799, 0.9297, 1.1999,0
 0.6710, 0.0000, 3.9301, 3.1415, 0.6043, 5.5869, 4.6799, 0.9431, 1.2006,0
 0.6771, 0.0000, 3.9866, 3.1415, 0.6059, 5.6413, 4.6799, 0.9221, 1.2013,0
 0.6834, 0.0000, 4.0495, 3.1415, 0.6305, 6.1548, 4.6799, 0.9722, 1.2021,0
 0.6897, 0.0000, 4.1123, 3.1415, 0.6293, 6.2574, 4.6799, 0.9536, 1.2028,0
 0.6960, 0.0000, 4.1783, 3.1415, 0.6291, 6.5293, 4.6799, 0.9624, 1.2035,0
 0.7024, 0.0000, 4.2474, 3.1415, 0.6351, 6.8350, 4.6799, 0.9760, 1.2042,0
 0.7086, 0.0000, 4.3165, 3.1415, 0.6242, 6.8962, 4.6799, 0.9426, 1.2049,0
 0.7147, 0.0000, 4.3919, 3.1415, 0.6159, 7.4111, 4.6799, 0.9951, 1.2057,0
 0.7207, 0.0000, 4.4673, 3.1415, 0.6022, 7.5140, 4.6799, 0.9646, 1.2064,0
 0.7266, 0.0000, 4.5458, 3.1415, 0.5933, 7.7859,-4.6799, 0.9677, 1.2071,0
 0.7317, 0.0000, 4.6275, 3.1415, 0.5249, 8.0917,-4.6799, 0.9775, 1.2078,0
 0.7366, 0.0000, 4.7123, 3.1415, 0.4930, 8.4041,-4.6799, 0.9888, 1.2085,0
 0.7407, 0.0000, 4.8003, 3.1415, 0.4320, 8.7179,-4.6799, 1.0009, 1.2092,0
 0.7443, 0.0000, 4.8914, 3.1415, 0.3713, 9.0321,-4.6799, 1.0142, 1.2100,0
 0.7469, 0.0000, 4.9857, 3.1415, 0.2804, 9.3462,-4.6799, 1.0290, 1.2107,0
 0.7486, 0.0000, 5.0830, 3.1415, 0.1955, 9.6603,-4.6799, 1.0463, 1.2114,0
 0.7496, 0.0000, 5.1867, 3.1415, 0.1179, 10.2258,-4.6799, 1.1359, 1.2121,0
 0.7498, 0.0000, 5.2904, 3.1415, 0.0417, 10.3389,-4.6799, 1.1041, 1.2128,0
 0.7492, 0.0000, 5.4003, 3.1415,-0.0462, 10.8642,-4.6799, 1.1964, 1.2136,0
 0.7476, 0.0000, 5.5134, 3.1415,-0.1305, 11.2206,-3.3590, 1.2469, 1.2143,0
 0.7454, 0.0000, 5.6328, 3.1415,-0.2019, 11.7945, 4.6799, 1.3760, 1.2150,0
 0.7435, 0.0000, 5.7522, 3.1415,-0.1980, 11.9093, 4.6799, 1.3664, 1.2157,0
 0.7407, 0.0000, 5.8747, 3.1415,-0.2578, 12.1836, 4.6799, 1.4191, 1.2164,0
 0.7381, 0.0000, 5.9973, 3.1415,-0.2637, 12.2385, 4.6799, 1.4079, 1.2171,0
 0.7356, 0.0000, 6.1198, 3.1415,-0.2528, 12.2494, 4.6799, 1.3921, 1.2179,0
 0.7335, 0.0000, 6.2423, 3.1415,-0.2203, 12.2516, 4.6799, 1.3839, 1.2186,0
 0.7318, 0.0000, 6.3617, 3.1415,-0.1774, 12.0008, 4.6799, 1.3003, 1.2193,0
 0.7305, 0.0000, 6.4811, 3.1415,-0.1385, 11.9505, 4.6799, 1.2953, 1.2200,0
 0.7298, 0.0000, 6.5973, 3.1415,-0.0883, 11.6891,-4.6799, 1.2299, 1.2207,0
 0.7290, 0.0000, 6.7135, 3.1415,-0.0783, 11.6370,-4.6799, 1.2432, 1.2215,0
 0.7289, 0.0000, 6.8266, 3.1415,-0.0217, 11.3751,-4.6799, 1.1969, 1.2222,0
 0.7290, 0.0000, 6.9366, 3.1415, 0.0017, 11.0714,-4.6799, 1.1459, 1.2229,0
 0.7291, 0.0000, 7.0465, 3.1415, 0.0124, 11.0107,-4.6799, 1.1785, 1.2236,0
 0.7294, 0.0000, 7.1502, 3.1415, 0.0267, 10.4959,-4.6799, 1.0776, 1.2243,0
 0.7300, 0.0000, 7.2539, 3.1415, 0.0477, 10.3929,-4.6799, 1.1067, 1.2250,0
 0.7307, 0.0000, 7.3544, 3.1415, 0.0701, 10.1210,-4.6799, 1.0901, 1.2258,0
 0.7315, 0.0000, 7.4549, 3.1415, 0.0746, 10.0666,-4.6799, 1.1397, 1.2265,0
 0.7323, 0.0000, 7.5492, 3.1415, 0.0816, 9.5531,-4.6799, 1.0622, 1.2272,0
 0.7334, 0.0000, 7.6403, 3.1415, 0.1012, 9.1991,-4.6799, 1.0324, 1.2279,0
 0.7345, 0.0000, 7.7283, 3.1415, 0.1051, 8.8770,-4.6799, 1.0132, 1.2286,0
 0.7355, 0.0000, 7.8162, 3.1415, 0.1059, 8.8125,-4.6799, 1.0601, 1.2294,0
 0.7365, 0.0000, 7.8979, 3.1415, 0.1000, 8.2970,-4.6799, 0.9953, 1.2301,0
 0.7375, 0.0000, 7.9796, 3.1415, 0.0988, 8.1939,-4.6799, 1.0299, 1.2308,0
 0.7382, 0.0000, 8.0550, 3.1415, 0.0803, 7.6706,-4.6799, 0.9671, 1.2315,0
 0.7389, 0.0000, 8.1304, 3.1415, 0.0706, 7.5660, 3.7815, 0.9974, 1.2322,0
 0.7403, 0.0000, 8.1995, 3.1415, 0.1232, 7.0423, 4.6799, 0.9375, 1.2329,0
 0.7413, 0.0000, 8.2686, 3.1415, 0.1095, 6.9377, 4.6799, 0.9631, 1.2337,0
 0.7428, 0.0000, 8.3346, 3.1415, 0.1371, 6.6654, 4.6799, 0.9540, 1.2344,0
 0.7445, 0.0000, 8.3974, 3.1415, 0.1668, 6.3596, 4.6799, 0.9375, 1.2351,0
 0.7466, 0.0000, 8.4603, 3.1415, 0.1970, 6.2984, 4.6799, 0.9645, 1.2358,0
 0.7490, 0.0000, 8.5199, 3.1415, 0.2334, 6.0349, 4.6799, 0.9535, 1.2365,0
 0.7515, 0.0000, 8.5765, 3.1415, 0.2467, 5.7309, 4.6799, 0.9346, 1.2373,0
 0.7544, 0.0000, 8.6330, 3.1415, 0.2797, 5.6700, 4.6799, 0.9546, 1.2380,0
 0.7574, 0.0000, 8.6896, 3.1415, 0.2984, 5.6579, 4.6799, 0.9808, 1.2387,0
 0.7605, 0.0000, 8.7430, 3.1415, 0.3082, 5.4041, 4.6799, 0.9664, 1.2394,0
 0.7638, 0.0000, 8.7933, 3.1415, 0.3223, 5.1020, 4.6799, 0.9440, 1.2401,0
 0.7671, 0.0000, 8.8435, 3.1415, 0.3312, 5.0417, 4.6799, 0.9560, 1.2408,0
 0.7708, 0.0000, 8.8907, 3.1415, 0.3572, 4.7781, 4.6799, 0.9377, 1.2416,0
 0.7746, 0.0000, 8.9409, 3.1415, 0.3806, 4.9768, 4.6799, 0.9824, 1.2423,0
 0.7786, 0.0000, 8.9849, 3.1415, 0.3974, 4.5140, 4.6799, 0.9350, 1.2430,0
 0.7828, 0.0000, 9.0320, 3.1415, 0.4129, 4.6726, 4.6799, 0.9691, 1.2437,0
 0.7871, 0.0000, 9.0760, 3.1415, 0.4221, 4.4531, 4.6799, 0.9524, 1.2444,0
 0.7914, 0.0000, 9.1231, 3.1415, 0.4361, 4.6605, 4.6799, 0.9897, 1.2451,0
 0.7960, 0.0000, 9.1671, 3.1415, 0.4510, 4.4507, 4.6799, 0.9717, 1.2459,0
 0.8008, 0.0000, 9.2111, 3.1415, 0.4721, 4.4086, 4.6799, 0.9738, 1.2466,0
 0.8056, 0.0000, 9.2551, 3.1415, 0.4824, 4.4004, 4.6799, 0.9788, 1.2473,0
 0.8107, 0.0000, 9.2959, 3.1415, 0.5027, 4.1472, 4.6799, 0.9529, 1.2480,0
 0.8156, 0.0000, 9.3399, 3.1415, 0.4946, 4.3480,-4.6799, 0.9529, 1.2480,1
 0.8199, 0.0000, 9.3839, 3.1415, 0.4445, 4.3882,-4.6799, 0.9529, 1.2480,1
 0.8244, 0.0000, 9.4247, 3.1415, 0.4466, 4.1448,-4.6799, 0.9529, 1.2480,1
 0.8287, 0.0000, 9.4656, 3.1415, 0.4288, 4.0962,-4.6799, 0.9529, 1.2480,1
 0.8323, 0.0000, 9.5033, 3.1415, 0.3768, 3.8352,-4.6799, 0.9529, 1.2480,1
 0.8354, 0.0000, 9.5410, 3.1415, 0.3239, 3.7828, 4.6799, 0.9135, 1.2487,0
 0.8390, 0.0000, 9.5755, 3.1415, 0.3497, 3.5212, 4.6799, 0.8835, 1.2495,0
 0.8425, 0.0000, 9.6132, 3.1415, 0.3488, 3.7201, 4.6799, 0.8991, 1.2502,0
 0.8456, 0.0000, 9.6541, 3.1415, 0.3244, 4.0113, 4.6799, 0.9245, 1.2509,0
 0.8489, 0.0000, 9.6949, 3.1415, 0.3256, 4.0694, 4.6799, 0.9238, 1.2516,0
 0.8524, 0.0000, 9.7357, 3.1415, 0.3440, 4.0811, 4.6799, 0.9168, 1.2523,0
 0.8561, 0.0000, 9.7766, 3.1415, 0.3659, 4.0834, 4.6799, 0.9075, 1.2530,0
 0.8599, 0.0000, 9.8206, 3.1415, 0.3763, 4.3352, 4.6799, 0.9256, 1.2538,0
 0.8634, 0.0000, 9.8677, 3.1415, 0.3602, 4.6369, 4.6799, 0.9498, 1.2545,0
 0.8669, 0.0000, 9.9117, 3.1415, 0.3509, 4.4459, 4.6799, 0.9113, 1.2552,0
 0.8703, 0.0000, 9.9588, 3.1415, 0.3430, 4.6591, 4.6799, 0.9219, 1.2559,0
 0.8740, 0.0000, 10.0091, 3.1415, 0.3596, 4.9531, 4.6799, 0.9424, 1.2566,0
 0.8773, 0.0000, 10.0562, 3.1415, 0.3387, 4.7604, 4.6799, 0.8968, 1.2574,0
 0.8804, 0.0000, 10.1096, 3.1415, 0.3163, 5.2246, 4.6799, 0.9383, 1.2581,0
 0.8834, 0.0000, 10.1630, 3.1415, 0.2997, 5.3175, 4.6799, 0.9269, 1.2588,0
 0.8863, 0.0000, 10.2164, 3.1415, 0.2903, 5.3361, 4.6799, 0.9032, 1.2595,0
 0.8891, 0.0000, 10.2730, 3.1415, 0.2824, 5.5910, 4.6799, 0.9125, 1.2602,0
 0.8918, 0.0000, 10.3295, 3.1415, 0.2747, 5.6421, 4.6799, 0.8893, 1.2609,0
 0.8942, 0.0000, 10.3923, 3.1415, 0.2489, 6.1549, 4.6799, 0.9377, 1.2617,0
 0.8965, 0.0000, 10.4552, 3.1415, 0.2316, 6.2575, 4.6799, 0.9176, 1.2624,0
 0.8986, 0.0000, 10.5180, 3.1415, 0.2161, 6.2780, 4.6799, 0.8818, 1.2631,0
 0.9006, 0.0000, 10.5871, 3.1415, 0.2008, 6.7847, 4.6799, 0.9296, 1.2638,0
 0.9024, 0.0000, 10.6562, 3.1415, 0.1856, 6.8861, 4.6799, 0.9028, 1.2645,0
 0.9039, 0.0000, 10.7285, 3.1415, 0.1584, 7.1577, 4.6799, 0.9067, 1.2653,0
 0.9051, 0.0000, 10.8039, 3.1415, 0.1226, 7.4634, 4.6799, 0.9166, 1.2660,0
 0.9057, 0.0000, 10.8824, 3.1415, 0.0790, 7.7757,-4.6799, 0.9275, 1.2667,0
 0.9061, 0.0000, 10.9610, 3.1415, 0.0461, 7.8384,-4.6799, 0.8849, 1.2674,0
 0.9062, 0.0000, 11.0458, 3.1415, 0.0152, 8.3534,-4.6799, 0.9408, 1.2681,0
 0.9059, 0.0000, 11.1306, 3.1415,-0.0211, 8.4565,-4.6799, 0.9044, 1.2688,0
 0.9052, 0.0000, 11.2217, 3.1415,-0.0588, 8.9798,-4.6799, 0.9678, 1.2696,0
 0.9041, 0.0000, 11.3128, 3.1415,-0.0966, 9.0844,-4.6799, 0.9313, 1.2703,0
 0.9027, 0.0000, 11.4102, 3.1415,-0.1345, 9.6080,-4.6799, 1.0030, 1.2710,0
 0.9008, 0.0000, 11.5076, 3.1415,-0.1784, 9.7127,-4.6799, 0.9688, 1.2717,0
 0.8986, 0.0000, 11.6113, 3.1415,-0.2115, 10.2363,-4.6799, 1.0522, 1.2724,0
 0.8959, 0.0000, 11.7181, 3.1415,-0.2605, 10.5923,-4.6799, 1.0958, 1.2732,0
 0.8929, 0.0000, 11.8249, 3.1415,-0.2885, 10.6636,-4.6799, 1.0623, 1.2739,0
 0.8894, 0.0000, 11.9380, 3.1415,-0.3366, 11.1804,-4.6799, 1.1690, 1.2746,0
 0.8855, 0.0000, 12.0511, 3.1415,-0.3826, 11.2838,-4.6799, 1.1576, 1.2753,0
 0.8811, 0.0000, 12.1705, 3.1415,-0.4281, 11.8072,-4.6799, 1.2891, 1.2760,0
 0.8766, 0.0000, 12.2867, 3.1415,-0.4433, 11.6605,-4.6799, 1.2133, 1.2767,0
 0.8719, 0.0000, 12.4092, 3.1415,-0.4646, 12.1338, 4.6799, 1.3519, 1.2775,0
 0.8671, 0.0000, 12.5286, 3.1415,-0.4809, 11.9772,-4.6799, 1.2907, 1.2782,0
 0.8624, 0.0000, 12.6511, 3.1415,-0.4721, 12.1971, 4.6799, 1.3672, 1.2789,0
 0.8578, 0.0000, 12.7705, 3.1415,-0.4582, 11.9899,-4.6799, 1.3094, 1.2796,0
 0.8535, 0.0000, 12.8899, 3.1415,-0.4372, 11.9484,-4.6799, 1.3178, 1.2803,0
 0.8493, 0.0000, 13.0061, 3.1415,-0.4270, 11.6887,-4.6799, 1.2630, 1.2811,0
 0.8453, 0.0000, 13.1192, 3.1415,-0.4006, 11.3855,-4.6799, 1.2037, 1.2818,0
 0.8417, 0.0000, 13.2323, 3.1415,-0.3711, 11.3248,-4.6799, 1.2309, 1.2825,0
 0.8384, 0.0000, 13.3423, 3.1415,-0.3410, 11.0613,-4.6799, 1.2004, 1.2832,0
 0.8353, 0.0000, 13.4523, 3.1415,-0.3107, 11.0088,-4.6799, 1.2424, 1.2839,0
 0.8325, 0.0000, 13.5559, 3.1415,-0.2864, 10.4956,-4.6799, 1.1479, 1.2846,0
 0.8302, 0.0000, 13.6565, 3.1415,-0.2452, 10.1415,-4.6799, 1.1078, 1.2854,0
 0.8281, 0.0000, 13.7538, 3.1415,-0.2188, 9.8193,-4.6799, 1.0813, 1.2861,0
 0.8262, 0.0000, 13.8481, 3.1415,-0.1953, 9.5037,-4.6799, 1.0598, 1.2868,0
 0.8245, 0.0000, 13.9423, 3.1415,-0.1724, 9.4406,-4.6799, 1.1087, 1.2875,0
 0.8231, 0.0000, 14.0303, 3.1415,-0.1436, 8.9252,-4.6799, 1.0386, 1.2882,0
 0.8219, 0.0000, 14.1151, 3.1415,-0.1257, 8.5708,-4.6799, 1.0126, 1.2890,0
 0.8209, 0.0000, 14.1999, 3.1415,-0.1100, 8.4999,-4.6799, 1.0565, 1.2897,0
 0.8199, 0.0000, 14.2785, 3.1415,-0.1008, 7.9832,-4.6799, 0.9934, 1.2904,0
 0.8190, 0.0000, 14.3539, 3.1415,-0.0929, 7.6283, 4.6799, 0.9691, 1.2911,0
 0.8190, 0.0000, 14.4293, 3.1415,-0.0125, 7.5576, 4.6799, 1.0064, 1.2918,0
 0.8190, 0.0000, 14.4984, 3.1415,-0.0085, 7.0406, 4.6799, 0.9478, 1.2925,0
 0.8193, 0.0000, 14.5675, 3.1415, 0.0285, 6.9374, 4.6799, 0.9734, 1.2933,0
 0.8200, 0.0000, 14.6366, 3.1415, 0.0602, 6.9166, 4.6799, 1.0137, 1.2940,0
 0.8212, 0.0000, 14.6995, 3.1415, 0.1030, 6.4098, 4.6799, 0.9580, 1.2947,0
 0.8227, 0.0000, 14.7623, 3.1415, 0.1418, 6.3085, 4.6799, 0.9774, 1.2954,0
 0.8244, 0.0000, 14.8251, 3.1415, 0.1678, 6.2881, 4.6799, 1.0095, 1.2961,0
 0.8264, 0.0000, 14.8848, 3.1415, 0.1912, 6.0328, 4.6799, 0.9978, 1.2969,0
 0.8285, 0.0000, 14.9414, 3.1415, 0.2080, 5.7305, 4.6799, 0.9769, 1.2976,0
 0.8308, 0.0000, 14.9948, 3.1415, 0.2235, 5.4186, 4.6799, 0.9541, 1.2983,0
 0.8333, 0.0000, 15.0513, 3.1415, 0.2447, 5.6076, 4.6799, 1.0090, 1.2990,0
 0.8359, 0.0000, 15.1016, 3.1415, 0.2611, 5.1428, 4.6799, 0.9603, 1.2997,0
 0.8388, 0.0000, 15.1550, 3.1415, 0.2826, 5.3010, 4.6799, 1.0045, 1.3004,0
 0.8419, 0.0000, 15.2053, 3.1415, 0.3051, 5.0815, 4.6799, 0.9907, 1.3012,0
 0.8452, 0.0000, 15.2524, 3.1415, 0.3217, 4.7862, 4.6799, 0.9655, 1.3019,0
 0.8485, 0.0000, 15.3026, 3.1415, 0.3311, 4.9783, 4.6799, 1.0069, 1.3026,0
 0.8519, 0.0000, 15.3498, 3.1415, 0.3390, 4.7657, 4.6799, 0.9905, 1.3033,0
 0.8557, 0.0000, 15.3969, 3.1415, 0.3709, 4.7229, 4.6799, 0.9959, 1.3040,0
 0.8594, 0.0000, 15.4409, 3.1415, 0.3652, 4.4631, 4.6799, 0.9715, 1.3048,0
 0.8631, 0.0000, 15.4880, 3.1415, 0.3701, 4.6624, 4.6799, 1.0051, 1.3055,0
 0.8665, 0.0000, 15.5320, 3.1415, 0.3468, 4.4510, 4.6799, 0.9843, 1.3062,0
 0.8698, 0.0000, 15.5760, 3.1415, 0.3361, 4.4088, 4.6799, 0.9839, 1.3069,0
 0.8730, 0.0000, 15.6168, 3.1415, 0.3218, 4.1490,-4.6799, 0.9839, 1.3069,1
 0.8762, 0.0000, 15.6576, 3.1415, 0.3190, 4.0970,-4.6799, 0.9839, 1.3069,1
 0.8793, 0.0000, 15.7016, 3.1415, 0.3124, 4.3380,-4.6799, 0.9839, 1.3069,1
 0.8822, 0.0000, 15.7425, 3.1415, 0.2989, 4.1348,-4.6799, 0.9839, 1.3069,1
 0.8852, 0.0000, 15.7833, 3.1415, 0.2962, 4.0942,-4.6799, 0.9839, 1.3069,1
 0.8879, 0.0000, 15.8242, 3.1415, 0.2775, 4.0861, 4.6799, 0.9469, 1.3076,0
 0.8907, 0.0000, 15.8650, 3.1415, 0.2737, 4.0844, 4.6799, 0.9428, 1.3083,0
 0.8934, 0.0000, 15.9058, 3.1415, 0.2730, 4.0841, 4.6799, 0.9376, 1.3091,0
 0.8960, 0.0000, 15.9467, 3.1415, 0.2668, 4.0841, 4.6799, 0.9312, 1.3098,0
 0.8985, 0.0000, 15.9875, 3.1415, 0.2473, 4.0840, 4.6799, 0.9237, 1.3105,0
 0.9007, 0.0000, 16.0315, 3.1415, 0.2253, 4.3353, 4.6799, 0.9439, 1.3112,0
 0.9029, 0.0000, 16.0723, 3.1415, 0.2209, 4.1344, 4.6799, 0.9102, 1.3119,0
 0.9051, 0.0000, 16.1195, 3.1415, 0.2260, 4.5967, 4.6799, 0.9539, 1.3127,0
 0.9073, 0.0000, 16.1634, 3.1415, 0.2149, 4.4378, 4.6799, 0.9205, 1.3134,0
 0.9092, 0.0000, 16.2106, 3.1415, 0.2006, 4.6575, 4.6799, 0.9329, 1.3141,0
 0.9112, 0.0000, 16.2577, 3.1415, 0.1977, 4.7015, 4.6799, 0.9217, 1.3148,0
 0.9130, 0.0000, 16.3048, 3.1415, 0.1850, 4.7101, 4.6799, 0.9045, 1.3155,0
 0.9148, 0.0000, 16.3551, 3.1415, 0.1764, 4.9631, 4.6799, 0.9177, 1.3162,0
 0.9164, 0.0000, 16.4053, 3.1415, 0.1686, 5.0139, 4.6799, 0.9023, 1.3170,0
 0.9180, 0.0000, 16.4588, 3.1415, 0.1610, 5.2752, 4.6799, 0.9146, 1.3177,0
 0.9195, 0.0000, 16.5122, 3.1415, 0.1534, 5.3276, 4.6799, 0.8954, 1.3184,0
 0.9208, 0.0000, 16.5719, 3.1415, 0.1337, 5.8407, 4.6799, 0.9439, 1.3191,0
 0.9220, 0.0000, 16.6284, 3.1415, 0.1177, 5.6920, 4.6799, 0.8883, 1.3198,0
 0.9229, 0.0000, 16.6912, 3.1415, 0.1023, 6.1649, 4.6799, 0.9301, 1.3206,0
 0.9238, 0.0000, 16.7541, 3.1415, 0.0871, 6.2595, 4.6799, 0.9082, 1.3213,0
 0.9245, 0.0000, 16.8200, 3.1415, 0.0720, 6.5297, 4.6799, 0.9148, 1.3220,0
 0.9249, 0.0000, 16.8860, 3.1415, 0.0507, 6.5838, 4.6799, 0.8816, 1.3227,0
 0.9251, 0.0000, 16.9583, 3.1415, 0.0283, 7.0974, 4.6799, 0.9314, 1.3234,0
 0.9252, 0.0000, 17.0305, 3.1415, 0.0117, 7.1999, 4.6799, 0.9021, 1.3241,0
 0.9250, 0.0000, 17.1059, 3.1415,-0.0158, 7.4717, 4.6799, 0.9050, 1.3249,0
 0.9245, 0.0000, 17.1845, 3.1415,-0.0395, 7.7774,-4.6799, 0.9144, 1.3256,0
 0.9239, 0.0000, 17.2661, 3.1415,-0.0624, 8.0900,-4.6799, 0.9253, 1.3263,0
 0.9229, 0.0000, 17.3510, 3.1415,-0.0913, 8.4039,-4.6799, 0.9369, 1.3270,0
 0.9216, 0.0000, 17.4389, 3.1415,-0.1213, 8.7179,-4.6799, 0.9494, 1.3277,0
 0.9200, 0.0000, 17.5300, 3.1415,-0.1515, 9.0319,-4.6799, 0.9634, 1.3285,0
 0.9179, 0.0000, 17.6211, 3.1415,-0.1940, 9.0950,-4.6799, 0.9169, 1.3292,0
 0.9157, 0.0000, 17.7185, 3.1415,-0.2207, 9.6099,-4.6799, 0.9871, 1.3299,0
 0.9129, 0.0000, 17.8191, 3.1415,-0.2624, 9.9646,-4.6799, 1.0206, 1.3306,0
 0.9098, 0.0000, 17.9227, 3.1415,-0.3071, 10.2866,-4.6799, 1.0502, 1.3313,0
 0.9062, 0.0000, 18.0296, 3.1415,-0.3464, 10.6024,-4.6799, 1.0838, 1.3320,0
 0.9021, 0.0000, 18.1395, 3.1415,-0.3967, 10.9170,-4.6799, 1.1239, 1.3328,0
 0.8977, 0.0000, 18.2526, 3.1415,-0.4310, 11.2311,-4.6799, 1.1720, 1.3335,0
 0.8929, 0.0000, 18.3688, 3.1415,-0.4681, 11.5453,-4.6799, 1.2294, 1.3342,0
 0.8879, 0.0000, 18.4882, 3.1415,-0.4998, 11.8595,-4.6799, 1.2973, 1.3349,0
 0.8825, 0.0000, 18.6076, 3.1415,-0.5244, 11.9222,-4.6799, 1.2927, 1.3356,0
 0.8771, 0.0000, 18.7270, 3.1415,-0.5414, 11.9349,-4.6799, 1.2814, 1.3364,0
 0.8716, 0.0000, 18.8495, 3.1415,-0.5509, 12.1887,-4.6799, 1.3618, 1.3371,0
 0.8661, 0.0000, 18.9689, 3.1415,-0.5467, 11.9882,-4.6799, 1.2990, 1.3378,0
 0.8608, 0.0000, 19.0883, 3.1415,-0.5337, 11.9481,-4.6799, 1.3008, 1.3385,0
 0.8559, 0.0000, 19.2045, 3.1415,-0.5008, 11.6886,-4.6799, 1.2394, 1.3392,0
 0.8510, 0.0000, 19.3207, 3.1415,-0.4882, 11.6368,-4.6799, 1.2560, 1.3399,0
 0.8465, 0.0000, 19.4370, 3.1415,-0.4553, 11.6265,-4.6799, 1.2947, 1.3407,0
 0.8425, 0.0000, 19.5469, 3.1415,-0.4184, 11.1218,-4.6799, 1.1813, 1.3414,0
 0.8387, 0.0000, 19.6569, 3.1415,-0.3868, 11.0207,-4.6799, 1.2039, 1.3421,0
 0.8352, 0.0000, 19.7637, 3.1415,-0.3562, 10.7492,-4.6799, 1.1793, 1.3428,0
 0.8321, 0.0000, 19.8642, 3.1415,-0.3198, 10.1922,-4.6799, 1.0753, 1.3435,0
 0.8292, 0.0000, 19.9648, 3.1415,-0.2943, 10.0810,-4.6799, 1.1068, 1.3442,0
 0.8267, 0.0000, 20.0622, 3.1415,-0.2589, 9.8073,-4.6799, 1.0948, 1.3450,0
 0.8243, 0.0000, 20.1564, 3.1415,-0.2397, 9.5011,-4.6799, 1.0764, 1.3457,0
 0.8223, 0.0000, 20.2444, 3.1415,-0.2116, 8.9375,-4.6799, 0.9926, 1.3464,0
 0.8204, 0.0000, 20.3323, 3.1415,-0.1939, 8.8245,-4.6799, 1.0271, 1.3471,0
 0.8188, 0.0000, 20.4172, 3.1415,-0.1661, 8.5508,-4.6799, 1.0213, 1.3478,0
 0.8173, 0.0000, 20.4988, 3.1415,-0.1544, 8.2447,-4.6799, 1.0080, 1.3486,0
 0.8159, 0.0000, 20.5774, 3.1415,-0.1461, 7.9320,-4.6799, 0.9931, 1.3493,0
 0.8144, 0.0000, 20.6496, 3.1415,-0.1444, 7.3668, 4.6799, 0.9230, 1.3500,0
 0.8139, 0.0000, 20.7219, 3.1415,-0.0713, 7.2540, 4.6799, 0.9499, 1.3507,0
 0.8133, 0.0000, 20.7942, 3.1415,-0.0627, 7.2312, 4.6799, 0.9943, 1.3514,0
 0.8131, 0.0000, 20.8601, 3.1415,-0.0246, 6.7241, 4.6799, 0.9387, 1.3521,0
 0.8134, 0.0000, 20.9261, 3.1415, 0.0132, 6.6226, 4.6799, 0.9619, 1.3529,0
 0.8140, 0.0000, 20.9889, 3.1415, 0.0511, 6.3510, 4.6799, 0.9513, 1.3536,0
 0.8149, 0.0000, 21.0518, 3.1415, 0.0829, 6.2967, 4.6799, 0.9789, 1.3543,0
 0.8160, 0.0000, 21.1115, 3.1415, 0.1075, 6.0345, 4.6799, 0.9675, 1.3550,0
 0.8173, 0.0000, 21.1680, 3.1415, 0.1245, 5.7306, 4.6799, 0.9480, 1.3557,0
 0.8190, 0.0000, 21.2245, 3.1415, 0.1583, 5.6700, 4.6799, 0.9673, 1.3565,0
 0.8209, 0.0000, 21.2780, 3.1415, 0.1832, 5.4066, 4.6799, 0.9523, 1.3572,0
 0.8231, 0.0000, 21.3314, 3.1415, 0.2124, 5.3539, 4.6799, 0.9687, 1.3579,0
 0.8253, 0.0000, 21.3848, 3.1415, 0.2243, 5.3434, 4.6799, 0.9898, 1.3586,0
 0.8279, 0.0000, 21.4350, 3.1415, 0.2510, 5.0898, 4.6799, 0.9725, 1.3593,0
 0.8306, 0.0000, 21.4822, 3.1415, 0.2684, 4.7879, 4.6799, 0.9480, 1.3600,0
 0.8335, 0.0000, 21.5324, 3.1415, 0.2841, 4.9787, 4.6799, 0.9909, 1.3608,0
 0.8365, 0.0000, 21.5796, 3.1415, 0.2993, 4.7657, 4.6799, 0.9761, 1.3615,0
 0.8397, 0.0000, 21.6267, 3.1415, 0.3145, 4.7231, 4.6799, 0.9832, 1.3622,0
 0.8431, 0.0000, 21.6707, 3.1415, 0.3357, 4.4631, 4.6799, 0.9604, 1.3629,0
 0.8467, 0.0000, 21.7178, 3.1415, 0.3521, 4.6624, 4.6799, 0.9957, 1.3636,0
 0.8502, 0.0000, 21.7618, 3.1415, 0.3493, 4.4510, 4.6799, 0.9766, 1.3644,0
 0.8539, 0.0000, 21.8057, 3.1415, 0.3669, 4.4088, 4.6799, 0.9779, 1.3651,0
 0.8576, 0.0000, 21.8497, 3.1415, 0.3704, 4.4003, 4.6799, 0.9820, 1.3658,0
 0.8615, 0.0000, 21.8937, 3.1415, 0.3833, 4.3985,-4.6799, 0.9820, 1.3658,1
 0.8652, 0.0000, 21.9377, 3.1415, 0.3737, 4.3983,-4.6799, 0.9820, 1.3658,1
 0.8688, 0.0000, 21.9817, 3.1415, 0.3657, 4.3983,-4.6799, 0.9820, 1.3658,1
 0.8725, 0.0000, 22.0257, 3.1415, 0.3642, 4.3981,-4.6799, 0.9820, 1.3658,1
 0.8759, 0.0000, 22.0665, 3.1415, 0.3456, 4.1468,-4.6799, 0.9820, 1.3658,1
 0.8793, 0.0000, 22.1105, 3.1415, 0.3419, 4.3480, 4.6799, 0.9776, 1.3665,0
 0.8825, 0.0000, 22.1513, 3.1415, 0.3291, 4.1368, 4.6799, 0.9484, 1.3672,0
 0.8859, 0.0000, 22.1953, 3.1415, 0.3326, 4.3458, 4.6799, 0.9675, 1.3679,0
 0.8890, 0.0000, 22.2393, 3.1415, 0.3151, 4.3877, 4.6799, 0.9656, 1.3687,0
 0.8920, 0.0000, 22.2833, 3.1415, 0.3055, 4.3962, 4.6799, 0.9582, 1.3694,0
 0.8948, 0.0000, 22.3272, 3.1415, 0.2854, 4.3977, 4.6799, 0.9486, 1.3701,0
 0.8978, 0.0000, 22.3712, 3.1415, 0.2935, 4.3982, 4.6799, 0.9376, 1.3708,0
 0.9005, 0.0000, 22.4184, 3.1415, 0.2769, 4.6494, 4.6799, 0.9561, 1.3715,0
 0.9032, 0.0000, 22.4655, 3.1415, 0.2676, 4.6998, 4.6799, 0.9480, 1.3723,0
 0.9058, 0.0000, 22.5126, 3.1415, 0.2657, 4.7098, 4.6799, 0.9331, 1.3730,0
 0.9083, 0.0000, 22.5597, 3.1415, 0.2532, 4.7119, 4.6799, 0.9159, 1.3737,0
 0.9107, 0.0000, 22.6131, 3.1415, 0.2446, 5.2148, 4.6799, 0.9643, 1.3744,0
 0.9130, 0.0000, 22.6634, 3.1415, 0.2308, 5.0642, 4.6799, 0.9208, 1.3751,0
 0.9152, 0.0000, 22.7168, 3.1415, 0.2220, 5.2853, 4.6799, 0.9282, 1.3758,0
 0.9173, 0.0000, 22.7734, 3.1415, 0.2141, 5.5809, 4.6799, 0.9454, 1.3766,0
 0.9193, 0.0000, 22.8299, 3.1415, 0.2004, 5.6401, 4.6799, 0.9252, 1.3773,0
 0.9211, 0.0000, 22.8896, 3.1415, 0.1856, 5.9032, 4.6799, 0.9350, 1.3780,0
 0.9228, 0.0000, 22.9493, 3.1415, 0.1705, 5.9558, 4.6799, 0.9095, 1.3787,0
 0.9242, 0.0000, 23.0121, 3.1415, 0.1432, 6.2177, 4.6799, 0.9164, 1.3794,0
 0.9255, 0.0000, 23.0781, 3.1415, 0.1377, 6.5214, 4.6799, 0.9294, 1.3802,0
 0.9266, 0.0000, 23.1472, 3.1415, 0.1124, 6.8334, 4.6799, 0.9430, 1.3809,0
 0.9274, 0.0000, 23.2163, 3.1415, 0.0891, 6.8960, 4.6799, 0.9090, 1.3816,0
 0.9279, 0.0000, 23.2917, 3.1415, 0.0602, 7.4110, 4.6799, 0.9605, 1.3823,0
 0.9282, 0.0000, 23.3671, 3.1415, 0.0302, 7.5139, 4.6799, 0.9294, 1.3830,0
 0.9282, 0.0000, 23.4457, 3.1415, 0.0060, 7.7860,-4.6799, 0.9320, 1.3837,0
 0.9278, 0.0000, 23.5242, 3.1415,-0.0291, 7.8403,-4.6799, 0.8876, 1.3845,0
 0.9271, 0.0000, 23.6090, 3.1415,-0.0603, 8.3539,-4.6799, 0.9432, 1.3852,0
 0.9261, 0.0000, 23.6970, 3.1415,-0.0908, 8.7079,-4.6799, 0.9648, 1.3859,0
 0.9248, 0.0000, 23.7881, 3.1415,-0.1212, 9.0301,-4.6799, 0.9805, 1.3866,0
 0.9231, 0.0000, 23.8792, 3.1415,-0.1637, 9.0945,-4.6799, 0.9339, 1.3873,0
 0.9210, 0.0000, 23.9766, 3.1415,-0.2025, 9.6098,-4.6799, 1.0035, 1.3881,0
 0.9185, 0.0000, 24.0771, 3.1415,-0.2345, 9.9645,-4.6799, 1.0362, 1.3888,0
 0.9157, 0.0000, 24.1808, 3.1415,-0.2773, 10.2866,-4.6799, 1.0648, 1.3895,0
 0.9123, 0.0000, 24.2876, 3.1415,-0.3222, 10.6024,-4.6799, 1.0971, 1.3902,0
 0.9085, 0.0000, 24.3976, 3.1415,-0.3676, 10.9170,-4.6799, 1.1358, 1.3909,0
 0.9044, 0.0000, 24.5075, 3.1415,-0.4070, 10.9797,-4.6799, 1.1055, 1.3916,0
 0.8998, 0.0000, 24.6238, 3.1415,-0.4452, 11.4951,-4.6799, 1.2228, 1.3924,0
 0.8950, 0.0000, 24.7431, 3.1415,-0.4770, 11.8495,-4.6799, 1.3014, 1.3931,0
 0.8898, 0.0000, 24.8625, 3.1415,-0.5077, 11.9203,-4.6799, 1.2972, 1.3938,0
 0.8845, 0.0000, 24.9819, 3.1415,-0.5259, 11.9343,-4.6799, 1.2840, 1.3945,0
 0.8791, 0.0000, 25.1044, 3.1415,-0.5356, 12.1886,-4.6799, 1.3620, 1.3952,0
 0.8738, 0.0000, 25.2238, 3.1415,-0.5315, 11.9882,-4.6799, 1.2969, 1.3960,0
 0.8686, 0.0000, 25.3463, 3.1415,-0.5246, 12.1992,-4.6799, 1.3817, 1.3967,0
 0.8638, 0.0000, 25.4657, 3.1415,-0.4929, 11.9903,-4.6799, 1.3341, 1.3974,0
 0.8593, 0.0000, 25.5819, 3.1415,-0.4563, 11.6972,-4.6799, 1.2687, 1.3981,0
 0.8553, 0.0000, 25.6950, 3.1415,-0.4126, 11.3872,-4.6799, 1.2078, 1.3988,0
 0.8514, 0.0000, 25.8081, 3.1415,-0.3917, 11.3253,-4.6799, 1.2352, 1.3995,0
 0.8478, 0.0000, 25.9149, 3.1415,-0.3633, 10.8099,-4.6799, 1.1266, 1.4003,0
 0.8448, 0.0000, 26.0218, 3.1415,-0.3151, 10.7072,-4.6799, 1.1525, 1.4010,0
 0.8422, 0.0000, 26.1254, 3.1415,-0.2752, 10.4352,-4.6799, 1.1321, 1.4017,0
 0.8398, 0.0000, 26.2228, 3.1415,-0.2430, 9.8783,-4.6799, 1.0341, 1.4024,0
 0.8376, 0.0000, 26.3202, 3.1415,-0.2244, 9.7668,-4.6799, 1.0669, 1.4031,0
 0.8358, 0.0000, 26.4145, 3.1415,-0.1904, 9.4931,-4.6799, 1.0570, 1.4039,0
 0.8342, 0.0000, 26.5056, 3.1415,-0.1654, 9.1871,-4.6799, 1.0404, 1.4046,0
 0.8328, 0.0000, 26.5935, 3.1415,-0.1482, 8.8744,-4.6799, 1.0237, 1.4053,0
 0.8315, 0.0000, 26.6784, 3.1415,-0.1327, 8.5606,-4.6799, 1.0079, 1.4060,0
 0.8302, 0.0000, 26.7569, 3.1415,-0.1296, 7.9955,-4.6799, 0.9333, 1.4067,0
 0.8290, 0.0000, 26.8354, 3.1415,-0.1168, 7.8822,-4.5239, 0.9642, 1.4074,0
 0.8280, 0.0000, 26.9108, 3.1415,-0.1082, 7.6082, 4.6799, 0.9582, 1.4082,0
 0.8277, 0.0000, 26.9831, 3.1415,-0.0459, 7.3021, 4.6799, 0.9446, 1.4089,0
 0.8274, 0.0000, 27.0553, 3.1415,-0.0334, 7.2409, 4.6799, 0.9815, 1.4096,0
 0.8274, 0.0000, 27.1213, 3.1415,-0.0006, 6.7263, 4.6799, 0.9248, 1.4103,0
 0.8279, 0.0000, 27.1873, 3.1415, 0.0362, 6.6229, 4.6799, 0.9481, 1.4110,0
 0.8287, 0.0000, 27.2501, 3.1415, 0.0739, 6.3511, 4.6799, 0.9379, 1.4118,0
 0.8299, 0.0000, 27.3098, 3.1415, 0.1057, 6.0454, 4.6799, 0.9208, 1.4125,0
 0.8312, 0.0000, 27.3695, 3.1415, 0.1242, 5.9843, 4.6799, 0.9450, 1.4132,0
 0.8324, 0.0000, 27.4261, 3.1415, 0.1279, 5.7206, 4.6799, 0.9330, 1.4139,0
 0.8341, 0.0000, 27.4826, 3.1415, 0.1589, 5.6682, 4.6799, 0.9543, 1.4146,0
 0.8360, 0.0000, 27.5360, 3.1415, 0.1833, 5.4062, 4.6799, 0.9403, 1.4153,0
 0.8381, 0.0000, 27.5863, 3.1415, 0.2064, 5.1023, 4.6799, 0.9192, 1.4161,0
 0.8405, 0.0000, 27.6365, 3.1415, 0.2292, 5.0416, 4.6799, 0.9327, 1.4168,0
 0.8431, 0.0000, 27.6868, 3.1415, 0.2520, 5.0294, 4.6799, 0.9518, 1.4175,0
 0.8458, 0.0000, 27.7339, 3.1415, 0.2686, 4.7758, 4.6799, 0.9351, 1.4182,0
 0.8487, 0.0000, 27.7811, 3.1415, 0.2902, 4.7251, 4.6799, 0.9450, 1.4189,0
 0.8519, 0.0000, 27.8282, 3.1415, 0.3066, 4.7148, 4.6799, 0.9590, 1.4197,0
 0.8550, 0.0000, 27.8722, 3.1415, 0.3159, 4.4614, 4.6799, 0.9394, 1.4204,0
 0.8583, 0.0000, 27.9161, 3.1415, 0.3239, 4.4109, 4.6799, 0.9449, 1.4211,0
 0.8613, 0.0000, 27.9601, 3.1415, 0.3073, 4.4007, 4.6799, 0.9540, 1.4218,0
 0.8643, 0.0000, 28.0010, 3.1415, 0.2979, 4.1475, 4.6799, 0.9322, 1.4225,0
 0.8672, 0.0000, 28.0418, 3.1415, 0.2960, 4.0965, 4.6799, 0.9337, 1.4232,0
 0.8701, 0.0000, 28.0826, 3.1415, 0.2896, 4.0868, 4.6799, 0.9387, 1.4240,0
 0.8729, 0.0000, 28.1203, 3.1415, 0.2822, 3.8332, 4.6799, 0.9153, 1.4247,0
 0.8755, 0.0000, 28.1580, 3.1415, 0.2626, 3.7825, 4.6799, 0.9135, 1.4254,0
 0.8780, 0.0000, 28.1957, 3.1415, 0.2526, 3.7725,-4.6799, 0.9135, 1.4254,1
 0.8806, 0.0000, 28.2303, 3.1415, 0.2566, 3.5189,-4.6799, 0.9135, 1.4254,1
 0.8830, 0.0000, 28.2680, 3.1415, 0.2453, 3.7196,-4.6799, 0.9135, 1.4254,1
 0.8854, 0.0000, 28.3026, 3.1415, 0.2431, 3.5085,-4.6799, 0.9135, 1.4254,1
 0.8876, 0.0000, 28.3403, 3.1415, 0.2183, 3.7176,-4.6799, 0.9135, 1.4254,1
 0.8896, 0.0000, 28.3748, 3.1415, 0.2073, 3.5081, 4.6799, 0.8867, 1.4261,0
 0.8915, 0.0000, 28.4094, 3.1415, 0.1930, 3.4663, 4.6799, 0.8797, 1.4268,0
 0.8934, 0.0000, 28.4471, 3.1415, 0.1901, 3.7091, 4.6799, 0.9000, 1.4276,0
 0.8952, 0.0000, 28.4816, 3.1415, 0.1835, 3.5064, 4.6799, 0.8748, 1.4283,0
 0.8969, 0.0000, 28.5193, 3.1415 0.0000, 28.6701, 3.1415, 0.1594, 4.0193, 4.6799, 0.8887, 1.4319053, 0.0000, 28.2868, 3.1415, 0.1774,-29.8583, 4.6799, 0.8887, 1.4319,1
 0.9067, 0.0000, 28.3277, 3.1415, 0.1446,-2.7043, 4.6799, 0.8887, 1.4319,1
 0.9079, 0.0000, 28.3685, 3.1415, 0.1259, 2.7263,-4.6799, 0.8887, 1.4319,1
 0.9090, 0.0000, 28.4125, 3.1415, 0.1161, 4.0637, 4.6799, 0.9424, 1.4326,0
 0.9101, 0.0000, 28.4596, 3.1415, 0.1141, 4.5827, 4.6799, 0.9998, 1.4333,0
 0.9111, 0.0000, 28.5036, 3.1415, 0.1016, 4.4352, 4.6799, 0.9746, 1.4340,0
 0.9120, 0.0000, 28.5539, 3.1415, 0.0930, 4.9081, 4.6799, 1.0274, 1.4347,0
 0.9129, 0.0000, 28.6010, 3.1415, 0.0853, 4.7516, 4.6799, 0.9961, 1.4355,0
 0.9135, 0.0000, 28.6544, 3.1415, 0.0716, 5.2229, 4.6799, 1.0487, 1.4355,0
 0.9142, 0.0000, 28.7078, 3.1415, 0.0689, 5.3168, 4.6799, 1.0474, 1.4355,0
 0.9148, 0.0000, 28.7612, 3.1415, 0.0562, 5.3359, 4.6799, 1.0332, 1.4355,0
 0.9152, 0.0000, 28.8209, 3.1415, 0.0476, 5.8424, 4.6799, 1.0913, 1.4355,0
 0.9155, 0.0000, 28.8806, 3.1415, 0.0337, , 3.1415,-0.1160, 8.6217,-4.6799, 0.6426, 1.4355,0
 0.8062, 0.0000, 32.4840, 3.1415,-0.0717, 8.5102,-4.6799, 0.6679, 1.4355,0
 0.8059, 0.0000, 32.5626, 3.1415,-0.0385, 7.9850,-4.6799, 0.5971, 1.4355,0
 0.8060, 0.0000, 32.6411, 3.1415,-0.0016, 7.8805,-4.6799, 0.6262, 1.4355,0
 0.8063, 0.0000, 32.7165, 3.1415, 0.0239, 7.6076,-4.6799, 0.6185, 1.4355,0
 0.8068, 0.0000, 32.7856, 3.1415, 0.0411, 7.0506,-4.6799, 0.5525, 1.4355,0
 0.8074, 0.0000, 32.8547, 3.1415, 0.0567, 6.9396,-4.6799, 0.5797, 1.4355,0
 0.8081, 0.0000, 32.9207, 3.1415, 0.0719, 6.6656,-4.6799, 0.5746, 1.4355,0
 0.8090, 0.0000, 32.9835, 3.1415, 0.0810, 6.3596,-4.6799, 0.5639, 1.4355,0
 0.8098, 0.0000, 33.0432, 3.1415, 0.0829, 6.0470,-4.6799, 0.5525, 1.4355,0
 0.8107, 0.0000, 33.1029, 3.1415, 0.0893, 5.9847, 4.6799, 0.5847, 1.4355,0
 0.8116, 0.0000, 33.1563, 3.1415, 0.0906, 5.4694, 4.6799, 0.5400, 1.4355,0
 0.8124, 0.0000, 33.2097, 3.1415, 0.0848, 5.3666, 4.6799, 0.5620, 1.4355,0
 0.8133, 0.0000, 33.2600, 3.1415, 0.0836, 5.0943, 4.6799, 0.5571, 1.4355,0
 0.8140, 0.0000, 33.3071, 3.1415, 0.0773, 4.7890, 4.6799, 0.5472, 1.4355,0
 0.8146, 0.0000, 33.3542, 3.1415, 0.0639, 4.7276, 4.6799, 0.5709, 1.4355,0
 0.8152, 0.0000, 33.3951, 3.1415, 0.0613, 4.2127, 4.6799, 0.5336, 1.4355,0
 0.8157, 0.0000, 33.4359, 3.1415, 0.0486, 4.1097, 4.6799, 0.5483, 1.4355,0
 0.8160, 0.0000, 33.4736, 3.1415, 0.0339, 3.8380, 4.6799, 0.5422, 1.4355,0
 0.8163, 0.0000, 33.5113, 3.1415, 0.0310, 3.7833, 4.6799, 0.5600, 1.4355,0
 0.8165, 0.0000, 33.5459, 3.1415, 0.0183, 3.5215, 4.6799, 0.5545, 1.4355,0
 0.8165, 0.0000, 33.5773, 3.1415, 0.0097, 3.2174, 4.6799, 0.5448, 1.4355,0
 0.8165, 0.0000, 33.6087, 3.1415,-0.0041, 3.1569, 4.6799, 0.5579, 1.4355,0
 0.8164, 0.0000, 33.6370, 3.1415,-0.0068, 2.8930, 4.6799, 0.5519, 1.4355,0
 0.8163, 0.0000, 33.6653, 3.1415,-0.0074, 2.8405, 4.6799, 0.5637, 1.4355,0
 0.8162, 0.0000, 33.6904, 3.1415,-0.0136, 2.5789, 4.6799, 0.5577, 1.4355,0
 0.8161, 0.0000, 33.7155, 3.1415,-0.0087, 2.5265, 4.6799, 0.5676, 1.4355,0
 0.8159, 0.0000, 33.7375, 3.1415,-0.0138, 2.2643, 4.6799, 0.5617, 1.4355,0
 0.8158, 0.0000, 33.7595, 3.1415,-0.0149, 2.2122, 4.6799, 0.5698, 1.4355,0
 0.8156, 0.0000, 33.7815, 3.1415,-0.0151, 2.2017, 4.6799, 0.5804, 1.4355,0
 0.8155, 0.0000, 33.8035, 3.1415,-0.0151, 2.1996, 4.6799, 0.5912, 1.4355,0
 0.8154, 0.0000, 33.8223, 3.1415,-0.0090, 1.9478, 4.6799, 0.5857, 1.4355,0
 0.8153, 0.0000, 33.8412, 3.1415,-0.0078, 1.8974, 4.6799, 0.5920, 1.4355,0
 0.8152, 0.0000, 33.8569, 3.1415,-0.0137, 1.6362, 4.6799, 0.5864, 1.4355,0
 0.8151, 0.0000, 33.8726, 3.1415,-0.0088, 1.5836, 4.6799, 0.5912, 1.4355,0
 0.8150, 0.0000, 33.8915, 3.1415,-0.0078, 1.8249, 4.6799, 0.6112, 1.4355,0
 0.8150, 0.0000, 33.9040, 3.1415,-0.0015, 1.3702, 4.6799, 0.5964, 1.4355,0
 0.8149, 0.0000, 33.9197, 3.1415,-0.0063, 1.5307, 4.6799, 0.6097, 1.4355,0
 0.8149, 0.0000, 33.9323, 3.1415,-0.0012, 1.3114, 4.6799, 0.6063, 1.4355,0
 0.8149, 0.0000, 33.9480, 3.1415,-0.0002, 1.5189, 4.6799, 0.6211, 1.4355,0
 0.8149, 0.0000, 33.9606, 3.1415,-0.0061, 1.3090, 4.6799, 0.6179, 1.4355,0
 0.8149, 0.0000, 33.9731, 3.1415,-0.0012, 1.2670, 4.6799, 0.6214, 1.4355,0
 0.8149, 0.0000, 33.9857, 3.1415,-0.0002, 1.2586, 4.6799, 0.6260, 1.4355,0
 0.8149, 0.0000, 33.9951, 3.1415,-0.0000, 1.0058, 4.6799, 0.6216, 1.4355,0
 0.8149, 0.0000, 34.0077, 3.1415,-0.0000, 1.2064, 4.6799, 0.6326, 1.4355,0
 0.8149, 0.0000, 34.0171, 3.1415,-0.0000, 0.9953, 4.6799, 0.6296, 1.4355,0
 0.8149, 0.0000, 34.0297, 3.1415,-0.0000, 1.2043, 4.6799, 0.6406, 1.4355,0
 0.8149, 0.0000, 34.0391, 3.1415,-0.0000, 0.9949, 4.6799, 0.6376, 1.4355,0
 0.8149, 0.0000, 34.0485, 3.1415,-0.0000, 0.9530, 4.6799, 0.6398, 1.4355,0
 0.8149, 0.0000, 34.0580, 3.1415,-0.0000, 0.9444, 4.6799, 0.6428, 1.4355,0
 0.8149, 0.0000, 34.0674, 3.1415,-0.0000, 0.9429, 4.6799, 0.6460, 1.4355,0
 0.8149, 0.0000, 34.0768, 3.1415,-0.0000, 0.9426, 4.6799, 0.6491, 1.4355,0
 0.8149, 0.0000, 34.0862, 3.1415,-0.0000, 0.9423, 4.6799, 0.6522, 1.4355,0
 0.8149, 0.0000, 34.0925, 3.1415,-0.0000, 0.6910, 4.6799, 0.6485, 1.4355,0
 0.8149, 0.0000, 34.1019, 3.1415,-0.0000, 0.8923, 4.6799, 0.6560, 1.4355,0
 0.8149, 0.0000, 34.1114, 3.1415,-0.0000, 0.9322, 4.6799, 0.6599, 1.4355,0
 0.8149, 0.0000, 34.1208, 3.1415,-0.0000, 0.9405, 4.6799, 0.6630, 1.4355,0
 0.8149, 0.0000, 34.1271, 3.1415,-0.0000, 0.6907, 4.6799, 0.6592, 1.4355,0
 0.8149, 0.0000, 34.1365, 3.1415,-0.0000, 0.8922, 4.6799, 0.6665, 1.4355,0
 0.8149, 0.0000, 34.1459, 3.1415,-0.0000, 0.9325, 4.6799, 0.6703, 1.4355,0
 0.8149, 0.0000, 34.1522, 3.1415,-0.0000, 0.6891, 4.6799, 0.6665, 1.4355,0
 0.8149, 0.0000, 34.1616, 3.1415,-0.0000, 0.8916, 4.6799, 0.6736, 1.4355,0
 0.8149, 0.0000, 34.1711, 3.1415,-0.0000, 0.9324, 4.6799, 0.6773, 1.4355,0
 0.8149, 0.0000, 34.1805, 3.1415,-0.0000, 0.9405, 4.6799, 0.6800, 1.4355,0
 0.8149, 0.0000, 34.1868, 3.1415,-0.0000, 0.6907, 4.6799, 0.6759, 1.4355,0
 0.8149, 0.0000, 34.1962, 3.1415,-0.0000, 0.8922, 4.6799, 0.6828, 1.4355,0
 0.8149, 0.0000, 34.2056, 3.1415,-0.0000, 0.9322, 4.6799, 0.6862, 1.4355,0
 0.8149, 0.0000, 34.2150, 3.1415,-0.0000, 0.9402, 4.6799, 0.6887, 1.4355,0
 0.8149, 0.0000, 34.2245, 3.1415,-0.0000, 0.9421, 4.6799, 0.6910, 1.4355,0
 0.8149, 0.0000, 34.2370, 3.1415,-0.0000, 1.1936, 4.6799, 0.7014, 1.4355,0
 0.8149, 0.0000, 34.2465, 3.1415,-0.0000, 0.9928, 4.6799, 0.6974, 1.4355,0
 0.8149, 0.0000, 34.2559, 3.1415,-0.0000, 0.9526, 4.6799, 0.6983, 1.4355,0
 0.8149, 0.0000, 34.2684, 3.1415,-0.0000, 1.1957, 4.6799, 0.7083, 1.4355,0
 0.8149, 0.0000, 34.2810, 3.1415,-0.0000, 1.2444, 4.6799, 0.7125, 1.4355,0
 0.8149, 0.0000, 34.2904, 3.1415,-0.0000, 1.0029, 4.6799, 0.7067, 1.4355,0
 0.8149, 0.0000, 34.3030, 3.1415,-0.0000, 1.2058, 4.6799, 0.7153, 1.4355,0
 0.8149, 0.0000, 34.3156, 3.1415,-0.0000, 1.2467, 4.6799, 0.7189, 1.4355,0
 0.8149, 0.0000, 34.3313, 3.1415,-0.0000, 1.5057, 4.6799, 0.7315, 1.4355,0
 0.8149, 0.0000, 34.3438, 3.1415,-0.0000, 1.3063, 4.6799, 0.7256, 1.4355,0
 0.8149, 0.0000, 34.3596, 3.1415,-0.0000, 1.5179, 4.6799, 0.7363, 1.4355,0
 0.8149, 0.0000, 34.3753, 3.1415,-0.0000, 1.5603, 4.6799, 0.7402, 1.4355,0
 0.8149, 0.0000, 34.3910, 3.1415,-0.0000, 1.5687, 4.6799, 0.7426, 1.4355,0
 0.8149, 0.0000, 34.4067, 3.1415,-0.0000, 1.5701, 4.6799, 0.7444, 1.4355,0
 0.8149, 0.0000, 34.4255, 3.1415,-0.0000, 1.8222, 4.6799, 0.7583, 1.4355,0
 0.8149, 0.0000, 34.4444, 3.1415,-0.0000, 1.8723, 4.6799, 0.7625, 1.4355,0
 0.8149, 0.0000, 34.4632, 3.1415,-0.0000, 1.8823,-4.6799, 0.7625, 1.4355,1
 0.8149, 0.0000, 34.4821, 3.1415,-0.0000, 1.8843,-4.6799, 0.7625, 1.4355,1
 0.8149, 0.0000, 34.5041, 3.1415,-0.0000, 2.1362,-4.6799, 0.7625, 1.4355,1
 0.8149, 0.0000, 34.5261, 3.1415,-0.0000, 2.1865,-4.6799, 0.7625, 1.4355,1
 0.8149, 0.0000, 34.5512, 3.1415,-0.0000, 2.4481,-4.6799, 0.7625, 1.4355,1
 0.8149, 0.0000, 34.5763, 3.1415,-0.0000, 2.5001,-4.6799, 0.7625, 1.4355,1
 0.8149, 0.0000, 34.6015, 3.1415,-0.0000, 2.5105,-4.6799, 0.7625, 1.4355,1
 0.8149, 0.0000, 34.6297, 3.1415, 0.0000, 2.7640,-4.6799, 0.7625, 1.4355,1
 0.8149, 0.0000, 34.6580, 3.1415, 0.0000, 2.8147, 4.6799, 0.8253, 1.4355,0
 0.8149, 0.0000, 34.6894, 3.1415, 0.0060, 3.0760, 4.6799, 0.8443, 1.4355,0
 0.8149, 0.0000, 34.7208, 3.1415, 0.0012, 3.1286, 4.6799, 0.8455, 1.4355,0
 0.8149, 0.0000, 34.7554, 3.1415, 0.0002, 3.3903, 4.6799, 0.8649, 1.4355,0
 0.8149, 0.0000, 34.7900, 3.1415, 0.0000, 3.4429, 4.6799, 0.8647, 1.4355,0
 0.8149, 0.0000, 34.8276, 3.1415, 0.0000, 3.7043, 4.6799, 0.8841, 1.4355,0
 0.8149, 0.0000, 34.8653, 3.1415, 0.0000, 3.7569, 4.6799, 0.8819, 1.4355,0
 0.8149, 0.0000, 34.9062, 3.1415, 0.0000, 4.0185, 4.6799, 0.9009, 1.4355,0
 0.8149, 0.0000, 34.9502, 3.1415, 0.0000, 4.3220, 4.6799, 0.9249, 1.4355,0
 0.8149, 0.0000, 34.9973, 3.1415,-0.0060, 4.6345, 4.6799, 0.9504, 1.4355,0
 0.8149, 0.0000, 35.0444, 3.1415,-0.0012, 4.6967, 4.6799, 0.9434, 1.4355,0
 0.8149, 0.0000, 35.0947, 3.1415,-0.0002, 4.9606, 4.6799, 0.9614, 1.4355,0
 0.8149, 0.0000, 35.1481, 3.1415,-0.0000, 5.2645, 4.6799, 0.9844, 1.4355,0
 0.8148, 0.0000, 35.2015, 3.1415,-0.0060, 5.3253, 4.6799, 0.9712, 1.4355,0
 0.8147, 0.0000, 35.2612, 3.1415,-0.0072, 5.8404, 4.6799, 1.0250, 1.4355,0
 0.8146, 0.0000, 35.3209, 3.1415,-0.0135, 5.9431, 4.6799, 1.0133, 1.4355,0
 0.8143, 0.0000, 35.3837, 3.1415,-0.0209, 6.2154, 4.6799, 1.0274, 1.4355,0
 0.8140, 0.0000, 35.4497, 3.1415,-0.0284, 6.5208, 4.6799, 1.0460, 1.4355,0
 0.8136, 0.0000, 35.5188, 3.1415,-0.0420, 6.8333, 4.6799, 1.0647, 1.4355,0
 0.8130, 0.0000, 35.5911, 3.1415,-0.0569, 7.1473, 4.6799, 1.0826, 1.4355,0
 0.8121, 0.0000, 35.6633, 3.1415,-0.0780, 7.2097, 4.6799, 1.0497, 1.4355,0
 0.8111, 0.0000, 35.7419, 3.1415,-0.1005, 7.7252, 4.6799, 1.1061, 1.4355,0
 0.8098, 0.0000, 35.8235, 3.1415,-0.1231, 8.0794, 4.6799, 1.1293, 1.4355,0
 0.8083, 0.0000, 35.9052, 3.1415,-0.1459, 8.1503, 4.6799, 1.0888, 1.4355,0
 0.8065, 0.0000, 35.9932, 3.1415,-0.1747, 8.6674,-3.2389, 1.1484, 1.4355,0
 0.8043, 0.0000, 36.0811, 3.1415,-0.2047, 8.7705,-4.6799, 1.1107, 1.4355,0
 0.8018, 0.0000, 36.1754, 3.1415,-0.2410, 9.2940,-4.6799, 1.1754, 1.4355,0
 0.7990, 0.0000, 36.2728, 3.1415,-0.2725, 9.6499,-4.6799, 1.2002, 1.4355,0
 0.7958, 0.0000, 36.3702, 3.1415,-0.3152, 9.7208,-4.6799, 1.1509, 1.4355,0
 0.7921, 0.0000, 36.4738, 3.1415,-0.3540, 10.2382,-4.6799, 1.2242, 1.4355,0
 0.7881, 0.0000, 36.5807, 3.1415,-0.3921, 10.5928,-4.6799, 1.2570, 1.4355,0
 0.7837, 0.0000, 36.6875, 3.1415,-0.4301, 10.6638,-4.6799, 1.2110, 1.4355,0
 0.7789, 0.0000, 36.7974, 3.1415,-0.4680, 10.9291,-4.6799, 1.2267, 1.4355,0
 0.7739, 0.0000, 36.9105, 3.1415,-0.4937, 11.2336,-4.6799, 1.2605, 1.4355,0
 0.7687, 0.0000, 37.0268, 3.1415,-0.5171, 11.5457,-4.6799, 1.3044, 1.4355,0
 0.7633, 0.0000, 37.1430, 3.1415,-0.5339, 11.6081,-4.6799, 1.2765, 1.4355,0
 0.7580, 0.0000, 37.2592, 3.1415,-0.5312, 11.6206,-4.6799, 1.2408, 1.4355,0
 0.7527, 0.0000, 37.3755, 3.1415,-0.5306, 11.6234,-4.6799, 1.2106, 1.4355,0
 0.7476, 0.0000, 37.4886, 3.1415,-0.5184, 11.3725,-4.6799, 1.1084, 1.4355,0
 0.7427, 0.0000, 37.6017, 3.1415,-0.4917, 11.3220,-4.6799, 1.0799, 1.4355,0
 0.7382, 0.0000, 37.7148, 3.1415,-0.4560, 11.3122,-4.6799, 1.0735, 1.4355,0
 0.7341, 0.0000, 37.8247, 3.1415,-0.4186, 11.0588,-4.6799, 0.9997, 1.4355,0
 0.7305, 0.0000, 37.9315, 3.1415,-0.3747, 10.7569,-4.6799, 0.9212, 1.4355,0
 0.7274, 0.0000, 38.0321, 3.1415,-0.3235, 10.1936,-4.6799, 0.7761, 1.4355,0
 0.7248, 0.0000, 38.1326, 3.1415,-0.2708, 10.0816,-4.6799, 0.7712, 1.4355,0
 0.7228, 0.0000, 38.2300, 3.1415,-0.2178, 9.8071,-4.6799, 0.7272, 1.4355,0
 0.7212, 0.0000, 38.3211, 3.1415,-0.1709, 9.2499,-4.6799, 0.6142, 1.4355,0
 0.7202, 0.0000, 38.4122, 3.1415,-0.1130, 9.1385,-4.6799, 0.6260, 1.4355,0
 0.7196, 0.0000, 38.4970, 3.1415,-0.0711, 8.6135,-4.6799, 0.5373, 1.4355,0
 0.7194, 0.0000, 38.5819, 3.1415,-0.0263, 8.5086,-4.6799, 0.5575, 1.4355,0
 0.7196, 0.0000, 38.6604, 3.1415, 0.0068, 7.9846,-4.6799, 0.4815, 1.4355,0
 0.7201, 0.0000, 38.7358, 3.1415, 0.0377, 7.6290,-4.6799, 0.4492, 1.4355,0
 0.7207, 0.0000, 38.8112, 3.1415, 0.0621, 7.5576,-4.6799, 0.4817, 1.4355,0
 0.7216, 0.0000, 38.8803, 3.1415, 0.0851, 7.0406,-4.6799, 0.4212, 1.4355,0
 0.7227, 0.0000, 38.9494, 3.1415, 0.1019, 6.9373,-4.6799, 0.4475, 1.4355,0
 0.7240, 0.0000, 39.0122, 3.1415, 0.1234, 6.4140,-4.6799, 0.3930, 1.4355,0
 0.7254, 0.0000, 39.0751, 3.1415, 0.1338, 6.3093,-4.6799, 0.4183, 1.4355,0
 0.7268, 0.0000, 39.1316, 3.1415, 0.1419, 5.7857,-4.6799, 0.3697, 1.4355,0
 0.7283, 0.0000, 39.1882, 3.1415, 0.1496, 5.6810,-4.6799, 0.3932, 1.4355,0
 0.7298, 0.0000, 39.2416, 3.1415, 0.1511, 5.4086,-4.6799, 0.3892, 1.4355,0
 0.7313, 0.0000, 39.2919, 3.1415, 0.1515, 5.1030,-4.6799, 0.3803, 1.4355,0
 0.7329, 0.0000, 39.3390, 3.1415, 0.1515, 4.7904,-4.6799, 0.3708, 1.4355,0
 0.7343, 0.0000, 39.3830, 3.1415, 0.1455, 4.4767, 4.6799, 0.3616, 1.4355,0
 0.7357, 0.0000, 39.4238, 3.1415, 0.1382, 4.1625, 4.6799, 0.3526, 1.4355,0
 0.7369, 0.0000, 39.4646, 3.1415, 0.1246, 4.0997, 4.6799, 0.3742, 1.4355,0
 0.7381, 0.0000, 39.5023, 3.1415, 0.1219, 3.8359, 4.6799, 0.3714, 1.4355,0
 0.7392, 0.0000, 39.5338, 3.1415, 0.1153, 3.2806, 4.6799, 0.3379, 1.4355,0
 0.7402, 0.0000, 39.5652, 3.1415, 0.1018, 3.1692, 4.6799, 0.3496, 1.4355,0
 0.7411, 0.0000, 39.5966, 3.1415, 0.0931, 3.1469, 4.6799, 0.3691, 1.4355,0
 0.7420, 0.0000, 39.6217, 3.1415, 0.0853, 2.6401, 4.6799, 0.3450, 1.4355,0
 0.7427, 0.0000, 39.6469, 3.1415, 0.0776, 2.5385, 4.6799, 0.3545, 1.4355,0
 0.7433, 0.0000, 39.6688, 3.1415, 0.0640, 2.2670, 4.6799, 0.3509, 1.4355,0
 0.7438, 0.0000, 39.6877, 3.1415, 0.0491, 1.9615, 4.6799, 0.3452, 1.4355,0
 0.7442, 0.0000, 39.7065, 3.1415, 0.0401, 1.8998, 4.6799, 0.3542, 1.4355,0
 0.7444, 0.0000, 39.7191, 3.1415, 0.0262, 1.3852, 4.6799, 0.3387, 1.4355,0
 0.7445, 0.0000, 39.7348, 3.1415, 0.0113, 1.5337, 4.6799, 0.3549, 1.4355,0
 0.7445, 0.0000, 39.7442, 3.1415, 0.0022, 1.0608, 4.6799, 0.3437, 1.4355,0
 0.7444, 0.0000, 39.7537, 3.1415,-0.0056, 0.9662, 4.6799, 0.3470, 1.4355,0
 0.7442, 0.0000, 39.7599, 3.1415,-0.0132, 0.6958,-4.4972, 0.3447, 1.4355,0
 0.7441, 0.0000, 39.7631, 3.1415,-0.0147, 0.3906,-4.6799, 0.3421, 1.4355,0
 0.7439, 0.0000, 39.7662, 3.1415,-0.0150, 0.3292,-4.6799, 0.3435, 1.4355,0
 0.7437, 0.0000, 39.7662, 3.1415,-0.0212, 0.0658,-4.6799, 0.3420, 1.4355,0
 0.7435, 0.0000, 39.7662, 3.1415,-0.0163, 0.0131,-4.6799, 0.3419, 1.4355,0
 0.7433, 0.0000, 39.7631, 3.1415,-0.0214,-0.2485,-4.6799, 0.3408, 1.4355,0
 0.7431, 0.0000, 39.7599, 3.1415,-0.0224,-0.3011,-4.6799, 0.3392, 1.4355,0
 0.7429, 0.0000, 39.7537, 3.1415,-0.0226,-0.5628,-4.6799, 0.3384, 1.4355,0
 0.7426, 0.0000, 39.7442, 3.1415,-0.0287,-0.8666,-4.6799, 0.3385, 1.4355,0
 0.7423, 0.0000, 39.7348, 3.1415,-0.0239,-0.9274,-4.6799, 0.3340, 1.4355,0
 0.7421, 0.0000, 39.7222, 3.1415,-0.0229,-1.1907,-4.6799, 0.3337, 1.4355,0
 0.7420, 0.0000, 39.7065, 3.1415,-0.0167,-1.4948,-4.6799, 0.3349, 1.4355,0
 0.7417, 0.0000, 39.6908, 3.1415,-0.0215,-1.5553,-4.6799, 0.3273, 1.4355,0
 0.7417, 0.0000, 39.6751, 3.1415,-0.0103,-1.5677,-4.6799, 0.3175, 1.4355,0
 0.7415, 0.0000, 39.6563, 3.1415,-0.0141,-1.8214,-4.6799, 0.3170, 1.4355,0
 0.7414, 0.0000, 39.6343, 3.1415,-0.0089,-2.1236,-4.6799, 0.3190, 1.4355,0
 0.7413, 0.0000, 39.6091, 3.1415,-0.0078,-2.4355,-4.6799, 0.3220, 1.4355,0
 0.7413, 0.0000, 39.5840, 3.1415,-0.0076,-2.4976,-4.6799, 0.3092, 1.4355,0
 0.7412, 0.0000, 39.5557, 3.1415,-0.0075,-2.7611,-4.6799, 0.3092, 1.4355,0
 0.7412, 0.0000, 39.5243, 3.1415,-0.0015,-3.0656,-4.6799, 0.3123, 1.4355,0
 0.7412, 0.0000, 39.4929, 3.1415,-0.0003,-3.1265,-4.6799, 0.2957, 1.4355,0
 0.7412, 0.0000, 39.4584, 3.1415,-0.0000,-3.3898,-4.6799, 0.2954, 1.4355,0
 0.7412, 0.0000, 39.4207, 3.1415,-0.0000,-3.6937,-4.6799, 0.2988, 1.4355,0
 0.7412, 0.0000, 39.3798, 3.1415,-0.0000,-4.0062,-4.6799, 0.3035, 1.4355,0
 0.7413, 0.0000, 39.3358, 3.1415, 0.0060,-4.3196,-4.6799, 0.3085, 1.4355,0
 0.7413, 0.0000, 39.2919, 3.1415, 0.0072,-4.3826,-4.6799, 0.2846, 1.4355,0
 0.7414, 0.0000, 39.2447, 3.1415, 0.0075,-4.6463,-4.6799, 0.2841, 1.4355,0
 0.7415, 0.0000, 39.1945, 3.1415, 0.0075,-4.9505,-0.1503, 0.2890, 1.4355,0
 0.7417, 0.0000, 39.1411, 3.1415, 0.0197,-5.2625, 4.6799, 0.2954, 1.4355,0
 0.7420, 0.0000, 39.0845, 3.1415, 0.0221,-5.5764, 4.6799, 0.3030, 1.4355,0
 0.7423, 0.0000, 39.0248, 3.1415, 0.0286,-5.8906, 4.6799, 0.3115, 1.4355,0
 0.7426, 0.0000, 38.9620, 3.1415, 0.0360,-6.2043, 4.6799, 0.3213, 1.4355,0
 0.7432, 0.0000, 38.8992, 3.1415, 0.0557,-6.2677, 4.6799, 0.2898, 1.4355,0
 0.7439, 0.0000, 38.8300, 3.1415, 0.0657,-6.7827, 4.6799, 0.3383, 1.4355,0
 0.7448, 0.0000, 38.7609, 3.1415, 0.0859,-6.8857, 4.6799, 0.3138, 1.4355,0
 0.7459, 0.0000, 38.6855, 3.1415, 0.1020,-7.4089, 4.6799, 0.3723, 1.4355,0
 0.7473, 0.0000, 38.6101, 3.1415, 0.1295,-7.5135, 4.6799, 0.3502, 1.4355,0
 0.7489, 0.0000, 38.5284, 3.1415, 0.1532,-8.0374, 4.6799, 0.4194, 1.4355,0
 0.7507, 0.0000, 38.4468, 3.1415, 0.1761,-8.1419, 4.6799, 0.4015, 1.4355,0
 0.7529, 0.0000, 38.3588, 3.1415, 0.2110,-8.6654, 4.6799, 0.4838, 1.4355,0
 0.7553, 0.0000, 38.2708, 3.1415, 0.2362,-8.7704, 4.6799, 0.4730, 1.4355,0
 0.7581, 0.0000, 38.1766, 3.1415, 0.2715,-9.2937, 4.6799, 0.5714, 1.4355,0
 0.7612, 0.0000, 38.0823, 3.1415, 0.3029,-9.3987, 4.6799, 0.5707, 1.4355,0
 0.7647, 0.0000, 37.9850, 3.1415, 0.3394,-9.6705, 4.6799, 0.6203, 1.4355,0
 0.7685, 0.0000, 37.8813, 3.1415, 0.3710,-10.2278, 4.6799, 0.7583, 1.4355,0
 0.7726, 0.0000, 37.7776, 3.1415, 0.4016,-10.3396, 4.6799, 0.7808, 1.4355,0
 0.7770, 0.0000, 37.6739, 3.1415, 0.4320,-10.3616, 4.6799, 0.7852, 1.4355,0
 0.7816, 0.0000, 37.5640, 3.1415, 0.4562,-10.8690, 4.6799, 0.9423, 1.4355,0
 0.7864, 0.0000, 37.4572, 3.1415, 0.4732,-10.7187, 4.6799, 0.9112, 1.4355,0
 0.7911, 0.0000, 37.3472, 3.1415, 0.4766,-10.9401, 4.6799, 1.0015, 1.4355,0
 0.7959, 0.0000, 37.2372, 3.1415, 0.4773,-10.9847, 4.6799, 1.0464, 1.4355,0
 0.8005, 0.0000, 37.1273, 3.1415, 0.4653,-10.9933, 4.6799, 1.0880, 1.4355,0
 0.8050, 0.0000, 37.0205, 3.1415, 0.4508,-10.7435, 4.6799, 1.0569, 1.4355,0
 0.8091, 0.0000, 36.9137, 3.1415, 0.4175,-10.6939, 4.6799, 1.0932, 1.4355,0
 0.8129, 0.0000, 36.8069, 3.1415, 0.3866,-10.6840, 4.6799, 1.1473, 1.4355,0
 0.8162, 0.0000, 36.7063, 3.1415, 0.3441,-10.1791, 4.6799, 1.0582, 1.4355,0
 0.8192, 0.0000, 36.6089, 3.1415, 0.3052,-9.8272, 4.6799, 1.0200, 1.4355,0
 0.8216, 0.0000, 36.5115, 3.1415, 0.2550,-9.7565, 4.6799, 1.0641, 1.4355,0
 0.8237, 0.0000, 36.4173, 3.1415, 0.2147,-9.4909, 4.6799, 1.0564, 1.4355,0
 0.8252, 0.0000, 36.3293, 3.1415, 0.1642,-8.9352, 4.6799, 0.9743, 1.4355,0
 0.8263, 0.0000, 36.2414, 3.1415, 0.1237,-8.8244, 4.6799, 1.0091, 1.4355,0
 0.8269, 0.0000, 36.1597, 3.1415, 0.0732,-8.2993,-4.6799, 0.9417, 1.4355,0
 0.8272, 0.0000, 36.0811, 3.1415, 0.0389,-7.9431,-4.6799, 0.9171, 1.4355,0
 0.8271, 0.0000, 36.0026, 3.1415,-0.0043,-7.8718,-4.6799, 0.9575, 1.4355,0
 0.8267, 0.0000, 35.9303, 3.1415,-0.0311,-7.3547,-4.6799, 0.8984, 1.4355,0
 0.8260, 0.0000, 35.8612, 3.1415,-0.0608,-7.0001,-4.6799, 0.8755, 1.4355,0
 0.8252, 0.0000, 35.7921, 3.1415,-0.0788,-6.9295,-4.6799, 0.9091, 1.4355,0
 0.8242, 0.0000, 35.7293, 3.1415,-0.0945,-6.4121,-4.6799, 0.8545, 1.4355,0
 0.8231, 0.0000, 35.6665, 3.1415,-0.1038,-6.3092,-4.6799, 0.8772, 1.4355,0
 0.8219, 0.0000, 35.6099, 3.1415,-0.1177,-5.7854,-4.6799, 0.8243, 1.4355,0
 0.8207, 0.0000, 35.5534, 3.1415,-0.1205,-5.6810,-4.6799, 0.8423, 1.4355,0
 0.8194, 0.0000, 35.5031, 3.1415,-0.1271,-5.1575,-4.6799, 0.7926, 1.4355,0
 0.8181, 0.0000, 35.4528, 3.1415,-0.1285,-5.0528,-4.6799, 0.8064, 1.4355,0
 0.8168, 0.0000, 35.4088, 3.1415,-0.1287,-4.5292,-4.6799, 0.7603, 1.4355,0
 0.8155, 0.0000, 35.3649, 3.1415,-0.1288,-4.4242,-4.6799, 0.7705, 1.4355,0
 0.8143, 0.0000, 35.3240, 3.1415,-0.1227,-4.1520,-4.6799, 0.7586, 1.4355,0
 0.8131, 0.0000, 35.2863, 3.1415,-0.1215,-3.8464,-4.6799, 0.7427, 1.4355,0
 0.8119, 0.0000, 35.2518, 3.1415,-0.1213,-3.5338,-4.6799, 0.7266, 1.4355,0
 0.8108, 0.0000, 35.2203, 3.1415,-0.1091,-3.2198,-4.6799, 0.7111, 1.4355,0
 0.8098, 0.0000, 35.1921, 3.1415,-0.1067,-2.9062,-4.6799, 0.6965, 1.4355,0
 0.8088, 0.0000, 35.1669, 3.1415,-0.1001,-2.5917,-4.6799, 0.6828, 1.4355,0
 0.8080, 0.0000, 35.1418, 3.1415,-0.0867,-2.5288,-4.6799, 0.6884, 1.4355,0
 0.8072, 0.0000, 35.1198, 3.1415,-0.0779,-2.2651,-4.6799, 0.6793, 1.4355,0
 0.8066, 0.0000, 35.1041, 3.1415,-0.0641,-1.7097,-4.6799, 0.6543, 1.4355,0
 0.8061, 0.0000, 35.0884, 3.1415,-0.0491,-1.5986,-4.6799, 0.6550, 1.4355,0
 0.8058, 0.0000, 35.0758, 3.1415,-0.0401,-1.3249,-4.6799, 0.6483, 1.4355,0
 0.8055, 0.0000, 35.0633, 3.1415,-0.0322,-1.2702,-4.6799, 0.6507, 1.4355,0
 0.8053, 0.0000, 35.0570, 3.1415,-0.0185,-0.7566,-4.6799, 0.6383, 1.4355,0
 0.8052, 0.0000, 35.0507, 3.1415,-0.0097,-0.6539,-4.6799, 0.6384, 1.4355,0
 0.8052, 0.0000, 35.0507, 3.1415,-0.0019,-0.1307,-4.6799, 0.6327, 1.4355,0
 0.8054, 0.0000, 35.0507, 3.1415, 0.0117,-0.0261,-4.6799, 0.6325, 1.4355,0
 0.8055, 0.0000, 35.0538, 3.1415, 0.0084, 0.2459,-4.6799, 0.6322, 1.4355,0
 0.8056, 0.0000, 35.0570, 3.1415, 0.0138, 0.3006,-4.6799, 0.6316, 1.4355,0
 0.8058, 0.0000, 35.0664, 3.1415, 0.0148, 0.8139, 4.6799, 0.6363, 1.4355,0
 0.8060, 0.0000, 35.0758, 3.1415, 0.0211, 0.9168, 4.6799, 0.6355, 1.4355,0
 0.8061, 0.0000, 35.0884, 3.1415, 0.0163, 1.1886, 4.6799, 0.6390, 1.4355,0
 0.8064, 0.0000, 35.1041, 3.1415, 0.0214, 1.4944, 4.6799, 0.6447, 1.4355,0
 0.8066, 0.0000, 35.1198, 3.1415, 0.0224, 1.5556, 4.6799, 0.6413, 1.4355,0
 0.8068, 0.0000, 35.1418, 3.1415, 0.0226, 2.0704, 4.6799, 0.6589, 1.4355,0
 0.8071, 0.0000, 35.1638, 3.1415, 0.0227, 2.1734, 4.6799, 0.6562, 1.4355,0
 0.8072, 0.0000, 35.1889, 3.1415, 0.0166, 2.4451, 4.6799, 0.6633, 1.4355,0
 0.8074, 0.0000, 35.2172, 3.1415, 0.0154, 2.7509, 4.6799, 0.6733, 1.4355,0
 0.8075, 0.0000, 35.2455, 3.1415, 0.0152, 2.8121, 4.6799, 0.6654, 1.4355,0
 0.8076, 0.0000, 35.2800, 3.1415, 0.0091, 3.3270, 4.6799, 0.6936, 1.4355,0
 0.8076, 0.0000, 35.3146, 3.1415, 0.0018, 3.4299, 4.6799, 0.6866, 1.4355,0
 0.8076, 0.0000, 35.3523, 3.1415, 0.0003, 3.7020, 4.6799, 0.6948, 1.4355,0
 0.8076, 0.0000, 35.3931, 3.1415, 0.0000, 4.0076, 4.6799, 0.7064, 1.4355,0
 0.8075, 0.0000, 35.4371, 3.1415,-0.0060, 4.3198, 4.6799, 0.7189, 1.4355,0
 0.8074, 0.0000, 35.4842, 3.1415,-0.0133, 4.6341, 4.6799, 0.7318, 1.4355,0
 0.8072, 0.0000, 35.5345, 3.1415,-0.0147, 4.9478, 4.6799, 0.7444, 1.4355,0
 0.8071, 0.0000, 35.5879, 3.1415,-0.0150, 5.2623, 4.6799, 0.7571, 1.4355,0
 0.8068, 0.0000, 35.6445, 3.1415,-0.0272, 5.5763, 4.6799, 0.7693, 1.4355,0
 0.8064, 0.0000, 35.7010, 3.1415,-0.0357, 5.6392, 4.6799, 0.7427, 1.4355,0
 0.8058, 0.0000, 35.7638, 3.1415,-0.0495, 6.1540, 4.6799, 0.7861, 1.4355,0
 0.8052, 0.0000, 35.8267, 3.1415,-0.0644, 6.2576, 4.6799, 0.7615, 1.4355,0
 0.8043, 0.0000, 35.8958, 3.1415,-0.0795, 6.7804, 4.6799, 0.8090, 1.4355,0
 0.8033, 0.0000, 35.9680, 3.1415,-0.0947, 7.1370, 4.6799, 0.8276, 1.4355,0
 0.8021, 0.0000, 36.0403, 3.1415,-0.1159, 7.2077, 3.4903, 0.7904, 1.4355,0
 0.8008, 0.0000, 36.1188, 3.1415,-0.1323, 7.7248,-4.6799, 0.8421, 1.4355,0
 0.7991, 0.0000, 36.1974, 3.1415,-0.1598, 7.8282,-4.6799, 0.8083, 1.4355,0
 0.7972, 0.0000, 36.2791, 3.1415,-0.1835, 8.1000,-4.6799, 0.8106, 1.4355,0
 0.7950, 0.0000, 36.3670, 3.1415,-0.2125, 8.6570,-4.6799, 0.8793, 1.4355,0
 0.7925, 0.0000, 36.4550, 3.1415,-0.2426, 8.7687,-4.6799, 0.8460, 1.4355,0
 0.7897, 0.0000, 36.5461, 3.1415,-0.2728, 9.0422,-4.6799, 0.8532, 1.4355,0
 0.7866, 0.0000, 36.6435, 3.1415,-0.3031, 9.5995,-4.6799, 0.9363, 1.4355,0
 0.7832, 0.0000, 36.7377, 3.1415,-0.3334, 9.4595,-4.6799, 0.8417, 1.4355,0
 0.7795, 0.0000, 36.8383, 3.1415,-0.3577, 9.9342,-4.6799, 0.9135, 1.4355,0
 0.7757, 0.0000, 36.9388, 3.1415,-0.3807, 10.0297,-4.6799, 0.8879, 1.4355,0
 0.7717, 0.0000, 37.0425, 3.1415,-0.3914, 10.2997,-4.6799, 0.9163, 1.4355,0
 0.7676, 0.0000, 37.1461, 3.1415,-0.4057, 10.3537,-4.6799, 0.8896, 1.4355,0
 0.7636, 0.0000, 37.2498, 3.1415,-0.4085, 10.3645,-4.6799, 0.8570, 1.4355,0
 0.7595, 0.0000, 37.3535, 3.1415,-0.4030, 10.3666,-4.6799, 0.8289, 1.4355,0
 0.7557, 0.0000, 37.4540, 3.1415,-0.3898, 10.1156,-4.6799, 0.7359, 1.4355,0
 0.7520, 0.0000, 37.5577, 3.1415,-0.3690, 10.3168,-4.6799, 0.7792, 1.4355,0
 0.7486, 0.0000, 37.6582, 3.1415,-0.3466, 10.1059,-4.6799, 0.7123, 1.4355,0
 0.7456, 0.0000, 37.7556, 3.1415,-0.3118, 9.8123,-4.6799, 0.6310, 1.4355,0
 0.7429, 0.0000, 37.8499, 3.1415,-0.2806, 9.5024,-4.6799, 0.5542, 1.4355,0
 0.7407, 0.0000, 37.9410, 3.1415,-0.2319, 9.1886,-4.6799, 0.4848, 1.4355,0
 0.7388, 0.0000, 38.0321, 3.1415,-0.1919, 9.1262,-4.6799, 0.4873, 1.4355,0
 0.7374, 0.0000, 38.1200, 3.1415,-0.1535, 8.8626,-4.6799, 0.4442, 1.4355,0
 0.7364, 0.0000, 38.2017, 3.1415,-0.1095, 8.3069,-4.6799, 0.3368, 1.4355,0
 0.7357, 0.0000, 38.2834, 3.1415,-0.0764, 8.1958,-4.6799, 0.3414, 1.4355,0
 0.7355, 0.0000, 38.3588, 3.1415,-0.0334, 7.6712,-4.6799, 0.2564, 1.4355,0
 0.7355, 0.0000, 38.4342, 3.1415,-0.0066, 7.5660,-4.6799, 0.2687, 1.4355,0
 0.7357, 0.0000, 38.5033, 3.1415, 0.0168, 7.0423,-4.6799, 0.1962, 1.4355,0
 0.7363, 0.0000, 38.5724, 3.1415, 0.0458, 6.9376,-4.6799, 0.2126, 1.4355,0
 0.7369, 0.0000, 38.6384, 3.1415, 0.0576, 6.6652,-4.6799, 0.1980, 1.4355,0
 0.7377, 0.0000, 38.6981, 3.1415, 0.0782, 6.1084,-4.6799, 0.1338, 1.4355,0
 0.7386, 0.0000, 38.7578, 3.1415, 0.0884, 5.9967,-4.6799, 0.1515, 1.4355,0
 0.7397, 0.0000, 38.8143, 3.1415, 0.1025, 5.7235,-4.6799, 0.1427, 1.4355,0
 0.7408, 0.0000, 38.8677, 3.1415, 0.1114, 5.4171,-4.6799, 0.1297, 1.4355,0
 0.7420, 0.0000, 38.9149, 3.1415, 0.1193, 4.8532,-4.6799, 0.0801, 1.4355,0
 0.7433, 0.0000, 38.9620, 3.1415, 0.1269, 4.7407,-4.6799, 0.0970, 1.4355,0
 0.7446, 0.0000, 39.0060, 3.1415, 0.1284, 4.4665,-4.6799, 0.0919, 1.4355,0
 0.7459, 0.0000, 39.0468, 3.1415, 0.1287, 4.1605,-4.6799, 0.0834, 1.4355,0
 0.7472, 0.0000, 39.0845, 3.1415, 0.1288, 3.8481,-4.6799, 0.0749, 1.4355,0
 0.7484, 0.0000, 39.1191, 3.1415, 0.1227, 3.5339,-4.6799, 0.0669, 1.4355,0
 0.7495, 0.0000, 39.1505, 3.1415, 0.1155, 3.2202,-4.6799, 0.0596, 1.4355,0
 0.7507, 0.0000, 39.1788, 3.1415, 0.1140, 2.9060,-4.6799, 0.0528, 1.4355,0
 0.7517, 0.0000, 39.2070, 3.1415, 0.1076, 2.8434,-4.6799, 0.0681, 1.4355,0
 0.7527, 0.0000, 39.2290, 3.1415, 0.1003, 2.3277,-4.6799, 0.0465, 1.4355,0
 0.7536, 0.0000, 39.2479, 3.1415, 0.0928, 1.9734,-4.6799, 0.0387, 1.4355,0
 0.7544, 0.0000, 39.2667, 3.1415, 0.0792, 1.9028,-4.6799, 0.0484, 1.4355,0
 0.7551, 0.0000, 39.2793, 3.1415, 0.0704, 1.3858,-4.6799, 0.0336, 1.4355,0
 0.7556, 0.0000, 39.2919, 3.1415, 0.0565, 1.2824,-4.6799, 0.0388, 1.4355,0
 0.7561, 0.0000, 39.3013, 3.1415, 0.0476, 1.0105,-4.6799, 0.0368, 1.4355,0
 0.7563, 0.0000, 39.3076, 3.1415, 0.0277, 0.7047,-4.6799, 0.0340, 1.4355,0
 0.7564, 0.0000, 39.3076, 3.1415, 0.0176, 0.1409,-4.6799, 0.0273, 1.4355,0
 0.7564, 0.0000, 39.3076, 3.1415, 0.0035, 0.0281,-4.6799, 0.0270, 1.4355,0
 0.7564, 0.0000, 39.3044, 3.1415, 0.0007,-0.2458,-4.6799, 0.0256, 1.4355,0
 0.7563, 0.0000, 39.3013, 3.1415,-0.0119,-0.3003,-4.6799, 0.0238, 1.4355,0
 0.7561, 0.0000, 39.2919, 3.1415,-0.0205,-0.8141,-4.6799, 0.0250, 1.4355,0
 0.7559, 0.0000, 39.2793, 3.1415,-0.0162,-1.1680,-4.6799, 0.0258, 1.4355,0
 0.7556, 0.0000, 39.2667, 3.1415,-0.0275,-1.2388,-4.6799, 0.0192, 1.4355,0
 0.7554, 0.0000, 39.2479, 3.1415,-0.0236,-1.7559,-4.6799, 0.0273, 1.4355,0
 0.7551, 0.0000, 39.2290, 3.1415,-0.0289,-1.8590,-4.6799, 0.0190, 1.4355,0
 0.7548, 0.0000, 39.2070, 3.1415,-0.0300,-2.1308,-4.6799, 0.0184, 1.4355,0
 0.7545, 0.0000, 39.1819, 3.1415,-0.0302,-2.4369,-4.6799, 0.0200, 1.4355,0
 0.7542, 0.0000, 39.1536, 3.1415,-0.0303,-2.7493, 4.0034, 0.0225, 1.4355,0
 0.7539, 0.0000, 39.1222, 3.1415,-0.0242,-3.0632, 4.6799, 0.0257, 1.4355,0
 0.7537, 0.0000, 39.0908, 3.1415,-0.0230,-3.1257, 4.6799, 0.0088, 1.4355,0
 0.7536, 0.0000, 39.0531, 3.1415,-0.0167,-3.6412, 4.6799, 0.0311, 1.4355,0
 0.7535, 0.0000, 39.0122, 3.1415,-0.0094,-3.9954, 4.6799, 0.0405, 1.4355,0
 0.7535, 0.0000, 38.9714, 3.1415,-0.0018,-4.0663, 4.6799, 0.0203, 1.4355,0
 0.7535, 0.0000, 38.9243, 3.1415,-0.0003,-4.5830, 4.6799, 0.0508, 1.4355,0
 0.7536, 0.0000, 38.8772, 3.1415, 0.0120,-4.6867, 4.6799, 0.0327, 1.4355,0
 0.7538, 0.0000, 38.8269, 3.1415, 0.0145,-4.9583, 4.6799, 0.0364, 1.4355,0
 0.7541, 0.0000, 38.7703, 3.1415, 0.0271,-5.5155, 4.6799, 0.0819, 1.4355,0
 0.7544, 0.0000, 38.7138, 3.1415, 0.0296,-5.6270, 4.6799, 0.0642, 1.4355,0
 0.7548, 0.0000, 38.6541, 3.1415, 0.0423,-5.9007, 4.6799, 0.0727, 1.4355,0
 0.7554, 0.0000, 38.5913, 3.1415, 0.0509,-6.2064, 4.6799, 0.0885, 1.4355,0
 0.7561, 0.0000, 38.5253, 3.1415, 0.0708,-6.5192, 4.6799, 0.1084, 1.4355,0
 0.7570, 0.0000, 38.4530, 3.1415, 0.0869,-7.0844, 4.6799, 0.1791, 1.4355,0
 0.7582, 0.0000, 38.3808, 3.1415, 0.1083,-7.1972, 4.6799, 0.1676, 1.4355,0
 0.7596, 0.0000, 38.3054, 3.1415, 0.1368,-7.4715, 4.6799, 0.1914, 1.4355,0
 0.7613, 0.0000, 38.2269, 3.1415, 0.1607,-7.7772, 4.6799, 0.2264, 1.4355,0
 0.7632, 0.0000, 38.1452, 3.1415, 0.1837,-8.0901, 4.6799, 0.2684, 1.4355,0
 0.7654, 0.0000, 38.0635, 3.1415, 0.2125,-8.1524, 4.6799, 0.2595, 1.4355,0
 0.7678, 0.0000, 37.9755, 3.1415, 0.2365,-8.6675, 4.6799, 0.3609, 1.4355,0
 0.7705, 0.0000, 37.8844, 3.1415, 0.2655,-9.0220, 4.6799, 0.4337, 1.4355,0
 0.7735, 0.0000, 37.7933, 3.1415, 0.2895,-9.0929, 4.6799, 0.4426, 1.4355,0
 0.7766, 0.0000, 37.6991, 3.1415, 0.3065,-9.3585, 4.6799, 0.5080, 1.4355,0
 0.7799, 0.0000, 37.6017, 3.1415, 0.3280,-9.6628, 4.6799, 0.5925, 1.4355,0
 0.7834, 0.0000, 37.5043, 3.1415