 0.0000, 0.0000, 0.0000, 3.1415, 0.0000, 0.0000, 0.0000, 0.0000,-0.7180,0
 0.0000, 0.0000, 0.0000, 3.1415, 0.0000, 0.0000, 0.0000, 0.0000,-0.7180,0
 0.0000, 0.0000, 0.0000, 3.1415, 0.0000, 0.0000, 0.0000, 0.0000,-0.7180,0
 0.0000, 0.0000, 0.0000, 3.1415, 0.0000, 0.0000, 0.0000, 0.0000,-0.7180,0
 0.0000, 0.0000, 0.0000, 3.1415, 0.0000, 0.0000, 0.0000, 0.0000,-0.7180,0
 0.0000, 0.0000, 0.0000, 3.1415, 0.0000, 0.0000, 0.0000, 0.0000,-0.7180,0
 0.0000, 0.0000, 0.0000, 3.1415, 0.0000, 0.0000, 0.0000, 0.0000,-0.7180,0
 0.0000, 0.0000, 0.0000, 3.1415, 0.0000, 0.0000, 0.0000, 0.0000,-0.7180,0
 0.0000, 0.0000, 0.0000, 3.1415, 0.0000, 0.0000, 0.0000, 0.0000,-0.7180,0
 0.0000, 0.0000, 0.0000, 3.1415, 0.0000, 0.0000, 0.0000, 0.0000,-0.7180,0
 0.0000, 0.0000, 0.0000, 3.1415, 0.0000, 0.0000, 0.0000, 0.0000,-0.7180,0
 0.0000, 0.0000, 0.0000, 3.1415, 0.0000, 0.0000, 0.0000, 0.0000,-0.7180,0
 0.0000, 0.0000, 0.0000, 3.1415, 0.0000, 0.0000, 0.0000, 0.0000,-0.7180,0
 0.0000, 0.0000, 0.0000, 3.1415, 0.0000, 0.0000, 0.0000, 0.0000,-0.7180,0
 0.0000, 0.0000, 0.0000, 3.1415, 0.0000, 0.0000, 0.0000, 0.0000,-0.7180,0
 0.0000, 0.0000, 0.0000, 3.1415, 0.0000, 0.0000, 0.0000, 0.0000,-0.7180,0
 0.0000, 0.0000, 0.0000, 3.1415, 0.0000, 0.0000, 0.0000, 0.0000,-0.7180,0
 0.0000, 0.0000, 0.0000, 3.1415, 0.0000, 0.0000, 0.0000, 0.0000,-0.7180,0
 0.0000, 0.0000, 0.0000, 3.1415, 0.0000, 0.0000, 0.0000, 0.0000,-0.7180,0
 0.0000, 0.0000, 0.0000, 3.1415, 0.0000, 0.0000, 0.0000, 0.0000,-0.7180,0
 0.0000, 0.0000, 0.0000, 3.1415, 0.0000, 0.0000, 0.0000, 0.0000,-0.7180,0
 0.0000, 0.0000, 0.0000, 3.1415, 0.0000, 0.0000, 0.0000, 0.0000,-0.7180,0
 0.0000, 0.0000, 0.0000, 3.1415, 0.0000, 0.0000, 0.0000, 0.0000,-0.7180,0
 0.0000, 0.0000, 0.0000, 3.1415, 0.0000, 0.0000, 0.0000, 0.0000,-0.7180,0
 0.0000, 0.0000, 0.0000, 3.1415, 0.0000, 0.0000, 0.0000, 0.0000,-0.7180,0
 0.0000, 0.0000, 0.0000, 3.1415, 0.0000, 0.0000, 0.0000, 0.0000,-0.7180,0
 0.0000, 0.0000, 0.0000, 3.1415, 0.0000, 0.0000, 0.0000, 0.0000,-0.7180,0
 0.0000, 0.0000, 0.0000, 3.1415, 0.0000, 0.0000, 0.0000, 0.0000,-0.7180,0
 0.0000, 0.0000, 0.0000, 3.1415, 0.0000, 0.0000, 0.0000, 0.0000,-0.7180,0
 0.0000, 0.0000, 0.0000, 3.1415, 0.0000, 0.0000, 0.0000, 0.0000,-0.7180,0
 0.0000, 0.0000, 0.0000, 3.1415, 0.0000, 0.0000, 0.0000, 0.0000,-0.7180,0
 0.0000, 0.0000, 0.0000, 3.1415, 0.0000, 0.0000, 0.0000, 0.0000,-0.7180,0
 0.0000, 0.0000, 0.0000, 3.1415, 0.0000, 0.0000, 0.0000, 0.0000,-0.7180,0
 0.0000, 0.0000, 0.0000, 3.1415, 0.0000, 0.0000, 0.0000, 0.0000,-0.7180,0
 0.0000, 0.0000, 0.0000, 3.1415, 0.0000, 0.0000, 0.0000, 0.0000,-0.7180,0
 0.0000, 0.0000, 0.0000, 3.1415, 0.0000, 0.0000, 0.0000, 0.0000,-0.7180,0
 0.0000, 0.0000, 0.0000, 3.1415, 0.0000, 0.0000, 0.0000, 0.0000,-0.7180,0
 0.0000, 0.0000, 0.0000, 3.1415, 0.0000, 0.0000, 0.0000, 0.0000,-0.7180,0
 0.0000, 0.0000, 0.0000, 3.1415, 0.0000, 0.0000, 0.0000, 0.0000,-0.7180,0
 0.0000, 0.0000, 0.0000, 3.1415, 0.0000, 0.0000, 0.0000, 0.0000,-0.7180,0
 0.0000, 0.0000, 0.0000, 3.1415, 0.0000, 0.0000, 0.0000, 0.0000,-0.7180,0
 0.0000, 0.0000, 0.0000, 3.1415, 0.0000, 0.0000, 0.0000, 0.0000,-0.7180,0
 0.0000, 0.0000, 0.0000, 3.1415, 0.0000, 0.0000, 0.0000, 0.0000,-0.7180,0
 0.0000, 0.0000, 0.0000, 3.1415, 0.0000, 0.0000, 0.0000, 0.0000,-0.7180,0
 0.0000, 0.0000, 0.0000, 3.1415, 0.0000, 0.0000, 0.0000, 0.0000,-0.7180,0
 0.0000, 0.0000, 0.0000, 3.1415, 0.0000, 0.0000, 0.0000, 0.0000,-0.7180,0
 0.0000, 0.0000, 0.0000, 3.1415, 0.0000, 0.0000, 0.0000, 0.0000,-0.7180,0
 0.0000, 0.0000, 0.0000, 3.1415, 0.0000, 0.0000, 0.0000, 0.0000,-0.7180,0
 0.0000, 0.0000, 0.0000, 3.1415, 0.0000, 0.0000, 0.0000, 0.0000,-0.7180,0
 0.0000, 0.0000, 0.0000, 3.1415, 0.0000, 0.0000, 0.0000, 0.0000,-0.7180,0
 0.0000, 0.0000, 0.0000, 3.1415, 0.0000, 0.0000, 0.0000, 0.0000,-0.7180,0
 0.0000, 0.0000, 0.0000, 3.1415, 0.0000, 0.0000, 0.0000, 0.0000,-0.7180,0
 0.0000, 0.0000, 0.0000, 3.1415, 0.0000, 0.0000, 0.0000, 0.0000,-0.7180,0
 0.0000, 0.0000, 0.0000, 3.1415, 0.0000, 0.0000, 0.0000, 0.0000,-0.7180,0
 0.0000, 0.0000, 0.0000, 3.1415, 0.0000, 0.0000, 0.0000, 0.0000,-0.7180,0
 0.0000, 0.0000, 0.0000, 3.1415, 0.0000, 0.0000, 0.0000, 0.0000,-0.7180,0
 0.0000, 0.0000, 0.0000, 3.1415, 0.0000, 0.0000, 0.0000, 0.0000,-0.7180,0
 0.0000, 0.0000, 0.0000, 3.1415, 0.0000, 0.0000, 0.0000, 0.0000,-0.7180,0
 0.0000, 0.0000, 0.0000, 3.1415, 0.0000, 0.0000, 0.0000, 0.0000,-0.7180,0
 0.0000, 0.0000, 0.0000, 3.1415, 0.0000, 0.0000, 0.0000, 0.0000,-0.7180,0
 0.0000, 0.0000, 0.0000, 3.1415, 0.0000, 0.0000, 0.0000, 0.0000,-0.7180,0
 0.0000, 0.0000, 0.0000, 3.1415, 0.0000, 0.0000, 0.0000, 0.0000,-0.7180,0
 0.0000, 0.0000, 0.0000, 3.1415, 0.0000, 0.0000, 0.0000, 0.0000,-0.7180,0
 0.0000, 0.0000, 0.0000, 3.1415, 0.0000, 0.0000, 0.0000, 0.0000,-0.7180,0
 0.0000, 0.0000, 0.0000, 3.1415, 0.0000, 0.0000, 0.0000, 0.0000,-0.7180,0
 0.0000, 0.0000, 0.0000, 3.1415, 0.0000, 0.0000, 0.0000, 0.0000,-0.7180,0
 0.0000, 0.0000, 0.0000, 3.1415, 0.0000, 0.0000, 0.0000, 0.0000,-0.7180,0
 0.0000, 0.0000, 0.0000, 3.1415, 0.0000, 0.0000, 0.0000, 0.0000,-0.7180,0
 0.0000, 0.0000, 0.0000, 3.1415, 0.0000, 0.0000, 0.0000, 0.0000,-0.7180,0
 0.0000, 0.0000, 0.0000, 3.1415, 0.0000, 0.0000, 0.0000, 0.0000,-0.7180,0
 0.0000, 0.0000, 0.0000, 3.1415, 0.0000, 0.0000, 0.0000, 0.0000,-0.7180,0
 0.0000, 0.0000, 0.0000, 3.1415, 0.0000, 0.0000, 0.0000, 0.0000,-0.7180,0
 0.0000, 0.0000, 0.0000, 3.1415, 0.0000, 0.0000, 0.0000, 0.0000,-0.7180,0
 0.0000, 0.0000, 0.0000, 3.1415, 0.0000, 0.0000, 0.0000, 0.0000,-0.7180,0
 0.0000, 0.0000, 0.0000, 3.1415, 0.0000, 0.0000, 0.0000, 0.0000,-0.7180,0
 0.0000, 0.0000, 0.0000, 3.1415, 0.0000, 0.0000, 0.0000, 0.0000,-0.7180,0
 0.0000, 0.0000, 0.0000, 3.1415, 0.0000, 0.0000, 0.0000, 0.0000,-0.7180,0
 0.0000, 0.0000, 0.0000, 3.1415, 0.0000, 0.0000, 0.0000, 0.0000,-0.7180,0
 0.0000, 0.0000, 0.0000, 3.1415, 0.0000, 0.0000, 0.0000, 0.0000,-0.7180,0
 0.0000, 0.0000, 0.0000, 3.1415, 0.0000, 0.0000, 0.0000, 0.0000,-0.7180,0
 0.0000, 0.0000, 0.0000, 3.1415, 0.0000, 0.0000, 0.0000, 0.0000,-0.7180,0
 0.0000, 0.0000, 0.0000, 3.1415, 0.0000, 0.0000, 0.0000, 0.0000,-0.7180,0
 0.0000, 0.0000, 0.0000, 3.1415, 0.0000, 0.0000, 0.0000, 0.0000,-0.7180,0
 0.0000, 0.0000, 0.0000, 3.1415, 0.0000, 0.0000, 0.0000, 0.0000,-0.7180,0
 0.0000, 0.0000, 0.0000, 3.1415, 0.0000, 0.0000, 0.0000, 0.0000,-0.7180,0
 0.0000, 0.0000, 0.0000, 3.1415, 0.0000, 0.0000, 0.0000, 0.0000,-0.7180,0
 0.0000, 0.0000, 0.0000, 3.1415, 0.0000, 0.0000, 0.0000, 0.0000,-0.7180,0
 0.0000, 0.0000, 0.0000, 3.1415, 0.0000, 0.0000, 0.0000, 0.0000,-0.7180,0
 0.0000, 0.0000, 0.0000, 3.1415, 0.0000, 0.0000, 0.0000, 0.0000,-0.7180,0
 0.0000, 0.0000, 0.0000, 3.1415, 0.0000, 0.0000, 0.0000, 0.0000,-0.7180,0
 0.0000, 0.0000, 0.0000, 3.1415, 0.0000, 0.0000, 0.0000, 0.0000,-0.7180,0
 0.0000, 0.0000, 0.0000, 3.1415, 0.0000, 0.0000, 0.0000, 0.0000,-0.7180,0
 0.0000, 0.0000, 0.0000, 3.1415, 0.0000, 0.0000, 0.0000, 0.0000,-0.7180,0
 0.0000, 0.0000, 0.0000, 3.1415, 0.0000, 0.0000, 0.0000, 0.0000,-0.7180,0
 0.0000, 0.0000, 0.0000, 3.1415, 0.0000, 0.0000, 0.0000, 0.0000,-0.7180,0
 0.0000, 0.0000, 0.0000, 3.1415, 0.0000, 0.0000, 0.0000, 0.0000,-0.7180,0
 0.0000, 0.0000, 0.0000, 3.1415, 0.0000, 0.0000, 0.0000, 0.0000,-0.7180,0
 0.0000, 0.0000, 0.0000, 3.1415, 0.0000, 0.0000, 0.0000, 0.0000,-0.7180,0
 0.0000, 0.0000, 0.0000, 3.1415, 0.0000, 0.0000, 0.0000, 0.0000,-0.7180,0
 0.0000, 0.0000, 0.0000, 3.1415, 0.0000, 0.0000, 0.0000, 0.0000,-0.7180,0
 0.0000, 0.0000, 0.0000, 3.1415, 0.0000, 0.0000, 0.0000, 0.0000,-0.7180,0
 0.0000, 0.0000, 0.0000, 3.1415, 0.0000, 0.0000, 0.0000, 0.0000,-0.7180,0
 0.0000, 0.0000, 0.0000, 3.1415, 0.0000, 0.0000, 0.0000, 0.0000,-0.7180,0
 0.0000, 0.0000, 0.0000, 3.1415, 0.0000, 0.0000, 0.0000, 0.0000,-0.7180,0
 0.0000, 0.0000, 0.0000, 3.1415, 0.0000, 0.0000, 0.0000, 0.0000,-0.7180,0
 0.0000, 0.0000, 0.0000, 3.1415, 0.0000, 0.0000, 0.0000, 0.0000,-0.7180,0
 0.0000, 0.0000, 0.0000, 3.1415, 0.0000, 0.0000, 0.0000, 0.0000,-0.7180,0
 0.0000, 0.0000, 0.0000, 3.1415, 0.0000, 0.0000, 0.0000, 0.0000,-0.7180,0
 0.0000, 0.0000, 0.0000, 3.1415, 0.0000, 0.0000, 0.0000, 0.0000,-0.7180,0
 0.0000, 0.0000, 0.0000, 3.1415, 0.0000, 0.0000, 0.0000, 0.0000,-0.7180,0
 0.0000, 0.0000, 0.0000, 3.1415, 0.0000, 0.0000, 0.0000, 0.0000,-0.7180,0
 0.0000, 0.0000, 0.0000, 3.1415, 0.0000, 0.0000, 0.0000, 0.0000,-0.7180,0
 0.0000, 0.0000, 0.0000, 3.1415, 0.0000, 0.0000, 0.0000, 0.0000,-0.7180,0
 0.0000, 0.0000, 0.0000, 3.1415, 0.0000, 0.0000, 0.0000, 0.0000,-0.7180,0
 0.0000, 0.0000, 0.0000, 3.1415, 0.0000, 0.0000, 0.0000, 0.0000,-0.7180,0
 0.0000, 0.0000, 0.0000, 3.1415, 0.0000, 0.0000, 0.0000, 0.0000,-0.7180,0
 0.0000, 0.0000, 0.0000, 3.1415, 0.0000, 0.0000, 0.0000, 0.0000,-0.7180,0
 0.0000, 0.0000, 0.0000, 3.1415, 0.0000, 0.0000, 0.0000, 0.0000,-0.7180,0
 0.0000, 0.0000, 0.0000, 3.1415, 0.0000, 0.0000, 0.0000, 0.0000,-0.7180,0
 0.0000, 0.0000, 0.0000, 3.1415, 0.0000, 0.0000, 0.0000, 0.0000,-0.7180,0
 0.0000, 0.0000, 0.0000, 3.1415, 0.0000, 0.0000, 0.0000, 0.0000,-0.7180,0
 0.0000, 0.0000, 0.0000, 3.1415, 0.0000, 0.0000, 0.0000, 0.0000,-0.7180,0
 0.0000, 0.0000, 0.0000, 3.1415, 0.0000, 0.0000, 0.0000, 0.0000,-0.7180,0
 0.0000, 0.0000, 0.0000, 3.1415, 0.0000, 0.0000, 0.0000, 0.0000,-0.7180,0
 0.0000, 0.0000, 0.0000, 3.1415, 0.0000, 0.0000, 0.0000, 0.0000,-0.7180,0
 0.0000, 0.0000, 0.0000, 3.1415, 0.0000, 0.0000, 0.0000, 0.0000,-0.7180,0
 0.0000, 0.0000, 0.0000, 3.1415, 0.0000, 0.0000, 0.0000, 0.0000,-0.7180,0
 0.0000, 0.0000, 0.0000, 3.1415, 0.0000, 0.0000, 0.0000, 0.0000,-0.7180,0
 0.0000, 0.0000, 0.0000, 3.1415, 0.0000, 0.0000, 0.0000, 0.0000,-0.7180,0
 0.0000, 0.0000, 0.0000, 3.1415, 0.0000, 0.0000, 0.0000, 0.0000,-0.7180,0
 0.0000, 0.0000, 0.0000, 3.1415, 0.0000, 0.0000, 0.0000, 0.0000,-0.7180,0
 0.0000, 0.0000, 0.0000, 3.1415, 0.0000, 0.0000, 0.0000, 0.0000,-0.7180,0
 0.0000, 0.0000, 0.0000, 3.1415, 0.0000, 0.0000, 0.0000, 0.0000,-0.7180,0
 0.0000, 0.0000, 0.0000, 3.1415, 0.0000, 0.0000, 0.0000, 0.0000,-0.7180,0
 0.0000, 0.0000, 0.0000, 3.1415, 0.0000, 0.0000, 0.0000, 0.0000,-0.7180,0
 0.0000, 0.0000, 0.0000, 3.1415, 0.0000, 0.0000, 0.0000, 0.0000,-0.7180,0
 0.0000, 0.0000, 0.0000, 3.1415, 0.0000, 0.0000, 0.0000, 0.0000,-0.7180,0
 0.0000, 0.0000, 0.0000, 3.1415, 0.0000, 0.0000, 0.0000, 0.0000,-0.7180,0
 0.0000, 0.0000, 0.0000, 3.1415, 0.0000, 0.0000, 0.0000, 0.0000,-0.7180,0
 0.0000, 0.0000, 0.0000, 3.1415, 0.0000, 0.0000, 0.0000, 0.0000,-0.7180,0
 0.0000, 0.0000, 0.0000, 3.1415, 0.0000, 0.0000, 0.0000, 0.0000,-0.7180,0
 0.0000, 0.0000, 0.0000, 3.1415, 0.0000, 0.0000, 0.0000, 0.0000,-0.7180,0
 0.0000, 0.0000, 0.0000, 3.1415, 0.0000, 0.0000, 0.0000, 0.0000,-0.7180,0
 0.0000, 0.0000, 0.0000, 3.1415, 0.0000, 0.0000, 0.0000, 0.0000,-0.7180,0
 0.0000, 0.0000, 0.0000, 3.1415, 0.0000, 0.0000, 0.0000, 0.0000,-0.7180,0
 0.0000, 0.0000, 0.0000, 3.1415, 0.0000, 0.0000, 0.0000, 0.0000,-0.7180,0
 0.0000, 0.0000, 0.0000, 3.1415, 0.0000, 0.0000, 0.0000, 0.0000,-0.7180,0
 0.0000, 0.0000, 0.0000, 3.1415, 0.0000, 0.0000, 0.0000, 0.0000,-0.7180,0
 0.0000, 0.0000, 0.0000, 3.1415, 0.0000, 0.0000, 0.0000, 0.0000,-0.7180,0
 0.0000, 0.0000, 0.0000, 3.1415, 0.0000, 0.0000, 0.0000, 0.0000,-0.7180,0
 0.0000, 0.0000, 0.0000, 3.1415, 0.0000, 0.0000, 0.0000, 0.0000,-0.7180,0
 0.0000, 0.0000, 0.0000, 3.1415, 0.0000, 0.0000, 0.0000, 0.0000,-0.7180,0
 0.0000, 0.0000, 0.0000, 3.1415, 0.0000, 0.0000, 0.0000, 0.0000,-0.7180,0
 0.0000, 0.0000, 0.0000, 3.1415, 0.0000, 0.0000, 0.0000, 0.0000,-0.7180,0
 0.0000, 0.0000, 0.0000, 3.1415, 0.0000, 0.0000, 0.0000, 0.0000,-0.7180,0
 0.0000, 0.0000, 0.0000, 3.1415, 0.0000, 0.0000, 0.0000, 0.0000,-0.7180,0
 0.0000, 0.0000, 0.0000, 3.1415, 0.0000, 0.0000, 0.0000, 0.0000,-0.7180,0
 0.0000, 0.0000, 0.0000, 3.1415, 0.0000, 0.0000, 0.0000, 0.0000,-0.7180,0
 0.0000, 0.0000, 0.0000, 3.1415, 0.0000, 0.0000, 0.0000, 0.0000,-0.7180,0
 0.0000, 0.0000, 0.0000, 3.1415, 0.0000, 0.0000, 0.0000, 0.0000,-0.7180,0
 0.0000, 0.0000, 0.0000, 3.1415, 0.0000, 0.0000, 0.0000, 0.0000,-0.7180,0
 0.0000, 0.0000, 0.0000, 3.1415, 0.0000, 0.0000, 0.0000, 0.0000,-0.7180,0
 0.0000, 0.0000, 0.0000, 3.1415, 0.0000, 0.0000, 0.0000, 0.0000,-0.7180,0
 0.0000, 0.0000, 0.0000, 3.1415, 0.0000, 0.0000, 0.0000, 0.0000,-0.7180,0
 0.0000, 0.0000, 0.0000, 3.1415, 0.0000, 0.0000, 0.0000, 0.0000,-0.7180,0
 0.0000, 0.0000, 0.0000, 3.1415, 0.0000, 0.0000, 0.0000, 0.0000,-0.7180,0
 0.0000, 0.0000, 0.0000, 3.1415, 0.0000, 0.0000, 0.0000, 0.0000,-0.7180,0
 0.0000, 0.0000, 0.0000, 3.1415, 0.0000, 0.0000, 0.0000, 0.0000,-0.7180,0
 0.0000, 0.0000, 0.0000, 3.1415, 0.0000, 0.0000, 0.0000, 0.0000,-0.7180,0
 0.0000, 0.0000, 0.0000, 3.1415, 0.0000, 0.0000, 0.0000, 0.0000,-0.7180,0
 0.0000, 0.0000, 0.0000, 3.1415, 0.0000, 0.0000, 0.0000, 0.0000,-0.7180,0
 0.0000, 0.0000, 0.0000, 3.1415, 0.0060, 0.0000, 0.0000, 0.0000,-0.7180,0
 0.0000, 0.0000, 0.0000, 3.1415, 0.0012, 0.0000, 0.0000, 0.0000,-0.7180,0
 0.0000, 0.0000, 0.0000, 3.1415, 0.0002, 0.0000, 0.0000, 0.0000,-0.7180,0
 0.0000, 0.0000, 0.0000, 3.1415, 0.0000, 0.0000, 0.0000, 0.0000,-0.7180,0
 0.0000, 0.0000, 0.0000, 3.1415, 0.0000, 0.0000, 0.0000, 0.0000,-0.7180,0
 0.0001, 0.0000, 0.0000, 3.1415, 0.0060, 0.0000, 0.0000, 0.0000,-0.7180,0
 0.0001, 0.0000, 0.0000, 3.1415, 0.0012, 0.0000, 0.0000, 0.0000,-0.7180,0
 0.0002, 0.0000, 0.0000, 3.1415, 0.0063, 0.0000, 0.0000, 0.0000,-0.7180,0
 0.0002, 0.0000, 0.0000, 3.1415, 0.0012, 0.0000, 0.0000, 0.0000,-0.7180,0
 0.0003, 0.0000, 0.0000, 3.1415, 0.0063, 0.0000, 0.0000, 0.0000,-0.7180,0
 0.0003, 0.0000, 0.0000, 3.1415, 0.0012, 0.0000, 0.0000, 0.0000,-0.7180,0
 0.0003, 0.0000, 0.0000, 3.1415, 0.0063, 0.0000, 0.0000, 0.0000,-0.7180,0
 0.0003, 0.0000, 0.0000, 3.1415, 0.0012, 0.0000, 0.0000, 0.0000,-0.7180,0
 0.0004, 0.0000, 0.0000, 3.1415, 0.0063, 0.0000, 0.0000, 0.0000,-0.7180,0
 0.0004, 0.0000, 0.0000, 3.1415, 0.0012, 0.0000, 0.0000, 0.0000,-0.7180,0
 0.0005, 0.0000, 0.0000, 3.1415, 0.0063, 0.0000, 0.0000, 0.0000,-0.7180,0
 0.0006, 0.0000, 0.0000, 3.1415, 0.0073, 0.0000, 0.0000, 0.0000,-0.7180,0
 0.0006, 0.0000, 0.0000, 3.1415, 0.0075, 0.0000, 0.0000, 0.0000,-0.7180,0
 0.0007, 0.0000, 0.0000, 3.1415, 0.0075, 0.0000, 0.0000, 0.0000,-0.7180,0
 0.0008, 0.0000, 0.0000, 3.1415, 0.0075, 0.0000, 0.0000, 0.0000,-0.7180,0
 0.0009, 0.0000,-0.0031, 3.1415, 0.0075,-0.2513, 0.0000, 0.0000,-0.7180,0
 0.0010, 0.0000,-0.0031, 3.1415, 0.0136,-0.0502, 0.0000, 0.0000,-0.7180,0
 0.0011, 0.0000,-0.0031, 3.1415, 0.0087,-0.0100, 0.0000, 0.0000,-0.7180,0
 0.0012, 0.0000,-0.0031, 3.1415, 0.0138,-0.0020, 0.0000, 0.0000,-0.7180,0
 0.0013, 0.0000,-0.0031, 3.1415, 0.0088,-0.0004, 0.0000, 0.0000,-0.7180,0
 0.0015, 0.0000,-0.0031, 3.1415, 0.0138,-0.0000, 0.0000, 0.0000,-0.7180,0
 0.0015, 0.0000,-0.0031, 3.1415, 0.0088,-0.0000, 0.0000, 0.0000,-0.7180,0
 0.0016, 0.0000,-0.0031, 3.1415, 0.0078,-0.0000, 0.0000, 0.0000,-0.7180,0
 0.0017, 0.0000,-0.0031, 3.1415, 0.0076,-0.0000, 0.0000, 0.0000,-0.7180,0
 0.0018, 0.0000,-0.0031, 3.1415, 0.0075,-0.0000, 0.0000, 0.0000,-0.7180,0
 0.0018, 0.0000,-0.0031, 3.1415, 0.0075,-0.0000, 0.0000, 0.0000,-0.7180,0
 0.0018, 0.0000,-0.0031, 3.1415, 0.0015,-0.0000, 0.0000, 0.0000,-0.7180,0
 0.0018, 0.0000,-0.0031, 3.1415, 0.0003,-0.0000, 0.0000, 0.0000,-0.7180,0
 0.0019, 0.0000,-0.0031, 3.1415, 0.0061,-0.0000, 0.0000, 0.0000,-0.7180,0
 0.0019, 0.0000,-0.0031, 3.1415, 0.0012,-0.0000, 0.0000, 0.0000,-0.7180,0
 0.0019, 0.0000,-0.0031, 3.1415, 0.0002,-0.0000, 0.0000, 0.0000,-0.7180,0
 0.0019, 0.0000,-0.0031, 3.1415, 0.0000,-0.0000, 0.0000, 0.0000,-0.7180,0
 0.0019, 0.0000,-0.0031, 3.1415, 0.0000,-0.0000, 0.0000, 0.0000,-0.7180,0
 0.0019, 0.0000,-0.0031, 3.1415, 0.0000,-0.0000, 0.0000, 0.0000,-0.7180,0
 0.0019, 0.0000,-0.0031, 3.1415, 0.0000,-0.0000, 0.0000, 0.0000,-0.7180,0
 0.0019, 0.0000,-0.0031, 3.1415, 0.0000,-0.0000, 0.0000, 0.0000,-0.7180,0
 0.0019, 0.0000, 0.0000, 3.1415, 0.0000, 0.2513, 0.0000, 0.0000,-0.7180,0
 0.0019, 0.0000, 0.0000, 3.1415, 0.0000, 0.0502, 0.0000, 0.0000,-0.7180,0
 0.0019, 0.0000, 0.0000, 3.1415, 0.0000, 0.0100, 0.0000, 0.0000,-0.7180,0
 0.0019, 0.0000, 0.0000, 3.1415, 0.0000, 0.0020, 0.0000, 0.0000,-0.7180,0
 0.0019, 0.0000, 0.0000, 3.1415, 0.0000, 0.0004, 0.0000, 0.0000,-0.7180,0
 0.0019, 0.0000, 0.0000, 3.1415, 0.0000, 0.0000, 0.0000, 0.0000,-0.7180,0
 0.0019, 0.0000, 0.0000, 3.1415, 0.0000, 0.0000, 0.0000, 0.0000,-0.7180,0
 0.0019, 0.0000, 0.0000, 3.1415, 0.0000, 0.0000, 0.0000, 0.0000,-0.7180,0
 0.0019, 0.0000, 0.0000, 3.1415, 0.0000, 0.0000, 0.0000, 0.0000,-0.7180,0
 0.0019, 0.0000, 0.0000, 3.1415, 0.0000, 0.0000, 0.0000, 0.0000,-0.7180,0
 0.0019, 0.0000, 0.0031, 3.1415, 0.0000, 0.2513, 0.0000, 0.0000,-0.7180,0
 0.0019, 0.0000, 0.0031, 3.1415, 0.0000, 0.0502, 0.0000, 0.0000,-0.7180,0
 0.0019, 0.0000, 0.0031, 3.1415, 0.0000, 0.0100, 0.0000, 0.0000,-0.7180,0
 0.0019, 0.0000, 0.0031, 3.1415, 0.0000, 0.0020, 0.0000, 0.0000,-0.7180,0
 0.0019, 0.0000, 0.0031, 3.1415, 0.0000, 0.0004, 0.0000, 0.0000,-0.7180,0
 0.0019, 0.0000, 0.0031, 3.1415, 0.0000, 0.0000, 0.0000, 0.0000,-0.7180,0
 0.0019, 0.0000, 0.0031, 3.1415, 0.0000, 0.0000, 0.0000, 0.0000,-0.7180,0
 0.0019, 0.0000, 0.0031, 3.1415, 0.0000, 0.0000, 0.0000, 0.0000,-0.7180,0
 0.0019, 0.0000, 0.0031, 3.1415, 0.0000, 0.0000, 0.0000, 0.0000,-0.7180,0
 0.0019, 0.0000, 0.0031, 3.1415, 0.0000, 0.0000, 0.0000, 0.0000,-0.7180,0
 0.0019, 0.0000, 0.0031, 3.1415, 0.0000, 0.0000, 0.0000, 0.0000,-0.7180,0
 0.0019, 0.0000, 0.0031, 3.1415, 0.0000, 0.0000, 0.0000, 0.0000,-0.7180,0
 0.0019, 0.0000, 0.0031, 3.1415, 0.0000, 0.0000, 0.0000, 0.0000,-0.7180,0
 0.0019, 0.0000, 0.0031, 3.1415, 0.0000, 0.0000, 0.0000, 0.0000,-0.7180,0
 0.0019, 0.0000, 0.0062, 3.1415, 0.0000, 0.2513, 0.0000, 0.0000,-0.7180,0
 0.0019, 0.0000, 0.0062, 3.1415, 0.0000, 0.0502, 0.0000, 0.0000,-0.7180,0
 0.0019, 0.0000, 0.0062, 3.1415, 0.0000, 0.0100, 0.0000, 0.0000,-0.7180,0
 0.0019, 0.0000, 0.0062, 3.1415, 0.0000, 0.0020, 0.0000, 0.0000,-0.7180,0
 0.0019, 0.0000, 0.0062, 3.1415, 0.0000, 0.0004, 0.0000, 0.0000,-0.7180,0
 0.0019, 0.0000, 0.0062, 3.1415, 0.0000, 0.0000, 0.0000, 0.0000,-0.7180,0
 0.0019, 0.0000, 0.0062, 3.1415, 0.0000, 0.0000, 0.0000, 0.0000,-0.7180,0
 0.0019, 0.0000, 0.0062, 3.1415, 0.0000, 0.0000, 0.0000, 0.0000,-0.7180,0
 0.0019, 0.0000, 0.0062, 3.1415, 0.0000, 0.0000, 0.0000, 0.0000,-0.7180,0
 0.0019, 0.0000, 0.0062, 3.1415, 0.0000, 0.0000, 0.0000, 0.0000,-0.7180,0
 0.0019, 0.0000, 0.0062, 3.1415, 0.0000, 0.0000, 0.0000, 0.0000,-0.7180,0
 0.0019, 0.0000, 0.0062, 3.1415, 0.0000, 0.0000, 0.0000, 0.0000,-0.7180,0
 0.0019, 0.0000, 0.0062, 3.1415, 0.0000, 0.0000, 0.0000, 0.0000,-0.7180,0
 0.0019, 0.0000, 0.0062, 3.1415, 0.0000, 0.0000, 0.0000, 0.0000,-0.7180,0
 0.0019, 0.0000, 0.0062, 3.1415, 0.0000, 0.0000, 0.0000, 0.0000,-0.7180,0
 0.0019, 0.0000, 0.0062, 3.1415, 0.0000, 0.0000, 0.0000, 0.0000,-0.7180,0
 0.0019, 0.0000, 0.0062, 3.1415, 0.0000, 0.0000, 0.0000, 0.0000,-0.7180,0
 0.0019, 0.0000, 0.0062, 3.1415, 0.0000, 0.0000, 0.0000, 0.0000,-0.7180,0
 0.0019, 0.0000, 0.0062, 3.1415, 0.0000, 0.0000, 0.0000, 0.0000,-0.7180,0
 0.0019, 0.0000, 0.0062, 3.1415, 0.0000, 0.0000, 0.0000, 0.0000,-0.7180,0
 0.0019, 0.0000, 0.0062, 3.1415, 0.0000, 0.0000, 0.0000, 0.0000,-0.7180,0
 0.0019, 0.0000, 0.0031, 3.1415, 0.0000,-0.2513, 0.0000, 0.0000,-0.7180,0
 0.0019, 0.0000, 0.0031, 3.1415, 0.0000,-0.0502, 0.0000, 0.0000,-0.7180,0
 0.0019, 0.0000, 0.0031, 3.1415, 0.0000,-0.0100, 0.0000, 0.0000,-0.7180,0
 0.0019, 0.0000, 0.0031, 3.1415, 0.0000,-0.0020, 0.0000, 0.0000,-0.7180,0
 0.0019, 0.0000, 0.0031, 3.1415, 0.0000,-0.0004, 0.0000, 0.0000,-0.7180,0
 0.0019, 0.0000, 0.0031, 3.1415, 0.0000,-0.0000, 0.0000, 0.0000,-0.7180,0
 0.0019, 0.0000, 0.0031, 3.1415, 0.0000,-0.0000, 0.0000, 0.0000,-0.7180,0
 0.0019, 0.0000, 0.0031, 3.1415, 0.0000,-0.0000, 0.0000, 0.0000,-0.7180,0
 0.0019, 0.0000, 0.0031, 3.1415, 0.0000,-0.0000, 0.0000, 0.0000,-0.7180,0
 0.0019, 0.0000, 0.0031, 3.1415, 0.0000,-0.0000, 0.0000, 0.0000,-0.7180,0
 0.0019, 0.0000, 0.0031, 3.1415, 0.0000,-0.0000, 0.0000, 0.0000,-0.7180,0
 0.0019, 0.0000, 0.0031, 3.1415, 0.0000,-0.0000, 0.0000, 0.0000,-0.7180,0
 0.0019, 0.0000, 0.0031, 3.1415, 0.0000,-0.0000, 0.0000, 0.0000,-0.7180,0
 0.0019, 0.0000, 0.0000, 3.1415, 0.0000,-0.2513, 0.0000, 0.0000,-0.7180,0
 0.0019, 0.0000, 0.0000, 3.1415, 0.0000,-0.0502, 0.0000, 0.0000,-0.7180,0
 0.0019, 0.0000, 0.0000, 3.1415, 0.0000,-0.0100, 0.0000, 0.0000,-0.7180,0
 0.0019, 0.0000, 0.0000, 3.1415, 0.0000,-0.0020, 0.0000, 0.0000,-0.7180,0
 0.0019, 0.0000, 0.0000, 3.1415, 0.0000,-0.0004, 0.0000, 0.0000,-0.7180,0
 0.0019, 0.0000, 0.0000, 3.1415, 0.0000,-0.0000, 0.0000, 0.0000,-0.7180,0
 0.0019, 0.0000, 0.0000, 3.1415, 0.0000,-0.0000, 0.0000, 0.0000,-0.7180,0
 0.0019, 0.0000, 0.0000, 3.1415, 0.0000,-0.0000, 0.0000, 0.0000,-0.7180,0
 0.0019, 0.0000, 0.0000, 3.1415, 0.0000,-0.0000, 0.0000, 0.0000,-0.7180,0
 0.0019, 0.0000, 0.0000, 3.1415, 0.0000,-0.0000, 0.0000, 0.0000,-0.7180,0
 0.0019, 0.0000, 0.0000, 3.1415, 0.0000,-0.0000, 0.0000, 0.0000,-0.7180,0
 0.0019, 0.0000, 0.0000, 3.1415, 0.0000,-0.0000, 0.0000, 0.0000,-0.7180,0
 0.0019, 0.0000,-0.0031, 3.1415, 0.0000,-0.2513, 0.0000, 0.0000,-0.7180,0
 0.0019, 0.0000,-0.0031, 3.1415, 0.0000,-0.0502, 0.0000, 0.0000,-0.7180,0
 0.0019, 0.0000,-0.0031, 3.1415, 0.0000,-0.0100, 0.0000, 0.0000,-0.7180,0
 0.0019, 0.0000,-0.0031, 3.1415, 0.0000,-0.0020, 0.0000, 0.0000,-0.7180,0
 0.0019, 0.0000,-0.0031, 3.1415, 0.0000,-0.0004, 0.0000, 0.0000,-0.7180,0
 0.0019, 0.0000,-0.0031, 3.1415, 0.0000,-0.0000, 0.0000, 0.0000,-0.7180,0
 0.0019, 0.0000,-0.0031, 3.1415, 0.0000,-0.0000, 0.0000, 0.0000,-0.7180,0
 0.0019, 0.0000,-0.0031, 3.1415, 0.0000,-0.0000, 0.0000, 0.0000,-0.7180,0
 0.0019, 0.0000,-0.0031, 3.1415, 0.0000,-0.0000, 0.0000, 0.0000,-0.7180,0
 0.0019, 0.0000,-0.0031, 3.1415, 0.0000,-0.0000, 0.0000, 0.0000,-0.7180,0
 0.0019, 0.0000,-0.0031, 3.1415, 0.0000,-0.0000, 0.0000, 0.0000,-0.7180,0
 0.0019, 0.0000,-0.0031, 3.1415, 0.0000,-0.0000, 0.0000, 0.0000,-0.7180,0
 0.0019, 0.0000,-0.0031, 3.1415, 0.0000,-0.0000, 0.0000, 0.0000,-0.7180,0
 0.0019, 0.0000,-0.0031, 3.1415, 0.0000,-0.0000, 0.0000, 0.0000,-0.7180,0
 0.0019, 0.0000,-0.0031, 3.1415, 0.0000,-0.0000, 0.0000, 0.0000,-0.7180,0
 0.0019, 0.0000,-0.0031, 3.1415, 0.0000,-0.0000, 0.0000, 0.0000,-0.7180,0
 0.0019, 0.0000,-0.0031, 3.1415, 0.0000,-0.0000, 0.0000, 0.0000,-0.7180,0
 0.0019, 0.0000,-0.0031, 3.1415, 0.0000,-0.0000, 0.0000, 0.0000,-0.7180,0
 0.0019, 0.0000,-0.0031, 3.1415, 0.0000,-0.0000, 0.0000, 0.0000,-0.7180,0
 0.0019, 0.0000,-0.0031, 3.1415, 0.0000,-0.0000, 0.0000, 0.0000,-0.7180,0
 0.0019, 0.0000,-0.0031, 3.1415, 0.0000,-0.0000, 0.0000, 0.0000,-0.7180,0
 0.0019, 0.0000,-0.0031, 3.1415, 0.0000,-0.0000, 0.0000, 0.0000,-0.7180,0
 0.0019, 0.0000,-0.0031, 3.1415, 0.0000,-0.0000, 0.0000, 0.0000,-0.7180,0
 0.0019, 0.0000,-0.0031, 3.1415, 0.0000,-0.0000, 0.0000, 0.0000,-0.7180,0
 0.0019, 0.0000,-0.0031, 3.1415, 0.0000,-0.0000, 0.0000, 0.0000,-0.7180,0
 0.0019, 0.0000,-0.0031, 3.1415, 0.0000,-0.0000, 0.0000, 0.0000,-0.7180,0
 0.0019, 0.0000,-0.0031, 3.1415, 0.0000,-0.0000, 0.0000, 0.0000,-0.7180,0
 0.0019, 0.0000,-0.0031, 3.1415, 0.0000,-0.0000, 0.0000, 0.0000,-0.7180,0
 0.0019, 0.0000,-0.0031, 3.1415, 0.0000,-0.0000, 0.0000, 0.0000,-0.7180,0
 0.0019, 0.0000,-0.0031, 3.1415, 0.0000,-0.0000, 0.0000, 0.0000,-0.7180,0
 0.0019, 0.0000,-0.0031, 3.1415, 0.0000,-0.0000, 0.0000, 0.0000,-0.7180,0
 0.0019, 0.0000,-0.0031, 3.1415, 0.0000,-0.0000, 0.0000, 0.0000,-0.7180,0
 0.0019, 0.0000,-0.0031, 3.1415, 0.0000,-0.0000, 0.0000, 0.0000,-0.7180,0
 0.0019, 0.0000,-0.0031, 3.1415, 0.0000,-0.0000, 0.0000, 0.0000,-0.7180,0
 0.0019, 0.0000,-0.0031, 3.1415, 0.0000,-0.0000, 0.0000, 0.0000,-0.7180,0
 0.0019, 0.0000,-0.0031, 3.1415, 0.0000,-0.0000, 0.0000, 0.0000,-0.7180,0
 0.0019, 0.0000,-0.0031, 3.1415, 0.0000,-0.0000, 0.0000, 0.0000,-0.7180,0
 0.0019, 0.0000,-0.0031, 3.1415, 0.0000,-0.0000, 0.0000, 0.0000,-0.7180,0
 0.0019, 0.0000,-0.0031, 3.1415, 0.0000,-0.0000, 0.0000, 0.0000,-0.7180,0
 0.0019, 0.0000,-0.0031, 3.1415, 0.0000,-0.0000, 0.0000, 0.0000,-0.7180,0
 0.0019, 0.0000,-0.0031, 3.1415, 0.0000,-0.0000, 0.0000, 0.0000,-0.7180,0
 0.0019, 0.0000,-0.0031, 3.1415, 0.0000,-0.0000, 0.0000, 0.0000,-0.7180,0
 0.0019, 0.0000, 0.0000, 3.1415, 0.0000, 0.2513, 0.0000, 0.0000,-0.7180,0
 0.0019, 0.0000, 0.0000, 3.1415, 0.0000, 0.0502, 0.0000, 0.0000,-0.7180,0
 0.0019, 0.0000, 0.0000, 3.1415, 0.0000, 0.0100, 0.0000, 0.0000,-0.7180,0
 0.0019, 0.0000, 0.0000, 3.1415, 0.0000, 0.0020, 0.0000, 0.0000,-0.7180,0
 0.0019, 0.0000, 0.0000, 3.1415, 0.0000, 0.0004, 0.0000, 0.0000,-0.7180,0
 0.0019, 0.0000, 0.0000, 3.1415, 0.0000, 0.0000, 0.0000, 0.0000,-0.7180,0
 0.0019, 0.0000, 0.0000, 3.1415, 0.0000, 0.0000, 0.0000, 0.0000,-0.7180,0
 0.0019, 0.0000, 0.0000, 3.1415, 0.0000, 0.0000, 0.0000, 0.0000,-0.7180,0
 0.0019, 0.0000, 0.0000, 3.1415, 0.0000, 0.0000, 0.0000, 0.0000,-0.7180,0
 0.0019, 0.0000, 0.0000, 3.1415, 0.0000, 0.0000, 0.0000, 0.0000,-0.7180,0
 0.0019, 0.0000, 0.0000, 3.1415, 0.0000, 0.0000, 0.0000, 0.0000,-0.7180,0
 0.0019, 0.0000, 0.0000, 3.1415, 0.0000, 0.0000, 0.0000, 0.0000,-0.7180,0
 0.0019, 0.0000, 0.0031, 3.1415, 0.0000, 0.2513, 0.0000, 0.0000,-0.7180,0
 0.0019, 0.0000, 0.0031, 3.1415, 0.0000, 0.0502, 0.0000, 0.0000,-0.7180,0
 0.0019, 0.0000, 0.0031, 3.1415, 0.0000, 0.0100, 0.0000, 0.0000,-0.7180,0
 0.0019, 0.0000, 0.0031, 3.1415, 0.0000, 0.0020, 0.0000, 0.0000,-0.7180,0
 0.0019, 0.0000, 0.0031, 3.1415, 0.0000, 0.0004, 0.0000, 0.0000,-0.7180,0
 0.0019, 0.0000, 0.0031, 3.1415, 0.0000, 0.0000, 0.0000, 0.0000,-0.7180,0
 0.0019, 0.0000, 0.0031, 3.1415, 0.0000, 0.0000, 0.0000, 0.0000,-0.7180,0
 0.0019, 0.0000, 0.0031, 3.1415, 0.0000, 0.0000, 0.0000, 0.0000,-0.7180,0
 0.0019, 0.0000, 0.0031, 3.1415, 0.0000, 0.0000, 0.0000, 0.0000,-0.7180,0
 0.0019, 0.0000, 0.0031, 3.1415, 0.0000, 0.0000, 0.0000, 0.0000,-0.7180,0
 0.0019, 0.0000, 0.0031, 3.1415, 0.0000, 0.0000, 0.0000, 0.0000,-0.7180,0
 0.0019, 0.0000, 0.0031, 3.1415, 0.0000, 0.0000, 0.0000, 0.0000,-0.7180,0
 0.0019, 0.0000, 0.0031, 3.1415, 0.0000, 0.0000, 0.0000, 0.0000,-0.7180,0
 0.0019, 0.0000, 0.0031, 3.1415, 0.0000, 0.0000, 0.0000, 0.0000,-0.7180,0
 0.0019, 0.0000, 0.0031, 3.1415, 0.0000, 0.0000, 0.0000, 0.0000,-0.7180,0
 0.0019, 0.0000, 0.0031, 3.1415, 0.0000, 0.0000, 0.0000, 0.0000,-0.7180,0
 0.0019, 0.0000, 0.0031, 3.1415, 0.0000, 0.0000, 0.0000, 0.0000,-0.7180,0
 0.0019, 0.0000, 0.0031, 3.1415, 0.0000, 0.0000, 0.0000, 0.0000,-0.7180,0
 0.0019, 0.0000, 0.0062, 3.1415, 0.0000, 0.2513, 0.0000, 0.0000,-0.7180,0
 0.0019, 0.0000, 0.0062, 3.1415, 0.0000, 0.0502, 0.0000, 0.0000,-0.7180,0
 0.0019, 0.0000, 0.0062, 3.1415, 0.0000, 0.0100, 0.0000, 0.0000,-0.7180,0
 0.0019, 0.0000, 0.0062, 3.1415, 0.0000, 0.0020, 0.0000, 0.0000,-0.7180,0
 0.0019, 0.0000, 0.0062, 3.1415, 0.0000, 0.0004, 0.0000, 0.0000,-0.7180,0
 0.0019, 0.0000, 0.0062, 3.1415, 0.0000, 0.0000, 0.0000, 0.0000,-0.7180,0
 0.0019, 0.0000, 0.0062, 3.1415, 0.0000, 0.0000, 0.0000, 0.0000,-0.7180,0
 0.0019, 0.0000, 0.0062, 3.1415, 0.0000, 0.0000, 0.0000, 0.0000,-0.7180,0
 0.0019, 0.0000, 0.0062, 3.1415, 0.0000, 0.0000, 0.0000, 0.0000,-0.7180,0
 0.0019, 0.0000, 0.0062, 3.1415, 0.0000, 0.0000, 0.0000, 0.0000,-0.7180,0
 0.0019, 0.0000, 0.0062, 3.1415, 0.0000, 0.0000, 0.0000, 0.0000,-0.7180,0
 0.0019, 0.0000, 0.0062, 3.1415, 0.0000, 0.0000, 0.0000, 0.0000,-0.7180,0
 0.0019, 0.0000, 0.0031, 3.1415, 0.0000,-0.2513, 0.0000, 0.0000,-0.7180,0
 0.0019, 0.0000, 0.0031, 3.1415, 0.0000,-0.0502, 0.0000, 0.0000,-0.7180,0
 0.0019, 0.0000, 0.0031, 3.1415, 0.0000,-0.0100, 0.0000, 0.0000,-0.7180,0
 0.0019, 0.0000, 0.0031, 3.1415, 0.0000,-0.0020, 0.0000, 0.0000,-0.7180,0
 0.0019, 0.0000, 0.0031, 3.1415, 0.0000,-0.0004, 0.0000, 0.0000,-0.7180,0
 0.0019, 0.0000, 0.0031, 3.1415, 0.0000,-0.0000, 0.0000, 0.0000,-0.7180,0
 0.0019, 0.0000, 0.0031, 3.1415, 0.0000,-0.0000, 0.0000, 0.0000,-0.7180,0
 0.0019, 0.0000, 0.0031, 3.1415, 0.0000,-0.0000, 0.0000, 0.0000,-0.7180,0
 0.0019, 0.0000, 0.0031, 3.1415, 0.0000,-0.0000, 0.0000, 0.0000,-0.7180,0
 0.0019, 0.0000, 0.0031, 3.1415, 0.0000,-0.0000, 0.0000, 0.0000,-0.7180,0
 0.0019, 0.0000, 0.0031, 3.1415, 0.0000,-0.0000, 0.0000, 0.0000,-0.7180,0
 0.0019, 0.0000, 0.0031, 3.1415, 0.0000,-0.0000, 0.0000, 0.0000,-0.7180,0
 0.0019, 0.0000, 0.0031, 3.1415, 0.0000,-0.0000, 0.0000, 0.0000,-0.7180,0
 0.0019, 0.0000, 0.0031, 3.1415, 0.0000,-0.0000, 0.0000, 0.0000,-0.7180,0
 0.0019, 0.0000, 0.0031, 3.1415, 0.0000,-0.0000, 0.0000, 0.0000,-0.7180,0
 0.0019, 0.0000, 0.0031, 3.1415, 0.0000,-0.0000, 0.0000, 0.0000,-0.7180,0
 0.0019, 0.0000, 0.0031, 3.1415, 0.0000,-0.0000, 0.0000, 0.0000,-0.7180,0
 0.0019, 0.0000, 0.0000, 3.1415, 0.0000,-0.2513, 0.0000, 0.0000,-0.7180,0
 0.0019, 0.0000, 0.0000, 3.1415, 0.0000,-0.0502, 0.0000, 0.0000,-0.7180,0
 0.0019, 0.0000, 0.0000, 3.1415, 0.0000,-0.0100, 0.0000, 0.0000,-0.7180,0
 0.0019, 0.0000, 0.0000, 3.1415, 0.0000,-0.0020, 0.0000, 0.0000,-0.7180,0
 0.0019, 0.0000, 0.0000, 3.1415, 0.0000,-0.0004, 0.0000, 0.0000,-0.7180,0
 0.0019, 0.0000, 0.0000, 3.1415, 0.0000,-0.0000, 0.0000, 0.0000,-0.7180,0
 0.0019, 0.0000, 0.0000, 3.1415, 0.0000,-0.0000, 0.0000, 0.0000,-0.7180,0
 0.0019, 0.0000, 0.0000, 3.1415, 0.0000,-0.0000, 0.0000, 0.0000,-0.7180,0
 0.0019, 0.0000, 0.0000, 3.1415, 0.0000,-0.0000, 0.0000, 0.0000,-0.7180,0
 0.0019, 0.0000, 0.0000, 3.1415, 0.0000,-0.0000, 0.0000, 0.0000,-0.7180,0
 0.0019, 0.0000, 0.0000, 3.1415, 0.0000,-0.0000, 0.0000, 0.0000,-0.7180,0
 0.0019, 0.0000, 0.0000, 3.1415, 0.0000,-0.0000, 0.0000, 0.0000,-0.7180,0
 0.0019, 0.0000, 0.0000, 3.1415, 0.0000,-0.0000, 0.0000, 0.0000,-0.7180,0
 0.0019, 0.0000,-0.0031, 3.1415, 0.0000,-0.2513, 0.0000, 0.0000,-0.7180,0
 0.0019, 0.0000,-0.0031, 3.1415, 0.0000,-0.0502, 0.0000, 0.0000,-0.7180,0
 0.0019, 0.0000,-0.0031, 3.1415, 0.0000,-0.0100, 0.0000, 0.0000,-0.7180,0
 0.0019, 0.0000,-0.0031, 3.1415, 0.0000,-0.0020, 0.0000, 0.0000,-0.7180,0
 0.0019, 0.0000,-0.0031, 3.1415, 0.0000,-0.0004, 0.0000, 0.0000,-0.7180,0
 0.0019, 0.0000,-0.0031, 3.1415, 0.0000,-0.0000, 0.0000, 0.0000,-0.7180,0
 0.0019, 0.0000,-0.0031, 3.1415, 0.0000,-0.0000, 0.0000, 0.0000,-0.7180,0
 0.0019, 0.0000,-0.0031, 3.1415, 0.0000,-0.0000, 0.0000, 0.0000,-0.7180,0
 0.0019, 0.0000,-0.0031, 3.1415, 0.0000,-0.0000, 0.0000, 0.0000,-0.7180,0
 0.0019, 0.0000,-0.0031, 3.1415, 0.0000,-0.0000, 0.0000, 0.0000,-0.7180,0
 0.0019, 0.0000,-0.0031, 3.1415, 0.0000,-0.0000, 0.0000, 0.0000,-0.7180,0
 0.0019, 0.0000,-0.0031, 3.1415, 0.0000,-0.0000, 0.0000, 0.0000,-0.7180,0
 0.0019, 0.0000,-0.0031, 3.1415, 0.0000,-0.0000, 0.0000, 0.0000,-0.7180,0
 0.0019, 0.0000,-0.0031, 3.1415, 0.0000,-0.0000, 0.0000, 0.0000,-0.7180,0
 0.0019, 0.0000,-0.0031, 3.1415, 0.0000,-0.0000, 0.0000, 0.0000,-0.7180,0
 0.0019, 0.0000,-0.0031, 3.1415, 0.0000,-0.0000, 0.0000, 0.0000,-0.7180,0
 0.0019, 0.0000,-0.0031, 3.1415, 0.0000,-0.0000, 0.0000, 0.0000,-0.7180,0
 0.0019, 0.0000,-0.0031, 3.1415, 0.0000,-0.0000, 0.0000, 0.0000,-0.7180,0
 0.0019, 0.0000,-0.0031, 3.1415, 0.0000,-0.0000, 0.0000, 0.0000,-0.7180,0
 0.0019, 0.0000,-0.0031, 3.1415, 0.0000,-0.0000, 0.0000, 0.0000,-0.7180,0
 0.0019, 0.0000,-0.0031, 3.1415, 0.0000,-0.0000, 0.0000, 0.0000,-0.7180,0
 0.0019, 0.0000,-0.0031, 3.1415, 0.0000,-0.0000, 0.0000, 0.0000,-0.7180,0
 0.0019, 0.0000,-0.0031, 3.1415, 0.0000,-0.0000, 0.0000, 0.0000,-0.7180,0
 0.0019, 0.0000,-0.0031, 3.1415, 0.0000,-0.0000, 0.0000, 0.0000,-0.7180,0
 0.0019, 0.0000,-0.0031, 3.1415, 0.0000,-0.0000, 0.0000, 0.0000,-0.7180,0
 0.0019, 0.0000,-0.0031, 3.1415, 0.0000,-0.0000, 0.0000, 0.0000,-0.7180,0
 0.0019, 0.0000,-0.0031, 3.1415, 0.0000,-0.0000, 0.0000, 0.0000,-0.7180,0
 0.0019, 0.0000,-0.0031, 3.1415, 0.0000,-0.0000, 0.0000, 0.0000,-0.7180,0
 0.0019, 0.0000,-0.0031, 3.1415, 0.0000,-0.0000, 0.0000, 0.0000,-0.7180,0
 0.0019, 0.0000,-0.0031, 3.1415, 0.0000,-0.0000, 0.0000, 0.0000,-0.7180,0
 0.0019, 0.0000,-0.0031, 3.1415, 0.0000,-0.0000, 0.0000, 0.0000,-0.7180,0
 0.0019, 0.0000,-0.0031, 3.1415, 0.0000,-0.0000, 0.0000, 0.0000,-0.7180,0
 0.0019, 0.0000,-0.0031, 3.1415, 0.0000,-0.0000, 0.0000, 0.0000,-0.7180,0
 0.0019, 0.0000,-0.0031, 3.1415, 0.0000,-0.0000, 0.0000, 0.0000,-0.7180,0
 0.0019, 0.0000,-0.0031, 3.1415, 0.0000,-0.0000, 0.0000, 0.0000,-0.7180,0
 0.0019, 0.0000,-0.0031, 3.1415, 0.0000,-0.0000, 0.0000, 0.0000,-0.7180,0
 0.0019, 0.0000,-0.0031, 3.1415, 0.0000,-0.0000, 0.0000, 0.0000,-0.7180,0
 0.0019, 0.0000,-0.0031, 3.1415, 0.0000,-0.0000, 0.0000, 0.0000,-0.7180,0
 0.0019, 0.0000,-0.0031, 3.1415, 0.0000,-0.0000, 0.0000, 0.0000,-0.7180,0
 0.0019, 0.0000,-0.0031, 3.1415, 0.0000,-0.0000, 0.0000, 0.0000,-0.7180,0
 0.0019, 0.0000, 0.0000, 3.1415, 0.0000, 0.2513, 0.0000, 0.0000,-0.7180,0
 0.0019, 0.0000, 0.0000, 3.1415, 0.0000, 0.0502, 0.0000, 0.0000,-0.7180,0
 0.0019, 0.0000, 0.0000, 3.1415, 0.0000, 0.0100, 0.0000, 0.0000,-0.7180,0
 0.0019, 0.0000, 0.0000, 3.1415, 0.0000, 0.0020, 0.0000, 0.0000,-0.7180,0
 0.0019, 0.0000, 0.0000, 3.1415, 0.0000, 0.0004, 0.0000, 0.0000,-0.7180,0
 0.0019, 0.0000, 0.0000, 3.1415, 0.0000, 0.0000, 0.0000, 0.0000,-0.7180,0
 0.0019, 0.0000, 0.0000, 3.1415, 0.0000, 0.0000, 0.0000, 0.0000,-0.7180,0
 0.0019, 0.0000, 0.0000, 3.1415, 0.0000, 0.0000, 0.0000, 0.0000,-0.7180,0
 0.0019, 0.0000, 0.0000, 3.1415, 0.0000, 0.0000, 0.0000, 0.0000,-0.7180,0
 0.0019, 0.0000, 0.0000, 3.1415, 0.0000, 0.0000, 0.0000, 0.0000,-0.7180,0
 0.0019, 0.0000, 0.0000, 3.1415, 0.0000, 0.0000, 0.0000, 0.0000,-0.7180,0
 0.0019, 0.0000, 0.0000, 3.1415, 0.0000, 0.0000, 0.0000, 0.0000,-0.7180,0
 0.0019, 0.0000, 0.0000, 3.1415, 0.0000, 0.0000, 0.0000, 0.0000,-0.7180,0
 0.0019, 0.0000, 0.0000, 3.1415, 0.0000, 0.0000, 0.0000, 0.0000,-0.7180,0
 0.0019, 0.0000, 0.0031, 3.1415, 0.0000, 0.2513, 0.0000, 0.0000,-0.7180,0
 0.0019, 0.0000, 0.0031, 3.1415, 0.0000, 0.0502, 0.0000, 0.0000,-0.7180,0
 0.0019, 0.0000, 0.0031, 3.1415, 0.0000, 0.0100, 0.0000, 0.0000,-0.7180,0
 0.0019, 0.0000, 0.0031, 3.1415, 0.0000, 0.0020, 0.0000, 0.0000,-0.7180,0
 0.0019, 0.0000, 0.0031, 3.1415, 0.0000, 0.0004, 0.0000, 0.0000,-0.7180,0
 0.0019, 0.0000, 0.0031, 3.1415, 0.0000, 0.0000, 0.0000, 0.0000,-0.7180,0
 0.0019, 0.0000, 0.0031, 3.1415, 0.0000, 0.0000, 0.0000, 0.0000,-0.7180,0
 0.0019, 0.0000, 0.0031, 3.1415, 0.0000, 0.0000, 0.0000, 0.0000,-0.7180,0
 0.0019, 0.0000, 0.0031, 3.1415, 0.0000, 0.0000, 0.0000, 0.0000,-0.7180,0
 0.0019, 0.0000, 0.0031, 3.1415, 0.0000, 0.0000, 0.0000, 0.0000,-0.7180,0
 0.0019, 0.0000, 0.0031, 3.1415, 0.0000, 0.0000, 0.0000, 0.0000,-0.7180,0
 0.0019, 0.0000, 0.0031, 3.1415, 0.0000, 0.0000, 0.0000, 0.0000,-0.7180,0
 0.0019, 0.0000, 0.0031, 3.1415, 0.0000, 0.0000, 0.0000, 0.0000,-0.7180,0
 0.0019, 0.0000, 0.0031, 3.1415, 0.0000, 0.0000, 0.0000, 0.0000,-0.7180,0
 0.0019, 0.0000, 0.0031, 3.1415, 0.0000, 0.0000, 0.0000, 0.0000,-0.7180,0
 0.0019, 0.0000, 0.0031, 3.1415, 0.0000, 0.0000, 0.0000, 0.0000,-0.7180,0
 0.0019, 0.0000, 0.0031, 3.1415, 0.0000, 0.0000, 0.0000, 0.0000,-0.7180,0
 0.0019, 0.0000, 0.0031, 3.1415, 0.0000, 0.0000, 0.0000, 0.0000,-0.7180,0
 0.0019, 0.0000, 0.0031, 3.1415, 0.0000, 0.0000, 0.0000, 0.0000,-0.7180,0
 0.0019, 0.0000, 0.0031, 3.1415, 0.0000, 0.0000, 0.0000, 0.0000,-0.7180,0
 0.0019, 0.0000, 0.0031, 3.1415, 0.0000, 0.0000, 0.0000, 0.0000,-0.7180,0
 0.0019, 0.0000, 0.0031, 3.1415, 0.0000, 0.0000, 0.0000, 0.0000,-0.7180,0
 0.0019, 0.0000, 0.0031, 3.1415, 0.0000, 0.0000, 0.0000, 0.0000,-0.7180,0
 0.0019, 0.0000, 0.0031, 3.1415, 0.0000, 0.0000, 0.0000, 0.0000,-0.7180,0
 0.0019, 0.0000, 0.0031, 3.1415, 0.0000, 0.0000, 0.0000, 0.0000,-0.7180,0
 0.0019, 0.0000, 0.0031, 3.1415, 0.0000, 0.0000, 0.0000, 0.0000,-0.7180,0
 0.0019, 0.0000, 0.0031, 3.1415, 0.0000, 0.0000, 0.0000, 0.0000,-0.7180,0
 0.0019, 0.0000, 0.0031, 3.1415, 0.0000, 0.0000, 0.0000, 0.0000,-0.7180,0
 0.0019, 0.0000, 0.0031, 3.1415, 0.0000, 0.0000, 0.0000, 0.0000,-0.7180,0
 0.0019, 0.0000, 0.0031, 3.1415, 0.0000, 0.0000, 0.0000, 0.0000,-0.7180,0
 0.0019, 0.0000, 0.0031, 3.1415, 0.0000, 0.0000, 0.0000, 0.0000,-0.7180,0
 0.0019, 0.0000, 0.0031, 3.1415, 0.0000, 0.0000, 0.0000, 0.0000,-0.7180,0
 0.0019, 0.0000, 0.0031, 3.1415, 0.0000, 0.0000, 0.0000, 0.0000,-0.7180,0
 0.0019, 0.0000, 0.0031, 3.1415, 0.0000, 0.0000, 0.0000, 0.0000,-0.7180,0
 0.0019, 0.0000, 0.0031, 3.1415, 0.0000, 0.0000, 0.0000, 0.0000,-0.7180,0
 0.0019, 0.0000, 0.0031, 3.1415, 0.0000, 0.0000, 0.0000, 0.0000,-0.7180,0
 0.0019, 0.0000, 0.0031, 3.1415, 0.0000, 0.0000, 0.0000, 0.0000,-0.7180,0
 0.0019, 0.0000, 0.0031, 3.1415, 0.0000, 0.0000, 0.0000, 0.0000,-0.7180,0
 0.0019, 0.0000, 0.0031, 3.1415, 0.0000, 0.0000, 0.0000, 0.0000,-0.7180,0
 0.0019, 0.0000, 0.0031, 3.1415, 0.0000, 0.0000, 0.0000, 0.0000,-0.7180,0
 0.0019, 0.0000, 0.0031, 3.1415, 0.0000, 0.0000, 0.0000, 0.0000,-0.7180,0
 0.0019, 0.0000, 0.0031, 3.1415, 0.0000, 0.0000, 0.0000, 0.0000,-0.7180,0
 0.0019, 0.0000, 0.0031, 3.1415, 0.0000, 0.0000, 0.0000, 0.0000,-0.7180,0
 0.0019, 0.0000, 0.0031, 3.1415, 0.0000, 0.0000, 0.0000, 0.0000,-0.7180,0
 0.0019, 0.0000, 0.0031, 3.1415, 0.0000, 0.0000, 0.0000, 0.0000,-0.7180,0
 0.0019, 0.0000, 0.0031, 3.1415, 0.0000, 0.0000, 0.0000, 0.0000,-0.7180,0
 0.0019, 0.0000, 0.0000, 3.1415, 0.0000,-0.2513, 0.0000, 0.0000,-0.7180,0
 0.0019, 0.0000, 0.0000, 3.1415, 0.0000,-0.0502, 0.0000, 0.0000,-0.7180,0
 0.0019, 0.0000, 0.0000, 3.1415, 0.0000,-0.0100, 0.0000, 0.0000,-0.7180,0
 0.0019, 0.0000, 0.0000, 3.1415, 0.0000,-0.0020, 0.0000, 0.0000,-0.7180,0
 0.0019, 0.0000, 0.0000, 3.1415, 0.0000,-0.0004, 0.0000, 0.0000,-0.7180,0
 0.0019, 0.0000, 0.0000, 3.1415, 0.0000,-0.0000, 0.0000, 0.0000,-0.7180,0
 0.0019, 0.0000, 0.0000, 3.1415, 0.0000,-0.0000, 0.0000, 0.0000,-0.7180,0
 0.0019, 0.0000, 0.0000, 3.1415, 0.0000,-0.0000, 0.0000, 0.0000,-0.7180,0
 0.0019, 0.0000, 0.0000, 3.1415, 0.0000,-0.0000, 0.0000, 0.0000,-0.7180,0
 0.0019, 0.0000, 0.0000, 3.1415, 0.0000,-0.0000, 0.0000, 0.0000,-0.7180,0
 0.0019, 0.0000, 0.0000, 3.1415, 0.0000,-0.0000, 0.0000, 0.0000,-0.7180,0
 0.0019, 0.0000, 0.0000, 3.1415, 0.0000,-0.0000, 0.0000, 0.0000,-0.7180,0
 0.0019, 0.0000, 0.0000, 3.1415, 0.0000,-0.0000, 0.0000, 0.0000,-0.7180,0
 0.0019, 0.0000, 0.0000, 3.1415, 0.0000,-0.0000, 0.0000, 0.0000,-0.7180,0
 0.0019, 0.0000, 0.0000, 3.1415, 0.0000,-0.0000, 0.0000, 0.0000,-0.7180,0
 0.0019, 0.0000,-0.0031, 3.1415, 0.0000,-0.2513, 0.0000, 0.0000,-0.7180,0
 0.0019, 0.0000,-0.0031, 3.1415, 0.0000,-0.0502, 0.0000, 0.0000,-0.7180,0
 0.0019, 0.0000,-0.0031, 3.1415, 0.0000,-0.0100, 0.0000, 0.0000,-0.7180,0
 0.0019, 0.0000,-0.0031, 3.1415, 0.0000,-0.0020, 0.0000, 0.0000,-0.7180,0
 0.0019, 0.0000,-0.0031, 3.1415, 0.0000,-0.0004, 0.0000, 0.0000,-0.7180,0
 0.0019, 0.0000,-0.0031, 3.1415, 0.0000,-0.0000, 0.0000, 0.0000,-0.7180,0
 0.0019, 0.0000,-0.0031, 3.1415, 0.0000,-0.0000, 0.0000, 0.0000,-0.7180,0
 0.0019, 0.0000,-0.0031, 3.1415, 0.0000,-0.0000, 0.0000, 0.0000,-0.7180,0
 0.0019, 0.0000,-0.0031, 3.1415, 0.0000,-0.0000, 0.0000, 0.0000,-0.7180,0
 0.0019, 0.0000,-0.0031, 3.1415, 0.0000,-0.0000, 0.0000, 0.0000,-0.7180,0
 0.0019, 0.0000,-0.0031, 3.1415, 0.0000,-0.0000, 0.0000, 0.0000,-0.7180,0
 0.0019, 0.0000,-0.0031, 3.1415, 0.0000,-0.0000, 0.0000, 0.0000,-0.7180,0
 0.0019, 0.0000,-0.0031, 3.1415, 0.0000,-0.0000, 0.0000, 0.0000,-0.7180,0
 0.0019, 0.0000,-0.0031, 3.1415, 0.0000,-0.0000, 0.0000, 0.0000,-0.7180,0
 0.0019, 0.0000,-0.0031, 3.1415, 0.0000,-0.0000, 0.0000, 0.0000,-0.7180,0
 0.0019, 0.0000,-0.0031, 3.1415, 0.0000,-0.0000, 0.0000, 0.0000,-0.7180,0
 0.0019, 0.0000,-0.0031, 3.1415, 0.0000,-0.0000, 0.0000, 0.0000,-0.7180,0
 0.0019, 0.0000,-0.0031, 3.1415, 0.0000,-0.0000, 0.0000, 0.0000,-0.7180,0
 0.0019, 0.0000,-0.0031, 3.1415, 0.0000,-0.0000, 0.0000, 0.0000,-0.7180,0
 0.0019, 0.0000,-0.0031, 3.1415, 0.0000,-0.0000, 0.0000, 0.0000,-0.7180,0
 0.0019, 0.0000,-0.0031, 3.1415, 0.0000,-0.0000, 0.0000, 0.0000,-0.7180,0
 0.0019, 0.0000,-0.0031, 3.1415, 0.0000,-0.0000, 0.0000, 0.0000,-0.7180,0
 0.0019, 0.0000,-0.0031, 3.1415, 0.0000,-0.0000, 0.0000, 0.0000,-0.7180,0
 0.0019, 0.0000,-0.0031, 3.1415, 0.0000,-0.0000, 0.0000, 0.0000,-0.7180,0
 0.0019, 0.0000,-0.0031, 3.1415, 0.0000,-0.0000, 0.0000, 0.0000,-0.7180,0
 0.0019, 0.0000,-0.0031, 3.1415, 0.0000,-0.0000, 0.0000, 0.0000,-0.7180,0
 0.0019, 0.0000,-0.0031, 3.1415, 0.0000,-0.0000, 0.0000, 0.0000,-0.7180,0
 0.0019, 0.0000,-0.0031, 3.1415, 0.0000,-0.0000, 0.0000, 0.0000,-0.7180,0
 0.0019, 0.0000,-0.0031, 3.1415, 0.0000,-0.0000, 0.0000, 0.0000,-0.7180,0
 0.0019, 0.0000,-0.0031, 3.1415, 0.0000,-0.0000, 0.0000, 0.0000,-0.7180,0
 0.0019, 0.0000,-0.0031, 3.1415, 0.0000,-0.0000, 0.0000, 0.0000,-0.7180,0
 0.0019, 0.0000,-0.0031, 3.1415, 0.0000,-0.0000, 0.0000, 0.0000,-0.7180,0
 0.0019, 0.0000,-0.0031, 3.1415, 0.0000,-0.0000, 0.0000, 0.0000,-0.7180,0
 0.0019, 0.0000,-0.0031, 3.1415, 0.0000,-0.0000, 0.0000, 0.0000,-0.7180,0
 0.0019, 0.0000,-0.0031, 3.1415, 0.0000,-0.0000, 0.0000, 0.0000,-0.7180,0
 0.0019, 0.0000,-0.0031, 3.1415, 0.0000,-0.0000, 0.0000, 0.0000,-0.7180,0
 0.0019, 0.0000,-0.0031, 3.1415, 0.0000,-0.0000, 0.0000, 0.0000,-0.7180,0
 0.0019, 0.0000,-0.0031, 3.1415, 0.0000,-0.0000, 0.0000, 0.0000,-0.7180,0
 0.0019, 0.0000, 0.0000, 3.1415, 0.0000, 0.2513, 0.0000, 0.0000,-0.7180,0
 0.0019, 0.0000, 0.0000, 3.1415, 0.0000, 0.0502, 0.0000, 0.0000,-0.7180,0
 0.0019, 0.0000, 0.0000, 3.1415, 0.0000, 0.0100, 0.0000, 0.0000,-0.7180,0
 0.0019, 0.0000, 0.0000, 3.1415, 0.0000, 0.0020, 0.0000, 0.0000,-0.7180,0
 0.0019, 0.0000, 0.0000, 3.1415, 0.0000, 0.0004, 0.0000, 0.0000,-0.7180,0
 0.0019, 0.0000, 0.0000, 3.1415, 0.0000, 0.0000, 0.0000, 0.0000,-0.7180,0
 0.0019, 0.0000, 0.0000, 3.1415, 0.0000, 0.0000, 0.0000, 0.0000,-0.7180,0
 0.0019, 0.0000, 0.0000, 3.1415, 0.0000, 0.0000, 0.0000, 0.0000,-0.7180,0
 0.0019, 0.0000, 0.0000, 3.1415, 0.0000, 0.0000, 0.0000, 0.0000,-0.7180,0
 0.0019, 0.0000, 0.0000, 3.1415, 0.0000, 0.0000, 0.0000, 0.0000,-0.7180,0
 0.0019, 0.0000, 0.0000, 3.1415, 0.0000, 0.0000, 0.0000, 0.0000,-0.7180,0
 0.0019, 0.0000, 0.0000, 3.1415, 0.0000, 0.0000, 0.0000, 0.0000,-0.7180,0
 0.0019, 0.0000, 0.0000, 3.1415, 0.0000, 0.0000, 0.0000, 0.0000,-0.7180,0
 0.0019, 0.0000, 0.0000, 3.1415, 0.0000, 0.0000, 0.0000, 0.0000,-0.7180,0
 0.0019, 0.0000, 0.0000, 3.1415, 0.0000, 0.0000, 0.0000, 0.0000,-0.7180,0
 0.0019, 0.0000, 0.0000, 3.1415, 0.0000, 0.0000, 0.0000, 0.0000,-0.7180,0
 0.0019, 0.0000, 0.0031, 3.1415, 0.0000, 0.2513, 0.0000, 0.0000,-0.7180,0
 0.0019, 0.0000, 0.0031, 3.1415, 0.0000, 0.0502, 0.0000, 0.0000,-0.7180,0
 0.0019, 0.0000, 0.0031, 3.1415, 0.0000, 0.0100, 0.0000, 0.0000,-0.7180,0
 0.0019, 0.0000, 0.0031, 3.1415, 0.0000, 0.0020, 0.0000, 0.0000,-0.7180,0
 0.0019, 0.0000, 0.0031, 3.1415, 0.0000, 0.0004, 0.0000, 0.0000,-0.7180,0
 0.0019, 0.0000, 0.0031, 3.1415, 0.0000, 0.0000, 0.0000, 0.0000,-0.7180,0
 0.0019, 0.0000, 0.0031, 3.1415, 0.0000, 0.0000, 0.0000, 0.0000,-0.7180,0
 0.0019, 0.0000, 0.0031, 3.1415, 0.0000, 0.0000, 0.0000, 0.0000,-0.7180,0
 0.0019, 0.0000, 0.0031, 3.1415, 0.0000, 0.0000, 0.0000, 0.0000,-0.7180,0
 0.0019, 0.0000, 0.0031, 3.1415, 0.0000, 0.0000, 0.0000, 0.0000,-0.7180,0
 0.0019, 0.0000, 0.0031, 3.1415, 0.0000, 0.0000, 0.0000, 0.0000,-0.7180,0
 0.0019, 0.0000, 0.0031, 3.1415, 0.0000, 0.0000, 0.0000, 0.0000,-0.7180,0
 0.0019, 0.0000, 0.0031, 3.1415, 0.0000, 0.0000, 0.0000, 0.0000,-0.7180,0
 0.0019, 0.0000, 0.0031, 3.1415, 0.0000, 0.0000, 0.0000, 0.0000,-0.7180,0
 0.0019, 0.0000, 0.0031, 3.1415, 0.0000, 0.0000, 0.0000, 0.0000,-0.7180,0
 0.0019, 0.0000, 0.0031, 3.1415, 0.0000, 0.0000, 0.0000, 0.0000,-0.7180,0
 0.0019, 0.0000, 0.0031, 3.1415, 0.0000, 0.0000, 0.0000, 0.0000,-0.7180,0
 0.0019, 0.0000, 0.0031, 3.1415, 0.0000, 0.0000, 0.0000, 0.0000,-0.7180,0
 0.0019, 0.0000, 0.0031, 3.1415, 0.0000, 0.0000, 0.0000, 0.0000,-0.7180,0
 0.0019, 0.0000, 0.0031, 3.1415, 0.0000, 0.0000, 0.0000, 0.0000,-0.7180,0
 0.0019, 0.0000, 0.0031, 3.1415, 0.0000, 0.0000, 0.0000, 0.0000,-0.7180,0
 0.0019, 0.0000, 0.0031, 3.1415, 0.0000, 0.0000, 0.0000, 0.0000,-0.7180,0
 0.0019, 0.0000, 0.0031, 3.1415, 0.0000, 0.0000, 0.0000, 0.0000,-0.7180,0
 0.0019, 0.0000, 0.0031, 3.1415, 0.0000, 0.0000, 0.0000, 0.0000,-0.7180,0
 0.0019, 0.0000, 0.0031, 3.1415, 0.0000, 0.0000, 0.0000, 0.0000,-0.7180,0
 0.0019, 0.0000, 0.0031, 3.1415, 0.0000, 0.0000, 0.0000, 0.0000,-0.7180,0
 0.0019, 0.0000, 0.0031, 3.1415, 0.0000, 0.0000, 0.0000, 0.0000,-0.7180,0
 0.0019, 0.0000, 0.0031, 3.1415, 0.0000, 0.0000, 0.0000, 0.0000,-0.7180,0
 0.0019, 0.0000, 0.0031, 3.1415, 0.0000, 0.0000, 0.0000, 0.0000,-0.7180,0
 0.0019, 0.0000, 0.0031, 3.1415, 0.0000, 0.0000, 0.0000, 0.0000,-0.7180,0
 0.0019, 0.0000, 0.0031, 3.1415, 0.0000, 0.0000, 0.0000, 0.0000,-0.7180,0
 0.0019, 0.0000, 0.0031, 3.1415, 0.0000, 0.0000, 0.0000, 0.0000,-0.7180,0
 0.0019, 0.0000, 0.0031, 3.1415, 0.0000, 0.0000, 0.0000, 0.0000,-0.7180,0
 0.0019, 0.0000, 0.0031, 3.1415, 0.0000, 0.0000, 0.0000, 0.0000,-0.7180,0
 0.0019, 0.0000, 0.0031, 3.1415, 0.0000, 0.0000, 0.0000, 0.0000,-0.7180,0
 0.0019, 0.0000, 0.0031, 3.1415, 0.0000, 0.0000, 0.0000, 0.0000,-0.7180,0
 0.0019, 0.0000, 0.0031, 3.1415, 0.0000, 0.0000, 0.0000, 0.0000,-0.7180,0
 0.0019, 0.0000, 0.0031, 3.1415, 0.0000, 0.0000, 0.0000, 0.0000,-0.7180,0
 0.0019, 0.0000, 0.0031, 3.1415, 0.0000, 0.0000, 0.0000, 0.0000,-0.7180,0
 0.0019, 0.0000, 0.0031, 3.1415, 0.0000, 0.0000, 0.0000, 0.0000,-0.7180,0
 0.0019, 0.0000, 0.0031, 3.1415, 0.0000, 0.0000, 0.0000, 0.0000,-0.7180,0
 0.0019, 0.0000, 0.0031, 3.1415, 0.0000, 0.0000, 0.0000, 0.0000,-0.7180,0
 0.0019, 0.0000, 0.0031, 3.1415, 0.0000, 0.0000, 0.0000, 0.0000,-0.7180,0
 0.0019, 0.0000, 0.0031, 3.1415, 0.0000, 0.0000, 0.0000, 0.0000,-0.7180,0
 0.0019, 0.0000, 0.0000, 3.1415, 0.0000,-0.2513, 0.0000, 0.0000,-0.7180,0
 0.0019, 0.0000, 0.0000, 3.1415, 0.0000,-0.0502, 0.0000, 0.0000,-0.7180,0
 0.0019, 0.0000, 0.0000, 3.1415, 0.0000,-0.0100, 0.0000, 0.0000,-0.7180,0
 0.0019, 0.0000, 0.0000, 3.1415, 0.0000,-0.0020, 0.0000, 0.0000,-0.7180,0
 0.0019, 0.0000, 0.0000, 3.1415, 0.0000,-0.0004, 0.0000, 0.0000,-0.7180,0
 0.0019, 0.0000, 0.0000, 3.1415, 0.0000,-0.0000, 0.0000, 0.0000,-0.7180,0
 0.0019, 0.0000, 0.0000, 3.1415, 0.0000,-0.0000, 0.0000, 0.0000,-0.7180,0
 0.0019, 0.0000, 0.0000, 3.1415, 0.0000,-0.0000, 0.0000, 0.0000,-0.7180,0
 0.0019, 0.0000, 0.0000, 3.1415, 0.0000,-0.0000, 0.0000, 0.0000,-0.7180,0
 0.0019, 0.0000, 0.0000, 3.1415, 0.0000,-0.0000, 0.0000, 0.0000,-0.7180,0
 0.0019, 0.0000, 0.0000, 3.1415, 0.0000,-0.0000, 0.0000, 0.0000,-0.7180,0
 0.0019, 0.0000, 0.0000, 3.1415, 0.0000,-0.0000, 0.0000, 0.0000,-0.7180,0
 0.0019, 0.0000, 0.0000, 3.1415, 0.0000,-0.0000, 0.0000, 0.0000,-0.7180,0
 0.0019, 0.0000, 0.0000, 3.1415, 0.0000,-0.0000, 0.0000, 0.0000,-0.7180,0
 0.0019, 0.0000, 0.0000, 3.1415, 0.0000,-0.0000, 0.0000, 0.0000,-0.7180,0
 0.0019, 0.0000, 0.0000, 3.1415, 0.0000,-0.0000, 0.0000, 0.0000,-0.7180,0
 0.0019, 0.0000, 0.0000, 3.1415, 0.0000,-0.0000, 0.0000, 0.0000,-0.7180,0
 0.0019, 0.0000,-0.0031, 3.1415, 0.0000,-0.2513, 0.0000, 0.0000,-0.7180,0
 0.0019, 0.0000,-0.0031, 3.1415, 0.0000,-0.0502, 0.0000, 0.0000,-0.7180,0
 0.0019, 0.0000,-0.0031, 3.1415, 0.0000,-0.0100, 0.0000, 0.0000,-0.7180,0
 0.0019, 0.0000,-0.0031, 3.1415, 0.0000,-0.0020, 0.0000, 0.0000,-0.7180,0
 0.0019, 0.0000,-0.0031, 3.1415, 0.0000,-0.0004, 0.0000, 0.0000,-0.7180,0
 0.0019, 0.0000,-0.0031, 3.1415, 0.0000,-0.0000, 0.0000, 0.0000,-0.7180,0
 0.0019, 0.0000,-0.0031, 3.1415, 0.0000,-0.0000, 0.0000, 0.0000,-0.7180,0
 0.0019, 0.0000,-0.0031, 3.1415, 0.0000,-0.0000, 0.0000, 0.0000,-0.7180,0
 0.0019, 0.0000,-0.0031, 3.1415, 0.0000,-0.0000, 0.0000, 0.0000,-0.7180,0
 0.0019, 0.0000,-0.0031, 3.1415, 0.0000,-0.0000, 0.0000, 0.0000,-0.7180,0
 0.0019, 0.0000,-0.0031, 3.1415, 0.0000,-0.0000, 0.0000, 0.0000,-0.7180,0
 0.0019, 0.0000,-0.0031, 3.1415, 0.0000,-0.0000, 0.0000, 0.0000,-0.7180,0
 0.0019, 0.0000,-0.0031, 3.1415, 0.0000,-0.0000, 0.0000, 0.0000,-0.7180,0
 0.0019, 0.0000,-0.0031, 3.1415, 0.0000,-0.0000, 0.0000, 0.0000,-0.7180,0
 0.0019, 0.0000,-0.0031, 3.1415, 0.0000,-0.0000, 0.0000, 0.0000,-0.7180,0
 0.0019, 0.0000,-0.0031, 3.1415, 0.0000,-0.0000, 0.0000, 0.0000,-0.7180,0
 0.0019, 0.0000,-0.0031, 3.1415, 0.0000,-0.0000, 0.0000, 0.0000,-0.7180,0
 0.0019, 0.0000,-0.0031, 3.1415, 0.0000,-0.0000, 0.0000, 0.0000,-0.7180,0
 0.0019, 0.0000,-0.0031, 3.1415, 0.0000,-0.0000, 0.0000, 0.0000,-0.7180,0
 0.0019, 0.0000,-0.0031, 3.1415, 0.0000,-0.0000, 0.0000, 0.0000,-0.7180,0
 0.0019, 0.0000,-0.0031, 3.1415, 0.0000,-0.0000, 0.0000, 0.0000,-0.7180,0
 0.0019, 0.0000,-0.0031, 3.1415, 0.0000,-0.0000, 0.0000, 0.0000,-0.7180,0
 0.0019, 0.0000,-0.0031, 3.1415, 0.0000,-0.0000, 0.0000, 0.0000,-0.7180,0
 0.0019, 0.0000,-0.0031, 3.1415, 0.0000,-0.0000, 0.0000, 0.0000,-0.7180,0
 0.0019, 0.0000,-0.0031, 3.1415, 0.0000,-0.0000, 0.0000, 0.0000,-0.7180,0
 0.0019, 0.0000,-0.0031, 3.1415, 0.0000,-0.0000, 0.0000, 0.0000,-0.7180,0
 0.0019, 0.0000,-0.0031, 3.1415, 0.0000,-0.0000, 0.0000, 0.0000,-0.7180,0
 0.0019, 0.0000,-0.0031, 3.1415, 0.0000,-0.0000, 0.0000, 0.0000,-0.7180,0
 0.0019, 0.0000,-0.0031, 3.1415, 0.0000,-0.0000, 0.0000, 0.0000,-0.7180,0
 0.0019, 0.0000,-0.0031, 3.1415, 0.0000,-0.0000, 0.0000, 0.0000,-0.7180,0
 0.0019, 0.0000,-0.0031, 3.1415, 0.0000,-0.0000, 0.0000, 0.0000,-0.7180,0
 0.0019, 0.0000,-0.0031, 3.1415, 0.0000,-0.0000, 0.0000, 0.0000,-0.7180,0
 0.0019, 0.0000,-0.0031, 3.1415, 0.0000,-0.0000, 0.0000, 0.0000,-0.7180,0
 0.0019, 0.0000,-0.0031, 3.1415, 0.0000,-0.0000, 0.0000, 0.0000,-0.7180,0
 0.0019, 0.0000,-0.0031, 3.1415, 0.0000,-0.0000, 0.0000, 0.0000,-0.7180,0
 0.0019, 0.0000,-0.0031, 3.1415, 0.0000,-0.0000, 0.0000, 0.0000,-0.7180,0
 0.0019, 0.0000, 0.0000, 3.1415, 0.0000, 0.2513, 0.0000, 0.0000,-0.7180,0
 0.0019, 0.0000, 0.0000, 3.1415, 0.0000, 0.0502, 0.0000, 0.0000,-0.7180,0
 0.0019, 0.0000, 0.0000, 3.1415, 0.0000, 0.0100, 0.0000, 0.0000,-0.7180,0
 0.0019, 0.0000, 0.0000, 3.1415, 0.0000, 0.0020, 0.0000, 0.0000,-0.7180,0
 0.0019, 0.0000, 0.0000, 3.1415, 0.0000, 0.0004, 0.0000, 0.0000,-0.7180,0
 0.0019, 0.0000, 0.0000, 3.1415, 0.0000, 0.0000, 0.0000, 0.0000,-0.7180,0
 0.0019, 0.0000, 0.0000, 3.1415, 0.0000, 0.0000, 0.0000, 0.0000,-0.7180,0
 0.0019, 0.0000, 0.0000, 3.1415, 0.0000, 0.0000, 0.0000, 0.0000,-0.7180,0
 0.0019, 0.0000, 0.0000, 3.1415, 0.0000, 0.0000, 0.0000, 0.0000,-0.7180,0
 0.0019, 0.0000, 0.0000, 3.1415, 0.0000, 0.0000, 0.0000, 0.0000,-0.7180,0
 0.0019, 0.0000, 0.0000, 3.1415, 0.0000, 0.0000, 0.0000, 0.0000,-0.7180,0
 0.0019, 0.0000, 0.0000, 3.1415, 0.0000, 0.0000, 0.0000, 0.0000,-0.7180,0
 0.0019, 0.0000, 0.0000, 3.1415, 0.0000, 0.0000, 0.0000, 0.0000,-0.7180,0
 0.0019, 0.0000, 0.0000, 3.1415, 0.0000, 0.0000, 0.0000, 0.0000,-0.7180,0
 0.0019, 0.0000, 0.0000, 3.1415, 0.0000, 0.0000, 0.0000, 0.0000,-0.7180,0
 0.0019, 0.0000, 0.0000, 3.1415, 0.0000, 0.0000, 0.0000, 0.0000,-0.7180,0
 0.0019, 0.0000, 0.0000, 3.1415, 0.0000, 0.0000, 0.0000, 0.0000,-0.7180,0
 0.0019, 0.0000, 0.0031, 3.1415, 0.0000, 0.2513, 0.0000, 0.0000,-0.7180,0
 0.0019, 0.0000, 0.0031, 3.1415, 0.0000, 0.0502, 0.0000, 0.0000,-0.7180,0
 0.0019, 0.0000, 0.0031, 3.1415, 0.0000, 0.0100, 0.0000, 0.0000,-0.7180,0
 0.0019, 0.0000, 0.0031, 3.1415, 0.0000, 0.0020, 0.0000, 0.0000,-0.7180,0
 0.0019, 0.0000, 0.0031, 3.1415, 0.0000, 0.0004, 0.0000, 0.0000,-0.7180,0
 0.0019, 0.0000, 0.0031, 3.1415, 0.0000, 0.0000, 0.0000, 0.0000,-0.7180,0
 0.0019, 0.0000, 0.0031, 3.1415, 0.0000, 0.0000, 0.0000, 0.0000,-0.7180,0
 0.0019, 0.0000, 0.0031, 3.1415, 0.0000, 0.0000, 0.0000, 0.0000,-0.7180,0
 0.0019, 0.0000, 0.0031, 3.1415, 0.0000, 0.0000, 0.0000, 0.0000,-0.7180,0
 0.0019, 0.0000, 0.0031, 3.1415, 0.0000, 0.0000, 0.0000, 0.0000,-0.7180,0
 0.0019, 0.0000, 0.0031, 3.1415, 0.0000, 0.0000, 0.0000, 0.0000,-0.7180,0
 0.0019, 0.0000, 0.0031, 3.1415, 0.0000, 0.0000, 0.0000, 0.0000,-0.7180,0
 0.0019, 0.0000, 0.0031, 3.1415, 0.0000, 0.0000, 0.0000, 0.0000,-0.7180,0
 0.0019, 0.0000, 0.0031, 3.1415, 0.0000, 0.0000, 0.0000, 0.0000,-0.7180,0
 0.0019, 0.0000, 0.0031, 3.1415, 0.0000, 0.0000, 0.0000, 0.0000,-0.7180,0
 0.0019, 0.0000, 0.0031, 3.1415, 0.0000, 0.0000, 0.0000, 0.0000,-0.7180,0
 0.0019, 0.0000, 0.0031, 3.1415, 0.0000, 0.0000, 0.0000, 0.0000,-0.7180,0
 0.0019, 0.0000, 0.0031, 3.1415, 0.0000, 0.0000, 0.0000, 0.0000,-0.7180,0
 0.0019, 0.0000, 0.0031, 3.1415, 0.0000, 0.0000, 0.0000, 0.0000,-0.7180,0
 0.0019, 0.0000, 0.0031, 3.1415, 0.0000, 0.0000, 0.0000, 0.0000,-0.7180,0
 0.0019, 0.0000, 0.0031, 3.1415, 0.0000, 0.0000, 0.0000, 0.0000,-0.7180,0
 0.0019, 0.0000, 0.0031, 3.1415, 0.0000, 0.0000, 0.0000, 0.0000,-0.7180,0
 0.0019, 0.0000, 0.0031, 3.1415, 0.0000, 0.0000, 0.0000, 0.0000,-0.7180,0
 0.0019, 0.0000, 0.0031, 3.1415, 0.0000, 0.0000, 0.0000, 0.0000,-0.7180,0
 0.0019, 0.0000, 0.0031, 3.1415, 0.0000, 0.0000, 0.0000, 0.0000,-0.7180,0
 0.0019, 0.0000, 0.0031, 3.1415, 0.0000, 0.0000, 0.0000, 0.0000,-0.7180,0
 0.0019, 0.0000, 0.0031, 3.1415, 0.0000, 0.0000, 0.0000, 0.0000,-0.7180,0
 0.0019, 0.0000, 0.0031, 3.1415, 0.0000, 0.0000, 0.0000, 0.0000,-0.7180,0
 0.0019, 0.0000, 0.0031, 3.1415, 0.0000, 0.0000, 0.0000, 0.0000,-0.7180,0
 0.0019, 0.0000, 0.0031, 3.1415, 0.0000, 0.0000, 0.0000, 0.0000,-0.7180,0
 0.0019, 0.0000, 0.0031, 3.1415, 0.0000, 0.0000, 0.0000, 0.0000,-0.7180,0
 0.0019, 0.0000, 0.0031, 3.1415, 0.0000, 0.0000, 0.0000, 0.0000,-0.7180,0
 0.0019, 0.0000, 0.0031, 3.1415, 0.0000, 0.0000, 0.0000, 0.0000,-0.7180,0
 0.0019, 0.0000, 0.0031, 3.1415, 0.0000, 0.0000, 0.0000, 0.0000,-0.7180,0
 0.0019, 0.0000, 0.0031, 3.1415, 0.0000, 0.0000, 0.0000, 0.0000,-0.7180,0
 0.0019, 0.0000, 0.0031, 3.1415, 0.0000, 0.0000, 0.0000, 0.0000,-0.7180,0
 0.0019, 0.0000, 0.0031, 3.1415, 0.0000, 0.0000, 0.0000, 0.0000,-0.7180,0
 0.0019, 0.0000, 0.0031, 3.1415, 0.0000, 0.0000, 0.0000, 0.0000,-0.7180,0
 0.0019, 0.0000, 0.0031, 3.1415, 0.0000, 0.0000, 0.0000, 0.0000,-0.7180,0
 0.0019, 0.0000, 0.0031, 3.1415, 0.0000, 0.0000, 0.0000, 0.0000,-0.7180,0
 0.0019, 0.0000, 0.0031, 3.1415, 0.0000, 0.0000, 0.0000, 0.0000,-0.7180,0
 0.0019, 0.0000, 0.0031, 3.1415, 0.0000, 0.0000, 0.0000, 0.0000,-0.7180,0
 0.0019, 0.0000, 0.0031, 3.1415, 0.0000, 0.0000, 0.0000, 0.0000,-0.7180,0
 0.0019, 0.0000, 0.0000, 3.1415, 0.0000,-0.2513, 0.0000, 0.0000,-0.7180,0
 0.0019, 0.0000, 0.0000, 3.1415, 0.0000,-0.0502, 0.0000, 0.0000,-0.7180,0
 0.0019, 0.0000, 0.0000, 3.1415, 0.0000,-0.0100, 0.0000, 0.0000,-0.7180,0
 0.0019, 0.0000, 0.0000, 3.1415, 0.0000,-0.0020, 0.0000, 0.0000,-0.7180,0
 0.0019, 0.0000, 0.0000, 3.1415, 0.0000,-0.0004, 0.0000, 0.0000,-0.7180,0
 0.0019, 0.0000, 0.0000, 3.1415, 0.0000,-0.0000, 0.0000, 0.0000,-0.7180,0
 0.0019, 0.0000, 0.0000, 3.1415, 0.0000,-0.0000, 0.0000, 0.0000,-0.7180,0
 0.0019, 0.0000, 0.0000, 3.1415, 0.0000,-0.0000, 0.0000, 0.0000,-0.7180,0
 0.0019, 0.0000, 0.0000, 3.1415, 0.0000,-0.0000, 0.0000, 0.0000,-0.7180,0
 0.0019, 0.0000, 0.0000, 3.1415, 0.0000,-0.0000, 0.0000, 0.0000,-0.7180,0
 0.0019, 0.0000, 0.0000, 3.1415, 0.0000,-0.0000, 0.0000, 0.0000,-0.7180,0
 0.0019, 0.0000, 0.0000, 3.1415, 0.0000,-0.0000, 0.0000, 0.0000,-0.7180,0
 0.0019, 0.0000, 0.0000, 3.1415, 0.0000,-0.0000, 0.0000, 0.0000,-0.7180,0
 0.0019, 0.0000, 0.0000, 3.1415, 0.0000,-0.0000, 0.0000, 0.0000,-0.7180,0
 0.0019, 0.0000, 0.0000, 3.1415, 0.0000,-0.0000, 0.0000, 0.0000,-0.7180,0
 0.0019, 0.0000, 0.0000, 3.1415, 0.0000,-0.0000, 0.0000, 0.0000,-0.7180,0
 0.0019, 0.0000, 0.0000, 3.1415, 0.0000,-0.0000, 0.0000, 0.0000,-0.7180,0
 0.0019, 0.0000, 0.0000, 3.1415, 0.0000,-0.0000, 0.0000, 0.0000,-0.7180,0
 0.0019, 0.0000, 0.0000, 3.1415, 0.0000,-0.0000, 0.0000, 0.0000,-0.7180,0
 0.0019, 0.0000,-0.0031, 3.1415, 0.0000,-0.2513, 0.0000, 0.0000,-0.7180,0
 0.0019, 0.0000,-0.0031, 3.1415, 0.0000,-0.0502, 0.0000, 0.0000,-0.7180,0
 0.0019, 0.0000,-0.0031, 3.1415, 0.0000,-0.0100, 0.0000, 0.0000,-0.7180,0
 0.0019, 0.0000,-0.0031, 3.1415, 0.0000,-0.0020, 0.0000, 0.0000,-0.7180,0
 0.0019, 0.0000,-0.0031, 3.1415, 0.0000,-0.0004, 0.0000, 0.0000,-0.7180,0
 0.0019, 0.0000,-0.0031, 3.1415, 0.0000,-0.0000, 0.0000, 0.0000,-0.7180,0
 0.0019, 0.0000,-0.0031, 3.1415, 0.0000,-0.0000, 0.0000, 0.0000,-0.7180,0
 0.0019, 0.0000,-0.0031, 3.1415, 0.0000,-0.0000, 0.0000, 0.0000,-0.7180,0
 0.0019, 0.0000,-0.0031, 3.1415, 0.0000,-0.0000, 0.0000, 0.0000,-0.7180,0
 0.0019, 0.0000,-0.0031, 3.1415, 0.0000,-0.0000, 0.0000, 0.0000,-0.7180,0
 0.0019, 0.0000,-0.0031, 3.1415, 0.0000,-0.0000, 0.0000, 0.0000,-0.7180,0
 0.0019, 0.0000,-0.0031, 3.1415, 0.0000,-0.0000, 0.0000, 0.0000,-0.7180,0
 0.0019, 0.0000,-0.0031, 3.1415, 0.0000,-0.0000, 0.0000, 0.0000,-0.7180,0
 0.0019, 0.0000,-0.0031, 3.1415, 0.0000,-0.0000, 0.0000, 0.0000,-0.7180,0
 0.0019, 0.0000,-0.0031, 3.1415, 0.0000,-0.0000, 0.0000, 0.0000,-0.7180,0
 0.0019, 0.0000,-0.0031, 3.1415, 0.0000,-0.0000, 0.0000, 0.0000,-0.7180,0
 0.0019, 0.0000,-0.0031, 3.1415, 0.0000,-0.0000, 0.0000, 0.0000,-0.7180,0
 0.0019, 0.0000,-0.0031, 3.1415, 0.0000,-0.0000, 0.0000, 0.0000,-0.7180,0
 0.0019, 0.0000,-0.0031, 3.1415, 0.0000,-0.0000, 0.0000, 0.0000,-0.7180,0
 0.0019, 0.0000,-0.0031, 3.1415, 0.0000,-0.0000, 0.0000, 0.0000,-0.7180,0
 0.0019, 0.0000,-0.0031, 3.1415, 0.0000,-0.0000, 0.0000, 0.0000,-0.7180,0
 0.0019, 0.0000,-0.0031, 3.1415, 0.0000,-0.0000, 0.0000, 0.0000,-0.7180,0
 0.0019, 0.0000,-0.0031, 3.1415, 0.0000,-0.0000, 0.0000, 0.0000,-0.7180,0
 0.0019, 0.0000,-0.0031, 3.1415, 0.0000,-0.0000, 0.0000, 0.0000,-0.7180,0
 0.0019, 0.0000,-0.0031, 3.1415, 0.0000,-0.0000, 0.0000, 0.0000,-0.7180,0
 0.0019, 0.0000,-0.0031, 3.1415, 0.0000,-0.0000, 0.0000, 0.0000,-0.7180,0
 0.0019, 0.0000,-0.0031, 3.1415, 0.0000,-0.0000, 0.0000, 0.0000,-0.7180,0
 0.0019, 0.0000,-0.0031, 3.1415, 0.0000,-0.0000, 0.0000, 0.0000,-0.7180,0
 0.0019, 0.0000,-0.0031, 3.1415, 0.0000,-0.0000, 0.0000, 0.0000,-0.7180,0
 0.0019, 0.0000,-0.0031, 3.1415, 0.0000,-0.0000, 0.0000, 0.0000,-0.7180,0
 0.0019, 0.0000,-0.0031, 3.1415, 0.0000,-0.0000, 0.0000, 0.0000,-0.7180,0
 0.0019, 0.0000,-0.0031, 3.1415, 0.0000,-0.0000, 0.0000, 0.0000,-0.7180,0
 0.0019, 0.0000,-0.0031, 3.1415, 0.0000,-0.0000, 0.0000, 0.0000,-0.7180,0
 0.0019, 0.0000, 0.0000, 3.1415, 0.0000, 0.2513, 0.0000, 0.0000,-0.7180,0
 0.0019, 0.0000, 0.0000, 3.1415, 0.0000, 0.0502, 0.0000, 0.0000,-0.7180,0
 0.0019, 0.0000, 0.0000, 3.1415, 0.0000, 0.0100, 0.0000, 0.0000,-0.7180,0
 0.0019, 0.0000, 0.0000, 3.1415, 0.0000, 0.0020, 0.0000, 0.0000,-0.7180,0
 0.0019, 0.0000, 0.0000, 3.1415, 0.0000, 0.0004, 0.0000, 0.0000,-0.7180,0
 0.0019, 0.0000, 0.0000, 3.1415, 0.0000, 0.0000, 0.0000, 0.0000,-0.7180,0
 0.0019, 0.0000, 0.0000, 3.1415, 0.0000, 0.0000, 0.0000, 0.0000,-0.7180,0
 0.0019, 0.0000, 0.0000, 3.1415, 0.0000, 0.0000, 0.0000, 0.0000,-0.7180,0
 0.0019, 0.0000, 0.0000, 3.1415, 0.0000, 0.0000, 0.0000, 0.0000,-0.7180,0
 0.0019, 0.0000, 0.0000, 3.1415, 0.0000, 0.0000, 0.0000, 0.0000,-0.7180,0
 0.0019, 0.0000, 0.0000, 3.1415, 0.0000, 0.0000, 0.0000, 0.0000,-0.7180,0
 0.0019, 0.0000, 0.0000, 3.1415, 0.0000, 0.0000, 0.0000, 0.0000,-0.7180,0
 0.0019, 0.0000, 0.0000, 3.1415, 0.0000, 0.0000, 0.0000, 0.0000,-0.7180,0
 0.0019, 0.0000, 0.0000, 3.1415, 0.0000, 0.0000, 0.0000, 0.0000,-0.7180,0
 0.0019, 0.0000, 0.0000, 3.1415, 0.0000, 0.0000, 0.0000, 0.0000,-0.7180,0
 0.0019, 0.0000, 0.0000, 3.1415, 0.0000, 0.0000, 0.0000, 0.0000,-0.7180,0
 0.0019, 0.0000, 0.0000, 3.1415, 0.0000, 0.0000, 0.0000, 0.0000,-0.7180,0
 0.0019, 0.0000, 0.0000, 3.1415, 0.0000, 0.0000, 0.0000, 0.0000,-0.7180,0
 0.0019, 0.0000, 0.0000, 3.1415, 0.0000, 0.0000, 0.0000, 0.0000,-0.7180,0
 0.0019, 0.0000, 0.0000, 3.1415, 0.0000, 0.0000, 0.0000, 0.0000,-0.7180,0
 0.0019, 0.0000, 0.0031, 3.1415, 0.0000, 0.2513, 0.0000, 0.0000,-0.7180,0
 0.0019, 0.0000, 0.0031, 3.1415, 0.0000, 0.0502, 0.0000, 0.0000,-0.7180,0
 0.0019, 0.0000, 0.0031, 3.1415, 0.0000, 0.0100, 0.0000, 0.0000,-0.7180,0
 0.0019, 0.0000, 0.0031, 3.1415, 0.0000, 0.0020, 0.0000, 0.0000,-0.7180,0
 0.0019, 0.0000, 0.0031, 3.1415, 0.0000, 0.0004, 0.0000, 0.0000,-0.7180,0
 0.0019, 0.0000, 0.0031, 3.1415, 0.0000, 0.0000, 0.0000, 0.0000,-0.7180,0
 0.0019, 0.0000, 0.0031, 3.1415, 0.0000, 0.0000, 0.0000, 0.0000,-0.7180,0
 0.0019, 0.0000, 0.0031, 3.1415, 0.0000, 0.0000, 0.0000, 0.0000,-0.7180,0
 0.0019, 0.0000, 0.0031, 3.1415, 0.0000, 0.0000, 0.0000, 0.0000,-0.7180,0
 0.0019, 0.0000, 0.0031, 3.1415, 0.0000, 0.0000, 0.0000, 0.0000,-0.7180,0
 0.0019, 0.0000, 0.0031, 3.1415, 0.0000, 0.0000, 0.0000, 0.0000,-0.7180,0
 0.0019, 0.0000, 0.0031, 3.1415, 0.0000, 0.0000, 0.0000, 0.0000,-0.7180,0
 0.0019, 0.0000, 0.0031, 3.1415, 0.0000, 0.0000, 0.0000, 0.0000,-0.7180,0
 0.0019, 0.0000, 0.0031, 3.1415, 0.0000, 0.0000, 0.0000, 0.0000,-0.7180,0
 0.0019, 0.0000, 0.0031, 3.1415, 0.0000, 0.0000, 0.0000, 0.0000,-0.7180,0
 0.0019, 0.0000, 0.0031, 3.1415, 0.0000, 0.0000, 0.0000, 0.0000,-0.7180,0
 0.0019, 0.0000, 0.0031, 3.1415, 0.0000, 0.0000, 0.0000, 0.0000,-0.7180,0
 0.0019, 0.0000, 0.0031, 3.1415, 0.0000, 0.0000, 0.0000, 0.0000,-0.7180,0
 0.0019, 0.0000, 0.0031, 3.1415, 0.0000, 0.0000, 0.0000, 0.0000,-0.7180,0
 0.0019, 0.0000, 0.0031, 3.1415, 0.0000, 0.0000, 0.0000, 0.0000,-0.7180,0
 0.0019, 0.0000, 0.0031, 3.1415, 0.0000, 0.0000, 0.0000, 0.0000,-0.7180,0
 0.0019, 0.0000, 0.0031, 3.1415, 0.0000, 0.0000, 0.0000, 0.0000,-0.7180,0
 0.0019, 0.0000, 0.0031, 3.1415, 0.0000, 0.0000, 0.0000, 0.0000,-0.7180,0
 0.0019, 0.0000, 0.0031, 3.1415, 0.0000, 0.0000, 0.0000, 0.0000,-0.7180,0
 0.0019, 0.0000, 0.0031, 3.1415, 0.0000, 0.0000, 0.0000, 0.0000,-0.7180,0
 0.0019, 0.0000, 0.0031, 3.1415, 0.0000, 0.0000, 0.0000, 0.0000,-0.7180,0
 0.0019, 0.0000, 0.0031, 3.1415, 0.0000, 0.0000, 0.0000, 0.0000,-0.7180,0
 0.0019, 0.0000, 0.0031, 3.1415, 0.0000, 0.0000, 0.0000, 0.0000,-0.7180,0
 0.0019, 0.0000, 0.0031, 3.1415, 0.0000, 0.0000, 0.0000, 0.0000,-0.7180,0
 0.0019, 0.0000, 0.0031, 3.1415, 0.0000, 0.0000, 0.0000, 0.0000,-0.7180,0
 0.0019, 0.0000, 0.0031, 3.1415, 0.0000, 0.0000, 0.0000, 0.0000,-0.7180,0
 0.0019, 0.0000, 0.0031, 3.1415, 0.0000, 0.0000, 0.0000, 0.0000,-0.7180,0
 0.0019, 0.0000, 0.0031, 3.1415, 0.0000, 0.0000, 0.0000, 0.0000,-0.7180,0
 0.0019, 0.0000, 0.0031, 3.1415, 0.0000, 0.0000, 0.0000, 0.0000,-0.7180,0
 0.0019, 0.0000, 0.0031, 3.1415, 0.0000, 0.0000, 0.0000, 0.0000,-0.7180,0
 0.0019, 0.0000, 0.0031, 3.1415, 0.0000, 0.0000, 0.0000, 0.0000,-0.7180,0
 0.0019, 0.0000, 0.0031, 3.1415, 0.0000, 0.0000, 0.0000, 0.0000,-0.7180,0
 0.0019, 0.0000, 0.0031, 3.1415, 0.0000, 0.0000, 0.0000, 0.0000,-0.7180,0
 0.0019, 0.0000, 0.0031, 3.1415, 0.0000, 0.0000, 0.0000, 0.0000,-0.7180,0
 0.0019, 0.0000, 0.0031, 3.1415, 0.0000, 0.0000, 0.0000, 0.0000,-0.7180,0
 0.0019, 0.0000, 0.0031, 3.1415, 0.0000, 0.0000, 0.0000, 0.0000,-0.7180,0
 0.0019, 0.0000, 0.0000, 3.1415, 0.0000,-0.2513, 0.0000, 0.0000,-0.7180,0
 0.0019, 0.0000, 0.0000, 3.1415, 0.0000,-0.0502, 0.0000, 0.0000,-0.7180,0
 0.0019, 0.0000, 0.0000, 3.1415, 0.0000,-0.0100, 0.0000, 0.0000,-0.7180,0
 0.0019, 0.0000, 0.0000, 3.1415, 0.0000,-0.0020, 0.0000, 0.0000,-0.7180,0
 0.0019, 0.0000, 0.0000, 3.1415, 0.0000,-0.0004, 0.0000, 0.0000,-0.7180,0
 0.0019, 0.0000, 0.0000, 3.1415, 0.0000,-0.0000, 0.0000, 0.0000,-0.7180,0
 0.0019, 0.0000, 0.0000, 3.1415, 0.0000,-0.0000, 0.0000, 0.0000,-0.7180,0
 0.0019, 0.0000, 0.0000, 3.1415, 0.0000,-0.0000, 0.0000, 0.0000,-0.7180,0
 0.0019, 0.0000, 0.0000, 3.1415, 0.0000,-0.0000, 0.0000, 0.0000,-0.7180,0
 0.0019, 0.0000, 0.0000, 3.1415, 0.0000,-0.0000, 0.0000, 0.0000,-0.7180,0
 0.0019, 0.0000, 0.0000, 3.1415, 0.0000,-0.0000, 0.0000, 0.0000,-0.7180,0
 0.0019, 0.0000, 0.0000, 3.1415, 0.0000,-0.0000, 0.0000, 0.0000,-0.7180,0
 0.0019, 0.0000, 0.0000, 3.1415, 0.0000,-0.0000, 0.0000, 0.0000,-0.7180,0
 0.0019, 0.0000, 0.0000, 3.1415, 0.0000,-0.0000, 0.0000, 0.0000,-0.7180,0
 0.0019, 0.0000, 0.0000, 3.1415, 0.0000,-0.0000, 0.0000, 0.0000,-0.7180,0
 0.0019, 0.0000, 0.0000, 3.1415, 0.0000,-0.0000, 0.0000, 0.0000,-0.7180,0
 0.0019, 0.0000, 0.0000, 3.1415, 0.0000,-0.0000, 0.0000, 0.0000,-0.7180,0
 0.0019, 0.0000, 0.0000, 3.1415, 0.0000,-0.0000, 0.0000, 0.0000,-0.7180,0
 0.0019, 0.0000, 0.0000, 3.1415, 0.0000,-0.0000, 0.0000, 0.0000,-0.7180,0
 0.0019, 0.0000, 0.0000, 3.1415, 0.0000,-0.0000, 0.0000, 0.0000,-0.7180,0
 0.0019, 0.0000, 0.0000, 3.1415, 0.0000,-0.0000, 0.0000, 0.0000,-0.7180,0
 0.0019, 0.0000,-0.0031, 3.1415, 0.0000,-0.2513, 0.0000, 0.0000,-0.7180,0
 0.0019, 0.0000,-0.0031, 3.1415, 0.0000,-0.0502, 0.0000, 0.0000,-0.7180,0
 0.0019, 0.0000,-0.0031, 3.1415, 0.0000,-0.0100, 0.0000, 0.0000,-0.7180,0
 0.0019, 0.0000,-0.0031, 3.1415, 0.0000,-0.0020, 0.0000, 0.0000,-0.7180,0
 0.0019, 0.0000,-0.0031, 3.1415, 0.0000,-0.0004, 0.0000, 0.0000,-0.7180,0
 0.0019, 0.0000,-0.0031, 3.1415, 0.0000,-0.0000, 0.0000, 0.0000,-0.7180,0
 0.0019, 0.0000,-0.0031, 3.1415, 0.0000,-0.0000, 0.0000, 0.0000,-0.7180,0
 0.0019, 0.0000,-0.0031, 3.1415, 0.0000,-0.0000, 0.0000, 0.0000,-0.7180,0
 0.0019, 0.0000,-0.0031, 3.1415, 0.0000,-0.0000, 0.0000, 0.0000,-0.7180,0
 0.0019, 0.0000,-0.0031, 3.1415, 0.0000,-0.0000, 0.0000, 0.0000,-0.7180,0
 0.0019, 0.0000,-0.0031, 3.1415, 0.0000,-0.0000, 0.0000, 0.0000,-0.7180,0
 0.0019, 0.0000,-0.0031, 3.1415, 0.0000,-0.0000, 0.0000, 0.0000,-0.7180,0
 0.0019, 0.0000,-0.0031, 3.1415, 0.0000,-0.0000, 0.0000, 0.0000,-0.7180,0
 0.0019, 0.0000,-0.0031, 3.1415, 0.0000,-0.0000, 0.0000, 0.0000,-0.7180,0
 0.0019, 0.0000,-0.0031, 3.1415, 0.0000,-0.0000, 0.0000, 0.0000,-0.7180,0
 0.0019, 0.0000,-0.0031, 3.1415, 0.0000,-0.0000, 0.0000, 0.0000,-0.7180,0
 0.0019, 0.0000,-0.0031, 3.1415, 0.0000,-0.0000, 0.0000, 0.0000,-0.7180,0
 0.0019, 0.0000,-0.0031, 3.1415, 0.0000,-0.0000, 0.0000, 0.0000,-0.7180,0
 0.0019, 0.0000,-0.0031, 3.1415, 0.0000,-0.0000, 0.0000, 0.0000,-0.7180,0
 0.0019, 0.0000,-0.0031, 3.1415, 0.0000,-0.0000, 0.0000, 0.0000,-0.7180,0
 0.0019, 0.0000,-0.0031, 3.1415, 0.0000,-0.0000, 0.0000, 0.0000,-0.7180,0
 0.0019, 0.0000,-0.0031, 3.1415, 0.0000,-0.0000, 0.0000, 0.0000,-0.7180,0
 0.0019, 0.0000,-0.0031, 3.1415, 0.0000,-0.0000, 0.0000, 0.0000,-0.7180,0
 0.0019, 0.0000,-0.0031, 3.1415, 0.0000,-0.0000, 0.0000, 0.0000,-0.7180,0
 0.0019, 0.0000,-0.0031, 3.1415, 0.0000,-0.0000, 0.0000, 0.0000,-0.7180,0
 0.0019, 0.0000,-0.0031, 3.1415, 0.0000,-0.0000, 0.0000, 0.0000,-0.7180,0
 0.0019, 0.0000,-0.0031, 3.1415, 0.0000,-0.0000, 0.0000, 0.0000,-0.7180,0
 0.0019, 0.0000,-0.0031, 3.1415, 0.0000,-0.0000, 0.0000, 0.0000,-0.7180,0
 0.0019, 0.0000,-0.0031, 3.1415, 0.0000,-0.0000, 0.0000, 0.0000,-0.7180,0
 0.0019, 0.0000,-0.0031, 3.1415, 0.0000,-0.0000, 0.0000, 0.0000,-0.7180,0
 0.0019, 0.0000, 0.0000, 3.1415, 0.0000, 0.2513, 0.0000, 0.0000,-0.7180,0
 0.0019, 0.0000, 0.0000, 3.1415, 0.0000, 0.0502, 0.0000, 0.0000,-0.7180,0
 0.0019, 0.0000, 0.0000, 3.1415, 0.0000, 0.0100, 0.0000, 0.0000,-0.7180,0
 0.0019, 0.0000, 0.0000, 3.1415, 0.0000, 0.0020, 0.0000, 0.0000,-0.7180,0
 0.0019, 0.0000, 0.0000, 3.1415, 0.0000, 0.0004, 0.0000, 0.0000,-0.7180,0
 0.0019, 0.0000, 0.0000, 3.1415, 0.0000, 0.0000, 0.0000, 0.0000,-0.7180,0
 0.0019, 0.0000, 0.0000, 3.1415, 0.0000, 0.0000, 0.0000, 0.0000,-0.7180,0
 0.0019, 0.0000, 0.0000, 3.1415, 0.0000, 0.0000, 0.0000, 0.0000,-0.7180,0
 0.0019, 0.0000, 0.0000, 3.1415, 0.0000, 0.0000, 0.0000, 0.0000,-0.7180,0
 0.0019, 0.0000, 0.0000, 3.1415, 0.0000, 0.0000, 0.0000, 0.0000,-0.7180,0
 0.0019, 0.0000, 0.0000, 3.1415, 0.0000, 0.0000, 0.0000, 0.0000,-0.7180,0
 0.0019, 0.0000, 0.0000, 3.1415, 0.0000, 0.0000, 0.0000, 0.0000,-0.7180,0
 0.0019, 0.0000, 0.0000, 3.1415, 0.0000, 0.0000, 0.0000, 0.0000,-0.7180,0
 0.0019, 0.0000, 0.0000, 3.1415, 0.0000, 0.0000, 0.0000, 0.0000,-0.7180,0
 0.0019, 0.0000, 0.0000, 3.1415, 0.0000, 0.0000, 0.0000, 0.0000,-0.7180,0
 0.0019, 0.0000, 0.0000, 3.1415, 0.0000, 0.0000, 0.0000, 0.0000,-0.7180,0
 0.0019, 0.0000, 0.0000, 3.1415, 0.0000, 0.0000, 0.0000, 0.0000,-0.7180,0
 0.0019, 0.0000, 0.0000, 3.1415, 0.0000, 0.0000, 0.0000, 0.0000,-0.7180,0
 0.0019, 0.0000, 0.0000, 3.1415, 0.0000, 0.0000, 0.0000, 0.0000,-0.7180,0
 0.0019, 0.0000, 0.0000, 3.1415, 0.0000, 0.0000, 0.0000, 0.0000,-0.7180,0
 0.0019, 0.0000, 0.0000, 3.1415, 0.0000, 0.0000, 0.0000, 0.0000,-0.7180,0
 0.0019, 0.0000, 0.0000, 3.1415, 0.0000, 0.0000, 0.0000, 0.0000,-0.7180,0
 0.0019, 0.0000, 0.0031, 3.1415, 0.0000, 0.2513, 0.0000, 0.0000,-0.7180,0
 0.0019, 0.0000, 0.0031, 3.1415, 0.0000, 0.0502, 0.0000, 0.0000,-0.7180,0
 0.0019, 0.0000, 0.0031, 3.1415, 0.0000, 0.0100, 0.0000, 0.0000,-0.7180,0
 0.0019, 0.0000, 0.0031, 3.1415, 0.0000, 0.0020, 0.0000, 0.0000,-0.7180,0
 0.0019, 0.0000, 0.0031, 3.1415, 0.0000, 0.0004, 0.0000, 0.0000,-0.7180,0
 0.0019, 0.0000, 0.0031, 3.1415, 0.0000, 0.0000, 0.0000, 0.0000,-0.7180,0
 0.0019, 0.0000, 0.0031, 3.1415, 0.0000, 0.0000, 0.0000, 0.0000,-0.7180,0
 0.0019, 0.0000, 0.0031, 3.1415, 0.0000, 0.0000, 0.0000, 0.0000,-0.7180,0
 0.0019, 0.0000, 0.0031, 3.1415, 0.0000, 0.0000, 0.0000, 0.0000,-0.7180,0
 0.0019, 0.0000, 0.0031, 3.1415, 0.0000, 0.0000, 0.0000, 0.0000,-0.7180,0
 0.0019, 0.0000, 0.0031, 3.1415, 0.0000, 0.0000, 0.0000, 0.0000,-0.7180,0
 0.0019, 0.0000, 0.0031, 3.1415, 0.0000, 0.0000, 0.0000, 0.0000,-0.7180,0
 0.0019, 0.0000, 0.0031, 3.1415, 0.0000, 0.0000, 0.0000, 0.0000,-0.7180,0
 0.0019, 0.0000, 0.0031, 3.1415, 0.0000, 0.0000, 0.0000, 0.0000,-0.7180,0
 0.0019, 0.0000, 0.0031, 3.1415, 0.0000, 0.0000, 0.0000, 0.0000,-0.7180,0
 0.0019, 0.0000, 0.0031, 3.1415, 0.0000, 0.0000, 0.0000, 0.0000,-0.7180,0
 0.0019, 0.0000, 0.0031, 3.1415, 0.0000, 0.0000, 0.0000, 0.0000,-0.7180,0
 0.0019, 0.0000, 0.0031, 3.1415, 0.0000, 0.0000, 0.0000, 0.0000,-0.7180,0
 0.0019, 0.0000, 0.0031, 3.1415, 0.0000, 0.0000, 0.0000, 0.0000,-0.7180,0
 0.0019, 0.0000, 0.0031, 3.1415, 0.0000, 0.0000, 0.0000, 0.0000,-0.7180,0
 0.0019, 0.0000, 0.0031, 3.1415, 0.0000, 0.0000, 0.0000, 0.0000,-0.7180,0
 0.0019, 0.0000, 0.0031, 3.1415, 0.0000, 0.0000, 0.0000, 0.0000,-0.7180,0
 0.0019, 0.0000, 0.0031, 3.1415, 0.0000, 0.0000, 0.0000, 0.0000,-0.7180,0
 0.0019, 0.0000, 0.0031, 3.1415, 0.0000, 0.0000, 0.0000, 0.0000,-0.7180,0
 0.0019, 0.0000, 0.0031, 3.1415, 0.0000, 0.0000, 0.0000, 0.0000,-0.7180,0
 0.0019, 0.0000, 0.0031, 3.1415, 0.0000, 0.0000, 0.0000, 0.0000,-0.7180,0
 0.0019, 0.0000, 0.0031, 3.1415, 0.0000, 0.0000, 0.0000, 0.0000,-0.7180,0
 0.0019, 0.0000, 0.0031, 3.1415, 0.0000, 0.0000, 0.0000, 0.0000,-0.7180,0
 0.0019, 0.0000, 0.0031, 3.1415, 0.0000, 0.0000, 0.0000, 0.0000,-0.7180,0
 0.0019, 0.0000, 0.0031, 3.1415, 0.0000, 0.0000, 0.0000, 0.0000,-0.7180,0
 0.0019, 0.0000, 0.0031, 3.1415, 0.0000, 0.0000, 0.0000, 0.0000,-0.7180,0
 0.0019, 0.0000, 0.0031, 3.1415, 0.0000, 0.0000, 0.0000, 0.0000,-0.7180,0
 0.0019, 0.0000, 0.0031, 3.1415, 0.0000, 0.0000, 0.0000, 0.0000,-0.7180,0
 0.0019, 0.0000, 0.0031, 3.1415, 0.0000, 0.0000, 0.0000, 0.0000,-0.7180,0
 0.0019, 0.0000, 0.0031, 3.1415, 0.0000, 0.0000, 0.0000, 0.0000,-0.7180,0
 0.0019, 0.0000, 0.0031, 3.1415, 0.0000, 0.0000, 0.0000, 0.0000,-0.7180,0
 0.0019, 0.0000, 0.0031, 3.1415, 0.0000, 0.0000, 0.0000, 0.0000,-0.7180,0
 0.0019, 0.0000, 0.0031, 3.1415, 0.0000, 0.0000, 0.0000, 0.0000,-0.7180,0
 0.0019, 0.0000, 0.0031, 3.1415, 0.0000, 0.0000, 0.0000, 0.0000,-0.7180,0
 0.0019, 0.0000, 0.0000, 3.1415, 0.0000,-0.2513, 0.0000, 0.0000,-0.7180,0
 0.0019, 0.0000, 0.0000, 3.1415, 0.0000,-0.0502, 0.0000, 0.0000,-0.7180,0
 0.0019, 0.0000, 0.0000, 3.1415, 0.0000,-0.0100, 0.0000, 0.0000,-0.7180,0
 0.0019, 0.0000, 0.0000, 3.1415, 0.0000,-0.0020, 0.0000, 0.0000,-0.7180,0
 0.0019, 0.0000, 0.0000, 3.1415, 0.0000,-0.0004, 0.0000, 0.0000,-0.7180,0
 0.0019, 0.0000, 0.0000, 3.1415, 0.0000,-0.0000, 0.0000, 0.0000,-0.7180,0
 0.0019, 0.0000, 0.0000, 3.1415, 0.0000,-0.0000, 0.0000, 0.0000,-0.7180,0
 0.0019, 0.0000, 0.0000, 3.1415, 0.0000,-0.0000, 0.0000, 0.0000,-0.7180,0
 0.0019, 0.0000, 0.0000, 3.1415, 0.0000,-0.0000, 0.0000, 0.0000,-0.7180,0
 0.0019, 0.0000, 0.0000, 3.1415, 0.0000,-0.0000, 0.0000, 0.0000,-0.7180,0
 0.0019, 0.0000, 0.0000, 3.1415, 0.0000,-0.0000, 0.0000, 0.0000,-0.7180,0
 0.0019, 0.0000, 0.0000, 3.1415, 0.0000,-0.0000, 0.0000, 0.0000,-0.7180,0
 0.0019, 0.0000, 0.0000, 3.1415, 0.0000,-0.0000, 0.0000, 0.0000,-0.7180,0
 0.0019, 0.0000, 0.0000, 3.1415, 0.0000,-0.0000, 0.0000, 0.0000,-0.7180,0
 0.0019, 0.0000, 0.0000, 3.1415, 0.0000,-0.0000, 0.0000, 0.0000,-0.7180,0
 0.0019, 0.0000, 0.0000, 3.1415, 0.0000,-0.0000, 0.0000, 0.0000,-0.7180,0
 0.0019, 0.0000, 0.0000, 3.1415, 0.0000,-0.0000, 0.0000, 0.0000,-0.7180,0
 0.0019, 0.0000, 0.0000, 3.1415, 0.0000,-0.0000, 0.0000, 0.0000,-0.7180,0
 0.0019, 0.0000, 0.0000, 3.1415, 0.0000,-0.0000, 0.0000, 0.0000,-0.7180,0
 0.0019, 0.0000, 0.0000, 3.1415, 0.0000,-0.0000, 0.0000, 0.0000,-0.7180,0
 0.0019, 0.0000, 0.0000, 3.1415, 0.0000,-0.0000, 0.0000, 0.0000,-0.7180,0
 0.0019, 0.0000, 0.0000, 3.1415, 0.0000,-0.0000, 0.0000, 0.0000,-0.7180,0
 0.0019, 0.0000, 0.0000, 3.1415, 0.0000,-0.0000, 0.0000, 0.0000,-0.7180,0
 0.0019, 0.0000, 0.0000, 3.1415, 0.0000,-0.0000, 0.0000, 0.0000,-0.7180,0
 0.0019, 0.0000, 0.0000, 3.1415, 0.0000,-0.0000, 0.0000, 0.0000,-0.7180,0
 0.0019, 0.0000,-0.0031, 3.1415, 0.0000,-0.2513, 0.0000, 0.0000,-0.7180,0
 0.0019, 0.0000,-0.0031, 3.1415, 0.0000,-0.0502, 0.0000, 0.0000,-0.7180,0
 0.0019, 0.0000,-0.0031, 3.1415, 0.0000,-0.0100, 0.0000, 0.0000,-0.7180,0
 0.0019, 0.0000,-0.0031, 3.1415, 0.0000,-0.0020, 0.0000, 0.0000,-0.7180,0
 0.0019, 0.0000,-0.0031, 3.1415, 0.0000,-0.0004, 0.0000, 0.0000,-0.7180,0
 0.0019, 0.0000,-0.0031, 3.1415, 0.0000,-0.0000, 0.0000, 0.0000,-0.7180,0
 0.0019, 0.0000,-0.0031, 3.1415, 0.0000,-0.0000, 0.0000, 0.0000,-0.7180,0
 0.0019, 0.0000,-0.0031, 3.1415, 0.0000,-0.0000, 0.0000, 0.0000,-0.7180,0
 0.0019, 0.0000,-0.0031, 3.1415, 0.0000,-0.0000, 0.0000, 0.0000,-0.7180,0
 0.0019, 0.0000,-0.0031, 3.1415, 0.0000,-0.0000, 0.0000, 0.0000,-0.7180,0
 0.0019, 0.0000,-0.0031, 3.1415, 0.0000,-0.0000, 0.0000, 0.0000,-0.7180,0
 0.0019, 0.0000,-0.0031, 3.1415, 0.0000,-0.0000, 0.0000, 0.0000,-0.7180,0
 0.0019, 0.0000,-0.0031, 3.1415, 0.0000,-0.0000, 0.0000, 0.0000,-0.7180,0
 0.0019, 0.0000,-0.0031, 3.1415, 0.0000,-0.0000, 0.0000, 0.0000,-0.7180,0
 0.0019, 0.0000,-0.0031, 3.1415, 0.0000,-0.0000, 0.0000, 0.0000,-0.7180,0
 0.0019, 0.0000,-0.0031, 3.1415, 0.0000,-0.0000, 0.0000, 0.0000,-0.7180,0
 0.0019, 0.0000,-0.0031, 3.1415, 0.0000,-0.0000, 0.0000, 0.0000,-0.7180,0
 0.0019, 0.0000,-0.0031, 3.1415, 0.0000,-0.0000, 0.0000, 0.0000,-0.7180,0
 0.0019, 0.0000,-0.0031, 3.1415, 0.0000,-0.0000, 0.0000, 0.0000,-0.7180,0
 0.0019, 0.0000,-0.0031, 3.1415, 0.0000,-0.0000, 0.0000, 0.0000,-0.7180,0
 0.0019, 0.0000,-0.0031, 3.1415, 0.0000,-0.0000, 0.0000, 0.0000,-0.7180,0
 0.0019, 0.0000,-0.0031, 3.1415, 0.0000,-0.0000, 0.0000, 0.0000,-0.7180,0
 0.0019, 0.0000,-0.0031, 3.1415, 0.0000,-0.0000, 0.0000, 0.0000,-0.7180,0
 0.0019, 0.0000,-0.0031, 3.1415, 0.0000,-0.0000, 0.0000, 0.0000,-0.7180,0
 0.0019, 0.0000,-0.0031, 3.1415, 0.0000,-0.0000, 0.0000, 0.0000,-0.7180,0
 0.0019, 0.0000,-0.0031, 3.1415, 0.0000,-0.0000, 0.0000, 0.0000,-0.7180,0
 0.0019, 0.0000, 0.0000, 3.1415, 0.0000, 0.2513, 0.0000, 0.0000,-0.7180,0
 0.0019, 0.0000, 0.0000, 3.1415, 0.0000, 0.0502,-1.5139,-0.7180,-0.7173,0
 0.0018, 0.0000, 0.0000, 3.1415,-0.0060, 0.0100,-0.7107,-0.7180,-0.7166,0
 0.0017, 0.0000, 0.0000, 3.1415,-0.0133, 0.0020,-0.1848,-0.7180,-0.7159,0
 0.0014, 0.0000, 0.0000, 3.1415,-0.0269, 0.0004, 0.1203,-0.7180,-0.7152,0
 0.0013, 0.0000, 0.0000, 3.1415,-0.0114, 0.0000, 0.0100,-0.7180,-0.7145,0
 0.0013, 0.0000, 0.0000, 3.1415,-0.0022, 0.0000,-0.0720,-0.7180,-0.7137,0
 0.0012, 0.0000, 0.0000, 3.1415,-0.0125, 0.0000, 0.0449,-0.7180,-0.7130,0
 0.0013, 0.0000, 0.0000, 3.1415, 0.0096, 0.0000,-0.1893,-0.7180,-0.7123,0
 0.0013, 0.0000, 0.0000, 3.1415, 0.0019, 0.0000,-0.1113,-0.7180,-0.7116,0
 0.0012, 0.0000, 0.0031, 3.1415,-0.0117, 0.2513, 2.2715,-0.7172,-0.7109,0
 0.0012, 0.0000, 0.0031, 3.1415,-0.0023, 0.0502,-1.4539,-0.7180,-0.7101,0
 0.0010, 0.0000, 0.0031, 3.1415,-0.0125, 0.0100,-0.5913,-0.7180,-0.7094,0
 0.0009, 0.0000, 0.0031, 3.1415,-0.0146, 0.0020,-0.1160,-0.7180,-0.7087,0
 0.0007, 0.0000, 0.0031, 3.1415,-0.0150, 0.0004, 0.0460,-0.7180,-0.7080,0
 0.0006, 0.0000, 0.0031, 3.1415,-0.0151, 0.0000, 0.0984,-0.7180,-0.7073,0
 0.0006, 0.0000, 0.0031, 3.1415,-0.0030, 0.0000,-0.0135,-0.7180,-0.7066,0
 0.0005, 0.0000, 0.0031, 3.1415,-0.0066, 0.0000, 0.0309,-0.7180,-0.7058,0
 0.0006, 0.0000, 0.0031, 3.1415, 0.0047, 0.0000,-0.0889,-0.7180,-0.7051,0
 0.0005, 0.0000, 0.0031, 3.1415,-0.0051, 0.0000, 0.0160,-0.7180,-0.7044,0
 0.0006, 0.0000, 0.0062, 3.1415, 0.0050, 0.2513, 2.0681,-0.7171,-0.7037,0
 0.0006, 0.0000, 0.0031, 3.1415, 0.0070,-0.2010,-3.6766,-0.7175,-0.7030,0
 0.0006, 0.0000, 0.0031, 3.1415,-0.0046,-0.0402, 0.7682,-0.7180,-0.7022,0
 0.0008, 0.0000, 0.0031, 3.1415, 0.0172,-0.0080, 0.2161,-0.7180,-0.7015,0
 0.0009, 0.0000, 0.0031, 3.1415, 0.0095,-0.0016,-0.0092,-0.7180,-0.7008,0
 0.0009, 0.0000, 0.0031, 3.1415, 0.0019,-0.0003,-0.0390,-0.7180,-0.7001,0
 0.0009, 0.0000, 0.0031, 3.1415, 0.0003,-0.0000,-0.0544,-0.7180,-0.6994,0
 0.0007, 0.0000, 0.0031, 3.1415,-0.0120,-0.0000, 0.0735,-0.7180,-0.6987,0
 0.0008, 0.0000, 0.0031, 3.1415, 0.0036,-0.0000,-0.0925,-0.7180,-0.6979,0
 0.0006, 0.0000, 0.0031, 3.1415,-0.0174,-0.0000, 0.1360,-0.7180,-0.6972,0
 0.0006, 0.0000, 0.0031, 3.1415,-0.0034,-0.0000,-0.0054,-0.7180,-0.6965,0
 0.0004, 0.0000, 0.0031, 3.1415,-0.0128,-0.0000, 0.0992,-0.7180,-0.6958,0
 0.0006, 0.0000, 0.0031, 3.1415, 0.0095,-0.0000,-0.1376,-0.7180,-0.6951,0
 0.0005, 0.0000, 0.0031, 3.1415,-0.0041,-0.0000, 0.0063,-0.7180,-0.6943,0
 0.0005, 0.0000, 0.0031, 3.1415,-0.0008,-0.0000,-0.0273,-0.7180,-0.6936,0
 0.0004, 0.0000, 0.0031, 3.1415,-0.0062,-0.0000, 0.0324,-0.7180,-0.6929,0
 0.0005, 0.0000, 0.0031, 3.1415, 0.0048,-0.0000,-0.0845,-0.7180,-0.6922,0
 0.0004, 0.0000, 0.0031, 3.1415,-0.0050,-0.0000, 0.0210,-0.7180,-0.6915,0
 0.0004, 0.0000, 0.0031, 3.1415,-0.0010,-0.0000,-0.0202,-0.7180,-0.6908,0
 0.0003, 0.0000, 0.0031, 3.1415,-0.0062,-0.0000, 0.0379,-0.7180,-0.6900,0
 0.0004, 0.0000, 0.0031, 3.1415, 0.0048,-0.0000,-0.0793,-0.7180,-0.6893,0
 0.0003, 0.0000, 0.0031, 3.1415,-0.0051,-0.0000, 0.0261,-0.7180,-0.6886,0
 0.0004, 0.0000, 0.0031, 3.1415, 0.0050,-0.0000,-0.0816,-0.7180,-0.6879,0
 0.0003, 0.0000, 0.0031, 3.1415,-0.0111,-0.0000, 0.0921,-0.7180,-0.6872,0
 0.0003, 0.0000, 0.0031, 3.1415, 0.0038,-0.0000,-0.0643,-0.7180,-0.6864,0
 0.0003, 0.0000, 0.0031, 3.1415,-0.0052,-0.0000, 0.0332,-0.7180,-0.6857,0
 0.0003, 0.0000, 0.0031, 3.1415, 0.0050,-0.0000,-0.0761,-0.7180,-0.6850,0
 0.0002, 0.0000, 0.0031, 3.1415,-0.0111,-0.0000, 0.0973,-0.7180,-0.6843,0
 0.0003, 0.0000, 0.0000, 3.1415, 0.0038,-0.2513,-2.0107,-0.7172,-0.6836,0
 0.0001, 0.0000, 0.0000, 3.1415,-0.0113,-0.0502, 1.5574,-0.7180,-0.6829,0
 0.0003, 0.0000, 0.0000, 3.1415, 0.0098,-0.0100, 0.5385,-0.7180,-0.6821,0
 0.0004, 0.0000, 0.0000, 3.1415, 0.0140,-0.0020, 0.0320,-0.7180,-0.6814,0
 0.0006, 0.0000, 0.0000, 3.1415, 0.0149,-0.0004,-0.1363,-0.7180,-0.6807,0
 0.0006, 0.0000, 0.0000, 3.1415, 0.0090,-0.0000,-0.1234,-0.7180,-0.6800,0
 0.0006, 0.0000, 0.0000, 3.1415,-0.0042,-0.0000, 0.0056,-0.7180,-0.6793,0
 0.0007, 0.0000,-0.0031, 3.1415, 0.0112,-0.2513,-2.0637,-0.7172,-0.6785,0
 0.0005, 0.0000,-0.0031, 3.1415,-0.0159,-0.0502, 1.5888,-0.7180,-0.6778,0
 0.0007, 0.0000,-0.0031, 3.1415, 0.0150,-0.0100, 0.4579,-0.7180,-0.6771,0
 0.0008, 0.0000,-0.0031, 3.1415, 0.0090,-0.0020, 0.0579,-0.7180,-0.6764,0
 0.0009, 0.0000,-0.0031, 3.1415, 0.0139,-0.0004,-0.1515,-0.7180,-0.6757,0
 0.0011, 0.0000,-0.0031, 3.1415, 0.0149,-0.0000,-0.2134,-0.7180,-0.6750,0
 0.0009, 0.0000,-0.0031, 3.1415,-0.0091,-0.0000, 0.0296,-0.7180,-0.6742,0
 0.0011, 0.0000,-0.0031, 3.1415, 0.0102,-0.0000,-0.1800,-0.7180,-0.6735,0
 0.0009, 0.0000,-0.0031, 3.1415,-0.0161,-0.0000, 0.1022,-0.7180,-0.6728,0
 0.0011, 0.0000,-0.0031, 3.1415, 0.0149,-0.0000,-0.2280,-0.7180,-0.6721,0
 0.0009, 0.0000,-0.0062, 3.1415,-0.0151,-0.2513,-1.7323,-0.7171,-0.6714,0
 0.0008, 0.0000,-0.0031, 3.1415,-0.0091, 0.2010, 3.3270,-0.7175,-0.6706,0
 0.0009, 0.0000,-0.0031, 3.1415, 0.0103, 0.0402,-0.9863,-0.7180,-0.6699,0
 0.0006, 0.0000,-0.0031, 3.1415,-0.0221, 0.0080,-0.2789,-0.7180,-0.6692,0
 0.0003, 0.0000,-0.0031, 3.1415,-0.0286, 0.0016, 0.1145,-0.7180,-0.6685,0
 0.0004, 0.0000,-0.0031, 3.1415, 0.0003, 0.0003,-0.0757,-0.7180,-0.6678,0
 0.0002, 0.0000,-0.0031, 3.1415,-0.0181, 0.0000, 0.1574,-0.7180,-0.6671,0
 0.0003, 0.0000,-0.0031, 3.1415, 0.0024, 0.0000,-0.0477,-0.7180,-0.6663,0
 0.0000, 0.0000,-0.0031, 3.1415,-0.0177, 0.0000, 0.1735,-0.7180,-0.6656,0
 0.0002, 0.0000,-0.0031, 3.1415, 0.0085, 0.0000,-0.1023,-0.7180,-0.6649,0
 0.0001, 0.0000,-0.0031, 3.1415,-0.0043, 0.0000, 0.0337,-0.7180,-0.6642,0
 0.0002, 0.0000,-0.0031, 3.1415, 0.0051, 0.0000,-0.0679,-0.7180,-0.6635,0
 0.0000, 0.0000,-0.0031, 3.1415,-0.0171, 0.0000, 0.1736,-0.7180,-0.6627,0
 0.0002, 0.0000,-0.0031, 3.1415, 0.0147, 0.0000,-0.1647,-0.7180,-0.6620,0
-0.0000, 0.0000,-0.0031, 3.1415,-0.0213, 0.0000, 0.2207,-0.7180,-0.6613,0
 0.0003, 0.0000,-0.0031, 3.1415, 0.0321, 0.0000,-0.3507,-0.7180,-0.6606,0
-0.0000, 0.0000,-0.0031, 3.1415,-0.0299, 0.0000, 0.3084,-0.7180,-0.6599,0
 0.0003, 0.0000,-0.0031, 3.1415, 0.0303, 0.0000,-0.3332,-0.7180,-0.6592,0
 0.0000, 0.0000,-0.0031, 3.1415,-0.0242, 0.0000, 0.2454,-0.7180,-0.6584,0
 0.0003, 0.0000,-0.0031, 3.1415, 0.0254, 0.0000,-0.2833,-0.7180,-0.6577,0
 0.0000, 0.0000,-0.0031, 3.1415,-0.0252, 0.0000, 0.2553,-0.7180,-0.6570,0
 0.0002, 0.0000,-0.0031, 3.1415, 0.0131, 0.0000,-0.1484,-0.7180,-0.6563,0
-0.0000, 0.0000,-0.0031, 3.1415,-0.0216, 0.0000, 0.2240,-0.7180,-0.6556,0
 0.0003, 0.0000,-0.0031, 3.1415, 0.0259, 0.0000,-0.2835,-0.7180,-0.6548,0
 0.0000, 0.0000,-0.0031, 3.1415,-0.0190, 0.0000, 0.1929,-0.7180,-0.6541,0
 0.0003, 0.0000,-0.0031, 3.1415, 0.0265, 0.0000,-0.2938,-0.7180,-0.6534,0
 0.0000, 0.0000,-0.0031, 3.1415,-0.0250, 0.0000, 0.2532,-0.7180,-0.6527,0
 0.0003, 0.0000, 0.0000, 3.1415, 0.0253, 0.2513, 1.3420,-0.7172,-0.6520,0
 0.0002, 0.0000,-0.0031, 3.1415,-0.0070,-0.2010,-3.0740,-0.7175,-0.6513,0
 0.0003, 0.0000,-0.0031, 3.1415, 0.0046,-0.0402, 0.7803,-0.7180,-0.6505,0
 0.0003, 0.0000,-0.0031, 3.1415, 0.0069,-0.0080, 0.3678,-0.7180,-0.6498,0
 0.0006, 0.0000,-0.0031, 3.1415, 0.0256,-0.0016,-0.1539,-0.7180,-0.6491,0
 0.0005, 0.0000,-0.0031, 3.1415,-0.0069,-0.0003, 0.0772,-0.7180,-0.6484,0
 0.0008, 0.0000,-0.0031, 3.1415, 0.0228,-0.0000,-0.2767,-0.7180,-0.6477,0
 0.0005, 0.0000,-0.0031, 3.1415,-0.0196,-0.0000, 0.1661,-0.7180,-0.6469,0
 0.0009, 0.0000,-0.0031, 3.1415, 0.0263,-0.0000,-0.3277,-0.7180,-0.6462,0
 0.0006, 0.0000,-0.0031, 3.1415,-0.0129,-0.0000, 0.0849,-0.7180,-0.6455,0
 0.0009, 0.0000,-0.0031, 3.1415, 0.0156,-0.0000,-0.2192,-0.7180,-0.6448,0
 0.0005, 0.0000,-0.0031, 3.1415,-0.0271,-0.0000, 0.2396,-0.7180,-0.6441,0
 0.0009, 0.0000, 0.0000, 3.1415, 0.0309, 0.2513, 1.1549,-0.7172,-0.6434,0
 0.0008, 0.0000, 0.0000, 3.1415,-0.0059, 0.0502,-1.5320,-0.7180,-0.6426,0
 0.0009, 0.0000,-0.0031, 3.1415, 0.0048,-0.2412,-2.3046,-0.7172,-0.6419,0
 0.0006, 0.0000, 0.0000, 3.1415,-0.0172, 0.2030, 2.9666,-0.7175,-0.6412,0
 0.0009, 0.0000, 0.0000, 3.1415, 0.0147, 0.0406,-1.1315,-0.7180,-0.6405,0
 0.0006, 0.0000, 0.0000, 3.1415,-0.0213, 0.0081,-0.3068,-0.7180,-0.6398,0
 0.0005, 0.0000, 0.0000, 3.1415,-0.0103, 0.0016,-0.0870,-0.7180,-0.6390,0
 0.0000, 0.0000, 0.0000, 3.1415,-0.0384, 0.0003, 0.3410,-0.7180,-0.6383,0
 0.0000, 0.0000, 0.0031, 3.1415,-0.0076, 0.2513, 1.5367,-0.7172,-0.6376,0
 0.0000, 0.0000, 0.0031, 3.1415,-0.0076, 0.0502,-1.4736,-0.7180,-0.6369,0
-0.0000, 0.0000, 0.0031, 3.1415,-0.0075, 0.0100,-0.5965,-0.7180,-0.6362,0
-0.0003, 0.0000, 0.0031, 3.1415,-0.0257, 0.0020, 0.0770,-0.7180,-0.6355,0
-0.0002, 0.0000, 0.0031, 3.1415, 0.0069, 0.0004,-0.1118,-0.7180,-0.6347,0
-0.0003, 0.0000, 0.0062, 3.1415,-0.0107, 0.2514, 1.5577,-0.7171,-0.6340,0
-0.0002, 0.0000, 0.0062, 3.1415, 0.0099, 0.0502,-1.6445,-0.7180,-0.6333,0
-0.0006, 0.0000, 0.0062, 3.1415,-0.0283, 0.0100,-0.3525,-0.7180,-0.6326,0
-0.0005, 0.0000, 0.0062, 3.1415, 0.0003, 0.0020,-0.1780,-0.7180,-0.6319,0
-0.0009, 0.0000, 0.0062, 3.1415,-0.0302, 0.0004, 0.3107,-0.7180,-0.6311,0
-0.0009, 0.0000, 0.0094, 3.1415,-0.0060, 0.2514, 1.5089,-0.7171,-0.6304,0
-0.0009, 0.0000, 0.0094, 3.1415,-0.0072, 0.0502,-1.4261,-0.7180,-0.6297,0
-0.0011, 0.0000, 0.0094, 3.1415,-0.0135, 0.0100,-0.4675,-0.7180,-0.6290,0
-0.0012, 0.0000, 0.0094, 3.1415,-0.0148, 0.0020, 0.0270,-0.7180,-0.6283,0
-0.0012, 0.0000, 0.0094, 3.1415, 0.0030, 0.0004,-0.0064,-0.7180,-0.6276,0
-0.0013, 0.0000, 0.0094, 3.1415,-0.0115, 0.0000, 0.1940,-0.7180,-0.6268,0
-0.0013, 0.0000, 0.0094, 3.1415,-0.0023, 0.0000, 0.1117,-0.7180,-0.6261,0
-0.0012, 0.0000, 0.0094, 3.1415, 0.0116, 0.0000,-0.0372,-0.7180,-0.6254,0
-0.0012, 0.0000, 0.0094, 3.1415,-0.0037, 0.0000, 0.1243,-0.7180,-0.6247,0
-0.0010, 0.0000, 0.0094, 3.1415, 0.0174, 0.0000,-0.1052,-0.7180,-0.6240,0
-0.0013, 0.0000, 0.0094, 3.1415,-0.0207, 0.0000, 0.3021,-0.7180,-0.6233,0
-0.0010, 0.0000, 0.0094, 3.1415, 0.0201, 0.0000,-0.1320,-0.7180,-0.6225,0
-0.0013, 0.0000, 0.0062, 3.1415,-0.0202,-0.2513,-1.0146,-0.7171,-0.6218,0
-0.0013, 0.0000, 0.0094, 3.1415,-0.0040, 0.2010, 3.0130,-0.7174,-0.6211,0
-0.0012, 0.0000, 0.0094, 3.1415, 0.0113, 0.0402,-0.9306,-0.7180,-0.6204,0
-0.0015, 0.0000, 0.0094, 3.1415,-0.0280, 0.0080,-0.0829,-0.7180,-0.6197,0
-0.0017, 0.0000, 0.0094, 3.1415,-0.0177, 0.0016, 0.1432,-0.7180,-0.6189,0
-0.0018, 0.0000, 0.0094, 3.1415,-0.0156, 0.0003, 0.2437,-0.7180,-0.6182,0
-0.0018, 0.0000, 0.0094, 3.1415,-0.0031, 0.0000, 0.1484,-0.7180,-0.6175,0
-0.0017, 0.0000, 0.0094, 3.1415, 0.0114, 0.0000,-0.0016,-0.7180,-0.6168,0
-0.0017, 0.0000, 0.0062, 3.1415, 0.0022,-0.2513,-1.1583,-0.7171,-0.6161,0
-0.0019, 0.0000, 0.0062, 3.1415,-0.0177,-0.0502, 1.9046,-0.7180,-0.6154,0
-0.0018, 0.0000, 0.0062, 3.1415, 0.0085,-0.0100, 0.7223,-0.7180,-0.6146,0
-0.0016, 0.0000, 0.0062, 3.1415, 0.0138,-0.0020, 0.1831,-0.7180,-0.6139,0
-0.0015, 0.0000, 0.0062, 3.1415, 0.0088,-0.0004, 0.0746,-0.7180,-0.6132,0
-0.0013, 0.0000, 0.0031, 3.1415, 0.0199,-0.2514,-1.3103,-0.7172,-0.6125,0
-0.0013, 0.0000, 0.0031, 3.1415, 0.0039,-0.0502, 1.6549,-0.7180,-0.6118,0
-0.0011, 0.0000, 0.0031, 3.1415, 0.0189,-0.0100, 0.5733,-0.7180,-0.6110,0
-0.0009, 0.0000, 0.0031, 3.1415, 0.0219,-0.0020, 0.0501,-0.7180,-0.6103,0
-0.0008, 0.0000, 0.0000, 3.1415, 0.0104,-0.2517,-1.1774,-0.7172,-0.6096,0
-0.0009, 0.0000, 0.0000, 3.1415,-0.0039,-0.0503, 1.7218,-0.7180,-0.6089,0
-0.0006, 0.0000, 0.0000, 3.1415, 0.0234,-0.0100, 0.4962,-0.7180,-0.6082,0
-0.0003, 0.0000,-0.0031, 3.1415, 0.0289,-0.2533,-1.2228,-0.7171,-0.6075,0
-0.0002, 0.0000,-0.0031, 3.1415, 0.0118,-0.0506, 1.5630,-0.7180,-0.6067,0
-0.0000, 0.0000,-0.0031, 3.1415, 0.0144,-0.0101, 0.5630,-0.7180,-0.6060,0
 0.0002, 0.0000,-0.0062, 3.1415, 0.0271,-0.2533,-1.2153,-0.7171,-0.6053,0
 0.0001, 0.0000,-0.0062, 3.1415,-0.0006,-0.0506, 1.6689,-0.7180,-0.6046,0
 0.0006, 0.0000,-0.0062, 3.1415, 0.0362,-0.0101, 0.2978,-0.7180,-0.6039,0
 0.0007, 0.0000,-0.0094, 3.1415, 0.0193,-0.2533,-1.1499,-0.7171,-0.6031,0
 0.0006, 0.0000,-0.0094, 3.1415,-0.0021,-0.0506, 1.6534,-0.7180,-0.6024,0
 0.0011, 0.0000,-0.0094, 3.1415, 0.0359,-0.0101, 0.2661,-0.7180,-0.6017,0
 0.0012, 0.0000,-0.0094, 3.1415, 0.0193,-0.0020,-0.0667,-0.7180,-0.6010,0
 0.0013, 0.0000,-0.0125, 3.1415, 0.0099,-0.2517,-1.2227,-0.7171,-0.6003,0
 0.0012, 0.0000,-0.0125, 3.1415,-0.0040,-0.0503, 1.5942,-0.7179,-0.5996,0
 0.0016, 0.0000,-0.0125, 3.1415, 0.0295,-0.0100, 0.2857,-0.7180,-0.5988,0
 0.0018, 0.0000,-0.0125, 3.1415, 0.0180,-0.0020,-0.0919,-0.7180,-0.5981,0
 0.0016, 0.0000,-0.0125, 3.1415,-0.0085,-0.0004, 0.0313,-0.7180,-0.5974,0
 0.0019, 0.0000,-0.0125, 3.1415, 0.0225,-0.0000,-0.3465,-0.7180,-0.5967,0
 0.0017, 0.0000,-0.0125, 3.1415,-0.0136,-0.0000, 0.0245,-0.7180,-0.5960,0
 0.0021, 0.0000,-0.0125, 3.1415, 0.0275,-0.0000,-0.4213,-0.7180,-0.5952,0
 0.0018, 0.0000,-0.0125, 3.1415,-0.0187,-0.0000, 0.0674,-0.7180,-0.5945,0
 0.0021, 0.0000,-0.0125, 3.1415, 0.0205,-0.0000,-0.3504,-0.7180,-0.5938,0
 0.0017, 0.0000,-0.0125, 3.1415,-0.0262,-0.0000, 0.1480,-0.7180,-0.5931,0
 0.0021, 0.0000,-0.0125, 3.1415, 0.0250,-0.0000,-0.3967,-0.7180,-0.5924,0
 0.0016, 0.0000,-0.0125, 3.1415,-0.0313,-0.0000, 0.2052,-0.7180,-0.5917,0
 0.0020, 0.0000,-0.0125, 3.1415, 0.0240,-0.0000,-0.3812,-0.7180,-0.5909,0
 0.0016, 0.0000,-0.0125, 3.1415,-0.0255,-0.0000, 0.1459,-0.7180,-0.5902,0
 0.0021, 0.0000,-0.0125, 3.1415, 0.0373,-0.0000,-0.5260,-0.7180,-0.5895,0
 0.0017, 0.0000,-0.0125, 3.1415,-0.0289,-0.0000, 0.1753,-0.7180,-0.5888,0
 0.0020, 0.0000,-0.0094, 3.1415, 0.0184, 0.2513, 0.6368,-0.7171,-0.5881,0
 0.0018, 0.0000,-0.0094, 3.1415,-0.0084, 0.0502,-1.6927,-0.7180,-0.5873,0
 0.0021, 0.0000,-0.0094, 3.1415, 0.0165, 0.0100,-1.0083,-0.7180,-0.5866,0
 0.0018, 0.0000,-0.0094, 3.1415,-0.0148, 0.0020,-0.1901,-0.7180,-0.5859,0
 0.0016, 0.0000,-0.0094, 3.1415,-0.0211, 0.0004, 0.0446,-0.7180,-0.5852,0
 0.0016, 0.0000,-0.0062, 3.1415,-0.0042, 0.2514, 0.8404,-0.7171,-0.5845,0
 0.0016, 0.0000,-0.0062, 3.1415,-0.0008, 0.0502,-1.7652,-0.7180,-0.5838,0
 0.0014, 0.0000,-0.0062, 3.1415,-0.0183, 0.0100,-0.6117,-0.7180,-0.5830,0
 0.0013, 0.0000,-0.0062, 3.1415,-0.0097, 0.0020,-0.2071,-0.7180,-0.5823,0
 0.0010, 0.0000,-0.0031, 3.1415,-0.0262, 0.2517, 1.0307,-0.7172,-0.5816,0
 0.0012, 0.0000,-0.0031, 3.1415, 0.0068, 0.0503,-1.8299,-0.7180,-0.5809,0
 0.0008, 0.0000, 0.0000, 3.1415,-0.0289, 0.2613, 0.4128,-0.7171,-0.5802,0
 0.0009, 0.0000, 0.0000, 3.1415, 0.0002, 0.0522,-1.9457,-0.7180,-0.5794,0
 0.0006, 0.0000, 0.0000, 3.1415,-0.0241, 0.0104,-0.5551,-0.7180,-0.5787,0
 0.0005, 0.0000, 0.0031, 3.1415,-0.0109, 0.2534, 0.7034,-0.7171,-0.5780,0
 0.0003, 0.0000, 0.0031, 3.1415,-0.0143, 0.0506,-1.6132,-0.7180,-0.5773,0
 0.0001, 0.0000, 0.0031, 3.1415,-0.0210, 0.0101,-0.5148,-0.7180,-0.5766,0
-0.0001, 0.0000, 0.0062, 3.1415,-0.0284, 0.2533, 0.9156,-0.7171,-0.5759,0
-0.0000, 0.0000, 0.0062, 3.1415, 0.0003, 0.0506,-1.7330,-0.7180,-0.5751,0
-0.0003, 0.0000, 0.0062, 3.1415,-0.0241, 0.0101,-0.4477,-0.7180,-0.5744,0
-0.0006, 0.0000, 0.0094, 3.1415,-0.0230, 0.2533, 0.8689,-0.7171,-0.5737,0
-0.0007, 0.0000, 0.0094, 3.1415,-0.0167, 0.0506,-1.5183,-0.7180,-0.5730,0
-0.0009, 0.0000, 0.0125, 3.1415,-0.0215, 0.2614, 0.3645,-0.7170,-0.5723,0
-0.0009, 0.0000, 0.0125, 3.1415,-0.0043, 0.0522,-1.7912,-0.7179,-0.5715,0
-0.0012, 0.0000, 0.0125, 3.1415,-0.0190, 0.0104,-0.4887,-0.7180,-0.5708,0
-0.0014, 0.0000, 0.0157, 3.1415,-0.0220, 0.2534, 0.8665,-0.7171,-0.5701,0
-0.0014, 0.0000, 0.0157, 3.1415,-0.0044, 0.0506,-1.6071,-0.7179,-0.5694,0
-0.0015, 0.0000, 0.0157, 3.1415,-0.0130, 0.0101,-0.4821,-0.7180,-0.5687,0
-0.0018, 0.0000, 0.0157, 3.1415,-0.0268, 0.0020, 0.1810,-0.7180,-0.5680,0
-0.0020, 0.0000, 0.0188, 3.1415,-0.0174, 0.2517, 1.0029,-0.7170,-0.5672,0
-0.0020, 0.0000, 0.0188, 3.1415,-0.0034, 0.0503,-1.5347,-0.7179,-0.5665,0
-0.0021, 0.0000, 0.0188, 3.1415,-0.0067, 0.0100,-0.4989,-0.7179,-0.5658,0
-0.0023, 0.0000, 0.0188, 3.1415,-0.0195, 0.0020, 0.1402,-0.7179,-0.5651,0
-0.0023, 0.0000, 0.0188, 3.1415,-0.0039, 0.0004, 0.1398,-0.7179,-0.5644,0
-0.0022, 0.0000, 0.0188, 3.1415, 0.0052, 0.0000, 0.0851,-0.7179,-0.5636,0
-0.0021, 0.0000, 0.0188, 3.1415, 0.0131, 0.0000, 0.0059,-0.7179,-0.5629,0
-0.0020, 0.0000, 0.0188, 3.1415, 0.0086, 0.0000, 0.0489,-0.7179,-0.5622,0
-0.0018, 0.0000, 0.0188, 3.1415, 0.0199, 0.0000,-0.0794,-0.7179,-0.5615,0
-0.0017, 0.0000, 0.0157, 3.1415, 0.0100,-0.2513,-0.6637,-0.7171,-0.5608,0
-0.0017, 0.0000, 0.0157, 3.1415, 0.0020,-0.0502, 1.8039,-0.7179,-0.5601,0
-0.0016, 0.0000, 0.0157, 3.1415, 0.0064,-0.0100, 0.7564,-0.7180,-0.5593,0
-0.0016, 0.0000, 0.0157, 3.1415, 0.0012,-0.0020, 0.3147,-0.7180,-0.5586,0
-0.0014, 0.0000, 0.0157, 3.1415, 0.0184,-0.0004,-0.0319,-0.7180,-0.5579,0
-0.0014, 0.0000, 0.0125, 3.1415, 0.0036,-0.2514,-0.5676,-0.7171,-0.5572,0
-0.0015, 0.0000, 0.0125, 3.1415,-0.0053,-0.0502, 1.8739,-0.7180,-0.5565,0
-0.0013, 0.0000, 0.0125, 3.1415, 0.0110,-0.0100, 0.6918,-0.7180,-0.5557,0
-0.0012, 0.0000, 0.0125, 3.1415, 0.0082,-0.0020, 0.2190,-0.7180,-0.5550,0
-0.0010, 0.0000, 0.0125, 3.1415, 0.0198,-0.0004,-0.0715,-0.7180,-0.5543,0
-0.0012, 0.0000, 0.0094, 3.1415,-0.0081,-0.2514,-0.4255,-0.7171,-0.5536,0
-0.0012, 0.0000, 0.0094, 3.1415,-0.0076,-0.0502, 1.8902,-0.7180,-0.5529,0
-0.0010, 0.0000, 0.0094, 3.1415, 0.0166,-0.0100, 0.6163,-0.7180,-0.5522,0
-0.0009, 0.0000, 0.0094, 3.1415, 0.0093,-0.0020, 0.1876,-0.7180,-0.5514,0
-0.0009, 0.0000, 0.0062, 3.1415, 0.0079,-0.2517,-0.5355,-0.7171,-0.5507,0
-0.0009, 0.0000, 0.0062, 3.1415,-0.0044,-0.0503, 1.8542,-0.7180,-0.5500,0
-0.0006, 0.0000, 0.0062, 3.1415, 0.0294,-0.0100, 0.4602,-0.7180,-0.5493,0
-0.0003, 0.0000, 0.0031, 3.1415, 0.0301,-0.2533,-0.6195,-0.7171,-0.5486,0
-0.0003, 0.0000, 0.0031, 3.1415, 0.0060,-0.0506, 1.7501,-0.7180,-0.5478,0
-0.0002, 0.0000, 0.0000, 3.1415, 0.0072,-0.2614, 0.1329,-0.7171,-0.5471,0
 0.0000, 0.0000, 0.0000, 3.1415, 0.0257,-0.0522, 1.6902,-0.7180,-0.5464,0
 0.0005, 0.0000,-0.0031, 3.1415, 0.0415,-0.2617,-0.2051,-0.7171,-0.5457,0
 0.0006, 0.0000,-0.0031, 3.1415, 0.0143,-0.0523, 1.7836,-0.7180,-0.5450,0
 0.0008, 0.0000,-0.0062, 3.1415, 0.0210,-0.2617,-0.0002,-0.7171,-0.5443,0
 0.0010, 0.0000,-0.0062, 3.1415, 0.0224,-0.0523, 1.6754,-0.7180,-0.5435,0
 0.0014, 0.0000,-0.0094, 3.1415, 0.0347,-0.2617,-0.1646,-0.7171,-0.5428,0
 0.0013, 0.0000,-0.0094, 3.1415, 0.0008,-0.0523, 1.8757,-0.7180,-0.5421,0
 0.0015, 0.0000,-0.0094, 3.1415, 0.0123,-0.0104, 0.5522,-0.7180,-0.5414,0
 0.0017, 0.0000,-0.0125, 3.1415, 0.0206,-0.2534,-0.5646,-0.7171,-0.5407,0
 0.0018, 0.0000,-0.0125, 3.1415, 0.0162,-0.0506, 1.5183,-0.7179,-0.5399,0
 0.0021, 0.0000,-0.0125, 3.1415, 0.0214,-0.0101, 0.3734,-0.7180,-0.5392,0
 0.0022, 0.0000,-0.0157, 3.1415, 0.0164,-0.2533,-0.5469,-0.7171,-0.5385,0
 0.0025, 0.0000,-0.0157, 3.1415, 0.0275,-0.0506, 1.3597,-0.7179,-0.5378,0
 0.0027, 0.0000,-0.0157, 3.1415, 0.0176,-0.0101, 0.3713,-0.7180,-0.5371,0
 0.0029, 0.0000,-0.0188, 3.1415, 0.0217,-0.2533,-0.6245,-0.7170,-0.5364,0
 0.0029, 0.0000,-0.0188, 3.1415, 0.0043,-0.0506, 1.5733,-0.7179,-0.5356,0
 0.0032, 0.0000,-0.0188, 3.1415, 0.0251,-0.0101, 0.2606,-0.7179,-0.5349,0
 0.0035, 0.0000,-0.0219, 3.1415, 0.0292,-0.2533,-0.7199,-0.7170,-0.5342,0
 0.0037, 0.0000,-0.0219, 3.1415, 0.0240,-0.0506, 1.3220,-0.7178,-0.5335,0
 0.0040, 0.0000,-0.0219, 3.1415, 0.0290,-0.0101, 0.1653,-0.7179,-0.5328,0
 0.0044, 0.0000,-0.0251, 3.1415, 0.0361,-0.2533,-0.8285,-0.7169,-0.5320,0
 0.0047, 0.0000,-0.0251, 3.1415, 0.0314,-0.0506, 1.1846,-0.7178,-0.5313,0
 0.0050, 0.0000,-0.0251, 3.1415, 0.0305,-0.0101, 0.0848,-0.7178,-0.5306,0
 0.0053, 0.0000,-0.0251, 3.1415, 0.0242,-0.0020,-0.3818,-0.7178,-0.5299,0
 0.0053, 0.0000,-0.0282, 3.1415, 0.0109,-0.2517,-0.7673,-0.7169,-0.5292,0
 0.0055, 0.0000,-0.0282, 3.1415, 0.0143,-0.0503, 1.2688,-0.7177,-0.5285,0
 0.0056, 0.0000,-0.0251, 3.1415, 0.0149, 0.2412, 0.5287,-0.7170,-0.5277,0
 0.0059, 0.0000,-0.0251, 3.1415, 0.0211, 0.0482,-2.1684,-0.7178,-0.5270,0
 0.0058, 0.0000,-0.0251, 3.1415,-0.0018, 0.0096,-1.0390,-0.7178,-0.5263,0
 0.0057, 0.0000,-0.0251, 3.1415,-0.0064, 0.0019,-0.5263,-0.7178,-0.5256,0
 0.0056, 0.0000,-0.0251, 3.1415,-0.0073, 0.0003,-0.3632,-0.7178,-0.5249,0
 0.0055, 0.0000,-0.0219, 3.1415,-0.0135, 0.2514, 0.0518,-0.7170,-0.5242,0
 0.0053, 0.0000,-0.0219, 3.1415,-0.0148, 0.0502,-1.9978,-0.7178,-0.5234,0
 0.0050, 0.0000,-0.0188, 3.1415,-0.0272, 0.2613,-0.5054,-0.7170,-0.5227,0
 0.0048, 0.0000,-0.0188, 3.1415,-0.0236, 0.0522,-2.0917,-0.7179,-0.5220,0
 0.0044, 0.0000,-0.0157, 3.1415,-0.0350, 0.2617,-0.4590,-0.7170,-0.5213,0
 0.0040, 0.0000,-0.0125, 3.1415,-0.0433, 0.3036,-1.5843,-0.7167,-0.5206,0
 0.0035, 0.0000,-0.0094, 3.1415,-0.0450, 0.3120,-2.0994,-0.7166,-0.5198,0
 0.0029, 0.0000,-0.0062, 3.1415,-0.0575, 0.3137,-2.1140,-0.7166,-0.5191,0
 0.0022, 0.0000,-0.0031, 3.1415,-0.0660, 0.3140,-2.0377,-0.7167,-0.5184,0
 0.0014, 0.0000, 0.0000, 3.1415,-0.0799, 0.3141,-1.8626,-0.7167,-0.5177,0
 0.0004, 0.0000, 0.0031, 3.1415,-0.0948, 0.3141,-1.6576,-0.7167,-0.5170,0
-0.0006, 0.0000, 0.0094, 3.1415,-0.1099, 0.5654,-1.1434,-0.7135,-0.5163,0
-0.0018, 0.0000, 0.0157, 3.1415,-0.1189, 0.6157,-2.7544,-0.7126,-0.5155,0
-0.0032, 0.0000, 0.0188, 3.1415,-0.1329, 0.3744,-3.5645,-0.7160,-0.5148,0
-0.0046, 0.0000, 0.0251, 3.1415,-0.1417, 0.5775,-1.5365,-0.7131,-0.5141,0
-0.0062, 0.0000, 0.0314, 3.1415,-0.1556, 0.6181,-2.4102,-0.7123,-0.5134,0
-0.0079, 0.0000, 0.0376, 3.1415,-0.1645, 0.6262,-2.7404,-0.7120,-0.5127,0
-0.0097, 0.0000, 0.0439, 3.1415,-0.1723, 0.6279,-2.7196,-0.7118,-0.5119,0
-0.0115, 0.0000, 0.0502, 3.1415,-0.1799, 0.6282,-2.5762,-0.7116,-0.5112,0
-0.0134, 0.0000, 0.0565, 3.1415,-0.1875, 0.6283,-2.3939,-0.7114,-0.5105,0
-0.0153, 0.0000, 0.0659, 3.1415,-0.1951, 0.8796,-1.7895,-0.7056,-0.5098,0
-0.0173, 0.0000, 0.0722, 3.1415,-0.1966, 0.6785,-3.8215,-0.7097,-0.5091,0
-0.0195, 0.0000, 0.0785, 3.1415,-0.2151, 0.6383,-2.4469,-0.7101,-0.5084,0
-0.0217, 0.0000, 0.0848, 3.1415,-0.2188, 0.6303,-1.7647,-0.7099,-0.5076,0
-0.0241, 0.0000, 0.0911, 3.1415,-0.2317, 0.6287,-1.3226,-0.7095,-0.5069,0
-0.0264, 0.0000, 0.0973, 3.1415,-0.2343, 0.6283,-1.0995,-0.7091,-0.5062,0
-0.0289, 0.0000, 0.1036, 3.1415,-0.2469, 0.6283,-0.7958,-0.7087,-0.5055,0
-0.0313, 0.0000, 0.1099, 3.1415,-0.2434, 0.6283,-0.6685,-0.7082,-0.5048,0
-0.0338, 0.0000, 0.1162, 3.1415,-0.2487, 0.6283,-0.4471,-0.7077,-0.5040,0
-0.0363, 0.0000, 0.1225, 3.1415,-0.2437, 0.6283,-0.3351,-0.7071,-0.5033,0
-0.0387, 0.0000, 0.1288, 3.1415,-0.2427, 0.6283,-0.1819,-0.7066,-0.5026,0
-0.0412, 0.0000, 0.1319, 3.1415,-0.2486, 0.3769,-0.1929,-0.7098,-0.5019,0
-0.0436, 0.0000, 0.1382, 3.1415,-0.2437, 0.5780, 1.9195,-0.7065,-0.5012,0
-0.0453, 0.0000, 0.1413, 3.1415,-0.1821, 0.3669, 0.1299,-0.7090,-0.5005,0
-0.0475, 0.0000, 0.1445, 3.1415,-0.2122, 0.3247, 1.8627,-0.7091,-0.4997,0
-0.0492, 0.0000, 0.1445, 3.1415,-0.1819, 0.0649, 2.1045,-0.7105,-0.4990,0
-0.0507, 0.0000, 0.1445, 3.1415,-0.1576, 0.0129, 3.9340,-0.7106,-0.4983,0
-0.0518, 0.0000, 0.1445, 3.1415,-0.1164, 0.0025, 4.3592,-0.7106,-0.4976,0
-0.0525, 0.0000, 0.1413, 3.1415,-0.0778,-0.2508, 4.1541,-0.7100,-0.4969,0
-0.0529, 0.0000, 0.1350, 3.1415,-0.0458,-0.5528, 4.6799,-0.7072,-0.4961,0
-0.0529, 0.0000, 0.1288, 3.1415,-0.0091,-0.6132, 4.6799,-0.7068,-0.4954,0
-0.0525, 0.0000, 0.1225, 3.1415, 0.0224,-0.6252, 4.6799,-0.7072,-0.4947,0
-0.0519, 0.0000, 0.1130, 3.1415, 0.0590,-0.8790, 4.6799,-0.7026,-0.4940,0
-0.0510, 0.0000, 0.1005, 3.1415, 0.0785,-1.1811, 4.6799,-0.6949,-0.4933,0
-0.0500, 0.0000, 0.0911, 3.1415, 0.1005,-0.9902, 4.6799,-0.7013,-0.4926,0
-0.0486, 0.0000, 0.0785, 3.1415, 0.1292,-1.2033, 4.6799,-0.6956,-0.4918,0
-0.0471, 0.0000, 0.0628, 3.1415, 0.1471,-1.4973, 4.6799,-0.6852,-0.4911,0
-0.0453, 0.0000, 0.0502, 3.1415, 0.1688,-1.3047, 4.6799,-0.6933,-0.4904,0
-0.0435, 0.0000, 0.0345, 3.1415, 0.1853,-1.5175, 4.6799,-0.6854,-0.4897,0
-0.0414, 0.0000, 0.0188, 3.1415, 0.2007,-1.5601, 4.6799,-0.6838,-0.4890,0
-0.0391, 0.0000, 0.0031, 3.1415, 0.2220,-1.5686, 4.6799,-0.6836,-0.4882,0
-0.0366, 0.0000,-0.0125, 3.1415, 0.2505,-1.5703, 4.6799,-0.6835,-0.4875,0
-0.0339, 0.0000,-0.0314, 3.1415, 0.2623,-1.8220, 4.6799,-0.6712,-0.4868,0
-0.0310, 0.0000,-0.0471, 3.1415, 0.2828,-1.6210, 4.6799,-0.6805,-0.4861,0
-0.0279, 0.0000,-0.0659, 3.1415, 0.3051,-1.8321, 4.6799,-0.6695,-0.4854,0
-0.0249, 0.0000,-0.0848, 3.1415, 0.3035,-1.8743, 4.6799,-0.6663,-0.4847,0
-0.0216, 0.0000,-0.1036, 3.1415, 0.3214,-1.8828, 4.6799,-0.6646,-0.4839,0
-0.0181, 0.0000,-0.1225, 3.1415, 0.3432,-1.8845, 4.6799,-0.6629,-0.4832,0
-0.0145, 0.0000,-0.1413, 3.1415, 0.3596,-1.8848, 4.6799,-0.6611,-0.4825,0
-0.0108, 0.0000,-0.1602, 3.1415, 0.3690,-1.8849, 4.6799,-0.6591,-0.4818,0
-0.0069, 0.0000,-0.1790, 3.1415, 0.3830,-1.8849, 4.6799,-0.6568,-0.4811,0
-0.0030, 0.0000,-0.1979, 3.1415, 0.3919,-1.8849, 4.6799,-0.6543,-0.4803,0
 0.0011, 0.0000,-0.2167, 3.1415, 0.4118,-1.8849, 4.6799,-0.6515,-0.4796,0
 0.0055, 0.0000,-0.2356, 3.1415, 0.4340,-1.8849, 4.6799,-0.6485,-0.4789,0
 0.0100, 0.0000,-0.2513, 3.1415, 0.4445,-1.6336, 4.6799,-0.6581,-0.4782,0
 0.0144, 0.0000,-0.2701, 3.1415, 0.4466,-1.8346, 4.6799,-0.6449,-0.4775,0
 0.0190, 0.0000,-0.2858, 3.1415, 0.4531,-1.6235, 4.6799,-0.6520,-0.4768,0
 0.0237, 0.0000,-0.3015, 3.1415, 0.4665,-1.5813, 4.6799,-0.6506,-0.4760,0
 0.0284, 0.0000,-0.3173, 3.1415, 0.4753,-1.5729, 4.1839,-0.6476,-0.4753,0
 0.0333, 0.0000,-0.3330, 3.1415, 0.4831,-1.5712, 3.3892,-0.6440,-0.4746,0
 0.0381, 0.0000,-0.3487, 3.1415, 0.4846,-1.5708, 2.7637,-0.6403,-0.4739,0
 0.0431, 0.0000,-0.3612, 3.1415, 0.4910,-1.3194, 3.2155,-0.6473,-0.4732,0
 0.0481, 0.0000,-0.3738, 3.1415, 0.4983,-1.2692, 1.0905,-0.6459,-0.4724,0
 0.0530, 0.0000,-0.3832, 3.1415, 0.4937,-1.0078, 0.7997,-0.6517,-0.4717,0
 0.0579, 0.0000,-0.3926, 3.1415, 0.4868,-0.9555,-1.3307,-0.6506,-0.4710,0
 0.0622, 0.0000,-0.4021, 3.1415, 0.4429,-0.9450,-1.9800,-0.6483,-0.4703,0
 0.0666, 0.0000,-0.4084, 3.1415, 0.4463,-0.6916,-2.0224,-0.6523,-0.4696,0
 0.0707, 0.0000,-0.4115, 3.1415, 0.4166,-0.3896,-3.2543,-0.6560,-0.4689,0
 0.0745, 0.0000,-0.4146, 3.1415, 0.3804,-0.3292,-4.6799,-0.6557,-0.4681,0
 0.0777, 0.0000,-0.4146, 3.1415, 0.3368,-0.0658,-4.6799,-0.6571,-0.4674,0
 0.0806, 0.0000,-0.4115, 3.1415, 0.2977, 0.2381,-4.6799,-0.6573,-0.4667,0
 0.0829, 0.0000,-0.4052, 3.1415, 0.2414, 0.5502,-4.6799,-0.6556,-0.4660,0
 0.0848, 0.0000,-0.3958, 3.1415, 0.1998, 0.8640,-4.6799,-0.6521,-0.4653,0
 0.0862, 0.0000,-0.3864, 3.1415, 0.1551, 0.9267,-4.6799,-0.6531,-0.4645,0
 0.0872, 0.0000,-0.3707, 3.1415, 0.1098, 1.4419,-4.6799,-0.6402,-0.4638,0
 0.0878, 0.0000,-0.3549, 3.1415, 0.0704, 1.5450,-4.6799,-0.6398,-0.4631,0
 0.0880, 0.0000,-0.3392, 3.1415, 0.0322, 1.5656,-4.6799,-0.6428,-0.4624,0
 0.0879, 0.0000,-0.3173, 3.1415,-0.0056, 2.0724,-4.6799,-0.6221,-0.4617,0
 0.0873, 0.0000,-0.2953, 3.1415,-0.0496, 2.1737,-4.6799,-0.6208,-0.4610,0
 0.0864, 0.0000,-0.2733, 3.1415,-0.0766, 2.1940,-4.6799,-0.6240,-0.4602,0
 0.0854, 0.0000,-0.2481, 3.1415,-0.1002, 2.4494,-4.6799,-0.6120,-0.4595,0
 0.0840, 0.0000,-0.2199, 3.1415,-0.1291, 2.7518,-4.6799,-0.5947,-0.4588,0
 0.0825, 0.0000,-0.1916, 3.1415,-0.1471, 2.8123,-4.6799,-0.5942,-0.4581,0
 0.0807, 0.0000,-0.1633, 3.1415,-0.1688, 2.8244,-4.6799,-0.5968,-0.4574,0
 0.0787, 0.0000,-0.1319, 3.1415,-0.1974, 3.0781,-4.6799,-0.5791,-0.4566,0
 0.0763, 0.0000,-0.1005, 3.1415,-0.2274, 3.1289,-4.6799,-0.5774,-0.4559,0
 0.0738, 0.0000,-0.0659, 3.1415,-0.2516, 3.3903,-4.6799,-0.5556,-0.4552,0
 0.0710, 0.0000,-0.0314, 3.1415,-0.2746, 3.4426,-4.6799,-0.5518,-0.4545,0
 0.0680, 0.0000, 0.0031, 3.1415,-0.2914, 3.4531,-4.6799,-0.5511,-0.4538,0
 0.0648, 0.0000, 0.0376, 3.1415,-0.3190, 3.4552,-4.6799,-0.5504,-0.4531,0
 0.0615, 0.0000, 0.0722, 3.1415,-0.3245, 3.4556,-4.6799,-0.5490,-0.4523,0
 0.0580, 0.0000, 0.1099, 3.1415,-0.3438, 3.7070,-4.6799,-0.5213,-0.4516,0
 0.0543, 0.0000, 0.1445, 3.1415,-0.3658, 3.5060,-4.6799,-0.5385,-0.4509,0
 0.0504, 0.0000, 0.1822, 3.1415,-0.3884, 3.7171,-4.6799,-0.5127,-0.4502,0
 0.0463, 0.0000, 0.2167, 3.1415,-0.3990, 3.5080,-4.6799,-0.5289,-0.4495,0
 0.0422, 0.0000, 0.2544, 3.1415,-0.4072, 3.7175,-4.6799,-0.5014,-0.4488,0
 0.0380, 0.0000, 0.2890, 3.1415,-0.4209, 3.5081,-4.6799,-0.5160,-0.4480,0
 0.0337, 0.0000, 0.3235, 3.1415,-0.4298, 3.4662,-4.6799,-0.5126,-0.4473,0
 0.0293, 0.0000, 0.3581, 3.1415,-0.4376, 3.4578,-4.6799,-0.5051,-0.4466,0
 0.0247, 0.0000, 0.3926, 3.1415,-0.4513, 3.4561,-4.2977,-0.4961,-0.4459,0
 0.0201, 0.0000, 0.4241, 3.1415,-0.4601, 3.2045,-4.6799,-0.5107,-0.4452,0
 0.0154, 0.0000, 0.4555, 3.1415,-0.4679, 3.1541,-4.6799,-0.5055,-0.4444,0
 0.0106, 0.0000, 0.4869, 3.1415,-0.4755, 3.1441,-2.6904,-0.4962,-0.4437,0
 0.0059, 0.0000, 0.5152, 3.1415,-0.4771, 2.8907,-4.6799,-0.5078,-0.4430,0
 0.0010, 0.0000, 0.5434, 3.1415,-0.4834, 2.8401,-2.4081,-0.5016,-0.4423,0
-0.0037, 0.0000, 0.5717, 3.1415,-0.4847, 2.8299,-0.4898,-0.4917,-0.4416,0
-0.0086, 0.0000, 0.5969, 3.1415,-0.4850, 2.5766,-2.1788,-0.5009,-0.4409,0
-0.0134, 0.0000, 0.6188, 3.1415,-0.4789, 2.2746,-2.7518,-0.5124,-0.4401,0
-0.0181, 0.0000, 0.6408, 3.1415,-0.4777, 2.2142,-0.1762,-0.5069,-0.4394,0
-0.0228, 0.0000, 0.6597, 3.1415,-0.4714, 1.9508,-0.8385,-0.5141,-0.4387,0
-0.0275, 0.0000, 0.6754, 3.1415,-0.4641, 1.6467,-0.7019,-0.5224,-0.4380,0
-0.0320, 0.0000, 0.6911, 3.1415,-0.4566, 1.5859, 1.5883,-0.5180,-0.4373,0
-0.0357, 0.0000, 0.7037, 3.1415,-0.3884, 1.3225, 0.5937,-0.5230,-0.4365,0
-0.0398, 0.0000, 0.7131, 3.1415,-0.4051, 1.0184, 1.2576,-0.5285,-0.4358,0
-0.0435, 0.0000, 0.7194, 3.1415,-0.3781, 0.7063, 1.9313,-0.5331,-0.4351,0
-0.0468, 0.0000, 0.7257, 3.1415,-0.3363, 0.6439, 3.6490,-0.5313,-0.4344,0
-0.0496, 0.0000, 0.7257, 3.1415,-0.2916, 0.1287, 2.1676,-0.5369,-0.4337,0
-0.0521, 0.0000, 0.7257, 3.1415,-0.2584, 0.0257, 4.5965,-0.5371,-0.4330,0
-0.0541, 0.0000, 0.7194, 3.1415,-0.2153,-0.4975, 3.5302,-0.5366,-0.4322,0
-0.0558, 0.0000, 0.7131, 3.1415,-0.1764,-0.6021, 4.6799,-0.5380,-0.4315,0
-0.0569, 0.0000, 0.7005, 3.1415,-0.1201,-1.1257, 4.5524,-0.5312,-0.4308,0
-0.0575, 0.0000, 0.6880, 3.1415,-0.0725,-1.2304, 4.6799,-0.5335,-0.4301,0
-0.0576, 0.0000, 0.6691, 3.1415,-0.0205,-1.7540, 4.6799,-0.5201,-0.4294,0
-0.0573, 0.0000, 0.6503, 3.1415, 0.0140,-1.8587, 4.6799,-0.5231,-0.4286,0
-0.0567, 0.0000, 0.6251, 3.1415, 0.0513,-2.3823, 4.6781,-0.5028,-0.4279,0
-0.0557, 0.0000, 0.6000, 3.1415, 0.0951,-2.4870, 4.6799,-0.5060,-0.4272,0
-0.0544, 0.0000, 0.5717, 3.1415, 0.1221,-2.7593, 4.6799,-0.4972,-0.4265,0
-0.0526, 0.0000, 0.5403, 3.1415, 0.1638,-3.0651, 4.6799,-0.4842,-0.4258,0
-0.0506, 0.0000, 0.5089, 3.1415, 0.1964,-3.1263, 4.6799,-0.4902,-0.4251,0
-0.0482, 0.0000, 0.4712, 3.1415, 0.2272,-3.6411,-0.1647,-0.4542,-0.4243,0
-0.0463, 0.0000, 0.4366, 3.1415, 0.2030,-3.4928, 4.6799,-0.4799,-0.4236,0
-0.0435, 0.0000, 0.3958, 3.1415, 0.2589,-3.9658,-1.3737,-0.4423,-0.4229,0
-0.0415, 0.0000, 0.3581, 3.1415, 0.2154,-3.8090, 4.6799,-0.4694,-0.4222,0
-0.0387, 0.0000, 0.3173, 3.1415, 0.2674,-4.0290, 2.8035,-0.4549,-0.4215,0
-0.0359, 0.0000, 0.2733, 3.1415, 0.2778,-4.3244,-2.4206,-0.4296,-0.4207,0
-0.0337, 0.0000, 0.2293, 3.1415, 0.2314,-4.3834, 0.0995,-0.4302,-0.4200,0
-0.0306, 0.0000, 0.1884, 3.1415, 0.2948,-4.1439, 4.6799,-0.4649,-0.4193,0
-0.0276, 0.0000, 0.1413, 3.1415, 0.2954,-4.5987,-4.6799,-0.4148,-0.4186,0
-0.0252, 0.0000, 0.0973, 3.1415, 0.2531,-4.4383, 3.4516,-0.4389,-0.4179,0
-0.0225, 0.0000, 0.0534, 3.1415, 0.2689,-4.4062, 4.2018,-0.4452,-0.4172,0
-0.0194, 0.0000, 0.0062, 3.1415, 0.3023,-4.6511,-4.1687,-0.4152,-0.4164,0
-0.0171, 0.0000,-0.0376, 3.1415, 0.2423,-4.4488, 4.6799,-0.4404,-0.4157,0
-0.0142, 0.0000,-0.0816, 3.1415, 0.2788,-4.4083, 4.1489,-0.4436,-0.4150,0
-0.0112, 0.0000,-0.1288, 3.1415, 0.2922,-4.6515,-4.6799,-0.4092,-0.4143,0
-0.0090, 0.0000,-0.1727, 3.1415, 0.2342,-4.4488, 3.0604,-0.4303,-0.4136,0
-0.0065, 0.0000,-0.2136, 3.1415, 0.2469,-4.1570, 4.6799,-0.4598,-0.4128,0
-0.0036, 0.0000,-0.2576, 3.1415, 0.2858,-4.3499,-0.2307,-0.4294,-0.4121,0
-0.0017, 0.0000,-0.2984, 3.1415, 0.2087,-4.1372, 4.6799,-0.4467,-0.4114,0
 0.0006, 0.0000,-0.3392, 3.1415, 0.2357,-4.0947, 3.9407,-0.4424,-0.4107,0
 0.0031, 0.0000,-0.3801, 3.1415, 0.2472,-4.0861, 1.8068,-0.4330,-0.4100,0
 0.0050, 0.0000,-0.4178, 3.1415, 0.1949,-3.8331, 4.6799,-0.4506,-0.4093,0
 0.0078, 0.0000,-0.4555, 3.1415, 0.2633,-3.7825, 3.4077,-0.4445,-0.4085,0
 0.0099, 0.0000,-0.4900, 3.1415, 0.2224,-3.5211, 4.6799,-0.4599,-0.4078,0
 0.0122, 0.0000,-0.5246, 3.1415, 0.2324,-3.4688, 4.0539,-0.4530,-0.4071,0
 0.0151, 0.0000,-0.5592, 3.1415, 0.2768,-3.4583, 1.3633,-0.4412,-0.4064,0
 0.0172, 0.0000,-0.5906, 3.1415, 0.2190,-3.2049, 4.4050,-0.4526,-0.4057,0
 0.0192, 0.0000,-0.6188, 3.1415, 0.2075,-2.9029, 4.6799,-0.4669,-0.4049,0
 0.0222, 0.0000,-0.6471, 3.1415, 0.2779,-2.8425, 2.3958,-0.4597,-0.4042,0
 0.0244, 0.0000,-0.6723, 3.1415, 0.2314,-2.5791, 3.9828,-0.4687,-0.4035,0
 0.0268, 0.0000,-0.6974, 3.1415, 0.2403,-2.5264, 1.6544,-0.4610,-0.4028,0
 0.0297, 0.0000,-0.7194, 3.1415, 0.2784,-2.2645, 2.1735,-0.4683,-0.4021,0
 0.0319, 0.0000,-0.7414, 3.1415, 0.2375,-2.2122, 0.5717,-0.4610,-0.4014,0
 0.0341, 0.0000,-0.7602, 3.1415, 0.2172,-1.9504, 1.5562,-0.4671,-0.4006,0
 0.0367, 0.0000,-0.7759, 3.1415, 0.2556,-1.6467, 1.1234,-0.4745,-0.3999,0
 0.0390, 0.0000,-0.7885, 3.1415, 0.2330,-1.3346, 0.8155,-0.4812,-0.3992,0
 0.0409, 0.0000,-0.8011, 3.1415, 0.1981,-1.2722,-0.8750,-0.4770,-0.3985,0
 0.0432, 0.0000,-0.8105, 3.1415, 0.2215,-1.0084,-0.8556,-0.4806,-0.3978,0
 0.0450, 0.0000,-0.8168, 3.1415, 0.1958,-0.7043,-0.9680,-0.4846,-0.3970,0
 0.0461, 0.0000,-0.8199, 3.1415, 0.1240,-0.3921,-0.9418,-0.4877,-0.3963,0
 0.0475, 0.0000,-0.8199, 3.1415, 0.1339,-0.0784,-1.9091,-0.4898,-0.3956,0
 0.0484, 0.0000,-0.8199, 3.1415, 0.0995,-0.0156,-3.3478,-0.4899,-0.3949,0
 0.0486, 0.0000,-0.8136, 3.1415, 0.0381, 0.4995,-1.5782,-0.4897,-0.3942,0
 0.0491, 0.0000,-0.8073, 3.1415, 0.0440, 0.6025,-4.0656,-0.4913,-0.3935,0
 0.0490, 0.0000,-0.7948, 3.1415, 0.0027, 1.1258,-2.6079,-0.4852,-0.3927,0
 0.0484, 0.0000,-0.7822, 3.1415,-0.0479, 1.2304,-4.6799,-0.4881,-0.3920,0
 0.0479, 0.0000,-0.7665, 3.1415,-0.0520, 1.5027,-4.6477,-0.4856,-0.3913,0
 0.0471, 0.0000,-0.7445, 3.1415,-0.0710, 2.0598,-2.8291,-0.4686,-0.3906,0
 0.0458, 0.0000,-0.7257, 3.1415,-0.1172, 1.9199,-4.6799,-0.4855,-0.3899,0
 0.0445, 0.0000,-0.7005, 3.1415,-0.1265, 2.3946,-4.0010,-0.4686,-0.3891,0
 0.0431, 0.0000,-0.6723, 3.1415,-0.1405, 2.7408,-3.8229,-0.4566,-0.3884,0
 0.0410, 0.0000,-0.6440, 3.1415,-0.1918, 2.8101,-4.6799,-0.4636,-0.3877,0
 0.0388, 0.0000,-0.6126, 3.1415,-0.2142, 3.0752,-4.6703,-0.4551,-0.3870,0
 0.0366, 0.0000,-0.5780, 3.1415,-0.2247, 3.3796,-3.1321,-0.4415,-0.3863,0
 0.0338, 0.0000,-0.5403, 3.1415,-0.2632, 3.6918,-0.9335,-0.4249,-0.3856,0
 0.0307, 0.0000,-0.5026, 3.1415,-0.3012, 3.7543,-3.5128,-0.4319,-0.3848,0
 0.0277, 0.0000,-0.4618, 3.1415,-0.3027, 4.0181,-0.4366,-0.4168,-0.3841,0
 0.0244, 0.0000,-0.4178, 3.1415,-0.3212, 4.3222, 3.6577,-0.3947,-0.3834,0
 0.0214, 0.0000,-0.3769, 3.1415,-0.3067, 4.1316,-4.6799,-0.4286,-0.3827,0
 0.0177, 0.0000,-0.3298, 3.1415,-0.3584, 4.5962, 4.6799,-0.3836,-0.3820,0
 0.0151, 0.0000,-0.2858, 3.1415,-0.2778, 4.4378,-3.7958,-0.4132,-0.3813,0
 0.0112, 0.0000,-0.2387, 3.1415,-0.3648, 4.6574, 2.8371,-0.3940,-0.3805,0
 0.0084, 0.0000,-0.1916, 3.1415,-0.2973, 4.7014, 0.7069,-0.3955,-0.3798,0
 0.0055, 0.0000,-0.1445, 3.1415,-0.2959, 4.7101,-0.7876,-0.4000,-0.3791,0
 0.0023, 0.0000,-0.0973, 3.1415,-0.3138, 4.7119,-1.5893,-0.4038,-0.3784,0
-0.0006, 0.0000,-0.0502, 3.1415,-0.2992, 4.7123,-2.3371,-0.4063,-0.3777,0
-0.0035, 0.0000, 0.0000, 3.1415,-0.2963, 4.9636, 4.6799,-0.3731,-0.3769,0
-0.0062, 0.0000, 0.0471, 3.1415,-0.2714, 4.7626,-2.9363,-0.3997,-0.3762,0
-0.0092, 0.0000, 0.0942, 3.1415,-0.2968, 4.7224,-2.5141,-0.4026,-0.3755,0
-0.0121, 0.0000, 0.1413, 3.1415,-0.2897, 4.7143,-1.6081,-0.3997,-0.3748,0
-0.0150, 0.0000, 0.1884, 3.1415,-0.2883, 4.7127,-0.4779,-0.3944,-0.3741,0
-0.0175, 0.0000, 0.2324, 3.1415,-0.2638, 4.4611,-4.6799,-0.4201,-0.3734,0
-0.0204, 0.0000, 0.2764, 3.1415,-0.2831, 4.4108,-4.6799,-0.4184,-0.3726,0
-0.0234, 0.0000, 0.3235, 3.1415,-0.2931, 4.6520, 4.6068,-0.3778,-0.3719,0
-0.0253, 0.0000, 0.3644, 3.1415,-0.2162, 4.1976,-4.6799,-0.4242,-0.3712,0
-0.0283, 0.0000, 0.4084, 3.1415,-0.2797, 4.3581, 0.8082,-0.3931,-0.3705,0
-0.0305, 0.0000, 0.4461, 3.1415,-0.2317, 3.8875,-4.6799,-0.4362,-0.3698,0
-0.0328, 0.0000, 0.4838, 3.1415,-0.2343, 3.7934,-4.6799,-0.4342,-0.3690,0
-0.0353, 0.0000, 0.5215, 3.1415,-0.2408, 3.7746,-3.8348,-0.4231,-0.3683,0
-0.0375, 0.0000, 0.5560, 3.1415,-0.2300, 3.5195,-4.6799,-0.4364,-0.3676,0
-0.0397, 0.0000, 0.5906, 3.1415,-0.2157, 3.4685,-3.9578,-0.4280,-0.3669,0
-0.0423, 0.0000, 0.6220, 3.1415,-0.2553, 3.2069,-4.6799,-0.4396,-0.3662,0
-0.0447, 0.0000, 0.6534, 3.1415,-0.2390, 3.1546,-2.8006,-0.4308,-0.3655,0
-0.0470, 0.0000, 0.6817, 3.1415,-0.2357, 2.8928,-4.0699,-0.4404,-0.3647,0
-0.0498, 0.0000, 0.7099, 3.1415,-0.2714, 2.8405,-1.2532,-0.4316,-0.3640,0
-0.0522, 0.0000, 0.7351, 3.1415,-0.2483, 2.5787,-2.4106,-0.4395,-0.3633,0
-0.0547, 0.0000, 0.7602, 3.1415,-0.2497, 2.5263,-0.1715,-0.4310,-0.3626,0
-0.0572, 0.0000, 0.7791, 3.1415,-0.2500, 2.0132,-2.8718,-0.4542,-0.3619,0
-0.0597, 0.0000, 0.7979, 3.1415,-0.2440, 1.9106,-0.0450,-0.4502,-0.3611,0
-0.0619, 0.0000, 0.8168, 3.1415,-0.2307, 1.8900, 1.4945,-0.4415,-0.3604,0
-0.0640, 0.0000, 0.8293, 3.1415,-0.2098, 1.3833,-0.7245,-0.4581,-0.3597,0
-0.0662, 0.0000, 0.8419, 3.1415,-0.2178, 1.2819, 1.8869,-0.4552,-0.3590,0
-0.0679, 0.0000, 0.8513, 3.1415,-0.1769, 1.0103, 1.6297,-0.4588,-0.3583,0
-0.0693, 0.0000, 0.8576, 3.1415,-0.1505, 0.7047, 1.9467,-0.4628,-0.3576,0
-0.0706, 0.0000, 0.8607, 3.1415,-0.1331, 0.3922, 2.6392,-0.4659,-0.3568,0
-0.0713, 0.0000, 0.8607, 3.1415,-0.0872, 0.0784, 3.1228,-0.4679,-0.3561,0
-0.0719, 0.0000, 0.8576, 3.1415,-0.0598,-0.2356, 3.8190,-0.4690,-0.3554,0
-0.0720, 0.0000, 0.8513, 3.1415,-0.0180,-0.5497, 4.3451,-0.4689,-0.3547,0
-0.0717, 0.0000, 0.8419, 3.1415, 0.0145,-0.8639, 4.6799,-0.4678,-0.3540,0
-0.0710, 0.0000, 0.8293, 3.1415, 0.0635,-1.1781, 4.6799,-0.4655,-0.3532,0
-0.0702, 0.0000, 0.8136, 3.1415, 0.0733,-1.4922, 4.6799,-0.4620,-0.3525,0
-0.0691, 0.0000, 0.7948, 3.1415, 0.0995,-1.8064, 4.6799,-0.4572,-0.3518,0
-0.0679, 0.0000, 0.7759, 3.1415, 0.1229,-1.8692, 4.6799,-0.4636,-0.3511,0
-0.0662, 0.0000, 0.7539, 3.1415, 0.1579,-2.1331, 4.6799,-0.4597,-0.3504,0
-0.0641, 0.0000, 0.7257, 3.1415, 0.1953,-2.6885, 4.6799,-0.4359,-0.3497,0
-0.0619, 0.0000, 0.6974, 3.1415, 0.2209,-2.7996, 4.6799,-0.4406,-0.3489,0
-0.0594, 0.0000, 0.6660, 3.1415, 0.2382,-3.0732, 4.6799,-0.4324,-0.3482,0
-0.0567, 0.0000, 0.6346, 3.1415, 0.2659,-3.1279, 4.6799,-0.4413,-0.3475,0
-0.0536, 0.0000, 0.5969, 3.1415, 0.3017,-3.6415, 3.2719,-0.4082,-0.3468,0
-0.0502, 0.0000, 0.5592, 3.1415, 0.3332,-3.7442, 4.6799,-0.4124,-0.3461,0
-0.0466, 0.0000, 0.5183, 3.1415, 0.3516,-4.0161, 3.7375,-0.3979,-0.3453,0
-0.0428, 0.0000, 0.4743, 3.1415, 0.3734,-4.3218, 0.3063,-0.3773,-0.3446,0
-0.0389, 0.0000, 0.4303, 3.1415, 0.3899,-4.3829, 3.1596,-0.3836,-0.3439,0
-0.0347, 0.0000, 0.3832, 3.1415, 0.4114,-4.6464,-1.5701,-0.3637,-0.3432,0
-0.0311, 0.0000, 0.3361, 3.1415, 0.3733,-4.6992, 1.3257,-0.3687,-0.3425,0
-0.0265, 0.0000, 0.2858, 3.1415, 0.4445,-4.9610,-4.6799,-0.3443,-0.3418,0
-0.0227, 0.0000, 0.2356, 3.1415, 0.3920,-5.0134,-3.0198,-0.3463,-0.3410,0
-0.0188, 0.0000, 0.1884, 3.1415, 0.3876,-4.7726, 4.6799,-0.3864,-0.3403,0
-0.0147, 0.0000, 0.1382, 3.1415, 0.4110,-4.9757, 0.0718,-0.3646,-0.3396,0
-0.0108, 0.0000, 0.0879, 3.1415, 0.3914,-5.0163, 0.8172,-0.3630,-0.3389,0
-0.0069, 0.0000, 0.0376, 3.1415, 0.3875,-5.0245, 1.5998,-0.3641,-0.3382,0
-0.0030, 0.0000,-0.0125, 3.1415, 0.3927,-5.0261, 1.7773,-0.3643,-0.3374,0
 0.0008, 0.0000,-0.0659, 3.1415, 0.3877,-5.2777,-4.6799,-0.3265,-0.3367,0
 0.0044, 0.0000,-0.1162, 3.1415, 0.3685,-5.0767, 1.0768,-0.3524,-0.3360,0
 0.0084, 0.0000,-0.1633, 3.1415, 0.3890,-4.7852, 4.6799,-0.3879,-0.3353,0
 0.0122, 0.0000,-0.2136, 3.1415, 0.3870,-4.9782,-1.2462,-0.3548,-0.3346,0
 0.0156, 0.0000,-0.2607, 3.1415, 0.3441,-4.7655, 4.6799,-0.3758,-0.3339,0
 0.0190, 0.0000,-0.3078, 3.1415, 0.3416,-4.7230, 3.9409,-0.3720,-0.3331,0
 0.0225, 0.0000,-0.3549, 3.1415, 0.3533,-4.7145, 1.4063,-0.3621,-0.3324,0
 0.0259, 0.0000,-0.3989, 3.1415, 0.3435,-4.4614, 4.6799,-0.3830,-0.3317,0
 0.0295, 0.0000,-0.4429, 3.1415, 0.3536,-4.4108, 3.6851,-0.3764,-0.3310,0
 0.0329, 0.0000,-0.4838, 3.1415, 0.3435,-4.1494, 4.6799,-0.3946,-0.3303,0
 0.0364, 0.0000,-0.5246, 3.1415, 0.3476,-4.0971, 4.1705,-0.3864,-0.3295,0
 0.0402, 0.0000,-0.5654, 3.1415, 0.3726,-4.0866, 0.9957,-0.3724,-0.3288,0
 0.0436, 0.0000,-0.6031, 3.1415, 0.3473,-3.8332, 3.9413,-0.3856,-0.3281,0
 0.0472, 0.0000,-0.6408, 3.1415, 0.3544,-3.7825, 0.9466,-0.3752,-0.3274,0
 0.0506, 0.0000,-0.6754, 3.1415, 0.3437,-3.5211, 2.8253,-0.3868,-0.3267,0
 0.0540, 0.0000,-0.7068, 3.1415, 0.3415,-3.2174, 3.7555,-0.4011,-0.3260,0
 0.0575, 0.0000,-0.7382, 3.1415, 0.3472,-3.1567, 0.6632,-0.3916,-0.3252,0
 0.0608, 0.0000,-0.7665, 3.1415, 0.3362,-2.8933, 1.5616,-0.4000,-0.3245,0
 0.0640, 0.0000,-0.7916, 3.1415, 0.3219,-2.5892, 1.8192,-0.4107,-0.3238,0
 0.0674, 0.0000,-0.8168, 3.1415, 0.3372,-2.5284,-0.9541,-0.4020,-0.3231,0
 0.0704, 0.0000,-0.8356, 3.1415, 0.3039,-2.0136, 1.5543,-0.4248,-0.3224,0
 0.0734, 0.0000,-0.8545, 3.1415, 0.3033,-1.9106,-1.3259,-0.4203,-0.3216,0
 0.0760, 0.0000,-0.8702, 3.1415, 0.2668,-1.6387,-1.1856,-0.4253,-0.3209,0
 0.0784, 0.0000,-0.8859, 3.1415, 0.2473,-1.5843,-2.8003,-0.4190,-0.3202,0
 0.0802, 0.0000,-0.8953, 3.1415, 0.1949,-1.0708,-1.0734,-0.4329,-0.3195,0
 0.0821, 0.0000,-0.9016, 3.1415, 0.1905,-0.7168,-2.6064,-0.4382,-0.3188,0
 0.0834, 0.0000,-0.9047, 3.1415, 0.1411,-0.3946,-3.4508,-0.4414,-0.3181,0
 0.0845, 0.0000,-0.9079, 3.1415, 0.1131,-0.3302,-4.6799,-0.4403,-0.3173,0
 0.0851, 0.0000,-0.9047, 3.1415, 0.0711, 0.1852,-3.9651,-0.4431,-0.3166,0
 0.0852, 0.0000,-0.8984, 3.1415, 0.0263, 0.5397,-4.6799,-0.4431,-0.3159,0
 0.0851, 0.0000,-0.8890, 3.1415,-0.0007, 0.8619,-4.6799,-0.4420,-0.3152,0
 0.0846, 0.0000,-0.8796, 3.1415,-0.0426, 0.9263,-4.6799,-0.4457,-0.3145,0
 0.0839, 0.0000,-0.8639, 3.1415,-0.0691, 1.4419,-4.6799,-0.4372,-0.3138,0
 0.0828, 0.0000,-0.8482, 3.1415,-0.0987, 1.5450,-4.6799,-0.4414,-0.3130,0
 0.0816, 0.0000,-0.8262, 3.1415,-0.1167, 2.0682,-4.6799,-0.4267,-0.3123,0
 0.0799, 0.0000,-0.8042, 3.1415,-0.1567, 2.1729,-4.6799,-0.4320,-0.3116,0
 0.0779, 0.0000,-0.7791, 3.1415,-0.1889, 2.4452,-4.6799,-0.4272,-0.3109,0
 0.0757, 0.0000,-0.7508, 3.1415,-0.2136, 2.7509,-4.6799,-0.4190,-0.3102,0
 0.0732, 0.0000,-0.7162, 3.1415,-0.2488, 3.3147,-4.6799,-0.3877,-0.3094,0
 0.0703, 0.0000,-0.6848, 3.1415,-0.2801, 3.1762,-4.6799,-0.4149,-0.3087,0
 0.0671, 0.0000,-0.6471, 3.1415,-0.3106, 3.6511,-4.6799,-0.3862,-0.3080,0
 0.0638, 0.0000,-0.6063, 3.1415,-0.3289, 3.9974,-4.6099,-0.3663,-0.3073,0
 0.0600, 0.0000,-0.5654, 3.1415,-0.3689, 4.0667,-4.6799,-0.3747,-0.3066,0
 0.0559, 0.0000,-0.5215, 3.1415,-0.4012, 4.3319,-4.6506,-0.3599,-0.3059,0
 0.0515, 0.0000,-0.4743, 3.1415,-0.4319, 4.6363,-0.5739,-0.3378,-0.3051,0
 0.0469, 0.0000,-0.4272, 3.1415,-0.4501, 4.6971,-3.5345,-0.3446,-0.3044,0
 0.0422, 0.0000,-0.3769, 3.1415,-0.4720, 4.9606, 1.7500,-0.3231,-0.3037,0
 0.0381, 0.0000,-0.3235, 3.1415,-0.4218, 5.2647, 4.6799,-0.2927,-0.3030,0
 0.0335, 0.0000,-0.2733, 3.1415,-0.4481, 5.0741,-3.7459,-0.3309,-0.3023,0
 0.0286, 0.0000,-0.2199, 3.1415,-0.4837, 5.2874, 3.6963,-0.3094,-0.3015,0
 0.0247, 0.0000,-0.1665, 3.1415,-0.4120, 5.3300, 1.7018,-0.3104,-0.3008,0
 0.0205, 0.0000,-0.1162, 3.1415,-0.4158, 5.0872,-4.6799,-0.3509,-0.3001,0
 0.0160, 0.0000,-0.0628, 3.1415,-0.4409, 5.2900,-0.5232,-0.3248,-0.2994,0
 0.0118, 0.0000,-0.0094, 3.1415,-0.4277, 5.3305,-0.5096,-0.3202,-0.2987,0
 0.0078, 0.0000, 0.0439, 3.1415,-0.4069, 5.3386,-0.8257,-0.3183,-0.2980,0
 0.0036, 0.0000, 0.0942, 3.1415,-0.4148, 5.0889,-4.6799,-0.3523,-0.2972,0
-0.0005, 0.0000, 0.1476, 3.1415,-0.4164, 5.2903, 0.4370,-0.3184,-0.2965,0
-0.0043, 0.0000, 0.2010, 3.1415,-0.3864, 5.3306, 2.0434,-0.3058,-0.2958,0
-0.0078, 0.0000, 0.2513, 3.1415,-0.3622, 5.0873,-4.6799,-0.3331,-0.2951,0
-0.0114, 0.0000, 0.2984, 3.1415,-0.3574, 4.7873,-4.6799,-0.3654,-0.2944,0
-0.0151, 0.0000, 0.3487, 3.1415,-0.3685, 4.9787,-1.7569,-0.3278,-0.2936,0
-0.0188, 0.0000, 0.3958, 3.1415,-0.3708, 4.7656,-4.6799,-0.3446,-0.2929,0
-0.0223, 0.0000, 0.4398, 3.1415,-0.3530, 4.4717,-4.6799,-0.3698,-0.2922,0
-0.0260, 0.0000, 0.4838, 3.1415,-0.3677, 4.4129,-4.6799,-0.3630,-0.2915,0
-0.0295, 0.0000, 0.5277, 3.1415,-0.3524, 4.4011,-4.6799,-0.3491,-0.2908,0
-0.0333, 0.0000, 0.5717, 3.1415,-0.3736, 4.3988,-1.7859,-0.3329,-0.2901,0
-0.0372, 0.0000, 0.6094, 3.1415,-0.3839, 3.8956,-4.6799,-0.3763,-0.2893,0
-0.0408, 0.0000, 0.6503, 3.1415,-0.3678, 4.0463,-1.4216,-0.3423,-0.2886,0
-0.0444, 0.0000, 0.6880, 3.1415,-0.3646, 3.8252,-3.4178,-0.3498,-0.2879,0
-0.0482, 0.0000, 0.7225, 3.1415,-0.3760, 3.5296,-4.6113,-0.3642,-0.2872,0
-0.0519, 0.0000, 0.7539, 3.1415,-0.3662, 3.2192,-4.6799,-0.3783,-0.2865,0
-0.0554, 0.0000, 0.7853, 3.1415,-0.3521, 3.1571,-1.9911,-0.3682,-0.2857,0
-0.0592, 0.0000, 0.8136, 3.1415,-0.3796, 2.8933,-2.1451,-0.3760,-0.2850,0
-0.0629, 0.0000, 0.8419, 3.1415,-0.3730, 2.8406, 0.3375,-0.3652,-0.2843,0
-0.0659, 0.0000, 0.8639, 3.1415,-0.3110, 2.3274,-2.7271,-0.3905,-0.2836,0
-0.0695, 0.0000, 0.8859, 3.1415,-0.3471, 2.2247, 0.6203,-0.3849,-0.2829,0
-0.0725, 0.0000, 0.9047, 3.1415,-0.3119, 1.9529, 0.5465,-0.3902,-0.2822,0
-0.0753, 0.0000, 0.9204, 3.1415,-0.2867, 1.6472, 0.9458,-0.3967,-0.2814,0
-0.0776, 0.0000, 0.9330, 3.1415,-0.2453, 1.3347, 1.4541,-0.4025,-0.2807,0
-0.0797, 0.0000, 0.9424, 3.1415,-0.2127, 1.0209, 2.1693,-0.4074,-0.2800,0
-0.0816, 0.0000, 0.9487, 3.1415,-0.1941, 0.7068, 3.0801,-0.4114,-0.2793,0
-0.0830, 0.0000, 0.9519, 3.1415,-0.1540, 0.3926, 3.7787,-0.4144,-0.2786,0
-0.0840, 0.0000, 0.9519, 3.1415,-0.1096, 0.0785, 4.4246,-0.4165,-0.2778,0
-0.0845, 0.0000, 0.9487, 3.1415,-0.0583,-0.2356, 4.6799,-0.4176,-0.2771,0
-0.0846, 0.0000, 0.9424, 3.1415,-0.0237,-0.5497, 4.6799,-0.4178,-0.2764,0
-0.0845, 0.0000, 0.9330, 3.1415, 0.0073,-0.8639, 4.6799,-0.4170,-0.2757,0
-0.0841, 0.0000, 0.9204, 3.1415, 0.0317,-1.1780, 4.6799,-0.4153,-0.2750,0
-0.0833, 0.0000, 0.9047, 3.1415, 0.0669,-1.4922, 4.6799,-0.4125,-0.2743,0
-0.0823, 0.0000, 0.8859, 3.1415, 0.0982,-1.8064, 4.6799,-0.4085,-0.2735,0
-0.0808, 0.0000, 0.8670, 3.1415, 0.1348,-1.8692, 4.6799,-0.4157,-0.2728,0
-0.0792, 0.0000, 0.8419, 3.1415, 0.1543,-2.3844, 4.6799,-0.3986,-0.2721,0
-0.0774, 0.0000, 0.8136, 3.1415, 0.1763,-2.7388, 4.6799,-0.3881,-0.2714,0
-0.0753, 0.0000, 0.7853, 3.1415, 0.2050,-2.8097, 4.6799,-0.3972,-0.2707,0
-0.0729, 0.0000, 0.7539, 3.1415, 0.2350,-3.0752, 4.6799,-0.3910,-0.2699,0
-0.0701, 0.0000, 0.7162, 3.1415, 0.2652,-3.6309, 4.6799,-0.3570,-0.2692,0
-0.0670, 0.0000, 0.6785, 3.1415, 0.3016,-3.7421, 4.6799,-0.3629,-0.2685,0
-0.0637, 0.0000, 0.6377, 3.1415, 0.3271,-4.0156, 4.6799,-0.3511,-0.2678,0
-0.0601, 0.0000, 0.5969, 3.1415, 0.3564,-4.0703, 4.6799,-0.3619,-0.2671,0
-0.0561, 0.0000, 0.5497, 3.1415, 0.3865,-4.5839, 2.7528,-0.3180,-0.2664,0
-0.0519, 0.0000, 0.5026, 3.1415, 0.4108,-4.6867, 4.6799,-0.3217,-0.2656,0
-0.0476, 0.0000, 0.4523, 3.1415, 0.4277,-4.9585, 1.8107,-0.3016,-0.2649,0
-0.0431, 0.0000, 0.4021, 3.1415, 0.4493,-5.0129, 4.6799,-0.3089,-0.2642,0
-0.0381, 0.0000, 0.3455, 3.1415, 0.4839,-5.5264,-4.6799,-0.2480,-0.2635,0
-0.0337, 0.0000, 0.2921, 3.1415, 0.4545,-5.3778, 1.3145,-0.2827,-0.2628,0
-0.0286, 0.0000, 0.2356, 3.1415, 0.4971,-5.5994,-4.6799,-0.2592,-0.2620,0
-0.0241, 0.0000, 0.1822, 3.1415, 0.4571,-5.3924, 4.6799,-0.2991,-0.2613,0
-0.0188, 0.0000, 0.1256, 3.1415, 0.5158,-5.6023,-3.1771,-0.2730,-0.2606,0
-0.0147, 0.0000, 0.0659, 3.1415, 0.4305,-5.8956,-4.6799,-0.2299,-0.2599,0
-0.0104, 0.0000, 0.0125, 3.1415, 0.4317,-5.4517, 4.6799,-0.3019,-0.2592,0
-0.0057, 0.0000,-0.0439, 3.1415, 0.4622,-5.6142,-0.8527,-0.2761,-0.2585,0
-0.0020, 0.0000,-0.0973, 3.1415, 0.3895,-5.3954, 4.6799,-0.3071,-0.2577,0
 0.0025, 0.0000,-0.1507, 3.1415, 0.4417,-5.3516, 4.6799,-0.3089,-0.2570,0
 0.0062, 0.0000,-0.2073, 3.1415, 0.3915,-5.5942,-3.8152,-0.2645,-0.2563,0
 0.0102, 0.0000,-0.2607, 3.1415, 0.3935,-5.3914, 4.2895,-0.2868,-0.2556,0
 0.0141, 0.0000,-0.3110, 3.1415, 0.3940,-5.0995, 4.6799,-0.3195,-0.2549,0
 0.0179, 0.0000,-0.3612, 3.1415, 0.3819,-5.0411, 4.6799,-0.3159,-0.2541,0
 0.0217, 0.0000,-0.4115, 3.1415, 0.3795,-5.0294, 4.6799,-0.3039,-0.2534,0
 0.0257, 0.0000,-0.4586, 3.1415, 0.3972,-4.7758, 4.6799,-0.3245,-0.2527,0
 0.0294, 0.0000,-0.5057, 3.1415, 0.3765,-4.7250, 4.6799,-0.3156,-0.2520,0
 0.0335, 0.0000,-0.5529, 3.1415, 0.3966,-4.7149, 3.3360,-0.2998,-0.2513,0
 0.0374, 0.0000,-0.5969, 3.1415, 0.3946,-4.4615, 4.6799,-0.3152,-0.2506,0
 0.0413, 0.0000,-0.6408, 3.1415, 0.3942,-4.4108, 3.0816,-0.3032,-0.2498,0
 0.0454, 0.0000,-0.6817, 3.1415, 0.4062,-4.1494, 4.6799,-0.3165,-0.2491,0
 0.0492, 0.0000,-0.7194, 3.1415, 0.3844,-3.8458, 4.6799,-0.3330,-0.2484,0
 0.0532, 0.0000,-0.7571, 3.1415, 0.3982,-3.7850, 2.7409,-0.3213,-0.2477,0
 0.0571, 0.0000,-0.7916, 3.1415, 0.3888,-3.5216, 3.6543,-0.3309,-0.2470,0
 0.0610, 0.0000,-0.8262, 3.1415, 0.3870,-3.4689, 0.6379,-0.3181,-0.2462,0
 0.0648, 0.0000,-0.8576, 3.1415, 0.3805,-3.2070, 1.3146,-0.3257,-0.2455,0
 0.0687, 0.0000,-0.8827, 3.1415, 0.3914,-2.6520, 3.4101,-0.3575,-0.2448,0
 0.0725, 0.0000,-0.9110, 3.1415, 0.3814,-2.7923,-2.0136,-0.3309,-0.2441,0
 0.0756, 0.0000,-0.9330, 3.1415, 0.3248,-2.3177, 0.8755,-0.3523,-0.2434,0
 0.0792, 0.0000,-0.9519, 3.1415, 0.3560,-1.9715,-0.6070,-0.3621,-0.2427,0
 0.0823, 0.0000,-0.9707, 3.1415, 0.3137,-1.9022,-2.5650,-0.3548,-0.2419,0
 0.0853, 0.0000,-0.9864, 3.1415, 0.3052,-1.6370,-2.7138,-0.3586,-0.2412,0
 0.0876, 0.0000,-0.9958, 3.1415, 0.2429,-1.0813,-1.9485,-0.3740,-0.2405,0
 0.0899, 0.0000,-1.0053, 3.1415, 0.2365,-0.9702,-4.3889,-0.3715,-0.2398,0
 0.0918, 0.0000,-1.0084, 3.1415, 0.1988,-0.4453,-4.0105,-0.3800,-0.2391,0
 0.0932, 0.0000,-1.0115, 3.1415, 0.1549,-0.3403,-4.6799,-0.3793,-0.2384,0
 0.0943, 0.0000,-1.0115, 3.1415, 0.1158,-0.0680,-4.6799,-0.3808,-0.2376,0
 0.0949, 0.0000,-1.0053, 3.1415, 0.0716, 0.4890,-4.6799,-0.3814,-0.2369,0
 0.0951, 0.0000,-0.9990, 3.1415, 0.0264, 0.6004,-4.6799,-0.3835,-0.2362,0
 0.0949, 0.0000,-0.9864, 3.1415,-0.0068, 1.1253,-4.6799,-0.3784,-0.2355,0
 0.0942, 0.0000,-0.9707, 3.1415,-0.0559, 1.4817,-4.6799,-0.3747,-0.2348,0
 0.0932, 0.0000,-0.9550, 3.1415,-0.0900, 1.5529,-4.6799,-0.3809,-0.2340,0
 0.0919, 0.0000,-0.9330, 3.1415,-0.1271, 2.0698,-4.6799,-0.3675,-0.2333,0
 0.0903, 0.0000,-0.9110, 3.1415,-0.1527, 2.1732,-4.6799,-0.3740,-0.2326,0
 0.0882, 0.0000,-0.8827, 3.1415,-0.1942, 2.6966,-4.6799,-0.3541,-0.2319,0
 0.0859, 0.0000,-0.8545, 3.1415,-0.2268, 2.8012,-4.6799,-0.3616,-0.2312,0
 0.0833, 0.0000,-0.8199, 3.1415,-0.2515, 3.3248,-4.6799,-0.3351,-0.2305,0
 0.0805, 0.0000,-0.7853, 3.1415,-0.2746, 3.4295,-4.6799,-0.3431,-0.2297,0
 0.0773, 0.0000,-0.7476, 3.1415,-0.3156, 3.7018,-4.6799,-0.3346,-0.2290,0
 0.0738, 0.0000,-0.7068, 3.1415,-0.3420, 4.0076,-4.6799,-0.3211,-0.2283,0
 0.0700, 0.0000,-0.6628, 3.1415,-0.3715, 4.3201,-4.6799,-0.3047,-0.2276,0
 0.0658, 0.0000,-0.6157, 3.1415,-0.4078, 4.6339,-4.6799,-0.2855,-0.2269,0
 0.0613, 0.0000,-0.5654, 3.1415,-0.4453, 4.9480,-1.5253,-0.2635,-0.2261,0
 0.0566, 0.0000,-0.5152, 3.1415,-0.4650, 5.0108,-4.6799,-0.2733,-0.2254,0
 0.0515, 0.0000,-0.4618, 3.1415,-0.4992, 5.2747,-0.1740,-0.2533,-0.2247,0
 0.0464, 0.0000,-0.4052, 3.1415,-0.5060, 5.5788, 4.6799,-0.2241,-0.2240,0
 0.0419, 0.0000,-0.3487, 3.1415,-0.4589, 5.6396, 2.8381,-0.2295,-0.2233,0
 0.0369, 0.0000,-0.2921, 3.1415,-0.4980, 5.6518,-0.0364,-0.2404,-0.2226,0
 0.0318, 0.0000,-0.2356, 3.1415,-0.5058, 5.6542,-2.6039,-0.2506,-0.2218,0
 0.0268, 0.0000,-0.1790, 3.1415,-0.5013, 5.6547,-4.6799,-0.2589,-0.2211,0
 0.0216, 0.0000,-0.1193, 3.1415,-0.5186, 5.9061, 4.6799,-0.2246,-0.2204,0
 0.0173, 0.0000,-0.0596, 3.1415,-0.4432, 5.9564, 4.3898,-0.2201,-0.2197,0
 0.0128, 0.0000, 0.0000, 3.1415,-0.4524, 5.9665, 3.8250,-0.2197,-0.2190,0
 0.0085, 0.0000, 0.0565, 3.1415,-0.4300, 5.7171,-4.6799,-0.2593,-0.2182,0
 0.0043, 0.0000, 0.1099, 3.1415,-0.4194, 5.4160,-4.6799,-0.3030,-0.2175,0
 0.0002, 0.0000, 0.1665, 3.1415,-0.4173, 5.6070,-4.6799,-0.2680,-0.2168,0
-0.0037, 0.0000, 0.2230, 3.1415,-0.4048, 5.6453,-4.5221,-0.2541,-0.2161,0
-0.0080, 0.0000, 0.2764, 3.1415,-0.4205, 5.4016,-4.6799,-0.2823,-0.2154,0
-0.0122, 0.0000, 0.3330, 3.1415,-0.4175, 5.6042,-0.0674,-0.2389,-0.2147,0
-0.0163, 0.0000, 0.3864, 3.1415,-0.4170, 5.3934,-4.6799,-0.2578,-0.2139,0
-0.0205, 0.0000, 0.4398, 3.1415,-0.4168, 5.3512,-3.5431,-0.2488,-0.2132,0
-0.0247, 0.0000, 0.4900, 3.1415,-0.4168, 5.0914,-4.6799,-0.2706,-0.2125,0
-0.0288, 0.0000, 0.5403, 3.1415,-0.4107, 5.0395,-4.6799,-0.2602,-0.2118,0
-0.0329, 0.0000, 0.5874, 3.1415,-0.4156, 4.7778,-4.6799,-0.2781,-0.2111,0
-0.0371, 0.0000, 0.6346, 3.1415,-0.4166, 4.7254,-4.2736,-0.2656,-0.2103,0
-0.0413, 0.0000, 0.6785, 3.1415,-0.4228, 4.4636,-4.6799,-0.2800,-0.2096,0
-0.0454, 0.0000, 0.7194, 3.1415,-0.4119, 4.1599,-4.6799,-0.2978,-0.2089,0
-0.0497, 0.0000, 0.7602, 3.1415,-0.4280, 4.0992,-3.9377,-0.2851,-0.2082,0
-0.0538, 0.0000, 0.8011, 3.1415,-0.4130, 4.0871,-0.6530,-0.2658,-0.2075,0
-0.0579, 0.0000, 0.8356, 3.1415,-0.4039, 3.5820,-4.6799,-0.3019,-0.2068,0
-0.0622, 0.0000, 0.8702, 3.1415,-0.4264, 3.4810,-1.8239,-0.2932,-0.2060,0
-0.0663, 0.0000, 0.9016, 3.1415,-0.4187, 3.2094,-1.8589,-0.3012,-0.2053,0
-0.0703, 0.0000, 0.9330, 3.1415,-0.3990, 3.1551, 0.7540,-0.2881,-0.2046,0
-0.0735, 0.0000, 0.9581, 3.1415,-0.3344, 2.6416,-2.1126,-0.3152,-0.2039,0
-0.0777, 0.0000, 0.9833, 3.1415,-0.4064, 2.5389, 1.6037,-0.3077,-0.2032,0
-0.0810, 0.0000, 1.0021, 3.1415,-0.3420, 2.0157, 0.0430,-0.3297,-0.2024,0
-0.0839, 0.0000, 1.0210, 3.1415,-0.3048, 1.9111, 2.3078,-0.3240,-0.2017,0
-0.0867, 0.0000, 1.0367, 3.1415,-0.2792, 1.6388, 2.5649,-0.3279,-0.2010,0
-0.0892, 0.0000, 1.0461, 3.1415,-0.2559, 1.0817, 2.4443,-0.3433,-0.2003,0
-0.0914, 0.0000, 1.0555, 3.1415,-0.2330, 0.9703, 4.5838,-0.3406,-0.1996,0
-0.0929, 0.0000, 1.0618, 3.1415,-0.1618, 0.6967, 4.3983,-0.3430,-0.1989,0
-0.0939, 0.0000, 1.0618, 3.1415,-0.1172, 0.1393, 4.3190,-0.3496,-0.1981,0
-0.0948, 0.0000, 1.0618, 3.1415,-0.0901, 0.0278, 4.6799,-0.3498,-0.1974,0
-0.0949, 0.0000, 1.0555, 3.1415,-0.0301,-0.4970, 4.6799,-0.3503,-0.1967,0
-0.0950, 0.0000, 1.0461, 3.1415,-0.0120,-0.8533, 4.6799,-0.3495,-0.1960,0
-0.0942, 0.0000, 1.0367, 3.1415, 0.0582,-0.9246, 4.6799,-0.3535,-0.1953,0
-0.0932, 0.0000, 1.0210, 3.1415, 0.0904,-1.4415, 4.6799,-0.3461,-0.1945,0
-0.0921, 0.0000, 1.0021, 3.1415, 0.1090,-1.7962, 4.6799,-0.3415,-0.1938,0
-0.0905, 0.0000, 0.9833, 3.1415, 0.1491,-1.8672, 4.6799,-0.3492,-0.1931,0
-0.0887, 0.0000, 0.9581, 3.1415, 0.1753,-2.3840, 4.6799,-0.3333,-0.1924,0
-0.0867, 0.0000, 0.9330, 3.1415, 0.1927,-2.4874, 4.6799,-0.3409,-0.1917,0
-0.0842, 0.0000, 0.9016, 3.1415, 0.2386,-3.0107, 4.6799,-0.3185,-0.1910,0
-0.0816, 0.0000, 0.8702, 3.1415, 0.2599,-3.1154, 4.6799,-0.3270,-0.1902,0
-0.0788, 0.0000, 0.8356, 3.1415, 0.2763,-3.3876, 4.6799,-0.3209,-0.1895,0
-0.0755, 0.0000, 0.7948, 3.1415, 0.3159,-3.9447, 4.6799,-0.2850,-0.1888,0
-0.0720, 0.0000, 0.7539, 3.1415, 0.3481,-4.0562, 4.6799,-0.2931,-0.1881,0
-0.0682, 0.0000, 0.7099, 3.1415, 0.3667,-4.3298, 4.6799,-0.2821,-0.1874,0
-0.0641, 0.0000, 0.6628, 3.1415, 0.4068,-4.6358, 4.6799,-0.2651,-0.1866,0
-0.0595, 0.0000, 0.6157, 3.1415, 0.4451,-4.6970, 4.6799,-0.2773,-0.1859,0
-0.0549, 0.0000, 0.5623, 3.1415, 0.4588,-5.2119, 0.8308,-0.2272,-0.1852,0
-0.0501, 0.0000, 0.5089, 3.1415, 0.4737,-5.3149, 4.3275,-0.2315,-0.1845,0
-0.0448, 0.0000, 0.4523, 3.1415, 0.5191,-5.5868,-1.1906,-0.2088,-0.1838,0
-0.0401, 0.0000, 0.3958, 3.1415, 0.4797,-5.6412, 2.7374,-0.2170,-0.1831,0
-0.0343, 0.0000, 0.3361, 3.1415, 0.5628,-5.9034,-4.6799,-0.1899,-0.1823,0
-0.0296, 0.0000, 0.2764, 3.1415, 0.4884,-5.9559,-2.0605,-0.1942,-0.1816,0
-0.0244, 0.0000, 0.2167, 3.1415, 0.5100,-5.9664, 0.5978,-0.2029,-0.1809,0
-0.0192, 0.0000, 0.1570, 3.1415, 0.5203,-5.9685, 2.6790,-0.2105,-0.1802,0
-0.0143, 0.0000, 0.0942, 3.1415, 0.4981,-6.2202,-4.6799,-0.1732,-0.1795,0
-0.0094, 0.0000, 0.0345, 3.1415, 0.4876,-6.0192, 4.6799,-0.2104,-0.1787,0
-0.0045, 0.0000,-0.0251, 3.1415, 0.4916,-5.9790, 4.6799,-0.2173,-0.1780,0
 0.0006, 0.0000,-0.0879, 3.1415, 0.5106,-6.2223,-4.6799,-0.1732,-0.1773,0
 0.0048, 0.0000,-0.1476, 3.1415, 0.4416,-6.0196, 3.6946,-0.2029,-0.1766,0
 0.0100, 0.0000,-0.2073, 3.1415, 0.5067,-5.9791, 2.0189,-0.2022,-0.1759,0
 0.0144, 0.0000,-0.2638, 3.1415, 0.4469,-5.7197, 4.6799,-0.2352,-0.1752,0
 0.0193, 0.0000,-0.3235, 3.1415, 0.4835,-5.9191,-2.5152,-0.1903,-0.1744,0
 0.0231, 0.0000,-0.3769, 3.1415, 0.4059,-5.4564, 4.6799,-0.2508,-0.1737,0
 0.0276, 0.0000,-0.4335, 3.1415, 0.4389,-5.6151, 2.4252,-0.2102,-0.1730,0
 0.0316, 0.0000,-0.4869, 3.1415, 0.4091,-5.3956, 4.6799,-0.2270,-0.1723,0
 0.0360, 0.0000,-0.5372, 3.1415, 0.4274,-5.1003, 4.6799,-0.2527,-0.1716,0
 0.0398, 0.0000,-0.5874, 3.1415, 0.3947,-5.0413, 4.6799,-0.2418,-0.1709,0
 0.0440, 0.0000,-0.6346, 3.1415, 0.4124,-4.7781, 4.6799,-0.2586,-0.1701,0
 0.0482, 0.0000,-0.6817, 3.1415, 0.4220,-4.7255, 4.6799,-0.2449,-0.1694,0
 0.0522, 0.0000,-0.7257, 3.1415, 0.4057,-4.4636, 4.6799,-0.2582,-0.1687,0
 0.0565, 0.0000,-0.7696, 3.1415, 0.4207,-4.4113, 4.0279,-0.2432,-0.1680,0
 0.0604, 0.0000,-0.8073, 3.1415, 0.3994,-3.8981, 4.6799,-0.2837,-0.1673,0
 0.0644, 0.0000,-0.8482, 3.1415, 0.4012,-4.0468, 1.4687,-0.2455,-0.1665,0
 0.0685, 0.0000,-0.8827, 3.1415, 0.4076,-3.5739, 4.6799,-0.2771,-0.1658,0
 0.0727, 0.0000,-0.9173, 3.1415, 0.4150,-3.4793, 1.9322,-0.2670,-0.1651,0
 0.0763, 0.0000,-0.9487, 3.1415, 0.3740,-3.2091, 2.1360,-0.2742,-0.1644,0
 0.0804, 0.0000,-0.9770, 3.1415, 0.4022,-2.9037, 1.2261,-0.2837,-0.1637,0
 0.0845, 0.0000,-1.0021, 3.1415, 0.4018,-2.5913, 0.2521,-0.2926,-0.1630,0
 0.0881, 0.0000,-1.0273, 3.1415, 0.3714,-2.5288,-1.9613,-0.2818,-0.1622,0
 0.0917, 0.0000,-1.0461, 3.1415, 0.3592,-2.0137,-1.0408,-0.3029,-0.1615,0
 0.0949, 0.0000,-1.0649, 3.1415, 0.3325,-1.9107,-3.2670,-0.2968,-0.1608,0
 0.0979, 0.0000,-1.0775, 3.1415, 0.3090,-1.3874,-2.9404,-0.3130,-0.1601,0
 0.1006, 0.0000,-1.0901, 3.1415, 0.2740,-1.2828,-4.6799,-0.3089,-0.1594,0
 0.1027, 0.0000,-1.0964, 3.1415, 0.2245,-0.7592,-4.4588,-0.3199,-0.1586,0
 0.1047, 0.0000,-1.1026, 3.1415, 0.2025,-0.6544,-4.6799,-0.3179,-0.1579,0
 0.1061, 0.0000,-1.1026, 3.1415, 0.1557,-0.1308,-4.6799,-0.3237,-0.1572,0
 0.1073, 0.0000,-1.1026, 3.1415, 0.1220,-0.0261,-4.6799,-0.3239,-0.1565,0
 0.1079, 0.0000,-1.0964, 3.1415, 0.0729, 0.4974,-4.6799,-0.3245,-0.1558,0
 0.1081, 0.0000,-1.0869, 3.1415, 0.0327, 0.8534,-4.6799,-0.3238,-0.1551,0
 0.1080, 0.0000,-1.0744, 3.1415, 0.0004, 1.1760,-4.6799,-0.3226,-0.1543,0
 0.1075, 0.0000,-1.0618, 3.1415,-0.0423, 1.2405,-4.6799,-0.3283,-0.1536,0
 0.1067, 0.0000,-1.0430, 3.1415,-0.0691, 1.7560,-4.6799,-0.3184,-0.1529,0
 0.1056, 0.0000,-1.0210, 3.1415,-0.1047, 2.1105,-4.6799,-0.3128,-0.1522,0
 0.1042, 0.0000,-0.9958, 3.1415,-0.1300, 2.4327,-4.6799,-0.3076,-0.1515,0
 0.1025, 0.0000,-0.9707, 3.1415,-0.1654, 2.4971,-4.6799,-0.3181,-0.1507,0
 0.1005, 0.0000,-0.9393, 3.1415,-0.1907, 3.0127,-4.6799,-0.2968,-0.1500,0
 0.0983, 0.0000,-0.9079, 3.1415,-0.2200, 3.1158,-4.6799,-0.3059,-0.1493,0
 0.0957, 0.0000,-0.8702, 3.1415,-0.2501, 3.6390,-4.6799,-0.2775,-0.1486,0
 0.0927, 0.0000,-0.8325, 3.1415,-0.2865, 3.7437,-4.6799,-0.2870,-0.1479,0
 0.0895, 0.0000,-0.7885, 3.1415,-0.3119, 4.2673,-4.6799,-0.2512,-0.1472,0
 0.0859, 0.0000,-0.7445, 3.1415,-0.3534, 4.3720,-4.6799,-0.2604,-0.1464,0
 0.0820, 0.0000,-0.6942, 3.1415,-0.3859, 4.8956,-4.6799,-0.2163,-0.1457,0
 0.0776, 0.0000,-0.6440, 3.1415,-0.4228, 5.0003,-4.6799,-0.2241,-0.1450,0
 0.0731, 0.0000,-0.5906, 3.1415,-0.4483, 5.2726,-4.6799,-0.2072,-0.1443,0
 0.0681, 0.0000,-0.5372, 3.1415,-0.4898, 5.3270,-4.6799,-0.2196,-0.1436,0
 0.0629, 0.0000,-0.4775, 3.1415,-0.5163, 5.8406, 3.4508,-0.1601,-0.1428,0
 0.0585, 0.0000,-0.4178, 3.1415,-0.4549, 5.9433,-0.3314,-0.1617,-0.1421,0
 0.0525, 0.0000,-0.3581, 3.1415,-0.5699, 5.9638,-3.4340,-0.1745,-0.1414,0
 0.0469, 0.0000,-0.2953, 3.1415,-0.5566, 6.2193, 4.6799,-0.1454,-0.1407,0
 0.0422, 0.0000,-0.2324, 3.1415,-0.4933, 6.2704, 2.0315,-0.1483,-0.1400,0
 0.0370, 0.0000,-0.1696, 3.1415,-0.5109, 6.2806,-0.4239,-0.1555,-0.1393,0
 0.0318, 0.0000,-0.1068, 3.1415,-0.5205, 6.2826,-2.1926,-0.1613,-0.1385,0
 0.0266, 0.0000,-0.0439, 3.1415,-0.5224, 6.2830,-3.2358,-0.1647,-0.1378,0
 0.0215, 0.0000, 0.0219, 3.1415,-0.5107, 6.5344, 4.6799,-0.1201,-0.1371,0
 0.0174, 0.0000, 0.0848, 3.1415,-0.4295, 6.3334,-3.1430,-0.1539,-0.1364,0
 0.0124, 0.0000, 0.1445, 3.1415,-0.4860, 6.0419,-4.6799,-0.1995,-0.1357,0
 0.0072, 0.0000, 0.2073, 3.1415,-0.5155, 6.2349,-0.9355,-0.1584,-0.1349,0
 0.0024, 0.0000, 0.2670, 3.1415,-0.4851, 6.0222,-4.6799,-0.1849,-0.1342,0
-0.0021, 0.0000, 0.3298, 3.1415,-0.4608, 6.2309, 4.3036,-0.1358,-0.1335,0
-0.0059, 0.0000, 0.3864, 3.1415,-0.4013, 5.7700,-4.6799,-0.1990,-0.1328,0
-0.0106, 0.0000, 0.4429, 3.1415,-0.4501, 5.6779,-4.6799,-0.1974,-0.1321,0
-0.0150, 0.0000, 0.4995, 3.1415,-0.4417, 5.6594,-4.6799,-0.1819,-0.1314,0
-0.0192, 0.0000, 0.5529, 3.1415,-0.4278, 5.4044,-4.6799,-0.2021,-0.1306,0
-0.0232, 0.0000, 0.6063, 3.1415,-0.4069, 5.3534,-4.6799,-0.1888,-0.1299,0
-0.0275, 0.0000, 0.6565, 3.1415,-0.4209, 5.0919,-4.6799,-0.2057,-0.1292,0
-0.0318, 0.0000, 0.7068, 3.1415,-0.4297, 5.0396,-4.6799,-0.1904,-0.1285,0
-0.0359, 0.0000, 0.7508, 3.1415,-0.4133, 4.5265,-4.6799,-0.2381,-0.1278,0
-0.0399, 0.0000, 0.7979, 3.1415,-0.4040, 4.6752,-3.9310,-0.1953,-0.1270,0
-0.0441, 0.0000, 0.8388, 3.1415,-0.4203, 4.2022,-4.6799,-0.2327,-0.1263,0
-0.0484, 0.0000, 0.8796, 3.1415,-0.4236, 4.1077,-4.6799,-0.2215,-0.1256,0
-0.0526, 0.0000, 0.9173, 3.1415,-0.4242, 3.8374,-4.6799,-0.2303,-0.1249,0
-0.0568, 0.0000, 0.9550, 3.1415,-0.4183, 3.7834,-2.0076,-0.2143,-0.1242,0
-0.0610, 0.0000, 0.9864, 3.1415,-0.4171, 3.2699,-4.5431,-0.2464,-0.1235,0
-0.0652, 0.0000, 1.0178, 3.1415,-0.4229, 3.1672,-1.1231,-0.2366,-0.1227,0
-0.0696, 0.0000, 1.0461, 3.1415,-0.4362, 2.8954,-0.3553,-0.2423,-0.1220,0
-0.0736, 0.0000, 1.0712, 3.1415,-0.4086, 2.5896, 0.2233,-0.2500,-0.1213,0
-0.0771, 0.0000, 1.0932, 3.1415,-0.3606, 2.2772, 0.7914,-0.2574,-0.1206,0
-0.0809, 0.0000, 1.1121, 3.1415,-0.3752, 1.9634, 2.1055,-0.2639,-0.1199,0
-0.0843, 0.0000, 1.1309, 3.1415,-0.3479, 1.9006, 3.7410,-0.2551,-0.1191,0
-0.0872, 0.0000, 1.1435, 3.1415,-0.2999, 1.3854, 3.0473,-0.2706,-0.1184,0
-0.0898, 0.0000, 1.1529, 3.1415,-0.2661, 1.0310, 4.1728,-0.2765,-0.1177,0
-0.0920, 0.0000, 1.1592, 3.1415,-0.2290, 0.7088, 4.6799,-0.2802,-0.1170,0
-0.0937, 0.0000, 1.1623, 3.1415,-0.1852, 0.3931, 4.6799,-0.2830,-0.1163,0
-0.0950, 0.0000, 1.1623, 3.1415,-0.1401, 0.0786, 4.6799,-0.2851,-0.1156,0
-0.0958, 0.0000, 1.1592, 3.1415,-0.0886,-0.2356, 4.6799,-0.2864,-0.1148,0
-0.0962, 0.0000, 1.1529, 3.1415,-0.0541,-0.5497, 4.6799,-0.2871,-0.1141,0
-0.0961, 0.0000, 1.1435, 3.1415,-0.0047,-0.8639, 4.6799,-0.2871,-0.1134,0
-0.0958, 0.0000, 1.1278, 3.1415, 0.0293,-1.4294, 4.6799,-0.2791,-0.1127,0
-0.0950, 0.0000, 1.1121, 3.1415, 0.0665,-1.5425, 4.6799,-0.2846,-0.1120,0
-0.0938, 0.0000, 1.0932, 3.1415, 0.1103,-1.8164, 4.6799,-0.2838,-0.1112,0
-0.0924, 0.0000, 1.0712, 3.1415, 0.1312,-2.1225, 4.6799,-0.2808,-0.1105,0
-0.0907, 0.0000, 1.0430, 3.1415, 0.1596,-2.6864, 4.6799,-0.2606,-0.1098,0
-0.0886, 0.0000, 1.0147, 3.1415, 0.2017,-2.7992, 4.6799,-0.2693,-0.1091,0
-0.0863, 0.0000, 0.9833, 3.1415, 0.2283,-3.0731, 4.6799,-0.2657,-0.1084,0
-0.0838, 0.0000, 0.9487, 3.1415, 0.2457,-3.3792, 4.6799,-0.2585,-0.1077,0
-0.0810, 0.0000, 0.9110, 3.1415, 0.2734,-3.6917, 4.6799,-0.2493,-0.1069,0
-0.0778, 0.0000, 0.8702, 3.1415, 0.3093,-4.0056, 4.6799,-0.2382,-0.1062,0
-0.0743, 0.0000, 0.8262, 3.1415, 0.3407,-4.3197, 4.6799,-0.2253,-0.1055,0
-0.0705, 0.0000, 0.7791, 3.1415, 0.3713,-4.6338, 4.6799,-0.2103,-0.1048,0
-0.0665, 0.0000, 0.7288, 3.1415, 0.3956,-4.9480, 4.6799,-0.1928,-0.1041,0
-0.0621, 0.0000, 0.6785, 3.1415, 0.4307,-5.0108, 4.6799,-0.2074,-0.1034,0
-0.0573, 0.0000, 0.6220, 3.1415, 0.4681,-5.5260, 2.9365,-0.1560,-0.1026,0
-0.0522, 0.0000, 0.5654, 3.1415, 0.4998,-5.6291, 4.6799,-0.1626,-0.1019,0
-0.0469, 0.0000, 0.5057, 3.1415, 0.5304,-5.9010, 1.7370,-0.1406,-0.1012,0
-0.0413, 0.0000, 0.4429, 3.1415, 0.5487,-6.2067,-4.6799,-0.1094,-0.1005,0
-0.0363, 0.0000, 0.3769, 3.1415, 0.5099,-6.5192,-4.6799,-0.0726,-0.0998,0
-0.0309, 0.0000, 0.3141, 3.1415, 0.5385,-6.3303, 1.8515,-0.1219,-0.0990,0
-0.0252, 0.0000, 0.2513, 3.1415, 0.5624,-6.2926, 4.6799,-0.1411,-0.0983,0
-0.0197, 0.0000, 0.1853, 3.1415, 0.5551,-6.5364,-4.6302,-0.1076,-0.0976,0
-0.0148, 0.0000, 0.1193, 3.1415, 0.4990,-6.5851,-3.0954,-0.1058,-0.0969,0
-0.0097, 0.0000, 0.0534, 3.1415, 0.5060,-6.5949,-1.7477,-0.1081,-0.0962,0
-0.0050, 0.0000,-0.0125, 3.1415, 0.4832,-6.5968,-0.9515,-0.1087,-0.0955,0
-0.0005, 0.0000,-0.0753, 3.1415, 0.4543,-6.3459, 4.6799,-0.1522,-0.0947,0
 0.0042, 0.0000,-0.1382, 3.1415, 0.4728,-6.2957, 4.6799,-0.1563,-0.0940,0
 0.0087, 0.0000,-0.2010, 3.1415, 0.4523,-6.2856, 4.6799,-0.1504,-0.0933,0
 0.0130, 0.0000,-0.2638, 3.1415, 0.4360,-6.2836, 4.6799,-0.1404,-0.0926,0
 0.0174, 0.0000,-0.3235, 3.1415, 0.4388,-6.0319, 4.6799,-0.1714,-0.0919,0
 0.0221, 0.0000,-0.3864, 3.1415, 0.4637,-6.2329, 1.3734,-0.1212,-0.0911,0
 0.0267, 0.0000,-0.4429, 3.1415, 0.4626,-5.7704, 4.6799,-0.1826,-0.0904,0
 0.0312, 0.0000,-0.5026, 3.1415, 0.4502,-5.9293, 4.6799,-0.1370,-0.0897,0
 0.0355, 0.0000,-0.5592, 3.1415, 0.4356,-5.7097, 4.6799,-0.1522,-0.0890,0
 0.0399, 0.0000,-0.6157, 3.1415, 0.4388,-5.6658, 4.6799,-0.1367,-0.0883,0
 0.0443, 0.0000,-0.6660, 3.1415, 0.4394,-5.1544, 4.6799,-0.1926,-0.0876,0
 0.0486, 0.0000,-0.7194, 3.1415, 0.4334,-5.3034, 3.9435,-0.1463,-0.0868,0
 0.0530, 0.0000,-0.7696, 3.1415, 0.4383,-5.0819, 4.6799,-0.1541,-0.0861,0
 0.0576, 0.0000,-0.8136, 3.1415, 0.4514,-4.5349, 4.6799,-0.2052,-0.0854,0
 0.0619, 0.0000,-0.8607, 3.1415, 0.4419,-4.6769, 2.8019,-0.1618,-0.0847,0
 0.0661, 0.0000,-0.9016, 3.1415, 0.4218,-4.2026, 4.6799,-0.1981,-0.0840,0
 0.0705, 0.0000,-0.9424, 3.1415, 0.4360,-4.1077, 3.6240,-0.1858,-0.0832,0
 0.0748, 0.0000,-0.9801, 3.1415, 0.4328,-3.8374, 3.3412,-0.1937,-0.0825,0
 0.0793, 0.0000,-1.0147, 3.1415, 0.4443,-3.5321, 2.5649,-0.2043,-0.0818,0
 0.0835, 0.0000,-1.0492, 3.1415, 0.4284,-3.4710,-0.4606,-0.1890,-0.0811,0
 0.0871, 0.0000,-1.0775, 3.1415, 0.3706,-2.9561, 1.5283,-0.2176,-0.0804,0
 0.0911, 0.0000,-1.1058, 3.1415, 0.3954,-2.8531,-1.6740,-0.2080,-0.0797,0
 0.0948, 0.0000,-1.1278, 3.1415, 0.3701,-2.3299,-1.0591,-0.2317,-0.0789,0
 0.0982, 0.0000,-1.1498, 3.1415, 0.3468,-2.2252,-3.3245,-0.2241,-0.0782,0
 0.1010, 0.0000,-1.1686, 3.1415, 0.2937,-1.9530,-3.5125,-0.2276,-0.0775,0
 0.1039, 0.0000,-1.1812, 3.1415, 0.2952,-1.3959,-3.9428,-0.2454,-0.0768,0
 0.1062, 0.0000,-1.1938, 3.1415, 0.2409,-1.2844,-4.6799,-0.2412,-0.0761,0
 0.1080, 0.0000,-1.2000, 3.1415, 0.1937,-0.7595,-4.6799,-0.2520,-0.0753,0
 0.1097, 0.0000,-1.2063, 3.1415, 0.1721,-0.6545,-4.6799,-0.2499,-0.0746,0
 0.1108, 0.0000,-1.2063, 3.1415, 0.1253,-0.1309,-4.6799,-0.2556,-0.0739,0
 0.1117, 0.0000,-1.2032, 3.1415, 0.0917, 0.2251,-4.6799,-0.2573,-0.0732,0
 0.1121, 0.0000,-1.2000, 3.1415, 0.0547, 0.2963,-4.6799,-0.2589,-0.0725,0
 0.1121, 0.0000,-1.1906, 3.1415, 0.0109, 0.8132,-4.6799,-0.2571,-0.0718,0
 0.1117, 0.0000,-1.1780, 3.1415,-0.0281, 1.1679,-4.6799,-0.2557,-0.0710,0
 0.1111, 0.0000,-1.1655, 3.1415,-0.0541, 1.2388,-4.6799,-0.2616,-0.0703,0
 0.1102, 0.0000,-1.1466, 3.1415,-0.0896, 1.7557,-4.6799,-0.2523,-0.0696,0
 0.1087, 0.0000,-1.1246, 3.1415,-0.1331, 2.1104,-4.6799,-0.2474,-0.0689,0
 0.1072, 0.0000,-1.0995, 3.1415,-0.1478, 2.4327,-4.6799,-0.2431,-0.0682,0
 0.1054, 0.0000,-1.0744, 3.1415,-0.1750, 2.4971,-4.6799,-0.2546,-0.0674,0
 0.1032, 0.0000,-1.0430, 3.1415,-0.2108, 3.0127,-4.6799,-0.2345,-0.0667,0
 0.1006, 0.0000,-1.0084, 3.1415,-0.2483, 3.3671,-4.6799,-0.2241,-0.0660,0
 0.0979, 0.0000,-0.9738, 3.1415,-0.2679, 3.4380,-4.6799,-0.2381,-0.0653,0
 0.0948, 0.0000,-0.9330, 3.1415,-0.3021, 3.9548,-4.6799,-0.2085,-0.0646,0
 0.0913, 0.0000,-0.8890, 3.1415,-0.3393, 4.3095,-4.6799,-0.1924,-0.0639,0
 0.0875, 0.0000,-0.8450, 3.1415,-0.3710, 4.3804,-4.6799,-0.2079,-0.0631,0
 0.0835, 0.0000,-0.7948, 3.1415,-0.3955, 4.8973,-4.6799,-0.1671,-0.0624,0
 0.0791, 0.0000,-0.7445, 3.1415,-0.4307, 5.0007,-4.6799,-0.1779,-0.0617,0
 0.0743, 0.0000,-0.6880, 3.1415,-0.4681, 5.5240,-4.6799,-0.1275,-0.0610,0
 0.0691, 0.0000,-0.6314, 3.1415,-0.5120, 5.6287,-4.6799,-0.1360,-0.0603,0
 0.0637, 0.0000,-0.5717, 3.1415,-0.5328, 5.9009,-4.6799,-0.1163,-0.0595,0
 0.0579, 0.0000,-0.5089, 3.1415,-0.5734, 6.2067, 0.5463,-0.0877,-0.0588,0
 0.0525, 0.0000,-0.4461, 3.1415,-0.5391, 6.2678,-4.2776,-0.0978,-0.0581,0
 0.0460, 0.0000,-0.3801, 3.1415,-0.6292, 6.5314, 4.5076,-0.0695,-0.0574,0
 0.0407, 0.0000,-0.3141, 3.1415,-0.5502, 6.5841, 0.3359,-0.0760,-0.0567,0
 0.0349, 0.0000,-0.2450, 3.1415,-0.5769, 6.8460, 4.6799,-0.0404,-0.0560,0
 0.0295, 0.0000,-0.1790, 3.1415,-0.5458, 6.6470,-4.6799,-0.0880,-0.0552,0
 0.0238, 0.0000,-0.1130, 3.1415,-0.5639, 6.6072,-4.6799,-0.1023,-0.0545,0
 0.0181, 0.0000,-0.0471, 3.1415,-0.5736, 6.5993,-4.6799,-0.1075,-0.0538,0
 0.0124, 0.0000, 0.0219, 3.1415,-0.5694, 6.8490, 4.6799,-0.0611,-0.0531,0
 0.0077, 0.0000, 0.0911, 3.1415,-0.4898, 6.8990, 4.6799,-0.0487,-0.0524,0
 0.0027, 0.0000, 0.1570, 3.1415,-0.4981, 6.6576,-4.6799,-0.0887,-0.0516,0
-0.0026, 0.0000, 0.2199, 3.1415,-0.5301, 6.3580,-4.6799,-0.1348,-0.0509,0
-0.0077, 0.0000, 0.2858, 3.1415,-0.5122, 6.5494,-4.4863,-0.0884,-0.0502,0
-0.0125, 0.0000, 0.3487, 3.1415,-0.4844, 6.3364,-4.6799,-0.1127,-0.0495,0
-0.0172, 0.0000, 0.4115, 3.1415,-0.4788, 6.2938,-4.6799,-0.1035,-0.0488,0
-0.0222, 0.0000, 0.4743, 3.1415,-0.4898, 6.2853,-4.4845,-0.0857,-0.0481,0
-0.0270, 0.0000, 0.5309, 3.1415,-0.4860, 5.7809,-4.6799,-0.1513,-0.0473,0
-0.0317, 0.0000, 0.5906, 3.1415,-0.4731, 5.9314,-4.6799,-0.1039,-0.0466,0
-0.0365, 0.0000, 0.6471, 3.1415,-0.4766, 5.7101,-4.6799,-0.1164,-0.0459,0
-0.0413, 0.0000, 0.7005, 3.1415,-0.4773, 5.4146,-4.6799,-0.1385,-0.0452,0
-0.0460, 0.0000, 0.7539, 3.1415,-0.4774, 5.3554,-4.6799,-0.1219,-0.0445,0
-0.0507, 0.0000, 0.8042, 3.1415,-0.4714, 5.0923,-4.6799,-0.1350,-0.0437,0
-0.0553, 0.0000, 0.8545, 3.1415,-0.4580, 5.0396,-4.4308,-0.1159,-0.0430,0
-0.0600, 0.0000, 0.8984, 3.1415,-0.4675, 4.5265,-4.6799,-0.1603,-0.0423,0
-0.0648, 0.0000, 0.9424, 3.1415,-0.4755, 4.4238,-4.6799,-0.1480,-0.0416,0
-0.0695, 0.0000, 0.9833, 3.1415,-0.4710, 4.1520,-4.6799,-0.1566,-0.0409,0
-0.0740, 0.0000, 1.0210, 3.1415,-0.4580, 3.8463,-4.1812,-0.1680,-0.0402,0
-0.0787, 0.0000, 1.0555, 3.1415,-0.4675, 3.5338,-2.9667,-0.1789,-0.0394,0
-0.0835, 0.0000, 1.0901, 3.1415,-0.4754, 3.4713, 0.3798,-0.1633,-0.0387,0
-0.0876, 0.0000, 1.1215, 3.1415,-0.4225, 3.2075, 0.5020,-0.1678,-0.0380,0
-0.0918, 0.0000, 1.1498, 3.1415,-0.4240, 2.9034, 1.4856,-0.1754,-0.0373,0
-0.0955, 0.0000, 1.1749, 3.1415,-0.3819, 2.5913, 2.2090,-0.1828,-0.0366,0
-0.0992, 0.0000, 1.1938, 3.1415,-0.3674, 2.0262, 2.5415,-0.2068,-0.0358,0
-0.1024, 0.0000, 1.2126, 3.1415,-0.3342, 1.9132, 4.5453,-0.2004,-0.0351,0
-0.1048, 0.0000, 1.2283, 3.1415,-0.2608, 1.6392, 4.5875,-0.2034,-0.0344,0
-0.1072, 0.0000, 1.2377, 3.1415,-0.2401, 1.0818, 4.6799,-0.2183,-0.0337,0
-0.1091, 0.0000, 1.2472, 3.1415,-0.1996, 0.9703, 4.6799,-0.2151,-0.0330,0
-0.1107, 0.0000, 1.2503, 3.1415,-0.1672, 0.4453, 4.6799,-0.2234,-0.0323,0
-0.1117, 0.0000, 1.2534, 3.1415,-0.1122, 0.3404, 4.6799,-0.2224,-0.0315,0
-0.1121, 0.0000, 1.2503, 3.1415,-0.0588,-0.1832, 4.6799,-0.2257,-0.0308,0
-0.1123, 0.0000, 1.2440, 3.1415,-0.0238,-0.5393, 4.6799,-0.2263,-0.0301,0
-0.1120, 0.0000, 1.2377, 3.1415, 0.0134,-0.6105, 4.6799,-0.2295,-0.0294,0
-0.1114, 0.0000, 1.2252, 3.1415, 0.0572,-1.1274, 4.6799,-0.2254,-0.0287,0
-0.1105, 0.0000, 1.2095, 3.1415, 0.0781,-1.4821, 4.6799,-0.2230,-0.0280,0
-0.1093, 0.0000, 1.1906, 3.1415, 0.1126,-1.8043, 4.6799,-0.2208,-0.0272,0
-0.1079, 0.0000, 1.1718, 3.1415, 0.1377,-1.8688, 4.6799,-0.2300,-0.0265,0
-0.1062, 0.0000, 1.1466, 3.1415, 0.1609,-2.3843, 4.6799,-0.2159,-0.0258,0
-0.1042, 0.0000, 1.1184, 3.1415, 0.1898,-2.7388, 4.6799,-0.2088,-0.0251,0
-0.1020, 0.0000, 1.0901, 3.1415, 0.2198,-2.8097, 4.6799,-0.2215,-0.0244,0
-0.0996, 0.0000, 1.0555, 3.1415, 0.2319,-3.3265, 4.6799,-0.1989,-0.0236,0
-0.0969, 0.0000, 1.0178, 3.1415, 0.2646,-3.6812, 4.6799,-0.1874,-0.0229,0
-0.0937, 0.0000, 0.9770, 3.1415, 0.3075,-4.0035, 4.6799,-0.1773,-0.0222,0
-0.0902, 0.0000, 0.9361, 3.1415, 0.3404,-4.0679, 4.6799,-0.1940,-0.0215,0
-0.0866, 0.0000, 0.8890, 3.1415, 0.3591,-4.5835, 4.6799,-0.1583,-0.0208,0
-0.0826, 0.0000, 0.8419, 3.1415, 0.3871,-4.6866, 4.6799,-0.1707,-0.0201,0
-0.0782, 0.0000, 0.7885, 3.1415, 0.4290,-5.2098, 4.6799,-0.1261,-0.0193,0
-0.0736, 0.0000, 0.7351, 3.1415, 0.4556,-5.3145, 4.6799,-0.1372,-0.0186,0
-0.0686, 0.0000, 0.6785, 3.1415, 0.4913,-5.5868, 4.6799,-0.1220,-0.0179,0
-0.0632, 0.0000, 0.6188, 3.1415, 0.5287,-5.8925, 4.6799,-0.0987,-0.0172,0
-0.0576, 0.0000, 0.5560, 3.1415, 0.5605,-6.2050, 4.6799,-0.0708,-0.0165,0
-0.0516, 0.0000, 0.4900, 3.1415, 0.5850,-6.5188,-2.4712,-0.0386,-0.0157,0
-0.0461, 0.0000, 0.4241, 3.1415, 0.5596,-6.5816, 2.3787,-0.0480,-0.0150,0
-0.0397, 0.0000, 0.3549, 3.1415, 0.6212,-6.8455,-4.6799,-0.0172,-0.0143,0
-0.0338, 0.0000, 0.2858, 3.1415, 0.5971,-6.8983,-3.7932,-0.0227,-0.0136,0
-0.0281, 0.0000, 0.2199, 3.1415, 0.5802,-6.6575, 4.6799,-0.0802,-0.0129,0
-0.0219, 0.0000, 0.1507, 3.1415, 0.6132,-6.8607, 3.8620,-0.0509,-0.0122,0
-0.0158, 0.0000, 0.0785, 3.1415, 0.6077,-7.1526,-4.6799, 0.0003,-0.0114,0
-0.0106, 0.0000, 0.0094, 3.1415, 0.5399,-6.9597, 4.6799,-0.0399,-0.0107,0
-0.0045, 0.0000,-0.0628, 3.1415, 0.5930,-7.1724,-4.6799, 0.0035,-0.0100,0
 0.0009, 0.0000,-0.1319, 3.1415, 0.5551,-6.9636, 3.3265,-0.0329,-0.0093,0
 0.0061, 0.0000,-0.1979, 3.1415, 0.5294,-6.6706, 4.6799,-0.0811,-0.0086,0
 0.0118, 0.0000,-0.2670, 3.1415, 0.5606,-6.8633, 0.7276,-0.0331,-0.0078,0
 0.0169, 0.0000,-0.3330, 3.1415, 0.5183,-6.6505, 4.6799,-0.0594,-0.0071,0
 0.0218, 0.0000,-0.3989, 3.1415, 0.4977,-6.6079, 4.6799,-0.0503,-0.0064,0
 0.0274, 0.0000,-0.4618, 3.1415, 0.5482,-6.3481, 4.6799,-0.0786,-0.0057,0
 0.0322, 0.0000,-0.5246, 3.1415, 0.4977,-6.2961, 4.6799,-0.0665,-0.0050,0
 0.0371, 0.0000,-0.5843, 3.1415, 0.4875,-6.0344, 4.6799,-0.0891,-0.0043,0
 0.0422, 0.0000,-0.6440, 3.1415, 0.5098,-5.9821, 4.6799,-0.0732,-0.0035,0
 0.0469, 0.0000,-0.7005, 3.1415, 0.4718,-5.7203, 4.6799,-0.0908,-0.0028,0
 0.0515, 0.0000,-0.7539, 3.1415, 0.4642,-5.4166, 4.6799,-0.1127,-0.0021,0
 0.0566, 0.0000,-0.8073, 3.1415, 0.5051,-5.3558, 4.6799,-0.0948,-0.0014,0
 0.0613, 0.0000,-0.8576, 3.1415, 0.4769,-5.0924, 4.6799,-0.1067,-0.0007,0
 0.0660, 0.0000,-0.9047, 3.1415, 0.4652,-4.7883, 4.6799,-0.1226, 0.0000,0
 0.0702, 0.0000,-0.9519, 3.1415, 0.4325,-4.7275, 4.6799,-0.1036, 0.0007,0
 0.0751, 0.0000,-0.9927, 3.1415, 0.4745,-4.2127, 4.6799,-0.1438, 0.0014,0
 0.0798, 0.0000,-1.0335, 3.1415, 0.4708,-4.1098, 4.0605,-0.1310, 0.0021,0
 0.0840, 0.0000,-1.0712, 3.1415, 0.4337,-3.8378, 3.4684,-0.1377, 0.0028,0
 0.0889, 0.0000,-1.1089, 3.1415, 0.4747,-3.7835,-0.2867,-0.1195, 0.0035,0
 0.0929, 0.0000,-1.1403, 3.1415, 0.4163,-3.2699, 1.3686,-0.1499, 0.0043,0
 0.0973, 0.0000,-1.1686, 3.1415, 0.4349,-2.9159,-0.5465,-0.1620, 0.0050,0
 0.1006, 0.0000,-1.1969, 3.1415, 0.3537,-2.8451,-2.3237,-0.1489, 0.0057,0
 0.1045, 0.0000,-1.2189, 3.1415, 0.3860,-2.3283,-2.7436,-0.1715, 0.0064,0
 0.1079, 0.0000,-1.2377, 3.1415, 0.3439,-1.9736,-3.9533,-0.1802, 0.0071,0
 0.1105, 0.0000,-1.2534, 3.1415, 0.2810,-1.6513,-4.6799,-0.1858, 0.0079,0
 0.1133, 0.0000,-1.2692, 3.1415, 0.2805,-1.5869,-4.6799,-0.1780, 0.0086,0
 0.1155, 0.0000,-1.2786, 3.1415, 0.2258,-1.0713,-4.6799,-0.1907, 0.0093,0
 0.1170, 0.0000,-1.2849, 3.1415, 0.1725,-0.7169,-4.6799,-0.1953, 0.0100,0
 0.1185, 0.0000,-1.2880, 3.1415, 0.1497,-0.3947,-4.6799,-0.1981, 0.0107,0
 0.1192, 0.0000,-1.2880, 3.1415, 0.0905,-0.0789,-4.6799,-0.2002, 0.0114,0
 0.1197, 0.0000,-1.2849, 3.1415, 0.0544, 0.2355,-4.6799,-0.2017, 0.0122,0
 0.1199, 0.0000,-1.2786, 3.1415, 0.0290, 0.5497,-4.6799,-0.2026, 0.0129,0
 0.1195, 0.0000,-1.2692, 3.1415,-0.0244, 0.8639,-4.6799,-0.2028, 0.0136,0
 0.1190, 0.0000,-1.2566, 3.1415,-0.0473, 1.1781,-4.6799,-0.2024, 0.0143,0
 0.1184, 0.0000,-1.2409, 3.1415,-0.0579, 1.4922,-4.6799,-0.2014, 0.0150,0
 0.1172, 0.0000,-1.2220, 3.1415,-0.1086, 1.8064,-4.6799,-0.1996, 0.0158,0
 0.1159, 0.0000,-1.2000, 3.1415,-0.1247, 2.1205,-4.6799,-0.1971, 0.0165,0
 0.1143, 0.0000,-1.1780, 3.1415,-0.1522, 2.1834,-4.6799,-0.2080, 0.0172,0
 0.1123, 0.0000,-1.1466, 3.1415,-0.1881, 2.9499,-4.6799,-0.1736, 0.0179,0
 0.1099, 0.0000,-1.1184, 3.1415,-0.2316, 2.8519,-4.6799,-0.2000, 0.0186,0
 0.1073, 0.0000,-1.0807, 3.1415,-0.2524, 3.5863,-4.6799,-0.1579, 0.0193,0
 0.1045, 0.0000,-1.0430, 3.1415,-0.2748, 3.7331,-4.6799,-0.1665, 0.0201,0
 0.1014, 0.0000,-1.0053, 3.1415,-0.3096, 3.7625,-4.6799,-0.1865, 0.0208,0
 0.0977, 0.0000,-0.9613, 3.1415,-0.3529, 4.2710,-4.6799,-0.1556, 0.0215,0
 0.0939, 0.0000,-0.9142, 3.1415,-0.3737, 4.6241,-4.6799,-0.1389, 0.0222,0
 0.0898, 0.0000,-0.8639, 3.1415,-0.4021, 4.9460,-4.6799,-0.1238, 0.0229,0
 0.0852, 0.0000,-0.8105, 3.1415,-0.4502, 5.2617,-4.6799,-0.1072, 0.0237,0
 0.0803, 0.0000,-0.7539, 3.1415,-0.4841, 5.5762,-4.6799,-0.0881, 0.0244,0
 0.0751, 0.0000,-0.6942, 3.1415,-0.5091, 5.8904,-4.6799,-0.0660, 0.0251,0
 0.0695, 0.0000,-0.6346, 3.1415,-0.5505, 5.9533,-4.6799,-0.0820, 0.0258,0
 0.0635, 0.0000,-0.5686, 3.1415,-0.5891, 6.4685,-1.8651,-0.0193, 0.0265,0
 0.0573, 0.0000,-0.5026, 3.1415,-0.6150, 6.5715,-4.6799,-0.0246, 0.0272,0
 0.0509, 0.0000,-0.4335, 3.1415,-0.6383, 6.8435, 1.7468, 0.0040, 0.0280,0
 0.0447, 0.0000,-0.3644, 3.1415,-0.6188, 6.8979,-2.7223,-0.0047, 0.0287,0
 0.0377, 0.0000,-0.2921, 3.1415,-0.6876, 7.1601, 4.6799, 0.0300, 0.0294,0
 0.0316, 0.0000,-0.2199, 3.1415,-0.6286, 7.2125, 4.6799, 0.0274, 0.0301,0
 0.0252, 0.0000,-0.1476, 3.1415,-0.6350, 7.2230, 2.7337, 0.0201, 0.0308,0
 0.0194, 0.0000,-0.0753, 3.1415,-0.5938, 7.2251, 0.2369, 0.0147, 0.0316,0
 0.0137, 0.0000,-0.0062, 3.1415,-0.5674, 6.9742,-4.6799,-0.0371, 0.0323,0
 0.0080, 0.0000, 0.0628, 3.1415,-0.5743, 6.9240,-4.6799,-0.0454, 0.0330,0
 0.0023, 0.0000, 0.1319, 3.1415,-0.5696, 6.9140,-4.6799,-0.0426, 0.0337,0
-0.0031, 0.0000, 0.2010, 3.1415,-0.5504, 6.9120,-4.6799,-0.0347, 0.0344,0
-0.0088, 0.0000, 0.2701, 3.1415,-0.5709, 6.9116,-4.6799,-0.0232, 0.0351,0
-0.0144, 0.0000, 0.3392, 3.1415,-0.5628, 6.9115,-4.6799,-0.0083, 0.0359,0
-0.0200, 0.0000, 0.4084, 3.1415,-0.5612, 6.9115,-2.1726, 0.0097, 0.0366,0
-0.0258, 0.0000, 0.4743, 3.1415,-0.5730, 6.6601,-4.6799,-0.0177, 0.0373,0
-0.0313, 0.0000, 0.5372, 3.1415,-0.5511, 6.3585,-4.6799,-0.0508, 0.0380,0
-0.0366, 0.0000, 0.6031, 3.1415,-0.5346, 6.5495,-0.5798, 0.0091, 0.0387,0
-0.0422, 0.0000, 0.6628, 3.1415,-0.5556, 6.0851,-4.6799,-0.0476, 0.0395,0
-0.0474, 0.0000, 0.7225, 3.1415,-0.5294, 5.9922,-4.6799,-0.0359, 0.0402,0
-0.0525, 0.0000, 0.7791, 3.1415,-0.5121, 5.7223,-4.6799,-0.0525, 0.0409,0
-0.0578, 0.0000, 0.8325, 3.1415,-0.5268, 5.4170,-4.6799,-0.0724, 0.0416,0
-0.0629, 0.0000, 0.8859, 3.1415,-0.5176, 5.3559,-4.6799,-0.0526, 0.0423,0
-0.0679, 0.0000, 0.9361, 3.1415,-0.5037, 5.0924,-4.6799,-0.0626, 0.0430,0
-0.0732, 0.0000, 0.9833, 3.1415,-0.5191, 4.7883,-4.6799,-0.0770, 0.0438,0
-0.0782, 0.0000, 1.0273, 3.1415,-0.5100, 4.4762,-4.6799,-0.0908, 0.0445,0
-0.0833, 0.0000, 1.0681, 3.1415,-0.5082, 4.1625,-4.6799,-0.1033, 0.0452,0
-0.0886, 0.0000, 1.1089, 3.1415,-0.5200, 4.0997,-0.9058,-0.0846, 0.0459,0
-0.0936, 0.0000, 1.1435, 3.1415,-0.5041, 3.5845,-2.0597,-0.1176, 0.0466,0
-0.0985, 0.0000, 1.1780, 3.1415,-0.4949, 3.4815, 1.2427,-0.1051, 0.0473,0
-0.1030, 0.0000, 1.2095, 3.1415,-0.4567, 3.2095, 2.0606,-0.1096, 0.0481,0
-0.1075, 0.0000, 1.2377, 3.1415,-0.4551, 2.9038, 3.3558,-0.1166, 0.0488,0
-0.1114, 0.0000, 1.2629, 3.1415,-0.4063, 2.5913, 4.2103,-0.1235, 0.0495,0
-0.1150, 0.0000, 1.2849, 3.1415,-0.3662, 2.2775, 4.6799,-0.1298, 0.0502,0
-0.1182, 0.0000, 1.3037, 3.1415,-0.3279, 1.9634, 4.6799,-0.1355, 0.0509,0
-0.1211, 0.0000, 1.3163, 3.1415,-0.2959, 1.3980, 4.6799,-0.1534, 0.0517,0
-0.1233, 0.0000, 1.3288, 3.1415,-0.2410, 1.2849, 4.6799,-0.1489, 0.0524,0
-0.1252, 0.0000, 1.3383, 3.1415,-0.1998, 1.0109, 4.6799,-0.1511, 0.0531,0
-0.1267, 0.0000, 1.3414, 3.1415,-0.1551, 0.4535, 4.6799,-0.1603, 0.0538,0
-0.1278, 0.0000, 1.3446, 3.1415,-0.1219, 0.3420, 4.6799,-0.1594, 0.0545,0
-0.1285, 0.0000, 1.3414, 3.1415,-0.0789,-0.1829, 4.6799,-0.1627, 0.0552,0
-0.1288, 0.0000, 1.3383, 3.1415,-0.0400,-0.2879, 4.6799,-0.1642, 0.0560,0
-0.1288, 0.0000, 1.3288, 3.1415,-0.0080,-0.8115, 4.6799,-0.1627, 0.0567,0
-0.1285, 0.0000, 1.3194, 3.1415, 0.0226,-0.9162, 4.6799,-0.1668, 0.0574,0
-0.1278, 0.0000, 1.3037, 3.1415, 0.0591,-1.4398, 4.6799,-0.1604, 0.0581,0
-0.1268, 0.0000, 1.2880, 3.1415, 0.0906,-1.5446, 4.6799,-0.1669, 0.0588,0
-0.1257, 0.0000, 1.2660, 3.1415, 0.1090,-2.0682, 4.6799,-0.1555, 0.0596,0
-0.1244, 0.0000, 1.2440, 3.1415, 0.1248,-2.1729, 4.6799,-0.1643, 0.0603,0
-0.1228, 0.0000, 1.2157, 3.1415, 0.1523,-2.6965, 4.6799,-0.1478, 0.0610,0
-0.1210, 0.0000, 1.1875, 3.1415, 0.1759,-2.8012, 4.6799,-0.1586, 0.0617,0
-0.1189, 0.0000, 1.1529, 3.1415, 0.1989,-3.3248, 4.6799,-0.1366, 0.0624,0
-0.1166, 0.0000, 1.1184, 3.1415, 0.2277,-3.4295, 4.6799,-0.1492, 0.0631,0
-0.1139, 0.0000, 1.0775, 3.1415, 0.2638,-3.9531, 4.6799,-0.1212, 0.0639,0
-0.1109, 0.0000, 1.0367, 3.1415, 0.2892,-4.0578, 4.6799,-0.1350, 0.0646,0
-0.1077, 0.0000, 0.9927, 3.1415, 0.3185,-4.3301, 4.6799,-0.1298, 0.0653,0
-0.1040, 0.0000, 0.9424, 3.1415, 0.3547,-4.8872, 4.6799,-0.0876, 0.0660,0
-0.1001, 0.0000, 0.8922, 3.1415, 0.3801,-4.9986, 4.6799,-0.1009, 0.0667,0
-0.0958, 0.0000, 0.8388, 3.1415, 0.4216,-5.2723, 4.6799,-0.0907, 0.0675,0
-0.0912, 0.0000, 0.7791, 3.1415, 0.4541,-5.8296, 4.6799,-0.0351, 0.0682,0
-0.0861, 0.0000, 0.7194, 3.1415, 0.4970,-5.9411, 4.6799,-0.0459, 0.0689,0
-0.0808, 0.0000, 0.6565, 3.1415, 0.5238,-6.2147, 4.6799,-0.0280, 0.0696,0
-0.0751, 0.0000, 0.5906, 3.1415, 0.5595,-6.5208, 4.6799,-0.0011, 0.0703,0
-0.0691, 0.0000, 0.5215, 3.1415, 0.5969,-6.8333, 2.6598, 0.0310, 0.0710,0
-0.0628, 0.0000, 0.4523, 3.1415, 0.6226,-6.8958, 4.6799, 0.0198, 0.0718,0
-0.0563, 0.0000, 0.3769, 3.1415, 0.6459,-7.4110,-4.6799, 0.1012, 0.0725,0
-0.0502, 0.0000, 0.3047, 3.1415, 0.6142,-7.2627, 1.3574, 0.0534, 0.0732,0
-0.0432, 0.0000, 0.2293, 3.1415, 0.6867,-7.4844,-4.6799, 0.0849, 0.0739,0
-0.0369, 0.0000, 0.1539, 3.1415, 0.6406,-7.5287,-4.6799, 0.0839, 0.0746,0
-0.0308, 0.0000, 0.0785, 3.1415, 0.6131,-7.5376,-4.6799, 0.0795, 0.0754,0
-0.0248, 0.0000, 0.0062, 3.1415, 0.6016,-7.2880, 4.6799, 0.0255, 0.0761,0
-0.0189, 0.0000,-0.0659, 3.1415, 0.5932,-7.2381, 4.6799, 0.0169, 0.0768,0
-0.0130, 0.0000,-0.1382, 3.1415, 0.5915,-7.2281, 4.6799, 0.0202, 0.0775,0
-0.0073, 0.0000,-0.2136, 3.1415, 0.5730,-7.4774,-4.6799, 0.0810, 0.0782,0
-0.0023, 0.0000,-0.2858, 3.1415, 0.5147,-7.2760, 4.6799, 0.0522, 0.0789,0
 0.0037, 0.0000,-0.3549, 3.1415, 0.5880,-6.9844, 4.6799, 0.0096, 0.0797,0
 0.0090, 0.0000,-0.4241, 3.1415, 0.5481,-6.9260, 4.6799, 0.0171, 0.0804,0
 0.0144, 0.0000,-0.4900, 3.1415, 0.5340,-6.6630, 4.6799,-0.0120, 0.0811,0
 0.0196, 0.0000,-0.5592, 3.1415, 0.5251,-6.8618, 2.6547, 0.0504, 0.0818,0
 0.0248, 0.0000,-0.6220, 3.1415, 0.5234,-6.3989, 4.6799,-0.0103, 0.0825,0
 0.0299, 0.0000,-0.6848, 3.1415, 0.5109,-6.3063, 4.6799, 0.0006, 0.0833,0
 0.0350, 0.0000,-0.7445, 3.1415, 0.5144,-6.0364, 4.6799,-0.0179, 0.0840,0
 0.0400, 0.0000,-0.8011, 3.1415, 0.4970,-5.7311, 4.6799,-0.0398, 0.0847,0
 0.0448, 0.0000,-0.8576, 3.1415, 0.4874,-5.6701, 4.6799,-0.0196, 0.0854,0
 0.0498, 0.0000,-0.9110, 3.1415, 0.4976,-5.4065, 4.6799,-0.0308, 0.0861,0
 0.0546, 0.0000,-0.9613, 3.1415, 0.4815,-5.1025, 4.6799,-0.0465, 0.0868,0
 0.0593, 0.0000,-1.0115, 3.1415, 0.4722,-5.0417, 4.6799,-0.0250, 0.0876,0
 0.0641, 0.0000,-1.0555, 3.1415, 0.4825,-4.5269, 4.6799,-0.0669, 0.0883,0
 0.0689, 0.0000,-1.0995, 3.1415, 0.4784,-4.4239, 4.6799,-0.0520, 0.0890,0
 0.0737, 0.0000,-1.1403, 3.1415, 0.4776,-4.1520, 3.7665,-0.0582, 0.0897,0
 0.0785, 0.0000,-1.1780, 3.1415, 0.4835,-3.8463, 2.2680,-0.0676, 0.0904,0
 0.0832, 0.0000,-1.2126, 3.1415, 0.4726,-3.5338, 0.7703,-0.0768, 0.0912,0
 0.0879, 0.0000,-1.2440, 3.1415, 0.4704,-3.2200,-0.8622,-0.0853, 0.0919,0
 0.0920, 0.0000,-1.2754, 3.1415, 0.4215,-3.1572,-2.8596,-0.0694, 0.0926,0
 0.0961, 0.0000,-1.3006, 3.1415, 0.4117,-2.6420,-3.1010,-0.0939, 0.0933,0
 0.1001, 0.0000,-1.3226, 3.1415, 0.3976,-2.2877,-4.5759,-0.1031, 0.0940,0
 0.1036, 0.0000,-1.3414, 3.1415, 0.3584,-1.9655,-4.6799,-0.1091, 0.0947,0
 0.1067, 0.0000,-1.3571, 3.1415, 0.3263,-1.6497,-4.6799,-0.1141, 0.0955,0
 0.1095, 0.0000,-1.3728, 3.1415, 0.2835,-1.5865,-4.6799,-0.1059, 0.0962,0
 0.1117, 0.0000,-1.3823, 3.1415, 0.2386,-1.0713,-4.6799,-0.1184, 0.0969,0
 0.1137, 0.0000,-1.3885, 3.1415, 0.2053,-0.7169,-4.6799,-0.1229, 0.0976,0
 0.1154, 0.0000,-1.3917, 3.1415, 0.1744,-0.3947,-4.6799,-0.1257, 0.0983,0
 0.1164, 0.0000,-1.3917, 3.1415, 0.1197,-0.0789,-4.6799,-0.1278, 0.0991,0
 0.1171, 0.0000,-1.3885, 3.1415, 0.0785, 0.2355,-4.6799,-0.1293, 0.0998,0
 0.1175, 0.0000,-1.3823, 3.1415, 0.0460, 0.5497,-4.6799,-0.1303, 0.1005,0
 0.1175, 0.0000,-1.3728, 3.1415, 0.0092, 0.8639,-4.6799,-0.1307, 0.1012,0
 0.1171, 0.0000,-1.3603, 3.1415,-0.0284, 1.1781,-4.6799,-0.1306, 0.1019,0
 0.1164, 0.0000,-1.3446, 3.1415,-0.0602, 1.4922,-4.6799,-0.1298, 0.1026,0
 0.1154, 0.0000,-1.3257, 3.1415,-0.0969, 1.8064,-4.6799,-0.1285, 0.1034,0
 0.1141, 0.0000,-1.3037, 3.1415,-0.1224, 2.1205,-4.6799,-0.1265, 0.1041,0
 0.1126, 0.0000,-1.2786, 3.1415,-0.1457, 2.4347,-4.6799,-0.1238, 0.1048,0
 0.1106, 0.0000,-1.2503, 3.1415,-0.1867, 2.7488,-4.6799,-0.1203, 0.1055,0
 0.1083, 0.0000,-1.2189, 3.1415,-0.2192, 3.0630,-4.6799,-0.1161, 0.1062,0
 0.1058, 0.0000,-1.1843, 3.1415,-0.2439, 3.3772,-4.6799,-0.1109, 0.1070,0
 0.1030, 0.0000,-1.1466, 3.1415,-0.2731, 3.6913,-4.6799,-0.1047, 0.1077,0
 0.0999, 0.0000,-1.1058, 3.1415,-0.3032, 4.0055,-4.6799,-0.0973, 0.1084,0
 0.0964, 0.0000,-1.0618, 3.1415,-0.3395, 4.3196,-4.6799,-0.0886, 0.1091,0
 0.0928, 0.0000,-1.0147, 3.1415,-0.3589, 4.6338,-4.6799,-0.0784, 0.1098,0
 0.0887, 0.0000,-0.9644, 3.1415,-0.3992, 4.9480,-4.6799,-0.0664, 0.1105,0
 0.0842, 0.0000,-0.9110, 3.1415,-0.4436, 5.2621,-4.6799,-0.0524, 0.1113,0
 0.0793, 0.0000,-0.8545, 3.1415,-0.4767, 5.5763,-4.6799,-0.0361, 0.1120,0
 0.0742, 0.0000,-0.7948, 3.1415,-0.5076, 5.8904,-4.6799,-0.0171, 0.1127,0
 0.0685, 0.0000,-0.7319, 3.1415,-0.5502, 6.2046,-4.6799, 0.0048, 0.1134,0
 0.0626, 0.0000,-0.6660, 3.1415,-0.5829, 6.5188,-4.6799, 0.0303, 0.1141,0
 0.0563, 0.0000,-0.6000, 3.1415,-0.6198, 6.5816,-4.6799, 0.0138, 0.1148,0
 0.0497, 0.0000,-0.5277, 3.1415,-0.6514, 7.0968, 2.6308, 0.0847, 0.1156,0
 0.0436, 0.0000,-0.4555, 3.1415,-0.6214, 7.1999,-1.7577, 0.0808, 0.1163,0
 0.0363, 0.0000,-0.3801, 3.1415,-0.7063, 7.4718, 4.6799, 0.1147, 0.1170,0
 0.0300, 0.0000,-0.3047, 3.1415,-0.6505, 7.5262, 4.6421, 0.1080, 0.1177,0
 0.0233, 0.0000,-0.2293, 3.1415,-0.6636, 7.5371, 0.1277, 0.0960, 0.1184,0
 0.0170, 0.0000,-0.1570, 3.1415,-0.6359, 7.2879,-4.6799, 0.0343, 0.1192,0
 0.0104, 0.0000,-0.0816, 3.1415,-0.6547, 7.4894,-4.6799, 0.0695, 0.1199,0
 0.0039, 0.0000,-0.0062, 3.1415,-0.6523, 7.5297,-4.6799, 0.0756, 0.1206,0
-0.0025, 0.0000, 0.0691, 3.1415,-0.6458, 7.5378,-4.6799, 0.0790, 0.1213,0
-0.0089, 0.0000, 0.1476, 3.1415,-0.6445, 7.7907, 4.6799, 0.1394, 0.1220,0
-0.0146, 0.0000, 0.2230, 3.1415,-0.5836, 7.5900,-0.9590, 0.1062, 0.1227,0
-0.0211, 0.0000, 0.2953, 3.1415,-0.6381, 7.2985,-4.6799, 0.0587, 0.1235,0
-0.0272, 0.0000, 0.3675, 3.1415,-0.6127, 7.2402,-4.6799, 0.0637, 0.1242,0
-0.0333, 0.0000, 0.4398, 3.1415,-0.6136, 7.2285,-4.6799, 0.0817, 0.1249,0
-0.0392, 0.0000, 0.5120, 3.1415,-0.5956, 7.2262, 0.3217, 0.1050, 0.1256,0
-0.0441, 0.0000, 0.5780, 3.1415,-0.5132, 6.7231,-4.6799, 0.0313, 0.1263,0
-0.0500, 0.0000, 0.6440, 3.1415,-0.5755, 6.6225,-4.6799, 0.0397, 0.1271,0
-0.0551, 0.0000, 0.7068, 3.1415,-0.5153, 6.3510,-4.6799, 0.0186, 0.1278,0
-0.0602, 0.0000, 0.7665, 3.1415,-0.5153, 6.0454,-4.6799,-0.0055, 0.1285,0
-0.0655, 0.0000, 0.8262, 3.1415,-0.5275, 5.9843,-4.6799, 0.0147, 0.1292,0
-0.0705, 0.0000, 0.8827, 3.1415,-0.5056, 5.7207,-4.6799, 0.0021, 0.1299,0
-0.0755, 0.0000, 0.9361, 3.1415,-0.5013, 5.4167,-4.6799,-0.0149, 0.1306,0
-0.0804, 0.0000, 0.9896, 3.1415,-0.4943, 5.3559,-4.6799, 0.0073, 0.1314,0
-0.0853, 0.0000, 1.0367, 3.1415,-0.4869, 4.8410,-4.6799,-0.0374, 0.1321,0
-0.0902, 0.0000, 1.0838, 3.1415,-0.4915, 4.7381,-4.6799,-0.0217, 0.1328,0
-0.0951, 0.0000, 1.1278, 3.1415,-0.4924, 4.4662,-4.6799,-0.0285, 0.1335,0
-0.0999, 0.0000, 1.1686, 3.1415,-0.4804, 4.1605,-3.1644,-0.0387, 0.1342,0
-0.1048, 0.0000, 1.2063, 3.1415,-0.4902, 3.8480,-1.2037,-0.0486, 0.1350,0
-0.1096, 0.0000, 1.2409, 3.1415,-0.4800, 3.5342, 0.5994,-0.0577, 0.1357,0
-0.1139, 0.0000, 1.2754, 3.1415,-0.4416, 3.4714, 3.0886,-0.0402, 0.1364,0
-0.1180, 0.0000, 1.3037, 3.1415,-0.4157, 2.9562, 3.3113,-0.0671, 0.1371,0
-0.1219, 0.0000, 1.3288, 3.1415,-0.3923, 2.6018, 4.6799,-0.0772, 0.1378,0
-0.1252, 0.0000, 1.3508, 3.1415,-0.3452, 2.2796, 4.6799,-0.0838, 0.1385,0
-0.1282, 0.0000, 1.3697, 3.1415,-0.3055, 1.9639, 4.6799,-0.0894, 0.1393,0
-0.1307, 0.0000, 1.3885, 3.1415,-0.2611, 1.9007, 4.6799,-0.0795, 0.1400,0
-0.1329, 0.0000, 1.4011, 3.1415,-0.2280, 1.3854, 4.6799,-0.0943, 0.1407,0
-0.1346, 0.0000, 1.4105, 3.1415,-0.1790, 1.0310, 4.6799,-0.0996, 0.1414,0
-0.1358, 0.0000, 1.4168, 3.1415,-0.1388, 0.7088, 4.6799,-0.1030, 0.1421,0
-0.1366, 0.0000, 1.4199, 3.1415,-0.0884, 0.3930, 4.6799,-0.1057, 0.1429,0
-0.1369, 0.0000, 1.4199, 3.1415,-0.0419, 0.0786, 4.6799,-0.1077, 0.1436,0
-0.1370, 0.0000, 1.4168, 3.1415,-0.0144,-0.2355, 4.6799,-0.1093, 0.1443,0
-0.1367, 0.0000, 1.4105, 3.1415, 0.0213,-0.5497, 4.6799,-0.1103, 0.1450,0
-0.1361, 0.0000, 1.4011, 3.1415, 0.0467,-0.8639, 4.6799,-0.1107, 0.1457,0
-0.1352, 0.0000, 1.3885, 3.1415, 0.0881,-1.1780, 4.6799,-0.1106, 0.1464,0
-0.1340, 0.0000, 1.3728, 3.1415, 0.1085,-1.4922, 4.6799,-0.1100, 0.1472,0
-0.1326, 0.0000, 1.3540, 3.1415, 0.1369,-1.8064, 4.6799,-0.1087, 0.1479,0
-0.1309, 0.0000, 1.3320, 3.1415, 0.1607,-2.1205, 4.6799,-0.1068, 0.1486,0
-0.1290, 0.0000, 1.3069, 3.1415, 0.1837,-2.4347, 4.6799,-0.1043, 0.1493,0
-0.1269, 0.0000, 1.2786, 3.1415, 0.2065,-2.7488, 4.6799,-0.1010, 0.1500,0
-0.1246, 0.0000, 1.2472, 3.1415, 0.2292,-3.0630, 4.6799,-0.0969, 0.1508,0
-0.1218, 0.0000, 1.2126, 3.1415, 0.2641,-3.3772, 4.6799,-0.0920, 0.1515,0
-0.1189, 0.0000, 1.1749, 3.1415, 0.2832,-3.6913, 4.6799,-0.0861, 0.1522,0
-0.1157, 0.0000, 1.1372, 3.1415, 0.3173,-3.7542, 4.6799,-0.1043, 0.1529,0
-0.1122, 0.0000, 1.0932, 3.1415, 0.3423,-4.2694, 4.6799,-0.0748, 0.1536,0
-0.1084, 0.0000, 1.0461, 3.1415, 0.3716,-4.6237, 4.6799,-0.0603, 0.1543,0
-0.1043, 0.0000, 0.9958, 3.1415, 0.4017,-4.9460, 4.6799,-0.0479, 0.1551,0
-0.0998, 0.0000, 0.9424, 3.1415, 0.4380,-5.2617, 4.6799,-0.0344, 0.1558,0
-0.0950, 0.0000, 0.8859, 3.1415, 0.4756,-5.5762, 4.6799,-0.0189, 0.1565,0
-0.0898, 0.0000, 0.8262, 3.1415, 0.5135,-5.8904, 4.6799,-0.0008, 0.1572,0
-0.0842, 0.0000, 0.7665, 3.1415, 0.5453,-5.9533, 4.6799,-0.0210, 0.1579,0
-0.0784, 0.0000, 0.7005, 3.1415, 0.5759,-6.4685, 4.6799, 0.0368, 0.1587,0
-0.0722, 0.0000, 0.6314, 3.1415, 0.6123,-6.8229, 4.6799, 0.0721, 0.1594,0
-0.0657, 0.0000, 0.5623, 3.1415, 0.6439,-6.8937, 4.6799, 0.0578, 0.1601,0
-0.0588, 0.0000, 0.4900, 3.1415, 0.6744,-7.1592, 4.6799, 0.0840, 0.1608,0
-0.0516, 0.0000, 0.4146, 3.1415, 0.7169,-7.4637, 1.5628, 0.1226, 0.1615,0
-0.0441, 0.0000, 0.3361, 3.1415, 0.7436,-7.7759,-4.6799, 0.1686, 0.1622,0
-0.0371, 0.0000, 0.2576, 3.1415, 0.7065,-7.8383,-4.6799, 0.1657, 0.1630,0
-0.0298, 0.0000, 0.1790, 3.1415, 0.7233,-7.8508,-4.5633, 0.1562, 0.1637,0
-0.0229, 0.0000, 0.1036, 3.1415, 0.6964,-7.6020, 4.6799, 0.0948, 0.1644,0
-0.0156, 0.0000, 0.0251, 3.1415, 0.7213,-7.8035, 1.9848, 0.1346, 0.1651,0
-0.0087, 0.0000,-0.0534, 3.1415, 0.6960,-7.8439, 0.2430, 0.1443, 0.1658,0
-0.0019, 0.0000,-0.1319, 3.1415, 0.6849,-7.8519,-1.1620, 0.1512, 0.1666,0
 0.0043, 0.0000,-0.2073, 3.1415, 0.6463,-7.6022, 4.6799, 0.1064, 0.1673,0
 0.0110, 0.0000,-0.2827, 3.1415, 0.6628,-7.5523, 4.6799, 0.1089, 0.1680,0
 0.0177, 0.0000,-0.3581, 3.1415, 0.6661,-7.5423, 4.6799, 0.1238, 0.1687,0
 0.0240, 0.0000,-0.4303, 3.1415, 0.6364,-7.2889, 4.6799, 0.0912, 0.1694,0
 0.0302, 0.0000,-0.5026, 3.1415, 0.6244,-7.2383, 4.6799, 0.1042, 0.1701,0
 0.0364, 0.0000,-0.5717, 3.1415, 0.6220,-6.9768, 4.6799, 0.0775, 0.1709,0
 0.0427, 0.0000,-0.6408, 3.1415, 0.6276,-6.9245, 4.6799, 0.0956, 0.1716,0
 0.0488, 0.0000,-0.7068, 3.1415, 0.6166,-6.6627, 4.6799, 0.0754, 0.1723,0
 0.0549, 0.0000,-0.7696, 3.1415, 0.6084,-6.3591, 4.6799, 0.0504, 0.1730,0
 0.0606, 0.0000,-0.8325, 3.1415, 0.5764,-6.2983, 4.6799, 0.0720, 0.1737,0
 0.0664, 0.0000,-0.8922, 3.1415, 0.5821,-6.0349, 4.6799, 0.0591, 0.1745,0
 0.0721, 0.0000,-0.9487, 3.1415, 0.5711,-5.7308, 4.6799, 0.0413, 0.1752,0
 0.0777, 0.0000,-1.0021, 3.1415, 0.5629,-5.4187, 4.6799, 0.0244, 0.1759,0
 0.0832, 0.0000,-1.0555, 3.1415, 0.5552,-5.3563, 4.6799, 0.0478, 0.1766,0
 0.0889, 0.0000,-1.1026, 3.1415, 0.5597,-4.8411, 4.6799, 0.0041, 0.1773,0
 0.0943, 0.0000,-1.1498, 3.1415, 0.5485,-4.7381, 3.7854, 0.0208, 0.1780,0
 0.0998, 0.0000,-1.1938, 3.1415, 0.5523,-4.4662, 1.9761, 0.0149, 0.1788,0
 0.1052, 0.0000,-1.2346, 3.1415, 0.5409,-4.1605, 0.2682, 0.0054, 0.1795,0
 0.1108, 0.0000,-1.2723, 3.1415, 0.5508,-3.8480,-1.7890,-0.0038, 0.1802,0
 0.1156, 0.0000,-1.3069, 3.1415, 0.4982,-3.5342,-3.1659,-0.0124, 0.1809,0
 0.1203, 0.0000,-1.3383, 3.1415, 0.4755,-3.2201,-4.6799,-0.0202, 0.1816,0
 0.1247, 0.0000,-1.3665, 3.1415, 0.4467,-2.9059,-4.6799,-0.0273, 0.1824,0
 0.1288, 0.0000,-1.3917, 3.1415, 0.4167,-2.5918,-4.6799,-0.0338, 0.1831,0
 0.1324, 0.0000,-1.4137, 3.1415, 0.3743,-2.2776,-4.6799,-0.0397, 0.1838,0
 0.1357, 0.0000,-1.4325, 3.1415, 0.3356,-1.9634,-4.6799,-0.0449, 0.1845,0
 0.1385, 0.0000,-1.4451, 3.1415, 0.2914,-1.3980,-4.6799,-0.0626, 0.1852,0
 0.1408, 0.0000,-1.4576, 3.1415, 0.2401,-1.2849,-4.6799,-0.0579, 0.1859,0
 0.1429, 0.0000,-1.4671, 3.1415, 0.2178,-1.0109,-4.6799,-0.0600, 0.1867,0
 0.1446, 0.0000,-1.4734, 3.1415, 0.1769,-0.7048,-4.6799,-0.0628, 0.1874,0
 0.1458, 0.0000,-1.4765, 3.1415, 0.1384,-0.3922,-4.6799,-0.0654, 0.1881,0
 0.1469, 0.0000,-1.4765, 3.1415, 0.1125,-0.0784,-4.6799,-0.0674, 0.1888,0
 0.1477, 0.0000,-1.4734, 3.1415, 0.0892, 0.2356,-4.6799,-0.0690, 0.1895,0
 0.1480, 0.0000,-1.4671, 3.1415, 0.0360, 0.5497,-4.6799,-0.0700, 0.1902,0
 0.1480, 0.0000,-1.4576, 3.1415, 0.0072, 0.8639,-4.6799,-0.0705, 0.1910,0
 0.1478, 0.0000,-1.4451, 3.1415,-0.0106, 1.1780,-4.6799,-0.0705, 0.1917,0
 0.1473, 0.0000,-1.4294, 3.1415,-0.0445, 1.4922,-4.6799,-0.0700, 0.1924,0
 0.1465, 0.0000,-1.4105, 3.1415,-0.0756, 1.8064,-4.6799,-0.0688, 0.1931,0
 0.1455, 0.0000,-1.3885, 3.1415,-0.0939, 2.1205,-4.6799,-0.0671, 0.1938,0
 0.1443, 0.0000,-1.3634, 3.1415,-0.1158, 2.4347,-4.6799,-0.0648, 0.1946,0
 0.1427, 0.0000,-1.3351, 3.1415,-0.1444, 2.7488,-4.6799,-0.0618, 0.1953,0
 0.1409, 0.0000,-1.3037, 3.1415,-0.1744, 3.0630,-4.6799,-0.0581, 0.1960,0
 0.1389, 0.0000,-1.2692, 3.1415,-0.1985, 3.3772,-4.6799,-0.0536, 0.1967,0
 0.1366, 0.0000,-1.2315, 3.1415,-0.2216, 3.6913,-4.6799,-0.0482, 0.1974,0
 0.1340, 0.0000,-1.1906, 3.1415,-0.2504, 4.0055,-4.6799,-0.0418, 0.1981,0
 0.1311, 0.0000,-1.1466, 3.1415,-0.2865, 4.3196,-4.6799,-0.0342, 0.1989,0
 0.1279, 0.0000,-1.0995, 3.1415,-0.3119, 4.6338,-4.6799,-0.0253, 0.1996,0
 0.1243, 0.0000,-1.0492, 3.1415,-0.3473, 4.9480,-4.6799,-0.0149, 0.2003,0
 0.1204, 0.0000,-0.9958, 3.1415,-0.3847, 5.2621,-4.6799,-0.0028, 0.2010,0
 0.1161, 0.0000,-0.9393, 3.1415,-0.4225, 5.5763,-4.6799, 0.0114, 0.2017,0
 0.1114, 0.0000,-0.8796, 3.1415,-0.4604, 5.8904,-4.6799, 0.0280, 0.2025,0
 0.1063, 0.0000,-0.8168, 3.1415,-0.4983, 6.2046,-4.6799, 0.0473, 0.2032,0
 0.1009, 0.0000,-0.7539, 3.1415,-0.5301, 6.2674,-4.6799, 0.0264, 0.2039,0
 0.0951, 0.0000,-0.6848, 3.1415,-0.5668, 6.7826,-4.6799, 0.0879, 0.2046,0
 0.0889, 0.0000,-0.6126, 3.1415,-0.6105, 7.1370,-4.6799, 0.1256, 0.2053,0
 0.0823, 0.0000,-0.5372, 3.1415,-0.6496, 7.4592,-4.1019, 0.1620, 0.2060,0
 0.0754, 0.0000,-0.4618, 3.1415,-0.6877, 7.5237,-4.6799, 0.1496, 0.2068,0
 0.0680, 0.0000,-0.3832, 3.1415,-0.7256, 7.7879, 0.5815, 0.1831, 0.2075,0
 0.0613, 0.0000,-0.3015, 3.1415,-0.6787, 8.0920, 4.6799, 0.2310, 0.2082,0
 0.0543, 0.0000,-0.2199, 3.1415,-0.6996, 8.1529, 4.6799, 0.2297, 0.2089,0
 0.0473, 0.0000,-0.1413, 3.1415,-0.6977, 7.9137,-4.6799, 0.1658, 0.2096,0
 0.0397, 0.0000,-0.0596, 3.1415,-0.7458, 8.1172, 4.6799, 0.2056, 0.2104,0
 0.0338, 0.0000, 0.0219, 3.1415,-0.6281, 8.1579, 4.6799, 0.2138, 0.2111,0
 0.0277, 0.0000, 0.0973, 3.1415,-0.6107, 7.6634,-4.6799, 0.1075, 0.2118,0
 0.0216, 0.0000, 0.1759, 3.1415,-0.6132, 7.8158,-4.6799, 0.1482, 0.2125,0
 0.0153, 0.0000, 0.2544, 3.1415,-0.6259, 7.8463,-4.6799, 0.1669, 0.2132,0
 0.0090, 0.0000, 0.3298, 3.1415,-0.6223, 7.6011,-4.6799, 0.1295, 0.2139,0
 0.0033, 0.0000, 0.4052, 3.1415,-0.5852, 7.5520,-4.6799, 0.1385, 0.2147,0
-0.0026, 0.0000, 0.4775, 3.1415,-0.5960, 7.2909,-4.6799, 0.1064, 0.2154,0
-0.0084, 0.0000, 0.5529, 3.1415,-0.5860, 7.4900,-4.6799, 0.1743, 0.2161,0
-0.0142, 0.0000, 0.6220, 3.1415,-0.5780, 7.0272,-4.6799, 0.1077, 0.2168,0
-0.0199, 0.0000, 0.6911, 3.1415,-0.5703, 6.9346,-4.6799, 0.1199, 0.2175,0
-0.0253, 0.0000, 0.7571, 3.1415,-0.5506, 6.6648,-4.6799, 0.0999, 0.2183,0
-0.0307, 0.0000, 0.8199, 3.1415,-0.5406, 6.3595,-4.6799, 0.0762, 0.2190,0
-0.0362, 0.0000, 0.8827, 3.1415,-0.5446, 6.2984,-4.6799, 0.0993, 0.2197,0
-0.0415, 0.0000, 0.9424, 3.1415,-0.5333, 6.0349,-4.6799, 0.0877, 0.2204,0
-0.0466, 0.0000, 0.9990, 3.1415,-0.5129, 5.7308,-4.6799, 0.0712, 0.2211,0
-0.0519, 0.0000, 1.0524, 3.1415,-0.5270, 5.4187,-4.6799, 0.0552, 0.2218,0
-0.0570, 0.0000, 1.1026, 3.1415,-0.5177, 5.1049,-4.6799, 0.0408, 0.2226,0
-0.0621, 0.0000, 1.1529, 3.1415,-0.5097, 5.0422,-4.6799, 0.0645, 0.2233,0
-0.0672, 0.0000, 1.1969, 3.1415,-0.5082, 4.5270,-4.6799, 0.0246, 0.2240,0
-0.0723, 0.0000, 1.2409, 3.1415,-0.5078, 4.4239,-3.5729, 0.0414, 0.2247,0
-0.0774, 0.0000, 1.2817, 3.1415,-0.5138, 4.1520,-1.5068, 0.0366, 0.2254,0
-0.0826, 0.0000, 1.3194, 3.1415,-0.5150, 3.8463, 0.5014, 0.0285, 0.2262,0
-0.0872, 0.0000, 1.3540, 3.1415,-0.4728, 3.5338, 2.0324, 0.0203, 0.2269,0
-0.0917, 0.0000, 1.3854, 3.1415,-0.4583, 3.2200, 3.7382, 0.0128, 0.2276,0
-0.0958, 0.0000, 1.4105, 3.1415,-0.4130, 2.6546, 4.6308,-0.0159, 0.2283,0
-0.0998, 0.0000, 1.4357, 3.1415,-0.4039, 2.5415, 4.6799,-0.0062, 0.2290,0
-0.1030, 0.0000, 1.4576, 3.1415,-0.3415, 2.2676, 4.6799,-0.0090, 0.2297,0
-0.1061, 0.0000, 1.4765, 3.1415,-0.3169, 1.9614, 4.6799,-0.0137, 0.2305,0
-0.1086, 0.0000, 1.4922, 3.1415,-0.2574, 1.6489, 4.6799,-0.0182, 0.2312,0
-0.1107, 0.0000, 1.5048, 3.1415,-0.2212, 1.3351, 4.6799,-0.0223, 0.2319,0
-0.1124, 0.0000, 1.5142, 3.1415,-0.1837, 1.0209, 4.6799,-0.0259, 0.2326,0
-0.1137, 0.0000, 1.5205, 3.1415,-0.1398, 0.7068, 4.6799,-0.0290, 0.2333,0
-0.1148, 0.0000, 1.5236, 3.1415,-0.1128, 0.3927, 4.6799,-0.0316, 0.2341,0
-0.1152, 0.0000, 1.5236, 3.1415,-0.0528, 0.0785, 4.6799,-0.0337, 0.2348,0
-0.1152, 0.0000, 1.5205, 3.1415,-0.0166,-0.2356, 4.6799,-0.0353, 0.2355,0
-0.1149, 0.0000, 1.5142, 3.1415, 0.0269,-0.5497, 4.6799,-0.0363, 0.2362,0
-0.1142, 0.0000, 1.5048, 3.1415, 0.0539,-0.8639, 4.6799,-0.0368, 0.2369,0
-0.1135, 0.0000, 1.4922, 3.1415, 0.0714,-1.1781, 4.6799,-0.0369, 0.2376,0
-0.1123, 0.0000, 1.4765, 3.1415, 0.1112,-1.4922, 4.6799,-0.0364, 0.2384,0
-0.1108, 0.0000, 1.4576, 3.1415, 0.1374,-1.8064, 4.6799,-0.0353, 0.2391,0
-0.1092, 0.0000, 1.4357, 3.1415, 0.1548,-2.1205, 4.6799,-0.0337, 0.2398,0
-0.1074, 0.0000, 1.4105, 3.1415, 0.1764,-2.4347, 4.6799,-0.0315, 0.2405,0
-0.1054, 0.0000, 1.3823, 3.1415, 0.1990,-2.7488, 4.6799,-0.0287, 0.2412,0
-0.1031, 0.0000, 1.3508, 3.1415, 0.2217,-3.0630, 4.6799,-0.0252, 0.2420,0
-0.1006, 0.0000, 1.3163, 3.1415, 0.2444,-3.3772, 4.6799,-0.0210, 0.2427,0
-0.0978, 0.0000, 1.2817, 3.1415, 0.2732,-3.4400, 4.6799,-0.0389, 0.2434,0
-0.0947, 0.0000, 1.2409, 3.1415, 0.3032,-3.9552, 4.6799,-0.0135, 0.2441,0
-0.0913, 0.0000, 1.1969, 3.1415, 0.3335,-4.3096, 4.6799,-0.0022, 0.2448,0
-0.0876, 0.0000, 1.1498, 3.1415, 0.3638,-4.6318, 4.6799, 0.0069, 0.2455,0
-0.0835, 0.0000, 1.0995, 3.1415, 0.3941,-4.9476, 4.6799, 0.0166, 0.2463,0
-0.0793, 0.0000, 1.0461, 3.1415, 0.4183,-5.2620, 4.6799, 0.0279, 0.2470,0
-0.0745, 0.0000, 0.9896, 3.1415, 0.4656,-5.5763, 4.6799, 0.0410, 0.2477,0
-0.0695, 0.0000, 0.9330, 3.1415, 0.4993,-5.6391, 4.6799, 0.0176, 0.2484,0
-0.0641, 0.0000, 0.8702, 3.1415, 0.5303,-6.1543, 4.6799, 0.0673, 0.2491,0
-0.0584, 0.0000, 0.8042, 3.1415, 0.5608,-6.5087, 4.6799, 0.0949, 0.2499,0
-0.0522, 0.0000, 0.7351, 3.1415, 0.6093,-6.8309, 4.6799, 0.1206, 0.2506,0
-0.0458, 0.0000, 0.6660, 3.1415, 0.6311,-6.8953, 4.6799, 0.1010, 0.2513,0
-0.0391, 0.0000, 0.5906, 3.1415, 0.6658,-7.4109, 4.6799, 0.1724, 0.2520,0
-0.0318, 0.0000, 0.5152, 3.1415, 0.7152,-7.5140, 4.6799, 0.1655, 0.2527,0
-0.0242, 0.0000, 0.4366, 3.1415, 0.7493,-7.7859, 4.6568, 0.1979, 0.2534,0
-0.0163, 0.0000, 0.3549, 3.1415, 0.7804,-8.0917,-4.6799, 0.2433, 0.2542,0
-0.0089, 0.0000, 0.2701, 3.1415, 0.7503,-8.4041,-4.6799, 0.2967, 0.2549,0
-0.0012, 0.0000, 0.1884, 3.1415, 0.7624,-8.2153,-2.7071, 0.2395, 0.2556,0
 0.0062, 0.0000, 0.1068, 3.1415, 0.7527,-8.1775, 3.1423, 0.2222, 0.2563,0
 0.0137, 0.0000, 0.0251, 3.1415, 0.7568,-8.1700, 4.6799, 0.2166, 0.2570,0
 0.0212, 0.0000,-0.0565, 3.1415, 0.7516,-8.1685, 4.6799, 0.2172, 0.2577,0
 0.0287, 0.0000,-0.1382, 3.1415, 0.7445,-8.1682, 3.4995, 0.2228, 0.2585,0
 0.0362, 0.0000,-0.2199, 3.1415, 0.7491,-8.1681, 0.1823, 0.2332, 0.2592,0
 0.0435, 0.0000,-0.3015, 3.1415, 0.7379,-8.1681,-4.4158, 0.2483, 0.2599,0
 0.0500, 0.0000,-0.3801, 3.1415, 0.6629,-7.9168, 4.6799, 0.2106, 0.2606,0
 0.0573, 0.0000,-0.4586, 3.1415, 0.7207,-7.8665, 4.1168, 0.2224, 0.2613,0
 0.0639, 0.0000,-0.5340, 3.1415, 0.6716,-7.6051, 4.6799, 0.1916, 0.2621,0
 0.0706, 0.0000,-0.6063, 3.1415, 0.6679,-7.3015, 4.6799, 0.1562, 0.2628,0
 0.0768, 0.0000,-0.6785, 3.1415, 0.6307,-7.2408, 4.6799, 0.1750, 0.2635,0
 0.0830, 0.0000,-0.7476, 3.1415, 0.6233,-6.9773, 4.6799, 0.1550, 0.2642,0
 0.0890, 0.0000,-0.8168, 3.1415, 0.6036,-6.9246, 4.6799, 0.1797, 0.2649,0
 0.0952, 0.0000,-0.8796, 3.1415, 0.6179,-6.4114, 4.6799, 0.1177, 0.2656,0
 0.1013, 0.0000,-0.9424, 3.1415, 0.6086,-6.3088, 4.6799, 0.1351, 0.2664,0
 0.1069, 0.0000,-1.0021, 3.1415, 0.5704,-6.0369, 4.6799, 0.1235, 0.2671,0
 0.1124, 0.0000,-1.0587, 3.1415, 0.5567,-5.7312, 4.6799, 0.1080, 0.2678,0
 0.1181, 0.0000,-1.1121, 3.1415, 0.5660,-5.4188, 4.6799, 0.0931, 0.2685,0
 0.1239, 0.0000,-1.1623, 3.1415, 0.5800,-5.1049, 4.6799, 0.0796, 0.2692,0
 0.1293, 0.0000,-1.2126, 3.1415, 0.5404,-5.0422, 1.0832, 0.1042, 0.2700,0
 0.1347, 0.0000,-1.2566, 3.1415, 0.5446,-4.5270, 1.0471, 0.0650, 0.2707,0
 0.1400, 0.0000,-1.3006, 3.1415, 0.5333,-4.4239,-2.9474, 0.0823, 0.2714,0
 0.1449, 0.0000,-1.3383, 3.1415, 0.4947,-3.9007,-3.5564, 0.0475, 0.2721,0
 0.1497, 0.0000,-1.3760, 3.1415, 0.4870,-3.7960,-4.6799, 0.0627, 0.2728,0
 0.1540, 0.0000,-1.4074, 3.1415, 0.4369,-3.2724,-4.6799, 0.0331, 0.2735,0
 0.1579, 0.0000,-1.4388, 3.1415, 0.4026,-3.1677,-4.6799, 0.0460, 0.2743,0
 0.1615, 0.0000,-1.4639, 3.1415, 0.3715,-2.6441,-4.6799, 0.0213, 0.2750,0
 0.1646, 0.0000,-1.4891, 3.1415, 0.3168,-2.5394,-4.6799, 0.0316, 0.2757,0
 0.1672, 0.0000,-1.5079, 3.1415, 0.2755,-2.0158,-4.6799, 0.0118, 0.2764,0
 0.1696, 0.0000,-1.5268, 3.1415, 0.2491,-1.9111,-4.6799, 0.0195, 0.2771,0
 0.1715, 0.0000,-1.5393, 3.1415, 0.2014,-1.3875,-4.6799, 0.0043, 0.2779,0
 0.1731, 0.0000,-1.5519, 3.1415, 0.1615,-1.2828,-4.6799, 0.0095, 0.2786,0
 0.1742, 0.0000,-1.5582, 3.1415, 0.1232,-0.7592,-4.6799,-0.0009, 0.2793,0
 0.1750, 0.0000,-1.5645, 3.1415, 0.0852,-0.6544,-4.6799, 0.0014, 0.2800,0
 0.1753, 0.0000,-1.5676, 3.1415, 0.0473,-0.3822,-4.6799,-0.0002, 0.2807,0
 0.1754, 0.0000,-1.5645, 3.1415, 0.0155, 0.1748,-4.6799,-0.0040, 0.2814,0
 0.1750, 0.0000,-1.5613, 3.1415,-0.0272, 0.2863,-4.6799,-0.0056, 0.2822,0
 0.1743, 0.0000,-1.5550, 3.1415,-0.0600, 0.5599,-4.6799,-0.0068, 0.2829,0
 0.1735, 0.0000,-1.5456, 3.1415,-0.0787, 0.8659,-4.6799,-0.0075, 0.2836,0
 0.1724, 0.0000,-1.5330, 3.1415,-0.1066, 1.1785,-4.6799,-0.0076, 0.2843,0
 0.1710, 0.0000,-1.5142, 3.1415,-0.1304, 1.7436,-4.6799, 0.0019, 0.2850,0
 0.1695, 0.0000,-1.4953, 3.1415,-0.1473, 1.8566,-4.6799,-0.0058, 0.2858,0
 0.1677, 0.0000,-1.4734, 3.1415,-0.1749, 2.1306,-4.6799,-0.0062, 0.2865,0
 0.1655, 0.0000,-1.4482, 3.1415,-0.2108, 2.4367,-4.6799,-0.0046, 0.2872,0
 0.1631, 0.0000,-1.4199, 3.1415,-0.2361, 2.7493,-4.6799,-0.0020, 0.2879,0
 0.1606, 0.0000,-1.3885, 3.1415,-0.2473, 3.0631,-4.6799, 0.0012, 0.2886,0
 0.1577, 0.0000,-1.3540, 3.1415,-0.2738, 3.3772,-4.6799, 0.0052, 0.2893,0
 0.1546, 0.0000,-1.3163, 3.1415,-0.3094, 3.6913,-4.6799, 0.0100, 0.2901,0
 0.1512, 0.0000,-1.2754, 3.1415,-0.3347, 4.0055,-4.6799, 0.0156, 0.2908,0
 0.1476, 0.0000,-1.2315, 3.1415,-0.3519, 4.3196,-4.6799, 0.0222, 0.2915,0
 0.1436, 0.0000,-1.1843, 3.1415,-0.3917, 4.6338,-4.6799, 0.0299, 0.2922,0
 0.1393, 0.0000,-1.1341, 3.1415,-0.4239, 4.9480,-4.6799, 0.0390, 0.2929,0
 0.1346, 0.0000,-1.0807, 3.1415,-0.4607, 5.2621,-4.6799, 0.0496, 0.2937,0
 0.1296, 0.0000,-1.0241, 3.1415,-0.4862, 5.5763,-4.6799, 0.0620, 0.2944,0
 0.1243, 0.0000,-0.9644, 3.1415,-0.5216, 5.8904,-4.6799, 0.0765, 0.2951,0
 0.1186, 0.0000,-0.9016, 3.1415,-0.5651, 6.2046,-4.6799, 0.0935, 0.2958,0
 0.1125, 0.0000,-0.8356, 3.1415,-0.5980, 6.5188,-4.6799, 0.1133, 0.2965,0
 0.1061, 0.0000,-0.7665, 3.1415,-0.6350, 6.8329,-4.6799, 0.1364, 0.2972,0
 0.0992, 0.0000,-0.6942, 3.1415,-0.6727, 7.1471,-4.6799, 0.1632, 0.2980,0
 0.0919, 0.0000,-0.6188, 3.1415,-0.7226, 7.4612,-4.6799, 0.1944, 0.2987,0
 0.0842, 0.0000,-0.5403, 3.1415,-0.7569, 7.7754,-4.6799, 0.2306, 0.2994,0
 0.0761, 0.0000,-0.4618, 3.1415,-0.8001, 7.8382,-4.6799, 0.2172, 0.3001,0
 0.0678, 0.0000,-0.3769, 3.1415,-0.8270, 8.3534, 4.6799, 0.3092, 0.3008,0
 0.0604, 0.0000,-0.2953, 3.1415,-0.7596, 8.2052,-4.6799, 0.2555, 0.3016,0
 0.0511, 0.0000,-0.2104, 3.1415,-0.8916, 8.4268, 4.6799, 0.2919, 0.3023,0
 0.0433, 0.0000,-0.1256, 3.1415,-0.8028, 8.4712, 3.2822, 0.2922, 0.3030,0
 0.0352, 0.0000,-0.0408, 3.1415,-0.8093, 8.4800, 1.3350, 0.2892, 0.3037,0
 0.0276, 0.0000, 0.0439, 3.1415,-0.7682, 8.4818, 0.4844, 0.2897, 0.3044,0
 0.0205, 0.0000, 0.1256, 3.1415,-0.7235, 8.2308,-4.6799, 0.2360, 0.3051,0
 0.0128, 0.0000, 0.2042, 3.1415,-0.7571, 7.9293,-4.6799, 0.1770, 0.3059,0
 0.0059, 0.0000, 0.2858, 3.1415,-0.7092, 8.1203,-4.6799, 0.2342, 0.3066,0
-0.0008, 0.0000, 0.3644, 3.1415,-0.6814, 7.9072,-4.6799, 0.2044, 0.3073,0
-0.0079, 0.0000, 0.4429, 3.1415,-0.7062, 7.8646,-4.6799, 0.2171, 0.3080,0
-0.0147, 0.0000, 0.5183, 3.1415,-0.6808, 7.6047,-4.6799, 0.1859, 0.3087,0
-0.0212, 0.0000, 0.5937, 3.1415,-0.6636, 7.5528,-4.6799, 0.2034, 0.3095,0
-0.0280, 0.0000, 0.6660, 3.1415,-0.6723, 7.2910,-4.6799, 0.1796, 0.3102,0
-0.0344, 0.0000, 0.7351, 3.1415,-0.6437, 6.9874,-4.6799, 0.1508, 0.3109,0
-0.0407, 0.0000, 0.8042, 3.1415,-0.6380, 6.9266,-4.6799, 0.1736, 0.3116,0
-0.0472, 0.0000, 0.8702, 3.1415,-0.6430, 6.6632,-4.6799, 0.1586, 0.3123,0
-0.0531, 0.0000, 0.9330, 3.1415,-0.6015, 6.3591,-4.6799, 0.1386, 0.3130,0
-0.0591, 0.0000, 0.9927, 3.1415,-0.6053, 6.0470,-4.6799, 0.1195, 0.3138,0
-0.0654, 0.0000, 1.0524, 3.1415,-0.6182, 5.9846,-4.6799, 0.1456, 0.3145,0
-0.0713, 0.0000, 1.1058, 3.1415,-0.5965, 5.4694,-4.6799, 0.0968, 0.3152,0
-0.0771, 0.0000, 1.1592, 3.1415,-0.5861, 5.3664,-4.6799, 0.1159, 0.3159,0
-0.0831, 0.0000, 1.2095, 3.1415,-0.5962, 5.0945,-4.6799, 0.1095, 0.3166,0
-0.0889, 0.0000, 1.2566, 3.1415,-0.5800, 4.7888,-4.6799, 0.0991, 0.3174,0
-0.0947, 0.0000, 1.3006, 3.1415,-0.5828, 4.4763,-2.1684, 0.0888, 0.3181,0
-0.1006, 0.0000, 1.3414, 3.1415,-0.5895, 4.1625, 0.6546, 0.0793, 0.3188,0
-0.1056, 0.0000, 1.3791, 3.1415,-0.5180, 3.8484, 2.4855, 0.0705, 0.3195,0
-0.1108, 0.0000, 1.4137, 3.1415,-0.5219, 3.5342, 4.6799, 0.0625, 0.3202,0
-0.1157, 0.0000, 1.4451, 3.1415,-0.4924, 3.2201, 4.6799, 0.0551, 0.3209,0
-0.1202, 0.0000, 1.4734, 3.1415,-0.4562, 2.9059, 4.6799, 0.0484, 0.3217,0
-0.1240, 0.0000, 1.4985, 3.1415,-0.4004, 2.5918, 4.6799, 0.0422, 0.3224,0
-0.1275, 0.0000, 1.5205, 3.1415,-0.3590, 2.2776, 4.6799, 0.0365, 0.3231,0
-0.1305, 0.0000, 1.5393, 3.1415,-0.3143, 1.9634, 4.6799, 0.0314, 0.3238,0
-0.1332, 0.0000, 1.5550, 3.1415,-0.2750, 1.6493, 4.6799, 0.0268, 0.3245,0
-0.1355, 0.0000, 1.5676, 3.1415,-0.2369, 1.3351, 4.6799, 0.0227, 0.3252,0
-0.1373, 0.0000, 1.5770, 3.1415,-0.1929, 1.0210, 4.6799, 0.0191, 0.3260,0
-0.1387, 0.0000, 1.5865, 3.1415,-0.1537, 0.9581, 4.6799, 0.0241, 0.3267,0
-0.1399, 0.0000, 1.5896, 3.1415,-0.1217, 0.4429, 4.6799, 0.0162, 0.3274,0
-0.1405, 0.0000, 1.5896, 3.1415,-0.0728, 0.0885, 4.6799, 0.0136, 0.3281,0
-0.1408, 0.0000, 1.5896, 3.1415,-0.0388, 0.0177, 4.6799, 0.0135, 0.3288,0
-0.1408, 0.0000, 1.5833, 3.1415,-0.0077,-0.4990, 4.6799, 0.0125, 0.3296,0
-0.1405, 0.0000, 1.5739, 3.1415, 0.0166,-0.8538, 4.6799, 0.0124, 0.3303,0
-0.1401, 0.0000, 1.5645, 3.1415, 0.0397,-0.9247, 4.6799, 0.0074, 0.3310,0
-0.1393, 0.0000, 1.5488, 3.1415, 0.0685,-1.4415, 4.6799, 0.0133, 0.3317,0
-0.1384, 0.0000, 1.5330, 3.1415, 0.0864,-1.5449, 4.6799, 0.0063, 0.3324,0
-0.1372, 0.0000, 1.5111, 3.1415, 0.1143,-2.0682, 4.6799, 0.0170, 0.3331,0
-0.1359, 0.0000, 1.4891, 3.1415, 0.1259,-2.1729, 4.6799, 0.0075, 0.3339,0
-0.1344, 0.0000, 1.4639, 3.1415, 0.1464,-2.4452, 4.6799, 0.0071, 0.3346,0
-0.1325, 0.0000, 1.4325, 3.1415, 0.1808,-3.0023, 4.6799, 0.0272, 0.3353,0
-0.1305, 0.0000, 1.4011, 3.1415, 0.1998,-3.1137, 4.6799, 0.0144, 0.3360,0
-0.1281, 0.0000, 1.3665, 3.1415, 0.2279,-3.3873, 4.6799, 0.0150, 0.3367,0
-0.1255, 0.0000, 1.3288, 3.1415, 0.2578,-3.6933, 4.6799, 0.0189, 0.3375,0
-0.1225, 0.0000, 1.2849, 3.1415, 0.2880,-4.2572, 4.6799, 0.0512, 0.3382,0
-0.1193, 0.0000, 1.2409, 3.1415, 0.3122,-4.3700, 4.6799, 0.0347, 0.3389,0
-0.1158, 0.0000, 1.1938, 3.1415, 0.3413,-4.6439, 4.6799, 0.0375, 0.3396,0
-0.1120, 0.0000, 1.1403, 3.1415, 0.3775,-5.2013, 4.6799, 0.0791, 0.3403,0
-0.1078, 0.0000, 1.0869, 3.1415, 0.4089,-5.3128, 4.6799, 0.0611, 0.3410,0
-0.1034, 0.0000, 1.0304, 3.1415, 0.4334,-5.5864, 4.6799, 0.0675, 0.3418,0
-0.0986, 0.0000, 0.9676, 3.1415, 0.4747,-6.1438, 4.6799, 0.1211, 0.3425,0
-0.0932, 0.0000, 0.9047, 3.1415, 0.5193,-6.2553, 4.6799, 0.1041, 0.3432,0
-0.0876, 0.0000, 0.8356, 3.1415, 0.5586,-6.7802, 4.6799, 0.1619, 0.3439,0
-0.0817, 0.0000, 0.7665, 3.1415, 0.5846,-6.8852, 4.6799, 0.1464, 0.3446,0
-0.0752, 0.0000, 0.6942, 3.1415, 0.6323,-7.1575, 4.6799, 0.1653, 0.3454,0
-0.0684, 0.0000, 0.6157, 3.1415, 0.6721,-7.7147, 4.6799, 0.2470, 0.3461,0
-0.0612, 0.0000, 0.5403, 3.1415, 0.7104,-7.5747, 4.6799, 0.1875, 0.3468,0
-0.0538, 0.0000, 0.4586, 3.1415, 0.7363,-8.0494, 4.6799, 0.2632, 0.3475,0
-0.0459, 0.0000, 0.3738, 3.1415, 0.7778,-8.3957,-1.8290, 0.3183, 0.3482,0
-0.0385, 0.0000, 0.2890, 3.1415, 0.7437,-8.4649, 2.7711, 0.3148, 0.3489,0
-0.0299, 0.0000, 0.2042, 3.1415, 0.8399,-8.4788, 4.6799, 0.3032, 0.3497,0
-0.0217, 0.0000, 0.1162, 3.1415, 0.8228,-8.7329,-4.6799, 0.3544, 0.3504,0
-0.0140, 0.0000, 0.0282, 3.1415, 0.7769,-8.7837,-4.6799, 0.3623, 0.3511,0
-0.0065, 0.0000,-0.0565, 3.1415, 0.7617,-8.5425, 4.6799, 0.3047, 0.3518,0
 0.0012, 0.0000,-0.1413, 3.1415, 0.7768,-8.4943, 4.6799, 0.2992, 0.3525,0
 0.0090, 0.0000,-0.2261, 3.1415, 0.7799,-8.4847, 4.6799, 0.3080, 0.3533,0
 0.0165, 0.0000,-0.3110, 3.1415, 0.7501,-8.4827, 3.9551, 0.3237, 0.3540,0
 0.0238, 0.0000,-0.3926, 3.1415, 0.7381,-8.2310, 4.6799, 0.2850, 0.3547,0
 0.0313, 0.0000,-0.4743, 3.1415, 0.7418,-8.1807, 4.6799, 0.2981, 0.3554,0
 0.0385, 0.0000,-0.5529, 3.1415, 0.7243,-7.9193, 4.6799, 0.2669, 0.3561,0
 0.0456, 0.0000,-0.6314, 3.1415, 0.7148,-7.8670, 4.6799, 0.2868, 0.3568,0
 0.0525, 0.0000,-0.7068, 3.1415, 0.7007,-7.6052, 4.6799, 0.2637, 0.3576,0
 0.0594, 0.0000,-0.7791, 3.1415, 0.6858,-7.3015, 4.6799, 0.2354, 0.3583,0
 0.0661, 0.0000,-0.8513, 3.1415, 0.6768,-7.2408, 4.6799, 0.2608, 0.3590,0
 0.0727, 0.0000,-0.9204, 3.1415, 0.6628,-6.9773, 4.6799, 0.2468, 0.3597,0
 0.0790, 0.0000,-0.9833, 3.1415, 0.6358,-6.4220, 4.6799, 0.1793, 0.3604,0
 0.0853, 0.0000,-1.0461, 3.1415, 0.6304,-6.3109, 4.6799, 0.1978, 0.3612,0
 0.0915, 0.0000,-1.1058, 3.1415, 0.6232,-6.0374, 4.6799, 0.1883, 0.3619,0
 0.0976, 0.0000,-1.1655, 3.1415, 0.6157,-5.9827, 4.6799, 0.2179, 0.3626,0
 0.1036, 0.0000,-1.2189, 3.1415, 0.6021,-5.4691, 4.6799, 0.1712, 0.3633,0
 0.1095, 0.0000,-1.2723, 3.1415, 0.5933,-5.3663, 1.5242, 0.1920, 0.3640,0
 0.1154, 0.0000,-1.3194, 3.1415, 0.5855,-4.8431, 0.8640, 0.1498, 0.3647,0
 0.1212, 0.0000,-1.3665, 3.1415, 0.5839,-4.7385,-3.3605, 0.1687, 0.3655,0
 0.1261, 0.0000,-1.4074, 3.1415, 0.5109,-4.2149,-4.1968, 0.1319, 0.3662,0
 0.1313, 0.0000,-1.4482, 3.1415, 0.5144,-4.1102,-4.6799, 0.1487, 0.3669,0
 0.1360, 0.0000,-1.4828, 3.1415, 0.4788,-3.5866,-4.6799, 0.1170, 0.3676,0
 0.1403, 0.0000,-1.5173, 3.1415, 0.4413,-3.4819,-4.6799, 0.1314, 0.3683,0
 0.1443, 0.0000,-1.5456, 3.1415, 0.4035,-2.9583,-4.6799, 0.1044, 0.3691,0
 0.1477, 0.0000,-1.5739, 3.1415, 0.3596,-2.8536,-4.6799, 0.1162, 0.3698,0
 0.1509, 0.0000,-1.5959, 3.1415, 0.3205,-2.3300,-4.6799, 0.0940, 0.3705,0
 0.1535, 0.0000,-1.6179, 3.1415, 0.2763,-2.2252,-4.6799, 0.1031, 0.3712,0
 0.1559, 0.0000,-1.6367, 3.1415, 0.2432,-1.9530,-4.6799, 0.1007, 0.3719,0
 0.1577, 0.0000,-1.6493, 3.1415, 0.2002,-1.3959,-4.6799, 0.0836, 0.3726,0
 0.1593, 0.0000,-1.6619, 3.1415, 0.1673,-1.2844,-4.6799, 0.0884, 0.3734,0
 0.1607, 0.0000,-1.6713, 3.1415, 0.1426,-1.0108,-4.6799, 0.0863, 0.3741,0
 0.1616, 0.0000,-1.6776, 3.1415, 0.1012,-0.7048,-4.6799, 0.0835, 0.3748,0
 0.1621, 0.0000,-1.6807, 3.1415, 0.0627,-0.3922,-4.6799, 0.0809, 0.3755,0
 0.1624, 0.0000,-1.6807, 3.1415, 0.0307,-0.0784,-4.6799, 0.0788, 0.3762,0
 0.1624, 0.0000,-1.6807, 3.1415, 0.0061,-0.0156,-4.6799, 0.0788, 0.3770,0
 0.1620, 0.0000,-1.6744, 3.1415,-0.0290, 0.4995,-4.6799, 0.0778, 0.3777,0
 0.1615, 0.0000,-1.6650, 3.1415,-0.0482, 0.8538,-4.6799, 0.0777, 0.3784,0
 0.1608, 0.0000,-1.6556, 3.1415,-0.0642, 0.9247,-4.6799, 0.0728, 0.3791,0
 0.1599, 0.0000,-1.6399, 3.1415,-0.0856, 1.4415,-4.6799, 0.0786, 0.3798,0
 0.1588, 0.0000,-1.6242, 3.1415,-0.1020, 1.5449,-4.6799, 0.0717, 0.3805,0
 0.1574, 0.0000,-1.6022, 3.1415,-0.1295, 2.0682,-4.6799, 0.0824, 0.3813,0
 0.1559, 0.0000,-1.5802, 3.1415,-0.1532, 2.1729,-4.6799, 0.0728, 0.3820,0
 0.1540, 0.0000,-1.5550, 3.1415,-0.1761, 2.4452,-4.6799, 0.0724, 0.3827,0
 0.1521, 0.0000,-1.5268, 3.1415,-0.1928, 2.7509,-4.6799, 0.0743, 0.3834,0
 0.1498, 0.0000,-1.4922, 3.1415,-0.2204, 3.3148,-4.6799, 0.0974, 0.3841,0
 0.1472, 0.0000,-1.4576, 3.1415,-0.2502, 3.4275,-4.6799, 0.0834, 0.3849,0
 0.1443, 0.0000,-1.4199, 3.1415,-0.2804, 3.7014,-4.6799, 0.0839, 0.3856,0
 0.1412, 0.0000,-1.3791, 3.1415,-0.3046, 4.0075,-4.6799, 0.0880, 0.3863,0
 0.1379, 0.0000,-1.3351, 3.1415,-0.3277, 4.3200,-4.6799, 0.0936, 0.3870,0
 0.1342, 0.0000,-1.2849, 3.1415,-0.3626, 4.8852,-4.6799, 0.1316, 0.3877,0
 0.1302, 0.0000,-1.2346, 3.1415,-0.3938, 4.9982,-4.6799, 0.1128, 0.3884,0
 0.1259, 0.0000,-1.1812, 3.1415,-0.4183, 5.2722,-4.6799, 0.1164, 0.3892,0
 0.1213, 0.0000,-1.1246, 3.1415,-0.4535, 5.5783,-4.6799, 0.1258, 0.3899,0
 0.1162, 0.0000,-1.0649, 3.1415,-0.4969, 5.8908,-4.6799, 0.1379, 0.3906,0
 0.1107, 0.0000,-0.9990, 3.1415,-0.5420, 6.4560,-4.6799, 0.1949, 0.3913,0
 0.1049, 0.0000,-0.9330, 3.1415,-0.5692, 6.5690,-4.6799, 0.1766, 0.3920,0
 0.0987, 0.0000,-0.8639, 3.1415,-0.6110, 6.8430,-4.6799, 0.1892, 0.3927,0
 0.0920, 0.0000,-0.7885, 3.1415,-0.6557, 7.4004,-4.6799, 0.2605, 0.3935,0
 0.0849, 0.0000,-0.7131, 3.1415,-0.7011, 7.5119,-4.6799, 0.2469, 0.3942,0
 0.0775, 0.0000,-0.6346, 3.1415,-0.7344, 7.7855,-4.6799, 0.2703, 0.3949,0
 0.0697, 0.0000,-0.5529, 3.1415,-0.7714, 8.0916,-4.6799, 0.3055, 0.3956,0
 0.0614, 0.0000,-0.4680, 3.1415,-0.8151, 8.4041,-4.0626, 0.3479, 0.3963,0
 0.0528, 0.0000,-0.3801, 3.1415,-0.8542, 8.7180, 4.6799, 0.3972, 0.3971,0
 0.0447, 0.0000,-0.2921, 3.1415,-0.8135, 8.7807, 4.6799, 0.3917, 0.3978,0
 0.0364, 0.0000,-0.2042, 3.1415,-0.8296, 8.7933, 1.2842, 0.3793, 0.3985,0
 0.0282, 0.0000,-0.1162, 3.1415,-0.8207, 8.7958,-3.0565, 0.3698, 0.3992,0
 0.0197, 0.0000,-0.0282, 3.1415,-0.8432, 8.7963,-4.6799, 0.3654, 0.3999,0
 0.0113, 0.0000, 0.0596, 3.1415,-0.8416, 8.7964,-4.6799, 0.3664, 0.4006,0
 0.0033, 0.0000, 0.1476, 3.1415,-0.8110, 8.7964,-3.5092, 0.3730, 0.4014,0
-0.0046, 0.0000, 0.2356, 3.1415,-0.7988, 8.7964, 0.3015, 0.3850, 0.4021,0
-0.0122, 0.0000, 0.3235, 3.1415,-0.7661, 8.7964, 4.6799, 0.4024, 0.4028,0
-0.0194, 0.0000, 0.4084, 3.1415,-0.7353, 8.5451,-4.6799, 0.3632, 0.4035,0
-0.0272, 0.0000, 0.4869, 3.1415,-0.7655, 7.9922,-4.6799, 0.2596, 0.4042,0
-0.0341, 0.0000, 0.5686, 3.1415,-0.7109, 8.1329,-4.6799, 0.3209, 0.4050,0
-0.0409, 0.0000, 0.6440, 3.1415,-0.6818, 7.6584,-4.6799, 0.2468, 0.4057,0
-0.0475, 0.0000, 0.7225, 3.1415,-0.6699, 7.8148,-4.6799, 0.3163, 0.4064,0
-0.0539, 0.0000, 0.7948, 3.1415,-0.6433, 7.3435,-4.6799, 0.2520, 0.4071,0
-0.0603, 0.0000, 0.8670, 3.1415,-0.6379, 7.2492,-4.6799, 0.2710, 0.4078,0
-0.0666, 0.0000, 0.9330, 3.1415,-0.6308, 6.7277,-4.6799, 0.2061, 0.4085,0
-0.0727, 0.0000, 0.9990, 3.1415,-0.6173, 6.6234,-4.6799, 0.2256, 0.4093,0
-0.0788, 0.0000, 1.0618, 3.1415,-0.6085, 6.3512,-4.6799, 0.2148, 0.4100,0
-0.0848, 0.0000, 1.1215, 3.1415,-0.6067, 6.0454,-4.6799, 0.1998, 0.4107,0
-0.0907, 0.0000, 1.1812, 3.1415,-0.5882, 5.9843,-4.6799, 0.2286, 0.4114,0
-0.0965, 0.0000, 1.2346, 3.1415,-0.5845, 5.4694,-4.6799, 0.1819, 0.4121,0
-0.1024, 0.0000, 1.2880, 3.1415,-0.5898, 5.3664,-3.8033, 0.2028, 0.4129,0
-0.1081, 0.0000, 1.3351, 3.1415,-0.5727, 4.8432,-2.5278, 0.1607, 0.4136,0
-0.1139, 0.0000, 1.3823, 3.1415,-0.5753, 4.7385, 2.0100, 0.1797, 0.4143,0
-0.1189, 0.0000, 1.4231, 3.1415,-0.5152, 4.2149, 3.4945, 0.1430, 0.4150,0
-0.1240, 0.0000, 1.4639, 3.1415,-0.5153, 4.1102, 4.6799, 0.1599, 0.4157,0
-0.1286, 0.0000, 1.5016, 3.1415,-0.4729, 3.8379, 4.6799, 0.1566, 0.4164,0
-0.1328, 0.0000, 1.5330, 3.1415,-0.4280, 3.2808, 4.6799, 0.1236, 0.4172,0
-0.1365, 0.0000, 1.5645, 3.1415,-0.3827, 3.1694, 4.6799, 0.1361, 0.4179,0
-0.1399, 0.0000, 1.5896, 3.1415,-0.3433, 2.6445, 4.6799, 0.1114, 0.4186,0
-0.1427, 0.0000, 1.6147, 3.1415,-0.2990, 2.5395, 4.6799, 0.1218, 0.4193,0
-0.1452, 0.0000, 1.6367, 3.1415,-0.2538, 2.2671, 4.6799, 0.1193, 0.4200,0
-0.1473, 0.0000, 1.6556, 3.1415,-0.2205, 1.9614, 4.6799, 0.1146, 0.4208,0
-0.1490, 0.0000, 1.6681, 3.1415,-0.1775, 1.3975, 4.6799, 0.0971, 0.4215,0
-0.1502, 0.0000, 1.6807, 3.1415,-0.1385, 1.2848, 4.6799, 0.1019, 0.4222,0
-0.1512, 0.0000, 1.6901, 3.1415,-0.1004, 1.0109, 4.6799, 0.0998, 0.4229,0
-0.1517, 0.0000, 1.6996, 3.1415,-0.0625, 0.9561, 4.6799, 0.1050, 0.4236,0
-0.1518, 0.0000, 1.7027, 3.1415,-0.0185, 0.4425, 4.6799, 0.0972, 0.4243,0
-0.1515, 0.0000, 1.7027, 3.1415, 0.0144, 0.0885, 4.6799, 0.0945, 0.4251,0
-0.1512, 0.0000, 1.7027, 3.1415, 0.0332, 0.0177, 4.6799, 0.0944, 0.4258,0
-0.1505, 0.0000, 1.6964, 3.1415, 0.0612,-0.4991, 4.6799, 0.0934, 0.4265,0
-0.1495, 0.0000, 1.6901, 3.1415, 0.0910,-0.6024, 4.6799, 0.0906, 0.4272,0
-0.1483, 0.0000, 1.6776, 3.1415, 0.1152,-1.1258, 4.6799, 0.0943, 0.4279,0
-0.1470, 0.0000, 1.6650, 3.1415, 0.1261,-1.2304, 4.6799, 0.0887, 0.4287,0
-0.1454, 0.0000, 1.6493, 3.1415, 0.1525,-1.5027, 4.6799, 0.0879, 0.4294,0
-0.1437, 0.0000, 1.6304, 3.1415, 0.1639,-1.8085, 4.6799, 0.0886, 0.4301,0
-0.1419, 0.0000, 1.6084, 3.1415, 0.1783,-2.1209, 4.6799, 0.0900, 0.4308,0
-0.1399, 0.0000, 1.5833, 3.1415, 0.1933,-2.4348, 4.6799, 0.0920, 0.4315,0
-0.1376, 0.0000, 1.5550, 3.1415, 0.2266,-2.7489, 4.6799, 0.0945, 0.4322,0
-0.1349, 0.0000, 1.5236, 3.1415, 0.2575,-3.0630, 4.6799, 0.0975, 0.4330,0
-0.1321, 0.0000, 1.4891, 3.1415, 0.2758,-3.3772, 4.6799, 0.1010, 0.4337,0
-0.1292, 0.0000, 1.4514, 3.1415, 0.2916,-3.6913, 4.6799, 0.1052, 0.4344,0
-0.1259, 0.0000, 1.4105, 3.1415, 0.3190,-4.0055, 4.6799, 0.1100, 0.4351,0
-0.1224, 0.0000, 1.3665, 3.1415, 0.3487,-4.3196, 4.6799, 0.1156, 0.4358,0
-0.1186, 0.0000, 1.3194, 3.1415, 0.3729,-4.6338, 4.6799, 0.1220, 0.4366,0
-0.1144, 0.0000, 1.2692, 3.1415, 0.4080,-4.9480, 4.6799, 0.1294, 0.4373,0
-0.1101, 0.0000, 1.2189, 3.1415, 0.4272,-5.0108, 4.6799, 0.1040, 0.4380,0
-0.1054, 0.0000, 1.1623, 3.1415, 0.4613,-5.5260, 4.6799, 0.1423, 0.4387,0
-0.1004, 0.0000, 1.1026, 3.1415, 0.4924,-5.8804, 4.6799, 0.1601, 0.4394,0
-0.0949, 0.0000, 1.0398, 3.1415, 0.5350,-6.2026, 4.6799, 0.1750, 0.4401,0
-0.0892, 0.0000, 0.9738, 3.1415, 0.5678,-6.5183, 4.6799, 0.1912, 0.4409,0
-0.0829, 0.0000, 0.9047, 3.1415, 0.6107,-6.8328, 4.6799, 0.2099, 0.4416,0
-0.0763, 0.0000, 0.8325, 3.1415, 0.6496,-7.1471, 4.6799, 0.2318, 0.4423,0
-0.0693, 0.0000, 0.7571, 3.1415, 0.6938,-7.4612, 4.6799, 0.2574, 0.4430,0
-0.0619, 0.0000, 0.6785, 3.1415, 0.7269,-7.7754, 4.6799, 0.2873, 0.4437,0
-0.0541, 0.0000, 0.5969, 3.1415, 0.7759,-8.0896, 4.6799, 0.3222, 0.4445,0
-0.0459, 0.0000, 0.5120, 3.1415, 0.8100,-8.4037, 4.6799, 0.3627, 0.4452,0
-0.0373, 0.0000, 0.4272, 3.1415, 0.8471,-8.4665, 4.6799, 0.3500, 0.4459,0
-0.0284, 0.0000, 0.3392, 3.1415, 0.8788,-8.7304, 4.6799, 0.3899, 0.4466,0
-0.0194, 0.0000, 0.2481, 3.1415, 0.9033,-9.0345,-4.6799, 0.4466, 0.4473,0
-0.0107, 0.0000, 0.1570, 3.1415, 0.8718,-9.0954,-4.6799, 0.4489, 0.4480,0
-0.0018, 0.0000, 0.0659, 3.1415, 0.8837,-9.1075,-4.6799, 0.4447, 0.4488,0
 0.0065, 0.0000,-0.0219, 3.1415, 0.8558,-8.8586, 4.6799, 0.3807, 0.4495,0
 0.0153, 0.0000,-0.1130, 3.1415, 0.8745,-9.0602,-4.6799, 0.4357, 0.4502,0
 0.0231, 0.0000,-0.2010, 3.1415, 0.7933,-8.8492, 4.6799, 0.3926, 0.4509,0
 0.0311, 0.0000,-0.2858, 3.1415, 0.8013,-8.5556, 4.6799, 0.3358, 0.4516,0
 0.0387, 0.0000,-0.3707, 3.1415, 0.7666,-8.4969, 4.6799, 0.3414, 0.4524,0
 0.0464, 0.0000,-0.4523, 3.1415, 0.7717,-8.2339, 4.6799, 0.3033, 0.4531,0
 0.0539, 0.0000,-0.5372, 3.1415, 0.7546,-8.4326, 4.6799, 0.3785, 0.4538,0
 0.0612, 0.0000,-0.6157, 3.1415, 0.7330,-7.9697, 4.6799, 0.3030, 0.4545,0
 0.0683, 0.0000,-0.6942, 3.1415, 0.7165,-7.8771, 4.6799, 0.3168, 0.4552,0
 0.0754, 0.0000,-0.7696, 3.1415, 0.7072,-7.6072, 4.6799, 0.2945, 0.4559,0
 0.0823, 0.0000,-0.8419, 3.1415, 0.6992,-7.3019, 4.6799, 0.2682, 0.4567,0
 0.0889, 0.0000,-0.9142, 3.1415, 0.6613,-7.2409, 4.6799, 0.2956, 0.4574,0
 0.0953, 0.0000,-0.9801, 3.1415, 0.6476,-6.7260, 4.6799, 0.2334, 0.4581,0
 0.1018, 0.0000,-1.0461, 3.1415, 0.6509,-6.6230, 4.6799, 0.2544, 0.4588,0
 0.1080, 0.0000,-1.1089, 3.1415, 0.6273,-6.3511, 4.6799, 0.2447, 0.4595,0
 0.1142, 0.0000,-1.1686, 3.1415, 0.6166,-6.0454, 4.6799, 0.2306, 0.4602,0
 0.1203, 0.0000,-1.2252, 3.1415, 0.6144,-5.7329, 4.6799, 0.2168, 0.4610,0
 0.1264, 0.0000,-1.2786, 3.1415, 0.6079,-5.4191, 4.6799, 0.2043, 0.4617,0
 0.1324, 0.0000,-1.3288, 3.1415, 0.6005,-5.1050, 2.3568, 0.1928, 0.4624,0
 0.1382, 0.0000,-1.3791, 3.1415, 0.5869,-5.0422,-2.4855, 0.2191, 0.4631,0
 0.1433, 0.0000,-1.4231, 3.1415, 0.5297,-4.5270,-4.2053, 0.1812, 0.4638,0
 0.1487, 0.0000,-1.4639, 3.1415, 0.5364,-4.1726,-4.6799, 0.1671, 0.4646,0
 0.1537, 0.0000,-1.5016, 3.1415, 0.5074,-3.8504,-4.6799, 0.1579, 0.4653,0
 0.1581, 0.0000,-1.5362, 3.1415, 0.4531,-3.5346,-4.6799, 0.1501, 0.4660,0
 0.1622, 0.0000,-1.5707, 3.1415, 0.4180,-3.4715,-4.6799, 0.1687, 0.4667,0
 0.1659, 0.0000,-1.5990, 3.1415, 0.3807,-2.9562,-4.6799, 0.1426, 0.4674,0
 0.1691, 0.0000,-1.6242, 3.1415, 0.3308,-2.6018,-4.6799, 0.1331, 0.4681,0
 0.1720, 0.0000,-1.6461, 3.1415, 0.2965,-2.2796,-4.6799, 0.1268, 0.4689,0
 0.1744, 0.0000,-1.6681, 3.1415, 0.2533,-2.2152,-4.6799, 0.1385, 0.4696,0
 0.1765, 0.0000,-1.6870, 3.1415, 0.2143,-1.9510,-4.6799, 0.1365, 0.4703,0
 0.1781, 0.0000,-1.6996, 3.1415, 0.1762,-1.3955,-4.6799, 0.1195, 0.4710,0
 0.1796, 0.0000,-1.7121, 3.1415, 0.1504,-1.2844,-4.6799, 0.1242, 0.4717,0
 0.1805, 0.0000,-1.7215, 3.1415, 0.1028,-1.0108,-4.6799, 0.1221, 0.4725,0
 0.1812, 0.0000,-1.7278, 3.1415, 0.0751,-0.7048,-4.6799, 0.1192, 0.4732,0
 0.1815, 0.0000,-1.7310, 3.1415, 0.0453,-0.3922,-4.6799, 0.1167, 0.4739,0
 0.1816, 0.0000,-1.7310, 3.1415, 0.0151,-0.0784,-4.6799, 0.1146, 0.4746,0
 0.1814, 0.0000,-1.7278, 3.1415,-0.0151, 0.2356,-4.6799, 0.1131, 0.4753,0
 0.1810, 0.0000,-1.7247, 3.1415,-0.0333, 0.2984,-4.6799, 0.1113, 0.4760,0
 0.1804, 0.0000,-1.7153, 3.1415,-0.0551, 0.8136,-4.6799, 0.1126, 0.4768,0
 0.1796, 0.0000,-1.7058, 3.1415,-0.0777, 0.9167,-4.6799, 0.1084, 0.4775,0
 0.1787, 0.0000,-1.6901, 3.1415,-0.0883, 1.4399,-4.6799, 0.1145, 0.4782,0
 0.1775, 0.0000,-1.6744, 3.1415,-0.1086, 1.5446,-4.6799, 0.1077, 0.4789,0
 0.1761, 0.0000,-1.6556, 3.1415,-0.1369, 1.8168,-4.6799, 0.1070, 0.4796,0
 0.1745, 0.0000,-1.6304, 3.1415,-0.1547, 2.3739,-4.6799, 0.1217, 0.4804,0
 0.1728, 0.0000,-1.6053, 3.1415,-0.1704, 2.4854,-4.6799, 0.1112, 0.4811,0
 0.1707, 0.0000,-1.5770, 3.1415,-0.1977, 2.7590,-4.6799, 0.1110, 0.4818,0
 0.1684, 0.0000,-1.5456, 3.1415,-0.2275, 3.0650,-4.6799, 0.1134, 0.4825,0
 0.1658, 0.0000,-1.5111, 3.1415,-0.2516, 3.3776,-4.6799, 0.1168, 0.4832,0
 0.1629, 0.0000,-1.4734, 3.1415,-0.2807, 3.6914,-4.6799, 0.1209, 0.4839,0
 0.1598, 0.0000,-1.4325, 3.1415,-0.3047, 4.0055,-4.6799, 0.1256, 0.4847,0
 0.1564, 0.0000,-1.3885, 3.1415,-0.3338, 4.3196,-4.6799, 0.1311, 0.4854,0
 0.1527, 0.0000,-1.3414, 3.1415,-0.3638, 4.6338,-4.6799, 0.1373, 0.4861,0
 0.1487, 0.0000,-1.2911, 3.1415,-0.3880, 4.9480,-4.6799, 0.1445, 0.4868,0
 0.1444, 0.0000,-1.2377, 3.1415,-0.4232, 5.2621,-4.6799, 0.1529, 0.4875,0
 0.1398, 0.0000,-1.1812, 3.1415,-0.4545, 5.5763,-4.6799, 0.1626, 0.4883,0
 0.1347, 0.0000,-1.1215, 3.1415,-0.4971, 5.8904,-4.6799, 0.1739, 0.4890,0
 0.1293, 0.0000,-1.0587, 3.1415,-0.5299, 6.2046,-4.6799, 0.1871, 0.4897,0
 0.1236, 0.0000,-0.9927, 3.1415,-0.5668, 6.5187,-4.6799, 0.2025, 0.4904,0
 0.1174, 0.0000,-0.9236, 3.1415,-0.6105, 6.8329,-4.6799, 0.2206, 0.4911,0
 0.1108, 0.0000,-0.8513, 3.1415,-0.6496, 7.1471,-4.6799, 0.2419, 0.4918,0
 0.1038, 0.0000,-0.7728, 3.1415,-0.6877, 7.7126,-4.6799, 0.3186, 0.4926,0
 0.0964, 0.0000,-0.6942, 3.1415,-0.7256, 7.8257,-4.6799, 0.3055, 0.4933,0
 0.0886, 0.0000,-0.6126, 3.1415,-0.7757, 8.0996,-4.6799, 0.3309, 0.4940,0
 0.0803, 0.0000,-0.5277, 3.1415,-0.8160, 8.4057,-4.6799, 0.3688, 0.4947,0
 0.0716, 0.0000,-0.4429, 3.1415,-0.8544, 8.4669,-4.6799, 0.3548, 0.4954,0
 0.0626, 0.0000,-0.3518, 3.1415,-0.8984, 8.9818,-1.4945, 0.4553, 0.4962,0
 0.0533, 0.0000,-0.2607, 3.1415,-0.9194, 9.0848,-2.7452, 0.4616, 0.4969,0
 0.0438, 0.0000,-0.1696, 3.1415,-0.9418, 9.1054,-4.6799, 0.4529, 0.4976,0
 0.0341, 0.0000,-0.0753, 3.1415,-0.9644, 9.3609, 4.6799, 0.5107, 0.4983,0
 0.0253, 0.0000, 0.0188, 3.1415,-0.8962, 9.4120, 4.6799, 0.5222, 0.4990,0
 0.0163, 0.0000, 0.1099, 3.1415,-0.9007, 9.1708,-4.6799, 0.4637, 0.4997,0
 0.0070, 0.0000, 0.2010, 3.1415,-0.9259, 9.1226,-4.6799, 0.4614, 0.5005,0
-0.0020, 0.0000, 0.2921, 3.1415,-0.9127, 9.1130,-3.0440, 0.4750, 0.5012,0
-0.0106, 0.0000, 0.3801, 3.1415,-0.8737, 8.8597,-4.6799, 0.4321, 0.5019,0
-0.0190, 0.0000, 0.4680, 3.1415,-0.8417, 8.8091,-4.6799, 0.4455, 0.5026,0
-0.0274, 0.0000, 0.5529, 3.1415,-0.8413, 8.5476,-4.6799, 0.4117, 0.5033,0
-0.0357, 0.0000, 0.6377, 3.1415,-0.8352, 8.4953,-4.6799, 0.4334, 0.5041,0
-0.0437, 0.0000, 0.7162, 3.1415,-0.8037, 7.9822,-4.6799, 0.3504, 0.5048,0
-0.0516, 0.0000, 0.7979, 3.1415,-0.7913, 8.1309,-4.6799, 0.4242, 0.5055,0
-0.0593, 0.0000, 0.8733, 3.1415,-0.7767, 7.6580,-4.6799, 0.3598, 0.5062,0
-0.0669, 0.0000, 0.9487, 3.1415,-0.7616, 7.5634,-4.6799, 0.3824, 0.5069,0
-0.0743, 0.0000, 1.0178, 3.1415,-0.7465, 7.0418,-4.6799, 0.3171, 0.5076,0
-0.0815, 0.0000, 1.0869, 3.1415,-0.7253, 6.9375,-4.6799, 0.3398, 0.5084,0
-0.0885, 0.0000, 1.1498, 3.1415,-0.7028, 6.4140,-4.6799, 0.2825, 0.5091,0
-0.0956, 0.0000, 1.2126, 3.1415,-0.7105, 6.3093,-4.6799, 0.3055, 0.5098,0
-0.1026, 0.0000, 1.2723, 3.1415,-0.7059, 6.0370,-4.6799, 0.2991, 0.5105,0
-0.1094, 0.0000, 1.3288, 3.1415,-0.6808, 5.7313,-2.8465, 0.2878, 0.5112,0
-0.1161, 0.0000, 1.3823, 3.1415,-0.6758, 5.4188, 0.8430, 0.2765, 0.5120,0
-0.1223, 0.0000, 1.4325, 3.1415,-0.6262, 5.1050, 3.9719, 0.2659, 0.5127,0
-0.1283, 0.0000, 1.4796, 3.1415,-0.6042, 4.7909, 4.6799, 0.2560, 0.5134,0
-0.1337, 0.0000, 1.5236, 3.1415,-0.5574, 4.4767, 4.6799, 0.2467, 0.5141,0
-0.1388, 0.0000, 1.5645, 3.1415,-0.5177, 4.1626, 4.6799, 0.2380, 0.5148,0
-0.1435, 0.0000, 1.6022, 3.1415,-0.4794, 3.8484, 4.6799, 0.2299, 0.5155,0
-0.1477, 0.0000, 1.6399, 3.1415,-0.4354, 3.7856, 4.6799, 0.2502, 0.5163,0
-0.1513, 0.0000, 1.6713, 3.1415,-0.3720, 3.2703, 4.6799, 0.2218, 0.5170,0
-0.1545, 0.0000, 1.6996, 3.1415,-0.3290, 2.9160, 4.6799, 0.2112, 0.5177,0
-0.1573, 0.0000, 1.7247, 3.1415,-0.2901, 2.5938, 4.6799, 0.2042, 0.5184,0
-0.1599, 0.0000, 1.7498, 3.1415,-0.2641, 2.5293, 4.6799, 0.2174, 0.5191,0
-0.1619, 0.0000, 1.7718, 3.1415,-0.2165, 2.2651, 4.6799, 0.2152, 0.5199,0
-0.1635, 0.0000, 1.7875, 3.1415,-0.1706, 1.7096, 4.6799, 0.1953, 0.5206,0
-0.1648, 0.0000, 1.8032, 3.1415,-0.1372, 1.5985, 4.6799, 0.2012, 0.5213,0
-0.1656, 0.0000, 1.8158, 3.1415,-0.0941, 1.3250, 4.6799, 0.1987, 0.5220,0
-0.1662, 0.0000, 1.8252, 3.1415,-0.0612, 1.0189, 4.6799, 0.1953, 0.5227,0
-0.1664, 0.0000, 1.8346, 3.1415,-0.0304, 0.9577, 4.6799, 0.2001, 0.5234,0
-0.1664, 0.0000, 1.8378, 3.1415,-0.0060, 0.4428, 4.6799, 0.1922, 0.5242,0
-0.1662, 0.0000, 1.8409, 3.1415, 0.0169, 0.3399, 4.6799, 0.1932, 0.5249,0
-0.1657, 0.0000, 1.8409, 3.1415, 0.0397, 0.0679, 4.6799, 0.1917, 0.5256,0
-0.1650, 0.0000, 1.8378, 3.1415, 0.0625,-0.2377, 4.6799, 0.1902, 0.5263,0
-0.1643, 0.0000, 1.8315, 3.1415, 0.0670,-0.5502, 4.6799, 0.1893, 0.5270,0
-0.1635, 0.0000, 1.8221, 3.1415, 0.0801,-0.8640, 4.6799, 0.1890, 0.5278,0
-0.1624, 0.0000, 1.8095, 3.1415, 0.1009,-1.1781, 4.6799, 0.1892, 0.5285,0
-0.1612, 0.0000, 1.7938, 3.1415, 0.1232,-1.4922, 4.6799, 0.1900, 0.5292,0
-0.1597, 0.0000, 1.7781, 3.1415, 0.1398,-1.5550, 4.6799, 0.1816, 0.5299,0
-0.1581, 0.0000, 1.7561, 3.1415, 0.1553,-2.0703, 4.1891, 0.1923, 0.5306,0
-0.1564, 0.0000, 1.7341, 3.1415, 0.1705,-2.1733, 3.5090, 0.1829, 0.5313,0
-0.1544, 0.0000, 1.7090, 3.1415, 0.1917,-2.4452, 3.3221, 0.1826, 0.5321,0
-0.1523, 0.0000, 1.6776, 3.1415, 0.2081,-3.0023, 3.3730, 0.2027, 0.5328,0
-0.1499, 0.0000, 1.6461, 3.1415, 0.2295,-3.1137, 3.5069, 0.1898, 0.5335,0
-0.1474, 0.0000, 1.6116, 3.1415, 0.2460,-3.3873, 4.2855, 0.1899, 0.5342,0
-0.1448, 0.0000, 1.5739, 3.1415, 0.2614,-3.6934, 4.6799, 0.1932, 0.5349,0
-0.1418, 0.0000, 1.5330, 3.1415, 0.2887,-4.0059, 4.6799, 0.1975, 0.5357,0
-0.1386, 0.0000, 1.4891, 3.1415, 0.3124,-4.3197, 4.6799, 0.2026, 0.5364,0
-0.1352, 0.0000, 1.4419, 3.1415, 0.3353,-4.6338, 4.6799, 0.2083, 0.5371,0
-0.1315, 0.0000, 1.3917, 3.1415, 0.3641,-4.9480, 4.6799, 0.2148, 0.5378,0
-0.1274, 0.0000, 1.3383, 3.1415, 0.4002,-5.2621, 4.6799, 0.2222, 0.5385,0
-0.1231, 0.0000, 1.2817, 3.1415, 0.4256,-5.5763, 4.6799, 0.2306, 0.5392,0
-0.1185, 0.0000, 1.2220, 3.1415, 0.4549,-5.8904, 4.6799, 0.2404, 0.5400,0
-0.1134, 0.0000, 1.1592, 3.1415, 0.4972,-6.2046, 4.6799, 0.2517, 0.5407,0
-0.1079, 0.0000, 1.0932, 3.1415, 0.5420,-6.5188, 4.6799, 0.2649, 0.5414,0
-0.1020, 0.0000, 1.0241, 3.1415, 0.5752,-6.8329, 4.6799, 0.2803, 0.5421,0
-0.0959, 0.0000, 0.9519, 3.1415, 0.6061,-7.1471, 4.6799, 0.2985, 0.5428,0
-0.0893, 0.0000, 0.8765, 3.1415, 0.6487,-7.4612, 4.6799, 0.3199, 0.5435,0
-0.0823, 0.0000, 0.7979, 3.1415, 0.6936,-7.7754, 4.6799, 0.3450, 0.5443,0
-0.0747, 0.0000, 0.7162, 3.1415, 0.7450,-8.0896, 4.6799, 0.3745, 0.5450,0
-0.0668, 0.0000, 0.6314, 3.1415, 0.7796,-8.4037, 4.6799, 0.4091, 0.5457,0
-0.0584, 0.0000, 0.5434, 3.1415, 0.8289,-8.7179, 4.6799, 0.4494, 0.5464,0
-0.0497, 0.0000, 0.4523, 3.1415, 0.8630,-9.0320, 4.3709, 0.4962, 0.5471,0
-0.0407, 0.0000, 0.3612, 3.1415, 0.8941,-9.0949, 4.6799, 0.4863, 0.5479,0
-0.0313, 0.0000, 0.2638, 3.1415, 0.9306,-9.6101,-4.6799, 0.5997, 0.5486,0
-0.0224, 0.0000, 0.1696, 3.1415, 0.8955,-9.4618,-4.6799, 0.5455, 0.5493,0
-0.0133, 0.0000, 0.0753, 3.1415, 0.9067,-9.4321,-0.7186, 0.5294, 0.5500,0
-0.0043, 0.0000,-0.0188, 3.1415, 0.8968,-9.4262, 1.1652, 0.5259, 0.5507,0
 0.0042, 0.0000,-0.1130, 3.1415, 0.8705,-9.4250, 0.3309, 0.5301, 0.5514,0
 0.0128, 0.0000,-0.2073, 3.1415, 0.8592,-9.4248,-3.1469, 0.5408, 0.5522,0
 0.0208, 0.0000,-0.2984, 3.1415, 0.8145,-9.1734, 4.6799, 0.4917, 0.5529,0
 0.0291, 0.0000,-0.3864, 3.1415, 0.8238,-8.8718, 4.6799, 0.4367, 0.5536,0
 0.0369, 0.0000,-0.4743, 3.1415, 0.7892,-8.8115, 4.6799, 0.4482, 0.5543,0
 0.0444, 0.0000,-0.5592, 3.1415, 0.7641,-8.5481, 4.6799, 0.4142, 0.5550,0
 0.0518, 0.0000,-0.6440, 3.1415, 0.7409,-8.4954, 4.6799, 0.4361, 0.5558,0
 0.0591, 0.0000,-0.7257, 3.1415, 0.7302,-8.2336, 4.6799, 0.4119, 0.5565,0
 0.0662, 0.0000,-0.8073, 3.1415, 0.7160,-8.1812, 4.6799, 0.4405, 0.5572,0
 0.0730, 0.0000,-0.8827, 3.1415, 0.6889,-7.6681, 4.6799, 0.3672, 0.5579,0
 0.0796, 0.0000,-0.9550, 3.1415, 0.6652,-7.3141, 4.6799, 0.3342, 0.5586,0
 0.0860, 0.0000,-1.0273, 3.1415, 0.6484,-7.2433, 4.6799, 0.3631, 0.5593,0
 0.0926, 0.0000,-1.0964, 3.1415, 0.6511,-6.9778, 4.6799, 0.3536, 0.5601,0
 0.0987, 0.0000,-1.1623, 3.1415, 0.6213,-6.6734, 4.6799, 0.3382, 0.5608,0
 0.1047, 0.0000,-1.2252, 3.1415, 0.6032,-6.3612, 4.6799, 0.3232, 0.5615,0
 0.1107, 0.0000,-1.2849, 3.1415, 0.5996,-6.0474, 4.6799, 0.3094, 0.5622,0
 0.1166, 0.0000,-1.3414, 3.1415, 0.5928,-5.7333, 4.6799, 0.2969, 0.5629,0
 0.1226, 0.0000,-1.3948, 3.1415, 0.5975,-5.4192, 0.5132, 0.2854, 0.5637,0
 0.1281, 0.0000,-1.4451, 3.1415, 0.5621,-5.1050,-3.2722, 0.2748, 0.5644,0
 0.1331, 0.0000,-1.4922, 3.1415, 0.5126,-4.7909,-4.6799, 0.2650, 0.5651,0
 0.1383, 0.0000,-1.5362, 3.1415, 0.5148,-4.4767,-4.6799, 0.2557, 0.5658,0
 0.1431, 0.0000,-1.5802, 3.1415, 0.4910,-4.4139,-4.6799, 0.2795, 0.5665,0
 0.1474, 0.0000,-1.6179, 3.1415, 0.4377,-3.8987,-4.6799, 0.2466, 0.5672,0
 0.1512, 0.0000,-1.6524, 3.1415, 0.3907,-3.5443,-4.6799, 0.2344, 0.5680,0
 0.1546, 0.0000,-1.6838, 3.1415, 0.3570,-3.2221,-4.6799, 0.2263, 0.5687,0
 0.1577, 0.0000,-1.7153, 3.1415, 0.3139,-3.1576,-4.6799, 0.2430, 0.5694,0
 0.1604, 0.0000,-1.7404, 3.1415, 0.2810,-2.6421,-4.6799, 0.2189, 0.5701,0
 0.1627, 0.0000,-1.7655, 3.1415, 0.2381,-2.5390,-4.6799, 0.2292, 0.5708,0
 0.1646, 0.0000,-1.7875, 3.1415, 0.1992,-2.2671,-4.6799, 0.2264, 0.5716,0
 0.1661, 0.0000,-1.8064, 3.1415, 0.1611,-1.9613,-4.6799, 0.2214, 0.5723,0
 0.1675, 0.0000,-1.8221, 3.1415, 0.1474,-1.6489,-4.6799, 0.2166, 0.5730,0
 0.1684, 0.0000,-1.8346, 3.1415, 0.1022,-1.3350,-4.6799, 0.2122, 0.5737,0
 0.1690, 0.0000,-1.8441, 3.1415, 0.0689,-1.0210,-4.6799, 0.2084, 0.5744,0
 0.1694, 0.0000,-1.8535, 3.1415, 0.0441,-0.9581,-4.6799, 0.2131, 0.5751,0
 0.1695, 0.0000,-1.8598, 3.1415, 0.0148,-0.6942,-4.6799, 0.2114, 0.5759,0
 0.1693, 0.0000,-1.8629, 3.1415,-0.0152,-0.3901,-4.6799, 0.2089, 0.5766,0
 0.1688, 0.0000,-1.8629, 3.1415,-0.0394,-0.0780,-4.6799, 0.2069, 0.5773,0
 0.1681, 0.0000,-1.8598, 3.1415,-0.0624, 0.2357,-4.6799, 0.2054, 0.5780,0
 0.1672, 0.0000,-1.8535, 3.1415,-0.0852, 0.5498,-4.6799, 0.2045, 0.5787,0
 0.1662, 0.0000,-1.8472, 3.1415,-0.1019, 0.6126,-4.6799, 0.2012, 0.5795,0
 0.1648, 0.0000,-1.8346, 3.1415,-0.1295, 1.1278,-4.6799, 0.2051, 0.5802,0
 0.1632, 0.0000,-1.8221, 3.1415,-0.1532, 1.2308,-4.6799, 0.1997, 0.5809,0
 0.1615, 0.0000,-1.8064, 3.1415,-0.1640, 1.5028,-4.1067, 0.1992, 0.5816,0
 0.1597, 0.0000,-1.7875, 3.1415,-0.1783, 1.8085,-3.1819, 0.2002, 0.5823,0
 0.1577, 0.0000,-1.7655, 3.1415,-0.1933, 2.1210,-2.3941, 0.2019, 0.5830,0
 0.1556, 0.0000,-1.7404, 3.1415,-0.2084, 2.4348,-1.8722, 0.2042, 0.5838,0
 0.1534, 0.0000,-1.7121, 3.1415,-0.2235, 2.7489,-1.6842, 0.2069, 0.5845,0
 0.1510, 0.0000,-1.6807, 3.1415,-0.2326, 3.0630,-1.9429, 0.2101, 0.5852,0
 0.1484, 0.0000,-1.6461, 3.1415,-0.2526, 3.3772,-2.5040, 0.2137, 0.5859,0
 0.1457, 0.0000,-1.6116, 3.1415,-0.2688, 3.4400,-3.5240, 0.1949, 0.5866,0
 0.1428, 0.0000,-1.5707, 3.1415,-0.2841, 3.9552,-4.6799, 0.2190, 0.5874,0
 0.1397, 0.0000,-1.5299, 3.1415,-0.3054, 4.0583,-4.6799, 0.2012, 0.5881,0
 0.1365, 0.0000,-1.4828, 3.1415,-0.3218, 4.5815,-4.6799, 0.2307, 0.5888,0
 0.1328, 0.0000,-1.4357, 3.1415,-0.3554, 4.6862,-4.6799, 0.2107, 0.5895,0
 0.1288, 0.0000,-1.3823, 3.1415,-0.3924, 5.2098,-4.6799, 0.2454, 0.5902,0
 0.1246, 0.0000,-1.3288, 3.1415,-0.4119, 5.3145,-4.6799, 0.2233, 0.5909,0
 0.1201, 0.0000,-1.2692, 3.1415,-0.4461, 5.8381,-4.6799, 0.2638, 0.5917,0
 0.1151, 0.0000,-1.2095, 3.1415,-0.4894, 5.9428,-4.6799, 0.2406, 0.5924,0
 0.1097, 0.0000,-1.1435, 3.1415,-0.5283, 6.4664,-4.6799, 0.2878, 0.5931,0
 0.1040, 0.0000,-1.0744, 3.1415,-0.5604, 6.8224,-4.6799, 0.3096, 0.5938,0
 0.0979, 0.0000,-1.0053, 3.1415,-0.6032, 6.8937,-4.6799, 0.2805, 0.5945,0
 0.0914, 0.0000,-0.9299, 3.1415,-0.6420, 7.4106,-4.6799, 0.3394, 0.5953,0
 0.0843, 0.0000,-0.8513, 3.1415,-0.6923, 7.7653,-4.6799, 0.3710, 0.5960,0
 0.0768, 0.0000,-0.7728, 3.1415,-0.7387, 7.8362,-4.6799, 0.3455, 0.5967,0
 0.0689, 0.0000,-0.6880, 3.1415,-0.7783, 8.3530,-4.6799, 0.4221, 0.5974,0
 0.0607, 0.0000,-0.6000, 3.1415,-0.8165, 8.7077,-4.6799, 0.4689, 0.5981,0
 0.0518, 0.0000,-0.5120, 3.1415,-0.8727, 8.7787,-4.6799, 0.4529, 0.5988,0
 0.0426, 0.0000,-0.4178, 3.1415,-0.9082, 9.2955,-1.2700, 0.5533, 0.5996,0
 0.0331, 0.0000,-0.3235, 3.1415,-0.9395, 9.3989,-3.9784, 0.5559, 0.6003,0
 0.0234, 0.0000,-0.2293, 3.1415,-0.9640, 9.4196,-4.6799, 0.5429, 0.6010,0
 0.0134, 0.0000,-0.1319, 3.1415,-0.9992, 9.6750, 4.6799, 0.5986, 0.6017,0
 0.0042, 0.0000,-0.0345, 3.1415,-0.9335, 9.7261, 4.6799, 0.6067, 0.6024,0
-0.0052, 0.0000, 0.0628, 3.1415,-0.9446, 9.7363, 4.6799, 0.6104, 0.6032,0
-0.0140, 0.0000, 0.1570, 3.1415,-0.8983, 9.4870,-4.6799, 0.5508, 0.6039,0
-0.0234, 0.0000, 0.2513, 3.1415,-0.9254, 9.4372,-4.6799, 0.5513, 0.6046,0
-0.0319, 0.0000, 0.3424, 3.1415,-0.8641, 9.1759,-4.6799, 0.5023, 0.6053,0
-0.0404, 0.0000, 0.4335, 3.1415,-0.8579, 9.1236,-4.6799, 0.5137, 0.6060,0
-0.0485, 0.0000, 0.5215, 3.1415,-0.8143, 8.8619,-4.6799, 0.4768, 0.6067,0
-0.0567, 0.0000, 0.6094, 3.1415,-0.8237, 8.8095,-4.6799, 0.4977, 0.6075,0
-0.0648, 0.0000, 0.6942, 3.1415,-0.8135, 8.5477,-4.6799, 0.4710, 0.6082,0
-0.0724, 0.0000, 0.7759, 3.1415,-0.7690, 8.2440,-4.6799, 0.4389, 0.6089,0
-0.0801, 0.0000, 0.8545, 3.1415,-0.7662, 7.9319,-4.6799, 0.4093, 0.6096,0
-0.0876, 0.0000, 0.9330, 3.1415,-0.7535, 7.8695,-4.6799, 0.4394, 0.6103,0
-0.0947, 0.0000, 1.0084, 3.1415,-0.7206, 7.6057,-4.6799, 0.4270, 0.6111,0
-0.1019, 0.0000, 1.0807, 3.1415,-0.7201, 7.3016,-4.6799, 0.4083, 0.6118,0
-0.1088, 0.0000, 1.1466, 3.1415,-0.6957, 6.7382,-4.6799, 0.3401, 0.6125,0
-0.1155, 0.0000, 1.2126, 3.1415,-0.6727, 6.6255,-4.6799, 0.3628, 0.6132,0
-0.1223, 0.0000, 1.2754, 3.1415,-0.6802, 6.3516,-4.6799, 0.3558, 0.6139,0
-0.1289, 0.0000, 1.3351, 3.1415,-0.6696, 6.0455,-4.6799, 0.3440, 0.6146,0
-0.1353, 0.0000, 1.3948, 3.1415,-0.6432, 5.9843, 1.0216, 0.3756, 0.6154,0
-0.1412, 0.0000, 1.4482, 3.1415,-0.5955, 5.4694, 3.6755, 0.3310, 0.6161,0
-0.1470, 0.0000, 1.4985, 3.1415,-0.5859, 5.1151, 4.6799, 0.3144, 0.6168,0
-0.1523, 0.0000, 1.5456, 3.1415,-0.5416, 4.7929, 4.6799, 0.3035, 0.6175,0
-0.1571, 0.0000, 1.5896, 3.1415,-0.4963, 4.4771, 4.6799, 0.2941, 0.6182,0
-0.1614, 0.0000, 1.6304, 3.1415,-0.4388, 4.1626, 4.6799, 0.2854, 0.6190,0
-0.1654, 0.0000, 1.6681, 3.1415,-0.4091, 3.8484, 4.6799, 0.2771, 0.6197,0
-0.1689, 0.0000, 1.7058, 3.1415,-0.3607, 3.7856, 4.6799, 0.2973, 0.6204,0
-0.1718, 0.0000, 1.7373, 3.1415,-0.3025, 3.2703, 4.6799, 0.2687, 0.6211,0
-0.1743, 0.0000, 1.7687, 3.1415,-0.2666, 3.1673, 4.6799, 0.2816, 0.6218,0
-0.1765, 0.0000, 1.7938, 3.1415,-0.2291, 2.6440, 4.6799, 0.2567, 0.6225,0
-0.1784, 0.0000, 1.8189, 3.1415,-0.1913, 2.5394, 4.6799, 0.2666, 0.6233,0
-0.1798, 0.0000, 1.8409, 3.1415,-0.1534, 2.2671, 4.6799, 0.2636, 0.6240,0
-0.1807, 0.0000, 1.8598, 3.1415,-0.1034, 1.9613, 4.6799, 0.2585, 0.6247,0
-0.1812, 0.0000, 1.8786, 3.1415,-0.0631, 1.9002, 4.6799, 0.2681, 0.6254,0
-0.1815, 0.0000, 1.8912, 3.1415,-0.0308, 1.3853, 4.6799, 0.2530, 0.6261,0
-0.1815, 0.0000, 1.9038, 3.1415,-0.0061, 1.2823, 4.6799, 0.2577, 0.6269,0
-0.1812, 0.0000, 1.9132, 3.1415, 0.0230, 1.0104, 4.6799, 0.2554, 0.6276,0
-0.1808, 0.0000, 1.9195, 3.1415, 0.0349, 0.7047, 4.6799, 0.2523, 0.6283,0
-0.1803, 0.0000, 1.9226, 3.1415, 0.0494, 0.3922, 4.6799, 0.2496, 0.6290,0
-0.1796, 0.0000, 1.9257, 3.1415, 0.0644, 0.3297, 4.6799, 0.2511, 0.6297,0
-0.1787, 0.0000, 1.9226, 3.1415, 0.0856,-0.1853, 4.6799, 0.2479, 0.6304,0
-0.1778, 0.0000, 1.9195, 3.1415, 0.0898,-0.2883, 4.6799, 0.2465, 0.6312,0
-0.1766, 0.0000, 1.9132, 3.1415, 0.1089,-0.5603, 4.6799, 0.2455, 0.6319,0
-0.1753, 0.0000, 1.9038, 3.1415, 0.1248,-0.8660, 4.6799, 0.2452, 0.6326,0
-0.1739, 0.0000, 1.8912, 3.1415, 0.1401,-1.1785, 4.6799, 0.2456, 0.6333,0
-0.1722, 0.0000, 1.8755, 3.1415, 0.1614,-1.4923, 3.6410, 0.2466, 0.6340,0
-0.1703, 0.0000, 1.8598, 3.1415, 0.1838,-1.5551, 2.4691, 0.2385, 0.6348,0
-0.1684, 0.0000, 1.8378, 3.1415, 0.1944,-2.0703, 1.5124, 0.2494, 0.6355,0
-0.1664, 0.0000, 1.8158, 3.1415, 0.1965,-2.1733, 0.5535, 0.2403, 0.6362,0
-0.1643, 0.0000, 1.7907, 3.1415, 0.2090,-2.4452, 0.1815, 0.2403, 0.6369,0
-0.1621, 0.0000, 1.7624, 3.1415, 0.2176,-2.7510,-0.0303, 0.2427, 0.6376,0
-0.1603, 0.0000, 1.7310, 3.1415, 0.1829,-3.0634, 0.5394, 0.2459, 0.6383,0
-0.1579, 0.0000, 1.6933, 3.1415, 0.2306,-3.6286, 0.8112, 0.2720, 0.6391,0
-0.1556, 0.0000, 1.6587, 3.1415, 0.2280,-3.4903, 1.6410, 0.2336, 0.6398,0
-0.1531, 0.0000, 1.6179, 3.1415, 0.2456,-3.9653, 3.2560, 0.2539, 0.6405,0
-0.1504, 0.0000, 1.5739, 3.1415, 0.2674,-4.3116, 4.6799, 0.2625, 0.6412,0
-0.1475, 0.0000, 1.5268, 3.1415, 0.2838,-4.6322, 4.6799, 0.2688, 0.6419,0
-0.1443, 0.0000, 1.4765, 3.1415, 0.3114,-4.9476, 4.6799, 0.2751, 0.6426,0
-0.1409, 0.0000, 1.4231, 3.1415, 0.3351,-5.2620, 4.6799, 0.2820, 0.6434,0
-0.1374, 0.0000, 1.3665, 3.1415, 0.3520,-5.5763, 4.6799, 0.2897, 0.6441,0
-0.1333, 0.0000, 1.3069, 3.1415, 0.3917,-5.8904, 4.6799, 0.2984, 0.6448,0
-0.1289, 0.0000, 1.2472, 3.1415, 0.4300,-5.9533, 4.6799, 0.2678, 0.6455,0
-0.1242, 0.0000, 1.1812, 3.1415, 0.4679,-6.4685, 4.6799, 0.3130, 0.6462,0
-0.1191, 0.0000, 1.1121, 3.1415, 0.4998,-6.8229, 4.6799, 0.3337, 0.6470,0
-0.1136, 0.0000, 1.0398, 3.1415, 0.5425,-7.1451, 4.6799, 0.3511, 0.6477,0
-0.1075, 0.0000, 0.9644, 3.1415, 0.5935,-7.4608, 4.6799, 0.3700, 0.6484,0
-0.1011, 0.0000, 0.8859, 3.1415, 0.6341,-7.7753, 4.6799, 0.3921, 0.6491,0
-0.0942, 0.0000, 0.8042, 3.1415, 0.6725,-8.0895, 4.6799, 0.4180, 0.6498,0
-0.0869, 0.0000, 0.7194, 3.1415, 0.7226,-8.4037, 4.6799, 0.4485, 0.6505,0
-0.0792, 0.0000, 0.6314, 3.1415, 0.7629,-8.7179, 4.6799, 0.4844, 0.6513,0
-0.0708, 0.0000, 0.5403, 3.1415, 0.8195,-9.0320, 4.6799, 0.5263, 0.6520,0
-0.0623, 0.0000, 0.4461, 3.1415, 0.8430,-9.3462, 4.6799, 0.5751, 0.6527,0
-0.0532, 0.0000, 0.3487, 3.1415, 0.8962,-9.6604,-4.3398, 0.6316, 0.6534,0
-0.0446, 0.0000, 0.2513, 3.1415, 0.8704,-9.7232, 0.4074, 0.6280, 0.6541,0
-0.0354, 0.0000, 0.1539, 3.1415, 0.9077,-9.7357, 4.6799, 0.6173, 0.6549,0
-0.0260, 0.0000, 0.0565, 3.1415, 0.9334,-9.7383, 4.6799, 0.6107, 0.6556,0
-0.0165, 0.0000,-0.0408, 3.1415, 0.9446,-9.7388, 4.6799, 0.6103, 0.6563,0
-0.0072, 0.0000,-0.1413, 3.1415, 0.9407,-9.9902,-4.6799, 0.6863, 0.6570,0
 0.0013, 0.0000,-0.2387, 3.1415, 0.8733,-9.7891, 0.4525, 0.6438, 0.6577,0
 0.0108, 0.0000,-0.3361, 3.1415, 0.9325,-9.7489,-3.7770, 0.6526, 0.6584,0
 0.0188, 0.0000,-0.4303, 3.1415, 0.8292,-9.4896, 4.6799, 0.6081, 0.6592,0
 0.0274, 0.0000,-0.5215, 3.1415, 0.8510,-9.1864, 4.6799, 0.5588, 0.6599,0
 0.0350, 0.0000,-0.6094, 3.1415, 0.7765,-8.8744, 4.6799, 0.5137, 0.6606,0
 0.0427, 0.0000,-0.6974, 3.1415, 0.7737,-8.8120, 4.6799, 0.5367, 0.6613,0
 0.0501, 0.0000,-0.7822, 3.1415, 0.7489,-8.5482, 4.6799, 0.5136, 0.6620,0
 0.0572, 0.0000,-0.8639, 3.1415, 0.7136,-8.2441, 4.6799, 0.4851, 0.6628,0
 0.0641, 0.0000,-0.9424, 3.1415, 0.7005,-7.9320, 4.6799, 0.4587, 0.6635,0
 0.0708, 0.0000,-1.0178, 3.1415, 0.6736,-7.6182, 4.6799, 0.4354, 0.6642,0
 0.0773, 0.0000,-1.0932, 3.1415, 0.6561,-7.5555, 4.6799, 0.4691, 0.6649,0
 0.0839, 0.0000,-1.1623, 3.1415, 0.6526,-7.0403, 4.6799, 0.4087, 0.6656,0
 0.0898, 0.0000,-1.2283, 3.1415, 0.6034,-6.6859, 4.6799, 0.3847, 0.6663,0
 0.0958, 0.0000,-1.2943, 3.1415, 0.6057,-6.6150, 4.6799, 0.4166, 0.6671,0
 0.1019, 0.0000,-1.3540, 3.1415, 0.6062,-6.0982, 4.6799, 0.3661, 0.6678,0
 0.1077, 0.0000,-1.4137, 3.1415, 0.5820,-5.9948, 1.9636, 0.3908, 0.6685,0
 0.1132, 0.0000,-1.4702, 3.1415, 0.5590,-5.7228,-2.5687, 0.3864, 0.6692,0
 0.1183, 0.0000,-1.5205, 3.1415, 0.5180,-5.1658,-4.6799, 0.3375, 0.6699,0
 0.1233, 0.0000,-1.5707, 3.1415, 0.5098,-5.0544,-4.6799, 0.3576, 0.6707,0
 0.1281, 0.0000,-1.6179, 3.1415, 0.4839,-4.7807,-4.6799, 0.3538, 0.6714,0
 0.1323, 0.0000,-1.6619, 3.1415, 0.4302,-4.4747,-4.6799, 0.3456, 0.6721,0
 0.1360, 0.0000,-1.6996, 3.1415, 0.3831,-3.9108,-4.6799, 0.3063, 0.6728,0
 0.1393, 0.0000,-1.7373, 3.1415, 0.3434,-3.7981,-4.6799, 0.3209, 0.6735,0
 0.1423, 0.0000,-1.7718, 3.1415, 0.3051,-3.5242,-4.6799, 0.3172, 0.6742,0
 0.1449, 0.0000,-1.8064, 3.1415, 0.2671,-3.4694,-4.6799, 0.3361, 0.6750,0
 0.1471, 0.0000,-1.8346, 3.1415, 0.2353,-2.9558,-4.6799, 0.3096, 0.6757,0
 0.1490, 0.0000,-1.8598, 3.1415, 0.1925,-2.6017,-4.6799, 0.2994, 0.6764,0
 0.1505, 0.0000,-1.8849, 3.1415, 0.1658,-2.5309,-4.6799, 0.3115, 0.6771,0
 0.1518, 0.0000,-1.9069, 3.1415, 0.1301,-2.2654,-4.6799, 0.3087, 0.6778,0
 0.1527, 0.0000,-1.9257, 3.1415, 0.0987,-1.9610,-4.6799, 0.3034, 0.6786,0
 0.1531, 0.0000,-1.9415, 3.1415, 0.0561,-1.6488,-4.6799, 0.2982, 0.6793,0
 0.1533, 0.0000,-1.9572, 3.1415, 0.0233,-1.5864,-4.6799, 0.3058, 0.6800,0
 0.1532, 0.0000,-1.9697, 3.1415,-0.0013,-1.3225,-4.6799, 0.3034, 0.6807,0
 0.1527, 0.0000,-1.9792, 3.1415,-0.0427,-1.0185,-4.6799, 0.2997, 0.6814,0
 0.1520, 0.0000,-1.9854, 3.1415,-0.0631,-0.7063,-4.6799, 0.2963, 0.6821,0
 0.1511, 0.0000,-1.9917, 3.1415,-0.0853,-0.6439,-4.6799, 0.2992, 0.6829,0
 0.1500, 0.0000,-1.9917, 3.1415,-0.1019,-0.1287,-4.6799, 0.2936, 0.6836,0
 0.1488, 0.0000,-1.9917, 3.1415,-0.1174,-0.0257,-4.6799, 0.2934, 0.6843,0
 0.1474, 0.0000,-1.9886, 3.1415,-0.1386, 0.2461,-4.6799, 0.2922, 0.6850,0
 0.1457, 0.0000,-1.9823, 3.1415,-0.1611, 0.5518,-4.6799, 0.2915, 0.6857,0
 0.1440, 0.0000,-1.9760, 3.1415,-0.1716, 0.6130,-4.4367, 0.2883, 0.6865,0
 0.1421, 0.0000,-1.9634, 3.1415,-0.1859, 1.1279,-2.4242, 0.2926, 0.6872,0
 0.1401, 0.0000,-1.9509, 3.1415,-0.1948, 1.2308,-0.4798, 0.2876, 0.6879,0
 0.1380, 0.0000,-1.9352, 3.1415,-0.2026, 1.5028, 0.8317, 0.2875, 0.6886,0
 0.1367, 0.0000,-1.9163, 3.1415,-0.1496, 1.8085, 1.6345, 0.2890, 0.6893,0
 0.1350, 0.0000,-1.8943, 3.1415,-0.1633, 2.1210, 3.0167, 0.2913, 0.6900,0
 0.1337, 0.0000,-1.8692, 3.1415,-0.1357, 2.4348, 3.6765, 0.2941, 0.6908,0
 0.1327, 0.0000,-1.8409, 3.1415,-0.1120, 2.7488, 3.9990, 0.2974, 0.6915,0
 0.1321, 0.0000,-1.8095, 3.1415,-0.0709, 3.0630, 3.7008, 0.3011, 0.6922,0
 0.1317, 0.0000,-1.7749, 3.1415,-0.0445, 3.3772, 3.0806, 0.3052, 0.6929,0
 0.1314, 0.0000,-1.7373, 3.1415,-0.0270, 3.6913, 2.0488, 0.3097, 0.6936,0
 0.1314, 0.0000,-1.6964, 3.1415,-0.0054, 4.0055, 0.4346, 0.3146, 0.6944,0
 0.1315, 0.0000,-1.6493, 3.1415, 0.0049, 4.5710,-1.8681, 0.3488, 0.6951,0
 0.1312, 0.0000,-1.6022, 3.1415,-0.0232, 4.6841,-3.9437, 0.3297, 0.6958,0
 0.1310, 0.0000,-1.5519, 3.1415,-0.0228, 4.9580,-4.6799, 0.3306, 0.6965,0
 0.1304, 0.0000,-1.5016, 3.1415,-0.0530, 5.0128,-4.6799, 0.3022, 0.6972,0
 0.1296, 0.0000,-1.4451, 3.1415,-0.0773, 5.5264,-4.6799, 0.3375, 0.6979,0
 0.1283, 0.0000,-1.3854, 3.1415,-0.1185, 5.8805,-4.6799, 0.3517, 0.6987,0
 0.1265, 0.0000,-1.3226, 3.1415,-0.1631, 6.2026,-4.6799, 0.3622, 0.6994,0
 0.1245, 0.0000,-1.2566, 3.1415,-0.1963, 6.5184,-4.6799, 0.3729, 0.7001,0
 0.1220, 0.0000,-1.1875, 3.1415,-0.2393, 6.8328,-4.6799, 0.3850, 0.7008,0
 0.1189, 0.0000,-1.1152, 3.1415,-0.2904, 7.1471,-4.6799, 0.3992, 0.7015,0
 0.1154, 0.0000,-1.0398, 3.1415,-0.3430, 7.4612,-4.6799, 0.4157, 0.7023,0
 0.1114, 0.0000,-0.9613, 3.1415,-0.3839, 7.7754,-4.6799, 0.4353, 0.7030,0
 0.1070, 0.0000,-0.8765, 3.1415,-0.4284, 8.3409,-4.6799, 0.5145, 0.7037,0
 0.1020, 0.0000,-0.7916, 3.1415,-0.4858, 8.4540,-4.6799, 0.4960, 0.7044,0
 0.0965, 0.0000,-0.7037, 3.1415,-0.5397, 8.7279,-4.6799, 0.5189, 0.7051,0
 0.0905, 0.0000,-0.6094, 3.1415,-0.5869, 9.2854,-4.6799, 0.6182, 0.7058,0
 0.0841, 0.0000,-0.5152, 3.1415,-0.6327, 9.3969,-4.6799, 0.6113, 0.7066,0
 0.0771, 0.0000,-0.4178, 3.1415,-0.6843, 9.6705,-4.6799, 0.6529, 0.7073,0
 0.0697, 0.0000,-0.3173, 3.1415,-0.7310, 9.9765, 4.6799, 0.7112, 0.7080,0
 0.0632, 0.0000,-0.2136, 3.1415,-0.6676, 10.2891, 4.6799, 0.7803, 0.7087,0
 0.0559, 0.0000,-0.1130, 3.1415,-0.7156, 10.1003, 4.6799, 0.7147, 0.7094,0
 0.0491, 0.0000,-0.0125, 3.1415,-0.6888, 10.0625,-1.1667, 0.6995, 0.7102,0
 0.0420, 0.0000, 0.0879, 3.1415,-0.7016, 10.0549,-1.3839, 0.7001, 0.7109,0
 0.0354, 0.0000, 0.1853, 3.1415,-0.6678, 9.8021,-4.6799, 0.6393, 0.7116,0
 0.0290, 0.0000, 0.2827, 3.1415,-0.6489, 9.7515,-4.6799, 0.6417, 0.7123,0
 0.0228, 0.0000, 0.3832, 3.1415,-0.6209, 9.9927, 4.6799, 0.7319, 0.7130,0
 0.0174, 0.0000, 0.4775, 3.1415,-0.5607, 9.5383,-4.6799, 0.6359, 0.7137,0
 0.0110, 0.0000, 0.5686, 3.1415,-0.6214, 9.1961,-4.6799, 0.5788, 0.7145,0
 0.0056, 0.0000, 0.6597, 3.1415,-0.5608, 9.1277,-4.6799, 0.5990, 0.7152,0
 0.0003, 0.0000, 0.7476, 3.1415,-0.5305, 8.8627,-4.6799, 0.5731, 0.7159,0
-0.0044, 0.0000, 0.8325, 3.1415,-0.4941, 8.5583,-4.6799, 0.5421, 0.7166,0
-0.0092, 0.0000, 0.9173, 3.1415,-0.4808, 8.4975,-4.6799, 0.5743, 0.7173,0
-0.0137, 0.0000, 0.9958, 3.1415,-0.4599, 7.9826,-4.6799, 0.5016, 0.7181,0
-0.0182, 0.0000, 1.0744, 3.1415,-0.4497, 7.8797,-4.6799, 0.5272, 0.7188,0
-0.0224, 0.0000, 1.1466, 3.1415,-0.4234, 7.3564,-4.6799, 0.4621, 0.7195,0
-0.0264, 0.0000, 1.2189, 3.1415,-0.4060, 7.2518,-4.6799, 0.4887, 0.7202,0
-0.0304, 0.0000, 1.2849, 3.1415,-0.4025, 6.7282,-4.6799, 0.4312, 0.7209,0
-0.0343, 0.0000, 1.3508, 3.1415,-0.3897, 6.6235,-4.6799, 0.4575, 0.7216,0
-0.0381, 0.0000, 1.4137, 3.1415,-0.3811, 6.3512,-4.6799, 0.4524, 0.7224,0
-0.0419, 0.0000, 1.4734, 3.1415,-0.3854, 6.0454,-4.5789, 0.4418, 0.7231,0
-0.0458, 0.0000, 1.5299, 3.1415,-0.3863, 5.7329, 0.2696, 0.4308, 0.7238,0
-0.0491, 0.0000, 1.5833, 3.1415,-0.3379, 5.4191, 4.2708, 0.4201, 0.7245,0
-0.0518, 0.0000, 1.6336, 3.1415,-0.2858, 5.1050, 4.6799, 0.4099, 0.7252,0
-0.0547, 0.0000, 1.6807, 3.1415,-0.2875, 4.7909, 4.6799, 0.4001, 0.7260,0
-0.0569, 0.0000, 1.7247, 3.1415,-0.2333, 4.4767, 4.6799, 0.3906, 0.7267,0
-0.0588, 0.0000, 1.7655, 3.1415,-0.1982, 4.1625, 4.6799, 0.3815, 0.7274,0
-0.0601, 0.0000, 1.8064, 3.1415,-0.1427, 4.0997, 4.6799, 0.4029, 0.7281,0
-0.0611, 0.0000, 1.8409, 3.1415,-0.1134, 3.5845, 4.6799, 0.3715, 0.7288,0
-0.0616, 0.0000, 1.8755, 3.1415,-0.0651, 3.4815, 4.6799, 0.3851, 0.7295,0
-0.0619, 0.0000, 1.9069, 3.1415,-0.0312, 3.2095, 4.6799, 0.3810, 0.7303,0
-0.0618, 0.0000, 1.9352, 3.1415,-0.0001, 2.9038, 4.6799, 0.3739, 0.7310,0
-0.0614, 0.0000, 1.9634, 3.1415, 0.0302, 2.8427, 4.6799, 0.3879, 0.7317,0
-0.0610, 0.0000, 1.9854, 3.1415, 0.0363, 2.3278, 4.6799, 0.3651, 0.7324,0
-0.0603, 0.0000, 2.0074, 3.1415, 0.0679, 2.2248, 4.6799, 0.3730, 0.7331,0
-0.0593, 0.0000, 2.0263, 3.1415, 0.0924, 1.9529, 4.6799, 0.3693, 0.7339,0
-0.0582, 0.0000, 2.0420, 3.1415, 0.1033, 1.6472, 4.6799, 0.3639, 0.7346,0
-0.0569, 0.0000, 2.0546, 3.1415, 0.1237, 1.3347, 4.6799, 0.3589, 0.7353,0
-0.0557, 0.0000, 2.0671, 3.1415, 0.1278, 1.2722, 4.6799, 0.3646, 0.7360,0
-0.0541, 0.0000, 2.0765, 3.1415, 0.1528, 1.0084, 4.6799, 0.3621, 0.7367,0
-0.0523, 0.0000, 2.0828, 3.1415, 0.1700, 0.7043, 4.6799, 0.3588, 0.7374,0
-0.0505, 0.0000, 2.0860, 3.1415, 0.1795, 0.3921, 4.6799, 0.3559, 0.7382,0
-0.0488, 0.0000, 2.0891, 3.1415, 0.1753, 0.3297, 4.6799, 0.3573, 0.7389,0
-0.0466, 0.0000, 2.0891, 3.1415, 0.2048, 0.0659, 2.9091, 0.3558, 0.7396,0
-0.0446, 0.0000, 2.0828, 3.1415, 0.2046,-0.4894,-0.1487, 0.3552, 0.7403,0
-0.0431, 0.0000, 2.0797, 3.1415, 0.1622,-0.3492,-1.5622, 0.3515, 0.7410,0
-0.0414, 0.0000, 2.0703, 3.1415, 0.1658,-0.8238,-3.2117, 0.3534, 0.7417,0
-0.0398, 0.0000, 2.0577, 3.1415, 0.1604,-1.1700,-4.6799, 0.3551, 0.7425,0
-0.0388, 0.0000, 2.0420, 3.1415, 0.1169,-1.4906,-4.6799, 0.3571, 0.7432,0
-0.0381, 0.0000, 2.0231, 3.1415, 0.0719,-1.8060,-4.6799, 0.3595, 0.7439,0
-0.0380, 0.0000, 2.0011, 3.1415, 0.0265,-2.1204,-4.6799, 0.3625, 0.7446,0
-0.0381, 0.0000, 1.9760, 3.1415,-0.0007,-2.4347,-4.6799, 0.3661, 0.7453,0
-0.0385, 0.0000, 1.9477, 3.1415,-0.0304,-2.7488,-4.6799, 0.3701, 0.7461,0
-0.0392, 0.0000, 1.9163, 3.1415,-0.0667,-3.0630,-4.6799, 0.3745, 0.7468,0
-0.0403, 0.0000, 1.8818, 3.1415,-0.0982,-3.3772,-4.6799, 0.3794, 0.7475,0
-0.0415, 0.0000, 1.8441, 3.1415,-0.1166,-3.6913,-4.6799, 0.3845, 0.7482,0
-0.0429, 0.0000, 1.8032, 3.1415,-0.1385,-4.0055,-4.6799, 0.3900, 0.7489,0
-0.0446, 0.0000, 1.7592, 3.1415,-0.1611,-4.3196,-4.6799, 0.3957, 0.7496,0
-0.0464, 0.0000, 1.7121, 3.1415,-0.1777,-4.6338,-4.6799, 0.4017, 0.7504,0
-0.0484, 0.0000, 1.6619, 3.1415,-0.1931,-4.9480,-3.6143, 0.4080, 0.7511,0
-0.0504, 0.0000, 1.6084, 3.1415,-0.1962,-5.2621,-0.4060, 0.4147, 0.7518,0
-0.0522, 0.0000, 1.5519, 3.1415,-0.1908,-5.5763, 3.2643, 0.4218, 0.7525,0
-0.0532, 0.0000, 1.4953, 3.1415,-0.1169,-5.6391, 4.6799, 0.3911, 0.7532,0
-0.0545, 0.0000, 1.4325, 3.1415,-0.1264,-6.1543, 4.6799, 0.4313, 0.7540,0
-0.0551, 0.0000, 1.3665, 3.1415,-0.0677,-6.5087, 4.6799, 0.4474, 0.7547,0
-0.0551, 0.0000, 1.2974, 3.1415,-0.0135,-6.8309, 4.6799, 0.4594, 0.7554,0
-0.0546, 0.0000, 1.2252, 3.1415, 0.0336,-7.1467, 4.6799, 0.4718, 0.7561,0
-0.0534, 0.0000, 1.1498, 3.1415, 0.1037,-7.4612, 4.6799, 0.4859, 0.7568,0
-0.0516, 0.0000, 1.0712, 3.1415, 0.1662,-7.7754, 4.6799, 0.5024, 0.7575,0
-0.0493, 0.0000, 0.9896, 3.1415, 0.2151,-8.0895, 4.6799, 0.5219, 0.7583,0
-0.0466, 0.0000, 0.9016, 3.1415, 0.2552,-8.6550, 4.6799, 0.6032, 0.7590,0
-0.0434, 0.0000, 0.8136, 3.1415, 0.3117,-8.7681, 4.6799, 0.5831, 0.7597,0
-0.0397, 0.0000, 0.7194, 3.1415, 0.3594,-9.2934, 4.6799, 0.6690, 0.7604,0
-0.0352, 0.0000, 0.6251, 3.1415, 0.4296,-9.3985, 4.6799, 0.6543, 0.7611,0
-0.0303, 0.0000, 0.5246, 3.1415, 0.4800,-9.9221,-4.6799, 0.7567, 0.7619,0
-0.0257, 0.0000, 0.4241, 3.1415, 0.4598,-10.0269,-4.6799, 0.7530, 0.7626,0
-0.0206, 0.0000, 0.3204, 3.1415, 0.5042,-10.2991,-4.6799, 0.8034, 0.7633,0
-0.0156, 0.0000, 0.2199, 3.1415, 0.5010,-10.1023, 4.6799, 0.7279, 0.7640,0
-0.0101, 0.0000, 0.1162, 3.1415, 0.5367,-10.3142,-4.6799, 0.7761, 0.7647,0
-0.0058, 0.0000, 0.0125, 3.1415, 0.4529,-10.3566,-4.6799, 0.7836, 0.7654,0
-0.0014, 0.0000,-0.0911, 3.1415, 0.4422,-10.3651,-4.6799, 0.7889, 0.7662,0
 0.0025, 0.0000,-0.1916, 3.1415, 0.4098,-10.1155, 4.6799, 0.7275, 0.7669,0
 0.0068, 0.0000,-0.2890, 3.1415, 0.4275,-9.8142, 4.6799, 0.6601, 0.7676,0
 0.0106, 0.0000,-0.3864, 3.1415, 0.3826,-9.7540, 4.6799, 0.6668, 0.7683,0
 0.0140, 0.0000,-0.4838, 3.1415, 0.3493,-9.7419, 4.6799, 0.6929, 0.7690,0
 0.0172, 0.0000,-0.5780, 3.1415, 0.3305,-9.4882, 4.6799, 0.6589, 0.7698,0
 0.0205, 0.0000,-0.6691, 3.1415, 0.3268,-9.1861, 4.6799, 0.6181, 0.7705,0
 0.0237, 0.0000,-0.7602, 3.1415, 0.3200,-9.1257, 4.6799, 0.6455, 0.7712,0
 0.0266, 0.0000,-0.8482, 3.1415, 0.2944,-8.8623, 4.6799, 0.6246, 0.7719,0
 0.0291, 0.0000,-0.9330, 3.1415, 0.2589,-8.5582, 4.6799, 0.5978, 0.7726,0
 0.0316, 0.0000,-1.0147, 3.1415, 0.2518,-8.2461, 4.6799, 0.5729, 0.7733,0
 0.0339, 0.0000,-1.0932, 3.1415, 0.2383,-7.9324, 4.6799, 0.5509, 0.7741,0
 0.0362, 0.0000,-1.1718, 3.1415, 0.2295,-7.8696, 4.6799, 0.5880, 0.7748,0
 0.0380, 0.0000,-1.2440, 3.1415, 0.1914,-7.3544, 4.6799, 0.5267, 0.7755,0
 0.0400, 0.0000,-1.3131, 3.1415, 0.1959,-7.0000, 4.6799, 0.5030, 0.7762,0
 0.0421, 0.0000,-1.3823, 3.1415, 0.2089,-6.9292, 4.6799, 0.5376, 0.7769,0
 0.0440, 0.0000,-1.4451, 3.1415, 0.1933,-6.4123, 4.6799, 0.4856, 0.7777,0
 0.0458, 0.0000,-1.5079, 3.1415, 0.1841,-6.3090, 4.0642, 0.5121, 0.7784,0
 0.0476, 0.0000,-1.5676, 3.1415, 0.1823,-6.0370,-0.6671, 0.5079, 0.7791,0
 0.0491, 0.0000,-1.6210, 3.1415, 0.1516,-5.4799,-4.6799, 0.4564, 0.7798,0
 0.0501, 0.0000,-1.6744, 3.1415, 0.1152,-5.3685,-4.6799, 0.4778, 0.7805,0
 0.0510, 0.0000,-1.7247, 3.1415, 0.0958,-5.0949,-4.6799, 0.4735, 0.7812,0
 0.0516, 0.0000,-1.7718, 3.1415, 0.0676,-4.7888,-4.6799, 0.4644, 0.7820,0
 0.0519, 0.0000,-1.8158, 3.1415, 0.0377,-4.4763,-4.6799, 0.4547, 0.7827,0
 0.0519, 0.0000,-1.8566, 3.1415, 0.0075,-4.1625,-4.6799, 0.4450, 0.7834,0
 0.0515, 0.0000,-1.8943, 3.1415,-0.0348,-3.8484,-4.6799, 0.4356, 0.7841,0
 0.0507, 0.0000,-1.9320, 3.1415,-0.0676,-3.7856,-4.6799, 0.4544, 0.7848,0
 0.0498, 0.0000,-1.9666, 3.1415,-0.0862,-3.5217,-4.6799, 0.4505, 0.7856,0
 0.0487, 0.0000,-1.9980, 3.1415,-0.1082,-3.2176,-4.6799, 0.4425, 0.7863,0
 0.0472, 0.0000,-2.0231, 3.1415,-0.1368,-2.6541,-4.6799, 0.4125, 0.7870,0
 0.0458, 0.0000,-2.0514, 3.1415,-0.1425,-2.7927,-4.6799, 0.4412, 0.7877,0
 0.0442, 0.0000,-2.0734, 3.1415,-0.1558,-2.3178,-4.6799, 0.4211, 0.7884,0
 0.0425, 0.0000,-2.0954, 3.1415,-0.1706,-2.2228,-4.6799, 0.4288, 0.7891,0
 0.0404, 0.0000,-2.1142, 3.1415,-0.1978,-1.9525,-4.6799, 0.4247, 0.7899,0
 0.0383, 0.0000,-2.1299, 3.1415,-0.2093,-1.6471,-4.6799, 0.4189, 0.7906,0
 0.0360, 0.0000,-2.1457, 3.1415,-0.2237,-1.5860,-4.6799, 0.4256, 0.7913,0
 0.0336, 0.0000,-2.1582, 3.1415,-0.2387,-1.3225,-4.6799, 0.4224, 0.7920,0
 0.0310, 0.0000,-2.1676, 3.1415,-0.2539,-1.0184,-4.6799, 0.4181, 0.7927,0
 0.0283, 0.0000,-2.1739, 3.1415,-0.2690,-0.7063,-4.6799, 0.4143, 0.7935,0
 0.0255, 0.0000,-2.1802, 3.1415,-0.2781,-0.6439,-4.6799, 0.4168, 0.7942,0
 0.0226, 0.0000,-2.1834, 3.1415,-0.2860,-0.3800,-3.5770, 0.4149, 0.7949,0
 0.0195, 0.0000,-2.1834, 3.1415,-0.3058,-0.0760,-0.8167, 0.4129, 0.7956,0
 0.0165, 0.0000,-2.1834, 3.1415,-0.3036,-0.0152, 1.1226, 0.4129, 0.7963,0
 0.0137, 0.0000,-2.1771, 3.1415,-0.2790, 0.4996, 3.6106, 0.4127, 0.7970,0
 0.0115, 0.0000,-2.1708, 3.1415,-0.2377, 0.6025, 4.6799, 0.4105, 0.7978,0
 0.0094, 0.0000,-2.1614, 3.1415,-0.2112, 0.8744, 4.6799, 0.4105, 0.7985,0
 0.0076, 0.0000,-2.1457, 3.1415,-0.1877, 1.4315, 4.6799, 0.4191, 0.7992,0
 0.0062, 0.0000,-2.1299, 3.1415,-0.1466, 1.5429, 4.6799, 0.4142, 0.7999,0
 0.0054, 0.0000,-2.1080, 3.1415,-0.0960, 2.0678, 4.6799, 0.4273, 0.8006,0
 0.0050, 0.0000,-2.0860, 3.1415,-0.0555, 2.1728, 4.6799, 0.4199, 0.8014,0
 0.0050, 0.0000,-2.0577, 3.1415,-0.0111, 2.6965, 4.6799, 0.4378, 0.8021,0
 0.0050, 0.0000,-2.0263, 3.1415, 0.0038, 3.0525, 4.6799, 0.4463, 0.8028,0
 0.0056, 0.0000,-1.9949, 3.1415, 0.0432, 3.1238, 4.6799, 0.4321, 0.8035,0
 0.0063, 0.0000,-1.9572, 3.1415, 0.0692, 3.6406, 4.6799, 0.4561, 0.8042,0
 0.0073, 0.0000,-1.9195, 3.1415, 0.0926, 3.7440, 4.6799, 0.4416, 0.8049,0
 0.0084, 0.0000,-1.8755, 3.1415, 0.1094, 4.2674, 4.6799, 0.4704, 0.8057,0
 0.0099, 0.0000,-1.8315, 3.1415, 0.1371, 4.3720, 4.6799, 0.4527, 0.8064,0
 0.0114, 0.0000,-1.7812, 3.1415, 0.1486, 4.8956, 4.6799, 0.4855, 0.8071,0
 0.0131, 0.0000,-1.7310, 3.1415, 0.1631, 5.0003, 4.6799, 0.4646, 0.8078,0
 0.0147, 0.0000,-1.6776, 3.1415, 0.1599, 5.2726, 4.6799, 0.4657, 0.8085,0
 0.0162, 0.0000,-1.6179, 3.1415, 0.1593, 5.8297, 4.2996, 0.5096, 0.8093,0
 0.0180, 0.0000,-1.5582, 3.1415, 0.1713, 5.9411, 0.1140, 0.4851, 0.8100,0
 0.0195, 0.0000,-1.4953, 3.1415, 0.1555, 6.2147,-4.5241, 0.4866, 0.8107,0
 0.0203, 0.0000,-1.4294, 3.1415, 0.0978, 6.5208,-4.6799, 0.4941, 0.8114,0
 0.0208, 0.0000,-1.3571, 3.1415, 0.0559, 7.0847,-4.6799, 0.5504, 0.8121,0
 0.0211, 0.0000,-1.2849, 3.1415, 0.0354, 7.1974,-4.6799, 0.5227, 0.8128,0
 0.0206, 0.0000,-1.2095, 3.1415,-0.0353, 7.4713,-4.6799, 0.5276, 0.8136,0
 0.0196, 0.0000,-1.1278, 3.1415,-0.0858, 8.0287,-4.6799, 0.5946, 0.8143,0
 0.0179, 0.0000,-1.0461, 3.1415,-0.1505, 8.1402,-4.6799, 0.5679, 0.8150,0
 0.0156, 0.0000,-0.9581, 3.1415,-0.2180, 8.6652,-4.6799, 0.6382, 0.8157,0
 0.0129, 0.0000,-0.8670, 3.1415,-0.2558, 9.0215,-4.6799, 0.6747, 0.8164,0
 0.0094, 0.0000,-0.7728, 3.1415,-0.3300, 9.3441,-4.6799, 0.7082, 0.8172,0
 0.0053, 0.0000,-0.6754, 3.1415,-0.3995, 9.6599,-4.6799, 0.7459, 0.8179,0
 0.0009, 0.0000,-0.5749, 3.1415,-0.4315, 9.9744, 3.7078, 0.7902, 0.8186,0
-0.0033, 0.0000,-0.4712, 3.1415,-0.4258, 10.2886, 4.6799, 0.8421, 0.8193,0
-0.0081, 0.0000,-0.3675, 3.1415,-0.4671, 10.3515, 4.6799, 0.8300, 0.8200,0
-0.0127, 0.0000,-0.2607, 3.1415,-0.4632, 10.6154, 4.6799, 0.8838, 0.8207,0
-0.0170, 0.0000,-0.1570, 3.1415,-0.4382, 10.4168, 1.3385, 0.8099, 0.8215,0
-0.0211, 0.0000,-0.0534, 3.1415,-0.4150, 10.3771,-4.6799, 0.7905, 0.8222,0
-0.0256, 0.0000, 0.0502, 3.1415,-0.4468, 10.3692,-4.6799, 0.7881, 0.8229,0
-0.0297, 0.0000, 0.1539, 3.1415,-0.4107, 10.3676,-4.6799, 0.7952, 0.8236,0
-0.0337, 0.0000, 0.2607, 3.1415,-0.4035, 10.6186, 4.6799, 0.8847, 0.8243,0
-0.0366, 0.0000, 0.3612, 3.1415,-0.3111, 10.1662,-4.6799, 0.7751, 0.8251,0
-0.0407, 0.0000, 0.4618, 3.1415,-0.3957, 10.0757,-4.6799, 0.7784, 0.8258,0
-0.0441, 0.0000, 0.5592, 3.1415,-0.3519, 9.8062,-4.6799, 0.7375, 0.8265,0
-0.0470, 0.0000, 0.6565, 3.1415,-0.3008, 9.7524,-4.6799, 0.7627, 0.8272,0
-0.0500, 0.0000, 0.7508, 3.1415,-0.3026, 9.4903,-4.6799, 0.7359, 0.8279,0
-0.0528, 0.0000, 0.8419, 3.1415,-0.2788, 9.1865,-4.6799, 0.7032, 0.8286,0
-0.0552, 0.0000, 0.9299, 3.1415,-0.2497, 8.8744,-4.6799, 0.6732, 0.8294,0
-0.0576, 0.0000, 1.0147, 3.1415,-0.2439, 8.5607,-4.6799, 0.6469, 0.8301,0
-0.0597, 0.0000, 1.0964, 3.1415,-0.2125, 8.2466,-4.6799, 0.6240, 0.8308,0
-0.0617, 0.0000, 1.1780, 3.1415,-0.2062, 8.1838,-4.6799, 0.6628, 0.8315,0
-0.0635, 0.0000, 1.2534, 3.1415,-0.1867, 7.6686,-4.6799, 0.5992, 0.8322,0
-0.0653, 0.0000, 1.3288, 3.1415,-0.1768, 7.5655,-4.6799, 0.6293, 0.8330,0
-0.0672, 0.0000, 1.4011, 3.1415,-0.1869, 7.2936,-4.6799, 0.6235, 0.8337,0
-0.0686, 0.0000, 1.4671, 3.1415,-0.1525, 6.7366,-4.6799, 0.5610, 0.8344,0
-0.0703, 0.0000, 1.5330, 3.1415,-0.1639, 6.6251,-1.2534, 0.5874, 0.8351,0
-0.0720, 0.0000, 1.5959, 3.1415,-0.1661, 6.3515, 3.6582, 0.5828, 0.8358,0
-0.0726, 0.0000, 1.6524, 3.1415,-0.0878, 5.7942, 4.6799, 0.5286, 0.8365,0
-0.0732, 0.0000, 1.7090, 3.1415,-0.0660, 5.6827, 4.6799, 0.5510, 0.8373,0
-0.0735, 0.0000, 1.7624, 3.1415,-0.0374, 5.4091, 4.6799, 0.5463, 0.8380,0
-0.0735, 0.0000, 1.8126, 3.1415,-0.0074, 5.1030, 4.6799, 0.5365, 0.8387,0
-0.0732, 0.0000, 1.8629, 3.1415, 0.0288, 5.0418, 4.6799, 0.5627, 0.8394,0
-0.0722, 0.0000, 1.9069, 3.1415, 0.0845, 4.5269, 4.6799, 0.5237, 0.8401,0
-0.0710, 0.0000, 1.9509, 3.1415, 0.1078, 4.4239, 4.6799, 0.5404, 0.8409,0
-0.0700, 0.0000, 1.9917, 3.1415, 0.1064, 4.1520, 4.6799, 0.5348, 0.8416,0
-0.0685, 0.0000, 2.0294, 3.1415, 0.1364, 3.8463, 4.6799, 0.5250, 0.8423,0
-0.0669, 0.0000, 2.0640, 3.1415, 0.1606, 3.5338, 4.6799, 0.5148, 0.8430,0
-0.0651, 0.0000, 2.0954, 3.1415, 0.1776, 3.2200, 4.6799, 0.5048, 0.8437,0
-0.0631, 0.0000, 2.1268, 3.1415, 0.1931, 3.1572, 4.6799, 0.5185, 0.8444,0
-0.0610, 0.0000, 2.1551, 3.1415, 0.2023, 2.8934, 4.6799, 0.5133, 0.8452,0
-0.0588, 0.0000, 2.1802, 3.1415, 0.2163, 2.5893, 4.6799, 0.5049, 0.8459,0
-0.0563, 0.0000, 2.2053, 3.1415, 0.2494, 2.5284, 4.6799, 0.5152, 0.8466,0
-0.0537, 0.0000, 2.2273, 3.1415, 0.2560, 2.2649, 4.6799, 0.5101, 0.8473,0
-0.0510, 0.0000, 2.2462, 3.1415, 0.2634, 1.9609, 4.6799, 0.5028, 0.8480,0
-0.0484, 0.0000, 2.2619, 3.1415, 0.2649, 1.6488, 4.6799, 0.4957, 0.8487,0
-0.0455, 0.0000, 2.2776, 3.1415, 0.2833, 1.5864, 4.6799, 0.5015, 0.8495,0
-0.0425, 0.0000, 2.2902, 3.1415, 0.2931, 1.3225, 4.6799, 0.4976, 0.8502,0
-0.0395, 0.0000, 2.3027, 3.1415, 0.3011, 1.2698, 4.6799, 0.5025, 0.8509,0
-0.0364, 0.0000, 2.3122, 3.1415, 0.3088, 1.0079, 4.6799, 0.4991, 0.8516,0
-0.0331, 0.0000, 2.3184, 3.1415, 0.3224, 0.7042, 4.6799, 0.4952, 0.8523,0
-0.0298, 0.0000, 2.3216, 3.1415, 0.3312, 0.3921, 4.6799, 0.4920, 0.8531,0
-0.0265, 0.0000, 2.3247, 3.1415, 0.3330, 0.3297, 2.6365, 0.4930, 0.8538,0
-0.0231, 0.0000, 2.3279, 3.1415, 0.3394, 0.3172, 1.6001, 0.4946, 0.8545,0
-0.0194, 0.0000, 2.3247, 3.1415, 0.3589,-0.1878,-1.0376, 0.4920, 0.8552,0
-0.0162, 0.0000, 2.3216, 3.1415, 0.3264,-0.2888,-3.9101, 0.4910, 0.8559,0
-0.0136, 0.0000, 2.3153, 3.1415, 0.2775,-0.5604,-4.6799, 0.4910, 0.8566,0
-0.0109, 0.0000, 2.3059, 3.1415, 0.2677,-0.8660,-4.6799, 0.4921, 0.8574,0
-0.0087, 0.0000, 2.2933, 3.1415, 0.2354,-1.1785,-4.6799, 0.4943, 0.8581,0
-0.0068, 0.0000, 2.2776, 3.1415, 0.1926,-1.4923,-4.6799, 0.4975, 0.8588,0
-0.0053, 0.0000, 2.2556, 3.1415, 0.1597,-2.0577,-4.6799, 0.5135, 0.8595,0
-0.0044, 0.0000, 2.2336, 3.1415, 0.1047,-2.1708,-4.6799, 0.5078, 0.8602,0
-0.0038, 0.0000, 2.2085, 3.1415, 0.0694,-2.4447,-4.6799, 0.5112, 0.8610,0
-0.0035, 0.0000, 2.1802, 3.1415, 0.0381,-2.7509,-4.6799, 0.5170, 0.8617,0
-0.0037, 0.0000, 2.1488, 3.1415,-0.0105,-3.0634,-4.6799, 0.5237, 0.8624,0
-0.0042, 0.0000, 2.1142, 3.1415,-0.0384,-3.3772,-4.6799, 0.5310, 0.8631,0
-0.0050, 0.0000, 2.0765, 3.1415,-0.0683,-3.6913,-4.6799, 0.5386, 0.8638,0
-0.0060, 0.0000, 2.0357, 3.1415,-0.0985,-4.0055,-4.6799, 0.5466, 0.8645,0
-0.0072, 0.0000, 1.9917, 3.1415,-0.1106,-4.3196,-4.6799, 0.5546, 0.8653,0
-0.0086, 0.0000, 1.9446, 3.1415,-0.1373,-4.6338,-4.6799, 0.5628, 0.8660,0
-0.0101, 0.0000, 1.8975, 3.1415,-0.1487,-4.6966,-4.6799, 0.5392, 0.8667,0
-0.0117, 0.0000, 1.8441, 3.1415,-0.1570,-5.2118,-4.6799, 0.5741, 0.8674,0
-0.0134, 0.0000, 1.7875, 3.1415,-0.1648,-5.5662,-4.6799, 0.5882, 0.8681,0
-0.0152, 0.0000, 1.7310, 3.1415,-0.1784,-5.6371,-4.6799, 0.5594, 0.8689,0
-0.0170, 0.0000, 1.6681, 3.1415,-0.1812,-6.1539,-4.6799, 0.6000, 0.8696,0
-0.0187, 0.0000, 1.6022, 3.1415,-0.1757,-6.5086,-3.8126, 0.6156, 0.8703,0
-0.0206, 0.0000, 1.5362, 3.1415,-0.1806,-6.5796, 0.9346, 0.5812, 0.8710,0
-0.0216, 0.0000, 1.4639, 3.1415,-0.1149,-7.0964, 3.9482, 0.6284, 0.8717,0
-0.0225, 0.0000, 1.3917, 3.1415,-0.1018,-7.1998, 4.6799, 0.5978, 0.8724,0
-0.0228, 0.0000, 1.3131, 3.1415,-0.0446,-7.7231, 4.6799, 0.6521, 0.8732,0
-0.0228, 0.0000, 1.2346, 3.1415,-0.0028,-7.8278, 4.6799, 0.6209, 0.8739,0
-0.0222, 0.0000, 1.1498, 3.1415, 0.0418,-8.3514, 4.6799, 0.6829, 0.8746,0
-0.0209, 0.0000, 1.0618, 3.1415, 0.1114,-8.7074, 4.6799, 0.7115, 0.8753,0
-0.0190, 0.0000, 0.9707, 3.1415, 0.1799,-9.0299, 4.6799, 0.7360, 0.8760,0
-0.0164, 0.0000, 0.8765, 3.1415, 0.2421,-9.3458, 4.6799, 0.7633, 0.8768,0
-0.0133, 0.0000, 0.7791, 3.1415, 0.2970,-9.6603, 4.6799, 0.7955, 0.8775,0
-0.0095, 0.0000, 0.6785, 3.1415, 0.3625,-9.9745, 1.2406, 0.8338, 0.8782,0
-0.0053, 0.0000, 0.5717, 3.1415, 0.4120,-10.5400,-4.6799, 0.9514, 0.8789,0
-0.0013, 0.0000, 0.4649, 3.1415, 0.3977,-10.6531,-4.6799, 0.9469, 0.8796,0
 0.0032, 0.0000, 0.3549, 3.1415, 0.4494,-10.9270,-4.6799, 0.9983, 0.8803,0
 0.0075, 0.0000, 0.2450, 3.1415, 0.4354,-10.9818,-4.6799, 0.9917, 0.8811,0
 0.0118, 0.0000, 0.1382, 3.1415, 0.4327,-10.7415,-4.6799, 0.9040, 0.8818,0
 0.0158, 0.0000, 0.0282, 3.1415, 0.4018,-10.9447,-4.6799, 0.9592, 0.8825,0
 0.0190, 0.0000,-0.0785, 3.1415, 0.3350,-10.7340,-4.6799, 0.8972, 0.8832,0
 0.0220, 0.0000,-0.1822, 3.1415, 0.3095,-10.4406, 4.6799, 0.8198, 0.8839,0
 0.0253, 0.0000,-0.2858, 3.1415, 0.3226,-10.3819, 4.6799, 0.8200, 0.8847,0
 0.0278, 0.0000,-0.3895, 3.1415, 0.2706,-10.3701, 4.6799, 0.8412, 0.8854,0
 0.0303, 0.0000,-0.4900, 3.1415, 0.2542,-10.1165, 4.6799, 0.7992, 0.8861,0
 0.0326, 0.0000,-0.5906, 3.1415, 0.2327,-10.0657, 4.6799, 0.8220, 0.8868,0
 0.0348, 0.0000,-0.6880, 3.1415, 0.2223,-9.8043, 4.6799, 0.7910, 0.8875,0
 0.0369, 0.0000,-0.7822, 3.1415, 0.2081,-9.5006, 4.6799, 0.7543, 0.8882,0
 0.0386, 0.0000,-0.8733, 3.1415, 0.1810,-9.1886, 4.6799, 0.7208, 0.8890,0
 0.0401, 0.0000,-0.9644, 3.1415, 0.1574,-9.1262, 4.6799, 0.7568, 0.8897,0
 0.0416, 0.0000,-1.0524, 3.1415, 0.1467,-8.8624, 4.6799, 0.7438, 0.8904,0
 0.0427, 0.0000,-1.1341, 3.1415, 0.1202,-8.3069, 4.6799, 0.6623, 0.8911,0
 0.0438, 0.0000,-1.2157, 3.1415, 0.1089,-8.1959, 4.6799, 0.6908, 0.8918,0
 0.0446, 0.0000,-1.2943, 3.1415, 0.0884,-7.9223, 4.6799, 0.6826, 0.8926,0
 0.0456, 0.0000,-1.3697, 3.1415, 0.0965,-7.6163, 4.6799, 0.6687, 0.8933,0
 0.0464, 0.0000,-1.4419, 3.1415, 0.0860,-7.3037, 4.6799, 0.6545, 0.8940,0
 0.0472, 0.0000,-1.5111, 3.1415, 0.0838,-6.9899, 4.6799, 0.6411, 0.8947,0
 0.0479, 0.0000,-1.5770, 3.1415, 0.0713,-6.6758, 0.6595, 0.6284, 0.8954,0
 0.0485, 0.0000,-1.6399, 3.1415, 0.0627,-6.3617,-4.6118, 0.6161, 0.8961,0
 0.0487, 0.0000,-1.6996, 3.1415, 0.0246,-6.0475,-4.6799, 0.6042, 0.8969,0
 0.0488, 0.0000,-1.7561, 3.1415, 0.0109,-5.7334,-4.6799, 0.5925, 0.8976,0
 0.0485, 0.0000,-1.8095, 3.1415,-0.0159,-5.4192,-4.6799, 0.5809, 0.8983,0
 0.0482, 0.0000,-1.8629, 3.1415,-0.0335,-5.3564,-4.6799, 0.6085, 0.8990,0
 0.0473, 0.0000,-1.9100, 3.1415,-0.0733,-4.8411,-4.6799, 0.5671, 0.8997,0
 0.0463, 0.0000,-1.9572, 3.1415,-0.0995,-4.7381,-4.6799, 0.5849, 0.9005,0
 0.0451, 0.0000,-2.0011, 3.1415,-0.1108,-4.4662,-4.6799, 0.5788, 0.9012,0
 0.0437, 0.0000,-2.0420, 3.1415,-0.1373,-4.1604,-4.6799, 0.5683, 0.9019,0
 0.0419, 0.0000,-2.0828, 3.1415,-0.1669,-4.0993,-4.6799, 0.5871, 0.9026,0
 0.0400, 0.0000,-2.1174, 3.1415,-0.1849,-3.5844,-4.6799, 0.5531, 0.9033,0
 0.0380, 0.0000,-2.1519, 3.1415,-0.2007,-3.4815,-4.6799, 0.5639, 0.9040,0
 0.0356, 0.0000,-2.1834, 3.1415,-0.2281,-3.2095,-4.6799, 0.5571, 0.9048,0
 0.0333, 0.0000,-2.2148, 3.1415,-0.2335,-3.1551,-4.6799, 0.5705, 0.9055,0
 0.0307, 0.0000,-2.2430, 3.1415,-0.2528,-2.8929,-4.6799, 0.5643, 0.9062,0
 0.0278, 0.0000,-2.2682, 3.1415,-0.2809,-2.5892,-4.6799, 0.5550, 0.9069,0
 0.0249, 0.0000,-2.2933, 3.1415,-0.2926,-2.5284,-4.6799, 0.5643, 0.9076,0
 0.0219, 0.0000,-2.3153, 3.1415,-0.2950,-2.2649,-4.6799, 0.5584, 0.9084,0
 0.0188, 0.0000,-2.3342, 3.1415,-0.3075,-1.9609,-4.6799, 0.5503, 0.9091,0
 0.0155, 0.0000,-2.3530, 3.1415,-0.3283,-1.9001,-4.6799, 0.5567, 0.9098,0
 0.0121, 0.0000,-2.3687, 3.1415,-0.3385,-1.6366,-4.6799, 0.5516, 0.9105,0
 0.0086, 0.0000,-2.3844, 3.1415,-0.3466,-1.5839,-4.6799, 0.5570, 0.9112,0
 0.0050, 0.0000,-2.3970, 3.1415,-0.3603,-1.3221,-4.6799, 0.5525, 0.9119,0
 0.0012, 0.0000,-2.4064, 3.1415,-0.3752,-1.0183,-4.6799, 0.5471, 0.9127,0
-0.0026, 0.0000,-2.4158, 3.1415,-0.3842,-0.9576,-4.6799, 0.5499, 0.9134,0
-0.0065, 0.0000,-2.4221, 3.1415,-0.3921,-0.6941,-4.6799, 0.5468, 0.9141,0
-0.0106, 0.0000,-2.4284, 3.1415,-0.3997,-0.6415,-3.2978, 0.5488, 0.9148,0
-0.0147, 0.0000,-2.4315, 3.1415,-0.4073,-0.3796,-1.2271, 0.5465, 0.9155,0
-0.0188, 0.0000,-2.4315, 3.1415,-0.4149,-0.0759, 2.0886, 0.5446, 0.9163,0
-0.0221, 0.0000,-2.4315, 3.1415,-0.3437,-0.0151, 3.8718, 0.5445, 0.9170,0
-0.0256, 0.0000,-2.4284, 3.1415,-0.3537, 0.2482, 4.6799, 0.5439, 0.9177,0
-0.0288, 0.0000,-2.4221, 3.1415,-0.3193, 0.5523, 4.6799, 0.5444, 0.9184,0
-0.0314, 0.0000,-2.4127, 3.1415,-0.2760, 0.8644, 4.6799, 0.5461, 0.9191,0
-0.0336, 0.0000,-2.4001, 3.1415,-0.2310, 1.1782, 4.6799, 0.5490, 0.9198,0
-0.0352, 0.0000,-2.3844, 3.1415,-0.1735, 1.4922, 4.6799, 0.5530, 0.9206,0
-0.0363, 0.0000,-2.3656, 3.1415,-0.1256, 1.8064, 4.6799, 0.5582, 0.9213,0
-0.0370, 0.0000,-2.3436, 3.1415,-0.0797, 2.1205, 4.6799, 0.5643, 0.9220,0
-0.0372, 0.0000,-2.3153, 3.1415,-0.0341, 2.6860, 4.6799, 0.5876, 0.9227,0
-0.0370, 0.0000,-2.2870, 3.1415, 0.0113, 2.7991, 4.6799, 0.5811, 0.9234,0
-0.0365, 0.0000,-2.2556, 3.1415, 0.0447, 3.0731, 4.6799, 0.5864, 0.9242,0
-0.0356, 0.0000,-2.2211, 3.1415, 0.0756, 3.3792, 4.6799, 0.5946, 0.9249,0
-0.0345, 0.0000,-2.1834, 3.1415, 0.1060, 3.6917, 4.6799, 0.6037, 0.9256,0
-0.0331, 0.0000,-2.1425, 3.1415, 0.1303, 4.0056, 4.6799, 0.6132, 0.9263,0
-0.0315, 0.0000,-2.0985, 3.1415, 0.1594, 4.3197, 4.6799, 0.6228, 0.9270,0
-0.0297, 0.0000,-2.0514, 3.1415, 0.1774, 4.6338, 4.6799, 0.6326, 0.9277,0
-0.0278, 0.0000,-2.0043, 3.1415, 0.1870, 4.6966, 4.6799, 0.6104, 0.9285,0
-0.0257, 0.0000,-1.9509, 3.1415, 0.2011, 5.2119, 4.6799, 0.6467, 0.9292,0
-0.0236, 0.0000,-1.8975, 3.1415, 0.2099, 5.3149, 4.6799, 0.6259, 0.9299,0
-0.0214, 0.0000,-1.8378, 3.1415, 0.2178, 5.8382, 4.6799, 0.6666, 0.9306,0
-0.0192, 0.0000,-1.7781, 3.1415, 0.2194, 5.9428, 4.6799, 0.6422, 0.9313,0
-0.0170, 0.0000,-1.7153, 3.1415, 0.2197, 6.2151, 4.6799, 0.6442, 0.9321,0
-0.0148, 0.0000,-1.6493, 3.1415, 0.2197, 6.5209, 4.6799, 0.6516, 0.9328,0
-0.0125, 0.0000,-1.5770, 3.1415, 0.2258, 7.0847, 4.6799, 0.7072, 0.9335,0
-0.0104, 0.0000,-1.5048, 3.1415, 0.2149, 7.1974,-0.4323, 0.6779, 0.9342,0
-0.0089, 0.0000,-1.4294, 3.1415, 0.1642, 7.4713,-4.6799, 0.6803, 0.9349,0
-0.0077, 0.0000,-1.3508, 3.1415, 0.1298, 7.7774,-4.6799, 0.6901, 0.9356,0
-0.0068, 0.0000,-1.2692, 3.1415, 0.0926, 8.0900,-4.6799, 0.7029, 0.9364,0
-0.0067, 0.0000,-1.1812, 3.1415, 0.0306, 8.6551,-4.6799, 0.7760, 0.9371,0
-0.0072, 0.0000,-1.0932, 3.1415,-0.0302, 8.7682,-4.6799, 0.7463, 0.9378,0
-0.0083, 0.0000,-0.9990, 3.1415,-0.0970, 9.2934,-4.6799, 0.8205, 0.9385,0
-0.0100, 0.0000,-0.9016, 3.1415,-0.1588, 9.6498,-4.6799, 0.8582, 0.9392,0
-0.0125, 0.0000,-0.8011, 3.1415,-0.2318, 9.9724, 0.4384, 0.8925, 0.9400,0
-0.0147, 0.0000,-0.6974, 3.1415,-0.2161, 10.2882, 4.6799, 0.9314, 0.9407,0
-0.0175, 0.0000,-0.5937, 3.1415,-0.2736, 10.3514,-1.0154, 0.9049, 0.9414,0
-0.0213, 0.0000,-0.4838, 3.1415,-0.3578, 10.8667, 4.6799, 1.0175, 0.9421,0
-0.0243, 0.0000,-0.3738, 3.1415,-0.3080, 10.9698, 4.6799, 1.0162, 0.9428,0
-0.0276, 0.0000,-0.2638, 3.1415,-0.3283, 10.9904, 4.6799, 0.9978, 0.9435,0
-0.0307, 0.0000,-0.1539, 3.1415,-0.3142, 10.9945, 4.6799, 0.9827, 0.9443,0
-0.0335, 0.0000,-0.0439, 3.1415,-0.2871, 10.9953, 4.6799, 0.9751, 0.9450,0
-0.0360, 0.0000, 0.0659, 3.1415,-0.2514, 10.9955, 4.6799, 0.9760, 0.9457,0
-0.0378, 0.0000, 0.1727, 3.1415,-0.2018, 10.7442,-4.6799, 0.9087, 0.9464,0
-0.0402, 0.0000, 0.2796, 3.1415,-0.2283, 10.6939,-4.6799, 0.9108, 0.9471,0
-0.0417, 0.0000, 0.3832, 3.1415,-0.1669, 10.4326,-4.6799, 0.8577, 0.9478,0
-0.0433, 0.0000, 0.4869, 3.1415,-0.1607, 10.3803,-4.6799, 0.8738, 0.9486,0
-0.0447, 0.0000, 0.5874, 3.1415,-0.1473, 10.1185,-4.6799, 0.8356, 0.9493,0
-0.0459, 0.0000, 0.6880, 3.1415,-0.1204, 10.0661,-4.6799, 0.8638, 0.9500,0
-0.0471, 0.0000, 0.7853, 3.1415,-0.1210, 9.8043,-4.6799, 0.8379, 0.9507,0
-0.0482, 0.0000, 0.8796, 3.1415,-0.1151, 9.5006,-4.6799, 0.8059, 0.9514,0
-0.0489, 0.0000, 0.9738, 3.1415,-0.0776, 9.4399,-4.6799, 0.8439, 0.9522,0
-0.0494, 0.0000, 1.0618, 3.1415,-0.0579, 8.9251,-4.6799, 0.7653, 0.9529,0
-0.0499, 0.0000, 1.1466, 3.1415,-0.0479, 8.5708,-4.6799, 0.7329, 0.9536,0
-0.0501, 0.0000, 1.2315, 3.1415,-0.0277, 8.5000,-4.6799, 0.7725, 0.9543,0
-0.0502, 0.0000, 1.3100, 3.1415,-0.0116, 7.9831,-4.6799, 0.7071, 0.9550,0
-0.0502, 0.0000, 1.3885, 3.1415,-0.0023, 7.8798,-4.6799, 0.7391, 0.9557,0
-0.0501, 0.0000, 1.4639, 3.1415, 0.0055, 7.6078,-4.6799, 0.7337, 0.9565,0
-0.0501, 0.0000, 1.5330, 3.1415, 0.0011, 7.0507,-4.6799, 0.6689, 0.9572,0
-0.0500, 0.0000, 1.6022, 3.1415, 0.0062, 6.9393, 0.2214, 0.6967, 0.9579,0
-0.0495, 0.0000, 1.6681, 3.1415, 0.0437, 6.6657, 4.6799, 0.6918, 0.9586,0
-0.0488, 0.0000, 1.7310, 3.1415, 0.0693, 6.3596, 4.6799, 0.6808, 0.9593,0
-0.0480, 0.0000, 1.7907, 3.1415, 0.0745, 6.0471, 4.6799, 0.6686, 0.9601,0
-0.0470, 0.0000, 1.8472, 3.1415, 0.0937, 5.7333, 4.6799, 0.6561, 0.9608,0
-0.0457, 0.0000, 1.9006, 3.1415, 0.1278, 5.4192, 4.6799, 0.6437, 0.9615,0
-0.0441, 0.0000, 1.9509, 3.1415, 0.1468, 5.1050, 4.6799, 0.6313, 0.9622,0
-0.0424, 0.0000, 2.0011, 3.1415, 0.1688, 5.0422, 4.6799, 0.6555, 0.9629,0
-0.0404, 0.0000, 2.0483, 3.1415, 0.1914, 4.7783, 4.6799, 0.6496, 0.9636,0
-0.0381, 0.0000, 2.0923, 3.1415, 0.2201, 4.4742, 4.6799, 0.6380, 0.9644,0
-0.0357, 0.0000, 2.1331, 3.1415, 0.2380, 4.1621, 4.6799, 0.6253, 0.9651,0
-0.0331, 0.0000, 2.1708, 3.1415, 0.2537, 3.8483, 4.6799, 0.6128, 0.9658,0
-0.0304, 0.0000, 2.2085, 3.1415, 0.2690, 3.7856, 4.6799, 0.6281, 0.9665,0
-0.0275, 0.0000, 2.2462, 3.1415, 0.2842, 3.7730, 4.6799, 0.6482, 0.9672,0
-0.0244, 0.0000, 2.2776, 3.1415, 0.3054, 3.2678, 4.6799, 0.6158, 0.9680,0
-0.0212, 0.0000, 2.3090, 3.1415, 0.3157, 3.1668, 4.6799, 0.6236, 0.9687,0
-0.0178, 0.0000, 2.3404, 3.1415, 0.3360, 3.1466, 4.6799, 0.6383, 0.9694,0
-0.0144, 0.0000, 2.3656, 3.1415, 0.3461, 2.6399, 4.6799, 0.6101, 0.9701,0
-0.0107, 0.0000, 2.3938, 3.1415, 0.3602, 2.7899, 4.6799, 0.6355, 0.9708,0
-0.0071, 0.0000, 2.4158, 3.1415, 0.3630, 2.3172, 4.6799, 0.6123, 0.9715,0
-0.0033, 0.0000, 2.4378, 3.1415, 0.3757, 2.2227, 4.6799, 0.6166, 0.9723,0
 0.0005, 0.0000, 2.4567, 3.1415, 0.3843, 1.9525, 4.6799, 0.6095, 0.9730,0
 0.0046, 0.0000, 2.4755, 3.1415, 0.4042, 1.8984, 4.6799, 0.6150, 0.9737,0
 0.0087, 0.0000, 2.4912, 3.1415, 0.4082, 1.6363, 4.6799, 0.6090, 0.9744,0
 0.0128, 0.0000, 2.5069, 3.1415, 0.4151, 1.5839, 4.6799, 0.6134, 0.9751,0
 0.0170, 0.0000, 2.5226, 3.1415, 0.4165, 1.5734, 4.6799, 0.6195, 0.9759,0
 0.0214, 0.0000, 2.5352, 3.1415, 0.4349, 1.3199, 4.6799, 0.6144, 0.9766,0
 0.0259, 0.0000, 2.5446, 3.1415, 0.4447, 1.0179, 4.6799, 0.6084, 0.9773,0
 0.0303, 0.0000, 2.5541, 3.1415, 0.4466, 0.9575, 4.6799, 0.6105, 0.9780,0
 0.0349, 0.0000, 2.5635, 3.1415, 0.4531, 0.9454, 4.6799, 0.6139, 0.9787,0
 0.0397, 0.0000, 2.5698, 3.1415, 0.4726, 0.6917, 3.3748, 0.6105, 0.9794,0
 0.0444, 0.0000, 2.5729, 3.1415, 0.4765, 0.3896,-0.0457, 0.6072, 0.9802,0
 0.0488, 0.0000, 2.5761, 3.1415, 0.4469, 0.3292,-2.5313, 0.6078, 0.9809,0
 0.0528, 0.0000, 2.5761, 3.1415, 0.4046, 0.0658,-4.5565, 0.6063, 0.9816,0
 0.0567, 0.0000, 2.5761, 3.1415, 0.3962, 0.0131,-4.6799, 0.6063, 0.9823,0
 0.0603, 0.0000, 2.5698, 3.1415, 0.3642,-0.5000,-4.6799, 0.6073, 0.9830,0
 0.0632, 0.0000, 2.5635, 3.1415, 0.3032,-0.6026,-4.6799, 0.6065, 0.9838,0
 0.0657, 0.0000, 2.5509, 3.1415, 0.2668,-1.1258,-4.6799, 0.6141, 0.9845,0
 0.0677, 0.0000, 2.5384, 3.1415, 0.2110,-1.2304,-4.6799, 0.6125, 0.9852,0
 0.0693, 0.0000, 2.5226, 3.1415, 0.1695,-1.5027,-4.6799, 0.6165, 0.9859,0
 0.0705, 0.0000, 2.5038, 3.1415, 0.1309,-1.8085,-4.6799, 0.6227, 0.9866,0
 0.0711, 0.0000, 2.4787, 3.1415, 0.0746,-2.3723,-4.6799, 0.6448, 0.9873,0
 0.0714, 0.0000, 2.4535, 3.1415, 0.0391,-2.4850,-4.6799, 0.6411, 0.9881,0
 0.0714, 0.0000, 2.4253, 3.1415, 0.0078,-2.7589,-4.6799, 0.6481, 0.9888,0
 0.0710, 0.0000, 2.3970, 3.1415,-0.0348,-2.8137,-4.6799, 0.6389, 0.9895,0
 0.0702, 0.0000, 2.3624, 3.1415,-0.0675,-3.3273,-4.6799, 0.6659, 0.9902,0
 0.0692, 0.0000, 2.3247, 3.1415,-0.0923,-3.6814,-4.6799, 0.6813, 0.9909,0
 0.0679, 0.0000, 2.2870, 3.1415,-0.1215,-3.7522,-4.6799, 0.6685, 0.9917,0
 0.0666, 0.0000, 2.2462, 3.1415,-0.1334,-4.0176,-4.6799, 0.6749, 0.9924,0
 0.0650, 0.0000, 2.1991, 3.1415,-0.1540,-4.5734,-4.6799, 0.7149, 0.9931,0
 0.0631, 0.0000, 2.1519, 3.1415,-0.1823,-4.6845,-4.6799, 0.7014, 0.9938,0
 0.0611, 0.0000, 2.1048, 3.1415,-0.1941,-4.7068,-4.6799, 0.6756, 0.9945,0
 0.0591, 0.0000, 2.0514, 3.1415,-0.2025,-5.2139,-4.6799, 0.7126, 0.9952,0
 0.0567, 0.0000, 1.9949, 3.1415,-0.2284,-5.5666,-4.6799, 0.7293, 0.9960,0
 0.0544, 0.0000, 1.9383, 3.1415,-0.2336,-5.6372,-4.6799, 0.7029, 0.9967,0
 0.0519, 0.0000, 1.8755, 3.1415,-0.2407,-6.1539,-4.6799, 0.7456, 0.9974,0
 0.0494, 0.0000, 1.8095, 3.1415,-0.2482,-6.5086,-4.6799, 0.7629, 0.9981,0
 0.0469, 0.0000, 1.7435, 3.1415,-0.2558,-6.5795,-4.6799, 0.7295, 0.9988,0
 0.0444, 0.0000, 1.6744, 3.1415,-0.2512,-6.8451,-4.6799, 0.7302, 0.9996,0
 0.0419, 0.0000, 1.5990, 3.1415,-0.2442,-7.4008,-4.6799, 0.7871, 1.0003,0
 0.0395, 0.0000, 1.5236, 3.1415,-0.2428,-7.5120,-3.1791, 0.7562, 1.0010,0
 0.0372, 0.0000, 1.4451, 3.1415,-0.2365,-7.7855, 2.4301, 0.7586, 1.0017,0
 0.0358, 0.0000, 1.3634, 3.1415,-0.1564,-8.0916, 4.6799, 0.7688, 1.0024,0
 0.0347, 0.0000, 1.2786, 3.1415,-0.1222,-8.4041, 4.6799, 0.7819, 1.0031,0
 0.0341, 0.0000, 1.1875, 3.1415,-0.0668,-8.9693, 4.6799, 0.8577, 1.0039,0
 0.0343, 0.0000, 1.0932, 3.1415,-0.0012,-9.3336, 4.6799, 0.8896, 1.0046,0
 0.0349, 0.0000, 0.9990, 3.1415, 0.0482,-9.4065, 4.6799, 0.8501, 1.0053,0
 0.0364, 0.0000, 0.8984, 3.1415, 0.1309,-9.9237, 3.2684, 0.9315, 1.0060,0
 0.0386, 0.0000, 0.7948, 3.1415, 0.2020,-10.2785,-4.6799, 0.9761, 1.0067,0
 0.0405, 0.0000, 0.6880, 3.1415, 0.1919,-10.6008,-4.6799, 1.0185, 1.0075,0
 0.0429, 0.0000, 0.5780, 3.1415, 0.2324,-10.9166,-4.6799, 1.0669, 1.0082,0
 0.0459, 0.0000, 0.4680, 3.1415, 0.2829,-10.9797,-4.6799, 1.0469, 1.0089,0
 0.0485, 0.0000, 0.3549, 3.1415, 0.2627,-11.2437,-4.6799, 1.0965, 1.0096,0
 0.0510, 0.0000, 0.2419, 3.1415, 0.2587,-11.2965,-4.6799, 1.0893, 1.0103,0
 0.0535, 0.0000, 0.1288, 3.1415, 0.2457,-11.3070,-4.6799, 1.0777, 1.0110,0
 0.0554, 0.0000, 0.0188, 3.1415, 0.2007,-11.0578, 4.3574, 0.9939, 1.0118,0
 0.0582, 0.0000,-0.0942, 3.1415, 0.2705,-11.2593,-4.6799, 1.0599, 1.0125,0
 0.0594, 0.0000,-0.2042, 3.1415, 0.1511,-11.0483, 2.2588, 1.0057, 1.0132,0
 0.0611, 0.0000,-0.3141, 3.1415, 0.1636,-11.0061,-0.3704, 1.0129, 1.0139,0
 0.0619, 0.0000,-0.4209, 3.1415, 0.0933,-10.7463, 4.6799, 0.9613, 1.0146,0
 0.0633, 0.0000,-0.5277, 3.1415, 0.1338,-10.6944, 4.6799, 0.9808, 1.0154,0
 0.0638, 0.0000,-0.6314, 3.1415, 0.0631,-10.4326, 4.6799, 0.9441, 1.0161,0
 0.0642, 0.0000,-0.7319, 3.1415, 0.0490,-10.1290, 4.6799, 0.9022, 1.0168,0
 0.0644, 0.0000,-0.8293, 3.1415, 0.0279,-9.8169, 4.6799, 0.8642, 1.0175,0
 0.0644, 0.0000,-0.9267, 3.1415,-0.0004,-9.7545, 4.6799, 0.9009, 1.0182,0
 0.0644, 0.0000,-1.0178, 3.1415,-0.0000,-9.2394, 4.6799, 0.8180, 1.0189,0
 0.0641, 0.0000,-1.1089, 3.1415,-0.0182,-9.1363, 4.6799, 0.8486, 1.0197,0
 0.0638, 0.0000,-1.1969, 3.1415,-0.0278,-8.8644, 4.6799, 0.8378, 1.0204,0
 0.0634, 0.0000,-1.2817, 3.1415,-0.0419,-8.5587, 4.6799, 0.8208, 1.0211,0
 0.0632, 0.0000,-1.3634, 3.1415,-0.0265,-8.2462, 4.6799, 0.8041, 1.0218,0
 0.0629, 0.0000,-1.4419, 3.1415,-0.0295,-7.9324, 4.6799, 0.7886, 1.0225,0
 0.0627, 0.0000,-1.5173, 3.1415,-0.0180,-7.6183, 4.6799, 0.7742, 1.0233,0
 0.0627, 0.0000,-1.5896, 3.1415,-0.0036,-7.3041, 0.3469, 0.7604, 1.0240,0
 0.0626, 0.0000,-1.6619, 3.1415,-0.0128,-7.2413,-4.3530, 0.7994, 1.0247,0
 0.0620, 0.0000,-1.7278, 3.1415,-0.0450,-6.7261,-4.6799, 0.7457, 1.0254,0
 0.0612, 0.0000,-1.7907, 3.1415,-0.0756,-6.3717,-4.6799, 0.7250, 1.0261,0
 0.0605, 0.0000,-1.8535, 3.1415,-0.0697,-6.3008,-4.6799, 0.7561, 1.0268,0
 0.0594, 0.0000,-1.9132, 3.1415,-0.1048,-6.0354,-4.6799, 0.7510, 1.0276,0
 0.0578, 0.0000,-1.9666, 3.1415,-0.1483,-5.4796,-4.6799, 0.6972, 1.0283,0
 0.0561, 0.0000,-2.0231, 3.1415,-0.1630,-5.6198,-4.6799, 0.7560, 1.0290,0
 0.0540, 0.0000,-2.0734, 3.1415,-0.2023,-5.1452,-4.6799, 0.7165, 1.0297,0
 0.0516, 0.0000,-2.1237, 3.1415,-0.2284,-5.0502,-4.6799, 0.7341, 1.0304,0
 0.0491, 0.0000,-2.1708, 3.1415,-0.2518,-4.7799,-4.6799, 0.7253, 1.0312,0
 0.0463, 0.0000,-2.2148, 3.1415,-0.2686,-4.4745,-4.6799, 0.7114, 1.0319,0
 0.0433, 0.0000,-2.2556, 3.1415,-0.2962,-4.1621,-4.6799, 0.6967, 1.0326,0
 0.0403, 0.0000,-2.2965, 3.1415,-0.3017,-4.0996,-4.6799, 0.7118, 1.0333,0
 0.0371, 0.0000,-2.3373, 3.1415,-0.3150,-4.0872,-4.6799, 0.7319, 1.0340,0
 0.0336, 0.0000,-2.3750, 3.1415,-0.3419,-3.8333,-4.6799, 0.7229, 1.0347,0
 0.0300, 0.0000,-2.4096, 3.1415,-0.3594,-3.5312,-4.6799, 0.7087, 1.0355,0
 0.0263, 0.0000,-2.4410, 3.1415,-0.3629,-3.2195,-4.6799, 0.6940, 1.0362,0
 0.0225, 0.0000,-2.4755, 3.1415,-0.3818,-3.4084,-4.6799, 0.7272, 1.0369,0
 0.0185, 0.0000,-2.5038, 3.1415,-0.3916,-2.9436,-4.6799, 0.6982, 1.0376,0
 0.0145, 0.0000,-2.5321, 3.1415,-0.3996,-2.8506,-4.6799, 0.7025, 1.0383,0
 0.0103, 0.0000,-2.5603, 3.1415,-0.4134,-2.8320,-4.6799, 0.7124, 1.0391,0
 0.0061, 0.0000,-2.5886, 3.1415,-0.4222,-2.8283,-4.6799, 0.7230, 1.0398,0
 0.0016, 0.0000,-2.6106, 3.1415,-0.4421,-2.3249,-4.6799, 0.6949, 1.0405,0
-0.0028, 0.0000,-2.6357, 3.1415,-0.4522,-2.4756,-4.6799, 0.7139, 1.0412,0
-0.0075, 0.0000,-2.6577, 3.1415,-0.4663,-2.2544,-4.6799, 0.7068, 1.0419,0
-0.0122, 0.0000,-2.6766, 3.1415,-0.4631,-1.9588,-4.6799, 0.6955, 1.0426,0
-0.0169, 0.0000,-2.6986, 3.1415,-0.4685,-2.1510,-4.6799, 0.7135, 1.0434,0
-0.0218, 0.0000,-2.7174, 3.1415,-0.4878,-1.9381,-4.6799, 0.7070, 1.0441,0
-0.0269, 0.0000,-2.7363, 3.1415,-0.5098,-1.8955,-4.6799, 0.7102, 1.0448,0
-0.0319, 0.0000,-2.7520, 3.1415,-0.4960,-1.6357,-4.6799, 0.7017, 1.0455,0
-0.0371, 0.0000,-2.7677, 3.1415,-0.5175,-1.5837,-4.6799, 0.7036, 1.0462,0
-0.0425, 0.0000,-2.7834, 3.1415,-0.5340,-1.5734,-4.6799, 0.7071, 1.0469,0
-0.0479, 0.0000,-2.7991, 3.1415,-0.5373,-1.5713,-4.6799, 0.7109, 1.0477,0
-0.0532, 0.0000,-2.8148, 3.1415,-0.5379,-1.5709,-4.6799, 0.7146, 1.0484,0
-0.0589, 0.0000,-2.8274, 3.1415,-0.5623,-1.3194,-4.6799, 0.7073, 1.0491,0
-0.0647, 0.0000,-2.8399, 3.1415,-0.5732,-1.2691,-4.6799, 0.7082, 1.0498,0
-0.0705, 0.0000,-2.8525, 3.1415,-0.5815,-1.2591,-4.6799, 0.7105, 1.0505,0
-0.0763, 0.0000,-2.8651, 3.1415,-0.5831,-1.2571,-4.6799, 0.7129, 1.0513,0
-0.0824, 0.0000,-2.8745, 3.1415,-0.6017,-1.0054,-4.3705, 0.7067, 1.0520,0
-0.0886, 0.0000,-2.8871, 3.1415,-0.6114,-1.2063,-2.7191, 0.7153, 1.0527,0
-0.0948, 0.0000,-2.8965, 3.1415,-0.6194,-0.9952,-2.5817, 0.7105, 1.0534,0
-0.1010, 0.0000,-2.9059, 3.1415,-0.6210,-0.9530,-0.7014, 0.7109, 1.0541,0
-0.1072, 0.0000,-2.9153, 3.1415,-0.6214,-0.9445, 0.3120, 0.7122, 1.0548,0
-0.1130, 0.0000,-2.9216, 3.1415,-0.5850,-0.6915, 1.5517, 0.7074, 1.0556,0
-0.1185, 0.0000,-2.9279, 3.1415,-0.5596,-0.6409, 3.7322, 0.7075, 1.0563,0
-0.1239, 0.0000,-2.9342, 3.1415,-0.5424,-0.6308, 4.6799, 0.7082, 1.0570,0
-0.1286, 0.0000,-2.9342, 3.1415,-0.4844,-0.1261, 4.6799, 0.7029, 1.0577,0
-0.1330, 0.0000,-2.9342, 3.1415,-0.4485,-0.0252, 4.6799, 0.7027, 1.0584,0
-0.1367, 0.0000,-2.9311, 3.1415,-0.3868, 0.2462, 4.6799, 0.7030, 1.0592,0
-0.1402, 0.0000,-2.9279, 3.1415,-0.3562, 0.3005, 4.6799, 0.7030, 1.0599,0
-0.1429, 0.0000,-2.9216, 3.1415,-0.2895, 0.5627, 4.6799, 0.7052, 1.0606,0
-0.1452, 0.0000,-2.9122, 3.1415,-0.2458, 0.8665, 4.6799, 0.7098, 1.0613,0
-0.1471, 0.0000,-2.9028, 3.1415,-0.2007, 0.9272, 4.6799, 0.7097, 1.0620,0
-0.1485, 0.0000,-2.8871, 3.1415,-0.1492, 1.4420, 4.6799, 0.7240, 1.0627,0
-0.1494, 0.0000,-2.8714, 3.1415,-0.1026, 1.5450, 4.6799, 0.7254, 1.0635,0
-0.1499, 0.0000,-2.8557, 3.1415,-0.0569, 1.5656, 4.6799, 0.7232, 1.0642,0
-0.1499, 0.0000,-2.8337, 3.1415,-0.0113, 2.0724, 4.6799, 0.7444, 1.0649,0
-0.1495, 0.0000,-2.8148, 3.1415, 0.0280, 1.9224, 4.6799, 0.7318, 1.0656,0
-0.1487, 0.0000,-2.7897, 3.1415, 0.0662, 2.3951, 4.6799, 0.7544, 1.0663,0
-0.1479, 0.0000,-2.7646, 3.1415, 0.0799, 2.4896, 4.6799, 0.7544, 1.0671,0
-0.1468, 0.0000,-2.7363, 3.1415, 0.1069, 2.7598, 4.6799, 0.7665, 1.0678,0
-0.1452, 0.0000,-2.7080, 3.1415, 0.1426, 2.8139, 4.6799, 0.7625, 1.0685,0
-0.1434, 0.0000,-2.6766, 3.1415, 0.1740, 3.0760, 4.6799, 0.7743, 1.0692,0
-0.1415, 0.0000,-2.6420, 3.1415, 0.1924, 3.3797, 4.6799, 0.7902, 1.0699,0
-0.1393, 0.0000,-2.6075, 3.1415, 0.2082, 3.4405, 4.6799, 0.7838, 1.0706,0
-0.1370, 0.0000,-2.5698, 3.1415, 0.2296, 3.7040, 4.6799, 0.7959, 1.0714,0
-0.1343, 0.0000,-2.5289, 3.1415, 0.2642, 4.0080, 4.6799, 0.8124, 1.0721,0
-0.1314, 0.0000,-2.4881, 3.1415, 0.2832, 4.0688, 4.6799, 0.8019, 1.0728,0
-0.1282, 0.0000,-2.4441, 3.1415, 0.3113, 4.3323, 4.6799, 0.8131, 1.0735,0
-0.1249, 0.0000,-2.3970, 3.1415, 0.3290, 4.6363, 4.6799, 0.8290, 1.0742,0
-0.1215, 0.0000,-2.3467, 3.1415, 0.3325, 4.9485, 4.6799, 0.8457, 1.0750,0
-0.1180, 0.0000,-2.2933, 3.1415, 0.3514, 5.2622, 4.6799, 0.8625, 1.0757,0
-0.1142, 0.0000,-2.2399, 3.1415, 0.3674, 5.3250, 4.6799, 0.8424, 1.0764,0
-0.1105, 0.0000,-2.1834, 3.1415, 0.3766, 5.5889, 4.6799, 0.8502, 1.0771,0
-0.1066, 0.0000,-2.1237, 3.1415, 0.3845, 5.8930, 4.6799, 0.8633, 1.0778,0
-0.1026, 0.0000,-2.0608, 3.1415, 0.3922, 6.2051, 4.6799, 0.8770, 1.0785,0
-0.0986, 0.0000,-1.9949, 3.1415, 0.3997, 6.5189, 4.6799, 0.8904, 1.0793,0
-0.0946, 0.0000,-1.9289, 3.1415, 0.4013, 6.5816, 4.6799, 0.8581, 1.0800,0
-0.0906, 0.0000,-1.8566, 3.1415, 0.4016, 7.0968, 4.6799, 0.9076, 1.0807,0
-0.0865, 0.0000,-1.7844, 3.1415, 0.4077, 7.1998, 4.6799, 0.8779, 1.0814,0
-0.0826, 0.0000,-1.7090, 3.1415, 0.3907, 7.4718, 4.6799, 0.8805, 1.0821,0
-0.0789, 0.0000,-1.6273, 3.1415, 0.3752, 8.0288, 4.6799, 0.9430, 1.0829,0
-0.0753, 0.0000,-1.5456, 3.1415, 0.3660, 8.1402, 4.6799, 0.9096, 1.0836,0
-0.0718, 0.0000,-1.4608, 3.1415, 0.3521, 8.4139, 3.0914, 0.9123, 1.0843,0
-0.0686, 0.0000,-1.3728, 3.1415, 0.3250, 8.7199,-0.9134, 0.9233, 1.0850,0
-0.0661, 0.0000,-1.2817, 3.1415, 0.2651, 9.0324,-4.0192, 0.9375, 1.0857,0
-0.0643, 0.0000,-1.1875, 3.1415, 0.1985, 9.3463,-4.6799, 0.9544, 1.0864,0
-0.0628, 0.0000,-1.0869, 3.1415, 0.1609, 9.9117, 4.6799, 1.0413, 1.0872,0
-0.0616, 0.0000,-0.9864, 3.1415, 0.1292, 10.0248,-3.9397, 1.0108, 1.0879,0
-0.0617, 0.0000,-0.8796, 3.1415, 0.0137, 10.5501, 4.6799, 1.1005, 1.0886,0
-0.0613, 0.0000,-0.7696, 3.1415, 0.0330, 10.9064, 4.6799, 1.1496, 1.0893,0
-0.0618, 0.0000,-0.6597, 3.1415,-0.0297, 10.9777, 4.6799, 1.1197, 1.0900,0
-0.0623, 0.0000,-0.5466, 3.1415,-0.0483, 11.2433, 4.6799, 1.1563, 1.0908,0
-0.0631, 0.0000,-0.4303, 3.1415,-0.0703, 11.5477, 4.6799, 1.2143, 1.0915,0
-0.0637, 0.0000,-0.3141, 3.1415,-0.0625, 11.6086, 4.6799, 1.2037, 1.0922,0
-0.0641, 0.0000,-0.1979, 3.1415,-0.0428, 11.6208, 4.6799, 1.1865, 1.0929,0
-0.0641, 0.0000,-0.0816, 3.1415,-0.0085, 11.6232, 4.6799, 1.1757, 1.0936,0
-0.0640, 0.0000, 0.0345, 3.1415, 0.0043, 11.6237, 4.6799, 1.1739, 1.0943,0
-0.0638, 0.0000, 0.1476, 3.1415, 0.0129, 11.3725, 2.1822, 1.1004, 1.0951,0
-0.0632, 0.0000, 0.2607, 3.1415, 0.0571, 11.3222, 1.2990, 1.1009, 1.0958,0
-0.0623, 0.0000, 0.3738, 3.1415, 0.0781, 11.3122, 4.6799, 1.1230, 1.0965,0
-0.0606, 0.0000, 0.4838, 3.1415, 0.1550, 11.0589,-4.6799, 1.0765, 1.0972,0
-0.0595, 0.0000, 0.5906, 3.1415, 0.1159, 10.7569,-4.6799, 1.0235, 1.0979,0
-0.0580, 0.0000, 0.6942, 3.1415, 0.1444, 10.4451,-4.6799, 0.9755, 1.0987,0
-0.0561, 0.0000, 0.7979, 3.1415, 0.1804, 10.3828,-4.6799, 1.0079, 1.0994,0
-0.0543, 0.0000, 0.8984, 3.1415, 0.1816, 10.1190,-4.6799, 0.9863, 1.1001,0
-0.0522, 0.0000, 0.9990, 3.1415, 0.2000, 10.0662,-4.6799, 1.0300, 1.1008,0
-0.0504, 0.0000, 1.0932, 3.1415, 0.1855, 9.5530,-4.6799, 0.9476, 1.1015,0
-0.0484, 0.0000, 1.1875, 3.1415, 0.2008, 9.4504,-4.6799, 0.9818, 1.1022,0
-0.0461, 0.0000, 1.2754, 3.1415, 0.2220, 8.9272,-4.6799, 0.9067, 1.1030,0
-0.0439, 0.0000, 1.3634, 3.1415, 0.2202, 8.8226,-4.6799, 0.9419, 1.1037,0
-0.0416, 0.0000, 1.4451, 3.1415, 0.2320, 8.2990,-4.6799, 0.8742, 1.1044,0
-0.0394, 0.0000, 1.5268, 3.1415, 0.2161, 8.1943,-4.6799, 0.9084, 1.1051,0
-0.0372, 0.0000, 1.6053, 3.1415, 0.2190, 7.9220,-4.4950, 0.9034, 1.1058,0
-0.0352, 0.0000, 1.6807, 3.1415, 0.2075, 7.6162, 1.4843, 0.8909, 1.1066,0
-0.0326, 0.0000, 1.7530, 3.1415, 0.2476, 7.3037, 4.6799, 0.8769, 1.1073,0
-0.0300, 0.0000, 1.8221, 3.1415, 0.2556, 6.9899, 4.6799, 0.8626, 1.1080,0
-0.0271, 0.0000, 1.8880, 3.1415, 0.2876, 6.6758, 4.6799, 0.8479, 1.1087,0
-0.0243, 0.0000, 1.9509, 3.1415, 0.2818, 6.3617, 4.6799, 0.8330, 1.1094,0
-0.0211, 0.0000, 2.0137, 3.1415, 0.3110, 6.2988, 4.6799, 0.8632, 1.1101,0
-0.0175, 0.0000, 2.0703, 3.1415, 0.3471, 5.7836, 4.6799, 0.8122, 1.1109,0
-0.0137, 0.0000, 2.1268, 3.1415, 0.3726, 5.6806, 4.6799, 0.8308, 1.1116,0
-0.0097, 0.0000, 2.1834, 3.1415, 0.3958, 5.6600, 4.6799, 0.8614, 1.1123,0
-0.0056, 0.0000, 2.2336, 3.1415, 0.4065, 5.1532, 4.6799, 0.8136, 1.1130,0
-0.0012, 0.0000, 2.2839, 3.1415, 0.4329, 5.0518, 4.6799, 0.8270, 1.1137,0
 0.0032, 0.0000, 2.3310, 3.1415, 0.4504, 4.7802, 4.6799, 0.8147, 1.1145,0
 0.0079, 0.0000, 2.3781, 3.1415, 0.4660, 4.7259, 4.6799, 0.8314, 1.1152,0
 0.0128, 0.0000, 2.4221, 3.1415, 0.4873, 4.4637, 4.6799, 0.8190, 1.1159,0
 0.0177, 0.0000, 2.4661, 3.1415, 0.4855, 4.4113, 4.6799, 0.8328, 1.1166,0
 0.0228, 0.0000, 2.5069, 3.1415, 0.5033, 4.1495, 4.6799, 0.8193, 1.1173,0
 0.0281, 0.0000, 2.5478, 3.1415, 0.5251, 4.0971, 4.6799, 0.8301, 1.1180,0
 0.0333, 0.0000, 2.5855, 3.1415, 0.5233, 3.8353, 4.6799, 0.8158, 1.1188,0
 0.0386, 0.0000, 2.6232, 3.1415, 0.5291, 3.7830, 4.6799, 0.8241, 1.1195,0
 0.0443, 0.0000, 2.6609, 3.1415, 0.5605, 3.7725, 4.6799, 0.8359, 1.1202,0
 0.0499, 0.0000, 2.6954, 3.1415, 0.5608, 3.5191, 4.6799, 0.8211, 1.1209,0
 0.0557, 0.0000, 2.7300, 3.1415, 0.5729, 3.4684, 4.6799, 0.8265, 1.1216,0
 0.0614, 0.0000, 2.7614, 3.1415, 0.5754, 3.2069, 4.6799, 0.8108, 1.1224,0
 0.0673, 0.0000, 2.7960, 3.1415, 0.5880, 3.4059, 4.6799, 0.8380, 1.1231,0
 0.0734, 0.0000, 2.8274, 3.1415, 0.6026, 3.1944, 4.6799, 0.8258, 1.1238,0
 0.0793, 0.0000, 2.8588, 3.1415, 0.5934, 3.1521, 4.6799, 0.8286, 1.1245,0
 0.0854, 0.0000, 2.8871, 3.1415, 0.6098, 2.8923, 4.6799, 0.8120, 1.1252,0
 0.0917, 0.0000, 2.9185, 3.1415, 0.6191, 3.0917, 4.6799, 0.8341, 1.1259,0
 0.0980, 0.0000, 2.9468, 3.1415, 0.6331, 2.8802, 4.6799, 0.8206, 1.1267,0
 0.1045, 0.0000, 2.9750, 3.1415, 0.6480, 2.8380, 4.6799, 0.8209, 1.1274,0
 0.1111, 0.0000, 3.0033, 3.1415, 0.6510, 2.8295, 4.6799, 0.8233, 1.1281,0
 0.1177, 0.0000, 3.0316, 3.1415, 0.6637, 2.8278, 4.6799, 0.8257, 1.1288,0
 0.1246, 0.0000, 3.0630, 3.1415, 0.6845, 3.0788,-4.6799, 0.8257, 1.1288,1
 0.1309, 0.0000, 3.0913, 3.1415, 0.6401, 2.8777,-4.6799, 0.8257, 1.1288,1
 0.1371, 0.0000, 3.1164, 3.1415, 0.6191, 2.5861,-4.6799, 0.8257, 1.1288,1
 0.1428, 0.0000, 3.1415, 3.1415, 0.5846, 2.5278,-4.6799, 0.8257, 1.1288,1
 0.1481, 0.0000, 3.1667, 3.1415, 0.5413, 2.5162,-4.6799, 0.8257, 1.1288,1
 0.1530, 0.0000, 3.1887, 3.1415, 0.5023, 2.2625,-4.6799, 0.8257, 1.1288,1
 0.1576, 0.0000, 3.2107, 3.1415, 0.4642, 2.2117,-4.6799, 0.8257, 1.1288,1
 0.1615, 0.0000, 3.2295, 3.1415, 0.4081, 1.9503,-4.6799, 0.8257, 1.1288,1
 0.1652, 0.0000, 3.2484, 3.1415, 0.3726, 1.8980, 4.6799, 0.7644, 1.1295,0
 0.1692, 0.0000, 3.2672, 3.1415, 0.3958, 1.8875, 4.6799, 0.7623, 1.1303,0
 0.1728, 0.0000, 3.2892, 3.1415, 0.3702, 2.1367, 4.6799, 0.7742, 1.1310,0
 0.1765, 0.0000, 3.3080, 3.1415, 0.3711, 1.9353, 4.6799, 0.7605, 1.1317,0
 0.1804, 0.0000, 3.3300, 3.1415, 0.3834, 2.1463, 4.6799, 0.7698, 1.1324,0
 0.1847, 0.0000, 3.3520, 3.1415, 0.4223, 2.1885, 4.6799, 0.7693, 1.1331,0
 0.1891, 0.0000, 3.3772, 3.1415, 0.4300, 2.4483, 4.6799, 0.7821, 1.1338,0
 0.1937, 0.0000, 3.4023, 3.1415, 0.4558, 2.5002, 4.6799, 0.7813, 1.1346,0
 0.1985, 0.0000, 3.4306, 3.1415, 0.4792, 2.7620, 4.6799, 0.7951, 1.1353,0
 0.2033, 0.0000, 3.4588, 3.1415, 0.4778, 2.8143, 4.6799, 0.7931, 1.1360,0
 0.2082, 0.0000, 3.4871, 3.1415, 0.4896, 2.8248, 4.6799, 0.7873, 1.1367,0
 0.2134, 0.0000, 3.5185, 3.1415, 0.5102, 3.0782, 4.6799, 0.8003, 1.1374,0
 0.2188, 0.0000, 3.5499, 3.1415, 0.5325, 3.1289, 4.6799, 0.7960, 1.1382,0
 0.2244, 0.0000, 3.5845, 3.1415, 0.5551, 3.3904, 4.6799, 0.8097, 1.1389,0
 0.2301, 0.0000, 3.6222, 3.1415, 0.5718, 3.6940, 4.6799, 0.8277, 1.1396,0
 0.2360, 0.0000, 3.6599, 3.1415, 0.5812, 3.7547, 4.6799, 0.8211, 1.1403,0
 0.2420, 0.0000, 3.7007, 3.1415, 0.6013, 4.0181, 4.6799, 0.8347, 1.1410,0
 0.2482, 0.0000, 3.7416, 3.1415, 0.6174, 4.0709, 4.6799, 0.8246, 1.1417,0
 0.2546, 0.0000, 3.7856, 3.1415, 0.6328, 4.3327, 4.6799, 0.8370, 1.1425,0
 0.2611, 0.0000, 3.8327, 3.1415, 0.6480, 4.6364, 4.6799, 0.8542, 1.1432,0
 0.2678, 0.0000, 3.8798, 3.1415, 0.6631, 4.6972, 4.6799, 0.8400, 1.1439,0
 0.2743, 0.0000, 3.9301, 3.1415, 0.6540, 4.9606, 4.6799, 0.8506, 1.1446,0
 0.2810, 0.0000, 3.9835, 3.1415, 0.6643, 5.2646, 4.6799, 0.8662, 1.1453,0
 0.2877, 0.0000, 4.0400, 3.1415, 0.6664, 5.5768, 4.6799, 0.8826, 1.1460,0
 0.2946, 0.0000, 4.0966, 3.1415, 0.6850, 5.6392, 4.6799, 0.8599, 1.1468,0
 0.3015, 0.0000, 4.1563, 3.1415, 0.6887, 5.9030, 4.6799, 0.8668, 1.1475,0
 0.3083, 0.0000, 4.2191, 3.1415, 0.6895, 6.2071, 4.6799, 0.8794, 1.1482,0
 0.3152, 0.0000, 4.2851, 3.1415, 0.6896, 6.5192, 3.3219, 0.8925, 1.1489,0
 0.3220, 0.0000, 4.3542, 3.1415, 0.6775, 6.8330,-0.6607, 0.9053, 1.1496,0
 0.3281, 0.0000, 4.4233, 3.1415, 0.6266, 6.8958,-0.8976, 0.8704, 1.1504,0
 0.3344, 0.0000, 4.4987, 3.1415, 0.6285, 7.4110,-4.6799, 0.9211, 1.1511,0
 0.3401, 0.0000, 4.5741, 3.1415, 0.5804, 7.5140,-4.6799, 0.8894, 1.1518,0
 0.3452, 0.0000, 4.6526, 3.1415, 0.5223, 7.7860,-4.6799, 0.8915, 1.1525,0
 0.3494, 0.0000, 4.7343, 3.1415, 0.4440, 8.0917,-4.6799, 0.9008, 1.1532,0
 0.3531, 0.0000, 4.8192, 3.1415, 0.3859, 8.4041,-4.6799, 0.9122, 1.1539,0
 0.3561, 0.0000, 4.9071, 3.1415, 0.3136, 8.7180,-4.6799, 0.9250, 1.1547,0
 0.3584, 0.0000, 4.9982, 3.1415, 0.2446, 9.0320,-4.6799, 0.9395, 1.1554,0
 0.3597, 0.0000, 5.0925, 3.1415, 0.1580, 9.3462,-4.6799, 0.9564, 1.1561,0
 0.3605, 0.0000, 5.1899, 3.1415, 0.0922, 9.6603,-4.6799, 0.9765, 1.1568,0
 0.3603, 0.0000, 5.2935, 3.1415, 0.0063, 10.2258,-4.6799, 1.0697, 1.1575,0
 0.3594, 0.0000, 5.4003, 3.1415,-0.0714, 10.5902,-4.6799, 1.1141, 1.1583,0
 0.3577, 0.0000, 5.5103, 3.1415,-0.1537, 10.9145,-4.6799, 1.1536, 1.1590,0
 0.3553, 0.0000, 5.6234, 3.1415,-0.2247, 11.2306, 4.2352, 1.1983, 1.1597,0
 0.3532, 0.0000, 5.7396, 3.1415,-0.2086, 11.5452, 4.6799, 1.2514, 1.1604,0
 0.3504, 0.0000, 5.8559, 3.1415,-0.2660, 11.6081, 4.6799, 1.2329, 1.1611,0
 0.3476, 0.0000, 5.9753, 3.1415,-0.2775, 11.8721, 4.6799, 1.2889, 1.1618,0
 0.3449, 0.0000, 6.0946, 3.1415,-0.2737, 11.9248, 4.6799, 1.2854, 1.1626,0
 0.3425, 0.0000, 6.2140, 3.1415,-0.2427, 11.9354, 4.6799, 1.2779, 1.1633,0
 0.3406, 0.0000, 6.3334, 3.1415,-0.2001, 11.9375, 4.6799, 1.2778, 1.1640,0
 0.3393, 0.0000, 6.4496, 3.1415,-0.1491, 11.6865,-4.6799, 1.2039, 1.1647,0
 0.3378, 0.0000, 6.5627, 3.1415,-0.1511, 11.3850,-4.6799, 1.1244, 1.1654,0
 0.3362, 0.0000, 6.6790, 3.1415,-0.1514, 11.5761,-4.6799, 1.2135, 1.1662,0
 0.3353, 0.0000, 6.7889, 3.1415,-0.1030, 11.1116,-4.6799, 1.1003, 1.1669,0
 0.3348, 0.0000, 6.8989, 3.1415,-0.0630, 11.0188,-4.6799, 1.1136, 1.1676,0
 0.3342, 0.0000, 7.0057, 3.1415,-0.0611, 10.7488,-4.6799, 1.0788, 1.1683,0
 0.3337, 0.0000, 7.1125, 3.1415,-0.0486, 10.6948,-4.6799, 1.1163, 1.1690,0
 0.3339, 0.0000, 7.2130, 3.1415, 0.0024, 10.1814,-4.6799, 1.0219, 1.1697,0
 0.3342, 0.0000, 7.3136, 3.1415, 0.0247, 10.0787,-4.6799, 1.0527, 1.1705,0
 0.3343, 0.0000, 7.4110, 3.1415, 0.0110, 9.8068,-4.6799, 1.0386, 1.1712,0
 0.3345, 0.0000, 7.5052, 3.1415, 0.0203, 9.5011,-4.6799, 1.0184, 1.1719,0
 0.3352, 0.0000, 7.5963, 3.1415, 0.0586, 9.1887,-4.6799, 0.9991, 1.1726,0
 0.3357, 0.0000, 7.6843, 3.1415, 0.0541, 8.8749,-4.6799, 0.9814, 1.1733,0
 0.3362, 0.0000, 7.7691, 3.1415, 0.0532, 8.5608,-4.6799, 0.9651, 1.1741,0
 0.3368, 0.0000, 7.8508, 3.1415, 0.0591, 8.2466,-4.6799, 0.9498, 1.1748,0
 0.3376, 0.0000, 7.9293, 3.1415, 0.0724, 7.9324,-4.6799, 0.9350, 1.1755,0
 0.3381, 0.0000, 8.0047, 3.1415, 0.0508, 7.6184,-4.6799, 0.9204, 1.1762,0
 0.3384, 0.0000, 8.0770, 3.1415, 0.0404, 7.3041,-4.6799, 0.9057, 1.1769,0
 0.3388, 0.0000, 8.1461, 3.1415, 0.0384, 6.9900,-3.7045, 0.8908, 1.1776,0
 0.3390, 0.0000, 8.2121, 3.1415, 0.0198, 6.6759, 2.6792, 0.8756, 1.1784,0
 0.3396, 0.0000, 8.2780, 3.1415, 0.0585, 6.6130, 2.9688, 0.9077, 1.1791,0
 0.3403, 0.0000, 8.3377, 3.1415, 0.0602, 6.0978, 4.6799, 0.8545, 1.1798,0
 0.3410, 0.0000, 8.3974, 3.1415, 0.0726, 5.9948, 4.6799, 0.8744, 1.1805,0
 0.3419, 0.0000, 8.4540, 3.1415, 0.0872, 5.7228, 4.6799, 0.8639, 1.1812,0
 0.3432, 0.0000, 8.5105, 3.1415, 0.1205, 5.6684, 4.6799, 0.8881, 1.1820,0
 0.3447, 0.0000, 8.5608, 3.1415, 0.1453, 5.1548, 4.6799, 0.8383, 1.1827,0
 0.3461, 0.0000, 8.6142, 3.1415, 0.1382, 5.3035, 4.6799, 0.8886, 1.1834,0
 0.3478, 0.0000, 8.6613, 3.1415, 0.1610, 4.8306, 4.6799, 0.8455, 1.1841,0
 0.3499, 0.0000, 8.7084, 3.1415, 0.2019, 4.7360, 4.6799, 0.8556, 1.1848,0
 0.3519, 0.0000, 8.7556, 3.1415, 0.2041, 4.7171, 4.6799, 0.8747, 1.1855,0
 0.3541, 0.0000, 8.7996, 3.1415, 0.2166, 4.4620, 4.6799, 0.8610, 1.1863,0
 0.3566, 0.0000, 8.8435, 3.1415, 0.2373, 4.4110, 4.6799, 0.8725, 1.1870,0
 0.3591, 0.0000, 8.8844, 3.1415, 0.2536, 4.1494, 4.6799, 0.8568, 1.1877,0
 0.3619, 0.0000, 8.9252, 3.1415, 0.2750, 4.0971, 4.6799, 0.8653, 1.1884,0
 0.3648, 0.0000, 8.9661, 3.1415, 0.2854, 4.0867, 4.6799, 0.8776, 1.1891,0
 0.3679, 0.0000, 9.0038, 3.1415, 0.3056, 3.8331, 4.6799, 0.8611, 1.1899,0
 0.3712, 0.0000, 9.0415, 3.1415, 0.3218, 3.7826, 4.6799, 0.8663, 1.1906,0
 0.3745, 0.0000, 9.0792, 3.1415, 0.3311, 3.7724, 4.6799, 0.8748, 1.1913,0
 0.3780, 0.0000, 9.1169, 3.1415, 0.3451, 3.7703, 4.6799, 0.8833, 1.1920,0
 0.3816, 0.0000, 9.1514, 3.1415, 0.3540, 3.5186, 4.6799, 0.8647, 1.1927,0
 0.3852, 0.0000, 9.1891, 3.1415, 0.3618, 3.7196, 4.6799, 0.8919, 1.1934,0
 0.3890, 0.0000, 9.2237, 3.1415, 0.3755, 3.5085, 4.6799, 0.8759, 1.1942,0
 0.3929, 0.0000, 9.2582, 3.1415, 0.3904, 3.4663, 4.6799, 0.8763, 1.1949,0
 0.3969, 0.0000, 9.2928, 3.1415, 0.3933, 3.4578, 4.6799, 0.8792, 1.1956,0
 0.4009, 0.0000, 9.3273, 3.1415, 0.4000, 3.4561,-4.6799, 0.8792, 1.1956,1
 0.4045, 0.0000, 9.3619, 3.1415, 0.3649, 3.4558,-4.6799, 0.8792, 1.1956,1
 0.4081, 0.0000, 9.3965, 3.1415, 0.3640, 3.4557,-4.6799, 0.8792, 1.1956,1
 0.4113, 0.0000, 9.4279, 3.1415, 0.3335, 3.2044,-4.6799, 0.8792, 1.1956,1
 0.4141, 0.0000, 9.4561, 3.1415, 0.2849, 2.9028,-4.6799, 0.8792, 1.1956,1
 0.4164, 0.0000, 9.4844, 3.1415, 0.2449, 2.8425,-4.6799, 0.8792, 1.1956,1
 0.4183, 0.0000, 9.5127, 3.1415, 0.2005, 2.8304,-4.6799, 0.8792, 1.1956,1
 0.4201, 0.0000, 9.5378, 3.1415, 0.1856, 2.5766, 4.6799, 0.8064, 1.1963,0
 0.4217, 0.0000, 9.5661, 3.1415, 0.1644, 2.7772, 4.6799, 0.8189, 1.1970,0
 0.4230, 0.0000, 9.5912, 3.1415, 0.1359, 2.5661, 4.6799, 0.8003, 1.1978,0
 0.4242, 0.0000, 9.6195, 3.1415, 0.1242, 2.7751, 4.6799, 0.8123, 1.1985,0
 0.4254, 0.0000, 9.6478, 3.1415, 0.1218, 2.8169, 4.6799, 0.8113, 1.1992,0
 0.4266, 0.0000, 9.6761, 3.1415, 0.1153, 2.8252, 4.6799, 0.8072, 1.1999,0
 0.4278, 0.0000, 9.7043, 3.1415, 0.1200, 2.8270, 4.6799, 0.8020, 1.2006,0
 0.4287, 0.0000, 9.7326, 3.1415, 0.0967, 2.8273, 4.6799, 0.7962, 1.2013,0
 0.4295, 0.0000, 9.7609, 3.1415, 0.0860, 2.8274, 4.6799, 0.7898, 1.2021,0
 0.4304, 0.0000, 9.7923, 3.1415, 0.0899, 3.0787, 4.6799, 0.8028, 1.2028,0
 0.4314, 0.0000, 9.8237, 3.1415, 0.0907, 3.1290, 4.6799, 0.7987, 1.2035,0
 0.4322, 0.0000, 9.8551, 3.1415, 0.0848, 3.1390, 4.6799, 0.7905, 1.2042,0
 0.4329, 0.0000, 9.8897, 3.1415, 0.0776, 3.3924, 4.6799, 0.8029, 1.2049,0
 0.4336, 0.0000, 9.9242, 3.1415, 0.0700, 3.4430, 4.6799, 0.7963, 1.2057,0
 0.4342, 0.0000, 9.9619, 3.1415, 0.0625, 3.7045, 4.6799, 0.8090, 1.2064,0
 0.4348, 0.0000, 9.9996, 3.1415, 0.0610, 3.7568, 4.6799, 0.8002, 1.2071,0
 0.4355, 0.0000, 10.0405, 3.1415, 0.0607, 4.0186, 4.6799, 0.8123, 1.2078,0
 0.4361, 0.0000, 10.0782, 3.1415, 0.0606, 3.8195, 4.6799, 0.7744, 1.2085,0
 0.4366, 0.0000, 10.1222, 3.1415, 0.0545, 4.2825, 4.6799, 0.8071, 1.2092,0
 0.4370, 0.0000, 10.1661, 3.1415, 0.0472, 4.3750, 4.6799, 0.7975, 1.2100,0
 0.4373, 0.0000, 10.2133, 3.1415, 0.0276, 4.6449, 4.6799, 0.8082, 1.2107,0
 0.4376, 0.0000, 10.2604, 3.1415, 0.0358, 4.6988, 4.6799, 0.7907, 1.2114,0
 0.4379, 0.0000, 10.3107, 3.1415, 0.0253, 4.9610, 4.6799, 0.7988, 1.2121,0
 0.4380, 0.0000, 10.3641, 3.1415, 0.0111, 5.2647, 4.6799, 0.8119, 1.2128,0
 0.4380, 0.0000, 10.4175, 3.1415, 0.0022, 5.3254, 4.6799, 0.7894, 1.2136,0
 0.4379, 0.0000, 10.4740, 3.1415,-0.0056, 5.5890, 4.6799, 0.7950, 1.2143,0
 0.4376, 0.0000, 10.5337, 3.1415,-0.0193, 5.8929, 4.6799, 0.8061, 1.2150,0
 0.4374, 0.0000, 10.5965, 3.1415,-0.0220, 6.2052, 4.6799, 0.8180, 1.2157,0
 0.4372, 0.0000, 10.6625, 3.1415,-0.0225, 6.5189, 4.6799, 0.8296, 1.2164,0
 0.4368, 0.0000, 10.7285, 3.1415,-0.0348, 6.5816, 4.6799, 0.7959, 1.2171,0
 0.4364, 0.0000, 10.8007, 3.1415,-0.0433, 7.0968,-3.0793, 0.8440, 1.2179,0
 0.4358, 0.0000, 10.8730, 3.1415,-0.0571, 7.1999,-4.6799, 0.8135, 1.2186,0
 0.4348, 0.0000, 10.9484, 3.1415,-0.0841, 7.4718,-4.6799, 0.8154, 1.2193,0
 0.4339, 0.0000, 11.0269, 3.1415,-0.0956, 7.7775,-4.6799, 0.8243, 1.2200,0
 0.4326, 0.0000, 11.1086, 3.1415,-0.1222, 8.0900,-4.6799, 0.8352, 1.2207,0
 0.4311, 0.0000, 11.1934, 3.1415,-0.1457, 8.4038,-4.6799, 0.8475, 1.2215,0
 0.4292, 0.0000, 11.2846, 3.1415,-0.1746, 8.9692,-4.6799, 0.9216, 1.2222,0
 0.4270, 0.0000, 11.3757, 3.1415,-0.2107, 9.0823,-4.6799, 0.8884, 1.2229,0
 0.4245, 0.0000, 11.4699, 3.1415,-0.2422, 9.3562,-4.6799, 0.8975, 1.2236,0
 0.4216, 0.0000, 11.5673, 3.1415,-0.2849, 9.6623,-4.6799, 0.9184, 1.2243,0
 0.4182, 0.0000, 11.6678, 3.1415,-0.3237, 9.9749,-4.6799, 0.9457, 1.2250,0
 0.4144, 0.0000, 11.7746, 3.1415,-0.3739, 10.5401,-4.6799, 1.0507, 1.2258,0
 0.4099, 0.0000, 11.8815, 3.1415,-0.4325, 10.6531,-4.6799, 1.0326, 1.2265,0
 0.4050, 0.0000, 11.9914, 3.1415,-0.4806, 10.9270,-4.6799, 1.0689, 1.2272,0
 0.3994, 0.0000, 12.1076, 3.1415,-0.5448, 11.4845,-4.6799, 1.2026, 1.2279,0
 0.3933, 0.0000, 12.2239, 3.1415,-0.5940, 11.5959,-4.6799, 1.2061, 1.2286,0
 0.3867, 0.0000, 12.3433, 3.1415,-0.6463, 11.8696, 4.6799, 1.2721, 1.2294,0
 0.3807, 0.0000, 12.4658, 3.1415,-0.6143, 12.1757, 4.6799, 1.3610, 1.2301,0
 0.3744, 0.0000, 12.5852, 3.1415,-0.6261, 11.9855, 4.6799, 1.2931, 1.2308,0
 0.3687, 0.0000, 12.7014, 3.1415,-0.5799, 11.6961,-4.6799, 1.2036, 1.2315,0
 0.3627, 0.0000, 12.8176, 3.1415,-0.5949, 11.6384,-4.6799, 1.2008, 1.2322,0
 0.3570, 0.0000, 12.9339, 3.1415,-0.5737, 11.6268,-4.6799, 1.2224, 1.2329,0
 0.3518, 0.0000, 13.0470, 3.1415,-0.5331, 11.3730,-4.6799, 1.1741, 1.2337,0
 0.3469, 0.0000, 13.1601, 3.1415,-0.5007, 11.3224,-4.6799, 1.1995, 1.2344,0
 0.3421, 0.0000, 13.2700, 3.1415,-0.4821, 11.0608,-4.6799, 1.1652, 1.2351,0
 0.3375, 0.0000, 13.3769, 3.1415,-0.4662, 10.7573,-4.6799, 1.1252, 1.2358,0
 0.3332, 0.0000, 13.4805, 3.1415,-0.4328, 10.4452,-4.6799, 1.0890, 1.2365,0
 0.3294, 0.0000, 13.5811, 3.1415,-0.3897, 10.1315,-4.6799, 1.0580, 1.2373,0
 0.3259, 0.0000, 13.6784, 3.1415,-0.3568, 9.8175,-4.6799, 1.0314, 1.2380,0
 0.3226, 0.0000, 13.7727, 3.1415,-0.3381, 9.5032,-4.6799, 1.0084, 1.2387,0
 0.3195, 0.0000, 13.8669, 3.1415,-0.3162, 9.4404,-4.6799, 1.0560, 1.2394,0
 0.3167, 0.0000, 13.9549, 3.1415,-0.2875, 8.9252,-4.6799, 0.9851, 1.2401,0
 0.3142, 0.0000, 14.0397, 3.1415,-0.2576, 8.5708,-4.6799, 0.9586, 1.2408,0
 0.3118, 0.0000, 14.1214, 3.1415,-0.2455, 8.2486,-4.6799, 0.9412, 1.2416,0
 0.3093, 0.0000, 14.1999, 3.1415,-0.2431, 7.9329,-4.6799, 0.9261, 1.2423,0
 0.3072, 0.0000, 14.2753, 3.1415,-0.2184, 7.6185,-4.6799, 0.9115, 1.2430,0
 0.3052, 0.0000, 14.3507, 3.1415,-0.2073, 7.5554,-4.6799, 0.9514, 1.2437,0
 0.3030, 0.0000, 14.4199, 3.1415,-0.2173, 7.0404, 4.6799, 0.8942, 1.2444,0
 0.3017, 0.0000, 14.4890, 3.1415,-0.1465, 6.9372, 4.6799, 0.9212, 1.2451,0
 0.3002, 0.0000, 14.5549, 3.1415,-0.1445, 6.6652, 4.6799, 0.9133, 1.2459,0
 0.2993, 0.0000, 14.6178, 3.1415,-0.1016, 6.3595, 4.6799, 0.8982, 1.2466,0
 0.2987, 0.0000, 14.6775, 3.1415,-0.0688, 6.0471, 4.6799, 0.8813, 1.2473,0
 0.2986, 0.0000, 14.7372, 3.1415,-0.0198, 5.9846, 4.6799, 0.9069, 1.2480,0
 0.2989, 0.0000, 14.7937, 3.1415, 0.0202, 5.7208, 4.6799, 0.8965, 1.2487,0
 0.2995, 0.0000, 14.8503, 3.1415, 0.0465, 5.6680, 4.6799, 0.9195, 1.2495,0
 0.3002, 0.0000, 14.9037, 3.1415, 0.0638, 5.4062, 4.6799, 0.9072, 1.2502,0
 0.3011, 0.0000, 14.9571, 3.1415, 0.0855, 5.3538, 4.6799, 0.9263, 1.2509,0
 0.3023, 0.0000, 15.0073, 3.1415, 0.1141, 5.0919, 4.6799, 0.9119, 1.2516,0
 0.3036, 0.0000, 15.0545, 3.1415, 0.1319, 4.7882, 4.6799, 0.8911, 1.2523,0
 0.3050, 0.0000, 15.1016, 3.1415, 0.1355, 4.7276, 4.6799, 0.9029, 1.2530,0
 0.3066, 0.0000, 15.1487, 3.1415, 0.1544, 4.7153, 4.6799, 0.9199, 1.2538,0
 0.3084, 0.0000, 15.1927, 3.1415, 0.1764, 4.4616, 4.6799, 0.9035, 1.2545,0
 0.3105, 0.0000, 15.2367, 3.1415, 0.1989, 4.4109, 4.6799, 0.9122, 1.2552,0
 0.3126, 0.0000, 15.2807, 3.1415, 0.2095, 4.4007, 4.6799, 0.9246, 1.2559,0
 0.3149, 0.0000, 15.3215, 3.1415, 0.2298, 4.1474, 4.6799, 0.9059, 1.2566,0
 0.3175, 0.0000, 15.3655, 3.1415, 0.2521, 4.3480, 4.6799, 0.9410, 1.2574,0
 0.3202, 0.0000, 15.4063, 3.1415, 0.2687, 4.1368, 4.6799, 0.9252, 1.2581,0
 0.3231, 0.0000, 15.4472, 3.1415, 0.2841, 4.0946, 4.6799, 0.9285, 1.2588,0
 0.3262, 0.0000, 15.4880, 3.1415, 0.3054, 4.0861, 4.6799, 0.9345, 1.2595,0
 0.3296, 0.0000, 15.5288, 3.1415, 0.3278, 4.0845, 4.6799, 0.9401, 1.2602,0
 0.3331, 0.0000, 15.5697, 3.1415, 0.3444, 4.0841, 4.6799, 0.9447, 1.2609,0
 0.3365, 0.0000, 15.6074, 3.1415, 0.3478, 3.8327, 4.6799, 0.9201, 1.2617,0
 0.3402, 0.0000, 15.6482, 3.1415, 0.3606, 4.0338,-4.6799, 0.9201, 1.2617,1
 0.3432, 0.0000, 15.6891, 3.1415, 0.3146, 4.0739,-4.6799, 0.9201, 1.2617,1
 0.3465, 0.0000, 15.7299, 3.1415, 0.3297, 4.0820,-4.6799, 0.9201, 1.2617,1
 0.3495, 0.0000, 15.7676, 3.1415, 0.3024, 3.8323,-4.6799, 0.9201, 1.2617,1
 0.3519, 0.0000, 15.8053, 3.1415, 0.2545, 3.7823,-4.6799, 0.9201, 1.2617,1
 0.3539, 0.0000, 15.8399, 3.1415, 0.2085, 3.5209, 4.6799, 0.8854, 1.2624,0
 0.3566, 0.0000, 15.8744, 3.1415, 0.2539, 3.4688, 4.6799, 0.8766, 1.2631,0
 0.3587, 0.0000, 15.9121, 3.1415, 0.2266, 3.7097, 4.6799, 0.8958, 1.2638,0
 0.3611, 0.0000, 15.9498, 3.1415, 0.2332, 3.7579, 4.6799, 0.8948, 1.2645,0
 0.3634, 0.0000, 15.9907, 3.1415, 0.2346, 4.0187, 4.6799, 0.9156, 1.2653,0
 0.3659, 0.0000, 16.0315, 3.1415, 0.2470, 4.0709, 4.6799, 0.9128, 1.2660,0
 0.3688, 0.0000, 16.0723, 3.1415, 0.2737, 4.0815, 4.6799, 0.9041, 1.2667,0
 0.3717, 0.0000, 16.1163, 3.1415, 0.2912, 4.3348, 4.6799, 0.9221, 1.2674,0
 0.3749, 0.0000, 16.1603, 3.1415, 0.3129, 4.3854, 4.6799, 0.9151, 1.2681,0
 0.3782, 0.0000, 16.2106, 3.1415, 0.3293, 4.8983, 4.6799, 0.9651, 1.2688,0
 0.3818, 0.0000, 16.2577, 3.1415, 0.3508, 4.7496, 4.6799, 0.9281, 1.2696,0
 0.3854, 0.0000, 16.3111, 3.1415, 0.3551, 5.2223, 4.6799, 0.9732, 1.2703,0
 0.3891, 0.0000, 16.3614, 3.1415, 0.3741, 5.0657, 4.6799, 0.9294, 1.2710,0
 0.3931, 0.0000, 16.4179, 3.1415, 0.3901, 5.5369, 4.6799, 0.9737, 1.2717,0
 0.3973, 0.0000, 16.4745, 3.1415, 0.4115, 5.6313, 4.6799, 0.9612, 1.2724,0
 0.4015, 0.0000, 16.5342, 3.1415, 0.4218, 5.9015, 4.6799, 0.9742, 1.2732,0
 0.4056, 0.0000, 16.5970, 3.1415, 0.4117, 6.2068, 4.6799, 0.9918, 1.2739,0
 0.4098, 0.0000, 16.6630, 3.1415, 0.4158, 6.5192, 4.6799, 1.0097, 1.2746,0
 0.4139, 0.0000, 16.7289, 3.1415, 0.4166, 6.5817, 4.6799, 0.9816, 1.2753,0
 0.4182, 0.0000, 16.7980, 3.1415, 0.4228, 6.8456, 4.6799, 0.9881, 1.2760,0
 0.4220, 0.0000, 16.8703, 3.1415, 0.3938, 7.1494, 3.9649, 1.0007, 1.2767,0
 0.4257, 0.0000, 16.9457, 3.1415, 0.3758, 7.4618,-1.1223, 1.0142, 1.2775,0
 0.4292, 0.0000, 17.0242, 3.1415, 0.3540, 7.7756,-4.6799, 1.0272, 1.2782,0
 0.4325, 0.0000, 17.1028, 3.1415, 0.3315, 7.8382,-4.6799, 0.9858, 1.2789,0
 0.4353, 0.0000, 17.1845, 3.1415, 0.2906, 8.1020,-4.6799, 0.9865, 1.2796,0
 0.4377, 0.0000, 17.2724, 3.1415, 0.2521, 8.6577,-4.6799, 1.0539, 1.2803,0
 0.4398, 0.0000, 17.3604, 3.1415, 0.2141, 8.7686,-4.6799, 1.0178, 1.2811,0
 0.4413, 0.0000, 17.4515, 3.1415, 0.1640, 9.0422,-4.6799, 1.0212, 1.2818,0
 0.4423, 0.0000, 17.5457, 3.1415, 0.1116, 9.3482,-4.6799, 1.0339, 1.2825,0
 0.4427, 0.0000, 17.6431, 3.1415, 0.0526, 9.6607,-4.6799, 1.0506, 1.2832,0
 0.4425, 0.0000, 17.7468, 3.1415,-0.0015, 10.2260,-4.6799, 1.1400, 1.2839,0
 0.4418, 0.0000, 17.8505, 3.1415,-0.0548, 10.3389,-4.6799, 1.1079, 1.2846,0
 0.4406, 0.0000, 17.9604, 3.1415,-0.1079, 10.8641,-4.6799, 1.1999, 1.2854,0
 0.4389, 0.0000, 18.0704, 3.1415,-0.1549, 10.9692,-4.6799, 1.1735, 1.2861,0
 0.4368, 0.0000, 18.1866, 3.1415,-0.2007, 11.4930,-4.6799, 1.2832, 1.2868,0
 0.4343, 0.0000, 18.3029, 3.1415,-0.2402, 11.5977,-4.6799, 1.2696, 1.2875,0
 0.4314, 0.0000, 18.4222, 3.1415,-0.2784, 11.8698,-3.2539, 1.3189, 1.2882,0
 0.4283, 0.0000, 18.5448, 3.1415,-0.3103, 12.1757, 4.6799, 1.3904, 1.2890,0
 0.4249, 0.0000, 18.6704, 3.1415,-0.3288, 12.4882, 4.6799, 1.4767, 1.2897,0
 0.4214, 0.0000, 18.7930, 3.1415,-0.3446, 12.2994, 4.6799, 1.4009, 1.2904,0
 0.4180, 0.0000, 18.9186, 3.1415,-0.3417, 12.5129, 4.6799, 1.4756, 1.2911,0
 0.4150, 0.0000, 19.0317, 3.1415,-0.3108, 11.5504,-4.6799, 1.1615, 1.2918,0
 0.4116, 0.0000, 19.1542, 3.1415,-0.3350, 12.1118, 4.6799, 1.3687, 1.2925,0
 0.4098, 0.0000, 19.2736, 3.1415,-0.2125, 11.9728,-4.6799, 1.3524, 1.2933,0
 0.4073, 0.0000, 19.3899, 3.1415,-0.2425, 11.6935,-4.6799, 1.2985, 1.2940,0
 0.4054, 0.0000, 19.5061, 3.1415,-0.1940, 11.6378,-4.6799, 1.3273, 1.2947,0
 0.4039, 0.0000, 19.6161, 3.1415,-0.1600, 11.1239,-4.6799, 1.2151, 1.2954,0
 0.4027, 0.0000, 19.7260, 3.1415,-0.1290, 11.0213,-4.6799, 1.2411, 1.2961,0
 0.4018, 0.0000, 19.8328, 3.1415,-0.0985, 10.7494,-4.6799, 1.2197, 1.2969,0
 0.4010, 0.0000, 19.9365, 3.1415,-0.0803, 10.4436,-4.6799, 1.1929, 1.2976,0
 0.4005, 0.0000, 20.0370, 3.1415,-0.0585, 10.1311,-4.6799, 1.1684, 1.2983,0
 0.4003, 0.0000, 20.1344, 3.1415,-0.0298, 9.8173,-4.6799, 1.1468, 1.2990,0
 0.4002, 0.0000, 20.2287, 3.1415,-0.0120, 9.5033,-4.6799, 1.1276, 1.2997,0
 0.4002, 0.0000, 20.3198, 3.1415,-0.0024, 9.1891,-4.6799, 1.1101, 1.3004,0
 0.4003, 0.0000, 20.4077, 3.1415, 0.0055, 8.8750,-4.6799, 1.0937, 1.3012,0
 0.4006, 0.0000, 20.4926, 3.1415, 0.0253, 8.5608,-4.6799, 1.0778, 1.3019,0
 0.4008, 0.0000, 20.5742, 3.1415, 0.0232, 8.2466,-4.6799, 1.0621, 1.3026,0
 0.4010, 0.0000, 20.6559, 3.1415, 0.0167, 8.1838,-4.6799, 1.1053, 1.3033,0
 0.4011, 0.0000, 20.7313, 3.1415, 0.0154, 7.6685,-4.6799, 1.0430, 1.3040,0
 0.4012, 0.0000, 20.8036, 3.1415, 0.0091, 7.3142, 1.2124, 1.0175, 1.3048,0
 0.4016, 0.0000, 20.8758, 3.1415, 0.0321, 7.2433, 1.4285, 1.0504, 1.3055,0
 0.4020, 0.0000, 20.9418, 3.1415, 0.0428, 6.7265, 4.6799, 0.9911, 1.3062,0
 0.4026, 0.0000, 21.0078, 3.1415, 0.0570, 6.6233, 4.6799, 1.0121, 1.3069,0
 0.4035, 0.0000, 21.0706, 3.1415, 0.0781, 6.3512, 4.6799, 0.9994, 1.3076,0
 0.4045, 0.0000, 21.1334, 3.1415, 0.1005, 6.2967, 4.6799, 1.0248, 1.3083,0
 0.4059, 0.0000, 21.1931, 3.1415, 0.1292, 6.0345, 4.6799, 1.0111, 1.3091,0
 0.4075, 0.0000, 21.2528, 3.1415, 0.1531, 5.9820, 4.6799, 1.0321, 1.3098,0
 0.4092, 0.0000, 21.3094, 3.1415, 0.1700, 5.7203, 4.6799, 1.0156, 1.3105,0
 0.4112, 0.0000, 21.3659, 3.1415, 0.1916, 5.6679, 4.6799, 1.0320, 1.3112,0
 0.4133, 0.0000, 21.4193, 3.1415, 0.2081, 5.4062, 4.6799, 1.0130, 1.3119,0
 0.4156, 0.0000, 21.4727, 3.1415, 0.2235, 5.3537, 4.6799, 1.0250, 1.3127,0
 0.4181, 0.0000, 21.5261, 3.1415, 0.2447, 5.3433, 4.6799, 1.0415, 1.3134,0
 0.4206, 0.0000, 21.5764, 3.1415, 0.2490, 5.0899, 4.6799, 1.0199, 1.3141,0
 0.4230, 0.0000, 21.6267, 3.1415, 0.2438, 5.0392, 4.6799, 1.0264, 1.3148,0
 0.4254, 0.0000, 21.6738, 3.1415, 0.2367, 4.7776, 4.6799, 1.0018, 1.3155,0
 0.4276, 0.0000, 21.7241, 3.1415, 0.2292, 4.9766, 4.6799, 1.0393, 1.3162,0
 0.4299, 0.0000, 21.7680, 3.1415, 0.2277, 4.5138, 4.6799, 0.9855, 1.3170,0
 0.4321, 0.0000, 21.8152, 3.1415, 0.2213, 4.6727, 4.6799, 1.0126, 1.3177,0
 0.4342, 0.0000, 21.8592, 3.1415, 0.2079, 4.4532, 4.6799, 0.9894, 1.3184,0
 0.4361, 0.0000, 21.9031, 3.1415, 0.1992, 4.4091,-4.6799, 0.9894, 1.3184,1
 0.4380, 0.0000, 21.9471, 3.1415, 0.1853, 4.4003,-4.6799, 0.9894, 1.3184,1
 0.4398, 0.0000, 21.9880, 3.1415, 0.1825, 4.1474,-4.6799, 0.9894, 1.3184,1
 0.4415, 0.0000, 22.0319, 3.1415, 0.1759, 4.3480,-4.6799, 0.9894, 1.3184,1
 0.4430, 0.0000, 22.0728, 3.1415, 0.1564, 4.1368,-4.6799, 0.9894, 1.3184,1
 0.4445, 0.0000, 22.1168, 3.1415, 0.1464, 4.3460, 4.6799, 0.9768, 1.3191,0
 0.4458, 0.0000, 22.1576, 3.1415, 0.1384, 4.1364, 4.6799, 0.9477, 1.3198,0
 0.4470, 0.0000, 22.2016, 3.1415, 0.1247, 4.3458, 4.6799, 0.9666, 1.3206,0
 0.4483, 0.0000, 22.2456, 3.1415, 0.1219, 4.3878, 4.6799, 0.9645, 1.3213,0
 0.4494, 0.0000, 22.2896, 3.1415, 0.1153, 4.3962, 4.6799, 0.9569, 1.3220,0
 0.4505, 0.0000, 22.3335, 3.1415, 0.1140, 4.3977, 4.6799, 0.9471, 1.3227,0
 0.4516, 0.0000, 22.3775, 3.1415, 0.1076, 4.3980, 4.6799, 0.9359, 1.3234,0
 0.4527, 0.0000, 22.4246, 3.1415, 0.1064, 4.6494, 4.6799, 0.9543, 1.3241,0
 0.4536, 0.0000, 22.4718, 3.1415, 0.0940, 4.6998, 4.6799, 0.9459, 1.3249,0
 0.4544, 0.0000, 22.5220, 3.1415, 0.0855, 4.9612, 4.6799, 0.9638, 1.3256,0
 0.4552, 0.0000, 22.5723, 3.1415, 0.0837, 5.0134, 4.6799, 0.9520, 1.3263,0
 0.4558, 0.0000, 22.6226, 3.1415, 0.0652, 5.0239, 4.6799, 0.9329, 1.3270,0
 0.4564, 0.0000, 22.6760, 3.1415, 0.0554, 5.2772, 4.6799, 0.9460, 1.3277,0
 0.4567, 0.0000, 22.7325, 3.1415, 0.0414, 5.5793, 4.6799, 0.9654, 1.3285,0
 0.4571, 0.0000, 22.7859, 3.1415, 0.0325, 5.3884, 4.6799, 0.9094, 1.3292,0
 0.4572, 0.0000, 22.8456, 3.1415, 0.0186, 5.8529, 4.6799, 0.9510, 1.3299,0
 0.4572, 0.0000, 22.9053, 3.1415, 0.0037, 5.9456, 4.6799, 0.9332, 1.3306,0
 0.4572, 0.0000, 22.9681, 3.1415, 0.0007, 6.2158, 4.6799, 0.9426, 1.3313,0
 0.4571, 0.0000, 23.0341, 3.1415,-0.0059, 6.5210, 4.6799, 0.9569, 1.3320,0
 0.4569, 0.0000, 23.1001, 3.1415,-0.0193, 6.5820, 4.6799, 0.9264, 1.3328,0
 0.4565, 0.0000, 23.1692, 3.1415,-0.0341, 6.8455, 4.6799, 0.9308, 1.3335,0
 0.4561, 0.0000, 23.2415, 3.1415,-0.0432, 7.1497, 4.6799, 0.9418, 1.3342,0
 0.4555, 0.0000, 23.3169, 3.1415,-0.0571, 7.4615, 3.7005, 0.9536, 1.3349,0
 0.4546, 0.0000, 23.3954, 3.1415,-0.0781, 7.7755,-3.9193, 0.9654, 1.3356,0
 0.4536, 0.0000, 23.4771, 3.1415,-0.1005, 8.0896,-4.6799, 0.9770, 1.3364,0
 0.4523, 0.0000, 23.5588, 3.1415,-0.1231, 8.1523,-4.6799, 0.9327, 1.3371,0
 0.4508, 0.0000, 23.6467, 3.1415,-0.1459, 8.6676,-4.6799, 0.9909, 1.3378,0
 0.4489, 0.0000, 23.7378, 3.1415,-0.1807, 9.0220,-4.6799, 1.0138, 1.3385,0
 0.4467, 0.0000, 23.8289, 3.1415,-0.2119, 9.0929,-4.6799, 0.9680, 1.3392,0
 0.4441, 0.0000, 23.9263, 3.1415,-0.2485, 9.6097,-4.6799, 1.0369, 1.3399,0
 0.4411, 0.0000, 24.0269, 3.1415,-0.2861, 9.9643,-4.6799, 1.0680, 1.3407,0
 0.4377, 0.0000, 24.1274, 3.1415,-0.3300, 10.0354,-4.6799, 1.0251, 1.3414,0
 0.4339, 0.0000, 24.2342, 3.1415,-0.3691, 10.5521,-4.6799, 1.1116, 1.3421,0
 0.4297, 0.0000, 24.3442, 3.1415,-0.4133, 10.9068,-4.6799, 1.1592, 1.3428,0
 0.4251, 0.0000, 24.4573, 3.1415,-0.4525, 11.2292,-4.6799, 1.2049, 1.3435,0
 0.4201, 0.0000, 24.5703, 3.1415,-0.4906, 11.2935,-4.6799, 1.1781, 1.3442,0
 0.4145, 0.0000, 24.6897, 3.1415,-0.5468, 11.8091,-4.6799, 1.3036, 1.3450,0
 0.4085, 0.0000, 24.8091, 3.1415,-0.5883, 11.9123,-4.6799, 1.3058, 1.3457,0
 0.4020, 0.0000, 24.9316, 3.1415,-0.6391, 12.1842,-0.4517, 1.3747, 1.3464,0
 0.3954, 0.0000, 25.0573, 3.1415,-0.6553, 12.4899, 4.6799, 1.4679, 1.3471,0
 0.3894, 0.0000, 25.1798, 3.1415,-0.6040, 12.2997, 4.6799, 1.4006, 1.3478,0
 0.3833, 0.0000, 25.3023, 3.1415,-0.6119, 12.2615, 1.0818, 1.3970, 1.3486,0
 0.3778, 0.0000, 25.4217, 3.1415,-0.5589, 12.0027,-4.6799, 1.3286, 1.3493,0
 0.3725, 0.0000, 25.5380, 3.1415,-0.5422, 11.6995,-4.6799, 1.2563, 1.3500,0
 0.3675, 0.0000, 25.6542, 3.1415,-0.5086, 11.6392,-4.6799, 1.2739, 1.3507,0
 0.3630, 0.0000, 25.7673, 3.1415,-0.4594, 11.3755,-4.6799, 1.2333, 1.3514,0
 0.3589, 0.0000, 25.8772, 3.1415,-0.4193, 11.0714,-4.6799, 1.1880, 1.3521,0
 0.3550, 0.0000, 25.9872, 3.1415,-0.3991, 11.0109,-4.6799, 1.2258, 1.3529,0
 0.3512, 0.0000, 26.0909, 3.1415,-0.3829, 10.4959,-4.6799, 1.1294, 1.3536,0
 0.3479, 0.0000, 26.1914, 3.1415,-0.3373, 10.1414,-4.6799, 1.0880, 1.3543,0
 0.3450, 0.0000, 26.2919, 3.1415,-0.3039, 10.0707,-4.6799, 1.1326, 1.3550,0
 0.3423, 0.0000, 26.3862, 3.1415,-0.2730, 9.5541,-4.6799, 1.0538, 1.3557,0
 0.3398, 0.0000, 26.4773, 3.1415,-0.2546, 9.1991,-4.6799, 1.0237, 1.3565,0
 0.3375, 0.0000, 26.5684, 3.1415,-0.2328, 9.1283,-4.6799, 1.0698, 1.3572,0
 0.3356, 0.0000, 26.6532, 3.1415,-0.1981, 8.6115,-4.6799, 1.0021, 1.3579,0
 0.3339, 0.0000, 26.7349, 3.1415,-0.1790, 8.2568,-4.6799, 0.9770, 1.3586,0
 0.3321, 0.0000, 26.8166, 3.1415,-0.1813, 8.1859,-4.6799, 1.0191, 1.3593,0
 0.3303, 0.0000, 26.8920, 3.1415,-0.1757, 7.6688,-2.2932, 0.9579, 1.3600,0
 0.3288, 0.0000, 26.9674, 3.1415,-0.1564, 7.5655, 3.9234, 0.9886, 1.3608,0
 0.3282, 0.0000, 27.0396, 3.1415,-0.0797, 7.2939, 4.6799, 0.9816, 1.3615,0
 0.3274, 0.0000, 27.1088, 3.1415,-0.0765, 6.9878, 4.6799, 0.9667, 1.3622,0
 0.3271, 0.0000, 27.1747, 3.1415,-0.0395, 6.6754, 4.6799, 0.9498, 1.3629,0
 0.3272, 0.0000, 27.2407, 3.1415,-0.0018, 6.6129, 4.6799, 0.9797, 1.3636,0
 0.3277, 0.0000, 27.3035, 3.1415, 0.0360, 6.3492, 4.6799, 0.9698, 1.3644,0
 0.3285, 0.0000, 27.3632, 3.1415, 0.0738, 6.0450, 4.6799, 0.9517, 1.3651,0
 0.3296, 0.0000, 27.4229, 3.1415, 0.1057, 5.9842, 4.6799, 0.9745, 1.3658,0
 0.3311, 0.0000, 27.4795, 3.1415, 0.1363, 5.7206, 4.6799, 0.9611, 1.3665,0
 0.3326, 0.0000, 27.5360, 3.1415, 0.1485, 5.6682, 4.6799, 0.9809, 1.3672,0
 0.3343, 0.0000, 27.5894, 3.1415, 0.1631, 5.4059, 4.6799, 0.9653, 1.3679,0
 0.3362, 0.0000, 27.6428, 3.1415, 0.1902, 5.3538, 4.6799, 0.9809, 1.3687,0
 0.3384, 0.0000, 27.6962, 3.1415, 0.2138, 5.3433, 4.6799, 1.0011, 1.3694,0
 0.3409, 0.0000, 27.7465, 3.1415, 0.2428, 5.0898, 4.6799, 0.9830, 1.3701,0
 0.3436, 0.0000, 27.7968, 3.1415, 0.2607, 5.0392, 4.6799, 0.9932, 1.3708,0
 0.3464, 0.0000, 27.8470, 3.1415, 0.2765, 5.0291, 4.6799, 1.0076, 1.3715,0
 0.3494, 0.0000, 27.8942, 3.1415, 0.2917, 4.7756, 4.6799, 0.9861, 1.3723,0
 0.3525, 0.0000, 27.9413, 3.1415, 0.3130, 4.7251, 4.6799, 0.9912, 1.3730,0
 0.3559, 0.0000, 27.9884, 3.1415, 0.3293, 4.7150, 4.6799, 1.0001, 1.3737,0
 0.3594, 0.0000, 28.0355, 3.1415, 0.3447, 4.7126, 4.6799, 1.0086, 1.3744,0
 0.3631, 0.0000, 28.0826, 3.1415, 0.3721, 4.7126, 4.6799, 1.0158, 1.3751,0
 0.3669, 0.0000, 28.1298, 3.1415, 0.3775, 4.7122, 4.6799, 1.0214, 1.3758,0
 0.3707, 0.0000, 28.1769, 3.1415, 0.3786, 4.7124,-4.6799, 1.0214, 1.3758,1
 0.3740, 0.0000, 28.2209, 3.1415, 0.3364, 4.4610,-4.6799, 1.0214, 1.3758,1
 0.3774, 0.0000, 28.2680, 3.1415, 0.3401, 4.6621,-4.6799, 1.0214, 1.3758,1
 0.3805, 0.0000, 28.3088, 3.1415, 0.3166, 4.1996,-4.6799, 1.0214, 1.3758,1
 0.3832, 0.0000, 28.3528, 3.1415, 0.2755, 4.3584,-4.6799, 1.0214, 1.3758,1
 0.3854, 0.0000, 28.3937, 3.1415, 0.2309, 4.1390, 4.6799, 0.9528, 1.3766,0
 0.3879, 0.0000, 28.4345, 3.1415, 0.2462, 4.0950, 4.6799, 0.9436, 1.3773,0
 0.3904, 0.0000, 28.4753, 3.1415, 0.2493, 4.0863, 4.6799, 0.9374, 1.3780,0
 0.3928, 0.0000, 28.5193, 3.1415, 0.2438, 4.3357, 4.6799, 0.9598, 1.3787,0
 0.3952, 0.0000, 28.5633, 3.1415, 0.2428, 4.3858, 4.6799, 0.9576, 1.3794,0
 0.3979, 0.0000, 28.6104, 3.1415, 0.2668, 4.6471, 4.6799, 0.9802, 1.3802,0
 0.4008, 0.0000, 28.6576, 3.1415, 0.2837, 4.6991, 4.6799, 0.9751, 1.3809,0
 0.4040, 0.0000, 28.7078, 3.1415, 0.3114, 4.9609, 4.6799, 0.9962, 1.3816,0
 0.4073, 0.0000, 28.7581, 3.1415, 0.3230, 5.0136, 4.6799, 0.9875, 1.3823,0
 0.4106, 0.0000, 28.8115, 3.1415, 0.3313, 5.2751, 4.6799, 1.0065, 1.3830,0
 0.4140, 0.0000, 28.8649, 3.1415, 0.3391, 5.3276, 4.6799, 0.9938, 1.3837,0
 0.4176, 0.0000, 28.9215, 3.1415, 0.3588, 5.5894, 4.6799, 1.0102, 1.3845,0
 0.4214, 0.0000, 28.9811, 3.1415, 0.3688, 5.8931, 4.6799, 1.0322, 1.3852,0
 0.4249, 0.0000, 29.0408, 3.1415, 0.3587, 5.9538, 4.6799, 1.0135, 1.3859,0
 0.4283, 0.0000, 29.1037, 3.1415, 0.3446, 6.2173, 4.6799, 1.0261, 1.3866,0
 0.4316, 0.0000, 29.1665, 3.1415, 0.3296, 6.2700, 4.6799, 1.0011, 1.3873,0
 0.4345, 0.0000, 29.2325, 3.1415, 0.2963, 6.5318, 4.6799, 1.0102, 1.3881,0
 0.4373, 0.0000, 29.3016, 3.1415, 0.2896, 6.8353, 4.6799, 1.0254, 1.3888,0
 0.4400, 0.0000, 29.3707, 3.1415, 0.2701, 6.8964, 4.6799, 0.9938, 1.3895,0
 0.4425, 0.0000, 29.4430, 3.1415, 0.2541, 7.1597, 4.6799, 0.9987, 1.3902,0
 0.4445, 0.0000, 29.5184, 3.1415, 0.2084, 7.4639, 4.6799, 1.0104, 1.3909,0
 0.4462, 0.0000, 29.5969, 3.1415, 0.1811, 7.7757, 3.0143, 1.0228, 1.3916,0
 0.4476, 0.0000, 29.6754, 3.1415, 0.1453, 7.8385,-2.4692, 0.9814, 1.3924,0
 0.4488, 0.0000, 29.7603, 3.1415, 0.1260, 8.3534,-4.6799, 1.0377, 1.3931,0
 0.4496, 0.0000, 29.8451, 3.1415, 0.0919, 8.4565,-4.6799, 1.0011, 1.3938,0
 0.4499, 0.0000, 29.9362, 3.1415, 0.0365, 8.9798,-4.6799, 1.0635, 1.3945,0
 0.4497, 0.0000, 30.0273, 3.1415,-0.0048, 9.0843,-4.6799, 1.0252, 1.3952,0
 0.4492, 0.0000, 30.1215, 3.1415,-0.0434, 9.3568,-4.6799, 1.0297, 1.3960,0
 0.4483, 0.0000, 30.2221, 3.1415,-0.0814, 9.9138,-4.6799, 1.1116, 1.3967,0
 0.4469, 0.0000, 30.3226, 3.1415,-0.1254, 10.0253,-4.6799, 1.0770, 1.3974,0
 0.4450, 0.0000, 30.4294, 3.1415,-0.1766, 10.5499,-4.6799, 1.1621, 1.3981,0
 0.4427, 0.0000, 30.5362, 3.1415,-0.2172, 10.6552,-4.6799, 1.1317, 1.3988,0
 0.4400, 0.0000, 30.6493, 3.1415,-0.2617, 11.1787,-4.6799, 1.2322, 1.3995,0
 0.4367, 0.0000, 30.7624, 3.1415,-0.3191, 11.2836,-4.6799, 1.2123, 1.4003,0
 0.4330, 0.0000, 30.8818, 3.1415,-0.3548, 11.8071,-4.6799, 1.3336, 1.4010,0
 0.4291, 0.0000, 31.0012, 3.1415,-0.3862, 11.9119,-4.6799, 1.3292, 1.4017,0
 0.4248, 0.0000, 31.1237, 3.1415,-0.4168, 12.1840,-4.6799, 1.3906, 1.4024,0
 0.4204, 0.0000, 31.2462, 3.1415,-0.4350, 12.2387,-4.6799, 1.3892, 1.4031,0
 0.4158, 0.0000, 31.3688, 3.1415,-0.4568, 12.2493,-4.6799, 1.3833, 1.4039,0
 0.4111, 0.0000, 31.4944, 3.1415,-0.4673, 12.5029, 4.6799, 1.4726, 1.4046,0
 0.4070, 0.0000, 31.6201, 3.1415,-0.4208, 12.5536, 4.6799, 1.5031, 1.4053,0
 0.4032, 0.0000, 31.7395, 3.1415,-0.3873, 12.0610,-4.6799, 1.3557, 1.4060,0
 0.3993, 0.0000, 31.8588, 3.1415,-0.3927, 11.9626,-4.6799, 1.3546, 1.4067,0
 0.3962, 0.0000, 31.9751, 3.1415,-0.3271, 11.6918,-4.6799, 1.3050, 1.4074,0
 0.3933, 0.0000, 32.0882, 3.1415,-0.2958, 11.3859,-4.6799, 1.2531, 1.4082,0
 0.3908, 0.0000, 32.2013, 3.1415,-0.2592, 11.3250,-4.6799, 1.2878, 1.4089,0
 0.3887, 0.0000, 32.3112, 3.1415,-0.2216, 11.0613,-4.6799, 1.2639, 1.4096,0
 0.3866, 0.0000, 32.4149, 3.1415,-0.2140, 10.5063,-4.6799, 1.1567, 1.4103,0
 0.3850, 0.0000, 32.5186, 3.1415,-0.1640, 10.3950,-4.6799, 1.1887, 1.4110,0
 0.3838, 0.0000, 32.6160, 3.1415,-0.1358, 9.8701,-4.6799, 1.1037, 1.4118,0
 0.3827, 0.0000, 32.7134, 3.1415,-0.1120, 9.7651,-4.6799, 1.1411, 1.4125,0
 0.3818, 0.0000, 32.8076, 3.1415,-0.0951, 9.4927,-4.6799, 1.1336, 1.4132,0
 0.3811, 0.0000, 32.8956, 3.1415,-0.0736, 8.9358,-4.6799, 1.0525, 1.4139,0
 0.3807, 0.0000, 32.9835, 3.1415,-0.0511, 8.8242,-4.6799, 1.0878, 1.4146,0
 0.3802, 0.0000, 33.0684, 3.1415,-0.0466, 8.5507,-4.6799, 1.0822, 1.4153,0
 0.3799, 0.0000, 33.1500, 3.1415,-0.0335, 8.2445,-4.6799, 1.0684, 1.4161,0
 0.3797, 0.0000, 33.2254, 3.1415,-0.0249, 7.6810, 1.0539, 0.9958, 1.4168,0
 0.3800, 0.0000, 33.3008, 3.1415, 0.0253, 7.5680, 4.6799, 1.0237, 1.4175,0
 0.3806, 0.0000, 33.3731, 3.1415, 0.0475, 7.2939, 4.6799, 1.0154, 1.4182,0
 0.3811, 0.0000, 33.4453, 3.1415, 0.0519, 7.2394, 4.6799, 1.0516, 1.4189,0
 0.3820, 0.0000, 33.5145, 3.1415, 0.0831, 6.9770, 4.6799, 1.0431, 1.4197,0
 0.3834, 0.0000, 33.5773, 3.1415, 0.1257, 6.4219, 4.6799, 0.9772, 1.4204,0
 0.3849, 0.0000, 33.6433, 3.1415, 0.1464, 6.5621, 4.6799, 1.0411, 1.4211,0
 0.3865, 0.0000, 33.7061, 3.1415, 0.1566, 6.3392, 4.6799, 1.0357, 1.4218,0
 0.3884, 0.0000, 33.7658, 3.1415, 0.1829, 6.0429, 4.6799, 1.0158, 1.4225,0
 0.3906, 0.0000, 33.8223, 3.1415, 0.2124, 5.7325, 4.6799, 0.9927, 1.4232,0
 0.3930, 0.0000, 33.8789, 3.1415, 0.2365, 5.6704, 4.6799, 1.0091, 1.4240,0
 0.3956, 0.0000, 33.9354, 3.1415, 0.2534, 5.6580, 4.6799, 1.0317, 1.4247,0
 0.3983, 0.0000, 33.9920, 3.1415, 0.2689, 5.6552, 4.6799, 1.0540, 1.4254,0
 0.4013, 0.0000, 34.0454, 3.1415, 0.2902, 5.4038, 4.6799, 1.0347, 1.4261,0
 0.4045, 0.0000, 34.0957, 3.1415, 0.3187, 5.1020, 4.6799, 1.0073, 1.4268,0
 0.4079, 0.0000, 34.1491, 3.1415, 0.3366, 5.2928, 4.6799, 1.0512, 1.4276,0
 0.4113, 0.0000, 34.1993, 3.1415, 0.3401, 5.0798, 4.6799, 1.0338, 1.4283,0
 0.4151, 0.0000, 34.2496, 3.1415, 0.3651, 5.0372, 4.6799, 1.0395, 1.4290,0
 0.4190, 0.0000, 34.2999, 3.1415, 0.3883, 5.0287, 4.6799, 1.0484, 1.4297,0
 0.4226, 0.0000, 34.3501, 3.1415, 0.3687, 5.0267, 4.6799, 1.0564, 1.4304,0
 0.4262, 0.0000, 34.3973, 3.1415, 0.3587, 4.7754, 4.6799, 1.0281, 1.4311,0
 0.4298, 0.0000, 34.4444, 3.1415, 0.3567, 4.7249, 4.6799, 1.0260, 1.4319,0
 0.4333, 0.0000, 34.4915, 3.1415, 0.3563, 4.7148,-4.6799, 1.0260, 1.4319,1
 0.4368, 0.0000, 34.5386, 3.1415, 0.3501, 4.7131,-4.6799, 1.0260, 1.4319,1
 0.4402, 0.0000, 34.5857, 3.1415, 0.3368, 4.7121,-4.6799, 1.0260, 1.4319,1
 0.4434, 0.0000, 34.6297, 3.1415, 0.3280, 4.4611,-4.6799, 1.0260, 1.4319,1
 0.4465, 0.0000, 34.6769, 3.1415, 0.3142, 4.6623, 4.6799, 1.0173, 1.4326,0
 0.4497, 0.0000, 34.7240, 3.1415, 0.3175, 4.7023, 4.6799, 1.0177, 1.4333,0
 0.4527, 0.0000, 34.7680, 3.1415, 0.3060, 4.4591, 4.6799, 0.9806, 1.4340,0
 0.4556, 0.0000, 34.8151, 3.1415, 0.2916, 4.6613, 4.6799, 0.9985, 1.4347,0
 0.4584, 0.0000, 34.8622, 3.1415, 0.2826, 4.7024, 4.6799, 0.9945, 1.4355,0
 0.4610, 0.0000, 34.9125, 3.1415, 0.2626, 4.9617, 4.6799, 1.0179, 1.4355,0
 0.4634, 0.0000, 34.9596, 3.1415, 0.2465, 4.7621, 4.6799, 0.9783, 1.4355,0
 0.4658, 0.0000, 35.0099, 3.1415, 0.2433, 4.9737, 4.6799, 0.9921, 1.4355,0
 0.4683, 0.0000, 35.0601, 3.1415, 0.2426, 5.0157, 4.6799, 0.9814, 1.4355,0
 0.4705, 0.0000, 35.1104, 3.1415, 0.2304, 5.0244, 4.6799, 0.9645, 1.4355,0
 0.4727, 0.0000, 35.1638, 3.1415, 0.2158, 5.2776, 4.6799, 0.9800, 1.4355,0
 0.4748, 0.0000, 35.2172, 3.1415, 0.2129, 5.3279, 4.6799, 0.9648, 1.4355,0
 0.4768, 0.0000, 35.2738, 3.1415, 0.2002, 5.5895, 4.6799, 0.9790, 1.4355,0
 0.4787, 0.0000, 35.3334, 3.1415, 0.1916, 5.8929, 4.6799, 0.9987, 1.4355,0
 0.4804, 0.0000, 35.3900, 3.1415, 0.1777, 5.7028, 4.6799, 0.9385, 1.4355,0
 0.4818, 0.0000, 35.4528, 3.1415, 0.1507, 6.1668, 4.6799, 0.9813, 1.4355,0
 0.4830, 0.0000, 35.5157, 3.1415, 0.1271, 6.2599, 4.6799, 0.9615, 1.4355,0
 0.4841, 0.0000, 35.5816, 3.1415, 0.1103, 6.5299, 4.6799, 0.9702, 1.4355,0
 0.4850, 0.0000, 35.6507, 3.1415, 0.0948, 6.8351, 4.6799, 0.9840, 1.4355,0
 0.4856, 0.0000, 35.7199, 3.1415, 0.0674, 6.8962, 4.6799, 0.9509, 1.4355,0
 0.4860, 0.0000, 35.7921, 3.1415, 0.0438, 7.1595, 4.6799, 0.9545, 1.4355,0
 0.4862, 0.0000, 35.8675, 3.1415, 0.0208, 7.4640, 4.6799, 0.9650, 1.4355,0
 0.4861, 0.0000, 35.9461, 3.1415,-0.0018, 7.7760, 0.1159, 0.9766, 1.4355,0
 0.4856, 0.0000, 36.0246, 3.1415,-0.0367, 7.8381,-4.6799, 0.9344, 1.4355,0
 0.4850, 0.0000, 36.1094, 3.1415,-0.0558, 8.3535,-4.6799, 0.9904, 1.4355,0
 0.4843, 0.0000, 36.1974, 3.1415,-0.0718, 8.7080,-4.6799, 1.0120, 1.4355,0
 0.4830, 0.0000, 36.2853, 3.1415,-0.1174, 8.7786,-4.6799, 0.9665, 1.4355,0
 0.4814, 0.0000, 36.3796, 3.1415,-0.1508, 9.2954,-4.6799, 1.0310, 1.4355,0
 0.4793, 0.0000, 36.4738, 3.1415,-0.1938, 9.3990,-4.6799, 0.9935, 1.4355,0
 0.4769, 0.0000, 36.5744, 3.1415,-0.2328, 9.9224,-4.6799, 1.0685, 1.4355,0
 0.4741, 0.0000, 36.6780, 3.1415,-0.2709, 10.2782,-4.6799, 1.1037, 1.4355,0
 0.4708, 0.0000, 36.7817, 3.1415,-0.3149, 10.3494,-4.6799, 1.0629, 1.4355,0
 0.4671, 0.0000, 36.8917, 3.1415,-0.3600, 10.8662,-4.6799, 1.1565, 1.4355,0
 0.4630, 0.0000, 37.0048, 3.1415,-0.3994, 11.2211,-4.6799, 1.2109, 1.4355,0
 0.4585, 0.0000, 37.1179, 3.1415,-0.4436, 11.2920,-4.6799, 1.1849, 1.4355,0
 0.4536, 0.0000, 37.2372, 3.1415,-0.4828, 11.8085,-4.6799, 1.3093, 1.4355,0
 0.4484, 0.0000, 37.3566, 3.1415,-0.5088, 11.9121,-4.6799, 1.3102, 1.4355,0
 0.4430, 0.0000, 37.4792, 3.1415,-0.5322, 12.1843,-4.6799, 1.3776, 1.4355,0
 0.4376, 0.0000, 37.6017, 3.1415,-0.5430, 12.2385,-4.6799, 1.3822, 1.4355,0
 0.4320, 0.0000, 37.7242, 3.1415,-0.5512, 12.2496,-4.6799, 1.3828, 1.4355,0
 0.4266, 0.0000, 37.8436, 3.1415,-0.5468, 12.0004,-4.6799, 1.3055, 1.4355,0
 0.4214, 0.0000, 37.9661, 3.1415,-0.5216, 12.2017,-4.6799, 1.3917, 1.4355,0
 0.4165, 0.0000, 38.0855, 3.1415,-0.4984, 11.9908,-4.6799, 1.3477, 1.4355,0
 0.4117, 0.0000, 38.2017, 3.1415,-0.4877, 11.6971,-4.6799, 1.2862, 1.4355,0
 0.4073, 0.0000, 38.3148, 3.1415,-0.4431, 11.3872,-4.6799, 1.2291, 1.4355,0
 0.4033, 0.0000, 38.4279, 3.1415,-0.4099, 11.3253,-4.6799, 1.2600, 1.4355,0
 0.3996, 0.0000, 38.5379, 3.1415,-0.3791, 11.0614,-4.6799, 1.2330, 1.4355,0
 0.3963, 0.0000, 38.6447, 3.1415,-0.3426, 10.7572,-4.6799, 1.1997, 1.4355,0
 0.3932, 0.0000, 38.7484, 3.1415,-0.3110, 10.4455,-4.6799, 1.1697, 1.4355,0
 0.3906, 0.0000, 38.8489, 3.1415,-0.2744, 10.1317,-4.6799, 1.1436, 1.4355,0
 0.3882, 0.0000, 38.9463, 3.1415,-0.2428, 9.8174,-4.6799, 1.1210, 1.4355,0
 0.3860, 0.0000, 39.0374, 3.1415,-0.2244, 9.2517,-4.6799, 1.0328, 1.4355,0
 0.3841, 0.0000, 39.1285, 3.1415,-0.1964, 9.1388,-4.6799, 1.0680, 1.4355,0
 0.3823, 0.0000, 39.2165, 3.1415,-0.1848, 8.8651,-4.6799, 1.0619, 1.4355,0
 0.3808, 0.0000, 39.3013, 3.1415,-0.1582, 8.5589,-4.6799, 1.0481, 1.4355,0
 0.3794, 0.0000, 39.3830, 3.1415,-0.1468, 8.2462,-4.6799, 1.0330, 1.4355,0
 0.3780, 0.0000, 39.4615, 3.1415,-0.1385, 7.9325,-4.4017, 1.0177, 1.4355,0
 0.3767, 0.0000, 39.5369, 3.1415,-0.1307, 7.6183, 4.6799, 1.0020, 1.4355,0
 0.3763, 0.0000, 39.6091, 3.1415,-0.0625, 7.3039, 4.6799, 0.9858, 1.4355,0
 0.3758, 0.0000, 39.6814, 3.1415,-0.0488, 7.2417, 4.6799, 1.0214, 1.4355,0
 0.3757, 0.0000, 39.7505, 3.1415,-0.0158, 6.9772, 4.6799, 1.0135, 1.4355,0
 0.3760, 0.0000, 39.8165, 3.1415, 0.0210, 6.6734, 4.6799, 0.9967, 1.4355,0
 0.3766, 0.0000, 39.8793, 3.1415, 0.0466, 6.3612, 4.6799, 0.9775, 1.4355,0
 0.3775, 0.0000, 39.9422, 3.1415, 0.0820, 6.2987, 4.6799, 1.0026, 1.4355,0
 0.3787, 0.0000, 40.0018, 3.1415, 0.1134, 6.0348, 4.6799, 0.9898, 1.4355,0
 0.3800, 0.0000, 40.0615, 3.1415, 0.1257, 5.9820, 4.6799, 1.0119, 1.4355,0
 0.3815, 0.0000, 40.1181, 3.1415, 0.1464, 5.7206, 4.6799, 0.9968, 1.4355,0
 0.3833, 0.0000, 40.1746, 3.1415, 0.1748, 5.6677, 4.6799, 1.0143, 1.4355,0
 0.3853, 0.0000, 40.2280, 3.1415, 0.1926, 5.4063, 4.6799, 0.9967, 1.4355,0
 0.3874, 0.0000, 40.2815, 3.1415, 0.2082, 5.3540, 4.6799, 1.0100, 1.4355,0
 0.3897, 0.0000, 40.3349, 3.1415, 0.2296, 5.3429, 4.6799, 1.0278, 1.4355,0
 0.3923, 0.0000, 40.3851, 3.1415, 0.2520, 5.0901, 4.6799, 1.0076, 1.4355,0
 0.3951, 0.0000, 40.4354, 3.1415, 0.2747, 5.0390, 4.6799, 1.0154, 1.4355,0
 0.3980, 0.0000, 40.4857, 3.1415, 0.2853, 5.0291, 4.6799, 1.0274, 1.4355,0
 0.4010, 0.0000, 40.5328, 3.1415, 0.2996, 4.7756, 4.6799, 1.0036, 1.4355,0
 0.4042, 0.0000, 40.5830, 3.1415, 0.3145, 4.9764, 4.6799, 1.0411, 1.4355,0
 0.4075, 0.0000, 40.6302, 3.1415, 0.3236, 4.7654, 4.6799, 1.0201, 1.4355,0
 0.4110, 0.0000, 40.6773, 3.1415, 0.3436, 4.7226, 4.6799, 1.0207, 1.4355,0
 0.4146, 0.0000, 40.7276, 3.1415, 0.3597, 4.9658, 4.6799, 1.0587, 1.4355,0
 0.4184, 0.0000, 40.7747, 3.1415, 0.3751, 4.7630,-4.6799, 1.0587, 1.4355,1
 0.4222, 0.0000, 40.8249, 3.1415, 0.3781, 4.9739,-4.6799, 1.0587, 1.4355,1
 0.4259, 0.0000, 40.8721, 3.1415, 0.3727, 4.7649,-4.6799, 1.0587, 1.4355,1
 0.4296, 0.0000, 40.9192, 3.1415, 0.3716, 4.7228,-4.6799, 1.0587, 1.4355,1
 0.4332, 0.0000, 40.9695, 3.1415, 0.3593, 4.9658, 4.6799, 1.0573, 1.4355,0
 0.4367, 0.0000, 41.0166, 3.1415, 0.3568, 4.7630, 4.6799, 1.0246, 1.4355,0
 0.4402, 0.0000, 41.0669, 3.1415, 0.3502, 4.9739, 4.6799, 1.0461, 1.4355,0
 0.4436, 0.0000, 41.1140, 3.1415, 0.3368, 4.7646, 4.6799, 1.0092, 1.4355,0
 0.4469, 0.0000, 41.1642, 3.1415, 0.3341, 4.9739, 4.6799, 1.0271, 1.4355,0
 0.4501, 0.0000, 41.2145, 3.1415, 0.3214, 5.0163, 4.6799, 1.0207, 1.4355,0
 0.4533, 0.0000, 41.2648, 3.1415, 0.3189, 5.0242, 4.6799, 1.0078, 1.4355,0
 0.4563, 0.0000, 41.3182, 3.1415, 0.3063, 5.2776, 4.6799, 1.0277, 1.4355,0
 0.4592, 0.0000, 41.3716, 3.1415, 0.2977, 5.3279, 4.6799, 1.0166, 1.4355,0
 0.4621, 0.0000, 41.4250, 3.1415, 0.2838, 5.3380, 4.6799, 0.9978, 1.4355,0
 0.4647, 0.0000, 41.4815, 3.1415, 0.2689, 5.5915, 4.6799, 1.0133, 1.4355,0
 0.4672, 0.0000, 41.5381, 3.1415, 0.2538, 5.6422, 4.6799, 0.9960, 1.4355,0
 0.4697, 0.0000, 41.5978, 3.1415, 0.2508, 5.9038, 4.6799, 1.0098, 1.4355,0
 0.4721, 0.0000, 41.6575, 3.1415, 0.2442, 5.9558, 4.6799, 0.9881, 1.4355,0
 0.4743, 0.0000, 41.7203, 3.1415, 0.2246, 6.2177, 4.6799, 0.9989, 1.4355,0
 0.4763, 0.0000, 41.7863, 3.1415, 0.2025, 6.5215, 4.6799, 1.0156, 1.4355,0
 0.4782, 0.0000, 41.8522, 3.1415, 0.1921, 6.5820, 4.6799, 0.9874, 1.4355,0
 0.4799, 0.0000, 41.9245, 3.1415, 0.1718, 7.0970, 4.6799, 1.0411, 1.4355,0
 0.4812, 0.0000, 41.9936, 3.1415, 0.1435, 6.9485, 4.6799, 0.9673, 1.4355,0
 0.4824, 0.0000, 42.0690, 3.1415, 0.1196, 7.4215, 4.6799, 1.0122, 1.4355,0
 0.4832, 0.0000, 42.1444, 3.1415, 0.0906, 7.5161, 4.6799, 0.9803, 1.4355,0
 0.4837, 0.0000, 42.2230, 3.1415, 0.0545, 7.7864, 0.3705, 0.9833, 1.4355,0
 0.4837, 0.0000, 42.3046, 3.1415, 0.0169, 8.0920,-4.6799, 0.9932, 1.4355,0
 0.4834, 0.0000, 42.3895, 3.1415,-0.0208, 8.4039,-4.6799, 1.0045, 1.4355,0
 0.4828, 0.0000, 42.4774, 3.1415,-0.0526, 8.7178,-4.6799, 1.0166, 1.4355,0
 0.4819, 0.0000, 42.5685, 3.1415,-0.0832, 9.0320,-4.6799, 1.0297, 1.4355,0
 0.4806, 0.0000, 42.6628, 3.1415,-0.1197, 9.3463,-4.6799, 1.0443, 1.4355,0
 0.4790, 0.0000, 42.7602, 3.1415,-0.1573, 9.6604,-4.6799, 1.0611, 1.4355,0
 0.4768, 0.0000, 42.8607, 3.1415,-0.2012, 9.9746,-4.6799, 1.0810, 1.4355,0
 0.4743, 0.0000, 42.9644, 3.1415,-0.2464, 10.2886,-4.6799, 1.1048, 1.4355,0
 0.4713, 0.0000, 43.0712, 3.1415,-0.2857, 10.6026,-4.6799, 1.1337, 1.4355,0
 0.4679, 0.0000, 43.1811, 3.1415,-0.3300, 10.9169,-4.6799, 1.1687, 1.4355,0
 0.4640, 0.0000, 43.2942, 3.1415,-0.3752, 11.2312,-4.6799, 1.2112, 1.4355,0
 0.4597, 0.0000, 43.4105, 3.1415,-0.4206, 11.5452,-4.6799, 1.2622, 1.4355,0
 0.4550, 0.0000, 43.5299, 3.1415,-0.4600, 11.8595,-4.6799, 1.3232, 1.4355,0
 0.4501, 0.0000, 43.6492, 3.1415,-0.4861, 11.9223,-4.6799, 1.3113, 1.4355,0
 0.4448, 0.0000, 43.7718, 3.1415,-0.5155, 12.1864,-4.6799, 1.3768, 1.4355,0
 0.4395, 0.0000, 43.8974, 3.1415,-0.5336, 12.4903,-2.3730, 1.4686, 1.4355,0
 0.4342, 0.0000, 44.0199, 3.1415,-0.5311, 12.2997,-4.6799, 1.4003, 1.4355,0
 0.4290, 0.0000, 44.1425, 3.1415,-0.5185, 12.2618,-4.6799, 1.3960, 1.4355,0
 0.4242, 0.0000, 44.2650, 3.1415,-0.4917, 12.2540,-4.6799, 1.4126, 1.4355,0
 0.4195, 0.0000, 44.3844, 3.1415,-0.4682, 12.0012,-4.6799, 1.3556, 1.4355,0
 0.4154, 0.0000, 44.5006, 3.1415,-0.4271, 11.6992,-4.6799, 1.2924, 1.4355,0
 0.4114, 0.0000, 44.6169, 3.1415,-0.4007, 11.6391,-4.6799, 1.3182, 1.4355,0
 0.4077, 0.0000, 44.7268, 3.1415,-0.3772, 11.1242,-4.6799, 1.2043, 1.4355,0
 0.4045, 0.0000, 44.8368, 3.1415,-0.3301, 11.0212,-4.6799, 1.2290, 1.4355,0
 0.4016, 0.0000, 44.9436, 3.1415,-0.3024, 10.7494,-4.6799, 1.2066, 1.4355,0
 0.3990, 0.0000, 45.0472, 3.1415,-0.2666, 10.4436,-4.6799, 1.1790, 1.4355,0
 0.3967, 0.0000, 45.1478, 3.1415,-0.2352, 10.1313,-4.6799, 1.1538, 1.4355,0
 0.3948, 0.0000, 45.2452, 3.1415,-0.2046, 9.8174,-4.6799, 1.1317, 1.4355,0
 0.3931, 0.0000, 45.3394, 3.1415,-0.1743, 9.5031,-4.6799, 1.1120, 1.4355,0
 0.3917, 0.0000, 45.4274, 3.1415,-0.1440, 8.9379,-4.6799, 1.0284, 1.4355,0
 0.3905, 0.0000, 45.5185, 3.1415,-0.1258, 9.0761,-4.6799, 1.1284, 1.4355,0
 0.3894, 0.0000, 45.6002, 3.1415,-0.1100, 8.3496,-4.6799, 1.0098, 1.4355,0
 0.3885, 0.0000, 45.6819, 3.1415,-0.1008, 8.2043,-4.6799, 1.0345, 1.4355,0
 0.3875, 0.0000, 45.7604, 3.1415,-0.0989, 7.9241,-3.9908, 1.0269, 1.4355,0
 0.3866, 0.0000, 45.8358, 3.1415,-0.0864, 7.6166, 4.6799, 1.0125, 1.4355,0
 0.3865, 0.0000, 45.9080, 3.1415,-0.0294, 7.3039, 4.6799, 0.9964, 1.4355,0
 0.3863, 0.0000, 45.9803, 3.1415,-0.0180, 7.2414, 4.6799, 1.0316, 1.4355,0
 0.3866, 0.0000, 46.0494, 3.1415, 0.0145, 6.9771, 4.6799, 1.0235, 1.4355,0
 0.3871, 0.0000, 46.1154, 3.1415, 0.0453, 6.6734, 4.6799, 1.0063, 1.4355,0
 0.3881, 0.0000, 46.1814, 3.1415, 0.0878, 6.6123, 4.6799, 1.0342, 1.4355,0
 0.3894, 0.0000, 46.2411, 3.1415, 0.1206, 6.0978, 4.6799, 0.9765, 1.4355,0
 0.3909, 0.0000, 46.3039, 3.1415, 0.1453, 6.2461, 4.6799, 1.0361, 1.4355,0
 0.3925, 0.0000, 46.3604, 3.1415, 0.1564, 5.7731, 4.6799, 0.9854, 1.4355,0
 0.3943, 0.0000, 46.4201, 3.1415, 0.1768, 5.9297, 4.6799, 1.0397, 1.4355,0
 0.3965, 0.0000, 46.4767, 3.1415, 0.2111, 5.7101, 4.6799, 1.0293, 1.4355,0
 0.3989, 0.0000, 46.5301, 3.1415, 0.2362, 5.4141, 4.6799, 1.0055, 1.4355,0
 0.4014, 0.0000, 46.5835, 3.1415, 0.2473, 5.3556, 4.6799, 1.0173, 1.4355,0
 0.4041, 0.0000, 46.6369, 3.1415, 0.2677, 5.3435, 4.6799, 1.0343, 1.4355,0
 0.4071, 0.0000, 46.6903, 3.1415, 0.2900, 5.3414, 4.6799, 1.0510, 1.4355,0
 0.4102, 0.0000, 46.7406, 3.1415, 0.3066, 5.0892, 4.6799, 1.0286, 1.4355,0
 0.4135, 0.0000, 46.7908, 3.1415, 0.3220, 5.0391, 4.6799, 1.0341, 1.4355,0
 0.4169, 0.0000, 46.8411, 3.1415, 0.3372, 5.0291, 4.6799, 1.0436, 1.4355,0
 0.4204, 0.0000, 46.8914, 3.1415, 0.3524, 5.0271, 4.6799, 1.0525, 1.4355,0
 0.4240, 0.0000, 46.9385, 3.1415, 0.3554, 4.7752, 4.6799, 1.0250, 1.4355,0
 0.4273, 0.0000, 46.9856, 3.1415, 0.3318, 4.7248, 4.6799, 1.0237, 1.4355,0
 0.4305, 0.0000, 47.0327, 3.1415, 0.3270, 4.7151,-4.6799, 1.0237, 1.4355,1
 0.4336, 0.0000, 47.0799, 3.1415, 0.3140, 4.7128,-4.6799, 1.0237, 1.4355,1
 0.4368, 0.0000, 47.1270, 3.1415, 0.3174, 4.7124,-4.6799, 1.0237, 1.4355,1
 0.4398, 0.0000, 47.1741, 3.1415, 0.3060, 4.7123,-4.6799, 1.0237, 1.4355,1
 0.4428, 0.0000, 47.2181, 3.1415, 0.2976, 4.4611,-4.6799, 1.0237, 1.4355,1
 0.4458, 0.0000, 47.2652, 3.1415, 0.2960, 4.6620, 4.6799, 1.0152, 1.4355,0
 0.4485, 0.0000, 47.3123, 3.1415, 0.2774, 4.7025, 4.6799, 1.0149, 1.4355,0
 0.4513, 0.0000, 47.3595, 3.1415, 0.2798, 4.7100, 4.6799, 1.0088, 1.4355,0
 0.4539, 0.0000, 47.4066, 3.1415, 0.2681, 4.7121, 4.6799, 1.0004, 1.4355,0
 0.4567, 0.0000, 47.4537, 3.1415, 0.2719, 4.7122, 4.6799, 0.9902, 1.4355,0
 0.4590, 0.0000, 47.5008, 3.1415, 0.2423, 4.7122, 4.6799, 0.9785, 1.4355,0
 0.4614, 0.0000, 47.5511, 3.1415, 0.2364, 4.9640, 4.6799, 0.9985, 1.4355,0
 0.4636, 0.0000, 47.6014, 3.1415, 0.2231, 5.0138, 4.6799, 0.9896, 1.4355,0
 0.4658, 0.0000, 47.6516, 3.1415, 0.2204, 5.0240, 4.6799, 0.9737, 1.4355,0
 0.4678, 0.0000, 47.7050, 3.1415, 0.2078, 5.2772, 4.6799, 0.9900, 1.4355,0
 0.4698, 0.0000, 47.7584, 3.1415, 0.1992, 5.3282, 4.6799, 0.9757, 1.4355,0
 0.4717, 0.0000, 47.8150, 3.1415, 0.1914, 5.5892, 4.6799, 0.9906, 1.4355,0
 0.4734, 0.0000, 47.8715, 3.1415, 0.1777, 5.6417, 4.6799, 0.9721, 1.4355,0
 0.4752, 0.0000, 47.9312, 3.1415, 0.1750, 5.9037, 4.6799, 0.9844, 1.4355,0
 0.4768, 0.0000, 47.9941, 3.1415, 0.1623, 6.2072, 4.6799, 1.0023, 1.4355,0
 0.4781, 0.0000, 48.0569, 3.1415, 0.1416, 6.2680, 4.6799, 0.9775, 1.4355,0
 0.4793, 0.0000, 48.1197, 3.1415, 0.1253, 6.2801, 4.6799, 0.9426, 1.4355,0
 0.4802, 0.0000, 48.1888, 3.1415, 0.0978, 6.7852, 4.6799, 0.9924, 1.4355,0
 0.4809, 0.0000, 48.2580, 3.1415, 0.0741, 6.8862, 4.6799, 0.9675, 1.4355,0
 0.4814, 0.0000, 48.3302, 3.1415, 0.0512, 7.1575, 4.6799, 0.9731, 1.4355,0
 0.4816, 0.0000, 48.4025, 3.1415, 0.0284, 7.2121, 4.6799, 0.9350, 1.4355,0
 0.4815, 0.0000, 48.4810, 3.1415,-0.0003, 7.7256, 3.4484, 0.9878, 1.4355,0
 0.4812, 0.0000, 48.5596, 3.1415,-0.0303, 7.8284,-4.4996, 0.9546, 1.4355,0
 0.4805, 0.0000, 48.6444, 3.1415,-0.0545, 8.3515,-4.6799, 1.0125, 1.4355,0
 0.4797, 0.0000, 48.7292, 3.1415,-0.0776, 8.4562,-4.6799, 0.9762, 1.4355,0
 0.4785, 0.0000, 48.8172, 3.1415,-0.1125, 8.7282,-4.6799, 0.9787, 1.4355,0
 0.4770, 0.0000, 48.9114, 3.1415,-0.1437, 9.2853,-4.6799, 1.0526, 1.4355,0
 0.4752, 0.0000, 49.0057, 3.1415,-0.1742, 9.3970,-4.6799, 1.0165, 1.4355,0
 0.4729, 0.0000, 49.1030, 3.1415,-0.2167, 9.6705,-4.6799, 1.0240, 1.4355,0
 0.4702, 0.0000, 49.2036, 3.1415,-0.2555, 9.9767,-4.6799, 1.0435, 1.4355,0
 0.4671, 0.0000, 49.3104, 3.1415,-0.3057, 10.5402,-4.6799, 1.1406, 1.4355,0
 0.4635, 0.0000, 49.4172, 3.1415,-0.3461, 10.6532,-4.6799, 1.1140, 1.4355,0
 0.4595, 0.0000, 49.5303, 3.1415,-0.3905, 11.1785,-4.6799, 1.2167, 1.4355,0
 0.4550, 0.0000, 49.6434, 3.1415,-0.4358, 11.2832,-4.6799, 1.1987, 1.4355,0
 0.4502, 0.0000, 49.7596, 3.1415,-0.4752, 11.5559,-4.6799, 1.2413, 1.4355,0
 0.4449, 0.0000, 49.8790, 3.1415,-0.5134, 11.8613,-4.6799, 1.3045, 1.4355,0
 0.4395, 0.0000, 50.0015, 3.1415,-0.5331, 12.1742,-4.6799, 1.3817, 1.4355,0
 0.4340, 0.0000, 50.1241, 3.1415,-0.5492, 12.2364,-4.6799, 1.3853, 1.4355,0
 0.4284, 0.0000, 50.2466, 3.1415,-0.5585, 12.2492,-4.6799, 1.3826, 1.4355,0
 0.4229, 0.0000, 50.3691, 3.1415,-0.5482, 12.2511,-4.6799, 1.3870, 1.4355,0
 0.4176, 0.0000, 50.4916, 3.1415,-0.5401, 12.2524,-4.6799, 1.4019, 1.4355,0
 0.4123, 0.0000, 50.6110, 3.1415,-0.5324, 12.0009,-4.6799, 1.3406, 1.4355,0
 0.4070, 0.0000, 50.7304, 3.1415,-0.5248, 11.9506,-4.6799, 1.3575, 1.4355,0
 0.4023, 0.0000, 50.8466, 3.1415,-0.4809, 11.6888,-4.6799, 1.3126, 1.4355,0
 0.3979, 0.0000, 50.9597, 3.1415,-0.4539, 11.3859,-4.6799, 1.2630, 1.4355,0
 0.3938, 0.0000, 51.0728, 3.1415,-0.4182, 11.3247,-4.6799, 1.2990, 1.4355,0
 0.3900, 0.0000, 51.1796, 3.1415,-0.3868, 10.8101,-4.6799, 1.1976, 1.4355,0
 0.3866, 0.0000, 51.2865, 3.1415,-0.3502, 10.7072,-4.6799, 1.2298, 1.4355,0
 0.3835, 0.0000, 51.3870, 3.1415,-0.3125, 10.1840,-4.6799, 1.1401, 1.4355,0
 0.3808, 0.0000, 51.4875, 3.1415,-0.2807, 10.0791,-4.6799, 1.1768, 1.4355,0
 0.3783, 0.0000, 51.5818, 3.1415,-0.2562, 9.5557,-4.6799, 1.0976, 1.4355,0
 0.3761, 0.0000, 51.6760, 3.1415,-0.2270, 9.4505,-4.6799, 1.1358, 1.4355,0
 0.3741, 0.0000, 51.7640, 3.1415,-0.2030, 8.9274,-4.6799, 1.0639, 1.4355,0
 0.3724, 0.0000, 51.8519, 3.1415,-0.1800, 8.8225,-4.6799, 1.1009, 1.4355,0
 0.3709, 0.0000, 51.9336, 3.1415,-0.1572, 8.2992,-4.6799, 1.0341, 1.4355,0
 0.3694, 0.0000, 52.0153, 3.1415,-0.1466, 8.1942,-4.6799, 1.0679, 1.4355,0
 0.3680, 0.0000, 52.0938, 3.1415,-0.1445, 7.9224, 1.5987, 1.0616, 1.4355,0
 0.3675, 0.0000, 52.1661, 3.1415,-0.0713, 7.3645, 4.6799, 0.9919, 1.4355,0
 0.3669, 0.0000, 52.2384, 3.1415,-0.0627, 7.2535, 4.6799, 1.0176, 1.4355,0
 0.3667, 0.0000, 52.3106, 3.1415,-0.0246, 7.2310, 4.6799, 1.0600, 1.4355,0
 0.3669, 0.0000, 52.3766, 3.1415, 0.0132, 6.7242, 4.6799, 1.0024, 1.4355,0
 0.3674, 0.0000, 52.4426, 3.1415, 0.0390, 6.6225, 4.6799, 1.0232, 1.4355,0
 0.3682, 0.0000, 52.5085, 3.1415, 0.0745, 6.6028, 4.6799, 1.0575, 1.4355,0
 0.3693, 0.0000, 52.5714, 3.1415, 0.0997, 6.3468, 4.6799, 1.0455, 1.4355,0
 0.3706, 0.0000, 52.6311, 3.1415, 0.1290, 6.0447, 4.6799, 1.0240, 1.4355,0
 0.3722, 0.0000, 52.6907, 3.1415, 0.1531, 5.9840, 4.6799, 1.0429, 1.4355,0
 0.3741, 0.0000, 52.7473, 3.1415, 0.1822, 5.7204, 4.6799, 1.0255, 1.4355,0
 0.3763, 0.0000, 52.8070, 3.1415, 0.2062, 5.9197, 4.6799, 1.0832, 1.4355,0
 0.3785, 0.0000, 52.8604, 3.1415, 0.2231, 5.4564, 4.6799, 1.0302, 1.4355,0
 0.3810, 0.0000, 52.9169, 3.1415, 0.2447, 5.6152, 4.6799, 1.0749, 1.4355,0
 0.3838, 0.0000, 52.9703, 3.1415, 0.2672, 5.3955, 4.6799, 1.0582, 1.4355,0
 0.3866, 0.0000, 53.0206, 3.1415, 0.2777, 5.1000, 4.6799, 1.0292, 1.4355,0
 0.3896, 0.0000, 53.0740, 3.1415, 0.2980, 5.2927, 4.6799, 1.0708, 1.4355,0
 0.3927, 0.0000, 53.1243, 3.1415, 0.3082, 5.0798, 4.6799, 1.0508, 1.4355,0
 0.3960, 0.0000, 53.1777, 3.1415, 0.3284, 5.2887, 4.6799, 1.0908, 1.4355,0
 0.3995, 0.0000, 53.2280, 3.1415, 0.3446, 5.0790, 4.6799, 1.0677, 1.4355,0
 0.4031, 0.0000, 53.2782, 3.1415, 0.3538, 5.0368, 4.6799, 1.0673, 1.4355,0
 0.4069, 0.0000, 53.3285, 3.1415, 0.3739, 5.0286,-4.6799, 1.0673, 1.4355,1
 0.4099, 0.0000, 53.3819, 3.1415, 0.3173, 5.2784,-4.6799, 1.0673, 1.4355,1
 0.4132, 0.0000, 53.4290, 3.1415, 0.3302, 4.8255,-4.6799, 1.0673, 1.4355,1
 0.4162, 0.0000, 53.4793, 3.1415, 0.3025, 4.9864,-4.6799, 1.0673, 1.4355,1
 0.4187, 0.0000, 53.5264, 3.1415, 0.2605, 4.7671, 4.6799, 1.0311, 1.4355,0
 0.4211, 0.0000, 53.5735, 3.1415, 0.2461, 4.7229, 4.6799, 1.0204, 1.4355,0
 0.4233, 0.0000, 53.6207, 3.1415, 0.2250, 4.7150, 4.6799, 1.0130, 1.4355,0
 0.4254, 0.0000, 53.6678, 3.1415, 0.2147, 4.7125, 4.6799, 1.0047, 1.4355,0
 0.4275, 0.0000, 53.7149, 3.1415, 0.2066, 4.7123, 4.6799, 0.9952, 1.4355,0
 0.4295, 0.0000, 53.7652, 3.1415, 0.1989, 4.9640, 4.6799, 1.0175, 1.4355,0
 0.4314, 0.0000, 53.8123, 3.1415, 0.1913, 4.7623, 4.6799, 0.9774, 1.4355,0
 0.4330, 0.0000, 53.8626, 3.1415, 0.1716, 4.9740, 4.6799, 0.9912, 1.4355,0
 0.4347, 0.0000, 53.9160, 3.1415, 0.1677, 5.2672, 4.6799, 1.0155, 1.4355,0
 0.4364, 0.0000, 53.9694, 3.1415, 0.1669, 5.3256, 4.6799, 1.0045, 1.4355,0
 0.4379, 0.0000, 54.0228, 3.1415, 0.1546, 5.3378, 4.6799, 0.9851, 1.4355,0
 0.4394, 0.0000, 54.0793, 3.1415, 0.1521, 5.5918, 4.6799, 0.9995, 1.4355,0
 0.4407, 0.0000, 54.1390, 3.1415, 0.1335, 5.8934, 4.6799, 1.0204, 1.4355,0
 0.4420, 0.0000, 54.1956, 3.1415, 0.1297, 5.7023, 4.6799, 0.9613, 1.4355,0
 0.4430, 0.0000, 54.2584, 3.1415, 0.1108, 6.1673, 4.6799, 1.0056, 1.4355,0
 0.4439, 0.0000, 54.3212, 3.1415, 0.0949, 6.2600, 4.6799, 0.9869, 1.4355,0
 0.4446, 0.0000, 54.3872, 3.1415, 0.0735, 6.5297, 4.6799, 0.9968, 1.4355,0
 0.4452, 0.0000, 54.4532, 3.1415, 0.0571, 6.5839, 4.6799, 0.9665, 1.4355,0
 0.4454, 0.0000, 54.5223, 3.1415, 0.0296, 6.8456, 4.6799, 0.9720, 1.4355,0
 0.4455, 0.0000, 54.5946, 3.1415, 0.0119, 7.1500, 4.6799, 0.9842, 1.4355,0
 0.4452, 0.0000, 54.6699, 3.1415,-0.0218, 7.4618, 4.6799, 0.9971, 1.4355,0
 0.4448, 0.0000, 54.7453, 3.1415,-0.0346, 7.5241, 4.6799, 0.9580, 1.4355,0
 0.4442, 0.0000, 54.8270, 3.1415,-0.0554, 8.0392,-1.7271, 1.0126, 1.4355,0
 0.4433, 0.0000, 54.9087, 3.1415,-0.0838, 8.1425,-4.6799, 0.9778, 1.4355,0
 0.4421, 0.0000, 54.9935, 3.1415,-0.1077, 8.4140,-4.6799, 0.9798, 1.4355,0
 0.4407, 0.0000, 55.0846, 3.1415,-0.1367, 8.9716,-4.6799, 1.0503, 1.4355,0
 0.4389, 0.0000, 55.1757, 3.1415,-0.1728, 9.0825,-4.6799, 1.0136, 1.4355,0
 0.4367, 0.0000, 55.2700, 3.1415,-0.2043, 9.3564,-4.6799, 1.0187, 1.4355,0
 0.4342, 0.0000, 55.3705, 3.1415,-0.2470, 9.9135,-4.6799, 1.1011, 1.4355,0
 0.4312, 0.0000, 55.4710, 3.1415,-0.2858, 10.0250,-4.6799, 1.0670, 1.4355,0
 0.4278, 0.0000, 55.5747, 3.1415,-0.3300, 10.2990,-4.6799, 1.0813, 1.4355,0
 0.4239, 0.0000, 55.6847, 3.1415,-0.3752, 10.8565,-4.6799, 1.1837, 1.4355,0
 0.4196, 0.0000, 55.7946, 3.1415,-0.4206, 10.9676,-4.6799, 1.1605, 1.4355,0
 0.4147, 0.0000, 55.9109, 3.1415,-0.4782, 11.4922,-4.6799, 1.2720, 1.4355,0
 0.4094, 0.0000, 56.0271, 3.1415,-0.5200, 11.5977,-4.6799, 1.2604, 1.4355,0
 0.4034, 0.0000, 56.1496, 3.1415,-0.5830, 12.1211,-4.6799, 1.3952, 1.4355,0
 0.3969, 0.0000, 56.2722, 3.1415,-0.6319, 12.2264,-4.6799, 1.4019, 1.4355,0
 0.3901, 0.0000, 56.3978, 3.1415,-0.6721, 12.4980, 4.6799, 1.4768, 1.4355,0
 0.3838, 0.0000, 56.5235, 3.1415,-0.6376, 12.5527, 4.6799, 1.4881, 1.4355,0
 0.3774, 0.0000, 56.6492, 3.1415,-0.6429, 12.5636, 4.6799, 1.4953, 1.4355,0
 0.3716, 0.0000, 56.7717, 3.1415,-0.5954, 12.3143,-4.6799, 1.4227, 1.4355,0
 0.3655, 0.0000, 56.8911, 3.1415,-0.6041, 12.0133,-4.6799, 1.3440, 1.4355,0
 0.3602, 0.0000, 57.0104, 3.1415,-0.5452, 11.9531,-4.6799, 1.3574, 1.4355,0
 0.3550, 0.0000, 57.1267, 3.1415,-0.5213, 11.6899,-4.6799, 1.3117, 1.4355,0
 0.3503, 0.0000, 57.2398, 3.1415,-0.4862, 11.3855,-4.6799, 1.2615, 1.4355,0
 0.3459, 0.0000, 57.3529, 3.1415,-0.4489, 11.3252,-4.6799, 1.2975, 1.4355,0
 0.3418, 0.0000, 57.4597, 3.1415,-0.4172, 10.8096,-4.6799, 1.1957, 1.4355,0
 0.3380, 0.0000, 57.5665, 3.1415,-0.3866, 10.7071,-4.6799, 1.2278, 1.4355,0
 0.3346, 0.0000, 57.6670, 3.1415,-0.3501, 10.1837,-4.6799, 1.1380, 1.4355,0
 0.3316, 0.0000, 57.7676, 3.1415,-0.3065, 10.0796,-4.6799, 1.1749, 1.4355,0
 0.3289, 0.0000, 57.8618, 3.1415,-0.2795, 9.5556,-4.6799, 1.0953, 1.4355,0
 0.3263, 0.0000, 57.9561, 3.1415,-0.2620, 9.4510,-4.6799, 1.1337, 1.4355,0
 0.3240, 0.0000, 58.0440, 3.1415,-0.2343, 8.9272,-4.6799, 1.0616, 1.4355,0
 0.3219, 0.0000, 58.1320, 3.1415,-0.2166, 8.8225,-4.6799, 1.0987, 1.4355,0
 0.3199, 0.0000, 58.2137, 3.1415,-0.2009, 8.2992,-4.6799, 1.0318, 1.4355,0
 0.3180, 0.0000, 58.2953, 3.1415,-0.1978, 8.1942,-4.6799, 1.0657, 1.4355,0
 0.3162, 0.0000, 58.3707, 3.1415,-0.1790, 7.6706, 4.6799, 1.0023, 1.4355,0
 0.3155, 0.0000, 58.4461, 3.1415,-0.0964, 7.5659, 4.6799, 1.0318, 1.4355,0
 0.3146, 0.0000, 58.5184, 3.1415,-0.0920, 7.2941, 4.6799, 1.0238, 1.4355,0
 0.3143, 0.0000, 58.5907, 3.1415,-0.0365, 7.2388, 4.6799, 1.0596, 1.4355,0
 0.3144, 0.0000, 58.6598, 3.1415,-0.0012, 6.9772, 4.6799, 1.0509, 1.4355,0
 0.3148, 0.0000, 58.7257, 3.1415, 0.0300, 6.6734, 4.6799, 1.0327, 1.4355,0
 0.3157, 0.0000, 58.7886, 3.1415, 0.0787, 6.3609, 4.6799, 1.0119, 1.4355,0
 0.3170, 0.0000, 58.8514, 3.1415, 0.1188, 6.2987, 4.6799, 1.0353, 1.4355,0
 0.3185, 0.0000, 58.9142, 3.1415, 0.1450, 6.2866, 4.6799, 1.0658, 1.4355,0
 0.3203, 0.0000, 58.9739, 3.1415, 0.1745, 6.0321, 4.6799, 1.0510, 1.4355,0
 0.3223, 0.0000, 59.0336, 3.1415, 0.1925, 5.9818, 4.6799, 1.0697, 1.4355,0
 0.3243, 0.0000, 59.0902, 3.1415, 0.2022, 5.7202, 4.6799, 1.0507, 1.4355,0
 0.3266, 0.0000, 59.1467, 3.1415, 0.2223, 5.6679, 4.6799, 1.0643, 1.4355,0
 0.3293, 0.0000, 59.2001, 3.1415, 0.2566, 5.4060, 4.6799, 1.0427, 1.4355,0
 0.3321, 0.0000, 59.2567, 3.1415, 0.2817, 5.6051, 4.6799, 1.0915, 1.4355,0
 0.3353, 0.0000, 59.3101, 3.1415, 0.3049, 5.3934, 4.6799, 1.0740, 1.4355,0
 0.3384, 0.0000, 59.3635, 3.1415, 0.3095, 5.3514, 4.6799, 1.0810, 1.4355,0
 0.3415, 0.0000, 59.4138, 3.1415, 0.3105, 5.0915, 4.6799, 1.0537, 1.4355,0
 0.3449, 0.0000, 59.4672, 3.1415, 0.3349, 5.2910, 4.6799, 1.0922, 1.4355,0
 0.3485, 0.0000, 59.5174, 3.1415, 0.3580, 5.0792, 4.6799, 1.0685, 1.4355,0
 0.3524, 0.0000, 59.5708, 3.1415, 0.3808, 5.2883, 4.6799, 1.1045, 1.4355,0
 0.3563, 0.0000, 59.6242, 3.1415, 0.3914, 5.3304,-4.6799, 1.1045, 1.4355,1
 0.3599, 0.0000, 59.6745, 3.1415, 0.3632, 5.0873,-4.6799, 1.1045, 1.4355,1
 0.3630, 0.0000, 59.7248, 3.1415, 0.3212, 5.0384,-4.6799, 1.1045, 1.4355,1
 0.3662, 0.0000, 59.7750, 3.1415, 0.3189, 5.0289,-4.6799, 1.1045, 1.4355,1
 0.3690, 0.0000, 59.8253, 3.1415, 0.2881, 5.0267, 4.6799, 1.0653, 1.4355,0
 0.3719, 0.0000, 59.8724, 3.1415, 0.2880, 4.7755, 4.6799, 1.0254, 1.4355,0
 0.3746, 0.0000, 59.9227, 3.1415, 0.2758, 4.9760, 4.6799, 1.0454, 1.4355,0
 0.3774, 0.0000, 59.9730, 3.1415, 0.2795, 5.0168, 4.6799, 1.0419, 1.4355,0
 0.3806, 0.0000, 60.0232, 3.1415, 0.3105, 5.0246, 4.6799, 1.0321, 1.4355,0
 0.3838, 0.0000, 60.0766, 3.1415, 0.3167, 5.2770, 4.6799, 1.0550, 1.4355,0
 0.3869, 0.0000, 60.1332, 3.1415, 0.3119, 5.5796, 4.6799, 1.0846, 1.4355,0
 0.3901, 0.0000, 60.1897, 3.1415, 0.3231, 5.6398, 4.6799, 1.0756, 1.4355,0
 0.3937, 0.0000, 60.2463, 3.1415, 0.3496, 5.6515, 4.6799, 1.0570, 1.4355,0
 0.3974, 0.0000, 60.3091, 3.1415, 0.3670, 6.1571, 4.6799, 1.1156, 1.4355,0
 0.4012, 0.0000, 60.3719, 3.1415, 0.3765, 6.2576, 4.6799, 1.1058, 1.4355,0
 0.4051, 0.0000, 60.4348, 3.1415, 0.3906, 6.2780, 4.6799, 1.0798, 1.4355,0
 0.4089, 0.0000, 60.5007, 3.1415, 0.3812, 6.5333, 4.6799, 1.0924, 1.4355,0
 0.4129, 0.0000, 60.5699, 3.1415, 0.3976, 6.8364, 4.6799, 1.1120, 1.4355,0
 0.4171, 0.0000, 60.6421, 3.1415, 0.4130, 7.1473, 4.6799, 1.1317, 1.4355,0
 0.4211, 0.0000, 60.7175, 3.1415, 0.3978, 7.4615, 4.6799, 1.1507, 1.4355,0
 0.4248, 0.0000, 60.7929, 3.1415, 0.3766, 7.5241, 4.6799, 1.1165, 1.4355,0
 0.4280, 0.0000, 60.8714, 3.1415, 0.3360, 7.7877, 4.6799, 1.1218, 1.4355,0
 0.4311, 0.0000, 60.9531, 3.1415, 0.3097, 8.0922, 4.4224, 1.1343, 1.4355,0
 0.4338, 0.0000, 61.0348, 3.1415, 0.2802, 8.1528, 1.0204, 1.0916, 1.4355,0
 0.4362, 0.0000, 61.1228, 3.1415, 0.2500, 8.6676,-4.6799, 1.1507, 1.4355,0
 0.4382, 0.0000, 61.2107, 3.1415, 0.2076, 8.7705,-4.6799, 1.1130, 1.4355,0
 0.4396, 0.0000, 61.3018, 3.1415, 0.1567, 9.0429,-4.6799, 1.1155, 1.4355,0
 0.4406, 0.0000, 61.3992, 3.1415, 0.1101, 9.6000,-4.6799, 1.1913, 1.4355,0
 0.4411, 0.0000, 61.4966, 3.1415, 0.0644, 9.7111,-4.6799, 1.1526, 1.4355,0
 0.4413, 0.0000, 61.5972, 3.1415, 0.0250, 9.9845,-4.6799, 1.1588, 1.4355,0
 0.4408, 0.0000, 61.7040, 3.1415,-0.0374, 10.5421,-4.6799, 1.2481, 1.4355,0
 0.4396, 0.0000, 61.8108, 3.1415,-0.0984, 10.6530,-4.6799, 1.2136, 1.4355,0
 0.4379, 0.0000, 61.9239, 3.1415,-0.1591, 11.1787,-4.6799, 1.3076, 1.4355,0
 0.4358, 0.0000, 62.0370, 3.1415,-0.2016, 11.2832,-4.6799, 1.2794, 1.4355,0
 0.4333, 0.0000, 62.1564, 3.1415,-0.2404, 11.8071,-4.6799, 1.3912, 1.4355,0
 0.4302, 0.0000, 62.2757, 3.1415,-0.2906, 11.9119,-4.6799, 1.3766, 1.4355,0
 0.4268, 0.0000, 62.4014, 3.1415,-0.3309, 12.4357, 4.6799, 1.5124, 1.4355,0
 0.4229, 0.0000, 62.5271, 3.1415,-0.3754, 12.5399, 4.6799, 1.5164, 1.4355,0
 0.4190, 0.0000, 62.6527, 3.1415,-0.3903, 12.5613, 4.6799, 1.5024, 1.4355,0
 0.4152, 0.0000, 62.7815, 3.1415,-0.3812, 12.8162, 4.6799, 1.5823, 1.4355,0
 0.4117, 0.0000, 62.9072, 3.1415,-0.3612, 12.6166, 4.6799, 1.5124, 1.4355,0
 0.4087, 0.0000, 63.0329, 3.1415,-0.3087, 12.5761, 4.6799, 1.5105, 1.4355,0
 0.4064, 0.0000, 63.1554, 3.1415,-0.2436, 12.3174,-4.6799, 1.4432, 1.4355,0
 0.4041, 0.0000, 63.2748, 3.1415,-0.2306, 12.0139,-4.6799, 1.3719, 1.4355,0
 0.4019, 0.0000, 63.3910, 3.1415,-0.2280, 11.7014,-4.6799, 1.3082, 1.4355,0
 0.4005, 0.0000, 63.5072, 3.1415,-0.1547, 11.6396,-4.6799, 1.3363, 1.4355,0
 0.3994, 0.0000, 63.6203, 3.1415,-0.1158, 11.3754,-4.6799, 1.3054, 1.4355,0
 0.3983, 0.0000, 63.7303, 3.1415,-0.1141, 11.0714,-4.6799, 1.2688, 1.4355,0
 0.3975, 0.0000, 63.8371, 3.1415,-0.0895, 10.7595,-4.6799, 1.2359, 1.4355,0
 0.3973, 0.0000, 63.9408, 3.1415,-0.0360, 10.4459,-4.6799, 1.2076, 1.4355,0
 0.3973, 0.0000, 64.0413, 3.1415,-0.0072, 10.1314,-4.6799, 1.1832, 1.4355,0
 0.3972, 0.0000, 64.1418, 3.1415,-0.0075, 10.0689,-4.6799, 1.2342, 1.4355,0
 0.3973, 0.0000, 64.2361, 3.1415, 0.0106, 9.5534,-4.6799, 1.1587, 1.4355,0
 0.3979, 0.0000, 64.3272, 3.1415, 0.0445, 9.1995,-4.6799, 1.1307, 1.4355,0
 0.3983, 0.0000, 64.4152, 3.1415, 0.0452, 8.8766,-4.6799, 1.1121, 1.4355,0
 0.3986, 0.0000, 64.5000, 3.1415, 0.0333, 8.5612,-4.6799, 1.0959, 1.4355,0
 0.3992, 0.0000, 64.5817, 3.1415, 0.0551, 8.2466,-4.6799, 1.0800, 1.4355,0
 0.3998, 0.0000, 64.6634, 3.1415, 0.0534, 8.1843,-4.6799, 1.1229, 1.4355,0
 0.3999, 0.0000, 64.7388, 3.1415, 0.0228, 7.6683, 4.6799, 1.0601, 1.4355,0
 0.4007, 0.0000, 64.8142, 3.1415, 0.0712, 7.5657, 4.6799, 1.0886, 1.4355,0
 0.4015, 0.0000, 64.8833, 3.1415, 0.0748, 7.0423, 4.6799, 1.0263, 1.4355,0
 0.4026, 0.0000, 64.9524, 3.1415, 0.1059, 6.9376, 4.6799, 1.0490, 1.4355,0
 0.4039, 0.0000, 65.0215, 3.1415, 0.1242, 6.9167, 4.6799, 1.0863, 1.4355,0
 0.4054, 0.0000, 65.0843, 3.1415, 0.1400, 6.4101, 4.6799, 1.0277, 1.4355,0
 0.4072, 0.0000, 65.1472, 3.1415, 0.1735, 6.3082, 4.6799, 1.0437, 1.4355,0
 0.4092, 0.0000, 65.2100, 3.1415, 0.1984, 6.2879, 4.6799, 1.0723, 1.4355,0
 0.4117, 0.0000, 65.2697, 3.1415, 0.2337, 6.0335, 4.6799, 1.0571, 1.4355,0
 0.4143, 0.0000, 65.3294, 3.1415, 0.2589, 5.9814, 4.6799, 1.0751, 1.4355,0
 0.4169, 0.0000, 65.3859, 3.1415, 0.2579, 5.7202, 4.6799, 1.0557, 1.4355,0
 0.4195, 0.0000, 65.4425, 3.1415, 0.2577, 5.6679, 4.6799, 1.0689, 1.4355,0
 0.4221, 0.0000, 65.4990, 3.1415, 0.2637, 5.6575, 4.6799, 1.0869, 1.4355,0
 0.4249, 0.0000, 65.5493, 3.1415, 0.2770, 5.1525, 4.6799, 1.0261, 1.4355,0
 0.4276, 0.0000, 65.6027, 3.1415, 0.2737, 5.3029, 4.6799, 1.0630, 1.4355,0
 0.4301, 0.0000, 65.6530, 3.1415, 0.2487, 5.0821, 4.6799, 1.0431, 1.4355,0
 0.4324, 0.0000, 65.7001, 3.1415, 0.2377, 4.7859, 4.6799, 1.0121, 1.4355,0
 0.4348, 0.0000, 65.7503, 3.1415, 0.2415, 4.9788, 4.6799, 1.0473, 1.4355,0
 0.4373, 0.0000, 65.7975, 3.1415, 0.2423, 4.7652, 4.6799, 1.0249, 1.4355,0
 0.4395, 0.0000, 65.8414, 3.1415, 0.2303, 4.4717, 4.6799, 0.9918, 1.4355,0
 0.4414, 0.0000, 65.8886, 3.1415, 0.1915, 4.6644,-4.6799, 0.9918, 1.4355,1
 0.4431, 0.0000, 65.9326, 3.1415, 0.1777, 4.4509,-4.6799, 0.9918, 1.4355,1
 0.4449, 0.0000, 65.9765, 3.1415, 0.1810, 4.4088,-4.6799, 0.9918, 1.4355,1
 0.4467, 0.0000, 66.0205, 3.1415, 0.1756, 4.4004,-4.6799, 0.9918, 1.4355,1
 0.4483, 0.0000, 66.0645, 3.1415, 0.1624, 4.3987,-4.6799, 0.9918, 1.4355,1
 0.4498, 0.0000, 66.1085, 3.1415, 0.1537, 4.3984, 4.6799, 0.9823, 1.4355,0
 0.4512, 0.0000, 66.1525, 3.1415, 0.1459, 4.3983, 4.6799, 0.9774, 1.4355,0
 0.4527, 0.0000, 66.1964, 3.1415, 0.1443, 4.3977, 4.6799, 0.9710, 1.4355,0
 0.4541, 0.0000, 66.2436, 3.1415, 0.1440, 4.6502, 4.6799, 0.9947, 1.4355,0
 0.4555, 0.0000, 66.2876, 3.1415, 0.1440, 4.4481, 4.6799, 0.9599, 1.4355,0
 0.4567, 0.0000, 66.3347, 3.1415, 0.1197, 4.6597, 4.6799, 0.9757, 1.4355,0
 0.4577, 0.0000, 66.3818, 3.1415, 0.1027, 4.7014, 4.6799, 0.9684, 1.4355,0
 0.4586, 0.0000, 66.4321, 3.1415, 0.0933, 4.9619, 4.6799, 0.9885, 1.4355,0
 0.4594, 0.0000, 66.4792, 3.1415, 0.0853, 4.7619, 4.6799, 0.9456, 1.4355,0
 0.4602, 0.0000, 66.5295, 3.1415, 0.0837, 4.9739, 4.6799, 0.9562, 1.4355,0
 0.4610, 0.0000, 66.5829, 3.1415, 0.0773, 5.2672, 4.6799, 0.9772, 1.4355,0
 0.4615, 0.0000, 66.6363, 3.1415, 0.0579, 5.3259, 4.6799, 0.9631, 1.4355,0
 0.4619, 0.0000, 66.6928, 3.1415, 0.0419, 5.5891, 4.6799, 0.9774, 1.4355,0
 0.4623, 0.0000, 66.7462, 3.1415, 0.0386, 5.3902, 4.6799, 0.9208, 1.4355,0
 0.4626, 0.0000, 66.8059, 3.1415, 0.0319, 5.8534, 4.6799, 0.9629, 1.4355,0
 0.4627, 0.0000, 66.8656, 3.1415, 0.0185, 5.9460, 4.6799, 0.9457, 1.4355,0
 0.4627, 0.0000, 66.9284, 3.1415, 0.0037, 6.2160, 4.6799, 0.9557, 1.4355,0
 0.4625, 0.0000, 66.9944, 3.1415,-0.0174, 6.5209, 4.6799, 0.9705, 1.4355,0
 0.4621, 0.0000, 67.0604, 3.1415,-0.0338, 6.5818, 4.6799, 0.9405, 1.4355,0
 0.4618, 0.0000, 67.1295, 3.1415,-0.0370, 6.8455, 4.6799, 0.9453, 1.4355,0
 0.4612, 0.0000, 67.2018, 3.1415,-0.0498, 7.1497, 4.6799, 0.9567, 1.4355,0
 0.4605, 0.0000, 67.2772, 3.1415,-0.0645, 7.4620, 4.6799, 0.9690, 1.4355,0
 0.4596, 0.0000, 67.3526, 3.1415,-0.0856, 7.5239, 4.6799, 0.9293, 1.4355,0
 0.4585, 0.0000, 67.4342, 3.1415,-0.1080, 8.0392,-4.6799, 0.9836, 1.4355,0
 0.4571, 0.0000, 67.5191, 3.1415,-0.1307, 8.3937,-4.6799, 1.0044, 1.4355,0
 0.4555, 0.0000, 67.6039, 3.1415,-0.1534, 8.4646,-4.6799, 0.9602, 1.4355,0
 0.4536, 0.0000, 67.6950, 3.1415,-0.1822, 8.9811,-4.6799, 1.0213, 1.4355,0
 0.4514, 0.0000, 67.7861, 3.1415,-0.2122, 9.0850,-4.6799, 0.9835, 1.4355,0
 0.4489, 0.0000, 67.8835, 3.1415,-0.2425, 9.6081,-4.6799, 1.0534, 1.4355,0
 0.4460, 0.0000, 67.9809, 3.1415,-0.2849, 9.7127,-4.6799, 1.0170, 1.4355,0
 0.4425, 0.0000, 68.0846, 3.1415,-0.3359, 10.2366,-4.6799, 1.0976, 1.4355,0
 0.4386, 0.0000, 68.1882, 3.1415,-0.3764, 10.3407,-4.6799, 1.0658, 1.4355,0
 0.4343, 0.0000, 68.2982, 3.1415,-0.4208, 10.8645,-4.6799, 1.1609, 1.4355,0
 0.4295, 0.0000, 68.4113, 3.1415,-0.4661, 11.2207,-4.6799, 1.2151, 1.4355,0
 0.4244, 0.0000, 68.5244, 3.1415,-0.5055, 11.2920,-4.6799, 1.1886, 1.4355,0
 0.4189, 0.0000, 68.6437, 3.1415,-0.5437, 11.8085,-4.6799, 1.3123, 1.4355,0
 0.4129, 0.0000, 68.7631, 3.1415,-0.5816, 11.9124,-4.6799, 1.3126, 1.4355,0
 0.4065, 0.0000, 68.8857, 3.1415,-0.6317, 12.1841,-4.6799, 1.3790, 1.4355,0
 0.3996, 0.0000, 69.0082, 3.1415,-0.6781, 12.2384,-4.6799, 1.3829, 1.4355,0
 0.3927, 0.0000, 69.1338, 3.1415,-0.6873, 12.5007, 0.4793, 1.4698, 1.4355,0
 0.3864, 0.0000, 69.2564, 3.1415,-0.6407, 12.3017,-4.6799, 1.4077, 1.4355,0
 0.3795, 0.0000, 69.3820, 3.1415,-0.6799, 12.5140, 4.6799, 1.4997, 1.4355,0
 0.3738, 0.0000, 69.5014, 3.1415,-0.5967, 12.0529,-4.6799, 1.3686, 1.4355,0
 0.3676, 0.0000, 69.6208, 3.1415,-0.6104, 11.9607,-4.6799, 1.3746, 1.4355,0
 0.3622, 0.0000, 69.7370, 3.1415,-0.5586, 11.6914,-4.6799, 1.3300, 1.4355,0
 0.3571, 0.0000, 69.8501, 3.1415,-0.5179, 11.3861,-4.6799, 1.2823, 1.4355,0
 0.3525, 0.0000, 69.9601, 3.1415,-0.4673, 11.0736,-4.6799, 1.2401, 1.4355,0
 0.3482, 0.0000, 70.0669, 3.1415,-0.4390, 10.7596,-4.6799, 1.2041, 1.4355,0
 0.3441, 0.0000, 70.1706, 3.1415,-0.4152, 10.4459,-4.6799, 1.1738, 1.4355,0
 0.3403, 0.0000, 70.2742, 3.1415,-0.3862, 10.3826,-4.6799, 1.2219, 1.4355,0
 0.3371, 0.0000, 70.3716, 3.1415,-0.3319, 9.8676,-4.6799, 1.1412, 1.4355,0
 0.3342, 0.0000, 70.4659, 3.1415,-0.3028, 9.5138,-4.6799, 1.1105, 1.4355,0
 0.3314, 0.0000, 70.5570, 3.1415,-0.2849, 9.1909,-4.6799, 1.0903, 1.4355,0
 0.3287, 0.0000, 70.6449, 3.1415,-0.2691, 8.8755,-4.6799, 1.0735, 1.4355,0
 0.3264, 0.0000, 70.7329, 3.1415,-0.2418, 8.8118,-4.6799, 1.1209, 1.4355,0
 0.3242, 0.0000, 70.8146, 3.1415,-0.2241, 8.2974,-4.6799, 1.0560, 1.4355,0
 0.3220, 0.0000, 70.8931, 3.1415,-0.2206, 7.9424, 1.6438, 1.0309, 1.4355,0
 0.3206, 0.0000, 70.9717, 3.1415,-0.1532, 7.8714, 4.6799, 1.0699, 1.4355,0
 0.3193, 0.0000, 71.0439, 3.1415,-0.1397, 7.3549, 4.6799, 1.0090, 1.4355,0
 0.3184, 0.0000, 71.1162, 3.1415,-0.0946, 7.2522, 4.6799, 1.0359, 1.4355,0
 0.3180, 0.0000, 71.1853, 3.1415,-0.0492, 6.9790, 4.6799, 1.0258, 1.4355,0
 0.3182, 0.0000, 71.2544, 3.1415, 0.0022, 6.9249, 4.6799, 1.0580, 1.4355,0
 0.3187, 0.0000, 71.3204, 3.1415, 0.0428, 6.6627, 4.6799, 1.0472, 1.4355,0
 0.3194, 0.0000, 71.3864, 3.1415, 0.0631, 6.6108, 4.6799, 1.0747, 1.4355,0
 0.3204, 0.0000, 71.4492, 3.1415, 0.0914, 6.3484, 4.6799, 1.0607, 1.4355,0
 0.3216, 0.0000, 71.5089, 3.1415, 0.1153, 6.0450, 4.6799, 1.0381, 1.4355,0
 0.3231, 0.0000, 71.5686, 3.1415, 0.1443, 5.9844, 4.6799, 1.0561, 1.4355,0
 0.3249, 0.0000, 71.6283, 3.1415, 0.1743, 5.9716, 4.6799, 1.0801, 1.4355,0
 0.3268, 0.0000, 71.6848, 3.1415, 0.1803, 5.7188, 4.6799, 1.0617, 1.4355,0
 0.3288, 0.0000, 71.7382, 3.1415, 0.1997, 5.4162, 4.6799, 1.0344, 1.4355,0
 0.3312, 0.0000, 71.7948, 3.1415, 0.2279, 5.6071, 4.6799, 1.0830, 1.4355,0
 0.3337, 0.0000, 71.8482, 3.1415, 0.2517, 5.3938, 4.6799, 1.0663, 1.4355,0
 0.3364, 0.0000, 71.9016, 3.1415, 0.2625, 5.3512, 4.6799, 1.0742, 1.4355,0
 0.3393, 0.0000, 71.9550, 3.1415, 0.2829, 5.3427, 4.6799, 1.0853, 1.4355,0
 0.3425, 0.0000, 72.0084, 3.1415, 0.3112, 5.3410, 4.6799, 1.0954, 1.4355,0
 0.3458, 0.0000, 72.0587, 3.1415, 0.3290, 5.0898, 4.6799, 1.0667, 1.4355,0
 0.3493, 0.0000, 72.1121, 3.1415, 0.3447, 5.2904, 4.6799, 1.1024, 1.4355,0
 0.3528, 0.0000, 72.1655, 3.1415, 0.3478, 5.3305,-4.6799, 1.1024, 1.4355,1
 0.3558, 0.0000, 72.2189, 3.1415, 0.3121, 5.3385,-4.6799, 1.1024, 1.4355,1
 0.3587, 0.0000, 72.2691, 3.1415, 0.2928, 5.0887,-4.6799, 1.1024, 1.4355,1
 0.3616, 0.0000, 72.3194, 3.1415, 0.2950, 5.0393,-4.6799, 1.1024, 1.4355,1
 0.3641, 0.0000, 72.3665, 3.1415, 0.2590, 4.7774, 4.6799, 1.0332, 1.4355,0
 0.3667, 0.0000, 72.4168, 3.1415, 0.2579, 4.9770, 4.6799, 1.0556, 1.4355,0
 0.3691, 0.0000, 72.4639, 3.1415, 0.2456, 4.7655, 4.6799, 1.0206, 1.4355,0
 0.3718, 0.0000, 72.5173, 3.1415, 0.2613, 5.2255, 4.6799, 1.0761, 1.4355,0
 0.3747, 0.0000, 72.5676, 3.1415, 0.2826, 5.0661, 4.6799, 1.0429, 1.4355,0
 0.3775, 0.0000, 72.6210, 3.1415, 0.2869, 5.2856, 4.6799, 1.0620, 1.4355,0
 0.3804, 0.0000, 72.6776, 3.1415, 0.2877, 5.5816, 4.6799, 1.0915, 1.4355,0
 0.3836, 0.0000, 72.7341, 3.1415, 0.3122, 5.6396, 4.6799, 1.0830, 1.4355,0
 0.3870, 0.0000, 72.7938, 3.1415, 0.3352, 5.9033, 4.6799, 1.1048, 1.4355,0
 0.3905, 0.0000, 72.8535, 3.1415, 0.3459, 5.9560, 4.6799, 1.0905, 1.4355,0
 0.3940, 0.0000, 72.9163, 3.1415, 0.3481, 6.2180, 4.6799, 1.1087, 1.4355,0
 0.3975, 0.0000, 72.9791, 3.1415, 0.3485, 6.2692, 4.6799, 1.0889, 1.4355,0
 0.4011, 0.0000, 73.0451, 3.1415, 0.3607, 6.5321, 4.6799, 1.1035, 1.4355,0
 0.4048, 0.0000, 73.1142, 3.1415, 0.3692, 6.8356, 4.6799, 1.1239, 1.4355,0
 0.4086, 0.0000, 73.1865, 3.1415, 0.3770, 7.1477, 4.6799, 1.1446, 1.4355,0
 0.4126, 0.0000, 73.2588, 3.1415, 0.3906, 7.2101, 4.6799, 1.1144, 1.4355,0
 0.4164, 0.0000, 73.3373, 3.1415, 0.3813, 7.7249, 4.6799, 1.1734, 1.4355,0
 0.4199, 0.0000, 73.4158, 3.1415, 0.3612, 7.8279, 4.6799, 1.1451, 1.4355,0
 0.4232, 0.0000, 73.4975, 3.1415, 0.3329, 8.1006, 4.6799, 1.1512, 1.4355,0
 0.4262, 0.0000, 73.5792, 3.1415, 0.3091, 8.1539, 2.4004, 1.1072, 1.4355,0
 0.4289, 0.0000, 73.6672, 3.1415, 0.2801, 8.6681,-4.6799, 1.1664, 1.4355,0
 0.4312, 0.0000, 73.7551, 3.1415, 0.2379, 8.7709,-4.6799, 1.1288, 1.4355,0
 0.4329, 0.0000, 73.8462, 3.1415, 0.1870, 9.0430,-4.6799, 1.1313, 1.4355,0
 0.4341, 0.0000, 73.9436, 3.1415, 0.1283, 9.5997,-4.6799, 1.2068, 1.4355,0
 0.4348, 0.0000, 74.0410, 3.1415, 0.0802, 9.7110,-4.6799, 1.1680, 1.4355,0
 0.4351, 0.0000, 74.1415, 3.1415, 0.0403, 9.9842,-4.6799, 1.1736, 1.4355,0
 0.4348, 0.0000, 74.2484, 3.1415,-0.0101, 10.5423,-4.6799, 1.2625, 1.4355,0
 0.4341, 0.0000, 74.3552, 3.1415,-0.0626, 10.6533,-4.6799, 1.2272, 1.4355,0
 0.4328, 0.0000, 74.4683, 3.1415,-0.1156, 11.1785,-4.6799, 1.3200, 1.4355,0
 0.4310, 0.0000, 74.5845, 3.1415,-0.1686, 11.5344,-4.6799, 1.3693, 1.4355,0
 0.4286, 0.0000, 74.7007, 3.1415,-0.2216, 11.6061,-4.6799, 1.3354, 1.4355,0
 0.4260, 0.0000, 74.8233, 3.1415,-0.2565, 12.1228,-4.6099, 1.4548, 1.4355,0
 0.4229, 0.0000, 74.9458, 3.1415,-0.2938, 12.2268,-4.6799, 1.4470, 1.4355,0
 0.4194, 0.0000, 75.0715, 3.1415,-0.3437, 12.4984, 4.6799, 1.5068, 1.4355,0
 0.4158, 0.0000, 75.2003, 3.1415,-0.3537, 12.8042, 4.6799, 1.5912, 1.4355,0
 0.4123, 0.0000, 75.3259, 3.1415,-0.3496, 12.6133, 4.6799, 1.5111, 1.4355,0
 0.4092, 0.0000, 75.4547, 3.1415,-0.3185, 12.8272, 4.6799, 1.5865, 1.4355,0
 0.4067, 0.0000, 75.5773, 3.1415,-0.2637, 12.3676,-4.6799, 1.4348, 1.4355,0
 0.4038, 0.0000, 75.6998, 3.1415,-0.2831, 12.2751,-4.6799, 1.4238, 1.4355,0
 0.4017, 0.0000, 75.8223, 3.1415,-0.2264, 12.2566,-4.6799, 1.4486, 1.4355,0
 0.3998, 0.0000, 75.9417, 3.1415,-0.2029, 12.0015,-4.6799, 1.4018, 1.4355,0
 0.3981, 0.0000, 76.0611, 3.1415,-0.1739, 11.9510,-4.6799, 1.4335, 1.4355,0
 0.3966, 0.0000, 76.1742, 3.1415,-0.1499, 11.4380,-4.6799, 1.3190, 1.4355,0
 0.3954, 0.0000, 76.2873, 3.1415,-0.1270, 11.3354,-4.6799, 1.3464, 1.4355,0
 0.3947, 0.0000, 76.3972, 3.1415,-0.0860, 11.0634,-4.6799, 1.3250, 1.4355,0
 0.3942, 0.0000, 76.5009, 3.1415,-0.0535, 10.5061,-4.6799, 1.2213, 1.4355,0
 0.3941, 0.0000, 76.6045, 3.1415,-0.0167, 10.3952,-4.6799, 1.2569, 1.4355,0
 0.3941, 0.0000, 76.7051, 3.1415,-0.0033, 10.1216,-4.6799, 1.2469, 1.4355,0
 0.3945, 0.0000, 76.7993, 3.1415, 0.0296, 9.5640,-4.6799, 1.1593, 1.4355,0
 0.3950, 0.0000, 76.8936, 3.1415, 0.0423, 9.4524,-4.6799, 1.1967, 1.4355,0
 0.3955, 0.0000, 76.9847, 3.1415, 0.0509, 9.1793,-4.6799, 1.1909, 1.4355,0
 0.3960, 0.0000, 77.0727, 3.1415, 0.0526, 8.8732,-4.6799, 1.1765, 1.4355,0
 0.3966, 0.0000, 77.1543, 3.1415, 0.0590, 8.3084,-4.6799, 1.0987, 1.4355,0
 0.3973, 0.0000, 77.2360, 3.1415, 0.0603, 8.1967,-4.6799, 1.1300, 1.4355,0
 0.3977, 0.0000, 77.3145, 3.1415, 0.0484, 7.9223, 1.6813, 1.1219, 1.4355,0
 0.3985, 0.0000, 77.3899, 3.1415, 0.0763, 7.6165, 4.6799, 1.1056, 1.4355,0
 0.3996, 0.0000, 77.4653, 3.1415, 0.1001, 7.5548, 4.6799, 1.1410, 1.4355,0
 0.4008, 0.0000, 77.5345, 3.1415, 0.1170, 7.0401, 4.6799, 1.0786, 1.4355,0
 0.4023, 0.0000, 77.6036, 3.1415, 0.1386, 6.9372, 4.6799, 1.0994, 1.4355,0
 0.4040, 0.0000, 77.6727, 3.1415, 0.1671, 6.9172, 4.6799, 1.1345, 1.4355,0
 0.4060, 0.0000, 77.7355, 3.1415, 0.1910, 6.4096, 4.6799, 1.0732, 1.4355,0
 0.4082, 0.0000, 77.8015, 3.1415, 0.2140, 6.5596, 4.6799, 1.1335, 1.4355,0
 0.4105, 0.0000, 77.8612, 3.1415, 0.2307, 6.0873, 4.6799, 1.0777, 1.4355,0
 0.4132, 0.0000, 77.9240, 3.1415, 0.2583, 6.2443, 4.6799, 1.1320, 1.4355,0
 0.4160, 0.0000, 77.9837, 3.1415, 0.2820, 6.0236, 4.6799, 1.1178, 1.4355,0
 0.4191, 0.0000, 78.0403, 3.1415, 0.2989, 5.7286, 4.6799, 1.0897, 1.4355,0
 0.4219, 0.0000, 78.0999, 3.1415, 0.2841, 5.9211, 4.6799, 1.1405, 1.4355,0
 0.4248, 0.0000, 78.1534, 3.1415, 0.2872, 5.4566, 4.6799, 1.0820, 1.4355,0
 0.4276, 0.0000, 78.2099, 3.1415, 0.2878, 5.6152, 4.6799, 1.1208, 1.4355,0
 0.4305, 0.0000, 78.2633, 3.1415, 0.2879, 5.3955, 4.6799, 1.0983, 1.4355,0
 0.4333, 0.0000, 78.3136, 3.1415, 0.2758, 5.1000, 4.6799, 1.0639, 1.4355,0
 0.4359, 0.0000, 78.3670, 3.1415, 0.2673, 5.2924, 4.6799, 1.0995, 1.4355,0
 0.4383, 0.0000, 78.4172, 3.1415, 0.2475, 5.0801, 4.6799, 1.0740, 1.4355,0
 0.4408, 0.0000, 78.4675, 3.1415, 0.2435, 5.0370,-4.6799, 1.0740, 1.4355,1
 0.4431, 0.0000, 78.5146, 3.1415, 0.2366, 4.7775,-4.6799, 1.0740, 1.4355,1
 0.4453, 0.0000, 78.5649, 3.1415, 0.2231, 4.9765,-4.6799, 1.0740, 1.4355,1
 0.4474, 0.0000, 78.6120, 3.1415, 0.2083, 4.7654,-4.6799, 1.0740, 1.4355,1
 0.4493, 0.0000, 78.6623, 3.1415, 0.1993, 4.9740, 4.6799, 1.0590, 1.4355,0
 0.4511, 0.0000, 78.7094, 3.1415, 0.1853, 4.7649, 4.6799, 1.0256, 1.4355,0
 0.4530, 0.0000, 78.7597, 3.1415, 0.1825, 4.9739, 4.6799, 1.0471, 1.4355,0
 0.4548, 0.0000, 78.8068, 3.1415, 0.1820, 4.7649, 4.6799, 1.0105, 1.4355,0
 0.4565, 0.0000, 78.8571, 3.1415, 0.1758, 4.9739, 4.6799, 1.0286, 1.4355,0
 0.4582, 0.0000, 78.9073, 3.1415, 0.1685, 5.0164, 4.6799, 1.0224, 1.4355,0
 0.4597, 0.0000, 78.9607, 3.1415, 0.1549, 5.2757, 4.6799, 1.0450, 1.4355,0
 0.4611, 0.0000, 79.0141, 3.1415, 0.1401, 5.3276, 4.6799, 1.0361, 1.4355,0
 0.4624, 0.0000, 79.0676, 3.1415, 0.1371, 5.3385, 4.6799, 1.0193, 1.4355,0
 0.4636, 0.0000, 79.1210, 3.1415, 0.1244, 5.3395 0.4647, 0.0000, 79.1775, 3.1415, 0.1097, 5.5924, 4.6799, 1.0148,0
 0.4718, 0.0000, 78.6811, 3.1415, 0.5919,-38.5915, 4.6799, 21.5612, 1.4355,0
 0.4726, 0.0000, 78.7408, 3.1415, 0.1790,-2.9429,-4.6799, 0.8248, 1.4355,0
 0.4732, 0.0000, 78.8037, 3.1415, 0.0843, 4.4376,-4.6799, 0.9689, 1.4355,0
 0.4737, 0.0000, 78.8665, 3.1415, 0.0532, 5.9143,-4.6531, 1.1698, 1.4355,0
 0.4740, 0.0000, 78.9325, 3.1415, 0.0409, 6.4605, 4.2832, 1.2477, 1.4355,0
 0.4743, 0.0000, 78.9984, 3.1415, 0.0263, 6.5698, 4.6799, 1.2481, 1.4355,0
 0.4743, 0.0000, 79.0676, 3.1415, 0.0052, 6.8437, 4.6799, 1.2760, 1.4355,0
 0.4742, 0.0000, 79.1398, 3.1415,-0.0050, 7.1487,-0.4143, 1.3081, 1.4355,0
 0.4740, 0.0000, 79.2121, 3.1415,-0.0191, 7.2103, 4.6799, 1.2896, 1.4355,0
 0.4735, 0.0000, 79.2906, 3.1415,-0.0402, 7.7250,-4.6799, 1.3604, 1.4355,0
 0.4729, 0.0000, 79.3692, 3.1415,-0.0565, 7.8285,-4.6799, 1.3429, 1.4355,0
 0.4721, 0.0000, 79.4540, 3.1415,-0.0780, 8.3516,-4.6799, 1.4148, 1.4355,0
 0.4709, 0.0000, 79.5388, 3.1415,, 5.4190,-4.6799, 0.4381, 1.4355,0
 0.3944, 0.0000, 83.3433, 3.1415, 0.1622, 5.3562,-4.6799, 0.4669, 1.4355,0
 0.3959, 0.0000, 83.3904, 3.1415, 0.1537, 4.8413,-2.4401, 0.4270, 1.4355,0
 0.3974, 0.0000, 83.4375, 3.1415, 0.1520, 4.7378, 4.6799, 0.4465, 1.4355,0
 0.3990, 0.0000, 83.4815, 3.1415, 0.1577, 4.4662, 4.6799, 0.4425, 1.4355,0
 0.4004, 0.0000, 83.5223, 3.1415, 0.1467, 4.1604, 4.6799, 0.4339, 1.4355,0
 0.4017, 0.0000, 83.5632, 3.1415, 0.1324, 4.0993, 4.6799, 0.4550, 1.4355,0
 0.4029, 0.0000, 83.6009, 3.1415, 0.1235, 3.8356, 4.6799, 0.4513, 1.4355,0
 0.4041, 0.0000, 83.6386, 3.1415, 0.1217, 3.7834, 4.6799, 0.4710, 1.4355,0
 0.4053, 0.0000, 83.6700, 3.1415, 0.1152, 3.2695, 4.6799, 0.4410, 1.4355,0
 0.4062, 0.0000, 83.7014, 3.1415, 0.0958, 3.1673, 4.6799, 0.4523, 1.4355,0
 0.4069, 0.0000, 83.7328, 3.1415, 0.0737, 3.1468, 4.6799, 0.4706, 1.4355,0
 0.4075, 0.0000, 83.7611, 3.1415, 0.0632, 2.8913, 4.6799, 0.4669, 1.4355,0
 0.4080, 0.0000, 83.7862, 3.1415, 0.0550, 2.5887, 4.6799, 0.4593, 1.4355,0
 0.4084, 0.0000, 83.8114, 3.1415, 0.0413, 2.5282, 4.6799, 0.4704, 1.4355,0
 0.4086, 0.0000, 83.8333, 3.1415, 0.0264, 2.2646, 4.6799, 0.4660, 1.4355,0
 0.4088, 0.0000, 83.8522, 3.1415, 0.0174, 1.9611, 4.6799, 0.4593, 1.4355,0
 0.4088, 0.0000, 83.8742, 3.1415, 0.0095, 2.1518, 4.6799, 0.4832, 1.4355,0
 0.4088, 0.0000, 83.8899, 3.1415,-0.0041, 1.6870, 4.6799, 0.4673, 1.4355,0
 0.4086, 0.0000, 83.9087, 3.1415,-0.0129, 1.8449, 4.6799, 0.4859, 1.4355,0
 0.4085, 0.0000, 83.9245, 3.1415,-0.0147, 1.6257, 4.6799, 0.4842, 1.4355,0
 0.4084, 0.0000, 83.9370, 3.1415,-0.0090, 1.3303, 4.6799, 0.4790, 1.4355,0
 0.4082, 0.0000, 83.9496, 3.1415,-0.0199, 1.2713, 4.6799, 0.4838, 1.4355,0
 0.4079, 0.0000, 83.9653, 3.1415,-0.0221, 1.5115, 4.6799, 0.5017, 1.4355,0
 0.4078, 0.0000, 83.9747, 3.1415,-0.0165, 1.0554, 2.3175, 0.4904, 1.4355,0
 0.4076, 0.0000, 83.9873, 3.1415,-0.0215, 1.2169, 3.5770, 0.5023, 1.4355,0
 0.4074, 0.0000, 83.9967, 3.1415,-0.0164, 0.9971,-0.0295, 0.5005, 1.4355,0
 0.4073, 0.0000, 84.0061, 3.1415,-0.0154, 0.9532,-1.7520, 0.5042, 1.4355,0
 0.4072, 0.0000, 84.0156, 3.1415,-0.0091, 0.9450,-2.2736, 0.5089, 1.4355,0
 0.4070, 0.0000, 84.0219, 3.1415,-0.0139, 0.6919,-4.6799, 0.5064, 1.4355,0
 0.4070, 0.0000, 84.0313, 3.1415,-0.0027, 0.8921,-4.6200, 0.5157, 1.4355,0
 0.4070, 0.0000, 84.0376, 3.1415,-0.0066, 0.6807,-4.6799, 0.5142, 1.4355,0
 0.4070, 0.0000, 84.0438, 3.1415,-0.0013, 0.6390,-4.6799, 0.5166, 1.4355,0
 0.4070, 0.0000, 84.0501, 3.1415,-0.0002, 0.6301,-4.6799, 0.5196, 1.4355,0
 0.4070, 0.0000, 84.0533, 3.1415,-0.0000, 0.3774,-4.6799, 0.5176, 1.4355,0
 0.4069, 0.0000, 84.0595, 3.1415,-0.0060, 0.5778,-4.6799, 0.5234, 1.4355,0
 0.4069, 0.0000, 84.0627, 3.1415,-0.0012, 0.3670,-4.6799, 0.5222, 1.4355,0
 0.4069, 0.0000, 84.0658, 3.1415,-0.0002, 0.3248,-4.6799, 0.5233, 1.4355,0
 0.4069, 0.0000, 84.0690, 3.1415,-0.0000, 0.3164,-4.6799, 0.5248, 1.4355,0
 0.4069, 0.0000, 84.0721, 3.1415,-0.0000, 0.3141,-4.6799, 0.5263, 1.4355,0
 0.4069, 0.0000, 84.0721, 3.1415,-0.0000, 0.0628,-4.6799, 0.5250, 1.4355,0
 0.4069, 0.0000, 84.0721, 3.1415,-0.0000, 0.0125,-4.6799, 0.5250, 1.4355,0
 0.4069, 0.0000, 84.0721, 3.1415,-0.0000, 0.0025,-4.6799, 0.5250, 1.4355,0
 0.4069, 0.0000, 84.0721, 3.1415,-0.0000, 0.0005,-4.6799, 0.5250, 1.4355,0
 0.4069, 0.0000, 84.0721, 3.1415,-0.0000, 0.0001,-4.6799, 0.5250, 1.4355,0
 0.4069, 0.0000, 84.0721, 3.1415,-0.0000, 0.0000,-4.6799, 0.5250, 1.4355,0
 0.4069, 0.0000, 84.0690, 3.1415,-0.0000,-0.2508,-4.6799, 0.5243, 1.4355,0
 0.4068, 0.0000, 84.0658, 3.1415,-0.0060,-0.3016,-4.6799, 0.5231, 1.4355,0
 0.4068, 0.0000, 84.0627, 3.1415,-0.0012,-0.3117,-4.6799, 0.5217, 1.4355,0
 0.4068, 0.0000, 84.0595, 3.1415,-0.0002,-0.3138,-4.6799, 0.5201, 1.4355,0
 0.4068, 0.0000, 84.0564, 3.1415,-0.0000,-0.3136,-4.6799, 0.5186, 1.4355,0
 0.4068, 0.0000, 84.0501, 3.1415,-0.0000,-0.5656,-4.6799, 0.5185, 1.4355,0
 0.4068, 0.0000, 84.0470, 3.1415,-0.0000,-0.3639,-4.6799, 0.5143, 1.4355,0
 0.4068, 0.0000, 84.0407, 3.1415,-0.0000,-0.5757,-4.6799, 0.5140, 1.4355,0
 0.4068, 0.0000, 84.0344, 3.1415,-0.0000,-0.6174,-4.6799, 0.5115, 1.4355,0
 0.4068, 0.0000, 84.0250, 3.1415,-0.0000,-0.8778,-4.6799, 0.5121, 1.4355,0
 0.4068, 0.0000, 84.0187, 3.1415,-0.0000,-0.6785,-4.6799, 0.5045, 1.4355,0
 0.4068, 0.0000, 84.0093, 3.1415,-0.0000,-0.8888,-4.6799, 0.5042, 1.4355,0
 0.4068, 0.0000, 83.9999, 3.1415,-0.0000,-0.9321,-4.6799, 0.5004, 1.4355,0
 0.4068, 0.0000, 83.9904, 3.1415,-0.0000,-0.9402,-4.6799, 0.4956, 1.4355,0
 0.4068, 0.0000, 83.9779, 3.1415,-0.0000,-1.1932,-4.6799, 0.4965, 1.4355,0
 0.4068, 0.0000, 83.9653, 3.1415,-0.0000,-1.2439,-4.6799, 0.4914, 1.4355,0
 0.4068, 0.0000, 83.9527, 3.1415,-0.0000,-1.2546,-4.6799, 0.4849, 1.4355,0
 0.4068, 0.0000, 83.9402, 3.1415,-0.0000,-1.2561,-4.6799, 0.4780, 1.4355,0
 0.4067, 0.0000, 83.9245, 3.1415,-0.0060,-1.5079,-4.6799, 0.4790, 1.4355,0
 0.4067, 0.0000, 83.9087, 3.1415,-0.0012,-1.5583,-4.6799, 0.4723, 1.4355,0
 0.4067, 0.0000, 83.8930, 3.1415,-0.0002,-1.5677,-4.6799, 0.4637, 1.4355,0
 0.4067, 0.0000, 83.8742, 3.1415,-0.0000,-1.8217,-4.6799, 0.4648, 1.4355,0
 0.4067, 0.0000, 83.8553, 3.1415,-0.0000,-1.8725,-4.6799, 0.4564, 1.4355,0
 0.4067, 0.0000, 83.8365, 3.1415,-0.0000,-1.8820,-4.6799, 0.4457, 1.4355,0
 0.4067, 0.0000, 83.8145, 3.1415,-0.0000,-2.1360,-4.6799, 0.4467, 1.4355,0
 0.4067, 0.0000, 83.7925, 3.1415,-0.0000,-2.1862,-4.6799, 0.4363, 1.4355,0
 0.4067, 0.0000, 83.7674, 3.1415,-0.0000,-2.4483,-4.6799, 0.4377, 1.4355,0
 0.4067, 0.0000, 83.7422, 3.1415,-0.0060,-2.5001,-4.6799, 0.4255, 1.4355,0
 0.4067, 0.0000, 83.7140, 3.1415,-0.0012,-2.7619,-4.6799, 0.4267, 1.4355,0
 0.4067, 0.0000, 83.6857, 3.1415,-0.0002,-2.8143,-4.6799, 0.4125, 1.4355,0
 0.4067, 0.0000, 83.6574, 3.1415,-0.0000,-2.8248,-4.6799, 0.3948, 1.4355,0
 0.4067, 0.0000, 83.6260, 3.1415,-0.0000,-3.0783,-4.6799, 0.3949, 1.4355,0
 0.4067, 0.0000, 83.5914, 3.1415,-0.0000,-3.3799,-4.6799, 0.3989, 1.4355,0
 0.4067, 0.0000, 83.5569, 3.1415,-0.0000,-3.4402,-4.6799, 0.3811, 1.4355,0
 0.4067, 0.0000, 83.5192, 3.1415,-0.0000,-3.7038,-4.6799, 0.3815, 1.4355,0
 0.4067, 0.0000, 83.4784, 3.1415,-0.0000,-4.0085,-4.6799, 0.3860, 1.4355,0
 0.4067, 0.0000, 83.4375, 3.1415,-0.0000,-4.0689,-4.6799, 0.3641, 1.4355,0
 0.4067, 0.0000, 83.3935, 3.1415,-0.0000,-4.3324,-4.6799, 0.3639, 1.4355,0
 0.4067, 0.0000, 83.3464, 3.1415,-0.0000,-4.6360,-4.6799, 0.3684, 1.4355,0
 0.4067, 0.0000, 83.2993, 3.1415,-0.0000,-4.6973,-4.6799, 0.3427, 1.4355,0
 0.4067, 0.0000, 83.2490, 3.1415,-0.0000,-4.9604,-4.6799, 0.3422, 1.4355,0
 0.4067, 0.0000, 83.1956, 3.1415, 0.0060,-5.2645,-4.6799, 0.3474, 1.4355,0
 0.4068, 0.0000, 83.1391, 3.1415, 0.0072,-5.5768,-3.3354, 0.3543, 1.4355,0
 0.4069, 0.0000, 83.0794, 3.1415, 0.0075,-5.8907, 4.6799, 0.3623, 1.4355,0
 0.4070, 0.0000, 83.0197, 3.1415, 0.0136,-5.9535, 4.6799, 0.3307, 1.4355,0
 0.4073, 0.0000, 82.9537, 3.1415, 0.0269,-6.4684, 4.6799, 0.3746, 1.4355,0
 0.4077, 0.0000, 82.8877, 3.1415, 0.0357,-6.5713, 4.6799, 0.3486, 1.4355,0
 0.4082, 0.0000, 82.8186, 3.1415, 0.0435,-6.8440, 4.6799, 0.3541, 1.4355,0
 0.4088, 0.0000, 82.7464, 3.1415, 0.0572,-7.1488, 4.6799, 0.3675, 1.4355,0
 0.4096, 0.0000, 82.6710, 3.1415, 0.0781,-7.4618, 4.6799, 0.3852, 1.4355,0
 0.4106, 0.0000, 82.5924, 3.1415, 0.0944,-7.7753, 4.6799, 0.4062, 1.4355,0
 0.4118, 0.0000, 82.5107, 3.1415, 0.1159,-8.0901, 4.6799, 0.4313, 1.4355,0
 0.4133, 0.0000, 82.4259, 3.1415, 0.1444,-8.4039, 4.6799, 0.4606, 1.4355,0
 0.4151, 0.0000, 82.3380, 3.1415, 0.1683,-8.7175, 4.6799, 0.4951, 1.4355,0
 0.4172, 0.0000, 82.2469, 3.1415, 0.2034,-9.0317, 4.6799, 0.5357, 1.4355,0
 0.4198, 0.0000, 82.1526, 3.1415, 0.2468,-9.3466, 4.6799, 0.5832, 1.4355,0
 0.4226, 0.0000, 82.0552, 3.1415, 0.2797,-9.6604, 4.6799, 0.6380, 1.4355,0
 0.4259, 0.0000, 81.9547, 3.1415, 0.3166,-9.9746, 4.6799, 0.7014, 1.4355,0
 0.4295, 0.0000, 81.8510, 3.1415, 0.3543,-10.2883, 4.6799, 0.7741, 1.4355,0
 0.4336, 0.0000, 81.7442, 3.1415, 0.3922,-10.6026, 4.6799, 0.8571, 1.4355,0
 0.4379, 0.0000, 81.6342, 3.1415, 0.4240,-10.9169, 4.6799, 0.9512, 1.4355,0
 0.4426, 0.0000, 81.5243, 3.1415, 0.4607,-10.9797, 4.6799, 0.9785, 1.4355,0
 0.4474, 0.0000, 81.4080, 3.1415, 0.4802,-11.4952, 4.6799, 1.1585, 1.4355,0
 0.4524, 0.0000, 81.2949, 3.1415, 0.4962,-11.3469, 4.6799, 1.1373, 1.4355,0
 0.4575, 0.0000, 81.1787, 3.1415, 0.5054,-11.5686, 4.6799, 1.2444, 1.4355,0
 0.4625, 0.0000, 81.0656, 3.1415, 0.5012,-11.3615, 4.6799, 1.2209, 1.4355,0
 0.4674, 0.0000, 80.9494, 3.1415, 0.4943,-11.5716, 4.6799, 1.3404, 1.4355,0
 0.4721, 0.0000, 80.8363, 3.1415, 0.4687,-11.3615, 4.6799, 1.3306, 1.4355,0
 0.4763, 0.0000, 80.7263, 3.1415, 0.4332,-11.0687, 4.6799, 1.3004, 1.4355,0
 0.4802, 0.0000, 80.6164, 3.1415, 0.3958,-11.0101,-4.6771, 1.3491, 1.4355,0
 0.4835, 0.0000, 80.5095, 3.1415, 0.3459,-10.7475,-4.6799, 1.3381, 1.4355,0
 0.4864, 0.0000, 80.4059, 3.1415, 0.2996,-10.4435,-4.6799, 1.3179, 1.4355,0
 0.4887, 0.0000, 80.3053, 3.1415, 0.2478,-10.1307,-4.6799, 1.2978, 1.4355,0
 0.4906, 0.0000, 80.2111, 3.1415, 0.1950,-9.5664,-4.6799, 1.2091, 1.4355,0
 0.4919, 0.0000, 80.1168, 3.1415, 0.1481,-9.4529,-4.6799, 1.2465, 1.4355,0
 0.4927, 0.0000, 80.0257, 3.1415, 0.0902,-9.1794,-4.6799, 1.2405, 1.4355,0
 0.4931, 0.0000, 79.9409, 3.1415, 0.0483,-8.6211,-4.6799, 1.1617, 1.4355,0
 0.4930, 0.0000, 79.8561, 3.1415, 0.0036,-8.5101,-4.6799, 1.1946, 1.4355,0
 0.4926, 0.0000, 79.7776, 3.1415,-0.0295,-7.9849,-4.6799, 1.1273, 1.4355,0
 0.4920, 0.0000, 79.6990, 3.1415,-0.0544,-7.8805,-4.6799, 1.1567, 1.4355,0
 0.4911, 0.0000, 79.6268, 3.1415,-0.0836,-7.3567,-4.6799, 1.0917, 1.4355,0
 0.4899, 0.0000, 79.5576, 3.1415,-0.1076,-7.0005,-4.6799, 1.0632, 1.4355,0
 0.4887, 0.0000, 79.4885, 3.1415,-0.1185,-6.9292,-4.6799, 1.0906, 1.4355,0
 0.4872, 0.0000, 79.4226, 3.1415,-0.1449,-6.6635,-4.6799, 1.0776, 1.4355,0
 0.4857, 0.0000, 79.3629, 3.1415,-0.1502,-6.1074,-4.6799, 1.0104, 1.4355,0
 0.4840, 0.0000, 79.3032, 3.1415,-0.1634,-5.9974,-4.6799, 1.0223, 1.4355,0
 0.4823, 0.0000, 79.2498, 3.1415,-0.1721,-5.4719,-4.6799, 0.9637, 1.4355,0
 0.4805, 0.0000, 79.1964, 3.1415,-0.1738,-5.3668,-4.6799, 0.9720, 1.4355,0
 0.4788, 0.0000, 79.1461, 3.1415,-0.1742,-5.0943,-4.6799, 0.9534, 1.4355,0
 0.4771, 0.0000, 79.0990, 3.1415,-0.1682,-4.7890,-4.6799, 0.9297, 1.4355,0
 0.4755, 0.0000, 79.0550, 3.1415,-0.1670,-4.4764,-4.6799, 0.9054, 1.4355,0
 0.4739, 0.0000, 79.0110, 3.1415,-0.1607,-4.4139,-4.6799, 0.9125, 1.4355,0
 0.4724, 0.0000, 78.9733, 3.1415,-0.1534,-3.8985,-4.6799, 0.8644, 1.4355,0
 0.4710, 0.0000, 78.9356, 3.1415,-0.1398,-3.7960,-4.6799, 0.8643, 1.4355,0
 0.4696, 0.0000, 78.9042, 3.1415,-0.1371,-3.2720,-4.6799, 0.8208, 1.4355,0
 0.4683, 0.0000, 78.8728, 3.1415,-0.1304,-3.1672,-4.6799, 0.8190, 1.4355,0
 0.4671, 0.0000, 78.8445, 3.1415,-0.1231,-2.8960,-4.6799, 0.8024, 1.4355,0
 0.4660, 0.0000, 78.8194, 3.1415,-0.1155,-2.5897,-4.6799, 0.7840, 1.4355,0
 0.4649, 0.0000, 78.7942, 3.1415,-0.1080,-2.5284,-4.6799, 0.7844, 1.4355,0
 0.4641, 0.0000, 78.7722, 3.1415,-0.0882,-2.2653,-4.6799, 0.7706, 1.4355,0
 0.4633, 0.0000, 78.7534, 3.1415,-0.0782,-1.9606,-4.6799, 0.7555, 1.4355,0
 0.4627, 0.0000, 78.7377, 3.1415,-0.0641,-1.6488,-4.6799, 0.7421, 1.4355,0
 0.4622, 0.0000, 78.7251, 3.1415,-0.0552,-1.3350,-4.6799, 0.7307, 1.4355,0
 0.4619, 0.0000, 78.7126, 3.1415,-0.0353,-1.2722,-4.6799, 0.7300, 1.4355,0
 0.4617, 0.0000, 78.7031, 3.1415,-0.0252,-1.0088,-4.6799, 0.7227, 1.4355,0
 0.4615, 0.0000, 78.6968, 3.1415,-0.0171,-0.7040,-4.6799, 0.7161, 1.4355,0
 0.4614, 0.0000, 78.6906, 3.1415,-0.0094,-0.6437,-4.6799, 0.7157, 1.4355,0
 0.4615, 0.0000, 78.6874, 3.1415, 0.0041,-0.3796,-4.6799, 0.7122, 1.4355,0
 0.4615, 0.0000, 78.6874, 3.1415, 0.0008,-0.0759,-4.6799, 0.7103, 1.4355,0
 0.4616, 0.0000, 78.6874, 3.1415, 0.0062,-0.0151,-4.6799, 0.7102, 1.4355,0
 0.4617, 0.0000, 78.6906, 3.1415, 0.0073, 0.2478,-4.6799, 0.7108, 1.4355,0
 0.4618, 0.0000, 78.6968, 3.1415, 0.0075, 0.5524,-4.6799, 0.7135, 1.4355,0
 0.4618, 0.0000, 78.7063, 3.1415, 0.0075, 0.8642,-4.6799, 0.7186, 1.4355,0
 0.4619, 0.0000, 78.7157, 3.1415, 0.0075, 0.9266,-4.6799, 0.7190, 1.4355,0
 0.4621, 0.0000, 78.7251, 3.1415, 0.0136, 0.9397,-4.2753, 0.7181, 1.4355,0
 0.4621, 0.0000, 78.7377, 3.1415, 0.0087, 1.1931, 0.8077, 0.7240, 1.4355,0
 0.4623, 0.0000, 78.7534, 3.1415, 0.0138, 1.4953, 4.6799, 0.7330, 1.4355,0
 0.4624, 0.0000, 78.7722, 3.1415, 0.0088, 1.8066, 4.6799, 0.7444, 1.4355,0
 0.4625, 0.0000, 78.7911, 3.1415, 0.0138, 1.8695, 4.6799, 0.7444, 1.4355,0
 0.4626, 0.0000, 78.8131, 3.1415, 0.0088, 2.1329, 4.6799, 0.7551, 1.4355,0
 0.4627, 0.0000, 78.8382, 3.1415, 0.0078, 2.4370, 4.6799, 0.7695, 1.4355,0
 0.4627, 0.0000, 78.8634, 3.1415, 0.0015, 2.4985, 4.6799, 0.7682, 1.4355,0
 0.4627, 0.0000, 78.8916, 3.1415, 0.0003, 2.7616, 4.6799, 0.7808, 1.4355,0
 0.4627, 0.0000, 78.9230, 3.1415, 0.0000, 3.0657, 4.6799, 0.7975, 1.4355,0
 0.4627, 0.0000, 78.9576, 3.1415, 0.0000, 3.3774, 4.6799, 0.8160, 1.4355,0
 0.4627, 0.0000, 78.9922, 3.1415, 0.0000, 3.4403, 4.6799, 0.8115, 1.4355,0
 0.4627, 0.0000, 79.0330, 3.1415, 0.0000, 3.9552, 4.6799, 0.8515, 1.4355,0
 0.4627, 0.0000, 79.0738, 3.1415, 0.0000, 4.0582, 4.6799, 0.8486, 1.4355,0
 0.4626, 0.0000, 79.1178, 3.1415,-0.0060, 4.3303, 4.6799, 0.8639, 1.4355,0
 0.4626, 0.0000, 79.1618, 3.1415,-0.0012, 4.3841, 4.6799, 0.8526, 1.4355,0
 0.4625, 0.0000, 79.2121, 3.1415,-0.0063, 4.8984, 4.6799, 0.8977, 1.4355,0
 0.4624, 0.0000, 79.2623, 3.1415,-0.0133, 5.0006, 4.6799, 0.8887, 1.4355,0
 0.4622, 0.0000, 79.3189, 3.1415,-0.0148, 5.5246, 4.6799, 0.9382, 1.4355,0
 0.4619, 0.0000, 79.3754, 3.1415,-0.0272, 5.6288, 4.6799, 0.9251, 1.4355,0
 0.4615, 0.0000, 79.4351, 3.1415,-0.0357, 5.9005, 4.6799, 0.9364, 1.4355,0
 0.4611, 0.0000, 79.5011, 3.1415,-0.0435, 6.4578, 4.6799, 0.9949, 1.4355,0
 0.4605, 0.0000, 79.5671, 3.1415,-0.0572, 6.5692, 4.6799, 0.9755, 1.4355,0
 0.4597, 0.0000, 79.6362, 3.1415,-0.0720, 6.8436, 4.6799, 0.9837, 1.4355,0
 0.4588, 0.0000, 79.7084, 3.1415,-0.0871, 7.1487, 4.6799, 0.9965, 1.4355,0
 0.4577, 0.0000, 79.7838, 3.1415,-0.1083, 7.4618, 4.6799, 1.0099, 1.4355,0
 0.4564, 0.0000, 79.8624, 3.1415,-0.1247, 7.7753, 4.6799, 1.0227, 1.4355,0
 0.4548, 0.0000, 79.9441, 3.1415,-0.1522, 8.0901,-0.1661, 1.0353, 1.4355,0
 0.4530, 0.0000, 80.0289, 3.1415,-0.1759, 8.4039,-4.6799, 1.0473, 1.4355,0
 0.4508, 0.0000, 80.1168, 3.1415,-0.2110, 8.7175,-4.6799, 1.0594, 1.4355,0
 0.4483, 0.0000, 80.2111, 3.1415,-0.2422, 9.2831,-4.6799, 1.1344, 1.4355,0
 0.4454, 0.0000, 80.3053, 3.1415,-0.2788, 9.3969,-4.6799, 1.0972, 1.4355,0
 0.4422, 0.0000, 80.4027, 3.1415,-0.3104, 9.6705,-4.6799, 1.1024, 1.4355,0
 0.4386, 0.0000, 80.5001, 3.1415,-0.3470, 9.7252,-4.6799, 1.0514, 1.4355,0
 0.4348, 0.0000, 80.6038, 3.1415,-0.3725, 10.2385,-4.6799, 1.1275, 1.4355,0
 0.4308, 0.0000, 80.7075, 3.1415,-0.4019, 10.3417,-4.6799, 1.0937, 1.4355,0
 0.4264, 0.0000, 80.8143, 3.1415,-0.4259, 10.6132,-4.6799, 1.1123, 1.4355,0
 0.4220, 0.0000, 80.9211, 3.1415,-0.4368, 10.6675,-4.6799, 1.0727, 1.4355,0
 0.4176, 0.0000, 81.0311, 3.1415,-0.4451, 10.9305,-4.6799, 1.1011, 1.4355,0
 0.4131, 0.0000, 81.1379, 3.1415,-0.4467, 10.7310,-4.6799, 0.9975, 1.4355,0
 0.4088, 0.0000, 81.2478, 3.1415,-0.4349, 10.9425,-4.6799, 1.0247, 1.4355,0
 0.4045, 0.0000, 81.3546, 3.1415,-0.4265, 10.7334,-4.6799, 0.9327, 1.4355,0
 0.4007, 0.0000, 81.4615, 3.1415,-0.3945, 10.6922,-4.6799, 0.8997, 1.4355,0
 0.3971, 0.0000, 81.5651, 3.1415,-0.3638, 10.4319,-4.6799, 0.8102, 1.4355,0
 0.3938, 0.0000, 81.6657, 3.1415,-0.3335, 10.1289,-4.6799, 0.7183, 1.4355,0
 0.3911, 0.0000, 81.7630, 3.1415,-0.2849, 9.8169,-4.6799, 0.6335, 1.4355,0
 0.3888, 0.0000, 81.8604, 3.1415,-0.2449, 9.7551,-4.6799, 0.6256, 1.4355,0
 0.3869, 0.0000, 81.9515, 3.1415,-0.2005, 9.2392,-4.6799, 0.5030, 1.4355,0
 0.3854, 0.0000, 82.0395, 3.1415,-0.1553, 8.8845,-4.6799, 0.4325, 1.4355,0
 0.3844, 0.0000, 82.1275, 3.1415,-0.1098, 8.8142,-4.6799, 0.4398, 1.4355,0
 0.3839, 0.0000, 82.2092, 3.1415,-0.0644, 8.2978,-4.6799, 0.3435, 1.4355,0
 0.3838, 0.0000, 82.2877, 3.1415,-0.0250, 7.9425,-4.6799, 0.2930, 1.4355,0
 0.3839, 0.0000, 82.3631, 3.1415, 0.0071, 7.6200,-4.6799, 0.2553, 1.4355,0
 0.3844, 0.0000, 82.4385, 3.1415, 0.0378, 7.5561,-4.6799, 0.2774, 1.4355,0
 0.3850, 0.0000, 82.5076, 3.1415, 0.0621, 7.0403,-4.6799, 0.2073, 1.4355,0
 0.3859, 0.0000, 82.5736, 3.1415, 0.0791, 6.6857,-4.6799, 0.1750, 1.4355,0
 0.3869, 0.0000, 82.6395, 3.1415, 0.1007, 6.6148,-4.6799, 0.1996, 1.4355,0
 0.3880, 0.0000, 82.6992, 3.1415, 0.1050, 6.0983,-4.6799, 0.1435, 1.4355,0
 0.3892, 0.0000, 82.7558, 3.1415, 0.1180, 5.7435,-4.6799, 0.1198, 1.4355,0
 0.3905, 0.0000, 82.8123, 3.1415, 0.1266, 5.6726,-4.6799, 0.1447, 1.4355,0
 0.3919, 0.0000, 82.8626, 3.1415, 0.1344, 5.1555,-4.6799, 0.0993, 1.4355,0
 0.3932, 0.0000, 82.9129, 3.1415, 0.1360, 5.0527,-4.6799, 0.1184, 1.4355,0
 0.3945, 0.0000, 82.9569, 3.1415, 0.1302, 4.5292,-4.6799, 0.0782, 1.4355,0
 0.3959, 0.0000, 83.0008, 3.1415, 0.1351, 4.4239,-4.6799, 0.0954, 1.4355,0
 0.3972, 0.0000, 83.0385, 3.1415, 0.1301, 3.9011,-4.6799, 0.0608, 1.4355,0
 0.3985, 0.0000, 83.0762, 3.1415, 0.1291, 3.7959,-4.6799, 0.0760, 1.4355,0
 0.3997, 0.0000, 83.1108, 3.1415, 0.1228, 3.5234,-4.6799, 0.0726, 1.4355,0
 0.4008, 0.0000, 83.1422, 3.1415, 0.1155, 3.2181,-4.6799, 0.0661, 1.4355,0
 0.4019, 0.0000, 83.1705, 3.1415, 0.1079, 2.9061,-4.6799, 0.0596, 1.4355,0
 0.4029, 0.0000, 83.1956, 3.1415, 0.1004, 2.5917,-4.6799, 0.0534, 1.4355,0
 0.4038, 0.0000, 83.2207, 3.1415, 0.0928, 2.5288,-4.6799, 0.0669, 1.4355,0
 0.4045, 0.0000, 83.2396, 3.1415, 0.0792, 2.0133,-4.6799, 0.0477, 1.4355,0
 0.4052, 0.0000, 83.2584, 3.1415, 0.0704, 1.9108,-4.6799, 0.0556, 1.4355,0
 0.4057, 0.0000, 83.2710, 3.1415, 0.0565, 1.3874,-4.6799, 0.0404, 1.4355,0
 0.4061, 0.0000, 83.2836, 3.1415, 0.0416, 1.2827,-4.6799, 0.0455, 1.4355,0
 0.4064, 0.0000, 83.2930, 3.1415, 0.0325, 1.0109,-4.6799, 0.0436, 1.4355,0
 0.4066, 0.0000, 83.2993, 3.1415, 0.0186, 0.7045,-4.6799, 0.0407, 1.4355,0
 0.4067, 0.0000, 83.3024, 3.1415, 0.0097, 0.3923,-4.6799, 0.0382, 1.4355,0
 0.4066, 0.0000, 83.3056, 3.1415,-0.0041, 0.3299,-4.6799, 0.0398, 1.4355,0
 0.4064, 0.0000, 83.3024, 3.1415,-0.0129,-0.1854,-4.6799, 0.0365, 1.4355,0
 0.4063, 0.0000, 83.2993, 3.1415,-0.0147,-0.2885,-4.6799, 0.0349, 1.4355,0
 0.4060, 0.0000, 83.2930, 3.1415,-0.0211,-0.5600,-4.6799, 0.0337, 1.4355,0
 0.4057, 0.0000, 83.2836, 3.1415,-0.0284,-0.8664,-4.6799, 0.0330, 1.4355,0
 0.4055, 0.0000, 83.2742, 3.1415,-0.0238,-0.9270,-4.6799, 0.0278, 1.4355,0
 0.4052, 0.0000, 83.2584, 3.1415,-0.0290,-1.4421,-4.6799, 0.0336, 1.4355,0
 0.4050, 0.0000, 83.2427, 3.1415,-0.0239,-1.5451,-4.6799, 0.0266, 1.4355,0
 0.4047, 0.0000, 83.2239, 3.1415,-0.0290,-1.8165,-4.6799, 0.0259, 1.4355,0
 0.4044, 0.0000, 83.2019, 3.1415,-0.0300,-2.1229,-4.6799, 0.0270, 1.4355,0
 0.4041, 0.0000, 83.1768, 3.1415,-0.0242,-2.4350,-4.6799, 0.0289, 1.4355,0
 0.4039, 0.0000, 83.1516, 3.1415,-0.0230,-2.4975,-4.6799, 0.0152, 1.4355,0
 0.4038, 0.0000, 83.1202, 3.1415,-0.0167,-3.0129,-4.6799, 0.0326, 1.4355,0
 0.4035, 0.0000, 83.0888, 3.1415,-0.0215,-3.1160, 1.2375, 0.0191, 1.4355,0
 0.4035, 0.0000, 83.0542, 3.1415,-0.0103,-3.3874, 4.6799, 0.0194, 1.4355,0
 0.4035, 0.0000, 83.0165, 3.1415,-0.0020,-3.6932, 4.6799, 0.0233, 1.4355,0
 0.4035, 0.0000, 82.9757, 3.1415,-0.0004,-4.0064, 4.6799, 0.0287, 1.4355,0
 0.4035, 0.0000, 82.9317, 3.1415,-0.0000,-4.3193, 4.6799, 0.0350, 1.4355,0
 0.4035, 0.0000, 82.8846, 3.1415, 0.0060,-4.6346, 4.6799, 0.0426, 1.4355,0
 0.4037, 0.0000, 82.8375, 3.1415, 0.0133,-4.6964, 4.6799, 0.0194, 1.4355,0
 0.4038, 0.0000, 82.7841, 3.1415, 0.0147,-5.2117, 4.6799, 0.0562, 1.4355,0
 0.4041, 0.0000, 82.7307, 3.1415, 0.0272,-5.3148, 4.6799, 0.0377, 1.4355,0
 0.4045, 0.0000, 82.6710, 3.1415, 0.0296,-5.8383, 4.6799, 0.0829, 1.4355,0
 0.4049, 0.0000, 82.6113, 3.1415, 0.0423,-5.9430, 4.6799, 0.0651, 1.4355,0
 0.4055, 0.0000, 82.5453, 3.1415, 0.0569,-6.4663, 4.6799, 0.1190, 1.4355,0
 0.4063, 0.0000, 82.4793, 3.1415, 0.0720,-6.5709, 4.6799, 0.1031, 1.4355,0
 0.4072, 0.0000, 82.4102, 3.1415, 0.0871,-6.8433, 4.6799, 0.1199, 1.4355,0
 0.4083, 0.0000, 82.3348, 3.1415, 0.1083,-7.4007, 4.6799, 0.1966, 1.4355,0
 0.4097, 0.0000, 82.2594, 3.1415, 0.1308,-7.5116, 4.6799, 0.1885, 1.4355,0
 0.4112, 0.0000, 82.1809, 3.1415, 0.1474,-7.7858, 4.6799, 0.2183, 1.4355,0
 0.4130, 0.0000, 82.0960, 3.1415, 0.1750,-8.3430, 4.6799, 0.3172, 1.4355,0
 0.4151, 0.0000, 82.0112, 3.1415, 0.2047,-8.4545, 4.6799, 0.3213, 1.4355,0
 0.4176, 0.0000, 81.9233, 3.1415, 0.2349,-8.7282, 4.6799, 0.3693, 1.4355,0
 0.4202, 0.0000, 81.8322, 3.1415, 0.2592,-9.0338, 4.6799, 0.4326, 1.4355,0
 0.4232, 0.0000, 81.7379, 3.1415, 0.2943,-9.3464, 4.6799, 0.5060, 1.4355,0
 0.4265, 0.0000, 81.6437, 3.1415, 0.3196,-9.4089, 4.6799, 0.5218, 1.4355,0
 0.4300, 0.0000, 81.5431, 3.1415, 0.3428,-9.9243, 4.6799, 0.6676, 1.4355,0
 0.4336, 0.0000, 81.4426, 3.1415, 0.3596,-10.0274, 4.6799, 0.7099, 1.4355,0
 0.4374, 0.0000, 81.3421, 3.1415, 0.3750,-10.0480, 4.6799, 0.7363, 1.4355,0
 0.4413, 0.0000, 81.2415, 3.1415, 0.3842,-10.0516, 4.6799, 0.7647, 1.4355,0
 0.4452, 0.0000, 81.1379, 3.1415, 0.3860,-10.3043, 4.6799, 0.8719, 1.4355,0
 0.4489, 0.0000, 81.0342, 3.1415, 0.3803,-10.3543, 4.6799, 0.9280, 1.4355,0
 0.4526, 0.0000, 80.9337, 3.1415, 0.3671,-10.1134, 4.6799, 0.9054, 1.4355,0
 0.4560, 0.0000, 80.8331, 3.1415, 0.3462,-10.0652, 4.6799, 0.9434, 1.4355,0
 0.4591, 0.0000, 80.7357, 3.1415, 0.3178,-9.8048, 4.6799, 0.9256, 1.4355,0
 0.4619, 0.0000, 80.6384, 3.1415, 0.2879,-9.7514, 4.6799, 0.9696, 1.4355,0
 0.4643, 0.0000, 80.5441, 3.1415, 0.2455,-9.4899, 4.6799, 0.9591, 1.4355,0
 0.4663, 0.0000, 80.4530, 3.1415, 0.2128,-9.1868, 4.6799, 0.9404, 1.4355,0
 0.4678, 0.0000, 80.3650, 3.1415, 0.1638,-8.8747, 4.6799, 0.9218, 1.4355,0
 0.4690, 0.0000, 80.2771, 3.1415, 0.1237,-8.8122, 4.2876, 0.9681, 1.4355,0
 0.4696, 0.0000, 80.1954, 3.1415, 0.0793,-8.2962,-4.6799, 0.9027, 1.4355,0
 0.4699, 0.0000, 80.1168, 3.1415, 0.0340,-7.9428,-4.6799, 0.8787, 1.4355,0
 0.4697, 0.0000, 80.0415, 3.1415,-0.0053,-7.6200,-4.6799, 0.8625, 1.4355,0
 0.4693, 0.0000, 79.9692, 3.1415,-0.0374,-7.3046,-4.6799, 0.8481, 1.4355,0
 0.4686, 0.0000, 79.9001, 3.1415,-0.0620,-6.9901,-4.6799, 0.8340, 1.4355,0
 0.4677, 0.0000, 79.8341, 3.1415,-0.0851,-6.6757,-4.6799, 0.8199, 1.4355,0
 0.4665, 0.0000, 79.7713, 3.1415,-0.1079,-6.3620,-4.6799, 0.8056, 1.4355,0
 0.4652, 0.0000, 79.7084, 3.1415,-0.1246,-6.2992,-4.6799, 0.8365, 1.4355,0
 0.4639, 0.0000, 79.6519, 3.1415,-0.1340,-5.7837,-4.6799, 0.7862, 1.4355,0
 0.4623, 0.0000, 79.5985, 3.1415,-0.1541,-5.4292,-4.6799, 0.7645, 1.4355,0
 0.4607, 0.0000, 79.5482, 3.1415,-0.1581,-5.1068,-4.6799, 0.7479, 1.4355,0
 0.4590, 0.0000, 79.4980, 3.1415,-0.1650,-5.0423,-4.6799, 0.7688, 1.4355,0
 0.4574, 0.0000, 79.4540, 3.1415,-0.1663,-4.5271,-4.6799, 0.7252, 1.4355,0
 0.4556, 0.0000, 79.4131, 3.1415,-0.1727,-4.1732,-4.6799, 0.7050, 1.4355,0
 0.4539, 0.0000, 79.3723, 3.1415,-0.1679,-4.1018,-4.6799, 0.7188, 1.4355,0
 0.4524, 0.0000, 79.3377, 3.1415,-0.1609,-3.5846,-4.6799, 0.6812, 1.4355,0
 0.4507, 0.0000, 79.3032, 3.1415,-0.1655,-3.4818,-4.6799, 0.6885, 1.4355,0
 0.4491, 0.0000, 79.2749, 3.1415,-0.1604,-2.9577,-4.6799, 0.6551, 1.4355,0
 0.4476, 0.0000, 79.2466, 3.1415,-0.1533,-2.8535,-4.6799, 0.6600, 1.4355,0
 0.4461, 0.0000, 79.2215, 3.1415,-0.1458,-2.5811,-4.6799, 0.6508, 1.4355,0
 0.4448, 0.0000, 79.2026, 3.1415,-0.1383,-2.0244,-4.6799, 0.6233, 1.4355,0
 0.4435, 0.0000, 79.1838, 3.1415,-0.1307,-1.9130,-4.6799, 0.6254, 1.4355,0
 0.4423, 0.0000, 79.1681, 3.1415,-0.1231,-1.6393,-4.6799, 0.6185, 1.4355,0
 0.4412, 0.0000, 79.1555, 3.1415,-0.1095,-1.3331,-4.6799, 0.6110, 1.4355,0
 0.4403, 0.0000, 79.1461, 3.1415,-0.0946,-1.0204,-4.6799, 0.6046, 1.4355,0
 0.4395, 0.0000, 79.1398, 3.1415,-0.0856,-0.7070,-4.6799, 0.5996, 1.4355,0
 0.4387, 0.0000, 79.1367, 3.1415,-0.0777,-0.3922,-4.6799, 0.5960, 1.4355,0
 0.4382, 0.0000, 79.1367, 3.1415,-0.0579,-0.0784,-4.6799, 0.5940, 1.4355,0
 0.4377, 0.0000, 79.1367, 3.1415,-0.0479,-0.0156,-4.6799, 0.5939, 1.4355,0
 0.4374, 0.0000, 79.1430, 3.1415,-0.0338, 0.4991,-4.6799, 0.5948, 1.4355,0
 0.4373, 0.0000, 79.1492, 3.1415,-0.0188, 0.6027,-4.6799, 0.5938, 1.4355,0
 0.4372, 0.0000, 79.1618, 3.1415,-0.0098, 1.1251,-1.9947, 0.6013, 1.4355,0
 0.4372, 0.0000, 79.1744, 3.1415,-0.0019, 1.2302, 3.2388, 0.5994, 1.4355,0
 0.4373, 0.0000, 79.1932, 3.1415, 0.0117, 1.7542, 4.6799, 0.6132, 1.4355,0
 0.4374, 0.0000, 79.2121, 3.1415, 0.0084, 1.8590, 4.6799, 0.6102, 1.4355,0
 0.4376, 0.0000, 79.2341, 3.1415, 0.0138, 2.1314, 4.6799, 0.6154, 1.4355,0
 0.4376, 0.0000, 79.2592, 3.1415, 0.0088, 2.4367, 4.6799, 0.6232, 1.4355,0
 0.4378, 0.0000, 79.2875, 3.1415, 0.0138, 2.7493, 4.6799, 0.6323, 1.4355,0
 0.4379, 0.0000, 79.3189, 3.1415, 0.0088, 3.0632, 4.6799, 0.6423, 1.4355,0
 0.4380, 0.0000, 79.3534, 3.1415, 0.0078, 3.3769, 4.6799, 0.6528, 1.4355,0
 0.4380, 0.0000, 79.3911, 3.1415, 0.0015, 3.6911, 4.6799, 0.6639, 1.4355,0
 0.4379, 0.0000, 79.4288, 3.1415,-0.0057, 3.7545, 4.6799, 0.6498, 1.4355,0
 0.4379, 0.0000, 79.4728, 3.1415,-0.0011, 4.2695, 4.6799, 0.6827, 1.4355,0
 0.4378, 0.0000, 79.5168, 3.1415,-0.0062, 4.3719, 4.6799, 0.6693, 1.4355,0
 0.4376, 0.0000, 79.5671, 3.1415,-0.0133, 4.8953, 4.6799, 0.7068, 1.4355,0
 0.4375, 0.0000, 79.6205, 3.1415,-0.0148, 5.2521, 4.6799, 0.7242, 1.4355,0
 0.4373, 0.0000, 79.6739, 3.1415,-0.0211, 5.3228, 4.6799, 0.7003, 1.4355,0
 0.4370, 0.0000, 79.7304, 3.1415,-0.0284, 5.5885, 4.6799, 0.7036, 1.4355,0
 0.4365, 0.0000, 79.7933, 3.1415,-0.0420, 6.1439, 4.6799, 0.7525, 1.4355,0
 0.4360, 0.0000, 79.8561, 3.1415,-0.0508, 6.2556, 4.6799, 0.7286, 1.4355,0
 0.4353, 0.0000, 79.9252, 3.1415,-0.0647, 6.7803, 4.6799, 0.7759, 1.4355,0
 0.4345, 0.0000, 79.9943, 3.1415,-0.0796, 6.8852,-0.6212, 0.7469, 1.4355,0
 0.4333, 0.0000, 80.0666, 3.1415,-0.1068, 7.1576,-4.6799, 0.7488, 1.4355,0
 0.4320, 0.0000, 80.1420, 3.1415,-0.1244, 7.4630,-4.6799, 0.7572, 1.4355,0
 0.4304, 0.0000, 80.2205, 3.1415,-0.1522, 7.7761,-4.6799, 0.7677, 1.4355,0
 0.4286, 0.0000, 80.3022, 3.1415,-0.1759, 8.0896,-4.6799, 0.7794, 1.4355,0
 0.4266, 0.0000, 80.3870, 3.1415,-0.1989, 8.4032,-4.6799, 0.7925, 1.4355,0
 0.4242, 0.0000, 80.4750, 3.1415,-0.2277, 8.7186,-4.6799, 0.8082, 1.4355,0
 0.4216, 0.0000, 80.5661, 3.1415,-0.2577, 9.0319,-4.6799, 0.8261, 1.4355,0
 0.4188, 0.0000, 80.6572, 3.1415,-0.2758, 9.0945,-4.6799, 0.7846, 1.4355,0
 0.4158, 0.0000, 80.7483, 3.1415,-0.2916, 9.1077,-4.6799, 0.7337, 1.4355,0
 0.4127, 0.0000, 80.8457, 3.1415,-0.3069, 9.6126,-4.6799, 0.8120, 1.4355,0
 0.4095, 0.0000, 80.9399, 3.1415,-0.3160, 9.4622,-4.6799, 0.7238, 1.4355,0
 0.4063, 0.0000, 81.0373, 3.1415,-0.3239, 9.6835,-4.6799, 0.7385, 1.4355,0
 0.4030, 0.0000, 81.1347, 3.1415,-0.3255, 9.7278,-4.6799, 0.7113, 1.4355,0
 0.3999, 0.0000, 81.2321, 3.1415,-0.3136, 9.7367,-4.6799, 0.6804, 1.4355,0
 0.3969, 0.0000, 81.3264, 3.1415,-0.2992, 9.4876,-4.6799, 0.5868, 1.4355,0
 0.3942, 0.0000, 81.4206, 3.1415,-0.2781, 9.4371,-4.6799, 0.5530, 1.4355,0
 0.3917, 0.0000, 81.5149, 3.1415,-0.2557, 9.4271,-4.6799, 0.5360, 1.4355,0
 0.3896, 0.0000, 81.6028, 3.1415,-0.2209, 8.9227,-4.6799, 0.3987, 1.4355,0
 0.3878, 0.0000, 81.6908, 3.1415,-0.1897, 8.8212,-4.6799, 0.3713, 1.4355,0
 0.3863, 0.0000, 81.7756, 3.1415,-0.1592, 8.5501,-4.6799, 0.3085, 1.4355,0
 0.3852, 0.0000, 81.8604, 3.1415,-0.1167, 8.4965,-4.6799, 0.3040, 1.4355,0
 0.3844, 0.0000, 81.9390, 3.1415,-0.0839, 7.9822,-4.6799, 0.1976, 1.4355,0
 0.3841, 0.0000, 82.0175, 3.1415,-0.0410, 7.8794,-4.6799, 0.1912, 1.4355,0
 0.3841, 0.0000, 82.0898, 3.1415,-0.0082, 7.3565,-4.6799, 0.0986, 1.4355,0
 0.3844, 0.0000, 82.1620, 3.1415, 0.0165, 7.2513,-4.6799, 0.0994, 1.4355,0
 0.3848, 0.0000, 82.2280, 3.1415, 0.0396, 6.7285,-4.6799, 0.0203, 1.4355,0
 0.3855, 0.0000, 82.2940, 3.1415, 0.0625, 6.6234,-4.6799, 0.0266, 1.4355,0
 0.3864, 0.0000, 82.3537, 3.1415, 0.0852, 6.1000,-4.6799,-0.0408, 1.4355,0
 0.3874, 0.0000, 82.4133, 3.1415, 0.0958, 5.9947,-4.6799,-0.0310, 1.4355,0
 0.3885, 0.0000, 82.4699, 3.1415, 0.1101, 5.7228,-4.6799,-0.0476, 1.4355,0
 0.3898, 0.0000, 82.5202, 3.1415, 0.1251, 5.1661,-4.6799,-0.1062, 1.4355,0
 0.3911, 0.0000, 82.5704, 3.1415, 0.1280, 5.0548,-4.6799,-0.0947, 1.4355,0
 0.3925, 0.0000, 82.6176, 3.1415, 0.1347, 4.7804,-4.6799,-0.1057, 1.4355,0
 0.3938, 0.0000, 82.6615, 3.1415, 0.1360, 4.4747,-4.6799,-0.1195, 1.4355,0
 0.3952, 0.0000, 82.7024, 3.1415, 0.1363, 4.1621,-4.6799,-0.1326, 1.4355,0
 0.3966, 0.0000, 82.7401, 3.1415, 0.1424, 3.8481,-4.6799,-0.1445, 1.4355,0
 0.3980, 0.0000, 82.7746, 3.1415, 0.1376, 3.5339,-4.6799,-0.1551, 1.4355,0
 0.3994, 0.0000, 82.8060, 3.1415, 0.1366, 3.2202,-4.6799,-0.1646, 1.4355,0
 0.4007, 0.0000, 82.8343, 3.1415, 0.1364, 2.9066,-4.6799,-0.1731, 1.4355,0
 0.4020, 0.0000, 82.8595, 3.1415, 0.1303, 2.5918,-4.6799,-0.1807, 1.4355,0
 0.4033, 0.0000, 82.8815, 3.1415, 0.1291, 2.2773,-4.6799,-0.1875, 1.4355,0
 0.4045, 0.0000, 82.9003, 3.1415, 0.1228, 1.9636,-4.6799,-0.1935, 1.4355,0
 0.4057, 0.0000, 82.9192, 3.1415, 0.1155, 1.9009,-4.6799,-0.1841, 1.4355,0
 0.4067, 0.0000, 82.9317, 3.1415, 0.1019, 1.3854,-4.6799,-0.1993, 1.4355,0
 0.4076, 0.0000, 82.9411, 3.1415, 0.0992, 1.0308,-4.6799,-0.2048, 1.4355,0
 0.4085, 0.0000, 82.9506, 3.1415, 0.0865, 0.9599,-4.6799,-0.2004, 1.4355,0
 0.4092, 0.0000, 82.9537, 3.1415, 0.0779, 0.4434,-4.6799,-0.2083, 1.4355,0
 0.4098, 0.0000, 82.9569, 3.1415, 0.0640, 0.3401,-4.6799,-0.2073, 1.4355,0
 0.4104, 0.0000, 82.9537, 3.1415, 0.0552,-0.1834,-4.6799,-0.2106, 1.4355,0
 0.4107, 0.0000, 82.9506, 3.1415, 0.0413,-0.2881,-4.6799,-0.2121, 1.4355,0
 0.4110, 0.0000, 82.9411, 3.1415, 0.0264,-0.8114,-4.6799,-0.2105, 1.4355,0
 0.4110, 0.0000, 82.9317, 3.1415, 0.0113,-0.9160,-4.6799,-0.2144, 1.4355,0
 0.4111, 0.0000, 82.9192, 3.1415, 0.0083,-1.1884,-2.4217,-0.2149, 1.4355,0
 0.4111, 0.0000, 82.9034, 3.1415, 0.0016,-1.4950, 4.6799,-0.2140, 1.4355,0
 0.4110, 0.0000, 82.8815, 3.1415,-0.0057,-2.0580, 4.6799,-0.2008, 1.4355,0
 0.4110, 0.0000, 82.8595, 3.1415,-0.0072,-2.1706, 4.6799,-0.2088, 1.4355,0
 0.4109, 0.0000, 82.8343, 3.1415,-0.0075,-2.4446, 4.6799,-0.2077, 1.4355,0
 0.4108, 0.0000, 82.8060, 3.1415,-0.0075,-2.7514, 4.6799,-0.2038, 1.4355,0
 0.4108, 0.0000, 82.7746, 3.1415,-0.0015,-3.0637, 4.6799,-0.1986, 1.4355,0
 0.4108, 0.0000, 82.7401, 3.1415,-0.0003,-3.3770, 4.6799,-0.1921, 1.4355,0
 0.4108, 0.0000, 82.7024, 3.1415,-0.0000,-3.6911, 4.6799,-0.1844, 1.4355,0
 0.4108, 0.0000, 82.6647, 3.1415,-0.0000,-3.7545, 4.6799,-0.2006, 1.4355,0
 0.4109, 0.0000, 82.6207, 3.1415, 0.0060,-4.2689, 4.6799,-0.1687, 1.4355,0
 0.4110, 0.0000, 82.5736, 3.1415, 0.0133,-4.6239, 4.6799,-0.1514, 1.4355,0
 0.4112, 0.0000, 82.5233, 3.1415, 0.0147,-4.9463, 4.6799,-0.1357, 1.4355,0
 0.4114, 0.0000, 82.4730, 3.1415, 0.0211,-5.0096, 4.6799,-0.1532, 1.4355,0
 0.4118, 0.0000, 82.4165, 3.1415, 0.0345,-5.5258, 4.6799,-0.1051, 1.4355,0
 0.4123, 0.0000, 82.3599, 3.1415, 0.0432,-5.6297, 4.6799,-0.1152, 1.4355,0
 0.4129, 0.0000, 82.2971, 3.1415, 0.0571,-6.1521, 4.6799,-0.0563, 1.4355,0
 0.4136, 0.0000, 82.2343, 3.1415, 0.0720,-6.2566, 4.6799,-0.0630, 1.4355,0
 0.4145, 0.0000, 82.1652, 3.1415, 0.0871,-6.7805, 4.6799, 0.0079, 1.4355,0
 0.4157, 0.0000, 82.0960, 3.1415, 0.1083,-6.8858, 4.6799, 0.0065, 1.4355,0
 0.4170, 0.0000, 82.0238, 3.1415, 0.1247,-7.1572, 4.6799, 0.0407, 1.4355,0
 0.4185, 0.0000, 81.9484, 3.1415, 0.1462,-7.4635, 4.6799, 0.0872, 1.4355,0
 0.4203, 0.0000, 81.8699, 3.1415, 0.1747,-7.7762, 4.6799, 0.1412, 1.4355,0
 0.4223, 0.0000, 81.7882, 3.1415, 0.1926,-8.0896, 4.6799, 0.2022, 1.4355,0
 0.4245, 0.0000, 81.7033, 3.1415, 0.2143,-8.4038, 4.6799, 0.2708, 1.4355,0
 0.4269, 0.0000, 81.6185, 3.1415, 0.2368,-8.4666, 4.6799, 0.2869, 1.4355,0
 0.4295, 0.0000, 81.5306, 3.1415, 0.2535,-8.7300, 4.6799, 0.3570, 1.4355,0
 0.4322, 0.0000, 81.4426, 3.1415, 0.2689,-8.7833, 4.6799, 0.3823, 1.4355,0
 0.4350, 0.0000, 81.3515, 3.1415, 0.2781,-9.0448, 4.6799, 0.4659, 1.4355,0
 0.4379, 0.0000, 81.2604, 3.1415, 0.2860,-9.0971, 4.6799, 0.5032, 1.4355,0
 0.4408, 0.0000, 81.1693, 3.1415, 0.2876,-9.1082, 4.6799, 0.5354, 1.4355,0
 0.4436, 0.0000, 81.0782, 3.1415, 0.2818,-9.1104, 4.6799, 0.5706, 1.4355,0
 0.4463, 0.0000, 80.9871, 3.1415, 0.2746,-9.1109, 4.6799, 0.6102, 1.4355,0
 0.4488, 0.0000, 80.8960, 3.1415, 0.2550,-9.1103, 4.6799, 0.6542, 1.4355,0
 0.4511, 0.0000, 80.8080, 3.1415, 0.2329,-8.8588, 4.6799, 0.6375, 1.4355,0
 0.4530, 0.0000, 80.7200, 3.1415, 0.2042,-8.8091, 4.6799, 0.6753, 1.4355,0
 0.4547, 0.0000, 80.6352, 3.1415, 0.1742,-8.5477, 4.6799, 0.6631, 1.4355,0
 0.4561, 0.0000, 80.5535, 3.1415, 0.1439,-8.2439, 4.6799, 0.6436, 1.4355,0
 0.4571, 0.0000, 80.4750, 3.1415, 0.1136,-7.9317, 4.6799, 0.6248, 1.4355,0
 0.4579, 0.0000, 80.3964, 3.1415, 0.0833,-7.8699, 4.6799, 0.6645, 1.4355,0
 0.4583, 0.0000, 80.3210, 3.1415, 0.0469,-7.6060, 4.6799, 0.6599, 1.4355,0
 0.4584, 0.0000, 80.2488, 3.1415, 0.0215,-7.3012, 4.6799, 0.6473, 1.4355,0
 0.4583, 0.0000, 80.1797, 3.1415,-0.0078,-6.9900,-4.6799, 0.6344, 1.4355,0
 0.4579, 0.0000, 80.1137, 3.1415,-0.0318,-6.6757,-4.6799, 0.6216, 1.4355,0
 0.4573, 0.0000, 80.0509, 3.1415,-0.0548,-6.3613,-4.6799, 0.6093, 1.4355,0
 0.4566, 0.0000, 79.9912, 3.1415,-0.0655,-6.0476,-4.6799, 0.5975, 1.4355,0
 0.4557, 0.0000, 79.9346, 3.1415,-0.0858,-5.7334,-4.6799, 0.5858, 1.4355,0
 0.4547, 0.0000, 79.8781, 3.1415,-0.0959,-5.6706,-4.6799, 0.6156, 1.4355,0
 0.4536, 0.0000, 79.8278, 3.1415,-0.1040,-5.1551,-4.6799, 0.5723, 1.4355,0
 0.4524, 0.0000, 79.7807, 3.1415,-0.1178,-4.8011,-4.6799, 0.5553, 1.4355,0
 0.4512, 0.0000, 79.7336, 3.1415,-0.1205,-4.7297,-4.6799, 0.5775, 1.4355,0
 0.4499, 0.0000, 79.6927, 3.1415,-0.1332,-4.2131,-4.6799, 0.5398, 1.4355,0
 0.4485, 0.0000, 79.6519, 3.1415,-0.1357,-4.1104,-4.6799, 0.5544, 1.4355,0
 0.4471, 0.0000, 79.6142, 3.1415,-0.1362,-3.8378,-4.6799, 0.5481, 1.4355,0
 0.4457, 0.0000, 79.5828, 3.1415,-0.1424,-3.2803,-4.6799, 0.5122, 1.4355,0
 0.4443, 0.0000, 79.5514, 3.1415,-0.1376,-3.1695,-4.6799, 0.5215, 1.4355,0
 0.4430, 0.0000, 79.5231, 3.1415,-0.1366,-2.8958,-4.6799, 0.5154, 1.4355,0
 0.4416, 0.0000, 79.5011, 3.1415,-0.1364,-2.3388,-4.6799, 0.4876, 1.4355,0
 0.4403, 0.0000, 79.4791, 3.1415,-0.1303,-2.2267,-4.6799, 0.4933, 1.4355,0
 0.4391, 0.0000, 79.4603, 3.1415,-0.1230,-1.9529,-4.6799, 0.4881, 1.4355,0
 0.4380, 0.0000, 79.4445, 3.1415,-0.1155,-1.6479,-4.6799, 0.4817, 1.4355,0
 0.4369, 0.0000, 79.4320, 3.1415,-0.1080,-1.3348,-4.6799, 0.4756, 1.4355,0
 0.4360, 0.0000, 79.4226, 3.1415,-0.0943,-1.0207,-4.6799, 0.4705, 1.4355,0
 0.4351, 0.0000, 79.4163, 3.1415,-0.0916,-0.7070,-4.6799, 0.4664, 1.4355,0
 0.4343, 0.0000, 79.4131, 3.1415,-0.0789,-0.3928,-4.6799, 0.4633, 1.4355,0
 0.4336, 0.0000, 79.4131, 3.1415,-0.0703,-0.0785,-4.6799, 0.4612, 1.4355,0
 0.4330, 0.0000, 79.4163, 3.1415,-0.0625, 0.2357,-4.6799, 0.4602, 1.4355,0
 0.4325, 0.0000, 79.4226, 3.1415,-0.0549, 0.5500,-4.6799, 0.4602, 1.4355,0
 0.4320, 0.0000, 79.4320, 3.1415,-0.0473, 0.8638,-4.6799, 0.4611, 1.4355,0
 0.4317, 0.0000, 79.4445, 3.1415,-0.0397, 1.1780,-1.5691, 0.4631, 1.4355,0
 0.4314, 0.0000, 79.4571, 3.1415,-0.0322, 1.2408, 1.0419, 0.4581, 1.4355,0
 0.4310, 0.0000, 79.4760, 3.1415,-0.0367, 1.7563, 4.6799, 0.4689, 1.4355,0
 0.4308, 0.0000, 79.4980, 3.1415,-0.0255, 2.1109, 4.6799, 0.4752, 1.4355,0
 0.4304, 0.0000, 79.5199, 3.1415,-0.0293, 2.1812, 4.6799, 0.4664, 1.4355,0
 0.4302, 0.0000, 79.5482, 3.1415,-0.0240, 2.6982, 4.6799, 0.4847, 1.4355,0
 0.4299, 0.0000, 79.5765, 3.1415,-0.0290, 2.8016, 4.6799, 0.4754, 1.4355,0
 0.4296, 0.0000, 79.6110, 3.1415,-0.0300, 3.3246, 4.6799, 0.4987, 1.4355,0
 0.4293, 0.0000, 79.6456, 3.1415,-0.0302, 3.4298, 4.6799, 0.4866, 1.4355,0
 0.4289, 0.0000, 79.6865, 3.1415,-0.0363, 3.9531, 4.6799, 0.5142, 1.4355,0
 0.4286, 0.0000, 79.7273, 3.1415,-0.0375, 4.0578, 4.6799, 0.4990, 1.4355,0
 0.4281, 0.0000, 79.7744, 3.1415,-0.0438, 4.5811, 4.6799, 0.5306, 1.4355,0
 0.4276, 0.0000, 79.8215, 3.1415,-0.0512, 4.6869, 4.6799, 0.5122, 1.4355,0
 0.4269, 0.0000, 79.8718, 3.1415,-0.0648, 4.9583, 4.6799, 0.5140, 1.4355,0
 0.4261, 0.0000, 79.9252, 3.1415,-0.0735, 5.2641, 4.6799, 0.5202, 1.4355,0
 0.4253, 0.0000, 79.9818, 3.1415,-0.0814, 5.5767, 2.0810, 0.5276, 1.4355,0
 0.4242, 0.0000, 80.0415, 3.1415,-0.1011, 5.8907,-4.6799, 0.5354, 1.4355,0
 0.4230, 0.0000, 80.1043, 3.1415,-0.1172, 6.2043,-4.6799, 0.5434, 1.4355,0
 0.4217, 0.0000, 80.1703, 3.1415,-0.1325, 6.5191,-4.6799, 0.5521, 1.4355,0
 0.4201, 0.0000, 80.2394, 3.1415,-0.1477, 6.8324,-4.6799, 0.5613, 1.4355,0
 0.4185, 0.0000, 80.3116, 3.1415,-0.1629, 7.1477,-4.6799, 0.5718, 1.4355,0
 0.4166, 0.0000, 80.3839, 3.1415,-0.1841, 7.2095,-4.6799, 0.5338, 1.4355,0
 0.4145, 0.0000, 80.4593, 3.1415,-0.2005, 7.4740,-4.6799, 0.5366, 1.4355,0
 0.4123, 0.0000, 80.5378, 3.1415,-0.2159, 7.7777,-4.6799, 0.5493, 1.4355,0
 0.4099, 0.0000, 80.6195, 3.1415,-0.2372, 8.0899,-4.6799, 0.5663, 1.4355,0
 0.4073, 0.0000, 80.7012, 3.1415,-0.2535, 8.1524,-4.6799, 0.5305, 1.4355,0
 0.4046, 0.0000, 80.7860, 3.1415,-0.2690, 8.4163,-4.6799, 0.5427, 1.4355,0
 0.4017, 0.0000, 80.8708, 3.1415,-0.2842, 8.4691,-4.6799, 0.5093, 1.4355,0
 0.3989, 0.0000, 80.9557, 3.1415,-0.2811, 8.4797,-4.6799, 0.4695, 1.4355,0
 0.3960, 0.0000, 81.0436, 3.1415,-0.2866, 8.7332,-4.6799, 0.4908, 1.4355,0
 0.3933, 0.0000, 81.1284, 3.1415,-0.2756, 8.5319,-4.6799, 0.4080, 1.4355,0
 0.3906, 0.0000, 81.2164, 3.1415,-0.2734, 8.7443,-4.6799, 0.4286, 1.4355,0
 0.3880, 0.0000, 81.3012, 3.1415,-0.2608, 8.5341,-4.6799, 0.3528, 1.4355,0
 0.3856, 0.0000, 81.3861, 3.1415,-0.2461, 8.4927,-4.6799, 0.3227, 1.4355,0
 0.3834, 0.0000, 81.4677, 3.1415,-0.2250, 8.2335,-4.6799, 0.2473, 1.4355,0
 0.3815, 0.0000, 81.5494, 3.1415,-0.1965, 8.1805,-4.6799, 0.2250, 1.4355,0
 0.3798, 0.0000, 81.6280, 3.1415,-0.1727, 7.9196,-4.6799, 0.1610, 1.4355,0
 0.3786, 0.0000, 81.7033, 3.1415,-0.1315, 7.6154,-4.6799, 0.0940, 1.4355,0
 0.3776, 0.0000, 81.7788, 3.1415,-0.1051, 7.5551,-4.6799, 0.0844, 1.4355,0
 0.3770, 0.0000, 81.8479, 3.1415,-0.0695, 7.0402,-4.6799,-0.0142, 1.4355,0
 0.3767, 0.0000, 81.9170, 3.1415,-0.0381, 6.9372,-4.6799,-0.0245, 1.4355,0
 0.3767, 0.0000, 81.9830, 3.1415,-0.0076, 6.6657,-4.6799,-0.0636, 1.4355,0
 0.3770, 0.0000, 82.0458, 3.1415, 0.0227, 6.3593,-4.6799,-0.1047, 1.4355,0
 0.3774, 0.0000, 82.1055, 3.1415, 0.0348, 6.0472,-4.6799,-0.1424, 1.4355,0
 0.3780, 0.0000, 82.1620, 3.1415, 0.0554, 5.7327,-4.6799,-0.1766, 1.4355,0
 0.3788, 0.0000, 82.2186, 3.1415, 0.0777, 5.6704,-4.6799,-0.1667, 1.4355,0
 0.3797, 0.0000, 82.2688, 3.1415, 0.0883, 5.1557,-4.6799,-0.2255, 1.4355,0
 0.3807, 0.0000, 82.3160, 3.1415, 0.0964, 4.8006,-4.6799,-0.2556, 1.4355,0
 0.3819, 0.0000, 82.3631, 3.1415, 0.1102, 4.7302,-4.6799,-0.2443, 1.4355,0
 0.3831, 0.0000, 82.4039, 3.1415, 0.1190, 4.2132,-4.6799,-0.2901, 1.4355,0
 0.3844, 0.0000, 82.4448, 3.1415, 0.1268, 4.1098,-4.6799,-0.2823, 1.4355,0
 0.3857, 0.0000, 82.4825, 3.1415, 0.1284, 3.8383,-4.6799,-0.2934, 1.4355,0
 0.3870, 0.0000, 82.5139, 3.1415, 0.1348, 3.2804,-4.6799,-0.3326, 1.4355,0
 0.3883, 0.0000, 82.5453, 3.1415, 0.1300, 3.1695,-4.6799,-0.3257, 1.4355,0
 0.3896, 0.0000, 82.5736, 3.1415, 0.1290, 2.8958,-4.6799,-0.3333, 1.4355,0
 0.3908, 0.0000, 82.5987, 3.1415, 0.1228, 2.5896,-4.6799,-0.3426, 1.4355,0
 0.3920, 0.0000, 82.6207, 3.1415, 0.1215, 2.2775,-4.6799,-0.3512, 1.4355,0
 0.3932, 0.0000, 82.6395, 3.1415, 0.1152, 1.9630,-4.6799,-0.3589, 1.4355,0
 0.3942, 0.0000, 82.6553, 3.1415, 0.1079, 1.6493,-4.6799,-0.3655, 1.4355,0
 0.3952, 0.0000, 82.6678, 3.1415, 0.1004, 1.3357,-4.6799,-0.3711, 1.4355,0
 0.3962, 0.0000, 82.6772, 3.1415, 0.0989, 1.0203,-4.6799,-0.3759, 1.4355,0
 0.3971, 0.0000, 82.6867, 3.1415, 0.0925, 0.9584,-4.6799,-0.3719, 1.4355,0
 0.3980, 0.0000, 82.6898, 3.1415, 0.0912, 0.4431,-4.6799,-0.3801, 1.4355,0
 0.3988, 0.0000, 82.6898, 3.1415, 0.0849, 0.0886,-4.6799,-0.3827, 1.4355,0
 0.3997, 0.0000, 82.6867, 3.1415, 0.0836,-0.2337,-4.6799,-0.3840, 1.4355,0
 0.4004, 0.0000, 82.6835, 3.1415, 0.0713,-0.2982,-4.6799,-0.3854, 1.4355,0
 0.4010, 0.0000, 82.6741, 3.1415, 0.0688,-0.8134, 2.8482,-0.3830, 1.4355,0
 0.4016, 0.0000, 82.6647, 3.1415, 0.0622,-0.9170, 4.6799,-0.3862, 1.4355,0
 0.4022, 0.0000, 82.6490, 3.1415, 0.0548,-1.4395, 4.6799,-0.3783, 1.4355,0
 0.4027, 0.0000, 82.6301, 3.1415, 0.0534,-1.7960, 4.6799,-0.3732, 1.4355,0
 0.4032, 0.0000, 82.6113, 3.1415, 0.0531,-1.8673, 4.6799,-0.3805, 1.4355,0
 0.4038, 0.0000, 82.5893, 3.1415, 0.0530,-2.1325, 4.6799,-0.3782, 1.4355,0
 0.4042, 0.0000, 82.5610, 3.1415, 0.0469,-2.6884, 4.6799,-0.3565, 1.4355,0
 0.4047, 0.0000, 82.5327, 3.1415, 0.0457,-2.7996, 4.6799,-0.3634, 1.4355,0
 0.4052, 0.0000, 82.5013, 3.1415, 0.0515,-3.0733, 4.6799,-0.3576, 1.4355,0
 0.4057, 0.0000, 82.4668, 3.1415, 0.0467,-3.3789, 4.6799,-0.3479, 1.4355,0
 0.4062, 0.0000, 82.4259, 3.1415, 0.0517,-3.9436, 4.6799,-0.3103, 1.4355,0
 0.4067, 0.0000, 82.3882, 3.1415, 0.0527,-3.8044, 4.6799,-0.3434, 1.4355,0
 0.4073, 0.0000, 82.3411, 3.1415, 0.0530,-4.5304, 4.6799,-0.2800, 1.4355,0
 0.4079, 0.0000, 82.2971, 3.1415, 0.0651,-4.4247, 4.6799,-0.3121, 1.4355,0
 0.4086, 0.0000, 82.2469, 3.1415, 0.0676,-4.9059, 4.6799,-0.2693, 1.4355,0
 0.4095, 0.0000, 82.1934, 3.1415, 0.0802,-5.2542, 4.6799,-0.2394, 1.4355,0
 0.4104, 0.0000, 82.1369, 3.1415, 0.0888,-5.5747, 4.6799,-0.2097, 1.4355,0
 0.4114, 0.0000, 82.0803, 3.1415, 0.1026,-5.6382, 4.6799,-0.2166, 1.4355,0
 0.4126, 0.0000, 82.0207, 3.1415, 0.1175,-5.9030, 4.6799,-0.1893, 1.4355,0
 0.4139, 0.0000, 81.9547, 3.1415, 0.1265,-6.4589, 4.6799,-0.1073, 1.4355,0
 0.4154, 0.0000, 81.8887, 3.1415, 0.1405,-6.5694, 4.6799,-0.0984, 1.4355,0
 0.4170, 0.0000, 81.8227, 3.1415, 0.1614,-6.5916, 4.6799,-0.1026, 1.4355,0
 0.4189, 0.0000, 81.7505, 3.1415, 0.1778,-7.0989, 4.6799,-0.0108, 1.4355,0
 0.4208, 0.0000, 81.6782, 3.1415, 0.1932,-7.2004, 4.6799, 0.0077, 1.4355,0
 0.4229, 0.0000, 81.6028, 3.1415, 0.2084,-7.4715, 4.6799, 0.0656, 1.4355,0
 0.4252, 0.0000, 81.5243, 3.1415, 0.2235,-7.7772, 4.6799, 0.1375, 1.4355,0
 0.4275, 0.0000, 81.4489, 3.1415, 0.2266,-7.5875, 4.6799, 0.1072, 1.4355,0
 0.4299, 0.0000, 81.3672, 3.1415, 0.2393,-8.0525, 4.6799, 0.2248, 1.4355,0
 0.4323, 0.0000, 81.2887, 3.1415, 0.2418,-7.8934, 4.6799, 0.2088, 1.4355,0
 0.4348, 0.0000, 81.2070, 3.1415, 0.2424,-8.1131, 4.6799, 0.2827, 1.4355,0
 0.4372, 0.0000, 81.1284, 3.1415, 0.2425,-7.9061, 4.6799, 0.2640, 1.4355,0
 0.4395, 0.0000, 81.0468, 3.1415, 0.2364,-8.1150, 4.6799, 0.3436, 1.4355,0
 0.4417, 0.0000, 80.9651, 3.1415, 0.2231,-8.1580, 4.6799, 0.3901, 1.4355,0
 0.4439, 0.0000, 80.8865, 3.1415, 0.2144,-7.9145, 4.6799, 0.3740, 1.4355,0
 0.4457, 0.0000, 80.8080, 3.1415, 0.1883,-7.8658, 4.6799, 0.4050, 1.4355,0
 0.4474, 0.0000, 80.7326, 3.1415, 0.1710,-7.6052, 4.6799, 0.3913, 1.4355,0
 0.4486, 0.0000, 80.6604, 3.1415, 0.1372,-7.3010, 4.6799, 0.3710, 1.4355,0
 0.4497, 0.0000, 80.5881, 3.1415, 0.1123,-7.2414, 4.6799, 0.4041, 1.4355,0
 0.4505, 0.0000, 80.5158, 3.1415, 0.0831,-7.2289, 4.6799, 0.4484, 1.4355,0
 0.4508, 0.0000, 80.4499, 3.1415, 0.0469,-6.7234, 4.6799, 0.3938, 1.4355,0
 0.4510, 0.0000, 80.3870, 3.1415, 0.0215,-6.3715, 4.6799, 0.3723, 1.4355,0
 0.4509, 0.0000, 80.3242, 3.1415,-0.0017,-6.2999, 4.6799, 0.4034, 1.4355,0
 0.4505, 0.0000, 80.2645, 3.1415,-0.0306,-6.0359, 4.6799, 0.3999, 1.4355,0
 0.4501, 0.0000, 80.2080, 3.1415,-0.0425,-5.7305,-1.7861, 0.3899, 1.4355,0
 0.4494, 0.0000, 80.1545, 3.1415,-0.0630,-5.4191,-4.6799, 0.3795, 1.4355,0
 0.4486, 0.0000, 80.1043, 3.1415,-0.0793,-5.1048,-4.6799, 0.3693, 1.4355,0
 0.4477, 0.0000, 80.0540, 3.1415,-0.0886,-5.0419,-4.6799, 0.3964, 1.4355,0
 0.4466, 0.0000, 80.0100, 3.1415,-0.1026,-4.5270,-4.6799, 0.3589, 1.4355,0
 0.4454, 0.0000, 79.9661, 3.1415,-0.1175,-4.4240,-4.6799, 0.3774, 1.4355,0
 0.4442, 0.0000, 79.9283, 3.1415,-0.1205,-3.9011,-4.6799, 0.3431, 1.4355,0
 0.4429, 0.0000, 79.8907, 3.1415,-0.1271,-3.7959,-4.6799, 0.3583, 1.4355,0
 0.4415, 0.0000, 79.8561, 3.1415,-0.1345,-3.5234,-4.6799, 0.3545, 1.4355,0
 0.4402, 0.0000, 79.8247, 3.1415,-0.1299,-3.2181,-4.6799, 0.3474, 1.4355,0
 0.4389, 0.0000, 79.7964, 3.1415,-0.1351,-2.9055,-4.6799, 0.3400, 1.4355,0
 0.4375, 0.0000, 79.7713, 3.1415,-0.1361,-2.5916,-4.6799, 0.3330, 1.4355,0
 0.4362, 0.0000, 79.7493, 3.1415,-0.1303,-2.2773,-4.6799, 0.3264, 1.4355,0
 0.4350, 0.0000, 79.7304, 3.1415,-0.1230,-1.9636,-4.6799, 0.3204, 1.4355,0
 0.4338, 0.0000, 79.7116, 3.1415,-0.1216,-1.9002,-4.6799, 0.3295, 1.4355,0
 0.4326, 0.0000, 79.6990, 3.1415,-0.1213,-1.3859,-4.6799, 0.3141, 1.4355,0
 0.4314, 0.0000, 79.6896, 3.1415,-0.1152,-1.0309,-4.6799, 0.3083, 1.4355,0
 0.4302, 0.0000, 79.6802, 3.1415,-0.1200,-0.9599,-4.6799, 0.3125, 1.4355,0
 0.4291, 0.0000, 79.6770, 3.1415,-0.1149,-0.4440,-4.6799, 0.3044, 1.4355,0
 0.4279, 0.0000, 79.6739, 3.1415,-0.1139,-0.3396,-4.6799, 0.3053, 1.4355,0
 0.4269, 0.0000, 79.6770, 3.1415,-0.1076, 0.1829,-4.6799, 0.3021, 1.4355,0
 0.4258, 0.0000, 79.6802, 3.1415,-0.1064, 0.2886,-4.6799, 0.3007, 1.4355,0
 0.4248, 0.0000, 79.6865, 3.1415,-0.1001, 0.5600,-4.6799, 0.2998, 1.4355,0
 0.4239, 0.0000, 79.6990, 3.1415,-0.0988, 1.1172,-4.6799, 0.3047, 1.4355,0
 0.4229, 0.0000, 79.7116, 3.1415,-0.0925, 1.2293,-4.6799, 0.3001, 1.4355,0
 0.4220, 0.0000, 79.7273, 3.1415,-0.0912, 1.5019,-2.0490, 0.3001, 1.4355,0
 0.4211, 0.0000, 79.7461, 3.1415,-0.0910, 1.8085, 1.8466, 0.3017, 1.4355,0
 0.4203, 0.0000, 79.7681, 3.1415,-0.0849, 2.1207, 4.6799, 0.3040, 1.4355,0
 0.4195, 0.0000, 79.7933, 3.1415,-0.0776, 2.4346, 4.6799, 0.3070, 1.4355,0
 0.4187, 0.0000, 79.8215, 3.1415,-0.0822, 2.7495, 4.6799, 0.3105, 1.4355,0
 0.4179, 0.0000, 79.8530, 3.1415,-0.0831, 3.0627, 4.6799, 0.3142, 1.4355,0
 0.4170, 0.0000, 79.8844, 3.1415,-0.0833, 3.1259, 4.6799, 0.2978, 1.4355,0
 0.4162, 0.0000, 79.9221, 3.1415,-0.0833, 3.6409, 4.6799, 0.3201, 1.4355,0
 0.4153, 0.0000, 79.9629, 3.1415,-0.0894, 3.9960, 0.9462, 0.3291, 1.4355,0
 0.4144, 0.0000, 80.0037, 3.1415,-0.0906, 4.0658,-4.6799, 0.3079, 1.4355,0
 0.4134, 0.0000, 80.0477, 3.1415,-0.0969, 4.3318,-4.6799, 0.3077, 1.4355,0
 0.4123, 0.0000, 80.0980, 3.1415,-0.1042, 4.8879,-4.6799, 0.3435, 1.4355,0
 0.4111, 0.0000, 80.1483, 3.1415,-0.1178, 4.9985,-4.6799, 0.3227, 1.4355,0
 0.4098, 0.0000, 80.2017, 3.1415,-0.1327, 5.2721,-4.6799, 0.3238, 1.4355,0
 0.4083, 0.0000, 80.2551, 3.1415,-0.1417, 5.3268,-4.6799, 0.2938, 1.4355,0
 0.4067, 0.0000, 80.3148, 3.1415,-0.1556, 5.8407,-4.6799, 0.3319, 1.4355,0
 0.4050, 0.0000, 80.3776, 3.1415,-0.1705, 6.1950,-4.6799, 0.3478, 1.4355,0
 0.4030, 0.0000, 80.4404, 3.1415,-0.1917, 6.2652,-4.6799, 0.3169, 1.4355,0
 0.4010, 0.0000, 80.5064, 3.1415,-0.1960, 6.5307,-4.6799, 0.3202, 1.4355,0
 0.3989, 0.0000, 80.5724, 3.1415,-0.2089, 6.5838,-4.6799, 0.2869, 1.4355,0
 0.3966, 0.0000, 80.6415, 3.1415,-0.2236, 6.8465,-4.6799, 0.2926, 1.4355,0
 0.3944, 0.0000, 80.7137, 3.1415,-0.2266, 7.1493,-4.6799, 0.3082, 1.4355,0
 0.3919, 0.0000, 80.7860, 3.1415,-0.2393, 7.2105,-4.6799, 0.2788, 1.4355,0
 0.3894, 0.0000, 80.8583, 3.1415,-0.2479, 7.2227,-4.6799, 0.2420, 1.4355,0
 0.3869, 0.0000, 80.9337, 3.1415,-0.2557, 7.4766,-4.6799, 0.2560, 1.4355,0
 0.3844, 0.0000, 81.0091, 3.1415,-0.2512, 7.5274,-4.6799, 0.2314, 1.4355,0
 0.3818, 0.0000, 81.0845, 3.1415,-0.2564, 7.5363,-4.6799, 0.2012, 1.4355,0
 0.3794, 0.0000, 81.1599, 3.1415,-0.2392, 7.5393,-4.6799, 0.1731, 1.4355,0
 0.3771, 0.0000, 81.2353, 3.1415,-0.2358, 7.5399,-4.6799, 0.1481, 1.4355,0
 0.3750, 0.0000, 81.3075, 3.1415,-0.2169, 7.2886,-4.6799, 0.0752, 1.4355,0
 0.3730, 0.0000, 81.3798, 3.1415,-0.2010, 7.2377,-4.6799, 0.0477, 1.4355,0
 0.3712, 0.0000, 81.4520, 3.1415,-0.1857, 7.2281,-4.6799, 0.0321, 1.4355,0
 0.3696, 0.0000, 81.5211, 3.1415,-0.1644, 6.9748,-4.6799,-0.0278, 1.4355,0
 0.3682, 0.0000, 81.5903, 3.1415,-0.1420, 6.9247,-4.6799,-0.0437, 1.4355,0
 0.3670, 0.0000, 81.6562, 3.1415,-0.1254, 6.6626,-4.6799,-0.0963, 1.4355,0
 0.3661, 0.0000, 81.7191, 3.1415,-0.0978, 6.3593,-4.6799,-0.1513, 1.4355,0
 0.3655, 0.0000, 81.7788, 3.1415,-0.0680, 6.0466,-4.6799,-0.2028, 1.4355,0
 0.3651, 0.0000, 81.8384, 3.1415,-0.0439, 5.9847,-4.6799,-0.2078, 1.4355,0
 0.3650, 0.0000, 81.8950, 3.1415,-0.0148, 5.7208,-4.6799,-0.2435, 1.4355,0
 0.3651, 0.0000, 81.9484, 3.1415, 0.0030, 5.4166,-4.6799,-0.2818, 1.4355,0
 0.3653, 0.0000, 81.9987, 3.1415, 0.0188, 5.1043,-4.6799,-0.3174, 1.4355,0
 0.3657, 0.0000, 82.0489, 3.1415, 0.0340, 5.0424,-4.6799,-0.3141, 1.4355,0
 0.3663, 0.0000, 82.0929, 3.1415, 0.0492, 4.5271,-4.6799,-0.3711, 1.4355,0
 0.3669, 0.0000, 82.1369, 3.1415, 0.0583, 4.4235,-4.6799,-0.3709, 1.4355,0
 0.3675, 0.0000, 82.1777, 3.1415, 0.0662, 4.1525,-4.6799,-0.3900, 1.4355,0
 0.3683, 0.0000, 82.2154, 3.1415, 0.0738, 3.8462,-4.6799,-0.4109, 1.4355,0
 0.3691, 0.0000, 82.2500, 3.1415, 0.0814, 3.5335,-4.6799,-0.4302, 1.4355,0
 0.3700, 0.0000, 82.2814, 3.1415, 0.0829, 3.2201,-4.6799,-0.4474, 1.4355,0
 0.3709, 0.0000, 82.3097, 3.1415, 0.0893, 2.9059,-4.6799,-0.4627, 1.4355,0
 0.3718, 0.0000, 82.3380, 3.1415, 0.0906, 2.8431,-4.6799,-0.4556, 1.4355,0
 0.3727, 0.0000, 82.3599, 3.1415, 0.0908, 2.3276,-4.6799,-0.4831, 1.4355,0
 0.3735, 0.0000, 82.3819, 3.1415, 0.0848, 2.2251,-4.6799,-0.4796, 1.4355,0
 0.3744, 0.0000, 82.3976, 3.1415, 0.0836, 1.7017,-4.6799,-0.5010, 1.4355,0
 0.3752, 0.0000, 82.4133, 3.1415, 0.0834, 1.5964,-4.6799,-0.4984, 1.4355,0
 0.3760, 0.0000, 82.4259, 3.1415, 0.0773, 1.3245,-4.6799,-0.5035, 1.4355,0
 0.3766, 0.0000, 82.4353, 3.1415, 0.0700, 1.0193,-4.6799,-0.5089, 1.4355,0
 0.3773, 0.0000, 82.4416, 3.1415, 0.0685, 0.7067,-4.6799,-0.5133, 1.4355,0
 0.3780, 0.0000, 82.4448, 3.1415, 0.0682, 0.3922,-4.6799,-0.5166, 1.4355,0
 0.3787, 0.0000, 82.4479, 3.1415, 0.0682, 0.3299,-4.6799,-0.5157, 1.4355,0
 0.3794, 0.0000, 82.4448, 3.1415, 0.0682,-0.1854,-4.6799,-0.5183, 1.4355,0
 0.3800, 0.0000, 82.4385, 3.1415, 0.0621,-0.5394, 2.2702,-0.5178, 1.4355,0
 0.3806, 0.0000, 82.4322, 3.1415, 0.0609,-0.6108, 4.6799,-0.5197, 1.4355,0
 0.3812, 0.0000, 82.4196, 3.1415, 0.0606,-1.1274, 4.6799,-0.5133, 1.4355,0
 0.3818, 0.0000, 82.4071, 3.1415, 0.0606,-1.2307, 4.6799,-0.5159, 1.4355,0
 0.3823, 0.0000, 82.3882, 3.1415, 0.0545,-1.7543, 4.6799,-0.5029, 1.4355,0
 0.3829, 0.0000, 82.3694, 3.1415, 0.0533,-1.8584, 4.6799,-0.5063, 1.4355,0
 0.3834, 0.0000, 82.3474, 3.1415, 0.0531,-2.1313, 4.6799,-0.5010, 1.4355,0
 0.3840, 0.0000, 82.3222, 3.1415, 0.0591,-2.4367, 4.6799,-0.4924, 1.4355,0
 0.3845, 0.0000, 82.2940, 3.1415, 0.0542,-2.7493, 4.6799,-0.4816, 1.4355,0
 0.3851, 0.0000, 82.2626, 3.1415, 0.0593,-3.0632, 4.6799,-0.4688, 1.4355,0
 0.3857, 0.0000, 82.2280, 3.1415, 0.0603,-3.3769, 4.6799,-0.4537, 1.4355,0
 0.3864, 0.0000, 82.1934, 3.1415, 0.0666,-3.4402, 4.6799,-0.4602, 1.4355,0
 0.3871, 0.0000, 82.1526, 3.1415, 0.0679,-3.9552, 4.6799,-0.4208, 1.4355,0
 0.3879, 0.0000, 82.1118, 3.1415, 0.0742,-4.0576, 4.6799,-0.4220, 1.4355,0
 0.3887, 0.0000, 82.0678, 3.1415, 0.0815,-4.3302, 4.6799,-0.4026, 1.4355,0
 0.3896, 0.0000, 82.0207, 3.1415, 0.0890,-4.6361, 4.6799,-0.3762, 1.4355,0
 0.3906, 0.0000, 81.9704, 3.1415, 0.0966,-4.9482, 4.6799,-0.3455, 1.4355,0
 0.3916, 0.0000, 81.9201, 3.1415, 0.0981,-5.0112, 4.6799,-0.3461, 1.4355,0
 0.3927, 0.0000, 81.8636, 3.1415, 0.1105,-5.5261, 4.6799,-0.2786, 1.4355,0
 0.3939, 0.0000, 81.8070, 3.1415, 0.1191,-5.6291, 4.6799,-0.2688, 1.4355,0
 0.3952, 0.0000, 81.7505, 3.1415, 0.1269,-5.6497, 4.6799,-0.2695, 1.4355,0
 0.3966, 0.0000, 81.6876, 3.1415, 0.1405,-6.1561, 4.6799,-0.1874, 1.4355,0
 0.3982, 0.0000, 81.6248, 3.1415, 0.1493,-6.2580, 4.6799,-0.1686, 1.4355,0
 0.3998, 0.0000, 81.5620, 3.1415, 0.1572,-6.2784, 4.6799,-0.1611, 1.4355,0
 0.4015, 0.0000, 81.4960, 3.1415, 0.1708,-6.5334, 4.6799,-0.1081, 1.4355,0
 0.4033, 0.0000, 81.4269, 3.1415, 0.1797,-6.8358, 4.6799,-0.0407, 1.4355,0
 0.4051, 0.0000, 81.3578, 3.1415, 0.1814,-6.8963, 4.6799,-0.0149, 1.4355,0
 0.4070, 0.0000, 81.2918, 3.1415, 0.1818,-6.6569, 4.6799,-0.0438, 1.4355,0
 0.4088, 0.0000, 81.2195, 3.1415, 0.1818,-7.1120