 0.0000, 0.0000, 0.0000, 3.1415, 0.0000, 0.0000, 0.0000, 0.0000,-0.7180,0
 0.0000, 0.0000, 0.0000, 3.1415, 0.0000, 0.0000, 0.0000, 0.0000,-0.7180,0
 0.0000, 0.0000, 0.0000, 3.1415, 0.0000, 0.0000, 0.0000, 0.0000,-0.7180,0
 0.0000, 0.0000, 0.0000, 3.1415, 0.0000, 0.0000, 0.0000, 0.0000,-0.7180,0
 0.0000, 0.0000, 0.0000, 3.1415, 0.0000, 0.0000, 0.0000, 0.0000,-0.7180,0
 0.0000, 0.0000, 0.0000, 3.1415, 0.0000, 0.0000, 0.0000, 0.0000,-0.7180,0
 0.0000, 0.0000, 0.0000, 3.1415, 0.0000, 0.0000, 0.0000, 0.0000,-0.7180,0
 0.0000, 0.0000, 0.0000, 3.1415, 0.0000, 0.0000, 0.0000, 0.0000,-0.7180,0
 0.0000, 0.0000, 0.0000, 3.1415, 0.0000, 0.0000, 0.0000, 0.0000,-0.7180,0
 0.0000, 0.0000, 0.0000, 3.1415, 0.0000, 0.0000, 0.0000, 0.0000,-0.7180,0
 0.0000, 0.0000, 0.0000, 3.1415, 0.0000, 0.0000, 0.0000, 0.0000,-0.7180,0
 0.0000, 0.0000, 0.0000, 3.1415, 0.0000, 0.0000, 0.0000, 0.0000,-0.7180,0
 0.0000, 0.0000, 0.0000, 3.1415, 0.0000, 0.0000, 0.0000, 0.0000,-0.7180,0
 0.0000, 0.0000, 0.0000, 3.1415, 0.0000, 0.0000, 0.0000, 0.0000,-0.7180,0
 0.0000, 0.0000, 0.0000, 3.1415, 0.0000, 0.0000, 0.0000, 0.0000,-0.7180,0
 0.0000, 0.0000, 0.0000, 3.1415, 0.0000, 0.0000, 0.0000, 0.0000,-0.7180,0
 0.0000, 0.0000, 0.0000, 3.1415, 0.0000, 0.0000, 0.0000, 0.0000,-0.7180,0
 0.0000, 0.0000, 0.0000, 3.1415, 0.0000, 0.0000, 0.0000, 0.0000,-0.7180,0
 0.0000, 0.0000, 0.0000, 3.1415, 0.0000, 0.0000, 0.0000, 0.0000,-0.7180,0
 0.0000, 0.0000, 0.0000, 3.1415, 0.0000, 0.0000, 0.0000, 0.0000,-0.7180,0
 0.0000, 0.0000, 0.0000, 3.1415, 0.0000, 0.0000, 0.0000, 0.0000,-0.7180,0
 0.0000, 0.0000, 0.0000, 3.1415, 0.0000, 0.0000, 0.0000, 0.0000,-0.7180,0
 0.0000, 0.0000, 0.0000, 3.1415, 0.0000, 0.0000, 0.0000, 0.0000,-0.7180,0
 0.0000, 0.0000, 0.0000, 3.1415, 0.0000, 0.0000, 0.0000, 0.0000,-0.7180,0
 0.0000, 0.0000, 0.0000, 3.1415, 0.0000, 0.0000, 0.0000, 0.0000,-0.7180,0
 0.0000, 0.0000, 0.0000, 3.1415, 0.0000, 0.0000, 0.0000, 0.0000,-0.7180,0
 0.0000, 0.0000, 0.0000, 3.1415, 0.0000, 0.0000, 0.0000, 0.0000,-0.7180,0
 0.0000, 0.0000, 0.0000, 3.1415, 0.0000, 0.0000, 0.0000, 0.0000,-0.7180,0
 0.0000, 0.0000, 0.0000, 3.1415, 0.0000, 0.0000, 0.0000, 0.0000,-0.7180,0
 0.0000, 0.0000, 0.0000, 3.1415, 0.0000, 0.0000, 0.0000, 0.0000,-0.7180,0
 0.0000, 0.0000, 0.0000, 3.1415, 0.0000, 0.0000, 0.0000, 0.0000,-0.7180,0
 0.0000, 0.0000, 0.0000, 3.1415, 0.0000, 0.0000, 0.0000, 0.0000,-0.7180,0
 0.0000, 0.0000, 0.0000, 3.1415, 0.0000, 0.0000, 0.0000, 0.0000,-0.7180,0
 0.0000, 0.0000, 0.0000, 3.1415, 0.0000, 0.0000, 0.0000, 0.0000,-0.7180,0
 0.0000, 0.0000, 0.0000, 3.1415, 0.0000, 0.0000, 0.0000, 0.0000,-0.7180,0
 0.0000, 0.0000, 0.0000, 3.1415, 0.0000, 0.0000, 0.0000, 0.0000,-0.7180,0
 0.0000, 0.0000, 0.0000, 3.1415, 0.0000, 0.0000, 0.0000, 0.0000,-0.7180,0
 0.0000, 0.0000, 0.0000, 3.1415, 0.0000, 0.0000, 0.0000, 0.0000,-0.7180,0
 0.0000, 0.0000, 0.0000, 3.1415, 0.0000, 0.0000, 0.0000, 0.0000,-0.7180,0
 0.0000, 0.0000, 0.0000, 3.1415, 0.0000, 0.0000, 0.0000, 0.0000,-0.7180,0
 0.0000, 0.0000, 0.0000, 3.1415, 0.0000, 0.0000, 0.0000, 0.0000,-0.7180,0
 0.0000, 0.0000, 0.0000, 3.1415, 0.0000, 0.0000, 0.0000, 0.0000,-0.7180,0
 0.0000, 0.0000, 0.0000, 3.1415, 0.0000, 0.0000, 0.0000, 0.0000,-0.7180,0
 0.0000, 0.0000, 0.0000, 3.1415, 0.0000, 0.0000, 0.0000, 0.0000,-0.7180,0
 0.0000, 0.0000, 0.0000, 3.1415, 0.0000, 0.0000, 0.0000, 0.0000,-0.7180,0
 0.0000, 0.0000, 0.0000, 3.1415, 0.0000, 0.0000, 0.0000, 0.0000,-0.7180,0
 0.0000, 0.0000, 0.0000, 3.1415, 0.0000, 0.0000, 0.0000, 0.0000,-0.7180,0
 0.0000, 0.0000, 0.0000, 3.1415, 0.0000, 0.0000, 0.0000, 0.0000,-0.7180,0
 0.0000, 0.0000, 0.0000, 3.1415, 0.0000, 0.0000, 0.0000, 0.0000,-0.7180,0
 0.0000, 0.0000, 0.0000, 3.1415, 0.0000, 0.0000, 0.0000, 0.0000,-0.7180,0
 0.0000, 0.0000, 0.0000, 3.1415, 0.0000, 0.0000, 0.0000, 0.0000,-0.7180,0
 0.0000, 0.0000, 0.0000, 3.1415, 0.0000, 0.0000, 0.0000, 0.0000,-0.7180,0
 0.0000, 0.0000, 0.0000, 3.1415, 0.0000, 0.0000, 0.0000, 0.0000,-0.7180,0
 0.0000, 0.0000, 0.0000, 3.1415, 0.0000, 0.0000, 0.0000, 0.0000,-0.7180,0
 0.0000, 0.0000, 0.0000, 3.1415, 0.0000, 0.0000, 0.0000, 0.0000,-0.7180,0
 0.0000, 0.0000, 0.0000, 3.1415, 0.0000, 0.0000, 0.0000, 0.0000,-0.7180,0
 0.0000, 0.0000, 0.0000, 3.1415, 0.0000, 0.0000, 0.0000, 0.0000,-0.7180,0
 0.0000, 0.0000, 0.0000, 3.1415, 0.0000, 0.0000, 0.0000, 0.0000,-0.7180,0
 0.0000, 0.0000, 0.0000, 3.1415, 0.0000, 0.0000, 0.0000, 0.0000,-0.7180,0
 0.0000, 0.0000, 0.0000, 3.1415, 0.0000, 0.0000, 0.0000, 0.0000,-0.7180,0
 0.0000, 0.0000, 0.0000, 3.1415, 0.0000, 0.0000, 0.0000, 0.0000,-0.7180,0
 0.0000, 0.0000, 0.0000, 3.1415, 0.0000, 0.0000, 0.0000, 0.0000,-0.7180,0
 0.0000, 0.0000, 0.0000, 3.1415, 0.0000, 0.0000, 0.0000, 0.0000,-0.7180,0
 0.0000, 0.0000, 0.0000, 3.1415, 0.0000, 0.0000, 0.0000, 0.0000,-0.7180,0
 0.0000, 0.0000, 0.0000, 3.1415, 0.0000, 0.0000, 0.0000, 0.0000,-0.7180,0
 0.0000, 0.0000, 0.0000, 3.1415, 0.0000, 0.0000, 0.0000, 0.0000,-0.7180,0
 0.0000, 0.0000, 0.0000, 3.1415, 0.0000, 0.0000, 0.0000, 0.0000,-0.7180,0
 0.0000, 0.0000, 0.0000, 3.1415, 0.0000, 0.0000, 0.0000, 0.0000,-0.7180,0
 0.0000, 0.0000, 0.0000, 3.1415, 0.0000, 0.0000, 0.0000, 0.0000,-0.7180,0
 0.0000, 0.0000, 0.0000, 3.1415, 0.0000, 0.0000, 0.0000, 0.0000,-0.7180,0
 0.0000, 0.0000, 0.0000, 3.1415, 0.0000, 0.0000, 0.0000, 0.0000,-0.7180,0
 0.0000, 0.0000, 0.0000, 3.1415, 0.0000, 0.0000, 0.0000, 0.0000,-0.7180,0
 0.0000, 0.0000, 0.0000, 3.1415, 0.0000, 0.0000, 0.0000, 0.0000,-0.7180,0
 0.0000, 0.0000, 0.0000, 3.1415, 0.0000, 0.0000, 0.0000, 0.0000,-0.7180,0
 0.0000, 0.0000, 0.0000, 3.1415, 0.0000, 0.0000, 0.0000, 0.0000,-0.7180,0
 0.0000, 0.0000, 0.0000, 3.1415, 0.0000, 0.0000, 0.0000, 0.0000,-0.7180,0
 0.0000, 0.0000, 0.0000, 3.1415, 0.0000, 0.0000, 0.0000, 0.0000,-0.7180,0
 0.0000, 0.0000, 0.0000, 3.1415, 0.0000, 0.0000, 0.0000, 0.0000,-0.7180,0
 0.0000, 0.0000, 0.0000, 3.1415, 0.0000, 0.0000, 0.0000, 0.0000,-0.7180,0
 0.0000, 0.0000, 0.0000, 3.1415, 0.0000, 0.0000, 0.0000, 0.0000,-0.7180,0
 0.0000, 0.0000, 0.0000, 3.1415, 0.0000, 0.0000, 0.0000, 0.0000,-0.7180,0
 0.0000, 0.0000, 0.0000, 3.1415, 0.0000, 0.0000, 0.0000, 0.0000,-0.7180,0
 0.0000, 0.0000, 0.0000, 3.1415, 0.0000, 0.0000, 0.0000, 0.0000,-0.7180,0
 0.0000, 0.0000, 0.0000, 3.1415, 0.0000, 0.0000, 0.0000, 0.0000,-0.7180,0
 0.0000, 0.0000, 0.0000, 3.1415, 0.0000, 0.0000, 0.0000, 0.0000,-0.7180,0
 0.0000, 0.0000, 0.0000, 3.1415, 0.0000, 0.0000, 0.0000, 0.0000,-0.7180,0
 0.0000, 0.0000, 0.0000, 3.1415, 0.0000, 0.0000, 0.0000, 0.0000,-0.7180,0
 0.0000, 0.0000, 0.0000, 3.1415, 0.0000, 0.0000, 0.0000, 0.0000,-0.7180,0
 0.0000, 0.0000, 0.0000, 3.1415, 0.0000, 0.0000, 0.0000, 0.0000,-0.7180,0
 0.0000, 0.0000, 0.0000, 3.1415, 0.0000, 0.0000, 0.0000, 0.0000,-0.7180,0
 0.0000, 0.0000, 0.0000, 3.1415, 0.0000, 0.0000, 0.0000, 0.0000,-0.7180,0
 0.0000, 0.0000, 0.0000, 3.1415, 0.0000, 0.0000, 0.0000, 0.0000,-0.7180,0
 0.0000, 0.0000, 0.0000, 3.1415, 0.0000, 0.0000, 0.0000, 0.0000,-0.7180,0
 0.0000, 0.0000, 0.0000, 3.1415, 0.0000, 0.0000, 0.0000, 0.0000,-0.7180,0
 0.0000, 0.0000, 0.0000, 3.1415, 0.0000, 0.0000, 0.0000, 0.0000,-0.7180,0
 0.0000, 0.0000, 0.0000, 3.1415, 0.0000, 0.0000, 0.0000, 0.0000,-0.7180,0
 0.0000, 0.0000, 0.0000, 3.1415, 0.0000, 0.0000, 0.0000, 0.0000,-0.7180,0
 0.0000, 0.0000, 0.0000, 3.1415, 0.0000, 0.0000, 0.0000, 0.0000,-0.7180,0
 0.0000, 0.0000, 0.0000, 3.1415, 0.0000, 0.0000, 0.0000, 0.0000,-0.7180,0
 0.0000, 0.0000, 0.0000, 3.1415, 0.0000, 0.0000, 0.0000, 0.0000,-0.7180,0
 0.0000, 0.0000, 0.0000, 3.1415, 0.0000, 0.0000, 0.0000, 0.0000,-0.7180,0
 0.0000, 0.0000, 0.0000, 3.1415, 0.0000, 0.0000, 0.0000, 0.0000,-0.7180,0
 0.0000, 0.0000, 0.0000, 3.1415, 0.0000, 0.0000, 0.0000, 0.0000,-0.7180,0
 0.0000, 0.0000, 0.0000, 3.1415, 0.0000, 0.0000, 0.0000, 0.0000,-0.7180,0
 0.0000, 0.0000, 0.0000, 3.1415, 0.0000, 0.0000, 0.0000, 0.0000,-0.7180,0
 0.0000, 0.0000, 0.0000, 3.1415, 0.0000, 0.0000, 0.0000, 0.0000,-0.7180,0
 0.0000, 0.0000, 0.0000, 3.1415, 0.0000, 0.0000, 0.0000, 0.0000,-0.7180,0
 0.0000, 0.0000, 0.0000, 3.1415, 0.0000, 0.0000, 0.0000, 0.0000,-0.7180,0
 0.0000, 0.0000, 0.0000, 3.1415, 0.0000, 0.0000, 0.0000, 0.0000,-0.7180,0
 0.0000, 0.0000, 0.0000, 3.1415, 0.0000, 0.0000, 0.0000, 0.0000,-0.7180,0
 0.0000, 0.0000, 0.0000, 3.1415, 0.0000, 0.0000, 0.0000, 0.0000,-0.7180,0
 0.0000, 0.0000, 0.0000, 3.1415, 0.0000, 0.0000, 0.0000, 0.0000,-0.7180,0
 0.0000, 0.0000, 0.0000, 3.1415, 0.0000, 0.0000, 0.0000, 0.0000,-0.7180,0
 0.0000, 0.0000, 0.0000, 3.1415, 0.0000, 0.0000, 0.0000, 0.0000,-0.7180,0
 0.0000, 0.0000, 0.0000, 3.1415, 0.0000, 0.0000, 0.0000, 0.0000,-0.7180,0
 0.0000, 0.0000, 0.0000, 3.1415, 0.0000, 0.0000, 0.0000, 0.0000,-0.7180,0
 0.0000, 0.0000, 0.0000, 3.1415, 0.0000, 0.0000, 0.0000, 0.0000,-0.7180,0
 0.0000, 0.0000, 0.0000, 3.1415, 0.0000, 0.0000, 0.0000, 0.0000,-0.7180,0
 0.0000, 0.0000, 0.0000, 3.1415, 0.0000, 0.0000, 0.0000, 0.0000,-0.7180,0
 0.0000, 0.0000, 0.0000, 3.1415, 0.0000, 0.0000, 0.0000, 0.0000,-0.7180,0
 0.0000, 0.0000, 0.0000, 3.1415, 0.0000, 0.0000, 0.0000, 0.0000,-0.7180,0
 0.0000, 0.0000, 0.0000, 3.1415, 0.0000, 0.0000, 0.0000, 0.0000,-0.7180,0
 0.0000, 0.0000, 0.0000, 3.1415, 0.0000, 0.0000, 0.0000, 0.0000,-0.7180,0
 0.0000, 0.0000, 0.0000, 3.1415, 0.0000, 0.0000, 0.0000, 0.0000,-0.7180,0
 0.0000, 0.0000, 0.0000, 3.1415, 0.0000, 0.0000, 0.0000, 0.0000,-0.7180,0
 0.0000, 0.0000, 0.0000, 3.1415, 0.0000, 0.0000, 0.0000, 0.0000,-0.7180,0
 0.0000, 0.0000, 0.0000, 3.1415, 0.0000, 0.0000, 0.0000, 0.0000,-0.7180,0
 0.0000, 0.0000, 0.0000, 3.1415, 0.0000, 0.0000, 0.0000, 0.0000,-0.7180,0
 0.0000, 0.0000, 0.0000, 3.1415, 0.0000, 0.0000, 0.0000, 0.0000,-0.7180,0
 0.0000, 0.0000, 0.0000, 3.1415, 0.0000, 0.0000, 0.0000, 0.0000,-0.7180,0
 0.0000, 0.0000, 0.0000, 3.1415, 0.0000, 0.0000, 0.0000, 0.0000,-0.7180,0
 0.0000, 0.0000, 0.0000, 3.1415, 0.0000, 0.0000, 0.0000, 0.0000,-0.7180,0
 0.0000, 0.0000, 0.0000, 3.1415, 0.0000, 0.0000, 0.0000, 0.0000,-0.7180,0
 0.0000, 0.0000, 0.0000, 3.1415, 0.0000, 0.0000, 0.0000, 0.0000,-0.7180,0
 0.0000, 0.0000, 0.0000, 3.1415, 0.0000, 0.0000, 0.0000, 0.0000,-0.7180,0
 0.0000, 0.0000, 0.0000, 3.1415, 0.0000, 0.0000, 0.0000, 0.0000,-0.7180,0
 0.0000, 0.0000, 0.0000, 3.1415, 0.0000, 0.0000, 0.0000, 0.0000,-0.7180,0
 0.0000, 0.0000, 0.0000, 3.1415, 0.0000, 0.0000, 0.0000, 0.0000,-0.7180,0
 0.0000, 0.0000, 0.0000, 3.1415, 0.0000, 0.0000, 0.0000, 0.0000,-0.7180,0
 0.0000, 0.0000, 0.0000, 3.1415, 0.0000, 0.0000, 0.0000, 0.0000,-0.7180,0
 0.0000, 0.0000, 0.0000, 3.1415, 0.0000, 0.0000, 0.0000, 0.0000,-0.7180,0
 0.0000, 0.0000, 0.0000, 3.1415, 0.0000, 0.0000, 0.0000, 0.0000,-0.7180,0
 0.0000, 0.0000, 0.0000, 3.1415, 0.0000, 0.0000, 0.0000, 0.0000,-0.7180,0
 0.0000, 0.0000, 0.0000, 3.1415, 0.0000, 0.0000, 0.0000, 0.0000,-0.7180,0
 0.0000, 0.0000, 0.0000, 3.1415, 0.0000, 0.0000, 0.0000, 0.0000,-0.7180,0
 0.0000, 0.0000, 0.0000, 3.1415, 0.0000, 0.0000, 0.0000, 0.0000,-0.7180,0
 0.0000, 0.0000, 0.0000, 3.1415, 0.0000, 0.0000, 0.0000, 0.0000,-0.7180,0
 0.0000, 0.0000, 0.0000, 3.1415, 0.0000, 0.0000, 0.0000, 0.0000,-0.7180,0
 0.0000, 0.0000, 0.0000, 3.1415, 0.0000, 0.0000, 0.0000, 0.0000,-0.7180,0
 0.0000, 0.0000, 0.0000, 3.1415, 0.0000, 0.0000, 0.0000, 0.0000,-0.7180,0
 0.0000, 0.0000, 0.0000, 3.1415, 0.0000, 0.0000, 0.0000, 0.0000,-0.7180,0
 0.0000, 0.0000, 0.0000, 3.1415, 0.0000, 0.0000, 0.0000, 0.0000,-0.7180,0
 0.0000, 0.0000, 0.0000, 3.1415, 0.0000, 0.0000, 0.0000, 0.0000,-0.7180,0
 0.0000, 0.0000, 0.0000, 3.1415, 0.0000, 0.0000, 0.0000, 0.0000,-0.7180,0
 0.0000, 0.0000, 0.0000, 3.1415, 0.0000, 0.0000, 0.0000, 0.0000,-0.7180,0
 0.0000, 0.0000, 0.0000, 3.1415, 0.0000, 0.0000, 0.0000, 0.0000,-0.7180,0
 0.0000, 0.0000, 0.0000, 3.1415, 0.0000, 0.0000, 0.0000, 0.0000,-0.7180,0
 0.0000, 0.0000, 0.0000, 3.1415, 0.0000, 0.0000, 0.0000, 0.0000,-0.7180,0
 0.0000, 0.0000, 0.0000, 3.1415, 0.0000, 0.0000, 0.0000, 0.0000,-0.7180,0
 0.0000, 0.0000, 0.0000, 3.1415, 0.0000, 0.0000, 0.0000, 0.0000,-0.7180,0
 0.0000, 0.0000, 0.0000, 3.1415, 0.0000, 0.0000, 0.0000, 0.0000,-0.7180,0
 0.0000, 0.0000, 0.0000, 3.1415, 0.0000, 0.0000, 0.0000, 0.0000,-0.7180,0
 0.0000, 0.0000, 0.0000, 3.1415, 0.0000, 0.0000, 0.0000, 0.0000,-0.7180,0
 0.0000, 0.0000, 0.0000, 3.1415, 0.0000, 0.0000, 0.0000, 0.0000,-0.7180,0
 0.0000, 0.0000, 0.0000, 3.1415, 0.0000, 0.0000, 0.0000, 0.0000,-0.7180,0
 0.0000, 0.0000, 0.0000, 3.1415, 0.0000, 0.0000, 0.0000, 0.0000,-0.7180,0
 0.0000, 0.0000, 0.0000, 3.1415, 0.0000, 0.0000, 0.0000, 0.0000,-0.7180,0
 0.0000, 0.0000, 0.0000, 3.1415, 0.0000, 0.0000, 0.0000, 0.0000,-0.7180,0
 0.0000, 0.0000, 0.0000, 3.1415, 0.0000, 0.0000, 0.0000, 0.0000,-0.7180,0
 0.0000, 0.0000, 0.0000, 3.1415, 0.0000, 0.0000, 0.0000, 0.0000,-0.7180,0
 0.0000, 0.0000, 0.0000, 3.1415, 0.0000, 0.0000, 0.0000, 0.0000,-0.7180,0
 0.0000, 0.0000, 0.0000, 3.1415, 0.0000, 0.0000, 0.0000, 0.0000,-0.7180,0
 0.0000, 0.0000, 0.0000, 3.1415, 0.0000, 0.0000, 0.0000, 0.0000,-0.7180,0
 0.0000, 0.0000, 0.0000, 3.1415, 0.0000, 0.0000, 0.0000, 0.0000,-0.7180,0
 0.0000, 0.0000, 0.0000, 3.1415, 0.0000, 0.0000, 0.0000, 0.0000,-0.7180,0
 0.0000, 0.0000, 0.0000, 3.1415, 0.0000, 0.0000, 0.0000, 0.0000,-0.7180,0
 0.0000, 0.0000, 0.0000, 3.1415, 0.0000, 0.0000, 0.0000, 0.0000,-0.7180,0
 0.0000, 0.0000, 0.0000, 3.1415, 0.0000, 0.0000, 0.0000, 0.0000,-0.7180,0
 0.0000, 0.0000, 0.0000, 3.1415, 0.0000, 0.0000, 0.0000, 0.0000,-0.7180,0
 0.0000, 0.0000, 0.0000, 3.1415, 0.0000, 0.0000, 0.0000, 0.0000,-0.7180,0
 0.0000, 0.0000, 0.0000, 3.1415, 0.0000, 0.0000, 0.0000, 0.0000,-0.7180,0
 0.0000, 0.0000, 0.0000, 3.1415, 0.0060, 0.0000, 0.0000, 0.0000,-0.7180,0
 0.0001, 0.0000, 0.0000, 3.1415, 0.0072, 0.0000, 0.0000, 0.0000,-0.7180,0
 0.0002, 0.0000, 0.0000, 3.1415, 0.0075, 0.0000, 0.0000, 0.0000,-0.7180,0
 0.0003, 0.0000, 0.0000, 3.1415, 0.0136, 0.0000, 0.0000, 0.0000,-0.7180,0
 0.0005, 0.0000, 0.0000, 3.1415, 0.0148, 0.0000, 0.0000, 0.0000,-0.7180,0
 0.0006, 0.0000,-0.0031, 3.1415, 0.0150,-0.2513, 0.0000, 0.0000,-0.7180,0
 0.0009, 0.0000,-0.0031, 3.1415, 0.0212,-0.0502, 0.0000, 0.0000,-0.7180,0
 0.0010, 0.0000,-0.0031, 3.1415, 0.0163,-0.0100, 0.0000, 0.0000,-0.7180,0
 0.0012, 0.0000,-0.0031, 3.1415, 0.0214,-0.0020, 0.0000, 0.0000,-0.7180,0
 0.0015, 0.0000,-0.0031, 3.1415, 0.0224,-0.0004, 0.0000, 0.0000,-0.7180,0
 0.0017, 0.0000,-0.0062, 3.1415, 0.0226,-0.2514, 0.0000, 0.0000,-0.7180,0
 0.0018, 0.0000,-0.0062, 3.1415, 0.0166,-0.0502, 0.0000, 0.0000,-0.7180,0
 0.0021, 0.0000,-0.0062, 3.1415, 0.0215,-0.0100, 0.0000, 0.0000,-0.7180,0
 0.0023, 0.0000,-0.0062, 3.1415, 0.0224,-0.0020, 0.0000, 0.0000,-0.7180,0
 0.0025, 0.0000,-0.0062, 3.1415, 0.0166,-0.0004, 0.0000, 0.0000,-0.7180,0
 0.0026, 0.0000,-0.0062, 3.1415, 0.0154,-0.0000, 0.0000, 0.0000,-0.7180,0
 0.0028, 0.0000,-0.0062, 3.1415, 0.0152,-0.0000, 0.0000, 0.0000,-0.7180,0
 0.0029, 0.0000,-0.0062, 3.1415, 0.0151,-0.0000, 0.0000, 0.0000,-0.7180,0
 0.0029, 0.0000,-0.0062, 3.1415, 0.0030,-0.0000, 0.0000, 0.0000,-0.7180,0
 0.0029, 0.0000,-0.0062, 3.1415, 0.0006,-0.0000, 0.0000, 0.0000,-0.7180,0
 0.0029, 0.0000,-0.0062, 3.1415, 0.0001,-0.0000, 0.0000, 0.0000,-0.7180,0
 0.0029, 0.0000,-0.0062, 3.1415, 0.0000,-0.0000, 0.0000, 0.0000,-0.7180,0
 0.0029, 0.0000,-0.0062, 3.1415, 0.0000,-0.0000, 0.0000, 0.0000,-0.7180,0
 0.0029, 0.0000,-0.0062, 3.1415, 0.0000,-0.0000, 0.0000, 0.0000,-0.7180,0
 0.0029, 0.0000,-0.0062, 3.1415, 0.0000,-0.0000, 0.0000, 0.0000,-0.7180,0
 0.0028, 0.0000,-0.0062, 3.1415,-0.0060,-0.0000, 0.0000, 0.0000,-0.7180,0
 0.0028, 0.0000,-0.0031, 3.1415,-0.0012, 0.2513, 0.0000, 0.0000,-0.7180,0
 0.0028, 0.0000,-0.0031, 3.1415,-0.0063, 0.0502, 0.0000, 0.0000,-0.7180,0
 0.0027, 0.0000,-0.0031, 3.1415,-0.0073, 0.0100, 0.0000, 0.0000,-0.7180,0
 0.0027, 0.0000,-0.0031, 3.1415,-0.0014, 0.0020, 0.0000, 0.0000,-0.7180,0
 0.0026, 0.0000,-0.0031, 3.1415,-0.0063, 0.0004, 0.0000, 0.0000,-0.7180,0
 0.0026, 0.0000,-0.0031, 3.1415,-0.0012, 0.0000, 0.0000, 0.0000,-0.7180,0
 0.0026, 0.0000, 0.0000, 3.1415,-0.0002, 0.2513, 0.0000, 0.0000,-0.7180,0
 0.0027, 0.0000, 0.0000, 3.1415, 0.0060, 0.0502, 0.0000, 0.0000,-0.7180,0
 0.0027, 0.0000, 0.0000, 3.1415, 0.0012, 0.0100, 0.0000, 0.0000,-0.7180,0
 0.0027, 0.0000, 0.0000, 3.1415, 0.0002, 0.0020, 0.0000, 0.0000,-0.7180,0
 0.0026, 0.0000, 0.0000, 3.1415,-0.0060, 0.0004, 0.0000, 0.0000,-0.7180,0
 0.0026, 0.0000, 0.0000, 3.1415,-0.0012, 0.0000, 0.0000, 0.0000,-0.7180,0
 0.0026, 0.0000, 0.0000, 3.1415,-0.0002, 0.0000, 0.0000, 0.0000,-0.7180,0
 0.0026, 0.0000, 0.0031, 3.1415,-0.0000, 0.2513, 0.0000, 0.0000,-0.7180,0
 0.0026, 0.0000, 0.0031, 3.1415,-0.0000, 0.0502, 0.0000, 0.0000,-0.7180,0
 0.0026, 0.0000, 0.0031, 3.1415,-0.0000, 0.0100, 0.0000, 0.0000,-0.7180,0
 0.0026, 0.0000, 0.0031, 3.1415,-0.0000, 0.0020, 0.0000, 0.0000,-0.7180,0
 0.0026, 0.0000, 0.0031, 3.1415,-0.0000, 0.0004, 0.0000, 0.0000,-0.7180,0
 0.0026, 0.0000, 0.0031, 3.1415,-0.0000, 0.0000, 0.0000, 0.0000,-0.7180,0
 0.0026, 0.0000, 0.0031, 3.1415,-0.0000, 0.0000, 0.0000, 0.0000,-0.7180,0
 0.0026, 0.0000, 0.0062, 3.1415,-0.0000, 0.2513, 0.0000, 0.0000,-0.7180,0
 0.0026, 0.0000, 0.0062, 3.1415,-0.0000, 0.0502, 0.0000, 0.0000,-0.7180,0
 0.0026, 0.0000, 0.0062, 3.1415,-0.0000, 0.0100, 0.0000, 0.0000,-0.7180,0
 0.0026, 0.0000, 0.0062, 3.1415,-0.0000, 0.0020, 0.0000, 0.0000,-0.7180,0
 0.0026, 0.0000, 0.0062, 3.1415,-0.0000, 0.0004, 0.0000, 0.0000,-0.7180,0
 0.0026, 0.0000, 0.0062, 3.1415,-0.0000, 0.0000, 0.0000, 0.0000,-0.7180,0
 0.0026, 0.0000, 0.0062, 3.1415,-0.0000, 0.0000, 0.0000, 0.0000,-0.7180,0
 0.0026, 0.0000, 0.0062, 3.1415,-0.0000, 0.0000, 0.0000, 0.0000,-0.7180,0
 0.0026, 0.0000, 0.0062, 3.1415,-0.0000, 0.0000, 0.0000, 0.0000,-0.7180,0
 0.0026, 0.0000, 0.0062, 3.1415,-0.0000, 0.0000, 0.0000, 0.0000,-0.7180,0
 0.0026, 0.0000, 0.0094, 3.1415,-0.0000, 0.2513, 0.0000, 0.0000,-0.7180,0
 0.0026, 0.0000, 0.0094, 3.1415,-0.0000, 0.0502, 0.0000, 0.0000,-0.7180,0
 0.0026, 0.0000, 0.0094, 3.1415,-0.0000, 0.0100, 0.0000, 0.0000,-0.7180,0
 0.0026, 0.0000, 0.0094, 3.1415,-0.0000, 0.0020, 0.0000, 0.0000,-0.7180,0
 0.0026, 0.0000, 0.0094, 3.1415,-0.0000, 0.0004, 0.0000, 0.0000,-0.7180,0
 0.0026, 0.0000, 0.0094, 3.1415,-0.0000, 0.0000, 0.0000, 0.0000,-0.7180,0
 0.0026, 0.0000, 0.0094, 3.1415,-0.0000, 0.0000, 0.0000, 0.0000,-0.7180,0
 0.0026, 0.0000, 0.0094, 3.1415,-0.0000, 0.0000, 0.0000, 0.0000,-0.7180,0
 0.0026, 0.0000, 0.0094, 3.1415,-0.0000, 0.0000, 0.0000, 0.0000,-0.7180,0
 0.0026, 0.0000, 0.0094, 3.1415,-0.0000, 0.0000, 0.0000, 0.0000,-0.7180,0
 0.0026, 0.0000, 0.0094, 3.1415,-0.0000, 0.0000, 0.0000, 0.0000,-0.7180,0
 0.0026, 0.0000, 0.0094, 3.1415,-0.0000, 0.0000, 0.0000, 0.0000,-0.7180,0
 0.0026, 0.0000, 0.0094, 3.1415,-0.0000, 0.0000, 0.0000, 0.0000,-0.7180,0
 0.0026, 0.0000, 0.0094, 3.1415,-0.0000, 0.0000, 0.0000, 0.0000,-0.7180,0
 0.0026, 0.0000, 0.0094, 3.1415,-0.0000, 0.0000, 0.0000, 0.0000,-0.7180,0
 0.0026, 0.0000, 0.0094, 3.1415,-0.0000, 0.0000, 0.0000, 0.0000,-0.7180,0
 0.0026, 0.0000, 0.0062, 3.1415,-0.0000,-0.2513, 0.0000, 0.0000,-0.7180,0
 0.0026, 0.0000, 0.0062, 3.1415,-0.0000,-0.0502, 0.0000, 0.0000,-0.7180,0
 0.0026, 0.0000, 0.0062, 3.1415,-0.0000,-0.0100, 0.0000, 0.0000,-0.7180,0
 0.0026, 0.0000, 0.0062, 3.1415,-0.0000,-0.0020, 0.0000, 0.0000,-0.7180,0
 0.0026, 0.0000, 0.0062, 3.1415,-0.0000,-0.0004, 0.0000, 0.0000,-0.7180,0
 0.0026, 0.0000, 0.0062, 3.1415,-0.0000,-0.0000, 0.0000, 0.0000,-0.7180,0
 0.0026, 0.0000, 0.0062, 3.1415,-0.0000,-0.0000, 0.0000, 0.0000,-0.7180,0
 0.0026, 0.0000, 0.0062, 3.1415,-0.0000,-0.0000, 0.0000, 0.0000,-0.7180,0
 0.0026, 0.0000, 0.0062, 3.1415,-0.0000,-0.0000, 0.0000, 0.0000,-0.7180,0
 0.0026, 0.0000, 0.0062, 3.1415,-0.0000,-0.0000, 0.0000, 0.0000,-0.7180,0
 0.0026, 0.0000, 0.0031, 3.1415,-0.0000,-0.2513, 0.0000, 0.0000,-0.7180,0
 0.0026, 0.0000, 0.0031, 3.1415,-0.0000,-0.0502, 0.0000, 0.0000,-0.7180,0
 0.0026, 0.0000, 0.0031, 3.1415,-0.0000,-0.0100, 0.0000, 0.0000,-0.7180,0
 0.0026, 0.0000, 0.0031, 3.1415,-0.0000,-0.0020, 0.0000, 0.0000,-0.7180,0
 0.0026, 0.0000, 0.0031, 3.1415,-0.0000,-0.0004, 0.0000, 0.0000,-0.7180,0
 0.0026, 0.0000, 0.0031, 3.1415,-0.0000,-0.0000, 0.0000, 0.0000,-0.7180,0
 0.0026, 0.0000, 0.0031, 3.1415, 0.0000,-0.0000, 0.0000, 0.0000,-0.7180,0
 0.0026, 0.0000, 0.0000, 3.1415, 0.0000,-0.2513, 0.0000, 0.0000,-0.7180,0
 0.0026, 0.0000, 0.0000, 3.1415, 0.0000,-0.0502, 0.0000, 0.0000,-0.7180,0
 0.0026, 0.0000, 0.0000, 3.1415, 0.0000,-0.0100, 0.0000, 0.0000,-0.7180,0
 0.0026, 0.0000, 0.0000, 3.1415, 0.0000,-0.0020, 0.0000, 0.0000,-0.7180,0
 0.0026, 0.0000, 0.0000, 3.1415, 0.0000,-0.0004, 0.0000, 0.0000,-0.7180,0
 0.0026, 0.0000, 0.0000, 3.1415, 0.0000,-0.0000, 0.0000, 0.0000,-0.7180,0
 0.0026, 0.0000, 0.0000, 3.1415, 0.0000,-0.0000, 0.0000, 0.0000,-0.7180,0
 0.0026, 0.0000, 0.0000, 3.1415, 0.0000,-0.0000, 0.0000, 0.0000,-0.7180,0
 0.0026, 0.0000,-0.0031, 3.1415, 0.0000,-0.2513, 0.0000, 0.0000,-0.7180,0
 0.0026, 0.0000,-0.0031, 3.1415, 0.0000,-0.0502, 0.0000, 0.0000,-0.7180,0
 0.0026, 0.0000,-0.0031, 3.1415, 0.0000,-0.0100, 0.0000, 0.0000,-0.7180,0
 0.0026, 0.0000,-0.0031, 3.1415, 0.0000,-0.0020, 0.0000, 0.0000,-0.7180,0
 0.0026, 0.0000,-0.0031, 3.1415, 0.0000,-0.0004, 0.0000, 0.0000,-0.7180,0
 0.0026, 0.0000,-0.0031, 3.1415, 0.0000,-0.0000, 0.0000, 0.0000,-0.7180,0
 0.0026, 0.0000,-0.0031, 3.1415, 0.0000,-0.0000, 0.0000, 0.0000,-0.7180,0
 0.0026, 0.0000,-0.0031, 3.1415, 0.0000,-0.0000, 0.0000, 0.0000,-0.7180,0
 0.0026, 0.0000,-0.0062, 3.1415, 0.0000,-0.2513, 0.0000, 0.0000,-0.7180,0
 0.0026, 0.0000,-0.0062, 3.1415, 0.0000,-0.0502, 0.0000, 0.0000,-0.7180,0
 0.0026, 0.0000,-0.0062, 3.1415, 0.0000,-0.0100, 0.0000, 0.0000,-0.7180,0
 0.0026, 0.0000,-0.0062, 3.1415, 0.0000,-0.0020, 0.0000, 0.0000,-0.7180,0
 0.0026, 0.0000,-0.0062, 3.1415, 0.0000,-0.0004, 0.0000, 0.0000,-0.7180,0
 0.0026, 0.0000,-0.0062, 3.1415, 0.0000,-0.0000, 0.0000, 0.0000,-0.7180,0
 0.0026, 0.0000,-0.0062, 3.1415, 0.0000,-0.0000, 0.0000, 0.0000,-0.7180,0
 0.0026, 0.0000,-0.0062, 3.1415, 0.0000,-0.0000, 0.0000, 0.0000,-0.7180,0
 0.0026, 0.0000,-0.0062, 3.1415, 0.0000,-0.0000, 0.0000, 0.0000,-0.7180,0
 0.0026, 0.0000,-0.0062, 3.1415, 0.0000,-0.0000, 0.0000, 0.0000,-0.7180,0
 0.0026, 0.0000,-0.0062, 3.1415, 0.0000,-0.0000, 0.0000, 0.0000,-0.7180,0
 0.0026, 0.0000,-0.0062, 3.1415, 0.0000,-0.0000, 0.0000, 0.0000,-0.7180,0
 0.0026, 0.0000,-0.0062, 3.1415, 0.0000,-0.0000, 0.0000, 0.0000,-0.7180,0
 0.0026, 0.0000,-0.0062, 3.1415, 0.0000,-0.0000, 0.0000, 0.0000,-0.7180,0
 0.0026, 0.0000,-0.0062, 3.1415, 0.0000,-0.0000, 0.0000, 0.0000,-0.7180,0
 0.0026, 0.0000,-0.0062, 3.1415, 0.0000,-0.0000, 0.0000, 0.0000,-0.7180,0
 0.0026, 0.0000,-0.0062, 3.1415, 0.0000,-0.0000, 0.0000, 0.0000,-0.7180,0
 0.0026, 0.0000,-0.0062, 3.1415, 0.0000,-0.0000, 0.0000, 0.0000,-0.7180,0
 0.0026, 0.0000,-0.0062, 3.1415, 0.0000,-0.0000, 0.0000, 0.0000,-0.7180,0
 0.0026, 0.0000,-0.0062, 3.1415, 0.0000,-0.0000, 0.0000, 0.0000,-0.7180,0
 0.0026, 0.0000,-0.0062, 3.1415, 0.0000,-0.0000, 0.0000, 0.0000,-0.7180,0
 0.0026, 0.0000,-0.0062, 3.1415, 0.0000,-0.0000, 0.0000, 0.0000,-0.7180,0
 0.0026, 0.0000,-0.0062, 3.1415, 0.0000,-0.0000, 0.0000, 0.0000,-0.7180,0
 0.0026, 0.0000,-0.0062, 3.1415, 0.0000,-0.0000, 0.0000, 0.0000,-0.7180,0
 0.0026, 0.0000,-0.0062, 3.1415, 0.0000,-0.0000, 0.0000, 0.0000,-0.7180,0
 0.0026, 0.0000,-0.0062, 3.1415, 0.0000,-0.0000, 0.0000, 0.0000,-0.7180,0
 0.0026, 0.0000,-0.0062, 3.1415, 0.0000,-0.0000, 0.0000, 0.0000,-0.7180,0
 0.0026, 0.0000,-0.0062, 3.1415, 0.0000,-0.0000, 0.0000, 0.0000,-0.7180,0
 0.0026, 0.0000,-0.0062, 3.1415, 0.0000,-0.0000, 0.0000, 0.0000,-0.7180,0
 0.0026, 0.0000,-0.0062, 3.1415, 0.0000,-0.0000, 0.0000, 0.0000,-0.7180,0
 0.0026, 0.0000,-0.0062, 3.1415, 0.0000,-0.0000, 0.0000, 0.0000,-0.7180,0
 0.0026, 0.0000,-0.0062, 3.1415, 0.0000,-0.0000, 0.0000, 0.0000,-0.7180,0
 0.0026, 0.0000,-0.0031, 3.1415, 0.0000, 0.2513, 0.0000, 0.0000,-0.7180,0
 0.0026, 0.0000,-0.0031, 3.1415, 0.0000, 0.0502, 0.0000, 0.0000,-0.7180,0
 0.0026, 0.0000,-0.0031, 3.1415, 0.0000, 0.0100, 0.0000, 0.0000,-0.7180,0
 0.0026, 0.0000,-0.0031, 3.1415, 0.0000, 0.0020, 0.0000, 0.0000,-0.7180,0
 0.0026, 0.0000,-0.0031, 3.1415, 0.0000, 0.0004, 0.0000, 0.0000,-0.7180,0
 0.0026, 0.0000,-0.0031, 3.1415, 0.0000, 0.0000, 0.0000, 0.0000,-0.7180,0
 0.0026, 0.0000,-0.0031, 3.1415, 0.0000, 0.0000, 0.0000, 0.0000,-0.7180,0
 0.0026, 0.0000,-0.0031, 3.1415, 0.0000, 0.0000, 0.0000, 0.0000,-0.7180,0
 0.0026, 0.0000, 0.0000, 3.1415, 0.0000, 0.2513, 0.0000, 0.0000,-0.7180,0
 0.0026, 0.0000, 0.0000, 3.1415, 0.0000, 0.0502, 0.0000, 0.0000,-0.7180,0
 0.0026, 0.0000, 0.0000, 3.1415, 0.0000, 0.0100, 0.0000, 0.0000,-0.7180,0
 0.0026, 0.0000, 0.0000, 3.1415, 0.0000, 0.0020, 0.0000, 0.0000,-0.7180,0
 0.0026, 0.0000, 0.0000, 3.1415, 0.0000, 0.0004, 0.0000, 0.0000,-0.7180,0
 0.0026, 0.0000, 0.0000, 3.1415, 0.0000, 0.0000, 0.0000, 0.0000,-0.7180,0
 0.0026, 0.0000, 0.0000, 3.1415, 0.0000, 0.0000, 0.0000, 0.0000,-0.7180,0
 0.0026, 0.0000, 0.0031, 3.1415, 0.0000, 0.2513, 0.0000, 0.0000,-0.7180,0
 0.0026, 0.0000, 0.0031, 3.1415, 0.0000, 0.0502, 0.0000, 0.0000,-0.7180,0
 0.0026, 0.0000, 0.0031, 3.1415, 0.0000, 0.0100, 0.0000, 0.0000,-0.7180,0
 0.0026, 0.0000, 0.0031, 3.1415, 0.0000, 0.0020, 0.0000, 0.0000,-0.7180,0
 0.0026, 0.0000, 0.0031, 3.1415, 0.0000, 0.0004, 0.0000, 0.0000,-0.7180,0
 0.0026, 0.0000, 0.0031, 3.1415, 0.0000, 0.0000, 0.0000, 0.0000,-0.7180,0
 0.0026, 0.0000, 0.0031, 3.1415, 0.0000, 0.0000, 0.0000, 0.0000,-0.7180,0
 0.0026, 0.0000, 0.0031, 3.1415, 0.0000, 0.0000, 0.0000, 0.0000,-0.7180,0
 0.0026, 0.0000, 0.0062, 3.1415, 0.0000, 0.2513, 0.0000, 0.0000,-0.7180,0
 0.0026, 0.0000, 0.0062, 3.1415, 0.0000, 0.0502, 0.0000, 0.0000,-0.7180,0
 0.0026, 0.0000, 0.0062, 3.1415, 0.0000, 0.0100, 0.0000, 0.0000,-0.7180,0
 0.0026, 0.0000, 0.0062, 3.1415, 0.0000, 0.0020, 0.0000, 0.0000,-0.7180,0
 0.0026, 0.0000, 0.0062, 3.1415, 0.0000, 0.0004, 0.0000, 0.0000,-0.7180,0
 0.0026, 0.0000, 0.0062, 3.1415, 0.0000, 0.0000, 0.0000, 0.0000,-0.7180,0
 0.0026, 0.0000, 0.0062, 3.1415, 0.0000, 0.0000, 0.0000, 0.0000,-0.7180,0
 0.0026, 0.0000, 0.0062, 3.1415, 0.0000, 0.0000, 0.0000, 0.0000,-0.7180,0
 0.0026, 0.0000, 0.0062, 3.1415, 0.0000, 0.0000, 0.0000, 0.0000,-0.7180,0
 0.0026, 0.0000, 0.0062, 3.1415, 0.0000, 0.0000, 0.0000, 0.0000,-0.7180,0
 0.0026, 0.0000, 0.0062, 3.1415, 0.0000, 0.0000, 0.0000, 0.0000,-0.7180,0
 0.0026, 0.0000, 0.0062, 3.1415, 0.0000, 0.0000, 0.0000, 0.0000,-0.7180,0
 0.0026, 0.0000, 0.0062, 3.1415, 0.0000, 0.0000, 0.0000, 0.0000,-0.7180,0
 0.0026, 0.0000, 0.0062, 3.1415, 0.0000, 0.0000, 0.0000, 0.0000,-0.7180,0
 0.0026, 0.0000, 0.0094, 3.1415, 0.0000, 0.2513, 0.0000, 0.0000,-0.7180,0
 0.0026, 0.0000, 0.0094, 3.1415, 0.0000, 0.0502, 0.0000, 0.0000,-0.7180,0
 0.0026, 0.0000, 0.0094, 3.1415, 0.0000, 0.0100, 0.0000, 0.0000,-0.7180,0
 0.0026, 0.0000, 0.0094, 3.1415, 0.0000, 0.0020, 0.0000, 0.0000,-0.7180,0
 0.0026, 0.0000, 0.0094, 3.1415, 0.0000, 0.0004, 0.0000, 0.0000,-0.7180,0
 0.0026, 0.0000, 0.0094, 3.1415, 0.0000, 0.0000, 0.0000, 0.0000,-0.7180,0
 0.0026, 0.0000, 0.0094, 3.1415, 0.0000, 0.0000, 0.0000, 0.0000,-0.7180,0
 0.0026, 0.0000, 0.0094, 3.1415, 0.0000, 0.0000, 0.0000, 0.0000,-0.7180,0
 0.0026, 0.0000, 0.0062, 3.1415, 0.0000,-0.2513, 0.0000, 0.0000,-0.7180,0
 0.0026, 0.0000, 0.0062, 3.1415, 0.0000,-0.0502, 0.0000, 0.0000,-0.7180,0
 0.0026, 0.0000, 0.0062, 3.1415, 0.0000,-0.0100, 0.0000, 0.0000,-0.7180,0
 0.0026, 0.0000, 0.0062, 3.1415, 0.0000,-0.0020, 0.0000, 0.0000,-0.7180,0
 0.0026, 0.0000, 0.0062, 3.1415, 0.0000,-0.0004, 0.0000, 0.0000,-0.7180,0
 0.0026, 0.0000, 0.0062, 3.1415, 0.0000,-0.0000, 0.0000, 0.0000,-0.7180,0
 0.0026, 0.0000, 0.0062, 3.1415, 0.0000,-0.0000, 0.0000, 0.0000,-0.7180,0
 0.0026, 0.0000, 0.0062, 3.1415, 0.0000,-0.0000, 0.0000, 0.0000,-0.7180,0
 0.0026, 0.0000, 0.0062, 3.1415, 0.0000,-0.0000, 0.0000, 0.0000,-0.7180,0
 0.0026, 0.0000, 0.0062, 3.1415, 0.0000,-0.0000, 0.0000, 0.0000,-0.7180,0
 0.0026, 0.0000, 0.0062, 3.1415, 0.0000,-0.0000, 0.0000, 0.0000,-0.7180,0
 0.0026, 0.0000, 0.0062, 3.1415, 0.0000,-0.0000, 0.0000, 0.0000,-0.7180,0
 0.0026, 0.0000, 0.0062, 3.1415, 0.0000,-0.0000, 0.0000, 0.0000,-0.7180,0
 0.0026, 0.0000, 0.0031, 3.1415, 0.0000,-0.2513, 0.0000, 0.0000,-0.7180,0
 0.0026, 0.0000, 0.0031, 3.1415, 0.0000,-0.0502, 0.0000, 0.0000,-0.7180,0
 0.0026, 0.0000, 0.0031, 3.1415, 0.0000,-0.0100, 0.0000, 0.0000,-0.7180,0
 0.0026, 0.0000, 0.0031, 3.1415, 0.0000,-0.0020, 0.0000, 0.0000,-0.7180,0
 0.0026, 0.0000, 0.0031, 3.1415, 0.0000,-0.0004, 0.0000, 0.0000,-0.7180,0
 0.0026, 0.0000, 0.0031, 3.1415, 0.0000,-0.0000, 0.0000, 0.0000,-0.7180,0
 0.0026, 0.0000, 0.0031, 3.1415, 0.0000,-0.0000, 0.0000, 0.0000,-0.7180,0
 0.0026, 0.0000, 0.0031, 3.1415, 0.0000,-0.0000, 0.0000, 0.0000,-0.7180,0
 0.0026, 0.0000, 0.0000, 3.1415, 0.0000,-0.2513, 0.0000, 0.0000,-0.7180,0
 0.0026, 0.0000, 0.0000, 3.1415, 0.0000,-0.0502, 0.0000, 0.0000,-0.7180,0
 0.0026, 0.0000, 0.0000, 3.1415, 0.0000,-0.0100, 0.0000, 0.0000,-0.7180,0
 0.0026, 0.0000, 0.0000, 3.1415, 0.0000,-0.0020, 0.0000, 0.0000,-0.7180,0
 0.0026, 0.0000, 0.0000, 3.1415, 0.0000,-0.0004, 0.0000, 0.0000,-0.7180,0
 0.0026, 0.0000, 0.0000, 3.1415, 0.0000,-0.0000, 0.0000, 0.0000,-0.7180,0
 0.0026, 0.0000, 0.0000, 3.1415, 0.0000,-0.0000, 0.0000, 0.0000,-0.7180,0
 0.0026, 0.0000,-0.0031, 3.1415, 0.0000,-0.2513, 0.0000, 0.0000,-0.7180,0
 0.0026, 0.0000,-0.0031, 3.1415, 0.0000,-0.0502, 0.0000, 0.0000,-0.7180,0
 0.0026, 0.0000,-0.0031, 3.1415, 0.0000,-0.0100, 0.0000, 0.0000,-0.7180,0
 0.0026, 0.0000,-0.0031, 3.1415, 0.0000,-0.0020, 0.0000, 0.0000,-0.7180,0
 0.0026, 0.0000,-0.0031, 3.1415, 0.0000,-0.0004, 0.0000, 0.0000,-0.7180,0
 0.0026, 0.0000,-0.0031, 3.1415, 0.0000,-0.0000, 0.0000, 0.0000,-0.7180,0
 0.0026, 0.0000,-0.0031, 3.1415, 0.0000,-0.0000, 0.0000, 0.0000,-0.7180,0
 0.0026, 0.0000,-0.0031, 3.1415, 0.0000,-0.0000, 0.0000, 0.0000,-0.7180,0
 0.0026, 0.0000,-0.0031, 3.1415, 0.0000,-0.0000, 0.0000, 0.0000,-0.7180,0
 0.0026, 0.0000,-0.0062, 3.1415, 0.0000,-0.2513, 0.0000, 0.0000,-0.7180,0
 0.0026, 0.0000,-0.0062, 3.1415, 0.0000,-0.0502, 0.0000, 0.0000,-0.7180,0
 0.0026, 0.0000,-0.0062, 3.1415, 0.0000,-0.0100, 0.0000, 0.0000,-0.7180,0
 0.0026, 0.0000,-0.0062, 3.1415, 0.0000,-0.0020, 0.0000, 0.0000,-0.7180,0
 0.0026, 0.0000,-0.0062, 3.1415, 0.0000,-0.0004, 0.0000, 0.0000,-0.7180,0
 0.0026, 0.0000,-0.0062, 3.1415, 0.0000,-0.0000, 0.0000, 0.0000,-0.7180,0
 0.0026, 0.0000,-0.0062, 3.1415, 0.0000,-0.0000, 0.0000, 0.0000,-0.7180,0
 0.0026, 0.0000,-0.0062, 3.1415, 0.0000,-0.0000, 0.0000, 0.0000,-0.7180,0
 0.0026, 0.0000,-0.0062, 3.1415, 0.0000,-0.0000, 0.0000, 0.0000,-0.7180,0
 0.0026, 0.0000,-0.0062, 3.1415, 0.0000,-0.0000, 0.0000, 0.0000,-0.7180,0
 0.0026, 0.0000,-0.0062, 3.1415, 0.0000,-0.0000, 0.0000, 0.0000,-0.7180,0
 0.0026, 0.0000,-0.0062, 3.1415, 0.0000,-0.0000, 0.0000, 0.0000,-0.7180,0
 0.0026, 0.0000,-0.0062, 3.1415, 0.0000,-0.0000, 0.0000, 0.0000,-0.7180,0
 0.0026, 0.0000,-0.0062, 3.1415, 0.0000,-0.0000, 0.0000, 0.0000,-0.7180,0
 0.0026, 0.0000,-0.0062, 3.1415, 0.0000,-0.0000, 0.0000, 0.0000,-0.7180,0
 0.0026, 0.0000,-0.0062, 3.1415, 0.0000,-0.0000, 0.0000, 0.0000,-0.7180,0
 0.0026, 0.0000,-0.0062, 3.1415, 0.0000,-0.0000, 0.0000, 0.0000,-0.7180,0
 0.0026, 0.0000,-0.0062, 3.1415, 0.0000,-0.0000, 0.0000, 0.0000,-0.7180,0
 0.0026, 0.0000,-0.0062, 3.1415, 0.0000,-0.0000, 0.0000, 0.0000,-0.7180,0
 0.0026, 0.0000,-0.0062, 3.1415, 0.0000,-0.0000, 0.0000, 0.0000,-0.7180,0
 0.0026, 0.0000,-0.0062, 3.1415, 0.0000,-0.0000, 0.0000, 0.0000,-0.7180,0
 0.0026, 0.0000,-0.0062, 3.1415, 0.0000,-0.0000, 0.0000, 0.0000,-0.7180,0
 0.0026, 0.0000,-0.0062, 3.1415, 0.0000,-0.0000, 0.0000, 0.0000,-0.7180,0
 0.0026, 0.0000,-0.0062, 3.1415, 0.0000,-0.0000, 0.0000, 0.0000,-0.7180,0
 0.0026, 0.0000,-0.0062, 3.1415, 0.0000,-0.0000, 0.0000, 0.0000,-0.7180,0
 0.0026, 0.0000,-0.0062, 3.1415, 0.0000,-0.0000, 0.0000, 0.0000,-0.7180,0
 0.0026, 0.0000,-0.0062, 3.1415, 0.0000,-0.0000, 0.0000, 0.0000,-0.7180,0
 0.0026, 0.0000,-0.0062, 3.1415, 0.0000,-0.0000, 0.0000, 0.0000,-0.7180,0
 0.0026, 0.0000,-0.0062, 3.1415, 0.0000,-0.0000, 0.0000, 0.0000,-0.7180,0
 0.0026, 0.0000,-0.0062, 3.1415, 0.0000,-0.0000, 0.0000, 0.0000,-0.7180,0
 0.0026, 0.0000,-0.0031, 3.1415, 0.0000, 0.2513, 0.0000, 0.0000,-0.7180,0
 0.0026, 0.0000,-0.0031, 3.1415, 0.0000, 0.0502, 0.0000, 0.0000,-0.7180,0
 0.0026, 0.0000,-0.0031, 3.1415, 0.0000, 0.0100, 0.0000, 0.0000,-0.7180,0
 0.0026, 0.0000,-0.0031, 3.1415, 0.0000, 0.0020, 0.0000, 0.0000,-0.7180,0
 0.0026, 0.0000,-0.0031, 3.1415, 0.0000, 0.0004, 0.0000, 0.0000,-0.7180,0
 0.0026, 0.0000,-0.0031, 3.1415, 0.0000, 0.0000, 0.0000, 0.0000,-0.7180,0
 0.0026, 0.0000,-0.0031, 3.1415, 0.0000, 0.0000, 0.0000, 0.0000,-0.7180,0
 0.0026, 0.0000,-0.0031, 3.1415, 0.0000, 0.0000, 0.0000, 0.0000,-0.7180,0
 0.0026, 0.0000,-0.0031, 3.1415, 0.0000, 0.0000, 0.0000, 0.0000,-0.7180,0
 0.0026, 0.0000, 0.0000, 3.1415, 0.0000, 0.2513, 0.0000, 0.0000,-0.7180,0
 0.0026, 0.0000, 0.0000, 3.1415, 0.0000, 0.0502, 0.0000, 0.0000,-0.7180,0
 0.0026, 0.0000, 0.0000, 3.1415, 0.0000, 0.0100, 0.0000, 0.0000,-0.7180,0
 0.0026, 0.0000, 0.0000, 3.1415, 0.0000, 0.0020, 0.0000, 0.0000,-0.7180,0
 0.0026, 0.0000, 0.0000, 3.1415, 0.0000, 0.0004, 0.0000, 0.0000,-0.7180,0
 0.0026, 0.0000, 0.0000, 3.1415, 0.0000, 0.0000, 0.0000, 0.0000,-0.7180,0
 0.0026, 0.0000, 0.0000, 3.1415, 0.0000, 0.0000, 0.0000, 0.0000,-0.7180,0
 0.0026, 0.0000, 0.0000, 3.1415, 0.0000, 0.0000, 0.0000, 0.0000,-0.7180,0
 0.0026, 0.0000, 0.0031, 3.1415, 0.0000, 0.2513, 0.0000, 0.0000,-0.7180,0
 0.0026, 0.0000, 0.0031, 3.1415, 0.0000, 0.0502, 0.0000, 0.0000,-0.7180,0
 0.0026, 0.0000, 0.0031, 3.1415, 0.0000, 0.0100, 0.0000, 0.0000,-0.7180,0
 0.0026, 0.0000, 0.0031, 3.1415, 0.0000, 0.0020, 0.0000, 0.0000,-0.7180,0
 0.0026, 0.0000, 0.0031, 3.1415, 0.0000, 0.0004, 0.0000, 0.0000,-0.7180,0
 0.0026, 0.0000, 0.0031, 3.1415, 0.0000, 0.0000, 0.0000, 0.0000,-0.7180,0
 0.0026, 0.0000, 0.0031, 3.1415, 0.0000, 0.0000, 0.0000, 0.0000,-0.7180,0
 0.0026, 0.0000, 0.0031, 3.1415, 0.0000, 0.0000, 0.0000, 0.0000,-0.7180,0
 0.0026, 0.0000, 0.0031, 3.1415, 0.0000, 0.0000, 0.0000, 0.0000,-0.7180,0
 0.0026, 0.0000, 0.0062, 3.1415, 0.0000, 0.2513, 0.0000, 0.0000,-0.7180,0
 0.0026, 0.0000, 0.0062, 3.1415, 0.0000, 0.0502, 0.0000, 0.0000,-0.7180,0
 0.0026, 0.0000, 0.0062, 3.1415, 0.0000, 0.0100, 0.0000, 0.0000,-0.7180,0
 0.0026, 0.0000, 0.0062, 3.1415, 0.0000, 0.0020, 0.0000, 0.0000,-0.7180,0
 0.0026, 0.0000, 0.0062, 3.1415, 0.0000, 0.0004, 0.0000, 0.0000,-0.7180,0
 0.0026, 0.0000, 0.0062, 3.1415, 0.0000, 0.0000, 0.0000, 0.0000,-0.7180,0
 0.0026, 0.0000, 0.0062, 3.1415, 0.0000, 0.0000, 0.0000, 0.0000,-0.7180,0
 0.0026, 0.0000, 0.0062, 3.1415, 0.0000, 0.0000, 0.0000, 0.0000,-0.7180,0
 0.0026, 0.0000, 0.0062, 3.1415, 0.0000, 0.0000, 0.0000, 0.0000,-0.7180,0
 0.0026, 0.0000, 0.0062, 3.1415, 0.0000, 0.0000, 0.0000, 0.0000,-0.7180,0
 0.0026, 0.0000, 0.0062, 3.1415, 0.0000, 0.0000, 0.0000, 0.0000,-0.7180,0
 0.0026, 0.0000, 0.0062, 3.1415, 0.0000, 0.0000, 0.0000, 0.0000,-0.7180,0
 0.0026, 0.0000, 0.0062, 3.1415, 0.0000, 0.0000, 0.0000, 0.0000,-0.7180,0
 0.0026, 0.0000, 0.0062, 3.1415, 0.0000, 0.0000, 0.0000, 0.0000,-0.7180,0
 0.0026, 0.0000, 0.0062, 3.1415, 0.0000, 0.0000, 0.0000, 0.0000,-0.7180,0
 0.0026, 0.0000, 0.0062, 3.1415, 0.0000, 0.0000, 0.0000, 0.0000,-0.7180,0
 0.0026, 0.0000, 0.0062, 3.1415, 0.0000, 0.0000, 0.0000, 0.0000,-0.7180,0
 0.0026, 0.0000, 0.0062, 3.1415, 0.0000, 0.0000, 0.0000, 0.0000,-0.7180,0
 0.0026, 0.0000, 0.0062, 3.1415, 0.0000, 0.0000, 0.0000, 0.0000,-0.7180,0
 0.0026, 0.0000, 0.0062, 3.1415, 0.0000, 0.0000, 0.0000, 0.0000,-0.7180,0
 0.0026, 0.0000, 0.0062, 3.1415, 0.0000, 0.0000, 0.0000, 0.0000,-0.7180,0
 0.0026, 0.0000, 0.0062, 3.1415, 0.0000, 0.0000, 0.0000, 0.0000,-0.7180,0
 0.0026, 0.0000, 0.0062, 3.1415, 0.0000, 0.0000, 0.0000, 0.0000,-0.7180,0
 0.0026, 0.0000, 0.0062, 3.1415, 0.0000, 0.0000, 0.0000, 0.0000,-0.7180,0
 0.0026, 0.0000, 0.0062, 3.1415, 0.0000, 0.0000, 0.0000, 0.0000,-0.7180,0
 0.0026, 0.0000, 0.0062, 3.1415, 0.0000, 0.0000, 0.0000, 0.0000,-0.7180,0
 0.0026, 0.0000, 0.0062, 3.1415, 0.0000, 0.0000, 0.0000, 0.0000,-0.7180,0
 0.0026, 0.0000, 0.0062, 3.1415, 0.0000, 0.0000, 0.0000, 0.0000,-0.7180,0
 0.0026, 0.0000, 0.0062, 3.1415, 0.0000, 0.0000, 0.0000, 0.0000,-0.7180,0
 0.0026, 0.0000, 0.0062, 3.1415, 0.0000, 0.0000, 0.0000, 0.0000,-0.7180,0
 0.0026, 0.0000, 0.0062, 3.1415, 0.0000, 0.0000, 0.0000, 0.0000,-0.7180,0
 0.0026, 0.0000, 0.0062, 3.1415, 0.0000, 0.0000, 0.0000, 0.0000,-0.7180,0
 0.0026, 0.0000, 0.0031, 3.1415, 0.0000,-0.2513, 0.0000, 0.0000,-0.7180,0
 0.0026, 0.0000, 0.0031, 3.1415, 0.0000,-0.0502, 0.0000, 0.0000,-0.7180,0
 0.0026, 0.0000, 0.0031, 3.1415, 0.0000,-0.0100, 0.0000, 0.0000,-0.7180,0
 0.0026, 0.0000, 0.0031, 3.1415, 0.0000,-0.0020, 0.0000, 0.0000,-0.7180,0
 0.0026, 0.0000, 0.0031, 3.1415, 0.0000,-0.0004, 0.0000, 0.0000,-0.7180,0
 0.0026, 0.0000, 0.0031, 3.1415, 0.0000,-0.0000, 0.0000, 0.0000,-0.7180,0
 0.0026, 0.0000, 0.0031, 3.1415, 0.0000,-0.0000, 0.0000, 0.0000,-0.7180,0
 0.0026, 0.0000, 0.0031, 3.1415, 0.0000,-0.0000, 0.0000, 0.0000,-0.7180,0
 0.0026, 0.0000, 0.0031, 3.1415, 0.0000,-0.0000, 0.0000, 0.0000,-0.7180,0
 0.0026, 0.0000, 0.0000, 3.1415, 0.0000,-0.2513, 0.0000, 0.0000,-0.7180,0
 0.0026, 0.0000, 0.0000, 3.1415, 0.0000,-0.0502, 0.0000, 0.0000,-0.7180,0
 0.0026, 0.0000, 0.0000, 3.1415, 0.0000,-0.0100, 0.0000, 0.0000,-0.7180,0
 0.0026, 0.0000, 0.0000, 3.1415, 0.0000,-0.0020, 0.0000, 0.0000,-0.7180,0
 0.0026, 0.0000, 0.0000, 3.1415, 0.0000,-0.0004, 0.0000, 0.0000,-0.7180,0
 0.0026, 0.0000, 0.0000, 3.1415, 0.0000,-0.0000, 0.0000, 0.0000,-0.7180,0
 0.0026, 0.0000, 0.0000, 3.1415, 0.0000,-0.0000, 0.0000, 0.0000,-0.7180,0
 0.0026, 0.0000, 0.0000, 3.1415, 0.0000,-0.0000, 0.0000, 0.0000,-0.7180,0
 0.0026, 0.0000,-0.0031, 3.1415, 0.0000,-0.2513, 0.0000, 0.0000,-0.7180,0
 0.0026, 0.0000,-0.0031, 3.1415, 0.0000,-0.0502, 0.0000, 0.0000,-0.7180,0
 0.0026, 0.0000,-0.0031, 3.1415, 0.0000,-0.0100, 0.0000, 0.0000,-0.7180,0
 0.0026, 0.0000,-0.0031, 3.1415, 0.0000,-0.0020, 0.0000, 0.0000,-0.7180,0
 0.0026, 0.0000,-0.0031, 3.1415, 0.0000,-0.0004, 0.0000, 0.0000,-0.7180,0
 0.0026, 0.0000,-0.0031, 3.1415, 0.0000,-0.0000, 0.0000, 0.0000,-0.7180,0
 0.0026, 0.0000,-0.0031, 3.1415, 0.0000,-0.0000, 0.0000, 0.0000,-0.7180,0
 0.0026, 0.0000,-0.0031, 3.1415, 0.0000,-0.0000, 0.0000, 0.0000,-0.7180,0
 0.0026, 0.0000,-0.0031, 3.1415, 0.0000,-0.0000, 0.0000, 0.0000,-0.7180,0
 0.0026, 0.0000,-0.0031, 3.1415, 0.0000,-0.0000, 0.0000, 0.0000,-0.7180,0
 0.0026, 0.0000,-0.0062, 3.1415, 0.0000,-0.2513, 0.0000, 0.0000,-0.7180,0
 0.0026, 0.0000,-0.0062, 3.1415, 0.0000,-0.0502, 0.0000, 0.0000,-0.7180,0
 0.0026, 0.0000,-0.0062, 3.1415, 0.0000,-0.0100, 0.0000, 0.0000,-0.7180,0
 0.0026, 0.0000,-0.0062, 3.1415, 0.0000,-0.0020, 0.0000, 0.0000,-0.7180,0
 0.0026, 0.0000,-0.0062, 3.1415, 0.0000,-0.0004, 0.0000, 0.0000,-0.7180,0
 0.0026, 0.0000,-0.0062, 3.1415, 0.0000,-0.0000, 0.0000, 0.0000,-0.7180,0
 0.0026, 0.0000,-0.0062, 3.1415, 0.0000,-0.0000, 0.0000, 0.0000,-0.7180,0
 0.0026, 0.0000,-0.0062, 3.1415, 0.0000,-0.0000, 0.0000, 0.0000,-0.7180,0
 0.0026, 0.0000,-0.0062, 3.1415, 0.0000,-0.0000, 0.0000, 0.0000,-0.7180,0
 0.0026, 0.0000,-0.0062, 3.1415, 0.0000,-0.0000, 0.0000, 0.0000,-0.7180,0
 0.0026, 0.0000,-0.0062, 3.1415, 0.0000,-0.0000, 0.0000, 0.0000,-0.7180,0
 0.0026, 0.0000,-0.0062, 3.1415, 0.0000,-0.0000, 0.0000, 0.0000,-0.7180,0
 0.0026, 0.0000,-0.0062, 3.1415, 0.0000,-0.0000, 0.0000, 0.0000,-0.7180,0
 0.0026, 0.0000,-0.0062, 3.1415, 0.0000,-0.0000, 0.0000, 0.0000,-0.7180,0
 0.0026, 0.0000,-0.0062, 3.1415, 0.0000,-0.0000, 0.0000, 0.0000,-0.7180,0
 0.0026, 0.0000,-0.0062, 3.1415, 0.0000,-0.0000, 0.0000, 0.0000,-0.7180,0
 0.0026, 0.0000,-0.0062, 3.1415, 0.0000,-0.0000, 0.0000, 0.0000,-0.7180,0
 0.0026, 0.0000,-0.0062, 3.1415, 0.0000,-0.0000, 0.0000, 0.0000,-0.7180,0
 0.0026, 0.0000,-0.0062, 3.1415, 0.0000,-0.0000, 0.0000, 0.0000,-0.7180,0
 0.0026, 0.0000,-0.0062, 3.1415, 0.0000,-0.0000, 0.0000, 0.0000,-0.7180,0
 0.0026, 0.0000,-0.0062, 3.1415, 0.0000,-0.0000, 0.0000, 0.0000,-0.7180,0
 0.0026, 0.0000,-0.0062, 3.1415, 0.0000,-0.0000, 0.0000, 0.0000,-0.7180,0
 0.0026, 0.0000,-0.0062, 3.1415, 0.0000,-0.0000, 0.0000, 0.0000,-0.7180,0
 0.0026, 0.0000,-0.0062, 3.1415, 0.0000,-0.0000, 0.0000, 0.0000,-0.7180,0
 0.0026, 0.0000,-0.0062, 3.1415, 0.0000,-0.0000, 0.0000, 0.0000,-0.7180,0
 0.0026, 0.0000,-0.0062, 3.1415, 0.0000,-0.0000, 0.0000, 0.0000,-0.7180,0
 0.0026, 0.0000,-0.0062, 3.1415, 0.0000,-0.0000, 0.0000, 0.0000,-0.7180,0
 0.0026, 0.0000,-0.0062, 3.1415, 0.0000,-0.0000, 0.0000, 0.0000,-0.7180,0
 0.0026, 0.0000,-0.0031, 3.1415, 0.0000, 0.2513, 0.0000, 0.0000,-0.7180,0
 0.0026, 0.0000,-0.0031, 3.1415, 0.0000, 0.0502, 0.0000, 0.0000,-0.7180,0
 0.0026, 0.0000,-0.0031, 3.1415, 0.0000, 0.0100, 0.0000, 0.0000,-0.7180,0
 0.0026, 0.0000,-0.0031, 3.1415, 0.0000, 0.0020, 0.0000, 0.0000,-0.7180,0
 0.0026, 0.0000,-0.0031, 3.1415, 0.0000, 0.0004, 0.0000, 0.0000,-0.7180,0
 0.0026, 0.0000,-0.0031, 3.1415, 0.0000, 0.0000, 0.0000, 0.0000,-0.7180,0
 0.0026, 0.0000,-0.0031, 3.1415, 0.0000, 0.0000, 0.0000, 0.0000,-0.7180,0
 0.0026, 0.0000,-0.0031, 3.1415, 0.0000, 0.0000, 0.0000, 0.0000,-0.7180,0
 0.0026, 0.0000,-0.0031, 3.1415, 0.0000, 0.0000, 0.0000, 0.0000,-0.7180,0
 0.0026, 0.0000, 0.0000, 3.1415, 0.0000, 0.2513, 0.0000, 0.0000,-0.7180,0
 0.0026, 0.0000, 0.0000, 3.1415, 0.0000, 0.0502, 0.0000, 0.0000,-0.7180,0
 0.0026, 0.0000, 0.0000, 3.1415, 0.0000, 0.0100, 0.0000, 0.0000,-0.7180,0
 0.0026, 0.0000, 0.0000, 3.1415, 0.0000, 0.0020, 0.0000, 0.0000,-0.7180,0
 0.0026, 0.0000, 0.0000, 3.1415, 0.0000, 0.0004, 0.0000, 0.0000,-0.7180,0
 0.0026, 0.0000, 0.0000, 3.1415, 0.0000, 0.0000, 0.0000, 0.0000,-0.7180,0
 0.0026, 0.0000, 0.0000, 3.1415, 0.0000, 0.0000, 0.0000, 0.0000,-0.7180,0
 0.0026, 0.0000, 0.0000, 3.1415, 0.0000, 0.0000, 0.0000, 0.0000,-0.7180,0
 0.0026, 0.0000, 0.0000, 3.1415, 0.0000, 0.0000, 0.0000, 0.0000,-0.7180,0
 0.0026, 0.0000, 0.0031, 3.1415, 0.0000, 0.2513, 0.0000, 0.0000,-0.7180,0
 0.0026, 0.0000, 0.0031, 3.1415, 0.0000, 0.0502, 0.0000, 0.0000,-0.7180,0
 0.0026, 0.0000, 0.0031, 3.1415, 0.0000, 0.0100, 0.0000, 0.0000,-0.7180,0
 0.0026, 0.0000, 0.0031, 3.1415, 0.0000, 0.0020, 0.0000, 0.0000,-0.7180,0
 0.0026, 0.0000, 0.0031, 3.1415, 0.0000, 0.0004, 0.0000, 0.0000,-0.7180,0
 0.0026, 0.0000, 0.0031, 3.1415, 0.0000, 0.0000, 0.0000, 0.0000,-0.7180,0
 0.0026, 0.0000, 0.0031, 3.1415, 0.0000, 0.0000, 0.0000, 0.0000,-0.7180,0
 0.0026, 0.0000, 0.0031, 3.1415, 0.0000, 0.0000, 0.0000, 0.0000,-0.7180,0
 0.0026, 0.0000, 0.0031, 3.1415, 0.0000, 0.0000, 0.0000, 0.0000,-0.7180,0
 0.0026, 0.0000, 0.0062, 3.1415, 0.0000, 0.2513, 0.0000, 0.0000,-0.7180,0
 0.0026, 0.0000, 0.0062, 3.1415, 0.0000, 0.0502, 0.0000, 0.0000,-0.7180,0
 0.0026, 0.0000, 0.0062, 3.1415, 0.0000, 0.0100, 0.0000, 0.0000,-0.7180,0
 0.0026, 0.0000, 0.0062, 3.1415, 0.0000, 0.0020, 0.0000, 0.0000,-0.7180,0
 0.0026, 0.0000, 0.0062, 3.1415, 0.0000, 0.0004, 0.0000, 0.0000,-0.7180,0
 0.0026, 0.0000, 0.0062, 3.1415, 0.0000, 0.0000, 0.0000, 0.0000,-0.7180,0
 0.0026, 0.0000, 0.0062, 3.1415, 0.0000, 0.0000, 0.0000, 0.0000,-0.7180,0
 0.0026, 0.0000, 0.0062, 3.1415, 0.0000, 0.0000, 0.0000, 0.0000,-0.7180,0
 0.0026, 0.0000, 0.0062, 3.1415, 0.0000, 0.0000, 0.0000, 0.0000,-0.7180,0
 0.0026, 0.0000, 0.0062, 3.1415, 0.0000, 0.0000, 0.0000, 0.0000,-0.7180,0
 0.0026, 0.0000, 0.0062, 3.1415, 0.0000, 0.0000, 0.0000, 0.0000,-0.7180,0
 0.0026, 0.0000, 0.0062, 3.1415, 0.0000, 0.0000, 0.0000, 0.0000,-0.7180,0
 0.0026, 0.0000, 0.0062, 3.1415, 0.0000, 0.0000, 0.0000, 0.0000,-0.7180,0
 0.0026, 0.0000, 0.0062, 3.1415, 0.0000, 0.0000, 0.0000, 0.0000,-0.7180,0
 0.0026, 0.0000, 0.0062, 3.1415, 0.0000, 0.0000, 0.0000, 0.0000,-0.7180,0
 0.0026, 0.0000, 0.0062, 3.1415, 0.0000, 0.0000, 0.0000, 0.0000,-0.7180,0
 0.0026, 0.0000, 0.0062, 3.1415, 0.0000, 0.0000, 0.0000, 0.0000,-0.7180,0
 0.0026, 0.0000, 0.0062, 3.1415, 0.0000, 0.0000, 0.0000, 0.0000,-0.7180,0
 0.0026, 0.0000, 0.0062, 3.1415, 0.0000, 0.0000, 0.0000, 0.0000,-0.7180,0
 0.0026, 0.0000, 0.0062, 3.1415, 0.0000, 0.0000, 0.0000, 0.0000,-0.7180,0
 0.0026, 0.0000, 0.0062, 3.1415, 0.0000, 0.0000, 0.0000, 0.0000,-0.7180,0
 0.0026, 0.0000, 0.0062, 3.1415, 0.0000, 0.0000, 0.0000, 0.0000,-0.7180,0
 0.0026, 0.0000, 0.0062, 3.1415, 0.0000, 0.0000, 0.0000, 0.0000,-0.7180,0
 0.0026, 0.0000, 0.0062, 3.1415, 0.0000, 0.0000, 0.0000, 0.0000,-0.7180,0
 0.0026, 0.0000, 0.0062, 3.1415, 0.0000, 0.0000, 0.0000, 0.0000,-0.7180,0
 0.0026, 0.0000, 0.0062, 3.1415, 0.0000, 0.0000, 0.0000, 0.0000,-0.7180,0
 0.0026, 0.0000, 0.0062, 3.1415, 0.0000, 0.0000, 0.0000, 0.0000,-0.7180,0
 0.0026, 0.0000, 0.0062, 3.1415, 0.0000, 0.0000, 0.0000, 0.0000,-0.7180,0
 0.0026, 0.0000, 0.0062, 3.1415, 0.0000, 0.0000, 0.0000, 0.0000,-0.7180,0
 0.0026, 0.0000, 0.0062, 3.1415, 0.0000, 0.0000, 0.0000, 0.0000,-0.7180,0
 0.0026, 0.0000, 0.0031, 3.1415, 0.0000,-0.2513, 0.0000, 0.0000,-0.7180,0
 0.0026, 0.0000, 0.0031, 3.1415, 0.0000,-0.0502, 0.0000, 0.0000,-0.7180,0
 0.0026, 0.0000, 0.0031, 3.1415, 0.0000,-0.0100, 0.0000, 0.0000,-0.7180,0
 0.0026, 0.0000, 0.0031, 3.1415, 0.0000,-0.0020, 0.0000, 0.0000,-0.7180,0
 0.0026, 0.0000, 0.0031, 3.1415, 0.0000,-0.0004, 0.0000, 0.0000,-0.7180,0
 0.0026, 0.0000, 0.0031, 3.1415, 0.0000,-0.0000, 0.0000, 0.0000,-0.7180,0
 0.0026, 0.0000, 0.0031, 3.1415, 0.0000,-0.0000, 0.0000, 0.0000,-0.7180,0
 0.0026, 0.0000, 0.0031, 3.1415, 0.0000,-0.0000, 0.0000, 0.0000,-0.7180,0
 0.0026, 0.0000, 0.0031, 3.1415, 0.0000,-0.0000, 0.0000, 0.0000,-0.7180,0
 0.0026, 0.0000, 0.0031, 3.1415, 0.0000,-0.0000, 0.0000, 0.0000,-0.7180,0
 0.0026, 0.0000, 0.0000, 3.1415, 0.0000,-0.2513, 0.0000, 0.0000,-0.7180,0
 0.0026, 0.0000, 0.0000, 3.1415, 0.0000,-0.0502, 0.0000, 0.0000,-0.7180,0
 0.0026, 0.0000, 0.0000, 3.1415, 0.0000,-0.0100, 0.0000, 0.0000,-0.7180,0
 0.0026, 0.0000, 0.0000, 3.1415, 0.0000,-0.0020, 0.0000, 0.0000,-0.7180,0
 0.0026, 0.0000, 0.0000, 3.1415, 0.0000,-0.0004, 0.0000, 0.0000,-0.7180,0
 0.0026, 0.0000, 0.0000, 3.1415, 0.0000,-0.0000, 0.0000, 0.0000,-0.7180,0
 0.0026, 0.0000, 0.0000, 3.1415, 0.0000,-0.0000, 0.0000, 0.0000,-0.7180,0
 0.0026, 0.0000, 0.0000, 3.1415, 0.0000,-0.0000, 0.0000, 0.0000,-0.7180,0
 0.0026, 0.0000, 0.0000, 3.1415, 0.0000,-0.0000, 0.0000, 0.0000,-0.7180,0
 0.0026, 0.0000,-0.0031, 3.1415, 0.0000,-0.2513, 0.0000, 0.0000,-0.7180,0
 0.0026, 0.0000,-0.0031, 3.1415, 0.0000,-0.0502, 0.0000, 0.0000,-0.7180,0
 0.0026, 0.0000,-0.0031, 3.1415, 0.0000,-0.0100, 0.0000, 0.0000,-0.7180,0
 0.0026, 0.0000,-0.0031, 3.1415, 0.0000,-0.0020, 0.0000, 0.0000,-0.7180,0
 0.0026, 0.0000,-0.0031, 3.1415, 0.0000,-0.0004, 0.0000, 0.0000,-0.7180,0
 0.0026, 0.0000,-0.0031, 3.1415, 0.0000,-0.0000, 0.0000, 0.0000,-0.7180,0
 0.0026, 0.0000,-0.0031, 3.1415, 0.0000,-0.0000, 0.0000, 0.0000,-0.7180,0
 0.0026, 0.0000,-0.0031, 3.1415, 0.0000,-0.0000, 0.0000, 0.0000,-0.7180,0
 0.0026, 0.0000,-0.0031, 3.1415, 0.0000,-0.0000, 0.0000, 0.0000,-0.7180,0
 0.0026, 0.0000,-0.0031, 3.1415, 0.0000,-0.0000, 0.0000, 0.0000,-0.7180,0
 0.0026, 0.0000,-0.0062, 3.1415, 0.0000,-0.2513, 0.0000, 0.0000,-0.7180,0
 0.0026, 0.0000,-0.0062, 3.1415, 0.0000,-0.0502, 0.0000, 0.0000,-0.7180,0
 0.0026, 0.0000,-0.0062, 3.1415, 0.0000,-0.0100, 0.0000, 0.0000,-0.7180,0
 0.0026, 0.0000,-0.0062, 3.1415, 0.0000,-0.0020, 0.0000, 0.0000,-0.7180,0
 0.0026, 0.0000,-0.0062, 3.1415, 0.0000,-0.0004, 0.0000, 0.0000,-0.7180,0
 0.0026, 0.0000,-0.0062, 3.1415, 0.0000,-0.0000, 0.0000, 0.0000,-0.7180,0
 0.0026, 0.0000,-0.0062, 3.1415, 0.0000,-0.0000, 0.0000, 0.0000,-0.7180,0
 0.0026, 0.0000,-0.0062, 3.1415, 0.0000,-0.0000, 0.0000, 0.0000,-0.7180,0
 0.0026, 0.0000,-0.0062, 3.1415, 0.0000,-0.0000, 0.0000, 0.0000,-0.7180,0
 0.0026, 0.0000,-0.0062, 3.1415, 0.0000,-0.0000, 0.0000, 0.0000,-0.7180,0
 0.0026, 0.0000,-0.0062, 3.1415, 0.0000,-0.0000, 0.0000, 0.0000,-0.7180,0
 0.0026, 0.0000,-0.0062, 3.1415, 0.0000,-0.0000, 0.0000, 0.0000,-0.7180,0
 0.0026, 0.0000,-0.0062, 3.1415, 0.0000,-0.0000, 0.0000, 0.0000,-0.7180,0
 0.0026, 0.0000,-0.0062, 3.1415, 0.0000,-0.0000, 0.0000, 0.0000,-0.7180,0
 0.0026, 0.0000,-0.0062, 3.1415, 0.0000,-0.0000, 0.0000, 0.0000,-0.7180,0
 0.0026, 0.0000,-0.0062, 3.1415, 0.0000,-0.0000, 0.0000, 0.0000,-0.7180,0
 0.0026, 0.0000,-0.0062, 3.1415, 0.0000,-0.0000, 0.0000, 0.0000,-0.7180,0
 0.0026, 0.0000,-0.0062, 3.1415, 0.0000,-0.0000, 0.0000, 0.0000,-0.7180,0
 0.0026, 0.0000,-0.0062, 3.1415, 0.0000,-0.0000, 0.0000, 0.0000,-0.7180,0
 0.0026, 0.0000,-0.0062, 3.1415, 0.0000,-0.0000, 0.0000, 0.0000,-0.7180,0
 0.0026, 0.0000,-0.0062, 3.1415, 0.0000,-0.0000, 0.0000, 0.0000,-0.7180,0
 0.0026, 0.0000,-0.0062, 3.1415, 0.0000,-0.0000, 0.0000, 0.0000,-0.7180,0
 0.0026, 0.0000,-0.0062, 3.1415, 0.0000,-0.0000, 0.0000, 0.0000,-0.7180,0
 0.0026, 0.0000,-0.0062, 3.1415, 0.0000,-0.0000, 0.0000, 0.0000,-0.7180,0
 0.0026, 0.0000,-0.0062, 3.1415, 0.0000,-0.0000, 0.0000, 0.0000,-0.7180,0
 0.0026, 0.0000,-0.0031, 3.1415, 0.0000, 0.2513, 0.0000, 0.0000,-0.7180,0
 0.0026, 0.0000,-0.0031, 3.1415, 0.0000, 0.0502, 0.0000, 0.0000,-0.7180,0
 0.0026, 0.0000,-0.0031, 3.1415, 0.0000, 0.0100, 0.0000, 0.0000,-0.7180,0
 0.0026, 0.0000,-0.0031, 3.1415, 0.0000, 0.0020, 0.0000, 0.0000,-0.7180,0
 0.0026, 0.0000,-0.0031, 3.1415, 0.0000, 0.0004, 0.0000, 0.0000,-0.7180,0
 0.0026, 0.0000,-0.0031, 3.1415, 0.0000, 0.0000, 0.0000, 0.0000,-0.7180,0
 0.0026, 0.0000,-0.0031, 3.1415, 0.0000, 0.0000, 0.0000, 0.0000,-0.7180,0
 0.0026, 0.0000,-0.0031, 3.1415, 0.0000, 0.0000, 0.0000, 0.0000,-0.7180,0
 0.0026, 0.0000,-0.0031, 3.1415, 0.0000, 0.0000, 0.0000, 0.0000,-0.7180,0
 0.0026, 0.0000,-0.0031, 3.1415, 0.0000, 0.0000, 0.0000, 0.0000,-0.7180,0
 0.0026, 0.0000,-0.0031, 3.1415, 0.0000, 0.0000, 0.0000, 0.0000,-0.7180,0
 0.0026, 0.0000, 0.0000, 3.1415, 0.0000, 0.2513, 0.0000, 0.0000,-0.7180,0
 0.0026, 0.0000, 0.0000, 3.1415, 0.0000, 0.0502, 0.0000, 0.0000,-0.7180,0
 0.0026, 0.0000, 0.0000, 3.1415, 0.0000, 0.0100, 0.0000, 0.0000,-0.7180,0
 0.0026, 0.0000, 0.0000, 3.1415, 0.0000, 0.0020, 0.0000, 0.0000,-0.7180,0
 0.0026, 0.0000, 0.0000, 3.1415, 0.0000, 0.0004, 0.0000, 0.0000,-0.7180,0
 0.0026, 0.0000, 0.0000, 3.1415, 0.0000, 0.0000, 0.0000, 0.0000,-0.7180,0
 0.0026, 0.0000, 0.0000, 3.1415, 0.0000, 0.0000, 0.0000, 0.0000,-0.7180,0
 0.0026, 0.0000, 0.0000, 3.1415, 0.0000, 0.0000, 0.0000, 0.0000,-0.7180,0
 0.0026, 0.0000, 0.0000, 3.1415, 0.0000, 0.0000, 0.0000, 0.0000,-0.7180,0
 0.0026, 0.0000, 0.0031, 3.1415, 0.0000, 0.2513, 0.0000, 0.0000,-0.7180,0
 0.0026, 0.0000, 0.0031, 3.1415, 0.0000, 0.0502, 0.0000, 0.0000,-0.7180,0
 0.0026, 0.0000, 0.0031, 3.1415, 0.0000, 0.0100, 0.0000, 0.0000,-0.7180,0
 0.0026, 0.0000, 0.0031, 3.1415, 0.0000, 0.0020, 0.0000, 0.0000,-0.7180,0
 0.0026, 0.0000, 0.0031, 3.1415, 0.0000, 0.0004, 0.0000, 0.0000,-0.7180,0
 0.0026, 0.0000, 0.0031, 3.1415, 0.0000, 0.0000, 0.0000, 0.0000,-0.7180,0
 0.0026, 0.0000, 0.0031, 3.1415, 0.0000, 0.0000, 0.0000, 0.0000,-0.7180,0
 0.0026, 0.0000, 0.0031, 3.1415, 0.0000, 0.0000, 0.0000, 0.0000,-0.7180,0
 0.0026, 0.0000, 0.0031, 3.1415, 0.0000, 0.0000, 0.0000, 0.0000,-0.7180,0
 0.0026, 0.0000, 0.0031, 3.1415, 0.0000, 0.0000, 0.0000, 0.0000,-0.7180,0
 0.0026, 0.0000, 0.0062, 3.1415, 0.0000, 0.2513, 0.0000, 0.0000,-0.7180,0
 0.0026, 0.0000, 0.0062, 3.1415, 0.0000, 0.0502, 0.0000, 0.0000,-0.7180,0
 0.0026, 0.0000, 0.0062, 3.1415, 0.0000, 0.0100, 0.0000, 0.0000,-0.7180,0
 0.0026, 0.0000, 0.0062, 3.1415, 0.0000, 0.0020, 0.0000, 0.0000,-0.7180,0
 0.0026, 0.0000, 0.0062, 3.1415, 0.0000, 0.0004, 0.0000, 0.0000,-0.7180,0
 0.0026, 0.0000, 0.0062, 3.1415, 0.0000, 0.0000, 0.0000, 0.0000,-0.7180,0
 0.0026, 0.0000, 0.0062, 3.1415, 0.0000, 0.0000, 0.0000, 0.0000,-0.7180,0
 0.0026, 0.0000, 0.0062, 3.1415, 0.0000, 0.0000, 0.0000, 0.0000,-0.7180,0
 0.0026, 0.0000, 0.0062, 3.1415, 0.0000, 0.0000, 0.0000, 0.0000,-0.7180,0
 0.0026, 0.0000, 0.0062, 3.1415, 0.0000, 0.0000, 0.0000, 0.0000,-0.7180,0
 0.0026, 0.0000, 0.0062, 3.1415, 0.0000, 0.0000, 0.0000, 0.0000,-0.7180,0
 0.0026, 0.0000, 0.0062, 3.1415, 0.0000, 0.0000, 0.0000, 0.0000,-0.7180,0
 0.0026, 0.0000, 0.0062, 3.1415, 0.0000, 0.0000, 0.0000, 0.0000,-0.7180,0
 0.0026, 0.0000, 0.0062, 3.1415, 0.0000, 0.0000, 0.0000, 0.0000,-0.7180,0
 0.0026, 0.0000, 0.0062, 3.1415, 0.0000, 0.0000, 0.0000, 0.0000,-0.7180,0
 0.0026, 0.0000, 0.0062, 3.1415, 0.0000, 0.0000, 0.0000, 0.0000,-0.7180,0
 0.0026, 0.0000, 0.0062, 3.1415, 0.0000, 0.0000, 0.0000, 0.0000,-0.7180,0
 0.0026, 0.0000, 0.0062, 3.1415, 0.0000, 0.0000, 0.0000, 0.0000,-0.7180,0
 0.0026, 0.0000, 0.0062, 3.1415, 0.0000, 0.0000, 0.0000, 0.0000,-0.7180,0
 0.0026, 0.0000, 0.0062, 3.1415, 0.0000, 0.0000, 0.0000, 0.0000,-0.7180,0
 0.0026, 0.0000, 0.0062, 3.1415, 0.0000, 0.0000, 0.0000, 0.0000,-0.7180,0
 0.0026, 0.0000, 0.0062, 3.1415, 0.0000, 0.0000, 0.0000, 0.0000,-0.7180,0
 0.0026, 0.0000, 0.0062, 3.1415, 0.0000, 0.0000, 0.0000, 0.0000,-0.7180,0
 0.0026, 0.0000, 0.0062, 3.1415, 0.0000, 0.0000, 0.0000, 0.0000,-0.7180,0
 0.0026, 0.0000, 0.0062, 3.1415, 0.0000, 0.0000, 0.0000, 0.0000,-0.7180,0
 0.0026, 0.0000, 0.0062, 3.1415, 0.0000, 0.0000, 0.0000, 0.0000,-0.7180,0
 0.0026, 0.0000, 0.0062, 3.1415, 0.0000, 0.0000, 0.0000, 0.0000,-0.7180,0
 0.0026, 0.0000, 0.0062, 3.1415, 0.0000, 0.0000, 0.0000, 0.0000,-0.7180,0
 0.0026, 0.0000, 0.0031, 3.1415, 0.0000,-0.2513, 0.0000, 0.0000,-0.7180,0
 0.0026, 0.0000, 0.0031, 3.1415, 0.0000,-0.0502, 0.0000, 0.0000,-0.7180,0
 0.0026, 0.0000, 0.0031, 3.1415, 0.0000,-0.0100, 0.0000, 0.0000,-0.7180,0
 0.0026, 0.0000, 0.0031, 3.1415, 0.0000,-0.0020, 0.0000, 0.0000,-0.7180,0
 0.0026, 0.0000, 0.0031, 3.1415, 0.0000,-0.0004, 0.0000, 0.0000,-0.7180,0
 0.0026, 0.0000, 0.0031, 3.1415, 0.0000,-0.0000, 0.0000, 0.0000,-0.7180,0
 0.0026, 0.0000, 0.0031, 3.1415, 0.0000,-0.0000, 0.0000, 0.0000,-0.7180,0
 0.0026, 0.0000, 0.0031, 3.1415, 0.0000,-0.0000, 0.0000, 0.0000,-0.7180,0
 0.0026, 0.0000, 0.0031, 3.1415, 0.0000,-0.0000, 0.0000, 0.0000,-0.7180,0
 0.0026, 0.0000, 0.0031, 3.1415, 0.0000,-0.0000, 0.0000, 0.0000,-0.7180,0
 0.0026, 0.0000, 0.0031, 3.1415, 0.0000,-0.0000, 0.0000, 0.0000,-0.7180,0
 0.0026, 0.0000, 0.0000, 3.1415, 0.0000,-0.2513, 0.0000, 0.0000,-0.7180,0
 0.0026, 0.0000, 0.0000, 3.1415, 0.0000,-0.0502, 0.0000, 0.0000,-0.7180,0
 0.0026, 0.0000, 0.0000, 3.1415, 0.0000,-0.0100, 0.0000, 0.0000,-0.7180,0
 0.0026, 0.0000, 0.0000, 3.1415, 0.0000,-0.0020, 0.0000, 0.0000,-0.7180,0
 0.0026, 0.0000, 0.0000, 3.1415, 0.0000,-0.0004, 0.0000, 0.0000,-0.7180,0
 0.0026, 0.0000, 0.0000, 3.1415, 0.0000,-0.0000, 0.0000, 0.0000,-0.7180,0
 0.0026, 0.0000, 0.0000, 3.1415, 0.0000,-0.0000, 0.0000, 0.0000,-0.7180,0
 0.0026, 0.0000, 0.0000, 3.1415, 0.0000,-0.0000, 0.0000, 0.0000,-0.7180,0
 0.0026, 0.0000, 0.0000, 3.1415, 0.0000,-0.0000, 0.0000, 0.0000,-0.7180,0
 0.0026, 0.0000,-0.0031, 3.1415, 0.0000,-0.2513, 0.0000, 0.0000,-0.7180,0
 0.0026, 0.0000,-0.0031, 3.1415, 0.0000,-0.0502, 0.0000, 0.0000,-0.7180,0
 0.0026, 0.0000,-0.0031, 3.1415, 0.0000,-0.0100, 0.0000, 0.0000,-0.7180,0
 0.0026, 0.0000,-0.0031, 3.1415, 0.0000,-0.0020, 0.0000, 0.0000,-0.7180,0
 0.0026, 0.0000,-0.0031, 3.1415, 0.0000,-0.0004, 0.0000, 0.0000,-0.7180,0
 0.0026, 0.0000,-0.0031, 3.1415, 0.0000,-0.0000, 0.0000, 0.0000,-0.7180,0
 0.0026, 0.0000,-0.0031, 3.1415, 0.0000,-0.0000, 0.0000, 0.0000,-0.7180,0
 0.0026, 0.0000,-0.0031, 3.1415, 0.0000,-0.0000, 0.0000, 0.0000,-0.7180,0
 0.0026, 0.0000,-0.0031, 3.1415, 0.0000,-0.0000, 0.0000, 0.0000,-0.7180,0
 0.0026, 0.0000,-0.0031, 3.1415, 0.0000,-0.0000, 0.0000, 0.0000,-0.7180,0
 0.0026, 0.0000,-0.0031, 3.1415, 0.0000,-0.0000, 0.0000, 0.0000,-0.7180,0
 0.0026, 0.0000,-0.0031, 3.1415, 0.0000,-0.0000, 0.0000, 0.0000,-0.7180,0
 0.0026, 0.0000,-0.0062, 3.1415, 0.0000,-0.2513, 0.0000, 0.0000,-0.7180,0
 0.0026, 0.0000,-0.0062, 3.1415, 0.0000,-0.0502, 0.0000, 0.0000,-0.7180,0
 0.0026, 0.0000,-0.0062, 3.1415, 0.0000,-0.0100, 0.0000, 0.0000,-0.7180,0
 0.0026, 0.0000,-0.0062, 3.1415, 0.0000,-0.0020, 0.0000, 0.0000,-0.7180,0
 0.0026, 0.0000,-0.0062, 3.1415, 0.0000,-0.0004, 0.0000, 0.0000,-0.7180,0
 0.0026, 0.0000,-0.0062, 3.1415, 0.0000,-0.0000, 0.0000, 0.0000,-0.7180,0
 0.0026, 0.0000,-0.0062, 3.1415, 0.0000,-0.0000, 0.0000, 0.0000,-0.7180,0
 0.0026, 0.0000,-0.0062, 3.1415, 0.0000,-0.0000, 0.0000, 0.0000,-0.7180,0
 0.0026, 0.0000,-0.0062, 3.1415, 0.0000,-0.0000, 0.0000, 0.0000,-0.7180,0
 0.0026, 0.0000,-0.0062, 3.1415, 0.0000,-0.0000, 0.0000, 0.0000,-0.7180,0
 0.0026, 0.0000,-0.0062, 3.1415, 0.0000,-0.0000, 0.0000, 0.0000,-0.7180,0
 0.0026, 0.0000,-0.0062, 3.1415, 0.0000,-0.0000, 0.0000, 0.0000,-0.7180,0
 0.0026, 0.0000,-0.0062, 3.1415, 0.0000,-0.0000, 0.0000, 0.0000,-0.7180,0
 0.0026, 0.0000,-0.0062, 3.1415, 0.0000,-0.0000, 0.0000, 0.0000,-0.7180,0
 0.0026, 0.0000,-0.0062, 3.1415, 0.0000,-0.0000, 0.0000, 0.0000,-0.7180,0
 0.0026, 0.0000,-0.0062, 3.1415, 0.0000,-0.0000, 0.0000, 0.0000,-0.7180,0
 0.0026, 0.0000,-0.0062, 3.1415, 0.0000,-0.0000, 0.0000, 0.0000,-0.7180,0
 0.0026, 0.0000,-0.0062, 3.1415, 0.0000,-0.0000, 0.0000, 0.0000,-0.7180,0
 0.0026, 0.0000,-0.0062, 3.1415, 0.0000,-0.0000, 0.0000, 0.0000,-0.7180,0
 0.0026, 0.0000,-0.0062, 3.1415, 0.0000,-0.0000, 0.0000, 0.0000,-0.7180,0
 0.0026, 0.0000,-0.0062, 3.1415, 0.0000,-0.0000, 0.0000, 0.0000,-0.7180,0
 0.0026, 0.0000,-0.0062, 3.1415, 0.0000,-0.0000, 0.0000, 0.0000,-0.7180,0
 0.0026, 0.0000,-0.0031, 3.1415, 0.0000, 0.2513, 0.0000, 0.0000,-0.7180,0
 0.0026, 0.0000,-0.0031, 3.1415, 0.0000, 0.0502, 0.0000, 0.0000,-0.7180,0
 0.0026, 0.0000,-0.0031, 3.1415, 0.0000, 0.0100, 0.0000, 0.0000,-0.7180,0
 0.0026, 0.0000,-0.0031, 3.1415, 0.0000, 0.0020, 0.0000, 0.0000,-0.7180,0
 0.0026, 0.0000,-0.0031, 3.1415, 0.0000, 0.0004, 0.0000, 0.0000,-0.7180,0
 0.0026, 0.0000,-0.0031, 3.1415, 0.0000, 0.0000, 0.0000, 0.0000,-0.7180,0
 0.0026, 0.0000,-0.0031, 3.1415, 0.0000, 0.0000, 0.0000, 0.0000,-0.7180,0
 0.0026, 0.0000,-0.0031, 3.1415, 0.0000, 0.0000, 0.0000, 0.0000,-0.7180,0
 0.0026, 0.0000,-0.0031, 3.1415, 0.0000, 0.0000, 0.0000, 0.0000,-0.7180,0
 0.0026, 0.0000,-0.0031, 3.1415, 0.0000, 0.0000, 0.0000, 0.0000,-0.7180,0
 0.0026, 0.0000,-0.0031, 3.1415, 0.0000, 0.0000, 0.0000, 0.0000,-0.7180,0
 0.0026, 0.0000,-0.0031, 3.1415, 0.0000, 0.0000, 0.0000, 0.0000,-0.7180,0
 0.0026, 0.0000, 0.0000, 3.1415, 0.0000, 0.2513, 0.0000, 0.0000,-0.7180,0
 0.0026, 0.0000, 0.0000, 3.1415, 0.0000, 0.0502, 0.0000, 0.0000,-0.7180,0
 0.0026, 0.0000, 0.0000, 3.1415, 0.0000, 0.0100, 0.0000, 0.0000,-0.7180,0
 0.0026, 0.0000, 0.0000, 3.1415, 0.0000, 0.0020, 0.0000, 0.0000,-0.7180,0
 0.0026, 0.0000, 0.0000, 3.1415, 0.0000, 0.0004, 0.0000, 0.0000,-0.7180,0
 0.0026, 0.0000, 0.0000, 3.1415, 0.0000, 0.0000, 0.0000, 0.0000,-0.7180,0
 0.0026, 0.0000, 0.0000, 3.1415, 0.0000, 0.0000, 0.0000, 0.0000,-0.7180,0
 0.0026, 0.0000, 0.0000, 3.1415, 0.0000, 0.0000, 0.0000, 0.0000,-0.7180,0
 0.0026, 0.0000, 0.0000, 3.1415, 0.0000, 0.0000, 0.0000, 0.0000,-0.7180,0
 0.0026, 0.0000, 0.0000, 3.1415, 0.0000, 0.0000, 0.0000, 0.0000,-0.7180,0
 0.0026, 0.0000, 0.0031, 3.1415, 0.0000, 0.2513, 0.0000, 0.0000,-0.7180,0
 0.0026, 0.0000, 0.0031, 3.1415, 0.0000, 0.0502, 0.0000, 0.0000,-0.7180,0
 0.0026, 0.0000, 0.0031, 3.1415, 0.0000, 0.0100, 0.0000, 0.0000,-0.7180,0
 0.0026, 0.0000, 0.0031, 3.1415, 0.0000, 0.0020, 0.0000, 0.0000,-0.7180,0
 0.0026, 0.0000, 0.0031, 3.1415, 0.0000, 0.0004, 0.0000, 0.0000,-0.7180,0
 0.0026, 0.0000, 0.0031, 3.1415, 0.0000, 0.0000, 0.0000, 0.0000,-0.7180,0
 0.0026, 0.0000, 0.0031, 3.1415, 0.0000, 0.0000, 0.0000, 0.0000,-0.7180,0
 0.0026, 0.0000, 0.0031, 3.1415, 0.0000, 0.0000, 0.0000, 0.0000,-0.7180,0
 0.0026, 0.0000, 0.0031, 3.1415, 0.0000, 0.0000, 0.0000, 0.0000,-0.7180,0
 0.0026, 0.0000, 0.0031, 3.1415, 0.0000, 0.0000, 0.0000, 0.0000,-0.7180,0
 0.0026, 0.0000, 0.0031, 3.1415, 0.0000, 0.0000, 0.0000, 0.0000,-0.7180,0
 0.0026, 0.0000, 0.0062, 3.1415, 0.0000, 0.2513, 0.0000, 0.0000,-0.7180,0
 0.0026, 0.0000, 0.0062, 3.1415, 0.0000, 0.0502, 0.0000, 0.0000,-0.7180,0
 0.0026, 0.0000, 0.0062, 3.1415, 0.0000, 0.0100, 0.0000, 0.0000,-0.7180,0
 0.0026, 0.0000, 0.0062, 3.1415, 0.0000, 0.0020, 0.0000, 0.0000,-0.7180,0
 0.0026, 0.0000, 0.0062, 3.1415, 0.0000, 0.0004, 0.0000, 0.0000,-0.7180,0
 0.0026, 0.0000, 0.0062, 3.1415, 0.0000, 0.0000, 0.0000, 0.0000,-0.7180,0
 0.0026, 0.0000, 0.0062, 3.1415, 0.0000, 0.0000, 0.0000, 0.0000,-0.7180,0
 0.0026, 0.0000, 0.0062, 3.1415, 0.0000, 0.0000, 0.0000, 0.0000,-0.7180,0
 0.0026, 0.0000, 0.0062, 3.1415, 0.0000, 0.0000, 0.0000, 0.0000,-0.7180,0
 0.0026, 0.0000, 0.0062, 3.1415, 0.0000, 0.0000, 0.0000, 0.0000,-0.7180,0
 0.0026, 0.0000, 0.0062, 3.1415, 0.0000, 0.0000, 0.0000, 0.0000,-0.7180,0
 0.0026, 0.0000, 0.0062, 3.1415, 0.0000, 0.0000, 0.0000, 0.0000,-0.7180,0
 0.0026, 0.0000, 0.0062, 3.1415, 0.0000, 0.0000, 0.0000, 0.0000,-0.7180,0
 0.0026, 0.0000, 0.0062, 3.1415, 0.0000, 0.0000, 0.0000, 0.0000,-0.7180,0
 0.0026, 0.0000, 0.0062, 3.1415, 0.0000, 0.0000, 0.0000, 0.0000,-0.7180,0
 0.0026, 0.0000, 0.0062, 3.1415, 0.0000, 0.0000, 0.0000, 0.0000,-0.7180,0
 0.0026, 0.0000, 0.0062, 3.1415, 0.0000, 0.0000, 0.0000, 0.0000,-0.7180,0
 0.0026, 0.0000, 0.0062, 3.1415, 0.0000, 0.0000, 0.0000, 0.0000,-0.7180,0
 0.0026, 0.0000, 0.0062, 3.1415, 0.0000, 0.0000, 0.0000, 0.0000,-0.7180,0
 0.0026, 0.0000, 0.0062, 3.1415, 0.0000, 0.0000, 0.0000, 0.0000,-0.7180,0
 0.0026, 0.0000, 0.0062, 3.1415, 0.0000, 0.0000, 0.0000, 0.0000,-0.7180,0
 0.0026, 0.0000, 0.0062, 3.1415, 0.0000, 0.0000, 0.0000, 0.0000,-0.7180,0
 0.0026, 0.0000, 0.0062, 3.1415, 0.0000, 0.0000, 0.0000, 0.0000,-0.7180,0
 0.0026, 0.0000, 0.0062, 3.1415, 0.0000, 0.0000, 0.0000, 0.0000,-0.7180,0
 0.0026, 0.0000, 0.0062, 3.1415, 0.0000, 0.0000, 0.0000, 0.0000,-0.7180,0
 0.0026, 0.0000, 0.0031, 3.1415, 0.0000,-0.2513, 0.0000, 0.0000,-0.7180,0
 0.0026, 0.0000, 0.0031, 3.1415, 0.0000,-0.0502, 0.0000, 0.0000,-0.7180,0
 0.0026, 0.0000, 0.0031, 3.1415, 0.0000,-0.0100, 0.0000, 0.0000,-0.7180,0
 0.0026, 0.0000, 0.0031, 3.1415, 0.0000,-0.0020, 0.0000, 0.0000,-0.7180,0
 0.0026, 0.0000, 0.0031, 3.1415, 0.0000,-0.0004, 0.0000, 0.0000,-0.7180,0
 0.0026, 0.0000, 0.0031, 3.1415, 0.0000,-0.0000, 0.0000, 0.0000,-0.7180,0
 0.0026, 0.0000, 0.0031, 3.1415, 0.0000,-0.0000, 0.0000, 0.0000,-0.7180,0
 0.0026, 0.0000, 0.0031, 3.1415, 0.0000,-0.0000, 0.0000, 0.0000,-0.7180,0
 0.0026, 0.0000, 0.0031, 3.1415, 0.0000,-0.0000, 0.0000, 0.0000,-0.7180,0
 0.0026, 0.0000, 0.0031, 3.1415, 0.0000,-0.0000, 0.0000, 0.0000,-0.7180,0
 0.0026, 0.0000, 0.0031, 3.1415, 0.0000,-0.0000, 0.0000, 0.0000,-0.7180,0
 0.0026, 0.0000, 0.0031, 3.1415, 0.0000,-0.0000, 0.0000, 0.0000,-0.7180,0
 0.0026, 0.0000, 0.0000, 3.1415, 0.0000,-0.2513, 0.0000, 0.0000,-0.7180,0
 0.0026, 0.0000, 0.0000, 3.1415, 0.0000,-0.0502, 0.0000, 0.0000,-0.7180,0
 0.0026, 0.0000, 0.0000, 3.1415, 0.0000,-0.0100, 0.0000, 0.0000,-0.7180,0
 0.0026, 0.0000, 0.0000, 3.1415, 0.0000,-0.0020, 0.0000, 0.0000,-0.7180,0
 0.0026, 0.0000, 0.0000, 3.1415, 0.0000,-0.0004, 0.0000, 0.0000,-0.7180,0
 0.0026, 0.0000, 0.0000, 3.1415, 0.0000,-0.0000, 0.0000, 0.0000,-0.7180,0
 0.0026, 0.0000, 0.0000, 3.1415, 0.0000,-0.0000, 0.0000, 0.0000,-0.7180,0
 0.0026, 0.0000, 0.0000, 3.1415, 0.0000,-0.0000, 0.0000, 0.0000,-0.7180,0
 0.0026, 0.0000, 0.0000, 3.1415, 0.0000,-0.0000, 0.0000, 0.0000,-0.7180,0
 0.0026, 0.0000, 0.0000, 3.1415, 0.0000,-0.0000, 0.0000, 0.0000,-0.7180,0
 0.0026, 0.0000,-0.0031, 3.1415, 0.0000,-0.2513, 0.0000, 0.0000,-0.7180,0
 0.0026, 0.0000,-0.0031, 3.1415, 0.0000,-0.0502, 0.0000, 0.0000,-0.7180,0
 0.0026, 0.0000,-0.0031, 3.1415, 0.0000,-0.0100, 0.0000, 0.0000,-0.7180,0
 0.0026, 0.0000,-0.0031, 3.1415, 0.0000,-0.0020, 0.0000, 0.0000,-0.7180,0
 0.0026, 0.0000,-0.0031, 3.1415, 0.0000,-0.0004, 0.0000, 0.0000,-0.7180,0
 0.0026, 0.0000,-0.0031, 3.1415, 0.0000,-0.0000, 0.0000, 0.0000,-0.7180,0
 0.0026, 0.0000,-0.0031, 3.1415, 0.0000,-0.0000, 0.0000, 0.0000,-0.7180,0
 0.0026, 0.0000,-0.0031, 3.1415, 0.0000,-0.0000, 0.0000, 0.0000,-0.7180,0
 0.0026, 0.0000,-0.0031, 3.1415, 0.0000,-0.0000, 0.0000, 0.0000,-0.7180,0
 0.0026, 0.0000,-0.0031, 3.1415, 0.0000,-0.0000, 0.0000, 0.0000,-0.7180,0
 0.0026, 0.0000,-0.0031, 3.1415, 0.0000,-0.0000, 0.0000, 0.0000,-0.7180,0
 0.0026, 0.0000,-0.0031, 3.1415, 0.0000,-0.0000, 0.0000, 0.0000,-0.7180,0
 0.0026, 0.0000,-0.0031, 3.1415, 0.0000,-0.0000, 0.0000, 0.0000,-0.7180,0
 0.0026, 0.0000,-0.0031, 3.1415, 0.0000,-0.0000, 0.0000, 0.0000,-0.7180,0
 0.0026, 0.0000,-0.0062, 3.1415, 0.0000,-0.2513, 0.0000, 0.0000,-0.7180,0
 0.0026, 0.0000,-0.0062, 3.1415, 0.0000,-0.0502, 0.0000, 0.0000,-0.7180,0
 0.0026, 0.0000,-0.0062, 3.1415, 0.0000,-0.0100, 0.0000, 0.0000,-0.7180,0
 0.0026, 0.0000,-0.0062, 3.1415, 0.0000,-0.0020, 0.0000, 0.0000,-0.7180,0
 0.0026, 0.0000,-0.0062, 3.1415, 0.0000,-0.0004, 0.0000, 0.0000,-0.7180,0
 0.0026, 0.0000,-0.0062, 3.1415, 0.0000,-0.0000, 0.0000, 0.0000,-0.7180,0
 0.0026, 0.0000,-0.0062, 3.1415, 0.0000,-0.0000, 0.0000, 0.0000,-0.7180,0
 0.0026, 0.0000,-0.0062, 3.1415, 0.0000,-0.0000, 0.0000, 0.0000,-0.7180,0
 0.0026, 0.0000,-0.0062, 3.1415, 0.0000,-0.0000, 0.0000, 0.0000,-0.7180,0
 0.0026, 0.0000,-0.0062, 3.1415, 0.0000,-0.0000, 0.0000, 0.0000,-0.7180,0
 0.0026, 0.0000,-0.0062, 3.1415, 0.0000,-0.0000, 0.0000, 0.0000,-0.7180,0
 0.0026, 0.0000,-0.0062, 3.1415, 0.0000,-0.0000, 0.0000, 0.0000,-0.7180,0
 0.0026, 0.0000,-0.0062, 3.1415, 0.0000,-0.0000, 0.0000, 0.0000,-0.7180,0
 0.0026, 0.0000,-0.0062, 3.1415, 0.0000,-0.0000, 0.0000, 0.0000,-0.7180,0
 0.0026, 0.0000,-0.0062, 3.1415, 0.0000,-0.0000, 0.0000, 0.0000,-0.7180,0
 0.0026, 0.0000,-0.0062, 3.1415, 0.0000,-0.0000, 0.0000, 0.0000,-0.7180,0
 0.0026, 0.0000,-0.0062, 3.1415, 0.0000,-0.0000, 0.0000, 0.0000,-0.7180,0
 0.0026, 0.0000,-0.0031, 3.1415, 0.0000, 0.2513, 0.0000, 0.0000,-0.7180,0
 0.0026, 0.0000,-0.0031, 3.1415, 0.0000, 0.0502, 0.0000, 0.0000,-0.7180,0
 0.0026, 0.0000,-0.0031, 3.1415, 0.0000, 0.0100, 0.0000, 0.0000,-0.7180,0
 0.0026, 0.0000,-0.0031, 3.1415, 0.0000, 0.0020, 0.0000, 0.0000,-0.7180,0
 0.0026, 0.0000,-0.0031, 3.1415, 0.0000, 0.0004, 0.0000, 0.0000,-0.7180,0
 0.0026, 0.0000,-0.0031, 3.1415, 0.0000, 0.0000, 0.0000, 0.0000,-0.7180,0
 0.0026, 0.0000,-0.0031, 3.1415, 0.0000, 0.0000, 0.0000, 0.0000,-0.7180,0
 0.0026, 0.0000,-0.0031, 3.1415, 0.0000, 0.0000, 0.0000, 0.0000,-0.7180,0
 0.0026, 0.0000,-0.0031, 3.1415, 0.0000, 0.0000, 0.0000, 0.0000,-0.7180,0
 0.0026, 0.0000,-0.0031, 3.1415, 0.0000, 0.0000, 0.0000, 0.0000,-0.7180,0
 0.0026, 0.0000,-0.0031, 3.1415, 0.0000, 0.0000, 0.0000, 0.0000,-0.7180,0
 0.0026, 0.0000,-0.0031, 3.1415, 0.0000, 0.0000, 0.0000, 0.0000,-0.7180,0
 0.0026, 0.0000,-0.0031, 3.1415, 0.0000, 0.0000, 0.0000, 0.0000,-0.7180,0
 0.0026, 0.0000, 0.0000, 3.1415, 0.0000, 0.2513, 0.0000, 0.0000,-0.7180,0
 0.0026, 0.0000, 0.0000, 3.1415, 0.0000, 0.0502, 0.0000, 0.0000,-0.7180,0
 0.0026, 0.0000, 0.0000, 3.1415, 0.0000, 0.0100, 0.0000, 0.0000,-0.7180,0
 0.0026, 0.0000, 0.0000, 3.1415, 0.0000, 0.0020, 0.0000, 0.0000,-0.7180,0
 0.0026, 0.0000, 0.0000, 3.1415, 0.0000, 0.0004, 0.0000, 0.0000,-0.7180,0
 0.0026, 0.0000, 0.0000, 3.1415, 0.0000, 0.0000, 0.0000, 0.0000,-0.7180,0
 0.0026, 0.0000, 0.0000, 3.1415, 0.0000, 0.0000, 0.0000, 0.0000,-0.7180,0
 0.0026, 0.0000, 0.0000, 3.1415, 0.0000, 0.0000, 0.0000, 0.0000,-0.7180,0
 0.0026, 0.0000, 0.0000, 3.1415, 0.0000, 0.0000, 0.0000, 0.0000,-0.7180,0
 0.0026, 0.0000, 0.0000, 3.1415, 0.0000, 0.0000, 0.0000, 0.0000,-0.7180,0
 0.0026, 0.0000, 0.0000, 3.1415, 0.0000, 0.0000, 0.0000, 0.0000,-0.7180,0
 0.0026, 0.0000, 0.0031, 3.1415, 0.0000, 0.2513, 0.0000, 0.0000,-0.7180,0
 0.0026, 0.0000, 0.0031, 3.1415, 0.0000, 0.0502, 0.0000, 0.0000,-0.7180,0
 0.0026, 0.0000, 0.0031, 3.1415, 0.0000, 0.0100, 0.0000, 0.0000,-0.7180,0
 0.0026, 0.0000, 0.0031, 3.1415, 0.0000, 0.0020, 0.0000, 0.0000,-0.7180,0
 0.0026, 0.0000, 0.0031, 3.1415, 0.0000, 0.0004, 0.0000, 0.0000,-0.7180,0
 0.0026, 0.0000, 0.0031, 3.1415, 0.0000, 0.0000, 0.0000, 0.0000,-0.7180,0
 0.0026, 0.0000, 0.0031, 3.1415, 0.0000, 0.0000, 0.0000, 0.0000,-0.7180,0
 0.0026, 0.0000, 0.0031, 3.1415, 0.0000, 0.0000, 0.0000, 0.0000,-0.7180,0
 0.0026, 0.0000, 0.0031, 3.1415, 0.0000, 0.0000, 0.0000, 0.0000,-0.7180,0
 0.0026, 0.0000, 0.0031, 3.1415, 0.0000, 0.0000, 0.0000, 0.0000,-0.7180,0
 0.0026, 0.0000, 0.0031, 3.1415, 0.0000, 0.0000, 0.0000, 0.0000,-0.7180,0
 0.0026, 0.0000, 0.0031, 3.1415, 0.0000, 0.0000, 0.0000, 0.0000,-0.7180,0
 0.0026, 0.0000, 0.0031, 3.1415, 0.0000, 0.0000, 0.0000, 0.0000,-0.7180,0
 0.0026, 0.0000, 0.0062, 3.1415, 0.0000, 0.2513, 0.0000, 0.0000,-0.7180,0
 0.0026, 0.0000, 0.0062, 3.1415, 0.0000, 0.0502, 0.0000, 0.0000,-0.7180,0
 0.0026, 0.0000, 0.0062, 3.1415, 0.0000, 0.0100, 0.0000, 0.0000,-0.7180,0
 0.0026, 0.0000, 0.0062, 3.1415, 0.0000, 0.0020, 0.0000, 0.0000,-0.7180,0
 0.0026, 0.0000, 0.0062, 3.1415, 0.0000, 0.0004, 0.0000, 0.0000,-0.7180,0
 0.0026, 0.0000, 0.0062, 3.1415, 0.0000, 0.0000, 0.0000, 0.0000,-0.7180,0
 0.0026, 0.0000, 0.0062, 3.1415, 0.0000, 0.0000, 0.0000, 0.0000,-0.7180,0
 0.0026, 0.0000, 0.0062, 3.1415, 0.0000, 0.0000, 0.0000, 0.0000,-0.7180,0
 0.0026, 0.0000, 0.0062, 3.1415, 0.0000, 0.0000, 0.0000, 0.0000,-0.7180,0
 0.0026, 0.0000, 0.0062, 3.1415, 0.0000, 0.0000, 0.0000, 0.0000,-0.7180,0
 0.0026, 0.0000, 0.0062, 3.1415, 0.0000, 0.0000, 0.0000, 0.0000,-0.7180,0
 0.0026, 0.0000, 0.0062, 3.1415, 0.0000, 0.0000, 0.0000, 0.0000,-0.7180,0
 0.0026, 0.0000, 0.0062, 3.1415, 0.0000, 0.0000, 0.0000, 0.0000,-0.7180,0
 0.0026, 0.0000, 0.0062, 3.1415, 0.0000, 0.0000, 0.0000, 0.0000,-0.7180,0
 0.0026, 0.0000, 0.0062, 3.1415, 0.0000, 0.0000, 0.0000, 0.0000,-0.7180,0
 0.0026, 0.0000, 0.0062, 3.1415, 0.0000, 0.0000, 0.0000, 0.0000,-0.7180,0
 0.0026, 0.0000, 0.0062, 3.1415, 0.0000, 0.0000, 0.0000, 0.0000,-0.7180,0
 0.0026, 0.0000, 0.0062, 3.1415, 0.0000, 0.0000, 0.0000, 0.0000,-0.7180,0
 0.0026, 0.0000, 0.0062, 3.1415, 0.0000, 0.0000, 0.0000, 0.0000,-0.7180,0
 0.0026, 0.0000, 0.0062, 3.1415, 0.0000, 0.0000, 0.0000, 0.0000,-0.7180,0
 0.0026, 0.0000, 0.0062, 3.1415, 0.0000, 0.0000, 0.0000, 0.0000,-0.7180,0
 0.0026, 0.0000, 0.0062, 3.1415, 0.0000, 0.0000, 0.0000, 0.0000,-0.7180,0
 0.0026, 0.0000, 0.0031, 3.1415, 0.0000,-0.2513, 0.0000, 0.0000,-0.7180,0
 0.0026, 0.0000, 0.0031, 3.1415, 0.0000,-0.0502, 0.0000, 0.0000,-0.7180,0
 0.0026, 0.0000, 0.0031, 3.1415, 0.0000,-0.0100, 0.0000, 0.0000,-0.7180,0
 0.0026, 0.0000, 0.0031, 3.1415, 0.0000,-0.0020, 0.0000, 0.0000,-0.7180,0
 0.0026, 0.0000, 0.0031, 3.1415, 0.0000,-0.0004, 0.0000, 0.0000,-0.7180,0
 0.0026, 0.0000, 0.0031, 3.1415, 0.0000,-0.0000, 0.0000, 0.0000,-0.7180,0
 0.0026, 0.0000, 0.0031, 3.1415, 0.0000,-0.0000, 0.0000, 0.0000,-0.7180,0
 0.0026, 0.0000, 0.0031, 3.1415, 0.0000,-0.0000, 0.0000, 0.0000,-0.7180,0
 0.0026, 0.0000, 0.0031, 3.1415, 0.0000,-0.0000, 0.0000, 0.0000,-0.7180,0
 0.0026, 0.0000, 0.0031, 3.1415, 0.0000,-0.0000, 0.0000, 0.0000,-0.7180,0
 0.0026, 0.0000, 0.0031, 3.1415, 0.0000,-0.0000, 0.0000, 0.0000,-0.7180,0
 0.0026, 0.0000, 0.0031, 3.1415, 0.0000,-0.0000, 0.0000, 0.0000,-0.7180,0
 0.0026, 0.0000, 0.0000, 3.1415, 0.0000,-0.2513, 0.0000, 0.0000,-0.7180,0
 0.0026, 0.0000, 0.0000, 3.1415, 0.0000,-0.0502, 0.0000, 0.0000,-0.7180,0
 0.0026, 0.0000, 0.0000, 3.1415, 0.0000,-0.0100, 0.0000, 0.0000,-0.7180,0
 0.0026, 0.0000, 0.0000, 3.1415, 0.0000,-0.0020, 0.0000, 0.0000,-0.7180,0
 0.0026, 0.0000, 0.0000, 3.1415, 0.0000,-0.0004, 0.0000, 0.0000,-0.7180,0
 0.0026, 0.0000, 0.0000, 3.1415, 0.0000,-0.0000, 0.0000, 0.0000,-0.7180,0
 0.0026, 0.0000, 0.0000, 3.1415, 0.0000,-0.0000, 0.0000, 0.0000,-0.7180,0
 0.0026, 0.0000, 0.0000, 3.1415, 0.0000,-0.0000, 0.0000, 0.0000,-0.7180,0
 0.0026, 0.0000, 0.0000, 3.1415, 0.0000,-0.0000, 0.0000, 0.0000,-0.7180,0
 0.0026, 0.0000, 0.0000, 3.1415, 0.0000,-0.0000, 0.0000, 0.0000,-0.7180,0
 0.0026, 0.0000, 0.0000, 3.1415, 0.0000,-0.0000, 0.0000, 0.0000,-0.7180,0
 0.0026, 0.0000, 0.0000, 3.1415, 0.0000,-0.0000, 0.0000, 0.0000,-0.7180,0
 0.0026, 0.0000,-0.0031, 3.1415, 0.0000,-0.2513, 0.0000, 0.0000,-0.7180,0
 0.0026, 0.0000,-0.0031, 3.1415, 0.0000,-0.0502, 0.0000, 0.0000,-0.7180,0
 0.0026, 0.0000,-0.0031, 3.1415, 0.0000,-0.0100, 0.0000, 0.0000,-0.7180,0
 0.0026, 0.0000,-0.0031, 3.1415, 0.0000,-0.0020, 0.0000, 0.0000,-0.7180,0
 0.0026, 0.0000,-0.0031, 3.1415, 0.0000,-0.0004, 0.0000, 0.0000,-0.7180,0
 0.0026, 0.0000,-0.0031, 3.1415, 0.0000,-0.0000, 0.0000, 0.0000,-0.7180,0
 0.0026, 0.0000,-0.0031, 3.1415, 0.0000,-0.0000, 0.0000, 0.0000,-0.7180,0
 0.0026, 0.0000,-0.0031, 3.1415, 0.0000,-0.0000, 0.0000, 0.0000,-0.7180,0
 0.0026, 0.0000,-0.0031, 3.1415, 0.0000,-0.0000, 0.0000, 0.0000,-0.7180,0
 0.0026, 0.0000,-0.0031, 3.1415, 0.0000,-0.0000, 0.0000, 0.0000,-0.7180,0
 0.0026, 0.0000,-0.0031, 3.1415, 0.0000,-0.0000, 0.0000, 0.0000,-0.7180,0
 0.0026, 0.0000,-0.0031, 3.1415, 0.0000,-0.0000, 0.0000, 0.0000,-0.7180,0
 0.0026, 0.0000,-0.0031, 3.1415, 0.0000,-0.0000, 0.0000, 0.0000,-0.7180,0
 0.0026, 0.0000,-0.0031, 3.1415, 0.0000,-0.0000, 0.0000, 0.0000,-0.7180,0
 0.0026, 0.0000,-0.0031, 3.1415, 0.0000,-0.0000, 0.0000, 0.0000,-0.7180,0
 0.0026, 0.0000,-0.0031, 3.1415, 0.0000,-0.0000, 0.0000, 0.0000,-0.7180,0
 0.0026, 0.0000,-0.0031, 3.1415, 0.0000,-0.0000, 0.0000, 0.0000,-0.7180,0
 0.0026, 0.0000,-0.0062, 3.1415, 0.0000,-0.2513, 0.0000, 0.0000,-0.7180,0
 0.0026, 0.0000,-0.0062, 3.1415, 0.0000,-0.0502, 0.0000, 0.0000,-0.7180,0
 0.0026, 0.0000,-0.0062, 3.1415, 0.0000,-0.0100, 0.0000, 0.0000,-0.7180,0
 0.0026, 0.0000,-0.0062, 3.1415, 0.0000,-0.0020, 0.0000, 0.0000,-0.7180,0
 0.0026, 0.0000,-0.0062, 3.1415, 0.0000,-0.0004, 0.0000, 0.0000,-0.7180,0
 0.0026, 0.0000,-0.0062, 3.1415, 0.0000,-0.0000, 0.0000, 0.0000,-0.7180,0
 0.0026, 0.0000,-0.0062, 3.1415, 0.0000,-0.0000, 0.0000, 0.0000,-0.7180,0
 0.0026, 0.0000,-0.0062, 3.1415, 0.0000,-0.0000, 0.0000, 0.0000,-0.7180,0
 0.0026, 0.0000,-0.0062, 3.1415, 0.0000,-0.0000, 0.0000, 0.0000,-0.7180,0
 0.0026, 0.0000,-0.0062, 3.1415, 0.0000,-0.0000, 0.0000, 0.0000,-0.7180,0
 0.0026, 0.0000,-0.0031, 3.1415, 0.0000, 0.2513, 0.0000, 0.0000,-0.7180,0
 0.0026, 0.0000,-0.0031, 3.1415, 0.0000, 0.0502, 0.0000, 0.0000,-0.7180,0
 0.0026, 0.0000,-0.0031, 3.1415, 0.0000, 0.0100, 0.0000, 0.0000,-0.7180,0
 0.0026, 0.0000,-0.0031, 3.1415, 0.0000, 0.0020, 0.0000, 0.0000,-0.7180,0
 0.0026, 0.0000,-0.0031, 3.1415, 0.0000, 0.0004, 0.0000, 0.0000,-0.7180,0
 0.0026, 0.0000,-0.0031, 3.1415, 0.0000, 0.0000, 0.0000, 0.0000,-0.7180,0
 0.0026, 0.0000,-0.0031, 3.1415, 0.0000, 0.0000, 0.0000, 0.0000,-0.7180,0
 0.0026, 0.0000,-0.0031, 3.1415, 0.0000, 0.0000, 0.0000, 0.0000,-0.7180,0
 0.0026, 0.0000,-0.0031, 3.1415, 0.0000, 0.0000, 0.0000, 0.0000,-0.7180,0
 0.0026, 0.0000,-0.0031, 3.1415, 0.0000, 0.0000, 0.0000, 0.0000,-0.7180,0
 0.0026, 0.0000,-0.0031, 3.1415, 0.0000, 0.0000, 0.0000, 0.0000,-0.7180,0
 0.0026, 0.0000,-0.0031, 3.1415, 0.0000, 0.0000, 0.0000, 0.0000,-0.7180,0
 0.0026, 0.0000,-0.0031, 3.1415, 0.0000, 0.0000,-0.1786,-0.7180,-0.7173,0
 0.0026, 0.0000,-0.0031, 3.1415, 0.0000, 0.0000,-0.1786,-0.7180,-0.7166,0
 0.0025, 0.0000,-0.0031, 3.1415,-0.0121, 0.0000,-0.0456,-0.7180,-0.7159,0
 0.0022, 0.0000, 0.0000, 3.1415,-0.0206, 0.2513, 2.2728,-0.7172,-0.7152,0
 0.0021, 0.0000, 0.0000, 3.1415,-0.0101, 0.0502,-1.4541,-0.7180,-0.7145,0
 0.0019, 0.0000, 0.0000, 3.1415,-0.0202, 0.0100,-0.5789,-0.7180,-0.7137,0
 0.0013, 0.0000, 0.0031, 3.1415,-0.0525, 0.2533, 2.3650,-0.7171,-0.7130,0
 0.0015, 0.0000, 0.0031, 3.1415, 0.0076, 0.0506,-1.6676,-0.7180,-0.7123,0
 0.0009, 0.0000, 0.0031, 3.1415,-0.0530, 0.0101,-0.1929,-0.7180,-0.7116,0
 0.0006, 0.0000, 0.0062, 3.1415,-0.0348, 0.2533, 2.1439,-0.7171,-0.7109,0
 0.0006, 0.0000, 0.0062, 3.1415,-0.0069, 0.0506,-1.4716,-0.7180,-0.7101,0
 0.0000, 0.0000, 0.0062, 3.1415,-0.0499, 0.0101,-0.1671,-0.7180,-0.7094,0
-0.0003, 0.0000, 0.0094, 3.1415,-0.0402, 0.2533, 2.1758,-0.7171,-0.7087,0
-0.0001, 0.0000, 0.0094, 3.1415, 0.0101, 0.0506,-1.6115,-0.7180,-0.7080,0
-0.0008, 0.0000, 0.0125, 3.1415,-0.0525, 0.2614, 1.8085,-0.7170,-0.7073,0
-0.0006, 0.0000, 0.0125, 3.1415, 0.0016, 0.0522,-1.6542,-0.7179,-0.7066,0
-0.0011, 0.0000, 0.0125, 3.1415,-0.0360, 0.0104,-0.2791,-0.7180,-0.7058,0
-0.0014, 0.0000, 0.0125, 3.1415,-0.0314, 0.0020, 0.1945,-0.7180,-0.7051,0
-0.0014, 0.0000, 0.0125, 3.1415,-0.0062, 0.0004, 0.1011,-0.7180,-0.7044,0
-0.0015, 0.0000, 0.0125, 3.1415,-0.0073, 0.0000, 0.1612,-0.7180,-0.7037,0
-0.0014, 0.0000, 0.0125, 3.1415, 0.0045, 0.0000, 0.0467,-0.7180,-0.7030,0
-0.0012, 0.0000, 0.0125, 3.1415, 0.0191, 0.0000,-0.1126,-0.7180,-0.7022,0
-0.0012, 0.0000, 0.0125, 3.1415,-0.0022, 0.0000, 0.1092,-0.7180,-0.7015,0
-0.0010, 0.0000, 0.0125, 3.1415, 0.0177, 0.0000,-0.1082,-0.7180,-0.7008,0
-0.0009, 0.0000, 0.0125, 3.1415, 0.0096, 0.0000,-0.0309,-0.7180,-0.7001,0
-0.0011, 0.0000, 0.0094, 3.1415,-0.0102,-0.2513,-1.3834,-0.7171,-0.6994,0
-0.0012, 0.0000, 0.0094, 3.1415,-0.0141,-0.0502, 1.7701,-0.7180,-0.6987,0
-0.0010, 0.0000, 0.0094, 3.1415, 0.0153,-0.0100, 0.5931,-0.7180,-0.6979,0
-0.0009, 0.0000, 0.0094, 3.1415, 0.0151,-0.0020, 0.1166,-0.7180,-0.6972,0
-0.0009, 0.0000, 0.0094, 3.1415, 0.0030,-0.0004, 0.0870,-0.7180,-0.6965,0
-0.0006, 0.0000, 0.0094, 3.1415, 0.0187,-0.0000,-0.1301,-0.7180,-0.6958,0
-0.0006, 0.0000, 0.0062, 3.1415, 0.0098,-0.2513,-1.4391,-0.7171,-0.6951,0
-0.0006, 0.0000, 0.0062, 3.1415,-0.0040,-0.0502, 1.6641,-0.7180,-0.6943,0
-0.0005, 0.0000, 0.0062, 3.1415, 0.0113,-0.0100, 0.6057,-0.7180,-0.6936,0
-0.0003, 0.0000, 0.0062, 3.1415, 0.0143,-0.0020, 0.0905,-0.7180,-0.6929,0
-0.0002, 0.0000, 0.0031, 3.1415, 0.0150,-0.2517,-1.3442,-0.7172,-0.6922,0
-0.0002, 0.0000, 0.0031, 3.1415, 0.0030,-0.0503, 1.5990,-0.7180,-0.6915,0
 0.0001, 0.0000, 0.0031, 3.1415, 0.0309,-0.0100, 0.3693,-0.7180,-0.6908,0
 0.0004, 0.0000, 0.0000, 3.1415, 0.0304,-0.2533,-1.3021,-0.7171,-0.6900,0
 0.0005, 0.0000, 0.0000, 3.1415, 0.0121,-0.0506, 1.5162,-0.7180,-0.6893,0
 0.0007, 0.0000, 0.0000, 3.1415, 0.0206,-0.0101, 0.4473,-0.7180,-0.6886,0
 0.0010, 0.0000,-0.0031, 3.1415, 0.0283,-0.2533,-1.2295,-0.7171,-0.6879,0
 0.0010, 0.0000,-0.0031, 3.1415, 0.0056,-0.0506, 1.5646,-0.7180,-0.6872,0
 0.0015, 0.0000,-0.0062, 3.1415, 0.0375,-0.2614,-0.8022,-0.7171,-0.6864,0
 0.0014, 0.0000,-0.0062, 3.1415, 0.0014,-0.0522, 1.7523,-0.7180,-0.6857,0
 0.0017, 0.0000,-0.0062, 3.1415, 0.0245,-0.0104, 0.3909,-0.7180,-0.6850,0
 0.0019, 0.0000,-0.0094, 3.1415, 0.0230,-0.2534,-1.0772,-0.7171,-0.6843,0
 0.0018, 0.0000,-0.0094, 3.1415,-0.0014,-0.0506, 1.6130,-0.7180,-0.6836,0
 0.0022, 0.0000,-0.0094, 3.1415, 0.0300,-0.0101, 0.2603,-0.7180,-0.6829,0
 0.0023, 0.0000,-0.0125, 3.1415, 0.0120,-0.2533,-0.9129,-0.7171,-0.6821,0
 0.0024, 0.0000,-0.0125, 3.1415, 0.0084,-0.0506, 1.4919,-0.7179,-0.6814,0
 0.0026, 0.0000,-0.0125, 3.1415, 0.0198,-0.0101, 0.3403,-0.7180,-0.6807,0
 0.0027, 0.0000,-0.0125, 3.1415, 0.0100,-0.0020,-0.0669,-0.7180,-0.6800,0
 0.0028, 0.0000,-0.0125, 3.1415, 0.0080,-0.0004,-0.2119,-0.7180,-0.6793,0
 0.0027, 0.0000,-0.0125, 3.1415,-0.0044,-0.0000,-0.1240,-0.7180,-0.6785,0
 0.0025, 0.0000,-0.0125, 3.1415,-0.0130,-0.0000,-0.0382,-0.7180,-0.6778,0
 0.0023, 0.0000,-0.0125, 3.1415,-0.0207,-0.0000, 0.0531,-0.7180,-0.6771,0
 0.0022, 0.0000,-0.0125, 3.1415,-0.0102,-0.0000,-0.0494,-0.7180,-0.6764,0
 0.0019, 0.0000,-0.0125, 3.1415,-0.0262,-0.0000, 0.1336,-0.7180,-0.6757,0
 0.0020, 0.0000,-0.0125, 3.1415, 0.0008,-0.0000,-0.1459,-0.7180,-0.6750,0
 0.0018, 0.0000,-0.0125, 3.1415,-0.0180,-0.0000, 0.0600,-0.7180,-0.6742,0
 0.0018, 0.0000,-0.0125, 3.1415,-0.0036,-0.0000,-0.0859,-0.7180,-0.6735,0
 0.0017, 0.0000,-0.0125, 3.1415,-0.0067,-0.0000,-0.0486,-0.7180,-0.6728,0
 0.0015, 0.0000,-0.0094, 3.1415,-0.0195, 0.2513, 0.5276,-0.7171,-0.6721,0
 0.0015, 0.0000,-0.0094, 3.1415, 0.0021, 0.0502,-1.8952,-0.7180,-0.6714,0
 0.0012, 0.0000,-0.0094, 3.1415,-0.0238, 0.0100,-0.5679,-0.7180,-0.6706,0
 0.0012, 0.0000,-0.0094, 3.1415,-0.0108, 0.0020,-0.1903,-0.7180,-0.6699,0
 0.0008, 0.0000,-0.0062, 3.1415,-0.0324, 0.2517, 0.5264,-0.7171,-0.6692,0
 0.0007, 0.0000,-0.0062, 3.1415,-0.0125, 0.0503,-1.7288,-0.7180,-0.6685,0
 0.0004, 0.0000,-0.0062, 3.1415,-0.0267, 0.0100,-0.4903,-0.7180,-0.6678,0
 0.0002, 0.0000,-0.0031, 3.1415,-0.0235, 0.2533, 0.2259,-0.7171,-0.6671,0
 0.0000, 0.0000,-0.0031, 3.1415,-0.0168, 0.0506,-1.7017,-0.7180,-0.6663,0
-0.0003, 0.0000,-0.0031, 3.1415,-0.0336, 0.0101,-0.3841,-0.7180,-0.6656,0
-0.0005, 0.0000, 0.0000, 3.1415,-0.0249, 0.2533, 0.1981,-0.7171,-0.6649,0
-0.0006, 0.0000, 0.0000, 3.1415,-0.0110, 0.0506,-1.7330,-0.7180,-0.6642,0
-0.0009, 0.0000, 0.0000, 3.1415,-0.0325, 0.0101,-0.3536,-0.7180,-0.6635,0
-0.0012, 0.0000, 0.0031, 3.1415,-0.0246, 0.2533, 0.1517,-0.7171,-0.6627,0
-0.0012, 0.0000, 0.0031, 3.1415,-0.0049, 0.0506,-1.7720,-0.7180,-0.6620,0
-0.0016, 0.0000, 0.0031, 3.1415,-0.0373, 0.0101,-0.2622,-0.7180,-0.6613,0
-0.0018, 0.0000, 0.0062, 3.1415,-0.0256, 0.2533, 0.1178,-0.7171,-0.6606,0
-0.0018, 0.0000, 0.0062, 3.1415,-0.0051, 0.0506,-1.7420,-0.7180,-0.6599,0
-0.0021, 0.0000, 0.0062, 3.1415,-0.0252, 0.0101,-0.3525,-0.7180,-0.6592,0
-0.0024, 0.0000, 0.0094, 3.1415,-0.0232, 0.2533, 0.0397,-0.7171,-0.6584,0
-0.0024, 0.0000, 0.0094, 3.1415,-0.0046, 0.0506,-1.7290,-0.7180,-0.6577,0
-0.0027, 0.0000, 0.0094, 3.1415,-0.0251, 0.0101,-0.3213,-0.7180,-0.6570,0
-0.0029, 0.0000, 0.0094, 3.1415,-0.0232, 0.0020, 0.2077,-0.7180,-0.6563,0
-0.0029, 0.0000, 0.0094, 3.1415,-0.0046, 0.0004, 0.1859,-0.7180,-0.6556,0
-0.0029, 0.0000, 0.0125, 3.1415,-0.0009, 0.2514,-0.0885,-0.7171,-0.6548,0
-0.0030, 0.0000, 0.0125, 3.1415,-0.0062, 0.0502,-1.6451,-0.7180,-0.6541,0
-0.0030, 0.0000, 0.0125, 3.1415,-0.0012, 0.0100,-0.5349,-0.7180,-0.6534,0
-0.0033, 0.0000, 0.0125, 3.1415,-0.0245, 0.0020, 0.2484,-0.7180,-0.6527,0
-0.0032, 0.0000, 0.0125, 3.1415, 0.0011, 0.0004, 0.1480,-0.7180,-0.6520,0
-0.0032, 0.0000, 0.0125, 3.1415, 0.0002, 0.0000, 0.2022,-0.7180,-0.6513,0
-0.0031, 0.0000, 0.0125, 3.1415, 0.0061, 0.0000, 0.1489,-0.7180,-0.6505,0
-0.0030, 0.0000, 0.0125, 3.1415, 0.0133, 0.0000, 0.0681,-0.7180,-0.6498,0
-0.0028, 0.0000, 0.0094, 3.1415, 0.0208,-0.2513, 0.4985,-0.7171,-0.6491,0
-0.0023, 0.0000, 0.0094, 3.1415, 0.0405,-0.0502, 1.7044,-0.7180,-0.6484,0
-0.0018, 0.0000, 0.0062, 3.1415, 0.0444,-0.2613, 1.0145,-0.7171,-0.6477,0
-0.0012, 0.0000, 0.0062, 3.1415, 0.0574,-0.0522, 1.7004,-0.7180,-0.6469,0
-0.0004, 0.0000, 0.0031, 3.1415, 0.0781,-0.2617, 0.6987,-0.7171,-0.6462,0
 0.0003, 0.0000, 0.0000, 3.1415, 0.0762,-0.3036, 2.0734,-0.7168,-0.6455,0
 0.0012, 0.0000,-0.0031, 3.1415, 0.0940,-0.3120, 2.4445,-0.7167,-0.6448,0
 0.0021, 0.0000,-0.0062, 3.1415, 0.0915,-0.3137, 2.6229,-0.7166,-0.6441,0
 0.0031, 0.0000,-0.0094, 3.1415, 0.0971,-0.3140, 2.5843,-0.7166,-0.6434,0
 0.0044, 0.0000,-0.0125, 3.1415, 0.1225,-0.3141, 2.2885,-0.7166,-0.6426,0
 0.0057, 0.0000,-0.0188, 3.1415, 0.1275,-0.5654, 2.6925,-0.7134,-0.6419,0
 0.0069, 0.0000,-0.0219, 3.1415, 0.1225,-0.3644, 4.1664,-0.7160,-0.6412,0
 0.0085, 0.0000,-0.0251, 3.1415, 0.1518,-0.3242, 2.5866,-0.7163,-0.6405,0
 0.0102, 0.0000,-0.0314, 3.1415, 0.1637,-0.5674, 2.4284,-0.7132,-0.6398,0
 0.0118, 0.0000,-0.0376, 3.1415, 0.1600,-0.6161, 4.1538,-0.7122,-0.6390,0
 0.0137, 0.0000,-0.0408, 3.1415, 0.1836,-0.3745, 4.0178,-0.7155,-0.6383,0
 0.0159, 0.0000,-0.0471, 3.1415, 0.2125,-0.5775, 2.4652,-0.7126,-0.6376,0
 0.0181, 0.0000,-0.0565, 3.1415, 0.2183,-0.8694, 3.5607,-0.7063,-0.6369,0
 0.0203, 0.0000,-0.0628, 3.1415, 0.2255,-0.6765, 4.6799,-0.7102,-0.6362,0
 0.0229, 0.0000,-0.0691, 3.1415, 0.2512,-0.6379, 4.3928,-0.7106,-0.6355,0
 0.0254, 0.0000,-0.0753, 3.1415, 0.2503,-0.6302, 3.7911,-0.7104,-0.6347,0
 0.0281, 0.0000,-0.0816, 3.1415, 0.2683,-0.6287, 3.3067,-0.7101,-0.6340,0
 0.0311, 0.0000,-0.0911, 3.1415, 0.2901,-0.8797, 2.9480,-0.7042,-0.6333,0
 0.0341, 0.0000,-0.0973, 3.1415, 0.3005,-0.6785, 4.4619,-0.7082,-0.6326,0
 0.0372, 0.0000,-0.1068, 3.1415, 0.3087,-0.8897, 3.0906,-0.7029,-0.6319,0
 0.0404, 0.0000,-0.1130, 3.1415, 0.3164,-0.6805, 4.1091,-0.7070,-0.6311,0
 0.0438, 0.0000,-0.1225, 3.1415, 0.3361,-0.8901, 2.4331,-0.7016,-0.6304,0
 0.0473, 0.0000,-0.1288, 3.1415, 0.3461,-0.6806, 3.3482,-0.7056,-0.6297,0
 0.0509, 0.0000,-0.1382, 3.1415, 0.3542,-0.8901, 1.7578,-0.7001,-0.6290,0
 0.0545, 0.0000,-0.1445, 3.1415, 0.3618,-0.6806, 2.6727,-0.7041,-0.6283,0
 0.0583, 0.0000,-0.1507, 3.1415, 0.3755,-0.6387, 0.9535,-0.7042,-0.6276,0
 0.0619, 0.0000,-0.1602, 3.1415, 0.3661,-0.8817, 0.2905,-0.6980,-0.6268,0
 0.0656, 0.0000,-0.1665, 3.1415, 0.3642,-0.6790, 1.6645,-0.7017,-0.6261,0
 0.0694, 0.0000,-0.1696, 3.1415, 0.3760,-0.3871,-0.5123,-0.7056,-0.6254,0
 0.0727, 0.0000,-0.1759, 3.1415, 0.3419,-0.5800,-2.2024,-0.7022,-0.6247,0
 0.0759, 0.0000,-0.1790, 3.1415, 0.3230,-0.3673,-1.8846,-0.7047,-0.6240,0
 0.0788, 0.0000,-0.1822, 3.1415, 0.3010,-0.3247,-3.3483,-0.7047,-0.6233,0
 0.0817, 0.0000,-0.1822, 3.1415, 0.2845,-0.0649,-4.6799,-0.7061,-0.6225,0
 0.0839, 0.0000,-0.1822, 3.1415, 0.2388,-0.0129,-4.6799,-0.7062,-0.6218,0
 0.0858, 0.0000,-0.1790, 3.1415, 0.1993, 0.2487,-4.6799,-0.7057,-0.6211,0
 0.0873, 0.0000,-0.1727, 3.1415, 0.1550, 0.5524,-4.6799,-0.7031,-0.6204,0
 0.0882, 0.0000,-0.1665, 3.1415, 0.1098, 0.6131,-4.6799,-0.7028,-0.6197,0
 0.0888, 0.0000,-0.1570, 3.1415, 0.0644, 0.8766,-4.6799,-0.6984,-0.6189,0
 0.0889, 0.0000,-0.1476, 3.1415, 0.0189, 0.9293,-4.6799,-0.6981,-0.6182,0
 0.0885, 0.0000,-0.1350, 3.1415,-0.0265, 1.1911,-4.6799,-0.6916,-0.6175,0
 0.0879, 0.0000,-0.1193, 3.1415,-0.0477, 1.4948,-4.6799,-0.6816,-0.6168,0
 0.0870, 0.0000,-0.1068, 3.1415,-0.0883, 1.3042,-4.6799,-0.6901,-0.6161,0
 0.0857, 0.0000,-0.0879, 3.1415,-0.1207, 1.7688,-4.6799,-0.6715,-0.6154,0
 0.0841, 0.0000,-0.0722, 3.1415,-0.1514, 1.6104,-4.6799,-0.6799,-0.6146,0
 0.0823, 0.0000,-0.0534, 3.1415,-0.1697, 1.8300,-4.6799,-0.6701,-0.6139,0
 0.0803, 0.0000,-0.0345, 3.1415,-0.1976, 1.8739,-4.6799,-0.6684,-0.6132,0
 0.0779, 0.0000,-0.0125, 3.1415,-0.2274, 2.1340,-4.6799,-0.6542,-0.6125,0
 0.0755, 0.0000, 0.0094, 3.1415,-0.2395, 2.1861,-4.6799,-0.6511,-0.6118,0
 0.0728, 0.0000, 0.0314, 3.1415,-0.2661, 2.1965,-4.6799,-0.6501,-0.6110,0
 0.0699, 0.0000, 0.0534, 3.1415,-0.2836, 2.1985,-4.6799,-0.6493,-0.6103,0
 0.0668, 0.0000, 0.0753, 3.1415,-0.3053, 2.1990,-4.6799,-0.6483,-0.6096,0
 0.0635, 0.0000, 0.0973, 3.1415,-0.3217, 2.1990,-4.6799,-0.6469,-0.6089,0
 0.0601, 0.0000, 0.1225, 3.1415,-0.3432, 2.4504,-4.6799,-0.6286,-0.6082,0
 0.0565, 0.0000, 0.1445, 3.1415,-0.3536, 2.2493,-4.6799,-0.6397,-0.6075,0
 0.0527, 0.0000, 0.1696, 3.1415,-0.3738, 2.4604,-4.6799,-0.6230,-0.6067,0
 0.0488, 0.0000, 0.1916, 3.1415,-0.3900, 2.2513,-4.6799,-0.6339,-0.6060,0
 0.0447, 0.0000, 0.2167, 3.1415,-0.4054, 2.4608,-1.9155,-0.6165,-0.6053,0
 0.0406, 0.0000, 0.2387, 3.1415,-0.4085, 2.2514,-4.6799,-0.6267,-0.6046,0
 0.0363, 0.0000, 0.2607, 3.1415,-0.4273, 2.2095,-4.6799,-0.6254,-0.6039,0
 0.0319, 0.0000, 0.2827, 3.1415,-0.4371, 2.2012,-4.5561,-0.6217,-0.6031,0
 0.0273, 0.0000, 0.3047, 3.1415,-0.4512, 2.1995,-2.6199,-0.6172,-0.6024,0
 0.0228, 0.0000, 0.3267, 3.1415,-0.4540, 2.1991,-0.7858,-0.6123,-0.6017,0
 0.0182, 0.0000, 0.3455, 3.1415,-0.4546, 1.9478,-4.6799,-0.6225,-0.6010,0
 0.0136, 0.0000, 0.3644, 3.1415,-0.4607, 1.8975,-3.1707,-0.6205,-0.6003,0
 0.0089, 0.0000, 0.3832, 3.1415,-0.4680, 1.8874,-1.0408,-0.6161,-0.5996,0
 0.0041, 0.0000, 0.4021, 3.1415,-0.4756, 1.8854, 0.8275,-0.6110,-0.5988,0
 0.0001, 0.0000, 0.4178, 3.1415,-0.4164, 1.6337,-3.1559,-0.6189,-0.5981,0
-0.0045, 0.0000, 0.4303, 3.1415,-0.4592, 1.3320,-4.1134,-0.6277,-0.5974,0
-0.0092, 0.0000, 0.4429, 3.1415,-0.4677, 1.2717,-1.3779,-0.6261,-0.5967,0
-0.0138, 0.0000, 0.4555, 3.1415,-0.4634, 1.2596, 0.2598,-0.6226,-0.5960,0
-0.0178, 0.0000, 0.4649, 3.1415,-0.4079, 1.0059,-1.6662,-0.6276,-0.5952,0
-0.0220, 0.0000, 0.4743, 3.1415,-0.4211, 0.9551, 0.4539,-0.6260,-0.5945,0
-0.0257, 0.0000, 0.4806, 3.1415,-0.3813, 0.6936,-0.3844,-0.6299,-0.5938,0
-0.0300, 0.0000, 0.4838, 3.1415,-0.4158, 0.3900, 1.0046,-0.6335,-0.5931,0
-0.0332, 0.0000, 0.4869, 3.1415,-0.3438, 0.3293, 2.6894,-0.6331,-0.5924,0
-0.0365, 0.0000, 0.4869, 3.1415,-0.3295, 0.0658, 3.0391,-0.6345,-0.5917,0
-0.0394, 0.0000, 0.4869, 3.1415,-0.2963, 0.0131, 4.6751,-0.6346,-0.5909,0
-0.0419, 0.0000, 0.4806, 3.1415,-0.2593,-0.5000, 4.2343,-0.6332,-0.5902,0
-0.0438, 0.0000, 0.4743, 3.1415,-0.2034,-0.6026, 4.6799,-0.6337,-0.5895,0
-0.0453, 0.0000, 0.4618, 3.1415,-0.1619,-1.1258, 4.6799,-0.6251,-0.5888,0
-0.0462, 0.0000, 0.4492, 3.1415,-0.1051,-1.2304, 4.6799,-0.6256,-0.5881,0
-0.0466, 0.0000, 0.4335, 3.1415,-0.0574,-1.5027, 4.6799,-0.6200,-0.5873,0
-0.0467, 0.0000, 0.4146, 3.1415,-0.0175,-1.8085, 4.6799,-0.6114,-0.5866,0
-0.0463, 0.0000, 0.3926, 3.1415, 0.0328,-2.1209, 4.0088,-0.6004,-0.5859,0
-0.0455, 0.0000, 0.3707, 3.1415, 0.0672,-2.1834, 4.6799,-0.6025,-0.5852,0
-0.0444, 0.0000, 0.3424, 3.1415, 0.1043,-2.6986,-4.6799,-0.5744,-0.5845,0
-0.0440, 0.0000, 0.3173, 3.1415, 0.0511,-2.5503, 4.6799,-0.5911,-0.5838,0
-0.0421, 0.0000, 0.2890, 3.1415, 0.1618,-2.7720,-1.9588,-0.5807,-0.5830,0
-0.0414, 0.0000, 0.2607, 3.1415, 0.0869,-2.8163, 1.0894,-0.5827,-0.5823,0
-0.0400, 0.0000, 0.2324, 3.1415, 0.1325,-2.8252, 3.3478,-0.5870,-0.5816,0
-0.0387, 0.0000, 0.2010, 3.1415, 0.1295,-3.0783,-4.6799,-0.5709,-0.5809,0
-0.0378, 0.0000, 0.1696, 3.1415, 0.0926,-3.1289,-4.3283,-0.5707,-0.5802,0
-0.0369, 0.0000, 0.1413, 3.1415, 0.0973,-2.8877, 4.6799,-0.5941,-0.5794,0
-0.0355, 0.0000, 0.1099, 3.1415, 0.1286,-3.0908, 0.1514,-0.5800,-0.5787,0
-0.0347, 0.0000, 0.0785, 3.1415, 0.0924,-3.1314, 0.9297,-0.5785,-0.5780,0
-0.0336, 0.0000, 0.0471, 3.1415, 0.1033,-3.1395, 1.9729,-0.5792,-0.5773,0
-0.0325, 0.0000, 0.0157, 3.1415, 0.1055,-3.1411, 2.7318,-0.5798,-0.5766,0
-0.0311, 0.0000,-0.0157, 3.1415, 0.1363,-3.1415, 2.7585,-0.5798,-0.5759,0
-0.0300, 0.0000,-0.0502, 3.1415, 0.1182,-3.3929,-4.6799,-0.5560,-0.5751,0
-0.0294, 0.0000,-0.0816, 3.1415, 0.0721,-3.1918, 1.9833,-0.5730,-0.5744,0
-0.0280, 0.0000,-0.1099, 3.1415, 0.1235,-2.9003, 4.6799,-0.5959,-0.5737,0
-0.0270, 0.0000,-0.1413, 3.1415, 0.1035,-3.0933, 1.7497,-0.5769,-0.5730,0
-0.0256, 0.0000,-0.1727, 3.1415, 0.1298,-3.1319,-1.1129,-0.5700,-0.5723,0
-0.0248, 0.0000,-0.2042, 3.1415, 0.0926,-3.1396,-2.4811,-0.5651,-0.5715,0
-0.0243, 0.0000,-0.2324, 3.1415, 0.0609,-2.8898, 4.6799,-0.5818,-0.5708,0
-0.0232, 0.0000,-0.2607, 3.1415, 0.0970,-2.8399, 4.6799,-0.5809,-0.5701,0
-0.0224, 0.0000,-0.2858, 3.1415, 0.0861,-2.5786, 4.6799,-0.5958,-0.5694,0
-0.0212, 0.0000,-0.3141, 3.1415, 0.1142,-2.7776, 2.0073,-0.5749,-0.5687,0
-0.0205, 0.0000,-0.3392, 3.1415, 0.0774,-2.5661, 4.6799,-0.5849,-0.5680,0
-0.0192, 0.0000,-0.3644, 3.1415, 0.1185,-2.5238, 4.6799,-0.5817,-0.5672,0
-0.0179, 0.0000,-0.3895, 3.1415, 0.1267,-2.5153, 3.9153,-0.5757,-0.5665,0
-0.0163, 0.0000,-0.4146, 3.1415, 0.1526,-2.5136, 1.0089,-0.5687,-0.5658,0
-0.0153, 0.0000,-0.4366, 3.1415, 0.1093,-2.2620, 4.6799,-0.5790,-0.5651,0
-0.0138, 0.0000,-0.4586, 3.1415, 0.1431,-2.2116, 4.1510,-0.5753,-0.5644,0
-0.0125, 0.0000,-0.4775, 3.1415, 0.1377,-1.9503, 4.6799,-0.5845,-0.5636,0
-0.0108, 0.0000,-0.4963, 3.1415, 0.1609,-1.8980, 4.6799,-0.5809,-0.5629,0
-0.0093, 0.0000,-0.5152, 3.1415, 0.1534,-1.8875, 2.9812,-0.5749,-0.5622,0
-0.0078, 0.0000,-0.5309, 3.1415, 0.1519,-1.6341, 4.6799,-0.5818,-0.5615,0
-0.0059, 0.0000,-0.5466, 3.1415, 0.1819,-1.5834, 3.4179,-0.5783,-0.5608,0
-0.0038, 0.0000,-0.5592, 3.1415, 0.2001,-1.3220, 4.6799,-0.5842,-0.5601,0
-0.0017, 0.0000,-0.5749, 3.1415, 0.2097,-1.5210,-0.6678,-0.5702,-0.5593,0
-0.0003, 0.0000,-0.5843, 3.1415, 0.1571,-1.0581, 4.6799,-0.5832,-0.5586,0
 0.0018, 0.0000,-0.5937, 3.1415, 0.2012,-0.9656, 2.4538,-0.5821,-0.5579,0
 0.0037, 0.0000,-0.6000, 3.1415, 0.1918,-0.6957, 2.8610,-0.5858,-0.5572,0
 0.0055, 0.0000,-0.6063, 3.1415, 0.1838,-0.6418, 1.0777,-0.5843,-0.5565,0
 0.0070, 0.0000,-0.6094, 3.1415, 0.1580,-0.3796, 1.6655,-0.5867,-0.5557,0
 0.0090, 0.0000,-0.6126, 3.1415, 0.1892,-0.3272,-0.3308,-0.5860,-0.5550,0
 0.0105, 0.0000,-0.6126, 3.1415, 0.1591,-0.0654, 0.0959,-0.5874,-0.5543,0
 0.0118, 0.0000,-0.6094, 3.1415, 0.1409, 0.2382,-0.6282,-0.5880,-0.5536,0
 0.0132, 0.0000,-0.6063, 3.1415, 0.1373, 0.2989,-2.7349,-0.5888,-0.5529,0
 0.0140, 0.0000,-0.6000, 3.1415, 0.0881, 0.5624,-2.3838,-0.5882,-0.5522,0
 0.0144, 0.0000,-0.5906, 3.1415, 0.0540, 0.8664,-2.8126,-0.5859,-0.5514,0
 0.0150, 0.0000,-0.5780, 3.1415, 0.0532, 1.1786,-3.5982,-0.5819,-0.5507,0
 0.0147, 0.0000,-0.5623, 3.1415,-0.0136, 1.4923,-3.1667,-0.5763,-0.5500,0
 0.0143, 0.0000,-0.5434, 3.1415,-0.0330, 1.8064,-2.3657,-0.5689,-0.5493,0
 0.0138, 0.0000,-0.5246, 3.1415,-0.0429, 1.8692,-4.6799,-0.5725,-0.5486,0
 0.0129, 0.0000,-0.5026, 3.1415,-0.0813, 2.1331,-2.9047,-0.5655,-0.5478,0
 0.0118, 0.0000,-0.4806, 3.1415,-0.1072, 2.1859,-4.6799,-0.5698,-0.5471,0
 0.0106, 0.0000,-0.4555, 3.1415,-0.1184, 2.4478,-2.1454,-0.5609,-0.5464,0
 0.0088, 0.0000,-0.4272, 3.1415,-0.1631, 2.7515, 3.6702,-0.5475,-0.5457,0
 0.0075, 0.0000,-0.3989, 3.1415,-0.1357, 2.8122,-0.2058,-0.5509,-0.5450,0
 0.0059, 0.0000,-0.3675, 3.1415,-0.1605, 3.0757, 4.6799,-0.5376,-0.5443,0
 0.0044, 0.0000,-0.3361, 3.1415,-0.1473, 3.1284, 3.8345,-0.5408,-0.5435,0
 0.0034, 0.0000,-0.3047, 3.1415,-0.1143, 3.1389,-0.5200,-0.5470,-0.5428,0
 0.0018, 0.0000,-0.2733, 3.1415,-0.1502, 3.1410,-3.7877,-0.5533,-0.5421,0
 0.0007, 0.0000,-0.2387, 3.1415,-0.1149, 3.3928, 4.6799,-0.5365,-0.5414,0
-0.0002, 0.0000,-0.2073, 3.1415,-0.1018, 3.1918,-4.6799,-0.5600,-0.5407,0
-0.0017, 0.0000,-0.1727, 3.1415,-0.1416, 3.4029, 0.4921,-0.5452,-0.5399,0
-0.0024, 0.0000,-0.1382, 3.1415,-0.0828, 3.4451,-1.3595,-0.5450,-0.5392,0
-0.0039, 0.0000,-0.1036, 3.1415,-0.1378, 3.4536,-2.9016,-0.5472,-0.5385,0
-0.0050, 0.0000,-0.0691, 3.1415,-0.1185, 3.4553,-4.6799,-0.5492,-0.5378,0
-0.0063, 0.0000,-0.0314, 3.1415,-0.1267, 3.7069, 4.6799,-0.5253,-0.5371,0
-0.0071, 0.0000, 0.0031, 3.1415,-0.0859, 3.5060,-4.6799,-0.5460,-0.5364,0
-0.0082, 0.0000, 0.0376, 3.1415,-0.1081, 3.4658,-4.6799,-0.5494,-0.5356,0
-0.0098, 0.0000, 0.0722, 3.1415,-0.1489, 3.4577,-4.6799,-0.5488,-0.5349,0
-0.0111, 0.0000, 0.1099, 3.1415,-0.1328, 3.7074, 4.6799,-0.5213,-0.5342,0
-0.0118, 0.0000, 0.1445, 3.1415,-0.0872, 3.5060,-2.7441,-0.5385,-0.5335,0
-0.0134, 0.0000, 0.1790, 3.1415,-0.1447, 3.4658,-1.6724,-0.5384,-0.5328,0
-0.0149, 0.0000, 0.2136, 3.1415,-0.1441, 3.4577, 0.7038,-0.5343,-0.5320,0
-0.0159, 0.0000, 0.2481, 3.1415,-0.1076, 3.4561, 3.1670,-0.5288,-0.5313,0
-0.0165, 0.0000, 0.2796, 3.1415,-0.0761, 3.2045,-4.6799,-0.5464,-0.5306,0
-0.0175, 0.0000, 0.3078, 3.1415,-0.0940, 2.9028,-4.6799,-0.5663,-0.5299,0
-0.0187, 0.0000, 0.3392, 3.1415,-0.1097, 3.0938,-3.6532,-0.5431,-0.5292,0
-0.0196, 0.0000, 0.3675, 3.1415,-0.0947, 2.8807,-4.6799,-0.5539,-0.5285,0
-0.0206, 0.0000, 0.3958, 3.1415,-0.1038, 2.8380,-4.6799,-0.5497,-0.5277,0
-0.0217, 0.0000, 0.4241, 3.1415,-0.1056, 2.8295,-4.5614,-0.5423,-0.5270,0
-0.0228, 0.0000, 0.4492, 3.1415,-0.1120, 2.5765,-4.6799,-0.5538,-0.5263,0
-0.0244, 0.0000, 0.4775, 3.1415,-0.1436, 2.7772, 2.2184,-0.5297,-0.5256,0
-0.0250, 0.0000, 0.4995, 3.1415,-0.0772, 2.3147,-4.6799,-0.5553,-0.5249,0
-0.0263, 0.0000, 0.5215, 3.1415,-0.1245, 2.2222,-4.6799,-0.5534,-0.5242,0
-0.0275, 0.0000, 0.5403, 3.1415,-0.1158, 1.9524,-4.6799,-0.5624,-0.5234,0
-0.0289, 0.0000, 0.5623, 3.1415,-0.1383, 2.1497,-1.8918,-0.5428,-0.5227,0
-0.0302, 0.0000, 0.5780, 3.1415,-0.1307, 1.6865,-4.6799,-0.5615,-0.5220,0
-0.0316, 0.0000, 0.5937, 3.1415,-0.1413, 1.5939,-4.6799,-0.5596,-0.5213,0
-0.0333, 0.0000, 0.6094, 3.1415,-0.1616, 1.5754,-3.8170,-0.5540,-0.5206,0
-0.0352, 0.0000, 0.6251, 3.1415,-0.1839, 1.5717,-1.8831,-0.5476,-0.5198,0
-0.0369, 0.0000, 0.6377, 3.1415,-0.1762, 1.3196,-3.5594,-0.5525,-0.5191,0
-0.0388, 0.0000, 0.6471, 3.1415,-0.1807, 1.0179,-3.5530,-0.5583,-0.5184,0
-0.0405, 0.0000, 0.6565, 3.1415,-0.1756, 0.9575,-1.2858,-0.5559,-0.5177,0
-0.0425, 0.0000, 0.6628, 3.1415,-0.1988, 0.6941,-1.0555,-0.5592,-0.5170,0
-0.0446, 0.0000, 0.6691, 3.1415,-0.2034, 0.6414, 0.8257,-0.5574,-0.5163,0
-0.0457, 0.0000, 0.6723, 3.1415,-0.1255, 0.3796, 0.1384,-0.5598,-0.5155,0
-0.0471, 0.0000, 0.6723, 3.1415,-0.1403, 0.0759, 1.5546,-0.5617,-0.5148,0
-0.0481, 0.0000, 0.6691, 3.1415,-0.1068,-0.2361, 3.0383,-0.5624,-0.5141,0
-0.0488, 0.0000, 0.6660, 3.1415,-0.0820,-0.2985, 4.6799,-0.5633,-0.5134,0
-0.0490, 0.0000, 0.6565, 3.1415,-0.0285,-0.8136, 4.5868,-0.5595,-0.5127,0
-0.0489, 0.0000, 0.6471, 3.1415, 0.0003,-0.9167, 4.6799,-0.5611,-0.5119,0
-0.0485, 0.0000, 0.6314, 3.1415, 0.0364,-1.4399, 4.6799,-0.5505,-0.5112,0
-0.0477, 0.0000, 0.6157, 3.1415, 0.0679,-1.5446, 4.6799,-0.5528,-0.5105,0
-0.0466, 0.0000, 0.5969, 3.1415, 0.0984,-1.8168, 4.6799,-0.5477,-0.5098,0
-0.0452, 0.0000, 0.5780, 3.1415, 0.1348,-1.8713, 4.6799,-0.5523,-0.5091,0
-0.0435, 0.0000, 0.5529, 3.1415, 0.1603,-2.3848, 4.5105,-0.5314,-0.5084,0
-0.0417, 0.0000, 0.5277, 3.1415, 0.1775,-2.4875, 4.6799,-0.5337,-0.5076,0
-0.0394, 0.0000, 0.4995, 3.1415, 0.2234,-2.7594, 4.1602,-0.5237,-0.5069,0
-0.0367, 0.0000, 0.4680, 3.1415, 0.2569,-3.0651,-2.2363,-0.5093,-0.5062,0
-0.0346, 0.0000, 0.4366, 3.1415, 0.2211,-3.1263, 2.4026,-0.5138,-0.5055,0
-0.0316, 0.0000, 0.4021, 3.1415, 0.2867,-3.3898,-4.6799,-0.4999,-0.5048,0
-0.0294, 0.0000, 0.3675, 3.1415, 0.2331,-3.4425,-1.7531,-0.5042,-0.5040,0
-0.0270, 0.0000, 0.3330, 3.1415, 0.2346,-3.4531, 3.2040,-0.5117,-0.5033,0
-0.0241, 0.0000, 0.2953, 3.1415, 0.2773,-3.7065,-4.6799,-0.4946,-0.5026,0
-0.0225, 0.0000, 0.2607, 3.1415, 0.1888,-3.5059, 4.6799,-0.5217,-0.5019,0
-0.0194, 0.0000, 0.2230, 3.1415, 0.2803,-3.7171,-0.1188,-0.5068,-0.5012,0
-0.0178, 0.0000, 0.1853, 3.1415, 0.1833,-3.7593, 2.8739,-0.5079,-0.5005,0
-0.0154, 0.0000, 0.1476, 3.1415, 0.2307,-3.7677, 4.6799,-0.5115,-0.4997,0
-0.0130, 0.0000, 0.1099, 3.1415, 0.2401,-3.7694, 4.6799,-0.5148,-0.4990,0
-0.0104, 0.0000, 0.0691, 3.1415, 0.2541,-4.0211,-4.6799,-0.4900,-0.4983,0
-0.0088, 0.0000, 0.0282, 3.1415, 0.1781,-4.0714,-4.6799,-0.4857,-0.4976,0
-0.0069, 0.0000,-0.0094, 3.1415, 0.1872,-3.8302, 4.6799,-0.5126,-0.4969,0
-0.0041, 0.0000,-0.0471, 3.1415, 0.2617,-3.7819, 4.6799,-0.5170,-0.4961,0
-0.0023, 0.0000,-0.0848, 3.1415, 0.1978,-3.7723, 4.6799,-0.5162,-0.4954,0
-0.0001, 0.0000,-0.1256, 3.1415, 0.2154,-4.0217,-4.6799,-0.4859,-0.4947,0
 0.0012, 0.0000,-0.1633, 3.1415, 0.1582,-3.8202, 4.6799,-0.5042,-0.4940,0
 0.0037, 0.0000,-0.2010, 3.1415, 0.2317,-3.7799, 4.6351,-0.5035,-0.4933,0
 0.0057, 0.0000,-0.2356, 3.1415, 0.2039,-3.5205, 4.6799,-0.5247,-0.4926,0
 0.0081, 0.0000,-0.2733, 3.1415, 0.2348,-3.7200,-0.3437,-0.4976,-0.4918,0
 0.0095, 0.0000,-0.3078, 3.1415, 0.1561,-3.5086, 4.6799,-0.5119,-0.4911,0
 0.0118, 0.0000,-0.3424, 3.1415, 0.2131,-3.4663, 4.6799,-0.5081,-0.4904,0
 0.0137, 0.0000,-0.3769, 3.1415, 0.2002,-3.4578, 3.3429,-0.5002,-0.4897,0
 0.0160, 0.0000,-0.4084, 3.1415, 0.2219,-3.2048, 4.6799,-0.5152,-0.4890,0
 0.0181, 0.0000,-0.4398, 3.1415, 0.2141,-3.1542, 4.6799,-0.5104,-0.4882,0
 0.0202, 0.0000,-0.4712, 3.1415, 0.2065,-3.1441, 3.7104,-0.5014,-0.4875,0
 0.0227, 0.0000,-0.4995, 3.1415, 0.2413,-2.8907, 4.6799,-0.5133,-0.4868,0
 0.0250, 0.0000,-0.5277, 3.1415, 0.2362,-2.8401, 4.6799,-0.5074,-0.4861,0
 0.0275, 0.0000,-0.5529, 3.1415, 0.2473,-2.5786, 4.6799,-0.5180,-0.4854,0
 0.0299, 0.0000,-0.5780, 3.1415, 0.2374,-2.5263, 4.6799,-0.5120,-0.4847,0
 0.0325, 0.0000,-0.6031, 3.1415, 0.2536,-2.5158, 2.3123,-0.5027,-0.4839,0
 0.0352, 0.0000,-0.6251, 3.1415, 0.2690,-2.2624, 4.6799,-0.5106,-0.4832,0
 0.0381, 0.0000,-0.6440, 3.1415, 0.2842,-1.9604, 4.6799,-0.5204,-0.4825,0
 0.0407, 0.0000,-0.6628, 3.1415, 0.2690,-1.9000, 4.0439,-0.5154,-0.4818,0
 0.0438, 0.0000,-0.6817, 3.1415, 0.2963,-1.8879, 1.0060,-0.5076,-0.4811,0
 0.0465, 0.0000,-0.6974, 3.1415, 0.2775,-1.6342, 2.8288,-0.5130,-0.4803,0
 0.0496, 0.0000,-0.7099, 3.1415, 0.3041,-1.3321, 2.8452,-0.5197,-0.4796,0
 0.0524, 0.0000,-0.7225, 3.1415, 0.2851,-1.2717, 0.4352,-0.5160,-0.4789,0
 0.0554, 0.0000,-0.7319, 3.1415, 0.2935,-1.0083, 0.5039,-0.5199,-0.4782,0
 0.0580, 0.0000,-0.7382, 3.1415, 0.2709,-0.7043,-0.1547,-0.5241,-0.4775,0
 0.0608, 0.0000,-0.7445, 3.1415, 0.2785,-0.6435,-2.4395,-0.5222,-0.4768,0
 0.0629, 0.0000,-0.7476, 3.1415, 0.2254,-0.3800,-2.3395,-0.5245,-0.4760,0
 0.0651, 0.0000,-0.7476, 3.1415, 0.2209,-0.0760,-3.7268,-0.5264,-0.4753,0
 0.0670, 0.0000,-0.7445, 3.1415, 0.1897, 0.2361,-4.6799,-0.5272,-0.4746,0
 0.0682, 0.0000,-0.7382, 3.1415, 0.1410, 0.5498,-4.6799,-0.5268,-0.4739,0
 0.0691, 0.0000,-0.7288, 3.1415, 0.1009, 0.8639,-4.6799,-0.5252,-0.4732,0
 0.0695, 0.0000,-0.7162, 3.1415, 0.0444, 1.1781,-4.6799,-0.5221,-0.4724,0
 0.0695, 0.0000,-0.7005, 3.1415, 0.0088, 1.4922,-4.6799,-0.5177,-0.4717,0
 0.0691, 0.0000,-0.6817, 3.1415,-0.0285, 1.8064,-4.6799,-0.5119,-0.4710,0
 0.0682, 0.0000,-0.6597, 3.1415,-0.0784, 2.1205,-4.6799,-0.5044,-0.4703,0
 0.0670, 0.0000,-0.6346, 3.1415,-0.1127, 2.4347,-4.6799,-0.4952,-0.4696,0
 0.0653, 0.0000,-0.6094, 3.1415,-0.1559, 2.4975,-4.6799,-0.5014,-0.4689,0
 0.0635, 0.0000,-0.5780, 3.1415,-0.1767, 3.0127,-0.3190,-0.4743,-0.4681,0
 0.0613, 0.0000,-0.5466, 3.1415,-0.2111, 3.1158,-4.1774,-0.4775,-0.4674,0
 0.0589, 0.0000,-0.5152, 3.1415,-0.2301, 3.1364,-4.6799,-0.4871,-0.4667,0
 0.0561, 0.0000,-0.4775, 3.1415,-0.2703, 3.6432, 4.6799,-0.4519,-0.4660,0
 0.0544, 0.0000,-0.4398, 3.1415,-0.1874, 3.7445, 4.6799,-0.4534,-0.4653,0
 0.0519, 0.0000,-0.4021, 3.1415,-0.2375, 3.7648, 1.3260,-0.4623,-0.4645,0
 0.0497, 0.0000,-0.3612, 3.1415,-0.2294, 4.0202, 4.6799,-0.4454,-0.4638,0
 0.0479, 0.0000,-0.3235, 3.1415,-0.1914, 3.8199,-4.6799,-0.4765,-0.4631,0
 0.0454, 0.0000,-0.2858, 3.1415,-0.2323, 3.7799,-4.6799,-0.4889,-0.4624,0
 0.0433, 0.0000,-0.2450, 3.1415,-0.2162, 4.0232,-3.5917,-0.4700,-0.4617,0
 0.0410, 0.0000,-0.2010, 3.1415,-0.2251, 4.3232, 4.6799,-0.4419,-0.4610,0
 0.0396, 0.0000,-0.1570, 3.1415,-0.1602, 4.3832, 4.6799,-0.4402,-0.4602,0
 0.0375, 0.0000,-0.1162, 3.1415,-0.2018, 4.1439,-4.6799,-0.4728,-0.4595,0
 0.0348, 0.0000,-0.0722, 3.1415,-0.2525, 4.3473, 4.6799,-0.4516,-0.4588,0
 0.0337, 0.0000,-0.0314, 3.1415,-0.1414, 4.1367,-4.6799,-0.4781,-0.4581,0
 0.0316, 0.0000, 0.0125, 3.1415,-0.1980, 4.3459, 4.1632,-0.4536,-0.4574,0
 0.0306, 0.0000, 0.0534, 3.1415,-0.1123, 4.1364,-4.6799,-0.4775,-0.4566,0
 0.0284, 0.0000, 0.0942, 3.1415,-0.2043, 4.0945,-4.6799,-0.4801,-0.4559,0
 0.0269, 0.0000, 0.1350, 3.1415,-0.1621, 4.0861,-4.6799,-0.4777,-0.4552,0
 0.0253, 0.0000, 0.1790, 3.1415,-0.1536, 4.3358, 4.6799,-0.4434,-0.4545,0
 0.0240, 0.0000, 0.2199, 3.1415,-0.1398, 4.1344,-4.6799,-0.4614,-0.4538,0
 0.0222, 0.0000, 0.2576, 3.1415,-0.1734, 3.8428,-4.6799,-0.4876,-0.4531,0
 0.0204, 0.0000, 0.2984, 3.1415,-0.1741, 4.0358,-2.8103,-0.4583,-0.4523,0
 0.0185, 0.0000, 0.3361, 3.1415,-0.1864, 3.8230,-4.6799,-0.4732,-0.4516,0
 0.0169, 0.0000, 0.3738, 3.1415,-0.1646, 3.7805,-4.6799,-0.4683,-0.4509,0
 0.0151, 0.0000, 0.4115, 3.1415,-0.1784, 3.7720,-4.6799,-0.4589,-0.4502,0
 0.0132, 0.0000, 0.4461, 3.1415,-0.1872, 3.5190,-4.6799,-0.4744,-0.4495,0
 0.0112, 0.0000, 0.4806, 3.1415,-0.2011, 3.4684,-4.6799,-0.4683,-0.4488,0
 0.0091, 0.0000, 0.5152, 3.1415,-0.2039, 3.4582,-4.1143,-0.4574,-0.4480,0
 0.0069, 0.0000, 0.5466, 3.1415,-0.2166, 3.2049,-4.6799,-0.4696,-0.4473,0
 0.0045, 0.0000, 0.5780, 3.1415,-0.2373, 3.1542,-4.6799,-0.4621,-0.4466,0
 0.0018, 0.0000, 0.6094, 3.1415,-0.2596, 3.1441,-0.2791,-0.4504,-0.4459,0
-0.0005, 0.0000, 0.6377, 3.1415,-0.2459, 2.8907,-4.6799,-0.4599,-0.4452,0
-0.0028, 0.0000, 0.6660, 3.1415,-0.2371, 2.8400,-1.3692,-0.4517,-0.4444,0
-0.0053, 0.0000, 0.6911, 3.1415,-0.2414, 2.5786,-4.6799,-0.4602,-0.4437,0
-0.0080, 0.0000, 0.7131, 3.1415,-0.2665, 2.2750,-4.6799,-0.4706,-0.4430,0
-0.0106, 0.0000, 0.7351, 3.1415,-0.2655, 2.2142,-3.7380,-0.4639,-0.4423,0
-0.0132, 0.0000, 0.7539, 3.1415,-0.2592, 1.9508,-4.6799,-0.4701,-0.4416,0
-0.0160, 0.0000, 0.7696, 3.1415,-0.2761, 1.6467,-4.6799,-0.4777,-0.4409,0
-0.0190, 0.0000, 0.7853, 3.1415,-0.2917, 1.5859,-2.8202,-0.4725,-0.4401,0
-0.0219, 0.0000, 0.8011, 3.1415,-0.2887, 1.5738,-0.6758,-0.4650,-0.4394,0
-0.0247, 0.0000, 0.8105, 3.1415,-0.2820, 1.0687,-3.6823,-0.4788,-0.4387,0
-0.0276, 0.0000, 0.8199, 3.1415,-0.2928, 0.9677,-0.7455,-0.4768,-0.4380,0
-0.0306, 0.0000, 0.8262, 3.1415,-0.3011, 0.6962,-0.1705,-0.4798,-0.4373,0
-0.0335, 0.0000, 0.8325, 3.1415,-0.2906, 0.6418, 1.5327,-0.4775,-0.4365,0
-0.0357, 0.0000, 0.8356, 3.1415,-0.2339, 0.3797, 1.1762,-0.4795,-0.4358,0
-0.0381, 0.0000, 0.8356, 3.1415,-0.2408, 0.0759, 2.4058,-0.4815,-0.4351,0
-0.0403, 0.0000, 0.8293, 3.1415,-0.2179,-0.4874, 3.5374,-0.4816,-0.4344,0
-0.0419, 0.0000, 0.8230, 3.1415,-0.1709,-0.6001, 4.6799,-0.4832,-0.4337,0
-0.0432, 0.0000, 0.8136, 3.1415,-0.1372,-0.8740, 4.6799,-0.4825,-0.4330,0
-0.0438, 0.0000, 0.8011, 3.1415,-0.0759,-1.1801, 4.6799,-0.4802,-0.4322,0
-0.0440, 0.0000, 0.7853, 3.1415,-0.0333,-1.4926, 4.6799,-0.4765,-0.4315,0
-0.0439, 0.0000, 0.7634, 3.1415,-0.0006,-2.0578, 4.6799,-0.4595,-0.4308,0
-0.0435, 0.0000, 0.7414, 3.1415, 0.0301,-2.1708, 4.6799,-0.4636,-0.4301,0
-0.0426, 0.0000, 0.7162, 3.1415, 0.0787,-2.4447, 4.6799,-0.4579,-0.4294,0
-0.0413, 0.0000, 0.6880, 3.1415, 0.1188,-2.7509, 4.6799,-0.4487,-0.4286,0
-0.0399, 0.0000, 0.6565, 3.1415, 0.1389,-3.0634, 1.5973,-0.4373,-0.4279,0
-0.0381, 0.0000, 0.6251, 3.1415, 0.1672,-3.1259, 4.6799,-0.4454,-0.4272,0
-0.0360, 0.0000, 0.5874, 3.1415, 0.2092,-3.6411,-4.6799,-0.4120,-0.4265,0
-0.0343, 0.0000, 0.5497, 3.1415, 0.1752,-3.7441,-4.6799,-0.4160,-0.4258,0
-0.0322, 0.0000, 0.5120, 3.1415, 0.1987,-3.7647, 0.1917,-0.4275,-0.4251,0
-0.0301, 0.0000, 0.4712, 3.1415, 0.2095,-4.0202,-4.6799,-0.4135,-0.4243,0
-0.0284, 0.0000, 0.4303, 3.1415, 0.1752,-4.0713,-3.4236,-0.4205,-0.4236,0
-0.0268, 0.0000, 0.3895, 3.1415, 0.1684,-4.0815, 4.1716,-0.4310,-0.4229,0
-0.0247, 0.0000, 0.3455, 3.1415, 0.2034,-4.3348,-4.6799,-0.4125,-0.4222,0
-0.0237, 0.0000, 0.3015, 3.1415, 0.1195,-4.3855,-4.6799,-0.4164,-0.4215,0
-0.0223, 0.0000, 0.2576, 3.1415, 0.1330,-4.3956, 1.4922,-0.4238,-0.4207,0
-0.0206, 0.0000, 0.2136, 3.1415, 0.1600,-4.3977, 4.6799,-0.4310,-0.4200,0
-0.0192, 0.0000, 0.1696, 3.1415, 0.1472,-4.3981, 4.6799,-0.4369,-0.4193,0
-0.0174, 0.0000, 0.1225, 3.1415, 0.1749,-4.6495,-4.6799,-0.4100,-0.4186,0
-0.0166, 0.0000, 0.0753, 3.1415, 0.0956,-4.6998,-4.6799,-0.4068,-0.4179,0
-0.0153, 0.0000, 0.0282, 3.1415, 0.1282,-4.7098,-4.6799,-0.4072,-0.4172,0
-0.0143, 0.0000,-0.0157, 3.1415, 0.1044,-4.4605, 4.6799,-0.4394,-0.4164,0
-0.0131, 0.0000,-0.0596, 3.1415, 0.1118,-4.4106, 4.6799,-0.4444,-0.4157,0
-0.0121, 0.0000,-0.1036, 3.1415, 0.1072,-4.4007, 4.6799,-0.4431,-0.4150,0
-0.0110, 0.0000,-0.1507, 3.1415, 0.1063,-4.6500,-4.6799,-0.4072,-0.4143,0
-0.0107, 0.0000,-0.1947, 3.1415, 0.0455,-4.4485, 4.6799,-0.4274,-0.4136,0
-0.0097, 0.0000,-0.2356, 3.1415, 0.0939,-4.1569, 4.6799,-0.4563,-0.4128,0
-0.0085, 0.0000,-0.2796, 3.1415, 0.1097,-4.3499, 4.6799,-0.4252,-0.4121,0
-0.0076, 0.0000,-0.3204, 3.1415, 0.0947,-4.1372, 4.6799,-0.4419,-0.4114,0
-0.0065, 0.0000,-0.3644, 3.1415, 0.1038,-4.3460,-4.1430,-0.4065,-0.4107,0
-0.0061, 0.0000,-0.4052, 3.1415, 0.0571,-4.1364, 4.6799,-0.4203,-0.4100,0
-0.0047, 0.0000,-0.4429, 3.1415, 0.1205,-3.8432, 4.6799,-0.4420,-0.4093,0
-0.0037, 0.0000,-0.4806, 3.1415, 0.1090,-3.7845, 4.6799,-0.4362,-0.4085,0
-0.0025, 0.0000,-0.5183, 3.1415, 0.1127,-3.7728, 4.6799,-0.4244,-0.4078,0
-0.0014, 0.0000,-0.5529, 3.1415, 0.1135,-3.5191, 4.6799,-0.4377,-0.4071,0
-0.0002, 0.0000,-0.5874, 3.1415, 0.1197,-3.4684, 4.6799,-0.4292,-0.4064,0
 0.0014, 0.0000,-0.6188, 3.1415, 0.1573,-3.2069, 4.6799,-0.4409,-0.4057,0
 0.0029, 0.0000,-0.6503, 3.1415, 0.1527,-3.1546, 4.6799,-0.4321,-0.4049,0
 0.0043, 0.0000,-0.6817, 3.1415, 0.1396,-3.1442, 4.6799,-0.4191,-0.4042,0
 0.0061, 0.0000,-0.7068, 3.1415, 0.1734,-2.6394, 4.6799,-0.4485,-0.4035,0
 0.0078, 0.0000,-0.7351, 3.1415, 0.1680,-2.7898, 4.6799,-0.4236,-0.4028,0
 0.0094, 0.0000,-0.7571, 3.1415, 0.1670,-2.3172, 4.6799,-0.4467,-0.4021,0
 0.0113, 0.0000,-0.7791, 3.1415, 0.1849,-2.2227, 4.6799,-0.4417,-0.4014,0
 0.0131, 0.0000,-0.8011, 3.1415, 0.1825,-2.2038, 4.6799,-0.4317,-0.4006,0
 0.0153, 0.0000,-0.8199, 3.1415, 0.2062,-1.9487, 4.6799,-0.4367,-0.3999,0
 0.0175, 0.0000,-0.8356, 3.1415, 0.2170,-1.6463, 4.6799,-0.4436,-0.3992,0
 0.0197, 0.0000,-0.8513, 3.1415, 0.2192,-1.5859, 4.2639,-0.4379,-0.3985,0
 0.0220, 0.0000,-0.8607, 3.1415, 0.2318,-1.0711, 4.6799,-0.4520,-0.3978,0
 0.0244, 0.0000,-0.8733, 3.1415, 0.2403,-1.2195, 1.4047,-0.4403,-0.3970,0
 0.0269, 0.0000,-0.8796, 3.1415, 0.2421,-0.7465, 2.7021,-0.4499,-0.3963,0
 0.0292, 0.0000,-0.8859, 3.1415, 0.2363,-0.6519, 0.3413,-0.4482,-0.3956,0
 0.0316, 0.0000,-0.8890, 3.1415, 0.2413,-0.3817,-0.5860,-0.4504,-0.3949,0
 0.0338, 0.0000,-0.8890, 3.1415, 0.2180,-0.0763,-1.9059,-0.4524,-0.3942,0
 0.0356, 0.0000,-0.8890, 3.1415, 0.1951,-0.0152,-3.5113,-0.4524,-0.3935,0
 0.0372, 0.0000,-0.8827, 3.1415, 0.1663, 0.4996,-4.1510,-0.4524,-0.3927,0
 0.0386, 0.0000,-0.8733, 3.1415, 0.1424, 0.8539,-4.6799,-0.4509,-0.3920,0
 0.0396, 0.0000,-0.8639, 3.1415, 0.1073, 0.9247,-4.6799,-0.4543,-0.3913,0
 0.0401, 0.0000,-0.8482, 3.1415, 0.0639, 1.4415,-4.6799,-0.4457,-0.3906,0
 0.0403, 0.0000,-0.8293, 3.1415, 0.0249, 1.7962,-4.6799,-0.4397,-0.3899,0
 0.0400, 0.0000,-0.8105, 3.1415,-0.0132, 1.8672,-4.6799,-0.4460,-0.3891,0
 0.0394, 0.0000,-0.7853, 3.1415,-0.0511, 2.3840,-4.6799,-0.4281,-0.3884,0
 0.0385, 0.0000,-0.7602, 3.1415,-0.0829, 2.4874,-4.6799,-0.4337,-0.3877,0
 0.0373, 0.0000,-0.7288, 3.1415,-0.1136, 3.0107,-4.6799,-0.4087,-0.3870,0
 0.0359, 0.0000,-0.6974, 3.1415,-0.1379, 3.1154,-4.6799,-0.4145,-0.3863,0
 0.0341, 0.0000,-0.6628, 3.1415,-0.1670, 3.3876,-4.6799,-0.4053,-0.3856,0
 0.0320, 0.0000,-0.6283, 3.1415,-0.2031, 3.4421,-4.6799,-0.4150,-0.3848,0
 0.0296, 0.0000,-0.5874, 3.1415,-0.2346, 3.9556, 4.6799,-0.3786,-0.3841,0
 0.0279, 0.0000,-0.5466, 3.1415,-0.1803, 4.0583, 2.9033,-0.3828,-0.3834,0
 0.0256, 0.0000,-0.5026, 3.1415,-0.2240, 4.3302, 4.6799,-0.3667,-0.3827,0
 0.0237, 0.0000,-0.4586, 3.1415,-0.1963, 4.3846, 4.6799,-0.3747,-0.3820,0
 0.0219, 0.0000,-0.4146, 3.1415,-0.1847, 4.3955,-2.0372,-0.3867,-0.3813,0
 0.0197, 0.0000,-0.3707, 3.1415,-0.2067, 4.3976,-4.6799,-0.3985,-0.3805,0
 0.0179, 0.0000,-0.3235, 3.1415,-0.1868, 4.6494, 4.6799,-0.3781,-0.3798,0
 0.0167, 0.0000,-0.2764, 3.1415,-0.1343, 4.6998,-0.0118,-0.3815,-0.3791,0
 0.0145, 0.0000,-0.2293, 3.1415,-0.2027, 4.7098,-4.6799,-0.3887,-0.3784,0
 0.0125, 0.0000,-0.1790, 3.1415,-0.2042, 4.9632, 4.6799,-0.3617,-0.3777,0
 0.0112, 0.0000,-0.1319, 3.1415,-0.1378, 4.7625,-4.6799,-0.3943,-0.3769,0
 0.0090, 0.0000,-0.0816, 3.1415,-0.2094, 4.9737, 4.6799,-0.3693,-0.3762,0
 0.0076, 0.0000,-0.0314, 3.1415,-0.1510, 5.0159, 4.6799,-0.3654,-0.3755,0
 0.0064, 0.0000, 0.0157, 3.1415,-0.1272, 4.7731,-4.6799,-0.3990,-0.3748,0
 0.0047, 0.0000, 0.0628, 3.1415,-0.1588, 4.7245,-4.6799,-0.4041,-0.3741,0
 0.0032, 0.0000, 0.1130, 3.1415,-0.1530, 4.9661, 4.6799,-0.3682,-0.3734,0
 0.0027, 0.0000, 0.1602, 3.1415,-0.0730, 4.7631,-4.6799,-0.3912,-0.3726,0
 0.0011, 0.0000, 0.2073, 3.1415,-0.1419, 4.7225,-4.6799,-0.3904,-0.3719,0
-0.0003, 0.0000, 0.2544, 3.1415,-0.1496, 4.7144,-4.6799,-0.3838,-0.3712,0
-0.0018, 0.0000, 0.3015, 3.1415,-0.1451, 4.7127,-2.3387,-0.3747,-0.3705,0
-0.0031, 0.0000, 0.3455, 3.1415,-0.1381, 4.4611,-4.6799,-0.3970,-0.3698,0
-0.0045, 0.0000, 0.3895, 3.1415,-0.1367, 4.4108,-4.6799,-0.3919,-0.3690,0
-0.0061, 0.0000, 0.4335, 3.1415,-0.1546, 4.4007,-4.6799,-0.3805,-0.3683,0
-0.0078, 0.0000, 0.4775, 3.1415,-0.1703, 4.3987, 1.6741,-0.3668,-0.3676,0
-0.0085, 0.0000, 0.5183, 3.1415,-0.0886, 4.1470,-4.6799,-0.3829,-0.3669,0
-0.0103, 0.0000, 0.5560, 3.1415,-0.1571, 3.8453,-4.6799,-0.4028,-0.3662,0
-0.0116, 0.0000, 0.5937, 3.1415,-0.1405, 3.7849,-4.6799,-0.3946,-0.3655,0
-0.0131, 0.0000, 0.6314, 3.1415,-0.1493, 3.7729,-4.6799,-0.3803,-0.3647,0
-0.0149, 0.0000, 0.6660, 3.1415,-0.1693, 3.5191,-4.6799,-0.3912,-0.3640,0
-0.0165, 0.0000, 0.6974, 3.1415,-0.1672, 3.2171,-4.6799,-0.4055,-0.3633,0
-0.0181, 0.0000, 0.7288, 3.1415,-0.1607, 3.1566,-4.6799,-0.3961,-0.3626,0
-0.0202, 0.0000, 0.7571, 3.1415,-0.1958, 2.8932,-4.6799,-0.4047,-0.3619,0
-0.0222, 0.0000, 0.7853, 3.1415,-0.1968, 2.8406,-4.6799,-0.3948,-0.3611,0
-0.0239, 0.0000, 0.8105, 3.1415,-0.1788, 2.5787,-4.6799,-0.4017,-0.3604,0
-0.0259, 0.0000, 0.8325, 3.1415,-0.1934, 2.2750,-4.6799,-0.4108,-0.3597,0
-0.0281, 0.0000, 0.8545, 3.1415,-0.2205, 2.2142,-4.6799,-0.4028,-0.3590,0
-0.0303, 0.0000, 0.8733, 3.1415,-0.2138, 1.9508,-4.6799,-0.4079,-0.3583,0
-0.0325, 0.0000, 0.8922, 3.1415,-0.2186, 1.8981,-4.6799,-0.4002,-0.3576,0
-0.0350, 0.0000, 0.9079, 3.1415,-0.2498, 1.6362,-4.6799,-0.4044,-0.3568,0
-0.0375, 0.0000, 0.9204, 3.1415,-0.2440, 1.3325,-4.3140,-0.4098,-0.3561,0
-0.0402, 0.0000, 0.9299, 3.1415,-0.2670, 1.0204,-2.7551,-0.4147,-0.3554,0
-0.0428, 0.0000, 0.9393, 3.1415,-0.2656, 0.9580,-0.5148,-0.4110,-0.3547,0
-0.0453, 0.0000, 0.9456, 3.1415,-0.2532, 0.6942, 0.0258,-0.4135,-0.3540,0
-0.0475, 0.0000, 0.9487, 3.1415,-0.2264, 0.3901, 1.1885,-0.4162,-0.3532,0
-0.0496, 0.0000, 0.9487, 3.1415,-0.2090, 0.0780, 2.9145,-0.4183,-0.3525,0
-0.0514, 0.0000, 0.9456, 3.1415,-0.1873,-0.2357, 4.6799,-0.4194,-0.3518,0
-0.0529, 0.0000, 0.9393, 3.1415,-0.1526,-0.5497, 4.6799,-0.4196,-0.3511,0
-0.0538, 0.0000, 0.9299, 3.1415,-0.1093,-0.8639, 4.6799,-0.4189,-0.3504,0
-0.0544, 0.0000, 0.9173, 3.1415,-0.0703,-1.1780, 4.6799,-0.4171,-0.3497,0
-0.0545, 0.0000, 0.9016, 3.1415,-0.0201,-1.4922, 4.6799,-0.4142,-0.3489,0
-0.0544, 0.0000, 0.8827, 3.1415, 0.0080,-1.8064, 4.6799,-0.4103,-0.3482,0
-0.0538, 0.0000, 0.8607, 3.1415, 0.0440,-2.1205, 4.6799,-0.4051,-0.3475,0
-0.0530, 0.0000, 0.8356, 3.1415, 0.0755,-2.4347, 4.6799,-0.3986,-0.3468,0
-0.0519, 0.0000, 0.8073, 3.1415, 0.0999,-2.7488, 4.6799,-0.3906,-0.3461,0
-0.0505, 0.0000, 0.7759, 3.1415, 0.1352,-3.0630, 4.6799,-0.3811,-0.3453,0
-0.0488, 0.0000, 0.7445, 3.1415, 0.1604,-3.1258, 4.6799,-0.3912,-0.3446,0
-0.0467, 0.0000, 0.7068, 3.1415, 0.2018,-3.6411, 3.8652,-0.3604,-0.3439,0
-0.0444, 0.0000, 0.6691, 3.1415, 0.2283,-3.7441, 4.6799,-0.3669,-0.3432,0
-0.0416, 0.0000, 0.6283, 3.1415, 0.2639,-4.0160, 3.4893,-0.3551,-0.3425,0
-0.0387, 0.0000, 0.5843, 3.1415, 0.2892,-4.3217,-4.6799,-0.3374,-0.3418,0
-0.0360, 0.0000, 0.5372, 3.1415, 0.2700,-4.6342,-4.6799,-0.3162,-0.3410,0
-0.0335, 0.0000, 0.4900, 3.1415, 0.2601,-4.6967,-4.6799,-0.3247,-0.3403,0
-0.0306, 0.0000, 0.4429, 3.1415, 0.2763,-4.7092,-3.0978,-0.3383,-0.3396,0
-0.0284, 0.0000, 0.3958, 3.1415, 0.2371,-4.7117, 4.6799,-0.3517,-0.3389,0
-0.0253, 0.0000, 0.3455, 3.1415, 0.2960,-4.9635,-4.6799,-0.3307,-0.3382,0
-0.0232, 0.0000, 0.2953, 3.1415, 0.2229,-5.0139,-4.3488,-0.3350,-0.3374,0
-0.0217, 0.0000, 0.2450, 3.1415, 0.1658,-5.0240, 4.0345,-0.3432,-0.3367,0
-0.0191, 0.0000, 0.1947, 3.1415, 0.2393,-5.0260, 4.6799,-0.3508,-0.3360,0
-0.0170, 0.0000, 0.1445, 3.1415, 0.2176,-5.0264, 4.6799,-0.3568,-0.3353,0
-0.0148, 0.0000, 0.0911, 3.1415, 0.2193,-5.2778,-4.6799,-0.3251,-0.3346,0
-0.0130, 0.0000, 0.0376, 3.1415, 0.1893,-5.3281,-4.6799,-0.3201,-0.3339,0
-0.0112, 0.0000,-0.0125, 3.1415, 0.1833,-5.0868, 4.6799,-0.3557,-0.3331,0
-0.0086, 0.0000,-0.0659, 3.1415, 0.2428,-5.2899,-4.6799,-0.3247,-0.3324,0
-0.0077, 0.0000,-0.1162, 3.1415, 0.1213,-5.0792, 4.6799,-0.3520,-0.3317,0
-0.0055, 0.0000,-0.1665, 3.1415, 0.2001,-5.0370, 4.6799,-0.3529,-0.3310,0
-0.0043, 0.0000,-0.2167, 3.1415, 0.1370,-5.0286, 4.6799,-0.3472,-0.3303,0
-0.0021, 0.0000,-0.2638, 3.1415, 0.1971,-4.7756, 4.6799,-0.3739,-0.3295,0
-0.0003, 0.0000,-0.3141, 3.1415, 0.1910,-4.9763, 3.4164,-0.3362,-0.3288,0
 0.0014, 0.0000,-0.3644, 3.1415, 0.1776,-5.0165,-4.6799,-0.3186,-0.3281,0
 0.0027, 0.0000,-0.4115, 3.1415, 0.1386,-4.7732, 4.6799,-0.3391,-0.3274,0
 0.0044, 0.0000,-0.4555, 3.1415, 0.1671,-4.4732, 4.6799,-0.3647,-0.3267,0
 0.0065, 0.0000,-0.4995, 3.1415, 0.1971,-4.4132, 4.6799,-0.3576,-0.3260,0
 0.0080, 0.0000,-0.5403, 3.1415, 0.1606,-4.1499, 4.6799,-0.3746,-0.3252,0
 0.0098, 0.0000,-0.5811, 3.1415, 0.1776,-4.0972, 4.6799,-0.3651,-0.3245,0
 0.0117, 0.0000,-0.6220, 3.1415, 0.1871,-4.0867, 4.6799,-0.3497,-0.3238,0
 0.0135, 0.0000,-0.6597, 3.1415, 0.1829,-3.8332, 4.6799,-0.3616,-0.3231,0
 0.0155, 0.0000,-0.6974, 3.1415, 0.1942,-3.7825, 4.6799,-0.3501,-0.3224,0
 0.0175, 0.0000,-0.7319, 3.1415, 0.1964,-3.5211, 4.6799,-0.3605,-0.3216,0
 0.0195, 0.0000,-0.7634, 3.1415, 0.2030,-3.2174, 4.6799,-0.3738,-0.3209,0
 0.0217, 0.0000,-0.7948, 3.1415, 0.2164,-3.1567, 4.6799,-0.3634,-0.3202,0
 0.0240, 0.0000,-0.8230, 3.1415, 0.2251,-2.8933, 4.6799,-0.3710,-0.3195,0
 0.0262, 0.0000,-0.8513, 3.1415, 0.2208,-2.8406, 4.6799,-0.3602,-0.3188,0
 0.0284, 0.0000,-0.8765, 3.1415, 0.2260,-2.5787, 4.6799,-0.3663,-0.3181,0
 0.0309, 0.0000,-0.8984, 3.1415, 0.2453,-2.2750, 4.6799,-0.3747,-0.3173,0
 0.0337, 0.0000,-0.9173, 3.1415, 0.2673,-1.9629, 4.6799,-0.3826,-0.3166,0
 0.0362, 0.0000,-0.9361, 3.1415, 0.2535,-1.9005, 4.6799,-0.3751,-0.3159,0
 0.0388, 0.0000,-0.9519, 3.1415, 0.2568,-1.6367, 4.6799,-0.3790,-0.3152,0
 0.0415, 0.0000,-0.9644, 3.1415, 0.2696,-1.3326, 4.6799,-0.3843,-0.3145,0
 0.0443, 0.0000,-0.9770, 3.1415, 0.2782,-1.2718, 2.7009,-0.3791,-0.3138,0
 0.0472, 0.0000,-0.9864, 3.1415, 0.2921,-1.0083, 1.7349,-0.3818,-0.3130,0
 0.0500, 0.0000,-0.9927, 3.1415, 0.2767,-0.7043, 0.3261,-0.3854,-0.3123,0
 0.0529, 0.0000,-0.9958, 3.1415, 0.2857,-0.3921,-1.8298,-0.3883,-0.3116,0
 0.0555, 0.0000,-0.9958, 3.1415, 0.2693,-0.0784,-3.9650,-0.3903,-0.3109,0
 0.0579, 0.0000,-0.9958, 3.1415, 0.2418,-0.0156,-4.6799,-0.3904,-0.3102,0
 0.0600, 0.0000,-0.9896, 3.1415, 0.2181, 0.4995,-4.6799,-0.3907,-0.3094,0
 0.0617, 0.0000,-0.9801, 3.1415, 0.1830, 0.8538,-4.6799,-0.3896,-0.3087,0
 0.0631, 0.0000,-0.9707, 3.1415, 0.1457, 0.9247,-4.6799,-0.3935,-0.3080,0
 0.0641, 0.0000,-0.9550, 3.1415, 0.1140, 1.4415,-4.6799,-0.3856,-0.3073,0
 0.0647, 0.0000,-0.9361, 3.1415, 0.0652, 1.7962,-4.6799,-0.3805,-0.3066,0
 0.0647, 0.0000,-0.9173, 3.1415, 0.0130, 1.8672,-4.6799,-0.3877,-0.3059,0
 0.0644, 0.0000,-0.8922, 3.1415,-0.0155, 2.3840,-4.6799,-0.3711,-0.3051,0
 0.0638, 0.0000,-0.8639, 3.1415,-0.0516, 2.7387,-4.6799,-0.3613,-0.3044,0
 0.0627, 0.0000,-0.8325, 3.1415,-0.1012, 3.0610,-4.6799,-0.3521,-0.3037,0
 0.0613, 0.0000,-0.8011, 3.1415,-0.1354, 3.1254,-4.6799,-0.3629,-0.3030,0
 0.0595, 0.0000,-0.7634, 3.1415,-0.1665, 3.6410,-4.6799,-0.3332,-0.3023,0
 0.0575, 0.0000,-0.7257, 3.1415,-0.1970, 3.7441,-4.6799,-0.3408,-0.3015,0
 0.0551, 0.0000,-0.6817, 3.1415,-0.2334, 4.2674, 3.0208,-0.3026,-0.3008,0
 0.0535, 0.0000,-0.6377, 3.1415,-0.1740, 4.3720,-4.2588,-0.3093,-0.3001,0
 0.0504, 0.0000,-0.5906, 3.1415,-0.2834, 4.6443, 4.6799,-0.2944,-0.2994,0
 0.0485, 0.0000,-0.5434, 3.1415,-0.2082, 4.6987,-3.4436,-0.3055,-0.2987,0
 0.0452, 0.0000,-0.4963, 3.1415,-0.3023, 4.7096,-4.6799,-0.3208,-0.2980,0
 0.0425, 0.0000,-0.4429, 3.1415,-0.2787, 5.2145, 4.6799,-0.2681,-0.2972,0
 0.0402, 0.0000,-0.3895, 3.1415,-0.2376, 5.3154, 4.6799,-0.2687,-0.2965,0
 0.0375, 0.0000,-0.3361, 3.1415,-0.2597, 5.3356, 4.6799,-0.2793,-0.2958,0
 0.0353, 0.0000,-0.2827, 3.1415,-0.2277, 5.3396, 4.6799,-0.2904,-0.2951,0
 0.0331, 0.0000,-0.2293, 3.1415,-0.2213, 5.3405,-4.0083,-0.2999,-0.2944,0
 0.0310, 0.0000,-0.1790, 3.1415,-0.2140, 5.0893,-4.6799,-0.3439,-0.2936,0
 0.0288, 0.0000,-0.1225, 3.1415,-0.2186, 5.5417, 4.6799,-0.2827,-0.2929,0
 0.0276, 0.0000,-0.0691, 3.1415,-0.1407, 5.3809,-4.6799,-0.3110,-0.2922,0
 0.0250, 0.0000,-0.0125, 3.1415,-0.2343, 5.6000, 4.6799,-0.2789,-0.2915,0
 0.0237, 0.0000, 0.0408, 3.1415,-0.1499, 5.3925,-4.6799,-0.3103,-0.2908,0
 0.0215, 0.0000, 0.0942, 3.1415,-0.2118, 5.3510,-4.6799,-0.3140,-0.2901,0
 0.0197, 0.0000, 0.1476, 3.1415,-0.1818, 5.3427,-4.6799,-0.3106,-0.2893,0
 0.0178, 0.0000, 0.2042, 3.1415,-0.1879, 5.5924, 4.6799,-0.2653,-0.2886,0
 0.0163, 0.0000, 0.2576, 3.1415,-0.1588, 5.3910,-1.3091,-0.2875,-0.2879,0
 0.0148, 0.0000, 0.3078, 3.1415,-0.1530, 5.0994,-4.6799,-0.3202,-0.2872,0
 0.0131, 0.0000, 0.3581, 3.1415,-0.1700, 5.0411,-4.6799,-0.3167,-0.2865,0
 0.0112, 0.0000, 0.4084, 3.1415,-0.1795, 5.0294,-4.6799,-0.3048,-0.2857,0
 0.0096, 0.0000, 0.4555, 3.1415,-0.1693, 4.7758,-4.6799,-0.3255,-0.2850,0
 0.0079, 0.0000, 0.5026, 3.1415,-0.1672, 4.7250,-4.6799,-0.3167,-0.2843,0
 0.0060, 0.0000, 0.5497, 3.1415,-0.1850, 4.7149,-4.6799,-0.3010,-0.2836,0
 0.0040, 0.0000, 0.5937, 3.1415,-0.2007, 4.4615,-4.6799,-0.3165,-0.2829,0
 0.0019, 0.0000, 0.6377, 3.1415,-0.2038, 4.4109,-4.6799,-0.3045,-0.2822,0
 0.0000, 0.0000, 0.6817, 3.1415,-0.1984, 4.4007,-2.4061,-0.2864,-0.2814,0
-0.0021, 0.0000, 0.7194, 3.1415,-0.2155, 3.8960,-4.6799,-0.3276,-0.2807,0
-0.0042, 0.0000, 0.7602, 3.1415,-0.2068, 4.0464,-3.9531,-0.2911,-0.2800,0
-0.0063, 0.0000, 0.7948, 3.1415,-0.2111, 3.5738,-4.6799,-0.3241,-0.2793,0
-0.0085, 0.0000, 0.8293, 3.1415,-0.2180, 3.4793,-4.6799,-0.3154,-0.2786,0
-0.0107, 0.0000, 0.8607, 3.1415,-0.2194, 3.2091,-4.6799,-0.3238,-0.2778,0
-0.0131, 0.0000, 0.8922, 3.1415,-0.2318, 3.1551,-4.6799,-0.3113,-0.2771,0
-0.0155, 0.0000, 0.9173, 3.1415,-0.2403, 2.6416,-4.6799,-0.3388,-0.2764,0
-0.0179, 0.0000, 0.9456, 3.1415,-0.2421, 2.7902,-4.6799,-0.3112,-0.2757,0
-0.0205, 0.0000, 0.9676, 3.1415,-0.2545, 2.3173,-4.6799,-0.3321,-0.2750,0
-0.0232, 0.0000, 0.9896, 3.1415,-0.2691, 2.2227,-4.6799,-0.3250,-0.2743,0
-0.0259, 0.0000, 1.0053, 3.1415,-0.2660, 1.7011,-4.6799,-0.3442,-0.2735,0
-0.0286, 0.0000, 1.0210, 3.1415,-0.2714, 1.5968,-4.6799,-0.3395,-0.2728,0
-0.0316, 0.0000, 1.0335, 3.1415,-0.2907, 1.3246,-4.4917,-0.3429,-0.2721,0
-0.0345, 0.0000, 1.0461, 3.1415,-0.2946, 1.2702,-2.2827,-0.3371,-0.2714,0
-0.0377, 0.0000, 1.0555, 3.1415,-0.3135, 1.0080,-1.3176,-0.3395,-0.2707,0
-0.0408, 0.0000, 1.0618, 3.1415,-0.3113, 0.7042, 0.1140,-0.3429,-0.2699,0
-0.0434, 0.0000, 1.0649, 3.1415,-0.2684, 0.3921, 1.5253,-0.3457,-0.2692,0
-0.0459, 0.0000, 1.0649, 3.1415,-0.2537, 0.0784, 3.4331,-0.3478,-0.2685,0
-0.0481, 0.0000, 1.0618, 3.1415,-0.2265,-0.2356, 4.6799,-0.3491,-0.2678,0
-0.0499, 0.0000, 1.0555, 3.1415,-0.1908,-0.5497, 4.6799,-0.3495,-0.2671,0
-0.0513, 0.0000, 1.0461, 3.1415,-0.1473,-0.8639, 4.6799,-0.3492,-0.2664,0
-0.0522, 0.0000, 1.0335, 3.1415,-0.1082,-1.1781, 4.6799,-0.3480,-0.2656,0
-0.0529, 0.0000, 1.0178, 3.1415,-0.0701,-1.4922, 4.6799,-0.3459,-0.2649,0
-0.0529, 0.0000, 0.9958, 3.1415,-0.0200,-2.0577, 4.6799,-0.3311,-0.2642,0
-0.0527, 0.0000, 0.9738, 3.1415, 0.0141,-2.1708, 4.6799,-0.3376,-0.2635,0
-0.0522, 0.0000, 0.9487, 3.1415, 0.0392,-2.4447, 4.6799,-0.3347,-0.2628,0
-0.0514, 0.0000, 0.9204, 3.1415, 0.0745,-2.7509, 4.6799,-0.3288,-0.2620,0
-0.0504, 0.0000, 0.8890, 3.1415, 0.0997,-3.0634, 4.6799,-0.3211,-0.2613,0
-0.0490, 0.0000, 0.8545, 3.1415, 0.1290,-3.3772, 4.6799,-0.3118,-0.2606,0
-0.0472, 0.0000, 0.8168, 3.1415, 0.1713,-3.6913, 4.6799,-0.3007,-0.2599,0
-0.0450, 0.0000, 0.7759, 3.1415, 0.2101,-4.0055, 4.6799,-0.2879,-0.2592,0
-0.0425, 0.0000, 0.7319, 3.1415, 0.2360,-4.3196, 4.0168,-0.2729,-0.2585,0
-0.0397, 0.0000, 0.6848, 3.1415, 0.2715,-4.6338,-4.6799,-0.2555,-0.2577,0
-0.0375, 0.0000, 0.6377, 3.1415, 0.2362,-4.6966, 4.4734,-0.2681,-0.2570,0
-0.0338, 0.0000, 0.5874, 3.1415, 0.3443,-4.9605,-4.6799,-0.2531,-0.2563,0
-0.0316, 0.0000, 0.5340, 3.1415, 0.2447,-5.2646,-4.6799,-0.2300,-0.2556,0
-0.0286, 0.0000, 0.4806, 3.1415, 0.2854,-5.3255,-4.6799,-0.2396,-0.2549,0
-0.0261, 0.0000, 0.4272, 3.1415, 0.2571,-5.3376,-2.1391,-0.2546,-0.2541,0
-0.0237, 0.0000, 0.3738, 3.1415, 0.2393,-5.3400, 4.6799,-0.2692,-0.2534,0
-0.0213, 0.0000, 0.3173, 3.1415, 0.2419,-5.5919,-4.6799,-0.2444,-0.2527,0
-0.0192, 0.0000, 0.2638, 3.1415, 0.2181,-5.3909, 4.6799,-0.2863,-0.2520,0
-0.0167, 0.0000, 0.2042, 3.1415, 0.2437,-5.8534,-4.6799,-0.2234,-0.2513,0
-0.0150, 0.0000, 0.1476, 3.1415, 0.1821,-5.6945, 4.5552,-0.2562,-0.2506,0
-0.0122, 0.0000, 0.0911, 3.1415, 0.2668,-5.6628, 4.6799,-0.2661,-0.2498,0
-0.0099, 0.0000, 0.0314, 3.1415, 0.2352,-5.9077,-4.6799,-0.2291,-0.2491,0
-0.0083, 0.0000,-0.0251, 3.1415, 0.1743,-5.7054, 4.6799,-0.2621,-0.2484,0
-0.0054, 0.0000,-0.0848, 3.1415, 0.2652,-5.9163,-4.6799,-0.2254,-0.2477,0
-0.0040, 0.0000,-0.1413, 3.1415, 0.1621,-5.7071, 4.6799,-0.2549,-0.2470,0
-0.0014, 0.0000,-0.1979, 3.1415, 0.2446,-5.6653, 4.6799,-0.2547,-0.2462,0
 0.0003, 0.0000,-0.2544, 3.1415, 0.1883,-5.6569, 0.4399,-0.2469,-0.2455,0
 0.0024, 0.0000,-0.3110, 3.1415, 0.2074,-5.6552,-4.6799,-0.2358,-0.2448,0
 0.0036, 0.0000,-0.3644, 3.1415, 0.1385,-5.4036, 4.6799,-0.2621,-0.2441,0
 0.0057, 0.0000,-0.4146, 3.1415, 0.1974,-5.1019, 4.6799,-0.2928,-0.2434,0
 0.0075, 0.0000,-0.4680, 3.1415, 0.1789,-5.2929, 2.7583,-0.2486,-0.2427,0
 0.0091, 0.0000,-0.5152, 3.1415, 0.1691,-4.8285, 4.6799,-0.2984,-0.2419,0
 0.0106, 0.0000,-0.5654, 3.1415, 0.1490,-4.9869, 4.6799,-0.2581,-0.2412,0
 0.0122, 0.0000,-0.6126, 3.1415, 0.1571,-4.7673, 4.6799,-0.2693,-0.2405,0
 0.0143, 0.0000,-0.6565, 3.1415, 0.2012,-4.4720, 4.6799,-0.2887,-0.2398,0
 0.0159, 0.0000,-0.7005, 3.1415, 0.1736,-4.4129, 4.6799,-0.2763,-0.2391,0
 0.0178, 0.0000,-0.7414, 3.1415, 0.1863,-4.1498, 4.6799,-0.2885,-0.2384,0
 0.0197, 0.0000,-0.7822, 3.1415, 0.1888,-4.0972, 4.6799,-0.2743,-0.2376,0
 0.0217, 0.0000,-0.8199, 3.1415, 0.1954,-3.8353, 4.6799,-0.2839,-0.2369,0
 0.0239, 0.0000,-0.8545, 3.1415, 0.2149,-3.5316, 4.6799,-0.2968,-0.2362,0
 0.0260, 0.0000,-0.8890, 3.1415, 0.2127,-3.4709, 4.6799,-0.2838,-0.2355,0
 0.0280, 0.0000,-0.9204, 3.1415, 0.2001,-3.2074, 4.6799,-0.2907,-0.2348,0
 0.0302, 0.0000,-0.9487, 3.1415, 0.2158,-2.9034, 4.6799,-0.3004,-0.2340,0
 0.0324, 0.0000,-0.9738, 3.1415, 0.2190,-2.5913, 4.6799,-0.3096,-0.2333,0
 0.0348, 0.0000,-0.9990, 3.1415, 0.2378,-2.5288, 4.6799,-0.2990,-0.2326,0
 0.0371, 0.0000,-1.0210, 3.1415, 0.2294,-2.2650, 4.6799,-0.3033,-0.2319,0
 0.0397, 0.0000,-1.0398, 3.1415, 0.2581,-1.9609, 4.6799,-0.3097,-0.2312,0
 0.0424, 0.0000,-1.0587, 3.1415, 0.2638,-1.9001, 4.6799,-0.3013,-0.2305,0
 0.0450, 0.0000,-1.0712, 3.1415, 0.2649,-1.3853, 4.6799,-0.3170,-0.2297,0
 0.0479, 0.0000,-1.0838, 3.1415, 0.2773,-1.2823, 3.3467,-0.3129,-0.2290,0
 0.0508, 0.0000,-1.0932, 3.1415, 0.2919,-1.0104, 1.7395,-0.3157,-0.2283,0
 0.0539, 0.0000,-1.1026, 3.1415, 0.3069,-0.9560,-0.2169,-0.3111,-0.2276,0
 0.0566, 0.0000,-1.1058, 3.1415, 0.2736,-0.4425,-1.3370,-0.3192,-0.2269,0
 0.0587, 0.0000,-1.1058, 3.1415, 0.2244,-0.0885,-3.7081,-0.3218,-0.2261,0
 0.0611, 0.0000,-1.1058, 3.1415, 0.2389,-0.0177,-4.6799,-0.3219,-0.2254,0
 0.0632, 0.0000,-1.0995, 3.1415, 0.2175, 0.4991,-4.6799,-0.3225,-0.2247,0
 0.0648, 0.0000,-1.0901, 3.1415, 0.1647, 0.8537,-4.6799,-0.3218,-0.2240,0
 0.0660, 0.0000,-1.0807, 3.1415, 0.1360, 0.9247,-4.6799,-0.3260,-0.2233,0
 0.0668, 0.0000,-1.0649, 3.1415, 0.0878, 1.4415,-4.6799,-0.3188,-0.2226,0
 0.0670, 0.0000,-1.0461, 3.1415, 0.0357, 1.7962,-4.6799,-0.3145,-0.2218,0
 0.0670, 0.0000,-1.0241, 3.1415, 0.0010, 2.1185,-4.6799,-0.3104,-0.2211,0
 0.0663, 0.0000,-0.9990, 3.1415,-0.0482, 2.4343,-4.6799,-0.3056,-0.2204,0
 0.0653, 0.0000,-0.9707, 3.1415,-0.0945, 2.7488,-4.6799,-0.2997,-0.2197,0
 0.0641, 0.0000,-0.9393, 3.1415,-0.1098, 3.0630,-4.6799,-0.2925,-0.2190,0
 0.0626, 0.0000,-0.9047, 3.1415,-0.1493, 3.3772,-4.6799,-0.2840,-0.2182,0
 0.0605, 0.0000,-0.8670, 3.1415,-0.1935, 3.6913,-4.6799,-0.2738,-0.2175,0
 0.0582, 0.0000,-0.8293, 3.1415,-0.2266, 3.7542,-4.6799,-0.2876,-0.2168,0
 0.0556, 0.0000,-0.7853, 3.1415,-0.2514, 4.2694,-4.6799,-0.2525,-0.2161,0
 0.0525, 0.0000,-0.7382, 3.1415,-0.2928, 4.6237,-4.6799,-0.2318,-0.2154,0
 0.0492, 0.0000,-0.6880, 3.1415,-0.3253, 4.9459, 4.6799,-0.2122,-0.2147,0
 0.0466, 0.0000,-0.6377, 3.1415,-0.2772, 5.0104,-4.6799,-0.2254,-0.2139,0
 0.0427, 0.0000,-0.5843, 3.1415,-0.3646, 5.2746, 4.6799,-0.2094,-0.2132,0
 0.0397, 0.0000,-0.5309, 3.1415,-0.3154, 5.3275,-4.0328,-0.2218,-0.2125,0
 0.0355, 0.0000,-0.4743, 3.1415,-0.3965, 5.5893, 4.6799,-0.2014,-0.2118,0
 0.0325, 0.0000,-0.4146, 3.1415,-0.3157, 5.8930, 4.6799,-0.1710,-0.2111,0
 0.0294, 0.0000,-0.3581, 3.1415,-0.3178, 5.7025,-4.5299,-0.2172,-0.2103,0
 0.0257, 0.0000,-0.2984, 3.1415,-0.3546, 5.9157, 4.6799,-0.1964,-0.2096,0
 0.0232, 0.0000,-0.2387, 3.1415,-0.2710, 5.9583, 4.6799,-0.2006,-0.2089,0
 0.0202, 0.0000,-0.1790, 3.1415,-0.2967, 5.9668, 2.6714,-0.2081,-0.2082,0
 0.0180, 0.0000,-0.1225, 3.1415,-0.2351, 5.7172,-4.6799,-0.2550,-0.2075,0
 0.0150, 0.0000,-0.0628, 3.1415,-0.2835, 5.9186,-4.6799,-0.2262,-0.2068,0
 0.0125, 0.0000,-0.0031, 3.1415,-0.2567, 5.9589,-4.6799,-0.2209,-0.2060,0
 0.0098, 0.0000, 0.0565, 3.1415,-0.2696, 5.9670,-4.6799,-0.2184,-0.2053,0
 0.0069, 0.0000, 0.1162, 3.1415,-0.2843, 5.9686,-4.6799,-0.2145,-0.2046,0
 0.0043, 0.0000, 0.1790, 3.1415,-0.2690, 6.2202, 4.6799,-0.1649,-0.2039,0
 0.0013, 0.0000, 0.2387, 3.1415,-0.2902, 6.0192, 4.6799,-0.1904,-0.2032,0
-0.0008, 0.0000, 0.2953, 3.1415,-0.2338, 5.7277,-4.6799,-0.2277,-0.2024,0
-0.0031, 0.0000, 0.3518, 3.1415,-0.2286, 5.6694,-4.6799,-0.2241,-0.2017,0
-0.0054, 0.0000, 0.4052, 3.1415,-0.2337, 5.4064,-4.6799,-0.2507,-0.2010,0
-0.0079, 0.0000, 0.4618, 3.1415,-0.2468, 5.6051, 0.3776,-0.2030,-0.2003,0
-0.0093, 0.0000, 0.5120, 3.1415,-0.1585, 5.1422,-4.6799,-0.2557,-0.1996,0
-0.0112, 0.0000, 0.5623, 3.1415,-0.1893, 5.0496,-4.6799,-0.2505,-0.1989,0
-0.0135, 0.0000, 0.6094, 3.1415,-0.2197, 4.7798,-4.6799,-0.2689,-0.1981,0
-0.0153, 0.0000, 0.6565, 3.1415,-0.1894, 4.7258,-4.6799,-0.2561,-0.1974,0
-0.0175, 0.0000, 0.7037, 3.1415,-0.2076, 4.7150,-4.6799,-0.2362,-0.1967,0
-0.0195, 0.0000, 0.7445, 3.1415,-0.2052, 4.2102,-4.6799,-0.2799,-0.1960,0
-0.0214, 0.0000, 0.7885, 3.1415,-0.1926, 4.3606,-4.6799,-0.2399,-0.1953,0
-0.0237, 0.0000, 0.8262, 3.1415,-0.2204, 3.8880,-4.6799,-0.2749,-0.1945,0
-0.0258, 0.0000, 0.8639, 3.1415,-0.2138, 3.7935,-4.6799,-0.2648,-0.1938,0
-0.0278, 0.0000, 0.8984, 3.1415,-0.2064, 3.5233,-4.6799,-0.2734,-0.1931,0
-0.0301, 0.0000, 0.9299, 3.1415,-0.2231, 3.2179,-4.6799,-0.2843,-0.1924,0
-0.0325, 0.0000, 0.9613, 3.1415,-0.2326, 3.1568,-4.6799,-0.2715,-0.1917,0
-0.0350, 0.0000, 0.9896, 3.1415,-0.2466, 2.8933,-4.6799,-0.2770,-0.1910,0
-0.0375, 0.0000, 1.0147, 3.1415,-0.2494, 2.5892,-4.6799,-0.2851,-0.1902,0
-0.0400, 0.0000, 1.0367, 3.1415,-0.2560, 2.2771,-4.6799,-0.2929,-0.1895,0
-0.0428, 0.0000, 1.0587, 3.1415,-0.2755, 2.2147,-4.6799,-0.2831,-0.1888,0
-0.0457, 0.0000, 1.0775, 3.1415,-0.2855, 1.9509,-4.6799,-0.2867,-0.1881,0
-0.0485, 0.0000, 1.0932, 3.1415,-0.2753, 1.6468,-4.6799,-0.2920,-0.1874,0
-0.0514, 0.0000, 1.1058, 3.1415,-0.2915, 1.3346,-4.6799,-0.2970,-0.1866,0
-0.0547, 0.0000, 1.1184, 3.1415,-0.3190, 1.2722,-3.4661,-0.2912,-0.1859,0
-0.0579, 0.0000, 1.1278, 3.1415,-0.3184, 1.0084,-1.8481,-0.2935,-0.1852,0
-0.0611, 0.0000, 1.1309, 3.1415,-0.3244, 0.4530, 1.2252,-0.3028,-0.1845,0
-0.0638, 0.0000, 1.1341, 3.1415,-0.2771, 0.3419, 3.3646,-0.3020,-0.1838,0
-0.0666, 0.0000, 1.1341, 3.1415,-0.2797, 0.0683, 4.6799,-0.3036,-0.1831,0
-0.0689, 0.0000, 1.1309, 3.1415,-0.2439,-0.2376, 4.6799,-0.3049,-0.1823,0
-0.0709, 0.0000, 1.1246, 3.1415,-0.2064,-0.5501, 4.6799,-0.3055,-0.1816,0
-0.0723, 0.0000, 1.1121, 3.1415,-0.1564,-1.1153, 4.6799,-0.3005,-0.1809,0
-0.0734, 0.0000, 1.0995, 3.1415,-0.1161,-1.2283, 4.6799,-0.3048,-0.1802,0
-0.0742, 0.0000, 1.0838, 3.1415,-0.0838,-1.5023, 4.6799,-0.3044,-0.1795,0
-0.0743, 0.0000, 1.0618, 3.1415,-0.0289,-2.0597, 4.6799,-0.2904,-0.1787,0
-0.0741, 0.0000, 1.0398, 3.1415, 0.0124,-2.1712, 4.6799,-0.2975,-0.1780,0
-0.0735, 0.0000, 1.0115, 3.1415, 0.0449,-2.6961, 4.6799,-0.2791,-0.1773,0
-0.0728, 0.0000, 0.9833, 3.1415, 0.0696,-2.8011, 4.6799,-0.2881,-0.1766,0
-0.0717, 0.0000, 0.9487, 3.1415, 0.0988,-3.3248, 4.6799,-0.2636,-0.1759,0
-0.0703, 0.0000, 0.9142, 3.1415, 0.1349,-3.4295, 4.6799,-0.2736,-0.1752,0
-0.0685, 0.0000, 0.8765, 3.1415, 0.1725,-3.7018, 4.6799,-0.2676,-0.1744,0
-0.0663, 0.0000, 0.8325, 3.1415, 0.2042,-4.2589, 4.6799,-0.2293,-0.1737,0
-0.0639, 0.0000, 0.7885, 3.1415, 0.2348,-4.3703, 4.6799,-0.2387,-0.1730,0
-0.0611, 0.0000, 0.7414, 3.1415, 0.2713,-4.6439, 4.6799,-0.2276,-0.1723,0
-0.0579, 0.0000, 0.6911, 3.1415, 0.3089,-4.9500, 4.6799,-0.2102,-0.1716,0
-0.0544, 0.0000, 0.6377, 3.1415, 0.3406,-5.2625, 4.6799,-0.1892,-0.1709,0
-0.0507, 0.0000, 0.5811, 3.1415, 0.3713,-5.5764,-4.6799,-0.1648,-0.1701,0
-0.0476, 0.0000, 0.5246, 3.1415, 0.3167,-5.6391, 2.5734,-0.1763,-0.1694,0
-0.0430, 0.0000, 0.4649, 3.1415, 0.4332,-5.9030,-4.6799,-0.1540,-0.1687,0
-0.0394, 0.0000, 0.4052, 3.1415, 0.3776,-5.9558,-4.6799,-0.1633,-0.1680,0
-0.0360, 0.0000, 0.3424, 3.1415, 0.3423,-6.2177,-4.6799,-0.1351,-0.1673,0
-0.0325, 0.0000, 0.2827, 3.1415, 0.3534,-6.0187, 4.6799,-0.1824,-0.1665,0
-0.0288, 0.0000, 0.2199, 3.1415, 0.3617,-6.2303,-4.6799,-0.1573,-0.1658,0
-0.0260, 0.0000, 0.1570, 3.1415, 0.2966,-6.2726,-4.6799,-0.1584,-0.1651,0
-0.0230, 0.0000, 0.0973, 3.1415, 0.3018,-6.0297, 4.6799,-0.2056,-0.1644,0
-0.0197, 0.0000, 0.0345, 3.1415, 0.3271,-6.2324, 4.6799,-0.1738,-0.1637,0
-0.0167, 0.0000,-0.0282, 3.1415, 0.3019,-6.2730, 1.5617,-0.1668,-0.1630,0
-0.0134, 0.0000,-0.0911, 3.1415, 0.3271,-6.2811,-1.6992,-0.1627,-0.1622,0
-0.0109, 0.0000,-0.1507, 3.1415, 0.2594,-6.0314, 4.6799,-0.2006,-0.1615,0
-0.0078, 0.0000,-0.2136, 3.1415, 0.3004,-6.2328,-4.6799,-0.1578,-0.1608,0
-0.0055, 0.0000,-0.2733, 3.1415, 0.2480,-6.0217, 4.6799,-0.1837,-0.1601,0
-0.0028, 0.0000,-0.3330, 3.1415, 0.2618,-5.9795, 4.6799,-0.1780,-0.1594,0
-0.0003, 0.0000,-0.3895, 3.1415, 0.2585,-5.7198, 4.6799,-0.2062,-0.1586,0
 0.0023, 0.0000,-0.4461, 3.1415, 0.2639,-5.6678, 4.6799,-0.1980,-0.1579,0
 0.0045, 0.0000,-0.4995, 3.1415, 0.2286,-5.4061, 4.6799,-0.2211,-0.1572,0
 0.0071, 0.0000,-0.5529, 3.1415, 0.2518,-5.3537, 4.6799,-0.2098,-0.1565,0
 0.0097, 0.0000,-0.6063, 3.1415, 0.2625,-5.3433, 4.6799,-0.1903,-0.1558,0
 0.0122, 0.0000,-0.6565, 3.1415, 0.2465,-5.0899, 4.6799,-0.2060,-0.1551,0
 0.0146, 0.0000,-0.7037, 3.1415, 0.2433,-4.7878, 4.6799,-0.2265,-0.1543,0
 0.0172, 0.0000,-0.7508, 3.1415, 0.2548,-4.7274, 4.6799,-0.2121,-0.1536,0
 0.0199, 0.0000,-0.7979, 3.1415, 0.2692,-4.7154, 4.6799,-0.1900,-0.1529,0
 0.0225, 0.0000,-0.8388, 3.1415, 0.2660,-4.2103, 4.6799,-0.2317,-0.1522,0
 0.0251, 0.0000,-0.8796, 3.1415, 0.2593,-4.1093, 4.6799,-0.2213,-0.1515,0
 0.0276, 0.0000,-0.9173, 3.1415, 0.2519,-3.8377, 4.6799,-0.2303,-0.1507,0
 0.0305, 0.0000,-0.9519, 3.1415, 0.2808,-3.5321, 4.6799,-0.2419,-0.1500,0
 0.0333, 0.0000,-0.9864, 3.1415, 0.2805,-3.4710, 4.6799,-0.2274,-0.1493,0
 0.0361, 0.0000,-1.0178, 3.1415, 0.2804,-3.2074, 4.6799,-0.2330,-0.1486,0
 0.0389, 0.0000,-1.0461, 3.1415, 0.2804,-2.9034, 4.6799,-0.2416,-0.1479,0
 0.0419, 0.0000,-1.0712, 3.1415, 0.2925,-2.5913, 4.6799,-0.2499,-0.1472,0
 0.0448, 0.0000,-1.0964, 3.1415, 0.2949,-2.5288, 4.6799,-0.2384,-0.1464,0
 0.0479, 0.0000,-1.1152, 3.1415, 0.3015,-2.0137, 4.6799,-0.2591,-0.1457,0
 0.0512, 0.0000,-1.1341, 3.1415, 0.3270,-1.9107, 4.6799,-0.2525,-0.1450,0
 0.0545, 0.0000,-1.1498, 3.1415, 0.3322,-1.6387, 4.6799,-0.2558,-0.1443,0
 0.0579, 0.0000,-1.1623, 3.1415, 0.3392,-1.3330, 4.3800,-0.2603,-0.1436,0
 0.0614, 0.0000,-1.1749, 3.1415, 0.3467,-1.2719, 2.0060,-0.2542,-0.1428,0
 0.0648, 0.0000,-1.1812, 3.1415, 0.3422,-0.7570,-0.0781,-0.2646,-0.1421,0
 0.0679, 0.0000,-1.1875, 3.1415, 0.3170,-0.6540,-2.1327,-0.2625,-0.1414,0
 0.0709, 0.0000,-1.1875, 3.1415, 0.2998,-0.1308,-4.6799,-0.2682,-0.1407,0
 0.0736, 0.0000,-1.1875, 3.1415, 0.2782,-0.0261,-4.6799,-0.2685,-0.1400,0
 0.0759, 0.0000,-1.1812, 3.1415, 0.2375, 0.4974,-4.6799,-0.2692,-0.1393,0
 0.0781, 0.0000,-1.1749, 3.1415, 0.2233, 0.6021,-4.6799,-0.2718,-0.1385,0
 0.0798, 0.0000,-1.1623, 3.1415, 0.1780, 1.1257,-4.6799,-0.2674,-0.1378,0
 0.0809, 0.0000,-1.1466, 3.1415, 0.1265, 1.4817,-4.6799,-0.2647,-0.1371,0
 0.0818, 0.0000,-1.1309, 3.1415, 0.0980, 1.5529,-4.6799,-0.2719,-0.1364,0
 0.0822, 0.0000,-1.1089, 3.1415, 0.0499, 2.0698,-4.6799,-0.2599,-0.1357,0
 0.0822, 0.0000,-1.0838, 3.1415, 0.0099, 2.4245,-4.6799,-0.2537,-0.1349,0
 0.0820, 0.0000,-1.0587, 3.1415,-0.0161, 2.4955,-4.6799,-0.2646,-0.1342,0
 0.0812, 0.0000,-1.0273, 3.1415,-0.0638, 3.0123,-4.6799,-0.2443,-0.1335,0
 0.0801, 0.0000,-0.9927, 3.1415,-0.0976, 3.3670,-4.6799,-0.2336,-0.1328,0
 0.0788, 0.0000,-0.9550, 3.1415,-0.1286, 3.6893,-4.6799,-0.2241,-0.1321,0
 0.0770, 0.0000,-0.9142, 3.1415,-0.1712, 4.0051,-4.6799,-0.2137,-0.1314,0
 0.0748, 0.0000,-0.8733, 3.1415,-0.2100, 4.0682,-4.6799,-0.2294,-0.1306,0
 0.0723, 0.0000,-0.8262, 3.1415,-0.2360, 4.5835,-4.6799,-0.1924,-0.1299,0
 0.0696, 0.0000,-0.7759, 3.1415,-0.2654, 4.9379,-4.6799,-0.1711,-0.1292,0
 0.0665, 0.0000,-0.7257, 3.1415,-0.3016, 5.0088,-4.6799,-0.1859,-0.1285,0
 0.0630, 0.0000,-0.6691, 3.1415,-0.3392, 5.5256,-0.3892,-0.1357,-0.1278,0
 0.0593, 0.0000,-0.6126, 3.1415,-0.3649, 5.6290,-4.6799,-0.1439,-0.1270,0
 0.0552, 0.0000,-0.5529, 3.1415,-0.4004, 5.9010, 4.6799,-0.1235,-0.1263,0
 0.0518, 0.0000,-0.4900, 3.1415,-0.3529, 6.2067, 4.6799,-0.0942,-0.1256,0
 0.0478, 0.0000,-0.4272, 3.1415,-0.3919, 6.2679, 4.6799,-0.1035,-0.1249,0
 0.0441, 0.0000,-0.3644, 3.1415,-0.3694, 6.2801, 4.6799,-0.1187,-0.1242,0
 0.0408, 0.0000,-0.3015, 3.1415,-0.3406, 6.2825,-4.6799,-0.1330,-0.1235,0
 0.0369, 0.0000,-0.2387, 3.1415,-0.3834, 6.2830,-4.6799,-0.1450,-0.1227,0
 0.0335, 0.0000,-0.1727, 3.1415,-0.3495, 6.5344, 4.6799,-0.1096,-0.1220,0
 0.0309, 0.0000,-0.1099, 3.1415,-0.2699, 6.3334,-4.6799,-0.1521,-0.1213,0
 0.0273, 0.0000,-0.0439, 3.1415,-0.3450, 6.5445, 4.6799,-0.1177,-0.1206,0
 0.0242, 0.0000, 0.0219, 3.1415,-0.3176, 6.5867, 4.6799,-0.1105,-0.1199,0
 0.0214, 0.0000, 0.0848, 3.1415,-0.2878, 6.3439,-4.6799,-0.1520,-0.1191,0
 0.0187, 0.0000, 0.1476, 3.1415,-0.2697, 6.2953,-4.6799,-0.1554,-0.1184,0
 0.0158, 0.0000, 0.2104, 3.1415,-0.2904, 6.2856,-4.6799,-0.1491,-0.1177,0
 0.0132, 0.0000, 0.2733, 3.1415,-0.2642, 6.2836,-4.6799,-0.1386,-0.1170,0
 0.0104, 0.0000, 0.3330, 3.1415,-0.2771, 6.0319,-4.6799,-0.1692,-0.1163,0
 0.0074, 0.0000, 0.3958, 3.1415,-0.2979, 6.2329,-0.8329,-0.1186,-0.1156,0
 0.0048, 0.0000, 0.4555, 3.1415,-0.2657, 6.0218,-4.6799,-0.1371,-0.1148,0
 0.0018, 0.0000, 0.5120, 3.1415,-0.2896, 5.7282,-4.6799,-0.1666,-0.1141,0
-0.0010, 0.0000, 0.5686, 3.1415,-0.2943, 5.6695,-4.6799,-0.1550,-0.1134,0
-0.0036, 0.0000, 0.6251, 3.1415,-0.2650, 5.6578,-4.6799,-0.1341,-0.1127,0
-0.0066, 0.0000, 0.6785, 3.1415,-0.2955, 5.4041,-4.6799,-0.1501,-0.1120,0
-0.0093, 0.0000, 0.7288, 3.1415,-0.2713, 5.1020,-4.6799,-0.1712,-0.1112,0
-0.0120, 0.0000, 0.7791, 3.1415,-0.2725, 5.0416,-4.6799,-0.1550,-0.1105,0
-0.0150, 0.0000, 0.8262, 3.1415,-0.2970, 4.7782,-4.6799,-0.1669,-0.1098,0
-0.0176, 0.0000, 0.8733, 3.1415,-0.2655, 4.7255,-4.6799,-0.1485,-0.1091,0
-0.0205, 0.0000, 0.9142, 3.1415,-0.2835, 4.2123,-4.6799,-0.1899,-0.1084,0
-0.0236, 0.0000, 0.9550, 3.1415,-0.3053, 4.1097,-4.6799,-0.1782,-0.1077,0
-0.0262, 0.0000, 0.9927, 3.1415,-0.2732, 3.8378,-4.6799,-0.1861,-0.1069,0
-0.0291, 0.0000, 1.0273, 3.1415,-0.2850, 3.5321,-4.6799,-0.1966,-0.1062,0
-0.0323, 0.0000, 1.0618, 3.1415,-0.3116, 3.4710,-4.6799,-0.1812,-0.1055,0
-0.0352, 0.0000, 1.0901, 3.1415,-0.2927, 2.9561,-4.6799,-0.2096,-0.1048,0
-0.0384, 0.0000, 1.1184, 3.1415,-0.3132, 2.8531,-4.6799,-0.1999,-0.1041,0
-0.0417, 0.0000, 1.1435, 3.1415,-0.3294, 2.5812,-4.6799,-0.2042,-0.1034,0
-0.0448, 0.0000, 1.1686, 3.1415,-0.3144, 2.5268,-4.6799,-0.1916,-0.1026,0
-0.0482, 0.0000, 1.1875, 3.1415,-0.3296, 2.0133,-4.6799,-0.2117,-0.1019,0
-0.0516, 0.0000, 1.2063, 3.1415,-0.3448, 1.9106,-4.6799,-0.2048,-0.1012,0
-0.0551, 0.0000, 1.2189, 3.1415,-0.3478, 1.3874,-4.2194,-0.2205,-0.1005,0
-0.0588, 0.0000, 1.2315, 3.1415,-0.3606, 1.2827,-1.4105,-0.2159,-0.0998,0
-0.0626, 0.0000, 1.2409, 3.1415,-0.3752, 1.0105, 0.5304,-0.2183,-0.0990,0
-0.0658, 0.0000, 1.2472, 3.1415,-0.3357, 0.7047, 2.1598,-0.2213,-0.0983,0
-0.0687, 0.0000, 1.2503, 3.1415,-0.2975, 0.3922, 3.9354,-0.2240,-0.0976,0
-0.0716, 0.0000, 1.2503, 3.1415,-0.2959, 0.0784, 4.6799,-0.2261,-0.0969,0
-0.0739, 0.0000, 1.2472, 3.1415,-0.2410,-0.2356, 4.6799,-0.2275,-0.0962,0
-0.0761, 0.0000, 1.2409, 3.1415,-0.2240,-0.5497, 4.6799,-0.2283,-0.0955,0
-0.0775, 0.0000, 1.2283, 3.1415,-0.1539,-1.1152, 4.6799,-0.2237,-0.0947,0
-0.0788, 0.0000, 1.2157, 3.1415,-0.1338,-1.2283, 4.6799,-0.2284,-0.0940,0
-0.0795, 0.0000, 1.2000, 3.1415,-0.0874,-1.5023, 4.6799,-0.2285,-0.0933,0
-0.0800, 0.0000, 1.1812, 3.1415,-0.0538,-1.8084, 4.6799,-0.2269,-0.0926,0
-0.0799, 0.0000, 1.1561, 3.1415,-0.0047,-2.3723, 4.6799,-0.2105,-0.0919,0
-0.0794, 0.0000, 1.1309, 3.1415, 0.0415,-2.4850, 4.6799,-0.2192,-0.0911,0
-0.0788, 0.0000, 1.0995, 3.1415, 0.0507,-3.0102, 4.6799,-0.1991,-0.0904,0
-0.0777, 0.0000, 1.0681, 3.1415, 0.1010,-3.1153, 4.6799,-0.2100,-0.0897,0
-0.0763, 0.0000, 1.0335, 3.1415, 0.1293,-3.3876, 4.6799,-0.2068,-0.0890,0
-0.0748, 0.0000, 0.9927, 3.1415, 0.1471,-3.9447, 4.6799,-0.1745,-0.0883,0
-0.0727, 0.0000, 0.9519, 3.1415, 0.1992,-4.0562, 4.6799,-0.1862,-0.0876,0
-0.0703, 0.0000, 0.9079, 3.1415, 0.2338,-4.3298, 4.6799,-0.1794,-0.0868,0
-0.0676, 0.0000, 0.8576, 3.1415, 0.2589,-4.8872, 4.6799,-0.1353,-0.0861,0
-0.0647, 0.0000, 0.8073, 3.1415, 0.2882,-4.9986, 4.6799,-0.1466,-0.0854,0
-0.0614, 0.0000, 0.7539, 3.1415, 0.3183,-5.2722, 4.6799,-0.1343,-0.0847,0
-0.0579, 0.0000, 0.6974, 3.1415, 0.3486,-5.5783, 4.6799,-0.1147,-0.0840,0
-0.0539, 0.0000, 0.6377, 3.1415, 0.3850,-5.8908, 0.6335,-0.0911,-0.0832,0
-0.0496, 0.0000, 0.5749, 3.1415, 0.4226,-6.2047,-4.6799,-0.0636,-0.0825,0
-0.0457, 0.0000, 0.5120, 3.1415, 0.3937,-6.2674,-4.6799,-0.0760,-0.0818,0
-0.0415, 0.0000, 0.4461, 3.1415, 0.4182,-6.5313,-4.6799,-0.0505,-0.0811,0
-0.0375, 0.0000, 0.3801, 3.1415, 0.4050,-6.5841,-4.6799,-0.0599,-0.0804,0
-0.0337, 0.0000, 0.3141, 3.1415, 0.3841,-6.5947,-4.6799,-0.0740,-0.0797,0
-0.0303, 0.0000, 0.2481, 3.1415, 0.3496,-6.5968, 4.6799,-0.0868,-0.0789,0
-0.0264, 0.0000, 0.1822, 3.1415, 0.3791,-6.5972, 4.6799,-0.0968,-0.0782,0
-0.0227, 0.0000, 0.1162, 3.1415, 0.3729,-6.5973, 4.6799,-0.1039,-0.0775,0
-0.0187, 0.0000, 0.0471, 3.1415, 0.3898,-6.8486,-4.6799,-0.0606,-0.0768,0
-0.0156, 0.0000,-0.0219, 3.1415, 0.3265,-6.8989,-4.6799,-0.0515,-0.0761,0
-0.0124, 0.0000,-0.0911, 3.1415, 0.3260,-6.9089,-4.6799,-0.0468,-0.0753,0
-0.0093, 0.0000,-0.1570, 3.1415, 0.3077,-6.6596, 4.6799,-0.0883,-0.0746,0
-0.0058, 0.0000,-0.2199, 3.1415, 0.3465,-6.3584, 4.6799,-0.1347,-0.0739,0
-0.0031, 0.0000,-0.2858, 3.1415, 0.2875,-6.5495, 4.6799,-0.0883,-0.0732,0
-0.0003, 0.0000,-0.3487, 3.1415, 0.2757,-6.3364, 4.6799,-0.1127,-0.0725,0
 0.0026, 0.0000,-0.4115, 3.1415, 0.2976,-6.2938, 4.6799,-0.1035,-0.0718,0
 0.0057, 0.0000,-0.4743, 3.1415, 0.3081,-6.2853, 4.6799,-0.0857,-0.0710,0
 0.0087, 0.0000,-0.5340, 3.1415, 0.3041,-6.0322, 4.6799,-0.1086,-0.0703,0
 0.0116, 0.0000,-0.5937, 3.1415, 0.2912,-5.9816, 4.6799,-0.0942,-0.0696,0
 0.0146, 0.0000,-0.6503, 3.1415, 0.2947,-5.7202, 4.6799,-0.1134,-0.0689,0
 0.0175, 0.0000,-0.7037, 3.1415, 0.2954,-5.4166, 4.6799,-0.1367,-0.0682,0
 0.0207, 0.0000,-0.7571, 3.1415, 0.3137,-5.3558, 4.6799,-0.1203,-0.0674,0
 0.0237, 0.0000,-0.8105, 3.1415, 0.2992,-5.3437, 4.6799,-0.0950,-0.0667,0
 0.0266, 0.0000,-0.8576, 3.1415, 0.2963,-4.8386, 4.6799,-0.1420,-0.0660,0
 0.0295, 0.0000,-0.9047, 3.1415, 0.2896,-4.7376, 4.6799,-0.1294,-0.0653,0
 0.0326, 0.0000,-0.9487, 3.1415, 0.3065,-4.4661, 4.6799,-0.1391,-0.0646,0
 0.0357, 0.0000,-0.9927, 3.1415, 0.3099,-4.4118, 4.6799,-0.1198,-0.0639,0
 0.0387, 0.0000,-1.0304, 3.1415, 0.2984,-3.8982, 4.6799,-0.1566,-0.0631,0
 0.0419, 0.0000,-1.0681, 3.1415, 0.3143,-3.7955, 4.6799,-0.1442,-0.0624,0
 0.0450, 0.0000,-1.1026, 3.1415, 0.3175,-3.5237, 4.6799,-0.1501,-0.0617,0
 0.0483, 0.0000,-1.1341, 3.1415, 0.3242,-3.2180, 4.6799,-0.1587,-0.0610,0
 0.0516, 0.0000,-1.1623, 3.1415, 0.3316,-2.9055, 4.6799,-0.1669,-0.0603,0
 0.0551, 0.0000,-1.1906, 3.1415, 0.3391,-2.8430, 4.6799,-0.1532,-0.0595,0
 0.0585, 0.0000,-1.2126, 3.1415, 0.3467,-2.3279, 4.6799,-0.1758,-0.0588,0
 0.0620, 0.0000,-1.2346, 3.1415, 0.3482,-2.2248, 4.6799,-0.1675,-0.0581,0
 0.0656, 0.0000,-1.2534, 3.1415, 0.3546,-1.9529, 4.6799,-0.1706,-0.0574,0
 0.0693, 0.0000,-1.2692, 3.1415, 0.3680,-1.6472, 2.4760,-0.1753,-0.0567,0
 0.0730, 0.0000,-1.2817, 3.1415, 0.3707,-1.3347, 0.2950,-0.1797,-0.0560,0
 0.0767, 0.0000,-1.2911, 3.1415, 0.3712,-1.0209,-1.8628,-0.1835,-0.0552,0
 0.0799, 0.0000,-1.2974, 3.1415, 0.3289,-0.7068,-3.5268,-0.1868,-0.0545,0
 0.0832, 0.0000,-1.3006, 3.1415, 0.3265,-0.3926,-4.6799,-0.1895,-0.0538,0
 0.0863, 0.0000,-1.3006, 3.1415, 0.3138,-0.0785,-4.6799,-0.1915,-0.0531,0
 0.0889, 0.0000,-1.2974, 3.1415, 0.2749, 0.2356,-4.6799,-0.1930,-0.0524,0
 0.0912, 0.0000,-1.2943, 3.1415, 0.2369, 0.2984,-4.6799,-0.1947,-0.0516,0
 0.0930, 0.0000,-1.2849, 3.1415, 0.1929, 0.8136,-4.6799,-0.1932,-0.0509,0
 0.0944, 0.0000,-1.2723, 3.1415, 0.1477, 1.1680,-4.6799,-0.1920,-0.0502,0
 0.0955, 0.0000,-1.2566, 3.1415, 0.1204, 1.4902,-4.6799,-0.1908,-0.0495,0
 0.0962, 0.0000,-1.2377, 3.1415, 0.0786, 1.8060,-4.6799,-0.1890,-0.0488,0
 0.0964, 0.0000,-1.2126, 3.1415, 0.0339, 2.3718,-4.6799,-0.1729,-0.0481,0
 0.0964, 0.0000,-1.1875, 3.1415, 0.0067, 2.4849,-4.6799,-0.1820,-0.0473,0
 0.0961, 0.0000,-1.1592, 3.1415,-0.0289, 2.7589,-4.6799,-0.1806,-0.0466,0
 0.0954, 0.0000,-1.1278, 3.1415,-0.0603, 3.0650,-4.6799,-0.1762,-0.0459,0
 0.0942, 0.0000,-1.0932, 3.1415,-0.1090, 3.3776,-4.6799,-0.1703,-0.0452,0
 0.0929, 0.0000,-1.0555, 3.1415,-0.1248, 3.6914,-4.6799,-0.1630,-0.0445,0
 0.0912, 0.0000,-1.0147, 3.1415,-0.1583, 4.0055,-4.6799,-0.1544,-0.0437,0
 0.0892, 0.0000,-0.9676, 3.1415,-0.1893, 4.5710,-4.6799,-0.1148,-0.0430,0
 0.0869, 0.0000,-0.9204, 3.1415,-0.2258, 4.6841,-4.6799,-0.1275,-0.0423,0
 0.0842, 0.0000,-0.8702, 3.1415,-0.2634, 4.9580,-4.6799,-0.1187,-0.0416,0
 0.0810, 0.0000,-0.8168, 3.1415,-0.3012, 5.2641,-4.6799,-0.1036,-0.0409,0
 0.0776, 0.0000,-0.7602, 3.1415,-0.3391, 5.5767,-4.6799,-0.0849,-0.0402,0
 0.0736, 0.0000,-0.7005, 3.1415,-0.3831, 5.8905,-4.6799,-0.0631,-0.0394,0
 0.0694, 0.0000,-0.6377, 3.1415,-0.4161, 6.2046, 4.6799,-0.0379,-0.0387,0
 0.0660, 0.0000,-0.5749, 3.1415,-0.3560, 6.2674,-4.6799,-0.0527,-0.0380,0
 0.0607, 0.0000,-0.5089, 3.1415,-0.4895, 6.5313, 4.6799,-0.0298,-0.0373,0
 0.0569, 0.0000,-0.4398, 3.1415,-0.4010, 6.8354, 4.6799, 0.0043,-0.0366,0
 0.0524, 0.0000,-0.3707, 3.1415,-0.4440, 6.8962, 4.6799,-0.0034,-0.0358,0
 0.0485, 0.0000,-0.3015, 3.1415,-0.3980, 6.9084, 4.6799,-0.0175,-0.0351,0
 0.0449, 0.0000,-0.2324, 3.1415,-0.3706, 6.9108, 4.6799,-0.0301,-0.0344,0
 0.0416, 0.0000,-0.1665, 3.1415,-0.3348, 6.6600,-4.6799,-0.0871,-0.0337,0
 0.0378, 0.0000,-0.0973, 3.1415,-0.3701, 6.8612,-4.6799,-0.0556,-0.0330,0
 0.0346, 0.0000,-0.0282, 3.1415,-0.3347, 6.9014,-4.6799,-0.0509,-0.0323,0
 0.0311, 0.0000, 0.0408, 3.1415,-0.3458, 6.9094,-4.6799,-0.0491,-0.0315,0
 0.0275, 0.0000, 0.1099, 3.1415,-0.3602, 6.9111,-4.6799,-0.0450,-0.0308,0
 0.0239, 0.0000, 0.1822, 3.1415,-0.3570, 7.1627, 4.6799, 0.0120,-0.0301,0
 0.0208, 0.0000, 0.2513, 3.1415,-0.3200, 6.9617, 4.6799,-0.0170,-0.0294,0
 0.0178, 0.0000, 0.3173, 3.1415,-0.3065, 6.6702,-4.6799,-0.0593,-0.0287,0
 0.0145, 0.0000, 0.3832, 3.1415,-0.3220, 6.6119,-4.6799,-0.0539,-0.0280,0
 0.0115, 0.0000, 0.4461, 3.1415,-0.3069, 6.3489,-4.6799,-0.0834,-0.0272,0
 0.0086, 0.0000, 0.5089, 3.1415,-0.2917, 6.2963,-4.6799,-0.0720,-0.0265,0
 0.0056, 0.0000, 0.5686, 3.1415,-0.2948, 6.0344,-4.6799,-0.0952,-0.0258,0
 0.0029, 0.0000, 0.6283, 3.1415,-0.2772, 5.9821,-4.6799,-0.0799,-0.0251,0
-0.0000, 0.0000, 0.6880, 3.1415,-0.2979, 5.9716,-4.6799,-0.0554,-0.0244,0
-0.0031, 0.0000, 0.7445, 3.1415,-0.3081, 5.7182,-4.6799,-0.0703,-0.0236,0
-0.0059, 0.0000, 0.7979, 3.1415,-0.2859, 5.4162,-4.6799,-0.0906,-0.0229,0
-0.0088, 0.0000, 0.8513, 3.1415,-0.2876, 5.3558,-4.6799,-0.0716,-0.0222,0
-0.0119, 0.0000, 0.8984, 3.1415,-0.3061, 4.8410,-4.6799,-0.1191,-0.0215,0
-0.0147, 0.0000, 0.9456, 3.1415,-0.2855, 4.7381,-4.6799,-0.1059,-0.0208,0
-0.0178, 0.0000, 0.9927, 3.1415,-0.2996, 4.7175,-4.6799,-0.0807,-0.0201,0
-0.0208, 0.0000, 1.0335, 3.1415,-0.3024, 4.2107,-4.6799,-0.1192,-0.0193,0
-0.0237, 0.0000, 1.0744, 3.1415,-0.2969, 4.1094,-4.6799,-0.1055,-0.0186,0
-0.0269, 0.0000, 1.1121, 3.1415,-0.3079, 3.8378,-4.6799,-0.1117,-0.0179,0
-0.0300, 0.0000, 1.1466, 3.1415,-0.3162, 3.5321,-4.6799,-0.1208,-0.0172,0
-0.0331, 0.0000, 1.1780, 3.1415,-0.3057, 3.2196,-4.6799,-0.1296,-0.0165,0
-0.0363, 0.0000, 1.2063, 3.1415,-0.3218, 2.9058,-4.6799,-0.1377,-0.0157,0
-0.0398, 0.0000, 1.2346, 3.1415,-0.3432, 2.8431,-4.6799,-0.1236,-0.0150,0
-0.0432, 0.0000, 1.2566, 3.1415,-0.3354, 2.3279,-4.6799,-0.1460,-0.0143,0
-0.0466, 0.0000, 1.2786, 3.1415,-0.3460, 2.2248,-4.6799,-0.1375,-0.0136,0
-0.0504, 0.0000, 1.2943, 3.1415,-0.3663, 1.7016,-4.6799,-0.1554,-0.0129,0
-0.0540, 0.0000, 1.3100, 3.1415,-0.3643, 1.5969,-2.7897,-0.1494,-0.0122,0
-0.0579, 0.0000, 1.3257, 3.1415,-0.3820, 1.5760,-0.7226,-0.1394,-0.0114,0
-0.0619, 0.0000, 1.3351, 3.1415,-0.3977, 1.0691, 1.1587,-0.1516,-0.0107,0
-0.0648, 0.0000, 1.3414, 3.1415,-0.3160, 0.7164, 2.6375,-0.1560,-0.0100,0
-0.0685, 0.0000, 1.3446, 3.1415,-0.3542, 0.3946, 4.6799,-0.1588,-0.0093,0
-0.0714, 0.0000, 1.3446, 3.1415,-0.3073, 0.0789, 4.6799,-0.1609,-0.0086,0
-0.0741, 0.0000, 1.3414, 3.1415,-0.2736,-0.2355, 4.6799,-0.1624,-0.0078,0
-0.0763, 0.0000, 1.3351, 3.1415,-0.2366,-0.5497, 4.6799,-0.1634,-0.0071,0
-0.0781, 0.0000, 1.3257, 3.1415,-0.1867,-0.8639, 4.6799,-0.1637,-0.0064,0
-0.0795, 0.0000, 1.3131, 3.1415,-0.1525,-1.1780, 4.6799,-0.1635,-0.0057,0
-0.0805, 0.0000, 1.2974, 3.1415,-0.1093,-1.4922, 4.6799,-0.1626,-0.0050,0
-0.0810, 0.0000, 1.2786, 3.1415,-0.0643,-1.8064, 4.6799,-0.1611,-0.0043,0
-0.0813, 0.0000, 1.2566, 3.1415,-0.0310,-2.1205, 4.6799,-0.1589,-0.0035,0
-0.0812, 0.0000, 1.2283, 3.1415,-0.0001,-2.6860, 4.6799,-0.1401,-0.0028,0
-0.0807, 0.0000, 1.2000, 3.1415, 0.0424,-2.7991, 4.6799,-0.1504,-0.0021,0
-0.0798, 0.0000, 1.1686, 3.1415, 0.0812,-3.0730, 4.6799,-0.1488,-0.0014,0
-0.0785, 0.0000, 1.1341, 3.1415, 0.1132,-3.3792, 4.6799,-0.1438,-0.0007,0
-0.0770, 0.0000, 1.0964, 3.1415, 0.1499,-3.6917, 4.6799,-0.1372, 0.0000,0
-0.0751, 0.0000, 1.0555, 3.1415, 0.1755,-4.0056, 4.6799,-0.1291, 0.0007,0
-0.0729, 0.0000, 1.0084, 3.1415, 0.2170,-4.5710, 4.6799,-0.0903, 0.0014,0
-0.0703, 0.0000, 0.9613, 3.1415, 0.2495,-4.6841, 4.6799,-0.1038, 0.0021,0
-0.0674, 0.0000, 0.9110, 3.1415, 0.2803,-4.9580, 4.6799,-0.0959, 0.0028,0
-0.0641, 0.0000, 0.8576, 3.1415, 0.3167,-5.2641, 4.6799,-0.0818, 0.0035,0
-0.0606, 0.0000, 0.8011, 3.1415, 0.3483,-5.5767, 4.6799,-0.0643, 0.0043,0
-0.0567, 0.0000, 0.7414, 3.1415, 0.3788,-5.8905, 4.6799,-0.0438, 0.0050,0
-0.0525, 0.0000, 0.6785, 3.1415, 0.4153,-6.2046, 4.6799,-0.0200, 0.0057,0
-0.0479, 0.0000, 0.6126, 3.1415, 0.4529,-6.5188,-4.6799, 0.0074, 0.0064,0
-0.0437, 0.0000, 0.5434, 3.1415, 0.4240,-6.8329,-4.6799, 0.0390, 0.0071,0
-0.0391, 0.0000, 0.4743, 3.1415, 0.4546,-6.8958,-4.6799, 0.0269, 0.0079,0
-0.0346, 0.0000, 0.4052, 3.1415, 0.4486,-6.9083,-4.2971, 0.0082, 0.0086,0
-0.0304, 0.0000, 0.3361, 3.1415, 0.4232,-6.9108, 4.6799,-0.0092, 0.0093,0
-0.0256, 0.0000, 0.2638, 3.1415, 0.4726,-7.1627,-4.6799, 0.0250, 0.0100,0
-0.0219, 0.0000, 0.1947, 3.1415, 0.3855,-6.9617, 4.6799,-0.0259, 0.0107,0
-0.0174, 0.0000, 0.1225, 3.1415, 0.4409,-7.1728,-1.0725, 0.0075, 0.0114,0
-0.0137, 0.0000, 0.0471, 3.1415, 0.3792,-7.4664,-4.6799, 0.0631, 0.0122,0
-0.0100, 0.0000,-0.0219, 3.1415, 0.3790,-7.0224, 4.6799,-0.0275, 0.0129,0
-0.0057, 0.0000,-0.0942, 3.1415, 0.4153,-7.1850, 2.8020, 0.0078, 0.0136,0
-0.0020, 0.0000,-0.1665, 3.1415, 0.3801,-7.2175,-4.6799, 0.0211, 0.0143,0
 0.0012, 0.0000,-0.2356, 3.1415, 0.3428,-6.9727, 4.6799,-0.0175, 0.0150,0
 0.0047, 0.0000,-0.3047, 3.1415, 0.3474,-6.9237, 4.6799,-0.0138, 0.0158,0
 0.0083, 0.0000,-0.3707, 3.1415, 0.3544,-6.6626, 4.6799,-0.0478, 0.0165,0
 0.0118, 0.0000,-0.4398, 3.1415, 0.3558,-6.8617, 4.6799, 0.0094, 0.0172,0
 0.0153, 0.0000,-0.5026, 3.1415, 0.3440,-6.3988, 4.6799,-0.0560, 0.0179,0
 0.0186, 0.0000,-0.5686, 3.1415, 0.3355,-6.5576, 4.6799,-0.0030, 0.0186,0
 0.0219, 0.0000,-0.6314, 3.1415, 0.3278,-6.3380, 4.6799,-0.0172, 0.0193,0
 0.0253, 0.0000,-0.6911, 3.1415, 0.3444,-6.0428, 4.6799,-0.0420, 0.0201,0
 0.0288, 0.0000,-0.7476, 3.1415, 0.3417,-5.7324, 4.6799,-0.0664, 0.0208,0
 0.0320, 0.0000,-0.8042, 3.1415, 0.3290,-5.6703, 4.6799,-0.0479, 0.0215,0
 0.0353, 0.0000,-0.8607, 3.1415, 0.3265,-5.6579, 4.6799,-0.0199, 0.0222,0
 0.0384, 0.0000,-0.9110, 3.1415, 0.3139,-5.1528, 4.6799,-0.0684, 0.0229,0
 0.0417, 0.0000,-0.9613, 3.1415, 0.3295,-5.0518, 4.6799,-0.0537, 0.0237,0
 0.0449, 0.0000,-1.0084, 3.1415, 0.3205,-4.7802, 4.6799,-0.0629, 0.0244,0
 0.0482, 0.0000,-1.0524, 3.1415, 0.3248,-4.4746, 4.6799,-0.0754, 0.0251,0
 0.0516, 0.0000,-1.0932, 3.1415, 0.3378,-4.1621, 4.6799,-0.0874, 0.0258,0
 0.0551, 0.0000,-1.1341, 3.1415, 0.3464,-4.0996, 4.6799,-0.0684, 0.0265,0
 0.0584, 0.0000,-1.1686, 3.1415, 0.3360,-3.5845, 4.6799,-0.1011, 0.0272,0
 0.0618, 0.0000,-1.2032, 3.1415, 0.3400,-3.4815, 4.6799,-0.0883, 0.0280,0
 0.0654, 0.0000,-1.2346, 3.1415, 0.3529,-3.2095, 4.6799,-0.0926, 0.0287,0
 0.0690, 0.0000,-1.2629, 3.1415, 0.3616,-2.9038, 4.6799,-0.0995, 0.0294,0
 0.0725, 0.0000,-1.2880, 3.1415, 0.3512,-2.5913, 4.6799,-0.1063, 0.0301,0
 0.0761, 0.0000,-1.3100, 3.1415, 0.3612,-2.2775, 4.6799,-0.1125, 0.0308,0
 0.0799, 0.0000,-1.3320, 3.1415, 0.3754,-2.2148, 3.1379,-0.1011, 0.0316,0
 0.0837, 0.0000,-1.3477, 3.1415, 0.3782,-1.6996, 1.3026,-0.1184, 0.0323,0
 0.0876, 0.0000,-1.3603, 3.1415, 0.3909,-1.3452,-1.4606,-0.1247, 0.0330,0
 0.0910, 0.0000,-1.3728, 3.1415, 0.3449,-1.2743,-2.8528,-0.1184, 0.0337,0
 0.0943, 0.0000,-1.3791, 3.1415, 0.3357,-0.7575,-4.6799,-0.1287, 0.0344,0
 0.0976, 0.0000,-1.3854, 3.1415, 0.3339,-0.6541,-4.6799,-0.1263, 0.0351,0
 0.1005, 0.0000,-1.3885, 3.1415, 0.2971,-0.3821,-4.6799,-0.1280, 0.0359,0
 0.1030, 0.0000,-1.3854, 3.1415, 0.2595, 0.1748,-4.6799,-0.1319, 0.0366,0
 0.1052, 0.0000,-1.3823, 3.1415, 0.2277, 0.2863,-4.6799,-0.1334, 0.0373,0
 0.1069, 0.0000,-1.3728, 3.1415, 0.1789, 0.8112,-4.6799,-0.1319, 0.0380,0
 0.1082, 0.0000,-1.3603, 3.1415, 0.1388, 1.1675,-4.6799,-0.1309, 0.0387,0
 0.1092, 0.0000,-1.3477, 3.1415, 0.1065, 1.2388,-4.6799,-0.1373, 0.0395,0
 0.1095, 0.0000,-1.3288, 3.1415, 0.0516, 1.7557,-4.6799,-0.1288, 0.0402,0
 0.1096, 0.0000,-1.3069, 3.1415, 0.0163, 2.1104,-4.6799,-0.1249, 0.0409,0
 0.1095, 0.0000,-1.2849, 3.1415,-0.0088, 2.1813,-4.6799,-0.1358, 0.0416,0
 0.1088, 0.0000,-1.2566, 3.1415,-0.0563, 2.6982,-4.6799,-0.1199, 0.0423,0
 0.1077, 0.0000,-1.2252, 3.1415,-0.1022, 3.0529,-4.6799,-0.1127, 0.0430,0
 0.1064, 0.0000,-1.1938, 3.1415,-0.1235, 3.1238,-4.6799,-0.1277, 0.0438,0
 0.1047, 0.0000,-1.1561, 3.1415,-0.1580, 3.6407,-4.6799,-0.1037, 0.0445,0
 0.1026, 0.0000,-1.1152, 3.1415,-0.1953, 3.9954,-4.6799,-0.0924, 0.0452,0
 0.1002, 0.0000,-1.0712, 3.1415,-0.2330, 4.3176,-4.6799,-0.0829, 0.0459,0
 0.0975, 0.0000,-1.0241, 3.1415,-0.2648, 4.6334,-4.6799,-0.0727, 0.0466,0
 0.0944, 0.0000,-0.9770, 3.1415,-0.3015, 4.6966,-4.6799,-0.0929, 0.0473,0
 0.0908, 0.0000,-0.9236, 3.1415,-0.3452, 5.2118,-4.6799,-0.0526, 0.0481,0
 0.0870, 0.0000,-0.8670, 3.1415,-0.3722, 5.5662,-4.6799,-0.0308, 0.0488,0
 0.0828, 0.0000,-0.8073, 3.1415,-0.4139, 5.8884,-4.6799,-0.0110, 0.0495,0
 0.0782, 0.0000,-0.7445, 3.1415,-0.4526, 6.2042,-4.6799, 0.0108, 0.0502,0
 0.0732, 0.0000,-0.6817, 3.1415,-0.4846, 6.2673,-4.6799,-0.0076, 0.0509,0
 0.0679, 0.0000,-0.6126, 3.1415,-0.5213, 6.7826, 4.6799, 0.0565, 0.0517,0
 0.0633, 0.0000,-0.5434, 3.1415,-0.4741, 6.8857, 1.8294, 0.0491, 0.0524,0
 0.0578, 0.0000,-0.4712, 3.1415,-0.5374, 7.1576, 4.6799, 0.0774, 0.0531,0
 0.0528, 0.0000,-0.4021, 3.1415,-0.5076, 6.9607,-4.6799, 0.0175, 0.0538,0
 0.0470, 0.0000,-0.3267, 3.1415,-0.5623, 7.4240, 4.6799, 0.0915, 0.0545,0
 0.0421, 0.0000,-0.2544, 3.1415,-0.5065, 7.2653,-4.6799, 0.0440, 0.0552,0
 0.0366, 0.0000,-0.1790, 3.1415,-0.5378, 7.4849, 4.6799, 0.0777, 0.0560,0
 0.0320, 0.0000,-0.1036, 3.1415,-0.4774, 7.5288, 4.6799, 0.0793, 0.0567,0
 0.0272, 0.0000,-0.0282, 3.1415,-0.4774, 7.5376, 4.6799, 0.0776, 0.0574,0
 0.0231, 0.0000, 0.0408, 3.1415,-0.4289, 7.0367,-4.6799,-0.0242, 0.0581,0
 0.0188, 0.0000, 0.1130, 3.1415,-0.4253, 7.1878,-4.6799, 0.0098, 0.0588,0
 0.0148, 0.0000, 0.1853, 3.1415,-0.4064, 7.2181,-4.6799, 0.0236, 0.0596,0
 0.0103, 0.0000, 0.2544, 3.1415,-0.4390, 6.9728,-4.6799,-0.0142, 0.0603,0
 0.0063, 0.0000, 0.3267, 3.1415,-0.4091, 7.1750,-4.6799, 0.0406, 0.0610,0
 0.0022, 0.0000, 0.3958, 3.1415,-0.4092, 6.9642,-4.6799, 0.0164, 0.0617,0
-0.0018, 0.0000, 0.4649, 3.1415,-0.4092, 6.9220,-4.6799, 0.0289, 0.0624,0
-0.0059, 0.0000, 0.5309, 3.1415,-0.4092, 6.6622,-4.6799, 0.0021, 0.0631,0
-0.0100, 0.0000, 0.5969, 3.1415,-0.4153, 6.6103,-4.6799, 0.0178, 0.0639,0
-0.0140, 0.0000, 0.6597, 3.1415,-0.3983, 6.3486,-4.6799,-0.0031, 0.0646,0
-0.0181, 0.0000, 0.7225, 3.1415,-0.4070, 6.2962,-4.6799, 0.0163, 0.0653,0
-0.0221, 0.0000, 0.7822, 3.1415,-0.4027, 6.0344,-4.6799, 0.0004, 0.0660,0
-0.0258, 0.0000, 0.8388, 3.1415,-0.3776, 5.7307,-4.6799,-0.0201, 0.0667,0
-0.0297, 0.0000, 0.8922, 3.1415,-0.3847, 5.4187,-4.6799,-0.0396, 0.0675,0
-0.0336, 0.0000, 0.9456, 3.1415,-0.3922, 5.3563,-4.6799,-0.0185, 0.0682,0
-0.0373, 0.0000, 0.9958, 3.1415,-0.3755, 5.0925,-4.6799,-0.0274, 0.0689,0
-0.0410, 0.0000, 1.0430, 3.1415,-0.3661, 4.7884,-4.6799,-0.0406, 0.0696,0
-0.0448, 0.0000, 1.0869, 3.1415,-0.3824, 4.4762,-4.6799,-0.0535, 0.0703,0
-0.0486, 0.0000, 1.1309, 3.1415,-0.3796, 4.4138,-4.6799,-0.0330, 0.0710,0
-0.0524, 0.0000, 1.1686, 3.1415,-0.3791, 3.8986,-4.6799,-0.0682, 0.0718,0
-0.0563, 0.0000, 1.2063, 3.1415,-0.3850, 3.7956,-4.6799,-0.0542, 0.0725,0
-0.0602, 0.0000, 1.2409, 3.1415,-0.3923, 3.5237,-4.6799,-0.0587, 0.0732,0
-0.0642, 0.0000, 1.2692, 3.1415,-0.3998, 2.9666,-4.6799,-0.0900, 0.0739,0
-0.0682, 0.0000, 1.2974, 3.1415,-0.4013, 2.8552,-4.6799,-0.0796, 0.0746,0
-0.0723, 0.0000, 1.3257, 3.1415,-0.4076, 2.8330,-4.6799,-0.0618, 0.0754,0
-0.0766, 0.0000, 1.3446, 3.1415,-0.4210, 2.0745,-4.6799,-0.1007, 0.0761,0
-0.0808, 0.0000, 1.3665, 3.1415,-0.4237, 2.1742,-2.2638,-0.0794, 0.0768,0
-0.0853, 0.0000, 1.3823, 3.1415,-0.4424, 1.6914, 0.0610,-0.0945, 0.0775,0
-0.0892, 0.0000, 1.3980, 3.1415,-0.4037, 1.5949, 1.9905,-0.0878, 0.0782,0
-0.0930, 0.0000, 1.4074, 3.1415,-0.3839, 1.0729, 4.0168,-0.1006, 0.0789,0
-0.0967, 0.0000, 1.4137, 3.1415,-0.3738, 0.7172, 4.6799,-0.1051, 0.0797,0
-0.1000, 0.0000, 1.4199, 3.1415,-0.3355, 0.6460, 4.6799,-0.1020, 0.0804,0
-0.1029, 0.0000, 1.4199, 3.1415,-0.2975, 0.1292, 4.6799,-0.1076, 0.0811,0
-0.1054, 0.0000, 1.4199, 3.1415,-0.2595, 0.0258, 4.6799,-0.1078, 0.0818,0
-0.1073, 0.0000, 1.4137, 3.1415,-0.2095,-0.4974, 4.6799,-0.1088, 0.0825,0
-0.1092, 0.0000, 1.4074, 3.1415,-0.1874,-0.6021, 4.6799,-0.1117, 0.0833,0
-0.1104, 0.0000, 1.3948, 3.1415,-0.1345,-1.1257, 4.6799,-0.1079, 0.0840,0
-0.1113, 0.0000, 1.3823, 3.1415,-0.0996,-1.2304, 4.6799,-0.1133, 0.0847,0
-0.1117, 0.0000, 1.3634, 3.1415,-0.0502,-1.7540, 4.6799,-0.1047, 0.0854,0
-0.1117, 0.0000, 1.3414, 3.1415,-0.0100,-2.1101, 4.6799,-0.1009, 0.0861,0
-0.1115, 0.0000, 1.3163, 3.1415, 0.0101,-2.4326, 4.6799,-0.0979, 0.0868,0
-0.1110, 0.0000, 1.2911, 3.1415, 0.0444,-2.4971, 4.6799,-0.1108, 0.0876,0
-0.1101, 0.0000, 1.2597, 3.1415, 0.0816,-3.0127, 4.6799,-0.0926, 0.0883,0
-0.1090, 0.0000, 1.2252, 3.1415, 0.1012,-3.3671, 4.6799,-0.0845, 0.0890,0
-0.1076, 0.0000, 1.1875, 3.1415, 0.1354,-3.6893, 4.6799,-0.0779, 0.0897,0
-0.1057, 0.0000, 1.1498, 3.1415, 0.1786,-3.7538, 4.6799,-0.0961, 0.0904,0
-0.1036, 0.0000, 1.1058, 3.1415, 0.1994,-4.2693, 4.6799,-0.0667, 0.0912,0
-0.1013, 0.0000, 1.0587, 3.1415, 0.2278,-4.6237, 4.6799,-0.0525, 0.0919,0
-0.0985, 0.0000, 1.0084, 3.1415, 0.2699,-4.9459, 4.6799,-0.0403, 0.0926,0
-0.0954, 0.0000, 0.9550, 3.1415, 0.3025,-5.2617, 4.6799,-0.0271, 0.0933,0
-0.0920, 0.0000, 0.8984, 3.1415, 0.3333,-5.5762, 4.6799,-0.0118, 0.0940,0
-0.0881, 0.0000, 0.8419, 3.1415, 0.3759,-5.6391, 4.6799,-0.0330, 0.0947,0
-0.0839, 0.0000, 0.7791, 3.1415, 0.4147,-6.1543, 4.6799, 0.0193, 0.0955,0
-0.0793, 0.0000, 0.7131, 3.1415, 0.4467,-6.5087, 4.6799, 0.0499, 0.0962,0
-0.0744, 0.0000, 0.6471, 3.1415, 0.4834,-6.5796, 4.6799, 0.0331, 0.0969,0
-0.0690, 0.0000, 0.5749, 3.1415, 0.5271,-7.0964,-4.6799, 0.1023, 0.0976,0
-0.0641, 0.0000, 0.5026, 3.1415, 0.4934,-7.1998,-3.2322, 0.0964, 0.0983,0
-0.0588, 0.0000, 0.4303, 3.1415, 0.5291,-7.2204, 4.6799, 0.0772, 0.0991,0
-0.0532, 0.0000, 0.3549, 3.1415, 0.5545,-7.4759,-4.6799, 0.1091, 0.0998,0
-0.0480, 0.0000, 0.2796, 3.1415, 0.5232,-7.5270,-4.6799, 0.1029, 0.1005,0
-0.0430, 0.0000, 0.2042, 3.1415, 0.5048,-7.5372, 4.6799, 0.0921, 0.1012,0
-0.0375, 0.0000, 0.1288, 3.1415, 0.5375,-7.5393, 4.6799, 0.0836, 0.1019,0
-0.0322, 0.0000, 0.0502, 3.1415, 0.5319,-7.7910,-4.6799, 0.1326, 0.1026,0
-0.0277, 0.0000,-0.0251, 3.1415, 0.4701,-7.5900, 4.6799, 0.0886, 0.1034,0
-0.0227, 0.0000,-0.1005, 3.1415, 0.4942,-7.5498, 4.6799, 0.0835, 0.1041,0
-0.0173, 0.0000,-0.1790, 3.1415, 0.5293,-7.7931,-4.6799, 0.1436, 0.1048,0
-0.0130, 0.0000,-0.2544, 3.1415, 0.4514,-7.5904,-4.6799, 0.1116, 0.1055,0
-0.0089, 0.0000,-0.3267, 3.1415, 0.4177,-7.2986, 4.6799, 0.0656, 0.1062,0
-0.0044, 0.0000,-0.3989, 3.1415, 0.4412,-7.2402, 4.6799, 0.0722, 0.1070,0
-0.0007, 0.0000,-0.4649, 3.1415, 0.3853,-6.7259, 4.6799,-0.0085, 0.1077,0
 0.0031, 0.0000,-0.5340, 3.1415, 0.3923,-6.8743, 4.6799, 0.0435, 0.1084,0
 0.0070, 0.0000,-0.6000, 3.1415, 0.3877,-6.6527, 4.6799, 0.0269, 0.1091,0
 0.0108, 0.0000,-0.6660, 3.1415, 0.3807,-6.6084, 4.6799, 0.0467, 0.1098,0
 0.0144, 0.0000,-0.7288, 3.1415, 0.3611,-6.3482, 4.6799, 0.0285, 0.1105,0
 0.0178, 0.0000,-0.7885, 3.1415, 0.3511,-6.0448, 4.6799, 0.0053, 0.1113,0
 0.0216, 0.0000,-0.8450, 3.1415, 0.3733,-5.7328, 4.6799,-0.0164, 0.1120,0
 0.0252, 0.0000,-0.9016, 3.1415, 0.3596,-5.6704, 4.6799, 0.0047, 0.1127,0
 0.0287, 0.0000,-0.9550, 3.1415, 0.3508,-5.4066, 4.6799,-0.0055, 0.1134,0
 0.0320, 0.0000,-1.0053, 3.1415, 0.3369,-5.1025, 4.6799,-0.0202, 0.1141,0
 0.0354, 0.0000,-1.0524, 3.1415, 0.3402,-4.7904, 4.6799,-0.0345, 0.1148,0
 0.0389, 0.0000,-1.0995, 3.1415, 0.3469,-4.7279, 4.6799,-0.0130, 0.1156,0
 0.0425, 0.0000,-1.1403, 3.1415, 0.3543,-4.2128, 4.6799,-0.0511, 0.1163,0
 0.0459, 0.0000,-1.1812, 3.1415, 0.3437,-4.1098, 4.6799,-0.0362, 0.1170,0
 0.0494, 0.0000,-1.2189, 3.1415, 0.3537,-3.8378, 4.6799,-0.0412, 0.1177,0
 0.0530, 0.0000,-1.2534, 3.1415, 0.3557,-3.5321, 4.6799,-0.0493, 0.1184,0
 0.0568, 0.0000,-1.2849, 3.1415, 0.3743,-3.2197, 4.6799,-0.0573, 0.1192,0
 0.0605, 0.0000,-1.3163, 3.1415, 0.3719,-3.1572, 4.6799,-0.0412, 0.1199,0
 0.0641, 0.0000,-1.3414, 3.1415, 0.3654,-2.6420, 4.6799,-0.0655, 0.1206,0
 0.0679, 0.0000,-1.3634, 3.1415, 0.3762,-2.2877, 4.6799,-0.0745, 0.1213,0
 0.0717, 0.0000,-1.3823, 3.1415, 0.3784,-1.9655, 4.6799,-0.0804, 0.1220,0
 0.0760, 0.0000,-1.4011, 3.1415, 0.4152,-1.9010, 1.5561,-0.0706, 0.1227,0
 0.0801, 0.0000,-1.4168, 3.1415, 0.4104,-1.6368,-0.7145,-0.0725, 0.1235,0
 0.0837, 0.0000,-1.4262, 3.1415, 0.3731,-1.0813,-3.0473,-0.0870, 0.1242,0
 0.0873, 0.0000,-1.4357, 3.1415, 0.3596,-0.9702,-4.6305,-0.0835, 0.1249,0
 0.0909, 0.0000,-1.4419, 3.1415, 0.3629,-0.6967,-4.6799,-0.0854, 0.1256,0
 0.0938, 0.0000,-1.4419, 3.1415, 0.3030,-0.1393,-4.6799,-0.0919, 0.1263,0
 0.0965, 0.0000,-1.4419, 3.1415, 0.2788,-0.0278,-4.6799,-0.0922, 0.1271,0
 0.0989, 0.0000,-1.4388, 3.1415, 0.2498, 0.2457,-4.6799,-0.0936, 0.1278,0
 0.1008, 0.0000,-1.4294, 3.1415, 0.1954, 0.8031,-4.6799,-0.0921, 0.1285,0
 0.1026, 0.0000,-1.4199, 3.1415, 0.1846, 0.9146,-4.6799,-0.0961, 0.1292,0
 0.1039, 0.0000,-1.4074, 3.1415, 0.1460, 1.1882,-4.6799,-0.0970, 0.1299,0
 0.1046, 0.0000,-1.3885, 3.1415, 0.0837, 1.7456,-4.6799,-0.0874, 0.1306,0
 0.1051, 0.0000,-1.3697, 3.1415, 0.0591, 1.8570,-4.6799,-0.0951, 0.1314,0
 0.1052, 0.0000,-1.3477, 3.1415, 0.0179, 2.1307,-4.6799,-0.0952, 0.1321,0
 0.1048, 0.0000,-1.3194, 3.1415,-0.0267, 2.6880,-4.6799,-0.0774, 0.1328,0
 0.1043, 0.0000,-1.2911, 3.1415,-0.0477, 2.7995,-4.6799,-0.0884, 0.1335,0
 0.1033, 0.0000,-1.2566, 3.1415,-0.0944, 3.3245,-4.6799,-0.0671, 0.1342,0
 0.1017, 0.0000,-1.2220, 3.1415,-0.1401, 3.4295,-4.6799,-0.0807, 0.1350,0
 0.1001, 0.0000,-1.1812, 3.1415,-0.1614, 3.9531,-4.6799,-0.0539, 0.1357,0
 0.0981, 0.0000,-1.1403, 3.1415,-0.1899, 4.0578,-4.6799,-0.0690, 0.1364,0
 0.0956, 0.0000,-1.0932, 3.1415,-0.2380, 4.5814,-4.6799,-0.0361, 0.1371,0
 0.0929, 0.0000,-1.0461, 3.1415,-0.2658, 4.6862,-4.6799,-0.0522, 0.1378,0
 0.0900, 0.0000,-0.9927, 3.1415,-0.2835, 5.2098,-4.6799,-0.0123, 0.1385,0
 0.0866, 0.0000,-0.9393, 3.1415,-0.3295, 5.3145,-4.6799,-0.0284, 0.1393,0
 0.0826, 0.0000,-0.8796, 3.1415,-0.3812, 5.8381,-4.6799, 0.0194, 0.1400,0
 0.0784, 0.0000,-0.8199, 3.1415,-0.4157, 5.9428,-4.6799, 0.0045, 0.1407,0
 0.0739, 0.0000,-0.7539, 3.1415,-0.4408, 6.4664,-4.6799, 0.0619, 0.1414,0
 0.0689, 0.0000,-0.6880, 3.1415,-0.4883, 6.5711,-4.6799, 0.0497, 0.1421,0
 0.0635, 0.0000,-0.6157, 3.1415,-0.5342, 7.0947,-4.6799, 0.1184, 0.1429,0
 0.0579, 0.0000,-0.5434, 3.1415,-0.5555, 7.1994,-4.6799, 0.1110, 0.1436,0
 0.0518, 0.0000,-0.4680, 3.1415,-0.5961, 7.4717, 4.0371, 0.1407, 0.1443,0
 0.0463, 0.0000,-0.3926, 3.1415,-0.5618, 7.5262,-4.6799, 0.1295, 0.1450,0
 0.0393, 0.0000,-0.3141, 3.1415,-0.6702, 7.7884, 4.6799, 0.1662, 0.1457,0
 0.0338, 0.0000,-0.2356, 3.1415,-0.5766, 7.8408, 4.6799, 0.1624, 0.1464,0
 0.0276, 0.0000,-0.1539, 3.1415,-0.6064, 8.1026, 4.6799, 0.2095, 0.1472,0
 0.0222, 0.0000,-0.0785, 3.1415,-0.5517, 7.6523,-4.6799, 0.1039, 0.1479,0
 0.0164, 0.0000, 0.0000, 3.1415,-0.5772, 7.8136,-4.6799, 0.1366, 0.1486,0
 0.0106, 0.0000, 0.0785, 3.1415,-0.5762, 7.8459, 0.5828, 0.1459, 0.1493,0
 0.0059, 0.0000, 0.1570, 3.1415,-0.4972, 7.8523, 4.6799, 0.1539, 0.1500,0
 0.0012, 0.0000, 0.2324, 3.1415,-0.4693, 7.6023,-4.6799, 0.1103, 0.1508,0
-0.0038, 0.0000, 0.3047, 3.1415,-0.5061, 7.3009,-4.6799, 0.0612, 0.1515,0
-0.0088, 0.0000, 0.3801, 3.1415,-0.5014, 7.4920,-4.6799, 0.1190, 0.1522,0
-0.0133, 0.0000, 0.4523, 3.1415,-0.4580, 7.2789,-4.6799, 0.0959, 0.1529,0
-0.0179, 0.0000, 0.5215, 3.1415,-0.4614, 6.9849,-4.6799, 0.0604, 0.1536,0
-0.0221, 0.0000, 0.5906, 3.1415,-0.4257, 6.9262,-4.6799, 0.0751, 0.1543,0
-0.0269, 0.0000, 0.6565, 3.1415,-0.4671, 6.6631,-4.6799, 0.0527, 0.1551,0
-0.0313, 0.0000, 0.7225, 3.1415,-0.4511, 6.6105,-4.6799, 0.0731, 0.1558,0
-0.0353, 0.0000, 0.7853, 3.1415,-0.4115, 6.3486,-4.6799, 0.0565, 0.1565,0
-0.0397, 0.0000, 0.8450, 3.1415,-0.4279, 6.0449,-4.6799, 0.0350, 0.1572,0
-0.0437, 0.0000, 0.9047, 3.1415,-0.4069, 5.9842,-4.6799, 0.0576, 0.1579,0
-0.0479, 0.0000, 0.9581, 3.1415,-0.4148, 5.4694,-4.6799, 0.0058, 0.1587,0
-0.0520, 0.0000, 1.0115, 3.1415,-0.4164, 5.3664,-4.6799, 0.0222, 0.1594,0
-0.0559, 0.0000, 1.0618, 3.1415,-0.3925, 5.0945,-4.6799, 0.0134, 0.1601,0
-0.0600, 0.0000, 1.1089, 3.1415,-0.4059, 4.7888,-4.6799, 0.0010, 0.1608,0
-0.0641, 0.0000, 1.1561, 3.1415,-0.4086, 4.7276,-4.6799, 0.0235, 0.1615,0
-0.0679, 0.0000, 1.1969, 3.1415,-0.3909, 4.2127,-4.6799,-0.0137, 0.1622,0
-0.0720, 0.0000, 1.2377, 3.1415,-0.4056, 4.1098,-4.6799, 0.0017, 0.1630,0
-0.0760, 0.0000, 1.2723, 3.1415,-0.3964, 3.5865,-4.6799,-0.0310, 0.1637,0
-0.0802, 0.0000, 1.3069, 3.1415,-0.4188, 3.4819,-4.6799,-0.0175, 0.1644,0
-0.0845, 0.0000, 1.3383, 3.1415,-0.4233, 3.2096,-4.6799,-0.0212, 0.1651,0
-0.0885, 0.0000, 1.3665, 3.1415,-0.4060, 2.9038,-4.6799,-0.0275, 0.1658,0
-0.0929, 0.0000, 1.3917, 3.1415,-0.4389, 2.5913,-4.6799,-0.0338, 0.1666,0
-0.0973, 0.0000, 1.4137, 3.1415,-0.4394, 2.2775,-2.3087,-0.0397, 0.1673,0
-0.1019, 0.0000, 1.4325, 3.1415,-0.4516, 1.9634, 0.9978,-0.0449, 0.1680,0
-0.1058, 0.0000, 1.4482, 3.1415,-0.4056, 1.6493, 3.2242,-0.0496, 0.1687,0
-0.1097, 0.0000, 1.4639, 3.1415,-0.3903, 1.5865, 4.6799,-0.0413, 0.1694,0
-0.1132, 0.0000, 1.4734, 3.1415,-0.3569, 1.0712, 4.6799,-0.0537, 0.1701,0
-0.1164, 0.0000, 1.4796, 3.1415,-0.3321, 0.7169, 4.6799,-0.0581, 0.1709,0
-0.1195, 0.0000, 1.4828, 3.1415,-0.3089, 0.3947, 4.6799,-0.0609, 0.1716,0
-0.1217, 0.0000, 1.4859, 3.1415,-0.2436, 0.3302, 4.6799,-0.0593, 0.1723,0
-0.1239, 0.0000, 1.4828, 3.1415,-0.2245,-0.1852, 4.6799,-0.0626, 0.1730,0
-0.1255, 0.0000, 1.4765, 3.1415,-0.1722,-0.5397, 4.6799,-0.0635, 0.1737,0
-0.1268, 0.0000, 1.4671, 3.1415,-0.1375,-0.8619, 4.6799,-0.0639, 0.1745,0
-0.1277, 0.0000, 1.4545, 3.1415,-0.0942,-1.1776, 4.6799,-0.0638, 0.1752,0
-0.1282, 0.0000, 1.4419, 3.1415,-0.0612,-1.2408, 4.6799,-0.0706, 0.1759,0
-0.1283, 0.0000, 1.4231, 3.1415,-0.0183,-1.7561, 4.6799,-0.0624, 0.1766,0
-0.1281, 0.0000, 1.4011, 3.1415, 0.0084,-2.1105, 4.6799,-0.0588, 0.1773,0
-0.1275, 0.0000, 1.3791, 3.1415, 0.0501,-2.1813, 4.6799,-0.0701, 0.1780,0
-0.1266, 0.0000, 1.3508, 3.1415, 0.0828,-2.6982, 4.6799,-0.0547, 0.1788,0
-0.1255, 0.0000, 1.3194, 3.1415, 0.1014,-3.0529, 4.6799,-0.0480, 0.1795,0
-0.1243, 0.0000, 1.2849, 3.1415, 0.1173,-3.3751, 4.6799,-0.0430, 0.1802,0
-0.1227, 0.0000, 1.2503, 3.1415, 0.1568,-3.4396, 4.6799,-0.0605, 0.1809,0
-0.1207, 0.0000, 1.2095, 3.1415, 0.1890,-3.9551, 4.6799,-0.0348, 0.1816,0
-0.1185, 0.0000, 1.1655, 3.1415, 0.2136,-4.3096, 4.6799,-0.0230, 0.1824,0
-0.1158, 0.0000, 1.1184, 3.1415, 0.2549,-4.6318, 4.6799,-0.0135, 0.1831,0
-0.1130, 0.0000, 1.0681, 3.1415, 0.2753,-4.9476, 4.6799,-0.0032, 0.1838,0
-0.1097, 0.0000, 1.0178, 3.1415, 0.3218,-5.0107, 4.6799,-0.0256, 0.1845,0
-0.1061, 0.0000, 0.9613, 3.1415, 0.3554,-5.5260, 4.6799, 0.0164, 0.1852,0
-0.1020, 0.0000, 0.9016, 3.1415, 0.3985,-5.8804, 4.6799, 0.0386, 0.1859,0
-0.0976, 0.0000, 0.8419, 3.1415, 0.4313,-5.9513, 4.6799, 0.0175, 0.1867,0
-0.0928, 0.0000, 0.7728, 3.1415, 0.4682,-6.7194, 4.6799, 0.1180, 0.1874,0
-0.0876, 0.0000, 0.7068, 3.1415, 0.5059,-6.6217, 4.6799, 0.0678, 0.1881,0
-0.0820, 0.0000, 0.6346, 3.1415, 0.5498,-7.1048, 4.6799, 0.1284, 0.1888,0
-0.0761, 0.0000, 0.5623, 3.1415, 0.5829,-7.2015, 4.6799, 0.1185, 0.1895,0
-0.0698, 0.0000, 0.4869, 3.1415, 0.6198,-7.4721, 4.6799, 0.1470, 0.1902,0
-0.0632, 0.0000, 0.4052, 3.1415, 0.6575,-8.0289,-4.6799, 0.2425, 0.1910,0
-0.0569, 0.0000, 0.3267, 3.1415, 0.6347,-7.8889,-4.0766, 0.1911, 0.1917,0
-0.0504, 0.0000, 0.2450, 3.1415, 0.6484,-8.1123,-4.6799, 0.2246, 0.1924,0
-0.0440, 0.0000, 0.1633, 3.1415, 0.6390,-8.1569,-4.6799, 0.2229, 0.1931,0
-0.0381, 0.0000, 0.0848, 3.1415, 0.5946,-7.9145, 4.6799, 0.1614, 0.1938,0
-0.0318, 0.0000, 0.0062, 3.1415, 0.6282,-7.8661, 4.6799, 0.1481, 0.1946,0
-0.0257, 0.0000,-0.0753, 3.1415, 0.6107,-8.1077,-4.6799, 0.2042, 0.1953,0
-0.0206, 0.0000,-0.1539, 3.1415, 0.5283,-7.9047, 4.6799, 0.1651, 0.1960,0
-0.0147, 0.0000,-0.2324, 3.1415, 0.5846,-7.8641, 4.6799, 0.1670, 0.1967,0
-0.0089, 0.0000,-0.3078, 3.1415, 0.5777,-7.6046, 4.6799, 0.1253, 0.1974,0
-0.0037, 0.0000,-0.3864, 3.1415, 0.5339,-7.8041, 4.6799, 0.1875, 0.1981,0
 0.0015, 0.0000,-0.4586, 3.1415, 0.5312,-7.3413, 4.6799, 0.1106, 0.1989,0
 0.0070, 0.0000,-0.5340, 3.1415, 0.5428,-7.5001, 4.6799, 0.1694, 0.1996,0
 0.0124, 0.0000,-0.6063, 3.1415, 0.5390,-7.2805, 4.6799, 0.1520, 0.2003,0
 0.0173, 0.0000,-0.6754, 3.1415, 0.5019,-6.9853, 4.6799, 0.1227, 0.2010,0
 0.0222, 0.0000,-0.7414, 3.1415, 0.4945,-6.6749, 4.6799, 0.0941, 0.2017,0
 0.0272, 0.0000,-0.8073, 3.1415, 0.4990,-6.6128, 4.6799, 0.1157, 0.2025,0
 0.0322, 0.0000,-0.8702, 3.1415, 0.4999,-6.3491, 4.6799, 0.1014, 0.2032,0
 0.0371, 0.0000,-0.9299, 3.1415, 0.4880,-6.0450, 4.6799, 0.0822, 0.2039,0
 0.0418, 0.0000,-0.9896, 3.1415, 0.4735,-5.9842, 4.6799, 0.1071, 0.2046,0
 0.0465, 0.0000,-1.0430, 3.1415, 0.4706,-5.4694, 4.6799, 0.0571, 0.2053,0
 0.0511, 0.0000,-1.0964, 3.1415, 0.4639,-5.3664, 4.6799, 0.0751, 0.2060,0
 0.0560, 0.0000,-1.1466, 3.1415, 0.4869,-5.0945, 4.6799, 0.0678, 0.2068,0
 0.0607, 0.0000,-1.1938, 3.1415, 0.4672,-4.7888, 4.6799, 0.0567, 0.2075,0
 0.0650, 0.0000,-1.2377, 3.1415, 0.4390,-4.4763, 4.6799, 0.0457, 0.2082,0
 0.0695, 0.0000,-1.2786, 3.1415, 0.4516,-4.1625, 4.6799, 0.0357, 0.2089,0
 0.0742, 0.0000,-1.3194, 3.1415, 0.4601,-4.0997, 4.6799, 0.0567, 0.2096,0
 0.0788, 0.0000,-1.3540, 3.1415, 0.4619,-3.5845, 4.6799, 0.0254, 0.2104,0
 0.0834, 0.0000,-1.3885, 3.1415, 0.4622,-3.4815, 4.6799, 0.0395, 0.2111,0
 0.0882, 0.0000,-1.4168, 3.1415, 0.4744,-2.9582, 4.6799, 0.0124, 0.2118,0
 0.0931, 0.0000,-1.4451, 3.1415, 0.4890,-2.8536, 1.0771, 0.0240, 0.2125,0
 0.0979, 0.0000,-1.4671, 3.1415, 0.4797,-2.3300,-1.8793, 0.0016, 0.2132,0
 0.1023, 0.0000,-1.4891, 3.1415, 0.4536,-2.2252,-4.6724, 0.0107, 0.2139,0
 0.1067, 0.0000,-1.5079, 3.1415, 0.4424,-1.9530,-4.6799, 0.0083, 0.2147,0
 0.1108, 0.0000,-1.5205, 3.1415, 0.4159,-1.3959,-4.6799,-0.0088, 0.2154,0
 0.1146, 0.0000,-1.5330, 3.1415, 0.3863,-1.2844,-4.6799,-0.0039, 0.2161,0
 0.1180, 0.0000,-1.5425, 3.1415, 0.3440,-1.0108,-4.6799,-0.0059, 0.2168,0
 0.1209, 0.0000,-1.5488, 3.1415, 0.3052,-0.7048,-4.6799,-0.0088, 0.2175,0
 0.1236, 0.0000,-1.5488, 3.1415, 0.2793,-0.1409,-4.6799,-0.0155, 0.2183,0
 0.1260, 0.0000,-1.5488, 3.1415, 0.2438,-0.0281,-4.6799,-0.0157, 0.2190,0
 0.1278, 0.0000,-1.5456, 3.1415, 0.1942, 0.2456,-4.6799,-0.0172, 0.2197,0
 0.1293, 0.0000,-1.5393, 3.1415, 0.1601, 0.5517,-4.6799,-0.0182, 0.2204,0
 0.1305, 0.0000,-1.5299, 3.1415, 0.1229, 0.8643,-4.6799,-0.0188, 0.2211,0
 0.1312, 0.0000,-1.5173, 3.1415, 0.0852, 1.1781,-4.6799,-0.0188, 0.2218,0
 0.1318, 0.0000,-1.5016, 3.1415, 0.0594, 1.4922,-4.6799,-0.0184, 0.2226,0
 0.1318, 0.0000,-1.4828, 3.1415, 0.0179, 1.8064,-4.6799,-0.0174, 0.2233,0
 0.1316, 0.0000,-1.4608, 3.1415,-0.0145, 2.1205,-4.6799,-0.0158, 0.2240,0
 0.1311, 0.0000,-1.4357, 3.1415,-0.0453, 2.4347,-4.6799,-0.0137, 0.2247,0
 0.1304, 0.0000,-1.4074, 3.1415,-0.0636, 2.7488,-4.6799,-0.0109, 0.2254,0
 0.1293, 0.0000,-1.3760, 3.1415,-0.0976, 3.0630,-4.6799,-0.0076, 0.2262,0
 0.1280, 0.0000,-1.3414, 3.1415,-0.1225, 3.3772,-4.6799,-0.0035, 0.2269,0
 0.1265, 0.0000,-1.3037, 3.1415,-0.1457, 3.6913,-4.6799, 0.0012, 0.2276,0
 0.1246, 0.0000,-1.2629, 3.1415,-0.1807, 4.0055,-4.6799, 0.0070, 0.2283,0
 0.1223, 0.0000,-1.2189, 3.1415,-0.2241, 4.3196,-4.6799, 0.0137, 0.2290,0
 0.1196, 0.0000,-1.1718, 3.1415,-0.2570, 4.6338,-4.6799, 0.0216, 0.2297,0
 0.1166, 0.0000,-1.1215, 3.1415,-0.2939, 4.9480,-4.6799, 0.0309, 0.2305,0
 0.1133, 0.0000,-1.0681, 3.1415,-0.3195, 5.2621,-4.6799, 0.0417, 0.2312,0
 0.1096, 0.0000,-1.0115, 3.1415,-0.3610, 5.5763,-4.6799, 0.0543, 0.2319,0
 0.1056, 0.0000,-0.9519, 3.1415,-0.3935, 5.8904,-4.6799, 0.0691, 0.2326,0
 0.1011, 0.0000,-0.8890, 3.1415,-0.4364, 6.2046,-4.6799, 0.0864, 0.2333,0
 0.0962, 0.0000,-0.8230, 3.1415,-0.4814, 6.5188,-4.6799, 0.1066, 0.2341,0
 0.0909, 0.0000,-0.7539, 3.1415,-0.5207, 6.8329,-4.6799, 0.1301, 0.2348,0
 0.0851, 0.0000,-0.6817, 3.1415,-0.5649, 7.1471,-4.6799, 0.1575, 0.2355,0
 0.0789, 0.0000,-0.6063, 3.1415,-0.6101, 7.4612,-4.6799, 0.1893, 0.2362,0
 0.0725, 0.0000,-0.5277, 3.1415,-0.6374, 7.7754,-3.9758, 0.2260, 0.2369,0
 0.0657, 0.0000,-0.4461, 3.1415,-0.6731, 8.0895, 4.6799, 0.2683, 0.2376,0
 0.0596, 0.0000,-0.3644, 3.1415,-0.6197, 8.1524, 4.6799, 0.2595, 0.2384,0
 0.0527, 0.0000,-0.2827, 3.1415,-0.6757, 8.1649, 4.6799, 0.2437, 0.2391,0
 0.0463, 0.0000,-0.2010, 3.1415,-0.6505, 8.1675,-4.6799, 0.2302, 0.2398,0
 0.0394, 0.0000,-0.1162, 3.1415,-0.6758, 8.4193, 4.6799, 0.2791, 0.2405,0
 0.0335, 0.0000,-0.0345, 3.1415,-0.6081, 8.2183,-4.6799, 0.2279, 0.2412,0
 0.0271, 0.0000, 0.0471, 3.1415,-0.6370, 8.1781,-4.6799, 0.2190, 0.2420,0
 0.0209, 0.0000, 0.1288, 3.1415,-0.6185, 8.1701,-4.6799, 0.2223, 0.2427,0
 0.0144, 0.0000, 0.2104, 3.1415,-0.6451, 8.1685,-4.6799, 0.2319, 0.2434,0
 0.0083, 0.0000, 0.2921, 3.1415,-0.6201, 8.1682, 4.6799, 0.2464, 0.2441,0
 0.0028, 0.0000, 0.3738, 3.1415,-0.5605, 8.1681, 4.6799, 0.2655, 0.2448,0
-0.0025, 0.0000, 0.4492, 3.1415,-0.5486, 7.6654,-4.6799, 0.1757, 0.2455,0
-0.0076, 0.0000, 0.5246, 3.1415,-0.5159, 7.5649,-4.6799, 0.1796, 0.2463,0
-0.0130, 0.0000, 0.5969, 3.1415,-0.5336, 7.2935,-4.6799, 0.1508, 0.2470,0
-0.0178, 0.0000, 0.6691, 3.1415,-0.4887, 7.2392,-4.6799, 0.1704, 0.2477,0
-0.0222, 0.0000, 0.7382, 3.1415,-0.4494, 6.9770,-4.6799, 0.1503, 0.2484,0
-0.0270, 0.0000, 0.8042, 3.1415,-0.4779, 6.6732,-4.6799, 0.1253, 0.2491,0
-0.0316, 0.0000, 0.8670, 3.1415,-0.4593, 6.3611,-4.6799, 0.1018, 0.2499,0
-0.0360, 0.0000, 0.9299, 3.1415,-0.4496, 6.2987,-4.6799, 0.1260, 0.2506,0
-0.0405, 0.0000, 0.9864, 3.1415,-0.4476, 5.7836,-4.6799, 0.0721, 0.2513,0
-0.0447, 0.0000, 1.0430, 3.1415,-0.4230, 5.6806,-4.6799, 0.0901, 0.2520,0
-0.0491, 0.0000, 1.0964, 3.1415,-0.4362, 5.4086,-4.6799, 0.0815, 0.2527,0
-0.0533, 0.0000, 1.1498, 3.1415,-0.4268, 5.3543,-4.6799, 0.1079, 0.2534,0
-0.0575, 0.0000, 1.1969, 3.1415,-0.4188, 4.8407,-4.6799, 0.0658, 0.2542,0
-0.0618, 0.0000, 1.2409, 3.1415,-0.4293, 4.4867,-4.6799, 0.0492, 0.2549,0
-0.0660, 0.0000, 1.2849, 3.1415,-0.4254, 4.4159,-4.6799, 0.0705, 0.2556,0
-0.0704, 0.0000, 1.3257, 3.1415,-0.4367, 4.1504,-4.6799, 0.0669, 0.2563,0
-0.0748, 0.0000, 1.3603, 3.1415,-0.4329, 3.5946,-4.6799, 0.0308, 0.2570,0
-0.0790, 0.0000, 1.3948, 3.1415,-0.4261, 3.4835,-4.6799, 0.0442, 0.2577,0
-0.0837, 0.0000, 1.4262, 3.1415,-0.4611, 3.2099,-4.6799, 0.0408, 0.2585,0
-0.0882, 0.0000, 1.4545, 3.1415,-0.4560, 2.9039,-3.2606, 0.0347, 0.2592,0
-0.0929, 0.0000, 1.4796, 3.1415,-0.4610, 2.5914, 0.8422, 0.0286, 0.2599,0
-0.0970, 0.0000, 1.5016, 3.1415,-0.4256, 2.2775, 3.8418, 0.0230, 0.2606,0
-0.1011, 0.0000, 1.5205, 3.1415,-0.4125, 1.9634, 4.6799, 0.0178, 0.2613,0
-0.1048, 0.0000, 1.5362, 3.1415,-0.3796, 1.6493, 4.6799, 0.0132, 0.2621,0
-0.1084, 0.0000, 1.5488, 3.1415,-0.3609, 1.3351, 4.6799, 0.0091, 0.2628,0
-0.1114, 0.0000, 1.5582, 3.1415,-0.3147, 1.0210, 4.6799, 0.0055, 0.2635,0
-0.1142, 0.0000, 1.5676, 3.1415,-0.2812, 0.9581, 4.6799, 0.0105, 0.2642,0
-0.1164, 0.0000, 1.5707, 3.1415,-0.2320, 0.4429, 4.6799, 0.0027, 0.2649,0
-0.1184, 0.0000, 1.5707, 3.1415,-0.2101, 0.0885, 4.6799, 0.0001, 0.2656,0
-0.1199, 0.0000, 1.5676, 3.1415,-0.1632,-0.2336, 4.6799,-0.0014, 0.2664,0
-0.1211, 0.0000, 1.5645, 3.1415,-0.1236,-0.2980, 4.6799,-0.0032, 0.2671,0
-0.1219, 0.0000, 1.5550, 3.1415,-0.0914,-0.8135, 4.6799,-0.0020, 0.2678,0
-0.1222, 0.0000, 1.5425, 3.1415,-0.0425,-1.1680, 4.6799,-0.0012, 0.2685,0
-0.1222, 0.0000, 1.5299, 3.1415,-0.0085,-1.2389, 4.6799,-0.0078, 0.2692,0
-0.1217, 0.0000, 1.5111, 3.1415, 0.0346,-1.7557, 4.6799, 0.0003, 0.2700,0
-0.1210, 0.0000, 1.4922, 3.1415, 0.0675,-1.8591, 4.6799,-0.0079, 0.2707,0
-0.1201, 0.0000, 1.4671, 3.1415, 0.0862,-2.3824, 4.6799, 0.0051, 0.2714,0
-0.1190, 0.0000, 1.4419, 3.1415, 0.1021,-2.4871, 4.6799,-0.0056, 0.2721,0
-0.1175, 0.0000, 1.4105, 3.1415, 0.1416,-3.0106, 4.6799, 0.0123, 0.2728,0
-0.1158, 0.0000, 1.3791, 3.1415, 0.1677,-3.1154, 4.6799,-0.0008, 0.2735,0
-0.1138, 0.0000, 1.3414, 3.1415, 0.1912,-3.6390, 4.6799, 0.0221, 0.2743,0
-0.1116, 0.0000, 1.3037, 3.1415, 0.2140,-3.7437, 4.6799, 0.0067, 0.2750,0
-0.1092, 0.0000, 1.2597, 3.1415, 0.2368,-4.2673, 4.6799, 0.0351, 0.2757,0
-0.1064, 0.0000, 1.2157, 3.1415, 0.2717,-4.3720, 4.6799, 0.0180, 0.2764,0
-0.1032, 0.0000, 1.1655, 3.1415, 0.3090,-4.8956, 4.6799, 0.0524, 0.2771,0
-0.0996, 0.0000, 1.1152, 3.1415, 0.3467,-5.0003, 4.6799, 0.0341, 0.2779,0
-0.0957, 0.0000, 1.0587, 3.1415, 0.3846,-5.5239, 4.6799, 0.0753, 0.2786,0
-0.0914, 0.0000, 0.9990, 3.1415, 0.4164,-5.8800, 4.6799, 0.0954, 0.2793,0
-0.0870, 0.0000, 0.9393, 3.1415, 0.4410,-5.9512, 4.6799, 0.0719, 0.2800,0
-0.0820, 0.0000, 0.8765, 3.1415, 0.4823,-6.2167, 4.6799, 0.0816, 0.2807,0
-0.0767, 0.0000, 0.8073, 3.1415, 0.5269,-6.7725, 4.6799, 0.1456, 0.2814,0
-0.0709, 0.0000, 0.7382, 3.1415, 0.5662,-6.8837, 4.6799, 0.1322, 0.2822,0
-0.0647, 0.0000, 0.6628, 3.1415, 0.6104,-7.4085, 4.6799, 0.2024, 0.2829,0
-0.0582, 0.0000, 0.5874, 3.1415, 0.6374,-7.5135, 4.6799, 0.1926, 0.2836,0
-0.0513, 0.0000, 0.5089, 3.1415, 0.6792,-7.7859, 4.6799, 0.2216, 0.2843,0
-0.0439, 0.0000, 0.4272, 3.1415, 0.7300,-8.0916, 4.6799, 0.2631, 0.2850,0
-0.0363, 0.0000, 0.3424, 3.1415, 0.7584,-8.4041,-4.6799, 0.3124, 0.2858,0
-0.0292, 0.0000, 0.2576, 3.1415, 0.7155,-8.4666,-4.6799, 0.3091, 0.2865,0
-0.0218, 0.0000, 0.1727, 3.1415, 0.7373,-8.4791,-4.6799, 0.2991, 0.2872,0
-0.0147, 0.0000, 0.0879, 3.1415, 0.7174,-8.4816,-4.6799, 0.2918, 0.2879,0
-0.0081, 0.0000, 0.0062, 3.1415, 0.6649,-8.2308, 4.6799, 0.2303, 0.2886,0
-0.0009, 0.0000,-0.0785, 3.1415, 0.7150,-8.4320, 4.6799, 0.2795, 0.2893,0
 0.0056, 0.0000,-0.1602, 3.1415, 0.6644,-8.2209, 4.6799, 0.2372, 0.2901,0
 0.0118, 0.0000,-0.2419, 3.1415, 0.6300,-8.1786, 4.6799, 0.2392, 0.2908,0
 0.0184, 0.0000,-0.3235, 3.1415, 0.6535,-8.1702, 4.6799, 0.2537, 0.2915,0
 0.0248, 0.0000,-0.4021, 3.1415, 0.6460,-7.9172, 4.6799, 0.2167, 0.2922,0
 0.0313, 0.0000,-0.4806, 3.1415, 0.6446,-7.8666, 4.6799, 0.2296, 0.2929,0
 0.0374, 0.0000,-0.5592, 3.1415, 0.6200,-7.8565, 4.6799, 0.2554, 0.2937,0
 0.0435, 0.0000,-0.6346, 3.1415, 0.6151,-7.6031, 4.6799, 0.2310, 0.2944,0
 0.0496, 0.0000,-0.7068, 3.1415, 0.6080,-7.3011, 4.6799, 0.2002, 0.2951,0
 0.0558, 0.0000,-0.7791, 3.1415, 0.6188,-7.2407, 4.6799, 0.2230, 0.2958,0
 0.0616, 0.0000,-0.8450, 3.1415, 0.5845,-6.7260, 4.6799, 0.1567, 0.2965,0
 0.0670, 0.0000,-0.9110, 3.1415, 0.5534,-6.6230, 4.6799, 0.1739, 0.2972,0
 0.0726, 0.0000,-0.9770, 3.1415, 0.5593,-6.6024, 4.6799, 0.2085, 0.2980,0
 0.0781, 0.0000,-1.0367, 3.1415, 0.5484,-6.0957, 4.6799, 0.1546, 0.2987,0
 0.0835, 0.0000,-1.0932, 3.1415, 0.5462,-5.7430, 4.6799, 0.1317, 0.2994,0
 0.0889, 0.0000,-1.1498, 3.1415, 0.5397,-5.6725, 4.6799, 0.1570, 0.3001,0
 0.0942, 0.0000,-1.2032, 3.1415, 0.5323,-5.4070, 4.6799, 0.1512, 0.3008,0
 0.0995, 0.0000,-1.2503, 3.1415, 0.5309,-4.8513, 4.6799, 0.1033, 0.3016,0
 0.1048, 0.0000,-1.2974, 3.1415, 0.5245,-4.7401, 4.6799, 0.1207, 0.3023,0
 0.1100, 0.0000,-1.3414, 3.1415, 0.5232,-4.4666, 4.6799, 0.1160, 0.3030,0
 0.1155, 0.0000,-1.3823, 3.1415, 0.5412,-4.1605, 4.6799, 0.1077, 0.3037,0
 0.1206, 0.0000,-1.4199, 3.1415, 0.5205,-3.8480, 4.6799, 0.0994, 0.3044,0
 0.1258, 0.0000,-1.4545, 3.1415, 0.5224,-3.5342, 2.5128, 0.0915, 0.3051,0
 0.1310, 0.0000,-1.4859, 3.1415, 0.5168,-3.2201,-2.5971, 0.0843, 0.3059,0
 0.1357, 0.0000,-1.5142, 3.1415, 0.4792,-2.9059,-4.6799, 0.0776, 0.3066,0
 0.1406, 0.0000,-1.5425, 3.1415, 0.4899,-2.8431,-4.6799, 0.0928, 0.3073,0
 0.1449, 0.0000,-1.5645, 3.1415, 0.4436,-2.3279,-4.6799, 0.0713, 0.3080,0
 0.1492, 0.0000,-1.5833, 3.1415, 0.4282,-1.9735,-4.6799, 0.0635, 0.3087,0
 0.1529, 0.0000,-1.5990, 3.1415, 0.3827,-1.6513,-4.6799, 0.0584, 0.3095,0
 0.1562, 0.0000,-1.6147, 3.1415, 0.3372,-1.5869,-4.6799, 0.0668, 0.3102,0
 0.1592, 0.0000,-1.6242, 3.1415, 0.3099,-1.0713,-4.6799, 0.0544, 0.3109,0
 0.1618, 0.0000,-1.6336, 3.1415, 0.2742,-0.9682,-4.6799, 0.0582, 0.3116,0
 0.1641, 0.0000,-1.6367, 3.1415, 0.2367,-0.4449,-4.6799, 0.0501, 0.3123,0
 0.1660, 0.0000,-1.6399, 3.1415, 0.1989,-0.3403,-4.6799, 0.0512, 0.3130,0
 0.1676, 0.0000,-1.6367, 3.1415, 0.1671, 0.1832,-4.6799, 0.0478, 0.3138,0
 0.1688, 0.0000,-1.6336, 3.1415, 0.1304, 0.2879,-4.6799, 0.0462, 0.3145,0
 0.1696, 0.0000,-1.6273, 3.1415, 0.0867, 0.5602,-4.6799, 0.0449, 0.3152,0
 0.1701, 0.0000,-1.6179, 3.1415, 0.0597, 0.8660,-4.6799, 0.0443, 0.3159,0
 0.1702, 0.0000,-1.6053, 3.1415, 0.0180, 1.1785,-4.6799, 0.0442, 0.3166,0
 0.1701, 0.0000,-1.5896, 3.1415,-0.0024, 1.4923,-4.6799, 0.0447, 0.3174,0
 0.1698, 0.0000,-1.5707, 3.1415,-0.0247, 1.8064,-4.6799, 0.0456, 0.3181,0
 0.1691, 0.0000,-1.5488, 3.1415,-0.0595, 2.1205,-4.6799, 0.0471, 0.3188,0
 0.1682, 0.0000,-1.5236, 3.1415,-0.0846, 2.4347,-4.6799, 0.0491, 0.3195,0
 0.1670, 0.0000,-1.4953, 3.1415,-0.1139, 2.7488,-4.6799, 0.0516, 0.3202,0
 0.1656, 0.0000,-1.4639, 3.1415,-0.1379, 3.0630,-4.6799, 0.0547, 0.3209,0
 0.1638, 0.0000,-1.4294, 3.1415,-0.1670, 3.3772,-4.6799, 0.0584, 0.3217,0
 0.1618, 0.0000,-1.3948, 3.1415,-0.1910, 3.4400,-4.6799, 0.0399, 0.3224,0
 0.1595, 0.0000,-1.3540, 3.1415,-0.2261, 3.9552,-4.6799, 0.0645, 0.3231,0
 0.1568, 0.0000,-1.3100, 3.1415,-0.2574, 4.3096,-4.6799, 0.0748, 0.3238,0
 0.1538, 0.0000,-1.2629, 3.1415,-0.2940, 4.6318,-4.6799, 0.0827, 0.3245,0
 0.1504, 0.0000,-1.2126, 3.1415,-0.3316, 4.9476,-4.6799, 0.0909, 0.3252,0
 0.1468, 0.0000,-1.1592, 3.1415,-0.3573, 5.2620,-4.6799, 0.1003, 0.3260,0
 0.1427, 0.0000,-1.1026, 3.1415,-0.3928, 5.5763,-4.6799, 0.1113, 0.3267,0
 0.1383, 0.0000,-1.0430, 3.1415,-0.4302, 5.8904,-4.6799, 0.1241, 0.3274,0
 0.1336, 0.0000,-0.9801, 3.1415,-0.4680, 6.2046,-4.6799, 0.1390, 0.3281,0
 0.1284, 0.0000,-0.9173, 3.1415,-0.5059, 6.2674,-4.6799, 0.1133, 0.3288,0
 0.1229, 0.0000,-0.8482, 3.1415,-0.5438, 6.7826,-4.6799, 0.1691, 0.3296,0
 0.1169, 0.0000,-0.7759, 3.1415,-0.5877, 7.1370,-4.6799, 0.2005, 0.3303,0
 0.1104, 0.0000,-0.7005, 3.1415,-0.6390, 7.4592,-4.6799, 0.2300, 0.3310,0
 0.1036, 0.0000,-0.6220, 3.1415,-0.6735, 7.7750,-4.6799, 0.2627, 0.3317,0
 0.0962, 0.0000,-0.5403, 3.1415,-0.7228, 8.0895,-4.6799, 0.3003, 0.3324,0
 0.0886, 0.0000,-0.4555, 3.1415,-0.7569, 8.4037, 4.6799, 0.3438, 0.3331,0
 0.0817, 0.0000,-0.3707, 3.1415,-0.6970, 8.4665, 4.6799, 0.3342, 0.3339,0
 0.0742, 0.0000,-0.2858, 3.1415,-0.7457, 8.4791,-4.6799, 0.3175, 0.3346,0
 0.0660, 0.0000,-0.1979, 3.1415,-0.7979, 8.7329, 4.6799, 0.3636, 0.3353,0
 0.0594, 0.0000,-0.1130, 3.1415,-0.6931, 8.5324,-4.6799, 0.3057, 0.3360,0
 0.0513, 0.0000,-0.0251, 3.1415,-0.7874, 8.7436, 4.6799, 0.3524, 0.3367,0
 0.0447, 0.0000, 0.0596, 3.1415,-0.6789, 8.5345,-4.6799, 0.3029, 0.3375,0
 0.0371, 0.0000, 0.1445, 3.1415,-0.7481, 8.4927,-4.6799, 0.2991, 0.3382,0
 0.0303, 0.0000, 0.2324, 3.1415,-0.6892, 8.7357, 4.6799, 0.3696, 0.3389,0
 0.0238, 0.0000, 0.3141, 3.1415,-0.6593, 8.2816,-4.6799, 0.2772, 0.3396,0
 0.0171, 0.0000, 0.3958, 3.1415,-0.6715, 8.1908,-4.6799, 0.2766, 0.3403,0
 0.0111, 0.0000, 0.4743, 3.1415,-0.6133, 7.9213,-4.6799, 0.2396, 0.3410,0
 0.0049, 0.0000, 0.5529, 3.1415,-0.6198, 7.8674,-4.6799, 0.2554, 0.3418,0
-0.0015, 0.0000, 0.6283, 3.1415,-0.6393, 7.6053,-4.6799, 0.2288, 0.3425,0
-0.0071, 0.0000, 0.7037, 3.1415,-0.5765, 7.5529,-4.6799, 0.2511, 0.3432,0
-0.0127, 0.0000, 0.7759, 3.1415,-0.5640, 7.2911,-4.6799, 0.2317, 0.3439,0
-0.0184, 0.0000, 0.8450, 3.1415,-0.5736, 6.9874,-4.6799, 0.2069, 0.3446,0
-0.0237, 0.0000, 0.9110, 3.1415,-0.5391, 6.6753,-4.6799, 0.1837, 0.3454,0
-0.0291, 0.0000, 0.9770, 3.1415,-0.5383, 6.6129,-4.6799, 0.2104, 0.3461,0
-0.0342, 0.0000, 1.0367, 3.1415,-0.5139, 6.0978,-4.6799, 0.1550, 0.3468,0
-0.0392, 0.0000, 1.0964, 3.1415,-0.5029, 5.9947,-4.6799, 0.1751, 0.3475,0
-0.0444, 0.0000, 1.1529, 3.1415,-0.5129, 5.7228,-4.6799, 0.1671, 0.3482,0
-0.0492, 0.0000, 1.2063, 3.1415,-0.4906, 5.4171,-4.6799, 0.1548, 0.3489,0
-0.0541, 0.0000, 1.2566, 3.1415,-0.4922, 5.1046,-4.6799, 0.1429, 0.3497,0
-0.0590, 0.0000, 1.3037, 3.1415,-0.4865, 4.7908,-4.6799, 0.1318, 0.3504,0
-0.0638, 0.0000, 1.3477, 3.1415,-0.4853, 4.4767,-4.6799, 0.1217, 0.3511,0
-0.0689, 0.0000, 1.3885, 3.1415,-0.5033, 4.1626,-4.6799, 0.1124, 0.3518,0
-0.0737, 0.0000, 1.4262, 3.1415,-0.4826, 3.8484,-4.6799, 0.1039, 0.3525,0
-0.0788, 0.0000, 1.4608, 3.1415,-0.5027, 3.5342,-4.6799, 0.0960, 0.3533,0
-0.0839, 0.0000, 1.4953, 3.1415,-0.5068, 3.4714,-1.0197, 0.1146, 0.3540,0
-0.0888, 0.0000, 1.5236, 3.1415,-0.4954, 2.9562, 3.6487, 0.0885, 0.3547,0
-0.0935, 0.0000, 1.5519, 3.1415,-0.4750, 2.8531, 4.6799, 0.1004, 0.3554,0
-0.0978, 0.0000, 1.5739, 3.1415,-0.4406, 2.3299, 4.6799, 0.0782, 0.3561,0
-0.1020, 0.0000, 1.5959, 3.1415,-0.4216, 2.2252, 4.6799, 0.0873, 0.3568,0
-0.1056, 0.0000, 1.6116, 3.1415,-0.3753, 1.7016, 4.6799, 0.0698, 0.3576,0
-0.1089, 0.0000, 1.6273, 3.1415,-0.3357, 1.5969, 4.6799, 0.0762, 0.3583,0
-0.1118, 0.0000, 1.6399, 3.1415,-0.3036, 1.3247, 4.6799, 0.0741, 0.3590,0
-0.1145, 0.0000, 1.6493, 3.1415,-0.2729, 1.0189, 4.6799, 0.0708, 0.3597,0
-0.1165, 0.0000, 1.6524, 3.1415,-0.2182, 0.4551, 4.6799, 0.0614, 0.3604,0
-0.1183, 0.0000, 1.6556, 3.1415,-0.1891, 0.3423, 4.6799, 0.0624, 0.3612,0
-0.1199, 0.0000, 1.6556, 3.1415,-0.1591, 0.0684, 4.6799, 0.0609, 0.3619,0
-0.1208, 0.0000, 1.6524, 3.1415,-0.1106,-0.2376, 4.6799, 0.0593, 0.3626,0
-0.1216, 0.0000, 1.6461, 3.1415,-0.0827,-0.5501, 4.6799, 0.0583, 0.3633,0
-0.1218, 0.0000, 1.6399, 3.1415,-0.0347,-0.6126, 4.6799, 0.0548, 0.3640,0
-0.1218, 0.0000, 1.6273, 3.1415,-0.0069,-1.1278, 4.6799, 0.0583, 0.3647,0
-0.1214, 0.0000, 1.6116, 3.1415, 0.0289,-1.4822, 4.6799, 0.0600, 0.3655,0
-0.1208, 0.0000, 1.5959, 3.1415, 0.0542,-1.5530, 4.6799, 0.0518, 0.3662,0
-0.1200, 0.0000, 1.5739, 3.1415, 0.0775,-2.0699, 4.6799, 0.0622, 0.3669,0
-0.1189, 0.0000, 1.5488, 3.1415, 0.1064,-2.4245, 4.6799, 0.0665, 0.3676,0
-0.1175, 0.0000, 1.5236, 3.1415, 0.1304,-2.4955, 4.6799, 0.0533, 0.3683,0
-0.1160, 0.0000, 1.4922, 3.1415, 0.1473,-3.0123, 4.6799, 0.0707, 0.3691,0
-0.1142, 0.0000, 1.4608, 3.1415, 0.1689,-3.1157, 4.6799, 0.0571, 0.3698,0
-0.1122, 0.0000, 1.4262, 3.1415, 0.1974,-3.3877, 4.6799, 0.0572, 0.3705,0
-0.1099, 0.0000, 1.3854, 3.1415, 0.2214,-3.9447, 4.6799, 0.0855, 0.3712,0
-0.1073, 0.0000, 1.3446, 3.1415, 0.2504,-4.0562, 4.6799, 0.0692, 0.3719,0
-0.1044, 0.0000, 1.3006, 3.1415, 0.2865,-4.3298, 4.6799, 0.0708, 0.3726,0
-0.1011, 0.0000, 1.2503, 3.1415, 0.3240,-4.8872, 4.6799, 0.1081, 0.3734,0
-0.0975, 0.0000, 1.1969, 3.1415, 0.3497,-5.2500, 4.6799, 0.1236, 0.3741,0
-0.0936, 0.0000, 1.1435, 3.1415, 0.3791,-5.3225, 4.6799, 0.0990, 0.3748,0
-0.0895, 0.0000, 1.0838, 3.1415, 0.4093,-5.8397, 4.6799, 0.1414, 0.3755,0
-0.0848, 0.0000, 1.0241, 3.1415, 0.4517,-5.9431, 4.6799, 0.1212, 0.3762,0
-0.0798, 0.0000, 0.9581, 3.1415, 0.4905,-6.4665, 4.6799, 0.1725, 0.3770,0
-0.0745, 0.0000, 0.8922, 3.1415, 0.5286,-6.5711, 4.6799, 0.1537, 0.3777,0
-0.0687, 0.0000, 0.8199, 3.1415, 0.5665,-7.0947, 4.6799, 0.2147, 0.3784,0
-0.0625, 0.0000, 0.7476, 3.1415, 0.6105,-7.1994, 4.6799, 0.1991, 0.3791,0
-0.0558, 0.0000, 0.6723, 3.1415, 0.6556,-7.4717, 4.6799, 0.2197, 0.3798,0
-0.0488, 0.0000, 0.5906, 3.1415, 0.6889,-8.0288, 4.6799, 0.3060, 0.3805,0
-0.0415, 0.0000, 0.5089, 3.1415, 0.7259,-8.1402, 4.6799, 0.3006, 0.3813,0
-0.0338, 0.0000, 0.4241, 3.1415, 0.7636,-8.4138, 4.6799, 0.3366, 0.3820,0
-0.0256, 0.0000, 0.3361, 3.1415, 0.8075,-8.7199,-4.6799, 0.3866, 0.3827,0
-0.0179, 0.0000, 0.2481, 3.1415, 0.7739,-8.7811,-4.6799, 0.3834, 0.3834,0
-0.0101, 0.0000, 0.1602, 3.1415, 0.7793,-8.7933, 4.6799, 0.3736, 0.3841,0
-0.0016, 0.0000, 0.0722, 3.1415, 0.8349,-8.7958, 4.6799, 0.3669, 0.3849,0
 0.0063, 0.0000,-0.0188, 3.1415, 0.8097,-9.0476,-4.6799, 0.4280, 0.3856,0
 0.0134, 0.0000,-0.1068, 3.1415, 0.7258,-8.8466, 0.8011, 0.3816, 0.3863,0
 0.0212, 0.0000,-0.1916, 3.1415, 0.7757,-8.5551, 4.6799, 0.3197, 0.3870,0
 0.0290, 0.0000,-0.2796, 3.1415, 0.7736,-8.7482, 0.5740, 0.3812, 0.3877,0
 0.0360, 0.0000,-0.3644, 3.1415, 0.7186,-8.5354, 4.6799, 0.3490, 0.3884,0
 0.0432, 0.0000,-0.4461, 3.1415, 0.7197,-8.2416, 4.6799, 0.3031, 0.3892,0
 0.0503, 0.0000,-0.5309, 3.1415, 0.7078,-8.4341, 4.6799, 0.3766, 0.3899,0
 0.0574, 0.0000,-0.6094, 3.1415, 0.7115,-7.9700, 4.6799, 0.3004, 0.3906,0
 0.0641, 0.0000,-0.6880, 3.1415, 0.6819,-7.8771, 4.6799, 0.3139, 0.3913,0
 0.0706, 0.0000,-0.7634, 3.1415, 0.6517,-7.6072, 4.6799, 0.2913, 0.3920,0
 0.0770, 0.0000,-0.8356, 3.1415, 0.6396,-7.3019, 4.6799, 0.2648, 0.3927,0
 0.0834, 0.0000,-0.9079, 3.1415, 0.6433,-7.2409, 4.6799, 0.2921, 0.3935,0
 0.0896, 0.0000,-0.9738, 3.1415, 0.6258,-6.7260, 4.6799, 0.2297, 0.3942,0
 0.0957, 0.0000,-1.0398, 3.1415, 0.6102,-6.6230, 4.6799, 0.2505, 0.3949,0
 0.1014, 0.0000,-1.1026, 3.1415, 0.5768,-6.3511, 4.6799, 0.2407, 0.3956,0
 0.1071, 0.0000,-1.1623, 3.1415, 0.5761,-6.0454, 4.6799, 0.2264, 0.3963,0
 0.1129, 0.0000,-1.2189, 3.1415, 0.5760,-5.7329, 4.6799, 0.2126, 0.3971,0
 0.1186, 0.0000,-1.2723, 3.1415, 0.5699,-5.4191, 4.6799, 0.1999, 0.3978,0
 0.1242, 0.0000,-1.3226, 3.1415, 0.5687,-5.1050, 4.6799, 0.1884, 0.3985,0
 0.1296, 0.0000,-1.3728, 3.1415, 0.5442,-5.0422, 4.6799, 0.2147, 0.3992,0
 0.1352, 0.0000,-1.4168, 3.1415, 0.5575,-4.5270, 4.6799, 0.1768, 0.3999,0
 0.1408, 0.0000,-1.4576, 3.1415, 0.5601,-4.1726, 4.6799, 0.1627, 0.4006,0
 0.1466, 0.0000,-1.4985, 3.1415, 0.5728,-4.1017,-3.0112, 0.1837, 0.4014,0
 0.1516, 0.0000,-1.5330, 3.1415, 0.5147,-3.5849,-4.6799, 0.1528, 0.4021,0
 0.1564, 0.0000,-1.5676, 3.1415, 0.4849,-3.4815,-4.6799, 0.1674, 0.4028,0
 0.1613, 0.0000,-1.5959, 3.1415, 0.4911,-2.9582,-4.6799, 0.1405, 0.4035,0
 0.1656, 0.0000,-1.6242, 3.1415, 0.4377,-2.8536,-4.6799, 0.1523, 0.4042,0
 0.1693, 0.0000,-1.6461, 3.1415, 0.3907,-2.3300,-4.6799, 0.1300, 0.4050,0
 0.1730, 0.0000,-1.6681, 3.1415, 0.3691,-2.2253,-4.6799, 0.1391, 0.4057,0
 0.1759, 0.0000,-1.6870, 3.1415, 0.3103,-1.9530,-4.6799, 0.1366, 0.4064,0
 0.1787, 0.0000,-1.6996, 3.1415, 0.2864,-1.3959,-4.6799, 0.1195, 0.4071,0
 0.1812, 0.0000,-1.7121, 3.1415, 0.2573,-1.2844,-4.6799, 0.1242, 0.4078,0
 0.1831, 0.0000,-1.7215, 3.1415, 0.2030,-1.0108,-4.6799, 0.1221, 0.4085,0
 0.1849, 0.0000,-1.7310, 3.1415, 0.1800,-0.9561,-4.6799, 0.1273, 0.4093,0
 0.1864, 0.0000,-1.7341, 3.1415, 0.1572,-0.4425,-4.6799, 0.1195, 0.4100,0
 0.1872, 0.0000,-1.7341, 3.1415, 0.0981,-0.0885,-4.6799, 0.1168, 0.4107,0
 0.1878, 0.0000,-1.7341, 3.1415, 0.0620,-0.0177,-4.6799, 0.1167, 0.4114,0
 0.1881, 0.0000,-1.7310, 3.1415, 0.0427, 0.2477,-4.6799, 0.1154, 0.4121,0
 0.1880, 0.0000,-1.7215, 3.1415,-0.0035, 0.8035,-4.6799, 0.1169, 0.4129,0
 0.1878, 0.0000,-1.7121, 3.1415,-0.0189, 0.9146,-4.6799, 0.1128, 0.4136,0
 0.1874, 0.0000,-1.6996, 3.1415,-0.0340, 1.1882,-4.6799, 0.1120, 0.4143,0
 0.1865, 0.0000,-1.6838, 3.1415,-0.0735, 1.4942,-3.5254, 0.1123, 0.4150,0
 0.1855, 0.0000,-1.6650, 3.1415,-0.0995, 1.8068,-2.9602, 0.1132, 0.4157,0
 0.1844, 0.0000,-1.6430, 3.1415,-0.1048, 2.1206,-3.4859, 0.1148, 0.4164,0
 0.1831, 0.0000,-1.6179, 3.1415,-0.1301, 2.4347,-4.6799, 0.1168, 0.4172,0
 0.1813, 0.0000,-1.5896, 3.1415,-0.1654, 2.7488,-4.6799, 0.1193, 0.4179,0
 0.1794, 0.0000,-1.5613, 3.1415,-0.1846, 2.8117,-4.6799, 0.1039, 0.4186,0
 0.1775, 0.0000,-1.5268, 3.1415,-0.1885, 3.3269,-4.6799, 0.1233, 0.4193,0
 0.1750, 0.0000,-1.4891, 3.1415,-0.2377, 3.6813,-4.6799, 0.1311, 0.4200,0
 0.1723, 0.0000,-1.4514, 3.1415,-0.2658, 3.7521,-4.6799, 0.1115, 0.4208,0
 0.1695, 0.0000,-1.4074, 3.1415,-0.2775, 4.2690,-4.6799, 0.1383, 0.4215,0
 0.1664, 0.0000,-1.3603, 3.1415,-0.3041, 4.6237,-4.6799, 0.1492, 0.4222,0
 0.1628, 0.0000,-1.3131, 3.1415,-0.3518, 4.6946,-4.6799, 0.1256, 0.4229,0
 0.1589, 0.0000,-1.2597, 3.1415,-0.3796, 5.2115,-4.6799, 0.1604, 0.4236,0
 0.1549, 0.0000,-1.2063, 3.1415,-0.3972, 5.3148,-4.6799, 0.1395, 0.4243,0
 0.1504, 0.0000,-1.1466, 3.1415,-0.4371, 5.8381,-4.6799, 0.1816, 0.4251,0
 0.1454, 0.0000,-1.0838, 3.1415,-0.4876, 6.1941,-4.6799, 0.2011, 0.4258,0
 0.1400, 0.0000,-1.0178, 3.1415,-0.5280, 6.5167,-4.6799, 0.2174, 0.4265,0
 0.1344, 0.0000,-0.9519, 3.1415,-0.5542, 6.5812,-4.6799, 0.1897, 0.4272,0
 0.1283, 0.0000,-0.8796, 3.1415,-0.6019, 7.0967,-4.6799, 0.2473, 0.4279,0
 0.1217, 0.0000,-0.8042, 3.1415,-0.6418, 7.4512,-4.6799, 0.2791, 0.4287,0
 0.1148, 0.0000,-0.7257, 3.1415,-0.6861, 7.7734,-4.6799, 0.3088, 0.4294,0
 0.1076, 0.0000,-0.6440, 3.1415,-0.7132, 8.0892,-4.6799, 0.3418, 0.4301,0
 0.0997, 0.0000,-0.5623, 3.1415,-0.7732, 8.1523,-4.6799, 0.3229, 0.4308,0
 0.0915, 0.0000,-0.4743, 3.1415,-0.8094, 8.6676,-4.6799, 0.4129, 0.4315,0
 0.0829, 0.0000,-0.3864, 3.1415,-0.8470, 8.7706,-4.6799, 0.4118, 0.4322,0
 0.0740, 0.0000,-0.2953, 3.1415,-0.8848, 9.0426, 4.6799, 0.4577, 0.4330,0
 0.0660, 0.0000,-0.2042, 3.1415,-0.8196, 9.0970, 4.6799, 0.4554, 0.4337,0
 0.0573, 0.0000,-0.1130, 3.1415,-0.8551, 9.1078, 4.6799, 0.4478, 0.4344,0
 0.0491, 0.0000,-0.0219, 3.1415,-0.8319, 9.1100, 4.6799, 0.4439, 0.4351,0
 0.0411, 0.0000, 0.0659, 3.1415,-0.8030, 8.8591,-4.6799, 0.3822, 0.4358,0
 0.0331, 0.0000, 0.1539, 3.1415,-0.8033, 8.8090,-4.6799, 0.3767, 0.4366,0
 0.0257, 0.0000, 0.2419, 3.1415,-0.7488, 8.7989,-4.6799, 0.3867, 0.4373,0
 0.0183, 0.0000, 0.3298, 3.1415,-0.7439, 8.7969,-4.6799, 0.4040, 0.4380,0
 0.0109, 0.0000, 0.4146, 3.1415,-0.7369, 8.5452,-4.6799, 0.3650, 0.4387,0
 0.0036, 0.0000, 0.4995, 3.1415,-0.7355, 8.4948,-4.6799, 0.3799, 0.4394,0
-0.0036, 0.0000, 0.5811, 3.1415,-0.7291, 8.2334,-4.6799, 0.3488, 0.4401,0
-0.0107, 0.0000, 0.6628, 3.1415,-0.7157, 8.1812,-4.6799, 0.3710, 0.4409,0
-0.0177, 0.0000, 0.7414, 3.1415,-0.7009, 7.9194,-4.6799, 0.3484, 0.4416,0
-0.0244, 0.0000, 0.8168, 3.1415,-0.6737, 7.6157,-4.6799, 0.3204, 0.4423,0
-0.0311, 0.0000, 0.8890, 3.1415,-0.6743, 7.3036,-4.6799, 0.2943, 0.4430,0
-0.0376, 0.0000, 0.9613, 3.1415,-0.6563, 7.2412,-4.6799, 0.3230, 0.4437,0
-0.0440, 0.0000, 1.0273, 3.1415,-0.6405, 6.7261,-4.6799, 0.2620, 0.4445,0
-0.0504, 0.0000, 1.0932, 3.1415,-0.6374, 6.6230,-4.6799, 0.2840, 0.4452,0
-0.0566, 0.0000, 1.1561, 3.1415,-0.6246, 6.3511,-4.6799, 0.2753, 0.4459,0
-0.0626, 0.0000, 1.2157, 3.1415,-0.6039, 6.0454,-4.6799, 0.2620, 0.4466,0
-0.0686, 0.0000, 1.2692, 3.1415,-0.6058, 5.4816,-4.6799, 0.2073, 0.4473,0
-0.0747, 0.0000, 1.3257, 3.1415,-0.6062, 5.6202,-4.6799, 0.2680, 0.4480,0
-0.0807, 0.0000, 1.3760, 3.1415,-0.6063, 5.1452,-4.6799, 0.2316, 0.4488,0
-0.0868, 0.0000, 1.4231, 3.1415,-0.6063, 4.7989,-4.6799, 0.2167, 0.4495,0
-0.0928, 0.0000, 1.4671, 3.1415,-0.6002, 4.4783,-4.6799, 0.2064, 0.4502,0
-0.0989, 0.0000, 1.5079, 3.1415,-0.6051, 4.1629,-0.3495, 0.1975, 0.4509,0
-0.1048, 0.0000, 1.5488, 3.1415,-0.6000, 4.0998, 4.6799, 0.2195, 0.4516,0
-0.1100, 0.0000, 1.5865, 3.1415,-0.5323, 3.8358, 4.6799, 0.2172, 0.4524,0
-0.1155, 0.0000, 1.6179, 3.1415,-0.5490, 3.2804, 4.6799, 0.1844, 0.4531,0
-0.1205, 0.0000, 1.6461, 3.1415,-0.5099, 2.9180, 4.6799, 0.1733, 0.4538,0
-0.1250, 0.0000, 1.6744, 3.1415,-0.4597, 2.8455, 4.6799, 0.1876, 0.4545,0
-0.1292, 0.0000, 1.6964, 3.1415,-0.4254, 2.3284, 4.6799, 0.1659, 0.4552,0
-0.1327, 0.0000, 1.7184, 3.1415,-0.3700, 2.2249, 4.6799, 0.1749, 0.4559,0
-0.1361, 0.0000, 1.7373, 3.1415,-0.3468, 1.9529, 4.6799, 0.1724, 0.4567,0
-0.1392, 0.0000, 1.7530, 3.1415,-0.3119, 1.6472, 4.6799, 0.1681, 0.4574,0
-0.1417, 0.0000, 1.7655, 3.1415,-0.2624, 1.3347, 4.6799, 0.1639, 0.4581,0
-0.1440, 0.0000, 1.7749, 3.1415,-0.2343, 1.0209, 4.6799, 0.1602, 0.4588,0
-0.1458, 0.0000, 1.7844, 3.1415,-0.1923, 0.9581, 4.6799, 0.1650, 0.4595,0
-0.1472, 0.0000, 1.7875, 3.1415,-0.1536, 0.4429, 4.6799, 0.1571, 0.4602,0
-0.1483, 0.0000, 1.7907, 3.1415,-0.1156, 0.3399, 4.6799, 0.1582, 0.4610,0
-0.1489, 0.0000, 1.7907, 3.1415,-0.0716, 0.0679, 4.6799, 0.1567, 0.4617,0
-0.1493, 0.0000, 1.7875, 3.1415,-0.0446,-0.2377, 4.6799, 0.1552, 0.4624,0
-0.1493, 0.0000, 1.7812, 3.1415,-0.0089,-0.5502, 4.6799, 0.1542, 0.4631,0
-0.1492, 0.0000, 1.7718, 3.1415, 0.0042,-0.8640, 1.8102, 0.1538, 0.4638,0
-0.1489, 0.0000, 1.7592, 3.1415, 0.0251,-1.1781,-1.0227, 0.1539, 0.4646,0
-0.1490, 0.0000, 1.7467, 3.1415,-0.0071,-1.2409,-1.2349, 0.1472, 0.4653,0
-0.1490, 0.0000, 1.7278, 3.1415, 0.0046,-1.7561,-3.6594, 0.1555, 0.4660,0
-0.1490, 0.0000, 1.7058, 3.1415,-0.0051,-2.1105,-4.2735, 0.1590, 0.4667,0
-0.1493, 0.0000, 1.6838, 3.1415,-0.0192,-2.1813,-3.1139, 0.1476, 0.4674,0
-0.1497, 0.0000, 1.6556, 3.1415,-0.0402,-2.6982,-1.4317, 0.1627, 0.4681,0
-0.1502, 0.0000, 1.6273, 3.1415,-0.0504,-2.8015, 1.5263, 0.1504, 0.4689,0
-0.1502, 0.0000, 1.5927, 3.1415,-0.0100,-3.3249, 4.6799, 0.1705, 0.4696,0
-0.1504, 0.0000, 1.5582, 3.1415,-0.0141,-3.4295, 4.6799, 0.1556, 0.4703,0
-0.1504, 0.0000, 1.5173, 3.1415,-0.0028,-3.9531, 4.6799, 0.1804, 0.4710,0
-0.1501, 0.0000, 1.4765, 3.1415, 0.0236,-4.0578, 4.6799, 0.1629, 0.4717,0
-0.1495, 0.0000, 1.4294, 3.1415, 0.0532,-4.5814, 4.6799, 0.1926, 0.4725,0
-0.1487, 0.0000, 1.3823, 3.1415, 0.0773,-4.6862, 4.6799, 0.1728, 0.4732,0
-0.1474, 0.0000, 1.3320, 3.1415, 0.1185,-4.9584, 4.6799, 0.1743, 0.4739,0
-0.1457, 0.0000, 1.2754, 3.1415, 0.1571,-5.5155, 4.6799, 0.2169, 0.4746,0
-0.1437, 0.0000, 1.2189, 3.1415, 0.1890,-5.6270, 4.6799, 0.1958, 0.4753,0
-0.1413, 0.0000, 1.1561, 3.1415, 0.2318,-6.1519, 4.6799, 0.2405, 0.4760,0
-0.1385, 0.0000, 1.0932, 3.1415, 0.2707,-6.2569, 4.6799, 0.2180, 0.4768,0
-0.1352, 0.0000, 1.0241, 3.1415, 0.3148,-6.7805, 4.6799, 0.2703, 0.4775,0
-0.1317, 0.0000, 0.9550, 3.1415, 0.3479,-6.8853, 4.6799, 0.2489, 0.4782,0
-0.1277, 0.0000, 0.8796, 3.1415, 0.3909,-7.4089, 4.6799, 0.3107, 0.4789,0
-0.1230, 0.0000, 0.8042, 3.1415, 0.4480,-7.5136, 4.6799, 0.2922, 0.4796,0
-0.1180, 0.0000, 0.7225, 3.1415, 0.4958,-8.0372, 4.6799, 0.3657, 0.4804,0
-0.1125, 0.0000, 0.6377, 3.1415, 0.5357,-8.3932, 4.6799, 0.4093, 0.4811,0
-0.1066, 0.0000, 0.5529, 3.1415, 0.5800,-8.4644, 4.6799, 0.3919, 0.4818,0
-0.1001, 0.0000, 0.4618, 3.1415, 0.6314,-8.9813,-4.6799, 0.4864, 0.4825,0
-0.0942, 0.0000, 0.3707, 3.1415, 0.5992,-9.0847,-4.6799, 0.4861, 0.4832,0
-0.0879, 0.0000, 0.2796, 3.1415, 0.6291,-9.1054, 4.6799, 0.4705, 0.4839,0
-0.0810, 0.0000, 0.1853, 3.1415, 0.6715,-9.3609,-4.6799, 0.5209, 0.4847,0
-0.0751, 0.0000, 0.0911, 3.1415, 0.6133,-9.4120,-4.6799, 0.5250, 0.4854,0
-0.0689, 0.0000, 0.0000, 3.1415, 0.6137,-9.1708, 4.6799, 0.4593, 0.4861,0
-0.0627, 0.0000,-0.0911, 3.1415, 0.6199,-9.1226, 4.6799, 0.4500, 0.4868,0
-0.0566, 0.0000,-0.1822, 3.1415, 0.6151,-9.1130, 4.6799, 0.4564, 0.4875,0
-0.0506, 0.0000,-0.2733, 3.1415, 0.6020,-9.1111, 4.6799, 0.4707, 0.4883,0
-0.0447, 0.0000,-0.3644, 3.1415, 0.5872,-9.1107,-2.5003, 0.4911, 0.4890,0
-0.0397, 0.0000,-0.4523, 3.1415, 0.5237,-8.8593, 4.6799, 0.4529, 0.4897,0
-0.0338, 0.0000,-0.5403, 3.1415, 0.5776,-8.8090, 4.6799, 0.4706, 0.4904,0
-0.0285, 0.0000,-0.6220, 3.1415, 0.5339,-8.2963, 4.6799, 0.3800, 0.4911,0
-0.0235, 0.0000,-0.7037, 3.1415, 0.5069,-8.1937, 4.6799, 0.3924, 0.4918,0
-0.0189, 0.0000,-0.7822, 3.1415, 0.4712,-7.9219, 4.6799, 0.3692, 0.4926,0
-0.0143, 0.0000,-0.8607, 3.1415, 0.4641,-7.8675, 4.6799, 0.3985, 0.4933,0
-0.0096, 0.0000,-0.9361, 3.1415, 0.4687,-7.6053, 4.6799, 0.3840, 0.4940,0
-0.0051, 0.0000,-1.0084, 3.1415, 0.4514,-7.3016, 4.6799, 0.3635, 0.4947,0
-0.0008, 0.0000,-1.0775, 3.1415, 0.4359,-6.9895, 4.6799, 0.3439, 0.4954,0
 0.0031, 0.0000,-1.1435, 3.1415, 0.4085,-6.6757, 4.6799, 0.3263, 0.4962,0
 0.0072, 0.0000,-1.2063, 3.1415, 0.4030,-6.3617, 4.6799, 0.3106, 0.4969,0
 0.0112, 0.0000,-1.2692, 3.1415, 0.4080,-6.2988, 4.6799, 0.3421, 0.4976,0
 0.0152, 0.0000,-1.3257, 3.1415, 0.3969,-5.7836, 4.6799, 0.2941, 0.4983,0
 0.0190, 0.0000,-1.3791, 3.1415, 0.3886,-5.4292, 4.6799, 0.2759, 0.4990,0
 0.0229, 0.0000,-1.4325, 3.1415, 0.3869,-5.3584, 4.6799, 0.3030, 0.4997,0
 0.0268, 0.0000,-1.4796, 3.1415, 0.3866,-4.8415, 4.6799, 0.2628, 0.5005,0
 0.0306, 0.0000,-1.5236, 3.1415, 0.3865,-4.4869, 4.6799, 0.2480, 0.5012,0
 0.0347, 0.0000,-1.5676, 3.1415, 0.4047,-4.4159,-3.6762, 0.2707, 0.5019,0
 0.0381, 0.0000,-1.6084, 3.1415, 0.3477,-4.1504,-4.6799, 0.2682, 0.5026,0
 0.0416, 0.0000,-1.6430, 3.1415, 0.3484,-3.5946,-4.6799, 0.2327, 0.5033,0
 0.0448, 0.0000,-1.6776, 3.1415, 0.3304,-3.4835,-4.6799, 0.2464, 0.5041,0
 0.0476, 0.0000,-1.7090, 3.1415, 0.2904,-3.2099,-4.6799, 0.2432, 0.5048,0
 0.0500, 0.0000,-1.7373, 3.1415, 0.2460,-2.9039,-4.6799, 0.2370, 0.5055,0
 0.0520, 0.0000,-1.7624, 3.1415, 0.2129,-2.5914,-4.6799, 0.2307, 0.5062,0
 0.0538, 0.0000,-1.7844, 3.1415, 0.1820,-2.2775,-4.6799, 0.2248, 0.5069,0
 0.0551, 0.0000,-1.8032, 3.1415, 0.1455,-1.9634,-4.6799, 0.2194, 0.5076,0
 0.0561, 0.0000,-1.8221, 3.1415, 0.1079,-1.9006,-4.6799, 0.2291, 0.5084,0
 0.0568, 0.0000,-1.8346, 3.1415, 0.0761,-1.3854,-4.6799, 0.2141, 0.5091,0
 0.0572, 0.0000,-1.8472, 3.1415, 0.0516,-1.2824,-4.6799, 0.2190, 0.5098,0
 0.0576, 0.0000,-1.8566, 3.1415, 0.0345,-1.0104,-4.6799, 0.2168, 0.5105,0
 0.0574, 0.0000,-1.8629, 3.1415,-0.0052,-0.7047,-4.6799, 0.2137, 0.5112,0
 0.0570, 0.0000,-1.8661, 3.1415,-0.0313,-0.3922,-4.6799, 0.2111, 0.5120,0
 0.0566, 0.0000,-1.8661, 3.1415,-0.0426,-0.0784,-4.6799, 0.2090, 0.5127,0
 0.0560, 0.0000,-1.8661, 3.1415,-0.0570,-0.0156,-3.7990, 0.2089, 0.5134,0
 0.0551, 0.0000,-1.8598, 3.1415,-0.0781, 0.4995, 2.8735, 0.2081, 0.5141,0
 0.0552, 0.0000,-1.8535, 3.1415,-0.0095, 0.6025, 4.4590, 0.2054, 0.5148,0
 0.0547, 0.0000,-1.8441, 3.1415,-0.0382, 0.8744, 4.6799, 0.2045, 0.5155,0
 0.0547, 0.0000,-1.8284, 3.1415,-0.0076, 1.4315, 4.6799, 0.2116, 0.5163,0
 0.0548, 0.0000,-1.8126, 3.1415, 0.0045, 1.5429, 4.6799, 0.2053, 0.5170,0
 0.0552, 0.0000,-1.7907, 3.1415, 0.0312, 2.0678, 4.6799, 0.2165, 0.5177,0
 0.0559, 0.0000,-1.7687, 3.1415, 0.0608, 2.1728, 4.6799, 0.2072, 0.5184,0
 0.0567, 0.0000,-1.7435, 3.1415, 0.0788, 2.4451, 4.6799, 0.2071, 0.5191,0
 0.0578, 0.0000,-1.7121, 3.1415, 0.1006, 3.0023, 4.6799, 0.2273, 0.5199,0
 0.0589, 0.0000,-1.6807, 3.1415, 0.1110, 3.1137, 4.6799, 0.2145, 0.5206,0
 0.0604, 0.0000,-1.6461, 3.1415, 0.1374, 3.3873, 4.6799, 0.2147, 0.5213,0
 0.0617, 0.0000,-1.6053, 3.1415, 0.1366, 3.9447, 2.3223, 0.2426, 0.5220,0
 0.0631, 0.0000,-1.5645, 3.1415, 0.1364, 4.0561,-4.6799, 0.2258, 0.5227,0
 0.0637, 0.0000,-1.5205, 3.1415, 0.0758, 4.3298,-4.6799, 0.2263, 0.5234,0
 0.0648, 0.0000,-1.4734, 3.1415, 0.1000, 4.6358,-4.6799, 0.2310, 0.5242,0
 0.0652, 0.0000,-1.4231, 3.1415, 0.0563, 4.9484,-4.6799, 0.2371, 0.5249,0
 0.0652, 0.0000,-1.3665, 3.1415, 0.0112, 5.5135,-4.6799, 0.2799, 0.5256,0
 0.0649, 0.0000,-1.3100, 3.1415,-0.0219, 5.6266,-4.6799, 0.2580, 0.5263,0
 0.0639, 0.0000,-1.2503, 3.1415,-0.0832, 5.9005,-4.6799, 0.2612, 0.5270,0
 0.0625, 0.0000,-1.1875, 3.1415,-0.1318, 6.2066,-4.6799, 0.2707, 0.5278,0
 0.0607, 0.0000,-1.1184, 3.1415,-0.1718, 6.7705,-4.6799, 0.3278, 0.5285,0
 0.0583, 0.0000,-1.0492, 3.1415,-0.2223, 6.8833,-4.6799, 0.3055, 0.5292,0
 0.0554, 0.0000,-0.9738, 3.1415,-0.2748, 7.4085,-4.6799, 0.3647, 0.5299,0
 0.0521, 0.0000,-0.8984, 3.1415,-0.3217, 7.5135,-4.6799, 0.3431, 0.5306,0
 0.0483, 0.0000,-0.8168, 3.1415,-0.3675, 8.0372,-4.6799, 0.4127, 0.5313,0
 0.0441, 0.0000,-0.7319, 3.1415,-0.4130, 8.3932,-4.6799, 0.4521, 0.5321,0
 0.0392, 0.0000,-0.6471, 3.1415,-0.4706, 8.4644,-4.6799, 0.4301, 0.5328,0
 0.0339, 0.0000,-0.5560, 3.1415,-0.5185, 8.9813,-4.6799, 0.5194, 0.5335,0
 0.0281, 0.0000,-0.4618, 3.1415,-0.5645, 9.3361, 4.6799, 0.5774, 0.5342,0
 0.0231, 0.0000,-0.3675, 3.1415,-0.5191, 9.4070, 4.6799, 0.5687, 0.5349,0
 0.0172, 0.0000,-0.2733, 3.1415,-0.5767, 9.4212, 4.6799, 0.5511, 0.5357,0
 0.0118, 0.0000,-0.1759, 3.1415,-0.5397, 9.6753, 4.6799, 0.6035, 0.5364,0
 0.0065, 0.0000,-0.0816, 3.1415,-0.5323, 9.4749, 4.6799, 0.5411, 0.5371,0
 0.0018, 0.0000, 0.0094, 3.1415,-0.4824, 9.1834,-4.6799, 0.4626, 0.5378,0
-0.0032, 0.0000, 0.1036, 3.1415,-0.5087, 9.3765,-4.6799, 0.5166, 0.5385,0
-0.0078, 0.0000, 0.1947, 3.1415,-0.4716, 9.1637,-4.6799, 0.4711, 0.5392,0
-0.0125, 0.0000, 0.2890, 3.1415,-0.4641, 9.3725, 4.6799, 0.5415, 0.5400,0
-0.0158, 0.0000, 0.3801, 3.1415,-0.3596, 9.1630,-4.6799, 0.5086, 0.5407,0
-0.0206, 0.0000, 0.4680, 3.1415,-0.4539, 8.8697,-4.6799, 0.4605, 0.5414,0
-0.0247, 0.0000, 0.5529, 3.1415,-0.4182, 8.5597,-4.6799, 0.4146, 0.5421,0
-0.0284, 0.0000, 0.6377, 3.1415,-0.3807, 8.4978,-4.6799, 0.4340, 0.5428,0
-0.0319, 0.0000, 0.7225, 3.1415,-0.3611, 8.4854,-4.6799, 0.4693, 0.5435,0
-0.0356, 0.0000, 0.8011, 3.1415,-0.3632, 7.9802,-4.6799, 0.3918, 0.5443,0
-0.0388, 0.0000, 0.8796, 3.1415,-0.3333, 7.8792,-4.6799, 0.4114, 0.5450,0
-0.0422, 0.0000, 0.9550, 3.1415,-0.3395, 7.6077,-4.6799, 0.3955, 0.5457,0
-0.0453, 0.0000, 1.0273, 3.1415,-0.3165, 7.3020,-4.6799, 0.3751, 0.5464,0
-0.0482, 0.0000, 1.0964, 3.1415,-0.2876, 6.9896,-4.6799, 0.3559, 0.5471,0
-0.0512, 0.0000, 1.1623, 3.1415,-0.3000, 6.6757,-4.6799, 0.3387, 0.5479,0
-0.0542, 0.0000, 1.2283, 3.1415,-0.3025, 6.6130,-4.6799, 0.3711, 0.5486,0
-0.0571, 0.0000, 1.2880, 3.1415,-0.2909, 6.0978,-4.6799, 0.3202, 0.5493,0
-0.0599, 0.0000, 1.3477, 3.1415,-0.2825, 5.9947,-4.6799, 0.3442, 0.5500,0
-0.0627, 0.0000, 1.4042, 3.1415,-0.2808, 5.7228,-4.6799, 0.3394, 0.5507,0
-0.0656, 0.0000, 1.4545, 3.1415,-0.2865, 5.1658,-4.6799, 0.2903, 0.5514,0
-0.0685, 0.0000, 1.5048, 3.1415,-0.2937, 5.0544,-4.6799, 0.3103, 0.5522,0
-0.0713, 0.0000, 1.5519, 3.1415,-0.2831, 4.7807, 1.3404, 0.3064, 0.5529,0
-0.0736, 0.0000, 1.5927, 3.1415,-0.2385, 4.2233, 4.6799, 0.2655, 0.5536,0
-0.0760, 0.0000, 1.6336, 3.1415,-0.2417, 4.1119, 4.6799, 0.2818, 0.5543,0
-0.0781, 0.0000, 1.6713, 3.1415,-0.2120, 3.8383, 4.6799, 0.2783, 0.5550,0
-0.0798, 0.0000, 1.7058, 3.1415,-0.1818, 3.5322, 4.6799, 0.2713, 0.5558,0
-0.0810, 0.0000, 1.7373, 3.1415,-0.1273, 3.2197, 4.6799, 0.2641, 0.5565,0
-0.0818, 0.0000, 1.7655, 3.1415,-0.0921, 2.9058, 4.6799, 0.2572, 0.5572,0
-0.0823, 0.0000, 1.7938, 3.1415,-0.0548, 2.8431, 4.6799, 0.2720, 0.5579,0
-0.0823, 0.0000, 1.8158, 3.1415,-0.0170, 2.3279, 4.6799, 0.2500, 0.5586,0
-0.0823, 0.0000, 1.8378, 3.1415,-0.0034, 2.2248, 4.6799, 0.2587, 0.5593,0
-0.0819, 0.0000, 1.8566, 3.1415, 0.0356, 1.9529, 4.6799, 0.2559, 0.5601,0
-0.0814, 0.0000, 1.8723, 3.1415, 0.0495, 1.6472, 4.6799, 0.2512, 0.5608,0
-0.0804, 0.0000, 1.8849, 3.1415, 0.0826, 1.3347, 4.6799, 0.2468, 0.5615,0
-0.0793, 0.0000, 1.8943, 3.1415, 0.1074, 1.0209, 4.6799, 0.2429, 0.5622,0
-0.0781, 0.0000, 1.9038, 3.1415, 0.1185, 0.9581, 4.6799, 0.2475, 0.5629,0
-0.0766, 0.0000, 1.9069, 3.1415, 0.1449, 0.4429, 4.6799, 0.2396, 0.5637,0
-0.0750, 0.0000, 1.9100, 3.1415, 0.1563, 0.3399, 4.6799, 0.2406, 0.5644,0
-0.0733, 0.0000, 1.9100, 3.1415, 0.1646, 0.0679, 4.6799, 0.2390, 0.5651,0
-0.0714, 0.0000, 1.9069, 3.1415, 0.1845,-0.2377,-0.1954, 0.2376, 0.5658,0
-0.0700, 0.0000, 1.9006, 3.1415, 0.1521,-0.5501,-4.6799, 0.2368, 0.5665,0
-0.0688, 0.0000, 1.8912, 3.1415, 0.1213,-0.8640,-4.6799, 0.2366, 0.5672,0
-0.0677, 0.0000, 1.8786, 3.1415, 0.1152,-1.1781,-4.6799, 0.2370, 0.5680,0
-0.0671, 0.0000, 1.8629, 3.1415, 0.0715,-1.4922,-4.6799, 0.2380, 0.5687,0
-0.0667, 0.0000, 1.8441, 3.1415, 0.0446,-1.8064,-4.6799, 0.2395, 0.5694,0
-0.0668, 0.0000, 1.8189, 3.1415, 0.0028,-2.3719,-4.6799, 0.2551, 0.5701,0
-0.0673, 0.0000, 1.7938, 3.1415,-0.0358,-2.4850,-4.6799, 0.2453, 0.5708,0
-0.0679, 0.0000, 1.7655, 3.1415,-0.0556,-2.7589,-4.6799, 0.2455, 0.5716,0
-0.0688, 0.0000, 1.7341, 3.1415,-0.0838,-3.0650,-4.6799, 0.2483, 0.5723,0
-0.0698, 0.0000, 1.6996, 3.1415,-0.1016,-3.3776,-4.6799, 0.2519, 0.5730,0
-0.0711, 0.0000, 1.6619, 3.1415,-0.1234,-3.6914,-4.6799, 0.2561, 0.5737,0
-0.0726, 0.0000, 1.6210, 3.1415,-0.1459,-4.0055,-4.6799, 0.2607, 0.5744,0
-0.0742, 0.0000, 1.5770, 3.1415,-0.1565,-4.3196, 3.0891, 0.2657, 0.5751,0
-0.0750, 0.0000, 1.5299, 3.1415,-0.0919,-4.6338, 4.6799, 0.2712, 0.5759,0
-0.0761, 0.0000, 1.4796, 3.1415,-0.1093,-4.9480, 4.6799, 0.2774, 0.5766,0
-0.0767, 0.0000, 1.4294, 3.1415,-0.0643,-5.0108, 4.6799, 0.2503, 0.5773,0
-0.0767, 0.0000, 1.3728, 3.1415,-0.0189,-5.5260, 4.6799, 0.2863, 0.5780,0
-0.0764, 0.0000, 1.3131, 3.1415, 0.0204,-5.8804, 4.6799, 0.3011, 0.5787,0
-0.0755, 0.0000, 1.2503, 3.1415, 0.0768,-6.2026, 4.6799, 0.3124, 0.5795,0
-0.0742, 0.0000, 1.1843, 3.1415, 0.1184,-6.5183, 4.6799, 0.3242, 0.5802,0
-0.0726, 0.0000, 1.1152, 3.1415, 0.1510,-6.8328, 4.6799, 0.3377, 0.5809,0
-0.0706, 0.0000, 1.0430, 3.1415, 0.1939,-7.1471, 4.6799, 0.3534, 0.5816,0
-0.0680, 0.0000, 0.9644, 3.1415, 0.2449,-7.7126, 4.6799, 0.4235, 0.5823,0
-0.0649, 0.0000, 0.8859, 3.1415, 0.2975,-7.8257, 4.6799, 0.4031, 0.5830,0
-0.0614, 0.0000, 0.8042, 3.1415, 0.3384,-8.0996, 4.6799, 0.4203, 0.5838,0
-0.0573, 0.0000, 0.7162, 3.1415, 0.3951,-8.6571, 4.6799, 0.5076, 0.5845,0
-0.0528, 0.0000, 0.6283, 3.1415, 0.4428,-8.7685, 4.6799, 0.4954, 0.5852,0
-0.0477, 0.0000, 0.5372, 3.1415, 0.4948,-9.0422, 4.6799, 0.5277, 0.5859,0
-0.0421, 0.0000, 0.4398, 3.1415, 0.5476,-9.5995,-4.6799, 0.6403, 0.5866,0
-0.0369, 0.0000, 0.3455, 3.1415, 0.5279,-9.4597, 4.6799, 0.5771, 0.5874,0
-0.0306, 0.0000, 0.2450, 3.1415, 0.6088,-9.9344,-4.6799, 0.6850, 0.5881,0
-0.0251, 0.0000, 0.1476, 3.1415, 0.5583,-9.7780,-4.6799, 0.6282, 0.5888,0
-0.0197, 0.0000, 0.0502, 3.1415, 0.5482,-9.7467,-4.6799, 0.6128, 0.5895,0
-0.0144, 0.0000,-0.0502, 3.1415, 0.5280,-9.9918,-4.6799, 0.6805, 0.5902,0
-0.0097, 0.0000,-0.1445, 3.1415, 0.4815,-9.5381, 4.6799, 0.5630, 0.5909,0
-0.0048, 0.0000,-0.2387, 3.1415, 0.4904,-9.4474, 4.6799, 0.5518, 0.5917,0
-0.0001, 0.0000,-0.3330, 3.1415, 0.4740,-9.4293, 4.6799, 0.5661, 0.5924,0
 0.0042, 0.0000,-0.4241, 3.1415, 0.4464,-9.1743, 4.6799, 0.5238, 0.5931,0
 0.0083, 0.0000,-0.5152, 3.1415, 0.4167,-9.1233, 4.6799, 0.5404, 0.5938,0
 0.0125, 0.0000,-0.6063, 3.1415, 0.4168,-9.1131, 4.6799, 0.5726, 0.5945,0
 0.0165, 0.0000,-0.6911, 3.1415, 0.4107,-8.6084, 4.6799, 0.4841, 0.5953,0
 0.0203, 0.0000,-0.7759, 3.1415, 0.3853,-8.5075, 4.6799, 0.5007, 0.5960,0
 0.0240, 0.0000,-0.8576, 3.1415, 0.3681,-8.2360, 4.6799, 0.4798, 0.5967,0
 0.0275, 0.0000,-0.9393, 3.1415, 0.3525,-8.1817, 4.6799, 0.5132, 0.5974,0
 0.0309, 0.0000,-1.0147, 3.1415, 0.3433,-7.6682, 4.6799, 0.4441, 0.5981,0
 0.0341, 0.0000,-1.0901, 3.1415, 0.3293,-7.5654, 4.6799, 0.4692, 0.5988,0
 0.0372, 0.0000,-1.1592, 3.1415, 0.3144,-7.0422, 4.6799, 0.4070, 0.5996,0
 0.0403, 0.0000,-1.2283, 3.1415, 0.3054,-6.9376, 4.6799, 0.4327, 0.6003,0
 0.0433, 0.0000,-1.2943, 3.1415, 0.3036,-6.6654, 4.6799, 0.4259, 0.6010,0
 0.0462, 0.0000,-1.3571, 3.1415, 0.2911,-6.3596, 4.6799, 0.4139, 0.6017,0
 0.0489, 0.0000,-1.4168, 3.1415, 0.2765,-6.0471, 4.6799, 0.4018, 0.6024,0
 0.0518, 0.0000,-1.4702, 3.1415, 0.2857,-5.4819, 4.6799, 0.3486, 0.6032,0
 0.0547, 0.0000,-1.5268, 3.1415, 0.2936,-5.6202, 4.6799, 0.4106, 0.6039,0
 0.0577, 0.0000,-1.5770, 3.1415, 0.2951,-5.1452,-4.6799, 0.3751, 0.6046,0
 0.0597, 0.0000,-1.6242, 3.1415, 0.2166,-4.7989,-4.6799, 0.3607, 0.6053,0
 0.0618, 0.0000,-1.6681, 3.1415, 0.2131,-4.4783,-4.6799, 0.3506, 0.6060,0
 0.0641, 0.0000,-1.7090, 3.1415, 0.2245,-4.1629,-4.6799, 0.3415, 0.6067,0
 0.0655, 0.0000,-1.7467, 3.1415, 0.1601,-3.8485,-4.6799, 0.3330, 0.6075,0
 0.0668, 0.0000,-1.7844, 3.1415, 0.1350,-3.7856,-4.6799, 0.3528, 0.6082,0
 0.0676, 0.0000,-1.8158, 3.1415, 0.0937,-3.2703,-4.6799, 0.3239, 0.6089,0
 0.0678, 0.0000,-1.8472, 3.1415, 0.0308,-3.1673,-4.6799, 0.3364, 0.6096,0
 0.0679, 0.0000,-1.8755, 3.1415, 0.0183,-2.8954,-4.6799, 0.3328, 0.6103,0
 0.0676, 0.0000,-1.9006, 3.1415,-0.0205,-2.5897,-4.6799, 0.3264, 0.6111,0
 0.0667, 0.0000,-1.9226, 3.1415,-0.0768,-2.2772,-4.6799, 0.3200, 0.6118,0
 0.0660, 0.0000,-1.9446, 3.1415,-0.0699,-2.2147,-4.6799, 0.3309, 0.6125,0
 0.0650, 0.0000,-1.9634, 3.1415,-0.0988,-1.9509,-4.6799, 0.3280, 0.6132,0
 0.0635, 0.0000,-1.9760, 3.1415,-0.1349,-1.3954,-4.6799, 0.3103, 0.6139,0
 0.0620, 0.0000,-1.9917, 3.1415,-0.1482,-1.5357,-4.6799, 0.3264, 0.6146,0
 0.0604, 0.0000,-2.0011, 3.1415,-0.1630,-1.0611,-4.6799, 0.3153, 0.6154,0
 0.0584, 0.0000,-2.0074, 3.1415,-0.1902,-0.7148,-4.6799, 0.3108, 0.6161,0
 0.0564, 0.0000,-2.0137, 3.1415,-0.1956,-0.6456,-4.6799, 0.3136, 0.6168,0
 0.0544, 0.0000,-2.0169, 3.1415,-0.1967,-0.3804,-4.6799, 0.3118, 0.6175,0
 0.0521, 0.0000,-2.0169, 3.1415,-0.2273,-0.0760,-4.3156, 0.3099, 0.6182,0
 0.0497, 0.0000,-2.0137, 3.1415,-0.2394, 0.2361, 2.7568, 0.3085, 0.6190,0
 0.0484, 0.0000,-2.0074, 3.1415,-0.1509, 0.5498, 4.6799, 0.3079, 0.6197,0
 0.0465, 0.0000,-1.9980, 3.1415,-0.1817, 0.8639, 4.6799, 0.3080, 0.6204,0
 0.0450, 0.0000,-1.9886, 3.1415,-0.1576, 0.9267, 4.6799, 0.3034, 0.6211,0
 0.0438, 0.0000,-1.9729, 3.1415,-0.1224, 1.4419, 4.6799, 0.3101, 0.6218,0
 0.0432, 0.0000,-1.9540, 3.1415,-0.0790, 1.7963, 4.6799, 0.3137, 0.6225,0
 0.0430, 0.0000,-1.9320, 3.1415,-0.0279, 2.1185, 4.6799, 0.3166, 0.6233,0
 0.0430, 0.0000,-1.9069, 3.1415,-0.0055, 2.4343, 4.6799, 0.3198, 0.6240,0
 0.0433, 0.0000,-1.8786, 3.1415, 0.0231, 2.7488, 4.6799, 0.3233, 0.6247,0
 0.0438, 0.0000,-1.8472, 3.1415, 0.0470, 3.0630, 4.6799, 0.3273, 0.6254,0
 0.0444, 0.0000,-1.8158, 3.1415, 0.0579, 3.1258, 4.6799, 0.3110, 0.6261,0
 0.0452, 0.0000,-1.7781, 3.1415, 0.0722, 3.6411, 4.6799, 0.3334, 0.6269,0
 0.0462, 0.0000,-1.7373, 3.1415, 0.0932, 3.9954, 4.6799, 0.3425, 0.6276,0
 0.0473, 0.0000,-1.6933, 3.1415, 0.1096, 4.3176, 4.6799, 0.3487, 0.6283,0
 0.0486, 0.0000,-1.6461, 3.1415, 0.1249, 4.6334, 4.6799, 0.3546, 0.6290,0
 0.0500, 0.0000,-1.5990, 3.1415, 0.1402, 4.6966, 4.2785, 0.3291, 0.6297,0
 0.0515, 0.0000,-1.5456, 3.1415, 0.1432, 5.2118,-4.6799, 0.3622, 0.6304,0
 0.0519, 0.0000,-1.4922, 3.1415, 0.0589, 5.3149,-4.6799, 0.3391, 0.6312,0
 0.0530, 0.0000,-1.4325, 3.1415, 0.1027, 5.8382,-4.6799, 0.3782, 0.6319,0
 0.0533, 0.0000,-1.3697, 3.1415, 0.0448, 6.1941,-4.6799, 0.3937, 0.6326,0
 0.0533, 0.0000,-1.3069, 3.1415, 0.0089, 6.2653,-4.6799, 0.3622, 0.6333,0
 0.0526, 0.0000,-1.2377, 3.1415,-0.0527, 6.7822,-4.6799, 0.4092, 0.6340,0
 0.0515, 0.0000,-1.1655, 3.1415,-0.1015, 7.1369,-4.6799, 0.4299, 0.6348,0
 0.0500, 0.0000,-1.0901, 3.1415,-0.1415, 7.4592,-4.6799, 0.4469, 0.6355,0
 0.0479, 0.0000,-1.0115, 3.1415,-0.1980, 7.7750,-4.6799, 0.4653, 0.6362,0
 0.0453, 0.0000,-0.9299, 3.1415,-0.2457, 8.0895,-4.6799, 0.4868, 0.6369,0
 0.0419, 0.0000,-0.8450, 3.1415,-0.3159, 8.4037,-4.6799, 0.5121, 0.6376,0
 0.0382, 0.0000,-0.7571, 3.1415,-0.3602, 8.7179,-4.6799, 0.5421, 0.6383,0
 0.0338, 0.0000,-0.6628, 3.1415,-0.4237, 9.2834, 4.6799, 0.6405, 0.6391,0
 0.0302, 0.0000,-0.5686, 3.1415,-0.3757, 9.3965,-2.4254, 0.6310, 0.6398,0
 0.0248, 0.0000,-0.4743, 3.1415,-0.5056, 9.4191,-4.6799, 0.6032, 0.6405,0
 0.0197, 0.0000,-0.3738, 3.1415,-0.5134, 9.9263, 4.6799, 0.7109, 0.6412,0
 0.0151, 0.0000,-0.2733, 3.1415,-0.4664, 10.0277, 4.6799, 0.7163, 0.6419,0
 0.0100, 0.0000,-0.1727, 3.1415,-0.5056, 10.0480, 4.6799, 0.7060, 0.6426,0
 0.0054, 0.0000,-0.0722, 3.1415,-0.4649, 10.0520, 4.6799, 0.6984, 0.6434,0
 0.0010, 0.0000, 0.0251, 3.1415,-0.4446, 9.8015,-4.6799, 0.6271, 0.6441,0
-0.0033, 0.0000, 0.1225, 3.1415,-0.4406, 9.7514,-4.6799, 0.6185, 0.6448,0
-0.0075, 0.0000, 0.2230, 3.1415,-0.4276, 9.9927, 4.6799, 0.6976, 0.6455,0
-0.0106, 0.0000, 0.3173, 3.1415,-0.3280, 9.5383,-4.6799, 0.5914, 0.6462,0
-0.0144, 0.0000, 0.4115, 3.1415,-0.3748, 9.4474,-4.6799, 0.5914, 0.6470,0
-0.0177, 0.0000, 0.5026, 3.1415,-0.3356, 9.1779,-4.6799, 0.5500, 0.6477,0
-0.0209, 0.0000, 0.5937, 3.1415,-0.3217, 9.1240,-4.6799, 0.5703, 0.6484,0
-0.0240, 0.0000, 0.6817, 3.1415,-0.3129, 8.8619,-4.6799, 0.5418, 0.6491,0
-0.0265, 0.0000, 0.7696, 3.1415,-0.2626, 8.8095,-4.6799, 0.5708, 0.6498,0
-0.0293, 0.0000, 0.8513, 3.1415,-0.2768, 8.2964,-4.6799, 0.4904, 0.6505,0
-0.0319, 0.0000, 0.9330, 3.1415,-0.2675, 8.1937,-4.6799, 0.5123, 0.6513,0
-0.0340, 0.0000, 1.0115, 3.1415,-0.2172, 7.9219,-4.6799, 0.4976, 0.6520,0
-0.0365, 0.0000, 1.0869, 3.1415,-0.2435, 7.6162,-4.6799, 0.4780, 0.6527,0
-0.0386, 0.0000, 1.1592, 3.1415,-0.2184, 7.3037,-4.6799, 0.4595, 0.6534,0
-0.0406, 0.0000, 1.2315, 3.1415,-0.2013, 7.2412,-4.6799, 0.4951, 0.6541,0
-0.0425, 0.0000, 1.2974, 3.1415,-0.1979, 6.7261,-4.6799, 0.4395, 0.6549,0
-0.0441, 0.0000, 1.3603, 3.1415,-0.1669, 6.3717,-4.6799, 0.4183, 0.6556,0
-0.0460, 0.0000, 1.4199, 3.1415,-0.1789, 6.0495,-4.6799, 0.4044, 0.6563,0
-0.0479, 0.0000, 1.4796, 3.1415,-0.1934, 5.9851,-4.6799, 0.4361, 0.6570,0
-0.0495, 0.0000, 1.5330, 3.1415,-0.1660, 5.4695,-4.6799, 0.3917, 0.6577,0
-0.0514, 0.0000, 1.5865, 3.1415,-0.1847, 5.3664, 4.6799, 0.4144, 0.6584,0
-0.0525, 0.0000, 1.6336, 3.1415,-0.1218, 4.8432, 4.6799, 0.3734, 0.6592,0
-0.0536, 0.0000, 1.6807, 3.1415,-0.1153, 4.7385, 4.6799, 0.3931, 0.6599,0
-0.0544, 0.0000, 1.7247, 3.1415,-0.0897, 4.4663, 4.6799, 0.3893, 0.6606,0
-0.0551, 0.0000, 1.7655, 3.1415,-0.0664, 4.1605, 4.6799, 0.3813, 0.6613,0
-0.0550, 0.0000, 1.8001, 3.1415,-0.0072, 3.5967, 4.6799, 0.3443, 0.6620,0
-0.0548, 0.0000, 1.8346, 3.1415, 0.0106, 3.4839, 4.6799, 0.3572, 0.6628,0
-0.0542, 0.0000, 1.8692, 3.1415, 0.0506, 3.4613, 4.6799, 0.3788, 0.6635,0
-0.0538, 0.0000, 1.8975, 3.1415, 0.0465, 2.9542, 4.6799, 0.3526, 0.6642,0
-0.0526, 0.0000, 1.9226, 3.1415, 0.1002, 2.6014, 4.6799, 0.3422, 0.6649,0
-0.0518, 0.0000, 1.9477, 3.1415, 0.0867, 2.5309, 4.6799, 0.3540, 0.6656,0
-0.0506, 0.0000, 1.9697, 3.1415, 0.1143, 2.2654, 4.6799, 0.3508, 0.6663,0
-0.0492, 0.0000, 1.9886, 3.1415, 0.1320, 1.9610, 4.6799, 0.3452, 0.6671,0
-0.0481, 0.0000, 2.0043, 3.1415, 0.1173, 1.6488, 4.6799, 0.3397, 0.6678,0
-0.0464, 0.0000, 2.0169, 3.1415, 0.1568, 1.3350, 4.6799, 0.3347, 0.6685,0
-0.0447, 0.0000, 2.0294, 3.1415, 0.1708, 1.2723, 4.6799, 0.3406, 0.6692,0
-0.0430, 0.0000, 2.0388, 3.1415, 0.1675, 1.0084, 4.6799, 0.3382, 0.6699,0
-0.0409, 0.0000, 2.0451, 3.1415, 0.2032, 0.7043, 4.6799, 0.3349, 0.6707,0
-0.0387, 0.0000, 2.0483, 3.1415, 0.2164, 0.3921, 4.6799, 0.3321, 0.6714,0
-0.0366, 0.0000, 2.0483, 3.1415, 0.2070, 0.0784, 4.0509, 0.3301, 0.6721,0
-0.0343, 0.0000, 2.0483, 3.1415, 0.2293, 0.0156, 0.9899, 0.3300, 0.6728,0
-0.0319, 0.0000, 2.0451, 3.1415, 0.2399,-0.2481,-4.6799, 0.3288, 0.6735,0
-0.0300, 0.0000, 2.0357, 3.1415, 0.1995,-0.8036,-4.6799, 0.3310, 0.6742,0
-0.0284, 0.0000, 2.0263, 3.1415, 0.1611,-0.9147,-4.6799, 0.3276, 0.6750,0
-0.0270, 0.0000, 2.0137, 3.1415, 0.1474,-1.1882,-4.6799, 0.3275, 0.6757,0
-0.0261, 0.0000, 1.9980, 3.1415, 0.1022,-1.4942,-4.6799, 0.3288, 0.6764,0
-0.0254, 0.0000, 1.9760, 3.1415, 0.0750,-2.0581,-4.6799, 0.3424, 0.6771,0
-0.0253, 0.0000, 1.9540, 3.1415, 0.0210,-2.1709,-4.6799, 0.3345, 0.6778,0
-0.0256, 0.0000, 1.9257, 3.1415,-0.0200,-2.6961,-4.6799, 0.3513, 0.6786,0
-0.0259, 0.0000, 1.8975, 3.1415,-0.0221,-2.8011,-4.6799, 0.3403, 0.6793,0
-0.0266, 0.0000, 1.8661, 3.1415,-0.0650,-3.0735,-4.6799, 0.3412, 0.6800,0
-0.0276, 0.0000, 1.8284, 3.1415,-0.0918,-3.6306,-4.6799, 0.3674, 0.6807,0
-0.0287, 0.0000, 1.7907, 3.1415,-0.1032,-3.7420,-4.6799, 0.3526, 0.6814,0
-0.0300, 0.0000, 1.7498, 3.1415,-0.1297,-4.0156,-4.6799, 0.3536, 0.6821,0
-0.0315, 0.0000, 1.7027, 3.1415,-0.1411,-4.5730,-4.6799, 0.3872, 0.6829,0
-0.0331, 0.0000, 1.6556, 3.1415,-0.1616,-4.6845,-4.6799, 0.3680, 0.6836,0
-0.0350, 0.0000, 1.6053, 3.1415,-0.1778,-4.9581,-4.6799, 0.3689, 0.6843,0
-0.0366, 0.0000, 1.5519, 3.1415,-0.1689,-5.2641, 4.6799, 0.3744, 0.6850,0
-0.0375, 0.0000, 1.4953, 3.1415,-0.1065,-5.5767, 4.6799, 0.3813, 0.6857,0
-0.0388, 0.0000, 1.4357, 3.1415,-0.1183,-5.8905, 4.6799, 0.3890, 0.6865,0
-0.0394, 0.0000, 1.3697, 3.1415,-0.0721,-6.4559, 4.6799, 0.4401, 0.6872,0
-0.0395, 0.0000, 1.3037, 3.1415,-0.0265,-6.5690, 4.6799, 0.4146, 0.6879,0
-0.0391, 0.0000, 1.2346, 3.1415, 0.0310,-6.8430, 4.6799, 0.4187, 0.6886,0
-0.0381, 0.0000, 1.1592, 3.1415, 0.0850,-7.4004, 4.6799, 0.4794, 0.6893,0
-0.0366, 0.0000, 1.0838, 3.1415, 0.1382,-7.5119, 4.6799, 0.4539, 0.6900,0
-0.0347, 0.0000, 1.0053, 3.1415, 0.1792,-7.7855, 4.6799, 0.4638, 0.6908,0
-0.0321, 0.0000, 0.9204, 3.1415, 0.2420,-8.3429, 4.6799, 0.5397, 0.6915,0
-0.0292, 0.0000, 0.8325, 3.1415, 0.2788,-8.7057, 4.6799, 0.5777, 0.6922,0
-0.0257, 0.0000, 0.7445, 3.1415, 0.3346,-8.7783, 4.6799, 0.5507, 0.6929,0
-0.0217, 0.0000, 0.6503, 3.1415, 0.3882,-9.2954, 4.6799, 0.6381, 0.6936,0
-0.0171, 0.0000, 0.5529, 3.1415, 0.4475,-9.6502,-4.6799, 0.6926, 0.6944,0
-0.0128, 0.0000, 0.4523, 3.1415, 0.4290,-9.9725,-4.6799, 0.7464, 0.6951,0
-0.0081, 0.0000, 0.3518, 3.1415, 0.4678,-10.0369,-4.6799, 0.7362, 0.6958,0
-0.0034, 0.0000, 0.2513, 3.1415, 0.4634,-10.0498,-4.6799, 0.7184, 0.6965,0
 0.0009, 0.0000, 0.1507, 3.1415, 0.4443,-10.0524,-4.6799, 0.7047, 0.6972,0
 0.0050, 0.0000, 0.0502, 3.1415, 0.4162,-10.0529,-4.6447, 0.6976, 0.6979,0
 0.0086, 0.0000,-0.0471, 3.1415, 0.3743,-9.8017, 4.6799, 0.6277, 0.6987,0
 0.0128, 0.0000,-0.1445, 3.1415, 0.4144,-9.7514, 4.6799, 0.6206, 0.6994,0
 0.0164, 0.0000,-0.2450, 3.1415, 0.3678,-9.9927,-4.6799, 0.7013, 0.7001,0
 0.0190, 0.0000,-0.3392, 3.1415, 0.2857,-9.5383, 4.6799, 0.5965, 0.7008,0
 0.0228, 0.0000,-0.4335, 3.1415, 0.3542,-9.4474, 4.6799, 0.5979, 0.7015,0
 0.0254, 0.0000,-0.5277, 3.1415, 0.2830,-9.4293, 4.6799, 0.6243, 0.7023,0
 0.0283, 0.0000,-0.6188, 3.1415, 0.2870,-9.1743, 4.6799, 0.5934, 0.7030,0
 0.0310, 0.0000,-0.7068, 3.1415, 0.2756,-8.8720, 4.6799, 0.5559, 0.7037,0
 0.0331, 0.0000,-0.7948, 3.1415, 0.2249,-8.8115, 4.6799, 0.5840, 0.7044,0
 0.0356, 0.0000,-0.8765, 3.1415, 0.2390,-8.2968, 4.6799, 0.5042, 0.7051,0
 0.0378, 0.0000,-0.9581, 3.1415, 0.2297,-8.1938, 4.6799, 0.5270, 0.7058,0
 0.0397, 0.0000,-1.0367, 3.1415, 0.1975,-7.9219, 4.6799, 0.5130, 0.7066,0
 0.0418, 0.0000,-1.1152, 3.1415, 0.2032,-7.8675, 4.6799, 0.5506, 0.7073,0
 0.0434, 0.0000,-1.1875, 3.1415, 0.1679,-7.3540, 4.6799, 0.4886, 0.7080,0
 0.0450, 0.0000,-1.2566, 3.1415, 0.1609,-7.0000, 4.6799, 0.4641, 0.7087,0
 0.0466, 0.0000,-1.3226, 3.1415, 0.1595,-6.6778, 4.6799, 0.4479, 0.7094,0
 0.0479, 0.0000,-1.3885, 3.1415, 0.1410,-6.6134, 4.6799, 0.4822, 0.7102,0
 0.0494, 0.0000,-1.4482, 3.1415, 0.1434,-6.0979, 4.6799, 0.4328, 0.7109,0
 0.0509, 0.0000,-1.5079, 3.1415, 0.1499,-5.9948, 4.6799, 0.4580, 0.7116,0
 0.0525, 0.0000,-1.5613, 3.1415, 0.1633,-5.4715, 0.8289, 0.4123, 0.7123,0
 0.0540, 0.0000,-1.6147, 3.1415, 0.1478,-5.3668,-4.6799, 0.4348, 0.7130,0
 0.0548, 0.0000,-1.6619, 3.1415, 0.0962,-4.8432,-4.6799, 0.3937, 0.7137,0
 0.0557, 0.0000,-1.7090, 3.1415, 0.0859,-4.7385,-4.6799, 0.4133, 0.7145,0
 0.0565, 0.0000,-1.7530, 3.1415, 0.0838,-4.4662,-4.6799, 0.4093, 0.7152,0
 0.0567, 0.0000,-1.7938, 3.1415, 0.0349,-4.1605,-4.6799, 0.4011, 0.7159,0
 0.0567, 0.0000,-1.8315, 3.1415, 0.0069,-3.8480,-4.6799, 0.3924, 0.7166,0
 0.0563, 0.0000,-1.8661, 3.1415,-0.0289,-3.5342,-4.6799, 0.3838, 0.7173,0
 0.0560, 0.0000,-1.8975, 3.1415,-0.0300,-3.2201,-4.6799, 0.3756, 0.7181,0
 0.0552, 0.0000,-1.9289, 3.1415,-0.0727,-3.1573,-4.6799, 0.3912, 0.7188,0
 0.0543, 0.0000,-1.9540, 3.1415,-0.0873,-2.6420,-4.6799, 0.3662, 0.7195,0
 0.0532, 0.0000,-1.9792, 3.1415,-0.1023,-2.5390,-4.6799, 0.3754, 0.7202,0
 0.0520, 0.0000,-2.0011, 3.1415,-0.1174,-2.2671,-4.6799, 0.3715, 0.7209,0
 0.0507, 0.0000,-2.0200, 3.1415,-0.1326,-1.9613,-4.6799, 0.3657, 0.7216,0
 0.0491, 0.0000,-2.0388, 3.1415,-0.1477,-1.9002,-4.6799, 0.3745, 0.7224,0
 0.0474, 0.0000,-2.0514, 3.1415,-0.1690,-1.3853,-4.6799, 0.3588, 0.7231,0
 0.0453, 0.0000,-2.0640, 3.1415,-0.1975,-1.2823,-4.6799, 0.3630, 0.7238,0
 0.0434, 0.0000,-2.0734, 3.1415,-0.1971,-1.0104,-4.6799, 0.3602, 0.7245,0
 0.0412, 0.0000,-2.0828, 3.1415,-0.2152,-0.9560,-4.6799, 0.3646, 0.7252,0
 0.0387, 0.0000,-2.0860, 3.1415,-0.2431,-0.4425,-4.6799, 0.3565, 0.7260,0
 0.0362, 0.0000,-2.0891, 3.1415,-0.2487,-0.3398,-4.6799, 0.3574, 0.7267,0
 0.0337, 0.0000,-2.0891, 3.1415,-0.2498,-0.0679,-3.2289, 0.3558, 0.7274,0
 0.0311, 0.0000,-2.0860, 3.1415,-0.2561, 0.2377, 4.6799, 0.3546, 0.7281,0
 0.0293, 0.0000,-2.0828, 3.1415,-0.1967, 0.2988, 4.6799, 0.3531, 0.7288,0
 0.0271, 0.0000,-2.0734, 3.1415,-0.2151, 0.8137, 4.6799, 0.3552, 0.7295,0
 0.0253, 0.0000,-2.0608, 3.1415,-0.1824, 1.1680, 4.6799, 0.3571, 0.7303,0
 0.0241, 0.0000,-2.0483, 3.1415,-0.1395, 1.2389, 4.6799, 0.3515, 0.7310,0
 0.0232, 0.0000,-2.0294, 3.1415,-0.0946, 1.7557, 4.6799, 0.3610, 0.7317,0
 0.0228, 0.0000,-2.0074, 3.1415,-0.0492, 2.1104, 4.6799, 0.3660, 0.7324,0
 0.0228, 0.0000,-1.9823, 3.1415,-0.0159, 2.4327, 4.6799, 0.3701, 0.7331,0
 0.0229, 0.0000,-1.9540, 3.1415, 0.0089, 2.7484, 4.6799, 0.3742, 0.7339,0
 0.0233, 0.0000,-1.9226, 3.1415, 0.0321, 3.0629, 4.6799, 0.3788, 0.7346,0
 0.0239, 0.0000,-1.8880, 3.1415, 0.0549, 3.3771, 4.6799, 0.3837, 0.7353,0
 0.0247, 0.0000,-1.8503, 3.1415, 0.0716, 3.6913, 4.6799, 0.3889, 0.7360,0
 0.0256, 0.0000,-1.8095, 3.1415, 0.0870, 4.0055, 4.6799, 0.3944, 0.7367,0
 0.0266, 0.0000,-1.7687, 3.1415, 0.0962, 4.0683, 4.6799, 0.3729, 0.7374,0
 0.0278, 0.0000,-1.7215, 3.1415, 0.1162, 4.5835, 4.6799, 0.4020, 0.7382,0
 0.0291, 0.0000,-1.6713, 3.1415, 0.1263, 4.9379, 4.6799, 0.4134, 0.7389,0
 0.0304, 0.0000,-1.6210, 3.1415, 0.1344, 5.0088, 4.6799, 0.3873, 0.7396,0
 0.0319, 0.0000,-1.5645, 3.1415, 0.1420, 5.5256,-1.8819, 0.4229, 0.7403,0
 0.0323, 0.0000,-1.5048, 3.1415, 0.0647, 5.8803,-4.6799, 0.4367, 0.7410,0
 0.0333, 0.0000,-1.4451, 3.1415, 0.0917, 5.9512,-4.6799, 0.4058, 0.7417,0
 0.0338, 0.0000,-1.3791, 3.1415, 0.0547, 6.4681,-4.6799, 0.4489, 0.7425,0
 0.0337, 0.0000,-1.3131, 3.1415, 0.0048, 6.5714,-4.6799, 0.4216, 0.7432,0
 0.0331, 0.0000,-1.2409, 3.1415,-0.0475, 7.0948,-4.6799, 0.4721, 0.7439,0
 0.0320, 0.0000,-1.1655, 3.1415,-0.0943, 7.4508,-4.6799, 0.4940, 0.7446,0
 0.0303, 0.0000,-1.0869, 3.1415,-0.1522, 7.7733,-4.6799, 0.5119, 0.7453,0
 0.0282, 0.0000,-1.0053, 3.1415,-0.2002, 8.0891,-4.6799, 0.5313, 0.7461,0
 0.0256, 0.0000,-0.9204, 3.1415,-0.2522, 8.4036,-4.6799, 0.5539, 0.7468,0
 0.0222, 0.0000,-0.8325, 3.1415,-0.3172, 8.7179,-4.6799, 0.5807, 0.7475,0
 0.0183, 0.0000,-0.7414, 3.1415,-0.3787, 9.0320,-4.6799, 0.6124, 0.7482,0
 0.0138, 0.0000,-0.6471, 3.1415,-0.4334, 9.3462,-4.6799, 0.6500, 0.7489,0
 0.0089, 0.0000,-0.5466, 3.1415,-0.4808, 9.9117, 4.6799, 0.7619, 0.7496,0
 0.0046, 0.0000,-0.4461, 3.1415,-0.4417, 10.0248, 4.6799, 0.7591, 0.7504,0
-0.0006, 0.0000,-0.3455, 3.1415,-0.5067, 10.0474,-4.6799, 0.7376, 0.7511,0
-0.0063, 0.0000,-0.2419, 3.1415,-0.5621, 10.3032, 4.6799, 0.7890, 0.7518,0
-0.0107, 0.0000,-0.1382, 3.1415,-0.4641, 10.3544, 4.6799, 0.7897, 0.7525,0
-0.0157, 0.0000,-0.0345, 3.1415,-0.4930, 10.3646, 4.6799, 0.7863, 0.7532,0
-0.0202, 0.0000, 0.0659, 3.1415,-0.4563, 10.1154,-4.6799, 0.7159, 0.7540,0
-0.0250, 0.0000, 0.1665, 3.1415,-0.4793, 10.0655,-4.6799, 0.7102, 0.7547,0
-0.0296, 0.0000, 0.2670, 3.1415,-0.4596, 10.0555,-4.6799, 0.7229, 0.7554,0
-0.0338, 0.0000, 0.3644, 3.1415,-0.4314, 9.8022,-4.6799, 0.6742, 0.7561,0
-0.0380, 0.0000, 0.4649, 3.1415,-0.4197, 10.0029, 4.6799, 0.7589, 0.7568,0
-0.0409, 0.0000, 0.5592, 3.1415,-0.3143, 9.5404,-4.6799, 0.6655, 0.7575,0
-0.0448, 0.0000, 0.6534, 3.1415,-0.3781, 9.4479,-4.6799, 0.6795, 0.7583,0
-0.0482, 0.0000, 0.7445, 3.1415,-0.3484, 9.1780,-4.6799, 0.6512, 0.7590,0
-0.0512, 0.0000, 0.8325, 3.1415,-0.3061, 8.8727,-4.6799, 0.6188, 0.7597,0
-0.0541, 0.0000, 0.9173, 3.1415,-0.2977, 8.5603,-4.6799, 0.5893, 0.7604,0
-0.0570, 0.0000, 0.9990, 3.1415,-0.2899, 8.2465,-4.6799, 0.5635, 0.7611,0
-0.0594, 0.0000, 1.0807, 3.1415,-0.2520, 8.1838,-4.6799, 0.5996, 0.7619,0
-0.0618, 0.0000, 1.1561, 3.1415,-0.2383, 7.6686,-4.6799, 0.5339, 0.7626,0
-0.0641, 0.0000, 1.2315, 3.1415,-0.2356, 7.5655,-4.6799, 0.5623, 0.7633,0
-0.0663, 0.0000, 1.3037, 3.1415,-0.2169, 7.2936,-4.6799, 0.5552, 0.7640,0
-0.0684, 0.0000, 1.3697, 3.1415,-0.2131, 6.7366,-4.6799, 0.4919, 0.7647,0
-0.0704, 0.0000, 1.4357, 3.1415,-0.2063, 6.6251,-4.6799, 0.5177, 0.7654,0
-0.0723, 0.0000, 1.4985, 3.1415,-0.1928, 6.3515,-4.6799, 0.5129, 0.7662,0
-0.0745, 0.0000, 1.5582, 3.1415,-0.2083, 6.0455,-0.4085, 0.5026, 0.7669,0
-0.0763, 0.0000, 1.6116, 3.1415,-0.1932, 5.4816, 4.6799, 0.4500, 0.7676,0
-0.0776, 0.0000, 1.6650, 3.1415,-0.1356, 5.3688, 4.6799, 0.4711, 0.7683,0
-0.0790, 0.0000, 1.7153, 3.1415,-0.1423, 5.0950, 4.6799, 0.4668, 0.7690,0
-0.0800, 0.0000, 1.7624, 3.1415,-0.1072, 4.7889, 4.6799, 0.4578, 0.7698,0
-0.0806, 0.0000, 1.8095, 3.1415,-0.0699, 4.7276, 4.6799, 0.4827, 0.7705,0
-0.0807, 0.0000, 1.8503, 3.1415,-0.0261, 4.2127, 4.6799, 0.4466, 0.7712,0
-0.0805, 0.0000, 1.8912, 3.1415, 0.0129, 4.1098, 4.6799, 0.4626, 0.7719,0
-0.0800, 0.0000, 1.9289, 3.1415, 0.0450, 3.8379, 4.6799, 0.4579, 0.7726,0
-0.0794, 0.0000, 1.9603, 3.1415, 0.0575, 3.2808, 4.6799, 0.4234, 0.7733,0
-0.0787, 0.0000, 1.9949, 3.1415, 0.0660, 3.4207, 4.6799, 0.4593, 0.7741,0
-0.0776, 0.0000, 2.0231, 3.1415, 0.0981, 2.9461, 4.6799, 0.4354, 0.7748,0
-0.0763, 0.0000, 2.0514, 3.1415, 0.1226, 2.8511, 4.6799, 0.4458, 0.7755,0
-0.0750, 0.0000, 2.0734, 3.1415, 0.1336, 2.3295, 4.6799, 0.4219, 0.7762,0
-0.0735, 0.0000, 2.0954, 3.1415, 0.1480, 2.2251, 4.6799, 0.4290, 0.7769,0
-0.0718, 0.0000, 2.1142, 3.1415, 0.1629, 1.9530, 4.6799, 0.4247, 0.7777,0
-0.0700, 0.0000, 2.1331, 3.1415, 0.1781, 1.8985, 4.6799, 0.4333, 0.7784,0
-0.0680, 0.0000, 2.1488, 3.1415, 0.1932, 1.6363, 4.6799, 0.4298, 0.7791,0
-0.0660, 0.0000, 2.1614, 3.1415, 0.2023, 1.3325, 4.6799, 0.4247, 0.7798,0
-0.0637, 0.0000, 2.1708, 3.1415, 0.2223, 1.0204, 4.6799, 0.4200, 0.7805,0
-0.0613, 0.0000, 2.1771, 3.1415, 0.2385, 0.7067, 4.6799, 0.4162, 0.7812,0
-0.0588, 0.0000, 2.1834, 3.1415, 0.2417, 0.6439, 4.6799, 0.4187, 0.7820,0
-0.0564, 0.0000, 2.1865, 3.1415, 0.2423, 0.3801, 4.6799, 0.4167, 0.7827,0
-0.0538, 0.0000, 2.1896, 3.1415, 0.2546, 0.3273, 4.6799, 0.4180, 0.7834,0
-0.0510, 0.0000, 2.1896, 3.1415, 0.2752, 0.0654, 4.4639, 0.4166, 0.7841,0
-0.0482, 0.0000, 2.1865, 3.1415, 0.2854,-0.2382,-4.6799, 0.4155, 0.7848,0
-0.0462, 0.0000, 2.1802, 3.1415, 0.2147,-0.5502,-4.6799, 0.4152, 0.7856,0
-0.0439, 0.0000, 2.1708, 3.1415, 0.2248,-0.8640,-4.6799, 0.4159, 0.7863,0
-0.0419, 0.0000, 2.1582, 3.1415, 0.2026,-1.1781,-4.6799, 0.4174, 0.7870,0
-0.0405, 0.0000, 2.1425, 3.1415, 0.1557,-1.4922,-4.6799, 0.4197, 0.7877,0
-0.0393, 0.0000, 2.1237, 3.1415, 0.1281,-1.8064,-4.6799, 0.4228, 0.7884,0
-0.0387, 0.0000, 2.1017, 3.1415, 0.0741,-2.1205,-4.6799, 0.4265, 0.7891,0
-0.0385, 0.0000, 2.0765, 3.1415, 0.0330,-2.4347,-4.6799, 0.4309, 0.7899,0
-0.0383, 0.0000, 2.0483, 3.1415, 0.0187,-2.7489,-4.6799, 0.4358, 0.7906,0
-0.0386, 0.0000, 2.0169, 3.1415,-0.0205,-3.0630,-4.6799, 0.4411, 0.7913,0
-0.0392, 0.0000, 1.9823, 3.1415,-0.0526,-3.3772,-4.6799, 0.4469, 0.7920,0
-0.0399, 0.0000, 1.9446, 3.1415,-0.0650,-3.6913,-4.6799, 0.4530, 0.7927,0
-0.0409, 0.0000, 1.9038, 3.1415,-0.0918,-4.0055,-4.6799, 0.4593, 0.7935,0
-0.0419, 0.0000, 1.8598, 3.1415,-0.1032,-4.3196,-4.6799, 0.4659, 0.7942,0
-0.0431, 0.0000, 1.8126, 3.1415,-0.1116,-4.6338,-4.6799, 0.4726, 0.7949,0
-0.0445, 0.0000, 1.7655, 3.1415,-0.1375,-4.6966,-4.6799, 0.4478, 0.7956,0
-0.0460, 0.0000, 1.7121, 3.1415,-0.1427,-5.2118,-4.6799, 0.4814, 0.7963,0
-0.0474, 0.0000, 1.6556, 3.1415,-0.1437,-5.5662,-4.6799, 0.4946, 0.7970,0
-0.0491, 0.0000, 1.5990, 3.1415,-0.1621,-5.6371,-4.6799, 0.4651, 0.7978,0
-0.0508, 0.0000, 1.5362, 3.1415,-0.1718,-6.1539, 4.6799, 0.5053, 0.7985,0
-0.0513, 0.0000, 1.4734, 3.1415,-0.0768,-6.2573, 4.6799, 0.4783, 0.7992,0
-0.0522, 0.0000, 1.4042, 3.1415,-0.0881,-6.7806, 4.6799, 0.5246, 0.7999,0
-0.0526, 0.0000, 1.3320, 3.1415,-0.0479,-7.1366, 4.6799, 0.5432, 0.8006,0
-0.0525, 0.0000, 1.2597, 3.1415,-0.0035,-7.2078, 4.6799, 0.5075, 0.8014,0
-0.0518, 0.0000, 1.1812, 3.1415, 0.0599,-7.7247, 4.6799, 0.5626, 0.8021,0
-0.0505, 0.0000, 1.0995, 3.1415, 0.1150,-8.0794, 4.6799, 0.5878, 0.8028,0
-0.0485, 0.0000, 1.0147, 3.1415, 0.1806,-8.4017, 4.6799, 0.6092, 0.8035,0
-0.0461, 0.0000, 0.9267, 3.1415, 0.2301,-8.7175, 4.6799, 0.6327, 0.8042,0
-0.0433, 0.0000, 0.8356, 3.1415, 0.2703,-9.0319, 4.6799, 0.6604, 0.8049,0
-0.0397, 0.0000, 0.7414, 3.1415, 0.3390,-9.3462, 4.6799, 0.6933, 0.8057,0
-0.0357, 0.0000, 0.6408, 3.1415, 0.3891,-9.9117,-4.2723, 0.7997, 0.8064,0
-0.0319, 0.0000, 0.5403, 3.1415, 0.3870,-10.0248, 4.6799, 0.7911, 0.8071,0
-0.0266, 0.0000, 0.4366, 3.1415, 0.5018,-10.2987,-4.6799, 0.8341, 0.8078,0
-0.0220, 0.0000, 0.3330, 3.1415, 0.4641,-10.3535,-4.6799, 0.8221, 0.8085,0
-0.0174, 0.0000, 0.2261, 3.1415, 0.4626,-10.6158,-4.6799, 0.8779, 0.8093,0
-0.0127, 0.0000, 0.1193, 3.1415, 0.4684,-10.6683,-4.6799, 0.8803, 0.8100,0
-0.0087, 0.0000, 0.0157, 3.1415, 0.4150,-10.4274, 4.6799, 0.8042, 0.8107,0
-0.0038, 0.0000,-0.0911, 3.1415, 0.4710,-10.6306,-4.6799, 0.8670, 0.8114,0
-0.0003, 0.0000,-0.1947, 3.1415, 0.3791,-10.4199,-4.6799, 0.8155, 0.8121,0
 0.0026, 0.0000,-0.2953, 3.1415, 0.3123,-10.1264, 4.6799, 0.7486, 0.8128,0
 0.0061, 0.0000,-0.3926, 3.1415, 0.3413,-9.8164, 4.6799, 0.6856, 0.8136,0
 0.0091, 0.0000,-0.4932, 3.1415, 0.3108,-10.0057, 4.6799, 0.7691, 0.8143,0
 0.0118, 0.0000,-0.5874, 3.1415, 0.2743,-9.5409, 4.6799, 0.6767, 0.8150,0
 0.0144, 0.0000,-0.6817, 3.1415, 0.2670,-9.4480, 4.6799, 0.6921, 0.8157,0
 0.0168, 0.0000,-0.7728, 3.1415, 0.2413,-9.1781, 4.6799, 0.6652, 0.8164,0
 0.0190, 0.0000,-0.8639, 3.1415, 0.2301,-9.1241, 4.6799, 0.6991, 0.8172,0
 0.0210, 0.0000,-0.9487, 3.1415, 0.2036,-8.6106, 4.6799, 0.6195, 0.8179,0
 0.0228, 0.0000,-1.0335, 3.1415, 0.1862,-8.5079, 4.6799, 0.6459, 0.8186,0
 0.0244, 0.0000,-1.1121, 3.1415, 0.1645,-7.9847, 4.6799, 0.5746, 0.8193,0
 0.0260, 0.0000,-1.1906, 3.1415, 0.1602,-7.8801, 4.6799, 0.6029, 0.8200,0
 0.0272, 0.0000,-1.2660, 3.1415, 0.1229,-7.6078, 4.6799, 0.5948, 0.8207,0
 0.0284, 0.0000,-1.3383, 3.1415, 0.1216,-7.3021, 4.6799, 0.5810, 0.8215,0
 0.0294, 0.0000,-1.4074, 3.1415, 0.1092,-6.9896, 4.6799, 0.5671, 0.8222,0
 0.0305, 0.0000,-1.4702, 3.1415, 0.1067,-6.4244, 4.6799, 0.5057, 0.8229,0
 0.0317, 0.0000,-1.5330, 3.1415, 0.1183,-6.3114, 4.6799, 0.5306, 0.8236,0
 0.0328, 0.0000,-1.5927, 3.1415, 0.1146,-6.0374,-4.6799, 0.5261, 0.8243,0
 0.0331, 0.0000,-1.6493, 3.1415, 0.0411,-5.7313,-4.6799, 0.5162, 0.8251,0
 0.0335, 0.0000,-1.7058, 3.1415, 0.0446,-5.6701,-4.6799, 0.5468, 0.8258,0
 0.0341, 0.0000,-1.7561, 3.1415, 0.0513,-5.1552,-4.6799, 0.5044, 0.8265,0
 0.0337, 0.0000,-1.8032, 3.1415,-0.0200,-4.8009,-4.6799, 0.4881, 0.8272,0
 0.0331, 0.0000,-1.8472, 3.1415,-0.0464,-4.4787,-4.6799, 0.4768, 0.8279,0
 0.0324, 0.0000,-1.8912, 3.1415,-0.0699,-4.4143,-4.6799, 0.4989, 0.8286,0
 0.0314, 0.0000,-1.9320, 3.1415,-0.0928,-4.1501,-4.6799, 0.4949, 0.8294,0
 0.0303, 0.0000,-1.9697, 3.1415,-0.1095,-3.8459,-4.6799, 0.4860, 0.8301,0
 0.0289, 0.0000,-2.0043, 3.1415,-0.1310,-3.5337,-4.6799, 0.4764, 0.8308,0
 0.0272, 0.0000,-2.0357, 3.1415,-0.1656,-3.2200,-4.6799, 0.4671, 0.8315,0
 0.0252, 0.0000,-2.0671, 3.1415,-0.1907,-3.1572,-4.6799, 0.4815, 0.8322,0
 0.0232, 0.0000,-2.0954, 3.1415,-0.1958,-2.8934,-4.6799, 0.4769, 0.8330,0
 0.0210, 0.0000,-2.1205, 3.1415,-0.2149,-2.5893,-4.6799, 0.4690, 0.8337,0
 0.0186, 0.0000,-2.1425, 3.1415,-0.2370,-2.2771,-4.6799, 0.4611, 0.8344,0
 0.0162, 0.0000,-2.1645, 3.1415,-0.2414,-2.2147,-4.6799, 0.4704, 0.8351,0
 0.0134, 0.0000,-2.1834, 3.1415,-0.2665,-1.9508,-4.6799, 0.4661, 0.8358,0
 0.0108, 0.0000,-2.1991, 3.1415,-0.2655,-1.6468,-4.6799, 0.4600, 0.8365,0
 0.0078, 0.0000,-2.2148, 3.1415,-0.2895,-1.5860,-4.6799, 0.4663, 0.8373,0
 0.0048, 0.0000,-2.2242, 3.1415,-0.3004,-1.0711,-4.6799, 0.4526, 0.8380,0
 0.0018, 0.0000,-2.2336, 3.1415,-0.3026,-0.9682,-4.6799, 0.4550, 0.8387,0
-0.0013, 0.0000,-2.2430, 3.1415,-0.3151,-0.9476,-4.6799, 0.4597, 0.8394,0
-0.0047, 0.0000,-2.2493, 3.1415,-0.3358,-0.6921,-4.6799, 0.4574, 0.8401,0
-0.0082, 0.0000,-2.2493, 3.1415,-0.3460,-0.1384,-4.6799, 0.4510, 0.8409,0
-0.0117, 0.0000,-2.2525, 3.1415,-0.3481,-0.2790,-4.6799, 0.4535, 0.8416,0
-0.0154, 0.0000,-2.2493, 3.1415,-0.3667, 0.1955, 4.6799, 0.4512, 0.8423,0
-0.0183, 0.0000,-2.2462, 3.1415,-0.3037, 0.2904, 4.6799, 0.4501, 0.8430,0
-0.0212, 0.0000,-2.2399, 3.1415,-0.2972, 0.5607, 4.6799, 0.4498, 0.8437,0
-0.0238, 0.0000,-2.2305, 3.1415,-0.2655, 0.8661, 4.6799, 0.4506, 0.8444,0
-0.0261, 0.0000,-2.2179, 3.1415,-0.2350, 1.1785, 4.6799, 0.4524, 0.8452,0
-0.0278, 0.0000,-2.2022, 3.1415,-0.1803, 1.4923, 4.6799, 0.4550, 0.8459,0
-0.0289, 0.0000,-2.1802, 3.1415,-0.1270, 2.0577, 4.6799, 0.4703, 0.8466,0
-0.0297, 0.0000,-2.1582, 3.1415,-0.0860, 2.1708, 4.6799, 0.4639, 0.8473,0
-0.0300, 0.0000,-2.1299, 3.1415,-0.0414, 2.6961, 4.6799, 0.4827, 0.8480,0
-0.0300, 0.0000,-2.1017, 3.1415,-0.0082, 2.8011, 4.6799, 0.4734, 0.8487,0
-0.0297, 0.0000,-2.0671, 3.1415, 0.0225, 3.3248, 4.6799, 0.4967, 0.8495,0
-0.0292, 0.0000,-2.0326, 3.1415, 0.0408, 3.4295, 4.6799, 0.4846, 0.8502,0
-0.0284, 0.0000,-1.9917, 3.1415, 0.0748, 3.9531, 4.6799, 0.5122, 0.8509,0
-0.0272, 0.0000,-1.9509, 3.1415, 0.1059, 4.0578, 4.6799, 0.4969, 0.8516,0
-0.0260, 0.0000,-1.9069, 3.1415, 0.1181, 4.3301, 4.6799, 0.4993, 0.8523,0
-0.0247, 0.0000,-1.8598, 3.1415, 0.1327, 4.6359, 4.6799, 0.5055, 0.8531,0
-0.0232, 0.0000,-1.8095, 3.1415, 0.1417, 4.9484, 4.6799, 0.5126, 0.8538,0
-0.0216, 0.0000,-1.7561, 3.1415, 0.1556, 5.2622, 4.6799, 0.5200, 0.8545,0
-0.0200, 0.0000,-1.6996, 3.1415, 0.1645, 5.5763, 4.6799, 0.5275, 0.8552,0
-0.0184, 0.0000,-1.6367, 3.1415, 0.1602, 6.1418, 4.6799, 0.5754, 0.8559,0
-0.0166, 0.0000,-1.5770, 3.1415, 0.1715, 6.0035, 4.6799, 0.5091, 0.8566,0
-0.0149, 0.0000,-1.5079, 3.1415, 0.1737, 6.7299,-4.6799, 0.5889, 0.8574,0
-0.0142, 0.0000,-1.4419, 3.1415, 0.0893, 6.6238,-4.6799, 0.5220, 0.8581,0
-0.0134, 0.0000,-1.3697, 3.1415, 0.0784, 7.1052,-4.6799, 0.5633, 0.8588,0
-0.0131, 0.0000,-1.2943, 3.1415, 0.0460, 7.4529,-4.6799, 0.5816, 0.8595,0
-0.0135, 0.0000,-1.2126, 3.1415,-0.0271, 8.0250,-4.6799, 0.6499, 0.8602,0
-0.0145, 0.0000,-1.1309, 3.1415,-0.0842, 8.1395,-4.6799, 0.6217, 0.8610,0
-0.0160, 0.0000,-1.0461, 3.1415,-0.1381, 8.4137,-4.6799, 0.6313, 0.8617,0
-0.0183, 0.0000,-0.9550, 3.1415,-0.2095, 8.9712,-4.6799, 0.7120, 0.8624,0
-0.0211, 0.0000,-0.8639, 3.1415,-0.2662, 9.0827,-4.6799, 0.6885, 0.8631,0
-0.0243, 0.0000,-0.7665, 3.1415,-0.3079, 9.6077,-4.6799, 0.7750, 0.8638,0
-0.0284, 0.0000,-0.6660, 3.1415,-0.3890, 9.9640,-4.6799, 0.8253, 0.8645,0
-0.0328, 0.0000,-0.5623, 3.1415,-0.4355, 10.2866, 4.6799, 0.8738, 0.8653,0
-0.0369, 0.0000,-0.4586, 3.1415,-0.4084, 10.3511,-1.8445, 0.8561, 0.8660,0
-0.0420, 0.0000,-0.3518, 3.1415,-0.4940, 10.6153, 4.6799, 0.9035, 0.8667,0
-0.0467, 0.0000,-0.2419, 3.1415,-0.4747, 10.9195, 4.6799, 0.9721, 0.8674,0
-0.0516, 0.0000,-0.1319, 3.1415,-0.4890, 10.9803, 4.6799, 0.9761, 0.8681,0
-0.0561, 0.0000,-0.0251, 3.1415,-0.4555, 10.7412, 4.6799, 0.8973, 0.8689,0
-0.0600, 0.0000, 0.0816, 3.1415,-0.4003, 10.6933, 4.6799, 0.8851, 0.8696,0
-0.0635, 0.0000, 0.1853, 3.1415,-0.3589, 10.4324,-4.6799, 0.8179, 0.8703,0
-0.0672, 0.0000, 0.2890, 3.1415,-0.3689, 10.3803,-4.6799, 0.8202, 0.8710,0
-0.0705, 0.0000, 0.3895, 3.1415,-0.3405, 10.1185,-4.6799, 0.7690, 0.8717,0
-0.0733, 0.0000, 0.4900, 3.1415,-0.2924, 10.0661,-4.6799, 0.7850, 0.8724,0
-0.0764, 0.0000, 0.5874, 3.1415,-0.3070, 9.8043,-4.6799, 0.7480, 0.8732,0
-0.0791, 0.0000, 0.6848, 3.1415,-0.2736, 9.7520,-4.6799, 0.7752, 0.8739,0
-0.0817, 0.0000, 0.7791, 3.1415,-0.2608, 9.4902,-4.6799, 0.7499, 0.8746,0
-0.0839, 0.0000, 0.8702, 3.1415,-0.2340, 9.1865,-4.6799, 0.7185, 0.8753,0
-0.0859, 0.0000, 0.9581, 3.1415,-0.2044, 8.8744,-4.6799, 0.6896, 0.8760,0
-0.0879, 0.0000, 1.0461, 3.1415,-0.2046, 8.8120,-4.6799, 0.7274, 0.8768,0
-0.0898, 0.0000, 1.1278, 3.1415,-0.1864, 8.2969,-4.6799, 0.6559, 0.8775,0
-0.0914, 0.0000, 1.2063, 3.1415,-0.1646, 7.9425,-4.6799, 0.6272, 0.8782,0
-0.0929, 0.0000, 1.2849, 3.1415,-0.1541, 7.8717,-4.6799, 0.6649, 0.8789,0
-0.0942, 0.0000, 1.3603, 3.1415,-0.1339, 7.6061,-4.6799, 0.6599, 0.8796,0
-0.0957, 0.0000, 1.4294, 3.1415,-0.1480, 7.0504,-4.6799, 0.5947, 0.8803,0
-0.0970, 0.0000, 1.4985, 3.1415,-0.1326, 6.9392,-4.6799, 0.6223, 0.8811,0
-0.0982, 0.0000, 1.5645, 3.1415,-0.1235, 6.6657, 0.9389, 0.6175, 0.8818,0
-0.0989, 0.0000, 1.6242, 3.1415,-0.0853, 6.1083, 4.6799, 0.5607, 0.8825,0
-0.0994, 0.0000, 1.6838, 3.1415,-0.0534, 5.9968, 4.6799, 0.5845, 0.8832,0
-0.0995, 0.0000, 1.7404, 3.1415,-0.0228, 5.7232, 4.6799, 0.5798, 0.8839,0
-0.0994, 0.0000, 1.7938, 3.1415, 0.0075, 5.4172, 4.6799, 0.5696, 0.8847,0
-0.0989, 0.0000, 1.8441, 3.1415, 0.0439, 5.1046, 4.6799, 0.5586, 0.8854,0
-0.0982, 0.0000, 1.8943, 3.1415, 0.0633, 5.0421, 4.6799, 0.5842, 0.8861,0
-0.0973, 0.0000, 1.9383, 3.1415, 0.0854, 4.5270, 4.6799, 0.5449, 0.8868,0
-0.0961, 0.0000, 1.9823, 3.1415, 0.1141, 4.4239, 4.6799, 0.5612, 0.8875,0
-0.0946, 0.0000, 2.0200, 3.1415, 0.1380, 3.9007, 4.6799, 0.5248, 0.8882,0
-0.0930, 0.0000, 2.0577, 3.1415, 0.1549, 3.7960, 4.6799, 0.5377, 0.8890,0
-0.0914, 0.0000, 2.0954, 3.1415, 0.1643, 3.7751, 4.6799, 0.5592, 0.8897,0
-0.0895, 0.0000, 2.1268, 3.1415, 0.1783, 3.2683, 4.6799, 0.5285, 0.8904,0
-0.0874, 0.0000, 2.1582, 3.1415, 0.2054, 3.1669, 4.6799, 0.5384, 0.8911,0
-0.0852, 0.0000, 2.1865, 3.1415, 0.2169, 2.8953, 4.6799, 0.5321, 0.8918,0
-0.0827, 0.0000, 2.2116, 3.1415, 0.2434, 2.5896, 4.6799, 0.5232, 0.8926,0
-0.0801, 0.0000, 2.2368, 3.1415, 0.2548, 2.5285, 4.6799, 0.5331, 0.8933,0
-0.0775, 0.0000, 2.2588, 3.1415, 0.2631, 2.2649, 4.6799, 0.5278, 0.8940,0
-0.0747, 0.0000, 2.2807, 3.1415, 0.2769, 2.2122, 4.6799, 0.5365, 0.8947,0
-0.0718, 0.0000, 2.2996, 3.1415, 0.2858, 1.9504, 4.6799, 0.5315, 0.8954,0
-0.0688, 0.0000, 2.3153, 3.1415, 0.2996, 1.6467, 4.6799, 0.5245, 0.8961,0
-0.0657, 0.0000, 2.3279, 3.1415, 0.3085, 1.3346, 4.6799, 0.5181, 0.8969,0
-0.0624, 0.0000, 2.3404, 3.1415, 0.3224, 1.2722, 4.6799, 0.5223, 0.8976,0
-0.0590, 0.0000, 2.3499, 3.1415, 0.3373, 1.0084, 4.6799, 0.5188, 0.8983,0
-0.0555, 0.0000, 2.3593, 3.1415, 0.3463, 0.9556, 4.6799, 0.5221, 0.8990,0
-0.0520, 0.0000, 2.3656, 3.1415, 0.3481, 0.6937, 4.6799, 0.5192, 0.8997,0
-0.0485, 0.0000, 2.3687, 3.1415, 0.3546, 0.3900, 4.6799, 0.5162, 0.9005,0
-0.0447, 0.0000, 2.3719, 3.1415, 0.3740, 0.3293, 4.6799, 0.5171, 0.9012,0
-0.0408, 0.0000, 2.3719, 3.1415, 0.3840, 0.0658, 3.7820, 0.5157, 0.9019,0
-0.0369, 0.0000, 2.3719, 3.1415, 0.3860, 0.0131,-0.0865, 0.5156, 0.9026,0
-0.0335, 0.0000, 2.3687, 3.1415, 0.3561,-0.2486,-4.6799, 0.5149, 0.9033,0
-0.0303, 0.0000, 2.3624, 3.1415, 0.3258,-0.5523,-4.6799, 0.5152, 0.9040,0
-0.0272, 0.0000, 2.3530, 3.1415, 0.3137,-0.8644,-4.6799, 0.5166, 0.9048,0
-0.0245, 0.0000, 2.3404, 3.1415, 0.2749,-1.1782,-4.6799, 0.5191, 0.9055,0
-0.0225, 0.0000, 2.3247, 3.1415, 0.2187,-1.4922,-4.6799, 0.5227, 0.9062,0
-0.0207, 0.0000, 2.3059, 3.1415, 0.1831,-1.8064,-4.6799, 0.5272, 0.9069,0
-0.0194, 0.0000, 2.2839, 3.1415, 0.1397,-2.1205,-4.6799, 0.5327, 0.9076,0
-0.0184, 0.0000, 2.2588, 3.1415, 0.1067,-2.4347,-4.6799, 0.5389, 0.9084,0
-0.0179, 0.0000, 2.2305, 3.1415, 0.0637,-2.7488,-4.6799, 0.5459, 0.9091,0
-0.0178, 0.0000, 2.1991, 3.1415, 0.0248,-3.0630,-4.6799, 0.5534, 0.9098,0
-0.0178, 0.0000, 2.1645, 3.1415,-0.0010,-3.3771,-4.6799, 0.5614, 0.9105,0
-0.0183, 0.0000, 2.1268, 3.1415,-0.0365,-3.6913,-4.6799, 0.5698, 0.9112,0
-0.0190, 0.0000, 2.0860, 3.1415,-0.0618,-4.0055,-4.6799, 0.5784, 0.9119,0
-0.0199, 0.0000, 2.0420, 3.1415,-0.0851,-4.3197,-4.6799, 0.5872, 0.9127,0
-0.0209, 0.0000, 1.9980, 3.1415,-0.1019,-4.3825,-4.6799, 0.5664, 0.9134,0
-0.0221, 0.0000, 1.9477, 3.1415,-0.1113,-4.8977,-4.6799, 0.6001, 0.9141,0
-0.0233, 0.0000, 1.8975, 3.1415,-0.1192,-5.0007,-4.6799, 0.5805, 0.9148,0
-0.0247, 0.0000, 1.8409, 3.1415,-0.1329,-5.5240,-4.6799, 0.6188, 0.9155,0
-0.0262, 0.0000, 1.7844, 3.1415,-0.1478,-5.6286,-4.6799, 0.5957, 0.9163,0
-0.0277, 0.0000, 1.7247, 3.1415,-0.1508,-5.9009,-4.6799, 0.5976, 0.9170,0
-0.0293, 0.0000, 1.6587, 3.1415,-0.1574,-6.4580,-4.6799, 0.6469, 0.9177,0
-0.0309, 0.0000, 1.5927, 3.1415,-0.1588,-6.5694,-4.6799, 0.6200, 0.9184,0
-0.0325, 0.0000, 1.5236, 3.1415,-0.1651,-6.8430, 4.6799, 0.6217, 0.9191,0
-0.0331, 0.0000, 1.4514, 3.1415,-0.0754,-7.1491, 4.6799, 0.6300, 0.9198,0
-0.0338, 0.0000, 1.3728, 3.1415,-0.0757,-7.7130, 4.6799, 0.6916, 0.9206,0
-0.0340, 0.0000, 1.2943, 3.1415,-0.0272,-7.8257, 4.6799, 0.6613, 0.9213,0
-0.0336, 0.0000, 1.2126, 3.1415, 0.0248,-8.0996, 4.6799, 0.6667, 0.9220,0
-0.0328, 0.0000, 1.1246, 3.1415, 0.0716,-8.6571, 4.6799, 0.7394, 0.9227,0
-0.0312, 0.0000, 1.0367, 3.1415, 0.1416,-8.7685, 4.6799, 0.7108, 0.9234,0
-0.0288, 0.0000, 0.9424, 3.1415, 0.2162,-9.2935, 4.6799, 0.7870, 0.9242,0
-0.0261, 0.0000, 0.8450, 3.1415, 0.2615,-9.6498, 4.6799, 0.8271, 0.9249,0
-0.0228, 0.0000, 0.7445, 3.1415, 0.3130,-9.9724, 4.6799, 0.8642, 0.9256,0
-0.0187, 0.0000, 0.6408, 3.1415, 0.3900,-10.2882, 4.6799, 0.9062, 0.9263,0
-0.0142, 0.0000, 0.5340, 3.1415, 0.4418,-10.6027,-4.6799, 0.9557, 0.9270,0
-0.0100, 0.0000, 0.4241, 3.1415, 0.4279,-10.9170,-4.6799, 1.0140, 0.9277,0
-0.0053, 0.0000, 0.3141, 3.1415, 0.4615,-10.9798,-4.6799, 1.0048, 0.9285,0
-0.0006, 0.0000, 0.2042, 3.1415, 0.4682,-10.9924,-4.6799, 0.9884, 0.9292,0
 0.0038, 0.0000, 0.0911, 3.1415, 0.4513,-11.2462,-4.6799, 1.0555, 0.9299,0
 0.0079, 0.0000,-0.0188, 3.1415, 0.4176,-11.0457,-4.6799, 0.9901, 0.9306,0
 0.0114, 0.0000,-0.1256, 3.1415, 0.3624,-10.7542, 4.6799, 0.9067, 0.9313,0
 0.0154, 0.0000,-0.2324, 3.1415, 0.3938,-10.6959, 4.6799, 0.9028, 0.9321,0
 0.0188, 0.0000,-0.3392, 3.1415, 0.3516,-10.6843, 4.6799, 0.9210, 0.9328,0
 0.0221, 0.0000,-0.4429, 3.1415, 0.3310,-10.4306, 4.6799, 0.8743, 0.9335,0
 0.0250, 0.0000,-0.5466, 3.1415, 0.3026,-10.3799, 4.6799, 0.8949, 0.9342,0
 0.0278, 0.0000,-0.6471, 3.1415, 0.2788,-10.1184, 4.6799, 0.8604, 0.9349,0
 0.0306, 0.0000,-0.7476, 3.1415, 0.2801,-10.0661, 4.6799, 0.8920, 0.9356,0
 0.0331, 0.0000,-0.8419, 3.1415, 0.2621,-9.5530, 4.6799, 0.7993, 0.9364,0
 0.0353, 0.0000,-0.9361, 3.1415, 0.2222,-9.4504, 4.6799, 0.8246, 0.9371,0
 0.0372, 0.0000,-1.0273, 3.1415, 0.2020,-9.1785, 4.6799, 0.8081, 0.9378,0
 0.0390, 0.0000,-1.1152, 3.1415, 0.1798,-8.8728, 4.6799, 0.7862, 0.9385,0
 0.0407, 0.0000,-1.2000, 3.1415, 0.1693,-8.5604, 4.6799, 0.7657, 0.9392,0
 0.0419, 0.0000,-1.2817, 3.1415, 0.1308,-8.2466, 4.6799, 0.7474, 0.9400,0
 0.0430, 0.0000,-1.3603, 3.1415, 0.1171,-7.9324, 4.6799, 0.7309, 0.9407,0
 0.0442, 0.0000,-1.4357, 3.1415, 0.1204,-7.6183, 4.6799, 0.7158, 0.9414,0
 0.0452, 0.0000,-1.5079, 3.1415, 0.1029,-7.3042, 4.6799, 0.7018, 0.9421,0
 0.0462, 0.0000,-1.5770, 3.1415, 0.0994,-6.9900,-0.3970, 0.6885, 0.9428,0
 0.0461, 0.0000,-1.6430, 3.1415, 0.0138,-6.6758,-4.6799, 0.6757, 0.9435,0
 0.0464, 0.0000,-1.7090, 3.1415, 0.0270,-6.6130,-4.6799, 0.7111, 0.9443,0
 0.0463, 0.0000,-1.7687, 3.1415,-0.0067,-6.0978,-4.6799, 0.6617, 0.9450,0
 0.0458, 0.0000,-1.8252, 3.1415,-0.0377,-5.7434,-4.6799, 0.6425, 0.9457,0
 0.0448, 0.0000,-1.8818, 3.1415,-0.0863,-5.6725,-4.6799, 0.6702, 0.9464,0
 0.0435, 0.0000,-1.9352, 3.1415,-0.1203,-5.4070,-4.6799, 0.6652, 0.9471,0
 0.0420, 0.0000,-1.9854, 3.1415,-0.1453,-5.1026,-4.6799, 0.6538, 0.9478,0
 0.0403, 0.0000,-2.0326, 3.1415,-0.1685,-4.7904,-4.6799, 0.6412, 0.9486,0
 0.0383, 0.0000,-2.0797, 3.1415,-0.1913,-4.7279,-4.6799, 0.6628, 0.9493,0
 0.0359, 0.0000,-2.1205, 3.1415,-0.2322,-4.2128,-4.6799, 0.6236, 0.9500,0
 0.0335, 0.0000,-2.1614, 3.1415,-0.2404,-4.1098,-4.6799, 0.6363, 0.9507,0
 0.0309, 0.0000,-2.2022, 3.1415,-0.2542,-4.0892,-4.6799, 0.6580, 0.9514,0
 0.0281, 0.0000,-2.2368, 3.1415,-0.2691,-3.5824,-4.6799, 0.6233, 0.9522,0
 0.0251, 0.0000,-2.2713, 3.1415,-0.2963,-3.4810,-4.6799, 0.6325, 0.9529,0
 0.0219, 0.0000,-2.3059, 3.1415,-0.3139,-3.4608,-4.6799, 0.6492, 0.9536,0
 0.0187, 0.0000,-2.3373, 3.1415,-0.3174,-3.2054,-4.6799, 0.6419, 0.9543,0
 0.0153, 0.0000,-2.3656, 3.1415,-0.3424,-2.9030,-4.6799, 0.6305, 0.9550,0
 0.0117, 0.0000,-2.3907, 3.1415,-0.3534,-2.5912,-4.6799, 0.6190, 0.9557,0
 0.0079, 0.0000,-2.4158, 3.1415,-0.3738,-2.5288,-4.6799, 0.6266, 0.9565,0
 0.0041, 0.0000,-2.4410, 3.1415,-0.3779,-2.5164,-4.6799, 0.6376, 0.9572,0
 0.0002, 0.0000,-2.4630, 3.1415,-0.3908,-2.2625,-4.6799, 0.6306, 0.9579,0
-0.0038, 0.0000,-2.4818, 3.1415,-0.4055,-1.9604,-4.6799, 0.6212, 0.9586,0
-0.0080, 0.0000,-2.5007, 3.1415,-0.4146,-1.9000,-4.6799, 0.6261, 0.9593,0
-0.0123, 0.0000,-2.5195, 3.1415,-0.4285,-1.8879,-4.6799, 0.6334, 0.9601,0
-0.0167, 0.0000,-2.5352, 3.1415,-0.4373,-1.6342,-4.6799, 0.6274, 0.9608,0
-0.0212, 0.0000,-2.5478, 3.1415,-0.4512,-1.3321,-4.6799, 0.6200, 0.9615,0
-0.0259, 0.0000,-2.5603, 3.1415,-0.4661,-1.2717,-4.6799, 0.6228, 0.9622,0
-0.0306, 0.0000,-2.5729, 3.1415,-0.4691,-1.2596,-4.6799, 0.6273, 0.9629,0
-0.0354, 0.0000,-2.5823, 3.1415,-0.4758,-1.0059,-4.6799, 0.6228, 0.9636,0
-0.0403, 0.0000,-2.5918, 3.1415,-0.4892,-0.9551,-4.6799, 0.6250, 0.9644,0
-0.0453, 0.0000,-2.5980, 3.1415,-0.4980,-0.6936,-4.6799, 0.6213, 0.9651,0
-0.0505, 0.0000,-2.6043, 3.1415,-0.5119,-0.6413,-4.6799, 0.6226, 0.9658,0
-0.0557, 0.0000,-2.6106, 3.1415,-0.5207,-0.6309,-4.6799, 0.6248, 0.9665,0
-0.0611, 0.0000,-2.6138, 3.1415,-0.5346,-0.3775,-4.6799, 0.6223, 0.9672,0
-0.0666, 0.0000,-2.6169, 3.1415,-0.5434,-0.3268,-4.6799, 0.6230, 0.9680,0
-0.0720, 0.0000,-2.6169, 3.1415,-0.5452,-0.0653, 4.6799, 0.6215, 0.9687,0
-0.0767, 0.0000,-2.6169, 3.1415,-0.4789,-0.0130, 4.6799, 0.6215, 0.9694,0
-0.0816, 0.0000,-2.6138, 3.1415,-0.4899, 0.2486, 4.6799, 0.6212, 0.9701,0
-0.0860, 0.0000,-2.6075, 3.1415,-0.4496, 0.5524, 4.6799, 0.6223, 0.9708,0
-0.0898, 0.0000,-2.5980, 3.1415,-0.3991, 0.8644, 4.6799, 0.6250, 0.9715,0
-0.0933, 0.0000,-2.5855, 3.1415,-0.3587, 1.1782, 4.6799, 0.6293, 0.9723,0
-0.0961, 0.0000,-2.5729, 3.1415,-0.2900, 1.2409, 4.6799, 0.6266, 0.9730,0
-0.0984, 0.0000,-2.5541, 3.1415,-0.2459, 1.7561, 4.6799, 0.6408, 0.9737,0
-0.1004, 0.0000,-2.5321, 3.1415,-0.2068, 2.1105, 4.6799, 0.6511, 0.9744,0
-0.1019, 0.0000,-2.5101, 3.1415,-0.1626, 2.1813, 4.6799, 0.6462, 0.9751,0
-0.1029, 0.0000,-2.4818, 3.1415,-0.1113, 2.6982, 4.6799, 0.6693, 0.9759,0
-0.1033, 0.0000,-2.4504, 3.1415,-0.0525, 3.0529, 4.6799, 0.6837, 0.9766,0
-0.1034, 0.0000,-2.4190, 3.1415,-0.0226, 3.1238, 4.6799, 0.6752, 0.9773,0
-0.1030, 0.0000,-2.3813, 3.1415, 0.0318, 3.6406, 4.6799, 0.7059, 0.9780,0
-0.1023, 0.0000,-2.3436, 3.1415, 0.0609, 3.7440, 4.6799, 0.6976, 0.9787,0
-0.1013, 0.0000,-2.2996, 3.1415, 0.0910, 4.2673, 4.6799, 0.7332, 0.9794,0
-0.1000, 0.0000,-2.2556, 3.1415, 0.1212, 4.3720, 4.6799, 0.7218, 0.9802,0
-0.0985, 0.0000,-2.2085, 3.1415, 0.1455, 4.6443, 4.6799, 0.7295, 0.9809,0
-0.0969, 0.0000,-2.1582, 3.1415, 0.1564, 4.9501, 4.6799, 0.7410, 0.9816,0
-0.0951, 0.0000,-2.1080, 3.1415, 0.1768, 5.0112, 4.6799, 0.7190, 0.9823,0
-0.0932, 0.0000,-2.0514, 3.1415, 0.1808, 5.5261, 4.6799, 0.7595, 0.9830,0
-0.0914, 0.0000,-1.9949, 3.1415, 0.1877, 5.6291, 4.6799, 0.7391, 0.9838,0
-0.0894, 0.0000,-1.9320, 3.1415, 0.1951, 6.1523, 4.6799, 0.7837, 0.9845,0
-0.0873, 0.0000,-1.8692, 3.1415, 0.2088, 6.2570, 4.6799, 0.7592, 0.9852,0
-0.0851, 0.0000,-1.8032, 3.1415, 0.2115, 6.5292, 4.6799, 0.7622, 0.9859,0
-0.0829, 0.0000,-1.7310, 3.1415, 0.2181, 7.0863, 4.6799, 0.8175, 0.9866,0
-0.0808, 0.0000,-1.6587, 3.1415, 0.2134, 7.1978, 4.6799, 0.7884, 0.9873,0
-0.0788, 0.0000,-1.5833, 3.1415, 0.2063, 7.4714, 4.6799, 0.7905, 0.9881,0
-0.0767, 0.0000,-1.5048, 3.1415, 0.2049, 7.7774,-4.6799, 0.7995, 0.9888,0
-0.0756, 0.0000,-1.4231, 3.1415, 0.1319, 8.0900,-4.6799, 0.8106, 0.9895,0
-0.0748, 0.0000,-1.3383, 3.1415, 0.0930, 8.4038,-4.6799, 0.8233, 0.9902,0
-0.0742, 0.0000,-1.2503, 3.1415, 0.0610, 8.7179,-4.6799, 0.8378, 0.9909,0
-0.0747, 0.0000,-1.1561, 3.1415,-0.0241, 9.2834,-4.6799, 0.9172, 0.9917,0
-0.0757, 0.0000,-1.0618, 3.1415,-0.0836, 9.3965,-4.6799, 0.8862, 0.9924,0
-0.0774, 0.0000,-0.9613, 3.1415,-0.1561, 9.9217,-4.6799, 0.9671, 0.9931,0
-0.0799, 0.0000,-0.8576, 3.1415,-0.2313, 10.2781, 4.6799, 1.0091, 0.9938,0
-0.0818, 0.0000,-0.7539, 3.1415,-0.1978, 10.3494,-4.6799, 0.9760, 0.9945,0
-0.0853, 0.0000,-0.6440, 3.1415,-0.3184, 10.8663, 4.6799, 1.0788, 0.9952,0
-0.0886, 0.0000,-0.5309, 3.1415,-0.3244, 11.2210, 4.6799, 1.1435, 0.9960,0
-0.0920, 0.0000,-0.4178, 3.1415,-0.3377, 11.2919, 4.6799, 1.1288, 0.9967,0
-0.0953, 0.0000,-0.3047, 3.1415,-0.3343, 11.3061, 4.6799, 1.1046, 0.9974,0
-0.0988, 0.0000,-0.1916, 3.1415,-0.3457, 11.3090, 4.6799, 1.0855, 0.9981,0
-0.1019, 0.0000,-0.0753, 3.1415,-0.3177, 11.5609, 4.6799, 1.1551, 0.9988,0
-0.1042, 0.0000, 0.0376, 3.1415,-0.2515, 11.3599, 4.6799, 1.0891, 0.9996,0
-0.1062, 0.0000, 0.1476, 3.1415,-0.2079, 11.0684, 4.6799, 1.0048, 1.0003,0
-0.1078, 0.0000, 0.2576, 3.1415,-0.1689, 11.0101, 4.6799, 1.0027, 1.0010,0
-0.1086, 0.0000, 0.3644, 3.1415,-0.1004, 10.7471,-4.6799, 0.9460, 1.0017,0
-0.1095, 0.0000, 0.4680, 3.1415,-0.0867, 10.4432,-4.6799, 0.8860, 1.0024,0
-0.1099, 0.0000, 0.5686, 3.1415,-0.0537, 10.1311,-4.6799, 0.8318, 1.0031,0
-0.1102, 0.0000, 0.6691, 3.1415,-0.0289, 10.0687,-4.6799, 0.8560, 1.0039,0
-0.1102, 0.0000, 0.7665, 3.1415,-0.0057, 9.8048,-4.6799, 0.8286, 1.0046,0
-0.1102, 0.0000, 0.8639, 3.1415,-0.0011, 9.7521,-4.6799, 0.8650, 1.0053,0
-0.1099, 0.0000, 0.9550, 3.1415, 0.0179, 9.2389,-4.6799, 0.7802, 1.0060,0
-0.1098, 0.0000, 1.0461, 3.1415, 0.0157, 9.1362,-4.6799, 0.8089, 1.0067,0
-0.1095, 0.0000, 1.1341, 3.1415, 0.0273, 8.8644,-4.6799, 0.7963, 1.0075,0
-0.1092, 0.0000, 1.2189, 3.1415, 0.0297, 8.5587,-4.6799, 0.7780, 1.0082,0
-0.1089, 0.0000, 1.3006, 3.1415, 0.0302, 8.2462,-4.6799, 0.7603, 1.0089,0
-0.1086, 0.0000, 1.3791, 3.1415, 0.0302, 7.9324,-4.6799, 0.7441, 1.0096,0
-0.1083, 0.0000, 1.4576, 3.1415, 0.0242, 7.8696,-4.6799, 0.7860, 1.0103,0
-0.1082, 0.0000, 1.5299, 3.1415, 0.0169, 7.3544,-4.6799, 0.7279, 1.0110,0
-0.1082, 0.0000, 1.5990, 3.1415, 0.0033, 7.0000, 4.6799, 0.7063, 1.0118,0
-0.1076, 0.0000, 1.6681, 3.1415, 0.0491, 6.9292, 4.6799, 0.7420, 1.0125,0
-0.1067, 0.0000, 1.7310, 3.1415, 0.0825, 6.4123, 4.6799, 0.6902, 1.0132,0
-0.1059, 0.0000, 1.7938, 3.1415, 0.0771, 6.3090, 4.6799, 0.7160, 1.0139,0
-0.1047, 0.0000, 1.8535, 3.1415, 0.1124, 6.0370, 4.6799, 0.7105, 1.0146,0
-0.1032, 0.0000, 1.9100, 3.1415, 0.1437, 5.7313, 4.6799, 0.6988, 1.0154,0
-0.1014, 0.0000, 1.9603, 3.1415, 0.1742, 5.1675, 4.6799, 0.6465, 1.0161,0
-0.0992, 0.0000, 2.0137, 3.1415, 0.2106, 5.3060, 4.6799, 0.7019, 1.0168,0
-0.0967, 0.0000, 2.0608, 3.1415, 0.2361, 4.8311, 4.6799, 0.6647, 1.0175,0
-0.0942, 0.0000, 2.1080, 3.1415, 0.2473, 4.7361, 4.6799, 0.6815, 1.0182,0
-0.0914, 0.0000, 2.1519, 3.1415, 0.2738, 4.4658, 4.6799, 0.6734, 1.0189,0
-0.0885, 0.0000, 2.1928, 3.1415, 0.2912, 4.1604, 4.6799, 0.6607, 1.0197,0
-0.0854, 0.0000, 2.2336, 3.1415, 0.3068, 4.0993, 4.6799, 0.6771, 1.0204,0
-0.0821, 0.0000, 2.2713, 3.1415, 0.3220, 3.8357, 4.6799, 0.6689, 1.0211,0
-0.0785, 0.0000, 2.3059, 3.1415, 0.3493, 3.5317, 4.6799, 0.6562, 1.0218,0
-0.0749, 0.0000, 2.3404, 3.1415, 0.3609, 3.4709, 4.6799, 0.6683, 1.0225,0
-0.0713, 0.0000, 2.3719, 3.1415, 0.3632, 3.2074, 4.6799, 0.6597, 1.0233,0
-0.0674, 0.0000, 2.4033, 3.1415, 0.3818, 3.1547, 4.6799, 0.6704, 1.0240,0
-0.0633, 0.0000, 2.4315, 3.1415, 0.4037, 2.8928, 4.6799, 0.6617, 1.0247,0
-0.0593, 0.0000, 2.4598, 3.1415, 0.4021, 2.8405, 4.6799, 0.6705, 1.0254,0
-0.0551, 0.0000, 2.4849, 3.1415, 0.4139, 2.5787, 4.6799, 0.6618, 1.0261,0
-0.0508, 0.0000, 2.5069, 3.1415, 0.4283, 2.2750, 4.6799, 0.6507, 1.0268,0
-0.0463, 0.0000, 2.5289, 3.1415, 0.4434, 2.2142, 4.6799, 0.6561, 1.0276,0
-0.0419, 0.0000, 2.5509, 3.1415, 0.4464, 2.2021, 4.6799, 0.6643, 1.0283,0
-0.0372, 0.0000, 2.5698, 3.1415, 0.4591, 1.9484, 4.6799, 0.6570, 1.0290,0
-0.0326, 0.0000, 2.5886, 3.1415, 0.4616, 1.8976, 4.6799, 0.6615, 1.0297,0
-0.0278, 0.0000, 2.6043, 3.1415, 0.4743, 1.6361, 4.6799, 0.6544, 1.0304,0
-0.0229, 0.0000, 2.6200, 3.1415, 0.4889, 1.5838, 4.6799, 0.6577, 1.0312,0
-0.0179, 0.0000, 2.6326, 3.1415, 0.4979, 1.3220, 4.6799, 0.6515, 1.0319,0
-0.0129, 0.0000, 2.6452, 3.1415, 0.4997, 1.2697, 4.6799, 0.6540, 1.0326,0
-0.0078, 0.0000, 2.6577, 3.1415, 0.5122, 1.2592, 4.6799, 0.6578, 1.0333,0
-0.0025, 0.0000, 2.6672, 3.1415, 0.5208, 1.0058, 4.6799, 0.6529, 1.0340,0
 0.0027, 0.0000, 2.6766, 3.1415, 0.5286, 0.9551, 4.6799, 0.6546, 1.0347,0
 0.0079, 0.0000, 2.6829, 3.1415, 0.5240, 0.6936, 4.6799, 0.6506, 1.0355,0
 0.0133, 0.0000, 2.6892, 3.1415, 0.5353, 0.6414, 4.6799, 0.6516, 1.0362,0
 0.0188, 0.0000, 2.6954, 3.1415, 0.5496, 0.6309, 4.6799, 0.6533, 1.0369,0
 0.0245, 0.0000, 2.7017, 3.1415, 0.5646, 0.6288, 4.6799, 0.6552, 1.0376,0
 0.0302, 0.0000, 2.7049, 3.1415, 0.5676, 0.3770, 4.6799, 0.6526, 1.0383,0
 0.0360, 0.0000, 2.7080, 3.1415, 0.5743, 0.3267, 4.6799, 0.6531, 1.0391,0
 0.0419, 0.0000, 2.7080, 3.1415, 0.5878, 0.0653,-2.6385, 0.6517, 1.0398,0
 0.0471, 0.0000, 2.7080, 3.1415, 0.5359, 0.0130,-4.6799, 0.6516, 1.0405,0
 0.0522, 0.0000, 2.7080, 3.1415, 0.5194, 0.0026,-4.6799, 0.6516, 1.0412,0
 0.0572, 0.0000, 2.7017, 3.1415, 0.5040,-0.5021,-4.6799, 0.6532, 1.0419,0
 0.0616, 0.0000, 2.6954, 3.1415, 0.4524,-0.6030,-4.6799, 0.6529, 1.0426,0
 0.0655, 0.0000, 2.6829, 3.1415, 0.3997,-1.1259,-4.6799, 0.6616, 1.0434,0
 0.0691, 0.0000, 2.6703, 3.1415, 0.3649,-1.2304,-4.6799, 0.6610, 1.0441,0
 0.0720, 0.0000, 2.6546, 3.1415, 0.3033,-1.5027,-4.6799, 0.6662, 1.0448,0
 0.0745, 0.0000, 2.6357, 3.1415, 0.2668,-1.8085,-4.6799, 0.6739, 1.0455,0
 0.0767, 0.0000, 2.6169, 3.1415, 0.2292,-1.8696,-4.6799, 0.6704, 1.0462,0
 0.0782, 0.0000, 2.5918, 3.1415, 0.1610,-2.3845,-4.6799, 0.6918, 1.0469,0
 0.0794, 0.0000, 2.5666, 3.1415, 0.1292,-2.4875,-4.6799, 0.6892, 1.0477,0
 0.0803, 0.0000, 2.5352, 3.1415, 0.0986,-3.0107,-4.6799, 0.7169, 1.0484,0
 0.0806, 0.0000, 2.5038, 3.1415, 0.0439,-3.1154,-4.6799, 0.7128, 1.0491,0
 0.0806, 0.0000, 2.4692, 3.1415, 0.0087,-3.3876,-4.6799, 0.7224, 1.0498,0
 0.0802, 0.0000, 2.4315, 3.1415,-0.0285,-3.6934,-4.6799, 0.7355, 1.0505,0
 0.0795, 0.0000, 2.3907, 3.1415,-0.0602,-4.0059,-4.6799, 0.7496, 1.0513,0
 0.0787, 0.0000, 2.3499, 3.1415,-0.0787,-4.0684,-4.6799, 0.7362, 1.0520,0
 0.0776, 0.0000, 2.3027, 3.1415,-0.1067,-4.5836,-4.6799, 0.7740, 1.0527,0
 0.0761, 0.0000, 2.2556, 3.1415,-0.1365,-4.6866,-4.6799, 0.7617, 1.0534,0
 0.0745, 0.0000, 2.2053, 3.1415,-0.1546,-4.9585,-4.6799, 0.7699, 1.0541,0
 0.0729, 0.0000, 2.1519, 3.1415,-0.1643,-5.2642,-4.6799, 0.7822, 1.0548,0
 0.0711, 0.0000, 2.0954, 3.1415,-0.1723,-5.5767,-4.6799, 0.7951, 1.0556,0
 0.0691, 0.0000, 2.0357, 3.1415,-0.1981,-5.8905,-4.6799, 0.8077, 1.0563,0
 0.0670, 0.0000, 1.9729, 3.1415,-0.2033,-6.2046,-4.6799, 0.8200, 1.0570,0
 0.0649, 0.0000, 1.9100, 3.1415,-0.2104,-6.2674,-4.6799, 0.7889, 1.0577,0
 0.0626, 0.0000, 1.8409, 3.1415,-0.2239,-6.7826,-4.6799, 0.8357, 1.0584,0
 0.0603, 0.0000, 1.7718, 3.1415,-0.2327,-6.8857,-4.6799, 0.8071, 1.0592,0
 0.0581, 0.0000, 1.6964, 3.1415,-0.2223,-7.4090,-4.6799, 0.8585, 1.0599,0
 0.0559, 0.0000, 1.6210, 3.1415,-0.2203,-7.5136,-4.6799, 0.8264, 1.0606,0
 0.0538, 0.0000, 1.5425, 3.1415,-0.2138,-7.7859,-0.0096, 0.8283, 1.0613,0
 0.0519, 0.0000, 1.4576, 3.1415,-0.1882,-8.3430, 4.6799, 0.8934, 1.0620,0
 0.0513, 0.0000, 1.3728, 3.1415,-0.0861,-8.4544, 4.6799, 0.8594, 1.0627,0
 0.0507, 0.0000, 1.2849, 3.1415,-0.0718,-8.7280, 4.6799, 0.8639, 1.0635,0
 0.0508, 0.0000, 1.1906, 3.1415,-0.0022,-9.2854, 4.6799, 0.9406, 1.0642,0
 0.0514, 0.0000, 1.0964, 3.1415, 0.0480,-9.3969, 4.6799, 0.9082, 1.0649,0
 0.0529, 0.0000, 0.9958, 3.1415, 0.1248,-9.9218, 4.6799, 0.9877, 1.0656,0
 0.0553, 0.0000, 0.8922, 3.1415, 0.2189,-10.2781, 4.6799, 1.0282, 1.0663,0
 0.0582, 0.0000, 0.7853, 3.1415, 0.2802,-10.6007,-4.6799, 1.0655, 1.0671,0
 0.0611, 0.0000, 0.6723, 3.1415, 0.2864,-11.1679,-4.6799, 1.1842, 1.0678,0
 0.0643, 0.0000, 0.5592, 3.1415, 0.3119,-11.2813,-4.6799, 1.1730, 1.0685,0
 0.0682, 0.0000, 0.4461, 3.1415, 0.3776,-11.3040,-4.6799, 1.1411, 1.0692,0
 0.0717, 0.0000, 0.3298, 3.1415, 0.3544,-11.5599,-4.6799, 1.1914, 1.0699,0
 0.0751, 0.0000, 0.2136, 3.1415, 0.3437,-11.6111,-4.6799, 1.1856, 1.0706,0
 0.0785, 0.0000, 0.0973, 3.1415, 0.3355,-11.6213,-4.6799, 1.1760, 1.0714,0
 0.0810, 0.0000,-0.0157, 3.1415, 0.2732,-11.3720,-4.6799, 1.0925, 1.0721,0
 0.0835, 0.0000,-0.1319, 3.1415, 0.2547,-11.5735,-4.6799, 1.1634, 1.0728,0
 0.0855, 0.0000,-0.2419, 3.1415, 0.2085,-11.1111, 4.6799, 1.0312, 1.0735,0
 0.0876, 0.0000,-0.3518, 3.1415, 0.2054,-11.0186, 4.6799, 1.0256, 1.0742,0
 0.0889, 0.0000,-0.4618, 3.1415, 0.1502,-11.0001, 4.6799, 1.0511, 1.0750,0
 0.0904, 0.0000,-0.5686, 3.1415, 0.1452,-10.7451, 4.6799, 1.0113, 1.0757,0
 0.0914, 0.0000,-0.6723, 3.1415, 0.1139,-10.4428, 4.6799, 0.9649, 1.0764,0
 0.0921, 0.0000,-0.7728, 3.1415, 0.0773,-10.1310, 4.6799, 0.9228, 1.0771,0
 0.0927, 0.0000,-0.8733, 3.1415, 0.0639,-10.0686, 4.6799, 0.9581, 1.0778,0
 0.0932, 0.0000,-0.9707, 3.1415, 0.0491,-9.8048, 4.6799, 0.9404, 1.0785,0
 0.0934, 0.0000,-1.0649, 3.1415, 0.0280,-9.5008, 4.6799, 0.9157, 1.0793,0
 0.0934, 0.0000,-1.1561, 3.1415, 0.0056,-9.1886, 4.6799, 0.8927, 1.0800,0
 0.0933, 0.0000,-1.2440, 3.1415,-0.0049,-8.8749, 4.6799, 0.8722, 1.0807,0
 0.0932, 0.0000,-1.3288, 3.1415,-0.0070,-8.5608, 4.6799, 0.8540, 1.0814,0
 0.0930, 0.0000,-1.4105, 3.1415,-0.0196,-8.2466, 4.6799, 0.8375, 1.0821,0
 0.0929, 0.0000,-1.4891, 3.1415,-0.0099,-7.9325, 4.6799, 0.8223, 1.0829,0
 0.0929, 0.0000,-1.5676, 3.1415,-0.0080,-7.8696, 1.8044, 0.8647, 1.0836,0
 0.0929, 0.0000,-1.6399, 3.1415, 0.0044,-7.3544,-4.6799, 0.8068, 1.0843,0
 0.0924, 0.0000,-1.7090, 3.1415,-0.0415,-7.0000,-4.6799, 0.7849, 1.0850,0
 0.0914, 0.0000,-1.7781, 3.1415,-0.0931,-6.9292,-4.6799, 0.8200, 1.0857,0
 0.0906, 0.0000,-1.8409, 3.1415,-0.0792,-6.4123,-4.6799, 0.7673, 1.0864,0
 0.0895, 0.0000,-1.9038, 3.1415,-0.1068,-6.3090,-4.6799, 0.7919, 1.0872,0
 0.0877, 0.0000,-1.9634, 3.1415,-0.1608,-6.0370,-4.6799, 0.7850, 1.0879,0
 0.0858, 0.0000,-2.0200, 3.1415,-0.1837,-5.7312,-4.6799, 0.7717, 1.0886,0
 0.0839, 0.0000,-2.0734, 3.1415,-0.1943,-5.4188,-4.6799, 0.7570, 1.0893,0
 0.0811, 0.0000,-2.1268, 3.1415,-0.2571,-5.3563,-4.6799, 0.7807, 1.0900,0
 0.0785, 0.0000,-2.1771, 3.1415,-0.2636,-5.0925,-4.6799, 0.7722, 1.0908,0
 0.0757, 0.0000,-2.2273, 3.1415,-0.2770,-5.0397,-4.6799, 0.7939, 1.0915,0
 0.0725, 0.0000,-2.2713, 3.1415,-0.3100,-4.5265,-4.6799, 0.7497, 1.0922,0
 0.0691, 0.0000,-2.3153, 3.1415,-0.3348,-4.4238,-4.6799, 0.7606, 1.0929,0
 0.0658, 0.0000,-2.3593, 3.1415,-0.3276,-4.4033,-4.6799, 0.7808, 1.0936,0
 0.0622, 0.0000,-2.4001, 3.1415,-0.3565,-4.1479,-4.6799, 0.7704, 1.0943,0
 0.0581, 0.0000,-2.4378, 3.1415,-0.3987,-3.8455,-4.6799, 0.7545, 1.0951,0
 0.0541, 0.0000,-2.4755, 3.1415,-0.3950,-3.7850,-4.6799, 0.7651, 1.0958,0
 0.0502, 0.0000,-2.5132, 3.1415,-0.3943,-3.7729,-4.6799, 0.7802, 1.0965,0
 0.0459, 0.0000,-2.5478, 3.1415,-0.4244,-3.5191,-4.6799, 0.7685, 1.0972,0
 0.0413, 0.0000,-2.5792, 3.1415,-0.4486,-3.2170,-4.6799, 0.7524, 1.0979,0
 0.0371, 0.0000,-2.6138, 3.1415,-0.4292,-3.4080,-4.6799, 0.7829, 1.0987,0
 0.0325, 0.0000,-2.6420, 3.1415,-0.4496,-2.9435,-4.6799, 0.7516, 1.0994,0
 0.0276, 0.0000,-2.6734, 3.1415,-0.4840,-3.1019,-4.6799, 0.7755, 1.1001,0
 0.0228, 0.0000,-2.7017, 3.1415,-0.4848,-2.8823,-4.6799, 0.7660, 1.1008,0
 0.0179, 0.0000,-2.7300, 3.1415,-0.4850,-2.8384,-4.6799, 0.7709, 1.1015,0
 0.0128, 0.0000,-2.7551, 3.1415,-0.5032,-2.5783,-4.6799, 0.7582, 1.1022,0
 0.0075, 0.0000,-2.7803, 3.1415,-0.5250,-2.5262,-4.6799, 0.7610, 1.1030,0
 0.0025, 0.0000,-2.8054, 3.1415,-0.5112,-2.5158,-4.6799, 0.7665, 1.1037,0
-0.0029, 0.0000,-2.8305, 3.1415,-0.5388,-2.5138,-4.6799, 0.7721, 1.1044,0
-0.0086, 0.0000,-2.8557, 3.1415,-0.5625,-2.5133,-4.6799, 0.7773, 1.1051,0
-0.0142, 0.0000,-2.8776, 3.1415,-0.5611,-2.2619,-4.6799, 0.7648, 1.1058,0
-0.0200, 0.0000,-2.9028, 3.1415,-0.5730,-2.4630,-4.6799, 0.7826, 1.1066,0
-0.0259, 0.0000,-2.9248, 3.1415,-0.5936,-2.2518,-4.6799, 0.7722, 1.1073,0
-0.0319, 0.0000,-2.9468, 3.1415,-0.5977,-2.2096,-4.6799, 0.7728, 1.1080,0
-0.0380, 0.0000,-2.9688, 3.1415,-0.6046,-2.2012,-4.6799, 0.7752, 1.1087,0
-0.0444, 0.0000,-2.9907, 3.1415,-0.6302,-2.1995,-4.6799, 0.7776, 1.1094,0
-0.0509, 0.0000,-3.0127, 3.1415,-0.6474,-2.1991,-4.6799, 0.7798, 1.1101,0
-0.0574, 0.0000,-3.0347, 3.1415,-0.6509,-2.1991,-4.6799, 0.7817, 1.1109,0
-0.0641, 0.0000,-3.0567, 3.1415,-0.6637,-2.1991, 4.6799, 0.7817, 1.1109,1
-0.0698, 0.0000,-3.0787, 3.1415,-0.5875,-2.1991, 4.6799, 0.7817, 1.1109,1
-0.0760, 0.0000,-3.0976, 3.1415,-0.6146,-1.9477, 4.6799, 0.7817, 1.1109,1
-0.0816, 0.0000,-3.1164, 3.1415,-0.5716,-1.8975, 4.6799, 0.7817, 1.1109,1
-0.0867, 0.0000,-3.1321, 3.1415,-0.5266,-1.6361, 4.6799, 0.7817, 1.1109,1
-0.0914, 0.0000,-3.1478, 3.1415,-0.4812,-1.5838, 4.6799, 0.7817, 1.1109,1
-0.0957, 0.0000,-3.1604, 3.1415,-0.4357,-1.3220, 4.6799, 0.7817, 1.1109,1
-0.0994, 0.0000,-3.1730, 3.1415,-0.3842,-1.2697, 4.6799, 0.7817, 1.1109,1
-0.1026, 0.0000,-3.1855, 3.1415,-0.3375,-1.2592, 4.6799, 0.7817, 1.1109,1
-0.1055, 0.0000,-3.1949, 3.1415,-0.2918,-1.0058, 4.6799, 0.7817, 1.1109,1
-0.1079, 0.0000,-3.2044, 3.1415,-0.2523,-0.9551, 4.6799, 0.7817, 1.1109,1
-0.1098, 0.0000,-3.2107, 3.1415,-0.2020,-0.6936, 4.6799, 0.7817, 1.1109,1
-0.1113, 0.0000,-3.2169, 3.1415,-0.1616,-0.6414, 4.6799, 0.7817, 1.1109,1
-0.1123, 0.0000,-3.2201, 3.1415,-0.1111,-0.3795, 4.6799, 0.7817, 1.1109,1
-0.1128, 0.0000,-3.2264, 3.1415,-0.0646,-0.5785, 4.6799, 0.7817, 1.1109,1
-0.1130, 0.0000,-3.2264, 3.1415,-0.0250,-0.1157, 4.6799, 0.7817, 1.1109,1
-0.1129, 0.0000,-3.2295, 3.1415, 0.0010,-0.2744, 4.6799, 0.7817, 1.1109,1
-0.1125, 0.0000,-3.2295, 3.1415, 0.0305,-0.0548, 4.6799, 0.7817, 1.1109,1
-0.1119, 0.0000,-3.2295, 3.1415, 0.0546,-0.0109, 4.6799, 0.7817, 1.1109,1
-0.1111, 0.0000,-3.2295, 3.1415, 0.0715,-0.0021, 4.6799, 0.7817, 1.1109,1
-0.1102, 0.0000,-3.2295, 3.1415, 0.0931,-0.0004, 4.6799, 0.7817, 1.1109,1
-0.1090, 0.0000,-3.2295, 3.1415, 0.1095,-0.0000, 4.6799, 0.7817, 1.1109,1
-0.1077, 0.0000,-3.2295, 3.1415, 0.1310,-0.0000, 4.6799, 0.7817, 1.1109,1
-0.1060, 0.0000,-3.2295, 3.1415, 0.1596,-0.0000, 4.6799, 0.7817, 1.1109,1
-0.1042, 0.0000,-3.2295, 3.1415, 0.1774,-0.0000, 4.6799, 0.7817, 1.1109,1
-0.1020, 0.0000,-3.2264, 3.1415, 0.2052, 0.2513, 4.6799, 0.7817, 1.1109,1
-0.0998, 0.0000,-3.2232, 3.1415, 0.2229, 0.3015, 4.6799, 0.7817, 1.1109,1
-0.0973, 0.0000,-3.2201, 3.1415, 0.2446, 0.3116, 4.6799, 0.7817, 1.1109,1
-0.0945, 0.0000,-3.2201, 3.1415, 0.2672, 0.0623, 4.6799, 0.7817, 1.1109,1
-0.0917, 0.0000,-3.2169, 3.1415, 0.2838, 0.2637, 4.6799, 0.7817, 1.1109,1
-0.0886, 0.0000,-3.2107, 3.1415, 0.2993, 0.5554,-0.8594, 0.7817, 1.1109,1
-0.0860, 0.0000,-3.2075, 3.1415, 0.2720, 0.3623, 4.6799, 0.7817, 1.1109,1
-0.0827, 0.0000,-3.2075, 3.1415, 0.3151, 0.0724, 4.6799, 0.7817, 1.1109,1
-0.0796, 0.0000,-3.2044, 3.1415, 0.3116, 0.2658, 4.6799, 0.7817, 1.1109,1
-0.0763, 0.0000,-3.1981, 3.1415, 0.3230, 0.5558,-2.2536, 0.7817, 1.1109,1
-0.0735, 0.0000,-3.1949, 3.1415, 0.2950, 0.3624, 4.6799, 0.7817, 1.1109,1
-0.0701, 0.0000,-3.1918, 3.1415, 0.3318, 0.3238, 4.6799, 0.7817, 1.1109,1
-0.0663, 0.0000,-3.1887, 3.1415, 0.3634, 0.3160, 4.6799, 0.7817, 1.1109,1
-0.0629, 0.0000,-3.1855, 3.1415, 0.3455, 0.3145, 4.6799, 0.7817, 1.1109,1
-0.0595, 0.0000,-3.1824, 3.1415, 0.3419, 0.3142, 4.6799, 0.7817, 1.1109,1
-0.0557, 0.0000,-3.1761, 3.1415, 0.3715, 0.5654,-4.6799, 0.7817, 1.1109,1
-0.0525, 0.0000,-3.1730, 3.1415, 0.3350, 0.3644, 4.0118, 0.7817, 1.1109,1
-0.0485, 0.0000,-3.1667, 3.1415, 0.3883, 0.5755,-4.6799, 0.7817, 1.1109,1
-0.0453, 0.0000,-3.1635, 3.1415, 0.3323, 0.3664, 1.6436, 0.7817, 1.1109,1
-0.0416, 0.0000,-3.1635, 3.1415, 0.3635, 0.0732, 4.6799, 0.7817, 1.1109,1
-0.0380, 0.0000,-3.1604, 3.1415, 0.3576, 0.2659, 4.6799, 0.7817, 1.1109,1
-0.0344, 0.0000,-3.1573, 3.1415, 0.3565, 0.3045, 4.6799, 0.7817, 1.1109,1
-0.0307, 0.0000,-3.1541, 3.1415, 0.3684, 0.3122, 4.6799, 0.7817, 1.1109,1
-0.0268, 0.0000,-3.1478, 3.1415, 0.3889, 0.5651,-4.6799, 0.7817, 1.1109,1
-0.0235, 0.0000,-3.1447, 3.1415, 0.3385, 0.3643,-1.8489, 0.7817, 1.1109,1
-0.0200, 0.0000,-3.1415, 3.1415, 0.3526, 0.3241, 0.6027, 0.7817, 1.1109,1
-0.0163, 0.0000,-3.1384, 3.1415, 0.3615, 0.3161, 0.9077, 0.7817, 1.1109,1
-0.0129, 0.0000,-3.1353, 3.1415, 0.3451, 0.3145,-0.5934, 0.7817, 1.1109,1
-0.0100, 0.0000,-3.1353, 3.1415, 0.3055, 0.0629, 4.6799, 0.7817, 1.1109,1
-0.0064, 0.0000,-3.1321, 3.1415, 0.3460, 0.2639, 1.8085, 0.7817, 1.1109,1
-0.0030, 0.0000,-3.1290, 3.1415, 0.3420, 0.3041,-1.4037, 0.7817, 1.1109,1
 0.0000, 0.0000,-3.1258, 3.1415, 0.3109, 0.3121,-4.3054, 0.7817, 1.1109,1
 0.0028, 0.0000,-3.1258, 3.1415, 0.2925, 0.0624, 4.6799, 0.7817, 1.1109,1
 0.0062, 0.0000,-3.1227, 3.1415, 0.3253, 0.2638,-1.2858, 0.7817, 1.1109,1
 0.0087, 0.0000,-3.1227, 3.1415, 0.2712, 0.0527, 4.6799, 0.7817, 1.1109,1
 0.0122, 0.0000,-3.1196, 3.1415, 0.3270, 0.2618,-1.6582, 0.7817, 1.1109,1
 0.0143, 0.0000,-3.1196, 3.1415, 0.2351, 0.0523, 4.6799, 0.7817, 1.1109,1
 0.0175, 0.0000,-3.1196, 3.1415, 0.3077, 0.0104, 4.6799, 0.7817, 1.1109,1
 0.0202, 0.0000,-3.1196, 3.1415, 0.2737, 0.0020, 4.6799, 0.7817, 1.1109,1
 0.0234, 0.0000,-3.1164, 3.1415, 0.3154, 0.2517,-2.1497, 0.7817, 1.1109,1
 0.0254, 0.0000,-3.1133, 3.1415, 0.2207, 0.3016,-4.6799, 0.7817, 1.1109,1
 0.0281, 0.0000,-3.1133, 3.1415, 0.2563, 0.0603, 4.6799, 0.7817, 1.1109,1
 0.0313, 0.0000,-3.1133, 3.1415, 0.3119, 0.0120, 4.6799, 0.7817, 1.1109,1
 0.0338, 0.0000,-3.1133, 3.1415, 0.2624, 0.0024, 4.6799, 0.7817, 1.1109,1
 0.0369, 0.0000,-3.1101, 3.1415, 0.3010, 0.2518,-4.0903, 0.7817, 1.1109,1
 0.0391, 0.0000,-3.1070, 3.1415, 0.2299, 0.3016,-4.6799, 0.7817, 1.1109,1
 0.0415, 0.0000,-3.1070, 3.1415, 0.2400, 0.0603, 2.8682, 0.7817, 1.1109,1
 0.0441, 0.0000,-3.1038, 3.1415, 0.2541, 0.2633,-4.6799, 0.7817, 1.1109,1
 0.0459, 0.0000,-3.1038, 3.1415, 0.1963, 0.0526, 0.2052, 0.7817, 1.1109,1
 0.0483, 0.0000,-3.1038, 3.1415, 0.2332, 0.0105, 4.6799, 0.7817, 1.1109,1
 0.0504, 0.0000,-3.1038, 3.1415, 0.2103, 0.0021, 4.0548, 0.7817, 1.1109,1
 0.0532, 0.0000,-3.1038, 3.1415, 0.2724, 0.0004, 4.6799, 0.7817, 1.1109,1
 0.0555, 0.0000,-3.1038, 3.1415, 0.2363, 0.0000, 4.6799, 0.7817, 1.1109,1
 0.0582, 0.0000,-3.1007, 3.1415, 0.2655, 0.2513,-4.6799, 0.7817, 1.1109,1
 0.0600, 0.0000,-3.0976, 3.1415, 0.1925, 0.3016,-4.6799, 0.7817, 1.1109,1
 0.0624, 0.0000,-3.0944, 3.1415, 0.2325, 0.3116,-4.6799, 0.7817, 1.1109,1
 0.0646, 0.0000,-3.0944, 3.1415, 0.2223, 0.0623,-0.6166, 0.7817, 1.1109,1
 0.0660, 0.0000,-3.0944, 3.1415, 0.1536, 0.0124,-1.5823, 0.7817, 1.1109,1
 0.0673, 0.0000,-3.0976, 3.1415, 0.1337,-0.2488, 4.6799, 0.7817, 1.1109,1
 0.0688, 0.0000,-3.0976, 3.1415, 0.1540,-0.0497, 2.8999, 0.7817, 1.1109,1
 0.0704, 0.0000,-3.0976, 3.1415, 0.1581,-0.0099, 0.8837, 0.7817, 1.1109,1
 0.0716, 0.0000,-3.1007, 3.1415, 0.1286,-0.2533, 4.6799, 0.7817, 1.1109,1
 0.0735, 0.0000,-3.1007, 3.1415, 0.1712,-0.0506, 4.6799, 0.7817, 1.1109,1
 0.0751, 0.0000,-3.0976, 3.1415, 0.1676, 0.2411,-4.6799, 0.7817, 1.1109,1
 0.0763, 0.0000,-3.0976, 3.1415, 0.1244, 0.0482,-4.1897, 0.7817, 1.1109,1
 0.0778, 0.0000,-3.0976, 3.1415, 0.1461, 0.0096,-0.6912, 0.7817, 1.1109,1
 0.0790, 0.0000,-3.0976, 3.1415, 0.1262, 0.0019,-1.3332, 0.7817, 1.1109,1
 0.0797, 0.0000,-3.0976, 3.1415, 0.0798, 0.0003,-3.8462, 0.7817, 1.1109,1
 0.0804, 0.0000,-3.1007, 3.1415, 0.0705,-0.2512, 4.6799, 0.7817, 1.1109,1
 0.0811, 0.0000,-3.1038, 3.1415, 0.0747,-0.3015, 4.6799, 0.7817, 1.1109,1
 0.0820, 0.0000,-3.1038, 3.1415, 0.0877,-0.0603, 1.7248, 0.7817, 1.1109,1
 0.0826, 0.0000,-3.1070, 3.1415, 0.0660,-0.2633, 4.6799, 0.7817, 1.1109,1
 0.0837, 0.0000,-3.1070, 3.1415, 0.0980,-0.0526, 2.6997, 0.7817, 1.1109,1
 0.0847, 0.0000,-3.1070, 3.1415, 0.0984,-0.0105, 0.3203, 0.7817, 1.1109,1
 0.0858, 0.0000,-3.1070, 3.1415, 0.1106,-0.0021, 0.5595, 0.7817, 1.1109,1
 0.0870, 0.0000,-3.1070, 3.1415, 0.1130,-0.0004, 0.6360, 0.7817, 1.1109,1
 0.0884, 0.0000,-3.1038, 3.1415, 0.1378, 0.2512,-4.6799, 0.7817, 1.1109,1
 0.0888, 0.0000,-3.1038, 3.1415, 0.0578, 0.0502,-4.6799, 0.7817, 1.1109,1
 0.0898, 0.0000,-3.1038, 3.1415, 0.0904, 0.0100,-1.9360, 0.7817, 1.1109,1
 0.0902, 0.0000,-3.1038, 3.1415, 0.0544, 0.0020,-3.4890, 0.7817, 1.1109,1
 0.0903, 0.0000,-3.1070, 3.1415, 0.0169,-0.2509, 4.6799, 0.7817, 1.1109,1
 0.0911, 0.0000,-3.1101, 3.1415, 0.0700,-0.3014, 4.6799, 0.7817, 1.1109,1
 0.0914, 0.0000,-3.1101, 3.1415, 0.0382,-0.0602, 0.7783, 0.7817, 1.1109,1
 0.0918, 0.0000,-3.1133, 3.1415, 0.0379,-0.2633, 4.6799, 0.7817, 1.1109,1
 0.0928, 0.0000,-3.1133, 3.1415, 0.0864,-0.0526, 3.8781, 0.7817, 1.1109,1
 0.0934, 0.0000,-3.1133, 3.1415, 0.0657,-0.0105, 0.3016, 0.7817, 1.1109,1
 0.0945, 0.0000,-3.1101, 3.1415, 0.0980, 0.2492,-4.6799, 0.7817, 1.1109,1
 0.0950, 0.0000,-3.1101, 3.1415, 0.0620, 0.0498,-4.1163, 0.7817, 1.1109,1
 0.0955, 0.0000,-3.1070, 3.1415, 0.0548, 0.2612,-4.6799, 0.7817, 1.1109,1
 0.0959, 0.0000,-3.1101, 3.1415, 0.0412,-0.1990, 4.6799, 0.7817, 1.1109,1
 0.0970, 0.0000,-3.1101, 3.1415, 0.0992,-0.0398, 3.2176, 0.7817, 1.1109,1
 0.0973, 0.0000,-3.1101, 3.1415, 0.0380,-0.0079,-2.0685, 0.7817, 1.1109,1
 0.0973, 0.0000,-3.1101, 3.1415, 0.0136,-0.0015,-3.8100, 0.7817, 1.1109,1
 0.0973, 0.0000,-3.1101, 3.1415, 0.0027,-0.0003,-4.5015, 0.7817, 1.1109,1
 0.0973, 0.0000,-3.1133, 3.1415, 0.0005,-0.2513, 4.6799, 0.7817, 1.1109,1
 0.0979, 0.0000,-3.1133, 3.1415, 0.0486,-0.0502, 1.7666, 0.7817, 1.1109,1
 0.0979, 0.0000,-3.1133, 3.1415, 0.0097,-0.0100,-2.7504, 0.7817, 1.1109,1
 0.0977, 0.0000,-3.1133, 3.1415,-0.0162,-0.0020,-4.6799, 0.7817, 1.1109,1
 0.0974, 0.0000,-3.1164, 3.1415,-0.0275,-0.2517, 4.6799, 0.7817, 1.1109,1
 0.0980, 0.0000,-3.1164, 3.1415, 0.0430,-0.0503, 2.2313, 0.7817, 1.1109,1
 0.0983, 0.0000,-3.1164, 3.1415, 0.0267,-0.0100,-1.0002, 0.7817, 1.1109,1
 0.0980, 0.0000,-3.1164, 3.1415,-0.0128,-0.0020,-3.7109, 0.7817, 1.1109,1
 0.0975, 0.0000,-3.1164, 3.1415,-0.0450,-0.0004,-4.6799, 0.7817, 1.1109,1
 0.0973, 0.0000,-3.1196, 3.1415,-0.0211,-0.2514, 4.6799, 0.7817, 1.1109,1
 0.0978, 0.0000,-3.1196, 3.1415, 0.0321,-0.0502, 2.3825, 0.7817, 1.1109,1
 0.0978, 0.0000,-3.1196, 3.1415, 0.0064,-0.0100,-1.3905, 0.7817, 1.1109,1
 0.0973, 0.0000,-3.1196, 3.1415,-0.0350,-0.0020,-4.2153, 0.7817, 1.1109,1
 0.0971, 0.0000,-3.1196, 3.1415,-0.0252,-0.0004,-3.7566, 0.7817, 1.1109,1
 0.0970, 0.0000,-3.1227, 3.1415,-0.0111,-0.2513, 4.6799, 0.7817, 1.1109,1
 0.0973, 0.0000,-3.1227, 3.1415, 0.0159,-0.0502, 2.2263, 0.7817, 1.1109,1
 0.0972, 0.0000,-3.1227, 3.1415,-0.0028,-0.0100,-1.1599, 0.7817, 1.1109,1
 0.0968, 0.0000,-3.1227, 3.1415,-0.0308,-0.0020,-3.2192, 0.7817, 1.1109,1
 0.0966, 0.0000,-3.1227, 3.1415,-0.0243,-0.0004,-2.9505, 0.7817, 1.1109,1
 0.0964, 0.0000,-3.1227, 3.1415,-0.0170,-0.0000,-2.5576, 0.7817, 1.1109,1
 0.0962, 0.0000,-3.1227, 3.1415,-0.0215,-0.0000,-2.8278, 0.7817, 1.1109,1
 0.0955, 0.0000,-3.1258, 3.1415,-0.0588,-0.2513, 4.6799, 0.7817, 1.1109,1
 0.0956, 0.0000,-3.1258, 3.1415,-0.0057,-0.0502, 1.7231, 0.7817, 1.1109,1
 0.0955, 0.0000,-3.1258, 3.1415,-0.0072,-0.0100,-0.6822, 0.7817, 1.1109,1
 0.0954, 0.0000,-3.1258, 3.1415,-0.0135,-0.0020,-1.5103, 0.7817, 1.1109,1
 0.0951, 0.0000,-3.1258, 3.1415,-0.0209,-0.0004,-2.0247, 0.7817, 1.1109,1
 0.0943, 0.0000,-3.1258, 3.1415,-0.0708,-0.0000,-4.6799, 0.7817, 1.1109,1
 0.0941, 0.0000,-3.1258, 3.1415,-0.0323,-0.0000,-2.7283, 0.7817, 1.1109,1
 0.0936, 0.0000,-3.1290, 3.1415,-0.0489,-0.2513, 4.6799, 0.7817, 1.1109,1
 0.0936, 0.0000,-3.1290, 3.1415,-0.0037,-0.0502, 2.5490, 0.7817, 1.1109,1
 0.0932, 0.0000,-3.1290, 3.1415,-0.0310,-0.0100,-1.3267, 0.7817, 1.1109,1
 0.0929, 0.0000,-3.1290, 3.1415,-0.0365,-0.0020,-2.1114, 0.7817, 1.1109,1
 0.0929, 0.0000,-3.1290, 3.1415,-0.0073,-0.0004,-0.5528, 0.7817, 1.1109,1
 0.0923, 0.0000,-3.1258, 3.1415,-0.0439, 0.2512,-4.6799, 0.7817, 1.1109,1
 0.0920, 0.0000,-3.1258, 3.1415,-0.0330, 0.0502,-4.6799, 0.7817, 1.1109,1
 0.0914, 0.0000,-3.1290, 3.1415,-0.0551,-0.2412, 4.6799, 0.7817, 1.1109,1
 0.0917, 0.0000,-3.1290, 3.1415, 0.0071,-0.0482, 2.9860, 0.7817, 1.1109,1
 0.0915, 0.0000,-3.1290, 3.1415,-0.0106,-0.0096,-0.2540, 0.7817, 1.1109,1
 0.0912, 0.0000,-3.1258, 3.1415,-0.0263, 0.2494,-4.6799, 0.7817, 1.1109,1
 0.0910, 0.0000,-3.1258, 3.1415,-0.0234, 0.0498,-4.6799, 0.7817, 1.1109,1
 0.0904, 0.0000,-3.1258, 3.1415,-0.0471, 0.0099,-4.2542, 0.7817, 1.1109,1
 0.0900, 0.0000,-3.1258, 3.1415,-0.0458, 0.0019,-3.7333, 0.7817, 1.1109,1
 0.0893, 0.0000,-3.1258, 3.1415,-0.0637, 0.0003,-4.6756, 0.7817, 1.1109,1
 0.0881, 0.0000,-3.1290, 3.1415,-0.1097,-0.2512, 4.6799, 0.7817, 1.1109,1
 0.0879, 0.0000,-3.1290, 3.1415,-0.0401,-0.0502, 0.3077, 0.7817, 1.1109,1
 0.0873, 0.0000,-3.1290, 3.1415,-0.0504,-0.0100,-2.6107, 0.7817, 1.1109,1
 0.0865, 0.0000,-3.1321, 3.1415,-0.0767,-0.2533, 4.6799, 0.7817, 1.1109,1
 0.0864, 0.0000,-3.1321, 3.1415,-0.0214,-0.0506, 2.1195, 0.7817, 1.1109,1
 0.0860, 0.0000,-3.1290, 3.1415,-0.0406, 0.2411,-4.6799, 0.7817, 1.1109,1
 0.0855, 0.0000,-3.1290, 3.1415,-0.0445, 0.0482,-4.6799, 0.7817, 1.1109,1
 0.0852, 0.0000,-3.1258, 3.1415,-0.0331, 0.2609,-4.6799, 0.7817, 1.1109,1
 0.0845, 0.0000,-3.1258, 3.1415,-0.0612, 0.0521,-4.6799, 0.7817, 1.1109,1
 0.0837, 0.0000,-3.1290, 3.1415,-0.0789,-0.2408, 4.6799, 0.7817, 1.1109,1
 0.0836, 0.0000,-3.1290, 3.1415,-0.0218,-0.0481, 1.0876, 0.7817, 1.1109,1
 0.0829, 0.0000,-3.1290, 3.1415,-0.0589,-0.0096,-3.2522, 0.7817, 1.1109,1
 0.0818, 0.0000,-3.1290, 3.1415,-0.1027,-0.0019,-4.6799, 0.7817, 1.1109,1
 0.0810, 0.0000,-3.1290, 3.1415,-0.0811,-0.0003,-4.6799, 0.7817, 1.1109,1
 0.0801, 0.0000,-3.1290, 3.1415,-0.0889,-0.0000,-4.6799, 0.7817, 1.1109,1
 0.0788, 0.0000,-3.1321, 3.1415,-0.1208,-0.2513, 4.6799, 0.7817, 1.1109,1
 0.0785, 0.0000,-3.1321, 3.1415,-0.0544,-0.0502,-0.0238, 0.7817, 1.1109,1
 0.0770, 0.0000,-3.1353, 3.1415,-0.1261,-0.2613, 4.6799, 0.7817, 1.1109,1
 0.0766, 0.0000,-3.1353, 3.1415,-0.0616,-0.0522, 0.4056, 0.7817, 1.1109,1
 0.0758, 0.0000,-3.1353, 3.1415,-0.0729,-0.0104,-2.6713, 0.7817, 1.1109,1
 0.0750, 0.0000,-3.1353, 3.1415,-0.0812,-0.0020,-3.6509, 0.7817, 1.1109,1
 0.0740, 0.0000,-3.1353, 3.1415,-0.0950,-0.0004,-4.5580, 0.7817, 1.1109,1
 0.0733, 0.0000,-3.1353, 3.1415,-0.0735,-0.0000,-3.3842, 0.7817, 1.1109,1
 0.0723, 0.0000,-3.1353, 3.1415,-0.0996,-0.0000,-4.6799, 0.7817, 1.1109,1
 0.0713, 0.0000,-3.1353, 3.1415,-0.0926,-0.0000,-4.5301, 0.7817, 1.1109,1
 0.0698, 0.0000,-3.1384, 3.1415,-0.1458,-0.2513, 4.6799, 0.7817, 1.1109,1
 0.0692, 0.0000,-3.1415, 3.1415,-0.0716,-0.3015, 4.6799, 0.7817, 1.1109,1
 0.0683, 0.0000,-3.1415, 3.1415,-0.0870,-0.0603, 0.7190, 0.7817, 1.1109,1
 0.0678, 0.0000,-3.1415, 3.1415,-0.0598,-0.0120,-0.5418, 0.7817, 1.1109,1
 0.0670, 0.0000,-3.1384, 3.1415,-0.0786, 0.2489,-4.6799, 0.7817, 1.1109,1
 0.0659, 0.0000,-3.1384, 3.1415,-0.1006, 0.0497,-4.6799, 0.7817, 1.1109,1
 0.0653, 0.0000,-3.1384, 3.1415,-0.0686, 0.0099,-3.1618, 0.7817, 1.1109,1
 0.0643, 0.0000,-3.1384, 3.1415,-0.0925, 0.0019,-4.0853, 0.7817, 1.1109,1
 0.0630, 0.0000,-3.1415, 3.1415,-0.1215,-0.2509, 4.6799, 0.7817, 1.1109,1
 0.0625, 0.0000,-3.1415, 3.1415,-0.0667,-0.0501, 1.0986, 0.7817, 1.1109,1
 0.0615, 0.0000,-3.1447, 3.1415,-0.0921,-0.2613, 4.6799, 0.7817, 1.1109,1
 0.0610, 0.0000,-3.1447, 3.1415,-0.0608,-0.0522, 2.2789, 0.7817, 1.1109,1
 0.0607, 0.0000,-3.1415, 3.1415,-0.0303, 0.2408,-4.6799, 0.7817, 1.1109,1
 0.0599, 0.0000,-3.1384, 3.1415,-0.0727, 0.2995,-4.6799, 0.7817, 1.1109,1
 0.0593, 0.0000,-3.1384, 3.1415,-0.0630, 0.0599,-4.6799, 0.7817, 1.1109,1
 0.0590, 0.0000,-3.1384, 3.1415,-0.0368, 0.0119,-1.6824, 0.7817, 1.1109,1
 0.0580, 0.0000,-3.1384, 3.1415,-0.0861, 0.0023,-3.9486, 0.7817, 1.1109,1
 0.0570, 0.0000,-3.1384, 3.1415,-0.0960, 0.0004,-4.4267, 0.7817, 1.1109,1
 0.0560, 0.0000,-3.1384, 3.1415,-0.1040, 0.0000,-4.6799, 0.7817, 1.1109,1
 0.0546, 0.0000,-3.1415, 3.1415,-0.1299,-0.2513, 4.6799, 0.7817, 1.1109,1
 0.0541, 0.0000,-3.1415, 3.1415,-0.0684,-0.0502, 0.7423, 0.7817, 1.1109,1
 0.0533, 0.0000,-3.1447, 3.1415,-0.0743,-0.2613, 4.6799, 0.7817, 1.1109,1
 0.0529, 0.0000,-3.1415, 3.1415,-0.0512, 0.1990,-4.6799, 0.7817, 1.1109,1
 0.0519, 0.0000,-3.1415, 3.1415,-0.0890, 0.0398,-4.6799, 0.7817, 1.1109,1
 0.0512, 0.0000,-3.1384, 3.1415,-0.0723, 0.2592,-4.6799, 0.7817, 1.1109,1
 0.0507, 0.0000,-3.1384, 3.1415,-0.0569, 0.0518,-4.6799, 0.7817, 1.1109,1
 0.0496, 0.0000,-3.1415, 3.1415,-0.0962,-0.2409, 4.6799, 0.7817, 1.1109,1
 0.0493, 0.0000,-3.1415, 3.1415,-0.0435,-0.0481, 1.8805, 0.7817, 1.1109,1
 0.0488, 0.0000,-3.1384, 3.1415,-0.0450, 0.2416,-4.6799, 0.7817, 1.1109,1
 0.0480, 0.0000,-3.1384, 3.1415,-0.0757, 0.0483,-4.6799, 0.7817, 1.1109,1
 0.0469, 0.0000,-3.1384, 3.1415,-0.1060, 0.0096,-4.6799, 0.7817, 1.1109,1
 0.0461, 0.0000,-3.1384, 3.1415,-0.0818, 0.0019,-4.0527, 0.7817, 1.1109,1
 0.0449, 0.0000,-3.1384, 3.1415,-0.1133, 0.0003,-4.6799, 0.7817, 1.1109,1
 0.0439, 0.0000,-3.1415, 3.1415,-0.1015,-0.2512, 4.6799, 0.7817, 1.1109,1
 0.0428, 0.0000,-3.1415, 3.1415,-0.1112,-0.0502,-2.0348, 0.7817, 1.1109,1
 0.0413, 0.0000,-3.1447, 3.1415,-0.1435,-0.2613, 4.6799, 0.7817, 1.1109,1
 0.0408, 0.0000,-3.1447, 3.1415,-0.0650,-0.0522, 1.4039, 0.7817, 1.1109,1
 0.0401, 0.0000,-3.1447, 3.1415,-0.0675,-0.0104,-1.1705, 0.7817, 1.1109,1
 0.0391, 0.0000,-3.1447, 3.1415,-0.0923,-0.0020,-3.0827, 0.7817, 1.1109,1
 0.0382, 0.0000,-3.1415, 3.1415,-0.0912, 0.2509,-4.6799, 0.7817, 1.1109,1
 0.0376, 0.0000,-3.1415, 3.1415,-0.0667, 0.0501,-4.6799, 0.7817, 1.1109,1
 0.0366, 0.0000,-3.1415, 3.1415,-0.0982, 0.0100,-4.6799, 0.7817, 1.1109,1
 0.0355, 0.0000,-3.1447, 3.1415,-0.1045,-0.2493, 4.6799, 0.7817, 1.1109,1
 0.0350, 0.0000,-3.1447, 3.1415,-0.0633,-0.0498, 1.1783, 0.7817, 1.1109,1
 0.0343, 0.0000,-3.1447, 3.1415,-0.0672,-0.0099,-1.3632, 0.7817, 1.1109,1
 0.0333, 0.0000,-3.1447, 3.1415,-0.0922,-0.0019,-3.2689, 0.7817, 1.1109,1
 0.0327, 0.0000,-3.1415, 3.1415,-0.0669, 0.2509,-4.6799, 0.7817, 1.1109,1
 0.0320, 0.0000,-3.1415, 3.1415,-0.0679, 0.0501,-4.6799, 0.7817, 1.1109,1
 0.0309, 0.0000,-3.1415, 3.1415,-0.1045, 0.0100,-4.6799, 0.7817, 1.1109,1
 0.0299, 0.0000,-3.1447, 3.1415,-0.0997,-0.2493, 4.6799, 0.7817, 1.1109,1
 0.0292, 0.0000,-3.1447, 3.1415,-0.0745,-0.0498, 0.3651, 0.7817, 1.1109,1
 0.0283, 0.0000,-3.1447, 3.1415,-0.0876,-0.0099,-2.7067, 0.7817, 1.1109,1
 0.0273, 0.0000,-3.1447, 3.1415,-0.0963,-0.0019,-3.6891, 0.7817, 1.1109,1
 0.0262, 0.0000,-3.1447, 3.1415,-0.1041,-0.0003,-4.2555, 0.7817, 1.1109,1
 0.0253, 0.0000,-3.1447, 3.1415,-0.0996,-0.0000,-4.0506, 0.7817, 1.1109,1
 0.0239, 0.0000,-3.1478, 3.1415,-0.1290,-0.2513, 4.6799, 0.7817, 1.1109,1
 0.0232, 0.0000,-3.1478, 3.1415,-0.0803,-0.0502, 0.6427, 0.7817, 1.1109,1
 0.0224, 0.0000,-3.1510, 3.1415,-0.0827,-0.2614, 4.6799, 0.7817, 1.1109,1
 0.0216, 0.0000,-3.1510, 3.1415,-0.0771,-0.0522, 1.6645, 0.7817, 1.1109,1
 0.0213, 0.0000,-3.1478, 3.1415,-0.0396, 0.2408,-4.6799, 0.7817, 1.1109,1
 0.0207, 0.0000,-3.1447, 3.1415,-0.0564, 0.2994,-4.6799, 0.7817, 1.1109,1
 0.0203, 0.0000,-3.1447, 3.1415,-0.0416, 0.0598,-4.3846, 0.7817, 1.1109,1
 0.0196, 0.0000,-3.1447, 3.1415,-0.0689, 0.0119,-3.1909, 0.7817, 1.1109,1
 0.0189, 0.0000,-3.1447, 3.1415,-0.0683, 0.0023,-2.6263, 0.7817, 1.1109,1
 0.0181, 0.0000,-3.1447, 3.1415,-0.0803, 0.0004,-3.2207, 0.7817, 1.1109,1
 0.0171, 0.0000,-3.1447, 3.1415,-0.0948, 0.0000,-4.0508, 0.7817, 1.1109,1
 0.0159, 0.0000,-3.1478, 3.1415,-0.1159,-0.2512, 4.6799, 0.7817, 1.1109,1
 0.0156, 0.0000,-3.1478, 3.1415,-0.0474,-0.0502, 2.2612, 0.7817, 1.1109,1
 0.0147, 0.0000,-3.1478, 3.1415,-0.0822,-0.0100,-2.0523, 0.7817, 1.1109,1
 0.0139, 0.0000,-3.1478, 3.1415,-0.0770,-0.0020,-2.2480, 0.7817, 1.1109,1
 0.0132, 0.0000,-3.1447, 3.1415,-0.0699, 0.2509,-4.6799, 0.7817, 1.1109,1
 0.0124, 0.0000,-3.1447, 3.1415,-0.0806, 0.0501,-4.6799, 0.7817, 1.1109,1
 0.0113, 0.0000,-3.1478, 3.1415,-0.1010,-0.2412, 4.6799, 0.7817, 1.1109,1
 0.0112, 0.0000,-3.1478, 3.1415,-0.0262,-0.0482, 3.2061, 0.7817, 1.1109,1
 0.0103, 0.0000,-3.1478, 3.1415,-0.0780,-0.0096,-1.9726, 0.7817, 1.1109,1
 0.0097, 0.0000,-3.1478, 3.1415,-0.0701,-0.0019,-1.9963, 0.7817, 1.1109,1
 0.0089, 0.0000,-3.1447, 3.1415,-0.0746, 0.2509,-4.6799, 0.7817, 1.1109,1
 0.0081, 0.0000,-3.1447, 3.1415,-0.0755, 0.0501,-4.6799, 0.7817, 1.1109,1
 0.0071, 0.0000,-3.1447, 3.1415,-0.1000, 0.0100,-4.6799, 0.7817, 1.1109,1
 0.0058, 0.0000,-3.1478, 3.1415,-0.1230,-0.2493, 4.6799, 0.7817, 1.1109,1
 0.0053, 0.0000,-3.1510, 3.1415,-0.0670,-0.3012, 4.6799, 0.7817, 1.1109,1
 0.0045, 0.0000,-3.1510, 3.1415,-0.0740,-0.0602, 1.7596, 0.7817, 1.1109,1
 0.0040, 0.0000,-3.1510, 3.1415,-0.0572,-0.0120,-0.0871, 0.7817, 1.1109,1
 0.0034, 0.0000,-3.1478, 3.1415,-0.0538, 0.2489,-4.6799, 0.7817, 1.1109,1
 0.0028, 0.0000,-3.1478, 3.1415,-0.0653, 0.0497,-4.6799, 0.7817, 1.1109,1
 0.0021, 0.0000,-3.1478, 3.1415,-0.0615, 0.0099,-2.4333, 0.7817, 1.1109,1
 0.0014, 0.0000,-3.1478, 3.1415,-0.0729, 0.0019,-2.6406, 0.7817, 1.1109,1
 0.0004, 0.0000,-3.1478, 3.1415,-0.0934, 0.0003,-3.7363, 0.7817, 1.1109,1
-0.0006, 0.0000,-3.1478, 3.1415,-0.1096, 0.0000,-4.6704, 0.7817, 1.1109,1
-0.0019, 0.0000,-3.1510, 3.1415,-0.1250,-0.2513, 4.6799, 0.7817, 1.1109,1
-0.0024, 0.0000,-3.1541, 3.1415,-0.0613,-0.3015, 4.6799, 0.7817, 1.1109,1
-0.0032, 0.0000,-3.1541, 3.1415,-0.0789,-0.0603, 2.0138, 0.7817, 1.1109,1
-0.0037, 0.0000,-3.1541, 3.1415,-0.0521,-0.0120, 0.7314, 0.7817, 1.1109,1
-0.0040, 0.0000,-3.1510, 3.1415,-0.0407, 0.2488,-4.6799, 0.7817, 1.1109,1
-0.0044, 0.0000,-3.1510, 3.1415,-0.0384, 0.0497,-2.8592, 0.7817, 1.1109,1
-0.0047, 0.0000,-3.1478, 3.1415,-0.0319, 0.2613,-4.6799, 0.7817, 1.1109,1
-0.0051, 0.0000,-3.1478, 3.1415,-0.0367, 0.0522,-3.6997, 0.7817, 1.1109,1
-0.0059, 0.0000,-3.1478, 3.1415,-0.0679, 0.0104,-3.0798, 0.7817, 1.1109,1
-0.0065, 0.0000,-3.1478, 3.1415,-0.0681, 0.0020,-2.6300, 0.7817, 1.1109,1
-0.0074, 0.0000,-3.1478, 3.1415,-0.0803, 0.0004,-3.2473, 0.7817, 1.1109,1
-0.0087, 0.0000,-3.1510, 3.1415,-0.1191,-0.2512, 4.6799, 0.7817, 1.1109,1
-0.0091, 0.0000,-3.1510, 3.1415,-0.0602,-0.0502, 1.5316, 0.7817, 1.1109,1
-0.0097, 0.0000,-3.1541, 3.1415,-0.0605,-0.2613, 4.6799, 0.7817, 1.1109,1
-0.0100, 0.0000,-3.1510, 3.1415,-0.0302, 0.1990,-4.6799, 0.7817, 1.1109,1
-0.0109, 0.0000,-3.1510, 3.1415,-0.0788, 0.0398,-4.6799, 0.7817, 1.1109,1
-0.0115, 0.0000,-3.1510, 3.1415,-0.0703, 0.0079,-2.4739, 0.7817, 1.1109,1
-0.0119, 0.0000,-3.1510, 3.1415,-0.0443, 0.0015,-0.6522, 0.7817, 1.1109,1
-0.0130, 0.0000,-3.1510, 3.1415,-0.0937, 0.0003,-3.4027, 0.7817, 1.1109,1
-0.0141, 0.0000,-3.1541, 3.1415,-0.1097,-0.2512, 4.6799, 0.7817, 1.1109,1
-0.0145, 0.0000,-3.1541, 3.1415,-0.0522,-0.0502, 2.5859, 0.7817, 1.1109,1
-0.0151, 0.0000,-3.1573, 3.1415,-0.0589,-0.2613, 4.6799, 0.7817, 1.1109,1
-0.0153, 0.0000,-3.1541, 3.1415,-0.0299, 0.1990,-4.6799, 0.7817, 1.1109,1
-0.0162, 0.0000,-3.1541, 3.1415,-0.0726, 0.0398,-3.8146, 0.7817, 1.1109,1
-0.0166, 0.0000,-3.1541, 3.1415,-0.0509, 0.0079,-0.7620, 0.7817, 1.1109,1
-0.0172, 0.0000,-3.1541, 3.1415,-0.0526, 0.0015,-0.5081, 0.7817, 1.1109,1
-0.0178, 0.0000,-3.1541, 3.1415,-0.0590, 0.0003,-0.8157, 0.7817, 1.1109,1
-0.0184, 0.0000,-3.1573, 3.1415,-0.0603,-0.2512, 4.6799, 0.7817, 1.1109,1
-0.0186, 0.0000,-3.1573, 3.1415,-0.0302,-0.0502, 4.4756, 0.7817, 1.1109,1
-0.0188, 0.0000,-3.1573, 3.1415,-0.0242,-0.0100, 2.4899, 0.7817, 1.1109,1
-0.0187, 0.0000,-3.1541, 3.1415, 0.0072, 0.2493,-4.6799, 0.7817, 1.1109,1
-0.0189, 0.0000,-3.1541, 3.1415,-0.0167, 0.0498,-1.3184, 0.7817, 1.1109,1
-0.0193, 0.0000,-3.1541, 3.1415,-0.0336, 0.0099, 0.0131, 0.7817, 1.1109,1
-0.0190, 0.0000,-3.1541, 3.1415, 0.0114, 0.0019, 3.0300, 0.7817, 1.1109,1
-0.0190, 0.0000,-3.1510, 3.1415, 0.0022, 0.2517,-4.6799, 0.7817, 1.1109,1
-0.0193, 0.0000,-3.1510, 3.1415,-0.0177, 0.0503,-2.1897, 0.7817, 1.1109,1
-0.0194, 0.0000,-3.1510, 3.1415,-0.0156, 0.0100, 0.2440, 0.7817, 1.1109,1
-0.0195, 0.0000,-3.1510, 3.1415,-0.0091, 0.0020, 1.0720, 0.7817, 1.1109,1
-0.0195, 0.0000,-3.1478, 3.1415,-0.0018, 0.2517,-4.6799, 0.7817, 1.1109,1
-0.0197, 0.0000,-3.1478, 3.1415,-0.0124, 0.0503,-2.6816, 0.7817, 1.1109,1
-0.0199, 0.0000,-3.1478, 3.1415,-0.0206, 0.0100,-0.8292, 0.7817, 1.1109,1
-0.0202, 0.0000,-3.1478, 3.1415,-0.0283, 0.0020,-0.8095, 0.7817, 1.1109,1
-0.0204, 0.0000,-3.1478, 3.1415,-0.0238, 0.0004,-0.4682, 0.7817, 1.1109,1
-0.0207, 0.0000,-3.1478, 3.1415,-0.0290, 0.0000,-0.7507, 0.7817, 1.1109,1
-0.0214, 0.0000,-3.1478, 3.1415,-0.0603, 0.0000,-2.5400, 0.7817, 1.1109,1
-0.0221, 0.0000,-3.1478, 3.1415,-0.0666, 0.0000,-2.9151, 0.7817, 1.1109,1
-0.0228, 0.0000,-3.1510, 3.1415,-0.0678,-0.2513, 4.6799, 0.7817, 1.1109,1
-0.0228, 0.0000,-3.1510, 3.1415,-0.0196,-0.0502, 3.3911, 0.7817, 1.1109,1
-0.0231, 0.0000,-3.1510, 3.1415,-0.0221,-0.0100, 0.9251, 0.7817, 1.1109,1
-0.0231, 0.0000,-3.1510, 3.1415,-0.0044,-0.0020, 1.4612, 0.7817, 1.1109,1
-0.0229, 0.0000,-3.1510, 3.1415, 0.0112,-0.0004, 2.2585, 0.7817, 1.1109,1
-0.0225, 0.0000,-3.1478, 3.1415, 0.0386, 0.2512,-4.6799, 0.7817, 1.1109,1
-0.0224, 0.0000,-3.1447, 3.1415, 0.0137, 0.3015,-4.6799, 0.7817, 1.1109,1
-0.0226, 0.0000,-3.1447, 3.1415,-0.0154, 0.0603,-4.2909, 0.7817, 1.1109,1
-0.0228, 0.0000,-3.1447, 3.1415,-0.0152, 0.0120,-1.5011, 0.7817, 1.1109,1
-0.0230, 0.0000,-3.1447, 3.1415,-0.0212, 0.0024,-1.2920, 0.7817, 1.1109,1
-0.0234, 0.0000,-3.1447, 3.1415,-0.0406, 0.0004,-2.2910, 0.7817, 1.1109,1
-0.0240, 0.0000,-3.1478, 3.1415,-0.0505,-0.2512, 4.6799, 0.7817, 1.1109,1
-0.0241, 0.0000,-3.1478, 3.1415,-0.0161,-0.0502, 2.7717, 0.7817, 1.1109,1
-0.0240, 0.0000,-3.1478, 3.1415, 0.0028,-0.0100, 1.5303, 0.7817, 1.1109,1
-0.0239, 0.0000,-3.1478, 3.1415, 0.0066,-0.0020, 1.2839, 0.7817, 1.1109,1
-0.0238, 0.0000,-3.1447, 3.1415, 0.0073, 0.2509,-4.6799, 0.7817, 1.1109,1
-0.0241, 0.0000,-3.1447, 3.1415,-0.0167, 0.0501,-3.8246, 0.7817, 1.1109,1
-0.0241, 0.0000,-3.1447, 3.1415,-0.0033, 0.0100,-0.7542, 0.7817, 1.1109,1
-0.0241, 0.0000,-3.1447, 3.1415,-0.0067, 0.0020,-0.4851, 0.7817, 1.1109,1
-0.0244, 0.0000,-3.1447, 3.1415,-0.0255, 0.0004,-1.4683, 0.7817, 1.1109,1
-0.0249, 0.0000,-3.1447, 3.1415,-0.0415, 0.0000,-2.3627, 0.7817, 1.1109,1
-0.0254, 0.0000,-3.1447, 3.1415,-0.0507, 0.0000,-2.8981, 0.7817, 1.1109,1
-0.0260, 0.0000,-3.1478, 3.1415,-0.0586,-0.2513, 4.6799, 0.7817, 1.1109,1
-0.0259, 0.0000,-3.1478, 3.1415, 0.0003,-0.0502, 3.6517, 0.7817, 1.1109,1
-0.0260, 0.0000,-3.1478, 3.1415,-0.0120,-0.0100, 0.6252, 0.7817, 1.1109,1
-0.0260, 0.0000,-3.1478, 3.1415,-0.0024,-0.0020, 0.7061, 0.7817, 1.1109,1
-0.0258, 0.0000,-3.1478, 3.1415, 0.0177,-0.0004, 1.7574, 0.7817, 1.1109,1
-0.0253, 0.0000,-3.1447, 3.1415, 0.0459, 0.2512,-4.6799, 0.7817, 1.1109,1
-0.0253, 0.0000,-3.1415, 3.1415, 0.0091, 0.3015,-4.6799, 0.7817, 1.1109,1
-0.0253, 0.0000,-3.1415, 3.1415, 0.0018, 0.0603,-4.1744, 0.7817, 1.1109,1
-0.0253, 0.0000,-3.1415, 3.1415,-0.0056, 0.0120,-1.8203, 0.7817, 1.1109,1
-0.0256, 0.0000,-3.1415, 3.1415,-0.0253, 0.0024,-2.3865, 0.7817, 1.1109,1
-0.0262, 0.0000,-3.1447, 3.1415,-0.0475,-0.2508, 4.6799, 0.7817, 1.1109,1
-0.0261, 0.0000,-3.1447, 3.1415,-0.0034,-0.0501, 2.6471, 0.7817, 1.1109,1
-0.0261, 0.0000,-3.1447, 3.1415,-0.0006,-0.0100, 0.4883, 0.7817, 1.1109,1
-0.0259, 0.0000,-3.1447, 3.1415, 0.0119,-0.0020, 0.7466, 0.7817, 1.1109,1
-0.0257, 0.0000,-3.1415, 3.1415, 0.0205, 0.2509,-4.6799, 0.7817, 1.1109,1
-0.0258, 0.0000,-3.1415, 3.1415,-0.0019, 0.0501,-3.8210, 0.7817, 1.1109,1
-0.0260, 0.0000,-3.1415, 3.1415,-0.0185, 0.0100,-2.4531, 0.7817, 1.1109,1
-0.0260, 0.0000,-3.1415, 3.1415,-0.0037, 0.0020,-1.1502, 0.7817, 1.1109,1
-0.0263, 0.0000,-3.1415, 3.1415,-0.0249, 0.0004,-2.2697, 0.7817, 1.1109,1
-0.0269, 0.0000,-3.1447, 3.1415,-0.0535,-0.2512, 4.6799, 0.7817, 1.1109,1
-0.0268, 0.0000,-3.1447, 3.1415, 0.0014,-0.0502, 2.9051, 0.7817, 1.1109,1
-0.0269, 0.0000,-3.1447, 3.1415,-0.0118,-0.0100,-0.1673, 0.7817, 1.1109,1
-0.0272, 0.0000,-3.1447, 3.1415,-0.0266,-0.0020,-1.4757, 0.7817, 1.1109,1
-0.0275, 0.0000,-3.1447, 3.1415,-0.0295,-0.0004,-1.7450, 0.7817, 1.1109,1
-0.0278, 0.0000,-3.1447, 3.1415,-0.0241,-0.0000,-1.4616, 0.7817, 1.1109,1
-0.0283, 0.0000,-3.1447, 3.1415,-0.0472,-0.0000,-2.7907, 0.7817, 1.1109,1
-0.0286, 0.0000,-3.1478, 3.1415,-0.0337,-0.2513, 4.6799, 0.7817, 1.1109,1
-0.0287, 0.0000,-3.1478, 3.1415,-0.0128,-0.0502, 2.8172, 0.7817, 1.1109,1
-0.0288, 0.0000,-3.1478, 3.1415,-0.0086,-0.0100, 0.7324, 0.7817, 1.1109,1
-0.0287, 0.0000,-3.1478, 3.1415, 0.0043,-0.0020, 1.0036, 0.7817, 1.1109,1
-0.0284, 0.0000,-3.1447, 3.1415, 0.0190, 0.2509,-4.6799, 0.7817, 1.1109,1
-0.0288, 0.0000,-3.1447, 3.1415,-0.0265, 0.0501,-4.5289, 0.7817, 1.1109,1
-0.0289, 0.0000,-3.1447, 3.1415,-0.0113, 0.0100,-1.3609, 0.7817, 1.1109,1
-0.0290, 0.0000,-3.1447, 3.1415,-0.0083, 0.0020,-0.7292, 0.7817, 1.1109,1
-0.0295, 0.0000,-3.1478, 3.1415,-0.0441,-0.2509, 4.6799, 0.7817, 1.1109,1
-0.0295, 0.0000,-3.1478, 3.1415,-0.0088,-0.0501, 3.0112, 0.7817, 1.1109,1
-0.0296, 0.0000,-3.1478, 3.1415,-0.0078,-0.0100, 0.7501, 0.7817, 1.1109,1
-0.0295, 0.0000,-3.1478, 3.1415, 0.0044,-0.0020, 0.9860, 0.7817, 1.1109,1
-0.0292, 0.0000,-3.1478, 3.1415, 0.0251,-0.0004, 2.0702, 0.7817, 1.1109,1
-0.0288, 0.0000,-3.1447, 3.1415, 0.0353, 0.2512,-4.6799, 0.7817, 1.1109,1
-0.0292, 0.0000,-3.1447, 3.1415,-0.0232, 0.0502,-4.3605, 0.7817, 1.1109,1
-0.0291, 0.0000,-3.1447, 3.1415, 0.0074, 0.0100,-0.3017, 0.7817, 1.1109,1
-0.0292, 0.0000,-3.1447, 3.1415,-0.0106, 0.0020,-0.8662, 0.7817, 1.1109,1
-0.0297, 0.0000,-3.1447, 3.1415,-0.0445, 0.0004,-2.7081, 0.7817, 1.1109,1
-0.0303, 0.0000,-3.1478, 3.1415,-0.0574,-0.2512, 4.6799, 0.7817, 1.1109,1
-0.0304, 0.0000,-3.1510, 3.1415,-0.0175,-0.3015, 4.6799, 0.7817, 1.1109,1
-0.0304, 0.0000,-3.1510, 3.1415,-0.0035,-0.0603, 4.6426, 0.7817, 1.1109,1
-0.0303, 0.0000,-3.1510, 3.1415, 0.0053,-0.0120, 2.3637, 0.7817, 1.1109,1
-0.0300, 0.0000,-3.1478, 3.1415, 0.0313, 0.2489,-4.6799, 0.7817, 1.1109,1
-0.0301, 0.0000,-3.1478, 3.1415,-0.0058, 0.0497,-2.6043, 0.7817, 1.1109,1
-0.0303, 0.0000,-3.1478, 3.1415,-0.0193, 0.0099,-1.0783, 0.7817, 1.1109,1
-0.0304, 0.0000,-3.1478, 3.1415,-0.0099, 0.0019,-0.0888, 0.7817, 1.1109,1
-0.0309, 0.0000,-3.1510, 3.1415,-0.0444,-0.2509, 4.6799, 0.7817, 1.1109,1
-0.0309, 0.0000,-3.1510, 3.1415,-0.0088,-0.0501, 3.7379, 0.7817, 1.1109,1
-0.0308, 0.0000,-3.1510, 3.1415, 0.0103,-0.0100, 2.5144, 0.7817, 1.1109,1
-0.0308, 0.0000,-3.1510, 3.1415, 0.0020,-0.0020, 1.5835, 0.7817, 1.1109,1
-0.0306, 0.0000,-3.1510, 3.1415, 0.0186,-0.0004, 2.4324, 0.7817, 1.1109,1
-0.0301, 0.0000,-3.1478, 3.1415, 0.0401, 0.2512,-4.6799, 0.7817, 1.1109,1
-0.0299, 0.0000,-3.1478, 3.1415, 0.0262, 0.0502,-0.8124, 0.7817, 1.1109,1
-0.0301, 0.0000,-3.1478, 3.1415,-0.0129, 0.0100,-0.7142, 0.7817, 1.1109,1
-0.0300, 0.0000,-3.1478, 3.1415, 0.0034, 0.0020, 0.6797, 0.7817, 1.1109,1
-0.0301, 0.0000,-3.1510, 3.1415,-0.0053,-0.2509, 4.6799, 0.7817, 1.1109,1
-0.0299, 0.0000,-3.1510, 3.1415, 0.0171,-0.0501, 4.6799, 0.7817, 1.1109,1
-0.0298, 0.0000,-3.1510, 3.1415, 0.0094,-0.0100, 2.4968, 0.7817, 1.1109,1
-0.0294, 0.0000,-3.1478, 3.1415, 0.0382, 0.2493,-4.6799, 0.7817, 1.1109,1
-0.0294, 0.0000,-3.1478, 3.1415, 0.0015, 0.0498,-2.1669, 0.7817, 1.1109,1
-0.0296, 0.0000,-3.1478, 3.1415,-0.0118, 0.0099,-0.6286, 0.7817, 1.1109,1
-0.0296, 0.0000,-3.1510, 3.1415,-0.0023,-0.2493, 4.6799, 0.7817, 1.1109,1
-0.0294, 0.0000,-3.1510, 3.1415, 0.0177,-0.0498, 4.6799, 0.7817, 1.1109,1
-0.0294, 0.0000,-3.1510, 3.1415,-0.0025,-0.0099, 1.8266, 0.7817, 1.1109,1
-0.0291, 0.0000,-3.1510, 3.1415, 0.0237,-0.0019, 2.8605, 0.7817, 1.1109,1
-0.0288, 0.0000,-3.1510, 3.1415, 0.0290,-0.0003, 3.0750, 0.7817, 1.1109,1
-0.0283, 0.0000,-3.1478, 3.1415, 0.0482, 0.2512,-4.6799, 0.7817, 1.1109,1
-0.0284, 0.0000,-3.1478, 3.1415,-0.0024, 0.0502,-2.3880, 0.7817, 1.1109,1
-0.0281, 0.0000,-3.1478, 3.1415, 0.0237, 0.0100, 1.4222, 0.7817, 1.1109,1
-0.0278, 0.0000,-3.1478, 3.1415, 0.0290, 0.0020, 2.1920, 0.7817, 1.1109,1
-0.0273, 0.0000,-3.1478, 3.1415, 0.0482, 0.0004, 3.3886, 0.7817, 1.1109,1
-0.0271, 0.0000,-3.1478, 3.1415, 0.0278, 0.0000, 2.2613, 0.7817, 1.1109,1
-0.0265, 0.0000,-3.1478, 3.1415, 0.0540, 0.0000, 3.7667, 0.7817, 1.1109,1
-0.0257, 0.0000,-3.1447, 3.1415, 0.0714, 0.2513,-4.6799, 0.7817, 1.1109,1
-0.0255, 0.0000,-3.1447, 3.1415, 0.0324, 0.0502,-1.0950, 0.7817, 1.1109,1
-0.0253, 0.0000,-3.1447, 3.1415, 0.0246, 0.0100, 0.7903, 0.7817, 1.1109,1
-0.0245, 0.0000,-3.1447, 3.1415, 0.0655, 0.0020, 3.5883, 0.7817, 1.1109,1
-0.0242, 0.0000,-3.1415, 3.1415, 0.0373, 0.2517,-4.6799, 0.7817, 1.1109,1
-0.0243, 0.0000,-3.1415, 3.1415, 0.0014, 0.0503,-3.5927, 0.7817, 1.1109,1
-0.0241, 0.0000,-3.1415, 3.1415, 0.0184, 0.0100,-0.2989, 0.7817, 1.1109,1
-0.0242, 0.0000,-3.1447, 3.1415,-0.0084,-0.2493, 4.6799, 0.7817, 1.1109,1
-0.0239, 0.0000,-3.1447, 3.1415, 0.0225,-0.0498, 4.1686, 0.7817, 1.1109,1
-0.0237, 0.0000,-3.1447, 3.1415, 0.0166,-0.0099, 1.5383, 0.7817, 1.1109,1
-0.0235, 0.0000,-3.1447, 3.1415, 0.0215,-0.0019, 1.3611, 0.7817, 1.1109,1
-0.0231, 0.0000,-3.1447, 3.1415, 0.0406,-0.0003, 2.3664, 0.7817, 1.1109,1
-0.0223, 0.0000,-3.1415, 3.1415, 0.0687, 0.2512,-4.6799, 0.7817, 1.1109,1
-0.0223, 0.0000,-3.1415, 3.1415, 0.0137, 0.0502,-2.8273, 0.7817, 1.1109,1
-0.0219, 0.0000,-3.1415, 3.1415, 0.0391, 0.0100, 0.9390, 0.7817, 1.1109,1
-0.0215, 0.0000,-3.1415, 3.1415, 0.0381, 0.0020, 1.3588, 0.7817, 1.1109,1
-0.0209, 0.0000,-3.1415, 3.1415, 0.0561, 0.0004, 2.4874, 0.7817, 1.1109,1
-0.0205, 0.0000,-3.1415, 3.1415, 0.0415, 0.0000, 1.6934, 0.7817, 1.1109,1
-0.0199, 0.0000,-3.1384, 3.1415, 0.0568, 0.2513,-4.6799, 0.7817, 1.1109,1
-0.0199, 0.0000,-3.1384, 3.1415, 0.0113, 0.0502,-3.6624, 0.7817, 1.1109,1
-0.0197, 0.0000,-3.1384, 3.1415, 0.0204, 0.0100,-0.8221, 0.7817, 1.1109,1
-0.0195, 0.0000,-3.1384, 3.1415, 0.0162, 0.0020,-0.5933, 0.7817, 1.1109,1
-0.0197, 0.0000,-3.1415, 3.1415,-0.0149,-0.2509, 4.6799, 0.7817, 1.1109,1
-0.0194, 0.0000,-3.1415, 3.1415, 0.0212,-0.0501, 3.4794, 0.7817, 1.1109,1
-0.0194, 0.0000,-3.1415, 3.1415, 0.0103,-0.0100, 0.5481, 0.7817, 1.1109,1
-0.0190, 0.0000,-3.1415, 3.1415, 0.0263,-0.0020, 0.9988, 0.7817, 1.1109,1
-0.0187, 0.0000,-3.1415, 3.1415, 0.0355,-0.0004, 1.4417, 0.7817, 1.1109,1
-0.0182, 0.0000,-3.1415, 3.1415, 0.0434,-0.0000, 1.8849, 0.7817, 1.1109,1
-0.0176, 0.0000,-3.1384, 3.1415, 0.0572, 0.2513,-4.6799, 0.7817, 1.1109,1
-0.0177, 0.0000,-3.1384, 3.1415, 0.0053, 0.0502,-3.9307, 0.7817, 1.1109,1
-0.0174, 0.0000,-3.1384, 3.1415, 0.0253, 0.0100,-0.4751, 0.7817, 1.1109,1
-0.0173, 0.0000,-3.1384, 3.1415, 0.0111, 0.0020,-0.8114, 0.7817, 1.1109,1
-0.0176, 0.0000,-3.1415, 3.1415,-0.0220,-0.2509, 4.6799, 0.7817, 1.1109,1
-0.0175, 0.0000,-3.1415, 3.1415, 0.0077,-0.0501, 2.7764, 0.7817, 1.1109,1
-0.0172, 0.0000,-3.1415, 3.1415, 0.0197,-0.0100, 1.1474, 0.7817, 1.1109,1
-0.0171, 0.0000,-3.1415, 3.1415, 0.0160,-0.0020, 0.4823, 0.7817, 1.1109,1
-0.0167, 0.0000,-3.1415, 3.1415, 0.0335,-0.0004, 1.3882, 0.7817, 1.1109,1
-0.0163, 0.0000,-3.1415, 3.1415, 0.0370,-0.0000, 1.5790, 0.7817, 1.1109,1
-0.0159, 0.0000,-3.1415, 3.1415, 0.0377,-0.0000, 1.6267, 0.7817, 1.1109,1
-0.0154, 0.0000,-3.1384, 3.1415, 0.0499, 0.2513,-4.6799, 0.7817, 1.1109,1
-0.0154, 0.0000,-3.1384, 3.1415, 0.0099, 0.0502,-3.5979, 0.7817, 1.1109,1
-0.0152, 0.0000,-3.1384, 3.1415, 0.0201, 0.0100,-0.6960, 0.7817, 1.1109,1
-0.0151, 0.0000,-3.1384, 3.1415, 0.0101, 0.0020,-0.8000, 0.7817, 1.1109,1
-0.0154, 0.0000,-3.1384, 3.1415,-0.0222, 0.0004,-2.5440, 0.7817, 1.1109,1
-0.0157, 0.0000,-3.1415, 3.1415,-0.0287,-0.2512, 4.6799, 0.7817, 1.1109,1
-0.0156, 0.0000,-3.1415, 3.1415, 0.0063,-0.0502, 2.7647, 0.7817, 1.1109,1
-0.0156, 0.0000,-3.1447, 3.1415,-0.0047,-0.2613, 4.6799, 0.7817, 1.1109,1
-0.0153, 0.0000,-3.1447, 3.1415, 0.0232,-0.0522, 4.6197, 0.7817, 1.1109,1
-0.0151, 0.0000,-3.1447, 3.1415, 0.0228,-0.0104, 2.1902, 0.7817, 1.1109,1
-0.0147, 0.0000,-3.1415, 3.1415, 0.0348, 0.2492,-4.6799, 0.7817, 1.1109,1
-0.0148, 0.0000,-3.1415, 3.1415, 0.0009, 0.0498,-3.2924, 0.7817, 1.1109,1
-0.0148, 0.0000,-3.1415, 3.1415, 0.0001, 0.0099,-1.0343, 0.7817, 1.1109,1
-0.0148, 0.0000,-3.1415, 3.1415, 0.0000, 0.0019,-0.5826, 0.7817, 1.1109,1
-0.0151, 0.0000,-3.1447, 3.1415,-0.0242,-0.2509, 4.6799, 0.7817, 1.1109,1
-0.0149, 0.0000,-3.1447, 3.1415, 0.0133,-0.0501, 3.9511, 0.7817, 1.1109,1
-0.0147, 0.0000,-3.1447, 3.1415, 0.0208,-0.0100, 2.0680, 0.7817, 1.1109,1
-0.0145, 0.0000,-3.1447, 3.1415, 0.0162,-0.0020, 1.3521, 0.7817, 1.1109,1
-0.0144, 0.0000,-3.1447, 3.1415, 0.0153,-0.0004, 1.2127, 0.7817, 1.1109,1
-0.0140, 0.0000,-3.1447, 3.1415, 0.0273,-0.0000, 1.8787, 0.7817, 1.1109,1
-0.0134, 0.0000,-3.1447, 3.1415, 0.0539,-0.0000, 3.3997, 0.7817, 1.1109,1
-0.0127, 0.0000,-3.1415, 3.1415, 0.0714, 0.2513,-4.6799, 0.7817, 1.1109,1
-0.0127, 0.0000,-3.1415, 3.1415, 0.0142, 0.0502,-2.4938, 0.7817, 1.1109,1
-0.0127, 0.0000,-3.1415, 3.1415, 0.0028, 0.0100,-0.8208, 0.7817, 1.1109,1
-0.0124, 0.0000,-3.1415, 3.1415, 0.0248, 0.0020, 0.8938, 0.7817, 1.1109,1
-0.0125, 0.0000,-3.1447, 3.1415,-0.0071,-0.2509, 4.6799, 0.7817, 1.1109,1
-0.0123, 0.0000,-3.1447, 3.1415, 0.0167,-0.0501, 4.2256, 0.7817, 1.1109,1
-0.0120, 0.0000,-3.1447, 3.1415, 0.0276,-0.0100, 2.5331, 0.7817, 1.1109,1
-0.0115, 0.0000,-3.1447, 3.1415, 0.0479,-0.0020, 3.2373, 0.7817, 1.1109,1
-0.0109, 0.0000,-3.1415, 3.1415, 0.0580, 0.2509,-4.6799, 0.7817, 1.1109,1
-0.0110, 0.0000,-3.1415, 3.1415,-0.0005, 0.0501,-3.2723, 0.7817, 1.1109,1
-0.0109, 0.0000,-3.1415, 3.1415, 0.0059, 0.0100,-0.5893, 0.7817, 1.1109,1
-0.0109, 0.0000,-3.1415, 3.1415, 0.0072, 0.0020,-0.0508, 0.7817, 1.1109,1
-0.0113, 0.0000,-3.1447, 3.1415,-0.0349,-0.2509, 4.6799, 0.7817, 1.1109,1
-0.0110, 0.0000,-3.1447, 3.1415, 0.0172,-0.0501, 4.2952, 0.7817, 1.1109,1
-0.0109, 0.0000,-3.1478, 3.1415, 0.0095,-0.2613, 4.6799, 0.7817, 1.1109,1
-0.0109, 0.0000,-3.1478, 3.1415, 0.0079,-0.0522, 4.6699, 0.7817, 1.1109,1
-0.0105, 0.0000,-3.1447, 3.1415, 0.0319, 0.2408,-4.6799, 0.7817, 1.1109,1
-0.0106, 0.0000,-3.1447, 3.1415,-0.0057, 0.0481,-2.6647, 0.7817, 1.1109,1
-0.0105, 0.0000,-3.1447, 3.1415, 0.0109, 0.0096, 0.5071, 0.7817, 1.1109,1
-0.0103, 0.0000,-3.1447, 3.1415, 0.0203, 0.0019, 1.4904, 0.7817, 1.1109,1
-0.0100, 0.0000,-3.1478, 3.1415, 0.0222,-0.2509, 4.6799, 0.7817, 1.1109,1
-0.0097, 0.0000,-3.1478, 3.1415, 0.0347,-0.0501, 4.6799, 0.7817, 1.1109,1
-0.0090, 0.0000,-3.1447, 3.1415, 0.0554, 0.2412,-4.6799, 0.7817, 1.1109,1
-0.0093, 0.0000,-3.1447, 3.1415,-0.0070, 0.0482,-2.7028, 0.7817, 1.1109,1
-0.0093, 0.0000,-3.1447, 3.1415,-0.0014, 0.0096,-0.1559, 0.7817, 1.1109,1
-0.0092, 0.0000,-3.1478, 3.1415, 0.0057,-0.2493, 4.6799, 0.7817, 1.1109,1
-0.0090, 0.0000,-3.1478, 3.1415, 0.0193,-0.0498, 4.6799, 0.7817, 1.1109,1
-0.0088, 0.0000,-3.1478, 3.1415, 0.0159,-0.0099, 2.7495, 0.7817, 1.1109,1
-0.0086, 0.0000,-3.1478, 3.1415, 0.0213,-0.0019, 2.6013, 0.7817, 1.1109,1
-0.0078, 0.0000,-3.1478, 3.1415, 0.0649,-0.0003, 4.6799, 0.7817, 1.1109,1
-0.0072, 0.0000,-3.1478, 3.1415, 0.0614,-0.0000, 4.6799, 0.7817, 1.1109,1
-0.0062, 0.0000,-3.1447, 3.1415, 0.0971, 0.2512,-4.6799, 0.7817, 1.1109,1
-0.0057, 0.0000,-3.1415, 3.1415, 0.0558, 0.3015,-4.6799, 0.7817, 1.1109,1
-0.0055, 0.0000,-3.1415, 3.1415, 0.0293, 0.0603,-1.9943, 0.7817, 1.1109,1
-0.0049, 0.0000,-3.1415, 3.1415, 0.0543, 0.0120, 2.2213, 0.7817, 1.1109,1
-0.0045, 0.0000,-3.1415, 3.1415, 0.0411, 0.0024, 2.0447, 0.7817, 1.1109,1
-0.0040, 0.0000,-3.1415, 3.1415, 0.0506, 0.0004, 2.7090, 0.7817, 1.1109,1
-0.0034, 0.0000,-3.1415, 3.1415, 0.0525, 0.0000, 2.8553, 0.7817, 1.1109,1
-0.0028, 0.0000,-3.1415, 3.1415, 0.0650, 0.0000, 3.5881, 0.7817, 1.1109,1
-0.0020, 0.0000,-3.1384, 3.1415, 0.0736, 0.2513,-4.6799, 0.7817, 1.1109,1
-0.0015, 0.0000,-3.1353, 3.1415, 0.0571, 0.3015,-4.6799, 0.7817, 1.1109,1
-0.0012, 0.0000,-3.1353, 3.1415, 0.0296, 0.0603,-3.3955, 0.7817, 1.1109,1
-0.0010, 0.0000,-3.1353, 3.1415, 0.0241, 0.0120,-0.9173, 0.7817, 1.1109,1
-0.0010, 0.0000,-3.1353, 3.1415, 0.0048, 0.0024,-1.4510, 0.7817, 1.1109,1
-0.0012, 0.0000,-3.1384, 3.1415,-0.0111,-0.2508, 4.6799, 0.7817, 1.1109,1
-0.0011, 0.0000,-3.1384, 3.1415, 0.0038,-0.0501, 2.2976, 0.7817, 1.1109,1
-0.0010, 0.0000,-3.1415, 3.1415, 0.0068,-0.2613, 4.6799, 0.7817, 1.1109,1
-0.0008, 0.0000,-3.1415, 3.1415, 0.0195,-0.0522, 0.0000, 0.7817, 1.1109,1
-0.0006, 0.0000,-3.1415, 3.1415, 0.0221,-0.0104, 0.0000, 0.7817, 1.1109,1
-0.0004, 0.0000,-3.1384, 3.1415, 0.0165, 0.2492,-4.6799, 0.7817, 1.1109,1
-0.0002, 0.0000,-3.1384, 3.1415, 0.0214, 0.0498,-2.4421, 0.7817, 1.1109,1
-0.0004, 0.0000,-3.1415, 3.1415,-0.0138,-0.2413, 0.0000, 0.7817, 1.1109,1
-0.0005, 0.0000,-3.1415, 3.1415,-0.0088,-0.0482, 0.0000, 0.7817, 1.1109,1
-0.0005, 0.0000,-3.1415, 3.1415,-0.0017,-0.0096, 0.0000, 0.7817, 1.1109,1
-0.0007, 0.0000,-3.1447, 3.1415,-0.0185,-0.2532, 4.6799, 0.7817, 1.1109,1
-0.0005, 0.0000,-3.1447, 3.1415, 0.0144,-0.0506, 4.4978, 0.7817, 1.1109,1
-0.0001, 0.0000,-3.1447, 3.1415, 0.0332,-0.0101, 3.2317, 0.7817, 1.1109,1
 0.0001, 0.0000,-3.1447, 3.1415, 0.0308,-0.0020, 2.6430, 0.7817, 1.1109,1
 0.0006, 0.0000,-3.1447, 3.1415, 0.0486,-0.0004, 3.5680, 0.7817, 1.1109,1
 0.0015, 0.0000,-3.1415, 3.1415, 0.0764, 0.2512,-4.6799, 0.7817, 1.1109,1
 0.0017, 0.0000,-3.1415, 3.1415, 0.0334, 0.0502,-0.9508, 0.7817, 1.1109,1
 0.0021, 0.0000,-3.1384, 3.1415, 0.0370, 0.2613,-4.6799, 0.7817, 1.1109,1
 0.0023, 0.0000,-3.1384, 3.1415, 0.0255, 0.0522,-2.2694, 0.7817, 1.1109,1
 0.0021, 0.0000,-3.1415, 3.1415,-0.0130,-0.2408, 4.6799, 0.7817, 1.1109,1
 0.0025, 0.0000,-3.1415, 3.1415, 0.0337,-0.0481, 4.6799, 0.7817, 1.1109,1
 0.0028, 0.0000,-3.1415, 3.1415, 0.0249,-0.0096, 2.0537, 0.7817, 1.1109,1
 0.0029, 0.0000,-3.1415, 3.1415, 0.0171,-0.0019, 1.1717, 0.7817, 1.1109,1
 0.0031, 0.0000,-3.1415, 3.1415, 0.0216,-0.0003, 1.3442, 0.7817, 1.1109,1
 0.0037, 0.0000,-3.1415, 3.1415, 0.0467,-0.0000, 2.7645, 0.7817, 1.1109,1
 0.0043, 0.0000,-3.1415, 3.1415, 0.0639,-0.0000, 3.7521, 0.7817, 1.1109,1
 0.0050, 0.0000,-3.1384, 3.1415, 0.0612, 0.2513,-4.6799, 0.7817, 1.1109,1
 0.0050, 0.0000,-3.1384, 3.1415, 0.0122, 0.0502,-2.8230, 0.7817, 1.1109,1
 0.0052, 0.0000,-3.1384, 3.1415, 0.0206, 0.0100,-0.0234, 0.7817, 1.1109,1
 0.0053, 0.0000,-3.1384, 3.1415, 0.0162, 0.0020, 0.1972, 0.7817, 1.1109,1
 0.0055, 0.0000,-3.1384, 3.1415, 0.0153, 0.0004, 0.2452, 0.7817, 1.1109,1
 0.0054, 0.0000,-3.1384, 3.1415,-0.0029, 0.0000,-0.7764, 0.7817, 1.1109,1
 0.0055, 0.0000,-3.1384, 3.1415, 0.0054, 0.0000,-0.2926, 0.7817, 1.1109,1
 0.0053, 0.0000,-3.1384, 3.1415,-0.0170, 0.0000,-1.5740, 0.7817, 1.1109,1
 0.0050, 0.0000,-3.1415, 3.1415,-0.0216,-0.2513, 4.6799, 0.7817, 1.1109,1
 0.0053, 0.0000,-3.1415, 3.1415, 0.0199,-0.0502, 4.1949, 0.7817, 1.1109,1
 0.0054, 0.0000,-3.1415, 3.1415, 0.0100,-0.0100, 1.3201, 0.7817, 1.1109,1
 0.0055, 0.0000,-3.1415, 3.1415, 0.0080,-0.0020, 0.7471, 0.7817, 1.1109,1
 0.0058, 0.0000,-3.1415, 3.1415, 0.0258,-0.0004, 1.6694, 0.7817, 1.1109,1
 0.0064, 0.0000,-3.1415, 3.1415, 0.0536,-0.0000, 3.2417, 0.7817, 1.1109,1
 0.0069, 0.0000,-3.1415, 3.1415, 0.0531,-0.0000, 3.2265, 0.7817, 1.1109,1
 0.0077, 0.0000,-3.1384, 3.1415, 0.0712, 0.2513,-4.6799, 0.7817, 1.1109,1
 0.0075, 0.0000,-3.1384, 3.1415,-0.0039, 0.0502,-3.6591, 0.7817, 1.1109,1
 0.0078, 0.0000,-3.1353, 3.1415, 0.0234, 0.2613,-4.6799, 0.7817, 1.1109,1
 0.0078, 0.0000,-3.1384, 3.1415, 0.0107,-0.1990, 4.6799, 0.7817, 1.1109,1
 0.0082, 0.0000,-3.1384, 3.1415, 0.0324,-0.0398, 3.6158, 0.7817, 1.1109,1
 0.0083, 0.0000,-3.1384, 3.1415, 0.0125,-0.0079, 0.6567, 0.7817, 1.1109,1
 0.0084, 0.0000,-3.1384, 3.1415, 0.0146,-0.0015, 0.4118, 0.7817, 1.1109,1
 0.0084, 0.0000,-3.1384, 3.1415, 0.0029,-0.0003,-0.3233, 0.7817, 1.1109,1
 0.0086, 0.0000,-3.1384, 3.1415, 0.0127,-0.0000, 0.2197, 0.7817, 1.1109,1
 0.0090, 0.0000,-3.1384, 3.1415, 0.0389,-0.0000, 1.7122, 0.7817, 1.1109,1
 0.0093, 0.0000,-3.1384, 3.1415, 0.0320,-0.0000, 1.3322, 0.7817, 1.1109,1
 0.0097, 0.0000,-3.1353, 3.1415, 0.0306, 0.2513,-4.6799, 0.7817, 1.1109,1
 0.0095, 0.0000,-3.1353, 3.1415,-0.0059, 0.0502,-4.4858, 0.7817, 1.1109,1
 0.0096, 0.0000,-3.1353, 3.1415, 0.0048, 0.0100,-1.5512, 0.7817, 1.1109,1
 0.0093, 0.0000,-3.1353, 3.1415,-0.0172, 0.0020,-2.3425, 0.7817, 1.1109,1
 0.0088, 0.0000,-3.1384, 3.1415,-0.0458,-0.2509, 4.6799, 0.7817, 1.1109,1
 0.0090, 0.0000,-3.1415, 3.1415, 0.0090,-0.3015, 4.6799, 0.7817, 1.1109,1
 0.0089, 0.0000,-3.1415, 3.1415,-0.0103,-0.0603, 3.1765, 0.7817, 1.1109,1
 0.0090, 0.0000,-3.1415, 3.1415, 0.0100,-0.0120, 1.5516, 0.7817, 1.1109,1
 0.0093, 0.0000,-3.1415, 3.1415, 0.0262,-0.0024, 1.9205, 0.7817, 1.1109,1
 0.0097, 0.0000,-3.1384, 3.1415, 0.0355, 0.2508,-4.6799, 0.7817, 1.1109,1
 0.0097, 0.0000,-3.1384, 3.1415, 0.0071, 0.0501,-2.9572, 0.7817, 1.1109,1
 0.0098, 0.0000,-3.1384, 3.1415, 0.0074, 0.0100,-0.6195, 0.7817, 1.1109,1
 0.0097, 0.0000,-3.1384, 3.1415,-0.0106, 0.0020,-1.1851, 0.7817, 1.1109,1
 0.0094, 0.0000,-3.1384, 3.1415,-0.0203, 0.0004,-1.6471, 0.7817, 1.1109,1
 0.0089, 0.0000,-3.1415, 3.1415,-0.0465,-0.2512, 4.6799, 0.7817, 1.1109,1
 0.0090, 0.0000,-3.1415, 3.1415,-0.0032,-0.0502, 2.9997, 0.7817, 1.1109,1
 0.0089, 0.0000,-3.1415, 3.1415,-0.0067,-0.0100, 0.4830, 0.7817, 1.1109,1
 0.0090, 0.0000,-3.1415, 3.1415, 0.0047,-0.0020, 0.6678, 0.7817, 1.1109,1
 0.0091, 0.0000,-3.1415, 3.1415, 0.0130,-0.0004, 1.0518, 0.7817, 1.1109,1
 0.0093, 0.0000,-3.1415, 3.1415, 0.0208,-0.0000, 1.4774, 0.7817, 1.1109,1
 0.0100, 0.0000,-3.1384, 3.1415, 0.0526, 0.2513,-4.6799, 0.7817, 1.1109,1
 0.0099, 0.0000,-3.1384, 3.1415, 0.0044, 0.0502,-3.1072, 0.7817, 1.1109,1
 0.0097, 0.0000,-3.1384, 3.1415,-0.0172, 0.0100,-2.0257, 0.7817, 1.1109,1
 0.0097, 0.0000,-3.1384, 3.1415,-0.0034, 0.0020,-0.7801, 0.7817, 1.1109,1
 0.0092, 0.0000,-3.1415, 3.1415,-0.0370,-0.2509, 4.6799, 0.7817, 1.1109,1
 0.0091, 0.0000,-3.1415, 3.1415,-0.0134,-0.0501, 2.4222, 0.7817, 1.1109,1
 0.0093, 0.0000,-3.1415, 3.1415, 0.0094,-0.0100, 1.4065, 0.7817, 1.1109,1
 0.0093, 0.0000,-3.1415, 3.1415, 0.0018,-0.0020, 0.5171, 0.7817, 1.1109,1
 0.0094, 0.0000,-3.1415, 3.1415, 0.0125,-0.0004, 1.0293, 0.7817, 1.1109,1
 0.0098, 0.0000,-3.1415, 3.1415, 0.0328,-0.0000, 2.1706, 0.7817, 1.1109,1
 0.0104, 0.0000,-3.1384, 3.1415, 0.0550, 0.2513,-4.6799, 0.7817, 1.1109,1
 0.0106, 0.0000,-3.1353, 3.1415, 0.0292, 0.3015,-4.6799, 0.7817, 1.1109,1
 0.0104, 0.0000,-3.1353, 3.1415,-0.0123, 0.0603,-4.6799, 0.7817, 1.1109,1
 0.0105, 0.0000,-3.1353, 3.1415, 0.0035, 0.0120,-1.7102, 0.7817, 1.1109,1
 0.0100, 0.0000,-3.1384, 3.1415,-0.0417,-0.2488, 4.6799, 0.7817, 1.1109,1
 0.0100, 0.0000,-3.1384, 3.1415,-0.0083,-0.0497, 1.9396, 0.7817, 1.1109,1
 0.0099, 0.0000,-3.1415, 3.1415,-0.0077,-0.2612, 4.6799, 0.7817, 1.1109,1
 0.0101, 0.0000,-3.1384, 3.1415, 0.0166, 0.1990,-4.6799, 0.7817, 1.1109,1
 0.0098, 0.0000,-3.1384, 3.1415,-0.0209, 0.0398,-3.9421, 0.7817, 1.1109,1
 0.0094, 0.0000,-3.1384, 3.1415,-0.0345, 0.0079,-2.8847, 0.7817, 1.1109,1
 0.0092, 0.0000,-3.1415, 3.1415,-0.0250,-0.2497, 4.6799, 0.7817, 1.1109,1
 0.0092, 0.0000,-3.1415, 3.1415,-0.0050,-0.0499, 2.8889, 0.7817, 1.1109,1
 0.0091, 0.0000,-3.1415, 3.1415,-0.0070,-0.0099, 0.4666, 0.7817, 1.1109,1
 0.0091, 0.0000,-3.1415, 3.1415,-0.0014,-0.0019, 0.3253, 0.7817, 1.1109,1
 0.0093, 0.0000,-3.1415, 3.1415, 0.0179,-0.0003, 1.3321, 0.7817, 1.1109,1
 0.0097, 0.0000,-3.1384, 3.1415, 0.0338, 0.2512,-4.6799, 0.7817, 1.1109,1
 0.0097, 0.0000,-3.1384, 3.1415, 0.0067, 0.0502,-2.9807, 0.7817, 1.1109,1
 0.0097, 0.0000,-3.1384, 3.1415,-0.0047, 0.0100,-1.3142, 0.7817, 1.1109,1
 0.0095, 0.0000,-3.1384, 3.1415,-0.0130, 0.0020,-1.3279, 0.7817, 1.1109,1
 0.0090, 0.0000,-3.1384, 3.1415,-0.0389, 0.0004,-2.7145, 0.7817, 1.1109,1
 0.0084, 0.0000,-3.1415, 3.1415,-0.0563,-0.2512, 4.6799, 0.7817, 1.1109,1
 0.0084, 0.0000,-3.1415, 3.1415,-0.0173,-0.0502, 2.1845, 0.7817, 1.1109,1
 0.0081, 0.0000,-3.1447, 3.1415,-0.0277,-0.2613, 4.6799, 0.7817, 1.1109,1
 0.0081, 0.0000,-3.1447, 3.1415, 0.0005,-0.0522, 4.0781, 0.7817, 1.1109,1
 0.0083, 0.0000,-3.1415, 3.1415, 0.0122, 0.2408,-4.6799, 0.7817, 1.1109,1
 0.0081, 0.0000,-3.1415, 3.1415,-0.0157, 0.0481,-3.4110, 0.7817, 1.1109,1
 0.0079, 0.0000,-3.1415, 3.1415,-0.0152, 0.0096,-1.1671, 0.7817, 1.1109,1
 0.0078, 0.0000,-3.1415, 3.1415,-0.0151, 0.0019,-0.7221, 0.7817, 1.1109,1
 0.0072, 0.0000,-3.1415, 3.1415,-0.0454, 0.0003,-2.3621, 0.7817, 1.1109,1
 0.0065, 0.0000,-3.1447, 3.1415,-0.0697,-0.2512, 4.6799, 0.7817, 1.1109,1
 0.0062, 0.0000,-3.1478, 3.1415,-0.0321,-0.3015, 4.6799, 0.7817, 1.1109,1
 0.0062, 0.0000,-3.1478, 3.1415,-0.0064,-0.0603, 4.6799, 0.7817, 1.1109,1
 0.0062, 0.0000,-3.1478, 3.1415,-0.0073,-0.0120, 2.0277, 0.7817, 1.1109,1
 0.0063, 0.0000,-3.1447, 3.1415, 0.0106, 0.2488,-4.6799, 0.7817, 1.1109,1
 0.0062, 0.0000,-3.1447, 3.1415,-0.0039, 0.0497,-2.1181, 0.7817, 1.1109,1
 0.0060, 0.0000,-3.1447, 3.1415,-0.0189, 0.0099,-0.6791, 0.7817, 1.1109,1
 0.0060, 0.0000,-3.1447, 3.1415,-0.0037, 0.0019, 0.6379, 0.7817, 1.1109,1
 0.0059, 0.0000,-3.1447, 3.1415,-0.0068, 0.0003, 0.5563, 0.7817, 1.1109,1
 0.0059, 0.0000,-3.1447, 3.1415,-0.0013, 0.0000, 0.8831, 0.7817, 1.1109,1
 0.0060, 0.0000,-3.1447, 3.1415, 0.0057, 0.0000, 1.2935, 0.7817, 1.1109,1
 0.0062, 0.0000,-3.1447, 3.1415, 0.0132, 0.0000, 1.7225, 0.7817, 1.1109,1
 0.0065, 0.0000,-3.1447, 3.1415, 0.0329, 0.0000, 2.8473, 0.7817, 1.1109,1
 0.0068, 0.0000,-3.1415, 3.1415, 0.0308, 0.2513,-4.6799, 0.7817, 1.1109,1
 0.0068, 0.0000,-3.1415, 3.1415, 0.0061, 0.0502,-2.3317, 0.7817, 1.1109,1
 0.0067, 0.0000,-3.1415, 3.1415,-0.0108, 0.0100,-0.9819, 0.7817, 1.1109,1
 0.0067, 0.0000,-3.1415, 3.1415,-0.0021, 0.0020,-0.0257, 0.7817, 1.1109,1
 0.0062, 0.0000,-3.1415, 3.1415,-0.0368, 0.0004,-1.9046, 0.7817, 1.1109,1
 0.0056, 0.0000,-3.1447, 3.1415,-0.0558,-0.2512, 4.6799, 0.7817, 1.1109,1
 0.0056, 0.0000,-3.1447, 3.1415,-0.0111,-0.0502, 3.2214, 0.7817, 1.1109,1
 0.0056, 0.0000,-3.1447, 3.1415,-0.0082,-0.0100, 1.0634, 0.7817, 1.1109,1
 0.0055, 0.0000,-3.1447, 3.1415,-0.0077,-0.0020, 0.6299, 0.7817, 1.1109,1
 0.0056, 0.0000,-3.1447, 3.1415, 0.0105,-0.0004, 1.5764, 0.7817, 1.1109,1
 0.0059, 0.0000,-3.1447, 3.1415, 0.0203,-0.0000, 2.1146, 0.7817, 1.1109,1
 0.0065, 0.0000,-3.1415, 3.1415, 0.0525, 0.2513,-4.6799, 0.7817, 1.1109,1
 0.0067, 0.0000,-3.1415, 3.1415, 0.0287, 0.0502,-1.0629, 0.7817, 1.1109,1
 0.0065, 0.0000,-3.1384, 3.1415,-0.0124, 0.2613,-4.6799, 0.7817, 1.1109,1
 0.0064, 0.0000,-3.1384, 3.1415,-0.0085, 0.0522,-4.0695, 0.7817, 1.1109,1
 0.0059, 0.0000,-3.1415, 3.1415,-0.0380,-0.2408, 4.6799, 0.7817, 1.1109,1
 0.0061, 0.0000,-3.1415, 3.1415, 0.0045,-0.0481, 3.2267, 0.7817, 1.1109,1
 0.0059, 0.0000,-3.1415, 3.1415,-0.0112,-0.0096, 0.1106, 0.7817, 1.1109,1
 0.0059, 0.0000,-3.1415, 3.1415,-0.0083,-0.0019,-0.1714, 0.7817, 1.1109,1
 0.0057, 0.0000,-3.1415, 3.1415,-0.0137,-0.0003,-0.5747, 0.7817, 1.1109,1
 0.0054, 0.0000,-3.1415, 3.1415,-0.0270,-0.0000,-1.3493, 0.7817, 1.1109,1
 0.0054, 0.0000,-3.1415, 3.1415,-0.0054,-0.0000,-0.1318, 0.7817, 1.1109,1
 0.0049, 0.0000,-3.1447, 3.1415,-0.0435,-0.2513, 4.6799, 0.7817, 1.1109,1
 0.0050, 0.0000,-3.1447, 3.1415,-0.0026,-0.0502, 3.6829, 0.7817, 1.1109,1
 0.0050, 0.0000,-3.1447, 3.1415,-0.0005,-0.0100, 1.4835, 0.7817, 1.1109,1
 0.0051, 0.0000,-3.1447, 3.1415, 0.0120,-0.0020, 1.7337, 0.7817, 1.1109,1
 0.0052, 0.0000,-3.1415, 3.1415, 0.0084, 0.2509,-4.6799, 0.7817, 1.1109,1
 0.0051, 0.0000,-3.1415, 3.1415,-0.0043, 0.0501,-2.9777, 0.7817, 1.1109,1
 0.0050, 0.0000,-3.1415, 3.1415,-0.0069, 0.0100,-0.8101, 0.7817, 1.1109,1
 0.0047, 0.0000,-3.1415, 3.1415,-0.0256, 0.0020,-1.4136, 0.7817, 1.1109,1
 0.0043, 0.0000,-3.1415, 3.1415,-0.0354, 0.0004,-1.8870, 0.7817, 1.1109,1
 0.0037, 0.0000,-3.1447, 3.1415,-0.0555,-0.2512, 4.6799, 0.7817, 1.1109,1
 0.0037, 0.0000,-3.1478, 3.1415,-0.0111,-0.3015, 4.6799, 0.7817, 1.1109,1
 0.0037, 0.0000,-3.1478, 3.1415,-0.0082,-0.0603, 4.6777, 0.7817, 1.1109,1
 0.0037, 0.0000,-3.1478, 3.1415, 0.0044,-0.0120, 2.6152, 0.7817, 1.1109,1
 0.0037, 0.0000,-3.1447, 3.1415, 0.0008, 0.2488,-4.6799, 0.7817, 1.1109,1
 0.0037, 0.0000,-3.1447, 3.1415, 0.0001, 0.0497,-1.9650, 0.7817, 1.1109,1
 0.0036, 0.0000,-3.1447, 3.1415,-0.0120, 0.0099,-0.3667, 0.7817, 1.1109,1
 0.0035, 0.0000,-3.1447, 3.1415,-0.0084, 0.0019, 0.2940, 0.7817, 1.1109,1
 0.0034, 0.0000,-3.1447, 3.1415,-0.0077, 0.0003, 0.4243, 0.7817, 1.1109,1
 0.0035, 0.0000,-3.1447, 3.1415, 0.0045, 0.0000, 1.1385, 0.7817, 1.1109,1
 0.0036, 0.0000,-3.1447, 3.1415, 0.0069, 0.0000, 1.2832, 0.7817, 1.1109,1
 0.0038, 0.0000,-3.1447, 3.1415, 0.0195, 0.0000, 2.0042, 0.7817, 1.1109,1
 0.0042, 0.0000,-3.1415, 3.1415, 0.0342, 0.2513,-4.6799, 0.7817, 1.1109,1
 0.0042, 0.0000,-3.1415, 3.1415, 0.0068, 0.0502,-2.3773, 0.7817, 1.1109,1
 0.0040, 0.0000,-3.1415, 3.1415,-0.0107, 0.0100,-1.0581, 0.7817, 1.1109,1
 0.0040, 0.0000,-3.1415, 3.1415,-0.0082, 0.0020,-0.4531, 0.7817, 1.1109,1
 0.0035, 0.0000,-3.1415, 3.1415,-0.0380, 0.0004,-2.0591, 0.7817, 1.1109,1
 0.0031, 0.0000,-3.1447, 3.1415,-0.0439,-0.2512, 4.6799, 0.7817, 1.1109,1
 0.0030, 0.0000,-3.1447, 3.1415,-0.0148,-0.0502, 2.9292, 0.7817, 1.1109,1
 0.0030, 0.0000,-3.1447, 3.1415,-0.0029,-0.0100, 1.2829, 0.7817, 1.1109,1
 0.0030, 0.0000,-3.1447, 3.1415,-0.0005,-0.0020, 0.9537, 0.7817, 1.1109,1
 0.0031, 0.0000,-3.1447, 3.1415, 0.0120,-0.0004, 1.5779, 0.7817, 1.1109,1
 0.0034, 0.0000,-3.1415, 3.1415, 0.0266, 0.2512,-4.6799, 0.7817, 1.1109,1
 0.0036, 0.0000,-3.1415, 3.1415, 0.0174, 0.0502,-1.7959, 0.7817, 1.1109,1
 0.0036, 0.0000,-3.1415, 3.1415, 0.0034, 0.0100,-0.2671, 0.7817, 1.1109,1
 0.0036, 0.0000,-3.1415, 3.1415, 0.0006, 0.0020, 0.0386, 0.7817, 1.1109,1
 0.0036, 0.0000,-3.1415, 3.1415, 0.0001, 0.0004, 0.0997, 0.7817, 1.1109,1
 0.0036, 0.0000,-3.1415, 3.1415, 0.0000, 0.0000, 0.1119, 0.7817, 1.1109,1
 0.0036, 0.0000,-3.1415, 3.1415, 0.0000, 0.0000, 0.1144, 0.7817, 1.1109,1
 0.0037, 0.0000,-3.1415, 3.1415, 0.0060, 0.0000, 0.4599, 0.7817, 1.1109,1
 0.0039, 0.0000,-3.1415, 3.1415, 0.0194, 0.0000, 1.2210, 0.7817, 1.1109,1
 0.0043, 0.0000,-3.1384, 3.1415, 0.0402, 0.2513,-4.6799, 0.7817, 1.1109,1
 0.0044, 0.0000,-3.1384, 3.1415, 0.0141, 0.0502,-2.7349, 0.7817, 1.1109,1
 0.0043, 0.0000,-3.1384, 3.1415,-0.0032, 0.0100,-1.3993, 0.7817, 1.1109,1
 0.0042, 0.0000,-3.1384, 3.1415,-0.0127, 0.0020,-1.4791, 0.7817, 1.1109,1
 0.0038, 0.0000,-3.1384, 3.1415,-0.0328, 0.0004,-2.5340, 0.7817, 1.1109,1
 0.0031, 0.0000,-3.1415, 3.1415,-0.0611,-0.2512, 4.6799, 0.7817, 1.1109,1
 0.0030, 0.0000,-3.1415, 3.1415,-0.0243,-0.0502, 1.6171, 0.7817, 1.1109,1
 0.0030, 0.0000,-3.1415, 3.1415,-0.0048,-0.0100, 0.4001, 0.7817, 1.1109,1
 0.0030, 0.0000,-3.1415, 3.1415,-0.0009,-0.0020, 0.1567, 0.7817, 1.1109,1
 0.0031, 0.0000,-3.1415, 3.1415, 0.0058,-0.0004, 0.4530, 0.7817, 1.1109,1
 0.0031, 0.0000,-3.1415, 3.1415, 0.0072,-0.0000, 0.5142, 0.7817, 1.1109,1
 0.0037, 0.0000,-3.1384, 3.1415, 0.0438, 0.2513,-4.6799, 0.7817, 1.1109,