 0.0000, 0.0000, 0.0000, 0.0000, 0.0000
 0.0000, 0.0000, 0.0000, 0.0000, 0.0000
 0.0000, 0.0000, 0.0000, 0.0000, 0.0000
 0.0000, 0.0000, 0.0000, 0.0000, 0.0000
 0.0000, 0.0000, 0.0000, 0.0000, 0.0000
 0.0000, 0.0000, 0.0000, 0.0000, 0.0000
 0.0000, 0.0000, 0.0000, 0.0000, 0.0000
 0.0000, 0.0000, 0.0000, 0.0000, 0.0000
 0.0000, 0.0000, 0.0000, 0.0000, 0.0000
 0.0000, 0.0000, 0.0000, 0.0000, 0.0000
 0.0000, 0.0000, 0.0000, 0.0000, 0.0000
 0.0000, 0.0000, 0.0000, 0.0000, 0.0000
 0.0000, 0.0000, 0.0000, 0.0000, 0.0000
 0.0000, 0.0000, 0.0000, 0.0000, 0.0000
 0.0000, 0.0000, 0.0000, 0.0000, 0.0000
 0.0000, 0.0000, 0.0000, 0.0000, 0.0000
 0.0000, 0.0000, 0.0000, 0.0000, 0.0000
 0.0000, 0.0000, 0.0000, 0.0000, 0.0000
 0.0000, 0.0000, 0.0000, 0.0000, 0.0000
 0.0000, 0.0000, 0.0000, 0.0000, 0.0000
 0.0000, 0.0000, 0.0000, 0.0000, 0.0000
 0.0000, 0.0000, 0.0000, 0.0000, 0.0000
 0.0000, 0.0000, 0.0000, 0.0000, 0.0000
 0.0000, 0.0000, 0.0000, 0.0000, 0.0000
 0.0000, 0.0000, 0.0000, 0.0000, 0.0000
 0.0000, 0.0000, 0.0000, 0.0000, 0.0000
 0.0000, 0.0000, 0.0000, 0.0000, 0.0000
 0.0000, 0.0000, 0.0000, 0.0000, 0.0000
 0.0000, 0.0000, 0.0000, 0.0000, 0.0000
 0.0000, 0.0000, 0.0000, 0.0000, 0.0000
 0.0000, 0.0000, 0.0000, 0.0000, 0.0000
 0.0000, 0.0000, 0.0000, 0.0000, 0.0000
 0.0000, 0.0000, 0.0000, 0.0000, 0.0000
 0.0000, 0.0000, 0.0000, 0.0000, 0.0000
 0.0000, 0.0000, 0.0000, 0.0000, 0.0000
 0.0000, 0.0000, 0.0000, 0.0000, 0.0000
 0.0000, 0.0000, 0.0000, 0.0000, 0.0000
 0.0000, 0.0000, 0.0000, 0.0000, 0.0000
 0.0000, 0.0000, 0.0000, 0.0000, 0.0000
 0.0000, 0.0000, 0.0000, 0.0000, 0.0000
 0.0000, 0.0000, 0.0000, 0.0000, 0.0000
 0.0000, 0.0000, 0.0000, 0.0000, 0.0000
 0.0000, 0.0000, 0.0000, 0.0000, 0.0000
 0.0000, 0.0000, 0.0000, 0.0000, 0.0000
 0.0000, 0.0000, 0.0000, 0.0000, 0.0000
 0.0000, 0.0000, 0.0000, 0.0000, 0.0000
 0.0000, 0.0000, 0.0000, 0.0000, 0.0000
 0.0000, 0.0000, 0.0000, 0.0000, 0.0000
 0.0000, 0.0000, 0.0000, 0.0000, 0.0000
 0.0000, 0.0000, 0.0000, 0.0000, 0.0000
 0.0000, 0.0000, 0.0000, 0.0000, 0.0000
 0.0000, 0.0000, 0.0000, 0.0000, 0.0000
 0.0000, 0.0000, 0.0000, 0.0000, 0.0000
 0.0000, 0.0000, 0.0000, 0.0000, 0.0000
 0.0000, 0.0000, 0.0000, 0.0000, 0.0000
 0.0000, 0.0000, 0.0000, 0.0000, 0.0000
 0.0000, 0.0000, 0.0000, 0.0000, 0.0000
 0.0000, 0.0000, 0.0000, 0.0000, 0.0000
 0.0000, 0.0000, 0.0000, 0.0000, 0.0000
 0.0000, 0.0000, 0.0000, 0.0000, 0.0000
 0.0000, 0.0000, 0.0000, 0.0000, 0.0000
 0.0000, 0.0000, 0.0000, 0.0000, 0.0000
 0.0000, 0.0000, 0.0000, 0.0000, 0.0000
 0.0000, 0.0000, 0.0000, 0.0000, 0.0000
 0.0000, 0.0000, 0.0000, 0.0000, 0.0000
 0.0000, 0.0000, 0.0000, 0.0000, 0.0000
 0.0000, 0.0000, 0.0000, 0.0000, 0.0000
 0.0000, 0.0000, 0.0000, 0.0000, 0.0000
 0.0000, 0.0000, 0.0000, 0.0000, 0.0000
 0.0000, 0.0000, 0.0000, 0.0000, 0.0000
 0.0000, 0.0000, 0.0000, 0.0000, 0.0000
 0.0000, 0.0000, 0.0000, 0.0000, 0.0000
 0.0000, 0.0000, 0.0000, 0.0000, 0.0000
 0.0000, 0.0000, 0.0000, 0.0000, 0.0000
 0.0000, 0.0000, 0.0000, 0.0000, 0.0000
 0.0000, 0.0000, 0.0000, 0.0000, 0.0000
 0.0000, 0.0000, 0.0000, 0.0000, 0.0000
 0.0000, 0.0000, 0.0000, 0.0000, 0.0000
 0.0000, 0.0000, 0.0000, 0.0000, 0.0000
 0.0000, 0.0000, 0.0000, 0.0000, 0.0000
 0.0000, 0.0000, 0.0000, 0.0000, 0.0000
 0.0000, 0.0000, 0.0000, 0.0000, 0.0000
 0.0000, 0.0000, 0.0000, 0.0000, 0.0000
 0.0000, 0.0000, 0.0000, 0.0000, 0.0000
 0.0000, 0.0000, 0.0000, 0.0000, 0.0000
 0.0000, 0.0000, 0.0000, 0.0000, 0.0000
 0.0000, 0.0000, 0.0000, 0.0000, 0.0000
 0.0000, 0.0000, 0.0000, 0.0000, 0.0000
 0.0000, 0.0000, 0.0000, 0.0000, 0.0000
 0.0000, 0.0000, 0.0000, 0.0000, 0.0000
 0.0000, 0.0000, 0.0000, 0.0000, 0.0000
 0.0000, 0.0000, 0.0000, 0.0000, 0.0000
 0.0000, 0.0000, 0.0000, 0.0000, 0.0000
 0.0000, 0.0000, 0.0000, 0.0000, 0.0000
 0.0000, 0.0000, 0.0000, 0.0000, 0.0000
 0.0000, 0.0000, 0.0000, 0.0000, 0.0000
 0.0000, 0.0000, 0.0000, 0.0000, 0.0000
 0.0000, 0.0000, 0.0000, 0.0000, 0.0000
 0.0000, 0.0000, 0.0000, 0.0000, 0.0000
 0.0000, 0.0000, 0.0000, 0.0000, 0.0000
 0.0000, 0.0000, 0.0000, 0.0000, 0.0000
 0.0000, 0.0000, 0.0000, 0.0000, 0.0000
 0.0000, 0.0000, 0.0000, 0.0000, 0.0000
 0.0000, 0.0000, 0.0000, 0.0000, 0.0000
 0.0000, 0.0000, 0.0000, 0.0000, 0.0000
 0.0000, 0.0000, 0.0000, 0.0000, 0.0000
 0.0000, 0.0000, 0.0000, 0.0000, 0.0000
 0.0000, 0.0000, 0.0000, 0.0000, 0.0000
 0.0000, 0.0000, 0.0000, 0.0000, 0.0000
 0.0000, 0.0000, 0.0000, 0.0000, 0.0000
 0.0000, 0.0000, 0.0000, 0.0000, 0.0000
 0.0000, 0.0000, 0.0000, 0.0000, 0.0000
 0.0000, 0.0000, 0.0000, 0.0000, 0.0000
 0.0000, 0.0000, 0.0000, 0.0000, 0.0000
 0.0000, 0.0000, 0.0000, 0.0000, 0.0000
 0.0000, 0.0000, 0.0000, 0.0000, 0.0000
 0.0000, 0.0000, 0.0000, 0.0000, 0.0000
 0.0000, 0.0000, 0.0000, 0.0000, 0.0000
 0.0000, 0.0000, 0.0000, 0.0000, 0.0000
 0.0000, 0.0000, 0.0000, 0.0000, 0.0000
 0.0000, 0.0000, 0.0000, 0.0000, 0.0000
 0.0000, 0.0000, 0.0000, 0.0000, 0.0000
 0.0000, 0.0000, 0.0000, 0.0000, 0.0000
 0.0000, 0.0000, 0.0000, 0.0000, 0.0000
 0.0000, 0.0000, 0.0000, 0.0000, 0.0000
 0.0000, 0.0000, 0.0000, 0.0000, 0.0000
 0.0000, 0.0000, 0.0000, 0.0000, 0.0000
 0.0000, 0.0000, 0.0000, 0.0000, 0.0000
 0.0000, 0.0000, 0.0000, 0.0000, 0.0000
 0.0000, 0.0000, 0.0000, 0.0000, 0.0000
 0.0000, 0.0000, 0.0000, 0.0000, 0.0000
 0.0000, 0.0000, 0.0000, 0.0000, 0.0000
 0.0000, 0.0000, 0.0000, 0.0000, 0.0000
 0.0000, 0.0000, 0.0000, 0.0000, 0.0000
 0.0000, 0.0000, 0.0000, 0.0000, 0.0000
 0.0000, 0.0000, 0.0000, 0.0000, 0.0000
 0.0000, 0.0000, 0.0000, 0.0000, 0.0000
 0.0000, 0.0000, 0.0000, 0.0000, 0.0000
 0.0000, 0.0000, 0.0000, 0.0000, 0.0000
 0.0000, 0.0000, 0.0000, 0.0000, 0.0000
 0.0000, 0.0000, 0.0000, 0.0000, 0.0000
 0.0000, 0.0000, 0.0000, 0.0000, 0.0000
 0.0000, 0.0000, 0.0000, 0.0000, 0.0000
 0.0000, 0.0000, 0.0000, 0.0000, 0.0000
 0.0000, 0.0000, 0.0000, 0.0000, 0.0000
 0.0000, 0.0000, 0.0000, 0.0000, 0.0000
 0.0000, 0.0000, 0.0000, 0.0000, 0.0000
 0.0000, 0.0000, 0.0000, 0.0000, 0.0000
 0.0000, 0.0000, 0.0000, 0.0000, 0.0000
 0.0000, 0.0000, 0.0000, 0.0000, 0.0000
 0.0000, 0.0000, 0.0000, 0.0000, 0.0000
 0.0000, 0.0000, 0.0000, 0.0000, 0.0000
 0.0000, 0.0000, 0.0000, 0.0000, 0.0000
 0.0000, 0.0000, 0.0000, 0.0000, 0.0000
 0.0000, 0.0000, 0.0000, 0.0000, 0.0000
 0.0000, 0.0000, 0.0000, 0.0000, 0.0000
 0.0000, 0.0000, 0.0000, 0.0000, 0.0000
 0.0000, 0.0000, 0.0000, 0.0000, 0.0000
 0.0000, 0.0000, 0.0000, 0.0000, 0.0000
 0.0000, 0.0000, 0.0000, 0.0000, 0.0000
 0.0000, 0.0000, 0.0000, 0.0000, 0.0000
 0.0000, 0.0000, 0.0000, 0.0000, 0.0000
 0.0000, 0.0000, 0.0000, 0.0000, 0.0000
 0.0000, 0.0000, 0.0000, 0.0000, 0.0000
 0.0000, 0.0000, 0.0000, 0.0000, 0.0000
 0.0000, 0.0000, 0.0000, 0.0000, 0.0000
 0.0000, 0.0000, 0.0000, 0.0000, 0.0000
 0.0000, 0.0000, 0.0000, 0.0000, 0.0000
 0.0000, 0.0000, 0.0000, 0.0000, 0.0000
 0.0000, 0.0000, 0.0000, 0.0000, 0.0000
 0.0000, 0.0000, 0.0000, 0.0000, 0.0000
 0.0000, 0.0000, 0.0000, 0.0000, 0.0000
 0.0000, 0.0000, 0.0000, 0.0000, 0.0000
 0.0000, 0.0000, 0.0000, 0.0000, 0.0000
 0.0000, 0.0000, 0.0000, 0.0000, 0.0000
 0.0000, 0.0000, 0.0000, 0.0000, 0.0000
 0.0000, 0.0000, 0.0000, 0.0000, 0.0000
 0.0000, 0.0000, 0.0000, 0.0000, 0.0000
 0.0000, 0.0000, 0.0000, 0.0000, 0.0000
 0.0000, 0.0000, 0.0000, 0.0000, 0.0000
 0.0000, 0.0000, 0.0000, 0.0000, 0.0000
 0.0000, 0.0000, 0.0000, 0.0000, 0.0000
 0.0000, 0.0000, 0.0000, 0.0000, 0.0000
 0.0000, 0.0000, 0.0000, 0.0000, 0.0000
 0.0000, 0.0000, 0.0000, 0.0000, 0.0000
 0.0000, 0.0000, 0.0000, 0.0000, 0.0000
 0.0000, 0.0000, 0.0000, 0.0000, 0.0000
 0.0000, 0.0000, 0.0000, 0.0000, 0.0000
 0.0000, 0.0000, 0.0000, 0.0000, 0.0000
 0.0000, 0.0000, 0.0000, 0.0000, 0.0000
 0.0000, 0.0000, 0.0000, 0.0000, 0.0000
 0.0000, 0.0000, 0.0000, 0.0000, 0.0000
 0.0000, 0.0000, 0.0000, 0.0000, 0.0000
 0.0000, 0.0000, 0.0000, 0.0000, 0.0000
 0.0000, 0.0000, 0.0000, 0.0000, 0.0000
 0.0000, 0.0000, 0.0000, 0.0000, 0.0000
 0.0000, 0.0000, 0.0000, 0.0000, 0.0000
 0.0000, 0.0000, 0.0000, 0.0000, 0.0000
 0.0000, 0.0000, 0.0000, 0.0000, 0.0000
 0.0000, 0.0000, 0.0000, 0.0000, 0.0000
 0.0000, 0.0000, 0.0000, 0.0000, 0.0000
 0.0000, 0.0000, 0.0000, 0.0000, 0.0000
 0.0000, 0.0000, 0.0000, 0.0000, 0.0000
 0.0000, 0.0000, 0.0000, 0.0000, 0.0000
 0.0000, 0.0000, 0.0000, 0.0000, 0.0000
 0.0000, 0.0000, 0.0000, 0.0000, 0.0000
 0.0000, 0.0000, 0.0000, 0.0000, 0.0000
 0.0000, 0.0000, 0.0000, 0.0000, 0.0000
 0.0000, 0.0000, 0.0000, 0.0000, 0.0000
 0.0000, 0.0000, 0.0000, 0.0000, 0.0000
 0.0000, 0.0000, 0.0000, 0.0000, 0.0000
 0.0000, 0.0000, 0.0000, 0.0000, 0.0000
 0.0000, 0.0000, 0.0000, 0.0000, 0.0000
 0.0000, 0.0000, 0.0000, 0.0000, 0.0000
 0.0000, 0.0000, 0.0000, 0.0000, 0.0000
 0.0000, 0.0000, 0.0000, 0.0000, 0.0000
 0.0000, 0.0000, 0.0000, 0.0000, 0.0000
 0.0000, 0.0000, 0.0000, 0.0000, 0.0000
 0.0000, 0.0000, 0.0000, 0.0000, 0.0000
 0.0000, 0.0000, 0.0000, 0.0000, 0.0000
 0.0000, 0.0000, 0.0000, 0.0000, 0.0000
 0.0000, 0.0000, 0.0000, 0.0000, 0.0000
 0.0000, 0.0000, 0.0000, 0.0000, 0.0000
 0.0000, 0.0000, 0.0000, 0.0000, 0.0000
 0.0000, 0.0000, 0.0000, 0.0000, 0.0000
 0.0000, 0.0000, 0.0000, 0.0000, 0.0000
 0.0000, 0.0000, 0.0000, 0.0000, 0.0000
 0.0000, 0.0000, 0.0000, 0.0000, 0.0000
 0.0000, 0.0000, 0.0000, 0.0000, 0.0000
 0.0000, 0.0000, 0.0000, 0.0000, 0.0000
 0.0000, 0.0000, 0.0000, 0.0000, 0.0000
 0.0000, 0.0000, 0.0000, 0.0000, 0.0000
 0.0000, 0.0000, 0.0000, 0.0000, 0.0000
 0.0000, 0.0000, 0.0000, 0.0000, 0.0000
 0.0000, 0.0000, 0.0000, 0.0000, 0.0000
 0.0000, 0.0000, 0.0000, 0.0000, 0.0000
 0.0000, 0.0000, 0.0000, 0.0000, 0.0000
 0.0000, 0.0000, 0.0000, 0.0000, 0.0000
 0.0000, 0.0000, 0.0000, 0.0000, 0.0000
 0.0000, 0.0000, 0.0000, 0.0000, 0.0000
 0.0000, 0.0000, 0.0000, 0.0000, 0.0000
 0.0000, 0.0000, 0.0000, 0.0000, 0.0000
 0.0000, 0.0000, 0.0000, 0.0000, 0.0000
 0.0000, 0.0000, 0.0000, 0.0000, 0.0000
 0.0000, 0.0000, 0.0000, 0.0000, 0.0000
 0.0000, 0.0000, 0.0000, 0.0000, 0.0000
 0.0000, 0.0000, 0.0000, 0.0000, 0.0000
 0.0000, 0.0000, 0.0000, 0.0000, 0.0000
 0.0000, 0.0000, 0.0000, 0.0000, 0.0000
 0.0000, 0.0000, 0.0000, 0.0000, 0.0000
 0.0000, 0.0000, 0.0000, 0.0000, 0.0000
 0.0000, 0.0000, 0.0000, 0.0000, 0.0000
 0.0000, 0.0000, 0.0000, 0.0000, 0.0000
 0.0000, 0.0000, 0.0000, 0.0000, 0.0000
 0.0000, 0.0000, 0.0000, 0.0000, 0.0000
 0.0000, 0.0000, 0.0000, 0.0000, 0.0000
 0.0000, 0.0000, 0.0000, 0.0000, 0.0000
 0.0000, 0.0000, 0.0000, 0.0000, 0.0000
 0.0000, 0.0000, 0.0000, 0.0000, 0.0000
 0.0000, 0.0000, 0.0000, 0.0000, 0.0000
 0.0000, 0.0000, 0.0000, 0.0000, 0.0000
 0.0000, 0.0000, 0.0000, 0.0000, 0.0000
 0.0000, 0.0000, 0.0000, 0.0000, 0.0000
 0.0000, 0.0000, 0.0000, 0.0000, 0.0000
 0.0000, 0.0000, 0.0000, 0.0000, 0.0000
 0.0000, 0.0000, 0.0000, 0.0000, 0.0000
 0.0000, 0.0000, 0.0000, 0.0000, 0.0000
 0.0000, 0.0000, 0.0000, 0.0000, 0.0000
 0.0000, 0.0000, 0.0000, 0.0000, 0.0000
 0.0000, 0.0000, 0.0000, 0.0000, 0.0000
 0.0000, 0.0000, 0.0000, 0.0000, 0.0000
 0.0000, 0.0000, 0.0000, 0.0000, 0.0000
 0.0000, 0.0000, 0.0000, 0.0000, 0.0000
 0.0000, 0.0000, 0.0000, 0.0000, 0.0000
 0.0000, 0.0000, 0.0000, 0.0000, 0.0000
 0.0000, 0.0000, 0.0000, 0.0000, 0.0000
 0.0000, 0.0000, 0.0000, 0.0000, 0.0000
 0.0000, 0.0000, 0.0000, 0.0000, 0.0000
 0.0000, 0.0000, 0.0000, 0.0000, 0.0000
 0.0000, 0.0000, 0.0000, 0.0000, 0.0000
 0.0000, 0.0000, 0.0000, 0.0000, 0.0000
 0.0000, 0.0000, 0.0000, 0.0000, 0.0000
 0.0000, 0.0000, 0.0000, 0.0000, 0.0000
 0.0000, 0.0000, 0.0000, 0.0000, 0.0000
 0.0000, 0.0000, 0.0000, 0.0000, 0.0000
 0.0000, 0.0000, 0.0000, 0.0000, 0.0000
 0.0000, 0.0000, 0.0000, 0.0000, 0.0000
 0.0000, 0.0000, 0.0000, 0.0000, 0.0000
 0.0000, 0.0000, 0.0000, 0.0000, 0.0000
 0.0000, 0.0000, 0.0000, 0.0000, 0.0000
 0.0000, 0.0000, 0.0000, 0.0000, 0.0000
 0.0000, 0.0000, 0.0000, 0.0000, 0.0000
 0.0000, 0.0000, 0.0000, 0.0000, 0.0000
 0.0000, 0.0000, 0.0000, 0.0000, 0.0000
 0.0000, 0.0000, 0.0000, 0.0000, 0.0000
 0.0000, 0.0000, 0.0000, 0.0000, 0.0000
 0.0000, 0.0000, 0.0000, 0.0000, 0.0000
 0.0000, 0.0000, 0.0000, 0.0000, 0.0000
 0.0000, 0.0000, 0.0000, 0.0000, 0.0000
 0.0000, 0.0000, 0.0000, 0.0000, 0.0000
 0.0000, 0.0000, 0.0000, 0.0000, 0.0000
 0.0000, 0.0000, 0.0000, 0.0000, 0.0000
 0.0000, 0.0000, 0.0000, 0.0000, 0.0000
 0.0000, 0.0000, 0.0000, 0.0000, 0.0000
 0.0000, 0.0000, 0.0000, 0.0000, 0.0000
 0.0000, 0.0000, 0.0000, 0.0000, 0.0000
 0.0000, 0.0000, 0.0000, 0.0000, 0.0000
 0.0000, 0.0000, 0.0000, 0.0000, 0.0000
 0.0000, 0.0000, 0.0000, 0.0000, 0.0000
 0.0000, 0.0000, 0.0000, 0.0000, 0.0000
 0.0000, 0.0000, 0.0000, 0.0000, 0.0000
 0.0000, 0.0000, 0.0000, 0.0000, 0.0000
 0.0000, 0.0000, 0.0000, 0.0000, 0.0000
 0.0000, 0.0000, 0.0000, 0.0000, 0.0000
 0.0000, 0.0000, 0.0000, 0.0000, 0.0000
 0.0000, 0.0000, 0.0000, 0.0000, 0.0000
 0.0000, 0.0000, 0.0000, 0.0000, 0.0000
 0.0000, 0.0000, 0.0000, 0.0000, 0.0000
 0.0000, 0.0000, 0.0000, 0.0000, 0.0000
 0.0000, 0.0000, 0.0000, 0.0000, 0.0000
 0.0000, 0.0000, 0.0000, 0.0000, 0.0000
 0.0000, 0.0000, 0.0000, 0.0000, 0.0000
 0.0000, 0.0000, 0.0000, 0.0000, 0.0000
 0.0000, 0.0000, 0.0000, 0.0000, 0.0000
 0.0000, 0.0000, 0.0000, 0.0000, 0.0000
 0.0000, 0.0000, 0.0000, 0.0000, 0.0000
 0.0000, 0.0000, 0.0000, 0.0000, 0.0000
 0.0000, 0.0000, 0.0000, 0.0000, 0.0000
 0.0000, 0.0000, 0.0000, 0.0000, 0.0000
 0.0000, 0.0000, 0.0000, 0.0000, 0.0000
 0.0000, 0.0000, 0.0000, 0.0000, 0.0000
 0.0000, 0.0000, 0.0000, 0.0000, 0.0000
 0.0000, 0.0000, 0.0000, 0.0000, 0.0000
 0.0000, 0.0000, 0.0000, 0.0000, 0.0000
 0.0000, 0.0000, 0.0000, 0.0000, 0.0000
 0.0000, 0.0000, 0.0000, 0.0000, 0.0000
 0.0000, 0.0000, 0.0000, 0.0000, 0.0000
 0.0000, 0.0000, 0.0000, 0.0000, 0.0000
 0.0000, 0.0000, 0.0000, 0.0000, 0.0000
 0.0000, 0.0000, 0.0000, 0.0000, 0.0000
 0.0000, 0.0000, 0.0000, 0.0000, 0.0000
 0.0000, 0.0000, 0.0000, 0.0000, 0.0000
 0.0000, 0.0000, 0.0000, 0.0000, 0.0000
 0.0000, 0.0000, 0.0000, 0.0000, 0.0000
 0.0000, 0.0000, 0.0000, 0.0000, 0.0000
 0.0000, 0.0000, 0.0000, 0.0000, 0.0000
 0.0000, 0.0000, 0.0000, 0.0000, 0.0000
 0.0000, 0.0000, 0.0000, 0.0000, 0.0000
 0.0000, 0.0000, 0.0000, 0.0000, 0.0000
 0.0000, 0.0000, 0.0000, 0.0000, 0.0000
 0.0000, 0.0000, 0.0000, 0.0000, 0.0000
 0.0000, 0.0000, 0.0000, 0.0000, 0.0000
 0.0000, 0.0000, 0.0000, 0.0000, 0.0000
 0.0000, 0.0000, 0.0000, 0.0000, 0.0000
 0.0000, 0.0000, 0.0000, 0.0000, 0.0000
 0.0000, 0.0000, 0.0000, 0.0000, 0.0000
 0.0000, 0.0000, 0.0000, 0.0000, 0.0000
 0.0000, 0.0000, 0.0000, 0.0000, 0.0000
 0.0000, 0.0000, 0.0000, 0.0000, 0.0000
 0.0000, 0.0000, 0.0000, 0.0000, 0.0000
 0.0000, 0.0000, 0.0000, 0.0000, 0.0000
 0.0000, 0.0000, 0.0000, 0.0000, 0.0000
 0.0000, 0.0000, 0.0000, 0.0000, 0.0000
 0.0000, 0.0000, 0.0000, 0.0000, 0.0000
 0.0000, 0.0000, 0.0000, 0.0000, 0.0000
 0.0000, 0.0000, 0.0000, 0.0000, 0.0000
 0.0000, 0.0000, 0.0000, 0.0000, 0.0000
 0.0000, 0.0000, 0.0000, 0.0000, 0.0000
 0.0000, 0.0000, 0.0000, 0.0000, 0.0000
 0.0000, 0.0000, 0.0000, 0.0000, 0.0000
 0.0000, 0.0000, 0.0000, 0.0000, 0.0000
 0.0000, 0.0000, 0.0000, 0.0000, 0.0000
 0.0000, 0.0000, 0.0000, 0.0000, 0.0000
 0.0000, 0.0000, 0.0000, 0.0000, 0.0000
 0.0000, 0.0000, 0.0000, 0.0000, 0.0000
 0.0000, 0.0000, 0.0000, 0.0000, 0.0000
 0.0000, 0.0000, 0.0000, 0.0000, 0.0000
 0.0000, 0.0000, 0.0000, 0.0000, 0.0000
 0.0000, 0.0000, 0.0000, 0.0000, 0.0000
 0.0000, 0.0000, 0.0000, 0.0000, 0.0000
 0.0000, 0.0000, 0.0000, 0.0000, 0.0000
 0.0000, 0.0000, 0.0000, 0.0000, 0.0000
 0.0000, 0.0000, 0.0000, 0.0000, 0.0000
 0.0000, 0.0000, 0.0000, 0.0000, 0.0000
 0.0000, 0.0000, 0.0000, 0.0000, 0.0000
 0.0000, 0.0000, 0.0000, 0.0000, 0.0000
 0.0000, 0.0000, 0.0000, 0.0000, 0.0000
 0.0000, 0.0000, 0.0000, 0.0000, 0.0000
 0.0000, 0.0000, 0.0000, 0.0000, 0.0000
 0.0000, 0.0000, 0.0000, 0.0000, 0.0000
 0.0000, 0.0000, 0.0000, 0.0000, 0.0000
 0.0000, 0.0000, 0.0000, 0.0000, 0.0000
 0.0000, 0.0000, 0.0000, 0.0000, 0.0000
 0.0000, 0.0000, 0.0000, 0.0000, 0.0000
 0.0000, 0.0000, 0.0000, 0.0000, 0.0000
 0.0000, 0.0000, 0.0000, 0.0000, 0.0000
 0.0000, 0.0000, 0.0000, 0.0000, 0.0000
 0.0000, 0.0000, 0.0000, 0.0000, 0.0000
 0.0000, 0.0000, 0.0000, 0.0000, 0.0000
 0.0000, 0.0000, 0.0000, 0.0000, 0.0000
 0.0000, 0.0000, 0.0000, 0.0000, 0.0000
 0.0000, 0.0000, 0.0000, 0.0000, 0.0000
 0.0000, 0.0000, 0.0000, 0.0000, 0.0000
 0.0000, 0.0000, 0.0000, 0.0000, 0.0000
 0.0000, 0.0000, 0.0000, 0.0000, 0.0000
 0.0000, 0.0000, 0.0000, 0.0000, 0.0000
 0.0000, 0.0000, 0.0000, 0.0000, 0.0000
 0.0000, 0.0000, 0.0000, 0.0000, 0.0000
 0.0000, 0.0000, 0.0000, 0.0000, 0.0000
 0.0000, 0.0000, 0.0000, 0.0000, 0.0000
 0.0000, 0.0000, 0.0000, 0.0000, 0.0000
 0.0000, 0.0000, 0.0000, 0.0000, 0.0000
 0.0000, 0.0000, 0.0000, 0.0000, 0.0000
 0.0000, 0.0000, 0.0000, 0.0000, 0.0000
 0.0000, 0.0000, 0.0000, 0.0000, 0.0000
 0.0000, 0.0000, 0.0000, 0.0000, 0.0000
 0.0000, 0.0000, 0.0000, 0.0000, 0.0000
 0.0000, 0.0000, 0.0000, 0.0000, 0.0000
 0.0000, 0.0000, 0.0000, 0.0000, 0.0000
 0.0000, 0.0000, 0.0000, 0.0000, 0.0000
 0.0000, 0.0000, 0.0000, 0.0000, 0.0000
 0.0000, 0.0000, 0.0000, 0.0000, 0.0000
 0.0000, 0.0000, 0.0000, 0.0000, 0.0000
 0.0000, 0.0000, 0.0000, 0.0000, 0.0000
 0.0000, 0.0000, 0.0000, 0.0000, 0.0000
 0.0000, 0.0000, 0.0000, 0.0000, 0.0000
 0.0000, 0.0000, 0.0000, 0.0000, 0.0000
 0.0000, 0.0000, 0.0000, 0.0000, 0.0000
 0.0000, 0.0000, 0.0000, 0.0000, 0.0000
 0.0000, 0.0000, 0.0000, 0.0000, 0.0000
 0.0000, 0.0000, 0.0000, 0.0000, 0.0000
 0.0000, 0.0000, 0.0000, 0.0000, 0.0000
 0.0000, 0.0000, 0.0000, 0.0000, 0.0000
 0.0000, 0.0000, 0.0000, 0.0000, 0.0000
 0.0000, 0.0000, 0.0000, 0.0000, 0.0000
 0.0000, 0.0000, 0.0000, 0.0000, 0.0000
 0.0000, 0.0000, 0.0000, 0.0000, 0.0000
 0.0000, 0.0000, 0.0000, 0.0000, 0.0000
 0.0000, 0.0000, 0.0000, 0.0000, 0.0000
 0.0000, 0.0000, 0.0000, 0.0000, 0.0000
 0.0000, 0.0000, 0.0000, 0.0000, 0.0000
 0.0000, 0.0000, 0.0000, 0.0000, 0.0000
 0.0000, 0.0000, 0.0000, 0.0000, 0.0000
 0.0000, 0.0000, 0.0000, 0.0000, 0.0000
 0.0000, 0.0000, 0.0000, 0.0000, 0.0000
 0.0000, 0.0000, 0.0000, 0.0000, 0.0000
 0.0000, 0.0000, 0.0000, 0.0000, 0.0000
 0.0000, 0.0000, 0.0000, 0.0000, 0.0000
 0.0000, 0.0000, 0.0000, 0.0000, 0.0000
 0.0000, 0.0000, 0.0000, 0.0000, 0.0000
 0.0000, 0.0000, 0.0000, 0.0000, 0.0000
 0.0000, 0.0000, 0.0000, 0.0000, 0.0000
 0.0000, 0.0000, 0.0000, 0.0000, 0.0000
 0.0000, 0.0000, 0.0000, 0.0000, 0.0000
 0.0000, 0.0000, 0.0000, 0.0000, 0.0000
 0.0000, 0.0000, 0.0000, 0.0000, 0.0000
 0.0000, 0.0000, 0.0000, 0.0000, 0.0000
 0.0000, 0.0000, 0.0000, 0.0000, 0.0000
 0.0000, 0.0000, 0.0000, 0.0000, 0.0000
 0.0000, 0.0000, 0.0000, 0.0000, 0.0000
 0.0000, 0.0000, 0.0000, 0.0000, 0.0000
 0.0000, 0.0000, 0.0000, 0.0000, 0.0000
 0.0000, 0.0000, 0.0000, 0.0000, 0.0000
 0.0000, 0.0000, 0.0000, 0.0000, 0.0000
 0.0000, 0.0000, 0.0000, 0.0000, 0.0000
 0.0000, 0.0000, 0.0000, 0.0000, 0.0000
 0.0000, 0.0000, 0.0000, 0.0000, 0.0000
 0.0000, 0.0000, 0.0000, 0.0000, 0.0000
 0.0000, 0.0000, 0.0000, 0.0000, 0.0000
 0.0000, 0.0000, 0.0000, 0.0000, 0.0000
 0.0000, 0.0000, 0.0000, 0.0000, 0.0000
 0.0000, 0.0000, 0.0000, 0.0000, 0.0000
 0.0000, 0.0000, 0.0000, 0.0000, 0.0000
 0.0000, 0.0000, 0.0000, 0.0000, 0.0000
 0.0000, 0.0000, 0.0000, 0.0000, 0.0000
 0.0000, 0.0000, 0.0000, 0.0000, 0.0000
 0.0000, 0.0000, 0.0000, 0.0000, 0.0000
 0.0000, 0.0000, 0.0000, 0.0000, 0.0000
 0.0000, 0.0000, 0.0000, 0.0000, 0.0000
 0.0000, 0.0000, 0.0000, 0.0000, 0.0000
 0.0000, 0.0000, 0.0000, 0.0000, 0.0000
 0.0000, 0.0000, 0.0000, 0.0000, 0.0000
 0.0000, 0.0000, 0.0000, 0.0000, 0.0000
 0.0000, 0.0000, 0.0000, 0.0000, 0.0000
 0.0000, 0.0000, 0.0000, 0.0000, 0.0000
 0.0000, 0.0000, 0.0000, 0.0000, 0.0000
 0.0000, 0.0000, 0.0000, 0.0000, 0.0000
 0.0000, 0.0000, 0.0000, 0.0000, 0.0000
 0.0000, 0.0000, 0.0000, 0.0000, 0.0000
 0.0000, 0.0000, 0.0000, 0.0000, 0.0000
 0.0000, 0.0000, 0.0000, 0.0000, 0.0000
 0.0000, 0.0000, 0.0000, 0.0000, 0.0000
 0.0000, 0.0000, 0.0000, 0.0000, 0.0000
 0.0000, 0.0000, 0.0000, 0.0000, 0.0000
 0.0000, 0.0000, 0.0000, 0.0000, 0.0000
 0.0000, 0.0000, 0.0000, 0.0000, 0.0000
 0.0000, 0.0000, 0.0000, 0.0000, 0.0000
 0.0000, 0.0000, 0.0000, 0.0000, 0.0000
 0.0000, 0.0000, 0.0000, 0.0000, 0.0000
 0.0000, 0.0000, 0.0000, 0.0000, 0.0000
 0.0000, 0.0000, 0.0000, 0.0000, 0.0000
 0.0000, 0.0000, 0.0000, 0.0000, 0.0000
 0.0000, 0.0000, 0.0000, 0.0000, 0.0000
 0.0000, 0.0000, 0.0000, 0.0000, 0.0000
 0.0000, 0.0000, 0.0000, 0.0000, 0.0000
 0.0000, 0.0000, 0.0000, 0.0000, 0.0000
 0.0000, 0.0000, 0.0000, 0.0000, 0.0000
 0.0000, 0.0000, 0.0000, 0.0000, 0.0000
 0.0000, 0.0000, 0.0000, 0.0000, 0.0000
 0.0000, 0.0000, 0.0000, 0.0000, 0.0000
 0.0000, 0.0000, 0.0000, 0.0000, 0.0000
 0.0000, 0.0000, 0.0000, 0.0000, 0.0000
 0.0000, 0.0000, 0.0000, 0.0000, 0.0000
 0.0000, 0.0000, 0.0000, 0.0000, 0.0000
 0.0000, 0.0000, 0.0000, 0.0000, 0.0000
 0.0000, 0.0000, 0.0000, 0.0000, 0.0000
 0.0000, 0.0000, 0.0000, 0.0000, 0.0000
 0.0000, 0.0000, 0.0000, 0.0000, 0.0000
 0.0000, 0.0000, 0.0000, 0.0000, 0.0000
 0.0000, 0.0000, 0.0000, 0.0000, 0.0000
 0.0000, 0.0000, 0.0000, 0.0000, 0.0000
 0.0000, 0.0000, 0.0000, 0.0000, 0.0000
 0.0000, 0.0000, 0.0000, 0.0000, 0.0000
 0.0000, 0.0000, 0.0000, 0.0000, 0.0000
 0.0000, 0.0000, 0.0000, 0.0000, 0.0000
 0.0000, 0.0000, 0.0000, 0.0000, 0.0000
 0.0000, 0.0000, 0.0000, 0.0000, 0.0000
 0.0000, 0.0000, 0.0000, 0.0000, 0.0000
 0.0000, 0.0000, 0.0000, 0.0000, 0.0000
 0.0000, 0.0000, 0.0000, 0.0000, 0.0000
 0.0000, 0.0000, 0.0000, 0.0000, 0.0000
 0.0000, 0.0000, 0.0000, 0.0000, 0.0000
 0.0000, 0.0000, 0.0000, 0.0000, 0.0000
 0.0000, 0.0000, 0.0000, 0.0000, 0.0000
 0.0000, 0.0000, 0.0000, 0.0000, 0.0000
 0.0000, 0.0000, 0.0000, 0.0000, 0.0000
 0.0000, 0.0000, 0.0000, 0.0000, 0.0000
 0.0000, 0.0000, 0.0000, 0.0000, 0.0000
 0.0000, 0.0000, 0.0000, 0.0000, 0.0000
 0.0000, 0.0000, 0.0000, 0.0000, 0.0000
 0.0000, 0.0000, 0.0000, 0.0000, 0.0000
 0.0000, 0.0000, 0.0000, 0.0000, 0.0000
 0.0000, 0.0000, 0.0000, 0.0000, 0.0000
 0.0000, 0.0000, 0.0000, 0.0000, 0.0000
 0.0000, 0.0000, 0.0000, 0.0000, 0.0000
 0.0000, 0.0000, 0.0000, 0.0000, 0.0000
 0.0000, 0.0000, 0.0000, 0.0000, 0.0000
 0.0000, 0.0000, 0.0000, 0.0000, 0.0000
 0.0000, 0.0000, 0.0000, 0.0000, 0.0000
 0.0000, 0.0000, 0.0000, 0.0000, 0.0000
 0.0000, 0.0000, 0.0000, 0.0000, 0.0000
 0.0000, 0.0000, 0.0000, 0.0000, 0.0000
 0.0000, 0.0000, 0.0000, 0.0000, 0.0000
 0.0000, 0.0000, 0.0000, 0.0000, 0.0000
 0.0000, 0.0000, 0.0000, 0.0000, 0.0000
 0.0000, 0.0000, 0.0000, 0.0000, 0.0000
 0.0000, 0.0000, 0.0000, 0.0000, 0.0000
 0.0000, 0.0000, 0.0000, 0.0000, 0.0000
 0.0000, 0.0000, 0.0000, 0.0000, 0.0000
 0.0000, 0.0000, 0.0000, 0.0000, 0.0000
 0.0000, 0.0000, 0.0000, 0.0000, 0.0000
 0.0000, 0.0000, 0.0000, 0.0000, 0.0000
 0.0000, 0.0000, 0.0000, 0.0000, 0.0000
 0.0000, 0.0000, 0.0000, 0.0000, 0.0000
 0.0000, 0.0000, 0.0000, 0.0000, 0.0000
 0.0000, 0.0000, 0.0000, 0.0000, 0.0000
 0.0000, 0.0000, 0.0000, 0.0000, 0.0000
 0.0000, 0.0000, 0.0000, 0.0000, 0.0000
 0.0000, 0.0000, 0.0000, 0.0000, 0.0000
 0.0000, 0.0000, 0.0000, 0.0000, 0.0000
 0.0000, 0.0000, 0.0000, 0.0000, 0.0000
 0.0000, 0.0000, 0.0000, 0.0000, 0.0000
 0.0000, 0.0000, 0.0000, 0.0000, 0.0000
 0.0000, 0.0000, 0.0000, 0.0000, 0.0000
 0.0000, 0.0000, 0.0000, 0.0000, 0.0000
 0.0000, 0.0000, 0.0000, 0.0000, 0.0000
 0.0000, 0.0000, 0.0000, 0.0000, 0.0000
 0.0000, 0.0000, 0.0000, 0.0000, 0.0000
 0.0000, 0.0000, 0.0000, 0.0000, 0.0000
 0.0000, 0.0000, 0.0000, 0.0000, 0.0000
 0.0000, 0.0000, 0.0000, 0.0000, 0.0000
 0.0000, 0.0000, 0.0000, 0.0000, 0.0000
 0.0000, 0.0000, 0.0000, 0.0000, 0.0000
 0.0000, 0.0000, 0.0000, 0.0000, 0.0000
 0.0000, 0.0000, 0.0000, 0.0000, 0.0000
 0.0000, 0.0000, 0.0000, 0.0000, 0.0000
 0.0000, 0.0000, 0.0000, 0.0000, 0.0000
 0.0000, 0.0000, 0.0000, 0.0000, 0.0000
 0.0000, 0.0000, 0.0000, 0.0000, 0.0000
 0.0000, 0.0000, 0.0000, 0.0000, 0.0000
 0.0000, 0.0000, 0.0000, 0.0000, 0.0000
 0.0000, 0.0000, 0.0000, 0.0000, 0.0000
 0.0000, 0.0000, 0.0000, 0.0000, 0.0000
 0.0000, 0.0000, 0.0000, 0.0000, 0.0000
 0.0000, 0.0000, 0.0000, 0.0000, 0.0000
 0.0000, 0.0000, 0.0000, 0.0000, 0.0000
 0.0000, 0.0000, 0.0000, 0.0000, 0.0000
 0.0000, 0.0000, 0.0000, 0.0000, 0.0000
 0.0000, 0.0000, 0.0000, 0.0000, 0.0000
 0.0000, 0.0000, 0.0000, 0.0000, 0.0000
 0.0000, 0.0000, 0.0000, 0.0000, 0.0000
 0.0000, 0.0000, 0.0000, 0.0000, 0.0000
 0.0000, 0.0000, 0.0000, 0.0000, 0.0000
 0.0000, 0.0000, 0.0000, 0.0000, 0.0000
 0.0000, 0.0000, 0.0000, 0.0000, 0.0000
 0.0000, 0.0000, 0.0000, 0.0000, 0.0000
 0.0000, 0.0000, 0.0000, 0.0000, 0.0000
 0.0000, 0.0000, 0.0000, 0.0000, 0.0000
 0.0000, 0.0000, 0.0000, 0.0000, 0.0000
 0.0000, 0.0000, 0.0000, 0.0000, 0.0000
 0.0000, 0.0000, 0.0000, 0.0000, 0.0000
 0.0000, 0.0000, 0.0000, 0.0000, 0.0000
 0.0000, 0.0000, 0.0000, 0.0000, 0.0000
 0.0000, 0.0000, 0.0000, 0.0000, 0.0000
 0.0000, 0.0000, 0.0000, 0.0000, 0.0000
 0.0000, 0.0000, 0.0000, 0.0000, 0.0000
 0.0000, 0.0000, 0.0000, 0.0000, 0.0000
 0.0000, 0.0000, 0.0000, 0.0000, 0.0000
 0.0000, 0.0000, 0.0000, 0.0000, 0.0000
 0.0000, 0.0000, 0.0000, 0.0000, 0.0000
 0.0000, 0.0000, 0.0000, 0.0000, 0.0000
 0.0000, 0.0000, 0.0000, 0.0000, 0.0000
 0.0000, 0.0000, 0.0000, 0.0000, 0.0000
 0.0000, 0.0000, 0.0000, 0.0000, 0.0000
 0.0000, 0.0000, 0.0000, 0.0000, 0.0000
 0.0000, 0.0000, 0.0000, 0.0000, 0.0000
 0.0000, 0.0000, 0.0000, 0.0000, 0.0000
 0.0000, 0.0000, 0.0000, 0.0000, 0.0000
 0.0000, 0.0000, 0.0000, 0.0000, 0.0000
 0.0000, 0.0000, 0.0000, 0.0000, 0.0000
 0.0000, 0.0000, 0.0000, 0.0000, 0.0000
 0.0000, 0.0000, 0.0000, 0.0000, 0.0000
 0.0000, 0.0000, 0.0000, 0.0000, 0.0000
 0.0000, 0.0000, 0.0000, 0.0000, 0.0000
 0.0000, 0.0000, 0.0000, 0.0000, 0.0000
 0.0000, 0.0000, 0.0000, 0.0000, 0.0000
 0.0000, 0.0000, 0.0000, 0.0000, 0.0000
 0.0000, 0.0000, 0.0000, 0.0000, 0.0000
 0.0000, 0.0000, 0.0000, 0.0000, 0.0000
 0.0000, 0.0000, 0.0000, 0.0000, 0.0000
 0.0000, 0.0000, 0.0000, 0.0000, 0.0000
 0.0000, 0.0000, 0.0000, 0.0000, 0.0000
 0.0000, 0.0000, 0.0000, 0.0000, 0.0000
 0.0000, 0.0000, 0.0000, 0.0000, 0.0000
 0.0000, 0.0000, 0.0000, 0.0000, 0.0000
 0.0000, 0.0000, 0.0000, 0.0000, 0.0000
 0.0000, 0.0000, 0.0000, 0.0000, 0.0000
 0.0000, 0.0000, 0.0000, 0.0000, 0.0000
 0.0000, 0.0000, 0.0000, 0.0000, 0.0000
 0.0000, 0.0000, 0.0000, 0.0000, 0.0000
 0.0000, 0.0000, 0.0000, 0.0000, 0.0000
 0.0000, 0.0000, 0.0000, 0.0000, 0.0000
 0.0000, 0.0000, 0.0000, 0.0000, 0.0000
 0.0000, 0.0000, 0.0000, 0.0000, 0.0000
 0.0000, 0.0000, 0.0000, 0.0000, 0.0000
 0.0000, 0.0000, 0.0000, 0.0000, 0.0000
 0.0000, 0.0000, 0.0000, 0.0000, 0.0000
 0.0000, 0.0000, 0.0000, 0.0000, 0.0000
 0.0000, 0.0000, 0.0000, 0.0000, 0.0000
 0.0000, 0.0000, 0.0000, 0.0000, 0.0000
 0.0000, 0.0000, 0.0000, 0.0000, 0.0000
 0.0000, 0.0000, 0.0000, 0.0000, 0.0000
 0.0000, 0.0000, 0.0000, 0.0000, 0.0000
 0.0000, 0.0000, 0.0000, 0.0000, 0.0000
 0.0000, 0.0000, 0.0000, 0.0000, 0.0000
 0.0000, 0.0000, 0.0000, 0.0000, 0.0000
 0.0000, 0.0000, 0.0000, 0.0000, 0.0000
 0.0000, 0.0000, 0.0000, 0.0000, 0.0000
 0.0000, 0.0000, 0.0000, 0.0000, 0.0000
 0.0000, 0.0000, 0.0000, 0.0000, 0.0000
 0.0000, 0.0000, 0.0000, 0.0000, 0.0000
 0.0000, 0.0000, 0.0000, 0.0000, 0.0000
 0.0000, 0.0000, 0.0000, 0.0000, 0.0000
 0.0000, 0.0000, 0.0000, 0.0000, 0.0000
 0.0000, 0.0000, 0.0000, 0.0000, 0.0000
 0.0000, 0.0000, 0.0000, 0.0000, 0.0000
 0.0000, 0.0000, 0.0000, 0.0000, 0.0000
 0.0000, 0.0000, 0.0000, 0.0000, 0.0000
 0.0000, 0.0000, 0.0000, 0.0000, 0.0000
 0.0000, 0.0000, 0.0000, 0.0000, 0.0000
 0.0000, 0.0000, 0.0000, 0.0000, 0.0000
 0.0000, 0.0000, 0.0000, 0.0000, 0.0000
 0.0000, 0.0000, 0.0000, 0.0000, 0.0000
 0.0000, 0.0000, 0.0000, 0.0000, 0.0000
 0.0000, 0.0000, 0.0000, 0.0000, 0.0000
 0.0000, 0.0000, 0.0000, 0.0000, 0.0000
 0.0000, 0.0000, 0.0000, 0.0000, 0.0000
 0.0000, 0.0000, 0.0000, 0.0000, 0.0000
 0.0000, 0.0000, 0.0000, 0.0000, 0.0000
 0.0000, 0.0000, 0.0000, 0.0000, 0.0000
 0.0000, 0.0000, 0.0000, 0.0000, 0.0000
 0.0000, 0.0000, 0.0000, 0.0000, 0.0000
 0.0000, 0.0000, 0.0000, 0.0000, 0.0000
 0.0000, 0.0000, 0.0000, 0.0000, 0.0000
 0.0000, 0.0000, 0.0000, 0.0000, 0.0000
 0.0000, 0.0000, 0.0000, 0.0000, 0.0000
 0.0000, 0.0000, 0.0000, 0.0000, 0.0000
 0.0000, 0.0000, 0.0000, 0.0000, 0.0000
 0.0000, 0.0000, 0.0000, 0.0000, 0.0000
 0.0000, 0.0000, 0.0000, 0.0000, 0.0000
 0.0000, 0.0000, 0.0000, 0.0000, 0.0000
 0.0000, 0.0000, 0.0000, 0.0000, 0.0000
 0.0000, 0.0000, 0.0000, 0.0000, 0.0000
 0.0000, 0.0000, 0.0000, 0.0000, 0.0000
 0.0000, 0.0000, 0.0000, 0.0000, 0.0000
 0.0000, 0.0000, 0.0000, 0.0000, 0.0000
 0.0000, 0.0000, 0.0000, 0.0000, 0.0000
 0.0000, 0.0000, 0.0000, 0.0000, 0.0000
 0.0000, 0.0000, 0.0000, 0.0000, 0.0000
 0.0000, 0.0000, 0.0000, 0.0000, 0.0000
 0.0000, 0.0000, 0.0000, 0.0000, 0.0000
 0.0000, 0.0000, 0.0000, 0.0000, 0.0000
 0.0000, 0.0000, 0.0000, 0.0000, 0.0000
 0.0000, 0.0000, 0.0000, 0.0000, 0.0000
 0.0000, 0.0000, 0.0000, 0.0000, 0.0000
 0.0000, 0.0000, 0.0000, 0.0000, 0.0000
 0.0000, 0.0000, 0.0000, 0.0000, 0.0000
 0.0000, 0.0000, 0.0000, 0.0000, 0.0000
 0.0000, 0.0000, 0.0000, 0.0000, 0.0000
 0.0000, 0.0000, 0.0000, 0.0000, 0.0000
 0.0000, 0.0000, 0.0000, 0.0000, 0.0000
 0.0000, 0.0000, 0.0000, 0.0000, 0.0000
 0.0000, 0.0000, 0.0000, 0.0000, 0.0000
 0.0000, 0.0000, 0.0000, 0.0000, 0.0000
 0.0000, 0.0000, 0.0000, 0.0000, 0.0000
 0.0000, 0.0000, 0.0000, 0.0000, 0.0000
 0.0000, 0.0000, 0.0000, 0.0000, 0.0000
 0.0000, 0.0000, 0.0000, 0.0000, 0.0000
 0.0000, 0.0000, 0.0000, 0.0000, 0.0000
 0.0000, 0.0000, 0.0000, 0.0000, 0.0000
 0.0000, 0.0000, 0.0000, 0.0000, 0.0000
 0.0000, 0.0000, 0.0000, 0.0000, 0.0000
 0.0000, 0.0000, 0.0000, 0.0000, 0.0000
 0.0000, 0.0000, 0.0000, 0.0000, 0.0000
 0.0000, 0.0000, 0.0000, 0.0000, 0.0000
 0.0000, 0.0000, 0.0000, 0.0000, 0.0000
 0.0000, 0.0000, 0.0000, 0.0000, 0.0000
 0.0000, 0.0000, 0.0000, 0.0000, 0.0000
 0.0000, 0.0000, 0.0000, 0.0000, 0.0000
 0.0000, 0.0000, 0.0000, 0.0000, 0.0000
 0.0000, 0.0000, 0.0000, 0.0000, 0.0000
 0.0000, 0.0000, 0.0000, 0.0000, 0.0000
 0.0000, 0.0000, 0.0000, 0.0000, 0.0000
 0.0000, 0.0000, 0.0000, 0.0000, 0.0000
 0.0000, 0.0000, 0.0000, 0.0000, 0.0000
 0.0000, 0.0000, 0.0000, 0.0000, 0.0000
 0.0000, 0.0000, 0.0000, 0.0000, 0.0000
 0.0000, 0.0000, 0.0000, 0.0000, 0.0000
 0.0000, 0.0000, 0.0000, 0.0000, 0.0000
 0.0000, 0.0000, 0.0000, 0.0000, 0.0000
 0.0000, 0.0000, 0.0000, 0.0000, 0.0000
 0.0000, 0.0000, 0.0000, 0.0000, 0.0000
 0.0000, 0.0000, 0.0000, 0.0000, 0.0000
 0.0000, 0.0000, 0.0000, 0.0000, 0.0000
 0.0000, 0.0000, 0.0000, 0.0000, 0.0000
 0.0000, 0.0000, 0.0000, 0.0000, 0.0000
 0.0000, 0.0000, 0.0000, 0.0000, 0.0000
 0.0000, 0.0000, 0.0000, 0.0000, 0.0000
 0.0000, 0.0000, 0.0000, 0.0000, 0.0000
 0.0000, 0.0000, 0.0000, 0.0000, 0.0000
 0.0000, 0.0000, 0.0000, 0.0000, 0.0000
 0.0000, 0.0000, 0.0000, 0.0000, 0.0000
 0.0000, 0.0000, 0.0000, 0.0000, 0.0000
 0.0000, 0.0000, 0.0000, 0.0000, 0.0000
 0.0000, 0.0000, 0.0000, 0.0000, 0.0000
 0.0000, 0.0000, 0.0000, 0.0000, 0.0000
 0.0000, 0.0000, 0.0000, 0.0000, 0.0000
 0.0000, 0.0000, 0.0000, 0.0000, 0.0000
 0.0000, 0.0000, 0.0000, 0.0000, 0.0000
 0.0000, 0.0000, 0.0000, 0.0000, 0.0000
 0.0000, 0.0000, 0.0000, 0.0000, 0.0000
 0.0000, 0.0000, 0.0000, 0.0000, 0.0000
 0.0000, 0.0000, 0.0000, 0.0000, 0.0000
 0.0000, 0.0000, 0.0000, 0.0000, 0.0000
 0.0000, 0.0000, 0.0000, 0.0000, 0.0000
 0.0000, 0.0000, 0.0000, 0.0000, 0.0000
 0.0000, 0.0000, 0.0000, 0.0000, 0.0000
 0.0000, 0.0000, 0.0000, 0.0000, 0.0000
 0.0000, 0.0000, 0.0000, 0.0000, 0.0000
 0.0000, 0.0000, 0.0000, 0.0000, 0.0000
 0.0000, 0.0000, 0.0000, 0.0000, 0.0000
 0.0000, 0.0000, 0.0000, 0.0000, 0.0000
 0.0000, 0.0000, 0.0000, 0.0000, 0.0000
 0.0000, 0.0000, 0.0000, 0.0000, 0.0000
 0.0000, 0.0000, 0.0000, 0.0000, 0.0000
 0.0000, 0.0000, 0.0000, 0.0000, 0.0000
 0.0000, 0.0000, 0.0000, 0.0000, 0.0000
 0.0000, 0.0000, 0.0000, 0.0000, 0.0000
 0.0000, 0.0000, 0.0000, 0.0000, 0.0000
 0.0000, 0.0000, 0.0000, 0.0000, 0.0000
 0.0000, 0.0000, 0.0000, 0.0000, 0.0000
 0.0000, 0.0000, 0.0000, 0.0000, 0.0000
 0.0000, 0.0000, 0.0000, 0.0000, 0.0000
 0.0000, 0.0000, 0.0000, 0.0000, 0.0000
 0.0000, 0.0000, 0.0000, 0.0000, 0.0000
 0.0000, 0.0000, 0.0000, 0.0000, 0.0000
 0.0000, 0.0000, 0.0000, 0.0000, 0.0000
 0.0000, 0.0000, 0.0000, 0.0000, 0.0000
 0.0000, 0.0000, 0.0000, 0.0000, 0.0000
 0.0000, 0.0000, 0.0000, 0.0000, 0.0000
 0.0000, 0.0000, 0.0000, 0.0000, 0.0000
 0.0000, 0.0000, 0.0000, 0.0000, 0.0000
 0.0000, 0.0000, 0.0000, 0.0000, 0.0000
 0.0000, 0.0000, 0.0000, 0.0000, 0.0000
 0.0000, 0.0000, 0.0000, 0.0000, 0.0000
 0.0000, 0.0000, 0.0000, 0.0000, 0.0000
 0.0000, 0.0000, 0.0000, 0.0000, 0.0000
 0.0000, 0.0000, 0.0000, 0.0000, 0.0000
 0.0000, 0.0000, 0.0000, 0.0000, 0.0000
 0.0000, 0.0000, 0.0000, 0.0000, 0.0000
 0.0000, 0.0000, 0.0000, 0.0000, 0.0000
 0.0000, 0.0000, 0.0000, 0.0000, 0.0000
 0.0000, 0.0000, 0.0000, 0.0000, 0.0000
 0.0000, 0.0000, 0.0000, 0.0000, 0.0000
 0.0000, 0.0000, 0.0000, 0.0000, 0.0000
 0.0000, 0.0000, 0.0000, 0.0000, 0.0000
 0.0000, 0.0000, 0.0000, 0.0000, 0.0000
 0.0000, 0.0000, 0.0000, 0.0000, 0.0000
 0.0000, 0.0000, 0.0000, 0.0000, 0.0000
 0.0000, 0.0000, 0.0000, 0.0000, 0.0000
 0.0000, 0.0000, 0.0000, 0.0000, 0.0000
 0.0000, 0.0000, 0.0000, 0.0000, 0.0000
 0.0000, 0.0000, 0.0000, 0.0000, 0.0000
 0.0000, 0.0000, 0.0000, 0.0000, 0.0000
 0.0000, 0.0000, 0.0000, 0.0000, 0.0000
 0.0000, 0.0000, 0.0000, 0.0000, 0.0000
 0.0000, 0.0000, 0.0000, 0.0000, 0.0000
 0.0000, 0.0000, 0.0000, 0.0000, 0.0000
 0.0000, 0.0000, 0.0000, 0.0000, 0.0000
 0.0000, 0.0000, 0.0000, 0.0000, 0.0000
 0.0000, 0.0000, 0.0000, 0.0000, 0.0000
 0.0000, 0.0000, 0.0000, 0.0000, 0.0000
 0.0000, 0.0000, 0.0000, 0.0000, 0.0000
 0.0000, 0.0000, 0.0000, 0.0000, 0.0000
 0.0000, 0.0000, 0.0000, 0.0000, 0.0000
 0.0000, 0.0000, 0.0000, 0.0000, 0.0000
 0.0000, 0.0000, 0.0000, 0.0000, 0.0000
 0.0000, 0.0000, 0.0000, 0.0000, 0.0000
 0.0000, 0.0000, 0.0000, 0.0000, 0.0000
 0.0000, 0.0000, 0.0000, 0.0000, 0.0000
 0.0000, 0.0000, 0.0000, 0.0000, 0.0000
 0.0000, 0.0000, 0.0000, 0.0000, 0.0000
 0.0000, 0.0000, 0.0000, 0.0000, 0.0000
 0.0000, 0.0000, 0.0000, 0.0000, 0.0000
 0.0000, 0.0000, 0.0000, 0.0000, 0.0000
 0.0000, 0.0000, 0.0000, 0.0000, 0.0000
 0.0000, 0.0000, 0.0000, 0.0000, 0.0000
 0.0000, 0.0000, 0.0000, 0.0000, 0.0000
 0.0000, 0.0000, 0.0000, 0.0000, 0.0000
 0.0000, 0.0000, 0.0000, 0.0000, 0.0000
 0.0000, 0.0000, 0.0000, 0.0000, 0.0000
 0.0000, 0.0000, 0.0000, 0.0000, 0.0000
 0.0000, 0.0000, 0.0000, 0.0000, 0.0000
 0.0000, 0.0000, 0.0000, 0.0000, 0.0000
 0.0000, 0.0000, 0.0000, 0.0000, 0.0000
 0.0000, 0.0000, 0.0000, 0.0000, 0.0000
 0.0000, 0.0000, 0.0000, 0.0000, 0.0000
 0.0000, 0.0000, 0.0000, 0.0000, 0.0000
 0.0000, 0.0000, 0.0000, 0.0000, 0.0000
 0.0000, 0.0000, 0.0000, 0.0000, 0.0000
 0.0000, 0.0000, 0.0000, 0.0000, 0.0000
 0.0000, 0.0000, 0.0000, 0.0000, 0.0000
 0.0000, 0.0000, 0.0000, 0.0000, 0.0000
 0.0000, 0.0000, 0.0000, 0.0000, 0.0000
 0.0000, 0.0000, 0.0000, 0.0000, 0.0000
 0.0000, 0.0000, 0.0000, 0.0000, 0.0000
 0.0000, 0.0000, 0.0000, 0.0000, 0.0000
 0.0000, 0.0000, 0.0000, 0.0000, 0.0000
 0.0000, 0.0000, 0.0000, 0.0000, 0.0000
 0.0000, 0.0000, 0.0000, 0.0000, 0.0000
 0.0000, 0.0000, 0.0000, 0.0000, 0.0000
 0.0000, 0.0000, 0.0000, 0.0000, 0.0000
 0.0000, 0.0000, 0.0000, 0.0000, 0.0000
 0.0000, 0.0000, 0.0000, 0.0000, 0.0000
 0.0000, 0.0000, 0.0000, 0.0000, 0.0000
 0.0000, 0.0000, 0.0000, 0.0000, 0.0000
 0.0000, 0.0000, 0.0000, 0.0000, 0.0000
 0.0000, 0.0000, 0.0000, 0.0000, 0.0000
 0.0000, 0.0000, 0.0000, 0.0000, 0.0000
 0.0000, 0.0000, 0.0000, 0.0000, 0.0000
 0.0000, 0.0000, 0.0000, 0.0000, 0.0000
 0.0000, 0.0000, 0.0000, 0.0000, 0.0000
 0.0000, 0.0000, 0.0000, 0.0000, 0.0000
 0.0000, 0.0000, 0.0000, 0.0000, 0.0000
 0.0000, 0.0000, 0.0000, 0.0000, 0.0000
 0.0000, 0.0000, 0.0000, 0.0000, 0.0000
 0.0000, 0.0000, 0.0000, 0.0000, 0.0000
 0.0000, 0.0000, 0.0000, 0.0000, 0.0000
 0.0000, 0.0000, 0.0000, 0.0000, 0.0000
 0.0000, 0.0000, 0.0000, 0.0000, 0.0000
 0.0000, 0.0000, 0.0000, 0.0000, 0.0000
 0.0000, 0.0000, 0.0000, 0.0000, 0.0000
 0.0000, 0.0000, 0.0000, 0.0000, 0.0000
 0.0000, 0.0000, 0.0000, 0.0000, 0.0000
 0.0000, 0.0000, 0.0000, 0.0000, 0.0000
 0.0000, 0.0000, 0.0000, 0.0000, 0.0000
 0.0000, 0.0000, 0.0000, 0.0000, 0.0000
 0.0000, 0.0000, 0.0000, 0.0000, 0.0000
 0.0000, 0.0000, 0.0000, 0.0000, 0.0000
 0.0000, 0.0000, 0.0000, 0.0000, 0.0000
 0.0000, 0.0000, 0.0000, 0.0000, 0.0000
 0.0000, 0.0000, 0.0000, 0.0000, 0.0000
 0.0000, 0.0000, 0.0000, 0.0000, 0.0000
 0.0000, 0.0000, 0.0000, 0.0000, 0.0000
 0.0000, 0.0000, 0.0000, 0.0000, 0.0000
 0.0000, 0.0000, 0.0000, 0.0000, 0.0000
 0.0000, 0.0000, 0.0000, 0.0000, 0.0000
 0.0000, 0.0000, 0.0000, 0.0000, 0.0000
 0.0000, 0.0000, 0.0000, 0.0000, 0.0000
 0.0000, 0.0000, 0.0000, 0.0000, 0.0000
 0.0000, 0.0000, 0.0000, 0.0000, 0.0000
 0.0000, 0.0000, 0.0000, 0.0000, 0.0000
 0.0000, 0.0000, 0.0000, 0.0000, 0.0000
 0.0000, 0.0000, 0.0000, 0.0000, 0.0000
 0.0000, 0.0000, 0.0000, 0.0000, 0.0000
 0.0000, 0.0000, 0.0000, 0.0000, 0.0000
 0.0000, 0.0000, 0.0000, 0.0000, 0.0000
 0.0000, 0.0000, 0.0000, 0.0000, 0.0000
 0.0000, 0.0000, 0.0000, 0.0000, 0.0000
 0.0000, 0.0000, 0.0000, 0.0000, 0.0000
 0.0000, 0.0000, 0.0000, 0.0000, 0.0000
 0.0000, 0.0000, 0.0000, 0.0000, 0.0000
 0.0000, 0.0000, 0.0000, 0.0000, 0.0000
 0.0000, 0.0000, 0.0000, 0.0000, 0.0000
 0.0000, 0.0000, 0.0000, 0.0000, 0.0000
 0.0000, 0.0000, 0.0000, 0.0000, 0.0000
 0.0000, 0.0000, 0.0000, 0.0000, 0.0000
 0.0000, 0.0000, 0.0000, 0.0000, 0.0000
 0.0000, 0.0000, 0.0000, 0.0000, 0.0000
 0.0000, 0.0000, 0.0000, 0.0000, 0.0000
 0.0000, 0.0000, 0.0000, 0.0000, 0.0000
 0.0000, 0.0000, 0.0000, 0.0000, 0.0000
 0.0000, 0.0000, 0.0000, 0.0000, 0.0000
 0.0000, 0.0000, 0.0000, 0.0000, 0.0000
 0.0000, 0.0000, 0.0000, 0.0000, 0.0000
 0.0000, 0.0000, 0.0000, 0.0000, 0.0000
 0.0000, 0.0000, 0.0000, 0.0000, 0.0000
 0.0000, 0.0000, 0.0000, 0.0000, 0.0000
 0.0000, 0.0000, 0.0000, 0.0000, 0.0000
 0.0000, 0.0000, 0.0000, 0.0000, 0.0000
 0.0000, 0.0000, 0.0000, 0.0000, 0.0000
 0.0000, 0.0000, 0.0000, 0.0000, 0.0000
 0.0000, 0.0000, 0.0000, 0.0000, 0.0000
 0.0000, 0.0000, 0.0000, 0.0000, 0.0000
 0.0000, 0.0000, 0.0000, 0.0000, 0.0000
 0.0000, 0.0000, 0.0000, 0.0000, 0.0000
 0.0000, 0.0000, 0.0000, 0.0000, 0.0000
 0.0000, 0.0000, 0.0000, 0.0000, 0.0000
 0.0000, 0.0000, 0.0000, 0.0000, 0.0000
 0.0000, 0.0000, 0.0000, 0.0000, 0.0000
 0.0000, 0.0000, 0.0000, 0.0000, 0.0000
 0.0000, 0.0000, 0.0000, 0.0000, 0.0000
 0.0000, 0.0000, 0.0000, 0.0000, 0.0000
 0.0000, 0.0000, 0.0000, 0.0000, 0.0000
 0.0000, 0.0000, 0.0000, 0.0000, 0.0000
 0.0000, 0.0000, 0.0000, 0.0000, 0.0000
 0.0000, 0.0000, 0.0000, 0.0000, 0.0000
 0.0000, 0.0000, 0.0000, 0.0000, 0.0000
 0.0000, 0.0000, 0.0000, 0.0000, 0.0000
 0.0000, 0.0000, 0.0000, 0.0000, 0.0000
 0.0000, 0.0000, 0.0000, 0.0000, 0.0000
 0.0000, 0.0000, 0.0000, 0.0000, 0.0000
 0.0000, 0.0000, 0.0000, 0.0000, 0.0000
 0.0000, 0.0000, 0.0000, 0.0000, 0.0000
 0.0000, 0.0000, 0.0000, 0.0000, 0.0000
 0.0000, 0.0000, 0.0000, 0.0000, 0.0000
 0.0000, 0.0000, 0.0000, 0.0000, 0.0000
 0.0000, 0.0000, 0.0000, 0.0000, 0.0000
 0.0000, 0.0000, 0.0000, 0.0000, 0.0000
 0.0000, 0.0000, 0.0000, 0.0000, 0.0000
 0.0000, 0.0000, 0.0000, 0.0000, 0.0000
 0.0000, 0.0000, 0.0000, 0.0000, 0.0000
 0.0000, 0.0000, 0.0000, 0.0000, 0.0000
 0.0000, 0.0000, 0.0000, 0.0000, 0.0000
 0.0000, 0.0000, 0.0000, 0.0000, 0.0000
 0.0000, 0.0000, 0.0000, 0.0000, 0.0000
 0.0000, 0.0000, 0.0000, 0.0000, 0.0000
 0.0000, 0.0000, 0.0000, 0.0000, 0.0000
 0.0000, 0.0000, 0.0000, 0.0000, 0.0000
 0.0000, 0.0000, 0.0000, 0.0000, 0.0000
 0.0000, 0.0000, 0.0000, 0.0000, 0.0000
 0.0000, 0.0000, 0.0000, 0.0000, 0.0000
 0.0000, 0.0000, 0.0000, 0.0000, 0.0000
 0.0000, 0.0000, 0.0000, 0.0000, 0.0000
 0.0000, 0.0000, 0.0000, 0.0000, 0.0000
 0.0000, 0.0000, 0.0000, 0.0000, 0.0000
 0.0000, 0.0000, 0.0000, 0.0000, 0.0000
 0.0000, 0.0000, 0.0000, 0.0000, 0.0000
 0.0000, 0.0000, 0.0000, 0.0000, 0.0000
 0.0000, 0.0000, 0.0000, 0.0000, 0.0000
 0.0000, 0.0000, 0.0000, 0.0000, 0.0000
 0.0000, 0.0000, 0.0000, 0.0000, 0.0000
 0.0000, 0.0000, 0.0000, 0.0000, 0.0000
 0.0000, 0.0000, 0.0000, 0.0000, 0.0000
 0.0000, 0.0000, 0.0000, 0.0000, 0.0000
 0.0000, 0.0000, 0.0000, 0.0000, 0.0000
 0.0000, 0.0000, 0.0000, 0.0000, 0.0000
 0.0000, 0.0000, 0.0000, 0.0000, 0.0000
 0.0000, 0.0000, 0.0000, 0.0000, 0.0000
 0.1000, 0.0000, 0.0000, 8.0000, 13.8999
 0.1000, 0.0000, 0.0075, 7.9939, 11.0939
 0.1000, 0.0003, 0.0303, 7.9696, 13.8696
 0.1000, 0.0009, 0.0606, 7.9211, 11.0211
 0.1000, 0.0018, 0.0833, 7.8544, 13.7544
 0.1000, 0.0030, 0.1212, 7.7574, 10.8574
 0.1000, 0.0045, 0.1515, 7.6361, 13.5361
 0.1000, 0.0064, 0.1894, 7.4846, 10.5846
 0.1000, 0.0085, 0.2122, 7.3148, 13.2148
 0.1000, 0.0110, 0.2501, 7.1147, 10.2147
 0.1000, 0.0138, 0.2804, 6.8904, 12.7904
 0.1000, 0.0169, 0.3031, 6.6478, 9.7478
 0.1000, 0.0200, 0.3183, 6.3932, 12.2932
 0.1000, 0.0235, 0.3486, 6.1142, 9.2142
 0.1000, 0.0272, 0.3638, 5.8232, 11.7232
 0.1000, 0.0310, 0.3865, 5.5140, 8.6140
 0.1000, 0.0350, 0.4016, 5.1926, 11.0926
 0.1000, 0.0392, 0.4168, 4.8591, 7.9591
 0.1000, 0.0435, 0.4320, 4.5135, 10.4135
 0.1000, 0.0479, 0.4395, 4.1618, 7.2618
 0.1000, 0.0525, 0.4547, 3.7980, 9.6980
 0.1000, 0.0571, 0.4623, 3.4282, 6.5282
 0.1000, 0.0618, 0.4699, 3.0522, 8.9522
 0.1000, 0.0666, 0.4774, 2.6703, 5.7703
 0.1000, 0.0713, 0.4774, 2.2883, 8.1883
 0.1000, 0.0760, 0.4699, 1.9123, 5.0123
 0.1000, 0.0808, 0.4774, 1.5303, 7.4303
 0.1000, 0.0855, 0.4699, 1.1544, 4.2544
 0.1000, 0.0901, 0.4623, 0.7845, 6.6845
 0.1000, 0.0948, 0.4623, 0.4147, 3.5147
 0.1000, 0.0992, 0.4471, 0.0569, 5.9569
 0.1000, 0.1037, 0.4471,-0.3007,-6.2007
 0.1000, 0.1079, 0.4168,-0.6342,-3.7342
 0.1000, 0.1118, 0.3941,-0.9495,-6.8495
 0.1000, 0.1154, 0.3562,-1.2345,-4.3345
 0.1000, 0.1186, 0.3183,-1.4891,-7.3891
 0.1000, 0.1214, 0.2804,-1.7135,-4.8135
 0.1000, 0.1238, 0.2425,-1.9075,-7.8075
 0.1000, 0.1258, 0.2046,-2.0712,-5.1712
 0.1000, 0.1275, 0.1667,-2.2046,-8.1046
 0.1000, 0.1288, 0.1288,-2.3077,-5.4077
 0.1000, 0.1297, 0.0909,-2.3804,-8.2804
 0.1000, 0.1302, 0.0530,-2.4229,-5.5229
 0.1000, 0.1305, 0.0227,-2.4411,-8.3411
 0.1000, 0.1303,-0.0151,-2.4289,-5.5289
 0.1000, 0.1301,-0.0227,-2.4107,-8.3107
 0.1000, 0.1297,-0.0378,-2.3804,-5.4804
 0.1000, 0.1293,-0.0378,-2.3501,-8.2501
 0.1000, 0.1288,-0.0530,-2.3077,-5.4077
 0.1000, 0.1283,-0.0454,-2.2713,-8.1713
 0.1000, 0.1277,-0.0606,-2.2228,-5.3228
 0.1000, 0.1271,-0.0682,-2.1682,-8.0682
 0.1000, 0.1264,-0.0606,-2.1197,-5.2197
 0.1000, 0.1258,-0.0682,-2.0651,-7.9651
 0.1000, 0.1251,-0.0682,-2.0106,-5.1106
 0.1000, 0.1244,-0.0682,-1.9560,-7.8560
 0.1000, 0.1236,-0.0757,-1.8954,-4.9954
 0.1000, 0.1230,-0.0682,-1.8408,-7.7408
 0.1000, 0.1222,-0.0757,-1.7802,-4.8802
 0.1000, 0.1214,-0.0757,-1.7195,-7.6195
 0.1000, 0.1207,-0.0757,-1.6589,-4.7589
 0.1000, 0.1199,-0.0833,-1.5922,-7.4922
 0.1000, 0.1189,-0.0909,-1.5194,-4.6194
 0.1000, 0.1180,-0.0985,-1.4406,-7.3406
 0.1000, 0.1169,-0.1061,-1.3557,-4.4557
 0.1000, 0.1158,-0.1061,-1.2708,-7.1708
 0.1000, 0.1147,-0.1136,-1.1799,-4.2799
 0.1000, 0.1136,-0.1136,-1.0889,-6.9889
 0.1000, 0.1123,-0.1212,-0.9919,-4.0919
 0.1000, 0.1112,-0.1136,-0.9010,-6.8010
 0.1000, 0.1101,-0.1136,-0.8100,-3.9100
 0.1000, 0.1089,-0.1136,-0.7191,-6.6191
 0.1000, 0.1079,-0.1061,-0.6342,-3.7342
 0.1000, 0.1068,-0.1061,-0.5493,-6.4493
 0.1000, 0.1058,-0.0985,-0.4705,-3.5705
 0.1000, 0.1048,-0.0985,-0.3916,-6.2916
 0.1000, 0.1039,-0.0909,-0.3189,-3.4189
 0.1000, 0.1031,-0.0833,-0.2522,-6.1522
 0.1000, 0.1023,-0.0757,-0.1916,-3.2916
 0.1000, 0.1015,-0.0833,-0.1249,-6.0249
 0.1000, 0.1008,-0.0757,-0.0642,-3.1642
 0.1000, 0.1001,-0.0682,-0.0097,-5.9097
 0.1000, 0.0993,-0.0757, 0.0509, 5.9509
 0.1000, 0.0988,-0.0530, 0.0933, 3.1933
 0.1000, 0.0984,-0.0378, 0.1236, 6.0236
 0.1000, 0.0983,-0.0075, 0.1297, 3.2297
 0.1000, 0.0983, 0.0000, 0.1297, 6.0297
 0.1000, 0.0984, 0.0075, 0.1236, 3.2236
 0.1000, 0.0986, 0.0151, 0.1115, 6.0115
 0.1000, 0.0986, 0.0075, 0.1055, 3.2055
 0.1000, 0.0987, 0.0075, 0.0994, 5.9994
 0.1000, 0.0988, 0.0075, 0.0933, 3.1933
 0.1000, 0.0988, 0.0000, 0.0933, 5.9933
 0.1000, 0.0989, 0.0075, 0.0873, 3.1873
 0.1000, 0.0989, 0.0075, 0.0812, 5.9812
 0.1000, 0.0990, 0.0075, 0.0751, 3.1751
 0.1000, 0.0990, 0.0000, 0.0751, 5.9751
 0.1000, 0.0991, 0.0075, 0.0691, 3.1691
 0.1000, 0.0992, 0.0075, 0.0630, 5.9630
 0.1000, 0.0992, 0.0075, 0.0569, 3.1569
 0.1000, 0.0993, 0.0075, 0.0509, 5.9509
 0.1000, 0.0994, 0.0075, 0.0448, 3.1448
 0.1000, 0.0995, 0.0075, 0.0388, 5.9388
 0.1000, 0.0995, 0.0075, 0.0327, 3.1327
 0.1000, 0.0996, 0.0075, 0.0266, 5.9266
 0.1000, 0.0998, 0.0151, 0.0145, 3.1145
 0.1000, 0.0998, 0.0075, 0.0084, 5.9084
 0.1000, 0.1000, 0.0151, 0.0000, 0.0000
 0.1000, 0.1000, 0.0000, 0.0000, 0.0000
 0.1000, 0.1001, 0.0075,-0.0097,-5.9097
 0.1000, 0.1000,-0.0075, 0.0000, 0.0000
 0.1000, 0.0999,-0.0075, 0.0000, 0.0000
 0.1000, 0.0999, 0.0000, 0.0000, 0.0000
 0.1000, 0.0999, 0.0000, 0.0000, 0.0000
 0.1000, 0.0999, 0.0000, 0.0000, 0.0000
 0.1000, 0.0999, 0.0000, 0.0000, 0.0000
 0.1000, 0.0999, 0.0000, 0.0000, 0.0000
 0.1000, 0.0999, 0.0000, 0.0000, 0.0000
 0.1000, 0.0999, 0.0000, 0.0000, 0.0000
 0.1000, 0.0999, 0.0000, 0.0000, 0.0000
 0.1000, 0.0999, 0.0000, 0.0000, 0.0000
 0.1000, 0.0999, 0.0000, 0.0000, 0.0000
 0.1000, 0.0999, 0.0000, 0.0000, 0.0000
 0.1000, 0.0999, 0.0000, 0.0000, 0.0000
 0.1000, 0.0999, 0.0000, 0.0000, 0.0000
 0.1000, 0.0999, 0.0000, 0.0000, 0.0000
 0.1000, 0.0999, 0.0000, 0.0000, 0.0000
 0.1000, 0.0999, 0.0000, 0.0000, 0.0000
 0.1000, 0.0999, 0.0000, 0.0000, 0.0000
 0.1000, 0.0999, 0.0000, 0.0000, 0.0000
 0.1000, 0.0999, 0.0000, 0.0000, 0.0000
 0.1000, 0.0999, 0.0000, 0.0000, 0.0000
 0.1000, 0.0999, 0.0000, 0.0000, 0.0000
 0.1000, 0.0999, 0.0000, 0.0000, 0.0000
 0.1000, 0.0999, 0.0000, 0.0000, 0.0000
 0.1000, 0.0999, 0.0000, 0.0000, 0.0000
 0.1000, 0.0999, 0.0000, 0.0000, 0.0000
 0.1000, 0.0999, 0.0000, 0.0000, 0.0000
 0.1000, 0.0999, 0.0000, 0.0000, 0.0000
 0.1000, 0.0999, 0.0000, 0.0000, 0.0000
 0.1000, 0.0999, 0.0000, 0.0000, 0.0000
 0.1000, 0.0999, 0.0000, 0.0000, 0.0000
 0.1000, 0.0999, 0.0000, 0.0000, 0.0000
 0.1000, 0.0999, 0.0000, 0.0000, 0.0000
 0.1000, 0.0999, 0.0000, 0.0000, 0.0000
 0.1000, 0.0999, 0.0000, 0.0000, 0.0000
 0.1000, 0.0999, 0.0000, 0.0000, 0.0000
 0.1000, 0.0999, 0.0000, 0.0000, 0.0000
 0.1000, 0.0999, 0.0000, 0.0000, 0.0000
 0.1000, 0.0999, 0.0000, 0.0000, 0.0000
 0.1000, 0.0999, 0.0000, 0.0000, 0.0000
 0.1000, 0.0999, 0.0000, 0.0000, 0.0000
 0.1000, 0.0999, 0.0000, 0.0000, 0.0000
 0.1000, 0.0999, 0.0000, 0.0000, 0.0000
 0.1000, 0.0999, 0.0000, 0.0000, 0.0000
 0.1000, 0.0999, 0.0000, 0.0000, 0.0000
 0.1000, 0.0999, 0.0000, 0.0000, 0.0000
 0.1000, 0.0999, 0.0000, 0.0000, 0.0000
 0.1000, 0.0999, 0.0000, 0.0000, 0.0000
 0.1000, 0.0999, 0.0000, 0.0000, 0.0000
 0.1000, 0.0999, 0.0000, 0.0000, 0.0000
 0.1000, 0.0999, 0.0000, 0.0000, 0.0000
 0.1000, 0.0999, 0.0000, 0.0000, 0.0000
 0.1000, 0.0999, 0.0000, 0.0000, 0.0000
 0.1000, 0.0999, 0.0000, 0.0000, 0.0000
 0.1000, 0.0999, 0.0000, 0.0000, 0.0000
 0.1000, 0.0999, 0.0000, 0.0000, 0.0000
 0.1000, 0.0999, 0.0000, 0.0000, 0.0000
 0.1000, 0.0999, 0.0000, 0.0000, 0.0000
 0.1000, 0.0999, 0.0000, 0.0000, 0.0000
 0.1000, 0.0999, 0.0000, 0.0000, 0.0000
 0.1000, 0.0999, 0.0000, 0.0000, 0.0000
 0.1000, 0.0999, 0.0000, 0.0000, 0.0000
 0.1000, 0.0999, 0.0000, 0.0000, 0.0000
 0.1000, 0.0999, 0.0000, 0.0000, 0.0000
 0.1000, 0.0999, 0.0000, 0.0000, 0.0000
 0.1000, 0.0999, 0.0000, 0.0000, 0.0000
 0.1000, 0.0999, 0.0000, 0.0000, 0.0000
 0.1000, 0.0999, 0.0000, 0.0000, 0.0000
 0.1000, 0.0999, 0.0000, 0.0000, 0.0000
 0.1000, 0.0999, 0.0000, 0.0000, 0.0000
 0.1000, 0.0999, 0.0000, 0.0000, 0.0000
 0.1000, 0.0999, 0.0000, 0.0000, 0.0000
 0.1000, 0.0999, 0.0000, 0.0000, 0.0000
 0.1000, 0.0999, 0.0000, 0.0000, 0.0000
 0.1000, 0.0999, 0.0000, 0.0000, 0.0000
 0.1000, 0.0999, 0.0000, 0.0000, 0.0000
 0.1000, 0.0999, 0.0000, 0.0000, 0.0000
 0.1000, 0.0999, 0.0000, 0.0000, 0.0000
 0.1000, 0.0999, 0.0000, 0.0000, 0.0000
 0.1000, 0.0999, 0.0000, 0.0000, 0.0000
 0.1000, 0.0999, 0.0000, 0.0000, 0.0000
 0.1000, 0.0999, 0.0000, 0.0000, 0.0000
 0.1000, 0.0999, 0.0000, 0.0000, 0.0000
 0.1000, 0.0999, 0.0000, 0.0000, 0.0000
 0.1000, 0.0999, 0.0000, 0.0000, 0.0000
 0.1000, 0.0999, 0.0000, 0.0000, 0.0000
 0.1000, 0.0999, 0.0000, 0.0000, 0.0000
 0.1000, 0.0999, 0.0000, 0.0000, 0.0000
 0.1000, 0.0999, 0.0000, 0.0000, 0.0000
 0.1000, 0.0999, 0.0000, 0.0000, 0.0000
 0.1000, 0.0999, 0.0000, 0.0000, 0.0000
 0.1000, 0.0999, 0.0000, 0.0000, 0.0000
 0.1000, 0.0999, 0.0000, 0.0000, 0.0000
 0.1000, 0.0999, 0.0000, 0.0000, 0.0000
 0.1000, 0.0999, 0.0000, 0.0000, 0.0000
 0.1000, 0.0999, 0.0000, 0.0000, 0.0000
 0.1000, 0.0999, 0.0000, 0.0000, 0.0000
 0.1000, 0.0999, 0.0000, 0.0000, 0.0000
 0.1000, 0.0999, 0.0000, 0.0000, 0.0000
 0.1000, 0.0999, 0.0000, 0.0000, 0.0000
 0.1000, 0.0999, 0.0000, 0.0000, 0.0000
 0.1000, 0.0999, 0.0000, 0.0000, 0.0000
 0.1000, 0.0999, 0.0000, 0.0000, 0.0000
 0.1000, 0.0999, 0.0000, 0.0000, 0.0000
 0.1000, 0.0999, 0.0000, 0.0000, 0.0000
 0.1000, 0.0999, 0.0000, 0.0000, 0.0000
 0.1000, 0.0999, 0.0000, 0.0000, 0.0000
 0.1000, 0.0999, 0.0000, 0.0000, 0.0000
 0.1000, 0.0999, 0.0000, 0.0000, 0.0000
 0.1000, 0.0999, 0.0000, 0.0000, 0.0000
 0.1000, 0.0999, 0.0000, 0.0000, 0.0000
 0.1000, 0.0999, 0.0000, 0.0000, 0.0000
 0.1000, 0.0999, 0.0000, 0.0000, 0.0000
 0.1000, 0.0999, 0.0000, 0.0000, 0.0000
 0.1000, 0.0999, 0.0000, 0.0000, 0.0000
 0.1000, 0.0999, 0.0000, 0.0000, 0.0000
 0.1000, 0.0999, 0.0000, 0.0000, 0.0000
 0.1000, 0.0999, 0.0000, 0.0000, 0.0000
 0.1000, 0.0999, 0.0000, 0.0000, 0.0000
 0.1000, 0.0999, 0.0000, 0.0000, 0.0000
 0.1000, 0.0999, 0.0000, 0.0000, 0.0000
 0.1000, 0.0999, 0.0000, 0.0000, 0.0000
 0.1000, 0.0999, 0.0000, 0.0000, 0.0000
 0.1000, 0.0999, 0.0000, 0.0000, 0.0000
 0.1000, 0.0999, 0.0000, 0.0000, 0.0000
 0.1000, 0.0999, 0.0000, 0.0000, 0.0000
 0.1000, 0.0999, 0.0000, 0.0000, 0.0000
 0.1000, 0.0999, 0.0000, 0.0000, 0.0000
 0.1000, 0.0999, 0.0000, 0.0000, 0.0000
 0.1000, 0.0999, 0.0000, 0.0000, 0.0000
 0.1000, 0.0999, 0.0000, 0.0000, 0.0000
 0.1000, 0.0999, 0.0000, 0.0000, 0.0000
 0.1000, 0.0999, 0.0000, 0.0000, 0.0000
 0.1000, 0.0999, 0.0000, 0.0000, 0.0000
 0.1000, 0.0999, 0.0000, 0.0000, 0.0000
 0.1000, 0.0999, 0.0000, 0.0000, 0.0000
 0.1000, 0.0999, 0.0000, 0.0000, 0.0000
 0.1000, 0.0999, 0.0000, 0.0000, 0.0000
 0.1000, 0.0999, 0.0000, 0.0000, 0.0000
 0.1000, 0.0999, 0.0000, 0.0000, 0.0000
 0.1000, 0.0999, 0.0000, 0.0000, 0.0000
 0.1000, 0.0999, 0.0000, 0.0000, 0.0000
 0.1000, 0.0999, 0.0000, 0.0000, 0.0000
 0.1000, 0.0999, 0.0000, 0.0000, 0.0000
 0.1000, 0.0999, 0.0000, 0.0000, 0.0000
 0.1000, 0.0999, 0.0000, 0.0000, 0.0000
 0.1000, 0.0999, 0.0000, 0.0000, 0.0000
 0.1000, 0.0999, 0.0000, 0.0000, 0.0000
 0.1000, 0.0999, 0.0000, 0.0000, 0.0000
 0.1000, 0.0999, 0.0000, 0.0000, 0.0000
 0.1000, 0.0999, 0.0000, 0.0000, 0.0000
 0.1000, 0.0999, 0.0000, 0.0000, 0.0000
 0.1000, 0.0999, 0.0000, 0.0000, 0.0000
 0.1000, 0.0999, 0.0000, 0.0000, 0.0000
 0.1000, 0.0999, 0.0000, 0.0000, 0.0000
 0.1000, 0.0999, 0.0000, 0.0000, 0.0000
 0.1000, 0.0999, 0.0000, 0.0000, 0.0000
 0.1000, 0.0999, 0.0000, 0.0000, 0.0000
 0.1000, 0.0999, 0.0000, 0.0000, 0.0000
 0.1000, 0.0999, 0.0000, 0.0000, 0.0000
 0.1000, 0.0999, 0.0000, 0.0000, 0.0000
 0.1000, 0.0999, 0.0000, 0.0000, 0.0000
 0.1000, 0.0999, 0.0000, 0.0000, 0.0000
 0.1000, 0.0999, 0.0000, 0.0000, 0.0000
 0.1000, 0.0999, 0.0000, 0.0000, 0.0000
 0.1000, 0.0999, 0.0000, 0.0000, 0.0000
 0.1000, 0.0999, 0.0000, 0.0000, 0.0000
 0.1000, 0.0999, 0.0000, 0.0000, 0.0000
 0.1000, 0.0999, 0.0000, 0.0000, 0.0000
 0.1000, 0.0999, 0.0000, 0.0000, 0.0000
 0.1000, 0.0999, 0.0000, 0.0000, 0.0000
 0.1000, 0.0999, 0.0000, 0.0000, 0.0000
 0.1000, 0.0999, 0.0000, 0.0000, 0.0000
 0.1000, 0.0999, 0.0000, 0.0000, 0.0000
 0.1000, 0.0999, 0.0000, 0.0000, 0.0000
 0.1000, 0.0999, 0.0000, 0.0000, 0.0000
 0.1000, 0.0999, 0.0000, 0.0000, 0.0000
 0.1000, 0.0999, 0.0000, 0.0000, 0.0000
 0.1000, 0.0999, 0.0000, 0.0000, 0.0000
 0.1000, 0.0999, 0.0000, 0.0000, 0.0000
 0.1000, 0.0999, 0.0000, 0.0000, 0.0000
 0.1000, 0.0999, 0.0000, 0.0000, 0.0000
 0.1000, 0.0999, 0.0000, 0.0000, 0.0000
 0.1000, 0.0999, 0.0000, 0.0000, 0.0000
 0.1000, 0.0999, 0.0000, 0.0000, 0.0000
 0.1000, 0.0999, 0.0000, 0.0000, 0.0000
 0.1000, 0.0999, 0.0000, 0.0000, 0.0000
 0.1000, 0.0999, 0.0000, 0.0000, 0.0000
 0.1000, 0.0999, 0.0000, 0.0000, 0.0000
 0.1000, 0.0999, 0.0000, 0.0000, 0.0000
 0.1000, 0.0999, 0.0000, 0.0000, 0.0000
 0.1000, 0.0999, 0.0000, 0.0000, 0.0000
 0.1000, 0.0999, 0.0000, 0.0000, 0.0000
 0.1000, 0.0999, 0.0000, 0.0000, 0.0000
 0.1000, 0.0999, 0.0000, 0.0000, 0.0000
 0.1000, 0.0999, 0.0000, 0.0000, 0.0000
 0.1000, 0.0999, 0.0000, 0.0000, 0.0000
 0.1000, 0.0999, 0.0000, 0.0000, 0.0000
 0.1000, 0.0999, 0.0000, 0.0000, 0.0000
 0.1000, 0.0999, 0.0000, 0.0000, 0.0000
 0.1000, 0.0999, 0.0000, 0.0000, 0.0000
 0.1000, 0.0999, 0.0000, 0.0000, 0.0000
 0.1000, 0.0999, 0.0000, 0.0000, 0.0000
 0.1000, 0.0999, 0.0000, 0.0000, 0.0000
 0.1000, 0.0999, 0.0000, 0.0000, 0.0000
 0.1000, 0.0999, 0.0000, 0.0000, 0.0000
 0.1000, 0.0999, 0.0000, 0.0000, 0.0000
 0.1000, 0.0999, 0.0000, 0.0000, 0.0000
 0.1000, 0.0999, 0.0000, 0.0000, 0.0000
 0.1000, 0.0999, 0.0000, 0.0000, 0.0000
 0.1000, 0.0999, 0.0000, 0.0000, 0.0000
 0.1000, 0.0999, 0.0000, 0.0000, 0.0000
 0.1000, 0.0999, 0.0000, 0.0000, 0.0000
 0.1000, 0.0999, 0.0000, 0.0000, 0.0000
 0.1000, 0.0999, 0.0000, 0.0000, 0.0000
 0.1000, 0.0999, 0.0000, 0.0000, 0.0000
 0.1000, 0.0999, 0.0000, 0.0000, 0.0000
 0.1000, 0.0999, 0.0000, 0.0000, 0.0000
 0.1000, 0.0999, 0.0000, 0.0000, 0.0000
 0.1000, 0.0999, 0.0000, 0.0000, 0.0000
 0.1000, 0.0999, 0.0000, 0.0000, 0.0000
 0.1000, 0.0999, 0.0000, 0.0000, 0.0000
 0.1000, 0.0999, 0.0000, 0.0000, 0.0000
 0.1000, 0.0999, 0.0000, 0.0000, 0.0000
 0.1000, 0.0999, 0.0000, 0.0000, 0.0000
 0.1000, 0.0999, 0.0000, 0.0000, 0.0000
 0.1000, 0.0999, 0.0000, 0.0000, 0.0000
 0.1000, 0.0999, 0.0000, 0.0000, 0.0000
 0.1000, 0.0999, 0.0000, 0.0000, 0.0000
 0.1000, 0.0999, 0.0000, 0.0000, 0.0000
 0.1000, 0.0999, 0.0000, 0.0000, 0.0000
 0.1000, 0.0999, 0.0000, 0.0000, 0.0000
 0.1000, 0.0999, 0.0000, 0.0000, 0.0000
 0.1000, 0.0999, 0.0000, 0.0000, 0.0000
 0.1000, 0.0999, 0.0000, 0.0000, 0.0000
 0.1000, 0.0999, 0.0000, 0.0000, 0.0000
 0.1000, 0.0999, 0.0000, 0.0000, 0.0000
 0.1000, 0.0999, 0.0000, 0.0000, 0.0000
 0.1000, 0.0999, 0.0000, 0.0000, 0.0000
 0.1000, 0.0999, 0.0000, 0.0000, 0.0000
 0.1000, 0.0999, 0.0000, 0.0000, 0.0000
 0.1000, 0.0999, 0.0000, 0.0000, 0.0000
 0.1000, 0.0999, 0.0000, 0.0000, 0.0000
 0.1000, 0.0999, 0.0000, 0.0000, 0.0000
 0.1000, 0.0999, 0.0000, 0.0000, 0.0000
 0.1000, 0.0999, 0.0000, 0.0000, 0.0000
 0.1000, 0.0999, 0.0000, 0.0000, 0.0000
 0.1000, 0.0999, 0.0000, 0.0000, 0.0000
 0.1000, 0.0999, 0.0000, 0.0000, 0.0000
 0.1000, 0.0999, 0.0000, 0.0000, 0.0000
 0.1000, 0.0999, 0.0000, 0.0000, 0.0000
 0.1000, 0.0999, 0.0000, 0.0000, 0.0000
 0.1000, 0.0999, 0.0000, 0.0000, 0.0000
 0.1000, 0.0999, 0.0000, 0.0000, 0.0000
 0.1000, 0.0999, 0.0000, 0.0000, 0.0000
 0.1000, 0.0999, 0.0000, 0.0000, 0.0000
 0.1000, 0.0999, 0.0000, 0.0000, 0.0000
 0.1000, 0.0999, 0.0000, 0.0000, 0.0000
 0.1000, 0.0999, 0.0000, 0.0000, 0.0000
 0.1000, 0.0999, 0.0000, 0.0000, 0.0000
 0.1000, 0.0999, 0.0000, 0.0000, 0.0000
 0.1000, 0.0999, 0.0000, 0.0000, 0.0000
 0.1000, 0.0999, 0.0000, 0.0000, 0.0000
 0.1000, 0.0999, 0.0000, 0.0000, 0.0000
 0.1000, 0.0999, 0.0000, 0.0000, 0.0000
 0.1000, 0.0999, 0.0000, 0.0000, 0.0000
 0.1000, 0.0999, 0.0000, 0.0000, 0.0000
 0.1000, 0.0999, 0.0000, 0.0000, 0.0000
 0.1000, 0.0999, 0.0000, 0.0000, 0.0000
 0.1000, 0.0999, 0.0000, 0.0000, 0.0000
 0.1000, 0.0999, 0.0000, 0.0000, 0.0000
 0.1000, 0.0999, 0.0000, 0.0000, 0.0000
 0.1000, 0.0999, 0.0000, 0.0000, 0.0000
 0.1000, 0.0999, 0.0000, 0.0000, 0.0000
 0.1000, 0.0999, 0.0000, 0.0000, 0.0000
 0.1000, 0.0999, 0.0000, 0.0000, 0.0000
 0.1000, 0.0999, 0.0000, 0.0000, 0.0000
 0.1000, 0.0999, 0.0000, 0.0000, 0.0000
 0.1000, 0.0999, 0.0000, 0.0000, 0.0000
 0.1000, 0.0999, 0.0000, 0.0000, 0.0000
 0.1000, 0.0999, 0.0000, 0.0000, 0.0000
 0.1000, 0.0999, 0.0000, 0.0000, 0.0000
 0.1000, 0.0999, 0.0000, 0.0000, 0.0000
 0.1000, 0.0999, 0.0000, 0.0000, 0.0000
 0.1000, 0.0999, 0.0000, 0.0000, 0.0000
 0.1000, 0.0999, 0.0000, 0.0000, 0.0000
 0.1000, 0.0999, 0.0000, 0.0000, 0.0000
 0.1000, 0.0999, 0.0000, 0.0000, 0.0000
 0.1000, 0.0999, 0.0000, 0.0000, 0.0000
 0.1000, 0.0999, 0.0000, 0.0000, 0.0000
 0.1000, 0.0999, 0.0000, 0.0000, 0.0000
 0.1000, 0.0999, 0.0000, 0.0000, 0.0000
 0.1000, 0.0999, 0.0000, 0.0000, 0.0000
 0.1000, 0.0999, 0.0000, 0.0000, 0.0000
 0.1000, 0.0999, 0.0000, 0.0000, 0.0000
 0.1000, 0.0999, 0.0000, 0.0000, 0.0000
 0.1000, 0.0999, 0.0000, 0.0000, 0.0000
 0.1000, 0.0999, 0.0000, 0.0000, 0.0000
 0.1000, 0.0999, 0.0000, 0.0000, 0.0000
 0.1000, 0.0999, 0.0000, 0.0000, 0.0000
 0.1000, 0.0999, 0.0000, 0.0000, 0.0000
 0.1000, 0.0999, 0.0000, 0.0000, 0.0000
 0.1000, 0.0999, 0.0000, 0.0000, 0.0000
 0.1000, 0.0999, 0.0000, 0.0000, 0.0000
 0.1000, 0.0999, 0.0000, 0.0000, 0.0000
 0.1000, 0.0999, 0.0000, 0.0000, 0.0000
 0.1000, 0.0999, 0.0000, 0.0000, 0.0000
 0.1000, 0.0999, 0.0000, 0.0000, 0.0000
 0.1000, 0.0999, 0.0000, 0.0000, 0.0000
 0.1000, 0.0999, 0.0000, 0.0000, 0.0000
 0.1000, 0.0999, 0.0000, 0.0000, 0.0000
 0.1000, 0.0999, 0.0000, 0.0000, 0.0000
 0.1000, 0.0999, 0.0000, 0.0000, 0.0000
 0.1000, 0.0999, 0.0000, 0.0000, 0.0000
 0.1000, 0.0999, 0.0000, 0.0000, 0.0000
 0.1000, 0.0999, 0.0000, 0.0000, 0.0000
 0.1000, 0.0999, 0.0000, 0.0000, 0.0000
 0.1000, 0.0999, 0.0000, 0.0000, 0.0000
 0.1000, 0.0999, 0.0000, 0.0000, 0.0000
 0.1000, 0.0999, 0.0000, 0.0000, 0.0000
 0.1000, 0.0999, 0.0000, 0.0000, 0.0000
 0.1000, 0.0999, 0.0000, 0.0000, 0.0000
 0.1000, 0.0999, 0.0000, 0.0000, 0.0000
 0.1000, 0.0999, 0.0000, 0.0000, 0.0000
 0.1000, 0.0999, 0.0000, 0.0000, 0.0000
 0.1000, 0.0999, 0.0000, 0.0000, 0.0000
 0.1000, 0.0999, 0.0000, 0.0000, 0.0000
 0.1000, 0.0999, 0.0000, 0.0000, 0.0000
 0.1000, 0.0999, 0.0000, 0.0000, 0.0000
 0.1000, 0.0999, 0.0000, 0.0000, 0.0000
 0.1000, 0.0999, 0.0000, 0.0000, 0.0000
 0.1000, 0.0999, 0.0000, 0.0000, 0.0000
 0.1000, 0.0999, 0.0000, 0.0000, 0.0000
 0.1000, 0.0999, 0.0000, 0.0000, 0.0000
 0.1000, 0.0999, 0.0000, 0.0000, 0.0000
 0.1000, 0.0999, 0.0000, 0.0000, 0.0000
 0.1000, 0.0999, 0.0000, 0.0000, 0.0000
 0.1000, 0.0999, 0.0000, 0.0000, 0.0000
 0.1000, 0.0999, 0.0000, 0.0000, 0.0000
 0.1000, 0.0999, 0.0000, 0.0000, 0.0000
 0.1000, 0.0999, 0.0000, 0.0000, 0.0000
 0.1000, 0.0999, 0.0000, 0.0000, 0.0000
 0.1000, 0.0999, 0.0000, 0.0000, 0.0000
 0.1000, 0.0999, 0.0000, 0.0000, 0.0000
 0.1000, 0.0999, 0.0000, 0.0000, 0.0000
 0.1000, 0.0999, 0.0000, 0.0000, 0.0000
 0.1000, 0.0999, 0.0000, 0.0000, 0.0000
 0.1000, 0.0999, 0.0000, 0.0000, 0.0000
 0.1000, 0.0999, 0.0000, 0.0000, 0.0000
 0.1000, 0.0999, 0.0000, 0.0000, 0.0000
 0.1000, 0.0999, 0.0000, 0.0000, 0.0000
 0.1000, 0.0999, 0.0000, 0.0000, 0.0000
 0.1000, 0.0999, 0.0000, 0.0000, 0.0000
 0.1000, 0.0999, 0.0000, 0.0000, 0.0000
 0.1000, 0.0999, 0.0000, 0.0000, 0.0000
 0.1000, 0.0999, 0.0000, 0.0000, 0.0000
 0.1000, 0.0999, 0.0000, 0.0000, 0.0000
 0.1000, 0.0999, 0.0000, 0.0000, 0.0000
 0.1000, 0.0999, 0.0000, 0.0000, 0.0000
 0.1000, 0.0999, 0.0000, 0.0000, 0.0000
 0.1000, 0.0999, 0.0000, 0.0000, 0.0000
 0.1000, 0.0999, 0.0000, 0.0000, 0.0000
 0.1000, 0.0999, 0.0000, 0.0000, 0.0000
 0.1000, 0.0999, 0.0000, 0.0000, 0.0000
 0.1000, 0.0999, 0.0000, 0.0000, 0.0000
 0.1000, 0.0999, 0.0000, 0.0000, 0.0000
 0.1000, 0.0999, 0.0000, 0.0000, 0.0000
 0.1000, 0.0999, 0.0000, 0.0000, 0.0000
 0.1000, 0.0999, 0.0000, 0.0000, 0.0000
 0.1000, 0.0999, 0.0000, 0.0000, 0.0000
 0.1000, 0.0999, 0.0000, 0.0000, 0.0000
 0.1000, 0.0999, 0.0000, 0.0000, 0.0000
 0.1000, 0.0999, 0.0000, 0.0000, 0.0000
 0.1000, 0.0999, 0.0000, 0.0000, 0.0000
 0.1000, 0.0999, 0.0000, 0.0000, 0.0000
 0.1000, 0.0999, 0.0000, 0.0000, 0.0000
 0.1000, 0.0999, 0.0000, 0.0000, 0.0000
 0.1000, 0.0999, 0.0000, 0.0000, 0.0000
 0.1000, 0.0999, 0.0000, 0.0000, 0.0000
 0.1000, 0.0999, 0.0000, 0.0000, 0.0000
 0.1000, 0.0999, 0.0000, 0.0000, 0.0000
 0.1000, 0.0999, 0.0000, 0.0000, 0.0000
 0.1000, 0.0999, 0.0000, 0.0000, 0.0000
 0.1000, 0.0999, 0.0000, 0.0000, 0.0000
 0.1000, 0.0999, 0.0000, 0.0000, 0.0000
 0.1000, 0.0999, 0.0000, 0.0000, 0.0000
 0.1000, 0.0999, 0.0000, 0.0000, 0.0000
 0.1000, 0.0999, 0.0000, 0.0000, 0.0000
 0.1000, 0.0999, 0.0000, 0.0000, 0.0000
 0.1000, 0.0999, 0.0000, 0.0000, 0.0000
 0.1000, 0.0999, 0.0000, 0.0000, 0.0000
 0.1000, 0.0999, 0.0000, 0.0000, 0.0000
 0.1000, 0.0999, 0.0000, 0.0000, 0.0000
 0.1000, 0.0999, 0.0000, 0.0000, 0.0000
 0.1000, 0.0999, 0.0000, 0.0000, 0.0000
 0.1000, 0.0999, 0.0000, 0.0000, 0.0000
 0.1000, 0.0999, 0.0000, 0.0000, 0.0000
 0.1000, 0.0999, 0.0000, 0.0000, 0.0000
 0.1000, 0.0999, 0.0000, 0.0000, 0.0000
 0.1000, 0.0999, 0.0000, 0.0000, 0.0000
 0.1000, 0.0999, 0.0000, 0.0000, 0.0000
 0.1000, 0.0999, 0.0000, 0.0000, 0.0000
 0.1000, 0.0999, 0.0000, 0.0000, 0.0000
 0.1000, 0.0999, 0.0000, 0.0000, 0.0000
 0.1000, 0.0999, 0.0000, 0.0000, 0.0000
 0.1000, 0.0999, 0.0000, 0.0000, 0.0000
 0.1000, 0.0999, 0.0000, 0.0000, 0.0000
 0.1000, 0.0999, 0.0000, 0.0000, 0.0000
 0.1000, 0.0999, 0.0000, 0.0000, 0.0000
 0.1000, 0.0999, 0.0000, 0.0000, 0.0000
 0.1000, 0.0999, 0.0000, 0.0000, 0.0000
 0.1000, 0.0999, 0.0000, 0.0000, 0.0000
 0.1000, 0.0999, 0.0000, 0.0000, 0.0000
 0.1000, 0.0999, 0.0000, 0.0000, 0.0000
 0.1000, 0.0999, 0.0000, 0.0000, 0.0000
 0.1000, 0.0999, 0.0000, 0.0000, 0.0000
 0.1000, 0.0999, 0.0000, 0.0000, 0.0000
 0.1000, 0.0999, 0.0000, 0.0000, 0.0000
 0.1000, 0.0999, 0.0000, 0.0000, 0.0000
 0.1000, 0.0999, 0.0000, 0.0000, 0.0000
 0.1000, 0.0999, 0.0000, 0.0000, 0.0000
 0.1000, 0.0999, 0.0000, 0.0000, 0.0000
 0.1000, 0.0999, 0.0000, 0.0000, 0.0000
 0.1000, 0.0999, 0.0000, 0.0000, 0.0000
 0.1000, 0.0999, 0.0000, 0.0000, 0.0000
 0.1000, 0.0999, 0.0000, 0.0000, 0.0000
 0.1000, 0.0999, 0.0000, 0.0000, 0.0000
 0.1000, 0.0999, 0.0000, 0.0000, 0.0000
 0.1000, 0.0999, 0.0000, 0.0000, 0.0000
 0.1000, 0.0999, 0.0000, 0.0000, 0.0000
 0.1000, 0.0999, 0.0000, 0.0000, 0.0000
 0.1000, 0.0999, 0.0000, 0.0000, 0.0000
 0.1000, 0.0999, 0.0000, 0.0000, 0.0000
 0.1000, 0.0999, 0.0000, 0.0000, 0.0000
 0.1000, 0.0999, 0.0000, 0.0000, 0.0000
 0.1000, 0.0999, 0.0000, 0.0000, 0.0000
 0.1000, 0.0999, 0.0000, 0.0000, 0.0000
 0.1000, 0.0999, 0.0000, 0.0000, 0.0000
 0.1000, 0.0999, 0.0000, 0.0000, 0.0000
 0.1000, 0.0999, 0.0000, 0.0000, 0.0000
 0.1000, 0.0999, 0.0000, 0.0000, 0.0000
 0.1000, 0.0999, 0.0000, 0.0000, 0.0000
 0.1000, 0.0999, 0.0000, 0.0000, 0.0000
 0.1000, 0.0999, 0.0000, 0.0000, 0.0000
 0.1000, 0.0999, 0.0000, 0.0000, 0.0000
 0.1000, 0.0999, 0.0000, 0.0000, 0.0000
 0.1000, 0.0999, 0.0000, 0.0000, 0.0000
 0.1000, 0.0999, 0.0000, 0.0000, 0.0000
 0.1000, 0.0999, 0.0000, 0.0000, 0.0000
 0.1000, 0.0999, 0.0000, 0.0000, 0.0000
 0.1000, 0.0999, 0.0000, 0.0000, 0.0000
 0.1000, 0.0999, 0.0000, 0.0000, 0.0000
 0.1000, 0.0999, 0.0000, 0.0000, 0.0000
 0.1000, 0.0999, 0.0000, 0.0000, 0.0000
 0.1000, 0.0999, 0.0000, 0.0000, 0.0000
 0.1000, 0.0999, 0.0000, 0.0000, 0.0000
 0.1000, 0.0999, 0.0000, 0.0000, 0.0000
 0.1000, 0.0999, 0.0000, 0.0000, 0.0000
 0.1000, 0.0999, 0.0000, 0.0000, 0.0000
 0.1000, 0.0999, 0.0000, 0.0000, 0.0000
 0.1000, 0.0999, 0.0000, 0.0000, 0.0000
 0.1000, 0.0999, 0.0000, 0.0000, 0.0000
 0.1000, 0.0999, 0.0000, 0.0000, 0.0000
 0.1000, 0.0999, 0.0000, 0.0000, 0.0000
 0.1000, 0.0999, 0.0000, 0.0000, 0.0000
 0.1000, 0.0999, 0.0000, 0.0000, 0.0000
 0.1000, 0.0999, 0.0000, 0.0000, 0.0000
 0.1000, 0.0999, 0.0000, 0.0000, 0.0000
 0.1000, 0.0999, 0.0000, 0.0000, 0.0000
 0.1000, 0.0999, 0.0000, 0.0000, 0.0000
 0.1000, 0.0999, 0.0000, 0.0000, 0.0000
 0.1000, 0.0999, 0.0000, 0.0000, 0.0000
 0.1000, 0.0999, 0.0000, 0.0000, 0.0000
 0.1000, 0.0999, 0.0000, 0.0000, 0.0000
 0.1000, 0.0999, 0.0000, 0.0000, 0.0000
 0.1000, 0.0999, 0.0000, 0.0000, 0.0000
 0.1000, 0.0999, 0.0000, 0.0000, 0.0000
 0.1000, 0.0999, 0.0000, 0.0000, 0.0000
 0.1000, 0.0999, 0.0000, 0.0000, 0.0000
 0.1000, 0.0999, 0.0000, 0.0000, 0.0000
 0.1000, 0.0999, 0.0000, 0.0000, 0.0000
 0.1000, 0.0999, 0.0000, 0.0000, 0.0000
 0.1000, 0.0999, 0.0000, 0.0000, 0.0000
 0.1000, 0.0999, 0.0000, 0.0000, 0.0000
 0.1000, 0.0999, 0.0000, 0.0000, 0.0000
 0.1000, 0.0999, 0.0000, 0.0000, 0.0000
 0.1000, 0.0999, 0.0000, 0.0000, 0.0000
 0.1000, 0.0999, 0.0000, 0.0000, 0.0000
 0.1000, 0.0999, 0.0000, 0.0000, 0.0000
 0.1000, 0.0999, 0.0000, 0.0000, 0.0000
 0.1000, 0.0999, 0.0000, 0.0000, 0.0000
 0.1000, 0.0999, 0.0000, 0.0000, 0.0000
 0.1000, 0.0999, 0.0000, 0.0000, 0.0000
 0.1000, 0.0999, 0.0000, 0.0000, 0.0000
 0.1000, 0.0999, 0.0000, 0.0000, 0.0000
 0.1000, 0.0999, 0.0000, 0.0000, 0.0000
 0.1000, 0.0999, 0.0000, 0.0000, 0.0000
 0.1000, 0.0999, 0.0000, 0.0000, 0.0000
 0.1000, 0.0999, 0.0000, 0.0000, 0.0000
 0.1000, 0.0999, 0.0000, 0.0000, 0.0000
 0.1000, 0.0999, 0.0000, 0.0000, 0.0000
 0.1000, 0.0999, 0.0000, 0.0000, 0.0000
 0.1000, 0.0999, 0.0000, 0.0000, 0.0000
 0.1000, 0.0999, 0.0000, 0.0000, 0.0000
 0.1000, 0.0999, 0.0000, 0.0000, 0.0000
 0.1000, 0.0999, 0.0000, 0.0000, 0.0000
 0.1000, 0.0999, 0.0000, 0.0000, 0.0000
 0.1000, 0.0999, 0.0000, 0.0000, 0.0000
 0.1000, 0.0999, 0.0000, 0.0000, 0.0000
 0.1000, 0.0999, 0.0000, 0.0000, 0.0000
 0.1000, 0.0999, 0.0000, 0.0000, 0.0000
 0.1000, 0.0999, 0.0000, 0.0000, 0.0000
 0.1000, 0.0999, 0.0000, 0.0000, 0.0000
 0.1000, 0.0999, 0.0000, 0.0000, 0.0000
 0.1000, 0.0999, 0.0000, 0.0000, 0.0000
 0.1000, 0.0999, 0.0000, 0.0000, 0.0000
 0.1000, 0.0999, 0.0000, 0.0000, 0.0000
 0.1000, 0.0999, 0.0000, 0.0000, 0.0000
 0.1000, 0.0999, 0.0000, 0.0000, 0.0000
 0.1000, 0.0999, 0.0000, 0.0000, 0.0000
 0.1000, 0.0999, 0.0000, 0.0000, 0.0000
 0.1000, 0.0999, 0.0000, 0.0000, 0.0000
 0.1000, 0.0999, 0.0000, 0.0000, 0.0000
 0.1000, 0.0999, 0.0000, 0.0000, 0.0000
 0.1000, 0.0999, 0.0000, 0.0000, 0.0000
 0.1000, 0.0999, 0.0000, 0.0000, 0.0000
 0.1000, 0.0999, 0.0000, 0.0000, 0.0000
 0.1000, 0.0999, 0.0000, 0.0000, 0.0000
 0.1000, 0.0999, 0.0000, 0.0000, 0.0000
 0.1000, 0.0999, 0.0000, 0.0000, 0.0000
 0.1000, 0.0999, 0.0000, 0.0000, 0.0000
 0.1000, 0.0999, 0.0000, 0.0000, 0.0000
 0.1000, 0.0999, 0.0000, 0.0000, 0.0000
 0.1000, 0.0999, 0.0000, 0.0000, 0.0000
 0.1000, 0.0999, 0.0000, 0.0000, 0.0000
 0.1000, 0.0999, 0.0000, 0.0000, 0.0000
 0.1000, 0.0999, 0.0000, 0.0000, 0.0000
 0.1000, 0.0999, 0.0000, 0.0000, 0.0000
 0.1000, 0.0999, 0.0000, 0.0000, 0.0000
 0.1000, 0.0999, 0.0000, 0.0000, 0.0000
 0.1000, 0.0999, 0.0000, 0.0000, 0.0000
 0.1000, 0.0999, 0.0000, 0.0000, 0.0000
 0.1000, 0.0999, 0.0000, 0.0000, 0.0000
 0.1000, 0.0999, 0.0000, 0.0000, 0.0000
 0.1000, 0.0999, 0.0000, 0.0000, 0.0000
 0.1000, 0.0999, 0.0000, 0.0000, 0.0000
 0.1000, 0.0999, 0.0000, 0.0000, 0.0000
 0.1000, 0.0999, 0.0000, 0.0000, 0.0000
 0.1000, 0.0999, 0.0000, 0.0000, 0.0000
 0.1000, 0.0999, 0.0000, 0.0000, 0.0000
 0.1000, 0.0999, 0.0000, 0.0000, 0.0000
 0.1000, 0.0999, 0.0000, 0.0000, 0.0000
 0.1000, 0.0999, 0.0000, 0.0000, 0.0000
 0.1000, 0.0999, 0.0000, 0.0000, 0.0000
 0.1000, 0.0999, 0.0000, 0.0000, 0.0000
 0.1000, 0.0999, 0.0000, 0.0000, 0.0000
 0.1000, 0.0999, 0.0000, 0.0000, 0.0000
 0.1000, 0.0999, 0.0000, 0.0000, 0.0000
 0.1000, 0.0999, 0.0000, 0.0000, 0.0000
 0.1000, 0.0999, 0.0000, 0.0000, 0.0000
 0.1000, 0.0999, 0.0000, 0.0000, 0.0000
 0.1000, 0.0999, 0.0000, 0.0000, 0.0000
 0.1000, 0.0999, 0.0000, 0.0000, 0.0000
 0.1000, 0.0999, 0.0000, 0.0000, 0.0000
 0.1000, 0.0999, 0.0000, 0.0000, 0.0000
 0.1000, 0.0999, 0.0000, 0.0000, 0.0000
 0.1000, 0.0999, 0.0000, 0.0000, 0.0000
 0.1000, 0.0999, 0.0000, 0.0000, 0.0000
 0.1000, 0.0999, 0.0000, 0.0000, 0.0000
 0.1000, 0.0999, 0.0000, 0.0000, 0.0000
 0.1000, 0.0999, 0.0000, 0.0000, 0.0000
 0.1000, 0.0999, 0.0000, 0.0000, 0.0000
 0.1000, 0.0999, 0.0000, 0.0000, 0.0000
 0.1000, 0.0999, 0.0000, 0.0000, 0.0000
 0.1000, 0.0999, 0.0000, 0.0000, 0.0000
 0.1000, 0.0999, 0.0000, 0.0000, 0.0000
 0.1000, 0.0999, 0.0000, 0.0000, 0.0000
 0.1000, 0.0999, 0.0000, 0.0000, 0.0000
 0.1000, 0.0999, 0.0000, 0.0000, 0.0000
 0.1000, 0.0999, 0.0000, 0.0000, 0.0000
 0.1000, 0.0999, 0.0000, 0.0000, 0.0000
 0.1000, 0.0999, 0.0000, 0.0000, 0.0000
 0.1000, 0.0999, 0.0000, 0.0000, 0.0000
 0.1000, 0.0999, 0.0000, 0.0000, 0.0000
 0.1000, 0.0999, 0.0000, 0.0000, 0.0000
 0.1000, 0.0999, 0.0000, 0.0000, 0.0000
 0.1000, 0.0999, 0.0000, 0.0000, 0.0000
 0.1000, 0.0999, 0.0000, 0.0000, 0.0000
 0.1000, 0.0999, 0.0000, 0.0000, 0.0000
 0.1000, 0.0999, 0.0000, 0.0000, 0.0000
 0.1000, 0.0999, 0.0000, 0.0000, 0.0000
 0.1000, 0.0999, 0.0000, 0.0000, 0.0000
 0.1000, 0.0999, 0.0000, 0.0000, 0.0000
 0.1000, 0.0999, 0.0000, 0.0000, 0.0000
 0.1000, 0.0999, 0.0000, 0.0000, 0.0000
 0.1000, 0.0999, 0.0000, 0.0000, 0.0000
 0.1000, 0.0999, 0.0000, 0.0000, 0.0000
 0.1000, 0.0999, 0.0000, 0.0000, 0.0000
 0.1000, 0.0999, 0.0000, 0.0000, 0.0000
 0.1000, 0.0999, 0.0000, 0.0000, 0.0000
 0.1000, 0.0999, 0.0000, 0.0000, 0.0000
 0.1000, 0.0999, 0.0000, 0.0000, 0.0000
 0.1000, 0.0999, 0.0000, 0.0000, 0.0000
 0.1000, 0.0999, 0.0000, 0.0000, 0.0000
 0.1000, 0.0999, 0.0000, 0.0000, 0.0000
 0.1000, 0.0999, 0.0000, 0.0000, 0.0000
 0.1000, 0.0999, 0.0000, 0.0000, 0.0000
 0.1000, 0.0999, 0.0000, 0.0000, 0.0000
 0.1000, 0.0999, 0.0000, 0.0000, 0.0000
 0.1000, 0.0999, 0.0000, 0.0000, 0.0000
 0.1000, 0.0999, 0.0000, 0.0000, 0.0000
 0.1000, 0.0999, 0.0000, 0.0000, 0.0000
 0.1000, 0.0999, 0.0000, 0.0000, 0.0000
 0.1000, 0.0999, 0.0000, 0.0000, 0.0000
 0.1000, 0.0999, 0.0000, 0.0000, 0.0000
 0.1000, 0.0999, 0.0000, 0.0000, 0.0000
 0.1000, 0.0999, 0.0000, 0.0000, 0.0000
 0.1000, 0.0999, 0.0000, 0.0000, 0.0000
 0.1000, 0.0999, 0.0000, 0.0000, 0.0000
 0.1000, 0.0999, 0.0000, 0.0000, 0.0000
 0.1000, 0.0999, 0.0000, 0.0000, 0.0000
 0.1000, 0.0999, 0.0000, 0.0000, 0.0000
 0.1000, 0.0999, 0.0000, 0.0000, 0.0000
 0.1000, 0.0999, 0.0000, 0.0000, 0.0000
 0.1000, 0.0999, 0.0000, 0.0000, 0.0000
 0.1000, 0.0999, 0.0000, 0.0000, 0.0000
 0.1000, 0.0999, 0.0000, 0.0000, 0.0000
 0.1000, 0.0999, 0.0000, 0.0000, 0.0000
 0.1000, 0.0999, 0.0000, 0.0000, 0.0000
 0.1000, 0.0999, 0.0000, 0.0000, 0.0000
 0.1000, 0.0999, 0.0000, 0.0000, 0.0000
 0.1000, 0.0999, 0.0000, 0.0000, 0.0000
 0.1000, 0.0999, 0.0000, 0.0000, 0.0000
 0.1000, 0.0999, 0.0000, 0.0000, 0.0000
 0.1000, 0.0999, 0.0000, 0.0000, 0.0000
 0.1000, 0.0999, 0.0000, 0.0000, 0.0000
 0.1000, 0.0999, 0.0000, 0.0000, 0.0000
 0.1000, 0.0999, 0.0000, 0.0000, 0.0000
 0.1000, 0.0999, 0.0000, 0.0000, 0.0000
 0.1000, 0.0999, 0.0000, 0.0000, 0.0000
 0.1000, 0.0999, 0.0000, 0.0000, 0.0000
 0.1000, 0.0999, 0.0000, 0.0000, 0.0000
 0.1000, 0.0999, 0.0000, 0.0000, 0.0000
 0.1000, 0.0999, 0.0000, 0.0000, 0.0000
 0.1000, 0.0999, 0.0000, 0.0000, 0.0000
 0.1000, 0.0999, 0.0000, 0.0000, 0.0000
 0.1000, 0.0999, 0.0000, 0.0000, 0.0000
 0.1000, 0.0999, 0.0000, 0.0000, 0.0000
 0.1000, 0.0999, 0.0000, 0.0000, 0.0000
 0.1000, 0.0999, 0.0000, 0.0000, 0.0000
 0.1000, 0.0999, 0.0000, 0.0000, 0.0000
 0.1000, 0.0999, 0.0000, 0.0000, 0.0000
 0.1000, 0.0999, 0.0000, 0.0000, 0.0000
 0.1000, 0.0999, 0.0000, 0.0000, 0.0000
 0.1000, 0.0999, 0.0000, 0.0000, 0.0000
 0.1000, 0.0999, 0.0000, 0.0000, 0.0000
 0.1000, 0.0999, 0.0000, 0.0000, 0.0000
 0.1000, 0.0999, 0.0000, 0.0000, 0.0000
 0.1000, 0.0999, 0.0000, 0.0000, 0.0000
 0.1000, 0.0999, 0.0000, 0.0000, 0.0000
 0.1000, 0.0999, 0.0000, 0.0000, 0.0000
 0.1000, 0.0999, 0.0000, 0.0000, 0.0000
 0.1000, 0.0999, 0.0000, 0.0000, 0.0000
 0.1000, 0.0999, 0.0000, 0.0000, 0.0000
 0.1000, 0.0999, 0.0000, 0.0000, 0.0000
 0.1000, 0.0999, 0.0000, 0.0000, 0.0000
 0.1000, 0.0999, 0.0000, 0.0000, 0.0000
 0.1000, 0.0999, 0.0000, 0.0000, 0.0000
 0.1000, 0.0999, 0.0000, 0.0000, 0.0000
 0.1000, 0.0999, 0.0000, 0.0000, 0.0000
 0.1000, 0.0999, 0.0000, 0.0000, 0.0000
 0.1000, 0.0999, 0.0000, 0.0000, 0.0000
 0.1000, 0.0999, 0.0000, 0.0000, 0.0000
 0.1000, 0.0999, 0.0000, 0.0000, 0.0000
 0.1000, 0.0999, 0.0000, 0.0000, 0.0000
 0.1000, 0.0999, 0.0000, 0.0000, 0.0000
 0.1000, 0.0999, 0.0000, 0.0000, 0.0000
 0.1000, 0.0999, 0.0000, 0.0000, 0.0000
 0.1000, 0.0999, 0.0000, 0.0000, 0.0000
 0.1000, 0.0999, 0.0000, 0.0000, 0.0000
 0.1000, 0.0999, 0.0000, 0.0000, 0.0000
 0.1000, 0.0999, 0.0000, 0.0000, 0.0000
 0.1000, 0.0999, 0.0000, 0.0000, 0.0000
 0.1000, 0.0999, 0.0000, 0.0000, 0.0000
 0.1000, 0.0999, 0.0000, 0.0000, 0.0000
 0.1000, 0.0999, 0.0000, 0.0000, 0.0000
 0.1000, 0.0999, 0.0000, 0.0000, 0.0000
 0.1000, 0.0999, 0.0000, 0.0000, 0.0000
 0.1000, 0.0999, 0.0000, 0.0000, 0.0000
 0.1000, 0.0999, 0.0000, 0.0000, 0.0000
 0.1000, 0.0999, 0.0000, 0.0000, 0.0000
 0.1000, 0.0999, 0.0000, 0.0000, 0.0000
 0.1000, 0.0999, 0.0000, 0.0000, 0.0000
 0.1000, 0.0999, 0.0000, 0.0000, 0.0000
 0.1000, 0.0999, 0.0000, 0.0000, 0.0000
 0.1000, 0.0999, 0.0000, 0.0000, 0.0000
 0.1000, 0.0999, 0.0000, 0.0000, 0.0000
 0.1000, 0.0999, 0.0000, 0.0000, 0.0000
 0.1000, 0.0999, 0.0000, 0.0000, 0.0000
 0.1000, 0.0999, 0.0000, 0.0000, 0.0000
 0.1000, 0.0999, 0.0000, 0.0000, 0.0000
 0.1000, 0.0999, 0.0000, 0.0000, 0.0000
 0.1000, 0.0999, 0.0000, 0.0000, 0.0000
 0.1000, 0.0999, 0.0000, 0.0000, 0.0000
 0.1000, 0.0999, 0.0000, 0.0000, 0.0000
 0.1000, 0.0999, 0.0000, 0.0000, 0.0000
 0.1000, 0.0999, 0.0000, 0.0000, 0.0000
 0.1000, 0.0999, 0.0000, 0.0000, 0.0000
 0.1000, 0.0999, 0.0000, 0.0000, 0.0000
 0.1000, 0.0999, 0.0000, 0.0000, 0.0000
 0.1000, 0.0999, 0.0000, 0.0000, 0.0000
 0.1000, 0.0999, 0.0000, 0.0000, 0.0000
 0.1000, 0.0999, 0.0000, 0.0000, 0.0000
 0.1000, 0.0999, 0.0000, 0.0000, 0.0000
 0.1000, 0.0999, 0.0000, 0.0000, 0.0000
 0.1000, 0.0999, 0.0000, 0.0000, 0.0000
 0.1000, 0.0999, 0.0000, 0.0000, 0.0000
 0.1000, 0.0999, 0.0000, 0.0000, 0.0000
 0.1000, 0.0999, 0.0000, 0.0000, 0.0000
 0.1000, 0.0999, 0.0000, 0.0000, 0.0000
 0.1000, 0.0999, 0.0000, 0.0000, 0.0000
 0.1000, 0.0999, 0.0000, 0.0000, 0.0000
 0.1000, 0.0999, 0.0000, 0.0000, 0.0000
 0.1000, 0.0999, 0.0000, 0.0000, 0.0000
 0.1000, 0.0999, 0.0000, 0.0000, 0.0000
 0.1000, 0.0999, 0.0000, 0.0000, 0.0000
 0.1000, 0.0999, 0.0000, 0.0000, 0.0000
 0.1000, 0.0999, 0.0000, 0.0000, 0.0000
 0.1000, 0.0999, 0.0000, 0.0000, 0.0000
 0.1000, 0.0999, 0.0000, 0.0000, 0.0000
 0.1000, 0.0999, 0.0000, 0.0000, 0.0000
 0.1000, 0.0999, 0.0000, 0.0000, 0.0000
 0.1000, 0.0999, 0.0000, 0.0000, 0.0000
 0.1000, 0.0999, 0.0000, 0.0000, 0.0000
 0.1000, 0.0999, 0.0000, 0.0000, 0.0000
 0.1000, 0.0999, 0.0000, 0.0000, 0.0000
 0.1000, 0.0999, 0.0000, 0.0000, 0.0000
 0.1000, 0.0999, 0.0000, 0.0000, 0.0000
 0.1000, 0.0999, 0.0000, 0.0000, 0.0000
 0.1000, 0.0999, 0.0000, 0.0000, 0.0000
 0.1000, 0.0999, 0.0000, 0.0000, 0.0000
 0.1000, 0.0999, 0.0000, 0.0000, 0.0000
 0.1000, 0.0999, 0.0000, 0.0000, 0.0000
 0.1000, 0.0999, 0.0000, 0.0000, 0.0000
 0.1000, 0.0999, 0.0000, 0.0000, 0.0000
 0.1000, 0.0999, 0.0000, 0.0000, 0.0000
 0.1000, 0.0999, 0.0000, 0.0000, 0.0000
 0.1000, 0.0999, 0.0000, 0.0000, 0.0000
 0.1000, 0.0999, 0.0000, 0.0000, 0.0000
 0.1000, 0.0999, 0.0000, 0.0000, 0.0000
 0.1000, 0.0999, 0.0000, 0.0000, 0.0000
 0.1000, 0.0999, 0.0000, 0.0000, 0.0000
 0.1000, 0.0999, 0.0000, 0.0000, 0.0000
 0.1000, 0.0999, 0.0000, 0.0000, 0.0000
 0.1000, 0.0999, 0.0000, 0.0000, 0.0000
 0.1000, 0.0999, 0.0000, 0.0000, 0.0000
 0.1000, 0.0999, 0.0000, 0.0000, 0.0000
 0.1000, 0.0999, 0.0000, 0.0000, 0.0000
 0.1000, 0.0999, 0.0000, 0.0000, 0.0000
 0.1000, 0.0999, 0.0000, 0.0000, 0.0000
 0.1000, 0.0999, 0.0000, 0.0000, 0.0000
 0.1000, 0.0999, 0.0000, 0.0000, 0.0000
 0.1000, 0.0999, 0.0000, 0.0000, 0.0000
 0.1000, 0.0999, 0.0000, 0.0000, 0.0000
 0.1000, 0.0999, 0.0000, 0.0000, 0.0000
 0.1000, 0.0999, 0.0000, 0.0000, 0.0000
 0.1000, 0.0999, 0.0000, 0.0000, 0.0000
 0.1000, 0.0999, 0.0000, 0.0000, 0.0000
 0.1000, 0.0999, 0.0000, 0.0000, 0.0000
 0.1000, 0.0999, 0.0000, 0.0000, 0.0000
 0.1000, 0.0999, 0.0000, 0.0000, 0.0000
 0.1000, 0.0999, 0.0000, 0.0000, 0.0000
 0.1000, 0.0999, 0.0000, 0.0000, 0.0000
 0.1000, 0.0999, 0.0000, 0.0000, 0.0000
 0.1000, 0.0999, 0.0000, 0.0000, 0.0000
 0.1000, 0.0999, 0.0000, 0.0000, 0.0000
 0.1000, 0.0999, 0.0000, 0.0000, 0.0000
 0.1000, 0.0999, 0.0000, 0.0000, 0.0000
 0.1000, 0.0999, 0.0000, 0.0000, 0.0000
 0.1000, 0.0999, 0.0000, 0.0000, 0.0000
 0.1000, 0.0999, 0.0000, 0.0000, 0.0000
 0.1000, 0.0999, 0.0000, 0.0000, 0.0000
 0.1000, 0.0999, 0.0000, 0.0000, 0.0000
 0.1000, 0.0999, 0.0000, 0.0000, 0.0000
 0.1000, 0.0999, 0.0000, 0.0000, 0.0000
 0.1000, 0.0999, 0.0000, 0.0000, 0.0000
 0.1000, 0.0999, 0.0000, 0.0000, 0.0000
 0.1000, 0.0999, 0.0000, 0.0000, 0.0000
 0.1000, 0.0999, 0.0000, 0.0000, 0.0000
 0.1000, 0.0999, 0.0000, 0.0000, 0.0000
 0.1000, 0.0999, 0.0000, 0.0000, 0.0000
 0.1000, 0.0999, 0.0000, 0.0000, 0.0000
 0.1000, 0.0999, 0.0000, 0.0000, 0.0000
 0.1000, 0.0999, 0.0000, 0.0000, 0.0000
 0.1000, 0.0999, 0.0000, 0.0000, 0.0000
 0.1000, 0.0999, 0.0000, 0.0000, 0.0000
 0.1000, 0.0999, 0.0000, 0.0000, 0.0000
 0.1000, 0.0999, 0.0000, 0.0000, 0.0000
 0.1000, 0.0999, 0.0000, 0.0000, 0.0000
 0.1000, 0.0999, 0.0000, 0.0000, 0.0000
 0.1000, 0.0999, 0.0000, 0.0000, 0.0000
 0.1000, 0.0999, 0.0000, 0.0000, 0.0000
 0.1000, 0.0999, 0.0000, 0.0000, 0.0000
 0.1000, 0.0999, 0.0000, 0.0000, 0.0000
 0.1000, 0.0999, 0.0000, 0.0000, 0.0000
 0.1000, 0.0999, 0.0000, 0.0000, 0.0000
 0.1000, 0.0999, 0.0000, 0.0000, 0.0000
 0.1000, 0.0999, 0.0000, 0.0000, 0.0000
 0.1000, 0.0999, 0.0000, 0.0000, 0.0000
 0.1000, 0.0999, 0.0000, 0.0000, 0.0000
 0.1000, 0.0999, 0.0000, 0.0000, 0.0000
 0.1000, 0.0999, 0.0000, 0.0000, 0.0000
 0.1000, 0.0999, 0.0000, 0.0000, 0.0000
 0.1000, 0.0999, 0.0000, 0.0000, 0.0000
 0.1000, 0.0999, 0.0000, 0.0000, 0.0000
 0.1000, 0.0999, 0.0000, 0.0000, 0.0000
 0.1000, 0.0999, 0.0000, 0.0000, 0.0000
 0.1000, 0.0999, 0.0000, 0.0000, 0.0000
 0.1000, 0.0999, 0.0000, 0.0000, 0.0000
 0.1000, 0.0999, 0.0000, 0.0000, 0.0000
 0.1000, 0.0999, 0.0000, 0.0000, 0.0000
 0.1000, 0.0999, 0.0000, 0.0000, 0.0000
 0.1000, 0.0999, 0.0000, 0.0000, 0.0000
 0.1000, 0.0999, 0.0000, 0.0000, 0.0000
 0.1000, 0.0999, 0.0000, 0.0000, 0.0000
 0.1000, 0.0999, 0.0000, 0.0000, 0.0000
 0.1000, 0.0999, 0.0000, 0.0000, 0.0000
 0.1000, 0.0999, 0.0000, 0.0000, 0.0000
 0.1000, 0.0999, 0.0000, 0.0000, 0.0000
 0.1000, 0.0999, 0.0000, 0.0000, 0.0000
 0.1000, 0.0999, 0.0000, 0.0000, 0.0000
 0.1000, 0.0999, 0.0000, 0.0000, 0.0000
 0.1000, 0.0999, 0.0000, 0.0000, 0.0000
 0.1000, 0.0999, 0.0000, 0.0000, 0.0000
 0.1000, 0.0999, 0.0000, 0.0000, 0.0000
 0.1000, 0.0999, 0.0000, 0.0000, 0.0000
 0.1000, 0.0999, 0.0000, 0.0000, 0.0000
 0.1000, 0.0999, 0.0000, 0.0000, 0.0000
 0.1000, 0.0999, 0.0000, 0.0000, 0.0000
 0.1000, 0.0999, 0.0000, 0.0000, 0.0000
 0.1000, 0.0999, 0.0000, 0.0000, 0.0000
 0.1000, 0.0999, 0.0000, 0.0000, 0.0000
 0.1000, 0.0999, 0.0000, 0.0000, 0.0000
 0.1000, 0.0999, 0.0000, 0.0000, 0.0000
 0.1000, 0.0999, 0.0000, 0.0000, 0.0000
 0.1000, 0.0999, 0.0000, 0.0000, 0.0000
 0.1000, 0.0999, 0.0000, 0.0000, 0.0000
 0.1000, 0.0999, 0.0000, 0.0000, 0.0000
 0.1000, 0.0999, 0.0000, 0.0000, 0.0000
 0.1000, 0.0999, 0.0000, 0.0000, 0.0000
 0.1000, 0.0999, 0.0000, 0.0000, 0.0000
 0.1000, 0.0999, 0.0000, 0.0000, 0.0000
 0.1000, 0.0999, 0.0000, 0.0000, 0.0000
 0.1000, 0.0999, 0.0000, 0.0000, 0.0000
 0.1000, 0.0999, 0.0000, 0.0000, 0.0000
 0.1000, 0.0999, 0.0000, 0.0000, 0.0000
 0.1000, 0.0999, 0.0000, 0.0000, 0.0000
 0.1000, 0.0999, 0.0000, 0.0000, 0.0000
 0.1000, 0.0999, 0.0000, 0.0000, 0.0000
 0.1000, 0.0999, 0.0000, 0.0000, 0.0000
 0.1000, 0.0999, 0.0000, 0.0000, 0.0000
 0.1000, 0.0999, 0.0000, 0.0000, 0.0000
 0.1000, 0.0999, 0.0000, 0.0000, 0.0000
 0.1000, 0.0999, 0.0000, 0.0000, 0.0000
 0.1000, 0.0999, 0.0000, 0.0000, 0.0000
 0.1000, 0.0999, 0.0000, 0.0000, 0.0000
 0.1000, 0.0999, 0.0000, 0.0000, 0.0000
 0.1000, 0.0999, 0.0000, 0.0000, 0.0000
 0.1000, 0.0999, 0.0000, 0.0000, 0.0000
 0.1000, 0.0999, 0.0000, 0.0000, 0.0000
 0.1000, 0.0999, 0.0000, 0.0000, 0.0000
 0.1000, 0.0999, 0.0000, 0.0000, 0.0000
 0.1000, 0.0999, 0.0000, 0.0000, 0.0000
 0.1000, 0.0999, 0.0000, 0.0000, 0.0000
 0.1000, 0.0999, 0.0000, 0.0000, 0.0000
 0.1000, 0.0999, 0.0000, 0.0000, 0.0000
 0.1000, 0.0999, 0.0000, 0.0000, 0.0000
 0.1000, 0.0999, 0.0000, 0.0000, 0.0000
 0.1000, 0.0999, 0.0000, 0.0000, 0.0000
 0.1000, 0.0999, 0.0000, 0.0000, 0.0000
 0.1000, 0.0999, 0.0000, 0.0000, 0.0000
 0.1000, 0.0999, 0.0000, 0.0000, 0.0000
 0.1000, 0.0999, 0.0000, 0.0000, 0.0000
 0.1000, 0.0999, 0.0000, 0.0000, 0.0000
 0.1000, 0.0999, 0.0000, 0.0000, 0.0000
 0.1000, 0.0999, 0.0000, 0.0000, 0.0000
 0.1000, 0.0999, 0.0000, 0.0000, 0.0000
 0.1000, 0.0999, 0.0000, 0.0000, 0.0000
 0.1000, 0.0999, 0.0000, 0.0000, 0.0000
 0.0000, 0.0999, 0.0000,-7.9975,-11.0975
 0.0000, 0.0998,-0.0075,-7.9915,-13.8915
 0.0000, 0.0995,-0.0378,-7.9611,-11.0611
 0.0000, 0.0987,-0.0757,-7.9005,-13.8005
 0.0000, 0.0976,-0.1136,-7.8096,-10.9096
 0.0000, 0.0961,-0.1515,-7.6883,-13.5883
 0.0000, 0.0941,-0.1970,-7.5306,-10.6306
 0.0000, 0.0918,-0.2273,-7.3487,-13.2487
 0.0000, 0.0892,-0.2576,-7.1426,-10.2426
 0.0000, 0.0865,-0.2728,-6.9243,-12.8243
 0.0000, 0.0834,-0.3107,-6.6757,-9.7757
 0.0000, 0.0801,-0.3259,-6.4150,-12.3150
 0.0000, 0.0766,-0.3562,-6.1300,-9.2300
 0.0000, 0.0729,-0.3713,-5.8329,-11.7329
 0.0000, 0.0688,-0.4016,-5.5115,-8.6115
 0.0000, 0.0647,-0.4168,-5.1781,-11.0781
 0.0000, 0.0604,-0.4244,-4.8385,-7.9385
 0.0000, 0.0560,-0.4395,-4.4868,-10.3868
 0.0000, 0.0515,-0.4547,-4.1230,-7.2230
 0.0000, 0.0469,-0.4623,-3.7532,-9.6532
 0.0000, 0.0422,-0.4623,-3.3833,-6.4833
 0.0000, 0.0375,-0.4699,-3.0074,-8.9074
 0.0000, 0.0328,-0.4774,-2.6254,-5.7254
 0.0000, 0.0280,-0.4774,-2.2434,-8.1434
 0.0000, 0.0233,-0.4699,-1.8675,-4.9675
 0.0000, 0.0186,-0.4699,-1.4915,-7.3915
 0.0000, 0.0140,-0.4623,-1.1217,-4.2217
 0.0000, 0.0093,-0.4623,-0.7518,-6.6518
 0.0000, 0.0049,-0.4471,-0.3941,-3.4941
 0.0000, 0.0005,-0.4395,-0.0424,-5.9424
 0.0000,-0.0037,-0.4320, 0.3031, 6.2031
 0.0000,-0.0078,-0.4016, 0.6245, 3.7245
 0.0000,-0.0115,-0.3789, 0.9276, 6.8276
 0.0000,-0.0150,-0.3410, 1.2005, 4.3005
 0.0000,-0.0180,-0.3031, 1.4430, 7.3430
 0.0000,-0.0206,-0.2652, 1.6552, 4.7552
 0.0000,-0.0230,-0.2349, 1.8432, 7.7432
 0.0000,-0.0249,-0.1894, 1.9948, 5.0948
 0.0000,-0.0264,-0.1515, 2.1161, 8.0161
 0.0000,-0.0276,-0.1212, 2.2131, 5.3131
 0.0000,-0.0284,-0.0757, 2.2737, 8.1737
 0.0000,-0.0288,-0.0454, 2.3101, 5.4101
 0.0000,-0.0289,-0.0075, 2.3162, 8.2162
 0.0000,-0.0288, 0.0151, 2.3040, 5.4040
 0.0000,-0.0284, 0.0303, 2.2798, 8.1798
 0.0000,-0.0281, 0.0378, 2.2495, 5.3495
 0.0000,-0.0275, 0.0530, 2.2070, 8.1070
 0.0000,-0.0269, 0.0606, 2.1585, 5.2585
 0.0000,-0.0262, 0.0682, 2.1039, 8.0039
 0.0000,-0.0254, 0.0833, 2.0372, 5.1372
 0.0000,-0.0246, 0.0833, 1.9705, 7.8705
 0.0000,-0.0237, 0.0909, 1.8978, 4.9978
 0.0000,-0.0227, 0.0985, 1.8190, 7.7190
 0.0000,-0.0217, 0.0985, 1.7401, 4.8401
 0.0000,-0.0207, 0.0985, 1.6613, 7.5613
 0.0000,-0.0198, 0.0909, 1.5886, 4.6886
 0.0000,-0.0188, 0.0985, 1.5097, 7.4097
 0.0000,-0.0178, 0.0985, 1.4309, 4.5309
 0.0000,-0.0169, 0.0909, 1.3581, 7.2581
 0.0000,-0.0159, 0.0985, 1.2793, 4.3793
 0.0000,-0.0150, 0.0909, 1.2066, 7.1066
 0.0000,-0.0140, 0.0985, 1.1277, 4.2277
 0.0000,-0.0131, 0.0985, 1.0489, 6.9489
 0.0000,-0.0120, 0.1061, 0.9640, 4.0640
 0.0000,-0.0110, 0.0985, 0.8852, 6.7852
 0.0000,-0.0100, 0.1061, 0.8003, 3.9003
 0.0000,-0.0090, 0.0985, 0.7215, 6.6215
 0.0000,-0.0079, 0.1061, 0.6366, 3.7366
 0.0000,-0.0068, 0.1061, 0.5517, 6.4517
 0.0000,-0.0059, 0.0985, 0.4729, 3.5729
 0.0000,-0.0048, 0.1061, 0.3880, 6.2880
 0.0000,-0.0038, 0.0985, 0.3092, 3.4092
 0.0000,-0.0029, 0.0909, 0.2364, 6.1364
 0.0000,-0.0020, 0.0909, 0.1637, 3.2637
 0.0000,-0.0012, 0.0757, 0.1030, 6.0030
 0.0000,-0.0004, 0.0833, 0.0363, 3.1363
 0.0000, 0.0002, 0.0682,-0.0181,-3.1181
 0.0000, 0.0006, 0.0454,-0.0545,-5.9545
 0.0000, 0.0009, 0.0227,-0.0727,-3.1727
 0.0000, 0.0009, 0.0000,-0.0727,-5.9727
 0.0000, 0.0007,-0.0151,-0.0606,-3.1606
 0.0000, 0.0006,-0.0151,-0.0485,-5.9485
 0.0000, 0.0003,-0.0303,-0.0242,-3.1242
 0.0000, 0.0000,-0.0227, 0.0000, 0.0000
 0.0000,-0.0000,-0.0151, 0.0000, 0.0000
 0.0000,-0.0000, 0.0000, 0.0000, 0.0000
 0.0000,-0.0001,-0.0075, 0.0121, 3.1121
 0.0000,-0.0000, 0.0075, 0.0000, 0.0000
 0.0000,-0.0000, 0.0000, 0.0000, 0.0000
 0.0000,-0.0000, 0.0000, 0.0000, 0.0000
 0.0000,-0.0000, 0.0000, 0.0000, 0.0000
 0.0000,-0.0000, 0.0000, 0.0000, 0.0000
 0.0000,-0.0000, 0.0000, 0.0000, 0.0000
 0.0000,-0.0000, 0.0000, 0.0000, 0.0000
 0.0000,-0.0000, 0.0000, 0.0000, 0.0000
 0.0000,-0.0000, 0.0000, 0.0000, 0.0000
 0.0000,-0.0000, 0.0000, 0.0000, 0.0000
 0.0000,-0.0000, 0.0000, 0.0000, 0.0000
 0.0000,-0.0000, 0.0000, 0.0000, 0.0000
 0.0000,-0.0000, 0.0000, 0.0000, 0.0000
 0.0000,-0.0000, 0.0000, 0.0000, 0.0000
 0.0000,-0.0000, 0.0000, 0.0000, 0.0000
 0.0000,-0.0000, 0.0000, 0.0000, 0.0000
 0.0000,-0.0000, 0.0000, 0.0000, 0.0000
 0.0000,-0.0000, 0.0000, 0.0000, 0.0000
 0.0000,-0.0000, 0.0000, 0.0000, 0.0000
 0.0000,-0.0000, 0.0000, 0.0000, 0.0000
 0.0000,-0.0000, 0.0000, 0.0000, 0.0000
 0.0000,-0.0000, 0.0000, 0.0000, 0.0000
 0.0000,-0.0000, 0.0000, 0.0000, 0.0000
 0.0000,-0.0000, 0.0000, 0.0000, 0.0000
 0.0000,-0.0000, 0.0000, 0.0000, 0.0000
 0.0000,-0.0000, 0.0000, 0.0000, 0.0000
 0.0000,-0.0000, 0.0000, 0.0000, 0.0000
 0.0000,-0.0000, 0.0000, 0.0000, 0.0000
 0.0000,-0.0000, 0.0000, 0.0000, 0.0000
 0.0000,-0.0000, 0.0000, 0.0000, 0.0000
 0.0000,-0.0000, 0.0000, 0.0000, 0.0000
 0.0000,-0.0000, 0.0000, 0.0000, 0.0000
 0.0000,-0.0000, 0.0000, 0.0000, 0.0000
 0.0000,-0.0000, 0.0000, 0.0000, 0.0000
 0.0000,-0.0000, 0.0000, 0.0000, 0.0000
 0.0000,-0.0000, 0.0000, 0.0000, 0.0000
 0.0000,-0.0000, 0.0000, 0.0000, 0.0000
 0.0000,-0.0000, 0.0000, 0.0000, 0.0000
 0.0000,-0.0000, 0.0000, 0.0000, 0.0000
 0.0000,-0.0000, 0.0000, 0.0000, 0.0000
 0.0000,-0.0000, 0.0000, 0.0000, 0.0000
 0.0000,-0.0000, 0.0000, 0.0000, 0.0000
 0.0000,-0.0000, 0.0000, 0.0000, 0.0000
 0.0000,-0.0000, 0.0000, 0.0000, 0.0000
 0.0000,-0.0000, 0.0000, 0.0000, 0.0000
 0.0000,-0.0000, 0.0000, 0.0000, 0.0000
 0.0000,-0.0000, 0.0000, 0.0000, 0.0000
 0.0000,-0.0000, 0.0000, 0.0000, 0.0000
 0.0000,-0.0000, 0.0000, 0.0000, 0.0000
 0.0000,-0.0000, 0.0000, 0.0000, 0.0000
 0.0000,-0.0000, 0.0000, 0.0000, 0.0000
 0.0000,-0.0000, 0.0000, 0.0000, 0.0000
 0.0000,-0.0000, 0.0000, 0.0000, 0.0000
 0.0000,-0.0000, 0.0000, 0.0000, 0.0000
 0.0000,-0.0000, 0.0000, 0.0000, 0.0000
 0.0000,-0.0000, 0.0000, 0.0000, 0.0000
 0.0000,-0.0000, 0.0000, 0.0000, 0.0000
 0.0000,-0.0000, 0.0000, 0.0000, 0.0000
 0.0000,-0.0000, 0.0000, 0.0000, 0.0000
 0.0000,-0.0000, 0.0000, 0.0000, 0.0000
 0.0000,-0.0000, 0.0000, 0.0000, 0.0000
 0.0000,-0.0000, 0.0000, 0.0000, 0.0000
 0.0000,-0.0000, 0.0000, 0.0000, 0.0000
 0.0000,-0.0000, 0.0000, 0.0000, 0.0000
 0.0000,-0.0000, 0.0000, 0.0000, 0.0000
 0.0000,-0.0000, 0.0000, 0.0000, 0.0000
 0.0000,-0.0000, 0.0000, 0.0000, 0.0000
 0.0000,-0.0000, 0.0000, 0.0000, 0.0000
 0.0000,-0.0000, 0.0000, 0.0000, 0.0000
 0.0000,-0.0000, 0.0000, 0.0000, 0.0000
 0.0000,-0.0000, 0.0000, 0.0000, 0.0000
 0.0000,-0.0000, 0.0000, 0.0000, 0.0000
 0.0000,-0.0000, 0.0000, 0.0000, 0.0000
 0.0000,-0.0000, 0.0000, 0.0000, 0.0000
 0.0000,-0.0000, 0.0000, 0.0000, 0.0000
 0.0000,-0.0000, 0.0000, 0.0000, 0.0000
 0.0000,-0.0000, 0.0000, 0.0000, 0.0000
 0.0000,-0.0000, 0.0000, 0.0000, 0.0000
 0.0000,-0.0000, 0.0000, 0.0000, 0.0000
 0.0000,-0.0000, 0.0000, 0.0000, 0.0000
 0.0000,-0.0000, 0.0000, 0.0000, 0.0000
 0.0000,-0.0000, 0.0000, 0.0000, 0.0000
 0.0000,-0.0000, 0.0000, 0.0000, 0.0000
 0.0000,-0.0000, 0.0000, 0.0000, 0.0000
 0.0000,-0.0000, 0.0000, 0.0000, 0.0000
 0.0000,-0.0000, 0.0000, 0.0000, 0.0000
 0.0000,-0.0000, 0.0000, 0.0000, 0.0000
 0.0000,-0.0000, 0.0000, 0.0000, 0.0000
 0.0000,-0.0000, 0.0000, 0.0000, 0.0000
 0.0000,-0.0000, 0.0000, 0.0000, 0.0000
 0.0000,-0.0000, 0.0000, 0.0000, 0.0000
 0.0000,-0.0000, 0.0000, 0.0000, 0.0000
 0.0000,-0.0000, 0.0000, 0.0000, 0.0000
 0.0000,-0.0000, 0.0000, 0.0000, 0.0000
 0.0000,-0.0000, 0.0000, 0.0000, 0.0000
 0.0000,-0.0000, 0.0000, 0.0000, 0.0000
 0.0000,-0.0000, 0.0000, 0.0000, 0.0000
 0.0000,-0.0000, 0.0000, 0.0000, 0.0000
 0.0000,-0.0000, 0.0000, 0.0000, 0.0000
 0.0000,-0.0000, 0.0000, 0.0000, 0.0000
 0.0000,-0.0000, 0.0000, 0.0000, 0.0000
 0.0000,-0.0000, 0.0000, 0.0000, 0.0000
 0.0000,-0.0000, 0.0000, 0.0000, 0.0000
 0.0000,-0.0000, 0.0000, 0.0000, 0.0000
 0.0000,-0.0000, 0.0000, 0.0000, 0.0000
 0.0000,-0.0000, 0.0000, 0.0000, 0.0000
 0.0000,-0.0000, 0.0000, 0.0000, 0.0000
 0.0000,-0.0000, 0.0000, 0.0000, 0.0000
 0.0000,-0.0000, 0.0000, 0.0000, 0.0000
 0.0000,-0.0000, 0.0000, 0.0000, 0.0000
 0.0000,-0.0000, 0.0000, 0.0000, 0.0000
 0.0000,-0.0000, 0.0000, 0.0000, 0.0000
 0.0000,-0.0000, 0.0000, 0.0000, 0.0000
 0.0000,-0.0000, 0.0000, 0.0000, 0.0000
 0.0000,-0.0000, 0.0000, 0.0000, 0.0000
 0.0000,-0.0000, 0.0000, 0.0000, 0.0000
 0.0000,-0.0000, 0.0000, 0.0000, 0.0000
 0.0000,-0.0000, 0.0000, 0.0000, 0.0000
 0.0000,-0.0000, 0.0000, 0.0000, 0.0000
 0.0000,-0.0000, 0.0000, 0.0000, 0.0000
 0.0000,-0.0000, 0.0000, 0.0000, 0.0000
 0.0000,-0.0000, 0.0000, 0.0000, 0.0000
 0.0000,-0.0000, 0.0000, 0.0000, 0.0000
 0.0000,-0.0000, 0.0000, 0.0000, 0.0000
 0.0000,-0.0000, 0.0000, 0.0000, 0.0000
 0.0000,-0.0000, 0.0000, 0.0000, 0.0000
 0.0000,-0.0000, 0.0000, 0.0000, 0.0000
 0.0000,-0.0000, 0.0000, 0.0000, 0.0000
 0.0000,-0.0000, 0.0000, 0.0000, 0.0000
 0.0000,-0.0000, 0.0000, 0.0000, 0.0000
 0.0000,-0.0000, 0.0000, 0.0000, 0.0000
 0.0000,-0.0000, 0.0000, 0.0000, 0.0000
 0.0000,-0.0000, 0.0000, 0.0000, 0.0000
 0.0000,-0.0000, 0.0000, 0.0000, 0.0000
 0.0000,-0.0000, 0.0000, 0.0000, 0.0000
 0.0000,-0.0000, 0.0000, 0.0000, 0.0000
 0.0000,-0.0000, 0.0000, 0.0000, 0.0000
 0.0000,-0.0000, 0.0000, 0.0000, 0.0000
 0.0000,-0.0000, 0.0000, 0.0000, 0.0000
 0.0000,-0.0000, 0.0000, 0.0000, 0.0000
 0.0000,-0.0000, 0.0000, 0.0000, 0.0000
 0.0000,-0.0000, 0.0000, 0.0000, 0.0000
 0.0000,-0.0000, 0.0000, 0.0000, 0.0000
 0.0000,-0.0000, 0.0000, 0.0000, 0.0000
 0.0000,-0.0000, 0.0000, 0.0000, 0.0000
 0.0000,-0.0000, 0.0000, 0.0000, 0.0000
 0.0000,-0.0000, 0.0000, 0.0000, 0.0000
 0.0000,-0.0000, 0.0000, 0.0000, 0.0000
 0.0000,-0.0000, 0.0000, 0.0000, 0.0000
 0.0000,-0.0000, 0.0000, 0.0000, 0.0000
 0.0000,-0.0000, 0.0000, 0.0000, 0.0000
 0.0000,-0.0000, 0.0000, 0.0000, 0.0000
 0.0000,-0.0000, 0.0000, 0.0000, 0.0000
 0.0000,-0.0000, 0.0000, 0.0000, 0.0000
 0.0000,-0.0000, 0.0000, 0.0000, 0.0000
 0.0000,-0.0000, 0.0000, 0.0000, 0.0000
 0.0000,-0.0000, 0.0000, 0.0000, 0.0000
 0.0000,-0.0000, 0.0000, 0.0000, 0.0000
 0.0000,-0.0000, 0.0000, 0.0000, 0.0000
 0.0000,-0.0000, 0.0000, 0.0000, 0.0000
 0.0000,-0.0000, 0.0000, 0.0000, 0.0000
 0.0000,-0.0000, 0.0000, 0.0000, 0.0000
 0.0000,-0.0000, 0.0000, 0.0000, 0.0000
 0.0000,-0.0000, 0.0000, 0.0000, 0.0000
 0.0000,-0.0000, 0.0000, 0.0000, 0.0000
 0.0000,-0.0000, 0.0000, 0.0000, 0.0000
 0.0000,-0.0000, 0.0000, 0.0000, 0.0000
 0.0000,-0.0000, 0.0000, 0.0000, 0.0000
 0.0000,-0.0000, 0.0000, 0.0000, 0.0000
 0.0000,-0.0000, 0.0000, 0.0000, 0.0000
 0.0000,-0.0000, 0.0000, 0.0000, 0.0000
 0.0000,-0.0000, 0.0000, 0.0000, 0.0000
 0.0000,-0.0000, 0.0000, 0.0000, 0.0000
 0.0000,-0.0000, 0.0000, 0.0000, 0.0000
 0.0000,-0.0000, 0.0000, 0.0000, 0.0000
 0.0000,-0.0000, 0.0000, 0.0000, 0.0000
 0.0000,-0.0000, 0.0000, 0.0000, 0.0000
 0.0000,-0.0000, 0.0000, 0.0000, 0.0000
 0.0000,-0.0000, 0.0000, 0.0000, 0.0000
 0.0000,-0.0000, 0.0000, 0.0000, 0.0000
 0.0000,-0.0000, 0.0000, 0.0000, 0.0000
 0.0000,-0.0000, 0.0000, 0.0000, 0.0000
 0.0000,-0.0000, 0.0000, 0.0000, 0.0000
 0.0000,-0.0000, 0.0000, 0.0000, 0.0000
 0.0000,-0.0000, 0.0000, 0.0000, 0.0000
 0.0000,-0.0000, 0.0000, 0.0000, 0.0000
 0.0000,-0.0000, 0.0000, 0.0000, 0.0000
 0.0000,-0.0000, 0.0000, 0.0000, 0.0000
 0.0000,-0.0000, 0.0000, 0.0000, 0.0000
 0.0000,-0.0000, 0.0000, 0.0000, 0.0000
 0.0000,-0.0000, 0.0000, 0.0000, 0.0000
 0.0000,-0.0000, 0.0000, 0.0000, 0.0000
 0.0000,-0.0000, 0.0000, 0.0000, 0.0000
 0.0000,-0.0000, 0.0000, 0.0000, 0.0000
 0.0000,-0.0000, 0.0000, 0.0000, 0.0000
 0.0000,-0.0000, 0.0000, 0.0000, 0.0000
 0.0000,-0.0000, 0.0000, 0.0000, 0.0000
 0.0000,-0.0000, 0.0000, 0.0000, 0.0000
 0.0000,-0.0000, 0.0000, 0.0000, 0.0000
 0.0000,-0.0000, 0.0000, 0.0000, 0.0000
 0.0000,-0.0000, 0.0000, 0.0000, 0.0000
 0.0000,-0.0000, 0.0000, 0.0000, 0.0000
 0.0000,-0.0000, 0.0000, 0.0000, 0.0000
 0.0000,-0.0000, 0.0000, 0.0000, 0.0000
 0.0000,-0.0000, 0.0000, 0.0000, 0.0000
 0.0000,-0.0000, 0.0000, 0.0000, 0.0000
 0.0000,-0.0000, 0.0000, 0.0000, 0.0000
 0.0000,-0.0000, 0.0000, 0.0000, 0.0000
 0.0000,-0.0000, 0.0000, 0.0000, 0.0000
 0.0000,-0.0000, 0.0000, 0.0000, 0.0000
 0.0000,-0.0000, 0.0000, 0.0000, 0.0000
 0.0000,-0.0000, 0.0000, 0.0000, 0.0000
 0.0000,-0.0000, 0.0000, 0.0000, 0.0000
 0.0000,-0.0000, 0.0000, 0.0000, 0.0000
 0.0000,-0.0000, 0.0000, 0.0000, 0.0000
 0.0000,-0.0000, 0.0000, 0.0000, 0.0000
 0.0000,-0.0000, 0.0000, 0.0000, 0.0000
 0.0000,-0.0000, 0.0000, 0.0000, 0.0000
 0.0000,-0.0000, 0.0000, 0.0000, 0.0000
 0.0000,-0.0000, 0.0000, 0.0000, 0.0000
 0.0000,-0.0000, 0.0000, 0.0000, 0.0000
 0.0000,-0.0000, 0.0000, 0.0000, 0.0000
 0.0000,-0.0000, 0.0000, 0.0000, 0.0000
 0.0000,-0.0000, 0.0000, 0.0000, 0.0000
 0.0000,-0.0000, 0.0000, 0.0000, 0.0000
 0.0000,-0.0000, 0.0000, 0.0000, 0.0000
 0.0000,-0.0000, 0.0000, 0.0000, 0.0000
 0.0000,-0.0000, 0.0000, 0.0000, 0.0000
 0.0000,-0.0000, 0.0000, 0.0000, 0.0000
 0.0000,-0.0000, 0.0000, 0.0000, 0.0000
 0.0000,-0.0000, 0.0000, 0.0000, 0.0000
 0.0000,-0.0000, 0.0000, 0.0000, 0.0000
 0.0000,-0.0000, 0.0000, 0.0000, 0.0000
 0.0000,-0.0000, 0.0000, 0.0000, 0.0000
 0.0000,-0.0000, 0.0000, 0.0000, 0.0000
 0.0000,-0.0000, 0.0000, 0.0000, 0.0000
 0.0000,-0.0000, 0.0000, 0.0000, 0.0000
 0.0000,-0.0000, 0.0000, 0.0000, 0.0000
 0.0000,-0.0000, 0.0000, 0.0000, 0.0000
 0.0000,-0.0000, 0.0000, 0.0000, 0.0000
 0.0000,-0.0000, 0.0000, 0.0000, 0.0000
 0.0000,-0.0000, 0.0000, 0.0000, 0.0000
 0.0000,-0.0000, 0.0000, 0.0000, 0.0000
 0.0000,-0.0000, 0.0000, 0.0000, 0.0000
 0.0000,-0.0000, 0.0000, 0.0000, 0.0000
 0.0000,-0.0000, 0.0000, 0.0000, 0.0000
 0.0000,-0.0000, 0.0000, 0.0000, 0.0000
 0.0000,-0.0000, 0.0000, 0.0000, 0.0000
 0.0000,-0.0000, 0.0000, 0.0000, 0.0000
 0.0000,-0.0000, 0.0000, 0.0000, 0.0000
 0.0000,-0.0000, 0.0000, 0.0000, 0.0000
 0.0000,-0.0000, 0.0000, 0.0000, 0.0000
 0.0000,-0.0000, 0.0000, 0.0000, 0.0000
 0.0000,-0.0000, 0.0000, 0.0000, 0.0000
 0.0000,-0.0000, 0.0000, 0.0000, 0.0000
 0.0000,-0.0000, 0.0000, 0.0000, 0.0000
 0.0000,-0.0000, 0.0000, 0.0000, 0.0000
 0.0000,-0.0000, 0.0000, 0.0000, 0.0000
 0.0000,-0.0000, 0.0000, 0.0000, 0.0000
 0.0000,-0.0000, 0.0000, 0.0000, 0.0000
 0.0000,-0.0000, 0.0000, 0.0000, 0.0000
 0.0000,-0.0000, 0.0000, 0.0000, 0.0000
 0.0000,-0.0000, 0.0000, 0.0000, 0.0000
 0.0000,-0.0000, 0.0000, 0.0000, 0.0000
 0.0000,-0.0000, 0.0000, 0.0000, 0.0000
 0.0000,-0.0000, 0.0000, 0.0000, 0.0000
 0.0000,-0.0000, 0.0000, 0.0000, 0.0000
 0.0000,-0.0000, 0.0000, 0.0000, 0.0000
 0.0000,-0.0000, 0.0000, 0.0000, 0.0000
 0.0000,-0.0000, 0.0000, 0.0000, 0.0000
 0.0000,-0.0000, 0.0000, 0.0000, 0.0000
 0.0000,-0.0000, 0.0000, 0.0000, 0.0000
 0.0000,-0.0000, 0.0000, 0.0000, 0.0000
 0.0000,-0.0000, 0.0000, 0.0000, 0.0000
 0.0000,-0.0000, 0.0000, 0.0000, 0.0000
 0.0000,-0.0000, 0.0000, 0.0000, 0.0000
 0.0000,-0.0000, 0.0000, 0.0000, 0.0000
 0.0000,-0.0000, 0.0000, 0.0000, 0.0000
 0.0000,-0.0000, 0.0000, 0.0000, 0.0000
 0.0000,-0.0000, 0.0000, 0.0000, 0.0000
 0.0000,-0.0000, 0.0000, 0.0000, 0.0000
 0.0000,-0.0000, 0.0000, 0.0000, 0.0000
 0.0000,-0.0000, 0.0000, 0.0000, 0.0000
 0.0000,-0.0000, 0.0000, 0.0000, 0.0000
 0.0000,-0.0000, 0.0000, 0.0000, 0.0000
 0.0000,-0.0000, 0.0000, 0.0000, 0.0000
 0.0000,-0.0000, 0.0000, 0.0000, 0.0000
 0.0000,-0.0000, 0.0000, 0.0000, 0.0000
 0.0000,-0.0000, 0.0000, 0.0000, 0.0000
 0.0000,-0.0000, 0.0000, 0.0000, 0.0000
 0.0000,-0.0000, 0.0000, 0.0000, 0.0000
 0.0000,-0.0000, 0.0000, 0.0000, 0.0000
 0.0000,-0.0000, 0.0000, 0.0000, 0.0000
 0.0000,-0.0000, 0.0000, 0.0000, 0.0000
 0.0000,-0.0000, 0.0000, 0.0000, 0.0000
 0.0000,-0.0000, 0.0000, 0.0000, 0.0000
 0.0000,-0.0000, 0.0000, 0.0000, 0.0000
 0.0000,-0.0000, 0.0000, 0.0000, 0.0000
 0.0000,-0.0000, 0.0000, 0.0000, 0.0000
 0.0000,-0.0000, 0.0000, 0.0000, 0.0000
 0.0000,-0.0000, 0.0000, 0.0000, 0.0000
 0.0000,-0.0000, 0.0000, 0.0000, 0.0000
 0.0000,-0.0000, 0.0000, 0.0000, 0.0000
 0.0000,-0.0000, 0.0000, 0.0000, 0.0000
 0.0000,-0.0000, 0.0000, 0.0000, 0.0000
 0.0000,-0.0000, 0.0000, 0.0000, 0.0000
 0.0000,-0.0000, 0.0000, 0.0000, 0.0000
 0.0000,-0.0000, 0.0000, 0.0000, 0.0000
 0.0000,-0.0000, 0.0000, 0.0000, 0.0000
 0.0000,-0.0000, 0.0000, 0.0000, 0.0000
 0.0000,-0.0000, 0.0000, 0.0000, 0.0000
 0.0000,-0.0000, 0.0000, 0.0000, 0.0000
 0.0000,-0.0000, 0.0000, 0.0000, 0.0000
 0.0000,-0.0000, 0.0000, 0.0000, 0.0000
 0.0000,-0.0000, 0.0000, 0.0000, 0.0000
 0.0000,-0.0000, 0.0000, 0.0000, 0.0000
 0.0000,-0.0000, 0.0000, 0.0000, 0.0000
 0.0000,-0.0000, 0.0000, 0.0000, 0.0000
 0.0000,-0.0000, 0.0000, 0.0000, 0.0000
 0.0000,-0.0000, 0.0000, 0.0000, 0.0000
 0.0000,-0.0000, 0.0000, 0.0000, 0.0000
 0.0000,-0.0000, 0.0000, 0.0000, 0.0000
 0.0000,-0.0000, 0.0000, 0.0000, 0.0000
 0.0000,-0.0000, 0.0000, 0.0000, 0.0000
 0.0000,-0.0000, 0.0000, 0.0000, 0.0000
 0.0000,-0.0000, 0.0000, 0.0000, 0.0000
 0.0000,-0.0000, 0.0000, 0.0000, 0.0000
 0.0000,-0.0000, 0.0000, 0.0000, 0.0000
 0.0000,-0.0000, 0.0000, 0.0000, 0.0000
 0.0000,-0.0000, 0.0000, 0.0000, 0.0000
 0.0000,-0.0000, 0.0000, 0.0000, 0.0000
 0.0000,-0.0000, 0.0000, 0.0000, 0.0000
 0.0000,-0.0000, 0.0000, 0.0000, 0.0000
 0.0000,-0.0000, 0.0000, 0.0000, 0.0000
 0.0000,-0.0000, 0.0000, 0.0000, 0.0000
 0.0000,-0.0000, 0.0000, 0.0000, 0.0000
 0.0000,-0.0000, 0.0000, 0.0000, 0.0000
 0.0000,-0.0000, 0.0000, 0.0000, 0.0000
 0.0000,-0.0000, 0.0000, 0.0000, 0.0000
 0.0000,-0.0000, 0.0000, 0.0000, 0.0000
 0.0000,-0.0000, 0.0000, 0.0000, 0.0000
 0.0000,-0.0000, 0.0000, 0.0000, 0.0000
 0.0000,-0.0000, 0.0000, 0.0000, 0.0000
 0.0000,-0.0000, 0.0000, 0.0000, 0.0000
 0.0000,-0.0000, 0.0000, 0.0000, 0.0000
 0.0000,-0.0000, 0.0000, 0.0000, 0.0000
 0.0000,-0.0000, 0.0000, 0.0000, 0.0000
 0.0000,-0.0000, 0.0000, 0.0000, 0.0000
 0.0000,-0.0000, 0.0000, 0.0000, 0.0000
 0.0000,-0.0000, 0.0000, 0.0000, 0.0000
 0.0000,-0.0000, 0.0000, 0.0000, 0.0000
 0.0000,-0.0000, 0.0000, 0.0000, 0.0000
 0.0000,-0.0000, 0.0000, 0.0000, 0.0000
 0.0000,-0.0000, 0.0000, 0.0000, 0.0000
 0.0000,-0.0000, 0.0000, 0.0000, 0.0000
 0.0000,-0.0000, 0.0000, 0.0000, 0.0000
 0.0000,-0.0000, 0.0000, 0.0000, 0.0000
 0.0000,-0.0000, 0.0000, 0.0000, 0.0000
 0.0000,-0.0000, 0.0000, 0.0000, 0.0000
 0.0000,-0.0000, 0.0000, 0.0000, 0.0000
 0.0000,-0.0000, 0.0000, 0.0000, 0.0000
 0.0000,-0.0000, 0.0000, 0.0000, 0.0000
 0.0000,-0.0000, 0.0000, 0.0000, 0.0000
 0.0000,-0.0000, 0.0000, 0.0000, 0.0000
 0.0000,-0.0000, 0.0000, 0.0000, 0.0000
 0.0000,-0.0000, 0.0000, 0.0000, 0.0000
 0.0000,-0.0000, 0.0000, 0.0000, 0.0000
 0.0000,-0.0000, 0.0000, 0.0000, 0.0000
 0.0000,-0.0000, 0.0000, 0.0000, 0.0000
 0.0000,-0.0000, 0.0000, 0.0000, 0.0000
 0.0000,-0.0000, 0.0000, 0.0000, 0.0000
 0.0000,-0.0000, 0.0000, 0.0000, 0.0000
 0.0000,-0.0000, 0.0000, 0.0000, 0.0000
 0.0000,-0.0000, 0.0000, 0.0000, 0.0000
 0.0000,-0.0000, 0.0000, 0.0000, 0.0000
 0.0000,-0.0000, 0.0000, 0.0000, 0.0000
 0.0000,-0.0000, 0.0000, 0.0000, 0.0000
 0.0000,-0.0000, 0.0000, 0.0000, 0.0000
 0.0000,-0.0000, 0.0000, 0.0000, 0.0000
 0.0000,-0.0000, 0.0000, 0.0000, 0.0000
 0.0000,-0.0000, 0.0000, 0.0000, 0.0000
 0.0000,-0.0000, 0.0000, 0.0000, 0.0000
 0.0000,-0.0000, 0.0000, 0.0000, 0.0000
 0.0000,-0.0000, 0.0000, 0.0000, 0.0000
 0.0000,-0.0000, 0.0000, 0.0000, 0.0000
 0.0000,-0.0000, 0.0000, 0.0000, 0.0000
 0.0000,-0.0000, 0.0000, 0.0000, 0.0000
 0.0000,-0.0000, 0.0000, 0.0000, 0.0000
 0.0000,-0.0000, 0.0000, 0.0000, 0.0000
 0.0000,-0.0000, 0.0000, 0.0000, 0.0000
 0.0000,-0.0000, 0.0000, 0.0000, 0.0000
 0.0000,-0.0000, 0.0000, 0.0000, 0.0000
 0.0000,-0.0000, 0.0000, 0.0000, 0.0000
 0.0000,-0.0000, 0.0000, 0.0000, 0.0000
 0.0000,-0.0000, 0.0000, 0.0000, 0.0000
 0.0000,-0.0000, 0.0000, 0.0000, 0.0000
 0.0000,-0.0000, 0.0000, 0.0000, 0.0000
 0.0000,-0.0000, 0.0000, 0.0000, 0.0000
 0.0000,-0.0000, 0.0000, 0.0000, 0.0000
 0.0000,-0.0000, 0.0000, 0.0000, 0.0000
 0.0000,-0.0000, 0.0000, 0.0000, 0.0000
 0.0000,-0.0000, 0.0000, 0.0000, 0.0000
 0.0000,-0.0000, 0.0000, 0.0000, 0.0000
 0.0000,-0.0000, 0.0000, 0.0000, 0.0000
 0.0000,-0.0000, 0.0000, 0.0000, 0.0000
 0.0000,-0.0000, 0.0000, 0.0000, 0.0000
 0.0000,-0.0000, 0.0000, 0.0000, 0.0000
 0.0000,-0.0000, 0.0000, 0.0000, 0.0000
 0.0000,-0.0000, 0.0000, 0.0000, 0.0000
 0.0000,-0.0000, 0.0000, 0.0000, 0.0000
 0.0000,-0.0000, 0.0000, 0.0000, 0.0000
 0.0000,-0.0000, 0.0000, 0.0000, 0.0000
 0.0000,-0.0000, 0.0000, 0.0000, 0.0000
 0.0000,-0.0000, 0.0000, 0.0000, 0.0000
 0.0000,-0.0000, 0.0000, 0.0000, 0.0000
 0.0000,-0.0000, 0.0000, 0.0000, 0.0000
 0.0000,-0.0000, 0.0000, 0.0000, 0.0000
 0.0000,-0.0000, 0.0000, 0.0000, 0.0000
 0.0000,-0.0000, 0.0000, 0.0000, 0.0000
 0.0000,-0.0000, 0.0000, 0.0000, 0.0000
 0.0000,-0.0000, 0.0000, 0.0000, 0.0000
 0.0000,-0.0000, 0.0000, 0.0000, 0.0000
 0.0000,-0.0000, 0.0000, 0.0000, 0.0000
 0.0000,-0.0000, 0.0000, 0.0000, 0.0000
 0.0000,-0.0000, 0.0000, 0.0000, 0.0000
 0.0000,-0.0000, 0.0000, 0.0000, 0.0000
 0.0000,-0.0000, 0.0000, 0.0000, 0.0000
 0.0000,-0.0000, 0.0000, 0.0000, 0.0000
 0.0000,-0.0000, 0.0000, 0.0000, 0.0000
 0.0000,-0.0000, 0.0000, 0.0000, 0.0000
 0.0000,-0.0000, 0.0000, 0.0000, 0.0000
 0.0000,-0.0000, 0.0000, 0.0000, 0.0000
 0.0000,-0.0000, 0.0000, 0.0000, 0.0000
 0.0000,-0.0000, 0.0000, 0.0000, 0.0000
 0.0000,-0.0000, 0.0000, 0.0000, 0.0000
 0.0000,-0.0000, 0.0000, 0.0000, 0.0000
 0.0000,-0.0000, 0.0000, 0.0000, 0.0000
 0.0000,-0.0000, 0.0000, 0.0000, 0.0000
 0.0000,-0.0000, 0.0000, 0.0000, 0.0000
 0.0000,-0.0000, 0.0000, 0.0000, 0.0000
 0.0000,-0.0000, 0.0000, 0.0000, 0.0000
 0.0000,-0.0000, 0.0000, 0.0000, 0.0000
 0.0000,-0.0000, 0.0000, 0.0000, 0.0000
 0.0000,-0.0000, 0.0000, 0.0000, 0.0000
 0.0000,-0.0000, 0.0000, 0.0000, 0.0000
 0.0000,-0.0000, 0.0000, 0.0000, 0.0000
 0.0000,-0.0000, 0.0000, 0.0000, 0.0000
 0.0000,-0.0000, 0.0000, 0.0000, 0.0000
 0.0000,-0.0000, 0.0000, 0.0000, 0.0000
 0.0000,-0.0000, 0.0000, 0.0000, 0.0000
 0.0000,-0.0000, 0.0000, 0.0000, 0.0000
 0.0000,-0.0000, 0.0000, 0.0000, 0.0000
 0.0000,-0.0000, 0.0000, 0.0000, 0.0000
 0.0000,-0.0000, 0.0000, 0.0000, 0.0000
 0.0000,-0.0000, 0.0000, 0.0000, 0.0000
 0.0000,-0.0000, 0.0000, 0.0000, 0.0000
 0.0000,-0.0000, 0.0000, 0.0000, 0.0000
 0.0000,-0.0000, 0.0000, 0.0000, 0.0000
 0.0000,-0.0000, 0.0000, 0.0000, 0.0000
 0.0000,-0.0000, 0.0000, 0.0000, 0.0000
 0.0000,-0.0000, 0.0000, 0.0000, 0.0000
 0.0000,-0.0000, 0.0000, 0.0000, 0.0000
 0.0000,-0.0000, 0.0000, 0.0000, 0.0000
 0.0000,-0.0000, 0.0000, 0.0000, 0.0000
 0.0000,-0.0000, 0.0000, 0.0000, 0.0000
 0.0000,-0.0000, 0.0000, 0.0000, 0.0000
 0.0000,-0.0000, 0.0000, 0.0000, 0.0000
 0.0000,-0.0000, 0.0000, 0.0000, 0.0000
 0.0000,-0.0000, 0.0000, 0.0000, 0.0000
 0.0000,-0.0000, 0.0000, 0.0000, 0.0000
 0.0000,-0.0000, 0.0000, 0.0000, 0.0000
 0.0000,-0.0000, 0.0000, 0.0000, 0.0000
 0.0000,-0.0000, 0.0000, 0.0000, 0.0000
 0.0000,-0.0000, 0.0000, 0.0000, 0.0000
 0.0000,-0.0000, 0.0000, 0.0000, 0.0000
 0.0000,-0.0000, 0.0000, 0.0000, 0.0000
 0.0000,-0.0000, 0.0000, 0.0000, 0.0000
 0.0000,-0.0000, 0.0000, 0.0000, 0.0000
 0.0000,-0.0000, 0.0000, 0.0000, 0.0000
 0.0000,-0.0000, 0.0000, 0.0000, 0.0000
 0.0000,-0.0000, 0.0000, 0.0000, 0.0000
 0.0000,-0.0000, 0.0000, 0.0000, 0.0000
 0.0000,-0.0000, 0.0000, 0.0000, 0.0000
 0.0000,-0.0000, 0.0000, 0.0000, 0.0000
 0.0000,-0.0000, 0.0000, 0.0000, 0.0000
 0.0000,-0.0000, 0.0000, 0.0000, 0.0000
 0.0000,-0.0000, 0.0000, 0.0000, 0.0000
 0.0000,-0.0000, 0.0000, 0.0000, 0.0000
 0.0000,-0.0000, 0.0000, 0.0000, 0.0000
 0.0000,-0.0000, 0.0000, 0.0000, 0.0000
 0.0000,-0.0000, 0.0000, 0.0000, 0.0000
 0.0000,-0.0000, 0.0000, 0.0000, 0.0000
 0.0000,-0.0000, 0.0000, 0.0000, 0.0000
 0.0000,-0.0000, 0.0000, 0.0000, 0.0000
 0.0000,-0.0000, 0.0000, 0.0000, 0.0000
 0.0000,-0.0000, 0.0000, 0.0000, 0.0000
 0.0000,-0.0000, 0.0000, 0.0000, 0.0000
 0.0000,-0.0000, 0.0000, 0.0000, 0.0000
 0.0000,-0.0000, 0.0000, 0.0000, 0.0000
 0.0000,-0.0000, 0.0000, 0.0000, 0.0000
 0.0000,-0.0000, 0.0000, 0.0000, 0.0000
 0.0000,-0.0000, 0.0000, 0.0000, 0.0000
 0.0000,-0.0000, 0.0000, 0.0000, 0.0000
 0.0000,-0.0000, 0.0000, 0.0000, 0.0000
 0.0000,-0.0000, 0.0000, 0.0000, 0.0000
 0.0000,-0.0000, 0.0000, 0.0000, 0.0000
 0.0000,-0.0000, 0.0000, 0.0000, 0.0000
 0.0000,-0.0000, 0.0000, 0.0000, 0.0000
 0.0000,-0.0000, 0.0000, 0.0000, 0.0000
 0.0000,-0.0000, 0.0000, 0.0000, 0.0000
 0.0000,-0.0000, 0.0000, 0.0000, 0.0000
 0.0000,-0.0000, 0.0000, 0.0000, 0.0000
 0.0000,-0.0000, 0.0000, 0.0000, 0.0000
 0.0000,-0.0000, 0.0000, 0.0000, 0.0000
 0.0000,-0.0000, 0.0000, 0.0000, 0.0000
 0.0000,-0.0000, 0.0000, 0.0000, 0.0000
 0.0000,-0.0000, 0.0000, 0.0000, 0.0000
 0.0000,-0.0000, 0.0000, 0.0000, 0.0000
 0.0000,-0.0000, 0.0000, 0.0000, 0.0000
 0.0000,-0.0000, 0.0000, 0.0000, 0.0000
 0.0000,-0.0000, 0.0000, 0.0000, 0.0000
 0.0000,-0.0000, 0.0000, 0.0000, 0.0000
 0.0000,-0.0000, 0.0000, 0.0000, 0.0000
 0.0000,-0.0000, 0.0000, 0.0000, 0.0000
 0.0000,-0.0000, 0.0000, 0.0000, 0.0000
 0.0000,-0.0000, 0.0000, 0.0000, 0.0000
 0.0000,-0.0000, 0.0000, 0.0000, 0.0000
 0.0000,-0.0000, 0.0000, 0.0000, 0.0000
 0.0000,-0.0000, 0.0000, 0.0000, 0.0000
 0.0000,-0.0000, 0.0000, 0.0000, 0.0000
 0.0000,-0.0000, 0.0000, 0.0000, 0.0000
 0.0000,-0.0000, 0.0000, 0.0000, 0.0000
 0.0000,-0.0000, 0.0000, 0.0000, 0.0000
 0.0000,-0.0000, 0.0000, 0.0000, 0.0000
 0.0000,-0.0000, 0.0000, 0.0000, 0.0000
 0.0000,-0.0000, 0.0000, 0.0000, 0.0000
 0.0000,-0.0000, 0.0000, 0.0000, 0.0000
 0.0000,-0.0000, 0.0000, 0.0000, 0.0000
 0.0000,-0.0000, 0.0000, 0.0000, 0.0000
 0.0000,-0.0000, 0.0000, 0.0000, 0.0000
 0.0000,-0.0000, 0.0000, 0.0000, 0.0000
 0.0000,-0.0000, 0.0000, 0.0000, 0.0000
 0.0000,-0.0000, 0.0000, 0.0000, 0.0000
 0.0000,-0.0000, 0.0000, 0.0000, 0.0000
 0.0000,-0.0000, 0.0000, 0.0000, 0.0000
 0.0000,-0.0000, 0.0000, 0.0000, 0.0000
 0.0000,-0.0000, 0.0000, 0.0000, 0.0000
 0.0000,-0.0000, 0.0000, 0.0000, 0.0000
 0.0000,-0.0000, 0.0000, 0.0000, 0.0000
 0.0000,-0.0000, 0.0000, 0.0000, 0.0000
 0.0000,-0.0000, 0.0000, 0.0000, 0.0000
 0.0000,-0.0000, 0.0000, 0.0000, 0.0000
 0.0000,-0.0000, 0.0000, 0.0000, 0.0000
 0.0000,-0.0000, 0.0000, 0.0000, 0.0000
 0.0000,-0.0000, 0.0000, 0.0000, 0.0000
 0.0000,-0.0000, 0.0000, 0.0000, 0.0000
 0.0000,-0.0000, 0.0000, 0.0000, 0.0000
 0.0000,-0.0000, 0.0000, 0.0000, 0.0000
 0.0000,-0.0000, 0.0000, 0.0000, 0.0000
 0.0000,-0.0000, 0.0000, 0.0000, 0.0000
 0.0000,-0.0000, 0.0000, 0.0000, 0.0000
 0.0000,-0.0000, 0.0000, 0.0000, 0.0000
 0.0000,-0.0000, 0.0000, 0.0000, 0.0000
 0.0000,-0.0000, 0.0000, 0.0000, 0.0000
 0.0000,-0.0000, 0.0000, 0.0000, 0.0000
 0.0000,-0.0000, 0.0000, 0.0000, 0.0000
 0.0000,-0.0000, 0.0000, 0.0000, 0.0000
 0.0000,-0.0000, 0.0000, 0.0000, 0.0000
 0.0000,-0.0000, 0.0000, 0.0000, 0.0000
 0.0000,-0.0000, 0.0000, 0.0000, 0.0000
 0.0000,-0.0000, 0.0000, 0.0000, 0.0000
 0.0000,-0.0000, 0.0000, 0.0000, 0.0000
 0.0000,-0.0000, 0.0000, 0.0000, 0.0000
 0.0000,-0.0000, 0.0000, 0.0000, 0.0000
 0.0000,-0.0000, 0.0000, 0.0000, 0.0000
 0.0000,-0.0000, 0.0000, 0.0000, 0.0000
 0.0000,-0.0000, 0.0000, 0.0000, 0.0000
 0.0000,-0.0000, 0.0000, 0.0000, 0.0000
 0.0000,-0.0000, 0.0000, 0.0000, 0.0000
 0.0000,-0.0000, 0.0000, 0.0000, 0.0000
 0.0000,-0.0000, 0.0000, 0.0000, 0.0000
 0.0000,-0.0000, 0.0000, 0.0000, 0.0000
 0.0000,-0.0000, 0.0000, 0.0000, 0.0000
 0.0000,-0.0000, 0.0000, 0.0000, 0.0000
 0.0000,-0.0000, 0.0000, 0.0000, 0.0000
 0.0000,-0.0000, 0.0000, 0.0000, 0.0000
 0.0000,-0.0000, 0.0000, 0.0000, 0.0000
 0.0000,-0.0000, 0.0000, 0.0000, 0.0000
 0.0000,-0.0000, 0.0000, 0.0000, 0.0000
 0.0000,-0.0000, 0.0000, 0.0000, 0.0000
 0.0000,-0.0000, 0.0000, 0.0000, 0.0000
 0.0000,-0.0000, 0.0000, 0.0000, 0.0000
 0.0000,-0.0000, 0.0000, 0.0000, 0.0000
 0.0000,-0.0000, 0.0000, 0.0000, 0.0000
 0.0000,-0.0000, 0.0000, 0.0000, 0.0000
 0.0000,-0.0000, 0.0000, 0.0000, 0.0000
 0.0000,-0.0000, 0.0000, 0.0000, 0.0000
 0.0000,-0.0000, 0.0000, 0.0000, 0.0000
 0.0000,-0.0000, 0.0000, 0.0000, 0.0000
 0.0000,-0.0000, 0.0000, 0.0000, 0.0000
 0.0000,-0.0000, 0.0000, 0.0000, 0.0000
 0.0000,-0.0000, 0.0000, 0.0000, 0.0000
 0.0000,-0.0000, 0.0000, 0.0000, 0.0000
 0.0000,-0.0000, 0.0000, 0.0000, 0.0000
 0.0000,-0.0000, 0.0000, 0.0000, 0.0000
 0.0000,-0.0000, 0.0000, 0.0000, 0.0000
 0.0000,-0.0000, 0.0000, 0.0000, 0.0000
 0.0000,-0.0000, 0.0000, 0.0000, 0.0000
 0.0000,-0.0000, 0.0000, 0.0000, 0.0000
 0.0000,-0.0000, 0.0000, 0.0000, 0.0000
 0.0000,-0.0000, 0.0000, 0.0000, 0.0000
 0.0000,-0.0000, 0.0000, 0.0000, 0.0000
 0.0000,-0.0000, 0.0000, 0.0000, 0.0000
 0.0000,-0.0000, 0.0000, 0.0000, 0.0000
 0.0000,-0.0000, 0.0000, 0.0000, 0.0000
 0.0000,-0.0000, 0.0000, 0.0000, 0.0000
 0.0000,-0.0000, 0.0000, 0.0000, 0.0000
 0.0000,-0.0000, 0.0000, 0.0000, 0.0000
 0.0000,-0.0000, 0.0000, 0.0000, 0.0000
 0.0000,-0.0000, 0.0000, 0.0000, 0.0000
 0.0000,-0.0000, 0.0000, 0.0000, 0.0000
 0.0000,-0.0000, 0.0000, 0.0000, 0.0000
 0.0000,-0.0000, 0.0000, 0.0000, 0.0000
 0.0000,-0.0000, 0.0000, 0.0000, 0.0000
 0.0000,-0.0000, 0.0000, 0.0000, 0.0000
 0.0000,-0.0000, 0.0000, 0.0000, 0.0000
 0.0000,-0.0000, 0.0000, 0.0000, 0.0000
 0.0000,-0.0000, 0.0000, 0.0000, 0.0000
 0.0000,-0.0000, 0.0000, 0.0000, 0.0000
 0.0000,-0.0000, 0.0000, 0.0000, 0.0000
 0.0000,-0.0000, 0.0000, 0.0000, 0.0000
 0.0000,-0.0000, 0.0000, 0.0000, 0.0000
 0.0000,-0.0000, 0.0000, 0.0000, 0.0000
 0.0000,-0.0000, 0.0000, 0.0000, 0.0000
 0.0000,-0.0000, 0.0000, 0.0000, 0.0000
 0.0000,-0.0000, 0.0000, 0.0000, 0.0000
 0.0000,-0.0000, 0.0000, 0.0000, 0.0000
 0.0000,-0.0000, 0.0000, 0.0000, 0.0000
 0.0000,-0.0000, 0.0000, 0.0000, 0.0000
 0.0000,-0.0000, 0.0000, 0.0000, 0.0000
 0.0000,-0.0000, 0.0000, 0.0000, 0.0000
 0.0000,-0.0000, 0.0000, 0.0000, 0.0000
 0.0000,-0.0000, 0.0000, 0.0000, 0.0000
 0.0000,-0.0000, 0.0000, 0.0000, 0.0000
 0.0000,-0.0000, 0.0000, 0.0000, 0.0000
 0.0000,-0.0000, 0.0000, 0.0000, 0.0000
 0.0000,-0.0000, 0.0000, 0.0000, 0.0000
 0.0000,-0.0000, 0.0000, 0.0000, 0.0000
 0.0000,-0.0000, 0.0000, 0.0000, 0.0000
 0.0000,-0.0000, 0.0000, 0.0000, 0.0000
 0.0000,-0.0000, 0.0000, 0.0000, 0.0000
 0.0000,-0.0000, 0.0000, 0.0000, 0.0000
 0.0000,-0.0000, 0.0000, 0.0000, 0.0000
 0.0000,-0.0000, 0.0000, 0.0000, 0.0000
 0.0000,-0.0000, 0.0000, 0.0000, 0.0000
 0.0000,-0.0000, 0.0000, 0.0000, 0.0000
 0.0000,-0.0000, 0.0000, 0.0000, 0.0000
 0.0000,-0.0000, 0.0000, 0.0000, 0.0000
 0.0000,-0.0000, 0.0000, 0.0000, 0.0000
 0.0000,-0.0000, 0.0000, 0.0000, 0.0000
 0.0000,-0.0000, 0.0000, 0.0000, 0.0000
 0.0000,-0.0000, 0.0000, 0.0000, 0.0000
 0.0000,-0.0000, 0.0000, 0.0000, 0.0000
 0.0000,-0.0000, 0.0000, 0.0000, 0.0000
 0.0000,-0.0000, 0.0000, 0.0000, 0.0000
 0.0000,-0.0000, 0.0000, 0.0000, 0.0000
 0.0000,-0.0000, 0.0000, 0.0000, 0.0000
 0.0000,-0.0000, 0.0000, 0.0000, 0.0000
 0.0000,-0.0000, 0.0000, 0.0000, 0.0000
 0.0000,-0.0000, 0.0000, 0.0000, 0.0000
 0.0000,-0.0000, 0.0000, 0.0000, 0.0000
 0.0000,-0.0000, 0.0000, 0.0000, 0.0000
 0.0000,-0.0000, 0.0000, 0.0000, 0.0000
 0.0000,-0.0000, 0.0000, 0.0000, 0.0000
 0.0000,-0.0000, 0.0000, 0.0000, 0.0000
 0.0000,-0.0000, 0.0000, 0.0000, 0.0000
 0.0000,-0.0000, 0.0000, 0.0000, 0.0000
 0.0000,-0.0000, 0.0000, 0.0000, 0.0000
 0.0000,-0.0000, 0.0000, 0.0000, 0.0000
 0.0000,-0.0000, 0.0000, 0.0000, 0.0000
 0.0000,-0.0000, 0.0000, 0.0000, 0.0000
 0.0000,-0.0000, 0.0000, 0.0000, 0.0000
 0.0000,-0.0000, 0.0000, 0.0000, 0.0000
 0.0000,-0.0000, 0.0000, 0.0000, 0.0000
 0.0000,-0.0000, 0.0000, 0.0000, 0.0000
 0.0000,-0.0000, 0.0000, 0.0000, 0.0000
 0.0000,-0.0000, 0.0000, 0.0000, 0.0000
 0.0000,-0.0000, 0.0000, 0.0000, 0.0000
 0.0000,-0.0000, 0.0000, 0.0000, 0.0000
 0.0000,-0.0000, 0.0000, 0.0000, 0.0000
 0.0000,-0.0000, 0.0000, 0.0000, 0.0000
 0.0000,-0.0000, 0.0000, 0.0000, 0.0000
 0.0000,-0.0000, 0.0000, 0.0000, 0.0000
 0.0000,-0.0000, 0.0000, 0.0000, 0.0000
 0.0000,-0.0000, 0.0000, 0.0000, 0.0000
 0.0000,-0.0000, 0.0000, 0.0000, 0.0000
 0.0000,-0.0000, 0.0000, 0.0000, 0.0000
 0.0000,-0.0000, 0.0000, 0.0000, 0.0000
 0.0000,-0.0000, 0.0000, 0.0000, 0.0000
 0.0000,-0.0000, 0.0000, 0.0000, 0.0000
 0.0000,-0.0000, 0.0000, 0.0000, 0.0000
 0.0000,-0.0000, 0.0000, 0.0000, 0.0000
 0.0000,-0.0000, 0.0000, 0.0000, 0.0000
 0.0000,-0.0000, 0.0000, 0.0000, 0.0000
 0.0000,-0.0000, 0.0000, 0.0000, 0.0000
 0.0000,-0.0000, 0.0000, 0.0000, 0.0000
 0.0000,-0.0000, 0.0000, 0.0000, 0.0000
 0.0000,-0.0000, 0.0000, 0.0000, 0.0000
 0.0000,-0.0000, 0.0000, 0.0000, 0.0000
 0.0000,-0.0000, 0.0000, 0.0000, 0.0000
 0.0000,-0.0000, 0.0000, 0.0000, 0.0000
 0.0000,-0.0000, 0.0000, 0.0000, 0.0000
 0.0000,-0.0000, 0.0000, 0.0000, 0.0000
 0.0000,-0.0000, 0.0000, 0.0000, 0.0000
 0.0000,-0.0000, 0.0000, 0.0000, 0.0000
 0.0000,-0.0000, 0.0000, 0.0000, 0.0000
 0.0000,-0.0000, 0.0000, 0.0000, 0.0000
 0.0000,-0.0000, 0.0000, 0.0000, 0.0000
 0.0000,-0.0000, 0.0000, 0.0000, 0.0000
 0.0000,-0.0000, 0.0000, 0.0000, 0.0000
 0.0000,-0.0000, 0.0000, 0.0000, 0.0000
 0.0000,-0.0000, 0.0000, 0.0000, 0.0000
 0.0000,-0.0000, 0.0000, 0.0000, 0.0000
 0.0000,-0.0000, 0.0000, 0.0000, 0.0000
 0.0000,-0.0000, 0.0000, 0.0000, 0.0000
 0.0000,-0.0000, 0.0000, 0.0000, 0.0000
 0.0000,-0.0000, 0.0000, 0.0000, 0.0000
 0.0000,-0.0000, 0.0000, 0.0000, 0.0000
 0.0000,-0.0000, 0.0000, 0.0000, 0.0000
 0.0000,-0.0000, 0.0000, 0.0000, 0.0000
 0.0000,-0.0000, 0.0000, 0.0000, 0.0000
 0.0000,-0.0000, 0.0000, 0.0000, 0.0000
 0.0000,-0.0000, 0.0000, 0.0000, 0.0000
 0.0000,-0.0000, 0.0000, 0.0000, 0.0000
 0.0000,-0.0000, 0.0000, 0.0000, 0.0000
 0.0000,-0.0000, 0.0000, 0.0000, 0.0000
 0.0000,-0.0000, 0.0000, 0.0000, 0.0000
 0.0000,-0.0000, 0.0000, 0.0000, 0.0000
 0.0000,-0.0000, 0.0000, 0.0000, 0.0000
 0.0000,-0.0000, 0.0000, 0.0000, 0.0000
 0.0000,-0.0000, 0.0000, 0.0000, 0.0000
 0.0000,-0.0000, 0.0000, 0.0000, 0.0000
 0.0000,-0.0000, 0.0000, 0.0000, 0.0000
 0.0000,-0.0000, 0.0000, 0.0000, 0.0000
 0.0000,-0.0000, 0.0000, 0.0000, 0.0000
 0.0000,-0.0000, 0.0000, 0.0000, 0.0000
 0.0000,-0.0000, 0.0000, 0.0000, 0.0000
 0.0000,-0.0000, 0.0000, 0.0000, 0.0000
 0.0000,-0.0000, 0.0000, 0.0000, 0.0000
 0.0000,-0.0000, 0.0000, 0.0000, 0.0000
 0.0000,-0.0000, 0.0000, 0.0000, 0.0000
 0.0000,-0.0000, 0.0000, 0.0000, 0.0000
 0.0000,-0.0000, 0.0000, 0.0000, 0.0000
 0.0000,-0.0000, 0.0000, 0.0000, 0.0000
 0.0000,-0.0000, 0.0000, 0.0000, 0.0000
 0.0000,-0.0000, 0.0000, 0.0000, 0.0000
 0.0000,-0.0000, 0.0000, 0.0000, 0.0000
 0.0000,-0.0000, 0.0000, 0.0000, 0.0000
 0.0000,-0.0000, 0.0000, 0.0000, 0.0000
 0.0000,-0.0000, 0.0000, 0.0000, 0.0000
 0.0000,-0.0000, 0.0000, 0.0000, 0.0000
 0.0000,-0.0000, 0.0000, 0.0000, 0.0000
 0.0000,-0.0000, 0.0000, 0.0000, 0.0000
 0.0000,-0.0000, 0.0000, 0.0000, 0.0000
 0.0000,-0.0000, 0.0000, 0.0000, 0.0000
 0.0000,-0.0000, 0.0000, 0.0000, 0.0000
 0.0000,-0.0000, 0.0000, 0.0000, 0.0000
 0.0000,-0.0000, 0.0000, 0.0000, 0.0000
 0.0000,-0.0000, 0.0000, 0.0000, 0.0000
 0.0000,-0.0000, 0.0000, 0.0000, 0.0000
 0.0000,-0.0000, 0.0000, 0.0000, 0.0000
 0.0000,-0.0000, 0.0000, 0.0000, 0.0000
 0.0000,-0.0000, 0.0000, 0.0000, 0.0000
 0.0000,-0.0000, 0.0000, 0.0000, 0.0000
 0.0000,-0.0000, 0.0000, 0.0000, 0.0000
 0.0000,-0.0000, 0.0000, 0.0000, 0.0000
 0.0000,-0.0000, 0.0000, 0.0000, 0.0000
 0.0000,-0.0000, 0.0000, 0.0000, 0.0000
 0.0000,-0.0000, 0.0000, 0.0000, 0.0000
 0.0000,-0.0000, 0.0000, 0.0000, 0.0000
 0.0000,-0.0000, 0.0000, 0.0000, 0.0000
 0.0000,-0.0000, 0.0000, 0.0000, 0.0000
 0.0000,-0.0000, 0.0000, 0.0000, 0.0000
 0.0000,-0.0000, 0.0000, 0.0000, 0.0000
 0.0000,-0.0000, 0.0000, 0.0000, 0.0000
 0.0000,-0.0000, 0.0000, 0.0000, 0.0000
 0.0000,-0.0000, 0.0000, 0.0000, 0.0000
 0.0000,-0.0000, 0.0000, 0.0000, 0.0000
 0.0000,-0.0000, 0.0000, 0.0000, 0.0000
 0.0000,-0.0000, 0.0000, 0.0000, 0.0000
 0.0000,-0.0000, 0.0000, 0.0000, 0.0000
 0.0000,-0.0000, 0.0000, 0.0000, 0.0000
 0.0000,-0.0000, 0.0000, 0.0000, 0.0000
 0.0000,-0.0000, 0.0000, 0.0000, 0.0000
 0.0000,-0.0000, 0.0000, 0.0000, 0.0000
 0.0000,-0.0000, 0.0000, 0.0000, 0.0000
 0.0000,-0.0000, 0.0000, 0.0000, 0.0000
 0.0000,-0.0000, 0.0000, 0.0000, 0.0000
 0.0000,-0.0000, 0.0000, 0.0000, 0.0000
 0.0000,-0.0000, 0.0000, 0.0000, 0.0000
 0.0000,-0.0000, 0.0000, 0.0000, 0.0000
 0.0000,-0.0000, 0.0000, 0.0000, 0.0000
 0.0000,-0.0000, 0.0000, 0.0000, 0.0000
 0.0000,-0.0000, 0.0000, 0.0000, 0.0000
 0.0000,-0.0000, 0.0000, 0.0000, 0.0000
 0.0000,-0.0000, 0.0000, 0.0000, 0.0000
 0.0000,-0.0000, 0.0000, 0.0000, 0.0000
 0.0000,-0.0000, 0.0000, 0.0000, 0.0000
 0.0000,-0.0000, 0.0000, 0.0000, 0.0000
 0.0000,-0.0000, 0.0000, 0.0000, 0.0000
 0.0000,-0.0000, 0.0000, 0.0000, 0.0000
 0.0000,-0.0000, 0.0000, 0.0000, 0.0000
 0.0000,-0.0000, 0.0000, 0.0000, 0.0000
 0.0000,-0.0000, 0.0000, 0.0000, 0.0000
 0.0000,-0.0000, 0.0000, 0.0000, 0.0000
 0.0000,-0.0000, 0.0000, 0.0000, 0.0000
 0.0000,-0.0000, 0.0000, 0.0000, 0.0000
 0.0000,-0.0000, 0.0000, 0.0000, 0.0000
 0.0000,-0.0000, 0.0000, 0.0000, 0.0000
 0.0000,-0.0000, 0.0000, 0.0000, 0.0000
 0.0000,-0.0000, 0.0000, 0.0000, 0.0000
 0.0000,-0.0000, 0.0000, 0.0000, 0.0000
 0.0000,-0.0000, 0.0000, 0.0000, 0.0000
 0.0000,-0.0000, 0.0000, 0.0000, 0.0000
 0.0000,-0.0000, 0.0000, 0.0000, 0.0000
 0.0000,-0.0000, 0.0000, 0.0000, 0.0000
 0.0000,-0.0000, 0.0000, 0.0000, 0.0000
 0.0000,-0.0000, 0.0000, 0.0000, 0.0000
 0.0000,-0.0000, 0.0000, 0.0000, 0.0000
 0.0000,-0.0000, 0.0000, 0.0000, 0.0000
 0.0000,-0.0000, 0.0000, 0.0000, 0.0000
 0.0000,-0.0000, 0.0000, 0.0000, 0.0000
 0.0000,-0.0000, 0.0000, 0.0000, 0.0000
 0.0000,-0.0000, 0.0000, 0.0000, 0.0000
 0.0000,-0.0000, 0.0000, 0.0000, 0.0000
 0.0000,-0.0000, 0.0000, 0.0000, 0.0000
 0.0000,-0.0000, 0.0000, 0.0000, 0.0000
 0.0000,-0.0000, 0.0000, 0.0000, 0.0000
 0.0000,-0.0000, 0.0000, 0.0000, 0.0000
 0.0000,-0.0000, 0.0000, 0.0000, 0.0000
 0.0000,-0.0000, 0.0000, 0.0000, 0.0000
 0.0000,-0.0000, 0.0000, 0.0000, 0.0000
 0.0000,-0.0000, 0.0000, 0.0000, 0.0000
 0.0000,-0.0000, 0.0000, 0.0000, 0.0000
 0.0000,-0.0000, 0.0000, 0.0000, 0.0000
 0.0000,-0.0000, 0.0000, 0.0000, 0.0000
 0.0000,-0.0000, 0.0000, 0.0000, 0.0000
 0.0000,-0.0000, 0.0000, 0.0000, 0.0000
 0.0000,-0.0000, 0.0000, 0.0000, 0.0000
 0.0000,-0.0000, 0.0000, 0.0000, 0.0000
 0.0000,-0.0000, 0.0000, 0.0000, 0.0000
 0.0000,-0.0000, 0.0000, 0.0000, 0.0000
 0.0000,-0.0000, 0.0000, 0.0000, 0.0000
 0.0000,-0.0000, 0.0000, 0.0000, 0.0000
 0.0000,-0.0000, 0.0000, 0.0000, 0.0000
 0.0000,-0.0000, 0.0000, 0.0000, 0.0000
 0.0000,-0.0000, 0.0000, 0.0000, 0.0000
 0.0000,-0.0000, 0.0000, 0.0000, 0.0000
 0.0000,-0.0000, 0.0000, 0.0000, 0.0000
 0.0000,-0.0000, 0.0000, 0.0000, 0.0000
 0.0000,-0.0000, 0.0000, 0.0000, 0.0000
 0.0000,-0.0000, 0.0000, 0.0000, 0.0000
 0.0000,-0.0000, 0.0000, 0.0000, 0.0000
 0.0000,-0.0000, 0.0000, 0.0000, 0.0000
 0.0000,-0.0000, 0.0000, 0.0000, 0.0000
 0.0000,-0.0000, 0.0000, 0.0000, 0.0000
 0.0000,-0.0000, 0.0000, 0.0000, 0.0000
 0.0000,-0.0000, 0.0000, 0.0000, 0.0000
 0.0000,-0.0000, 0.0000, 0.0000, 0.0000
 0.0000,-0.0000, 0.0000, 0.0000, 0.0000
 0.0000,-0.0000, 0.0000, 0.0000, 0.0000
 0.0000,-0.0000, 0.0000, 0.0000, 0.0000
 0.0000,-0.0000, 0.0000, 0.0000, 0.0000
 0.0000,-0.0000, 0.0000, 0.0000, 0.0000
 0.0000,-0.0000, 0.0000, 0.0000, 0.0000
 0.0000,-0.0000, 0.0000, 0.0000, 0.0000
 0.0000,-0.0000, 0.0000, 0.0000, 0.0000
 0.0000,-0.0000, 0.0000, 0.0000, 0.0000
 0.0000,-0.0000, 0.0000, 0.0000, 0.0000
 0.0000,-0.0000, 0.0000, 0.0000, 0.0000
 0.0000,-0.0000, 0.0000, 0.0000, 0.0000
 0.0000,-0.0000, 0.0000, 0.0000, 0.0000
 0.0000,-0.0000, 0.0000, 0.0000, 0.0000
 0.0000,-0.0000, 0.0000, 0.0000, 0.0000
 0.0000,-0.0000, 0.0000, 0.0000, 0.0000
 0.0000,-0.0000, 0.0000, 0.0000, 0.0000
 0.0000,-0.0000, 0.0000, 0.0000, 0.0000
 0.0000,-0.0000, 0.0000, 0.0000, 0.0000
 0.0000,-0.0000, 0.0000, 0.0000, 0.0000
 0.0000,-0.0000, 0.0000, 0.0000, 0.0000
 0.0000,-0.0000, 0.0000, 0.0000, 0.0000
 0.0000,-0.0000, 0.0000, 0.0000, 0.0000
 0.0000,-0.0000, 0.0000, 0.0000, 0.0000
 0.0000,-0.0000, 0.0000, 0.0000, 0.0000
 0.0000,-0.0000, 0.0000, 0.0000, 0.0000
 0.0000,-0.0000, 0.0000, 0.0000, 0.0000
 0.0000,-0.0000, 0.0000, 0.0000, 0.0000
 0.0000,-0.0000, 0.0000, 0.0000, 0.0000
 0.0000,-0.0000, 0.0000, 0.0000, 0.0000
 0.0000,-0.0000, 0.0000, 0.0000, 0.0000
 0.0000,-0.0000, 0.0000, 0.0000, 0.0000
 0.0000,-0.0000, 0.0000, 0.0000, 0.0000
 0.0000,-0.0000, 0.0000, 0.0000, 0.0000
 0.0000,-0.0000, 0.0000, 0.0000, 0.0000
 0.0000,-0.0000, 0.0000, 0.0000, 0.0000
 0.0000,-0.0000, 0.0000, 0.0000, 0.0000
 0.0000,-0.0000, 0.0000, 0.0000, 0.0000
 0.0000,-0.0000, 0.0000, 0.0000, 0.0000
 0.0000,-0.0000, 0.0000, 0.0000, 0.0000
 0.0000,-0.0000, 0.0000, 0.0000, 0.0000
 0.0000,-0.0000, 0.0000, 0.0000, 0.0000
 0.0000,-0.0000, 0.0000, 0.0000, 0.0000
 0.0000,-0.0000, 0.0000, 0.0000, 0.0000
-0.1000,-0.0000, 0.0000,-7.9939,-11.0939
-0.1000,-0.0002,-0.0151,-7.9818,-13.8818
-0.1000,-0.0005,-0.0303,-7.9575,-11.0575
-0.1000,-0.0012,-0.0682,-7.9029,-13.8029
-0.1000,-0.0021,-0.0909,-7.8302,-10.9302
-0.1000,-0.0034,-0.1364,-7.7210,-13.6210
-0.1000,-0.0051,-0.1667,-7.5876,-10.6876
-0.1000,-0.0071,-0.1970,-7.4300,-13.3300
-0.1000,-0.0093,-0.2197,-7.2542,-10.3542
-0.1000,-0.0116,-0.2349,-7.0662,-12.9662
-0.1000,-0.0144,-0.2728,-6.8479,-9.9479
-0.1000,-0.0172,-0.2880,-6.6175,-12.5175
-0.1000,-0.0204,-0.3183,-6.3628,-9.4628
-0.1000,-0.0238,-0.3410,-6.0900,-11.9900
-0.1000,-0.0275,-0.3638,-5.7989,-8.8990
-0.1000,-0.0313,-0.3789,-5.4958,-11.3958
-0.1000,-0.0352,-0.3941,-5.1805,-8.2805
-0.1000,-0.0393,-0.4092,-4.8531,-10.7531
-0.1000,-0.0436,-0.4320,-4.5075,-7.6075
-0.1000,-0.0479,-0.4320,-4.1618,-10.0618
-0.1000,-0.0524,-0.4471,-3.8041,-6.9041
-0.1000,-0.0569,-0.4471,-3.4464,-9.3464
-0.1000,-0.0615,-0.4623,-3.0765,-6.1765
-0.1000,-0.0662,-0.4699,-2.7006,-8.6006
-0.1000,-0.0709,-0.4699,-2.3246,-5.4246
-0.1000,-0.0755,-0.4623,-1.9548,-7.8548
-0.1000,-0.0802,-0.4699,-1.5788,-4.6788
-0.1000,-0.0849,-0.4699,-1.2029,-7.1029
-0.1000,-0.0895,-0.4547,-0.8391,-3.9391
-0.1000,-0.0939,-0.4471,-0.4814,-6.3814
-0.1000,-0.0984,-0.4471,-0.1236,-3.2236
-0.1000,-0.1027,-0.4320, 0.2219, 3.3219
-0.1000,-0.1068,-0.4092, 0.5493, 6.4493
-0.1000,-0.1106,-0.3789, 0.8525, 3.9525
-0.1000,-0.1141,-0.3486, 1.1314, 7.0314
-0.1000,-0.1172,-0.3107, 1.3800, 4.4800
-0.1000,-0.1199,-0.2728, 1.5983, 7.4983
-0.1000,-0.1222,-0.2273, 1.7802, 4.8802
-0.1000,-0.1242,-0.1970, 1.9378, 7.8378
-0.1000,-0.1258,-0.1591, 2.0651, 5.1651
-0.1000,-0.1269,-0.1136, 2.1561, 8.0561
-0.1000,-0.1277,-0.0833, 2.2228, 5.3228
-0.1000,-0.1281,-0.0378, 2.2531, 8.1531
-0.1000,-0.1282,-0.0075, 2.2592, 5.3592
-0.1000,-0.1280, 0.0227, 2.2410, 8.1410
-0.1000,-0.1276, 0.0378, 2.2107, 5.3107
-0.1000,-0.1271, 0.0454, 2.1743, 8.0743
-0.1000,-0.1266, 0.0530, 2.1318, 5.2318
-0.1000,-0.1260, 0.0606, 2.0833, 7.9833
-0.1000,-0.1253, 0.0682, 2.0288, 5.1288
-0.1000,-0.1245, 0.0833, 1.9621, 7.8621
-0.1000,-0.1236, 0.0833, 1.8954, 4.9954
-0.1000,-0.1227, 0.0909, 1.8226, 7.7226
-0.1000,-0.1217, 0.0985, 1.7438, 4.8438
-0.1000,-0.1207, 0.1061, 1.6589, 7.5589
-0.1000,-0.1196, 0.1061, 1.5740, 4.6740
-0.1000,-0.1186, 0.0985, 1.4952, 7.3952
-0.1000,-0.1177, 0.0985, 1.4164, 4.5164
-0.1000,-0.1166, 0.1061, 1.3315, 7.2315
-0.1000,-0.1156, 0.0985, 1.2526, 4.3526
-0.1000,-0.1147, 0.0909, 1.1799, 7.0799
-0.1000,-0.1137, 0.0985, 1.1011, 4.2011
-0.1000,-0.1128, 0.0909, 1.0283, 6.9283
-0.1000,-0.1119, 0.0909, 0.9555, 4.0555
-0.1000,-0.1109, 0.0985, 0.8767, 6.7767
-0.1000,-0.1100, 0.0909, 0.8040, 3.9040
-0.1000,-0.1089, 0.1061, 0.7191, 6.6191
-0.1000,-0.1080, 0.0985, 0.6402, 3.7402
-0.1000,-0.1069, 0.1061, 0.5554, 6.4554
-0.1000,-0.1059, 0.0985, 0.4765, 3.5765
-0.1000,-0.1048, 0.1061, 0.3916, 6.2916
-0.1000,-0.1038, 0.1061, 0.3068, 3.4068
-0.1000,-0.1027, 0.1061, 0.2219, 6.1219
-0.1000,-0.1017, 0.0985, 0.1430, 3.2430
-0.1000,-0.1008, 0.0985, 0.0642, 5.9642
-0.1000,-0.0998, 0.0909,-0.0084,-5.9084
-0.1000,-0.0992, 0.0682,-0.0630,-3.1630
-0.1000,-0.0988, 0.0378,-0.0933,-5.9933
-0.1000,-0.0986, 0.0227,-0.1115,-3.2115
-0.1000,-0.0986,-0.0075,-0.1055,-6.0055
-0.1000,-0.0988,-0.0151,-0.0933,-3.1933
-0.1000,-0.0989,-0.0151,-0.0812,-5.9812
-0.1000,-0.0991,-0.0151,-0.0691,-3.1691
-0.1000,-0.0992,-0.0151,-0.0569,-5.9569
-0.1000,-0.0994,-0.0151,-0.0448,-3.1448
-0.1000,-0.0995,-0.0151,-0.0327,-5.9327
-0.1000,-0.0998,-0.0227,-0.0145,-3.1145
-0.1000,-0.1000,-0.0227, 0.0000, 0.0000
-0.1000,-0.1001,-0.0075, 0.0097, 3.1097
-0.1000,-0.1001,-0.0075, 0.0157, 5.9157
-0.1000,-0.1001, 0.0075, 0.0097, 3.1097
-0.1000,-0.1000, 0.0075, 0.0000, 0.0000
-0.1000,-0.1000, 0.0000, 0.0000, 0.0000
-0.1000,-0.1000, 0.0000, 0.0000, 0.0000
-0.1000,-0.1000, 0.0000, 0.0000, 0.0000
-0.1000,-0.1000, 0.0000, 0.0000, 0.0000
-0.1000,-0.1000, 0.0000, 0.0000, 0.0000
-0.1000,-0.1000, 0.0000, 0.0000, 0.0000
-0.1000,-0.1000, 0.0000, 0.0000, 0.0000
-0.1000,-0.1000, 0.0000, 0.0000, 0.0000
-0.1000,-0.1000, 0.0000, 0.0000, 0.0000
-0.1000,-0.1000, 0.0000, 0.0000, 0.0000
-0.1000,-0.1000, 0.0000, 0.0000, 0.0000
-0.1000,-0.1000, 0.0000, 0.0000, 0.0000
-0.1000,-0.1000, 0.0000, 0.0000, 0.0000
-0.1000,-0.1000, 0.0000, 0.0000, 0.0000
-0.1000,-0.1000, 0.0000, 0.0000, 0.0000
-0.1000,-0.1000, 0.0000, 0.0000, 0.0000
-0.1000,-0.1000, 0.0000, 0.0000, 0.0000
-0.1000,-0.1000, 0.0000, 0.0000, 0.0000
-0.1000,-0.1000, 0.0000, 0.0000, 0.0000
-0.1000,-0.1000, 0.0000, 0.0000, 0.0000
-0.1000,-0.1000, 0.0000, 0.0000, 0.0000
-0.1000,-0.1000, 0.0000, 0.0000, 0.0000
-0.1000,-0.1000, 0.0000, 0.0000, 0.0000
-0.1000,-0.1000, 0.0000, 0.0000, 0.0000
-0.1000,-0.1000, 0.0000, 0.0000, 0.0000
-0.1000,-0.1000, 0.0000, 0.0000, 0.0000
-0.1000,-0.1000, 0.0000, 0.0000, 0.0000
-0.1000,-0.1000, 0.0000, 0.0000, 0.0000
-0.1000,-0.1000, 0.0000, 0.0000, 0.0000
-0.1000,-0.1000, 0.0000, 0.0000, 0.0000
-0.1000,-0.1000, 0.0000, 0.0000, 0.0000
-0.1000,-0.1000, 0.0000, 0.0000, 0.0000
-0.1000,-0.1000, 0.0000, 0.0000, 0.0000
-0.1000,-0.1000, 0.0000, 0.0000, 0.0000
-0.1000,-0.1000, 0.0000, 0.0000, 0.0000
-0.1000,-0.1000, 0.0000, 0.0000, 0.0000
-0.1000,-0.1000, 0.0000, 0.0000, 0.0000
-0.1000,-0.1000, 0.0000, 0.0000, 0.0000
-0.1000,-0.1000, 0.0000, 0.0000, 0.0000
-0.1000,-0.1000, 0.0000, 0.0000, 0.0000
-0.1000,-0.1000, 0.0000, 0.0000, 0.0000
-0.1000,-0.1000, 0.0000, 0.0000, 0.0000
-0.1000,-0.1000, 0.0000, 0.0000, 0.0000
-0.1000,-0.1000, 0.0000, 0.0000, 0.0000
-0.1000,-0.1000, 0.0000, 0.0000, 0.0000
-0.1000,-0.1000, 0.0000, 0.0000, 0.0000
-0.1000,-0.1000, 0.0000, 0.0000, 0.0000
-0.1000,-0.1000, 0.0000, 0.0000, 0.0000
-0.1000,-0.1000, 0.0000, 0.0000, 0.0000
-0.1000,-0.1000, 0.0000, 0.0000, 0.0000
-0.1000,-0.1000, 0.0000, 0.0000, 0.0000
-0.1000,-0.1000, 0.0000, 0.0000, 0.0000
-0.1000,-0.1000, 0.0000, 0.0000, 0.0000
-0.1000,-0.1000, 0.0000, 0.0000, 0.0000
-0.1000,-0.1000, 0.0000, 0.0000, 0.0000
-0.1000,-0.1000, 0.0000, 0.0000, 0.0000
-0.1000,-0.1000, 0.0000, 0.0000, 0.0000
-0.1000,-0.1000, 0.0000, 0.0000, 0.0000
-0.1000,-0.1000, 0.0000, 0.0000, 0.0000
-0.1000,-0.1000, 0.0000, 0.0000, 0.0000
-0.1000,-0.1000, 0.0000, 0.0000, 0.0000
-0.1000,-0.1000, 0.0000, 0.0000, 0.0000
-0.1000,-0.1000, 0.0000, 0.0000, 0.0000
-0.1000,-0.1000, 0.0000, 0.0000, 0.0000
-0.1000,-0.1000, 0.0000, 0.0000, 0.0000
-0.1000,-0.1000, 0.0000, 0.0000, 0.0000
-0.1000,-0.1000, 0.0000, 0.0000, 0.0000
-0.1000,-0.1000, 0.0000, 0.0000, 0.0000
-0.1000,-0.1000, 0.0000, 0.0000, 0.0000
-0.1000,-0.1000, 0.0000, 0.0000, 0.0000
-0.1000,-0.1000, 0.0000, 0.0000, 0.0000
-0.1000,-0.1000, 0.0000, 0.0000, 0.0000
-0.1000,-0.1000, 0.0000, 0.0000, 0.0000
-0.1000,-0.1000, 0.0000, 0.0000, 0.0000
-0.1000,-0.1000, 0.0000, 0.0000, 0.0000
-0.1000,-0.1000, 0.0000, 0.0000, 0.0000
-0.1000,-0.1000, 0.0000, 0.0000, 0.0000
-0.1000,-0.1000, 0.0000, 0.0000, 0.0000
-0.1000,-0.1000, 0.0000, 0.0000, 0.0000
-0.1000,-0.1000, 0.0000, 0.0000, 0.0000
-0.1000,-0.1000, 0.0000, 0.0000, 0.0000
-0.1000,-0.1000, 0.0000, 0.0000, 0.0000
-0.1000,-0.1000, 0.0000, 0.0000, 0.0000
-0.1000,-0.1000, 0.0000, 0.0000, 0.0000
-0.1000,-0.1000, 0.0000, 0.0000, 0.0000
-0.1000,-0.1000, 0.0000, 0.0000, 0.0000
-0.1000,-0.1000, 0.0000, 0.0000, 0.0000
-0.1000,-0.1000, 0.0000, 0.0000, 0.0000
-0.1000,-0.1000, 0.0000, 0.0000, 0.0000
-0.1000,-0.1000, 0.0000, 0.0000, 0.0000
-0.1000,-0.1000, 0.0000, 0.0000, 0.0000
-0.1000,-0.1000, 0.0000, 0.0000, 0.0000
-0.1000,-0.1000, 0.0000, 0.0000, 0.0000
-0.1000,-0.1000, 0.0000, 0.0000, 0.0000
-0.1000,-0.1000, 0.0000, 0.0000, 0.0000
-0.1000,-0.1000, 0.0000, 0.0000, 0.0000
-0.1000,-0.1000, 0.0000, 0.0000, 0.0000
-0.1000,-0.1000, 0.0000, 0.0000, 0.0000
-0.1000,-0.1000, 0.0000, 0.0000, 0.0000
-0.1000,-0.1000, 0.0000, 0.0000, 0.0000
-0.1000,-0.1000, 0.0000, 0.0000, 0.0000
-0.1000,-0.1000, 0.0000, 0.0000, 0.0000
-0.1000,-0.1000, 0.0000, 0.0000, 0.0000
-0.1000,-0.1000, 0.0000, 0.0000, 0.0000
-0.1000,-0.1000, 0.0000, 0.0000, 0.0000
-0.1000,-0.1000, 0.0000, 0.0000, 0.0000
-0.1000,-0.1000, 0.0000, 0.0000, 0.0000
-0.1000,-0.1000, 0.0000, 0.0000, 0.0000
-0.1000,-0.1000, 0.0000, 0.0000, 0.0000
-0.1000,-0.1000, 0.0000, 0.0000, 0.0000
-0.1000,-0.1000, 0.0000, 0.0000, 0.0000
-0.1000,-0.1000, 0.0000, 0.0000, 0.0000
-0.1000,-0.1000, 0.0000, 0.0000, 0.0000
-0.1000,-0.1000, 0.0000, 0.0000, 0.0000
-0.1000,-0.1000, 0.0000, 0.0000, 0.0000
-0.1000,-0.1000, 0.0000, 0.0000, 0.0000
-0.1000,-0.1000, 0.0000, 0.0000, 0.0000
-0.1000,-0.1000, 0.0000, 0.0000, 0.0000
-0.1000,-0.1000, 0.0000, 0.0000, 0.0000
-0.1000,-0.1000, 0.0000, 0.0000, 0.0000
-0.1000,-0.1000, 0.0000, 0.0000, 0.0000
-0.1000,-0.1000, 0.0000, 0.0000, 0.0000
-0.1000,-0.1000, 0.0000, 0.0000, 0.0000
-0.1000,-0.1000, 0.0000, 0.0000, 0.0000
-0.1000,-0.1000, 0.0000, 0.0000, 0.0000
-0.1000,-0.1000, 0.0000, 0.0000, 0.0000
-0.1000,-0.1000, 0.0000, 0.0000, 0.0000
-0.1000,-0.1000, 0.0000, 0.0000, 0.0000
-0.1000,-0.1000, 0.0000, 0.0000, 0.0000
-0.1000,-0.1000, 0.0000, 0.0000, 0.0000
-0.1000,-0.1000, 0.0000, 0.0000, 0.0000
-0.1000,-0.1000, 0.0000, 0.0000, 0.0000
-0.1000,-0.1000, 0.0000, 0.0000, 0.0000
-0.1000,-0.1000, 0.0000, 0.0000, 0.0000
-0.1000,-0.1000, 0.0000, 0.0000, 0.0000
-0.1000,-0.1000, 0.0000, 0.0000, 0.0000
-0.1000,-0.1000, 0.0000, 0.0000, 0.0000
-0.1000,-0.1000, 0.0000, 0.0000, 0.0000
-0.1000,-0.1000, 0.0000, 0.0000, 0.0000
-0.1000,-0.1000, 0.0000, 0.0000, 0.0000
-0.1000,-0.1000, 0.0000, 0.0000, 0.0000
-0.1000,-0.1000, 0.0000, 0.0000, 0.0000
-0.1000,-0.1000, 0.0000, 0.0000, 0.0000
-0.1000,-0.1000, 0.0000, 0.0000, 0.0000
-0.1000,-0.1000, 0.0000, 0.0000, 0.0000
-0.1000,-0.1000, 0.0000, 0.0000, 0.0000
-0.1000,-0.1000, 0.0000, 0.0000, 0.0000
-0.1000,-0.1000, 0.0000, 0.0000, 0.0000
-0.1000,-0.1000, 0.0000, 0.0000, 0.0000
-0.1000,-0.1000, 0.0000, 0.0000, 0.0000
-0.1000,-0.1000, 0.0000, 0.0000, 0.0000
-0.1000,-0.1000, 0.0000, 0.0000, 0.0000
-0.1000,-0.1000, 0.0000, 0.0000, 0.0000
-0.1000,-0.1000, 0.0000, 0.0000, 0.0000
-0.1000,-0.1000, 0.0000, 0.0000, 0.0000
-0.1000,-0.1000, 0.0000, 0.0000, 0.0000
-0.1000,-0.1000, 0.0000, 0.0000, 0.0000
-0.1000,-0.1000, 0.0000, 0.0000, 0.0000
-0.1000,-0.1000, 0.0000, 0.0000, 0.0000
-0.1000,-0.1000, 0.0000, 0.0000, 0.0000
-0.1000,-0.1000, 0.0000, 0.0000, 0.0000
-0.1000,-0.1000, 0.0000, 0.0000, 0.0000
-0.1000,-0.1000, 0.0000, 0.0000, 0.0000
-0.1000,-0.1000, 0.0000, 0.0000, 0.0000
-0.1000,-0.1000, 0.0000, 0.0000, 0.0000
-0.1000,-0.1000, 0.0000, 0.0000, 0.0000
-0.1000,-0.1000, 0.0000, 0.0000, 0.0000
-0.1000,-0.1000, 0.0000, 0.0000, 0.0000
-0.1000,-0.1000, 0.0000, 0.0000, 0.0000
-0.1000,-0.1000, 0.0000, 0.0000, 0.0000
-0.1000,-0.1000, 0.0000, 0.0000, 0.0000
-0.1000,-0.1000, 0.0000, 0.0000, 0.0000
-0.1000,-0.1000, 0.0000, 0.0000, 0.0000
-0.1000,-0.1000, 0.0000, 0.0000, 0.0000
-0.1000,-0.1000, 0.0000, 0.0000, 0.0000
-0.1000,-0.1000, 0.0000, 0.0000, 0.0000
-0.1000,-0.1000, 0.0000, 0.0000, 0.0000
-0.1000,-0.1000, 0.0000, 0.0000, 0.0000
-0.1000,-0.1000, 0.0000, 0.0000, 0.0000
-0.1000,-0.1000, 0.0000, 0.0000, 0.0000
-0.1000,-0.1000, 0.0000, 0.0000, 0.0000
-0.1000,-0.1000, 0.0000, 0.0000, 0.0000
-0.1000,-0.1000, 0.0000, 0.0000, 0.0000
-0.1000,-0.1000, 0.0000, 0.0000, 0.0000
-0.1000,-0.1000, 0.0000, 0.0000, 0.0000
-0.1000,-0.1000, 0.0000, 0.0000, 0.0000
-0.1000,-0.1000, 0.0000, 0.0000, 0.0000
-0.1000,-0.1000, 0.0000, 0.0000, 0.0000
-0.1000,-0.1000, 0.0000, 0.0000, 0.0000
-0.1000,-0.1000, 0.0000, 0.0000, 0.0000
-0.1000,-0.1000, 0.0000, 0.0000, 0.0000
-0.1000,-0.1000, 0.0000, 0.0000, 0.0000
-0.1000,-0.1000, 0.0000, 0.0000, 0.0000
-0.1000,-0.1000, 0.0000, 0.0000, 0.0000
-0.1000,-0.1000, 0.0000, 0.0000, 0.0000
-0.1000,-0.1000, 0.0000, 0.0000, 0.0000
-0.1000,-0.1000, 0.0000, 0.0000, 0.0000
-0.1000,-0.1000, 0.0000, 0.0000, 0.0000
-0.1000,-0.1000, 0.0000, 0.0000, 0.0000
-0.1000,-0.1000, 0.0000, 0.0000, 0.0000
-0.1000,-0.1000, 0.0000, 0.0000, 0.0000
-0.1000,-0.1000, 0.0000, 0.0000, 0.0000
-0.1000,-0.1000, 0.0000, 0.0000, 0.0000
-0.1000,-0.1000, 0.0000, 0.0000, 0.0000
-0.1000,-0.1000, 0.0000, 0.0000, 0.0000
-0.1000,-0.1000, 0.0000, 0.0000, 0.0000
-0.1000,-0.1000, 0.0000, 0.0000, 0.0000
-0.1000,-0.1000, 0.0000, 0.0000, 0.0000
-0.1000,-0.1000, 0.0000, 0.0000, 0.0000
-0.1000,-0.1000, 0.0000, 0.0000, 0.0000
-0.1000,-0.1000, 0.0000, 0.0000, 0.0000
-0.1000,-0.1000, 0.0000, 0.0000, 0.0000
-0.1000,-0.1000, 0.0000, 0.0000, 0.0000
-0.1000,-0.1000, 0.0000, 0.0000, 0.0000
-0.1000,-0.1000, 0.0000, 0.0000, 0.0000
-0.1000,-0.1000, 0.0000, 0.0000, 0.0000
-0.1000,-0.1000, 0.0000, 0.0000, 0.0000
-0.1000,-0.1000, 0.0000, 0.0000, 0.0000
-0.1000,-0.1000, 0.0000, 0.0000, 0.0000
-0.1000,-0.1000, 0.0000, 0.0000, 0.0000
-0.1000,-0.1000, 0.0000, 0.0000, 0.0000
-0.1000,-0.1000, 0.0000, 0.0000, 0.0000
-0.1000,-0.1000, 0.0000, 0.0000, 0.0000
-0.1000,-0.1000, 0.0000, 0.0000, 0.0000
-0.1000,-0.1000, 0.0000, 0.0000, 0.0000
-0.1000,-0.1000, 0.0000, 0.0000, 0.0000
-0.1000,-0.1000, 0.0000, 0.0000, 0.0000
-0.1000,-0.1000, 0.0000, 0.0000, 0.0000
-0.1000,-0.1000, 0.0000, 0.0000, 0.0000
-0.1000,-0.1000, 0.0000, 0.0000, 0.0000
-0.1000,-0.1000, 0.0000, 0.0000, 0.0000
-0.1000,-0.1000, 0.0000, 0.0000, 0.0000
-0.1000,-0.1000, 0.0000, 0.0000, 0.0000
-0.1000,-0.1000, 0.0000, 0.0000, 0.0000
-0.1000,-0.1000, 0.0000, 0.0000, 0.0000
-0.1000,-0.1000, 0.0000, 0.0000, 0.0000
-0.1000,-0.1000, 0.0000, 0.0000, 0.0000
-0.1000,-0.1000, 0.0000, 0.0000, 0.0000
-0.1000,-0.1000, 0.0000, 0.0000, 0.0000
-0.1000,-0.1000, 0.0000, 0.0000, 0.0000
-0.1000,-0.1000, 0.0000, 0.0000, 0.0000
-0.1000,-0.1000, 0.0000, 0.0000, 0.0000
-0.1000,-0.1000, 0.0000, 0.0000, 0.0000
-0.1000,-0.1000, 0.0000, 0.0000, 0.0000
-0.1000,-0.1000, 0.0000, 0.0000, 0.0000
-0.1000,-0.1000, 0.0000, 0.0000, 0.0000
-0.1000,-0.1000, 0.0000, 0.0000, 0.0000
-0.1000,-0.1000, 0.0000, 0.0000, 0.0000
-0.1000,-0.1000, 0.0000, 0.0000, 0.0000
-0.1000,-0.1000, 0.0000, 0.0000, 0.0000
-0.1000,-0.1000, 0.0000, 0.0000, 0.0000
-0.1000,-0.1000, 0.0000, 0.0000, 0.0000
-0.1000,-0.1000, 0.0000, 0.0000, 0.0000
-0.1000,-0.1000, 0.0000, 0.0000, 0.0000
-0.1000,-0.1000, 0.0000, 0.0000, 0.0000
-0.1000,-0.1000, 0.0000, 0.0000, 0.0000
-0.1000,-0.1000, 0.0000, 0.0000, 0.0000
-0.1000,-0.1000, 0.0000, 0.0000, 0.0000
-0.1000,-0.1000, 0.0000, 0.0000, 0.0000
-0.1000,-0.1000, 0.0000, 0.0000, 0.0000
-0.1000,-0.1000, 0.0000, 0.0000, 0.0000
-0.1000,-0.1000, 0.0000, 0.0000, 0.0000
-0.1000,-0.1000, 0.0000, 0.0000, 0.0000
-0.1000,-0.1000, 0.0000, 0.0000, 0.0000
-0.1000,-0.1000, 0.0000, 0.0000, 0.0000
-0.1000,-0.1000, 0.0000, 0.0000, 0.0000
-0.1000,-0.1000, 0.0000, 0.0000, 0.0000
-0.1000,-0.1000, 0.0000, 0.0000, 0.0000
-0.1000,-0.1000, 0.0000, 0.0000, 0.0000
-0.1000,-0.1000, 0.0000, 0.0000, 0.0000
-0.1000,-0.1000, 0.0000, 0.0000, 0.0000
-0.1000,-0.1000, 0.0000, 0.0000, 0.0000
-0.1000,-0.1000, 0.0000, 0.0000, 0.0000
-0.1000,-0.1000, 0.0000, 0.0000, 0.0000
-0.1000,-0.1000, 0.0000, 0.0000, 0.0000
-0.1000,-0.1000, 0.0000, 0.0000, 0.0000
-0.1000,-0.1000, 0.0000, 0.0000, 0.0000
-0.1000,-0.1000, 0.0000, 0.0000, 0.0000
-0.1000,-0.1000, 0.0000, 0.0000, 0.0000
-0.1000,-0.1000, 0.0000, 0.0000, 0.0000
-0.1000,-0.1000, 0.0000, 0.0000, 0.0000
-0.1000,-0.1000, 0.0000, 0.0000, 0.0000
-0.1000,-0.1000, 0.0000, 0.0000, 0.0000
-0.1000,-0.1000, 0.0000, 0.0000, 0.0000
-0.1000,-0.1000, 0.0000, 0.0000, 0.0000
-0.1000,-0.1000, 0.0000, 0.0000, 0.0000
-0.1000,-0.1000, 0.0000, 0.0000, 0.0000
-0.1000,-0.1000, 0.0000, 0.0000, 0.0000
-0.1000,-0.1000, 0.0000, 0.0000, 0.0000
-0.1000,-0.1000, 0.0000, 0.0000, 0.0000
-0.1000,-0.1000, 0.0000, 0.0000, 0.0000
-0.1000,-0.1000, 0.0000, 0.0000, 0.0000
-0.1000,-0.1000, 0.0000, 0.0000, 0.0000
-0.1000,-0.1000, 0.0000, 0.0000, 0.0000
-0.1000,-0.1000, 0.0000, 0.0000, 0.0000
-0.1000,-0.1000, 0.0000, 0.0000, 0.0000
-0.1000,-0.1000, 0.0000, 0.0000, 0.0000
-0.1000,-0.1000, 0.0000, 0.0000, 0.0000
-0.1000,-0.1000, 0.0000, 0.0000, 0.0000
-0.1000,-0.1000, 0.0000, 0.0000, 0.0000
-0.1000,-0.1000, 0.0000, 0.0000, 0.0000
-0.1000,-0.1000, 0.0000, 0.0000, 0.0000
-0.1000,-0.1000, 0.0000, 0.0000, 0.0000
-0.1000,-0.1000, 0.0000, 0.0000, 0.0000
-0.1000,-0.1000, 0.0000, 0.0000, 0.0000
-0.1000,-0.1000, 0.0000, 0.0000, 0.0000
-0.1000,-0.1000, 0.0000, 0.0000, 0.0000
-0.1000,-0.1000, 0.0000, 0.0000, 0.0000
-0.1000,-0.1000, 0.0000, 0.0000, 0.0000
-0.1000,-0.1000, 0.0000, 0.0000, 0.0000
-0.1000,-0.1000, 0.0000, 0.0000, 0.0000
-0.1000,-0.1000, 0.0000, 0.0000, 0.0000
-0.1000,-0.1000, 0.0000, 0.0000, 0.0000
-0.1000,-0.1000, 0.0000, 0.0000, 0.0000
-0.1000,-0.1000, 0.0000, 0.0000, 0.0000
-0.1000,-0.1000, 0.0000, 0.0000, 0.0000
-0.1000,-0.1000, 0.0000, 0.0000, 0.0000
-0.1000,-0.1000, 0.0000, 0.0000, 0.0000
-0.1000,-0.1000, 0.0000, 0.0000, 0.0000
-0.1000,-0.1000, 0.0000, 0.0000, 0.0000
-0.1000,-0.1000, 0.0000, 0.0000, 0.0000
-0.1000,-0.1000, 0.0000, 0.0000, 0.0000
-0.1000,-0.1000, 0.0000, 0.0000, 0.0000
-0.1000,-0.1000, 0.0000, 0.0000, 0.0000
-0.1000,-0.1000, 0.0000, 0.0000, 0.0000
-0.1000,-0.1000, 0.0000, 0.0000, 0.0000
-0.1000,-0.1000, 0.0000, 0.0000, 0.0000
-0.1000,-0.1000, 0.0000, 0.0000, 0.0000
-0.1000,-0.1000, 0.0000, 0.0000, 0.0000
-0.1000,-0.1000, 0.0000, 0.0000, 0.0000
-0.1000,-0.1000, 0.0000, 0.0000, 0.0000
-0.1000,-0.1000, 0.0000, 0.0000, 0.0000
-0.1000,-0.1000, 0.0000, 0.0000, 0.0000
-0.1000,-0.1000, 0.0000, 0.0000, 0.0000
-0.1000,-0.1000, 0.0000, 0.0000, 0.0000
-0.1000,-0.1000, 0.0000, 0.0000, 0.0000
-0.1000,-0.1000, 0.0000, 0.0000, 0.0000
-0.1000,-0.1000, 0.0000, 0.0000, 0.0000
-0.1000,-0.1000, 0.0000, 0.0000, 0.0000
-0.1000,-0.1000, 0.0000, 0.0000, 0.0000
-0.1000,-0.1000, 0.0000, 0.0000, 0.0000
-0.1000,-0.1000, 0.0000, 0.0000, 0.0000
-0.1000,-0.1000, 0.0000, 0.0000, 0.0000
-0.1000,-0.1000, 0.0000, 0.0000, 0.0000
-0.1000,-0.1000, 0.0000, 0.0000, 0.0000
-0.1000,-0.1000, 0.0000, 0.0000, 0.0000
-0.1000,-0.1000, 0.0000, 0.0000, 0.0000
-0.1000,-0.1000, 0.0000, 0.0000, 0.0000
-0.1000,-0.1000, 0.0000, 0.0000, 0.0000
-0.1000,-0.1000, 0.0000, 0.0000, 0.0000
-0.1000,-0.1000, 0.0000, 0.0000, 0.0000
-0.1000,-0.1000, 0.0000, 0.0000, 0.0000
-0.1000,-0.1000, 0.0000, 0.0000, 0.0000
-0.1000,-0.1000, 0.0000, 0.0000, 0.0000
-0.1000,-0.1000, 0.0000, 0.0000, 0.0000
-0.1000,-0.1000, 0.0000, 0.0000, 0.0000
-0.1000,-0.1000, 0.0000, 0.0000, 0.0000
-0.1000,-0.1000, 0.0000, 0.0000, 0.0000
-0.1000,-0.1000, 0.0000, 0.0000, 0.0000
-0.1000,-0.1000, 0.0000, 0.0000, 0.0000
-0.1000,-0.1000, 0.0000, 0.0000, 0.0000
-0.1000,-0.1000, 0.0000, 0.0000, 0.0000
-0.1000,-0.1000, 0.0000, 0.0000, 0.0000
-0.1000,-0.1000, 0.0000, 0.0000, 0.0000
-0.1000,-0.1000, 0.0000, 0.0000, 0.0000
-0.1000,-0.1000, 0.0000, 0.0000, 0.0000
-0.1000,-0.1000, 0.0000, 0.0000, 0.0000
-0.1000,-0.1000, 0.0000, 0.0000, 0.0000
-0.1000,-0.1000, 0.0000, 0.0000, 0.0000
-0.1000,-0.1000, 0.0000, 0.0000, 0.0000
-0.1000,-0.1000, 0.0000, 0.0000, 0.0000
-0.1000,-0.1000, 0.0000, 0.0000, 0.0000
-0.1000,-0.1000, 0.0000, 0.0000, 0.0000
-0.1000,-0.1000, 0.0000, 0.0000, 0.0000
-0.1000,-0.1000, 0.0000, 0.0000, 0.0000
-0.1000,-0.1000, 0.0000, 0.0000, 0.0000
-0.1000,-0.1000, 0.0000, 0.0000, 0.0000
-0.1000,-0.1000, 0.0000, 0.0000, 0.0000
-0.1000,-0.1000, 0.0000, 0.0000, 0.0000
-0.1000,-0.1000, 0.0000, 0.0000, 0.0000
-0.1000,-0.1000, 0.0000, 0.0000, 0.0000
-0.1000,-0.1000, 0.0000, 0.0000, 0.0000
-0.1000,-0.1000, 0.0000, 0.0000, 0.0000
-0.1000,-0.1000, 0.0000, 0.0000, 0.0000
-0.1000,-0.1000, 0.0000, 0.0000, 0.0000
-0.1000,-0.1000, 0.0000, 0.0000, 0.0000
-0.1000,-0.1000, 0.0000, 0.0000, 0.0000
-0.1000,-0.1000, 0.0000, 0.0000, 0.0000
-0.1000,-0.1000, 0.0000, 0.0000, 0.0000
-0.1000,-0.1000, 0.0000, 0.0000, 0.0000
-0.1000,-0.1000, 0.0000, 0.0000, 0.0000
-0.1000,-0.1000, 0.0000, 0.0000, 0.0000
-0.1000,-0.1000, 0.0000, 0.0000, 0.0000
-0.1000,-0.1000, 0.0000, 0.0000, 0.0000
-0.1000,-0.1000, 0.0000, 0.0000, 0.0000
-0.1000,-0.1000, 0.0000, 0.0000, 0.0000
-0.1000,-0.1000, 0.0000, 0.0000, 0.0000
-0.1000,-0.1000, 0.0000, 0.0000, 0.0000
-0.1000,-0.1000, 0.0000, 0.0000, 0.0000
-0.1000,-0.1000, 0.0000, 0.0000, 0.0000
-0.1000,-0.1000, 0.0000, 0.0000, 0.0000
-0.1000,-0.1000, 0.0000, 0.0000, 0.0000
-0.1000,-0.1000, 0.0000, 0.0000, 0.0000
-0.1000,-0.1000, 0.0000, 0.0000, 0.0000
-0.1000,-0.1000, 0.0000, 0.0000, 0.0000
-0.1000,-0.1000, 0.0000, 0.0000, 0.0000
-0.1000,-0.1000, 0.0000, 0.0000, 0.0000
-0.1000,-0.1000, 0.0000, 0.0000, 0.0000
-0.1000,-0.1000, 0.0000, 0.0000, 0.0000
-0.1000,-0.1000, 0.0000, 0.0000, 0.0000
-0.1000,-0.1000, 0.0000, 0.0000, 0.0000
-0.1000,-0.1000, 0.0000, 0.0000, 0.0000
-0.1000,-0.1000, 0.0000, 0.0000, 0.0000
-0.1000,-0.1000, 0.0000, 0.0000, 0.0000
-0.1000,-0.1000, 0.0000, 0.0000, 0.0000
-0.1000,-0.1000, 0.0000, 0.0000, 0.0000
-0.1000,-0.1000, 0.0000, 0.0000, 0.0000
-0.1000,-0.1000, 0.0000, 0.0000, 0.0000
-0.1000,-0.1000, 0.0000, 0.0000, 0.0000
-0.1000,-0.1000, 0.0000, 0.0000, 0.0000
-0.1000,-0.1000, 0.0000, 0.0000, 0.0000
-0.1000,-0.1000, 0.0000, 0.0000, 0.0000
-0.1000,-0.1000, 0.0000, 0.0000, 0.0000
-0.1000,-0.1000, 0.0000, 0.0000, 0.0000
-0.1000,-0.1000, 0.0000, 0.0000, 0.0000
-0.1000,-0.1000, 0.0000, 0.0000, 0.0000
-0.1000,-0.1000, 0.0000, 0.0000, 0.0000
-0.1000,-0.1000, 0.0000, 0.0000, 0.0000
-0.1000,-0.1000, 0.0000, 0.0000, 0.0000
-0.1000,-0.1000, 0.0000, 0.0000, 0.0000
-0.1000,-0.1000, 0.0000, 0.0000, 0.0000
-0.1000,-0.1000, 0.0000, 0.0000, 0.0000
-0.1000,-0.1000, 0.0000, 0.0000, 0.0000
-0.1000,-0.1000, 0.0000, 0.0000, 0.0000
-0.1000,-0.1000, 0.0000, 0.0000, 0.0000
-0.1000,-0.1000, 0.0000, 0.0000, 0.0000
-0.1000,-0.1000, 0.0000, 0.0000, 0.0000
-0.1000,-0.1000, 0.0000, 0.0000, 0.0000
-0.1000,-0.1000, 0.0000, 0.0000, 0.0000
-0.1000,-0.1000, 0.0000, 0.0000, 0.0000
-0.1000,-0.1000, 0.0000, 0.0000, 0.0000
-0.1000,-0.1000, 0.0000, 0.0000, 0.0000
-0.1000,-0.1000, 0.0000, 0.0000, 0.0000
-0.1000,-0.1000, 0.0000, 0.0000, 0.0000
-0.1000,-0.1000, 0.0000, 0.0000, 0.0000
-0.1000,-0.1000, 0.0000, 0.0000, 0.0000
-0.1000,-0.1000, 0.0000, 0.0000, 0.0000
-0.1000,-0.1000, 0.0000, 0.0000, 0.0000
-0.1000,-0.1000, 0.0000, 0.0000, 0.0000
-0.1000,-0.1000, 0.0000, 0.0000, 0.0000
-0.1000,-0.1000, 0.0000, 0.0000, 0.0000
-0.1000,-0.1000, 0.0000, 0.0000, 0.0000
-0.1000,-0.1000, 0.0000, 0.0000, 0.0000
-0.1000,-0.1000, 0.0000, 0.0000, 0.0000
-0.1000,-0.1000, 0.0000, 0.0000, 0.0000
-0.1000,-0.1000, 0.0000, 0.0000, 0.0000
-0.1000,-0.1000, 0.0000, 0.0000, 0.0000
-0.1000,-0.1000, 0.0000, 0.0000, 0.0000
-0.1000,-0.1000, 0.0000, 0.0000, 0.0000
-0.1000,-0.1000, 0.0000, 0.0000, 0.0000
-0.1000,-0.1000, 0.0000, 0.0000, 0.0000
-0.1000,-0.1000, 0.0000, 0.0000, 0.0000
-0.1000,-0.1000, 0.0000, 0.0000, 0.0000
-0.1000,-0.1000, 0.0000, 0.0000, 0.0000
-0.1000,-0.1000, 0.0000, 0.0000, 0.0000
-0.1000,-0.1000, 0.0000, 0.0000, 0.0000
-0.1000,-0.1000, 0.0000, 0.0000, 0.0000
-0.1000,-0.1000, 0.0000, 0.0000, 0.0000
-0.1000,-0.1000, 0.0000, 0.0000, 0.0000
-0.1000,-0.1000, 0.0000, 0.0000, 0.0000
-0.1000,-0.1000, 0.0000, 0.0000, 0.0000
-0.1000,-0.1000, 0.0000, 0.0000, 0.0000
-0.1000,-0.1000, 0.0000, 0.0000, 0.0000
-0.1000,-0.1000, 0.0000, 0.0000, 0.0000
-0.1000,-0.1000, 0.0000, 0.0000, 0.0000
-0.1000,-0.1000, 0.0000, 0.0000, 0.0000
-0.1000,-0.1000, 0.0000, 0.0000, 0.0000
-0.1000,-0.1000, 0.0000, 0.0000, 0.0000
-0.1000,-0.1000, 0.0000, 0.0000, 0.0000
-0.1000,-0.1000, 0.0000, 0.0000, 0.0000
-0.1000,-0.1000, 0.0000, 0.0000, 0.0000
-0.1000,-0.1000, 0.0000, 0.0000, 0.0000
-0.1000,-0.1000, 0.0000, 0.0000, 0.0000
-0.1000,-0.1000, 0.0000, 0.0000, 0.0000
-0.1000,-0.1000, 0.0000, 0.0000, 0.0000
-0.1000,-0.1000, 0.0000, 0.0000, 0.0000
-0.1000,-0.1000, 0.0000, 0.0000, 0.0000
-0.1000,-0.1000, 0.0000, 0.0000, 0.0000
-0.1000,-0.1000, 0.0000, 0.0000, 0.0000
-0.1000,-0.1000, 0.0000, 0.0000, 0.0000
-0.1000,-0.1000, 0.0000, 0.0000, 0.0000
-0.1000,-0.1000, 0.0000, 0.0000, 0.0000
-0.1000,-0.1000, 0.0000, 0.0000, 0.0000
-0.1000,-0.1000, 0.0000, 0.0000, 0.0000
-0.1000,-0.1000, 0.0000, 0.0000, 0.0000
-0.1000,-0.1000, 0.0000, 0.0000, 0.0000
-0.1000,-0.1000, 0.0000, 0.0000, 0.0000
-0.1000,-0.1000, 0.0000, 0.0000, 0.0000
-0.1000,-0.1000, 0.0000, 0.0000, 0.0000
-0.1000,-0.1000, 0.0000, 0.0000, 0.0000
-0.1000,-0.1000, 0.0000, 0.0000, 0.0000
-0.1000,-0.1000, 0.0000, 0.0000, 0.0000
-0.1000,-0.1000, 0.0000, 0.0000, 0.0000
-0.1000,-0.1000, 0.0000, 0.0000, 0.0000
-0.1000,-0.1000, 0.0000, 0.0000, 0.0000
-0.1000,-0.1000, 0.0000, 0.0000, 0.0000
-0.1000,-0.1000, 0.0000, 0.0000, 0.0000
-0.1000,-0.1000, 0.0000, 0.0000, 0.0000
-0.1000,-0.1000, 0.0000, 0.0000, 0.0000
-0.1000,-0.1000, 0.0000, 0.0000, 0.0000
-0.1000,-0.1000, 0.0000, 0.0000, 0.0000
-0.1000,-0.1000, 0.0000, 0.0000, 0.0000
-0.1000,-0.1000, 0.0000, 0.0000, 0.0000
-0.1000,-0.1000, 0.0000, 0.0000, 0.0000
-0.1000,-0.1000, 0.0000, 0.0000, 0.0000
-0.1000,-0.1000, 0.0000, 0.0000, 0.0000
-0.1000,-0.1000, 0.0000, 0.0000, 0.0000
-0.1000,-0.1000, 0.0000, 0.0000, 0.0000
-0.1000,-0.1000, 0.0000, 0.0000, 0.0000
-0.1000,-0.1000, 0.0000, 0.0000, 0.0000
-0.1000,-0.1000, 0.0000, 0.0000, 0.0000
-0.1000,-0.1000, 0.0000, 0.0000, 0.0000
-0.1000,-0.1000, 0.0000, 0.0000, 0.0000
-0.1000,-0.1000, 0.0000, 0.0000, 0.0000
-0.1000,-0.1000, 0.0000, 0.0000, 0.0000
-0.1000,-0.1000, 0.0000, 0.0000, 0.0000
-0.1000,-0.1000, 0.0000, 0.0000, 0.0000
-0.1000,-0.1000, 0.0000, 0.0000, 0.0000
-0.1000,-0.1000, 0.0000, 0.0000, 0.0000
-0.1000,-0.1000, 0.0000, 0.0000, 0.0000
-0.1000,-0.1000, 0.0000, 0.0000, 0.0000
-0.1000,-0.1000, 0.0000, 0.0000, 0.0000
-0.1000,-0.1000, 0.0000, 0.0000, 0.0000
-0.1000,-0.1000, 0.0000, 0.0000, 0.0000
-0.1000,-0.1000, 0.0000, 0.0000, 0.0000
-0.1000,-0.1000, 0.0000, 0.0000, 0.0000
-0.1000,-0.1000, 0.0000, 0.0000, 0.0000
-0.1000,-0.1000, 0.0000, 0.0000, 0.0000
-0.1000,-0.1000, 0.0000, 0.0000, 0.0000
-0.1000,-0.1000, 0.0000, 0.0000, 0.0000
-0.1000,-0.1000, 0.0000, 0.0000, 0.0000
-0.1000,-0.1000, 0.0000, 0.0000, 0.0000
-0.1000,-0.1000, 0.0000, 0.0000, 0.0000
-0.1000,-0.1000, 0.0000, 0.0000, 0.0000
-0.1000,-0.1000, 0.0000, 0.0000, 0.0000
-0.1000,-0.1000, 0.0000, 0.0000, 0.0000
-0.1000,-0.1000, 0.0000, 0.0000, 0.0000
-0.1000,-0.1000, 0.0000, 0.0000, 0.0000
-0.1000,-0.1000, 0.0000, 0.0000, 0.0000
-0.1000,-0.1000, 0.0000, 0.0000, 0.0000
-0.1000,-0.1000, 0.0000, 0.0000, 0.0000
-0.1000,-0.1000, 0.0000, 0.0000, 0.0000
-0.1000,-0.1000, 0.0000, 0.0000, 0.0000
-0.1000,-0.1000, 0.0000, 0.0000, 0.0000
-0.1000,-0.1000, 0.0000, 0.0000, 0.0000
-0.1000,-0.1000, 0.0000, 0.0000, 0.0000
-0.1000,-0.1000, 0.0000, 0.0000, 0.0000
-0.1000,-0.1000, 0.0000, 0.0000, 0.0000
-0.1000,-0.1000, 0.0000, 0.0000, 0.0000
-0.1000,-0.1000, 0.0000, 0.0000, 0.0000
-0.1000,-0.1000, 0.0000, 0.0000, 0.0000
-0.1000,-0.1000, 0.0000, 0.0000, 0.0000
-0.1000,-0.1000, 0.0000, 0.0000, 0.0000
-0.1000,-0.1000, 0.0000, 0.0000, 0.0000
-0.1000,-0.1000, 0.0000, 0.0000, 0.0000
-0.1000,-0.1000, 0.0000, 0.0000, 0.0000
-0.1000,-0.1000, 0.0000, 0.0000, 0.0000
-0.1000,-0.1000, 0.0000, 0.0000, 0.0000
-0.1000,-0.1000, 0.0000, 0.0000, 0.0000
-0.1000,-0.1000, 0.0000, 0.0000, 0.0000
-0.1000,-0.1000, 0.0000, 0.0000, 0.0000
-0.1000,-0.1000, 0.0000, 0.0000, 0.0000
-0.1000,-0.1000, 0.0000, 0.0000, 0.0000
-0.1000,-0.1000, 0.0000, 0.0000, 0.0000
-0.1000,-0.1000, 0.0000, 0.0000, 0.0000
-0.1000,-0.1000, 0.0000, 0.0000, 0.0000
-0.1000,-0.1000, 0.0000, 0.0000, 0.0000
-0.1000,-0.1000, 0.0000, 0.0000, 0.0000
-0.1000,-0.1000, 0.0000, 0.0000, 0.0000
-0.1000,-0.1000, 0.0000, 0.0000, 0.0000
-0.1000,-0.1000, 0.0000, 0.0000, 0.0000
-0.1000,-0.1000, 0.0000, 0.0000, 0.0000
-0.1000,-0.1000, 0.0000, 0.0000, 0.0000
-0.1000,-0.1000, 0.0000, 0.0000, 0.0000
-0.1000,-0.1000, 0.0000, 0.0000, 0.0000
-0.1000,-0.1000, 0.0000, 0.0000, 0.0000
-0.1000,-0.1000, 0.0000, 0.0000, 0.0000
-0.1000,-0.1000, 0.0000, 0.0000, 0.0000
-0.1000,-0.1000, 0.0000, 0.0000, 0.0000
-0.1000,-0.1000, 0.0000, 0.0000, 0.0000
-0.1000,-0.1000, 0.0000, 0.0000, 0.0000
-0.1000,-0.1000, 0.0000, 0.0000, 0.0000
-0.1000,-0.1000, 0.0000, 0.0000, 0.0000
-0.1000,-0.1000, 0.0000, 0.0000, 0.0000
-0.1000,-0.1000, 0.0000, 0.0000, 0.0000
-0.1000,-0.1000, 0.0000, 0.0000, 0.0000
-0.1000,-0.1000, 0.0000, 0.0000, 0.0000
-0.1000,-0.1000, 0.0000, 0.0000, 0.0000
-0.1000,-0.1000, 0.0000, 0.0000, 0.0000
-0.1000,-0.1000, 0.0000, 0.0000, 0.0000
-0.1000,-0.1000, 0.0000, 0.0000, 0.0000
-0.1000,-0.1000, 0.0000, 0.0000, 0.0000
-0.1000,-0.1000, 0.0000, 0.0000, 0.0000
-0.1000,-0.1000, 0.0000, 0.0000, 0.0000
-0.1000,-0.1000, 0.0000, 0.0000, 0.0000
-0.1000,-0.1000, 0.0000, 0.0000, 0.0000
-0.1000,-0.1000, 0.0000, 0.0000, 0.0000
-0.1000,-0.1000, 0.0000, 0.0000, 0.0000
-0.1000,-0.1000, 0.0000, 0.0000, 0.0000
-0.1000,-0.1000, 0.0000, 0.0000, 0.0000
-0.1000,-0.1000, 0.0000, 0.0000, 0.0000
-0.1000,-0.1000, 0.0000, 0.0000, 0.0000
-0.1000,-0.1000, 0.0000, 0.0000, 0.0000
-0.1000,-0.1000, 0.0000, 0.0000, 0.0000
-0.1000,-0.1000, 0.0000, 0.0000, 0.0000
-0.1000,-0.1000, 0.0000, 0.0000, 0.0000
-0.1000,-0.1000, 0.0000, 0.0000, 0.0000
-0.1000,-0.1000, 0.0000, 0.0000, 0.0000
-0.1000,-0.1000, 0.0000, 0.0000, 0.0000
-0.1000,-0.1000, 0.0000, 0.0000, 0.0000
-0.1000,-0.1000, 0.0000, 0.0000, 0.0000
-0.1000,-0.1000, 0.0000, 0.0000, 0.0000
-0.1000,-0.1000, 0.0000, 0.0000, 0.0000
-0.1000,-0.1000, 0.0000, 0.0000, 0.0000
-0.1000,-0.1000, 0.0000, 0.0000, 0.0000
-0.1000,-0.1000, 0.0000, 0.0000, 0.0000
-0.1000,-0.1000, 0.0000, 0.0000, 0.0000
-0.1000,-0.1000, 0.0000, 0.0000, 0.0000
-0.1000,-0.1000, 0.0000, 0.0000, 0.0000
-0.1000,-0.1000, 0.0000, 0.0000, 0.0000
-0.1000,-0.1000, 0.0000, 0.0000, 0.0000
-0.1000,-0.1000, 0.0000, 0.0000, 0.0000
-0.1000,-0.1000, 0.0000, 0.0000, 0.0000
-0.1000,-0.1000, 0.0000, 0.0000, 0.0000
-0.1000,-0.1000, 0.0000, 0.0000, 0.0000
-0.1000,-0.1000, 0.0000, 0.0000, 0.0000
-0.1000,-0.1000, 0.0000, 0.0000, 0.0000
-0.1000,-0.1000, 0.0000, 0.0000, 0.0000
-0.1000,-0.1000, 0.0000, 0.0000, 0.0000
-0.1000,-0.1000, 0.0000, 0.0000, 0.0000
-0.1000,-0.1000, 0.0000, 0.0000, 0.0000
-0.1000,-0.1000, 0.0000, 0.0000, 0.0000
-0.1000,-0.1000, 0.0000, 0.0000, 0.0000
-0.1000,-0.1000, 0.0000, 0.0000, 0.0000
-0.1000,-0.1000, 0.0000, 0.0000, 0.0000
-0.1000,-0.1000, 0.0000, 0.0000, 0.0000
-0.1000,-0.1000, 0.0000, 0.0000, 0.0000
-0.1000,-0.1000, 0.0000, 0.0000, 0.0000
-0.1000,-0.1000, 0.0000, 0.0000, 0.0000
-0.1000,-0.1000, 0.0000, 0.0000, 0.0000
-0.1000,-0.1000, 0.0000, 0.0000, 0.0000
-0.1000,-0.1000, 0.0000, 0.0000, 0.0000
-0.1000,-0.1000, 0.0000, 0.0000, 0.0000
-0.1000,-0.1000, 0.0000, 0.0000, 0.0000
-0.1000,-0.1000, 0.0000, 0.0000, 0.0000
-0.1000,-0.1000, 0.0000, 0.0000, 0.0000
-0.1000,-0.1000, 0.0000, 0.0000, 0.0000
-0.1000,-0.1000, 0.0000, 0.0000, 0.0000
-0.1000,-0.1000, 0.0000, 0.0000, 0.0000
-0.1000,-0.1000, 0.0000, 0.0000, 0.0000
-0.1000,-0.1000, 0.0000, 0.0000, 0.0000
-0.1000,-0.1000, 0.0000, 0.0000, 0.0000
-0.1000,-0.1000, 0.0000, 0.0000, 0.0000
-0.1000,-0.1000, 0.0000, 0.0000, 0.0000
-0.1000,-0.1000, 0.0000, 0.0000, 0.0000
-0.1000,-0.1000, 0.0000, 0.0000, 0.0000
-0.1000,-0.1000, 0.0000, 0.0000, 0.0000
-0.1000,-0.1000, 0.0000, 0.0000, 0.0000
-0.1000,-0.1000, 0.0000, 0.0000, 0.0000
-0.1000,-0.1000, 0.0000, 0.0000, 0.0000
-0.1000,-0.1000, 0.0000, 0.0000, 0.0000
-0.1000,-0.1000, 0.0000, 0.0000, 0.0000
-0.1000,-0.1000, 0.0000, 0.0000, 0.0000
-0.1000,-0.1000, 0.0000, 0.0000, 0.0000
-0.1000,-0.1000, 0.0000, 0.0000, 0.0000
-0.1000,-0.1000, 0.0000, 0.0000, 0.0000
-0.1000,-0.1000, 0.0000, 0.0000, 0.0000
-0.1000,-0.1000, 0.0000, 0.0000, 0.0000
-0.1000,-0.1000, 0.0000, 0.0000, 0.0000
-0.1000,-0.1000, 0.0000, 0.0000, 0.0000
-0.1000,-0.1000, 0.0000, 0.0000, 0.0000
-0.1000,-0.1000, 0.0000, 0.0000, 0.0000
-0.1000,-0.1000, 0.0000, 0.0000, 0.0000
-0.1000,-0.1000, 0.0000, 0.0000, 0.0000
-0.1000,-0.1000, 0.0000, 0.0000, 0.0000
-0.1000,-0.1000, 0.0000, 0.0000, 0.0000
-0.1000,-0.1000, 0.0000, 0.0000, 0.0000
-0.1000,-0.1000, 0.0000, 0.0000, 0.0000
-0.1000,-0.1000, 0.0000, 0.0000, 0.0000
-0.1000,-0.1000, 0.0000, 0.0000, 0.0000
-0.1000,-0.1000, 0.0000, 0.0000, 0.0000
-0.1000,-0.1000, 0.0000, 0.0000, 0.0000
-0.1000,-0.1000, 0.0000, 0.0000, 0.0000
-0.1000,-0.1000, 0.0000, 0.0000, 0.0000
-0.1000,-0.1000, 0.0000, 0.0000, 0.0000
-0.1000,-0.1000, 0.0000, 0.0000, 0.0000
-0.1000,-0.1000, 0.0000, 0.0000, 0.0000
-0.1000,-0.1000, 0.0000, 0.0000, 0.0000
-0.1000,-0.1000, 0.0000, 0.0000, 0.0000
-0.1000,-0.1000, 0.0000, 0.0000, 0.0000
-0.1000,-0.1000, 0.0000, 0.0000, 0.0000
-0.1000,-0.1000, 0.0000, 0.0000, 0.0000
-0.1000,-0.1000, 0.0000, 0.0000, 0.0000
-0.1000,-0.1000, 0.0000, 0.0000, 0.0000
-0.1000,-0.1000, 0.0000, 0.0000, 0.0000
-0.1000,-0.1000, 0.0000, 0.0000, 0.0000
-0.1000,-0.1000, 0.0000, 0.0000, 0.0000
-0.1000,-0.1000, 0.0000, 0.0000, 0.0000
-0.1000,-0.1000, 0.0000, 0.0000, 0.0000
-0.1000,-0.1000, 0.0000, 0.0000, 0.0000
-0.1000,-0.1000, 0.0000, 0.0000, 0.0000
-0.1000,-0.1000, 0.0000, 0.0000, 0.0000
-0.1000,-0.1000, 0.0000, 0.0000, 0.0000
-0.1000,-0.1000, 0.0000, 0.0000, 0.0000
-0.1000,-0.1000, 0.0000, 0.0000, 0.0000
-0.1000,-0.1000, 0.0000, 0.0000, 0.0000
-0.1000,-0.1000, 0.0000, 0.0000, 0.0000
-0.1000,-0.1000, 0.0000, 0.0000, 0.0000
-0.1000,-0.1000, 0.0000, 0.0000, 0.0000
-0.1000,-0.1000, 0.0000, 0.0000, 0.0000
-0.1000,-0.1000, 0.0000, 0.0000, 0.0000
-0.1000,-0.1000, 0.0000, 0.0000, 0.0000
-0.1000,-0.1000, 0.0000, 0.0000, 0.0000
-0.1000,-0.1000, 0.0000, 0.0000, 0.0000
-0.1000,-0.1000, 0.0000, 0.0000, 0.0000
-0.1000,-0.1000, 0.0000, 0.0000, 0.0000
-0.1000,-0.1000, 0.0000, 0.0000, 0.0000
-0.1000,-0.1000, 0.0000, 0.0000, 0.0000
-0.1000,-0.1000, 0.0000, 0.0000, 0.0000
-0.1000,-0.1000, 0.0000, 0.0000, 0.0000
-0.1000,-0.1000, 0.0000, 0.0000, 0.0000
-0.1000,-0.1000, 0.0000, 0.0000, 0.0000
-0.1000,-0.1000, 0.0000, 0.0000, 0.0000
-0.1000,-0.1000, 0.0000, 0.0000, 0.0000
-0.1000,-0.1000, 0.0000, 0.0000, 0.0000
-0.1000,-0.1000, 0.0000, 0.0000, 0.0000
-0.1000,-0.1000, 0.0000, 0.0000, 0.0000
-0.1000,-0.1000, 0.0000, 0.0000, 0.0000
-0.1000,-0.1000, 0.0000, 0.0000, 0.0000
-0.1000,-0.1000, 0.0000, 0.0000, 0.0000
-0.1000,-0.1000, 0.0000, 0.0000, 0.0000
-0.1000,-0.1000, 0.0000, 0.0000, 0.0000
-0.1000,-0.1000, 0.0000, 0.0000, 0.0000
-0.1000,-0.1000, 0.0000, 0.0000, 0.0000
-0.1000,-0.1000, 0.0000, 0.0000, 0.0000
-0.1000,-0.1000, 0.0000, 0.0000, 0.0000
-0.1000,-0.1000, 0.0000, 0.0000, 0.0000
-0.1000,-0.1000, 0.0000, 0.0000, 0.0000
-0.1000,-0.1000, 0.0000, 0.0000, 0.0000
-0.1000,-0.1000, 0.0000, 0.0000, 0.0000
-0.1000,-0.1000, 0.0000, 0.0000, 0.0000
-0.1000,-0.1000, 0.0000, 0.0000, 0.0000
-0.1000,-0.1000, 0.0000, 0.0000, 0.0000
-0.1000,-0.1000, 0.0000, 0.0000, 0.0000
-0.1000,-0.1000, 0.0000, 0.0000, 0.0000
-0.1000,-0.1000, 0.0000, 0.0000, 0.0000
-0.1000,-0.1000, 0.0000, 0.0000, 0.0000
-0.1000,-0.1000, 0.0000, 0.0000, 0.0000
-0.1000,-0.1000, 0.0000, 0.0000, 0.0000
-0.1000,-0.1000, 0.0000, 0.0000, 0.0000
-0.1000,-0.1000, 0.0000, 0.0000, 0.0000
-0.1000,-0.1000, 0.0000, 0.0000, 0.0000
-0.1000,-0.1000, 0.0000, 0.0000, 0.0000
-0.1000,-0.1000, 0.0000, 0.0000, 0.0000
-0.1000,-0.1000, 0.0000, 0.0000, 0.0000
-0.1000,-0.1000, 0.0000, 0.0000, 0.0000
-0.1000,-0.1000, 0.0000, 0.0000, 0.0000
-0.1000,-0.1000, 0.0000, 0.0000, 0.0000
-0.1000,-0.1000, 0.0000, 0.0000, 0.0000
-0.1000,-0.1000, 0.0000, 0.0000, 0.0000
-0.1000,-0.1000, 0.0000, 0.0000, 0.0000
-0.1000,-0.1000, 0.0000, 0.0000, 0.0000
-0.1000,-0.1000, 0.0000, 0.0000, 0.0000
-0.1000,-0.1000, 0.0000, 0.0000, 0.0000
-0.1000,-0.1000, 0.0000, 0.0000, 0.0000
-0.1000,-0.1000, 0.0000, 0.0000, 0.0000
-0.1000,-0.1000, 0.0000, 0.0000, 0.0000
-0.1000,-0.1000, 0.0000, 0.0000, 0.0000
-0.1000,-0.1000, 0.0000, 0.0000, 0.0000
-0.1000,-0.1000, 0.0000, 0.0000, 0.0000
-0.1000,-0.1000, 0.0000, 0.0000, 0.0000
-0.1000,-0.1000, 0.0000, 0.0000, 0.0000
-0.1000,-0.1000, 0.0000, 0.0000, 0.0000
-0.1000,-0.1000, 0.0000, 0.0000, 0.0000
-0.1000,-0.1000, 0.0000, 0.0000, 0.0000
-0.1000,-0.1000, 0.0000, 0.0000, 0.0000
-0.1000,-0.1000, 0.0000, 0.0000, 0.0000
-0.1000,-0.1000, 0.0000, 0.0000, 0.0000
-0.1000,-0.1000, 0.0000, 0.0000, 0.0000
-0.1000,-0.1000, 0.0000, 0.0000, 0.0000
-0.1000,-0.1000, 0.0000, 0.0000, 0.0000
-0.1000,-0.1000, 0.0000, 0.0000, 0.0000
-0.1000,-0.1000, 0.0000, 0.0000, 0.0000
-0.1000,-0.1000, 0.0000, 0.0000, 0.0000
-0.1000,-0.1000, 0.0000, 0.0000, 0.0000
-0.1000,-0.1000, 0.0000, 0.0000, 0.0000
-0.1000,-0.1000, 0.0000, 0.0000, 0.0000
-0.1000,-0.1000, 0.0000, 0.0000, 0.0000
-0.1000,-0.1000, 0.0000, 0.0000, 0.0000
-0.1000,-0.1000, 0.0000, 0.0000, 0.0000
-0.1000,-0.1000, 0.0000, 0.0000, 0.0000
-0.1000,-0.1000, 0.0000, 0.0000, 0.0000
-0.1000,-0.1000, 0.0000, 0.0000, 0.0000
-0.1000,-0.1000, 0.0000, 0.0000, 0.0000
-0.1000,-0.1000, 0.0000, 0.0000, 0.0000
-0.1000,-0.1000, 0.0000, 0.0000, 0.0000
-0.1000,-0.1000, 0.0000, 0.0000, 0.0000
-0.1000,-0.1000, 0.0000, 0.0000, 0.0000
-0.1000,-0.1000, 0.0000, 0.0000, 0.0000
-0.1000,-0.1000, 0.0000, 0.0000, 0.0000
-0.1000,-0.1000, 0.0000, 0.0000, 0.0000
-0.1000,-0.1000, 0.0000, 0.0000, 0.0000
-0.1000,-0.1000, 0.0000, 0.0000, 0.0000
-0.1000,-0.1000, 0.0000, 0.0000, 0.0000
-0.1000,-0.1000, 0.0000, 0.0000, 0.0000
-0.1000,-0.1000, 0.0000, 0.0000, 0.0000
-0.1000,-0.1000, 0.0000, 0.0000, 0.0000
-0.1000,-0.1000, 0.0000, 0.0000, 0.0000
-0.1000,-0.1000, 0.0000, 0.0000, 0.0000
-0.1000,-0.1000, 0.0000, 0.0000, 0.0000
-0.1000,-0.1000, 0.0000, 0.0000, 0.0000
-0.1000,-0.1000, 0.0000, 0.0000, 0.0000
-0.1000,-0.1000, 0.0000, 0.0000, 0.0000
-0.1000,-0.1000, 0.0000, 0.0000, 0.0000
-0.1000,-0.1000, 0.0000, 0.0000, 0.0000
-0.1000,-0.1000, 0.0000, 0.0000, 0.0000
-0.1000,-0.1000, 0.0000, 0.0000, 0.0000
-0.1000,-0.1000, 0.0000, 0.0000, 0.0000
-0.1000,-0.1000, 0.0000, 0.0000, 0.0000
-0.1000,-0.1000, 0.0000, 0.0000, 0.0000
-0.1000,-0.1000, 0.0000, 0.0000, 0.0000
-0.1000,-0.1000, 0.0000, 0.0000, 0.0000
-0.1000,-0.1000, 0.0000, 0.0000, 0.0000
-0.1000,-0.1000, 0.0000, 0.0000, 0.0000
-0.1000,-0.1000, 0.0000, 0.0000, 0.0000
-0.1000,-0.1000, 0.0000, 0.0000, 0.0000
-0.1000,-0.1000, 0.0000, 0.0000, 0.0000
-0.1000,-0.1000, 0.0000, 0.0000, 0.0000
-0.1000,-0.1000, 0.0000, 0.0000, 0.0000
-0.1000,-0.1000, 0.0000, 0.0000, 0.0000
-0.1000,-0.1000, 0.0000, 0.0000, 0.0000
-0.1000,-0.1000, 0.0000, 0.0000, 0.0000
-0.1000,-0.1000, 0.0000, 0.0000, 0.0000
-0.1000,-0.1000, 0.0000, 0.0000, 0.0000
-0.1000,-0.1000, 0.0000, 0.0000, 0.0000
-0.1000,-0.1000, 0.0000, 0.0000, 0.0000
-0.1000,-0.1000, 0.0000, 0.0000, 0.0000
-0.1000,-0.1000, 0.0000, 0.0000, 0.0000
-0.1000,-0.1000, 0.0000, 0.0000, 0.0000
-0.1000,-0.1000, 0.0000, 0.0000, 0.0000
-0.1000,-0.1000, 0.0000, 0.0000, 0.0000
-0.1000,-0.1000, 0.0000, 0.0000, 0.0000
-0.1000,-0.1000, 0.0000, 0.0000, 0.0000
-0.1000,-0.1000, 0.0000, 0.0000, 0.0000
-0.1000,-0.1000, 0.0000, 0.0000, 0.0000
-0.1000,-0.1000, 0.0000, 0.0000, 0.0000
-0.1000,-0.1000, 0.0000, 0.0000, 0.0000
-0.1000,-0.1000, 0.0000, 0.0000, 0.0000
-0.1000,-0.1000, 0.0000, 0.0000, 0.0000
-0.1000,-0.1000, 0.0000, 0.0000, 0.0000
-0.1000,-0.1000, 0.0000, 0.0000, 0.0000
-0.1000,-0.1000, 0.0000, 0.0000, 0.0000
-0.1000,-0.1000, 0.0000, 0.0000, 0.0000
-0.1000,-0.1000, 0.0000, 0.0000, 0.0000
-0.1000,-0.1000, 0.0000, 0.0000, 0.0000
-0.1000,-0.1000, 0.0000, 0.0000, 0.0000
-0.1000,-0.1000, 0.0000, 0.0000, 0.0000
-0.1000,-0.1000, 0.0000, 0.0000, 0.0000
-0.1000,-0.1000, 0.0000, 0.0000, 0.0000
-0.1000,-0.1000, 0.0000, 0.0000, 0.0000
-0.1000,-0.1000, 0.0000, 0.0000, 0.0000
-0.1000,-0.1000, 0.0000, 0.0000, 0.0000
-0.1000,-0.1000, 0.0000, 0.0000, 0.0000
-0.1000,-0.1000, 0.0000, 0.0000, 0.0000
-0.1000,-0.1000, 0.0000, 0.0000, 0.0000
-0.1000,-0.1000, 0.0000, 0.0000, 0.0000
-0.1000,-0.1000, 0.0000, 0.0000, 0.0000
-0.1000,-0.1000, 0.0000, 0.0000, 0.0000
-0.1000,-0.1000, 0.0000, 0.0000, 0.0000
-0.1000,-0.1000, 0.0000, 0.0000, 0.0000
-0.1000,-0.1000, 0.0000, 0.0000, 0.0000
-0.1000,-0.1000, 0.0000, 0.0000, 0.0000
-0.1000,-0.1000, 0.0000, 0.0000, 0.0000
-0.1000,-0.1000, 0.0000, 0.0000, 0.0000
-0.1000,-0.1000, 0.0000, 0.0000, 0.0000
-0.1000,-0.1000, 0.0000, 0.0000, 0.0000
-0.1000,-0.1000, 0.0000, 0.0000, 0.0000
-0.1000,-0.1000, 0.0000, 0.0000, 0.0000
-0.1000,-0.1000, 0.0000, 0.0000, 0.0000
-0.1000,-0.1000, 0.0000, 0.0000, 0.0000
-0.1000,-0.1000, 0.0000, 0.0000, 0.0000
-0.1000,-0.1000, 0.0000, 0.0000, 0.0000
-0.1000,-0.1000, 0.0000, 0.0000, 0.0000
-0.1000,-0.1000, 0.0000, 0.0000, 0.0000
-0.1000,-0.1000, 0.0000, 0.0000, 0.0000
-0.1000,-0.1000, 0.0000, 0.0000, 0.0000
-0.1000,-0.1000, 0.0000, 0.0000, 0.0000
-0.1000,-0.1000, 0.0000, 0.0000, 0.0000
-0.1000,-0.1000, 0.0000, 0.0000, 0.0000
-0.1000,-0.1000, 0.0000, 0.0000, 0.0000
-0.1000,-0.1000, 0.0000, 0.0000, 0.0000
-0.1000,-0.1000, 0.0000, 0.0000, 0.0000
-0.1000,-0.1000, 0.0000, 0.0000, 0.0000
-0.1000,-0.1000, 0.0000, 0.0000, 0.0000
-0.1000,-0.1000, 0.0000, 0.0000, 0.0000
-0.1000,-0.1000, 0.0000, 0.0000, 0.0000
-0.1000,-0.1000, 0.0000, 0.0000, 0.0000
-0.1000,-0.1000, 0.0000, 0.0000, 0.0000
 0.0000,-0.1000, 0.0000, 8.0036, 13.9036
 0.0000,-0.0999, 0.0075, 7.9975, 11.0975
 0.0000,-0.0996, 0.0303, 7.9733, 13.8733
 0.0000,-0.0991, 0.0530, 7.9308, 11.0308
 0.0000,-0.0983, 0.0833, 7.8641, 13.7641
 0.0000,-0.0972, 0.1061, 7.7792, 10.8792
 0.0000,-0.0959, 0.1288, 7.6762, 13.5762
 0.0000,-0.0942, 0.1667, 7.5428, 10.6428
 0.0000,-0.0923, 0.1894, 7.3912, 13.2912
 0.0000,-0.0901, 0.2197, 7.2154, 10.3154
 0.0000,-0.0876, 0.2576, 7.0092, 12.9092
 0.0000,-0.0847, 0.2880, 6.7788, 9.8788
 0.0000,-0.0816, 0.3107, 6.5302, 12.4302
 0.0000,-0.0783, 0.3259, 6.2695, 9.3695
 0.0000,-0.0748, 0.3562, 5.9845, 11.8845
 0.0000,-0.0710, 0.3713, 5.6874, 8.7874
 0.0000,-0.0671, 0.3941, 5.3721, 11.2721
 0.0000,-0.0630, 0.4092, 5.0447, 8.1447
 0.0000,-0.0588, 0.4244, 4.7051, 10.6051
 0.0000,-0.0544, 0.4395, 4.3534, 7.4534
 0.0000,-0.0498, 0.4547, 3.9896, 9.8896
 0.0000,-0.0452, 0.4623, 3.6198, 6.7198
 0.0000,-0.0405, 0.4699, 3.2438, 9.1438
 0.0000,-0.0357, 0.4774, 2.8619, 5.9619
 0.0000,-0.0309, 0.4850, 2.4738, 8.3738
 0.0000,-0.0260, 0.4850, 2.0857, 5.1857
 0.0000,-0.0212, 0.4774, 1.7038, 7.6038
 0.0000,-0.0164, 0.4850, 1.3157, 4.4157
 0.0000,-0.0117, 0.4699, 0.9398, 6.8398
 0.0000,-0.0069, 0.4774, 0.5578, 3.6578
 0.0000,-0.0023, 0.4623, 0.1879, 6.0879
 0.0000, 0.0021, 0.4471,-0.1697,-6.0697
 0.0000, 0.0063, 0.4244,-0.5093,-3.6093
 0.0000, 0.0103, 0.4016,-0.8306,-6.7306
 0.0000, 0.0139, 0.3562,-1.1156,-4.2156
 0.0000, 0.0172, 0.3259,-1.3763,-7.2763
 0.0000, 0.0200, 0.2880,-1.6067,-4.7067
 0.0000, 0.0225, 0.2501,-1.8068,-7.7068
 0.0000, 0.0246, 0.2046,-1.9705,-5.0705
 0.0000, 0.0263, 0.1743,-2.1100,-8.0100
 0.0000, 0.0275, 0.1212,-2.2070,-5.3070
 0.0000, 0.0285, 0.0985,-2.2858,-8.1858
 0.0000, 0.0291, 0.0530,-2.3283,-5.4283
 0.0000, 0.0292, 0.0151,-2.3404,-8.2404
 0.0000, 0.0292, 0.0000,-2.3404,-5.4404
 0.0000, 0.0290,-0.0227,-2.3222,-8.2222
 0.0000, 0.0288,-0.0227,-2.3040,-5.4040
 0.0000, 0.0284,-0.0303,-2.2798,-8.1798
 0.0000, 0.0281,-0.0378,-2.2495,-5.3495
 0.0000, 0.0277,-0.0378,-2.2191,-8.1191
 0.0000, 0.0272,-0.0454,-2.1828,-5.2828
 0.0000, 0.0268,-0.0454,-2.1464,-8.0464
 0.0000, 0.0263,-0.0454,-2.1100,-5.2100
 0.0000, 0.0258,-0.0530,-2.0676,-7.9676
 0.0000, 0.0253,-0.0530,-2.0251,-5.1251
 0.0000, 0.0246,-0.0682,-1.9705,-7.8705
 0.0000, 0.0239,-0.0682,-1.9160,-5.0160
 0.0000, 0.0232,-0.0682,-1.8614,-7.7614
 0.0000, 0.0224,-0.0833,-1.7947,-4.8947
 0.0000, 0.0216,-0.0833,-1.7280,-7.6280
 0.0000, 0.0206,-0.0909,-1.6552,-4.7552
 0.0000, 0.0197,-0.0985,-1.5764,-7.4764
 0.0000, 0.0187,-0.0985,-1.4976,-4.5976
 0.0000, 0.0176,-0.1061,-1.4127,-7.3127
 0.0000, 0.0165,-0.1061,-1.3278,-4.4278
 0.0000, 0.0154,-0.1136,-1.2369,-7.1369
 0.0000, 0.0142,-0.1212,-1.1399,-4.2399
 0.0000, 0.0130,-0.1212,-1.0428,-6.9428
 0.0000, 0.0118,-0.1212,-0.9458,-4.0458
 0.0000, 0.0106,-0.1212,-0.8488,-6.7488
 0.0000, 0.0094,-0.1136,-0.7579,-3.8579
 0.0000, 0.0084,-0.1061,-0.6730,-6.5730
 0.0000, 0.0072,-0.1136,-0.5820,-3.6820
 0.0000, 0.0062,-0.0985,-0.5032,-6.4032
 0.0000, 0.0053,-0.0909,-0.4304,-3.5304
 0.0000, 0.0044,-0.0909,-0.3577,-6.2577
 0.0000, 0.0035,-0.0909,-0.2849,-3.3849
 0.0000, 0.0026,-0.0909,-0.2122,-6.1122
 0.0000, 0.0017,-0.0909,-0.1394,-3.2394
 0.0000, 0.0009,-0.0833,-0.0727,-5.9727
 0.0000, 0.0000,-0.0909, 0.0000, 0.0000
 0.0000,-0.0007,-0.0757, 0.0606, 5.9606
 0.0000,-0.0014,-0.0682, 0.1152, 3.2152
 0.0000,-0.0018,-0.0378, 0.1455, 6.0455
 0.0000,-0.0019,-0.0151, 0.1576, 3.2576
 0.0000,-0.0018, 0.0075, 0.1515, 6.0515
 0.0000,-0.0018, 0.0075, 0.1455, 3.2455
 0.0000,-0.0017, 0.0075, 0.1394, 6.0394
 0.0000,-0.0016, 0.0075, 0.1333, 3.2333
 0.0000,-0.0015, 0.0075, 0.1273, 6.0273
 0.0000,-0.0015, 0.0075, 0.1212, 3.2212
 0.0000,-0.0015, 0.0000, 0.1212, 6.0212
 0.0000,-0.0014, 0.0075, 0.1152, 3.2152
 0.0000,-0.0014, 0.0000, 0.1152, 6.0152
 0.0000,-0.0013, 0.0075, 0.1091, 3.2091
 0.0000,-0.0012, 0.0075, 0.1030, 6.0030
 0.0000,-0.0012, 0.0000, 0.1030, 3.2030
 0.0000,-0.0012, 0.0000, 0.1030, 6.0030
 0.0000,-0.0012, 0.0075, 0.0970, 3.1970
 0.0000,-0.0011, 0.0075, 0.0909, 5.9909
 0.0000,-0.0011, 0.0000, 0.0909, 3.1909
 0.0000,-0.0010, 0.0075, 0.0848, 5.9848
 0.0000,-0.0010, 0.0000, 0.0848, 3.1848
 0.0000,-0.0010, 0.0000, 0.0848, 5.9848
 0.0000,-0.0009, 0.0075, 0.0788, 3.1788
 0.0000,-0.0009, 0.0000, 0.0788, 5.9788
 0.0000,-0.0009, 0.0075, 0.0727, 3.1727
 0.0000,-0.0009, 0.0000, 0.0727, 5.9727
 0.0000,-0.0008, 0.0075, 0.0666, 3.1666
 0.0000,-0.0008, 0.0000, 0.0666, 5.9666
 0.0000,-0.0008, 0.0000, 0.0666, 3.1666
 0.0000,-0.0007, 0.0075, 0.0606, 5.9606
 0.0000,-0.0007, 0.0000, 0.0606, 3.1606
 0.0000,-0.0006, 0.0075, 0.0545, 5.9545
 0.0000,-0.0006, 0.0000, 0.0545, 3.1545
 0.0000,-0.0006, 0.0000, 0.0545, 5.9545
 0.0000,-0.0006, 0.0075, 0.0485, 3.1485
 0.0000,-0.0006, 0.0000, 0.0485, 5.9485
 0.0000,-0.0006, 0.0000, 0.0485, 3.1485
 0.0000,-0.0005, 0.0075, 0.0424, 5.9424
 0.0000,-0.0005, 0.0000, 0.0424, 3.1424
 0.0000,-0.0004, 0.0075, 0.0363, 5.9363
 0.0000,-0.0004, 0.0000, 0.0363, 3.1363
 0.0000,-0.0004, 0.0000, 0.0363, 5.9363
 0.0000,-0.0003, 0.0075, 0.0303, 3.1303
 0.0000,-0.0003, 0.0000, 0.0303, 5.9303
 0.0000,-0.0003, 0.0075, 0.0242, 3.1242
 0.0000,-0.0003, 0.0000, 0.0242, 5.9242
 0.0000,-0.0003, 0.0000, 0.0242, 3.1242
 0.0000,-0.0002, 0.0075, 0.0181, 5.9181
 0.0000,-0.0002, 0.0000, 0.0181, 3.1181
 0.0000,-0.0001, 0.0075, 0.0121, 5.9121
 0.0000,-0.0001, 0.0000, 0.0121, 3.1121
 0.0000,-0.0000, 0.0075, 0.0000, 0.0000
 0.0000,-0.0000, 0.0000, 0.0000, 0.0000
 0.0000,-0.0001,-0.0075, 0.0121, 5.9121
 0.0000,-0.0000, 0.0075, 0.0000, 0.0000
 0.0000,-0.0000, 0.0000, 0.0000, 0.0000
 0.0000,-0.0000, 0.0000, 0.0000, 0.0000
 0.0000,-0.0000, 0.0000, 0.0000, 0.0000
 0.0000,-0.0000, 0.0000, 0.0000, 0.0000
 0.0000,-0.0000, 0.0000, 0.0000, 0.0000
 0.0000,-0.0000, 0.0000, 0.0000, 0.0000
 0.0000,-0.0000, 0.0000, 0.0000, 0.0000
 0.0000,-0.0000, 0.0000, 0.0000, 0.0000
 0.0000,-0.0000, 0.0000, 0.0000, 0.0000
 0.0000,-0.0000, 0.0000, 0.0000, 0.0000
 0.0000,-0.0000, 0.0000, 0.0000, 0.0000
 0.0000,-0.0000, 0.0000, 0.0000, 0.0000
 0.0000,-0.0000, 0.0000, 0.0000, 0.0000
 0.0000,-0.0000, 0.0000, 0.0000, 0.0000
 0.0000,-0.0000, 0.0000, 0.0000, 0.0000
 0.0000,-0.0000, 0.0000, 0.0000, 0.0000
 0.0000,-0.0000, 0.0000, 0.0000, 0.0000
 0.0000,-0.0000, 0.0000, 0.0000, 0.0000
 0.0000,-0.0000, 0.0000, 0.0000, 0.0000
 0.0000,-0.0000, 0.0000, 0.0000, 0.0000
 0.0000,-0.0000, 0.0000, 0.0000, 0.0000
 0.0000,-0.0000, 0.0000, 0.0000, 0.0000
 0.0000,-0.0000, 0.0000, 0.0000, 0.0000
 0.0000,-0.0000, 0.0000, 0.0000, 0.0000
 0.0000,-0.0000, 0.0000, 0.0000, 0.0000
 0.0000,-0.0000, 0.0000, 0.0000, 0.0000
 0.0000,-0.0000, 0.0000, 0.0000, 0.0000
 0.0000,-0.0000, 0.0000, 0.0000, 0.0000
 0.0000,-0.0000, 0.0000, 0.0000, 0.0000
 0.0000,-0.0000, 0.0000, 0.0000, 0.0000
 0.0000,-0.0000, 0.0000, 0.0000, 0.0000
 0.0000,-0.0000, 0.0000, 0.0000, 0.0000
 0.0000,-0.0000, 0.0000, 0.0000, 0.0000
 0.0000,-0.0000, 0.0000, 0.0000, 0.0000
 0.0000,-0.0000, 0.0000, 0.0000, 0.0000
 0.0000,-0.0000, 0.0000, 0.0000, 0.0000
 0.0000,-0.0000, 0.0000, 0.0000, 0.0000
 0.0000,-0.0000, 0.0000, 0.0000, 0.0000
 0.0000,-0.0000, 0.0000, 0.0000, 0.0000
 0.0000,-0.0000, 0.0000, 0.0000, 0.0000
 0.0000,-0.0000, 0.0000, 0.0000, 0.0000
 0.0000,-0.0000, 0.0000, 0.0000, 0.0000
 0.0000,-0.0000, 0.0000, 0.0000, 0.0000
 0.0000,-0.0000, 0.0000, 0.0000, 0.0000
 0.0000,-0.0000, 0.0000, 0.0000, 0.0000
 0.0000,-0.0000, 0.0000, 0.0000, 0.0000
 0.0000,-0.0000, 0.0000, 0.0000, 0.0000
 0.0000,-0.0000, 0.0000, 0.0000, 0.0000
 0.0000,-0.0000, 0.0000, 0.0000, 0.0000
 0.0000,-0.0000, 0.0000, 0.0000, 0.0000
 0.0000,-0.0000, 0.0000, 0.0000, 0.0000
 0.0000,-0.0000, 0.0000, 0.0000, 0.0000
 0.0000,-0.0000, 0.0000, 0.0000, 0.0000
 0.0000,-0.0000, 0.0000, 0.0000, 0.0000
 0.0000,-0.0000, 0.0000, 0.0000, 0.0000
 0.0000,-0.0000, 0.0000, 0.0000, 0.0000
 0.0000,-0.0000, 0.0000, 0.0000, 0.0000
 0.0000,-0.0000, 0.0000, 0.0000, 0.0000
 0.0000,-0.0000, 0.0000, 0.0000, 0.0000
 0.0000,-0.0000, 0.0000, 0.0000, 0.0000
 0.0000,-0.0000, 0.0000, 0.0000, 0.0000
 0.0000,-0.0000, 0.0000, 0.0000, 0.0000
 0.0000,-0.0000, 0.0000, 0.0000, 0.0000
 0.0000,-0.0000, 0.0000, 0.0000, 0.0000
 0.0000,-0.0000, 0.0000, 0.0000, 0.0000
 0.0000,-0.0000, 0.0000, 0.0000, 0.0000
 0.0000,-0.0000, 0.0000, 0.0000, 0.0000
 0.0000,-0.0000, 0.0000, 0.0000, 0.0000
 0.0000,-0.0000, 0.0000, 0.0000, 0.0000
 0.0000,-0.0000, 0.0000, 0.0000, 0.0000
 0.0000,-0.0000, 0.0000, 0.0000, 0.0000
 0.0000,-0.0000, 0.0000, 0.0000, 0.0000
 0.0000,-0.0000, 0.0000, 0.0000, 0.0000
 0.0000,-0.0000, 0.0000, 0.0000, 0.0000
 0.0000,-0.0000, 0.0000, 0.0000, 0.0000
 0.0000,-0.0000, 0.0000, 0.0000, 0.0000
 0.0000,-0.0000, 0.0000, 0.0000, 0.0000
 0.0000,-0.0000, 0.0000, 0.0000, 0.0000
 0.0000,-0.0000, 0.0000, 0.0000, 0.0000
 0.0000,-0.0000, 0.0000, 0.0000, 0.0000
 0.0000,-0.0000, 0.0000, 0.0000, 0.0000
 0.0000,-0.0000, 0.0000, 0.0000, 0.0000
 0.0000,-0.0000, 0.0000, 0.0000, 0.0000
 0.0000,-0.0000, 0.0000, 0.0000, 0.0000
 0.0000,-0.0000, 0.0000, 0.0000, 0.0000
 0.0000,-0.0000, 0.0000, 0.0000, 0.0000
 0.0000,-0.0000, 0.0000, 0.0000, 0.0000
 0.0000,-0.0000, 0.0000, 0.0000, 0.0000
 0.0000,-0.0000, 0.0000, 0.0000, 0.0000
 0.0000,-0.0000, 0.0000, 0.0000, 0.0000
 0.0000,-0.0000, 0.0000, 0.0000, 0.0000
 0.0000,-0.0000, 0.0000, 0.0000, 0.0000
 0.0000,-0.0000, 0.0000, 0.0000, 0.0000
 0.0000,-0.0000, 0.0000, 0.0000, 0.0000
 0.0000,-0.0000, 0.0000, 0.0000, 0.0000
 0.0000,-0.0000, 0.0000, 0.0000, 0.0000
 0.0000,-0.0000, 0.0000, 0.0000, 0.0000
 0.0000,-0.0000, 0.0000, 0.0000, 0.0000
 0.0000,-0.0000, 0.0000, 0.0000, 0.0000
 0.0000,-0.0000, 0.0000, 0.0000, 0.0000
 0.0000,-0.0000, 0.0000, 0.0000, 0.0000
 0.0000,-0.0000, 0.0000, 0.0000, 0.0000
 0.0000,-0.0000, 0.0000, 0.0000, 0.0000
 0.0000,-0.0000, 0.0000, 0.0000, 0.0000
 0.0000,-0.0000, 0.0000, 0.0000, 0.0000
 0.0000,-0.0000, 0.0000, 0.0000, 0.0000
 0.0000,-0.0000, 0.0000, 0.0000, 0.0000
 0.0000,-0.0000, 0.0000, 0.0000, 0.0000
 0.0000,-0.0000, 0.0000, 0.0000, 0.0000
 0.0000,-0.0000, 0.0000, 0.0000, 0.0000
 0.0000,-0.0000, 0.0000, 0.0000, 0.0000
 0.0000,-0.0000, 0.0000, 0.0000, 0.0000
 0.0000,-0.0000, 0.0000, 0.0000, 0.0000
 0.0000,-0.0000, 0.0000, 0.0000, 0.0000
 0.0000,-0.0000, 0.0000, 0.0000, 0.0000
 0.0000,-0.0000, 0.0000, 0.0000, 0.0000
 0.0000,-0.0000, 0.0000, 0.0000, 0.0000
 0.0000,-0.0000, 0.0000, 0.0000, 0.0000
 0.0000,-0.0000, 0.0000, 0.0000, 0.0000
 0.0000,-0.0000, 0.0000, 0.0000, 0.0000
 0.0000,-0.0000, 0.0000, 0.0000, 0.0000
 0.0000,-0.0000, 0.0000, 0.0000, 0.0000
 0.0000,-0.0000, 0.0000, 0.0000, 0.0000
 0.0000,-0.0000, 0.0000, 0.0000, 0.0000
 0.0000,-0.0000, 0.0000, 0.0000, 0.0000
 0.0000,-0.0000, 0.0000, 0.0000, 0.0000
 0.0000,-0.0000, 0.0000, 0.0000, 0.0000
 0.0000,-0.0000, 0.0000, 0.0000, 0.0000
 0.0000,-0.0000, 0.0000, 0.0000, 0.0000
 0.0000,-0.0000, 0.0000, 0.0000, 0.0000
 0.0000,-0.0000, 0.0000, 0.0000, 0.0000
 0.0000,-0.0000, 0.0000, 0.0000, 0.0000
 0.0000,-0.0000, 0.0000, 0.0000, 0.0000
 0.0000,-0.0000, 0.0000, 0.0000, 0.0000
 0.0000,-0.0000, 0.0000, 0.0000, 0.0000
 0.0000,-0.0000, 0.0000, 0.0000, 0.0000
 0.0000,-0.0000, 0.0000, 0.0000, 0.0000
 0.0000,-0.0000, 0.0000, 0.0000, 0.0000
 0.0000,-0.0000, 0.0000, 0.0000, 0.0000
 0.0000,-0.0000, 0.0000, 0.0000, 0.0000
 0.0000,-0.0000, 0.0000, 0.0000, 0.0000
 0.0000,-0.0000, 0.0000, 0.0000, 0.0000
 0.0000,-0.0000, 0.0000, 0.0000, 0.0000
 0.0000,-0.0000, 0.0000, 0.0000, 0.0000
 0.0000,-0.0000, 0.0000, 0.0000, 0.0000
 0.0000,-0.0000, 0.0000, 0.0000, 0.0000
 0.0000,-0.0000, 0.0000, 0.0000, 0.0000
 0.0000,-0.0000, 0.0000, 0.0000, 0.0000
 0.0000,-0.0000, 0.0000, 0.0000, 0.0000
 0.0000,-0.0000, 0.0000, 0.0000, 0.0000
 0.0000,-0.0000, 0.0000, 0.0000, 0.0000
 0.0000,-0.0000, 0.0000, 0.0000, 0.0000
 0.0000,-0.0000, 0.0000, 0.0000, 0.0000
 0.0000,-0.0000, 0.0000, 0.0000, 0.0000
 0.0000,-0.0000, 0.0000, 0.0000, 0.0000
 0.0000,-0.0000, 0.0000, 0.0000, 0.0000
 0.0000,-0.0000, 0.0000, 0.0000, 0.0000
 0.0000,-0.0000, 0.0000, 0.0000, 0.0000
 0.0000,-0.0000, 0.0000, 0.0000, 0.0000
 0.0000,-0.0000, 0.0000, 0.0000, 0.0000
 0.0000,-0.0000, 0.0000, 0.0000, 0.0000
 0.0000,-0.0000, 0.0000, 0.0000, 0.0000
 0.0000,-0.0000, 0.0000, 0.0000, 0.0000
 0.0000,-0.0000, 0.0000, 0.0000, 0.0000
 0.0000,-0.0000, 0.0000, 0.0000, 0.0000
 0.0000,-0.0000, 0.0000, 0.0000, 0.0000
 0.0000,-0.0000, 0.0000, 0.0000, 0.0000
 0.0000,-0.0000, 0.0000, 0.0000, 0.0000
 0.0000,-0.0000, 0.0000, 0.0000, 0.0000
 0.0000,-0.0000, 0.0000, 0.0000, 0.0000
 0.0000,-0.0000, 0.0000, 0.0000, 0.0000
 0.0000,-0.0000, 0.0000, 0.0000, 0.0000
 0.0000,-0.0000, 0.0000, 0.0000, 0.0000
 0.0000,-0.0000, 0.0000, 0.0000, 0.0000
 0.0000,-0.0000, 0.0000, 0.0000, 0.0000
 0.0000,-0.0000, 0.0000, 0.0000, 0.0000
 0.0000,-0.0000, 0.0000, 0.0000, 0.0000
 0.0000,-0.0000, 0.0000, 0.0000, 0.0000
 0.0000,-0.0000, 0.0000, 0.0000, 0.0000
 0.0000,-0.0000, 0.0000, 0.0000, 0.0000
 0.0000,-0.0000, 0.0000, 0.0000, 0.0000
 0.0000,-0.0000, 0.0000, 0.0000, 0.0000
 0.0000,-0.0000, 0.0000, 0.0000, 0.0000
 0.0000,-0.0000, 0.0000, 0.0000, 0.0000
 0.0000,-0.0000, 0.0000, 0.0000, 0.0000
 0.0000,-0.0000, 0.0000, 0.0000, 0.0000
 0.0000,-0.0000, 0.0000, 0.0000, 0.0000
 0.0000,-0.0000, 0.0000, 0.0000, 0.0000
 0.0000,-0.0000, 0.0000, 0.0000, 0.0000
 0.0000,-0.0000, 0.0000, 0.0000, 0.0000
 0.0000,-0.0000, 0.0000, 0.0000, 0.0000
 0.0000,-0.0000, 0.0000, 0.0000, 0.0000
 0.0000,-0.0000, 0.0000, 0.0000, 0.0000
 0.0000,-0.0000, 0.0000, 0.0000, 0.0000
 0.0000,-0.0000, 0.0000, 0.0000, 0.0000
 0.0000,-0.0000, 0.0000, 0.0000, 0.0000
 0.0000,-0.0000, 0.0000, 0.0000, 0.0000
 0.0000,-0.0000, 0.0000, 0.0000, 0.0000
 0.0000,-0.0000, 0.0000, 0.0000, 0.0000
 0.0000,-0.0000, 0.0000, 0.0000, 0.0000
 0.0000,-0.0000, 0.0000, 0.0000, 0.0000
 0.0000,-0.0000, 0.0000, 0.0000, 0.0000
 0.0000,-0.0000, 0.0000, 0.0000, 0.0000
 0.0000,-0.0000, 0.0000, 0.0000, 0.0000
 0.0000,-0.0000, 0.0000, 0.0000, 0.0000
 0.0000,-0.0000, 0.0000, 0.0000, 0.0000
 0.0000,-0.0000, 0.0000, 0.0000, 0.0000
 0.0000,-0.0000, 0.0000, 0.0000, 0.0000
 0.0000,-0.0000, 0.0000, 0.0000, 0.0000
 0.0000,-0.0000, 0.0000, 0.0000, 0.0000
 0.0000,-0.0000, 0.0000, 0.0000, 0.0000
 0.0000,-0.0000, 0.0000, 0.0000, 0.0000
 0.0000,-0.0000, 0.0000, 0.0000, 0.0000
 0.0000,-0.0000, 0.0000, 0.0000, 0.0000
 0.0000,-0.0000, 0.0000, 0.0000, 0.0000
 0.0000,-0.0000, 0.0000, 0.0000, 0.0000
 0.0000,-0.0000, 0.0000, 0.0000, 0.0000
 0.0000,-0.0000, 0.0000, 0.0000, 0.0000
 0.0000,-0.0000, 0.0000, 0.0000, 0.0000
 0.0000,-0.0000, 0.0000, 0.0000, 0.0000
 0.0000,-0.0000, 0.0000, 0.0000, 0.0000
 0.0000,-0.0000, 0.0000, 0.0000, 0.0000
 0.0000,-0.0000, 0.0000, 0.0000, 0.0000
 0.0000,-0.0000, 0.0000, 0.0000, 0.0000
 0.0000,-0.0000, 0.0000, 0.0000, 0.0000
 0.0000,-0.0000, 0.0000, 0.0000, 0.0000
 0.0000,-0.0000, 0.0000, 0.0000, 0.0000
 0.0000,-0.0000, 0.0000, 0.0000, 0.0000
 0.0000,-0.0000, 0.0000, 0.0000, 0.0000
 0.0000,-0.0000, 0.0000, 0.0000, 0.0000
 0.0000,-0.0000, 0.0000, 0.0000, 0.0000
 0.0000,-0.0000, 0.0000, 0.0000, 0.0000
 0.0000,-0.0000, 0.0000, 0.0000, 0.0000
 0.0000,-0.0000, 0.0000, 0.0000, 0.0000
 0.0000,-0.0000, 0.0000, 0.0000, 0.0000
 0.0000,-0.0000, 0.0000, 0.0000, 0.0000
 0.0000,-0.0000, 0.0000, 0.0000, 0.0000
 0.0000,-0.0000, 0.0000, 0.0000, 0.0000
 0.0000,-0.0000, 0.0000, 0.0000, 0.0000
 0.0000,-0.0000, 0.0000, 0.0000, 0.0000
 0.0000,-0.0000, 0.0000, 0.0000, 0.0000
 0.0000,-0.0000, 0.0000, 0.0000, 0.0000
 0.0000,-0.0000, 0.0000, 0.0000, 0.0000
 0.0000,-0.0000, 0.0000, 0.0000, 0.0000
 0.0000,-0.0000, 0.0000, 0.0000, 0.0000
 0.0000,-0.0000, 0.0000, 0.0000, 0.0000
 0.0000,-0.0000, 0.0000, 0.0000, 0.0000
 0.0000,-0.0000, 0.0000, 0.0000, 0.0000
 0.0000,-0.0000, 0.0000, 0.0000, 0.0000
 0.0000,-0.0000, 0.0000, 0.0000, 0.0000
 0.0000,-0.0000, 0.0000, 0.0000, 0.0000
 0.0000,-0.0000, 0.0000, 0.0000, 0.0000
 0.0000,-0.0000, 0.0000, 0.0000, 0.0000
 0.0000,-0.0000, 0.0000, 0.0000, 0.0000
 0.0000,-0.0000, 0.0000, 0.0000, 0.0000
 0.0000,-0.0000, 0.0000, 0.0000, 0.0000
 0.0000,-0.0000, 0.0000, 0.0000, 0.0000
 0.0000,-0.0000, 0.0000, 0.0000, 0.0000
 0.0000,-0.0000, 0.0000, 0.0000, 0.0000
 0.0000,-0.0000, 0.0000, 0.0000, 0.0000
 0.0000,-0.0000, 0.0000, 0.0000, 0.0000
 0.0000,-0.0000, 0.0000, 0.0000, 0.0000
 0.0000,-0.0000, 0.0000, 0.0000, 0.0000
 0.0000,-0.0000, 0.0000, 0.0000, 0.0000
 0.0000,-0.0000, 0.0000, 0.0000, 0.0000
 0.0000,-0.0000, 0.0000, 0.0000, 0.0000
 0.0000,-0.0000, 0.0000, 0.0000, 0.0000
 0.0000,-0.0000, 0.0000, 0.0000, 0.0000
 0.0000,-0.0000, 0.0000, 0.0000, 0.0000
 0.0000,-0.0000, 0.0000, 0.0000, 0.0000
 0.0000,-0.0000, 0.0000, 0.0000, 0.0000
 0.0000,-0.0000, 0.0000, 0.0000, 0.0000
 0.0000,-0.0000, 0.0000, 0.0000, 0.0000
 0.0000,-0.0000, 0.0000, 0.0000, 0.0000
 0.0000,-0.0000, 0.0000, 0.0000, 0.0000
 0.0000,-0.0000, 0.0000, 0.0000, 0.0000
 0.0000,-0.0000, 0.0000, 0.0000, 0.0000
 0.0000,-0.0000, 0.0000, 0.0000, 0.0000
 0.0000,-0.0000, 0.0000, 0.0000, 0.0000
 0.0000,-0.0000, 0.0000, 0.0000, 0.0000
 0.0000,-0.0000, 0.0000, 0.0000, 0.0000
 0.0000,-0.0000, 0.0000, 0.0000, 0.0000
 0.0000,-0.0000, 0.0000, 0.0000, 0.0000
 0.0000,-0.0000, 0.0000, 0.0000, 0.0000
 0.0000,-0.0000, 0.0000, 0.0000, 0.0000
 0.0000,-0.0000, 0.0000, 0.0000, 0.0000
 0.0000,-0.0000, 0.0000, 0.0000, 0.0000
 0.0000,-0.0000, 0.0000, 0.0000, 0.0000
 0.0000,-0.0000, 0.0000, 0.0000, 0.0000
 0.0000,-0.0000, 0.0000, 0.0000, 0.0000
 0.0000,-0.0000, 0.0000, 0.0000, 0.0000
 0.0000,-0.0000, 0.0000, 0.0000, 0.0000
 0.0000,-0.0000, 0.0000, 0.0000, 0.0000
 0.0000,-0.0000, 0.0000, 0.0000, 0.0000
 0.0000,-0.0000, 0.0000, 0.0000, 0.0000
 0.0000,-0.0000, 0.0000, 0.0000, 0.0000
 0.0000,-0.0000, 0.0000, 0.0000, 0.0000
 0.0000,-0.0000, 0.0000, 0.0000, 0.0000
 0.0000,-0.0000, 0.0000, 0.0000, 0.0000
 0.0000,-0.0000, 0.0000, 0.0000, 0.0000
 0.0000,-0.0000, 0.0000, 0.0000, 0.0000
 0.0000,-0.0000, 0.0000, 0.0000, 0.0000
 0.0000,-0.0000, 0.0000, 0.0000, 0.0000
 0.0000,-0.0000, 0.0000, 0.0000, 0.0000
 0.0000,-0.0000, 0.0000, 0.0000, 0.0000
 0.0000,-0.0000, 0.0000, 0.0000, 0.0000
 0.0000,-0.0000, 0.0000, 0.0000, 0.0000
 0.0000,-0.0000, 0.0000, 0.0000, 0.0000
 0.0000,-0.0000, 0.0000, 0.0000, 0.0000
