 0.0000, 0.0000, 0.0000, 0.0000, 0.0000, 0.0000, 0.0000
 0.0000, 0.0000, 0.0000, 0.0000, 0.0000, 0.0000, 0.0000
 0.0000, 0.0000, 0.0000, 0.0000, 0.0000, 0.0000, 0.0000
 0.0000, 0.0000, 0.0000, 0.0000, 0.0000, 0.0000, 0.0000
 0.0000, 0.0000, 0.0000, 0.0000, 0.0000, 0.0000, 0.0000
 0.0000, 0.0000, 0.0000, 0.0000, 0.0000, 0.0000, 0.0000
 0.0000, 0.0000, 0.0000, 0.0000, 0.0000, 0.0000, 0.0000
 0.0000, 0.0000, 0.0000, 0.0000, 0.0000, 0.0000, 0.0000
 0.0000, 0.0000, 0.0000, 0.0000, 0.0000, 0.0000, 0.0000
 0.0000, 0.0000, 0.0000, 0.0000, 0.0000, 0.0000, 0.0000
 0.0000, 0.0000, 0.0000, 0.0000, 0.0000, 0.0000, 0.0000
 0.0000, 0.0000, 0.0000, 0.0000, 0.0000, 0.0000, 0.0000
 0.0000, 0.0000, 0.0000, 0.0000, 0.0000, 0.0000, 0.0000
 0.0000, 0.0000, 0.0000, 0.0000, 0.0000, 0.0000, 0.0000
 0.0000, 0.0000, 0.0000, 0.0000, 0.0000, 0.0000, 0.0000
 0.0000, 0.0000, 0.0000, 0.0000, 0.0000, 0.0000, 0.0000
 0.0000, 0.0000, 0.0000, 0.0000, 0.0000, 0.0000, 0.0000
 0.0000, 0.0000, 0.0000, 0.0000, 0.0000, 0.0000, 0.0000
 0.0000, 0.0000, 0.0000, 0.0000, 0.0000, 0.0000, 0.0000
 0.0000, 0.0000, 0.0000, 0.0000, 0.0000, 0.0000, 0.0000
 0.0000, 0.0000, 0.0000, 0.0000, 0.0000, 0.0000, 0.0000
 0.0000, 0.0000, 0.0000, 0.0000, 0.0000, 0.0000, 0.0000
 0.0000, 0.0000, 0.0000, 0.0000, 0.0000, 0.0000, 0.0000
 0.0000, 0.0000, 0.0000, 0.0000, 0.0000, 0.0000, 0.0000
 0.0000, 0.0000, 0.0000, 0.0000, 0.0000, 0.0000, 0.0000
 0.0000, 0.0000, 0.0000, 0.0000, 0.0000, 0.0000, 0.0000
 0.0000, 0.0000, 0.0000, 0.0000, 0.0000, 0.0000, 0.0000
 0.0000, 0.0000, 0.0000, 0.0000, 0.0000, 0.0000, 0.0000
 0.0000, 0.0000, 0.0000, 0.0000, 0.0000, 0.0000, 0.0000
 0.0000, 0.0000, 0.0000, 0.0000, 0.0000, 0.0000, 0.0000
 0.0000, 0.0000, 0.0000, 0.0000, 0.0000, 0.0000, 0.0000
 0.0000, 0.0000, 0.0000, 0.0000, 0.0000, 0.0000, 0.0000
 0.0000, 0.0000, 0.0000, 0.0000, 0.0000, 0.0000, 0.0000
 0.0000, 0.0000, 0.0000, 0.0000, 0.0000, 0.0000, 0.0000
 0.0000, 0.0000, 0.0000, 0.0000, 0.0000, 0.0000, 0.0000
 0.0000, 0.0000, 0.0000, 0.0000, 0.0000, 0.0000, 0.0000
 0.0000, 0.0000, 0.0000, 0.0000, 0.0000, 0.0000, 0.0000
 0.0000, 0.0000, 0.0000, 0.0000, 0.0000, 0.0000, 0.0000
 0.0000, 0.0000, 0.0000, 0.0000, 0.0000, 0.0000, 0.0000
 0.0000, 0.0000, 0.0000, 0.0000, 0.0000, 0.0000, 0.0000
 0.0000, 0.0000, 0.0000, 0.0000, 0.0000, 0.0000, 0.0000
 0.0000, 0.0000, 0.0000, 0.0000, 0.0000, 0.0000, 0.0000
 0.0000, 0.0000, 0.0000, 0.0000, 0.0000, 0.0000, 0.0000
 0.0000, 0.0000, 0.0000, 0.0000, 0.0000, 0.0000, 0.0000
 0.0000, 0.0000, 0.0000, 0.0000, 0.0000, 0.0000, 0.0000
 0.0000, 0.0000, 0.0000, 0.0000, 0.0000, 0.0000, 0.0000
 0.0000, 0.0000, 0.0000, 0.0000, 0.0000, 0.0000, 0.0000
 0.0000, 0.0000, 0.0000, 0.0000, 0.0000, 0.0000, 0.0000
 0.0000, 0.0000, 0.0000, 0.0000, 0.0000, 0.0000, 0.0000
 0.0000, 0.0000, 0.0000, 0.0000, 0.0000, 0.0000, 0.0000
 0.0000, 0.0000, 0.0000, 0.0000, 0.0000, 0.0000, 0.0000
 0.0000, 0.0000, 0.0000, 0.0000, 0.0000, 0.0000, 0.0000
 0.0000, 0.0000, 0.0000, 0.0000, 0.0000, 0.0000, 0.0000
 0.0000, 0.0000, 0.0000, 0.0000, 0.0000, 0.0000, 0.0000
 0.0000, 0.0000, 0.0000, 0.0000, 0.0000, 0.0000, 0.0000
 0.0000, 0.0000, 0.0000, 0.0000, 0.0000, 0.0000, 0.0000
 0.0000, 0.0000, 0.0000, 0.0000, 0.0000, 0.0000, 0.0000
 0.0000, 0.0000, 0.0000, 0.0000, 0.0000, 0.0000, 0.0000
 0.0000, 0.0000, 0.0000, 0.0000, 0.0000, 0.0000, 0.0000
 0.0000, 0.0000, 0.0000, 0.0000, 0.0000, 0.0000, 0.0000
 0.0000, 0.0000, 0.0000, 0.0000, 0.0000, 0.0000, 0.0000
 0.0000, 0.0000, 0.0000, 0.0000, 0.0000, 0.0000, 0.0000
 0.0000, 0.0000, 0.0000, 0.0000, 0.0000, 0.0000, 0.0000
 0.0000, 0.0000, 0.0000, 0.0000, 0.0000, 0.0000, 0.0000
 0.0000, 0.0000, 0.0000, 0.0000, 0.0000, 0.0000, 0.0000
 0.0000, 0.0000, 0.0000, 0.0000, 0.0000, 0.0000, 0.0000
 0.0000, 0.0000, 0.0000, 0.0000, 0.0000, 0.0000, 0.0000
 0.0000, 0.0000, 0.0000, 0.0000, 0.0000, 0.0000, 0.0000
 0.0000, 0.0000, 0.0000, 0.0000, 0.0000, 0.0000, 0.0000
 0.0000, 0.0000, 0.0000, 0.0000, 0.0000, 0.0000, 0.0000
 0.0000, 0.0000, 0.0000, 0.0000, 0.0000, 0.0000, 0.0000
 0.0000, 0.0000, 0.0000, 0.0000, 0.0000, 0.0000, 0.0000
 0.0000, 0.0000, 0.0000, 0.0000, 0.0000, 0.0000, 0.0000
 0.0000, 0.0000, 0.0000, 0.0000, 0.0000, 0.0000, 0.0000
 0.0000, 0.0000, 0.0000, 0.0000, 0.0000, 0.0000, 0.0000
 0.0000, 0.0000, 0.0000, 0.0000, 0.0000, 0.0000, 0.0000
 0.0000, 0.0000, 0.0000, 0.0000, 0.0000, 0.0000, 0.0000
 0.0000, 0.0000, 0.0000, 0.0000, 0.0000, 0.0000, 0.0000
 0.0000, 0.0000, 0.0000, 0.0000, 0.0000, 0.0000, 0.0000
 0.0000, 0.0000, 0.0000, 0.0000, 0.0000, 0.0000, 0.0000
 0.0000, 0.0000, 0.0000, 0.0000, 0.0000, 0.0000, 0.0000
 0.0000, 0.0000, 0.0000, 0.0000, 0.0000, 0.0000, 0.0000
 0.0000, 0.0000, 0.0000, 0.0000, 0.0000, 0.0000, 0.0000
 0.0000, 0.0000, 0.0000, 0.0000, 0.0000, 0.0000, 0.0000
 0.0000, 0.0000, 0.0000, 0.0000, 0.0000, 0.0000, 0.0000
 0.0000, 0.0000, 0.0000, 0.0000, 0.0000, 0.0000, 0.0000
 0.0000, 0.0000, 0.0000, 0.0000, 0.0000, 0.0000, 0.0000
 0.0000, 0.0000, 0.0000, 0.0000, 0.0000, 0.0000, 0.0000
 0.0000, 0.0000, 0.0000, 0.0000, 0.0000, 0.0000, 0.0000
 0.0000, 0.0000, 0.0000, 0.0000, 0.0000, 0.0000, 0.0000
 0.0000, 0.0000, 0.0000, 0.0000, 0.0000, 0.0000, 0.0000
 0.0000, 0.0000, 0.0000, 0.0000, 0.0000, 0.0000, 0.0000
 0.0000, 0.0000, 0.0000, 0.0000, 0.0000, 0.0000, 0.0000
 0.0000, 0.0000, 0.0000, 0.0000, 0.0000, 0.0000, 0.0000
 0.0000, 0.0000, 0.0000, 0.0000, 0.0000, 0.0000, 0.0000
 0.0000, 0.0000, 0.0000, 0.0000, 0.0000, 0.0000, 0.0000
 0.0000, 0.0000, 0.0000, 0.0000, 0.0000, 0.0000, 0.0000
 0.0000, 0.0000, 0.0000, 0.0000, 0.0000, 0.0000, 0.0000
 0.0000, 0.0000, 0.0000, 0.0000, 0.0000, 0.0000, 0.0000
 0.0000, 0.0000, 0.0000, 0.0000, 0.0000, 0.0000, 0.0000
 0.0000, 0.0000, 0.0000, 0.0000, 0.0000, 0.0000, 0.0000
 0.0000, 0.0000, 0.0000, 0.0000, 0.0000, 0.0000, 0.0000
 0.0000, 0.0000, 0.0000, 0.0000, 0.0000, 0.0000, 0.0000
 0.0000, 0.0000, 0.0000, 0.0000, 0.0000, 0.0000, 0.0000
 0.0000, 0.0000, 0.0000, 0.0000, 0.0000, 0.0000, 0.0000
 0.0000, 0.0000, 0.0000, 0.0000, 0.0000, 0.0000, 0.0000
 0.0000, 0.0000, 0.0000, 0.0000, 0.0000, 0.0000, 0.0000
 0.0000, 0.0000, 0.0000, 0.0000, 0.0000, 0.0000, 0.0000
 0.0000, 0.0000, 0.0000, 0.0000, 0.0000, 0.0000, 0.0000
 0.0000, 0.0000, 0.0000, 0.0000, 0.0000, 0.0000, 0.0000
 0.0000, 0.0000, 0.0000, 0.0000, 0.0000, 0.0000, 0.0000
 0.0000, 0.0000, 0.0000, 0.0000, 0.0000, 0.0000, 0.0000
 0.0000, 0.0000, 0.0000, 0.0000, 0.0000, 0.0000, 0.0000
 0.0000, 0.0000, 0.0000, 0.0000, 0.0000, 0.0000, 0.0000
 0.0000, 0.0000, 0.0000, 0.0000, 0.0000, 0.0000, 0.0000
 0.0000, 0.0000, 0.0000, 0.0000, 0.0000, 0.0000, 0.0000
 0.0000, 0.0000, 0.0000, 0.0000, 0.0000, 0.0000, 0.0000
 0.0000, 0.0000, 0.0000, 0.0000, 0.0000, 0.0000, 0.0000
 0.0000, 0.0000, 0.0000, 0.0000, 0.0000, 0.0000, 0.0000
 0.0000, 0.0000, 0.0000, 0.0000, 0.0000, 0.0000, 0.0000
 0.0000, 0.0000, 0.0000, 0.0000, 0.0000, 0.0000, 0.0000
 0.0000, 0.0000, 0.0000, 0.0000, 0.0000, 0.0000, 0.0000
 0.0000, 0.0000, 0.0000, 0.0000, 0.0000, 0.0000, 0.0000
 0.0000, 0.0000, 0.0000, 0.0000, 0.0000, 0.0000, 0.0000
 0.0000, 0.0000, 0.0000, 0.0000, 0.0000, 0.0000, 0.0000
 0.0000, 0.0000, 0.0000, 0.0000, 0.0000, 0.0000, 0.0000
 0.0000, 0.0000, 0.0000, 0.0000, 0.0000, 0.0000, 0.0000
 0.0000, 0.0000, 0.0000, 0.0000, 0.0000, 0.0000, 0.0000
 0.0000, 0.0000, 0.0000, 0.0000, 0.0000, 0.0000, 0.0000
 0.0000, 0.0000, 0.0000, 0.0000, 0.0000, 0.0000, 0.0000
 0.0000, 0.0000, 0.0000, 0.0000, 0.0000, 0.0000, 0.0000
 0.0000, 0.0000, 0.0000, 0.0000, 0.0000, 0.0000, 0.0000
 0.0000, 0.0000, 0.0000, 0.0000, 0.0000, 0.0000, 0.0000
 0.0000, 0.0000, 0.0000, 0.0000, 0.0000, 0.0000, 0.0000
 0.0000, 0.0000, 0.0000, 0.0000, 0.0000, 0.0000, 0.0000
 0.0000, 0.0000, 0.0000, 0.0000, 0.0000, 0.0000, 0.0000
 0.0000, 0.0000, 0.0000, 0.0000, 0.0000, 0.0000, 0.0000
 0.0000, 0.0000, 0.0000, 0.0000, 0.0000, 0.0000, 0.0000
 0.0000, 0.0000, 0.0000, 0.0000, 0.0000, 0.0000, 0.0000
 0.0000, 0.0000, 0.0000, 0.0000, 0.0000, 0.0000, 0.0000
 0.0000, 0.0000, 0.0000, 0.0000, 0.0000, 0.0000, 0.0000
 0.0000, 0.0000, 0.0000, 0.0000, 0.0000, 0.0000, 0.0000
 0.0000, 0.0000, 0.0000, 0.0000, 0.0000, 0.0000, 0.0000
 0.0000, 0.0000, 0.0000, 0.0000, 0.0000, 0.0000, 0.0000
 0.0000, 0.0000, 0.0000, 0.0000, 0.0000, 0.0000, 0.0000
 0.0000, 0.0000, 0.0000, 0.0000, 0.0000, 0.0000, 0.0000
 0.0000, 0.0000, 0.0000, 0.0000, 0.0000, 0.0000, 0.0000
 0.0000, 0.0000, 0.0000, 0.0000, 0.0000, 0.0000, 0.0000
 0.0000, 0.0000, 0.0000, 0.0000, 0.0000, 0.0000, 0.0000
 0.0000, 0.0000, 0.0000, 0.0000, 0.0000, 0.0000, 0.0000
 0.0000, 0.0000, 0.0000, 0.0000, 0.0000, 0.0000, 0.0000
 0.0000, 0.0000, 0.0000, 0.0000, 0.0000, 0.0000, 0.0000
 0.0000, 0.0000, 0.0000, 0.0000, 0.0000, 0.0000, 0.0000
 0.0000, 0.0000, 0.0000, 0.0000, 0.0000, 0.0000, 0.0000
 0.0000, 0.0000, 0.0000, 0.0000, 0.0000, 0.0000, 0.0000
 0.0000, 0.0000, 0.0000, 0.0000, 0.0000, 0.0000, 0.0000
 0.0000, 0.0000, 0.0000, 0.0000, 0.0000, 0.0000, 0.0000
 0.0000, 0.0000, 0.0000, 0.0000, 0.0000, 0.0000, 0.0000
 0.0000, 0.0000, 0.0000, 0.0000, 0.0000, 0.0000, 0.0000
 0.0000, 0.0000, 0.0000, 0.0000, 0.0000, 0.0000, 0.0000
 0.0000, 0.0000, 0.0000, 0.0000, 0.0000, 0.0000, 0.0000
 0.0000, 0.0000, 0.0000, 0.0000, 0.0000, 0.0000, 0.0000
 0.0000, 0.0000, 0.0000, 0.0000, 0.0000, 0.0000, 0.0000
 0.0000, 0.0000, 0.0000, 0.0000, 0.0000, 0.0000, 0.0000
 0.0000, 0.0000, 0.0000, 0.0000, 0.0000, 0.0000, 0.0000
 0.0000, 0.0000, 0.0000, 0.0000, 0.0000, 0.0000, 0.0000
 0.0000, 0.0000, 0.0000, 0.0000, 0.0000, 0.0000, 0.0000
 0.0000, 0.0000, 0.0000, 0.0000, 0.0000, 0.0000, 0.0000
 0.0000, 0.0000, 0.0000, 0.0000, 0.0000, 0.0000, 0.0000
 0.0000, 0.0000, 0.0000, 0.0000, 0.0000, 0.0000, 0.0000
 0.0000, 0.0000, 0.0000, 0.0000, 0.0000, 0.0000, 0.0000
 0.0000, 0.0000, 0.0000, 0.0000, 0.0000, 0.0000, 0.0000
 0.0000, 0.0000, 0.0000, 0.0000, 0.0000, 0.0000, 0.0000
 0.0000, 0.0000, 0.0000, 0.0000, 0.0000, 0.0000, 0.0000
 0.0000, 0.0000, 0.0000, 0.0000, 0.0000, 0.0000, 0.0000
 0.0000, 0.0000, 0.0000, 0.0000, 0.0000, 0.0000, 0.0000
 0.0000, 0.0000, 0.0000, 0.0000, 0.0000, 0.0000, 0.0000
 0.0000, 0.0000, 0.0000, 0.0000, 0.0000, 0.0000, 0.0000
 0.0000, 0.0000, 0.0000, 0.0000, 0.0000, 0.0000, 0.0000
 0.0000, 0.0000, 0.0000, 0.0000, 0.0000, 0.0000, 0.0000
 0.0000, 0.0000, 0.0000, 0.0000, 0.0000, 0.0000, 0.0000
 0.0000, 0.0000, 0.0000, 0.0000, 0.0000, 0.0000, 0.0000
 0.0000, 0.0000, 0.0000, 0.0000, 0.0000, 0.0000, 0.0000
 0.0000, 0.0000, 0.0000, 0.0000, 0.0000, 0.0000, 0.0000
 0.0000, 0.0000, 0.0033, 0.0000, 0.0000, 0.2659, 0.0000
 0.0000, 0.0000, 0.0066, 0.0000, 0.0000, 0.3191, 0.0000
 0.0000, 0.0000, 0.0099, 0.0000, 0.0000, 0.3297, 0.0000
 0.0000, 0.0000, 0.0166, 0.0000, 0.0000, 0.5978, 0.0000
 0.0000, 0.0000, 0.0265, 0.0000, 0.0000, 0.9174, 0.0000
 0.0000, 0.0000, 0.0365, 0.0000, 0.0000, 0.9813, 0.0000
 0.0000, 0.0000, 0.0465, 0.0000, 0.0000, 0.9941, 0.0000
 0.0000, 0.0000, 0.0598, 0.0000, 0.0000, 1.2626, 0.0000
 0.0000, 0.0000, 0.0731, 0.0000, 0.0000, 1.3163, 0.0000
 0.0000, 0.0000, 0.0864, 0.0000, 0.0000, 1.3270, 0.0000
 0.0000, 0.0000, 0.0997, 0.0000, 0.0000, 1.3292, 0.0000
 0.0000, 0.0000, 0.1163, 0.0000, 0.0000, 1.5956, 0.0000
 0.0000, 0.0000, 0.1296, 0.0000, 0.0000, 1.3829, 0.0000
 0.0000, 0.0000, 0.1462, 0.0000, 0.0000, 1.6063, 0.0000
 0.0000, 0.0000, 0.1628, 0.0000, 0.0000, 1.6510, 0.0000
 0.0000, 0.0000, 0.1795, 0.0000, 0.0000, 1.6599, 0.0000
 0.0000, 0.0000, 0.1994, 0.0000, 0.0000, 1.9277, 0.0000
 0.0000, 0.0000, 0.2160, 0.0000, 0.0000, 1.7153, 0.0000
 0.0000, 0.0000, 0.2327, 0.0000, 0.0000, 1.6728, 0.0000
 0.0000, 0.0000, 0.2526, 0.0000, 0.0000, 1.9302, 0.0000
 0.0000, 0.0000, 0.2726, 0.0000, 0.0000, 1.9817, 0.0000
 0.0000, 0.0000, 0.2925, 0.0000, 0.0000, 1.9920, 0.0000
 0.0000, 0.0000, 0.3124, 0.0000, 0.0000, 1.9941, 0.0000
 0.0000, 0.0000, 0.3324, 0.0000, 0.0000, 1.9945, 0.0000
 0.0000, 0.0000, 0.3523, 0.0000, 0.0000, 1.9946, 0.0000
 0.0000, 0.0000, 0.3756, 0.0000, 0.0000, 2.2606, 0.0000
 0.0000, 0.0000, 0.3956, 0.0000, 0.0000, 2.0478, 0.0000
 0.0000, 0.0000, 0.4155, 0.0000, 0.0000, 2.0052, 0.0000
 0.0000, 0.0000, 0.4355, 0.0000, 0.0060, 1.9967, 0.0000
 0.0000, 0.0000, 0.4587, 0.0000, 0.0012, 2.2610, 0.0000
 0.0001, 0.0000, 0.4787, 0.0000, 0.0063, 2.0479, 0.0000
 0.0002, 0.0000, 0.4986, 0.0000, 0.0073, 2.0053, 0.0000
 0.0002, 0.0000, 0.5186, 0.0000, 0.0014, 1.9967, 0.0000
 0.0003, 0.0000, 0.5385, 0.0000, 0.0063, 1.9950, 0.0000
 0.0003, 0.0000, 0.5618, 0.0000, 0.0012, 2.2607, 0.0000
 0.0003, 0.0000, 0.5817, 0.0000, 0.0002, 2.0478, 0.0000
 0.0003, 0.0000, 0.6017, 0.0000, 0.0000, 2.0053, 0.0000
 0.0003, 0.0000, 0.6216, 0.0000, 0.0000, 1.9967, 0.0000
 0.0003, 0.0000, 0.6416, 0.0000, 0.0000, 1.9950, 0.0000
 0.0003, 0.0000, 0.6615, 0.0000, 0.0000, 1.9947, 0.0000
 0.0003, 0.0000, 0.6815, 0.0000, 0.0000, 1.9946, 0.0000
 0.0003, 0.0000, 0.7014, 0.0000, 0.0000, 1.9946, 0.0000
 0.0003, 0.0000, 0.7214, 0.0000, 0.0000, 1.9946, 0.0000
 0.0003, 0.0000, 0.7380, 0.0000, 0.0060, 1.7287, 0.0000
 0.0003, 0.0000, 0.7579, 0.0000, 0.0012, 1.9414, 0.0000
 0.0003, 0.0000, 0.7779, 0.0000, 0.0002, 1.9840, 0.0000
 0.0004, 0.0000, 0.7978, 0.0000, 0.0061, 1.9925, 0.0000
 0.0004, 0.0000, 0.8144, 0.0000, 0.0012, 1.7282, 0.0000
 0.0004, 0.0000, 0.8344, 0.0000, 0.0002, 1.9413, 0.0000
 0.0004, 0.0000, 0.8543, 0.0000, 0.0000, 1.9840, 0.0000
 0.0004, 0.0000, 0.8743, 0.0000, 0.0000, 1.9925, 0.0000
 0.0004, 0.0000, 0.8942, 0.0000, 0.0000, 1.9942, 0.0000
 0.0004, 0.0000, 0.9108, 0.0000, 0.0000, 1.7286, 0.0000
 0.0004, 0.0000, 0.9308, 0.0000, 0.0000, 1.9414, 0.0000
 0.0004, 0.0000, 0.9507, 0.0000, 0.0000, 1.9840, 0.0000
 0.0004, 0.0000, 0.9707, 0.0000, 0.0000, 1.9925, 0.0000
 0.0003, 0.0000, 0.9873, 0.0000,-0.0060, 1.7282, 0.0000
 0.0003, 0.0000, 1.0073, 0.0000,-0.0012, 1.9413, 0.0000
 0.0003, 0.0000, 1.0272, 0.0000,-0.0002, 1.9840, 0.0000
 0.0003, 0.0000, 1.0438, 0.0000,-0.0000, 1.7265, 0.0000
 0.0003, 0.0000, 1.0638, 0.0000,-0.0000, 1.9410, 0.0000
 0.0003, 0.0000, 1.0837, 0.0000,-0.0000, 1.9839, 0.0000
 0.0003, 0.0000, 1.1037, 0.0000,-0.0000, 1.9925, 0.0000
 0.0003, 0.0000, 1.1203, 0.0000,-0.0000, 1.7282, 0.0000
 0.0003, 0.0000, 1.1402, 0.0000,-0.0000, 1.9413, 0.0000
 0.0003, 0.0000, 1.1602, 0.0000,-0.0000, 1.9840, 0.0000
 0.0003, 0.0000, 1.1768, 0.0000,-0.0000, 1.7265, 0.0000
 0.0003, 0.0000, 1.1967, 0.0000,-0.0000, 1.9410, 0.0000
 0.0003, 0.0000, 1.2167, 0.0000,-0.0000, 1.9839, 0.0000
 0.0003, 0.0000, 1.2366, 0.0000,-0.0000, 1.9925, 0.0000
 0.0003, 0.0000, 1.2533, 0.0000,-0.0000, 1.7282, 0.0000
 0.0003, 0.0000, 1.2732, 0.0000,-0.0000, 1.9413, 0.0000
 0.0003, 0.0000, 1.2932, 0.0000,-0.0000, 1.9840, 0.0000
 0.0003, 0.0000, 1.3131, 0.0000,-0.0000, 1.9925, 0.0000
 0.0003, 0.0000, 1.3297, 0.0000,-0.0000, 1.7282, 0.0000
 0.0003, 0.0000, 1.3497, 0.0000,-0.0000, 1.9413, 0.0000
 0.0003, 0.0000, 1.3663, 0.0000,-0.0000, 1.7180, 0.0000
 0.0003, 0.0000, 1.3862, 0.0000,-0.0000, 1.9393, 0.0000
 0.0003, 0.0000, 1.4029, 0.0000,-0.0000, 1.7176, 0.0000
 0.0003, 0.0000, 1.4228, 0.0000,-0.0000, 1.9392, 0.0000
 0.0003, 0.0000, 1.4428, 0.0000,-0.0000, 1.9835, 0.0000
 0.0003, 0.0000, 1.4594, 0.0000,-0.0000, 1.7264, 0.0000
 0.0003, 0.0000, 1.4793, 0.0000,-0.0000, 1.9410, 0.0000
 0.0003, 0.0000, 1.4959, 0.0000,-0.0000, 1.7179, 0.0000
 0.0003, 0.0000, 1.5159, 0.0000,-0.0000, 1.9393, 0.0000
 0.0003, 0.0000, 1.5325, 0.0000,-0.0000, 1.7176, 0.0000
 0.0003, 0.0000, 1.5525, 0.0000,-0.0000, 1.9392, 0.0000
 0.0003, 0.0000, 1.5691, 0.0000,-0.0060, 1.7176, 0.0000
 0.0003, 0.0000, 1.5890, 0.0000,-0.0012, 1.9392, 0.0000
 0.0003, 0.0000, 1.6090, 0.0000,-0.0002, 1.9835, 0.0000
 0.0003, 0.0000, 1.6123, 0.0000,-0.0000, 0.6626, 0.0000
 0.0003, 0.0000, 1.6289, 0.0000,-0.0000, 1.4623, 0.0000
 0.0003, 0.0000, 1.6489, 0.0000,-0.0000, 1.8881, 0.0000
 0.0003, 0.0000, 1.6655, 0.0000,-0.0000, 1.7074, 0.0000
 0.0003, 0.0000, 1.6821, 0.0000,-0.0000, 1.6712, 0.0000
 0.0003, 0.0000, 1.6788, 0.0000,-0.0000, 0.0683, 0.0000
 0.0003, 0.0000, 1.6987, 0.0000,-0.0000, 1.6093, 0.0000
 0.0003, 0.0000, 1.7187, 0.0000,-0.0000, 1.9176, 0.0000
 0.0003, 0.0000, 1.7353, 0.0000,-0.0000, 1.7132, 0.0000
 0.0003, 0.0000, 1.7553, 0.0000,-0.0000, 1.9383, 0.0000
 0.0003, 0.0000, 1.7719, 0.0000,-0.0000, 1.7174, 0.0000
 0.0003, 0.0000, 1.7918, 0.0000,-0.0000, 1.9392, 0.0000
 0.0003, 0.0000, 1.8084, 0.0000,-0.0000, 1.7176, 0.0000
 0.0003, 0.0000, 1.8284, 0.0000,-0.0000, 1.9392, 0.0000
 0.0003, 0.0000, 1.8483, 0.0000,-0.0000, 1.9835, 0.0000
 0.0003, 0.0000, 1.8716, 0.0000,-0.0000, 2.2584, 0.0000
 0.0003, 0.0000, 1.8916, 0.0000,-0.0000, 2.0474, 0.0000
 0.0003, 0.0000, 1.9148, 0.0000,-0.0000, 2.2711, 0.0000
 0.0003, 0.0000, 1.9314, 0.0000,-0.0000, 1.7840, 0.0000
 0.0003, 0.0000, 1.9580, 0.0000,-0.0000, 2.4844, 0.0000
 0.0003, 0.0000, 1.9813, 0.0000,-0.0000, 2.3585, 0.0000
 0.0003, 0.0000, 2.0046, 0.0000,-0.0000, 2.3333, 0.0000
 0.0003, 0.0000, 2.0312, 0.0000,-0.0000, 2.5943, 0.0000
 0.0003, 0.0000, 2.0578, 0.0000,-0.0000, 2.6464, 0.0000
 0.0003, 0.0000, 2.0810, 0.0000,-0.0000, 2.3909, 0.0000
 0.0003, 0.0000, 2.1043, 0.0000,-0.0000, 2.3398, 0.0000
 0.0003, 0.0000, 2.1276, 0.0000,-0.0000, 2.3296, 0.0000
 0.0003, 0.0000, 2.1475, 0.0000,-0.0000, 2.0616, 0.0000
 0.0003, 0.0000, 2.1708, 0.0000,-0.0000, 2.2740, 0.0000
 0.0003, 0.0000, 2.1908, 0.0000,-0.0000, 2.0505, 0.0000
 0.0003, 0.0000, 2.2107, 0.0000,-0.0000, 2.0058, 0.0000
 0.0003, 0.0000, 2.2306, 0.0000,-0.0000, 1.9969, 0.0000
 0.0003, 0.0000, 2.2506, 0.0000,-0.0000, 1.9951, 0.0000
 0.0003, 0.0000, 2.2705, 0.0000,-0.0000, 1.9947, 0.0000
 0.0003, 0.0000, 2.2905, 0.0000,-0.0000, 1.9946, 0.0000
 0.0003, 0.0000, 2.3104, 0.0000,-0.0000, 1.9946, 0.0000
 0.0003, 0.0000, 2.3304, 0.0000,-0.0000, 1.9946, 0.0000
 0.0003, 0.0000, 2.3470, 0.0000,-0.0000, 1.7287, 0.0000
 0.0003, 0.0000, 2.3636, 0.0000,-0.0000, 1.6755, 0.0000
 0.0003, 0.0000, 2.3836, 0.0000,-0.0000, 1.9308, 0.0000
 0.0003, 0.0000, 2.3969, 0.0000,-0.0000, 1.4499, 0.0000
 0.0003, 0.0000, 2.4135, 0.0000,-0.0000, 1.6197, 0.0000
 0.0003, 0.0000, 2.4301, 0.0000,-0.0000, 1.6537, 0.0000
 0.0003, 0.0000, 2.4434, 0.0000,-0.0000, 1.3945, 0.0000
 0.0003, 0.0000, 2.4567, 0.0000,-0.0000, 1.3427, 0.0000
 0.0003, 0.0000, 2.4700, 0.0000,-0.0000, 1.3323, 0.0000
 0.0003, 0.0000, 2.4833, 0.0000,-0.0000, 1.3302, 0.0000
 0.0003, 0.0000, 2.4966, 0.0000,-0.0000, 1.3298, 0.0000
 0.0003, 0.0000, 2.5066, 0.0000,-0.0000, 1.0638, 0.0000
 0.0003, 0.0000, 2.5199, 0.0000, 0.0000, 1.2765, 0.0000
 0.0003, 0.0000, 2.5298, 0.0000, 0.0000, 1.0531, 0.0000
 0.0003, 0.0000, 2.5398, 0.0000, 0.0000, 1.0084, 0.0000
 0.0003, 0.0000, 2.5498, 0.0000, 0.0000, 0.9995, 0.0000
 0.0003, 0.0000, 2.5564, 0.0000, 0.0000, 0.7318, 0.0000
 0.0003, 0.0000, 2.5664, 0.0000, 0.0000, 0.9442, 0.0000
 0.0003, 0.0000, 2.5731, 0.0000, 0.0000, 0.7207, 0.0000
 0.0003, 0.0000, 2.5797, 0.0000, 0.0000, 0.6760, 0.0000
 0.0003, 0.0000, 2.5864, 0.0000, 0.0000, 0.6671, 0.0000
 0.0003, 0.0000, 2.5930, 0.0000, 0.0000, 0.6653, 0.0000
 0.0003, 0.0000, 2.5963, 0.0000, 0.0000, 0.3990, 0.0000
 0.0003, 0.0000, 2.6030, 0.0000, 0.0000, 0.6117, 0.0000
 0.0003, 0.0000, 2.6063, 0.0000, 0.0000, 0.3882, 0.0000
 0.0003, 0.0000, 2.6130, 0.0000, 0.0000, 0.6095, 0.0000
 0.0002, 0.0000, 2.6163, 0.0000,-0.0060, 0.3878, 0.0000
 0.0002, 0.0000, 2.6196, 0.0000,-0.0012, 0.3435, 0.0000
 0.0002, 0.0000, 2.6229, 0.0000,-0.0002, 0.3346, 0.0000
 0.0002, 0.0000, 2.6263, 0.0000,-0.0000, 0.3328, 0.0000
 0.0002, 0.0000, 2.6296, 0.0000,-0.0000, 0.3325, 0.0000
 0.0002, 0.0000, 2.6329, 0.0000,-0.0000, 0.3324, 0.0000
 0.0002, 0.0000, 2.6362, 0.0000,-0.0000, 0.3324, 0.0000
 0.0001, 0.0000, 2.6396, 0.0000,-0.0060, 0.3324, 0.0000
 0.0001, 0.0000, 2.6429, 0.0000,-0.0012, 0.3324, 0.0000
 0.0001, 0.0000, 2.6462, 0.0000,-0.0002, 0.3324, 0.0000
 0.0001, 0.0000, 2.6495, 0.0000,-0.0000, 0.3324, 0.0000
 0.0001, 0.0000, 2.6529, 0.0000,-0.0000, 0.3324, 0.0000
 0.0001, 0.0000, 2.6562, 0.0000,-0.0000, 0.3324, 0.0000
 0.0001, 0.0000, 2.6595, 0.0000,-0.0000, 0.3324, 0.0000
 0.0001, 0.0000, 2.6628, 0.0000,-0.0000, 0.3324, 0.0000
 0.0000, 0.0000, 2.6661, 0.0000,-0.0060, 0.3324, 0.0000
 0.0000, 0.0000, 2.6728, 0.0000,-0.0012, 0.5984, 0.0000
 0.0000, 0.0000, 2.6761, 0.0000,-0.0002, 0.3856, 0.0000
 0.0000, 0.0000, 2.6794, 0.0000,-0.0000, 0.3430, 0.0000
 0.0000, 0.0000, 2.6861, 0.0000,-0.0000, 0.6005, 0.0000
 0.0000, 0.0000, 2.6861, 0.0000,-0.0000, 0.1201, 0.0000
 0.0000, 0.0000, 2.6828, 0.0000,-0.0000,-0.2419, 0.0000
 0.0000, 0.0000, 2.6861, 0.0000,-0.0000, 0.2175, 0.0000
 0.0000, 0.0000, 2.6828, 0.0000,-0.0000,-0.2224, 0.0000
 0.0000, 0.0000, 2.6861, 0.0000,-0.0000, 0.2214, 0.0000
 0.0000, 0.0000, 2.6861, 0.0000,-0.0000, 0.0442, 0.0000
 0.0000, 0.0000, 2.6861, 0.0000,-0.0000, 0.0088, 0.0000
 0.0000, 0.0000, 2.6894, 0.0000,-0.0000, 0.2677, 0.0000
 0.0000, 0.0000, 2.6894, 0.0000,-0.0000, 0.0535, 0.0000
 0.0000, 0.0000, 2.6927, 0.0000,-0.0000, 0.2766, 0.0000
 0.0000, 0.0000, 2.6894, 0.0000,-0.0000,-0.2106, 0.0000
 0.0000, 0.0000, 2.6927, 0.0000,-0.0000, 0.2238, 0.0000
 0.0000, 0.0000, 2.6927, 0.0000,-0.0000, 0.0447, 0.0000
 0.0000, 0.0000, 2.7027, 0.0000,-0.0000, 0.8068, 0.0000
 0.0000, 0.0000, 2.7160, 0.0000,-0.0000, 1.2251, 0.0000
 0.0000, 0.0000, 2.7227, 0.0000,-0.0000, 0.7769, 0.0000
 0.0000, 0.0000, 2.7326, 0.0000,-0.0000, 0.9532, 0.0000
 0.0000, 0.0000, 2.7459, 0.0000,-0.0000, 1.2544, 0.0000
 0.0000, 0.0000, 2.7559, 0.0000,-0.0000, 1.0487, 0.0000
 0.0000, 0.0000, 2.7659, 0.0000,-0.0000, 1.0076, 0.0000
 0.0000, 0.0000, 2.7759, 0.0000,-0.0000, 0.9993, 0.0000
 0.0000, 0.0000, 2.7858, 0.0000,-0.0000, 0.9977, 0.0000
 0.0000, 0.0000, 2.7958, 0.0000,-0.0000, 0.9974, 0.0000
 0.0000, 0.0000, 2.8058, 0.0000,-0.0000, 0.9973, 0.0000
 0.0000, 0.0000, 2.8157, 0.0000,-0.0060, 0.9973, 0.0000
 0.0000, 0.0000, 2.8224, 0.0000,-0.0012, 0.7313, 0.0000
 0.0000, 0.0000, 2.8324, 0.0000,-0.0002, 0.9441, 0.0000
 0.0000, 0.0000, 2.8357, 0.0000,-0.0000, 0.4547, 0.0000
 0.0000, 0.0000, 2.8357, 0.0000,-0.0000, 0.0909, 0.0000
 0.0000, 0.0000, 2.8357, 0.0000,-0.0000, 0.0181, 0.0000
 0.0000, 0.0000, 2.8357, 0.0000,-0.0000, 0.0036, 0.0000
 0.0000, 0.0000, 2.8324, 0.0000,-0.0000,-0.2652, 0.0000
 0.0000, 0.0000, 2.8324, 0.0000,-0.0000,-0.0530, 0.0000
 0.0000, 0.0000, 2.8357, 0.0000,-0.0000, 0.2553, 0.0000
 0.0000, 0.0000, 2.8457, 0.0000,-0.0000, 0.8489, 0.0000
 0.0000, 0.0000, 2.8490, 0.0000,-0.0000, 0.4357, 0.0000
 0.0000, 0.0000, 2.8490, 0.0000,-0.0000, 0.0871, 0.0000
 0.0000, 0.0000, 2.8523, 0.0000,-0.0000, 0.2833, 0.0000
 0.0000, 0.0000, 2.8523, 0.0000,-0.0000, 0.0566, 0.0000
 0.0000, 0.0000, 2.8590, 0.0000,-0.0000, 0.5432, 0.0000
 0.0000, 0.0000, 2.8689, 0.0000,-0.0000, 0.9065, 0.0000
 0.0000, 0.0000, 2.8756, 0.0000,-0.0000, 0.7132, 0.0000
 0.0000, 0.0000, 2.8822, 0.0000,-0.0000, 0.6745, 0.0000
 0.0000, 0.0000, 2.8922, 0.0000,-0.0000, 0.9327, 0.0000
 0.0000, 0.0000, 2.8989, 0.0000,-0.0000, 0.7184, 0.0000
 0.0000, 0.0000, 2.9055, 0.0000,-0.0000, 0.6755, 0.0000
 0.0000, 0.0000, 2.9122, 0.0000,-0.0000, 0.6670, 0.0000
 0.0000, 0.0000, 2.9188, 0.0000,-0.0000, 0.6653, 0.0000
 0.0000, 0.0000, 2.9255, 0.0000,-0.0000, 0.6649, 0.0000
 0.0000, 0.0000, 2.9321, 0.0000,-0.0000, 0.6649, 0.0000
 0.0000, 0.0000, 2.9388, 0.0000,-0.0000, 0.6648, 0.0000
 0.0000, 0.0000, 2.9421, 0.0000,-0.0000, 0.3989, 0.0000
 0.0000, 0.0000, 2.9487, 0.0000,-0.0000, 0.6116, 0.0000
 0.0000, 0.0000, 2.9520, 0.0000,-0.0000, 0.3882, 0.0000
 0.0000, 0.0000, 2.9587, 0.0000,-0.0000, 0.6095, 0.0000
 0.0000, 0.0000, 2.9653, 0.0000,-0.0000, 0.6538, 0.0000
 0.0000, 0.0000, 2.9687, 0.0000,-0.0000, 0.3967, 0.0000
 0.0000, 0.0000, 2.9720, 0.0000,-0.0000, 0.3453, 0.0000
 0.0000, 0.0000, 2.9786, 0.0000,-0.0000, 0.6009, 0.0000
 0.0000, 0.0000, 2.9820, 0.0000,-0.0000, 0.3861, 0.0000
 0.0000, 0.0000, 2.9853, 0.0000,-0.0000, 0.3431, 0.0000
 0.0000, 0.0000, 2.9886, 0.0000,-0.0000, 0.3345, 0.0000
 0.0000, 0.0000, 2.9919, 0.0000,-0.0000, 0.3328, 0.0000
 0.0000, 0.0000, 2.9953, 0.0000,-0.0000, 0.3325, 0.0000
 0.0000, 0.0000, 3.0019, 0.0000,-0.0000, 0.5984, 0.0000
 0.0000, 0.0000, 3.0052, 0.0000,-0.0000, 0.3856, 0.0000
 0.0000, 0.0000, 3.0086, 0.0000,-0.0000, 0.3430, 0.0000
 0.0000, 0.0000, 3.0119, 0.0000,-0.0000, 0.3345, 0.0000
 0.0000, 0.0000, 3.0152, 0.0000,-0.0000, 0.3328, 0.0000
 0.0000, 0.0000, 3.0185, 0.0000,-0.0000, 0.3325, 0.0000
 0.0000, 0.0000, 3.0252, 0.0000,-0.0000, 0.5984, 0.0000
 0.0000, 0.0000, 3.0285, 0.0000,-0.0000, 0.3856, 0.0000
 0.0000, 0.0000, 3.0318, 0.0000,-0.0000, 0.3430, 0.0000
 0.0000, 0.0000, 3.0352, 0.0000,-0.0000, 0.3345, 0.0000
 0.0000, 0.0000, 3.0385, 0.0000,-0.0000, 0.3328, 0.0000
 0.0000, 0.0000, 3.0418, 0.0000,-0.0000, 0.3325, 0.0000
 0.0000, 0.0000, 3.0451, 0.0000, 0.0000, 0.3324, 0.0000
 0.0000, 0.0000, 3.0485, 0.0000, 0.0000, 0.3324, 0.0000
 0.0000, 0.0000, 3.0518, 0.0000, 0.0000, 0.3324, 0.0000
 0.0000, 0.0000, 3.0518, 0.0000, 0.0000, 0.0664, 0.0000
 0.0000, 0.0000, 3.0551, 0.0000, 0.0000, 0.2792, 0.0000
 0.0000, 0.0000, 3.0584, 0.0000, 0.0000, 0.3218, 0.0000
 0.0000, 0.0000, 3.0618, 0.0000, 0.0000, 0.3303, 0.0000
 0.0000, 0.0000, 3.0651, 0.0000, 0.0000, 0.3320, 0.0000
 0.0000, 0.0000, 3.0684, 0.0000, 0.0000, 0.3323, 0.0000
 0.0000, 0.0000, 3.0717, 0.0000, 0.0000, 0.3324, 0.0000
 0.0000, 0.0000, 3.0717, 0.0000, 0.0000, 0.0664, 0.0000
 0.0000, 0.0000, 3.0751, 0.0000, 0.0000, 0.2792, 0.0000
 0.0000, 0.0000, 3.0784, 0.0000, 0.0000, 0.3217, 0.0000
 0.0000, 0.0000, 3.0817, 0.0000, 0.0000, 0.3303, 0.0000
 0.0000, 0.0000, 3.0850, 0.0000, 0.0000, 0.3320, 0.0000
 0.0000, 0.0000, 3.0850, 0.0000, 0.0000, 0.0664, 0.0000
 0.0000, 0.0000, 3.0884, 0.0000, 0.0000, 0.2792, 0.0000
 0.0000, 0.0000, 3.0917, 0.0000, 0.0000, 0.3218, 0.0000
 0.0000, 0.0000, 3.0950, 0.0000, 0.0000, 0.3303, 0.0000
 0.0000, 0.0000, 3.0950, 0.0000, 0.0000, 0.0660, 0.0000
 0.0000, 0.0000, 3.0983, 0.0000, 0.0000, 0.2791, 0.0000
 0.0000, 0.0000, 3.1016, 0.0000, 0.0000, 0.3217, 0.0000
 0.0000, 0.0000, 3.1050, 0.0000, 0.0000, 0.3303, 0.0000
 0.0000, 0.0000, 3.1083, 0.0000, 0.0000, 0.3320, 0.0000
 0.0000, 0.0000, 3.1116, 0.0000, 0.0000, 0.3323, 0.0000
 0.0000, 0.0000, 3.1149, 0.0000, 0.0000, 0.3324, 0.0000
 0.0000, 0.0000, 3.1149, 0.0000, 0.0000, 0.0664, 0.0000
 0.0000, 0.0000, 3.1183, 0.0000, 0.0000, 0.2792, 0.0000
 0.0000, 0.0000, 3.1216, 0.0000, 0.0000, 0.3218, 0.0000
 0.0000, 0.0000, 3.1249, 0.0000, 0.0000, 0.3303, 0.0000
 0.0000, 0.0000, 3.1282, 0.0000, 0.0000, 0.3320, 0.0000
 0.0000, 0.0000, 3.1316, 0.0000, 0.0000, 0.3323, 0.0000
 0.0000, 0.0000, 3.1382, 0.0000, 0.0000, 0.5983, 0.0000
 0.0000, 0.0000, 3.1415, 0.0000, 0.0000, 0.3856, 0.0000
 0.0000, 0.0000, 3.1415, 0.0000, 0.0000, 0.0771, 0.0000
 0.0000, 0.0000, 3.1449, 0.0000, 0.0000, 0.2813, 0.0000
 0.0000, 0.0000, 3.1482, 0.0000, 0.0000, 0.3222, 0.0000
 0.0000, 0.0000, 3.1515, 0.0000, 0.0000, 0.3304, 0.0000
 0.0000, 0.0000, 3.1515, 0.0000, 0.0000, 0.0660, 0.0000
 0.0000, 0.0000, 3.1548, 0.0000, 0.0000, 0.2791, 0.0000
 0.0000, 0.0000, 3.1582, 0.0000, 0.0000, 0.3217, 0.0000
 0.0000, 0.0000, 3.1582, 0.0000, 0.0000, 0.0643, 0.0000
 0.0000, 0.0000, 3.1615, 0.0000, 0.0000, 0.2788, 0.0000
 0.0000, 0.0000, 3.1648, 0.0000, 0.0000, 0.3217, 0.0000
 0.0000, 0.0000, 3.1648, 0.0000, 0.0000, 0.0643, 0.0000
 0.0000, 0.0000, 3.1648, 0.0000, 0.0000, 0.0128, 0.0000
 0.0000, 0.0000, 3.1648, 0.0000, 0.0000, 0.0025, 0.0000
 0.0000, 0.0000, 3.1648, 0.0000, 0.0000, 0.0005, 0.0000
 0.0000, 0.0000, 3.1648, 0.0000, 0.0000, 0.0001, 0.0000
 0.0000, 0.0000, 3.1648, 0.0000, 0.0000, 0.0000, 0.0000
 0.0000, 0.0000, 3.1648, 0.0000, 0.0000, 0.0000, 0.0000
 0.0000, 0.0000, 3.1648, 0.0000, 0.0000, 0.0000, 0.0000
 0.0000, 0.0000, 3.1648, 0.0000, 0.0000, 0.0000, 0.0000
 0.0000, 0.0000, 3.1648, 0.0000, 0.0000, 0.0000, 0.0000
 0.0000, 0.0000, 3.1648, 0.0000, 0.0000, 0.0000, 0.0000
 0.0000, 0.0000, 3.1648, 0.0000, 0.0000, 0.0000, 0.0000
 0.0000, 0.0000, 3.1681, 0.0000, 0.0000, 0.2659, 0.0000
 0.0000, 0.0000, 3.1681, 0.0000, 0.0000, 0.0531, 0.0000
 0.0000, 0.0000, 3.1681, 0.0000, 0.0000, 0.0106, 0.0000
 0.0000, 0.0000, 3.1715, 0.0000, 0.0000, 0.2680, 0.0000
 0.0000, 0.0000, 3.1715, 0.0000, 0.0000, 0.0536, 0.0000
 0.0000, 0.0000, 3.1748, 0.0000, 0.0000, 0.2766, 0.0000
 0.0000, 0.0000, 3.1748, 0.0000, 0.0000, 0.0553, 0.0000
 0.0000, 0.0000, 3.1748, 0.0000, 0.0000, 0.0110, 0.0000
 0.0000, 0.0000, 3.1781, 0.0000, 0.0000, 0.2681, 0.0000
 0.0000, 0.0000, 3.1781, 0.0000, 0.0000, 0.0536, 0.0000
 0.0000, 0.0000, 3.1781, 0.0000, 0.0000, 0.0107, 0.0000
 0.0000, 0.0000, 3.1814, 0.0000, 0.0000, 0.2681, 0.0000
 0.0000, 0.0000, 3.1814, 0.0000, 0.0000, 0.0536, 0.0000
 0.0000, 0.0000, 3.1814, 0.0000, 0.0000, 0.0107, 0.0000
 0.0000, 0.0000, 3.1814, 0.0000, 0.0000, 0.0021, 0.0000
 0.0000, 0.0000, 3.1848, 0.0000, 0.0000, 0.2663, 0.0000
 0.0000, 0.0000, 3.1848, 0.0000, 0.0000, 0.0532, 0.0000
 0.0000, 0.0000, 3.1848, 0.0000, 0.0000, 0.0106, 0.0000
 0.0000, 0.0000, 3.1848, 0.0000, 0.0000, 0.0021, 0.0000
 0.0000, 0.0000, 3.1881, 0.0000, 0.0000, 0.2663, 0.0000
 0.0000, 0.0000, 3.1881, 0.0000, 0.0000, 0.0532, 0.0000
 0.0000, 0.0000, 3.1881, 0.0000, 0.0000, 0.0106, 0.0000
 0.0000, 0.0000, 3.1881, 0.0000, 0.0000, 0.0021, 0.0000
 0.0000, 0.0000, 3.1914, 0.0000, 0.0000, 0.2663, 0.0000
 0.0000, 0.0000, 3.1914, 0.0000, 0.0000, 0.0532, 0.0000
 0.0000, 0.0000, 3.1914, 0.0000, 0.0000, 0.0106, 0.0000
 0.0000, 0.0000, 3.1914, 0.0000, 0.0000, 0.0021, 0.0000
 0.0000, 0.0000, 3.1914, 0.0000, 0.0000, 0.0004, 0.0000
 0.0000, 0.0000, 3.1947, 0.0000, 0.0000, 0.2660, 0.0000
 0.0000, 0.0000, 3.1947, 0.0000, 0.0000, 0.0532, 0.0000
 0.0000, 0.0000, 3.1947, 0.0000, 0.0000, 0.0106, 0.0000
 0.0000, 0.0000, 3.1981, 0.0000, 0.0000, 0.2680, 0.0000
 0.0000, 0.0000, 3.2014, 0.0000, 0.0000, 0.3195, 0.0000
 0.0000, 0.0000, 3.2014, 0.0000, 0.0000, 0.0639, 0.0000
 0.0000, 0.0000, 3.2047, 0.0000, 0.0000, 0.2787, 0.0000
 0.0000, 0.0000, 3.2047, 0.0000, 0.0000, 0.0557, 0.0000
 0.0000, 0.0000, 3.2080, 0.0000, 0.0000, 0.2771, 0.0000
 0.0000, 0.0000, 3.2114, 0.0000, 0.0000, 0.3213, 0.0000
 0.0000, 0.0000, 3.2114, 0.0000, 0.0000, 0.0642, 0.0000
 0.0000, 0.0000, 3.2147, 0.0000, 0.0000, 0.2788, 0.0000
 0.0000, 0.0000, 3.2180, 0.0000, 0.0000, 0.3217, 0.0000
 0.0000, 0.0000, 3.2213, 0.0000, 0.0000, 0.3303, 0.0000
 0.0000, 0.0000, 3.2213, 0.0000, 0.0000, 0.0660, 0.0000
 0.0000, 0.0000, 3.2247, 0.0000, 0.0000, 0.2791, 0.0000
 0.0000, 0.0000, 3.2280, 0.0000, 0.0000, 0.3217, 0.0000
 0.0000, 0.0000, 3.2313, 0.0000, 0.0000, 0.3303, 0.0000
 0.0000, 0.0000, 3.2313, 0.0000, 0.0000, 0.0660, 0.0000
 0.0000, 0.0000, 3.2346, 0.0000, 0.0000, 0.2791, 0.0000
 0.0000, 0.0000, 3.2346, 0.0000, 0.0000, 0.0558, 0.0000
 0.0000, 0.0000, 3.2380, 0.0000, 0.0000, 0.2771, 0.0000
 0.0000, 0.0000, 3.2413, 0.0000, 0.0000, 0.3213, 0.0000
 0.0000, 0.0000, 3.2446, 0.0000, 0.0000, 0.3301, 0.0000
 0.0000, 0.0000, 3.2446, 0.0000, 0.0000, 0.0660, 0.0000
 0.0000, 0.0000, 3.2446, 0.0000, 0.0000, 0.0132, 0.0000
 0.0000, 0.0000, 3.2479, 0.0000, 0.0000, 0.2686, 0.0000
 0.0000, 0.0000, 3.2479, 0.0000, 0.0000, 0.0537, 0.0000
 0.0000, 0.0000, 3.2479, 0.0000, 0.0000, 0.0107, 0.0000
 0.0000, 0.0000, 3.2512, 0.0000, 0.0000, 0.2681, 0.0000
 0.0000, 0.0000, 3.2512, 0.0000, 0.0000, 0.0536, 0.0000
 0.0000, 0.0000, 3.2512, 0.0000, 0.0000, 0.0107, 0.0000
 0.0000, 0.0000, 3.2512, 0.0000, 0.0000, 0.0021, 0.0000
 0.0000, 0.0000, 3.2546, 0.0000, 0.0000, 0.2663, 0.0000
 0.0000, 0.0000, 3.2546, 0.0000, 0.0000, 0.0532, 0.0000
 0.0000, 0.0000, 3.2546, 0.0000, 0.0000, 0.0106, 0.0000
 0.0000, 0.0000, 3.2546, 0.0000, 0.0000, 0.0021, 0.0000
 0.0000, 0.0000, 3.2579, 0.0000, 0.0000, 0.2663, 0.0000
 0.0000, 0.0000, 3.2579, 0.0000, 0.0000, 0.0532, 0.0000
 0.0000, 0.0000, 3.2579, 0.0000, 0.0000, 0.0106, 0.0000
 0.0000, 0.0000, 3.2612, 0.0000, 0.0000, 0.2680, 0.0000
 0.0000, 0.0000, 3.2612, 0.0000, 0.0000, 0.0536, 0.0000
 0.0000, 0.0000, 3.2612, 0.0000, 0.0000, 0.0107, 0.0000
 0.0000, 0.0000, 3.2612, 0.0000, 0.0000, 0.0021, 0.0000
 0.0000, 0.0000, 3.2612, 0.0000, 0.0000, 0.0004, 0.0000
 0.0000, 0.0000, 3.2645, 0.0000, 0.0000, 0.2660, 0.0000
 0.0000, 0.0000, 3.2645, 0.0000, 0.0000, 0.0532, 0.0000
 0.0000, 0.0000, 3.2645, 0.0000, 0.0000, 0.0106, 0.0000
 0.0000, 0.0000, 3.2645, 0.0000, 0.0000, 0.0021, 0.0000
 0.0000, 0.0000, 3.2645, 0.0000, 0.0000, 0.0004, 0.0000
 0.0000, 0.0000, 3.2645, 0.0000, 0.0000, 0.0000, 0.0000
 0.0000, 0.0000, 3.2645, 0.0000, 0.0000, 0.0000, 0.0000
 0.0000, 0.0000, 3.2645, 0.0000, 0.0000, 0.0000, 0.0000
 0.0000, 0.0000, 3.2645, 0.0000, 0.0000, 0.0000, 0.0000
 0.0000, 0.0000, 3.2679, 0.0000, 0.0000, 0.2659, 0.0000
 0.0000, 0.0000, 3.2679, 0.0000, 0.0000, 0.0531, 0.0000
 0.0000, 0.0000, 3.2679, 0.0000, 0.0000, 0.0106, 0.0000
 0.0000, 0.0000, 3.2679, 0.0000, 0.0000, 0.0021, 0.0000
 0.0000, 0.0000, 3.2712, 0.0000, 0.0000, 0.2663, 0.0000
 0.0000, 0.0000, 3.2712, 0.0000, 0.0000, 0.0532, 0.0000
 0.0000, 0.0000, 3.2712, 0.0000, 0.0000, 0.0106, 0.0000
 0.0000, 0.0000, 3.2712, 0.0000, 0.0000, 0.0021, 0.0000
 0.0000, 0.0000, 3.2712, 0.0000, 0.0000, 0.0004, 0.0000
 0.0000, 0.0000, 3.2745, 0.0000, 0.0000, 0.2660, 0.0000
 0.0000, 0.0000, 3.2745, 0.0000, 0.0000, 0.0532, 0.0000
 0.0000, 0.0000, 3.2745, 0.0000, 0.0000, 0.0106, 0.0000
 0.0000, 0.0000, 3.2778, 0.0000, 0.0000, 0.2680, 0.0000
 0.0000, 0.0000, 3.2778, 0.0000, 0.0000, 0.0536, 0.0000
 0.0000, 0.0000, 3.2778, 0.0000, 0.0000, 0.0107, 0.0000
 0.0000, 0.0000, 3.2812, 0.0000, 0.0000, 0.2681, 0.0000
 0.0000, 0.0000, 3.2812, 0.0000, 0.0000, 0.0536, 0.0000
 0.0000, 0.0000, 3.2812, 0.0000, 0.0000, 0.0107, 0.0000
 0.0000, 0.0000, 3.2812, 0.0000, 0.0060, 0.0021, 0.0000
 0.0000, 0.0000, 3.2845, 0.0000, 0.0012, 0.2663, 0.0000
 0.0000, 0.0000, 3.2845, 0.0000, 0.0002, 0.0532, 0.0000
 0.0000, 0.0000, 3.2845, 0.0000, 0.0000, 0.0106, 0.0000
 0.0000, 0.0000, 3.2845, 0.0000, 0.0000, 0.0021, 0.0000
 0.0000, 0.0000, 3.2878, 0.0000, 0.0000, 0.2663, 0.0000
 0.0000, 0.0000, 3.2878, 0.0000, 0.0000, 0.0532, 0.0000
 0.0000, 0.0000, 3.2878, 0.0000, 0.0000, 0.0106, 0.0000
 0.0000, 0.0000, 3.2911, 0.0000, 0.0000, 0.2680, 0.0000
 0.0000, 0.0000, 3.2911, 0.0000, 0.0000, 0.0536, 0.0000
 0.0000, 0.0000, 3.2911, 0.0000, 0.0000, 0.0107, 0.0000
 0.0000, 0.0000, 3.2911, 0.0000, 0.0000, 0.0021, 0.0000
 0.0000, 0.0000, 3.2945, 0.0000, 0.0000, 0.2663, 0.0000
 0.0000, 0.0000, 3.2945, 0.0000, 0.0000, 0.0532, 0.0000
 0.0000, 0.0000, 3.2945, 0.0000, 0.0000, 0.0106, 0.0000
 0.0000, 0.0000, 3.2945, 0.0000, 0.0000, 0.0021, 0.0000
 0.0000, 0.0000, 3.2945, 0.0000, 0.0000, 0.0004, 0.0000
 0.0000, 0.0000, 3.2978, 0.0000, 0.0000, 0.2660, 0.0000
 0.0000, 0.0000, 3.2978, 0.0000, 0.0000, 0.0532, 0.0000
 0.0000, 0.0000, 3.2978, 0.0000, 0.0000, 0.0106, 0.0000
 0.0000, 0.0000, 3.2978, 0.0000, 0.0000, 0.0021, 0.0000
 0.0000, 0.0000, 3.2978, 0.0000, 0.0000, 0.0004, 0.0000
 0.0000, 0.0000, 3.2978, 0.0000, 0.0000, 0.0000, 0.0000
 0.0000, 0.0000, 3.2978, 0.0000, 0.0000, 0.0000, 0.0000
 0.0000, 0.0000, 3.2978, 0.0000, 0.0000, 0.0000, 0.0000
 0.0000, 0.0000, 3.2978, 0.0000, 0.0000, 0.0000, 0.0000
 0.0000, 0.0000, 3.2978, 0.0000, 0.0000, 0.0000, 0.0000
 0.0000, 0.0000, 3.2978, 0.0000, 0.0000, 0.0000, 0.0000
 0.0000, 0.0000, 3.2978, 0.0000, 0.0000, 0.0000, 0.0000
 0.0000, 0.0000, 3.2978, 0.0000, 0.0000, 0.0000, 0.0000
 0.0000, 0.0000, 3.3011, 0.0000, 0.0000, 0.2659, 0.0000
 0.0000, 0.0000, 3.3011, 0.0000, 0.0000, 0.0531, 0.0000
 0.0000, 0.0000, 3.3011, 0.0000, 0.0000, 0.0106, 0.0000
 0.0000, 0.0000, 3.3011, 0.0000, 0.0000, 0.0021, 0.0000
 0.0000, 0.0000, 3.3011, 0.0000, 0.0000, 0.0004, 0.0000
 0.0000, 0.0000, 3.3011, 0.0000, 0.0000, 0.0000, 0.0000
 0.0000, 0.0000, 3.3011, 0.0000, 0.0000, 0.0000, 0.0000
 0.0000, 0.0000, 3.3011, 0.0000, 0.0000, 0.0000, 0.0000
 0.0000, 0.0000, 3.3011, 0.0000, 0.0000, 0.0000, 0.0000
 0.0000, 0.0000, 3.3011, 0.0000, 0.0000, 0.0000, 0.0000
 0.0000, 0.0000, 3.3011, 0.0000, 0.0000, 0.0000, 0.0000
 0.0000, 0.0000, 3.3011, 0.0000, 0.0000, 0.0000, 0.0000
 0.0000, 0.0000, 3.3011, 0.0000, 0.0000, 0.0000, 0.0000
 0.0000, 0.0000, 3.3011, 0.0000, 0.0000, 0.0000, 0.0000
 0.0000, 0.0000, 3.3011, 0.0000, 0.0000, 0.0000, 0.0000
 0.0000, 0.0000, 3.3011, 0.0000, 0.0000, 0.0000, 0.0000
 0.0000, 0.0000, 3.3011, 0.0000, 0.0000, 0.0000, 0.0000
 0.0000, 0.0000, 3.3011, 0.0000, 0.0000, 0.0000, 0.0000
 0.0000, 0.0000, 3.3011, 0.0000, 0.0000, 0.0000, 0.0000
 0.0000, 0.0000, 3.3011, 0.0000, 0.0000, 0.0000, 0.0000
 0.0000, 0.0000, 3.3011, 0.0000, 0.0000, 0.0000, 0.0000
 0.0000, 0.0000, 3.3011, 0.0000, 0.0000, 0.0000, 0.0000
 0.0000, 0.0000, 3.3011, 0.0000, 0.0000, 0.0000, 0.0000
 0.0000, 0.0000, 3.3011, 0.0000, 0.0000, 0.0000, 0.0000
 0.0000, 0.0000, 3.2978, 0.0000, 0.0000,-0.2659, 0.0000
 0.0000, 0.0000, 3.2978, 0.0000, 0.0000,-0.0531, 0.0000
 0.0000, 0.0000, 3.2978, 0.0000, 0.0000,-0.0106, 0.0000
 0.0000, 0.0000, 3.2978, 0.0000, 0.0000,-0.0021, 0.0000
 0.0000, 0.0000, 3.2978, 0.0000, 0.0000,-0.0004, 0.0000
 0.0000, 0.0000, 3.2978, 0.0000, 0.0000,-0.0000, 0.0000
 0.0000, 0.0000, 3.2978, 0.0000, 0.0000,-0.0000, 0.0000
 0.0000, 0.0000, 3.2978, 0.0000, 0.0000,-0.0000, 0.0000
 0.0000, 0.0000, 3.2978, 0.0000, 0.0000,-0.0000, 0.0000
 0.0000, 0.0000, 3.2978, 0.0000, 0.0000,-0.0000, 0.0000
 0.0000, 0.0000, 3.2978, 0.0000, 0.0000,-0.0000, 0.0000
 0.0000, 0.0000, 3.2945, 0.0000, 0.0000,-0.2659, 0.0000
 0.0000, 0.0000, 3.2945, 0.0000, 0.0000,-0.0531, 0.0000
 0.0000, 0.0000, 3.2945, 0.0000, 0.0000,-0.0106, 0.0000
 0.0000, 0.0000, 3.2945, 0.0000, 0.0000,-0.0021, 0.0000
 0.0000, 0.0000, 3.2945, 0.0000, 0.0000,-0.0004, 0.0000
 0.0000, 0.0000, 3.2945, 0.0000, 0.0000,-0.0000, 0.0000
 0.0000, 0.0000, 3.2945, 0.0000, 0.0000,-0.0000, 0.0000
 0.0000, 0.0000, 3.2945, 0.0000, 0.0000,-0.0000, 0.0000
 0.0000, 0.0000, 3.2945, 0.0000, 0.0000,-0.0000, 0.0000
 0.0000, 0.0000, 3.2945, 0.0000, 0.0000,-0.0000, 0.0000
 0.0000, 0.0000, 3.2911, 0.0000, 0.0000,-0.2659, 0.0000
 0.0000, 0.0000, 3.2911, 0.0000, 0.0000,-0.0531, 0.0000
 0.0000, 0.0000, 3.2911, 0.0000, 0.0000,-0.0106, 0.0000
 0.0000, 0.0000, 3.2911, 0.0000, 0.0000,-0.0021, 0.0000
 0.0000, 0.0000, 3.2911, 0.0000, 0.0000,-0.0004, 0.0000
 0.0000, 0.0000, 3.2911, 0.0000, 0.0000,-0.0000, 0.0000
 0.0000, 0.0000, 3.2911, 0.0000, 0.0000,-0.0000, 0.0000
 0.0000, 0.0000, 3.2911, 0.0000, 0.0000,-0.0000, 0.0000
 0.0000, 0.0000, 3.2911, 0.0000, 0.0000,-0.0000, 0.0000
 0.0000, 0.0000, 3.2911, 0.0000, 0.0000,-0.0000, 0.0000
 0.0000, 0.0000, 3.2911, 0.0000, 0.0000,-0.0000, 0.0000
 0.0000, 0.0000, 3.2911, 0.0000, 0.0000,-0.0000, 0.0000
 0.0000, 0.0000, 3.2911, 0.0000, 0.0000,-0.0000, 0.0000
 0.0000, 0.0000, 3.2911, 0.0000, 0.0000,-0.0000, 0.0000
 0.0000, 0.0000, 3.2911, 0.0000, 0.0000,-0.0000, 0.0000
 0.0000, 0.0000, 3.2911, 0.0000, 0.0000,-0.0000, 0.0000
 0.0000, 0.0000, 3.2911, 0.0000, 0.0000,-0.0000, 0.0000
 0.0000, 0.0000, 3.2911, 0.0000, 0.0000,-0.0000, 0.0000
 0.0000, 0.0000, 3.2911, 0.0000, 0.0000,-0.0000, 0.0000
 0.0000, 0.0000, 3.2911, 0.0000, 0.0000,-0.0000, 0.0000
 0.0000, 0.0000, 3.2911, 0.0000, 0.0000,-0.0000, 0.0000
 0.0000, 0.0000, 3.2911, 0.0000, 0.0000,-0.0000, 0.0000
 0.0000, 0.0000, 3.2911, 0.0000, 0.0000,-0.0000, 0.0000
 0.0000, 0.0000, 3.2911, 0.0000, 0.0000,-0.0000, 0.0000
 0.0000, 0.0000, 3.2911, 0.0000, 0.0000,-0.0000, 0.0000
 0.0000, 0.0000, 3.2911, 0.0000, 0.0000,-0.0000, 0.0000
 0.0000, 0.0000, 3.2911, 0.0000, 0.0000,-0.0000, 0.0000
 0.0000, 0.0000, 3.2911, 0.0000, 0.0000,-0.0000, 0.0000
 0.0000, 0.0000, 3.2911, 0.0000, 0.0000,-0.0000, 0.0000
 0.0000, 0.0000, 3.2911, 0.0000, 0.0000,-0.0000, 0.0000
 0.0000, 0.0000, 3.2911, 0.0000, 0.0000,-0.0000, 0.0000
 0.0000, 0.0000, 3.2911, 0.0000, 0.0000,-0.0000, 0.0000
 0.0000, 0.0000, 3.2911, 0.0000, 0.0000,-0.0000, 0.0000
 0.0000, 0.0000, 3.2911, 0.0000, 0.0000,-0.0000, 0.0000
 0.0000, 0.0000, 3.2911, 0.0000, 0.0000,-0.0000, 0.0000
 0.0000, 0.0000, 3.2911, 0.0000, 0.0000,-0.0000, 0.0000
 0.0000, 0.0000, 3.2911, 0.0000, 0.0000,-0.0000, 0.0000
 0.0000, 0.0000, 3.2911, 0.0000, 0.0000,-0.0000, 0.0000
 0.0000, 0.0000, 3.2911, 0.0000, 0.0000,-0.0000, 0.0000
 0.0000, 0.0000, 3.2911, 0.0000, 0.0000,-0.0000, 0.0000
 0.0000, 0.0000, 3.2911, 0.0000, 0.0000,-0.0000, 0.0000
 0.0000, 0.0000, 3.2911, 0.0000, 0.0000,-0.0000, 0.0000
 0.0000, 0.0000, 3.2911, 0.0000, 0.0000,-0.0000, 0.0000
 0.0000, 0.0000, 3.2911, 0.0000, 0.0000,-0.0000, 0.0000
 0.0000, 0.0000, 3.2911, 0.0000, 0.0000,-0.0000, 0.0000
 0.0000, 0.0000, 3.2911, 0.0000, 0.0000,-0.0000, 0.0000
 0.0000, 0.0000, 3.2911, 0.0000, 0.0000,-0.0000, 0.0000
 0.0000, 0.0000, 3.2911, 0.0000, 0.0000,-0.0000, 0.0000
 0.0000, 0.0000, 3.2911, 0.0000, 0.0000,-0.0000, 0.0000
 0.0000, 0.0000, 3.2911, 0.0000, 0.0000,-0.0000, 0.0000
 0.0000, 0.0000, 3.2911, 0.0000, 0.0000,-0.0000, 0.0000
 0.0000, 0.0000, 3.2911, 0.0000, 0.0000,-0.0000, 0.0000
 0.0000, 0.0000, 3.2911, 0.0000, 0.0000,-0.0000, 0.0000
 0.0000, 0.0000, 3.2911, 0.0000, 0.0000,-0.0000, 0.0000
 0.0000, 0.0000, 3.2911, 0.0000, 0.0000, 0.0000, 0.0000
 0.0000, 0.0000, 3.2911, 0.0000, 0.0000, 0.0000, 0.0000
 0.0000, 0.0000, 3.2911, 0.0000, 0.0000, 0.0000, 0.0000
 0.0000, 0.0000, 3.2911, 0.0000, 0.0000, 0.0000, 0.0000
 0.0000, 0.0000, 3.2911, 0.0000, 0.0000, 0.0000, 0.0000
 0.0000, 0.0000, 3.2911, 0.0000, 0.0000, 0.0000, 0.0000
 0.0000, 0.0000, 3.2911, 0.0000, 0.0000, 0.0000, 0.0000
 0.0000, 0.0000, 3.2911, 0.0000, 0.0000, 0.0000, 0.0000
 0.0000, 0.0000, 3.2911, 0.0000, 0.0000, 0.0000, 0.0000
 0.0000, 0.0000, 3.2911, 0.0000, 0.0000, 0.0000, 0.0000
 0.0000, 0.0000, 3.2911, 0.0000, 0.0000, 0.0000, 0.0000
 0.0000, 0.0000, 3.2911, 0.0000, 0.0000, 0.0000, 0.0000
 0.0000, 0.0000, 3.2911, 0.0000, 0.0000, 0.0000, 0.0000
 0.0000, 0.0000, 3.2911, 0.0000, 0.0000, 0.0000, 0.0000
 0.0000, 0.0000, 3.2911, 0.0000, 0.0000, 0.0000, 0.0000
 0.0000, 0.0000, 3.2911, 0.0000, 0.0000, 0.0000, 0.0000
 0.0000, 0.0000, 3.2911, 0.0000, 0.0000, 0.0000, 0.0000
 0.0000, 0.0000, 3.2911, 0.0000, 0.0000, 0.0000, 0.0000
 0.0000, 0.0000, 3.2911, 0.0000, 0.0000, 0.0000, 0.0000
 0.0000, 0.0000, 3.2911, 0.0000, 0.0000, 0.0000, 0.0000
 0.0000, 0.0000, 3.2911, 0.0000, 0.0000, 0.0000, 0.0000
 0.0000, 0.0000, 3.2911, 0.0000, 0.0000, 0.0000, 0.0000
 0.0000, 0.0000, 3.2911, 0.0000, 0.0000, 0.0000, 0.0000
 0.0000, 0.0000, 3.2911, 0.0000, 0.0000, 0.0000, 0.0000
 0.0000, 0.0000, 3.2911, 0.0000, 0.0000, 0.0000, 0.0000
 0.0000, 0.0000, 3.2911, 0.0000, 0.0000, 0.0000, 0.0000
 0.0000, 0.0000, 3.2911, 0.0000, 0.0000, 0.0000, 0.0000
 0.0000, 0.0000, 3.2911, 0.0000, 0.0000, 0.0000, 0.0000
 0.0000, 0.0000, 3.2911, 0.0000, 0.0000, 0.0000, 0.0000
 0.0000, 0.0000, 3.2911, 0.0000, 0.0000, 0.0000, 0.0000
 0.0000, 0.0000, 3.2911, 0.0000, 0.0000, 0.0000, 0.0000
 0.0000, 0.0000, 3.2911, 0.0000, 0.0000, 0.0000, 0.0000
 0.0000, 0.0000, 3.2911, 0.0000, 0.0000, 0.0000, 0.0000
 0.0000, 0.0000, 3.2911, 0.0000, 0.0000, 0.0000, 0.0000
 0.0000, 0.0000, 3.2911, 0.0000, 0.0000, 0.0000, 0.0000
 0.0000, 0.0000, 3.2911, 0.0000, 0.0000, 0.0000, 0.0000
 0.0000, 0.0000, 3.2911, 0.0000, 0.0000, 0.0000, 0.0000
 0.0000, 0.0000, 3.2911, 0.0000, 0.0000, 0.0000, 0.0000
 0.0000, 0.0000, 3.2911, 0.0000, 0.0000, 0.0000, 0.0000
 0.0000, 0.0000, 3.2911, 0.0000, 0.0000, 0.0000, 0.0000
 0.0000, 0.0000, 3.2911, 0.0000, 0.0000, 0.0000, 0.0000
 0.0000, 0.0000, 3.2911, 0.0000, 0.0000, 0.0000, 0.0000
 0.0000, 0.0000, 3.2911, 0.0000, 0.0000, 0.0000, 0.0000
 0.0000, 0.0000, 3.2911, 0.0000, 0.0000, 0.0000, 0.0000
 0.0000, 0.0000, 3.2911, 0.0000, 0.0000, 0.0000, 0.0000
 0.0000, 0.0000, 3.2911, 0.0000, 0.0000, 0.0000, 0.0000
 0.0000, 0.0000, 3.2911, 0.0000, 0.0000, 0.0000, 0.0000
 0.0000, 0.0000, 3.2911, 0.0000, 0.0000, 0.0000, 0.0000
 0.0000, 0.0000, 3.2911, 0.0000, 0.0000, 0.0000, 0.0000
 0.0000, 0.0000, 3.2911, 0.0000, 0.0000, 0.0000, 0.0000
 0.0000, 0.0000, 3.2911, 0.0000, 0.0000, 0.0000, 0.0000
 0.0000, 0.0000, 3.2911, 0.0000, 0.0000, 0.0000, 0.0000
 0.0000, 0.0000, 3.2911, 0.0000, 0.0000, 0.0000, 0.0000
 0.0000, 0.0000, 3.2911, 0.0000, 0.0000, 0.0000, 0.0000
 0.0000, 0.0000, 3.2911, 0.0000, 0.0000, 0.0000, 0.0000
 0.0000, 0.0000, 3.2911, 0.0000, 0.0000, 0.0000, 0.0000
 0.0000, 0.0000, 3.2911, 0.0000, 0.0000, 0.0000, 0.0000
 0.0000, 0.0000, 3.2911, 0.0000, 0.0000, 0.0000, 0.0000
 0.0000, 0.0000, 3.2911, 0.0000, 0.0000, 0.0000, 0.0000
 0.0000, 0.0000, 3.2911, 0.0000, 0.0000, 0.0000, 0.0000
 0.0000, 0.0000, 3.2878, 0.0000, 0.0000,-0.2659, 0.0000
 0.0000, 0.0000, 3.2878, 0.0000, 0.0000,-0.0531, 0.0000
 0.0000, 0.0000, 3.2878, 0.0000, 0.0000,-0.0106, 0.0000
 0.0000, 0.0000, 3.2878, 0.0000, 0.0000,-0.0021, 0.0000
 0.0000, 0.0000, 3.2878, 0.0000, 0.0000,-0.0004, 0.0000
 0.0000, 0.0000, 3.2845, 0.0000, 0.0000,-0.2660, 0.0000
 0.0000, 0.0000, 3.2845, 0.0000, 0.0000,-0.0532, 0.0000
 0.0000, 0.0000, 3.2845, 0.0000, 0.0000,-0.0106, 0.0000
 0.0000, 0.0000, 3.2812, 0.0000, 0.0000,-0.2680, 0.0000
 0.0000, 0.0000, 3.2812, 0.0000, 0.0000,-0.0536, 0.0000
 0.0000, 0.0000, 3.2812, 0.0000, 0.0000,-0.0107, 0.0000
 0.0000, 0.0000, 3.2778, 0.0000, 0.0000,-0.2681, 0.0000
 0.0000, 0.0000, 3.2778, 0.0000, 0.0000,-0.0536, 0.0000
 0.0000, 0.0000, 3.2778, 0.0000, 0.0000,-0.0107, 0.0000
 0.0000, 0.0000, 3.2778, 0.0000, 0.0000,-0.0021, 0.0000
 0.0000, 0.0000, 3.2745, 0.0000, 0.0000,-0.2663, 0.0000
 0.0000, 0.0000, 3.2745, 0.0000, 0.0000,-0.0532, 0.0000
 0.0000, 0.0000, 3.2745, 0.0000, 0.0000,-0.0106, 0.0000
 0.0000, 0.0000, 3.2745, 0.0000, 0.0000,-0.0021, 0.0000
 0.0000, 0.0000, 3.2745, 0.0000, 0.0000,-0.0004, 0.0000
 0.0000, 0.0000, 3.2745, 0.0000, 0.0000,-0.0000, 0.0000
 0.0000, 0.0000, 3.2745, 0.0000, 0.0000,-0.0000, 0.0000
 0.0000, 0.0000, 3.2745, 0.0000, 0.0000,-0.0000, 0.0000
 0.0000, 0.0000, 3.2745, 0.0000, 0.0000,-0.0000, 0.0000
 0.0000, 0.0000, 3.2745, 0.0000, 0.0000,-0.0000, 0.0000
 0.0000, 0.0000, 3.2712, 0.0000, 0.0000,-0.2659, 0.0000
 0.0000, 0.0000, 3.2712, 0.0000, 0.0000,-0.0531, 0.0000
 0.0000, 0.0000, 3.2712, 0.0000, 0.0000,-0.0106, 0.0000
 0.0000, 0.0000, 3.2712, 0.0000, 0.0000,-0.0021, 0.0000
 0.0000, 0.0000, 3.2712, 0.0000, 0.0000,-0.0004, 0.0000
 0.0000, 0.0000, 3.2712, 0.0000, 0.0000,-0.0000, 0.0000
 0.0000, 0.0000, 3.2712, 0.0000, 0.0000,-0.0000, 0.0000
 0.0000, 0.0000, 3.2712, 0.0000, 0.0000,-0.0000, 0.0000
 0.0000, 0.0000, 3.2712, 0.0000, 0.0000,-0.0000, 0.0000
 0.0000, 0.0000, 3.2712, 0.0000, 0.0000,-0.0000, 0.0000
 0.0000, 0.0000, 3.2712, 0.0000, 0.0000,-0.0000, 0.0000
 0.0000, 0.0000, 3.2712, 0.0000, 0.0000,-0.0000, 0.0000
 0.0000, 0.0000, 3.2712, 0.0000, 0.0000,-0.0000, 0.0000
 0.0000, 0.0000, 3.2712, 0.0000, 0.0000,-0.0000, 0.0000
 0.0000, 0.0000, 3.2712, 0.0000, 0.0000,-0.0000, 0.0000
 0.0000, 0.0000, 3.2712, 0.0000, 0.0000,-0.0000, 0.0000
 0.0000, 0.0000, 3.2712, 0.0000, 0.0000,-0.0000, 0.0000
 0.0000, 0.0000, 3.2712, 0.0000, 0.0000,-0.0000, 0.0000
 0.0000, 0.0000, 3.2712, 0.0000, 0.0000,-0.0000, 0.0000
 0.0000, 0.0000, 3.2712, 0.0000, 0.0000,-0.0000, 0.0000
 0.0000, 0.0000, 3.2712, 0.0000, 0.0000,-0.0000, 0.0000
 0.0000, 0.0000, 3.2712, 0.0000, 0.0000,-0.0000, 0.0000
 0.0000, 0.0000, 3.2712, 0.0000, 0.0000,-0.0000, 0.0000
 0.0000, 0.0000, 3.2712, 0.0000, 0.0000,-0.0000, 0.0000
 0.0000, 0.0000, 3.2712, 0.0000, 0.0000,-0.0000, 0.0000
 0.0000, 0.0000, 3.2712, 0.0000, 0.0000,-0.0000, 0.0000
 0.0000, 0.0000, 3.2712, 0.0000, 0.0000,-0.0000, 0.0000
 0.0000, 0.0000, 3.2712, 0.0000, 0.0000,-0.0000, 0.0000
 0.0000, 0.0000, 3.2712, 0.0000, 0.0000,-0.0000, 0.0000
 0.0000, 0.0000, 3.2712, 0.0000, 0.0000,-0.0000, 0.0000
 0.0000, 0.0000, 3.2712, 0.0000, 0.0000,-0.0000, 0.0000
 0.0000, 0.0000, 3.2712, 0.0000, 0.0000,-0.0000, 0.0000
 0.0000, 0.0000, 3.2712, 0.0000, 0.0000,-0.0000, 0.0000
 0.0000, 0.0000, 3.2712, 0.0000, 0.0000,-0.0000, 0.0000
 0.0000, 0.0000, 3.2712, 0.0000, 0.0000,-0.0000, 0.0000
 0.0000, 0.0000, 3.2712, 0.0000, 0.0000,-0.0000, 0.0000
 0.0000, 0.0000, 3.2712, 0.0000, 0.0000,-0.0000, 0.0000
 0.0000, 0.0000, 3.2712, 0.0000, 0.0000,-0.0000, 0.0000
 0.0000, 0.0000, 3.2712, 0.0000, 0.0000,-0.0000, 0.0000
 0.0000, 0.0000, 3.2712, 0.0000, 0.0000,-0.0000, 0.0000
 0.0000, 0.0000, 3.2712, 0.0000, 0.0000,-0.0000, 0.0000
 0.0000, 0.0000, 3.2712, 0.0000, 0.0000,-0.0000, 0.0000
 0.0000, 0.0000, 3.2712, 0.0000, 0.0000,-0.0000, 0.0000
 0.0000, 0.0000, 3.2712, 0.0000, 0.0000,-0.0000, 0.0000
 0.0000, 0.0000, 3.2712, 0.0000, 0.0000,-0.0000, 0.0000
 0.0000, 0.0000, 3.2712, 0.0000, 0.0000,-0.0000, 0.0000
 0.0000, 0.0000, 3.2712, 0.0000, 0.0000,-0.0000, 0.0000
 0.0000, 0.0000, 3.2712, 0.0000, 0.0000,-0.0000, 0.0000
 0.0000, 0.0000, 3.2679, 0.0000, 0.0000,-0.2659, 0.0000
 0.0000, 0.0000, 3.2679, 0.0000, 0.0000,-0.0531, 0.0000
 0.0000, 0.0000, 3.2679, 0.0000, 0.0000,-0.0106, 0.0000
 0.0000, 0.0000, 3.2679, 0.0000, 0.0000,-0.0021, 0.0000
 0.0000, 0.0000, 3.2679, 0.0000, 0.0000,-0.0004, 0.0000
 0.0000, 0.0000, 3.2679, 0.0000, 0.0000,-0.0000, 0.0000
 0.0000, 0.0000, 3.2645, 0.0000, 0.0000,-0.2659, 0.0000
 0.0000, 0.0000, 3.2645, 0.0000, 0.0000,-0.0531, 0.0000
 0.0000, 0.0000, 3.2645, 0.0000, 0.0000,-0.0106, 0.0000
 0.0000, 0.0000, 3.2645, 0.0000, 0.0000,-0.0021, 0.0000
 0.0000, 0.0000, 3.2645, 0.0000, 0.0000,-0.0004, 0.0000
 0.0000, 0.0000, 3.2645, 0.0000, 0.0000,-0.0000, 0.0000
 0.0000, 0.0000, 3.2645, 0.0000, 0.0000,-0.0000, 0.0000
 0.0000, 0.0000, 3.2645, 0.0000, 0.0000,-0.0000, 0.0000
 0.0000, 0.0000, 3.2645, 0.0000, 0.0000,-0.0000, 0.0000
 0.0000, 0.0000, 3.2645, 0.0000, 0.0000,-0.0000, 0.0000
 0.0000, 0.0000, 3.2645, 0.0000, 0.0000,-0.0000, 0.0000
 0.0000, 0.0000, 3.2645, 0.0000, 0.0000,-0.0000, 0.0000
 0.0000, 0.0000, 3.2645, 0.0000, 0.0000,-0.0000, 0.0000
 0.0000, 0.0000, 3.2645, 0.0000, 0.0000,-0.0000, 0.0000
 0.0000, 0.0000, 3.2645, 0.0000, 0.0000,-0.0000, 0.0000
 0.0000, 0.0000, 3.2645, 0.0000, 0.0000,-0.0000, 0.0000
 0.0000, 0.0000, 3.2645, 0.0000, 0.0000,-0.0000, 0.0000
 0.0000, 0.0000, 3.2645, 0.0000, 0.0000,-0.0000, 0.0000
 0.0000, 0.0000, 3.2645, 0.0000, 0.0000,-0.0000, 0.0000
 0.0000, 0.0000, 3.2645, 0.0000, 0.0000,-0.0000, 0.0000
 0.0000, 0.0000, 3.2612, 0.0000, 0.0000,-0.2659, 0.0000
 0.0000, 0.0000, 3.2612, 0.0000, 0.0000,-0.0531, 0.0000
 0.0000, 0.0000, 3.2612, 0.0000, 0.0000,-0.0106, 0.0000
 0.0000, 0.0000, 3.2612, 0.0000, 0.0000,-0.0021, 0.0000
 0.0000, 0.0000, 3.2612, 0.0000, 0.0000,-0.0004, 0.0000
 0.0000, 0.0000, 3.2612, 0.0000, 0.0000,-0.0000, 0.0000
 0.0000, 0.0000, 3.2612, 0.0000, 0.0000,-0.0000, 0.0000
 0.0000, 0.0000, 3.2612, 0.0000, 0.0000,-0.0000, 0.0000
 0.0000, 0.0000, 3.2612, 0.0000, 0.0000,-0.0000, 0.0000
 0.0000, 0.0000, 3.2645, 0.0000, 0.0000, 0.2659, 0.0000
 0.0000, 0.0000, 3.2645, 0.0000, 0.0000, 0.0531, 0.0000
 0.0000, 0.0000, 3.2645, 0.0000, 0.0000, 0.0106, 0.0000
 0.0000, 0.0000, 3.2645, 0.0000, 0.0000, 0.0021, 0.0000
 0.0000, 0.0000, 3.2645, 0.0000, 0.0000, 0.0004, 0.0000
 0.0000, 0.0000, 3.2645, 0.0000, 0.0000, 0.0000, 0.0000
 0.0000, 0.0000, 3.2645, 0.0000, 0.0000, 0.0000, 0.0000
 0.0000, 0.0000, 3.2645, 0.0000, 0.0000, 0.0000, 0.0000
 0.0000, 0.0000, 3.2645, 0.0000, 0.0000, 0.0000, 0.0000
 0.0000, 0.0000, 3.2645, 0.0000, 0.0000, 0.0000, 0.0000
 0.0000, 0.0000, 3.2645, 0.0000, 0.0000, 0.0000, 0.0000
 0.0000, 0.0000, 3.2645, 0.0000, 0.0000, 0.0000, 0.0000
 0.0000, 0.0000, 3.2645, 0.0000, 0.0000, 0.0000, 0.0000
 0.0000, 0.0000, 3.2645, 0.0000, 0.0000, 0.0000, 0.0000
 0.0000, 0.0000, 3.2645, 0.0000, 0.0000, 0.0000, 0.0000
 0.0000, 0.0000, 3.2645, 0.0000, 0.0000, 0.0000, 0.0000
 0.0000, 0.0000, 3.2645, 0.0000, 0.0000, 0.0000, 0.0000
 0.0000, 0.0000, 3.2645, 0.0000, 0.0000, 0.0000, 0.0000
 0.0000, 0.0000, 3.2645, 0.0000, 0.0000, 0.0000, 0.0000
 0.0000, 0.0000, 3.2645, 0.0000, 0.0000, 0.0000, 0.0000
 0.0000, 0.0000, 3.2645, 0.0000, 0.0000, 0.0000, 0.0000
 0.0000, 0.0000, 3.2645, 0.0000, 0.0000, 0.0000, 0.0000
 0.0000, 0.0000, 3.2645, 0.0000, 0.0000, 0.0000, 0.0000
 0.0000, 0.0000, 3.2645, 0.0000, 0.0000, 0.0000, 0.0000
 0.0000, 0.0000, 3.2645, 0.0000, 0.0000, 0.0000, 0.0000
 0.0000, 0.0000, 3.2645, 0.0000, 0.0000, 0.0000, 0.0000
 0.0000, 0.0000, 3.2645, 0.0000, 0.0000, 0.0000, 0.0000
 0.0000, 0.0000, 3.2645, 0.0000, 0.0000, 0.0000, 0.0000
 0.0000, 0.0000, 3.2645, 0.0000, 0.0000, 0.0000, 0.0000
 0.0000, 0.0000, 3.2645, 0.0000, 0.0000, 0.0000, 0.0000
 0.0000, 0.0000, 3.2645, 0.0000, 0.0000, 0.0000, 0.0000
 0.0000, 0.0000, 3.2645, 0.0000, 0.0000, 0.0000, 0.0000
 0.0000, 0.0000, 3.2645, 0.0000, 0.0000, 0.0000, 0.0000
 0.0000, 0.0000, 3.2645, 0.0000, 0.0000, 0.0000, 0.0000
 0.0000, 0.0000, 3.2645, 0.0000, 0.0000, 0.0000, 0.0000
 0.0000, 0.0000, 3.2645, 0.0000, 0.0000, 0.0000, 0.0000
 0.0000, 0.0000, 3.2645, 0.0000, 0.0000, 0.0000, 0.0000
 0.0000, 0.0000, 3.2645, 0.0000, 0.0000, 0.0000, 0.0000
 0.0000, 0.0000, 3.2645, 0.0000, 0.0000, 0.0000, 0.0000
 0.0000, 0.0000, 3.2645, 0.0000, 0.0000, 0.0000, 0.0000
 0.0000, 0.0000, 3.2645, 0.0000, 0.0000, 0.0000, 0.0000
 0.0000, 0.0000, 3.2645, 0.0000, 0.0000, 0.0000, 0.0000
 0.0000, 0.0000, 3.2645, 0.0000, 0.0000, 0.0000, 0.0000
 0.0000, 0.0000, 3.2645, 0.0000, 0.0000, 0.0000, 0.0000
 0.0000, 0.0000, 3.2645, 0.0000, 0.0000, 0.0000, 0.0000
 0.0000, 0.0000, 3.2645, 0.0000, 0.0000, 0.0000, 0.0000
 0.0000, 0.0000, 3.2645, 0.0000, 0.0000, 0.0000, 0.0000
 0.0000, 0.0000, 3.2645, 0.0000, 0.0000, 0.0000, 0.0000
 0.0000, 0.0000, 3.2645, 0.0000, 0.0000, 0.0000, 0.0000
 0.0000, 0.0000, 3.2645, 0.0000, 0.0000, 0.0000, 0.0000
 0.0000, 0.0000, 3.2645, 0.0000, 0.0000, 0.0000, 0.0000
 0.0000, 0.0000, 3.2645, 0.0000, 0.0000, 0.0000, 0.0000
 0.0000, 0.0000, 3.2645, 0.0000, 0.0000, 0.0000, 0.0000
 0.0000, 0.0000, 3.2645, 0.0000, 0.0000, 0.0000, 0.0000
 0.0000, 0.0000, 3.2645, 0.0000, 0.0000, 0.0000, 0.0000
 0.0000, 0.0000, 3.2645, 0.0000, 0.0000, 0.0000, 0.0000
 0.0000, 0.0000, 3.2645, 0.0000, 0.0000, 0.0000, 0.0000
 0.0000, 0.0000, 3.2645, 0.0000, 0.0000, 0.0000, 0.0000
 0.0000, 0.0000, 3.2645, 0.0000, 0.0000, 0.0000, 0.0000
 0.0000, 0.0000, 3.2645, 0.0000, 0.0000, 0.0000, 0.0000
 0.0000, 0.0000, 3.2645, 0.0000, 0.0000, 0.0000, 0.0000
 0.0000, 0.0000, 3.2645, 0.0000, 0.0000, 0.0000, 0.0000
 0.0000, 0.0000, 3.2645, 0.0000, 0.0000, 0.0000, 0.0000
 0.0000, 0.0000, 3.2645, 0.0000, 0.0000, 0.0000, 0.0000
 0.0000, 0.0000, 3.2645, 0.0000, 0.0000, 0.0000, 0.0000
 0.0000, 0.0000, 3.2645, 0.0000, 0.0000, 0.0000, 0.0000
 0.0000, 0.0000, 3.2645, 0.0000, 0.0000, 0.0000, 0.0000
 0.0000, 0.0000, 3.2645, 0.0000, 0.0000, 0.0000, 0.0000
 0.0000, 0.0000, 3.2645, 0.0000, 0.0000, 0.0000, 0.0000
 0.0000, 0.0000, 3.2645, 0.0000, 0.0000, 0.0000, 0.0000
 0.0000, 0.0000, 3.2645, 0.0000, 0.0000, 0.0000, 0.0000
 0.0000, 0.0000, 3.2645, 0.0000, 0.0000, 0.0000, 0.0000
 0.0000, 0.0000, 3.2645, 0.0000, 0.0000, 0.0000, 0.0000
 0.0000, 0.0000, 3.2645, 0.0000, 0.0000, 0.0000, 0.0000
 0.0000, 0.0000, 3.2645, 0.0000, 0.0000, 0.0000, 0.0000
 0.0000, 0.0000, 3.2645, 0.0000, 0.0000, 0.0000, 0.0000
 0.0000, 0.0000, 3.2645, 0.0000, 0.0000, 0.0000, 0.0000
 0.0000, 0.0000, 3.2645, 0.0000, 0.0000, 0.0000, 0.0000
 0.0000, 0.0000, 3.2645, 0.0000, 0.0000, 0.0000, 0.0000
 0.0000, 0.0000, 3.2645, 0.0000, 0.0000, 0.0000, 0.0000
 0.0000, 0.0000, 3.2645, 0.0000, 0.0000, 0.0000, 0.0000
 0.0000, 0.0000, 3.2645, 0.0000, 0.0000, 0.0000, 0.0000
 0.0000, 0.0000, 3.2645, 0.0000, 0.0000, 0.0000, 0.0000
 0.0000, 0.0000, 3.2645, 0.0000, 0.0000, 0.0000, 0.0000
 0.0000, 0.0000, 3.2645, 0.0000, 0.0000, 0.0000, 0.0000
 0.0000, 0.0000, 3.2645, 0.0000, 0.0000, 0.0000, 0.0000
 0.0000, 0.0000, 3.2645, 0.0000, 0.0000, 0.0000, 0.0000
 0.0000, 0.0000, 3.2645, 0.0000, 0.0000, 0.0000, 0.0000
 0.0000, 0.0000, 3.2645, 0.0000, 0.0000, 0.0000, 0.0000
 0.0000, 0.0000, 3.2645, 0.0000, 0.0000, 0.0000, 0.0000
 0.0000, 0.0000, 3.2645, 0.0000, 0.0000, 0.0000, 0.0000
 0.0000, 0.0000, 3.2679, 0.0000, 0.0000, 0.2659, 0.0000
 0.0000, 0.0000, 3.2679, 0.0000, 0.0000, 0.0531, 0.0000
 0.0000, 0.0000, 3.2679, 0.0000, 0.0000, 0.0106, 0.0000
 0.0000, 0.0000, 3.2679, 0.0000, 0.0000, 0.0021, 0.0000
 0.0000, 0.0000, 3.2679, 0.0000, 0.0000, 0.0004, 0.0000
 0.0000, 0.0000, 3.2679, 0.0000, 0.0000, 0.0000, 0.0000
 0.0000, 0.0000, 3.2679, 0.0000, 0.0000, 0.0000, 0.0000
 0.0000, 0.0000, 3.2679, 0.0000, 0.0000, 0.0000, 0.0000
 0.0000, 0.0000, 3.2679, 0.0000, 0.0000, 0.0000, 0.0000
 0.0000, 0.0000, 3.2679, 0.0000, 0.0000, 0.0000, 0.0000
 0.0000, 0.0000, 3.2679, 0.0000, 0.0000, 0.0000, 0.0000
 0.0000, 0.0000, 3.2679, 0.0000, 0.0000, 0.0000, 0.0000
 0.0000, 0.0000, 3.2679, 0.0000, 0.0000, 0.0000, 0.0000
 0.0000, 0.0000, 3.2679, 0.0000, 0.0000, 0.0000, 0.0000
 0.0000, 0.0000, 3.2679, 0.0000, 0.0000, 0.0000, 0.0000
 0.0000, 0.0000, 3.2679, 0.0000, 0.0000, 0.0000, 0.0000
 0.0000, 0.0000, 3.2679, 0.0000, 0.0000, 0.0000, 0.0000
 0.0000, 0.0000, 3.2679, 0.0000, 0.0000, 0.0000, 0.0000
 0.0000, 0.0000, 3.2679, 0.0000, 0.0000, 0.0000, 0.0000
 0.0000, 0.0000, 3.2645, 0.0000, 0.0000,-0.2659, 0.0000
 0.0000, 0.0000, 3.2645, 0.0000, 0.0000,-0.0531, 0.0000
 0.0000, 0.0000, 3.2645, 0.0000, 0.0000,-0.0106, 0.0000
 0.0000, 0.0000, 3.2645, 3.1415, 0.0000,-0.0021,-4.6799
 0.0000, 0.0000, 3.2645, 3.1415,-0.0060,-0.0004,-4.6799
-0.0003, 0.0000, 3.2612, 3.1415,-0.0254,-0.2660,-4.6799
-0.0006, 0.0000, 3.2612, 3.1415,-0.0354,-0.0532,-4.6799
-0.0012, 0.0000, 3.2579, 3.1415,-0.0555,-0.2766,-4.6799
-0.0021, 0.0000, 3.2546, 3.1415,-0.0778,-0.3212,-4.6799
-0.0031, 0.0000, 3.2512, 3.1415,-0.0943,-0.3302,-4.6799
-0.0041, 0.0000, 3.2479, 3.1415,-0.1037,-0.3320,-4.6799
-0.0053, 0.0000, 3.2413, 3.1415,-0.1177,-0.5982, 3.0708
-0.0063, 0.0000, 3.2380, 3.1415,-0.1023,-0.3856,-4.6799
-0.0075, 0.0000, 3.2346, 3.1415,-0.1114,-0.3430,-4.6799
-0.0086, 0.0000, 3.2313, 3.1415,-0.1132,-0.3345,-4.6799
-0.0100, 0.0000, 3.2280, 3.1415,-0.1317,-0.3328,-4.6799
-0.0114, 0.0000, 3.2247, 3.1415,-0.1415,-0.3325,-4.6799
-0.0130, 0.0000, 3.2180, 3.1415,-0.1556,-0.5983, 4.6799
-0.0144, 0.0000, 3.2114, 3.1415,-0.1402,-0.6515, 4.6799
-0.0155, 0.0000, 3.2080, 3.1415,-0.1190,-0.3962,-0.7626
-0.0166, 0.0000, 3.2080, 3.1415,-0.1147,-0.0792,-4.6799
-0.0177, 0.0000, 3.2047, 3.1415,-0.1078,-0.2818,-4.6799
-0.0190, 0.0000, 3.1981, 3.1415,-0.1307,-0.5882, 4.6799
-0.0198, 0.0000, 3.1947, 3.1415,-0.0867,-0.3836, 3.4697
-0.0206, 0.0000, 3.1947, 3.1415,-0.0779,-0.0767,-4.6799
-0.0214, 0.0000, 3.1914, 3.1415,-0.0822,-0.2813,-1.4062
-0.0222, 0.0000, 3.1914, 3.1415,-0.0831,-0.0562,-4.6799
-0.0229, 0.0000, 3.1881, 3.1415,-0.0712,-0.2772,-0.2439
-0.0237, 0.0000, 3.1848, 3.1415,-0.0748,-0.3214, 2.8935
-0.0242, 0.0000, 3.1848, 3.1415,-0.0574,-0.0642,-4.6799
-0.0251, 0.0000, 3.1881, 3.1415,-0.0842, 0.2531,-4.6799
-0.0259, 0.0000, 3.1914, 3.1415,-0.0835, 0.3165,-4.6799
-0.0268, 0.0000, 3.1947, 3.1415,-0.0834, 0.3292,-4.6799
-0.0279, 0.0000, 3.1947, 3.1415,-0.1076, 0.0658,-4.6799
-0.0293, 0.0000, 3.1981, 3.1415,-0.1306, 0.2791,-4.6799
-0.0308, 0.0000, 3.1981, 3.1415,-0.1474, 0.0558,-4.6799
-0.0325, 0.0000, 3.1981, 3.1415,-0.1628, 0.0111,-4.6799
-0.0344, 0.0000, 3.1981, 3.1415,-0.1841, 0.0022,-4.6799
-0.0365, 0.0000, 3.1947, 3.1415,-0.2066,-0.2655,-4.6799
-0.0388, 0.0000, 3.1914, 3.1415,-0.2292,-0.3190,-4.6799
-0.0413, 0.0000, 3.1881, 3.1415,-0.2459,-0.3297,-4.6799
-0.0439, 0.0000, 3.1848, 3.1415,-0.2553,-0.3319,-4.6799
-0.0466, 0.0000, 3.1814, 3.1415,-0.2693,-0.3323,-4.6799
-0.0496, 0.0000, 3.1781, 3.1415,-0.2903,-0.3324,-4.6799
-0.0527, 0.0000, 3.1748, 3.1415,-0.3066,-0.3324,-4.6799
-0.0560, 0.0000, 3.1715, 3.1415,-0.3220,-0.3324,-4.6799
-0.0594, 0.0000, 3.1681, 3.1415,-0.3372,-0.3324,-4.6799
-0.0629, 0.0000, 3.1648, 3.1415,-0.3524,-0.3324,-4.6799
-0.0666, 0.0000, 3.1582, 3.1415,-0.3615,-0.5983, 4.6799
-0.0697, 0.0000, 3.1515, 3.1415,-0.3209,-0.6515, 4.6799
-0.0728, 0.0000, 3.1482, 3.1415,-0.3127,-0.3962, 1.2663
-0.0754, 0.0000, 3.1449, 3.1415,-0.2747,-0.3452, 1.2021
-0.0779, 0.0000, 3.1415, 3.1415,-0.2489,-0.3349, 2.8094
-0.0798, 0.0000, 3.1415, 3.1415,-0.2013,-0.0669,-4.6799
-0.0817, 0.0000, 3.1415, 3.1415,-0.1979,-0.0133,-4.6799
-0.0838, 0.0000, 3.1382, 3.1415,-0.2032,-0.2686, 2.1955
-0.0855, 0.0000, 3.1382, 3.1415,-0.1801,-0.0537,-4.6799
-0.0874, 0.0000, 3.1382, 3.1415,-0.1876,-0.0107,-4.6799
-0.0893, 0.0000, 3.1382, 3.1415,-0.1891,-0.0021,-4.6799
-0.0915, 0.0000, 3.1349, 3.1415,-0.2136,-0.2663, 2.0575
-0.0933, 0.0000, 3.1349, 3.1415,-0.1882,-0.0532,-4.6799
-0.0954, 0.0000, 3.1316, 3.1415,-0.2013,-0.2765, 4.0378
-0.0970, 0.0000, 3.1316, 3.1415,-0.1736,-0.0553,-4.6799
-0.0989, 0.0000, 3.1282, 3.1415,-0.1863,-0.2770, 4.6799
-0.1004, 0.0000, 3.1282, 3.1415,-0.1524,-0.0554,-4.6799
-0.1019, 0.0000, 3.1282, 3.1415,-0.1517,-0.0110,-4.6799
-0.1035, 0.0000, 3.1282, 3.1415,-0.1576,-0.0022,-4.6799
-0.1053, 0.0000, 3.1282, 3.1415,-0.1770,-0.0004,-4.6799
-0.1072, 0.0000, 3.1249, 3.1415,-0.1869,-0.2660, 4.6799
-0.1087, 0.0000, 3.1216, 3.1415,-0.1586,-0.3191, 4.6799
-0.1099, 0.0000, 3.1216, 3.1415,-0.1287,-0.0638,-2.1332
-0.1114, 0.0000, 3.1216, 3.1415,-0.1409,-0.0127,-4.6799
-0.1127, 0.0000, 3.1216, 3.1415,-0.1373,-0.0025,-4.6799
-0.1142, 0.0000, 3.1216, 3.1415,-0.1426,-0.0005,-4.6799
-0.1158, 0.0000, 3.1183, 3.1415,-0.1558,-0.2660, 4.6799
-0.1170, 0.0000, 3.1149, 3.1415,-0.1342,-0.3191, 4.6799
-0.1183, 0.0000, 3.1149, 3.1415,-0.1238,-0.0638,-0.4800
-0.1195, 0.0000, 3.1149, 3.1415,-0.1278,-0.0127,-3.6901
-0.1205, 0.0000, 3.1149, 3.1415,-0.0983,-0.0025,-2.6428
-0.1216, 0.0000, 3.1149, 3.1415,-0.1106,-0.0005,-3.4895
-0.1228, 0.0000, 3.1149, 3.1415,-0.1191,-0.0001,-4.0319
-0.1239, 0.0000, 3.1116, 3.1415,-0.1147,-0.2659, 4.6799
-0.1249, 0.0000, 3.1116, 3.1415,-0.1017,-0.0531, 0.7615
-0.1255, 0.0000, 3.1116, 3.1415,-0.0688,-0.0106, 0.1452
-0.1258, 0.0000, 3.1116, 3.1415,-0.0380,-0.0021, 1.3841
-0.1260, 0.0000, 3.1149, 3.1415,-0.0197, 0.2655,-4.6799
-0.1261, 0.0000, 3.1149, 3.1415,-0.0160, 0.0531,-1.3923
-0.1264, 0.0000, 3.1183, 3.1415,-0.0214, 0.2765,-4.6799
-0.1268, 0.0000, 3.1183, 3.1415,-0.0345, 0.0553,-3.4044
-0.1274, 0.0000, 3.1183, 3.1415,-0.0554, 0.0110,-2.0466
-0.1281, 0.0000, 3.1149, 3.1415,-0.0717,-0.2637, 4.6799
-0.1283, 0.0000, 3.1149, 3.1415,-0.0325,-0.0527, 3.7132
-0.1286, 0.0000, 3.1149, 3.1415,-0.0246,-0.0105, 1.7148
-0.1285, 0.0000, 3.1149, 3.1415, 0.0011,-0.0021, 2.6868
-0.1283, 0.0000, 3.1183, 3.1415, 0.0123, 0.2655,-4.6799
-0.1283, 0.0000, 3.1183, 3.1415, 0.0085, 0.0531,-0.8923
-0.1283, 0.0000, 3.1183, 3.1415,-0.0043, 0.0106, 0.8279
-0.1283, 0.0000, 3.1183, 3.1415,-0.0008, 0.0021, 1.5144
-0.1283, 0.0000, 3.1183, 3.1415, 0.0058, 0.0004, 1.9961
-0.1282, 0.0000, 3.1216, 3.1415, 0.0072, 0.2660,-4.6799
-0.1283, 0.0000, 3.1216, 3.1415,-0.0046, 0.0532,-2.4602
-0.1285, 0.0000, 3.1216, 3.1415,-0.0191, 0.0106,-0.8307
-0.1288, 0.0000, 3.1183, 3.1415,-0.0280,-0.2638, 4.6799
-0.1288, 0.0000, 3.1183, 3.1415,-0.0056,-0.0527, 4.3975
-0.1286, 0.0000, 3.1183, 3.1415, 0.0110,-0.0105, 2.9056
-0.1284, 0.0000, 3.1183, 3.1415, 0.0203,-0.0021, 2.9554
-0.1280, 0.0000, 3.1183, 3.1415, 0.0343,-0.0004, 3.6599
-0.1274, 0.0000, 3.1183, 3.1415, 0.0614,-0.0000, 4.6799
-0.1265, 0.0000, 3.1216, 3.1415, 0.0789, 0.2659,-4.6799
-0.1262, 0.0000, 3.1216, 3.1415, 0.0400, 0.0531, 0.1247
-0.1255, 0.0000, 3.1216, 3.1415, 0.0625, 0.0106, 3.8703
-0.1248, 0.0000, 3.1216, 3.1415, 0.0731, 0.0021, 4.6799
-0.1239, 0.0000, 3.1249, 3.1415, 0.0813, 0.2663,-4.6799
-0.1234, 0.0000, 3.1249, 3.1415, 0.0587, 0.0532, 0.4403
-0.1228, 0.0000, 3.1249, 3.1415, 0.0602, 0.0106, 3.0037
-0.1221, 0.0000, 3.1249, 3.1415, 0.0726, 0.0021, 4.2204
-0.1211, 0.0000, 3.1249, 3.1415, 0.0872, 0.0004, 4.6799
-0.1201, 0.0000, 3.1249, 3.1415, 0.1023, 0.0000, 4.6799
-0.1190, 0.0000, 3.1282, 3.1415, 0.1053, 0.2659,-4.6799
-0.1181, 0.0000, 3.1316, 3.1415, 0.0938, 0.3191,-4.6799
-0.1174, 0.0000, 3.1316, 3.1415, 0.0794, 0.0638,-0.4508
-0.1170, 0.0000, 3.1282, 3.1415, 0.0461,-0.2531, 4.6799
-0.1166, 0.0000, 3.1282, 3.1415, 0.0395,-0.0506, 4.6799
-0.1161, 0.0000, 3.1249, 3.1415, 0.0442,-0.2760, 4.6799
-0.1157, 0.0000, 3.1249, 3.1415, 0.0452,-0.0552, 4.6799
-0.1150, 0.0000, 3.1249, 3.1415, 0.0636,-0.0110, 4.6799
-0.1142, 0.0000, 3.1249, 3.1415, 0.0794,-0.0022, 4.6799
-0.1132, 0.0000, 3.1249, 3.1415, 0.0947,-0.0004, 4.6799
-0.1120, 0.0000, 3.1249, 3.1415, 0.1098,-0.0000, 4.6799
-0.1107, 0.0000, 3.1249, 3.1415, 0.1311,-0.0000, 4.6799
-0.1094, 0.0000, 3.1249, 3.1415, 0.1293,-0.0000, 4.6799
-0.1078, 0.0000, 3.1282, 3.1415, 0.1531, 0.2659,-4.6799
-0.1066, 0.0000, 3.1282, 3.1415, 0.1276, 0.0531, 4.0446
-0.1051, 0.0000, 3.1282, 3.1415, 0.1407, 0.0106, 4.6799
-0.1036, 0.0000, 3.1282, 3.1415, 0.1554, 0.0021, 4.6799
-0.1018, 0.0000, 3.1316, 3.1415, 0.1705, 0.2663,-4.6799
-0.1005, 0.0000, 3.1316, 3.1415, 0.1432, 0.0532, 4.2929
-0.0989, 0.0000, 3.1349, 3.1415, 0.1559, 0.2765,-4.6799
-0.0976, 0.0000, 3.1349, 3.1415, 0.1282, 0.0553, 2.5951
-0.0963, 0.0000, 3.1349, 3.1415, 0.1347, 0.0110, 4.6799
-0.0950, 0.0000, 3.1349, 3.1415, 0.1300, 0.0022, 4.6799
-0.0939, 0.0000, 3.1316, 3.1415, 0.1169,-0.2654, 4.6799
-0.0923, 0.0000, 3.1316, 3.1415, 0.1446,-0.0530, 4.6799
-0.0906, 0.0000, 3.1316, 3.1415, 0.1683,-0.0106, 4.6799
-0.0889, 0.0000, 3.1349, 3.1415, 0.1670, 0.2638,-4.6799
-0.0873, 0.0000, 3.1349, 3.1415, 0.1607, 0.0527, 4.6799
-0.0857, 0.0000, 3.1349, 3.1415, 0.1655, 0.0105, 4.6799
-0.0838, 0.0000, 3.1349, 3.1415, 0.1846, 0.0021, 4.6799
-0.0818, 0.0000, 3.1349, 3.1415, 0.1945, 0.0004, 4.6799
-0.0797, 0.0000, 3.1382, 3.1415, 0.2086, 0.2660,-4.6799
-0.0779, 0.0000, 3.1382, 3.1415, 0.1811, 0.0532, 4.6799
-0.0757, 0.0000, 3.1415, 3.1415, 0.2181, 0.2766,-4.6799
-0.0740, 0.0000, 3.1415, 3.1415, 0.1770, 0.0553, 4.4543
-0.0723, 0.0000, 3.1415, 3.1415, 0.1748, 0.0110, 4.6799
-0.0704, 0.0000, 3.1415, 3.1415, 0.1804, 0.0022, 4.6799
-0.0685, 0.0000, 3.1415, 3.1415, 0.1937, 0.0004, 4.6799
-0.0662, 0.0000, 3.1449, 3.1415, 0.2206, 0.2660,-4.6799
-0.0643, 0.0000, 3.1449, 3.1415, 0.1957, 0.0532, 4.6799
-0.0622, 0.0000, 3.1449, 3.1415, 0.2089, 0.0106, 4.6799
-0.0599, 0.0000, 3.1482, 3.1415, 0.2236, 0.2680,-4.6799
-0.0579, 0.0000, 3.1482, 3.1415, 0.2023, 0.0536, 4.6799
-0.0559, 0.0000, 3.1482, 3.1415, 0.2041, 0.0107, 4.6799
-0.0537, 0.0000, 3.1515, 3.1415, 0.2166, 0.2681,-4.6799
-0.0519, 0.0000, 3.1515, 3.1415, 0.1827, 0.0536, 3.1133
-0.0499, 0.0000, 3.1515, 3.1415, 0.2002, 0.0107, 4.6799
-0.0479, 0.0000, 3.1515, 3.1415, 0.2037, 0.0021, 4.6799
-0.0459, 0.0000, 3.1515, 3.1415, 0.1984, 0.0004, 4.6799
-0.0433, 0.0000, 3.1548, 3.1415, 0.2458, 0.2660,-4.6799
-0.0412, 0.0000, 3.1548, 3.1415, 0.2189, 0.0532, 4.6799
-0.0389, 0.0000, 3.1548, 3.1415, 0.2256, 0.0106, 4.6799
-0.0363, 0.0000, 3.1582, 3.1415, 0.2512, 0.2680,-4.6799
-0.0347, 0.0000, 3.1582, 3.1415, 0.1836, 0.0536, 2.0671
-0.0323, 0.0000, 3.1582, 3.1415, 0.2246, 0.0107, 4.6799
-0.0306, 0.0000, 3.1582, 3.1415, 0.1843, 0.0021, 4.6799
-0.0283, 0.0000, 3.1582, 3.1415, 0.2187, 0.0004, 4.6799
-0.0256, 0.0000, 3.1615, 3.1415, 0.2559, 0.2660,-4.6799
-0.0240, 0.0000, 3.1615, 3.1415, 0.1845, 0.0532, 1.6607
-0.0212, 0.0000, 3.1648, 3.1415, 0.2551, 0.2765,-4.6799
-0.0199, 0.0000, 3.1648, 3.1415, 0.1601, 0.0553,-0.5285
-0.0178, 0.0000, 3.1615, 3.1415, 0.1957,-0.2548, 4.6799
-0.0168, 0.0000, 3.1615, 3.1415, 0.1240,-0.0509, 4.4804
-0.0150, 0.0000, 3.1615, 3.1415, 0.1642,-0.0101, 4.4529
-0.0133, 0.0000, 3.1582, 3.1415, 0.1723,-0.2679, 4.6799
-0.0118, 0.0000, 3.1582, 3.1415, 0.1496,-0.0535, 4.6799
-0.0097, 0.0000, 3.1582, 3.1415, 0.2057,-0.0107, 4.6799
-0.0078, 0.0000, 3.1582, 3.1415, 0.1866,-0.0021, 4.6799
-0.0053, 0.0000, 3.1582, 3.1415, 0.2374,-0.0004, 4.6799
-0.0029, 0.0000, 3.1615, 3.1415, 0.2415, 0.2658,-4.6799
-0.0010, 0.0000, 3.1615, 3.1415, 0.1998, 0.0531, 3.2511
 0.0014, 0.0000, 3.1615, 3.1415, 0.2400, 0.0106, 4.6799
 0.0033, 0.0000, 3.1615, 3.1415, 0.1995, 0.0021, 4.6799
 0.0057, 0.0000, 3.1648, 3.1415, 0.2339, 0.2663,-4.6799
 0.0075, 0.0000, 3.1648, 3.1415, 0.1923, 0.0532, 2.2708
 0.0096, 0.0000, 3.1648, 3.1415, 0.2021, 0.0106, 4.6799
 0.0115, 0.0000, 3.1648, 3.1415, 0.1980, 0.0021, 4.6799
 0.0134, 0.0000, 3.1648, 3.1415, 0.1912, 0.0004, 4.6799
 0.0159, 0.0000, 3.1648, 3.1415, 0.2383, 0.0000, 4.6799
 0.0178, 0.0000, 3.1648, 3.1415, 0.1992, 0.0000, 4.6799
 0.0204, 0.0000, 3.1681, 3.1415, 0.2460, 0.2659,-4.6799
 0.0227, 0.0000, 3.1681, 3.1415, 0.2311, 0.0531, 4.1218
 0.0248, 0.0000, 3.1681, 3.1415, 0.2159, 0.0106, 4.6799
 0.0272, 0.0000, 3.1681, 3.1415, 0.2311, 0.0021, 4.6799
 0.0291, 0.0000, 3.1715, 3.1415, 0.2038, 0.2663,-4.6799
 0.0313, 0.0000, 3.1715, 3.1415, 0.2166, 0.0532, 2.7526
 0.0332, 0.0000, 3.1715, 3.1415, 0.1949, 0.0106, 4.0456
 0.0353, 0.0000, 3.1715, 3.1415, 0.2026, 0.0021, 4.6799
 0.0377, 0.0000, 3.1715, 3.1415, 0.2345, 0.0004, 4.6799
 0.0397, 0.0000, 3.1748, 3.1415, 0.2045, 0.2660,-4.6799
 0.0416, 0.0000, 3.1748, 3.1415, 0.1985, 0.0532, 1.2433
 0.0437, 0.0000, 3.1748, 3.1415, 0.2034, 0.0106, 4.0367
 0.0456, 0.0000, 3.1748, 3.1415, 0.1922, 0.0021, 3.9583
 0.0479, 0.0000, 3.1748, 3.1415, 0.2203, 0.0004, 4.6799
 0.0499, 0.0000, 3.1781, 3.1415, 0.2077, 0.2660,-4.6799
 0.0516, 0.0000, 3.1781, 3.1415, 0.1810, 0.0532,-0.2506
 0.0535, 0.0000, 3.1781, 3.1415, 0.1817, 0.0106, 2.3013
 0.0551, 0.0000, 3.1781, 3.1415, 0.1697, 0.0021, 2.1689
 0.0566, 0.0000, 3.1781, 3.1415, 0.1552, 0.0004, 1.4959
 0.0584, 0.0000, 3.1748, 3.1415, 0.1705,-0.2658, 4.6799
 0.0599, 0.0000, 3.1748, 3.1415, 0.1553,-0.0531, 4.6799
 0.0616, 0.0000, 3.1748, 3.1415, 0.1705,-0.0106, 3.9760
 0.0636, 0.0000, 3.1748, 3.1415, 0.1917,-0.0021, 4.6799
 0.0656, 0.0000, 3.1748, 3.1415, 0.1959,-0.0004, 4.6799
 0.0676, 0.0000, 3.1781, 3.1415, 0.2029, 0.2658,-4.6799
 0.0697, 0.0000, 3.1781, 3.1415, 0.2042, 0.0531, 1.6343
 0.0719, 0.0000, 3.1814, 3.1415, 0.2166, 0.2765,-4.6799
 0.0734, 0.0000, 3.1814, 3.1415, 0.1646, 0.0553,-1.4307
 0.0748, 0.0000, 3.1814, 3.1415, 0.1481, 0.0110, 0.2369
 0.0763, 0.0000, 3.1814, 3.1415, 0.1448, 0.0022, 0.6069
 0.0775, 0.0000, 3.1781, 3.1415, 0.1259,-0.2655, 4.6799
 0.0788, 0.0000, 3.1781, 3.1415, 0.1343,-0.0531, 4.1065
 0.0803, 0.0000, 3.1781, 3.1415, 0.1420,-0.0106, 2.1387
 0.0817, 0.0000, 3.1781, 3.1415, 0.1436,-0.0021, 1.7816
 0.0831, 0.0000, 3.1781, 3.1415, 0.1378,-0.0004, 1.4022
 0.0848, 0.0000, 3.1781, 3.1415, 0.1609,-0.0000, 2.7383
 0.0864, 0.0000, 3.1781, 3.1415, 0.1595,-0.0000, 2.7033
 0.0879, 0.0000, 3.1781, 3.1415, 0.1592,-0.0000, 2.7365
 0.0898, 0.0000, 3.1781, 3.1415, 0.1834,-0.0000, 4.1609
 0.0920, 0.0000, 3.1781, 3.1415, 0.2064,-0.0000, 4.6799
 0.0941, 0.0000, 3.1814, 3.1415, 0.2110, 0.2659,-4.6799
 0.0958, 0.0000, 3.1848, 3.1415, 0.1816, 0.3191,-4.6799
 0.0976, 0.0000, 3.1848, 3.1415, 0.1757, 0.0638,-1.3468
 0.0989, 0.0000, 3.1848, 3.1415, 0.1382, 0.0127,-0.4801
 0.0999, 0.0000, 3.1848, 3.1415, 0.1125, 0.0025,-1.3073
 0.1008, 0.0000, 3.1814, 3.1415, 0.0892,-0.2654, 4.6799
 0.1013, 0.0000, 3.1781, 3.1415, 0.0602,-0.3190, 4.6799
 0.1021, 0.0000, 3.1781, 3.1415, 0.0787,-0.0638, 2.3243
 0.1031, 0.0000, 3.1748, 3.1415, 0.0945,-0.2787, 4.6799
 0.1041, 0.0000, 3.1748, 3.1415, 0.0977,-0.0557, 3.8127
 0.1052, 0.0000, 3.1715, 3.1415, 0.1104,-0.2771, 4.6799
 0.1067, 0.0000, 3.1715, 3.1415, 0.1433,-0.0554, 4.6799
 0.1085, 0.0000, 3.1748, 3.1415, 0.1681, 0.2548,-4.6799
 0.1098, 0.0000, 3.1748, 3.1415, 0.1367, 0.0509, 0.0365
 0.1113, 0.0000, 3.1748, 3.1415, 0.1486, 0.0101, 3.1072
 0.1129, 0.0000, 3.1748, 3.1415, 0.1570, 0.0020, 4.1041
 0.1145, 0.0000, 3.1748, 3.1415, 0.1587, 0.0004, 4.3437
 0.1161, 0.0000, 3.1781, 3.1415, 0.1590, 0.2660,-4.6799
 0.1176, 0.0000, 3.1781, 3.1415, 0.1530, 0.0532, 0.2578
 0.1192, 0.0000, 3.1814, 3.1415, 0.1579, 0.2766,-4.6799
 0.1202, 0.0000, 3.1814, 3.1415, 0.1164, 0.0553,-2.6652
 0.1211, 0.0000, 3.1781, 3.1415, 0.0899,-0.2548, 4.6799
 0.1218, 0.0000, 3.1781, 3.1415, 0.0786,-0.0509, 2.2004
 0.1227, 0.0000, 3.1781, 3.1415, 0.0824,-0.0101, 0.0889
 0.1236, 0.0000, 3.1748, 3.1415, 0.0892,-0.2679, 4.6799
 0.1246, 0.0000, 3.1748, 3.1415, 0.0966,-0.0535, 4.2756
 0.1256, 0.0000, 3.1748, 3.1415, 0.1042,-0.0107, 2.2625
 0.1268, 0.0000, 3.1748, 3.1415, 0.1178,-0.0021, 2.5754
 0.1282, 0.0000, 3.1748, 3.1415, 0.1327,-0.0004, 3.3574
 0.1297, 0.0000, 3.1781, 3.1415, 0.1478, 0.2658,-4.6799
 0.1309, 0.0000, 3.1781, 3.1415, 0.1265, 0.0531,-0.8137
 0.1321, 0.0000, 3.1781, 3.1415, 0.1162, 0.0106, 1.0935
 0.1331, 0.0000, 3.1781, 3.1415, 0.1081, 0.0021, 1.1593
 0.1340, 0.0000, 3.1781, 3.1415, 0.0943, 0.0004, 0.5106
 0.1349, 0.0000, 3.1781, 3.1415, 0.0855, 0.0000, 0.0595
 0.1358, 0.0000, 3.1781, 3.1415, 0.0898, 0.0000, 0.3346
 0.1368, 0.0000, 3.1781, 3.1415, 0.0967, 0.0000, 0.7571
 0.1377, 0.0000, 3.1781, 3.1415, 0.0921, 0.0000, 0.5221
 0.1386, 0.0000, 3.1781, 3.1415, 0.0911, 0.0000, 0.4981
 0.1395, 0.0000, 3.1781, 3.1415, 0.0909, 0.0000, 0.5163
 0.1404, 0.0000, 3.1781, 3.1415, 0.0909, 0.0000, 0.5429
 0.1412, 0.0000, 3.1781, 3.1415, 0.0848, 0.0000, 0.2268
 0.1421, 0.0000, 3.1748, 3.1415, 0.0836,-0.2659, 4.6799
 0.1429, 0.0000, 3.1748, 3.1415, 0.0834,-0.0531, 4.0849
 0.1440, 0.0000, 3.1748, 3.1415, 0.1015,-0.0106, 2.6880
 0.1452, 0.0000, 3.1781, 3.1415, 0.1173, 0.2638,-4.6799
 0.1462, 0.0000, 3.1781, 3.1415, 0.1083, 0.0527,-1.3341
 0.1469, 0.0000, 3.1781, 3.1415, 0.0762, 0.0105,-0.6897
 0.1474, 0.0000, 3.1781, 3.1415, 0.0516, 0.0021,-1.5766
 0.1477, 0.0000, 3.1748, 3.1415, 0.0406,-0.2655, 4.6799
 0.1480, 0.0000, 3.1748, 3.1415, 0.0263,-0.0531, 1.0193
 0.1483, 0.0000, 3.1715, 3.1415, 0.0295,-0.2765, 4.6799
 0.1488, 0.0000, 3.1715, 3.1415, 0.0483,-0.0553, 3.2359
 0.1496, 0.0000, 3.1715, 3.1415, 0.0703,-0.0110, 1.9466
 0.1504, 0.0000, 3.1715, 3.1415, 0.0807,-0.0022, 2.0523
 0.1512, 0.0000, 3.1715, 3.1415, 0.0828,-0.0004, 2.0944
 0.1522, 0.0000, 3.1715, 3.1415, 0.0953,-0.0000, 2.8127
 0.1534, 0.0000, 3.1748, 3.1415, 0.1160, 0.2659,-4.6799
 0.1544, 0.0000, 3.1748, 3.1415, 0.1020, 0.0531,-0.6352
 0.1551, 0.0000, 3.1748, 3.1415, 0.0749, 0.0106, 0.3134
 0.1559, 0.0000, 3.1748, 3.1415, 0.0756, 0.0021, 0.8647
 0.1565, 0.0000, 3.1748, 3.1415, 0.0696, 0.0004, 0.6498
 0.1571, 0.0000, 3.1748, 3.1415, 0.0563, 0.0000,-0.0646
 0.1574, 0.0000, 3.1748, 3.1415, 0.0355, 0.0000,-1.2272
 0.1577, 0.0000, 3.1715, 3.1415, 0.0313,-0.2659, 4.6799
 0.1580, 0.0000, 3.1715, 3.1415, 0.0305,-0.0531, 2.3981
 0.1583, 0.0000, 3.1715, 3.1415, 0.0303,-0.0106,-0.0553
 0.1584, 0.0000, 3.1681, 3.1415, 0.0181,-0.2680, 4.6799
 0.1586, 0.0000, 3.1681, 3.1415, 0.0157,-0.0536, 2.4296
 0.1590, 0.0000, 3.1648, 3.1415, 0.0334,-0.2766, 4.6799
 0.1594, 0.0000, 3.1648, 3.1415, 0.0430,-0.0553, 4.6799
 0.1599, 0.0000, 3.1648, 3.1415, 0.0449,-0.0110, 2.4861
 0.1605, 0.0000, 3.1648, 3.1415, 0.0575,-0.0022, 2.7004
 0.1613, 0.0000, 3.1648, 3.1415, 0.0781,-0.0004, 3.7916
 0.1624, 0.0000, 3.1681, 3.1415, 0.1005, 0.2658,-4.6799
 0.1630, 0.0000, 3.1681, 3.1415, 0.0686, 0.0531,-0.6083
 0.1632, 0.0000, 3.1681, 3.1415, 0.0319, 0.0106,-0.2181
 0.1634, 0.0000, 3.1648, 3.1415, 0.0185,-0.2638, 4.6799
 0.1637, 0.0000, 3.1648, 3.1415, 0.0279,-0.0527, 4.0492
 0.1640, 0.0000, 3.1615, 3.1415, 0.0298,-0.2764, 4.6799
 0.1643, 0.0000, 3.1615, 3.1415, 0.0302,-0.0552, 4.6799
 0.1649, 0.0000, 3.1615, 3.1415, 0.0606,-0.0110, 4.3474
 0.1659, 0.0000, 3.1615, 3.1415, 0.0909,-0.0022, 4.6799
 0.1671, 0.0000, 3.1648, 3.1415, 0.1152, 0.2654,-4.6799
 0.1678, 0.0000, 3.1648, 3.1415, 0.0776, 0.0530, 0.8772
 0.1688, 0.0000, 3.1681, 3.1415, 0.0943, 0.2765,-4.6799
 0.1696, 0.0000, 3.1681, 3.1415, 0.0795, 0.0553, 0.0907
 0.1705, 0.0000, 3.1681, 3.1415, 0.0886, 0.0110, 3.1876
 0.1711, 0.0000, 3.1681, 3.1415, 0.0662, 0.0022, 2.4525
 0.1720, 0.0000, 3.1715, 3.1415, 0.0860, 0.2663,-4.6799
 0.1727, 0.0000, 3.1715, 3.1415, 0.0717, 0.0532,-0.9498
 0.1731, 0.0000, 3.1715, 3.1415, 0.0446, 0.0106,-0.0088
 0.1733, 0.0000, 3.1715, 3.1415, 0.0271, 0.0021,-0.4998
 0.1732, 0.0000, 3.1681, 3.1415,-0.0006,-0.2655, 4.6799
 0.1733, 0.0000, 3.1681, 3.1415, 0.0059,-0.0531, 2.3103
 0.1735, 0.0000, 3.1648, 3.1415, 0.0193,-0.2765, 4.6799
 0.1739, 0.0000, 3.1648, 3.1415, 0.0341,-0.0553, 4.6799
 0.1743, 0.0000, 3.1648, 3.1415, 0.0371,-0.0110, 2.4987
 0.1748, 0.0000, 3.1648, 3.1415, 0.0498,-0.0022, 2.7226
 0.1755, 0.0000, 3.1648, 3.1415, 0.0645,-0.0004, 3.4694
 0.1762, 0.0000, 3.1681, 3.1415, 0.0735, 0.2658,-4.6799
 0.1768, 0.0000, 3.1681, 3.1415, 0.0571, 0.0531,-0.8188
 0.1770, 0.0000, 3.1681, 3.1415, 0.0296, 0.0106, 0.0884
 0.1774, 0.0000, 3.1681, 3.1415, 0.0362, 0.0021, 0.9643
 0.1775, 0.0000, 3.1648, 3.1415, 0.0193,-0.2655, 4.6799
 0.1776, 0.0000, 3.1648, 3.1415, 0.0099,-0.0531, 3.4933
 0.1779, 0.0000, 3.1648, 3.1415, 0.0262,-0.0106, 1.9727
 0.1784, 0.0000, 3.1648, 3.1415, 0.0416,-0.0021, 2.3649
 0.1789, 0.0000, 3.1648, 3.1415, 0.0507,-0.0004, 2.7993
 0.1795, 0.0000, 3.1648, 3.1415, 0.0586,-0.0000, 3.2439
 0.1802, 0.0000, 3.1648, 3.1415, 0.0663,-0.0000, 3.6925
 0.1811, 0.0000, 3.1648, 3.1415, 0.0860,-0.0000, 4.6799
 0.1820, 0.0000, 3.1681, 3.1415, 0.0899, 0.2659,-4.6799
 0.1825, 0.0000, 3.1681, 3.1415, 0.0604, 0.0531,-0.4525
 0.1829, 0.0000, 3.1681, 3.1415, 0.0424, 0.0106, 0.9960
 0.1833, 0.0000, 3.1681, 3.1415, 0.0387, 0.0021, 1.2953
 0.1837, 0.0000, 3.1681, 3.1415, 0.0380, 0.0004, 1.3648
 0.1840, 0.0000, 3.1681, 3.1415, 0.0379, 0.0000, 1.3882
 0.1845, 0.0000, 3.1681, 3.1415, 0.0439, 0.0000, 1.7468
 0.1850, 0.0000, 3.1681, 3.1415, 0.0512, 0.0000, 2.1744
 0.1856, 0.0000, 3.1681, 3.1415, 0.0587, 0.0000, 2.6178
 0.1865, 0.0000, 3.1681, 3.1415, 0.0784, 0.0000, 3.7548
 0.1874, 0.0000, 3.1715, 3.1415, 0.0884, 0.2659,-4.6799
 0.1880, 0.0000, 3.1715, 3.1415, 0.0661, 0.0531,-0.7753
 0.1885, 0.0000, 3.1748, 3.1415, 0.0556, 0.2765,-4.6799
 0.1887, 0.0000, 3.1748, 3.1415, 0.0293, 0.0553,-3.7743
 0.1886, 0.0000, 3.1715, 3.1415,-0.0062,-0.2548, 4.6799
 0.1885, 0.0000, 3.1715, 3.1415,-0.0073,-0.0509, 1.1015
 0.1887, 0.0000, 3.1681, 3.1415, 0.0167,-0.2761, 4.6799
 0.1891, 0.0000, 3.1681, 3.1415, 0.0275,-0.0552, 4.1528
 0.1895, 0.0000, 3.1681, 3.1415, 0.0419,-0.0110, 2.4262
 0.1902, 0.0000, 3.1681, 3.1415, 0.0629,-0.0022, 3.1255
 0.1911, 0.0000, 3.1715, 3.1415, 0.0853, 0.2654,-4.6799
 0.1916, 0.0000, 3.1715, 3.1415, 0.0534, 0.0530,-1.3766
 0.1918, 0.0000, 3.1715, 3.1415, 0.0288, 0.0106,-0.3058
 0.1919, 0.0000, 3.1715, 3.1415, 0.0118, 0.0021,-0.7746
 0.1917, 0.0000, 3.1715, 3.1415,-0.0097, 0.0004,-1.8996
 0.1914, 0.0000, 3.1681, 3.1415,-0.0262,-0.2658, 4.6799
 0.1914, 0.0000, 3.1681, 3.1415,-0.0052,-0.0531, 2.2563
 0.1916, 0.0000, 3.1681, 3.1415, 0.0110,-0.0106, 0.7289
 0.1916, 0.0000, 3.1681, 3.1415, 0.0082,-0.0021, 0.0828
 0.1919, 0.0000, 3.1681, 3.1415, 0.0259,-0.0004, 0.9886
 0.1923, 0.0000, 3.1681, 3.1415, 0.0354,-0.0000, 1.5218
 0.1927, 0.0000, 3.1681, 3.1415, 0.0374,-0.0000, 1.6380
 0.1931, 0.0000, 3.1681, 3.1415, 0.0438,-0.0000, 2.0152
 0.1938, 0.0000, 3.1681, 3.1415, 0.0633,-0.0000, 3.1353
 0.1944, 0.0000, 3.1681, 3.1415, 0.0551,-0.0000, 2.6878
 0.1949, 0.0000, 3.1715, 3.1415, 0.0534, 0.2659,-4.6799
 0.1953, 0.0000, 3.1715, 3.1415, 0.0470, 0.0531,-1.6217
 0.1956, 0.0000, 3.1715, 3.1415, 0.0276, 0.0106,-0.2590
 0.1955, 0.0000, 3.1715, 3.1415,-0.0005, 0.0021,-1.3582
 0.1953, 0.0000, 3.1715, 3.1415,-0.0122, 0.0004,-1.9244
 0.1950, 0.0000, 3.1681, 3.1415,-0.0267,-0.2658, 4.6799
 0.1949, 0.0000, 3.1681, 3.1415,-0.0174,-0.0531, 1.6770
 0.1950, 0.0000, 3.1681, 3.1415, 0.0025,-0.0106, 0.3567
 0.1951, 0.0000, 3.1681, 3.1415, 0.0126,-0.0021, 0.4390
 0.1953, 0.0000, 3.1681, 3.1415, 0.0207,-0.0004, 0.8036
 0.1956, 0.0000, 3.1681, 3.1415, 0.0223,-0.0000, 0.8823
 0.1959, 0.0000, 3.1681, 3.1415, 0.0287,-0.0000, 1.2482
 0.1963, 0.0000, 3.1681, 3.1415, 0.0360,-0.0000, 1.6733
 0.1966, 0.0000, 3.1681, 3.1415, 0.0314,-0.0000, 1.4237
 0.1969, 0.0000, 3.1681, 3.1415, 0.0366,-0.0000, 1.7257
 0.1973, 0.0000, 3.1681, 3.1415, 0.0376,-0.0000, 1.7957
 0.1978, 0.0000, 3.1715, 3.1415, 0.0439, 0.2659,-4.6799
 0.1978, 0.0000, 3.1715, 3.1415, 0.0148, 0.0531,-3.3603
 0.1978, 0.0000, 3.1715, 3.1415,-0.0030, 0.0106,-1.9210
 0.1975, 0.0000, 3.1715, 3.1415,-0.0188, 0.0021,-2.3238
 0.1972, 0.0000, 3.1681, 3.1415,-0.0340,-0.2655, 4.6799
 0.1970, 0.0000, 3.1648, 3.1415,-0.0189,-0.3190, 4.6799
 0.1970, 0.0000, 3.1648, 3.1415,-0.0037,-0.0638, 3.9495
 0.1973, 0.0000, 3.1648, 3.1415, 0.0234,-0.0127, 2.5545
 0.1977, 0.0000, 3.1681, 3.1415, 0.0350, 0.2634,-4.6799
 0.1978, 0.0000, 3.1681, 3.1415, 0.0130, 0.0526,-2.6133
 0.1977, 0.0000, 3.1681, 3.1415,-0.0034, 0.0105,-1.1172
 0.1975, 0.0000, 3.1681, 3.1415,-0.0188, 0.0021,-1.5086
 0.1971, 0.0000, 3.1648, 3.1415,-0.0340,-0.2655, 4.6799
 0.1971, 0.0000, 3.1648, 3.1415,-0.0068,-0.0531, 3.1638
 0.1970, 0.0000, 3.1648, 3.1415,-0.0074,-0.0106, 0.6773
 0.1972, 0.0000, 3.1648, 3.1415, 0.0106,-0.0021, 1.2112
 0.1974, 0.0000, 3.1648, 3.1415, 0.0203,-0.0004, 1.6662
 0.1977, 0.0000, 3.1648, 3.1415, 0.0283,-0.0000, 2.1073
 0.1981, 0.0000, 3.1648, 3.1415, 0.0359,-0.0000, 2.5476
 0.1984, 0.0000, 3.1681, 3.1415, 0.0375, 0.2659,-4.6799
 0.1984, 0.0000, 3.1681, 3.1415, 0.0075, 0.0531,-2.9350
 0.1984, 0.0000, 3.1681, 3.1415,-0.0045, 0.0106,-1.1642
 0.1981, 0.0000, 3.1681, 3.1415,-0.0191, 0.0021,-1.5008
 0.1977, 0.0000, 3.1648, 3.1415,-0.0402,-0.2655, 4.6799
 0.1976, 0.0000, 3.1648, 3.1415,-0.0141,-0.0531, 2.7697
 0.1975, 0.0000, 3.1648, 3.1415,-0.0088,-0.0106, 0.6119
 0.1977, 0.0000, 3.1648, 3.1415, 0.0103,-0.0021, 1.2115
 0.1979, 0.0000, 3.1648, 3.1415, 0.0202,-0.0004, 1.6797
 0.1981, 0.0000, 3.1648, 3.1415, 0.0222,-0.0000, 1.7791
 0.1984, 0.0000, 3.1648, 3.1415, 0.0287,-0.0000, 2.1490
 0.1988, 0.0000, 3.1648, 3.1415, 0.0360,-0.0000, 2.5751
 0.1992, 0.0000, 3.1681, 3.1415, 0.0375, 0.2659,-4.6799
 0.1992, 0.0000, 3.1681, 3.1415, 0.0075, 0.0531,-2.9109
 0.1991, 0.0000, 3.1681, 3.1415,-0.0045, 0.0106,-1.1403
 0.1989, 0.0000, 3.1681, 3.1415,-0.0191, 0.0021,-1.4768
 0.1985, 0.0000, 3.1648, 3.1415,-0.0341,-0.2655, 4.6799
 0.1984, 0.0000, 3.1648, 3.1415,-0.0189,-0.0531, 2.5200
 0.1983, 0.0000, 3.1648, 3.1415,-0.0098,-0.0106, 0.5812
 0.1984, 0.0000, 3.1648, 3.1415, 0.0101,-0.0021, 1.2245
 0.1987, 0.0000, 3.1648, 3.1415, 0.0202,-0.0004, 1.7014
 0.1989, 0.0000, 3.1648, 3.1415, 0.0222,-0.0000, 1.8026
 0.1992, 0.0000, 3.1648, 3.1415, 0.0287,-0.0000, 2.1730
 0.1996, 0.0000, 3.1681, 3.1415, 0.0360, 0.2659,-4.6799
 0.1995, 0.0000, 3.1681, 3.1415, 0.0011, 0.0531,-3.2598
 0.1994, 0.0000, 3.1681, 3.1415,-0.0118, 0.0106,-1.5468
 0.1991, 0.0000, 3.1681, 3.1415,-0.0205, 0.0021,-1.5524
 0.1987, 0.0000, 3.1681, 3.1415,-0.0404, 0.0004,-2.5923
 0.1980, 0.0000, 3.1648, 3.1415,-0.0626,-0.2658, 4.6799
 0.1977, 0.0000, 3.1615, 3.1415,-0.0367,-0.3191, 4.6799
 0.1976, 0.0000, 3.1615, 3.1415,-0.0134,-0.0638, 4.2465
 0.1978, 0.0000, 3.1615, 3.1415, 0.0155,-0.0127, 2.9411
 0.1981, 0.0000, 3.1615, 3.1415, 0.0212,-0.0025, 2.6858
 0.1984, 0.0000, 3.1648, 3.1415, 0.0345, 0.2654,-4.6799
 0.1985, 0.0000, 3.1648, 3.1415, 0.0129, 0.0530,-1.7972
 0.1985, 0.0000, 3.1648, 3.1415, 0.0025, 0.0106, 0.0659
 0.1984, 0.0000, 3.1648, 3.1415,-0.0055, 0.0021, 0.0941
 0.1984, 0.0000, 3.1648, 3.1415,-0.0011, 0.0004, 0.4422
 0.1985, 0.0000, 3.1648, 3.1415, 0.0058, 0.0000, 0.8563
 0.1986, 0.0000, 3.1648, 3.1415, 0.0072, 0.0000, 0.9409
 0.1988, 0.0000, 3.1681, 3.1415, 0.0135, 0.2659,-4.6799
 0.1987, 0.0000, 3.1681, 3.1415,-0.0033, 0.0531,-3.5399
 0.1984, 0.0000, 3.1681, 3.1415,-0.0188, 0.0106,-1.9682
 0.1979, 0.0000, 3.1648, 3.1415,-0.0462,-0.2638, 4.6799
 0.1978, 0.0000, 3.1648, 3.1415,-0.0153,-0.0527, 2.6894
 0.1978, 0.0000, 3.1648, 3.1415,-0.0091,-0.0105, 0.6016
 0.1978, 0.0000, 3.1648, 3.1415, 0.0042,-0.0021, 0.8709
 0.1980, 0.0000, 3.1648, 3.1415, 0.0129,-0.0004, 1.2710
 0.1981, 0.0000, 3.1648, 3.1415, 0.0147,-0.0000, 1.3548
 0.1984, 0.0000, 3.1681, 3.1415, 0.0271, 0.2659,-4.6799
 0.1984, 0.0000, 3.1681, 3.1415,-0.0006, 0.0531,-3.3955
 0.1981, 0.0000, 3.1681, 3.1415,-0.0183, 0.0106,-1.9470
 0.1978, 0.0000, 3.1681, 3.1415,-0.0339, 0.0021,-2.3518
 0.1973, 0.0000, 3.1648, 3.1415,-0.0431,-0.2655, 4.6799
 0.1970, 0.0000, 3.1648, 3.1415,-0.0328,-0.0531, 1.6910
 0.1969, 0.0000, 3.1648, 3.1415,-0.0126,-0.0106, 0.3809
 0.1970, 0.0000, 3.1648, 3.1415, 0.0035,-0.0021, 0.8056
 0.1972, 0.0000, 3.1648, 3.1415, 0.0188,-0.0004, 1.5813
 0.1975, 0.0000, 3.1648, 3.1415, 0.0280,-0.0000, 2.0865
 0.1978, 0.0000, 3.1681, 3.1415, 0.0298, 0.2659,-4.6799
 0.1978, 0.0000, 3.1681, 3.1415, 0.0059, 0.0531,-3.0403
 0.1977, 0.0000, 3.1681, 3.1415,-0.0109, 0.0106,-1.5450
 0.1974, 0.0000, 3.1681, 3.1415,-0.0264, 0.0021,-1.9385
 0.1969, 0.0000, 3.1681, 3.1415,-0.0416, 0.0004,-2.7136
 0.1963, 0.0000, 3.1648, 3.1415,-0.0568,-0.2658, 4.6799
 0.1960, 0.0000, 3.1648, 3.1415,-0.0356,-0.0531, 1.5096
 0.1960, 0.0000, 3.1648, 3.1415,-0.0071,-0.0106, 0.6640
 0.1961, 0.0000, 3.1648, 3.1415, 0.0046,-0.0021, 0.8393
 0.1962, 0.0000, 3.1648, 3.1415, 0.0069,-0.0004, 0.8762
 0.1964, 0.0000, 3.1681, 3.1415, 0.0195, 0.2658,-4.6799
 0.1963, 0.0000, 3.1681, 3.1415,-0.0021, 0.0531,-3.5452
 0.1961, 0.0000, 3.1681, 3.1415,-0.0186, 0.0106,-2.0287
 0.1956, 0.0000, 3.1681, 3.1415,-0.0401, 0.0021,-2.7642
 0.1951, 0.0000, 3.1681, 3.1415,-0.0504, 0.0004,-3.2672
 0.1944, 0.0000, 3.1648, 3.1415,-0.0646,-0.2658, 4.6799
 0.1941, 0.0000, 3.1648, 3.1415,-0.0371,-0.0531, 1.3615
 0.1941, 0.0000, 3.1615, 3.1415,-0.0135,-0.2765, 4.6799
 0.1941, 0.0000, 3.1615, 3.1415, 0.0033,-0.0553, 4.5923
 0.1944, 0.0000, 3.1648, 3.1415, 0.0249, 0.2548,-4.6799
 0.1946, 0.0000, 3.1681, 3.1415, 0.0171, 0.3169,-4.6799
 0.1945, 0.0000, 3.1681, 3.1415,-0.0026, 0.0633,-4.2195
 0.1942, 0.0000, 3.1681, 3.1415,-0.0247, 0.0126,-2.5539
 0.1938, 0.0000, 3.1681, 3.1415,-0.0413, 0.0025,-2.9172
 0.1932, 0.0000, 3.1648, 3.1415,-0.0507,-0.2654, 4.6799
 0.1929, 0.0000, 3.1648, 3.1415,-0.0343,-0.0530, 1.4757
 0.1929, 0.0000, 3.1648, 3.1415,-0.0068,-0.0106, 0.5787
 0.1931, 0.0000, 3.1648, 3.1415, 0.0107,-0.0021, 1.0881
 0.1932, 0.0000, 3.1681, 3.1415, 0.0142, 0.2655,-4.6799
 0.1932, 0.0000, 3.1681, 3.1415, 0.0028, 0.0531,-3.3575
 0.1931, 0.0000, 3.1681, 3.1415,-0.0054, 0.0106,-1.3810
 0.1928, 0.0000, 3.1681, 3.1415,-0.0253, 0.0021,-2.0207
 0.1925, 0.0000, 3.1681, 3.1415,-0.0293, 0.0004,-2.1563
 0.1921, 0.0000, 3.1681, 3.1415,-0.0422, 0.0000,-2.8798
 0.1915, 0.0000, 3.1681, 3.1415,-0.0569, 0.0000,-3.7248
 0.1908, 0.0000, 3.1648, 3.1415,-0.0659,-0.2659, 4.6799
 0.1906, 0.0000, 3.1648, 3.1415,-0.0313,-0.0531, 1.5772
 0.1905, 0.0000, 3.1648, 3.1415,-0.0123,-0.0106, 0.1953
 0.1906, 0.0000, 3.1648, 3.1415, 0.0035,-0.0021, 0.6056
 0.1908, 0.0000, 3.1648, 3.1415, 0.0189,-0.0004, 1.3784
 0.1912, 0.0000, 3.1681, 3.1415, 0.0340, 0.2658,-4.6799
 0.1913, 0.0000, 3.1715, 3.1415, 0.0189, 0.3191,-4.6799
 0.1911, 0.0000, 3.1715, 3.1415,-0.0144, 0.0638,-4.6799
 0.1907, 0.0000, 3.1715, 3.1415,-0.0331, 0.0127,-3.9642
 0.1903, 0.0000, 3.1715, 3.1415,-0.0430, 0.0025,-3.9437
 0.1897, 0.0000, 3.1681, 3.1415,-0.0571,-0.2654, 4.6799
 0.1894, 0.0000, 3.1681, 3.1415,-0.0356,-0.0530, 0.4702
 0.1894, 0.0000, 3.1681, 3.1415,-0.0071,-0.0106,-0.3688
 0.1893, 0.0000, 3.1681, 3.1415,-0.0074,-0.0021,-0.8809
 0.1892, 0.0000, 3.1715, 3.1415,-0.0075, 0.2655,-4.6799
 0.1891, 0.0000, 3.1715, 3.1415,-0.0136, 0.0531,-4.6799
 0.1888, 0.0000, 3.1715, 3.1415,-0.0209, 0.0106,-3.2079
 0.1884, 0.0000, 3.1715, 3.1415,-0.0405, 0.0021,-3.8404
 0.1878, 0.0000, 3.1715, 3.1415,-0.0505, 0.0004,-4.3227
 0.1872, 0.0000, 3.1715, 3.1415,-0.0646, 0.0000,-4.6799
 0.1862, 0.0000, 3.1681, 3.1415,-0.0856,-0.2659, 4.6799
 0.1859, 0.0000, 3.1681, 3.1415,-0.0474,-0.0531,-0.2985
 0.1854, 0.0000, 3.1681, 3.1415,-0.0458,-0.0106,-2.6769
 0.1849, 0.0000, 3.1681, 3.1415,-0.0516,-0.0021,-3.5084
 0.1843, 0.0000, 3.1681, 3.1415,-0.0588,-0.0004,-4.0325
 0.1837, 0.0000, 3.1648, 3.1415,-0.0602,-0.2660, 4.6799
 0.1832, 0.0000, 3.1648, 3.1415,-0.0484,-0.0532, 0.3842
 0.1829, 0.0000, 3.1648, 3.1415,-0.0339,-0.0106,-1.2623
 0.1827, 0.0000, 3.1648, 3.1415,-0.0249,-0.0021,-1.2548
 0.1825, 0.0000, 3.1648, 3.1415,-0.0231,-0.0004,-1.2591
 0.1823, 0.0000, 3.1648, 3.1415,-0.0167,-0.0000,-0.9214
 0.1821, 0.0000, 3.1681, 3.1415,-0.0215, 0.2659,-4.6799
 0.1815, 0.0000, 3.1681, 3.1415,-0.0467, 0.0531,-4.6799
 0.1808, 0.0000, 3.1681, 3.1415,-0.0699, 0.0106,-4.6799
 0.1798, 0.0000, 3.1648, 3.1415,-0.0928,-0.2638, 4.6799
 0.1793, 0.0000, 3.1615, 3.1415,-0.0549,-0.3187, 4.6799
 0.1789, 0.0000, 3.1615, 3.1415,-0.0473,-0.0637, 1.7355
 0.1787, 0.0000, 3.1615, 3.1415,-0.0276,-0.0127,-0.1005
 0.1786, 0.0000, 3.1648, 3.1415,-0.0115, 0.2633,-4.6799
 0.1784, 0.0000, 3.1648, 3.1415,-0.0144, 0.0526,-3.9551
 0.1781, 0.0000, 3.1648, 3.1415,-0.0271, 0.0105,-2.2508
 0.1776, 0.0000, 3.1648, 3.1415,-0.0478, 0.0021,-2.9508
 0.1769, 0.0000, 3.1648, 3.1415,-0.0641, 0.0004,-3.7929
 0.1761, 0.0000, 3.1648, 3.1415,-0.0795, 0.0000,-4.6672
 0.1751, 0.0000, 3.1615, 3.1415,-0.0947,-0.2659, 4.6799
 0.1745, 0.0000, 3.1582, 3.1415,-0.0674,-0.3191, 4.6799
 0.1741, 0.0000, 3.1582, 3.1415,-0.0438,-0.0638, 2.6111
 0.1740, 0.0000, 3.1582, 3.1415,-0.0148,-0.0127, 1.2989
 0.1740, 0.0000, 3.1615, 3.1415,-0.0029, 0.2634,-4.6799
 0.1740, 0.0000, 3.1648, 3.1415,-0.0066, 0.3186,-4.6799
 0.1739, 0.0000, 3.1648, 3.1415,-0.0073, 0.0637,-4.3380
 0.1735, 0.0000, 3.1648, 3.1415,-0.0317, 0.0127,-2.7868
 0.1730, 0.0000, 3.1648, 3.1415,-0.0488, 0.0025,-3.1748
 0.1724, 0.0000, 3.1648, 3.1415,-0.0582, 0.0005,-3.6102
 0.1717, 0.0000, 3.1648, 3.1415,-0.0662, 0.0001,-4.0569
 0.1708, 0.0000, 3.1615, 3.1415,-0.0860,-0.2659, 4.6799
 0.1704, 0.0000, 3.1615, 3.1415,-0.0475,-0.0531, 0.8501
 0.1702, 0.0000, 3.1615, 3.1415,-0.0276,-0.0106,-0.4921
 0.1698, 0.0000, 3.1615, 3.1415,-0.0358,-0.0021,-1.4551
 0.1696, 0.0000, 3.1615, 3.1415,-0.0253,-0.0004,-0.9685
 0.1695, 0.0000, 3.1648, 3.1415,-0.0111, 0.2658,-4.6799
 0.1692, 0.0000, 3.1648, 3.1415,-0.0264, 0.0531,-4.6799
 0.1686, 0.0000, 3.1648, 3.1415,-0.0538, 0.0106,-4.0619
 0.1680, 0.0000, 3.1648, 3.1415,-0.0592, 0.0021,-3.8988
 0.1672, 0.0000, 3.1615, 3.1415,-0.0724,-0.2655, 4.6799
 0.1668, 0.0000, 3.1615, 3.1415,-0.0508,-0.0531, 0.5410
 0.1667, 0.0000, 3.1615, 3.1415,-0.0162,-0.0106, 0.0427
 0.1668, 0.0000, 3.1648, 3.1415, 0.0028, 0.2638,-4.6799
 0.1665, 0.0000, 3.1648, 3.1415,-0.0176, 0.0527,-4.5154
 0.1664, 0.0000, 3.1648, 3.1415,-0.0156, 0.0105,-1.9750
 0.1662, 0.0000, 3.1681, 3.1415,-0.0213, 0.2680,-4.6799
 0.1656, 0.0000, 3.1681, 3.1415,-0.0527, 0.0536,-4.6799
 0.1649, 0.0000, 3.1681, 3.1415,-0.0651, 0.0107,-4.6799
 0.1640, 0.0000, 3.1648, 3.1415,-0.0857,-0.2638, 4.6799
 0.1634, 0.0000, 3.1648, 3.1415,-0.0656,-0.0527,-1.2406
 0.1625, 0.0000, 3.1615, 3.1415,-0.0798,-0.2764, 4.6799
 0.1622, 0.0000, 3.1615, 3.1415,-0.0402,-0.0552, 1.1251
 0.1621, 0.0000, 3.1615, 3.1415,-0.0201,-0.0110,-0.2997
 0.1620, 0.0000, 3.1648, 3.1415,-0.0100, 0.2637,-4.6799
 0.1618, 0.0000, 3.1648, 3.1415,-0.0202, 0.0527,-4.6799
 0.1613, 0.0000, 3.1648, 3.1415,-0.0404, 0.0105,-3.5323
 0.1606, 0.0000, 3.1648, 3.1415,-0.0687, 0.0021,-4.6655
 0.1597, 0.0000, 3.1648, 3.1415,-0.0804, 0.0004,-4.6799
 0.1587, 0.0000, 3.1615, 3.1415,-0.1009,-0.2658, 4.6799
 0.1577, 0.0000, 3.1615, 3.1415,-0.0990,-0.0531,-2.4575
 0.1567, 0.0000, 3.1582, 3.1415,-0.0986,-0.2765, 4.6799
 0.1562, 0.0000, 3.1582, 3.1415,-0.0561,-0.0553, 0.8615
 0.1559, 0.0000, 3.1582, 3.1415,-0.0354,-0.0110,-0.5361
 0.1555, 0.0000, 3.1582, 3.1415,-0.0434,-0.0022,-1.5121
 0.1552, 0.0000, 3.1582, 3.1415,-0.0329,-0.0004,-1.0300
 0.1549, 0.0000, 3.1582, 3.1415,-0.0308,-0.0000,-0.9413
 0.1543, 0.0000, 3.1582, 3.1415,-0.0486,-0.0000,-1.9643
 0.1538, 0.0000, 3.1582, 3.1415,-0.0521,-0.0000,-2.1823
 0.1531, 0.0000, 3.1582, 3.1415,-0.0650,-0.0000,-2.9281
 0.1524, 0.0000, 3.1582, 3.1415,-0.0736,-0.0000,-3.4388
 0.1515, 0.0000, 3.1548, 3.1415,-0.0814,-0.2659, 4.6799
 0.1510, 0.0000, 3.1548, 3.1415,-0.0587,-0.0531, 1.2462
 0.1506, 0.0000, 3.1548, 3.1415,-0.0420,-0.0106,-0.2794
 0.1503, 0.0000, 3.1548, 3.1415,-0.0326,-0.0021,-0.2497
 0.1501, 0.0000, 3.1548, 3.1415,-0.0247,-0.0004, 0.0928
 0.1502, 0.0000, 3.1582, 3.1415, 0.0071, 0.2658,-4.6799
 0.1500, 0.0000, 3.1582, 3.1415,-0.0167, 0.0531,-3.3711
 0.1496, 0.0000, 3.1582, 3.1415,-0.0336, 0.0106,-1.8842
 0.1494, 0.0000, 3.1582, 3.1415,-0.0249, 0.0021,-0.9076
 0.1490, 0.0000, 3.1582, 3.1415,-0.0413, 0.0004,-1.7511
 0.1485, 0.0000, 3.1582, 3.1415,-0.0446, 0.0000,-1.9314
 0.1481, 0.0000, 3.1582, 3.1415,-0.0392, 0.0000,-1.6346
 0.1476, 0.0000, 3.1582, 3.1415,-0.0502, 0.0000,-2.2735
 0.1470, 0.0000, 3.1582, 3.1415,-0.0585, 0.0000,-2.7591
 0.1465, 0.0000, 3.1582, 3.1415,-0.0541, 0.0000,-2.5271
 0.1457, 0.0000, 3.1582, 3.1415,-0.0714, 0.0000,-3.5273
 0.1447, 0.0000, 3.1548, 3.1415,-0.0931,-0.2659, 4.6799
 0.1443, 0.0000, 3.1548, 3.1415,-0.0550,-0.0531, 1.2431
 0.1441, 0.0000, 3.1548, 3.1415,-0.0231,-0.0106, 0.5825
 0.1439, 0.0000, 3.1548, 3.1415,-0.0228,-0.0021, 0.1021
 0.1440, 0.0000, 3.1582, 3.1415, 0.0015, 0.2655,-4.6799
 0.1442, 0.0000, 3.1582, 3.1415, 0.0184, 0.0531,-1.5638
 0.1440, 0.0000, 3.1582, 3.1415,-0.0084, 0.0106,-0.6372
 0.1439, 0.0000, 3.1615, 3.1415,-0.0138, 0.2680,-4.6799
 0.1436, 0.0000, 3.1615, 3.1415,-0.0270, 0.0536,-4.6799
 0.1428, 0.0000, 3.1615, 3.1415,-0.0660, 0.0107,-4.6799
 0.1421, 0.0000, 3.1582, 3.1415,-0.0677,-0.2638, 4.6799
 0.1418, 0.0000, 3.1582, 3.1415,-0.0438,-0.0527, 0.9466
 0.1413, 0.0000, 3.1548, 3.1415,-0.0451,-0.2765, 4.6799
 0.1412, 0.0000, 3.1582, 3.1415,-0.0211, 0.2106,-4.6799
 0.1410, 0.0000, 3.1582, 3.1415,-0.0163, 0.0421,-2.9971
 0.1409, 0.0000, 3.1582, 3.1415,-0.0093, 0.0084,-0.6599
 0.1405, 0.0000, 3.1582, 3.1415,-0.0321, 0.0016,-1.5719
 0.1402, 0.0000, 3.1582, 3.1415,-0.0367, 0.0003,-1.7638
 0.1396, 0.0000, 3.1582, 3.1415,-0.0497, 0.0000,-2.5005
 0.1390, 0.0000, 3.1582, 3.1415,-0.0645, 0.0000,-3.3500
 0.1384, 0.0000, 3.1582, 3.1415,-0.0553, 0.0000,-2.8485
 0.1377, 0.0000, 3.1548, 3.1415,-0.0717,-0.2659, 4.6799
 0.1370, 0.0000, 3.1548, 3.1415,-0.0689,-0.0531, 0.2288
 0.1368, 0.0000, 3.1548, 3.1415,-0.0319,-0.0106,-0.1486
 0.1365, 0.0000, 3.1548, 3.1415,-0.0306,-0.0021,-0.5742
 0.1362, 0.0000, 3.1548, 3.1415,-0.0243,-0.0004,-0.3226
 0.1359, 0.0000, 3.1548, 3.1415,-0.0291,-0.0000,-0.6224
 0.1355, 0.0000, 3.1548, 3.1415,-0.0361,-0.0000,-1.0344
 0.1351, 0.0000, 3.1548, 3.1415,-0.0436,-0.0000,-1.4707
 0.1345, 0.0000, 3.1515, 3.1415,-0.0572,-0.2659, 4.6799
 0.1342, 0.0000, 3.1515, 3.1415,-0.0356,-0.0531, 2.8338
 0.1342, 0.0000, 3.1515, 3.1415,-0.0071,-0.0106, 1.9909
 0.1343, 0.0000, 3.1515, 3.1415, 0.0106,-0.0021, 2.5110
 0.1346, 0.0000, 3.1548, 3.1415, 0.0263, 0.2655,-4.6799
 0.1348, 0.0000, 3.1548, 3.1415, 0.0174, 0.0531,-1.1016
 0.1347, 0.0000, 3.1582, 3.1415,-0.0025, 0.2765,-4.6799
 0.1345, 0.0000, 3.1582, 3.1415,-0.0187, 0.0553,-4.0957
 0.1340, 0.0000, 3.1582, 3.1415,-0.0461, 0.0110,-3.1106
 0.1333, 0.0000, 3.1548, 3.1415,-0.0577,-0.2637, 4.6799
 0.1330, 0.0000, 3.1548, 3.1415,-0.0358,-0.0527, 1.9461
 0.1329, 0.0000, 3.1548, 3.1415,-0.0192,-0.0105, 0.4395
 0.1330, 0.0000, 3.1548, 3.1415, 0.0022,-0.0021, 1.1675
 0.1331, 0.0000, 3.1548, 3.1415, 0.0125,-0.0004, 1.6593
 0.1334, 0.0000, 3.1582, 3.1415, 0.0267, 0.2658,-4.6799
 0.1335, 0.0000, 3.1582, 3.1415, 0.0114, 0.0531,-2.3044
 0.1334, 0.0000, 3.1582, 3.1415,-0.0037, 0.0106,-0.7110
 0.1331, 0.0000, 3.1582, 3.1415,-0.0250, 0.0021,-1.4274
 0.1329, 0.0000, 3.1582, 3.1415,-0.0231, 0.0004,-1.2340
 0.1327, 0.0000, 3.1582, 3.1415,-0.0228, 0.0000,-1.2010
 0.1323, 0.0000, 3.1582, 3.1415,-0.0348, 0.0000,-1.8889
 0.1318, 0.0000, 3.1582, 3.1415,-0.0433, 0.0000,-2.3804
 0.1313, 0.0000, 3.1548, 3.1415,-0.0511,-0.2659, 4.6799
 0.1312, 0.0000, 3.1548, 3.1415,-0.0162,-0.0531, 3.0148
 0.1313, 0.0000, 3.1548, 3.1415, 0.0028,-0.0106, 1.6404
 0.1314, 0.0000, 3.1548, 3.1415, 0.0126,-0.0021, 1.7117
 0.1318, 0.0000, 3.1582, 3.1415, 0.0267, 0.2655,-4.6799
 0.1320, 0.0000, 3.1582, 3.1415, 0.0235, 0.0531,-1.6642
 0.1319, 0.0000, 3.1582, 3.1415,-0.0013, 0.0106,-0.6214
 0.1317, 0.0000, 3.1582, 3.1415,-0.0184, 0.0021,-1.1034
 0.1314, 0.0000, 3.1582, 3.1415,-0.0218, 0.0004,-1.2056
 0.1311, 0.0000, 3.1582, 3.1415,-0.0286, 0.0000,-1.5761
 0.1308, 0.0000, 3.1582, 3.1415,-0.0360, 0.0000,-2.0023
 0.1304, 0.0000, 3.1582, 3.1415,-0.0375, 0.0000,-2.0970
 0.1300, 0.0000, 3.1582, 3.1415,-0.0378, 0.0000,-2.1256
 0.1296, 0.0000, 3.1548, 3.1415,-0.0439,-0.2659, 4.6799
 0.1295, 0.0000, 3.1548, 3.1415,-0.0148,-0.0531, 3.0406
 0.1296, 0.0000, 3.1548, 3.1415, 0.0030,-0.0106, 1.6014
 0.1298, 0.0000, 3.1548, 3.1415, 0.0188,-0.0021, 2.0043
 0.1301, 0.0000, 3.1582, 3.1415, 0.0280, 0.2655,-4.6799
 0.1302, 0.0000, 3.1582, 3.1415, 0.0177, 0.0531,-2.0475
 0.1302, 0.0000, 3.1582, 3.1415, 0.0035, 0.0106,-0.3977
 0.1301, 0.0000, 3.1582, 3.1415,-0.0114, 0.0021,-0.7564
 0.1299, 0.0000, 3.1582, 3.1415,-0.0204, 0.0004,-1.1764
 0.1296, 0.0000, 3.1582, 3.1415,-0.0222, 0.0000,-1.2662
 0.1293, 0.0000, 3.1582, 3.1415,-0.0287, 0.0000,-1.6343
 0.1291, 0.0000, 3.1582, 3.1415,-0.0239, 0.0000,-1.3711
 0.1288, 0.0000, 3.1548, 3.1415,-0.0290,-0.2659, 4.6799
 0.1289, 0.0000, 3.1548, 3.1415, 0.0063,-0.0531, 4.2179
 0.1291, 0.0000, 3.1548, 3.1415, 0.0133,-0.0106, 2.1678
 0.1295, 0.0000, 3.1582, 3.1415, 0.0329, 0.2638,-4.6799
 0.1296, 0.0000, 3.1582, 3.1415, 0.0126, 0.0527,-2.3352
 0.1296, 0.0000, 3.1582, 3.1415, 0.0025, 0.0105,-0.4725
 0.1295, 0.0000, 3.1582, 3.1415,-0.0055, 0.0021,-0.4443
 0.1293, 0.0000, 3.1582, 3.1415,-0.0193, 0.0004,-1.1293
 0.1290, 0.0000, 3.1582, 3.1415,-0.0220, 0.0000,-1.2721
 0.1288, 0.0000, 3.1582, 3.1415,-0.0226, 0.0000,-1.3064
 0.1286, 0.0000, 3.1582, 3.1415,-0.0227, 0.0000,-1.3190
 0.1283, 0.0000, 3.1548, 3.1415,-0.0287,-0.2659, 4.6799
 0.1284, 0.0000, 3.1548, 3.1415, 0.0063,-0.0531, 4.2039
 0.1286, 0.0000, 3.1548, 3.1415, 0.0194,-0.0106, 2.4960
 0.1291, 0.0000, 3.1582, 3.1415, 0.0402, 0.2638,-4.6799
 0.1292, 0.0000, 3.1582, 3.1415, 0.0141, 0.0527,-2.2650
 0.1293, 0.0000, 3.1582, 3.1415, 0.0088, 0.0105,-0.1237
 0.1292, 0.0000, 3.1582, 3.1415,-0.0042, 0.0021,-0.3822
 0.1289, 0.0000, 3.1582, 3.1415,-0.0190, 0.0004,-1.1245
 0.1286, 0.0000, 3.1582, 3.1415,-0.0280, 0.0000,-1.6231
 0.1283, 0.0000, 3.1548, 3.1415,-0.0298,-0.2659, 4.6799
 0.1284, 0.0000, 3.1548, 3.1415, 0.0000,-0.0531, 3.8497
 0.1288, 0.0000, 3.1548, 3.1415, 0.0303,-0.0106, 3.1139
 0.1293, 0.0000, 3.1582, 3.1415, 0.0424, 0.2638,-4.6799
 0.1294, 0.0000, 3.1582, 3.1415, 0.0206, 0.0527,-1.8913
 0.1293, 0.0000, 3.1582, 3.1415,-0.0019, 0.0105,-0.7319
 0.1293, 0.0000, 3.1582, 3.1415,-0.0003, 0.0021,-0.1576
 0.1292, 0.0000, 3.1582, 3.1415,-0.0122, 0.0004,-0.7314
 0.1288, 0.0000, 3.1582, 3.1415,-0.0327, 0.0000,-1.8832
 0.1285, 0.0000, 3.1548, 3.1415,-0.0308,-0.2659, 4.6799
 0.1285, 0.0000, 3.1548, 3.1415,-0.0061,-0.0531, 3.4995
 0.1288, 0.0000, 3.1548, 3.1415, 0.0230,-0.0106, 2.7014
 0.1290, 0.0000, 3.1548, 3.1415, 0.0227,-0.0021, 2.2051
 0.1294, 0.0000, 3.1582, 3.1415, 0.0348, 0.2655,-4.6799
 0.1298, 0.0000, 3.1582, 3.1415, 0.0372, 0.0531,-0.9585
 0.1299, 0.0000, 3.1582, 3.1415, 0.0195, 0.0106, 0.4973
 0.1301, 0.0000, 3.1582, 3.1415, 0.0160, 0.0021, 0.7923
 0.1302, 0.0000, 3.1582, 3.1415, 0.0153, 0.0004, 0.8551
 0.1305, 0.0000, 3.1582, 3.1415, 0.0212, 0.0000, 1.2159
 0.1308, 0.0000, 3.1615, 3.1415, 0.0345, 0.2659,-4.6799
 0.1309, 0.0000, 3.1615, 3.1415, 0.0129, 0.0531,-3.1195
 0.1308, 0.0000, 3.1615, 3.1415,-0.0034, 0.0106,-1.5956
 0.1307, 0.0000, 3.1615, 3.1415,-0.0128, 0.0021,-1.6371
 0.1304, 0.0000, 3.1582, 3.1415,-0.0268,-0.2655, 4.6799
 0.1304, 0.0000, 3.1582, 3.1415,-0.0053,-0.0531, 2.7791
 0.1305, 0.0000, 3.1582, 3.1415, 0.0110,-0.0106, 1.2602
 0.1308, 0.0000, 3.1582, 3.1415, 0.0203,-0.0021, 1.3045
 0.1310, 0.0000, 3.1582, 3.1415, 0.0222,-0.0004, 1.3192
 0.1316, 0.0000, 3.1582, 3.1415, 0.0529,-0.0000, 3.0497
 0.1323, 0.0000, 3.1615, 3.1415, 0.0651, 0.2659,-4.6799
 0.1327, 0.0000, 3.1648, 3.1415, 0.0433, 0.3191,-4.6799
 0.1328, 0.0000, 3.1648, 3.1415, 0.0207, 0.0638,-4.0520
 0.1327, 0.0000, 3.1648, 3.1415,-0.0019, 0.0127,-2.3905
 0.1324, 0.0000, 3.1615, 3.1415,-0.0306,-0.2633, 4.6799
 0.1322, 0.0000, 3.1615, 3.1415,-0.0182,-0.0526, 1.2636
 0.1323, 0.0000, 3.1615, 3.1415, 0.0024,-0.0105, 0.0023
 0.1324, 0.0000, 3.1615, 3.1415, 0.0065,-0.0021,-0.2480
 0.1324, 0.0000, 3.1615, 3.1415, 0.0013,-0.0004,-0.6405
 0.1324, 0.0000, 3.1582, 3.1415, 0.0063,-0.2660, 4.6799
 0.1325, 0.0000, 3.1582, 3.1415, 0.0073,-0.0532, 3.5679
 0.1326, 0.0000, 3.1582, 3.1415, 0.0075,-0.0106, 1.1272
 0.1329, 0.0000, 3.1582, 3.1415, 0.0257,-0.0021, 1.6740
 0.1333, 0.0000, 3.1615, 3.1415, 0.0415, 0.2655,-4.6799
 0.1336, 0.0000, 3.1615, 3.1415, 0.0264, 0.0531,-2.2681
 0.1336, 0.0000, 3.1615, 3.1415, 0.0113, 0.0106,-0.6695
 0.1336, 0.0000, 3.1615, 3.1415,-0.0037, 0.0021,-1.0367
 0.1333, 0.0000, 3.1582, 3.1415,-0.0189,-0.2655, 4.6799
 0.1333, 0.0000, 3.1582, 3.1415,-0.0098,-0.0531, 2.6169
 0.1334, 0.0000, 3.1582, 3.1415, 0.0101,-0.0106, 1.3005
 0.1337, 0.0000, 3.1582, 3.1415, 0.0262,-0.0021, 1.7298
 0.1342, 0.0000, 3.1582, 3.1415, 0.0416,-0.0004, 2.5121
 0.1348, 0.0000, 3.1615, 3.1415, 0.0568, 0.2658,-4.6799
 0.1352, 0.0000, 3.1615, 3.1415, 0.0416, 0.0531,-1.3651
 0.1352, 0.0000, 3.1615, 3.1415, 0.0143, 0.0106,-0.4487
 0.1352, 0.0000, 3.1615, 3.1415,-0.0031, 0.0021,-0.9522
 0.1350, 0.0000, 3.1615, 3.1415,-0.0127, 0.0004,-1.3992
 0.1347, 0.0000, 3.1615, 3.1415,-0.0268, 0.0000,-2.1812
 0.1343, 0.0000, 3.1582, 3.1415,-0.0356,-0.2659, 4.6799
 0.1342, 0.0000, 3.1582, 3.1415,-0.0192,-0.0531, 2.1197
 0.1343, 0.0000, 3.1582, 3.1415, 0.0082,-0.0106, 1.2240
 0.1346, 0.0000, 3.1582, 3.1415, 0.0198,-0.0021, 1.3931
 0.1348, 0.0000, 3.1582, 3.1415, 0.0221,-0.0004, 1.4327
 0.1352, 0.0000, 3.1582, 3.1415, 0.0347,-0.0000, 2.1351
 0.1357, 0.0000, 3.1582, 3.1415, 0.0493,-0.0000, 2.9739
 0.1363, 0.0000, 3.1615, 3.1415, 0.0583, 0.2659,-4.6799
 0.1366, 0.0000, 3.1615, 3.1415, 0.0359, 0.0531,-1.6451
 0.1368, 0.0000, 3.1615, 3.1415, 0.0193, 0.0106,-0.1239
 0.1368, 0.0000, 3.1615, 3.1415, 0.0038, 0.0021,-0.5046
 0.1366, 0.0000, 3.1615, 3.1415,-0.0113, 0.0004,-1.2694
 0.1362, 0.0000, 3.1582, 3.1415,-0.0325,-0.2658, 4.6799
 0.1361, 0.0000, 3.1582, 3.1415,-0.0186,-0.0531, 2.2137
 0.1363, 0.0000, 3.1582, 3.1415, 0.0144,-0.0106, 1.6351
 0.1366, 0.0000, 3.1582, 3.1415, 0.0271,-0.0021, 1.8695
 0.1368, 0.0000, 3.1582, 3.1415, 0.0236,-0.0004, 1.5797
 0.1372, 0.0000, 3.1582, 3.1415, 0.0350,-0.0000, 2.2162
 0.1378, 0.0000, 3.1582, 3.1415, 0.0555,-0.0000, 3.3862
 0.1383, 0.0000, 3.1615, 3.1415, 0.0535, 0.2659,-4.6799
 0.1385, 0.0000, 3.1615, 3.1415, 0.0228, 0.0531,-2.3237
 0.1385, 0.0000, 3.1615, 3.1415, 0.0045, 0.0106,-0.9005
 0.1385, 0.0000, 3.1615, 3.1415, 0.0009, 0.0021,-0.6158
 0.1383, 0.0000, 3.1582, 3.1415,-0.0119,-0.2655, 4.6799
 0.1383, 0.0000, 3.1582, 3.1415,-0.0084,-0.0531, 2.8540
 0.1384, 0.0000, 3.1582, 3.1415, 0.0104,-0.0106, 1.4743
 0.1386, 0.0000, 3.1582, 3.1415, 0.0202,-0.0021, 1.5466
 0.1390, 0.0000, 3.1582, 3.1415, 0.0283,-0.0004, 1.9113
 0.1393, 0.0000, 3.1582, 3.1415, 0.0299,-0.0000, 1.9918
 0.1397, 0.0000, 3.1582, 3.1415, 0.0423,-0.0000, 2.7043
 0.1402, 0.0000, 3.1582, 3.1415, 0.0448,-0.0000, 2.8583
 0.1407, 0.0000, 3.1615, 3.1415, 0.0514, 0.2659,-4.6799
 0.1410, 0.0000, 3.1615, 3.1415, 0.0345, 0.0531,-1.5848
 0.1411, 0.0000, 3.1615, 3.1415, 0.0129, 0.0106,-0.3450
 0.1409, 0.0000, 3.1615, 3.1415,-0.0095, 0.0021,-1.1283
 0.1408, 0.0000, 3.1582, 3.1415,-0.0140,-0.2655, 4.6799
 0.1407, 0.0000, 3.1582, 3.1415,-0.0088,-0.0531, 2.9071
 0.1408, 0.0000, 3.1582, 3.1415, 0.0103,-0.0106, 1.5463
 0.1410, 0.0000, 3.1582, 3.1415, 0.0141,-0.0021, 1.2779
 0.1414, 0.0000, 3.1582, 3.1415, 0.0331,-0.0004, 2.2613
 0.1419, 0.0000, 3.1582, 3.1415, 0.0490,-0.0000, 3.1562
 0.1424, 0.0000, 3.1582, 3.1415, 0.0461,-0.0000, 3.0043
 0.1429, 0.0000, 3.1582, 3.1415, 0.0516,-0.0000, 3.3297
 0.1436, 0.0000, 3.1615, 3.1415, 0.0649, 0.2659,-4.6799
 0.1441, 0.0000, 3.1648, 3.1415, 0.0554, 0.3191,-4.6799
 0.1443, 0.0000, 3.1648, 3.1415, 0.0292, 0.0638,-3.2098
 0.1443, 0.0000, 3.1615, 3.1415,-0.0002,-0.2531, 4.6799
 0.1443, 0.0000, 3.1615, 3.1415,-0.0000,-0.0506, 2.5546
 0.1445, 0.0000, 3.1615, 3.1415, 0.0181,-0.0101, 1.2538
 0.1446, 0.0000, 3.1615, 3.1415, 0.0157,-0.0020, 0.6550
 0.1449, 0.0000, 3.1615, 3.1415, 0.0213,-0.0004, 0.8835
 0.1453, 0.0000, 3.1615, 3.1415, 0.0406,-0.0000, 1.9681
 0.1458, 0.0000, 3.1615, 3.1415, 0.0505,-0.0000, 2.5409
 0.1464, 0.0000, 3.1615, 3.1415, 0.0525,-0.0000, 2.6688
 0.1470, 0.0000, 3.1648, 3.1415, 0.0590, 0.2659,-4.6799
 0.1476, 0.0000, 3.1648, 3.1415, 0.0603, 0.0531,-0.7430
 0.1480, 0.0000, 3.1648, 3.1415, 0.0423, 0.0106, 0.7110
 0.1483, 0.0000, 3.1648, 3.1415, 0.0327, 0.0021, 0.6671
 0.1485, 0.0000, 3.1648, 3.1415, 0.0247, 0.0004, 0.3215
 0.1488, 0.0000, 3.1648, 3.1415, 0.0292, 0.0000, 0.6025
 0.1492, 0.0000, 3.1681, 3.1415, 0.0361, 0.2659,-4.6799
 0.1493, 0.0000, 3.1681, 3.1415, 0.0193, 0.0531,-3.8185
 0.1493, 0.0000, 3.1681, 3.1415, 0.0038, 0.0106,-2.2382
 0.1491, 0.0000, 3.1648, 3.1415,-0.0174,-0.2638, 4.6799
 0.1490, 0.0000, 3.1648, 3.1415,-0.0095,-0.0527, 1.4718
 0.1492, 0.0000, 3.1615, 3.1415, 0.0102,-0.2764, 4.6799
 0.1493, 0.0000, 3.1615, 3.1415, 0.0141,-0.0552, 3.7855
 0.1497, 0.0000, 3.1615, 3.1415, 0.0331,-0.0110, 2.3172
 0.1504, 0.0000, 3.1648, 3.1415, 0.0612, 0.2637,-4.6799
 0.1509, 0.0000, 3.1648, 3.1415, 0.0486, 0.0527,-1.2739
 0.1510, 0.0000, 3.1648, 3.1415, 0.0218, 0.0105,-0.3458
 0.1510, 0.0000, 3.1648, 3.1415, 0.0043, 0.0021,-0.8451
 0.1509, 0.0000, 3.1648, 3.1415,-0.0051, 0.0004,-1.2893
 0.1507, 0.0000, 3.1615, 3.1415,-0.0192,-0.2658, 4.6799
 0.1506, 0.0000, 3.1615, 3.1415,-0.0099,-0.0531, 2.3454
 0.1507, 0.0000, 3.1615, 3.1415, 0.0040,-0.0106, 0.6843
 0.1510, 0.0000, 3.1615, 3.1415, 0.0250,-0.0021, 1.3870
 0.1514, 0.0000, 3.1615, 3.1415, 0.0353,-0.0004, 1.8796
 0.1518, 0.0000, 3.1615, 3.1415, 0.0434,-0.0000, 2.3321
 0.1524, 0.0000, 3.1648, 3.1415, 0.0571, 0.2659,-4.6799
 0.1529, 0.0000, 3.1648, 3.1415, 0.0478, 0.0531,-1.2797
 0.1531, 0.0000, 3.1648, 3.1415, 0.0277, 0.0106, 0.0491
 0.1534, 0.0000, 3.1648, 3.1415, 0.0237, 0.0021, 0.3206
 0.1535, 0.0000, 3.1648, 3.1415, 0.0168, 0.0004, 0.0363
 0.1537, 0.0000, 3.1648, 3.1415, 0.0155, 0.0000,-0.0167
 0.1537, 0.0000, 3.1648, 3.1415, 0.0031, 0.0000,-0.7122
 0.1536, 0.0000, 3.1648, 3.1415,-0.0054, 0.0000,-1.1957
 0.1535, 0.0000, 3.1648, 3.1415,-0.0071, 0.0000,-1.2943
 0.1533, 0.0000, 3.1615, 3.1415,-0.0196,-0.2659, 4.6799
 0.1532, 0.0000, 3.1615, 3.1415,-0.0099,-0.0531, 2.4234
 0.1534, 0.0000, 3.1615, 3.1415, 0.0101,-0.0106, 1.1093
 0.1537, 0.0000, 3.1615, 3.1415, 0.0323,-0.0021, 1.8834
 0.1540, 0.0000, 3.1615, 3.1415, 0.0307,-0.0004, 1.7035
 0.1545, 0.0000, 3.1615, 3.1415, 0.0425,-0.0000, 2.3639
 0.1549, 0.0000, 3.1648, 3.1415, 0.0448, 0.2659,-4.6799
 0.1552, 0.0000, 3.1648, 3.1415, 0.0332, 0.0531,-2.0282
 0.1554, 0.0000, 3.1648, 3.1415, 0.0187, 0.0106,-0.3856
 0.1552, 0.0000, 3.1648, 3.1415,-0.0083, 0.0021,-1.4306
 0.1551, 0.0000, 3.1615, 3.1415,-0.0138,-0.2655, 4.6799
 0.1550, 0.0000, 3.1615, 3.1415,-0.0088,-0.0531, 2.5417
 0.1552, 0.0000, 3.1615, 3.1415, 0.0103,-0.0106, 1.1790
 0.1554, 0.0000, 3.1615, 3.1415, 0.0202,-0.0021, 1.2546
 0.1557, 0.0000, 3.1615, 3.1415, 0.0283,-0.0004, 1.6199
 0.1562, 0.0000, 3.1615, 3.1415, 0.0420,-0.0000, 2.3893
 0.1566, 0.0000, 3.1648, 3.1415, 0.0447, 0.2659,-4.6799
 0.1568, 0.0000, 3.1648, 3.1415, 0.0271, 0.0531,-2.3211
 0.1569, 0.0000, 3.1648, 3.1415, 0.0114, 0.0106,-0.7482
 0.1568, 0.0000, 3.1648, 3.1415,-0.0098, 0.0021,-1.4649
 0.1565, 0.0000, 3.1615, 3.1415,-0.0201,-0.2655, 4.6799
 0.1564, 0.0000, 3.1615, 3.1415,-0.0161,-0.0531, 2.1711
 0.1565, 0.0000, 3.1615, 3.1415, 0.0028,-0.0106, 0.7950
 0.1567, 0.0000, 3.1615, 3.1415, 0.0187,-0.0021, 1.2104
 0.1571, 0.0000, 3.1615, 3.1415, 0.0340,-0.0004, 1.9879
 0.1574, 0.0000, 3.1615, 3.1415, 0.0371,-0.0000, 2.1531
 0.1579, 0.0000, 3.1615, 3.1415, 0.0438,-0.0000, 2.5400
 0.1584, 0.0000, 3.1648, 3.1415, 0.0451, 0.2659,-4.6799
 0.1587, 0.0000, 3.1648, 3.1415, 0.0332, 0.0531,-1.9177
 0.1587, 0.0000, 3.1648, 3.1415, 0.0127, 0.0106,-0.6216
 0.1586, 0.0000, 3.1648, 3.1415,-0.0095, 0.0021,-1.3935
 0.1584, 0.0000, 3.1615, 3.1415,-0.0201,-0.2655, 4.6799
 0.1583, 0.0000, 3.1615, 3.1415,-0.0100,-0.0531, 2.5735
 0.1584, 0.0000, 3.1615, 3.1415, 0.0040,-0.0106, 0.9234
 0.1586, 0.0000, 3.1615, 3.1415, 0.0189,-0.0021, 1.2840
 0.1589, 0.0000, 3.1615, 3.1415, 0.0280,-0.0004, 1.7062
 0.1592, 0.0000, 3.1615, 3.1415, 0.0298,-0.0000, 1.7983
 0.1596, 0.0000, 3.1615, 3.1415, 0.0362,-0.0000, 2.1688
 0.1600, 0.0000, 3.1615, 3.1415, 0.0436,-0.0000, 2.5968
 0.1605, 0.0000, 3.1648, 3.1415, 0.0451, 0.2659,-4.6799
 0.1607, 0.0000, 3.1648, 3.1415, 0.0272, 0.0531,-2.1954
 0.1608, 0.0000, 3.1648, 3.1415, 0.0115, 0.0106,-0.6254
 0.1606, 0.0000, 3.1648, 3.1415,-0.0158, 0.0021,-1.6869
 0.1603, 0.0000, 3.1615, 3.1415,-0.0274,-0.2655, 4.6799
 0.1602, 0.0000, 3.1615, 3.1415,-0.0115,-0.0531, 2.5507
 0.1603, 0.0000, 3.1615, 3.1415, 0.0037,-0.0106, 0.9667
 0.1604, 0.0000, 3.1615, 3.1415, 0.0128,-0.0021, 0.9961
 0.1607, 0.0000, 3.1615, 3.1415, 0.0268,-0.0004, 1.6947
 0.1610, 0.0000, 3.1615, 3.1415, 0.0296,-0.0000, 1.8420
 0.1615, 0.0000, 3.1615, 3.1415, 0.0423,-0.0000, 2.5679
 0.1618, 0.0000, 3.1615, 3.1415, 0.0387,-0.0000, 2.3801
 0.1623, 0.0000, 3.1648, 3.1415, 0.0441, 0.2659,-4.6799
 0.1625, 0.0000, 3.1648, 3.1415, 0.0270, 0.0531,-2.1489
 0.1626, 0.0000, 3.1648, 3.1415, 0.0114, 0.0106,-0.5701
 0.1624, 0.0000, 3.1648, 3.1415,-0.0158, 0.0021,-1.6299
 0.1621, 0.0000, 3.1615, 3.1415,-0.0274,-0.2655, 4.6799
 0.1620, 0.0000, 3.1615, 3.1415,-0.0115,-0.0531, 2.6082
 0.1621, 0.0000, 3.1582, 3.1415, 0.0037,-0.2765, 4.6799
 0.1623, 0.0000, 3.1582, 3.1415, 0.0189,-0.0553, 4.6799
 0.1628, 0.0000, 3.1615, 3.1415, 0.0462, 0.2548,-4.6799
 0.1630, 0.0000, 3.1615, 3.1415, 0.0213, 0.0509,-1.5051
 0.1631, 0.0000, 3.1615, 3.1415, 0.0103, 0.0101, 0.2264
 0.1631, 0.0000, 3.1615, 3.1415, 0.0020, 0.0020, 0.2303
 0.1631, 0.0000, 3.1615, 3.1415, 0.0064, 0.0004, 0.5755
 0.1632, 0.0000, 3.1582, 3.1415, 0.0073,-0.2658, 4.6799
 0.1634, 0.0000, 3.1582, 3.1415, 0.0196,-0.0531, 4.6799
 0.1639, 0.0000, 3.1582, 3.1415, 0.0403,-0.0106, 3.9649
 0.1646, 0.0000, 3.1615, 3.1415, 0.0626, 0.2638,-4.6799
 0.1648, 0.0000, 3.1615, 3.1415, 0.0307, 0.0527,-1.0237
 0.1649, 0.0000, 3.1615, 3.1415, 0.0182, 0.0105, 0.7130
 0.1652, 0.0000, 3.1615, 3.1415, 0.0218, 0.0021, 1.4086
 0.1653, 0.0000, 3.1615, 3.1415, 0.0164, 0.0004, 1.2091
 0.1655, 0.0000, 3.1615, 3.1415, 0.0154, 0.0000, 1.1731
 0.1658, 0.0000, 3.1615, 3.1415, 0.0273, 0.0000, 1.8584
 0.1662, 0.0000, 3.1615, 3.1415, 0.0357, 0.0000, 2.3474
 0.1667, 0.0000, 3.1648, 3.1415, 0.0496, 0.2659,-4.6799
 0.1670, 0.0000, 3.1648, 3.1415, 0.0341, 0.0531,-1.6040
 0.1670, 0.0000, 3.1648, 3.1415, 0.0068, 0.0106,-0.6924
 0.1669, 0.0000, 3.1648, 3.1415,-0.0046, 0.0021,-0.8545
 0.1668, 0.0000, 3.1648, 3.1415,-0.0070, 0.0004,-0.8889
 0.1667, 0.0000, 3.1615, 3.1415,-0.0135,-0.2658, 4.6799
 0.1665, 0.0000, 3.1615, 3.1415,-0.0148,-0.0531, 2.5707
 0.1668, 0.0000, 3.1615, 3.1415, 0.0152,-0.0106, 1.8204
 0.1671, 0.0000, 3.1615, 3.1415, 0.0333,-0.0021, 2.3648
 0.1677, 0.0000, 3.1615, 3.1415, 0.0491,-0.0004, 3.1720
 0.1684, 0.0000, 3.1648, 3.1415, 0.0643, 0.2658,-4.6799
 0.1688, 0.0000, 3.1648, 3.1415, 0.0492, 0.0531,-0.6947
 0.1691, 0.0000, 3.1648, 3.1415, 0.0341, 0.0106, 0.9128
 0.1695, 0.0000, 3.1648, 3.1415, 0.0371, 0.0021, 1.5863
 0.1698, 0.0000, 3.1681, 3.1415, 0.0316, 0.2663,-4.6799
 0.1698, 0.0000, 3.1681, 3.1415, 0.0063, 0.0532,-3.9110
 0.1696, 0.0000, 3.1681, 3.1415,-0.0108, 0.0106,-2.4281
 0.1695, 0.0000, 3.1648, 3.1415,-0.0142,-0.2638, 4.6799
 0.1695, 0.0000, 3.1648, 3.1415,-0.0028,-0.0527, 2.4956
 0.1695, 0.0000, 3.1648, 3.1415,-0.0005,-0.0105, 0.1906
 0.1697, 0.0000, 3.1648, 3.1415, 0.0180,-0.0021, 0.7627
 0.1702, 0.0000, 3.1648, 3.1415, 0.0399,-0.0004, 1.9160
 0.1707, 0.0000, 3.1648, 3.1415, 0.0504,-0.0000, 2.5025
 0.1712, 0.0000, 3.1681, 3.1415, 0.0525, 0.2659,-4.6799
 0.1715, 0.0000, 3.1681, 3.1415, 0.0347, 0.0531,-2.2478
 0.1717, 0.0000, 3.1681, 3.1415, 0.0190, 0.0106,-0.6739
 0.1717, 0.0000, 3.1681, 3.1415, 0.0038, 0.0021,-1.0440
 0.1715, 0.0000, 3.1681, 3.1415,-0.0174, 0.0004,-2.1512
 0.1712, 0.0000, 3.1648, 3.1415,-0.0277,-0.2658, 4.6799
 0.1709, 0.0000, 3.1648, 3.1415,-0.0237,-0.0531, 1.3871
 0.1711, 0.0000, 3.1648, 3.1415, 0.0073,-0.0106, 0.6941
 0.1713, 0.0000, 3.1648, 3.1415, 0.0196,-0.0021, 0.9037
 0.1716, 0.0000, 3.1648, 3.1415, 0.0281,-0.0004, 1.2957
 0.1720, 0.0000, 3.1648, 3.1415, 0.0359,-0.0000, 1.7262
 0.1725, 0.0000, 3.1681, 3.1415, 0.0496, 0.2659,-4.6799
 0.1729, 0.0000, 3.1681, 3.1415, 0.0402, 0.0531,-1.8953
 0.1730, 0.0000, 3.1681, 3.1415, 0.0141, 0.0106,-0.9133
 0.1728, 0.0000, 3.1681, 3.1415,-0.0093, 0.0021,-1.7481
 0.1727, 0.0000, 3.1681, 3.1415,-0.0139, 0.0004,-1.9188
 0.1724, 0.0000, 3.1681, 3.1415,-0.0270, 0.0000,-2.6456
 0.1719, 0.0000, 3.1648, 3.1415,-0.0417,-0.2659, 4.6799
 0.1718, 0.0000, 3.1648, 3.1415,-0.0204,-0.0531, 1.5977
 0.1718, 0.0000, 3.1648, 3.1415, 0.0019,-0.0106, 0.4129
 0.1721, 0.0000, 3.1648, 3.1415, 0.0246,-0.0021, 1.2109
 0.1724, 0.0000, 3.1648, 3.1415, 0.0231,-0.0004, 1.0339
 0.1728, 0.0000, 3.1648, 3.1415, 0.0349,-0.0000, 1.6930
 0.1732, 0.0000, 3.1681, 3.1415, 0.0433, 0.2659,-4.6799
 0.1734, 0.0000, 3.1681, 3.1415, 0.0268, 0.0531,-2.6332
 0.1734, 0.0000, 3.1681, 3.1415, 0.0053, 0.0106,-1.3918
 0.1732, 0.0000, 3.1681, 3.1415,-0.0171, 0.0021,-2.1766
 0.1731, 0.0000, 3.1681, 3.1415,-0.0155, 0.0004,-1.9950
 0.1727, 0.0000, 3.1681, 3.1415,-0.0334, 0.0000,-2.9956
 0.1722, 0.0000, 3.1648, 3.1415,-0.0430,-0.2659, 4.6799
 0.1719, 0.0000, 3.1648, 3.1415,-0.0328,-0.0531, 0.9042
 0.1720, 0.0000, 3.1648, 3.1415,-0.0005,-0.0106, 0.2780
 0.1721, 0.0000, 3.1648, 3.1415, 0.0120,-0.0021, 0.4990
 0.1722, 0.0000, 3.1648, 3.1415, 0.0084,-0.0004, 0.2028
 0.1725, 0.0000, 3.1648, 3.1415, 0.0259,-0.0000, 1.1785
 0.1731, 0.0000, 3.1681, 3.1415, 0.0476, 0.2659,-4.6799
 0.1732, 0.0000, 3.1681, 3.1415, 0.0216, 0.0531,-2.9342
 0.1731, 0.0000, 3.1681, 3.1415,-0.0017, 0.0106,-1.8021
 0.1729, 0.0000, 3.1681, 3.1415,-0.0185, 0.0021,-2.2664
 0.1727, 0.1500, 3.1681, 3.1415,-0.0218, 0.0004,-4.6799
 0.1723, 0.1500, 3.1648, 3.1415,-0.0346,-0.2658, 4.6799
 0.1720, 0.1500, 3.1648, 3.1415,-0.0311,-0.0531,-3.7397
 0.1717, 0.1500, 3.1648, 3.1415,-0.0304,-0.0106,-4.6799
 0.1714, 0.1500, 3.1648, 3.1415,-0.0303,-0.0021,-4.6799
 0.1708, 0.1500, 3.1615, 3.1415,-0.0545,-0.2663, 4.6799
 0.1705, 0.1500, 3.1582, 3.1415,-0.0351,-0.3192, 4.6799
 0.1704, 0.1500, 3.1582, 3.1415,-0.0130,-0.0638,-0.5132
 0.1703, 0.1500, 3.1582, 3.1415,-0.0147,-0.0127,-3.5560
 0.1702, 0.1500, 3.1582, 3.1415,-0.0090,-0.0025,-3.8241
 0.1700, 0.1500, 3.1582, 3.1415,-0.0139,-0.0005,-4.2240
 0.1696, 0.1500, 3.1582, 3.1415,-0.0331,-0.0001,-4.6799
 0.1691, 0.1500, 3.1582, 3.1415,-0.0490,-0.0000,-4.6799
 0.1684, 0.1500, 3.1548, 3.1415,-0.0704,-0.2659, 4.6799
 0.1680, 0.1500, 3.1515, 3.1415,-0.0444,-0.3191, 4.6799
 0.1680, 0.1500, 3.1515, 3.1415,-0.0088,-0.0638, 1.2880
 0.1681, 0.1500, 3.1515, 3.1415, 0.0103,-0.0127,-0.5668
 0.1681, 0.1500, 3.1515, 3.1415, 0.0020,-0.0025,-1.6228
 0.1681, 0.1500, 3.1515, 3.1415, 0.0004,-0.0005,-1.8339
 0.1681, 0.1500, 3.1515, 3.1415,-0.0059,-0.0001,-2.2206
 0.1678, 0.1500, 3.1515, 3.1415,-0.0193,-0.0000,-2.9885
 0.1674, 0.1500, 3.1515, 3.1415,-0.0402,-0.0000,-4.1809
 0.1668, 0.1500, 3.1482, 3.1415,-0.0504,-0.2659, 4.6799
 0.1667, 0.1500, 3.1482, 3.1415,-0.0222,-0.0531, 0.7017
 0.1668, 0.1500, 3.1482, 3.1415, 0.0016,-0.0106,-0.4047
 0.1667, 0.1500, 3.1482, 3.1415,-0.0057,-0.0021,-1.3128
 0.1665, 0.1500, 3.1482, 3.1415,-0.0132,-0.0004,-1.8407
 0.1665, 0.1500, 3.1449, 3.1415,-0.0026,-0.2660, 4.6799
 0.1667, 0.1500, 3.1449, 3.1415, 0.0115,-0.0532, 3.4307
 0.1668, 0.1500, 3.1449, 3.1415, 0.0144,-0.0106, 1.1418
 0.1671, 0.1500, 3.1449, 3.1415, 0.0210,-0.0021, 1.0322
 0.1676, 0.1500, 3.1482, 3.1415, 0.0466, 0.2655,-4.6799
 0.1680, 0.1500, 3.1482, 3.1415, 0.0396, 0.0531,-1.8970
 0.1681, 0.1500, 3.1482, 3.1415, 0.0200, 0.0106,-0.5474
 0.1680, 0.1500, 3.1482, 3.1415,-0.0081, 0.0021,-1.6512
 0.1678, 0.1500, 3.1449, 3.1415,-0.0137,-0.2655, 4.6799
 0.1679, 0.1500, 3.1449, 3.1415, 0.0033,-0.0531, 2.9960
 0.1681, 0.1500, 3.1449, 3.1415, 0.0188,-0.0106, 1.4299
 0.1684, 0.1500, 3.1449, 3.1415, 0.0280,-0.0021, 1.4668
 0.1689, 0.1500, 3.1449, 3.1415, 0.0419,-0.0004, 2.1706
 0.1694, 0.1500, 3.1449, 3.1415, 0.0508,-0.0000, 2.6672
 0.1702, 0.1500, 3.1482, 3.1415, 0.0708, 0.2659,-4.6799
 0.1706, 0.1500, 3.1482, 3.1415, 0.0444, 0.0531,-1.5479
 0.1706, 0.1500, 3.1482, 3.1415, 0.0149, 0.0106,-0.7569
 0.1706, 0.1500, 3.1482, 3.1415, 0.0029, 0.0021,-0.9411
 0.1706, 0.1500, 3.1449, 3.1415,-0.0054,-0.2655, 4.6799
 0.1705, 0.1500, 3.1449, 3.1415,-0.0071,-0.0531, 2.4870
 0.1706, 0.1500, 3.1415, 3.1415, 0.0046,-0.2765, 4.6799
 0.1709, 0.1500, 3.1415, 3.1415, 0.0312,-0.0553, 4.6799
 0.1715, 0.1500, 3.1415, 3.1415, 0.0547,-0.0110, 4.4083
 0.1723, 0.1500, 3.1449, 3.1415, 0.0715, 0.2637,-4.6799
 0.1728, 0.1500, 3.1449, 3.1415, 0.0567, 0.0527, 0.0628
 0.1735, 0.1500, 3.1449, 3.1415, 0.0659, 0.0105, 3.0340
 0.1741, 0.1500, 3.1449, 3.1415, 0.0616, 0.0021, 3.3011
 0.1749, 0.1500, 3.1482, 3.1415, 0.0729, 0.2663,-4.6799
 0.1752, 0.1500, 3.1482, 3.1415, 0.0388, 0.0532,-1.7244
 0.1753, 0.1500, 3.1482, 3.1415, 0.0198, 0.0106,-0.3309
 0.1753, 0.1500, 3.1449, 3.1415, 0.0039,-0.2638, 4.6799
 0.1754, 0.1500, 3.1415, 3.1415, 0.0068,-0.3186, 4.6799
 0.1755, 0.1500, 3.1415, 3.1415, 0.0074,-0.0637, 4.6799
 0.1757, 0.1500, 3.1415, 3.1415, 0.0196,-0.0127, 2.6588
 0.1761, 0.1500, 3.1382, 3.1415, 0.0342,-0.2685, 4.6799
 0.1768, 0.1500, 3.1382, 3.1415, 0.0614,-0.0537, 4.6799
 0.1775, 0.1500, 3.1382, 3.1415, 0.0668,-0.0107, 4.6799
 0.1782, 0.1500, 3.1382, 3.1415, 0.0740,-0.0021, 4.6799
 0.1791, 0.1500, 3.1415, 3.1415, 0.0875, 0.2655,-4.6799
 0.1799, 0.1500, 3.1415, 3.1415, 0.0781, 0.0531, 2.2911
 0.1808, 0.1500, 3.1415, 3.1415, 0.0883, 0.0106, 4.6799
 0.1815, 0.1500, 3.1415, 3.1415, 0.0722, 0.0021, 4.6799
 0.1824, 0.1500, 3.1415, 3.1415, 0.0872, 0.0004, 4.6799
 0.1835, 0.1500, 3.1415, 3.1415, 0.1083, 0.0000, 4.6799
 0.1848, 0.1500, 3.1449, 3.1415, 0.1247, 0.2659,-4.6799
 0.1858, 0.1500, 3.1449, 3.1415, 0.1037, 0.0531, 3.0983
 0.1870, 0.1500, 3.1482, 3.1415, 0.1177, 0.2765,-4.6799
 0.1878, 0.1500, 3.1482, 3.1415, 0.0841, 0.0553, 1.1124
 0.1887, 0.1500, 3.1482, 3.1415, 0.0956, 0.0110, 4.3424
 0.1895, 0.1500, 3.1482, 3.1415, 0.0797, 0.0022, 3.9803
 0.1906, 0.1500, 3.1482, 3.1415, 0.1069, 0.0004, 4.6799
 0.1918, 0.1500, 3.1482, 3.1415, 0.1123, 0.0000, 4.6799
 0.1931, 0.1500, 3.1515, 3.1415, 0.1255, 0.2659,-4.6799
 0.1941, 0.1500, 3.1515, 3.1415, 0.1039, 0.0531, 1.7268
 0.1953, 0.1500, 3.1515, 3.1415, 0.1178, 0.0106, 4.6799
 0.1964, 0.1500, 3.1515, 3.1415, 0.1145, 0.0021, 4.6799
 0.1976, 0.1500, 3.1515, 3.1415, 0.1199, 0.0004, 4.6799
 0.1989, 0.1500, 3.1548, 3.1415, 0.1270, 0.2660,-4.6799
 0.1998, 0.1500, 3.1548, 3.1415, 0.0981, 0.0532, 0.7627
 0.2009, 0.1500, 3.1548, 3.1415, 0.1045, 0.0106, 3.6088
 0.2019, 0.1500, 3.1548, 3.1415, 0.0997, 0.0021, 3.8604
 0.2030, 0.1500, 3.1548, 3.1415, 0.1108, 0.0004, 4.6243
 0.2041, 0.1500, 3.1548, 3.1415, 0.1131, 0.0000, 4.6799
 0.2056, 0.1500, 3.1582, 3.1415, 0.1378, 0.2659,-4.6799
 0.2069, 0.1500, 3.1582, 3.1415, 0.1306, 0.0531, 1.9971
 0.2082, 0.1500, 3.1582, 3.1415, 0.1352, 0.0106, 4.6799
 0.2095, 0.1500, 3.1615, 3.1415, 0.1301, 0.2680,-4.6799
 0.2105, 0.1500, 3.1615, 3.1415, 0.1048, 0.0536,-0.1874
 0.2113, 0.1500, 3.1615, 3.1415, 0.0816, 0.0107, 0.9986
 0.2121, 0.1500, 3.1615, 3.1415, 0.0830, 0.0021, 1.5993
 0.2128, 0.1500, 3.1582, 3.1415, 0.0772,-0.2655, 4.6799
 0.2135, 0.1500, 3.1582, 3.1415, 0.0700,-0.0531, 4.6799
 0.2143, 0.1500, 3.1582, 3.1415, 0.0746,-0.0106, 2.7527
 0.2153, 0.1500, 3.1582, 3.1415, 0.0937,-0.0021, 3.3719
 0.2162, 0.1500, 3.1582, 3.1415, 0.0915,-0.0004, 3.1763
 0.2172, 0.1500, 3.1582, 3.1415, 0.0971,-0.0000, 3.5046
 0.2183, 0.1500, 3.1582, 3.1415, 0.1103,-0.0000, 4.2838
 0.2196, 0.1500, 3.1582, 3.1415, 0.1251,-0.0000, 4.6799
 0.2210, 0.1500, 3.1582, 3.1415, 0.1402,-0.0000, 4.6799
 0.2226, 0.1500, 3.1615, 3.1415, 0.1493, 0.2659,-4.6799
 0.2238, 0.1500, 3.1615, 3.1415, 0.1268, 0.0531, 1.4984
 0.2252, 0.1500, 3.1615, 3.1415, 0.1405, 0.0106, 4.6799
 0.2266, 0.1500, 3.1648, 3.1415, 0.1433, 0.2680,-4.6799
 0.2277, 0.1500, 3.1648, 3.1415, 0.1135, 0.0536, 0.0267
 0.2288, 0.1500, 3.1648, 3.1415, 0.1136, 0.0107, 2.5419
 0.2301, 0.1500, 3.1648, 3.1415, 0.1197, 0.0021, 3.4180
 0.2313, 0.1500, 3.1648, 3.1415, 0.1270, 0.0004, 3.9683
 0.2326, 0.1500, 3.1681, 3.1415, 0.1224, 0.2660,-4.6799
 0.2334, 0.1500, 3.1681, 3.1415, 0.0911, 0.0532,-1.8524
 0.2342, 0.1500, 3.1681, 3.1415, 0.0849, 0.0106, 0.2758
 0.2349, 0.1500, 3.1681, 3.1415, 0.0715, 0.0021, 0.0339
 0.2355, 0.1500, 3.1648, 3.1415, 0.0628,-0.2655, 4.6799
 0.2361, 0.1500, 3.1648, 3.1415, 0.0610,-0.0531, 3.4862
 0.2368, 0.1500, 3.1648, 3.1415, 0.0667,-0.0106, 1.3803
 0.2376, 0.1500, 3.1615, 3.1415, 0.0739,-0.2680, 4.6799
 0.2385, 0.1500, 3.1615, 3.1415, 0.0875,-0.0536, 4.6799
 0.2394, 0.1500, 3.1615, 3.1415, 0.0902,-0.0107, 3.6127
 0.2405, 0.1500, 3.1615, 3.1415, 0.1090,-0.0021, 4.2104
 0.2417, 0.1500, 3.1615, 3.1415, 0.1188,-0.0004, 4.6799
 0.2433, 0.1500, 3.1648, 3.1415, 0.1510, 0.2658,-4.6799
 0.2444, 0.1500, 3.1648, 3.1415, 0.1151, 0.0531, 0.6668
 0.2457, 0.1500, 3.1681, 3.1415, 0.1321, 0.2765,-4.6799
 0.2467, 0.1500, 3.1681, 3.1415, 0.1052, 0.0553,-0.7587
 0.2475, 0.1500, 3.1681, 3.1415, 0.0816, 0.0110, 0.4874
 0.2482, 0.1500, 3.1681, 3.1415, 0.0769, 0.0022, 0.7559
 0.2489, 0.1500, 3.1648, 3.1415, 0.0639,-0.2655, 4.6799
 0.2495, 0.1500, 3.1648, 3.1415, 0.0612,-0.0531, 3.9197
 0.2504, 0.1500, 3.1648, 3.1415, 0.0850,-0.0106, 2.8372
 0.2514, 0.1500, 3.1648, 3.1415, 0.1018,-0.0021, 3.3325
 0.2526, 0.1500, 3.1648, 3.1415, 0.1113,-0.0004, 3.8028
 0.2538, 0.1500, 3.1648, 3.1415, 0.1192,-0.0000, 4.2699
 0.2551, 0.1500, 3.1648, 3.1415, 0.1269,-0.0000, 4.6799
 0.2565, 0.1500, 3.1681, 3.1415, 0.1405, 0.2659,-4.6799
 0.2575, 0.1500, 3.1681, 3.1415, 0.1069, 0.0531,-0.2009
 0.2584, 0.1500, 3.1715, 3.1415, 0.0941, 0.2765,-4.6799
 0.2589, 0.1500, 3.1681, 3.1415, 0.0612,-0.2106, 4.6799
 0.2598, 0.1500, 3.1681, 3.1415, 0.0789,-0.0421, 3.7882
 0.2604, 0.1500, 3.1681, 3.1415, 0.0642,-0.0084, 1.0377
 0.2611, 0.1500, 3.1648, 3.1415, 0.0674,-0.2676, 4.6799
 0.2618, 0.1500, 3.1648, 3.1415, 0.0741,-0.0535, 4.6799
 0.2629, 0.1500, 3.1648, 3.1415, 0.1057,-0.0107, 4.4104
 0.2643, 0.1500, 3.1681, 3.1415, 0.1302, 0.2638,-4.6799
 0.2652, 0.1500, 3.1681, 3.1415, 0.0988, 0.0527,-0.3900
 0.2658, 0.1500, 3.1681, 3.1415, 0.0682, 0.0105, 0.3399
 0.2669, 0.1500, 3.1681, 3.1415, 0.0985, 0.0021, 2.5676
 0.2679, 0.1500, 3.1681, 3.1415, 0.0985, 0.0004, 2.6955
 0.2686, 0.1500, 3.1681, 3.1415, 0.0742, 0.0000, 1.3685
 0.2694, 0.1500, 3.1681, 3.1415, 0.0815, 0.0000, 1.8091
 0.2706, 0.1500, 3.1681, 3.1415, 0.1133, 0.0000, 3.6401
 0.2718, 0.1500, 3.1681, 3.1415, 0.1196, 0.0000, 4.0371
 0.2728, 0.1500, 3.1715, 3.1415, 0.1027, 0.2659,-4.6799
 0.2736, 0.1500, 3.1715, 3.1415, 0.0811, 0.0531,-1.9661
 0.2742, 0.1500, 3.1715, 3.1415, 0.0708, 0.0106,-0.0763
 0.2748, 0.1500, 3.1715, 3.1415, 0.0566, 0.0021,-0.3699
 0.2748, 0.1500, 3.1681, 3.1415, 0.0173,-0.2655, 4.6799
 0.2750, 0.1500, 3.1648, 3.1415, 0.0156,-0.3190, 4.6799
 0.2752, 0.1500, 3.1648, 3.1415, 0.0152,-0.0638, 2.7524
 0.2755, 0.1500, 3.1615, 3.1415, 0.0273,-0.2787, 4.6799
 0.2759, 0.1500, 3.1615, 3.1415, 0.0418,-0.0557, 4.6313
 0.2765, 0.1500, 3.1615, 3.1415, 0.0568,-0.0111, 2.9272
 0.2773, 0.1500, 3.1615, 3.1415, 0.0780,-0.0022, 3.6347
 0.2782, 0.1500, 3.1615, 3.1415, 0.0823,-0.0004, 3.7974
 0.2791, 0.1500, 3.1615, 3.1415, 0.0892,-0.0000, 4.1953
 0.2802, 0.1500, 3.1615, 3.1415, 0.1087,-0.0000, 4.6799
 0.2816, 0.1500, 3.1615, 3.1415, 0.1308,-0.0000, 4.6799
 0.2830, 0.1500, 3.1648, 3.1415, 0.1353, 0.2659,-4.6799
 0.2841, 0.1500, 3.1681, 3.1415, 0.1180, 0.3191,-4.6799
 0.2850, 0.1500, 3.1681, 3.1415, 0.0963, 0.0638,-0.5416
 0.2856, 0.1500, 3.1681, 3.1415, 0.0677, 0.0127, 0.8098
 0.2861, 0.1500, 3.1681, 3.1415, 0.0559, 0.0025, 0.7510
 0.2867, 0.1500, 3.1681, 3.1415, 0.0536, 0.0005, 0.7526
 0.2874, 0.1500, 3.1648, 3.1415, 0.0652,-0.2658, 4.6799
 0.2879, 0.1500, 3.1648, 3.1415, 0.0555,-0.0531, 4.6799
 0.2887, 0.1500, 3.1648, 3.1415, 0.0777,-0.0106, 3.6428
 0.2898, 0.1500, 3.1648, 3.1415, 0.1004,-0.0021, 4.4631
 0.2909, 0.1500, 3.1681, 3.1415, 0.1110, 0.2655,-4.6799
 0.2917, 0.1500, 3.1681, 3.1415, 0.0828, 0.0531,-0.4752
 0.2924, 0.1500, 3.1681, 3.1415, 0.0711, 0.0106, 1.3361
 0.2931, 0.1500, 3.1681, 3.1415, 0.0748, 0.0021, 2.0598
 0.2936, 0.1500, 3.1681, 3.1415, 0.0574, 0.0004, 1.1907
 0.2940, 0.1500, 3.1681, 3.1415, 0.0418, 0.0000, 0.3416
 0.2946, 0.1500, 3.1648, 3.1415, 0.0508,-0.2659, 4.6799
 0.2952, 0.1500, 3.1648, 3.1415, 0.0647,-0.0531, 4.6799
 0.2960, 0.1500, 3.1648, 3.1415, 0.0735,-0.0106, 3.6349
 0.2967, 0.1500, 3.1648, 3.1415, 0.0692,-0.0021, 2.9237
 0.2976, 0.1500, 3.1648, 3.1415, 0.0866,-0.0004, 3.8318
 0.2987, 0.1500, 3.1681, 3.1415, 0.1082, 0.2658,-4.6799
 0.2995, 0.1500, 3.1681, 3.1415, 0.0822, 0.0531,-0.2635
 0.2999, 0.1500, 3.1681, 3.1415, 0.0467, 0.0106, 0.1981
 0.3003, 0.1500, 3.1681, 3.1415, 0.0457, 0.0021, 0.6445
 0.3006, 0.1500, 3.1648, 3.1415, 0.0334,-0.2655, 4.6799
 0.3008, 0.1500, 3.1648, 3.1415, 0.0248,-0.0531, 3.4899
 0.3014, 0.1500, 3.1615, 3.1415, 0.0474,-0.2765, 4.6799
 0.3021, 0.1500, 3.1615, 3.1415, 0.0701,-0.0553, 4.6799
 0.3029, 0.1500, 3.1615, 3.1415, 0.0746,-0.0110, 4.6799
 0.3037, 0.1500, 3.1615, 3.1415, 0.0816,-0.0022, 4.6679
 0.3049, 0.1500, 3.1648, 3.1415, 0.1133, 0.2654,-4.6799
 0.3058, 0.1500, 3.1648, 3.1415, 0.0954, 0.0530, 1.5035
 0.3068, 0.1500, 3.1681, 3.1415, 0.0979, 0.2765,-4.6799
 0.3074, 0.1500, 3.1681, 3.1415, 0.0680, 0.0553,-0.9364
 0.3080, 0.1500, 3.1681, 3.1415, 0.0560, 0.0110, 0.9535
 0.3082, 0.1500, 3.1648, 3.1415, 0.0294,-0.2637, 4.6799
 0.3085, 0.1500, 3.1648, 3.1415, 0.0301,-0.0527, 4.0080
 0.3090, 0.1500, 3.1648, 3.1415, 0.0484,-0.0105, 2.6257
 0.3096, 0.1500, 3.1615, 3.1415, 0.0521,-0.2680, 4.6799
 0.3101, 0.1500, 3.1615, 3.1415, 0.0528,-0.0536, 4.6799
 0.3110, 0.1500, 3.1615, 3.1415, 0.0833,-0.0107, 4.6799
 0.3121, 0.1500, 3.1648, 3.1415, 0.1015, 0.2637,-4.6799
 0.3127, 0.1500, 3.1648, 3.1415, 0.0688, 0.0527, 0.2378
 0.3133, 0.1500, 3.1648, 3.1415, 0.0622, 0.0105, 2.3215
 0.3139, 0.1500, 3.1648, 3.1415, 0.0609, 0.0021, 2.7534
 0.3147, 0.1500, 3.1648, 3.1415, 0.0788, 0.0004, 3.8883
 0.3153, 0.1500, 3.1648, 3.1415, 0.0642, 0.0000, 3.1032
 0.3160, 0.1500, 3.1648, 3.1415, 0.0674, 0.0000, 3.3058
 0.3169, 0.1500, 3.1648, 3.1415, 0.0862, 0.0000, 4.3968
 0.3180, 0.1500, 3.1681, 3.1415, 0.1082, 0.2659,-4.6799
 0.3186, 0.1500, 3.1681, 3.1415, 0.0640, 0.0531,-0.6877
 0.3189, 0.1500, 3.1681, 3.1415, 0.0370, 0.0106, 0.2517
 0.3193, 0.1500, 3.1681, 3.1415, 0.0437, 0.0021, 1.1362
 0.3196, 0.1500, 3.1648, 3.1415, 0.0269,-0.2655, 4.6799
 0.3199, 0.1500, 3.1648, 3.1415, 0.0296,-0.0531, 4.3601
 0.3204, 0.1500, 3.1648, 3.1415, 0.0483,-0.0106, 2.9835
 0.3212, 0.1500, 3.1648, 3.1415, 0.0763,-0.0021, 4.0991
 0.3220, 0.1500, 3.1648, 3.1415, 0.0759,-0.0004, 3.9989
 0.3229, 0.1500, 3.1648, 3.1415, 0.0879,-0.0000, 4.6799
 0.3241, 0.1500, 3.1681, 3.1415, 0.1146, 0.2659,-4.6799
 0.3250, 0.1500, 3.1681, 3.1415, 0.0956, 0.0531, 1.2980
 0.3262, 0.1500, 3.1715, 3.1415, 0.1100, 0.2765,-4.6799
 0.3268, 0.1500, 3.1715, 3.1415, 0.0765, 0.0553,-0.6643
 0.3274, 0.1500, 3.1715, 3.1415, 0.0577, 0.0110, 0.8421
 0.3276, 0.1500, 3.1715, 3.1415, 0.0297, 0.0022,-0.2206
 0.3278, 0.1500, 3.1715, 3.1415, 0.0180, 0.0004,-0.7716
 0.3279, 0.1500, 3.1681, 3.1415, 0.0157,-0.2658, 4.6799
 0.3279, 0.1500, 3.1681, 3.1415, 0.0031,-0.0531, 2.3029
 0.3281, 0.1500, 3.1648, 3.1415, 0.0127,-0.2765, 4.6799
 0.3284, 0.1500, 3.1648, 3.1415, 0.0328,-0.0553, 4.6799
 0.3290, 0.1500, 3.1648, 3.1415, 0.0490,-0.0110, 3.3160
 0.3297, 0.1500, 3.1648, 3.1415, 0.0704,-0.0022, 4.0378
 0.3303, 0.1500, 3.1648, 3.1415, 0.0625,-0.0004, 3.5124
 0.3312, 0.1500, 3.1648, 3.1415, 0.0852,-0.0000, 4.6799
 0.3322, 0.1500, 3.1681, 3.1415, 0.0958, 0.2659,-4.6799
 0.3330, 0.1500, 3.1681, 3.1415, 0.0798, 0.0531, 0.6544
 0.3337, 0.1500, 3.1715, 3.1415, 0.0765, 0.2765,-4.6799
 0.3341, 0.1500, 3.1715, 3.1415, 0.0456, 0.0553,-2.1801
 0.3343, 0.1500, 3.1715, 3.1415, 0.0273, 0.0110,-0.6544
 0.3342, 0.1500, 3.1681, 3.1415,-0.0066,-0.2637, 4.6799
 0.3343, 0.1500, 3.1648, 3.1415, 0.0047,-0.3187, 4.6799
 0.3344, 0.1500, 3.1648, 3.1415, 0.0130,-0.0637, 4.4987
 0.3348, 0.1500, 3.1648, 3.1415, 0.0329,-0.0127, 2.6904
 0.3352, 0.1500, 3.1648, 3.1415, 0.0369,-0.0025, 2.3382
 0.3357, 0.1500, 3.1648, 3.1415, 0.0498,-0.0005, 2.9661
 0.3365, 0.1500, 3.1648, 3.1415, 0.0705,-0.0001, 4.1383
 0.3373, 0.1500, 3.1648, 3.1415, 0.0808,-0.0000, 4.6799
 0.3382, 0.1500, 3.1681, 3.1415, 0.0889, 0.2659,-4.6799
 0.3387, 0.1500, 3.1681, 3.1415, 0.0541, 0.0531,-0.6124
 0.3391, 0.1500, 3.1681, 3.1415, 0.0472, 0.0106, 1.4634
 0.3396, 0.1500, 3.1681, 3.1415, 0.0458, 0.0021, 1.8901
 0.3400, 0.1500, 3.1681, 3.1415, 0.0455, 0.0004, 1.9868
 0.3404, 0.1500, 3.1681, 3.1415, 0.0394, 0.0000, 1.6734
 0.3409, 0.1500, 3.1681, 3.1415, 0.0503, 0.0000, 2.3090
 0.3418, 0.1500, 3.1681, 3.1415, 0.0767, 0.0000, 3.8270
 0.3428, 0.1500, 3.1715, 3.1415, 0.0941, 0.2659,-4.6799
 0.3432, 0.1500, 3.1715, 3.1415, 0.0552, 0.0531,-1.2297
 0.3435, 0.1500, 3.1715, 3.1415, 0.0352, 0.0106, 0.1099
 0.3440, 0.1500, 3.1715, 3.1415, 0.0495, 0.0021, 1.4185
 0.3444, 0.1500, 3.1715, 3.1415, 0.0402, 0.0004, 1.0049
 0.3447, 0.1500, 3.1715, 3.1415, 0.0262, 0.0000, 0.2430
 0.3450, 0.1500, 3.1715, 3.1415, 0.0295, 0.0000, 0.4408
 0.3456, 0.1500, 3.1715, 3.1415, 0.0604, 0.0000, 2.2098
 0.3462, 0.1500, 3.1715, 3.1415, 0.0606, 0.0000, 2.2365
 0.3468, 0.1500, 3.1715, 3.1415, 0.0545, 0.0000, 1.9129
 0.3473, 0.1500, 3.1748, 3.1415, 0.0533, 0.2659,-4.6799
 0.3478, 0.1500, 3.1748, 3.1415, 0.0470, 0.0531,-2.3672
 0.3481, 0.1500, 3.1748, 3.1415, 0.0336, 0.0106,-0.6591
 0.3480, 0.1500, 3.1748, 3.1415, 0.0006, 0.0021,-2.0316
 0.3478, 0.1500, 3.1715, 3.1415,-0.0119,-0.2655, 4.6799
 0.3478, 0.1500, 3.1715, 3.1415,-0.0084,-0.0531, 1.4515
 0.3478, 0.1500, 3.1681, 3.1415, 0.0043,-0.2765, 4.6799
 0.3480, 0.1500, 3.1681, 3.1415, 0.0130,-0.0553, 3.6167
 0.3485, 0.1500, 3.1681, 3.1415, 0.0450,-0.0110, 2.8893
 0.3491, 0.1500, 3.1715, 3.1415, 0.0575, 0.2637,-4.6799
 0.3494, 0.1500, 3.1715, 3.1415, 0.0296, 0.0527,-2.4496
 0.3495, 0.1500, 3.1715, 3.1415, 0.0180, 0.0105,-0.6677
 0.3494, 0.1500, 3.1715, 3.1415,-0.0024, 0.0021,-1.3405
 0.3493, 0.1500, 3.1681, 3.1415,-0.0126,-0.2655, 4.6799
 0.3492, 0.1500, 3.1681, 3.1415,-0.0085,-0.0531, 2.3102
 0.3493, 0.1500, 3.1681, 3.1415, 0.0043,-0.0106, 0.5924
 0.3494, 0.1500, 3.1681, 3.1415, 0.0129,-0.0021, 0.5951
 0.3497, 0.1500, 3.1681, 3.1415, 0.0268,-0.0004, 1.2883
 0.3502, 0.1500, 3.1681, 3.1415, 0.0417,-0.0000, 2.1233
 0.3506, 0.1500, 3.1681, 3.1415, 0.0386,-0.0000, 1.9573
 0.3510, 0.1500, 3.1681, 3.1415, 0.0441,-0.0000, 2.2782
 0.3516, 0.1500, 3.1681, 3.1415, 0.0573,-0.0000, 3.0427
 0.3523, 0.1500, 3.1715, 3.1415, 0.0660, 0.2659,-4.6799
 0.3526, 0.1500, 3.1715, 3.1415, 0.0374, 0.0531,-1.9341
 0.3526, 0.1500, 3.1715, 3.1415, 0.0074, 0.0106,-1.1708
 0.3525, 0.1500, 3.1715, 3.1415,-0.0045, 0.0021,-1.3626
 0.3523, 0.1500, 3.1715, 3.1415,-0.0191, 0.0004,-2.0916
 0.3519, 0.1500, 3.1681, 3.1415,-0.0402,-0.2658, 4.6799
 0.3518, 0.1500, 3.1681, 3.1415,-0.0141,-0.0531, 2.0844
 0.3519, 0.1500, 3.1648, 3.1415, 0.0093,-0.2765, 4.6799
 0.3521, 0.1500, 3.1648, 3.1415, 0.0139,-0.0553, 4.6227
 0.3522, 0.1500, 3.1648, 3.1415, 0.0149,-0.0110, 2.1284
 0.3525, 0.1500, 3.1648, 3.1415, 0.0272,-0.0022, 2.3222
 0.3531, 0.1500, 3.1681, 3.1415, 0.0539, 0.2655,-4.6799
 0.3533, 0.1500, 3.1681, 3.1415, 0.0229, 0.0531,-1.9075
 0.3532, 0.1500, 3.1681, 3.1415,-0.0014, 0.0106,-0.8363
 0.3530, 0.1500, 3.1681, 3.1415,-0.0184, 0.0021,-1.3127
 0.3528, 0.1500, 3.1681, 3.1415,-0.0158, 0.0004,-1.0695
 0.3524, 0.1500, 3.1648, 3.1415,-0.0395,-0.2658, 4.6799
 0.3523, 0.1500, 3.1648, 3.1415,-0.0139,-0.0531, 2.9292
 0.3523, 0.1500, 3.1615, 3.1415,-0.0027,-0.2765, 4.6799
 0.3525, 0.1500, 3.1615, 3.1415, 0.0176,-0.0553, 4.6799
 0.3530, 0.1500, 3.1648, 3.1415, 0.0399, 0.2548,-4.6799
 0.3529, 0.1500, 3.1648, 3.1415, 0.0019, 0.0509,-2.1607
 0.3529, 0.1500, 3.1648, 3.1415, 0.0003, 0.0101, 0.1041
 0.3530, 0.1500, 3.1648, 3.1415, 0.0061, 0.0020, 0.9016
 0.3530, 0.1500, 3.1648, 3.1415, 0.0012, 0.0004, 0.7185
 0.3529, 0.1500, 3.1615, 3.1415,-0.0058,-0.2658, 4.6799
 0.3531, 0.1500, 3.1615, 3.1415, 0.0109,-0.0531, 4.6799
 0.3535, 0.1500, 3.1648, 3.1415, 0.0385, 0.2553,-4.6799
 0.3537, 0.1500, 3.1648, 3.1415, 0.0198, 0.0510,-1.1308
 0.3535, 0.1500, 3.1648, 3.1415,-0.0081, 0.0102,-0.3593
 0.3533, 0.1500, 3.1648, 3.1415,-0.0198, 0.0020,-0.5534
 0.3531, 0.1500, 3.1615, 3.1415,-0.0160,-0.2655, 4.6799
 0.3531, 0.1500, 3.1615, 3.1415,-0.0092,-0.0531, 4.0342
 0.3531, 0.1500, 3.1615, 3.1415, 0.0042,-0.0106, 2.3477
 0.3532, 0.1500, 3.1615, 3.1415, 0.0069,-0.0021, 2.0123
 0.3535, 0.1500, 3.1615, 3.1415, 0.0256,-0.0004, 2.9803
 0.3540, 0.1500, 3.1615, 3.1415, 0.0415,-0.0000, 3.8702
 0.3545, 0.1500, 3.1615, 3.1415, 0.0507,-0.0000, 4.4041
 0.3551, 0.1500, 3.1648, 3.1415, 0.0586, 0.2659,-4.6799
 0.3553, 0.1500, 3.1648, 3.1415, 0.0299, 0.0531,-0.6322
 0.3556, 0.1500, 3.1681, 3.1415, 0.0241, 0.2765,-4.6799
 0.3554, 0.1500, 3.1681, 3.1415,-0.0072, 0.0553,-3.6719
 0.3550, 0.1500, 3.1648, 3.1415,-0.0378,-0.2548, 4.6799
 0.3548, 0.1500, 3.1615, 3.1415,-0.0196,-0.3169, 4.6799
 0.3547, 0.1500, 3.1615, 3.1415,-0.0100,-0.0633, 4.6389
 0.3550, 0.1500, 3.1615, 3.1415, 0.0222,-0.0126, 3.5439
 0.3553, 0.1500, 3.1615, 3.1415, 0.0287,-0.0025, 3.3324
 0.3559, 0.1500, 3.1648, 3.1415, 0.0481, 0.2654,-4.6799
 0.3560, 0.1500, 3.1648, 3.1415, 0.0217, 0.0530,-1.0649
 0.3561, 0.1500, 3.1648, 3.1415, 0.0104, 0.0106, 0.7462
 0.3562, 0.1500, 3.1648, 3.1415, 0.0081, 0.0021, 1.1103
 0.3562, 0.1500, 3.1648, 3.1415, 0.0016, 0.0004, 0.8407
 0.3563, 0.1500, 3.1648, 3.1415, 0.0124, 0.0000, 1.4756
 0.3564, 0.1500, 3.1648, 3.1415, 0.0085, 0.0000, 1.2620
 0.3567, 0.1500, 3.1648, 3.1415, 0.0259, 0.0000, 2.2542
 0.3571, 0.1500, 3.1681, 3.1415, 0.0355, 0.2659,-4.6799
 0.3572, 0.1500, 3.1681, 3.1415, 0.0131, 0.0531,-2.3405
 0.3570, 0.1500, 3.1681, 3.1415,-0.0094, 0.0106,-1.1695
 0.3567, 0.1500, 3.1648, 3.1415,-0.0261,-0.2638, 4.6799
 0.3568, 0.1500, 3.1648, 3.1415, 0.0008,-0.0527, 3.8820
 0.3569, 0.1500, 3.1648, 3.1415, 0.0062,-0.0105, 1.7549
 0.3569, 0.1500, 3.1648, 3.1415, 0.0073,-0.0021, 1.3312
 0.3573, 0.1500, 3.1648, 3.1415, 0.0317,-0.0004, 2.6259
 0.3578, 0.1500, 3.1681, 3.1415, 0.0427, 0.2658,-4.6799
 0.3579, 0.1500, 3.1681, 3.1415, 0.0206, 0.0531,-1.8921
 0.3578, 0.1500, 3.1681, 3.1415,-0.0019, 0.0106,-0.7163
 0.3575, 0.1500, 3.1681, 3.1415,-0.0246, 0.0021,-1.5163
 0.3573, 0.1500, 3.1681, 3.1415,-0.0231, 0.0004,-1.3395
 0.3569, 0.1500, 3.1648, 3.1415,-0.0349,-0.2658, 4.6799
 0.3569, 0.1500, 3.1648, 3.1415,-0.0130,-0.0531, 3.1249
 0.3569, 0.1500, 3.1648, 3.1415,-0.0026,-0.0106, 1.2609
 0.3572, 0.1500, 3.1648, 3.1415, 0.0237,-0.0021, 2.2655
 0.3575, 0.1500, 3.1648, 3.1415, 0.0350,-0.0004, 2.8185
 0.3580, 0.1500, 3.1681, 3.1415, 0.0433, 0.2658,-4.6799
 0.3580, 0.1500, 3.1681, 3.1415, 0.0086, 0.0531,-2.5662
 0.3580, 0.1500, 3.1681, 3.1415, 0.0017, 0.0106,-0.5049
 0.3578, 0.1500, 3.1681, 3.1415,-0.0117, 0.0021,-0.7813
 0.3575, 0.1500, 3.1681, 3.1415,-0.0266, 0.0004,-1.5293
 0.3570, 0.1500, 3.1648, 3.1415,-0.0477,-0.2658, 4.6799
 0.3569, 0.1500, 3.1648, 3.1415,-0.0156,-0.0531, 2.9826
 0.3571, 0.1500, 3.1648, 3.1415, 0.0090,-0.0106, 1.9230
 0.3574, 0.1500, 3.1648, 3.1415, 0.0260,-0.0021, 2.4038
 0.3575, 0.1500, 3.1648, 3.1415, 0.0173,-0.0004, 1.8188
 0.3579, 0.1500, 3.1681, 3.1415, 0.0337, 0.2658,-4.6799
 0.3579, 0.1500, 3.1681, 3.1415, 0.0067, 0.0531,-2.6770
 0.3580, 0.1500, 3.1681, 3.1415, 0.0074, 0.0106,-0.1846
 0.3577, 0.1500, 3.1681, 3.1415,-0.0227, 0.0021,-1.4061
 0.3574, 0.1500, 3.1681, 3.1415,-0.0288, 0.0004,-1.6579
 0.3569, 0.1500, 3.1648, 3.1415,-0.0482,-0.2658, 4.6799
 0.3568, 0.1500, 3.1648, 3.1415,-0.0157,-0.0531, 2.9727
 0.3569, 0.1500, 3.1648, 3.1415, 0.0029,-0.0106, 1.5730
 0.3570, 0.1500, 3.1648, 3.1415, 0.0127,-0.0021, 1.6392
 0.3573, 0.1500, 3.1648, 3.1415, 0.0267,-0.0004, 2.3451
 0.3577, 0.1500, 3.1681, 3.1415, 0.0356, 0.2658,-4.6799
 0.3578, 0.1500, 3.1681, 3.1415, 0.0132, 0.0531,-2.3183
 0.3578, 0.1500, 3.1681, 3.1415, 0.0026, 0.0106,-0.4611
 0.3575, 0.1500, 3.1681, 3.1415,-0.0176, 0.0021,-1.1228
 0.3572, 0.1500, 3.1681, 3.1415,-0.0277, 0.0004,-1.6052
 0.3568, 0.1500, 3.1681, 3.1415,-0.0419, 0.0000,-2.3981
 0.3561, 0.1500, 3.1648, 3.1415,-0.0629,-0.2659, 4.6799
 0.3559, 0.1500, 3.1648, 3.1415,-0.0247,-0.0531, 2.4390
 0.3559, 0.1500, 3.1648, 3.1415,-0.0110,-0.0106, 0.7564
 0.3560, 0.1500, 3.1648, 3.1415, 0.0099,-0.0021, 1.4510
 0.3561, 0.1500, 3.1648, 3.1415, 0.0080,-0.0004, 1.2494
 0.3565, 0.1500, 3.1681, 3.1415, 0.0319, 0.2658,-4.6799
 0.3564, 0.1500, 3.1681, 3.1415, 0.0003, 0.0531,-3.0878
 0.3563, 0.1500, 3.1681, 3.1415,-0.0059, 0.0106,-0.9938
 0.3559, 0.1500, 3.1681, 3.1415,-0.0375, 0.0021,-2.2988
 0.3553, 0.1500, 3.1681, 3.1415,-0.0499, 0.0004,-2.9158
 0.3547, 0.1500, 3.1648, 3.1415,-0.0645,-0.2658, 4.6799
 0.3544, 0.1500, 3.1648, 3.1415,-0.0311,-0.0531, 2.0302
 0.3542, 0.1500, 3.1615, 3.1415,-0.0244,-0.2765, 4.6799
 0.3543, 0.1500, 3.1615, 3.1415, 0.0011,-0.0553, 4.6799
 0.3546, 0.1500, 3.1648, 3.1415, 0.0244, 0.2548,-4.6799
 0.3546, 0.1500, 3.1648, 3.1415, 0.0048, 0.0509,-1.9399
 0.3545, 0.1500, 3.1648, 3.1415,-0.0050, 0.0101,-0.1538
 0.3543, 0.1500, 3.1648, 3.1415,-0.0192, 0.0020,-0.4873
 0.3540, 0.1500, 3.1648, 3.1415,-0.0280, 0.0004,-0.9040
 0.3534, 0.1500, 3.1648, 3.1415,-0.0480, 0.0000,-2.0283
 0.3528, 0.1500, 3.1648, 3.1415,-0.0641, 0.0000,-2.9552
 0.3520, 0.1500, 3.1615, 3.1415,-0.0734,-0.2659, 4.6799
 0.3519, 0.1500, 3.1582, 3.1415,-0.0268,-0.3191, 4.6799
 0.3516, 0.1500, 3.1582, 3.1415,-0.0235,-0.0638, 4.6226
 0.3518, 0.1500, 3.1582, 3.1415, 0.0074,-0.0127, 3.4297
 0.3521, 0.1500, 3.1615, 3.1415, 0.0257, 0.2634,-4.6799
 0.3522, 0.1500, 3.1615, 3.1415, 0.0112, 0.0526,-0.9384
 0.3521, 0.1500, 3.1648, 3.1415,-0.0038, 0.2764,-4.6799
 0.3519, 0.1500, 3.1648, 3.1415,-0.0189, 0.0552,-3.6205
 0.3513, 0.1500, 3.1615, 3.1415,-0.0462,-0.2548, 4.6799
 0.3512, 0.1500, 3.1615, 3.1415,-0.0153,-0.0509, 3.5139
 0.3512, 0.1500, 3.1615, 3.1415,-0.0030,-0.0101, 1.8533
 0.3515, 0.1500, 3.1615, 3.1415, 0.0175,-0.0020, 2.5542
 0.3518, 0.1500, 3.1648, 3.1415, 0.0277, 0.2655,-4.6799
 0.3517, 0.1500, 3.1648, 3.1415,-0.0005, 0.0531,-2.4587
 0.3515, 0.1500, 3.1648, 3.1415,-0.0122, 0.0106,-0.6747
 0.3513, 0.1500, 3.1648, 3.1415,-0.0206, 0.0021,-0.6663
 0.3510, 0.1500, 3.1648, 3.1415,-0.0283, 0.0004,-1.0146
 0.3504, 0.1500, 3.1648, 3.1415,-0.0541, 0.0000,-2.4694
 0.3500, 0.1500, 3.1615, 3.1415,-0.0472,-0.2659, 4.6799
 0.3497, 0.1500, 3.1615, 3.1415,-0.0276,-0.0531, 2.8984
 0.3498, 0.1500, 3.1615, 3.1415, 0.0005,-0.0106, 2.0362
 0.3499, 0.1500, 3.1615, 3.1415, 0.0061,-0.0021, 1.8657
 0.3501, 0.1500, 3.1648, 3.1415, 0.0194, 0.2655,-4.6799
 0.3503, 0.1500, 3.1648, 3.1415, 0.0160, 0.0531,-1.5723
 0.3503, 0.1500, 3.1648, 3.1415, 0.0032, 0.0106, 0.1547
 0.3502, 0.1500, 3.1648, 3.1415,-0.0054, 0.0021, 0.1558
 0.3503, 0.1500, 3.1681, 3.1415, 0.0049, 0.2663,-4.6799
 0.3502, 0.1500, 3.1681, 3.1415,-0.0050, 0.0532,-3.5940
 0.3499, 0.1500, 3.1681, 3.1415,-0.0252, 0.0106,-2.2853
 0.3495, 0.1500, 3.1681, 3.1415,-0.0353, 0.0021,-2.3756
 0.3490, 0.1500, 3.1681, 3.1415,-0.0434, 0.0004,-2.7476
 0.3486, 0.1500, 3.1648, 3.1415,-0.0450,-0.2658, 4.6799
 0.3483, 0.1500, 3.1648, 3.1415,-0.0332,-0.0531, 1.7141
 0.3482, 0.1500, 3.1648, 3.1415,-0.0127,-0.0106, 0.4179
 0.3483, 0.1500, 3.1648, 3.1415, 0.0035,-0.0021, 0.8454
 0.3485, 0.1500, 3.1648, 3.1415, 0.0188,-0.0004, 1.6215
 0.3488, 0.1500, 3.1681, 3.1415, 0.0280, 0.2658,-4.6799
 0.3489, 0.1500, 3.1681, 3.1415, 0.0116, 0.0531,-2.6849
 0.3487, 0.1500, 3.1681, 3.1415,-0.0097, 0.0106,-1.4473
 0.3485, 0.1500, 3.1681, 3.1415,-0.0201, 0.0021,-1.5480
 0.3482, 0.1500, 3.1681, 3.1415,-0.0282, 0.0004,-1.9182
 0.3478, 0.1500, 3.1681, 3.1415,-0.0359, 0.0000,-2.3443
 0.3474, 0.1500, 3.1681, 3.1415,-0.0435, 0.0000,-2.7835
 0.3469, 0.1500, 3.1681, 3.1415,-0.0450, 0.0000,-2.8828
 0.3463, 0.1500, 3.1681, 3.1415,-0.0575, 0.0000,-3.6029
 0.3456, 0.1500, 3.1648, 3.1415,-0.0721,-0.2659, 4.6799
 0.3453, 0.1500, 3.1648, 3.1415,-0.0386,-0.0531, 1.3138
 0.3450, 0.1500, 3.1648, 3.1415,-0.0259,-0.0106,-0.4274
 0.3449, 0.1500, 3.1648, 3.1415,-0.0173,-0.0021,-0.4371
 0.3447, 0.1500, 3.1648, 3.1415,-0.0155,-0.0004,-0.4430
 0.3447, 0.1500, 3.1648, 3.1415,-0.0091,-0.0000,-0.1035
 0.3447, 0.1500, 3.1648, 3.1415,-0.0018,-0.0000, 0.3067
 0.3447, 0.1500, 3.1648, 3.1415,-0.0003,-0.0000, 0.3888
 0.3447, 0.1500, 3.1681, 3.1415,-0.0000, 0.2659,-4.6799
 0.3447, 0.1500, 3.1681, 3.1415,-0.0000, 0.0531,-3.4790
 0.3445, 0.1500, 3.1681, 3.1415,-0.0121, 0.0106,-1.7134
 0.3443, 0.1500, 3.1681, 3.1415,-0.0145, 0.0021,-1.3642
 0.3440, 0.1500, 3.1681, 3.1415,-0.0332, 0.0004,-2.3311
 0.3436, 0.1500, 3.1681, 3.1415,-0.0369, 0.0000,-2.5342
 0.3432, 0.1500, 3.1681, 3.1415,-0.0377, 0.0000,-2.5844
 0.3428, 0.1500, 3.1681, 3.1415,-0.0439, 0.0000,-2.9484
 0.3422, 0.1500, 3.1681, 3.1415,-0.0512, 0.0000,-3.3770
 0.3415, 0.1500, 3.1681, 3.1415,-0.0648, 0.0000,-4.1649
 0.3408, 0.1500, 3.1648, 3.1415,-0.0735,-0.2659, 4.6799
 0.3406, 0.1500, 3.1648, 3.1415,-0.0329,-0.0531, 1.4910
 0.3404, 0.1500, 3.1648, 3.1415,-0.0187,-0.0106,-0.1666
 0.3403, 0.1500, 3.1648, 3.1415,-0.0098,-0.0021,-0.1574
 0.3403, 0.1500, 3.1681, 3.1415,-0.0080, 0.2655,-4.6799
 0.3401, 0.1500, 3.1681, 3.1415,-0.0137, 0.0531,-4.3914
 0.3399, 0.1500, 3.1681, 3.1415,-0.0209, 0.0106,-2.3553
 0.3393, 0.1500, 3.1681, 3.1415,-0.0526, 0.0021,-3.6756
 0.3385, 0.1500, 3.1681, 3.1415,-0.0711, 0.0004,-4.6438
 0.3377, 0.1500, 3.1648, 3.1415,-0.0809,-0.2658, 4.6799
 0.3373, 0.1500, 3.1648, 3.1415,-0.0465,-0.0531, 0.6203
 0.3370, 0.1500, 3.1648, 3.1415,-0.0335,-0.0106,-1.1118
 0.3368, 0.1500, 3.1648, 3.1415,-0.0248,-0.0021,-1.1214
 0.3365, 0.1500, 3.1648, 3.1415,-0.0292,-0.0004,-1.4736
 0.3362, 0.1500, 3.1648, 3.1415,-0.0301,-0.0000,-1.5517
 0.3358, 0.1500, 3.1648, 3.1415,-0.0363,-0.0000,-1.9191
 0.3352, 0.1500, 3.1648, 3.1415,-0.0557,-0.0000,-3.0355
 0.3344,-0.1500, 3.1648, 3.1415,-0.0717,-0.0000, 4.6799
 0.3340,-0.1500, 3.1648, 3.1415,-0.0446,-0.0000, 4.6799
 0.3340,-0.1500, 3.1615, 3.1415,-0.0149,-0.2659, 4.6799
 0.3340,-0.1500, 3.1648, 3.1415, 0.0030, 0.2127,-2.5405
 0.3340,-0.1500, 3.1648, 3.1415,-0.0054, 0.0425, 4.6799
 0.3341,-0.1500, 3.1681, 3.1415, 0.0110, 0.2744,-4.6799
 0.3341,-0.1500, 3.1681, 3.1415, 0.0022, 0.0548, 4.6799
 0.3343,-0.1500, 3.1715, 3.1415, 0.0186, 0.2769,-4.6799
 0.3340,-0.1500, 3.1715, 3.1415,-0.0265, 0.0553, 3.2175
 0.3341,-0.1500, 3.1748, 3.1415, 0.0068, 0.2770,-4.6799
 0.3340,-0.1500, 3.1748, 3.1415,-0.0107, 0.0554, 3.2883
 0.3341,-0.1500, 3.1748, 3.1415, 0.0099, 0.0110, 4.6799
 0.3342,-0.1500, 3.1781, 3.1415, 0.0080, 0.2681,-4.6799
 0.3340,-0.1500, 3.1781, 3.1415,-0.0105, 0.0536, 2.5865
 0.3342,-0.1500, 3.1814, 3.1415, 0.0100, 0.2766,-4.6799
 0.3341,-0.1500, 3.1814, 3.1415,-0.0040, 0.0553, 2.0343
 0.3341,-0.1500, 3.1848, 3.1415,-0.0008, 0.2770,-4.6799
 0.3339,-0.1500, 3.1848, 3.1415,-0.0183, 0.0554, 0.3969
 0.3340,-0.1500, 3.1881, 3.1415, 0.0023, 0.2770,-4.6799
 0.3338,-0.1500, 3.1881, 3.1415,-0.0116, 0.0554,-0.0483
 0.3337,-0.1500, 3.1881, 3.1415,-0.0144, 0.0110, 2.3444
 0.3334,-0.1500, 3.1914, 3.1415,-0.0210, 0.2681,-4.6799
 0.3332,-0.1500, 3.1914, 3.1415,-0.0224, 0.0536,-1.3924
 0.3329,-0.1500, 3.1947, 3.1415,-0.0287, 0.2766,-4.6799
 0.3324,-0.1500, 3.1947, 3.1415,-0.0421, 0.0553,-3.4472
 0.3318,-0.1500, 3.1947, 3.1415,-0.0629, 0.0110,-2.0932
 0.3311,-0.1500, 3.1947, 3.1415,-0.0671, 0.0022,-1.8395
 0.3302,-0.1500, 3.1947, 3.1415,-0.0861, 0.0004,-2.8392
 0.3293,-0.1500, 3.1947, 3.1415,-0.0899, 0.0000,-3.0622
 0.3281,-0.1500, 3.1947, 3.1415,-0.1089, 0.0000,-4.1628
 0.3271,-0.1500, 3.1914, 3.1415,-0.1066,-0.2659, 4.6799
 0.3262,-0.1500, 3.1914, 3.1415,-0.0880,-0.0531, 0.8456
 0.3257,-0.1500, 3.1914, 3.1415,-0.0600,-0.0106,-0.0465
 0.3251,-0.1500, 3.1947, 3.1415,-0.0605, 0.2638,-4.6799
 0.3246,-0.1500, 3.1947, 3.1415,-0.0484, 0.0527,-3.9042
 0.3241,-0.1500, 3.1981, 3.1415,-0.0521, 0.2765,-4.6799
 0.3235,-0.1500, 3.1981, 3.1415,-0.0589, 0.0553,-4.6799
 0.3227,-0.1500, 3.1981, 3.1415,-0.0784, 0.0110,-4.0742
 0.3218,-0.1500, 3.2014, 3.1415,-0.0884, 0.2681,-4.6799
 0.3207,-0.1500, 3.2014, 3.1415,-0.1025, 0.0536,-4.6799
 0.3196,-0.1500, 3.2014, 3.1415,-0.1114, 0.0107,-4.6799
 0.3181,-0.1500, 3.2014, 3.1415,-0.1374, 0.0021,-4.6799
 0.3165,-0.1500, 3.1981, 3.1415,-0.1608,-0.2655, 4.6799
 0.3152,-0.1500, 3.1981, 3.1415,-0.1352,-0.0531,-3.8134
 0.3136,-0.1500, 3.1981, 3.1415,-0.1543,-0.0106,-4.6799
 0.3120,-0.1500, 3.1947, 3.1415,-0.1582,-0.2680, 4.6799
 0.3107,-0.1500, 3.1947, 3.1415,-0.1347,-0.0536,-3.0745
 0.3093,-0.1500, 3.1947, 3.1415,-0.1421,-0.0107,-4.6799
 0.3080,-0.1500, 3.1947, 3.1415,-0.1315,-0.0021,-4.6799
 0.3065,-0.1500, 3.1947, 3.1415,-0.1475,-0.0004,-4.6799
 0.3049,-0.1500, 3.1947, 3.1415,-0.1507,-0.0000,-4.6799
 0.3033,-0.1500, 3.1947, 3.1415,-0.1635,-0.0000,-4.6799
 0.3015,-0.1500, 3.1947, 3.1415,-0.1721,-0.0000,-4.6799
 0.2995,-0.1500, 3.1947, 3.1415,-0.1981,-0.0000,-4.6799
 0.2974,-0.1500, 3.1914, 3.1415,-0.2094,-0.2659, 4.6799
 0.2956,-0.1500, 3.1914, 3.1415,-0.1813,-0.0531,-4.6799
 0.2935,-0.1500, 3.1881, 3.1415,-0.2060,-0.2765, 4.6799
 0.2919,-0.1500, 3.1881, 3.1415,-0.1685,-0.0553,-3.8367
 0.2901,-0.1500, 3.1881, 3.1415,-0.1792,-0.0110,-4.6799
 0.2885,-0.1500, 3.1881, 3.1415,-0.1631,-0.0022,-4.6799
 0.2865,-0.1500, 3.1881, 3.1415,-0.1902,-0.0004,-4.6799
 0.2847,-0.1500, 3.1881, 3.1415,-0.1835,-0.0000,-4.6799
 0.2824,-0.1500, 3.1881, 3.1415,-0.2186,-0.0000,-4.6799
 0.2803,-0.1500, 3.1848, 3.1415,-0.2134,-0.2659, 4.6799
 0.2786,-0.1500, 3.1848, 3.1415,-0.1821,-0.0531,-4.3285
 0.2764,-0.1500, 3.1848, 3.1415,-0.2122,-0.0106,-4.6799
 0.2743,-0.1500, 3.1814, 3.1415,-0.2061,-0.2680, 4.6799
 0.2724,-0.1500, 3.1814, 3.1415,-0.1928,-0.0536,-4.2790
 0.2705,-0.1500, 3.1814, 3.1415,-0.1962,-0.0107,-4.6799
 0.2684,-0.1500, 3.1814, 3.1415,-0.2029,-0.0021,-4.6799
 0.2662,-0.1500, 3.1814, 3.1415,-0.2164,-0.0004,-4.6799
 0.2639,-0.1500, 3.1814, 3.1415,-0.2251,-0.0000,-4.6799
 0.2617,-0.1500, 3.1781, 3.1415,-0.2269,-0.2659, 4.6799
 0.2596,-0.1500, 3.1781, 3.1415,-0.2090,-0.0531,-4.6799
 0.2571,-0.1500, 3.1781, 3.1415,-0.2419,-0.0106,-4.6799
 0.2548,-0.1500, 3.1748, 3.1415,-0.2363,-0.2680, 4.6799
 0.2529,-0.1500, 3.1748, 3.1415,-0.1927,-0.0536,-3.2518
 0.2508,-0.1500, 3.1748, 3.1415,-0.2083,-0.0107,-4.6799
 0.2486,-0.1500, 3.1748, 3.1415,-0.2175,-0.0021,-4.6799
 0.2463,-0.1500, 3.1748, 3.1415,-0.2314,-0.0004,-4.6799
 0.2440,-0.1500, 3.1748, 3.1415,-0.2281,-0.0000,-4.6799
 0.2415,-0.1500, 3.1715, 3.1415,-0.2457,-0.2659, 4.6799
 0.2395,-0.1500, 3.1715, 3.1415,-0.2128,-0.0531,-4.0137
 0.2369,-0.1500, 3.1715, 3.1415,-0.2487,-0.0106,-4.6799
 0.2345,-0.1500, 3.1681, 3.1415,-0.2377,-0.2680, 4.6799
 0.2326,-0.1500, 3.1681, 3.1415,-0.1991,-0.0536,-2.6103
 0.2305,-0.1500, 3.1681, 3.1415,-0.2095,-0.0107,-4.6799
 0.2284,-0.1500, 3.1681, 3.1415,-0.2116,-0.0021,-4.6799
 0.2261,-0.1500, 3.1681, 3.1415,-0.2242,-0.0004,-4.6799
 0.2239,-0.1500, 3.1681, 3.1415,-0.2206,-0.0000,-4.6799
 0.2216,-0.1500, 3.1681, 3.1415,-0.2260,-0.0000,-4.6799
 0.2189,-0.1500, 3.1681, 3.1415,-0.2634,-0.0000,-4.6799
 0.2161,-0.1500, 3.1648, 3.1415,-0.2770,-0.2659, 4.6799
 0.2138,-0.1500, 3.1615, 3.1415,-0.2433,-0.3191, 4.6799
 0.2117,-0.1500, 3.1615, 3.1415,-0.2123,-0.0638,-1.7893
 0.2095,-0.1500, 3.1615, 3.1415,-0.2183,-0.0127,-4.6799
 0.2074,-0.1500, 3.1615, 3.1415,-0.2134,-0.0025,-4.6799
 0.2053,-0.1500, 3.1648, 3.1415,-0.2063, 0.2654,-4.6799
 0.2032,-0.1500, 3.1648, 3.1415,-0.2110, 0.0530,-4.6799
 0.2008,-0.1500, 3.1615, 3.1415,-0.2362,-0.2553, 4.6799
 0.1986,-0.1500, 3.1615, 3.1415,-0.2230,-0.0510,-3.5430
 0.1963,-0.1500, 3.1615, 3.1415,-0.2265,-0.0102,-4.6799
 0.1941,-0.1500, 3.1615, 3.1415,-0.2211,-0.0020,-4.6799
 0.1917,-0.1500, 3.1615, 3.1415,-0.2382,-0.0004,-4.6799
 0.1893,-0.1500, 3.1615, 3.1415,-0.2416,-0.0000,-4.6799
 0.1865,-0.1500, 3.1582, 3.1415,-0.2666,-0.2659, 4.6799
 0.1846,-0.1500, 3.1582, 3.1415,-0.2109,-0.0531,-2.3595
 0.1823,-0.1500, 3.1582, 3.1415,-0.2240,-0.0106,-4.6799
 0.1798,-0.1500, 3.1582, 3.1415,-0.2449,-0.0021,-4.6799
 0.1774,-0.1500, 3.1582, 3.1415,-0.2430,-0.0004,-4.6799
 0.1748,-0.1500, 3.1548, 3.1415,-0.2547,-0.2660, 4.6799
 0.1725,-0.1500, 3.1515, 3.1415,-0.2328,-0.3191, 4.6799
 0.1705,-0.1500, 3.1515, 3.1415,-0.2102,-0.0638,-0.5116
 0.1686,-0.1500, 3.1548, 3.1415,-0.1936, 0.2531,-4.6799
 0.1665,-0.1500, 3.1548, 3.1415,-0.2085, 0.0506,-4.6799
 0.1646,-0.1500, 3.1548, 3.1415,-0.1872, 0.0101,-4.4807
 0.1626,-0.1500, 3.1548, 3.1415,-0.2011, 0.0020,-4.6799
 0.1600,-0.1500, 3.1548, 3.1415,-0.2463, 0.0004,-4.6799
 0.1577,-0.1500, 3.1548, 3.1415,-0.2372, 0.0000,-4.6799
 0.1550,-0.1500, 3.1515, 3.1415,-0.2596,-0.2659, 4.6799
 0.1525,-0.1500, 3.1482, 3.1415,-0.2520,-0.3191, 4.6799
 0.1505,-0.1500, 3.1482, 3.1415,-0.2141,-0.0638,-0.5399
 0.1484,-0.1500, 3.1482, 3.1415,-0.2065,-0.0127,-3.1214
 0.1465,-0.1500, 3.1482, 3.1415,-0.1989,-0.0025,-3.3450
 0.1446,-0.1500, 3.1482, 3.1415,-0.1853,-0.0005,-2.7508
 0.1427,-0.1500, 3.1482, 3.1415,-0.1886,-0.0001,-3.0223
 0.1404,-0.1500, 3.1482, 3.1415,-0.2256,-0.0000,-4.6799
 0.1382,-0.1500, 3.1482, 3.1415,-0.2209,-0.0000,-4.6799
 0.1358,-0.1500, 3.1482, 3.1415,-0.2382,-0.0000,-4.6799
 0.1332,-0.1500, 3.1449, 3.1415,-0.2537,-0.2659, 4.6799
 0.1311,-0.1500, 3.1415, 3.1415,-0.2144,-0.3191, 4.6799
 0.1291,-0.1500, 3.1415, 3.1415,-0.2066,-0.0638, 0.8486
 0.1275,-0.1500, 3.1449, 3.1415,-0.1686, 0.2531,-4.6799
 0.1260,-0.1500, 3.1449, 3.1415,-0.1549, 0.0506,-3.7587
 0.1246,-0.1500, 3.1482, 3.1415,-0.1401, 0.2760,-4.6799
 0.1229,-0.1500, 3.1482, 3.1415,-0.1674, 0.0552,-4.6799
 0.1211,-0.1500, 3.1482, 3.1415,-0.1729, 0.0110,-3.4626
 0.1191,-0.1500, 3.1482, 3.1415,-0.1983, 0.0022,-4.4474
 0.1167,-0.1500, 3.1482, 3.1415,-0.2276, 0.0004,-4.6799
 0.1145,-0.1500, 3.1449, 3.1415,-0.2274,-0.2658, 4.6799
 0.1124,-0.1500, 3.1449, 3.1415,-0.2091,-0.0531,-1.2587
 0.1102,-0.1500, 3.1449, 3.1415,-0.2176,-0.0106,-4.2593
 0.1082,-0.1500, 3.1415, 3.1415,-0.2072,-0.2680, 4.6799
 0.1066,-0.1500, 3.1415, 3.1415,-0.1687,-0.0536, 1.6817
 0.1052,-0.1500, 3.1415, 3.1415,-0.1428,-0.0107, 0.6255
 0.1040,-0.1500, 3.1449, 3.1415,-0.1255, 0.2637,-4.6799
 0.1027,-0.1500, 3.1482, 3.1415,-0.1281, 0.3187,-4.6799
 0.1015,-0.1500, 3.1515, 3.1415,-0.1226, 0.3297,-4.6799
 0.1002,-0.1500, 3.1515, 3.1415,-0.1276, 0.0659,-4.6799
 0.0987,-0.1500, 3.1515, 3.1415,-0.1467, 0.0131,-3.6399
 0.0970,-0.1500, 3.1515, 3.1415,-0.1688, 0.0026,-4.3289
 0.0949,-0.1500, 3.1515, 3.1415,-0.1974, 0.0005,-4.6799
 0.0930,-0.1500, 3.1482, 3.1415,-0.1910,-0.2658, 4.6799
 0.0915,-0.1500, 3.1482, 3.1415,-0.1594,-0.0531, 0.0633
 0.0898,-0.1500, 3.1482, 3.1415,-0.1652,-0.0106,-2.7695
 0.0882,-0.1500, 3.1482, 3.1415,-0.1664,-0.0021,-3.3783
 0.0867,-0.1500, 3.1482, 3.1415,-0.1484,-0.0004,-2.5090
 0.0853,-0.1500, 3.1482, 3.1415,-0.1449,-0.0000,-2.3716
 0.0835,-0.1500, 3.1482, 3.1415,-0.1684,-0.0000,-3.7580
 0.0816,-0.1500, 3.1482, 3.1415,-0.1913,-0.0000,-4.6799
 0.0795,-0.1500, 3.1482, 3.1415,-0.2080,-0.0000,-4.6799
 0.0773,-0.1500, 3.1449, 3.1415,-0.2174,-0.2659, 4.6799
 0.0756,-0.1500, 3.1415, 3.1415,-0.1768,-0.3191, 4.6799
 0.0740,-0.1500, 3.1415, 3.1415,-0.1627,-0.0638, 1.5832
 0.0726,-0.1500, 3.1415, 3.1415,-0.1477,-0.0127,-0.5623
 0.0713,-0.1500, 3.1415, 3.1415,-0.1326,-0.0025,-0.3392
 0.0704,-0.1500, 3.1449, 3.1415,-0.0992, 0.2654,-4.6799
 0.0694,-0.1500, 3.1449, 3.1415,-0.0986, 0.0530,-2.5128
 0.0680,-0.1500, 3.1449, 3.1415,-0.1288, 0.0106,-1.8104
 0.0668,-0.1500, 3.1449, 3.1415,-0.1227, 0.0021,-1.0156
 0.0654,-0.1500, 3.1449, 3.1415,-0.1336, 0.0004,-1.5761
 0.0638,-0.1500, 3.1449, 3.1415,-0.1540, 0.0000,-2.7558
 0.0624,-0.1500, 3.1449, 3.1415,-0.1460, 0.0000,-2.3432
 0.0607,-0.1500, 3.1449, 3.1415,-0.1686, 0.0000,-3.6746
 0.0589,-0.1500, 3.1449, 3.1415,-0.1731, 0.0000,-3.9849
 0.0572,-0.1500, 3.1415, 3.1415,-0.1740,-0.2659, 4.6799
 0.0555,-0.1500, 3.1382, 3.1415,-0.1682,-0.3191, 4.6799
 0.0541,-0.1500, 3.1382, 3.1415,-0.1427,-0.0638, 2.9003
 0.0532,-0.1500, 3.1382, 3.1415,-0.1073,-0.0127, 1.9216
 0.0525,-0.1500, 3.1415, 3.1415,-0.0699, 0.2634,-4.6799
 0.0520,-0.1500, 3.1449, 3.1415,-0.0564, 0.3186,-4.6799
 0.0513,-0.1500, 3.1449, 3.1415,-0.0658, 0.0637,-1.8450
 0.0507,-0.1500, 3.1482, 3.1415,-0.0677, 0.2787,-4.6799
 0.0499,-0.1500, 3.1482, 3.1415,-0.0741, 0.0557,-2.7204
 0.0488,-0.1500, 3.1482, 3.1415,-0.0997, 0.0111,-1.6232
 0.0478,-0.1500, 3.1515, 3.1415,-0.1048, 0.2681,-4.6799
 0.0466,-0.1500, 3.1515, 3.1415,-0.1179, 0.0536,-4.6799
 0.0451,-0.1500, 3.1482, 3.1415,-0.1387,-0.2552, 4.6799
 0.0441,-0.1500, 3.1482, 3.1415,-0.1126,-0.0510, 1.0831
 0.0431,-0.1500, 3.1482, 3.1415,-0.1013,-0.0102,-0.6657
 0.0421,-0.1500, 3.1482, 3.1415,-0.0990,-0.0020,-1.0404
 0.0411,-0.1500, 3.1482, 3.1415,-0.0986,-0.0004,-1.1402
 0.0403,-0.1500, 3.1482, 3.1415,-0.0864,-0.0000,-0.4963
 0.0393,-0.1500, 3.1482, 3.1415,-0.0961,-0.0000,-1.0774
 0.0382,-0.1500, 3.1482, 3.1415,-0.1041,-0.0000,-1.5629
 0.0372,-0.1500, 3.1482, 3.1415,-0.1057,-0.0000,-1.6868
 0.0361,-0.1500, 3.1482, 3.1415,-0.1060,-0.0000,-1.7384
 0.0351,-0.1500, 3.1482, 3.1415,-0.1000,-0.0000,-1.4312
 0.0340,-0.1500, 3.1482, 3.1415,-0.1109,-0.0000,-2.0834
 0.0328,-0.1500, 3.1482, 3.1415,-0.1131,-0.0000,-2.2425
 0.0318,-0.1500, 3.1482, 3.1415,-0.1075,-0.0000,-1.9588
 0.0306,-0.1500, 3.1482, 3.1415,-0.1124,-0.0000,-2.2732
 0.0294,-0.1500, 3.1482, 3.1415,-0.1195,-0.0000,-2.7092
 0.0281,-0.1500, 3.1449, 3.1415,-0.1269,-0.2659, 4.6799
 0.0270,-0.1500, 3.1449, 3.1415,-0.1163,-0.0531, 1.2798
 0.0263,-0.1500, 3.1449, 3.1415,-0.0778,-0.0106, 0.9763
 0.0259,-0.1500, 3.1449, 3.1415,-0.0458,-0.0021, 2.2759
 0.0259,-0.1500, 3.1482, 3.1415,-0.0152, 0.2655,-4.6799
 0.0257,-0.1500, 3.1515, 3.1415,-0.0151, 0.3190,-4.6799
 0.0254,-0.1500, 3.1548, 3.1415,-0.0272, 0.3297,-4.6799
 0.0250,-0.1500, 3.1548, 3.1415,-0.0418, 0.0659,-3.9140
 0.0241,-0.1500, 3.1548, 3.1415,-0.0750, 0.0131,-2.7720
 0.0233,-0.1500, 3.1548, 3.1415,-0.0817, 0.0026,-2.5647
 0.0222,-0.1500, 3.1548, 3.1415,-0.1072, 0.0005,-3.9218
 0.0210,-0.1500, 3.1548, 3.1415,-0.1124, 0.0001,-4.2219
 0.0196,-0.1500, 3.1515, 3.1415,-0.1376,-0.2659, 4.6799
 0.0186,-0.1500, 3.1482, 3.1415,-0.1063,-0.3191, 4.6799
 0.0178,-0.1500, 3.1482, 3.1415,-0.0819,-0.0638, 2.7253
 0.0175,-0.1500, 3.1482, 3.1415,-0.0406,-0.0127, 2.0990
 0.0175,-0.1500, 3.1515, 3.1415,-0.0141, 0.2634,-4.6799
 0.0173,-0.1500, 3.1548, 3.1415,-0.0149, 0.3186,-4.6799
 0.0172,-0.1500, 3.1582, 3.1415,-0.0090, 0.3296,-4.6799
 0.0169,-0.1500, 3.1582, 3.1415,-0.0321, 0.0659,-4.4422
 0.0163,-0.1500, 3.1582, 3.1415,-0.0488, 0.0131,-2.3616
 0.0156,-0.1500, 3.1582, 3.1415,-0.0643, 0.0026,-2.6476
 0.0149,-0.1500, 3.1582, 3.1415,-0.0735, 0.0005,-3.0664
 0.0140,-0.1500, 3.1582, 3.1415,-0.0813, 0.0001,-3.5137
 0.0131,-0.1500, 3.1582, 3.1415,-0.0890, 0.0000,-3.9686
 0.0122,-0.1500, 3.1582, 3.1415,-0.0966, 0.0000,-4.4269
 0.0111,-0.1500, 3.1582, 3.1415,-0.1042, 0.0000,-4.6799
 0.0098,-0.1500, 3.1548, 3.1415,-0.1239,-0.2659, 4.6799
 0.0089,-0.1500, 3.1548, 3.1415,-0.0975,-0.0531,-0.6936
 0.0078,-0.1500, 3.1548, 3.1415,-0.1043,-0.0106,-3.5672
 0.0067,-0.1500, 3.1515, 3.1415,-0.1118,-0.2680, 4.6799
 0.0061,-0.1500, 3.1515, 3.1415,-0.0708,-0.0536, 1.5670
 0.0056,-0.1500, 3.1515, 3.1415,-0.0505,-0.0107, 0.2253
 0.0054,-0.1500, 3.1515, 3.1415,-0.0283,-0.0021, 0.9785
 0.0055,-0.1500, 3.1548, 3.1415, 0.0004, 0.2655,-4.6799
 0.0054,-0.1500, 3.1582, 3.1415,-0.0059, 0.3190,-4.6799
 0.0053,-0.1500, 3.1582, 3.1415,-0.0133, 0.0638,-3.6255
 0.0050,-0.1500, 3.1615, 3.1415,-0.0269, 0.2787,-4.6799
 0.0043,-0.1500, 3.1615, 3.1415,-0.0599, 0.0557,-4.6799
 0.0035,-0.1500, 3.1615, 3.1415,-0.0726, 0.0111,-4.6799
 0.0025,-0.1500, 3.1615, 3.1415,-0.0994, 0.0022,-4.6799
 0.0013,-0.1500, 3.1582, 3.1415,-0.1108,-0.2655, 4.6799
 0.0004,-0.1500, 3.1548, 3.1415,-0.0949,-0.3190, 4.6799
-0.0003,-0.1500, 3.1548, 3.1415,-0.0796,-0.0638, 0.6375
-0.0005,-0.1500, 3.1582, 3.1415,-0.0341, 0.2531,-4.6799
-0.0007,-0.1500, 3.1582, 3.1415,-0.0250, 0.0506,-3.7168
-0.0010,-0.1500, 3.1582, 3.1415,-0.0292, 0.0101,-1.6298
-0.0014,-0.1500, 3.1615, 3.1415,-0.0361, 0.2679,-4.6799
-0.0019,-0.1500, 3.1615, 3.1415,-0.0496, 0.0535,-4.6799
-0.0026,-0.1500, 3.1615, 3.1415,-0.0645, 0.0107,-4.5228
-0.0035,-0.1500, 3.1615, 3.1415,-0.0856, 0.0021,-4.6799
-0.0046,-0.1500, 3.1582, 3.1415,-0.1020,-0.2655, 4.6799
-0.0052,-0.1500, 3.1582, 3.1415,-0.0689,-0.0531,-0.3520
-0.0060,-0.1500, 3.1582, 3.1415,-0.0804,-0.0106,-3.4805
-0.0068,-0.1500, 3.1582, 3.1415,-0.0767,-0.0021,-3.7829
-0.0075,-0.1500, 3.1548, 3.1415,-0.0699,-0.2663, 4.6799
-0.0079,-0.1500, 3.1548, 3.1415,-0.0503,-0.0532, 1.4381
-0.0081,-0.1500, 3.1548, 3.1415,-0.0221,-0.0106, 0.5642
-0.0081,-0.1500, 3.1582, 3.1415,-0.0044, 0.2638,-4.6799
-0.0081,-0.1500, 3.1615, 3.1415,-0.0069, 0.3187,-4.6799
-0.0082,-0.1500, 3.1615, 3.1415,-0.0074, 0.0637,-4.5398
-0.0085,-0.1500, 3.1615, 3.1415,-0.0257, 0.0127,-2.6405
-0.0090,-0.1500, 3.1648, 3.1415,-0.0475, 0.2684,-4.6799
-0.0098,-0.1500, 3.1648, 3.1415,-0.0701, 0.0536,-4.6799
-0.0107,-0.1500, 3.1615, 3.1415,-0.0867,-0.2552, 4.6799
-0.0112,-0.1500, 3.1615, 3.1415,-0.0537,-0.0510,-0.6251
-0.0118,-0.1500, 3.1615, 3.1415,-0.0653,-0.0102,-3.6541
-0.0127,-0.1500, 3.1615, 3.1415,-0.0797,-0.0020,-4.6799
-0.0135,-0.1500, 3.1582, 3.1415,-0.0826,-0.2663, 4.6799
-0.0140,-0.1500, 3.1582, 3.1415,-0.0589,-0.0532,-0.0621
-0.0148,-0.1500, 3.1582, 3.1415,-0.0724,-0.0106,-3.3023
-0.0156,-0.1500, 3.1582, 3.1415,-0.0751,-0.0021,-3.9695
-0.0165,-0.1500, 3.1582, 3.1415,-0.0938,-0.0004,-4.6799
-0.0175,-0.1500, 3.1548, 3.1415,-0.0975,-0.2660, 4.6799
-0.0182,-0.1500, 3.1515, 3.1415,-0.0740,-0.3191, 4.6799
-0.0187,-0.1500, 3.1515, 3.1415,-0.0572,-0.0638, 2.1358
-0.0190,-0.1500, 3.1515, 3.1415,-0.0357,-0.0127, 0.3974
-0.0188,-0.1500, 3.1548, 3.1415, 0.0110, 0.2634,-4.6799
-0.0187,-0.1500, 3.1582, 3.1415, 0.0082, 0.3186,-4.6799
-0.0190,-0.1500, 3.1582, 3.1415,-0.0165, 0.0637,-4.5706
-0.0196,-0.1500, 3.1582, 3.1415,-0.0518, 0.0127,-3.6398
-0.0204,-0.1500, 3.1582, 3.1415,-0.0770, 0.0025,-4.5021
-0.0212,-0.1500, 3.1548, 3.1415,-0.0821,-0.2654, 4.6799
-0.0218,-0.1500, 3.1548, 3.1415,-0.0588,-0.0530, 0.5095
-0.0224,-0.1500, 3.1548, 3.1415,-0.0602,-0.0106,-2.0383
-0.0228,-0.1500, 3.1548, 3.1415,-0.0484,-0.0021,-1.8744
-0.0232,-0.1500, 3.1548, 3.1415,-0.0400,-0.0004,-1.5088
-0.0236,-0.1500, 3.1548, 3.1415,-0.0383,-0.0000,-1.4452
-0.0241,-0.1500, 3.1548, 3.1415,-0.0501,-0.0000,-2.1309
-0.0247,-0.1500, 3.1548, 3.1415,-0.0524,-0.0000,-2.2814
-0.0254,-0.1500, 3.1548, 3.1415,-0.0711,-0.0000,-3.3580
-0.0261,-0.1500, 3.1515, 3.1415,-0.0687,-0.2659, 4.6799
-0.0264,-0.1500, 3.1515, 3.1415,-0.0380,-0.0531, 2.3659
-0.0266,-0.1500, 3.1515, 3.1415,-0.0257,-0.0106, 0.5943
-0.0266,-0.1500, 3.1515, 3.1415, 0.0009,-0.0021, 1.6117
-0.0262,-0.1500, 3.1548, 3.1415, 0.0244, 0.2655,-4.6799
-0.0261,-0.1500, 3.1582, 3.1415, 0.0170, 0.3190,-4.6799
-0.0262,-0.1500, 3.1582, 3.1415,-0.0087, 0.0638,-4.3649
-0.0265,-0.1500, 3.1582, 3.1415,-0.0199, 0.0127,-2.0608
-0.0270,-0.1500, 3.1582, 3.1415,-0.0464, 0.0025,-2.9832
-0.0275,-0.1500, 3.1582, 3.1415,-0.0517, 0.0005,-3.1811
-0.0283,-0.1500, 3.1548, 3.1415,-0.0709,-0.2658, 4.6799
-0.0286,-0.1500, 3.1548, 3.1415,-0.0384,-0.0531, 1.4501
-0.0288,-0.1500, 3.1548, 3.1415,-0.0258,-0.0106,-0.3007
-0.0289,-0.1500, 3.1548, 3.1415,-0.0112,-0.0021, 0.0319
-0.0289,-0.1500, 3.1582, 3.1415,-0.0022, 0.2655,-4.6799
-0.0289,-0.1500, 3.1582, 3.1415,-0.0004, 0.0531,-3.3647
-0.0292,-0.1500, 3.1582, 3.1415,-0.0243, 0.0106,-2.2722
-0.0295,-0.1500, 3.1582, 3.1415,-0.0291, 0.0021,-2.0613
-0.0301,-0.1500, 3.1582, 3.1415,-0.0543, 0.0004,-3.4043
-0.0309,-0.1500, 3.1548, 3.1415,-0.0714,-0.2658, 4.6799
-0.0312,-0.1500, 3.1548, 3.1415,-0.0385,-0.0531, 1.3630
-0.0313,-0.1500, 3.1548, 3.1415,-0.0198,-0.0106,-0.0389
-0.0316,-0.1500, 3.1548, 3.1415,-0.0282,-0.0021,-1.0119
-0.0317,-0.1500, 3.1548, 3.1415,-0.0117,-0.0004,-0.1811
-0.0319,-0.1500, 3.1548, 3.1415,-0.0205,-0.0000,-0.7056
-0.0322,-0.1500, 3.1548, 3.1415,-0.0283,-0.0000,-1.1606
-0.0325,-0.1500, 3.1548, 3.1415,-0.0299,-0.0000,-1.2593
-0.0333,-0.1500, 3.1548, 3.1415,-0.0666,-0.0000,-3.3528
-0.0339,-0.1500, 3.1515, 3.1415,-0.0618,-0.2659, 4.6799
-0.0342,-0.1500, 3.1515, 3.1415,-0.0366,-0.0531, 2.1978
-0.0345,-0.1500, 3.1515, 3.1415,-0.0315,-0.0106, 0.0189
-0.0345,-0.1500, 3.1515, 3.1415,-0.0063,-0.0021, 0.9530
-0.0343,-0.1500, 3.1515, 3.1415, 0.0169,-0.0004, 2.1729
-0.0340,-0.1500, 3.1548, 3.1415, 0.0276, 0.2658,-4.6799
-0.0340,-0.1500, 3.1548, 3.1415, 0.0055, 0.0531,-2.3715
-0.0342,-0.1500, 3.1548, 3.1415,-0.0170, 0.0106,-1.2011
-0.0346,-0.1500, 3.1548, 3.1415,-0.0337, 0.0021,-1.6615
-0.0350,-0.1500, 3.1548, 3.1415,-0.0431, 0.0004,-2.1076
-0.0355,-0.1500, 3.1515, 3.1415,-0.0450,-0.2658, 4.6799
-0.0360,-0.1500, 3.1515, 3.1415,-0.0514,-0.0531, 1.3032
-0.0362,-0.1500, 3.1515, 3.1415,-0.0224,-0.0106, 0.4828
-0.0360,-0.1500, 3.1515, 3.1415, 0.0076,-0.0021, 1.6923
-0.0359,-0.1500, 3.1515, 3.1415, 0.0136,-0.0004, 1.9381
-0.0356,-0.1500, 3.1515, 3.1415, 0.0209,-0.0000, 2.3354
-0.0353,-0.1500, 3.1515, 3.1415, 0.0345,-0.0000, 3.1094
-0.0348,-0.1500, 3.1548, 3.1415, 0.0432, 0.2659,-4.6799
-0.0346,-0.1500, 3.1548, 3.1415, 0.0268, 0.0531,-1.1892
-0.0346,-0.1500, 3.1548, 3.1415, 0.0053, 0.0106, 0.0530
-0.0346,-0.1500, 3.1548, 3.1415, 0.0010, 0.0021, 0.3015
-0.0346,-0.1500, 3.1548, 3.1415, 0.0002, 0.0004, 0.3512
-0.0346,-0.1500, 3.1548, 3.1415, 0.0000, 0.0000, 0.3611
-0.0344,-0.1500, 3.1582, 3.1415, 0.0121, 0.2659,-4.6799
-0.0345,-0.1500, 3.1582, 3.1415,-0.0036, 0.0531,-3.7268
-0.0347,-0.1500, 3.1582, 3.1415,-0.0189, 0.0106,-2.1420
-0.0351,-0.1500, 3.1548, 3.1415,-0.0341,-0.2638, 4.6799
-0.0353,-0.1500, 3.1548, 3.1415,-0.0189,-0.0527, 2.3160
-0.0353,-0.1500, 3.1548, 3.1415,-0.0037,-0.0105, 0.7368
-0.0351,-0.1500, 3.1548, 3.1415, 0.0113,-0.0021, 1.1097
-0.0350,-0.1500, 3.1548, 3.1415, 0.0083,-0.0004, 0.8438
-0.0347,-0.1500, 3.1548, 3.1415, 0.0259,-0.0000, 1.8256
-0.0344,-0.1500, 3.1548, 3.1415, 0.0294,-0.0000, 2.0296
-0.0341,-0.1500, 3.1548, 3.1415, 0.0362,-0.0000, 2.4225
-0.0337,-0.1500, 3.1582, 3.1415, 0.0375, 0.2659,-4.6799
-0.0335,-0.1500, 3.1582, 3.1415, 0.0257, 0.0531,-2.0384
-0.0336,-0.1500, 3.1582, 3.1415,-0.0069, 0.0106,-1.4331
-0.0338,-0.1500, 3.1582, 3.1415,-0.0135, 0.0021,-1.3159
-0.0341,-0.1500, 3.1548, 3.1415,-0.0269,-0.2655, 4.6799
-0.0342,-0.1500, 3.1548, 3.1415,-0.0175,-0.0531, 2.4497
-0.0341,-0.1500, 3.1548, 3.1415, 0.0025,-0.0106, 1.1348
-0.0341,-0.1500, 3.1548, 3.1415, 0.0065,-0.0021, 0.8737
-0.0339,-0.1500, 3.1548, 3.1415, 0.0134,-0.0004, 1.1678
-0.0335,-0.1500, 3.1548, 3.1415, 0.0330,-0.0000, 2.2635
-0.0332,-0.1500, 3.1548, 3.1415, 0.0308,-0.0000, 2.1479
-0.0329,-0.1500, 3.1548, 3.1415, 0.0304,-0.0000, 2.1324
-0.0324,-0.1500, 3.1548, 3.1415, 0.0485,-0.0000, 3.1701
-0.0317,-0.1500, 3.1582, 3.1415, 0.0642, 0.2659,-4.6799
-0.0315,-0.1500, 3.1582, 3.1415, 0.0310, 0.0531,-1.6747
-0.0315,-0.1500, 3.1582, 3.1415, 0.0062, 0.0106,-0.6218
-0.0316,-0.1500, 3.1582, 3.1415,-0.0048, 0.0021,-0.7556
-0.0319,-0.1500, 3.1582, 3.1415,-0.0252, 0.0004,-1.8174
-0.0322,-0.1500, 3.1548, 3.1415,-0.0353,-0.2658, 4.6799
-0.0323,-0.1500, 3.1548, 3.1415,-0.0131,-0.0531, 2.7607
-0.0322,-0.1500, 3.1515, 3.1415, 0.0034,-0.2765, 4.6799
-0.0319,-0.1500, 3.1515, 3.1415, 0.0310,-0.0553, 4.6799
-0.0316,-0.1500, 3.1515, 3.1415, 0.0304,-0.0110, 3.6354
-0.0309,-0.1500, 3.1548, 3.1415, 0.0545, 0.2637,-4.6799
-0.0306,-0.1500, 3.1548, 3.1415, 0.0351, 0.0527,-0.5696
-0.0304,-0.1500, 3.1548, 3.1415, 0.0252, 0.0105, 1.3097
-0.0302,-0.1500, 3.1548, 3.1415, 0.0232, 0.0021, 1.6913
-0.0300,-0.1500, 3.1548, 3.1415, 0.0228, 0.0004, 1.7734
-0.0297,-0.1500, 3.1548, 3.1415, 0.0288, 0.0000, 2.1399
-0.0293,-0.1500, 3.1548, 3.1415, 0.0360, 0.0000, 2.5652
-0.0288,-0.1500, 3.1548, 3.1415, 0.0435, 0.0000, 3.0043
-0.0281,-0.1500, 3.1582, 3.1415, 0.0693, 0.2659,-4.6799
-0.0277,-0.1500, 3.1582, 3.1415, 0.0441, 0.0531,-0.8138
-0.0275,-0.1500, 3.1582, 3.1415, 0.0270, 0.0106, 0.6792
-0.0272,-0.1500, 3.1582, 3.1415, 0.0296, 0.0021, 1.3279
-0.0269,-0.1500, 3.1582, 3.1415, 0.0241, 0.0004, 1.1209
-0.0266,-0.1500, 3.1582, 3.1415, 0.0290, 0.0000, 1.4297
-0.0263,-0.1500, 3.1582, 3.1415, 0.0300, 0.0000, 1.4991
-0.0258,-0.1500, 3.1582, 3.1415, 0.0484, 0.0000, 2.5537
-0.0250,-0.1500, 3.1582, 3.1415, 0.0703, 0.0000, 3.8112
-0.0243,-0.1500, 3.1582, 3.1415, 0.0746, 0.0000, 4.0818
-0.0233,-0.1500, 3.1615, 3.1415, 0.0937, 0.2659,-4.6799
-0.0226,-0.1500, 3.1648, 3.1415, 0.0733, 0.3191,-4.6799
-0.0222,-0.1500, 3.1648, 3.1415, 0.0510, 0.0638,-2.5063
-0.0220,-0.1500, 3.1648, 3.1415, 0.0223, 0.0127,-1.1765
-0.0221,-0.1500, 3.1615, 3.1415,-0.0015,-0.2633, 4.6799
-0.0221,-0.1500, 3.1615, 3.1415,-0.0003,-0.0526, 2.1372
-0.0219,-0.1500, 3.1615, 3.1415, 0.0120,-0.0105, 0.4104
-0.0218,-0.1500, 3.1615, 3.1415, 0.0145,-0.0021, 0.0689
-0.0216,-0.1500, 3.1582, 3.1415, 0.0210,-0.2663, 4.6799
-0.0211,-0.1500, 3.1582, 3.1415, 0.0405,-0.0532, 4.6799
-0.0206,-0.1500, 3.1582, 3.1415, 0.0505,-0.0106, 3.4523
-0.0199,-0.1500, 3.1615, 3.1415, 0.0646, 0.2638,-4.6799
-0.0194,-0.1500, 3.1615, 3.1415, 0.0553, 0.0527,-0.7149
-0.0191,-0.1500, 3.1615, 3.1415, 0.0292, 0.0105, 0.2533
-0.0189,-0.1500, 3.1615, 3.1415, 0.0240, 0.0021, 0.4527
-0.0187,-0.1500, 3.1615, 3.1415, 0.0169, 0.0004, 0.1540
-0.0187,-0.1500, 3.1615, 3.1415, 0.0094, 0.0000,-0.2462
-0.0187,-0.1500, 3.1582, 3.1415, 0.0018,-0.2659, 4.6799
-0.0185,-0.1500, 3.1582, 3.1415, 0.0125,-0.0531, 3.8230
-0.0184,-0.1500, 3.1582, 3.1415, 0.0146,-0.0106, 1.4940
-0.0181,-0.1500, 3.1582, 3.1415, 0.0211,-0.0021, 1.3764
-0.0179,-0.1500, 3.1582, 3.1415, 0.0224,-0.0004, 1.3586
-0.0175,-0.1500, 3.1582, 3.1415, 0.0347,-0.0000, 2.0496
-0.0170,-0.1500, 3.1582, 3.1415, 0.0494,-0.0000, 2.8861
-0.0165,-0.1500, 3.1582, 3.1415, 0.0462,-0.0000, 2.7224
-0.0160,-0.1500, 3.1582, 3.1415, 0.0516,-0.0000, 3.0456
-0.0154,-0.1500, 3.1582, 3.1415, 0.0588,-0.0000, 3.4680
-0.0147,-0.1500, 3.1582, 3.1415, 0.0724,-0.0000, 4.2565
-0.0137,-0.1500, 3.1615, 3.1415, 0.0872, 0.2659,-4.6799
-0.0133,-0.1500, 3.1615, 3.1415, 0.0538, 0.0531,-0.6354
-0.0130,-0.1500, 3.1615, 3.1415, 0.0350, 0.0106, 0.7669
-0.0126,-0.1500, 3.1615, 3.1415, 0.0373, 0.0021, 1.3994
-0.0125,-0.1500, 3.1582, 3.1415, 0.0195,-0.2655, 4.6799
-0.0123,-0.1500, 3.1582, 3.1415, 0.0160,-0.0531, 4.2143
-0.0119,-0.1500, 3.1582, 3.1415, 0.0335,-0.0106, 2.7625
-0.0113,-0.1500, 3.1582, 3.1415, 0.0552,-0.0021, 3.5148
-0.0104,-0.1500, 3.1582, 3.1415, 0.0838,-0.0004, 4.6799
-0.0095,-0.1500, 3.1615, 3.1415, 0.0895, 0.2658,-4.6799
-0.0089,-0.1500, 3.1615, 3.1415, 0.0664, 0.0531, 0.2140
-0.0081,-0.1500, 3.1648, 3.1415, 0.0799, 0.2765,-4.6799
-0.0075,-0.1500, 3.1648, 3.1415, 0.0584, 0.0553,-1.1362
-0.0074,-0.1500, 3.1648, 3.1415, 0.0238, 0.0110,-0.5327
-0.0074,-0.1500, 3.1615, 3.1415, 0.0047,-0.2637, 4.6799
-0.0072,-0.1500, 3.1615, 3.1415, 0.0130,-0.0527, 3.3662
-0.0070,-0.1500, 3.1582, 3.1415, 0.0208,-0.2765, 4.6799
-0.0065,-0.1500, 3.1582, 3.1415, 0.0405,-0.0553, 4.6799
-0.0060,-0.1500, 3.1582, 3.1415, 0.0505,-0.0110, 3.9349
-0.0051,-0.1500, 3.1615, 3.1415, 0.0828, 0.2637,-4.6799
-0.0044,-0.1500, 3.1615, 3.1415, 0.0711, 0.0527, 0.6468
-0.0036,-0.1500, 3.1615, 3.1415, 0.0809, 0.0105, 3.6581
-0.0029,-0.1500, 3.1615, 3.1415, 0.0707, 0.0021, 3.5927
-0.0020,-0.1500, 3.1648, 3.1415, 0.0869, 0.2663,-4.6799
-0.0014,-0.1500, 3.1648, 3.1415, 0.0658, 0.0532,-0.4043
-0.0009,-0.1500, 3.1648, 3.1415, 0.0495, 0.0106, 1.1463
-0.0006,-0.1500, 3.1648, 3.1415, 0.0402, 0.0021, 1.1236
-0.0002,-0.1500, 3.1648, 3.1415, 0.0383, 0.0004, 1.1286
 0.0001,-0.1500, 3.1648, 3.1415, 0.0379, 0.0000, 1.1392
 0.0004,-0.1500, 3.1648, 3.1415, 0.0318, 0.0000, 0.8065
 0.0008,-0.1500, 3.1648, 3.1415, 0.0366, 0.0000, 1.0920
 0.0013,-0.1500, 3.1648, 3.1415, 0.0497, 0.0000, 1.8474
 0.0018,-0.1500, 3.1648, 3.1415, 0.0463, 0.0000, 1.6675
 0.0023,-0.1500, 3.1648, 3.1415, 0.0517, 0.0000, 1.9874
 0.0028,-0.1500, 3.1648, 3.1415, 0.0527, 0.0000, 2.0648
 0.0036,-0.1500, 3.1648, 3.1415, 0.0711, 0.0000, 3.1268
 0.0042,-0.1500, 3.1648, 3.1415, 0.0627, 0.0000, 2.6696
 0.0050,-0.1500, 3.1681, 3.1415, 0.0731, 0.2659,-4.6799
 0.0055,-0.1500, 3.1681, 3.1415, 0.0570, 0.0531,-1.4966
 0.0058,-0.1500, 3.1681, 3.1415, 0.0356, 0.0106,-0.2409
 0.0058,-0.1500, 3.1648, 3.1415, 0.0071,-0.2638, 4.6799
 0.0058,-0.1500, 3.1648, 3.1415, 0.0014,-0.0527, 2.3041
 0.0059,-0.1500, 3.1615, 3.1415, 0.0063,-0.2764, 4.6799
 0.0061,-0.1500, 3.1615, 3.1415, 0.0194,-0.0552, 4.2972
 0.0065,-0.1500, 3.1615, 3.1415, 0.0342,-0.0110, 2.5902
 0.0071,-0.1500, 3.1615, 3.1415, 0.0553,-0.0022, 3.2915
 0.0078,-0.1500, 3.1615, 3.1415, 0.0656,-0.0004, 3.7914
 0.0086,-0.1500, 3.1648, 3.1415, 0.0798, 0.2658,-4.6799
 0.0093,-0.1500, 3.1648, 3.1415, 0.0705, 0.0531, 0.2037
 0.0100,-0.1500, 3.1648, 3.1415, 0.0686, 0.0106, 2.5731
 0.0106,-0.1500, 3.1648, 3.1415, 0.0683, 0.0021, 3.0642
 0.0114,-0.1500, 3.1681, 3.1415, 0.0742, 0.2663,-4.6799
 0.0119,-0.1500, 3.1681, 3.1415, 0.0573, 0.0532,-1.2854
 0.0123,-0.1500, 3.1681, 3.1415, 0.0417, 0.0106, 0.3085
 0.0126,-0.1500, 3.1681, 3.1415, 0.0326, 0.0021, 0.2924
 0.0129,-0.1500, 3.1681, 3.1415, 0.0307, 0.0004, 0.2969
 0.0132,-0.1500, 3.1681, 3.1415, 0.0304, 0.0000, 0.3055
 0.0135,-0.1500, 3.1681, 3.1415, 0.0303, 0.0000, 0.3148
 0.0140,-0.1500, 3.1681, 3.1415, 0.0424, 0.0000, 1.0131
 0.0146,-0.1500, 3.1681, 3.1415, 0.0569, 0.0000, 1.8530
 0.0152,-0.1500, 3.1681, 3.1415, 0.0599, 0.0000, 2.0363
 0.0159,-0.1500, 3.1681, 3.1415, 0.0665, 0.0000, 2.4327
 0.0168,-0.1500, 3.1715, 3.1415, 0.0860, 0.2659,-4.6799
 0.0175,-0.1500, 3.1715, 3.1415, 0.0717, 0.0531,-1.1091
 0.0179,-0.1500, 3.1715, 3.1415, 0.0507, 0.0106, 0.1716
 0.0182,-0.1500, 3.1715, 3.1415, 0.0344, 0.0021,-0.2494
 0.0184,-0.1500, 3.1715, 3.1415, 0.0190, 0.0004,-1.0147
 0.0184,-0.1500, 3.1715, 3.1415, 0.0038, 0.0000,-1.8526
 0.0181,-0.1500, 3.1681, 3.1415,-0.0174,-0.2659, 4.6799
 0.0181,-0.1500, 3.1681, 3.1415,-0.0034,-0.0531, 1.6211
 0.0183,-0.1500, 3.1681, 3.1415, 0.0114,-0.0106, 0.0138
 0.0184,-0.1500, 3.1648, 3.1415, 0.0144,-0.2680, 4.6799
 0.0187,-0.1500, 3.1648, 3.1415, 0.0271,-0.0536, 4.2127
 0.0193,-0.1500, 3.1648, 3.1415, 0.0478,-0.0107, 2.9257
 0.0200,-0.1500, 3.1681, 3.1415, 0.0641, 0.2638,-4.6799
 0.0203, 0.0000, 3.1681, 3.1415, 0.0431, 0.0527,-4.6799
 0.0205, 0.0000, 3.1681, 3.1415, 0.0207, 0.0105,-4.6799
 0.0203, 0.0000, 3.1681, 3.1415,-0.0079, 0.0021,-4.6799
 0.0200, 0.0000, 3.1648, 3.1415,-0.0319,-0.2655, 4.6799
 0.0197, 0.0000, 3.1615, 3.1415,-0.0245,-0.3190, 4.6799
 0.0198, 0.0000, 3.1615, 3.1415, 0.0011,-0.0638,-0.5512
 0.0197, 0.0000, 3.1615, 3.1415,-0.0058,-0.0127,-3.8908
 0.0197, 0.0000, 3.1582, 3.1415,-0.0072,-0.2685, 4.6799
 0.0198, 0.0000, 3.1582, 3.1415, 0.0106,-0.0537, 0.2240
 0.0199, 0.0000, 3.1582, 3.1415, 0.0081,-0.0107,-2.3906
 0.0198, 0.0000, 3.1548, 3.1415,-0.0044,-0.2681, 4.6799
 0.0200, 0.0000, 3.1548, 3.1415, 0.0112,-0.0536, 1.0763
 0.0203, 0.0000, 3.1548, 3.1415, 0.0265,-0.0107,-0.5268
 0.0202, 0.0000, 3.1548, 3.1415,-0.0007,-0.0021,-2.5617
 0.0201, 0.0000, 3.1515, 3.1415,-0.0062,-0.2663, 4.6799
 0.0201, 0.0000, 3.1515, 3.1415,-0.0012,-0.0532, 1.1776
 0.0203, 0.0000, 3.1515, 3.1415, 0.0179,-0.0106,-0.1907
 0.0205, 0.0000, 3.1515, 3.1415, 0.0157,-0.0021,-0.8030
 0.0203, 0.0000, 3.1482, 3.1415,-0.0089,-0.2663, 4.6799
 0.0204, 0.0000, 3.1482, 3.1415, 0.0042,-0.0532, 2.3184
 0.0207, 0.0000, 3.1482, 3.1415, 0.0251,-0.0106, 1.0458
 0.0210, 0.0000, 3.1449, 3.1415, 0.0292,-0.2680, 4.6799
 0.0213, 0.0000, 3.1449, 3.1415, 0.0301,-0.0536, 4.6447
 0.0219, 0.0000, 3.1449, 3.1415, 0.0484,-0.0107, 3.2235
 0.0227, 0.0000, 3.1449, 3.1415, 0.0763,-0.0021, 4.3302
 0.0235, 0.0000, 3.1482, 3.1415, 0.0819, 0.2655,-4.6799
 0.0239, 0.0000, 3.1482, 3.1415, 0.0467, 0.0531,-1.3115
 0.0242, 0.0000, 3.1482, 3.1415, 0.0335, 0.0106, 0.4079
 0.0244, 0.0000, 3.1482, 3.1415, 0.0249, 0.0021, 0.4151
 0.0247, 0.0000, 3.1449, 3.1415, 0.0231,-0.2655, 4.6799
 0.0249, 0.0000, 3.1449, 3.1415, 0.0228,-0.0531, 4.3170
 0.0251, 0.0000, 3.1449, 3.1415, 0.0227,-0.0106, 1.8705
 0.0256, 0.0000, 3.1449, 3.1415, 0.0409,-0.0021, 2.4201
 0.0262, 0.0000, 3.1449, 3.1415, 0.0566,-0.0004, 3.2303
 0.0269, 0.0000, 3.1449, 3.1415, 0.0659,-0.0000, 3.7520
 0.0275, 0.0000, 3.1449, 3.1415, 0.0677,-0.0000, 3.8736
 0.0286, 0.0000, 3.1449, 3.1415, 0.0984,-0.0000, 4.6799
 0.0299, 0.0000, 3.1482, 3.1415, 0.1227, 0.2659,-4.6799
 0.0308, 0.0000, 3.1482, 3.1415, 0.0973, 0.0531, 1.7553
 0.0319, 0.0000, 3.1482, 3.1415, 0.1043, 0.0106, 4.6393
 0.0330, 0.0000, 3.1515, 3.1415, 0.1118, 0.2680,-4.6799
 0.0339, 0.0000, 3.1515, 3.1415, 0.0951, 0.0536, 0.8850
 0.0348, 0.0000, 3.1515, 3.1415, 0.0917, 0.0107, 3.1987
 0.0358, 0.0000, 3.1548, 3.1415, 0.0971, 0.2681,-4.6799
 0.0364, 0.0000, 3.1548, 3.1415, 0.0679, 0.0536,-1.3896
 0.0369, 0.0000, 3.1548, 3.1415, 0.0560, 0.0107, 0.4287
 0.0373, 0.0000, 3.1515, 3.1415, 0.0415,-0.2638, 4.6799
 0.0375, 0.0000, 3.1515, 3.1415, 0.0264,-0.0527, 3.2632
 0.0381, 0.0000, 3.1515, 3.1415, 0.0538,-0.0105, 2.3888
 0.0389, 0.0000, 3.1482, 3.1415, 0.0713,-0.2680, 4.6799
 0.0394, 0.0000, 3.1482, 3.1415, 0.0567,-0.0536, 4.6799
 0.0403, 0.0000, 3.1482, 3.1415, 0.0841,-0.0107, 4.6799
 0.0415, 0.0000, 3.1482, 3.1415, 0.1077,-0.0021, 4.6799
 0.0426, 0.0000, 3.1515, 3.1415, 0.1125, 0.2655,-4.6799
 0.0435, 0.0000, 3.1515, 3.1415, 0.0891, 0.0531, 0.8820
 0.0446, 0.0000, 3.1515, 3.1415, 0.1087, 0.0106, 4.4726
 0.0455, 0.0000, 3.1515, 3.1415, 0.0945, 0.0021, 4.1864
 0.0465, 0.0000, 3.1515, 3.1415, 0.0977, 0.0004, 4.4965
 0.0478, 0.0000, 3.1548, 3.1415, 0.1226, 0.2660,-4.6799
 0.0486, 0.0000, 3.1548, 3.1415, 0.0912, 0.0532, 0.3326
 0.0497, 0.0000, 3.1548, 3.1415, 0.1091, 0.0106, 3.8366
 0.0510, 0.0000, 3.1548, 3.1415, 0.1188, 0.0021, 4.6799
 0.0523, 0.0000, 3.1582, 3.1415, 0.1329, 0.2663,-4.6799
 0.0531, 0.0000, 3.1582, 3.1415, 0.0872, 0.0532,-0.5764
 0.0539, 0.0000, 3.1582, 3.1415, 0.0841, 0.0106, 1.7340
 0.0548, 0.0000, 3.1582, 3.1415, 0.0895, 0.0021, 2.5615
 0.0555, 0.0000, 3.1582, 3.1415, 0.0724, 0.0004, 1.7169
 0.0563, 0.0000, 3.1582, 3.1415, 0.0811, 0.0000, 2.2540
 0.0572, 0.0000, 3.1582, 3.1415, 0.0889, 0.0000, 2.7268
 0.0582, 0.0000, 3.1582, 3.1415, 0.0905, 0.0000, 2.8444
 0.0592, 0.0000, 3.1582, 3.1415, 0.1029, 0.0000, 3.5796
 0.0604, 0.0000, 3.1582, 3.1415, 0.1176, 0.0000, 4.4422
 0.0616, 0.0000, 3.1582, 3.1415, 0.1144, 0.0000, 4.3011
 0.0629, 0.0000, 3.1615, 3.1415, 0.1259, 0.2659,-4.6799
 0.0641, 0.0000, 3.1615, 3.1415, 0.1222, 0.0531, 0.9288
 0.0654, 0.0000, 3.1615, 3.1415, 0.1275, 0.0106, 3.7227
 0.0663, 0.0000, 3.1615, 3.1415, 0.1043, 0.0021, 2.9366
 0.0676, 0.0000, 3.1648, 3.1415, 0.1239, 0.2663,-4.6799
 0.0686, 0.0000, 3.1648, 3.1415, 0.1036, 0.0532,-0.8013
 0.0695, 0.0000, 3.1648, 3.1415, 0.0874, 0.0106, 0.7691
 0.0702, 0.0000, 3.1648, 3.1415, 0.0781, 0.0021, 0.7598
 0.0711, 0.0000, 3.1648, 3.1415, 0.0883, 0.0004, 1.4659
 0.0721, 0.0000, 3.1648, 3.1415, 0.0965, 0.0000, 1.9745
 0.0730, 0.0000, 3.1648, 3.1415, 0.0920, 0.0000, 1.7567
 0.0741, 0.0000, 3.1648, 3.1415, 0.1032, 0.0000, 2.4249
 0.0753, 0.0000, 3.1648, 3.1415, 0.1176, 0.0000, 3.2741
 0.0767, 0.0000, 3.1648, 3.1415, 0.1326, 0.0000, 4.1634
 0.0781, 0.0000, 3.1681, 3.1415, 0.1417, 0.2659,-4.6799
 0.0792, 0.0000, 3.1715, 3.1415, 0.1192, 0.3191,-4.6799
 0.0802, 0.0000, 3.1715, 3.1415, 0.1026, 0.0638,-2.7367
 0.0809, 0.0000, 3.1715, 3.1415, 0.0751, 0.0127,-1.3263
 0.0811, 0.0000, 3.1681, 3.1415, 0.0332,-0.2633, 4.6799
 0.0814, 0.0000, 3.1648, 3.1415, 0.0308,-0.3186, 4.6799
 0.0817, 0.0000, 3.1648, 3.1415, 0.0304,-0.0637, 2.2319
 0.0822, 0.0000, 3.1615, 3.1415, 0.0424,-0.2786, 4.6799
 0.0828, 0.0000, 3.1615, 3.1415, 0.0570,-0.0557, 4.1235
 0.0835, 0.0000, 3.1615, 3.1415, 0.0720,-0.0111, 2.4243
 0.0845, 0.0000, 3.1615, 3.1415, 0.0871,-0.0022, 2.7924
 0.0854, 0.0000, 3.1615, 3.1415, 0.0962,-0.0004, 3.2333
 0.0865, 0.0000, 3.1615, 3.1415, 0.1041,-0.0000, 3.6908
 0.0878, 0.0000, 3.1615, 3.1415, 0.1239,-0.0000, 4.6799
 0.0894, 0.0000, 3.1648, 3.1415, 0.1521, 0.2659,-4.6799
 0.0905, 0.0000, 3.1648, 3.1415, 0.1213, 0.0531, 0.8974
 0.0920, 0.0000, 3.1681, 3.1415, 0.1394, 0.2765,-4.6799
 0.0931, 0.0000, 3.1681, 3.1415, 0.1188, 0.0553,-0.1070
 0.0939, 0.0000, 3.1681, 3.1415, 0.0904, 0.0110, 0.8704
 0.0948, 0.0000, 3.1681, 3.1415, 0.0847, 0.0022, 1.0870
 0.0955, 0.0000, 3.1681, 3.1415, 0.0775, 0.0004, 0.8070
 0.0964, 0.0000, 3.1681, 3.1415, 0.0822, 0.0000, 1.1145
 0.0972, 0.0000, 3.1681, 3.1415, 0.0831, 0.0000, 1.1971
 0.0981, 0.0000, 3.1681, 3.1415, 0.0893, 0.0000, 1.5791
 0.0990, 0.0000, 3.1681, 3.1415, 0.0906, 0.0000, 1.6785
 0.1000, 0.0000, 3.1681, 3.1415, 0.0969, 0.0000, 2.0657
 0.1010, 0.0000, 3.1681, 3.1415, 0.0982, 0.0000, 2.1680
 0.1020, 0.0000, 3.1681, 3.1415, 0.0984, 0.0000, 2.2135
 0.1031, 0.0000, 3.1681, 3.1415, 0.1106, 0.0000, 2.9361
 0.1043, 0.0000, 3.1715, 3.1415, 0.1191, 0.2659,-4.6799
 0.1053, 0.0000, 3.1715, 3.1415, 0.1026, 0.0531,-1.3323
 0.1060, 0.0000, 3.1715, 3.1415, 0.0751, 0.0106,-0.4111
 0.1064, 0.0000, 3.1715, 3.1415, 0.0453, 0.0021,-1.5872
 0.1065, 0.0000, 3.1681, 3.1415, 0.0211,-0.2655, 4.6799
 0.1067, 0.0000, 3.1648, 3.1415, 0.0224,-0.3190, 4.6799
 0.1070, 0.0000, 3.1648, 3.1415, 0.0287,-0.0638, 2.9412
 0.1076, 0.0000, 3.1615, 3.1415, 0.0481,-0.2787, 4.6799
 0.1083, 0.0000, 3.1615, 3.1415, 0.0702,-0.0557, 4.6799
 0.1093, 0.0000, 3.1615, 3.1415, 0.0928,-0.0111, 4.4143
 0.1106, 0.0000, 3.1648, 3.1415, 0.1216, 0.2637,-4.6799
 0.1114, 0.0000, 3.1648, 3.1415, 0.0910, 0.0527,-0.1273
 0.1122, 0.0000, 3.1648, 3.1415, 0.0788, 0.0105, 1.6420
 0.1131, 0.0000, 3.1648, 3.1415, 0.0885, 0.0021, 2.7038
 0.1139, 0.0000, 3.1648, 3.1415, 0.0844, 0.0004, 2.5948
 0.1148, 0.0000, 3.1648, 3.1415, 0.0835, 0.0000, 2.5941
 0.1158, 0.0000, 3.1648, 3.1415, 0.1016, 0.0000, 3.6481
 0.1170, 0.0000, 3.1681, 3.1415, 0.1112, 0.2659,-4.6799
 0.1178, 0.0000, 3.1681, 3.1415, 0.0889, 0.0531,-0.8897
 0.1184, 0.0000, 3.1681, 3.1415, 0.0662, 0.0106, 0.3054
 0.1189, 0.0000, 3.1681, 3.1415, 0.0557, 0.0021, 0.2154
 0.1193, 0.0000, 3.1648, 3.1415, 0.0414,-0.2655, 4.6799
 0.1198, 0.0000, 3.1648, 3.1415, 0.0446,-0.0531, 3.6249
 0.1205, 0.0000, 3.1648, 3.1415, 0.0635,-0.0106, 2.2589
 0.1211, 0.0000, 3.1648, 3.1415, 0.0612,-0.0021, 1.6586
 0.1217, 0.0000, 3.1648, 3.1415, 0.0607,-0.0004, 1.5538
 0.1225, 0.0000, 3.1648, 3.1415, 0.0788,-0.0000, 2.5813
 0.1234, 0.0000, 3.1648, 3.1415, 0.0885,-0.0000, 3.1523
 0.1242, 0.0000, 3.1648, 3.1415, 0.0844,-0.0000, 2.9451
 0.1253, 0.0000, 3.1648, 3.1415, 0.1017,-0.0000, 3.9578
 0.1268, 0.0000, 3.1681, 3.1415, 0.1355, 0.2659,-4.6799
 0.1277, 0.0000, 3.1681, 3.1415, 0.1059, 0.0531, 0.3819
 0.1287, 0.0000, 3.1681, 3.1415, 0.1000, 0.0106, 2.5326
 0.1299, 0.0000, 3.1715, 3.1415, 0.1170, 0.2680,-4.6799
 0.1307, 0.0000, 3.1715, 3.1415, 0.0840, 0.0536,-1.6044
 0.1311, 0.0000, 3.1715, 3.1415, 0.0531, 0.0107,-0.8568
 0.1315, 0.0000, 3.1715, 3.1415, 0.0409, 0.0021,-1.0401
 0.1313, 0.0000, 3.1681, 3.1415,-0.0099,-0.2655, 4.6799
 0.1315, 0.0000, 3.1648, 3.1415, 0.0161,-0.3190, 4.6799
 0.1318, 0.0000, 3.1648, 3.1415, 0.0274,-0.0638, 3.6540
 0.1320, 0.0000, 3.1615, 3.1415, 0.0176,-0.2787, 4.6799
 0.1327, 0.0000, 3.1615, 3.1415, 0.0580,-0.0557, 4.6799
 0.1338, 0.0000, 3.1615, 3.1415, 0.1025,-0.0111, 4.6799
 0.1347, 0.0000, 3.1615, 3.1415, 0.0932,-0.0022, 4.6799
 0.1356, 0.0000, 3.1648, 3.1415, 0.0914, 0.2654,-4.6799
 0.1367, 0.0000, 3.1648, 3.1415, 0.1031, 0.0530, 1.3344
 0.1377, 0.0000, 3.1681, 3.1415, 0.1055, 0.2765,-4.6799
 0.1383, 0.0000, 3.1681, 3.1415, 0.0635, 0.0553,-1.7982
 0.1388, 0.0000, 3.1681, 3.1415, 0.0551, 0.0110, 0.2966
 0.1390, 0.0000, 3.1648, 3.1415, 0.0292,-0.2637, 4.6799
 0.1393, 0.0000, 3.1648, 3.1415, 0.0240,-0.0527, 3.0558
 0.1397, 0.0000, 3.1648, 3.1415, 0.0411,-0.0105, 1.6044
 0.1402, 0.0000, 3.1615, 3.1415, 0.0446,-0.2680, 4.6799
 0.1405, 0.0000, 3.1615, 3.1415, 0.0392,-0.0536, 4.6799
 0.1413, 0.0000, 3.1615, 3.1415, 0.0684,-0.0107, 4.0245
 0.1423, 0.0000, 3.1615, 3.1415, 0.0925,-0.0021, 4.6799
 0.1433, 0.0000, 3.1648, 3.1415, 0.1033, 0.2655,-4.6799
 0.1439, 0.0000, 3.1648, 3.1415, 0.0631, 0.0531,-0.6969
 0.1446, 0.0000, 3.1648, 3.1415, 0.0671, 0.0106, 2.0038
 0.1452, 0.0000, 3.1648, 3.1415, 0.0619, 0.0021, 2.2169
 0.1455, 0.0000, 3.1648, 3.1415, 0.0366, 0.0004, 0.8973
 0.1460, 0.0000, 3.1648, 3.1415, 0.0497, 0.0000, 1.6742
 0.1468, 0.0000, 3.1648, 3.1415, 0.0705, 0.0000, 2.8760
 0.1474, 0.0000, 3.1648, 3.1415, 0.0626, 0.0000, 2.4469
 0.1481, 0.0000, 3.1648, 3.1415, 0.0731, 0.0000, 3.0651
 0.1491, 0.0000, 3.1648, 3.1415, 0.0934, 0.0000, 4.2410
 0.1502, 0.0000, 3.1681, 3.1415, 0.1096, 0.2659,-4.6799
 0.1510, 0.0000, 3.1681, 3.1415, 0.0825, 0.0531,-0.2010
 0.1518, 0.0000, 3.1681, 3.1415, 0.0832, 0.0106, 2.3155
 0.1526, 0.0000, 3.1681, 3.1415, 0.0772, 0.0021, 2.4955
 0.1530, 0.0000, 3.1681, 3.1415, 0.0518, 0.0004, 1.1731
 0.1537, 0.0000, 3.1681, 3.1415, 0.0588, 0.0000, 1.6089
 0.1545, 0.0000, 3.1681, 3.1415, 0.0784, 0.0000, 2.7445
 0.1553, 0.0000, 3.1681, 3.1415, 0.0823, 0.0000, 2.9927
 0.1561, 0.0000, 3.1715, 3.1415, 0.0771, 0.2659,-4.6799
 0.1568, 0.0000, 3.1715, 3.1415, 0.0760, 0.0531,-1.2037
 0.1573, 0.0000, 3.1715, 3.1415, 0.0515, 0.0106,-0.1156
 0.1574, 0.0000, 3.1715, 3.1415, 0.0163, 0.0021,-1.6083
 0.1574, 0.0000, 3.1681, 3.1415, 0.0032,-0.2655, 4.6799
 0.1574, 0.0000, 3.1681, 3.1415, 0.0006,-0.0531, 1.5096
 0.1574, 0.0000, 3.1648, 3.1415, 0.0061,-0.2765, 4.6799
 0.1577, 0.0000, 3.1648, 3.1415, 0.0194,-0.0553, 3.5261
 0.1581, 0.0000, 3.1648, 3.1415, 0.0402,-0.0110, 2.1640
 0.1587, 0.0000, 3.1648, 3.1415, 0.0565,-0.0022, 2.5918
 0.1591, 0.0000, 3.1648, 3.1415, 0.0416,-0.0004, 1.6597
 0.1596, 0.0000, 3.1648, 3.1415, 0.0507,-0.0000, 2.1715
 0.1604, 0.0000, 3.1648, 3.1415, 0.0707,-0.0000, 3.3204
 0.1612, 0.0000, 3.1648, 3.1415, 0.0747,-0.0000, 3.5694
 0.1619, 0.0000, 3.1648, 3.1415, 0.0755,-0.0000, 3.6383
 0.1629, 0.0000, 3.1681, 3.1415, 0.0939, 0.2659,-4.6799
 0.1637, 0.0000, 3.1681, 3.1415, 0.0794, 0.0531, 0.0218
 0.1644, 0.0000, 3.1681, 3.1415, 0.0765, 0.0106, 2.3356
 0.1651, 0.0000, 3.1681, 3.1415, 0.0698, 0.0021, 2.4732
 0.1659, 0.0000, 3.1715, 3.1415, 0.0806, 0.2663,-4.6799
 0.1665, 0.0000, 3.1715, 3.1415, 0.0585, 0.0532,-1.8901
 0.1668, 0.0000, 3.1715, 3.1415, 0.0359, 0.0106,-0.6984
 0.1669, 0.0000, 3.1715, 3.1415, 0.0193, 0.0021,-1.1410
 0.1668, 0.0000, 3.1681, 3.1415,-0.0021,-0.2655, 4.6799
 0.1668, 0.0000, 3.1648, 3.1415,-0.0065,-0.3190, 4.6799
 0.1670, 0.0000, 3.1648, 3.1415, 0.0168,-0.0638, 4.1674
 0.1675, 0.0000, 3.1648, 3.1415, 0.0458,-0.0127, 2.8723
 0.1682, 0.0000, 3.1648, 3.1415, 0.0637,-0.0025, 3.3155
 0.1691, 0.0000, 3.1681, 3.1415, 0.0855, 0.2654,-4.6799
 0.1697, 0.0000, 3.1681, 3.1415, 0.0656, 0.0530,-0.5597
 0.1701, 0.0000, 3.1681, 3.1415, 0.0434, 0.0106, 0.6508
 0.1706, 0.0000, 3.1681, 3.1415, 0.0511, 0.0021, 1.5912
 0.1711, 0.0000, 3.1681, 3.1415, 0.0466, 0.0004, 1.4483
 0.1716, 0.0000, 3.1681, 3.1415, 0.0517, 0.0000, 1.7756
 0.1721, 0.0000, 3.1681, 3.1415, 0.0527, 0.0000, 1.8544
 0.1729, 0.0000, 3.1715, 3.1415, 0.0711, 0.2659,-4.6799
 0.1734, 0.0000, 3.1715, 3.1415, 0.0566, 0.0531,-1.7719
 0.1737, 0.0000, 3.1715, 3.1415, 0.0355, 0.0106,-0.4984
 0.1737, 0.0000, 3.1715, 3.1415, 0.0010, 0.0021,-1.9579
 0.1736, 0.0000, 3.1681, 3.1415,-0.0058,-0.2655, 4.6799
 0.1737, 0.0000, 3.1681, 3.1415, 0.0048,-0.0531, 2.2635
 0.1737, 0.0000, 3.1648, 3.1415, 0.0070,-0.2765, 4.6799
 0.1740, 0.0000, 3.1648, 3.1415, 0.0256,-0.0553, 4.3949
 0.1745, 0.0000, 3.1648, 3.1415, 0.0415,-0.0110, 2.7517
 0.1752, 0.0000, 3.1648, 3.1415, 0.0628,-0.0022, 3.4676
 0.1759, 0.0000, 3.1681, 3.1415, 0.0671, 0.2655,-4.6799
 0.1762, 0.0000, 3.1681, 3.1415, 0.0437, 0.0531,-1.5875
 0.1765, 0.0000, 3.1681, 3.1415, 0.0330, 0.0106, 0.2656
 0.1768, 0.0000, 3.1681, 3.1415, 0.0247, 0.0021, 0.2995
 0.1769, 0.0000, 3.1681, 3.1415, 0.0170, 0.0004,-0.0322
 0.1769, 0.0000, 3.1681, 3.1415, 0.0034, 0.0000,-0.7835
 0.1768, 0.0000, 3.1648, 3.1415,-0.0114,-0.2659, 4.6799
 0.1768, 0.0000, 3.1648, 3.1415, 0.0037,-0.0531, 3.1264
 0.1772, 0.0000, 3.1648, 3.1415, 0.0250,-0.0106, 1.8801
 0.1774, 0.0000, 3.1648, 3.1415, 0.0231,-0.0021, 1.2942
 0.1776, 0.0000, 3.1648, 3.1415, 0.0228,-0.0004, 1.1827
 0.1781, 0.0000, 3.1648, 3.1415, 0.0409,-0.0000, 2.1993
 0.1786, 0.0000, 3.1648, 3.1415, 0.0506,-0.0000, 2.7584
 0.1791, 0.0000, 3.1648, 3.1415, 0.0525,-0.0000, 2.8838
 0.1797, 0.0000, 3.1648, 3.1415, 0.0529,-0.0000, 2.9222
 0.1803, 0.0000, 3.1681, 3.1415, 0.0651, 0.2659,-4.6799
 0.1809, 0.0000, 3.1681, 3.1415, 0.0554, 0.0531,-0.7850
 0.1810, 0.0000, 3.1681, 3.1415, 0.0232, 0.0106,-0.1456
 0.1809, 0.0000, 3.1681, 3.1415,-0.0014, 0.0021,-1.0471
 0.1807, 0.0000, 3.1648, 3.1415,-0.0184,-0.2655, 4.6799
 0.1807, 0.0000, 3.1648, 3.1415,-0.0036,-0.0531, 2.8226
 0.1809, 0.0000, 3.1648, 3.1415, 0.0113,-0.0106, 1.2284
 0.1810, 0.0000, 3.1648, 3.1415, 0.0144,-0.0021, 0.9133
 0.1813, 0.0000, 3.1648, 3.1415, 0.0271,-0.0004, 1.5429
 0.1817, 0.0000, 3.1648, 3.1415, 0.0357,-0.0000, 2.0208
 0.1822, 0.0000, 3.1648, 3.1415, 0.0435,-0.0000, 2.4704
 0.1827, 0.0000, 3.1648, 3.1415, 0.0511,-0.0000, 2.9162
 0.1833, 0.0000, 3.1648, 3.1415, 0.0587,-0.0000, 3.3630
 0.1841, 0.0000, 3.1681, 3.1415, 0.0784, 0.2659,-4.6799
 0.1847, 0.0000, 3.1681, 3.1415, 0.0581, 0.0531,-0.5154
 0.1850, 0.0000, 3.1715, 3.1415, 0.0358, 0.2765,-4.6799
 0.1849, 0.0000, 3.1681, 3.1415, 0.0011,-0.2106, 4.6799
 0.1850, 0.0000, 3.1681, 3.1415, 0.0123,-0.0421, 2.4103
 0.1853, 0.0000, 3.1681, 3.1415, 0.0267,-0.0084, 1.2875
 0.1856, 0.0000, 3.1681, 3.1415, 0.0235,-0.0016, 0.7262
 0.1860, 0.0000, 3.1681, 3.1415, 0.0410,-0.0003, 1.6527
 0.1866, 0.0000, 3.1681, 3.1415, 0.0567,-0.0000, 2.5383
 0.1874, 0.0000, 3.1715, 3.1415, 0.0719, 0.2659,-4.6799
 0.1877, 0.0000, 3.1715, 3.1415, 0.0386, 0.0531,-2.3385
 0.1878, 0.0000, 3.1715, 3.1415, 0.0137, 0.0106,-1.2846
 0.1878, 0.0000, 3.1715, 3.1415, 0.0027, 0.0021,-1.4163
 0.1876, 0.0000, 3.1715, 3.1415,-0.0115, 0.0004,-2.1314
 0.1872, 0.0000, 3.1681, 3.1415,-0.0326,-0.2658, 4.6799
 0.1872, 0.0000, 3.1681, 3.1415,-0.0125,-0.0531, 1.7077
 0.1874, 0.0000, 3.1681, 3.1415, 0.0156,-0.0106, 0.8562
 0.1877, 0.0000, 3.1681, 3.1415, 0.0273,-0.0021, 1.0360
 0.1880, 0.0000, 3.1681, 3.1415, 0.0297,-0.0004, 1.0797
 0.1884, 0.0000, 3.1681, 3.1415, 0.0423,-0.0000, 1.7848
 0.1890, 0.0000, 3.1715, 3.1415, 0.0509, 0.2659,-4.6799
 0.1894, 0.0000, 3.1715, 3.1415, 0.0404, 0.0531,-2.1815
 0.1894, 0.0000, 3.1715, 3.1415, 0.0141, 0.0106,-1.2110
 0.1893, 0.0000, 3.1715, 3.1415,-0.0092, 0.0021,-2.0482
 0.1891, 0.0000, 3.1715, 3.1415,-0.0200, 0.0004,-2.5638
 0.1887, 0.0000, 3.1681, 3.1415,-0.0282,-0.2658, 4.6799
 0.1887, 0.0000, 3.1681, 3.1415,-0.0117,-0.0531, 1.8049
 0.1888, 0.0000, 3.1681, 3.1415, 0.0097,-0.0106, 0.5695
 0.1890, 0.0000, 3.1681, 3.1415, 0.0140,-0.0021, 0.3264
 0.1894, 0.0000, 3.1681, 3.1415, 0.0331,-0.0004, 1.3146
 0.1898, 0.0000, 3.1715, 3.1415, 0.0430, 0.2658,-4.6799
 0.1900, 0.0000, 3.1715, 3.1415, 0.0207, 0.0531,-3.2765
 0.1899, 0.0000, 3.1715, 3.1415,-0.0019, 0.0106,-2.1035
 0.1897, 0.0000, 3.1715, 3.1415,-0.0125, 0.0021,-2.2152
 0.1894, 0.0000, 3.1681, 3.1415,-0.0328,-0.2655, 4.6799
 0.1893, 0.0000, 3.1681, 3.1415,-0.0126,-0.0531, 1.7688
 0.1895, 0.0000, 3.1681, 3.1415, 0.0156,-0.0106, 0.9221
 0.1897, 0.0000, 3.1681, 3.1415, 0.0152,-0.0021, 0.4141
 0.1898, 0.0000, 3.1681, 3.1415, 0.0151,-0.0004, 0.3163
 0.1902, 0.0000, 3.1715, 3.1415, 0.0333, 0.2658,-4.6799
 0.1904, 0.0000, 3.1715, 3.1415, 0.0248, 0.0531,-3.0291
 0.1903, 0.0000, 3.1715, 3.1415,-0.0071, 0.0106,-2.3869
 0.1901, 0.0000, 3.1715, 3.1415,-0.0135, 0.0021,-2.2622
 0.1898, 0.0000, 3.1715, 3.1415,-0.0269, 0.0004,-2.9300
 0.1893, 0.0000, 3.1681, 3.1415,-0.0478,-0.2658, 4.6799
 0.1891, 0.0000, 3.1681, 3.1415,-0.0277,-0.0531, 0.9121
 0.1892, 0.0000, 3.1681, 3.1415, 0.0065,-0.0106, 0.4006
 0.1892, 0.0000, 3.1681, 3.1415, 0.0013,-0.0021,-0.3865
 0.1892, 0.0000, 3.1681, 3.1415, 0.0002,-0.0004,-0.5439
 0.1893, 0.0000, 3.1681, 3.1415, 0.0061,-0.0000,-0.2311
 0.1891, 0.0000, 3.1681, 3.1415,-0.0169,-0.0000,-1.5441
 0.1888, 0.0000, 3.1681, 3.1415,-0.0215,-0.0000,-1.8124
 0.1886, 0.0000, 3.1681, 3.1415,-0.0225,-0.0000,-1.8718
 0.1882, 0.0000, 3.1681, 3.1415,-0.0348,-0.0000,-2.5781
 0.1878, 0.0000, 3.1648, 3.1415,-0.0372,-0.2659, 4.6799
 0.1878, 0.0000, 3.1648, 3.1415,-0.0074,-0.0531, 2.8405
 0.1879, 0.0000, 3.1648, 3.1415, 0.0045,-0.0106, 1.0676
 0.1880, 0.0000, 3.1648, 3.1415, 0.0069,-0.0021, 0.7150
 0.1883, 0.0000, 3.1681, 3.1415, 0.0256, 0.2655,-4.6799
 0.1885, 0.0000, 3.1681, 3.1415, 0.0233, 0.0531,-2.3518
 0.1884, 0.0000, 3.1681, 3.1415,-0.0013, 0.0106,-1.2986
 0.1882, 0.0000, 3.1681, 3.1415,-0.0184, 0.0021,-1.7786
 0.1880, 0.0000, 3.1681, 3.1415,-0.0218, 0.0004,-1.8804
 0.1875, 0.0000, 3.1681, 3.1415,-0.0407, 0.0000,-2.9396
 0.1871, 0.0000, 3.1681, 3.1415,-0.0445, 0.0000,-3.1629
 0.1866, 0.0000, 3.1648, 3.1415,-0.0452,-0.2659, 4.6799
 0.1864, 0.0000, 3.1648, 3.1415,-0.0272,-0.0531, 1.6787
 0.1865, 0.0000, 3.1648, 3.1415, 0.0006,-0.0106, 0.7989
 0.1867, 0.0000, 3.1648, 3.1415, 0.0183,-0.0021, 1.3136
 0.1871, 0.0000, 3.1681, 3.1415, 0.0339, 0.2655,-4.6799
 0.1872, 0.0000, 3.1681, 3.1415, 0.0189, 0.0531,-2.6405
 0.1872, 0.0000, 3.1681, 3.1415, 0.0037, 0.0106,-1.0445
 0.1871, 0.0000, 3.1681, 3.1415,-0.0113, 0.0021,-1.4141
 0.1867, 0.0000, 3.1681, 3.1415,-0.0325, 0.0004,-2.5250
 0.1863, 0.0000, 3.1681, 3.1415,-0.0368, 0.0000,-2.7567
 0.1860, 0.0000, 3.1681, 3.1415,-0.0316, 0.0000,-2.4683
 0.1855, 0.0000, 3.1681, 3.1415,-0.0487, 0.0000,-3.4513
 0.1848, 0.0000, 3.1648, 3.1415,-0.0643,-0.2659, 4.6799
 0.1845, 0.0000, 3.1648, 3.1415,-0.0371,-0.0531, 1.0622
 0.1845, 0.0000, 3.1648, 3.1415,-0.0074,-0.0106, 0.2833
 0.1845, 0.0000, 3.1648, 3.1415,-0.0014,-0.0021, 0.1275
 0.1847, 0.0000, 3.1648, 3.1415, 0.0178,-0.0004, 1.1295
 0.1852, 0.0000, 3.1681, 3.1415, 0.0399, 0.2658,-4.6799
 0.1853, 0.0000, 3.1681, 3.1415, 0.0201, 0.0531,-2.6368
 0.1851, 0.0000, 3.1715, 3.1415,-0.0141, 0.2765,-4.6799
 0.1849, 0.0000, 3.1715, 3.1415,-0.0210, 0.0553,-4.6799
 0.1843, 0.0000, 3.1681, 3.1415,-0.0527,-0.2548, 4.6799
 0.1841, 0.0000, 3.1681, 3.1415,-0.0226,-0.0509, 0.9169
 0.1843, 0.0000, 3.1681, 3.1415, 0.0075,-0.0101, 0.2770
 0.1841, 0.0000, 3.1681, 3.1415,-0.0106,-0.0020,-1.2245
 0.1840, 0.0000, 3.1715, 3.1415,-0.0081, 0.2655,-4.6799
 0.1841, 0.0000, 3.1715, 3.1415, 0.0044, 0.0531,-4.3766
 0.1836, 0.0000, 3.1715, 3.1415,-0.0415, 0.0106,-4.5373
 0.1831, 0.0000, 3.1715, 3.1415,-0.0507, 0.0021,-4.5828
 0.1822, 0.0000, 3.1681, 3.1415,-0.0768,-0.2655, 4.6799
 0.1815, 0.0000, 3.1681, 3.1415,-0.0760,-0.0531,-2.0523
 0.1808, 0.0000, 3.1648, 3.1415,-0.0697,-0.2765, 4.6799
 0.1806, 0.0000, 3.1648, 3.1415,-0.0321,-0.0553, 1.3407
 0.1803, 0.0000, 3.1648, 3.1415,-0.0246,-0.0110,-0.7936
 0.1803, 0.0000, 3.1648, 3.1415,-0.0109,-0.0022,-0.5376
 0.1802, 0.0000, 3.1681, 3.1415,-0.0082, 0.2655,-4.6799
 0.1800, 0.0000, 3.1681, 3.1415,-0.0137, 0.0531,-4.6799
 0.1793, 0.0000, 3.1681, 3.1415,-0.0573, 0.0106,-4.6799
 0.1787, 0.0000, 3.1648, 3.1415,-0.0660,-0.2638, 4.6799
 0.1783, 0.0000, 3.1648, 3.1415,-0.0435,-0.0527, 0.4800
 0.1779, 0.0000, 3.1648, 3.1415,-0.0390,-0.0105,-1.7119
 0.1776, 0.0000, 3.1648, 3.1415,-0.0320,-0.0021,-1.8156
 0.1774, 0.0000, 3.1648, 3.1415,-0.0246,-0.0004,-1.4996
 0.1771, 0.0000, 3.1648, 3.1415,-0.0291,-0.0000,-1.7865
 0.1766, 0.0000, 3.1648, 3.1415,-0.0422,-0.0000,-2.5403
 0.1761, 0.0000, 3.1648, 3.1415,-0.0508,-0.0000,-3.0469
 0.1753, 0.0000, 3.1615, 3.1415,-0.0768,-0.2659, 4.6799
 0.1747, 0.0000, 3.1615, 3.1415,-0.0578,-0.0531, 0.4060
 0.1746, 0.0000, 3.1615, 3.1415,-0.0236,-0.0106,-0.1273
 0.1745, 0.0000, 3.1615, 3.1415,-0.0108,-0.0021, 0.1063
 0.1743, 0.0000, 3.1615, 3.1415,-0.0142,-0.0004,-0.1930
 0.1743, 0.0000, 3.1648, 3.1415,-0.0089, 0.2658,-4.6799
 0.1742, 0.0000, 3.1648, 3.1415,-0.0078, 0.0531,-3.7455
 0.1738, 0.0000, 3.1648, 3.1415,-0.0318, 0.0106,-2.6606
 0.1732, 0.0000, 3.1648, 3.1415,-0.0548, 0.0021,-3.4862
 0.1727, 0.0000, 3.1648, 3.1415,-0.0534, 0.0004,-3.3223
 0.1720, 0.0000, 3.1615, 3.1415,-0.0652,-0.2658, 4.6799
 0.1715, 0.0000, 3.1615, 3.1415,-0.0554,-0.0531, 0.4331
 0.1712, 0.0000, 3.1615, 3.1415,-0.0353,-0.0106,-0.8931
 0.1709, 0.0000, 3.1615, 3.1415,-0.0252,-0.0021,-0.8217
 0.1708, 0.0000, 3.1615, 3.1415,-0.0171,-0.0004,-0.4687
 0.1706, 0.0000, 3.1615, 3.1415,-0.0155,-0.0000,-0.4020
 0.1704, 0.0000, 3.1615, 3.1415,-0.0213,-0.0000,-0.7368
 0.1701, 0.0000, 3.1615, 3.1415,-0.0285,-0.0000,-1.1539
 0.1697, 0.0000, 3.1615, 3.1415,-0.0360,-0.0000,-1.5894
 0.1693, 0.0000, 3.1615, 3.1415,-0.0375,-0.0000,-1.6860
 0.1690, 0.0000, 3.1615, 3.1415,-0.0378,-0.0000,-1.7150
 0.1685, 0.0000, 3.1615, 3.1415,-0.0439,-0.0000,-2.0747
 0.1680, 0.0000, 3.1615, 3.1415,-0.0512,-0.0000,-2.5025
 0.1675, 0.0000, 3.1615, 3.1415,-0.0466,-0.0000,-2.2571
 0.1670, 0.0000, 3.1615, 3.1415,-0.0517,-0.0000,-2.5639
 0.1662, 0.0000, 3.1582, 3.1415,-0.0709,-0.2659, 4.6799
 0.1659, 0.0000, 3.1582, 3.1415,-0.0445,-0.0531, 1.6968
 0.1657, 0.0000, 3.1582, 3.1415,-0.0210,-0.0106, 0.5629
 0.1659, 0.0000, 3.1615, 3.1415, 0.0079, 0.2638,-4.6799
 0.1657, 0.0000, 3.1615, 3.1415,-0.0105, 0.0527,-3.3219
 0.1656, 0.0000, 3.1615, 3.1415,-0.0142, 0.0105,-1.1010
 0.1653, 0.0000, 3.1615, 3.1415,-0.0210, 0.0021,-1.0050
 0.1649, 0.0000, 3.1615, 3.1415,-0.0345, 0.0004,-1.6803
 0.1644, 0.0000, 3.1615, 3.1415,-0.0493, 0.0000,-2.5137
 0.1639, 0.0000, 3.1615, 3.1415,-0.0523, 0.0000,-2.6937
 0.1632, 0.0000, 3.1615, 3.1415,-0.0650, 0.0000,-3.4319
 0.1624, 0.0000, 3.1582, 3.1415,-0.0736,-0.2659, 4.6799
 0.1620, 0.0000, 3.1582, 3.1415,-0.0511,-0.0531, 1.2027
 0.1616, 0.0000, 3.1582, 3.1415,-0.0405,-0.0106,-0.6667
 0.1613, 0.0000, 3.1582, 3.1415,-0.0323,-0.0021,-0.7057
 0.1609, 0.0000, 3.1582, 3.1415,-0.0367,-0.0004,-1.0656
 0.1606, 0.0000, 3.1582, 3.1415,-0.0376,-0.0000,-1.1472
 0.1601, 0.0000, 3.1582, 3.1415,-0.0439,-0.0000,-1.5174
 0.1595, 0.0000, 3.1548, 3.1415,-0.0572,-0.2659, 4.6799
 0.1592, 0.0000, 3.1548, 3.1415,-0.0357,-0.0531, 2.8030
 0.1592, 0.0000, 3.1548, 3.1415,-0.0071,-0.0106, 1.9607
 0.1592, 0.0000, 3.1548, 3.1415,-0.0014,-0.0021, 1.7922
 0.1593, 0.0000, 3.1582, 3.1415, 0.0118, 0.2655,-4.6799
 0.1594, 0.0000, 3.1582, 3.1415, 0.0084, 0.0531,-1.6498
 0.1593, 0.0000, 3.1615, 3.1415,-0.0104, 0.2765,-4.6799
 0.1589, 0.0000, 3.1615, 3.1415,-0.0324, 0.0553,-4.6799
 0.1583, 0.0000, 3.1582, 3.1415,-0.0549,-0.2548, 4.6799
 0.1581, 0.0000, 3.1582, 3.1415,-0.0291,-0.0509, 2.1870
 0.1579, 0.0000, 3.1582, 3.1415,-0.0179,-0.0101, 0.4636
 0.1579, 0.0000, 3.1582, 3.1415,-0.0035,-0.0020, 0.8038
 0.1580, 0.0000, 3.1615, 3.1415, 0.0053, 0.2655,-4.6799
 0.1581, 0.0000, 3.1615, 3.1415, 0.0071, 0.0531,-2.5868
 0.1580, 0.0000, 3.1615, 3.1415,-0.0046, 0.0106,-0.8032
 0.1577, 0.0000, 3.1615, 3.1415,-0.0251, 0.0021,-1.4814
 0.1573, 0.0000, 3.1615, 3.1415,-0.0353, 0.0004,-1.9691
 0.1567, 0.0000, 3.1615, 3.1415,-0.0555, 0.0000,-3.1093
 0.1560, 0.0000, 3.1615, 3.1415,-0.0656, 0.0000,-3.6971
 0.1552, 0.0000, 3.1582, 3.1415,-0.0798,-0.2659, 4.6799
 0.1546, 0.0000, 3.1582, 3.1415,-0.0584,-0.0531, 0.5585
 0.1542, 0.0000, 3.1548, 3.1415,-0.0480,-0.2765, 4.6799
 0.1541, 0.0000, 3.1548, 3.1415,-0.0156,-0.0553, 3.8952
 0.1543, 0.0000, 3.1582, 3.1415, 0.0150, 0.2548,-4.6799
 0.1545, 0.0000, 3.1582, 3.1415, 0.0151, 0.0509,-1.3045
 0.1543, 0.0000, 3.1615, 3.1415,-0.0090, 0.2761,-4.6799
 0.1541, 0.0000, 3.1615, 3.1415,-0.0200, 0.0552,-4.3645
 0.1537, 0.0000, 3.1615, 3.1415,-0.0403, 0.0110,-2.9801
 0.1530, 0.0000, 3.1582, 3.1415,-0.0565,-0.2637, 4.6799
 0.1527, 0.0000, 3.1582, 3.1415,-0.0416,-0.0527, 1.4170
 0.1526, 0.0000, 3.1582, 3.1415,-0.0143,-0.0105, 0.5179
 0.1527, 0.0000, 3.1582, 3.1415, 0.0031,-0.0021, 1.0249
 0.1527, 0.0000, 3.1582, 3.1415, 0.0066,-0.0004, 1.1282
 0.1530, 0.0000, 3.1615, 3.1415, 0.0195, 0.2658,-4.6799
 0.1531, 0.0000, 3.1615, 3.1415, 0.0160, 0.0531,-2.2442
 0.1530, 0.0000, 3.1615, 3.1415,-0.0089, 0.0106,-1.2035
 0.1527, 0.0000, 3.1615, 3.1415,-0.0260, 0.0021,-1.6879
 0.1524, 0.0000, 3.1615, 3.1415,-0.0294, 0.0004,-1.7925
 0.1520, 0.0000, 3.1615, 3.1415,-0.0362, 0.0000,-2.1655
 0.1515, 0.0000, 3.1615, 3.1415,-0.0436, 0.0000,-2.5940
 0.1509, 0.0000, 3.1615, 3.1415,-0.0572, 0.0000,-3.3799
 0.1503, 0.0000, 3.1582, 3.1415,-0.0599,-0.2659, 4.6799
 0.1501, 0.0000, 3.1582, 3.1415,-0.0301,-0.0531, 2.0070
 0.1500, 0.0000, 3.1582, 3.1415,-0.0120,-0.0106, 0.5708
 0.1501, 0.0000, 3.1582, 3.1415, 0.0036,-0.0021, 0.9703
 0.1503, 0.0000, 3.1615, 3.1415, 0.0189, 0.2655,-4.6799
 0.1504, 0.0000, 3.1615, 3.1415, 0.0098, 0.0531,-2.6754
 0.1503, 0.0000, 3.1615, 3.1415,-0.0040, 0.0106,-1.0144
 0.1500, 0.0000, 3.1615, 3.1415,-0.0250, 0.0021,-1.7172
 0.1496, 0.0000, 3.1615, 3.1415,-0.0353, 0.0004,-2.2098
 0.1493, 0.0000, 3.1615, 3.1415,-0.0373, 0.0000,-2.3178
 0.1488, 0.0000, 3.1615, 3.1415,-0.0438, 0.0000,-2.6934
 0.1484, 0.0000, 3.1582, 3.1415,-0.0451,-0.2659, 4.6799
 0.1481, 0.0000, 3.1582, 3.1415,-0.0272,-0.0531, 2.1117
 0.1482, 0.0000, 3.1582, 3.1415, 0.0006,-0.0106, 1.2306
 0.1484, 0.0000, 3.1582, 3.1415, 0.0122,-0.0021, 1.4007
 0.1486, 0.0000, 3.1615, 3.1415, 0.0206, 0.2655,-4.6799
 0.1487, 0.0000, 3.1615, 3.1415, 0.0162, 0.0531,-2.3667
 0.1487, 0.0000, 3.1648, 3.1415,-0.0028, 0.2765,-4.6799
 0.1484, 0.0000, 3.1648, 3.1415,-0.0248, 0.0553,-4.6799
 0.1479, 0.0000, 3.1648, 3.1415,-0.0413, 0.0110,-4.0377
 0.1472, 0.0000, 3.1615, 3.1415,-0.0628,-0.2637, 4.6799
 0.1469, 0.0000, 3.1615, 3.1415,-0.0368,-0.0527, 0.6857
 0.1468, 0.0000, 3.1615, 3.1415,-0.0134,-0.0105,-0.4302
 0.1468, 0.0000, 3.1615, 3.1415,-0.0087,-0.0021,-0.6554
 0.1466, 0.0000, 3.1615, 3.1415,-0.0138,-0.0004,-1.0467
 0.1466, 0.0000, 3.1615, 3.1415,-0.0027,-0.0000,-0.4400
 0.1465, 0.0000, 3.1615, 3.1415,-0.0126,-0.0000,-1.0075
 0.1462, 0.0000, 3.1615, 3.1415,-0.0267,-0.0000,-1.8135
 0.1458, 0.0000, 3.1615, 3.1415,-0.0356,-0.0000,-2.3268
 0.1454, 0.0000, 3.1615, 3.1415,-0.0374,-0.0000,-2.4389
 0.1448, 0.0000, 3.1582, 3.1415,-0.0559,-0.2659, 4.6799
 0.1445, 0.0000, 3.1582, 3.1415,-0.0354,-0.0531, 1.5325
 0.1444, 0.0000, 3.1582, 3.1415,-0.0131,-0.0106, 0.3341
 0.1446, 0.0000, 3.1582, 3.1415, 0.0094,-0.0021, 1.1255
 0.1448, 0.0000, 3.1615, 3.1415, 0.0200, 0.2655,-4.6799
 0.1449, 0.0000, 3.1615, 3.1415, 0.0100, 0.0531,-2.8371
 0.1447, 0.0000, 3.1615, 3.1415,-0.0101, 0.0106,-1.5309
 0.1443, 0.0000, 3.1615, 3.1415,-0.0323, 0.0021,-2.3067
 0.1439, 0.0000, 3.1615, 3.1415,-0.0428, 0.0004,-2.8157
 0.1433, 0.0000, 3.1615, 3.1415,-0.0510, 0.0000,-3.2734
 0.1426, 0.0000, 3.1582, 3.1415,-0.0708,-0.2659, 4.6799
 0.1421, 0.0000, 3.1548, 3.1415,-0.0505,-0.3191, 4.6799
 0.1420, 0.0000, 3.1548, 3.1415,-0.0222,-0.0638, 3.6327
 0.1421, 0.0000, 3.1548, 3.1415, 0.0076,-0.0127, 2.3804
 0.1424, 0.0000, 3.1582, 3.1415, 0.0257, 0.2634,-4.6799
 0.1424, 0.0000, 3.1582, 3.1415, 0.0051, 0.0526,-2.3463
 0.1423, 0.0000, 3.1582, 3.1415,-0.0110, 0.0105,-0.8377
 0.1421, 0.0000, 3.1582, 3.1415,-0.0204, 0.0021,-0.8842
 0.1416, 0.0000, 3.1582, 3.1415,-0.0404, 0.0004,-1.9323
 0.1411, 0.0000, 3.1582, 3.1415,-0.0505, 0.0000,-2.4978
 0.1405, 0.0000, 3.1548, 3.1415,-0.0586,-0.2659, 4.6799
 0.1402, 0.0000, 3.1548, 3.1415,-0.0359,-0.0531, 2.1867
 0.1400, 0.0000, 3.1548, 3.1415,-0.0193,-0.0106, 0.6677
 0.1400, 0.0000, 3.1548, 3.1415,-0.0038,-0.0021, 1.0488
 0.1402, 0.0000, 3.1548, 3.1415, 0.0113,-0.0004, 1.8138
 0.1405, 0.0000, 3.1548, 3.1415, 0.0325,-0.0000, 3.0037
 0.1410, 0.0000, 3.1582, 3.1415, 0.0428, 0.2659,-4.6799
 0.1411, 0.0000, 3.1582, 3.1415, 0.0146, 0.0531,-1.8837
 0.1410, 0.0000, 3.1582, 3.1415,-0.0031, 0.0106,-0.4353
 0.1408, 0.0000, 3.1582, 3.1415,-0.0127, 0.0021,-0.4919
 0.1405, 0.0000, 3.1582, 3.1415,-0.0268, 0.0004,-1.1958
 0.1401, 0.0000, 3.1582, 3.1415,-0.0417, 0.0000,-2.0330
 0.1395, 0.0000, 3.1548, 3.1415,-0.0568,-0.2659, 4.6799
 0.1393, 0.0000, 3.1548, 3.1415,-0.0295,-0.0531, 2.5198
 0.1393, 0.0000, 3.1548, 3.1415, 0.0001,-0.0106, 1.7444
 0.1394, 0.0000, 3.1548, 3.1415, 0.0060,-0.0021, 1.5914
 0.1396, 0.0000, 3.1548, 3.1415, 0.0133,-0.0004, 1.9069
 0.1399, 0.0000, 3.1548, 3.1415, 0.0269,-0.0000, 2.6626
 0.1403, 0.0000, 3.1582, 3.1415, 0.0417, 0.2659,-4.6799
 0.1404, 0.0000, 3.1582, 3.1415, 0.0144, 0.0531,-1.9180
 0.1402, 0.0000, 3.1582, 3.1415,-0.0092, 0.0106,-0.8038
 0.1400, 0.0000, 3.1582, 3.1415,-0.0200, 0.0021,-0.9291
 0.1398, 0.0000, 3.1582, 3.1415,-0.0221, 0.0004,-0.9600
 0.1394, 0.0000, 3.1548, 3.1415,-0.0347,-0.2658, 4.6799
 0.1392, 0.0000, 3.1548, 3.1415,-0.0251,-0.0531, 2.7659
 0.1393, 0.0000, 3.1548, 3.1415, 0.0010,-0.0106, 1.7917
 0.1396, 0.0000, 3.1548, 3.1415, 0.0244,-0.0021, 2.6319
 0.1398, 0.0000, 3.1548, 3.1415, 0.0230,-0.0004, 2.4633
 0.1402, 0.0000, 3.1582, 3.1415, 0.0409, 0.2658,-4.6799
 0.1404, 0.0000, 3.1582, 3.1415, 0.0203, 0.0531,-1.5840
 0.1405, 0.0000, 3.1582, 3.1415, 0.0101, 0.0106, 0.2960
 0.1405, 0.0000, 3.1582, 3.1415, 0.0020, 0.0021, 0.3296
 0.1405, 0.0000, 3.1582, 3.1415, 0.0004, 0.0004, 0.3363
 0.1405, 0.0000, 3.1582, 3.1415, 0.0000, 0.0000, 0.3377
 0.1405, 0.0000, 3.1582, 3.1415, 0.0000, 0.0000, 0.3379
 0.1408, 0.0000, 3.1582, 3.1415, 0.0242, 0.0000, 1.7154
 0.1411, 0.0000, 3.1582, 3.1415, 0.0291, 0.0000, 1.9987
 0.1414, 0.0000, 3.1615, 3.1415, 0.0300, 0.2659,-4.6799
 0.1414, 0.0000, 3.1615, 3.1415, 0.0060, 0.0531,-3.1815
 0.1413, 0.0000, 3.1615, 3.1415,-0.0048, 0.0106,-1.3436
 0.1410, 0.0000, 3.1615, 3.1415,-0.0252, 0.0021,-2.0111
 0.1405, 0.0000, 3.1582, 3.1415,-0.0474,-0.2655, 4.6799
 0.1402, 0.0000, 3.1548, 3.1415,-0.0337,-0.3190, 4.6799
 0.1402, 0.0000, 3.1548, 3.1415,-0.0067,-0.0638, 4.4477
 0.1403, 0.0000, 3.1548, 3.1415, 0.0107,-0.0127, 2.4974
 0.1407, 0.0000, 3.1548, 3.1415, 0.0324,-0.0025, 3.1443
 0.1412, 0.0000, 3.1582, 3.1415, 0.0428, 0.2654,-4.6799
 0.1415, 0.0000, 3.1582, 3.1415, 0.0328, 0.0530,-0.8404
 0.1414, 0.0000, 3.1582, 3.1415, 0.0005, 0.0106,-0.2170
 0.1412, 0.0000, 3.1582, 3.1415,-0.0120, 0.0021,-0.4387
 0.1409, 0.0000, 3.1582, 3.1415,-0.0266, 0.0004,-1.1756
 0.1405, 0.0000, 3.1548, 3.1415,-0.0356,-0.2658, 4.6799
 0.1403, 0.0000, 3.1548, 3.1415,-0.0253,-0.0531, 2.7917
 0.1405, 0.0000, 3.1548, 3.1415, 0.0070,-0.0106, 2.1701
 0.1406, 0.0000, 3.1548, 3.1415, 0.0135,-0.0021, 2.0496
 0.1408, 0.0000, 3.1548, 3.1415, 0.0148,-0.0004, 2.0292
 0.1411, 0.0000, 3.1548, 3.1415, 0.0272,-0.0000, 2.7178
 0.1416, 0.0000, 3.1548, 3.1415, 0.0478,-0.0000, 3.8963
 0.1422, 0.0000, 3.1582, 3.1415, 0.0580, 0.2659,-4.6799
 0.1424, 0.0000, 3.1582, 3.1415, 0.0298, 0.0531,-0.9855
 0.1425, 0.0000, 3.1582, 3.1415, 0.0120, 0.0106, 0.4675
 0.1427, 0.0000, 3.1582, 3.1415, 0.0145, 0.0021, 1.1043
 0.1427, 0.0000, 3.1582, 3.1415, 0.0089, 0.0004, 0.8912
 0.1427, 0.0000, 3.1582, 3.1415, 0.0017, 0.0000, 0.5061
 0.1429, 0.0000, 3.1582, 3.1415, 0.0124, 0.0000, 1.1178
 0.1433, 0.0000, 3.1582, 3.1415, 0.0328, 0.0000, 2.2771
 0.1438, 0.0000, 3.1615, 3.1415, 0.0490, 0.2659,-4.6799
 0.1440, 0.0000, 3.1615, 3.1415, 0.0279, 0.0531,-1.8582
 0.1440, 0.0000, 3.1615, 3.1415,-0.0004, 0.0106,-1.0118
 0.1437, 0.0000, 3.1582, 3.1415,-0.0182,-0.2638, 4.6799
 0.1438, 0.0000, 3.1582, 3.1415, 0.0024,-0.0527, 3.6216
 0.1440, 0.0000, 3.1582, 3.1415, 0.0186,-0.0105, 2.1121
 0.1442, 0.0000, 3.1582, 3.1415, 0.0158,-0.0021, 1.4716
 0.1446, 0.0000, 3.1582, 3.1415, 0.0334,-0.0004, 2.3804
 0.1452, 0.0000, 3.1582, 3.1415, 0.0612,-0.0000, 3.9493
 0.1461, 0.0000, 3.1615, 3.1415, 0.0789, 0.2659,-4.6799
 0.1464, 0.0000, 3.1648, 3.1415, 0.0400, 0.3191,-4.6799
 0.1465, 0.0000, 3.1648, 3.1415, 0.0140, 0.0638,-4.0002
 0.1464, 0.0000, 3.1648, 3.1415,-0.0032, 0.0127,-2.0353
 0.1462, 0.0000, 3.1615, 3.1415,-0.0188,-0.2633, 4.6799
 0.1461, 0.0000, 3.1582, 3.1415,-0.0098,-0.3186, 4.6799
 0.1461, 0.0000, 3.1582, 3.1415,-0.0019,-0.0637, 4.0789
 0.1465, 0.0000, 3.1582, 3.1415, 0.0359,-0.0127, 3.2942
 0.1473, 0.0000, 3.1615, 3.1415, 0.0678, 0.2634,-4.6799
 0.1477, 0.0000, 3.1615, 3.1415, 0.0438, 0.0526,-0.8175
 0.1477, 0.0000, 3.1615, 3.1415, 0.0148, 0.0105,-0.0230
 0.1478, 0.0000, 3.1615, 3.1415, 0.0090, 0.0021, 0.1377
 0.1479, 0.0000, 3.1615, 3.1415, 0.0078, 0.0004, 0.1718
 0.1479, 0.0000, 3.1615, 3.1415, 0.0015, 0.0000,-0.1638
 0.1478, 0.0000, 3.1615, 3.1415,-0.0057, 0.0000,-0.5752
 0.1478, 0.0000, 3.1615, 3.1415,-0.0011, 0.0000,-0.3151
 0.1477, 0.0000, 3.1582, 3.1415,-0.0062,-0.2659, 4.6799
 0.1478, 0.0000, 3.1582, 3.1415, 0.0048,-0.0531, 3.9084
 0.1480, 0.0000, 3.1582, 3.1415, 0.0191,-0.0106, 2.2710
 0.1484, 0.0000, 3.1582, 3.1415, 0.0341,-0.0021, 2.6380
 0.1490, 0.0000, 3.1615, 3.1415, 0.0553, 0.2655,-4.6799
 0.1495, 0.0000, 3.1615, 3.1415, 0.0474, 0.0531,-0.5835
 0.1497, 0.0000, 3.1615, 3.1415, 0.0276, 0.0106, 0.7584
 0.1499, 0.0000, 3.1615, 3.1415, 0.0237, 0.0021, 1.0326
 0.1501, 0.0000, 3.1615, 3.1415, 0.0168, 0.0004, 0.7487
 0.1503, 0.0000, 3.1615, 3.1415, 0.0215, 0.0000, 1.0402
 0.1505, 0.0000, 3.1615, 3.1415, 0.0225, 0.0000, 1.1042
 0.1509, 0.0000, 3.1615, 3.1415, 0.0348, 0.0000, 1.8116
 0.1515, 0.0000, 3.1648, 3.1415, 0.0494, 0.2659,-4.6799
 0.1518, 0.0000, 3.1648, 3.1415, 0.0341, 0.0531,-2.0876
 0.1518, 0.0000, 3.1648, 3.1415, 0.0128, 0.0106,-0.8299
 0.1517, 0.0000, 3.1648, 3.1415,-0.0095, 0.0021,-1.6096
 0.1515, 0.0000, 3.1615, 3.1415,-0.0200,-0.2655, 4.6799
 0.1514, 0.0000, 3.1615, 3.1415,-0.0100,-0.0531, 2.3557
 0.1515, 0.0000, 3.1615, 3.1415, 0.0101,-0.0106, 1.0497
 0.1518, 0.0000, 3.1615, 3.1415, 0.0202,-0.0021, 1.1368
 0.1521, 0.0000, 3.1615, 3.1415, 0.0343,-0.0004, 1.8487
 0.1527, 0.0000, 3.1615, 3.1415, 0.0553,-0.0000, 3.0337
 0.1534, 0.0000, 3.1615, 3.1415, 0.0656,-0.0000, 3.6305
 0.1542, 0.0000, 3.1648, 3.1415, 0.0737, 0.2659,-4.6799
 0.1547, 0.0000, 3.1681, 3.1415, 0.0571, 0.3191,-4.6799
 0.1550, 0.0000, 3.1681, 3.1415, 0.0356, 0.0638,-3.3308
 0.1550, 0.0000, 3.1681, 3.1415, 0.0071, 0.0127,-1.9969
 0.1547, 0.0000, 3.1648, 3.1415,-0.0228,-0.2634, 4.6799
 0.1546, 0.0000, 3.1648, 3.1415,-0.0106,-0.0526, 1.5831
 0.1548, 0.0000, 3.1648, 3.1415, 0.0100,-0.0105, 0.3213
 0.1550, 0.0000, 3.1648, 3.1415, 0.0201,-0.0021, 0.4172
 0.1552, 0.0000, 3.1648, 3.1415, 0.0161,-0.0004, 0.0977
 0.1553, 0.0000, 3.1648, 3.1415, 0.0153,-0.0000, 0.0376
 0.1556, 0.0000, 3.1648, 3.1415, 0.0273,-0.0000, 0.7182
 0.1559, 0.0000, 3.1648, 3.1415, 0.0297,-0.0000, 0.8620
 0.1562, 0.0000, 3.1648, 3.1415, 0.0241,-0.0000, 0.5541
 0.1565, 0.0000, 3.1648, 3.1415, 0.0290,-0.0000, 0.8426
 0.1569, 0.0000, 3.1648, 3.1415, 0.0421,-0.0000, 1.5967
 0.1573, 0.0000, 3.1681, 3.1415, 0.0387, 0.2659,-4.6799
 0.1574, 0.0000, 3.1681, 3.1415, 0.0138, 0.0531,-3.8771
 0.1573, 0.0000, 3.1681, 3.1415,-0.0033, 0.0106,-2.3912
 0.1571, 0.0000, 3.1648, 3.1415,-0.0188,-0.2638, 4.6799
 0.1570, 0.0000, 3.1648, 3.1415,-0.0098,-0.0527, 1.7071
 0.1570, 0.0000, 3.1648, 3.1415,-0.0019,-0.0105,-0.2831
 0.1571, 0.0000, 3.1648, 3.1415, 0.0056,-0.0021,-0.3368
 0.1570, 0.0000, 3.1648, 3.1415,-0.0049,-0.0004,-1.0344
 0.1569, 0.0000, 3.1615, 3.1415,-0.0070,-0.2660, 4.6799
 0.1569, 0.0000, 3.1615, 3.1415,-0.0014,-0.0532, 3.0255
 0.1571, 0.0000, 3.1615, 3.1415, 0.0118,-0.0106, 1.3236
 0.1572, 0.0000, 3.1615, 3.1415, 0.0144,-0.0021, 0.9871
 0.1575, 0.0000, 3.1615, 3.1415, 0.0271,-0.0004, 1.6123
 0.1580, 0.0000, 3.1615, 3.1415, 0.0418,-0.0000, 2.4338
 0.1584, 0.0000, 3.1648, 3.1415, 0.0447, 0.2659,-4.6799
 0.1585, 0.0000, 3.1648, 3.1415, 0.0150, 0.0531,-2.9528
 0.1584, 0.0000, 3.1648, 3.1415,-0.0030, 0.0106,-1.5211
 0.1583, 0.0000, 3.1648, 3.1415,-0.0127, 0.0021,-1.5811
 0.1580, 0.0000, 3.1615, 3.1415,-0.0268,-0.2655, 4.6799
 0.1577, 0.0000, 3.1615, 3.1415,-0.0235,-0.0531, 1.7973
 0.1578, 0.0000, 3.1615, 3.1415, 0.0013,-0.0106, 0.7547
 0.1581, 0.0000, 3.1615, 3.1415, 0.0245,-0.0021, 1.5812
 0.1583, 0.0000, 3.1615, 3.1415, 0.0170,-0.0004, 1.0654
 0.1585, 0.0000, 3.1615, 3.1415, 0.0215,-0.0000, 1.3105
 0.1588, 0.0000, 3.1615, 3.1415, 0.0285,-0.0000, 1.7096
 0.1592, 0.0000, 3.1615, 3.1415, 0.0360,-0.0000, 2.1414
 0.1596, 0.0000, 3.1615, 3.1415, 0.0375,-0.0000, 2.2374
 0.1600, 0.0000, 3.1648, 3.1415, 0.0438, 0.2659,-4.6799
 0.1603, 0.0000, 3.1648, 3.1415, 0.0269, 0.0531,-2.2236
 0.1603, 0.0000, 3.1648, 3.1415, 0.0053, 0.0106,-0.9869
 0.1600, 0.0000, 3.1648, 3.1415,-0.0171, 0.0021,-1.7727
 0.1597, 0.0000, 3.1615, 3.1415,-0.0276,-0.2655, 4.6799
 0.1596, 0.0000, 3.1615, 3.1415,-0.0176,-0.0531, 2.1868
 0.1596, 0.0000, 3.1615, 3.1415,-0.0035,-0.0106, 0.5342
 0.1598, 0.0000, 3.1615, 3.1415, 0.0174,-0.0021, 1.2368
 0.1601, 0.0000, 3.1615, 3.1415, 0.0277,-0.0004, 1.7274
 0.1604, 0.0000, 3.1615, 3.1415, 0.0298,-0.0000, 1.8332
 0.1607, 0.0000, 3.1615, 3.1415, 0.0302,-0.0000, 1.8621
 0.1610, 0.0000, 3.1615, 3.1415, 0.0302,-0.0000, 1.8755
 0.1615, 0.0000, 3.1615, 3.1415, 0.0424,-0.0000, 2.5746
 0.1619, 0.0000, 3.1648, 3.1415, 0.0448, 0.2659,-4.6799
 0.1621, 0.0000, 3.1648, 3.1415, 0.0271, 0.0531,-2.1526
 0.1621, 0.0000, 3.1648, 3.1415, 0.0054, 0.0106,-0.9248
 0.1619, 0.0000, 3.1648, 3.1415,-0.0171, 0.0021,-1.7123
 0.1616, 0.0000, 3.1615, 3.1415,-0.0276,-0.2655, 4.6799
 0.1615, 0.0000, 3.1615, 3.1415,-0.0176,-0.0531, 2.2468
 0.1615, 0.0000, 3.1615, 3.1415, 0.0025,-0.0106, 0.9385
 0.1617, 0.0000, 3.1615, 3.1415, 0.0126,-0.0021, 1.0231
 0.1621, 0.0000, 3.1615, 3.1415, 0.0328,-0.0004, 2.0769
 0.1624, 0.0000, 3.1615, 3.1415, 0.0368,-0.0000, 2.2973
 0.1629, 0.0000, 3.1615, 3.1415, 0.0437,-0.0000, 2.6953
 0.1635, 0.0000, 3.1648, 3.1415, 0.0572, 0.2659,-4.6799
 0.1637, 0.0000, 3.1648, 3.1415, 0.0296, 0.0531,-1.9625
 0.1638, 0.0000, 3.1648, 3.1415, 0.0119, 0.0106,-0.5021
 0.1637, 0.0000, 3.1648, 3.1415,-0.0097, 0.0021,-1.2413
 0.1634, 0.0000, 3.1648, 3.1415,-0.0201, 0.0004,-1.7373
 0.1631, 0.0000, 3.1615, 3.1415,-0.0343,-0.2658, 4.6799
 0.1630, 0.0000, 3.1615, 3.1415,-0.0129,-0.0531, 2.5653
 0.1631, 0.0000, 3.1615, 3.1415, 0.0095,-0.0106, 1.3849
 0.1633, 0.0000, 3.1615, 3.1415, 0.0140,-0.0021, 1.1526
 0.1634, 0.0000, 3.1615, 3.1415, 0.0149,-0.0004, 1.1100
 0.1638, 0.0000, 3.1615, 3.1415, 0.0333,-0.0000, 2.1384
 0.1643, 0.0000, 3.1615, 3.1415, 0.0491,-0.0000, 3.0424
 0.1649, 0.0000, 3.1648, 3.1415, 0.0522, 0.2659,-4.6799
 0.1651, 0.0000, 3.1648, 3.1415, 0.0286, 0.0531,-1.9758
 0.1653, 0.0000, 3.1648, 3.1415, 0.0178, 0.0106,-0.1259
 0.1651, 0.0000, 3.1648, 3.1415,-0.0085, 0.0021,-1.1297
 0.1649, 0.0000, 3.1648, 3.1415,-0.0199, 0.0004,-1.6786
 0.1646, 0.0000, 3.1615, 3.1415,-0.0282,-0.2658, 4.6799
 0.1644, 0.0000, 3.1615, 3.1415,-0.0177,-0.0531, 2.3378
 0.1646, 0.0000, 3.1615, 3.1415, 0.0085,-0.0106, 1.3758
 0.1649, 0.0000, 3.1615, 3.1415, 0.0320,-0.0021, 2.2203
 0.1653, 0.0000, 3.1615, 3.1415, 0.0367,-0.0004, 2.3988
 0.1659, 0.0000, 3.1615, 3.1415, 0.0497,-0.0000, 3.1328
 0.1666, 0.0000, 3.1648, 3.1415, 0.0705, 0.2659,-4.6799
 0.1670, 0.0000, 3.1648, 3.1415, 0.0444, 0.0531,-1.0250
 0.1671, 0.0000, 3.1681, 3.1415, 0.0210, 0.2765,-4.6799
 0.1671, 0.0000, 3.1681, 3.1415, 0.0042, 0.0553,-4.2329
 0.1668, 0.0000, 3.1648, 3.1415,-0.0234,-0.2548, 4.6799
 0.1668, 0.0000, 3.1648, 3.1415,-0.0046,-0.0509, 2.2059
 0.1670, 0.0000, 3.1648, 3.1415, 0.0111,-0.0101, 0.7544
 0.1671, 0.0000, 3.1648, 3.1415, 0.0083,-0.0020, 0.1235
 0.1673, 0.0000, 3.1648, 3.1415, 0.0198,-0.0004, 0.6880
 0.1678, 0.0000, 3.1648, 3.1415, 0.0464,-0.0000, 2.1841
 0.1684, 0.0000, 3.1681, 3.1415, 0.0517, 0.2659,-4.6799
 0.1685, 0.0000, 3.1681, 3.1415, 0.0224, 0.0531,-3.0366
 0.1686, 0.0000, 3.1681, 3.1415, 0.0105, 0.0106,-1.2526
 0.1685, 0.0000, 3.1681, 3.1415,-0.0039, 0.0021,-1.5827
 0.1681, 0.0000, 3.1681, 3.1415,-0.0311, 0.0004,-3.0281
 0.1677, 0.0000, 3.1648, 3.1415,-0.0426,-0.2658, 4.6799
 0.1676, 0.0000, 3.1648, 3.1415,-0.0145,-0.0531, 1.7980
 0.1678, 0.0000, 3.1648, 3.1415, 0.0092,-0.0106, 0.6920
 0.1679, 0.0000, 3.1648, 3.1415, 0.0139,-0.0021, 0.4746
 0.1683, 0.0000, 3.1648, 3.1415, 0.0331,-0.0004, 1.4680
 0.1688, 0.0000, 3.1648, 3.1415, 0.0490,-0.0000, 2.3651
 0.1693, 0.0000, 3.1681, 3.1415, 0.0461, 0.2659,-4.6799
 0.1695, 0.0000, 3.1681, 3.1415, 0.0274, 0.0531,-2.7259
 0.1696, 0.0000, 3.1681, 3.1415, 0.0115, 0.0106,-1.1656
 0.1693, 0.0000, 3.1681, 3.1415,-0.0158, 0.0021,-2.2291
 0.1691, 0.0000, 3.1681, 3.1415,-0.0213, 0.0004,-2.4476
 0.1690, 0.0000, 3.1681, 3.1415,-0.0164, 0.0000,-2.1527
 0.1685, 0.0000, 3.1648, 3.1415,-0.0396,-0.2659, 4.6799
 0.1683, 0.0000, 3.1648, 3.1415,-0.0261,-0.0531, 1.1696
 0.1684, 0.0000, 3.1648, 3.1415, 0.0069,-0.0106, 0.5835
 0.1687, 0.0000, 3.1648, 3.1415, 0.0256,-0.0021, 1.1588
 0.1690, 0.0000, 3.1648, 3.1415, 0.0233,-0.0004, 0.9372
 0.1693, 0.0000, 3.1681, 3.1415, 0.0349, 0.2658,-4.6799
 0.1696, 0.0000, 3.1681, 3.1415, 0.0312, 0.0531,-2.5048
 0.1697, 0.0000, 3.1681, 3.1415, 0.0123, 0.0106,-1.1176
 0.1694, 0.0000, 3.1681, 3.1415,-0.0217, 0.0021,-2.5600
 0.1691, 0.0000, 3.1681, 3.1415,-0.0286, 0.0004,-2.8562
 0.1688, 0.0000, 3.1648, 3.1415,-0.0299,-0.2658, 4.6799
 0.1687, 0.0000, 3.1648, 3.1415,-0.0120,-0.0531, 1.9764
 0.1688, 0.0000, 3.1648, 3.1415, 0.0036,-0.0106, 0.4120
 0.1690, 0.0000, 3.1648, 3.1415, 0.0189,-0.0021, 0.7897
 0.1694, 0.0000, 3.1681, 3.1415, 0.0341, 0.2655,-4.6799
 0.1696, 0.0000, 3.1681, 3.1415, 0.0189, 0.0531,-3.1971
 0.1695, 0.0000, 3.1681, 3.1415,-0.0022, 0.0106,-1.9467
 0.1693, 0.0000, 3.1681, 3.1415,-0.0186, 0.0021,-2.3873
 0.1690, 0.0000, 3.1681, 3.1415,-0.0279, 0.0004,-2.8255
 0.1685, 0.0000, 3.1648, 3.1415,-0.0419,-0.2658, 4.6799
 0.1684, 0.0000, 3.1648, 3.1415,-0.0205,-0.0531, 1.4871
 0.1685, 0.0000, 3.1648, 3.1415, 0.0080,-0.0106, 0.6489
 0.1686, 0.0000, 3.1648, 3.1415, 0.0076,-0.0021, 0.1408
 0.1687, 0.0000, 3.1648, 3.1415, 0.0136,-0.0004, 0.3854
 0.1691, 0.0000, 3.1681, 3.1415, 0.0330, 0.2658,-4.6799
 0.1693, 0.0000, 3.1681, 3.1415, 0.0247, 0.0531,-2.8782
 0.1692, 0.0000, 3.1681, 3.1415,-0.0071, 0.0106,-2.2330
 0.1690, 0.0000, 3.1681, 3.1415,-0.0196, 0.0021,-2.4522
 0.1687, 0.0000, 3.1681, 3.1415,-0.0221, 0.0004,-2.5018
 0.1682, 0.0000, 3.1681, 3.1415,-0.0468, 0.0000,-3.8949
 0.1677, 0.0000, 3.1648, 3.1415,-0.0518,-0.2659, 4.6799
 0.1675, 0.0000, 3.1648, 3.1415,-0.0224,-0.0531, 1.3505
 0.1675, 0.0000, 3.1648, 3.1415,-0.0044,-0.0106,-0.0881
 0.1675, 0.0000, 3.1648, 3.1415,-0.0008,-0.0021,-0.3759
 0.1675, 0.0000, 3.1648, 3.1415,-0.0062,-0.0004,-0.7777
 0.1675, 0.0000, 3.1648, 3.1415, 0.0048,-0.0000,-0.1713
 0.1673, 0.0000, 3.1648, 3.1415,-0.0172,-0.0000,-1.4256
 0.1671, 0.0000, 3.1648, 3.1415,-0.0216,-0.0000,-1.6822
 0.1667, 0.0000, 3.1648, 3.1415,-0.0346,-0.0000,-2.4280
 0.1663, 0.0000, 3.1648, 3.1415,-0.0372,-0.0000,-2.5868
 0.1659, 0.0000, 3.1615, 3.1415,-0.0438,-0.2659, 4.6799
 0.1659, 0.0000, 3.1615, 3.1415,-0.0087,-0.0531, 2.8923
 0.1660, 0.0000, 3.1615, 3.1415, 0.0103,-0.0106, 1.5231
 0.1661, 0.0000, 3.1615, 3.1415, 0.0081,-0.0021, 0.9087
 0.1664, 0.0000, 3.1648, 3.1415, 0.0258, 0.2655,-4.6799
 0.1668, 0.0000, 3.1648, 3.1415, 0.0354, 0.0531,-1.5318
 0.1668, 0.0000, 3.1681, 3.1415, 0.0070, 0.2765,-4.6799
 0.1665, 0.0000, 3.1681, 3.1415,-0.0167, 0.0553,-4.6799
 0.1662, 0.0000, 3.1681, 3.1415,-0.0336, 0.0110,-3.8484
 0.1656, 0.0000, 3.1648, 3.1415,-0.0552,-0.2637, 4.6799
 0.1651, 0.0000, 3.1648, 3.1415,-0.0474,-0.0527,-0.1578
 0.1646, 0.0000, 3.1615, 3.1415,-0.0458,-0.2764, 4.6799
 0.1646, 0.0000, 3.1615, 3.1415,-0.0152,-0.0552, 2.6083
 0.1648, 0.0000, 3.1615, 3.1415, 0.0151,-0.0110, 1.7781
 0.1651, 0.0000, 3.1648, 3.1415, 0.0272, 0.2637,-4.6799
 0.1653, 0.0000, 3.1648, 3.1415, 0.0175, 0.0527,-2.5693
 0.1652, 0.0000, 3.1648, 3.1415,-0.0025, 0.0105,-1.2740
 0.1649, 0.0000, 3.1648, 3.1415,-0.0186, 0.0021,-1.7055
 0.1646, 0.0000, 3.1648, 3.1415,-0.0340, 0.0004,-2.4863
 0.1640, 0.0000, 3.1648, 3.1415,-0.0492, 0.0000,-3.3408
 0.1634, 0.0000, 3.1615, 3.1415,-0.0644,-0.2659, 4.6799
 0.1630, 0.0000, 3.1615, 3.1415,-0.0432,-0.0531, 0.8589
 0.1629, 0.0000, 3.1615, 3.1415,-0.0147,-0.0106, 0.0105
 0.1631, 0.0000, 3.1615, 3.1415, 0.0091,-0.0021, 0.8720
 0.1631, 0.0000, 3.1615, 3.1415, 0.0079,-0.0004, 0.7038
 0.1634, 0.0000, 3.1648, 3.1415, 0.0258, 0.2658,-4.6799
 0.1635, 0.0000, 3.1648, 3.1415, 0.0112, 0.0531,-3.0072
 0.1634, 0.0000, 3.1648, 3.1415,-0.0098, 0.0106,-1.7499
 0.1629, 0.0000, 3.1648, 3.1415,-0.0383, 0.0021,-2.8798
 0.1624, 0.0000, 3.1648, 3.1415,-0.0501, 0.0004,-3.4616
 0.1618, 0.0000, 3.1615, 3.1415,-0.0585,-0.2658, 4.6799
 0.1612, 0.0000, 3.1615, 3.1415,-0.0541,-0.0531, 0.1856
 0.1609, 0.0000, 3.1615, 3.1415,-0.0350,-0.0106,-1.2012
 0.1607, 0.0000, 3.1615, 3.1415,-0.0252,-0.0021,-1.1419
 0.1605, 0.0000, 3.1615, 3.1415,-0.0232,-0.0004,-1.1358
 0.1603, 0.0000, 3.1615, 3.1415,-0.0228,-0.0000,-1.1403
 0.1598, 0.0000, 3.1582, 3.1415,-0.0409,-0.2659, 4.6799
 0.1596, 0.0000, 3.1582, 3.1415,-0.0263,-0.0531, 2.5210
 0.1596, 0.0000, 3.1582, 3.1415, 0.0007,-0.0106, 1.6018
 0.1599, 0.0000, 3.1582, 3.1415, 0.0183,-0.0021, 2.1086
 0.1601, 0.0000, 3.1615, 3.1415, 0.0218, 0.2655,-4.6799
 0.1600, 0.0000, 3.1615, 3.1415,-0.0016, 0.0531,-3.0220
 0.1599, 0.0000, 3.1615, 3.1415,-0.0064, 0.0106,-0.8404
 0.1596, 0.0000, 3.1615, 3.1415,-0.0255, 0.0021,-1.4390
 0.1592, 0.0000, 3.1615, 3.1415,-0.0414, 0.0004,-2.2552
 0.1587, 0.0000, 3.1615, 3.1415,-0.0446, 0.0000,-2.4299
 0.1581, 0.0000, 3.1582, 3.1415,-0.0635,-0.2659, 4.6799
 0.1577, 0.0000, 3.1582, 3.1415,-0.0430,-0.0531, 1.5223
 0.1574, 0.0000, 3.1582, 3.1415,-0.0267,-0.0106,-0.0232
 0.1573, 0.0000, 3.1582, 3.1415,-0.0174,-0.0021, 0.0062
 0.1573, 0.0000, 3.1582, 3.1415,-0.0034,-0.0004, 0.6970
 0.1574, 0.0000, 3.1582, 3.1415, 0.0114,-0.0000, 1.5239
 0.1577, 0.0000, 3.1582, 3.1415, 0.0204,-0.0000, 2.0375
 0.1579, 0.0000, 3.1615, 3.1415, 0.0222, 0.2659,-4.6799
 0.1579, 0.0000, 3.1615, 3.1415, 0.0044, 0.0531,-2.7472
 0.1578, 0.0000, 3.1615, 3.1415,-0.0051, 0.0106,-0.8390
 0.1576, 0.0000, 3.1615, 3.1415,-0.0192, 0.0021,-1.1480
 0.1572, 0.0000, 3.1615, 3.1415,-0.0341, 0.0004,-1.9044
 0.1566, 0.0000, 3.1582, 3.1415,-0.0553,-0.2658, 4.6799
 0.1563, 0.0000, 3.1582, 3.1415,-0.0353,-0.0531, 1.9125
 0.1564, 0.0000, 3.1582, 3.1415,-0.0010,-0.0106, 1.3978
 0.1566, 0.0000, 3.1582, 3.1415, 0.0179,-0.0021, 1.9854
 0.1567, 0.0000, 3.1582, 3.1415, 0.0096,-0.0004, 1.4199
 0.1569, 0.0000, 3.1615, 3.1415, 0.0201, 0.2658,-4.6799
 0.1571, 0.0000, 3.1615, 3.1415, 0.0161, 0.0531,-2.1131
 0.1570, 0.0000, 3.1615, 3.1415,-0.0028, 0.0106,-0.7333
 0.1567, 0.0000, 3.1615, 3.1415,-0.0248, 0.0021,-1.4923
 0.1562, 0.0000, 3.1615, 3.1415,-0.0413, 0.0004,-2.3406
 0.1557, 0.0000, 3.1615, 3.1415,-0.0507, 0.0000,-2.8660
 0.1551, 0.0000, 3.1582, 3.1415,-0.0586,-0.2659, 4.6799
 0.1546, 0.0000, 3.1548, 3.1415,-0.0481,-0.3191, 4.6799
 0.1545, 0.0000, 3.1548, 3.1415,-0.0217,-0.0638, 4.0554
 0.1547, 0.0000, 3.1548, 3.1415, 0.0138,-0.0127, 3.1255
 0.1551, 0.0000, 3.1582, 3.1415, 0.0330, 0.2634,-4.6799
 0.1552, 0.0000, 3.1582, 3.1415, 0.0187, 0.0526,-1.1753
 0.1554, 0.0000, 3.1582, 3.1415, 0.0158, 0.0105, 1.0976
 0.1555, 0.0000, 3.1615, 3.1415, 0.0092, 0.2680,-4.6799
 0.1553, 0.0000, 3.1615, 3.1415,-0.0102, 0.0536,-3.6841
 0.1549, 0.0000, 3.1615, 3.1415,-0.0384, 0.0107,-2.8134
 0.1543, 0.0000, 3.1582, 3.1415,-0.0501,-0.2638, 4.6799
 0.1541, 0.0000, 3.1582, 3.1415,-0.0282,-0.0527, 2.2200
 0.1541, 0.0000, 3.1582, 3.1415,-0.0056,-0.0105, 1.0593
 0.1543, 0.0000, 3.1582, 3.1415, 0.0109,-0.0021, 1.5159
 0.1545, 0.0000, 3.1582, 3.1415, 0.0203,-0.0004, 1.9554
 0.1550, 0.0000, 3.1582, 3.1415, 0.0465,-0.0000, 3.4265
 0.1556, 0.0000, 3.1615, 3.1415, 0.0578, 0.2659,-4.6799
 0.1559, 0.0000, 3.1648, 3.1415, 0.0297, 0.3191,-4.6799
 0.1559, 0.0000, 3.1648, 3.1415, 0.0059, 0.0638,-4.1612
 0.1557, 0.0000, 3.1648, 3.1415,-0.0109, 0.0127,-2.1742
 0.1553, 0.0000, 3.1648, 3.1415,-0.0325, 0.0025,-2.8138
 0.1548, 0.0000, 3.1615, 3.1415,-0.0489,-0.2654, 4.6799
 0.1544, 0.0000, 3.1615, 3.1415,-0.0401,-0.0530, 0.7572
 0.1543, 0.0000, 3.1582, 3.1415,-0.0140,-0.2765, 4.6799
 0.1545, 0.0000, 3.1582, 3.1415, 0.0093,-0.0553, 4.4957
 0.1548, 0.0000, 3.1615, 3.1415, 0.0261, 0.2548,-4.6799
 0.1549, 0.0000, 3.1615, 3.1415, 0.0173, 0.0509,-1.9859
 0.1549, 0.0000, 3.1615, 3.1415, 0.0034, 0.0101,-0.4171
 0.1548, 0.0000, 3.1615, 3.1415,-0.0114, 0.0020,-0.7921
 0.1545, 0.0000, 3.1615, 3.1415,-0.0265, 0.0004,-1.5597
 0.1540, 0.0000, 3.1615, 3.1415,-0.0416, 0.0000,-2.4096
 0.1534, 0.0000, 3.1582, 3.1415,-0.0568,-0.2659, 4.6799
 0.1533, 0.0000, 3.1582, 3.1415,-0.0234,-0.0531, 2.4845
 0.1534, 0.0000, 3.1582, 3.1415, 0.0013,-0.0106, 1.4355
 0.1534, 0.0000, 3.1582, 3.1415, 0.0063,-0.0021, 1.2276
 0.1537, 0.0000, 3.1582, 3.1415, 0.0194,-0.0004, 1.8767
 0.1542, 0.0000, 3.1615, 3.1415, 0.0463, 0.2658,-4.6799
 0.1545, 0.0000, 3.1615, 3.1415, 0.0335, 0.0531,-1.2148
 0.1546, 0.0000, 3.1615, 3.1415, 0.0127, 0.0106, 0.0699
 0.1545, 0.0000, 3.1615, 3.1415,-0.0035, 0.0021,-0.3599
 0.1544, 0.0000, 3.1615, 3.1415,-0.0067, 0.0004,-0.4478
 0.1543, 0.0000, 3.1615, 3.1415,-0.0074, 0.0000,-0.4673
 0.1541, 0.0000, 3.1615, 3.1415,-0.0196, 0.0000,-1.1618
 0.1539, 0.0000, 3.1615, 3.1415,-0.0221, 0.0000,-1.3065
 0.1536, 0.0000, 3.1615, 3.1415,-0.0286, 0.0000,-1.6855
 0.1533, 0.0000, 3.1582, 3.1415,-0.0299,-0.2659, 4.6799
 0.1531, 0.0000, 3.1582, 3.1415,-0.0181,-0.0531, 2.7828
 0.1532, 0.0000, 3.1582, 3.1415, 0.0024,-0.0106, 1.4913
 0.1534, 0.0000, 3.1582, 3.1415, 0.0186,-0.0021, 1.9237
 0.1539, 0.0000, 3.1615, 3.1415, 0.0401, 0.2655,-4.6799
 0.1541, 0.0000, 3.1615, 3.1415, 0.0262, 0.0531,-1.6350
 0.1541, 0.0000, 3.1615, 3.1415, 0.0052, 0.0106,-0.3680
 0.1540, 0.0000, 3.1615, 3.1415,-0.0110, 0.0021,-0.8034
 0.1537, 0.0000, 3.1615, 3.1415,-0.0204, 0.0004,-1.2386
 0.1534, 0.0000, 3.1615, 3.1415,-0.0283, 0.0000,-1.6758
 0.1530, 0.0000, 3.1582, 3.1415,-0.0359,-0.2659, 4.6799
 0.1529, 0.0000, 3.1582, 3.1415,-0.0193,-0.0531, 2.7078
 0.1530, 0.0000, 3.1582, 3.1415, 0.0082,-0.0106, 1.8150
 0.1533, 0.0000, 3.1582, 3.1415, 0.0198,-0.0021, 1.9846
 0.1537, 0.0000, 3.1615, 3.1415, 0.0342, 0.2655,-4.6799
 0.1538, 0.0000, 3.1615, 3.1415, 0.0189, 0.0531,-2.0523
 0.1539, 0.0000, 3.1615, 3.1415, 0.0098, 0.0106,-0.1148
 0.1537, 0.0000, 3.1615, 3.1415,-0.0101, 0.0021,-0.7585
 0.1534, 0.0000, 3.1615, 3.1415,-0.0323, 0.0004,-1.9241
 0.1530, 0.0000, 3.1582, 3.1415,-0.0367,-0.2658, 4.6799
 0.1529, 0.0000, 3.1582, 3.1415,-0.0134,-0.0531, 3.0400
 0.1530, 0.0000, 3.1582, 3.1415, 0.0094,-0.0106, 1.8814
 0.1534, 0.0000, 3.1582, 3.1415, 0.0261,-0.0021, 2.3422
 0.1537, 0.0000, 3.1615, 3.1415, 0.0294, 0.2655,-4.6799
 0.1539, 0.0000, 3.1615, 3.1415, 0.0240, 0.0531,-1.7621
 0.1540, 0.0000, 3.1615, 3.1415, 0.0108, 0.0106,-0.0548
 0.1538, 0.0000, 3.1615, 3.1415,-0.0099, 0.0021,-0.7445
 0.1535, 0.0000, 3.1615, 3.1415,-0.0262, 0.0004,-1.5750
 0.1531, 0.0000, 3.1582, 3.1415,-0.0355,-0.2658, 4.6799
 0.1530, 0.0000, 3.1582, 3.1415,-0.0131,-0.0531, 3.0585
 0.1531, 0.0000, 3.1582, 3.1415, 0.0034,-0.0106, 1.5445
 0.1534, 0.0000, 3.1582, 3.1415, 0.0188,-0.0021, 1.9324
 0.1537, 0.0000, 3.1582, 3.1415, 0.0280,-0.0004, 2.3601
 0.1543, 0.0000, 3.1615, 3.1415, 0.0541, 0.2658,-4.6799
 0.1546, 0.0000, 3.1615, 3.1415, 0.0411, 0.0531,-0.7804
 0.1548, 0.0000, 3.1648, 3.1415, 0.0203, 0.2765,-4.6799
 0.1546, 0.0000, 3.1648, 3.1415,-0.0080, 0.0553,-4.4988
 0.1543, 0.0000, 3.1615, 3.1415,-0.0258,-0.2548, 4.6799
 0.1541, 0.0000, 3.1615, 3.1415,-0.0233,-0.0509, 1.5702
 0.1541, 0.0000, 3.1615, 3.1415,-0.0046,-0.0101, 0.2729
 0.1542, 0.0000, 3.1615, 3.1415, 0.0051,-0.0020, 0.3578
 0.1545, 0.0000, 3.1615, 3.1415, 0.0252,-0.0004, 1.4099
 0.1549, 0.0000, 3.1615, 3.1415, 0.0353,-0.0000, 1.9723
 0.1554, 0.0000, 3.1648, 3.1415, 0.0495, 0.2659,-4.6799
 0.1556, 0.0000, 3.1648, 3.1415, 0.0280, 0.0531,-2.3060
 0.1556, 0.0000, 3.1648, 3.1415, 0.0056, 0.0106,-1.1202
 0.1555, 0.0000, 3.1648, 3.1415,-0.0110, 0.0021,-1.5718
 0.1552, 0.0000, 3.1648, 3.1415,-0.0264, 0.0004,-2.3547
 0.1546, 0.0000, 3.1615, 3.1415,-0.0477,-0.2658, 4.6799
 0.1543, 0.0000, 3.1615, 3.1415,-0.0338,-0.0531, 1.1153
 0.1543, 0.0000, 3.1615, 3.1415,-0.0128,-0.0106,-0.1565
 0.1543, 0.0000, 3.1615, 3.1415,-0.0025,-0.0021,-0.0685
 0.1541, 0.0000, 3.1615, 3.1415,-0.0126,-0.0004,-0.7396
 0.1540, 0.0000, 3.1582, 3.1415,-0.0146,-0.2660, 4.6799
 0.1540, 0.0000, 3.1582, 3.1415, 0.0031,-0.0532, 4.0115
 0.1543, 0.0000, 3.1582, 3.1415, 0.0188,-0.0106, 2.4488
 0.1546, 0.0000, 3.1615, 3.1415, 0.0340, 0.2638,-4.6799
 0.1548, 0.0000, 3.1615, 3.1415, 0.0189, 0.0527,-2.0038
 0.1548, 0.0000, 3.1615, 3.1415, 0.0037, 0.0105,-0.4245
 0.1546, 0.0000, 3.1615, 3.1415,-0.0113, 0.0021,-0.7974
 0.1543, 0.0000, 3.1615, 3.1415,-0.0265, 0.0004,-1.5646
 0.1538, 0.0000, 3.1582, 3.1415,-0.0477,-0.2658, 4.6799
 0.1536, 0.0000, 3.1582, 3.1415,-0.0277,-0.0531, 2.2539
 0.1537, 0.0000, 3.1582, 3.1415, 0.0065,-0.0106, 1.7413
 0.1540, 0.0000, 3.1582, 3.1415, 0.0195,-0.0021, 1.9871
 0.1542, 0.0000, 3.1582, 3.1415, 0.0220,-0.0004, 2.0420
 0.1546, 0.0000, 3.1582, 3.1415, 0.0407,-0.0000, 3.0918
 0.1553, 0.0000, 3.1615, 3.1415, 0.0627, 0.2659,-4.6799
 0.1557, 0.0000, 3.1615, 3.1415, 0.0428, 0.0531,-0.6504
 0.1559, 0.0000, 3.1615, 3.1415, 0.0206, 0.0106, 0.5577
 0.1560, 0.0000, 3.1615, 3.1415, 0.0162, 0.0021, 0.8033
 0.1563, 0.0000, 3.1648, 3.1415, 0.0275, 0.2663,-4.6799
 0.1562, 0.0000, 3.1648, 3.1415,-0.0005, 0.0532,-3.9081
 0.1559, 0.0000, 3.1648, 3.1415,-0.0243, 0.0106,-2.8028
 0.1555, 0.0000, 3.1615, 3.1415,-0.0412,-0.2638, 4.6799
 0.1553, 0.0000, 3.1615, 3.1415,-0.0203,-0.0527, 1.8799
 0.1554, 0.0000, 3.1582, 3.1415, 0.0019,-0.2765, 4.6799
 0.1556, 0.0000, 3.1582, 3.1415, 0.0125,-0.0553, 4.6799
 0.1559, 0.0000, 3.1615, 3.1415, 0.0328, 0.2549,-4.6799
 0.1563, 0.0000, 3.1615, 3.1415, 0.0368, 0.0509,-0.8413
 0.1565, 0.0000, 3.1615, 3.1415, 0.0195, 0.0101, 0.5350
 0.1565, 0.0000, 3.1615, 3.1415, 0.0039, 0.0020, 0.1253
 0.1565, 0.0000, 3.1615, 3.1415, 0.0068, 0.0004, 0.3877
 0.1567, 0.0000, 3.1615, 3.1415, 0.0134, 0.0000, 0.7865
 0.1569, 0.0000, 3.1615, 3.1415, 0.0208, 0.0000, 1.2145
 0.1571, 0.0000, 3.1648, 3.1415, 0.0223, 0.2659,-4.6799
 0.1571, 0.0000, 3.1648, 3.1415, 0.0044, 0.0531,-3.5905
 0.1570, 0.0000, 3.1648, 3.1415,-0.0112, 0.0106,-2.0276
 0.1566, 0.0000, 3.1615, 3.1415,-0.0325,-0.2638, 4.6799
 0.1565, 0.0000, 3.1615, 3.1415,-0.0125,-0.0527, 2.3582
 0.1565, 0.0000, 3.1615, 3.1415,-0.0025,-0.0105, 0.4919
 0.1566, 0.0000, 3.1615, 3.1415, 0.0055,-0.0021, 0.4630
 0.1570, 0.0000, 3.1615, 3.1415, 0.0314,-0.0004, 1.8365
 0.1574, 0.0000, 3.1615, 3.1415, 0.0426,-0.0000, 2.4652
 0.1579, 0.0000, 3.1648, 3.1415, 0.0449, 0.2659,-4.6799
 0.1580, 0.0000, 3.1648, 3.1415, 0.0150, 0.0531,-2.9676
 0.1579, 0.0000, 3.1648, 3.1415,-0.0030, 0.0106,-1.5375
 0.1578, 0.0000, 3.1648, 3.1415,-0.0066, 0.0021,-1.2534
 0.1574, 0.0000, 3.1615, 3.1415,-0.0316,-0.2655, 4.6799
 0.1573, 0.0000, 3.1615, 3.1415,-0.0184,-0.0531, 2.0701
 0.1574, 0.0000, 3.1615, 3.1415, 0.0023,-0.0106, 0.7978
 0.1576, 0.0000, 3.1615, 3.1415, 0.0186,-0.0021, 1.2340
 0.1577, 0.0000, 3.1615, 3.1415, 0.0097,-0.0004, 0.6382
 0.1581, 0.0000, 3.1615, 3.1415, 0.0322,-0.0000, 1.8985
 0.1584, 0.0000, 3.1615, 3.1415, 0.0307,-0.0000, 1.8157
 0.1587, 0.0000, 3.1648, 3.1415, 0.0364, 0.2659,-4.6799
 0.1589, 0.0000, 3.1648, 3.1415, 0.0194, 0.0531,-2.6924
 0.1589, 0.0000, 3.1648, 3.1415, 0.0038, 0.0106,-1.1151
 0.1586, 0.0000, 3.1648, 3.1415,-0.0234, 0.0021,-2.1771
 0.1581, 0.0000, 3.1615, 3.1415,-0.0471,-0.2655, 4.6799
 0.1581, 0.0000, 3.1615, 3.1415,-0.0094,-0.0531, 2.6034
 0.1580, 0.0000, 3.1615, 3.1415,-0.0079,-0.0106, 0.2348
 0.1582, 0.0000, 3.1615, 3.1415, 0.0166,-0.0021, 1.1367
 0.1584, 0.0000, 3.1615, 3.1415, 0.0154,-0.0004, 0.9785
 0.1589, 0.0000, 3.1615, 3.1415, 0.0455,-0.0000, 2.6725
 0.1591, 0.0000, 3.1615, 3.1415, 0.0272,-0.0000, 1.6472
 0.1595, 0.0000, 3.1648, 3.1415, 0.0357, 0.2659,-4.6799
 0.1596, 0.0000, 3.1648, 3.1415, 0.0132, 0.0531,-3.0206
 0.1595, 0.0000, 3.1648, 3.1415,-0.0034, 0.0106,-1.5079
 0.1593, 0.0000, 3.1648, 3.1415,-0.0188, 0.0021,-1.8960
 0.1588, 0.0000, 3.1615, 3.1415,-0.0401,-0.2655, 4.6799
 0.1587, 0.0000, 3.1615, 3.1415,-0.0140,-0.0531, 2.3617
 0.1587, 0.0000, 3.1615, 3.1415,-0.0088,-0.0106, 0.2038
 0.1588, 0.0000, 3.1615, 3.1415, 0.0103,-0.0021, 0.8034
 0.1590, 0.0000, 3.1615, 3.1415, 0.0141,-0.0004, 0.9271
 0.1593, 0.0000, 3.1615, 3.1415, 0.0331,-0.0000, 1.9888
 0.1596, 0.0000, 3.1615, 3.1415, 0.0308,-0.0000, 1.8663
 0.1600, 0.0000, 3.1648, 3.1415, 0.0364, 0.2659,-4.6799
 0.1602, 0.0000, 3.1648, 3.1415, 0.0194, 0.0531,-2.6513
 0.1601, 0.0000, 3.1648, 3.1415,-0.0021, 0.0106,-1.4187
 0.1598, 0.0000, 3.1648, 3.1415,-0.0246, 0.0021,-2.2072
 0.1593, 0.0000, 3.1615, 3.1415,-0.0413,-0.2655, 4.6799
 0.1592, 0.0000, 3.1615, 3.1415,-0.0203,-0.0531, 2.0210
 0.1590, 0.0000, 3.1615, 3.1415,-0.0162,-0.0106,-0.1971
 0.1590, 0.0000, 3.1615, 3.1415,-0.0093,-0.0021,-0.3003
 0.1589, 0.0000, 3.1615, 3.1415,-0.0079,-0.0004,-0.3228
 0.1588, 0.0000, 3.1582, 3.1415,-0.0076,-0.2660, 4.6799
 0.1587, 0.0000, 3.1582, 3.1415,-0.0075,-0.0532, 3.5550
 0.1590, 0.0000, 3.1582, 3.1415, 0.0166,-0.0106, 2.4763
 0.1592, 0.0000, 3.1582, 3.1415, 0.0215,-0.0021, 2.2663
 0.1596, 0.0000, 3.1615, 3.1415, 0.0346, 0.2655,-4.6799
 0.1598, 0.0000, 3.1615, 3.1415, 0.0251, 0.0531,-1.5173
 0.1598, 0.0000, 3.1615, 3.1415, 0.0050, 0.0106,-0.2008
 0.1595, 0.0000, 3.1615, 3.1415,-0.0232, 0.0021,-1.3149
 0.1592, 0.0000, 3.1582, 3.1415,-0.0289,-0.2655, 4.6799
 0.1590, 0.0000, 3.1582, 3.1415,-0.0179,-0.0531, 2.9770
 0.1591, 0.0000, 3.1582, 3.1415, 0.0024,-0.0106, 1.6796
 0.1592, 0.0000, 3.1582, 3.1415, 0.0065,-0.0021, 1.4220
 0.1596, 0.0000, 3.1582, 3.1415, 0.0316,-0.0004, 2.7499
 0.1599, 0.0000, 3.1582, 3.1415, 0.0305,-0.0000, 2.6807
 0.1605, 0.0000, 3.1615, 3.1415, 0.0546, 0.2659,-4.6799
 0.1606, 0.0000, 3.1615, 3.1415, 0.0169, 0.0531,-1.9565
 0.1606, 0.0000, 3.1615, 3.1415, 0.0033, 0.0106,-0.2695
 0.1604, 0.0000, 3.1615, 3.1415,-0.0114, 0.0021,-0.6208
 0.1600, 0.0000, 3.1615, 3.1415,-0.0326, 0.0004,-1.7280
 0.1596, 0.0000, 3.1582, 3.1415,-0.0429,-0.2658, 4.6799
 0.1593, 0.0000, 3.1582, 3.1415,-0.0328,-0.0531, 2.1462
 0.1593, 0.0000, 3.1548, 3.1415,-0.0005,-0.2765, 4.6799
 0.1595, 0.0000, 3.1548, 3.1415, 0.0120,-0.0553, 4.6799
 0.1598, 0.0000, 3.1548, 3.1415, 0.0266,-0.0110, 3.9107
 0.1603, 0.0000, 3.1582, 3.1415, 0.0417, 0.2637,-4.6799
 0.1606, 0.0000, 3.1582, 3.1415, 0.0325, 0.0527,-0.2304
 0.1606, 0.0000, 3.1582, 3.1415, 0.0125, 0.0105, 1.0764
 0.1607, 0.0000, 3.1582, 3.1415, 0.0085, 0.0021, 1.3398
 0.1607, 0.0000, 3.1582, 3.1415, 0.0017, 0.0004, 1.0499
 0.1609, 0.0000, 3.1582, 3.1415, 0.0124, 0.0000, 1.6807
 0.1610, 0.0000, 3.1582, 3.1415, 0.0146, 0.0000, 1.8107
 0.1612, 0.0000, 3.1582, 3.1415, 0.0211, 0.0000, 2.1849
 0.1615, 0.0000, 3.1582, 3.1415, 0.0224, 0.0000, 2.2655
 0.1618, 0.0000, 3.1582, 3.1415, 0.0347, 0.0000, 2.9760
 0.1623, 0.0000, 3.1615, 3.1415, 0.0433, 0.2659,-4.6799
 0.1624, 0.0000, 3.1615, 3.1415, 0.0207, 0.0531,-1.6820
 0.1624, 0.0000, 3.1615, 3.1415, 0.0041, 0.0106,-0.1667
 0.1622, 0.0000, 3.1615, 3.1415,-0.0173, 0.0021,-0.8967
 0.1618, 0.0000, 3.1582, 3.1415,-0.0337,-0.2655, 4.6799
 0.1617, 0.0000, 3.1582, 3.1415,-0.0188,-0.0531, 3.0057
 0.1617, 0.0000, 3.1548, 3.1415,-0.0037,-0.2765, 4.6799
 0.1620, 0.0000, 3.1548, 3.1415, 0.0234,-0.0553, 4.6799
 0.1625, 0.0000, 3.1582, 3.1415, 0.0471, 0.2548,-4.6799
 0.1628, 0.0000, 3.1582, 3.1415, 0.0276, 0.0509,-0.3395
 0.1628, 0.0000, 3.1582, 3.1415, 0.0115, 0.0101, 1.1102
 0.1629, 0.0000, 3.1582, 3.1415, 0.0083, 0.0020, 1.4020
 0.1631, 0.0000, 3.1582, 3.1415, 0.0138, 0.0004, 1.8066
 0.1631, 0.0000, 3.1582, 3.1415, 0.0088, 0.0000, 1.5471
 0.1634, 0.0000, 3.1582, 3.1415, 0.0260, 0.0000, 2.5302
 0.1638, 0.0000, 3.1582, 3.1415, 0.0355, 0.0000, 3.0789
 0.1644, 0.0000, 3.1582, 3.1415, 0.0556, 0.0000, 4.2312
 0.1649, 0.0000, 3.1615, 3.1415, 0.0535, 0.2659,-4.6799
 0.1654, 0.0000, 3.1615, 3.1415, 0.0470, 0.0531,-0.1054
 0.1656, 0.0000, 3.1615, 3.1415, 0.0276, 0.0106, 1.2564
 0.1659, 0.0000, 3.1615, 3.1415, 0.0297, 0.0021, 1.8789
 0.1662, 0.0000, 3.1615, 3.1415, 0.0241, 0.0004, 1.6667
 0.1665, 0.0000, 3.1615, 3.1415, 0.0290, 0.0000, 1.9744
 0.1668, 0.0000, 3.1648, 3.1415, 0.0361, 0.2659,-4.6799
 0.1671, 0.0000, 3.1648, 3.1415, 0.0314, 0.0531,-1.7513
 0.1672, 0.0000, 3.1648, 3.1415, 0.0123, 0.0106,-0.3737
 0.1671, 0.0000, 3.1648, 3.1415,-0.0096, 0.0021,-1.1294
 0.1668, 0.0000, 3.1615, 3.1415,-0.0201,-0.2655, 4.6799
 0.1668, 0.0000, 3.1615, 3.1415,-0.0100,-0.0531, 2.8416
 0.1670, 0.0000, 3.1615, 3.1415, 0.0161,-0.0106, 1.8803
 0.1675, 0.0000, 3.1615, 3.1415, 0.0396,-0.0021, 2.7269
 0.1679, 0.0000, 3.1615, 3.1415, 0.0443,-0.0004, 2.9077
 0.1686, 0.0000, 3.1648, 3.1415, 0.0634, 0.2658,-4.6799
 0.1690, 0.0000, 3.1648, 3.1415, 0.0430, 0.0531,-1.0428
 0.1693, 0.0000, 3.1648, 3.1415, 0.0328, 0.0106, 0.8470
 0.1694, 0.0000, 3.1648, 3.1415, 0.0186, 0.0021, 0.5439
 0.1696, 0.0000, 3.1648, 3.1415, 0.0219, 0.0004, 0.8315
 0.1700, 0.0000, 3.1648, 3.1415, 0.0286, 0.0000, 1.2391
 0.1703, 0.0000, 3.1648, 3.1415, 0.0360, 0.0000, 1.6727
 0.1707, 0.0000, 3.1681, 3.1415, 0.0375, 0.2659,-4.6799
 0.1709, 0.0000, 3.1681, 3.1415, 0.0256, 0.0531,-2.7784
 0.1710, 0.0000, 3.1681, 3.1415, 0.0112, 0.0106,-1.1397
 0.1709, 0.0000, 3.1681, 3.1415,-0.0098, 0.0021,-1.8432
 0.1705, 0.0000, 3.1648, 3.1415,-0.0322,-0.2655, 4.6799
 0.1704, 0.0000, 3.1648, 3.1415,-0.0125,-0.0531, 1.9990
 0.1706, 0.0000, 3.1648, 3.1415, 0.0096,-0.0106, 0.8031
 0.1707, 0.0000, 3.1648, 3.1415, 0.0140,-0.0021, 0.5676
 0.1708, 0.0000, 3.1648, 3.1415, 0.0088,-0.0004, 0.1801
 0.1712, 0.0000, 3.1648, 3.1415, 0.0320,-0.0000, 1.4819
 0.1716, 0.0000, 3.1648, 3.1415, 0.0427,-0.0000, 2.0963
 0.1720, 0.0000, 3.1648, 3.1415, 0.0388,-0.0000, 1.8863
 0.1725, 0.0000, 3.1681, 3.1415, 0.0441, 0.2659,-4.6799
 0.1729, 0.0000, 3.1681, 3.1415, 0.0452, 0.0531,-1.6154
 0.1731, 0.0000, 3.1681, 3.1415, 0.0211, 0.0106,-0.5130
 0.1729, 0.0000, 3.1681, 3.1415,-0.0078, 0.0021,-1.6660
 0.1728, 0.0000, 3.1681, 3.1415,-0.0137, 0.0004,-1.9006
 0.1725, 0.0000, 3.1648, 3.1415,-0.0269,-0.2658, 4.6799
 0.1723, 0.0000, 3.1648, 3.1415,-0.0175,-0.0531, 1.7806
 0.1725, 0.0000, 3.1648, 3.1415, 0.0086,-0.0106, 0.8073
 0.1728, 0.0000, 3.1648, 3.1415, 0.0259,-0.0021, 1.3051
 0.1731, 0.0000, 3.1648, 3.1415, 0.0294,-0.0004, 1.4124
 0.1734, 0.0000, 3.1648, 3.1415, 0.0362,-0.0000, 1.7859
 0.1739, 0.0000, 3.1681, 3.1415, 0.0436, 0.2659,-4.6799
 0.1741, 0.0000, 3.1681, 3.1415, 0.0269, 0.0531,-2.6088
 0.1741, 0.0000, 3.1681, 3.1415, 0.0053, 0.0106,-1.3697
 0.1740, 0.0000, 3.1681, 3.1415,-0.0110, 0.0021,-1.8106
 0.1738, 0.0000, 3.1681, 3.1415,-0.0143, 0.0004,-1.9026
 0.1734, 0.0000, 3.1648, 3.1415,-0.0331,-0.2658, 4.6799
 0.1732, 0.0000, 3.1648, 3.1415,-0.0248,-0.0531, 1.3976
 0.1733, 0.0000, 3.1648, 3.1415, 0.0010,-0.0106, 0.4093
 0.1735, 0.0000, 3.1648, 3.1415, 0.0184,-0.0021, 0.9023
 0.1738, 0.0000, 3.1648, 3.1415, 0.0279,-0.0004, 1.3510
 0.1741, 0.0000, 3.1648, 3.1415, 0.0298,-0.0000, 1.4484
 0.1746, 0.0000, 3.1648, 3.1415, 0.0423,-0.0000, 2.1643
 0.1751, 0.0000, 3.1681, 3.1415, 0.0509, 0.2659,-4.6799
 0.1753, 0.0000, 3.1681, 3.1415, 0.0283, 0.0531,-2.4884
 0.1753, 0.0000, 3.1681, 3.1415, 0.0056, 0.0106,-1.3150
 0.1752, 0.0000, 3.1681, 3.1415,-0.0109, 0.0021,-1.7690
 0.1750, 0.0000, 3.1681, 3.1415,-0.0203, 0.0004,-2.2080
 0.1745, 0.0000, 3.1648, 3.1415,-0.0404,-0.2658, 4.6799
 0.1743, 0.0000, 3.1648, 3.1415,-0.0262,-0.0531, 1.3491
 0.1743, 0.0000, 3.1648, 3.1415, 0.0008,-0.0106, 0.4264
 0.1746, 0.0000, 3.1648, 3.1415, 0.0183,-0.0021, 0.9325
 0.1747, 0.0000, 3.1648, 3.1415, 0.0097,-0.0004, 0.3507
 0.1749, 0.0000, 3.1648, 3.1415, 0.0201,-0.0000, 0.9251
 0.1752, 0.0000, 3.1681, 3.1415, 0.0282, 0.2659,-4.6799
 0.1753, 0.0000, 3.1681, 3.1415, 0.0117, 0.0531,-3.4299
 0.1751, 0.0000, 3.1681, 3.1415,-0.0097, 0.0106,-2.1939
 0.1747, 0.0000, 3.1648, 3.1415,-0.0322,-0.2638, 4.6799
 0.1747, 0.0000, 3.1648, 3.1415,-0.0125,-0.0527, 2.1138
 0.1747, 0.0000, 3.1648, 3.1415, 0.0035,-0.0105, 0.5889
 0.1749, 0.0000, 3.1648, 3.1415, 0.0128,-0.0021, 0.6303
 0.1750, 0.0000, 3.1648, 3.1415, 0.0146,-0.0004, 0.6424
 0.1754, 0.0000, 3.1681, 3.1415, 0.0332, 0.2658,-4.6799
 0.1756, 0.0000, 3.1681, 3.1415, 0.0187, 0.0531,-3.0214
 0.1754, 0.0000, 3.1681, 3.1415,-0.0083, 0.0106,-2.1046
 0.1751, 0.0000, 3.1681, 3.1415,-0.0259, 0.0021,-2.6137
 0.1747, 0.0000, 3.1648, 3.1415,-0.0415,-0.2655, 4.6799
 0.1744, 0.0000, 3.1648, 3.1415,-0.0265,-0.0531, 1.3374
 0.1743, 0.0000, 3.1648, 3.1415,-0.0113,-0.0106,-0.2607
 0.1743, 0.0000, 3.1648, 3.1415,-0.0022,-0.0021,-0.2379
 0.1743, 0.0000, 3.1648, 3.1415,-0.0065,-0.0004,-0.5778
 0.1743, 0.0000, 3.1648, 3.1415,-0.0013,-0.0000,-0.3033
 0.1741, 0.0000, 3.1648, 3.1415,-0.0123,-0.0000,-0.9371
 0.1738, 0.0000, 3.1648, 3.1415,-0.0267,-0.0000,-1.7565
 0.1734, 0.0000, 3.1615, 3.1415,-0.0356,-0.2659, 4.6799
 0.1734, 0.0000, 3.1615, 3.1415,-0.0131,-0.0531, 2.8796
 0.1735, 0.0000, 3.1615, 3.1415, 0.0094,-0.0106, 1.7102
 0.1737, 0.0000, 3.1615, 3.1415, 0.0140,-0.0021, 1.4802
 0.1740, 0.0000, 3.1648, 3.1415, 0.0270, 0.2655,-4.6799
 0.1741, 0.0000, 3.1648, 3.1415, 0.0175, 0.0531,-2.3122
 0.1742, 0.0000, 3.1648, 3.1415, 0.0095, 0.0106,-0.3096
 0.1739, 0.0000, 3.1648, 3.1415,-0.0223, 0.0021,-1.6290
 0.1735, 0.0000, 3.1648, 3.1415,-0.0347, 0.0004,-2.2450
 0.1731, 0.0000, 3.1615, 3.1415,-0.0372,-0.2658, 4.6799
 0.1730, 0.0000, 3.1615, 3.1415,-0.0195,-0.0531, 2.5064
 0.1731, 0.0000, 3.1615, 3.1415, 0.0021,-0.0106, 1.2816
 0.1733, 0.0000, 3.1615, 3.1415, 0.0186,-0.0021, 1.7273
 0.1735, 0.0000, 3.1648, 3.1415, 0.0219, 0.2655,-4.6799
 0.1737, 0.0000, 3.1648, 3.1415, 0.0165, 0.0531,-2.3846
 0.1737, 0.0000, 3.1648, 3.1415, 0.0033, 0.0106,-0.6799
 0.1734, 0.0000, 3.1648, 3.1415,-0.0175, 0.0021,-1.3721
 0.1731, 0.0000, 3.1648, 3.1415,-0.0338, 0.0004,-2.2051
 0.1726, 0.0000, 3.1615, 3.1415,-0.0431,-0.2658, 4.6799
 0.1725, 0.0000, 3.1615, 3.1415,-0.0207,-0.0531, 2.4235
 0.1725, 0.0000, 3.1615, 3.1415, 0.0019,-0.0106, 1.2516
 0.1728, 0.0000, 3.1615, 3.1415, 0.0185,-0.0021, 1.7079
 0.1730, 0.0000, 3.1615, 3.1415, 0.0219,-0.0004, 1.8049
 0.1734, 0.0000, 3.1648, 3.1415, 0.0407, 0.2658,-4.6799
 0.1737, 0.0000, 3.1648, 3.1415, 0.0324, 0.0531,-1.4896
 0.1737, 0.0000, 3.1681, 3.1415, 0.0064, 0.2765,-4.6799
 0.1736, 0.0000, 3.1681, 3.1415,-0.0108, 0.0553,-4.6799
 0.1732, 0.0000, 3.1648, 3.1415,-0.0324,-0.2548, 4.6799
 0.1731, 0.0000, 3.1648, 3.1415,-0.0186,-0.0509, 1.6160
 0.1730, 0.0000, 3.1648, 3.1415,-0.0097,-0.0101,-0.2395
 0.1729, 0.0000, 3.1648, 3.1415,-0.0080,-0.0020,-0.6125
 0.1729, 0.0000, 3.1648, 3.1415,-0.0016,-0.0004,-0.3447
 0.1728, 0.0000, 3.1648, 3.1415,-0.0063,-0.0000,-0.6355
 0.1727, 0.0000, 3.1648, 3.1415,-0.0134,-0.0000,-1.0399
 0.1724, 0.0000, 3.1648, 3.1415,-0.0269,-0.0000,-1.8134
 0.1721, 0.0000, 3.1648, 3.1415,-0.0296,-0.0000,-1.9758
 0.1718, 0.0000, 3.1648, 3.1415,-0.0301,-0.0000,-2.0159
 0.1713, 0.0000, 3.1615, 3.1415,-0.0424,-0.2659, 4.6799
 0.1710, 0.0000, 3.1615, 3.1415,-0.0327,-0.0531, 1.7032
 0.1710, 0.0000, 3.1615, 3.1415,-0.0065,-0.0106, 0.7268
 0.1712, 0.0000, 3.1615, 3.1415, 0.0108,-0.0021, 1.2202
 0.1715, 0.0000, 3.1615, 3.1415, 0.0324,-0.0004, 2.3559
 0.1719, 0.0000, 3.1648, 3.1415, 0.0368, 0.2658,-4.6799
 0.1722, 0.0000, 3.1648, 3.1415, 0.0316, 0.0531,-1.5820
 0.1722, 0.0000, 3.1681, 3.1415, 0.0063, 0.2765,-4.6799
 0.1720, 0.0000, 3.1681, 3.1415,-0.0169, 0.0553,-4.6799
 0.1716, 0.0000, 3.1648, 3.1415,-0.0337,-0.2548, 4.6799
 0.1715, 0.0000, 3.1648, 3.1415,-0.0188,-0.0509, 1.5521
 0.1714, 0.0000, 3.1648, 3.1415,-0.0098,-0.0101,-0.2926
 0.1714, 0.0000, 3.1648, 3.1415,-0.0019,-0.0020,-0.3190
 0.1714, 0.0000, 3.1648, 3.1415,-0.0003,-0.0004,-0.3243
 0.1713, 0.0000, 3.1648, 3.1415,-0.0061,-0.0000,-0.6697
 0.1712, 0.0000, 3.1648, 3.1415,-0.0133,-0.0000,-1.0851
 0.1709, 0.0000, 3.1648, 3.1415,-0.0208,-0.0000,-1.5164
 0.1706, 0.0000, 3.1648, 3.1415,-0.0284,-0.0000,-1.9527
 0.1704, 0.0000, 3.1648, 3.1415,-0.0238,-0.0000,-1.7033
 0.1700, 0.0000, 3.1648, 3.1415,-0.0350,-0.0000,-2.3479
 0.1696, 0.0000, 3.1648, 3.1415,-0.0433,-0.0000,-2.8308
 0.1690, 0.0000, 3.1615, 3.1415,-0.0511,-0.2659, 4.6799
 0.1687, 0.0000, 3.1615, 3.1415,-0.0344,-0.0531, 1.5331
 0.1688, 0.0000, 3.1615, 3.1415,-0.0008,-0.0106, 0.9797
 0.1690, 0.0000, 3.1615, 3.1415, 0.0119,-0.0021, 1.2152
 0.1692, 0.0000, 3.1648, 3.1415, 0.0205, 0.2655,-4.6799
 0.1693, 0.0000, 3.1648, 3.1415, 0.0162, 0.0531,-2.5361
 0.1693, 0.0000, 3.1648, 3.1415, 0.0032, 0.0106,-0.8195
 0.1690, 0.0000, 3.1648, 3.1415,-0.0236, 0.0021,-1.8537
 0.1687, 0.0000, 3.1648, 3.1415,-0.0350, 0.0004,-2.4124
 0.1682, 0.0000, 3.1648, 3.1415,-0.0433, 0.0000,-2.8782
 0.1678, 0.0000, 3.1615, 3.1415,-0.0450,-0.2659, 4.6799
 0.1675, 0.0000, 3.1615, 3.1415,-0.0272,-0.0531, 1.9050
 0.1676, 0.0000, 3.1615, 3.1415, 0.0006,-0.0106, 1.0234
 0.1679, 0.0000, 3.1615, 3.1415, 0.0243,-0.0021, 1.8822
 0.1683, 0.0000, 3.1648, 3.1415, 0.0351, 0.2655,-4.6799
 0.1684, 0.0000, 3.1681, 3.1415, 0.0191, 0.3190,-4.6799
 0.1684, 0.0000, 3.1681, 3.1415, 0.0038, 0.0638,-4.6799
 0.1681, 0.0000, 3.1681, 3.1415,-0.0234, 0.0127,-3.3096
 0.1676, 0.0000, 3.1681, 3.1415,-0.0471, 0.0025,-4.0719
 0.1670, 0.0000, 3.1648, 3.1415,-0.0579,-0.2654, 4.6799
 0.1666, 0.0000, 3.1648, 3.1415,-0.0419,-0.0530, 0.2211
 0.1665, 0.0000, 3.1615, 3.1415,-0.0144,-0.2765, 4.6799
 0.1667, 0.0000, 3.1648, 3.1415, 0.0092, 0.2106,-4.6799
 0.1666, 0.0000, 3.1648, 3.1415,-0.0042, 0.0421,-3.1433
 0.1666, 0.0000, 3.1648, 3.1415,-0.0008, 0.0084,-1.0099
 0.1664, 0.0000, 3.1648, 3.1415,-0.0183, 0.0016,-1.6163
 0.1660, 0.0000, 3.1648, 3.1415,-0.0339, 0.0003,-2.4320
 0.1656, 0.0000, 3.1648, 3.1415,-0.0431, 0.0000,-2.9492
 0.1650, 0.0000, 3.1648, 3.1415,-0.0510, 0.0000,-3.4084
 0.1643, 0.0000, 3.1615, 3.1415,-0.0647,-0.2659, 4.6799
 0.1638, 0.0000, 3.1615, 3.1415,-0.0554,-0.0531, 0.1974
 0.1637, 0.0000, 3.1582, 3.1415,-0.0232,-0.2765, 4.6799
 0.1637, 0.0000, 3.1615, 3.1415, 0.0014, 0.2106,-4.6799
 0.1637, 0.0000, 3.1615, 3.1415,-0.0057, 0.0421,-2.5045
 0.1636, 0.0000, 3.1615, 3.1415,-0.0072, 0.0084,-0.6449
 0.1634, 0.0000, 3.1615, 3.1415,-0.0135, 0.0016,-0.6193
 0.1630, 0.0000, 3.1615, 3.1415,-0.0390, 0.0003,-1.9954
 0.1624, 0.0000, 3.1615, 3.1415,-0.0502, 0.0000,-2.6265
 0.1618, 0.0000, 3.1582, 3.1415,-0.0585,-0.2659, 4.6799
 0.1615, 0.0000, 3.1582, 3.1415,-0.0359,-0.0531, 2.0423
 0.1614, 0.0000, 3.1582, 3.1415,-0.0193,-0.0106, 0.5228
 0.1614, 0.0000, 3.1582, 3.1415,-0.0038,-0.0021, 0.9038
 0.1616, 0.0000, 3.1582, 3.1415, 0.0174,-0.0004, 2.0131
 0.1621, 0.0000, 3.1615, 3.1415, 0.0398, 0.2658,-4.6799
 0.1621, 0.0000, 3.1615, 3.1415, 0.0140, 0.0531,-2.0718
 0.1619, 0.0000, 3.1615, 3.1415,-0.0153, 0.0106,-1.2854
 0.1616, 0.0000, 3.1615, 3.1415,-0.0273, 0.0021,-1.4783
 0.1612, 0.0000, 3.1615, 3.1415,-0.0418, 0.0004,-2.2131
 0.1606, 0.0000, 3.1615, 3.1415,-0.0508, 0.0000,-2.7161
 0.1599, 0.0000, 3.1582, 3.1415,-0.0647,-0.2659, 4.6799
 0.1594, 0.0000, 3.1582, 3.1415,-0.0553,-0.0531, 0.8796
 0.1591, 0.0000, 3.1548, 3.1415,-0.0353,-0.2765, 4.6799
 0.1591, 0.0000, 3.1548, 3.1415,-0.0070,-0.0553, 4.5389
 0.1593, 0.0000, 3.1582, 3.1415, 0.0167, 0.2548,-4.6799
 0.1594, 0.0000, 3.1582, 3.1415, 0.0094, 0.0509,-1.4714
 0.1594, 0.0000, 3.1582, 3.1415, 0.0018, 0.0101, 0.4551
 0.1593, 0.0000, 3.1582, 3.1415,-0.0056, 0.0020, 0.4961
 0.1594, 0.0000, 3.1582, 3.1415, 0.0049, 0.0004, 1.1911
 0.1594, 0.0000, 3.1615, 3.1415, 0.0009, 0.2660,-4.6799
 0.1593, 0.0000, 3.1615, 3.1415,-0.0058, 0.0532,-3.2849
 0.1592, 0.0000, 3.1615, 3.1415,-0.0133, 0.0106,-1.2545
 0.1589, 0.0000, 3.1615, 3.1415,-0.0269, 0.0021,-1.5410
 0.1584, 0.0000, 3.1615, 3.1415,-0.0478, 0.0004,-2.6391
 0.1577, 0.0000, 3.1582, 3.1415,-0.0580,-0.2658, 4.6799
 0.1575, 0.0000, 3.1582, 3.1415,-0.0298,-0.0531, 2.2620
 0.1574, 0.0000, 3.1582, 3.1415,-0.0120,-0.0106, 0.8096
 0.1575, 0.0000, 3.1582, 3.1415, 0.0036,-0.0021, 1.2058
 0.1576, 0.0000, 3.1582, 3.1415, 0.0067,-0.0004, 1.2871
 0.1579, 0.0000, 3.1582, 3.1415, 0.0256,-0.0000, 2.3383
 0.1584, 0.0000, 3.1615, 3.1415, 0.0475, 0.2659,-4.6799
 0.1586, 0.0000, 3.1615, 3.1415, 0.0216, 0.0531,-1.7563
 0.1585, 0.0000, 3.1648, 3.1415,-0.0017, 0.2765,-4.6799
 0.1583, 0.0000, 3.1648, 3.1415,-0.0185, 0.0553,-4.6799
 0.1577, 0.0000, 3.1615, 3.1415,-0.0461,-0.2548, 4.6799
 0.1575, 0.0000, 3.1615, 3.1415,-0.0274,-0.0509, 1.4492
 0.1574, 0.0000, 3.1615, 3.1415,-0.0115,-0.0101,-0.0093
 0.1574, 0.0000, 3.1615, 3.1415,-0.0083,-0.0020,-0.3029
 0.1573, 0.0000, 3.1615, 3.1415,-0.0077,-0.0004,-0.3636
 0.1574, 0.0000, 3.1615, 3.1415, 0.0045,-0.0000, 0.3110
 0.1573, 0.0000, 3.1615, 3.1415,-0.0051,-0.0000,-0.2408
 0.1571, 0.0000, 3.1615, 3.1415,-0.0192,-0.0000,-1.0418
 0.1568, 0.0000, 3.1615, 3.1415,-0.0220,-0.0000,-1.2078
 0.1567, 0.0000, 3.1615, 3.1415,-0.0165,-0.0000,-0.9023
 0.1563, 0.0000, 3.1615, 3.1415,-0.0336,-0.0000,-1.8782
 0.1558, 0.0000, 3.1582, 3.1415,-0.0491,-0.2659, 4.6799
 0.1557, 0.0000, 3.1582, 3.1415,-0.0158,-0.0531, 2.9899
 0.1558, 0.0000, 3.1582, 3.1415, 0.0028,-0.0106, 1.5978
 0.1559, 0.0000, 3.1582, 3.1415, 0.0066,-0.0021, 1.3214
 0.1561, 0.0000, 3.1615, 3.1415, 0.0195, 0.2655,-4.6799
 0.1562, 0.0000, 3.1615, 3.1415, 0.0160, 0.0531,-2.1422
 0.1562, 0.0000, 3.1615, 3.1415,-0.0028, 0.0106,-0.7602
 0.1560, 0.0000, 3.1615, 3.1415,-0.0126, 0.0021,-0.8301
 0.1556, 0.0000, 3.1615, 3.1415,-0.0328, 0.0004,-1.8810
 0.1551, 0.0000, 3.1615, 3.1415,-0.0490, 0.0000,-2.7895
 0.1544, 0.0000, 3.1582, 3.1415,-0.0643,-0.2659, 4.6799
 0.1542, 0.0000, 3.1582, 3.1415,-0.0310,-0.0531, 2.0863
 0.1542, 0.0000, 3.1548, 3.1415,-0.0062,-0.2765, 4.6799
 0.1543, 0.0000, 3.1582, 3.1415, 0.0048, 0.2106,-4.6799
 0.1543, 0.0000, 3.1582, 3.1415, 0.0009, 0.0421,-1.6007
 0.1543, 0.0000, 3.1582, 3.1415, 0.0001, 0.0084, 0.2990
 0.1543, 0.0000, 3.1582, 3.1415, 0.0061, 0.0016, 1.0233
 0.1543, 0.0000, 3.1582, 3.1415, 0.0012, 0.0003, 0.8257
 0.1543, 0.0000, 3.1582, 3.1415, 0.0002, 0.0000, 0.7862
 0.1546, 0.0000, 3.1582, 3.1415, 0.0182, 0.0000, 1.8114
 0.1549, 0.0000, 3.1615, 3.1415, 0.0339, 0.2659,-4.6799
 0.1552, 0.0000, 3.1615, 3.1415, 0.0249, 0.0531,-1.6758
 0.1551, 0.0000, 3.1615, 3.1415,-0.0010, 0.0106,-0.6938
 0.1549, 0.0000, 3.1615, 3.1415,-0.0184, 0.0021,-1.1880
 0.1546, 0.0000, 3.1615, 3.1415,-0.0218, 0.0004,-1.2926
 0.1542, 0.0000, 3.1615, 3.1415,-0.0407, 0.0000,-2.3523
 0.1536, 0.0000, 3.1582, 3.1415,-0.0566,-0.2659, 4.6799
 0.1533, 0.0000, 3.1582, 3.1415,-0.0355,-0.0531, 1.8027
 0.1532, 0.0000, 3.1582, 3.1415,-0.0131,-0.0106, 0.6103
 0.1534, 0.0000, 3.1582, 3.1415, 0.0094,-0.0021, 1.4031
 0.1536, 0.0000, 3.1582, 3.1415, 0.0200,-0.0004, 1.9099
 0.1540, 0.0000, 3.1582, 3.1415, 0.0343,-0.0000, 2.7056
 0.1546, 0.0000, 3.1615, 3.1415, 0.0553, 0.2659,-4.6799
 0.1548, 0.0000, 3.1615, 3.1415, 0.0292, 0.0531,-1.4460
 0.1548, 0.0000, 3.1648, 3.1415, 0.0058, 0.2765,-4.6799
 0.1546, 0.0000, 3.1648, 3.1415,-0.0109, 0.0553,-4.6624
 0.1543, 0.0000, 3.1615, 3.1415,-0.0325,-0.2548, 4.6799
 0.1540, 0.0000, 3.1615, 3.1415,-0.0246,-0.0509, 1.4929
 0.1541, 0.0000, 3.1615, 3.1415, 0.0011,-0.0101, 0.5999
 0.1542, 0.0000, 3.1615, 3.1415, 0.0062,-0.0020, 0.4232
 0.1544, 0.0000, 3.1615, 3.1415, 0.0194,-0.0004, 1.0786
 0.1548, 0.0000, 3.1648, 3.1415, 0.0342, 0.2658,-4.6799
 0.1550, 0.0000, 3.1648, 3.1415, 0.0250, 0.0531,-2.4971
 0.1549, 0.0000, 3.1648, 3.1415,-0.0071, 0.0106,-1.8626
 0.1546, 0.0000, 3.1648, 3.1415,-0.0196, 0.0021,-2.0838
 0.1544, 0.0000, 3.1648, 3.1415,-0.0221, 0.0004,-2.1338
 0.1539, 0.0000, 3.1615, 3.1415,-0.0468,-0.2658, 4.6799
 0.1536, 0.0000, 3.1615, 3.1415,-0.0336,-0.0531, 1.1012
 0.1536, 0.0000, 3.1615, 3.1415,-0.0067,-0.0106, 0.1657
 0.1538, 0.0000, 3.1615, 3.1415, 0.0168,-0.0021, 1.0117
 0.1540, 0.0000, 3.1615, 3.1415, 0.0154,-0.0004, 0.8423
 0.1543, 0.0000, 3.1615, 3.1415, 0.0334,-0.0000, 1.8454
 0.1549, 0.0000, 3.1648, 3.1415, 0.0491, 0.2659,-4.6799
 0.1551, 0.0000, 3.1648, 3.1415, 0.0280, 0.0531,-2.3271
 0.1550, 0.0000, 3.1648, 3.1415,-0.0004, 0.0106,-1.4822
 0.1549, 0.0000, 3.1648, 3.1415,-0.0122, 0.0021,-1.6596
 0.1545, 0.0000, 3.1648, 3.1415,-0.0327, 0.0004,-2.7319
 0.1540, 0.0000, 3.1648, 3.1415,-0.0429, 0.0000,-3.3004
 0.1536, 0.0000, 3.1615, 3.1415,-0.0449,-0.2659, 4.6799
 0.1532, 0.0000, 3.1615, 3.1415,-0.0393,-0.0531, 0.7694
 0.1530, 0.0000, 3.1615, 3.1415,-0.0199,-0.0106,-0.5988
 0.1530, 0.0000, 3.1615, 3.1415,-0.0039,-0.0021,-0.1876
 0.1529, 0.0000, 3.1615, 3.1415,-0.0129,-0.0004,-0.7941
 0.1528, 0.0000, 3.1615, 3.1415,-0.0086,-0.0000,-0.5748
 0.1527, 0.0000, 3.1615, 3.1415,-0.0138,-0.0000,-0.8773
 0.1524, 0.0000, 3.1615, 3.1415,-0.0209,-0.0000,-1.2860
 0.1521, 0.0000, 3.1582, 3.1415,-0.0284,-0.2659, 4.6799
 0.1520, 0.0000, 3.1582, 3.1415,-0.0178,-0.0531, 2.7643
 0.1521, 0.0000, 3.1582, 3.1415, 0.0085,-0.0106, 1.8033
 0.1524, 0.0000, 3.1582, 3.1415, 0.0259,-0.0021, 2.3036
 0.1528, 0.0000, 3.1615, 3.1415, 0.0355, 0.2655,-4.6799
 0.1530, 0.0000, 3.1615, 3.1415, 0.0252, 0.0531,-1.7205
 0.1531, 0.0000, 3.1615, 3.1415, 0.0111, 0.0106,-0.0676
 0.1530, 0.0000, 3.1615, 3.1415,-0.0099, 0.0021,-0.7682
 0.1527, 0.0000, 3.1615, 3.1415,-0.0262, 0.0004,-1.6009
 0.1522, 0.0000, 3.1615, 3.1415,-0.0416, 0.0000,-2.4638
 0.1518, 0.0000, 3.1615, 3.1415,-0.0386, 0.0000,-2.3035
 0.1513, 0.0000, 3.1582, 3.1415,-0.0501,-0.2659, 4.6799
 0.1510, 0.0000, 3.1582, 3.1415,-0.0342,-0.0531, 1.8041
 0.1509, 0.0000, 3.1582, 3.1415,-0.0129,-0.0106, 0.5532
 0.1512, 0.0000, 3.1582, 3.1415, 0.0156,-0.0021, 1.6786
 0.1515, 0.0000, 3.1582, 3.1415, 0.0273,-0.0004, 2.2537
 0.1518, 0.0000, 3.1582, 3.1415, 0.0357,-0.0000, 2.7208
 0.1524, 0.0000, 3.1615, 3.1415, 0.0496, 0.2659,-4.6799
 0.1527, 0.0000, 3.1648, 3.1415, 0.0341, 0.3191,-4.6799
 0.1527, 0.0000, 3.1648, 3.1415, 0.0128, 0.0638,-3.8676
 0.1526, 0.0000, 3.1648, 3.1415,-0.0095, 0.0127,-2.1941
 0.1523, 0.0000, 3.1615, 3.1415,-0.0261,-0.2633, 4.6799
 0.1521, 0.0000, 3.1615, 3.1415,-0.0234,-0.0526, 1.6004
 0.1521, 0.0000, 3.1615, 3.1415,-0.0046,-0.0105, 0.2272
 0.1523, 0.0000, 3.1615, 3.1415, 0.0172,-0.0021, 0.9857
 0.1526, 0.0000, 3.1615, 3.1415, 0.0277,-0.0004, 1.4876
 0.1530, 0.0000, 3.1648, 3.1415, 0.0358, 0.2658,-4.6799
 0.1532, 0.0000, 3.1648, 3.1415, 0.0253, 0.0531,-2.5359
 0.1531, 0.0000, 3.1648, 3.1415,-0.0009, 0.0106,-1.5719
 0.1529, 0.0000, 3.1648, 3.1415,-0.0183, 0.0021,-2.0698
 0.1527, 0.0000, 3.1648, 3.1415,-0.0218, 0.0004,-2.1751
 0.1522, 0.0000, 3.1648, 3.1415,-0.0407, 0.0000,-3.2350
 0.1516, 0.0000, 3.1615, 3.1415,-0.0566,-0.2659, 4.6799
 0.1513, 0.0000, 3.1615, 3.1415,-0.0355,-0.0531, 0.9196
 0.1512, 0.0000, 3.1615, 3.1415,-0.0131,-0.0106,-0.2723
 0.1512, 0.0000, 3.1615, 3.1415,-0.0026,-0.0021,-0.1683
 0.1511, 0.0000, 3.1615, 3.1415,-0.0126,-0.0004,-0.8362
 0.1511, 0.0000, 3.1615, 3.1415,-0.0025,-0.0000,-0.2849
 0.1510, 0.0000, 3.1582, 3.1415,-0.0065,-0.2659, 4.6799
 0.1510, 0.0000, 3.1582, 3.1415,-0.0013,-0.0531, 3.6641
 0.1512, 0.0000, 3.1582, 3.1415, 0.0118,-0.0106, 1.9583
 0.1515, 0.0000, 3.1615, 3.1415, 0.0326, 0.2638,-4.6799
 0.1518, 0.0000, 3.1615, 3.1415, 0.0307, 0.0527,-1.4290
 0.1519, 0.0000, 3.1615, 3.1415, 0.0122, 0.0105,-0.0399
 0.1518, 0.0000, 3.1615, 3.1415,-0.0096, 0.0021,-0.7933
 0.1515, 0.0000, 3.1615, 3.1415,-0.0201, 0.0004,-1.2922
 0.1513, 0.0000, 3.1615, 3.1415,-0.0222, 0.0000,-1.3977
 0.1510, 0.0000, 3.1615, 3.1415,-0.0286, 0.0000,-1.7689
 0.1507, 0.0000, 3.1582, 3.1415,-0.0299,-0.2659, 4.6799
 0.1505, 0.0000, 3.1582, 3.1415,-0.0181,-0.0531, 2.7013
 0.1507, 0.0000, 3.1582, 3.1415, 0.0085,-0.0106, 1.7543
 0.1509, 0.0000, 3.1582, 3.1415, 0.0198,-0.0021, 1.9130
 0.1513, 0.0000, 3.1615, 3.1415, 0.0342, 0.2655,-4.6799
 0.1516, 0.0000, 3.1615, 3.1415, 0.0311, 0.0531,-1.4377
 0.1517, 0.0000, 3.1615, 3.1415, 0.0122, 0.0106,-0.0474
 0.1515, 0.0000, 3.1615, 3.1415,-0.0096, 0.0021,-0.8006
 0.1513, 0.0000, 3.1615, 3.1415,-0.0201, 0.0004,-1.2994
 0.1510, 0.0000, 3.1615, 3.1415,-0.0282, 0.0000,-1.7492
 0.1506, 0.0000, 3.1615, 3.1415,-0.0359, 0.0000,-2.1913
 0.1503, 0.0000, 3.1582, 3.1415,-0.0314,-0.2659, 4.6799
 0.1502, 0.0000, 3.1582, 3.1415,-0.0184,-0.0531, 2.6730
 0.1502, 0.0000, 3.1582, 3.1415, 0.0023,-0.0106, 1.3946
 0.1505, 0.0000, 3.1582, 3.1415, 0.0186,-0.0021, 1.8296
 0.1509, 0.0000, 3.1615, 3.1415, 0.0340, 0.2655,-4.6799
 0.1511, 0.0000, 3.1615, 3.1415, 0.0250, 0.0531,-1.7992
 0.1512, 0.0000, 3.1615, 3.1415, 0.0110, 0.0106,-0.1331
 0.1509, 0.0000, 3.1615, 3.1415,-0.0159, 0.0021,-1.1755
 0.1506, 0.0000, 3.1615, 3.1415,-0.0274, 0.0004,-1.7341
 0.1502, 0.0000, 3.1582, 3.1415,-0.0358,-0.2658, 4.6799
 0.1501, 0.0000, 3.1582, 3.1415,-0.0192,-0.0531, 2.6204
 0.1502, 0.0000, 3.1582, 3.1415, 0.0082,-0.0106, 1.7266
 0.1505, 0.0000, 3.1582, 3.1415, 0.0259,-0.0021, 2.2403
 0.1509, 0.0000, 3.1615, 3.1415, 0.0354, 0.2655,-4.6799
 0.1511, 0.0000, 3.1615, 3.1415, 0.0192, 0.0531,-2.1249
 0.1512, 0.0000, 3.1615, 3.1415, 0.0099, 0.0106,-0.1982
 0.1509, 0.0000, 3.1615, 3.1415,-0.0162, 0.0021,-1.1885
 0.1506, 0.0000, 3.1615, 3.1415,-0.0274, 0.0004,-1.7367
 0.1502, 0.0000, 3.1582, 3.1415,-0.0358,-0.2658, 4.6799
 0.1501, 0.0000, 3.1582, 3.1415,-0.0192,-0.0531, 2.6203
 0.1502, 0.0000, 3.1582, 3.1415, 0.0082,-0.0106, 1.7266
 0.1504, 0.0000, 3.1582, 3.1415, 0.0137,-0.0021, 1.5516
 0.1507, 0.0000, 3.1582, 3.1415, 0.0270,-0.0004, 2.2092
 0.1512, 0.0000, 3.1615, 3.1415, 0.0478, 0.2658,-4.6799
 0.1516, 0.0000, 3.1615, 3.1415, 0.0398, 0.0531,-0.9468
 0.1517, 0.0000, 3.1615, 3.1415, 0.0140, 0.0106, 0.0506
 0.1518, 0.0000, 3.1615, 3.1415, 0.0149, 0.0021, 0.5965
 0.1521, 0.0000, 3.1615, 3.1415, 0.0211, 0.0004, 1.0538
 0.1521, 0.0000, 3.1615, 3.1415, 0.0102, 0.0000, 0.4623
 0.1523, 0.0000, 3.1648, 3.1415, 0.0141, 0.2659,-4.6799
 0.1523, 0.0000, 3.1648, 3.1415, 0.0028, 0.0531,-3.8362
 0.1522, 0.0000, 3.1648, 3.1415,-0.0054, 0.0106,-1.8549
 0.1519, 0.0000, 3.1615, 3.1415,-0.0253,-0.2638, 4.6799
 0.1518, 0.0000, 3.1615, 3.1415,-0.0111,-0.0527, 2.2912
 0.1519, 0.0000, 3.1615, 3.1415, 0.0038,-0.0105, 0.7040
 0.1521, 0.0000, 3.1615, 3.1415, 0.0189,-0.0021, 1.0772
 0.1524, 0.0000, 3.1615, 3.1415, 0.0219,-0.0004, 1.1576
 0.1528, 0.0000, 3.1648, 3.1415, 0.0407, 0.2658,-4.6799
 0.1531, 0.0000, 3.1648, 3.1415, 0.0324, 0.0531,-2.1409
 0.1530, 0.0000, 3.1648, 3.1415, 0.0004, 0.0106,-1.4948
 0.1529, 0.0000, 3.1648, 3.1415,-0.0120, 0.0021,-1.7119
 0.1527, 0.0000, 3.1648, 3.1415,-0.0205, 0.0004,-2.1035
 0.1523, 0.0000, 3.1615, 3.1415,-0.0344,-0.2658, 4.6799
 0.1521, 0.0000, 3.1615, 3.1415,-0.0250,-0.0531, 1.5355
 0.1521, 0.0000, 3.1615, 3.1415, 0.0010,-0.0106, 0.5586
 0.1524, 0.0000, 3.1615, 3.1415, 0.0244,-0.0021, 1.3983
 0.1528, 0.0000, 3.1615, 3.1415, 0.0352,-0.0004, 1.9183
 0.1532, 0.0000, 3.1648, 3.1415, 0.0373, 0.2658,-4.6799
 0.1536, 0.0000, 3.1648, 3.1415, 0.0377, 0.0531,-1.8230
 0.1537, 0.0000, 3.1681, 3.1415, 0.0136, 0.2765,-4.6799
 0.1534, 0.0000, 3.1681, 3.1415,-0.0154, 0.0553,-4.6799
 0.1530, 0.0000, 3.1648, 3.1415,-0.0334,-0.2548, 4.6799
 0.1527, 0.0000, 3.1648, 3.1415,-0.0309,-0.0509, 0.2798
 0.1527, 0.0000, 3.1648, 3.1415,-0.0122,-0.0101,-1.0202
 0.1527, 0.0000, 3.1648, 3.1415,-0.0024,-0.0020,-0.9378
 0.1526, 0.0000, 3.1648, 3.1415,-0.0065,-0.0004,-1.2657
 0.1525, 0.0000, 3.1648, 3.1415,-0.0073,-0.0000,-1.3332
 0.1524, 0.0000, 3.1615, 3.1415,-0.0136,-0.2659, 4.6799
 0.1523, 0.0000, 3.1615, 3.1415,-0.0087,-0.0531, 2.4627
 0.1524, 0.0000, 3.1615, 3.1415, 0.0103,-0.0106, 1.0942
 0.1528, 0.0000, 3.1615, 3.1415, 0.0323,-0.0021, 1.8575
 0.1533, 0.0000, 3.1648, 3.1415, 0.0428, 0.2655,-4.6799
 0.1536, 0.0000, 3.1648, 3.1415, 0.0328, 0.0531,-2.0991
 0.1537, 0.0000, 3.1648, 3.1415, 0.0126, 0.0106,-0.7862
 0.1535, 0.0000, 3.1648, 3.1415,-0.0096, 0.0021,-1.5548
 0.1533, 0.0000, 3.1648, 3.1415,-0.0201, 0.0004,-2.0568
 0.1529, 0.0000, 3.1648, 3.1415,-0.0343, 0.0000,-2.8517
 0.1524, 0.0000, 3.1648, 3.1415,-0.0432, 0.0000,-3.3646
 0.1519, 0.0000, 3.1615, 3.1415,-0.0510,-0.2659, 4.6799
 0.1516, 0.0000, 3.1615, 3.1415,-0.0344,-0.0531, 0.9922
 0.1515, 0.0000, 3.1582, 3.1415,-0.0129,-0.2765, 4.6799
 0.1517, 0.0000, 3.1582, 3.1415, 0.0095,-0.0553, 4.4200
 0.1520, 0.0000, 3.1615, 3.1415, 0.0261, 0.2548,-4.6799
 0.1522, 0.0000, 3.1615, 3.1415, 0.0234, 0.0509,-1.7296
 0.1523, 0.0000, 3.1615, 3.1415, 0.0107, 0.0101,-0.0905
 0.1521, 0.0000, 3.1615, 3.1415,-0.0099, 0.0020,-0.7938
 0.1518, 0.0000, 3.1615, 3.1415,-0.0262, 0.0004,-1.6271
 0.1515, 0.0000, 3.1615, 3.1415,-0.0295, 0.0000,-1.8014
 0.1513, 0.0000, 3.1615, 3.1415,-0.0240, 0.0000,-1.4996
 0.1509, 0.0000, 3.1582, 3.1415,-0.0411,-0.2659, 4.6799
 0.1506, 0.0000, 3.1582, 3.1415,-0.0264,-0.0531, 2.2353
 0.1508, 0.0000, 3.1582, 3.1415, 0.0068,-0.0106, 1.6630
 0.1511, 0.0000, 3.1582, 3.1415, 0.0256,-0.0021, 2.2410
 0.1514, 0.0000, 3.1582, 3.1415, 0.0293,-0.0004, 2.3644
 0.1519, 0.0000, 3.1615, 3.1415, 0.0483, 0.2658,-4.6799
 0.1523, 0.0000, 3.1615, 3.1415, 0.0399, 0.0531,-0.9200
 0.1524, 0.0000, 3.1648, 3.1415, 0.0201, 0.2765,-4.6799
 0.1523, 0.0000, 3.1648, 3.1415,-0.0081, 0.0553,-4.5757
 0.1520, 0.0000, 3.1615, 3.1415,-0.0258,-0.2548, 4.6799
 0.1519, 0.0000, 3.1615, 3.1415,-0.0112,-0.0509, 2.1846
 0.1519, 0.0000, 3.1615, 3.1415,-0.0022,-0.0101, 0.3403
 0.1521, 0.0000, 3.1615, 3.1415, 0.0177,-0.0020, 1.0045
 0.1524, 0.0000, 3.1615, 3.1415, 0.0278,-0.0004, 1.4874
 0.1530, 0.0000, 3.1648, 3.1415, 0.0480, 0.2658,-4.6799
 0.1532, 0.0000, 3.1648, 3.1415, 0.0277, 0.0531,-2.3989
 0.1531, 0.0000, 3.1648, 3.1415,-0.0005, 0.0106,-1.5445
 0.1530, 0.0000, 3.1648, 3.1415,-0.0122, 0.0021,-1.7199
 0.1527, 0.0000, 3.1648, 3.1415,-0.0206, 0.0004,-2.1032
 0.1523, 0.0000, 3.1648, 3.1415,-0.0405, 0.0000,-3.2187
 0.1518, 0.0000, 3.1615, 3.1415,-0.0444,-0.2659, 4.6799
 0.1516, 0.0000, 3.1615, 3.1415,-0.0270,-0.0531, 1.4086
 0.1517, 0.0000, 3.1615, 3.1415, 0.0006,-0.0106, 0.5217
 0.1518, 0.0000, 3.1615, 3.1415, 0.0061,-0.0021, 0.3463
 0.1519, 0.0000, 3.1615, 3.1415, 0.0133,-0.0004, 0.6575
 0.1523, 0.0000, 3.1615, 3.1415, 0.0329,-0.0000, 1.7566
 0.1529, 0.0000, 3.1648, 3.1415, 0.0551, 0.2659,-4.6799
 0.1531, 0.0000, 3.1648, 3.1415, 0.0292, 0.0531,-2.3220
 0.1531, 0.0000, 3.1648, 3.1415, 0.0058, 0.0106,-1.1867
 0.1530, 0.0000, 3.1648, 3.1415,-0.0109, 0.0021,-1.6484
 0.1527, 0.0000, 3.1648, 3.1415,-0.0203, 0.0004,-2.0889
 0.1524, 0.0000, 3.1648, 3.1415,-0.0283, 0.0000,-2.5271
 0.1520, 0.0000, 3.1648, 3.1415,-0.0420, 0.0000,-3.3112
 0.1514, 0.0000, 3.1615, 3.1415,-0.0569,-0.2659, 4.6799
 0.1512, 0.0000, 3.1615, 3.1415,-0.0295,-0.0531, 1.2541
 0.1512, 0.0000, 3.1615, 3.1415, 0.0001,-0.0106, 0.4793
 0.1512, 0.0000, 3.1615, 3.1415, 0.0000,-0.0021,-0.0179
 0.1512, 0.0000, 3.1615, 3.1415,-0.0060,-0.0004,-0.4618
 0.1512, 0.0000, 3.1615, 3.1415,-0.0012,-0.0000,-0.2081
 0.1512, 0.0000, 3.1615, 3.1415,-0.0002,-0.0000,-0.1574
 0.1509, 0.0000, 3.1615, 3.1415,-0.0243,-0.0000,-1.5247
 0.1505, 0.0000, 3.1582, 3.1415,-0.0351,-0.2659, 4.6799
 0.1505, 0.0000, 3.1582, 3.1415,-0.0009,-0.0531, 3.6688
 0.1508, 0.0000, 3.1582, 3.1415, 0.0179,-0.0106, 2.2921
 0.1509, 0.0000, 3.1582, 3.1415, 0.0157,-0.0021, 1.6782
 0.1512, 0.0000, 3.1615, 3.1415, 0.0273, 0.2655,-4.6799
 0.1515, 0.0000, 3.1615, 3.1415, 0.0297, 0.0531,-1.5179
 0.1516, 0.0000, 3.1615, 3.1415, 0.0120, 0.0106,-0.0653
 0.1515, 0.0000, 3.1615, 3.1415,-0.0036, 0.0021,-0.4617
 0.1513, 0.0000, 3.1615, 3.1415,-0.0189, 0.0004,-1.2316
 0.1509, 0.0000, 3.1615, 3.1415,-0.0341, 0.0000,-2.0800
 0.1505, 0.0000, 3.1615, 3.1415,-0.0371, 0.0000,-2.2594
 0.1502, 0.0000, 3.1582, 3.1415,-0.0377,-0.2659, 4.6799
 0.1500, 0.0000, 3.1582, 3.1415,-0.0196,-0.0531, 2.5971
 0.1501, 0.0000, 3.1582, 3.1415, 0.0021,-0.0106, 1.3756
 0.1503, 0.0000, 3.1582, 3.1415, 0.0186,-0.0021, 1.8220
 0.1508, 0.0000, 3.1582, 3.1415, 0.0401,-0.0004, 2.9501
 0.1514, 0.0000, 3.1615, 3.1415, 0.0565, 0.2658,-4.6799
 0.1518, 0.0000, 3.1615, 3.1415, 0.0416, 0.0531,-0.8441
 0.1518, 0.0000, 3.1648, 3.1415, 0.0083, 0.2765,-4.6799
 0.1518, 0.0000, 3.1648, 3.1415, 0.0016, 0.0553,-4.0415
 0.1514, 0.0000, 3.1615, 3.1415,-0.0299,-0.2548, 4.6799
 0.1512, 0.0000, 3.1615, 3.1415,-0.0181,-0.0509, 1.7747
 0.1514, 0.0000, 3.1615, 3.1415, 0.0085,-0.0101, 0.9298
 0.1516, 0.0000, 3.1615, 3.1415, 0.0198,-0.0020, 1.1090
 0.1518, 0.0000, 3.1615, 3.1415, 0.0161,-0.0004, 0.8062
 0.1521, 0.0000, 3.1648, 3.1415, 0.0335, 0.2658,-4.6799
 0.1524, 0.0000, 3.1648, 3.1415, 0.0309, 0.0531,-2.2441
 0.1523, 0.0000, 3.1648, 3.1415,-0.0059, 0.0106,-1.8771
 0.1522, 0.0000, 3.1648, 3.1415,-0.0072, 0.0021,-1.4631
 0.1520, 0.0000, 3.1648, 3.1415,-0.0196, 0.0004,-2.0710
 0.1515, 0.0000, 3.1615, 3.1415,-0.0403,-0.2658, 4.6799
 0.1513, 0.0000, 3.1615, 3.1415,-0.0262,-0.0531, 1.4453
 0.1515, 0.0000, 3.1615, 3.1415, 0.0068,-0.0106, 0.8658
 0.1516, 0.0000, 3.1615, 3.1415, 0.0135,-0.0021, 0.7538
 0.1519, 0.0000, 3.1615, 3.1415, 0.0269,-0.0004, 1.4239
 0.1524, 0.0000, 3.1648, 3.1415, 0.0417, 0.2658,-4.6799
 0.1527, 0.0000, 3.1648, 3.1415, 0.0326, 0.0531,-2.1440
 0.1526, 0.0000, 3.1648, 3.1415, 0.0004, 0.0106,-1.5069
 0.1524, 0.0000, 3.1648, 3.1415,-0.0120, 0.0021,-1.7258
 0.1522, 0.0000, 3.1648, 3.1415,-0.0205, 0.0004,-2.1178
 0.1518, 0.0000, 3.1648, 3.1415,-0.0404, 0.0000,-3.2350
 0.1513, 0.0000, 3.1615, 3.1415,-0.0444,-0.2659, 4.6799
 0.1512, 0.0000, 3.1615, 3.1415,-0.0210,-0.0531, 1.7362
 0.1512, 0.0000, 3.1615, 3.1415,-0.0042,-0.0106, 0.2314
 0.1512, 0.0000, 3.1615, 3.1415, 0.0052,-0.0021, 0.2748
 0.1515, 0.0000, 3.1615, 3.1415, 0.0252,-0.0004, 1.3185
 0.1519, 0.0000, 3.1648, 3.1415, 0.0353, 0.2658,-4.6799
 0.1521, 0.0000, 3.1648, 3.1415, 0.0252, 0.0531,-2.5749
 0.1521, 0.0000, 3.1648, 3.1415,-0.0010, 0.0106,-1.6065
 0.1519, 0.0000, 3.1648, 3.1415,-0.0123, 0.0021,-1.7592
 0.1515, 0.0000, 3.1648, 3.1415,-0.0327, 0.0004,-2.8266
 0.1512, 0.0000, 3.1648, 3.1415,-0.0368, 0.0000,-3.0496
 0.1507, 0.0000, 3.1615, 3.1415,-0.0437,-0.2659, 4.6799
 0.1505, 0.0000, 3.1615, 3.1415,-0.0269,-0.0531, 1.3808
 0.1505, 0.0000, 3.1615, 3.1415,-0.0053,-0.0106, 0.1431
 0.1506, 0.0000, 3.1615, 3.1415, 0.0110,-0.0021, 0.5842
 0.1509, 0.0000, 3.1615, 3.1415, 0.0264,-0.0004, 1.3651
 0.1513, 0.0000, 3.1615, 3.1415, 0.0356,-0.0000, 1.8733
 0.1518, 0.0000, 3.1648, 3.1415, 0.0495, 0.2659,-4.6799
 0.1521, 0.0000, 3.1648, 3.1415, 0.0281, 0.0531,-2.4180
 0.1521, 0.0000, 3.1681, 3.1415, 0.0116, 0.2765,-4.6799
 0.1519, 0.0000, 3.1681, 3.1415,-0.0158, 0.0553,-4.6799
 0.1516, 0.0000, 3.1648, 3.1415,-0.0274,-0.2548, 4.6799
 0.1515, 0.0000, 3.1648, 3.1415,-0.0115,-0.0509, 1.3349
 0.1515, 0.0000, 3.1648, 3.1415,-0.0023,-0.0101,-0.4955
 0.1515, 0.0000, 3.1648, 3.1415,-0.0065,-0.0020,-1.2060
 0.1514, 0.0000, 3.1648, 3.1415,-0.0073,-0.0004,-1.3500
 0.1514, 0.0000, 3.1648, 3.1415,-0.0014,-0.0000,-1.0363
 0.1512, 0.0000, 3.1648, 3.1415,-0.0184,-0.0000,-2.0067
 0.1507, 0.0000, 3.1648, 3.1415,-0.0400,-0.0000,-3.2397
 0.1504, 0.0000, 3.1648, 3.1415,-0.0322,-0.0000,-2.8090
 0.1499, 0.0000, 3.1615, 3.1415,-0.0488,-0.2659, 4.6799
 0.1496, 0.0000, 3.1615, 3.1415,-0.0340,-0.0531, 0.9523
 0.1496, 0.0000, 3.1615, 3.1415,-0.0007,-0.0106, 0.3787
 0.1499, 0.0000, 3.1615, 3.1415, 0.0180,-0.0021, 0.9547
 0.1500, 0.0000, 3.1615, 3.1415, 0.0157,-0.0004, 0.7313
 0.1504, 0.0000, 3.1648, 3.1415, 0.0334, 0.2658,-4.6799
 0.1507, 0.0000, 3.1648, 3.1415, 0.0309, 0.0531,-2.3000
 0.1506, 0.0000, 3.1648, 3.1415, 0.0001, 0.0106,-1.5880
 0.1504, 0.0000, 3.1648, 3.1415,-0.0181, 0.0021,-2.1361
 0.1502, 0.0000, 3.1648, 3.1415,-0.0218, 0.0004,-2.2516
 0.1498, 0.0000, 3.1648, 3.1415,-0.0346, 0.0000,-2.9692
 0.1492, 0.0000, 3.1615, 3.1415,-0.0554,-0.2659, 4.6799
 0.1490, 0.0000, 3.1615, 3.1415,-0.0292,-0.0531, 1.2011
 0.1491, 0.0000, 3.1615, 3.1415, 0.0062,-0.0106, 0.7575
 0.1493, 0.0000, 3.1615, 3.1415, 0.0133,-0.0021, 0.6727
 0.1494, 0.0000, 3.1615, 3.1415, 0.0148,-0.0004, 0.6595
 0.1497, 0.0000, 3.1648, 3.1415, 0.0272, 0.2658,-4.6799
 0.1500, 0.0000, 3.1648, 3.1415, 0.0296, 0.0531,-2.3920
 0.1499, 0.0000, 3.1648, 3.1415,-0.0001, 0.0106,-1.6236
 0.1497, 0.0000, 3.1648, 3.1415,-0.0182, 0.0021,-2.1606
 0.1494, 0.0000, 3.1648, 3.1415,-0.0278, 0.0004,-2.6181
 0.1490, 0.0000, 3.1648, 3.1415,-0.0358, 0.0000,-3.0616
 0.1486, 0.0000, 3.1648, 3.1415,-0.0435, 0.0000,-3.5043
 0.1481, 0.0000, 3.1615, 3.1415,-0.0450,-0.2659, 4.6799
 0.1478, 0.0000, 3.1615, 3.1415,-0.0332,-0.0531, 0.9401
 0.1478, 0.0000, 3.1615, 3.1415,-0.0066,-0.0106,-0.0120
 0.1478, 0.0000, 3.1615, 3.1415,-0.0013,-0.0021,-0.2025
 0.1478, 0.0000, 3.1615, 3.1415,-0.0002,-0.0004,-0.2405
 0.1477, 0.0000, 3.1615, 3.1415,-0.0061,-0.0000,-0.5926
 0.1477, 0.0000, 3.1615, 3.1415,-0.0012,-0.0000,-0.3205
 0.1475, 0.0000, 3.1615, 3.1415,-0.0184,-0.0000,-1.2992
 0.1473, 0.0000, 3.1615, 3.1415,-0.0218,-0.0000,-1.5006
 0.1470, 0.0000, 3.1615, 3.1415,-0.0286,-0.0000,-1.8911
 0.1468, 0.0000, 3.1615, 3.1415,-0.0178,-0.0000,-1.2880
 0.1465, 0.0000, 3.1582, 3.1415,-0.0278,-0.2659, 4.6799
 0.1465, 0.0000, 3.1582, 3.1415,-0.0116,-0.0531, 2.9385
 0.1466, 0.0000, 3.1582, 3.1415, 0.0098,-0.0106, 1.6982
 0.1471, 0.0000, 3.1615, 3.1415, 0.0383, 0.2638,-4.6799
 0.1472, 0.0000, 3.1615, 3.1415, 0.0197, 0.0527,-2.1954
 0.1472, 0.0000, 3.1615, 3.1415, 0.0039, 0.0105,-0.6545
 0.1471, 0.0000, 3.1615, 3.1415,-0.0113, 0.0021,-1.0350
 0.1468, 0.0000, 3.1615, 3.1415,-0.0204, 0.0004,-1.4593
 0.1464, 0.0000, 3.1615, 3.1415,-0.0404, 0.0000,-2.5830
 0.1460, 0.0000, 3.1615, 3.1415,-0.0384, 0.0000,-2.4749
 0.1455, 0.0000, 3.1582, 3.1415,-0.0501,-0.2659, 4.6799
 0.1453, 0.0000, 3.1582, 3.1415,-0.0221,-0.0531, 2.3089
 0.1454, 0.0000, 3.1582, 3.1415, 0.0016,-0.0106, 1.1992
 0.1456, 0.0000, 3.1582, 3.1415, 0.0185,-0.0021, 1.6679
 0.1459, 0.0000, 3.1615, 3.1415, 0.0279, 0.2655,-4.6799
 0.1462, 0.0000, 3.1615, 3.1415, 0.0237, 0.0531,-2.0236
 0.1462, 0.0000, 3.1615, 3.1415, 0.0047, 0.0106,-0.6469
 0.1459, 0.0000, 3.1615, 3.1415,-0.0172, 0.0021,-1.4047
 0.1455, 0.0000, 3.1615, 3.1415,-0.0398, 0.0004,-2.5951
 0.1451, 0.0000, 3.1582, 3.1415,-0.0382,-0.2658, 4.6799
 0.1449, 0.0000, 3.1582, 3.1415,-0.0258,-0.0531, 2.0852
 0.1449, 0.0000, 3.1582, 3.1415, 0.0008,-0.0106, 1.1430
 0.1452, 0.0000, 3.1582, 3.1415, 0.0183,-0.0021, 1.6452
 0.1455, 0.0000, 3.1615, 3.1415, 0.0339, 0.2655,-4.6799
 0.1458, 0.0000, 3.1615, 3.1415, 0.0249, 0.0531,-1.9676
 0.1457, 0.0000, 3.1615, 3.1415,-0.0010, 0.0106,-0.9896
 0.1454, 0.0000, 3.1615, 3.1415,-0.0244, 0.0021,-1.8291
 0.1451, 0.0000, 3.1615, 3.1415,-0.0291, 0.0004,-2.0047
 0.1446, 0.0000, 3.1615, 3.1415,-0.0422, 0.0000,-2.7362
 0.1440, 0.0000, 3.1582, 3.1415,-0.0569,-0.2659, 4.6799
 0.1437, 0.0000, 3.1548, 3.1415,-0.0417,-0.3191, 4.6799
 0.1438, 0.0000, 3.1548, 3.1415, 0.0037,-0.0638, 4.6799
 0.1441, 0.0000, 3.1582, 3.1415, 0.0250, 0.2531,-4.6799
 0.1441, 0.0000, 3.1582, 3.1415, 0.0050, 0.0506,-2.1847
 0.1441, 0.0000, 3.1582, 3.1415, 0.0010, 0.0101,-0.0745
 0.1440, 0.0000, 3.1582, 3.1415,-0.0058, 0.0020, 0.0031
 0.1439, 0.0000, 3.1582, 3.1415,-0.0132, 0.0004,-0.3276
 0.1437, 0.0000, 3.1582, 3.1415,-0.0208, 0.0000,-0.7419
 0.1435, 0.0000, 3.1582, 3.1415,-0.0162, 0.0000,-0.4861
 0.1433, 0.0000, 3.1582, 3.1415,-0.0153, 0.0000,-0.4389
 0.1432, 0.0000, 3.1548, 3.1415,-0.0152,-0.2659, 4.6799
 0.1433, 0.0000, 3.1548, 3.1415, 0.0030,-0.0531, 4.4847
 0.1436, 0.0000, 3.1548, 3.1415, 0.0248,-0.0106, 3.2721
 0.1441, 0.0000, 3.1582, 3.1415, 0.0474, 0.2638,-4.6799
 0.1443, 0.0000, 3.1582, 3.1415, 0.0276, 0.0527,-1.0215
 0.1446, 0.0000, 3.1582, 3.1415, 0.0237, 0.0105, 1.1969
 0.1446, 0.0000, 3.1582, 3.1415, 0.0047, 0.0021, 0.6132
 0.1447, 0.0000, 3.1582, 3.1415, 0.0130, 0.0004, 1.1853
 0.1448, 0.0000, 3.1615, 3.1415, 0.0086, 0.2660,-4.6799
 0.1448, 0.0000, 3.1615, 3.1415, 0.0017, 0.0532,-3.3160
 0.1446, 0.0000, 3.1615, 3.1415,-0.0178, 0.0106,-1.9730
 0.1443, 0.0000, 3.1582, 3.1415,-0.0278,-0.2638, 4.6799
 0.1442, 0.0000, 3.1582, 3.1415,-0.0116,-0.0527, 2.8421
 0.1443, 0.0000, 3.1582, 3.1415, 0.0098,-0.0105, 1.6214
 0.1446, 0.0000, 3.1582, 3.1415, 0.0201,-0.0021, 1.7255
 0.1449, 0.0000, 3.1582, 3.1415, 0.0282,-0.0004, 2.0964
 0.1455, 0.0000, 3.1615, 3.1415, 0.0602, 0.2658,-4.6799
 0.1459, 0.0000, 3.1615, 3.1415, 0.0423, 0.0531,-0.9868
 0.1459, 0.0000, 3.1648, 3.1415, 0.0084, 0.2765,-4.6799
 0.1458, 0.0000, 3.1648, 3.1415,-0.0104, 0.0553,-4.6799
 0.1455, 0.0000, 3.1615, 3.1415,-0.0263,-0.2548, 4.6799
 0.1453, 0.0000, 3.1615, 3.1415,-0.0173,-0.0509, 1.6290
 0.1453, 0.0000, 3.1615, 3.1415,-0.0034,-0.0101, 0.0624
 0.1455, 0.0000, 3.1615, 3.1415, 0.0174,-0.0020, 0.7822
 0.1459, 0.0000, 3.1615, 3.1415, 0.0338,-0.0004, 1.6207
 0.1465, 0.0000, 3.1615, 3.1415, 0.0492,-0.0000, 2.4867
 0.1470, 0.0000, 3.1648, 3.1415, 0.0522, 0.2659,-4.6799
 0.1474, 0.0000, 3.1681, 3.1415, 0.0407, 0.3191,-4.6799
 0.1475, 0.0000, 3.1681, 3.1415, 0.0202, 0.0638,-4.4371
 0.1474, 0.0000, 3.1681, 3.1415,-0.0080, 0.0127,-3.0966
 0.1469, 0.0000, 3.1648, 3.1415,-0.0379,-0.2634, 4.6799
 0.1468, 0.0000, 3.1648, 3.1415,-0.0197,-0.0526, 0.8209
 0.1468, 0.0000, 3.1648, 3.1415, 0.0021,-0.0105,-0.3746
 0.1468, 0.0000, 3.1648, 3.1415, 0.0004,-0.0021,-0.9562
 0.1468, 0.0000, 3.1648, 3.1415, 0.0000,-0.0004,-1.0725
 0.1467, 0.0000, 3.1648, 3.1415,-0.0121,-0.0000,-1.7846
 0.1465, 0.0000, 3.1648, 3.1415,-0.0145,-0.0000,-1.9308
 0.1462, 0.0000, 3.1615, 3.1415,-0.0332,-0.2659, 4.6799
 0.1461, 0.0000, 3.1615, 3.1415,-0.0127,-0.0531, 2.0448
 0.1462, 0.0000, 3.1615, 3.1415, 0.0095,-0.0106, 0.8535
 0.1465, 0.0000, 3.1615, 3.1415, 0.0261,-0.0021, 1.3078
 0.1468, 0.0000, 3.1648, 3.1415, 0.0294, 0.2655,-4.6799
 0.1471, 0.0000, 3.1648, 3.1415, 0.0240, 0.0531,-2.7978
 0.1471, 0.0000, 3.1648, 3.1415, 0.0048, 0.0106,-1.4351
 0.1468, 0.0000, 3.1648, 3.1415,-0.0172, 0.0021,-2.1957
 0.1465, 0.0000, 3.1648, 3.1415,-0.0337, 0.0004,-3.0423
 0.1459, 0.0000, 3.1615, 3.1415,-0.0491,-0.2658, 4.6799
 0.1457, 0.0000, 3.1615, 3.1415,-0.0280,-0.0531, 1.1678
 0.1458, 0.0000, 3.1582, 3.1415, 0.0004,-0.2765, 4.6799
 0.1459, 0.0000, 3.1582, 3.1415, 0.0122,-0.0553, 4.3893
 0.1465, 0.0000, 3.1615, 3.1415, 0.0448, 0.2548,-4.6799
 0.1467, 0.0000, 3.1648, 3.1415, 0.0271, 0.3169,-4.6799
 0.1468, 0.0000, 3.1648, 3.1415, 0.0175, 0.0633,-3.7659
 0.1466, 0.0000, 3.1648, 3.1415,-0.0146, 0.0126,-2.6676
 0.1462, 0.0000, 3.1615, 3.1415,-0.0393,-0.2634, 4.6799
 0.1460, 0.0000, 3.1615, 3.1415,-0.0199,-0.0526, 1.6025
 0.1461, 0.0000, 3.1615, 3.1415, 0.0020,-0.0105, 0.4187
 0.1463, 0.0000, 3.1615, 3.1415, 0.0186,-0.0021, 0.8727
 0.1465, 0.0000, 3.1615, 3.1415, 0.0219,-0.0004, 0.9692
 0.1471, 0.0000, 3.1648, 3.1415, 0.0468, 0.2658,-4.6799
 0.1473, 0.0000, 3.1648, 3.1415, 0.0275, 0.0531,-2.5990
 0.1474, 0.0000, 3.1648, 3.1415, 0.0176, 0.0106,-0.7009
 0.1471, 0.0000, 3.1648, 3.1415,-0.0207, 0.0021,-2.3836
 0.1469, 0.0000, 3.1648, 3.1415,-0.0223, 0.0004,-2.3835
 0.1465, 0.0000, 3.1615, 3.1415,-0.0347,-0.2658, 4.6799
 0.1463, 0.0000, 3.1615, 3.1415,-0.0251,-0.0531, 1.3495
 0.1464, 0.0000, 3.1615, 3.1415, 0.0010,-0.0106, 0.3759
 0.1468, 0.0000, 3.1615, 3.1415, 0.0305,-0.0021, 1.5604
 0.1471, 0.0000, 3.1648, 3.1415, 0.0364, 0.2655,-4.6799
 0.1474, 0.0000, 3.1648, 3.1415, 0.0315, 0.0531,-2.3657
 0.1475, 0.0000, 3.1648, 3.1415, 0.0123, 0.0106,-0.9948
 0.1474, 0.0000, 3.1648, 3.1415,-0.0096, 0.0021,-1.7517
 0.1471, 0.0000, 3.1648, 3.1415,-0.0261, 0.0004,-2.5957
 0.1466, 0.0000, 3.1648, 3.1415,-0.0416, 0.0000,-3.4609
 0.1460, 0.0000, 3.1615, 3.1415,-0.0568,-0.2659, 4.6799
 0.1457, 0.0000, 3.1615, 3.1415,-0.0356,-0.0531, 0.7405
 0.1457, 0.0000, 3.1582, 3.1415,-0.0071,-0.2765, 4.6799
 0.1459, 0.0000, 3.1582, 3.1415, 0.0167,-0.0553, 4.6457
 0.1464, 0.0000, 3.1615, 3.1415, 0.0397, 0.2548,-4.6799
 0.1467, 0.0000, 3.1615, 3.1415, 0.0321, 0.0509,-1.4094
 0.1468, 0.0000, 3.1648, 3.1415, 0.0125, 0.2761,-4.6799
 0.1466, 0.0000, 3.1648, 3.1415,-0.0096, 0.0552,-4.6799
 0.1462, 0.0000, 3.1615, 3.1415,-0.0383,-0.2548, 4.6799
 0.1459, 0.0000, 3.1615, 3.1415,-0.0258,-0.0509, 1.1714
 0.1460, 0.0000, 3.1615, 3.1415, 0.0008,-0.0101, 0.3306
 0.1462, 0.0000, 3.1615, 3.1415, 0.0123,-0.0020, 0.5088
 0.1463, 0.0000, 3.1615, 3.1415, 0.0145,-0.0004, 0.5482
 0.1466, 0.0000, 3.1615, 3.1415, 0.0271,-0.0000, 1.2487
 0.1472, 0.0000, 3.1648, 3.1415, 0.0539, 0.2659,-4.6799
 0.1474, 0.0000, 3.1648, 3.1415, 0.0289, 0.0531,-2.5147
 0.1474, 0.0000, 3.1648, 3.1415,-0.0002, 0.0106,-1.7133
 0.1474, 0.0000, 3.1648, 3.1415,-0.0000, 0.0021,-1.2105
 0.1471, 0.0000, 3.1648, 3.1415,-0.0242, 0.0004,-2.4875
 0.1466, 0.0000, 3.1648, 3.1415,-0.0412, 0.0000,-3.4393
 0.1460, 0.0000, 3.1615, 3.1415,-0.0567,-0.2659, 4.6799
 0.1457, 0.0000, 3.1615, 3.1415,-0.0356,-0.0531, 0.7414
 0.1457, 0.0000, 3.1615, 3.1415,-0.0071,-0.0106,-0.1054
 0.1456, 0.0000, 3.1615, 3.1415,-0.0074,-0.0021,-0.6191
 0.1455, 0.0000, 3.1615, 3.1415,-0.0075,-0.0004,-0.7239
 0.1455, 0.0000, 3.1615, 3.1415,-0.0075,-0.0000,-0.7466
 0.1453, 0.0000, 3.1582, 3.1415,-0.0136,-0.2659, 4.6799
 0.1454, 0.0000, 3.1582, 3.1415, 0.0033,-0.0531, 3.7491
 0.1456, 0.0000, 3.1582, 3.1415, 0.0188,-0.0106, 2.1779
 0.1460, 0.0000, 3.1615, 3.1415, 0.0340, 0.2638,-4.6799
 0.1462, 0.0000, 3.1615, 3.1415, 0.0250, 0.0527,-1.9324
 0.1464, 0.0000, 3.1615, 3.1415, 0.0171, 0.0105, 0.0619
 0.1465, 0.0000, 3.1615, 3.1415, 0.0094, 0.0021, 0.1202
 0.1464, 0.0000, 3.1615, 3.1415,-0.0041, 0.0004,-0.5548
 0.1464, 0.0000, 3.1615, 3.1415,-0.0008, 0.0000,-0.3474
 0.1464, 0.0000, 3.1615, 3.1415,-0.0001, 0.0000,-0.3059
 0.1462, 0.0000, 3.1615, 3.1415,-0.0182, 0.0000,-1.3308
 0.1459, 0.0000, 3.1615, 3.1415,-0.0218, 0.0000,-1.5415
 0.1457, 0.0000, 3.1615, 3.1415,-0.0225, 0.0000,-1.5894
 0.1453, 0.0000, 3.1582, 3.1415,-0.0348,-0.2659, 4.6799
 0.1451, 0.0000, 3.1582, 3.1415,-0.0251,-0.0531, 2.1324
 0.1452, 0.0000, 3.1582, 3.1415, 0.0070,-0.0106, 1.5025
 0.1456, 0.0000, 3.1582, 3.1415, 0.0317,-0.0021, 2.4135
 0.1460, 0.0000, 3.1615, 3.1415, 0.0366, 0.2655,-4.6799
 0.1463, 0.0000, 3.1615, 3.1415, 0.0315, 0.0531,-1.5787
 0.1464, 0.0000, 3.1615, 3.1415, 0.0123, 0.0106,-0.2097
 0.1463, 0.0000, 3.1615, 3.1415,-0.0035, 0.0021,-0.6228
 0.1459, 0.0000, 3.1615, 3.1415,-0.0310, 0.0004,-2.0847
 0.1455, 0.0000, 3.1615, 3.1415,-0.0425, 0.0000,-2.7311
 0.1450, 0.0000, 3.1582, 3.1415,-0.0448,-0.2659, 4.6799
 0.1449, 0.0000, 3.1582, 3.1415,-0.0211,-0.0531, 2.3534
 0.1449, 0.0000, 3.1582, 3.1415, 0.0018,-0.0106, 1.1966
 0.1452, 0.0000, 3.1582, 3.1415, 0.0185,-0.0021, 1.6559
 0.1455, 0.0000, 3.1582, 3.1415, 0.0340,-0.0004, 2.4422
 0.1462, 0.0000, 3.1615, 3.1415, 0.0553, 0.2658,-4.6799
 0.1465, 0.0000, 3.1615, 3.1415, 0.0413, 0.0531,-1.0231
 0.1466, 0.0000, 3.1615, 3.1415, 0.0143, 0.0106,-0.0928
 0.1465, 0.0000, 3.1615, 3.1415,-0.0031, 0.0021,-0.5937
 0.1464, 0.0000, 3.1615, 3.1415,-0.0127, 0.0004,-1.0401
 0.1461, 0.0000, 3.1615, 3.1415,-0.0268, 0.0000,-1.8220
 0.1457, 0.0000, 3.1615, 3.1415,-0.0356, 0.0000,-2.3303
 0.1452, 0.0000, 3.1582, 3.1415,-0.0495,-0.2659, 4.6799
 0.1451, 0.0000, 3.1582, 3.1415,-0.0159,-0.0531, 2.6499
 0.1452, 0.0000, 3.1582, 3.1415, 0.0028,-0.0106, 1.2617
 0.1455, 0.0000, 3.1582, 3.1415, 0.0248,-0.0021, 2.0190
 0.1458, 0.0000, 3.1582, 3.1415, 0.0292,-0.0004, 2.1781
 0.1465, 0.0000, 3.1615, 3.1415, 0.0604, 0.2658,-4.6799
 0.1469, 0.0000, 3.1615, 3.1415, 0.0484, 0.0531,-0.6116
 0.1471, 0.0000, 3.1615, 3.1415, 0.0218, 0.0106, 0.3433
 0.1471, 0.0000, 3.1648, 3.1415, 0.0104, 0.2680,-4.6799
 0.1471, 0.0000, 3.1648, 3.1415,-0.0039, 0.0536,-4.4101
 0.1469, 0.0000, 3.1615, 3.1415,-0.0129,-0.2552, 4.6799
 0.1468, 0.0000, 3.1615, 3.1415,-0.0086,-0.0510, 2.1742
 0.1471, 0.0000, 3.1615, 3.1415, 0.0164,-0.0102, 1.2429
 0.1473, 0.0000, 3.1615, 3.1415, 0.0214,-0.0020, 1.0624
 0.1477, 0.0000, 3.1648, 3.1415, 0.0346, 0.2655,-4.6799
 0.1479, 0.0000, 3.1648, 3.1415, 0.0251, 0.0531,-2.7139
 0.1479, 0.0000, 3.1648, 3.1415, 0.0050, 0.0106,-1.3973
 0.1477, 0.0000, 3.1648, 3.1415,-0.0111, 0.0021,-1.8227
 0.1474, 0.0000, 3.1648, 3.1415,-0.0264, 0.0004,-2.6003
 0.1470, 0.0000, 3.1615, 3.1415,-0.0416,-0.2658, 4.6799
 0.1468, 0.0000, 3.1615, 3.1415,-0.0265,-0.0531, 1.2861
 0.1469, 0.0000, 3.1615, 3.1415, 0.0068,-0.0106, 0.7190
 0.1471, 0.0000, 3.1615, 3.1415, 0.0195,-0.0021, 0.9538
 0.1474, 0.0000, 3.1615, 3.1415, 0.0281,-0.0004, 1.3508
 0.1479, 0.0000, 3.1615, 3.1415, 0.0420,-0.0000, 2.1267
 0.1486, 0.0000, 3.1648, 3.1415, 0.0629, 0.2659,-4.6799
 0.1490, 0.0000, 3.1681, 3.1415, 0.0489, 0.3191,-4.6799
 0.1491, 0.0000, 3.1681, 3.1415, 0.0158, 0.0638,-4.6363
 0.1490, 0.0000, 3.1681, 3.1415,-0.0028, 0.0127,-2.7518
 0.1487, 0.0000, 3.1681, 3.1415,-0.0248, 0.0025,-3.4100
 0.1481, 0.0000, 3.1648, 3.1415,-0.0534,-0.2654, 4.6799
 0.1479, 0.0000, 3.1648, 3.1415,-0.0288,-0.0530, 0.3639
 0.1479, 0.0000, 3.1615, 3.1415,-0.0057,-0.2765, 4.6799
 0.1482, 0.0000, 3.1648, 3.1415, 0.0230, 0.2106,-4.6799
 0.1483, 0.0000, 3.1648, 3.1415, 0.0106, 0.0421,-2.8825
 0.1483, 0.0000, 3.1648, 3.1415, 0.0021, 0.0084,-1.4214
 0.1480, 0.0000, 3.1648, 3.1415,-0.0177, 0.0016,-2.1623
 0.1477, 0.0000, 3.1615, 3.1415,-0.0278,-0.2656, 4.6799
 0.1477, 0.0000, 3.1615, 3.1415,-0.0116,-0.0531, 2.1524
 0.1477, 0.0000, 3.1615, 3.1415, 0.0037,-0.0106, 0.5709
 0.1480, 0.0000, 3.1615, 3.1415, 0.0250,-0.0021, 1.2897
 0.1485, 0.0000, 3.1648, 3.1415, 0.0413, 0.2655,-4.6799
 0.1488, 0.0000, 3.1648, 3.1415, 0.0325, 0.0531,-2.2666
 0.1489, 0.0000, 3.1648, 3.1415, 0.0125, 0.0106,-0.9405
 0.1487, 0.0000, 3.1648, 3.1415,-0.0096, 0.0021,-1.7064
 0.1485, 0.0000, 3.1648, 3.1415,-0.0201, 0.0004,-2.2078
 0.1482, 0.0000, 3.1648, 3.1415,-0.0282, 0.0000,-2.6582
 0.1477, 0.0000, 3.1615, 3.1415,-0.0480,-0.2659, 4.6799
 0.1475, 0.0000, 3.1615, 3.1415,-0.0217,-0.0531, 1.5804
 0.1476, 0.0000, 3.1615, 3.1415, 0.0017,-0.0106, 0.4527
 0.1478, 0.0000, 3.1615, 3.1415, 0.0185,-0.0021, 0.9178
 0.1480, 0.0000, 3.1615, 3.1415, 0.0158,-0.0004, 0.6721
 0.1484, 0.0000, 3.1648, 3.1415, 0.0334, 0.2658,-4.6799
 0.1487, 0.0000, 3.1648, 3.1415, 0.0309, 0.0531,-2.3644
 0.1487, 0.0000, 3.1648, 3.1415, 0.0061, 0.0106,-1.3082
 0.1484, 0.0000, 3.1648, 3.1415,-0.0169, 0.0021,-2.1301
 0.1482, 0.0000, 3.1648, 3.1415,-0.0215, 0.0004,-2.3002
 0.1477, 0.0000, 3.1648, 3.1415,-0.0406, 0.0000,-3.3731
 0.1472, 0.0000, 3.1615, 3.1415,-0.0505,-0.2659, 4.6799
 0.1471, 0.0000, 3.1615, 3.1415,-0.0222,-0.0531, 1.5381
 0.1471, 0.0000, 3.1615, 3.1415,-0.0044,-0.0106, 0.0883
 0.1473, 0.0000, 3.1615, 3.1415, 0.0173,-0.0021, 0.8315
 0.1476, 0.0000, 3.1615, 3.1415, 0.0277,-0.0004, 1.3302
 0.1481, 0.0000, 3.1648, 3.1415, 0.0479, 0.2658,-4.6799
 0.1484, 0.0000, 3.1648, 3.1415, 0.0338, 0.0531,-2.2080
 0.1484, 0.0000, 3.1648, 3.1415, 0.0067, 0.0106,-1.2827
 0.1483, 0.0000, 3.1648, 3.1415,-0.0107, 0.0021,-1.7863
 0.1480, 0.0000, 3.1648, 3.1415,-0.0203, 0.0004,-2.2353
 0.1477, 0.0000, 3.1648, 3.1415,-0.0343, 0.0000,-3.0196
 0.1472, 0.0000, 3.1615, 3.1415,-0.0432,-0.2659, 4.6799
 0.1471, 0.0000, 3.1615, 3.1415,-0.0207,-0.0531, 1.6207
 0.1471, 0.0000, 3.1615, 3.1415, 0.0019,-0.0106, 0.4492
 0.1475, 0.0000, 3.1615, 3.1415, 0.0306,-0.0021, 1.5943
 0.1479, 0.0000, 3.1648, 3.1415, 0.0364, 0.2655,-4.6799
 0.1482, 0.0000, 3.1648, 3.1415, 0.0315, 0.0531,-2.3413
 0.1482, 0.0000, 3.1648, 3.1415, 0.0063, 0.0106,-1.3151
 0.1481, 0.0000, 3.1648, 3.1415,-0.0048, 0.0021,-1.4542
 0.1478, 0.0000, 3.1648, 3.1415,-0.0252, 0.0004,-2.5170
 0.1473, 0.0000, 3.1648, 3.1415,-0.0474, 0.0000,-3.7704
 0.1468, 0.0000, 3.1648, 3.1415,-0.0519, 0.0000,-4.0345
 0.1461, 0.0000, 3.1615, 3.1415,-0.0649,-0.2659, 4.6799
 0.1458, 0.0000, 3.1582, 3.1415,-0.0372,-0.3191, 4.6799
 0.1458, 0.0000, 3.1582, 3.1415,-0.0074,-0.0638, 3.7660
 0.1461, 0.0000, 3.1582, 3.1415, 0.0227,-0.0127, 2.5352
 0.1466, 0.0000, 3.1615, 3.1415, 0.0469, 0.2634,-4.6799
 0.1468, 0.0000, 3.1648, 3.1415, 0.0215, 0.3186,-4.6799
 0.1469, 0.0000, 3.1648, 3.1415, 0.0164, 0.0637,-3.8468
 0.1468, 0.0000, 3.1648, 3.1415,-0.0088, 0.0127,-2.3375
 0.1462, 0.0000, 3.1615, 3.1415,-0.0502,-0.2633, 4.6799
 0.1461, 0.0000, 3.1615, 3.1415,-0.0161,-0.0526, 1.8231
 0.1462, 0.0000, 3.1615, 3.1415, 0.0028,-0.0105, 0.4648
 0.1462, 0.0000, 3.1615, 3.1415, 0.0066,-0.0021, 0.1950
 0.1465, 0.0000, 3.1615, 3.1415, 0.0195,-0.0004, 0.8317
 0.1471, 0.0000, 3.1648, 3.1415, 0.0584, 0.2658,-4.6799
 0.1472, 0.0000, 3.1648, 3.1415, 0.0177, 0.0531,-3.1540
 0.1471, 0.0000, 3.1648, 3.1415,-0.0025, 0.0106,-1.8469
 0.1471, 0.0000, 3.1648, 3.1415,-0.0065, 0.0021,-1.5874
 0.1465, 0.0000, 3.1648, 3.1415,-0.0437, 0.0004,-3.6037
 0.1461, 0.0000, 3.1648, 3.1415,-0.0451, 0.0000,-3.6759
 0.1455, 0.0000, 3.1615, 3.1415,-0.0575,-0.2659, 4.6799
 0.1449, 0.0000, 3.1615, 3.1415,-0.0539,-0.0531,-0.3172
 0.1446, 0.0000, 3.1615, 3.1415,-0.0350,-0.0106,-1.7138
 0.1444, 0.0000, 3.1582, 3.1415,-0.0251,-0.2680, 4.6799
 0.1442, 0.0000, 3.1582, 3.1415,-0.0232,-0.0536, 2.2368
 0.1443, 0.0000, 3.1582, 3.1415, 0.0074,-0.0107, 1.5003
 0.1448, 0.0000, 3.1582, 3.1415, 0.0378,-0.0021, 2.7344
 0.1452, 0.0000, 3.1615, 3.1415, 0.0439, 0.2655,-4.6799
 0.1454, 0.0000, 3.1648, 3.1415, 0.0209, 0.3190,-4.6799
 0.1454, 0.0000, 3.1648, 3.1415, 0.0041, 0.0638,-4.5904
 0.1451, 0.0000, 3.1648, 3.1415,-0.0234, 0.0127,-3.2133
 0.1445, 0.0000, 3.1615, 3.1415,-0.0531,-0.2633, 4.6799
 0.1443, 0.0000, 3.1615, 3.1415,-0.0288,-0.0526, 1.0488
 0.1443, 0.0000, 3.1582, 3.1415,-0.0057,-0.2764, 4.6799
 0.1445, 0.0000, 3.1615, 3.1415, 0.0170, 0.2106,-4.6799
 0.1443, 0.0000, 3.1615, 3.1415,-0.0087, 0.0421,-3.2814
 0.1443, 0.0000, 3.1615, 3.1415,-0.0017, 0.0084,-0.9445
 0.1440, 0.0000, 3.1615, 3.1415,-0.0246, 0.0016,-1.8545
 0.1435, 0.0000, 3.1582, 3.1415,-0.0473,-0.2656, 4.6799
 0.1436, 0.0000, 3.1582, 3.1415,-0.0034,-0.0531, 3.3071
 0.1435, 0.0000, 3.1582, 3.1415,-0.0067,-0.0106, 0.6660
 0.1438, 0.0000, 3.1582, 3.1415, 0.0229,-0.0021, 1.8577
 0.1443, 0.0000, 3.1615, 3.1415, 0.0409, 0.2655,-4.6799
 0.1446, 0.0000, 3.1615, 3.1415, 0.0324, 0.0531,-1.5853
 0.1446, 0.0000, 3.1615, 3.1415, 0.0064, 0.0106,-0.5995
 0.1444, 0.0000, 3.1615, 3.1415,-0.0108, 0.0021,-1.0910
 0.1441, 0.0000, 3.1615, 3.1415,-0.0264, 0.0004,-1.8820
 0.1436, 0.0000, 3.1615, 3.1415,-0.0477, 0.0000,-3.0809
 0.1431, 0.0000, 3.1582, 3.1415,-0.0459,-0.2659, 4.6799
 0.1430, 0.0000, 3.1582, 3.1415,-0.0213,-0.0531, 2.2819
 0.1428, 0.0000, 3.1582, 3.1415,-0.0163,-0.0106, 0.1013
 0.1430, 0.0000, 3.1582, 3.1415, 0.0149,-0.0021, 1.3832
 0.1433, 0.0000, 3.1582, 3.1415, 0.0272,-0.0004, 1.9896
 0.1439, 0.0000, 3.1615, 3.1415, 0.0478, 0.2658,-4.6799
 0.1440, 0.0000, 3.1615, 3.1415, 0.0217, 0.0531,-2.2117
 0.1440, 0.0000, 3.1615, 3.1415, 0.0043, 0.0106,-0.7382
 0.1438, 0.0000, 3.1615, 3.1415,-0.0173, 0.0021,-1.4766
 0.1433, 0.0000, 3.1615, 3.1415,-0.0398, 0.0004,-2.6631
 0.1430, 0.0000, 3.1582, 3.1415,-0.0322,-0.2658, 4.6799
 0.1430, 0.0000, 3.1582, 3.1415,-0.0125,-0.0531, 2.7776
 0.1430, 0.0000, 3.1582, 3.1415,-0.0025,-0.0106, 0.8892
 0.1432, 0.0000, 3.1582, 3.1415, 0.0176,-0.0021, 1.5446
 0.1437, 0.0000, 3.1615, 3.1415, 0.0459, 0.2655,-4.6799
 0.1440, 0.0000, 3.1615, 3.1415, 0.0334, 0.0531,-1.5454
 0.1440, 0.0000, 3.1615, 3.1415, 0.0006, 0.0106,-0.9493
 0.1439, 0.0000, 3.1615, 3.1415,-0.0059, 0.0021,-0.8320
 0.1437, 0.0000, 3.1615, 3.1415,-0.0193, 0.0004,-1.4992
 0.1432, 0.0000, 3.1615, 3.1415,-0.0402, 0.0000,-2.6715
 0.1427, 0.0000, 3.1582, 3.1415,-0.0444,-0.2659, 4.6799
 0.1426, 0.0000, 3.1582, 3.1415,-0.0210,-0.0531, 2.2868
 0.1427, 0.0000, 3.1582, 3.1415, 0.0018,-0.0106, 1.1258
 0.1428, 0.0000, 3.1582, 3.1415, 0.0124,-0.0021, 1.2399
 0.1431, 0.0000, 3.1582, 3.1415, 0.0267,-0.0004, 1.9552
 0.1437, 0.0000, 3.1615, 3.1415, 0.0538, 0.2658,-4.6799
 0.1440, 0.0000, 3.1615, 3.1415, 0.0350, 0.0531,-1.4605
 0.1440, 0.0000, 3.1615, 3.1415, 0.0009, 0.0106,-0.9323
 0.1438, 0.0000, 3.1615, 3.1415,-0.0119, 0.0021,-1.1730
 0.1434, 0.0000, 3.1615, 3.1415,-0.0327, 0.0004,-2.2581
 0.1431, 0.0000, 3.1615, 3.1415,-0.0307, 0.0000,-2.1403
 0.1427, 0.0000, 3.1582, 3.1415,-0.0364,-0.2659, 4.6799
 0.1424, 0.0000, 3.1582, 3.1415,-0.0315,-0.0531, 1.6878
 0.1425, 0.0000, 3.1582, 3.1415,-0.0002,-0.0106, 1.0022
 0.1427, 0.0000, 3.1582, 3.1415, 0.0181,-0.0021, 1.5557
 0.1431, 0.0000, 3.1582, 3.1415, 0.0339,-0.0004, 2.3608
 0.1436, 0.0000, 3.1615, 3.1415, 0.0431, 0.2658,-4.6799
 0.1439, 0.0000, 3.1615, 3.1415, 0.0328, 0.0531,-1.5859
 0.1440, 0.0000, 3.1615, 3.1415, 0.0126, 0.0106,-0.2724
 0.1438, 0.0000, 3.1615, 3.1415,-0.0095, 0.0021,-1.0410
 0.1434, 0.0000, 3.1615, 3.1415,-0.0322, 0.0004,-2.2317
 0.1430, 0.0000, 3.1582, 3.1415,-0.0367,-0.2658, 4.6799
 0.1430, 0.0000, 3.1582, 3.1415,-0.0134,-0.0531, 2.7264
 0.1431, 0.0000, 3.1582, 3.1415, 0.0094,-0.0106, 1.5677
 0.1434, 0.0000, 3.1582, 3.1415, 0.0261,-0.0021, 2.0285
 0.1440, 0.0000, 3.1615, 3.1415, 0.0476, 0.2655,-4.6799
 0.1443, 0.0000, 3.1615, 3.1415, 0.0337, 0.0531,-1.5192
 0.1443, 0.0000, 3.1615, 3.1415, 0.0067, 0.0106,-0.5939
 0.1441, 0.0000, 3.1615, 3.1415,-0.0107, 0.0021,-1.0977
 0.1439, 0.0000, 3.1615, 3.1415,-0.0203, 0.0004,-1.5466
 0.1434, 0.0000, 3.1582, 3.1415,-0.0404,-0.2658, 4.6799
 0.1433, 0.0000, 3.1582, 3.1415,-0.0202,-0.0531, 2.3525
 0.1435, 0.0000, 3.1582, 3.1415, 0.0141,-0.0106, 1.8449
 0.1437, 0.0000, 3.1582, 3.1415, 0.0210,-0.0021, 1.7491
 0.1441, 0.0000, 3.1582, 3.1415, 0.0345,-0.0004, 2.4244
 0.1447, 0.0000, 3.1615, 3.1415, 0.0554, 0.2658,-4.6799
 0.1451, 0.0000, 3.1615, 3.1415, 0.0413, 0.0531,-1.0675
 0.1452, 0.0000, 3.1615, 3.1415, 0.0204, 0.0106, 0.2061
 0.1454, 0.0000, 3.1615, 3.1415, 0.0162, 0.0021, 0.4647
 0.1455, 0.0000, 3.1615, 3.1415, 0.0153, 0.0004, 0.5202
 0.1456, 0.0000, 3.1615, 3.1415, 0.0091, 0.0000, 0.1908
 0.1457, 0.0000, 3.1615, 3.1415, 0.0078, 0.0000, 0.1268
 0.1461, 0.0000, 3.1648, 3.1415, 0.0318, 0.2659,-4.6799
 0.1462, 0.0000, 3.1648, 3.1415, 0.0124, 0.0531,-3.4883
 0.1461, 0.0000, 3.1648, 3.1415,-0.0035, 0.0106,-1.9406
 0.1458, 0.0000, 3.1615, 3.1415,-0.0189,-0.2638, 4.6799
 0.1457, 0.0000, 3.1615, 3.1415,-0.0159,-0.0527, 1.8279
 0.1458, 0.0000, 3.1615, 3.1415, 0.0028,-0.0105, 0.4561
 0.1460, 0.0000, 3.1615, 3.1415, 0.0187,-0.0021, 0.8725
 0.1464, 0.0000, 3.1648, 3.1415, 0.0340, 0.2655,-4.6799
 0.1466, 0.0000, 3.1648, 3.1415, 0.0250, 0.0531,-2.7605
 0.1467, 0.0000, 3.1648, 3.1415, 0.0110, 0.0106,-1.0948
 0.1465, 0.0000, 3.1648, 3.1415,-0.0159, 0.0021,-2.1372
 0.1460, 0.0000, 3.1615, 3.1415,-0.0395,-0.2655, 4.6799
 0.1459, 0.0000, 3.1615, 3.1415,-0.0139,-0.0531, 1.9635
 0.1461, 0.0000, 3.1615, 3.1415, 0.0093,-0.0106, 0.8334
 0.1464, 0.0000, 3.1615, 3.1415, 0.0261,-0.0021, 1.3000
 0.1467, 0.0000, 3.1615, 3.1415, 0.0294,-0.0004, 1.4009
 0.1472, 0.0000, 3.1648, 3.1415, 0.0483, 0.2658,-4.6799
 0.1477, 0.0000, 3.1648, 3.1415, 0.0460, 0.0531,-1.5440
 0.1478, 0.0000, 3.1648, 3.1415, 0.0213, 0.0106,-0.4803
 0.1477, 0.0000, 3.1648, 3.1415,-0.0078, 0.0021,-1.6412
 0.1476, 0.0000, 3.1648, 3.1415,-0.0076, 0.0004,-1.5328
 0.1473, 0.0000, 3.1648, 3.1415,-0.0257, 0.0000,-2.5462
 0.1468, 0.0000, 3.1648, 3.1415,-0.0415, 0.0000,-3.4453
 0.1463, 0.0000, 3.1615, 3.1415,-0.0507,-0.2659, 4.6799
 0.1462, 0.0000, 3.1615, 3.1415,-0.0222,-0.0531, 1.5076
 0.1463, 0.0000, 3.1582, 3.1415, 0.0076,-0.2765, 4.6799
 0.1465, 0.0000, 3.1582, 3.1415, 0.0136,-0.0553, 4.4874
 0.1469, 0.0000, 3.1615, 3.1415, 0.0391, 0.2548,-4.6799
 0.1473, 0.0000, 3.1615, 3.1415, 0.0381, 0.0509,-1.0552
 0.1475, 0.0000, 3.1648, 3.1415, 0.0258, 0.2761,-4.6799
 0.1474, 0.0000, 3.1648, 3.1415,-0.0008, 0.0552,-4.3176
 0.1470, 0.0000, 3.1615, 3.1415,-0.0365,-0.2548, 4.6799
 0.1468, 0.0000, 3.1615, 3.1415,-0.0194,-0.0509, 1.5619
 0.1469, 0.0000, 3.1615, 3.1415, 0.0021,-0.0101, 0.4317
 0.1471, 0.0000, 3.1615, 3.1415, 0.0186,-0.0020, 0.8963
 0.1474, 0.0000, 3.1615, 3.1415, 0.0219,-0.0004, 0.9950
 0.1479, 0.0000, 3.1615, 3.1415, 0.0468,-0.0000, 2.3979
 0.1486, 0.0000, 3.1648, 3.1415, 0.0639, 0.2659,-4.6799
 0.1489, 0.0000, 3.1648, 3.1415, 0.0370, 0.0531,-2.0145
 0.1489, 0.0000, 3.1681, 3.1415, 0.0074, 0.2765,-4.6799
 0.1489, 0.0000, 3.1681, 3.1415, 0.0014, 0.0553,-4.6799
 0.1485, 0.0000, 3.1648, 3.1415,-0.0300,-0.2548, 4.6799
 0.1483, 0.0000, 3.1648, 3.1415,-0.0241,-0.0509, 0.5187
 0.1484, 0.0000, 3.1648, 3.1415, 0.0012,-0.0101,-0.3968
 0.1484, 0.0000, 3.1648, 3.1415, 0.0002,-0.0020,-0.9223
 0.1483, 0.0000, 3.1648, 3.1415,-0.0060,-0.0004,-1.3718
 0.1483, 0.0000, 3.1648, 3.1415,-0.0012,-0.0000,-1.1193
 0.1480, 0.0000, 3.1615, 3.1415,-0.0244,-0.2659, 4.6799
 0.1479, 0.0000, 3.1615, 3.1415,-0.0109,-0.0531, 2.2010
 0.1482, 0.0000, 3.1615, 3.1415, 0.0220,-0.0106, 1.6194
 0.1486, 0.0000, 3.1615, 3.1415, 0.0347,-0.0021, 1.8552
 0.1490, 0.0000, 3.1648, 3.1415, 0.0372, 0.2655,-4.6799
 0.1491, 0.0000, 3.1648, 3.1415, 0.0195, 0.0531,-2.9875
 0.1493, 0.0000, 3.1648, 3.1415, 0.0160, 0.0106,-0.7326
 0.1491, 0.0000, 3.1648, 3.1415,-0.0089, 0.0021,-1.6553
 0.1488, 0.0000, 3.1648, 3.1415,-0.0260, 0.0004,-2.5323
 0.1486, 0.0000, 3.1648, 3.1415,-0.0233, 0.0000,-2.3711
 0.1480, 0.0000, 3.1615, 3.1415,-0.0471,-0.2659, 4.6799
 0.1478, 0.0000, 3.1615, 3.1415,-0.0276,-0.0531, 1.2590
 0.1480, 0.0000, 3.1615, 3.1415, 0.0066,-0.0106, 0.7404
 0.1482, 0.0000, 3.1615, 3.1415, 0.0195,-0.0021, 0.9849
 0.1484, 0.0000, 3.1615, 3.1415, 0.0220,-0.0004, 1.0395
 0.1489, 0.0000, 3.1648, 3.1415, 0.0407, 0.2658,-4.6799
 0.1493, 0.0000, 3.1648, 3.1415, 0.0445, 0.0531,-1.5764
 0.1493, 0.0000, 3.1648, 3.1415, 0.0089, 0.0106,-1.1334
 0.1491, 0.0000, 3.1648, 3.1415,-0.0164, 0.0021,-2.0779
 0.1490, 0.0000, 3.1648, 3.1415,-0.0093, 0.0004,-1.5837
 0.1487, 0.0000, 3.1648, 3.1415,-0.0261, 0.0000,-2.5199
 0.1484, 0.0000, 3.1648, 3.1415,-0.0355, 0.0000,-3.0593
 0.1479, 0.0000, 3.1615, 3.1415,-0.0434,-0.2659, 4.6799
 0.1477, 0.0000, 3.1615, 3.1415,-0.0208,-0.0531, 1.6397
 0.1478, 0.0000, 3.1615, 3.1415, 0.0018,-0.0106, 0.4703
 0.1479, 0.0000, 3.1615, 3.1415, 0.0064,-0.0021, 0.2383
 0.1480, 0.0000, 3.1615, 3.1415, 0.0134,-0.0004, 0.5382
 0.1485, 0.0000, 3.1648, 3.1415, 0.0390, 0.2658,-4.6799
 0.1489, 0.0000, 3.1648, 3.1415, 0.0381, 0.0531,-1.9524
 0.1488, 0.0000, 3.1648, 3.1415, 0.0015, 0.0106,-1.5644
 0.1487, 0.0000, 3.1648, 3.1415,-0.0118, 0.0021,-1.8331
 0.1484, 0.0000, 3.1648, 3.1415,-0.0205, 0.0004,-2.2351
 0.1481, 0.0000, 3.1615, 3.1415,-0.0283,-0.2658, 4.6799
 0.1480, 0.0000, 3.1615, 3.1415,-0.0177,-0.0531, 1.8166
 0.1481, 0.0000, 3.1615, 3.1415, 0.0085,-0.0106, 0.8558
 0.1484, 0.0000, 3.1615, 3.1415, 0.0259,-0.0021, 1.3561
 0.1489, 0.0000, 3.1648, 3.1415, 0.0415, 0.2655,-4.6799
 0.1492, 0.0000, 3.1648, 3.1415, 0.0325, 0.0531,-2.2525
 0.1493, 0.0000, 3.1681, 3.1415, 0.0125, 0.2765,-4.6799
 0.1490, 0.0000, 3.1681, 3.1415,-0.0156, 0.0553,-4.6799
 0.1487, 0.0000, 3.1648, 3.1415,-0.0334,-0.2548, 4.6799
 0.1484, 0.0000, 3.1648, 3.1415,-0.0248,-0.0509, 0.4848
 0.1484, 0.0000, 3.1648, 3.1415,-0.0049,-0.0101,-0.7441
 0.1484, 0.0000, 3.1648, 3.1415,-0.0009,-0.0020,-0.9899
 0.1484, 0.0000, 3.1648, 3.1415,-0.0062,-0.0004,-1.3834
 0.1484, 0.0000, 3.1648, 3.1415,-0.0012,-0.0000,-1.1197
 0.1481, 0.0000, 3.1648, 3.1415,-0.0184,-0.0000,-2.1000
 0.1477, 0.0000, 3.1648, 3.1415,-0.0400,-0.0000,-3.3350
 0.1472, 0.0000, 3.1615, 3.1415,-0.0443,-0.2659, 4.6799
 0.1471, 0.0000, 3.1615, 3.1415,-0.0149,-0.0531, 1.9524
 0.1471, 0.0000, 3.1615, 3.1415,-0.0029,-0.0106, 0.1731
 0.1473, 0.0000, 3.1615, 3.1415, 0.0115,-0.0021, 0.5060
 0.1476, 0.0000, 3.1615, 3.1415, 0.0265,-0.0004, 1.2651
 0.1481, 0.0000, 3.1648, 3.1415, 0.0477, 0.2658,-4.6799
 0.1484, 0.0000, 3.1648, 3.1415, 0.0338, 0.0531,-2.2106
 0.1484, 0.0000, 3.1648, 3.1415, 0.0006, 0.0106,-1.6275
 0.1482, 0.0000, 3.1648, 3.1415,-0.0119, 0.0021,-1.8573
 0.1479, 0.0000, 3.1648, 3.1415,-0.0266, 0.0004,-2.5957
 0.1475, 0.0000, 3.1648, 3.1415,-0.0356, 0.0000,-3.0955
 0.1471, 0.0000, 3.1615, 3.1415,-0.0435,-0.2659, 4.6799
 0.1468, 0.0000, 3.1615, 3.1415,-0.0329,-0.0531, 0.9242
 0.1468, 0.0000, 3.1615, 3.1415,-0.0005,-0.0106, 0.3023
 0.1470, 0.0000, 3.1615, 3.1415, 0.0120,-0.0021, 0.5241
 0.1473, 0.0000, 3.1648, 3.1415, 0.0266, 0.2655,-4.6799
 0.1474, 0.0000, 3.1648, 3.1415, 0.0113, 0.0531,-3.5041
 0.1474, 0.0000, 3.1648, 3.1415, 0.0022, 0.0106,-1.5687
 0.1471, 0.0000, 3.1648, 3.1415,-0.0237, 0.0021,-2.5591
 0.1467, 0.0000, 3.1648, 3.1415,-0.0350, 0.0004,-3.1092
 0.1460, 0.0000, 3.1615, 3.1415,-0.0615,-0.2658, 4.6799
 0.1456, 0.0000, 3.1615, 3.1415,-0.0426,-0.0531, 0.3417
 0.1456, 0.0000, 3.1615, 3.1415,-0.0085,-0.0106,-0.1873
 0.1456, 0.0000, 3.1615, 3.1415,-0.0017,-0.0021,-0.2931
 0.1455, 0.0000, 3.1615, 3.1415,-0.0124,-0.0004,-1.0030
 0.1453, 0.0000, 3.1615, 3.1415,-0.0146,-0.0000,-1.1488
 0.1452, 0.0000, 3.1615, 3.1415,-0.0089,-0.0000,-0.8374
 0.1448, 0.0000, 3.1582, 3.1415,-0.0381,-0.2659, 4.6799
 0.1446, 0.0000, 3.1582, 3.1415,-0.0197,-0.0531, 2.4222
 0.1448, 0.0000, 3.1582, 3.1415, 0.0081,-0.0106, 1.5490
 0.1452, 0.0000, 3.1582, 3.1415, 0.0380,-0.0021, 2.7556
 0.1458, 0.0000, 3.1615, 3.1415, 0.0500, 0.2655,-4.6799
 0.1460, 0.0000, 3.1648, 3.1415, 0.0281, 0.3190,-4.6799
 0.1461, 0.0000, 3.1648, 3.1415, 0.0117, 0.0638,-4.1448
 0.1458, 0.0000, 3.1648, 3.1415,-0.0158, 0.0127,-2.7625
 0.1453, 0.0000, 3.1615, 3.1415,-0.0456,-0.2633, 4.6799
 0.1451, 0.0000, 3.1615, 3.1415,-0.0273,-0.0526, 1.1606
 0.1450, 0.0000, 3.1615, 3.1415,-0.0115,-0.0105,-0.3812
 0.1450, 0.0000, 3.1615, 3.1415,-0.0023,-0.0021,-0.3472
 0.1449, 0.0000, 3.1615, 3.1415,-0.0065,-0.0004,-0.6847
 0.1449, 0.0000, 3.1615, 3.1415,-0.0073,-0.0000,-0.7542
 0.1446, 0.0000, 3.1615, 3.1415,-0.0257,-0.0000,-1.8031
 0.1442, 0.0000, 3.1615, 3.1415,-0.0354,-0.0000,-2.3649
 0.1437, 0.0000, 3.1582, 3.1415,-0.0434,-0.2659, 4.6799
 0.1436, 0.0000, 3.1582, 3.1415,-0.0208,-0.0531, 2.3289
 0.1437, 0.0000, 3.1582, 3.1415, 0.0018,-0.0106, 1.1591
 0.1440, 0.0000, 3.1582, 3.1415, 0.0246,-0.0021, 1.9602
 0.1443, 0.0000, 3.1615, 3.1415, 0.0352, 0.2655,-4.6799
 0.1446, 0.0000, 3.1615, 3.1415, 0.0252, 0.0531,-1.9917
 0.1446, 0.0000, 3.1615, 3.1415, 0.0050, 0.0106,-0.6808
 0.1443, 0.0000, 3.1615, 3.1415,-0.0171, 0.0021,-1.4517
 0.1440, 0.0000, 3.1615, 3.1415,-0.0337, 0.0004,-2.3003
 0.1434, 0.0000, 3.1582, 3.1415,-0.0491,-0.2658, 4.6799
 0.1433, 0.0000, 3.1582, 3.1415,-0.0219,-0.0531, 2.2539
 0.1434, 0.0000, 3.1582, 3.1415, 0.0077,-0.0106, 1.4808
 0.1435, 0.0000, 3.1582, 3.1415, 0.0076,-0.0021, 0.9857
 0.1437, 0.0000, 3.1582, 3.1415, 0.0197,-0.0004, 1.5773
 0.1443, 0.0000, 3.1615, 3.1415, 0.0524, 0.2658,-4.6799
 0.1446, 0.0000, 3.1615, 3.1415, 0.0347, 0.0531,-1.4572
 0.1446, 0.0000, 3.1615, 3.1415, 0.0069, 0.0106,-0.5720
 0.1446, 0.0000, 3.1615, 3.1415,-0.0046, 0.0021,-0.7393
 0.1443, 0.0000, 3.1615, 3.1415,-0.0251, 0.0004,-1.8077
 0.1439, 0.0000, 3.1615, 3.1415,-0.0353, 0.0000,-2.3735
 0.1434, 0.0000, 3.1582, 3.1415,-0.0434,-0.2659, 4.6799
 0.1433, 0.0000, 3.1582, 3.1415,-0.0208,-0.0531, 2.3194
 0.1433, 0.0000, 3.1582, 3.1415, 0.0018,-0.0106, 1.1495
 0.1437, 0.0000, 3.1582, 3.1415, 0.0306,-0.0021, 2.2950
 0.1443, 0.0000, 3.1615, 3.1415, 0.0485, 0.2655,-4.6799
 0.1444, 0.0000, 3.1615, 3.1415, 0.0218, 0.0531,-2.1880
 0.1444, 0.0000, 3.1615, 3.1415, 0.0043, 0.0106,-0.7239
 0.1443, 0.0000, 3.1615, 3.1415,-0.0051, 0.0021,-0.7755
 0.1439, 0.0000, 3.1615, 3.1415,-0.0374, 0.0004,-2.5095
 0.1433, 0.0000, 3.1582, 3.1415,-0.0559,-0.2658, 4.6799
 0.1433, 0.0000, 3.1582, 3.1415,-0.0111,-0.0531, 2.8611
 0.1433, 0.0000, 3.1582, 3.1415, 0.0038,-0.0106, 1.2579
 0.1434, 0.0000, 3.1582, 3.1415, 0.0068,-0.0021, 0.9391
 0.1438, 0.0000, 3.1615, 3.1415, 0.0316, 0.2655,-4.6799
 0.1440, 0.0000, 3.1615, 3.1415, 0.0245, 0.0531,-2.0487
 0.1440, 0.0000, 3.1615, 3.1415,-0.0011, 0.0106,-1.0499
 0.1439, 0.0000, 3.1615, 3.1415,-0.0062, 0.0021,-0.8522
 0.1435, 0.0000, 3.1582, 3.1415,-0.0315,-0.2655, 4.6799
 0.1433, 0.0000, 3.1582, 3.1415,-0.0245,-0.0531, 2.1067
 0.1434, 0.0000, 3.1582, 3.1415, 0.0072,-0.0106, 1.4513
 0.1439, 0.0000, 3.1582, 3.1415, 0.0378,-0.0021, 2.7016
 0.1443, 0.0000, 3.1615, 3.1415, 0.0378, 0.2655,-4.6799
 0.1445, 0.0000, 3.1615, 3.1415, 0.0257, 0.0531,-1.9644
 0.1446, 0.0000, 3.1615, 3.1415, 0.0172, 0.0106, 0.0114
 0.1446, 0.0000, 3.1615, 3.1415, 0.0034, 0.0021,-0.2782
 0.1445, 0.0000, 3.1615, 3.1415,-0.0114, 0.0004,-1.0249
 0.1443, 0.0000, 3.1615, 3.1415,-0.0144, 0.0000,-1.1781
 0.1441, 0.0000, 3.1615, 3.1415,-0.0210, 0.0000,-1.5569
 0.1438, 0.0000, 3.1615, 3.1415,-0.0284, 0.0000,-1.9828
 0.1433, 0.0000, 3.1582, 3.1415,-0.0420,-0.2659, 4.6799
 0.1433, 0.0000, 3.1582, 3.1415,-0.0144,-0.0531, 2.6771
 0.1433, 0.0000, 3.1582, 3.1415, 0.0031,-0.0106, 1.2211
 0.1437, 0.0000, 3.1582, 3.1415, 0.0248,-0.0021, 1.9649
 0.1441, 0.0000, 3.1582, 3.1415, 0.0413,-0.0004, 2.8101
 0.1448, 0.0000, 3.1615, 3.1415, 0.0628, 0.2658,-4.6799
 0.1452, 0.0000, 3.1648, 3.1415, 0.0428, 0.3191,-4.6799
 0.1452, 0.0000, 3.1648, 3.1415, 0.0146, 0.0638,-4.0063
 0.1451, 0.0000, 3.1648, 3.1415,-0.0091, 0.0127,-2.4116
 0.1446, 0.0000, 3.1615, 3.1415,-0.0382,-0.2633, 4.6799
 0.1444, 0.0000, 3.1615, 3.1415,-0.0258,-0.0526, 1.2225
 0.1444, 0.0000, 3.1615, 3.1415,-0.0051,-0.0105,-0.0418
 0.1444, 0.0000, 3.1615, 3.1415,-0.0010,-0.0021,-0.2946
 0.1443, 0.0000, 3.1615, 3.1415,-0.0123,-0.0004,-1.0340
 0.1443, 0.0000, 3.1615, 3.1415,-0.0024,-0.0000,-0.4969
 0.1440, 0.0000, 3.1582, 3.1415,-0.0186,-0.2659, 4.6799
 0.1439, 0.0000, 3.1582, 3.1415,-0.0158,-0.0531, 2.6183
 0.1440, 0.0000, 3.1582, 3.1415, 0.0089,-0.0106, 1.5690
 0.1446, 0.0000, 3.1582, 3.1415, 0.0442,-0.0021, 3.0848
 0.1451, 0.0000, 3.1615, 3.1415, 0.0512, 0.2655,-4.6799
 0.1453, 0.0000, 3.1615, 3.1415, 0.0284, 0.0531,-1.7868
 0.1455, 0.0000, 3.1615, 3.1415, 0.0178, 0.0106, 0.0680
 0.1456, 0.0000, 3.1615, 3.1415, 0.0156, 0.0021, 0.4428
 0.1456, 0.0000, 3.1615, 3.1415, 0.0031, 0.0004,-0.1670
 0.1455, 0.0000, 3.1615, 3.1415,-0.0054, 0.0000,-0.6334
 0.1455, 0.0000, 3.1615, 3.1415,-0.0071, 0.0000,-0.7286
 0.1453, 0.0000, 3.1615, 3.1415,-0.0135, 0.0000,-1.0939
 0.1451, 0.0000, 3.1615, 3.1415,-0.0209, 0.0000,-1.5152
 0.1447, 0.0000, 3.1582, 3.1415,-0.0344,-0.2659, 4.6799
 0.1446, 0.0000, 3.1582, 3.1415,-0.0129,-0.0531, 2.8056
 0.1447, 0.0000, 3.1582, 3.1415, 0.0034,-0.0106, 1.2813
 0.1451, 0.0000, 3.1582, 3.1415, 0.0310,-0.0021, 2.3558
 0.1456, 0.0000, 3.1615, 3.1415, 0.0486, 0.2655,-4.6799
 0.1458, 0.0000, 3.1615, 3.1415, 0.0279, 0.0531,-1.7998
 0.1458, 0.0000, 3.1615, 3.1415, 0.0055, 0.0106,-0.6098
 0.1458, 0.0000, 3.1615, 3.1415,-0.0049, 0.0021,-0.7162
 0.1455, 0.0000, 3.1615, 3.1415,-0.0252, 0.0004,-1.7725
 0.1450, 0.0000, 3.1582, 3.1415,-0.0414,-0.2658, 4.6799
 0.1449, 0.0000, 3.1582, 3.1415,-0.0204,-0.0531, 2.3917
 0.1451, 0.0000, 3.1582, 3.1415, 0.0141,-0.0106, 1.8930
 0.1453, 0.0000, 3.1582, 3.1415, 0.0210,-0.0021, 1.7990
 0.1456, 0.0000, 3.1582, 3.1415, 0.0284,-0.0004, 2.1303
 0.1462, 0.0000, 3.1615, 3.1415, 0.0481, 0.2658,-4.6799
 0.1466, 0.0000, 3.1615, 3.1415, 0.0460, 0.0531,-0.7597
 0.1468, 0.0000, 3.1615, 3.1415, 0.0213, 0.0106, 0.3060
 0.1469, 0.0000, 3.1615, 3.1415, 0.0163, 0.0021, 0.5230
 0.1471, 0.0000, 3.1615, 3.1415, 0.0214, 0.0004, 0.9146
 0.1473, 0.0000, 3.1615, 3.1415, 0.0164, 0.0000, 0.6543
 0.1474, 0.0000, 3.1615, 3.1415, 0.0154, 0.0000, 0.6060
 0.1479, 0.0000, 3.1648, 3.1415, 0.0394, 0.2659,-4.6799
 0.1480, 0.0000, 3.1648, 3.1415, 0.0200, 0.0531,-3.0011
 0.1480, 0.0000, 3.1648, 3.1415, 0.0040, 0.0106,-1.4509
 0.1479, 0.0000, 3.1648, 3.1415,-0.0113, 0.0021,-1.8296
 0.1475, 0.0000, 3.1615, 3.1415,-0.0325,-0.2655, 4.6799
 0.1474, 0.0000, 3.1615, 3.1415,-0.0186,-0.0531, 1.7460
 0.1475, 0.0000, 3.1615, 3.1415, 0.0083,-0.0106, 0.8263
 0.1478, 0.0000, 3.1615, 3.1415, 0.0259,-0.0021, 1.3350
 0.1482, 0.0000, 3.1615, 3.1415, 0.0355,-0.0004, 1.7887
 0.1487, 0.0000, 3.1648, 3.1415, 0.0434, 0.2658,-4.6799
 0.1491, 0.0000, 3.1648, 3.1415, 0.0450, 0.0531,-1.5533
 0.1492, 0.0000, 3.1648, 3.1415, 0.0150, 0.0106,-0.7901
 0.1491, 0.0000, 3.1648, 3.1415,-0.0030, 0.0021,-1.3243
 0.1490, 0.0000, 3.1648, 3.1415,-0.0066, 0.0004,-1.4330
 0.1487, 0.0000, 3.1648, 3.1415,-0.0255, 0.0000,-2.4898
 0.1484, 0.0000, 3.1615, 3.1415,-0.0354,-0.2659, 4.6799
 0.1483, 0.0000, 3.1615, 3.1415,-0.0131,-0.0531, 2.0892
 0.1486, 0.0000, 3.1615, 3.1415, 0.0216,-0.0106, 1.6067
 0.1487, 0.0000, 3.1615, 3.1415, 0.0103,-0.0021, 0.4847
 0.1489, 0.0000, 3.1615, 3.1415, 0.0202,-0.0004, 0.9510
 0.1493, 0.0000, 3.1648, 3.1415, 0.0404, 0.2658,-4.6799
 0.1497, 0.0000, 3.1648, 3.1415, 0.0384, 0.0531,-1.9105
 0.1497, 0.0000, 3.1648, 3.1415, 0.0076, 0.0106,-1.1906
 0.1496, 0.0000, 3.1648, 3.1415,-0.0105, 0.0021,-1.7354
 0.1494, 0.0000, 3.1648, 3.1415,-0.0142, 0.0004,-1.8482
 0.1490, 0.0000, 3.1615, 3.1415,-0.0331,-0.2658, 4.6799
 0.1490, 0.0000, 3.1615, 3.1415,-0.0066,-0.0531, 2.4799
 0.1492, 0.0000, 3.1615, 3.1415, 0.0107,-0.0106, 1.0152
 0.1494, 0.0000, 3.1615, 3.1415, 0.0203,-0.0021, 1.0705
 0.1498, 0.0000, 3.1615, 3.1415, 0.0343,-0.0004, 1.7761
 0.1504, 0.0000, 3.1648, 3.1415, 0.0553, 0.2658,-4.6799
 0.1507, 0.0000, 3.1648, 3.1415, 0.0353, 0.0531,-2.0527
 0.1506, 0.0000, 3.1648, 3.1415, 0.0010, 0.0106,-1.5385
 0.1506, 0.0000, 3.1648, 3.1415, 0.0002, 0.0021,-1.0932
 0.1504, 0.0000, 3.1648, 3.1415,-0.0181, 0.0004,-2.0372
 0.1499, 0.0000, 3.1648, 3.1415,-0.0400, 0.0000,-3.2649
 0.1496, 0.0000, 3.1615, 3.1415,-0.0383,-0.2659, 4.6799
 0.1495, 0.0000, 3.1615, 3.1415,-0.0137,-0.0531, 2.0950
 0.1495, 0.0000, 3.1615, 3.1415,-0.0027,-0.0106, 0.2610
 0.1496, 0.0000, 3.1615, 3.1415, 0.0115,-0.0021, 0.5829
 0.1499, 0.0000, 3.1615, 3.1415, 0.0265,-0.0004, 1.3400
 0.1504, 0.0000, 3.1615, 3.1415, 0.0416,-0.0000, 2.1877
 0.1510, 0.0000, 3.1648, 3.1415, 0.0568, 0.2659,-4.6799
 0.1513, 0.0000, 3.1648, 3.1415, 0.0356, 0.0531,-2.0179
 0.1514, 0.0000, 3.1648, 3.1415, 0.0131, 0.0106,-0.8274
 0.1512, 0.0000, 3.1648, 3.1415,-0.0094, 0.0021,-1.6206
 0.1511, 0.0000, 3.1648, 3.1415,-0.0140, 0.0004,-1.7831
 0.1509, 0.0000, 3.1648, 3.1415,-0.0209, 0.0000,-2.1637
 0.1503, 0.0000, 3.1615, 3.1415,-0.0466,-0.2659, 4.6799
 0.1501, 0.0000, 3.1615, 3.1415,-0.0275,-0.0531, 1.3363
 0.1502, 0.0000, 3.1615, 3.1415, 0.0005,-0.0106, 0.4690
 0.1504, 0.0000, 3.1615, 3.1415, 0.0183,-0.0021, 0.9862
 0.1505, 0.0000, 3.1615, 3.1415, 0.0157,-0.0004, 0.7509
 0.1507, 0.0000, 3.1615, 3.1415, 0.0152,-0.0000, 0.7078
 0.1512, 0.0000, 3.1615, 3.1415, 0.0455,-0.0000, 2.4248
 0.1518, 0.0000, 3.1648, 3.1415, 0.0515, 0.2659,-4.6799
 0.1520, 0.0000, 3.1648, 3.1415, 0.0284, 0.0531,-2.3982
 0.1520, 0.0000, 3.1648, 3.1415, 0.0056, 0.0106,-1.2307
 0.1520, 0.0000, 3.1648, 3.1415, 0.0011, 0.0021,-0.9971
 0.1518, 0.0000, 3.1648, 3.1415,-0.0118, 0.0004,-1.6391
 0.1513, 0.0000, 3.1648, 3.1415,-0.0448, 0.0000,-3.4933
 0.1508, 0.0000, 3.1615, 3.1415,-0.0514,-0.2659, 4.6799
 0.1506, 0.0000, 3.1615, 3.1415,-0.0224,-0.0531, 1.6412
 0.1506, 0.0000, 3.1615, 3.1415,-0.0044,-0.0106, 0.1990
 0.1507, 0.0000, 3.1615, 3.1415, 0.0051,-0.0021, 0.2550
 0.1508, 0.0000, 3.1615, 3.1415, 0.0070,-0.0004, 0.2680
 0.1511, 0.0000, 3.1615, 3.1415, 0.0256,-0.0000, 1.3057
 0.1516, 0.0000, 3.1615, 3.1415, 0.0475,-0.0000, 2.5540
 0.1521, 0.0000, 3.1648, 3.1415, 0.0458, 0.2659,-4.6799
 0.1521, 0.0000, 3.1648, 3.1415, 0.0152, 0.0531,-3.1411
 0.1521, 0.0000, 3.1648, 3.1415, 0.0030, 0.0106,-1.3754
 0.1521, 0.0000, 3.1648, 3.1415,-0.0054, 0.0021,-1.3666
 0.1518, 0.0000, 3.1648, 3.1415,-0.0253, 0.0004,-2.3999
 0.1513, 0.0000, 3.1615, 3.1415,-0.0414,-0.2658, 4.6799
 0.1511, 0.0000, 3.1615, 3.1415,-0.0264,-0.0531, 1.4252
 0.1512, 0.0000, 3.1615, 3.1415, 0.0007,-0.0106, 0.5117
 0.1513, 0.0000, 3.1615, 3.1415, 0.0122,-0.0021, 0.6752
 0.1515, 0.0000, 3.1615, 3.1415, 0.0145,-0.0004, 0.7118
 0.1518, 0.0000, 3.1615, 3.1415, 0.0271,-0.0000, 1.4117
 0.1523, 0.0000, 3.1648, 3.1415, 0.0478, 0.2659,-4.6799
 0.1526, 0.0000, 3.1648, 3.1415, 0.0338, 0.0531,-2.0783
 0.1526, 0.0000, 3.1648, 3.1415, 0.0067, 0.0106,-1.1513
 0.1524, 0.0000, 3.1648, 3.1415,-0.0107, 0.0021,-1.6547
 0.1522, 0.0000, 3.1648, 3.1415,-0.0203, 0.0004,-2.1036
 0.1519, 0.0000, 3.1648, 3.1415,-0.0283, 0.0000,-2.5434
 0.1515, 0.0000, 3.1615, 3.1415,-0.0420,-0.2659, 4.6799
 0.1512, 0.0000, 3.1615, 3.1415,-0.0265,-0.0531, 1.4241
 0.1512, 0.0000, 3.1615, 3.1415,-0.0053,-0.0106, 0.1709
 0.1515, 0.0000, 3.1615, 3.1415, 0.0171,-0.0021, 0.9534
 0.1518, 0.0000, 3.1615, 3.1415, 0.0276,-0.0004, 1.4600
 0.1521, 0.0000, 3.1615, 3.1415, 0.0297,-0.0000, 1.5690
 0.1526, 0.0000, 3.1648, 3.1415, 0.0484, 0.2659,-4.6799
 0.1527, 0.0000, 3.1648, 3.1415, 0.0218, 0.0531,-2.7516
 0.1528, 0.0000, 3.1648, 3.1415, 0.0104, 0.0106,-0.9378
 0.1526, 0.0000, 3.1648, 3.1415,-0.0161, 0.0021,-1.9506
 0.1524, 0.0000, 3.1648, 3.1415,-0.0214, 0.0004,-2.1589
 0.1521, 0.0000, 3.1648, 3.1415,-0.0285, 0.0000,-2.5507
 0.1515, 0.0000, 3.1615, 3.1415,-0.0481,-0.2659, 4.6799
 0.1512, 0.0000, 3.1615, 3.1415,-0.0338,-0.0531, 1.0132
 0.1512, 0.0000, 3.1615, 3.1415,-0.0067,-0.0106, 0.0887
 0.1513, 0.0000, 3.1615, 3.1415, 0.0047,-0.0021, 0.2482
 0.1515, 0.0000, 3.1615, 3.1415, 0.0191,-0.0004, 0.9708
 0.1518, 0.0000, 3.1615, 3.1415, 0.0220,-0.0000, 1.1210
 0.1523, 0.0000, 3.1615, 3.1415, 0.0468,-0.0000, 2.5343
 0.1529, 0.0000, 3.1648, 3.1415, 0.0578, 0.2659,-4.6799
 0.1531, 0.0000, 3.1648, 3.1415, 0.0297, 0.0531,-2.2909
 0.1531, 0.0000, 3.1648, 3.1415, 0.0059, 0.0106,-1.1804
 0.1530, 0.0000, 3.1648, 3.1415,-0.0048, 0.0021,-1.3027
 0.1529, 0.0000, 3.1648, 3.1415,-0.0131, 0.0004,-1.6735
 0.1524, 0.0000, 3.1648, 3.1415,-0.0390, 0.0000,-3.1289
 0.1520, 0.0000, 3.1648, 3.1415,-0.0441, 0.0000,-3.4315
 0.1514, 0.0000, 3.1615, 3.1415,-0.0573,-0.2659, 4.6799
 0.1512, 0.0000, 3.1582, 3.1415,-0.0296,-0.3191, 4.6799
 0.1510, 0.0000, 3.1582, 3.1415,-0.0180,-0.0638, 3.3328
 0.1511, 0.0000, 3.1582, 3.1415, 0.0024,-0.0127, 1.5476
 0.1515, 0.0000, 3.1615, 3.1415, 0.0308, 0.2634,-4.6799
 0.1518, 0.0000, 3.1615, 3.1415, 0.0304, 0.0526,-1.4478
 0.1519, 0.0000, 3.1615, 3.1415, 0.0182, 0.0105, 0.2987
 0.1519, 0.0000, 3.1615, 3.1415, 0.0036, 0.0021,-0.0368
 0.1518, 0.0000, 3.1615, 3.1415,-0.0053, 0.0004,-0.4483
 0.1517, 0.0000, 3.1615, 3.1415,-0.0131, 0.0000,-0.8769
 0.1516, 0.0000, 3.1615, 3.1415,-0.0087, 0.0000,-0.6221
 0.1515, 0.0000, 3.1615, 3.1415,-0.0138, 0.0000,-0.9174
 0.1512, 0.0000, 3.1615, 3.1415,-0.0270, 0.0000,-1.6690
 0.1509, 0.0000, 3.1582, 3.1415,-0.0296,-0.2659, 4.6799
 0.1508, 0.0000, 3.1582, 3.1415,-0.0119,-0.0531, 3.0543
 0.1509, 0.0000, 3.1582, 3.1415, 0.0097,-0.0106, 1.8306
 0.1511, 0.0000, 3.1582, 3.1415, 0.0140,-0.0021, 1.5896
 0.1514, 0.0000, 3.1582, 3.1415, 0.0270,-0.0004, 2.2341
 0.1520, 0.0000, 3.1615, 3.1415, 0.0539, 0.2658,-4.6799
 0.1523, 0.0000, 3.1615, 3.1415, 0.0350, 0.0531,-1.1987
 0.1524, 0.0000, 3.1648, 3.1415, 0.0130, 0.2765,-4.6799
 0.1523, 0.0000, 3.1648, 3.1415,-0.0034, 0.0553,-4.3132
 0.1519, 0.0000, 3.1615, 3.1415,-0.0310,-0.2548, 4.6799
 0.1518, 0.0000, 3.1615, 3.1415,-0.0183,-0.0509, 1.7799
 0.1518, 0.0000, 3.1615, 3.1415, 0.0023,-0.0101, 0.5999
 0.1521, 0.0000, 3.1615, 3.1415, 0.0186,-0.0020, 1.0545
 0.1524, 0.0000, 3.1615, 3.1415, 0.0279,-0.0004, 1.4955
 0.1527, 0.0000, 3.1648, 3.1415, 0.0359, 0.2658,-4.6799
 0.1530, 0.0000, 3.1648, 3.1415, 0.0253, 0.0531,-2.5425
 0.1530, 0.0000, 3.1648, 3.1415, 0.0050, 0.0106,-1.2346
 0.1527, 0.0000, 3.1648, 3.1415,-0.0171, 0.0021,-2.0061
 0.1525, 0.0000, 3.1648, 3.1415,-0.0216, 0.0004,-2.1662
 0.1521, 0.0000, 3.1615, 3.1415,-0.0407,-0.2658, 4.6799
 0.1518, 0.0000, 3.1615, 3.1415,-0.0323,-0.0531, 1.1131
 0.1517, 0.0000, 3.1615, 3.1415,-0.0125,-0.0106,-0.2221
 0.1518, 0.0000, 3.1615, 3.1415, 0.0035,-0.0021, 0.1975
 0.1518, 0.0000, 3.1615, 3.1415, 0.0067,-0.0004, 0.2834
 0.1520, 0.0000, 3.1615, 3.1415, 0.0134,-0.0000, 0.6468
 0.1522, 0.0000, 3.1615, 3.1415, 0.0208,-0.0000, 1.0677
 0.1525, 0.0000, 3.1615, 3.1415, 0.0284,-0.0000, 1.5020
 0.1530, 0.0000, 3.1648, 3.1415, 0.0420, 0.2659,-4.6799
 0.1531, 0.0000, 3.1648, 3.1415, 0.0205, 0.0531,-2.8112
 0.1531, 0.0000, 3.1648, 3.1415, 0.0041, 0.0106,-1.2845
 0.1529, 0.0000, 3.1648, 3.1415,-0.0173, 0.0021,-2.0123
 0.1526, 0.0000, 3.1648, 3.1415,-0.0277, 0.0004,-2.5079
 0.1521, 0.0000, 3.1615, 3.1415,-0.0419,-0.2658, 4.6799
 0.1519, 0.0000, 3.1615, 3.1415,-0.0265,-0.0531, 1.4462
 0.1520, 0.0000, 3.1615, 3.1415, 0.0007,-0.0106, 0.5369
 0.1522, 0.0000, 3.1615, 3.1415, 0.0183,-0.0021, 1.0457
 0.1523, 0.0000, 3.1615, 3.1415, 0.0097,-0.0004, 0.4645
 0.1526, 0.0000, 3.1615, 3.1415, 0.0262,-0.0000, 1.3833
 0.1531, 0.0000, 3.1648, 3.1415, 0.0476, 0.2659,-4.6799
 0.1534, 0.0000, 3.1648, 3.1415, 0.0337, 0.0531,-2.0542
 0.1534, 0.0000, 3.1648, 3.1415, 0.0006, 0.0106,-1.4698
 0.1533, 0.0000, 3.1648, 3.1415,-0.0059, 0.0021,-1.3548
 0.1530, 0.0000, 3.1648, 3.1415,-0.0193, 0.0004,-2.0225
 0.1527, 0.0000, 3.1648, 3.1415,-0.0341, 0.0000,-2.8506
 0.1521, 0.0000, 3.1615, 3.1415,-0.0492,-0.2659, 4.6799
 0.1519, 0.0000, 3.1615, 3.1415,-0.0280,-0.0531, 1.3640
 0.1519, 0.0000, 3.1615, 3.1415,-0.0056,-0.0106, 0.1761
 0.1520, 0.0000, 3.1615, 3.1415, 0.0049,-0.0021, 0.2829
 0.1521, 0.0000, 3.1615, 3.1415, 0.0131,-0.0004, 0.6506
 0.1525, 0.0000, 3.1615, 3.1415, 0.0329,-0.0000, 1.7610
 0.1530, 0.0000, 3.1648, 3.1415, 0.0490, 0.2659,-4.6799
 0.1532, 0.0000, 3.1648, 3.1415, 0.0219, 0.0531,-2.7301
 0.1530, 0.0000, 3.1648, 3.1415,-0.0077, 0.0106,-1.9551
 0.1530, 0.0000, 3.1648, 3.1415,-0.0076, 0.0021,-1.4596
 0.1527, 0.0000, 3.1648, 3.1415,-0.0257, 0.0004,-2.3955
 0.1524, 0.0000, 3.1648, 3.1415,-0.0294, 0.0000,-2.5903
 0.1519, 0.0000, 3.1615, 3.1415,-0.0422,-0.2659, 4.6799
 0.1515, 0.0000, 3.1615, 3.1415,-0.0387,-0.0531, 0.7472
 0.1515, 0.0000, 3.1615, 3.1415,-0.0077,-0.0106, 0.0432
 0.1516, 0.0000, 3.1615, 3.1415, 0.0045,-0.0021, 0.2468
 0.1518, 0.0000, 3.1615, 3.1415, 0.0130,-0.0004, 0.6337
 0.1521, 0.0000, 3.1615, 3.1415, 0.0268,-0.0000, 1.4038
 0.1526, 0.0000, 3.1648, 3.1415, 0.0478, 0.2659,-4.6799
 0.1528, 0.0000, 3.1648, 3.1415, 0.0277, 0.0531,-2.4138
 0.1527, 0.0000, 3.1648, 3.1415,-0.0005, 0.0106,-1.5571
 0.1525, 0.0000, 3.1648, 3.1415,-0.0182, 0.0021,-2.0764
 0.1524, 0.0000, 3.1648, 3.1415,-0.0157, 0.0004,-1.8416
 0.1520, 0.0000, 3.1648, 3.1415,-0.0334, 0.0000,-2.8316
 0.1514, 0.0000, 3.1615, 3.1415,-0.0552,-0.2659, 4.6799
 0.1511, 0.0000, 3.1615, 3.1415,-0.0352,-0.0531, 0.9289
 0.1511, 0.0000, 3.1615, 3.1415,-0.0070,-0.0106, 0.0680
 0.1512, 0.0000, 3.1615, 3.1415, 0.0107,-0.0021, 0.5846
 0.1513, 0.0000, 3.1615, 3.1415, 0.0082,-0.0004, 0.3474
 0.1515, 0.0000, 3.1615, 3.1415, 0.0137,-0.0000, 0.6462
 0.1519, 0.0000, 3.1648, 3.1415, 0.0391, 0.2659,-4.6799
 0.1521, 0.0000, 3.1648, 3.1415, 0.0199, 0.0531,-2.8776
 0.1519, 0.0000, 3.1648, 3.1415,-0.0081, 0.0106,-2.0134
 0.1516, 0.0000, 3.1648, 3.1415,-0.0258, 0.0021,-2.5331
 0.1514, 0.0000, 3.1648, 3.1415,-0.0233, 0.0004,-2.3003
 0.1509, 0.0000, 3.1648, 3.1415,-0.0410, 0.0000,-3.2926
 0.1503, 0.0000, 3.1615, 3.1415,-0.0567,-0.2659, 4.6799
 0.1500, 0.0000, 3.1615, 3.1415,-0.0355,-0.0531, 0.8783
 0.1499, 0.0000, 3.1582, 3.1415,-0.0131,-0.2765, 4.6799
 0.1502, 0.0000, 3.1582, 3.1415, 0.0155,-0.0553, 4.6799
 0.1504, 0.0000, 3.1615, 3.1415, 0.0213, 0.2548,-4.6799
 0.1506, 0.0000, 3.1615, 3.1415, 0.0224, 0.0509,-1.8348
 0.1507, 0.0000, 3.1648, 3.1415, 0.0105, 0.2761,-4.6799
 0.1505, 0.0000, 3.1648, 3.1415,-0.0100, 0.0552,-4.6799
 0.1500, 0.0000, 3.1615, 3.1415,-0.0444,-0.2548, 4.6799
 0.1497, 0.0000, 3.1615, 3.1415,-0.0331,-0.0509, 0.8799
 0.1497, 0.0000, 3.1615, 3.1415,-0.0066,-0.0101, 0.0238
 0.1499, 0.0000, 3.1615, 3.1415, 0.0108,-0.0020, 0.5412
 0.1501, 0.0000, 3.1615, 3.1415, 0.0203,-0.0004, 0.9930
 0.1504, 0.0000, 3.1615, 3.1415, 0.0283,-0.0000, 1.4335
 0.1509, 0.0000, 3.1648, 3.1415, 0.0481, 0.2659,-4.6799
 0.1511, 0.0000, 3.1648, 3.1415, 0.0217, 0.0531,-2.8076
 0.1510, 0.0000, 3.1681, 3.1415,-0.0017, 0.2765,-4.6799
 0.1508, 0.0000, 3.1681, 3.1415,-0.0185, 0.0553,-4.6799
 0.1503, 0.0000, 3.1648, 3.1415,-0.0400,-0.2548, 4.6799
 0.1501, 0.0000, 3.1648, 3.1415,-0.0262,-0.0509, 0.4626
 0.1500, 0.0000, 3.1648, 3.1415,-0.0113,-0.0101,-1.0507
 0.1500, 0.0000, 3.1648, 3.1415,-0.0022,-0.0020,-1.0110
 0.1499, 0.0000, 3.1648, 3.1415,-0.0125,-0.0004,-1.6918
 0.1499, 0.0000, 3.1648, 3.1415,-0.0025,-0.0000,-1.1430
 0.1496, 0.0000, 3.1648, 3.1415,-0.0186,-0.0000,-2.0664
 0.1493, 0.0000, 3.1648, 3.1415,-0.0340,-0.0000,-2.9455
 0.1489, 0.0000, 3.1615, 3.1415,-0.0371,-0.2659, 4.6799
 0.1488, 0.0000, 3.1615, 3.1415,-0.0134,-0.0531, 2.0871
 0.1488, 0.0000, 3.1615, 3.1415,-0.0026,-0.0106, 0.2422
 0.1489, 0.0000, 3.1615, 3.1415, 0.0055,-0.0021, 0.2176
 0.1491, 0.0000, 3.1648, 3.1415, 0.0192, 0.2655,-4.6799
 0.1493, 0.0000, 3.1648, 3.1415, 0.0220, 0.0531,-2.8410
 0.1493, 0.0000, 3.1648, 3.1415,-0.0016, 0.0106,-1.7306
 0.1490, 0.0000, 3.1648, 3.1415,-0.0245, 0.0021,-2.5436
 0.1487, 0.0000, 3.1648, 3.1415,-0.0291, 0.0004,-2.7139
 0.1481, 0.0000, 3.1615, 3.1415,-0.0482,-0.2658, 4.6799
 0.1480, 0.0000, 3.1615, 3.1415,-0.0217,-0.0531, 1.5919
 0.1481, 0.0000, 3.1615, 3.1415, 0.0077,-0.0106, 0.8109
 0.1483, 0.0000, 3.1615, 3.1415, 0.0136,-0.0021, 0.6585
 0.1486, 0.0000, 3.1648, 3.1415, 0.0269, 0.2655,-4.6799
 0.1487, 0.0000, 3.1648, 3.1415, 0.0175, 0.0531,-3.1153
 0.1488, 0.0000, 3.1648, 3.1415, 0.0095, 0.0106,-1.1121
 0.1485, 0.0000, 3.1648, 3.1415,-0.0223, 0.0021,-2.4314
 0.1480, 0.0000, 3.1648, 3.1415,-0.0408, 0.0004,-3.3916
 0.1477, 0.0000, 3.1648, 3.1415,-0.0384, 0.0000,-3.2508
 0.1471, 0.0000, 3.1615, 3.1415,-0.0562,-0.2659, 4.6799
 0.1468, 0.0000, 3.1615, 3.1415,-0.0294,-0.0531, 1.1254
 0.1468, 0.0000, 3.1615, 3.1415,-0.0119,-0.0106,-0.3443
 0.1469, 0.0000, 3.1615, 3.1415, 0.0097,-0.0021, 0.3929
 0.1469, 0.0000, 3.1615, 3.1415, 0.0019,-0.0004,-0.1444
 0.1469, 0.0000, 3.1615, 3.1415, 0.0003,-0.0000,-0.2519
 0.1469, 0.0000, 3.1648, 3.1415, 0.0000, 0.2659,-4.6799
 0.1467, 0.0000, 3.1648, 3.1415,-0.0181, 0.0531,-4.6799
 0.1462, 0.0000, 3.1615, 3.1415,-0.0460,-0.2553, 4.6799
 0.1460, 0.0000, 3.1615, 3.1415,-0.0213,-0.0510, 1.4328
 0.1461, 0.0000, 3.1615, 3.1415, 0.0017,-0.0102, 0.3848
 0.1462, 0.0000, 3.1615, 3.1415, 0.0064,-0.0020, 0.1772
 0.1463, 0.0000, 3.1648, 3.1415, 0.0134, 0.2655,-4.6799
 0.1465, 0.0000, 3.1648, 3.1415, 0.0208, 0.0531,-2.9961
 0.1465, 0.0000, 3.1648, 3.1415,-0.0018, 0.0106,-1.8325
 0.1461, 0.0000, 3.1648, 3.1415,-0.0306, 0.0021,-2.9793
 0.1455, 0.0000, 3.1648, 3.1415,-0.0485, 0.0004,-3.9069
 0.1449, 0.0000, 3.1615, 3.1415,-0.0642,-0.2658, 4.6799
 0.1445, 0.0000, 3.1615, 3.1415,-0.0431,-0.0531, 0.2753
 0.1443, 0.0000, 3.1582, 3.1415,-0.0207,-0.2765, 4.6799
 0.1444, 0.0000, 3.1615, 3.1415, 0.0019, 0.2106,-4.6799
 0.1443, 0.0000, 3.1615, 3.1415,-0.0056, 0.0421,-3.1098
 0.1443, 0.0000, 3.1615, 3.1415,-0.0071, 0.0084,-1.2545
 0.1440, 0.0000, 3.1615, 3.1415,-0.0196, 0.0016,-1.5741
 0.1437, 0.0000, 3.1615, 3.1415,-0.0342, 0.0003,-2.3325
 0.1430, 0.0000, 3.1582, 3.1415,-0.0553,-0.2658, 4.6799
 0.1428, 0.0000, 3.1582, 3.1415,-0.0292,-0.0531, 1.8282
 0.1429, 0.0000, 3.1582, 3.1415, 0.0002,-0.0106, 1.0398
 0.1431, 0.0000, 3.1582, 3.1415, 0.0182,-0.0021, 1.5728
 0.1434, 0.0000, 3.1615, 3.1415, 0.0278, 0.2655,-4.6799
 0.1435, 0.0000, 3.1615, 3.1415, 0.0116, 0.0531,-2.7920
 0.1436, 0.0000, 3.1615, 3.1415, 0.0083, 0.0106,-0.5233
 0.1433, 0.0000, 3.1615, 3.1415,-0.0165, 0.0021,-1.4451
 0.1429, 0.0000, 3.1615, 3.1415,-0.0396, 0.0004,-2.6683
 0.1424, 0.0000, 3.1582, 3.1415,-0.0503,-0.2658, 4.6799
 0.1422, 0.0000, 3.1582, 3.1415,-0.0222,-0.0531, 2.2069
 0.1423, 0.0000, 3.1582, 3.1415, 0.0016,-0.0106, 1.1003
 0.1424, 0.0000, 3.1582, 3.1415, 0.0124,-0.0021, 1.2251
 0.1427, 0.0000, 3.1615, 3.1415, 0.0206, 0.2655,-4.6799
 0.1427, 0.0000, 3.1615, 3.1415, 0.0102, 0.0531,-2.8974
 0.1427, 0.0000, 3.1615, 3.1415,-0.0040, 0.0106,-1.2523
 0.1423, 0.0000, 3.1615, 3.1415,-0.0311, 0.0021,-2.3026
 0.1417, 0.0000, 3.1582, 3.1415,-0.0547,-0.2655, 4.6799
 0.1415, 0.0000, 3.1582, 3.1415,-0.0291,-0.0531, 1.7880
 0.1414, 0.0000, 3.1582, 3.1415,-0.0118,-0.0106, 0.3086
 0.1415, 0.0000, 3.1582, 3.1415, 0.0036,-0.0021, 0.6995
 0.1415, 0.0000, 3.1582, 3.1415, 0.0067,-0.0004, 0.7795
 0.1418, 0.0000, 3.1582, 3.1415, 0.0256,-0.0000, 1.8307
 0.1423, 0.0000, 3.1615, 3.1415, 0.0415, 0.2659,-4.6799
 0.1424, 0.0000, 3.1615, 3.1415, 0.0143, 0.0531,-2.6793
 0.1421, 0.0000, 3.1615, 3.1415,-0.0153, 0.0106,-1.9070
 0.1418, 0.0000, 3.1615, 3.1415,-0.0273, 0.0021,-2.1026
 0.1415, 0.0000, 3.1615, 3.1415,-0.0357, 0.0004,-2.4938
 0.1408, 0.0000, 3.1582, 3.1415,-0.0617,-0.2658, 4.6799
 0.1404, 0.0000, 3.1582, 3.1415,-0.0426,-0.0531, 0.9956
 0.1402, 0.0000, 3.1548, 3.1415,-0.0206,-0.2765, 4.6799
 0.1403, 0.0000, 3.1548, 3.1415, 0.0019,-0.0553, 4.4523
 0.1407, 0.0000, 3.1582, 3.1415, 0.0307, 0.2548,-4.6799
 0.1408, 0.0000, 3.1582, 3.1415, 0.0122, 0.0509,-1.9035
 0.1406, 0.0000, 3.1582, 3.1415,-0.0096, 0.0101,-0.7912
 0.1405, 0.0000, 3.1582, 3.1415,-0.0140, 0.0020,-0.5727
 0.1402, 0.0000, 3.1582, 3.1415,-0.0270, 0.0004,-1.2215
 0.1397, 0.0000, 3.1548, 3.1415,-0.0417,-0.2658, 4.6799
 0.1395, 0.0000, 3.1548, 3.1415,-0.0265,-0.0531, 2.6961
 0.1396, 0.0000, 3.1548, 3.1415, 0.0068,-0.0106, 2.1299
 0.1398, 0.0000, 3.1548, 3.1415, 0.0134,-0.0021, 2.0204
 0.1399, 0.0000, 3.1548, 3.1415, 0.0148,-0.0004, 2.0024
 0.1402, 0.0000, 3.1582, 3.1415, 0.0272, 0.2658,-4.6799
 0.1405, 0.0000, 3.1582, 3.1415, 0.0236, 0.0531,-1.3950
 0.1404, 0.0000, 3.1582, 3.1415,-0.0013, 0.0106,-0.3529
 0.1401, 0.0000, 3.1582, 3.1415,-0.0245, 0.0021,-1.1795
 0.1399, 0.0000, 3.1582, 3.1415,-0.0230, 0.0004,-1.0081
 0.1394, 0.0000, 3.1548, 3.1415,-0.0409,-0.2658, 4.6799
 0.1393, 0.0000, 3.1548, 3.1415,-0.0203,-0.0531, 3.0398
 0.1393, 0.0000, 3.1548, 3.1415, 0.0019,-0.0106, 1.8485
 0.1396, 0.0000, 3.1548, 3.1415, 0.0185,-0.0021, 2.3009
 0.1399, 0.0000, 3.1548, 3.1415, 0.0279,-0.0004, 2.7414
 0.1404, 0.0000, 3.1582, 3.1415, 0.0480, 0.2658,-4.6799
 0.1407, 0.0000, 3.1582, 3.1415, 0.0338, 0.0531,-0.8110
 0.1406, 0.0000, 3.1582, 3.1415, 0.0007, 0.0106,-0.2303
 0.1404, 0.0000, 3.1582, 3.1415,-0.0180, 0.0021,-0.8049
 0.1402, 0.0000, 3.1582, 3.1415,-0.0157, 0.0004,-0.5812
 0.1399, 0.0000, 3.1548, 3.1415,-0.0334,-0.2658, 4.6799
 0.1398, 0.0000, 3.1548, 3.1415,-0.0127,-0.0531, 3.4836
 0.1399, 0.0000, 3.1548, 3.1415, 0.0095,-0.0106, 2.2950
 0.1402, 0.0000, 3.1548, 3.1415, 0.0261,-0.0021, 2.7498
 0.1405, 0.0000, 3.1548, 3.1415, 0.0234,-0.0004, 2.5041
 0.1410, 0.0000, 3.1582, 3.1415, 0.0471, 0.2658,-4.6799
 0.1412, 0.0000, 3.1582, 3.1415, 0.0276, 0.0531,-1.1465
 0.1413, 0.0000, 3.1582, 3.1415, 0.0115, 0.0106, 0.4047
 0.1413, 0.0000, 3.1582, 3.1415, 0.0023, 0.0021, 0.3724
 0.1415, 0.0000, 3.1582, 3.1415, 0.0125, 0.0004, 1.0547
 0.1415, 0.0000, 3.1582, 3.1415, 0.0085, 0.0000, 0.8506
 0.1415, 0.0000, 3.1582, 3.1415, 0.0017, 0.0000, 0.4673
 0.1418, 0.0000, 3.1582, 3.1415, 0.0245, 0.0000, 1.7682
 0.1422, 0.0000, 3.1582, 3.1415, 0.0352, 0.0000, 2.3803
 0.1427, 0.0000, 3.1582, 3.1415, 0.0434, 0.0000, 2.8568
 0.1432, 0.0000, 3.1615, 3.1415, 0.0511, 0.2659,-4.6799
 0.1436, 0.0000, 3.1615, 3.1415, 0.0405, 0.0531,-1.1646
 0.1437, 0.0000, 3.1615, 3.1415, 0.0202, 0.0106, 0.1484
 0.1438, 0.0000, 3.1615, 3.1415, 0.0101, 0.0021, 0.0704
 0.1439, 0.0000, 3.1615, 3.1415, 0.0080, 0.0004, 0.0568
 0.1440, 0.0000, 3.1615, 3.1415, 0.0137, 0.0000, 0.4003
 0.1442, 0.0000, 3.1615, 3.1415, 0.0148, 0.0000, 0.4729
 0.1445, 0.0000, 3.1615, 3.1415, 0.0272, 0.0000, 1.1799
 0.1449, 0.0000, 3.1648, 3.1415, 0.0418, 0.2659,-4.6799
 0.1451, 0.0000, 3.1648, 3.1415, 0.0204, 0.0531,-3.0679
 0.1449, 0.0000, 3.1648, 3.1415,-0.0140, 0.0106,-2.5721
 0.1446, 0.0000, 3.1615, 3.1415,-0.0210,-0.2638, 4.6799
 0.1446, 0.0000, 3.1615, 3.1415,-0.0102,-0.0527, 2.1102
 0.1446, 0.0000, 3.1615, 3.1415, 0.0040,-0.0105, 0.4839
 0.1449, 0.0000, 3.1615, 3.1415, 0.0189,-0.0021, 0.8493
 0.1452, 0.0000, 3.1615, 3.1415, 0.0341,-0.0004, 1.6169
 0.1459, 0.0000, 3.1648, 3.1415, 0.0613, 0.2658,-4.6799
 0.1462, 0.0000, 3.1648, 3.1415, 0.0304, 0.0531,-2.4706
 0.1461, 0.0000, 3.1648, 3.1415, 0.0000, 0.0106,-1.7371
 0.1460, 0.0000, 3.1648, 3.1415,-0.0060, 0.0021,-1.5922
 0.1457, 0.0000, 3.1615, 3.1415,-0.0254,-0.2655, 4.6799
 0.1456, 0.0000, 3.1615, 3.1415,-0.0111,-0.0531, 2.1131
 0.1458, 0.0000, 3.1615, 3.1415, 0.0159,-0.0106, 1.2000
 0.1461, 0.0000, 3.1615, 3.1415, 0.0213,-0.0021, 1.0231
 0.1464, 0.0000, 3.1615, 3.1415, 0.0285,-0.0004, 1.3379
 0.1471, 0.0000, 3.1648, 3.1415, 0.0602, 0.2658,-4.6799
 0.1474, 0.0000, 3.1648, 3.1415, 0.0363, 0.0531,-2.1029
 0.1474, 0.0000, 3.1648, 3.1415, 0.0072, 0.0106,-1.2885
 0.1473, 0.0000, 3.1648, 3.1415,-0.0046, 0.0021,-1.4699
 0.1472, 0.0000, 3.1648, 3.1415,-0.0069, 0.0004,-1.5082
 0.1468, 0.0000, 3.1615, 3.1415,-0.0377,-0.2658, 4.6799
 0.1465, 0.0000, 3.1615, 3.1415,-0.0257,-0.0531, 1.3229
 0.1468, 0.0000, 3.1615, 3.1415, 0.0130,-0.0106, 1.0650
 0.1471, 0.0000, 3.1615, 3.1415, 0.0268,-0.0021, 1.3636
 0.1475, 0.0000, 3.1615, 3.1415, 0.0417,-0.0004, 2.1196
 0.1481, 0.0000, 3.1648, 3.1415, 0.0568, 0.2658,-4.6799
 0.1485, 0.0000, 3.1648, 3.1415, 0.0416, 0.0531,-1.7635
 0.1486, 0.0000, 3.1648, 3.1415, 0.0144, 0.0106,-0.8475
 0.1486, 0.0000, 3.1648, 3.1415, 0.0028, 0.0021,-1.0067
 0.1484, 0.0000, 3.1648, 3.1415,-0.0176, 0.0004,-2.0717
 0.1479, 0.0000, 3.1615, 3.1415,-0.0399,-0.2658, 4.6799
 0.1479, 0.0000, 3.1615, 3.1415,-0.0079,-0.0531, 2.3680
 0.1481, 0.0000, 3.1615, 3.1415, 0.0165,-0.0106, 1.3085
 0.1483, 0.0000, 3.1615, 3.1415, 0.0154,-0.0021, 0.7580
 0.1485, 0.0000, 3.1615, 3.1415, 0.0212,-0.0004, 0.9961
 0.1491, 0.0000, 3.1648, 3.1415, 0.0527, 0.2658,-4.6799
 0.1494, 0.0000, 3.1648, 3.1415, 0.0348, 0.0531,-2.1230
 0.1494, 0.0000, 3.1648, 3.1415, 0.0069, 0.0106,-1.2408
 0.1494, 0.0000, 3.1648, 3.1415, 0.0013, 0.0021,-1.0643
 0.1490, 0.0000, 3.1615, 3.1415,-0.0361,-0.2655, 4.6799
 0.1489, 0.0000, 3.1615, 3.1415,-0.0132,-0.0531, 2.0961
 0.1490, 0.0000, 3.1615, 3.1415, 0.0094,-0.0106, 0.9347
 0.1493, 0.0000, 3.1615, 3.1415, 0.0200,-0.0021, 1.0506
 0.1496, 0.0000, 3.1615, 3.1415, 0.0282,-0.0004, 1.4238
 0.1502, 0.0000, 3.1648, 3.1415, 0.0602, 0.2658,-4.6799
 0.1505, 0.0000, 3.1648, 3.1415, 0.0362, 0.0531,-2.0029
 0.1504, 0.0000, 3.1648, 3.1415,-0.0048, 0.0106,-1.8767
 0.1505, 0.0000, 3.1648, 3.1415, 0.0050, 0.0021,-0.8222
 0.1502, 0.0000, 3.1648, 3.1415,-0.0232, 0.0004,-2.3312
 0.1497, 0.0000, 3.1615, 3.1415,-0.0410,-0.2658, 4.6799
 0.1497, 0.0000, 3.1615, 3.1415,-0.0082,-0.0531, 2.4128
 0.1498, 0.0000, 3.1615, 3.1415, 0.0044,-0.0106, 0.6747
 0.1499, 0.0000, 3.1615, 3.1415, 0.0130,-0.0021, 0.6734
 0.1504, 0.0000, 3.1615, 3.1415, 0.0389,-0.0004, 2.0544
 0.1509, 0.0000, 3.1648, 3.1415, 0.0441, 0.2658,-4.6799
 0.1510, 0.0000, 3.1648, 3.1415, 0.0209, 0.0531,-2.8535
 0.1511, 0.0000, 3.1648, 3.1415, 0.0102, 0.0106,-1.0023
 0.1509, 0.0000, 3.1648, 3.1415,-0.0100, 0.0021,-1.6632
 0.1503, 0.0000, 3.1615, 3.1415,-0.0505,-0.2655, 4.6799
 0.1502, 0.0000, 3.1615, 3.1415,-0.0161,-0.0531, 1.9766
 0.1503, 0.0000, 3.1615, 3.1415, 0.0028,-0.0106, 0.6008
 0.1504, 0.0000, 3.1615, 3.1415, 0.0066,-0.0021, 0.3277
 0.1507, 0.0000, 3.1615, 3.1415, 0.0255,-0.0004, 1.3080
 0.1513, 0.0000, 3.1615, 3.1415, 0.0536,-0.0000, 2.8892
 0.1515, 0.0000, 3.1648, 3.1415, 0.0289, 0.2659,-4.6799
 0.1517, 0.0000, 3.1648, 3.1415, 0.0179, 0.0531,-3.0049
 0.1518, 0.0000, 3.1648, 3.1415, 0.0096, 0.0106,-1.0153
 0.1515, 0.0000, 3.1648, 3.1415,-0.0223, 0.0021,-2.3373
 0.1512, 0.0000, 3.1615, 3.1415,-0.0226,-0.2655, 4.6799
 0.1512, 0.0000, 3.1615, 3.1415,-0.0045,-0.0531, 2.6640
 0.1512, 0.0000, 3.1615, 3.1415,-0.0009,-0.0106, 0.4189
 0.1514, 0.0000, 3.1615, 3.1415, 0.0119,-0.0021, 0.6586
 0.1518, 0.0000, 3.1615, 3.1415, 0.0387,-0.0004, 2.0879
 0.1524, 0.0000, 3.1648, 3.1415, 0.0562, 0.2658,-4.6799
 0.1526, 0.0000, 3.1648, 3.1415, 0.0233, 0.0531,-2.6669
 0.1527, 0.0000, 3.1648, 3.1415, 0.0107, 0.0106,-0.9247
 0.1526, 0.0000, 3.1648, 3.1415,-0.0039, 0.0021,-1.2631
 0.1522, 0.0000, 3.1648, 3.1415,-0.0311, 0.0004,-2.7102
 0.1518, 0.0000, 3.1615, 3.1415,-0.0365,-0.2658, 4.6799
 0.1517, 0.0000, 3.1615, 3.1415,-0.0194,-0.0531, 1.8417
 0.1518, 0.0000, 3.1615, 3.1415, 0.0021,-0.0106, 0.6103
 0.1519, 0.0000, 3.1615, 3.1415, 0.0125,-0.0021, 0.7103
 0.1523, 0.0000, 3.1615, 3.1415, 0.0328,-0.0004, 1.7672
 0.1528, 0.0000, 3.1648, 3.1415, 0.0490, 0.2658,-4.6799
 0.1529, 0.0000, 3.1648, 3.1415, 0.0158, 0.0531,-3.0811
 0.1528, 0.0000, 3.1648, 3.1415,-0.0028, 0.0106,-1.6886
 0.1527, 0.0000, 3.1648, 3.1415,-0.0066, 0.0021,-1.4121
 0.1522, 0.0000, 3.1615, 3.1415,-0.0437,-0.2655, 4.6799
 0.1521, 0.0000, 3.1615, 3.1415,-0.0148,-0.0531, 2.1126
 0.1524, 0.0000, 3.1615, 3.1415, 0.0212,-0.0106, 1.7091
 0.1524, 0.0000, 3.1615, 3.1415, 0.0042,-0.0021, 0.2586
 0.1527, 0.0000, 3.1615, 3.1415, 0.0190,-0.0004, 1.0016
 0.1533, 0.0000, 3.1648, 3.1415, 0.0523, 0.2658,-4.6799
 0.1534, 0.0000, 3.1648, 3.1415, 0.0225, 0.0531,-2.6851
 0.1534, 0.0000, 3.1648, 3.1415, 0.0045, 0.0106,-1.2516
 0.1534, 0.0000, 3.1648, 3.1415, 0.0009, 0.0021,-0.9649
 0.1529, 0.0000, 3.1615, 3.1415,-0.0422,-0.2655, 4.6799
 0.1527, 0.0000, 3.1615, 3.1415,-0.0205,-0.0531, 1.8068
 0.1530, 0.0000, 3.1615, 3.1415, 0.0140,-0.0106, 1.3189
 0.1531, 0.0000, 3.1615, 3.1415, 0.0149,-0.0021, 0.8827
 0.1534, 0.0000, 3.1615, 3.1415, 0.0211,-0.0004, 1.1436
 0.1540, 0.0000, 3.1648, 3.1415, 0.0588, 0.2658,-4.6799
 0.1540, 0.0000, 3.1648, 3.1415, 0.0117, 0.0531,-3.2766
 0.1540, 0.0000, 3.1648, 3.1415,-0.0037, 0.0106,-1.6990
 0.1540, 0.0000, 3.1648, 3.1415,-0.0007, 0.0021,-1.0410
 0.1535, 0.0000, 3.1648, 3.1415,-0.0365, 0.0004,-2.9755
 0.1531, 0.0000, 3.1615, 3.1415,-0.0376,-0.2658, 4.6799
 0.1530, 0.0000, 3.1615, 3.1415,-0.0135,-0.0531, 2.2146
 0.1530, 0.0000, 3.1615, 3.1415,-0.0087,-0.0106, 0.0306
 0.1532, 0.0000, 3.1615, 3.1415, 0.0164,-0.0021, 0.9694
 0.1537, 0.0000, 3.1615, 3.1415, 0.0396,-0.0004, 2.1960
 0.1541, 0.0000, 3.1648, 3.1415, 0.0443, 0.2658,-4.6799
 0.1543, 0.0000, 3.1648, 3.1415, 0.0209, 0.0531,-2.7489
 0.1544, 0.0000, 3.1648, 3.1415, 0.0163, 0.0106,-0.5546
 0.1542, 0.0000, 3.1648, 3.1415,-0.0149, 0.0021,-1.8337
 0.1537, 0.0000, 3.1648, 3.1415,-0.0454, 0.0004,-3.4728
 0.1534, 0.0000, 3.1615, 3.1415,-0.0333,-0.2658, 4.6799
 0.1531, 0.0000, 3.1615, 3.1415,-0.0248,-0.0531, 1.5814
 0.1531, 0.0000, 3.1615, 3.1415,-0.0049,-0.0106, 0.2503
 0.1533, 0.0000, 3.1615, 3.1415, 0.0111,-0.0021, 0.6728
 0.1537, 0.0000, 3.1615, 3.1415, 0.0325,-0.0004, 1.7942
 0.1541, 0.0000, 3.1615, 3.1415, 0.0428,-0.0000, 2.3725
 0.1545, 0.0000, 3.1648, 3.1415, 0.0388, 0.2659,-4.6799
 0.1546, 0.0000, 3.1648, 3.1415, 0.0199, 0.0531,-2.7989
 0.1547, 0.0000, 3.1648, 3.1415, 0.0100, 0.0106,-0.8993
 0.1545, 0.0000, 3.1648, 3.1415,-0.0161, 0.0021,-1.8950
 0.1543, 0.0000, 3.1648, 3.1415,-0.0214, 0.0004,-2.0999
 0.1540, 0.0000, 3.1615, 3.1415,-0.0285,-0.2658, 4.6799
 0.1537, 0.0000, 3.1615, 3.1415,-0.0299,-0.0531, 1.3103
 0.1537, 0.0000, 3.1615, 3.1415,-0.0059,-0.0106, 0.2095
 0.1539, 0.0000, 3.1615, 3.1415, 0.0169,-0.0021, 1.0224
 0.1542, 0.0000, 3.1615, 3.1415, 0.0276,-0.0004, 1.5351
 0.1546, 0.0000, 3.1615, 3.1415, 0.0358,-0.0000, 1.9897
 0.1551, 0.0000, 3.1648, 3.1415, 0.0496, 0.2659,-4.6799
 0.1555, 0.0000, 3.1648, 3.1415, 0.0402, 0.0531,-1.6257
 0.1556, 0.0000, 3.1681, 3.1415, 0.0201, 0.2765,-4.6799
 0.1555, 0.0000, 3.1681, 3.1415,-0.0080, 0.0553,-4.6799
 0.1551, 0.0000, 3.1648, 3.1415,-0.0319,-0.2548, 4.6799
 0.1549, 0.0000, 3.1648, 3.1415,-0.0245,-0.0509, 0.7055
 0.1549, 0.0000, 3.1648, 3.1415,-0.0049,-0.0101,-0.5371
 0.1548, 0.0000, 3.1648, 3.1415,-0.0070,-0.0020,-1.1300
 0.1547, 0.0000, 3.1648, 3.1415,-0.0074,-0.0004,-1.2505
 0.1546, 0.0000, 3.1648, 3.1415,-0.0136,-0.0000,-1.6209
 0.1543, 0.0000, 3.1615, 3.1415,-0.0209,-0.2659, 4.6799
 0.1541, 0.0000, 3.1615, 3.1415,-0.0223,-0.0531, 1.7538
 0.1542, 0.0000, 3.1615, 3.1415, 0.0015,-0.0106, 0.6540
 0.1544, 0.0000, 3.1615, 3.1415, 0.0185,-0.0021, 1.1247
 0.1549, 0.0000, 3.1615, 3.1415, 0.0400,-0.0004, 2.2577
 0.1553, 0.0000, 3.1648, 3.1415, 0.0443, 0.2658,-4.6799
 0.1556, 0.0000, 3.1648, 3.1415, 0.0331, 0.0531,-2.0210
 0.1556, 0.0000, 3.1648, 3.1415, 0.0066, 0.0106,-1.0632
 0.1556, 0.0000, 3.1648, 3.1415,-0.0047, 0.0021,-1.2160
 0.1552, 0.0000, 3.1648, 3.1415,-0.0252, 0.0004,-2.2816
 0.1547, 0.0000, 3.1648, 3.1415,-0.0474, 0.0000,-3.5355
 0.1540, 0.0000, 3.1615, 3.1415,-0.0640,-0.2659, 4.6799
 0.1537, 0.0000, 3.1582, 3.1415,-0.0370,-0.3191, 4.6799
 0.1536, 0.0000, 3.1582, 3.1415,-0.0195,-0.0638, 3.3307
 0.1537, 0.0000, 3.1582, 3.1415, 0.0082,-0.0127, 1.9567
 0.1541, 0.0000, 3.1582, 3.1415, 0.0319,-0.0025, 2.7189
 0.1546, 0.0000, 3.1615, 3.1415, 0.0488, 0.2654,-4.6799
 0.1550, 0.0000, 3.1648, 3.1415, 0.0400, 0.3190,-4.6799
 0.1551, 0.0000, 3.1648, 3.1415, 0.0140, 0.0638,-3.7255
 0.1548, 0.0000, 3.1648, 3.1415,-0.0214, 0.0127,-2.7950
 0.1543, 0.0000, 3.1615, 3.1415,-0.0406,-0.2633, 4.6799
 0.1541, 0.0000, 3.1615, 3.1415,-0.0263,-0.0526, 1.5014
 0.1541, 0.0000, 3.1615, 3.1415,-0.0052,-0.0105, 0.2592
 0.1542, 0.0000, 3.1615, 3.1415, 0.0050,-0.0021, 0.3551
 0.1544, 0.0000, 3.1615, 3.1415, 0.0191,-0.0004, 1.0649
 0.1548, 0.0000, 3.1615, 3.1415, 0.0341,-0.0000, 1.9014
 0.1553, 0.0000, 3.1648, 3.1415, 0.0492, 0.2659,-4.6799
 0.1555, 0.0000, 3.1648, 3.1415, 0.0219, 0.0531,-2.6555
 0.1555, 0.0000, 3.1648, 3.1415, 0.0043, 0.0106,-1.1940
 0.1554, 0.0000, 3.1648, 3.1415,-0.0051, 0.0021,-1.2461
 0.1552, 0.0000, 3.1648, 3.1415,-0.0192, 0.0004,-1.9471
 0.1546, 0.0000, 3.1615, 3.1415,-0.0523,-0.2658, 4.6799
 0.1542, 0.0000, 3.1615, 3.1415,-0.0407,-0.0531, 0.7164
 0.1543, 0.0000, 3.1615, 3.1415,-0.0020,-0.0106, 0.4485
 0.1544, 0.0000, 3.1615, 3.1415, 0.0117,-0.0021, 0.7411
 0.1546, 0.0000, 3.1615, 3.1415, 0.0144,-0.0004, 0.8036
 0.1549, 0.0000, 3.1615, 3.1415, 0.0271,-0.0000, 1.5086
 0.1554, 0.0000, 3.1648, 3.1415, 0.0478, 0.2659,-4.6799
 0.1556, 0.0000, 3.1648, 3.1415, 0.0277, 0.0531,-2.3245
 0.1555, 0.0000, 3.1648, 3.1415,-0.0065, 0.0106,-1.8126
 0.1553, 0.0000, 3.1648, 3.1415,-0.0134, 0.0021,-1.7142
 0.1549, 0.0000, 3.1648, 3.1415,-0.0390, 0.0004,-3.0758
 0.1543, 0.0000, 3.1615, 3.1415,-0.0502,-0.2658, 4.6799
 0.1541, 0.0000, 3.1615, 3.1415,-0.0282,-0.0531, 1.4217
 0.1541, 0.0000, 3.1582, 3.1415,-0.0056,-0.2765, 4.6799
 0.1542, 0.0000, 3.1615, 3.1415, 0.0049, 0.2106,-4.6799
 0.1542, 0.0000, 3.1615, 3.1415, 0.0009, 0.0421,-2.4224
 0.1542, 0.0000, 3.1615, 3.1415, 0.0001, 0.0084,-0.5236
 0.1539, 0.0000, 3.1615, 3.1415,-0.0242, 0.0016,-1.5213
 0.1536, 0.0000, 3.1582, 3.1415,-0.0290,-0.2656, 4.6799
 0.1535, 0.0000, 3.1582, 3.1415,-0.0118,-0.0531, 3.1430
 0.1536, 0.0000, 3.1582, 3.1415, 0.0036,-0.0106, 1.5729
 0.1537, 0.0000, 3.1582, 3.1415, 0.0068,-0.0021, 1.2608
 0.1540, 0.0000, 3.1582, 3.1415, 0.0256,-0.0004, 2.2334
 0.1546, 0.0000, 3.1615, 3.1415, 0.0536, 0.2658,-4.6799
 0.1548, 0.0000, 3.1615, 3.1415, 0.0289, 0.0531,-1.4649
 0.1547, 0.0000, 3.1615, 3.1415,-0.0002, 0.0106,-0.6611
 0.1548, 0.0000, 3.1615, 3.1415, 0.0060, 0.0021, 0.1863
 0.1546, 0.0000, 3.1615, 3.1415,-0.0169, 0.0004,-1.0196
 0.1543, 0.0000, 3.1615, 3.1415,-0.0276, 0.0000,-1.6109
 0.1540, 0.0000, 3.1615, 3.1415,-0.0237, 0.0000,-1.3925
 0.1537, 0.0000, 3.1582, 3.1415,-0.0350,-0.2659, 4.6799
 0.1536, 0.0000, 3.1582, 3.1415,-0.0130,-0.0531, 3.0819
 0.1537, 0.0000, 3.1582, 3.1415, 0.0034,-0.0106, 1.5626
 0.1540, 0.0000, 3.1582, 3.1415, 0.0249,-0.0021, 2.2938
 0.1543, 0.0000, 3.1582, 3.1415, 0.0292,-0.0004, 2.4477
 0.1548, 0.0000, 3.1615, 3.1415, 0.0482, 0.2658,-4.6799
 0.1552, 0.0000, 3.1615, 3.1415, 0.0399, 0.0531,-0.8292
 0.1552, 0.0000, 3.1648, 3.1415, 0.0140, 0.2765,-4.6799
 0.1550, 0.0000, 3.1648, 3.1415,-0.0153, 0.0553,-4.6799
 0.1547, 0.0000, 3.1615, 3.1415,-0.0273,-0.2548, 4.6799
 0.1546, 0.0000, 3.1615, 3.1415,-0.0175,-0.0509, 1.9100
 0.1546, 0.0000, 3.1615, 3.1415,-0.0035,-0.0101, 0.3524
 0.1546, 0.0000, 3.1615, 3.1415, 0.0053,-0.0020, 0.3852
 0.1549, 0.0000, 3.1615, 3.1415, 0.0192,-0.0004, 1.0825
 0.1554, 0.0000, 3.1615, 3.1415, 0.0462,-0.0000, 2.6051
 0.1559, 0.0000, 3.1648, 3.1415, 0.0456, 0.2659,-4.6799
 0.1560, 0.0000, 3.1648, 3.1415, 0.0212, 0.0531,-2.6797
 0.1560, 0.0000, 3.1648, 3.1415, 0.0042, 0.0106,-1.1854
 0.1560, 0.0000, 3.1648, 3.1415, 0.0008, 0.0021,-0.8865
 0.1556, 0.0000, 3.1648, 3.1415,-0.0301, 0.0004,-2.5486
 0.1550, 0.0000, 3.1615, 3.1415,-0.0545,-0.2658, 4.6799
 0.1547, 0.0000, 3.1615, 3.1415,-0.0351,-0.0531, 1.0506
 0.1547, 0.0000, 3.1615, 3.1415,-0.0070,-0.0106, 0.1843
 0.1548, 0.0000, 3.1615, 3.1415, 0.0046,-0.0021, 0.3554
 0.1549, 0.0000, 3.1615, 3.1415, 0.0130,-0.0004, 0.7360
 0.1553, 0.0000, 3.1615, 3.1415, 0.0329,-0.0000, 1.8490
 0.1557, 0.0000, 3.1615, 3.1415, 0.0369,-0.0000, 2.0812
 0.1561, 0.0000, 3.1648, 3.1415, 0.0376, 0.2659,-4.6799
 0.1562, 0.0000, 3.1648, 3.1415, 0.0196, 0.0531,-2.7623
 0.1562, 0.0000, 3.1648, 3.1415,-0.0021, 0.0106,-1.5405
 0.1559, 0.0000, 3.1648, 3.1415,-0.0186, 0.0021,-1.9868
 0.1557, 0.0000, 3.1648, 3.1415,-0.0219, 0.0004,-2.0819
 0.1551, 0.0000, 3.1615, 3.1415,-0.0528,-0.2658, 4.6799
 0.1546, 0.0000, 3.1582, 3.1415,-0.0469,-0.3191, 4.6799
 0.1546, 0.0000, 3.1582, 3.1415,-0.0154,-0.0638, 3.5921
 0.1549, 0.0000, 3.1582, 3.1415, 0.0272,-0.0127, 3.0671
 0.1553, 0.0000, 3.1615, 3.1415, 0.0357, 0.2634,-4.6799
 0.1555, 0.0000, 3.1615, 3.1415, 0.0192, 0.0526,-1.9584
 0.1556, 0.0000, 3.1615, 3.1415, 0.0099, 0.0105,-0.0539
 0.1556, 0.0000, 3.1615, 3.1415, 0.0019, 0.0021,-0.0154
 0.1552, 0.0000, 3.1615, 3.1415,-0.0238, 0.0004,-1.3852
 0.1547, 0.0000, 3.1582, 3.1415,-0.0472,-0.2658, 4.6799
 0.1545, 0.0000, 3.1582, 3.1415,-0.0276,-0.0531, 2.2887
 0.1546, 0.0000, 3.1582, 3.1415, 0.0005,-0.0106, 1.4269
 0.1548, 0.0000, 3.1582, 3.1415, 0.0182,-0.0021, 1.9453
 0.1549, 0.0000, 3.1582, 3.1415, 0.0157,-0.0004, 1.7103
 0.1553, 0.0000, 3.1582, 3.1415, 0.0334,-0.0000, 2.7002
 0.1560, 0.0000, 3.1615, 3.1415, 0.0612, 0.2659,-4.6799
 0.1563, 0.0000, 3.1615, 3.1415, 0.0365, 0.0531,-0.9897
 0.1563, 0.0000, 3.1648, 3.1415, 0.0073, 0.2765,-4.6799
 0.1562, 0.0000, 3.1648, 3.1415,-0.0046, 0.0553,-4.2538
 0.1559, 0.0000, 3.1615, 3.1415,-0.0312,-0.2548, 4.6799
 0.1556, 0.0000, 3.1615, 3.1415,-0.0244,-0.0509, 1.5575
 0.1556, 0.0000, 3.1615, 3.1415,-0.0109,-0.0101,-0.0355
 0.1556, 0.0000, 3.1615, 3.1415,-0.0021,-0.0020,-0.0117
 0.1554, 0.0000, 3.1615, 3.1415,-0.0125,-0.0004,-0.6957
 0.1554, 0.0000, 3.1582, 3.1415,-0.0025,-0.2660, 4.6799
 0.1555, 0.0000, 3.1582, 3.1415, 0.0055,-0.0532, 4.1939
 0.1556, 0.0000, 3.1582, 3.1415, 0.0071,-0.0106, 1.8329
 0.1559, 0.0000, 3.1582, 3.1415, 0.0256,-0.0021, 2.3957
 0.1563, 0.0000, 3.1615, 3.1415, 0.0415, 0.2655,-4.6799
 0.1567, 0.0000, 3.1615, 3.1415, 0.0386, 0.0531,-0.8538
 0.1567, 0.0000, 3.1615, 3.1415, 0.0077, 0.0106,-0.1466
 0.1565, 0.0000, 3.1615, 3.1415,-0.0105, 0.0021,-0.6940
 0.1564, 0.0000, 3.1615, 3.1415,-0.0142, 0.0004,-0.8072
 0.1560, 0.0000, 3.1615, 3.1415,-0.0331, 0.0000,-1.8669
 0.1554, 0.0000, 3.1582, 3.1415,-0.0551,-0.2659, 4.6799
 0.1552, 0.0000, 3.1548, 3.1415,-0.0292,-0.3191, 4.6799
 0.1553, 0.0000, 3.1548, 3.1415, 0.0062,-0.0638, 4.6799
 0.1556, 0.0000, 3.1548, 3.1415, 0.0194,-0.0127, 3.4680
 0.1559, 0.0000, 3.1582, 3.1415, 0.0281, 0.2634,-4.6799
 0.1561, 0.0000, 3.1582, 3.1415, 0.0238, 0.0526,-0.8628
 0.1562, 0.0000, 3.1582, 3.1415, 0.0168, 0.0105, 1.1813
 0.1563, 0.0000, 3.1582, 3.1415, 0.0094, 0.0021, 1.2495
 0.1564, 0.0000, 3.1582, 3.1415, 0.0079, 0.0004, 1.2652
 0.1565, 0.0000, 3.1582, 3.1415, 0.0076, 0.0000, 1.2701
 0.1567, 0.0000, 3.1582, 3.1415, 0.0197, 0.0000, 1.9618
 0.1569, 0.0000, 3.1582, 3.1415, 0.0221, 0.0000, 2.1059
 0.1573, 0.0000, 3.1582, 3.1415, 0.0347, 0.0000, 2.8292
 0.1577, 0.0000, 3.1615, 3.1415, 0.0433, 0.2659,-4.6799
 0.1579, 0.0000, 3.1615, 3.1415, 0.0207, 0.0531,-1.8259
 0.1579, 0.0000, 3.1615, 3.1415, 0.0041, 0.0106,-0.3104
 0.1578, 0.0000, 3.1615, 3.1415,-0.0052, 0.0021,-0.3516
 0.1575, 0.0000, 3.1582, 3.1415,-0.0253,-0.2655, 4.6799
 0.1574, 0.0000, 3.1582, 3.1415,-0.0171,-0.0531, 2.9650
 0.1574, 0.0000, 3.1582, 3.1415, 0.0026,-0.0106, 1.6350
 0.1577, 0.0000, 3.1582, 3.1415, 0.0187,-0.0021, 2.0597
 0.1581, 0.0000, 3.1582, 3.1415, 0.0401,-0.0004, 3.1835
 0.1586, 0.0000, 3.1582, 3.1415, 0.0444,-0.0000, 3.4198
 0.1592, 0.0000, 3.1615, 3.1415, 0.0573, 0.2659,-4.6799
 0.1596, 0.0000, 3.1615, 3.1415, 0.0417, 0.0531,-0.5885
 0.1597, 0.0000, 3.1615, 3.1415, 0.0204, 0.0106, 0.6679
 0.1597, 0.0000, 3.1615, 3.1415, 0.0040, 0.0021, 0.2343
 0.1599, 0.0000, 3.1615, 3.1415, 0.0129, 0.0004, 0.8362
 0.1599, 0.0000, 3.1615, 3.1415, 0.0086, 0.0000, 0.6161
 0.1600, 0.0000, 3.1615, 3.1415, 0.0077, 0.0000, 0.5741
 0.1602, 0.0000, 3.1615, 3.1415, 0.0136, 0.0000, 0.9119
 0.1604, 0.0000, 3.1615, 3.1415, 0.0209, 0.0000, 1.3277
 0.1606, 0.0000, 3.1615, 3.1415, 0.0163, 0.0000, 1.0722
 0.1608, 0.0000, 3.1615, 3.1415, 0.0214, 0.0000, 1.3693
 0.1610, 0.0000, 3.1615, 3.1415, 0.0224, 0.0000, 1.4345
 0.1613, 0.0000, 3.1615, 3.1415, 0.0287, 0.0000, 1.7976
 0.1616, 0.0000, 3.1648, 3.1415, 0.0300, 0.2659,-4.6799
 0.1616, 0.0000, 3.1648, 3.1415, 0.0060, 0.0531,-3.3630
 0.1614, 0.0000, 3.1648, 3.1415,-0.0169, 0.0106,-2.2134
 0.1611, 0.0000, 3.1615, 3.1415,-0.0276,-0.2638, 4.6799
 0.1609, 0.0000, 3.1582, 3.1415,-0.0237,-0.3187, 4.6799
 0.1608, 0.0000, 3.1582, 3.1415,-0.0108,-0.0637, 4.0459
 0.1610, 0.0000, 3.1582, 3.1415, 0.0160,-0.0127, 2.6262
 0.1614, 0.0000, 3.1582, 3.1415, 0.0335,-0.0025, 3.0367
 0.1620, 0.0000, 3.1615, 3.1415, 0.0552, 0.2654,-4.6799
 0.1623, 0.0000, 3.1615, 3.1415, 0.0352, 0.0530,-0.8631
 0.1623, 0.0000, 3.1615, 3.1415, 0.0070, 0.0106,-0.0067
 0.1621, 0.0000, 3.1615, 3.1415,-0.0107, 0.0021,-0.5241
 0.1619, 0.0000, 3.1615, 3.1415,-0.0203, 0.0004,-0.9759
 0.1615, 0.0000, 3.1582, 3.1415,-0.0343,-0.2658, 4.6799
 0.1614, 0.0000, 3.1548, 3.1415,-0.0190,-0.3191, 4.6799
 0.1615, 0.0000, 3.1548, 3.1415, 0.0022,-0.0638, 4.6799
 0.1618, 0.0000, 3.1548, 3.1415, 0.0307,-0.0127, 4.3053
 0.1622, 0.0000, 3.1582, 3.1415, 0.0364, 0.2634,-4.6799
 0.1624, 0.0000, 3.1582, 3.1415, 0.0254, 0.0526,-0.5676
 0.1625, 0.0000, 3.1582, 3.1415, 0.0111, 0.0105, 1.0568
 0.1626, 0.0000, 3.1582, 3.1415, 0.0082, 0.0021, 1.3837
 0.1627, 0.0000, 3.1582, 3.1415, 0.0077, 0.0004, 1.4510
 0.1627, 0.0000, 3.1548, 3.1415, 0.0015,-0.2658, 4.6799
 0.1629, 0.0000, 3.1548, 3.1415, 0.0184,-0.0531, 4.6799
 0.1634, 0.0000, 3.1548, 3.1415, 0.0400,-0.0106, 4.6799
 0.1640, 0.0000, 3.1582, 3.1415, 0.0565, 0.2638,-4.6799
 0.1643, 0.0000, 3.1582, 3.1415, 0.0355, 0.0527, 0.0530
 0.1647, 0.0000, 3.1582, 3.1415, 0.0434, 0.0105, 2.9488
 0.1652, 0.0000, 3.1615, 3.1415, 0.0450, 0.2680,-4.6799
 0.1654, 0.0000, 3.1615, 3.1415, 0.0272, 0.0536,-1.2514
 0.1653, 0.0000, 3.1615, 3.1415,-0.0006, 0.0107,-0.3502
 0.1652, 0.0000, 3.1582, 3.1415,-0.0122,-0.2638, 4.6799
 0.1652, 0.0000, 3.1582, 3.1415,-0.0024,-0.0527, 4.0229
 0.1654, 0.0000, 3.1582, 3.1415, 0.0177,-0.0105, 2.7327
 0.1656, 0.0000, 3.1582, 3.1415, 0.0217,-0.0021, 2.4804
 0.1660, 0.0000, 3.1582, 3.1415, 0.0346,-0.0004, 3.1245
 0.1668, 0.0000, 3.1582, 3.1415, 0.0675,-0.0000, 4.6799
 0.1678, 0.0000, 3.1615, 3.1415, 0.0923, 0.2659,-4.6799
 0.1684, 0.0000, 3.1648, 3.1415, 0.0730, 0.3191,-4.6799
 0.1687, 0.0000, 3.1648, 3.1415, 0.0388, 0.0638,-1.8979
 0.1689, 0.0000, 3.1648, 3.1415, 0.0198, 0.0127,-0.0184
 0.1688, 0.0000, 3.1648, 3.1415,-0.0020, 0.0025,-0.6718
 0.1685, 0.0000, 3.1615, 3.1415,-0.0246,-0.2654, 4.6799
 0.1684, 0.0000, 3.1615, 3.1415,-0.0170,-0.0530, 2.4976
 0.1685, 0.0000, 3.1615, 3.1415, 0.0087,-0.0106, 1.5073
 0.1690, 0.0000, 3.1615, 3.1415, 0.0381,-0.0021, 2.6906
 0.1695, 0.0000, 3.1615, 3.1415, 0.0500,-0.0004, 3.2831
 0.1700, 0.0000, 3.1615, 3.1415, 0.0524,-0.0000, 3.4151
 0.1708, 0.0000, 3.1648, 3.1415, 0.0711, 0.2659,-4.6799
 0.1714, 0.0000, 3.1648, 3.1415, 0.0627, 0.0531, 0.1457
 0.1721, 0.0000, 3.1648, 3.1415, 0.0671, 0.0106, 2.8679
 0.1726, 0.0000, 3.1681, 3.1415, 0.0558, 0.2680,-4.6799
 0.1731, 0.0000, 3.1681, 3.1415, 0.0475, 0.0536,-1.5030
 0.1731, 0.0000, 3.1681, 3.1415, 0.0155, 0.0107,-0.8309
 0.1731, 0.0000, 3.1681, 3.1415, 0.0031, 0.0021,-1.0390
 0.1730, 0.0000, 3.1648, 3.1415,-0.0115,-0.2655, 4.6799
 0.1729, 0.0000, 3.1648, 3.1415,-0.0083,-0.0531, 2.3126
 0.1730, 0.0000, 3.1648, 3.1415, 0.0043,-0.0106, 0.5846
 0.1732, 0.0000, 3.1648, 3.1415, 0.0190,-0.0021, 0.9297
 0.1736, 0.0000, 3.1648, 3.1415, 0.0341,-0.0004, 1.6932
 0.1740, 0.0000, 3.1648, 3.1415, 0.0432,-0.0000, 2.1998
 0.1745, 0.0000, 3.1648, 3.1415, 0.0450,-0.0000, 2.3126
 0.1751, 0.0000, 3.1681, 3.1415, 0.0575, 0.2659,-4.6799
 0.1753, 0.0000, 3.1681, 3.1415, 0.0296, 0.0531,-2.4140
 0.1754, 0.0000, 3.1681, 3.1415, 0.0120, 0.0106,-0.9557
 0.1753, 0.0000, 3.1681, 3.1415,-0.0036, 0.0021,-1.3508
 0.1751, 0.0000, 3.1681, 3.1415,-0.0189, 0.0004,-2.1206
 0.1747, 0.0000, 3.1648, 3.1415,-0.0341,-0.2658, 4.6799
 0.1747, 0.0000, 3.1615, 3.1415,-0.0128,-0.3191, 4.6799
 0.1749, 0.0000, 3.1615, 3.1415, 0.0156,-0.0638, 4.6799
 0.1750, 0.0000, 3.1615, 3.1415, 0.0152,-0.0127, 2.2058
 0.1753, 0.0000, 3.1648, 3.1415, 0.0273, 0.2633,-4.6799
 0.1755, 0.0000, 3.1648, 3.1415, 0.0175, 0.0526,-2.2418
 0.1756, 0.0000, 3.1648, 3.1415, 0.0095, 0.0105,-0.2610
 0.1754, 0.0000, 3.1615, 3.1415,-0.0102,-0.2638, 4.6799
 0.1753, 0.0000, 3.1615, 3.1415,-0.0081,-0.0527, 3.2046
 0.1755, 0.0000, 3.1615, 3.1415, 0.0105,-0.0105, 1.8250
 0.1756, 0.0000, 3.1615, 3.1415, 0.0142,-0.0021, 1.5530
 0.1759, 0.0000, 3.1615, 3.1415, 0.0210,-0.0004, 1.8468
 0.1763, 0.0000, 3.1615, 3.1415, 0.0405,-0.0000, 2.9444
 0.1768, 0.0000, 3.1615, 3.1415, 0.0444,-0.0000, 3.1754
 0.1772, 0.0000, 3.1648, 3.1415, 0.0392, 0.2659,-4.6799
 0.1775, 0.0000, 3.1648, 3.1415, 0.0320, 0.0531,-1.3905
 0.1776, 0.0000, 3.1648, 3.1415, 0.0185, 0.0106, 0.3033
 0.1776, 0.0000, 3.1648, 3.1415, 0.0037, 0.0021,-0.0427
 0.1775, 0.0000, 3.1648, 3.1415,-0.0113, 0.0004,-0.8006
 0.1772, 0.0000, 3.1615, 3.1415,-0.0204,-0.2658, 4.6799
 0.1772, 0.0000, 3.1615, 3.1415,-0.0040,-0.0531, 3.5141
 0.1775, 0.0000, 3.1615, 3.1415, 0.0173,-0.0106, 2.2792
 0.1777, 0.0000, 3.1615, 3.1415, 0.0216,-0.0021, 2.0380
 0.1781, 0.0000, 3.1615, 3.1415, 0.0346,-0.0004, 2.6842
 0.1785, 0.0000, 3.1615, 3.1415, 0.0433,-0.0000, 3.1674
 0.1790, 0.0000, 3.1648, 3.1415, 0.0450, 0.2659,-4.6799
 0.1792, 0.0000, 3.1648, 3.1415, 0.0271, 0.0531,-1.6116
 0.1791, 0.0000, 3.1648, 3.1415,-0.0006, 0.0106,-0.7298
 0.1790, 0.0000, 3.1648, 3.1415,-0.0122, 0.0021,-0.8998
 0.1787, 0.0000, 3.1615, 3.1415,-0.0267,-0.2655, 4.6799
 0.1786, 0.0000, 3.1615, 3.1415,-0.0114,-0.0531, 3.1409
 0.1788, 0.0000, 3.1615, 3.1415, 0.0159,-0.0106, 2.2391
 0.1789, 0.0000, 3.1615, 3.1415, 0.0092,-0.0021, 1.3758
 0.1791, 0.0000, 3.1615, 3.1415, 0.0200,-0.0004, 1.8937
 0.1795, 0.0000, 3.1615, 3.1415, 0.0343,-0.0000, 2.6917
 0.1800, 0.0000, 3.1615, 3.1415, 0.0432,-0.0000, 3.2053
 0.1803, 0.0000, 3.1615, 3.1415, 0.0329,-0.0000, 2.6308
 0.1808, 0.0000, 3.1648, 3.1415, 0.0490, 0.2659,-4.6799
 0.1812, 0.0000, 3.1648, 3.1415, 0.0401, 0.0531,-0.8207
 0.1811, 0.0000, 3.1648, 3.1415, 0.0019, 0.0106,-0.5218
 0.1809, 0.0000, 3.1648, 3.1415,-0.0117, 0.0021,-0.8084
 0.1808, 0.0000, 3.1615, 3.1415,-0.0144,-0.2655, 4.6799
 0.1807, 0.0000, 3.1615, 3.1415,-0.0089,-0.0531, 3.3459
 0.1808, 0.0000, 3.1615, 3.1415, 0.0042,-0.0106, 1.6450
 0.1811, 0.0000, 3.1615, 3.1415, 0.0251,-0.0021, 2.3398
 0.1815, 0.0000, 3.1615, 3.1415, 0.0414,-0.0004, 3.1752
 0.1819, 0.0000, 3.1615, 3.1415, 0.0385,-0.0000, 3.0093
 0.1825, 0.0000, 3.1648, 3.1415, 0.0501, 0.2659,-4.6799
 0.1828, 0.0000, 3.1648, 3.1415, 0.0342, 0.0531,-1.0993
 0.1828, 0.0000, 3.1648, 3.1415, 0.0068, 0.0106,-0.1930
 0.1827, 0.0000, 3.1648, 3.1415,-0.0046, 0.0021,-0.3561
 0.1826, 0.0000, 3.1615, 3.1415,-0.0070,-0.2655, 4.6799
 0.1826, 0.0000, 3.1615, 3.1415,-0.0014,-0.0531, 3.8321
 0.1828, 0.0000, 3.1615, 3.1415, 0.0118,-0.0106, 2.1345
 0.1831, 0.0000, 3.1615, 3.1415, 0.0266,-0.0021, 2.4875
 0.1836, 0.0000, 3.1615, 3.1415, 0.0477,-0.0004, 3.5989
 0.1842, 0.0000, 3.1648, 3.1415, 0.0580, 0.2658,-4.6799
 0.1845, 0.0000, 3.1648, 3.1415, 0.0358, 0.0531,-0.9544
 0.1847, 0.0000, 3.1648, 3.1415, 0.0193, 0.0106, 0.5688
 0.1848, 0.0000, 3.1648, 3.1415, 0.0159, 0.0021, 0.8772
 0.1850, 0.0000, 3.1648, 3.1415, 0.0153, 0.0004, 0.9427
 0.1850, 0.0000, 3.1648, 3.1415, 0.0091, 0.0000, 0.6153
 0.1851, 0.0000, 3.1648, 3.1415, 0.0078, 0.0000, 0.5518
 0.1854, 0.0000, 3.1648, 3.1415, 0.0258, 0.0000, 1.5740
 0.1859, 0.0000, 3.1648, 3.1415, 0.0415, 0.0000, 2.4749
 0.1863, 0.0000, 3.1648, 3.1415, 0.0446, 0.0000, 2.6666
 0.1869, 0.0000, 3.1681, 3.1415, 0.0513, 0.2659,-4.6799
 0.1872, 0.0000, 3.1681, 3.1415, 0.0405, 0.0531,-1.4232
 0.1875, 0.0000, 3.1681, 3.1415, 0.0323, 0.0106, 0.5763
 0.1876, 0.0000, 3.1681, 3.1415, 0.0125, 0.0021,-0.0492
 0.1876, 0.0000, 3.1681, 3.1415, 0.0025, 0.0004,-0.5167
 0.1875, 0.0000, 3.1681, 3.1415,-0.0055, 0.0000,-0.9546
 0.1875, 0.0000, 3.1681, 3.1415,-0.0071, 0.0000,-1.0441
 0.1873, 0.0000, 3.1681, 3.1415,-0.0135, 0.0000,-1.4082
 0.1872, 0.0000, 3.1681, 3.1415,-0.0148, 0.0000,-1.4849
 0.1869, 0.0000, 3.1648, 3.1415,-0.0211,-0.2659, 4.6799
 0.1869, 0.0000, 3.1648, 3.1415,-0.0042,-0.0531, 2.9936
 0.1872, 0.0000, 3.1648, 3.1415, 0.0173,-0.0106, 1.7640
 0.1875, 0.0000, 3.1648, 3.1415, 0.0337,-0.0021, 2.2126
 0.1879, 0.0000, 3.1681, 3.1415, 0.0370, 0.2655,-4.6799
 0.1882, 0.0000, 3.1681, 3.1415, 0.0316, 0.0531,-1.8905
 0.1883, 0.0000, 3.1681, 3.1415, 0.0123, 0.0106,-0.5253
 0.1882, 0.0000, 3.1681, 3.1415,-0.0035, 0.0021,-0.9390
 0.1880, 0.0000, 3.1681, 3.1415,-0.0189, 0.0004,-1.7125
 0.1878, 0.0000, 3.1648, 3.1415,-0.0219,-0.2658, 4.6799
 0.1878, 0.0000, 3.1648, 3.1415,-0.0043,-0.0531, 3.0098
 0.1880, 0.0000, 3.1648, 3.1415, 0.0173,-0.0106, 1.7883
 0.1882, 0.0000, 3.1648, 3.1415, 0.0216,-0.0021, 1.5498
 0.1885, 0.0000, 3.1681, 3.1415, 0.0285, 0.2655,-4.6799
 0.1887, 0.0000, 3.1681, 3.1415, 0.0239, 0.0531,-2.3115
 0.1888, 0.0000, 3.1681, 3.1415, 0.0108, 0.0106,-0.5961
 0.1886, 0.0000, 3.1681, 3.1415,-0.0160, 0.0021,-1.6285
 0.1883, 0.0000, 3.1681, 3.1415,-0.0274, 0.0004,-2.1851
 0.1880, 0.0000, 3.1648, 3.1415,-0.0297,-0.2658, 4.6799
 0.1879, 0.0000, 3.1648, 3.1415,-0.0120,-0.0531, 2.5849
 0.1881, 0.0000, 3.1648, 3.1415, 0.0097,-0.0106, 1.3628
 0.1883, 0.0000, 3.1648, 3.1415, 0.0201,-0.0021, 1.4666
 0.1886, 0.0000, 3.1648, 3.1415, 0.0282,-0.0004, 1.8375
 0.1891, 0.0000, 3.1681, 3.1415, 0.0420, 0.2658,-4.6799
 0.1893, 0.0000, 3.1681, 3.1415, 0.0265, 0.0531,-2.1469
 0.1894, 0.0000, 3.1681, 3.1415, 0.0113, 0.0106,-0.5498
 0.1892, 0.0000, 3.1681, 3.1415,-0.0098, 0.0021,-1.2615
 0.1890, 0.0000, 3.1681, 3.1415,-0.0201, 0.0004,-1.7520
 0.1887, 0.0000, 3.1681, 3.1415,-0.0282, 0.0000,-2.2003
 0.1883, 0.0000, 3.1648, 3.1415,-0.0359,-0.2659, 4.6799
 0.1882, 0.0000, 3.1648, 3.1415,-0.0132,-0.0531, 2.5251
 0.1884, 0.0000, 3.1648, 3.1415, 0.0094,-0.0106, 1.3585
 0.1886, 0.0000, 3.1648, 3.1415, 0.0200,-0.0021, 1.4734
 0.1890, 0.0000, 3.1681, 3.1415, 0.0343, 0.2655,-4.6799
 0.1891, 0.0000, 3.1681, 3.1415, 0.0189, 0.0531,-2.5767
 0.1891, 0.0000, 3.1681, 3.1415, 0.0037, 0.0106,-0.9839
 0.1889, 0.0000, 3.1681, 3.1415,-0.0174, 0.0021,-1.6984
 0.1885, 0.0000, 3.1681, 3.1415,-0.0338, 0.0004,-2.5359
 0.1881, 0.0000, 3.1648, 3.1415,-0.0370,-0.2658, 4.6799
 0.1879, 0.0000, 3.1648, 3.1415,-0.0256,-0.0531, 1.8183
 0.1881, 0.0000, 3.1648, 3.1415, 0.0070,-0.0106, 1.2095
 0.1883, 0.0000, 3.1648, 3.1415, 0.0195,-0.0021, 1.4359
 0.1885, 0.0000, 3.1681, 3.1415, 0.0221, 0.2655,-4.6799
 0.1886, 0.0000, 3.1681, 3.1415, 0.0104, 0.0531,-3.0733
 0.1885, 0.0000, 3.1681, 3.1415,-0.0039, 0.0106,-1.4410
 0.1882, 0.0000, 3.1681, 3.1415,-0.0250, 0.0021,-2.1495
 0.1878, 0.0000, 3.1681, 3.1415,-0.0353, 0.0004,-2.6433
 0.1873, 0.0000, 3.1648, 3.1415,-0.0495,-0.2658, 4.6799
 0.1872, 0.0000, 3.1648, 3.1415,-0.0220,-0.0531, 1.9961
 0.1872, 0.0000, 3.1648, 3.1415, 0.0016,-0.0106, 0.8816
 0.1873, 0.0000, 3.1648, 3.1415, 0.0063,-0.0021, 0.6605
 0.1875, 0.0000, 3.1648, 3.1415, 0.0194,-0.0004, 1.3070
 0.1880, 0.0000, 3.1681, 3.1415, 0.0402, 0.2658,-4.6799
 0.1882, 0.0000, 3.1681, 3.1415, 0.0262, 0.0531,-2.2003
 0.1881, 0.0000, 3.1681, 3.1415,-0.0068, 0.0106,-1.6204
 0.1879, 0.0000, 3.1681, 3.1415,-0.0135, 0.0021,-1.5082
 0.1878, 0.0000, 3.1681, 3.1415,-0.0148, 0.0004,-1.4896
 0.1874, 0.0000, 3.1681, 3.1415,-0.0332, 0.0000,-2.5228
 0.1869, 0.0000, 3.1681, 3.1415,-0.0430, 0.0000,-3.0834
 0.1865, 0.0000, 3.1648, 3.1415,-0.0449,-0.2659, 4.6799
 0.1863, 0.0000, 3.1648, 3.1415,-0.0211,-0.0531, 2.0217
 0.1864, 0.0000, 3.1648, 3.1415, 0.0018,-0.0106, 0.8656
 0.1867, 0.0000, 3.1648, 3.1415, 0.0246,-0.0021, 1.6693
 0.1870, 0.0000, 3.1681, 3.1415, 0.0291, 0.2655,-4.6799
 0.1871, 0.0000, 3.1681, 3.1415, 0.0118, 0.0531,-3.0414
 0.1871, 0.0000, 3.1681, 3.1415, 0.0023, 0.0106,-1.1286
 0.1869, 0.0000, 3.1681, 3.1415,-0.0116, 0.0021,-1.4348
 0.1865, 0.0000, 3.1681, 3.1415,-0.0387, 0.0004,-2.8773
 0.1860, 0.0000, 3.1681, 3.1415,-0.0441, 0.0000,-3.1773
 0.1856, 0.0000, 3.1681, 3.1415,-0.0452, 0.0000,-3.2487
 0.1850, 0.0000, 3.1648, 3.1415,-0.0575,-0.2659, 4.6799
 0.1845, 0.0000, 3.1648, 3.1415,-0.0478,-0.0531, 0.4546
 0.1844, 0.0000, 3.1648, 3.1415,-0.0156,-0.0106,-0.1824
 0.1844, 0.0000, 3.1648, 3.1415,-0.0031,-0.0021, 0.0325
 0.1844, 0.0000, 3.1648, 3.1415,-0.0006,-0.0004, 0.0755
 0.1847, 0.0000, 3.1681, 3.1415, 0.0180, 0.2658,-4.6799
 0.1847, 0.0000, 3.1681, 3.1415, 0.0096, 0.0531,-3.2450
 0.1844, 0.0000, 3.1681, 3.1415,-0.0283, 0.0106,-2.9505
 0.1840, 0.0000, 3.1681, 3.1415,-0.0359, 0.0021,-2.9012
 0.1834, 0.0000, 3.1681, 3.1415,-0.0496, 0.0004,-3.5897
 0.1827, 0.0000, 3.1648, 3.1415,-0.0705,-0.2658, 4.6799
 0.1823, 0.0000, 3.1648, 3.1415,-0.0444,-0.0531, 0.5794
 0.1822, 0.0000, 3.1648, 3.1415,-0.0210,-0.0106,-0.5575
 0.1820, 0.0000, 3.1648, 3.1415,-0.0163,-0.0021,-0.7886
 0.1818, 0.0000, 3.1648, 3.1415,-0.0214,-0.0004,-1.1831
 0.1816, 0.0000, 3.1648, 3.1415,-0.0164,-0.0000,-0.9234
 0.1813, 0.0000, 3.1648, 3.1415,-0.0275,-0.0000,-1.5640
 0.1809, 0.0000, 3.1648, 3.1415,-0.0418,-0.0000,-2.3885
 0.1805, 0.0000, 3.1615, 3.1415,-0.0386,-0.2659, 4.6799
 0.1802, 0.0000, 3.1615, 3.1415,-0.0319,-0.0531, 2.0350
 0.1800, 0.0000, 3.1615, 3.1415,-0.0185,-0.0106, 0.3363
 0.1802, 0.0000, 3.1615, 3.1415, 0.0084,-0.0021, 1.3702
 0.1804, 0.0000, 3.1648, 3.1415, 0.0198, 0.2655,-4.6799
 0.1803, 0.0000, 3.1648, 3.1415,-0.0020, 0.0531,-3.2227
 0.1802, 0.0000, 3.1648, 3.1415,-0.0125, 0.0106,-1.3677
 0.1800, 0.0000, 3.1648, 3.1415,-0.0206, 0.0021,-1.3449
 0.1793, 0.0000, 3.1648, 3.1415,-0.0526, 0.0004,-3.0679
 0.1786, 0.0000, 3.1648, 3.1415,-0.0711, 0.0000,-4.1167
 0.1778, 0.0000, 3.1615, 3.1415,-0.0748,-0.2659, 4.6799
 0.1774, 0.0000, 3.1582, 3.1415,-0.0513,-0.3191, 4.6799
 0.1770, 0.0000, 3.1582, 3.1415,-0.0405,-0.0638, 2.8837
 0.1770, 0.0000, 3.1582, 3.1415,-0.0081,-0.0127, 1.7707
 0.1774, 0.0000, 3.1615, 3.1415, 0.0286, 0.2634,-4.6799
 0.1775, 0.0000, 3.1615, 3.1415, 0.0178, 0.0526,-1.3412
 0.1774, 0.0000, 3.1648, 3.1415,-0.0085, 0.2764,-4.6799
 0.1771, 0.0000, 3.1648, 3.1415,-0.0259, 0.0552,-4.6799
 0.1765, 0.0000, 3.1615, 3.1415,-0.0476,-0.2548, 4.6799
 0.1762, 0.0000, 3.1615, 3.1415,-0.0398,-0.0509, 1.3377
 0.1760, 0.0000, 3.1615, 3.1415,-0.0200,-0.0101, 0.0953
 0.1761, 0.0000, 3.1615, 3.1415, 0.0020,-0.0020, 0.8760
 0.1762, 0.0000, 3.1615, 3.1415, 0.0064,-0.0004, 1.0341
 0.1763, 0.0000, 3.1648, 3.1415, 0.0134, 0.2658,-4.6799
 0.1763, 0.0000, 3.1648, 3.1415, 0.0026, 0.0531,-3.0845
 0.1762, 0.0000, 3.1648, 3.1415,-0.0115, 0.0106,-1.4416
 0.1758, 0.0000, 3.1648, 3.1415,-0.0326, 0.0021,-2.1499
 0.1753, 0.0000, 3.1648, 3.1415,-0.0429, 0.0004,-2.6456
 0.1749, 0.0000, 3.1648, 3.1415,-0.0449, 0.0000,-2.7562
 0.1741, 0.0000, 3.1615, 3.1415,-0.0696,-0.2659, 4.6799
 0.1736, 0.0000, 3.1615, 3.1415,-0.0563,-0.0531, 0.4516
 0.1734, 0.0000, 3.1615, 3.1415,-0.0234,-0.0106,-0.1470
 0.1733, 0.0000, 3.1615, 3.1415,-0.0168,-0.0021,-0.2706
 0.1731, 0.0000, 3.1615, 3.1415,-0.0154,-0.0004,-0.2991
 0.1730, 0.0000, 3.1615, 3.1415,-0.0152,-0.0000,-0.3087
 0.1729, 0.0000, 3.1615, 3.1415,-0.0091,-0.0000, 0.0299
 0.1728, 0.0000, 3.1615, 3.1415,-0.0078,-0.0000, 0.0956
 0.1729, 0.0000, 3.1615, 3.1415, 0.0044,-0.0000, 0.7957
 0.1731, 0.0000, 3.1648, 3.1415, 0.0130, 0.2659,-4.6799
 0.1731, 0.0000, 3.1648, 3.1415, 0.0026, 0.0531,-3.1929
 0.1730, 0.0000, 3.1648, 3.1415,-0.0055, 0.0106,-1.2013
 0.1726, 0.0000, 3.1648, 3.1415,-0.0314, 0.0021,-2.1824
 0.1722, 0.0000, 3.1648, 3.1415,-0.0366, 0.0004,-2.3881
 0.1718, 0.0000, 3.1648, 3.1415,-0.0437, 0.0000,-2.7833
 0.1712, 0.0000, 3.1648, 3.1415,-0.0511, 0.0000,-3.2182
 0.1706, 0.0000, 3.1615, 3.1415,-0.0587,-0.2659, 4.6799
 0.1703, 0.0000, 3.1615, 3.1415,-0.0420,-0.0531, 1.1531
 0.1701, 0.0000, 3.1615, 3.1415,-0.0205,-0.0106,-0.0910
 0.1700, 0.0000, 3.1615, 3.1415,-0.0101,-0.0021, 0.0006
 0.1701, 0.0000, 3.1648, 3.1415, 0.0040, 0.2655,-4.6799
 0.1701, 0.0000, 3.1648, 3.1415, 0.0008, 0.0531,-3.3828
 0.1700, 0.0000, 3.1648, 3.1415,-0.0119, 0.0106,-1.6584
 0.1696, 0.0000, 3.1648, 3.1415,-0.0266, 0.0021,-2.0061
 0.1693, 0.0000, 3.1648, 3.1415,-0.0356, 0.0004,-2.4277
 0.1688, 0.0000, 3.1648, 3.1415,-0.0435, 0.0000,-2.8658
 0.1684, 0.0000, 3.1648, 3.1415,-0.0450, 0.0000,-2.9650
 0.1678, 0.0000, 3.1615, 3.1415,-0.0514,-0.2659, 4.6799
 0.1676, 0.0000, 3.1615, 3.1415,-0.0284,-0.0531, 1.8353
 0.1676, 0.0000, 3.1615, 3.1415,-0.0056,-0.0106, 0.6670
 0.1678, 0.0000, 3.1648, 3.1415, 0.0170, 0.2638,-4.6799
 0.1678, 0.0000, 3.1648, 3.1415,-0.0026, 0.0527,-3.6325
 0.1677, 0.0000, 3.1648, 3.1415,-0.0065, 0.0105,-1.4233
 0.1675, 0.0000, 3.1648, 3.1415,-0.0134, 0.0021,-1.3278
 0.1672, 0.0000, 3.1648, 3.1415,-0.0269, 0.0004,-2.0013
 0.1668, 0.0000, 3.1648, 3.1415,-0.0417, 0.0000,-2.8324
 0.1663, 0.0000, 3.1648, 3.1415,-0.0447, 0.0000,-3.0101
 0.1659, 0.0000, 3.1648, 3.1415,-0.0453, 0.0000,-3.0571
 0.1652, 0.0000, 3.1648, 3.1415,-0.0636, 0.0000,-4.1111
 0.1644, 0.0000, 3.1615, 3.1415,-0.0733,-0.2659, 4.6799
 0.1639, 0.0000, 3.1615, 3.1415,-0.0571,-0.0531, 0.1031
 0.1637, 0.0000, 3.1615, 3.1415,-0.0296,-0.0106,-0.8063
 0.1634, 0.0000, 3.1615, 3.1415,-0.0241,-0.0021,-0.9940
 0.1632, 0.0000, 3.1615, 3.1415,-0.0230,-0.0004,-1.0373
 0.1630, 0.0000, 3.1615, 3.1415,-0.0227,-0.0000,-1.0517
 0.1627, 0.0000, 3.1615, 3.1415,-0.0288,-0.0000,-1.4046
 0.1621, 0.0000, 3.1615, 3.1415,-0.0482,-0.0000,-2.5160
 0.1615, 0.0000, 3.1582, 3.1415,-0.0642,-0.2659, 4.6799
 0.1611, 0.0000, 3.1582, 3.1415,-0.0431,-0.0531, 1.6223
 0.1609, 0.0000, 3.1582, 3.1415,-0.0207,-0.0106, 0.4273
 0.1610, 0.0000, 3.1582, 3.1415, 0.0019,-0.0021, 1.2175
 0.1611, 0.0000, 3.1615, 3.1415, 0.0064, 0.2655,-4.6799
 0.1611, 0.0000, 3.1615, 3.1415, 0.0012, 0.0531,-2.8204
 0.1609, 0.0000, 3.1615, 3.1415,-0.0179, 0.0106,-1.4619
 0.1605, 0.0000, 3.1615, 3.1415,-0.0339, 0.0021,-1.8847
 0.1599, 0.0000, 3.1615, 3.1415,-0.0492, 0.0004,-2.6676
 0.1592, 0.0000, 3.1582, 3.1415,-0.0704,-0.2658, 4.6799
 0.1587, 0.0000, 3.1582, 3.1415,-0.0504,-0.0531, 1.1344
 0.1587, 0.0000, 3.1582, 3.1415,-0.0161,-0.0106, 0.6147
 0.1587, 0.0000, 3.1582, 3.1415,-0.0032,-0.0021, 0.8532
 0.1587, 0.0000, 3.1582, 3.1415,-0.0006,-0.0004, 0.9009
 0.1589, 0.0000, 3.1615, 3.1415, 0.0180, 0.2658,-4.6799
 0.1591, 0.0000, 3.1615, 3.1415, 0.0218, 0.0531,-1.7296
 0.1590, 0.0000, 3.1615, 3.1415,-0.0077, 0.0106,-0.9493
 0.1586, 0.0000, 3.1615, 3.1415,-0.0318, 0.0021,-1.8300
 0.1583, 0.0000, 3.1615, 3.1415,-0.0306, 0.0004,-1.6715
 0.1577, 0.0000, 3.1615, 3.1415,-0.0546, 0.0000,-3.0249
 0.1569, 0.0000, 3.1615, 3.1415,-0.0715, 0.0000,-3.9996
 0.1559, 0.0000, 3.1582, 3.1415,-0.0931,-0.2659, 4.6799
 0.1553, 0.0000, 3.1548, 3.1415,-0.0671,-0.3191, 4.6799
 0.1549, 0.0000, 3.1548, 3.1415,-0.0437,-0.0638, 2.8293
 0.1549, 0.0000, 3.1548, 3.1415,-0.0087,-0.0127, 1.8586
 0.1552, 0.0000, 3.1582, 3.1415, 0.0164, 0.2634,-4.6799
 0.1554, 0.0000, 3.1582, 3.1415, 0.0214, 0.0526,-1.0164
 0.1553, 0.0000, 3.1582, 3.1415,-0.0017, 0.0105, 0.1002
 0.1554, 0.0000, 3.1582, 3.1415, 0.0057, 0.0021, 1.0103
 0.1554, 0.0000, 3.1615, 3.1415, 0.0011, 0.2663,-4.6799
 0.1552, 0.0000, 3.1615, 3.1415,-0.0118, 0.0532,-3.7583
 0.1550, 0.0000, 3.1615, 3.1415,-0.0205, 0.0106,-1.7970
 0.1548, 0.0000, 3.1615, 3.1415,-0.0223, 0.0021,-1.4105
 0.1543, 0.0000, 3.1615, 3.1415,-0.0469, 0.0004,-2.7165
 0.1536, 0.0000, 3.1582, 3.1415,-0.0639,-0.2658, 4.6799
 0.1533, 0.0000, 3.1582, 3.1415,-0.0370,-0.0531, 1.7196
 0.1533, 0.0000, 3.1582, 3.1415,-0.0074,-0.0106, 0.9381
 0.1533, 0.0000, 3.1582, 3.1415,-0.0014,-0.0021, 0.7818
 0.1534, 0.0000, 3.1582, 3.1415, 0.0057,-0.0004, 1.0949
 0.1537, 0.0000, 3.1615, 3.1415, 0.0314, 0.2658,-4.6799
 0.1540, 0.0000, 3.1615, 3.1415, 0.0244, 0.0531,-1.7412
 0.1538, 0.0000, 3.1615, 3.1415,-0.0072, 0.0106,-1.0818
 0.1536, 0.0000, 3.1615, 3.1415,-0.0196, 0.0021,-1.2982
 0.1533, 0.0000, 3.1615, 3.1415,-0.0281, 0.0004,-1.6915
 0.1529, 0.0000, 3.1615, 3.1415,-0.0359, 0.0000,-2.1223
 0.1525, 0.0000, 3.1615, 3.1415,-0.0375, 0.0000,-2.2180
 0.1521, 0.0000, 3.1615, 3.1415,-0.0438, 0.0000,-2.5910
 0.1514, 0.0000, 3.1582, 3.1415,-0.0633,-0.2659, 4.6799
 0.1510, 0.0000, 3.1582, 3.1415,-0.0429,-0.0531, 1.3135
 0.1510, 0.0000, 3.1582, 3.1415,-0.0085,-0.0106, 0.7994
 0.1510, 0.0000, 3.1582, 3.1415,-0.0017,-0.0021, 0.6966
 0.1511, 0.0000, 3.1582, 3.1415, 0.0057,-0.0004, 1.0204
 0.1515, 0.0000, 3.1615, 3.1415, 0.0375, 0.2658,-4.6799
 0.1518, 0.0000, 3.1615, 3.1415, 0.0256, 0.0531,-1.7424
 0.1516, 0.0000, 3.1615, 3.1415,-0.0069, 0.0106,-1.1376
 0.1515, 0.0000, 3.1615, 3.1415,-0.0135, 0.0021,-1.0205
 0.1513, 0.0000, 3.1615, 3.1415,-0.0148, 0.0004,-1.0009
 0.1510, 0.0000, 3.1615, 3.1415,-0.0272, 0.0000,-1.6896
 0.1508, 0.0000, 3.1615, 3.1415,-0.0236, 0.0000,-1.4906
 0.1504, 0.0000, 3.1615, 3.1415,-0.0350, 0.0000,-2.1452
 0.1499, 0.0000, 3.1615, 3.1415,-0.0494, 0.0000,-2.9746
 0.1494, 0.0000, 3.1582, 3.1415,-0.0462,-0.2659, 4.6799
 0.1493, 0.0000, 3.1582, 3.1415,-0.0213,-0.0531, 2.4770
 0.1492, 0.0000, 3.1582, 3.1415,-0.0103,-0.0106, 0.6437
 0.1493, 0.0000, 3.1582, 3.1415, 0.0100,-0.0021, 1.3082
 0.1496, 0.0000, 3.1615, 3.1415, 0.0262, 0.2655,-4.6799
 0.1499, 0.0000, 3.1615, 3.1415, 0.0295, 0.0531,-1.5809
 0.1498, 0.0000, 3.1648, 3.1415,-0.0062, 0.2765,-4.6799
 0.1496, 0.0000, 3.1648, 3.1415,-0.0133, 0.0553,-4.6799
 0.1493, 0.0000, 3.1648, 3.1415,-0.0269, 0.0110,-3.1792
 0.1487, 0.0000, 3.1615, 3.1415,-0.0538,-0.2637, 4.6799
 0.1485, 0.0000, 3.1615, 3.1415,-0.0289,-0.0527, 1.1789
 0.1487, 0.0000, 3.1615, 3.1415, 0.0063,-0.0105, 0.7416
 0.1486, 0.0000, 3.1615, 3.1415,-0.0047,-0.0021,-0.3750
 0.1485, 0.0000, 3.1615, 3.1415,-0.0070,-0.0004,-0.6002
 0.1486, 0.0000, 3.1615, 3.1415, 0.0046,-0.0000, 0.0414
 0.1487, 0.0000, 3.1615, 3.1415, 0.0069,-0.0000, 0.1717
 0.1487, 0.0000, 3.1648, 3.1415, 0.0013, 0.2659,-4.6799
 0.1486, 0.0000, 3.1648, 3.1415,-0.0057, 0.0531,-4.4395
 0.1484, 0.0000, 3.1648, 3.1415,-0.0132, 0.0106,-2.4139
 0.1480, 0.0000, 3.1648, 3.1415,-0.0329, 0.0021,-3.0457
 0.1477, 0.0000, 3.1648, 3.1415,-0.0369, 0.0004,-3.1816
 0.1471, 0.0000, 3.1615, 3.1415,-0.0498,-0.2658, 4.6799
 0.1468, 0.0000, 3.1615, 3.1415,-0.0342,-0.0531, 0.8546
 0.1468, 0.0000, 3.1615, 3.1415,-0.0068,-0.0106,-0.0540
 0.1469, 0.0000, 3.1615, 3.1415, 0.0046,-0.0021, 0.1085
 0.1470, 0.0000, 3.1615, 3.1415, 0.0070,-0.0004, 0.1429
 0.1471, 0.0000, 3.1648, 3.1415, 0.0135, 0.2658,-4.6799
 0.1471, 0.0000, 3.1648, 3.1415, 0.0027, 0.0531,-4.0053
 0.1469, 0.0000, 3.1648, 3.1415,-0.0176, 0.0106,-2.7078
 0.1465, 0.0000, 3.1648, 3.1415,-0.0399, 0.0021,-3.4872
 0.1458, 0.0000, 3.1615, 3.1415,-0.0564,-0.2655, 4.6799
 0.1456, 0.0000, 3.1615, 3.1415,-0.0294,-0.0531, 1.0792
 0.1458, 0.0000, 3.1615, 3.1415, 0.0062,-0.0106, 0.6488
 0.1458, 0.0000, 3.1615, 3.1415, 0.0073,-0.0021, 0.2223
 0.1459, 0.0000, 3.1648, 3.1415, 0.0075, 0.2655,-4.6799
 0.1461, 0.0000, 3.1648, 3.1415, 0.0136, 0.0531,-3.4187
 0.1460, 0.0000, 3.1648, 3.1415,-0.0033, 0.0106,-1.9286
 0.1455, 0.0000, 3.1648, 3.1415,-0.0370, 0.0021,-3.3543
 0.1450, 0.0000, 3.1648, 3.1415,-0.0498, 0.0004,-3.9953
 0.1443, 0.0000, 3.1615, 3.1415,-0.0645,-0.2658, 4.6799
 0.1438, 0.0000, 3.1615, 3.1415,-0.0553,-0.0531,-0.4330
 0.1432, 0.0000, 3.1582, 3.1415,-0.0595,-0.2765, 4.6799
 0.1430, 0.0000, 3.1582, 3.1415,-0.0240,-0.0553, 2.2532
 0.1432, 0.0000, 3.1582, 3.1415, 0.0073,-0.0110, 1.4749
 0.1436, 0.0000, 3.1615, 3.1415, 0.0317, 0.2637,-4.6799
 0.1437, 0.0000, 3.1615, 3.1415, 0.0184, 0.0527,-2.3785
 0.1437, 0.0000, 3.1615, 3.1415,-0.0023, 0.0105,-1.1236
 0.1434, 0.0000, 3.1615, 3.1415,-0.0186, 0.0021,-1.5633
 0.1430, 0.0000, 3.1615, 3.1415,-0.0340, 0.0004,-2.3456
 0.1426, 0.0000, 3.1615, 3.1415,-0.0431, 0.0000,-2.8561
 0.1419, 0.0000, 3.1582, 3.1415,-0.0632,-0.2659, 4.6799
 0.1415, 0.0000, 3.1582, 3.1415,-0.0429,-0.0531, 1.0155
 0.1414, 0.0000, 3.1582, 3.1415,-0.0207,-0.0106,-0.1883
 0.1414, 0.0000, 3.1582, 3.1415,-0.0041,-0.0021, 0.2557
 0.1414, 0.0000, 3.1582, 3.1415,-0.0008,-0.0004, 0.3445
 0.1415, 0.0000, 3.1582, 3.1415, 0.0058,-0.0000, 0.7066
 0.1417, 0.0000, 3.1615, 3.1415, 0.0193, 0.2659,-4.6799
 0.1417, 0.0000, 3.1615, 3.1415, 0.0038, 0.0531,-3.2924
 0.1414, 0.0000, 3.1615, 3.1415,-0.0234, 0.0106,-2.3912
 0.1410, 0.0000, 3.1615, 3.1415,-0.0350, 0.0021,-2.5630
 0.1405, 0.0000, 3.1582, 3.1415,-0.0433,-0.2655, 4.6799
 0.1402, 0.0000, 3.1582, 3.1415,-0.0329,-0.0531, 1.5357
 0.1402, 0.0000, 3.1582, 3.1415,-0.0126,-0.0106, 0.2275
 0.1402, 0.0000, 3.1582, 3.1415, 0.0035,-0.0021, 0.6526
 0.1404, 0.0000, 3.1582, 3.1415, 0.0128,-0.0004, 1.0839
 0.1407, 0.0000, 3.1615, 3.1415, 0.0268, 0.2658,-4.6799
 0.1408, 0.0000, 3.1615, 3.1415, 0.0114, 0.0531,-2.8944
 0.1405, 0.0000, 3.1615, 3.1415,-0.0159, 0.0106,-1.9902
 0.1402, 0.0000, 3.1615, 3.1415,-0.0274, 0.0021,-2.1595
 0.1399, 0.0000, 3.1615, 3.1415,-0.0358, 0.0004,-2.5454
 0.1393, 0.0000, 3.1582, 3.1415,-0.0556,-0.2658, 4.6799
 0.1387, 0.0000, 3.1582, 3.1415,-0.0535,-0.0531, 0.3273
 0.1386, 0.0000, 3.1582, 3.1415,-0.0228,-0.0106,-0.3969
 0.1386, 0.0000, 3.1582, 3.1415,-0.0045,-0.0021, 0.1431
 0.1386, 0.0000, 3.1582, 3.1415,-0.0009,-0.0004, 0.2511
 0.1387, 0.0000, 3.1582, 3.1415, 0.0119,-0.0000, 0.9615
 0.1390, 0.0000, 3.1582, 3.1415, 0.0205,-0.0000, 1.4517
 0.1392, 0.0000, 3.1615, 3.1415, 0.0223, 0.2659,-4.6799
 0.1391, 0.0000, 3.1615, 3.1415,-0.0016, 0.0531,-3.6829
 0.1389, 0.0000, 3.1615, 3.1415,-0.0185, 0.0106,-2.1901
 0.1386, 0.0000, 3.1615, 3.1415,-0.0279, 0.0021,-2.2416
 0.1382, 0.0000, 3.1582, 3.1415,-0.0359,-0.2655, 4.6799
 0.1379, 0.0000, 3.1582, 3.1415,-0.0314,-0.0531, 1.5457
 0.1379, 0.0000, 3.1582, 3.1415,-0.0062,-0.0106, 0.5144
 0.1380, 0.0000, 3.1582, 3.1415, 0.0108,-0.0021, 0.9969
 0.1381, 0.0000, 3.1582, 3.1415, 0.0082,-0.0004, 0.7528
 0.1384, 0.0000, 3.1615, 3.1415, 0.0259, 0.2658,-4.6799
 0.1385, 0.0000, 3.1615, 3.1415, 0.0112, 0.0531,-2.9766
 0.1383, 0.0000, 3.1615, 3.1415,-0.0159, 0.0106,-2.0641
 0.1380, 0.0000, 3.1615, 3.1415,-0.0213, 0.0021,-1.8874
 0.1377, 0.0000, 3.1615, 3.1415,-0.0285, 0.0004,-2.2022
 0.1371, 0.0000, 3.1582, 3.1415,-0.0602,-0.2658, 4.6799
 0.1367, 0.0000, 3.1582, 3.1415,-0.0423,-0.0531, 0.8945
 0.1366, 0.0000, 3.1582, 3.1415,-0.0145,-0.0106, 0.0092
 0.1368, 0.0000, 3.1582, 3.1415, 0.0092,-0.0021, 0.8632
 0.1368, 0.0000, 3.1582, 3.1415, 0.0018,-0.0004, 0.3492
 0.1370, 0.0000, 3.1582, 3.1415, 0.0185,-0.0000, 1.2795
 0.1373, 0.0000, 3.1582, 3.1415, 0.0279,-0.0000, 1.8157
 0.1375, 0.0000, 3.1615, 3.1415, 0.0237, 0.2659,-4.6799
 0.1375, 0.0000, 3.1615, 3.1415, 0.0047, 0.0531,-3.3745
 0.1374, 0.0000, 3.1615, 3.1415,-0.0051, 0.0106,-1.4800
 0.1372, 0.0000, 3.1615, 3.1415,-0.0192, 0.0021,-1.7916
 0.1368, 0.0000, 3.1615, 3.1415,-0.0402, 0.0004,-2.8928
 0.1362, 0.0000, 3.1582, 3.1415,-0.0504,-0.2658, 4.6799
 0.1360, 0.0000, 3.1582, 3.1415,-0.0282,-0.0531, 1.6673
 0.1359, 0.0000, 3.1582, 3.1415,-0.0117,-0.0106, 0.1465
 0.1360, 0.0000, 3.1582, 3.1415, 0.0037,-0.0021, 0.5291
 0.1361, 0.0000, 3.1582, 3.1415, 0.0128,-0.0004, 0.9519
 0.1365, 0.0000, 3.1582, 3.1415, 0.0328,-0.0000, 2.0734
 0.1369, 0.0000, 3.1615, 3.1415, 0.0368, 0.2659,-4.6799
 0.1370, 0.0000, 3.1615, 3.1415, 0.0134, 0.0531,-2.9013
 0.1370, 0.0000, 3.1615, 3.1415, 0.0026, 0.0106,-1.0543
 0.1367, 0.0000, 3.1615, 3.1415,-0.0237, 0.0021,-2.0624
 0.1363, 0.0000, 3.1615, 3.1415,-0.0350, 0.0004,-2.6160
 0.1358, 0.0000, 3.1582, 3.1415,-0.0494,-0.2658, 4.6799
 0.1355, 0.0000, 3.1582, 3.1415,-0.0280,-0.0531, 1.6646
 0.1355, 0.0000, 3.1582, 3.1415,-0.0116,-0.0106, 0.1344
 0.1357, 0.0000, 3.1582, 3.1415, 0.0158,-0.0021, 1.2039
 0.1360, 0.0000, 3.1582, 3.1415, 0.0274,-0.0004, 1.7679
 0.1364, 0.0000, 3.1615, 3.1415, 0.0358, 0.2658,-4.6799
 0.1365, 0.0000, 3.1615, 3.1415, 0.0192, 0.0531,-2.5852
 0.1364, 0.0000, 3.1615, 3.1415,-0.0082, 0.0106,-1.6913
 0.1362, 0.0000, 3.1615, 3.1415,-0.0137, 0.0021,-1.5164
 0.1358, 0.0000, 3.1615, 3.1415,-0.0391, 0.0004,-2.8627
 0.1352, 0.0000, 3.1582, 3.1415,-0.0502,-0.2658, 4.6799
 0.1352, 0.0000, 3.1582, 3.1415,-0.0161,-0.0531, 2.3274
 0.1352, 0.0000, 3.1582, 3.1415,-0.0032,-0.0106, 0.6018
 0.1352, 0.0000, 3.1582, 3.1415, 0.0054,-0.0021, 0.6010
 0.1355, 0.0000, 3.1582, 3.1415, 0.0192,-0.0004, 1.2915
 0.1358, 0.0000, 3.1582, 3.1415, 0.0341,-0.0000, 2.1241
 0.1363, 0.0000, 3.1615, 3.1415, 0.0432, 0.2659,-4.6799
 0.1365, 0.0000, 3.1615, 3.1415, 0.0207, 0.0531,-2.5048
 0.1365, 0.0000, 3.1615, 3.1415, 0.0102, 0.0106,-0.6440
 0.1363, 0.0000, 3.1615, 3.1415,-0.0161, 0.0021,-1.6474
 0.1359, 0.0000, 3.1615, 3.1415,-0.0335, 0.0004,-2.5426
 0.1356, 0.0000, 3.1582, 3.1415,-0.0309,-0.2658, 4.6799
 0.1354, 0.0000, 3.1582, 3.1415,-0.0243,-0.0531, 1.8684
 0.1355, 0.0000, 3.1582, 3.1415, 0.0011,-0.0106, 0.8601
 0.1358, 0.0000, 3.1582, 3.1415, 0.0244,-0.0021, 1.6934
 0.1361, 0.0000, 3.1582, 3.1415, 0.0352,-0.0004, 2.2122
 0.1366, 0.0000, 3.1615, 3.1415, 0.0434, 0.2658,-4.6799
 0.1368, 0.0000, 3.1615, 3.1415, 0.0208, 0.0531,-2.4921
 0.1368, 0.0000, 3.1615, 3.1415, 0.0041, 0.0106,-0.9782
 0.1366, 0.0000, 3.1615, 3.1415,-0.0112, 0.0021,-1.3641
 0.1361, 0.0000, 3.1615, 3.1415,-0.0386, 0.0004,-2.8227
 0.1358, 0.0000, 3.1582, 3.1415,-0.0380,-0.2658, 4.6799
 0.1357, 0.0000, 3.1582, 3.1415,-0.0136,-0.0531, 2.4821
 0.1357, 0.0000, 3.1582, 3.1415,-0.0027,-0.0106, 0.6461
 0.1358, 0.0000, 3.1582, 3.1415, 0.0055,-0.0021, 0.6233
 0.1360, 0.0000, 3.1582, 3.1415, 0.0192,-0.0004, 1.3094
 0.1365, 0.0000, 3.1582, 3.1415, 0.0402,-0.0000, 2.4854
 0.1370, 0.0000, 3.1615, 3.1415, 0.0504, 0.2659,-4.6799
 0.1372, 0.0000, 3.1615, 3.1415, 0.0282, 0.0531,-2.0568
 0.1372, 0.0000, 3.1615, 3.1415, 0.0056, 0.0106,-0.8796
 0.1371, 0.0000, 3.1615, 3.1415,-0.0109, 0.0021,-1.3329
 0.1368, 0.0000, 3.1615, 3.1415,-0.0264, 0.0004,-2.1162
 0.1365, 0.0000, 3.1582, 3.1415,-0.0295,-0.2658, 4.6799
 0.1363, 0.0000, 3.1582, 3.1415,-0.0180,-0.0531, 2.2552
 0.1364, 0.0000, 3.1582, 3.1415, 0.0024,-0.0106, 0.9604
 0.1366, 0.0000, 3.1582, 3.1415, 0.0186,-0.0021, 1.3921
 0.1369, 0.0000, 3.1582, 3.1415, 0.0279,-0.0004, 1.8286
 0.1374, 0.0000, 3.1615, 3.1415, 0.0480, 0.2658,-4.6799
 0.1376, 0.0000, 3.1615, 3.1415, 0.0217, 0.0531,-2.4136
 0.1375, 0.0000, 3.1615, 3.1415,-0.0017, 0.0106,-1.2858
 0.1374, 0.0000, 3.1615, 3.1415,-0.0124, 0.0021,-1.4065
 0.1370, 0.0000, 3.1582, 3.1415,-0.0328,-0.2655, 4.6799
 0.1369, 0.0000, 3.1582, 3.1415,-0.0126,-0.0531, 2.5755
 0.1372, 0.0000, 3.1582, 3.1415, 0.0217,-0.0106, 2.0729
 0.1372, 0.0000, 3.1582, 3.1415, 0.0043,-0.0021, 0.6026
 0.1374, 0.0000, 3.1582, 3.1415, 0.0129,-0.0004, 0.9973
 0.1378, 0.0000, 3.1582, 3.1415, 0.0389,-0.0000, 2.4575
 0.1383, 0.0000, 3.1615, 3.1415, 0.0441, 0.2659,-4.6799
 0.1383, 0.0000, 3.1615, 3.1415, 0.0148, 0.0531,-2.7760
 0.1383, 0.0000, 3.1615, 3.1415, 0.0029, 0.0106,-0.9948
 0.1382, 0.0000, 3.1615, 3.1415,-0.0115, 0.0021,-1.3272
 0.1377, 0.0000, 3.1582, 3.1415,-0.0386,-0.2655, 4.6799
 0.1377, 0.0000, 3.1582, 3.1415,-0.0138,-0.0531, 2.5331
 0.1378, 0.0000, 3.1582, 3.1415, 0.0093,-0.0106, 1.3949
 0.1379, 0.0000, 3.1582, 3.1415, 0.0079,-0.0021, 0.8267
 0.1382, 0.0000, 3.1582, 3.1415, 0.0258,-0.0004, 1.7481
 0.1387, 0.0000, 3.1582, 3.1415, 0.0476,-0.0000, 2.9731
 0.1390, 0.0000, 3.1582, 3.1415, 0.0337,-0.0000, 2.1984
 0.1393, 0.0000, 3.1615, 3.1415, 0.0310, 0.2659,-4.6799
 0.1396, 0.0000, 3.1615, 3.1415, 0.0304, 0.0531,-1.8580
 0.1396, 0.0000, 3.1615, 3.1415, 0.0060, 0.0106,-0.7786
 0.1394, 0.0000, 3.1615, 3.1415,-0.0169, 0.0021,-1.5958
 0.1393, 0.0000, 3.1615, 3.1415,-0.0094, 0.0004,-1.0763
 0.1390, 0.0000, 3.1582, 3.1415,-0.0322,-0.2658, 4.6799
 0.1387, 0.0000, 3.1582, 3.1415,-0.0246,-0.0531, 1.9598
 0.1389, 0.0000, 3.1582, 3.1415, 0.0071,-0.0106, 1.3070
 0.1391, 0.0000, 3.1582, 3.1415, 0.0196,-0.0021, 1.5247
 0.1393, 0.0000, 3.1582, 3.1415, 0.0160,-0.0004, 1.2296
 0.1396, 0.0000, 3.1582, 3.1415, 0.0274,-0.0000, 1.8631
 0.1400, 0.0000, 3.1582, 3.1415, 0.0418,-0.0000, 2.6863
 0.1405, 0.0000, 3.1582, 3.1415, 0.0508,-0.0000, 3.2067
 0.1409, 0.0000, 3.1615, 3.1415, 0.0404, 0.2659,-4.6799
 0.1412, 0.0000, 3.1615, 3.1415, 0.0262, 0.0531,-2.0453
 0.1412, 0.0000, 3.1615, 3.1415, 0.0113, 0.0106,-0.4334
 0.1409, 0.0000, 3.1615, 3.1415,-0.0219, 0.0021,-1.8309
 0.1406, 0.0000, 3.1582, 3.1415,-0.0286,-0.2655, 4.6799
 0.1405, 0.0000, 3.1582, 3.1415,-0.0117,-0.0531, 2.7373
 0.1406, 0.0000, 3.1582, 3.1415, 0.0037,-0.0106, 1.1642
 0.1407, 0.0000, 3.1582, 3.1415, 0.0068,-0.0021, 0.8514
 0.1408, 0.0000, 3.1582, 3.1415, 0.0134,-0.0004, 1.1352
 0.1412, 0.0000, 3.1582, 3.1415, 0.0330,-0.0000, 2.2288
 0.1417, 0.0000, 3.1582, 3.1415, 0.0429,-0.0000, 2.8015
 0.1421, 0.0000, 3.1582, 3.1415, 0.0389,-0.0000, 2.5832
 0.1427, 0.0000, 3.1615, 3.1415, 0.0562, 0.2659,-4.6799
 0.1430, 0.0000, 3.1615, 3.1415, 0.0415, 0.0531,-1.1232
 0.1432, 0.0000, 3.1615, 3.1415, 0.0204, 0.0106, 0.1432
 0.1433, 0.0000, 3.1615, 3.1415, 0.0101, 0.0021, 0.0560
 0.1434, 0.0000, 3.1615, 3.1415, 0.0141, 0.0004, 0.3848
 0.1436, 0.0000, 3.1615, 3.1415, 0.0149, 0.0000, 0.4545
 0.1437, 0.0000, 3.1615, 3.1415, 0.0151, 0.0000, 0.4722
 0.1441, 0.0000, 3.1615, 3.1415, 0.0333, 0.0000, 1.5127
 0.1446, 0.0000, 3.1615, 3.1415, 0.0491, 0.0000, 2.4191
 0.1452, 0.0000, 3.1648, 3.1415, 0.0522, 0.2659,-4.6799
 0.1452, 0.0000, 3.1648, 3.1415, 0.0165, 0.0531,-3.2872
 0.1452, 0.0000, 3.1648, 3.1415, 0.0033, 0.0106,-1.5790
 0.1451, 0.0000, 3.1648, 3.1415,-0.0114, 0.0021,-1.9261
 0.1446, 0.0000, 3.1615, 3.1415,-0.0386,-0.2655, 4.6799
 0.1445, 0.0000, 3.1582, 3.1415,-0.0198,-0.3190, 4.6799
 0.1447, 0.0000, 3.1582, 3.1415, 0.0142,-0.0638, 4.6799
 0.1450, 0.0000, 3.1582, 3.1415, 0.0270,-0.0127, 2.7458
 0.1455, 0.0000, 3.1615, 3.1415, 0.0417, 0.2634,-4.6799
 0.1458, 0.0000, 3.1615, 3.1415, 0.0326, 0.0526,-1.5130
 0.1459, 0.0000, 3.1615, 3.1415, 0.0186, 0.0105, 0.1343
 0.1460, 0.0000, 3.1615, 3.1415, 0.0097, 0.0021, 0.1232
 0.1462, 0.0000, 3.1615, 3.1415, 0.0140, 0.0004, 0.4673
 0.1464, 0.0000, 3.1615, 3.1415, 0.0210, 0.0000, 0.8843
 0.1466, 0.0000, 3.1615, 3.1415, 0.0223, 0.0000, 0.9734
 0.1468, 0.0000, 3.1615, 3.1415, 0.0226, 0.0000, 0.9970
 0.1474, 0.0000, 3.1615, 3.1415, 0.0469, 0.0000, 2.3849
 0.1480, 0.0000, 3.1615, 3.1415, 0.0579, 0.0000, 3.0203
 0.1486, 0.0000, 3.1648, 3.1415, 0.0600, 0.2659,-4.6799
 0.1490, 0.0000, 3.1648, 3.1415, 0.0423, 0.0531,-1.7137
 0.1493, 0.0000, 3.1648, 3.1415, 0.0387, 0.0106, 0.5513
 0.1497, 0.0000, 3.1648, 3.1415, 0.0380, 0.0021, 1.0140
 0.1499, 0.0000, 3.1648, 3.1415, 0.0197, 0.0004, 0.0829
 0.1499, 0.0000, 3.1681, 3.1415, 0.0100, 0.2660,-4.6799
 0.1500, 0.0000, 3.1681, 3.1415, 0.0080, 0.0532,-4.4347
 0.1499, 0.0000, 3.1681, 3.1415,-0.0044, 0.0106,-2.6885
 0.1496, 0.0000, 3.1648, 3.1415,-0.0312,-0.2638, 4.6799
 0.1495, 0.0000, 3.1648, 3.1415,-0.0123,-0.0527, 1.3306
 0.1496, 0.0000, 3.1615, 3.1415, 0.0036,-0.2764, 4.6799
 0.1498, 0.0000, 3.1615, 3.1415, 0.0189,-0.0552, 4.0672
 0.1501, 0.0000, 3.1615, 3.1415, 0.0280,-0.0110, 2.0406
 0.1507, 0.0000, 3.1648, 3.1415, 0.0541, 0.2637,-4.6799
 0.1512, 0.0000, 3.1648, 3.1415, 0.0472, 0.0527,-1.3442
 0.1513, 0.0000, 3.1648, 3.1415, 0.0215, 0.0105,-0.3522
 0.1513, 0.0000, 3.1648, 3.1415, 0.0043, 0.0021,-0.8387
 0.1512, 0.0000, 3.1648, 3.1415,-0.0112, 0.0004,-1.6247
 0.1509, 0.0000, 3.1648, 3.1415,-0.0265, 0.0000,-2.4746
 0.1504, 0.0000, 3.1615, 3.1415,-0.0416,-0.2659, 4.6799
 0.1503, 0.0000, 3.1615, 3.1415,-0.0144,-0.0531, 2.0833
 0.1504, 0.0000, 3.1615, 3.1415, 0.0031,-0.0106, 0.6242
 0.1505, 0.0000, 3.1615, 3.1415, 0.0127,-0.0021, 0.6785
 0.1507, 0.0000, 3.1615, 3.1415, 0.0146,-0.0004, 0.6933
 0.1512, 0.0000, 3.1615, 3.1415, 0.0393,-0.0000, 2.0776
 0.1518, 0.0000, 3.1615, 3.1415, 0.0624,-0.0000, 3.3990
 0.1524, 0.0000, 3.1648, 3.1415, 0.0609, 0.2659,-4.6799
 0.1527, 0.0000, 3.1648, 3.1415, 0.0303, 0.0531,-2.2701
 0.1528, 0.0000, 3.1648, 3.1415, 0.0182, 0.0106,-0.4990
 0.1528, 0.0000, 3.1648, 3.1415, 0.0036, 0.0021,-0.8297
 0.1526, 0.0000, 3.1648, 3.1415,-0.0174, 0.0004,-1.9290
 0.1522, 0.0000, 3.1615, 3.1415,-0.0338,-0.2658, 4.6799
 0.1521, 0.0000, 3.1615, 3.1415,-0.0128,-0.0531, 2.2289
 0.1522, 0.0000, 3.1615, 3.1415, 0.0034,-0.0106, 0.6992
 0.1524, 0.0000, 3.1615, 3.1415, 0.0188,-0.0021, 1.0839
 0.1527, 0.0000, 3.1615, 3.1415, 0.0280,-0.0004, 1.5110
 0.1532, 0.0000, 3.1615, 3.1415, 0.0419,-0.0000, 2.2928
 0.1537, 0.0000, 3.1648, 3.1415, 0.0508, 0.2659,-4.6799
 0.1541, 0.0000, 3.1648, 3.1415, 0.0404, 0.0531,-1.6550
 0.1542, 0.0000, 3.1648, 3.1415, 0.0141, 0.0106,-0.6840
 0.1541, 0.0000, 3.1648, 3.1415,-0.0032, 0.0021,-1.1766
 0.1539, 0.0000, 3.1648, 3.1415,-0.0188, 0.0004,-1.9658
 0.1537, 0.0000, 3.1615, 3.1415,-0.0219,-0.2658, 4.6799
 0.1536, 0.0000, 3.1615, 3.1415,-0.0104,-0.0531, 2.4081
 0.1537, 0.0000, 3.1615, 3.1415, 0.0039,-0.0106, 0.7715
 0.1540, 0.0000, 3.1615, 3.1415, 0.0250,-0.0021, 1.4792
 0.1543, 0.0000, 3.1615, 3.1415, 0.0353,-0.0004, 1.9728
 0.1549, 0.0000, 3.1615, 3.1415, 0.0555,-0.0000, 3.1142
 0.1556, 0.0000, 3.1648, 3.1415, 0.0596, 0.2659,-4.6799
 0.1558, 0.0000, 3.1648, 3.1415, 0.0301, 0.0531,-2.1872
 0.1560, 0.0000, 3.1648, 3.1415, 0.0242, 0.0106,-0.0595
 0.1559, 0.0000, 3.1648, 3.1415,-0.0012, 0.0021,-1.0057
 0.1556, 0.0000, 3.1648, 3.1415,-0.0244, 0.0004,-2.2300
 0.1553, 0.0000, 3.1648, 3.1415,-0.0291, 0.0000,-2.4825
 0.1549, 0.0000, 3.1615, 3.1415,-0.0422,-0.2659, 4.6799
 0.1546, 0.0000, 3.1582, 3.1415,-0.0326,-0.3191, 4.6799
 0.1546, 0.0000, 3.1582, 3.1415,-0.0065,-0.0638, 4.0951
 0.1549, 0.0000, 3.1582, 3.1415, 0.0229,-0.0127, 2.8233
 0.1553, 0.0000, 3.1615, 3.1415, 0.0409, 0.2634,-4.6799
 0.1556, 0.0000, 3.1615, 3.1415, 0.0263, 0.0526,-1.5553
 0.1557, 0.0000, 3.1615, 3.1415, 0.0174, 0.0105, 0.3730
 0.1559, 0.0000, 3.1615, 3.1415, 0.0156, 0.0021, 0.7624
 0.1559, 0.0000, 3.1615, 3.1415, 0.0031, 0.0004, 0.1555
 0.1559, 0.0000, 3.1615, 3.1415, 0.0006, 0.0000, 0.0341
 0.1561, 0.0000, 3.1615, 3.1415, 0.0183, 0.0000, 1.0429
 0.1564, 0.0000, 3.1615, 3.1415, 0.0279, 0.0000, 1.5948
 0.1566, 0.0000, 3.1615, 3.1415, 0.0237, 0.0000, 1.3685
 0.1568, 0.0000, 3.1615, 3.1415, 0.0229, 0.0000, 1.3289
 0.1572, 0.0000, 3.1615, 3.1415, 0.0349, 0.0000, 2.0155
 0.1577, 0.0000, 3.1615, 3.1415, 0.0433, 0.0000, 2.5068
 0.1581, 0.0000, 3.1648, 3.1415, 0.0450, 0.2659,-4.6799
 0.1583, 0.0000, 3.1648, 3.1415, 0.0211, 0.0531,-2.6147
 0.1584, 0.0000, 3.1648, 3.1415, 0.0102, 0.0106,-0.7705
 0.1581, 0.0000, 3.1648, 3.1415,-0.0161, 0.0021,-1.7773
 0.1577, 0.0000, 3.1615, 3.1415,-0.0335,-0.2655, 4.6799
 0.1576, 0.0000, 3.1615, 3.1415,-0.0188,-0.0531, 2.0585
 0.1577, 0.0000, 3.1615, 3.1415, 0.0083,-0.0106, 1.1474
 0.1578, 0.0000, 3.1615, 3.1415, 0.0077,-0.0021, 0.6248
 0.1581, 0.0000, 3.1615, 3.1415, 0.0197,-0.0004, 1.2108
 0.1584, 0.0000, 3.1615, 3.1415, 0.0342,-0.0000, 2.0225
 0.1588, 0.0000, 3.1615, 3.1415, 0.0371,-0.0000, 2.1945
 0.1590, 0.0000, 3.1615, 3.1415, 0.0256,-0.0000, 1.5497
 0.1595, 0.0000, 3.1648, 3.1415, 0.0415, 0.2659,-4.6799
 0.1597, 0.0000, 3.1648, 3.1415, 0.0264, 0.0531,-2.2672
 0.1596, 0.0000, 3.1648, 3.1415,-0.0007, 0.0106,-1.3534
 0.1594, 0.0000, 3.1648, 3.1415,-0.0183, 0.0021,-1.8613
 0.1592, 0.0000, 3.1615, 3.1415,-0.0218,-0.2655, 4.6799
 0.1590, 0.0000, 3.1615, 3.1415,-0.0164,-0.0531, 2.2358
 0.1590, 0.0000, 3.1615, 3.1415,-0.0032,-0.0106, 0.5306
 0.1593, 0.0000, 3.1615, 3.1415, 0.0175,-0.0021, 1.2227
 0.1596, 0.0000, 3.1615, 3.1415, 0.0277,-0.0004, 1.7112
 0.1599, 0.0000, 3.1615, 3.1415, 0.0358,-0.0000, 2.1609
 0.1603, 0.0000, 3.1615, 3.1415, 0.0374,-0.0000, 2.2605
 0.1606, 0.0000, 3.1648, 3.1415, 0.0317, 0.2659,-4.6799
 0.1609, 0.0000, 3.1648, 3.1415, 0.0245, 0.0531,-2.3413
 0.1608, 0.0000, 3.1648, 3.1415,-0.0011, 0.0106,-1.3394
 0.1606, 0.0000, 3.1615, 3.1415,-0.0184,-0.2638, 4.6799
 0.1605, 0.0000, 3.1615, 3.1415,-0.0097,-0.0527, 2.6424
 0.1606, 0.0000, 3.1615, 3.1415, 0.0101,-0.0105, 1.3370
 0.1608, 0.0000, 3.1615, 3.1415, 0.0141,-0.0021, 1.0798
 0.1609, 0.0000, 3.1615, 3.1415, 0.0149,-0.0004, 1.0322
 0.1613, 0.0000, 3.1615, 3.1415, 0.0333,-0.0000, 2.0596
 0.1617, 0.0000, 3.1615, 3.1415, 0.0369,-0.0000, 2.2747
 0.1621, 0.0000, 3.1648, 3.1415, 0.0377, 0.2659,-4.6799
 0.1621, 0.0000, 3.1648, 3.1415, 0.0136, 0.0531,-2.9172
 0.1621, 0.0000, 3.1648, 3.1415,-0.0033, 0.0106,-1.4221
 0.1618, 0.0000, 3.1615, 3.1415,-0.0188,-0.2638, 4.6799
 0.1617, 0.0000, 3.1615, 3.1415,-0.0158,-0.0527, 2.3338
 0.1617, 0.0000, 3.1615, 3.1415,-0.0031,-0.0105, 0.6173
 0.1619, 0.0000, 3.1615, 3.1415, 0.0175,-0.0021, 1.3071
 0.1623, 0.0000, 3.1615, 3.1415, 0.0338,-0.0004, 2.1395
 0.1627, 0.0000, 3.1615, 3.1415, 0.0370,-0.0000, 2.3156
 0.1632, 0.0000, 3.1648, 3.1415, 0.0498, 0.2659,-4.6799
 0.1634, 0.0000, 3.1648, 3.1415, 0.0220, 0.0531,-2.3998
 0.1634, 0.0000, 3.1648, 3.1415, 0.0044, 0.0106,-0.9436
 0.1632, 0.0000, 3.1648, 3.1415,-0.0112, 0.0021,-1.3411
 0.1628, 0.0000, 3.1615, 3.1415,-0.0325,-0.2655, 4.6799
 0.1628, 0.0000, 3.1615, 3.1415,-0.0125,-0.0531, 2.5742
 0.1628, 0.0000, 3.1615, 3.1415, 0.0035,-0.0106, 1.0366
 0.1632, 0.0000, 3.1615, 3.1415, 0.0310,-0.0021, 2.1084
 0.1636, 0.0000, 3.1615, 3.1415, 0.0365,-0.0004, 2.3324
 0.1641, 0.0000, 3.1615, 3.1415, 0.0497,-0.0000, 3.0754
 0.1647, 0.0000, 3.1648, 3.1415, 0.0584, 0.2659,-4.6799
 0.1651, 0.0000, 3.1648, 3.1415, 0.0420, 0.0531,-1.2218
 0.1653, 0.0000, 3.1681, 3.1415, 0.0265, 0.2765,-4.6799
 0.1653, 0.0000, 3.1681, 3.1415,-0.0007, 0.0553,-4.5719
 0.1649, 0.0000, 3.1648, 3.1415,-0.0304,-0.2548, 4.6799
 0.1646, 0.0000, 3.1648, 3.1415,-0.0242,-0.0509, 1.0310
 0.1647, 0.0000, 3.1615, 3.1415, 0.0012,-0.2761, 4.6799
 0.1650, 0.0000, 3.1615, 3.1415, 0.0244,-0.0552, 4.6799
 0.1655, 0.0000, 3.1648, 3.1415, 0.0412, 0.2548,-4.6799
 0.1657, 0.0000, 3.1648, 3.1415, 0.0264, 0.0509,-1.9532
 0.1658, 0.0000, 3.1648, 3.1415, 0.0113, 0.0101,-0.4505
 0.1657, 0.0000, 3.1648, 3.1415,-0.0037, 0.0020,-0.8367
 0.1654, 0.0000, 3.1648, 3.1415,-0.0250, 0.0004,-1.9491
 0.1649, 0.0000, 3.1615, 3.1415,-0.0413,-0.2658, 4.6799
 0.1649, 0.0000, 3.1615, 3.1415,-0.0143,-0.0531, 2.5459
 0.1650, 0.0000, 3.1615, 3.1415, 0.0092,-0.0106, 1.4289
 0.1652, 0.0000, 3.1615, 3.1415, 0.0139,-0.0021, 1.2093
 0.1655, 0.0000, 3.1615, 3.1415, 0.0270,-0.0004, 1.8580
 0.1660, 0.0000, 3.1615, 3.1415, 0.0478,-0.0000, 3.0285
 0.1667, 0.0000, 3.1648, 3.1415, 0.0641, 0.2659,-4.6799
 0.1671, 0.0000, 3.1648, 3.1415, 0.0431, 0.0531,-1.0955
 0.1672, 0.0000, 3.1648, 3.1415, 0.0207, 0.0106, 0.0998
 0.1675, 0.0000, 3.1648, 3.1415, 0.0284, 0.0021, 1.0315
 0.1676, 0.0000, 3.1648, 3.1415, 0.0117, 0.0004, 0.1923
 0.1677, 0.0000, 3.1681, 3.1415, 0.0084, 0.2660,-4.6799
 0.1677, 0.0000, 3.1681, 3.1415, 0.0016, 0.0532,-4.2366
 0.1675, 0.0000, 3.1681, 3.1415,-0.0117, 0.0106,-2.5469
 0.1672, 0.0000, 3.1648, 3.1415,-0.0266,-0.2638, 4.6799
 0.1672, 0.0000, 3.1648, 3.1415,-0.0053,-0.0527, 2.2849
 0.1674, 0.0000, 3.1648, 3.1415, 0.0110,-0.0105, 0.7798
 0.1674, 0.0000, 3.1648, 3.1415, 0.0022,-0.0021,-0.2061
 0.1675, 0.0000, 3.1648, 3.1415, 0.0125,-0.0004, 0.2853
 0.1679, 0.0000, 3.1648, 3.1415, 0.0328,-0.0000, 1.4206
 0.1682, 0.0000, 3.1648, 3.1415, 0.0308,-0.0000, 1.3129
 0.1683, 0.0000, 3.1648, 3.1415, 0.0122,-0.0000, 0.2659
 0.1687, 0.0000, 3.1681, 3.1415, 0.0327, 0.2659,-4.6799
 0.1690, 0.0000, 3.1681, 3.1415, 0.0308, 0.0531,-2.5524
 0.1689, 0.0000, 3.1681, 3.1415, 0.0000, 0.0106,-1.8330
 0.1687, 0.0000, 3.1681, 3.1415,-0.0181, 0.0021,-2.3799
 0.1684, 0.0000, 3.1681, 3.1415,-0.0218, 0.0004,-2.4950
 0.1681, 0.0000, 3.1648, 3.1415,-0.0346,-0.2658, 4.6799
 0.1679, 0.0000, 3.1648, 3.1415,-0.0190,-0.0531, 1.5550
 0.1681, 0.0000, 3.1648, 3.1415, 0.0143,-0.0106, 0.9954
 0.1683, 0.0000, 3.1648, 3.1415, 0.0150,-0.0021, 0.5448
 0.1684, 0.0000, 3.1648, 3.1415, 0.0090,-0.0004, 0.1142
 0.1688, 0.0000, 3.1648, 3.1415, 0.0381,-0.0000, 1.7518
 0.1693, 0.0000, 3.1681, 3.1415, 0.0500, 0.2659,-4.6799
 0.1694, 0.0000, 3.1681, 3.1415, 0.0160, 0.0531,-3.3684
 0.1694, 0.0000, 3.1681, 3.1415, 0.0032, 0.0106,-1.6404
 0.1693, 0.0000, 3.1681, 3.1415,-0.0114, 0.0021,-1.9836
 0.1689, 0.0000, 3.1681, 3.1415,-0.0326, 0.0004,-3.0891
 0.1685, 0.0000, 3.1681, 3.1415,-0.0368, 0.0000,-3.3198
 0.1680, 0.0000, 3.1648, 3.1415,-0.0498,-0.2659, 4.6799
 0.1677, 0.0000, 3.1648, 3.1415,-0.0342,-0.0531, 0.6940
 0.1678, 0.0000, 3.1648, 3.1415,-0.0007,-0.0106, 0.1287
 0.1680, 0.0000, 3.1648, 3.1415, 0.0180,-0.0021, 0.7063
 0.1681, 0.0000, 3.1648, 3.1415, 0.0157,-0.0004, 0.4832
 0.1683, 0.0000, 3.1648, 3.1415, 0.0152,-0.0000, 0.4424
 0.1687, 0.0000, 3.1681, 3.1415, 0.0394, 0.2659,-4.6799
 0.1690, 0.0000, 3.1681, 3.1415, 0.0260, 0.0531,-2.8189
 0.1688, 0.0000, 3.1681, 3.1415,-0.0069, 0.0106,-2.2307
 0.1687, 0.0000, 3.1681, 3.1415,-0.0135, 0.0021,-2.1170
 0.1686, 0.0000, 3.1681, 3.1415,-0.0087, 0.0004,-1.7536
 0.1681, 0.0000, 3.1681, 3.1415,-0.0381, 0.0000,-3.4047
 0.1676, 0.0000, 3.1648, 3.1415,-0.0500,-0.2659, 4.6799
 0.1675, 0.0000, 3.1648, 3.1415,-0.0221,-0.0531, 1.3679
 0.1676, 0.0000, 3.1648, 3.1415, 0.0076,-0.0106, 0.6020
 0.1677, 0.0000, 3.1648, 3.1415, 0.0076,-0.0021, 0.1084
 0.1678, 0.0000, 3.1648, 3.1415, 0.0136,-0.0004, 0.3559
 0.1682, 0.0000, 3.1681, 3.1415, 0.0330, 0.2658,-4.6799
 0.1684, 0.0000, 3.1681, 3.1415, 0.0247, 0.0531,-2.9069
 0.1683, 0.0000, 3.1681, 3.1415,-0.0071, 0.0106,-2.2618
 0.1681, 0.0000, 3.1681, 3.1415,-0.0196, 0.0021,-2.4809
 0.1677, 0.0000, 3.1681, 3.1415,-0.0342, 0.0004,-3.2192
 0.1673, 0.0000, 3.1648, 3.1415,-0.0371,-0.2658, 4.6799
 0.1673, 0.0000, 3.1648, 3.1415,-0.0074,-0.0531, 2.1918
 0.1674, 0.0000, 3.1648, 3.1415, 0.0045,-0.0106, 0.4187
 0.1674, 0.0000, 3.1648, 3.1415, 0.0009,-0.0021,-0.2783
 0.1675, 0.0000, 3.1681, 3.1415, 0.0123, 0.2655,-4.6799
 0.1677, 0.0000, 3.1681, 3.1415, 0.0145, 0.0531,-3.5028
 0.1673, 0.0000, 3.1681, 3.1415,-0.0273, 0.0106,-3.4332
 0.1669, 0.0000, 3.1681, 3.1415,-0.0357, 0.0021,-3.4288
 0.1665, 0.0000, 3.1648, 3.1415,-0.0435,-0.2655, 4.6799
 0.1662, 0.0000, 3.1648, 3.1415,-0.0329,-0.0531, 0.7121
 0.1660, 0.0000, 3.1648, 3.1415,-0.0187,-0.0106,-0.9390
 0.1660, 0.0000, 3.1648, 3.1415,-0.0037,-0.0021,-0.5843
 0.1659, 0.0000, 3.1648, 3.1415,-0.0068,-0.0004,-0.8578
 0.1659, 0.0000, 3.1648, 3.1415,-0.0074,-0.0000,-0.9144
 0.1657, 0.0000, 3.1648, 3.1415,-0.0136,-0.0000,-1.2720
 0.1654, 0.0000, 3.1648, 3.1415,-0.0269,-0.0000,-2.0361
 0.1649, 0.0000, 3.1648, 3.1415,-0.0417,-0.0000,-2.8853
 0.1644, 0.0000, 3.1648, 3.1415,-0.0507,-0.0000,-3.4110
 0.1638, 0.0000, 3.1615, 3.1415,-0.0586,-0.2659, 4.6799
 0.1634, 0.0000, 3.1582, 3.1415,-0.0420,-0.3191, 4.6799
 0.1633, 0.0000, 3.1582, 3.1415,-0.0205,-0.0638, 3.5810
 0.1635, 0.0000, 3.1615, 3.1415, 0.0140, 0.2531,-4.6799
 0.1637, 0.0000, 3.1615, 3.1415, 0.0149, 0.0506,-1.8265
 0.1636, 0.0000, 3.1615, 3.1415,-0.0030, 0.0101,-0.5093
 0.1634, 0.0000, 3.1615, 3.1415,-0.0188, 0.0020,-0.9365
 0.1630, 0.0000, 3.1615, 3.1415,-0.0340, 0.0004,-1.7164
 0.1625, 0.0000, 3.1615, 3.1415,-0.0431, 0.0000,-2.2264
 0.1619, 0.0000, 3.1582, 3.1415,-0.0571,-0.2659, 4.6799
 0.1616, 0.0000, 3.1582, 3.1415,-0.0356,-0.0531, 2.0605
 0.1615, 0.0000, 3.1582, 3.1415,-0.0131,-0.0106, 0.8727
 0.1616, 0.0000, 3.1582, 3.1415, 0.0034,-0.0021, 1.3220
 0.1618, 0.0000, 3.1582, 3.1415, 0.0128,-0.0004, 1.7581
 0.1621, 0.0000, 3.1615, 3.1415, 0.0268, 0.2658,-4.6799
 0.1621, 0.0000, 3.1615, 3.1415, 0.0114, 0.0531,-2.2190
 0.1620, 0.0000, 3.1615, 3.1415,-0.0098, 0.0106,-0.9705
 0.1616, 0.0000, 3.1615, 3.1415,-0.0322, 0.0021,-1.7577
 0.1612, 0.0000, 3.1615, 3.1415,-0.0428, 0.0004,-2.2690
 0.1606, 0.0000, 3.1582, 3.1415,-0.0570,-0.2658, 4.6799
 0.1601, 0.0000, 3.1582, 3.1415,-0.0477,-0.0531, 1.3287
 0.1599, 0.0000, 3.1582, 3.1415,-0.0277,-0.0106,-0.0006
 0.1597, 0.0000, 3.1582, 3.1415,-0.0176,-0.0021, 0.0721
 0.1597, 0.0000, 3.1582, 3.1415,-0.0035,-0.0004, 0.7715
 0.1599, 0.0000, 3.1582, 3.1415, 0.0174,-0.0000, 1.9444
 0.1601, 0.0000, 3.1582, 3.1415, 0.0156,-0.0000, 1.8405
 0.1603, 0.0000, 3.1582, 3.1415, 0.0213,-0.0000, 2.1679
 0.1606, 0.0000, 3.1615, 3.1415, 0.0285, 0.2659,-4.6799
 0.1608, 0.0000, 3.1615, 3.1415, 0.0178, 0.0531,-1.9019
 0.1606, 0.0000, 3.1615, 3.1415,-0.0146, 0.0106,-1.2859
 0.1603, 0.0000, 3.1615, 3.1415,-0.0271, 0.0021,-1.5128
 0.1598, 0.0000, 3.1615, 3.1415,-0.0418, 0.0004,-2.2546
 0.1593, 0.0000, 3.1582, 3.1415,-0.0508,-0.2658, 4.6799
 0.1590, 0.0000, 3.1582, 3.1415,-0.0344,-0.0531, 2.0474
 0.1589, 0.0000, 3.1582, 3.1415,-0.0129,-0.0106, 0.8030
 0.1590, 0.0000, 3.1582, 3.1415, 0.0095,-0.0021, 1.5854
 0.1591, 0.0000, 3.1582, 3.1415, 0.0079,-0.0004, 1.4012
 0.1593, 0.0000, 3.1582, 3.1415, 0.0137,-0.0000, 1.7108
 0.1596, 0.0000, 3.1615, 3.1415, 0.0330, 0.2659,-4.6799
 0.1598, 0.0000, 3.1615, 3.1415, 0.0187, 0.0531,-1.8816
 0.1596, 0.0000, 3.1615, 3.1415,-0.0083, 0.0106,-0.9624
 0.1594, 0.0000, 3.1615, 3.1415,-0.0198, 0.0021,-1.1267
 0.1591, 0.0000, 3.1615, 3.1415,-0.0282, 0.0004,-1.5097
 0.1586, 0.0000, 3.1582, 3.1415,-0.0480,-0.2658, 4.6799
 0.1584, 0.0000, 3.1582, 3.1415,-0.0278,-0.0531, 2.4009
 0.1584, 0.0000, 3.1582, 3.1415, 0.0005,-0.0106, 1.5471
 0.1586, 0.0000, 3.1582, 3.1415, 0.0122,-0.0021, 1.7227
 0.1587, 0.0000, 3.1582, 3.1415, 0.0145,-0.0004, 1.7616
 0.1592, 0.0000, 3.1615, 3.1415, 0.0392, 0.2658,-4.6799
 0.1593, 0.0000, 3.1615, 3.1415, 0.0199, 0.0531,-1.8249
 0.1592, 0.0000, 3.1615, 3.1415,-0.0081, 0.0106,-0.9626
 0.1590, 0.0000, 3.1615, 3.1415,-0.0198, 0.0021,-1.1383
 0.1587, 0.0000, 3.1615, 3.1415,-0.0282, 0.0004,-1.5235
 0.1581, 0.0000, 3.1582, 3.1415,-0.0541,-0.2658, 4.6799
 0.1580, 0.0000, 3.1582, 3.1415,-0.0168,-0.0531, 3.0045
 0.1581, 0.0000, 3.1582, 3.1415, 0.0026,-0.0106, 1.6583
 0.1581, 0.0000, 3.1582, 3.1415, 0.0005,-0.0021, 1.0466
 0.1582, 0.0000, 3.1582, 3.1415, 0.0122,-0.0004, 1.6129
 0.1587, 0.0000, 3.1615, 3.1415, 0.0388, 0.2658,-4.6799
 0.1588, 0.0000, 3.1615, 3.1415, 0.0198, 0.0531,-1.8469
 0.1587, 0.0000, 3.1615, 3.1415,-0.0081, 0.0106,-0.9804
 0.1586, 0.0000, 3.1615, 3.1415,-0.0076, 0.0021,-0.4665
 0.1581, 0.0000, 3.1582, 3.1415,-0.0379,-0.2655, 4.6799
 0.1580, 0.0000, 3.1582, 3.1415,-0.0197,-0.0531, 2.8417
 0.1582, 0.0000, 3.1582, 3.1415, 0.0142,-0.0106, 2.3145
 0.1584, 0.0000, 3.1582, 3.1415, 0.0210,-0.0021, 2.2148
 0.1586, 0.0000, 3.1615, 3.1415, 0.0163, 0.2655,-4.6799
 0.1588, 0.0000, 3.1615, 3.1415, 0.0214, 0.0531,-1.7548
 0.1588, 0.0000, 3.1615, 3.1415, 0.0042, 0.0106,-0.2732
 0.1584, 0.0000, 3.1615, 3.1415,-0.0294, 0.0021,-1.6987
 0.1581, 0.0000, 3.1615, 3.1415,-0.0362, 0.0004,-1.9934
 0.1575, 0.0000, 3.1582, 3.1415,-0.0496,-0.2658, 4.6799
 0.1571, 0.0000, 3.1548, 3.1415,-0.0402,-0.3191, 4.6799
 0.1571, 0.0000, 3.1548, 3.1415,-0.0141,-0.0638, 4.5672
 0.1574, 0.0000, 3.1548, 3.1415, 0.0214,-0.0127, 3.6374
 0.1579, 0.0000, 3.1582, 3.1415, 0.0467, 0.2634,-4.6799
 0.1581, 0.0000, 3.1582, 3.1415, 0.0214, 0.0526,-0.9328
 0.1581, 0.0000, 3.1582, 3.1415, 0.0042, 0.0105, 0.5283
 0.1581, 0.0000, 3.1582, 3.1415, 0.0069, 0.0021, 1.1649
 0.1582, 0.0000, 3.1582, 3.1415, 0.0074, 0.0004, 1.2942
 0.1582, 0.0000, 3.1582, 3.1415, 0.0014, 0.0000, 0.9776
 0.1584, 0.0000, 3.1582, 3.1415, 0.0184, 0.0000, 1.9474
 0.1588, 0.0000, 3.1615, 3.1415, 0.0340, 0.2659,-4.6799
 0.1588, 0.0000, 3.1615, 3.1415, 0.0068, 0.0531,-2.5862
 0.1587, 0.0000, 3.1615, 3.1415,-0.0107, 0.0106,-1.1282
 0.1584, 0.0000, 3.1615, 3.1415,-0.0203, 0.0021,-1.1848
 0.1580, 0.0000, 3.1582, 3.1415,-0.0404,-0.2655, 4.6799
 0.1578, 0.0000, 3.1582, 3.1415,-0.0202,-0.0531, 2.8084
 0.1581, 0.0000, 3.1582, 3.1415, 0.0141,-0.0106, 2.3040
 0.1581, 0.0000, 3.1582, 3.1415, 0.0088,-0.0021, 1.5201
 0.1583, 0.0000, 3.1582, 3.1415, 0.0139,-0.0004, 1.7095
 0.1588, 0.0000, 3.1582, 3.1415, 0.0452,-0.0000, 3.4732
 0.1593, 0.0000, 3.1615, 3.1415, 0.0514, 0.2659,-4.6799
 0.1594, 0.0000, 3.1615, 3.1415, 0.0163, 0.0531,-2.0277
 0.1595, 0.0000, 3.1615, 3.1415, 0.0093, 0.0106, 0.0319
 0.1596, 0.0000, 3.1615, 3.1415, 0.0139, 0.0021, 0.7900
 0.1596, 0.0000, 3.1615, 3.1415,-0.0032, 0.0004,-0.0875
 0.1594, 0.0000, 3.1615, 3.1415,-0.0127, 0.0000,-0.6093
 0.1594, 0.0000, 3.1615, 3.1415,-0.0025, 0.0000,-0.0288
 0.1592, 0.0000, 3.1615, 3.1415,-0.0187, 0.0000,-0.9458
 0.1590, 0.0000, 3.1582, 3.1415,-0.0158,-0.2659, 4.6799
 0.1591, 0.0000, 3.1582, 3.1415, 0.0028,-0.0531, 4.1572
 0.1591, 0.0000, 3.1582, 3.1415, 0.0005,-0.0106, 1.5732
 0.1593, 0.0000, 3.1582, 3.1415, 0.0122,-0.0021, 1.7451
 0.1596, 0.0000, 3.1582, 3.1415, 0.0327,-0.0004, 2.8164
 0.1602, 0.0000, 3.1615, 3.1415, 0.0489, 0.2658,-4.6799
 0.1603, 0.0000, 3.1615, 3.1415, 0.0219, 0.0531,-1.6843
 0.1603, 0.0000, 3.1615, 3.1415,-0.0016, 0.0106,-0.5651
 0.1603, 0.0000, 3.1615, 3.1415,-0.0003, 0.0021, 0.0011
 0.1600, 0.0000, 3.1582, 3.1415,-0.0182,-0.2655, 4.6799
 0.1599, 0.0000, 3.1582, 3.1415,-0.0097,-0.0531, 3.4677
 0.1603, 0.0000, 3.1582, 3.1415, 0.0223,-0.0106, 2.8339
 0.1607, 0.0000, 3.1582, 3.1415, 0.0408,-0.0021, 3.4035
 0.1612, 0.0000, 3.1615, 3.1415, 0.0506, 0.2655,-4.6799
 0.1615, 0.0000, 3.1615, 3.1415, 0.0283, 0.0531,-1.2843
 0.1615, 0.0000, 3.1615, 3.1415, 0.0117, 0.0106, 0.2322
 0.1615, 0.0000, 3.1615, 3.1415, 0.0023, 0.0021, 0.1931
 0.1615, 0.0000, 3.1615, 3.1415, 0.0004, 0.0004, 0.1853
 0.1616, 0.0000, 3.1615, 3.1415, 0.0061, 0.0000, 0.5281
 0.1616, 0.0000, 3.1615, 3.1415, 0.0012, 0.0000, 0.2542
 0.1618, 0.0000, 3.1615, 3.1415, 0.0184, 0.0000, 1.2325
 0.1621, 0.0000, 3.1615, 3.1415, 0.0218, 0.0000, 1.4340
 0.1624, 0.0000, 3.1615, 3.1415, 0.0286, 0.0000, 1.8244
 0.1627, 0.0000, 3.1615, 3.1415, 0.0299, 0.0000, 1.9101
 0.1631, 0.0000, 3.1648, 3.1415, 0.0363, 0.2659,-4.6799
 0.1632, 0.0000, 3.1648, 3.1415, 0.0193, 0.0531,-2.5576
 0.1632, 0.0000, 3.1648, 3.1415, 0.0038, 0.0106,-0.9790
 0.1628, 0.0000, 3.1648, 3.1415,-0.0295, 0.0021,-2.3850
 0.1623, 0.0000, 3.1615, 3.1415,-0.0483,-0.2655, 4.6799
 0.1621, 0.0000, 3.1582, 3.1415,-0.0278,-0.3190, 4.6799
 0.1622, 0.0000, 3.1582, 3.1415, 0.0065,-0.0638, 4.6799
 0.1624, 0.0000, 3.1582, 3.1415, 0.0195,-0.0127, 2.8683
 0.1628, 0.0000, 3.1615, 3.1415, 0.0281, 0.2634,-4.6799
 0.1630, 0.0000, 3.1615, 3.1415, 0.0238, 0.0526,-1.4652
 0.1631, 0.0000, 3.1615, 3.1415, 0.0108, 0.0105, 0.2344
 0.1631, 0.0000, 3.1615, 3.1415, 0.0021, 0.0021, 0.2319
 0.1631, 0.0000, 3.1615, 3.1415, 0.0004, 0.0004, 0.2314
 0.1632, 0.0000, 3.1615, 3.1415, 0.0122, 0.0000, 0.9200
 0.1634, 0.0000, 3.1615, 3.1415, 0.0206, 0.0000, 1.4059
 0.1636, 0.0000, 3.1615, 3.1415, 0.0162, 0.0000, 1.1645
 0.1639, 0.0000, 3.1615, 3.1415, 0.0275, 0.0000, 1.8088
 0.1643, 0.0000, 3.1615, 3.1415, 0.0418, 0.0000, 2.6340
 0.1649, 0.0000, 3.1648, 3.1415, 0.0508, 0.2659,-4.6799
 0.1651, 0.0000, 3.1648, 3.1415, 0.0283, 0.0531,-1.9921
 0.1652, 0.0000, 3.1648, 3.1415, 0.0117, 0.0106,-0.4736
 0.1651, 0.0000, 3.1648, 3.1415,-0.0037, 0.0021,-0.8567
 0.1647, 0.0000, 3.1615, 3.1415,-0.0310,-0.2655, 4.6799
 0.1646, 0.0000, 3.1615, 3.1415,-0.0183,-0.0531, 2.3068
 0.1646, 0.0000, 3.1615, 3.1415, 0.0023,-0.0106, 1.0290
 0.1649, 0.0000, 3.1615, 3.1415, 0.0247,-0.0021, 1.8085
 0.1653, 0.0000, 3.1615, 3.1415, 0.0352,-0.0004, 2.3165
 0.1659, 0.0000, 3.1648, 3.1415, 0.0494, 0.2658,-4.6799
 0.1662, 0.0000, 3.1648, 3.1415, 0.0402, 0.0531,-1.2862
 0.1664, 0.0000, 3.1648, 3.1415, 0.0201, 0.0106, 0.0406
 0.1664, 0.0000, 3.1648, 3.1415, 0.0040, 0.0021,-0.3788
 0.1664, 0.0000, 3.1648, 3.1415, 0.0008, 0.0004,-0.4627
 0.1662, 0.0000, 3.1648, 3.1415,-0.0119, 0.0000,-1.1682
 0.1659, 0.0000, 3.1648, 3.1415,-0.0266, 0.0000,-2.0020
 0.1657, 0.0000, 3.1615, 3.1415,-0.0235,-0.2659, 4.6799
 0.1656, 0.0000, 3.1615, 3.1415,-0.0107,-0.0531, 2.7722
 0.1658, 0.0000, 3.1615, 3.1415, 0.0099,-0.0106, 1.4933
 0.1659, 0.0000, 3.1615, 3.1415, 0.0141,-0.0021, 1.2413
 0.1663, 0.0000, 3.1615, 3.1415, 0.0331,-0.0004, 2.2279
 0.1669, 0.0000, 3.1648, 3.1415, 0.0551, 0.2658,-4.6799
 0.1673, 0.0000, 3.1648, 3.1415, 0.0413, 0.0531,-1.1891
 0.1675, 0.0000, 3.1648, 3.1415, 0.0203, 0.0106, 0.0869
 0.1675, 0.0000, 3.1648, 3.1415, 0.0101, 0.0021, 0.0015
 0.1678, 0.0000, 3.1648, 3.1415, 0.0262, 0.0004, 1.0194
 0.1680, 0.0000, 3.1648, 3.1415, 0.0173, 0.0000, 0.5420
 0.1681, 0.0000, 3.1648, 3.1415, 0.0156, 0.0000, 0.4503
 0.1684, 0.0000, 3.1681, 3.1415, 0.0213, 0.2659,-4.6799
 0.1686, 0.0000, 3.1681, 3.1415, 0.0224, 0.0531,-3.0355
 0.1686, 0.0000, 3.1681, 3.1415, 0.0044, 0.0106,-1.5949
 0.1683, 0.0000, 3.1681, 3.1415,-0.0233, 0.0021,-2.6843
 0.1679, 0.0000, 3.1648, 3.1415,-0.0349,-0.2655, 4.6799
 0.1678, 0.0000, 3.1648, 3.1415,-0.0130,-0.0531, 1.8872
 0.1679, 0.0000, 3.1648, 3.1415, 0.0034,-0.0106, 0.3712
 0.1681, 0.0000, 3.1648, 3.1415, 0.0188,-0.0021, 0.7586
 0.1684, 0.0000, 3.1648, 3.1415, 0.0280,-0.0004, 1.1862
 0.1689, 0.0000, 3.1681, 3.1415, 0.0419, 0.2658,-4.6799
 0.1692, 0.0000, 3.1681, 3.1415, 0.0326, 0.0531,-2.4402
 0.1693, 0.0000, 3.1681, 3.1415, 0.0125, 0.0106,-1.1162
 0.1690, 0.0000, 3.1681, 3.1415,-0.0156, 0.0021,-2.2269
 0.1689, 0.0000, 3.1681, 3.1415,-0.0152, 0.0004,-2.1104
 0.1685, 0.0000, 3.1681, 3.1415,-0.0333, 0.0000,-3.1241
 0.1681, 0.0000, 3.1648, 3.1415,-0.0430,-0.2659, 4.6799
 0.1678, 0.0000, 3.1648, 3.1415,-0.0268,-0.0531, 1.1170
 0.1679, 0.0000, 3.1648, 3.1415, 0.0007,-0.0106, 0.2172
 0.1681, 0.0000, 3.1648, 3.1415, 0.0183,-0.0021, 0.7278
 0.1684, 0.0000, 3.1648, 3.1415, 0.0279,-0.0004, 1.1800
 0.1688, 0.0000, 3.1648, 3.1415, 0.0359,-0.0000, 1.6226
 0.1693, 0.0000, 3.1681, 3.1415, 0.0496, 0.2659,-4.6799
 0.1696, 0.0000, 3.1681, 3.1415, 0.0341, 0.0531,-2.3405
 0.1696, 0.0000, 3.1715, 3.1415, 0.0068, 0.2765,-4.6799
 0.1695, 0.0000, 3.1715, 3.1415,-0.0107, 0.0553,-4.6799
 0.1692, 0.0000, 3.1681, 3.1415,-0.0264,-0.2548, 4.6799
 0.1690, 0.0000, 3.1681, 3.1415,-0.0174,-0.0509, 0.7370
 0.1691, 0.0000, 3.1681, 3.1415, 0.0025,-0.0101,-0.4845
 0.1691, 0.0000, 3.1681, 3.1415, 0.0005,-0.0020,-1.0713
 0.1690, 0.0000, 3.1681, 3.1415,-0.0059,-0.0004,-1.5331
 0.1690, 0.0000, 3.1681, 3.1415,-0.0072,-0.0000,-1.6273
 0.1688, 0.0000, 3.1681, 3.1415,-0.0135,-0.0000,-1.9924
 0.1684, 0.0000, 3.1681, 3.1415,-0.0330,-0.0000,-3.1024
 0.1680, 0.0000, 3.1681, 3.1415,-0.0429,-0.0000,-3.6783
 0.1675, 0.0000, 3.1648, 3.1415,-0.0449,-0.2659, 4.6799
 0.1673, 0.0000, 3.1648, 3.1415,-0.0271,-0.0531, 1.0787
 0.1671, 0.0000, 3.1648, 3.1415,-0.0175,-0.0106,-0.8369
 0.1671, 0.0000, 3.1648, 3.1415,-0.0035,-0.0021,-0.5352
 0.1671, 0.0000, 3.1648, 3.1415,-0.0007,-0.0004,-0.4748
 0.1671, 0.0000, 3.1648, 3.1415,-0.0062,-0.0000,-0.8072
 0.1669, 0.0000, 3.1648, 3.1415,-0.0133,-0.0000,-1.2199
 0.1666, 0.0000, 3.1648, 3.1415,-0.0269,-0.0000,-1.9951
 0.1662, 0.0000, 3.1648, 3.1415,-0.0357,-0.0000,-2.5020
 0.1658, 0.0000, 3.1615, 3.1415,-0.0435,-0.2659, 4.6799
 0.1656, 0.0000, 3.1615, 3.1415,-0.0268,-0.0531, 1.8603
 0.1656, 0.0000, 3.1615, 3.1415,-0.0053,-0.0106, 0.6203
 0.1658, 0.0000, 3.1615, 3.1415, 0.0171,-0.0021, 1.4054
 0.1662, 0.0000, 3.1648, 3.1415, 0.0337, 0.2655,-4.6799
 0.1665, 0.0000, 3.1648, 3.1415, 0.0310, 0.0531,-1.7947
 0.1665, 0.0000, 3.1648, 3.1415, 0.0122, 0.0106,-0.3997
 0.1663, 0.0000, 3.1648, 3.1415,-0.0157, 0.0021,-1.4962
 0.1660, 0.0000, 3.1648, 3.1415,-0.0274, 0.0004,-2.0656
 0.1656, 0.0000, 3.1648, 3.1415,-0.0357, 0.0000,-2.5315
 0.1652, 0.0000, 3.1648, 3.1415,-0.0435, 0.0000,-2.9787
 0.1645, 0.0000, 3.1615, 3.1415,-0.0632,-0.2659, 4.6799
 0.1640, 0.0000, 3.1582, 3.1415,-0.0490,-0.3191, 4.6799
 0.1640, 0.0000, 3.1582, 3.1415,-0.0158,-0.0638, 3.8657
 0.1643, 0.0000, 3.1615, 3.1415, 0.0210, 0.2531,-4.6799
 0.1643, 0.0000, 3.1615, 3.1415, 0.0042, 0.0506,-2.4124
 0.1642, 0.0000, 3.1615, 3.1415,-0.0052, 0.0101,-0.6112
 0.1640, 0.0000, 3.1615, 3.1415,-0.0131, 0.0020,-0.5971
 0.1637, 0.0000, 3.1615, 3.1415,-0.0329, 0.0004,-1.6313
 0.1631, 0.0000, 3.1615, 3.1415,-0.0490, 0.0000,-2.5364
 0.1625, 0.0000, 3.1582, 3.1415,-0.0583,-0.2659, 4.6799
 0.1623, 0.0000, 3.1582, 3.1415,-0.0298,-0.0531, 2.4109
 0.1622, 0.0000, 3.1548, 3.1415,-0.0120,-0.2765, 4.6799
 0.1623, 0.0000, 3.1582, 3.1415, 0.0036, 0.2106,-4.6799
 0.1621, 0.0000, 3.1582, 3.1415,-0.0113, 0.0421,-2.0487
 0.1621, 0.0000, 3.1582, 3.1415,-0.0022, 0.0084, 0.4086
 0.1622, 0.0000, 3.1582, 3.1415, 0.0056, 0.0016, 1.2445
 0.1622, 0.0000, 3.1582, 3.1415, 0.0011, 0.0003, 1.0692
 0.1622, 0.0000, 3.1582, 3.1415, 0.0002, 0.0000, 1.0341
 0.1624, 0.0000, 3.1582, 3.1415, 0.0182, 0.0000, 2.0602
 0.1630, 0.0000, 3.1615, 3.1415, 0.0460, 0.2659,-4.6799
 0.1631, 0.0000, 3.1615, 3.1415, 0.0213, 0.0531,-1.6295
 0.1630, 0.0000, 3.1615, 3.1415,-0.0078, 0.0106,-0.8277
 0.1628, 0.0000, 3.1615, 3.1415,-0.0197, 0.0021,-1.0155
 0.1624, 0.0000, 3.1615, 3.1415,-0.0282, 0.0004,-1.4031
 0.1621, 0.0000, 3.1615, 3.1415,-0.0359, 0.0000,-1.8328
 0.1615, 0.0000, 3.1582, 3.1415,-0.0496,-0.2659, 4.6799
 0.1611, 0.0000, 3.1582, 3.1415,-0.0463,-0.0531, 1.4446
 0.1609, 0.0000, 3.1548, 3.1415,-0.0213,-0.2765, 4.6799
 0.1612, 0.0000, 3.1548, 3.1415, 0.0139,-0.0553, 4.6799
 0.1614, 0.0000, 3.1582, 3.1415, 0.0209, 0.2548,-4.6799
 0.1615, 0.0000, 3.1582, 3.1415, 0.0102, 0.0509,-1.3594
 0.1615, 0.0000, 3.1582, 3.1415, 0.0020, 0.0101, 0.5292
 0.1615, 0.0000, 3.1582, 3.1415, 0.0064, 0.0020, 1.2513
 0.1615, 0.0000, 3.1582, 3.1415, 0.0012, 0.0004, 1.0533
 0.1615, 0.0000, 3.1582, 3.1415, 0.0002, 0.0000, 1.0137
 0.1617, 0.0000, 3.1582, 3.1415, 0.0121, 0.0000, 1.6946
 0.1621, 0.0000, 3.1615, 3.1415, 0.0327, 0.2659,-4.6799
 0.1621, 0.0000, 3.1615, 3.1415, 0.0126, 0.0531,-2.1530
 0.1619, 0.0000, 3.1615, 3.1415,-0.0156, 0.0106,-1.3016
 0.1615, 0.0000, 3.1615, 3.1415,-0.0334, 0.0021,-1.8259
 0.1611, 0.0000, 3.1582, 3.1415,-0.0430,-0.2655, 4.6799
 0.1608, 0.0000, 3.1582, 3.1415,-0.0328,-0.0531, 2.1883
 0.1606, 0.0000, 3.1582, 3.1415,-0.0187,-0.0106, 0.5328
 0.1607, 0.0000, 3.1582, 3.1415, 0.0023,-0.0021, 1.2310
 0.1610, 0.0000, 3.1582, 3.1415, 0.0247,-0.0004, 2.4056
 0.1614, 0.0000, 3.1582, 3.1415, 0.0352,-0.0000, 2.9926
 0.1618, 0.0000, 3.1615, 3.1415, 0.0434, 0.2659,-4.6799
 0.1620, 0.0000, 3.1615, 3.1415, 0.0208, 0.0531,-1.6952
 0.1620, 0.0000, 3.1615, 3.1415, 0.0041, 0.0106,-0.1808
 0.1618, 0.0000, 3.1615, 3.1415,-0.0173, 0.0021,-0.9110
 0.1615, 0.0000, 3.1615, 3.1415,-0.0277, 0.0004,-1.4072
 0.1609, 0.0000, 3.1582, 3.1415,-0.0479,-0.2658, 4.6799
 0.1606, 0.0000, 3.1582, 3.1415,-0.0399,-0.0531, 1.7876
 0.1605, 0.0000, 3.1582, 3.1415,-0.0140,-0.0106, 0.7913
 0.1607, 0.0000, 3.1548, 3.1415, 0.0153,-0.2680, 4.6799
 0.1609, 0.0000, 3.1582, 3.1415, 0.0152, 0.2123,-4.6799
 0.1609, 0.0000, 3.1582, 3.1415, 0.0030, 0.0424,-1.2949
 0.1608, 0.0000, 3.1582, 3.1415,-0.0054, 0.0084, 0.1825
 0.1607, 0.0000, 3.1582, 3.1415,-0.0071, 0.0016, 0.4760
 0.1606, 0.0000, 3.1548, 3.1415,-0.0074,-0.2656, 4.6799
 0.1608, 0.0000, 3.1548, 3.1415, 0.0106,-0.0531, 4.6799
 0.1611, 0.0000, 3.1582, 3.1415, 0.0263, 0.2553,-4.6799
 0.1613, 0.0000, 3.1582, 3.1415, 0.0234, 0.0510,-0.6243
 0.1613, 0.0000, 3.1582, 3.1415, 0.0046, 0.0102, 0.6724
 0.1612, 0.0000, 3.1582, 3.1415,-0.0051, 0.0020, 0.5874
 0.1612, 0.0000, 3.1582, 3.1415,-0.0010, 0.0004, 0.9129
 0.1614, 0.0000, 3.1582, 3.1415, 0.0119, 0.0000, 1.6667
 0.1616, 0.0000, 3.1582, 3.1415, 0.0205, 0.0000, 2.1657
 0.1619, 0.0000, 3.1582, 3.1415, 0.0283, 0.0000, 2.6156
 0.1624, 0.0000, 3.1582, 3.1415, 0.0420, 0.0000, 3.4020
 0.1630, 0.0000, 3.1615, 3.1415, 0.0569, 0.2659,-4.6799
 0.1632, 0.0000, 3.1615, 3.1415, 0.0295, 0.0531,-1.1630
 0.1633, 0.0000, 3.1615, 3.1415, 0.0119, 0.0106, 0.3006
 0.1634, 0.0000, 3.1615, 3.1415, 0.0084, 0.0021, 0.5953
 0.1634, 0.0000, 3.1615, 3.1415, 0.0077, 0.0004, 0.6561
 0.1635, 0.0000, 3.1615, 3.1415, 0.0076, 0.0000, 0.6701
 0.1637, 0.0000, 3.1615, 3.1415, 0.0136, 0.0000, 1.0193
 0.1640, 0.0000, 3.1615, 3.1415, 0.0330, 0.0000, 2.1260
 0.1645, 0.0000, 3.1648, 3.1415, 0.0429, 0.2659,-4.6799
 0.1646, 0.0000, 3.1648, 3.1415, 0.0146, 0.0531,-2.7811
 0.1644, 0.0000, 3.1648, 3.1415,-0.0091, 0.0106,-1.6779
 0.1643, 0.0000, 3.1648, 3.1415,-0.0139, 0.0021,-1.4611
 0.1639, 0.0000, 3.1615, 3.1415,-0.0331,-0.2655, 4.6799
 0.1637, 0.0000, 3.1615, 3.1415,-0.0248,-0.0531, 1.9129
 0.1637, 0.0000, 3.1615, 3.1415, 0.0011,-0.0106, 0.9272
 0.1640, 0.0000, 3.1615, 3.1415, 0.0184,-0.0021, 1.4208
 0.1643, 0.0000, 3.1615, 3.1415, 0.0279,-0.0004, 1.8697
 0.1647, 0.0000, 3.1615, 3.1415, 0.0419,-0.0000, 2.6557
 0.1654, 0.0000, 3.1648, 3.1415, 0.0629, 0.2659,-4.6799
 0.1656, 0.0000, 3.1648, 3.1415, 0.0307, 0.0531,-1.8382
 0.1658, 0.0000, 3.1648, 3.1415, 0.0182, 0.0106,-0.0850
 0.1658, 0.0000, 3.1648, 3.1415, 0.0036, 0.0021,-0.4193
 0.1654, 0.0000, 3.1648, 3.1415,-0.0295, 0.0004,-2.2080
 0.1649, 0.0000, 3.1615, 3.1415,-0.0483,-0.2658, 4.6799
 0.1647, 0.0000, 3.1615, 3.1415,-0.0217,-0.0531, 2.1203
 0.1649, 0.0000, 3.1615, 3.1415, 0.0077,-0.0106, 1.3400
 0.1650, 0.0000, 3.1615, 3.1415, 0.0136,-0.0021, 1.1877
 0.1653, 0.0000, 3.1615, 3.1415, 0.0269,-0.0004, 1.8498
 0.1659, 0.0000, 3.1615, 3.1415, 0.0539,-0.0000, 3.3673
 0.1665, 0.0000, 3.1648, 3.1415, 0.0532, 0.2659,-4.6799
 0.1667, 0.0000, 3.1648, 3.1415, 0.0288, 0.0531,-1.9145
 0.1668, 0.0000, 3.1681, 3.1415, 0.0178, 0.2765,-4.6799
 0.1666, 0.0000, 3.1681, 3.1415,-0.0146, 0.0553,-4.6799
 0.1662, 0.0000, 3.1648, 3.1415,-0.0393,-0.2548, 4.6799
 0.1662, 0.0000, 3.1648, 3.1415,-0.0017,-0.0509, 2.3496
 0.1662, 0.0000, 3.1615, 3.1415,-0.0003,-0.2761, 4.6799
 0.1663, 0.0000, 3.1648, 3.1415, 0.0059, 0.2107,-4.6799
 0.1665, 0.0000, 3.1648, 3.1415, 0.0133, 0.0421,-2.1597
 0.1666, 0.0000, 3.1648, 3.1415, 0.0147, 0.0084,-0.1283
 0.1664, 0.0000, 3.1648, 3.1415,-0.0152, 0.0016,-1.4400
 0.1662, 0.0000, 3.1648, 3.1415,-0.0212, 0.0003,-1.7081
 0.1659, 0.0000, 3.1615, 3.1415,-0.0285,-0.2658, 4.6799
 0.1656, 0.0000, 3.1615, 3.1415,-0.0238,-0.0531, 2.0313
 0.1657, 0.0000, 3.1615, 3.1415, 0.0012,-0.0106, 1.0008
 0.1660, 0.0000, 3.1615, 3.1415, 0.0245,-0.0021, 1.8297
 0.1665, 0.0000, 3.1615, 3.1415, 0.0412,-0.0004, 2.6919
 0.1671, 0.0000, 3.1648, 3.1415, 0.0567, 0.2658,-4.6799
 0.1675, 0.0000, 3.1681, 3.1415, 0.0477, 0.3191,-4.6799
 0.1678, 0.0000, 3.1681, 3.1415, 0.0277, 0.0638,-3.3770
 0.1676, 0.0000, 3.1681, 3.1415,-0.0065, 0.0127,-2.3730
 0.1672, 0.0000, 3.1648, 3.1415,-0.0316,-0.2634, 4.6799
 0.1671, 0.0000, 3.1648, 3.1415,-0.0123,-0.0526, 1.8790
 0.1672, 0.0000, 3.1648, 3.1415, 0.0035,-0.0105, 0.3523
 0.1674, 0.0000, 3.1648, 3.1415, 0.0128,-0.0021, 0.3932
 0.1677, 0.0000, 3.1648, 3.1415, 0.0268,-0.0004, 1.0940
 0.1683, 0.0000, 3.1681, 3.1415, 0.0538, 0.2658,-4.6799
 0.1686, 0.0000, 3.1681, 3.1415, 0.0350, 0.0531,-2.3252
 0.1685, 0.0000, 3.1681, 3.1415, 0.0009, 0.0106,-1.7973
 0.1684, 0.0000, 3.1681, 3.1415,-0.0119, 0.0021,-2.0379
 0.1681, 0.0000, 3.1681, 3.1415,-0.0205, 0.0004,-2.4342
 0.1678, 0.0000, 3.1681, 3.1415,-0.0344, 0.0000,-3.2080
 0.1671, 0.0000, 3.1648, 3.1415,-0.0553,-0.2659, 4.6799
 0.1670, 0.0000, 3.1648, 3.1415,-0.0232,-0.0531, 1.2934
 0.1670, 0.0000, 3.1648, 3.1415,-0.0046,-0.0106,-0.1129
 0.1670, 0.0000, 3.1648, 3.1415,-0.0009,-0.0021,-0.3942
 0.1668, 0.0000, 3.1648, 3.1415,-0.0123,-0.0004,-1.1393
 0.1668, 0.0000, 3.1648, 3.1415,-0.0085,-0.0000,-0.9477
 0.1667, 0.0000, 3.1648, 3.1415,-0.0077,-0.0000,-0.9113
 0.1664, 0.0000, 3.1615, 3.1415,-0.0258,-0.2659, 4.6799
 0.1663, 0.0000, 3.1615, 3.1415,-0.0112,-0.0531, 2.7680
 0.1666, 0.0000, 3.1615, 3.1415, 0.0220,-0.0106, 2.1984
 0.1671, 0.0000, 3.1648, 3.1415, 0.0407, 0.2638,-4.6799
 0.1671, 0.0000, 3.1648, 3.1415, 0.0142, 0.0527,-2.7000
 0.1671, 0.0000, 3.1648, 3.1415, 0.0028, 0.0105,-0.9078
 0.1670, 0.0000, 3.1648, 3.1415,-0.0115, 0.0021,-1.2381
 0.1667, 0.0000, 3.1648, 3.1415,-0.0265, 0.0004,-1.9967
 0.1663, 0.0000, 3.1648, 3.1415,-0.0356, 0.0000,-2.5005
 0.1658, 0.0000, 3.1615, 3.1415,-0.0495,-0.2659, 4.6799
 0.1654, 0.0000, 3.1615, 3.1415,-0.0402,-0.0531, 1.1031
 0.1654, 0.0000, 3.1615, 3.1415,-0.0080,-0.0106, 0.4650
 0.1656, 0.0000, 3.1615, 3.1415, 0.0165,-0.0021, 1.3705
 0.1659, 0.0000, 3.1615, 3.1415, 0.0215,-0.0004, 1.5573
 0.1663, 0.0000, 3.1648, 3.1415, 0.0406, 0.2658,-4.6799
 0.1666, 0.0000, 3.1648, 3.1415, 0.0323, 0.0531,-1.7156
 0.1667, 0.0000, 3.1648, 3.1415, 0.0125, 0.0106,-0.3799
 0.1665, 0.0000, 3.1648, 3.1415,-0.0156, 0.0021,-1.4884
 0.1662, 0.0000, 3.1648, 3.1415,-0.0273, 0.0004,-2.0603
 0.1659, 0.0000, 3.1648, 3.1415,-0.0297, 0.0000,-2.1822
 0.1653, 0.0000, 3.1615, 3.1415,-0.0483,-0.2659, 4.6799
 0.1650, 0.0000, 3.1615, 3.1415,-0.0339,-0.0531, 1.4464
 0.1650, 0.0000, 3.1615, 3.1415,-0.0067,-0.0106, 0.5241
 0.1653, 0.0000, 3.1615, 3.1415, 0.0168,-0.0021, 1.3727
 0.1656, 0.0000, 3.1615, 3.1415, 0.0276,-0.0004, 1.8926
 0.1660, 0.0000, 3.1648, 3.1415, 0.0419, 0.2658,-4.6799
 0.1663, 0.0000, 3.1648, 3.1415, 0.0326, 0.0531,-1.7114
 0.1663, 0.0000, 3.1648, 3.1415, 0.0065, 0.0106,-0.7312
 0.1662, 0.0000, 3.1648, 3.1415,-0.0108, 0.0021,-1.2239
 0.1658, 0.0000, 3.1648, 3.1415,-0.0324, 0.0004,-2.3593
 0.1653, 0.0000, 3.1648, 3.1415,-0.0428, 0.0000,-2.9404
 0.1648, 0.0000, 3.1615, 3.1415,-0.0510,-0.2659, 4.6799
 0.1645, 0.0000, 3.1615, 3.1415,-0.0344,-0.0531, 1.4000
 0.1645, 0.0000, 3.1615, 3.1415,-0.0068,-0.0106, 0.5014
 0.1646, 0.0000, 3.1615, 3.1415, 0.0046,-0.0021, 0.6661
 0.1648, 0.0000, 3.1615, 3.1415, 0.0191,-0.0004, 1.3896
 0.1653, 0.0000, 3.1648, 3.1415, 0.0402, 0.2658,-4.6799
 0.1655, 0.0000, 3.1648, 3.1415, 0.0262, 0.0531,-2.0989
 0.1654, 0.0000, 3.1648, 3.1415,-0.0008, 0.0106,-1.1742
 0.1652, 0.0000, 3.1648, 3.1415,-0.0183, 0.0021,-1.6798
 0.1649, 0.0000, 3.1648, 3.1415,-0.0279, 0.0004,-2.1310
 0.1643, 0.0000, 3.1615, 3.1415,-0.0540,-0.2658, 4.6799
 0.1640, 0.0000, 3.1615, 3.1415,-0.0350,-0.0531, 1.3477
 0.1640, 0.0000, 3.1615, 3.1415,-0.0070,-0.0106, 0.4775
 0.1643, 0.0000, 3.1615, 3.1415, 0.0228,-0.0021, 1.6810
 0.1646, 0.0000, 3.1648, 3.1415, 0.0288, 0.2655,-4.6799
 0.1646, 0.0000, 3.1648, 3.1415, 0.0118, 0.0531,-2.9337
 0.1646, 0.0000, 3.1648, 3.1415,-0.0036, 0.0106,-1.3621
 0.1642, 0.0000, 3.1648, 3.1415,-0.0310, 0.0021,-2.4272
 0.1637, 0.0000, 3.1615, 3.1415,-0.0425,-0.2655, 4.6799
 0.1634, 0.0000, 3.1615, 3.1415,-0.0327,-0.0531, 1.4568
 0.1634, 0.0000, 3.1615, 3.1415,-0.0065,-0.0106, 0.4859
 0.1636, 0.0000, 3.1615, 3.1415, 0.0108,-0.0021, 0.9805
 0.1639, 0.0000, 3.1648, 3.1415, 0.0264, 0.2655,-4.6799
 0.1640, 0.0000, 3.1648, 3.1415, 0.0113, 0.0531,-2.9824
 0.1639, 0.0000, 3.1648, 3.1415,-0.0037, 0.0106,-1.3891
 0.1635, 0.0000, 3.1648, 3.1415,-0.0310, 0.0021,-2.4499
 0.1630, 0.0000, 3.1615, 3.1415,-0.0486,-0.2655, 4.6799
 0.1628, 0.0000, 3.1615, 3.1415,-0.0279,-0.0531, 1.7088
 0.1627, 0.0000, 3.1615, 3.1415,-0.0116,-0.0106, 0.1747
 0.1629, 0.0000, 3.1615, 3.1415, 0.0158,-0.0021, 1.2435
 0.1632, 0.0000, 3.1615, 3.1415, 0.0274,-0.0004, 1.8073
 0.1636, 0.0000, 3.1648, 3.1415, 0.0358, 0.2658,-4.6799
 0.1637, 0.0000, 3.1648, 3.1415, 0.0192, 0.0531,-2.5456
 0.1636, 0.0000, 3.1648, 3.1415,-0.0082, 0.0106,-1.6519
 0.1633, 0.0000, 3.1648, 3.1415,-0.0259, 0.0021,-2.1658
 0.1629, 0.0000, 3.1648, 3.1415,-0.0354, 0.0004,-2.6205
 0.1623, 0.0000, 3.1648, 3.1415,-0.0556, 0.0000,-3.7542
 0.1615, 0.0000, 3.1615, 3.1415,-0.0717,-0.2659, 4.6799
 0.1611, 0.0000, 3.1582, 3.1415,-0.0507,-0.3191, 4.6799
 0.1609, 0.0000, 3.1582, 3.1415,-0.0283,-0.0638, 3.0645
 0.1609, 0.0000, 3.1582, 3.1415, 0.0003,-0.0127, 1.7431
 0.1611, 0.0000, 3.1582, 3.1415, 0.0122,-0.0025, 1.8250
 0.1615, 0.0000, 3.1615, 3.1415, 0.0327, 0.2654,-4.6799
 0.1617, 0.0000, 3.1615, 3.1415, 0.0247, 0.0530,-1.4775
 0.1616, 0.0000, 3.1615, 3.1415,-0.0011, 0.0106,-0.4893
 0.1612, 0.0000, 3.1615, 3.1415,-0.0305, 0.0021,-1.6710
 0.1608, 0.0000, 3.1615, 3.1415,-0.0424, 0.0004,-2.2613
 0.1603, 0.0000, 3.1582, 3.1415,-0.0509,-0.2658, 4.6799
 0.1599, 0.0000, 3.1582, 3.1415,-0.0344,-0.0531, 2.0770
 0.1598, 0.0000, 3.1582, 3.1415,-0.0190,-0.0106, 0.4895
 0.1599, 0.0000, 3.1582, 3.1415, 0.0022,-0.0021, 1.2012
 0.1601, 0.0000, 3.1582, 3.1415, 0.0186,-0.0004, 2.0343
 0.1605, 0.0000, 3.1615, 3.1415, 0.0340, 0.2658,-4.6799
 0.1606, 0.0000, 3.1615, 3.1415, 0.0128, 0.0531,-2.1878
 0.1604, 0.0000, 3.1615, 3.1415,-0.0095, 0.0106,-1.0045
 0.1600, 0.0000, 3.1615, 3.1415,-0.0322, 0.0021,-1.8047
 0.1596, 0.0000, 3.1582, 3.1415,-0.0428,-0.2655, 4.6799
 0.1593, 0.0000, 3.1582, 3.1415,-0.0267,-0.0531, 2.4875
 0.1593, 0.0000, 3.1582, 3.1415,-0.0053,-0.0106, 1.2450
 0.1596, 0.0000, 3.1582, 3.1415, 0.0171,-0.0021, 2.0296
 0.1599, 0.0000, 3.1582, 3.1415, 0.0276,-0.0004, 2.5366
 0.1602, 0.0000, 3.1615, 3.1415, 0.0297, 0.2658,-4.6799
 0.1603, 0.0000, 3.1615, 3.1415, 0.0180, 0.0531,-1.9010
 0.1603, 0.0000, 3.1615, 3.1415,-0.0024, 0.0106,-0.6084
 0.1599, 0.0000, 3.1615, 3.1415,-0.0247, 0.0021,-1.3850
 0.1596, 0.0000, 3.1615, 3.1415,-0.0292, 0.0004,-1.5480
 0.1591, 0.0000, 3.1582, 3.1415,-0.0482,-0.2658, 4.6799
 0.1588, 0.0000, 3.1582, 3.1415,-0.0339,-0.0531, 2.0712
 0.1587, 0.0000, 3.1582, 3.1415,-0.0189,-0.0106, 0.4595
 0.1589, 0.0000, 3.1582, 3.1415, 0.0144,-0.0021, 1.8553
 0.1591, 0.0000, 3.1582, 3.1415, 0.0210,-0.0004, 2.1402
 0.1594, 0.0000, 3.1582, 3.1415, 0.0284,-0.0000, 2.5472
 0.1599, 0.0000, 3.1615, 3.1415, 0.0420, 0.2659,-4.6799
 0.1601, 0.0000, 3.1615, 3.1415, 0.0266, 0.0531,-1.4284
 0.1601, 0.0000, 3.1615, 3.1415, 0.0053, 0.0106,-0.1753
 0.1599, 0.0000, 3.1615, 3.1415,-0.0171, 0.0021,-0.9578
 0.1596, 0.0000, 3.1615, 3.1415,-0.0276, 0.0004,-1.4644
 0.1591, 0.0000, 3.1615, 3.1415,-0.0419, 0.0000,-2.2622
 0.1585, 0.0000, 3.1582, 3.1415,-0.0568,-0.2659, 4.6799
 0.1583, 0.0000, 3.1582, 3.1415,-0.0295,-0.0531, 2.3000
 0.1582, 0.0000, 3.1582, 3.1415,-0.0119,-0.0106, 0.8363
 0.1584, 0.0000, 3.1582, 3.1415, 0.0157,-0.0021, 1.9191
 0.1586, 0.0000, 3.1582, 3.1415, 0.0152,-0.0004, 1.7971
 0.1589, 0.0000, 3.1582, 3.1415, 0.0273,-0.0000, 2.4652
 0.1594, 0.0000, 3.1615, 3.1415, 0.0479, 0.2659,-4.6799
 0.1596, 0.0000, 3.1615, 3.1415, 0.0217, 0.0531,-1.7214
 0.1595, 0.0000, 3.1615, 3.1415,-0.0017, 0.0106,-0.5917
 0.1593, 0.0000, 3.1615, 3.1415,-0.0185, 0.0021,-1.0564
 0.1590, 0.0000, 3.1615, 3.1415,-0.0279, 0.0004,-1.4995
 0.1586, 0.0000, 3.1582, 3.1415,-0.0359,-0.2658, 4.6799
 0.1584, 0.0000, 3.1582, 3.1415,-0.0253,-0.0531, 2.5383
 0.1584, 0.0000, 3.1582, 3.1415, 0.0009,-0.0106, 1.5746
 0.1587, 0.0000, 3.1582, 3.1415, 0.0183,-0.0021, 2.0725
 0.1590, 0.0000, 3.1582, 3.1415, 0.0279,-0.0004, 2.5222
 0.1593, 0.0000, 3.1615, 3.1415, 0.0359, 0.2658,-4.6799
 0.1596, 0.0000, 3.1615, 3.1415, 0.0253, 0.0531,-1.5140
 0.1596, 0.0000, 3.1615, 3.1415, 0.0050, 0.0106,-0.2059
 0.1594, 0.0000, 3.1615, 3.1415,-0.0111, 0.0021,-0.6330
 0.1590, 0.0000, 3.1615, 3.1415,-0.0325, 0.0004,-1.7553
 0.1586, 0.0000, 3.1582, 3.1415,-0.0428,-0.2658, 4.6799
 0.1584, 0.0000, 3.1582, 3.1415,-0.0207,-0.0531, 2.8040
 0.1585, 0.0000, 3.1582, 3.1415, 0.0019,-0.0106, 1.6296
 0.1587, 0.0000, 3.1582, 3.1415, 0.0185,-0.0021, 2.0855
 0.1590, 0.0000, 3.1582, 3.1415, 0.0219,-0.0004, 2.1824
 0.1594, 0.0000, 3.1582, 3.1415, 0.0407,-0.0000, 3.2406
 0.1600, 0.0000, 3.1615, 3.1415, 0.0566, 0.2659,-4.6799
 0.1604, 0.0000, 3.1615, 3.1415, 0.0416, 0.0531,-0.5704
 0.1604, 0.0000, 3.1648, 3.1415, 0.0083, 0.2765,-4.6799
 0.1602, 0.0000, 3.1648, 3.1415,-0.0165, 0.0553,-4.6799
 0.1599, 0.0000, 3.1615, 3.1415,-0.0275,-0.2548, 4.6799
 0.1596, 0.0000, 3.1615, 3.1415,-0.0297,-0.0509, 1.3816
 0.1596, 0.0000, 3.1615, 3.1415,-0.0059,-0.0101, 0.3732
 0.1597, 0.0000, 3.1615, 3.1415, 0.0109,-0.0020, 0.8602
 0.1599, 0.0000, 3.1615, 3.1415, 0.0143,-0.0004, 0.9614
 0.1601, 0.0000, 3.1615, 3.1415, 0.0210,-0.0000, 1.3299
 0.1605, 0.0000, 3.1615, 3.1415, 0.0345,-0.0000, 2.0981
 0.1609, 0.0000, 3.1615, 3.1415, 0.0372,-0.0000, 2.2613
 0.1614, 0.0000, 3.1648, 3.1415, 0.0498, 0.2659,-4.6799
 0.1616, 0.0000, 3.1648, 3.1415, 0.0281, 0.0531,-2.1128
 0.1616, 0.0000, 3.1648, 3.1415, 0.0056, 0.0106,-0.9302
 0.1613, 0.0000, 3.1648, 3.1415,-0.0231, 0.0021,-2.0712
 0.1609, 0.0000, 3.1648, 3.1415,-0.0349, 0.0004,-2.6514
 0.1604, 0.0000, 3.1615, 3.1415,-0.0494,-0.2658, 4.6799
 0.1599, 0.0000, 3.1582, 3.1415,-0.0462,-0.3191, 4.6799
 0.1598, 0.0000, 3.1582, 3.1415,-0.0213,-0.0638, 3.4232
 0.1600, 0.0000, 3.1582, 3.1415, 0.0139,-0.0127, 2.4767
 0.1603, 0.0000, 3.1582, 3.1415, 0.0270,-0.0025, 2.6375
 0.1609, 0.0000, 3.1615, 3.1415, 0.0478, 0.2654,-4.6799
 0.1612, 0.0000, 3.1615, 3.1415, 0.0338, 0.0530,-0.9820
 0.1611, 0.0000, 3.1615, 3.1415, 0.0007, 0.0106,-0.4036
 0.1609, 0.0000, 3.1615, 3.1415,-0.0119, 0.0021,-0.6342
 0.1606, 0.0000, 3.1615, 3.1415,-0.0327, 0.0004,-1.7173
 0.1600, 0.0000, 3.1582, 3.1415,-0.0489,-0.2658, 4.6799
 0.1599, 0.0000, 3.1582, 3.1415,-0.0219,-0.0531, 2.7807
 0.1599, 0.0000, 3.1582, 3.1415, 0.0016,-0.0106, 1.6614
 0.1600, 0.0000, 3.1582, 3.1415, 0.0063,-0.0021, 1.4395
 0.1602, 0.0000, 3.1582, 3.1415, 0.0134,-0.0004, 1.7413
 0.1606, 0.0000, 3.1582, 3.1415, 0.0329,-0.0000, 2.8387
 0.1611, 0.0000, 3.1615, 3.1415, 0.0490, 0.2659,-4.6799
 0.1612, 0.0000, 3.1615, 3.1415, 0.0219, 0.0531,-1.6558
 0.1612, 0.0000, 3.1615, 3.1415, 0.0043, 0.0106,-0.1921
 0.1611, 0.0000, 3.1615, 3.1415,-0.0112, 0.0021,-0.5881
 0.1606, 0.0000, 3.1582, 3.1415,-0.0386,-0.2655, 4.6799
 0.1605, 0.0000, 3.1582, 3.1415,-0.0198,-0.0531, 2.9128
 0.1606, 0.0000, 3.1582, 3.1415, 0.0081,-0.0106, 2.0475
 0.1608, 0.0000, 3.1582, 3.1415, 0.0137,-0.0021, 1.8783
 0.1610, 0.0000, 3.1582, 3.1415, 0.0209,-0.0004, 2.1927
 0.1616, 0.0000, 3.1582, 3.1415, 0.0526,-0.0000, 3.9831
 0.1623, 0.0000, 3.1615, 3.1415, 0.0651, 0.2659,-4.6799
 0.1624, 0.0000, 3.1615, 3.1415, 0.0190, 0.0531,-1.7806
 0.1624, 0.0000, 3.1615, 3.1415, 0.0098, 0.0106, 0.1559
 0.1626, 0.0000, 3.1615, 3.1415, 0.0141, 0.0021, 0.8896
 0.1624, 0.0000, 3.1615, 3.1415,-0.0093, 0.0004,-0.3372
 0.1624, 0.0000, 3.1615, 3.1415,-0.0018, 0.0000, 0.1022
 0.1626, 0.0000, 3.1615, 3.1415, 0.0117, 0.0000, 0.8789
 0.1626, 0.0000, 3.1615, 3.1415, 0.0023, 0.0000, 0.3493
 0.1628, 0.0000, 3.1615, 3.1415, 0.0186, 0.0000, 1.2765
 0.1631, 0.0000, 3.1615, 3.1415, 0.0279, 0.0000, 1.8120
 0.1634, 0.0000, 3.1615, 3.1415, 0.0298, 0.0000, 1.9268
 0.1639, 0.0000, 3.1648, 3.1415, 0.0423, 0.2659,-4.6799
 0.1642, 0.0000, 3.1648, 3.1415, 0.0327, 0.0531,-1.7744
 0.1643, 0.0000, 3.1648, 3.1415, 0.0126, 0.0106,-0.4530
 0.1639, 0.0000, 3.1648, 3.1415,-0.0277, 0.0021,-2.2531
 0.1636, 0.0000, 3.1648, 3.1415,-0.0298, 0.0004,-2.2783
 0.1633, 0.0000, 3.1615, 3.1415,-0.0302,-0.2658, 4.6799
 0.1630, 0.0000, 3.1615, 3.1415,-0.0302,-0.0531, 1.5860
 0.1630, 0.0000, 3.1582, 3.1415,-0.0060,-0.2765, 4.6799
 0.1633, 0.0000, 3.1582, 3.1415, 0.0230,-0.0553, 4.6799
 0.1639, 0.0000, 3.1615, 3.1415, 0.0531, 0.2548,-4.6799
 0.1642, 0.0000, 3.1615, 3.1415, 0.0348, 0.0509,-0.7052
 0.1642, 0.0000, 3.1615, 3.1415, 0.0069, 0.0101, 0.0727
 0.1644, 0.0000, 3.1615, 3.1415, 0.0195, 0.0020, 1.2614
 0.1645, 0.0000, 3.1615, 3.1415, 0.0099, 0.0004, 0.8161
 0.1645, 0.0000, 3.1615, 3.1415, 0.0019, 0.0000, 0.3846
 0.1648, 0.0000, 3.1648, 3.1415, 0.0246, 0.2659,-4.6799
 0.1649, 0.0000, 3.1648, 3.1415, 0.0170, 0.0531,-2.6342
 0.1646, 0.0000, 3.1648, 3.1415,-0.0208, 0.0106,-2.3277
 0.1644, 0.0000, 3.1615, 3.1415,-0.0223,-0.2638, 4.6799
 0.1643, 0.0000, 3.1615, 3.1415,-0.0165,-0.0527, 2.3758
 0.1643, 0.0000, 3.1615, 3.1415,-0.0033,-0.0105, 0.6908
 0.1644, 0.0000, 3.1615, 3.1415, 0.0114,-0.0021, 1.0425
 0.1649, 0.0000, 3.1615, 3.1415, 0.0386,-0.0004, 2.4942
 0.1656, 0.0000, 3.1615, 3.1415, 0.0623,-0.0000, 3.8291
 0.1661, 0.0000, 3.1648, 3.1415, 0.0549, 0.2659,-4.6799
 0.1664, 0.0000, 3.1681, 3.1415, 0.0352, 0.3191,-4.6799
 0.1666, 0.0000, 3.1681, 3.1415, 0.0252, 0.0638,-3.5540
 0.1664, 0.0000, 3.1681, 3.1415,-0.0131, 0.0127,-2.7815
 0.1661, 0.0000, 3.1648, 3.1415,-0.0268,-0.2634, 4.6799
 0.1660, 0.0000, 3.1648, 3.1415,-0.0114,-0.0526, 1.8967
 0.1661, 0.0000, 3.1648, 3.1415, 0.0037,-0.0105, 0.3270
 0.1661, 0.0000, 3.1648, 3.1415, 0.0007,-0.0021,-0.3292
 0.1662, 0.0000, 3.1648, 3.1415, 0.0122,-0.0004, 0.2282
 0.1667, 0.0000, 3.1648, 3.1415, 0.0388,-0.0000, 1.7210
 0.1668, 0.0000, 3.1648, 3.1415, 0.0198,-0.0000, 0.6535
 0.1671, 0.0000, 3.1648, 3.1415, 0.0282,-0.0000, 1.1327
 0.1676, 0.0000, 3.1681, 3.1415, 0.0420, 0.2659,-4.6799
 0.1680, 0.0000, 3.1681, 3.1415, 0.0387, 0.0531,-2.1370
 0.1679, 0.0000, 3.1681, 3.1415, 0.0016, 0.0106,-1.7749
 0.1678, 0.0000, 3.1681, 3.1415,-0.0057, 0.0021,-1.7044
 0.1676, 0.0000, 3.1681, 3.1415,-0.0193, 0.0004,-2.3810
 0.1671, 0.0000, 3.1681, 3.1415,-0.0402, 0.0000,-3.5550
 0.1668, 0.0000, 3.1648, 3.1415,-0.0383,-0.2659, 4.6799
 0.1667, 0.0000, 3.1648, 3.1415,-0.0137,-0.0531, 1.8179
 0.1667, 0.0000, 3.1648, 3.1415,-0.0027,-0.0106,-0.0157
 0.1665, 0.0000, 3.1648, 3.1415,-0.0126,-0.0021,-1.0712
 0.1665, 0.0000, 3.1648, 3.1415,-0.0085,-0.0004,-0.9417
 0.1665, 0.0000, 3.1648, 3.1415,-0.0017,-0.0000,-0.5734
 0.1662, 0.0000, 3.1648, 3.1415,-0.0185,-0.0000,-1.5328
 0.1659, 0.0000, 3.1615, 3.1415,-0.0279,-0.2659, 4.6799
 0.1659, 0.0000, 3.1615, 3.1415,-0.0055,-0.0531, 3.0737
 0.1661, 0.0000, 3.1615, 3.1415, 0.0110,-0.0106, 1.5613
 0.1664, 0.0000, 3.1615, 3.1415, 0.0264,-0.0021, 1.9513
 0.1669, 0.0000, 3.1648, 3.1415, 0.0477, 0.2655,-4.6799
 0.1672, 0.0000, 3.1648, 3.1415, 0.0338, 0.0531,-1.6130
 0.1673, 0.0000, 3.1648, 3.1415, 0.0128, 0.0106,-0.3441
 0.1673, 0.0000, 3.1648, 3.1415, 0.0025, 0.0021,-0.4328
 0.1671, 0.0000, 3.1648, 3.1415,-0.0116, 0.0004,-1.1392
 0.1667, 0.0000, 3.1648, 3.1415,-0.0387, 0.0000,-2.6619
 0.1661, 0.0000, 3.1648, 3.1415,-0.0562, 0.0000,-3.6667
 0.1656, 0.0000, 3.1615, 3.1415,-0.0476,-0.2659, 4.6799
 0.1654, 0.0000, 3.1615, 3.1415,-0.0277,-0.0531, 1.8091
 0.1653, 0.0000, 3.1582, 3.1415,-0.0116,-0.2765, 4.6799
 0.1656, 0.0000, 3.1615, 3.1415, 0.0158, 0.2106,-4.6799
 0.1657, 0.0000, 3.1615, 3.1415, 0.0153, 0.0421,-1.2510
 0.1657, 0.0000, 3.1615, 3.1415, 0.0030, 0.0084, 0.0018
 0.1657, 0.0000, 3.1615, 3.1415, 0.0006, 0.0016, 0.2524
 0.1658, 0.0000, 3.1615, 3.1415, 0.0061, 0.0003, 0.6469
 0.1659, 0.0000, 3.1615, 3.1415, 0.0073, 0.0000, 0.7277
 0.1660, 0.0000, 3.1615, 3.1415, 0.0135, 0.0000, 1.0902
 0.1665, 0.0000, 3.1648, 3.1415, 0.0390, 0.2659,-4.6799
 0.1667, 0.0000, 3.1648, 3.1415, 0.0260, 0.0531,-2.0741
 0.1665, 0.0000, 3.1648, 3.1415,-0.0069, 0.0106,-1.4829
 0.1663, 0.0000, 3.1648, 3.1415,-0.0195, 0.0021,-1.7128
 0.1660, 0.0000, 3.1648, 3.1415,-0.0281, 0.0004,-2.1089
 0.1656, 0.0000, 3.1615, 3.1415,-0.0420,-0.2658, 4.6799
 0.1653, 0.0000, 3.1615, 3.1415,-0.0326,-0.0531, 1.5248
 0.1653, 0.0000, 3.1615, 3.1415,-0.0065,-0.0106, 0.5455
 0.1656, 0.0000, 3.1615, 3.1415, 0.0229,-0.0021, 1.7271
 0.1659, 0.0000, 3.1615, 3.1415, 0.0288,-0.0004, 1.9711
 0.1662, 0.0000, 3.1615, 3.1415, 0.0300,-0.0000, 2.0276
 0.1668, 0.0000, 3.1648, 3.1415, 0.0605, 0.2659,-4.6799
 0.1673, 0.0000, 3.1681, 3.1415, 0.0484, 0.3191,-4.6799
 0.1674, 0.0000, 3.1681, 3.1415, 0.0157, 0.0638,-4.0644
 0.1673, 0.0000, 3.1681, 3.1415,-0.0029, 0.0127,-2.1758
 0.1670, 0.0000, 3.1681, 3.1415,-0.0248, 0.0025,-2.8330
 0.1664, 0.0000, 3.1648, 3.1415,-0.0534,-0.2654, 4.6799
 0.1661, 0.0000, 3.1648, 3.1415,-0.0349,-0.0530, 0.5967
 0.1661, 0.0000, 3.1648, 3.1415,-0.0069,-0.0106,-0.2753
 0.1661, 0.0000, 3.1648, 3.1415,-0.0013,-0.0021,-0.4497
 0.1660, 0.0000, 3.1648, 3.1415,-0.0063,-0.0004,-0.8289
 0.1659, 0.0000, 3.1648, 3.1415,-0.0073,-0.0000,-0.9067
 0.1658, 0.0000, 3.1648, 3.1415,-0.0135,-0.0000,-1.2685
 0.1653, 0.0000, 3.1615, 3.1415,-0.0390,-0.2659, 4.6799
 0.1652, 0.0000, 3.1615, 3.1415,-0.0199,-0.0531, 2.2402
 0.1653, 0.0000, 3.1615, 3.1415, 0.0081,-0.0106, 1.3754
 0.1656, 0.0000, 3.1615, 3.1415, 0.0258,-0.0021, 1.8950
 0.1660, 0.0000, 3.1648, 3.1415, 0.0354, 0.2655,-4.6799
 0.1663, 0.0000, 3.1648, 3.1415, 0.0313, 0.0531,-1.7798
 0.1665, 0.0000, 3.1648, 3.1415, 0.0183, 0.0106,-0.0561
 0.1662, 0.0000, 3.1648, 3.1415,-0.0145, 0.0021,-1.4294
 0.1659, 0.0000, 3.1648, 3.1415,-0.0271, 0.0004,-2.0542
 0.1655, 0.0000, 3.1648, 3.1415,-0.0418, 0.0000,-2.8755
 0.1649, 0.0000, 3.1615, 3.1415,-0.0568,-0.2659, 4.6799
 0.1646, 0.0000, 3.1615, 3.1415,-0.0295,-0.0531, 1.6808
 0.1647, 0.0000, 3.1615, 3.1415, 0.0001,-0.0106, 0.9057
 0.1649, 0.0000, 3.1615, 3.1415, 0.0121,-0.0021, 1.0970
 0.1650, 0.0000, 3.1615, 3.1415, 0.0145,-0.0004, 1.1391
 0.1653, 0.0000, 3.1648, 3.1415, 0.0271, 0.2658,-4.6799
 0.1656, 0.0000, 3.1648, 3.1415, 0.0296, 0.0531,-1.8992
 0.1656, 0.0000, 3.1648, 3.1415,-0.0001, 0.0106,-1.1303
 0.1652, 0.0000, 3.1648, 3.1415,-0.0303, 0.0021,-2.3560
 0.1649, 0.0000, 3.1648, 3.1415,-0.0303, 0.0004,-2.2663
 0.1643, 0.0000, 3.1615, 3.1415,-0.0485,-0.2658, 4.6799
 0.1640, 0.0000, 3.1615, 3.1415,-0.0339,-0.0531, 1.4132
 0.1640, 0.0000, 3.1615, 3.1415,-0.0128,-0.0106, 0.1481
 0.1641, 0.0000, 3.1615, 3.1415, 0.0095,-0.0021, 0.9264
 0.1645, 0.0000, 3.1615, 3.1415, 0.0322,-0.0004, 2.1189
 0.1649, 0.0000, 3.1648, 3.1415, 0.0428, 0.2658,-4.6799
 0.1652, 0.0000, 3.1648, 3.1415, 0.0267, 0.0531,-2.0789
 0.1652, 0.0000, 3.1648, 3.1415, 0.0053, 0.0106,-0.8334
 0.1649, 0.0000, 3.1648, 3.1415,-0.0231, 0.0021,-1.9618
 0.1646, 0.0000, 3.1648, 3.1415,-0.0288, 0.0004,-2.1951
 0.1640, 0.0000, 3.1648, 3.1415,-0.0542, 0.0000,-3.6270
 0.1632, 0.0000, 3.1615, 3.1415,-0.0714,-0.2659, 4.6799
 0.1628, 0.0000, 3.1582, 3.1415,-0.0446,-0.3191, 4.6799
 0.1628, 0.0000, 3.1582, 3.1415,-0.0149,-0.0638, 3.8773
 0.1630, 0.0000, 3.1582, 3.1415, 0.0151,-0.0127, 2.6423
 0.1634, 0.0000, 3.1615, 3.1415, 0.0333, 0.2634,-4.6799
 0.1635, 0.0000, 3.1615, 3.1415, 0.0187, 0.0526,-1.7317
 0.1635, 0.0000, 3.1615, 3.1415, 0.0037, 0.0105,-0.1498
 0.1634, 0.0000, 3.1615, 3.1415,-0.0113, 0.0021,-0.5221
 0.1629, 0.0000, 3.1615, 3.1415,-0.0386, 0.0004,-1.9779
 0.1624, 0.0000, 3.1615, 3.1415,-0.0501, 0.0000,-2.6249
 0.1618, 0.0000, 3.1582, 3.1415,-0.0585,-0.2659, 4.6799
 0.1614, 0.0000, 3.1582, 3.1415,-0.0420,-0.0531, 1.6956
 0.1612, 0.0000, 3.1548, 3.1415,-0.0265,-0.2765, 4.6799
 0.1613, 0.0000, 3.1548, 3.1415, 0.0068,-0.0553, 4.6799
 0.1617, 0.0000, 3.1582, 3.1415, 0.0316, 0.2548,-4.6799
 0.1619, 0.0000, 3.1582, 3.1415, 0.0245, 0.0509,-0.5403
 0.1620, 0.0000, 3.1615, 3.1415, 0.0109, 0.2761,-4.6799
 0.1617, 0.0000, 3.1615, 3.1415,-0.0220, 0.0552,-4.2406
 0.1612, 0.0000, 3.1582, 3.1415,-0.0468,-0.2549, 4.6799
 0.1608, 0.0000, 3.1548, 3.1415,-0.0396,-0.3169, 4.6799
 0.1607, 0.0000, 3.1548, 3.1415,-0.0140,-0.0633, 4.6633
 0.1609, 0.0000, 3.1548, 3.1415, 0.0093,-0.0126, 3.0597
 0.1612, 0.0000, 3.1582, 3.1415, 0.0261, 0.2634,-4.6799
 0.1613, 0.0000, 3.1582, 3.1415, 0.0173, 0.0526,-1.0626
 0.1614, 0.0000, 3.1582, 3.1415, 0.0095, 0.0105, 0.9291
 0.1613, 0.0000, 3.1582, 3.1415,-0.0041, 0.0021, 0.6407
 0.1614, 0.0000, 3.1582, 3.1415, 0.0052, 0.0004, 1.2698
 0.1615, 0.0000, 3.1582, 3.1415, 0.0071, 0.0000, 1.3976
 0.1617, 0.0000, 3.1582, 3.1415, 0.0196, 0.0000, 2.1138
 0.1621, 0.0000, 3.1615, 3.1415, 0.0403, 0.2659,-4.6799
 0.1622, 0.0000, 3.1615, 3.1415, 0.0141, 0.0531,-2.0655
 0.1620, 0.0000, 3.1615, 3.1415,-0.0153, 0.0106,-1.2822
 0.1617, 0.0000, 3.1615, 3.1415,-0.0273, 0.0021,-1.4757
 0.1613, 0.0000, 3.1582, 3.1415,-0.0357,-0.2655, 4.6799
 0.1611, 0.0000, 3.1582, 3.1415,-0.0253,-0.0531, 2.6221
 0.1611, 0.0000, 3.1582, 3.1415,-0.0050,-0.0106, 1.3160
 0.1613, 0.0000, 3.1582, 3.1415, 0.0171,-0.0021, 2.0879
 0.1615, 0.0000, 3.1582, 3.1415, 0.0216,-0.0004, 2.2480
 0.1619, 0.0000, 3.1615, 3.1415, 0.0346, 0.2658,-4.6799
 0.1621, 0.0000, 3.1615, 3.1415, 0.0251, 0.0531,-1.4468
 0.1620, 0.0000, 3.1615, 3.1415,-0.0071, 0.0106,-0.8160
 0.1617, 0.0000, 3.1615, 3.1415,-0.0256, 0.0021,-1.3824
 0.1614, 0.0000, 3.1582, 3.1415,-0.0293,-0.2655, 4.6799
 0.1612, 0.0000, 3.1582, 3.1415,-0.0240,-0.0531, 2.6966
 0.1611, 0.0000, 3.1582, 3.1415,-0.0108,-0.0106, 0.9884
 0.1612, 0.0000, 3.1582, 3.1415, 0.0099,-0.0021, 1.6780
 0.1616, 0.0000, 3.1582, 3.1415, 0.0323,-0.0004, 2.8528
 0.1621, 0.0000, 3.1582, 3.1415, 0.0489,-0.0000, 3.7862
 0.1628, 0.0000, 3.1615, 3.1415, 0.0582, 0.2659,-4.6799
 0.1631, 0.0000, 3.1648, 3.1415, 0.0359, 0.3191,-4.6799
 0.1632, 0.0000, 3.1648, 3.1415, 0.0193, 0.0638,-3.1755
 0.1630, 0.0000, 3.1648, 3.1415,-0.0143, 0.0127,-2.1356
 0.1624, 0.0000, 3.1615, 3.1415,-0.0453,-0.2633, 4.6799
 0.1621, 0.0000, 3.1582, 3.1415,-0.0393,-0.3186, 4.6799
 0.1620, 0.0000, 3.1582, 3.1415,-0.0139,-0.0637, 3.9066
 0.1623, 0.0000, 3.1582, 3.1415, 0.0214,-0.0127, 2.9733
 0.1628, 0.0000, 3.1615, 3.1415, 0.0406, 0.2634,-4.6799
 0.1631, 0.0000, 3.1615, 3.1415, 0.0323, 0.0526,-0.9797
 0.1631, 0.0000, 3.1615, 3.1415, 0.0125, 0.0105, 0.3335
 0.1631, 0.0000, 3.1615, 3.1415, 0.0025, 0.0021, 0.2536
 0.1633, 0.0000, 3.1615, 3.1415, 0.0126, 0.0004, 0.9263
 0.1634, 0.0000, 3.1615, 3.1415, 0.0085, 0.0000, 0.7204
 0.1635, 0.0000, 3.1615, 3.1415, 0.0138, 0.0000, 1.0254
 0.1638, 0.0000, 3.1648, 3.1415, 0.0270, 0.2659,-4.6799
 0.1640, 0.0000, 3.1648, 3.1415, 0.0235, 0.0531,-2.2941
 0.1639, 0.0000, 3.1648, 3.1415,-0.0074, 0.0106,-1.5939
 0.1635, 0.0000, 3.1648, 3.1415,-0.0317, 0.0021,-2.4909
 0.1631, 0.0000, 3.1615, 3.1415,-0.0427,-0.2655, 4.6799
 0.1628, 0.0000, 3.1615, 3.1415,-0.0267,-0.0531, 1.7780
 0.1628, 0.0000, 3.1582, 3.1415,-0.0053,-0.2765, 4.6799
 0.1631, 0.0000, 3.1582, 3.1415, 0.0171,-0.0553, 4.6799
 0.1637, 0.0000, 3.1615, 3.1415, 0.0519, 0.2548,-4.6799
 0.1640, 0.0000, 3.1615, 3.1415, 0.0346, 0.0509,-0.7257
 0.1640, 0.0000, 3.1648, 3.1415, 0.0129, 0.2761,-4.6799
 0.1639, 0.0000, 3.1648, 3.1415,-0.0095, 0.0552,-4.2846
 0.1634, 0.0000, 3.1615, 3.1415,-0.0443,-0.2548, 4.6799
 0.1631, 0.0000, 3.1615, 3.1415,-0.0331,-0.0509, 1.3025
 0.1631, 0.0000, 3.1582, 3.1415,-0.0066,-0.2761, 4.6799
 0.1633, 0.0000, 3.1582, 3.1415, 0.0168,-0.0552, 4.6799
 0.1637, 0.0000, 3.1615, 3.1415, 0.0336, 0.2549,-4.6799
 0.1639, 0.0000, 3.1615, 3.1415, 0.0249, 0.0509,-1.2760
 0.1640, 0.0000, 3.1615, 3.1415, 0.0110, 0.0101, 0.2952
 0.1640, 0.0000, 3.1615, 3.1415, 0.0022, 0.0020, 0.2670
 0.1640, 0.0000, 3.1615, 3.1415, 0.0065, 0.0004, 0.6058
 0.1641, 0.0000, 3.1615, 3.1415, 0.0073, 0.0000, 0.6754
 0.1644, 0.0000, 3.1615, 3.1415, 0.0257, 0.0000, 1.7244
 0.1648, 0.0000, 3.1615, 3.1415, 0.0354, 0.0000, 2.2862
 0.1653, 0.0000, 3.1648, 3.1415, 0.0434, 0.2659,-4.6799
 0.1654, 0.0000, 3.1648, 3.1415, 0.0208, 0.0531,-2.4074
 0.1654, 0.0000, 3.1648, 3.1415, 0.0041, 0.0106,-0.8934
 0.1652, 0.0000, 3.1648, 3.1415,-0.0173, 0.0021,-1.6237
 0.1648, 0.0000, 3.1648, 3.1415,-0.0337, 0.0004,-2.4642
 0.1643, 0.0000, 3.1615, 3.1415,-0.0431,-0.2658, 4.6799
 0.1640, 0.0000, 3.1615, 3.1415,-0.0328,-0.0531, 1.4738
 0.1640, 0.0000, 3.1582, 3.1415,-0.0126,-0.2765, 4.6799
 0.1642, 0.0000, 3.1582, 3.1415, 0.0156,-0.0553, 4.6799
 0.1646, 0.0000, 3.1615, 3.1415, 0.0395, 0.2548,-4.6799
 0.1649, 0.0000, 3.1615, 3.1415, 0.0260, 0.0509,-1.1790
 0.1650, 0.0000, 3.1648, 3.1415, 0.0173, 0.2761,-4.6799
 0.1648, 0.0000, 3.1648, 3.1415,-0.0147, 0.0552,-4.5487
 0.1643, 0.0000, 3.1615, 3.1415,-0.0393,-0.2548, 4.6799
 0.1640, 0.0000, 3.1582, 3.1415,-0.0321,-0.3169, 4.6799
 0.1640, 0.0000, 3.1582, 3.1415,-0.0064,-0.0633, 4.3755
 0.1644, 0.0000, 3.1582, 3.1415, 0.0290,-0.0126, 3.4632
 0.1649, 0.0000, 3.1615, 3.1415, 0.0482, 0.2634,-4.6799
 0.1653, 0.0000, 3.1615, 3.1415, 0.0339, 0.0526,-0.8248
 0.1654, 0.0000, 3.1648, 3.1415, 0.0189, 0.2764,-4.6799
 0.1653, 0.0000, 3.1648, 3.1415,-0.0022, 0.0552,-3.8343
 0.1648, 0.0000, 3.1615, 3.1415,-0.0428,-0.2548, 4.6799
 0.1646, 0.0000, 3.1582, 3.1415,-0.0267,-0.3169, 4.6799
 0.1646, 0.0000, 3.1582, 3.1415, 0.0007,-0.0633, 4.6799
 0.1649, 0.0000, 3.1582, 3.1415, 0.0243,-0.0126, 3.2185
 0.1654, 0.0000, 3.1615, 3.1415, 0.0412, 0.2634,-4.6799
 0.1656, 0.0000, 3.1615, 3.1415, 0.0264, 0.0526,-1.2337
 0.1659, 0.0000, 3.1615, 3.1415, 0.0234, 0.0105, 1.0365
 0.1659, 0.0000, 3.1615, 3.1415, 0.0107, 0.0021, 0.8075
 0.1661, 0.0000, 3.1615, 3.1415, 0.0142, 0.0004, 1.1081
 0.1663, 0.0000, 3.1648, 3.1415, 0.0210, 0.2660,-4.6799
 0.1664, 0.0000, 3.1648, 3.1415, 0.0102, 0.0532,-2.9722
 0.1662, 0.0000, 3.1648, 3.1415,-0.0100, 0.0106,-1.6701
 0.1659, 0.0000, 3.1648, 3.1415,-0.0262, 0.0021,-2.1023
 0.1656, 0.0000, 3.1615, 3.1415,-0.0355,-0.2655, 4.6799
 0.1653, 0.0000, 3.1615, 3.1415,-0.0313,-0.0531, 1.5935
 0.1653, 0.0000, 3.1615, 3.1415,-0.0002,-0.0106, 0.9036
 0.1656, 0.0000, 3.1615, 3.1415, 0.0242,-0.0021, 1.8006
 0.1662, 0.0000, 3.1615, 3.1415, 0.0472,-0.0004, 3.0208
 0.1667, 0.0000, 3.1615, 3.1415, 0.0519,-0.0000, 3.2783
 0.1674, 0.0000, 3.1648, 3.1415, 0.0649, 0.2659,-4.6799
 0.1679, 0.0000, 3.1681, 3.1415, 0.0554, 0.3191,-4.6799
 0.1682, 0.0000, 3.1681, 3.1415, 0.0353, 0.0638,-2.9339
 0.1681, 0.0000, 3.1681, 3.1415, 0.0010, 0.0127,-1.9285
 0.1679, 0.0000, 3.1681, 3.1415,-0.0179, 0.0025,-2.4181
 0.1676, 0.0000, 3.1681, 3.1415,-0.0278, 0.0005,-2.8662
 0.1671, 0.0000, 3.1648, 3.1415,-0.0480,-0.2658, 4.6799
 0.1668, 0.0000, 3.1648, 3.1415,-0.0338,-0.0531, 0.6846
 0.1668, 0.0000, 3.1648, 3.1415,-0.0007,-0.0106, 0.1038
 0.1671, 0.0000, 3.1648, 3.1415, 0.0180,-0.0021, 0.6783
 0.1673, 0.0000, 3.1648, 3.1415, 0.0217,-0.0004, 0.7990
 0.1678, 0.0000, 3.1648, 3.1415, 0.0407,-0.0000, 1.8620
 0.1684, 0.0000, 3.1681, 3.1415, 0.0627, 0.2659,-4.6799
 0.1688, 0.0000, 3.1681, 3.1415, 0.0428, 0.0531,-1.8771
 0.1688, 0.0000, 3.1715, 3.1415, 0.0085, 0.2765,-4.6799
 0.1687, 0.0000, 3.1715, 3.1415,-0.0043, 0.0553,-4.6799
 0.1685, 0.0000, 3.1681, 3.1415,-0.0190,-0.2548, 4.6799
 0.1684, 0.0000, 3.1681, 3.1415,-0.0159,-0.0509, 0.7983
 0.1684, 0.0000, 3.1681, 3.1415,-0.0031,-0.0101,-0.8339
 0.1684, 0.0000, 3.1681, 3.1415, 0.0054,-0.0020,-0.8160
 0.1684, 0.0000, 3.1681, 3.1415,-0.0049,-0.0004,-1.4992
 0.1683, 0.0000, 3.1681, 3.1415,-0.0070,-0.0000,-1.6378
 0.1680, 0.0000, 3.1681, 3.1415,-0.0256,-0.0000,-2.7005
 0.1675, 0.0000, 3.1681, 3.1415,-0.0415,-0.0000,-3.6094
 0.1670, 0.0000, 3.1648, 3.1415,-0.0507,-0.2659, 4.6799
 0.1668, 0.0000, 3.1648, 3.1415,-0.0283,-0.0531, 0.9969
 0.1668, 0.0000, 3.1648, 3.1415,-0.0056,-0.0106,-0.1780
 0.1668, 0.0000, 3.1648, 3.1415,-0.0011,-0.0021,-0.4130
 0.1665, 0.0000, 3.1648, 3.1415,-0.0184,-0.0004,-1.4931
 0.1665, 0.0000, 3.1648, 3.1415,-0.0036,-0.0000,-0.6818
 0.1664, 0.0000, 3.1648, 3.1415,-0.0128,-0.0000,-1.2083
 0.1660, 0.0000, 3.1648, 3.1415,-0.0328,-0.0000,-2.3504
 0.1655, 0.0000, 3.1615, 3.1415,-0.0490,-0.2659, 4.6799
 0.1654, 0.0000, 3.1615, 3.1415,-0.0158,-0.0531, 2.4774
 0.1656, 0.0000, 3.1615, 3.1415, 0.0089,-0.0106, 1.4286
 0.1656, 0.0000, 3.1615, 3.1415, 0.0017,-0.0021, 0.5339
 0.1657, 0.0000, 3.1615, 3.1415, 0.0124,-0.0004, 1.0438
 0.1662, 0.0000, 3.1648, 3.1415, 0.0449, 0.2658,-4.6799
 0.1665, 0.0000, 3.1648, 3.1415, 0.0332, 0.0531,-1.6700
 0.1665, 0.0000, 3.1648, 3.1415, 0.0066, 0.0106,-0.7171
 0.1664, 0.0000, 3.1648, 3.1415,-0.0107, 0.0021,-1.2153
 0.1662, 0.0000, 3.1648, 3.1415,-0.0203, 0.0004,-1.6631
 0.1657, 0.0000, 3.1648, 3.1415,-0.0404, 0.0000,-2.7915
 0.1653, 0.0000, 3.1648, 3.1415,-0.0444, 0.0000,-3.0287
 0.1646, 0.0000, 3.1615, 3.1415,-0.0634,-0.2659, 4.6799
 0.1641, 0.0000, 3.1615, 3.1415,-0.0490,-0.0531, 0.5638
 0.1640, 0.0000, 3.1615, 3.1415,-0.0158,-0.0106,-0.0197
 0.1640, 0.0000, 3.1615, 3.1415,-0.0092,-0.0021,-0.1384
 0.1637, 0.0000, 3.1615, 3.1415,-0.0200,-0.0004,-0.8527
 0.1634, 0.0000, 3.1582, 3.1415,-0.0282,-0.2660, 4.6799
 0.1636, 0.0000, 3.1582, 3.1415, 0.0064,-0.0532, 4.5017
 0.1638, 0.0000, 3.1582, 3.1415, 0.0194,-0.0106, 2.7882
 0.1641, 0.0000, 3.1615, 3.1415, 0.0281, 0.2638,-4.6799
 0.1642, 0.0000, 3.1615, 3.1415, 0.0116, 0.0527,-2.1158
 0.1643, 0.0000, 3.1615, 3.1415, 0.0084, 0.0105, 0.1350
 0.1643, 0.0000, 3.1615, 3.1415, 0.0077, 0.0021, 0.5870
 0.1643, 0.0000, 3.1615, 3.1415, 0.0015, 0.0004, 0.3350
 0.1643, 0.0000, 3.1648, 3.1415, 0.0003, 0.2660,-4.6799
 0.1643, 0.0000, 3.1648, 3.1415, 0.0000, 0.0532,-3.6127
 0.1642, 0.0000, 3.1648, 3.1415,-0.0121, 0.0106,-1.8500
 0.1638, 0.0000, 3.1648, 3.1415,-0.0327, 0.0021,-2.5343
 0.1631, 0.0000, 3.1615, 3.1415,-0.0611,-0.2655, 4.6799
 0.1628, 0.0000, 3.1615, 3.1415,-0.0425,-0.0531, 0.8843
 0.1627, 0.0000, 3.1615, 3.1415,-0.0145,-0.0106, 0.0098
 0.1628, 0.0000, 3.1615, 3.1415, 0.0031,-0.0021, 0.5217
 0.1628, 0.0000, 3.1615, 3.1415, 0.0066,-0.0004, 0.6261
 0.1631, 0.0000, 3.1615, 3.1415, 0.0255,-0.0000, 1.6819
 0.1636, 0.0000, 3.1648, 3.1415, 0.0414, 0.2659,-4.6799
 0.1637, 0.0000, 3.1648, 3.1415, 0.0204, 0.0531,-2.4822
 0.1637, 0.0000, 3.1648, 3.1415,-0.0019, 0.0106,-1.2948
 0.1634, 0.0000, 3.1648, 3.1415,-0.0246, 0.0021,-2.0924
 0.1630, 0.0000, 3.1648, 3.1415,-0.0352, 0.0004,-2.6040
 0.1623, 0.0000, 3.1615, 3.1415,-0.0616,-0.2658, 4.6799
 0.1620, 0.0000, 3.1615, 3.1415,-0.0365,-0.0531, 1.2006
 0.1618, 0.0000, 3.1615, 3.1415,-0.0194,-0.0106,-0.2904
 0.1618, 0.0000, 3.1615, 3.1415,-0.0099,-0.0021,-0.2480
 0.1616, 0.0000, 3.1615, 3.1415,-0.0141,-0.0004,-0.5859
 0.1615, 0.0000, 3.1615, 3.1415,-0.0149,-0.0000,-0.6572
 0.1611, 0.0000, 3.1582, 3.1415,-0.0333,-0.2659, 4.6799
 0.1609, 0.0000, 3.1582, 3.1415,-0.0248,-0.0531, 2.6479
 0.1610, 0.0000, 3.1582, 3.1415, 0.0071,-0.0106, 2.0042
 0.1612, 0.0000, 3.1582, 3.1415, 0.0196,-0.0021, 2.2236
 0.1615, 0.0000, 3.1615, 3.1415, 0.0221, 0.2655,-4.6799
 0.1616, 0.0000, 3.1615, 3.1415, 0.0165, 0.0531,-1.9430
 0.1615, 0.0000, 3.1615, 3.1415,-0.0027, 0.0106,-0.5843
 0.1611, 0.0000, 3.1615, 3.1415,-0.0369, 0.0021,-2.0363
 0.1606, 0.0000, 3.1615, 3.1415,-0.0437, 0.0004,-2.3382
 0.1601, 0.0000, 3.1582, 3.1415,-0.0511,-0.2658, 4.6799
 0.1596, 0.0000, 3.1582, 3.1415,-0.0466,-0.0531, 1.3807
 0.1594, 0.0000, 3.1548, 3.1415,-0.0275,-0.2765, 4.6799
 0.1596, 0.0000, 3.1548, 3.1415, 0.0126,-0.0553, 4.6799
 0.1599, 0.0000, 3.1582, 3.1415, 0.0267, 0.2548,-4.6799
 0.1599, 0.0000, 3.1582, 3.1415, 0.0053, 0.0509,-1.6836
 0.1599, 0.0000, 3.1582, 3.1415, 0.0010, 0.0101, 0.4261
 0.1600, 0.0000, 3.1582, 3.1415, 0.0062, 0.0020, 1.1924
 0.1600, 0.0000, 3.1582, 3.1415, 0.0012, 0.0004, 1.0032
 0.1600, 0.0000, 3.1582, 3.1415, 0.0002, 0.0000, 0.9654
 0.1603, 0.0000, 3.1582, 3.1415, 0.0243, 0.0000, 2.3353
 0.1608, 0.0000, 3.1615, 3.1415, 0.0412, 0.2659,-4.6799
 0.1607, 0.0000, 3.1615, 3.1415, 0.0021, 0.0531,-2.7868
 0.1606, 0.0000, 3.1615, 3.1415,-0.0116, 0.0106,-1.1204
 0.1603, 0.0000, 3.1615, 3.1415,-0.0205, 0.0021,-1.1354
 0.1597, 0.0000, 3.1582, 3.1415,-0.0526,-0.2655, 4.6799
 0.1596, 0.0000, 3.1582, 3.1415,-0.0226,-0.0531, 2.7263
 0.1597, 0.0000, 3.1582, 3.1415, 0.0075,-0.0106, 1.9873
 0.1596, 0.0000, 3.1582, 3.1415,-0.0106,-0.0021, 0.4658
 0.1598, 0.0000, 3.1582, 3.1415, 0.0160,-0.0004, 1.8795
 0.1604, 0.0000, 3.1615, 3.1415, 0.0517, 0.2658,-4.6799
 0.1605, 0.0000, 3.1615, 3.1415, 0.0164, 0.0531,-1.9908
 0.1603, 0.0000, 3.1615, 3.1415,-0.0088, 0.0106,-0.9670
 0.1603, 0.0000, 3.1615, 3.1415,-0.0017, 0.0021,-0.0773
 0.1597, 0.0000, 3.1582, 3.1415,-0.0488,-0.2655, 4.6799
 0.1596, 0.0000, 3.1582, 3.1415,-0.0218,-0.0531, 2.7686
 0.1597, 0.0000, 3.1582, 3.1415, 0.0077,-0.0106, 1.9957
 0.1597, 0.0000, 3.1582, 3.1415, 0.0015,-0.0021, 1.1562
 0.1600, 0.0000, 3.1582, 3.1415, 0.0245,-0.0004, 2.3658
 0.1607, 0.0000, 3.1615, 3.1415, 0.0594, 0.2658,-4.6799
 0.1607, 0.0000, 3.1615, 3.1415, 0.0118, 0.0531,-2.2380
 0.1606, 0.0000, 3.1615, 3.1415,-0.0097, 0.0106,-1.0107
 0.1605, 0.0000, 3.1615, 3.1415,-0.0080, 0.0021,-0.4246
 0.1599, 0.0000, 3.1615, 3.1415,-0.0501, 0.0004,-2.7200
 0.1594, 0.0000, 3.1582, 3.1415,-0.0464,-0.2658, 4.6799
 0.1592, 0.0000, 3.1548, 3.1415,-0.0274,-0.3191, 4.6799
 0.1590, 0.0000, 3.1548, 3.1415,-0.0176,-0.0638, 4.4318
 0.1593, 0.0000, 3.1548, 3.1415, 0.0207,-0.0127, 3.6600
 0.1599, 0.0000, 3.1582, 3.1415, 0.0465, 0.2634,-4.6799
 0.1601, 0.0000, 3.1582, 3.1415, 0.0275, 0.0526,-0.5278
 0.1601, 0.0000, 3.1615, 3.1415, 0.0055, 0.2764,-4.6799
 0.1601, 0.0000, 3.1582, 3.1415, 0.0011,-0.2106, 4.6799
 0.1599, 0.0000, 3.1582, 3.1415,-0.0179,-0.0421, 2.3670
 0.1597, 0.0000, 3.1582, 3.1415,-0.0157,-0.0084, 0.5456
 0.1599, 0.0000, 3.1582, 3.1415, 0.0150,-0.0016, 1.8992
 0.1603, 0.0000, 3.1582, 3.1415, 0.0272,-0.0003, 2.5202
 0.1608, 0.0000, 3.1615, 3.1415, 0.0478, 0.2658,-4.6799
 0.1609, 0.0000, 3.1615, 3.1415, 0.0217, 0.0531,-1.6778
 0.1609, 0.0000, 3.1615, 3.1415,-0.0017, 0.0106,-0.5485
 0.1606, 0.0000, 3.1615, 3.1415,-0.0185, 0.0021,-1.0133
 0.1602, 0.0000, 3.1582, 3.1415,-0.0400,-0.2655, 4.6799
 0.1599, 0.0000, 3.1582, 3.1415,-0.0262,-0.0531, 2.5376
 0.1599, 0.0000, 3.1582, 3.1415,-0.0052,-0.0106, 1.2703
 0.1601, 0.0000, 3.1582, 3.1415, 0.0110,-0.0021, 1.7056
 0.1605, 0.0000, 3.1582, 3.1415, 0.0325,-0.0004, 2.8297
 0.1609, 0.0000, 3.1582, 3.1415, 0.0428,-0.0000, 3.4084
 0.1615, 0.0000, 3.1615, 3.1415, 0.0570, 0.2659,-4.6799
 0.1618, 0.0000, 3.1615, 3.1415, 0.0356, 0.0531,-0.8621
 0.1618, 0.0000, 3.1615, 3.1415, 0.0071, 0.0106,-0.0180
 0.1618, 0.0000, 3.1615, 3.1415,-0.0046, 0.0021,-0.1935
 0.1615, 0.0000, 3.1615, 3.1415,-0.0251, 0.0004,-1.2637
 0.1609, 0.0000, 3.1582, 3.1415,-0.0474,-0.2658, 4.6799
 0.1607, 0.0000, 3.1582, 3.1415,-0.0276,-0.0531, 2.4821
 0.1609, 0.0000, 3.1582, 3.1415, 0.0065,-0.0106, 1.9671
 0.1609, 0.0000, 3.1582, 3.1415, 0.0013,-0.0021, 1.1792
 0.1610, 0.0000, 3.1582, 3.1415, 0.0123,-0.0004, 1.7104
 0.1615, 0.0000, 3.1582, 3.1415, 0.0388,-0.0000, 3.1979
 0.1619, 0.0000, 3.1582, 3.1415, 0.0441,-0.0000, 3.5069
 0.1625, 0.0000, 3.1615, 3.1415, 0.0573, 0.2659,-4.6799
 0.1628, 0.0000, 3.1615, 3.1415, 0.0357, 0.0531,-0.8282
 0.1630, 0.0000, 3.1615, 3.1415, 0.0192, 0.0106, 0.7023
 0.1630, 0.0000, 3.1615, 3.1415, 0.0038, 0.0021, 0.3235
 0.1631, 0.0000, 3.1615, 3.1415, 0.0128, 0.0004, 0.9365
 0.1633, 0.0000, 3.1615, 3.1415, 0.0147, 0.0000, 1.0629
 0.1634, 0.0000, 3.1615, 3.1415, 0.0150, 0.0000, 1.0921
 0.1638, 0.0000, 3.1615, 3.1415, 0.0333, 0.0000, 2.1349
 0.1644, 0.0000, 3.1648, 3.1415, 0.0551, 0.2659,-4.6799
 0.1647, 0.0000, 3.1648, 3.1415, 0.0352, 0.0531,-1.6130
 0.1646, 0.0000, 3.1648, 3.1415,-0.0050, 0.0106,-1.4404
 0.1643, 0.0000, 3.1648, 3.1415,-0.0192, 0.0021,-1.7541
 0.1641, 0.0000, 3.1648, 3.1415,-0.0220, 0.0004,-1.8226
 0.1636, 0.0000, 3.1615, 3.1415,-0.0468,-0.2658, 4.6799
 0.1632, 0.0000, 3.1582, 3.1415,-0.0396,-0.3191, 4.6799
 0.1633, 0.0000, 3.1582, 3.1415,-0.0018,-0.0638, 4.6334
 0.1638, 0.0000, 3.1582, 3.1415, 0.0420,-0.0127, 4.1844
 0.1643, 0.0000, 3.1615, 3.1415, 0.0508, 0.2634,-4.6799
 0.1646, 0.0000, 3.1615, 3.1415, 0.0283, 0.0526,-1.1588
 0.1646, 0.0000, 3.1615, 3.1415, 0.0117, 0.0105, 0.3359
 0.1649, 0.0000, 3.1615, 3.1415, 0.0205, 0.0021, 1.3255
 0.1649, 0.0000, 3.1615, 3.1415, 0.0101, 0.0004, 0.8404
 0.1650, 0.0000, 3.1615, 3.1415, 0.0080, 0.0000, 0.7454
 0.1653, 0.0000, 3.1615, 3.1415, 0.0198, 0.0000, 1.4170
 0.1658, 0.0000, 3.1615, 3.1415, 0.0464, 0.0000, 2.9345
 0.1664, 0.0000, 3.1648, 3.1415, 0.0577, 0.2659,-4.6799
 0.1665, 0.0000, 3.1648, 3.1415, 0.0236, 0.0531,-2.2100
 0.1666, 0.0000, 3.1648, 3.1415, 0.0107, 0.0106,-0.4808
 0.1665, 0.0000, 3.1648, 3.1415,-0.0099, 0.0021,-1.1661
 0.1663, 0.0000, 3.1648, 3.1415,-0.0141, 0.0004,-1.3070
 0.1659, 0.0000, 3.1615, 3.1415,-0.0331,-0.2658, 4.6799
 0.1658, 0.0000, 3.1615, 3.1415,-0.0187,-0.0531, 2.3256
 0.1659, 0.0000, 3.1615, 3.1415, 0.0083,-0.0106, 1.4078
 0.1662, 0.0000, 3.1615, 3.1415, 0.0198,-0.0021, 1.5725
 0.1666, 0.0000, 3.1615, 3.1415, 0.0403,-0.0004, 2.6443
 0.1672, 0.0000, 3.1648, 3.1415, 0.0565, 0.2658,-4.6799
 0.1676, 0.0000, 3.1648, 3.1415, 0.0416, 0.0531,-1.1632
 0.1678, 0.0000, 3.1648, 3.1415, 0.0265, 0.0106, 0.4441
 0.1681, 0.0000, 3.1648, 3.1415, 0.0295, 0.0021, 1.1157
 0.1683, 0.0000, 3.1648, 3.1415, 0.0180, 0.0004, 0.5689
 0.1683, 0.0000, 3.1681, 3.1415, 0.0036, 0.2660,-4.6799
 0.1684, 0.0000, 3.1681, 3.1415, 0.0067, 0.0532,-3.9273
 0.1683, 0.0000, 3.1681, 3.1415,-0.0047, 0.0106,-2.1234
 0.1679, 0.0000, 3.1648, 3.1415,-0.0312,-0.2638, 4.6799
 0.1678, 0.0000, 3.1648, 3.1415,-0.0183,-0.0527, 1.5653
 0.1678, 0.0000, 3.1648, 3.1415, 0.0023,-0.0105, 0.3048
 0.1681, 0.0000, 3.1648, 3.1415, 0.0186,-0.0021, 0.7434
 0.1681, 0.0000, 3.1648, 3.1415, 0.0097,-0.0004, 0.1482
 0.1686, 0.0000, 3.1648, 3.1415, 0.0383,-0.0000, 1.7529
 0.1691, 0.0000, 3.1681, 3.1415, 0.0501, 0.2659,-4.6799
 0.1693, 0.0000, 3.1681, 3.1415, 0.0221, 0.0531,-3.0309
 0.1693, 0.0000, 3.1681, 3.1415, 0.0044, 0.0106,-1.5767
 0.1693, 0.0000, 3.1681, 3.1415, 0.0008, 0.0021,-1.2859
 0.1689, 0.0000, 3.1681, 3.1415,-0.0301, 0.0004,-2.9495
 0.1684, 0.0000, 3.1648, 3.1415,-0.0484,-0.2658, 4.6799
 0.1681, 0.0000, 3.1648, 3.1415,-0.0278,-0.0531, 1.0647
 0.1682, 0.0000, 3.1648, 3.1415, 0.0004,-0.0106, 0.2143
 0.1683, 0.0000, 3.1648, 3.1415, 0.0061,-0.0021, 0.0461
 0.1686, 0.0000, 3.1648, 3.1415, 0.0254,-0.0004, 1.0476
 0.1690, 0.0000, 3.1648, 3.1415, 0.0414,-0.0000, 1.9442
 0.1693, 0.0000, 3.1648, 3.1415, 0.0325,-0.0000, 1.4464
 0.1697, 0.0000, 3.1681, 3.1415, 0.0368, 0.2659,-4.6799
 0.1700, 0.0000, 3.1681, 3.1415, 0.0316, 0.0531,-2.4729
 0.1701, 0.0000, 3.1681, 3.1415, 0.0123, 0.0106,-1.1016
 0.1700, 0.0000, 3.1681, 3.1415,-0.0096, 0.0021,-1.8586
 0.1699, 0.0000, 3.1681, 3.1415,-0.0079, 0.0004,-1.6694
 0.1695, 0.0000, 3.1681, 3.1415,-0.0319, 0.0000,-3.0110
 0.1689, 0.0000, 3.1681, 3.1415,-0.0548, 0.0000,-4.3219
 0.1684, 0.0000, 3.1648, 3.1415,-0.0473,-0.2659, 4.6799
 0.1682, 0.0000, 3.1615, 3.1415,-0.0276,-0.3191, 4.6799
 0.1682, 0.0000, 3.1615, 3.1415,-0.0055,-0.0638, 3.7623
 0.1684, 0.0000, 3.1648, 3.1415, 0.0110, 0.2531,-4.6799
 0.1684, 0.0000, 3.1648, 3.1415, 0.0082, 0.0506,-2.8724
 0.1686, 0.0000, 3.1648, 3.1415, 0.0137, 0.0101,-0.2210
 0.1684, 0.0000, 3.1648, 3.1415,-0.0093, 0.0020,-1.0644
 0.1681, 0.0000, 3.1648, 3.1415,-0.0321, 0.0004,-2.2700
 0.1676, 0.0000, 3.1615, 3.1415,-0.0428,-0.2658, 4.6799
 0.1674, 0.0000, 3.1615, 3.1415,-0.0267,-0.0531, 1.9248
 0.1675, 0.0000, 3.1615, 3.1415, 0.0067,-0.0106, 1.3679
 0.1678, 0.0000, 3.1615, 3.1415, 0.0256,-0.0021, 1.9491
 0.1682, 0.0000, 3.1648, 3.1415, 0.0354, 0.2655,-4.6799
 0.1684, 0.0000, 3.1648, 3.1415, 0.0252, 0.0531,-2.0553
 0.1684, 0.0000, 3.1648, 3.1415, 0.0050, 0.0106,-0.7463
 0.1683, 0.0000, 3.1648, 3.1415,-0.0111, 0.0021,-1.1733
 0.1680, 0.0000, 3.1648, 3.1415,-0.0264, 0.0004,-1.9512
 0.1675, 0.0000, 3.1648, 3.1415,-0.0416, 0.0000,-2.8032
 0.1670, 0.0000, 3.1615, 3.1415,-0.0507,-0.2659, 4.6799
 0.1669, 0.0000, 3.1615, 3.1415,-0.0162,-0.0531, 2.5053
 0.1669, 0.0000, 3.1615, 3.1415,-0.0032,-0.0106, 0.7838
 0.1671, 0.0000, 3.1615, 3.1415, 0.0114,-0.0021, 1.1282
 0.1673, 0.0000, 3.1615, 3.1415, 0.0204,-0.0004, 1.5453
 0.1679, 0.0000, 3.1648, 3.1415, 0.0526, 0.2658,-4.6799
 0.1683, 0.0000, 3.1648, 3.1415, 0.0408, 0.0531,-1.1865
 0.1683, 0.0000, 3.1648, 3.1415, 0.0081, 0.0106,-0.5764
 0.1683, 0.0000, 3.1648, 3.1415, 0.0016, 0.0021,-0.4543
 0.1682, 0.0000, 3.1648, 3.1415,-0.0057, 0.0004,-0.7743
 0.1679, 0.0000, 3.1648, 3.1415,-0.0254, 0.0000,-1.8733
 0.1675, 0.0000, 3.1648, 3.1415,-0.0353, 0.0000,-2.4452
 0.1671, 0.0000, 3.1648, 3.1415,-0.0434, 0.0000,-2.9135
 0.1666, 0.0000, 3.1615, 3.1415,-0.0450,-0.2659, 4.6799
 0.1665, 0.0000, 3.1615, 3.1415,-0.0211,-0.0531, 2.2135
 0.1666, 0.0000, 3.1615, 3.1415, 0.0078,-0.0106, 1.4026
 0.1667, 0.0000, 3.1615, 3.1415, 0.0076,-0.0021, 0.9000
 0.1669, 0.0000, 3.1648, 3.1415, 0.0197, 0.2655,-4.6799
 0.1671, 0.0000, 3.1648, 3.1415, 0.0221, 0.0531,-2.2733
 0.1671, 0.0000, 3.1648, 3.1415, 0.0044, 0.0106,-0.8225
 0.1668, 0.0000, 3.1648, 3.1415,-0.0233, 0.0021,-1.9098
 0.1665, 0.0000, 3.1648, 3.1415,-0.0289, 0.0004,-2.1349
 0.1662, 0.0000, 3.1615, 3.1415,-0.0361,-0.2658, 4.6799
 0.1659, 0.0000, 3.1615, 3.1415,-0.0254,-0.0531, 1.9549
 0.1660, 0.0000, 3.1615, 3.1415, 0.0009,-0.0106, 0.9932
 0.1663, 0.0000, 3.1615, 3.1415, 0.0244,-0.0021, 1.8358
 0.1668, 0.0000, 3.1648, 3.1415, 0.0412, 0.2655,-4.6799
 0.1671, 0.0000, 3.1681, 3.1415, 0.0325, 0.3190,-4.6799
 0.1671, 0.0000, 3.1681, 3.1415, 0.0125, 0.0638,-4.2510
 0.1668, 0.0000, 3.1681, 3.1415,-0.0217, 0.0127,-3.2519
 0.1664, 0.0000, 3.1648, 3.1415,-0.0407,-0.2634, 4.6799
 0.1661, 0.0000, 3.1648, 3.1415,-0.0323,-0.0526, 0.7169
 0.1660, 0.0000, 3.1648, 3.1415,-0.0125,-0.0105,-0.5956
 0.1659, 0.0000, 3.1648, 3.1415,-0.0085,-0.0021,-0.8601
 0.1659, 0.0000, 3.1648, 3.1415,-0.0077,-0.0004,-0.9148
 0.1658, 0.0000, 3.1648, 3.1415,-0.0076,-0.0000,-0.9277
 0.1656, 0.0000, 3.1648, 3.1415,-0.0197,-0.0000,-1.6209
 0.1652, 0.0000, 3.1648, 3.1415,-0.0342,-0.0000,-2.4541
 0.1646, 0.0000, 3.1615, 3.1415,-0.0492,-0.2659, 4.6799
 0.1644, 0.0000, 3.1615, 3.1415,-0.0280,-0.0531, 1.7592
 0.1645, 0.0000, 3.1615, 3.1415, 0.0004,-0.0106, 0.9157
 0.1646, 0.0000, 3.1615, 3.1415, 0.0122,-0.0021, 1.0933
 0.1648, 0.0000, 3.1648, 3.1415, 0.0145, 0.2655,-4.6799
 0.1649, 0.0000, 3.1648, 3.1415, 0.0150, 0.0531,-2.7429
 0.1649, 0.0000, 3.1648, 3.1415,-0.0030, 0.0106,-1.3163
 0.1645, 0.0000, 3.1648, 3.1415,-0.0309, 0.0021,-2.4104
 0.1639, 0.0000, 3.1648, 3.1415,-0.0546, 0.0004,-3.6719
 0.1632, 0.0000, 3.1615, 3.1415,-0.0655,-0.2658, 4.6799
 0.1629, 0.0000, 3.1615, 3.1415,-0.0373,-0.0531, 1.1855
 0.1628, 0.0000, 3.1582, 3.1415,-0.0195,-0.2765, 4.6799
 0.1629, 0.0000, 3.1582, 3.1415, 0.0082,-0.0553, 4.6799
 0.1632, 0.0000, 3.1615, 3.1415, 0.0258, 0.2548,-4.6799
 0.1634, 0.0000, 3.1648, 3.1415, 0.0233, 0.3169,-4.6799
 0.1635, 0.0000, 3.1648, 3.1415, 0.0107, 0.0633,-3.6239
 0.1631, 0.0000, 3.1648, 3.1415,-0.0281, 0.0126,-2.9064
 0.1625, 0.0000, 3.1615, 3.1415,-0.0541,-0.2634, 4.6799
 0.1621, 0.0000, 3.1615, 3.1415,-0.0411,-0.0526, 0.9196
 0.1621, 0.0000, 3.1615, 3.1415,-0.0142,-0.0105, 0.0015
 0.1621, 0.0000, 3.1615, 3.1415,-0.0028,-0.0021, 0.1604
 0.1621, 0.0000, 3.1615, 3.1415, 0.0054,-0.0004, 0.5366
 0.1624, 0.0000, 3.1615, 3.1415, 0.0253,-0.0000, 1.6468
 0.1628, 0.0000, 3.1648, 3.1415, 0.0353, 0.2659,-4.6799
 0.1629, 0.0000, 3.1648, 3.1415, 0.0131, 0.0531,-2.9194
 0.1628, 0.0000, 3.1648, 3.1415,-0.0094, 0.0106,-1.7477
 0.1625, 0.0000, 3.1648, 3.1415,-0.0200, 0.0021,-1.8616
 0.1621, 0.0000, 3.1648, 3.1415,-0.0343, 0.0004,-2.5788
 0.1614, 0.0000, 3.1615, 3.1415,-0.0675,-0.2658, 4.6799
 0.1609, 0.0000, 3.1615, 3.1415,-0.0559,-0.0531, 0.0724
 0.1607, 0.0000, 3.1615, 3.1415,-0.0233,-0.0106,-0.5447
 0.1605, 0.0000, 3.1615, 3.1415,-0.0228,-0.0021,-1.0164
 0.1603, 0.0000, 3.1615, 3.1415,-0.0166,-0.0004,-0.7721
 0.1601, 0.0000, 3.1615, 3.1415,-0.0215,-0.0000,-1.0714
 0.1596, 0.0000, 3.1582, 3.1415,-0.0406,-0.2659, 4.6799
 0.1596, 0.0000, 3.1582, 3.1415,-0.0142,-0.0531, 3.2079
 0.1596, 0.0000, 3.1582, 3.1415, 0.0032,-0.0106, 1.7392
 0.1598, 0.0000, 3.1582, 3.1415, 0.0127,-0.0021, 1.7918
 0.1600, 0.0000, 3.1615, 3.1415, 0.0207, 0.2655,-4.6799
 0.1603, 0.0000, 3.1615, 3.1415, 0.0223, 0.0531,-1.6595
 0.1602, 0.0000, 3.1615, 3.1415,-0.0015, 0.0106,-0.5621
 0.1597, 0.0000, 3.1615, 3.1415,-0.0366, 0.0021,-2.0663
 0.1593, 0.0000, 3.1615, 3.1415,-0.0376, 0.0004,-2.0344
 0.1589, 0.0000, 3.1615, 3.1415,-0.0439, 0.0000,-2.3819
 0.1581, 0.0000, 3.1582, 3.1415,-0.0694,-0.2659, 4.6799
 0.1578, 0.0000, 3.1548, 3.1415,-0.0381,-0.3191, 4.6799
 0.1578, 0.0000, 3.1548, 3.1415,-0.0076,-0.0638, 4.6799
 0.1579, 0.0000, 3.1548, 3.1415, 0.0045,-0.0127, 2.7014
 0.1581, 0.0000, 3.1582, 3.1415, 0.0130, 0.2634,-4.6799
 0.1583, 0.0000, 3.1582, 3.1415, 0.0207, 0.0526,-0.9638
 0.1583, 0.0000, 3.1582, 3.1415, 0.0041, 0.0105, 0.5279
 0.1583, 0.0000, 3.1582, 3.1415, 0.0008, 0.0021, 0.8262
 0.1583, 0.0000, 3.1582, 3.1415, 0.0001, 0.0004, 0.8859
 0.1584, 0.0000, 3.1615, 3.1415, 0.0121, 0.2660,-4.6799
 0.1583, 0.0000, 3.1615, 3.1415,-0.0096, 0.0532,-3.5344
 0.1581, 0.0000, 3.1615, 3.1415,-0.0201, 0.0106,-1.6756
 0.1578, 0.0000, 3.1615, 3.1415,-0.0222, 0.0021,-1.3096
 0.1572, 0.0000, 3.1582, 3.1415,-0.0529,-0.2655, 4.6799
 0.1569, 0.0000, 3.1582, 3.1415,-0.0348,-0.0531, 1.9547
 0.1570, 0.0000, 3.1582, 3.1415,-0.0009,-0.0106, 1.4215
 0.1572, 0.0000, 3.1582, 3.1415, 0.0180,-0.0021, 2.0055
 0.1572, 0.0000, 3.1582, 3.1415, 0.0036,-0.0004, 1.0949
 0.1575, 0.0000, 3.1582, 3.1415, 0.0249,-0.0000, 2.2903
 0.1581, 0.0000, 3.1615, 3.1415, 0.0474, 0.2659,-4.6799
 0.1582, 0.0000, 3.1615, 3.1415, 0.0216, 0.0531,-1.7698
 0.1581, 0.0000, 3.1615, 3.1415,-0.0017, 0.0106,-0.6359
 0.1581, 0.0000, 3.1615, 3.1415,-0.0003, 0.0021,-0.0666
 0.1577, 0.0000, 3.1615, 3.1415,-0.0303, 0.0004,-1.6747
 0.1574, 0.0000, 3.1615, 3.1415,-0.0363, 0.0000,-2.0058
 0.1569, 0.0000, 3.1615, 3.1415,-0.0436, 0.0000,-2.4260
 0.1562, 0.0000, 3.1582, 3.1415,-0.0633,-0.2659, 4.6799
 0.1559, 0.0000, 3.1548, 3.1415,-0.0369,-0.3191, 4.6799
 0.1560, 0.0000, 3.1548, 3.1415,-0.0013,-0.0638, 4.6799
 0.1562, 0.0000, 3.1548, 3.1415, 0.0118,-0.0127, 3.0594
 0.1562, 0.0000, 3.1582, 3.1415, 0.0084, 0.2634,-4.6799
 0.1565, 0.0000, 3.1582, 3.1415, 0.0259, 0.0526,-0.7287
 0.1567, 0.0000, 3.1582, 3.1415, 0.0173, 0.0105, 1.2196
 0.1566, 0.0000, 3.1582, 3.1415,-0.0025, 0.0021, 0.5800
 0.1567, 0.0000, 3.1582, 3.1415, 0.0055, 0.0004, 1.1389
 0.1569, 0.0000, 3.1582, 3.1415, 0.0192, 0.0000, 1.9413
 0.1571, 0.0000, 3.1615, 3.1415, 0.0159, 0.2659,-4.6799
 0.1571, 0.0000, 3.1615, 3.1415, 0.0031, 0.0531,-2.8448
 0.1569, 0.0000, 3.1615, 3.1415,-0.0114, 0.0106,-1.2240
 0.1566, 0.0000, 3.1615, 3.1415,-0.0265, 0.0021,-1.5924
 0.1561, 0.0000, 3.1582, 3.1415,-0.0477,-0.2655, 4.6799
 0.1559, 0.0000, 3.1582, 3.1415,-0.0216,-0.0531, 2.6662
 0.1560, 0.0000, 3.1582, 3.1415, 0.0017,-0.0106, 1.5389
 0.1560, 0.0000, 3.1582, 3.1415, 0.0003,-0.0021, 0.9710
 0.1562, 0.0000, 3.1582, 3.1415, 0.0121,-0.0004, 1.5461
 0.1568, 0.0000, 3.1582, 3.1415, 0.0509,-0.0000, 3.7312
 0.1572, 0.0000, 3.1615, 3.1415, 0.0465, 0.2659,-4.6799
 0.1574, 0.0000, 3.1615, 3.1415, 0.0214, 0.0531,-1.8059
 0.1574, 0.0000, 3.1615, 3.1415, 0.0103, 0.0106, 0.0244
 0.1575, 0.0000, 3.1615, 3.1415, 0.0081, 0.0021, 0.3924
 0.1575, 0.0000, 3.1615, 3.1415, 0.0016, 0.0004, 0.1236
 0.1575, 0.0000, 3.1615, 3.1415, 0.0003, 0.0000, 0.0698
 0.1577, 0.0000, 3.1615, 3.1415, 0.0121, 0.0000, 0.7479
 0.1579, 0.0000, 3.1615, 3.1415, 0.0206, 0.0000, 1.2316
 0.1582, 0.0000, 3.1648, 3.1415, 0.0283, 0.2659,-4.6799
 0.1583, 0.0000, 3.1648, 3.1415, 0.0117, 0.0531,-3.1448
 0.1581, 0.0000, 3.1648, 3.1415,-0.0097, 0.0106,-1.9096
 0.1577, 0.0000, 3.1648, 3.1415,-0.0322, 0.0021,-2.6996
 0.1574, 0.0000, 3.1615, 3.1415,-0.0367,-0.2655, 4.6799
 0.1571, 0.0000, 3.1615, 3.1415,-0.0255,-0.0531, 1.6657
 0.1571, 0.0000, 3.1615, 3.1415,-0.0111,-0.0106, 0.0243
 0.1571, 0.0000, 3.1615, 3.1415, 0.0038,-0.0021, 0.3829
 0.1575, 0.0000, 3.1615, 3.1415, 0.0310,-0.0004, 1.8339
 0.1580, 0.0000, 3.1615, 3.1415, 0.0425,-0.0000, 2.4781
 0.1585, 0.0000, 3.1648, 3.1415, 0.0509, 0.2659,-4.6799
 0.1585, 0.0000, 3.1648, 3.1415, 0.0101, 0.0531,-3.2246
 0.1585, 0.0000, 3.1648, 3.1415, 0.0020, 0.0106,-1.2312
 0.1584, 0.0000, 3.1648, 3.1415,-0.0117, 0.0021,-1.5212
 0.1578, 0.0000, 3.1615, 3.1415,-0.0447,-0.2655, 4.6799
 0.1577, 0.0000, 3.1615, 3.1415,-0.0210,-0.0531, 1.9340
 0.1577, 0.0000, 3.1615, 3.1415, 0.0018,-0.0106, 0.7801
 0.1579, 0.0000, 3.1615, 3.1415, 0.0124,-0.0021, 0.8956
 0.1580, 0.0000, 3.1615, 3.1415, 0.0085,-0.0004, 0.5782
 0.1584, 0.0000, 3.1615, 3.1415, 0.0380,-0.0000, 2.2385
 0.1587, 0.0000, 3.1648, 3.1415, 0.0318, 0.2659,-4.6799
 0.1588, 0.0000, 3.1648, 3.1415, 0.0124, 0.0531,-3.0883
 0.1588, 0.0000, 3.1648, 3.1415, 0.0024, 0.0106,-1.1962
 0.1585, 0.0000, 3.1648, 3.1415,-0.0237, 0.0021,-2.1953
 0.1579, 0.0000, 3.1615, 3.1415,-0.0532,-0.2655, 4.6799
 0.1577, 0.0000, 3.1615, 3.1415,-0.0227,-0.0531, 1.8408
 0.1577, 0.0000, 3.1615, 3.1415,-0.0045,-0.0106, 0.4190
 0.1578, 0.0000, 3.1615, 3.1415, 0.0051,-0.0021, 0.4791
 0.1580, 0.0000, 3.1615, 3.1415, 0.0131,-0.0004, 0.8373
 0.1585, 0.0000, 3.1615, 3.1415, 0.0450,-0.0000, 2.6346
 0.1587, 0.0000, 3.1648, 3.1415, 0.0272, 0.2659,-4.6799
 0.1587, 0.0000, 3.1648, 3.1415,-0.0006, 0.0531,-3.8297
 0.1587, 0.0000, 3.1648, 3.1415,-0.0001, 0.0106,-1.3483
 0.1583, 0.0000, 3.1648, 3.1415,-0.0303, 0.0021,-2.5739
 0.1578, 0.0000, 3.1615, 3.1415,-0.0424,-0.2655, 4.6799
 0.1577, 0.0000, 3.1615, 3.1415,-0.0206,-0.0531, 1.9603
 0.1577, 0.0000, 3.1615, 3.1415,-0.0041,-0.0106, 0.4410
 0.1577, 0.0000, 3.1615, 3.1415,-0.0008,-0.0021, 0.1372
 0.1581, 0.0000, 3.1615, 3.1415, 0.0301,-0.0004, 1.7983
 0.1585, 0.0000, 3.1648, 3.1415, 0.0424, 0.2658,-4.6799
 0.1586, 0.0000, 3.1648, 3.1415, 0.0145, 0.0531,-2.9759
 0.1585, 0.0000, 3.1648, 3.1415,-0.0031, 0.0106,-1.5239
 0.1584, 0.0000, 3.1648, 3.1415,-0.0066, 0.0021,-1.2354
 0.1579, 0.0000, 3.1615, 3.1415,-0.0437,-0.2655, 4.6799
 0.1577, 0.0000, 3.1615, 3.1415,-0.0269,-0.0531, 1.6033
 0.1578, 0.0000, 3.1615, 3.1415, 0.0067,-0.0106, 1.0584
 0.1578, 0.0000, 3.1615, 3.1415, 0.0013,-0.0021, 0.2645
 0.1580, 0.0000, 3.1615, 3.1415, 0.0123,-0.0004, 0.7944
 0.1585, 0.0000, 3.1615, 3.1415, 0.0449,-0.0000, 2.6261
 0.1589, 0.0000, 3.1648, 3.1415, 0.0393, 0.2659,-4.6799
 0.1588, 0.0000, 3.1648, 3.1415, 0.0017, 0.0531,-3.6885
 0.1588, 0.0000, 3.1648, 3.1415, 0.0003, 0.0106,-1.3163
 0.1584, 0.0000, 3.1648, 3.1415,-0.0302, 0.0021,-2.5637
 0.1579, 0.0000, 3.1648, 3.1415,-0.0484, 0.0004,-3.5115
 0.1574, 0.0000, 3.1615, 3.1415,-0.0521,-0.2658, 4.6799
 0.1569, 0.0000, 3.1582, 3.1415,-0.0468,-0.3191, 4.6799
 0.1568, 0.0000, 3.1582, 3.1415,-0.0214,-0.0638, 3.3212
 0.1570, 0.0000, 3.1582, 3.1415, 0.0138,-0.0127, 2.3797
 0.1573, 0.0000, 3.1615, 3.1415, 0.0270, 0.2634,-4.6799
 0.1575, 0.0000, 3.1615, 3.1415, 0.0235, 0.0526,-1.6503
 0.1576, 0.0000, 3.1615, 3.1415, 0.0107, 0.0105, 0.0595
 0.1577, 0.0000, 3.1615, 3.1415, 0.0082, 0.0021, 0.4033
 0.1577, 0.0000, 3.1615, 3.1415, 0.0016, 0.0004, 0.1296
 0.1577, 0.0000, 3.1615, 3.1415, 0.0003, 0.0000, 0.0749
 0.1577, 0.0000, 3.1615, 3.1415, 0.0061, 0.0000, 0.4083
 0.1581, 0.0000, 3.1615, 3.1415, 0.0254, 0.0000, 1.5100
 0.1584, 0.0000, 3.1648, 3.1415, 0.0293, 0.2659,-4.6799
 0.1584, 0.0000, 3.1648, 3.1415, 0.0058, 0.0531,-3.4734
 0.1581, 0.0000, 3.1648, 3.1415,-0.0170, 0.0106,-2.3179
 0.1579, 0.0000, 3.1648, 3.1415,-0.0215, 0.0021,-2.0925
 0.1574, 0.0000, 3.1615, 3.1415,-0.0467,-0.2655, 4.6799
 0.1570, 0.0000, 3.1582, 3.1415,-0.0396,-0.3190, 4.6799
 0.1569, 0.0000, 3.1582, 3.1415,-0.0139,-0.0638, 3.7477
 0.1571, 0.0000, 3.1582, 3.1415, 0.0153,-0.0127, 2.4688
 0.1575, 0.0000, 3.1615, 3.1415, 0.0333, 0.2634,-4.6799
 0.1577, 0.0000, 3.1615, 3.1415, 0.0248, 0.0526,-1.5713
 0.1578, 0.0000, 3.1615, 3.1415, 0.0110, 0.0105, 0.0810
 0.1578, 0.0000, 3.1615, 3.1415, 0.0022, 0.0021, 0.0690
 0.1579, 0.0000, 3.1615, 3.1415, 0.0065, 0.0004, 0.4109
 0.1580, 0.0000, 3.1615, 3.1415, 0.0073, 0.0000, 0.4812
 0.1581, 0.0000, 3.1615, 3.1415, 0.0075, 0.0000, 0.4973
 0.1583, 0.0000, 3.1648, 3.1415, 0.0196, 0.2659,-4.6799
 0.1584, 0.0000, 3.1648, 3.1415, 0.0100, 0.0531,-3.2403
 0.1581, 0.0000, 3.1648, 3.1415,-0.0161, 0.0106,-2.2712
 0.1577, 0.0000, 3.1615, 3.1415,-0.0396,-0.2638, 4.6799
 0.1574, 0.0000, 3.1615, 3.1415,-0.0261,-0.0527, 1.6235
 0.1574, 0.0000, 3.1615, 3.1415,-0.0052,-0.0105, 0.3679
 0.1576, 0.0000, 3.1615, 3.1415, 0.0110,-0.0021, 0.8055
 0.1577, 0.0000, 3.1615, 3.1415, 0.0143,-0.0004, 0.8968
 0.1581, 0.0000, 3.1615, 3.1415, 0.0271,-0.0000, 1.6078
 0.1586, 0.0000, 3.1648, 3.1415, 0.0478, 0.2659,-4.6799
 0.1587, 0.0000, 3.1648, 3.1415, 0.0156, 0.0531,-2.9127
 0.1585, 0.0000, 3.1648, 3.1415,-0.0089, 0.0106,-1.8537
 0.1583, 0.0000, 3.1648, 3.1415,-0.0199, 0.0021,-1.9901
 0.1579, 0.0000, 3.1648, 3.1415,-0.0343, 0.0004,-2.7118
 0.1572, 0.0000, 3.1615, 3.1415,-0.0614,-0.2658, 4.6799
 0.1567, 0.0000, 3.1582, 3.1415,-0.0547,-0.3191, 4.6799
 0.1565, 0.0000, 3.1582, 3.1415,-0.0230,-0.0638, 3.2247
 0.1568, 0.0000, 3.1582, 3.1415, 0.0196,-0.0127, 2.6990
 0.1571, 0.0000, 3.1582, 3.1415, 0.0221,-0.0025, 2.2572
 0.1574, 0.0000, 3.1615, 3.1415, 0.0347, 0.2654,-4.6799
 0.1577, 0.0000, 3.1615, 3.1415, 0.0312, 0.0530,-1.2377
 0.1579, 0.0000, 3.1615, 3.1415, 0.0183, 0.0106, 0.4921
 0.1579, 0.0000, 3.1615, 3.1415, 0.0036, 0.0021, 0.1531
 0.1579, 0.0000, 3.1615, 3.1415, 0.0007, 0.0004, 0.0853
 0.1581, 0.0000, 3.1615, 3.1415, 0.0122, 0.0000, 0.7605
 0.1582, 0.0000, 3.1648, 3.1415, 0.0145, 0.2659,-4.6799
 0.1582, 0.0000, 3.1648, 3.1415, 0.0029, 0.0531,-3.6449
 0.1580, 0.0000, 3.1648, 3.1415,-0.0176, 0.0106,-2.3560
 0.1575, 0.0000, 3.1615, 3.1415,-0.0399,-0.2638, 4.6799
 0.1573, 0.0000, 3.1615, 3.1415,-0.0261,-0.0527, 1.6155
 0.1574, 0.0000, 3.1615, 3.1415, 0.0008,-0.0105, 0.7069
 0.1575, 0.0000, 3.1615, 3.1415, 0.0122,-0.0021, 0.8714
 0.1577, 0.0000, 3.1615, 3.1415, 0.0206,-0.0004, 1.2525
 0.1581, 0.0000, 3.1648, 3.1415, 0.0344, 0.2658,-4.6799
 0.1584, 0.0000, 3.1648, 3.1415, 0.0250, 0.0531,-2.3890
 0.1582, 0.0000, 3.1648, 3.1415,-0.0071, 0.0106,-1.7566
 0.1578, 0.0000, 3.1648, 3.1415,-0.0317, 0.0021,-2.6670
 0.1574, 0.0000, 3.1615, 3.1415,-0.0427,-0.2655, 4.6799
 0.1571, 0.0000, 3.1615, 3.1415,-0.0267,-0.0531, 1.5985
 0.1572, 0.0000, 3.1615, 3.1415, 0.0007,-0.0106, 0.6996
 0.1573, 0.0000, 3.1615, 3.1415, 0.0062,-0.0021, 0.5217
 0.1574, 0.0000, 3.1615, 3.1415, 0.0133,-0.0004, 0.8325
 0.1578, 0.0000, 3.1615, 3.1415, 0.0329,-0.0000, 1.9316
 0.1583, 0.0000, 3.1648, 3.1415, 0.0429, 0.2659,-4.6799
 0.1584, 0.0000, 3.1648, 3.1415, 0.0207, 0.0531,-2.6331
 0.1583, 0.0000, 3.1648, 3.1415,-0.0079, 0.0106,-1.8035
 0.1581, 0.0000, 3.1648, 3.1415,-0.0137, 0.0021,-1.6414
 0.1577, 0.0000, 3.1648, 3.1415,-0.0330, 0.0004,-2.6460
 0.1571, 0.0000, 3.1615, 3.1415,-0.0611,-0.2658, 4.6799
 0.1568, 0.0000, 3.1582, 3.1415,-0.0364,-0.3191, 4.6799
 0.1568, 0.0000, 3.1582, 3.1415,-0.0072,-0.0638, 4.1216
 0.1569, 0.0000, 3.1582, 3.1415, 0.0106,-0.0127, 2.1954
 0.1571, 0.0000, 3.1615, 3.1415, 0.0203, 0.2634,-4.6799
 0.1574, 0.0000, 3.1615, 3.1415, 0.0222, 0.0526,-1.7307
 0.1574, 0.0000, 3.1615, 3.1415, 0.0105, 0.0105, 0.0395
 0.1574, 0.0000, 3.1615, 3.1415, 0.0021, 0.0021, 0.0511
 0.1574, 0.0000, 3.1615, 3.1415, 0.0004, 0.0004, 0.0534
 0.1574, 0.0000, 3.1615, 3.1415, 0.0000, 0.0000, 0.0539
 0.1575, 0.0000, 3.1615, 3.1415, 0.0060, 0.0000, 0.3983
 0.1577, 0.0000, 3.1615, 3.1415, 0.0194, 0.0000, 1.1579
 0.1581, 0.0000, 3.1648, 3.1415, 0.0341, 0.2659,-4.6799
 0.1581, 0.0000, 3.1648, 3.1415, 0.0068, 0.0531,-3.4259
 0.1578, 0.0000, 3.1648, 3.1415,-0.0228, 0.0106,-2.6584
 0.1576, 0.0000, 3.1648, 3.1415,-0.0227, 0.0021,-2.1683
 0.1570, 0.0000, 3.1615, 3.1415,-0.0530,-0.2655, 4.6799
 0.1565, 0.0000, 3.1582, 3.1415,-0.0469,-0.3190, 4.6799
 0.1565, 0.0000, 3.1582, 3.1415,-0.0093,-0.0638, 3.9951
 0.1568, 0.0000, 3.1582, 3.1415, 0.0163,-0.0127, 2.5087
 0.1571, 0.0000, 3.1615, 3.1415, 0.0275, 0.2634,-4.6799
 0.1571, 0.0000, 3.1615, 3.1415, 0.0115, 0.0526,-2.3407
 0.1572, 0.0000, 3.1615, 3.1415, 0.0083, 0.0105,-0.0882
 0.1570, 0.0000, 3.1615, 3.1415,-0.0165, 0.0021,-1.0132
 0.1567, 0.0000, 3.1615, 3.1415,-0.0275, 0.0004,-1.5483
 0.1563, 0.0000, 3.1582, 3.1415,-0.0358,-0.2658, 4.6799
 0.1561, 0.0000, 3.1582, 3.1415,-0.0253,-0.0531, 2.4674
 0.1561, 0.0000, 3.1582, 3.1415,-0.0050,-0.0106, 1.1586
 0.1563, 0.0000, 3.1582, 3.1415, 0.0171,-0.0021, 1.9299
 0.1567, 0.0000, 3.1582, 3.1415, 0.0337,-0.0004, 2.7787
 0.1571, 0.0000, 3.1615, 3.1415, 0.0370, 0.2658,-4.6799
 0.1574, 0.0000, 3.1615, 3.1415, 0.0316, 0.0531,-1.2283
 0.1574, 0.0000, 3.1615, 3.1415, 0.0123, 0.0106, 0.1400
 0.1575, 0.0000, 3.1615, 3.1415, 0.0085, 0.0021, 0.4155
 0.1575, 0.0000, 3.1615, 3.1415, 0.0017, 0.0004, 0.1282
 0.1576, 0.0000, 3.1615, 3.1415, 0.0064, 0.0000, 0.4152
 0.1577, 0.0000, 3.1615, 3.1415, 0.0134, 0.0000, 0.8188
 0.1580, 0.0000, 3.1615, 3.1415, 0.0208, 0.0000, 1.2477
 0.1583, 0.0000, 3.1615, 3.1415, 0.0284, 0.0000, 1.6836
 0.1586, 0.0000, 3.1648, 3.1415, 0.0299, 0.2659,-4.6799
 0.1587, 0.0000, 3.1648, 3.1415, 0.0120, 0.0531,-3.1152
 0.1586, 0.0000, 3.1648, 3.1415,-0.0036, 0.0106,-1.5498
 0.1582, 0.0000, 3.1648, 3.1415,-0.0310, 0.0021,-2.6161
 0.1577, 0.0000, 3.1615, 3.1415,-0.0486,-0.2655, 4.6799
 0.1574, 0.0000, 3.1615, 3.1415,-0.0279,-0.0531, 1.5412
 0.1573, 0.0000, 3.1615, 3.1415,-0.0177,-0.0106,-0.3372
 0.1573, 0.0000, 3.1615, 3.1415,-0.0035,-0.0021,-0.0280
 0.1572, 0.0000, 3.1615, 3.1415,-0.0067,-0.0004,-0.3105
 0.1571, 0.0000, 3.1582, 3.1415,-0.0074,-0.2660, 4.6799
 0.1571, 0.0000, 3.1582, 3.1415,-0.0014,-0.0532, 3.8493
 0.1574, 0.0000, 3.1582, 3.1415, 0.0178,-0.0106, 2.4949
 0.1577, 0.0000, 3.1582, 3.1415, 0.0278,-0.0021, 2.5741
 0.1581, 0.0000, 3.1615, 3.1415, 0.0419, 0.2655,-4.6799
 0.1585, 0.0000, 3.1615, 3.1415, 0.0387, 0.0531,-0.7915
 0.1586, 0.0000, 3.1648, 3.1415, 0.0138, 0.2765,-4.6799
 0.1584, 0.0000, 3.1648, 3.1415,-0.0154, 0.0553,-4.6799
 0.1579, 0.0000, 3.1615, 3.1415,-0.0394,-0.2548, 4.6799
 0.1576, 0.0000, 3.1582, 3.1415,-0.0321,-0.3169, 4.6799
 0.1577, 0.0000, 3.1582, 3.1415,-0.0003,-0.0633, 4.5159
 0.1579, 0.0000, 3.1582, 3.1415, 0.0181,-0.0126, 2.6416
 0.1583, 0.0000, 3.1615, 3.1415, 0.0339, 0.2634,-4.6799
 0.1584, 0.0000, 3.1615, 3.1415, 0.0189, 0.0526,-1.8858
 0.1585, 0.0000, 3.1615, 3.1415, 0.0098, 0.0105, 0.0353
 0.1585, 0.0000, 3.1615, 3.1415, 0.0019, 0.0021, 0.0771
 0.1585, 0.0000, 3.1615, 3.1415, 0.0003, 0.0004, 0.0854
 0.1585, 0.0000, 3.1615, 3.1415, 0.0000, 0.0000, 0.0871
 0.1587, 0.0000, 3.1615, 3.1415, 0.0121, 0.0000, 0.7762
 0.1590, 0.0000, 3.1615, 3.1415, 0.0266, 0.0000, 1.6066
 0.1590, 0.0000, 3.1615, 3.1415, 0.0114, 0.0000, 0.7473
 0.1594, 0.0000, 3.1615, 3.1415, 0.0325, 0.0000, 1.9547
 0.1597, 0.0000, 3.1648, 3.1415, 0.0307, 0.2659,-4.6799
 0.1598, 0.0000, 3.1648, 3.1415, 0.0122, 0.0531,-3.0698
 0.1596, 0.0000, 3.1648, 3.1415,-0.0096, 0.0106,-1.8564
 0.1594, 0.0000, 3.1648, 3.1415,-0.0201, 0.0021,-1.9619
 0.1589, 0.0000, 3.1615, 3.1415,-0.0464,-0.2655, 4.6799
 0.1585, 0.0000, 3.1615, 3.1415,-0.0396,-0.0531, 0.9154
 0.1584, 0.0000, 3.1582, 3.1415,-0.0139,-0.2765, 4.6799
 0.1586, 0.0000, 3.1582, 3.1415, 0.0093,-0.0553, 4.6262
 0.1590, 0.0000, 3.1615, 3.1415, 0.0321, 0.2548,-4.6799
 0.1590, 0.0000, 3.1615, 3.1415, 0.0125, 0.0509,-2.1300
 0.1590, 0.0000, 3.1615, 3.1415, 0.0025, 0.0101,-0.3425
 0.1589, 0.0000, 3.1615, 3.1415,-0.0116, 0.0020,-0.6737
 0.1584, 0.0000, 3.1582, 3.1415,-0.0387,-0.2655, 4.6799
 0.1583, 0.0000, 3.1582, 3.1415,-0.0198,-0.0531, 2.8426
 0.1584, 0.0000, 3.1582, 3.1415, 0.0020,-0.0106, 1.6336
 0.1585, 0.0000, 3.1582, 3.1415, 0.0125,-0.0021, 1.7380
 0.1588, 0.0000, 3.1582, 3.1415, 0.0267,-0.0004, 2.4515
 0.1592, 0.0000, 3.1582, 3.1415, 0.0356,-0.0000, 2.9462
 0.1598, 0.0000, 3.1615, 3.1415, 0.0556, 0.2659,-4.6799
 0.1600, 0.0000, 3.1615, 3.1415, 0.0293, 0.0531,-1.2778
 0.1600, 0.0000, 3.1615, 3.1415, 0.0058, 0.0106,-0.1471
 0.1599, 0.0000, 3.1615, 3.1415,-0.0048, 0.0021,-0.2654
 0.1596, 0.0000, 3.1615, 3.1415,-0.0312, 0.0004,-1.6684
 0.1591, 0.0000, 3.1582, 3.1415,-0.0426,-0.2658, 4.6799
 0.1589, 0.0000, 3.1582, 3.1415,-0.0267,-0.0531, 2.4792
 0.1589, 0.0000, 3.1582, 3.1415,-0.0053,-0.0106, 1.2318
 0.1590, 0.0000, 3.1582, 3.1415, 0.0049,-0.0021, 1.3267
 0.1592, 0.0000, 3.1582, 3.1415, 0.0191,-0.0004, 2.0364
 0.1596, 0.0000, 3.1582, 3.1415, 0.0402,-0.0000, 3.2172
 0.1601, 0.0000, 3.1582, 3.1415, 0.0444,-0.0000, 3.4648
 0.1606, 0.0000, 3.1615, 3.1415, 0.0452, 0.2659,-4.6799
 0.1609, 0.0000, 3.1615, 3.1415, 0.0393, 0.0531,-0.6823
 0.1610, 0.0000, 3.1615, 3.1415, 0.0139, 0.0106, 0.3392
 0.1609, 0.0000, 3.1615, 3.1415,-0.0032, 0.0021,-0.1431
 0.1609, 0.0000, 3.1615, 3.1415,-0.0006, 0.0004, 0.1027
 0.1609, 0.0000, 3.1615, 3.1415,-0.0061, 0.0000,-0.1924
 0.1606, 0.0000, 3.1615, 3.1415,-0.0194, 0.0000,-0.9421
 0.1605, 0.0000, 3.1582, 3.1415,-0.0160,-0.2659, 4.6799
 0.1606, 0.0000, 3.1582, 3.1415, 0.0028,-0.0531, 4.2010
 0.1608, 0.0000, 3.1582, 3.1415, 0.0187,-0.0106, 2.6515
 0.1609, 0.0000, 3.1582, 3.1415, 0.0098,-0.0021, 1.6585
 0.1612, 0.0000, 3.1582, 3.1415, 0.0262,-0.0004, 2.4950
 0.1618, 0.0000, 3.1615, 3.1415, 0.0537, 0.2658,-4.6799
 0.1621, 0.0000, 3.1615, 3.1415, 0.0350, 0.0531,-0.8917
 0.1620, 0.0000, 3.1615, 3.1415, 0.0009, 0.0106,-0.3625
 0.1618, 0.0000, 3.1615, 3.1415,-0.0180, 0.0021,-0.9474
 0.1615, 0.0000, 3.1582, 3.1415,-0.0217,-0.2655, 4.6799
 0.1615, 0.0000, 3.1582, 3.1415,-0.0104,-0.0531, 3.4758
 0.1615, 0.0000, 3.1582, 3.1415,-0.0020,-0.0106, 1.4963
 0.1618, 0.0000, 3.1582, 3.1415, 0.0238,-0.0021, 2.4779
 0.1623, 0.0000, 3.1582, 3.1415, 0.0472,-0.0004, 3.7149
 0.1629, 0.0000, 3.1582, 3.1415, 0.0579,-0.0000, 4.3202
 0.1637, 0.0000, 3.1615, 3.1415, 0.0782, 0.2659,-4.6799
 0.1642, 0.0000, 3.1648, 3.1415, 0.0520, 0.3191,-4.6799
 0.1644, 0.0000, 3.1648, 3.1415, 0.0285, 0.0638,-2.6133
 0.1643, 0.0000, 3.1648, 3.1415,-0.0003, 0.0127,-1.3038
 0.1640, 0.0000, 3.1615, 3.1415,-0.0243,-0.2633, 4.6799
 0.1638, 0.0000, 3.1615, 3.1415,-0.0230,-0.0526, 1.9923
 0.1639, 0.0000, 3.1615, 3.1415, 0.0014,-0.0105, 0.9470
 0.1643, 0.0000, 3.1615, 3.1415, 0.0306,-0.0021, 2.1173
 0.1646, 0.0000, 3.1615, 3.1415, 0.0364,-0.0004, 2.3609
 0.1652, 0.0000, 3.1615, 3.1415, 0.0497,-0.0000, 3.1080
 0.1658, 0.0000, 3.1648, 3.1415, 0.0584, 0.2659,-4.6799
 0.1662, 0.0000, 3.1648, 3.1415, 0.0420, 0.0531,-1.1884
 0.1665, 0.0000, 3.1648, 3.1415, 0.0326, 0.0106, 0.7470
 0.1667, 0.0000, 3.1648, 3.1415, 0.0247, 0.0021, 0.7974
 0.1669, 0.0000, 3.1648, 3.1415, 0.0231, 0.0004, 0.8132
 0.1671, 0.0000, 3.1648, 3.1415, 0.0228, 0.0000, 0.8221
 0.1675, 0.0000, 3.1681, 3.1415, 0.0288, 0.2659,-4.6799
 0.1677, 0.0000, 3.1681, 3.1415, 0.0239, 0.0531,-2.9798
 0.1676, 0.0000, 3.1681, 3.1415,-0.0012, 0.0106,-1.9512
 0.1674, 0.0000, 3.1648, 3.1415,-0.0184,-0.2638, 4.6799
 0.1673, 0.0000, 3.1648, 3.1415,-0.0097,-0.0527, 2.0374
 0.1675, 0.0000, 3.1648, 3.1415, 0.0101,-0.0105, 0.7322
 0.1676, 0.0000, 3.1648, 3.1415, 0.0141,-0.0021, 0.4749
 0.1679, 0.0000, 3.1648, 3.1415, 0.0270,-0.0004, 1.1161
 0.1684, 0.0000, 3.1681, 3.1415, 0.0417, 0.2658,-4.6799
 0.1686, 0.0000, 3.1681, 3.1415, 0.0265, 0.0531,-2.8034
 0.1686, 0.0000, 3.1681, 3.1415, 0.0053, 0.0106,-1.5485
 0.1684, 0.0000, 3.1681, 3.1415,-0.0171, 0.0021,-2.3306
 0.1681, 0.0000, 3.1648, 3.1415,-0.0276,-0.2655, 4.6799
 0.1680, 0.0000, 3.1648, 3.1415,-0.0115,-0.0531, 1.9745
 0.1681, 0.0000, 3.1648, 3.1415, 0.0037,-0.0106, 0.3924
 0.1683, 0.0000, 3.1648, 3.1415, 0.0189,-0.0021, 0.7667
 0.1684, 0.0000, 3.1648, 3.1415, 0.0159,-0.0004, 0.5030
 0.1690, 0.0000, 3.1648, 3.1415, 0.0456,-0.0000, 2.1758
 0.1695, 0.0000, 3.1681, 3.1415, 0.0515, 0.2659,-4.6799
 0.1697, 0.0000, 3.1681, 3.1415, 0.0285, 0.0531,-2.6581
 0.1696, 0.0000, 3.1681, 3.1415,-0.0003, 0.0106,-1.8350
 0.1696, 0.0000, 3.1681, 3.1415,-0.0000, 0.0021,-1.3280
 0.1693, 0.0000, 3.1681, 3.1415,-0.0242, 0.0004,-2.6040
 0.1688, 0.0000, 3.1648, 3.1415,-0.0472,-0.2658, 4.6799
 0.1687, 0.0000, 3.1648, 3.1415,-0.0155,-0.0531, 1.7810
 0.1688, 0.0000, 3.1648, 3.1415, 0.0029,-0.0106, 0.3730
 0.1690, 0.0000, 3.1648, 3.1415, 0.0187,-0.0021, 0.7819
 0.1692, 0.0000, 3.1648, 3.1415, 0.0158,-0.0004, 0.5252
 0.1697, 0.0000, 3.1648, 3.1415, 0.0456,-0.0000, 2.1994
 0.1700, 0.0000, 3.1681, 3.1415, 0.0333, 0.2659,-4.6799
 0.1702, 0.0000, 3.1681, 3.1415, 0.0188, 0.0531,-3.1909
 0.1702, 0.0000, 3.1681, 3.1415, 0.0037, 0.0106,-1.5857
 0.1699, 0.0000, 3.1681, 3.1415,-0.0235, 0.0021,-2.6422
 0.1696, 0.0000, 3.1648, 3.1415,-0.0228,-0.2655, 4.6799
 0.1696, 0.0000, 3.1648, 3.1415,-0.0045,-0.0531, 2.4231
 0.1696, 0.0000, 3.1648, 3.1415,-0.0009,-0.0106, 0.1800
 0.1697, 0.0000, 3.1648, 3.1415, 0.0058,-0.0021, 0.0757
 0.1700, 0.0000, 3.1648, 3.1415, 0.0254,-0.0004, 1.0899
 0.1706, 0.0000, 3.1681, 3.1415, 0.0475, 0.2658,-4.6799
 0.1707, 0.0000, 3.1681, 3.1415, 0.0216, 0.0531,-3.0137
 0.1706, 0.0000, 3.1681, 3.1415,-0.0017, 0.0106,-1.8812
 0.1706, 0.0000, 3.1681, 3.1415,-0.0064, 0.0021,-1.6567
 0.1703, 0.0000, 3.1681, 3.1415,-0.0255, 0.0004,-2.6468
 0.1698, 0.0000, 3.1681, 3.1415,-0.0414, 0.0000,-3.5412
 0.1693, 0.0000, 3.1648, 3.1415,-0.0446,-0.2659, 4.6799
 0.1691, 0.0000, 3.1648, 3.1415,-0.0271,-0.0531, 1.1394
 0.1690, 0.0000, 3.1648, 3.1415,-0.0114,-0.0106,-0.4345
 0.1691, 0.0000, 3.1648, 3.1415, 0.0037,-0.0021,-0.0624
 0.1690, 0.0000, 3.1648, 3.1415,-0.0113,-0.0004,-1.0192
 0.1689, 0.0000, 3.1648, 3.1415,-0.0083,-0.0000,-0.8700
 0.1687, 0.0000, 3.1648, 3.1415,-0.0137,-0.0000,-1.1865
 0.1685, 0.0000, 3.1615, 3.1415,-0.0209,-0.2659, 4.6799
 0.1684, 0.0000, 3.1615, 3.1415,-0.0102,-0.0531, 2.8899
 0.1686, 0.0000, 3.1615, 3.1415, 0.0100,-0.0106, 1.5878
 0.1690, 0.0000, 3.1648, 3.1415, 0.0383, 0.2638,-4.6799
 0.1692, 0.0000, 3.1648, 3.1415, 0.0198, 0.0527,-2.3203
 0.1691, 0.0000, 3.1648, 3.1415,-0.0021, 0.0105,-1.1245
 0.1690, 0.0000, 3.1648, 3.1415,-0.0125, 0.0021,-1.2317
 0.1688, 0.0000, 3.1648, 3.1415,-0.0146, 0.0004,-1.2569
 0.1684, 0.0000, 3.1648, 3.1415,-0.0332, 0.0000,-2.2989
 0.1680, 0.0000, 3.1615, 3.1415,-0.0430,-0.2659, 4.6799
 0.1679, 0.0000, 3.1615, 3.1415,-0.0146,-0.0531, 2.6238
 0.1680, 0.0000, 3.1615, 3.1415, 0.0031,-0.0106, 1.1767
 0.1681, 0.0000, 3.1615, 3.1415, 0.0127,-0.0021, 1.2336
 0.1684, 0.0000, 3.1615, 3.1415, 0.0207,-0.0004, 1.5932
 0.1688, 0.0000, 3.1648, 3.1415, 0.0405, 0.2658,-4.6799
 0.1691, 0.0000, 3.1648, 3.1415, 0.0323, 0.0531,-1.6383
 0.1692, 0.0000, 3.1648, 3.1415, 0.0125, 0.0106,-0.3013
 0.1690, 0.0000, 3.1648, 3.1415,-0.0096, 0.0021,-1.0651
 0.1689, 0.0000, 3.1648, 3.1415,-0.0140, 0.0004,-1.2216
 0.1685, 0.0000, 3.1648, 3.1415,-0.0331, 0.0000,-2.2899
 0.1682, 0.0000, 3.1648, 3.1415,-0.0308, 0.0000,-2.1688
 0.1678, 0.0000, 3.1615, 3.1415,-0.0425,-0.2659, 4.6799
 0.1675, 0.0000, 3.1615, 3.1415,-0.0267,-0.0531, 1.9334
 0.1677, 0.0000, 3.1615, 3.1415, 0.0067,-0.0106, 1.3735
 0.1680, 0.0000, 3.1615, 3.1415, 0.0256,-0.0021, 1.9540
 0.1682, 0.0000, 3.1648, 3.1415, 0.0233, 0.2655,-4.6799
 0.1683, 0.0000, 3.1648, 3.1415, 0.0107, 0.0531,-2.8809
 0.1684, 0.0000, 3.1648, 3.1415, 0.0082, 0.0106,-0.5708
 0.1681, 0.0000, 3.1648, 3.1415,-0.0165, 0.0021,-1.4844
 0.1677, 0.0000, 3.1648, 3.1415,-0.0396, 0.0004,-2.7060
 0.1672, 0.0000, 3.1648, 3.1415,-0.0443, 0.0000,-2.9618
 0.1667, 0.0000, 3.1615, 3.1415,-0.0513,-0.2659, 4.6799
 0.1664, 0.0000, 3.1615, 3.1415,-0.0345,-0.0531, 1.4566
 0.1664, 0.0000, 3.1615, 3.1415,-0.0069,-0.0106, 0.5606
 0.1665, 0.0000, 3.1615,