 0.0000, 0.0000, 0.0000, 0.0000, 0.0000, 0.0000, 0.0000
 0.0000, 0.0000, 0.0000, 0.0000, 0.0000, 0.0000, 0.0000
 0.0000, 0.0000, 0.0000, 0.0000, 0.0000, 0.0000, 0.0000
 0.0000, 0.0000, 0.0000, 0.0000, 0.0000, 0.0000, 0.0000
 0.0000, 0.0000, 0.0000, 0.0000, 0.0000, 0.0000, 0.0000
 0.0000, 0.0000, 0.0000, 0.0000, 0.0000, 0.0000, 0.0000
 0.0000, 0.0000, 0.0000, 0.0000, 0.0000, 0.0000, 0.0000
 0.0000, 0.0000, 0.0000, 0.0000, 0.0000, 0.0000, 0.0000
 0.0000, 0.0000, 0.0000, 0.0000, 0.0000, 0.0000, 0.0000
 0.0000, 0.0000, 0.0000, 0.0000, 0.0000, 0.0000, 0.0000
 0.0000, 0.0000, 0.0000, 0.0000, 0.0000, 0.0000, 0.0000
 0.0000, 0.0000, 0.0000, 0.0000, 0.0000, 0.0000, 0.0000
 0.0000, 0.0000, 0.0000, 0.0000, 0.0000, 0.0000, 0.0000
 0.0000, 0.0000, 0.0000, 0.0000, 0.0000, 0.0000, 0.0000
 0.0000, 0.0000, 0.0000, 0.0000, 0.0000, 0.0000, 0.0000
 0.0000, 0.0000, 0.0000, 0.0000, 0.0000, 0.0000, 0.0000
 0.0000, 0.0000, 0.0000, 0.0000, 0.0000, 0.0000, 0.0000
 0.0000, 0.0000, 0.0000, 0.0000, 0.0000, 0.0000, 0.0000
 0.0000, 0.0000, 0.0000, 0.0000, 0.0000, 0.0000, 0.0000
 0.0000, 0.0000, 0.0000, 0.0000, 0.0000, 0.0000, 0.0000
 0.0000, 0.0000, 0.0000, 0.0000, 0.0000, 0.0000, 0.0000
 0.0000, 0.0000, 0.0000, 0.0000, 0.0000, 0.0000, 0.0000
 0.0000, 0.0000, 0.0000, 0.0000, 0.0000, 0.0000, 0.0000
 0.0000, 0.0000, 0.0000, 0.0000, 0.0000, 0.0000, 0.0000
 0.0000, 0.0000, 0.0000, 0.0000, 0.0000, 0.0000, 0.0000
 0.0000, 0.0000, 0.0000, 0.0000, 0.0000, 0.0000, 0.0000
 0.0000, 0.0000, 0.0000, 0.0000, 0.0000, 0.0000, 0.0000
 0.0000, 0.0000, 0.0000, 0.0000, 0.0000, 0.0000, 0.0000
 0.0000, 0.0000, 0.0000, 0.0000, 0.0000, 0.0000, 0.0000
 0.0000, 0.0000, 0.0000, 0.0000, 0.0000, 0.0000, 0.0000
 0.0000, 0.0000, 0.0000, 0.0000, 0.0000, 0.0000, 0.0000
 0.0000, 0.0000, 0.0000, 0.0000, 0.0000, 0.0000, 0.0000
 0.0000, 0.0000, 0.0000, 0.0000, 0.0000, 0.0000, 0.0000
 0.0000, 0.0000, 0.0000, 0.0000, 0.0000, 0.0000, 0.0000
 0.0000, 0.0000, 0.0000, 0.0000, 0.0000, 0.0000, 0.0000
 0.0000, 0.0000, 0.0000, 0.0000, 0.0000, 0.0000, 0.0000
 0.0000, 0.0000, 0.0000, 0.0000, 0.0000, 0.0000, 0.0000
 0.0000, 0.0000, 0.0000, 0.0000, 0.0000, 0.0000, 0.0000
 0.0000, 0.0000, 0.0000, 0.0000, 0.0000, 0.0000, 0.0000
 0.0000, 0.0000, 0.0000, 0.0000, 0.0000, 0.0000, 0.0000
 0.0000, 0.0000, 0.0000, 0.0000, 0.0000, 0.0000, 0.0000
 0.0000, 0.0000, 0.0000, 0.0000, 0.0000, 0.0000, 0.0000
 0.0000, 0.0000, 0.0000, 0.0000, 0.0000, 0.0000, 0.0000
 0.0000, 0.0000, 0.0000, 0.0000, 0.0000, 0.0000, 0.0000
 0.0000, 0.0000, 0.0000, 0.0000, 0.0000, 0.0000, 0.0000
 0.0000, 0.0000, 0.0000, 0.0000, 0.0000, 0.0000, 0.0000
 0.0000, 0.0000, 0.0000, 0.0000, 0.0000, 0.0000, 0.0000
 0.0000, 0.0000, 0.0000, 0.0000, 0.0000, 0.0000, 0.0000
 0.0000, 0.0000, 0.0000, 0.0000, 0.0000, 0.0000, 0.0000
 0.0000, 0.0000, 0.0000, 0.0000, 0.0000, 0.0000, 0.0000
 0.0000, 0.0000, 0.0000, 0.0000, 0.0000, 0.0000, 0.0000
 0.0000, 0.0000, 0.0000, 0.0000, 0.0000, 0.0000, 0.0000
 0.0000, 0.0000, 0.0000, 0.0000, 0.0000, 0.0000, 0.0000
 0.0000, 0.0000, 0.0000, 0.0000, 0.0000, 0.0000, 0.0000
 0.0000, 0.0000, 0.0000, 0.0000, 0.0000, 0.0000, 0.0000
 0.0000, 0.0000, 0.0000, 0.0000, 0.0000, 0.0000, 0.0000
 0.0000, 0.0000, 0.0000, 0.0000, 0.0000, 0.0000, 0.0000
 0.0000, 0.0000, 0.0000, 0.0000, 0.0000, 0.0000, 0.0000
 0.0000, 0.0000, 0.0000, 0.0000, 0.0000, 0.0000, 0.0000
 0.0000, 0.0000, 0.0000, 0.0000, 0.0000, 0.0000, 0.0000
 0.0000, 0.0000, 0.0000, 0.0000, 0.0000, 0.0000, 0.0000
 0.0000, 0.0000, 0.0000, 0.0000, 0.0000, 0.0000, 0.0000
 0.0000, 0.0000, 0.0000, 0.0000, 0.0000, 0.0000, 0.0000
 0.0000, 0.0000, 0.0000, 0.0000, 0.0000, 0.0000, 0.0000
 0.0000, 0.0000, 0.0000, 0.0000, 0.0000, 0.0000, 0.0000
 0.0000, 0.0000, 0.0000, 0.0000, 0.0000, 0.0000, 0.0000
 0.0000, 0.0000, 0.0000, 0.0000, 0.0000, 0.0000, 0.0000
 0.0000, 0.0000, 0.0000, 0.0000, 0.0000, 0.0000, 0.0000
 0.0000, 0.0000, 0.0000, 0.0000, 0.0000, 0.0000, 0.0000
 0.0000, 0.0000, 0.0000, 0.0000, 0.0000, 0.0000, 0.0000
 0.0000, 0.0000, 0.0000, 0.0000, 0.0000, 0.0000, 0.0000
 0.0000, 0.0000, 0.0000, 0.0000, 0.0000, 0.0000, 0.0000
 0.0000, 0.0000, 0.0000, 0.0000, 0.0000, 0.0000, 0.0000
 0.0000, 0.0000, 0.0000, 0.0000, 0.0000, 0.0000, 0.0000
 0.0000, 0.0000, 0.0000, 0.0000, 0.0000, 0.0000, 0.0000
 0.0000, 0.0000, 0.0000, 0.0000, 0.0000, 0.0000, 0.0000
 0.0000, 0.0000, 0.0000, 0.0000, 0.0000, 0.0000, 0.0000
 0.0000, 0.0000, 0.0000, 0.0000, 0.0000, 0.0000, 0.0000
 0.0000, 0.0000, 0.0000, 0.0000, 0.0000, 0.0000, 0.0000
 0.0000, 0.0000, 0.0000, 0.0000, 0.0000, 0.0000, 0.0000
 0.0000, 0.0000, 0.0000, 0.0000, 0.0000, 0.0000, 0.0000
 0.0000, 0.0000, 0.0000, 0.0000, 0.0000, 0.0000, 0.0000
 0.0000, 0.0000, 0.0000, 0.0000, 0.0000, 0.0000, 0.0000
 0.0000, 0.0000, 0.0000, 0.0000, 0.0000, 0.0000, 0.0000
 0.0000, 0.0000, 0.0000, 0.0000, 0.0000, 0.0000, 0.0000
 0.0000, 0.0000, 0.0000, 0.0000, 0.0000, 0.0000, 0.0000
 0.0000, 0.0000, 0.0000, 0.0000, 0.0000, 0.0000, 0.0000
 0.0000, 0.0000, 0.0000, 0.0000, 0.0000, 0.0000, 0.0000
 0.0000, 0.0000, 0.0000, 0.0000, 0.0000, 0.0000, 0.0000
 0.0000, 0.0000, 0.0000, 0.0000, 0.0000, 0.0000, 0.0000
 0.0000, 0.0000, 0.0000, 0.0000, 0.0000, 0.0000, 0.0000
 0.0000, 0.0000, 0.0000, 0.0000, 0.0000, 0.0000, 0.0000
 0.0000, 0.0000, 0.0000, 0.0000, 0.0000, 0.0000, 0.0000
 0.0000, 0.0000, 0.0000, 0.0000, 0.0000, 0.0000, 0.0000
 0.0000, 0.0000, 0.0000, 0.0000, 0.0000, 0.0000, 0.0000
 0.0000, 0.0000, 0.0000, 0.0000, 0.0000, 0.0000, 0.0000
 0.0000, 0.0000, 0.0000, 0.0000, 0.0000, 0.0000, 0.0000
 0.0000, 0.0000, 0.0000, 0.0000, 0.0000, 0.0000, 0.0000
 0.0000, 0.0000, 0.0000, 0.0000, 0.0000, 0.0000, 0.0000
 0.0000, 0.0000, 0.0000, 0.0000, 0.0000, 0.0000, 0.0000
 0.0000, 0.0000, 0.0000, 0.0000, 0.0000, 0.0000, 0.0000
 0.0000, 0.0000, 0.0000, 0.0000, 0.0000, 0.0000, 0.0000
 0.0000, 0.0000, 0.0000, 0.0000, 0.0000, 0.0000, 0.0000
 0.0000, 0.0000, 0.0000, 0.0000, 0.0000, 0.0000, 0.0000
 0.0000, 0.0000, 0.0000, 0.0000, 0.0000, 0.0000, 0.0000
 0.0000, 0.0000, 0.0000, 0.0000, 0.0000, 0.0000, 0.0000
 0.0000, 0.0000, 0.0000, 0.0000, 0.0000, 0.0000, 0.0000
 0.0000, 0.0000, 0.0000, 0.0000, 0.0000, 0.0000, 0.0000
 0.0000, 0.0000, 0.0000, 0.0000, 0.0000, 0.0000, 0.0000
 0.0000, 0.0000, 0.0000, 0.0000, 0.0000, 0.0000, 0.0000
 0.0000, 0.0000, 0.0000, 0.0000, 0.0000, 0.0000, 0.0000
 0.0000, 0.0000, 0.0000, 0.0000, 0.0000, 0.0000, 0.0000
 0.0000, 0.0000, 0.0000, 0.0000, 0.0000, 0.0000, 0.0000
 0.0000, 0.0000, 0.0000, 0.0000, 0.0000, 0.0000, 0.0000
 0.0000, 0.0000, 0.0000, 0.0000, 0.0000, 0.0000, 0.0000
 0.0000, 0.0000, 0.0000, 0.0000, 0.0000, 0.0000, 0.0000
 0.0000, 0.0000, 0.0000, 0.0000, 0.0000, 0.0000, 0.0000
 0.0000, 0.0000, 0.0000, 0.0000, 0.0000, 0.0000, 0.0000
 0.0000, 0.0000, 0.0000, 0.0000, 0.0000, 0.0000, 0.0000
 0.0000, 0.0000, 0.0000, 0.0000, 0.0000, 0.0000, 0.0000
 0.0000, 0.0000, 0.0000, 0.0000, 0.0000, 0.0000, 0.0000
 0.0000, 0.0000, 0.0000, 0.0000, 0.0000, 0.0000, 0.0000
 0.0000, 0.0000, 0.0000, 0.0000, 0.0000, 0.0000, 0.0000
 0.0000, 0.0000, 0.0000, 0.0000, 0.0000, 0.0000, 0.0000
 0.0000, 0.0000, 0.0000, 0.0000, 0.0000, 0.0000, 0.0000
 0.0000, 0.0000, 0.0000, 0.0000, 0.0000, 0.0000, 0.0000
 0.0000, 0.0000, 0.0000, 0.0000, 0.0000, 0.0000, 0.0000
 0.0000, 0.0000, 0.0000, 0.0000, 0.0000, 0.0000, 0.0000
 0.0000, 0.0000, 0.0000, 0.0000, 0.0000, 0.0000, 0.0000
 0.0000, 0.0000, 0.0000, 0.0000, 0.0000, 0.0000, 0.0000
 0.0000, 0.0000, 0.0000, 0.0000, 0.0000, 0.0000, 0.0000
 0.0000, 0.0000, 0.0000, 0.0000, 0.0000, 0.0000, 0.0000
 0.0000, 0.0000, 0.0000, 0.0000, 0.0000, 0.0000, 0.0000
 0.0000, 0.0000, 0.0000, 0.0000, 0.0000, 0.0000, 0.0000
 0.0000, 0.0000, 0.0000, 0.0000, 0.0000, 0.0000, 0.0000
 0.0000, 0.0000, 0.0000, 0.0000, 0.0000, 0.0000, 0.0000
 0.0000, 0.0000, 0.0000, 0.0000, 0.0000, 0.0000, 0.0000
 0.0000, 0.0000, 0.0000, 0.0000, 0.0000, 0.0000, 0.0000
 0.0000, 0.0000, 0.0000, 0.0000, 0.0000, 0.0000, 0.0000
 0.0000, 0.0000, 0.0000, 0.0000, 0.0000, 0.0000, 0.0000
 0.0000, 0.0000, 0.0000, 0.0000, 0.0000, 0.0000, 0.0000
 0.0000, 0.0000, 0.0000, 0.0000, 0.0000, 0.0000, 0.0000
 0.0000, 0.0000, 0.0000, 0.0000, 0.0000, 0.0000, 0.0000
 0.0000, 0.0000, 0.0000, 0.0000, 0.0000, 0.0000, 0.0000
 0.0000, 0.0000, 0.0000, 0.0000, 0.0000, 0.0000, 0.0000
 0.0000, 0.0000, 0.0000, 0.0000, 0.0000, 0.0000, 0.0000
 0.0000, 0.0000, 0.0000, 0.0000, 0.0000, 0.0000, 0.0000
 0.0000, 0.0000, 0.0000, 0.0000, 0.0000, 0.0000, 0.0000
 0.0000, 0.0000, 0.0000, 0.0000, 0.0000, 0.0000, 0.0000
 0.0000, 0.0000, 0.0000, 0.0000, 0.0000, 0.0000, 0.0000
 0.0000, 0.0000, 0.0000, 0.0000, 0.0000, 0.0000, 0.0000
 0.0000, 0.0000, 0.0000, 0.0000, 0.0000, 0.0000, 0.0000
 0.0000, 0.0000, 0.0000, 0.0000, 0.0000, 0.0000, 0.0000
 0.0000, 0.0000, 0.0000, 0.0000, 0.0000, 0.0000, 0.0000
 0.0000, 0.0000, 0.0000, 0.0000, 0.0000, 0.0000, 0.0000
 0.0000, 0.0000, 0.0000, 0.0000, 0.0000, 0.0000, 0.0000
 0.0000, 0.0000, 0.0000, 0.0000, 0.0000, 0.0000, 0.0000
 0.0000, 0.0000, 0.0000, 0.0000, 0.0000, 0.0000, 0.0000
 0.0000, 0.0000, 0.0000, 0.0000, 0.0000, 0.0000, 0.0000
 0.0000, 0.0000, 0.0000, 0.0000, 0.0000, 0.0000, 0.0000
 0.0000, 0.0000, 0.0000, 0.0000, 0.0000, 0.0000, 0.0000
 0.0000, 0.0000, 0.0000, 0.0000, 0.0000, 0.0000, 0.0000
 0.0000, 0.0000, 0.0000, 0.0000, 0.0000, 0.0000, 0.0000
 0.0000, 0.0000, 0.0000, 0.0000, 0.0000, 0.0000, 0.0000
 0.0000, 0.0000, 0.0000, 0.0000, 0.0000, 0.0000, 0.0000
 0.0000, 0.0000, 0.0000, 0.0000, 0.0000, 0.0000, 0.0000
 0.0000, 0.0000, 0.0000, 0.0000, 0.0000, 0.0000, 0.0000
 0.0000, 0.0000, 0.0000, 0.0000, 0.0000, 0.0000, 0.0000
 0.0000, 0.0000, 0.0000, 0.0000, 0.0000, 0.0000, 0.0000
 0.0000, 0.0000, 0.0000, 0.0000, 0.0000, 0.0000, 0.0000
 0.0000, 0.0000, 0.0000, 0.0000, 0.0000, 0.0000, 0.0000
 0.0000, 0.0000, 0.0000, 0.0000, 0.0000, 0.0000, 0.0000
 0.0000, 0.0000, 0.0000, 0.0000, 0.0000, 0.0000, 0.0000
 0.0000, 0.0000, 0.0000, 0.0000, 0.0000, 0.0000, 0.0000
 0.0000, 0.0000, 0.0000, 0.0000, 0.0000, 0.0000, 0.0000
 0.0000, 0.0000, 0.0000, 0.0000, 0.0000, 0.0000, 0.0000
 0.0000, 0.0000, 0.0000, 0.0000, 0.0000, 0.0000, 0.0000
 0.0000, 0.0000, 0.0000, 0.0000, 0.0000, 0.0000, 0.0000
 0.0000, 0.0000, 0.0000, 0.0000, 0.0000, 0.0000, 0.0000
 0.0000, 0.0000, 0.0000, 0.0000, 0.0000, 0.0000, 0.0000
 0.0000, 0.0000, 0.0000, 0.0000, 0.0000, 0.0000, 0.0000
 0.0000, 0.0000, 0.0000, 0.0000, 0.0000, 0.0000, 0.0000
 0.0000, 0.0000, 0.0000, 0.0000, 0.0000, 0.0000, 0.0000
 0.0000, 0.0000, 0.0000, 0.0000, 0.0000, 0.0000, 0.0000
 0.0000, 0.0000, 0.0000, 0.0000, 0.0000, 0.0000, 0.0000
 0.0000, 0.0000, 0.0000, 0.0000, 0.0000, 0.0000, 0.0000
 0.0000, 0.0000, 0.0000, 0.0000, 0.0000, 0.0000, 0.0000
 0.0000, 0.0000, 0.0033, 0.0000, 0.0000, 0.2659, 0.0000
 0.0000, 0.0000, 0.0066, 0.0000, 0.0000, 0.3191, 0.0000
 0.0000, 0.0000, 0.0132, 0.0000, 0.0000, 0.5957, 0.0000
 0.0000, 0.0000, 0.0199, 0.0000, 0.0000, 0.6510, 0.0000
 0.0000, 0.0000, 0.0265, 0.0000, 0.0000, 0.6621, 0.0000
 0.0000, 0.0000, 0.0365, 0.0000, 0.0000, 0.9302, 0.0000
 0.0000, 0.0000, 0.0465, 0.0000, 0.0000, 0.9839, 0.0000
 0.0000, 0.0000, 0.0531, 0.0000, 0.0000, 0.7286, 0.0000
 0.0000, 0.0000, 0.0631, 0.0000, 0.0000, 0.9436, 0.0000
 0.0000, 0.0000, 0.0731, 0.0000, 0.0000, 0.9865, 0.0000
 0.0000, 0.0000, 0.0797, 0.0000, 0.0000, 0.7292, 0.0000
 0.0000, 0.0000, 0.0897, 0.0000, 0.0000, 0.9437, 0.0000
 0.0000, 0.0000, 0.0997, 0.0000, 0.0000, 0.9866, 0.0000
 0.0000, 0.0000, 0.1063, 0.0000, 0.0000, 0.7292, 0.0000
 0.0000, 0.0000, 0.1163, 0.0000, 0.0000, 0.9437, 0.0000
 0.0000, 0.0000, 0.1230, 0.0000, 0.0000, 0.7206, 0.0000
 0.0000, 0.0000, 0.1296, 0.0000, 0.0000, 0.6760, 0.0000
 0.0000, 0.0000, 0.1363, 0.0000, 0.0000, 0.6671, 0.0000
 0.0000, 0.0000, 0.1462, 0.0000, 0.0000, 0.9312, 0.0000
 0.0000, 0.0000, 0.1529, 0.0000, 0.0000, 0.7181, 0.0000
 0.0000, 0.0000, 0.1595, 0.0000, 0.0000, 0.6755, 0.0000
 0.0000, 0.0000, 0.1695, 0.0000, 0.0000, 0.9329, 0.0000
 0.0000, 0.0000, 0.1795, 0.0000, 0.0000, 0.9844, 0.0000
 0.0000, 0.0000, 0.1894, 0.0000, 0.0000, 0.9947, 0.0000
 0.0000, 0.0000, 0.2027, 0.0000, 0.0000, 1.2627, 0.0000
 0.0000, 0.0000, 0.2127, 0.0000, 0.0000, 1.0504, 0.0000
 0.0000, 0.0000, 0.2227, 0.0000, 0.0000, 1.0079, 0.0000
 0.0000, 0.0000, 0.2360, 0.0000, 0.0000, 1.2654, 0.0000
 0.0000, 0.0000, 0.2460, 0.0000, 0.0000, 1.0509, 0.0000
 0.0000, 0.0000, 0.2559, 0.0000, 0.0000, 1.0080, 0.0000
 0.0000, 0.0000, 0.2659, 0.0000, 0.0000, 0.9994, 0.0000
 0.0000, 0.0000, 0.2759, 0.0000, 0.0000, 0.9977, 0.0000
 0.0000, 0.0000, 0.2859, 0.0000, 0.0000, 0.9974, 0.0000
 0.0000, 0.0000, 0.2958, 0.0000, 0.0000, 0.9973, 0.0000
 0.0000, 0.0000, 0.3058, 0.0000, 0.0000, 0.9973, 0.0000
 0.0000, 0.0000, 0.3158, 0.0000, 0.0000, 0.9973, 0.0000
 0.0000, 0.0000, 0.3257, 0.0000, 0.0000, 0.9973, 0.0000
 0.0000, 0.0000, 0.3357, 0.0000, 0.0000, 0.9973, 0.0000
 0.0000, 0.0000, 0.3457, 0.0000, 0.0000, 0.9973, 0.0000
 0.0000, 0.0000, 0.3557, 0.0000, 0.0000, 0.9973, 0.0000
 0.0000, 0.0000, 0.3656, 0.0000, 0.0000, 0.9973, 0.0000
 0.0000, 0.0000, 0.3756, 0.0000, 0.0000, 0.9973, 0.0000
 0.0000, 0.0000, 0.3856, 0.0000, 0.0000, 0.9973, 0.0000
 0.0000, 0.0000, 0.3956, 0.0000, 0.0000, 0.9973, 0.0000
 0.0000, 0.0000, 0.4089, 0.0000, 0.0000, 1.2632, 0.0000
 0.0000, 0.0000, 0.4188, 0.0000, 0.0000, 1.0505, 0.0000
 0.0000, 0.0000, 0.4321, 0.0000, 0.0000, 1.2739, 0.0000
 0.0000, 0.0000, 0.4421, 0.0000, 0.0000, 1.0526, 0.0000
 0.0000, 0.0000, 0.4554, 0.0000, 0.0000, 1.2743, 0.0000
 0.0000, 0.0000, 0.4654, 0.0000, 0.0000, 1.0527, 0.0000
 0.0000, 0.0000, 0.4753, 0.0000, 0.0000, 1.0084, 0.0000
 0.0000, 0.0000, 0.4886, 0.0000, 0.0000, 1.2654, 0.0000
 0.0000, 0.0000, 0.4986, 0.0000, 0.0000, 1.0509, 0.0000
 0.0000, 0.0000, 0.5119, 0.0000, 0.0000, 1.2740, 0.0000
 0.0000, 0.0000, 0.5219, 0.0000, 0.0000, 1.0526, 0.0000
 0.0000, 0.0000, 0.5352, 0.0000, 0.0000, 1.2743, 0.0000
 0.0000, 0.0000, 0.5452, 0.0000, 0.0000, 1.0527, 0.0000
 0.0000, 0.0000, 0.5551, 0.0000, 0.0000, 1.0084, 0.0000
 0.0000, 0.0000, 0.5684, 0.0000, 0.0000, 1.2654, 0.0000
 0.0000, 0.0000, 0.5784, 0.0000, 0.0000, 1.0509, 0.0000
 0.0000, 0.0000, 0.5917, 0.0000, 0.0000, 1.2740, 0.0000
 0.0000, 0.0000, 0.6017, 0.0000, 0.0000, 1.0526, 0.0000
 0.0000, 0.0000, 0.6150, 0.0000, 0.0000, 1.2743, 0.0000
 0.0000, 0.0000, 0.6283, 0.0000, 0.0000, 1.3186, 0.0000
 0.0000, 0.0000, 0.6382, 0.0000, 0.0000, 1.0616, 0.0000
 0.0000, 0.0000, 0.6515, 0.0000, 0.0000, 1.2761, 0.0000
 0.0000, 0.0000, 0.6648, 0.0000, 0.0000, 1.3190, 0.0000
 0.0000, 0.0000, 0.6748, 0.0000, 0.0000, 1.0616, 0.0000
 0.0000, 0.0000, 0.6881, 0.0000, 0.0000, 1.2761, 0.0000
 0.0000, 0.0000, 0.7014, 0.0000, 0.0000, 1.3190, 0.0000
 0.0000, 0.0000, 0.7114, 0.0000, 0.0000, 1.0616, 0.0000
 0.0000, 0.0000, 0.7247, 0.0000, 0.0000, 1.2761, 0.0000
 0.0000, 0.0000, 0.7347, 0.0000, 0.0000, 1.0530, 0.0000
 0.0000, 0.0000, 0.7479, 0.0000, 0.0000, 1.2744, 0.0000
 0.0000, 0.0000, 0.7612, 0.0000, 0.0000, 1.3187, 0.0000
 0.0000, 0.0000, 0.7712, 0.0000, 0.0000, 1.0616, 0.0000
 0.0000, 0.0000, 0.7845, 0.0000, 0.0000, 1.2761, 0.0000
 0.0000, 0.0000, 0.7978, 0.0000, 0.0000, 1.3190, 0.0000
 0.0000, 0.0000, 0.8078, 0.0000, 0.0000, 1.0616, 0.0000
 0.0000, 0.0000, 0.8211, 0.0000, 0.0000, 1.2761, 0.0000
 0.0000, 0.0000, 0.8344, 0.0000, 0.0000, 1.3190, 0.0000
 0.0000, 0.0000, 0.8477, 0.0000, 0.0000, 1.3276, 0.0000
 0.0000, 0.0000, 0.8577, 0.0000, 0.0000, 1.0633, 0.0000
 0.0000, 0.0000, 0.8710, 0.0000, 0.0000, 1.2765, 0.0000
 0.0000, 0.0000, 0.8809, 0.0000, 0.0000, 1.0531, 0.0000
 0.0000, 0.0000, 0.8942, 0.0000, 0.0000, 1.2744, 0.0000
 0.0000, 0.0000, 0.9042, 0.0000, 0.0000, 1.0527, 0.0000
 0.0000, 0.0000, 0.9175, 0.0000, 0.0000, 1.2743, 0.0000
 0.0000, 0.0000, 0.9275, 0.0000, 0.0000, 1.0527, 0.0000
 0.0000, 0.0000, 0.9374, 0.0000, 0.0000, 1.0084, 0.0000
 0.0000, 0.0000, 0.9507, 0.0000, 0.0000, 1.2655, 0.0000
 0.0000, 0.0000, 0.9607, 0.0000, 0.0000, 1.0509, 0.0000
 0.0000, 0.0000, 0.9707, 0.0000, 0.0000, 1.0080, 0.0000
 0.0000, 0.0000, 0.9840, 0.0000, 0.0000, 1.2654, 0.0000
 0.0000, 0.0000, 0.9940, 0.0000, 0.0000, 1.0509, 0.0000
 0.0000, 0.0000, 1.0039, 0.0000, 0.0000, 1.0080, 0.0000
 0.0000, 0.0000, 1.0139, 0.0000, 0.0000, 0.9994, 0.0000
 0.0000, 0.0000, 1.0272, 0.0000, 0.0000, 1.2637, 0.0000
 0.0000, 0.0000, 1.0372, 0.0000, 0.0000, 1.0506, 0.0000
 0.0000, 0.0000, 1.0471, 0.0000, 0.0000, 1.0079, 0.0000
 0.0000, 0.0000, 1.0571, 0.0000, 0.0000, 0.9994, 0.0000
 0.0000, 0.0000, 1.0671, 0.0000, 0.0000, 0.9977, 0.0000
 0.0000, 0.0000, 1.0737, 0.0000, 0.0000, 0.7314, 0.0000
 0.0000, 0.0000, 1.0837, 0.0000, 0.0000, 0.9441, 0.0000
 0.0000, 0.0000, 1.0937, 0.0000, 0.0000, 0.9866, 0.0000
 0.0000, 0.0000, 1.1037, 0.0000, 0.0000, 0.9952, 0.0000
 0.0000, 0.0000, 1.1136, 0.0000, 0.0000, 0.9969, 0.0000
 0.0000, 0.0000, 1.1236, 0.0000, 0.0000, 0.9972, 0.0000
 0.0000, 0.0000, 1.1336, 0.0000, 0.0000, 0.9973, 0.0000
 0.0000, 0.0000, 1.1436, 0.0000, 0.0000, 0.9973, 0.0000
 0.0000, 0.0000, 1.1535, 0.0000, 0.0000, 0.9973, 0.0000
 0.0000, 0.0000, 1.1668, 0.0000, 0.0000, 1.2632, 0.0000
 0.0000, 0.0000, 1.1768, 0.0000, 0.0000, 1.0505, 0.0000
 0.0000, 0.0000, 1.1868, 0.0000, 0.0000, 1.0079, 0.0000
 0.0000, 0.0000, 1.1967, 0.0000, 0.0000, 0.9994, 0.0000
 0.0000, 0.0000, 1.2067, 0.0000, 0.0000, 0.9977, 0.0000
 0.0000, 0.0000, 1.2167, 0.0000, 0.0000, 0.9974, 0.0000
 0.0000, 0.0000, 1.2267, 0.0000, 0.0000, 0.9973, 0.0000
 0.0000, 0.0000, 1.2366, 0.0000, 0.0000, 0.9973, 0.0000
 0.0000, 0.0000, 1.2466, 0.0000, 0.0000, 0.9973, 0.0000
 0.0000, 0.0000, 1.2566, 0.0000, 0.0000, 0.9973, 0.0000
 0.0000, 0.0000, 1.2666, 0.0000, 0.0000, 0.9973, 0.0000
 0.0000, 0.0000, 1.2765, 0.0000, 0.0000, 0.9973, 0.0000
 0.0000, 0.0000, 1.2865, 0.0000, 0.0000, 0.9973, 0.0000
 0.0000, 0.0000, 1.2998, 0.0000, 0.0000, 1.2632, 0.0000
 0.0000, 0.0000, 1.3098, 0.0000, 0.0000, 1.0505, 0.0000
 0.0000, 0.0000, 1.3198, 0.0000, 0.0000, 1.0079, 0.0000
 0.0000, 0.0000, 1.3330, 0.0000, 0.0000, 1.2654, 0.0000
 0.0000, 0.0000, 1.3430, 0.0000, 0.0000, 1.0509, 0.0000
 0.0000, 0.0000, 1.3563, 0.0000, 0.0000, 1.2740, 0.0000
 0.0000, 0.0000, 1.3663, 0.0000, 0.0000, 1.0526, 0.0000
 0.0000, 0.0000, 1.3763, 0.0000, 0.0000, 1.0083, 0.0000
 0.0000, 0.0000, 1.3862, 0.0000, 0.0000, 0.9995, 0.0000
 0.0000, 0.0000, 1.3995, 0.0000, 0.0000, 1.2637, 0.0000
 0.0000, 0.0000, 1.4095, 0.0000, 0.0000, 1.0506, 0.0000
 0.0000, 0.0000, 1.4195, 0.0000, 0.0000, 1.0079, 0.0000
 0.0000, 0.0000, 1.4295, 0.0000, 0.0000, 0.9994, 0.0000
 0.0000, 0.0000, 1.4394, 0.0000, 0.0000, 0.9977, 0.0000
 0.0000, 0.0000, 1.4527, 0.0000, 0.0000, 1.2633, 0.0000
 0.0000, 0.0000, 1.4627, 0.0000, 0.0000, 1.0505, 0.0000
 0.0000, 0.0000, 1.4727, 0.0000, 0.0000, 1.0079, 0.0000
 0.0000, 0.0000, 1.4860, 0.0000, 0.0000, 1.2654, 0.0000
 0.0000, 0.0000, 1.4959, 0.0000, 0.0000, 1.0509, 0.0000
 0.0000, 0.0000, 1.5059, 0.0000, 0.0000, 1.0080, 0.0000
 0.0000, 0.0000, 1.5192, 0.0000, 0.0000, 1.2654, 0.0000
 0.0000, 0.0000, 1.5292, 0.0000, 0.0000, 1.0509, 0.0000
 0.0000, 0.0000, 1.5392, 0.0000, 0.0000, 1.0080, 0.0000
 0.0000, 0.0000, 1.5525, 0.0000, 0.0000, 1.2654, 0.0000
 0.0000, 0.0000, 1.5624, 0.0000, 0.0000, 1.0509, 0.0000
 0.0000, 0.0000, 1.5724, 0.0000, 0.0000, 1.0080, 0.0000
 0.0000, 0.0000, 1.5857, 0.0000, 0.0000, 1.2654, 0.0000
 0.0000, 0.0000, 1.5957, 0.0000, 0.0000, 1.0509, 0.0000
 0.0000, 0.0000, 1.6090, 0.0000, 0.0000, 1.2740, 0.0000
 0.0000, 0.0000, 1.6156, 0.0000, 0.0000, 0.7867, 0.0000
 0.0000, 0.0000, 1.6123, 0.0000, 0.0000,-0.1086, 0.0000
 0.0000, 0.0000, 1.6256, 0.0000, 0.0000, 1.0420, 0.0000
 0.0000, 0.0000, 1.6389, 0.0000, 0.0000, 1.2722, 0.0000
 0.0000, 0.0000, 1.6489, 0.0000, 0.0000, 1.0523, 0.0000
 0.0000, 0.0000, 1.6655, 0.0000, 0.0000, 1.5402, 0.0000
 0.0000, 0.0000, 1.6755, 0.0000, 0.0000, 1.1059, 0.0000
 0.0000, 0.0000, 1.6788, 0.0000, 0.0000, 0.4871, 0.0000
 0.0000, 0.0000, 1.6788, 0.0000, 0.0000, 0.0974, 0.0000
 0.0000, 0.0000, 1.6921, 0.0000, 0.0000, 1.0832, 0.0000
 0.0000, 0.0000, 1.7054, 0.0000, 0.0000, 1.2804, 0.0000
 0.0000, 0.0000, 1.7187, 0.0000, 0.0000, 1.3199, 0.0000
 0.0000, 0.0000, 1.7287, 0.0000, 0.0000, 1.0618, 0.0000
 0.0000, 0.0000, 1.7420, 0.0000, 0.0000, 1.2761, 0.0000
 0.0000, 0.0000, 1.7553, 0.0000, 0.0000, 1.3190, 0.0000
 0.0000, 0.0000, 1.7652, 0.0000, 0.0000, 1.0616, 0.0000
 0.0000, 0.0000, 1.7785, 0.0000, 0.0000, 1.2761, 0.0000
 0.0000, 0.0000, 1.7918, 0.0000, 0.0000, 1.3190, 0.0000
 0.0000, 0.0000, 1.8018, 0.0000, 0.0000, 1.0616, 0.0000
 0.0000, 0.0000, 1.8151, 0.0000, 0.0000, 1.2761, 0.0000
 0.0000, 0.0000, 1.8284, 0.0000, 0.0000, 1.3190, 0.0000
 0.0000, 0.0000, 1.8417, 0.0000, 0.0000, 1.3276, 0.0000
 0.0000, 0.0000, 1.8550, 0.0000, 0.0000, 1.3293, 0.0000
 0.0000, 0.0000, 1.8650, 0.0000, 0.0000, 1.0637, 0.0000
 0.0000, 0.0000, 1.8783, 0.0000, 0.0000, 1.2765, 0.0000
 0.0000, 0.0000, 1.8916, 0.0000, 0.0000, 1.3191, 0.0000
 0.0000, 0.0000, 1.9049, 0.0000, 0.0000, 1.3276, 0.0000
 0.0000, 0.0000, 1.9182, 0.0000, 0.0000, 1.3293, 0.0000
 0.0000, 0.0000, 1.9281, 0.0000, 0.0000, 1.0637, 0.0000
 0.0000, 0.0000, 1.9414, 0.0000, 0.0000, 1.2765, 0.0000
 0.0000, 0.0000, 1.9547, 0.0000, 0.0000, 1.3191, 0.0000
 0.0000, 0.0000, 1.9680, 0.0000, 0.0000, 1.3276, 0.0000
 0.0000, 0.0000, 1.9846, 0.0000, 0.0000, 1.5953, 0.0000
 0.0000, 0.0000, 1.9979, 0.0000, 0.0000, 1.3828, 0.0000
 0.0000, 0.0000, 2.0146, 0.0000, 0.0000, 1.6063, 0.0000
 0.0000, 0.0000, 2.0279, 0.0000, 0.0000, 1.3850, 0.0000
 0.0000, 0.0000, 2.0445, 0.0000, 0.0000, 1.6067, 0.0000
 0.0000, 0.0000, 2.0611, 0.0000, 0.0000, 1.6511, 0.0000
 0.0000, 0.0000, 2.0744, 0.0000, 0.0000, 1.3940, 0.0000
 0.0000, 0.0000, 2.0910, 0.0000, 0.0000, 1.6085, 0.0000
 0.0000, 0.0000, 2.1043, 0.0000, 0.0000, 1.3855, 0.0000
 0.0000, 0.0000, 2.1209, 0.0000, 0.0000, 1.6068, 0.0000
 0.0000, 0.0000, 2.1342, 0.0000, 0.0000, 1.3851, 0.0000
 0.0000, 0.0000, 2.1475, 0.0000, 0.0000, 1.3408, 0.0000
 0.0000, 0.0000, 2.1608, 0.0000, 0.0000, 1.3319, 0.0000
 0.0000, 0.0000, 2.1741, 0.0000, 0.0000, 1.3302, 0.0000
 0.0000, 0.0000, 2.1908, 0.0000, 0.0000, 1.5958, 0.0000
 0.0000, 0.0000, 2.2041, 0.0000, 0.0000, 1.3829, 0.0000
 0.0000, 0.0000, 2.2173, 0.0000, 0.0000, 1.3404, 0.0000
 0.0000, 0.0000, 2.2340, 0.0000, 0.0000, 1.5978, 0.0000
 0.0000, 0.0000, 2.2473, 0.0000, 0.0000, 1.3833, 0.0000
 0.0000, 0.0000, 2.2606, 0.0000, 0.0000, 1.3405, 0.0000
 0.0000, 0.0000, 2.2772, 0.0000, 0.0000, 1.5978, 0.0000
 0.0000, 0.0000, 2.2905, 0.0000, 0.0000, 1.3833, 0.0000
 0.0000, 0.0000, 2.3038, 0.0000, 0.0000, 1.3404, 0.0000
 0.0000, 0.0000, 2.3171, 0.0000, 0.0000, 1.3319, 0.0000
 0.0000, 0.0000, 2.3304, 0.0000, 0.0000, 1.3302, 0.0000
 0.0000, 0.0000, 2.3437, 0.0000, 0.0000, 1.3298, 0.0000
 0.0000, 0.0000, 2.3603, 0.0000, 0.0000, 1.5957, 0.0000
 0.0000, 0.0000, 2.3736, 0.0000, 0.0000, 1.3829, 0.0000
 0.0000, 0.0000, 2.3869, 0.0000, 0.0000, 1.3404, 0.0000
 0.0000, 0.0000, 2.4002, 0.0000, 0.0000, 1.3319, 0.0000
 0.0000, 0.0000, 2.4135, 0.0000, 0.0000, 1.3301, 0.0000
 0.0000, 0.0000, 2.4235, 0.0000, 0.0000, 1.0639, 0.0000
 0.0000, 0.0000, 2.4368, 0.0000, 0.0000, 1.2766, 0.0000
 0.0000, 0.0000, 2.4501, 0.0000, 0.0000, 1.3191, 0.0000
 0.0000, 0.0000, 2.4634, 0.0000, 0.0000, 1.3276, 0.0000
 0.0000, 0.0000, 2.4767, 0.0000, 0.0000, 1.3293, 0.0000
 0.0000, 0.0000, 2.4866, 0.0000, 0.0000, 1.0637, 0.0000
 0.0000, 0.0000, 2.4999, 0.0000, 0.0000, 1.2765, 0.0000
 0.0000, 0.0000, 2.5099, 0.0000, 0.0000, 1.0531, 0.0000
 0.0000, 0.0000, 2.5199, 0.0000, 0.0000, 1.0084, 0.0000
 0.0000, 0.0000, 2.5298, 0.0000, 0.0000, 0.9995, 0.0000
 0.0000, 0.0000, 2.5431, 0.0000, 0.0000, 1.2637, 0.0000
 0.0000, 0.0000, 2.5531, 0.0000, 0.0000, 1.0506, 0.0000
 0.0000, 0.0000, 2.5631, 0.0000, 0.0000, 1.0079, 0.0000
 0.0000, 0.0000, 2.5731, 0.0000, 0.0000, 0.9994, 0.0000
 0.0000, 0.0000, 2.5830, 0.0000, 0.0000, 0.9977, 0.0000
 0.0000, 0.0000, 2.5930, 0.0000, 0.0000, 0.9974, 0.0000
 0.0000, 0.0000, 2.6030, 0.0000, 0.0000, 0.9973, 0.0000
 0.0000, 0.0000, 2.6130, 0.0000, 0.0000, 0.9973, 0.0000
 0.0000, 0.0000, 2.6229, 0.0000, 0.0000, 0.9973, 0.0000
 0.0000, 0.0000, 2.6329, 0.0000, 0.0000, 0.9973, 0.0000
 0.0000, 0.0000, 2.6429, 0.0000, 0.0000, 0.9973, 0.0000
 0.0000, 0.0000, 2.6495, 0.0000, 0.0000, 0.7313, 0.0000
 0.0000, 0.0000, 2.6595, 0.0000, 0.0000, 0.9441, 0.0000
 0.0000, 0.0000, 2.6728, 0.0000, 0.0000, 1.2526, 0.0000
 0.0000, 0.0000, 2.6794, 0.0000, 0.0000, 0.7824, 0.0000
 0.0000, 0.0000, 2.6861, 0.0000, 0.0000, 0.6883, 0.0000
 0.0000, 0.0000, 2.6861, 0.0000, 0.0000, 0.1376, 0.0000
 0.0000, 0.0000, 2.6828, 0.0000, 0.0000,-0.2384, 0.0000
 0.0000, 0.0000, 2.6861, 0.0000, 0.0000, 0.2182, 0.0000
 0.0000, 0.0000, 2.6894, 0.0000, 0.0000, 0.3096, 0.0000
 0.0000, 0.0000, 2.6894, 0.0000, 0.0000, 0.0619, 0.0000
 0.0000, 0.0000, 2.6894, 0.0000, 0.0000, 0.0123, 0.0000
 0.0000, 0.0000, 2.6894, 0.0000, 0.0000, 0.0024, 0.0000
 0.0000, 0.0000, 2.6894, 0.0000, 0.0000, 0.0004, 0.0000
 0.0000, 0.0000, 2.6961, 0.0000, 0.0000, 0.5320, 0.0000
 0.0000, 0.0000, 2.7060, 0.0000, 0.0000, 0.9042, 0.0000
 0.0000, 0.0000, 2.7160, 0.0000, 0.0000, 0.9787, 0.0000
 0.0000, 0.0000, 2.7293, 0.0000, 0.0000, 1.2595, 0.0000
 0.0000, 0.0000, 2.7393, 0.0000, 0.0000, 1.0497, 0.0000
 0.0000, 0.0000, 2.7493, 0.0000, 0.0000, 1.0078, 0.0000
 0.0000, 0.0000, 2.7592, 0.0000, 0.0000, 0.9994, 0.0000
 0.0000, 0.0000, 2.7692, 0.0000, 0.0000, 0.9977, 0.0000
 0.0000, 0.0000, 2.7825, 0.0000, 0.0000, 1.2633, 0.0000
 0.0000, 0.0000, 2.7925, 0.0000, 0.0000, 1.0505, 0.0000
 0.0000, 0.0000, 2.8025, 0.0000, 0.0000, 1.0079, 0.0000
 0.0000, 0.0000, 2.8124, 0.0000, 0.0000, 0.9994, 0.0000
 0.0000, 0.0000, 2.8224, 0.0000, 0.0000, 0.9977, 0.0000
 0.0000, 0.0000, 2.8324, 0.0000, 0.0000, 0.9974, 0.0000
 0.0000, 0.0000, 2.8357, 0.0000, 0.0000, 0.4654, 0.0000
 0.0000, 0.0000, 2.8357, 0.0000, 0.0000, 0.0930, 0.0000
 0.0000, 0.0000, 2.8357, 0.0000, 0.0000, 0.0186, 0.0000
 0.0000, 0.0000, 2.8324, 0.0000, 0.0000,-0.2622, 0.0000
 0.0000, 0.0000, 2.8324, 0.0000, 0.0000,-0.0524, 0.0000
 0.0000, 0.0000, 2.8357, 0.0000, 0.0000, 0.2554, 0.0000
 0.0000, 0.0000, 2.8457, 0.0000, 0.0000, 0.8489, 0.0000
 0.0000, 0.0000, 2.8490, 0.0000, 0.0000, 0.4357, 0.0000
 0.0000, 0.0000, 2.8490, 0.0000, 0.0000, 0.0871, 0.0000
 0.0000, 0.0000, 2.8523, 0.0000, 0.0000, 0.2833, 0.0000
 0.0000, 0.0000, 2.8490, 0.0000, 0.0000,-0.2092, 0.0000
 0.0000, 0.0000, 2.8590, 0.0000, 0.0000, 0.7560, 0.0000
 0.0000, 0.0000, 2.8656, 0.0000, 0.0000, 0.6831, 0.0000
 0.0000, 0.0000, 2.8723, 0.0000, 0.0000, 0.6685, 0.0000
 0.0000, 0.0000, 2.8822, 0.0000, 0.0000, 0.9315, 0.0000
 0.0000, 0.0000, 2.8889, 0.0000, 0.0000, 0.7182, 0.0000
 0.0000, 0.0000, 2.8955, 0.0000, 0.0000, 0.6755, 0.0000
 0.0000, 0.0000, 2.9055, 0.0000, 0.0000, 0.9329, 0.0000
 0.0000, 0.0000, 2.9122, 0.0000, 0.0000, 0.7185, 0.0000
 0.0000, 0.0000, 2.9188, 0.0000, 0.0000, 0.6756, 0.0000
 0.0000, 0.0000, 2.9255, 0.0000, 0.0000, 0.6670, 0.0000
 0.0000, 0.0000, 2.9321, 0.0000, 0.0000, 0.6653, 0.0000
 0.0000, 0.0000, 2.9388, 0.0000, 0.0000, 0.6649, 0.0000
 0.0000, 0.0000, 2.9454, 0.0000, 0.0000, 0.6648, 0.0000
 0.0000, 0.0000, 2.9520, 0.0000, 0.0000, 0.6649, 0.0000
 0.0000, 0.0000, 2.9554, 0.0000, 0.0000, 0.3989, 0.0000
 0.0000, 0.0000, 2.9620, 0.0000, 0.0000, 0.6117, 0.0000
 0.0000, 0.0000, 2.9653, 0.0000, 0.0000, 0.3883, 0.0000
 0.0000, 0.0000, 2.9720, 0.0000, 0.0000, 0.6095, 0.0000
 0.0000, 0.0000, 2.9753, 0.0000, 0.0000, 0.3878, 0.0000
 0.0000, 0.0000, 2.9786, 0.0000, 0.0000, 0.3435, 0.0000
 0.0000, 0.0000, 2.9820, 0.0000, 0.0000, 0.3346, 0.0000
 0.0000, 0.0000, 2.9886, 0.0000, 0.0000, 0.5988, 0.0000
 0.0000, 0.0000, 2.9919, 0.0000, 0.0000, 0.3857, 0.0000
 0.0000, 0.0000, 2.9953, 0.0000, 0.0000, 0.3430, 0.0000
 0.0000, 0.0000, 2.9986, 0.0000, 0.0000, 0.3345, 0.0000
 0.0000, 0.0000, 3.0019, 0.0000, 0.0000, 0.3328, 0.0000
 0.0000, 0.0000, 3.0052, 0.0000, 0.0000, 0.3325, 0.0000
 0.0000, 0.0000, 3.0052, 0.0000, 0.0000, 0.0665, 0.0000
 0.0000, 0.0000, 3.0086, 0.0000, 0.0000, 0.2792, 0.0000
 0.0000, 0.0000, 3.0119, 0.0000, 0.0000, 0.3218, 0.0000
 0.0000, 0.0000, 3.0152, 0.0000, 0.0000, 0.3303, 0.0000
 0.0000, 0.0000, 3.0152, 0.0000, 0.0000, 0.0660, 0.0000
 0.0000, 0.0000, 3.0185, 0.0000, 0.0000, 0.2791, 0.0000
 0.0000, 0.0000, 3.0185, 0.0000, 0.0000, 0.0558, 0.0000
 0.0000, 0.0000, 3.0185, 0.0000, 0.0000, 0.0111, 0.0000
 0.0000, 0.0000, 3.0219, 0.0000, 0.0000, 0.2681, 0.0000
 0.0000, 0.0000, 3.0219, 0.0000, 0.0000, 0.0536, 0.0000
 0.0000, 0.0000, 3.0252, 0.0000, 0.0000, 0.2766, 0.0000
 0.0000, 0.0000, 3.0252, 0.0000, 0.0000, 0.0553, 0.0000
 0.0000, 0.0000, 3.0252, 0.0000, 0.0000, 0.0110, 0.0000
 0.0000, 0.0000, 3.0285, 0.0000, 0.0000, 0.2681, 0.0000
 0.0000, 0.0000, 3.0285, 0.0000, 0.0000, 0.0536, 0.0000
 0.0000, 0.0000, 3.0285, 0.0000, 0.0000, 0.0107, 0.0000
 0.0000, 0.0000, 3.0318, 0.0000, 0.0000, 0.2681, 0.0000
 0.0000, 0.0000, 3.0318, 0.0000, 0.0000, 0.0536, 0.0000
 0.0000, 0.0000, 3.0318, 0.0000, 0.0000, 0.0107, 0.0000
 0.0000, 0.0000, 3.0318, 0.0000, 0.0000, 0.0021, 0.0000
 0.0000, 0.0000, 3.0318, 0.0000, 0.0000, 0.0004, 0.0000
 0.0000, 0.0000, 3.0318, 0.0000, 0.0000, 0.0000, 0.0000
 0.0000, 0.0000, 3.0318, 0.0000, 0.0000, 0.0000, 0.0000
 0.0000, 0.0000, 3.0318, 0.0000, 0.0000, 0.0000, 0.0000
 0.0000, 0.0000, 3.0318, 0.0000, 0.0000, 0.0000, 0.0000
 0.0000, 0.0000, 3.0318, 0.0000, 0.0000, 0.0000, 0.0000
 0.0000, 0.0000, 3.0318, 0.0000, 0.0000, 0.0000, 0.0000
 0.0000, 0.0000, 3.0318, 0.0000, 0.0000, 0.0000, 0.0000
 0.0000, 0.0000, 3.0318, 0.0000, 0.0000, 0.0000, 0.0000
 0.0000, 0.0000, 3.0318, 0.0000, 0.0000, 0.0000, 0.0000
 0.0000, 0.0000, 3.0318, 0.0000, 0.0000, 0.0000, 0.0000
 0.0000, 0.0000, 3.0318, 0.0000, 0.0000, 0.0000, 0.0000
 0.0000, 0.0000, 3.0318, 0.0000, 0.0000, 0.0000, 0.0000
 0.0000, 0.0000, 3.0318, 0.0000, 0.0000, 0.0000, 0.0000
 0.0000, 0.0000, 3.0318, 0.0000, 0.0000, 0.0000, 0.0000
 0.0000, 0.0000, 3.0318, 0.0000, 0.0000, 0.0000, 0.0000
 0.0000, 0.0000, 3.0352, 0.0000, 0.0000, 0.2659, 0.0000
 0.0000, 0.0000, 3.0352, 0.0000, 0.0000, 0.0531, 0.0000
 0.0000, 0.0000, 3.0352, 0.0000, 0.0000, 0.0106, 0.0000
 0.0000, 0.0000, 3.0352, 0.0000, 0.0000, 0.0021, 0.0000
 0.0000, 0.0000, 3.0352, 0.0000, 0.0000, 0.0004, 0.0000
 0.0000, 0.0000, 3.0352, 0.0000, 0.0000, 0.0000, 0.0000
 0.0000, 0.0000, 3.0352, 0.0000, 0.0000, 0.0000, 0.0000
 0.0000, 0.0000, 3.0385, 0.0000, 0.0000, 0.2659, 0.0000
 0.0000, 0.0000, 3.0385, 0.0000, 0.0000, 0.0531, 0.0000
 0.0000, 0.0000, 3.0385, 0.0000, 0.0000, 0.0106, 0.0000
 0.0000, 0.0000, 3.0385, 0.0000, 0.0000, 0.0021, 0.0000
 0.0000, 0.0000, 3.0418, 0.0000, 0.0000, 0.2663, 0.0000
 0.0000, 0.0000, 3.0418, 0.0000, 0.0000, 0.0532, 0.0000
 0.0000, 0.0000, 3.0418, 0.0000, 0.0000, 0.0106, 0.0000
 0.0000, 0.0000, 3.0418, 0.0000, 0.0000, 0.0021, 0.0000
 0.0000, 0.0000, 3.0418, 0.0000, 0.0000, 0.0004, 0.0000
 0.0000, 0.0000, 3.0418, 0.0000, 0.0000, 0.0000, 0.0000
 0.0000, 0.0000, 3.0418, 0.0000, 0.0000, 0.0000, 0.0000
 0.0000, 0.0000, 3.0418, 0.0000, 0.0000, 0.0000, 0.0000
 0.0000, 0.0000, 3.0418, 0.0000, 0.0000, 0.0000, 0.0000
 0.0000, 0.0000, 3.0418, 0.0000, 0.0000, 0.0000, 0.0000
 0.0000, 0.0000, 3.0418, 0.0000, 0.0000, 0.0000, 0.0000
 0.0000, 0.0000, 3.0418, 0.0000, 0.0000, 0.0000, 0.0000
 0.0000, 0.0000, 3.0451, 0.0000, 0.0000, 0.2659, 0.0000
 0.0000, 0.0000, 3.0451, 0.0000, 0.0000, 0.0531, 0.0000
 0.0000, 0.0000, 3.0451, 0.0000, 0.0000, 0.0106, 0.0000
 0.0000, 0.0000, 3.0451, 0.0000, 0.0000, 0.0021, 0.0000
 0.0000, 0.0000, 3.0451, 0.0000, 0.0000, 0.0004, 0.0000
 0.0000, 0.0000, 3.0451, 0.0000, 0.0000, 0.0000, 0.0000
 0.0000, 0.0000, 3.0451, 0.0000, 0.0000, 0.0000, 0.0000
 0.0000, 0.0000, 3.0451, 0.0000, 0.0000, 0.0000, 0.0000
 0.0000, 0.0000, 3.0451, 0.0000, 0.0000, 0.0000, 0.0000
 0.0000, 0.0000, 3.0451, 0.0000, 0.0000, 0.0000, 0.0000
 0.0000, 0.0000, 3.0451, 0.0000, 0.0000, 0.0000, 0.0000
 0.0000, 0.0000, 3.0451, 0.0000, 0.0000, 0.0000, 0.0000
 0.0000, 0.0000, 3.0451, 0.0000, 0.0000, 0.0000, 0.0000
 0.0000, 0.0000, 3.0451, 0.0000, 0.0000, 0.0000, 0.0000
 0.0000, 0.0000, 3.0451, 0.0000, 0.0000, 0.0000, 0.0000
 0.0000, 0.0000, 3.0451, 0.0000, 0.0000, 0.0000, 0.0000
 0.0000, 0.0000, 3.0451, 0.0000, 0.0000, 0.0000, 0.0000
 0.0000, 0.0000, 3.0451, 0.0000, 0.0000, 0.0000, 0.0000
 0.0000, 0.0000, 3.0451, 0.0000, 0.0000, 0.0000, 0.0000
 0.0000, 0.0000, 3.0451, 0.0000, 0.0000, 0.0000, 0.0000
 0.0000, 0.0000, 3.0451, 0.0000, 0.0000, 0.0000, 0.0000
 0.0000, 0.0000, 3.0451, 0.0000, 0.0000, 0.0000, 0.0000
 0.0000, 0.0000, 3.0451, 0.0000, 0.0000, 0.0000, 0.0000
 0.0000, 0.0000, 3.0451, 0.0000, 0.0000, 0.0000, 0.0000
 0.0000, 0.0000, 3.0451, 0.0000, 0.0000, 0.0000, 0.0000
 0.0000, 0.0000, 3.0418, 0.0000, 0.0000,-0.2659, 0.0000
 0.0000, 0.0000, 3.0418, 0.0000, 0.0000,-0.0531, 0.0000
 0.0000, 0.0000, 3.0418, 0.0000, 0.0000,-0.0106, 0.0000
 0.0000, 0.0000, 3.0418, 0.0000, 0.0000,-0.0021, 0.0000
 0.0000, 0.0000, 3.0385, 0.0000, 0.0000,-0.2663, 0.0000
 0.0000, 0.0000, 3.0385, 0.0000, 0.0000,-0.0532, 0.0000
 0.0000, 0.0000, 3.0385, 0.0000, 0.0000,-0.0106, 0.0000
 0.0000, 0.0000, 3.0352, 0.0000, 0.0000,-0.2680, 0.0000
 0.0000, 0.0000, 3.0352, 0.0000, 0.0000,-0.0536, 0.0000
 0.0000, 0.0000, 3.0352, 0.0000, 0.0000,-0.0107, 0.0000
 0.0000, 0.0000, 3.0318, 0.0000, 0.0000,-0.2680, 0.0000
 0.0000, 0.0000, 3.0318, 0.0000, 0.0000,-0.0536, 0.0000
 0.0000, 0.0000, 3.0318, 0.0000, 0.0000,-0.0107, 0.0000
 0.0000, 0.0000, 3.0318, 0.0000, 0.0000,-0.0021, 0.0000
 0.0000, 0.0000, 3.0318, 0.0000, 0.0000,-0.0004, 0.0000
 0.0000, 0.0000, 3.0318, 0.0000, 0.0000,-0.0000, 0.0000
 0.0000, 0.0000, 3.0318, 0.0000, 0.0000,-0.0000, 0.0000
 0.0000, 0.0000, 3.0318, 0.0000, 0.0000,-0.0000, 0.0000
 0.0000, 0.0000, 3.0318, 0.0000, 0.0000,-0.0000, 0.0000
 0.0000, 0.0000, 3.0318, 0.0000, 0.0000,-0.0000, 0.0000
 0.0000, 0.0000, 3.0318, 0.0000, 0.0000,-0.0000, 0.0000
 0.0000, 0.0000, 3.0318, 0.0000, 0.0000,-0.0000, 0.0000
 0.0000, 0.0000, 3.0318, 0.0000, 0.0000,-0.0000, 0.0000
 0.0000, 0.0000, 3.0318, 0.0000, 0.0000,-0.0000, 0.0000
 0.0000, 0.0000, 3.0318, 0.0000, 0.0000,-0.0000, 0.0000
 0.0000, 0.0000, 3.0318, 0.0000, 0.0000,-0.0000, 0.0000
 0.0000, 0.0000, 3.0318, 0.0000, 0.0000,-0.0000, 0.0000
 0.0000, 0.0000, 3.0318, 0.0000, 0.0000,-0.0000, 0.0000
 0.0000, 0.0000, 3.0352, 0.0000, 0.0000, 0.2659, 0.0000
 0.0000, 0.0000, 3.0352, 0.0000, 0.0000, 0.0531, 0.0000
 0.0000, 0.0000, 3.0385, 0.0000, 0.0000, 0.2765, 0.0000
 0.0000, 0.0000, 3.0385, 0.0000, 0.0000, 0.0553, 0.0000
 0.0000, 0.0000, 3.0385, 0.0000, 0.0000, 0.0110, 0.0000
 0.0000, 0.0000, 3.0418, 0.0000, 0.0000, 0.2681, 0.0000
 0.0000, 0.0000, 3.0418, 0.0000, 0.0000, 0.0536, 0.0000
 0.0000, 0.0000, 3.0451, 0.0000, 0.0000, 0.2766, 0.0000
 0.0000, 0.0000, 3.0451, 0.0000, 0.0000, 0.0553, 0.0000
 0.0000, 0.0000, 3.0451, 0.0000, 0.0000, 0.0110, 0.0000
 0.0000, 0.0000, 3.0451, 0.0000, 0.0000, 0.0022, 0.0000
 0.0000, 0.0000, 3.0485, 0.0000, 0.0000, 0.2664, 0.0000
 0.0000, 0.0000, 3.0485, 0.0000, 0.0000, 0.0532, 0.0000
 0.0000, 0.0000, 3.0485, 0.0000, 0.0000, 0.0106, 0.0000
 0.0000, 0.0000, 3.0485, 0.0000, 0.0000, 0.0021, 0.0000
 0.0000, 0.0000, 3.0485, 0.0000, 0.0000, 0.0004, 0.0000
 0.0000, 0.0000, 3.0485, 0.0000, 0.0000, 0.0000, 0.0000
 0.0000, 0.0000, 3.0518, 0.0000, 0.0000, 0.2659, 0.0000
 0.0000, 0.0000, 3.0518, 0.0000, 0.0000, 0.0531, 0.0000
 0.0000, 0.0000, 3.0518, 0.0000, 0.0000, 0.0106, 0.0000
 0.0000, 0.0000, 3.0518, 0.0000, 0.0000, 0.0021, 0.0000
 0.0000, 0.0000, 3.0518, 0.0000, 0.0000, 0.0004, 0.0000
 0.0000, 0.0000, 3.0518, 0.0000, 0.0000, 0.0000, 0.0000
 0.0000, 0.0000, 3.0518, 0.0000, 0.0000, 0.0000, 0.0000
 0.0000, 0.0000, 3.0518, 0.0000, 0.0000, 0.0000, 0.0000
 0.0000, 0.0000, 3.0518, 0.0000, 0.0000, 0.0000, 0.0000
 0.0000, 0.0000, 3.0518, 0.0000, 0.0000, 0.0000, 0.0000
 0.0000, 0.0000, 3.0518, 0.0000, 0.0000, 0.0000, 0.0000
 0.0000, 0.0000, 3.0518, 0.0000, 0.0000, 0.0000, 0.0000
 0.0000, 0.0000, 3.0518, 0.0000, 0.0000, 0.0000, 0.0000
 0.0000, 0.0000, 3.0551, 0.0000, 0.0000, 0.2659, 0.0000
 0.0000, 0.0000, 3.0551, 0.0000, 0.0000, 0.0531, 0.0000
 0.0000, 0.0000, 3.0551, 0.0000, 0.0000, 0.0106, 0.0000
 0.0000, 0.0000, 3.0551, 0.0000, 0.0000, 0.0021, 0.0000
 0.0000, 0.0000, 3.0551, 0.0000, 0.0000, 0.0004, 0.0000
 0.0000, 0.0000, 3.0551, 0.0000, 0.0000, 0.0000, 0.0000
 0.0000, 0.0000, 3.0551, 0.0000, 0.0000, 0.0000, 0.0000
 0.0000, 0.0000, 3.0551, 0.0000, 0.0000, 0.0000, 0.0000
 0.0000, 0.0000, 3.0551, 0.0000, 0.0000, 0.0000, 0.0000
 0.0000, 0.0000, 3.0551, 0.0000, 0.0000, 0.0000, 0.0000
 0.0000, 0.0000, 3.0551, 0.0000, 0.0000, 0.0000, 0.0000
 0.0000, 0.0000, 3.0551, 0.0000, 0.0000, 0.0000, 0.0000
 0.0000, 0.0000, 3.0551, 0.0000, 0.0000, 0.0000, 0.0000
 0.0000, 0.0000, 3.0551, 0.0000, 0.0000, 0.0000, 0.0000
 0.0000, 0.0000, 3.0551, 0.0000, 0.0000, 0.0000, 0.0000
 0.0000, 0.0000, 3.0551, 0.0000, 0.0000, 0.0000, 0.0000
 0.0000, 0.0000, 3.0551, 0.0000, 0.0000, 0.0000, 0.0000
 0.0000, 0.0000, 3.0551, 0.0000, 0.0000, 0.0000, 0.0000
 0.0000, 0.0000, 3.0551, 0.0000, 0.0000, 0.0000, 0.0000
 0.0000, 0.0000, 3.0551, 0.0000, 0.0000, 0.0000, 0.0000
 0.0000, 0.0000, 3.0551, 0.0000, 0.0000, 0.0000, 0.0000
 0.0000, 0.0000, 3.0551, 0.0000, 0.0000, 0.0000, 0.0000
 0.0000, 0.0000, 3.0551, 0.0000, 0.0000, 0.0000, 0.0000
 0.0000, 0.0000, 3.0551, 0.0000, 0.0000, 0.0000, 0.0000
 0.0000, 0.0000, 3.0551, 0.0000, 0.0000, 0.0000, 0.0000
 0.0000, 0.0000, 3.0551, 0.0000, 0.0000, 0.0000, 0.0000
 0.0000, 0.0000, 3.0584, 0.0000, 0.0000, 0.2659, 0.0000
 0.0000, 0.0000, 3.0584, 0.0000, 0.0000, 0.0531, 0.0000
 0.0000, 0.0000, 3.0584, 0.0000, 0.0000, 0.0106, 0.0000
 0.0000, 0.0000, 3.0584, 0.0000, 0.0000, 0.0021, 0.0000
 0.0000, 0.0000, 3.0584, 0.0000, 0.0000, 0.0004, 0.0000
 0.0000, 0.0000, 3.0584, 0.0000, 0.0000, 0.0000, 0.0000
 0.0000, 0.0000, 3.0618, 0.0000, 0.0000, 0.2659, 0.0000
 0.0000, 0.0000, 3.0618, 0.0000, 0.0000, 0.0531, 0.0000
 0.0000, 0.0000, 3.0618, 0.0000, 0.0000, 0.0106, 0.0000
 0.0000, 0.0000, 3.0618, 0.0000, 0.0000, 0.0021, 0.0000
 0.0000, 0.0000, 3.0618, 0.0000, 0.0000, 0.0004, 0.0000
 0.0000, 0.0000, 3.0618, 0.0000, 0.0000, 0.0000, 0.0000
 0.0000, 0.0000, 3.0618, 0.0000, 0.0000, 0.0000, 0.0000
 0.0000, 0.0000, 3.0618, 0.0000, 0.0000, 0.0000, 0.0000
 0.0000, 0.0000, 3.0618, 0.0000, 0.0000, 0.0000, 0.0000
 0.0000, 0.0000, 3.0651, 0.0000, 0.0000, 0.2659, 0.0000
 0.0000, 0.0000, 3.0651, 0.0000, 0.0000, 0.0531, 0.0000
 0.0000, 0.0000, 3.0651, 0.0000, 0.0000, 0.0106, 0.0000
 0.0000, 0.0000, 3.0651, 0.0000, 0.0000, 0.0021, 0.0000
 0.0000, 0.0000, 3.0684, 0.0000, 0.0000, 0.2663, 0.0000
 0.0000, 0.0000, 3.0684, 0.0000, 0.0000, 0.0532, 0.0000
 0.0000, 0.0000, 3.0684, 0.0000, 0.0000, 0.0106, 0.0000
 0.0000, 0.0000, 3.0684, 0.0000, 0.0000, 0.0021, 0.0000
 0.0000, 0.0000, 3.0684, 0.0000, 0.0000, 0.0004, 0.0000
 0.0000, 0.0000, 3.0684, 0.0000, 0.0000, 0.0000, 0.0000
 0.0000, 0.0000, 3.0717, 0.0000, 0.0000, 0.2659, 0.0000
 0.0000, 0.0000, 3.0717, 0.0000, 0.0000, 0.0531, 0.0000
 0.0000, 0.0000, 3.0717, 0.0000, 0.0000, 0.0106, 0.0000
 0.0000, 0.0000, 3.0717, 0.0000, 0.0000, 0.0021, 0.0000
 0.0000, 0.0000, 3.0717, 0.0000, 0.0000, 0.0004, 0.0000
 0.0000, 0.0000, 3.0717, 0.0000, 0.0000, 0.0000, 0.0000
 0.0000, 0.0000, 3.0717, 0.0000, 0.0000, 0.0000, 0.0000
 0.0000, 0.0000, 3.0717, 0.0000, 0.0000, 0.0000, 0.0000
 0.0000, 0.0000, 3.0717, 0.0000, 0.0000, 0.0000, 0.0000
 0.0000, 0.0000, 3.0717, 0.0000, 0.0000, 0.0000, 0.0000
 0.0000, 0.0000, 3.0717, 0.0000, 0.0000, 0.0000, 0.0000
 0.0000, 0.0000, 3.0717, 0.0000, 0.0000, 0.0000, 0.0000
 0.0000, 0.0000, 3.0717, 0.0000, 0.0000, 0.0000, 0.0000
 0.0000, 0.0000, 3.0717, 0.0000, 0.0000, 0.0000, 0.0000
 0.0000, 0.0000, 3.0717, 0.0000, 0.0000, 0.0000, 0.0000
 0.0000, 0.0000, 3.0717, 0.0000, 0.0000, 0.0000, 0.0000
 0.0000, 0.0000, 3.0717, 0.0000, 0.0000, 0.0000, 0.0000
 0.0000, 0.0000, 3.0717, 0.0000, 0.0000, 0.0000, 0.0000
 0.0000, 0.0000, 3.0717, 0.0000, 0.0000, 0.0000, 0.0000
 0.0000, 0.0000, 3.0717, 0.0000, 0.0000, 0.0000, 0.0000
 0.0000, 0.0000, 3.0751, 0.0000, 0.0000, 0.2659, 0.0000
 0.0000, 0.0000, 3.0751, 0.0000, 0.0000, 0.0531, 0.0000
 0.0000, 0.0000, 3.0751, 0.0000, 0.0000, 0.0106, 0.0000
 0.0000, 0.0000, 3.0751, 0.0000, 0.0000, 0.0021, 0.0000
 0.0000, 0.0000, 3.0751, 0.0000, 0.0000, 0.0004, 0.0000
 0.0000, 0.0000, 3.0751, 0.0000, 0.0000, 0.0000, 0.0000
 0.0000, 0.0000, 3.0751, 0.0000, 0.0000, 0.0000, 0.0000
 0.0000, 0.0000, 3.0751, 0.0000, 0.0000, 0.0000, 0.0000
 0.0000, 0.0000, 3.0784, 0.0000, 0.0000, 0.2659, 0.0000
 0.0000, 0.0000, 3.0784, 0.0000, 0.0000, 0.0531, 0.0000
 0.0000, 0.0000, 3.0784, 0.0000, 0.0000, 0.0106, 0.0000
 0.0000, 0.0000, 3.0784, 0.0000, 0.0000, 0.0021, 0.0000
 0.0000, 0.0000, 3.0784, 0.0000, 0.0000, 0.0004, 0.0000
 0.0000, 0.0000, 3.0784, 0.0000, 0.0000, 0.0000, 0.0000
 0.0000, 0.0000, 3.0784, 0.0000, 0.0000, 0.0000, 0.0000
 0.0000, 0.0000, 3.0784, 0.0000, 0.0000, 0.0000, 0.0000
 0.0000, 0.0000, 3.0784, 0.0000, 0.0000, 0.0000, 0.0000
 0.0000, 0.0000, 3.0784, 0.0000, 0.0000, 0.0000, 0.0000
 0.0000, 0.0000, 3.0784, 0.0000, 0.0000, 0.0000, 0.0000
 0.0000, 0.0000, 3.0784, 0.0000, 0.0000, 0.0000, 0.0000
 0.0000, 0.0000, 3.0784, 0.0000, 0.0000, 0.0000, 0.0000
 0.0000, 0.0000, 3.0784, 0.0000, 0.0000, 0.0000, 0.0000
 0.0000, 0.0000, 3.0784, 0.0000, 0.0000, 0.0000, 0.0000
 0.0000, 0.0000, 3.0817, 0.0000, 0.0000, 0.2659, 0.0000
 0.0000, 0.0000, 3.0817, 0.0000, 0.0000, 0.0531, 0.0000
 0.0000, 0.0000, 3.0817, 0.0000, 0.0000, 0.0106, 0.0000
 0.0000, 0.0000, 3.0817, 0.0000, 0.0000, 0.0021, 0.0000
 0.0000, 0.0000, 3.0817, 0.0000, 0.0000, 0.0004, 0.0000
 0.0000, 0.0000, 3.0817, 0.0000, 0.0000, 0.0000, 0.0000
 0.0000, 0.0000, 3.0817, 0.0000, 0.0000, 0.0000, 0.0000
 0.0000, 0.0000, 3.0817, 0.0000, 0.0000, 0.0000, 0.0000
 0.0000, 0.0000, 3.0817, 0.0000, 0.0000, 0.0000, 0.0000
 0.0000, 0.0000, 3.0817, 0.0000, 0.0000, 0.0000, 0.0000
 0.0000, 0.0000, 3.0817, 0.0000, 0.0000, 0.0000, 0.0000
 0.0000, 0.0000, 3.0817, 0.0000, 0.0000, 0.0000, 0.0000
 0.0000, 0.0000, 3.0817, 0.0000, 0.0000, 0.0000, 0.0000
 0.0000, 0.0000, 3.0784, 0.0000, 0.0000,-0.2659, 0.0000
 0.0000, 0.0000, 3.0784, 0.0000, 0.0000,-0.0531, 0.0000
 0.0000, 0.0000, 3.0784, 0.0000, 0.0000,-0.0106, 0.0000
 0.0000, 0.0000, 3.0784, 0.0000, 0.0000,-0.0021, 0.0000
 0.0000, 0.0000, 3.0784, 0.0000, 0.0000,-0.0004, 0.0000
 0.0000, 0.0000, 3.0784, 0.0000, 0.0000,-0.0000, 0.0000
 0.0000, 0.0000, 3.0784, 0.0000, 0.0000,-0.0000, 0.0000
 0.0000, 0.0000, 3.0784, 0.0000, 0.0000,-0.0000, 0.0000
 0.0000, 0.0000, 3.0784, 0.0000, 0.0000,-0.0000, 0.0000
 0.0000, 0.0000, 3.0784, 0.0000, 0.0000,-0.0000, 0.0000
 0.0000, 0.0000, 3.0784, 0.0000, 0.0000,-0.0000, 0.0000
 0.0000, 0.0000, 3.0784, 0.0000, 0.0000,-0.0000, 0.0000
 0.0000, 0.0000, 3.0784, 0.0000, 0.0000,-0.0000, 0.0000
 0.0000, 0.0000, 3.0784, 0.0000, 0.0000,-0.0000, 0.0000
 0.0000, 0.0000, 3.0784, 0.0000, 0.0000,-0.0000, 0.0000
 0.0000, 0.0000, 3.0784, 0.0000, 0.0000,-0.0000, 0.0000
 0.0000, 0.0000, 3.0784, 0.0000, 0.0000,-0.0000, 0.0000
 0.0000, 0.0000, 3.0784, 0.0000, 0.0000,-0.0000, 0.0000
 0.0000, 0.0000, 3.0817, 0.0000, 0.0000, 0.2659, 0.0000
 0.0000, 0.0000, 3.0817, 0.0000, 0.0000, 0.0531, 0.0000
 0.0000, 0.0000, 3.0817, 0.0000, 0.0000, 0.0106, 0.0000
 0.0000, 0.0000, 3.0850, 0.0000, 0.0000, 0.2680, 0.0000
 0.0000, 0.0000, 3.0850, 0.0000, 0.0000, 0.0536, 0.0000
 0.0000, 0.0000, 3.0850, 0.0000, 0.0000, 0.0107, 0.0000
 0.0000, 0.0000, 3.0884, 0.0000, 0.0000, 0.2681, 0.0000
 0.0000, 0.0000, 3.0884, 0.0000, 0.0000, 0.0536, 0.0000
 0.0000, 0.0000, 3.0884, 0.0000, 0.0000, 0.0107, 0.0000
 0.0000, 0.0000, 3.0884, 0.0000, 0.0000, 0.0021, 0.0000
 0.0000, 0.0000, 3.0917, 0.0000, 0.0000, 0.2663, 0.0000
 0.0000, 0.0000, 3.0917, 0.0000, 0.0000, 0.0532, 0.0000
 0.0000, 0.0000, 3.0917, 0.0000, 0.0000, 0.0106, 0.0000
 0.0000, 0.0000, 3.0950, 0.0000, 0.0000, 0.2680, 0.0000
 0.0000, 0.0000, 3.0950, 0.0000, 0.0000, 0.0536, 0.0000
 0.0000, 0.0000, 3.0950, 0.0000, 0.0000, 0.0107, 0.0000
 0.0000, 0.0000, 3.0983, 0.0000, 0.0000, 0.2681, 0.0000
 0.0000, 0.0000, 3.0983, 0.0000, 0.0000, 0.0536, 0.0000
 0.0000, 0.0000, 3.0983, 0.0000, 0.0000, 0.0107, 0.0000
 0.0000, 0.0000, 3.0983, 0.0000, 0.0000, 0.0021, 0.0000
 0.0000, 0.0000, 3.0983, 0.0000, 0.0000, 0.0004, 0.0000
 0.0000, 0.0000, 3.0983, 0.0000, 0.0000, 0.0000, 0.0000
 0.0000, 0.0000, 3.0983, 0.0000, 0.0000, 0.0000, 0.0000
 0.0000, 0.0000, 3.0983, 0.0000, 0.0000, 0.0000, 0.0000
 0.0000, 0.0000, 3.0983, 0.0000, 0.0000, 0.0000, 0.0000
 0.0000, 0.0000, 3.0983, 0.0000, 0.0000, 0.0000, 0.0000
 0.0000, 0.0000, 3.0983, 0.0000, 0.0000, 0.0000, 0.0000
 0.0000, 0.0000, 3.0983, 0.0000, 0.0000, 0.0000, 0.0000
 0.0000, 0.0000, 3.0983, 0.0000, 0.0000, 0.0000, 0.0000
 0.0000, 0.0000, 3.0983, 0.0000, 0.0000, 0.0000, 0.0000
 0.0000, 0.0000, 3.0983, 0.0000, 0.0000, 0.0000, 0.0000
 0.0000, 0.0000, 3.0983, 0.0000, 0.0000, 0.0000, 0.0000
 0.0000, 0.0000, 3.0983, 0.0000, 0.0000, 0.0000, 0.0000
 0.0000, 0.0000, 3.0983, 0.0000, 0.0000, 0.0000, 0.0000
 0.0000, 0.0000, 3.0983, 0.0000, 0.0000, 0.0000, 0.0000
 0.0000, 0.0000, 3.0983, 0.0000, 0.0000, 0.0000, 0.0000
 0.0000, 0.0000, 3.0983, 0.0000, 0.0000, 0.0000, 0.0000
 0.0000, 0.0000, 3.0983, 0.0000, 0.0000, 0.0000, 0.0000
 0.0000, 0.0000, 3.0983, 0.0000, 0.0000, 0.0000, 0.0000
 0.0000, 0.0000, 3.0983, 0.0000, 0.0000, 0.0000, 0.0000
 0.0000, 0.0000, 3.0983, 0.0000, 0.0000, 0.0000, 0.0000
 0.0000, 0.0000, 3.0983, 0.0000, 0.0000, 0.0000, 0.0000
 0.0000, 0.0000, 3.0983, 0.0000, 0.0000, 0.0000, 0.0000
 0.0000, 0.0000, 3.0983, 0.0000, 0.0000, 0.0000, 0.0000
 0.0000, 0.0000, 3.0983, 0.0000, 0.0000, 0.0000, 0.0000
 0.0000, 0.0000, 3.0983, 0.0000, 0.0000, 0.0000, 0.0000
 0.0000, 0.0000, 3.0983, 0.0000, 0.0000, 0.0000, 0.0000
 0.0000, 0.0000, 3.0983, 0.0000, 0.0000, 0.0000, 0.0000
 0.0000, 0.0000, 3.0983, 0.0000, 0.0000, 0.0000, 0.0000
 0.0000, 0.0000, 3.0983, 0.0000, 0.0000, 0.0000, 0.0000
 0.0000, 0.0000, 3.0983, 0.0000, 0.0000, 0.0000, 0.0000
 0.0000, 0.0000, 3.0983, 0.0000, 0.0000, 0.0000, 0.0000
 0.0000, 0.0000, 3.0983, 0.0000, 0.0000, 0.0000, 0.0000
 0.0000, 0.0000, 3.1016, 0.0000, 0.0000, 0.2659, 0.0000
 0.0000, 0.0000, 3.1016, 0.0000, 0.0000, 0.0531, 0.0000
 0.0000, 0.0000, 3.1016, 0.0000, 0.0000, 0.0106, 0.0000
 0.0000, 0.0000, 3.1016, 0.0000, 0.0000, 0.0021, 0.0000
 0.0000, 0.0000, 3.1016, 0.0000, 0.0000, 0.0004, 0.0000
 0.0000, 0.0000, 3.1016, 0.0000, 0.0000, 0.0000, 0.0000
 0.0000, 0.0000, 3.1016, 0.0000, 0.0000, 0.0000, 0.0000
 0.0000, 0.0000, 3.1016, 0.0000, 0.0000, 0.0000, 0.0000
 0.0000, 0.0000, 3.1016, 0.0000, 0.0000, 0.0000, 0.0000
 0.0000, 0.0000, 3.1016, 0.0000, 0.0000, 0.0000, 0.0000
 0.0000, 0.0000, 3.1016, 0.0000, 0.0000, 0.0000, 0.0000
 0.0000, 0.0000, 3.1050, 0.0000, 0.0000, 0.2659, 0.0000
 0.0000, 0.0000, 3.1050, 0.0000, 0.0000, 0.0531, 0.0000
 0.0000, 0.0000, 3.1050, 0.0000, 0.0000, 0.0106, 0.0000
 0.0000, 0.0000, 3.1050, 0.0000, 0.0000, 0.0021, 0.0000
 0.0000, 0.0000, 3.1050, 0.0000, 0.0000, 0.0004, 0.0000
 0.0000, 0.0000, 3.1050, 0.0000, 0.0000, 0.0000, 0.0000
 0.0000, 0.0000, 3.1050, 0.0000, 0.0000, 0.0000, 0.0000
 0.0000, 0.0000, 3.1050, 0.0000, 0.0000, 0.0000, 0.0000
 0.0000, 0.0000, 3.1050, 0.0000, 0.0000, 0.0000, 0.0000
 0.0000, 0.0000, 3.1050, 0.0000, 0.0000, 0.0000, 0.0000
 0.0000, 0.0000, 3.1050, 0.0000, 0.0000, 0.0000, 0.0000
 0.0000, 0.0000, 3.1050, 0.0000, 0.0000, 0.0000, 0.0000
 0.0000, 0.0000, 3.1050, 0.0000, 0.0000, 0.0000, 0.0000
 0.0000, 0.0000, 3.1050, 0.0000, 0.0000, 0.0000, 0.0000
 0.0000, 0.0000, 3.1050, 0.0000, 0.0000, 0.0000, 0.0000
 0.0000, 0.0000, 3.1050, 0.0000, 0.0000, 0.0000, 0.0000
 0.0000, 0.0000, 3.1050, 0.0000, 0.0000, 0.0000, 0.0000
 0.0000, 0.0000, 3.1050, 0.0000, 0.0000, 0.0000, 0.0000
 0.0000, 0.0000, 3.1050, 0.0000, 0.0000, 0.0000, 0.0000
 0.0000, 0.0000, 3.1050, 0.0000, 0.0000, 0.0000, 0.0000
 0.0000, 0.0000, 3.1050, 0.0000, 0.0000, 0.0000, 0.0000
 0.0000, 0.0000, 3.1050, 0.0000, 0.0000, 0.0000, 0.0000
 0.0000, 0.0000, 3.1016, 0.0000, 0.0000,-0.2659, 0.0000
 0.0000, 0.0000, 3.1016, 0.0000, 0.0000,-0.0531, 0.0000
 0.0000, 0.0000, 3.1016, 0.0000, 0.0000,-0.0106, 0.0000
 0.0000, 0.0000, 3.1016, 0.0000, 0.0000,-0.0021, 0.0000
 0.0000, 0.0000, 3.1016, 0.0000, 0.0000,-0.0004, 0.0000
 0.0000, 0.0000, 3.1016, 0.0000, 0.0000,-0.0000, 0.0000
 0.0000, 0.0000, 3.1016, 0.0000, 0.0000,-0.0000, 0.0000
 0.0000, 0.0000, 3.1016, 0.0000, 0.0000,-0.0000, 0.0000
 0.0000, 0.0000, 3.0983, 0.0000, 0.0000,-0.2659, 0.0000
 0.0000, 0.0000, 3.0983, 0.0000, 0.0000,-0.0531, 0.0000
 0.0000, 0.0000, 3.0983, 0.0000, 0.0000,-0.0106, 0.0000
 0.0000, 0.0000, 3.0983, 0.0000, 0.0000,-0.0021, 0.0000
 0.0000, 0.0000, 3.0983, 0.0000, 0.0000,-0.0004, 0.0000
 0.0000, 0.0000, 3.0983, 0.0000, 0.0000,-0.0000, 0.0000
 0.0000, 0.0000, 3.0983, 0.0000, 0.0000,-0.0000, 0.0000
 0.0000, 0.0000, 3.0983, 0.0000, 0.0000,-0.0000, 0.0000
 0.0000, 0.0000, 3.0983, 0.0000, 0.0000,-0.0000, 0.0000
 0.0000, 0.0000, 3.0983, 0.0000, 0.0000,-0.0000, 0.0000
 0.0000, 0.0000, 3.0983, 0.0000, 0.0000,-0.0000, 0.0000
 0.0000, 0.0000, 3.0983, 0.0000, 0.0000,-0.0000, 0.0000
 0.0000, 0.0000, 3.0983, 0.0000, 0.0000,-0.0000, 0.0000
 0.0000, 0.0000, 3.0983, 0.0000, 0.0000,-0.0000, 0.0000
 0.0000, 0.0000, 3.0983, 0.0000, 0.0000,-0.0000, 0.0000
 0.0000, 0.0000, 3.0983, 0.0000, 0.0000,-0.0000, 0.0000
 0.0000, 0.0000, 3.0983, 0.0000, 0.0000,-0.0000, 0.0000
 0.0000, 0.0000, 3.1016, 0.0000, 0.0000, 0.2659, 0.0000
 0.0000, 0.0000, 3.1016, 0.0000, 0.0000, 0.0531, 0.0000
 0.0000, 0.0000, 3.1016, 0.0000, 0.0000, 0.0106, 0.0000
 0.0000, 0.0000, 3.1016, 0.0000, 0.0000, 0.0021, 0.0000
 0.0000, 0.0000, 3.1050, 0.0000, 0.0000, 0.2663, 0.0000
 0.0000, 0.0000, 3.1050, 0.0000, 0.0000, 0.0532, 0.0000
 0.0000, 0.0000, 3.1050, 0.0000, 0.0000, 0.0106, 0.0000
 0.0000, 0.0000, 3.1050, 0.0000, 0.0000, 0.0021, 0.0000
 0.0000, 0.0000, 3.1050, 0.0000, 0.0000, 0.0004, 0.0000
 0.0000, 0.0000, 3.1050, 0.0000, 0.0000, 0.0000, 0.0000
 0.0000, 0.0000, 3.1050, 0.0000, 0.0000, 0.0000, 0.0000
 0.0000, 0.0000, 3.1050, 0.0000, 0.0000, 0.0000, 0.0000
 0.0000, 0.0000, 3.1050, 0.0000, 0.0000, 0.0000, 0.0000
 0.0000, 0.0000, 3.1016, 0.0000, 0.0000,-0.2659, 0.0000
 0.0000, 0.0000, 3.1016, 0.0000, 0.0000,-0.0531, 0.0000
 0.0000, 0.0000, 3.1016, 0.0000, 0.0000,-0.0106, 0.0000
 0.0000, 0.0000, 3.1016, 0.0000, 0.0000,-0.0021, 0.0000
 0.0000, 0.0000, 3.1016, 0.0000, 0.0000,-0.0004, 0.0000
 0.0000, 0.0000, 3.1016, 0.0000, 0.0000,-0.0000, 0.0000
 0.0000, 0.0000, 3.1016, 0.0000, 0.0000,-0.0000, 0.0000
 0.0000, 0.0000, 3.1016, 0.0000, 0.0000,-0.0000, 0.0000
 0.0000, 0.0000, 3.1016, 0.0000, 0.0000,-0.0000, 0.0000
 0.0000, 0.0000, 3.1016, 0.0000, 0.0000,-0.0000, 0.0000
 0.0000, 0.0000, 3.1016, 0.0000, 0.0000,-0.0000, 0.0000
 0.0000, 0.0000, 3.1016, 0.0000, 0.0000,-0.0000, 0.0000
 0.0000, 0.0000, 3.1016, 0.0000, 0.0000,-0.0000, 0.0000
 0.0000, 0.0000, 3.1016, 0.0000, 0.0000,-0.0000, 0.0000
 0.0000, 0.0000, 3.1016, 0.0000, 0.0000,-0.0000, 0.0000
 0.0000, 0.0000, 3.1016, 0.0000, 0.0000,-0.0000, 0.0000
 0.0000, 0.0000, 3.1016, 0.0000, 0.0000,-0.0000, 0.0000
 0.0000, 0.0000, 3.1016, 0.0000, 0.0000,-0.0000, 0.0000
 0.0000, 0.0000, 3.1016, 0.0000, 0.0000,-0.0000, 0.0000
 0.0000, 0.0000, 3.1016, 0.0000, 0.0000,-0.0000, 0.0000
 0.0000, 0.0000, 3.1016, 0.0000, 0.0000,-0.0000, 0.0000
 0.0000, 0.0000, 3.1016, 0.0000, 0.0000,-0.0000, 0.0000
 0.0000, 0.0000, 3.1016, 0.0000, 0.0000,-0.0000, 0.0000
 0.0000, 0.0000, 3.1016, 0.0000, 0.0000,-0.0000, 0.0000
 0.0000, 0.0000, 3.1016, 0.0000, 0.0000,-0.0000, 0.0000
 0.0000, 0.0000, 3.1016, 0.0000, 0.0000,-0.0000, 0.0000
 0.0000, 0.0000, 3.1016, 0.0000, 0.0000,-0.0000, 0.0000
 0.0000, 0.0000, 3.1016, 0.0000, 0.0000,-0.0000, 0.0000
 0.0000, 0.0000, 3.1016, 0.0000, 0.0000,-0.0000, 0.0000
 0.0000, 0.0000, 3.1016, 0.0000, 0.0000,-0.0000, 0.0000
 0.0000, 0.0000, 3.1016, 0.0000, 0.0000,-0.0000, 0.0000
 0.0000, 0.0000, 3.1016, 0.0000, 0.0000,-0.0000, 0.0000
 0.0000, 0.0000, 3.1016, 0.0000, 0.0000,-0.0000, 0.0000
 0.0000, 0.0000, 3.1016, 0.0000, 0.0000,-0.0000, 0.0000
 0.0000, 0.0000, 3.1050, 0.0000, 0.0000, 0.2659, 0.0000
 0.0000, 0.0000, 3.1050, 0.0000, 0.0000, 0.0531, 0.0000
 0.0000, 0.0000, 3.1050, 0.0000, 0.0000, 0.0106, 0.0000
 0.0000, 0.0000, 3.1050, 0.0000, 0.0000, 0.0021, 0.0000
 0.0000, 0.0000, 3.1050, 0.0000, 0.0000, 0.0004, 0.0000
 0.0000, 0.0000, 3.1050, 0.0000, 0.0000, 0.0000, 0.0000
 0.0000, 0.0000, 3.1050, 0.0000, 0.0000, 0.0000, 0.0000
 0.0000, 0.0000, 3.1050, 0.0000, 0.0000, 0.0000, 0.0000
 0.0000, 0.0000, 3.1050, 0.0000, 0.0000, 0.0000, 0.0000
 0.0000, 0.0000, 3.1050, 0.0000, 0.0000, 0.0000, 0.0000
 0.0000, 0.0000, 3.1050, 0.0000, 0.0000, 0.0000, 0.0000
 0.0000, 0.0000, 3.1050, 0.0000, 0.0000, 0.0000, 0.0000
 0.0000, 0.0000, 3.1050, 0.0000, 0.0000, 0.0000, 0.0000
 0.0000, 0.0000, 3.1050, 0.0000, 0.0000, 0.0000, 0.0000
 0.0000, 0.0000, 3.1050, 0.0000, 0.0000, 0.0000, 0.0000
 0.0000, 0.0000, 3.1050, 0.0000, 0.0000, 0.0000, 0.0000
 0.0000, 0.0000, 3.1050, 0.0000, 0.0000, 0.0000, 0.0000
 0.0000, 0.0000, 3.1050, 0.0000, 0.0000, 0.0000, 0.0000
 0.0000, 0.0000, 3.1050, 0.0000, 0.0000, 0.0000, 0.0000
 0.0000, 0.0000, 3.1050, 0.0000, 0.0000, 0.0000, 0.0000
 0.0000, 0.0000, 3.1050, 0.0000, 0.0000, 0.0000, 0.0000
 0.0000, 0.0000, 3.1050, 0.0000, 0.0000, 0.0000, 0.0000
 0.0000, 0.0000, 3.1050, 0.0000, 0.0000, 0.0000, 0.0000
 0.0000, 0.0000, 3.1050, 0.0000, 0.0000, 0.0000, 0.0000
 0.0000, 0.0000, 3.1050, 0.0000, 0.0000, 0.0000, 0.0000
 0.0000, 0.0000, 3.1050, 0.0000, 0.0000, 0.0000, 0.0000
 0.0000, 0.0000, 3.1050, 0.0000, 0.0000, 0.0000, 0.0000
 0.0000, 0.0000, 3.1050, 0.0000, 0.0000, 0.0000, 0.0000
 0.0000, 0.0000, 3.1050, 0.0000, 0.0000, 0.0000, 0.0000
 0.0000, 0.0000, 3.1083, 0.0000, 0.0000, 0.2659, 0.0000
 0.0000, 0.0000, 3.1083, 0.0000, 0.0000, 0.0531, 0.0000
 0.0000, 0.0000, 3.1083, 0.0000, 0.0000, 0.0106, 0.0000
 0.0000, 0.0000, 3.1083, 0.0000, 0.0000, 0.0021, 0.0000
 0.0000, 0.0000, 3.1083, 0.0000, 0.0000, 0.0004, 0.0000
 0.0000, 0.0000, 3.1083, 0.0000, 0.0000, 0.0000, 0.0000
 0.0000, 0.0000, 3.1083, 0.0000, 0.0000, 0.0000, 0.0000
 0.0000, 0.0000, 3.1083, 0.0000, 0.0000, 0.0000, 0.0000
 0.0000, 0.0000, 3.1083, 0.0000, 0.0000, 0.0000, 0.0000
 0.0000, 0.0000, 3.1083, 0.0000, 0.0000, 0.0000, 0.0000
 0.0000, 0.0000, 3.1083, 0.0000, 0.0000, 0.0000, 0.0000
 0.0000, 0.0000, 3.1083, 0.0000, 0.0000, 0.0000, 0.0000
 0.0000, 0.0000, 3.1083, 0.0000, 0.0000, 0.0000, 0.0000
 0.0000, 0.0000, 3.1083, 0.0000, 0.0000, 0.0000, 0.0000
 0.0000, 0.0000, 3.1083, 0.0000, 0.0000, 0.0000, 0.0000
 0.0000, 0.0000, 3.1083, 0.0000, 0.0000, 0.0000, 0.0000
 0.0000, 0.0000, 3.1083, 0.0000, 0.0000, 0.0000, 0.0000
 0.0000, 0.0000, 3.1083, 0.0000, 0.0000, 0.0000, 0.0000
 0.0000, 0.0000, 3.1083, 0.0000, 0.0000, 0.0000, 0.0000
 0.0000, 0.0000, 3.1083, 0.0000, 0.0000, 0.0000, 0.0000
 0.0000, 0.0000, 3.1083, 0.0000, 0.0000, 0.0000, 0.0000
 0.0000, 0.0000, 3.1083, 0.0000, 0.0000, 0.0000, 0.0000
 0.0000, 0.0000, 3.1083, 0.0000, 0.0000, 0.0000, 0.0000
 0.0000, 0.0000, 3.1083, 0.0000, 0.0000, 0.0000, 0.0000
 0.0000, 0.0000, 3.1050, 0.0000, 0.0000,-0.2659, 0.0000
 0.0000, 0.0000, 3.1050, 0.0000, 0.0000,-0.0531, 0.0000
 0.0000, 0.0000, 3.1050, 0.0000, 0.0000,-0.0106, 0.0000
 0.0000, 0.0000, 3.1050, 0.0000, 0.0000,-0.0021, 0.0000
 0.0000, 0.0000, 3.1050, 0.0000, 0.0000,-0.0004, 0.0000
 0.0000, 0.0000, 3.1050, 0.0000, 0.0000,-0.0000, 0.0000
 0.0000, 0.0000, 3.1050, 0.0000, 0.0000,-0.0000, 0.0000
 0.0000, 0.0000, 3.1050, 0.0000, 0.0000,-0.0000, 0.0000
 0.0000, 0.0000, 3.1050, 0.0000, 0.0000,-0.0000, 0.0000
 0.0000, 0.0000, 3.1050, 0.0000, 0.0000,-0.0000, 0.0000
 0.0000, 0.0000, 3.1050, 0.0000, 0.0000,-0.0000, 0.0000
 0.0000, 0.0000, 3.1083, 0.0000, 0.0000, 0.2659, 0.0000
 0.0000, 0.0000, 3.1083, 0.0000, 0.0000, 0.0531, 0.0000
 0.0000, 0.0000, 3.1083, 0.0000, 0.0000, 0.0106, 0.0000
 0.0000, 0.0000, 3.1083, 0.0000, 0.0000, 0.0021, 0.0000
 0.0000, 0.0000, 3.1083, 0.0000, 0.0000, 0.0004, 0.0000
 0.0000, 0.0000, 3.1083, 0.0000, 0.0000, 0.0000, 0.0000
 0.0000, 0.0000, 3.1083, 0.0000, 0.0000, 0.0000, 0.0000
 0.0000, 0.0000, 3.1083, 0.0000, 0.0000, 0.0000, 0.0000
 0.0000, 0.0000, 3.1083, 0.0000, 0.0000, 0.0000, 0.0000
 0.0000, 0.0000, 3.1083, 0.0000, 0.0000, 0.0000, 0.0000
 0.0000, 0.0000, 3.1083, 0.0000, 0.0000, 0.0000, 0.0000
 0.0000, 0.0000, 3.1083, 0.0000, 0.0000, 0.0000, 0.0000
 0.0000, 0.0000, 3.1116, 0.0000, 0.0000, 0.2659, 0.0000
 0.0000, 0.0000, 3.1116, 0.0000, 0.0000, 0.0531, 0.0000
 0.0000, 0.0000, 3.1116, 0.0000, 0.0000, 0.0106, 0.0000
 0.0000, 0.0000, 3.1116, 0.0000, 0.0000, 0.0021, 0.0000
 0.0000, 0.0000, 3.1116, 0.0000, 0.0000, 0.0004, 0.0000
 0.0000, 0.0000, 3.1116, 0.0000, 0.0000, 0.0000, 0.0000
 0.0000, 0.0000, 3.1116, 0.0000, 0.0000, 0.0000, 0.0000
 0.0000, 0.0000, 3.1116, 0.0000, 0.0000, 0.0000, 0.0000
 0.0000, 0.0000, 3.1116, 0.0000, 0.0000, 0.0000, 0.0000
 0.0000, 0.0000, 3.1116, 3.1415, 0.0000, 0.0000, 4.6799
 0.0000, 0.0000, 3.1116, 3.1415, 0.0060, 0.0000, 4.6799
 0.0003, 0.0000, 3.1116, 3.1415, 0.0254, 0.0000, 4.6799
 0.0009, 0.0000, 3.1149, 3.1415, 0.0475, 0.2659,-4.6799
 0.0012, 0.0000, 3.1149, 3.1415, 0.0337, 0.0531, 4.6799
 0.0018, 0.0000, 3.1149, 3.1415, 0.0552, 0.0106, 4.6799
 0.0025, 0.0000, 3.1183, 3.1415, 0.0656, 0.2680,-4.6799
 0.0028, 0.0000, 3.1216, 3.1415, 0.0434, 0.3195,-4.6799
 0.0029, 0.0000, 3.1216, 3.1415, 0.0147, 0.0639, 3.6628
 0.0031, 0.0000, 3.1216, 3.1415, 0.0211, 0.0127, 4.6799
 0.0036, 0.0000, 3.1216, 3.1415, 0.0406, 0.0025, 4.6799
 0.0041, 0.0000, 3.1249, 3.1415, 0.0505, 0.2664,-4.6799
 0.0043, 0.0000, 3.1249, 3.1415, 0.0222, 0.0532, 4.1584
 0.0047, 0.0000, 3.1282, 3.1415, 0.0408, 0.2766,-4.6799
 0.0050, 0.0000, 3.1282, 3.1415, 0.0263, 0.0553, 3.3527
 0.0053, 0.0000, 3.1282, 3.1415, 0.0355, 0.0110, 4.6799
 0.0056, 0.0000, 3.1316, 3.1415, 0.0313, 0.2681,-4.6799
 0.0058, 0.0000, 3.1316, 3.1415, 0.0184, 0.0536, 1.7135
 0.0060, 0.0000, 3.1316, 3.1415, 0.0218, 0.0107, 4.6799
 0.0065, 0.0000, 3.1316, 3.1415, 0.0407, 0.0021, 4.6799
 0.0069, 0.0000, 3.1349, 3.1415, 0.0445, 0.2663,-4.6799
 0.0071, 0.0000, 3.1349, 3.1415, 0.0210, 0.0532, 1.0050
 0.0075, 0.0000, 3.1349, 3.1415, 0.0405, 0.0106, 4.6799
 0.0080, 0.0000, 3.1382, 3.1415, 0.0444, 0.2680,-4.6799
 0.0081, 0.0000, 3.1382, 3.1415, 0.0210, 0.0536,-0.0222
 0.0081, 0.0000, 3.1382, 3.1415,-0.0018, 0.0107, 0.9667
 0.0081, 0.0000, 3.1382, 3.1415,-0.0003, 0.0021, 1.7283
 0.0082, 0.0000, 3.1382, 3.1415, 0.0120, 0.0004, 3.0201
 0.0085, 0.0000, 3.1349, 3.1415, 0.0266,-0.2658, 4.6799
 0.0088, 0.0000, 3.1349, 3.1415, 0.0295,-0.0531, 4.6799
 0.0091, 0.0000, 3.1349, 3.1415, 0.0301,-0.0106, 4.6799
 0.0098, 0.0000, 3.1349, 3.1415, 0.0606,-0.0021, 4.6799
 0.0107, 0.0000, 3.1349, 3.1415, 0.0848,-0.0004, 4.6799
 0.0115, 0.0000, 3.1382, 3.1415, 0.0836, 0.2658,-4.6799
 0.0122, 0.0000, 3.1382, 3.1415, 0.0652, 0.0531, 4.5113
 0.0132, 0.0000, 3.1382, 3.1415, 0.0979, 0.0106, 4.6799
 0.0141, 0.0000, 3.1382, 3.1415, 0.0923, 0.0021, 4.6799
 0.0150, 0.0000, 3.1382, 3.1415, 0.0851, 0.0004, 4.6799
 0.0161, 0.0000, 3.1382, 3.1415, 0.1079, 0.0000, 4.6799
 0.0175, 0.0000, 3.1382, 3.1415, 0.1368, 0.0000, 4.6799
 0.0191, 0.0000, 3.1415, 3.1415, 0.1546, 0.2659,-3.0751
 0.0205, 0.0000, 3.1449, 3.1415, 0.1400, 0.3191,-4.6799
 0.0216, 0.0000, 3.1449, 3.1415, 0.1189, 0.0638, 4.6799
 0.0228, 0.0000, 3.1449, 3.1415, 0.1147, 0.0127, 4.6799
 0.0241, 0.0000, 3.1449, 3.1415, 0.1260, 0.0025, 4.6799
 0.0256, 0.0000, 3.1482, 3.1415, 0.1464, 0.2664,-4.6799
 0.0266, 0.0000, 3.1482, 3.1415, 0.1081, 0.0532, 4.6799
 0.0279, 0.0000, 3.1482, 3.1415, 0.1307, 0.0106, 4.6799
 0.0295, 0.0000, 3.1515, 3.1415, 0.1534, 0.2680,-4.6799
 0.0307, 0.0000, 3.1515, 3.1415, 0.1277, 0.0536, 4.6799
 0.0319, 0.0000, 3.1515, 3.1415, 0.1164, 0.0107, 4.6799
 0.0331, 0.0000, 3.1515, 3.1415, 0.1203, 0.0021, 4.6799
 0.0347, 0.0000, 3.1515, 3.1415, 0.1513, 0.0004, 4.6799
 0.0363, 0.0000, 3.1548, 3.1415, 0.1636, 0.2660,-4.6799
 0.0374, 0.0000, 3.1548, 3.1415, 0.1176, 0.0532, 4.6799
 0.0391, 0.0000, 3.1582, 3.1415, 0.1569, 0.2766,-4.6799
 0.0402, 0.0000, 3.1582, 3.1415, 0.1223, 0.0553, 4.6799
 0.0417, 0.0000, 3.1582, 3.1415, 0.1457, 0.0110, 4.6799
 0.0430, 0.0000, 3.1582, 3.1415, 0.1322, 0.0022, 4.6799
 0.0445, 0.0000, 3.1582, 3.1415, 0.1477, 0.0004, 4.6799
 0.0463, 0.0000, 3.1615, 3.1415, 0.1750, 0.2660,-4.6799
 0.0479, 0.0000, 3.1648, 3.1415, 0.1562, 0.3191,-4.6799
 0.0492, 0.0000, 3.1648, 3.1415, 0.1403, 0.0638, 4.6799
 0.0506, 0.0000, 3.1648, 3.1415, 0.1372, 0.0127, 4.6799
 0.0519, 0.0000, 3.1648, 3.1415, 0.1365, 0.0025, 4.6799
 0.0535, 0.0000, 3.1648, 3.1415, 0.1546, 0.0005, 4.6799
 0.0551, 0.0000, 3.1681, 3.1415, 0.1582, 0.2660,-4.6799
 0.0563, 0.0000, 3.1681, 3.1415, 0.1286, 0.0532, 4.6799
 0.0581, 0.0000, 3.1715, 3.1415, 0.1651, 0.2765,-4.6799
 0.0593, 0.0000, 3.1715, 3.1415, 0.1300, 0.0553, 4.0021
 0.0608, 0.0000, 3.1715, 3.1415, 0.1472, 0.0110, 4.6799
 0.0623, 0.0000, 3.1715, 3.1415, 0.1446, 0.0022, 4.6799
 0.0639, 0.0000, 3.1748, 3.1415, 0.1623, 0.2664,-4.6799
 0.0653, 0.0000, 3.1748, 3.1415, 0.1416, 0.0532, 4.6799
 0.0670, 0.0000, 3.1781, 3.1415, 0.1617, 0.2766,-4.6799
 0.0681, 0.0000, 3.1781, 3.1415, 0.1232, 0.0553, 2.0387
 0.0695, 0.0000, 3.1781, 3.1415, 0.1337, 0.0110, 4.6799
 0.0707, 0.0000, 3.1814, 3.1415, 0.1298, 0.2681,-4.6799
 0.0717, 0.0000, 3.1814, 3.1415, 0.1047, 0.0536,-0.2978
 0.0725, 0.0000, 3.1814, 3.1415, 0.0815, 0.0107, 0.7462
 0.0732, 0.0000, 3.1781, 3.1415, 0.0708,-0.2638, 4.6799
 0.0740, 0.0000, 3.1781, 3.1415, 0.0808,-0.0527, 4.6799
 0.0749, 0.0000, 3.1781, 3.1415, 0.0889,-0.0105, 4.3243
 0.0759, 0.0000, 3.1781, 3.1415, 0.0966,-0.0021, 4.5209
 0.0771, 0.0000, 3.1781, 3.1415, 0.1163,-0.0004, 4.6799
 0.0786, 0.0000, 3.1781, 3.1415, 0.1445,-0.0000, 4.6799
 0.0803, 0.0000, 3.1814, 3.1415, 0.1623, 0.2659,-4.6799
 0.0816, 0.0000, 3.1848, 3.1415, 0.1355, 0.3191,-4.6799
 0.0826, 0.0000, 3.1848, 3.1415, 0.1059, 0.0638,-0.9569
 0.0835, 0.0000, 3.1848, 3.1415, 0.1000, 0.0127, 2.3047
 0.0844, 0.0000, 3.1848, 3.1415, 0.0866, 0.0025, 1.8963
 0.0851, 0.0000, 3.1848, 3.1415, 0.0779, 0.0005, 1.3115
 0.0859, 0.0000, 3.1848, 3.1415, 0.0762, 0.0001, 1.2552
 0.0868, 0.0000, 3.1848, 3.1415, 0.0880, 0.0000, 2.4441
 0.0877, 0.0000, 3.1848, 3.1415, 0.0903, 0.0000, 2.7546
 0.0888, 0.0000, 3.1848, 3.1415, 0.1029, 0.0000, 4.0291
 0.0898, 0.0000, 3.1881, 3.1415, 0.0994, 0.2659,-4.6799
 0.0905, 0.0000, 3.1881, 3.1415, 0.0805, 0.0531,-2.8521
 0.0911, 0.0000, 3.1881, 3.1415, 0.0646, 0.0106,-1.1727
 0.0915, 0.0000, 3.1881, 3.1415, 0.0432, 0.0021,-2.4976
 0.0914, 0.0000, 3.1848, 3.1415, 0.0025,-0.2655, 4.6799
 0.0914, 0.0000, 3.1814, 3.1415, 0.0005,-0.3190, 4.6799
 0.0917, 0.0000, 3.1814, 3.1415, 0.0182,-0.0638, 2.2135
 0.0920, 0.0000, 3.1781, 3.1415, 0.0339,-0.2787, 4.6799
 0.0924, 0.0000, 3.1781, 3.1415, 0.0371,-0.0557, 4.5555
 0.0931, 0.0000, 3.1781, 3.1415, 0.0619,-0.0111, 3.6886
 0.0941, 0.0000, 3.1781, 3.1415, 0.0912,-0.0022, 4.6799
 0.0951, 0.0000, 3.1814, 3.1415, 0.1031, 0.2655,-4.6799
 0.0958, 0.0000, 3.1814, 3.1415, 0.0691, 0.0531,-1.1628
 0.0962, 0.0000, 3.1848, 3.1415, 0.0502, 0.2765,-4.6799
 0.0965, 0.0000, 3.1814, 3.1415, 0.0342,-0.2106, 4.6799
 0.0969, 0.0000, 3.1814, 3.1415, 0.0371,-0.0421, 2.9108
 0.0972, 0.0000, 3.1814, 3.1415, 0.0316,-0.0084,-0.0175
 0.0974, 0.0000, 3.1814, 3.1415, 0.0245,-0.0016,-1.1488
 0.0973, 0.0000, 3.1814, 3.1415,-0.0011,-0.0003,-3.6359
 0.0973, 0.0000, 3.1781, 3.1415,-0.0002,-0.2660, 4.6799
 0.0975, 0.0000, 3.1748, 3.1415, 0.0120,-0.3191, 4.6799
 0.0976, 0.0000, 3.1748, 3.1415, 0.0145,-0.0638, 4.6799
 0.0980, 0.0000, 3.1748, 3.1415, 0.0332,-0.0127, 2.7393
 0.0988, 0.0000, 3.1781, 3.1415, 0.0672, 0.2634,-4.6799
 0.0995, 0.0000, 3.1781, 3.1415, 0.0680, 0.0526, 0.2442
 0.1001, 0.0000, 3.1781, 3.1415, 0.0621, 0.0105, 2.8204
 0.1006, 0.0000, 3.1814, 3.1415, 0.0548, 0.2680,-4.6799
 0.1010, 0.0000, 3.1814, 3.1415, 0.0412, 0.0536,-3.2586
 0.1011, 0.0000, 3.1814, 3.1415, 0.0143, 0.0107,-2.6333
 0.1010, 0.0000, 3.1814, 3.1415,-0.0031, 0.0021,-3.6418
 0.1008, 0.0000, 3.1781, 3.1415,-0.0127,-0.2655, 4.6799
 0.1008, 0.0000, 3.1781, 3.1415,-0.0086,-0.0531, 0.9575
 0.1009, 0.0000, 3.1781, 3.1415, 0.0104,-0.0106,-0.3523
 0.1009, 0.0000, 3.1781, 3.1415, 0.0020,-0.0021,-1.7418
 0.1008, 0.0000, 3.1748, 3.1415,-0.0056,-0.2663, 4.6799
 0.1010, 0.0000, 3.1748, 3.1415, 0.0109,-0.0532, 3.9190
 0.1013, 0.0000, 3.1748, 3.1415, 0.0264,-0.0106, 2.2838
 0.1017, 0.0000, 3.1748, 3.1415, 0.0356,-0.0021, 2.5507
 0.1023, 0.0000, 3.1781, 3.1415, 0.0556, 0.2655,-4.6799
 0.1026, 0.0000, 3.1781, 3.1415, 0.0414, 0.0531,-1.9331
 0.1028, 0.0000, 3.1781, 3.1415, 0.0204, 0.0106,-0.7789
 0.1028, 0.0000, 3.1781, 3.1415, 0.0040, 0.0021,-1.6755
 0.1026, 0.0000, 3.1781, 3.1415,-0.0173, 0.0004,-3.5641
 0.1023, 0.0000, 3.1781, 3.1415,-0.0277, 0.0000,-4.5299
 0.1018, 0.0000, 3.1748, 3.1415,-0.0419,-0.2659, 4.6799
 0.1016, 0.0000, 3.1748, 3.1415,-0.0265,-0.0531, 0.4895
 0.1015, 0.0000, 3.1748, 3.1415,-0.0113,-0.0106,-1.2024
 0.1014, 0.0000, 3.1748, 3.1415,-0.0083,-0.0021,-1.5469
 0.1014, 0.0000, 3.1748, 3.1415,-0.0077,-0.0004,-1.6218
 0.1013, 0.0000, 3.1748, 3.1415,-0.0076,-0.0000,-1.6429
 0.1011, 0.0000, 3.1748, 3.1415,-0.0197,-0.0000,-2.7927
 0.1008, 0.0000, 3.1715, 3.1415,-0.0281,-0.2659, 4.6799
 0.1007, 0.0000, 3.1715, 3.1415,-0.0117,-0.0531, 2.8856
 0.1008, 0.0000, 3.1715, 3.1415, 0.0097,-0.0106, 1.7994
 0.1011, 0.0000, 3.1715, 3.1415, 0.0262,-0.0021, 2.7339
 0.1014, 0.0000, 3.1748, 3.1415, 0.0294, 0.2655,-4.6799
 0.1017, 0.0000, 3.1748, 3.1415, 0.0240, 0.0531,-2.5329
 0.1016, 0.0000, 3.1781, 3.1415,-0.0012, 0.2765,-4.6799
 0.1014, 0.0000, 3.1781, 3.1415,-0.0123, 0.0553,-4.6799
 0.1010, 0.0000, 3.1748, 3.1415,-0.0388,-0.2548, 4.6799
 0.1010, 0.0000, 3.1748, 3.1415,-0.0077,-0.0509, 2.0118
 0.1009, 0.0000, 3.1748, 3.1415,-0.0076,-0.0101,-0.9464
 0.1008, 0.0000, 3.1748, 3.1415,-0.0075,-0.0020,-1.5442
 0.1008, 0.0000, 3.1748, 3.1415,-0.0075,-0.0004,-1.6698
 0.1007, 0.0000, 3.1748, 3.1415,-0.0075,-0.0000,-1.7009
 0.1005, 0.0000, 3.1748, 3.1415,-0.0136,-0.0000,-2.2830
 0.1002, 0.0000, 3.1748, 3.1415,-0.0269,-0.0000,-3.5512
 0.0999, 0.0000, 3.1748, 3.1415,-0.0296,-0.0000,-3.8290
 0.0993, 0.0000, 3.1748, 3.1415,-0.0544,-0.0000,-4.6799
 0.0987, 0.0000, 3.1748, 3.1415,-0.0593,-0.0000,-4.6799
 0.0979, 0.0000, 3.1715, 3.1415,-0.0785,-0.2659, 4.6799
 0.0973, 0.0000, 3.1715, 3.1415,-0.0642,-0.0531,-2.3251
 0.0965, 0.0000, 3.1715, 3.1415,-0.0734,-0.0106,-4.6799
 0.0959, 0.0000, 3.1681, 3.1415,-0.0632,-0.2680, 4.6799
 0.0955, 0.0000, 3.1681, 3.1415,-0.0429,-0.0536, 0.6105
 0.0954, 0.0000, 3.1681, 3.1415,-0.0146,-0.0107, 0.1089
 0.0954, 0.0000, 3.1681, 3.1415,-0.0029,-0.0021, 0.5723
 0.0955, 0.0000, 3.1715, 3.1415, 0.0054, 0.2655,-4.6799
 0.0955, 0.0000, 3.1715, 3.1415, 0.0010, 0.0531,-4.1708
 0.0953, 0.0000, 3.1715, 3.1415,-0.0179, 0.0106,-2.8729
 0.0949, 0.0000, 3.1715, 3.1415,-0.0339, 0.0021,-3.7711
 0.0942, 0.0000, 3.1715, 3.1415,-0.0613, 0.0004,-4.6799
 0.0934, 0.0000, 3.1715, 3.1415,-0.0789, 0.0000,-4.6799
 0.0923, 0.0000, 3.1681, 3.1415,-0.1067,-0.2659, 4.6799
 0.0916, 0.0000, 3.1681, 3.1415,-0.0759,-0.0531,-2.8709
 0.0906, 0.0000, 3.1648, 3.1415,-0.0940,-0.2765, 4.6799
 0.0900, 0.0000, 3.1648, 3.1415,-0.0673,-0.0553,-0.9689
 0.0893, 0.0000, 3.1615, 3.1415,-0.0680,-0.2770, 4.6799
 0.0892, 0.0000, 3.1615, 3.1415,-0.0257,-0.0554, 3.9161
 0.0892, 0.0000, 3.1615, 3.1415,-0.0051,-0.0110, 2.6028
 0.0892, 0.0000, 3.1648, 3.1415, 0.0050, 0.2637,-4.6799
 0.0892, 0.0000, 3.1681, 3.1415,-0.0050, 0.3187,-4.6799
 0.0890, 0.0000, 3.1681, 3.1415,-0.0131, 0.0637,-4.6799
 0.0886, 0.0000, 3.1681, 3.1415,-0.0329, 0.0127,-3.9753
 0.0880, 0.0000, 3.1681, 3.1415,-0.0550, 0.0025,-4.6799
 0.0871, 0.0000, 3.1681, 3.1415,-0.0837, 0.0005,-4.6799
 0.0861, 0.0000, 3.1648, 3.1415,-0.0955,-0.2658, 4.6799
 0.0855, 0.0000, 3.1615, 3.1415,-0.0676,-0.3191, 4.6799
 0.0851, 0.0000, 3.1615, 3.1415,-0.0499,-0.0638, 1.8779
 0.0849, 0.0000, 3.1615, 3.1415,-0.0221,-0.0127, 0.7282
 0.0849, 0.0000, 3.1648, 3.1415,-0.0044, 0.2633,-4.6799
 0.0849, 0.0000, 3.1648, 3.1415,-0.0008, 0.0526,-3.1692
 0.0848, 0.0000, 3.1681, 3.1415,-0.0062, 0.2764,-4.6799
 0.0845, 0.0000, 3.1681, 3.1415,-0.0255, 0.0552,-4.6799
 0.0840, 0.0000, 3.1681, 3.1415,-0.0475, 0.0110,-4.6799
 0.0833, 0.0000, 3.1681, 3.1415,-0.0640, 0.0022,-4.6799
 0.0826, 0.0000, 3.1681, 3.1415,-0.0673, 0.0004,-4.6799
 0.0817, 0.0000, 3.1648, 3.1415,-0.0923,-0.2658, 4.6799
 0.0813, 0.0000, 3.1648, 3.1415,-0.0487,-0.0531,-0.2781
 0.0807, 0.0000, 3.1615, 3.1415,-0.0582,-0.2765, 4.6799
 0.0804, 0.0000, 3.1615, 3.1415,-0.0359,-0.0553, 2.0875
 0.0803, 0.0000, 3.1648, 3.1415,-0.0132, 0.2548,-4.6799
 0.0802, 0.0000, 3.1648, 3.1415,-0.0087, 0.0509,-4.2411
 0.0801, 0.0000, 3.1681, 3.1415,-0.0138, 0.2761,-4.6799
 0.0798, 0.0000, 3.1681, 3.1415,-0.0270, 0.0552,-4.6799
 0.0794, 0.0000, 3.1681, 3.1415,-0.0357, 0.0110,-4.6799
 0.0787, 0.0000, 3.1681, 3.1415,-0.0617, 0.0022,-4.6799
 0.0779, 0.0000, 3.1681, 3.1415,-0.0790, 0.0004,-4.6799
 0.0770, 0.0000, 3.1648, 3.1415,-0.0885,-0.2658, 4.6799
 0.0764, 0.0000, 3.1648, 3.1415,-0.0601,-0.0531,-1.8184
 0.0756, 0.0000, 3.1615, 3.1415,-0.0787,-0.2765, 4.6799
 0.0753, 0.0000, 3.1615, 3.1415,-0.0399,-0.0553, 1.2002
 0.0751, 0.0000, 3.1615, 3.1415,-0.0201,-0.0110,-0.1894
 0.0751, 0.0000, 3.1648, 3.1415,-0.0100, 0.2637,-4.6799
 0.0748, 0.0000, 3.1648, 3.1415,-0.0262, 0.0527,-4.6799
 0.0742, 0.0000, 3.1648, 3.1415,-0.0476, 0.0105,-4.6799
 0.0736, 0.0000, 3.1648, 3.1415,-0.0580, 0.0021,-4.6799
 0.0728, 0.0000, 3.1648, 3.1415,-0.0783, 0.0004,-4.6799
 0.0717, 0.0000, 3.1615, 3.1415,-0.1005,-0.2658, 4.6799
 0.0710, 0.0000, 3.1615, 3.1415,-0.0807,-0.0531,-3.1654
 0.0700, 0.0000, 3.1582, 3.1415,-0.0949,-0.2765, 4.6799
 0.0695, 0.0000, 3.1582, 3.1415,-0.0614,-0.0553,-0.2631
 0.0687, 0.0000, 3.1582, 3.1415,-0.0729,-0.0110,-4.6210
 0.0681, 0.0000, 3.1582, 3.1415,-0.0630,-0.0022,-4.4137
 0.0672, 0.0000, 3.1548, 3.1415,-0.0853,-0.2664, 4.6799
 0.0669, 0.0000, 3.1548, 3.1415,-0.0413,-0.0532, 2.3031
 0.0665, 0.0000, 3.1548, 3.1415,-0.0385,-0.0106,-0.5788
 0.0662, 0.0000, 3.1548, 3.1415,-0.0319,-0.0021,-0.6158
 0.0658, 0.0000, 3.1548, 3.1415,-0.0367,-0.0004,-1.2172
 0.0657, 0.0000, 3.1582, 3.1415,-0.0194, 0.2658,-4.6799
 0.0654, 0.0000, 3.1582, 3.1415,-0.0220, 0.0531,-4.6799
 0.0649, 0.0000, 3.1582, 3.1415,-0.0468, 0.0106,-4.1611
 0.0643, 0.0000, 3.1582, 3.1415,-0.0578, 0.0021,-4.6248
 0.0635, 0.0000, 3.1548, 3.1415,-0.0722,-0.2655, 4.6799
 0.0631, 0.0000, 3.1548, 3.1415,-0.0508,-0.0531, 1.0313
 0.0629, 0.0000, 3.1548, 3.1415,-0.0222,-0.0106, 0.5729
 0.0627, 0.0000, 3.1548, 3.1415,-0.0226,-0.0021,-0.1006
 0.0627, 0.0000, 3.1582, 3.1415,-0.0045, 0.2655,-4.6799
 0.0627, 0.0000, 3.1582, 3.1415,-0.0009, 0.0531,-3.2077
 0.0625, 0.0000, 3.1582, 3.1415,-0.0183, 0.0106,-1.7612
 0.0620, 0.0000, 3.1582, 3.1415,-0.0400, 0.0021,-3.1993
 0.0616, 0.0000, 3.1582, 3.1415,-0.0443, 0.0004,-3.5234
 0.0610, 0.0000, 3.1582, 3.1415,-0.0513, 0.0000,-4.1943
 0.0604, 0.0000, 3.1582, 3.1415,-0.0587, 0.0000,-4.6799
 0.0597, 0.0000, 3.1582, 3.1415,-0.0723, 0.0000,-4.6799
 0.0587, 0.0000, 3.1548, 3.1415,-0.0933,-0.2659, 4.6799
 0.0581, 0.0000, 3.1548, 3.1415,-0.0671,-0.0531,-0.9781
 0.0572, 0.0000, 3.1548, 3.1415,-0.0801,-0.0106,-4.6799
 0.0566, 0.0000, 3.1515, 3.1415,-0.0705,-0.2680, 4.6799
 0.0561, 0.0000, 3.1515, 3.1415,-0.0504,-0.0536, 1.5088
 0.0560, 0.0000, 3.1515, 3.1415,-0.0222,-0.0107, 0.9967
 0.0560, 0.0000, 3.1515, 3.1415,-0.0044,-0.0021, 2.0217
 0.0562, 0.0000, 3.1515, 3.1415, 0.0173,-0.0004, 3.9360
 0.0564, 0.0000, 3.1548, 3.1415, 0.0216, 0.2658,-4.6799
 0.0566, 0.0000, 3.1582, 3.1415, 0.0164, 0.3191,-4.6799
 0.0565, 0.0000, 3.1582, 3.1415,-0.0027, 0.0638,-4.6799
 0.0561, 0.0000, 3.1582, 3.1415,-0.0308, 0.0127,-3.7127
 0.0554, 0.0000, 3.1582, 3.1415,-0.0607, 0.0025,-4.6799
 0.0546, 0.0000, 3.1548, 3.1415,-0.0788,-0.2654, 4.6799
 0.0543, 0.0000, 3.1548, 3.1415,-0.0400,-0.0530, 1.1522
 0.0538, 0.0000, 3.1548, 3.1415,-0.0504,-0.0106,-2.9551
 0.0535, 0.0000, 3.1548, 3.1415,-0.0343,-0.0021,-2.1097
 0.0529, 0.0000, 3.1548, 3.1415,-0.0553,-0.0004,-4.2439
 0.0523, 0.0000, 3.1515, 3.1415,-0.0535,-0.2660, 4.6799
 0.0522, 0.0000, 3.1515, 3.1415,-0.0228,-0.0532, 3.6505
 0.0519, 0.0000, 3.1515, 3.1415,-0.0288,-0.0106,-0.0297
 0.0516, 0.0000, 3.1515, 3.1415,-0.0239,-0.0021,-0.2202
 0.0514, 0.0000, 3.1515, 3.1415,-0.0229,-0.0004,-0.2765
 0.0514, 0.0000, 3.1515, 3.1415,-0.0045,-0.0000, 1.4032
 0.0514, 0.0000, 3.1515, 3.1415,-0.0009,-0.0000, 1.7392
 0.0514, 0.0000, 3.1515, 3.1415,-0.0001,-0.0000, 1.8064
 0.0516, 0.0000, 3.1548, 3.1415, 0.0181, 0.2659,-4.6799
 0.0516, 0.0000, 3.1548, 3.1415,-0.0024, 0.0531,-3.3619
 0.0515, 0.0000, 3.1548, 3.1415,-0.0065, 0.0106,-0.6576
 0.0512, 0.0000, 3.1548, 3.1415,-0.0255, 0.0021,-1.8321
 0.0507, 0.0000, 3.1548, 3.1415,-0.0475, 0.0004,-3.8005
 0.0500, 0.0000, 3.1515, 3.1415,-0.0580,-0.2658, 4.6799
 0.0497, 0.0000, 3.1515, 3.1415,-0.0358,-0.0531, 2.1976
 0.0497, 0.0000, 3.1515, 3.1415,-0.0132,-0.0106, 1.1949
 0.0497, 0.0000, 3.1515, 3.1415, 0.0034,-0.0021, 2.1279
 0.0498, 0.0000, 3.1515, 3.1415, 0.0067,-0.0004, 2.3205
 0.0504, 0.0000, 3.1548, 3.1415, 0.0437, 0.2658,-4.6799
 0.0506, 0.0000, 3.1548, 3.1415, 0.0269, 0.0531,-0.7349
 0.0505, 0.0000, 3.1548, 3.1415,-0.0006, 0.0106,-0.2110
 0.0504, 0.0000, 3.1548, 3.1415,-0.0061, 0.0021,-0.1123
 0.0501, 0.0000, 3.1548, 3.1415,-0.0254, 0.0004,-1.8079
 0.0497, 0.0000, 3.1548, 3.1415,-0.0414, 0.0000,-3.3108
 0.0493, 0.0000, 3.1515, 3.1415,-0.0386,-0.2659, 4.6799
 0.0489, 0.0000, 3.1515, 3.1415,-0.0380,-0.0531, 1.9129
 0.0489, 0.0000, 3.1515, 3.1415,-0.0076,-0.0106, 1.6411
 0.0491, 0.0000, 3.1515, 3.1415, 0.0106,-0.0021, 2.7262
 0.0494, 0.0000, 3.1515, 3.1415, 0.0324,-0.0004, 4.6647
 0.0497, 0.0000, 3.1515, 3.1415, 0.0307,-0.0000, 4.5130
 0.0504, 0.0000, 3.1548, 3.1415, 0.0546, 0.2659,-4.6799
 0.0507, 0.0000, 3.1548, 3.1415, 0.0412, 0.0531, 0.6050
 0.0511, 0.0000, 3.1582, 3.1415, 0.0385, 0.2765,-4.6799
 0.0512, 0.0000, 3.1582, 3.1415, 0.0137, 0.0553,-3.1593
 0.0511, 0.0000, 3.1582, 3.1415,-0.0033, 0.0110,-1.5335
 0.0508, 0.0000, 3.1582, 3.1415,-0.0249, 0.0022,-2.9238
 0.0503, 0.0000, 3.1548, 3.1415,-0.0474,-0.2655, 4.6799
 0.0500, 0.0000, 3.1548, 3.1415,-0.0276,-0.0531, 1.8736
 0.0501, 0.0000, 3.1548, 3.1415, 0.0005,-0.0106, 1.4078
 0.0503, 0.0000, 3.1548, 3.1415, 0.0122,-0.0021, 1.8904
 0.0504, 0.0000, 3.1548, 3.1415, 0.0145,-0.0004, 1.9991
 0.0508, 0.0000, 3.1548, 3.1415, 0.0332,-0.0000, 3.7422
 0.0514, 0.0000, 3.1548, 3.1415, 0.0551,-0.0000, 4.6799
 0.0519, 0.0000, 3.1582, 3.1415, 0.0534, 0.2659,-4.6799
 0.0522, 0.0000, 3.1582, 3.1415, 0.0288, 0.0531,-1.5052
 0.0521, 0.0000, 3.1582, 3.1415,-0.0002, 0.0106,-1.1239
 0.0521, 0.0000, 3.1582, 3.1415,-0.0000, 0.0021,-0.4839
 0.0518, 0.0000, 3.1582, 3.1415,-0.0242, 0.0004,-2.6350
 0.0514, 0.0000, 3.1548, 3.1415,-0.0351,-0.2658, 4.6799
 0.0513, 0.0000, 3.1548, 3.1415,-0.0191,-0.0531, 2.7896
 0.0513, 0.0000, 3.1548, 3.1415, 0.0022,-0.0106, 1.6879
 0.0516, 0.0000, 3.1548, 3.1415, 0.0186,-0.0021, 2.6132
 0.0518, 0.0000, 3.1548, 3.1415, 0.0219,-0.0004, 2.8165
 0.0522, 0.0000, 3.1548, 3.1415, 0.0347,-0.0000, 4.0149
 0.0528, 0.0000, 3.1548, 3.1415, 0.0554,-0.0000, 4.6799
 0.0535, 0.0000, 3.1582, 3.1415, 0.0717, 0.2659,-4.6799
 0.0539, 0.0000, 3.1582, 3.1415, 0.0446, 0.0531, 0.1318
 0.0544, 0.0000, 3.1615, 3.1415, 0.0453, 0.2765,-4.6799
 0.0546, 0.0000, 3.1615, 3.1415, 0.0272, 0.0553,-2.6765
 0.0545, 0.0000, 3.1615, 3.1415,-0.0006, 0.0110,-2.0503
 0.0541, 0.0000, 3.1582, 3.1415,-0.0304,-0.2637, 4.6799
 0.0541, 0.0000, 3.1582, 3.1415,-0.0121,-0.0527, 2.5813
 0.0541, 0.0000, 3.1582, 3.1415, 0.0036,-0.0105, 0.9844
 0.0543, 0.0000, 3.1582, 3.1415, 0.0128,-0.0021, 1.2409
 0.0546, 0.0000, 3.1582, 3.1415, 0.0268,-0.0004, 2.4439
 0.0549, 0.0000, 3.1582, 3.1415, 0.0296,-0.0000, 2.7087
 0.0554, 0.0000, 3.1582, 3.1415, 0.0483,-0.0000, 4.4953
 0.0560, 0.0000, 3.1582, 3.1415, 0.0581,-0.0000, 4.6799
 0.0568, 0.0000, 3.1615, 3.1415, 0.0722, 0.2659,-4.6799
 0.0572, 0.0000, 3.1648, 3.1415, 0.0447, 0.3191,-4.6799
 0.0575, 0.0000, 3.1648, 3.1415, 0.0332, 0.0638,-3.5624
 0.0576, 0.0000, 3.1648, 3.1415, 0.0127, 0.0127,-1.7437
 0.0572, 0.0000, 3.1615, 3.1415,-0.0277,-0.2633, 4.6799
 0.0572, 0.0000, 3.1615, 3.1415, 0.0005,-0.0526, 2.9604
 0.0573, 0.0000, 3.1582, 3.1415, 0.0061,-0.2764, 4.6799
 0.0576, 0.0000, 3.1582, 3.1415, 0.0254,-0.0552, 4.6799
 0.0582, 0.0000, 3.1615, 3.1415, 0.0536, 0.2549,-4.6799
 0.0585, 0.0000, 3.1615, 3.1415, 0.0289, 0.0509,-1.8206
 0.0587, 0.0000, 3.1615, 3.1415, 0.0239, 0.0101, 0.7091
 0.0589, 0.0000, 3.1615, 3.1415, 0.0229, 0.0020, 1.2333
 0.0593, 0.0000, 3.1615, 3.1415, 0.0349, 0.0004, 2.4958
 0.0596, 0.0000, 3.1615, 3.1415, 0.0312, 0.0000, 2.2089
 0.0601, 0.0000, 3.1615, 3.1415, 0.0426, 0.0000, 3.3153
 0.0608, 0.0000, 3.1648, 3.1415, 0.0691, 0.2659,-4.6799
 0.0613, 0.0000, 3.1648, 3.1415, 0.0562, 0.0531,-0.2636
 0.0616, 0.0000, 3.1648, 3.1415, 0.0294, 0.0106, 0.3648
 0.0618, 0.0000, 3.1648, 3.1415, 0.0240, 0.0021, 0.5087
 0.0621, 0.0000, 3.1648, 3.1415, 0.0290, 0.0004, 1.1254
 0.0624, 0.0000, 3.1648, 3.1415, 0.0300, 0.0000, 1.2730
 0.0629, 0.0000, 3.1681, 3.1415, 0.0423, 0.2659,-4.6799
 0.0631, 0.0000, 3.1681, 3.1415, 0.0266, 0.0531,-3.9427
 0.0630, 0.0000, 3.1681, 3.1415,-0.0007, 0.0106,-3.3967
 0.0628, 0.0000, 3.1648, 3.1415,-0.0183,-0.2638, 4.6799
 0.0628, 0.0000, 3.1648, 3.1415,-0.0036,-0.0527, 2.0254
 0.0629, 0.0000, 3.1648, 3.1415, 0.0053,-0.0105,-0.2016
 0.0628, 0.0000, 3.1648, 3.1415,-0.0049,-0.0021,-1.7806
 0.0628, 0.0000, 3.1615, 3.1415,-0.0009,-0.2663, 4.6799
 0.0630, 0.0000, 3.1615, 3.1415, 0.0179,-0.0532, 4.6799
 0.0632, 0.0000, 3.1615, 3.1415, 0.0217,-0.0106, 2.4772
 0.0635, 0.0000, 3.1615, 3.1415, 0.0286,-0.0021, 2.5204
 0.0640, 0.0000, 3.1615, 3.1415, 0.0421,-0.0004, 3.6929
 0.0646, 0.0000, 3.1648, 3.1415, 0.0569, 0.2658,-4.6799
 0.0651, 0.0000, 3.1648, 3.1415, 0.0538, 0.0531,-0.1102
 0.0654, 0.0000, 3.1681, 3.1415, 0.0289, 0.2765,-4.6799
 0.0654, 0.0000, 3.1681, 3.1415, 0.0057, 0.0553,-4.6799
 0.0652, 0.0000, 3.1648, 3.1415,-0.0109,-0.2548, 4.6799
 0.0651, 0.0000, 3.1648, 3.1415,-0.0082,-0.0509, 1.7049
 0.0652, 0.0000, 3.1648, 3.1415, 0.0044,-0.0101,-0.0778
 0.0652, 0.0000, 3.1648, 3.1415, 0.0008,-0.0020,-0.9980
 0.0651, 0.0000, 3.1648, 3.1415,-0.0058,-0.0004,-1.7518
 0.0651, 0.0000, 3.1615, 3.1415,-0.0072,-0.2660, 4.6799
 0.0652, 0.0000, 3.1615, 3.1415, 0.0106,-0.0532, 4.6799
 0.0654, 0.0000, 3.1615, 3.1415, 0.0142,-0.0106, 1.9906
 0.0657, 0.0000, 3.1615, 3.1415, 0.0271,-0.0021, 2.5929
 0.0662, 0.0000, 3.1615, 3.1415, 0.0478,-0.0004, 4.4469
 0.0669, 0.0000, 3.1648, 3.1415, 0.0641, 0.2658,-4.6799
 0.0672, 0.0000, 3.1648, 3.1415, 0.0370, 0.0531,-1.4583
 0.0673, 0.0000, 3.1648, 3.1415, 0.0134, 0.0106,-0.5468
 0.0673, 0.0000, 3.1648, 3.1415, 0.0026, 0.0021,-0.9281
 0.0672, 0.0000, 3.1648, 3.1415,-0.0055, 0.0004,-1.5741
 0.0670, 0.0000, 3.1648, 3.1415,-0.0192, 0.0000,-2.8490
 0.0665, 0.0000, 3.1615, 3.1415,-0.0402,-0.2659, 4.6799
 0.0663, 0.0000, 3.1615, 3.1415,-0.0201,-0.0531, 1.9891
 0.0666, 0.0000, 3.1582, 3.1415, 0.0141,-0.2765, 4.6799
 0.0668, 0.0000, 3.1582, 3.1415, 0.0210,-0.0553, 4.6799
 0.0671, 0.0000, 3.1582, 3.1415, 0.0284,-0.0110, 4.6196
 0.0678, 0.0000, 3.1615, 3.1415, 0.0602, 0.2637,-4.6799
 0.0682, 0.0000, 3.1648, 3.1415, 0.0423, 0.3186,-4.6799
 0.0682, 0.0000, 3.1648, 3.1415, 0.0145, 0.0637,-4.2108
 0.0681, 0.0000, 3.1648, 3.1415,-0.0092, 0.0127,-2.7217
 0.0678, 0.0000, 3.1615, 3.1415,-0.0260,-0.2633, 4.6799
 0.0678, 0.0000, 3.1615, 3.1415,-0.0052,-0.0526, 3.4829
 0.0679, 0.0000, 3.1582, 3.1415, 0.0050,-0.2764, 4.6799
 0.0680, 0.0000, 3.1582, 3.1415, 0.0131,-0.0552, 4.6799
 0.0685, 0.0000, 3.1582, 3.1415, 0.0390,-0.0110, 4.6799
 0.0691, 0.0000, 3.1615, 3.1415, 0.0563, 0.2637,-4.6799
 0.0694, 0.0000, 3.1615, 3.1415, 0.0355, 0.0527,-0.2456
 0.0694, 0.0000, 3.1615, 3.1415, 0.0071, 0.0105, 0.1879
 0.0695, 0.0000, 3.1615, 3.1415, 0.0135, 0.0021, 1.4142
 0.0697, 0.0000, 3.1615, 3.1415, 0.0148, 0.0004, 1.6716
 0.0698, 0.0000, 3.1615, 3.1415, 0.0090, 0.0000, 1.1654
 0.0699, 0.0000, 3.1615, 3.1415, 0.0139, 0.0000, 1.6400
 0.0701, 0.0000, 3.1615, 3.1415, 0.0209, 0.0000, 2.3168
 0.0704, 0.0000, 3.1615, 3.1415, 0.0284, 0.0000, 3.0402
 0.0708, 0.0000, 3.1615, 3.1415, 0.0360, 0.0000, 3.7788
 0.0712, 0.0000, 3.1648, 3.1415, 0.0375, 0.2659,-4.6799
 0.0713, 0.0000, 3.1648, 3.1415, 0.0196, 0.0531,-2.6608
 0.0713, 0.0000, 3.1648, 3.1415, 0.0039, 0.0106,-1.0235
 0.0713, 0.0000, 3.1615, 3.1415,-0.0052,-0.2638, 4.6799
 0.0712, 0.0000, 3.1615, 3.1415,-0.0071,-0.0527, 3.6540
 0.0713, 0.0000, 3.1615, 3.1415, 0.0046,-0.0105, 1.6832
 0.0713, 0.0000, 3.1615, 3.1415, 0.0069,-0.0021, 1.2951
 0.0716, 0.0000, 3.1615, 3.1415, 0.0195,-0.0004, 2.3630
 0.0720, 0.0000, 3.1615, 3.1415, 0.0402,-0.0000, 4.3041
 0.0724, 0.0000, 3.1615, 3.1415, 0.0383,-0.0000, 4.1589
 0.0729, 0.0000, 3.1615, 3.1415, 0.0440,-0.0000, 4.6799
 0.0735, 0.0000, 3.1648, 3.1415, 0.0633, 0.2659,-4.6799
 0.0741, 0.0000, 3.1648, 3.1415, 0.0551, 0.0531, 0.9025
 0.0745, 0.0000, 3.1681, 3.1415, 0.0474, 0.2765,-4.6799
 0.0746, 0.0000, 3.1681, 3.1415, 0.0155, 0.0553,-3.9765
 0.0745, 0.0000, 3.1681, 3.1415,-0.0029, 0.0110,-2.4819
 0.0742, 0.0000, 3.1648, 3.1415,-0.0309,-0.2637, 4.6799
 0.0742, 0.0000, 3.1648, 3.1415,-0.0001,-0.0527, 3.4977
 0.0742, 0.0000, 3.1648, 3.1415,-0.0000,-0.0105, 0.4385
 0.0744, 0.0000, 3.1648, 3.1415, 0.0121,-0.0021, 0.9662
 0.0746, 0.0000, 3.1648, 3.1415, 0.0206,-0.0004, 1.6537
 0.0749, 0.0000, 3.1648, 3.1415, 0.0283,-0.0000, 2.3791
 0.0754, 0.0000, 3.1648, 3.1415, 0.0420,-0.0000, 3.6880
 0.0759, 0.0000, 3.1648, 3.1415, 0.0508,-0.0000, 4.5560
 0.0765, 0.0000, 3.1681, 3.1415, 0.0586, 0.2659,-4.6799
 0.0768, 0.0000, 3.1681, 3.1415, 0.0359, 0.0531,-1.7064
 0.0771, 0.0000, 3.1715, 3.1415, 0.0314, 0.2765,-4.6799
 0.0771, 0.0000, 3.1715, 3.1415, 0.0062, 0.0553,-4.6799
 0.0768, 0.0000, 3.1681, 3.1415,-0.0229,-0.2548, 4.6799
 0.0768, 0.0000, 3.1681, 3.1415,-0.0045,-0.0509, 2.1032
 0.0768, 0.0000, 3.1681, 3.1415,-0.0009,-0.0101,-0.5203
 0.0768, 0.0000, 3.1681, 3.1415,-0.0001,-0.0020,-1.0450
 0.0767, 0.0000, 3.1648, 3.1415,-0.0060,-0.2663, 4.6799
 0.0770, 0.0000, 3.1648, 3.1415, 0.0169,-0.0532, 4.6799
 0.0773, 0.0000, 3.1648, 3.1415, 0.0276,-0.0106, 3.3150
 0.0776, 0.0000, 3.1648, 3.1415, 0.0358,-0.0021, 3.4934
 0.0781, 0.0000, 3.1681, 3.1415, 0.0435, 0.2655,-4.6799
 0.0785, 0.0000, 3.1715, 3.1415, 0.0450, 0.3190,-4.6799
 0.0787, 0.0000, 3.1715, 3.1415, 0.0211, 0.0638,-4.6799
 0.0785, 0.0000, 3.1715, 3.1415,-0.0078, 0.0127,-3.7696
 0.0782, 0.0000, 3.1681, 3.1415,-0.0318,-0.2633, 4.6799
 0.0781, 0.0000, 3.1681, 3.1415,-0.0124,-0.0526, 1.6285
 0.0782, 0.0000, 3.1681, 3.1415, 0.0035,-0.0105, 0.0575
 0.0784, 0.0000, 3.1681, 3.1415, 0.0189,-0.0021, 0.8889
 0.0785, 0.0000, 3.1681, 3.1415, 0.0159,-0.0004, 0.5036
 0.0789, 0.0000, 3.1681, 3.1415, 0.0334,-0.0000, 2.1480
 0.0795, 0.0000, 3.1715, 3.1415, 0.0491, 0.2659,-4.6799
 0.0797, 0.0000, 3.1715, 3.1415, 0.0280, 0.0531,-3.2645
 0.0797, 0.0000, 3.1715, 3.1415, 0.0056, 0.0106,-2.2496
 0.0795, 0.0000, 3.1715, 3.1415,-0.0110, 0.0021,-3.1861
 0.0794, 0.0000, 3.1715, 3.1415,-0.0143, 0.0004,-3.3856
 0.0790, 0.0000, 3.1715, 3.1415,-0.0331, 0.0000,-4.6799
 0.0784, 0.0000, 3.1681, 3.1415,-0.0551,-0.2659, 4.6799
 0.0783, 0.0000, 3.1681, 3.1415,-0.0170,-0.0531, 1.2571
 0.0783, 0.0000, 3.1681, 3.1415,-0.0034,-0.0106,-0.5683
 0.0783, 0.0000, 3.1681, 3.1415,-0.0006,-0.0021,-0.9334
 0.0782, 0.0000, 3.1681, 3.1415,-0.0122,-0.0004,-2.1459
 0.0780, 0.0000, 3.1681, 3.1415,-0.0145,-0.0000,-2.4006
 0.0779, 0.0000, 3.1648, 3.1415,-0.0089,-0.2659, 4.6799
 0.0779, 0.0000, 3.1648, 3.1415,-0.0017,-0.0531, 3.7459
 0.0780, 0.0000, 3.1648, 3.1415, 0.0057,-0.0106, 1.3550
 0.0784, 0.0000, 3.1681, 3.1415, 0.0314, 0.2638,-4.6799
 0.0786, 0.0000, 3.1681, 3.1415, 0.0244, 0.0527,-2.5605
 0.0786, 0.0000, 3.1681, 3.1415, 0.0048, 0.0105,-1.3076
 0.0784, 0.0000, 3.1681, 3.1415,-0.0172, 0.0021,-2.7663
 0.0782, 0.0000, 3.1681, 3.1415,-0.0216, 0.0004,-3.0762
 0.0777, 0.0000, 3.1681, 3.1415,-0.0407, 0.0000,-4.6799
 0.0771, 0.0000, 3.1648, 3.1415,-0.0566,-0.2659, 4.6799
 0.0770, 0.0000, 3.1648, 3.1415,-0.0234,-0.0531, 1.6385
 0.0768, 0.0000, 3.1615, 3.1415,-0.0168,-0.2765, 4.6799
 0.0771, 0.0000, 3.1615, 3.1415, 0.0208,-0.0553, 4.6799
 0.0775, 0.0000, 3.1648, 3.1415, 0.0344, 0.2548,-4.6799
 0.0776, 0.0000, 3.1648, 3.1415, 0.0190, 0.0509,-1.9270
 0.0776, 0.0000, 3.1681, 3.1415, 0.0038, 0.2761,-4.6799
 0.0774, 0.0000, 3.1681, 3.1415,-0.0174, 0.0552,-4.6799
 0.0769, 0.0000, 3.1681, 3.1415,-0.0459, 0.0110,-4.6799
 0.0763, 0.0000, 3.1648, 3.1415,-0.0576,-0.2637, 4.6799
 0.0760, 0.0000, 3.1615, 3.1415,-0.0297,-0.3186, 4.6799
 0.0760, 0.0000, 3.1615, 3.1415,-0.0120,-0.0637, 4.4760
 0.0761, 0.0000, 3.1615, 3.1415, 0.0097,-0.0127, 2.7993
 0.0765, 0.0000, 3.1648, 3.1415, 0.0322, 0.2633,-4.6799
 0.0767, 0.0000, 3.1648, 3.1415, 0.0185, 0.0526,-2.1907
 0.0767, 0.0000, 3.1648, 3.1415, 0.0037, 0.0105,-0.5051
 0.0765, 0.0000, 3.1648, 3.1415,-0.0113, 0.0021,-1.3075
 0.0762, 0.0000, 3.1648, 3.1415,-0.0265, 0.0004,-2.6197
 0.0757, 0.0000, 3.1648, 3.1415,-0.0416, 0.0000,-4.0459
 0.0751, 0.0000, 3.1648, 3.1415,-0.0568, 0.0000,-4.6799
 0.0743, 0.0000, 3.1615, 3.1415,-0.0780,-0.2659, 4.6799
 0.0740, 0.0000, 3.1582, 3.1415,-0.0398,-0.3191, 4.6799
 0.0738, 0.0000, 3.1582, 3.1415,-0.0201,-0.0638, 4.6279
 0.0739, 0.0000, 3.1582, 3.1415, 0.0020,-0.0127, 2.9763
 0.0742, 0.0000, 3.1582, 3.1415, 0.0246,-0.0025, 4.3614
 0.0749, 0.0000, 3.1615, 3.1415, 0.0595, 0.2654,-4.6799
 0.0752, 0.0000, 3.1648, 3.1415, 0.0361, 0.3190,-4.6799
 0.0751, 0.0000, 3.1648, 3.1415, 0.0011, 0.0638,-4.6799
 0.0749, 0.0000, 3.1648, 3.1415,-0.0179, 0.0127,-2.8507
 0.0745, 0.0000, 3.1648, 3.1415,-0.0399, 0.0025,-4.1951
 0.0738, 0.0000, 3.1615, 3.1415,-0.0625,-0.2654, 4.6799
 0.0735, 0.0000, 3.1582, 3.1415,-0.0307,-0.3190, 4.6799
 0.0735, 0.0000, 3.1582, 3.1415,-0.0061,-0.0638, 4.6799
 0.0737, 0.0000, 3.1582, 3.1415, 0.0108,-0.0127, 3.7743
 0.0740, 0.0000, 3.1615, 3.1415, 0.0264, 0.2634,-4.6799
 0.0741, 0.0000, 3.1615, 3.1415, 0.0113, 0.0526,-2.0113
 0.0741, 0.0000, 3.1615, 3.1415, 0.0022, 0.0105, 0.2107
 0.0741, 0.0000, 3.1615, 3.1415, 0.0004, 0.0021, 0.6551
 0.0742, 0.0000, 3.1615, 3.1415, 0.0061, 0.0004, 1.3138
 0.0742, 0.0000, 3.1648, 3.1415, 0.0072, 0.2660,-4.6799
 0.0740, 0.0000, 3.1648, 3.1415,-0.0167, 0.0532,-4.6799
 0.0738, 0.0000, 3.1648, 3.1415,-0.0215, 0.0106,-3.1421
 0.0735, 0.0000, 3.1615, 3.1415,-0.0285,-0.2638, 4.6799
 0.0732, 0.0000, 3.1615, 3.1415,-0.0299,-0.0527, 1.7327
 0.0732, 0.0000, 3.1615, 3.1415,-0.0059,-0.0105, 0.8868
 0.0733, 0.0000, 3.1615, 3.1415, 0.0109,-0.0021, 1.8571
 0.0736, 0.0000, 3.1615, 3.1415, 0.0264,-0.0004, 3.2029
 0.0739, 0.0000, 3.1648, 3.1415, 0.0295, 0.2658,-4.6799
 0.0739, 0.0000, 3.1648, 3.1415, 0.0059, 0.0531,-3.6742
 0.0737, 0.0000, 3.1648, 3.1415,-0.0170, 0.0106,-2.7294
 0.0734, 0.0000, 3.1648, 3.1415,-0.0276, 0.0021,-3.1283
 0.0729, 0.0000, 3.1648, 3.1415,-0.0419, 0.0004,-4.3720
 0.0723, 0.0000, 3.1615, 3.1415,-0.0629,-0.2658, 4.6799
 0.0719, 0.0000, 3.1582, 3.1415,-0.0429,-0.3191, 4.6799
 0.0718, 0.0000, 3.1582, 3.1415,-0.0146,-0.0638, 4.6799
 0.0720, 0.0000, 3.1582, 3.1415, 0.0091,-0.0127, 3.4426
 0.0723, 0.0000, 3.1582, 3.1415, 0.0260,-0.0025, 4.2970
 0.0728, 0.0000, 3.1615, 3.1415, 0.0476, 0.2654,-4.6799
 0.0729, 0.0000, 3.1648, 3.1415, 0.0155, 0.3190,-4.6799
 0.0729, 0.0000, 3.1648, 3.1415, 0.0091, 0.0638,-4.2423
 0.0726, 0.0000, 3.1648, 3.1415,-0.0224, 0.0127,-3.4916
 0.0720, 0.0000, 3.1615, 3.1415,-0.0529,-0.2633, 4.6799
 0.0719, 0.0000, 3.1615, 3.1415,-0.0227,-0.0526, 2.2691
 0.0718, 0.0000, 3.1615, 3.1415,-0.0106,-0.0105, 0.3212
 0.0720, 0.0000, 3.1615, 3.1415, 0.0100,-0.0021, 1.6349
 0.0720, 0.0000, 3.1615, 3.1415, 0.0080,-0.0004, 1.3399
 0.0723, 0.0000, 3.1615, 3.1415, 0.0258,-0.0000, 2.9964
 0.0727, 0.0000, 3.1648, 3.1415, 0.0354, 0.2659,-4.6799
 0.0727, 0.0000, 3.1648, 3.1415, 0.0070, 0.0531,-3.6862
 0.0725, 0.0000, 3.1648, 3.1415,-0.0167, 0.0106,-2.8288
 0.0723, 0.0000, 3.1648, 3.1415,-0.0215, 0.0021,-2.6755
 0.0718, 0.0000, 3.1648, 3.1415,-0.0406, 0.0004,-4.3723
 0.0710, 0.0000, 3.1615, 3.1415,-0.0687,-0.2658, 4.6799
 0.0707, 0.0000, 3.1582, 3.1415,-0.0440,-0.3191, 4.6799
 0.0706, 0.0000, 3.1582, 3.1415,-0.0148,-0.0638, 4.6799
 0.0707, 0.0000, 3.1582, 3.1415, 0.0091,-0.0127, 3.3170
 0.0710, 0.0000, 3.1582, 3.1415, 0.0200,-0.0025, 3.6051
 0.0714, 0.0000, 3.1615, 3.1415, 0.0403, 0.2654,-4.6799
 0.0716, 0.0000, 3.1615, 3.1415, 0.0202, 0.0530,-1.4702
 0.0716, 0.0000, 3.1615, 3.1415, 0.0101, 0.0106, 0.6886
 0.0716, 0.0000, 3.1615, 3.1415, 0.0020, 0.0021, 0.5567
 0.0716, 0.0000, 3.1615, 3.1415, 0.0004, 0.0004, 0.5303
 0.0717, 0.0000, 3.1648, 3.1415, 0.0061, 0.2660,-4.6799
 0.0716, 0.0000, 3.1648, 3.1415,-0.0048, 0.0532,-4.6799
 0.0714, 0.0000, 3.1648, 3.1415,-0.0191, 0.0106,-3.1565
 0.0710, 0.0000, 3.1615, 3.1415,-0.0402,-0.2638, 4.6799
 0.0708, 0.0000, 3.1615, 3.1415,-0.0201,-0.0527, 2.4061
 0.0708, 0.0000, 3.1615, 3.1415,-0.0040,-0.0105, 0.8335
 0.0709, 0.0000, 3.1615, 3.1415, 0.0052,-0.0021, 1.0887
 0.0711, 0.0000, 3.1615, 3.1415, 0.0192,-0.0004, 2.2854
 0.0714, 0.0000, 3.1615, 3.1415, 0.0281,-0.0000, 3.1126
 0.0720, 0.0000, 3.1648, 3.1415, 0.0480, 0.2659,-4.6799
 0.0720, 0.0000, 3.1648, 3.1415, 0.0156, 0.0531,-2.9591
 0.0718, 0.0000, 3.1648, 3.1415,-0.0150, 0.0106,-2.7379
 0.0716, 0.0000, 3.1648, 3.1415,-0.0151, 0.0021,-2.1421
 0.0713, 0.0000, 3.1648, 3.1415,-0.0333, 0.0004,-3.7444
 0.0707, 0.0000, 3.1648, 3.1415,-0.0551, 0.0000,-4.6799
 0.0698, 0.0000, 3.1615, 3.1415,-0.0777,-0.2659, 4.6799
 0.0693, 0.0000, 3.1582, 3.1415,-0.0579,-0.3191, 4.6799
 0.0691, 0.0000, 3.1582, 3.1415,-0.0237,-0.0638, 3.8219
 0.0691, 0.0000, 3.1582, 3.1415,-0.0047,-0.0127, 1.8694
 0.0694, 0.0000, 3.1582, 3.1415, 0.0172,-0.0025, 3.1882
 0.0698, 0.0000, 3.1582, 3.1415, 0.0337,-0.0005, 4.6097
 0.0704, 0.0000, 3.1615, 3.1415, 0.0613, 0.2658,-4.6799
 0.0707, 0.0000, 3.1615, 3.1415, 0.0304, 0.0531,-0.6166
 0.0707, 0.0000, 3.1648, 3.1415, 0.0060, 0.2765,-4.6799
 0.0705, 0.0000, 3.1648, 3.1415,-0.0109, 0.0553,-4.6799
 0.0704, 0.0000, 3.1648, 3.1415,-0.0143, 0.0110,-2.8437
 0.0698, 0.0000, 3.1615, 3.1415,-0.0453,-0.2637, 4.6799
 0.0697, 0.0000, 3.1615, 3.1415,-0.0211,-0.0527, 2.1967
 0.0695, 0.0000, 3.1615, 3.1415,-0.0163,-0.0105,-0.4388
 0.0695, 0.0000, 3.1615, 3.1415,-0.0032,-0.0021, 0.1614
 0.0696, 0.0000, 3.1615, 3.1415, 0.0054,-0.0004, 0.8512
 0.0696, 0.0000, 3.1615, 3.1415, 0.0010,-0.0000, 0.4255
 0.0698, 0.0000, 3.1615, 3.1415, 0.0123,-0.0000, 1.4799
 0.0700, 0.0000, 3.1615, 3.1415, 0.0206,-0.0000, 2.2727
 0.0703, 0.0000, 3.1615, 3.1415, 0.0283,-0.0000, 3.0192
 0.0707, 0.0000, 3.1648, 3.1415, 0.0420, 0.2659,-4.6799
 0.0709, 0.0000, 3.1648, 3.1415, 0.0205, 0.0531,-2.6221
 0.0707, 0.0000, 3.1648, 3.1415,-0.0080, 0.0106,-2.1917
 0.0705, 0.0000, 3.1648, 3.1415,-0.0197, 0.0021,-2.6875
 0.0701, 0.0000, 3.1648, 3.1415,-0.0342, 0.0004,-3.9445
 0.0695, 0.0000, 3.1615, 3.1415,-0.0553,-0.2658, 4.6799
 0.0692, 0.0000, 3.1582, 3.1415,-0.0353,-0.3191, 4.6799
 0.0692, 0.0000, 3.1582, 3.1415,-0.0070,-0.0638, 4.6799
 0.0695, 0.0000, 3.1582, 3.1415, 0.0167,-0.0127, 3.8952
 0.0697, 0.0000, 3.1582, 3.1415, 0.0215,-0.0025, 3.6177
 0.0701, 0.0000, 3.1615, 3.1415, 0.0406, 0.2654,-4.6799
 0.0704, 0.0000, 3.1648, 3.1415, 0.0323, 0.3190,-4.6799
 0.0704, 0.0000, 3.1648, 3.1415, 0.0064, 0.0638,-4.6799
 0.0701, 0.0000, 3.1648, 3.1415,-0.0229, 0.0127,-3.7919
 0.0696, 0.0000, 3.1615, 3.1415,-0.0470,-0.2633, 4.6799
 0.0695, 0.0000, 3.1615, 3.1415,-0.0154,-0.0526, 2.7067
 0.0695, 0.0000, 3.1615, 3.1415,-0.0030,-0.0105, 0.7905
 0.0696, 0.0000, 3.1615, 3.1415, 0.0054,-0.0021, 0.9771
 0.0699, 0.0000, 3.1615, 3.1415, 0.0253,-0.0004, 2.7297
 0.0704, 0.0000, 3.1615, 3.1415, 0.0414,-0.0000, 4.2441
 0.0710, 0.0000, 3.1648, 3.1415, 0.0567, 0.2659,-4.6799
 0.0711, 0.0000, 3.1648, 3.1415, 0.0234, 0.0531,-2.3258
 0.0711, 0.0000, 3.1648, 3.1415, 0.0046, 0.0106,-0.9747
 0.0710, 0.0000, 3.1648, 3.1415,-0.0051, 0.0021,-1.2743
 0.0708, 0.0000, 3.1648, 3.1415,-0.0192, 0.0004,-2.4798
 0.0704, 0.0000, 3.1648, 3.1415,-0.0402, 0.0000,-4.4484
 0.0697, 0.0000, 3.1615, 3.1415,-0.0626,-0.2659, 4.6799
 0.0695, 0.0000, 3.1615, 3.1415,-0.0246,-0.0531, 1.8925
 0.0695, 0.0000, 3.1615, 3.1415,-0.0049,-0.0106, 0.6277
 0.0697, 0.0000, 3.1615, 3.1415, 0.0111,-0.0021, 1.5143
 0.0697, 0.0000, 3.1615, 3.1415, 0.0022,-0.0004, 0.5642
 0.0699, 0.0000, 3.1615, 3.1415, 0.0186,-0.0000, 2.0834
 0.0704, 0.0000, 3.1615, 3.1415, 0.0401,-0.0000, 4.1148
 0.0708, 0.0000, 3.1648, 3.1415, 0.0444, 0.2659,-4.6799
 0.0709, 0.0000, 3.1648, 3.1415, 0.0149, 0.0531,-3.1408
 0.0708, 0.0000, 3.1648, 3.1415,-0.0030, 0.0106,-1.7257
 0.0707, 0.0000, 3.1648, 3.1415,-0.0127, 0.0021,-2.0185
 0.0704, 0.0000, 3.1648, 3.1415,-0.0207, 0.0004,-2.6589
 0.0699, 0.0000, 3.1615, 3.1415,-0.0465,-0.2658, 4.6799
 0.0697, 0.0000, 3.1615, 3.1415,-0.0275,-0.0531, 1.6416
 0.0698, 0.0000, 3.1615, 3.1415, 0.0005,-0.0106, 1.1594
 0.0699, 0.0000, 3.1615, 3.1415, 0.0122,-0.0021, 1.6388
 0.0700, 0.0000, 3.1615, 3.1415, 0.0085,-0.0004, 1.1770
 0.0702, 0.0000, 3.1615, 3.1415, 0.0198,-0.0000, 2.2303
 0.0707, 0.0000, 3.1615, 3.1415, 0.0403,-0.0000, 4.1685
 0.0712, 0.0000, 3.1648, 3.1415, 0.0505, 0.2659,-4.6799
 0.0713, 0.0000, 3.1648, 3.1415, 0.0161, 0.0531,-2.9895
 0.0712, 0.0000, 3.1648, 3.1415,-0.0028, 0.0106,-1.6651
 0.0711, 0.0000, 3.1648, 3.1415,-0.0066, 0.0021,-1.4062
 0.0708, 0.0000, 3.1648, 3.1415,-0.0255, 0.0004,-3.0699
 0.0704, 0.0000, 3.1648, 3.1415,-0.0414, 0.0000,-4.5664
 0.0697, 0.0000, 3.1615, 3.1415,-0.0628,-0.2659, 4.6799
 0.0694, 0.0000, 3.1582, 3.1415,-0.0368,-0.3191, 4.6799
 0.0693, 0.0000, 3.1582, 3.1415,-0.0134,-0.0638, 4.6799
 0.0695, 0.0000, 3.1582, 3.1415, 0.0094,-0.0127, 3.2151
 0.0697, 0.0000, 3.1582, 3.1415, 0.0200,-0.0025, 3.4816
 0.0701, 0.0000, 3.1615, 3.1415, 0.0403, 0.2654,-4.6799
 0.0704, 0.0000, 3.1615, 3.1415, 0.0262, 0.0530,-1.0290
 0.0704, 0.0000, 3.1615, 3.1415, 0.0052, 0.0106, 0.1100
 0.0704, 0.0000, 3.1615, 3.1415, 0.0010, 0.0021, 0.3379
 0.0704, 0.0000, 3.1615, 3.1415, 0.0002, 0.0004, 0.3834
 0.0705, 0.0000, 3.1648, 3.1415, 0.0121, 0.2660,-4.6799
 0.0705, 0.0000, 3.1648, 3.1415, 0.0024, 0.0532,-4.3399
 0.0702, 0.0000, 3.1648, 3.1415,-0.0237, 0.0106,-3.7052
 0.0697, 0.0000, 3.1615, 3.1415,-0.0471,-0.2638, 4.6799
 0.0696, 0.0000, 3.1615, 3.1415,-0.0155,-0.0527, 2.7175
 0.0697, 0.0000, 3.1615, 3.1415, 0.0029,-0.0105, 1.3685
 0.0697, 0.0000, 3.1615, 3.1415, 0.0005,-0.0021, 0.5350
 0.0698, 0.0000, 3.1615, 3.1415, 0.0122,-0.0004, 1.5078
 0.0703, 0.0000, 3.1615, 3.1415, 0.0388,-0.0000, 3.9936
 0.0708, 0.0000, 3.1615, 3.1415, 0.0502,-0.0000, 4.6799
 0.0713, 0.0000, 3.1648, 3.1415, 0.0464, 0.2659,-4.6799
 0.0713, 0.0000, 3.1648, 3.1415, 0.0153, 0.0531,-3.0579
 0.0714, 0.0000, 3.1648, 3.1415, 0.0091, 0.0106,-0.5332
 0.0713, 0.0000, 3.1648, 3.1415,-0.0103, 0.0021,-1.7315
 0.0709, 0.0000, 3.1648, 3.1415,-0.0323, 0.0004,-3.6926
 0.0704, 0.0000, 3.1648, 3.1415,-0.0428, 0.0000,-4.6799
 0.0696, 0.0000, 3.1615, 3.1415,-0.0752,-0.2659, 4.6799
 0.0694, 0.0000, 3.1582, 3.1415,-0.0332,-0.3191, 4.6799
 0.0693, 0.0000, 3.1582, 3.1415,-0.0127,-0.0638, 4.6799
 0.0694, 0.0000, 3.1582, 3.1415, 0.0035,-0.0127, 2.6586
 0.0695, 0.0000, 3.1582, 3.1415, 0.0128,-0.0025, 2.7945
 0.0700, 0.0000, 3.1615, 3.1415, 0.0389, 0.2654,-4.6799
 0.0703, 0.0000, 3.1615, 3.1415, 0.0320, 0.0530,-0.5013
 0.0703, 0.0000, 3.1615, 3.1415, 0.0064, 0.0106, 0.2095
 0.0702, 0.0000, 3.1615, 3.1415,-0.0047, 0.0021,-0.2180
 0.0702, 0.0000, 3.1615, 3.1415,-0.0009, 0.0004, 0.2601
 0.0702, 0.0000, 3.1615, 3.1415,-0.0001, 0.0000, 0.3558
 0.0702, 0.0000, 3.1615, 3.1415,-0.0000, 0.0000, 0.3749
 0.0704, 0.0000, 3.1615, 3.1415, 0.0121, 0.0000, 1.5183
 0.0705, 0.0000, 3.1615, 3.1415, 0.0145, 0.0000, 1.7591
 0.0707, 0.0000, 3.1615, 3.1415, 0.0210, 0.0000, 2.3891
 0.0710, 0.0000, 3.1615, 3.1415, 0.0284, 0.0000, 3.1031
 0.0714, 0.0000, 3.1648, 3.1415, 0.0360, 0.2659,-4.6799
 0.0715, 0.0000, 3.1648, 3.1415, 0.0132, 0.0531,-3.2358
 0.0715, 0.0000, 3.1648, 3.1415, 0.0026, 0.0106,-1.1264
 0.0713, 0.0000, 3.1648, 3.1415,-0.0176, 0.0021,-2.4138
 0.0707, 0.0000, 3.1648, 3.1415,-0.0459, 0.0004,-4.6799
 0.0700, 0.0000, 3.1615, 3.1415,-0.0698,-0.2658, 4.6799
 0.0698, 0.0000, 3.1582, 3.1415,-0.0321,-0.3191, 4.6799
 0.0698, 0.0000, 3.1582, 3.1415,-0.0064,-0.0638, 4.6799
 0.0699, 0.0000, 3.1582, 3.1415, 0.0108,-0.0127, 3.3902
 0.0702, 0.0000, 3.1582, 3.1415, 0.0264,-0.0025, 4.1228
 0.0707, 0.0000, 3.1615, 3.1415, 0.0416, 0.2654,-4.6799
 0.0711, 0.0000, 3.1615, 3.1415, 0.0447, 0.0530, 0.7568
 0.0714, 0.0000, 3.1615, 3.1415, 0.0331, 0.0106, 2.8069
 0.0717, 0.0000, 3.1648, 3.1415, 0.0308, 0.2680,-4.6799
 0.0718, 0.0000, 3.1648, 3.1415, 0.0122, 0.0536,-3.3313
 0.0716, 0.0000, 3.1648, 3.1415,-0.0096, 0.0107,-2.2608
 0.0714, 0.0000, 3.1648, 3.1415,-0.0201, 0.0021,-2.6286
 0.0709, 0.0000, 3.1615, 3.1415,-0.0464,-0.2655, 4.6799
 0.0707, 0.0000, 3.1615, 3.1415,-0.0214,-0.0531, 2.3071
 0.0707, 0.0000, 3.1615, 3.1415,-0.0042,-0.0106, 0.8076
 0.0709, 0.0000, 3.1615, 3.1415, 0.0112,-0.0021, 1.6473
 0.0712, 0.0000, 3.1615, 3.1415, 0.0265,-0.0004, 2.9668
 0.0715, 0.0000, 3.1615, 3.1415, 0.0295,-0.0000, 3.2551
 0.0720, 0.0000, 3.1615, 3.1415, 0.0483,-0.0000, 4.6799
 0.0726, 0.0000, 3.1648, 3.1415, 0.0581, 0.2659,-4.6799
 0.0729, 0.0000, 3.1681, 3.1415, 0.0298, 0.3191,-4.6799
 0.0728, 0.0000, 3.1681, 3.1415,-0.0000, 0.0638,-4.6799
 0.0726, 0.0000, 3.1681, 3.1415,-0.0121, 0.0127,-3.6474
 0.0722, 0.0000, 3.1648, 3.1415,-0.0388,-0.2634, 4.6799
 0.0720, 0.0000, 3.1648, 3.1415,-0.0259,-0.0526, 0.8700
 0.0719, 0.0000, 3.1615, 3.1415,-0.0112,-0.2764, 4.6799
 0.0720, 0.0000, 3.1615, 3.1415, 0.0098,-0.0552, 4.6799
 0.0723, 0.0000, 3.1615, 3.1415, 0.0201,-0.0110, 3.2580
 0.0727, 0.0000, 3.1648, 3.1415, 0.0404, 0.2637,-4.6799
 0.0728, 0.0000, 3.1648, 3.1415, 0.0141, 0.0527,-2.9932
 0.0727, 0.0000, 3.1648, 3.1415,-0.0032, 0.0105,-1.5446
 0.0725, 0.0000, 3.1648, 3.1415,-0.0188, 0.0021,-2.4005
 0.0721, 0.0000, 3.1648, 3.1415,-0.0340, 0.0004,-3.7294
 0.0714, 0.0000, 3.1615, 3.1415,-0.0613,-0.2658, 4.6799
 0.0712, 0.0000, 3.1615, 3.1415,-0.0304,-0.0531, 1.5188
 0.0710, 0.0000, 3.1582, 3.1415,-0.0182,-0.2765, 4.6799
 0.0712, 0.0000, 3.1582, 3.1415, 0.0084,-0.0553, 4.6799
 0.0716, 0.0000, 3.1615, 3.1415, 0.0320, 0.2548,-4.6799
 0.0715, 0.0000, 3.1615, 3.1415, 0.0003, 0.0509,-3.1661
 0.0715, 0.0000, 3.1615, 3.1415, 0.0000, 0.0101,-0.2263
 0.0713, 0.0000, 3.1615, 3.1415,-0.0181, 0.0020,-1.3477
 0.0709, 0.0000, 3.1582, 3.1415,-0.0339,-0.2655, 4.6799
 0.0708, 0.0000, 3.1582, 3.1415,-0.0128,-0.0531, 4.2173
 0.0708, 0.0000, 3.1582, 3.1415,-0.0025,-0.0106, 2.0819
 0.0711, 0.0000, 3.1582, 3.1415, 0.0237,-0.0021, 3.9339
 0.0714, 0.0000, 3.1582, 3.1415, 0.0290,-0.0004, 4.3285
 0.0720, 0.0000, 3.1615, 3.1415, 0.0482, 0.2658,-4.6799
 0.0721, 0.0000, 3.1615, 3.1415, 0.0217, 0.0531,-1.2776
 0.0721, 0.0000, 3.1615, 3.1415, 0.0043, 0.0106, 0.1998
 0.0721, 0.0000, 3.1615, 3.1415, 0.0008, 0.0021, 0.4953
 0.0722, 0.0000, 3.1615, 3.1415, 0.0062, 0.0004, 1.1242
 0.0723, 0.0000, 3.1615, 3.1415, 0.0073, 0.0000, 1.2560
 0.0724, 0.0000, 3.1615, 3.1415, 0.0135, 0.0000, 1.8582
 0.0726, 0.0000, 3.1615, 3.1415, 0.0209, 0.0000, 2.5605
 0.0729, 0.0000, 3.1648, 3.1415, 0.0284, 0.2659,-4.6799
 0.0730, 0.0000, 3.1648, 3.1415, 0.0117, 0.0531,-3.2248
 0.0727, 0.0000, 3.1648, 3.1415,-0.0219, 0.0106,-3.2820
 0.0723, 0.0000, 3.1615, 3.1415,-0.0346,-0.2638, 4.6799
 0.0723, 0.0000, 3.1615, 3.1415,-0.0130,-0.0527, 3.2145
 0.0723, 0.0000, 3.1615, 3.1415,-0.0026,-0.0105, 1.1104
 0.0724, 0.0000, 3.1615, 3.1415, 0.0116,-0.0021, 1.8291
 0.0726, 0.0000, 3.1615, 3.1415, 0.0144,-0.0004, 1.9850
 0.0729, 0.0000, 3.1615, 3.1415, 0.0332,-0.0000, 3.7376
 0.0735, 0.0000, 3.1615, 3.1415, 0.0490,-0.0000, 4.6799
 0.0739, 0.0000, 3.1648, 3.1415, 0.0461, 0.2659,-4.6799
 0.0742, 0.0000, 3.1648, 3.1415, 0.0274, 0.0531,-1.6572
 0.0742, 0.0000, 3.1648, 3.1415, 0.0115, 0.0106,-0.0287
 0.0742, 0.0000, 3.1648, 3.1415, 0.0023, 0.0021,-0.2667
 0.0738, 0.0000, 3.1648, 3.1415,-0.0298, 0.0004,-3.1632
 0.0734, 0.0000, 3.1648, 3.1415,-0.0423, 0.0000,-4.3425
 0.0727, 0.0000, 3.1615, 3.1415,-0.0630,-0.2659, 4.6799
 0.0724, 0.0000, 3.1582, 3.1415,-0.0368,-0.3191, 4.6799
 0.0724, 0.0000, 3.1582, 3.1415,-0.0073,-0.0638, 4.6799
 0.0726, 0.0000, 3.1582, 3.1415, 0.0106,-0.0127, 3.6381
 0.0728, 0.0000, 3.1582, 3.1415, 0.0203,-0.0025, 3.8148
 0.0732, 0.0000, 3.1582, 3.1415, 0.0404,-0.0005, 4.6799
 0.0740, 0.0000, 3.1615, 3.1415, 0.0687, 0.2658,-4.6799
 0.0742, 0.0000, 3.1648, 3.1415, 0.0319, 0.3191,-4.6799
 0.0742, 0.0000, 3.1648, 3.1415, 0.0003, 0.0638,-4.6799
 0.0740, 0.0000, 3.1648, 3.1415,-0.0120, 0.0127,-2.3953
 0.0737, 0.0000, 3.1615, 3.1415,-0.0266,-0.2633, 4.6799
 0.0735, 0.0000, 3.1615, 3.1415,-0.0174,-0.0526, 2.9240
 0.0735, 0.0000, 3.1615, 3.1415,-0.0034,-0.0105, 1.1553
 0.0738, 0.0000, 3.1615, 3.1415, 0.0174,-0.0021, 2.5109
 0.0741, 0.0000, 3.1615, 3.1415, 0.0277,-0.0004, 3.3700
 0.0746, 0.0000, 3.1615, 3.1415, 0.0479,-0.0000, 4.6799
 0.0753, 0.0000, 3.1648, 3.1415, 0.0641, 0.2659,-4.6799
 0.0755, 0.0000, 3.1648, 3.1415, 0.0310, 0.0531,-1.1873
 0.0755, 0.0000, 3.1648, 3.1415, 0.0062, 0.0106,-0.3953
 0.0756, 0.0000, 3.1648, 3.1415, 0.0073, 0.0021, 0.3328
 0.0754, 0.0000, 3.1648, 3.1415,-0.0106, 0.0004,-1.2248
 0.0752, 0.0000, 3.1648, 3.1415,-0.0203, 0.0000,-2.1182
 0.0751, 0.0000, 3.1648, 3.1415,-0.0161, 0.0000,-1.7453
 0.0748, 0.0000, 3.1648, 3.1415,-0.0274, 0.0000,-2.8224
 0.0743, 0.0000, 3.1615, 3.1415,-0.0418,-0.2659, 4.6799
 0.0742, 0.0000, 3.1582, 3.1415,-0.0205,-0.3191, 4.6799
 0.0742, 0.0000, 3.1582, 3.1415, 0.0019,-0.0638, 4.6799
 0.0744, 0.0000, 3.1582, 3.1415, 0.0125,-0.0127, 3.9931
 0.0748, 0.0000, 3.1615, 3.1415, 0.0388, 0.2634,-4.6799
 0.0751, 0.0000, 3.1615, 3.1415, 0.0320, 0.0526, 0.0122
 0.0754, 0.0000, 3.1615, 3.1415, 0.0306, 0.0105, 2.9794
 0.0757, 0.0000, 3.1615, 3.1415, 0.0303, 0.0021, 3.5971
 0.0763, 0.0000, 3.1648, 3.1415, 0.0485, 0.2663,-4.6799
 0.0764, 0.0000, 3.1648, 3.1415, 0.0218, 0.0532,-1.9552
 0.0763, 0.0000, 3.1648, 3.1415,-0.0016, 0.0106,-1.0459
 0.0763, 0.0000, 3.1648, 3.1415,-0.0064, 0.0021,-0.8701
 0.0760, 0.0000, 3.1648, 3.1415,-0.0194, 0.0004,-1.9806
 0.0756, 0.0000, 3.1615, 3.1415,-0.0402,-0.2658, 4.6799
 0.0754, 0.0000, 3.1615, 3.1415,-0.0201,-0.0531, 2.8970
 0.0755, 0.0000, 3.1615, 3.1415, 0.0020,-0.0106, 1.8712
 0.0758, 0.0000, 3.1615, 3.1415, 0.0246,-0.0021, 3.3815
 0.0762, 0.0000, 3.1615, 3.1415, 0.0352,-0.0004, 4.2776
 0.0767, 0.0000, 3.1615, 3.1415, 0.0434,-0.0000, 4.6799
 0.0776, 0.0000, 3.1648, 3.1415, 0.0814, 0.2659,-4.6799
 0.0780, 0.0000, 3.1681, 3.1415, 0.0526, 0.3191,-4.6799
 0.0781, 0.0000, 3.1681, 3.1415, 0.0165, 0.0638,-4.1488
 0.0781, 0.0000, 3.1681, 3.1415, 0.0033, 0.0127,-1.6677
 0.0777, 0.0000, 3.1681, 3.1415,-0.0296, 0.0025,-4.0203
 0.0773, 0.0000, 3.1648, 3.1415,-0.0362,-0.2654, 4.6799
 0.0772, 0.0000, 3.1648, 3.1415,-0.0193,-0.0530, 2.0324
 0.0771, 0.0000, 3.1648, 3.1415,-0.0099,-0.0106,-0.1877
 0.0772, 0.0000, 3.1648, 3.1415, 0.0040,-0.0021, 0.5016
 0.0773, 0.0000, 3.1648, 3.1415, 0.0129,-0.0004, 1.2154
 0.0776, 0.0000, 3.1648, 3.1415, 0.0268,-0.0000, 2.5097
 0.0779, 0.0000, 3.1648, 3.1415, 0.0235,-0.0000, 2.2231
 0.0783, 0.0000, 3.1681, 3.1415, 0.0410, 0.2659,-4.6799
 0.0785, 0.0000, 3.1681, 3.1415, 0.0264, 0.0531,-2.4203
 0.0785, 0.0000, 3.1681, 3.1415,-0.0007, 0.0106,-1.8554
 0.0784, 0.0000, 3.1681, 3.1415,-0.0062, 0.0021,-1.7484
 0.0782, 0.0000, 3.1681, 3.1415,-0.0194, 0.0004,-2.8726
 0.0777, 0.0000, 3.1648, 3.1415,-0.0402,-0.2658, 4.6799
 0.0777, 0.0000, 3.1648, 3.1415,-0.0080,-0.0531, 3.1415
 0.0778, 0.0000, 3.1648, 3.1415, 0.0044,-0.0106, 1.2159
 0.0781, 0.0000, 3.1648, 3.1415, 0.0251,-0.0021, 2.5463
 0.0782, 0.0000, 3.1648, 3.1415, 0.0171,-0.0004, 1.6970
 0.0788, 0.0000, 3.1681, 3.1415, 0.0519, 0.2658,-4.6799
 0.0792, 0.0000, 3.1681, 3.1415, 0.0346, 0.0531,-1.5951
 0.0792, 0.0000, 3.1715, 3.1415, 0.0129, 0.2765,-4.6799
 0.0792, 0.0000, 3.1715, 3.1415, 0.0025, 0.0553,-4.6799
 0.0788, 0.0000, 3.1681, 3.1415,-0.0358,-0.2548, 4.6799
 0.0786, 0.0000, 3.1681, 3.1415,-0.0192,-0.0509, 0.9221
 0.0788, 0.0000, 3.1681, 3.1415, 0.0082,-0.0101, 0.5285
 0.0789, 0.0000, 3.1681, 3.1415, 0.0137,-0.0020, 0.4618
 0.0792, 0.0000, 3.1715, 3.1415, 0.0209, 0.2655,-4.6799
 0.0794, 0.0000, 3.1715, 3.1415, 0.0223, 0.0531,-3.8120
 0.0793, 0.0000, 3.1715, 3.1415,-0.0015, 0.0106,-2.9531
 0.0788, 0.0000, 3.1715, 3.1415,-0.0366, 0.0021,-4.6799
 0.0784, 0.0000, 3.1681, 3.1415,-0.0437,-0.2655, 4.6799
 0.0782, 0.0000, 3.1681, 3.1415,-0.0269,-0.0531, 0.3234
 0.0782, 0.0000, 3.1681, 3.1415,-0.0053,-0.0106,-0.7671
 0.0780, 0.0000, 3.1681, 3.1415,-0.0132,-0.0021,-2.1248
 0.0779, 0.0000, 3.1681, 3.1415,-0.0087,-0.0004,-1.8387
 0.0778, 0.0000, 3.1681, 3.1415,-0.0138,-0.0000,-2.3573
 0.0775, 0.0000, 3.1681, 3.1415,-0.0270,-0.0000,-3.6127
 0.0770, 0.0000, 3.1681, 3.1415,-0.0417,-0.0000,-4.6799
 0.0763, 0.0000, 3.1648, 3.1415,-0.0689,-0.2659, 4.6799
 0.0759, 0.0000, 3.1615, 3.1415,-0.0441,-0.3191, 4.6799
 0.0760, 0.0000, 3.1615, 3.1415,-0.0027,-0.0638, 4.6799
 0.0761, 0.0000, 3.1615, 3.1415, 0.0115,-0.0127, 2.9721
 0.0763, 0.0000, 3.1648, 3.1415, 0.0205, 0.2633,-4.6799
 0.0763, 0.0000, 3.1648, 3.1415, 0.0041, 0.0526,-3.5634
 0.0763, 0.0000, 3.1648, 3.1415, 0.0008, 0.0105,-0.8038
 0.0761, 0.0000, 3.1648, 3.1415,-0.0180, 0.0021,-1.9613
 0.0755, 0.0000, 3.1648, 3.1415,-0.0521, 0.0004,-4.6799
 0.0750, 0.0000, 3.1648, 3.1415,-0.0528, 0.0000,-4.6799
 0.0742, 0.0000, 3.1615, 3.1415,-0.0772,-0.2659, 4.6799
 0.0736, 0.0000, 3.1582, 3.1415,-0.0578,-0.3191, 4.6799
 0.0735, 0.0000, 3.1582, 3.1415,-0.0176,-0.0638, 4.6799
 0.0735, 0.0000, 3.1582, 3.1415,-0.0035,-0.0127, 2.4218
 0.0738, 0.0000, 3.1582, 3.1415, 0.0235,-0.0025, 4.2201
 0.0745, 0.0000, 3.1615, 3.1415, 0.0532, 0.2654,-4.6799
 0.0748, 0.0000, 3.1648, 3.1415, 0.0409, 0.3190,-4.6799
 0.0748, 0.0000, 3.1648, 3.1415, 0.0021, 0.0638,-4.6799
 0.0744, 0.0000, 3.1648, 3.1415,-0.0298, 0.0127,-4.0103
 0.0739, 0.0000, 3.1648, 3.1415,-0.0423, 0.0025,-4.4695
 0.0731, 0.0000, 3.1615, 3.1415,-0.0751,-0.2654, 4.6799
 0.0726, 0.0000, 3.1582, 3.1415,-0.0514,-0.3190, 4.6799
 0.0725, 0.0000, 3.1582, 3.1415,-0.0224,-0.0638, 4.2759
 0.0725, 0.0000, 3.1582, 3.1415,-0.0044,-0.0127, 2.2270
 0.0728, 0.0000, 3.1615, 3.1415, 0.0233, 0.2634,-4.6799
 0.0729, 0.0000, 3.1615, 3.1415, 0.0107, 0.0526,-2.1896
 0.0728, 0.0000, 3.1615, 3.1415,-0.0039, 0.0105,-0.4916
 0.0726, 0.0000, 3.1615, 3.1415,-0.0189, 0.0021,-1.2977
 0.0723, 0.0000, 3.1615, 3.1415,-0.0280, 0.0004,-2.0469
 0.0716, 0.0000, 3.1582, 3.1415,-0.0541,-0.2658, 4.6799
 0.0713, 0.0000, 3.1582, 3.1415,-0.0411,-0.0531, 1.6448
 0.0713, 0.0000, 3.1582, 3.1415,-0.0021,-0.0106, 2.1736
 0.0714, 0.0000, 3.1582, 3.1415, 0.0056,-0.0021, 2.2853
 0.0716, 0.0000, 3.1582, 3.1415, 0.0193,-0.0004, 3.4533
 0.0720, 0.0000, 3.1615, 3.1415, 0.0281, 0.2658,-4.6799
 0.0722, 0.0000, 3.1615, 3.1415, 0.0238, 0.0531,-1.0810
 0.0721, 0.0000, 3.1615, 3.1415,-0.0013, 0.0106,-0.3245
 0.0718, 0.0000, 3.1615, 3.1415,-0.0245, 0.0021,-1.8886
 0.0714, 0.0000, 3.1615, 3.1415,-0.0352, 0.0004,-2.7954
 0.0709, 0.0000, 3.1615, 3.1415,-0.0494, 0.0000,-4.1466
 0.0701, 0.0000, 3.1582, 3.1415,-0.0765,-0.2659, 4.6799
 0.0696, 0.0000, 3.1548, 3.1415,-0.0516,-0.3191, 4.6799
 0.0695, 0.0000, 3.1548, 3.1415,-0.0164,-0.0638, 4.6799
 0.0697, 0.0000, 3.1548, 3.1415, 0.0088,-0.0127, 4.2904
 0.0700, 0.0000, 3.1548, 3.1415, 0.0260,-0.0025, 4.6799
 0.0704, 0.0000, 3.1582, 3.1415, 0.0415, 0.2654,-4.6799
 0.0707, 0.0000, 3.1582, 3.1415, 0.0325, 0.0530, 0.7007
 0.0712, 0.0000, 3.1615, 3.1415, 0.0428, 0.2765,-4.6799
 0.0712, 0.0000, 3.1615, 3.1415, 0.0085, 0.0553,-2.7477
 0.0710, 0.0000, 3.1615, 3.1415,-0.0104, 0.0110,-1.3064
 0.0709, 0.0000, 3.1615, 3.1415,-0.0142, 0.0022,-1.0303
 0.0704, 0.0000, 3.1615, 3.1415,-0.0392, 0.0004,-3.2663
 0.0698, 0.0000, 3.1582, 3.1415,-0.0563,-0.2658, 4.6799
 0.0697, 0.0000, 3.1582, 3.1415,-0.0233,-0.0531, 3.1308
 0.0697, 0.0000, 3.1582, 3.1415,-0.0046,-0.0106, 1.7736
 0.0698, 0.0000, 3.1582, 3.1415, 0.0111,-0.0021, 2.6417
 0.0701, 0.0000, 3.1582, 3.1415, 0.0204,-0.0004, 3.3973
 0.0705, 0.0000, 3.1582, 3.1415, 0.0404,-0.0000, 4.6799
 0.0713, 0.0000, 3.1615, 3.1415, 0.0687, 0.2659,-4.6799
 0.0715, 0.0000, 3.1615, 3.1415, 0.0319, 0.0531,-0.3971
 0.0715, 0.0000, 3.1648, 3.1415, 0.0063, 0.2765,-4.6799
 0.0714, 0.0000, 3.1648, 3.1415,-0.0047, 0.0553,-4.6799
 0.0710, 0.0000, 3.1615, 3.1415,-0.0373,-0.2548, 4.6799
 0.0709, 0.0000, 3.1615, 3.1415,-0.0135,-0.0509, 2.8993
 0.0710, 0.0000, 3.1615, 3.1415, 0.0033,-0.0101, 1.5079
 0.0710, 0.0000, 3.1615, 3.1415, 0.0067,-0.0020, 1.2357
 0.0712, 0.0000, 3.1615, 3.1415, 0.0134,-0.0004, 1.7571
 0.0717, 0.0000, 3.1615, 3.1415, 0.0451,-0.0000, 4.6799
 0.0722, 0.0000, 3.1648, 3.1415, 0.0454, 0.2659,-4.6799
 0.0723, 0.0000, 3.1648, 3.1415, 0.0151, 0.0531,-2.9856
 0.0723, 0.0000, 3.1648, 3.1415, 0.0090, 0.0106,-0.4459
 0.0721, 0.0000, 3.1648, 3.1415,-0.0163, 0.0021,-2.2110
 0.0716, 0.0000, 3.1648, 3.1415,-0.0457, 0.0004,-4.6799
 0.0710, 0.0000, 3.1615, 3.1415,-0.0515,-0.2658, 4.6799
 0.0706, 0.0000, 3.1615, 3.1415,-0.0466,-0.0531,-0.0466
 0.0701, 0.0000, 3.1582, 3.1415,-0.0457,-0.2765, 4.6799
 0.0701, 0.0000, 3.1582, 3.1415,-0.0091,-0.0553, 4.6537
 0.0704, 0.0000, 3.1582, 3.1415, 0.0163,-0.0110, 3.8239
 0.0705, 0.0000, 3.1582, 3.1415, 0.0153,-0.0022, 3.1064
 0.0708, 0.0000, 3.1582, 3.1415, 0.0273,-0.0004, 4.1145
 0.0715, 0.0000, 3.1615, 3.1415, 0.0600, 0.2658,-4.6799
 0.0719, 0.0000, 3.1648, 3.1415, 0.0423, 0.3191,-4.6799
 0.0717, 0.0000, 3.1648, 3.1415,-0.0036, 0.0638,-4.6799
 0.0716, 0.0000, 3.1648, 3.1415,-0.0067, 0.0127,-2.1420
 0.0711, 0.0000, 3.1615, 3.1415,-0.0438,-0.2633, 4.6799
 0.0710, 0.0000, 3.1615, 3.1415,-0.0208,-0.0526, 2.3484
 0.0710, 0.0000, 3.1615, 3.1415, 0.0018,-0.0105, 1.4039
 0.0711, 0.0000, 3.1615, 3.1415, 0.0064,-0.0021, 1.2210
 0.0713, 0.0000, 3.1615, 3.1415, 0.0134,-0.0004, 1.7602
 0.0718, 0.0000, 3.1615, 3.1415, 0.0451,-0.0000, 4.6799
 0.0723, 0.0000, 3.1615, 3.1415, 0.0514,-0.0000, 4.6799
 0.0727, 0.0000, 3.1648, 3.1415, 0.0406, 0.2659,-4.6799
 0.0729, 0.0000, 3.1681, 3.1415, 0.0202, 0.3191,-4.6799
 0.0729, 0.0000, 3.1681, 3.1415, 0.0101, 0.0638,-4.6799
 0.0726, 0.0000, 3.1681, 3.1415,-0.0282, 0.0127,-4.6799
 0.0720, 0.0000, 3.1648, 3.1415,-0.0481,-0.2634, 4.6799
 0.0717, 0.0000, 3.1615, 3.1415,-0.0338,-0.3186, 4.6799
 0.0716, 0.0000, 3.1615, 3.1415,-0.0128,-0.0637, 3.9661
 0.0718, 0.0000, 3.1615, 3.1415, 0.0095,-0.0127, 2.3517
 0.0721, 0.0000, 3.1615, 3.1415, 0.0261,-0.0025, 3.1805
 0.0726, 0.0000, 3.1648, 3.1415, 0.0476, 0.2654,-4.6799
 0.0729, 0.0000, 3.1648, 3.1415, 0.0277, 0.0530,-1.7513
 0.0729, 0.0000, 3.1681, 3.1415, 0.0055, 0.2765,-4.6799
 0.0726, 0.0000, 3.1681, 3.1415,-0.0231, 0.0553,-4.6799
 0.0720, 0.0000, 3.1648, 3.1415,-0.0470,-0.2548, 4.6799
 0.0718, 0.0000, 3.1615, 3.1415,-0.0276,-0.3169, 4.6799
 0.0718, 0.0000, 3.1615, 3.1415,-0.0055,-0.0633, 4.6350
 0.0720, 0.0000, 3.1615, 3.1415, 0.0110,-0.0126, 2.4977
 0.0724, 0.0000, 3.1648, 3.1415, 0.0385, 0.2634,-4.6799
 0.0725, 0.0000, 3.1648, 3.1415, 0.0137, 0.0526,-3.0527
 0.0725, 0.0000, 3.1648, 3.1415, 0.0027, 0.0105,-1.0109
 0.0722, 0.0000, 3.1648, 3.1415,-0.0237, 0.0021,-2.8817
 0.0717, 0.0000, 3.1648, 3.1415,-0.0411, 0.0004,-4.4196
 0.0710, 0.0000, 3.1615, 3.1415,-0.0688,-0.2658, 4.6799
 0.0707, 0.0000, 3.1582, 3.1415,-0.0380,-0.3191, 4.6799
 0.0704, 0.0000, 3.1582, 3.1415,-0.0257,-0.0638, 3.7586
 0.0706, 0.0000, 3.1582, 3.1415, 0.0069,-0.0127, 3.0994
 0.0709, 0.0000, 3.1582, 3.1415, 0.0256,-0.0025, 4.1192
 0.0714, 0.0000, 3.1615, 3.1415, 0.0475, 0.2654,-4.6799
 0.0716, 0.0000, 3.1615, 3.1415, 0.0216, 0.0530,-1.3369
 0.0716, 0.0000, 3.1615, 3.1415, 0.0043, 0.0106, 0.1455
 0.0716, 0.0000, 3.1615, 3.1415, 0.0069, 0.0021, 1.0118
 0.0717, 0.0000, 3.1615, 3.1415, 0.0074, 0.0004, 1.1911
 0.0718, 0.0000, 3.1615, 3.1415, 0.0075, 0.0000, 1.2330
 0.0720, 0.0000, 3.1615, 3.1415, 0.0197, 0.0000, 2.3870
 0.0723, 0.0000, 3.1648, 3.1415, 0.0281, 0.2659,-4.6799
 0.0723, 0.0000, 3.1648, 3.1415, 0.0056, 0.0531,-3.8597
 0.0722, 0.0000, 3.1648, 3.1415,-0.0109, 0.0106,-2.3240
 0.0718, 0.0000, 3.1648, 3.1415,-0.0325, 0.0021,-3.7384
 0.0711, 0.0000, 3.1615, 3.1415,-0.0610,-0.2655, 4.6799
 0.0710, 0.0000, 3.1582, 3.1415,-0.0243,-0.3190, 4.6799
 0.0710, 0.0000, 3.1582, 3.1415,-0.0048,-0.0638, 4.6799
 0.0710, 0.0000, 3.1582, 3.1415, 0.0050,-0.0127, 2.9705
 0.0711, 0.0000, 3.1582, 3.1415, 0.0070,-0.0025, 2.4205
 0.0716, 0.0000, 3.1615, 3.1415, 0.0438, 0.2654,-4.6799
 0.0720, 0.0000, 3.1615, 3.1415, 0.0330, 0.0530,-0.2434
 0.0719, 0.0000, 3.1615, 3.1415, 0.0005, 0.0106,-0.1752
 0.0718, 0.0000, 3.1615, 3.1415,-0.0059, 0.0021,-0.1676
 0.0715, 0.0000, 3.1615, 3.1415,-0.0254, 0.0004,-1.8814
 0.0711, 0.0000, 3.1615, 3.1415,-0.0354, 0.0000,-2.8183
 0.0707, 0.0000, 3.1582, 3.1415,-0.0434,-0.2659, 4.6799
 0.0704, 0.0000, 3.1548, 3.1415,-0.0329,-0.3191, 4.6799
 0.0704, 0.0000, 3.1548, 3.1415,-0.0005,-0.0638, 4.6799
 0.0707, 0.0000, 3.1548, 3.1415, 0.0241,-0.0127, 4.6799
 0.0712, 0.0000, 3.1582, 3.1415, 0.0412, 0.2634,-4.6799
 0.0714, 0.0000, 3.1582, 3.1415, 0.0264, 0.0526, 0.2295
 0.0717, 0.0000, 3.1582, 3.1415, 0.0295, 0.0105, 3.6120
 0.0722, 0.0000, 3.1615, 3.1415, 0.0422, 0.2680,-4.6799
 0.0722, 0.0000, 3.1615, 3.1415, 0.0084, 0.0536,-2.5367
 0.0719, 0.1500, 3.1615, 3.1415,-0.0225, 0.0107,-4.6799
 0.0717, 0.1500, 3.1615, 3.1415,-0.0166, 0.0021,-4.6799
 0.0710, 0.1500, 3.1582, 3.1415,-0.0578,-0.2655, 0.5066
 0.0707, 0.1500, 3.1548, 3.1415,-0.0418,-0.3190, 4.6799
 0.0706, 0.1500, 3.1548, 3.1415,-0.0144,-0.0638,-4.6799
 0.0701, 0.1500, 3.1548, 3.1415,-0.0453,-0.0127,-4.6799
 0.0698, 0.1500, 3.1515, 3.1415,-0.0272,-0.2685, 4.6799
 0.0698, 0.1500, 3.1515, 3.1415,-0.0054,-0.0537,-4.6799
 0.0692, 0.1500, 3.1482, 3.1415,-0.0495,-0.2767, 4.6799
 0.0692, 0.1500, 3.1482, 3.1415,-0.0099,-0.0553,-4.6799
 0.0691, 0.1500, 3.1482, 3.1415,-0.0080,-0.0110,-4.6799
 0.0686, 0.1500, 3.1449, 3.1415,-0.0440,-0.2681, 4.6799
 0.0690, 0.1500, 3.1449, 3.1415, 0.0215,-0.0536,-3.3095
 0.0684, 0.1500, 3.1449, 3.1415,-0.0442,-0.0107,-4.6799
 0.0682, 0.1500, 3.1415, 3.1415,-0.0270,-0.2680, 4.6799
 0.0682, 0.1500, 3.1415, 3.1415, 0.0006,-0.0536,-4.2124
 0.0677, 0.1500, 3.1382, 3.1415,-0.0423,-0.2766, 4.6799
 0.0681, 0.1500, 3.1382, 3.1415, 0.0218,-0.0553,-1.0292
 0.0679, 0.1500, 3.1382, 3.1415,-0.0138,-0.0110,-4.6799
 0.0675, 0.1500, 3.1349, 3.1415,-0.0330,-0.2681, 4.6799
 0.0679, 0.1500, 3.1349, 3.1415, 0.0297,-0.0536, 0.6729
 0.0677, 0.1500, 3.1349, 3.1415,-0.0122,-0.0107,-4.6799
 0.0679, 0.1500, 3.1316, 3.1415, 0.0096,-0.2680, 4.6799
 0.0681, 0.1500, 3.1316, 3.1415, 0.0201,-0.0536, 0.9008
 0.0680, 0.1500, 3.1316, 3.1415,-0.0020,-0.0107,-4.2801
 0.0682, 0.1500, 3.1282, 3.1415, 0.0117,-0.2681, 4.6799
 0.0684, 0.1500, 3.1282, 3.1415, 0.0205,-0.0536, 2.0770
 0.0685, 0.1500, 3.1282, 3.1415, 0.0101,-0.0107,-1.9949
 0.0685, 0.1500, 3.1249, 3.1415, 0.0080,-0.2681, 4.6799
 0.0690, 0.1500, 3.1249, 3.1415, 0.0379,-0.0536, 4.6799
 0.0691, 0.1500, 3.1249, 3.1415, 0.0136,-0.0107,-0.5026
 0.0691, 0.1500, 3.1216, 3.1415, 0.0027,-0.2680, 4.6799
 0.0695, 0.1500, 3.1216, 3.1415, 0.0369,-0.0536, 4.6799
 0.0698, 0.1500, 3.1183, 3.1415, 0.0316,-0.2766, 4.6799
 0.0703, 0.1500, 3.1183, 3.1415, 0.0427,-0.0553, 4.6799
 0.0708, 0.1500, 3.1183, 3.1415, 0.0509,-0.0110, 4.6799
 0.0718, 0.1500, 3.1183, 3.1415, 0.0890,-0.0022, 4.6799
 0.0726, 0.1500, 3.1183, 3.1415, 0.0784,-0.0004, 4.6799
 0.0737, 0.1500, 3.1183, 3.1415, 0.1066,-0.0000, 4.6799
 0.0750, 0.1500, 3.1183, 3.1415, 0.1244,-0.0000, 4.6799
 0.0764, 0.1500, 3.1183, 3.1415, 0.1400,-0.0000, 4.6799
 0.0779, 0.1500, 3.1216, 3.1415, 0.1492, 0.2659,-4.6799
 0.0794, 0.1500, 3.1249, 3.1415, 0.1450, 0.3191,-4.6799
 0.0806, 0.1500, 3.1249, 3.1415, 0.1260, 0.0638, 4.6799
 0.0817, 0.1500, 3.1249, 3.1415, 0.1100, 0.0127, 4.6799
 0.0829, 0.1500, 3.1249, 3.1415, 0.1250, 0.0025, 4.6799
 0.0843, 0.1500, 3.1249, 3.1415, 0.1341, 0.0005, 4.6799
 0.0857, 0.1500, 3.1249, 3.1415, 0.1359, 0.0001, 4.6799
 0.0873, 0.1500, 3.1249, 3.1415, 0.1545, 0.0000, 4.6799
 0.0892, 0.1500, 3.1282, 3.1415, 0.1824, 0.2659,-4.0637
 0.0906, 0.1500, 3.1282, 3.1415, 0.1517, 0.0531, 4.6799
 0.0921, 0.1500, 3.1282, 3.1415, 0.1516, 0.0106, 4.6799
 0.0938, 0.1500, 3.1282, 3.1415, 0.1637, 0.0021, 4.6799
 0.0956, 0.1500, 3.1316, 3.1415, 0.1782, 0.2663,-4.6799
 0.0970, 0.1500, 3.1316, 3.1415, 0.1447, 0.0532, 4.6799
 0.0989, 0.1500, 3.1316, 3.1415, 0.1805, 0.0106, 4.6799
 0.1005, 0.1500, 3.1316, 3.1415, 0.1634, 0.0021, 4.6799
 0.1023, 0.1500, 3.1316, 3.1415, 0.1782, 0.0004, 4.6799
 0.1042, 0.1500, 3.1349, 3.1415, 0.1932, 0.2660,-3.7739
 0.1061, 0.1500, 3.1349, 3.1415, 0.1841, 0.0532, 4.6799
 0.1080, 0.1500, 3.1349, 3.1415, 0.1884, 0.0106, 4.6799
 0.1101, 0.1500, 3.1382, 3.1415, 0.2074, 0.2680,-3.1342
 0.1117, 0.1500, 3.1382, 3.1415, 0.1748, 0.0536, 4.6799
 0.1133, 0.1500, 3.1382, 3.1415, 0.1623, 0.0107, 4.6799
 0.1152, 0.1500, 3.1382, 3.1415, 0.1840, 0.0021, 4.6799
 0.1173, 0.1500, 3.1382, 3.1415, 0.2005, 0.0004, 4.6799
 0.1192, 0.1500, 3.1382, 3.1415, 0.1977, 0.0000, 4.6799
 0.1217, 0.1500, 3.1415, 3.1415, 0.2335, 0.2659,-0.5070
 0.1237, 0.1500, 3.1415, 3.1415, 0.2104, 0.0531, 4.6799
 0.1260, 0.1500, 3.1449, 3.1415, 0.2239, 0.2765,-2.8414
 0.1281, 0.1500, 3.1449, 3.1415, 0.2145, 0.0553, 4.6799
 0.1299, 0.1500, 3.1449, 3.1415, 0.1884, 0.0110, 4.6799
 0.1318, 0.1500, 3.1449, 3.1415, 0.1892, 0.0022, 4.6799
 0.1342, 0.1500, 3.1482, 3.1415, 0.2258, 0.2664,-2.2221
 0.1360, 0.1500, 3.1482, 3.1415, 0.1906, 0.0532, 4.6799
 0.1380, 0.1500, 3.1482, 3.1415, 0.1957, 0.0106, 4.6799
 0.1402, 0.1500, 3.1482, 3.1415, 0.2210, 0.0021, 4.6799
 0.1421, 0.1500, 3.1482, 3.1415, 0.1957, 0.0004, 4.6799
 0.1446, 0.1500, 3.1515, 3.1415, 0.2331, 0.2660,-1.5823
 0.1468, 0.1500, 3.1515, 3.1415, 0.2285, 0.0532, 4.6799
 0.1487, 0.1500, 3.1515, 3.1415, 0.1972, 0.0106, 4.6799
 0.1511, 0.1500, 3.1515, 3.1415, 0.2274, 0.0021, 4.6799
 0.1535, 0.1500, 3.1548, 3.1415, 0.2395, 0.2663,-1.2339
 0.1553, 0.1500, 3.1548, 3.1415, 0.1934, 0.0532, 4.6799
 0.1576, 0.1500, 3.1548, 3.1415, 0.2205, 0.0106, 4.6799
 0.1602, 0.1500, 3.1548, 3.1415, 0.2502, 0.0021, 4.6799
 0.1622, 0.1500, 3.1582, 3.1415, 0.2137, 0.2663,-3.8574
 0.1644, 0.1500, 3.1582, 3.1415, 0.2185, 0.0532, 4.6799
 0.1666, 0.1500, 3.1582, 3.1415, 0.2195, 0.0106, 4.6799
 0.1687, 0.1500, 3.1615, 3.1415, 0.2136, 0.2680,-4.4446
 0.1706, 0.1500, 3.1615, 3.1415, 0.1882, 0.0536, 4.6799
 0.1727, 0.1500, 3.1615, 3.1415, 0.2074, 0.0107, 4.6799
 0.1743, 0.1500, 3.1582, 3.1415, 0.1688,-0.2638, 4.6799
 0.1764, 0.1500, 3.1582, 3.1415, 0.2035,-0.0527, 4.6799
 0.1788, 0.1500, 3.1615, 3.1415, 0.2347, 0.2554,-0.5628
 0.1807, 0.1500, 3.1615, 3.1415, 0.1985, 0.0510, 4.6799
 0.1828, 0.1500, 3.1615, 3.1415, 0.2094, 0.0102, 4.6799
 0.1852, 0.1500, 3.1615, 3.1415, 0.2298, 0.0020, 4.6799
 0.1875, 0.1500, 3.1615, 3.1415, 0.2278, 0.0004, 4.6799
 0.1895, 0.1500, 3.1615, 3.1415, 0.2092, 0.0000, 4.6799
 0.1919, 0.1500, 3.1648, 3.1415, 0.2358, 0.2659,-1.0196
 0.1941, 0.1500, 3.1648, 3.1415, 0.2230, 0.0531, 4.6799
 0.1966, 0.1500, 3.1648, 3.1415, 0.2386, 0.0106, 4.6799
 0.1990, 0.1500, 3.1681, 3.1415, 0.2417, 0.2680,-1.0332
 0.2010, 0.1500, 3.1681, 3.1415, 0.2120, 0.0536, 4.6799
 0.2031, 0.1500, 3.1681, 3.1415, 0.2121, 0.0107, 4.6799
 0.2055, 0.1500, 3.1681, 3.1415, 0.2304, 0.0021, 4.6799
 0.2079, 0.1500, 3.1681, 3.1415, 0.2401, 0.0004, 4.6799
 0.2100, 0.1500, 3.1715, 3.1415, 0.2117, 0.2660,-3.6755
 0.2121, 0.1500, 3.1715, 3.1415, 0.2121, 0.0532, 4.6799
 0.2145, 0.1500, 3.1715, 3.1415, 0.2364, 0.0106, 4.6799
 0.2166, 0.1500, 3.1748, 3.1415, 0.2170, 0.2680,-3.7718
 0.2185, 0.1500, 3.1748, 3.1415, 0.1949, 0.0536, 4.6799
 0.2206, 0.1500, 3.1748, 3.1415, 0.2027, 0.0107, 4.6799
 0.2228, 0.1500, 3.1748, 3.1415, 0.2163, 0.0021, 4.6799
 0.2250, 0.1500, 3.1748, 3.1415, 0.2191, 0.0004, 4.6799
 0.2273, 0.1500, 3.1781, 3.1415, 0.2317, 0.2660,-2.2973
 0.2293, 0.1500, 3.1781, 3.1415, 0.2040, 0.0532, 4.6799
 0.2315, 0.1500, 3.1814, 3.1415, 0.2166, 0.2766,-4.6799
 0.2332, 0.1500, 3.1814, 3.1415, 0.1767, 0.0553, 4.6799
 0.2354, 0.1500, 3.1814, 3.1415, 0.2111, 0.0110, 4.6799
 0.2373, 0.1500, 3.1814, 3.1415, 0.1938, 0.0022, 4.6799
 0.2393, 0.1500, 3.1814, 3.1415, 0.2024, 0.0004, 4.6799
 0.2417, 0.1500, 3.1814, 3.1415, 0.2284, 0.0000, 4.6799
 0.2442, 0.1500, 3.1848, 3.1415, 0.2457, 0.2659,-1.5260
 0.2464, 0.1500, 3.1881, 3.1415, 0.2310, 0.3191,-4.6799
 0.2479, 0.1500, 3.1881, 3.1415, 0.1674, 0.0638, 4.6799
 0.2502, 0.1500, 3.1881, 3.1415, 0.2153, 0.0127, 4.6799
 0.2524, 0.1500, 3.1914, 3.1415, 0.2189, 0.2685,-4.6799
 0.2539, 0.1500, 3.1914, 3.1415, 0.1650, 0.0537, 4.6799
 0.2557, 0.1500, 3.1914, 3.1415, 0.1724, 0.0107, 4.6799
 0.2579, 0.1500, 3.1914, 3.1415, 0.2163, 0.0021, 4.6799
 0.2601, 0.1500, 3.1947, 3.1415, 0.2130, 0.2663,-4.6799
 0.2615, 0.1500, 3.1947, 3.1415, 0.1578, 0.0532, 4.1918
 0.2636, 0.1500, 3.1981, 3.1415, 0.1952, 0.2766,-4.6799
 0.2650, 0.1500, 3.1981, 3.1415, 0.1542, 0.0553, 2.9544
 0.2666, 0.1500, 3.1981, 3.1415, 0.1581, 0.0110, 4.6799
 0.2684, 0.1500, 3.1981, 3.1415, 0.1771, 0.0022, 4.6799
 0.2698, 0.1500, 3.1981, 3.1415, 0.1506, 0.0004, 4.6799
 0.2714, 0.1500, 3.1981, 3.1415, 0.1513, 0.0000, 4.6799
 0.2737, 0.1500, 3.2014, 3.1415, 0.2182, 0.2659,-4.6799
 0.2754, 0.1500, 3.2047, 3.1415, 0.1770, 0.3191,-4.6799
 0.2764, 0.1500, 3.2047, 3.1415, 0.1202, 0.0638,-1.8833
 0.2778, 0.1500, 3.2047, 3.1415, 0.1331, 0.0127, 3.1612
 0.2786, 0.1500, 3.2047, 3.1415, 0.0872, 0.0025,-0.2786
 0.2791, 0.1500, 3.2014, 3.1415, 0.0598,-0.2654, 4.6799
 0.2800, 0.1500, 3.2014, 3.1415, 0.0847,-0.0530, 4.6799
 0.2803, 0.1500, 3.1981, 3.1415, 0.0412,-0.2765, 4.6799
 0.2813, 0.1500, 3.1981, 3.1415, 0.0870,-0.0553, 4.6799
 0.2824, 0.1500, 3.1981, 3.1415, 0.1083,-0.0110, 4.6799
 0.2834, 0.1500, 3.1981, 3.1415, 0.1004,-0.0022, 3.9941
 0.2842, 0.1500, 3.1981, 3.1415, 0.0867,-0.0004, 2.6786
 0.2857, 0.1500, 3.1981, 3.1415, 0.1325,-0.0000, 4.6799
 0.2871, 0.1500, 3.2014, 3.1415, 0.1417, 0.2659,-4.6799
 0.2877, 0.1500, 3.2014, 3.1415, 0.0768, 0.0531,-2.9017
 0.2886, 0.1500, 3.2014, 3.1415, 0.0820, 0.0106, 0.7588
 0.2892, 0.1500, 3.2014, 3.1415, 0.0709, 0.0021, 0.4179
 0.2895, 0.1500, 3.2014, 3.1415, 0.0323, 0.0004,-3.0140
 0.2898, 0.1500, 3.1981, 3.1415, 0.0307,-0.2658, 4.6799
 0.2899, 0.1500, 3.1981, 3.1415, 0.0182,-0.0531, 0.7272
 0.2902, 0.1500, 3.1947, 3.1415, 0.0279,-0.2765, 4.6799
 0.2906, 0.1500, 3.1947, 3.1415, 0.0358,-0.0553, 3.6932
 0.2914, 0.1500, 3.1947, 3.1415, 0.0738,-0.0110, 4.0806
 0.2920, 0.1500, 3.1947, 3.1415, 0.0572,-0.0022, 1.9456
 0.2926, 0.1500, 3.1947, 3.1415, 0.0599,-0.0004, 2.1308
 0.2936, 0.1500, 3.1947, 3.1415, 0.0908,-0.0000, 4.6799
 0.2948, 0.1500, 3.1981, 3.1415, 0.1151, 0.2659,-4.6799
 0.2953, 0.1500, 3.1981, 3.1415, 0.0654, 0.0531,-2.0904
 0.2958, 0.1500, 3.1981, 3.1415, 0.0494, 0.0106,-0.4352
 0.2963, 0.1500, 3.1981, 3.1415, 0.0523, 0.0021, 0.5018
 0.2963, 0.1500, 3.1981, 3.1415, 0.0104, 0.0004,-3.2566
 0.2961, 0.1500, 3.1981, 3.1415,-0.0100, 0.0000,-4.6799
 0.2959, 0.1500, 3.1947, 3.1415,-0.0201,-0.2659, 4.6799
 0.2960, 0.1500, 3.1947, 3.1415, 0.0020,-0.0531, 0.9355
 0.2961, 0.1500, 3.1947, 3.1415, 0.0064,-0.0106,-1.7380
 0.2961, 0.1500, 3.1947, 3.1415, 0.0073,-0.0021,-2.2668
 0.2961, 0.1500, 3.1947, 3.1415,-0.0045,-0.0004,-3.5060
 0.2958, 0.1500, 3.1914, 3.1415,-0.0191,-0.2660, 4.6799
 0.2959, 0.1500, 3.1914, 3.1415, 0.0022,-0.0532, 2.0573
 0.2961, 0.1500, 3.1914, 3.1415, 0.0125,-0.0106,-0.0637
 0.2960, 0.1500, 3.1914, 3.1415,-0.0035,-0.0021,-2.1855
 0.2959, 0.1500, 3.1914, 3.1415,-0.0067,-0.0004,-2.6157
 0.2960, 0.1500, 3.1914, 3.1415, 0.0047,-0.0000,-1.5683
 0.2958, 0.1500, 3.1914, 3.1415,-0.0172,-0.0000,-3.6318
 0.2953, 0.1500, 3.1881, 3.1415,-0.0398,-0.2659, 4.6799
 0.2951, 0.1500, 3.1881, 3.1415,-0.0261,-0.0531, 0.4474
 0.2953, 0.1500, 3.1881, 3.1415, 0.0129,-0.0106, 1.0034
 0.2955, 0.1500, 3.1881, 3.1415, 0.0147,-0.0021, 0.5628
 0.2955, 0.1500, 3.1914, 3.1415, 0.0090, 0.2655,-4.6799
 0.2955, 0.1500, 3.1914, 3.1415, 0.0018, 0.0531,-4.6799
 0.2955, 0.1500, 3.1914, 3.1415,-0.0057, 0.0106,-3.3651
 0.2952, 0.1500, 3.1914, 3.1415,-0.0253, 0.0021,-4.6033
 0.2947, 0.1500, 3.1914, 3.1415,-0.0414, 0.0004,-4.6799
 0.2941, 0.1500, 3.1914, 3.1415,-0.0568, 0.0000,-4.6799
 0.2933, 0.1500, 3.1881, 3.1415,-0.0719,-0.2659, 4.6799
 0.2930, 0.1500, 3.1881, 3.1415,-0.0386,-0.0531,-0.9160
 0.2927, 0.1500, 3.1881, 3.1415,-0.0380,-0.0106,-3.9913
 0.2924, 0.1500, 3.1881, 3.1415,-0.0318,-0.0021,-4.0667
 0.2918, 0.1500, 3.1881, 3.1415,-0.0488,-0.0004,-4.6799
 0.2914, 0.1500, 3.1881, 3.1415,-0.0400,-0.0000,-4.6799
 0.2908, 0.1500, 3.1881, 3.1415,-0.0625,-0.0000,-4.6799
 0.2899, 0.1500, 3.1881, 3.1415,-0.0852,-0.0000,-4.6799
 0.2886, 0.1500, 3.1848, 3.1415,-0.1140,-0.2659, 4.6799
 0.2880, 0.1500, 3.1814, 3.1415,-0.0713,-0.3191, 4.6799
 0.2877, 0.1500, 3.1814, 3.1415,-0.0445,-0.0638, 0.9848
 0.2875, 0.1500, 3.1848, 3.1415,-0.0210, 0.2531,-4.6799
 0.2871, 0.1500, 3.1848, 3.1415,-0.0345, 0.0506,-4.6799
 0.2871, 0.1500, 3.1881, 3.1415,-0.0129, 0.2760,-4.6799
 0.2867, 0.1500, 3.1881, 3.1415,-0.0268, 0.0552,-4.6799
 0.2861, 0.1500, 3.1881, 3.1415,-0.0599, 0.0110,-4.6799
 0.2852, 0.1500, 3.1881, 3.1415,-0.0847, 0.0022,-4.6799
 0.2841, 0.1500, 3.1881, 3.1415,-0.1018, 0.0004,-4.6799
 0.2829, 0.1500, 3.1848, 3.1415,-0.1173,-0.2658, 4.6799
 0.2820, 0.1500, 3.1848, 3.1415,-0.0962,-0.0531,-4.6799
 0.2809, 0.1500, 3.1814, 3.1415,-0.1041,-0.2765, 4.6799
 0.2802, 0.1500, 3.1814, 3.1415,-0.0753,-0.0553,-3.2340
 0.2794, 0.1500, 3.1814, 3.1415,-0.0817,-0.0110,-4.6799
 0.2787, 0.1500, 3.1814, 3.1415,-0.0709,-0.0022,-4.6799
 0.2778, 0.1500, 3.1814, 3.1415,-0.0869,-0.0004,-4.6799
 0.2766, 0.1500, 3.1814, 3.1415,-0.1144,-0.0000,-4.6799
 0.2754, 0.1500, 3.1814, 3.1415,-0.1198,-0.0000,-4.6799
 0.2741, 0.1500, 3.1781, 3.1415,-0.1270,-0.2659, 4.6799
 0.2730, 0.1500, 3.1781, 3.1415,-0.1163,-0.0531,-4.6799
 0.2717, 0.1500, 3.1748, 3.1415,-0.1263,-0.2765, 4.6799
 0.2710, 0.1500, 3.1748, 3.1415,-0.0798,-0.0553,-2.3548
 0.2702, 0.1500, 3.1748, 3.1415,-0.0766,-0.0110,-4.6799
 0.2694, 0.1500, 3.1781, 3.1415,-0.0820, 0.2637,-4.6799
 0.2682, 0.1500, 3.1781, 3.1415,-0.1134, 0.0527,-4.6799
 0.2669, 0.1500, 3.1748, 3.1415,-0.1257,-0.2554, 4.6799
 0.2661, 0.1500, 3.1748, 3.1415,-0.0918,-0.0510,-4.2689
 0.2647, 0.1500, 3.1748, 3.1415,-0.1275,-0.0102,-4.6799
 0.2632, 0.1500, 3.1748, 3.1415,-0.1467,-0.0020,-4.6799
 0.2617, 0.1500, 3.1715, 3.1415,-0.1445,-0.2663, 4.6799
 0.2606, 0.1500, 3.1681, 3.1415,-0.1198,-0.3192, 4.6799
 0.2597, 0.1500, 3.1681, 3.1415,-0.0967,-0.0638,-2.2153
 0.2586, 0.1500, 3.1681, 3.1415,-0.1042,-0.0127,-4.6799
 0.2576, 0.1500, 3.1715, 3.1415,-0.0996, 0.2633,-4.6799
 0.2567, 0.1500, 3.1715, 3.1415,-0.0926, 0.0526,-4.6799
 0.2557, 0.1500, 3.1715, 3.1415,-0.1034, 0.0105,-4.6799
 0.2543, 0.1500, 3.1715, 3.1415,-0.1298, 0.0021,-4.6799
 0.2527, 0.1500, 3.1681, 3.1415,-0.1532,-0.2655, 4.6799
 0.2516, 0.1500, 3.1681, 3.1415,-0.1216,-0.0531,-4.6799
 0.2502, 0.1500, 3.1681, 3.1415,-0.1334,-0.0106,-4.6799
 0.2487, 0.1500, 3.1648, 3.1415,-0.1479,-0.2680, 4.6799
 0.2475, 0.1500, 3.1648, 3.1415,-0.1266,-0.0536,-4.6799
 0.2461, 0.1500, 3.1648, 3.1415,-0.1344,-0.0107,-4.6799
 0.2448, 0.1500, 3.1615, 3.1415,-0.1360,-0.2680, 4.6799
 0.2437, 0.1500, 3.1615, 3.1415,-0.1120,-0.0536,-3.7667
 0.2425, 0.1500, 3.1615, 3.1415,-0.1194,-0.0107,-4.6799
 0.2411, 0.1500, 3.1615, 3.1415,-0.1330,-0.0021,-4.6799
 0.2396, 0.1500, 3.1615, 3.1415,-0.1478,-0.0004,-4.6799
 0.2382, 0.1500, 3.1582, 3.1415,-0.1387,-0.2660, 4.6799
 0.2370, 0.1500, 3.1582, 3.1415,-0.1308,-0.0532,-4.6799
 0.2354, 0.1500, 3.1548, 3.1415,-0.1534,-0.2766, 4.6799
 0.2345, 0.1500, 3.1548, 3.1415,-0.0973,-0.0553,-0.9819
 0.2338, 0.1500, 3.1548, 3.1415,-0.0801,-0.0110,-2.6725
 0.2329, 0.1500, 3.1582, 3.1415,-0.0887, 0.2637,-4.6799
 0.2317, 0.1500, 3.1582, 3.1415,-0.1087, 0.0527,-4.6799
 0.2307, 0.1500, 3.1582, 3.1415,-0.1066, 0.0105,-4.6799
 0.2293, 0.1500, 3.1582, 3.1415,-0.1304, 0.0021,-4.6799
 0.2277, 0.1500, 3.1548, 3.1415,-0.1534,-0.2655, 4.6799
 0.2266, 0.1500, 3.1548, 3.1415,-0.1216,-0.0531,-4.1860
 0.2251, 0.1500, 3.1515, 3.1415,-0.1455,-0.2765, 4.6799
 0.2240, 0.1500, 3.1515, 3.1415,-0.1140,-0.0553,-2.4680
 0.2230, 0.1500, 3.1515, 3.1415,-0.1016,-0.0110,-4.6357
 0.2220, 0.1500, 3.1515, 3.1415,-0.0991,-0.0022,-4.6799
 0.2207, 0.1500, 3.1515, 3.1415,-0.1289,-0.0004,-4.6799
 0.2197, 0.1500, 3.1515, 3.1415,-0.1046,-0.0000,-4.6799
 0.2184, 0.1500, 3.1482, 3.1415,-0.1240,-0.2659, 4.6799
 0.2172, 0.1500, 3.1482, 3.1415,-0.1218,-0.0531,-2.9205
 0.2162, 0.1500, 3.1482, 3.1415,-0.1031,-0.0106,-4.3857
 0.2152, 0.1500, 3.1482, 3.1415,-0.0994,-0.0021,-4.6799
 0.2139, 0.1500, 3.1482, 3.1415,-0.1229,-0.0004,-4.6799
 0.2128, 0.1500, 3.1482, 3.1415,-0.1094,-0.0000,-4.6799
 0.2114, 0.1500, 3.1449, 3.1415,-0.1370,-0.2659, 4.6799
 0.2102, 0.1500, 3.1449, 3.1415,-0.1244,-0.0531,-2.7530
 0.2089, 0.1500, 3.1415, 3.1415,-0.1279,-0.2765, 4.6799
 0.2082, 0.1500, 3.1415, 3.1415,-0.0862,-0.0553, 1.8463
 0.2075, 0.1500, 3.1415, 3.1415,-0.0718,-0.0110,-0.1026
 0.2070, 0.1500, 3.1449, 3.1415,-0.0507, 0.2637,-4.6799
 0.2065, 0.1500, 3.1449, 3.1415,-0.0525, 0.0527,-4.1648
 0.2057, 0.1500, 3.1449, 3.1415,-0.0711, 0.0105,-2.8940
 0.2049, 0.1500, 3.1449, 3.1415,-0.0809, 0.0021,-3.2704
 0.2039, 0.1500, 3.1449, 3.1415,-0.0950, 0.0004,-4.5518
 0.2028, 0.1500, 3.1449, 3.1415,-0.1099, 0.0000,-4.6799
 0.2013, 0.1500, 3.1415, 3.1415,-0.1371,-0.2659, 4.6799
 0.2005, 0.1500, 3.1415, 3.1415,-0.0941,-0.0531, 0.1925
 0.1997, 0.1500, 3.1415, 3.1415,-0.0855,-0.0106,-2.1852
 0.1988, 0.1500, 3.1415, 3.1415,-0.0838,-0.0021,-2.7276
 0.1980, 0.1500, 3.1415, 3.1415,-0.0834,-0.0004,-2.9027
 0.1974, 0.1500, 3.1415, 3.1415,-0.0651,-0.0000,-1.2952
 0.1966, 0.1500, 3.1415, 3.1415,-0.0736,-0.0000,-2.1617
 0.1957, 0.1500, 3.1382, 3.1415,-0.0874,-0.2659, 4.6799
 0.1953, 0.1500, 3.1382, 3.1415,-0.0478,-0.0531, 4.6799
 0.1952, 0.1500, 3.1382, 3.1415,-0.0216,-0.0106, 4.3941
 0.1953, 0.1500, 3.1415, 3.1415, 0.0077, 0.2638,-4.6799
 0.1953, 0.1500, 3.1449, 3.1415,-0.0045, 0.3186,-4.6799
 0.1953, 0.1500, 3.1482, 3.1415,-0.0009, 0.3296,-4.6799
 0.1950, 0.1500, 3.1482, 3.1415,-0.0244, 0.0659,-4.6799
 0.1945, 0.1500, 3.1482, 3.1415,-0.0412, 0.0131,-2.5445
 0.1940, 0.1500, 3.1482, 3.1415,-0.0506, 0.0026,-2.7048
 0.1930, 0.1500, 3.1449, 3.1415,-0.0889,-0.2654, 4.6799
 0.1925, 0.1500, 3.1449, 3.1415,-0.0541,-0.0530, 1.9876
 0.1924, 0.1500, 3.1449, 3.1415,-0.0229,-0.0106, 1.7789
 0.1924, 0.1500, 3.1482, 3.1415,-0.0045, 0.2638,-4.6799
 0.1922, 0.1500, 3.1482, 3.1415,-0.0191, 0.0527,-3.6023
 0.1921, 0.1500, 3.1482, 3.1415,-0.0098, 0.0105, 0.3142
 0.1922, 0.1500, 3.1515, 3.1415, 0.0040, 0.2680,-4.6799
 0.1919, 0.1500, 3.1515, 3.1415,-0.0234, 0.0536,-4.6799
 0.1914, 0.1500, 3.1515, 3.1415,-0.0410, 0.0107,-3.7652
 0.1907, 0.1500, 3.1515, 3.1415,-0.0627, 0.0021,-4.6799
 0.1900, 0.1500, 3.1515, 3.1415,-0.0731, 0.0004,-4.6799
 0.1891, 0.1500, 3.1482, 3.1415,-0.0813,-0.2658, 4.6799
 0.1883, 0.1500, 3.1449, 3.1415,-0.0829,-0.3191, 4.6799
 0.1876, 0.1500, 3.1449, 3.1415,-0.0711,-0.0638, 0.7005
 0.1875, 0.1500, 3.1449, 3.1415,-0.0263,-0.0127, 1.1273
 0.1876, 0.1500, 3.1449, 3.1415, 0.0068,-0.0025, 3.4797
 0.1877, 0.1500, 3.1482, 3.1415, 0.0074, 0.2654,-4.6799
 0.1876, 0.1500, 3.1482, 3.1415,-0.0045, 0.0530,-2.7331
 0.1875, 0.1500, 3.1482, 3.1415,-0.0130, 0.0106,-0.4455
 0.1872, 0.1500, 3.1482, 3.1415,-0.0207, 0.0021,-0.5697
 0.1868, 0.1500, 3.1482, 3.1415,-0.0405, 0.0004,-2.3222
 0.1862, 0.1500, 3.1482, 3.1415,-0.0566, 0.0000,-3.8487
 0.1856, 0.1500, 3.1449, 3.1415,-0.0598,-0.2659, 4.6799
 0.1853, 0.1500, 3.1449, 3.1415,-0.0362,-0.0531, 2.9320
 0.1851, 0.1500, 3.1449, 3.1415,-0.0193,-0.0106, 1.3858
 0.1852, 0.1500, 3.1449, 3.1415, 0.0021,-0.0021, 2.7736
 0.1856, 0.1500, 3.1482, 3.1415, 0.0307, 0.2655,-4.6799
 0.1856, 0.1500, 3.1482, 3.1415, 0.0122, 0.0531,-1.3746
 0.1856, 0.1500, 3.1482, 3.1415,-0.0036, 0.0106, 0.2383
 0.1856, 0.1500, 3.1482, 3.1415,-0.0007, 0.0021, 1.1246
 0.1856, 0.1500, 3.1482, 3.1415,-0.0001, 0.0004, 1.3018
 0.1856, 0.1500, 3.1482, 3.1415, 0.0060, 0.0000, 1.9070
 0.1859, 0.1500, 3.1515, 3.1415, 0.0193, 0.2659,-4.6799
 0.1860, 0.1500, 3.1515, 3.1415, 0.0160, 0.0531,-2.0993
 0.1857, 0.1500, 3.1515, 3.1415,-0.0210, 0.0106,-2.4718
 0.1855, 0.1500, 3.1515, 3.1415,-0.0224, 0.0021,-2.0008
 0.1851, 0.1500, 3.1482, 3.1415,-0.0347,-0.2655, 4.6799
 0.1848, 0.1500, 3.1482, 3.1415,-0.0312,-0.0531, 2.2371
 0.1848, 0.1500, 3.1482, 3.1415,-0.0062,-0.0106, 1.4637
 0.1851, 0.1500, 3.1482, 3.1415, 0.0230,-0.0021, 3.5882
 0.1853, 0.1500, 3.1482, 3.1415, 0.0227,-0.0004, 3.4675
 0.1856, 0.1500, 3.1482, 3.1415, 0.0288,-0.0000, 4.0313
 0.1861, 0.1500, 3.1515, 3.1415, 0.0421, 0.2659,-4.6799
 0.1864, 0.1500, 3.1515, 3.1415, 0.0326, 0.0531,-0.5147
 0.1864, 0.1500, 3.1515, 3.1415, 0.0065, 0.0106, 0.1545
 0.1865, 0.1500, 3.1515, 3.1415, 0.0073, 0.0021, 0.8580
 0.1866, 0.1500, 3.1515, 3.1415, 0.0136, 0.0004, 1.5747
 0.1866, 0.1500, 3.1515, 3.1415, 0.0027, 0.0000, 0.5905
 0.1866, 0.1500, 3.1515, 3.1415, 0.0005, 0.0000, 0.3937
 0.1869, 0.1500, 3.1515, 3.1415, 0.0243, 0.0000, 2.6334
 0.1872, 0.1500, 3.1515, 3.1415, 0.0291, 0.0000, 3.1057
 0.1875, 0.1500, 3.1515, 3.1415, 0.0300, 0.0000, 3.2243
 0.1879, 0.1500, 3.1548, 3.1415, 0.0363, 0.2659,-4.6799
 0.1881, 0.1500, 3.1548, 3.1415, 0.0193, 0.0531,-2.6880
 0.1881, 0.1500, 3.1548, 3.1415, 0.0038, 0.0106,-1.0329
 0.1878, 0.1500, 3.1515, 3.1415,-0.0234,-0.2638, 4.6799
 0.1877, 0.1500, 3.1515, 3.1415,-0.0107,-0.0527, 3.2891
 0.1878, 0.1500, 3.1515, 3.1415, 0.0039,-0.0105, 1.5882
 0.1879, 0.1500, 3.1515, 3.1415, 0.0129,-0.0021, 1.8237
 0.1882, 0.1500, 3.1515, 3.1415, 0.0268,-0.0004, 3.0226
 0.1887, 0.1500, 3.1515, 3.1415, 0.0417,-0.0000, 4.4261
 0.1892, 0.1500, 3.1515, 3.1415, 0.0507,-0.0000, 4.6799
 0.1897, 0.1500, 3.1515, 3.1415, 0.0526,-0.0000, 4.6799
 0.1905, 0.1500, 3.1548, 3.1415, 0.0711, 0.2659,-4.6799
 0.1909, 0.1500, 3.1548, 3.1415, 0.0506, 0.0531, 0.4944
 0.1916, 0.1500, 3.1548, 3.1415, 0.0646, 0.0106, 4.6799
 0.1921, 0.1500, 3.1582, 3.1415, 0.0493, 0.2680,-4.6799
 0.1925, 0.1500, 3.1582, 3.1415, 0.0401, 0.0536,-1.4598
 0.1925, 0.1500, 3.1582, 3.1415, 0.0141, 0.0107,-0.7519
 0.1924, 0.1500, 3.1548, 3.1415,-0.0093,-0.2638, 4.6799
 0.1924, 0.1500, 3.1548, 3.1415,-0.0018,-0.0527, 3.4761
 0.1925, 0.1500, 3.1548, 3.1415, 0.0117,-0.0105, 1.6850
 0.1927, 0.1500, 3.1548, 3.1415, 0.0144,-0.0021, 1.3389
 0.1931, 0.1500, 3.1548, 3.1415, 0.0332,-0.0004, 2.9912
 0.1937, 0.1500, 3.1548, 3.1415, 0.0551,-0.0000, 4.6799
 0.1944, 0.1500, 3.1548, 3.1415, 0.0716,-0.0000, 4.6799
 0.1953, 0.1500, 3.1582, 3.1415, 0.0870, 0.2659,-4.6799
 0.1959, 0.1500, 3.1582, 3.1415, 0.0659, 0.0531, 1.3069
 0.1969, 0.1500, 3.1615, 3.1415, 0.0859, 0.2765,-4.6799
 0.1973, 0.1500, 3.1615, 3.1415, 0.0535, 0.0553,-0.9647
 0.1975, 0.1500, 3.1615, 3.1415, 0.0289, 0.0110,-0.0115
 0.1975, 0.1500, 3.1615, 3.1415,-0.0002, 0.0022,-2.0819
 0.1974, 0.1500, 3.1582, 3.1415,-0.0061,-0.2655, 4.6799
 0.1975, 0.1500, 3.1582, 3.1415, 0.0109,-0.0531, 4.0920
 0.1977, 0.1500, 3.1582, 3.1415, 0.0143,-0.0106, 1.3342
 0.1980, 0.1500, 3.1582, 3.1415, 0.0271,-0.0021, 1.9345
 0.1984, 0.1500, 3.1582, 3.1415, 0.0418,-0.0004, 3.2182
 0.1991, 0.1500, 3.1582, 3.1415, 0.0629,-0.0000, 4.6799
 0.2000, 0.1500, 3.1582, 3.1415, 0.0792,-0.0000, 4.6799
 0.2009, 0.1500, 3.1615, 3.1415, 0.0886, 0.2659,-4.6799
 0.2016, 0.1500, 3.1615, 3.1415, 0.0722, 0.0531, 1.3504
 0.2025, 0.1500, 3.1648, 3.1415, 0.0872, 0.2765,-4.6799
 0.2030, 0.1500, 3.1648, 3.1415, 0.0598, 0.0553,-0.9179
 0.2031, 0.1500, 3.1648, 3.1415, 0.0241, 0.0110,-1.0033
 0.2031, 0.1500, 3.1648, 3.1415,-0.0012, 0.0022,-2.7176
 0.2029, 0.1500, 3.1615, 3.1415,-0.0123,-0.2654, 4.6799
 0.2030, 0.1500, 3.1582, 3.1415, 0.0035,-0.3190, 4.6799
 0.2031, 0.1500, 3.1582, 3.1415, 0.0067,-0.0638, 4.6799
 0.2034, 0.1500, 3.1582, 3.1415, 0.0256,-0.0127, 3.1064
 0.2038, 0.1500, 3.1582, 3.1415, 0.0415,-0.0025, 3.8832
 0.2044, 0.1500, 3.1582, 3.1415, 0.0568,-0.0005, 4.6799
 0.2051, 0.1500, 3.1582, 3.1415, 0.0659,-0.0001, 4.6799
 0.2058, 0.1500, 3.1615, 3.1415, 0.0677, 0.2659,-4.6799
 0.2063, 0.1500, 3.1615, 3.1415, 0.0559, 0.0531, 0.3170
 0.2070, 0.1500, 3.1615, 3.1415, 0.0657, 0.0106, 4.3849
 0.2076, 0.1500, 3.1648, 3.1415, 0.0616, 0.2680,-4.6799
 0.2079, 0.1500, 3.1648, 3.1415, 0.0365, 0.0536,-2.4620
 0.2079, 0.1500, 3.1648, 3.1415, 0.0073, 0.0107,-2.0576
 0.2077, 0.1500, 3.1615, 3.1415,-0.0167,-0.2637, 4.6799
 0.2077, 0.1500, 3.1582, 3.1415,-0.0033,-0.3187, 4.6799
 0.2078, 0.1500, 3.1582, 3.1415, 0.0114,-0.0637, 4.6799
 0.2080, 0.1500, 3.1582, 3.1415, 0.0144,-0.0127, 2.5300
 0.2084, 0.1500, 3.1582, 3.1415, 0.0332,-0.0025, 3.5680
 0.2091, 0.1500, 3.1582, 3.1415, 0.0612,-0.0005, 4.6799
 0.2098, 0.1500, 3.1582, 3.1415, 0.0728,-0.0001, 4.6799
 0.2106, 0.1500, 3.1615, 3.1415, 0.0752, 0.2659,-4.6799
 0.2110, 0.1500, 3.1615, 3.1415, 0.0514, 0.0531, 0.3629
 0.2117, 0.1500, 3.1615, 3.1415, 0.0648, 0.0106, 4.6799
 0.2125, 0.1500, 3.1615, 3.1415, 0.0736, 0.0021, 4.6799
 0.2133, 0.1500, 3.1648, 3.1415, 0.0814, 0.2663,-4.6799
 0.2138, 0.1500, 3.1648, 3.1415, 0.0526, 0.0532,-0.3629
 0.2141, 0.1500, 3.1648, 3.1415, 0.0347, 0.0106, 1.1082
 0.2146, 0.1500, 3.1648, 3.1415, 0.0494, 0.0021, 3.1359
 0.2151, 0.1500, 3.1648, 3.1415, 0.0523, 0.0004, 3.5839
 0.2156, 0.1500, 3.1648, 3.1415, 0.0468, 0.0000, 3.1462
 0.2162, 0.1500, 3.1681, 3.1415, 0.0578, 0.2659,-4.6799
 0.2167, 0.1500, 3.1681, 3.1415, 0.0540, 0.0531,-1.0437
 0.2171, 0.1500, 3.1681, 3.1415, 0.0411, 0.0106, 0.8920
 0.2173, 0.1500, 3.1681, 3.1415, 0.0264, 0.0021, 0.1699
 0.2175, 0.1500, 3.1681, 3.1415, 0.0234, 0.0004, 0.0437
 0.2179, 0.1500, 3.1681, 3.1415, 0.0350, 0.0000, 1.1763
 0.2184, 0.1500, 3.1681, 3.1415, 0.0433, 0.0000, 2.0028
 0.2189, 0.1500, 3.1681, 3.1415, 0.0511, 0.0000, 2.7743
 0.2194, 0.1500, 3.1681, 3.1415, 0.0526, 0.0000, 2.9710
 0.2201, 0.1500, 3.1715, 3.1415, 0.0590, 0.2659,-4.6799
 0.2205, 0.1500, 3.1715, 3.1415, 0.0481, 0.0531,-2.3124
 0.2208, 0.1500, 3.1715, 3.1415, 0.0338, 0.0106,-0.5144
 0.2208, 0.1500, 3.1715, 3.1415, 0.0067, 0.0021,-2.4096
 0.2207, 0.1500, 3.1681, 3.1415,-0.0107,-0.2655, 4.6799
 0.2207, 0.1500, 3.1681, 3.1415,-0.0021,-0.0531, 1.8699
 0.2207, 0.1500, 3.1681, 3.1415, 0.0056,-0.0106,-0.4889
 0.2207, 0.1500, 3.1681, 3.1415, 0.0011,-0.0021,-1.5244
 0.2207, 0.1500, 3.1648, 3.1415, 0.0002,-0.2663, 4.6799
 0.2209, 0.1500, 3.1648, 3.1415, 0.0121,-0.0532, 4.3412
 0.2212, 0.1500, 3.1648, 3.1415, 0.0266,-0.0106, 2.6190
 0.2215, 0.1500, 3.1648, 3.1415, 0.0295,-0.0021, 2.2987
 0.2219, 0.1500, 3.1648, 3.1415, 0.0422,-0.0004, 3.3985
 0.2226, 0.1500, 3.1681, 3.1415, 0.0630, 0.2658,-4.6799
 0.2232, 0.1500, 3.1681, 3.1415, 0.0550, 0.0531,-0.3024
 0.2233, 0.1500, 3.1681, 3.1415, 0.0231, 0.0106,-0.1536
 0.2233, 0.1500, 3.1681, 3.1415, 0.0046, 0.0021,-1.2512
 0.2232, 0.1500, 3.1681, 3.1415,-0.0051, 0.0004,-2.0405
 0.2230, 0.1500, 3.1648, 3.1415,-0.0192,-0.2658, 4.6799
 0.2229, 0.1500, 3.1648, 3.1415,-0.0099,-0.0531, 2.4914
 0.2231, 0.1500, 3.1648, 3.1415, 0.0101,-0.0106, 1.2731
 0.2235, 0.1500, 3.1648, 3.1415, 0.0323,-0.0021, 2.7509
 0.2238, 0.1500, 3.1648, 3.1415, 0.0367,-0.0004, 3.0768
 0.2242, 0.1500, 3.1648, 3.1415, 0.0376,-0.0000, 3.1722
 0.2247, 0.1500, 3.1648, 3.1415, 0.0499,-0.0000, 4.3612
 0.2255, 0.1500, 3.1681, 3.1415, 0.0706, 0.2659,-4.6799
 0.2260, 0.1500, 3.1681, 3.1415, 0.0505, 0.0531,-0.4445
 0.2262, 0.1500, 3.1681, 3.1415, 0.0282, 0.0106, 0.6120
 0.2263, 0.1500, 3.1681, 3.1415, 0.0177, 0.0021, 0.2718
 0.2266, 0.1500, 3.1681, 3.1415, 0.0278, 0.0004, 1.3554
 0.2267, 0.1500, 3.1681, 3.1415, 0.0116, 0.0000,-0.1128
 0.2267, 0.1500, 3.1681, 3.1415, 0.0023, 0.0000,-0.9702
 0.2267, 0.1500, 3.1681, 3.1415, 0.0004, 0.0000,-1.1417
 0.2266, 0.1500, 3.1681, 3.1415,-0.0059, 0.0000,-1.7458
 0.2263, 0.1500, 3.1681, 3.1415,-0.0254, 0.0000,-3.5819
 0.2258, 0.1500, 3.1648, 3.1415,-0.0475,-0.2659, 4.6799
 0.2257, 0.1500, 3.1615, 3.1415,-0.0216,-0.3191, 4.6799
 0.2257, 0.1500, 3.1615, 3.1415, 0.0017,-0.0638, 4.6799
 0.2259, 0.1500, 3.1615, 3.1415, 0.0124,-0.0127, 3.0319
 0.2260, 0.1500, 3.1615, 3.1415, 0.0146,-0.0025, 2.5039
 0.2264, 0.1500, 3.1648, 3.1415, 0.0332, 0.2654,-4.6799
 0.2267, 0.1500, 3.1648, 3.1415, 0.0309, 0.0530,-1.0709
 0.2267, 0.1500, 3.1648, 3.1415, 0.0061, 0.0106,-0.2756
 0.2265, 0.1500, 3.1648, 3.1415,-0.0169, 0.0021,-1.8259
 0.2263, 0.1500, 3.1615, 3.1415,-0.0215,-0.2655, 4.6799
 0.2263, 0.1500, 3.1615, 3.1415,-0.0043,-0.0531, 4.4457
 0.2263, 0.1500, 3.1615, 3.1415, 0.0051,-0.0106, 2.2471
 0.2265, 0.1500, 3.1615, 3.1415, 0.0131,-0.0021, 2.3833
 0.2268, 0.1500, 3.1615, 3.1415, 0.0268,-0.0004, 3.5621
 0.2274, 0.1500, 3.1648, 3.1415, 0.0538, 0.2658,-4.6799
 0.2277, 0.1500, 3.1648, 3.1415, 0.0350, 0.0531,-0.5959
 0.2276, 0.1500, 3.1648, 3.1415, 0.0009, 0.0106,-0.6717
 0.2275, 0.1500, 3.1648, 3.1415,-0.0119, 0.0021,-1.2625
 0.2273, 0.1500, 3.1648, 3.1415,-0.0205, 0.0004,-1.9627
 0.2268, 0.1500, 3.1615, 3.1415,-0.0404,-0.2658, 4.6799
 0.2267, 0.1500, 3.1582, 3.1415,-0.0141,-0.3191, 4.6799
 0.2268, 0.1500, 3.1582, 3.1415, 0.0032,-0.0638, 4.6799
 0.2272, 0.1500, 3.1582, 3.1415, 0.0309,-0.0127, 4.6799
 0.2277, 0.1500, 3.1615, 3.1415, 0.0486, 0.2634,-4.6799
 0.2278, 0.1500, 3.1615, 3.1415, 0.0157, 0.0526,-1.2289
 0.2279, 0.1500, 3.1615, 3.1415, 0.0152, 0.0105, 1.8032
 0.2281, 0.1500, 3.1615, 3.1415, 0.0151, 0.0021, 2.4217
 0.2282, 0.1500, 3.1615, 3.1415, 0.0091, 0.0004, 1.9879
 0.2283, 0.1500, 3.1615, 3.1415, 0.0139, 0.0000, 2.4768
 0.2285, 0.1500, 3.1615, 3.1415, 0.0149, 0.0000, 2.5869
 0.2288,-0.1500, 3.1615, 3.1415, 0.0333, 0.0000, 4.6799
 0.2295,-0.1500, 3.1648, 3.1415, 0.0612, 0.2659, 4.6799
 0.2303,-0.1500, 3.1648, 3.1415, 0.0728, 0.0531, 4.6799
 0.2312,-0.1500, 3.1681, 3.1415, 0.0873, 0.2765, 4.6799
 0.2324,-0.1500, 3.1715, 3.1415, 0.1144, 0.3212, 4.6799
 0.2339,-0.1500, 3.1781, 3.1415, 0.1441, 0.5961,-3.7625
 0.2351,-0.1500, 3.1814, 3.1415, 0.1258, 0.3851, 4.6799
 0.2366,-0.1500, 3.1881, 3.1415, 0.1464, 0.6089,-4.6799
 0.2376,-0.1500, 3.1914, 3.1415, 0.1020, 0.3877, 3.4178
 0.2390,-0.1500, 3.1947, 3.1415, 0.1356, 0.3435, 4.6799
 0.2403,-0.1500, 3.1981, 3.1415, 0.1301, 0.3346, 4.6799
 0.2417,-0.1500, 3.2047, 3.1415, 0.1351, 0.5988,-4.6799
 0.2429,-0.1500, 3.2080, 3.1415, 0.1240, 0.3857, 0.5971
 0.2442,-0.1500, 3.2147, 3.1415, 0.1278, 0.6090,-4.6799
 0.2451,-0.1500, 3.2180, 3.1415, 0.1044, 0.3877,-4.4695
 0.2457,-0.1500, 3.2213, 3.1415, 0.0693, 0.3435,-4.6799
 0.2460,-0.1500, 3.2213, 3.1415, 0.0320, 0.0687, 4.6799
 0.2463,-0.1500, 3.2247, 3.1415, 0.0367, 0.2796,-4.6799
 0.2463,-0.1500, 3.2247, 3.1415, 0.0012, 0.0559, 4.6799
 0.2463,-0.1500, 3.2280, 3.1415, 0.0063, 0.2771,-4.6799
 0.2461,-0.1500, 3.2280, 3.1415,-0.0169, 0.0554, 4.6799
 0.2463,-0.1500, 3.2313, 3.1415, 0.0087, 0.2770,-4.6799
 0.2462,-0.1500, 3.2313, 3.1415,-0.0043, 0.0554, 4.6799
 0.2462,-0.1500, 3.2346, 3.1415,-0.0008, 0.2770,-4.6799
 0.2460,-0.1500, 3.2346, 3.1415,-0.0183, 0.0554, 2.8556
 0.2460,-0.1500, 3.2380, 3.1415, 0.0023, 0.2770,-4.6799
 0.2459,-0.1500, 3.2413, 3.1415,-0.0116, 0.3213,-4.6799
 0.2455,-0.1500, 3.2446, 3.1415,-0.0326, 0.3301,-4.6799
 0.2448,-0.1500, 3.2446, 3.1415,-0.0610, 0.0660,-4.6799
 0.2441,-0.1500, 3.2446, 3.1415,-0.0728, 0.0132,-2.6412
 0.2430,-0.1500, 3.2446, 3.1415,-0.0994, 0.0026,-4.4458
 0.2418,-0.1500, 3.2446, 3.1415,-0.1169, 0.0005,-4.6799
 0.2404,-0.1500, 3.2446, 3.1415,-0.1385, 0.0001,-4.6799
 0.2388,-0.1500, 3.2446, 3.1415,-0.1550, 0.0000,-4.6799
 0.2372,-0.1500, 3.2446, 3.1415,-0.1583, 0.0000,-4.6799
 0.2354,-0.1500, 3.2446, 3.1415,-0.1771, 0.0000,-4.6799
 0.2334,-0.1500, 3.2413, 3.1415,-0.1930,-0.2659, 4.6799
 0.2319,-0.1500, 3.2413, 3.1415,-0.1538,-0.0531,-4.6799
 0.2301,-0.1500, 3.2413, 3.1415,-0.1823,-0.0106,-4.6799
 0.2282,-0.1500, 3.2413, 3.1415,-0.1819,-0.0021,-4.6799
 0.2261,-0.1500, 3.2413, 3.1415,-0.2061,-0.0004,-4.6799
 0.2239,-0.1500, 3.2413, 3.1415,-0.2170,-0.0000,-4.6799
 0.2216,-0.1500, 3.2380, 3.1415,-0.2313,-0.2659, 2.9213
 0.2194,-0.1500, 3.2380, 3.1415,-0.2160,-0.0531,-4.6799
 0.2172,-0.1500, 3.2380, 3.1415,-0.2251,-0.0106,-4.6799
 0.2150,-0.1500, 3.2380, 3.1415,-0.2208,-0.0021,-4.6799
 0.2126,-0.1500, 3.2380, 3.1415,-0.2321,-0.0004,-4.6799
 0.2103,-0.1500, 3.2380, 3.1415,-0.2343,-0.0000,-4.6799
 0.2077,-0.1500, 3.2380, 3.1415,-0.2530,-0.0000,-4.6799
 0.2048,-0.1500, 3.2346, 3.1415,-0.2810,-0.2659,-2.2490
 0.2020,-0.1500, 3.2346, 3.1415,-0.2805,-0.0531,-4.6799
 0.1991,-0.1500, 3.2346, 3.1415,-0.2925,-0.0106,-4.6799
 0.1959,-0.1500, 3.2313, 3.1415,-0.3071,-0.2680,-4.2936
 0.1928,-0.1500, 3.2313, 3.1415,-0.3160,-0.0536,-4.6799
 0.1894,-0.1500, 3.2313, 3.1415,-0.3300,-0.0107,-4.6799
 0.1861,-0.1500, 3.2280, 3.1415,-0.3327,-0.2681,-4.6799
 0.1826,-0.1500, 3.2247, 3.1415,-0.3454,-0.3195,-3.2252
 0.1790,-0.1500, 3.2247, 3.1415,-0.3601,-0.0639,-4.6799
 0.1753,-0.1500, 3.2213, 3.1415,-0.3630,-0.2787,-4.6799
 0.1715,-0.1500, 3.2213, 3.1415,-0.3757,-0.0557,-4.6799
 0.1677,-0.1500, 3.2180, 3.1415,-0.3843,-0.2771,-4.6799
 0.1637,-0.1500, 3.2147, 3.1415,-0.3982,-0.3213,-4.6799
 0.1595,-0.1500, 3.2114, 3.1415,-0.4131,-0.3302,-4.6799
 0.1553,-0.1500, 3.2080, 3.1415,-0.4161,-0.3320,-4.6799
 0.1509,-0.1500, 3.2047, 3.1415,-0.4348,-0.3323,-4.6799
 0.1464,-0.1500, 3.2014, 3.1415,-0.4507,-0.3323,-4.6799
 0.1418,-0.1500, 3.1947, 3.1415,-0.4600,-0.5984, 4.6799
 0.1376,-0.1500, 3.1914, 3.1415,-0.4254,-0.3856, 0.7330
 0.1336,-0.1500, 3.1881, 3.1415,-0.4003,-0.3430, 0.6801
 0.1299,-0.1500, 3.1881, 3.1415,-0.3771,-0.0686,-4.6799
 0.1263,-0.1500, 3.1881, 3.1415,-0.3664,-0.0137,-4.6799
 0.1227,-0.1500, 3.1881, 3.1415,-0.3582,-0.0027,-4.6799
 0.1190,-0.1500, 3.1881, 3.1415,-0.3687,-0.0005,-4.6799
 0.1152,-0.1500, 3.1881, 3.1415,-0.3829,-0.0001,-4.6799
 0.1111,-0.1500, 3.1848, 3.1415,-0.4040,-0.2659,-4.6799
 0.1069,-0.1500, 3.1848, 3.1415,-0.4142,-0.0531,-4.6799
 0.1027,-0.1500, 3.1814, 3.1415,-0.4163,-0.2765,-4.6799
 0.0983,-0.1500, 3.1781, 3.1415,-0.4349,-0.3212,-4.3180
 0.0938,-0.1500, 3.1781, 3.1415,-0.4507,-0.0642,-4.6799
 0.0892,-0.1500, 3.1748, 3.1415,-0.4600,-0.2788,-4.6799
 0.0845,-0.1500, 3.1715, 3.1415,-0.4679,-0.3217,-4.6799
 0.0797,-0.1500, 3.1648, 3.1415,-0.4755,-0.5962, 4.6799
 0.0754,-0.1500, 3.1615, 3.1415,-0.4407,-0.3851, 3.0342
 0.0712,-0.1500, 3.1615, 3.1415,-0.4216,-0.0770,-4.6799
 0.0670,-0.1500, 3.1582, 3.1415,-0.4238,-0.2813,-2.6845
 0.0629,-0.1500, 3.1582, 3.1415,-0.4061,-0.0562,-4.6799
 0.0590,-0.1500, 3.1582, 3.1415,-0.3965,-0.0112,-4.6799
 0.0547,-0.1500, 3.1548, 3.1415,-0.4188,-0.2682,-3.2880
 0.0504,-0.1500, 3.1548, 3.1415,-0.4293,-0.0536,-4.6799
 0.0461,-0.1500, 3.1515, 3.1415,-0.4314,-0.2766,-3.5995
 0.0416,-0.1500, 3.1482, 3.1415,-0.4500,-0.3212,-1.4291
 0.0372,-0.1500, 3.1449, 3.1415,-0.4356,-0.3302, 1.2366
 0.0331,-0.1500, 3.1415, 3.1415,-0.4206,-0.3319, 3.4470
 0.0290,-0.1500, 3.1415, 3.1415,-0.4115,-0.0663,-4.6799
 0.0252,-0.1500, 3.1415, 3.1415,-0.3854,-0.0132,-4.6799
 0.0214,-0.1500, 3.1415, 3.1415,-0.3802,-0.0026,-4.6799
 0.0175,-0.1500, 3.1382, 3.1415,-0.3913,-0.2664, 0.9467
 0.0139,-0.1500, 3.1382, 3.1415,-0.3632,-0.0532,-4.6799
 0.0100,-0.1500, 3.1382, 3.1415,-0.3818,-0.0106,-4.6799
 0.0062,-0.1500, 3.1382, 3.1415,-0.3795,-0.0021,-4.6799
 0.0025,-0.1500, 3.1349, 3.1415,-0.3730,-0.2663, 2.2536
-0.0010,-0.1500, 3.1349, 3.1415,-0.3656,-0.0532,-4.6799
-0.0046,-0.1500, 3.1349, 3.1415,-0.3581,-0.0106,-4.6799
-0.0082,-0.1500, 3.1349, 3.1415,-0.3626,-0.0021,-4.6799
-0.0121,-0.1500, 3.1349, 3.1415,-0.3817,-0.0004,-4.6799
-0.0159,-0.1500, 3.1316, 3.1415,-0.3795,-0.2660, 0.8824
-0.0195,-0.1500, 3.1316, 3.1415,-0.3669,-0.0532,-4.6799
-0.0234,-0.1500, 3.1282, 3.1415,-0.3826,-0.2766, 1.7212
-0.0267,-0.1500, 3.1282, 3.1415,-0.3433,-0.0553,-4.6799
-0.0303,-0.1500, 3.1282, 3.1415,-0.3536,-0.0110,-4.6799
-0.0337,-0.1500, 3.1282, 3.1415,-0.3435,-0.0022,-4.6799
-0.0372,-0.1500, 3.1249, 3.1415,-0.3536,-0.2664, 3.3826
-0.0406,-0.1500, 3.1249, 3.1415,-0.3375,-0.0532,-4.6799
-0.0441,-0.1500, 3.1249, 3.1415,-0.3464,-0.0106,-4.6799
-0.0474,-0.1500, 3.1216, 3.1415,-0.3360,-0.2680, 4.6799
-0.0504,-0.1500, 3.1216, 3.1415,-0.3036,-0.0536,-4.6799
-0.0537,-0.1500, 3.1216, 3.1415,-0.3275,-0.0107,-4.6799
-0.0570,-0.1500, 3.1216, 3.1415,-0.3322,-0.0021,-4.6799
-0.0604,-0.1500, 3.1183, 3.1415,-0.3332,-0.2663, 4.6799
-0.0631,-0.1500, 3.1183, 3.1415,-0.2849,-0.0532,-4.6799
-0.0663,-0.1500, 3.1183, 3.1415,-0.3116,-0.0106,-4.6799
-0.0696,-0.1500, 3.1149, 3.1415,-0.3291,-0.2680, 4.6799
-0.0726,-0.1500, 3.1149, 3.1415,-0.3083,-0.0536,-4.6799
-0.0754,-0.1500, 3.1149, 3.1415,-0.2860,-0.0107,-4.6799
-0.0783,-0.1500, 3.1149, 3.1415,-0.2876,-0.0021,-4.6799
-0.0814,-0.1500, 3.1116, 3.1415,-0.3061,-0.2663, 4.6799
-0.0841,-0.1500, 3.1116, 3.1415,-0.2734,-0.0532,-4.6799
-0.0870,-0.1500, 3.1116, 3.1415,-0.2850,-0.0106,-4.6799
-0.0899,-0.1500, 3.1083, 3.1415,-0.2934,-0.2680, 4.6799
-0.0926,-0.1500, 3.1083, 3.1415,-0.2709,-0.0536,-4.4060
-0.0951,-0.1500, 3.1083, 3.1415,-0.2603,-0.0107,-4.6799
-0.0976,-0.1500, 3.1083, 3.1415,-0.2521,-0.0021,-4.6799
-0.1005,-0.1500, 3.1050, 3.1415,-0.2747,-0.2663, 4.6799
-0.1030,-0.1500, 3.1050, 3.1415,-0.2550,-0.0532,-2.8899
-0.1055,-0.1500, 3.1050, 3.1415,-0.2571,-0.0106,-4.6799
-0.1081,-0.1500, 3.1016, 3.1415,-0.2575,-0.2680, 4.6799
-0.1103,-0.1500, 3.1016, 3.1415,-0.2273,-0.0536, 0.0745
-0.1122,-0.1500, 3.1016, 3.1415,-0.1970,-0.0107,-0.4237
-0.1141,-0.1500, 3.1016, 3.1415,-0.1909,-0.0021,-0.6750
-0.1159,-0.1500, 3.1016, 3.1415,-0.1837,-0.0004,-0.3070
-0.1177,-0.1500, 3.1016, 3.1415,-0.1822,-0.0000,-0.3790
-0.1193,-0.1500, 3.1050, 3.1415,-0.1637, 0.2659,-4.6799
-0.1211,-0.1500, 3.1050, 3.1415,-0.1782, 0.0531,-4.6799
-0.1230,-0.1500, 3.1050, 3.1415,-0.1872, 0.0106,-3.2580
-0.1252,-0.1500, 3.1016, 3.1415,-0.2072,-0.2638, 4.6799
-0.1268,-0.1500, 3.1016, 3.1415,-0.1687,-0.0527, 3.7994
-0.1283,-0.1500, 3.1016, 3.1415,-0.1550,-0.0105, 1.8543
-0.1296,-0.1500, 3.1016, 3.1415,-0.1340,-0.0021, 3.0534
-0.1303,-0.1500, 3.1016, 3.1415,-0.0874,-0.0004, 4.6799
-0.1307,-0.1500, 3.1050, 3.1415,-0.0478, 0.2658,-4.6799
-0.1311,-0.1500, 3.1116, 3.1415,-0.0398, 0.5850,-4.6799
-0.1314,-0.1500, 3.1149, 3.1415,-0.0322, 0.3829,-4.6799
-0.1319,-0.1500, 3.1149, 3.1415,-0.0488, 0.0765, 0.5650
-0.1322,-0.1500, 3.1183, 3.1415,-0.0340, 0.2812,-4.6799
-0.1325,-0.1500, 3.1216, 3.1415,-0.0310, 0.3222,-4.6799
-0.1330,-0.1500, 3.1249, 3.1415,-0.0486, 0.3303,-4.6799
-0.1336,-0.1500, 3.1249, 3.1415,-0.0582, 0.0660,-3.0348
-0.1344,-0.1500, 3.1282, 3.1415,-0.0722, 0.2791,-4.6799
-0.1351,-0.1500, 3.1282, 3.1415,-0.0690, 0.0558,-4.5422
-0.1364,-0.1500, 3.1282, 3.1415,-0.1168, 0.0111,-4.6799
-0.1376,-0.1500, 3.1282, 3.1415,-0.1203, 0.0022,-4.6799
-0.1392,-0.1500, 3.1249, 3.1415,-0.1514,-0.2655, 4.6799
-0.1402,-0.1500, 3.1216, 3.1415,-0.1091,-0.3190, 4.6799
-0.1411,-0.1500, 3.1216, 3.1415,-0.0945,-0.0638, 3.4030
-0.1418,-0.1500, 3.1216, 3.1415,-0.0795,-0.0127, 1.0098
-0.1418,-0.1500, 3.1249, 3.1415,-0.0159, 0.2633,-4.6799
-0.1420,-0.1500, 3.1282, 3.1415,-0.0153, 0.3186,-4.6799
-0.1422,-0.1500, 3.1282, 3.1415,-0.0212, 0.0637,-1.3988
-0.1428,-0.1500, 3.1282, 3.1415,-0.0527, 0.0127,-0.6742
-0.1434,-0.1500, 3.1282, 3.1415,-0.0590, 0.0025,-0.5777
-0.1441,-0.1500, 3.1282, 3.1415,-0.0663, 0.0005,-1.1768
-0.1449,-0.1500, 3.1282, 3.1415,-0.0799, 0.0001,-2.4907
-0.1457,-0.1500, 3.1282, 3.1415,-0.0766, 0.0000,-2.2504
-0.1468,-0.1500, 3.1282, 3.1415,-0.1002, 0.0000,-4.5420
-0.1476,-0.1500, 3.1249, 3.1415,-0.0867,-0.2659, 4.6799
-0.1484,-0.1500, 3.1249, 3.1415,-0.0840,-0.0531, 1.7653
-0.1490,-0.1500, 3.1249, 3.1415,-0.0592,-0.0106, 0.9172
-0.1491,-0.1500, 3.1249, 3.1415,-0.0239,-0.0021, 3.5542
-0.1490,-0.1500, 3.1249, 3.1415, 0.0012,-0.0004, 4.6799
-0.1487,-0.1500, 3.1282, 3.1415, 0.0245, 0.2658,-4.6799
-0.1485,-0.1500, 3.1282, 3.1415, 0.0230, 0.0531, 2.8507
-0.1483,-0.1500, 3.1316, 3.1415, 0.0228, 0.2765,-4.6799
-0.1482,-0.1500, 3.1316, 3.1415, 0.0106, 0.0553, 0.4617
-0.1480,-0.1500, 3.1316, 3.1415, 0.0142, 0.0110, 4.0303
-0.1479,-0.1500, 3.1349, 3.1415, 0.0149, 0.2681,-4.6799
-0.1479,-0.1500, 3.1349, 3.1415, 0.0029, 0.0536,-1.2003
-0.1480,-0.1500, 3.1349, 3.1415,-0.0115, 0.0107, 0.5570
-0.1480,-0.1500, 3.1349, 3.1415,-0.0023, 0.0021, 2.0359
-0.1479,-0.1500, 3.1349, 3.1415, 0.0116, 0.0004, 3.4713
-0.1477,-0.1500, 3.1349, 3.1415, 0.0144, 0.0000, 3.7705
-0.1474,-0.1500, 3.1382, 3.1415, 0.0332, 0.2659,-4.6799
-0.1472,-0.1500, 3.1382, 3.1415, 0.0187, 0.0531,-0.7457
-0.1471,-0.1500, 3.1382, 3.1415, 0.0098, 0.0106, 1.5256
-0.1471,-0.1500, 3.1382, 3.1415, 0.0019, 0.0021, 1.4162
-0.1471,-0.1500, 3.1382, 3.1415, 0.0064, 0.0004, 1.9641
-0.1468,-0.1500, 3.1382, 3.1415, 0.0194, 0.0000, 3.2193
-0.1465,-0.1500, 3.1382, 3.1415, 0.0342, 0.0000, 4.6281
-0.1460,-0.1500, 3.1415, 3.1415, 0.0432, 0.2659,-4.6799
-0.1458,-0.1500, 3.1415, 3.1415, 0.0268, 0.0531,-0.9613
-0.1456,-0.1500, 3.1415, 3.1415, 0.0174, 0.0106, 1.2812
-0.1455,-0.1500, 3.1415, 3.1415, 0.0095, 0.0021, 1.1723
-0.1454,-0.1500, 3.1415, 3.1415, 0.0140, 0.0004, 1.7262
-0.1452,-0.1500, 3.1415, 3.1415, 0.0149, 0.0000, 1.8492
-0.1451,-0.1500, 3.1415, 3.1415, 0.0151, 0.0000, 1.8859
-0.1448,-0.1500, 3.1415, 3.1415, 0.0272, 0.0000, 3.0449
-0.1443,-0.1500, 3.1415, 3.1415, 0.0478, 0.0000, 4.6799
-0.1437,-0.1500, 3.1415, 3.1415, 0.0580, 0.0000, 4.6799
-0.1430,-0.1500, 3.1449, 3.1415, 0.0661, 0.2659,-4.6799
-0.1425,-0.1500, 3.1449, 3.1415, 0.0496, 0.0531, 0.3699
-0.1418,-0.1500, 3.1449, 3.1415, 0.0644, 0.0106, 4.6799
-0.1413,-0.1500, 3.1449, 3.1415, 0.0553, 0.0021, 4.6799
-0.1406,-0.1500, 3.1449, 3.1415, 0.0656, 0.0004, 4.6799
-0.1399,-0.1500, 3.1482, 3.1415, 0.0737, 0.2660,-4.6799
-0.1393,-0.1500, 3.1482, 3.1415, 0.0632, 0.0532, 0.8511
-0.1386,-0.1500, 3.1515, 3.1415, 0.0672, 0.2766,-4.6799
-0.1383,-0.1500, 3.1515, 3.1415, 0.0376, 0.0553,-2.6815
-0.1383,-0.1500, 3.1482, 3.1415, 0.0014,-0.2548, 4.6799
-0.1383,-0.1500, 3.1482, 3.1415, 0.0063,-0.0509, 3.2484
-0.1380,-0.1500, 3.1449, 3.1415, 0.0255,-0.2761, 4.6799
-0.1377,-0.1500, 3.1449, 3.1415, 0.0293,-0.0552, 4.6799
-0.1370,-0.1500, 3.1449, 3.1415, 0.0604,-0.0110, 4.6799
-0.1361,-0.1500, 3.1449, 3.1415, 0.0787,-0.0022, 4.6799
-0.1350,-0.1500, 3.1482, 3.1415, 0.1067, 0.2655,-4.6799
-0.1343,-0.1500, 3.1482, 3.1415, 0.0819, 0.0531, 3.0944
-0.1332,-0.1500, 3.1515, 3.1415, 0.1012, 0.2765,-4.6799
-0.1326,-0.1500, 3.1515, 3.1415, 0.0687, 0.0553, 0.7676
-0.1318,-0.1500, 3.1515, 3.1415, 0.0804, 0.0110, 4.6799
-0.1310,-0.1500, 3.1515, 3.1415, 0.0767, 0.0022, 4.6799
-0.1302,-0.1500, 3.1515, 3.1415, 0.0820, 0.0004, 4.6799
-0.1290,-0.1500, 3.1548, 3.1415, 0.1073, 0.2660,-4.6799
-0.1281,-0.1500, 3.1548, 3.1415, 0.0942, 0.0532, 2.6216
-0.1271,-0.1500, 3.1582, 3.1415, 0.0976, 0.2766,-4.6799
-0.1264,-0.1500, 3.1582, 3.1415, 0.0741, 0.0553,-0.3390
-0.1261,-0.1500, 3.1582, 3.1415, 0.0390, 0.0110,-0.3392
-0.1260,-0.1500, 3.1548, 3.1415, 0.0199,-0.2637, 4.6799
-0.1260,-0.1500, 3.1548, 3.1415, 0.0039,-0.0527, 2.1697
-0.1258,-0.1500, 3.1515, 3.1415, 0.0189,-0.2765, 4.6799
-0.1255,-0.1500, 3.1515, 3.1415, 0.0219,-0.0553, 4.6799
-0.1252,-0.1500, 3.1482, 3.1415, 0.0286,-0.2770, 4.6799
-0.1246,-0.1500, 3.1482, 3.1415, 0.0603,-0.0554, 4.6799
-0.1238,-0.1500, 3.1482, 3.1415, 0.0726,-0.0110, 4.6799
-0.1230,-0.1500, 3.1482, 3.1415, 0.0751,-0.0022, 4.6799
-0.1221,-0.1500, 3.1482, 3.1415, 0.0938,-0.0004, 4.6799
-0.1208,-0.1500, 3.1515, 3.1415, 0.1157, 0.2658,-4.6799
-0.1200,-0.1500, 3.1515, 3.1415, 0.0898, 0.0531, 4.1370
-0.1189,-0.1500, 3.1515, 3.1415, 0.1028, 0.0106, 4.6799
-0.1180,-0.1500, 3.1515, 3.1415, 0.0993, 0.0021, 4.6799
-0.1168,-0.1500, 3.1548, 3.1415, 0.1108, 0.2663,-4.6799
-0.1159,-0.1500, 3.1548, 3.1415, 0.0949, 0.0532, 3.9014
-0.1149,-0.1500, 3.1548, 3.1415, 0.1038, 0.0106, 4.6799
-0.1136,-0.1500, 3.1548, 3.1415, 0.1177, 0.0021, 4.6799
-0.1121,-0.1500, 3.1582, 3.1415, 0.1448, 0.2663,-4.6799
-0.1111,-0.1500, 3.1582, 3.1415, 0.1077, 0.0532, 4.4637
-0.1098,-0.1500, 3.1615, 3.1415, 0.1246, 0.2766,-4.6799
-0.1089,-0.1500, 3.1615, 3.1415, 0.0976, 0.0553, 2.4904
-0.1078,-0.1500, 3.1615, 3.1415, 0.1104, 0.0110, 4.6799
-0.1068,-0.1500, 3.1615, 3.1415, 0.1009, 0.0022, 4.6799
-0.1060,-0.1500, 3.1615, 3.1415, 0.0868, 0.0004, 4.6799
-0.1047,-0.1500, 3.1648, 3.1415, 0.1204, 0.2660,-4.6799
-0.1038,-0.1500, 3.1648, 3.1415, 0.0968, 0.0532, 1.9745
-0.1027,-0.1500, 3.1648, 3.1415, 0.1042, 0.0106, 4.6799
-0.1018,-0.1500, 3.1648, 3.1415, 0.0936, 0.0021, 4.6799
-0.1008,-0.1500, 3.1648, 3.1415, 0.0975, 0.0004, 4.6799
-0.0994,-0.1500, 3.1648, 3.1415, 0.1347, 0.0000, 4.6799
-0.0980,-0.1500, 3.1681, 3.1415, 0.1360, 0.2659,-4.6799
-0.0969,-0.1500, 3.1715, 3.1415, 0.1181, 0.3191,-4.6799
-0.0959,-0.1500, 3.1715, 3.1415, 0.1024, 0.0638, 0.2950
-0.0951,-0.1500, 3.1715, 3.1415, 0.0871, 0.0127, 2.6749
-0.0942,-0.1500, 3.1715, 3.1415, 0.0841, 0.0025, 3.2176
-0.0933,-0.1500, 3.1715, 3.1415, 0.0895, 0.0005, 3.9626
-0.0923,-0.1500, 3.1715, 3.1415, 0.0967, 0.0001, 4.6799
-0.0909,-0.1500, 3.1715, 3.1415, 0.1345, 0.0000, 4.6799
-0.0894,-0.1500, 3.1748, 3.1415, 0.1481, 0.2659,-4.6799
-0.0882,-0.1500, 3.1781, 3.1415, 0.1266, 0.3191,-4.6799
-0.0872,-0.1500, 3.1781, 3.1415, 0.1041, 0.0638,-0.8917
-0.0865,-0.1500, 3.1781, 3.1415, 0.0754, 0.0127, 0.2229
-0.0858,-0.1500, 3.1781, 3.1415, 0.0696, 0.0025, 0.5004
-0.0854,-0.1500, 3.1781, 3.1415, 0.0503, 0.0005,-1.0987
-0.0852,-0.1500, 3.1748, 3.1415, 0.0221,-0.2658, 4.6799
-0.0848,-0.1500, 3.1748, 3.1415, 0.0347,-0.0531, 2.5224
-0.0845,-0.1500, 3.1715, 3.1415, 0.0372,-0.2765, 4.6799
-0.0839,-0.1500, 3.1715, 3.1415, 0.0498,-0.0553, 4.6799
-0.0833,-0.1500, 3.1715, 3.1415, 0.0584,-0.0110, 2.9208
-0.0826,-0.1500, 3.1715, 3.1415, 0.0662,-0.0022, 3.0670
-0.0817,-0.1500, 3.1715, 3.1415, 0.0860,-0.0004, 4.6799
-0.0806,-0.1500, 3.1715, 3.1415, 0.1081,-0.0000, 4.6799
-0.0795,-0.1500, 3.1748, 3.1415, 0.1125, 0.2659,-4.6799
-0.0786,-0.1500, 3.1781, 3.1415, 0.0892, 0.3191,-4.6799
-0.0779,-0.1500, 3.1781, 3.1415, 0.0724, 0.0638,-2.9100
-0.0777,-0.1500, 3.1748, 3.1415, 0.0326,-0.2531, 4.6799
-0.0774,-0.1500, 3.1748, 3.1415, 0.0307,-0.0506, 2.7132
-0.0772,-0.1500, 3.1715, 3.1415, 0.0243,-0.2760, 4.6799
-0.0767,-0.1500, 3.1715, 3.1415, 0.0473,-0.0552, 4.6799
-0.0757,-0.1500, 3.1715, 3.1415, 0.0822,-0.0110, 4.6799
-0.0747,-0.1500, 3.1748, 3.1415, 0.1013, 0.2637,-4.6799
-0.0741,-0.1500, 3.1748, 3.1415, 0.0687, 0.0527,-0.9477
-0.0735,-0.1500, 3.1748, 3.1415, 0.0622, 0.0105, 1.5771
-0.0729,-0.1500, 3.1748, 3.1415, 0.0609, 0.0021, 2.1305
-0.0723,-0.1500, 3.1748, 3.1415, 0.0606, 0.0004, 2.2897
-0.0715,-0.1500, 3.1748, 3.1415, 0.0727, 0.0000, 3.5096
-0.0710,-0.1500, 3.1781, 3.1415, 0.0569, 0.2659,-4.6799
-0.0704,-0.1500, 3.1781, 3.1415, 0.0599, 0.0531,-2.5385
-0.0699,-0.1500, 3.1781, 3.1415, 0.0483, 0.0106,-0.4696
-0.0699,-0.1500, 3.1748, 3.1415, 0.0096,-0.2638, 4.6799
-0.0698,-0.1500, 3.1748, 3.1415, 0.0079,-0.0527, 1.5126
-0.0697,-0.1500, 3.1748, 3.1415, 0.0137,-0.0105,-1.0099
-0.0697,-0.1500, 3.1715, 3.1415, 0.0027,-0.2680, 4.6799
-0.0695,-0.1500, 3.1715, 3.1415, 0.0187,-0.0536, 3.7159
-0.0692,-0.1500, 3.1715, 3.1415, 0.0219,-0.0107, 0.9170
-0.0690,-0.1500, 3.1715, 3.1415, 0.0225,-0.0021, 0.3754
-0.0685,-0.1500, 3.1715, 3.1415, 0.0469,-0.0004, 2.5644
-0.0681,-0.1500, 3.1715, 3.1415, 0.0397,-0.0000, 1.9050
-0.0677,-0.1500, 3.1715, 3.1415, 0.0382,-0.0000, 1.8035
-0.0670,-0.1500, 3.1715, 3.1415, 0.0622,-0.0000, 4.0926
-0.0664,-0.1500, 3.1715, 3.1415, 0.0609,-0.0000, 4.0352
-0.0658,-0.1500, 3.1715, 3.1415, 0.0606,-0.0000, 4.0723
-0.0648,-0.1500, 3.1748, 3.1415, 0.0970, 0.2659,-4.6799
-0.0641,-0.1500, 3.1748, 3.1415, 0.0679, 0.0531,-0.0667
-0.0638,-0.1500, 3.1748, 3.1415, 0.0438, 0.0106, 0.8382
-0.0634,-0.1500, 3.1748, 3.1415, 0.0390, 0.0021, 1.0496
-0.0632,-0.1500, 3.1748, 3.1415, 0.0199, 0.0004,-0.5871
-0.0631,-0.1500, 3.1748, 3.1415, 0.0161, 0.0000,-0.9023
-0.0632,-0.1500, 3.1748, 3.1415,-0.0089, 0.0000,-3.2323
-0.0635,-0.1500, 3.1715, 3.1415,-0.0199,-0.2659, 4.6799
-0.0634,-0.1500, 3.1715, 3.1415, 0.0020,-0.0531, 2.7458
-0.0634,-0.1500, 3.1681, 3.1415, 0.0004,-0.2765, 4.6799
-0.0632,-0.1500, 3.1681, 3.1415, 0.0122,-0.0553, 4.6799
-0.0628,-0.1500, 3.1681, 3.1415, 0.0388,-0.0110, 4.2591
-0.0620,-0.1500, 3.1681, 3.1415, 0.0683,-0.0022, 4.6799
-0.0613,-0.1500, 3.1715, 3.1415, 0.0682, 0.2654,-4.6799
-0.0608,-0.1500, 3.1748, 3.1415, 0.0560, 0.3190,-4.6799
-0.0607,-0.1500, 3.1748, 3.1415, 0.0233, 0.0638,-4.6224
-0.0607,-0.1500, 3.1715, 3.1415, 0.0046,-0.2531, 4.6799
-0.0606,-0.1500, 3.1715, 3.1415, 0.0069,-0.0506, 3.2976
-0.0605,-0.1500, 3.1715, 3.1415, 0.0074,-0.0101, 0.4032
-0.0604,-0.1500, 3.1715, 3.1415, 0.0075,-0.0020,-0.1695
-0.0604,-0.1500, 3.1715, 3.1415, 0.0075,-0.0004,-0.2780
-0.0603,-0.1500, 3.1715, 3.1415, 0.0075,-0.0000,-0.2936
-0.0604,-0.1500, 3.1681, 3.1415,-0.0106,-0.2659, 4.6799
-0.0604,-0.1500, 3.1681, 3.1415,-0.0021,-0.0531, 3.7604
-0.0603,-0.1500, 3.1681, 3.1415, 0.0117,-0.0106, 1.9638
-0.0600,-0.1500, 3.1681, 3.1415, 0.0265,-0.0021, 2.7561
-0.0595,-0.1500, 3.1681, 3.1415, 0.0416,-0.0004, 4.0784
-0.0588,-0.1500, 3.1681, 3.1415, 0.0629,-0.0000, 4.6799
-0.0580,-0.1500, 3.1715, 3.1415, 0.0792, 0.2659,-4.6799
-0.0574,-0.1500, 3.1748, 3.1415, 0.0643, 0.3191,-4.6799
-0.0569,-0.1500, 3.1748, 3.1415, 0.0492, 0.0638,-1.8501
-0.0569,-0.1500, 3.1748, 3.1415, 0.0098, 0.0127,-1.7912
-0.0570,-0.1500, 3.1748, 3.1415,-0.0040, 0.0025,-2.3492
-0.0573,-0.1500, 3.1715, 3.1415,-0.0250,-0.2654, 4.6799
-0.0572,-0.1500, 3.1715, 3.1415, 0.0010,-0.0530, 3.2578
-0.0570,-0.1500, 3.1715, 3.1415, 0.0183,-0.0106, 1.8016
-0.0567,-0.1500, 3.1715, 3.1415, 0.0279,-0.0021, 2.0983
-0.0563,-0.1500, 3.1715, 3.1415, 0.0359,-0.0004, 2.7516
-0.0557,-0.1500, 3.1748, 3.1415, 0.0617, 0.2658,-4.6799
-0.0552,-0.1500, 3.1748, 3.1415, 0.0487, 0.0531,-0.9497
-0.0551,-0.1500, 3.1781, 3.1415, 0.0218, 0.2765,-4.6799
-0.0551,-0.1500, 3.1781, 3.1415, 0.0043, 0.0553,-4.6799
-0.0554,-0.1500, 3.1748, 3.1415,-0.0233,-0.2548, 4.6799
-0.0554,-0.1500, 3.1748, 3.1415,-0.0046,-0.0509, 1.6553
-0.0552,-0.1500, 3.1748, 3.1415, 0.0111,-0.0101, 0.1767
-0.0552,-0.1500, 3.1748, 3.1415, 0.0022,-0.0020,-1.2464
-0.0551,-0.1500, 3.1748, 3.1415, 0.0065,-0.0004,-0.9612
-0.0551,-0.1500, 3.1748, 3.1415, 0.0013,-0.0000,-1.4679
-0.0554,-0.1500, 3.1748, 3.1415,-0.0179,-0.0000,-3.2785
-0.0555,-0.1500, 3.1748, 3.1415,-0.0157,-0.0000,-3.0891
-0.0560,-0.1500, 3.1748, 3.1415,-0.0455,-0.0000,-4.6799
-0.0565,-0.1500, 3.1715, 3.1415,-0.0454,-0.2659, 4.6799
-0.0566,-0.1500, 3.1715, 3.1415,-0.0212,-0.0531, 1.2605
-0.0566,-0.1500, 3.1681, 3.1415,-0.0042,-0.2765, 4.6799
-0.0565,-0.1500, 3.1715, 3.1415, 0.0112, 0.2106,-4.6799
-0.0564,-0.1500, 3.1715, 3.1415, 0.0083, 0.0421,-2.9068
-0.0564,-0.1500, 3.1715, 3.1415, 0.0016, 0.0084,-1.0739
-0.0566,-0.1500, 3.1715, 3.1415,-0.0117, 0.0016,-1.8469
-0.0568,-0.1500, 3.1715, 3.1415,-0.0205, 0.0003,-2.5834
-0.0572,-0.1500, 3.1715, 3.1415,-0.0404, 0.0000,-4.4582
-0.0578,-0.1500, 3.1681, 3.1415,-0.0505,-0.2659, 4.6799
-0.0579,-0.1500, 3.1681, 3.1415,-0.0222,-0.0531, 2.1453
-0.0579,-0.1500, 3.1681, 3.1415,-0.0044,-0.0106, 0.7013
-0.0579,-0.1500, 3.1681, 3.1415, 0.0051,-0.0021, 0.9823
-0.0576,-0.1500, 3.1681, 3.1415, 0.0252,-0.0004, 2.7538
-0.0569,-0.1500, 3.1715, 3.1415, 0.0535, 0.2658,-4.6799
-0.0567,-0.1500, 3.1748, 3.1415, 0.0289, 0.3191,-4.6799
-0.0567,-0.1500, 3.1748, 3.1415, 0.0057, 0.0638,-4.6799
-0.0571,-0.1500, 3.1748, 3.1415,-0.0291, 0.0127,-4.6799
-0.0576,-0.1500, 3.1748, 3.1415,-0.0422, 0.0025,-4.6799
-0.0581,-0.1500, 3.1715, 3.1415,-0.0508,-0.2654, 4.6799
-0.0586,-0.1500, 3.1715, 3.1415,-0.0526,-0.0530,-1.8548
-0.0593,-0.1500, 3.1681, 3.1415,-0.0650,-0.2765, 4.6799
-0.0594,-0.1500, 3.1681, 3.1415,-0.0190,-0.0553, 2.4482
-0.0592,-0.1500, 3.1681, 3.1415, 0.0083,-0.0110, 1.7862
-0.0590,-0.1500, 3.1715, 3.1415, 0.0198, 0.2637,-4.6799
-0.0589,-0.1500, 3.1715, 3.1415, 0.0100, 0.0527,-3.7701
-0.0591,-0.1500, 3.1715, 3.1415,-0.0161, 0.0105,-3.1559
-0.0594,-0.1500, 3.1715, 3.1415,-0.0214, 0.0021,-3.0513
-0.0598,-0.1500, 3.1715, 3.1415,-0.0406, 0.0004,-4.6799
-0.0607,-0.1500, 3.1715, 3.1415,-0.0808, 0.0000,-4.6799
-0.0617,-0.1500, 3.1681, 3.1415,-0.0950,-0.2659, 4.6799
-0.0624,-0.1500, 3.1648, 3.1415,-0.0735,-0.3191, 4.6799
-0.0628,-0.1500, 3.1648, 3.1415,-0.0450,-0.0638, 1.4281
-0.0629,-0.1500, 3.1648, 3.1415,-0.0211,-0.0127,-0.0835
-0.0631,-0.1500, 3.1648, 3.1415,-0.0163,-0.0025,-0.3979
-0.0632,-0.1500, 3.1648, 3.1415,-0.0093,-0.0005, 0.0967
-0.0630,-0.1500, 3.1648, 3.1415, 0.0102,-0.0001, 1.8989
-0.0629,-0.1500, 3.1681, 3.1415, 0.0081, 0.2659,-4.6799
-0.0632,-0.1500, 3.1681, 3.1415,-0.0165, 0.0531,-4.6799
-0.0635,-0.1500, 3.1681, 3.1415,-0.0275, 0.0106,-3.5423
-0.0639,-0.1500, 3.1681, 3.1415,-0.0418, 0.0021,-4.2974
-0.0645,-0.1500, 3.1681, 3.1415,-0.0568, 0.0004,-4.6799
-0.0654,-0.1500, 3.1648, 3.1415,-0.0841,-0.2658, 4.6799
-0.0660,-0.1500, 3.1615, 3.1415,-0.0653,-0.3191, 4.6799
-0.0662,-0.1500, 3.1615, 3.1415,-0.0251,-0.0638, 4.0336
-0.0660,-0.1500, 3.1615, 3.1415, 0.0070,-0.0127, 3.3299
-0.0660,-0.1500, 3.1648, 3.1415, 0.0074, 0.2633,-4.6799
-0.0660,-0.1500, 3.1648, 3.1415, 0.0014, 0.0526,-3.0462
-0.0660,-0.1500, 3.1681, 3.1415, 0.0002, 0.2764,-4.6799
-0.0662,-0.1500, 3.1681, 3.1415,-0.0181, 0.0552,-4.6799
-0.0668,-0.1500, 3.1681, 3.1415,-0.0521, 0.0110,-4.6799
-0.0677,-0.1500, 3.1648, 3.1415,-0.0831,-0.2637, 4.6799
-0.0682,-0.1500, 3.1648, 3.1415,-0.0530,-0.0527,-0.6560
-0.0687,-0.1500, 3.1615, 3.1415,-0.0530,-0.2764, 4.6799
-0.0690,-0.1500, 3.1615, 3.1415,-0.0348,-0.0552, 2.2368
-0.0691,-0.1500, 3.1615, 3.1415,-0.0130,-0.0110, 1.0368
-0.0688,-0.1500, 3.1648, 3.1415, 0.0216, 0.2637,-4.6799
-0.0686,-0.1500, 3.1648, 3.1415, 0.0164, 0.0527,-1.9294
-0.0687,-0.1500, 3.1681, 3.1415,-0.0027, 0.2765,-4.6799
-0.0690,-0.1500, 3.1681, 3.1415,-0.0248, 0.0553,-4.6799
-0.0695,-0.1500, 3.1681, 3.1415,-0.0474, 0.0110,-4.6799
-0.0701,-0.1500, 3.1648, 3.1415,-0.0579,-0.2637, 4.6799
-0.0705,-0.1500, 3.1648, 3.1415,-0.0419,-0.0527, 0.1384
-0.0707,-0.1500, 3.1648, 3.1415,-0.0265,-0.0105,-1.5296
-0.0710,-0.1500, 3.1648, 3.1415,-0.0235,-0.0021,-1.8815
-0.0710,-0.1500, 3.1648, 3.1415,-0.0107,-0.0004,-0.8305
-0.0712,-0.1500, 3.1648, 3.1415,-0.0142,-0.0000,-1.1961
-0.0714,-0.1500, 3.1648, 3.1415,-0.0210,-0.0000,-1.8511
-0.0717,-0.1500, 3.1648, 3.1415,-0.0284,-0.0000,-2.5701
-0.0722,-0.1500, 3.1648, 3.1415,-0.0420,-0.0000,-3.8777
-0.0727,-0.1500, 3.1648, 3.1415,-0.0508,-0.0000,-4.6799
-0.0732,-0.1500, 3.1648, 3.1415,-0.0526,-0.0000,-4.6799
-0.0741,-0.1500, 3.1615, 3.1415,-0.0772,-0.2659, 4.6799
-0.0746,-0.1500, 3.1615, 3.1415,-0.0578,-0.0531,-0.6122
-0.0751,-0.1500, 3.1615, 3.1415,-0.0540,-0.0106,-3.4002
-0.0757,-0.1500, 3.1582, 3.1415,-0.0532,-0.2680, 4.6799
-0.0757,-0.1500, 3.1582, 3.1415,-0.0167,-0.0536, 4.2307
-0.0757,-0.1500, 3.1615, 3.1415, 0.0027, 0.2552,-4.6799
-0.0758,-0.1500, 3.1615, 3.1415,-0.0115, 0.0510,-4.0180
-0.0758,-0.1500, 3.1615, 3.1415,-0.0023, 0.0102,-0.1899
-0.0762,-0.1500, 3.1615, 3.1415,-0.0307, 0.0020,-2.2732
-0.0764,-0.1500, 3.1615, 3.1415,-0.0243, 0.0004,-1.5806
-0.0768,-0.1500, 3.1615, 3.1415,-0.0351, 0.0000,-2.5998
-0.0775,-0.1500, 3.1615, 3.1415,-0.0616, 0.0000,-4.6799
-0.0780,-0.1500, 3.1615, 3.1415,-0.0547, 0.0000,-4.5308
-0.0788,-0.1500, 3.1582, 3.1415,-0.0776,-0.2659, 4.6799
-0.0793,-0.1500, 3.1582, 3.1415,-0.0519,-0.0531, 0.5800
-0.0795,-0.1500, 3.1582, 3.1415,-0.0285,-0.0106,-0.3724
-0.0800,-0.1500, 3.1582, 3.1415,-0.0420,-0.0021,-2.2904
-0.0801,-0.1500, 3.1582, 3.1415,-0.0144,-0.0004, 0.1384
-0.0801,-0.1500, 3.1582, 3.1415,-0.0089,-0.0000, 0.6181
-0.0801,-0.1500, 3.1582, 3.1415,-0.0017,-0.0000, 1.2778
-0.0800,-0.1500, 3.1582, 3.1415, 0.0117,-0.0000, 2.5492
-0.0797,-0.1500, 3.1615, 3.1415, 0.0266, 0.2659,-4.6799
-0.0797,-0.1500, 3.1648, 3.1415, 0.0053, 0.3191,-4.6799
-0.0797,-0.1500, 3.1648, 3.1415, 0.0010, 0.0638,-4.6799
-0.0803,-0.1500, 3.1648, 3.1415,-0.0482, 0.0127,-4.6799
-0.0810,-0.1500, 3.1615, 3.1415,-0.0702,-0.2633, 4.6799
-0.0815,-0.1500, 3.1615, 3.1415,-0.0504,-0.0526,-0.6483
-0.0823,-0.1500, 3.1582, 3.1415,-0.0707,-0.2764, 4.6799
-0.0825,-0.1500, 3.1582, 3.1415,-0.0323,-0.0552, 2.2299
-0.0825,-0.1500, 3.1582, 3.1415,-0.0064,-0.0110, 1.4122
-0.0825,-0.1500, 3.1582, 3.1415,-0.0012,-0.0022, 1.2486
-0.0822,-0.1500, 3.1615, 3.1415, 0.0239, 0.2655,-4.6799
-0.0821,-0.1500, 3.1615, 3.1415, 0.0108, 0.0531,-2.7155
-0.0824,-0.1500, 3.1615, 3.1415,-0.0220, 0.0106,-2.7118
-0.0826,-0.1500, 3.1615, 3.1415,-0.0226, 0.0021,-2.1655
-0.0832,-0.1500, 3.1615, 3.1415,-0.0530, 0.0004,-4.6799
-0.0839,-0.1500, 3.1615, 3.1415,-0.0651, 0.0000,-4.6799
-0.0850,-0.1500, 3.1582, 3.1415,-0.0979,-0.2659, 4.6799
-0.0856,-0.1500, 3.1548, 3.1415,-0.0680,-0.3191, 4.6799
-0.0859,-0.1500, 3.1548, 3.1415,-0.0378,-0.0638, 3.1034
-0.0861,-0.1500, 3.1548, 3.1415,-0.0257,-0.0127, 0.4909
-0.0860,-0.1500, 3.1548, 3.1415, 0.0009,-0.0025, 2.2293
-0.0856,-0.1500, 3.1582, 3.1415, 0.0365, 0.2654,-4.6799
-0.0854,-0.1500, 3.1582, 3.1415, 0.0194, 0.0530,-1.1450
-0.0854,-0.1500, 3.1582, 3.1415, 0.0099, 0.0106, 1.0704
-0.0854,-0.1500, 3.1582, 3.1415,-0.0040, 0.0021, 0.3801
-0.0854,-0.1500, 3.1615, 3.1415,-0.0008, 0.2663,-4.6799
-0.0854,-0.1500, 3.1615, 3.1415,-0.0001, 0.0532,-4.0838
-0.0857,-0.1500, 3.1615, 3.1415,-0.0242, 0.0106,-3.2523
-0.0861,-0.1500, 3.1615, 3.1415,-0.0351, 0.0021,-3.6800
-0.0867,-0.1500, 3.1582, 3.1415,-0.0555,-0.2655, 4.6799
-0.0872,-0.1500, 3.1582, 3.1415,-0.0474,-0.0531, 0.1955
-0.0873,-0.1500, 3.1582, 3.1415,-0.0216,-0.0106,-0.5101
-0.0876,-0.1500, 3.1582, 3.1415,-0.0225,-0.0021,-1.2331
-0.0876,-0.1500, 3.1582, 3.1415,-0.0105,-0.0004,-0.2564
-0.0878,-0.1500, 3.1582, 3.1415,-0.0142,-0.0000,-0.6369
-0.0881,-0.1500, 3.1582, 3.1415,-0.0271,-0.0000,-1.8647
-0.0884,-0.1500, 3.1582, 3.1415,-0.0296,-0.0000,-2.1344
-0.0889,-0.1500, 3.1548, 3.1415,-0.0423,-0.2659, 4.6799
-0.0890,-0.1500, 3.1548, 3.1415,-0.0205,-0.0531, 3.6217
-0.0888,-0.1500, 3.1548, 3.1415, 0.0140,-0.0106, 3.7646
-0.0887, 0.0000, 3.1548, 3.1415, 0.0088,-0.0021,-4.6799
-0.0886, 0.0000, 3.1582, 3.1415, 0.0078, 0.2655,-4.6799
-0.0887, 0.0000, 3.1582, 3.1415,-0.0044, 0.0531,-4.6799
-0.0890, 0.0000, 3.1582, 3.1415,-0.0251, 0.0106,-4.6799
-0.0895, 0.0000, 3.1548, 3.1415,-0.0414,-0.2638, 1.9595
-0.0899, 0.0000, 3.1548, 3.1415,-0.0446,-0.0527,-4.6799
-0.0905, 0.0000, 3.1548, 3.1415,-0.0574,-0.0105,-4.6799
-0.0910, 0.0000, 3.1515, 3.1415,-0.0478,-0.2680, 2.6248
-0.0914, 0.0000, 3.1515, 3.1415,-0.0398,-0.0536,-4.6799
-0.0918, 0.0000, 3.1482, 3.1415,-0.0443,-0.2766, 4.6007
-0.0920, 0.0000, 3.1482, 3.1415,-0.0209,-0.0553,-4.6799
-0.0922, 0.0000, 3.1482, 3.1415,-0.0223,-0.0110,-4.6799
-0.0924, 0.0000, 3.1482, 3.1415,-0.0226,-0.0022,-4.6799
-0.0929, 0.0000, 3.1449, 3.1415,-0.0409,-0.2664, 4.6799
-0.0931, 0.0000, 3.1449, 3.1415,-0.0263,-0.0532,-4.6799
-0.0934, 0.0000, 3.1449, 3.1415,-0.0295,-0.0106,-4.6799
-0.0939, 0.0000, 3.1415, 3.1415,-0.0422,-0.2680, 4.6799
-0.0940, 0.0000, 3.1415, 3.1415,-0.0205,-0.0536,-4.6799
-0.0942, 0.0000, 3.1415, 3.1415,-0.0223,-0.0107,-4.6799
-0.0945, 0.0000, 3.1382, 3.1415,-0.0287,-0.2681, 4.6799
-0.0946, 0.0000, 3.1382, 3.1415,-0.0118,-0.0536,-4.6799
-0.0948, 0.0000, 3.1382, 3.1415,-0.0205,-0.0107,-4.6799
-0.0951, 0.0000, 3.1349, 3.1415,-0.0223,-0.2681, 4.6799
-0.0951, 0.0000, 3.1349, 3.1415,-0.0044,-0.0536,-3.8117
-0.0953, 0.0000, 3.1349, 3.1415,-0.0190,-0.0107,-4.6799
-0.0954, 0.0000, 3.1316, 3.1415,-0.0159,-0.2680, 4.6799
-0.0954, 0.0000, 3.1316, 3.1415,-0.0031,-0.0536,-2.6243
-0.0957, 0.0000, 3.1316, 3.1415,-0.0188,-0.0107,-4.6799
-0.0958, 0.0000, 3.1282, 3.1415,-0.0158,-0.2681, 4.6799
-0.0958, 0.0000, 3.1282, 3.1415,-0.0031,-0.0536,-1.5533
-0.0959, 0.0000, 3.1249, 3.1415,-0.0066,-0.2766, 4.6799
-0.0957, 0.0000, 3.1249, 3.1415, 0.0168,-0.0553, 1.5513
-0.0954, 0.0000, 3.1249, 3.1415, 0.0215,-0.0110,-1.2075
-0.0954, 0.0000, 3.1216, 3.1415, 0.0043,-0.2681, 4.6799
-0.0950, 0.0000, 3.1216, 3.1415, 0.0372,-0.0536, 4.4939
-0.0945, 0.0000, 3.1216, 3.1415, 0.0438,-0.0107, 2.0309
-0.0940, 0.0000, 3.1216, 3.1415, 0.0512,-0.0021, 2.1444
-0.0931, 0.0000, 3.1216, 3.1415, 0.0830,-0.0004, 4.6799
-0.0920, 0.0000, 3.1216, 3.1415, 0.1014,-0.0000, 4.6799
-0.0910, 0.0000, 3.1249, 3.1415, 0.1051, 0.2659,-4.6799
-0.0899, 0.0000, 3.1249, 3.1415, 0.1059, 0.0531, 2.4967
-0.0889, 0.0000, 3.1249, 3.1415, 0.1060, 0.0106, 4.6799
-0.0879, 0.0000, 3.1282, 3.1415, 0.1000, 0.2680,-4.6799
-0.0869, 0.0000, 3.1282, 3.1415, 0.0988, 0.0536, 1.0031
-0.0860, 0.0000, 3.1282, 3.1415, 0.0864, 0.0107, 3.0581
-0.0852, 0.0000, 3.1282, 3.1415, 0.0839, 0.0021, 3.5357
-0.0843, 0.0000, 3.1282, 3.1415, 0.0895, 0.0004, 4.2678
-0.0833, 0.0000, 3.1282, 3.1415, 0.0967, 0.0000, 4.6799
-0.0821, 0.0000, 3.1282, 3.1415, 0.1163, 0.0000, 4.6799
-0.0808, 0.0000, 3.1282, 3.1415, 0.1263, 0.0000, 4.6799
-0.0794, 0.0000, 3.1282, 3.1415, 0.1404, 0.0000, 4.6799
-0.0776, 0.0000, 3.1316, 3.1415, 0.1675, 0.2659,-4.6799
-0.0762, 0.0000, 3.1349, 3.1415, 0.1487, 0.3191,-4.6799
-0.0751, 0.0000, 3.1349, 3.1415, 0.1206, 0.0638, 1.2548
-0.0738, 0.0000, 3.1349, 3.1415, 0.1272, 0.0127, 4.6799
-0.0726, 0.0000, 3.1349, 3.1415, 0.1163, 0.0025, 4.6799
-0.0714, 0.0000, 3.1349, 3.1415, 0.1202, 0.0005, 4.6799
-0.0700, 0.0000, 3.1349, 3.1415, 0.1392, 0.0001, 4.6799
-0.0683, 0.0000, 3.1349, 3.1415, 0.1612, 0.0000, 4.6799
-0.0664, 0.0000, 3.1382, 3.1415, 0.1838, 0.2659,-4.6799
-0.0649, 0.0000, 3.1382, 3.1415, 0.1580, 0.0531, 4.6799
-0.0632, 0.0000, 3.1415, 3.1415, 0.1650, 0.2765,-4.6799
-0.0621, 0.0000, 3.1415, 3.1415, 0.1239, 0.0553, 1.2559
-0.0606, 0.0000, 3.1415, 3.1415, 0.1460, 0.0110, 4.6799
-0.0593, 0.0000, 3.1415, 3.1415, 0.1322, 0.0022, 4.6799
-0.0579, 0.0000, 3.1382, 3.1415, 0.1416,-0.2655, 4.6799
-0.0562, 0.0000, 3.1415, 3.1415, 0.1617, 0.2128,-4.6799
-0.0546, 0.0000, 3.1415, 3.1415, 0.1596, 0.0425, 4.6799
-0.0528, 0.0000, 3.1415, 3.1415, 0.1774, 0.0085, 4.6799
-0.0511, 0.0000, 3.1415, 3.1415, 0.1688, 0.0017, 4.6799
-0.0492, 0.0000, 3.1449, 3.1415, 0.1853, 0.2662,-4.6799
-0.0475, 0.0000, 3.1449, 3.1415, 0.1704, 0.0532, 4.6799
-0.0457, 0.0000, 3.1449, 3.1415, 0.1796, 0.0106, 4.6799
-0.0438, 0.0000, 3.1449, 3.1415, 0.1875, 0.0021, 4.6799
-0.0419, 0.0000, 3.1482, 3.1415, 0.1951, 0.2663,-4.6799
-0.0403, 0.0000, 3.1482, 3.1415, 0.1663, 0.0532, 4.6799
-0.0385, 0.0000, 3.1482, 3.1415, 0.1787, 0.0106, 4.6799
-0.0364, 0.0000, 3.1482, 3.1415, 0.1994, 0.0021, 4.6799
-0.0343, 0.0000, 3.1515, 3.1415, 0.2096, 0.2663,-4.6799
-0.0326, 0.0000, 3.1515, 3.1415, 0.1753, 0.0532, 4.6799
-0.0306, 0.0000, 3.1515, 3.1415, 0.1987, 0.0106, 4.6799
-0.0284, 0.0000, 3.1548, 3.1415, 0.2095, 0.2680,-4.6799
-0.0268, 0.0000, 3.1548, 3.1415, 0.1752, 0.0536, 4.6799
-0.0250, 0.0000, 3.1548, 3.1415, 0.1805, 0.0107, 4.6799
-0.0232, 0.0000, 3.1548, 3.1415, 0.1755, 0.0021, 4.6799
-0.0212, 0.0000, 3.1548, 3.1415, 0.1927, 0.0004, 4.6799
-0.0190, 0.0000, 3.1582, 3.1415, 0.2204, 0.2660,-4.6799
-0.0172, 0.0000, 3.1582, 3.1415, 0.1835, 0.0532, 4.6799
-0.0153, 0.0000, 3.1582, 3.1415, 0.1882, 0.0106, 4.6799
-0.0131, 0.0000, 3.1615, 3.1415, 0.2195, 0.2680,-4.6799
-0.0113, 0.0000, 3.1615, 3.1415, 0.1833, 0.0536, 4.6799
-0.0093, 0.0000, 3.1615, 3.1415, 0.2003, 0.0107, 4.6799
-0.0075, 0.0000, 3.1615, 3.1415, 0.1795, 0.0021, 4.6799
-0.0056, 0.0000, 3.1615, 3.1415, 0.1874, 0.0004, 4.6799
-0.0033, 0.0000, 3.1648, 3.1415, 0.2254, 0.2660,-4.6799
-0.0017, 0.0000, 3.1648, 3.1415, 0.1724, 0.0532, 4.1908
 0.0003, 0.0000, 3.1648, 3.1415, 0.1981, 0.0106, 4.6799
 0.0022, 0.0000, 3.1648, 3.1415, 0.1972, 0.0021, 4.6799
 0.0041, 0.0000, 3.1648, 3.1415, 0.1910, 0.0004, 4.6799
 0.0065, 0.0000, 3.1681, 3.1415, 0.2322, 0.2660,-4.6799
 0.0081, 0.0000, 3.1681, 3.1415, 0.1737, 0.0532, 4.2013
 0.0106, 0.0000, 3.1681, 3.1415, 0.2287, 0.0106, 4.6799
 0.0126, 0.0000, 3.1715, 3.1415, 0.2094, 0.2680,-4.6799
 0.0140, 0.0000, 3.1715, 3.1415, 0.1570, 0.0536, 2.1088
 0.0159, 0.0000, 3.1715, 3.1415, 0.1769, 0.0107, 4.6799
 0.0172, 0.0000, 3.1715, 3.1415, 0.1384, 0.0021, 4.4338
 0.0193, 0.0000, 3.1715, 3.1415, 0.1974, 0.0004, 4.6799
 0.0212, 0.0000, 3.1715, 3.1415, 0.1910, 0.0000, 4.6799
 0.0228, 0.0000, 3.1715, 3.1415, 0.1716, 0.0000, 4.6799
 0.0253, 0.0000, 3.1748, 3.1415, 0.2283, 0.2659,-4.6799
 0.0271, 0.0000, 3.1748, 3.1415, 0.1911, 0.0531, 4.6799
 0.0296, 0.0000, 3.1781, 3.1415, 0.2383, 0.2765,-4.6799
 0.0308, 0.0000, 3.1781, 3.1415, 0.1446, 0.0553, 0.2929
 0.0327, 0.0000, 3.1781, 3.1415, 0.1805, 0.0110, 4.6799
 0.0341, 0.0000, 3.1781, 3.1415, 0.1452, 0.0022, 4.5321
 0.0355, 0.0000, 3.1781, 3.1415, 0.1442, 0.0004, 4.6799
 0.0375, 0.0000, 3.1781, 3.1415, 0.1925, 0.0000, 4.6799
 0.0388, 0.0000, 3.1781, 3.1415, 0.1355, 0.0000, 4.2605
 0.0412, 0.0000, 3.1781, 3.1415, 0.2211, 0.0000, 4.6799
 0.0433, 0.0000, 3.1814, 3.1415, 0.2140, 0.2659,-4.6799
 0.0450, 0.0000, 3.1848, 3.1415, 0.1822, 0.3191,-4.6799
 0.0469, 0.0000, 3.1848, 3.1415, 0.1880, 0.0638, 3.0934
 0.0482, 0.0000, 3.1848, 3.1415, 0.1346, 0.0127, 1.9743
 0.0500, 0.0000, 3.1848, 3.1415, 0.1724, 0.0025, 4.6799
 0.0513, 0.0000, 3.1848, 3.1415, 0.1436, 0.0005, 4.0188
 0.0527, 0.0000, 3.1848, 3.1415, 0.1378, 0.0001, 3.6506
 0.0547, 0.0000, 3.1848, 3.1415, 0.1912, 0.0000, 4.6799
 0.0564, 0.0000, 3.1881, 3.1415, 0.1716, 0.2659,-4.6799
 0.0579, 0.0000, 3.1881, 3.1415, 0.1555, 0.0531, 0.8501
 0.0597, 0.0000, 3.1914, 3.1415, 0.1766, 0.2765,-4.6799
 0.0607, 0.0000, 3.1914, 3.1415, 0.1080, 0.0553,-4.5443
 0.0619, 0.0000, 3.1914, 3.1415, 0.1246, 0.0110, 0.3416
 0.0628, 0.0000, 3.1881, 3.1415, 0.0916,-0.2637, 4.6799
 0.0633, 0.0000, 3.1848, 3.1415, 0.0607,-0.3187, 4.6799
 0.0644, 0.0000, 3.1848, 3.1415, 0.1031,-0.0637, 4.6799
 0.0657, 0.0000, 3.1848, 3.1415, 0.1236,-0.0127, 4.5748
 0.0670, 0.0000, 3.1848, 3.1415, 0.1217,-0.0025, 3.7743
 0.0685, 0.0000, 3.1881, 3.1415, 0.1516, 0.2654,-4.6799
 0.0698, 0.0000, 3.1881, 3.1415, 0.1334, 0.0530,-0.0092
 0.0707, 0.0000, 3.1881, 3.1415, 0.0994, 0.0106, 0.0196
 0.0720, 0.0000, 3.1881, 3.1415, 0.1169, 0.0021, 2.3773
 0.0726, 0.0000, 3.1881, 3.1415, 0.0779, 0.0004,-1.0426
 0.0731, 0.0000, 3.1848, 3.1415, 0.0519,-0.2658, 4.6799
 0.0740, 0.0000, 3.1848, 3.1415, 0.0831,-0.0531, 4.5807
 0.0745, 0.0000, 3.1848, 3.1415, 0.0590,-0.0106,-0.6915
 0.0750, 0.0000, 3.1814, 3.1415, 0.0481,-0.2680, 4.6799
 0.0758, 0.0000, 3.1814, 3.1415, 0.0763,-0.0536, 4.6799
 0.0764, 0.0000, 3.1814, 3.1415, 0.0637,-0.0107, 1.0476
 0.0773, 0.0000, 3.1781, 3.1415, 0.0794,-0.2681, 4.6799
 0.0785, 0.0000, 3.1781, 3.1415, 0.1189,-0.0536, 4.6799
 0.0798, 0.0000, 3.1814, 3.1415, 0.1268, 0.2552,-4.6799
 0.0805, 0.0000, 3.1814, 3.1415, 0.0799, 0.0510,-1.5344
 0.0817, 0.0000, 3.1814, 3.1415, 0.1069, 0.0102, 4.0511
 0.0823, 0.0000, 3.1814, 3.1415, 0.0698, 0.0020, 1.2708
 0.0830, 0.0000, 3.1814, 3.1415, 0.0746, 0.0004, 1.9027
 0.0841, 0.0000, 3.1814, 3.1415, 0.0998, 0.0000, 4.3689
 0.0848, 0.0000, 3.1814, 3.1415, 0.0805, 0.0000, 2.6679
 0.0859, 0.0000, 3.1814, 3.1415, 0.1010, 0.0000, 4.6674
 0.0873, 0.0000, 3.1848, 3.1415, 0.1293, 0.2659,-4.6799
 0.0881, 0.0000, 3.1848, 3.1415, 0.0925, 0.0531,-0.8695
 0.0889, 0.0000, 3.1848, 3.1415, 0.0791, 0.0106, 1.0554
 0.0897, 0.0000, 3.1848, 3.1415, 0.0825, 0.0021, 2.0708
 0.0901, 0.0000, 3.1848, 3.1415, 0.0528, 0.0004,-0.5081
 0.0904, 0.0000, 3.1848, 3.1415, 0.0348, 0.0000,-2.1272
 0.0906, 0.0000, 3.1814, 3.1415, 0.0190,-0.2659, 4.6799
 0.0907, 0.0000, 3.1814, 3.1415, 0.0098,-0.0531, 0.5626
 0.0911, 0.0000, 3.1781, 3.1415, 0.0322,-0.2765, 4.6799
 0.0914, 0.0000, 3.1781, 3.1415, 0.0367,-0.0553, 4.3949
 0.0917, 0.0000, 3.1781, 3.1415, 0.0255,-0.0110, 0.1590
 0.0920, 0.0000, 3.1781, 3.1415, 0.0354,-0.0022, 0.4696
 0.0928, 0.0000, 3.1781, 3.1415, 0.0677,-0.0004, 3.4109
 0.0935, 0.0000, 3.1781, 3.1415, 0.0681,-0.0000, 3.4900
 0.0941, 0.0000, 3.1781, 3.1415, 0.0621,-0.0000, 2.9906
 0.0950, 0.0000, 3.1781, 3.1415, 0.0851,-0.0000, 4.6799
 0.0962, 0.0000, 3.1814, 3.1415, 0.1140, 0.2659,-4.6799
 0.0971, 0.0000, 3.1814, 3.1415, 0.0955, 0.0531, 1.4183
 0.0980, 0.0000, 3.1848, 3.1415, 0.0918, 0.2765,-4.6799
 0.0986, 0.0000, 3.1848, 3.1415, 0.0668, 0.0553,-2.3521
 0.0991, 0.0000, 3.1848, 3.1415, 0.0497, 0.0110,-0.6773
 0.0992, 0.0000, 3.1848, 3.1415, 0.0220, 0.0022,-2.5850
 0.0992, 0.0000, 3.1814, 3.1415,-0.0016,-0.2654, 4.6799
 0.0991, 0.0000, 3.1814, 3.1415,-0.0063,-0.0530,-0.1112
 0.0990, 0.0000, 3.1781, 3.1415,-0.0073,-0.2765, 4.6799
 0.0992, 0.0000, 3.1781, 3.1415, 0.0167,-0.0553, 3.3160
 0.0995, 0.0000, 3.1781, 3.1415, 0.0215,-0.0110, 0.5677
 0.0998, 0.0000, 3.1781, 3.1415, 0.0346,-0.0022, 1.1758
 0.1003, 0.0000, 3.1781, 3.1415, 0.0433,-0.0004, 1.8976
 0.1010, 0.0000, 3.1781, 3.1415, 0.0632,-0.0000, 3.7876
 0.1017, 0.0000, 3.1781, 3.1415, 0.0672,-0.0000, 4.2202
 0.1025, 0.0000, 3.1814, 3.1415, 0.0801, 0.2659,-4.6799
 0.1031, 0.0000, 3.1848, 3.1415, 0.0645, 0.3191,-4.6799
 0.1036, 0.0000, 3.1848, 3.1415, 0.0492, 0.0638,-4.1095
 0.1036, 0.0000, 3.1848, 3.1415, 0.0159, 0.0127,-3.4835
 0.1035, 0.0000, 3.1848, 3.1415,-0.0089, 0.0025,-4.6799
 0.1031, 0.0000, 3.1814, 3.1415,-0.0321,-0.2654, 4.6799
 0.1028, 0.0000, 3.1814, 3.1415,-0.0306,-0.0530,-1.9921
 0.1025, 0.0000, 3.1781, 3.1415,-0.0303,-0.2765, 4.6799
 0.1025, 0.0000, 3.1781, 3.1415,-0.0060,-0.0553, 1.5279
 0.1026, 0.0000, 3.1781, 3.1415, 0.0109,-0.0110,-0.0988
 0.1027, 0.0000, 3.1781, 3.1415, 0.0082,-0.0022,-0.9818
 0.1026, 0.0000, 3.1781, 3.1415,-0.0044,-0.0004,-2.2919
 0.1026, 0.0000, 3.1781, 3.1415,-0.0069,-0.0000,-2.5600
 0.1023, 0.0000, 3.1748, 3.1415,-0.0195,-0.2659, 4.6799
 0.1023, 0.0000, 3.1748, 3.1415,-0.0099,-0.0531, 2.0970
 0.1023, 0.0000, 3.1748, 3.1415, 0.0040,-0.0106, 0.3131
 0.1026, 0.0000, 3.1748, 3.1415, 0.0250,-0.0021, 1.6717
 0.1030, 0.0000, 3.1748, 3.1415, 0.0292,-0.0004, 1.9677
 0.1035, 0.0000, 3.1781, 3.1415, 0.0482, 0.2658,-4.6799
 0.1037, 0.0000, 3.1781, 3.1415, 0.0278, 0.0531,-3.0923
 0.1038, 0.0000, 3.1781, 3.1415, 0.0116, 0.0106,-1.4956
 0.1036, 0.0000, 3.1781, 3.1415,-0.0097, 0.0021,-2.8796
 0.1034, 0.0000, 3.1781, 3.1415,-0.0201, 0.0004,-3.7383
 0.1030, 0.0000, 3.1781, 3.1415,-0.0404, 0.0000,-4.6799
 0.1023, 0.0000, 3.1781, 3.1415,-0.0565, 0.0000,-4.6799
 0.1017, 0.0000, 3.1748, 3.1415,-0.0658,-0.2659, 4.6799
 0.1012, 0.0000, 3.1715, 3.1415,-0.0495,-0.3191, 4.6799
 0.1011, 0.0000, 3.1715, 3.1415,-0.0220,-0.0638, 2.7385
 0.1011, 0.0000, 3.1715, 3.1415, 0.0016,-0.0127, 1.2306
 0.1014, 0.0000, 3.1748, 3.1415, 0.0245, 0.2634,-4.6799
 0.1015, 0.0000, 3.1748, 3.1415, 0.0109, 0.0526,-3.7326
 0.1015, 0.0000, 3.1748, 3.1415, 0.0021, 0.0105,-1.4831
 0.1012, 0.0000, 3.1748, 3.1415,-0.0238, 0.0021,-3.3124
 0.1008, 0.0000, 3.1748, 3.1415,-0.0411, 0.0004,-4.6799
 0.1003, 0.0000, 3.1748, 3.1415,-0.0446, 0.0000,-4.6799
 0.0995, 0.0000, 3.1715, 3.1415,-0.0695,-0.2659, 4.6799
 0.0992, 0.0000, 3.1715, 3.1415,-0.0381,-0.0531, 0.2877
 0.0990, 0.0000, 3.1715, 3.1415,-0.0258,-0.0106,-1.6841
 0.0989, 0.0000, 3.1715, 3.1415,-0.0112,-0.0021,-0.9571
 0.0988, 0.0000, 3.1715, 3.1415,-0.0143,-0.0004,-1.3875
 0.0987, 0.0000, 3.1715, 3.1415,-0.0089,-0.0000,-0.9160
 0.0985, 0.0000, 3.1715, 3.1415,-0.0199,-0.0000,-1.9673
 0.0982, 0.0000, 3.1715, 3.1415,-0.0282,-0.0000,-2.7655
 0.0977, 0.0000, 3.1715, 3.1415,-0.0420,-0.0000,-4.0890
 0.0972, 0.0000, 3.1715, 3.1415,-0.0508,-0.0000,-4.6799
 0.0966, 0.0000, 3.1715, 3.1415,-0.0586,-0.0000,-4.6799
 0.0956, 0.0000, 3.1681, 3.1415,-0.0905,-0.2659, 4.6799
 0.0950, 0.0000, 3.1648, 3.1415,-0.0666,-0.3191, 4.6799
 0.0947, 0.0000, 3.1648, 3.1415,-0.0375,-0.0638, 2.8764
 0.0948, 0.0000, 3.1648, 3.1415,-0.0014,-0.0127, 2.5211
 0.0950, 0.0000, 3.1681, 3.1415, 0.0178, 0.2634,-4.6799
 0.0951, 0.0000, 3.1715, 3.1415, 0.0096, 0.3186,-4.6799
 0.0949, 0.0000, 3.1715, 3.1415,-0.0101, 0.0637,-4.6799
 0.0945, 0.0000, 3.1715, 3.1415,-0.0323, 0.0127,-4.4370
 0.0939, 0.0000, 3.1715, 3.1415,-0.0610, 0.0025,-4.6799
 0.0929, 0.0000, 3.1681, 3.1415,-0.0910,-0.2654, 4.6799
 0.0923, 0.0000, 3.1681, 3.1415,-0.0606,-0.0530,-1.3866
 0.0916, 0.0000, 3.1648, 3.1415,-0.0727,-0.2765, 4.6799
 0.0911, 0.0000, 3.1648, 3.1415,-0.0509,-0.0553, 0.6628
 0.0908, 0.0000, 3.1648, 3.1415,-0.0344,-0.0110,-1.0554
 0.0906, 0.0000, 3.1648, 3.1415,-0.0250,-0.0022,-0.8534
 0.0904, 0.0000, 3.1648, 3.1415,-0.0171,-0.0004,-0.2615
 0.0902, 0.0000, 3.1648, 3.1415,-0.0216,-0.0000,-0.7250
 0.0898, 0.0000, 3.1648, 3.1415,-0.0346,-0.0000,-1.9754
 0.0894, 0.0000, 3.1648, 3.1415,-0.0433,-0.0000,-2.8256
 0.0887, 0.0000, 3.1648, 3.1415,-0.0632,-0.0000,-4.6799
 0.0879, 0.0000, 3.1648, 3.1415,-0.0793,-0.0000,-4.6799
 0.0868, 0.0000, 3.1615, 3.1415,-0.1007,-0.2659, 4.6799
 0.0860, 0.0000, 3.1615, 3.1415,-0.0807,-0.0531,-1.6598
 0.0852, 0.0000, 3.1582, 3.1415,-0.0828,-0.2765, 4.6799
 0.0848, 0.0000, 3.1582, 3.1415,-0.0529,-0.0553, 2.0547
 0.0845, 0.0000, 3.1582, 3.1415,-0.0287,-0.0110, 1.0557
 0.0846, 0.0000, 3.1582, 3.1415, 0.0003,-0.0022, 3.1168
 0.0848, 0.0000, 3.1615, 3.1415, 0.0121, 0.2655,-4.6799
 0.0848, 0.0000, 3.1615, 3.1415, 0.0085, 0.0531,-1.2299
 0.0848, 0.0000, 3.1648, 3.1415,-0.0043, 0.2765,-4.6799
 0.0845, 0.0000, 3.1648, 3.1415,-0.0190, 0.0553,-4.6799
 0.0841, 0.0000, 3.1648, 3.1415,-0.0401, 0.0110,-3.8718
 0.0835, 0.0000, 3.1648, 3.1415,-0.0565, 0.0022,-4.6799
 0.0828, 0.0000, 3.1615, 3.1415,-0.0658,-0.2654, 4.6799
 0.0823, 0.0000, 3.1615, 3.1415,-0.0495,-0.0530, 0.8579
 0.0821, 0.0000, 3.1615, 3.1415,-0.0281,-0.0106,-0.2637
 0.0819, 0.0000, 3.1615, 3.1415,-0.0238,-0.0021,-0.5063
 0.0817, 0.0000, 3.1615, 3.1415,-0.0229,-0.0004,-0.5730
 0.0815, 0.0000, 3.1615, 3.1415,-0.0167,-0.0000,-0.0348
 0.0814, 0.0000, 3.1615, 3.1415,-0.0094,-0.0000, 0.6305
 0.0813, 0.0000, 3.1648, 3.1415,-0.0140, 0.2659,-4.6799
 0.0810, 0.0000, 3.1648, 3.1415,-0.0209, 0.0531,-4.6799
 0.0808, 0.0000, 3.1648, 3.1415,-0.0223, 0.0106,-2.5160
 0.0805, 0.0000, 3.1648, 3.1415,-0.0287, 0.0021,-2.5158
 0.0801, 0.0000, 3.1648, 3.1415,-0.0421, 0.0004,-3.6795
 0.0795, 0.0000, 3.1648, 3.1415,-0.0569, 0.0000,-4.6799
 0.0787, 0.0000, 3.1648, 3.1415,-0.0720, 0.0000,-4.6799
 0.0778, 0.0000, 3.1615, 3.1415,-0.0871,-0.2659, 4.6799
 0.0773, 0.0000, 3.1582, 3.1415,-0.0598,-0.3191, 4.6799
 0.0770, 0.0000, 3.1582, 3.1415,-0.0362,-0.0638, 3.4432
 0.0770, 0.0000, 3.1615, 3.1415,-0.0072, 0.2531,-4.6799
 0.0768, 0.0000, 3.1615, 3.1415,-0.0135, 0.0506,-3.9010
 0.0766, 0.0000, 3.1615, 3.1415,-0.0209, 0.0101,-1.6582
 0.0764, 0.0000, 3.1615, 3.1415,-0.0163, 0.0020,-0.6580
 0.0759, 0.0000, 3.1615, 3.1415,-0.0457, 0.0004,-3.3190
 0.0752, 0.0000, 3.1615, 3.1415,-0.0637, 0.0000,-4.6799
 0.0745, 0.0000, 3.1615, 3.1415,-0.0733, 0.0000,-4.6799
 0.0734, 0.0000, 3.1582, 3.1415,-0.0995,-0.2659, 4.6799
 0.0728, 0.0000, 3.1548, 3.1415,-0.0684,-0.3191, 4.6799
 0.0723, 0.0000, 3.1548, 3.1415,-0.0500,-0.0638, 2.8059
 0.0721, 0.0000, 3.1548, 3.1415,-0.0282,-0.0127, 1.0977
 0.0721, 0.0000, 3.1548, 3.1415,-0.0056,-0.0025, 2.4472
 0.0725, 0.0000, 3.1582, 3.1415, 0.0291, 0.2654,-4.6799
 0.0726, 0.0000, 3.1615, 3.1415, 0.0179, 0.3190,-4.6799
 0.0723, 0.0000, 3.1615, 3.1415,-0.0267, 0.0638,-4.6799
 0.0718, 0.0000, 3.1615, 3.1415,-0.0417, 0.0127,-4.2576
 0.0711, 0.0000, 3.1615, 3.1415,-0.0629, 0.0025,-4.6799
 0.0701, 0.0000, 3.1582, 3.1415,-0.0974,-0.2654, 4.6799
 0.0696, 0.0000, 3.1548, 3.1415,-0.0558,-0.3190, 4.6799
 0.0692, 0.0000, 3.1548, 3.1415,-0.0414,-0.0638, 3.2885
 0.0690, 0.0000, 3.1548, 3.1415,-0.0264,-0.0127, 0.9456
 0.0691, 0.0000, 3.1582, 3.1415, 0.0068, 0.2634,-4.6799
 0.0692, 0.0000, 3.1582, 3.1415, 0.0074, 0.0526,-1.7521
 0.0692, 0.0000, 3.1582, 3.1415, 0.0014, 0.0105, 0.7606
 0.0692, 0.0000, 3.1582, 3.1415, 0.0002, 0.0021, 1.2632
 0.0693, 0.0000, 3.1615, 3.1415, 0.0061, 0.2663,-4.6799
 0.0691, 0.0000, 3.1615, 3.1415,-0.0109, 0.0532,-4.6104
 0.0687, 0.0000, 3.1615, 3.1415,-0.0385, 0.0106,-4.1218
 0.0684, 0.0000, 3.1615, 3.1415,-0.0319, 0.0021,-2.9209
 0.0678, 0.0000, 3.1615, 3.1415,-0.0548, 0.0004,-4.6799
 0.0669, 0.0000, 3.1582, 3.1415,-0.0837,-0.2658, 4.6799
 0.0664, 0.0000, 3.1548, 3.1415,-0.0531,-0.3191, 4.6799
 0.0661, 0.0000, 3.1548, 3.1415,-0.0348,-0.0638, 3.5921
 0.0662, 0.0000, 3.1548, 3.1415,-0.0009,-0.0127, 3.0368
 0.0662, 0.0000, 3.1582, 3.1415,-0.0001, 0.2634,-4.6799
 0.0663, 0.0000, 3.1582, 3.1415, 0.0060, 0.0526,-2.1777
 0.0663, 0.0000, 3.1615, 3.1415, 0.0012, 0.2764,-4.6799
 0.0660, 0.0000, 3.1615, 3.1415,-0.0179, 0.0552,-4.6799
 0.0656, 0.0000, 3.1615, 3.1415,-0.0399, 0.0110,-4.5926
 0.0648, 0.0000, 3.1582, 3.1415,-0.0746,-0.2637, 4.6799
 0.0644, 0.0000, 3.1582, 3.1415,-0.0452,-0.0527, 0.5427
 0.0642, 0.0000, 3.1548, 3.1415,-0.0211,-0.2765, 4.6799
 0.0643, 0.0000, 3.1548, 3.1415, 0.0018,-0.0553, 4.6799
 0.0645, 0.0000, 3.1582, 3.1415, 0.0185, 0.2549,-4.6799
 0.0646, 0.0000, 3.1615, 3.1415, 0.0097, 0.3169,-4.6799
 0.0646, 0.0000, 3.1615, 3.1415, 0.0019, 0.0633,-4.6081
 0.0644, 0.0000, 3.1615, 3.1415,-0.0177, 0.0126,-2.7758
 0.0638, 0.0000, 3.1615, 3.1415,-0.0520, 0.0025,-4.6799
 0.0632, 0.0000, 3.1582, 3.1415,-0.0589,-0.2654, 4.6799
 0.0629, 0.0000, 3.1582, 3.1415,-0.0299,-0.0530, 1.8403
 0.0628, 0.0000, 3.1582, 3.1415,-0.0181,-0.0106,-0.1635
 0.0626, 0.0000, 3.1582, 3.1415,-0.0157,-0.0021,-0.5765
 0.0625, 0.0000, 3.1582, 3.1415,-0.0152,-0.0004,-0.6712
 0.0625, 0.0000, 3.1582, 3.1415,-0.0030,-0.0000, 0.4372
 0.0624, 0.0000, 3.1582, 3.1415,-0.0066,-0.0000, 0.0892
 0.0626, 0.0000, 3.1582, 3.1415, 0.0107,-0.0000, 1.7228
 0.0626, 0.0000, 3.1615, 3.1415, 0.0082, 0.2659,-4.6799
 0.0626, 0.0000, 3.1615, 3.1415, 0.0016, 0.0531,-4.0927
 0.0625, 0.0000, 3.1615, 3.1415,-0.0117, 0.0106,-2.2607
 0.0623, 0.0000, 3.1615, 3.1415,-0.0205, 0.0021,-2.4761
 0.0618, 0.0000, 3.1615, 3.1415,-0.0404, 0.0004,-4.2467
 0.0611, 0.0000, 3.1582, 3.1415,-0.0626,-0.2658, 4.6799
 0.0610, 0.0000, 3.1582, 3.1415,-0.0246,-0.0531, 2.1421
 0.0610, 0.0000, 3.1582, 3.1415, 0.0011,-0.0106, 1.4484
 0.0611, 0.0000, 3.1582, 3.1415, 0.0062,-0.0021, 1.3157
 0.0612, 0.0000, 3.1615, 3.1415, 0.0073, 0.2655,-4.6799
 0.0613, 0.0000, 3.1615, 3.1415, 0.0135, 0.0531,-3.1077
 0.0613, 0.0000, 3.1615, 3.1415,-0.0033, 0.0106,-1.5969
 0.0610, 0.0000, 3.1615, 3.1415,-0.0188, 0.0021,-2.4404
 0.0607, 0.0000, 3.1615, 3.1415,-0.0340, 0.0004,-3.7668
 0.0601, 0.0000, 3.1615, 3.1415,-0.0553, 0.0000,-4.6799
 0.0594, 0.0000, 3.1582, 3.1415,-0.0656,-0.2659, 4.6799
 0.0591, 0.0000, 3.1582, 3.1415,-0.0373,-0.0531, 0.7742
 0.0590, 0.0000, 3.1548, 3.1415,-0.0135,-0.2765, 4.6799
 0.0591, 0.0000, 3.1582, 3.1415, 0.0033, 0.2106,-4.6799
 0.0591, 0.0000, 3.1582, 3.1415, 0.0006, 0.0421,-2.6271
 0.0591, 0.0000, 3.1582, 3.1415, 0.0001, 0.0084,-0.2267
 0.0588, 0.0000, 3.1582, 3.1415,-0.0181, 0.0016,-1.4560
 0.0585, 0.0000, 3.1582, 3.1415,-0.0339, 0.0003,-2.8596
 0.0580, 0.0000, 3.1582, 3.1415,-0.0431, 0.0000,-3.7404
 0.0573, 0.0000, 3.1548, 3.1415,-0.0632,-0.2659, 4.6799
 0.0570, 0.0000, 3.1548, 3.1415,-0.0368,-0.0531, 1.7224
 0.0569, 0.0000, 3.1515, 3.1415,-0.0134,-0.2765, 4.6799
 0.0572, 0.0000, 3.1515, 3.1415, 0.0155,-0.0553, 4.6799
 0.0576, 0.0000, 3.1548, 3.1415, 0.0334, 0.2548,-4.6799
 0.0577, 0.0000, 3.1548, 3.1415, 0.0188, 0.0509,-0.6175
 0.0578, 0.0000, 3.1582, 3.1415, 0.0098, 0.2761,-4.6799
 0.0576, 0.0000, 3.1582, 3.1415,-0.0162, 0.0552,-4.6799
 0.0569, 0.0000, 3.1548, 3.1415,-0.0517,-0.2549, 4.6799
 0.0569, 0.0000, 3.1548, 3.1415,-0.0164,-0.0509, 3.4457
 0.0569, 0.0000, 3.1548, 3.1415, 0.0027,-0.0101, 2.2679
 0.0570, 0.0000, 3.1548, 3.1415, 0.0066,-0.0020, 2.0384
 0.0572, 0.0000, 3.1548, 3.1415, 0.0134,-0.0004, 2.5683
 0.0579, 0.0000, 3.1548, 3.1415, 0.0572,-0.0000, 4.6799
 0.0585, 0.0000, 3.1582, 3.1415, 0.0660, 0.2659,-4.6799
 0.0588, 0.0000, 3.1615, 3.1415, 0.0374, 0.3191,-4.6799
 0.0590, 0.0000, 3.1615, 3.1415, 0.0196, 0.0638,-3.5634
 0.0588, 0.0000, 3.1615, 3.1415,-0.0082, 0.0127,-2.4458
 0.0585, 0.0000, 3.1615, 3.1415,-0.0258, 0.0025,-3.3739
 0.0582, 0.0000, 3.1582, 3.1415,-0.0294,-0.2654, 4.6799
 0.0580, 0.0000, 3.1582, 3.1415,-0.0240,-0.0530, 1.8944
 0.0579, 0.0000, 3.1582, 3.1415,-0.0108,-0.0106, 0.0228
 0.0582, 0.0000, 3.1582, 3.1415, 0.0160,-0.0021, 1.9215
 0.0585, 0.0000, 3.1582, 3.1415, 0.0335,-0.0004, 3.4590
 0.0591, 0.0000, 3.1615, 3.1415, 0.0491, 0.2658,-4.6799
 0.0592, 0.0000, 3.1615, 3.1415, 0.0219, 0.0531,-2.5492
 0.0593, 0.0000, 3.1615, 3.1415, 0.0104, 0.0106,-0.5155
 0.0592, 0.0000, 3.1615, 3.1415,-0.0039, 0.0021,-1.2422
 0.0589, 0.0000, 3.1615, 3.1415,-0.0250, 0.0004,-3.1029
 0.0585, 0.0000, 3.1615, 3.1415,-0.0413, 0.0000,-4.6389
 0.0579, 0.0000, 3.1582, 3.1415,-0.0507,-0.2659, 4.6799
 0.0578, 0.0000, 3.1548, 3.1415,-0.0222,-0.3191, 4.6799
 0.0578, 0.0000, 3.1548, 3.1415,-0.0044,-0.0638, 4.6799
 0.0579, 0.0000, 3.1548, 3.1415, 0.0112,-0.0127, 3.3372
 0.0585, 0.0000, 3.1582, 3.1415, 0.0446, 0.2634,-4.6799
 0.0587, 0.0000, 3.1582, 3.1415, 0.0271, 0.0526,-0.9792
 0.0588, 0.0000, 3.1582, 3.1415, 0.0175, 0.0105, 1.2120
 0.0591, 0.0000, 3.1582, 3.1415, 0.0277, 0.0021, 2.8019
 0.0594, 0.0000, 3.1615, 3.1415, 0.0298, 0.2663,-4.6799
 0.0594, 0.0000, 3.1615, 3.1415, 0.0059, 0.0532,-4.0169
 0.0593, 0.0000, 3.1615, 3.1415,-0.0109, 0.0106,-2.5001
 0.0591, 0.0000, 3.1615, 3.1415,-0.0143, 0.0021,-2.2089
 0.0586, 0.0000, 3.1582, 3.1415,-0.0453,-0.2655, 4.6799
 0.0585, 0.0000, 3.1582, 3.1415,-0.0151,-0.0531, 2.7787
 0.0587, 0.0000, 3.1582, 3.1415, 0.0091,-0.0106, 1.9515
 0.0590, 0.0000, 3.1582, 3.1415, 0.0260,-0.0021, 2.9377
 0.0594, 0.0000, 3.1582, 3.1415, 0.0355,-0.0004, 3.7289
 0.0602, 0.0000, 3.1615, 3.1415, 0.0738, 0.2658,-4.6799
 0.0607, 0.0000, 3.1615, 3.1415, 0.0572, 0.0531, 0.8704
 0.0613, 0.0000, 3.1648, 3.1415, 0.0538, 0.2765,-4.6799
 0.0616, 0.0000, 3.1648, 3.1415, 0.0350, 0.0553,-2.3653
 0.0616, 0.0000, 3.1648, 3.1415, 0.0130, 0.0110,-1.1768
 0.0615, 0.0000, 3.1648, 3.1415,-0.0095, 0.0022,-2.6424
 0.0613, 0.0000, 3.1648, 3.1415,-0.0200, 0.0004,-3.5174
 0.0608, 0.0000, 3.1615, 3.1415,-0.0403,-0.2658, 4.6799
 0.0608, 0.0000, 3.1615, 3.1415,-0.0080,-0.0531, 2.5562
 0.0609, 0.0000, 3.1615, 3.1415, 0.0044,-0.0106, 0.6329
 0.0611, 0.0000, 3.1615, 3.1415, 0.0190,-0.0021, 1.3938
 0.0613, 0.0000, 3.1615, 3.1415, 0.0159,-0.0004, 0.9945
 0.0619, 0.0000, 3.1615, 3.1415, 0.0577,-0.0000, 4.6799
 0.0626, 0.0000, 3.1648, 3.1415, 0.0600, 0.2659,-4.6799
 0.0628, 0.0000, 3.1648, 3.1415, 0.0302, 0.0531,-2.5369
 0.0630, 0.0000, 3.1681, 3.1415, 0.0242, 0.2765,-4.6799
 0.0629, 0.0000, 3.1681, 3.1415,-0.0072, 0.0553,-4.6799
 0.0625, 0.0000, 3.1648, 3.1415,-0.0317,-0.2548, 4.6799
 0.0626, 0.0000, 3.1648, 3.1415,-0.0002,-0.0509, 2.1857
 0.0625, 0.0000, 3.1648, 3.1415,-0.0061,-0.0101,-1.3273
 0.0623, 0.0000, 3.1648, 3.1415,-0.0133,-0.0020,-2.6057
 0.0624, 0.0000, 3.1648, 3.1415, 0.0033,-0.0004,-1.1643
 0.0622, 0.0000, 3.1615, 3.1415,-0.0175,-0.2660, 4.6799
 0.0622, 0.0000, 3.1615, 3.1415,-0.0035,-0.0532, 3.1195
 0.0624, 0.0000, 3.1615, 3.1415, 0.0174,-0.0106, 1.9943
 0.0628, 0.0000, 3.1615, 3.1415, 0.0338,-0.0021, 2.9269
 0.0629, 0.0000, 3.1615, 3.1415, 0.0188,-0.0004, 1.4344
 0.0636, 0.0000, 3.1648, 3.1415, 0.0583, 0.2658,-4.6799
 0.0641, 0.0000, 3.1648, 3.1415, 0.0480, 0.0531,-0.7522
 0.0641, 0.0000, 3.1681, 3.1415, 0.0096, 0.2765,-4.6799
 0.0641, 0.0000, 3.1681, 3.1415, 0.0079, 0.0553,-4.6799
 0.0638, 0.0000, 3.1648, 3.1415,-0.0226,-0.2548, 4.6799
 0.0635, 0.0000, 3.1648, 3.1415,-0.0287,-0.0509,-0.3576
 0.0633, 0.0000, 3.1648, 3.1415,-0.0239,-0.0101,-2.8967
 0.0630, 0.0000, 3.1615, 3.1415,-0.0290,-0.2679, 4.6799
 0.0630, 0.0000, 3.1615, 3.1415,-0.0058,-0.0535, 3.0175
 0.0632, 0.0000, 3.1615, 3.1415, 0.0170,-0.0107, 2.0406
 0.0635, 0.0000, 3.1615, 3.1415, 0.0276,-0.0021, 2.4331
 0.0637, 0.0000, 3.1615, 3.1415, 0.0176,-0.0004, 1.3964
 0.0642, 0.0000, 3.1648, 3.1415, 0.0459, 0.2658,-4.6799
 0.0647, 0.0000, 3.1648, 3.1415, 0.0455, 0.0531,-0.9210
 0.0648, 0.0000, 3.1648, 3.1415, 0.0151, 0.0106,-0.6394
 0.0647, 0.0000, 3.1648, 3.1415,-0.0030, 0.0021,-1.7165
 0.0645, 0.0000, 3.1648, 3.1415,-0.0127, 0.0004,-2.5078
 0.0641, 0.0000, 3.1648, 3.1415,-0.0328, 0.0000,-4.3875
 0.0636, 0.0000, 3.1615, 3.1415,-0.0490,-0.2659, 4.6799
 0.0634, 0.0000, 3.1615, 3.1415,-0.0279,-0.0531, 0.9685
 0.0634, 0.0000, 3.1615, 3.1415,-0.0055,-0.0106,-0.0482
 0.0633, 0.0000, 3.1615, 3.1415,-0.0071,-0.0021,-0.8213
 0.0632, 0.0000, 3.1615, 3.1415,-0.0074,-0.0004,-0.9819
 0.0632, 0.0000, 3.1615, 3.1415,-0.0075,-0.0000,-1.0202
 0.0629, 0.0000, 3.1582, 3.1415,-0.0197,-0.2659, 4.6799
 0.0629, 0.0000, 3.1582, 3.1415,-0.0039,-0.0531, 4.2617
 0.0631, 0.0000, 3.1582, 3.1415, 0.0113,-0.0106, 2.5997
 0.0634, 0.0000, 3.1582, 3.1415, 0.0265,-0.0021, 3.4190
 0.0639, 0.0000, 3.1615, 3.1415, 0.0477, 0.2655,-4.6799
 0.0643, 0.0000, 3.1615, 3.1415, 0.0398, 0.0531,-0.3758
 0.0645, 0.0000, 3.1615, 3.1415, 0.0261, 0.0106, 1.4649
 0.0645, 0.0000, 3.1615, 3.1415, 0.0052, 0.0021, 0.1420
 0.0647, 0.0000, 3.1615, 3.1415, 0.0131, 0.0004, 1.0170
 0.0651, 0.0000, 3.1615, 3.1415, 0.0329, 0.0000, 2.9134
 0.0653, 0.0000, 3.1648, 3.1415, 0.0247, 0.2659,-4.6799
 0.0654, 0.0000, 3.1648, 3.1415, 0.0110, 0.0531,-4.0583
 0.0654, 0.0000, 3.1648, 3.1415, 0.0082, 0.0106,-1.2122
 0.0652, 0.0000, 3.1648, 3.1415,-0.0165, 0.0021,-2.9161
 0.0648, 0.0000, 3.1615, 3.1415,-0.0396,-0.2655, 4.6799
 0.0646, 0.0000, 3.1615, 3.1415,-0.0200,-0.0531, 1.8191
 0.0645, 0.0000, 3.1615, 3.1415,-0.0100,-0.0106,-0.3508
 0.0645, 0.0000, 3.1615, 3.1415,-0.0020,-0.0021,-0.2211
 0.0644, 0.0000, 3.1615, 3.1415,-0.0064,-0.0004,-0.7649
 0.0644, 0.0000, 3.1615, 3.1415,-0.0073,-0.0000,-0.8798
 0.0641, 0.0000, 3.1582, 3.1415,-0.0196,-0.2659, 4.6799
 0.0641, 0.0000, 3.1582, 3.1415,-0.0039,-0.0531, 4.3838
 0.0642, 0.0000, 3.1582, 3.1415, 0.0052,-0.0106, 2.1514
 0.0647, 0.0000, 3.1582, 3.1415, 0.0374,-0.0021, 4.5598
 0.0652, 0.0000, 3.1615, 3.1415, 0.0499, 0.2655,-4.6799
 0.0656, 0.0000, 3.1615, 3.1415, 0.0403, 0.0531,-0.2066
 0.0658, 0.0000, 3.1648, 3.1415, 0.0262, 0.2765,-4.6799
 0.0657, 0.0000, 3.1648, 3.1415,-0.0008, 0.0553,-4.6799
 0.0654, 0.0000, 3.1615, 3.1415,-0.0304,-0.2548, 4.6799
 0.0653, 0.0000, 3.1615, 3.1415,-0.0121,-0.0509, 2.4656
 0.0654, 0.0000, 3.1615, 3.1415, 0.0036,-0.0101, 0.9725
 0.0655, 0.0000, 3.1615, 3.1415, 0.0128,-0.0020, 1.2498
 0.0658, 0.0000, 3.1615, 3.1415, 0.0268,-0.0004, 2.4568
 0.0664, 0.0000, 3.1615, 3.1415, 0.0538,-0.0000, 4.6799
 0.0671, 0.0000, 3.1648, 3.1415, 0.0653, 0.2659,-4.6799
 0.0674, 0.0000, 3.1648, 3.1415, 0.0373, 0.0531,-1.4143
 0.0676, 0.0000, 3.1681, 3.1415, 0.0195, 0.2765,-4.6799
 0.0676, 0.0000, 3.1681, 3.1415, 0.0039, 0.0553,-4.6799
 0.0671, 0.0000, 3.1648, 3.1415,-0.0355,-0.2548, 4.6799
 0.0670, 0.0000, 3.1648, 3.1415,-0.0192,-0.0509, 0.8678
 0.0670, 0.0000, 3.1648, 3.1415, 0.0022,-0.0101,-0.0997
 0.0668, 0.0000, 3.1648, 3.1415,-0.0177,-0.0020,-2.5662
 0.0668, 0.0000, 3.1648, 3.1415,-0.0035,-0.0004,-1.3684
 0.0667, 0.0000, 3.1615, 3.1415,-0.0067,-0.2660, 4.6799
 0.0665, 0.0000, 3.1615, 3.1415,-0.0195,-0.0532, 2.0641
 0.0667, 0.0000, 3.1615, 3.1415, 0.0142,-0.0106, 2.1288
 0.0672, 0.0000, 3.1615, 3.1415, 0.0392,-0.0021, 3.8692
 0.0673, 0.0000, 3.1615, 3.1415, 0.0199,-0.0004, 1.9746
 0.0678, 0.0000, 3.1648, 3.1415, 0.0403, 0.2658,-4.6799
 0.0682, 0.0000, 3.1648, 3.1415, 0.0444, 0.0531,-0.6686
 0.0682, 0.0000, 3.1648, 3.1415, 0.0088, 0.0106,-0.8737
 0.0682, 0.0000, 3.1648, 3.1415,-0.0042, 0.0021,-1.4845
 0.0681, 0.0000, 3.1648, 3.1415,-0.0069, 0.0004,-1.6127
 0.0676, 0.0000, 3.1648, 3.1415,-0.0377, 0.0000,-4.4933
 0.0670, 0.0000, 3.1615, 3.1415,-0.0560,-0.2659, 4.6799
 0.0667, 0.0000, 3.1615, 3.1415,-0.0354,-0.0531, 0.6093
 0.0667, 0.0000, 3.1582, 3.1415,-0.0070,-0.2765, 4.6799
 0.0667, 0.0000, 3.1582, 3.1415,-0.0014,-0.0553, 4.6799
 0.0670, 0.0000, 3.1582, 3.1415, 0.0239,-0.0110, 4.1959
 0.0677, 0.0000, 3.1615, 3.1415, 0.0593, 0.2637,-4.6799
 0.0682, 0.0000, 3.1648, 3.1415, 0.0482, 0.3186,-4.6799
 0.0682, 0.0000, 3.1648, 3.1415, 0.0096, 0.0637,-4.6715
 0.0681, 0.0000, 3.1648, 3.1415,-0.0041, 0.0127,-2.2501
 0.0676, 0.0000, 3.1615, 3.1415,-0.0432,-0.2633, 4.6799
 0.0674, 0.0000, 3.1615, 3.1415,-0.0207,-0.0526, 2.0022
 0.0676, 0.0000, 3.1615, 3.1415, 0.0079,-0.0105, 1.6194
 0.0676, 0.0000, 3.1615, 3.1415, 0.0015,-0.0021, 0.4154
 0.0676, 0.0000, 3.1615, 3.1415, 0.0063,-0.0004, 0.7443
 0.0682, 0.0000, 3.1615, 3.1415, 0.0437,-0.0000, 4.2349
 0.0686, 0.0000, 3.1615, 3.1415, 0.0451,-0.0000, 4.4057
 0.0691, 0.0000, 3.1648, 3.1415, 0.0454, 0.2659,-4.6799
 0.0693, 0.0000, 3.1648, 3.1415, 0.0272, 0.0531,-2.1570
 0.0696, 0.0000, 3.1648, 3.1415, 0.0297, 0.0106, 1.1926
 0.0697, 0.0000, 3.1648, 3.1415, 0.0120, 0.0021, 0.1774
 0.0698, 0.0000, 3.1648, 3.1415, 0.0084, 0.0004,-0.0195
 0.0697, 0.0000, 3.1648, 3.1415,-0.0043, 0.0000,-1.1923
 0.0695, 0.0000, 3.1648, 3.1415,-0.0130, 0.0000,-2.0028
 0.0694, 0.0000, 3.1648, 3.1415,-0.0147, 0.0000,-2.1770
 0.0691, 0.0000, 3.1648, 3.1415,-0.0271, 0.0000,-3.3635
 0.0685, 0.0000, 3.1615, 3.1415,-0.0539,-0.2659, 4.6799
 0.0680, 0.0000, 3.1615, 3.1415,-0.0471,-0.0531,-0.3468
 0.0676, 0.0000, 3.1582, 3.1415,-0.0458,-0.2765, 4.6799
 0.0675, 0.0000, 3.1582, 3.1415,-0.0152,-0.0553, 3.8245
 0.0676, 0.0000, 3.1582, 3.1415, 0.0030,-0.0110, 2.3063
 0.0678, 0.0000, 3.1582, 3.1415, 0.0187,-0.0022, 3.1483
 0.0682, 0.0000, 3.1582, 3.1415, 0.0401,-0.0004, 4.6799
 0.0689, 0.0000, 3.1615, 3.1415, 0.0625, 0.2658,-4.6799
 0.0693, 0.0000, 3.1615, 3.1415, 0.0428, 0.0531, 0.3947
 0.0698, 0.0000, 3.1648, 3.1415, 0.0449, 0.2765,-4.6799
 0.0699, 0.0000, 3.1648, 3.1415, 0.0211, 0.0553,-2.8217
 0.0698, 0.0000, 3.1648, 3.1415,-0.0018, 0.0110,-1.7406
 0.0695, 0.0000, 3.1648, 3.1415,-0.0246, 0.0022,-3.2399
 0.0691, 0.0000, 3.1615, 3.1415,-0.0413,-0.2654, 4.6799
 0.0688, 0.0000, 3.1582, 3.1415,-0.0325,-0.3190, 4.6799
 0.0688, 0.0000, 3.1582, 3.1415,-0.0065,-0.0638, 4.6799
 0.0691, 0.0000, 3.1582, 3.1415, 0.0229,-0.0127, 4.4297
 0.0694, 0.0000, 3.1582, 3.1415, 0.0288,-0.0025, 4.2640
 0.0700, 0.0000, 3.1615, 3.1415, 0.0542, 0.2654,-4.6799
 0.0704, 0.0000, 3.1648, 3.1415, 0.0472, 0.3190,-4.6799
 0.0706, 0.0000, 3.1648, 3.1415, 0.0215, 0.0638,-3.3284
 0.0704, 0.0000, 3.1648, 3.1415,-0.0078, 0.0127,-2.3572
 0.0700, 0.0000, 3.1615, 3.1415,-0.0379,-0.2633, 4.6799
 0.0698, 0.0000, 3.1615, 3.1415,-0.0197,-0.0526, 2.3435
 0.0698, 0.0000, 3.1615, 3.1415,-0.0039,-0.0105, 0.7421
 0.0700, 0.0000, 3.1615, 3.1415, 0.0113,-0.0021, 1.5614
 0.0701, 0.0000, 3.1615, 3.1415, 0.0143,-0.0004, 1.7374
 0.0706, 0.0000, 3.1615, 3.1415, 0.0392,-0.0000, 4.0638
 0.0711, 0.0000, 3.1615, 3.1415, 0.0502,-0.0000, 4.6799
 0.0716, 0.0000, 3.1648, 3.1415, 0.0525, 0.2659,-4.6799
 0.0720, 0.0000, 3.1648, 3.1415, 0.0347, 0.0531,-1.1979
 0.0722, 0.0000, 3.1648, 3.1415, 0.0251, 0.0106, 1.0268
 0.0723, 0.0000, 3.1648, 3.1415, 0.0171, 0.0021, 0.9202
 0.0724, 0.0000, 3.1648, 3.1415, 0.0094, 0.0004, 0.3412
 0.0724, 0.0000, 3.1648, 3.1415, 0.0018, 0.0000,-0.3382
 0.0723, 0.0000, 3.1648, 3.1415,-0.0056, 0.0000,-1.0438
 0.0723, 0.0000, 3.1648, 3.1415,-0.0011, 0.0000,-0.6213
 0.0721, 0.0000, 3.1648, 3.1415,-0.0184, 0.0000,-2.2461
 0.0717, 0.0000, 3.1648, 3.1415,-0.0340, 0.0000,-3.7288
 0.0711, 0.0000, 3.1615, 3.1415,-0.0553,-0.2659, 4.6799
 0.0707, 0.0000, 3.1582, 3.1415,-0.0474,-0.3191, 4.6799
 0.0707, 0.0000, 3.1582, 3.1415,-0.0094,-0.0638, 4.6799
 0.0709, 0.0000, 3.1582, 3.1415, 0.0162,-0.0127, 3.9943
 0.0711, 0.0000, 3.1582, 3.1415, 0.0214,-0.0025, 3.7527
 0.0717, 0.0000, 3.1615, 3.1415, 0.0527, 0.2654,-4.6799
 0.0720, 0.0000, 3.1615, 3.1415, 0.0348, 0.0530,-0.0702
 0.0721, 0.0000, 3.1615, 3.1415, 0.0130, 0.0106, 1.0050
 0.0721, 0.0000, 3.1615, 3.1415, 0.0026, 0.0021, 0.6563
 0.0723, 0.0000, 3.1615, 3.1415, 0.0126, 0.0004, 1.7261
 0.0724, 0.0000, 3.1615, 3.1415, 0.0146, 0.0000, 1.9522
 0.0726, 0.0000, 3.1615, 3.1415, 0.0211, 0.0000, 2.5793
 0.0729, 0.0000, 3.1615, 3.1415, 0.0284, 0.0000, 3.2928
 0.0733, 0.0000, 3.1648, 3.1415, 0.0360, 0.2659,-4.6799
 0.0735, 0.0000, 3.1648, 3.1415, 0.0193, 0.0531,-2.4766
 0.0733, 0.0000, 3.1648, 3.1415,-0.0082, 0.0106,-1.9564
 0.0730, 0.0000, 3.1615, 3.1415,-0.0259,-0.2638, 4.6799
 0.0730, 0.0000, 3.1615, 3.1415,-0.0051,-0.0527, 4.0156
 0.0730, 0.0000, 3.1615, 3.1415,-0.0010,-0.0105, 1.3312
 0.0732, 0.0000, 3.1615, 3.1415, 0.0119,-0.0021, 1.9339
 0.0734, 0.0000, 3.1615, 3.1415, 0.0205,-0.0004, 2.6363
 0.0738, 0.0000, 3.1615, 3.1415, 0.0344,-0.0000, 3.9345
 0.0743, 0.0000, 3.1615, 3.1415, 0.0493,-0.0000, 4.6799
 0.0750, 0.0000, 3.1648, 3.1415, 0.0644, 0.2659,-4.6799
 0.0752, 0.0000, 3.1681, 3.1415, 0.0310, 0.3191,-4.6799
 0.0753, 0.0000, 3.1681, 3.1415, 0.0122, 0.0638,-4.6799
 0.0752, 0.0000, 3.1681, 3.1415,-0.0036, 0.0127,-2.5979
 0.0747, 0.0000, 3.1648, 3.1415,-0.0431,-0.2634, 4.6799
 0.0745, 0.0000, 3.1615, 3.1415,-0.0207,-0.3186, 4.6799
 0.0743, 0.0000, 3.1615, 3.1415,-0.0223,-0.0637, 3.3502
 0.0746, 0.0000, 3.1615, 3.1415, 0.0197,-0.0127, 3.5803
 0.0751, 0.0000, 3.1615, 3.1415, 0.0403,-0.0025, 4.6799
 0.0757, 0.0000, 3.1648, 3.1415, 0.0565, 0.2654,-4.6799
 0.0760, 0.0000, 3.1681, 3.1415, 0.0355, 0.3190,-4.6799
 0.0761, 0.0000, 3.1681, 3.1415, 0.0192, 0.0638,-4.0994
 0.0759, 0.0000, 3.1681, 3.1415,-0.0143, 0.0127,-3.5247
 0.0755, 0.0000, 3.1648, 3.1415,-0.0331,-0.2634, 4.6799
 0.0754, 0.0000, 3.1615, 3.1415,-0.0127,-0.3186, 4.6799
 0.0754, 0.0000, 3.1615, 3.1415,-0.0086,-0.0637, 4.6799
 0.0757, 0.0000, 3.1615, 3.1415, 0.0225,-0.0127, 3.9412
 0.0763, 0.0000, 3.1648, 3.1415, 0.0530, 0.2633,-4.6799
 0.0765, 0.0000, 3.1648, 3.1415, 0.0287, 0.0526,-1.2589
 0.0765, 0.0000, 3.1648, 3.1415, 0.0057, 0.0105,-0.3308
 0.0764, 0.0000, 3.1648, 3.1415,-0.0049, 0.0021,-0.7150
 0.0762, 0.0000, 3.1648, 3.1415,-0.0191, 0.0004,-1.9374
 0.0757, 0.0000, 3.1648, 3.1415,-0.0402, 0.0000,-3.9094
 0.0752, 0.0000, 3.1615, 3.1415,-0.0504,-0.2659, 4.6799
 0.0750, 0.0000, 3.1582, 3.1415,-0.0282,-0.3191, 4.6799
 0.0750, 0.0000, 3.1582, 3.1415,-0.0056,-0.0638, 4.6799
 0.0753, 0.0000, 3.1582, 3.1415, 0.0231,-0.0127, 4.6799
 0.0757, 0.0000, 3.1615, 3.1415, 0.0410, 0.2634,-4.6799
 0.0759, 0.0000, 3.1615, 3.1415, 0.0203, 0.0526,-0.9969
 0.0761, 0.0000, 3.1615, 3.1415, 0.0222, 0.0105, 2.2684
 0.0763, 0.0000, 3.1615, 3.1415, 0.0226, 0.0021, 2.9397
 0.0767, 0.0000, 3.1615, 3.1415, 0.0287, 0.0004, 3.6619
 0.0770, 0.0000, 3.1615, 3.1415, 0.0300, 0.0000, 3.8306
 0.0776, 0.0000, 3.1648, 3.1415, 0.0545, 0.2659,-4.6799
 0.0778, 0.0000, 3.1648, 3.1415, 0.0290, 0.0531,-1.1396
 0.0779, 0.0000, 3.1648, 3.1415, 0.0118, 0.0106, 0.3658
 0.0780, 0.0000, 3.1648, 3.1415, 0.0145, 0.0021, 1.2427
 0.0781, 0.0000, 3.1648, 3.1415, 0.0089, 0.0004, 0.8605
 0.0784, 0.0000, 3.1648, 3.1415, 0.0260, 0.0000, 2.4994
 0.0788, 0.0000, 3.1681, 3.1415, 0.0355, 0.2659,-4.6799
 0.0790, 0.0000, 3.1681, 3.1415, 0.0252, 0.0531,-2.4783
 0.0788, 0.0000, 3.1681, 3.1415,-0.0070, 0.0106,-2.4004
 0.0788, 0.0000, 3.1681, 3.1415,-0.0074, 0.0021,-1.8271
 0.0784, 0.0000, 3.1681, 3.1415,-0.0318, 0.0004,-3.9977
 0.0777, 0.0000, 3.1648, 3.1415,-0.0609,-0.2658, 4.6799
 0.0776, 0.0000, 3.1615, 3.1415,-0.0243,-0.3191, 4.6799
 0.0776, 0.0000, 3.1615, 3.1415, 0.0012,-0.0638, 4.6799
 0.0778, 0.0000, 3.1615, 3.1415, 0.0123,-0.0127, 3.2122
 0.0782, 0.0000, 3.1648, 3.1415, 0.0327, 0.2633,-4.6799
 0.0785, 0.0000, 3.1648, 3.1415, 0.0368, 0.0526,-0.3048
 0.0786, 0.0000, 3.1648, 3.1415, 0.0134, 0.0105, 0.5933
 0.0788, 0.0000, 3.1648, 3.1415, 0.0208, 0.0021, 1.9187
 0.0792, 0.0000, 3.1648, 3.1415, 0.0284, 0.0004, 2.7717
 0.0793, 0.0000, 3.1648, 3.1415, 0.0178, 0.0000, 1.8270
 0.0796, 0.0000, 3.1681, 3.1415, 0.0278, 0.2659,-4.6799
 0.0799, 0.0000, 3.1681, 3.1415, 0.0298, 0.0531,-1.9682
 0.0800, 0.0000, 3.1681, 3.1415, 0.0120, 0.0106,-0.5162
 0.0798, 0.0000, 3.1681, 3.1415,-0.0097, 0.0021,-1.9291
 0.0797, 0.0000, 3.1681, 3.1415,-0.0140, 0.0004,-2.2238
 0.0794, 0.0000, 3.1681, 3.1415,-0.0270, 0.0000,-3.4344
 0.0788, 0.0000, 3.1648, 3.1415,-0.0478,-0.2659, 4.6799
 0.0787, 0.0000, 3.1648, 3.1415,-0.0216,-0.0531, 1.9759
 0.0788, 0.0000, 3.1648, 3.1415, 0.0017,-0.0106, 1.0617
 0.0788, 0.0000, 3.1648, 3.1415, 0.0064,-0.0021, 0.8849
 0.0791, 0.0000, 3.1648, 3.1415, 0.0194,-0.0004, 1.9951
 0.0797, 0.0000, 3.1681, 3.1415, 0.0524, 0.2658,-4.6799
 0.0800, 0.0000, 3.1681, 3.1415, 0.0347, 0.0531,-1.5032
 0.0800, 0.0000, 3.1681, 3.1415, 0.0069, 0.0106,-0.9869
 0.0800, 0.0000, 3.1681, 3.1415, 0.0013, 0.0021,-0.8837
 0.0797, 0.0000, 3.1681, 3.1415,-0.0239, 0.0004,-3.1422
 0.0794, 0.0000, 3.1681, 3.1415,-0.0290, 0.0000,-3.6181
 0.0791, 0.0000, 3.1648, 3.1415,-0.0300,-0.2659, 4.6799
 0.0788, 0.0000, 3.1648, 3.1415,-0.0302,-0.0531, 1.1891
 0.0788, 0.0000, 3.1648, 3.1415,-0.0060,-0.0106, 0.3406
 0.0791, 0.0000, 3.1648, 3.1415, 0.0230,-0.0021, 2.4500
 0.0795, 0.0000, 3.1681, 3.1415, 0.0409, 0.2655,-4.6799
 0.0797, 0.0000, 3.1681, 3.1415, 0.0203, 0.0531,-2.8646
 0.0797, 0.0000, 3.1681, 3.1415, 0.0040, 0.0106,-1.2835
 0.0795, 0.0000, 3.1681, 3.1415,-0.0113, 0.0021,-2.1068
 0.0791, 0.0000, 3.1681, 3.1415,-0.0386, 0.0004,-4.5627
 0.0785, 0.0000, 3.1648, 3.1415,-0.0501,-0.2658, 4.6799
 0.0784, 0.0000, 3.1648, 3.1415,-0.0221,-0.0531, 1.9016
 0.0785, 0.0000, 3.1648, 3.1415, 0.0016,-0.0106, 1.0226
 0.0785, 0.0000, 3.1648, 3.1415, 0.0063,-0.0021, 0.8528
 0.0788, 0.0000, 3.1648, 3.1415, 0.0194,-0.0004, 1.9645
 0.0794, 0.0000, 3.1681, 3.1415, 0.0524, 0.2658,-4.6799
 0.0797, 0.0000, 3.1681, 3.1415, 0.0347, 0.0531,-1.5336
 0.0797, 0.0000, 3.1715, 3.1415, 0.0069, 0.2765,-4.6799
 0.0796, 0.0000, 3.1715, 3.1415,-0.0046, 0.0553,-4.6799
 0.0791, 0.0000, 3.1681, 3.1415,-0.0433,-0.2548, 4.6799
 0.0789, 0.0000, 3.1681, 3.1415,-0.0208,-0.0509, 0.8130
 0.0792, 0.0000, 3.1681, 3.1415, 0.0140,-0.0101, 1.1007
 0.0792, 0.0000, 3.1681, 3.1415, 0.0028,-0.0020,-0.5329
 0.0791, 0.0000, 3.1715, 3.1415,-0.0055, 0.2655,-4.6799
 0.0792, 0.0000, 3.1715, 3.1415, 0.0110, 0.0531,-4.6799
 0.0788, 0.0000, 3.1715, 3.1415,-0.0281, 0.0106,-4.6799
 0.0782, 0.0000, 3.1681, 3.1415,-0.0541,-0.2638, 4.6799
 0.0781, 0.0000, 3.1681, 3.1415,-0.0229,-0.0527, 0.6603
 0.0780, 0.0000, 3.1681, 3.1415,-0.0106,-0.0105,-1.2756
 0.0777, 0.0000, 3.1681, 3.1415,-0.0263,-0.0021,-3.3781
 0.0776, 0.0000, 3.1681, 3.1415,-0.0113,-0.0004,-2.1136
 0.0773, 0.0000, 3.1681, 3.1415,-0.0265,-0.0000,-3.5761
 0.0770, 0.0000, 3.1681, 3.1415,-0.0356,-0.0000,-4.4627
 0.0765, 0.0000, 3.1648, 3.1415,-0.0435,-0.2659, 4.6799
 0.0760, 0.0000, 3.1648, 3.1415,-0.0511,-0.0531,-1.0269
 0.0754, 0.0000, 3.1648, 3.1415,-0.0587,-0.0106,-4.6799
 0.0750, 0.0000, 3.1615, 3.1415,-0.0420,-0.2680, 4.6799
 0.0748, 0.0000, 3.1615, 3.1415,-0.0266,-0.0536, 2.2655
 0.0748, 0.0000, 3.1615, 3.1415,-0.0053,-0.0107, 1.1206
 0.0748, 0.0000, 3.1615, 3.1415, 0.0049,-0.0021, 1.4615
 0.0751, 0.0000, 3.1648, 3.1415, 0.0191, 0.2655,-4.6799
 0.0753, 0.0000, 3.1648, 3.1415, 0.0220, 0.0531,-2.0382
 0.0752, 0.0000, 3.1648, 3.1415,-0.0016, 0.0106,-1.1534
 0.0749, 0.0000, 3.1648, 3.1415,-0.0245, 0.0021,-2.6919
 0.0745, 0.0000, 3.1648, 3.1415,-0.0412, 0.0004,-4.1634
 0.0737, 0.0000, 3.1648, 3.1415,-0.0688, 0.0000,-4.6799
 0.0729, 0.0000, 3.1615, 3.1415,-0.0804,-0.2659, 4.6799
 0.0723, 0.0000, 3.1582, 3.1415,-0.0646,-0.3191, 4.6799
 0.0719, 0.0000, 3.1582, 3.1415,-0.0432,-0.0638, 2.2856
 0.0718, 0.0000, 3.1582, 3.1415,-0.0147,-0.0127, 1.2106
 0.0719, 0.0000, 3.1582, 3.1415, 0.0031,-0.0025, 2.1292
 0.0722, 0.0000, 3.1615, 3.1415, 0.0248, 0.2654,-4.6799
 0.0724, 0.0000, 3.1615, 3.1415, 0.0231, 0.0530,-1.1122
 0.0723, 0.0000, 3.1615, 3.1415,-0.0074, 0.0106,-0.8823
 0.0720, 0.0000, 3.1615, 3.1415,-0.0257, 0.0021,-1.9880
 0.0716, 0.0000, 3.1615, 3.1415,-0.0354, 0.0004,-2.8032
 0.0710, 0.0000, 3.1615, 3.1415,-0.0556, 0.0000,-4.6799
 0.0701, 0.0000, 3.1582, 3.1415,-0.0778,-0.2659, 4.6799
 0.0696, 0.0000, 3.1548, 3.1415,-0.0580,-0.3191, 4.6799
 0.0695, 0.0000, 3.1548, 3.1415,-0.0237,-0.0638, 4.6799
 0.0695, 0.0000, 3.1548, 3.1415, 0.0013,-0.0127, 3.5771
 0.0698, 0.0000, 3.1548, 3.1415, 0.0184,-0.0025, 4.4463
 0.0703, 0.0000, 3.1582, 3.1415, 0.0461, 0.2654,-4.6799
 0.0706, 0.0000, 3.1615, 3.1415, 0.0334, 0.3190,-4.6799
 0.0707, 0.0000, 3.1615, 3.1415, 0.0127, 0.0638,-3.0307
 0.0704, 0.0000, 3.1615, 3.1415,-0.0217, 0.0127,-2.5451
 0.0699, 0.0000, 3.1615, 3.1415,-0.0407, 0.0025,-3.6117
 0.0693, 0.0000, 3.1582, 3.1415,-0.0566,-0.2654, 4.6799
 0.0691, 0.0000, 3.1582, 3.1415,-0.0295,-0.0530, 2.4963
 0.0690, 0.0000, 3.1582, 3.1415,-0.0119,-0.0106, 1.0284
 0.0691, 0.0000, 3.1582, 3.1415, 0.0036,-0.0021, 1.8684
 0.0692, 0.0000, 3.1582, 3.1415, 0.0128,-0.0004, 2.6122
 0.0695, 0.0000, 3.1582, 3.1415, 0.0268,-0.0000, 3.9126
 0.0701, 0.0000, 3.1615, 3.1415, 0.0538, 0.2659,-4.6799
 0.0703, 0.0000, 3.1615, 3.1415, 0.0229, 0.0531,-1.3560
 0.0703, 0.0000, 3.1648, 3.1415, 0.0045, 0.2765,-4.6799
 0.0702, 0.0000, 3.1648, 3.1415,-0.0051, 0.0553,-4.6799
 0.0698, 0.0000, 3.1648, 3.1415,-0.0374, 0.0110,-4.6799
 0.0690, 0.0000, 3.1615, 3.1415,-0.0681,-0.2637, 4.6799
 0.0687, 0.0000, 3.1582, 3.1415,-0.0378,-0.3187, 4.6799
 0.0686, 0.0000, 3.1582, 3.1415,-0.0136,-0.0637, 4.6799
 0.0688, 0.0000, 3.1582, 3.1415, 0.0093,-0.0127, 3.1417
 0.0691, 0.0000, 3.1615, 3.1415, 0.0261, 0.2634,-4.6799
 0.0693, 0.0000, 3.1615, 3.1415, 0.0234, 0.0526,-1.3700
 0.0694, 0.0000, 3.1615, 3.1415, 0.0107, 0.0105, 0.5268
 0.0695, 0.0000, 3.1615, 3.1415, 0.0082, 0.0021, 0.9122
 0.0695, 0.0000, 3.1615, 3.1415, 0.0016, 0.0004, 0.4255
 0.0695, 0.0000, 3.1615, 3.1415, 0.0063, 0.0000, 0.8980
 0.0696, 0.0000, 3.1648, 3.1415, 0.0073, 0.2659,-4.6799
 0.0698, 0.0000, 3.1648, 3.1415, 0.0135, 0.0531,-3.3799
 0.0696, 0.0000, 3.1648, 3.1415,-0.0094, 0.0106,-2.4342
 0.0691, 0.0000, 3.1648, 3.1415,-0.0443, 0.0021,-4.6799
 0.0685, 0.0000, 3.1615, 3.1415,-0.0573,-0.2655, 4.6799
 0.0682, 0.0000, 3.1615, 3.1415,-0.0357,-0.0531, 0.7230
 0.0680, 0.0000, 3.1582, 3.1415,-0.0192,-0.2765, 4.6799
 0.0680, 0.0000, 3.1582, 3.1415,-0.0038,-0.0553, 4.6799
 0.0683, 0.0000, 3.1615, 3.1415, 0.0234, 0.2548,-4.6799
 0.0685, 0.0000, 3.1615, 3.1415, 0.0168, 0.0509,-1.9409
 0.0685, 0.0000, 3.1615, 3.1415, 0.0033, 0.0101,-0.2238
 0.0683, 0.0000, 3.1615, 3.1415,-0.0114, 0.0020,-1.0199
 0.0680, 0.0000, 3.1615, 3.1415,-0.0265, 0.0004,-2.3308
 0.0675, 0.0000, 3.1615, 3.1415,-0.0477, 0.0000,-4.3266
 0.0670, 0.0000, 3.1582, 3.1415,-0.0519,-0.2659, 4.6799
 0.0667, 0.0000, 3.1548, 3.1415,-0.0285,-0.3191, 4.6799
 0.0667, 0.0000, 3.1548, 3.1415,-0.0057,-0.0638, 4.6799
 0.0670, 0.0000, 3.1548, 3.1415, 0.0170,-0.0127, 4.6799
 0.0674, 0.0000, 3.1582, 3.1415, 0.0397, 0.2634,-4.6799
 0.0676, 0.0000, 3.1615, 3.1415, 0.0261, 0.3186,-4.6799
 0.0676, 0.0000, 3.1615, 3.1415, 0.0052, 0.0637,-4.0261
 0.0674, 0.0000, 3.1615, 3.1415,-0.0171, 0.0127,-2.4168
 0.0669, 0.0000, 3.1582, 3.1415,-0.0458,-0.2634, 4.6799
 0.0669, 0.0000, 3.1582, 3.1415,-0.0091,-0.0526, 4.1333
 0.0669, 0.0000, 3.1582, 3.1415,-0.0018,-0.0105, 1.7498
 0.0670, 0.0000, 3.1582, 3.1415, 0.0117,-0.0021, 2.4126
 0.0672, 0.0000, 3.1582, 3.1415, 0.0144,-0.0004, 2.5574
 0.0678, 0.0000, 3.1582, 3.1415, 0.0514,-0.0000, 4.6799
 0.0684, 0.0000, 3.1615, 3.1415, 0.0587, 0.2659,-4.6799
 0.0687, 0.0000, 3.1648, 3.1415, 0.0360, 0.3191,-4.6799
 0.0688, 0.0000, 3.1648, 3.1415, 0.0132, 0.0638,-4.2820
 0.0686, 0.0000, 3.1648, 3.1415,-0.0094, 0.0127,-2.6934
 0.0682, 0.0000, 3.1615, 3.1415,-0.0382,-0.2633, 4.6799
 0.0682, 0.0000, 3.1615, 3.1415,-0.0076,-0.0526, 3.2949
 0.0682, 0.0000, 3.1615, 3.1415,-0.0015,-0.0105, 0.7990
 0.0682, 0.0000, 3.1615, 3.1415,-0.0003,-0.0021, 0.2998
 0.0685, 0.0000, 3.1615, 3.1415, 0.0241,-0.0004, 2.4791
 0.0691, 0.0000, 3.1648, 3.1415, 0.0533, 0.2658,-4.6799
 0.0691, 0.0000, 3.1648, 3.1415, 0.0167, 0.0531,-3.1481
 0.0690, 0.0000, 3.1648, 3.1415,-0.0087, 0.0106,-2.4363
 0.0689, 0.0000, 3.1648, 3.1415,-0.0078, 0.0021,-1.7364
 0.0684, 0.0000, 3.1615, 3.1415,-0.0440,-0.2655, 4.6799
 0.0683, 0.0000, 3.1615, 3.1415,-0.0148,-0.0531, 2.6725
 0.0684, 0.0000, 3.1615, 3.1415, 0.0030,-0.0106, 1.2565
 0.0683, 0.0000, 3.1615, 3.1415,-0.0054,-0.0021,-0.1602
 0.0685, 0.0000, 3.1615, 3.1415, 0.0110,-0.0004, 1.2596
 0.0688, 0.0000, 3.1615, 3.1415, 0.0264,-0.0000, 2.6953
 0.0688, 0.0000, 3.1615, 3.1415, 0.0113,-0.0000, 1.2974
 0.0691, 0.0000, 3.1648, 3.1415, 0.0265, 0.2659,-4.6799
 0.0694, 0.0000, 3.1648, 3.1415, 0.0234, 0.0531,-2.4995
 0.0691, 0.0000, 3.1648, 3.1415,-0.0195, 0.0106,-3.4280
 0.0688, 0.0000, 3.1648, 3.1415,-0.0221, 0.0021,-3.0682
 0.0684, 0.0000, 3.1615, 3.1415,-0.0408,-0.2655, 4.6799
 0.0681, 0.0000, 3.1615, 3.1415,-0.0324,-0.0531, 1.0227
 0.0681, 0.0000, 3.1615, 3.1415,-0.0064,-0.0106, 0.3385
 0.0682, 0.0000, 3.1615, 3.1415, 0.0108,-0.0021, 1.3413
 0.0682, 0.0000, 3.1615, 3.1415, 0.0021,-0.0004, 0.4143
 0.0685, 0.0000, 3.1615, 3.1415, 0.0246,-0.0000, 2.5080
 0.0689, 0.0000, 3.1615, 3.1415, 0.0352,-0.0000, 3.5208
 0.0694, 0.0000, 3.1648, 3.1415, 0.0434, 0.2659,-4.6799
 0.0695, 0.0000, 3.1648, 3.1415, 0.0208, 0.0531,-2.7331
 0.0697, 0.0000, 3.1648, 3.1415, 0.0162, 0.0106,-0.0439
 0.0695, 0.0000, 3.1648, 3.1415,-0.0149, 0.0021,-2.3428
 0.0691, 0.0000, 3.1648, 3.1415,-0.0333, 0.0004,-3.9604
 0.0686, 0.0000, 3.1615, 3.1415,-0.0430,-0.2658, 4.6799
 0.0683, 0.0000, 3.1615, 3.1415,-0.0328,-0.0531, 1.0088
 0.0682, 0.0000, 3.1615, 3.1415,-0.0126,-0.0106,-0.2157
 0.0683, 0.0000, 3.1615, 3.1415, 0.0035,-0.0021, 0.6727
 0.0683, 0.0000, 3.1615, 3.1415, 0.0007,-0.0004, 0.2867
 0.0685, 0.0000, 3.1615, 3.1415, 0.0122,-0.0000, 1.3490
 0.0687, 0.0000, 3.1615, 3.1415, 0.0206,-0.0000, 2.1434
 0.0690, 0.0000, 3.1615, 3.1415, 0.0283,-0.0000, 2.8903
 0.0694, 0.0000, 3.1648, 3.1415, 0.0359, 0.2659,-4.6799
 0.0695, 0.0000, 3.1648, 3.1415, 0.0193, 0.0531,-2.8710
 0.0696, 0.0000, 3.1648, 3.1415, 0.0099, 0.0106,-0.6413
 0.0695, 0.0000, 3.1648, 3.1415,-0.0101, 0.0021,-1.8986
 0.0691, 0.0000, 3.1648, 3.1415,-0.0323, 0.0004,-3.8715
 0.0685, 0.0000, 3.1615, 3.1415,-0.0489,-0.2658, 4.6799
 0.0683, 0.0000, 3.1615, 3.1415,-0.0279,-0.0531, 1.4621
 0.0682, 0.0000, 3.1582, 3.1415,-0.0116,-0.2765, 4.6799
 0.0684, 0.0000, 3.1582, 3.1415, 0.0097,-0.0553, 4.6799
 0.0688, 0.0000, 3.1615, 3.1415, 0.0322, 0.2548,-4.6799
 0.0689, 0.0000, 3.1615, 3.1415, 0.0185, 0.0509,-1.7324
 0.0691, 0.0000, 3.1615, 3.1415, 0.0219, 0.0101, 1.5635
 0.0692, 0.0000, 3.1615, 3.1415, 0.0104, 0.0020, 1.1013
 0.0692, 0.0000, 3.1615, 3.1415, 0.0020, 0.0004, 0.4452
 0.0694, 0.0000, 3.1615, 3.1415, 0.0125, 0.0000, 1.4535
 0.0695, 0.0000, 3.1615, 3.1415, 0.0146, 0.0000, 1.6673
 0.0700, 0.0000, 3.1648, 3.1415, 0.0393, 0.2659,-4.6799
 0.0701, 0.0000, 3.1648, 3.1415, 0.0139, 0.0531,-3.3187
 0.0699, 0.0000, 3.1648, 3.1415,-0.0093, 0.0106,-2.3978
 0.0696, 0.0000, 3.1648, 3.1415,-0.0261, 0.0021,-3.3652
 0.0689, 0.0000, 3.1615, 3.1415,-0.0597,-0.2655, 4.6799
 0.0687, 0.0000, 3.1582, 3.1415,-0.0301,-0.3190, 4.6799
 0.0685, 0.0000, 3.1582, 3.1415,-0.0242,-0.0638, 3.7066
 0.0688, 0.0000, 3.1582, 3.1415, 0.0194,-0.0127, 4.0709
 0.0691, 0.0000, 3.1615, 3.1415, 0.0281, 0.2634,-4.6799
 0.0693, 0.0000, 3.1615, 3.1415, 0.0238, 0.0526,-1.3328
 0.0694, 0.0000, 3.1615, 3.1415, 0.0108, 0.0105, 0.5342
 0.0694, 0.0000, 3.1615, 3.1415, 0.0021, 0.0021, 0.3439
 0.0694, 0.0000, 3.1615, 3.1415, 0.0004, 0.0004, 0.3058
 0.0695, 0.0000, 3.1615, 3.1415, 0.0122, 0.0000, 1.4377
 0.0698, 0.0000, 3.1615, 3.1415, 0.0206, 0.0000, 2.2460
 0.0701, 0.0000, 3.1615, 3.1415, 0.0283, 0.0000, 2.9957
 0.0704, 0.0000, 3.1648, 3.1415, 0.0299, 0.2659,-4.6799
 0.0705, 0.0000, 3.1648, 3.1415, 0.0181, 0.0531,-2.8849
 0.0704, 0.0000, 3.1648, 3.1415,-0.0024, 0.0106,-1.7048
 0.0701, 0.0000, 3.1648, 3.1415,-0.0247, 0.0021,-3.1842
 0.0697, 0.0000, 3.1615, 3.1415,-0.0413,-0.2655, 4.6799
 0.0695, 0.0000, 3.1615, 3.1415,-0.0264,-0.0531, 1.7115
 0.0694, 0.0000, 3.1615, 3.1415,-0.0113,-0.0106, 0.0156
 0.0695, 0.0000, 3.1615, 3.1415, 0.0098,-0.0021, 1.3797
 0.0698, 0.0000, 3.1615, 3.1415, 0.0201,-0.0004, 2.2344
 0.0702, 0.0000, 3.1615, 3.1415, 0.0404,-0.0000, 4.1329
 0.0707, 0.0000, 3.1648, 3.1415, 0.0505, 0.2659,-4.6799
 0.0710, 0.0000, 3.1648, 3.1415, 0.0282, 0.0531,-1.8951
 0.0710, 0.0000, 3.1648, 3.1415, 0.0117, 0.0106,-0.3309
 0.0710, 0.0000, 3.1648, 3.1415,-0.0037, 0.0021,-1.1516
 0.0706, 0.0000, 3.1648, 3.1415,-0.0310, 0.0004,-3.6008
 0.0700, 0.0000, 3.1615, 3.1415,-0.0547,-0.2658, 4.6799
 0.0698, 0.0000, 3.1582, 3.1415,-0.0291,-0.3191, 4.6799
 0.0698, 0.0000, 3.1582, 3.1415,-0.0058,-0.0638, 4.6799
 0.0701, 0.0000, 3.1582, 3.1415, 0.0230,-0.0127, 4.5410
 0.0705, 0.0000, 3.1615, 3.1415, 0.0409, 0.2634,-4.6799
 0.0707, 0.0000, 3.1615, 3.1415, 0.0263, 0.0526,-0.9503
 0.0709, 0.0000, 3.1615, 3.1415, 0.0174, 0.0105, 1.2957
 0.0711, 0.0000, 3.1615, 3.1415, 0.0216, 0.0021, 2.3268
 0.0711, 0.0000, 3.1615, 3.1415, 0.0043, 0.0004, 0.8419
 0.0713, 0.0000, 3.1615, 3.1415, 0.0129, 0.0000, 1.6844
 0.0714, 0.0000, 3.1648, 3.1415, 0.0147, 0.2659,-4.6799
 0.0716, 0.0000, 3.1648, 3.1415, 0.0150, 0.0531,-3.0610
 0.0715, 0.0000, 3.1648, 3.1415,-0.0030, 0.0106,-1.6551
 0.0710, 0.0000, 3.1615, 3.1415,-0.0430,-0.2638, 4.6799
 0.0709, 0.0000, 3.1615, 3.1415,-0.0146,-0.0527, 2.9232
 0.0709, 0.0000, 3.1615, 3.1415,-0.0029,-0.0105, 0.9429
 0.0710, 0.0000, 3.1615, 3.1415, 0.0115,-0.0021, 1.6864
 0.0713, 0.0000, 3.1615, 3.1415, 0.0204,-0.0004, 2.4171
 0.0716, 0.0000, 3.1615, 3.1415, 0.0344,-0.0000, 3.7209
 0.0723, 0.0000, 3.1648, 3.1415, 0.0614, 0.2659,-4.6799
 0.0726, 0.0000, 3.1648, 3.1415, 0.0304, 0.0531,-1.5333
 0.0724, 0.0000, 3.1648, 3.1415,-0.0060, 0.0106,-1.8406
 0.0723, 0.0000, 3.1648, 3.1415,-0.0072, 0.0021,-1.3443
 0.0720, 0.0000, 3.1648, 3.1415,-0.0317, 0.0004,-3.5303
 0.0714, 0.0000, 3.1615, 3.1415,-0.0487,-0.2658, 4.6799
 0.0711, 0.0000, 3.1582, 3.1415,-0.0340,-0.3191, 4.6799
 0.0710, 0.0000, 3.1582, 3.1415,-0.0189,-0.0638, 4.4482
 0.0713, 0.0000, 3.1582, 3.1415, 0.0204,-0.0127, 4.4193
 0.0716, 0.0000, 3.1615, 3.1415, 0.0344, 0.2634,-4.6799
 0.0719, 0.0000, 3.1615, 3.1415, 0.0250, 0.0526,-0.9587
 0.0720, 0.0000, 3.1615, 3.1415, 0.0110, 0.0105, 0.8152
 0.0721, 0.0000, 3.1615, 3.1415, 0.0143, 0.0021, 1.7458
 0.0722, 0.0000, 3.1615, 3.1415, 0.0089, 0.0004, 1.3743
 0.0723, 0.0000, 3.1615, 3.1415, 0.0078, 0.0000, 1.3060
 0.0723, 0.0000, 3.1615, 3.1415, 0.0015, 0.0000, 0.7286
 0.0726, 0.0000, 3.1615, 3.1415, 0.0245, 0.0000, 2.8923
 0.0729, 0.0000, 3.1615, 3.1415, 0.0352, 0.0000, 3.9190
 0.0734, 0.0000, 3.1648, 3.1415, 0.0434, 0.2659,-4.6799
 0.0735, 0.0000, 3.1648, 3.1415, 0.0147, 0.0531,-2.9013
 0.0735, 0.0000, 3.1648, 3.1415, 0.0029, 0.0106,-0.9018
 0.0733, 0.0000, 3.1648, 3.1415,-0.0115, 0.0021,-1.6415
 0.0727, 0.0000, 3.1615, 3.1415,-0.0508,-0.2655, 4.6799
 0.0724, 0.0000, 3.1615, 3.1415,-0.0344,-0.0531, 1.2690
 0.0723, 0.0000, 3.1582, 3.1415,-0.0190,-0.2765, 4.6799
 0.0725, 0.0000, 3.1582, 3.1415, 0.0143,-0.0553, 4.6799
 0.0728, 0.0000, 3.1615, 3.1415, 0.0271, 0.2548,-4.6799
 0.0729, 0.0000, 3.1615, 3.1415, 0.0175, 0.0509,-1.4261
 0.0729, 0.0000, 3.1615, 3.1415, 0.0035, 0.0101, 0.2368
 0.0729, 0.0000, 3.1615, 3.1415, 0.0007, 0.0020, 0.5694
 0.0729, 0.0000, 3.1615, 3.1415, 0.0001, 0.0004, 0.6359
 0.0730, 0.0000, 3.1615, 3.1415, 0.0060, 0.0000, 1.2189
 0.0730, 0.0000, 3.1615, 3.1415, 0.0012, 0.0000, 0.7719
 0.0733, 0.0000, 3.1615, 3.1415, 0.0244, 0.0000, 2.9616
 0.0737, 0.0000, 3.1615, 3.1415, 0.0352, 0.0000, 3.9935
 0.0742, 0.0000, 3.1615, 3.1415, 0.0434, 0.0000, 4.6799
 0.0748, 0.0000, 3.1648, 3.1415, 0.0571, 0.2659,-4.6799
 0.0751, 0.0000, 3.1648, 3.1415, 0.0417, 0.0531,-0.2305
 0.0754, 0.0000, 3.1648, 3.1415, 0.0265, 0.0106, 1.4749
 0.0756, 0.0000, 3.1648, 3.1415, 0.0234, 0.0021, 1.8342
 0.0757, 0.0000, 3.1648, 3.1415, 0.0107, 0.0004, 0.7848
 0.0759, 0.0000, 3.1648, 3.1415, 0.0203, 0.0000, 1.7205
 0.0762, 0.0000, 3.1681, 3.1415, 0.0283, 0.2659,-4.6799
 0.0764, 0.0000, 3.1681, 3.1415, 0.0238, 0.0531,-2.8696
 0.0763, 0.0000, 3.1681, 3.1415,-0.0073, 0.0106,-2.6847
 0.0760, 0.0000, 3.1681, 3.1415,-0.0257, 0.0021,-3.7995
 0.0754, 0.0000, 3.1648, 3.1415,-0.0475,-0.2655, 4.6799
 0.0751, 0.0000, 3.1615, 3.1415,-0.0398,-0.3190, 4.6799
 0.0751, 0.0000, 3.1615, 3.1415,-0.0019,-0.0638, 4.6799
 0.0754, 0.0000, 3.1615, 3.1415, 0.0238,-0.0127, 4.0439
 0.0759, 0.0000, 3.1648, 3.1415, 0.0411, 0.2633,-4.6799
 0.0760, 0.0000, 3.1648, 3.1415, 0.0203, 0.0526,-2.0864
 0.0762, 0.0000, 3.1648, 3.1415, 0.0161, 0.0105, 0.6067
 0.0763, 0.0000, 3.1648, 3.1415, 0.0153, 0.0021, 1.1575
 0.0763, 0.0000, 3.1648, 3.1415, 0.0030, 0.0004, 0.1403
 0.0765, 0.0000, 3.1648, 3.1415, 0.0127, 0.0000, 1.0764
 0.0768, 0.0000, 3.1648, 3.1415, 0.0268, 0.0000, 2.4152
 0.0772, 0.0000, 3.1648, 3.1415, 0.0356, 0.0000, 3.2770
 0.0776, 0.0000, 3.1681, 3.1415, 0.0374, 0.2659,-4.6799
 0.0779, 0.0000, 3.1681, 3.1415, 0.0317, 0.0531,-1.9939
 0.0779, 0.0000, 3.1681, 3.1415, 0.0124, 0.0106,-0.6851
 0.0778, 0.0000, 3.1681, 3.1415,-0.0096, 0.0021,-2.1266
 0.0776, 0.0000, 3.1681, 3.1415,-0.0140, 0.0004,-2.4270
 0.0771, 0.0000, 3.1681, 3.1415,-0.0452, 0.0000,-4.6799
 0.0763, 0.0000, 3.1648, 3.1415,-0.0696,-0.2659, 4.6799
 0.0760, 0.0000, 3.1615, 3.1415,-0.0381,-0.3191, 4.6799
 0.0760, 0.0000, 3.1615, 3.1415,-0.0076,-0.0638, 4.6799
 0.0762, 0.0000, 3.1615, 3.1415, 0.0105,-0.0127, 2.8892
 0.0765, 0.0000, 3.1648, 3.1415, 0.0263, 0.2633,-4.6799
 0.0767, 0.0000, 3.1648, 3.1415, 0.0234, 0.0526,-1.7301
 0.0770, 0.0000, 3.1648, 3.1415, 0.0228, 0.0105, 1.3023
 0.0770, 0.0000, 3.1648, 3.1415, 0.0106, 0.0021, 0.7875
 0.0770, 0.0000, 3.1648, 3.1415, 0.0021, 0.0004, 0.1208
 0.0772, 0.0000, 3.1648, 3.1415, 0.0125, 0.0000, 1.1270
 0.0775, 0.0000, 3.1648, 3.1415, 0.0267, 0.0000, 2.4800
 0.0780, 0.0000, 3.1681, 3.1415, 0.0477, 0.2659,-4.6799
 0.0782, 0.0000, 3.1681, 3.1415, 0.0277, 0.0531,-2.3264
 0.0782, 0.0000, 3.1681, 3.1415, 0.0055, 0.0106,-1.2910
 0.0780, 0.0000, 3.1681, 3.1415,-0.0170, 0.0021,-2.7933
 0.0777, 0.0000, 3.1681, 3.1415,-0.0276, 0.0004,-3.6817
 0.0772, 0.0000, 3.1681, 3.1415,-0.0479, 0.0000,-4.6799
 0.0763, 0.0000, 3.1648, 3.1415,-0.0762,-0.2659, 4.6799
 0.0759, 0.0000, 3.1615, 3.1415,-0.0516,-0.3191, 4.6799
 0.0757, 0.0000, 3.1615, 3.1415,-0.0224,-0.0638, 3.4911
 0.0759, 0.0000, 3.1615, 3.1415, 0.0076,-0.0127, 2.5842
 0.0760, 0.0000, 3.1615, 3.1415, 0.0136,-0.0025, 2.4149
 0.0765, 0.0000, 3.1648, 3.1415, 0.0391, 0.2654,-4.6799
 0.0769, 0.0000, 3.1648, 3.1415, 0.0381, 0.0530,-0.3840
 0.0771, 0.0000, 3.1648, 3.1415, 0.0258, 0.0106, 1.5837
 0.0771, 0.0000, 3.1648, 3.1415, 0.0051, 0.0021, 0.2861
 0.0773, 0.0000, 3.1648, 3.1415, 0.0131, 0.0004, 1.1661
 0.0776, 0.0000, 3.1681, 3.1415, 0.0268, 0.2660,-4.6799
 0.0777, 0.0000, 3.1681, 3.1415, 0.0175, 0.0532,-3.3306
 0.0775, 0.0000, 3.1681, 3.1415,-0.0146, 0.0106,-3.2437
 0.0772, 0.0000, 3.1681, 3.1415,-0.0271, 0.0021,-3.8143
 0.0767, 0.0000, 3.1648, 3.1415,-0.0478,-0.2655, 4.6799
 0.0764, 0.0000, 3.1648, 3.1415,-0.0277,-0.0531, 1.1799
 0.0763, 0.0000, 3.1648, 3.1415,-0.0116,-0.0106,-0.4189
 0.0763, 0.0000, 3.1648, 3.1415,-0.0083,-0.0021,-0.7447
 0.0760, 0.0000, 3.1648, 3.1415,-0.0198,-0.0004,-1.9555
 0.0760, 0.0000, 3.1648, 3.1415,-0.0039,-0.0000,-0.5065
 0.0756, 0.0000, 3.1615, 3.1415,-0.0371,-0.2659, 4.6799
 0.0755, 0.0000, 3.1615, 3.1415,-0.0134,-0.0531, 3.5257
 0.0756, 0.0000, 3.1615, 3.1415, 0.0033,-0.0106, 2.0031
 0.0760, 0.0000, 3.1615, 3.1415, 0.0309,-0.0021, 3.9837
 0.0763, 0.0000, 3.1648, 3.1415, 0.0304, 0.2655,-4.6799
 0.0766, 0.0000, 3.1648, 3.1415, 0.0303, 0.0531,-1.1384
 0.0767, 0.0000, 3.1681, 3.1415, 0.0121, 0.2765,-4.6799
 0.0763, 0.0000, 3.1681, 3.1415,-0.0278, 0.0553,-4.6799
 0.0758, 0.0000, 3.1648, 3.1415,-0.0419,-0.2548, 4.6799
 0.0756, 0.0000, 3.1648, 3.1415,-0.0265,-0.0509, 1.0517
 0.0754, 0.0000, 3.1615, 3.1415,-0.0174,-0.2761, 4.6799
 0.0757, 0.0000, 3.1648, 3.1415, 0.0147, 0.2107,-4.6799
 0.0756, 0.0000, 3.1648, 3.1415,-0.0031, 0.0421,-3.5431
 0.0755, 0.0000, 3.1648, 3.1415,-0.0066, 0.0084,-1.4302
 0.0753, 0.0000, 3.1648, 3.1415,-0.0195, 0.0016,-2.1532
 0.0747, 0.0000, 3.1615, 3.1415,-0.0524,-0.2656, 4.6799
 0.0745, 0.0000, 3.1615, 3.1415,-0.0226,-0.0531, 2.5773
 0.0744, 0.0000, 3.1615, 3.1415,-0.0166,-0.0106, 0.0253
 0.0745, 0.0000, 3.1615, 3.1415, 0.0087,-0.0021, 1.7818
 0.0748, 0.0000, 3.1615, 3.1415, 0.0199,-0.0004, 2.7150
 0.0753, 0.0000, 3.1648, 3.1415, 0.0464, 0.2658,-4.6799
 0.0754, 0.0000, 3.1648, 3.1415, 0.0214, 0.0531,-2.0850
 0.0754, 0.0000, 3.1648, 3.1415, 0.0042, 0.0106,-0.5809
 0.0753, 0.0000, 3.1648, 3.1415,-0.0112, 0.0021,-1.4197
 0.0748, 0.0000, 3.1648, 3.1415,-0.0386, 0.0004,-3.8786
 0.0743, 0.0000, 3.1648, 3.1415,-0.0501, 0.0000,-4.6799
 0.0734, 0.0000, 3.1615, 3.1415,-0.0827,-0.2659, 4.6799
 0.0729, 0.0000, 3.1582, 3.1415,-0.0529,-0.3191, 4.6799
 0.0727, 0.0000, 3.1582, 3.1415,-0.0287,-0.0638, 3.7096
 0.0729, 0.0000, 3.1582, 3.1415, 0.0063,-0.0127, 3.2715
 0.0729, 0.0000, 3.1582, 3.1415, 0.0012,-0.0025, 2.0564
 0.0734, 0.0000, 3.1615, 3.1415, 0.0426, 0.2654,-4.6799
 0.0737, 0.0000, 3.1615, 3.1415, 0.0327, 0.0530,-0.0907
 0.0736, 0.0000, 3.1615, 3.1415, 0.0004, 0.0106,-0.0051
 0.0735, 0.0000, 3.1615, 3.1415,-0.0059, 0.0021, 0.0057
 0.0734, 0.0000, 3.1615, 3.1415,-0.0133, 0.0004,-0.5678
 0.0731, 0.0000, 3.1615, 3.1415,-0.0269, 0.0000,-1.8342
 0.0729, 0.0000, 3.1615, 3.1415,-0.0175, 0.0000,-0.9721
 0.0725, 0.0000, 3.1615, 3.1415,-0.0398, 0.0000,-3.0910
 0.0720, 0.0000, 3.1582, 3.1415,-0.0504,-0.2659, 4.6799
 0.0720, 0.0000, 3.1582, 3.1415,-0.0100,-0.0531, 4.5938
 0.0719, 0.0000, 3.1548, 3.1415,-0.0080,-0.2765, 4.6799
 0.0720, 0.0000, 3.1582, 3.1415, 0.0105, 0.2106,-4.6799
 0.0720, 0.0000, 3.1582, 3.1415, 0.0021, 0.0421,-1.1984
 0.0720, 0.0000, 3.1582, 3.1415,-0.0056, 0.0084, 0.5260
 0.0720, 0.0000, 3.1582, 3.1415, 0.0049, 0.0016, 2.0043
 0.0720, 0.0000, 3.1582, 3.1415,-0.0050, 0.0003, 1.1666
 0.0721, 0.0000, 3.1582, 3.1415, 0.0111, 0.0000, 2.7022
 0.0723, 0.0000, 3.1582, 3.1415, 0.0143, 0.0000, 3.0215
 0.0726, 0.0000, 3.1582, 3.1415, 0.0331, 0.0000, 4.6799
 0.0732, 0.0000, 3.1615, 3.1415, 0.0551, 0.2659,-4.6799
 0.0733, 0.0000, 3.1615, 3.1415, 0.0170, 0.0531,-1.5917
 0.0732, 0.0000, 3.1615, 3.1415,-0.0026, 0.0106,-0.3357
 0.0732, 0.0000, 3.1615, 3.1415,-0.0005, 0.0021, 0.4791
 0.0731, 0.0000, 3.1615, 3.1415,-0.0122, 0.0004,-0.4973
 0.0728, 0.0000, 3.1615, 3.1415,-0.0266, 0.0000,-1.8443
 0.0724, 0.0000, 3.1582, 3.1415,-0.0356,-0.2659, 4.6799
 0.0723, 0.0000, 3.1582, 3.1415,-0.0192,-0.0531, 3.7733
 0.0724, 0.0000, 3.1582, 3.1415, 0.0082,-0.0106, 3.2478
 0.0726, 0.0000, 3.1582, 3.1415, 0.0198,-0.0021, 3.7246
 0.0729, 0.0000, 3.1615, 3.1415, 0.0282, 0.2655,-4.6799
 0.0731, 0.0000, 3.1615, 3.1415, 0.0177, 0.0531,-1.5454
 0.0731, 0.0000, 3.1615, 3.1415, 0.0035, 0.0106, 0.2251
 0.0731, 0.0000, 3.1615, 3.1415, 0.0007, 0.0021, 0.5792
 0.0730, 0.0000, 3.1615, 3.1415,-0.0059, 0.0004, 0.0802
 0.0730, 0.0000, 3.1615, 3.1415,-0.0011, 0.0000, 0.5441
 0.0732, 0.0000, 3.1615, 3.1415, 0.0179, 0.0000, 2.3462
 0.0738, 0.0000, 3.1615, 3.1415, 0.0460, 0.0000, 4.6799
 0.0742, 0.0000, 3.1615, 3.1415, 0.0395, 0.0000, 4.4384
 0.0747, 0.0000, 3.1648, 3.1415, 0.0503, 0.2659,-4.6799
 0.0750, 0.0000, 3.1648, 3.1415, 0.0343, 0.0531,-0.9347
 0.0751, 0.0000, 3.1681, 3.1415, 0.0189, 0.2765,-4.6799
 0.0751, 0.0000, 3.1681, 3.1415,-0.0022, 0.0553,-4.6799
 0.0745, 0.0000, 3.1648, 3.1415,-0.0428,-0.2548, 4.6799
 0.0742, 0.0000, 3.1648, 3.1415,-0.0328,-0.0509, 0.3357
 0.0742, 0.0000, 3.1615, 3.1415,-0.0065,-0.2761, 4.6799
 0.0743, 0.0000, 3.1615, 3.1415, 0.0047,-0.0552, 4.6799
 0.0746, 0.0000, 3.1648, 3.1415, 0.0252, 0.2548,-4.6799
 0.0748, 0.0000, 3.1648, 3.1415, 0.0232, 0.0509,-1.8178
 0.0748, 0.0000, 3.1648, 3.1415, 0.0046, 0.0101,-0.5760
 0.0746, 0.0000, 3.1648, 3.1415,-0.0172, 0.0020,-2.0370
 0.0743, 0.0000, 3.1648, 3.1415,-0.0277, 0.0004,-2.9171
 0.0736, 0.0000, 3.1615, 3.1415,-0.0601,-0.2658, 4.6799
 0.0732, 0.0000, 3.1582, 3.1415,-0.0423,-0.3191, 4.6799
 0.0732, 0.0000, 3.1582, 3.1415,-0.0084,-0.0638, 4.6799
 0.0734, 0.0000, 3.1582, 3.1415, 0.0104,-0.0127, 3.7012
 0.0737, 0.0000, 3.1582, 3.1415, 0.0263,-0.0025, 4.4639
 0.0744, 0.0000, 3.1615, 3.1415, 0.0598, 0.2654,-4.6799
 0.0748, 0.0000, 3.1648, 3.1415, 0.0483, 0.3190,-4.6799
 0.0749, 0.0000, 3.1648, 3.1415, 0.0157, 0.0638,-3.4380
 0.0748, 0.0000, 3.1648, 3.1415,-0.0089, 0.0127,-2.0335
 0.0742, 0.0000, 3.1615, 3.1415,-0.0442,-0.2633, 4.6799
 0.0739, 0.0000, 3.1615, 3.1415,-0.0331,-0.0526, 1.5116
 0.0740, 0.0000, 3.1582, 3.1415,-0.0005,-0.2764, 4.6799
 0.0742, 0.0000, 3.1582, 3.1415, 0.0120,-0.0552, 4.6799
 0.0744, 0.0000, 3.1615, 3.1415, 0.0205, 0.2549,-4.6799
 0.0748, 0.0000, 3.1615, 3.1415, 0.0344, 0.0509, 0.3210
 0.0751, 0.0000, 3.1615, 3.1415, 0.0311, 0.0101, 3.0109
 0.0754, 0.0000, 3.1615, 3.1415, 0.0304, 0.0020, 3.5730
 0.0758, 0.0000, 3.1648, 3.1415, 0.0424, 0.2663,-4.6799
 0.0761, 0.0000, 3.1648, 3.1415, 0.0327, 0.0532,-0.9730
 0.0762, 0.0000, 3.1648, 3.1415, 0.0126, 0.0106, 0.2657
 0.0762, 0.0000, 3.1648, 3.1415, 0.0025, 0.0021,-0.0501
 0.0761, 0.0000, 3.1648, 3.1415,-0.0055, 0.0004,-0.6831
 0.0759, 0.0000, 3.1648, 3.1415,-0.0193, 0.0000,-1.9553
 0.0755, 0.0000, 3.1648, 3.1415,-0.0341, 0.0000,-3.3675
 0.0751, 0.0000, 3.1615, 3.1415,-0.0371,-0.2659, 4.6799
 0.0750, 0.0000, 3.1615, 3.1415,-0.0195,-0.0531, 2.9106
 0.0751, 0.0000, 3.1615, 3.1415, 0.0021,-0.0106, 1.8376
 0.0752, 0.0000, 3.1615, 3.1415, 0.0125,-0.0021, 2.1989
 0.0754, 0.0000, 3.1615, 3.1415, 0.0207,-0.0004, 2.8530
 0.0760, 0.0000, 3.1615, 3.1415, 0.0465,-0.0000, 4.6799
 0.0769, 0.0000, 3.1648, 3.1415, 0.0820, 0.2659,-4.6799
 0.0773, 0.0000, 3.1681, 3.1415, 0.0467, 0.3191,-4.6799
 0.0774, 0.0000, 3.1681, 3.1415, 0.0214, 0.0638,-3.7650
 0.0774, 0.0000, 3.1681, 3.1415, 0.0042, 0.0127,-1.6455
 0.0770, 0.0000, 3.1681, 3.1415,-0.0355, 0.0025,-4.6402
 0.0763, 0.0000, 3.1648, 3.1415,-0.0616,-0.2654, 4.6799
 0.0760, 0.0000, 3.1615, 3.1415,-0.0365,-0.3190, 4.6799
 0.0758, 0.0000, 3.1615, 3.1415,-0.0194,-0.0638, 3.7764
 0.0761, 0.0000, 3.1615, 3.1415, 0.0203,-0.0127, 3.7868
 0.0767, 0.0000, 3.1648, 3.1415, 0.0465, 0.2633,-4.6799
 0.0769, 0.0000, 3.1648, 3.1415, 0.0274, 0.0526,-1.3414
 0.0769, 0.0000, 3.1648, 3.1415, 0.0054, 0.0105,-0.3170
 0.0769, 0.0000, 3.1648, 3.1415, 0.0010, 0.0021,-0.1121
 0.0766, 0.0000, 3.1648, 3.1415,-0.0240, 0.0004,-2.3503
 0.0760, 0.0000, 3.1615, 3.1415,-0.0533,-0.2658, 4.6799
 0.0759, 0.0000, 3.1615, 3.1415,-0.0167,-0.0531, 3.2629
 0.0760, 0.0000, 3.1615, 3.1415, 0.0027,-0.0106, 1.9808
 0.0762, 0.0000, 3.1615, 3.1415, 0.0187,-0.0021, 2.8700
 0.0764, 0.0000, 3.1615, 3.1415, 0.0219,-0.0004, 3.0661
 0.0770, 0.0000, 3.1648, 3.1415, 0.0528, 0.2658,-4.6799
 0.0773, 0.0000, 3.1648, 3.1415, 0.0348, 0.0531,-0.6513
 0.0776, 0.0000, 3.1648, 3.1415, 0.0251, 0.0106, 1.5666
 0.0778, 0.0000, 3.1648, 3.1415, 0.0232, 0.0021, 2.0284
 0.0778, 0.0000, 3.1648, 3.1415, 0.0046, 0.0004, 0.4296
 0.0780, 0.0000, 3.1681, 3.1415, 0.0191, 0.2660,-4.6799
 0.0782, 0.0000, 3.1681, 3.1415, 0.0159, 0.0532,-3.4291
 0.0779, 0.0000, 3.1681, 3.1415,-0.0210, 0.0106,-3.7968
 0.0776, 0.0000, 3.1681, 3.1415,-0.0284, 0.0021,-3.8945
 0.0772, 0.0000, 3.1648, 3.1415,-0.0360,-0.2655, 4.6799
 0.0767, 0.0000, 3.1648, 3.1415,-0.0435,-0.0531,-0.2561
 0.0762, 0.0000, 3.1615, 3.1415,-0.0511,-0.2765, 4.6799
 0.0761, 0.0000, 3.1615, 3.1415,-0.0162,-0.0553, 3.4811
 0.0763, 0.0000, 3.1615, 3.1415, 0.0149,-0.0110, 3.1822
 0.0767, 0.0000, 3.1615, 3.1415, 0.0272,-0.0022, 3.7104
 0.0771, 0.0000, 3.1648, 3.1415, 0.0418, 0.2654,-4.6799
 0.0774, 0.0000, 3.1648, 3.1415, 0.0326, 0.0530,-0.8438
 0.0777, 0.0000, 3.1681, 3.1415, 0.0307, 0.2765,-4.6799
 0.0776, 0.0000, 3.1681, 3.1415,-0.0059, 0.0553,-4.6799
 0.0771, 0.0000, 3.1648, 3.1415,-0.0375,-0.2548, 4.6799
 0.0769, 0.0000, 3.1648, 3.1415,-0.0257,-0.0509, 1.2618
 0.0769, 0.0000, 3.1648, 3.1415,-0.0051,-0.0101, 0.2036
 0.0771, 0.0000, 3.1648, 3.1415, 0.0171,-0.0020, 1.7012
 0.0774, 0.0000, 3.1648, 3.1415, 0.0276,-0.0004, 2.5887
 0.0779, 0.0000, 3.1681, 3.1415, 0.0479, 0.2658,-4.6799
 0.0782, 0.0000, 3.1681, 3.1415, 0.0338, 0.0531,-1.7596
 0.0782, 0.0000, 3.1681, 3.1415, 0.0067, 0.0106,-1.1777
 0.0782, 0.0000, 3.1681, 3.1415,-0.0047, 0.0021,-1.6310
 0.0779, 0.0000, 3.1681, 3.1415,-0.0251, 0.0004,-3.4372
 0.0773, 0.0000, 3.1681, 3.1415,-0.0474, 0.0000,-4.6799
 0.0767, 0.0000, 3.1648, 3.1415,-0.0580,-0.2659, 4.6799
 0.0763, 0.0000, 3.1648, 3.1415,-0.0419,-0.0531,-0.1338
 0.0757, 0.0000, 3.1615, 3.1415,-0.0568,-0.2765, 4.6799
 0.0757, 0.0000, 3.1615, 3.1415,-0.0113,-0.0553, 3.8994
 0.0758, 0.0000, 3.1615, 3.1415, 0.0037,-0.0110, 2.0960
 0.0761, 0.0000, 3.1615, 3.1415, 0.0250,-0.0022, 3.4507
 0.0767, 0.0000, 3.1648, 3.1415, 0.0474, 0.2654,-4.6799
 0.0770, 0.0000, 3.1681, 3.1415, 0.0337, 0.3190,-4.6799
 0.0770, 0.0000, 3.1681, 3.1415, 0.0128, 0.0638,-4.6047
 0.0767, 0.0000, 3.1681, 3.1415,-0.0216, 0.0127,-4.1228
 0.0763, 0.0000, 3.1648, 3.1415,-0.0407,-0.2634, 4.6799
 0.0760, 0.0000, 3.1648, 3.1415,-0.0323,-0.0526, 0.6741
 0.0758, 0.0000, 3.1648, 3.1415,-0.0186,-0.0105,-1.1262
 0.0757, 0.0000, 3.1648, 3.1415,-0.0097,-0.0021,-0.9286
 0.0757, 0.0000, 3.1648, 3.1415,-0.0080,-0.0004,-0.8951
 0.0754, 0.0000, 3.1648, 3.1415,-0.0197,-0.0000,-2.0341
 0.0751, 0.0000, 3.1615, 3.1415,-0.0342,-0.2659, 4.6799
 0.0750, 0.0000, 3.1615, 3.1415,-0.0129,-0.0531, 3.5264
 0.0751, 0.0000, 3.1615, 3.1415, 0.0034,-0.0106, 1.9608
 0.0754, 0.0000, 3.1615, 3.1415, 0.0249,-0.0021, 3.3630
 0.0757, 0.0000, 3.1648, 3.1415, 0.0353, 0.2655,-4.6799
 0.0760, 0.0000, 3.1648, 3.1415, 0.0313, 0.0531,-1.1013
 0.0760, 0.0000, 3.1681, 3.1415, 0.0062, 0.2765,-4.6799
 0.0758, 0.0000, 3.1681, 3.1415,-0.0169, 0.0553,-4.6799
 0.0754, 0.0000, 3.1648, 3.1415,-0.0397,-0.2548, 4.6799
 0.0751, 0.0000, 3.1648, 3.1415,-0.0322,-0.0509, 0.4771
 0.0751, 0.0000, 3.1648, 3.1415,-0.0064,-0.0101,-0.0988
 0.0749, 0.0000, 3.1648, 3.1415,-0.0134,-0.0020,-1.3536
 0.0748, 0.0000, 3.1648, 3.1415,-0.0148,-0.0004,-1.6166
 0.0746, 0.0000, 3.1648, 3.1415,-0.0150,-0.0000,-1.6814
 0.0742, 0.0000, 3.1648, 3.1415,-0.0393,-0.0000,-3.9856
 0.0735, 0.0000, 3.1615, 3.1415,-0.0563,-0.2659, 4.6799
 0.0733, 0.0000, 3.1615, 3.1415,-0.0294,-0.0531, 1.8250
 0.0731, 0.0000, 3.1582, 3.1415,-0.0240,-0.2765, 4.6799
 0.0733, 0.0000, 3.1582, 3.1415, 0.0133,-0.0553, 4.6799
 0.0736, 0.0000, 3.1615, 3.1415, 0.0269, 0.2548,-4.6799
 0.0738, 0.0000, 3.1615, 3.1415, 0.0175, 0.0509,-1.3465
 0.0737, 0.0000, 3.1615, 3.1415,-0.0025, 0.0101,-0.2503
 0.0736, 0.0000, 3.1615, 3.1415,-0.0065, 0.0020,-0.0371
 0.0732, 0.0000, 3.1615, 3.1415,-0.0376, 0.0004,-2.8494
 0.0726, 0.0000, 3.1615, 3.1415,-0.0560, 0.0000,-4.5878
 0.0719, 0.0000, 3.1582, 3.1415,-0.0657,-0.2659, 4.6799
 0.0714, 0.0000, 3.1548, 3.1415,-0.0495,-0.3191, 4.6799
 0.0713, 0.0000, 3.1548, 3.1415,-0.0220,-0.0638, 4.6799
 0.0714, 0.0000, 3.1548, 3.1415, 0.0077,-0.0127, 4.3603
 0.0718, 0.0000, 3.1582, 3.1415, 0.0318, 0.2634,-4.6799
 0.0720, 0.0000, 3.1582, 3.1415, 0.0245, 0.0526, 0.1168
 0.0724, 0.0000, 3.1582, 3.1415, 0.0352, 0.0105, 4.2076
 0.0728, 0.0000, 3.1615, 3.1415, 0.0373, 0.2680,-4.6799
 0.0726, 0.0000, 3.1615, 3.1415,-0.0107, 0.0536,-4.2767
 0.0724, 0.0000, 3.1615, 3.1415,-0.0142, 0.0107,-1.5031
 0.0721, 0.0000, 3.1615, 3.1415,-0.0271, 0.0021,-2.1000
 0.0715, 0.0000, 3.1582, 3.1415,-0.0539,-0.2655, 4.6799
 0.0713, 0.0000, 3.1582, 3.1415,-0.0289,-0.0531, 2.7677
 0.0713, 0.0000, 3.1548, 3.1415,-0.0057,-0.2765, 4.6799
 0.0713, 0.0000, 3.1582, 3.1415, 0.0049, 0.2106,-4.6799
 0.0715, 0.0000, 3.1582, 3.1415, 0.0131, 0.0421,-0.2311
 0.0716, 0.0000, 3.1582, 3.1415, 0.0086, 0.0084, 1.8165
 0.0715, 0.0000, 3.1582, 3.1415,-0.0043, 0.0016, 1.0926
 0.0717, 0.0000, 3.1582, 3.1415, 0.0173, 0.0003, 3.2208
 0.0720, 0.0000, 3.1582, 3.1415, 0.0277, 0.0000, 4.2344
 0.0722, 0.0000, 3.1615, 3.1415, 0.0176, 0.2659,-4.6799
 0.0723, 0.0000, 3.1615, 3.1415, 0.0095, 0.0531,-2.3930
 0.0723, 0.0000, 3.1615, 3.1415, 0.0019, 0.0106,-0.0111
 0.0720, 0.0000, 3.1615, 3.1415,-0.0238, 0.0021,-1.8138
 0.0714, 0.0000, 3.1582, 3.1415,-0.0472,-0.2655, 4.6799
 0.0713, 0.0000, 3.1582, 3.1415,-0.0215,-0.0531, 3.4544
 0.0713, 0.0000, 3.1582, 3.1415, 0.0017,-0.0106, 2.5355
 0.0713, 0.0000, 3.1582, 3.1415, 0.0003,-0.0021, 1.7880
 0.0716, 0.0000, 3.1582, 3.1415, 0.0182,-0.0004, 3.3477
 0.0722, 0.0000, 3.1582, 3.1415, 0.0521,-0.0000, 4.6799
 0.0729, 0.0000, 3.1615, 3.1415, 0.0650, 0.2659,-4.6799
 0.0732, 0.0000, 3.1648, 3.1415, 0.0372, 0.3191,-4.6799
 0.0732, 0.0000, 3.1648, 3.1415, 0.0135, 0.0638,-3.8119
 0.0729, 0.0000, 3.1648, 3.1415,-0.0215, 0.0127,-3.3812
 0.0724, 0.0000, 3.1615, 3.1415,-0.0467,-0.2633, 4.6799
 0.0722, 0.0000, 3.1582, 3.1415,-0.0275,-0.3186, 4.6799
 0.0720, 0.0000, 3.1582, 3.1415,-0.0176,-0.0637, 4.6672
 0.0722, 0.0000, 3.1582, 3.1415, 0.0086,-0.0127, 3.4085
 0.0727, 0.0000, 3.1582, 3.1415, 0.0441,-0.0025, 4.6799
 0.0735, 0.0000, 3.1615, 3.1415, 0.0755, 0.2654,-4.6799
 0.0738, 0.0000, 3.1648, 3.1415, 0.0393, 0.3190,-4.6799
 0.0739, 0.0000, 3.1648, 3.1415, 0.0139, 0.0638,-3.7031
 0.0738, 0.0000, 3.1648, 3.1415,-0.0093, 0.0127,-2.1654
 0.0731, 0.0000, 3.1615, 3.1415,-0.0564,-0.2633, 4.6799
 0.0729, 0.0000, 3.1582, 3.1415,-0.0234,-0.3186, 4.6799
 0.0729, 0.0000, 3.1582, 3.1415,-0.0046,-0.0637, 4.6799
 0.0729, 0.0000, 3.1582, 3.1415,-0.0009,-0.0127, 2.6000
 0.0735, 0.0000, 3.1615, 3.1415, 0.0422, 0.2634,-4.6799
 0.0739, 0.0000, 3.1615, 3.1415, 0.0448, 0.0526, 1.0778
 0.0742, 0.0000, 3.1615, 3.1415, 0.0332, 0.0105, 3.0955
 0.0748, 0.0000, 3.1648, 3.1415, 0.0490, 0.2680,-4.6799
 0.0750, 0.0000, 3.1648, 3.1415, 0.0280, 0.0536,-1.5510
 0.0748, 0.0000, 3.1648, 3.1415,-0.0125, 0.0107,-2.2198
 0.0746, 0.0000, 3.1648, 3.1415,-0.0146, 0.0021,-1.8020
 0.0742, 0.0000, 3.1615, 3.1415,-0.0393,-0.2655, 4.6799
 0.0740, 0.0000, 3.1615, 3.1415,-0.0199,-0.0531, 2.7659
 0.0742, 0.0000, 3.1615, 3.1415, 0.0141,-0.0106, 2.8694
 0.0743, 0.0000, 3.1615, 3.1415, 0.0089,-0.0021, 1.7687
 0.0745, 0.0000, 3.1615, 3.1415, 0.0199,-0.0004, 2.6942
 0.0752, 0.0000, 3.1648, 3.1415, 0.0585, 0.2658,-4.6799
 0.0755, 0.0000, 3.1648, 3.1415, 0.0359, 0.0531,-0.7281
 0.0755, 0.0000, 3.1648, 3.1415, 0.0071, 0.0106,-0.3035
 0.0756, 0.0000, 3.1648, 3.1415, 0.0075, 0.0021, 0.3511
 0.0754, 0.0000, 3.1648, 3.1415,-0.0166, 0.0004,-1.7909
 0.0751, 0.0000, 3.1648, 3.1415,-0.0275, 0.0000,-2.8072
 0.0748, 0.0000, 3.1615, 3.1415,-0.0237,-0.2659, 4.6799
 0.0746, 0.0000, 3.1615, 3.1415,-0.0229,-0.0531, 2.5596
 0.0748, 0.0000, 3.1615, 3.1415, 0.0136,-0.0106, 2.8767
 0.0753, 0.0000, 3.1615, 3.1415, 0.0391,-0.0021, 4.6675
 0.0757, 0.0000, 3.1615, 3.1415, 0.0442,-0.0004, 4.6799
 0.0763, 0.0000, 3.1648, 3.1415, 0.0573, 0.2658,-4.6799
 0.0770, 0.0000, 3.1681, 3.1415, 0.0599, 0.3191,-4.6799
 0.0773, 0.0000, 3.1681, 3.1415, 0.0362, 0.0638,-2.4099
 0.0770, 0.0000, 3.1681, 3.1415,-0.0109, 0.0127,-3.0959
 0.0767, 0.0000, 3.1681, 3.1415,-0.0264, 0.0025,-3.8210
 0.0763,