 0.0000, 0.0000, 0.0000, 0.0000, 0.0000, 0.0000, 0.0000
 0.0000, 0.0000, 0.0000, 0.0000, 0.0000, 0.0000, 0.0000
 0.0000, 0.0000, 0.0000, 0.0000, 0.0000, 0.0000, 0.0000
 0.0000, 0.0000, 0.0000, 0.0000, 0.0000, 0.0000, 0.0000
 0.0000, 0.0000, 0.0000, 0.0000, 0.0000, 0.0000, 0.0000
 0.0000, 0.0000, 0.0000, 0.0000, 0.0000, 0.0000, 0.0000
 0.0000, 0.0000, 0.0000, 0.0000, 0.0000, 0.0000, 0.0000
 0.0000, 0.0000, 0.0000, 0.0000, 0.0000, 0.0000, 0.0000
 0.0000, 0.0000, 0.0000, 0.0000, 0.0000, 0.0000, 0.0000
 0.0000, 0.0000, 0.0000, 0.0000, 0.0000, 0.0000, 0.0000
 0.0000, 0.0000, 0.0000, 0.0000, 0.0000, 0.0000, 0.0000
 0.0000, 0.0000, 0.0000, 0.0000, 0.0000, 0.0000, 0.0000
 0.0000, 0.0000, 0.0000, 0.0000, 0.0000, 0.0000, 0.0000
 0.0000, 0.0000, 0.0000, 0.0000, 0.0000, 0.0000, 0.0000
 0.0000, 0.0000, 0.0000, 0.0000, 0.0000, 0.0000, 0.0000
 0.0000, 0.0000, 0.0000, 0.0000, 0.0000, 0.0000, 0.0000
 0.0000, 0.0000, 0.0000, 0.0000, 0.0000, 0.0000, 0.0000
 0.0000, 0.0000, 0.0000, 0.0000, 0.0000, 0.0000, 0.0000
 0.0000, 0.0000, 0.0000, 0.0000, 0.0000, 0.0000, 0.0000
 0.0000, 0.0000, 0.0000, 0.0000, 0.0000, 0.0000, 0.0000
 0.0000, 0.0000, 0.0000, 0.0000, 0.0000, 0.0000, 0.0000
 0.0000, 0.0000, 0.0000, 0.0000, 0.0000, 0.0000, 0.0000
 0.0000, 0.0000, 0.0000, 0.0000, 0.0000, 0.0000, 0.0000
 0.0000, 0.0000, 0.0000, 0.0000, 0.0000, 0.0000, 0.0000
 0.0000, 0.0000, 0.0000, 0.0000, 0.0000, 0.0000, 0.0000
 0.0000, 0.0000, 0.0000, 0.0000, 0.0000, 0.0000, 0.0000
 0.0000, 0.0000, 0.0000, 0.0000, 0.0000, 0.0000, 0.0000
 0.0000, 0.0000, 0.0000, 0.0000, 0.0000, 0.0000, 0.0000
 0.0000, 0.0000, 0.0000, 0.0000, 0.0000, 0.0000, 0.0000
 0.0000, 0.0000, 0.0000, 0.0000, 0.0000, 0.0000, 0.0000
 0.0000, 0.0000, 0.0000, 0.0000, 0.0000, 0.0000, 0.0000
 0.0000, 0.0000, 0.0000, 0.0000, 0.0000, 0.0000, 0.0000
 0.0000, 0.0000, 0.0000, 0.0000, 0.0000, 0.0000, 0.0000
 0.0000, 0.0000, 0.0000, 0.0000, 0.0000, 0.0000, 0.0000
 0.0000, 0.0000, 0.0000, 0.0000, 0.0000, 0.0000, 0.0000
 0.0000, 0.0000, 0.0000, 0.0000, 0.0000, 0.0000, 0.0000
 0.0000, 0.0000, 0.0000, 0.0000, 0.0000, 0.0000, 0.0000
 0.0000, 0.0000, 0.0000, 0.0000, 0.0000, 0.0000, 0.0000
 0.0000, 0.0000, 0.0000, 0.0000, 0.0000, 0.0000, 0.0000
 0.0000, 0.0000, 0.0000, 0.0000, 0.0000, 0.0000, 0.0000
 0.0000, 0.0000, 0.0000, 0.0000, 0.0000, 0.0000, 0.0000
 0.0000, 0.0000, 0.0000, 0.0000, 0.0000, 0.0000, 0.0000
 0.0000, 0.0000, 0.0000, 0.0000, 0.0000, 0.0000, 0.0000
 0.0000, 0.0000, 0.0000, 0.0000, 0.0000, 0.0000, 0.0000
 0.0000, 0.0000, 0.0000, 0.0000, 0.0000, 0.0000, 0.0000
 0.0000, 0.0000, 0.0000, 0.0000, 0.0000, 0.0000, 0.0000
 0.0000, 0.0000, 0.0000, 0.0000, 0.0000, 0.0000, 0.0000
 0.0000, 0.0000, 0.0000, 0.0000, 0.0000, 0.0000, 0.0000
 0.0000, 0.0000, 0.0000, 0.0000, 0.0000, 0.0000, 0.0000
 0.0000, 0.0000, 0.0000, 0.0000, 0.0000, 0.0000, 0.0000
 0.0000, 0.0000, 0.0000, 0.0000, 0.0000, 0.0000, 0.0000
 0.0000, 0.0000, 0.0000, 0.0000, 0.0000, 0.0000, 0.0000
 0.0000, 0.0000, 0.0000, 0.0000, 0.0000, 0.0000, 0.0000
 0.0000, 0.0000, 0.0000, 0.0000, 0.0000, 0.0000, 0.0000
 0.0000, 0.0000, 0.0000, 0.0000, 0.0000, 0.0000, 0.0000
 0.0000, 0.0000, 0.0000, 0.0000, 0.0000, 0.0000, 0.0000
 0.0000, 0.0000, 0.0000, 0.0000, 0.0000, 0.0000, 0.0000
 0.0000, 0.0000, 0.0000, 0.0000, 0.0000, 0.0000, 0.0000
 0.0000, 0.0000, 0.0000, 0.0000, 0.0000, 0.0000, 0.0000
 0.0000, 0.0000, 0.0000, 0.0000, 0.0000, 0.0000, 0.0000
 0.0000, 0.0000, 0.0000, 0.0000, 0.0000, 0.0000, 0.0000
 0.0000, 0.0000, 0.0000, 0.0000, 0.0000, 0.0000, 0.0000
 0.0000, 0.0000, 0.0000, 0.0000, 0.0000, 0.0000, 0.0000
 0.0000, 0.0000, 0.0000, 0.0000, 0.0000, 0.0000, 0.0000
 0.0000, 0.0000, 0.0000, 0.0000, 0.0000, 0.0000, 0.0000
 0.0000, 0.0000, 0.0000, 0.0000, 0.0000, 0.0000, 0.0000
 0.0000, 0.0000, 0.0000, 0.0000, 0.0000, 0.0000, 0.0000
 0.0000, 0.0000, 0.0000, 0.0000, 0.0000, 0.0000, 0.0000
 0.0000, 0.0000, 0.0000, 0.0000, 0.0000, 0.0000, 0.0000
 0.0000, 0.0000, 0.0000, 0.0000, 0.0000, 0.0000, 0.0000
 0.0000, 0.0000, 0.0000, 0.0000, 0.0000, 0.0000, 0.0000
 0.0000, 0.0000, 0.0000, 0.0000, 0.0000, 0.0000, 0.0000
 0.0000, 0.0000, 0.0000, 0.0000, 0.0000, 0.0000, 0.0000
 0.0000, 0.0000, 0.0000, 0.0000, 0.0000, 0.0000, 0.0000
 0.0000, 0.0000, 0.0000, 0.0000, 0.0000, 0.0000, 0.0000
 0.0000, 0.0000, 0.0000, 0.0000, 0.0000, 0.0000, 0.0000
 0.0000, 0.0000, 0.0000, 0.0000, 0.0000, 0.0000, 0.0000
 0.0000, 0.0000, 0.0000, 0.0000, 0.0000, 0.0000, 0.0000
 0.0000, 0.0000, 0.0000, 0.0000, 0.0000, 0.0000, 0.0000
 0.0000, 0.0000, 0.0000, 0.0000, 0.0000, 0.0000, 0.0000
 0.0000, 0.0000, 0.0000, 0.0000, 0.0000, 0.0000, 0.0000
 0.0000, 0.0000, 0.0000, 0.0000, 0.0000, 0.0000, 0.0000
 0.0000, 0.0000, 0.0000, 0.0000, 0.0000, 0.0000, 0.0000
 0.0000, 0.0000, 0.0000, 0.0000, 0.0000, 0.0000, 0.0000
 0.0000, 0.0000, 0.0000, 0.0000, 0.0000, 0.0000, 0.0000
 0.0000, 0.0000, 0.0000, 0.0000, 0.0000, 0.0000, 0.0000
 0.0000, 0.0000, 0.0000, 0.0000, 0.0000, 0.0000, 0.0000
 0.0000, 0.0000, 0.0000, 0.0000, 0.0000, 0.0000, 0.0000
 0.0000, 0.0000, 0.0000, 0.0000, 0.0000, 0.0000, 0.0000
 0.0000, 0.0000, 0.0000, 0.0000, 0.0000, 0.0000, 0.0000
 0.0000, 0.0000, 0.0000, 0.0000, 0.0000, 0.0000, 0.0000
 0.0000, 0.0000, 0.0000, 0.0000, 0.0000, 0.0000, 0.0000
 0.0000, 0.0000, 0.0000, 0.0000, 0.0000, 0.0000, 0.0000
 0.0000, 0.0000, 0.0000, 0.0000, 0.0000, 0.0000, 0.0000
 0.0000, 0.0000, 0.0000, 0.0000, 0.0000, 0.0000, 0.0000
 0.0000, 0.0000, 0.0000, 0.0000, 0.0000, 0.0000, 0.0000
 0.0000, 0.0000, 0.0000, 0.0000, 0.0000, 0.0000, 0.0000
 0.0000, 0.0000, 0.0000, 0.0000, 0.0000, 0.0000, 0.0000
 0.0000, 0.0000, 0.0000, 0.0000, 0.0000, 0.0000, 0.0000
 0.0000, 0.0000, 0.0000, 0.0000, 0.0000, 0.0000, 0.0000
 0.0000, 0.0000, 0.0000, 0.0000, 0.0000, 0.0000, 0.0000
 0.0000, 0.0000, 0.0000, 0.0000, 0.0000, 0.0000, 0.0000
 0.0000, 0.0000, 0.0000, 0.0000, 0.0000, 0.0000, 0.0000
 0.0000, 0.0000, 0.0000, 0.0000, 0.0000, 0.0000, 0.0000
 0.0000, 0.0000, 0.0000, 0.0000, 0.0000, 0.0000, 0.0000
 0.0000, 0.0000, 0.0000, 0.0000, 0.0000, 0.0000, 0.0000
 0.0000, 0.0000, 0.0000, 0.0000, 0.0000, 0.0000, 0.0000
 0.0000, 0.0000, 0.0000, 0.0000, 0.0000, 0.0000, 0.0000
 0.0000, 0.0000, 0.0000, 0.0000, 0.0000, 0.0000, 0.0000
 0.0000, 0.0000, 0.0000, 0.0000, 0.0000, 0.0000, 0.0000
 0.0000, 0.0000, 0.0000, 0.0000, 0.0000, 0.0000, 0.0000
 0.0000, 0.0000, 0.0000, 0.0000, 0.0000, 0.0000, 0.0000
 0.0000, 0.0000, 0.0000, 0.0000, 0.0000, 0.0000, 0.0000
 0.0000, 0.0000, 0.0000, 0.0000, 0.0000, 0.0000, 0.0000
 0.0000, 0.0000, 0.0000, 0.0000, 0.0000, 0.0000, 0.0000
 0.0000, 0.0000, 0.0000, 0.0000, 0.0000, 0.0000, 0.0000
 0.0000, 0.0000, 0.0000, 0.0000, 0.0000, 0.0000, 0.0000
 0.0000, 0.0000, 0.0000, 0.0000, 0.0000, 0.0000, 0.0000
 0.0000, 0.0000, 0.0000, 0.0000, 0.0000, 0.0000, 0.0000
 0.0000, 0.0000, 0.0000, 0.0000, 0.0000, 0.0000, 0.0000
 0.0000, 0.0000, 0.0000, 0.0000, 0.0000, 0.0000, 0.0000
 0.0000, 0.0000, 0.0000, 0.0000, 0.0000, 0.0000, 0.0000
 0.0000, 0.0000, 0.0000, 0.0000, 0.0000, 0.0000, 0.0000
 0.0000, 0.0000, 0.0000, 0.0000, 0.0000, 0.0000, 0.0000
 0.0000, 0.0000, 0.0000, 0.0000, 0.0000, 0.0000, 0.0000
 0.0000, 0.0000, 0.0000, 0.0000, 0.0000, 0.0000, 0.0000
 0.0000, 0.0000, 0.0000, 0.0000, 0.0000, 0.0000, 0.0000
 0.0000, 0.0000, 0.0000, 0.0000, 0.0000, 0.0000, 0.0000
 0.0000, 0.0000, 0.0000, 0.0000, 0.0000, 0.0000, 0.0000
 0.0000, 0.0000, 0.0000, 0.0000, 0.0000, 0.0000, 0.0000
 0.0000, 0.0000, 0.0000, 0.0000, 0.0000, 0.0000, 0.0000
 0.0000, 0.0000, 0.0000, 0.0000, 0.0000, 0.0000, 0.0000
 0.0000, 0.0000, 0.0000, 0.0000, 0.0000, 0.0000, 0.0000
 0.0000, 0.0000, 0.0000, 0.0000, 0.0000, 0.0000, 0.0000
 0.0000, 0.0000, 0.0000, 0.0000, 0.0000, 0.0000, 0.0000
 0.0000, 0.0000, 0.0000, 0.0000, 0.0000, 0.0000, 0.0000
 0.0000, 0.0000, 0.0000, 0.0000, 0.0000, 0.0000, 0.0000
 0.0000, 0.0000, 0.0000, 0.0000, 0.0000, 0.0000, 0.0000
 0.0000, 0.0000, 0.0000, 0.0000, 0.0000, 0.0000, 0.0000
 0.0000, 0.0000, 0.0000, 0.0000, 0.0000, 0.0000, 0.0000
 0.0000, 0.0000, 0.0000, 0.0000, 0.0000, 0.0000, 0.0000
 0.0000, 0.0000, 0.0000, 0.0000, 0.0000, 0.0000, 0.0000
 0.0000, 0.0000, 0.0000, 0.0000, 0.0000, 0.0000, 0.0000
 0.0000, 0.0000, 0.0000, 0.0000, 0.0000, 0.0000, 0.0000
 0.0000, 0.0000, 0.0000, 0.0000, 0.0000, 0.0000, 0.0000
 0.0000, 0.0000, 0.0000, 0.0000, 0.0000, 0.0000, 0.0000
 0.0000, 0.0000, 0.0000, 0.0000, 0.0000, 0.0000, 0.0000
 0.0000, 0.0000, 0.0000, 0.0000, 0.0000, 0.0000, 0.0000
 0.0000, 0.0000, 0.0000, 0.0000, 0.0000, 0.0000, 0.0000
 0.0000, 0.0000, 0.0000, 0.0000, 0.0000, 0.0000, 0.0000
 0.0000, 0.0000, 0.0000, 0.0000, 0.0000, 0.0000, 0.0000
 0.0000, 0.0000, 0.0000, 0.0000, 0.0000, 0.0000, 0.0000
 0.0000, 0.0000, 0.0000, 0.0000, 0.0000, 0.0000, 0.0000
 0.0000, 0.0000, 0.0000, 0.0000, 0.0000, 0.0000, 0.0000
 0.0000, 0.0000, 0.0000, 0.0000, 0.0000, 0.0000, 0.0000
 0.0000, 0.0000, 0.0000, 0.0000, 0.0000, 0.0000, 0.0000
 0.0000, 0.0000, 0.0000, 0.0000, 0.0000, 0.0000, 0.0000
 0.0000, 0.0000, 0.0000, 0.0000, 0.0000, 0.0000, 0.0000
 0.0000, 0.0000, 0.0000, 0.0000, 0.0000, 0.0000, 0.0000
 0.0000, 0.0000, 0.0000, 0.0000, 0.0000, 0.0000, 0.0000
 0.0000, 0.0000, 0.0000, 0.0000, 0.0000, 0.0000, 0.0000
 0.0000, 0.0000, 0.0000, 0.0000, 0.0000, 0.0000, 0.0000
 0.0000, 0.0000, 0.0000, 0.0000, 0.0000, 0.0000, 0.0000
 0.0000, 0.0000, 0.0000, 0.0000, 0.0000, 0.0000, 0.0000
 0.0000, 0.0000, 0.0000, 0.0000, 0.0000, 0.0000, 0.0000
 0.0000, 0.0000, 0.0000, 0.0000, 0.0000, 0.0000, 0.0000
 0.0000, 0.0000, 0.0000, 0.0000, 0.0000, 0.0000, 0.0000
 0.0000, 0.0000, 0.0000, 0.0000, 0.0000, 0.0000, 0.0000
 0.0000, 0.0000, 0.0000, 0.0000, 0.0000, 0.0000, 0.0000
 0.0000, 0.0000, 0.0000, 0.0000, 0.0000, 0.0000, 0.0000
 0.0000, 0.0000, 0.0000, 0.0000, 0.0000, 0.0000, 0.0000
 0.0000, 0.0000, 0.0000, 0.0000, 0.0000, 0.0000, 0.0000
 0.0000, 0.0000, 0.0000, 0.0000, 0.0000, 0.0000, 0.0000
 0.0000, 0.0000, 0.0000, 0.0000, 0.0000, 0.0000, 0.0000
 0.0000, 0.0000, 0.0000, 0.0000, 0.0000, 0.0000, 0.0000
 0.0000, 0.0000, 0.0000, 0.0000, 0.0000, 0.0000, 0.0000
 0.0000, 0.0000, 0.0000, 0.0000, 0.0000, 0.0000, 0.0000
 0.0000, 0.0000, 0.0000, 0.0000, 0.0000, 0.0000, 0.0000
 0.0000, 0.0000, 0.0000, 0.0000, 0.0000, 0.0000, 0.0000
 0.0000, 0.0000, 0.0000, 0.0000, 0.0000, 0.0000, 0.0000
 0.0000, 0.0000, 0.0000, 0.0000, 0.0000, 0.0000, 0.0000
 0.0000, 0.0000, 0.0000, 0.0000, 0.0000, 0.0000, 0.0000
 0.0000, 0.0000, 0.0000, 0.0000, 0.0000, 0.0000, 0.0000
 0.0000, 0.0000, 0.0000, 0.0000, 0.0000, 0.0000, 0.0000
 0.0000, 0.0000, 0.0000, 0.0000, 0.0000, 0.0000, 0.0000
 0.0000, 0.0000, 0.0000, 0.0000, 0.0000, 0.0000, 0.0000
 0.0000, 0.0000, 0.0000, 0.0000, 0.0000, 0.0000, 0.0000
 0.0000, 0.0000, 0.0000, 0.0000, 0.0000, 0.0000, 0.0000
 0.0000, 0.0000, 0.0000, 0.0000, 0.0000, 0.0000, 0.0000
 0.0000, 0.0000, 0.0000, 0.0000, 0.0000, 0.0000, 0.0000
 0.0000, 0.0000, 0.0000, 0.0000, 0.0000, 0.0000, 0.0000
 0.0000, 0.0000, 0.0000, 0.0000, 0.0000, 0.0000, 0.0000
 0.0000, 0.0000, 0.0000, 0.0000, 0.0000, 0.0000, 0.0000
 0.0000, 0.0000, 0.0000, 0.0000, 0.0000, 0.0000, 0.0000
 0.0000, 0.0000, 0.0000, 0.0000, 0.0000, 0.0000, 0.0000
 0.0000, 0.0000, 0.0000, 0.0000, 0.0000, 0.0000, 0.0000
 0.0000, 0.0000, 0.0000, 0.0000, 0.0000, 0.0000, 0.0000
 0.0000, 0.0000, 0.0000, 0.0000, 0.0000, 0.0000, 0.0000
 0.0000, 0.0000, 0.0000, 0.0000, 0.0000, 0.0000, 0.0000
 0.0000, 0.0000, 0.0000, 0.0000, 0.0000, 0.0000, 0.0000
 0.0000, 0.0000, 0.0000, 0.0000, 0.0000, 0.0000, 0.0000
 0.0000, 0.0000, 0.0000, 0.0000, 0.0000, 0.0000, 0.0000
 0.0000, 0.0000, 0.0000, 0.0000, 0.0000, 0.0000, 0.0000
 0.0000, 0.0000, 0.0000, 0.0000, 0.0000, 0.0000, 0.0000
 0.0000, 0.0000, 0.0000, 0.0000, 0.0000, 0.0000, 0.0000
 0.0000, 0.0000, 0.0000, 0.0000, 0.0000, 0.0000, 0.0000
 0.0000, 0.0000, 0.0000, 0.0000, 0.0000, 0.0000, 0.0000
 0.0000, 0.0000, 0.0000, 0.0000, 0.0000, 0.0000, 0.0000
 0.0000, 0.0000, 0.0000, 0.0000, 0.0000, 0.0000, 0.0000
 0.0000, 0.0000, 0.0000, 0.0000, 0.0000, 0.0000, 0.0000
 0.0000, 0.0000, 0.0000, 0.0000, 0.0000, 0.0000, 0.0000
 0.0000, 0.0000, 0.0000, 0.0000, 0.0000, 0.0000, 0.0000
 0.0000, 0.0000, 0.0000, 0.0000, 0.0000, 0.0000, 0.0000
 0.0000, 0.0000, 0.0000, 0.0000, 0.0000, 0.0000, 0.0000
 0.0000, 0.0000, 0.0000, 0.0000, 0.0000, 0.0000, 0.0000
 0.0000, 0.0000, 0.0000, 0.0000, 0.0000, 0.0000, 0.0000
 0.0000, 0.0000, 0.0000, 0.0000, 0.0000, 0.0000, 0.0000
 0.0000, 0.0000, 0.0000, 0.0000, 0.0000, 0.0000, 0.0000
 0.0000, 0.0000, 0.0000, 0.0000, 0.0000, 0.0000, 0.0000
 0.0000, 0.0000, 0.0000, 0.0000, 0.0000, 0.0000, 0.0000
 0.0000, 0.0000, 0.0000, 0.0000, 0.0000, 0.0000, 0.0000
 0.0000, 0.0000, 0.0000, 0.0000, 0.0000, 0.0000, 0.0000
 0.0000, 0.0000, 0.0000, 0.0000, 0.0000, 0.0000, 0.0000
 0.0000, 0.0000, 0.0000, 0.0000, 0.0000, 0.0000, 0.0000
 0.0000, 0.0000, 0.0000, 0.0000, 0.0000, 0.0000, 0.0000
 0.0000, 0.0000, 0.0000, 0.0000, 0.0000, 0.0000, 0.0000
 0.0000, 0.0000, 0.0000, 0.0000, 0.0000, 0.0000, 0.0000
 0.0000, 0.0000, 0.0000, 0.0000, 0.0000, 0.0000, 0.0000
 0.0000, 0.0000, 0.0000, 0.0000, 0.0000, 0.0000, 0.0000
 0.0000, 0.0000, 0.0033, 0.0000, 0.0000, 0.2659, 0.0000
 0.0000, 0.0000, 0.0033, 0.0000, 0.0000, 0.0531, 0.0000
 0.0000, 0.0000, 0.0066, 0.0000, 0.0000, 0.2765, 0.0000
 0.0000, 0.0000, 0.0099, 0.0000, 0.0000, 0.3212, 0.0000
 0.0000, 0.0000, 0.0166, 0.0000, 0.0000, 0.5961, 0.0000
 0.0000, 0.0000, 0.0199, 0.0000, 0.0000, 0.3851, 0.0000
 0.0000, 0.0000, 0.0265, 0.0000, 0.0000, 0.6089, 0.0000
 0.0000, 0.0000, 0.0299, 0.0000, 0.0000, 0.3877, 0.0000
 0.0000, 0.0000, 0.0365, 0.0000, 0.0000, 0.6094, 0.0000
 0.0000, 0.0000, 0.0432, 0.0000, 0.0000, 0.6538, 0.0000
 0.0000, 0.0000, 0.0498, 0.0000, 0.0000, 0.6626, 0.0000
 0.0000, 0.0000, 0.0565, 0.0000, 0.0000, 0.6644, 0.0000
 0.0000, 0.0000, 0.0631, 0.0000, 0.0000, 0.6647, 0.0000
 0.0000, 0.0000, 0.0698, 0.0000, 0.0000, 0.6648, 0.0000
 0.0000, 0.0000, 0.0764, 0.0000, 0.0000, 0.6648, 0.0000
 0.0000, 0.0000, 0.0831, 0.0000, 0.0000, 0.6648, 0.0000
 0.0000, 0.0000, 0.0930, 0.0000, 0.0000, 0.9308, 0.0000
 0.0000, 0.0000, 0.0997, 0.0000, 0.0000, 0.7180, 0.0000
 0.0000, 0.0000, 0.1097, 0.0000, 0.0000, 0.9414, 0.0000
 0.0000, 0.0000, 0.1230, 0.0000, 0.0000, 1.2521, 0.0000
 0.0000, 0.0000, 0.1329, 0.0000, 0.0000, 1.0482, 0.0000
 0.0000, 0.0000, 0.1429, 0.0000, 0.0000, 1.0075, 0.0000
 0.0000, 0.0000, 0.1562, 0.0000, 0.0000, 1.2653, 0.0000
 0.0000, 0.0000, 0.1662, 0.0000, 0.0000, 1.0509, 0.0000
 0.0000, 0.0000, 0.1795, 0.0000, 0.0000, 1.2740, 0.0000
 0.0000, 0.0000, 0.1928, 0.0000, 0.0000, 1.3186, 0.0000
 0.0000, 0.0000, 0.2027, 0.0000, 0.0000, 1.0615, 0.0000
 0.0000, 0.0000, 0.2160, 0.0000, 0.0000, 1.2761, 0.0000
 0.0000, 0.0000, 0.2293, 0.0000, 0.0000, 1.3190, 0.0000
 0.0000, 0.0000, 0.2460, 0.0000, 0.0000, 1.5935, 0.0000
 0.0000, 0.0000, 0.2593, 0.0000, 0.0000, 1.3825, 0.0000
 0.0000, 0.0000, 0.2726, 0.0000, 0.0000, 1.3403, 0.0000
 0.0000, 0.0000, 0.2859, 0.0000, 0.0000, 1.3318, 0.0000
 0.0000, 0.0000, 0.3025, 0.0000, 0.0000, 1.5961, 0.0000
 0.0000, 0.0000, 0.3158, 0.0000, 0.0000, 1.3830, 0.0000
 0.0000, 0.0000, 0.3324, 0.0000, 0.0000, 1.6063, 0.0000
 0.0000, 0.0000, 0.3457, 0.0000, 0.0000, 1.3850, 0.0000
 0.0000, 0.0000, 0.3590, 0.0000, 0.0000, 1.3408, 0.0000
 0.0000, 0.0000, 0.3756, 0.0000, 0.0000, 1.5979, 0.0000
 0.0000, 0.0000, 0.3889, 0.0000, 0.0000, 1.3834, 0.0000
 0.0000, 0.0000, 0.4022, 0.0000, 0.0000, 1.3405, 0.0000
 0.0000, 0.0000, 0.4155, 0.0000, 0.0000, 1.3319, 0.0000
 0.0000, 0.0000, 0.4321, 0.0000, 0.0000, 1.5961, 0.0000
 0.0000, 0.0000, 0.4454, 0.0000, 0.0000, 1.3830, 0.0000
 0.0000, 0.0000, 0.4587, 0.0000, 0.0000, 1.3404, 0.0000
 0.0000, 0.0000, 0.4720, 0.0000, 0.0000, 1.3319, 0.0000
 0.0000, 0.0000, 0.4853, 0.0000, 0.0000, 1.3302, 0.0000
 0.0000, 0.0000, 0.4986, 0.0000, 0.0000, 1.3298, 0.0000
 0.0000, 0.0000, 0.5119, 0.0000, 0.0000, 1.3297, 0.0000
 0.0000, 0.0000, 0.5252, 0.0000, 0.0000, 1.3297, 0.0000
 0.0000, 0.0000, 0.5385, 0.0000, 0.0000, 1.3297, 0.0000
 0.0000, 0.0000, 0.5518, 0.0000, 0.0000, 1.3297, 0.0000
 0.0000, 0.0000, 0.5651, 0.0000, 0.0000, 1.3297, 0.0000
 0.0000, 0.0000, 0.5784, 0.0000, 0.0000, 1.3297, 0.0000
 0.0000, 0.0000, 0.5884, 0.0000, 0.0000, 1.0638, 0.0000
 0.0000, 0.0000, 0.6017, 0.0000, 0.0000, 1.2765, 0.0000
 0.0000, 0.0000, 0.6116, 0.0000, 0.0000, 1.0531, 0.0000
 0.0000, 0.0000, 0.6249, 0.0000, 0.0000, 1.2744, 0.0000
 0.0000, 0.0000, 0.6382, 0.0000, 0.0000, 1.3187, 0.0000
 0.0000, 0.0000, 0.6482, 0.0000, 0.0000, 1.0616, 0.0000
 0.0000, 0.0000, 0.6615, 0.0000, 0.0000, 1.2761, 0.0000
 0.0000, 0.0000, 0.6748, 0.0000, 0.0000, 1.3190, 0.0000
 0.0000, 0.0000, 0.6848, 0.0000, 0.0000, 1.0616, 0.0000
 0.0000, 0.0000, 0.6981, 0.0000, 0.0000, 1.2761, 0.0000
 0.0000, 0.0000, 0.7114, 0.0000, 0.0000, 1.3190, 0.0000
 0.0000, 0.0000, 0.7247, 0.0000, 0.0000, 1.3276, 0.0000
 0.0000, 0.0000, 0.7380, 0.0000, 0.0000, 1.3293, 0.0000
 0.0000, 0.0000, 0.7513, 0.0000, 0.0000, 1.3296, 0.0000
 0.0000, 0.0000, 0.7646, 0.0000, 0.0000, 1.3297, 0.0000
 0.0000, 0.0000, 0.7779, 0.0000, 0.0000, 1.3297, 0.0000
 0.0000, 0.0000, 0.7912, 0.0000, 0.0000, 1.3297, 0.0000
 0.0000, 0.0000, 0.8045, 0.0000, 0.0000, 1.3297, 0.0000
 0.0000, 0.0000, 0.8178, 0.0000, 0.0000, 1.3297, 0.0000
 0.0000, 0.0000, 0.8311, 0.0000, 0.0000, 1.3297, 0.0000
 0.0000, 0.0000, 0.8444, 0.0000, 0.0000, 1.3297, 0.0000
 0.0000, 0.0000, 0.8577, 0.0000, 0.0000, 1.3297, 0.0000
 0.0000, 0.0000, 0.8676, 0.0000, 0.0000, 1.0638, 0.0000
 0.0000, 0.0000, 0.8809, 0.0000, 0.0000, 1.2765, 0.0000
 0.0000, 0.0000, 0.8942, 0.0000, 0.0000, 1.3191, 0.0000
 0.0000, 0.0000, 0.9042, 0.0000, 0.0000, 1.0616, 0.0000
 0.0000, 0.0000, 0.9175, 0.0000, 0.0000, 1.2761, 0.0000
 0.0000, 0.0000, 0.9308, 0.0000, 0.0000, 1.3190, 0.0000
 0.0000, 0.0000, 0.9408, 0.0000, 0.0000, 1.0616, 0.0000
 0.0000, 0.0000, 0.9541, 0.0000, 0.0000, 1.2761, 0.0000
 0.0000, 0.0000, 0.9674, 0.0000, 0.0000, 1.3190, 0.0000
 0.0000, 0.0000, 0.9773, 0.0000, 0.0000, 1.0616, 0.0000
 0.0000, 0.0000, 0.9906, 0.0000, 0.0000, 1.2761, 0.0000
 0.0000, 0.0000, 1.0006, 0.0000, 0.0000, 1.0530, 0.0000
 0.0000, 0.0000, 1.0139, 0.0000, 0.0000, 1.2744, 0.0000
 0.0000, 0.0000, 1.0272, 0.0000, 0.0000, 1.3187, 0.0000
 0.0000, 0.0000, 1.0372, 0.0000, 0.0000, 1.0616, 0.0000
 0.0000, 0.0000, 1.0505, 0.0000, 0.0000, 1.2761, 0.0000
 0.0000, 0.0000, 1.0638, 0.0000, 0.0000, 1.3190, 0.0000
 0.0000, 0.0000, 1.0737, 0.0000, 0.0000, 1.0616, 0.0000
 0.0000, 0.0000, 1.0870, 0.0000, 0.0000, 1.2761, 0.0000
 0.0000, 0.0000, 1.0970, 0.0000, 0.0000, 1.0530, 0.0000
 0.0000, 0.0000, 1.1103, 0.0000, 0.0000, 1.2744, 0.0000
 0.0000, 0.0000, 1.1236, 0.0000, 0.0000, 1.3187, 0.0000
 0.0000, 0.0000, 1.1369, 0.0000, 0.0000, 1.3275, 0.0000
 0.0000, 0.0000, 1.1469, 0.0000, 0.0000, 1.0633, 0.0000
 0.0000, 0.0000, 1.1602, 0.0000, 0.0000, 1.2764, 0.0000
 0.0000, 0.0000, 1.1735, 0.0000, 0.0000, 1.3191, 0.0000
 0.0000, 0.0000, 1.1834, 0.0000, 0.0000, 1.0616, 0.0000
 0.0000, 0.0000, 1.1967, 0.0000, 0.0000, 1.2761, 0.0000
 0.0000, 0.0000, 1.2100, 0.0000, 0.0000, 1.3190, 0.0000
 0.0000, 0.0000, 1.2233, 0.0000, 0.0000, 1.3276, 0.0000
 0.0000, 0.0000, 1.2366, 0.0000, 0.0000, 1.3293, 0.0000
 0.0000, 0.0000, 1.2499, 0.0000, 0.0000, 1.3296, 0.0000
 0.0000, 0.0000, 1.2632, 0.0000, 0.0000, 1.3297, 0.0000
 0.0000, 0.0000, 1.2765, 0.0000, 0.0000, 1.3297, 0.0000
 0.0000, 0.0000, 1.2898, 0.0000, 0.0000, 1.3297, 0.0000
 0.0000, 0.0000, 1.3031, 0.0000, 0.0000, 1.3297, 0.0000
 0.0000, 0.0000, 1.3164, 0.0000, 0.0000, 1.3297, 0.0000
 0.0000, 0.0000, 1.3297, 0.0000, 0.0000, 1.3297, 0.0000
 0.0000, 0.0000, 1.3430, 0.0000, 0.0000, 1.3297, 0.0000
 0.0000, 0.0000, 1.3563, 0.0000, 0.0000, 1.3297, 0.0000
 0.0000, 0.0000, 1.3696, 0.0000, 0.0000, 1.3297, 0.0000
 0.0000, 0.0000, 1.3829, 0.0000, 0.0000, 1.3297, 0.0000
 0.0000, 0.0000, 1.3962, 0.0000, 0.0000, 1.3297, 0.0000
 0.0000, 0.0000, 1.4095, 0.0000, 0.0000, 1.3297, 0.0000
 0.0000, 0.0000, 1.4228, 0.0000, 0.0000, 1.3297, 0.0000
 0.0000, 0.0000, 1.4361, 0.0000, 0.0000, 1.3297, 0.0000
 0.0000, 0.0000, 1.4494, 0.0000, 0.0000, 1.3297, 0.0000
 0.0000, 0.0000, 1.4627, 0.0000, 0.0000, 1.3297, 0.0000
 0.0000, 0.0000, 1.4727, 0.0000, 0.0000, 1.0638, 0.0000
 0.0000, 0.0000, 1.4860, 0.0000, 0.0000, 1.2765, 0.0000
 0.0000, 0.0000, 1.4993, 0.0000, 0.0000, 1.3191, 0.0000
 0.0000, 0.0000, 1.5092, 0.0000, 0.0000, 1.0616, 0.0000
 0.0000, 0.0000, 1.5225, 0.0000, 0.0000, 1.2761, 0.0000
 0.0000, 0.0000, 1.5325, 0.0000, 0.0000, 1.0530, 0.0000
 0.0000, 0.0000, 1.5458, 0.0000, 0.0000, 1.2744, 0.0000
 0.0000, 0.0000, 1.5558, 0.0000, 0.0000, 1.0527, 0.0000
 0.0000, 0.0000, 1.5658, 0.0000, 0.0000, 1.0084, 0.0000
 0.0000, 0.0000, 1.5791, 0.0000, 0.0000, 1.2654, 0.0000
 0.0000, 0.0000, 1.5890, 0.0000, 0.0000, 1.0509, 0.0000
 0.0000, 0.0000, 1.6023, 0.0000, 0.0000, 1.2740, 0.0000
 0.0000, 0.0000, 1.6123, 0.0000, 0.0000, 1.0526, 0.0000
 0.0000, 0.0000, 1.6123, 0.0000, 0.0000, 0.2105, 0.0000
 0.0000, 0.0000, 1.6223, 0.0000, 0.0000, 0.8399, 0.0000
 0.0000, 0.0000, 1.6356, 0.0000, 0.0000, 1.2318, 0.0000
 0.0000, 0.0000, 1.6489, 0.0000, 0.0000, 1.3101, 0.0000
 0.0000, 0.0000, 1.6655, 0.0000, 0.0000, 1.5918, 0.0000
 0.0000, 0.0000, 1.6788, 0.0000, 0.0000, 1.3821, 0.0000
 0.0000, 0.0000, 1.6788, 0.0000, 0.0000, 0.2764, 0.0000
 0.0000, 0.0000, 1.6821, 0.0000, 0.0000, 0.3212, 0.0000
 0.0000, 0.0000, 1.6954, 0.0000, 0.0000, 1.1280, 0.0000
 0.0000, 0.0000, 1.7120, 0.0000, 0.0000, 1.5554, 0.0000
 0.0000, 0.0000, 1.7287, 0.0000, 0.0000, 1.6408, 0.0000
 0.0000, 0.0000, 1.7420, 0.0000, 0.0000, 1.3919, 0.0000
 0.0000, 0.0000, 1.7586, 0.0000, 0.0000, 1.6081, 0.0000
 0.0000, 0.0000, 1.7752, 0.0000, 0.0000, 1.6513, 0.0000
 0.0000, 0.0000, 1.7885, 0.0000, 0.0000, 1.3941, 0.0000
 0.0000, 0.0000, 1.8051, 0.0000, 0.0000, 1.6085, 0.0000
 0.0000, 0.0000, 1.8217, 0.0000, 0.0000, 1.6515, 0.0000
 0.0000, 0.0000, 1.8384, 0.0000, 0.0000, 1.6600, 0.0000
 0.0000, 0.0000, 1.8550, 0.0000, 0.0000, 1.6617, 0.0000
 0.0000, 0.0000, 1.8716, 0.0000, 0.0000, 1.6621, 0.0000
 0.0000, 0.0000, 1.8882, 0.0000, 0.0000, 1.6621, 0.0000
 0.0000, 0.0000, 1.9049, 0.0000, 0.0000, 1.6622, 0.0000
 0.0000, 0.0000, 1.9182, 0.0000, 0.0000, 1.3962, 0.0000
 0.0000, 0.0000, 1.9348, 0.0000, 0.0000, 1.6090, 0.0000
 0.0000, 0.0000, 1.9547, 0.0000, 0.0000, 1.9175, 0.0000
 0.0000, 0.0000, 1.9713, 0.0000, 0.0000, 1.7132, 0.0000
 0.0000, 0.0000, 1.9913, 0.0000, 0.0000, 1.9383, 0.0000
 0.0000, 0.0000, 2.0079, 0.0000, 0.0000, 1.7174, 0.0000
 0.0000, 0.0000, 2.0279, 0.0000, 0.0000, 1.9392, 0.0000
 0.0000, 0.0000, 2.0445, 0.0000, 0.0000, 1.7176, 0.0000
 0.0000, 0.0000, 2.0644, 0.0000, 0.0000, 1.9392, 0.0000
 0.0000, 0.0000, 2.0810, 0.0000, 0.0000, 1.7176, 0.0000
 0.0000, 0.0000, 2.0977, 0.0000, 0.0000, 1.6732, 0.0000
 0.0000, 0.0000, 2.1143, 0.0000, 0.0000, 1.6644, 0.0000
 0.0000, 0.0000, 2.1309, 0.0000, 0.0000, 1.6626, 0.0000
 0.0000, 0.0000, 2.1475, 0.0000, 0.0000, 1.6622, 0.0000
 0.0000, 0.0000, 2.1642, 0.0000, 0.0000, 1.6622, 0.0000
 0.0000, 0.0000, 2.1808, 0.0000, 0.0000, 1.6622, 0.0000
 0.0000, 0.0000, 2.1974, 0.0000, 0.0000, 1.6622, 0.0000
 0.0000, 0.0000, 2.2107, 0.0000, 0.0000, 1.3962, 0.0000
 0.0000, 0.0000, 2.2273, 0.0000, 0.0000, 1.6090, 0.0000
 0.0000, 0.0000, 2.2439, 0.0000, 0.0000, 1.6515, 0.0000
 0.0000, 0.0000, 2.2639, 0.0000, 0.0000, 1.9260, 0.0000
 0.0000, 0.0000, 2.2805, 0.0000, 0.0000, 1.7149, 0.0000
 0.0000, 0.0000, 2.2938, 0.0000, 0.0000, 1.4068, 0.0000
 0.0000, 0.0000, 2.3104, 0.0000, 0.0000, 1.6111, 0.0000
 0.0000, 0.0000, 2.3271, 0.0000, 0.0000, 1.6520, 0.0000
 0.0000, 0.0000, 2.3437, 0.0000, 0.0000, 1.6601, 0.0000
 0.0000, 0.0000, 2.3570, 0.0000, 0.0000, 1.3958, 0.0000
 0.0000, 0.0000, 2.3736, 0.0000, 0.0000, 1.6089, 0.0000
 0.0000, 0.0000, 2.3902, 0.0000, 0.0000, 1.6515, 0.0000
 0.0000, 0.0000, 2.4068, 0.0000, 0.0000, 1.6600, 0.0000
 0.0000, 0.0000, 2.4201, 0.0000, 0.0000, 1.3958, 0.0000
 0.0000, 0.0000, 2.4368, 0.0000, 0.0000, 1.6089, 0.0000
 0.0000, 0.0000, 2.4501, 0.0000, 0.0000, 1.3856, 0.0000
 0.0000, 0.0000, 2.4667, 0.0000, 0.0000, 1.6068, 0.0000
 0.0000, 0.0000, 2.4800, 0.0000, 0.0000, 1.3852, 0.0000
 0.0000, 0.0000, 2.4966, 0.0000, 0.0000, 1.6068, 0.0000
 0.0000, 0.0000, 2.5099, 0.0000, 0.0000, 1.3851, 0.0000
 0.0000, 0.0000, 2.5265, 0.0000, 0.0000, 1.6068, 0.0000
 0.0000, 0.0000, 2.5398, 0.0000, 0.0000, 1.3851, 0.0000
 0.0000, 0.0000, 2.5531, 0.0000, 0.0000, 1.3408, 0.0000
 0.0000, 0.0000, 2.5664, 0.0000, 0.0000, 1.3319, 0.0000
 0.0000, 0.0000, 2.5830, 0.0000, 0.0000, 1.5961, 0.0000
 0.0000, 0.0000, 2.5963, 0.0000, 0.0000, 1.3830, 0.0000
 0.0000, 0.0000, 2.6096, 0.0000, 0.0000, 1.3404, 0.0000
 0.0000, 0.0000, 2.6229, 0.0000, 0.0000, 1.3319, 0.0000
 0.0000, 0.0000, 2.6329, 0.0000, 0.0000, 1.0642, 0.0000
 0.0000, 0.0000, 2.6462, 0.0000, 0.0000, 1.2766, 0.0000
 0.0000, 0.0000, 2.6595, 0.0000, 0.0000, 1.3191, 0.0000
 0.0000, 0.0000, 2.6728, 0.0000, 0.0000, 1.3276, 0.0000
 0.0000, 0.0000, 2.6861, 0.0000, 0.0000, 1.3293, 0.0000
 0.0000, 0.0000, 2.6861, 0.0000, 0.0000, 0.2658, 0.0000
 0.0000, 0.0000, 2.6861, 0.0000, 0.0000, 0.0531, 0.0000
 0.0000, 0.0000, 2.6861, 0.0000, 0.0000, 0.0106, 0.0000
 0.0000, 0.0000, 2.6894, 0.0000, 0.0000, 0.2680, 0.0000
 0.0000, 0.0000, 2.6894, 0.0000, 0.0000, 0.0536, 0.0000
 0.0000, 0.0000, 2.6894, 0.0000, 0.0000, 0.0107, 0.0000
 0.0000, 0.0000, 2.6894, 0.0000, 0.0000, 0.0021, 0.0000
 0.0000, 0.0000, 2.7027, 0.0000, 0.0000, 1.0642, 0.0000
 0.0000, 0.0000, 2.7160, 0.0000, 0.0000, 1.2766, 0.0000
 0.0000, 0.0000, 2.7260, 0.0000, 0.0000, 1.0531, 0.0000
 0.0000, 0.0000, 2.7360, 0.0000, 0.0000, 1.0085, 0.0000
 0.0000, 0.0000, 2.7493, 0.0000, 0.0000, 1.2655, 0.0000
 0.0000, 0.0000, 2.7592, 0.0000, 0.0000, 1.0509, 0.0000
 0.0000, 0.0000, 2.7692, 0.0000, 0.0000, 1.0080, 0.0000
 0.0000, 0.0000, 2.7792, 0.0000, 0.0000, 0.9994, 0.0000
 0.0000, 0.0000, 2.7892, 0.0000, 0.0000, 0.9977, 0.0000
 0.0000, 0.0000, 2.7991, 0.0000, 0.0000, 0.9974, 0.0000
 0.0000, 0.0000, 2.8091, 0.0000, 0.0000, 0.9973, 0.0000
 0.0000, 0.0000, 2.8191, 0.0000, 0.0000, 0.9973, 0.0000
 0.0000, 0.0000, 2.8324, 0.0000, 0.0000, 1.2632, 0.0000
 0.0000, 0.0000, 2.8357, 0.0000, 0.0000, 0.5185, 0.0000
 0.0000, 0.0000, 2.8357, 0.0000, 0.0000, 0.1037, 0.0000
 0.0000, 0.0000, 2.8357, 0.0000, 0.0000, 0.0207, 0.0000
 0.0000, 0.0000, 2.8324, 0.0000, 0.0000,-0.2617, 0.0000
 0.0000, 0.0000, 2.8324, 0.0000, 0.0000,-0.0523, 0.0000
 0.0000, 0.0000, 2.8324, 0.0000, 0.0000,-0.0104, 0.0000
 0.0000, 0.0000, 2.8423, 0.0000, 0.0000, 0.7957, 0.0000
 0.0000, 0.0000, 2.8490, 0.0000, 0.0000, 0.6910, 0.0000
 0.0000, 0.0000, 2.8490, 0.0000, 0.0000, 0.1382, 0.0000
 0.0000, 0.0000, 2.8523, 0.0000, 0.0000, 0.2936, 0.0000
 0.0000, 0.0000, 2.8490, 0.0000, 0.0000,-0.2072, 0.0000
 0.0000, 0.0000, 2.8590, 0.0000, 0.0000, 0.7564, 0.0000
 0.0000, 0.0000, 2.8689, 0.0000, 0.0000, 0.9491, 0.0000
 0.0000, 0.0000, 2.8756, 0.0000, 0.0000, 0.7217, 0.0000
 0.0000, 0.0000, 2.8856, 0.0000, 0.0000, 0.9422, 0.0000
 0.0000, 0.0000, 2.8922, 0.0000, 0.0000, 0.7203, 0.0000
 0.0000, 0.0000, 2.9022, 0.0000, 0.0000, 0.9419, 0.0000
 0.0000, 0.0000, 2.9088, 0.0000, 0.0000, 0.7202, 0.0000
 0.0000, 0.0000, 2.9188, 0.0000, 0.0000, 0.9419, 0.0000
 0.0000, 0.0000, 2.9255, 0.0000, 0.0000, 0.7202, 0.0000
 0.0000, 0.0000, 2.9354, 0.0000, 0.0000, 0.9419, 0.0000
 0.0000, 0.0000, 2.9421, 0.0000, 0.0000, 0.7203, 0.0000
 0.0000, 0.0000, 2.9487, 0.0000, 0.0000, 0.6759, 0.0000
 0.0000, 0.0000, 2.9587, 0.0000, 0.0000, 0.9330, 0.0000
 0.0000, 0.0000, 2.9653, 0.0000, 0.0000, 0.7185, 0.0000
 0.0000, 0.0000, 2.9753, 0.0000, 0.0000, 0.9415, 0.0000
 0.0000, 0.0000, 2.9820, 0.0000, 0.0000, 0.7202, 0.0000
 0.0000, 0.0000, 2.9886, 0.0000, 0.0000, 0.6759, 0.0000
 0.0000, 0.0000, 2.9953, 0.0000, 0.0000, 0.6670, 0.0000
 0.0000, 0.0000, 3.0019, 0.0000, 0.0000, 0.6653, 0.0000
 0.0000, 0.0000, 3.0086, 0.0000, 0.0000, 0.6649, 0.0000
 0.0000, 0.0000, 3.0152, 0.0000, 0.0000, 0.6648, 0.0000
 0.0000, 0.0000, 3.0219, 0.0000, 0.0000, 0.6649, 0.0000
 0.0000, 0.0000, 3.0285, 0.0000, 0.0000, 0.6648, 0.0000
 0.0000, 0.0000, 3.0352, 0.0000, 0.0000, 0.6648, 0.0000
 0.0000, 0.0000, 3.0418, 0.0000, 0.0000, 0.6648, 0.0000
 0.0000, 0.0000, 3.0485, 0.0000, 0.0000, 0.6648, 0.0000
 0.0000, 0.0000, 3.0551, 0.0000, 0.0000, 0.6648, 0.0000
 0.0000, 0.0000, 3.0584, 0.0000, 0.0000, 0.3989, 0.0000
 0.0000, 0.0000, 3.0651, 0.0000, 0.0000, 0.6116, 0.0000
 0.0000, 0.0000, 3.0717, 0.0000, 0.0000, 0.6542, 0.0000
 0.0000, 0.0000, 3.0751, 0.0000, 0.0000, 0.3968, 0.0000
 0.0000, 0.0000, 3.0817, 0.0000, 0.0000, 0.6112, 0.0000
 0.0000, 0.0000, 3.0884, 0.0000, 0.0000, 0.6541, 0.0000
 0.0000, 0.0000, 3.0917, 0.0000, 0.0000, 0.3967, 0.0000
 0.0000, 0.0000, 3.0950, 0.0000, 0.0000, 0.3453, 0.0000
 0.0000, 0.0000, 3.1016, 0.0000, 0.0000, 0.6009, 0.0000
 0.0000, 0.0000, 3.1050, 0.0000, 0.0000, 0.3861, 0.0000
 0.0000, 0.0000, 3.1083, 0.0000, 0.0000, 0.3431, 0.0000
 0.0000, 0.0000, 3.1116, 0.0000, 0.0000, 0.3345, 0.0000
 0.0000, 0.0000, 3.1149, 0.0000, 0.0000, 0.3328, 0.0000
 0.0000, 0.0000, 3.1183, 0.0000, 0.0000, 0.3325, 0.0000
 0.0000, 0.0000, 3.1216, 0.0000, 0.0000, 0.3324, 0.0000
 0.0000, 0.0000, 3.1249, 0.0000, 0.0000, 0.3324, 0.0000
 0.0000, 0.0000, 3.1282, 0.0000, 0.0000, 0.3324, 0.0000
 0.0000, 0.0000, 3.1282, 0.0000, 0.0000, 0.0664, 0.0000
 0.0000, 0.0000, 3.1316, 0.0000, 0.0000, 0.2792, 0.0000
 0.0000, 0.0000, 3.1349, 0.0000, 0.0000, 0.3217, 0.0000
 0.0000, 0.0000, 3.1349, 0.0000, 0.0000, 0.0643, 0.0000
 0.0000, 0.0000, 3.1382, 0.0000, 0.0000, 0.2788, 0.0000
 0.0000, 0.0000, 3.1415, 0.0000, 0.0000, 0.3217, 0.0000
 0.0000, 0.0000, 3.1415, 0.0000, 0.0000, 0.0643, 0.0000
 0.0000, 0.0000, 3.1415, 0.0000, 0.0000, 0.0128, 0.0000
 0.0000, 0.0000, 3.1449, 0.0000, 0.0000, 0.2684, 0.0000
 0.0000, 0.0000, 3.1449, 0.0000, 0.0000, 0.0536, 0.0000
 0.0000, 0.0000, 3.1482, 0.0000, 0.0000, 0.2767, 0.0000
 0.0000, 0.0000, 3.1482, 0.0000, 0.0000, 0.0553, 0.0000
 0.0000, 0.0000, 3.1515, 0.0000, 0.0000, 0.2770, 0.0000
 0.0000, 0.0000, 3.1515, 0.0000, 0.0000, 0.0554, 0.0000
 0.0000, 0.0000, 3.1515, 0.0000, 0.0000, 0.0110, 0.0000
 0.0000, 0.0000, 3.1515, 0.0000, 0.0000, 0.0022, 0.0000
 0.0000, 0.0000, 3.1548, 0.0000, 0.0000, 0.2664, 0.0000
 0.0000, 0.0000, 3.1548, 0.0000, 0.0000, 0.0532, 0.0000
 0.0000, 0.0000, 3.1548, 0.0000, 0.0000, 0.0106, 0.0000
 0.0000, 0.0000, 3.1548, 0.0000, 0.0000, 0.0021, 0.0000
 0.0000, 0.0000, 3.1548, 0.0000, 0.0000, 0.0004, 0.0000
 0.0000, 0.0000, 3.1548, 0.0000, 0.0000, 0.0000, 0.0000
 0.0000, 0.0000, 3.1548, 0.0000, 0.0000, 0.0000, 0.0000
 0.0000, 0.0000, 3.1548, 0.0000, 0.0000, 0.0000, 0.0000
 0.0000, 0.0000, 3.1548, 0.0000, 0.0000, 0.0000, 0.0000
 0.0000, 0.0000, 3.1582, 0.0000, 0.0000, 0.2659, 0.0000
 0.0000, 0.0000, 3.1582, 0.0000, 0.0000, 0.0531, 0.0000
 0.0000, 0.0000, 3.1582, 0.0000, 0.0000, 0.0106, 0.0000
 0.0000, 0.0000, 3.1582, 0.0000, 0.0000, 0.0021, 0.0000
 0.0000, 0.0000, 3.1582, 0.0000, 0.0000, 0.0004, 0.0000
 0.0000, 0.0000, 3.1582, 0.0000, 0.0000, 0.0000, 0.0000
 0.0000, 0.0000, 3.1582, 0.0000, 0.0000, 0.0000, 0.0000
 0.0000, 0.0000, 3.1582, 0.0000, 0.0000, 0.0000, 0.0000
 0.0000, 0.0000, 3.1582, 0.0000, 0.0000, 0.0000, 0.0000
 0.0000, 0.0000, 3.1582, 0.0000, 0.0000, 0.0000, 0.0000
 0.0000, 0.0000, 3.1582, 0.0000, 0.0000, 0.0000, 0.0000
 0.0000, 0.0000, 3.1582, 0.0000, 0.0000, 0.0000, 0.0000
 0.0000, 0.0000, 3.1582, 0.0000, 0.0000, 0.0000, 0.0000
 0.0000, 0.0000, 3.1582, 0.0000, 0.0000, 0.0000, 0.0000
 0.0000, 0.0000, 3.1582, 0.0000, 0.0000, 0.0000, 0.0000
 0.0000, 0.0000, 3.1582, 0.0000, 0.0000, 0.0000, 0.0000
 0.0000, 0.0000, 3.1582, 0.0000, 0.0000, 0.0000, 0.0000
 0.0000, 0.0000, 3.1582, 0.0000, 0.0000, 0.0000, 0.0000
 0.0000, 0.0000, 3.1548, 0.0000, 0.0000,-0.2659, 0.0000
 0.0000, 0.0000, 3.1548, 0.0000, 0.0000,-0.0531, 0.0000
 0.0000, 0.0000, 3.1548, 0.0000, 0.0000,-0.0106, 0.0000
 0.0000, 0.0000, 3.1548, 0.0000, 0.0000,-0.0021, 0.0000
 0.0000, 0.0000, 3.1548, 0.0000, 0.0000,-0.0004, 0.0000
 0.0000, 0.0000, 3.1515, 0.0000, 0.0000,-0.2660, 0.0000
 0.0000, 0.0000, 3.1515, 0.0000, 0.0000,-0.0532, 0.0000
 0.0000, 0.0000, 3.1515, 0.0000, 0.0000,-0.0106, 0.0000
 0.0000, 0.0000, 3.1515, 0.0000, 0.0000,-0.0021, 0.0000
 0.0000, 0.0000, 3.1515, 0.0000, 0.0000,-0.0004, 0.0000
 0.0000, 0.0000, 3.1515, 0.0000, 0.0000,-0.0000, 0.0000
 0.0000, 0.0000, 3.1515, 0.0000, 0.0000,-0.0000, 0.0000
 0.0000, 0.0000, 3.1515, 0.0000, 0.0000,-0.0000, 0.0000
 0.0000, 0.0000, 3.1482, 0.0000, 0.0000,-0.2659, 0.0000
 0.0000, 0.0000, 3.1482, 0.0000, 0.0000,-0.0531, 0.0000
 0.0000, 0.0000, 3.1482, 0.0000, 0.0000,-0.0106, 0.0000
 0.0000, 0.0000, 3.1449, 0.0000, 0.0000,-0.2680, 0.0000
 0.0000, 0.0000, 3.1449, 0.0000, 0.0000,-0.0536, 0.0000
 0.0000, 0.0000, 3.1449, 0.0000, 0.0000,-0.0107, 0.0000
 0.0000, 0.0000, 3.1449, 0.0000, 0.0000,-0.0021, 0.0000
 0.0000, 0.0000, 3.1415, 0.0000, 0.0000,-0.2663, 0.0000
 0.0000, 0.0000, 3.1415, 0.0000, 0.0000,-0.0532, 0.0000
 0.0000, 0.0000, 3.1415, 0.0000, 0.0000,-0.0106, 0.0000
 0.0000, 0.0000, 3.1415, 0.0000, 0.0000,-0.0021, 0.0000
 0.0000, 0.0000, 3.1415, 0.0000, 0.0000,-0.0004, 0.0000
 0.0000, 0.0000, 3.1449, 0.0000, 0.0000, 0.2658, 0.0000
 0.0000, 0.0000, 3.1449, 0.0000, 0.0000, 0.0531, 0.0000
 0.0000, 0.0000, 3.1449, 0.0000, 0.0000, 0.0106, 0.0000
 0.0000, 0.0000, 3.1449, 0.0000, 0.0000, 0.0021, 0.0000
 0.0000, 0.0000, 3.1482, 0.0000, 0.0000, 0.2663, 0.0000
 0.0000, 0.0000, 3.1482, 0.0000, 0.0000, 0.0532, 0.0000
 0.0000, 0.0000, 3.1482, 0.0000, 0.0000, 0.0106, 0.0000
 0.0000, 0.0000, 3.1482, 0.0000, 0.0000, 0.0021, 0.0000
 0.0000, 0.0000, 3.1482, 0.0000, 0.0000, 0.0004, 0.0000
 0.0000, 0.0000, 3.1482, 0.0000, 0.0000, 0.0000, 0.0000
 0.0000, 0.0000, 3.1482, 0.0000, 0.0000, 0.0000, 0.0000
 0.0000, 0.0000, 3.1482, 0.0000, 0.0000, 0.0000, 0.0000
 0.0000, 0.0000, 3.1482, 0.0000, 0.0000, 0.0000, 0.0000
 0.0000, 0.0000, 3.1515, 0.0000, 0.0000, 0.2659, 0.0000
 0.0000, 0.0000, 3.1515, 0.0000, 0.0000, 0.0531, 0.0000
 0.0000, 0.0000, 3.1515, 0.0000, 0.0000, 0.0106, 0.0000
 0.0000, 0.0000, 3.1515, 0.0000, 0.0000, 0.0021, 0.0000
 0.0000, 0.0000, 3.1515, 0.0000, 0.0000, 0.0004, 0.0000
 0.0000, 0.0000, 3.1515, 0.0000, 0.0000, 0.0000, 0.0000
 0.0000, 0.0000, 3.1515, 0.0000, 0.0000, 0.0000, 0.0000
 0.0000, 0.0000, 3.1515, 0.0000, 0.0000, 0.0000, 0.0000
 0.0000, 0.0000, 3.1482, 0.0000, 0.0000,-0.2659, 0.0000
 0.0000, 0.0000, 3.1482, 0.0000, 0.0000,-0.0531, 0.0000
 0.0000, 0.0000, 3.1482, 0.0000, 0.0000,-0.0106, 0.0000
 0.0000, 0.0000, 3.1482, 0.0000, 0.0000,-0.0021, 0.0000
 0.0000, 0.0000, 3.1482, 0.0000, 0.0000,-0.0004, 0.0000
 0.0000, 0.0000, 3.1482, 0.0000, 0.0000,-0.0000, 0.0000
 0.0000, 0.0000, 3.1482, 0.0000, 0.0000,-0.0000, 0.0000
 0.0000, 0.0000, 3.1482, 0.0000, 0.0000,-0.0000, 0.0000
 0.0000, 0.0000, 3.1482, 0.0000, 0.0000,-0.0000, 0.0000
 0.0000, 0.0000, 3.1482, 0.0000, 0.0000,-0.0000, 0.0000
 0.0000, 0.0000, 3.1482, 0.0000, 0.0000,-0.0000, 0.0000
 0.0000, 0.0000, 3.1449, 0.0000, 0.0000,-0.2659, 0.0000
 0.0000, 0.0000, 3.1449, 0.0000, 0.0000,-0.0531, 0.0000
 0.0000, 0.0000, 3.1449, 0.0000, 0.0000,-0.0106, 0.0000
 0.0000, 0.0000, 3.1449, 0.0000, 0.0000,-0.0021, 0.0000
 0.0000, 0.0000, 3.1415, 0.0000, 0.0000,-0.2663, 0.0000
 0.0000, 0.0000, 3.1415, 0.0000, 0.0000,-0.0532, 0.0000
 0.0000, 0.0000, 3.1415, 0.0000, 0.0000,-0.0106, 0.0000
 0.0000, 0.0000, 3.1415, 0.0000, 0.0000,-0.0021, 0.0000
 0.0000, 0.0000, 3.1382, 0.0000, 0.0000,-0.2663, 0.0000
 0.0000, 0.0000, 3.1382, 0.0000, 0.0000,-0.0532, 0.0000
 0.0000, 0.0000, 3.1382, 0.0000, 0.0000,-0.0106, 0.0000
 0.0000, 0.0000, 3.1382, 0.0000, 0.0000,-0.0021, 0.0000
 0.0000, 0.0000, 3.1382, 0.0000, 0.0000,-0.0004, 0.0000
 0.0000, 0.0000, 3.1382, 0.0000, 0.0000,-0.0000, 0.0000
 0.0000, 0.0000, 3.1349, 0.0000, 0.0000,-0.2659, 0.0000
 0.0000, 0.0000, 3.1349, 0.0000, 0.0000,-0.0531, 0.0000
 0.0000, 0.0000, 3.1349, 0.0000, 0.0000,-0.0106, 0.0000
 0.0000, 0.0000, 3.1349, 0.0000, 0.0000,-0.0021, 0.0000
 0.0000, 0.0000, 3.1349, 0.0000, 0.0000,-0.0004, 0.0000
 0.0000, 0.0000, 3.1349, 0.0000, 0.0000,-0.0000, 0.0000
 0.0000, 0.0000, 3.1316, 0.0000, 0.0000,-0.2659, 0.0000
 0.0000, 0.0000, 3.1316, 0.0000, 0.0000,-0.0531, 0.0000
 0.0000, 0.0000, 3.1316, 0.0000, 0.0000,-0.0106, 0.0000
 0.0000, 0.0000, 3.1316, 0.0000, 0.0000,-0.0021, 0.0000
 0.0000, 0.0000, 3.1316, 0.0000, 0.0000,-0.0004, 0.0000
 0.0000, 0.0000, 3.1316, 0.0000, 0.0000,-0.0000, 0.0000
 0.0000, 0.0000, 3.1316, 0.0000, 0.0000,-0.0000, 0.0000
 0.0000, 0.0000, 3.1316, 0.0000, 0.0000,-0.0000, 0.0000
 0.0000, 0.0000, 3.1316, 0.0000, 0.0000,-0.0000, 0.0000
 0.0000, 0.0000, 3.1316, 0.0000, 0.0000,-0.0000, 0.0000
 0.0000, 0.0000, 3.1316, 0.0000, 0.0000,-0.0000, 0.0000
 0.0000, 0.0000, 3.1316, 0.0000, 0.0000,-0.0000, 0.0000
 0.0000, 0.0000, 3.1316, 0.0000, 0.0000,-0.0000, 0.0000
 0.0000, 0.0000, 3.1349, 0.0000, 0.0000, 0.2659, 0.0000
 0.0000, 0.0000, 3.1349, 0.0000, 0.0000, 0.0531, 0.0000
 0.0000, 0.0000, 3.1382, 0.0000, 0.0000, 0.2765, 0.0000
 0.0000, 0.0000, 3.1382, 0.0000, 0.0000, 0.0553, 0.0000
 0.0000, 0.0000, 3.1415, 0.0000, 0.0000, 0.2770, 0.0000
 0.0000, 0.0000, 3.1415, 0.0000, 0.0000, 0.0554, 0.0000
 0.0000, 0.0000, 3.1449, 0.0000, 0.0000, 0.2770, 0.0000
 0.0000, 0.0000, 3.1449, 0.0000, 0.0000, 0.0554, 0.0000
 0.0000, 0.0000, 3.1482, 0.0000, 0.0000, 0.2770, 0.0000
 0.0000, 0.0000, 3.1482, 0.0000, 0.0000, 0.0554, 0.0000
 0.0000, 0.0000, 3.1482, 0.0000, 0.0000, 0.0110, 0.0000
 0.0000, 0.0000, 3.1515, 0.0000, 0.0000, 0.2681, 0.0000
 0.0000, 0.0000, 3.1515, 0.0000, 0.0000, 0.0536, 0.0000
 0.0000, 0.0000, 3.1515, 0.0000, 0.0000, 0.0107, 0.0000
 0.0000, 0.0000, 3.1548, 0.0000, 0.0000, 0.2681, 0.0000
 0.0000, 0.0000, 3.1548, 0.0000, 0.0000, 0.0536, 0.0000
 0.0000, 0.0000, 3.1548, 0.0000, 0.0000, 0.0107, 0.0000
 0.0000, 0.0000, 3.1548, 0.0000, 0.0000, 0.0021, 0.0000
 0.0000, 0.0000, 3.1582, 0.0000, 0.0000, 0.2663, 0.0000
 0.0000, 0.0000, 3.1582, 0.0000, 0.0000, 0.0532, 0.0000
 0.0000, 0.0000, 3.1582, 0.0000, 0.0000, 0.0106, 0.0000
 0.0000, 0.0000, 3.1582, 0.0000, 0.0000, 0.0021, 0.0000
 0.0000, 0.0000, 3.1582, 0.0000, 0.0000, 0.0004, 0.0000
 0.0000, 0.0000, 3.1615, 0.0000, 0.0000, 0.2660, 0.0000
 0.0000, 0.0000, 3.1615, 0.0000, 0.0000, 0.0532, 0.0000
 0.0000, 0.0000, 3.1615, 0.0000, 0.0000, 0.0106, 0.0000
 0.0000, 0.0000, 3.1648, 0.0000, 0.0000, 0.2680, 0.0000
 0.0000, 0.0000, 3.1648, 0.0000, 0.0000, 0.0536, 0.0000
 0.0000, 0.0000, 3.1648, 0.0000, 0.0000, 0.0107, 0.0000
 0.0000, 0.0000, 3.1681, 0.0000, 0.0000, 0.2681, 0.0000
 0.0000, 0.0000, 3.1681, 0.0000, 0.0000, 0.0536, 0.0000
 0.0000, 0.0000, 3.1715, 0.0000, 0.0000, 0.2766, 0.0000
 0.0000, 0.0000, 3.1715, 0.0000, 0.0000, 0.0553, 0.0000
 0.0000, 0.0000, 3.1715, 0.0000, 0.0000, 0.0110, 0.0000
 0.0000, 0.0000, 3.1748, 0.0000, 0.0000, 0.2681, 0.0000
 0.0000, 0.0000, 3.1748, 0.0000, 0.0000, 0.0536, 0.0000
 0.0000, 0.0000, 3.1748, 0.0000, 0.0000, 0.0107, 0.0000
 0.0000, 0.0000, 3.1781, 0.0000, 0.0000, 0.2681, 0.0000
 0.0000, 0.0000, 3.1781, 0.0000, 0.0000, 0.0536, 0.0000
 0.0000, 0.0000, 3.1781, 0.0000, 0.0000, 0.0107, 0.0000
 0.0000, 0.0000, 3.1781, 0.0000, 0.0000, 0.0021, 0.0000
 0.0000, 0.0000, 3.1781, 0.0000, 0.0000, 0.0004, 0.0000
 0.0000, 0.0000, 3.1781, 0.0000, 0.0000, 0.0000, 0.0000
 0.0000, 0.0000, 3.1781, 0.0000, 0.0000, 0.0000, 0.0000
 0.0000, 0.0000, 3.1781, 0.0000, 0.0000, 0.0000, 0.0000
 0.0000, 0.0000, 3.1781, 0.0000, 0.0000, 0.0000, 0.0000
 0.0000, 0.0000, 3.1814, 0.0000, 0.0000, 0.2659, 0.0000
 0.0000, 0.0000, 3.1814, 0.0000, 0.0000, 0.0531, 0.0000
 0.0000, 0.0000, 3.1814, 0.0000, 0.0000, 0.0106, 0.0000
 0.0000, 0.0000, 3.1814, 0.0000, 0.0000, 0.0021, 0.0000
 0.0000, 0.0000, 3.1814, 0.0000, 0.0000, 0.0004, 0.0000
 0.0000, 0.0000, 3.1814, 0.0000, 0.0000, 0.0000, 0.0000
 0.0000, 0.0000, 3.1848, 0.0000, 0.0000, 0.2659, 0.0000
 0.0000, 0.0000, 3.1848, 0.0000, 0.0000, 0.0531, 0.0000
 0.0000, 0.0000, 3.1848, 0.0000, 0.0000, 0.0106, 0.0000
 0.0000, 0.0000, 3.1848, 0.0000, 0.0000, 0.0021, 0.0000
 0.0000, 0.0000, 3.1881, 0.0000, 0.0000, 0.2663, 0.0000
 0.0000, 0.0000, 3.1881, 0.0000, 0.0000, 0.0532, 0.0000
 0.0000, 0.0000, 3.1881, 0.0000, 0.0000, 0.0106, 0.0000
 0.0000, 0.0000, 3.1881, 0.0000, 0.0000, 0.0021, 0.0000
 0.0000, 0.0000, 3.1914, 0.0000, 0.0000, 0.2663, 0.0000
 0.0000, 0.0000, 3.1914, 0.0000, 0.0000, 0.0532, 0.0000
 0.0000, 0.0000, 3.1914, 0.0000, 0.0000, 0.0106, 0.0000
 0.0000, 0.0000, 3.1947, 0.0000, 0.0000, 0.2680, 0.0000
 0.0000, 0.0000, 3.1947, 0.0000, 0.0000, 0.0536, 0.0000
 0.0000, 0.0000, 3.1947, 0.0000, 0.0000, 0.0107, 0.0000
 0.0000, 0.0000, 3.1947, 0.0000, 0.0000, 0.0021, 0.0000
 0.0000, 0.0000, 3.1947, 0.0000, 0.0000, 0.0004, 0.0000
 0.0000, 0.0000, 3.1947, 0.0000, 0.0000, 0.0000, 0.0000
 0.0000, 0.0000, 3.1947, 0.0000, 0.0000, 0.0000, 0.0000
 0.0000, 0.0000, 3.1947, 0.0000, 0.0000, 0.0000, 0.0000
 0.0000, 0.0000, 3.1981, 0.0000, 0.0000, 0.2659, 0.0000
 0.0000, 0.0000, 3.1981, 0.0000, 0.0000, 0.0531, 0.0000
 0.0000, 0.0000, 3.1981, 0.0000, 0.0000, 0.0106, 0.0000
 0.0000, 0.0000, 3.1981, 0.0000, 0.0000, 0.0021, 0.0000
 0.0000, 0.0000, 3.2014, 0.0000, 0.0000, 0.2663, 0.0000
 0.0000, 0.0000, 3.2014, 0.0000, 0.0000, 0.0532, 0.0000
 0.0000, 0.0000, 3.2014, 0.0000, 0.0000, 0.0106, 0.0000
 0.0000, 0.0000, 3.2047, 0.0000, 0.0000, 0.2680, 0.0000
 0.0000, 0.0000, 3.2047, 0.0000, 0.0000, 0.0536, 0.0000
 0.0000, 0.0000, 3.2047, 0.0000, 0.0000, 0.0107, 0.0000
 0.0000, 0.0000, 3.2080, 0.0000, 0.0000, 0.2681, 0.0000
 0.0000, 0.0000, 3.2080, 0.0000, 0.0000, 0.0536, 0.0000
 0.0000, 0.0000, 3.2080, 0.0000, 0.0000, 0.0107, 0.0000
 0.0000, 0.0000, 3.2080, 0.0000, 0.0000, 0.0021, 0.0000
 0.0000, 0.0000, 3.2114, 0.0000, 0.0000, 0.2663, 0.0000
 0.0000, 0.0000, 3.2114, 0.0000, 0.0000, 0.0532, 0.0000
 0.0000, 0.0000, 3.2114, 0.0000, 0.0000, 0.0106, 0.0000
 0.0000, 0.0000, 3.2114, 0.0000, 0.0000, 0.0021, 0.0000
 0.0000, 0.0000, 3.2147, 0.0000, 0.0000, 0.2663, 0.0000
 0.0000, 0.0000, 3.2147, 0.0000, 0.0000, 0.0532, 0.0000
 0.0000, 0.0000, 3.2147, 0.0000, 0.0000, 0.0106, 0.0000
 0.0000, 0.0000, 3.2180, 0.0000, 0.0000, 0.2680, 0.0000
 0.0000, 0.0000, 3.2180, 0.0000, 0.0000, 0.0536, 0.0000
 0.0000, 0.0000, 3.2180, 0.0000, 0.0000, 0.0107, 0.0000
 0.0000, 0.0000, 3.2180, 0.0000, 0.0000, 0.0021, 0.0000
 0.0000, 0.0000, 3.2213, 0.0000, 0.0000, 0.2663, 0.0000
 0.0000, 0.0000, 3.2213, 0.0000, 0.0000, 0.0532, 0.0000
 0.0000, 0.0000, 3.2213, 0.0000, 0.0000, 0.0106, 0.0000
 0.0000, 0.0000, 3.2213, 0.0000, 0.0000, 0.0021, 0.0000
 0.0000, 0.0000, 3.2213, 0.0000, 0.0000, 0.0004, 0.0000
 0.0000, 0.0000, 3.2247, 0.0000, 0.0000, 0.2660, 0.0000
 0.0000, 0.0000, 3.2247, 0.0000, 0.0000, 0.0532, 0.0000
 0.0000, 0.0000, 3.2247, 0.0000, 0.0000, 0.0106, 0.0000
 0.0000, 0.0000, 3.2247, 0.0000, 0.0000, 0.0021, 0.0000
 0.0000, 0.0000, 3.2247, 0.0000, 0.0000, 0.0004, 0.0000
 0.0000, 0.0000, 3.2247, 0.0000, 0.0000, 0.0000, 0.0000
 0.0000, 0.0000, 3.2247, 0.0000, 0.0000, 0.0000, 0.0000
 0.0000, 0.0000, 3.2247, 0.0000, 0.0000, 0.0000, 0.0000
 0.0000, 0.0000, 3.2247, 0.0000, 0.0000, 0.0000, 0.0000
 0.0000, 0.0000, 3.2247, 0.0000, 0.0000, 0.0000, 0.0000
 0.0000, 0.0000, 3.2247, 0.0000, 0.0000, 0.0000, 0.0000
 0.0000, 0.0000, 3.2247, 0.0000, 0.0000, 0.0000, 0.0000
 0.0000, 0.0000, 3.2247, 0.0000, 0.0000, 0.0000, 0.0000
 0.0000, 0.0000, 3.2247, 0.0000, 0.0000, 0.0000, 0.0000
 0.0000, 0.0000, 3.2247, 0.0000, 0.0000, 0.0000, 0.0000
 0.0000, 0.0000, 3.2247, 0.0000, 0.0000, 0.0000, 0.0000
 0.0000, 0.0000, 3.2280, 0.0000, 0.0000, 0.2659, 0.0000
 0.0000, 0.0000, 3.2280, 0.0000, 0.0000, 0.0531, 0.0000
 0.0000, 0.0000, 3.2280, 0.0000, 0.0000, 0.0106, 0.0000
 0.0000, 0.0000, 3.2280, 0.0000, 0.0000, 0.0021, 0.0000
 0.0000, 0.0000, 3.2280, 0.0000, 0.0000, 0.0004, 0.0000
 0.0000, 0.0000, 3.2280, 0.0000, 0.0000, 0.0000, 0.0000
 0.0000, 0.0000, 3.2280, 0.0000, 0.0000, 0.0000, 0.0000
 0.0000, 0.0000, 3.2280, 0.0000, 0.0000, 0.0000, 0.0000
 0.0000, 0.0000, 3.2280, 0.0000, 0.0000, 0.0000, 0.0000
 0.0000, 0.0000, 3.2280, 0.0000, 0.0000, 0.0000, 0.0000
 0.0000, 0.0000, 3.2313, 0.0000, 0.0000, 0.2659, 0.0000
 0.0000, 0.0000, 3.2313, 0.0000, 0.0000, 0.0531, 0.0000
 0.0000, 0.0000, 3.2313, 0.0000, 0.0000, 0.0106, 0.0000
 0.0000, 0.0000, 3.2313, 0.0000, 0.0000, 0.0021, 0.0000
 0.0000, 0.0000, 3.2346, 0.0000, 0.0000, 0.2663, 0.0000
 0.0000, 0.0000, 3.2346, 0.0000, 0.0000, 0.0532, 0.0000
 0.0000, 0.0000, 3.2346, 0.0000, 0.0000, 0.0106, 0.0000
 0.0000, 0.0000, 3.2346, 0.0000, 0.0000, 0.0021, 0.0000
 0.0000, 0.0000, 3.2346, 0.0000, 0.0000, 0.0004, 0.0000
 0.0000, 0.0000, 3.2380, 0.0000, 0.0000, 0.2660, 0.0000
 0.0000, 0.0000, 3.2380, 0.0000, 0.0000, 0.0532, 0.0000
 0.0000, 0.0000, 3.2380, 0.0000, 0.0000, 0.0106, 0.0000
 0.0000, 0.0000, 3.2380, 0.0000, 0.0000, 0.0021, 0.0000
 0.0000, 0.0000, 3.2380, 0.0000, 0.0000, 0.0004, 0.0000
 0.0000, 0.0000, 3.2380, 0.0000, 0.0000, 0.0000, 0.0000
 0.0000, 0.0000, 3.2380, 0.0000, 0.0000, 0.0000, 0.0000
 0.0000, 0.0000, 3.2380, 0.0000, 0.0000, 0.0000, 0.0000
 0.0000, 0.0000, 3.2380, 0.0000, 0.0000, 0.0000, 0.0000
 0.0000, 0.0000, 3.2380, 0.0000, 0.0000, 0.0000, 0.0000
 0.0000, 0.0000, 3.2380, 0.0000, 0.0000, 0.0000, 0.0000
 0.0000, 0.0000, 3.2380, 0.0000, 0.0000, 0.0000, 0.0000
 0.0000, 0.0000, 3.2380, 0.0000, 0.0000, 0.0000, 0.0000
 0.0000, 0.0000, 3.2380, 0.0000, 0.0000, 0.0000, 0.0000
 0.0000, 0.0000, 3.2380, 0.0000, 0.0000, 0.0000, 0.0000
 0.0000, 0.0000, 3.2380, 0.0000, 0.0000, 0.0000, 0.0000
 0.0000, 0.0000, 3.2380, 0.0000, 0.0000, 0.0000, 0.0000
 0.0000, 0.0000, 3.2380, 0.0000, 0.0000, 0.0000, 0.0000
 0.0000, 0.0000, 3.2380, 0.0000, 0.0000, 0.0000, 0.0000
 0.0000, 0.0000, 3.2380, 0.0000, 0.0000, 0.0000, 0.0000
 0.0000, 0.0000, 3.2380, 0.0000, 0.0000, 0.0000, 0.0000
 0.0000, 0.0000, 3.2380, 0.0000, 0.0000, 0.0000, 0.0000
 0.0000, 0.0000, 3.2380, 0.0000, 0.0000, 0.0000, 0.0000
 0.0000, 0.0000, 3.2380, 0.0000, 0.0000, 0.0000, 0.0000
 0.0000, 0.0000, 3.2346, 0.0000, 0.0000,-0.2659, 0.0000
 0.0000, 0.0000, 3.2346, 0.0000, 0.0000,-0.0531, 0.0000
 0.0000, 0.0000, 3.2346, 0.0000, 0.0000,-0.0106, 0.0000
 0.0000, 0.0000, 3.2346, 0.0000, 0.0000,-0.0021, 0.0000
 0.0000, 0.0000, 3.2346, 0.0000, 0.0000,-0.0004, 0.0000
 0.0000, 0.0000, 3.2346, 0.0000, 0.0000,-0.0000, 0.0000
 0.0000, 0.0000, 3.2346, 0.0000, 0.0000,-0.0000, 0.0000
 0.0000, 0.0000, 3.2346, 0.0000, 0.0000,-0.0000, 0.0000
 0.0000, 0.0000, 3.2346, 0.0000, 0.0000,-0.0000, 0.0000
 0.0000, 0.0000, 3.2346, 0.0000, 0.0000,-0.0000, 0.0000
 0.0000, 0.0000, 3.2346, 0.0000, 0.0000,-0.0000, 0.0000
 0.0000, 0.0000, 3.2346, 0.0000, 0.0000,-0.0000, 0.0000
 0.0000, 0.0000, 3.2346, 0.0000, 0.0000,-0.0000, 0.0000
 0.0000, 0.0000, 3.2346, 0.0000, 0.0000,-0.0000, 0.0000
 0.0000, 0.0000, 3.2346, 0.0000, 0.0000,-0.0000, 0.0000
 0.0000, 0.0000, 3.2346, 0.0000, 0.0000,-0.0000, 0.0000
 0.0000, 0.0000, 3.2346, 0.0000, 0.0000,-0.0000, 0.0000
 0.0000, 0.0000, 3.2346, 0.0000, 0.0000,-0.0000, 0.0000
 0.0000, 0.0000, 3.2346, 0.0000, 0.0000,-0.0000, 0.0000
 0.0000, 0.0000, 3.2346, 0.0000, 0.0000,-0.0000, 0.0000
 0.0000, 0.0000, 3.2346, 0.0000, 0.0000,-0.0000, 0.0000
 0.0000, 0.0000, 3.2346, 0.0000, 0.0000,-0.0000, 0.0000
 0.0000, 0.0000, 3.2346, 0.0000, 0.0000,-0.0000, 0.0000
 0.0000, 0.0000, 3.2313, 0.0000, 0.0000,-0.2659, 0.0000
 0.0000, 0.0000, 3.2313, 0.0000, 0.0000,-0.0531, 0.0000
 0.0000, 0.0000, 3.2313, 0.0000, 0.0000,-0.0106, 0.0000
 0.0000, 0.0000, 3.2313, 0.0000, 0.0000,-0.0021, 0.0000
 0.0000, 0.0000, 3.2313, 0.0000, 0.0000,-0.0004, 0.0000
 0.0000, 0.0000, 3.2313, 0.0000, 0.0000,-0.0000, 0.0000
 0.0000, 0.0000, 3.2313, 0.0000, 0.0000,-0.0000, 0.0000
 0.0000, 0.0000, 3.2313, 0.0000, 0.0000,-0.0000, 0.0000
 0.0000, 0.0000, 3.2280, 0.0000, 0.0000,-0.2659, 0.0000
 0.0000, 0.0000, 3.2280, 0.0000, 0.0000,-0.0531, 0.0000
 0.0000, 0.0000, 3.2280, 0.0000, 0.0000,-0.0106, 0.0000
 0.0000, 0.0000, 3.2280, 0.0000, 0.0000,-0.0021, 0.0000
 0.0000, 0.0000, 3.2247, 0.0000, 0.0000,-0.2663, 0.0000
 0.0000, 0.0000, 3.2247, 0.0000, 0.0000,-0.0532, 0.0000
 0.0000, 0.0000, 3.2247, 0.0000, 0.0000,-0.0106, 0.0000
 0.0000, 0.0000, 3.2247, 0.0000, 0.0000,-0.0021, 0.0000
 0.0000, 0.0000, 3.2213, 0.0000, 0.0000,-0.2663, 0.0000
 0.0000, 0.0000, 3.2213, 0.0000, 0.0000,-0.0532, 0.0000
 0.0000, 0.0000, 3.2213, 0.0000, 0.0000,-0.0106, 0.0000
 0.0000, 0.0000, 3.2213, 0.0000, 0.0000,-0.0021, 0.0000
 0.0000, 0.0000, 3.2180, 0.0000, 0.0000,-0.2663, 0.0000
 0.0000, 0.0000, 3.2180, 0.0000, 0.0000,-0.0532, 0.0000
 0.0000, 0.0000, 3.2180, 0.0000, 0.0000,-0.0106, 0.0000
 0.0000, 0.0000, 3.2180, 0.0000, 0.0000,-0.0021, 0.0000
 0.0000, 0.0000, 3.2147, 0.0000, 0.0000,-0.2663, 0.0000
 0.0000, 0.0000, 3.2147, 0.0000, 0.0000,-0.0532, 0.0000
 0.0000, 0.0000, 3.2147, 0.0000, 0.0000,-0.0106, 0.0000
 0.0000, 0.0000, 3.2147, 0.0000, 0.0000,-0.0021, 0.0000
 0.0000, 0.0000, 3.2114, 0.0000, 0.0000,-0.2663, 0.0000
 0.0000, 0.0000, 3.2114, 0.0000, 0.0000,-0.0532, 0.0000
 0.0000, 0.0000, 3.2114, 0.0000, 0.0000,-0.0106, 0.0000
 0.0000, 0.0000, 3.2114, 0.0000, 0.0000,-0.0021, 0.0000
 0.0000, 0.0000, 3.2114, 0.0000, 0.0000,-0.0004, 0.0000
 0.0000, 0.0000, 3.2080, 0.0000, 0.0000,-0.2660, 0.0000
 0.0000, 0.0000, 3.2080, 0.0000, 0.0000,-0.0532, 0.0000
 0.0000, 0.0000, 3.2080, 0.0000, 0.0000,-0.0106, 0.0000
 0.0000, 0.0000, 3.2080, 0.0000, 0.0000,-0.0021, 0.0000
 0.0000, 0.0000, 3.2080, 0.0000, 0.0000,-0.0004, 0.0000
 0.0000, 0.0000, 3.2080, 0.0000, 0.0000,-0.0000, 0.0000
 0.0000, 0.0000, 3.2080, 0.0000, 0.0000,-0.0000, 0.0000
 0.0000, 0.0000, 3.2080, 0.0000, 0.0000,-0.0000, 0.0000
 0.0000, 0.0000, 3.2047, 0.0000, 0.0000,-0.2659, 0.0000
 0.0000, 0.0000, 3.2047, 0.0000, 0.0000,-0.0531, 0.0000
 0.0000, 0.0000, 3.2047, 0.0000, 0.0000,-0.0106, 0.0000
 0.0000, 0.0000, 3.2047, 0.0000, 0.0000,-0.0021, 0.0000
 0.0000, 0.0000, 3.2047, 0.0000, 0.0000,-0.0004, 0.0000
 0.0000, 0.0000, 3.2047, 0.0000, 0.0000,-0.0000, 0.0000
 0.0000, 0.0000, 3.2014, 0.0000, 0.0000,-0.2659, 0.0000
 0.0000, 0.0000, 3.2014, 0.0000, 0.0000,-0.0531, 0.0000
 0.0000, 0.0000, 3.2014, 0.0000, 0.0000,-0.0106, 0.0000
 0.0000, 0.0000, 3.2014, 0.0000, 0.0000,-0.0021, 0.0000
 0.0000, 0.0000, 3.2014, 0.0000, 0.0000,-0.0004, 0.0000
 0.0000, 0.0000, 3.2014, 0.0000, 0.0000,-0.0000, 0.0000
 0.0000, 0.0000, 3.2014, 0.0000, 0.0000,-0.0000, 0.0000
 0.0000, 0.0000, 3.1981, 0.0000, 0.0000,-0.2659, 0.0000
 0.0000, 0.0000, 3.1981, 0.0000, 0.0000,-0.0531, 0.0000
 0.0000, 0.0000, 3.1981, 0.0000, 0.0000,-0.0106, 0.0000
 0.0000, 0.0000, 3.1981, 0.0000, 0.0000,-0.0021, 0.0000
 0.0000, 0.0000, 3.1981, 0.0000, 0.0000,-0.0004, 0.0000
 0.0000, 0.0000, 3.1981, 0.0000, 0.0000,-0.0000, 0.0000
 0.0000, 0.0000, 3.1981, 0.0000, 0.0000,-0.0000, 0.0000
 0.0000, 0.0000, 3.1947, 0.0000, 0.0000,-0.2659, 0.0000
 0.0000, 0.0000, 3.1947, 0.0000, 0.0000,-0.0531, 0.0000
 0.0000, 0.0000, 3.1947, 0.0000, 0.0000,-0.0106, 0.0000
 0.0000, 0.0000, 3.1947, 0.0000, 0.0000,-0.0021, 0.0000
 0.0000, 0.0000, 3.1947, 0.0000, 0.0000,-0.0004, 0.0000
 0.0000, 0.0000, 3.1947, 0.0000, 0.0000,-0.0000, 0.0000
 0.0000, 0.0000, 3.1914, 0.0000, 0.0000,-0.2659, 0.0000
 0.0000, 0.0000, 3.1914, 0.0000, 0.0000,-0.0531, 0.0000
 0.0000, 0.0000, 3.1914, 0.0000, 0.0000,-0.0106, 0.0000
 0.0000, 0.0000, 3.1914, 0.0000, 0.0000,-0.0021, 0.0000
 0.0000, 0.0000, 3.1914, 0.0000, 0.0000,-0.0004, 0.0000
 0.0000, 0.0000, 3.1914, 0.0000, 0.0000,-0.0000, 0.0000
 0.0000, 0.0000, 3.1881, 0.0000, 0.0000,-0.2659, 0.0000
 0.0000, 0.0000, 3.1881, 0.0000, 0.0000,-0.0531, 0.0000
 0.0000, 0.0000, 3.1881, 0.0000, 0.0000,-0.0106, 0.0000
 0.0000, 0.0000, 3.1881, 0.0000, 0.0000,-0.0021, 0.0000
 0.0000, 0.0000, 3.1881, 0.0000, 0.0000,-0.0004, 0.0000
 0.0000, 0.0000, 3.1881, 0.0000, 0.0000,-0.0000, 0.0000
 0.0000, 0.0000, 3.1881, 0.0000, 0.0000,-0.0000, 0.0000
 0.0000, 0.0000, 3.1881, 0.0000, 0.0000,-0.0000, 0.0000
 0.0000, 0.0000, 3.1881, 0.0000, 0.0000,-0.0000, 0.0000
 0.0000, 0.0000, 3.1881, 0.0000, 0.0000,-0.0000, 0.0000
 0.0000, 0.0000, 3.1881, 0.0000, 0.0000,-0.0000, 0.0000
 0.0000, 0.0000, 3.1881, 0.0000, 0.0000,-0.0000, 0.0000
 0.0000, 0.0000, 3.1881, 0.0000, 0.0000,-0.0000, 0.0000
 0.0000, 0.0000, 3.1881, 0.0000, 0.0000,-0.0000, 0.0000
 0.0000, 0.0000, 3.1881, 0.0000, 0.0000,-0.0000, 0.0000
 0.0000, 0.0000, 3.1881, 0.0000, 0.0000,-0.0000, 0.0000
 0.0000, 0.0000, 3.1881, 0.0000, 0.0000,-0.0000, 0.0000
 0.0000, 0.0000, 3.1881, 0.0000, 0.0000,-0.0000, 0.0000
 0.0000, 0.0000, 3.1848, 0.0000, 0.0000,-0.2659, 0.0000
 0.0000, 0.0000, 3.1848, 0.0000, 0.0000,-0.0531, 0.0000
 0.0000, 0.0000, 3.1848, 0.0000, 0.0000,-0.0106, 0.0000
 0.0000, 0.0000, 3.1848, 0.0000, 0.0000,-0.0021, 0.0000
 0.0000, 0.0000, 3.1848, 0.0000, 0.0000,-0.0004, 0.0000
 0.0000, 0.0000, 3.1848, 0.0000, 0.0000,-0.0000, 0.0000
 0.0000, 0.0000, 3.1848, 0.0000, 0.0000,-0.0000, 0.0000
 0.0000, 0.0000, 3.1848, 0.0000, 0.0000,-0.0000, 0.0000
 0.0000, 0.0000, 3.1848, 0.0000, 0.0000,-0.0000, 0.0000
 0.0000, 0.0000, 3.1848, 0.0000, 0.0000,-0.0000, 0.0000
 0.0000, 0.0000, 3.1848, 0.0000, 0.0000,-0.0000, 0.0000
 0.0000, 0.0000, 3.1848, 0.0000, 0.0000,-0.0000, 0.0000
 0.0000, 0.0000, 3.1848, 0.0000, 0.0000,-0.0000, 0.0000
 0.0000, 0.0000, 3.1848, 0.0000, 0.0000,-0.0000, 0.0000
 0.0000, 0.0000, 3.1848, 0.0000, 0.0000,-0.0000, 0.0000
 0.0000, 0.0000, 3.1848, 0.0000, 0.0000,-0.0000, 0.0000
 0.0000, 0.0000, 3.1848, 0.0000, 0.0000,-0.0000, 0.0000
 0.0000, 0.0000, 3.1848, 0.0000, 0.0000,-0.0000, 0.0000
 0.0000, 0.0000, 3.1848, 0.0000, 0.0000,-0.0000, 0.0000
 0.0000, 0.0000, 3.1848, 0.0000, 0.0000,-0.0000, 0.0000
 0.0000, 0.0000, 3.1848, 0.0000, 0.0000,-0.0000, 0.0000
 0.0000, 0.0000, 3.1848, 0.0000, 0.0000,-0.0000, 0.0000
 0.0000, 0.0000, 3.1848, 0.0000, 0.0000,-0.0000, 0.0000
 0.0000, 0.0000, 3.1848, 0.0000, 0.0000,-0.0000, 0.0000
 0.0000, 0.0000, 3.1848, 0.0000, 0.0000,-0.0000, 0.0000
 0.0000, 0.0000, 3.1848, 0.0000, 0.0000,-0.0000, 0.0000
 0.0000, 0.0000, 3.1848, 0.0000, 0.0000,-0.0000, 0.0000
 0.0000, 0.0000, 3.1848, 0.0000, 0.0000,-0.0000, 0.0000
 0.0000, 0.0000, 3.1848, 0.0000, 0.0000,-0.0000, 0.0000
 0.0000, 0.0000, 3.1848, 0.0000, 0.0000,-0.0000, 0.0000
 0.0000, 0.0000, 3.1848, 0.0000, 0.0000,-0.0000, 0.0000
 0.0000, 0.0000, 3.1848, 0.0000, 0.0000,-0.0000, 0.0000
 0.0000, 0.0000, 3.1848, 0.0000, 0.0000,-0.0000, 0.0000
 0.0000, 0.0000, 3.1848, 0.0000, 0.0000,-0.0000, 0.0000
 0.0000, 0.0000, 3.1848, 0.0000, 0.0000,-0.0000, 0.0000
 0.0000, 0.0000, 3.1848, 0.0000, 0.0000,-0.0000, 0.0000
 0.0000, 0.0000, 3.1848, 0.0000, 0.0000,-0.0000, 0.0000
 0.0000, 0.0000, 3.1848, 0.0000, 0.0000,-0.0000, 0.0000
 0.0000, 0.0000, 3.1848, 0.0000, 0.0000,-0.0000, 0.0000
 0.0000, 0.0000, 3.1848, 0.0000, 0.0000,-0.0000, 0.0000
 0.0000, 0.0000, 3.1848, 0.0000, 0.0000,-0.0000, 0.0000
 0.0000, 0.0000, 3.1848, 0.0000, 0.0000,-0.0000, 0.0000
 0.0000, 0.0000, 3.1848, 0.0000, 0.0000,-0.0000, 0.0000
 0.0000, 0.0000, 3.1848, 0.0000, 0.0000,-0.0000, 0.0000
 0.0000, 0.0000, 3.1848, 0.0000, 0.0000,-0.0000, 0.0000
 0.0000, 0.0000, 3.1848, 0.0000, 0.0000,-0.0000, 0.0000
 0.0000, 0.0000, 3.1848, 0.0000, 0.0000,-0.0000, 0.0000
 0.0000, 0.0000, 3.1848, 0.0000, 0.0000,-0.0000, 0.0000
 0.0000, 0.0000, 3.1848, 0.0000, 0.0000,-0.0000, 0.0000
 0.0000, 0.0000, 3.1848, 0.0000, 0.0000,-0.0000, 0.0000
 0.0000, 0.0000, 3.1848, 0.0000, 0.0000,-0.0000, 0.0000
 0.0000, 0.0000, 3.1848, 0.0000, 0.0000,-0.0000, 0.0000
 0.0000, 0.0000, 3.1848, 0.0000, 0.0000,-0.0000, 0.0000
 0.0000, 0.0000, 3.1881, 0.0000, 0.0000, 0.2659, 0.0000
 0.0000, 0.0000, 3.1881, 0.0000, 0.0000, 0.0531, 0.0000
 0.0000, 0.0000, 3.1881, 0.0000, 0.0000, 0.0106, 0.0000
 0.0000, 0.0000, 3.1881, 0.0000, 0.0000, 0.0021, 0.0000
 0.0000, 0.0000, 3.1881, 0.0000, 0.0000, 0.0004, 0.0000
 0.0000, 0.0000, 3.1881, 0.0000, 0.0000, 0.0000, 0.0000
 0.0000, 0.0000, 3.1881, 0.0000, 0.0000, 0.0000, 0.0000
 0.0000, 0.0000, 3.1881, 0.0000, 0.0000, 0.0000, 0.0000
 0.0000, 0.0000, 3.1881, 0.0000, 0.0000, 0.0000, 0.0000
 0.0000, 0.0000, 3.1881, 0.0000, 0.0000, 0.0000, 0.0000
 0.0000, 0.0000, 3.1881, 0.0000, 0.0000, 0.0000, 0.0000
 0.0000, 0.0000, 3.1881, 0.0000, 0.0000, 0.0000, 0.0000
 0.0000, 0.0000, 3.1881, 0.0000, 0.0000, 0.0000, 0.0000
 0.0000, 0.0000, 3.1881, 0.0000, 0.0000, 0.0000, 0.0000
 0.0000, 0.0000, 3.1914, 0.0000, 0.0000, 0.2659, 0.0000
 0.0000, 0.0000, 3.1914, 0.0000, 0.0000, 0.0531, 0.0000
 0.0000, 0.0000, 3.1914, 0.0000, 0.0000, 0.0106, 0.0000
 0.0000, 0.0000, 3.1914, 0.0000, 0.0000, 0.0021, 0.0000
 0.0000, 0.0000, 3.1914, 0.0000, 0.0000, 0.0004, 0.0000
 0.0000, 0.0000, 3.1914, 0.0000, 0.0000, 0.0000, 0.0000
 0.0000, 0.0000, 3.1914, 0.0000, 0.0000, 0.0000, 0.0000
 0.0000, 0.0000, 3.1914, 0.0000, 0.0000, 0.0000, 0.0000
 0.0000, 0.0000, 3.1914, 0.0000, 0.0000, 0.0000, 0.0000
 0.0000, 0.0000, 3.1914, 0.0000, 0.0000, 0.0000, 0.0000
 0.0000, 0.0000, 3.1914, 0.0000, 0.0000, 0.0000, 0.0000
 0.0000, 0.0000, 3.1914, 0.0000, 0.0000, 0.0000, 0.0000
 0.0000, 0.0000, 3.1914, 3.1415, 0.0000, 0.0000,-4.6799
-0.0000, 0.0000, 3.1914, 3.1415,-0.0060, 0.0000,-4.6799
-0.0003, 0.0000, 3.1914, 3.1415,-0.0254, 0.0000,-4.6799
-0.0009, 0.0000, 3.1881, 3.1415,-0.0475,-0.2659, 0.6018
-0.0012, 0.0000, 3.1881, 3.1415,-0.0398,-0.0531,-4.6799
-0.0018, 0.0000, 3.1848, 3.1415,-0.0504,-0.2765, 1.9258
-0.0021, 0.0000, 3.1848, 3.1415,-0.0343,-0.0553,-4.6799
-0.0026, 0.0000, 3.1848, 3.1415,-0.0493,-0.0110,-4.6799
-0.0031, 0.0000, 3.1814, 3.1415,-0.0523,-0.2681, 2.1116
-0.0035, 0.0000, 3.1814, 3.1415,-0.0407,-0.0536,-4.6799
-0.0041, 0.0000, 3.1781, 3.1415,-0.0566,-0.2766, 3.2028
-0.0043, 0.0000, 3.1781, 3.1415,-0.0295,-0.0553,-4.6799
-0.0049, 0.0000, 3.1781, 3.1415,-0.0483,-0.0110,-4.6799
-0.0055, 0.0000, 3.1748, 3.1415,-0.0581,-0.2681, 3.4100
-0.0058, 0.0000, 3.1715, 3.1415,-0.0358,-0.3195, 4.6799
-0.0059, 0.0000, 3.1715, 3.1415,-0.0193,-0.0639,-4.6799
-0.0062, 0.0000, 3.1715, 3.1415,-0.0281,-0.0127,-4.6799
-0.0066, 0.0000, 3.1715, 3.1415,-0.0359,-0.0025,-4.6799
-0.0071, 0.0000, 3.1715, 3.1415,-0.0435,-0.0005,-4.6799
-0.0078, 0.0000, 3.1715, 3.1415,-0.0632,-0.0001,-4.6799
-0.0087, 0.0000, 3.1681, 3.1415,-0.0854,-0.2659, 3.1067
-0.0094, 0.0000, 3.1681, 3.1415,-0.0777,-0.0531,-4.6799
-0.0103, 0.0000, 3.1681, 3.1415,-0.0822,-0.0106,-4.6799
-0.0110, 0.0000, 3.1648, 3.1415,-0.0770,-0.2680, 4.5780
-0.0116, 0.0000, 3.1648, 3.1415,-0.0639,-0.0536,-4.6799
-0.0125, 0.0000, 3.1648, 3.1415,-0.0794,-0.0107,-4.6799
-0.0132, 0.0000, 3.1681, 3.1415,-0.0765, 0.2638,-4.6799
-0.0142, 0.0000, 3.1681, 3.1415,-0.0941, 0.0527,-4.6799
-0.0153, 0.0000, 3.1681, 3.1415,-0.1097, 0.0105,-4.6799
-0.0167, 0.0000, 3.1681, 3.1415,-0.1310, 0.0021,-4.6799
-0.0183, 0.0000, 3.1648, 3.1415,-0.1535,-0.2655,-1.0316
-0.0200, 0.0000, 3.1648, 3.1415,-0.1701,-0.0531,-4.6799
-0.0219, 0.0000, 3.1615, 3.1415,-0.1795,-0.2765,-1.3557
-0.0238, 0.0000, 3.1615, 3.1415,-0.1935,-0.0553,-4.6799
-0.0260, 0.0000, 3.1582, 3.1415,-0.2145,-0.2770,-2.9616
-0.0282, 0.0000, 3.1548, 3.1415,-0.2187,-0.3213, 0.2938
-0.0303, 0.0000, 3.1515, 3.1415,-0.2135,-0.3302, 1.9863
-0.0322, 0.0000, 3.1515, 3.1415,-0.1882,-0.0660,-4.6799
-0.0341, 0.0000, 3.1515, 3.1415,-0.1952,-0.0132,-4.6799
-0.0362, 0.0000, 3.1515, 3.1415,-0.2027,-0.0026,-4.6799
-0.0384, 0.0000, 3.1482, 3.1415,-0.2163,-0.2664,-1.6454
-0.0407, 0.0000, 3.1482, 3.1415,-0.2251,-0.0532,-4.6799
-0.0432, 0.0000, 3.1482, 3.1415,-0.2451,-0.0106,-4.6799
-0.0459, 0.0000, 3.1449, 3.1415,-0.2673,-0.2680,-4.4067
-0.0487, 0.0000, 3.1415, 3.1415,-0.2778,-0.3195,-1.1614
-0.0514, 0.0000, 3.1382, 3.1415,-0.2738,-0.3298, 0.5071
-0.0541, 0.0000, 3.1349, 3.1415,-0.2669,-0.3319, 1.8610
-0.0563, 0.0000, 3.1316, 3.1415,-0.2352,-0.3323, 4.6799
-0.0584, 0.0000, 3.1316, 3.1415,-0.2107,-0.0664,-4.6799
-0.0604, 0.0000, 3.1316, 3.1415,-0.2058,-0.0132,-4.6799
-0.0626, 0.0000, 3.1316, 3.1415,-0.2109,-0.0026,-4.6799
-0.0648, 0.0000, 3.1282, 3.1415,-0.2240,-0.2664, 1.9355
-0.0667, 0.0000, 3.1282, 3.1415,-0.1964,-0.0532,-4.6799
-0.0689, 0.0000, 3.1249, 3.1415,-0.2151,-0.2766, 3.8568
-0.0707, 0.0000, 3.1249, 3.1415,-0.1824,-0.0553,-4.6799
-0.0726, 0.0000, 3.1216, 3.1415,-0.1941,-0.2770, 4.6799
-0.0741, 0.0000, 3.1216, 3.1415,-0.1540,-0.0554,-4.6799
-0.0757, 0.0000, 3.1216, 3.1415,-0.1581,-0.0110,-4.6799
-0.0773, 0.0000, 3.1216, 3.1415,-0.1650,-0.0022,-4.6799
-0.0792, 0.0000, 3.1216, 3.1415,-0.1845,-0.0004,-4.6799
-0.0813, 0.0000, 3.1183, 3.1415,-0.2006,-0.2660, 4.6799
-0.0829, 0.0000, 3.1149, 3.1415,-0.1735,-0.3191, 4.6799
-0.0845, 0.0000, 3.1149, 3.1415,-0.1559,-0.0638,-3.4352
-0.0861, 0.0000, 3.1149, 3.1415,-0.1645,-0.0127,-4.6799
-0.0876, 0.0000, 3.1149, 3.1415,-0.1481,-0.0025,-4.6799
-0.0891, 0.0000, 3.1116, 3.1415,-0.1508,-0.2664, 4.6799
-0.0903, 0.0000, 3.1116, 3.1415,-0.1271,-0.0532,-1.5615
-0.0917, 0.0000, 3.1116, 3.1415,-0.1345,-0.0106,-4.6799
-0.0930, 0.0000, 3.1116, 3.1415,-0.1360,-0.0021,-4.6799
-0.0945, 0.0000, 3.1083, 3.1415,-0.1484,-0.2663, 4.6799
-0.0956, 0.0000, 3.1083, 3.1415,-0.1145,-0.0532,-0.0859
-0.0969, 0.0000, 3.1083, 3.1415,-0.1259,-0.0106,-3.5454
-0.0983, 0.0000, 3.1050, 3.1415,-0.1343,-0.2680, 4.6799
-0.0992, 0.0000, 3.1050, 3.1415,-0.1056,-0.0536, 1.2474
-0.0999, 0.0000, 3.1050, 3.1415,-0.0757,-0.0107, 0.5558
-0.1002, 0.0000, 3.1050, 3.1415,-0.0393,-0.0021, 2.4264
-0.1005, 0.0000, 3.1083, 3.1415,-0.0260, 0.2655,-4.6799
-0.1006, 0.0000, 3.1083, 3.1415,-0.0173, 0.0531,-0.4443
-0.1008, 0.0000, 3.1116, 3.1415,-0.0216, 0.2765,-4.6799
-0.1011, 0.0000, 3.1116, 3.1415,-0.0285, 0.0553,-2.2584
-0.1017, 0.0000, 3.1116, 3.1415,-0.0542, 0.0110,-1.2581
-0.1025, 0.0000, 3.1116, 3.1415,-0.0714, 0.0022,-1.8967
-0.1033, 0.0000, 3.1083, 3.1415,-0.0749,-0.2655, 4.6799
-0.1036, 0.0000, 3.1083, 3.1415,-0.0392,-0.0531, 4.5187
-0.1037, 0.0000, 3.1083, 3.1415,-0.0199,-0.0106, 3.1659
-0.1037, 0.0000, 3.1083, 3.1415,-0.0039,-0.0021, 3.7037
-0.1034, 0.0000, 3.1116, 3.1415, 0.0234, 0.2655,-4.6799
-0.1030, 0.0000, 3.1116, 3.1415, 0.0350, 0.0531, 2.0149
-0.1027, 0.0000, 3.1116, 3.1415, 0.0312, 0.0106, 4.4077
-0.1025, 0.0000, 3.1149, 3.1415, 0.0244, 0.2680,-4.6799
-0.1023, 0.0000, 3.1149, 3.1415, 0.0170, 0.0536,-0.0820
-0.1024, 0.0000, 3.1149, 3.1415,-0.0026, 0.0107, 1.2573
-0.1023, 0.0000, 3.1149, 3.1415, 0.0055, 0.0021, 2.3366
-0.1023, 0.0000, 3.1149, 3.1415, 0.0011, 0.0004, 2.1483
-0.1023, 0.0000, 3.1149, 3.1415, 0.0062, 0.0000, 2.5178
-0.1020, 0.0000, 3.1149, 3.1415, 0.0194, 0.0000, 3.4093
-0.1016, 0.0000, 3.1149, 3.1415, 0.0402, 0.0000, 4.6799
-0.1011, 0.0000, 3.1149, 3.1415, 0.0504, 0.0000, 4.6799
-0.1004, 0.0000, 3.1149, 3.1415, 0.0646, 0.0000, 4.6799
-0.0995, 0.0000, 3.1183, 3.1415, 0.0796, 0.2659,-4.6799
-0.0990, 0.0000, 3.1183, 3.1415, 0.0583, 0.0531, 1.9598
-0.0983, 0.0000, 3.1183, 3.1415, 0.0723, 0.0106, 4.6799
-0.0976, 0.0000, 3.1183, 3.1415, 0.0690, 0.0021, 4.6799
-0.0968, 0.0000, 3.1183, 3.1415, 0.0744, 0.0004, 4.6799
-0.0957, 0.0000, 3.1216, 3.1415, 0.1058, 0.2660,-4.6799
-0.0950, 0.0000, 3.1216, 3.1415, 0.0757, 0.0532, 2.4126
-0.0940, 0.0000, 3.1216, 3.1415, 0.0939, 0.0106, 4.6799
-0.0931, 0.0000, 3.1216, 3.1415, 0.0915, 0.0021, 4.6799
-0.0922, 0.0000, 3.1216, 3.1415, 0.0910, 0.0004, 4.6799
-0.0908, 0.0000, 3.1249, 3.1415, 0.1273, 0.2660,-4.6799
-0.0898, 0.0000, 3.1249, 3.1415, 0.1042, 0.0532, 3.6682
-0.0886, 0.0000, 3.1249, 3.1415, 0.1239, 0.0106, 4.6799
-0.0872, 0.0000, 3.1282, 3.1415, 0.1339, 0.2680,-4.6799
-0.0864, 0.0000, 3.1282, 3.1415, 0.0874, 0.0536, 1.7876
-0.0851, 0.0000, 3.1282, 3.1415, 0.1205, 0.0107, 4.6799
-0.0844, 0.0000, 3.1282, 3.1415, 0.0847, 0.0021, 4.6799
-0.0829, 0.0000, 3.1282, 3.1415, 0.1321, 0.0004, 4.6799
-0.0817, 0.0000, 3.1282, 3.1415, 0.1295, 0.0000, 4.6799
-0.0804, 0.0000, 3.1316, 3.1415, 0.1229, 0.2659,-4.6799
-0.0791, 0.0000, 3.1316, 3.1415, 0.1337, 0.0531, 4.3598
-0.0779, 0.0000, 3.1316, 3.1415, 0.1176, 0.0106, 4.6799
-0.0766, 0.0000, 3.1316, 3.1415, 0.1326, 0.0021, 4.6799
-0.0752, 0.0000, 3.1316, 3.1415, 0.1356, 0.0004, 4.6799
-0.0736, 0.0000, 3.1349, 3.1415, 0.1544, 0.2660,-4.6799
-0.0721, 0.0000, 3.1349, 3.1415, 0.1521, 0.0532, 4.6799
-0.0705, 0.0000, 3.1349, 3.1415, 0.1577, 0.0106, 4.6799
-0.0688, 0.0000, 3.1349, 3.1415, 0.1649, 0.0021, 4.6799
-0.0670, 0.0000, 3.1382, 3.1415, 0.1785, 0.2663,-4.6799
-0.0654, 0.0000, 3.1415, 3.1415, 0.1630, 0.3192,-4.6799
-0.0641, 0.0000, 3.1415, 3.1415, 0.1417, 0.0638, 2.2774
-0.0626, 0.0000, 3.1415, 3.1415, 0.1496, 0.0127, 4.6799
-0.0613, 0.0000, 3.1415, 3.1415, 0.1330, 0.0025, 4.6799
-0.0598, 0.0000, 3.1415, 3.1415, 0.1418, 0.0005, 4.6799
-0.0582, 0.0000, 3.1415, 3.1415, 0.1556, 0.0001, 4.6799
-0.0563, 0.0000, 3.1415, 3.1415, 0.1827, 0.0000, 4.6799
-0.0542, 0.0000, 3.1449, 3.1415, 0.2063, 0.2659,-4.6799
-0.0525, 0.0000, 3.1449, 3.1415, 0.1807, 0.0531, 4.6799
-0.0504, 0.0000, 3.1449, 3.1415, 0.1998, 0.0106, 4.6799
-0.0484, 0.0000, 3.1482, 3.1415, 0.2036, 0.2680,-4.6799
-0.0465, 0.0000, 3.1515, 3.1415, 0.1923, 0.3195,-4.6799
-0.0450, 0.0000, 3.1515, 3.1415, 0.1597, 0.0639, 1.7171
-0.0435, 0.0000, 3.1515, 3.1415, 0.1532, 0.0127, 4.5212
-0.0418, 0.0000, 3.1515, 3.1415, 0.1640, 0.0025, 4.6799
-0.0400, 0.0000, 3.1515, 3.1415, 0.1783, 0.0005, 4.6799
-0.0381, 0.0000, 3.1515, 3.1415, 0.1811, 0.0001, 4.6799
-0.0362, 0.0000, 3.1515, 3.1415, 0.1938, 0.0000, 4.6799
-0.0338, 0.0000, 3.1548, 3.1415, 0.2267, 0.2659,-4.6799
-0.0317, 0.0000, 3.1548, 3.1415, 0.2151, 0.0531, 4.6799
-0.0295, 0.0000, 3.1582, 3.1415, 0.2188, 0.2765,-4.6799
-0.0278, 0.0000, 3.1582, 3.1415, 0.1771, 0.0553, 2.4600
-0.0257, 0.0000, 3.1615, 3.1415, 0.2052, 0.2770,-4.6799
-0.0241, 0.0000, 3.1615, 3.1415, 0.1683, 0.0554, 1.1526
-0.0225, 0.0000, 3.1615, 3.1415, 0.1610, 0.0110, 3.4830
-0.0210, 0.0000, 3.1615, 3.1415, 0.1534, 0.0022, 3.6055
-0.0194, 0.0000, 3.1615, 3.1415, 0.1640, 0.0004, 4.5051
-0.0175, 0.0000, 3.1615, 3.1415, 0.1783, 0.0000, 4.6799
-0.0156, 0.0000, 3.1615, 3.1415, 0.1933, 0.0000, 4.6799
-0.0134, 0.0000, 3.1615, 3.1415, 0.2084, 0.0000, 4.6799
-0.0110, 0.0000, 3.1648, 3.1415, 0.2357, 0.2659,-4.6799
-0.0090, 0.0000, 3.1648, 3.1415, 0.2108, 0.0531, 3.9718
-0.0067, 0.0000, 3.1681, 3.1415, 0.2240, 0.2765,-4.6799
-0.0049, 0.0000, 3.1681, 3.1415, 0.1903, 0.0553, 1.7766
-0.0030, 0.0000, 3.1681, 3.1415, 0.1896, 0.0110, 4.5626
-0.0010, 0.0000, 3.1681, 3.1415, 0.1955, 0.0022, 4.6799
 0.0008, 0.0000, 3.1715, 3.1415, 0.1906, 0.2663,-4.6799
 0.0024, 0.0000, 3.1715, 3.1415, 0.1654, 0.0532,-0.2864
 0.0037, 0.0000, 3.1715, 3.1415, 0.1422, 0.0106, 0.8713
 0.0052, 0.0000, 3.1681, 3.1415, 0.1436,-0.2638, 4.6799
 0.0066, 0.0000, 3.1681, 3.1415, 0.1439,-0.0527, 4.6799
 0.0082, 0.0000, 3.1681, 3.1415, 0.1561,-0.0105, 4.2327
 0.0097, 0.0000, 3.1681, 3.1415, 0.1524,-0.0021, 3.5451
 0.0115, 0.0000, 3.1681, 3.1415, 0.1760,-0.0004, 4.6799
 0.0136, 0.0000, 3.1681, 3.1415, 0.1989,-0.0000, 4.6799
 0.0157, 0.0000, 3.1715, 3.1415, 0.2095, 0.2659,-4.6799
 0.0175, 0.0000, 3.1715, 3.1415, 0.1813, 0.0531, 1.5312
 0.0195, 0.0000, 3.1748, 3.1415, 0.1999, 0.2765,-4.6799
 0.0209, 0.0000, 3.1748, 3.1415, 0.1491, 0.0553,-1.4775
 0.0222, 0.0000, 3.1715, 3.1415, 0.1329,-0.2548, 4.6799
 0.0231, 0.0000, 3.1715, 3.1415, 0.1054,-0.0509, 3.2023
 0.0242, 0.0000, 3.1681, 3.1415, 0.1059,-0.2761, 4.6799
 0.0256, 0.0000, 3.1681, 3.1415, 0.1303,-0.0552, 4.6799
 0.0272, 0.0000, 3.1681, 3.1415, 0.1533,-0.0110, 4.6799
 0.0287, 0.0000, 3.1681, 3.1415, 0.1519,-0.0022, 4.4624
 0.0305, 0.0000, 3.1681, 3.1415, 0.1759,-0.0004, 4.6799
 0.0325, 0.0000, 3.1715, 3.1415, 0.1988, 0.2658,-4.6799
 0.0343, 0.0000, 3.1715, 3.1415, 0.1792, 0.0531, 2.2314
 0.0361, 0.0000, 3.1715, 3.1415, 0.1813, 0.0106, 4.6799
 0.0379, 0.0000, 3.1748, 3.1415, 0.1817, 0.2680,-4.6799
 0.0392, 0.0000, 3.1748, 3.1415, 0.1394, 0.0536,-1.1007
 0.0404, 0.0000, 3.1748, 3.1415, 0.1249, 0.0107, 0.6452
 0.0414, 0.0000, 3.1715, 3.1415, 0.1038,-0.2638, 4.6799
 0.0424, 0.0000, 3.1715, 3.1415, 0.0995,-0.0527, 3.8879
 0.0438, 0.0000, 3.1681, 3.1415, 0.1351,-0.2764, 4.6799
 0.0453, 0.0000, 3.1681, 3.1415, 0.1422,-0.0552, 4.6799
 0.0466, 0.0000, 3.1681, 3.1415, 0.1315,-0.0110, 4.5451
 0.0485, 0.0000, 3.1681, 3.1415, 0.1778,-0.0022, 4.6799
 0.0506, 0.0000, 3.1715, 3.1415, 0.2053, 0.2654,-4.6799
 0.0522, 0.0000, 3.1748, 3.1415, 0.1684, 0.3190,-4.6799
 0.0536, 0.0000, 3.1748, 3.1415, 0.1488, 0.0638,-0.3824
 0.0548, 0.0000, 3.1748, 3.1415, 0.1267, 0.0127, 1.3649
 0.0559, 0.0000, 3.1715, 3.1415, 0.1102,-0.2634, 4.6799
 0.0570, 0.0000, 3.1715, 3.1415, 0.1129,-0.0526, 4.6799
 0.0581, 0.0000, 3.1715, 3.1415, 0.1074,-0.0105, 2.5869
 0.0592, 0.0000, 3.1681, 3.1415, 0.1124,-0.2680, 4.6799
 0.0609, 0.0000, 3.1681, 3.1415, 0.1558,-0.0536, 4.6799
 0.0628, 0.0000, 3.1715, 3.1415, 0.1827, 0.2552,-4.6799
 0.0638, 0.0000, 3.1715, 3.1415, 0.1214, 0.0510,-0.0048
 0.0651, 0.0000, 3.1715, 3.1415, 0.1213, 0.0102, 2.5718
 0.0663, 0.0000, 3.1715, 3.1415, 0.1273, 0.0020, 3.5429
 0.0673, 0.0000, 3.1681, 3.1415, 0.1042,-0.2655, 4.6799
 0.0688, 0.0000, 3.1681, 3.1415, 0.1421,-0.0531, 4.6799
 0.0703, 0.0000, 3.1681, 3.1415, 0.1436,-0.0106, 4.6799
 0.0717, 0.0000, 3.1715, 3.1415, 0.1439, 0.2638,-4.6799
 0.0734, 0.0000, 3.1715, 3.1415, 0.1621, 0.0527, 3.0772
 0.0749, 0.0000, 3.1715, 3.1415, 0.1537, 0.0105, 4.6799
 0.0762, 0.0000, 3.1715, 3.1415, 0.1338, 0.0021, 4.4625
 0.0779, 0.0000, 3.1748, 3.1415, 0.1662, 0.2663,-4.6799
 0.0794, 0.0000, 3.1748, 3.1415, 0.1484, 0.0532, 1.5285
 0.0807, 0.0000, 3.1748, 3.1415, 0.1327, 0.0106, 3.1851
 0.0820, 0.0000, 3.1748, 3.1415, 0.1356, 0.0021, 3.9753
 0.0838, 0.0000, 3.1748, 3.1415, 0.1665, 0.0004, 4.6799
 0.0854, 0.0000, 3.1781, 3.1415, 0.1667, 0.2660,-4.6799
 0.0868, 0.0000, 3.1814, 3.1415, 0.1424, 0.3191,-4.6799
 0.0881, 0.0000, 3.1814, 3.1415, 0.1315, 0.0638,-1.6166
 0.0890, 0.0000, 3.1814, 3.1415, 0.0990, 0.0127,-0.5756
 0.0897, 0.0000, 3.1781, 3.1415, 0.0743,-0.2634, 4.6799
 0.0904, 0.0000, 3.1748, 3.1415, 0.0694,-0.3186, 4.6799
 0.0910, 0.0000, 3.1748, 3.1415, 0.0623,-0.0637, 3.6180
 0.0918, 0.0000, 3.1748, 3.1415, 0.0791,-0.0127, 1.6234
 0.0927, 0.0000, 3.1715, 3.1415, 0.0885,-0.2685, 4.6799
 0.0938, 0.0000, 3.1715, 3.1415, 0.1026,-0.0537, 4.6799
 0.0948, 0.0000, 3.1715, 3.1415, 0.1054,-0.0107, 4.2991
 0.0961, 0.0000, 3.1715, 3.1415, 0.1241,-0.0021, 4.6799
 0.0976, 0.0000, 3.1715, 3.1415, 0.1460,-0.0004, 4.6799
 0.0993, 0.0000, 3.1748, 3.1415, 0.1626, 0.2658,-4.6799
 0.1005, 0.0000, 3.1748, 3.1415, 0.1234, 0.0531, 0.9264
 0.1021, 0.0000, 3.1781, 3.1415, 0.1580, 0.2765,-4.6799
 0.1033, 0.0000, 3.1781, 3.1415, 0.1286, 0.0553, 0.3784
 0.1045, 0.0000, 3.1781, 3.1415, 0.1227, 0.0110, 2.7838
 0.1055, 0.0000, 3.1781, 3.1415, 0.1033, 0.0022, 2.0916
 0.1069, 0.0000, 3.1781, 3.1415, 0.1298, 0.0004, 4.0289
 0.1083, 0.0000, 3.1814, 3.1415, 0.1351, 0.2660,-4.6799
 0.1095, 0.0000, 3.1814, 3.1415, 0.1240, 0.0532,-0.3926
 0.1105, 0.0000, 3.1814, 3.1415, 0.1096, 0.0106, 1.3385
 0.1114, 0.0000, 3.1814, 3.1415, 0.0946, 0.0021, 0.9127
 0.1123, 0.0000, 3.1814, 3.1415, 0.0856, 0.0004, 0.4567
 0.1131, 0.0000, 3.1814, 3.1415, 0.0838, 0.0000, 0.3988
 0.1139, 0.0000, 3.1814, 3.1415, 0.0834, 0.0000, 0.4206
 0.1148, 0.0000, 3.1814, 3.1415, 0.0833, 0.0000, 0.4583
 0.1156, 0.0000, 3.1814, 3.1415, 0.0833, 0.0000, 0.4992
 0.1164, 0.0000, 3.1814, 3.1415, 0.0833, 0.0000, 0.5407
 0.1173, 0.0000, 3.1814, 3.1415, 0.0833, 0.0000, 0.5824
 0.1180, 0.0000, 3.1814, 3.1415, 0.0773, 0.0000, 0.2168
 0.1189, 0.0000, 3.1814, 3.1415, 0.0882, 0.0000, 0.9885
 0.1199, 0.0000, 3.1814, 3.1415, 0.0904, 0.0000, 1.1792
 0.1208, 0.0000, 3.1814, 3.1415, 0.0908, 0.0000, 1.2538
 0.1217, 0.0000, 3.1814, 3.1415, 0.0909, 0.0000, 1.3050
 0.1229, 0.0000, 3.1848, 3.1415, 0.1151, 0.2659,-4.6799
 0.1237, 0.0000, 3.1848, 3.1415, 0.0897, 0.0531,-2.8636
 0.1242, 0.0000, 3.1848, 3.1415, 0.0603, 0.0106,-2.1584
 0.1246, 0.0000, 3.1848, 3.1415, 0.0363, 0.0021,-3.2179
 0.1246, 0.0000, 3.1814, 3.1415, 0.0072,-0.2655, 4.6799
 0.1246, 0.0000, 3.1781, 3.1415, 0.0014,-0.3190, 4.6799
 0.1249, 0.0000, 3.1781, 3.1415, 0.0245,-0.0638, 1.8958
 0.1253, 0.0000, 3.1781, 3.1415, 0.0412,-0.0127,-0.1241
 0.1255, 0.0000, 3.1781, 3.1415, 0.0203,-0.0025,-2.1389
 0.1256, 0.0000, 3.1748, 3.1415, 0.0162,-0.2664, 4.6799
 0.1258, 0.0000, 3.1748, 3.1415, 0.0214,-0.0532, 1.9901
 0.1261, 0.0000, 3.1715, 3.1415, 0.0285,-0.2766, 4.6799
 0.1264, 0.0000, 3.1715, 3.1415, 0.0299,-0.0553, 3.6162
 0.1271, 0.0000, 3.1715, 3.1415, 0.0544,-0.0110, 2.5423
 0.1279, 0.0000, 3.1715, 3.1415, 0.0775,-0.0022, 3.5734
 0.1288, 0.0000, 3.1748, 3.1415, 0.0882, 0.2655,-4.6799
 0.1293, 0.0000, 3.1748, 3.1415, 0.0600, 0.0531,-1.8421
 0.1298, 0.0000, 3.1748, 3.1415, 0.0484, 0.0106, 0.0292
 0.1302, 0.0000, 3.1748, 3.1415, 0.0399, 0.0021, 0.0144
 0.1304, 0.0000, 3.1748, 3.1415, 0.0261, 0.0004,-0.7878
 0.1305, 0.0000, 3.1748, 3.1415, 0.0173, 0.0000,-1.3464
 0.1305, 0.0000, 3.1715, 3.1415,-0.0025,-0.2659, 4.6799
 0.1305, 0.0000, 3.1715, 3.1415, 0.0055,-0.0531, 2.0642
 0.1307, 0.0000, 3.1681, 3.1415, 0.0132,-0.2765, 4.6799
 0.1310, 0.0000, 3.1681, 3.1415, 0.0269,-0.0553, 4.5419
 0.1314, 0.0000, 3.1681, 3.1415, 0.0356,-0.0110, 2.4097
 0.1319, 0.0000, 3.1681, 3.1415, 0.0495,-0.0022, 2.8128
 0.1327, 0.0000, 3.1681, 3.1415, 0.0766,-0.0004, 4.5437
 0.1336, 0.0000, 3.1715, 3.1415, 0.0820, 0.2658,-4.6799
 0.1340, 0.0000, 3.1715, 3.1415, 0.0527, 0.0531,-1.1954
 0.1343, 0.0000, 3.1715, 3.1415, 0.0287, 0.0106,-0.1530
 0.1344, 0.0000, 3.1715, 3.1415, 0.0178, 0.0021,-0.3427
 0.1343, 0.0000, 3.1715, 3.1415,-0.0085, 0.0004,-2.0036
 0.1338, 0.0000, 3.1681, 3.1415,-0.0380,-0.2658, 4.6799
 0.1337, 0.0000, 3.1648, 3.1415,-0.0136,-0.3191, 4.6799
 0.1339, 0.0000, 3.1648, 3.1415, 0.0093,-0.0638, 4.6799
 0.1340, 0.0000, 3.1648, 3.1415, 0.0140,-0.0127, 2.1068
 0.1343, 0.0000, 3.1648, 3.1415, 0.0270,-0.0025, 2.3587
 0.1348, 0.0000, 3.1648, 3.1415, 0.0417,-0.0005, 3.2357
 0.1354, 0.0000, 3.1648, 3.1415, 0.0568,-0.0001, 4.2439
 0.1361, 0.0000, 3.1648, 3.1415, 0.0720,-0.0000, 4.6799
 0.1370, 0.0000, 3.1681, 3.1415, 0.0810, 0.2659,-4.6799
 0.1375, 0.0000, 3.1715, 3.1415, 0.0586, 0.3191,-4.6799
 0.1378, 0.0000, 3.1715, 3.1415, 0.0359, 0.0638,-2.7827
 0.1378, 0.0000, 3.1715, 3.1415, 0.0071, 0.0127,-1.5406
 0.1376, 0.0000, 3.1681, 3.1415,-0.0167,-0.2633, 4.6799
 0.1375, 0.0000, 3.1681, 3.1415,-0.0094,-0.0526, 2.2884
 0.1376, 0.0000, 3.1648, 3.1415, 0.0041,-0.2764, 4.6799
 0.1380, 0.0000, 3.1648, 3.1415, 0.0372,-0.0552, 4.6799
 0.1386, 0.0000, 3.1648, 3.1415, 0.0498,-0.0110, 4.6163
 0.1393, 0.0000, 3.1681, 3.1415, 0.0645, 0.2637,-4.6799
 0.1395, 0.0000, 3.1681, 3.1415, 0.0310, 0.0527,-1.4369
 0.1398, 0.0000, 3.1681, 3.1415, 0.0304, 0.0105, 1.1461
 0.1402, 0.0000, 3.1681, 3.1415, 0.0364, 0.0021, 2.0822
 0.1405, 0.0000, 3.1681, 3.1415, 0.0315, 0.0004, 1.8772
 0.1408, 0.0000, 3.1681, 3.1415, 0.0305, 0.0000, 1.8484
 0.1414, 0.0000, 3.1715, 3.1415, 0.0546, 0.2659,-4.6799
 0.1417, 0.0000, 3.1715, 3.1415, 0.0351, 0.0531,-1.9856
 0.1418, 0.0000, 3.1715, 3.1415, 0.0130, 0.0106,-0.8194
 0.1417, 0.0000, 3.1715, 3.1415,-0.0034, 0.0021,-1.3976
 0.1414, 0.0000, 3.1681, 3.1415,-0.0249,-0.2655, 4.6799
 0.1414, 0.0000, 3.1681, 3.1415,-0.0049,-0.0531, 2.8024
 0.1416, 0.0000, 3.1681, 3.1415, 0.0171,-0.0106, 1.6626
 0.1420, 0.0000, 3.1681, 3.1415, 0.0337,-0.0021, 2.2581
 0.1423, 0.0000, 3.1681, 3.1415, 0.0310,-0.0004, 1.9853
 0.1427, 0.0000, 3.1681, 3.1415, 0.0425,-0.0000, 2.7573
 0.1436, 0.0000, 3.1715, 3.1415, 0.0752, 0.2659,-4.6799
 0.1440, 0.0000, 3.1715, 3.1415, 0.0453, 0.0531,-1.1939
 0.1440, 0.0000, 3.1715, 3.1415, 0.0151, 0.0106,-0.5701
 0.1442, 0.0000, 3.1715, 3.1415, 0.0151, 0.0021,-0.0350
 0.1440, 0.0000, 3.1715, 3.1415,-0.0090, 0.0004,-1.5510
 0.1437, 0.0000, 3.1715, 3.1415,-0.0260, 0.0000,-2.6747
 0.1434, 0.0000, 3.1681, 3.1415,-0.0294,-0.2659, 4.6799
 0.1433, 0.0000, 3.1681, 3.1415,-0.0180,-0.0531, 2.0351
 0.1434, 0.0000, 3.1681, 3.1415, 0.0085,-0.0106, 1.1776
 0.1437, 0.0000, 3.1681, 3.1415, 0.0198,-0.0021, 1.4195
 0.1440, 0.0000, 3.1681, 3.1415, 0.0282,-0.0004, 1.8842
 0.1444, 0.0000, 3.1681, 3.1415, 0.0420,-0.0000, 2.8038
 0.1449, 0.0000, 3.1715, 3.1415, 0.0508, 0.2659,-4.6799
 0.1452, 0.0000, 3.1715, 3.1415, 0.0283, 0.0531,-2.2644
 0.1452, 0.0000, 3.1715, 3.1415, 0.0056, 0.0106,-1.1429
 0.1450, 0.0000, 3.1715, 3.1415,-0.0109, 0.0021,-1.7331
 0.1449, 0.0000, 3.1715, 3.1415,-0.0143, 0.0004,-1.8573
 0.1446, 0.0000, 3.1715, 3.1415,-0.0210, 0.0000,-2.2954
 0.1441, 0.0000, 3.1681, 3.1415,-0.0466,-0.2659, 4.6799
 0.1440, 0.0000, 3.1681, 3.1415,-0.0214,-0.0531, 1.8405
 0.1441, 0.0000, 3.1681, 3.1415, 0.0078,-0.0106, 1.1660
 0.1443, 0.0000, 3.1681, 3.1415, 0.0197,-0.0021, 1.4444
 0.1445, 0.0000, 3.1681, 3.1415, 0.0160,-0.0004, 1.1020
 0.1448, 0.0000, 3.1681, 3.1415, 0.0274,-0.0000, 1.8540
 0.1454, 0.0000, 3.1715, 3.1415, 0.0540, 0.2659,-4.6799
 0.1456, 0.0000, 3.1715, 3.1415, 0.0289, 0.0531,-2.1997
 0.1455, 0.0000, 3.1748, 3.1415,-0.0002, 0.2765,-4.6799
 0.1454, 0.0000, 3.1748, 3.1415,-0.0121, 0.0553,-4.6799
 0.1451, 0.0000, 3.1715, 3.1415,-0.0266,-0.2548, 4.6799
 0.1450, 0.0000, 3.1715, 3.1415,-0.0114,-0.0509, 1.5237
 0.1450, 0.0000, 3.1715, 3.1415,-0.0022,-0.0101,-0.3913
 0.1451, 0.0000, 3.1715, 3.1415, 0.0056,-0.0020,-0.3672
 0.1450, 0.0000, 3.1715, 3.1415,-0.0049,-0.0004,-1.1737
 0.1449, 0.0000, 3.1715, 3.1415,-0.0070,-0.0000,-1.3381
 0.1447, 0.0000, 3.1715, 3.1415,-0.0196,-0.0000,-2.1885
 0.1444, 0.0000, 3.1715, 3.1415,-0.0281,-0.0000,-2.7749
 0.1440, 0.0000, 3.1715, 3.1415,-0.0420,-0.0000,-3.7188
 0.1435, 0.0000, 3.1681, 3.1415,-0.0447,-0.2659, 4.6799
 0.1433, 0.0000, 3.1681, 3.1415,-0.0271,-0.0531, 1.4280
 0.1432, 0.0000, 3.1681, 3.1415,-0.0114,-0.0106,-0.1655
 0.1431, 0.0000, 3.1681, 3.1415,-0.0083,-0.0021,-0.4871
 0.1431, 0.0000, 3.1681, 3.1415,-0.0016,-0.0004,-0.1473
 0.1431, 0.0000, 3.1681, 3.1415,-0.0003,-0.0000,-0.0793
 0.1429, 0.0000, 3.1681, 3.1415,-0.0182,-0.0000,-1.2874
 0.1426, 0.0000, 3.1681, 3.1415,-0.0279,-0.0000,-1.9454
 0.1424, 0.0000, 3.1681, 3.1415,-0.0237,-0.0000,-1.6819
 0.1421, 0.0000, 3.1681, 3.1415,-0.0290,-0.0000,-2.0455
 0.1416, 0.0000, 3.1681, 3.1415,-0.0421,-0.0000,-2.9449
 0.1411, 0.0000, 3.1681, 3.1415,-0.0508,-0.0000,-3.5502
 0.1405, 0.0000, 3.1681, 3.1415,-0.0586,-0.0000,-4.0997
 0.1397, 0.0000, 3.1648, 3.1415,-0.0723,-0.2659, 4.6799
 0.1393, 0.0000, 3.1615, 3.1415,-0.0447,-0.3191, 4.6799
 0.1393, 0.0000, 3.1615, 3.1415,-0.0089,-0.0638, 4.6799
 0.1395, 0.0000, 3.1648, 3.1415, 0.0103, 0.2531,-4.6799
 0.1393, 0.0000, 3.1648, 3.1415,-0.0161, 0.0506,-3.5570
 0.1392, 0.0000, 3.1648, 3.1415,-0.0092, 0.0101,-0.6010
 0.1390, 0.0000, 3.1648, 3.1415,-0.0200, 0.0020,-0.8273
 0.1385, 0.0000, 3.1648, 3.1415,-0.0403, 0.0004,-2.1034
 0.1380, 0.0000, 3.1648, 3.1415,-0.0444, 0.0000,-2.3768
 0.1374, 0.0000, 3.1648, 3.1415,-0.0573, 0.0000,-3.2642
 0.1366, 0.0000, 3.1615, 3.1415,-0.0781,-0.2659, 4.6799
 0.1364, 0.0000, 3.1615, 3.1415,-0.0338,-0.0531, 2.4439
 0.1364, 0.0000, 3.1615, 3.1415,-0.0067,-0.0106, 1.6132
 0.1364, 0.0000, 3.1615, 3.1415,-0.0013,-0.0021, 1.4471
 0.1367, 0.0000, 3.1648, 3.1415, 0.0239, 0.2655,-4.6799
 0.1370, 0.0000, 3.1648, 3.1415, 0.0290, 0.0531,-0.8176
 0.1368, 0.0000, 3.1648, 3.1415,-0.0063, 0.0106,-0.5512
 0.1367, 0.0000, 3.1648, 3.1415,-0.0133, 0.0021,-0.5041
 0.1365, 0.0000, 3.1648, 3.1415,-0.0208, 0.0004,-0.9080
 0.1360, 0.0000, 3.1648, 3.1415,-0.0405, 0.0000,-2.2196
 0.1356, 0.0000, 3.1648, 3.1415,-0.0384, 0.0000,-2.0928
 0.1352, 0.0000, 3.1648, 3.1415,-0.0440, 0.0000,-2.4899
 0.1345, 0.0000, 3.1648, 3.1415,-0.0633, 0.0000,-3.8093
 0.1337, 0.0000, 3.1615, 3.1415,-0.0733,-0.2659, 4.6799
 0.1333, 0.0000, 3.1615, 3.1415,-0.0449,-0.0531, 1.5502
 0.1330, 0.0000, 3.1615, 3.1415,-0.0393,-0.0106,-0.7229
 0.1327, 0.0000, 3.1615, 3.1415,-0.0260,-0.0021,-0.3782
 0.1326, 0.0000, 3.1615, 3.1415,-0.0173,-0.0004, 0.0887
 0.1326, 0.0000, 3.1615, 3.1415,-0.0034,-0.0000, 0.9906
 0.1326, 0.0000, 3.1615, 3.1415,-0.0006,-0.0000, 1.1710
 0.1327, 0.0000, 3.1648, 3.1415, 0.0059, 0.2659,-4.6799
 0.1327, 0.0000, 3.1648, 3.1415, 0.0011, 0.0531,-2.8929
 0.1325, 0.0000, 3.1648, 3.1415,-0.0118, 0.0106,-1.1391
 0.1323, 0.0000, 3.1648, 3.1415,-0.0205, 0.0021,-1.2017
 0.1320, 0.0000, 3.1648, 3.1415,-0.0283, 0.0004,-1.6306
 0.1314, 0.0000, 3.1648, 3.1415,-0.0541, 0.0000,-3.3575
 0.1307, 0.0000, 3.1648, 3.1415,-0.0654, 0.0000,-4.1344
 0.1300, 0.0000, 3.1615, 3.1415,-0.0676,-0.2659, 4.6799
 0.1296, 0.0000, 3.1615, 3.1415,-0.0499,-0.0531, 1.0325
 0.1293, 0.0000, 3.1582, 3.1415,-0.0342,-0.2765, 4.6799
 0.1292, 0.0000, 3.1615, 3.1415,-0.0129, 0.2106,-4.6799
 0.1291, 0.0000, 3.1615, 3.1415,-0.0086, 0.0421,-2.1387
 0.1289, 0.0000, 3.1615, 3.1415,-0.0138, 0.0084,-0.4087
 0.1286, 0.0000, 3.1615, 3.1415,-0.0270, 0.0016,-0.8833
 0.1283, 0.0000, 3.1615, 3.1415,-0.0357, 0.0003,-1.3976
 0.1278, 0.0000, 3.1615, 3.1415,-0.0435, 0.0000,-1.9229
 0.1274, 0.0000, 3.1615, 3.1415,-0.0450, 0.0000,-2.0461
 0.1269, 0.0000, 3.1615, 3.1415,-0.0453, 0.0000,-2.0890
 0.1264, 0.0000, 3.1582, 3.1415,-0.0515,-0.2659, 4.6799
 0.1260, 0.0000, 3.1582, 3.1415,-0.0406,-0.0531, 2.3754
 0.1259, 0.0000, 3.1582, 3.1415,-0.0141,-0.0106, 1.4991
 0.1261, 0.0000, 3.1582, 3.1415, 0.0153,-0.0021, 2.9497
 0.1264, 0.0000, 3.1615, 3.1415, 0.0273, 0.2655,-4.6799
 0.1265, 0.0000, 3.1648, 3.1415, 0.0115, 0.3190,-4.6799
 0.1264, 0.0000, 3.1648, 3.1415,-0.0037, 0.0638,-4.1895
 0.1261, 0.0000, 3.1648, 3.1415,-0.0250, 0.0127,-2.4615
 0.1257, 0.0000, 3.1648, 3.1415,-0.0413, 0.0025,-2.9426
 0.1252, 0.0000, 3.1648, 3.1415,-0.0507, 0.0005,-3.4642
 0.1245, 0.0000, 3.1615, 3.1415,-0.0647,-0.2658, 4.6799
 0.1242, 0.0000, 3.1615, 3.1415,-0.0311,-0.0531, 2.0155
 0.1242, 0.0000, 3.1615, 3.1415,-0.0062,-0.0106, 1.0425
 0.1243, 0.0000, 3.1615, 3.1415, 0.0048,-0.0021, 1.2551
 0.1245, 0.0000, 3.1648, 3.1415, 0.0130, 0.2655,-4.6799
 0.1246, 0.0000, 3.1648, 3.1415, 0.0086, 0.0531,-2.7944
 0.1245, 0.0000, 3.1648, 3.1415,-0.0043, 0.0106,-1.0366
 0.1242, 0.0000, 3.1648, 3.1415,-0.0190, 0.0021,-1.5026
 0.1239, 0.0000, 3.1648, 3.1415,-0.0341, 0.0004,-2.4194
 0.1235, 0.0000, 3.1648, 3.1415,-0.0371, 0.0000,-2.6179
 0.1230, 0.0000, 3.1648, 3.1415,-0.0438, 0.0000,-3.0800
 0.1226, 0.0000, 3.1648, 3.1415,-0.0451, 0.0000,-3.1906
 0.1220, 0.0000, 3.1648, 3.1415,-0.0575, 0.0000,-4.0454
 0.1212, 0.0000, 3.1615, 3.1415,-0.0721,-0.2659, 4.6799
 0.1209, 0.0000, 3.1615, 3.1415,-0.0386,-0.0531, 1.3477
 0.1207, 0.0000, 3.1615, 3.1415,-0.0259,-0.0106,-0.4461
 0.1205, 0.0000, 3.1615, 3.1415,-0.0233,-0.0021,-0.8140
 0.1203, 0.0000, 3.1615, 3.1415,-0.0168,-0.0004,-0.4894
 0.1202, 0.0000, 3.1615, 3.1415,-0.0154,-0.0000,-0.4306
 0.1200, 0.0000, 3.1615, 3.1415,-0.0152,-0.0000,-0.4249
 0.1196, 0.0000, 3.1615, 3.1415,-0.0333,-0.0000,-1.6515
 0.1192, 0.0000, 3.1615, 3.1415,-0.0430,-0.0000,-2.3193
 0.1186, 0.0000, 3.1615, 3.1415,-0.0510,-0.0000,-2.8782
 0.1181, 0.0000, 3.1615, 3.1415,-0.0526,-0.0000,-3.0113
 0.1174, 0.0000, 3.1615, 3.1415,-0.0651,-0.0000,-3.8736
 0.1164, 0.0000, 3.1582, 3.1415,-0.0918,-0.2659, 4.6799
 0.1157, 0.0000, 3.1548, 3.1415,-0.0790,-0.3191, 4.6799
 0.1153, 0.0000, 3.1548, 3.1415,-0.0461,-0.0638, 3.0359
 0.1152, 0.0000, 3.1548, 3.1415,-0.0152,-0.0127, 1.9258
 0.1153, 0.0000, 3.1548, 3.1415, 0.0030,-0.0025, 2.5152
 0.1156, 0.0000, 3.1582, 3.1415, 0.0248, 0.2654,-4.6799
 0.1158, 0.0000, 3.1615, 3.1415, 0.0170, 0.3190,-4.6799
 0.1156, 0.0000, 3.1615, 3.1415,-0.0087, 0.0638,-4.1581
 0.1152, 0.0000, 3.1615, 3.1415,-0.0381, 0.0127,-2.9813
 0.1145, 0.0000, 3.1615, 3.1415,-0.0561, 0.0025,-3.5786
 0.1139, 0.0000, 3.1582, 3.1415,-0.0657,-0.2654, 4.6799
 0.1135, 0.0000, 3.1582, 3.1415,-0.0434,-0.0530, 1.5539
 0.1133, 0.0000, 3.1582, 3.1415,-0.0268,-0.0106, 0.0200
 0.1132, 0.0000, 3.1582, 3.1415,-0.0114,-0.0021, 0.5186
 0.1133, 0.0000, 3.1582, 3.1415, 0.0037,-0.0004, 1.4298
 0.1134, 0.0000, 3.1582, 3.1415, 0.0128,-0.0000, 2.0223
 0.1137, 0.0000, 3.1615, 3.1415, 0.0268, 0.2659,-4.6799
 0.1137, 0.0000, 3.1648, 3.1415, 0.0053, 0.3191,-4.6799
 0.1135, 0.0000, 3.1648, 3.1415,-0.0171, 0.0638,-4.6799
 0.1131, 0.0000, 3.1648, 3.1415,-0.0337, 0.0127,-3.6948
 0.1126, 0.0000, 3.1648, 3.1415,-0.0491, 0.0025,-4.1180
 0.1117, 0.0000, 3.1615, 3.1415,-0.0765,-0.2654, 4.6799
 0.1114, 0.0000, 3.1615, 3.1415,-0.0456,-0.0530, 0.4020
 0.1110, 0.0000, 3.1582, 3.1415,-0.0394,-0.2765, 4.6799
 0.1110, 0.0000, 3.1582, 3.1415,-0.0078,-0.0553, 3.9345
 0.1111, 0.0000, 3.1615, 3.1415, 0.0105, 0.2548,-4.6799
 0.1111, 0.0000, 3.1615, 3.1415, 0.0021, 0.0509,-2.8685
 0.1111, 0.0000, 3.1648, 3.1415, 0.0004, 0.2761,-4.6799
 0.1108, 0.0000, 3.1648, 3.1415,-0.0241, 0.0552,-4.6799
 0.1103, 0.0000, 3.1648, 3.1415,-0.0472, 0.0110,-4.6295
 0.1095, 0.0000, 3.1615, 3.1415,-0.0761,-0.2637, 4.6799
 0.1090, 0.0000, 3.1615, 3.1415,-0.0516,-0.0527,-0.1347
 0.1085, 0.0000, 3.1582, 3.1415,-0.0527,-0.2765, 4.6799
 0.1083, 0.0000, 3.1582, 3.1415,-0.0287,-0.0553, 2.4095
 0.1083, 0.0000, 3.1582, 3.1415,-0.0057,-0.0110, 1.2037
 0.1085, 0.0000, 3.1582, 3.1415, 0.0170,-0.0022, 2.1843
 0.1088, 0.0000, 3.1615, 3.1415, 0.0276, 0.2655,-4.6799
 0.1089, 0.0000, 3.1648, 3.1415, 0.0115, 0.3190,-4.6799
 0.1087, 0.0000, 3.1648, 3.1415,-0.0098, 0.0638,-4.6799
 0.1084, 0.0000, 3.1648, 3.1415,-0.0262, 0.0127,-3.4288
 0.1080, 0.0000, 3.1648, 3.1415,-0.0416, 0.0025,-3.8455
 0.1074, 0.0000, 3.1615, 3.1415,-0.0507,-0.2654, 4.6799
 0.1070, 0.0000, 3.1615, 3.1415,-0.0404,-0.0530, 0.5289
 0.1070, 0.0000, 3.1615, 3.1415,-0.0141,-0.0106,-0.3502
 0.1069, 0.0000, 3.1615, 3.1415,-0.0088,-0.0021,-0.5290
 0.1068, 0.0000, 3.1615, 3.1415,-0.0078,-0.0004,-0.5679
 0.1067, 0.0000, 3.1615, 3.1415,-0.0136,-0.0000,-0.9859
 0.1065, 0.0000, 3.1648, 3.1415,-0.0148, 0.2659,-4.6799
 0.1062, 0.0000, 3.1648, 3.1415,-0.0272, 0.0531,-4.6799
 0.1058, 0.0000, 3.1648, 3.1415,-0.0418, 0.0106,-4.4688
 0.1051, 0.0000, 3.1615, 3.1415,-0.0629,-0.2638, 4.6799
 0.1047, 0.0000, 3.1615, 3.1415,-0.0429,-0.0527, 0.2295
 0.1045, 0.0000, 3.1615, 3.1415,-0.0207,-0.0105,-0.9113
 0.1044, 0.0000, 3.1615, 3.1415,-0.0162,-0.0021,-1.1455
 0.1043, 0.0000, 3.1615, 3.1415,-0.0093,-0.0004,-0.7912
 0.1042, 0.0000, 3.1615, 3.1415,-0.0079,-0.0000,-0.7234
 0.1041, 0.0000, 3.1615, 3.1415,-0.0137,-0.0000,-1.1201
 0.1038, 0.0000, 3.1615, 3.1415,-0.0269,-0.0000,-2.0200
 0.1034, 0.0000, 3.1615, 3.1415,-0.0357,-0.0000,-2.6193
 0.1030, 0.0000, 3.1615, 3.1415,-0.0374,-0.0000,-2.7544
 0.1026, 0.0000, 3.1615, 3.1415,-0.0438,-0.0000,-3.2037
 0.1020, 0.0000, 3.1615, 3.1415,-0.0572,-0.0000,-4.1263
 0.1011, 0.0000, 3.1582, 3.1415,-0.0842,-0.2659, 4.6799
 0.1006, 0.0000, 3.1582, 3.1415,-0.0532,-0.0531, 0.2674
 0.1005, 0.0000, 3.1548, 3.1415,-0.0227,-0.2765, 4.6799
 0.1005, 0.0000, 3.1548, 3.1415, 0.0015,-0.0553, 4.6799
 0.1008, 0.0000, 3.1582, 3.1415, 0.0184, 0.2548,-4.6799
 0.1008, 0.0000, 3.1615, 3.1415, 0.0097, 0.3169,-4.6799
 0.1008, 0.0000, 3.1615, 3.1415,-0.0041, 0.0633,-4.5689
 0.1005, 0.0000, 3.1615, 3.1415,-0.0250, 0.0126,-2.8431
 0.0998, 0.0000, 3.1615, 3.1415,-0.0535, 0.0025,-4.1391
 0.0991, 0.0000, 3.1582, 3.1415,-0.0713,-0.2654, 4.6799
 0.0988, 0.0000, 3.1582, 3.1415,-0.0385,-0.0530, 1.1485
 0.0986, 0.0000, 3.1548, 3.1415,-0.0258,-0.2765, 4.6799
 0.0986, 0.0000, 3.1548, 3.1415,-0.0051,-0.0553, 4.3959
 0.0988, 0.0000, 3.1582, 3.1415, 0.0171, 0.2548,-4.6799
 0.0989, 0.0000, 3.1615, 3.1415, 0.0094, 0.3169,-4.6799
 0.0989, 0.0000, 3.1615, 3.1415, 0.0018, 0.0633,-4.2638
 0.0986, 0.0000, 3.1615, 3.1415,-0.0238, 0.0126,-2.8579
 0.0979, 0.0000, 3.1615, 3.1415,-0.0532, 0.0025,-4.2178
 0.0971, 0.0000, 3.1582, 3.1415,-0.0773,-0.2654, 4.6799
 0.0967, 0.0000, 3.1548, 3.1415,-0.0518,-0.3190, 4.6799
 0.0962, 0.0000, 3.1548, 3.1415,-0.0467,-0.0638, 2.0376
 0.0961, 0.0000, 3.1548, 3.1415,-0.0154,-0.0127, 0.9622
 0.0962, 0.0000, 3.1548, 3.1415, 0.0029,-0.0025, 1.5585
 0.0965, 0.0000, 3.1582, 3.1415, 0.0248, 0.2654,-4.6799
 0.0965, 0.0000, 3.1582, 3.1415, 0.0049, 0.0530,-2.6374
 0.0964, 0.0000, 3.1582, 3.1415,-0.0111, 0.0106,-1.0900
 0.0960, 0.0000, 3.1582, 3.1415,-0.0325, 0.0021,-2.0083
 0.0955, 0.0000, 3.1582, 3.1415,-0.0428, 0.0004,-2.6144
 0.0950, 0.0000, 3.1548, 3.1415,-0.0510,-0.2658, 4.6799
 0.0948, 0.0000, 3.1548, 3.1415,-0.0283,-0.0531, 2.5293
 0.0945, 0.0000, 3.1548, 3.1415,-0.0238,-0.0106, 0.1884
 0.0946, 0.0000, 3.1548, 3.1415, 0.0012,-0.0021, 1.3401
 0.0947, 0.0000, 3.1548, 3.1415, 0.0063,-0.0004, 1.5735
 0.0949, 0.0000, 3.1548, 3.1415, 0.0194,-0.0000, 2.4377
 0.0953, 0.0000, 3.1582, 3.1415, 0.0342, 0.2659,-4.6799
 0.0953, 0.0000, 3.1582, 3.1415, 0.0068, 0.0531,-2.5796
 0.0951, 0.0000, 3.1582, 3.1415,-0.0107, 0.0106,-1.1270
 0.0949, 0.0000, 3.1582, 3.1415,-0.0203, 0.0021,-1.2498
 0.0946, 0.0000, 3.1582, 3.1415,-0.0283, 0.0004,-1.6907
 0.0942, 0.0000, 3.1548, 3.1415,-0.0420,-0.2658, 4.6799
 0.0940, 0.0000, 3.1548, 3.1415,-0.0205,-0.0531, 3.0143
 0.0939, 0.0000, 3.1548, 3.1415,-0.0101,-0.0106, 1.0695
 0.0942, 0.0000, 3.1548, 3.1415, 0.0161,-0.0021, 2.3066
 0.0944, 0.0000, 3.1548, 3.1415, 0.0214,-0.0004, 2.5631
 0.0947, 0.0000, 3.1582, 3.1415, 0.0285, 0.2658,-4.6799
 0.0948, 0.0000, 3.1582, 3.1415, 0.0178, 0.0531,-1.8701
 0.0948, 0.0000, 3.1582, 3.1415,-0.0024, 0.0106,-0.5960
 0.0945, 0.0000, 3.1582, 3.1415,-0.0186, 0.0021,-1.1587
 0.0942, 0.0000, 3.1582, 3.1415,-0.0279, 0.0004,-1.6876
 0.0939, 0.0000, 3.1548, 3.1415,-0.0359,-0.2658, 4.6799
 0.0938, 0.0000, 3.1548, 3.1415,-0.0132,-0.0531, 3.4880
 0.0938, 0.0000, 3.1548, 3.1415,-0.0026,-0.0106, 1.5624
 0.0940, 0.0000, 3.1548, 3.1415, 0.0176,-0.0021, 2.3991
 0.0942, 0.0000, 3.1548, 3.1415, 0.0217,-0.0004, 2.5755
 0.0946, 0.0000, 3.1582, 3.1415, 0.0346, 0.2658,-4.6799
 0.0947, 0.0000, 3.1582, 3.1415, 0.0129, 0.0531,-2.1996
 0.0946, 0.0000, 3.1582, 3.1415,-0.0034, 0.0106,-0.6680
 0.0944, 0.0000, 3.1582, 3.1415,-0.0188, 0.0021,-1.1792
 0.0942, 0.0000, 3.1582, 3.1415,-0.0219, 0.0004,-1.2905
 0.0938, 0.0000, 3.1548, 3.1415,-0.0347,-0.2658, 4.6799
 0.0937, 0.0000, 3.1548, 3.1415,-0.0130,-0.0531, 3.5002
 0.0937, 0.0000, 3.1548, 3.1415,-0.0026,-0.0106, 1.5619
 0.0939, 0.0000, 3.1548, 3.1415, 0.0176,-0.0021, 2.3959
 0.0942, 0.0000, 3.1548, 3.1415, 0.0277,-0.0004, 2.9791
 0.0947, 0.0000, 3.1548, 3.1415, 0.0419,-0.0000, 3.9223
 0.0953, 0.0000, 3.1582, 3.1415, 0.0568, 0.2659,-4.6799
 0.0954, 0.0000, 3.1582, 3.1415, 0.0235, 0.0531,-1.4633
 0.0956, 0.0000, 3.1582, 3.1415, 0.0168, 0.0106, 0.7312
 0.0957, 0.0000, 3.1582, 3.1415, 0.0094, 0.0021, 0.7690
 0.0958, 0.0000, 3.1582, 3.1415, 0.0140, 0.0004, 1.1868
 0.0960, 0.0000, 3.1582, 3.1415, 0.0149, 0.0000, 1.2765
 0.0961, 0.0000, 3.1582, 3.1415, 0.0151, 0.0000, 1.3004
 0.0964, 0.0000, 3.1582, 3.1415, 0.0272, 0.0000, 2.1258
 0.0968, 0.0000, 3.1582, 3.1415, 0.0357, 0.0000, 2.7102
 0.0973, 0.0000, 3.1615, 3.1415, 0.0495, 0.2659,-4.6799
 0.0975, 0.0000, 3.1615, 3.1415, 0.0220, 0.0531,-2.3609
 0.0975, 0.0000, 3.1615, 3.1415, 0.0044, 0.0106,-0.9029
 0.0973, 0.0000, 3.1615, 3.1415,-0.0173, 0.0021,-1.8331
 0.0970, 0.0000, 3.1582, 3.1415,-0.0277,-0.2655, 4.6799
 0.0969, 0.0000, 3.1582, 3.1415,-0.0116,-0.0531, 2.8456
 0.0967, 0.0000, 3.1548, 3.1415,-0.0144,-0.2765, 4.6799
 0.0970, 0.0000, 3.1548, 3.1415, 0.0213,-0.0553, 4.6799
 0.0976, 0.0000, 3.1548, 3.1415, 0.0467,-0.0110, 4.6799
 0.0983, 0.0000, 3.1582, 3.1415, 0.0639, 0.2637,-4.6799
 0.0985, 0.0000, 3.1615, 3.1415, 0.0309, 0.3187,-4.6799
 0.0986, 0.0000, 3.1615, 3.1415, 0.0183, 0.0637,-3.2043
 0.0985, 0.0000, 3.1615, 3.1415,-0.0084, 0.0127,-1.8406
 0.0981, 0.0000, 3.1582, 3.1415,-0.0320,-0.2634, 4.6799
 0.0980, 0.0000, 3.1548, 3.1415,-0.0124,-0.3186, 4.6799
 0.0979, 0.0000, 3.1548, 3.1415,-0.0085,-0.0637, 4.6611
 0.0983, 0.0000, 3.1548, 3.1415, 0.0225,-0.0127, 3.5928
 0.0987, 0.0000, 3.1548, 3.1415, 0.0408,-0.0025, 4.2057
 0.0994, 0.0000, 3.1582, 3.1415, 0.0627, 0.2654,-4.6799
 0.0996, 0.0000, 3.1582, 3.1415, 0.0307, 0.0530,-0.7674
 0.0999, 0.0000, 3.1582, 3.1415, 0.0304, 0.0106, 1.8516
 0.1002, 0.0000, 3.1582, 3.1415, 0.0303, 0.0021, 2.3876
 0.1007, 0.0000, 3.1582, 3.1415, 0.0424, 0.0004, 3.3214
 0.1011, 0.0000, 3.1582, 3.1415, 0.0448, 0.0000, 3.5264
 0.1017, 0.0000, 3.1615, 3.1415, 0.0574, 0.2659,-4.6799
 0.1020, 0.0000, 3.1615, 3.1415, 0.0357, 0.0531,-1.2219
 0.1022, 0.0000, 3.1615, 3.1415, 0.0192, 0.0106, 0.3212
 0.1024, 0.0000, 3.1615, 3.1415, 0.0220, 0.0021, 1.0431
 0.1025, 0.0000, 3.1615, 3.1415, 0.0104, 0.0004, 0.3821
 0.1027, 0.0000, 3.1615, 3.1415, 0.0202, 0.0000, 1.0674
 0.1031, 0.0000, 3.1615, 3.1415, 0.0343, 0.0000, 2.0281
 0.1036, 0.0000, 3.1615, 3.1415, 0.0493, 0.0000, 3.0499
 0.1041, 0.0000, 3.1615, 3.1415, 0.0462, 0.0000, 2.8682
 0.1047, 0.0000, 3.1648, 3.1415, 0.0577, 0.2659,-4.6799
 0.1052, 0.0000, 3.1648, 3.1415, 0.0539, 0.0531,-0.7508
 0.1055, 0.0000, 3.1648, 3.1415, 0.0350, 0.0106, 0.6351
 0.1058, 0.0000, 3.1648, 3.1415, 0.0312, 0.0021, 0.9245
 0.1062, 0.0000, 3.1648, 3.1415, 0.0365, 0.0004, 1.4017
 0.1066, 0.0000, 3.1681, 3.1415, 0.0376, 0.2660,-4.6799
 0.1067, 0.0000, 3.1681, 3.1415, 0.0196, 0.0532,-3.8640
 0.1067, 0.0000, 3.1681, 3.1415,-0.0021, 0.0106,-2.6851
 0.1065, 0.0000, 3.1648, 3.1415,-0.0125,-0.2638, 4.6799
 0.1064, 0.0000, 3.1648, 3.1415,-0.0146,-0.0527, 1.2914
 0.1064, 0.0000, 3.1648, 3.1415, 0.0031,-0.0105,-0.1325
 0.1064, 0.0000, 3.1615, 3.1415, 0.0006,-0.2680, 4.6799
 0.1067, 0.0000, 3.1615, 3.1415, 0.0183,-0.0536, 4.4540
 0.1070, 0.0000, 3.1615, 3.1415, 0.0339,-0.0107, 2.8630
 0.1075, 0.0000, 3.1615, 3.1415, 0.0431,-0.0021, 2.9673
 0.1080, 0.0000, 3.1648, 3.1415, 0.0510, 0.2655,-4.6799
 0.1085, 0.0000, 3.1648, 3.1415, 0.0465, 0.0531,-1.0749
 0.1087, 0.0000, 3.1648, 3.1415, 0.0275, 0.0106, 0.2935
 0.1090, 0.0000, 3.1648, 3.1415, 0.0297, 0.0021, 0.9835
 0.1092, 0.0000, 3.1648, 3.1415, 0.0180, 0.0004, 0.3191
 0.1094, 0.0000, 3.1648, 3.1415, 0.0218, 0.0000, 0.5996
 0.1095, 0.0000, 3.1648, 3.1415, 0.0164, 0.0000, 0.2575
 0.1098, 0.0000, 3.1648, 3.1415, 0.0275, 0.0000, 1.0096
 0.1102, 0.0000, 3.1681, 3.1415, 0.0297, 0.2659,-4.6799
 0.1102, 0.0000, 3.1681, 3.1415, 0.0120, 0.0531,-4.1968
 0.1101, 0.0000, 3.1681, 3.1415,-0.0097, 0.0106,-3.0195
 0.1098, 0.0000, 3.1648, 3.1415,-0.0201,-0.2638, 4.6799
 0.1098, 0.0000, 3.1648, 3.1415,-0.0100,-0.0527, 1.7645
 0.1098, 0.0000, 3.1648, 3.1415, 0.0040,-0.0105, 0.0984
 0.1099, 0.0000, 3.1648, 3.1415, 0.0068,-0.0021,-0.2317
 0.1100, 0.0000, 3.1648, 3.1415, 0.0074,-0.0004,-0.2947
 0.1100, 0.0000, 3.1615, 3.1415, 0.0014,-0.2660, 4.6799
 0.1101, 0.0000, 3.1615, 3.1415, 0.0063,-0.0532, 3.8040
 0.1102, 0.0000, 3.1615, 3.1415, 0.0073,-0.0106, 1.2405
 0.1104, 0.0000, 3.1615, 3.1415, 0.0196,-0.0021, 1.5453
 0.1107, 0.0000, 3.1615, 3.1415, 0.0281,-0.0004, 2.0226
 0.1112, 0.0000, 3.1615, 3.1415, 0.0480,-0.0000, 3.3520
 0.1117, 0.0000, 3.1648, 3.1415, 0.0459, 0.2659,-4.6799
 0.1119, 0.0000, 3.1648, 3.1415, 0.0273, 0.0531,-2.1874
 0.1119, 0.0000, 3.1648, 3.1415, 0.0054, 0.0106,-1.0143
 0.1117, 0.0000, 3.1648, 3.1415,-0.0110, 0.0021,-1.5942
 0.1114, 0.0000, 3.1615, 3.1415,-0.0264,-0.2655, 4.6799
 0.1113, 0.0000, 3.1615, 3.1415,-0.0174,-0.0531, 2.2761
 0.1114, 0.0000, 3.1615, 3.1415, 0.0086,-0.0106, 1.3906
 0.1116, 0.0000, 3.1615, 3.1415, 0.0138,-0.0021, 1.2196
 0.1117, 0.0000, 3.1615, 3.1415, 0.0148,-0.0004, 1.1915
 0.1121, 0.0000, 3.1615, 3.1415, 0.0332,-0.0000, 2.4137
 0.1125, 0.0000, 3.1615, 3.1415, 0.0369,-0.0000, 2.6733
 0.1128, 0.0000, 3.1615, 3.1415, 0.0316,-0.0000, 2.3331
 0.1133, 0.0000, 3.1648, 3.1415, 0.0427, 0.2659,-4.6799
 0.1136, 0.0000, 3.1648, 3.1415, 0.0327, 0.0531,-1.7445
 0.1136, 0.0000, 3.1648, 3.1415, 0.0065, 0.0106,-0.8590
 0.1134, 0.0000, 3.1648, 3.1415,-0.0108, 0.0021,-1.4964
 0.1133, 0.0000, 3.1615, 3.1415,-0.0142,-0.2655, 4.6799
 0.1132, 0.0000, 3.1615, 3.1415,-0.0089,-0.0531, 2.9362
 0.1133, 0.0000, 3.1615, 3.1415, 0.0042,-0.0106, 1.1912
 0.1136, 0.0000, 3.1615, 3.1415, 0.0251,-0.0021, 2.0670
 0.1140, 0.0000, 3.1615, 3.1415, 0.0414,-0.0004, 3.0687
 0.1145, 0.0000, 3.1615, 3.1415, 0.0446,-0.0000, 3.2873
 0.1149, 0.0000, 3.1648, 3.1415, 0.0453, 0.2659,-4.6799
 0.1151, 0.0000, 3.1648, 3.1415, 0.0211, 0.0531,-2.4408
 0.1152, 0.0000, 3.1648, 3.1415, 0.0103, 0.0106,-0.5304
 0.1150, 0.0000, 3.1648, 3.1415,-0.0100, 0.0021,-1.3670
 0.1147, 0.0000, 3.1615, 3.1415,-0.0262,-0.2655, 4.6799
 0.1146, 0.0000, 3.1615, 3.1415,-0.0113,-0.0531, 2.8488
 0.1147, 0.0000, 3.1615, 3.1415, 0.0038,-0.0106, 1.2314
 0.1149, 0.0000, 3.1615, 3.1415, 0.0189,-0.0021, 1.7254
 0.1151, 0.0000, 3.1615, 3.1415, 0.0159,-0.0004, 1.4260
 0.1155, 0.0000, 3.1615, 3.1415, 0.0335,-0.0000, 2.5940
 0.1158, 0.0000, 3.1615, 3.1415, 0.0370,-0.0000, 2.8427
 0.1164, 0.0000, 3.1648, 3.1415, 0.0498, 0.2659,-4.6799
 0.1166, 0.0000, 3.1648, 3.1415, 0.0281, 0.0531,-1.9014
 0.1166, 0.0000, 3.1648, 3.1415, 0.0056, 0.0106,-0.7691
 0.1164, 0.0000, 3.1648, 3.1415,-0.0170, 0.0021,-1.7644
 0.1161, 0.0000, 3.1615, 3.1415,-0.0276,-0.2655, 4.6799
 0.1159, 0.0000, 3.1615, 3.1415,-0.0176,-0.0531, 2.4912
 0.1161, 0.0000, 3.1615, 3.1415, 0.0085,-0.0106, 1.6186
 0.1162, 0.0000, 3.1615, 3.1415, 0.0138,-0.0021, 1.4502
 0.1165, 0.0000, 3.1615, 3.1415, 0.0270,-0.0004, 2.2370
 0.1170, 0.0000, 3.1615, 3.1415, 0.0417,-0.0000, 3.2210
 0.1175, 0.0000, 3.1615, 3.1415, 0.0508,-0.0000, 3.8433
 0.1181, 0.0000, 3.1648, 3.1415, 0.0586, 0.2659,-4.6799
 0.1183, 0.0000, 3.1648, 3.1415, 0.0299, 0.0531,-1.6969
 0.1185, 0.0000, 3.1648, 3.1415, 0.0181, 0.0106, 0.1560
 0.1186, 0.0000, 3.1648, 3.1415, 0.0096, 0.0021, 0.1253
 0.1186, 0.0000, 3.1648, 3.1415, 0.0019, 0.0004,-0.2849
 0.1186, 0.0000, 3.1648, 3.1415, 0.0003, 0.0000,-0.3670
 0.1185, 0.0000, 3.1648, 3.1415,-0.0059, 0.0000,-0.7906
 0.1183, 0.0000, 3.1648, 3.1415,-0.0193, 0.0000,-1.6929
 0.1180, 0.0000, 3.1615, 3.1415,-0.0220,-0.2659, 4.6799
 0.1180, 0.0000, 3.1615, 3.1415,-0.0044,-0.0531, 3.4839
 0.1183, 0.0000, 3.1615, 3.1415, 0.0173,-0.0106, 2.3093
 0.1185, 0.0000, 3.1615, 3.1415, 0.0216,-0.0021, 2.0835
 0.1189, 0.0000, 3.1615, 3.1415, 0.0407,-0.0004, 3.2691
 0.1196, 0.0000, 3.1648, 3.1415, 0.0627, 0.2658,-4.6799
 0.1199, 0.0000, 3.1648, 3.1415, 0.0367, 0.0531,-1.1590
 0.1199, 0.0000, 3.1648, 3.1415, 0.0073, 0.0106,-0.4872
 0.1199, 0.0000, 3.1648, 3.1415, 0.0014, 0.0021,-0.3529
 0.1196, 0.0000, 3.1648, 3.1415,-0.0239, 0.0004,-1.9550
 0.1192, 0.0000, 3.1615, 3.1415,-0.0351,-0.2658, 4.6799
 0.1192, 0.0000, 3.1615, 3.1415,-0.0070,-0.0531, 3.3700
 0.1193, 0.0000, 3.1615, 3.1415, 0.0046,-0.0106, 1.5205
 0.1194, 0.0000, 3.1615, 3.1415, 0.0069,-0.0021, 1.1536
 0.1197, 0.0000, 3.1615, 3.1415, 0.0256,-0.0004, 2.3051
 0.1202, 0.0000, 3.1615, 3.1415, 0.0475,-0.0000, 3.7692
 0.1207, 0.0000, 3.1615, 3.1415, 0.0458,-0.0000, 3.6760
 0.1214, 0.0000, 3.1648, 3.1415, 0.0637, 0.2659,-4.6799
 0.1220, 0.0000, 3.1681, 3.1415, 0.0612, 0.3191,-4.6799
 0.1222, 0.0000, 3.1681, 3.1415, 0.0304, 0.0638,-3.0299
 0.1221, 0.0000, 3.1681, 3.1415, 0.0000, 0.0127,-1.8998
 0.1221, 0.0000, 3.1681, 3.1415,-0.0060, 0.0025,-1.6768
 0.1216, 0.0000, 3.1648, 3.1415,-0.0375,-0.2654, 4.6799
 0.1214, 0.0000, 3.1648, 3.1415,-0.0196,-0.0530, 1.7323
 0.1217, 0.0000, 3.1648, 3.1415, 0.0203,-0.0106, 1.7806
 0.1221, 0.0000, 3.1648, 3.1415, 0.0283,-0.0021, 1.8024
 0.1223, 0.0000, 3.1648, 3.1415, 0.0238,-0.0004, 1.4116
 0.1227, 0.0000, 3.1681, 3.1415, 0.0411, 0.2658,-4.6799
 0.1231, 0.0000, 3.1681, 3.1415, 0.0385, 0.0531,-1.7862
 0.1232, 0.0000, 3.1681, 3.1415, 0.0137, 0.0106,-0.8002
 0.1232, 0.0000, 3.1681, 3.1415, 0.0027, 0.0021,-1.0072
 0.1230, 0.0000, 3.1681, 3.1415,-0.0115, 0.0004,-1.8631
 0.1227, 0.0000, 3.1681, 3.1415,-0.0326, 0.0000,-3.2621
 0.1224, 0.0000, 3.1648, 3.1415,-0.0307,-0.2659, 4.6799
 0.1223, 0.0000, 3.1648, 3.1415,-0.0122,-0.0531, 2.2742
 0.1224, 0.0000, 3.1648, 3.1415, 0.0096,-0.0106, 1.1078
 0.1227, 0.0000, 3.1648, 3.1415, 0.0201,-0.0021, 1.2879
 0.1230, 0.0000, 3.1648, 3.1415, 0.0343,-0.0004, 2.1474
 0.1236, 0.0000, 3.1681, 3.1415, 0.0553, 0.2658,-4.6799
 0.1239, 0.0000, 3.1681, 3.1415, 0.0292, 0.0531,-2.3659
 0.1239, 0.0000, 3.1681, 3.1415, 0.0058, 0.0106,-1.2931
 0.1238, 0.0000, 3.1681, 3.1415,-0.0048, 0.0021,-1.4858
 0.1235, 0.0000, 3.1681, 3.1415,-0.0252, 0.0004,-2.7490
 0.1233, 0.0000, 3.1681, 3.1415,-0.0232, 0.0000,-2.6066
 0.1230, 0.0000, 3.1648, 3.1415,-0.0289,-0.2659, 4.6799
 0.1227, 0.0000, 3.1648, 3.1415,-0.0239,-0.0531, 1.5150
 0.1228, 0.0000, 3.1648, 3.1415, 0.0012,-0.0106, 0.5669
 0.1231, 0.0000, 3.1648, 3.1415, 0.0245,-0.0021, 1.6021
 0.1234, 0.0000, 3.1648, 3.1415, 0.0291,-0.0004, 1.8212
 0.1239, 0.0000, 3.1681, 3.1415, 0.0422, 0.2658,-4.6799
 0.1242, 0.0000, 3.1681, 3.1415, 0.0387, 0.0531,-1.7152
 0.1243, 0.0000, 3.1681, 3.1415, 0.0138, 0.0106,-0.7405
 0.1242, 0.0000, 3.1681, 3.1415,-0.0093, 0.0021,-1.7643
 0.1239, 0.0000, 3.1681, 3.1415,-0.0200, 0.0004,-2.3824
 0.1237, 0.0000, 3.1681, 3.1415,-0.0222, 0.0000,-2.5151
 0.1234, 0.0000, 3.1681, 3.1415,-0.0286, 0.0000,-2.9579
 0.1230, 0.0000, 3.1681, 3.1415,-0.0421, 0.0000,-3.8731
 0.1224, 0.0000, 3.1648, 3.1415,-0.0508,-0.2659, 4.6799
 0.1222, 0.0000, 3.1648, 3.1415,-0.0283,-0.0531, 1.1964
 0.1221, 0.0000, 3.1648, 3.1415,-0.0117,-0.0106,-0.3324
 0.1221, 0.0000, 3.1648, 3.1415,-0.0084,-0.0021,-0.6412
 0.1220, 0.0000, 3.1648, 3.1415,-0.0077,-0.0004,-0.7060
 0.1220, 0.0000, 3.1648, 3.1415,-0.0015,-0.0000,-0.3148
 0.1218, 0.0000, 3.1648, 3.1415,-0.0124,-0.0000,-1.0510
 0.1216, 0.0000, 3.1648, 3.1415,-0.0206,-0.0000,-1.6116
 0.1213, 0.0000, 3.1648, 3.1415,-0.0283,-0.0000,-2.1400
 0.1211, 0.0000, 3.1615, 3.1415,-0.0238,-0.2659, 4.6799
 0.1210, 0.0000, 3.1615, 3.1415,-0.0108,-0.0531, 3.2044
 0.1211, 0.0000, 3.1615, 3.1415, 0.0099,-0.0106, 1.9644
 0.1215, 0.0000, 3.1648, 3.1415, 0.0323, 0.2638,-4.6799
 0.1217, 0.0000, 3.1648, 3.1415, 0.0185, 0.0527,-2.2581
 0.1217, 0.0000, 3.1648, 3.1415, 0.0037, 0.0105,-0.6373
 0.1216, 0.0000, 3.1648, 3.1415,-0.0053, 0.0021,-0.7204
 0.1212, 0.0000, 3.1648, 3.1415,-0.0313, 0.0004,-2.3690
 0.1207, 0.0000, 3.1648, 3.1415,-0.0487, 0.0000,-3.5284
 0.1202, 0.0000, 3.1615, 3.1415,-0.0521,-0.2659, 4.6799
 0.1199, 0.0000, 3.1615, 3.1415,-0.0286,-0.0531, 1.9673
 0.1199, 0.0000, 3.1615, 3.1415,-0.0057,-0.0106, 0.8600
 0.1201, 0.0000, 3.1615, 3.1415, 0.0109,-0.0021, 1.4530
 0.1204, 0.0000, 3.1615, 3.1415, 0.0264,-0.0004, 2.3922
 0.1210, 0.0000, 3.1648, 3.1415, 0.0537, 0.2658,-4.6799
 0.1213, 0.0000, 3.1648, 3.1415, 0.0350, 0.0531,-1.2094
 0.1212, 0.0000, 3.1681, 3.1415, 0.0009, 0.2765,-4.6799
 0.1211, 0.0000, 3.1681, 3.1415,-0.0119, 0.0553,-4.6799
 0.1206, 0.0000, 3.1681, 3.1415,-0.0387, 0.0110,-4.4516
 0.1200, 0.0000, 3.1648, 3.1415,-0.0562,-0.2637, 4.6799
 0.1197, 0.0000, 3.1615, 3.1415,-0.0355,-0.3186, 4.6799
 0.1196, 0.0000, 3.1615, 3.1415,-0.0131,-0.0637, 3.6336
 0.1198, 0.0000, 3.1648, 3.1415, 0.0094, 0.2531,-4.6799
 0.1199, 0.0000, 3.1648, 3.1415, 0.0079, 0.0506,-2.9248
 0.1198, 0.0000, 3.1648, 3.1415,-0.0044, 0.0101,-1.2506
 0.1195, 0.0000, 3.1648, 3.1415,-0.0190, 0.0020,-1.7334
 0.1192, 0.0000, 3.1648, 3.1415,-0.0341, 0.0004,-2.6535
 0.1187, 0.0000, 3.1648, 3.1415,-0.0432, 0.0000,-3.2599
 0.1180, 0.0000, 3.1615, 3.1415,-0.0692,-0.2659, 4.6799
 0.1175, 0.0000, 3.1582, 3.1415,-0.0502,-0.3191, 4.6799
 0.1174, 0.0000, 3.1582, 3.1415,-0.0161,-0.0638, 4.2360
 0.1177, 0.0000, 3.1582, 3.1415, 0.0149,-0.0127, 3.1576
 0.1180, 0.0000, 3.1615, 3.1415, 0.0272, 0.2634,-4.6799
 0.1181, 0.0000, 3.1648, 3.1415, 0.0175, 0.3186,-4.6799
 0.1182, 0.0000, 3.1648, 3.1415, 0.0095, 0.0637,-3.7098
 0.1178, 0.0000, 3.1648, 3.1415,-0.0284, 0.0127,-3.1033
 0.1171, 0.0000, 3.1615, 3.1415,-0.0602,-0.2633, 4.6799
 0.1167, 0.0000, 3.1615, 3.1415,-0.0423,-0.0526, 0.8626
 0.1167, 0.0000, 3.1615, 3.1415,-0.0145,-0.0105, 0.1045
 0.1167, 0.0000, 3.1615, 3.1415,-0.0029,-0.0021, 0.3571
 0.1167, 0.0000, 3.1615, 3.1415, 0.0054,-0.0004, 0.8148
 0.1170, 0.0000, 3.1615, 3.1415, 0.0253,-0.0000, 2.1312
 0.1174, 0.0000, 3.1648, 3.1415, 0.0353, 0.2659,-4.6799
 0.1174, 0.0000, 3.1648, 3.1415, 0.0070, 0.0531,-3.2624
 0.1172, 0.0000, 3.1648, 3.1415,-0.0167, 0.0106,-2.2297
 0.1168, 0.0000, 3.1648, 3.1415,-0.0336, 0.0021,-2.8467
 0.1163, 0.0000, 3.1648, 3.1415,-0.0491, 0.0004,-3.7998
 0.1157, 0.0000, 3.1615, 3.1415,-0.0583,-0.2658, 4.6799
 0.1152, 0.0000, 3.1582, 3.1415,-0.0480,-0.3191, 4.6799
 0.1150, 0.0000, 3.1582, 3.1415,-0.0277,-0.0638, 3.3368
 0.1150, 0.0000, 3.1582, 3.1415,-0.0055,-0.0127, 1.6590
 0.1152, 0.0000, 3.1615, 3.1415, 0.0170, 0.2634,-4.6799
 0.1153, 0.0000, 3.1615, 3.1415, 0.0094, 0.0526,-2.2750
 0.1152, 0.0000, 3.1615, 3.1415,-0.0041, 0.0105,-0.5805
 0.1150, 0.0000, 3.1615, 3.1415,-0.0190, 0.0021,-1.0591
 0.1147, 0.0000, 3.1615, 3.1415,-0.0280, 0.0004,-1.5713
 0.1142, 0.0000, 3.1615, 3.1415,-0.0480, 0.0000,-2.9075
 0.1135, 0.0000, 3.1582, 3.1415,-0.0641,-0.2659, 4.6799
 0.1133, 0.0000, 3.1582, 3.1415,-0.0310,-0.0531, 2.3770
 0.1132, 0.0000, 3.1582, 3.1415,-0.0122,-0.0106, 0.9900
 0.1133, 0.0000, 3.1582, 3.1415, 0.0036,-0.0021, 1.5241
 0.1133, 0.0000, 3.1582, 3.1415, 0.0067,-0.0004, 1.6340
 0.1139, 0.0000, 3.1582, 3.1415, 0.0438,-0.0000, 4.1024
 0.1144, 0.0000, 3.1615, 3.1415, 0.0512, 0.2659,-4.6799
 0.1145, 0.0000, 3.1615, 3.1415, 0.0163, 0.0531,-1.8939
 0.1144, 0.0000, 3.1648, 3.1415,-0.0028, 0.2765,-4.6799
 0.1143, 0.0000, 3.1648, 3.1415,-0.0066, 0.0553,-4.4612
 0.1139, 0.0000, 3.1648, 3.1415,-0.0377, 0.0110,-3.8155
 0.1133, 0.0000, 3.1615, 3.1415,-0.0499,-0.2637, 4.6799
 0.1130, 0.0000, 3.1582, 3.1415,-0.0403,-0.3187, 4.6799
 0.1127, 0.0000, 3.1582, 3.1415,-0.0262,-0.0637, 3.3207
 0.1129, 0.0000, 3.1582, 3.1415, 0.0068,-0.0127, 2.3793
 0.1132, 0.0000, 3.1615, 3.1415, 0.0256, 0.2634,-4.6799
 0.1133, 0.0000, 3.1615, 3.1415, 0.0111, 0.0526,-2.2635
 0.1133, 0.0000, 3.1615, 3.1415, 0.0022, 0.0105,-0.2529
 0.1131, 0.0000, 3.1615, 3.1415,-0.0116, 0.0021,-0.6652
 0.1129, 0.0000, 3.1615, 3.1415,-0.0205, 0.0004,-1.1610
 0.1123, 0.0000, 3.1615, 3.1415,-0.0465, 0.0000,-2.8983
 0.1117, 0.0000, 3.1615, 3.1415,-0.0578, 0.0000,-3.6741
 0.1111, 0.0000, 3.1582, 3.1415,-0.0600,-0.2659, 4.6799
 0.1108, 0.0000, 3.1582, 3.1415,-0.0423,-0.0531, 1.5000
 0.1106, 0.0000, 3.1548, 3.1415,-0.0205,-0.2765, 4.6799
 0.1108, 0.0000, 3.1548, 3.1415, 0.0080,-0.0553, 4.6799
 0.1112, 0.0000, 3.1582, 3.1415, 0.0379, 0.2548,-4.6799
 0.1114, 0.0000, 3.1615, 3.1415, 0.0257, 0.3169,-4.6799
 0.1114, 0.0000, 3.1615, 3.1415, 0.0051, 0.0633,-3.4179
 0.1112, 0.0000, 3.1615, 3.1415,-0.0171, 0.0126,-1.7782
 0.1108, 0.0000, 3.1582, 3.1415,-0.0398,-0.2634, 4.6799
 0.1106, 0.0000, 3.1582, 3.1415,-0.0200,-0.0526, 2.9410
 0.1107, 0.0000, 3.1582, 3.1415, 0.0020,-0.0105, 1.8112
 0.1108, 0.0000, 3.1582, 3.1415, 0.0064,-0.0021, 1.5883
 0.1109, 0.0000, 3.1582, 3.1415, 0.0134,-0.0004, 1.9540
 0.1114, 0.0000, 3.1615, 3.1415, 0.0451, 0.2658,-4.6799
 0.1117, 0.0000, 3.1615, 3.1415, 0.0272, 0.0531,-1.3072
 0.1116, 0.0000, 3.1615, 3.1415,-0.0006, 0.0106,-0.5325
 0.1115, 0.0000, 3.1615, 3.1415,-0.0061, 0.0021,-0.3806
 0.1114, 0.0000, 3.1615, 3.1415,-0.0133, 0.0004,-0.7605
 0.1109, 0.0000, 3.1615, 3.1415,-0.0390, 0.0000,-2.4715
 0.1105, 0.0000, 3.1615, 3.1415,-0.0441, 0.0000,-2.8319
 0.1098, 0.0000, 3.1582, 3.1415,-0.0573,-0.2659, 4.6799
 0.1096, 0.0000, 3.1582, 3.1415,-0.0296,-0.0531, 2.2863
 0.1098, 0.0000, 3.1582, 3.1415, 0.0061,-0.0106, 2.0481
 0.1098, 0.0000, 3.1582, 3.1415, 0.0073,-0.0021, 1.5993
 0.1098, 0.0000, 3.1582, 3.1415, 0.0014,-0.0004, 1.1053
 0.1103, 0.0000, 3.1615, 3.1415, 0.0366, 0.2658,-4.6799
 0.1107, 0.0000, 3.1615, 3.1415, 0.0376, 0.0531,-0.6621
 0.1106, 0.0000, 3.1615, 3.1415, 0.0014, 0.0106,-0.4429
 0.1105, 0.0000, 3.1615, 3.1415,-0.0118, 0.0021,-0.8093
 0.1103, 0.0000, 3.1615, 3.1415,-0.0144, 0.0004,-0.8887
 0.1099, 0.0000, 3.1615, 3.1415,-0.0332, 0.0000,-2.1323
 0.1095, 0.0000, 3.1582, 3.1415,-0.0369,-0.2659, 4.6799
 0.1094, 0.0000, 3.1582, 3.1415,-0.0195,-0.0531, 2.9495
 0.1095, 0.0000, 3.1582, 3.1415, 0.0082,-0.0106, 2.1716
 0.1098, 0.0000, 3.1582, 3.1415, 0.0198,-0.0021, 2.4294
 0.1102, 0.0000, 3.1615, 3.1415, 0.0403, 0.2655,-4.6799
 0.1105, 0.0000, 3.1615, 3.1415, 0.0323, 0.0531,-1.0200
 0.1105, 0.0000, 3.1615, 3.1415, 0.0004, 0.0106,-0.5205
 0.1105, 0.0000, 3.1615, 3.1415, 0.0000, 0.0021,-0.0164
 0.1102, 0.0000, 3.1615, 3.1415,-0.0242, 0.0004,-1.5446
 0.1097, 0.0000, 3.1615, 3.1415,-0.0412, 0.0000,-2.6769
 0.1093, 0.0000, 3.1582, 3.1415,-0.0385,-0.2659, 4.6799
 0.1092, 0.0000, 3.1582, 3.1415,-0.0198,-0.0531, 2.9168
 0.1092, 0.0000, 3.1582, 3.1415, 0.0020,-0.0106, 1.7487
 0.1094, 0.0000, 3.1582, 3.1415, 0.0125,-0.0021, 1.9255
 0.1097, 0.0000, 3.1582, 3.1415, 0.0267,-0.0004, 2.7813
 0.1103, 0.0000, 3.1615, 3.1415, 0.0538, 0.2658,-4.6799
 0.1107, 0.0000, 3.1648, 3.1415, 0.0410, 0.3191,-4.6799
 0.1108, 0.0000, 3.1648, 3.1415, 0.0142, 0.0638,-3.7744
 0.1106, 0.0000, 3.1648, 3.1415,-0.0092, 0.0127,-2.1916
 0.1102, 0.0000, 3.1648, 3.1415,-0.0321, 0.0025,-3.1029
 0.1097, 0.0000, 3.1615, 3.1415,-0.0488,-0.2654, 4.6799
 0.1094, 0.0000, 3.1582, 3.1415,-0.0340,-0.3190, 4.6799
 0.1094, 0.0000, 3.1582, 3.1415,-0.0068,-0.0638, 4.4522
 0.1097, 0.0000, 3.1582, 3.1415, 0.0228,-0.0127, 3.2867
 0.1102, 0.0000, 3.1615, 3.1415, 0.0409, 0.2634,-4.6799
 0.1105, 0.0000, 3.1648, 3.1415, 0.0385, 0.3186,-4.6799
 0.1107, 0.0000, 3.1648, 3.1415, 0.0198, 0.0637,-3.4030
 0.1105, 0.0000, 3.1648, 3.1415,-0.0142, 0.0127,-2.5276
 0.1101, 0.0000, 3.1615, 3.1415,-0.0331,-0.2633, 4.6799
 0.1099, 0.0000, 3.1615, 3.1415,-0.0187,-0.0526, 2.0924
 0.1099, 0.0000, 3.1615, 3.1415,-0.0037,-0.0105, 0.4849
 0.1101, 0.0000, 3.1615, 3.1415, 0.0113,-0.0021, 0.9778
 0.1105, 0.0000, 3.1615, 3.1415, 0.0386,-0.0004, 2.7115
 0.1111, 0.0000, 3.1648, 3.1415, 0.0501, 0.2658,-4.6799
 0.1112, 0.0000, 3.1648, 3.1415, 0.0221, 0.0531,-2.5686
 0.1112, 0.0000, 3.1648, 3.1415, 0.0044, 0.0106,-1.1178
 0.1111, 0.0000, 3.1648, 3.1415,-0.0112, 0.0021,-1.6421
 0.1108, 0.0000, 3.1648, 3.1415,-0.0265, 0.0004,-2.5676
 0.1102, 0.0000, 3.1648, 3.1415,-0.0477, 0.0000,-3.9865
 0.1096, 0.0000, 3.1615, 3.1415,-0.0580,-0.2659, 4.6799
 0.1092, 0.0000, 3.1582, 3.1415,-0.0419,-0.3191, 4.6799
 0.1091, 0.0000, 3.1582, 3.1415,-0.0205,-0.0638, 3.5262
 0.1093, 0.0000, 3.1582, 3.1415, 0.0140,-0.0127, 2.6821
 0.1096, 0.0000, 3.1615, 3.1415, 0.0270, 0.2634,-4.6799
 0.1098, 0.0000, 3.1615, 3.1415, 0.0236, 0.0526,-1.6079
 0.1100, 0.0000, 3.1615, 3.1415, 0.0168, 0.0105, 0.5563
 0.1102, 0.0000, 3.1615, 3.1415, 0.0154, 0.0021, 0.9951
 0.1102, 0.0000, 3.1615, 3.1415, 0.0030, 0.0004, 0.2745
 0.1102, 0.0000, 3.1615, 3.1415, 0.0066, 0.0000, 0.5376
 0.1104, 0.0000, 3.1648, 3.1415, 0.0134, 0.2659,-4.6799
 0.1105, 0.0000, 3.1648, 3.1415, 0.0087, 0.0531,-3.4997
 0.1102, 0.0000, 3.1648, 3.1415,-0.0164, 0.0106,-2.5561
 0.1098, 0.0000, 3.1648, 3.1415,-0.0336, 0.0021,-3.1910
 0.1094, 0.0000, 3.1615, 3.1415,-0.0431,-0.2655, 4.6799
 0.1091, 0.0000, 3.1582, 3.1415,-0.0328,-0.3190, 4.6799
 0.1092, 0.0000, 3.1582, 3.1415,-0.0005,-0.0638, 4.6799
 0.1094, 0.0000, 3.1582, 3.1415, 0.0180,-0.0127, 2.9519
 0.1098, 0.0000, 3.1615, 3.1415, 0.0339, 0.2634,-4.6799
 0.1101, 0.0000, 3.1648, 3.1415, 0.0310, 0.3186,-4.6799
 0.1103, 0.0000, 3.1648, 3.1415, 0.0243, 0.0637,-3.1178
 0.1101, 0.0000, 3.1648, 3.1415,-0.0133, 0.0127,-2.4858
 0.1096, 0.0000, 3.1615, 3.1415,-0.0390,-0.2633, 4.6799
 0.1095, 0.0000, 3.1615, 3.1415,-0.0138,-0.0526, 2.3986
 0.1095, 0.0000, 3.1615, 3.1415,-0.0027,-0.0105, 0.5309
 0.1097, 0.0000, 3.1615, 3.1415, 0.0115,-0.0021, 0.9719
 0.1099, 0.0000, 3.1615, 3.1415, 0.0205,-0.0004, 1.4734
 0.1104, 0.0000, 3.1648, 3.1415, 0.0404, 0.2658,-4.6799
 0.1106, 0.0000, 3.1648, 3.1415, 0.0262, 0.0531,-2.3244
 0.1105, 0.0000, 3.1648, 3.1415,-0.0068, 0.0106,-1.9077
 0.1103, 0.0000, 3.1648, 3.1415,-0.0135, 0.0021,-1.8304
 0.1100, 0.0000, 3.1648, 3.1415,-0.0269, 0.0004,-2.6355
 0.1094, 0.0000, 3.1615, 3.1415,-0.0538,-0.2658, 4.6799
 0.1092, 0.0000, 3.1615, 3.1415,-0.0289,-0.0531, 1.4055
 0.1090, 0.0000, 3.1615, 3.1415,-0.0179,-0.0106,-0.4972
 0.1090, 0.0000, 3.1615, 3.1415,-0.0035,-0.0021,-0.0694
 0.1089, 0.0000, 3.1615, 3.1415,-0.0067,-0.0004,-0.3911
 0.1089, 0.0000, 3.1615, 3.1415,-0.0074,-0.0000,-0.4584
 0.1086, 0.0000, 3.1582, 3.1415,-0.0196,-0.2659, 4.6799
 0.1086, 0.0000, 3.1582, 3.1415,-0.0039,-0.0531, 3.9490
 0.1088, 0.0000, 3.1582, 3.1415, 0.0113,-0.0106, 2.3413
 0.1092, 0.0000, 3.1615, 3.1415, 0.0386, 0.2638,-4.6799
 0.1094, 0.0000, 3.1615, 3.1415, 0.0198, 0.0527,-1.8853
 0.1095, 0.0000, 3.1615, 3.1415, 0.0100, 0.0105, 0.0753
 0.1095, 0.0000, 3.1615, 3.1415, 0.0080, 0.0021, 0.4705
 0.1095, 0.0000, 3.1615, 3.1415,-0.0044, 0.0004,-0.2618
 0.1093, 0.0000, 3.1615, 3.1415,-0.0130, 0.0000,-0.8186
 0.1093, 0.0000, 3.1615, 3.1415,-0.0026, 0.0000,-0.1215
 0.1092, 0.0000, 3.1615, 3.1415,-0.0126, 0.0000,-0.7966
 0.1090, 0.0000, 3.1615, 3.1415,-0.0146, 0.0000,-0.9377
 0.1089, 0.0000, 3.1615, 3.1415,-0.0150, 0.0000,-0.9720
 0.1085, 0.0000, 3.1582, 3.1415,-0.0333,-0.2659, 4.6799
 0.1083, 0.0000, 3.1582, 3.1415,-0.0187,-0.0531, 2.9450
 0.1085, 0.0000, 3.1582, 3.1415, 0.0083,-0.0106, 2.1283
 0.1089, 0.0000, 3.1582, 3.1415, 0.0319,-0.0021, 3.1928
 0.1092, 0.0000, 3.1615, 3.1415, 0.0306, 0.2655,-4.6799
 0.1095, 0.0000, 3.1615, 3.1415, 0.0303, 0.0531,-1.2021
 0.1096, 0.0000, 3.1615, 3.1415, 0.0182, 0.0106, 0.6223
 0.1097, 0.0000, 3.1615, 3.1415, 0.0097, 0.0021, 0.5859
 0.1097, 0.0000, 3.1615, 3.1415, 0.0019, 0.0004, 0.1745
 0.1098, 0.0000, 3.1615, 3.1415, 0.0125, 0.0000, 0.9067
 0.1102, 0.0000, 3.1648, 3.1415, 0.0267, 0.2659,-4.6799
 0.1102, 0.0000, 3.1648, 3.1415, 0.0114, 0.0531,-3.3342
 0.1101, 0.0000, 3.1648, 3.1415,-0.0098, 0.0106,-2.1248
 0.1098, 0.0000, 3.1648, 3.1415,-0.0262, 0.0021,-2.7035
 0.1093, 0.0000, 3.1615, 3.1415,-0.0416,-0.2655, 4.6799
 0.1091, 0.0000, 3.1615, 3.1415,-0.0265,-0.0531, 1.5609
 0.1090, 0.0000, 3.1582, 3.1415,-0.0113,-0.2765, 4.6799
 0.1093, 0.0000, 3.1582, 3.1415, 0.0219,-0.0553, 4.6799
 0.1097, 0.0000, 3.1615, 3.1415, 0.0347, 0.2548,-4.6799
 0.1101, 0.0000, 3.1615, 3.1415, 0.0372, 0.0509,-0.5827
 0.1102, 0.1500, 3.1648, 3.1415, 0.0195, 0.2761,-4.6799
 0.1102, 0.1500, 3.1648, 3.1415,-0.0021, 0.0552,-4.6799
 0.1098, 0.1500, 3.1615, 3.1415,-0.0307,-0.2548, 4.6799
 0.1096, 0.1500, 3.1615, 3.1415,-0.0182,-0.0509,-4.6799
 0.1092, 0.1500, 3.1615, 3.1415,-0.0339,-0.0101,-4.6799
 0.1089, 0.1500, 3.1582, 3.1415,-0.0371,-0.2679, 4.6799
 0.1086, 0.1500, 3.1582, 3.1415,-0.0316,-0.0535,-4.6799
 0.1083, 0.1500, 3.1582, 3.1415,-0.0245,-0.0107,-4.6799
 0.1080, 0.1500, 3.1548, 3.1415,-0.0352,-0.2681, 4.6799
 0.1077, 0.1500, 3.1548, 3.1415,-0.0312,-0.0536,-4.4920
 0.1073, 0.1500, 3.1548, 3.1415,-0.0305,-0.0107,-4.6799
 0.1070, 0.1500, 3.1515, 3.1415,-0.0303,-0.2681, 4.6799
 0.1069, 0.1500, 3.1515, 3.1415,-0.0181,-0.0536,-2.7556
 0.1066, 0.1500, 3.1515, 3.1415,-0.0278,-0.0107,-4.6799
 0.1063, 0.1500, 3.1482, 3.1415,-0.0298,-0.2681, 4.6799
 0.1061, 0.1500, 3.1482, 3.1415,-0.0241,-0.0536,-2.2911
 0.1059, 0.1500, 3.1482, 3.1415,-0.0169,-0.0107,-4.4724
 0.1057, 0.1500, 3.1449, 3.1415,-0.0215,-0.2681, 4.6799
 0.1056, 0.1500, 3.1449, 3.1415,-0.0103,-0.0536,-0.4945
 0.1055, 0.1500, 3.1449, 3.1415,-0.0081,-0.0107,-3.0020
 0.1054, 0.1500, 3.1449, 3.1415,-0.0137,-0.0021,-3.9137
 0.1051, 0.1500, 3.1415, 3.1415,-0.0270,-0.2663, 4.6799
 0.1051, 0.1500, 3.1415, 3.1415,-0.0054,-0.0532, 0.6910
 0.1051, 0.1500, 3.1415, 3.1415, 0.0049,-0.0106,-1.2496
 0.1051, 0.1500, 3.1382, 3.1415, 0.0009,-0.2680, 4.6799
 0.1053, 0.1500, 3.1382, 3.1415, 0.0123,-0.0536, 2.8060
 0.1056, 0.1500, 3.1382, 3.1415, 0.0267,-0.0107, 1.1263
 0.1062, 0.1500, 3.1382, 3.1415, 0.0538,-0.0021, 2.4314
 0.1067, 0.1500, 3.1415, 3.1415, 0.0532, 0.2655,-4.6799
 0.1071, 0.1500, 3.1415, 3.1415, 0.0409, 0.0531,-2.7001
 0.1073, 0.1500, 3.1415, 3.1415, 0.0203, 0.0106,-1.4387
 0.1073, 0.1500, 3.1382, 3.1415, 0.0040,-0.2638, 4.6799
 0.1073, 0.1500, 3.1382, 3.1415, 0.0008,-0.0527, 2.0859
 0.1073, 0.1500, 3.1382, 3.1415, 0.0062,-0.0105,-0.1605
 0.1074, 0.1500, 3.1349, 3.1415, 0.0073,-0.2680, 4.6799
 0.1076, 0.1500, 3.1349, 3.1415, 0.0135,-0.0536, 3.9061
 0.1079, 0.1500, 3.1349, 3.1415, 0.0269,-0.0107, 2.1594
 0.1084, 0.1500, 3.1349, 3.1415, 0.0478,-0.0021, 3.0439
 0.1089, 0.1500, 3.1349, 3.1415, 0.0520,-0.0004, 3.2420
 0.1098, 0.1500, 3.1349, 3.1415, 0.0770,-0.0000, 4.6799
 0.1108, 0.1500, 3.1349, 3.1415, 0.0942,-0.0000, 4.6799
 0.1119, 0.1500, 3.1382, 3.1415, 0.1097, 0.2659,-4.6799
 0.1127, 0.1500, 3.1382, 3.1415, 0.0825, 0.0531, 1.2441
 0.1136, 0.1500, 3.1382, 3.1415, 0.0892, 0.0106, 4.3660
 0.1145, 0.1500, 3.1382, 3.1415, 0.0906, 0.0021, 4.6799
 0.1155, 0.1500, 3.1415, 3.1415, 0.1030, 0.2663,-4.6799
 0.1161, 0.1500, 3.1415, 3.1415, 0.0630, 0.0532,-0.7939
 0.1165, 0.1500, 3.1415, 3.1415, 0.0489, 0.0106, 0.9292
 0.1170, 0.1500, 3.1382, 3.1415, 0.0522,-0.2638, 4.6799
 0.1175, 0.1500, 3.1382, 3.1415, 0.0468,-0.0527, 4.6799
 0.1180, 0.1500, 3.1382, 3.1415, 0.0457,-0.0105, 2.9995
 0.1185, 0.1500, 3.1382, 3.1415, 0.0515,-0.0021, 2.8930
 0.1194, 0.1500, 3.1382, 3.1415, 0.0830,-0.0004, 4.6799
 0.1206, 0.1500, 3.1382, 3.1415, 0.1136,-0.0000, 4.6799
 0.1219, 0.1500, 3.1382, 3.1415, 0.1258,-0.0000, 4.6799
 0.1233, 0.1500, 3.1415, 3.1415, 0.1343, 0.2659,-4.6799
 0.1246, 0.1500, 3.1415, 3.1415, 0.1299, 0.0531, 4.0867
 0.1261, 0.1500, 3.1449, 3.1415, 0.1533, 0.2765,-4.6799
 0.1273, 0.1500, 3.1449, 3.1415, 0.1216, 0.0553, 2.6357
 0.1285, 0.1500, 3.1449, 3.1415, 0.1213, 0.0110, 4.6799
 0.1296, 0.1500, 3.1449, 3.1415, 0.1152, 0.0022, 4.6799
 0.1309, 0.1500, 3.1482, 3.1415, 0.1261, 0.2664,-4.6799
 0.1321, 0.1500, 3.1482, 3.1415, 0.1222, 0.0532, 2.1427
 0.1333, 0.1500, 3.1482, 3.1415, 0.1153, 0.0106, 4.3804
 0.1344, 0.1500, 3.1482, 3.1415, 0.1140, 0.0021, 4.6799
 0.1358, 0.1500, 3.1482, 3.1415, 0.1319, 0.0004, 4.6799
 0.1373, 0.1500, 3.1515, 3.1415, 0.1476, 0.2660,-4.6799
 0.1383, 0.1500, 3.1515, 3.1415, 0.1144, 0.0532, 1.0349
 0.1397, 0.1500, 3.1548, 3.1415, 0.1320, 0.2766,-4.6799
 0.1406, 0.1500, 3.1548, 3.1415, 0.0991, 0.0553,-0.8994
 0.1414, 0.1500, 3.1515, 3.1415, 0.0804,-0.2548, 4.6799
 0.1421, 0.1500, 3.1515, 3.1415, 0.0767,-0.0509, 4.6799
 0.1429, 0.1500, 3.1482, 3.1415, 0.0759,-0.2761, 4.6799
 0.1440, 0.1500, 3.1482, 3.1415, 0.1000,-0.0552, 4.6799
 0.1452, 0.1500, 3.1482, 3.1415, 0.1170,-0.0110, 4.6799
 0.1465, 0.1500, 3.1482, 3.1415, 0.1325,-0.0022, 4.6799
 0.1481, 0.1500, 3.1515, 3.1415, 0.1538, 0.2655,-4.6799
 0.1496, 0.1500, 3.1515, 3.1415, 0.1459, 0.0531, 3.7019
 0.1512, 0.1500, 3.1548, 3.1415, 0.1565, 0.2765,-4.6799
 0.1522, 0.1500, 3.1548, 3.1415, 0.1161, 0.0553, 0.8135
 0.1535, 0.1500, 3.1548, 3.1415, 0.1263, 0.0110, 4.2882
 0.1546, 0.1500, 3.1548, 3.1415, 0.1101, 0.0022, 3.8129
 0.1559, 0.1500, 3.1548, 3.1415, 0.1251, 0.0004, 4.6799
 0.1572, 0.1500, 3.1548, 3.1415, 0.1341, 0.0000, 4.6799
 0.1588, 0.1500, 3.1548, 3.1415, 0.1541, 0.0000, 4.6799
 0.1606, 0.1500, 3.1582, 3.1415, 0.1702, 0.2659,-4.6799
 0.1621, 0.1500, 3.1582, 3.1415, 0.1553, 0.0531, 3.1387
 0.1638, 0.1500, 3.1615, 3.1415, 0.1705, 0.2765,-4.6799
 0.1651, 0.1500, 3.1615, 3.1415, 0.1371, 0.0553, 1.0489
 0.1665, 0.1500, 3.1615, 3.1415, 0.1365, 0.0110, 3.8137
 0.1678, 0.1500, 3.1615, 3.1415, 0.1303, 0.0022, 4.0139
 0.1693, 0.1500, 3.1615, 3.1415, 0.1473, 0.0004, 4.6799
 0.1706, 0.1500, 3.1648, 3.1415, 0.1325, 0.2660,-4.6799
 0.1718, 0.1500, 3.1648, 3.1415, 0.1295, 0.0532, 0.1089
 0.1731, 0.1500, 3.1648, 3.1415, 0.1289, 0.0106, 2.7662
 0.1743, 0.1500, 3.1648, 3.1415, 0.1228, 0.0021, 2.9419
 0.1755, 0.1500, 3.1648, 3.1415, 0.1155, 0.0004, 2.6183
 0.1767, 0.1500, 3.1648, 3.1415, 0.1201, 0.0000, 3.0063
 0.1781, 0.1500, 3.1648, 3.1415, 0.1331, 0.0000, 3.9469
 0.1796, 0.1500, 3.1648, 3.1415, 0.1479, 0.0000, 4.6799
 0.1812, 0.1500, 3.1681, 3.1415, 0.1569, 0.2659,-4.6799
 0.1825, 0.1500, 3.1681, 3.1415, 0.1405, 0.0531, 0.4692
 0.1840, 0.1500, 3.1681, 3.1415, 0.1433, 0.0106, 3.3581
 0.1855, 0.1500, 3.1681, 3.1415, 0.1499, 0.0021, 4.4007
 0.1870, 0.1500, 3.1715, 3.1415, 0.1512, 0.2663,-4.6799
 0.1881, 0.1500, 3.1715, 3.1415, 0.1212, 0.0532,-1.4436
 0.1892, 0.1500, 3.1715, 3.1415, 0.1091, 0.0106, 0.4416
 0.1901, 0.1500, 3.1715, 3.1415, 0.0945, 0.0021, 0.0466
 0.1910, 0.1500, 3.1681, 3.1415, 0.0916,-0.2655, 4.6799
 0.1919, 0.1500, 3.1681, 3.1415, 0.0850,-0.0531, 3.8163
 0.1927, 0.1500, 3.1681, 3.1415, 0.0837,-0.0106, 1.1424
 0.1937, 0.1500, 3.1681, 3.1415, 0.0955,-0.0021, 1.4555
 0.1949, 0.1500, 3.1681, 3.1415, 0.1161,-0.0004, 2.7793
 0.1959, 0.1500, 3.1681, 3.1415, 0.1081,-0.0000, 2.2780
 0.1971, 0.1500, 3.1681, 3.1415, 0.1125,-0.0000, 2.6275
 0.1983, 0.1500, 3.1681, 3.1415, 0.1195,-0.0000, 3.1501
 0.1999, 0.1500, 3.1681, 3.1415, 0.1512,-0.0000, 4.6799
 0.2014, 0.1500, 3.1681, 3.1415, 0.1515,-0.0000, 4.6799
 0.2032, 0.1500, 3.1715, 3.1415, 0.1758, 0.2659,-4.6799
 0.2047, 0.1500, 3.1748, 3.1415, 0.1503, 0.3191,-4.6799
 0.2060, 0.1500, 3.1748, 3.1415, 0.1392, 0.0638,-0.9060
 0.2070, 0.1500, 3.1748, 3.1415, 0.1066, 0.0127, 0.1352
 0.2078, 0.1500, 3.1748, 3.1415, 0.0880, 0.0025,-0.4315
 0.2083, 0.1500, 3.1715, 3.1415, 0.0539,-0.2654, 4.6799
 0.2088, 0.1500, 3.1715, 3.1415, 0.0532,-0.0530, 1.6463
 0.2094, 0.1500, 3.1681, 3.1415, 0.0591,-0.2765, 4.6799
 0.2101, 0.1500, 3.1681, 3.1415, 0.0664,-0.0553, 3.6264
 0.2108, 0.1500, 3.1681, 3.1415, 0.0678,-0.0110, 1.0206
 0.2116, 0.1500, 3.1648, 3.1415, 0.0802,-0.2681, 4.6799
 0.2125, 0.1500, 3.1648, 3.1415, 0.0888,-0.0536, 4.6799
 0.2137, 0.1500, 3.1648, 3.1415, 0.1087,-0.0107, 4.6799
 0.2149, 0.1500, 3.1648, 3.1415, 0.1187,-0.0021, 4.6799
 0.2163, 0.1500, 3.1681, 3.1415, 0.1328, 0.2655,-4.6799
 0.2173, 0.1500, 3.1681, 3.1415, 0.1114, 0.0531, 0.2804
 0.2187, 0.1500, 3.1681, 3.1415, 0.1314, 0.0106, 4.3046
 0.2199, 0.1500, 3.1681, 3.1415, 0.1233, 0.0021, 4.3495
 0.2214, 0.1500, 3.1715, 3.1415, 0.1459, 0.2663,-4.6799
 0.2224, 0.1500, 3.1715, 3.1415, 0.1080, 0.0532,-0.6084
 0.2233, 0.1500, 3.1715, 3.1415, 0.0943, 0.0106, 1.1644
 0.2242, 0.1500, 3.1715, 3.1415, 0.0916, 0.0021, 1.5554
 0.2252, 0.1500, 3.1715, 3.1415, 0.0971, 0.0004, 2.0772
 0.2260, 0.1500, 3.1715, 3.1415, 0.0800, 0.0000, 0.9992
 0.2269, 0.1500, 3.1715, 3.1415, 0.0887, 0.0000, 1.6285
 0.2278, 0.1500, 3.1715, 3.1415, 0.0905, 0.0000, 1.7907
 0.2288, 0.1500, 3.1715, 3.1415, 0.1029, 0.0000, 2.6740
 0.2298, 0.1500, 3.1715, 3.1415, 0.0994, 0.0000, 2.4858
 0.2308, 0.1500, 3.1748, 3.1415, 0.0987, 0.2659,-4.6799
 0.2316, 0.1500, 3.1748, 3.1415, 0.0803, 0.0531,-2.8863
 0.2322, 0.1500, 3.1748, 3.1415, 0.0645, 0.0106,-1.2754
 0.2323, 0.1500, 3.1715, 3.1415, 0.0189,-0.2638, 4.6799
 0.2324, 0.1500, 3.1681, 3.1415, 0.0159,-0.3187, 4.6799
 0.2326, 0.1500, 3.1648, 3.1415, 0.0213,-0.3297, 4.6799
 0.2331, 0.1500, 3.1648, 3.1415, 0.0406,-0.0659, 4.6215
 0.2337, 0.1500, 3.1648, 3.1415, 0.0566,-0.0131, 2.4531
 0.2343, 0.1500, 3.1648, 3.1415, 0.0598,-0.0026, 2.0436
 0.2352, 0.1500, 3.1648, 3.1415, 0.0847,-0.0005, 3.6150
 0.2362, 0.1500, 3.1648, 3.1415, 0.0957,-0.0001, 4.3729
 0.2375, 0.1500, 3.1648, 3.1415, 0.1222,-0.0000, 4.6799
 0.2388, 0.1500, 3.1681, 3.1415, 0.1335, 0.2659,-4.6799
 0.2398, 0.1500, 3.1681, 3.1415, 0.1055, 0.0531, 1.0065
 0.2413, 0.1500, 3.1715, 3.1415, 0.1423, 0.2765,-4.6799
 0.2423, 0.1500, 3.1715, 3.1415, 0.1012, 0.0553,-0.1926
 0.2430, 0.1500, 3.1715, 3.1415, 0.0808, 0.0110, 1.2274
 0.2436, 0.1500, 3.1715, 3.1415, 0.0646, 0.0022, 0.7272
 0.2444, 0.1500, 3.1715, 3.1415, 0.0735, 0.0004, 1.4659
 0.2450, 0.1500, 3.1715, 3.1415, 0.0632, 0.0000, 0.8295
 0.2458, 0.1500, 3.1715, 3.1415, 0.0793, 0.0000, 1.9483
 0.2465, 0.1500, 3.1715, 3.1415, 0.0704, 0.0000, 1.3907
 0.2474, 0.1500, 3.1715, 3.1415, 0.0868, 0.0000, 2.5284
 0.2482, 0.1500, 3.1715, 3.1415, 0.0840, 0.0000, 2.3850
 0.2492, 0.1500, 3.1715, 3.1415, 0.0895, 0.0000, 2.7969
 0.2501, 0.1500, 3.1715, 3.1415, 0.0967, 0.0000, 3.3230
 0.2511, 0.1500, 3.1715, 3.1415, 0.0981, 0.0000, 3.4675
 0.2524, 0.1500, 3.1748, 3.1415, 0.1227, 0.2659,-4.6799
 0.2532, 0.1500, 3.1748, 3.1415, 0.0851, 0.0531,-1.4868
 0.2539, 0.1500, 3.1748, 3.1415, 0.0716, 0.0106, 0.2757
 0.2544, 0.1500, 3.1748, 3.1415, 0.0567, 0.0021,-0.1589
 0.2547, 0.1500, 3.1748, 3.1415, 0.0356, 0.0004,-1.4462
 0.2547, 0.1500, 3.1715, 3.1415, 0.0071,-0.2658, 4.6799
 0.2549, 0.1500, 3.1715, 3.1415, 0.0196,-0.0531, 1.7183
 0.2552, 0.1500, 3.1681, 3.1415, 0.0281,-0.2765, 4.6799
 0.2558, 0.1500, 3.1681, 3.1415, 0.0541,-0.0553, 4.6799
 0.2564, 0.1500, 3.1681, 3.1415, 0.0593,-0.0110, 2.7355
 0.2571, 0.1500, 3.1681, 3.1415, 0.0664,-0.0022, 2.6947
 0.2582, 0.1500, 3.1715, 3.1415, 0.1042, 0.2654,-4.6799
 0.2589, 0.1500, 3.1715, 3.1415, 0.0754, 0.0530,-0.9397
 0.2595, 0.1500, 3.1715, 3.1415, 0.0575, 0.0106, 0.5232
 0.2600, 0.1500, 3.1715, 3.1415, 0.0539, 0.0021, 0.8370
 0.2606, 0.1500, 3.1715, 3.1415, 0.0592, 0.0004, 1.3282
 0.2612, 0.1500, 3.1715, 3.1415, 0.0603, 0.0000, 1.4509
 0.2619, 0.1500, 3.1715, 3.1415, 0.0666, 0.0000, 1.9067
 0.2627, 0.1500, 3.1715, 3.1415, 0.0800, 0.0000, 2.8398
 0.2637, 0.1500, 3.1748, 3.1415, 0.0948, 0.2659,-4.6799
 0.2644, 0.1500, 3.1748, 3.1415, 0.0735, 0.0531,-1.7005
 0.2648, 0.1500, 3.1748, 3.1415, 0.0450, 0.0106,-0.9472
 0.2649, 0.1500, 3.1748, 3.1415, 0.0211, 0.0021,-2.0032
 0.2649, 0.1500, 3.1715, 3.1415, 0.0042,-0.2655, 4.6799
 0.2650, 0.1500, 3.1715, 3.1415, 0.0069,-0.0531, 1.3727
 0.2651, 0.1500, 3.1681, 3.1415, 0.0074,-0.2765, 4.6799
 0.2653, 0.1500, 3.1681, 3.1415, 0.0196,-0.0553, 3.2763
 0.2657, 0.1500, 3.1681, 3.1415, 0.0342,-0.0110, 1.5287
 0.2661, 0.1500, 3.1681, 3.1415, 0.0432,-0.0022, 1.6015
 0.2667, 0.1500, 3.1681, 3.1415, 0.0510,-0.0004, 2.0415
 0.2672, 0.1500, 3.1681, 3.1415, 0.0526,-0.0000, 2.1507
 0.2679, 0.1500, 3.1681, 3.1415, 0.0651,-0.0000, 3.0084
 0.2686, 0.1500, 3.1681, 3.1415, 0.0736,-0.0000, 3.6143
 0.2695, 0.1500, 3.1715, 3.1415, 0.0814, 0.2659,-4.6799
 0.2700, 0.1500, 3.1715, 3.1415, 0.0587, 0.0531,-1.5024
 0.2703, 0.1500, 3.1715, 3.1415, 0.0360, 0.0106,-0.3683
 0.2703, 0.1500, 3.1715, 3.1415, 0.0072, 0.0021,-1.7584
 0.2702, 0.1500, 3.1715, 3.1415,-0.0046, 0.0004,-2.4436
 0.2698, 0.1500, 3.1681, 3.1415,-0.0312,-0.2658, 4.6799
 0.2698, 0.1500, 3.1648, 3.1415,-0.0123,-0.3191, 4.6799
 0.2698, 0.1500, 3.1648, 3.1415, 0.0036,-0.0638, 3.8631
 0.2701, 0.1500, 3.1648, 3.1415, 0.0249,-0.0127, 2.1427
 0.2705, 0.1500, 3.1648, 3.1415, 0.0353,-0.0025, 2.2181
 0.2710, 0.1500, 3.1648, 3.1415, 0.0434,-0.0005, 2.6555
 0.2716, 0.1500, 3.1648, 3.1415, 0.0571,-0.0001, 3.5757
 0.2723, 0.1500, 3.1648, 3.1415, 0.0660,-0.0000, 4.1913
 0.2730, 0.1500, 3.1648, 3.1415, 0.0677,-0.0000, 4.3416
 0.2739, 0.1500, 3.1681, 3.1415, 0.0923, 0.2659,-4.6799
 0.2745, 0.1500, 3.1715, 3.1415, 0.0669, 0.3191,-4.6799
 0.2750, 0.1500, 3.1715, 3.1415, 0.0497, 0.0638,-2.5058
 0.2751, 0.1500, 3.1715, 3.1415, 0.0160, 0.0127,-1.5907
 0.2748, 0.1500, 3.1681, 3.1415,-0.0210,-0.2633, 4.6799
 0.2748, 0.1500, 3.1648, 3.1415, 0.0018,-0.3186, 4.6799
 0.2751, 0.1500, 3.1648, 3.1415, 0.0185,-0.0637, 4.6799
 0.2754, 0.1500, 3.1648, 3.1415, 0.0279,-0.0127, 2.6020
 0.2759, 0.1500, 3.1648, 3.1415, 0.0480,-0.0025, 3.3336
 0.2767, 0.1500, 3.1681, 3.1415, 0.0702, 0.2654,-4.6799
 0.2770, 0.1500, 3.1681, 3.1415, 0.0443, 0.0530,-1.1971
 0.2773, 0.1500, 3.1681, 3.1415, 0.0331, 0.0106, 0.6965
 0.2777, 0.1500, 3.1681, 3.1415, 0.0308, 0.0021, 1.0875
 0.2780, 0.1500, 3.1681, 3.1415, 0.0304, 0.0004, 1.1779
 0.2782, 0.1500, 3.1681, 3.1415, 0.0242, 0.0000, 0.8007
 0.2786, 0.1500, 3.1681, 3.1415, 0.0351, 0.0000, 1.5489
 0.2790, 0.1500, 3.1681, 3.1415, 0.0434, 0.0000, 2.1210
 0.2796, 0.1500, 3.1681, 3.1415, 0.0571, 0.0000, 3.0680
 0.2802, 0.1500, 3.1715, 3.1415, 0.0599, 0.2659,-4.6799
 0.2805, 0.1500, 3.1715, 3.1415, 0.0362, 0.0531,-2.4719
 0.2806, 0.1500, 3.1715, 3.1415, 0.0133, 0.0106,-1.3626
 0.2806, 0.1500, 3.1715, 3.1415, 0.0026, 0.0021,-1.5449
 0.2803, 0.1500, 3.1681, 3.1415,-0.0237,-0.2655, 4.6799
 0.2802, 0.1500, 3.1681, 3.1415,-0.0108,-0.0531, 1.8576
 0.2803, 0.1500, 3.1681, 3.1415, 0.0039,-0.0106, 0.2133
 0.2805, 0.1500, 3.1681, 3.1415, 0.0189,-0.0021, 0.7017
 0.2809, 0.1500, 3.1681, 3.1415, 0.0341,-0.0004, 1.6231
 0.2813, 0.1500, 3.1681, 3.1415, 0.0371,-0.0000, 1.8226
 0.2817, 0.1500, 3.1681, 3.1415, 0.0438,-0.0000, 2.2848
 0.2824, 0.1500, 3.1681, 3.1415, 0.0572,-0.0000, 3.2099
 0.2831, 0.1500, 3.1715, 3.1415, 0.0720, 0.2659,-4.6799
 0.2836, 0.1500, 3.1715, 3.1415, 0.0568, 0.0531,-0.9445
 0.2839, 0.1500, 3.1715, 3.1415, 0.0295, 0.0106,-0.1184
 0.2839, 0.1500, 3.1715, 3.1415, 0.0059, 0.0021,-1.1657
 0.2838, 0.1500, 3.1715, 3.1415,-0.0048, 0.0004,-1.7824
 0.2835, 0.1500, 3.1715, 3.1415,-0.0252, 0.0000,-3.1306
 0.2832, 0.1500, 3.1681, 3.1415,-0.0292,-0.2659, 4.6799
 0.2830, 0.1500, 3.1681, 3.1415,-0.0179,-0.0531, 1.5252
 0.2832, 0.1500, 3.1681, 3.1415, 0.0085,-0.0106, 0.6662
 0.2833, 0.1500, 3.1681, 3.1415, 0.0138,-0.0021, 0.5003
 0.2836, 0.1500, 3.1681, 3.1415, 0.0209,-0.0004, 0.8804
 0.2839, 0.1500, 3.1681, 3.1415, 0.0284,-0.0000, 1.3729
 0.2843, 0.1500, 3.1681, 3.1415, 0.0420,-0.0000, 2.2980
 0.2848, 0.1500, 3.1681, 3.1415, 0.0447,-0.0000, 2.5012
 0.2852, 0.1500, 3.1715, 3.1415, 0.0392, 0.2659,-4.6799
 0.2854, 0.1500, 3.1715, 3.1415, 0.0260, 0.0531,-2.9080
 0.2855, 0.1500, 3.1715, 3.1415, 0.0112, 0.0106,-1.2558
 0.2853, 0.1500, 3.1715, 3.1415,-0.0098, 0.0021,-2.1440
 0.2850, 0.1500, 3.1681, 3.1415,-0.0262,-0.2655, 4.6799
 0.2849, 0.1500, 3.1681, 3.1415,-0.0173,-0.0531, 1.6521
 0.2850, 0.1500, 3.1681, 3.1415, 0.0086,-0.0106, 0.7642
 0.2852, 0.1500, 3.1681, 3.1415, 0.0199,-0.0021, 1.0000
 0.2854, 0.1500, 3.1681, 3.1415, 0.0161,-0.0004, 0.6489
 0.2857, 0.1500, 3.1681, 3.1415, 0.0274,-0.0000, 1.3994
 0.2860, 0.1500, 3.1715, 3.1415, 0.0297, 0.2659,-4.6799
 0.2861, 0.1500, 3.1715, 3.1415, 0.0120, 0.0531,-3.8072
 0.2859, 0.1500, 3.1715, 3.1415,-0.0097, 0.0106,-2.6302
 0.2855, 0.1500, 3.1715, 3.1415,-0.0322, 0.0021,-3.6223
 0.2851, 0.1500, 3.1681, 3.1415,-0.0428,-0.2655, 4.6799
 0.2849, 0.1500, 3.1648, 3.1415,-0.0267,-0.3190, 4.6799
 0.2849, 0.1500, 3.1648, 3.1415, 0.0007,-0.0638, 4.4241
 0.2852, 0.1500, 3.1648, 3.1415, 0.0183,-0.0127, 2.4511
 0.2856, 0.1500, 3.1681, 3.1415, 0.0400, 0.2634,-4.6799
 0.2858, 0.1500, 3.1681, 3.1415, 0.0261, 0.0526,-1.9411
 0.2858, 0.1500, 3.1681, 3.1415, 0.0052, 0.0105,-0.7294
 0.2857, 0.1500, 3.1681, 3.1415,-0.0110, 0.0021,-1.3015
 0.2854, 0.1500, 3.1681, 3.1415,-0.0264, 0.0004,-2.2366
 0.2849, 0.1500, 3.1681, 3.1415,-0.0416, 0.0000,-3.2502
 0.2843, 0.1500, 3.1648, 3.1415,-0.0568,-0.2659, 4.6799
 0.2840, 0.1500, 3.1648, 3.1415,-0.0356,-0.0531, 1.3040
 0.2841, 0.1500, 3.1648, 3.1415,-0.0010,-0.0106, 0.9763
 0.2842, 0.1500, 3.1648, 3.1415, 0.0058,-0.0021, 0.9136
 0.2843, 0.1500, 3.1648, 3.1415, 0.0132,-0.0004, 1.3113
 0.2847, 0.1500, 3.1648, 3.1415, 0.0329,-0.0000, 2.6187
 0.2852, 0.1500, 3.1681, 3.1415, 0.0490, 0.2659,-4.6799
 0.2855, 0.1500, 3.1681, 3.1415, 0.0279, 0.0531,-1.8717
 0.2853, 0.1500, 3.1681, 3.1415,-0.0065, 0.0106,-1.5451
 0.2852, 0.1500, 3.1681, 3.1415,-0.0134, 0.0021,-1.4859
 0.2850, 0.1500, 3.1681, 3.1415,-0.0148, 0.0004,-1.4802
 0.2845, 0.1500, 3.1681, 3.1415,-0.0454, 0.0000,-3.5213
 0.2839, 0.1500, 3.1648, 3.1415,-0.0575,-0.2659, 4.6799
 0.2836, 0.1500, 3.1648, 3.1415,-0.0357,-0.0531, 1.2713
 0.2836, 0.1500, 3.1615, 3.1415,-0.0010,-0.2765, 4.6799
 0.2838, 0.1500, 3.1615, 3.1415, 0.0119,-0.0553, 4.6799
 0.2840, 0.1500, 3.1648, 3.1415, 0.0205, 0.2548,-4.6799
 0.2841, 0.1500, 3.1648, 3.1415, 0.0101, 0.0509,-2.0860
 0.2841, 0.1500, 3.1648, 3.1415, 0.0020, 0.0101,-0.1060
 0.2839, 0.1500, 3.1648, 3.1415,-0.0117, 0.0020,-0.5246
 0.2836, 0.1500, 3.1648, 3.1415,-0.0326, 0.0004,-1.8360
 0.2832, 0.1500, 3.1648, 3.1415,-0.0368, 0.0000,-2.1133
 0.2828, 0.1500, 3.1648, 3.1415,-0.0376, 0.0000,-2.1841
 0.2824, 0.1500, 3.1615, 3.1415,-0.0439,-0.2659, 4.6799
 0.2821, 0.1500, 3.1615, 3.1415,-0.0269,-0.0531, 2.6872
 0.2822, 0.1500, 3.1615, 3.1415, 0.0006,-0.0106, 1.8992
 0.2824, 0.1500, 3.1615, 3.1415, 0.0183,-0.0021, 2.5589
 0.2827, 0.1500, 3.1615, 3.1415, 0.0279,-0.0004, 3.1073
 0.2832, 0.1500, 3.1648, 3.1415, 0.0419, 0.2658,-4.6799
 0.2835, 0.1500, 3.1648, 3.1415, 0.0326, 0.0531,-0.7573
 0.2835, 0.1500, 3.1681, 3.1415, 0.0065, 0.2765,-4.6799
 0.2833, 0.1500, 3.1681, 3.1415,-0.0108, 0.0553,-4.6799
 0.2830, 0.1500, 3.1681, 3.1415,-0.0264, 0.0110,-3.0088
 0.2826, 0.1500, 3.1648, 3.1415,-0.0416,-0.2637, 4.6799
 0.2824, 0.1500, 3.1648, 3.1415,-0.0265,-0.0527, 1.7990
 0.2824, 0.1500, 3.1648, 3.1415,-0.0053,-0.0105, 0.6012
 0.2825, 0.1500, 3.1648, 3.1415, 0.0110,-0.0021, 1.1761
 0.2827, 0.1500, 3.1648, 3.1415, 0.0204,-0.0004, 1.7045
 0.2831, 0.1500, 3.1681, 3.1415, 0.0343, 0.2658,-4.6799
 0.2833, 0.1500, 3.1681, 3.1415, 0.0250, 0.0531,-2.1717
 0.2833, 0.1500, 3.1681, 3.1415,-0.0010, 0.0106,-1.2828
 0.2830, 0.1500, 3.1681, 3.1415,-0.0184, 0.0021,-1.9226
 0.2827, 0.1500, 3.1681, 3.1415,-0.0279, 0.0004,-2.4668
 0.2824, 0.1500, 3.1681, 3.1415,-0.0359, 0.0000,-2.9951
 0.2818, 0.1500, 3.1681, 3.1415,-0.0496, 0.0000,-3.9304
 0.2813, 0.1500, 3.1648, 3.1415,-0.0523,-0.2659, 4.6799
 0.2810, 0.1500, 3.1648, 3.1415,-0.0347,-0.0531, 1.2121
 0.2810, 0.1500, 3.1648, 3.1415,-0.0069,-0.0106, 0.4292
 0.2810, 0.1500, 3.1648, 3.1415,-0.0013,-0.0021, 0.2727
 0.2811, 0.1500, 3.1648, 3.1415, 0.0118,-0.0004, 1.0558
 0.2814, 0.1500, 3.1681, 3.1415, 0.0266, 0.2658,-4.6799
 0.2816, 0.1500, 3.1681, 3.1415, 0.0174, 0.0531,-2.7659
 0.2814, 0.1500, 3.1681, 3.1415,-0.0086, 0.0106,-1.8786
 0.2811, 0.1500, 3.1681, 3.1415,-0.0259, 0.0021,-2.5218
 0.2808, 0.1500, 3.1681, 3.1415,-0.0294, 0.0004,-2.6624
 0.2805, 0.1500, 3.1681, 3.1415,-0.0301, 0.0000,-2.7028
 0.2800, 0.1500, 3.1681, 3.1415,-0.0484, 0.0000,-3.9447
 0.2794, 0.1500, 3.1648, 3.1415,-0.0582,-0.2659, 4.6799
 0.2792, 0.1500, 3.1648, 3.1415,-0.0298,-0.0531, 1.4469
 0.2791, 0.1500, 3.1648, 3.1415,-0.0120,-0.0106,-0.0037
 0.2790, 0.1500, 3.1648, 3.1415,-0.0084,-0.0021,-0.2968
 0.2789, 0.1500, 3.1648, 3.1415,-0.0138,-0.0004,-0.7657
 0.2789, 0.1500, 3.1648, 3.1415,-0.0027,-0.0000,-0.0511
 0.2789, 0.1500, 3.1648, 3.1415,-0.0005,-0.0000, 0.0917
 0.2788, 0.1500, 3.1648, 3.1415,-0.0061,-0.0000,-0.2870
 0.2786, 0.1500, 3.1648, 3.1415,-0.0133,-0.0000,-0.7729
 0.2786, 0.1500, 3.1681, 3.1415,-0.0026, 0.2659,-4.6799
 0.2786, 0.1500, 3.1681, 3.1415,-0.0065, 0.0531,-4.5187
 0.2783, 0.1500, 3.1681, 3.1415,-0.0195, 0.0106,-2.7578
 0.2778, 0.1500, 3.1681, 3.1415,-0.0463, 0.0021,-4.0436
 0.2772, 0.1500, 3.1648, 3.1415,-0.0577,-0.2655, 4.6799
 0.2770, 0.1500, 3.1648, 3.1415,-0.0297,-0.0531, 1.3376
 0.2770, 0.1500, 3.1648, 3.1415,-0.0059,-0.0106, 0.2937
 0.2770, 0.1500, 3.1648, 3.1415, 0.0048,-0.0021, 0.4921
 0.2772, 0.1500, 3.1681, 3.1415, 0.0131, 0.2655,-4.6799
 0.2773, 0.1500, 3.1681, 3.1415, 0.0086, 0.0531,-3.5611
 0.2772, 0.1500, 3.1681, 3.1415,-0.0043, 0.0106,-1.8032
 0.2768, 0.1500, 3.1681, 3.1415,-0.0311, 0.0021,-3.0837
 0.2764, 0.1500, 3.1681, 3.1415,-0.0426, 0.0004,-3.7622
 0.2758, 0.1500, 3.1681, 3.1415,-0.0570, 0.0000,-4.6799
 0.2751, 0.1500, 3.1681, 3.1415,-0.0659, 0.0000,-4.6799
 0.2742, 0.1500, 3.1648, 3.1415,-0.0859,-0.2659, 4.6799
 0.2736, 0.1500, 3.1615, 3.1415,-0.0596,-0.3191, 4.6799
 0.2733, 0.1500, 3.1615, 3.1415,-0.0361,-0.0638, 2.2929
 0.2734, 0.1500, 3.1615, 3.1415,-0.0011,-0.0127, 1.4685
 0.2736, 0.1500, 3.1648, 3.1415, 0.0118, 0.2633,-4.6799
 0.2735, 0.1500, 3.1648, 3.1415,-0.0036, 0.0526,-3.6443
 0.2734, 0.1500, 3.1648, 3.1415,-0.0067, 0.0105,-1.2493
 0.2731, 0.1500, 3.1648, 3.1415,-0.0256, 0.0021,-1.9950
 0.2726, 0.1500, 3.1648, 3.1415,-0.0415, 0.0004,-2.9709
 0.2720, 0.1500, 3.1648, 3.1415,-0.0628, 0.0000,-4.4061
 0.2712, 0.1500, 3.1648, 3.1415,-0.0732, 0.0000,-4.6799
 0.2703, 0.1500, 3.1615, 3.1415,-0.0874,-0.2659, 4.6799
 0.2697, 0.1500, 3.1582, 3.1415,-0.0659,-0.3191, 4.6799
 0.2693, 0.1500, 3.1582, 3.1415,-0.0435,-0.0638, 2.5070
 0.2692, 0.1500, 3.1582, 3.1415,-0.0208,-0.0127, 0.8509
 0.2693, 0.1500, 3.1582, 3.1415, 0.0079,-0.0025, 2.1428
 0.2695, 0.1500, 3.1615, 3.1415, 0.0197, 0.2654,-4.6799
 0.2695, 0.1500, 3.1615, 3.1415, 0.0039, 0.0530,-2.4559
 0.2694, 0.1500, 3.1615, 3.1415,-0.0113, 0.0106,-0.8544
 0.2692, 0.1500, 3.1615, 3.1415,-0.0204, 0.0021,-0.9476
 0.2688, 0.1500, 3.1615, 3.1415,-0.0344, 0.0004,-1.7896
 0.2683, 0.1500, 3.1615, 3.1415,-0.0432, 0.0000,-2.3805
 0.2678, 0.1500, 3.1615, 3.1415,-0.0510, 0.0000,-2.9243
 0.2672, 0.1500, 3.1615, 3.1415,-0.0587, 0.0000,-3.4613
 0.2664, 0.1500, 3.1582, 3.1415,-0.0723,-0.2659, 4.6799
 0.2661, 0.1500, 3.1582, 3.1415,-0.0387,-0.0531, 2.0083
 0.2659, 0.1500, 3.1582, 3.1415,-0.0259,-0.0106, 0.2166
 0.2659, 0.1500, 3.1582, 3.1415,-0.0051,-0.0021, 1.0710
 0.2660, 0.1500, 3.1582, 3.1415, 0.0050,-0.0004, 1.6493
 0.2662, 0.1500, 3.1615, 3.1415, 0.0191, 0.2658,-4.6799
 0.2663, 0.1500, 3.1615, 3.1415, 0.0099, 0.0531,-2.2285
 0.2662, 0.1500, 3.1648, 3.1415,-0.0040, 0.2765,-4.6799
 0.2658, 0.1500, 3.1648, 3.1415,-0.0311, 0.0553,-4.6799
 0.2653, 0.1500, 3.1648, 3.1415,-0.0486, 0.0110,-4.4735
 0.2647, 0.1500, 3.1615, 3.1415,-0.0582,-0.2637, 4.6799
 0.2643, 0.1500, 3.1615, 3.1415,-0.0419,-0.0527, 0.7718
 0.2640, 0.1500, 3.1615, 3.1415,-0.0326,-0.0105,-1.2325
 0.2638, 0.1500, 3.1615, 3.1415,-0.0247,-0.0021,-1.2385
 0.2636, 0.1500, 3.1615, 3.1415,-0.0231,-0.0004,-1.2486
 0.2634, 0.1500, 3.1615, 3.1415,-0.0167,-0.0000,-0.8526
 0.2631, 0.1500, 3.1615, 3.1415,-0.0276,-0.0000,-1.5938
 0.2627, 0.1500, 3.1615, 3.1415,-0.0358,-0.0000,-2.1615
 0.2623, 0.1500, 3.1582, 3.1415,-0.0435,-0.2659, 4.6799
 0.2620, 0.1500, 3.1582, 3.1415,-0.0269,-0.0531, 2.5908
 0.2621, 0.1500, 3.1582, 3.1415, 0.0006,-0.0106, 1.7986
 0.2623, 0.1500, 3.1615, 3.1415, 0.0122, 0.2638,-4.6799
 0.2623, 0.1500, 3.1615, 3.1415, 0.0024, 0.0527,-2.8997
 0.2621, 0.1500, 3.1615, 3.1415,-0.0116, 0.0105,-1.2343
 0.2620, 0.1500, 3.1615, 3.1415,-0.0144, 0.0021,-0.9074
 0.2617, 0.1500, 3.1615, 3.1415,-0.0271, 0.0004,-1.6624
 0.2612, 0.1500, 3.1615, 3.1415,-0.0418, 0.0000,-2.6401
 0.2608, 0.1500, 3.1615, 3.1415,-0.0447, 0.0000,-2.8538
 0.2603, 0.1500, 3.1615, 3.1415,-0.0453, 0.0000,-2.9147
 0.2597, 0.1500, 3.1582, 3.1415,-0.0575,-0.2659, 4.6799
 0.2593, 0.1500, 3.1582, 3.1415,-0.0418,-0.0531, 1.4609
 0.2592, 0.1500, 3.1582, 3.1415,-0.0204,-0.0106, 0.2415
 0.2593, 0.1500, 3.1582, 3.1415, 0.0080,-0.0021, 1.6208
 0.2596, 0.1500, 3.1615, 3.1415, 0.0258, 0.2655,-4.6799
 0.2596, 0.1500, 3.1615, 3.1415, 0.0051, 0.0531,-2.8725
 0.2595, 0.1500, 3.1615, 3.1415,-0.0110, 0.0106,-1.3349
 0.2592, 0.1500, 3.1615, 3.1415,-0.0204, 0.0021,-1.4407
 0.2590, 0.1500, 3.1615, 3.1415,-0.0222, 0.0004,-1.4711
 0.2586, 0.1500, 3.1615, 3.1415,-0.0347, 0.0000,-2.3007
 0.2581, 0.1500, 3.1615, 3.1415,-0.0493, 0.0000,-3.2962
 0.2576, 0.1500, 3.1615, 3.1415,-0.0462, 0.0000,-3.1093
 0.2571, 0.1500, 3.1615, 3.1415,-0.0516, 0.0000,-3.4974
 0.2564, 0.1500, 3.1582, 3.1415,-0.0709,-0.2659, 4.6799
 0.2561, 0.1500, 3.1582, 3.1415,-0.0323,-0.0531, 1.9302
 0.2559, 0.1500, 3.1582, 3.1415,-0.0246,-0.0106,-0.1989
 0.2557, 0.1500, 3.1582, 3.1415,-0.0170,-0.0021,-0.2268
 0.2556, 0.1500, 3.1582, 3.1415,-0.0155,-0.0004,-0.2383
 0.2554, 0.1500, 3.1582, 3.1415,-0.0212,-0.0000,-0.6540
 0.2552, 0.1500, 3.1582, 3.1415,-0.0163,-0.0000,-0.3389
 0.2549, 0.1500, 3.1582, 3.1415,-0.0275,-0.0000,-1.0964
 0.2544, 0.1500, 3.1582, 3.1415,-0.0479,-0.0000,-2.4820
 0.2538, 0.1500, 3.1548, 3.1415,-0.0580,-0.2659, 4.6799
 0.2536, 0.1500, 3.1548, 3.1415,-0.0237,-0.0531, 3.2827
 0.2537, 0.1500, 3.1548, 3.1415, 0.0013,-0.0106, 2.3224
 0.2538, 0.1500, 3.1548, 3.1415, 0.0063,-0.0021, 2.1334
 0.2541, 0.1500, 3.1582, 3.1415, 0.0255, 0.2655,-4.6799
 0.2541, 0.1500, 3.1582, 3.1415, 0.0051, 0.0531,-2.2510
 0.2541, 0.1500, 3.1582, 3.1415, 0.0010, 0.0106, 0.1045
 0.2541, 0.1500, 3.1582, 3.1415, 0.0002, 0.0021, 0.5756
 0.2541, 0.1500, 3.1582, 3.1415, 0.0000, 0.0004, 0.6699
 0.2542, 0.1500, 3.1615, 3.1415, 0.0060, 0.2660,-4.6799
 0.2541, 0.1500, 3.1615, 3.1415,-0.0048, 0.0532,-3.8222
 0.2539, 0.1500, 3.1615, 3.1415,-0.0191, 0.0106,-2.1535
 0.2535, 0.1500, 3.1615, 3.1415,-0.0341, 0.0021,-2.6432
 0.2529, 0.1500, 3.1615, 3.1415,-0.0492, 0.0004,-3.5710
 0.2522, 0.1500, 3.1582, 3.1415,-0.0704,-0.2658, 4.6799
 0.2517, 0.1500, 3.1548, 3.1415,-0.0504,-0.3191, 4.6799
 0.2514, 0.1500, 3.1548, 3.1415,-0.0343,-0.0638, 3.1249
 0.2514, 0.1500, 3.1548, 3.1415,-0.0068,-0.0127, 1.7957
 0.2516, 0.1500, 3.1548, 3.1415, 0.0107,-0.0025, 2.3445
 0.2520, 0.1500, 3.1582, 3.1415, 0.0324, 0.2654,-4.6799
 0.2520, 0.1500, 3.1582, 3.1415, 0.0064, 0.0530,-2.2636
 0.2519, 0.1500, 3.1582, 3.1415,-0.0047, 0.0106,-0.3900
 0.2516, 0.1500, 3.1582, 3.1415,-0.0252, 0.0021,-1.2400
 0.2512, 0.1500, 3.1582, 3.1415,-0.0353, 0.0004,-1.8295
 0.2507, 0.1500, 3.1582, 3.1415,-0.0495, 0.0000,-2.7770
 0.2501, 0.1500, 3.1548, 3.1415,-0.0584,-0.2659, 4.6799
 0.2499, 0.1500, 3.1548, 3.1415,-0.0238,-0.0531, 3.0927
 0.2498, 0.1500, 3.1548, 3.1415,-0.0168,-0.0106, 0.9141
 0.2498, 0.1500, 3.1548, 3.1415, 0.0026,-0.0021, 1.6941
 0.2499, 0.1500, 3.1548, 3.1415, 0.0066,-0.0004, 1.8532
 0.2501, 0.1500, 3.1548, 3.1415, 0.0134,-0.0000, 2.2951
 0.2504, 0.1500, 3.1548, 3.1415, 0.0330,-0.0000, 3.6115
 0.2510, 0.1500, 3.1582, 3.1415, 0.0490, 0.2659,-4.6799
 0.2510, 0.1500, 3.1582, 3.1415, 0.0158, 0.0531,-1.6913
 0.2510, 0.1500, 3.1615, 3.1415, 0.0031, 0.2765,-4.6799
 0.2509, 0.1500, 3.1615, 3.1415,-0.0114, 0.0553,-4.5539
 0.2505, 0.1500, 3.1582, 3.1415,-0.0326,-0.2548, 4.6799
 0.2504, 0.1500, 3.1582, 3.1415,-0.0186,-0.0509, 2.4194
 0.2503, 0.1500, 3.1582, 3.1415,-0.0097,-0.0101, 0.4828
 0.2504, 0.1500, 3.1582, 3.1415, 0.0041,-0.0020, 0.9069
 0.2506, 0.1500, 3.1582, 3.1415, 0.0190,-0.0004, 1.8092
 0.2510, 0.1500, 3.1582, 3.1415, 0.0341,-0.0000, 2.8134
 0.2513, 0.1500, 3.1615, 3.1415, 0.0310, 0.2659,-4.6799
 0.2514, 0.1500, 3.1615, 3.1415, 0.0122, 0.0531,-2.8177
 0.2513, 0.1500, 3.1615, 3.1415,-0.0036, 0.0106,-1.2472
 0.2510, 0.1500, 3.1615, 3.1415,-0.0249, 0.0021,-2.1579
 0.2506, 0.1500, 3.1615, 3.1415,-0.0353, 0.0004,-2.7594
 0.2501, 0.1500, 3.1582, 3.1415,-0.0495,-0.2658, 4.6799
 0.2499, 0.1500, 3.1582, 3.1415,-0.0220,-0.0531, 2.3077
 0.2498, 0.1500, 3.1582, 3.1415,-0.0104,-0.0106, 0.4422
 0.2499, 0.1500, 3.1582, 3.1415, 0.0039,-0.0021, 0.8807
 0.2501, 0.1500, 3.1582, 3.1415, 0.0129,-0.0004, 1.3785
 0.2504, 0.1500, 3.1582, 3.1415, 0.0268,-0.0000, 2.2988
 0.2506, 0.1500, 3.1582, 3.1415, 0.0235,-0.0000, 2.0876
 0.2511, 0.1500, 3.1615, 3.1415, 0.0471, 0.2659,-4.6799
 0.2510, 0.1500, 3.1615, 3.1415, 0.0033, 0.0531,-3.4261
 0.2510,-0.1500, 3.1615, 3.1415,-0.0053, 0.0106, 4.6799
 0.2510,-0.1500, 3.1615, 3.1415, 0.0049, 0.0021, 4.6799
 0.2514,-0.1500, 3.1615, 3.1415, 0.0313, 0.0004, 4.6799
 0.2517,-0.1500, 3.1615, 3.1415, 0.0305, 0.0000, 4.6799
 0.2522,-0.1500, 3.1648, 3.1415, 0.0424, 0.2659, 0.1735
 0.2530,-0.1500, 3.1648, 3.1415, 0.0751, 0.0531, 4.6799
 0.2539,-0.1500, 3.1681, 3.1415, 0.0877, 0.2765, 1.7151
 0.2549,-0.1500, 3.1715, 3.1415, 0.0963, 0.3212,-1.3285
 0.2555,-0.1500, 3.1748, 3.1415, 0.0677, 0.3302,-4.6576
 0.2558,-0.1500, 3.1781, 3.1415, 0.0378, 0.3320,-4.6799
 0.2561,-0.1500, 3.1781, 3.1415, 0.0318, 0.0664, 4.6799
 0.2564,-0.1500, 3.1781, 3.1415, 0.0306, 0.0132, 4.6799
 0.2567,-0.1500, 3.1781, 3.1415, 0.0303, 0.0026, 4.6799
 0.2572,-0.1500, 3.1814, 3.1415, 0.0424, 0.2664,-4.1243
 0.2574,-0.1500, 3.1848, 3.1415, 0.0266, 0.3192,-4.6799
 0.2575,-0.1500, 3.1848, 3.1415, 0.0113, 0.0638, 4.6799
 0.2579,-0.1500, 3.1848, 3.1415, 0.0325, 0.0127, 4.6799
 0.2582,-0.1500, 3.1848, 3.1415, 0.0368, 0.0025, 4.6799
 0.2587,-0.1500, 3.1881, 3.1415, 0.0437, 0.2664,-4.6799
 0.2589,-0.1500, 3.1914, 3.1415, 0.0208, 0.3192,-4.6799
 0.2589,-0.1500, 3.1914, 3.1415, 0.0102, 0.0638, 3.6425
 0.2593,-0.1500, 3.1947, 3.1415, 0.0323, 0.2787,-4.6799
 0.2592,-0.1500, 3.1947, 3.1415,-0.0056, 0.0557, 2.1949
 0.2592,-0.1500, 3.1947, 3.1415, 0.0049, 0.0111, 4.6799
 0.2595,-0.1500, 3.1981, 3.1415, 0.0191, 0.2681,-4.6799
 0.2595,-0.1500, 3.1981, 3.1415, 0.0098, 0.0536, 2.4765
 0.2598,-0.1500, 3.2014, 3.1415, 0.0201, 0.2766,-4.6799
 0.2596,-0.1500, 3.2014, 3.1415,-0.0080, 0.0553, 0.2753
 0.2598,-0.1500, 3.2047, 3.1415, 0.0165, 0.2769,-4.6799
 0.2597,-0.1500, 3.2047, 3.1415,-0.0088, 0.0553,-0.6749
 0.2595,-0.1500, 3.2047, 3.1415,-0.0199, 0.0110, 1.3131
 0.2594,-0.1500, 3.2080, 3.1415,-0.0100, 0.2681,-4.6799
 0.2594,-0.1500, 3.2080, 3.1415,-0.0020, 0.0536,-1.0310
 0.2591,-0.1500, 3.2114, 3.1415,-0.0246, 0.2766,-4.6799
 0.2588,-0.1500, 3.2114, 3.1415,-0.0291, 0.0553,-3.8773
 0.2585,-0.1500, 3.2147, 3.1415,-0.0300, 0.2770,-4.6799
 0.2577,-0.1500, 3.2147, 3.1415,-0.0666, 0.0554,-4.6799
 0.2569,-0.1500, 3.2147, 3.1415,-0.0800, 0.0110,-4.6799
 0.2559,-0.1500, 3.2147, 3.1415,-0.0948, 0.0022,-4.6799
 0.2547,-0.1500, 3.2147, 3.1415,-0.1159, 0.0004,-4.6799
 0.2531,-0.1500, 3.2114, 3.1415,-0.1505,-0.2658, 4.6799
 0.2520,-0.1500, 3.2114, 3.1415,-0.1210,-0.0531,-3.6213
 0.2507,-0.1500, 3.2080, 3.1415,-0.1272,-0.2765, 4.6799
 0.2498,-0.1500, 3.2080, 3.1415,-0.0982,-0.0553,-1.1762
 0.2486,-0.1500, 3.2114, 3.1415,-0.1105, 0.2548,-4.6799
 0.2477,-0.1500, 3.2114, 3.1415,-0.0948, 0.0509,-4.6799
 0.2464,-0.1500, 3.2114, 3.1415,-0.1220, 0.0101,-4.6799
 0.2451,-0.1500, 3.2114, 3.1415,-0.1274, 0.0020,-4.6799
 0.2437,-0.1500, 3.2114, 3.1415,-0.1407, 0.0004,-4.6799
 0.2420,-0.1500, 3.2080, 3.1415,-0.1675,-0.2658, 4.6799
 0.2406,-0.1500, 3.2080, 3.1415,-0.1426,-0.0531,-4.6799
 0.2391,-0.1500, 3.2080, 3.1415,-0.1497,-0.0106,-4.6799
 0.2378,-0.1500, 3.2080, 3.1415,-0.1330,-0.0021,-4.6799
 0.2360,-0.1500, 3.2080, 3.1415,-0.1660,-0.0004,-4.6799
 0.2345,-0.1500, 3.2080, 3.1415,-0.1605,-0.0000,-4.6799
 0.2326,-0.1500, 3.2080, 3.1415,-0.1776,-0.0000,-4.6799
 0.2303,-0.1500, 3.2047, 3.1415,-0.2234,-0.2659, 3.4431
 0.2286,-0.1500, 3.2047, 3.1415,-0.1780,-0.0531,-4.6799
 0.2264,-0.1500, 3.2047, 3.1415,-0.2114,-0.0106,-4.6799
 0.2247,-0.1500, 3.2014, 3.1415,-0.1817,-0.2680, 4.6799
 0.2227,-0.1500, 3.2014, 3.1415,-0.1939,-0.0536,-4.6799
 0.2210,-0.1500, 3.2014, 3.1415,-0.1721,-0.0107,-4.6799
 0.2195,-0.1500, 3.2047, 3.1415,-0.1557, 0.2637,-4.6799
 0.2174,-0.1500, 3.2047, 3.1415,-0.2009, 0.0527,-4.6799
 0.2155,-0.1500, 3.2047, 3.1415,-0.1917, 0.0105,-4.6799
 0.2135,-0.1500, 3.2047, 3.1415,-0.1960, 0.0021,-4.6799
 0.2110,-0.1500, 3.2014, 3.1415,-0.2392,-0.2655, 2.3029
 0.2092,-0.1500, 3.2014, 3.1415,-0.1933,-0.0531,-4.6799
 0.2069,-0.1500, 3.2014, 3.1415,-0.2266,-0.0106,-4.6799
 0.2047,-0.1500, 3.2014, 3.1415,-0.2211,-0.0021,-4.6799
 0.2025,-0.1500, 3.2014, 3.1415,-0.2140,-0.0004,-4.6799
 0.2001,-0.1500, 3.2014, 3.1415,-0.2368,-0.0000,-4.6799
 0.1975,-0.1500, 3.2014, 3.1415,-0.2535,-0.0000,-4.6799
 0.1952,-0.1500, 3.1981, 3.1415,-0.2386,-0.2659, 2.4837
 0.1926,-0.1500, 3.1981, 3.1415,-0.2538,-0.0531,-4.6799
 0.1901,-0.1500, 3.1981, 3.1415,-0.2508,-0.0106,-4.6799
 0.1878,-0.1500, 3.1981, 3.1415,-0.2320,-0.0021,-4.6799
 0.1850,-0.1500, 3.1981, 3.1415,-0.2707,-0.0004,-4.6799
 0.1824,-0.1500, 3.1981, 3.1415,-0.2663,-0.0000,-4.6799
 0.1797,-0.1500, 3.1947, 3.1415,-0.2654,-0.2659, 0.8293
 0.1771,-0.1500, 3.1947, 3.1415,-0.2653,-0.0531,-4.6799
 0.1743,-0.1500, 3.1947, 3.1415,-0.2713,-0.0106,-4.6799
 0.1717,-0.1500, 3.1947, 3.1415,-0.2664,-0.0021,-4.6799
 0.1687,-0.1500, 3.1914, 3.1415,-0.2897,-0.2663,-0.4077
 0.1659,-0.1500, 3.1914, 3.1415,-0.2822,-0.0532,-4.6799
 0.1628,-0.1500, 3.1914, 3.1415,-0.3050,-0.0106,-4.6799
 0.1599,-0.1500, 3.1881, 3.1415,-0.2974,-0.2680,-0.3562
 0.1567,-0.1500, 3.1881, 3.1415,-0.3141,-0.0536,-4.6799
 0.1535,-0.1500, 3.1848, 3.1415,-0.3174,-0.2766,-0.5720
 0.1503,-0.1500, 3.1814, 3.1415,-0.3181,-0.3212, 2.8846
 0.1471,-0.1500, 3.1814, 3.1415,-0.3182,-0.0642,-4.6799
 0.1440,-0.1500, 3.1814, 3.1415,-0.3122,-0.0128,-4.6799
 0.1409,-0.1500, 3.1781, 3.1415,-0.3110,-0.2685, 0.5286
 0.1381,-0.1500, 3.1781, 3.1415,-0.2865,-0.0537,-4.6799
 0.1351,-0.1500, 3.1781, 3.1415,-0.2998,-0.0107,-4.6799
 0.1321,-0.1500, 3.1781, 3.1415,-0.2964,-0.0021,-4.6799
 0.1289,-0.1500, 3.1781, 3.1415,-0.3139,-0.0004,-4.6799
 0.1258,-0.1500, 3.1748, 3.1415,-0.3174,-0.2660, 0.0937
 0.1227,-0.1500, 3.1748, 3.1415,-0.3060,-0.0532,-4.6799
 0.1196,-0.1500, 3.1715, 3.1415,-0.3098,-0.2766, 1.8511
 0.1168,-0.1500, 3.1715, 3.1415,-0.2863,-0.0553,-4.6799
 0.1139,-0.1500, 3.1715, 3.1415,-0.2876,-0.0110,-4.6799
 0.1111,-0.1500, 3.1748, 3.1415,-0.2879, 0.2637,-4.6799
 0.1080,-0.1500, 3.1748, 3.1415,-0.3001, 0.0527,-4.6799
 0.1048,-0.1500, 3.1715, 3.1415,-0.3207,-0.2554,-0.9304
 0.1017,-0.1500, 3.1715, 3.1415,-0.3127,-0.0510,-4.6799
 0.0983,-0.1500, 3.1715, 3.1415,-0.3293,-0.0102,-4.6799
 0.0948,-0.1500, 3.1681, 3.1415,-0.3508,-0.2679,-1.7532
 0.0912,-0.1500, 3.1681, 3.1415,-0.3551,-0.0535,-4.6799
 0.0876,-0.1500, 3.1648, 3.1415,-0.3620,-0.2766,-1.4198
 0.0839,-0.1500, 3.1615, 3.1415,-0.3634,-0.3212, 1.9666
 0.0806,-0.1500, 3.1582, 3.1415,-0.3394,-0.3302, 4.6799
 0.0777,-0.1500, 3.1582, 3.1415,-0.2983,-0.0660,-4.6799
 0.0746,-0.1500, 3.1582, 3.1415,-0.3082,-0.0132,-4.6799
 0.0714,-0.1500, 3.1582, 3.1415,-0.3163,-0.0026,-4.6799
 0.0684,-0.1500, 3.1582, 3.1415,-0.3057,-0.0005,-4.6799
 0.0651,-0.1500, 3.1548, 3.1415,-0.3279,-0.2660, 1.7767
 0.0620,-0.1500, 3.1548, 3.1415,-0.3081,-0.0532,-4.6799
 0.0589,-0.1500, 3.1548, 3.1415,-0.3102,-0.0106,-4.6799
 0.0556,-0.1500, 3.1548, 3.1415,-0.3288,-0.0021,-4.6799
 0.0523,-0.1500, 3.1515, 3.1415,-0.3264,-0.2663, 2.1594
 0.0494,-0.1500, 3.1515, 3.1415,-0.3017,-0.0532,-4.6799
 0.0460,-0.1500, 3.1482, 3.1415,-0.3271,-0.2766, 3.3368
 0.0435,-0.1500, 3.1482, 3.1415,-0.2655,-0.0553,-4.6799
 0.0407,-0.1500, 3.1482, 3.1415,-0.2774,-0.0110,-4.6799
 0.0377,-0.1500, 3.1482, 3.1415,-0.2980,-0.0022,-4.6799
 0.0348,-0.1500, 3.1482, 3.1415,-0.2900,-0.0004,-4.6799
 0.0316,-0.1500, 3.1482, 3.1415,-0.3187,-0.0000,-4.6799
 0.0285,-0.1500, 3.1482, 3.1415,-0.3062,-0.0000,-4.6799
 0.0252,-0.1500, 3.1449, 3.1415,-0.3280,-0.2659, 2.4786
 0.0220,-0.1500, 3.1415, 3.1415,-0.3202,-0.3191, 4.6799
 0.0197,-0.1500, 3.1415, 3.1415,-0.2520,-0.0638,-4.3371
 0.0169,-0.1500, 3.1449, 3.1415,-0.2747, 0.2531,-4.6799
 0.0146,-0.1500, 3.1449, 3.1415,-0.2368, 0.0506,-4.6799
 0.0117,-0.1500, 3.1449, 3.1415,-0.2777, 0.0101,-4.6799
 0.0090,-0.1500, 3.1449, 3.1415,-0.2677, 0.0020,-4.6799
 0.0062,-0.1500, 3.1449, 3.1415,-0.2778, 0.0004,-4.6799
 0.0032,-0.1500, 3.1449, 3.1415,-0.2981, 0.0000,-4.6799
 0.0003,-0.1500, 3.1415, 3.1415,-0.2960,-0.2659, 4.2567
-0.0026,-0.1500, 3.1415, 3.1415,-0.2956,-0.0531,-4.6799
-0.0055,-0.1500, 3.1415, 3.1415,-0.2895,-0.0106,-4.6799
-0.0086,-0.1500, 3.1415, 3.1415,-0.3065,-0.0021,-4.6799
-0.0115,-0.1500, 3.1382, 3.1415,-0.2917,-0.2663, 4.6799
-0.0140,-0.1500, 3.1382, 3.1415,-0.2584,-0.0532,-4.6799
-0.0168,-0.1500, 3.1382, 3.1415,-0.2760,-0.0106,-4.6799
-0.0196,-0.1500, 3.1349, 3.1415,-0.2795,-0.2680, 4.6799
-0.0222,-0.1500, 3.1349, 3.1415,-0.2620,-0.0536,-4.6799
-0.0247,-0.1500, 3.1349, 3.1415,-0.2525,-0.0107,-4.6799
-0.0272,-0.1500, 3.1349, 3.1415,-0.2566,-0.0021,-4.6799
-0.0303,-0.1500, 3.1316, 3.1415,-0.2938,-0.2663, 4.6799
-0.0327,-0.1500, 3.1316, 3.1415,-0.2528,-0.0532,-4.6799
-0.0352,-0.1500, 3.1316, 3.1415,-0.2506,-0.0106,-4.6799
-0.0378,-0.1500, 3.1316, 3.1415,-0.2562,-0.0021,-4.6799
-0.0406,-0.1500, 3.1282, 3.1415,-0.2756,-0.2663, 4.6799
-0.0431,-0.1500, 3.1282, 3.1415,-0.2552,-0.0532,-4.6799
-0.0457,-0.1500, 3.1282, 3.1415,-0.2632,-0.0106,-4.6799
-0.0484,-0.1500, 3.1249, 3.1415,-0.2648,-0.2680, 4.6799
-0.0507,-0.1500, 3.1249, 3.1415,-0.2409,-0.0536,-3.2421
-0.0532,-0.1500, 3.1216, 3.1415,-0.2422,-0.2766, 4.6799
-0.0551,-0.1500, 3.1216, 3.1415,-0.2060,-0.0553,-0.1346
-0.0572,-0.1500, 3.1216, 3.1415,-0.2049,-0.0110,-2.8970
-0.0591,-0.1500, 3.1249, 3.1415,-0.1986, 0.2637,-4.6799
-0.0613,-0.1500, 3.1249, 3.1415,-0.2095, 0.0527,-4.6799
-0.0634,-0.1500, 3.1249, 3.1415,-0.2116, 0.0105,-4.6799
-0.0657,-0.1500, 3.1216, 3.1415,-0.2242,-0.2638, 4.6799
-0.0677,-0.1500, 3.1183, 3.1415,-0.2085,-0.3187, 4.6799
-0.0696,-0.1500, 3.1183, 3.1415,-0.1932,-0.0637, 1.4158
-0.0709,-0.1500, 3.1183, 3.1415,-0.1417,-0.0127, 1.6285
-0.0719,-0.1500, 3.1216, 3.1415,-0.1071, 0.2634,-4.6799
-0.0729,-0.1500, 3.1249, 3.1415,-0.1002, 0.3186,-4.6799
-0.0738,-0.1500, 3.1282, 3.1415,-0.0988, 0.3296,-4.6799
-0.0750,-0.1500, 3.1316, 3.1415,-0.1107, 0.3318,-4.6799
-0.0763,-0.1500, 3.1316, 3.1415,-0.1252, 0.0663,-4.6799
-0.0779,-0.1500, 3.1316, 3.1415,-0.1584, 0.0132,-4.6799
-0.0798,-0.1500, 3.1316, 3.1415,-0.1772, 0.0026,-4.6799
-0.0817,-0.1500, 3.1282, 3.1415,-0.1930,-0.2654, 4.6799
-0.0835,-0.1500, 3.1282, 3.1415,-0.1841,-0.0530,-2.0392
-0.0854,-0.1500, 3.1282, 3.1415,-0.1823,-0.0106,-4.6372
-0.0873,-0.1500, 3.1249, 3.1415,-0.1880,-0.2680, 4.6799
-0.0887,-0.1500, 3.1249, 3.1415,-0.1528,-0.0536, 0.7228
-0.0899,-0.1500, 3.1249, 3.1415,-0.1275,-0.0107,-0.3109
-0.0910,-0.1500, 3.1249, 3.1415,-0.1104,-0.0021, 0.2482
-0.0918,-0.1500, 3.1282, 3.1415,-0.0887, 0.2655,-4.6799
-0.0927,-0.1500, 3.1282, 3.1415,-0.0905, 0.0531,-2.8349
-0.0936,-0.1500, 3.1316, 3.1415,-0.0848, 0.2765,-4.6799
-0.0945,-0.1500, 3.1316, 3.1415,-0.0957, 0.0553,-4.3157
-0.0959,-0.1500, 3.1316, 3.1415,-0.1282, 0.0110,-3.8108
-0.0973,-0.1500, 3.1316, 3.1415,-0.1408, 0.0022,-4.1716
-0.0989,-0.1500, 3.1316, 3.1415,-0.1555, 0.0004,-4.6799
-0.1007,-0.1500, 3.1282, 3.1415,-0.1705,-0.2658, 4.6799
-0.1022,-0.1500, 3.1249, 3.1415,-0.1553,-0.3191, 4.6799
-0.1036,-0.1500, 3.1249, 3.1415,-0.1402,-0.0638, 1.4497
-0.1043,-0.1500, 3.1249, 3.1415,-0.0886,-0.0127, 1.6837
-0.1048,-0.1500, 3.1249, 3.1415,-0.0541,-0.0025, 3.3291
-0.1051,-0.1500, 3.1282, 3.1415,-0.0350, 0.2654,-4.6799
-0.1051,-0.1500, 3.1316, 3.1415,-0.0070, 0.3190,-4.6799
-0.1054,-0.1500, 3.1349, 3.1415,-0.0256, 0.3297,-4.6799
-0.1057,-0.1500, 3.1349, 3.1415,-0.0293, 0.0659,-2.0148
-0.1061,-0.1500, 3.1382, 3.1415,-0.0422, 0.2791,-4.6799
-0.1068,-0.1500, 3.1382, 3.1415,-0.0630, 0.0558,-4.5867
-0.1075,-0.1500, 3.1382, 3.1415,-0.0671, 0.0111,-2.1351
-0.1083,-0.1500, 3.1382, 3.1415,-0.0801, 0.0022,-2.4865
-0.1092,-0.1500, 3.1382, 3.1415,-0.0827, 0.0004,-2.5902
-0.1102,-0.1500, 3.1382, 3.1415,-0.0953, 0.0000,-3.4587
-0.1113,-0.1500, 3.1349, 3.1415,-0.1100,-0.2659, 4.6799
-0.1120,-0.1500, 3.1349, 3.1415,-0.0765,-0.0531, 1.8981
-0.1124,-0.1500, 3.1349, 3.1415,-0.0516,-0.0106, 0.8995
-0.1125,-0.1500, 3.1382, 3.1415,-0.0164, 0.2638,-4.6799
-0.1127,-0.1500, 3.1382, 3.1415,-0.0154, 0.0527,-1.5207
-0.1129,-0.1500, 3.1415, 3.1415,-0.0212, 0.2765,-4.6799
-0.1132,-0.1500, 3.1415, 3.1415,-0.0285, 0.0553,-3.4784
-0.1136,-0.1500, 3.1415, 3.1415,-0.0420, 0.0110,-1.6685
-0.1144,-0.1500, 3.1415, 3.1415,-0.0690, 0.0022,-2.9537
-0.1152,-0.1500, 3.1415, 3.1415,-0.0805, 0.0004,-3.6482
-0.1161,-0.1500, 3.1382, 3.1415,-0.0888,-0.2658, 4.6799
-0.1167,-0.1500, 3.1382, 3.1415,-0.0662,-0.0531, 1.4409
-0.1174,-0.1500, 3.1382, 3.1415,-0.0617,-0.0106,-0.9194
-0.1178,-0.1500, 3.1382, 3.1415,-0.0487,-0.0021,-0.6013
-0.1183,-0.1500, 3.1382, 3.1415,-0.0461,-0.0004,-0.5559
-0.1186,-0.1500, 3.1382, 3.1415,-0.0395,-0.0000,-0.1577
-0.1192,-0.1500, 3.1349, 3.1415,-0.0564,-0.2659, 4.6799
-0.1197,-0.1500, 3.1349, 3.1415,-0.0476,-0.0531, 3.4357
-0.1197,-0.1500, 3.1349, 3.1415,-0.0095,-0.0106, 3.3413
-0.1195,-0.1500, 3.1382, 3.1415, 0.0102, 0.2638,-4.6799
-0.1195,-0.1500, 3.1382, 3.1415, 0.0020, 0.0527,-0.7044
-0.1196,-0.1500, 3.1382, 3.1415,-0.0056, 0.0105, 1.3899
-0.1196,-0.1500, 3.1382, 3.1415,-0.0011, 0.0021, 2.2130
-0.1195,-0.1500, 3.1382, 3.1415, 0.0058, 0.0004, 2.7849
-0.1193,-0.1500, 3.1415, 3.1415, 0.0193, 0.2660,-4.6799
-0.1195,-0.1500, 3.1415, 3.1415,-0.0082, 0.0532,-2.3159
-0.1195,-0.1500, 3.1415, 3.1415,-0.0077, 0.0106, 0.3485
-0.1195,-0.1500, 3.1415, 3.1415,-0.0015, 0.0021, 1.2857
-0.1195,-0.1500, 3.1415, 3.1415,-0.0003, 0.0004, 1.4731
-0.1195,-0.1500, 3.1415, 3.1415, 0.0060, 0.0000, 1.9178
-0.1193,-0.1500, 3.1415, 3.1415, 0.0133, 0.0000, 2.4170
-0.1190,-0.1500, 3.1415, 3.1415, 0.0269, 0.0000, 3.3375
-0.1186,-0.1500, 3.1449, 3.1415, 0.0357, 0.2659,-4.6799
-0.1186,-0.1500, 3.1449, 3.1415, 0.0071, 0.0531,-2.1508
-0.1187,-0.1500, 3.1449, 3.1415,-0.0046, 0.0106,-0.3070
-0.1189,-0.1500, 3.1449, 3.1415,-0.0130, 0.0021,-0.3485
-0.1192,-0.1500, 3.1415, 3.1415,-0.0268,-0.2654, 4.6799
-0.1193,-0.1500, 3.1415, 3.1415,-0.0174,-0.0530, 3.6505
-0.1192,-0.1500, 3.1415, 3.1415, 0.0025,-0.0106, 2.3624
-0.1190,-0.1500, 3.1415, 3.1415, 0.0187,-0.0021, 2.9223
-0.1185,-0.1500, 3.1415, 3.1415, 0.0461,-0.0004, 4.6724
-0.1179,-0.1500, 3.1415, 3.1415, 0.0577,-0.0000, 4.6799
-0.1174,-0.1500, 3.1449, 3.1415, 0.0539, 0.2659,-4.6799
-0.1170,-0.1500, 3.1449, 3.1415, 0.0411, 0.0531, 0.1934
-0.1165,-0.1500, 3.1482, 3.1415, 0.0446, 0.2765,-4.6799
-0.1164,-0.1500, 3.1482, 3.1415, 0.0210, 0.0553,-2.1464
-0.1165,-0.1500, 3.1449, 3.1415,-0.0079,-0.2548, 4.6799
-0.1166,-0.1500, 3.1449, 3.1415,-0.0076,-0.0509, 3.4090
-0.1164,-0.1500, 3.1449, 3.1415, 0.0105,-0.0101, 2.1085
-0.1162,-0.1500, 3.1449, 3.1415, 0.0203,-0.0020, 2.2617
-0.1159,-0.1500, 3.1449, 3.1415, 0.0283,-0.0004, 2.7087
-0.1154,-0.1500, 3.1449, 3.1415, 0.0481,-0.0000, 4.0319
-0.1148,-0.1500, 3.1449, 3.1415, 0.0581,-0.0000, 4.6799
-0.1139,-0.1500, 3.1449, 3.1415, 0.0783,-0.0000, 4.6799
-0.1130,-0.1500, 3.1482, 3.1415, 0.0884, 0.2659,-4.6799
-0.1123,-0.1500, 3.1482, 3.1415, 0.0722, 0.0531, 1.5933
-0.1114,-0.1500, 3.1515, 3.1415, 0.0872, 0.2765,-4.6799
-0.1109,-0.1500, 3.1515, 3.1415, 0.0598, 0.0553,-0.1919
-0.1107,-0.1500, 3.1515, 3.1415, 0.0301, 0.0110, 0.5787
-0.1105,-0.1500, 3.1482, 3.1415, 0.0181,-0.2637, 4.6799
-0.1103,-0.1500, 3.1482, 3.1415, 0.0218,-0.0527, 4.6799
-0.1096,-0.1500, 3.1482, 3.1415, 0.0589,-0.0105, 4.6799
-0.1089,-0.1500, 3.1482, 3.1415, 0.0724,-0.0021, 4.6799
-0.1080,-0.1500, 3.1515, 3.1415, 0.0872, 0.2655,-4.6799
-0.1072,-0.1500, 3.1515, 3.1415, 0.0780, 0.0531, 1.3413
-0.1062,-0.1500, 3.1515, 3.1415, 0.0944, 0.0106, 4.6799
-0.1053,-0.1500, 3.1548, 3.1415, 0.0916, 0.2680,-4.6799
-0.1048,-0.1500, 3.1548, 3.1415, 0.0607, 0.0536,-0.6232
-0.1043,-0.1500, 3.1548, 3.1415, 0.0485, 0.0107, 1.2376
-0.1040,-0.1500, 3.1548, 3.1415, 0.0339, 0.0021, 0.8135
-0.1036,-0.1500, 3.1515, 3.1415, 0.0371,-0.2655, 4.6799
-0.1033,-0.1500, 3.1515, 3.1415, 0.0377,-0.0531, 4.6799
-0.1029,-0.1500, 3.1515, 3.1415, 0.0378,-0.0106, 2.8222
-0.1021,-0.1500, 3.1515, 3.1415, 0.0682,-0.0021, 4.3536
-0.1013,-0.1500, 3.1515, 3.1415, 0.0803,-0.0004, 4.6799
-0.1004,-0.1500, 3.1515, 3.1415, 0.0888,-0.0000, 4.6799
-0.0993,-0.1500, 3.1548, 3.1415, 0.1026, 0.2659,-4.6799
-0.0985,-0.1500, 3.1548, 3.1415, 0.0872, 0.0531, 1.4780
-0.0975,-0.1500, 3.1548, 3.1415, 0.0962, 0.0106, 4.6799
-0.0965,-0.1500, 3.1548, 3.1415, 0.0980, 0.0021, 4.6799
-0.0955,-0.1500, 3.1582, 3.1415, 0.0984, 0.2663,-4.6799
-0.0948,-0.1500, 3.1582, 3.1415, 0.0803, 0.0532, 0.2960
-0.0939,-0.1500, 3.1582, 3.1415, 0.0888, 0.0106, 3.5430
-0.0929,-0.1500, 3.1582, 3.1415, 0.0905, 0.0021, 4.2288
-0.0919,-0.1500, 3.1582, 3.1415, 0.1029, 0.0004, 4.6799
-0.0907,-0.1500, 3.1615, 3.1415, 0.1176, 0.2660,-4.6799
-0.0898,-0.1500, 3.1615, 3.1415, 0.0962, 0.0532, 0.7098
-0.0886,-0.1500, 3.1648, 3.1415, 0.1162, 0.2765,-4.6799
-0.0877,-0.1500, 3.1648, 3.1415, 0.0899, 0.0553,-0.6420
-0.0872,-0.1500, 3.1648, 3.1415, 0.0604, 0.0110, 0.1569
-0.0868,-0.1500, 3.1648, 3.1415, 0.0424, 0.0022,-0.4764
-0.0866,-0.1500, 3.1615, 3.1415, 0.0266,-0.2654, 4.6799
-0.0862,-0.1500, 3.1615, 3.1415, 0.0356,-0.0530, 3.4276
-0.0858,-0.1500, 3.1582, 3.1415, 0.0374,-0.2765, 4.6799
-0.0854,-0.1500, 3.1582, 3.1415, 0.0438,-0.0553, 4.6799
-0.0846,-0.1500, 3.1582, 3.1415, 0.0694,-0.0110, 4.0565
-0.0835,-0.1500, 3.1582, 3.1415, 0.0987,-0.0022, 4.6799
-0.0826,-0.1500, 3.1582, 3.1415, 0.0985,-0.0004, 4.6799
-0.0814,-0.1500, 3.1615, 3.1415, 0.1167, 0.2658,-4.6799
-0.0803,-0.1500, 3.1615, 3.1415, 0.1082, 0.0531, 1.9808
-0.0792,-0.1500, 3.1648, 3.1415, 0.1065, 0.2765,-4.6799
-0.0785,-0.1500, 3.1648, 3.1415, 0.0758, 0.0553,-1.1199
-0.0782,-0.1500, 3.1648, 3.1415, 0.0394, 0.0110,-0.7934
-0.0782,-0.1500, 3.1615, 3.1415, 0.0139,-0.2637, 4.6799
-0.0781,-0.1500, 3.1582, 3.1415, 0.0088,-0.3187, 4.6799
-0.0779,-0.1500, 3.1582, 3.1415, 0.0199,-0.0637, 4.3611
-0.0775,-0.1500, 3.1548, 3.1415, 0.0343,-0.2787, 4.6799
-0.0771,-0.1500, 3.1548, 3.1415, 0.0371,-0.0557, 4.6799
-0.0763,-0.1500, 3.1548, 3.1415, 0.0741,-0.0111, 4.6799
-0.0751,-0.1500, 3.1548, 3.1415, 0.1118,-0.0022, 4.6799
-0.0739,-0.1500, 3.1548, 3.1415, 0.1133,-0.0004, 4.6799
-0.0726,-0.1500, 3.1582, 3.1415, 0.1257, 0.2658,-4.6799
-0.0715,-0.1500, 3.1615, 3.1415, 0.1160, 0.3191,-4.6799
-0.0704,-0.1500, 3.1615, 3.1415, 0.1081, 0.0638, 1.8063
-0.0695,-0.1500, 3.1615, 3.1415, 0.0943, 0.0127, 4.0962
-0.0685,-0.1500, 3.1615, 3.1415, 0.0976, 0.0025, 4.6799
-0.0675,-0.1500, 3.1615, 3.1415, 0.1044, 0.0005, 4.6799
-0.0662,-0.1500, 3.1648, 3.1415, 0.1239, 0.2660,-4.6799
-0.0651,-0.1500, 3.1648, 3.1415, 0.1096, 0.0532, 1.9302
-0.0639,-0.1500, 3.1681, 3.1415, 0.1189, 0.2766,-4.6799
-0.0630,-0.1500, 3.1681, 3.1415, 0.0965, 0.0553, 0.1295
-0.0621,-0.1500, 3.1681, 3.1415, 0.0920, 0.0110, 2.6137
-0.0613,-0.1500, 3.1681, 3.1415, 0.0851, 0.0022, 2.7397
-0.0604,-0.1500, 3.1681, 3.1415, 0.0837, 0.0004, 2.7982
-0.0594,-0.1500, 3.1681, 3.1415, 0.0955, 0.0000, 3.6578
-0.0583,-0.1500, 3.1715, 3.1415, 0.1100, 0.2659,-4.6799
-0.0576,-0.1500, 3.1715, 3.1415, 0.0826, 0.0531,-1.2936
-0.0570,-0.1500, 3.1715, 3.1415, 0.0589, 0.0106,-0.2108
-0.0567,-0.1500, 3.1715, 3.1415, 0.0360, 0.0021,-1.1948
-0.0568,-0.1500, 3.1681, 3.1415, 0.0011,-0.2655, 4.6799
-0.0567,-0.1500, 3.1648, 3.1415, 0.0062,-0.3190, 4.6799
-0.0563,-0.1500, 3.1615, 3.1415, 0.0315,-0.3297, 4.6799
-0.0560,-0.1500, 3.1615, 3.1415, 0.0366,-0.0659, 4.6799
-0.0553,-0.1500, 3.1615, 3.1415, 0.0618,-0.0131, 4.2521
-0.0543,-0.1500, 3.1615, 3.1415, 0.0912,-0.0026, 4.6799
-0.0531,-0.1500, 3.1615, 3.1415, 0.1152,-0.0005, 4.6799
-0.0517,-0.1500, 3.1648, 3.1415, 0.1321, 0.2658,-4.6799
-0.0507,-0.1500, 3.1681, 3.1415, 0.1113, 0.3191,-4.6799
-0.0497,-0.1500, 3.1681, 3.1415, 0.1010, 0.0638, 0.5725
-0.0487,-0.1500, 3.1681, 3.1415, 0.0990, 0.0127, 3.6431
-0.0477,-0.1500, 3.1715, 3.1415, 0.0986, 0.2684,-4.6799
-0.0470,-0.1500, 3.1715, 3.1415, 0.0742, 0.0536,-1.3538
-0.0466,-0.1500, 3.1715, 3.1415, 0.0512, 0.0107,-0.2087
-0.0463,-0.1500, 3.1681, 3.1415, 0.0284,-0.2637, 4.6799
-0.0460,-0.1500, 3.1681, 3.1415, 0.0299,-0.0527, 3.2298
-0.0457,-0.1500, 3.1648, 3.1415, 0.0302,-0.2765, 4.6799
-0.0453,-0.1500, 3.1648, 3.1415, 0.0363,-0.0553, 4.6799
-0.0447,-0.1500, 3.1648, 3.1415, 0.0557,-0.0110, 3.3376
-0.0440,-0.1500, 3.1648, 3.1415, 0.0717,-0.0022, 3.8936
-0.0431,-0.1500, 3.1648, 3.1415, 0.0871,-0.0004, 4.6799
-0.0422,-0.1500, 3.1648, 3.1415, 0.0901,-0.0000, 4.6799
-0.0410,-0.1500, 3.1681, 3.1415, 0.1089, 0.2659,-4.6799
-0.0400,-0.1500, 3.1681, 3.1415, 0.1006, 0.0531, 1.6805
-0.0389,-0.1500, 3.1681, 3.1415, 0.1110, 0.0106, 4.6799
-0.0379,-0.1500, 3.1715, 3.1415, 0.1010, 0.2680,-4.6799
-0.0373,-0.1500, 3.1715, 3.1415, 0.0687, 0.0536,-1.2349
-0.0369,-0.1500, 3.1715, 3.1415, 0.0501, 0.0107, 0.2030
-0.0365,-0.1500, 3.1715, 3.1415, 0.0403, 0.0021, 0.1016
-0.0362,-0.1500, 3.1681, 3.1415, 0.0323,-0.2655, 4.6799
-0.0356,-0.1500, 3.1681, 3.1415, 0.0489,-0.0531, 4.6799
-0.0350,-0.1500, 3.1681, 3.1415, 0.0582,-0.0106, 3.0598
-0.0344,-0.1500, 3.1681, 3.1415, 0.0662,-0.0021, 3.0967
-0.0334,-0.1500, 3.1681, 3.1415, 0.0920,-0.0004, 4.6799
-0.0321,-0.1500, 3.1715, 3.1415, 0.1214, 0.2658,-4.6799
-0.0312,-0.1500, 3.1715, 3.1415, 0.0970, 0.0531, 0.9853
-0.0300,-0.1500, 3.1748, 3.1415, 0.1103, 0.2765,-4.6799
-0.0292,-0.1500, 3.1748, 3.1415, 0.0887, 0.0553,-0.5031
-0.0288,-0.1500, 3.1748, 3.1415, 0.0480, 0.0110,-0.4555
-0.0287,-0.1500, 3.1748, 3.1415, 0.0217, 0.0022,-1.6525
-0.0288,-0.1500, 3.1715, 3.1415,-0.0017,-0.2655, 4.6799
-0.0285,-0.1500, 3.1681, 3.1415, 0.0178,-0.3190, 4.6799
-0.0283,-0.1500, 3.1681, 3.1415, 0.0217,-0.0638, 4.2556
-0.0281,-0.1500, 3.1681, 3.1415, 0.0164,-0.0127, 0.7550
-0.0276,-0.1500, 3.1681, 3.1415, 0.0457,-0.0025, 2.0972
-0.0268,-0.1500, 3.1681, 3.1415, 0.0758,-0.0005, 4.0158
-0.0261,-0.1500, 3.1681, 3.1415, 0.0697,-0.0001, 3.6184
-0.0253,-0.1500, 3.1681, 3.1415, 0.0806,-0.0000, 4.3807
-0.0241,-0.1500, 3.1715, 3.1415, 0.1070, 0.2659,-4.6799
-0.0234,-0.1500, 3.1748, 3.1415, 0.0759, 0.3191,-4.6799
-0.0228,-0.1500, 3.1748, 3.1415, 0.0637, 0.0638,-2.3789
-0.0228,-0.1500, 3.1748, 3.1415, 0.0188, 0.0127,-2.2050
-0.0228,-0.1500, 3.1715, 3.1415,-0.0023,-0.2634, 4.6799
-0.0227,-0.1500, 3.1681, 3.1415, 0.0116,-0.3186, 4.6799
-0.0227,-0.1500, 3.1681, 3.1415, 0.0023,-0.0637, 3.2381
-0.0225,-0.1500, 3.1681, 3.1415, 0.0186,-0.0127, 1.1831
-0.0221,-0.1500, 3.1681, 3.1415, 0.0340,-0.0025, 1.5957
-0.0216,-0.1500, 3.1681, 3.1415, 0.0431,-0.0005, 2.1006
-0.0211,-0.1500, 3.1681, 3.1415, 0.0510,-0.0001, 2.6270
-0.0205,-0.1500, 3.1681, 3.1415, 0.0587,-0.0000, 3.1608
-0.0198,-0.1500, 3.1681, 3.1415, 0.0663,-0.0000, 3.6990
-0.0191,-0.1500, 3.1681, 3.1415, 0.0678,-0.0000, 3.8340
-0.0182,-0.1500, 3.1681, 3.1415, 0.0863,-0.0000, 4.6799
-0.0172,-0.1500, 3.1715, 3.1415, 0.1021, 0.2659,-4.6799
-0.0164,-0.1500, 3.1748, 3.1415, 0.0810, 0.3191,-4.6799
-0.0158,-0.1500, 3.1748, 3.1415, 0.0647, 0.0638,-1.9589
-0.0158,-0.1500, 3.1748, 3.1415, 0.0129, 0.0127,-2.2462
-0.0159,-0.1500, 3.1715, 3.1415,-0.0034,-0.2634, 4.6799
-0.0159,-0.1500, 3.1681, 3.1415,-0.0006,-0.3186, 4.6799
-0.0157,-0.1500, 3.1681, 3.1415, 0.0119,-0.0637, 4.2292
-0.0153,-0.1500, 3.1681, 3.1415, 0.0327,-0.0127, 2.4747
-0.0146,-0.1500, 3.1681, 3.1415, 0.0671,-0.0025, 4.1752
-0.0137,-0.1500, 3.1715, 3.1415, 0.0861, 0.2654,-4.6799
-0.0132,-0.1500, 3.1715, 3.1415, 0.0536, 0.0530,-1.0016
-0.0127,-0.1500, 3.1715, 3.1415, 0.0531, 0.0106, 1.6210
-0.0124,-0.1500, 3.1715, 3.1415, 0.0348, 0.0021, 0.9450
-0.0120,-0.1500, 3.1715, 3.1415, 0.0372, 0.0004, 1.2292
-0.0115,-0.1500, 3.1715, 3.1415, 0.0438, 0.0000, 1.7085
-0.0112,-0.1500, 3.1715, 3.1415, 0.0390, 0.0000, 1.4153
-0.0107,-0.1500, 3.1715, 3.1415, 0.0441, 0.0000, 1.7790
-0.0099,-0.1500, 3.1748, 3.1415, 0.0755, 0.2659,-4.6799
-0.0095,-0.1500, 3.1748, 3.1415, 0.0454, 0.0531,-2.2704
-0.0094,-0.1500, 3.1748, 3.1415, 0.0151, 0.0106,-1.6497
-0.0094,-0.1500, 3.1748, 3.1415, 0.0030, 0.0021,-1.9297
-0.0097,-0.1500, 3.1715, 3.1415,-0.0175,-0.2655, 4.6799
-0.0097,-0.1500, 3.1715, 3.1415,-0.0095,-0.0531, 1.5343
-0.0097,-0.1500, 3.1681, 3.1415, 0.0041,-0.2765, 4.6799
-0.0094,-0.1500, 3.1681, 3.1415, 0.0190,-0.0553, 4.4914
-0.0088,-0.1500, 3.1681, 3.1415, 0.0523,-0.0110, 4.0005
-0.0079,-0.1500, 3.1715, 3.1415, 0.0832, 0.2637,-4.6799
-0.0076,-0.1500, 3.1715, 3.1415, 0.0408, 0.0527,-1.5466
-0.0073,-0.1500, 3.1748, 3.1415, 0.0324, 0.2765,-4.6799
-0.0074,-0.1500, 3.1748, 3.1415, 0.0004, 0.0553,-4.6799
-0.0075,-0.1500, 3.1715, 3.1415,-0.0120,-0.2549, 4.6799
-0.0075,-0.1500, 3.1681, 3.1415,-0.0024,-0.3169, 4.6799
-0.0076,-0.1500, 3.1681, 3.1415,-0.0065,-0.0633, 3.3805
-0.0073,-0.1500, 3.1681, 3.1415, 0.0229,-0.0126, 2.2221
-0.0066,-0.1500, 3.1715, 3.1415, 0.0591, 0.2634,-4.6799
-0.0063,-0.1500, 3.1715, 3.1415, 0.0360, 0.0526,-1.7984
-0.0062,-0.1500, 3.1715, 3.1415, 0.0193, 0.0105,-0.2986
-0.0062,-0.1500, 3.1715, 3.1415,-0.0021, 0.0021,-1.2143
-0.0065,-0.1500, 3.1681, 3.1415,-0.0246,-0.2655, 4.6799
-0.0065,-0.1500, 3.1681, 3.1415, 0.0011,-0.0531, 3.3119
-0.0064,-0.1500, 3.1681, 3.1415, 0.0062,-0.0106, 1.0321
-0.0062,-0.1500, 3.1681, 3.1415, 0.0133,-0.0021, 0.9865
-0.0057,-0.1500, 3.1681, 3.1415, 0.0451,-0.0004, 3.0196
-0.0053,-0.1500, 3.1681, 3.1415, 0.0393,-0.0000, 2.6330
-0.0050,-0.1500, 3.1715, 3.1415, 0.0381, 0.2659,-4.6799
-0.0047,-0.1500, 3.1715, 3.1415, 0.0258, 0.0531,-2.4326
-0.0047,-0.1500, 3.1715, 3.1415, 0.0051, 0.0106,-1.1763
-0.0048,-0.1500, 3.1715, 3.1415,-0.0050, 0.0021,-1.3322
-0.0050,-0.1500, 3.1681, 3.1415,-0.0191,-0.2655, 4.6799
-0.0052,-0.1500, 3.1681, 3.1415,-0.0159,-0.0531, 2.2391
-0.0050,-0.1500, 3.1681, 3.1415, 0.0089,-0.0106, 1.2764
-0.0047,-0.1500, 3.1681, 3.1415, 0.0260,-0.0021, 1.9044
-0.0044,-0.1500, 3.1681, 3.1415, 0.0294,-0.0004, 2.0421
-0.0040,-0.1500, 3.1715, 3.1415, 0.0422, 0.2658,-4.6799
-0.0037,-0.1500, 3.1715, 3.1415, 0.0266, 0.0531,-2.3281
-0.0038,-0.1500, 3.1715, 3.1415,-0.0007, 0.0106,-1.5232
-0.0040,-0.1500, 3.1715, 3.1415,-0.0122, 0.0021,-1.7725
-0.0043,-0.1500, 3.1681, 3.1415,-0.0267,-0.2655, 4.6799
-0.0044,-0.1500, 3.1681, 3.1415,-0.0174,-0.0531, 2.1770
-0.0043,-0.1500, 3.1681, 3.1415, 0.0086,-0.0106, 1.2943
-0.0042,-0.1500, 3.1681, 3.1415, 0.0077,-0.0021, 0.7165
-0.0040,-0.1500, 3.1681, 3.1415, 0.0197,-0.0004, 1.4185
-0.0036,-0.1500, 3.1681, 3.1415, 0.0342,-0.0000, 2.3825
-0.0033,-0.1500, 3.1715, 3.1415, 0.0311, 0.2659,-4.6799
-0.0032,-0.1500, 3.1715, 3.1415, 0.0122, 0.0531,-3.2579
-0.0033,-0.1500, 3.1715, 3.1415,-0.0036, 0.0106,-1.6879
-0.0036,-0.1500, 3.1715, 3.1415,-0.0249, 0.0021,-2.5987
-0.0040,-0.1500, 3.1681, 3.1415,-0.0353,-0.2655, 4.6799
-0.0042,-0.1500, 3.1681, 3.1415,-0.0252,-0.0531, 1.6704
-0.0042,-0.1500, 3.1681, 3.1415,-0.0050,-0.0106, 0.3875
-0.0040,-0.1500, 3.1681, 3.1415, 0.0111,-0.0021, 0.9455
-0.0037,-0.1500, 3.1681, 3.1415, 0.0264,-0.0004, 1.8776
-0.0035,-0.1500, 3.1681, 3.1415, 0.0234,-0.0000, 1.6689
-0.0031,-0.1500, 3.1715, 3.1415, 0.0350, 0.2659,-4.6799
-0.0030,-0.1500, 3.1715, 3.1415, 0.0191, 0.0531,-2.7911
-0.0031,-0.1500, 3.1715, 3.1415,-0.0022, 0.0106,-1.5855
-0.0033,-0.1500, 3.1715, 3.1415,-0.0186, 0.0021,-2.1619
-0.0037,-0.1500, 3.1715, 3.1415,-0.0340, 0.0004,-3.1007
-0.0043,-0.1500, 3.1681, 3.1415,-0.0553,-0.2658, 4.6799
-0.0046,-0.1500, 3.1681, 3.1415,-0.0413,-0.0531, 0.5788
-0.0046,-0.1500, 3.1681, 3.1415,-0.0082,-0.0106, 0.1510
-0.0046,-0.1500, 3.1681, 3.1415, 0.0044,-0.0021, 0.4727
-0.0044,-0.1500, 3.1681, 3.1415, 0.0130,-0.0004, 0.9473
-0.0042,-0.1500, 3.1681, 3.1415, 0.0207,-0.0000, 1.4556
-0.0040,-0.1500, 3.1681, 3.1415, 0.0223,-0.0000, 1.5663
-0.0037,-0.1500, 3.1715, 3.1415, 0.0287, 0.2659,-4.6799
-0.0036,-0.1500, 3.1715, 3.1415, 0.0118, 0.0531,-3.3087
-0.0037,-0.1500, 3.1715, 3.1415,-0.0097, 0.0106,-2.1205
-0.0040,-0.1500, 3.1715, 3.1415,-0.0201, 0.0021,-2.2962
-0.0043,-0.1500, 3.1715, 3.1415,-0.0343, 0.0004,-3.1549
-0.0050,-0.1500, 3.1681, 3.1415,-0.0614,-0.2658, 4.6799
-0.0055,-0.1500, 3.1681, 3.1415,-0.0486,-0.0531, 0.0521
-0.0056,-0.1500, 3.1681, 3.1415,-0.0157,-0.0106,-0.3948
-0.0056,-0.1500, 3.1681, 3.1415,-0.0031,-0.0021,-0.0800
-0.0058,-0.1500, 3.1681, 3.1415,-0.0188,-0.0004,-1.2388
-0.0060,-0.1500, 3.1681, 3.1415,-0.0219,-0.0000,-1.4796
-0.0062,-0.1500, 3.1681, 3.1415,-0.0225,-0.0000,-1.5369
-0.0067,-0.1500, 3.1648, 3.1415,-0.0408,-0.2659, 4.6799
-0.0069,-0.1500, 3.1648, 3.1415,-0.0263,-0.0531, 2.3679
-0.0069,-0.1500, 3.1648, 3.1415,-0.0052,-0.0106, 1.1400
-0.0066,-0.1500, 3.1648, 3.1415, 0.0231,-0.0021, 2.5234
-0.0062,-0.1500, 3.1681, 3.1415, 0.0349, 0.2655,-4.6799
-0.0062,-0.1500, 3.1681, 3.1415, 0.0130, 0.0531,-2.4471
-0.0062,-0.1500, 3.1681, 3.1415,-0.0034, 0.0106,-0.9219
-0.0064, 0.0000, 3.1681, 3.1415,-0.0128, 0.0021,-4.6799
-0.0068, 0.0000, 3.1681, 3.1415,-0.0328, 0.0004,-4.6799
-0.0074, 0.0000, 3.1681, 3.1415,-0.0550, 0.0000,-4.6799
-0.0081, 0.0000, 3.1681, 3.1415,-0.0716, 0.0000,-4.6799
-0.0090, 0.0000, 3.1648, 3.1415,-0.0870,-0.2659, 3.8787
-0.0097, 0.0000, 3.1615, 3.1415,-0.0719,-0.3191, 4.6799
-0.0102, 0.0000, 3.1615, 3.1415,-0.0507,-0.0638,-4.6799
-0.0106, 0.0000, 3.1615, 3.1415,-0.0465,-0.0127,-4.6799
-0.0110, 0.0000, 3.1582, 3.1415,-0.0396,-0.2685, 4.6799
-0.0111, 0.0000, 3.1582, 3.1415,-0.0139,-0.0537,-2.6799
-0.0113, 0.0000, 3.1582, 3.1415,-0.0209,-0.0107,-4.6799
-0.0116, 0.0000, 3.1582, 3.1415,-0.0284,-0.0021,-4.6799
-0.0121, 0.0000, 3.1582, 3.1415,-0.0420,-0.0004,-4.6799
-0.0126, 0.0000, 3.1582, 3.1415,-0.0508,-0.0000,-4.6799
-0.0132, 0.0000, 3.1548, 3.1415,-0.0586,-0.2659, 4.6799
-0.0137, 0.0000, 3.1515, 3.1415,-0.0541,-0.3191, 4.6799
-0.0139, 0.0000, 3.1515, 3.1415,-0.0229,-0.0638,-0.9856
-0.0140, 0.0000, 3.1515, 3.1415,-0.0106,-0.0127,-3.3284
-0.0140, 0.0000, 3.1548, 3.1415,-0.0021, 0.2634,-4.6799
-0.0143, 0.0000, 3.1548, 3.1415,-0.0246, 0.0526,-4.6799
-0.0147, 0.0000, 3.1515, 3.1415,-0.0413,-0.2554, 4.6799
-0.0150, 0.0000, 3.1515, 3.1415,-0.0264,-0.0510,-2.0592
-0.0153, 0.0000, 3.1515, 3.1415,-0.0295,-0.0102,-4.6799
-0.0157, 0.0000, 3.1515, 3.1415,-0.0422,-0.0020,-4.6799
-0.0162, 0.0000, 3.1482, 3.1415,-0.0509,-0.2663, 4.6799
-0.0165, 0.0000, 3.1482, 3.1415,-0.0283,-0.0532,-1.2245
-0.0169, 0.0000, 3.1449, 3.1415,-0.0359,-0.2766, 4.6799
-0.0169, 0.0000, 3.1449, 3.1415,-0.0132,-0.0553, 0.7873
-0.0169, 0.0000, 3.1449, 3.1415, 0.0034,-0.0110,-0.8363
-0.0168, 0.0000, 3.1449, 3.1415, 0.0067,-0.0022,-1.1580
-0.0168, 0.0000, 3.1449, 3.1415, 0.0013,-0.0004,-1.6266
-0.0170, 0.0000, 3.1449, 3.1415,-0.0179,-0.0000,-2.9420
-0.0174, 0.0000, 3.1449, 3.1415,-0.0339,-0.0000,-4.0287
-0.0178, 0.0000, 3.1415, 3.1415,-0.0431,-0.2659, 4.6799
-0.0181, 0.0000, 3.1382, 3.1415,-0.0328,-0.3191, 4.6799
-0.0181, 0.0000, 3.1382, 3.1415,-0.0065,-0.0638, 3.5026
-0.0178, 0.0000, 3.1382, 3.1415, 0.0229,-0.0127, 2.3240
-0.0175, 0.0000, 3.1415, 3.1415, 0.0349, 0.2634,-4.6799
-0.0172, 0.0000, 3.1415, 3.1415, 0.0251, 0.0526,-2.4469
-0.0172, 0.0000, 3.1415, 3.1415, 0.0050, 0.0105,-1.1806
-0.0175, 0.0000, 3.1382, 3.1415,-0.0171,-0.2638, 4.6799
-0.0175, 0.0000, 3.1382, 3.1415,-0.0034,-0.0527, 3.0618
-0.0173, 0.0000, 3.1382, 3.1415, 0.0114,-0.0105, 1.4486
-0.0170, 0.0000, 3.1382, 3.1415, 0.0265,-0.0021, 1.9465
-0.0166, 0.0000, 3.1382, 3.1415, 0.0356,-0.0004, 2.4655
-0.0160, 0.0000, 3.1382, 3.1415, 0.0556,-0.0000, 3.8061
-0.0153, 0.0000, 3.1382, 3.1415, 0.0717,-0.0000, 4.6799
-0.0144, 0.0000, 3.1415, 3.1415, 0.0871, 0.2659,-4.6799
-0.0137, 0.0000, 3.1415, 3.1415, 0.0719, 0.0531, 0.8151
-0.0128, 0.0000, 3.1415, 3.1415, 0.0810, 0.0106, 4.0939
-0.0120, 0.0000, 3.1449, 3.1415, 0.0829, 0.2680,-4.6799
-0.0114, 0.0000, 3.1449, 3.1415, 0.0650, 0.0536,-0.4588
-0.0111, 0.0000, 3.1449, 3.1415, 0.0372, 0.0107, 0.3574
-0.0108, 0.0000, 3.1449, 3.1415, 0.0317, 0.0021, 0.5328
-0.0105, 0.0000, 3.1449, 3.1415, 0.0305, 0.0004, 0.5800
-0.0100, 0.0000, 3.1415, 3.1415, 0.0424,-0.2658, 4.6799
-0.0097, 0.0000, 3.1415, 3.1415, 0.0388,-0.0531, 4.6799
-0.0090, 0.0000, 3.1415, 3.1415, 0.0562,-0.0106, 3.9470
-0.0081, 0.0000, 3.1415, 3.1415, 0.0840,-0.0021, 4.6799
-0.0070, 0.0000, 3.1449, 3.1415, 0.1077, 0.2654,-4.6799
-0.0062, 0.0000, 3.1449, 3.1415, 0.0821, 0.0530, 0.9678
-0.0053, 0.0000, 3.1482, 3.1415, 0.0891, 0.2765,-4.6799
-0.0047, 0.0000, 3.1482, 3.1415, 0.0663, 0.0553,-1.0499
-0.0043, 0.0000, 3.1482, 3.1415, 0.0435, 0.0110, 0.1911
-0.0042, 0.0000, 3.1449, 3.1415, 0.0208,-0.2637, 4.6799
-0.0040, 0.0000, 3.1415, 3.1415, 0.0162,-0.3186, 4.6799
-0.0036, 0.0000, 3.1415, 3.1415, 0.0396,-0.0637, 4.6799
-0.0030, 0.0000, 3.1415, 3.1415, 0.0564,-0.0127, 4.3918
-0.0024, 0.0000, 3.1415, 3.1415, 0.0597,-0.0025, 4.0150
-0.0017, 0.0000, 3.1415, 3.1415, 0.0665,-0.0005, 4.3712
-0.0007, 0.0000, 3.1415, 3.1415, 0.0921,-0.0001, 0.0000
 0.0001, 0.0000, 3.1415, 3.1415, 0.0911,-0.0000, 0.0000
 0.0009, 0.0000, 3.1415, 3.1415, 0.0788,-0.0000, 0.0000
 0.0015, 0.0000, 3.1415, 3.1415, 0.0703,-0.0000, 4.6799
 0.0022, 0.0000, 3.1382, 3.1415, 0.0686,-0.2659, 4.6799
 0.0031, 0.0000, 3.1382, 3.1415, 0.0804,-0.0531, 4.6799
 0.0040, 0.0000, 3.1382, 3.1415, 0.0888,-0.0106, 4.6799
 0.0051, 0.0000, 3.1382, 3.1415, 0.1087,-0.0021, 4.6799
 0.0065, 0.0000, 3.1415, 3.1415, 0.1308, 0.2655,-4.6799
 0.0078, 0.0000, 3.1415, 3.1415, 0.1292, 0.0531, 4.6799
 0.0091, 0.0000, 3.1415, 3.1415, 0.1349, 0.0106, 4.6799
 0.0105, 0.0000, 3.1449, 3.1415, 0.1361, 0.2680,-4.6799
 0.0117, 0.0000, 3.1449, 3.1415, 0.1242, 0.0536, 4.6367
 0.0131, 0.0000, 3.1449, 3.1415, 0.1339, 0.0107, 4.6799
 0.0144, 0.0000, 3.1449, 3.1415, 0.1359, 0.0021, 4.6799
 0.0158, 0.0000, 3.1482, 3.1415, 0.1363, 0.2663,-4.6799
 0.0170, 0.0000, 3.1482, 3.1415, 0.1242, 0.0532, 4.0223
 0.0183, 0.0000, 3.1482, 3.1415, 0.1279, 0.0106, 4.6799
 0.0195, 0.0000, 3.1482, 3.1415, 0.1226, 0.0021, 4.6799
 0.0209, 0.0000, 3.1482, 3.1415, 0.1397, 0.0004, 4.6799
 0.0225, 0.0000, 3.1515, 3.1415, 0.1552, 0.2660,-4.6799
 0.0237, 0.0000, 3.1515, 3.1415, 0.1280, 0.0532, 3.7134
 0.0252, 0.0000, 3.1515, 3.1415, 0.1408, 0.0106, 4.6799
 0.0269, 0.0000, 3.1548, 3.1415, 0.1615, 0.2680,-4.6799
 0.0280, 0.0000, 3.1548, 3.1415, 0.1232, 0.0536, 2.6778
 0.0292, 0.0000, 3.1548, 3.1415, 0.1216, 0.0107, 4.6799
 0.0307, 0.0000, 3.1548, 3.1415, 0.1456, 0.0021, 4.6799
 0.0321, 0.0000, 3.1548, 3.1415, 0.1382, 0.0004, 4.6799
 0.0337, 0.0000, 3.1582, 3.1415, 0.1549, 0.2660,-4.6799
 0.0349, 0.0000, 3.1582, 3.1415, 0.1280, 0.0532, 2.4612
 0.0363, 0.0000, 3.1582, 3.1415, 0.1347, 0.0106, 4.6799
 0.0378, 0.0000, 3.1582, 3.1415, 0.1542, 0.0021, 4.6799
 0.0392, 0.0000, 3.1582, 3.1415, 0.1399, 0.0004, 4.6799
 0.0407, 0.0000, 3.1615, 3.1415, 0.1432, 0.2660,-4.6799
 0.0419, 0.0000, 3.1615, 3.1415, 0.1317, 0.0532, 2.1578
 0.0434, 0.0000, 3.1615, 3.1415, 0.1415, 0.0106, 4.6799
 0.0450, 0.0000, 3.1615, 3.1415, 0.1556, 0.0021, 4.6799
 0.0466, 0.0000, 3.1648, 3.1415, 0.1645, 0.2663,-4.6799
 0.0478, 0.0000, 3.1648, 3.1415, 0.1238, 0.0532, 1.0198
 0.0494, 0.0000, 3.1648, 3.1415, 0.1521, 0.0106, 4.6799
 0.0510, 0.0000, 3.1681, 3.1415, 0.1638, 0.2680,-4.6799
 0.0521, 0.0000, 3.1681, 3.1415, 0.1176, 0.0536,-0.1009
 0.0530, 0.0000, 3.1681, 3.1415, 0.0962, 0.0107, 1.1758
 0.0538, 0.0000, 3.1648, 3.1415, 0.0859,-0.2638, 4.6799
 0.0547, 0.0000, 3.1648, 3.1415, 0.0838,-0.0527, 4.6799
 0.0559, 0.0000, 3.1648, 3.1415, 0.1137,-0.0105, 4.6799
 0.0567, 0.0000, 3.1615, 3.1415, 0.0894,-0.2680, 4.6799
 0.0577, 0.0000, 3.1615, 3.1415, 0.0967,-0.0536, 4.6799
 0.0594, 0.0000, 3.1615, 3.1415, 0.1588,-0.0107, 4.6799
 0.0612, 0.0000, 3.1648, 3.1415, 0.1712, 0.2637,-4.6799
 0.0622, 0.0000, 3.1648, 3.1415, 0.1130, 0.0527, 1.0538
 0.0638, 0.0000, 3.1648, 3.1415, 0.1560, 0.0105, 4.6799
 0.0653, 0.0000, 3.1681, 3.1415, 0.1464, 0.2680,-4.6799
 0.0663, 0.0000, 3.1681, 3.1415, 0.1141, 0.0536, 0.3800
 0.0679, 0.0000, 3.1681, 3.1415, 0.1441, 0.0107, 4.6799
 0.0687, 0.0000, 3.1681, 3.1415, 0.0955, 0.0021, 2.4393
 0.0701, 0.0000, 3.1681, 3.1415, 0.1282, 0.0004, 4.6799
 0.0718, 0.0000, 3.1681, 3.1415, 0.1651, 0.0000, 4.6799
 0.0729, 0.0000, 3.1681, 3.1415, 0.1239, 0.0000, 4.6765
 0.0745, 0.0000, 3.1715, 3.1415, 0.1460, 0.2659,-4.6799
 0.0760, 0.0000, 3.1715, 3.1415, 0.1565, 0.0531, 2.8084
 0.0774, 0.0000, 3.1748, 3.1415, 0.1404, 0.2765,-4.6799
 0.0785, 0.0000, 3.1748, 3.1415, 0.1129, 0.0553,-1.0035
 0.0792, 0.0000, 3.1715, 3.1415, 0.0771,-0.2548, 4.6799
 0.0798, 0.0000, 3.1715, 3.1415, 0.0639,-0.0509, 3.2741
 0.0807, 0.0000, 3.1715, 3.1415, 0.0916,-0.0101, 2.6425
 0.0817, 0.0000, 3.1681, 3.1415, 0.0910,-0.2679, 4.6799
 0.0826, 0.0000, 3.1681, 3.1415, 0.0909,-0.0535, 4.6799
 0.0840, 0.0000, 3.1681, 3.1415, 0.1333,-0.0107, 4.6799
 0.0857, 0.0000, 3.1715, 3.1415, 0.1661, 0.2637,-4.6799
 0.0868, 0.0000, 3.1715, 3.1415, 0.1181, 0.0527, 0.8161
 0.0883, 0.0000, 3.1715, 3.1415, 0.1448, 0.0105, 4.6799
 0.0897, 0.0000, 3.1748, 3.1415, 0.1381, 0.2680,-4.6799
 0.0906, 0.0000, 3.1748, 3.1415, 0.1003, 0.0536,-1.1296
 0.0917, 0.0000, 3.1748, 3.1415, 0.1110, 0.0107, 2.2877
 0.0923, 0.0000, 3.1748, 3.1415, 0.0646, 0.0021,-0.2412
 0.0926, 0.0000, 3.1715, 3.1415, 0.0432,-0.2655, 4.6799
 0.0936, 0.0000, 3.1715, 3.1415, 0.0814,-0.0531, 4.6799
 0.0939, 0.0000, 3.1681, 3.1415, 0.0465,-0.2765, 4.6799
 0.0945, 0.0000, 3.1681, 3.1415, 0.0578,-0.0553, 4.6799
 0.0956, 0.0000, 3.1681, 3.1415, 0.0964,-0.0110, 4.6636
 0.0966, 0.0000, 3.1681, 3.1415, 0.0981,-0.0022, 4.2762
 0.0976, 0.0000, 3.1681, 3.1415, 0.1045,-0.0004, 4.6453
 0.0991, 0.0000, 3.1681, 3.1415, 0.1361,-0.0000, 4.6799
 0.1007, 0.0000, 3.1681, 3.1415, 0.1545,-0.0000, 4.6799
 0.1023, 0.0000, 3.1715, 3.1415, 0.1582, 0.2659,-4.6799
 0.1039, 0.0000, 3.1748, 3.1415, 0.1589, 0.3191,-4.6799
 0.1051, 0.0000, 3.1748, 3.1415, 0.1348, 0.0638, 1.2610
 0.1063, 0.0000, 3.1781, 3.1415, 0.1179, 0.2787,-4.6799
 0.1073, 0.0000, 3.1781, 3.1415, 0.1024, 0.0557,-1.1956
 0.1079, 0.0000, 3.1781, 3.1415, 0.0689, 0.0111,-0.6313
 0.1082, 0.0000, 3.1748, 3.1415, 0.0380,-0.2637, 4.6799
 0.1086, 0.0000, 3.1715, 3.1415, 0.0379,-0.3187, 4.6799
 0.1089, 0.0000, 3.1715, 3.1415, 0.0379,-0.0637, 3.7897
 0.1093, 0.0000, 3.1681, 3.1415, 0.0378,-0.2786, 4.6799
 0.1100, 0.0000, 3.1681, 3.1415, 0.0621,-0.0557, 4.6799
 0.1108, 0.0000, 3.1681, 3.1415, 0.0791,-0.0111, 4.2777
 0.1119, 0.0000, 3.1681, 3.1415, 0.1007,-0.0022, 4.6799
 0.1130, 0.0000, 3.1681, 3.1415, 0.1050,-0.0004, 4.6799
 0.1142, 0.0000, 3.1681, 3.1415, 0.1240,-0.0000, 4.6799
 0.1156, 0.0000, 3.1715, 3.1415, 0.1339, 0.2659,-4.6799
 0.1167, 0.0000, 3.1715, 3.1415, 0.1116, 0.0531, 1.8546
 0.1180, 0.0000, 3.1748, 3.1415, 0.1254, 0.2765,-4.6799
 0.1187, 0.0000, 3.1748, 3.1415, 0.0857, 0.0553,-0.8051
 0.1192, 0.0000, 3.1748, 3.1415, 0.0535, 0.0110,-0.1878
 0.1195, 0.0000, 3.1715, 3.1415, 0.0410,-0.2637, 4.6799
 0.1197, 0.0000, 3.1681, 3.1415, 0.0203,-0.3186, 4.6799
 0.1199, 0.0000, 3.1681, 3.1415, 0.0222,-0.0637, 4.2005
 0.1205, 0.0000, 3.1681, 3.1415, 0.0468,-0.0127, 2.7132
 0.1212, 0.0000, 3.1681, 3.1415, 0.0700,-0.0025, 3.6587
 0.1221, 0.0000, 3.1681, 3.1415, 0.0867,-0.0005, 4.6799
 0.1232, 0.0000, 3.1681, 3.1415, 0.1022,-0.0001, 4.6799
 0.1246, 0.0000, 3.1681, 3.1415, 0.1295,-0.0000, 4.6799
 0.1261, 0.0000, 3.1715, 3.1415, 0.1471, 0.2659,-4.6799
 0.1273, 0.0000, 3.1748, 3.1415, 0.1264, 0.3191,-4.6799
 0.1283, 0.0000, 3.1748, 3.1415, 0.1101, 0.0638, 0.7774
 0.1294, 0.0000, 3.1748, 3.1415, 0.1069, 0.0127, 3.7717
 0.1301, 0.0000, 3.1781, 3.1415, 0.0759, 0.2685,-4.6799
 0.1307, 0.0000, 3.1781, 3.1415, 0.0636, 0.0537,-2.4742
 0.1311, 0.0000, 3.1781, 3.1415, 0.0491, 0.0107,-0.7647
 0.1311, 0.0000, 3.1748, 3.1415, 0.0098,-0.2638, 4.6799
 0.1313, 0.0000, 3.1715, 3.1415, 0.0140,-0.3187, 4.6799
 0.1314, 0.0000, 3.1715, 3.1415, 0.0149,-0.0637, 3.3878
 0.1317, 0.0000, 3.1681, 3.1415, 0.0211,-0.2786, 4.6799
 0.1320, 0.0000, 3.1681, 3.1415, 0.0284,-0.0557, 4.6799
 0.1327, 0.0000, 3.1681, 3.1415, 0.0663,-0.0111, 4.5215
 0.1336, 0.0000, 3.1681, 3.1415, 0.0799,-0.0022, 4.6799
 0.1343, 0.0000, 3.1681, 3.1415, 0.0705,-0.0004, 4.2171
 0.1352, 0.0000, 3.1715, 3.1415, 0.0868, 0.2658,-4.6799
 0.1360, 0.0000, 3.1715, 3.1415, 0.0840, 0.0531, 0.9848
 0.1369, 0.0000, 3.1715, 3.1415, 0.0895, 0.0106, 4.0270
 0.1377, 0.0000, 3.1715, 3.1415, 0.0785, 0.0021, 3.8573
 0.1387, 0.0000, 3.1748, 3.1415, 0.1005, 0.2663,-4.6799
 0.1393, 0.0000, 3.1748, 3.1415, 0.0686, 0.0532,-0.7853
 0.1399, 0.0000, 3.1748, 3.1415, 0.0561, 0.0106, 1.0480
 0.1404, 0.0000, 3.1748, 3.1415, 0.0536, 0.0021, 1.4359
 0.1408, 0.0000, 3.1748, 3.1415, 0.0410, 0.0004, 0.7201
 0.1412, 0.0000, 3.1748, 3.1415, 0.0385, 0.0000, 0.5922
 0.1418, 0.0000, 3.1748, 3.1415, 0.0562, 0.0000, 1.8035
 0.1425, 0.0000, 3.1748, 3.1415, 0.0718, 0.0000, 2.8846
 0.1432, 0.0000, 3.1748, 3.1415, 0.0689, 0.0000, 2.7237
 0.1440, 0.0000, 3.1748, 3.1415, 0.0744, 0.0000, 3.1262
 0.1450, 0.0000, 3.1781, 3.1415, 0.0997, 0.2659,-4.6799
 0.1458, 0.0000, 3.1814, 3.1415, 0.0805, 0.3191,-4.6799
 0.1462, 0.0000, 3.1814, 3.1415, 0.0524, 0.0638,-3.9715
 0.1465, 0.0000, 3.1814, 3.1415, 0.0286, 0.0127,-2.3865
 0.1462, 0.0000, 3.1781, 3.1415,-0.0185,-0.2634, 4.6799
 0.1462, 0.0000, 3.1748, 3.1415,-0.0037,-0.3186, 4.6799
 0.1465, 0.0000, 3.1748, 3.1415, 0.0235,-0.0637, 3.8046
 0.1467, 0.0000, 3.1748, 3.1415, 0.0228,-0.0127, 0.6220
 0.1471, 0.0000, 3.1748, 3.1415, 0.0348,-0.0025, 0.8091
 0.1477, 0.0000, 3.1748, 3.1415, 0.0615,-0.0005, 2.4905
 0.1486, 0.0000, 3.1781, 3.1415, 0.0790, 0.2658,-4.6799
 0.1488, 0.0000, 3.1781, 3.1415, 0.0339, 0.0531,-3.5123
 0.1490, 0.0000, 3.1781, 3.1415, 0.0189, 0.0106,-1.8767
 0.1489, 0.0000, 3.1781, 3.1415,-0.0022, 0.0021,-2.7653
 0.1484, 0.0000, 3.1748, 3.1415,-0.0368,-0.2655, 4.6799
 0.1484, 0.0000, 3.1715, 3.1415,-0.0073,-0.3190, 4.6799
 0.1486, 0.0000, 3.1715, 3.1415, 0.0106,-0.0638, 3.9630
 0.1487, 0.0000, 3.1715, 3.1415, 0.0081,-0.0127, 0.6461
 0.1491, 0.0000, 3.1715, 3.1415, 0.0380,-0.0025, 2.0220
 0.1498, 0.0000, 3.1715, 3.1415, 0.0621,-0.0005, 3.5372
 0.1502, 0.0000, 3.1748, 3.1415, 0.0488, 0.2658,-4.6799
 0.1505, 0.0000, 3.1748, 3.1415, 0.0340, 0.0531,-2.5208
 0.1508, 0.0000, 3.1748, 3.1415, 0.0249, 0.0106,-0.4793
 0.1507, 0.0000, 3.1748, 3.1415,-0.0010, 0.0021,-1.6909
 0.1504, 0.0000, 3.1748, 3.1415,-0.0244, 0.0004,-3.1580
 0.1500, 0.0000, 3.1715, 3.1415,-0.0352,-0.2658, 4.6799
 0.1498, 0.0000, 3.1681, 3.1415,-0.0252,-0.3191, 4.6799
 0.1499, 0.0000, 3.1681, 3.1415, 0.0010,-0.0638, 4.2893
 0.1502, 0.0000, 3.1681, 3.1415, 0.0305,-0.0127, 3.1140
 0.1508, 0.0000, 3.1715, 3.1415, 0.0485, 0.2633,-4.6799
 0.1510, 0.0000, 3.1715, 3.1415, 0.0278, 0.0526,-1.9719
 0.1511, 0.0000, 3.1715, 3.1415, 0.0116, 0.0105,-0.4438
 0.1510, 0.0000, 3.1715, 3.1415,-0.0037, 0.0021,-0.9495
 0.1507, 0.0000, 3.1715, 3.1415,-0.0250, 0.0004,-2.2755
 0.1502, 0.0000, 3.1681, 3.1415,-0.0474,-0.2658, 4.6799
 0.1501, 0.0000, 3.1681, 3.1415,-0.0155,-0.0531, 2.5395
 0.1503, 0.0000, 3.1681, 3.1415, 0.0150,-0.0106, 1.9586
 0.1503, 0.0000, 3.1681, 3.1415, 0.0030,-0.0021, 0.6298
 0.1504, 0.0000, 3.1681, 3.1415, 0.0066,-0.0004, 0.7714
 0.1508, 0.0000, 3.1681, 3.1415, 0.0316,-0.0000, 2.4316
 0.1512, 0.0000, 3.1681, 3.1415, 0.0427,-0.0000, 3.1861
 0.1516, 0.0000, 3.1681, 3.1415, 0.0388,-0.0000, 2.9479
 0.1521, 0.0000, 3.1715, 3.1415, 0.0441, 0.2659,-4.6799
 0.1524, 0.0000, 3.1715, 3.1415, 0.0391, 0.0531,-1.1831
 0.1525, 0.0000, 3.1715, 3.1415, 0.0138, 0.0106,-0.2284
 0.1524, 0.0000, 3.1715, 3.1415,-0.0032, 0.0021,-0.8489
 0.1522, 0.0000, 3.1715, 3.1415,-0.0188, 0.0004,-1.7905
 0.1518, 0.0000, 3.1715, 3.1415,-0.0401, 0.0000,-3.2097
 0.1513, 0.0000, 3.1681, 3.1415,-0.0444,-0.2659, 4.6799
 0.1511, 0.0000, 3.1681, 3.1415,-0.0270,-0.0531, 1.8231
 0.1511, 0.0000, 3.1681, 3.1415,-0.0054,-0.0106, 0.6330
 0.1511, 0.0000, 3.1681, 3.1415,-0.0010,-0.0021, 0.3950
 0.1513, 0.0000, 3.1681, 3.1415, 0.0179,-0.0004, 1.5691
 0.1518, 0.0000, 3.1681, 3.1415, 0.0399,-0.0000, 3.0348
 0.1522, 0.0000, 3.1715, 3.1415, 0.0443, 0.2659,-4.6799
 0.1524, 0.0000, 3.1715, 3.1415, 0.0210, 0.0531,-2.3940
 0.1523, 0.0000, 3.1715, 3.1415,-0.0018, 0.0106,-1.2881
 0.1521, 0.0000, 3.1715, 3.1415,-0.0124, 0.0021,-1.4771
 0.1518, 0.0000, 3.1715, 3.1415,-0.0267, 0.0004,-2.3355
 0.1514, 0.0000, 3.1715, 3.1415,-0.0417, 0.0000,-3.3338
 0.1507, 0.0000, 3.1681, 3.1415,-0.0629,-0.2659, 4.6799
 0.1502, 0.0000, 3.1681, 3.1415,-0.0489,-0.0531, 0.3247
 0.1501, 0.0000, 3.1648, 3.1415,-0.0219,-0.2765, 4.6799
 0.1503, 0.0000, 3.1648, 3.1415, 0.0138,-0.0553, 4.6799
 0.1505, 0.0000, 3.1681, 3.1415, 0.0148, 0.2548,-4.6799
 0.1505, 0.0000, 3.1681, 3.1415, 0.0029, 0.0509,-2.6491
 0.1504, 0.0000, 3.1681, 3.1415,-0.0054, 0.0101,-0.6928
 0.1502, 0.0000, 3.1681, 3.1415,-0.0132, 0.0020,-0.7119
 0.1496, 0.0000, 3.1681, 3.1415,-0.0511, 0.0004,-3.1652
 0.1491, 0.0000, 3.1648, 3.1415,-0.0526,-0.2658, 4.6799
 0.1490, 0.0000, 3.1648, 3.1415,-0.0226,-0.0531, 2.9126
 0.1490, 0.0000, 3.1648, 3.1415,-0.0045,-0.0106, 1.4881
 0.1490, 0.0000, 3.1648, 3.1415,-0.0009,-0.0021, 1.2033
 0.1493, 0.0000, 3.1681, 3.1415, 0.0240, 0.2655,-4.6799
 0.1495, 0.0000, 3.1681, 3.1415, 0.0230, 0.0531,-1.4974
 0.1495, 0.0000, 3.1681, 3.1415, 0.0046, 0.0106,-0.0947
 0.1493, 0.0000, 3.1681, 3.1415,-0.0112, 0.0021,-0.6286
 0.1490, 0.0000, 3.1681, 3.1415,-0.0264, 0.0004,-1.5559
 0.1486, 0.0000, 3.1681, 3.1415,-0.0416, 0.0000,-2.5680
 0.1480, 0.0000, 3.1681, 3.1415,-0.0507, 0.0000,-3.1959
 0.1476, 0.0000, 3.1648, 3.1415,-0.0465,-0.2659, 4.6799
 0.1471, 0.0000, 3.1648, 3.1415,-0.0456,-0.0531, 1.2904
 0.1470, 0.0000, 3.1648, 3.1415,-0.0212,-0.0106, 0.2764
 0.1471, 0.0000, 3.1648, 3.1415, 0.0078,-0.0021, 1.6966
 0.1474, 0.0000, 3.1681, 3.1415, 0.0258, 0.2655,-4.6799
 0.1475, 0.0000, 3.1681, 3.1415, 0.0112, 0.0531,-2.3795
 0.1474, 0.0000, 3.1681, 3.1415,-0.0098, 0.0106,-1.1643
 0.1472, 0.0000, 3.1681, 3.1415,-0.0141, 0.0021,-0.9275
 0.1469, 0.0000, 3.1681, 3.1415,-0.0270, 0.0004,-1.7006
 0.1465, 0.0000, 3.1681, 3.1415,-0.0417, 0.0000,-2.6819
 0.1461, 0.0000, 3.1681, 3.1415,-0.0386, 0.0000,-2.4891
 0.1456, 0.0000, 3.1681, 3.1415,-0.0441, 0.0000,-2.8728
 0.1450, 0.0000, 3.1648, 3.1415,-0.0573,-0.2659, 4.6799
 0.1446, 0.0000, 3.1648, 3.1415,-0.0417,-0.0531, 1.4252
 0.1446, 0.0000, 3.1648, 3.1415,-0.0083,-0.0106, 1.0179
 0.1447, 0.0000, 3.1648, 3.1415, 0.0043,-0.0021, 1.3437
 0.1449, 0.0000, 3.1681, 3.1415, 0.0130, 0.2655,-4.6799
 0.1450, 0.0000, 3.1681, 3.1415, 0.0147, 0.0531,-2.2717
 0.1449, 0.0000, 3.1681, 3.1415,-0.0091, 0.0106,-1.2429
 0.1446, 0.0000, 3.1681, 3.1415,-0.0260, 0.0021,-1.8577
 0.1442, 0.0000, 3.1681, 3.1415,-0.0355, 0.0004,-2.4000
 0.1438, 0.0000, 3.1681, 3.1415,-0.0374, 0.0000,-2.5236
 0.1432, 0.0000, 3.1681, 3.1415,-0.0559, 0.0000,-3.7853
 0.1427, 0.0000, 3.1681, 3.1415,-0.0536, 0.0000,-3.6546
 0.1421, 0.0000, 3.1648, 3.1415,-0.0531,-0.2659, 4.6799
 0.1417, 0.0000, 3.1648, 3.1415,-0.0470,-0.0531, 0.9293
 0.1415, 0.0000, 3.1648, 3.1415,-0.0215,-0.0106,-0.0140
 0.1415, 0.0000, 3.1648, 3.1415,-0.0103,-0.0021, 0.1985
 0.1415, 0.0000, 3.1681, 3.1415, 0.0039, 0.2655,-4.6799
 0.1415, 0.0000, 3.1681, 3.1415, 0.0007, 0.0531,-3.3729
 0.1413, 0.0000, 3.1681, 3.1415,-0.0180, 0.0106,-2.0098
 0.1409, 0.0000, 3.1681, 3.1415,-0.0339, 0.0021,-2.5608
 0.1405, 0.0000, 3.1681, 3.1415,-0.0431, 0.0004,-3.0934
 0.1399, 0.0000, 3.1681, 3.1415,-0.0510, 0.0000,-3.6253
 0.1392, 0.0000, 3.1681, 3.1415,-0.0708, 0.0000,-4.6799
 0.1383, 0.0000, 3.1648, 3.1415,-0.0869,-0.2659, 4.6799
 0.1377, 0.0000, 3.1615, 3.1415,-0.0658,-0.3191, 4.6799
 0.1374, 0.0000, 3.1615, 3.1415,-0.0313,-0.0638, 3.3183
 0.1375, 0.0000, 3.1615, 3.1415,-0.0002,-0.0127, 2.2378
 0.1378, 0.0000, 3.1648, 3.1415, 0.0242, 0.2633,-4.6799
 0.1378, 0.0000, 3.1681, 3.1415, 0.0048, 0.3186,-4.6799
 0.1377, 0.0000, 3.1681, 3.1415,-0.0111, 0.0637,-4.6799
 0.1374, 0.0000, 3.1681, 3.1415,-0.0264, 0.0127,-2.9008
 0.1367, 0.0000, 3.1681, 3.1415,-0.0598, 0.0025,-4.5256
 0.1358, 0.0000, 3.1681, 3.1415,-0.0786, 0.0005,-4.6799
 0.1349, 0.0000, 3.1648, 3.1415,-0.0945,-0.2658, 4.6799
 0.1341, 0.0000, 3.1615, 3.1415,-0.0795,-0.3191, 4.6799
 0.1338, 0.0000, 3.1615, 3.1415,-0.0401,-0.0638, 2.5511
 0.1336, 0.0000, 3.1615, 3.1415,-0.0262,-0.0127, 0.3098
 0.1336, 0.0000, 3.1648, 3.1415, 0.0008, 0.2633,-4.6799
 0.1336, 0.0000, 3.1648, 3.1415, 0.0001, 0.0526,-2.8800
 0.1335, 0.0000, 3.1648, 3.1415,-0.0120, 0.0105,-1.0972
 0.1332, 0.0000, 3.1648, 3.1415,-0.0266, 0.0021,-1.5612
 0.1328, 0.0000, 3.1648, 3.1415,-0.0356, 0.0004,-2.0734
 0.1322, 0.0000, 3.1648, 3.1415,-0.0556, 0.0000,-3.4127
 0.1316, 0.0000, 3.1648, 3.1415,-0.0596, 0.0000,-3.7048
 0.1308, 0.0000, 3.1648, 3.1415,-0.0786, 0.0000,-4.6799
 0.1297, 0.0000, 3.1615, 3.1415,-0.1006,-0.2659, 4.6799
 0.1290, 0.0000, 3.1615, 3.1415,-0.0746,-0.0531,-0.6428
 0.1281, 0.0000, 3.1582, 3.1415,-0.0876,-0.2765, 4.6799
 0.1277, 0.0000, 3.1582, 3.1415,-0.0539,-0.0553, 1.7055
 0.1274, 0.0000, 3.1582, 3.1415,-0.0289,-0.0110, 0.6173
 0.1275, 0.0000, 3.1582, 3.1415, 0.0002,-0.0022, 2.0195
 0.1277, 0.0000, 3.1615, 3.1415, 0.0182, 0.2655,-4.6799
 0.1277, 0.0000, 3.1615, 3.1415, 0.0036, 0.0531,-2.0675
 0.1276, 0.0000, 3.1648, 3.1415,-0.0113, 0.2765,-4.6799
 0.1274, 0.0000, 3.1648, 3.1415,-0.0204, 0.0553,-4.6799
 0.1269, 0.0000, 3.1648, 3.1415,-0.0404, 0.0110,-3.3479
 0.1264, 0.0000, 3.1648, 3.1415,-0.0505, 0.0022,-3.4968
 0.1258, 0.0000, 3.1648, 3.1415,-0.0586, 0.0004,-3.9550
 0.1249, 0.0000, 3.1615, 3.1415,-0.0784,-0.2658, 4.6799
 0.1244, 0.0000, 3.1615, 3.1415,-0.0581,-0.0531, 0.2270
 0.1242, 0.0000, 3.1615, 3.1415,-0.0298,-0.0106,-0.5308
 0.1239, 0.0000, 3.1615, 3.1415,-0.0302,-0.0021,-1.0987
 0.1236, 0.0000, 3.1615, 3.1415,-0.0242,-0.0004,-0.8172
 0.1236, 0.0000, 3.1615, 3.1415,-0.0109,-0.0000, 0.0444
 0.1236, 0.0000, 3.1648, 3.1415,-0.0021, 0.2659,-4.6799
 0.1233, 0.0000, 3.1648, 3.1415,-0.0186, 0.0531,-4.6771
 0.1231, 0.0000, 3.1648, 3.1415,-0.0219, 0.0106,-2.2762
 0.1228, 0.0000, 3.1648, 3.1415,-0.0286, 0.0021,-2.2123
 0.1224, 0.0000, 3.1648, 3.1415,-0.0421, 0.0004,-3.0262
 0.1219, 0.0000, 3.1648, 3.1415,-0.0448, 0.0000,-3.2071
 0.1213, 0.0000, 3.1648, 3.1415,-0.0574, 0.0000,-4.0760
 0.1205, 0.0000, 3.1648, 3.1415,-0.0781, 0.0000,-4.6799
 0.1196, 0.0000, 3.1648, 3.1415,-0.0823, 0.0000,-4.6799
 0.1185, 0.0000, 3.1615, 3.1415,-0.1074,-0.2659, 4.6799
 0.1175, 0.0000, 3.1582, 3.1415,-0.1003,-0.3191, 4.6799
 0.1169, 0.0000, 3.1582, 3.1415,-0.0685,-0.0638, 0.7189
 0.1168, 0.0000, 3.1582, 3.1415,-0.0197,-0.0127, 0.8040
 0.1168, 0.0000, 3.1582, 3.1415,-0.0039,-0.0025, 1.2252
 0.1168, 0.0000, 3.1615, 3.1415,-0.0007, 0.2654,-4.6799
 0.1168, 0.0000, 3.1615, 3.1415,-0.0001, 0.0530,-2.8657
 0.1166, 0.0000, 3.1648, 3.1415,-0.0182, 0.2765,-4.6799
 0.1161, 0.0000, 3.1648, 3.1415,-0.0400, 0.0553,-4.6799
 0.1155, 0.0000, 3.1648, 3.1415,-0.0565, 0.0110,-4.6799
 0.1146, 0.0000, 3.1615, 3.1415,-0.0840,-0.2637, 4.6799
 0.1139, 0.0000, 3.1582, 3.1415,-0.0713,-0.3187, 4.6799
 0.1136, 0.0000, 3.1582, 3.1415,-0.0445,-0.0637, 2.1420
 0.1135, 0.0000, 3.1582, 3.1415,-0.0149,-0.0127, 0.9551
 0.1136, 0.0000, 3.1615, 3.1415, 0.0030, 0.2634,-4.6799
 0.1136, 0.0000, 3.1648, 3.1415, 0.0006, 0.3186,-4.6799
 0.1134, 0.0000, 3.1648, 3.1415,-0.0120, 0.0637,-4.6799
 0.1130, 0.0000, 3.1648, 3.1415,-0.0387, 0.0127,-4.0366
 0.1122, 0.0000, 3.1648, 3.1415,-0.0683, 0.0025,-4.6799
 0.1113, 0.0000, 3.1615, 3.1415,-0.0864,-0.2654, 4.6799
 0.1107, 0.0000, 3.1615, 3.1415,-0.0657,-0.0530,-0.9742
 0.1098, 0.0000, 3.1615, 3.1415,-0.0798,-0.0106,-4.5778
 0.1091, 0.0000, 3.1582, 3.1415,-0.0766,-0.2680, 4.6799
 0.1086, 0.0000, 3.1582, 3.1415,-0.0577,-0.0536, 0.3894
 0.1083, 0.0000, 3.1582, 3.1415,-0.0297,-0.0107,-0.4098
 0.1081, 0.0000, 3.1582, 3.1415,-0.0241,-0.0021,-0.5788
 0.1078, 0.0000, 3.1582, 3.1415,-0.0290,-0.0004,-1.0290
 0.1076, 0.0000, 3.1582, 3.1415,-0.0240,-0.0000,-0.7239
 0.1073, 0.0000, 3.1582, 3.1415,-0.0229,-0.0000,-0.6719
 0.1070, 0.0000, 3.1582, 3.1415,-0.0288,-0.0000,-1.0779
 0.1067, 0.0000, 3.1582, 3.1415,-0.0300,-0.0000,-1.1712
 0.1062, 0.0000, 3.1582, 3.1415,-0.0484,-0.0000,-2.4238
 0.1058, 0.0000, 3.1582, 3.1415,-0.0460,-0.0000,-2.2882
 0.1053, 0.0000, 3.1582, 3.1415,-0.0455,-0.0000,-2.2793
 0.1047, 0.0000, 3.1582, 3.1415,-0.0576,-0.0000,-3.1102
 0.1039, 0.0000, 3.1582, 3.1415,-0.0782,-0.0000,-4.5224
 0.1032, 0.0000, 3.1548, 3.1415,-0.0702,-0.2659, 4.6799
 0.1028, 0.0000, 3.1548, 3.1415,-0.0443,-0.0531, 1.8697
 0.1025, 0.0000, 3.1548, 3.1415,-0.0331,-0.0106,-0.0293
 0.1022, 0.0000, 3.1548, 3.1415,-0.0308,-0.0021,-0.4213
 0.1020, 0.0000, 3.1548, 3.1415,-0.0183,-0.0004, 0.3026
 0.1022, 0.0000, 3.1582, 3.1415, 0.0084, 0.2658,-4.6799
 0.1020, 0.0000, 3.1582, 3.1415,-0.0104, 0.0531,-3.3910
 0.1017, 0.0000, 3.1582, 3.1415,-0.0324, 0.0106,-2.2412
 0.1012, 0.0000, 3.1582, 3.1415,-0.0428, 0.0021,-2.4336
 0.1006, 0.0000, 3.1582, 3.1415,-0.0570, 0.0004,-3.3048
 0.1000, 0.0000, 3.1548, 3.1415,-0.0599,-0.2658, 4.6799
 0.0995, 0.0000, 3.1548, 3.1415,-0.0483,-0.0531, 1.4392
 0.0993, 0.0000, 3.1548, 3.1415,-0.0278,-0.0106, 0.1614
 0.0993, 0.0000, 3.1548, 3.1415,-0.0055,-0.0021, 1.1184
 0.0996, 0.0000, 3.1582, 3.1415, 0.0231, 0.2655,-4.6799
 0.0998, 0.0000, 3.1582, 3.1415, 0.0167, 0.0531,-1.6914
 0.0995, 0.0000, 3.1582, 3.1415,-0.0209, 0.0106,-1.5849
 0.0992, 0.0000, 3.1615, 3.1415,-0.0284, 0.2680,-4.6799
 0.0988, 0.0000, 3.1615, 3.1415,-0.0360, 0.0536,-4.6799
 0.0979, 0.0000, 3.1582, 3.1415,-0.0799,-0.2552, 4.6799
 0.0974, 0.0000, 3.1548, 3.1415,-0.0523,-0.3170, 4.6799
 0.0973, 0.0000, 3.1548, 3.1415,-0.0165,-0.0634, 4.0795
 0.0973, 0.0000, 3.1548, 3.1415,-0.0033,-0.0126, 1.8232
 0.0975, 0.0000, 3.1582, 3.1415, 0.0114, 0.2634,-4.6799
 0.0976, 0.0000, 3.1615, 3.1415, 0.0144, 0.3186,-4.6799
 0.0976, 0.0000, 3.1615, 3.1415,-0.0031, 0.0637,-4.6799
 0.0971, 0.0000, 3.1615, 3.1415,-0.0370, 0.0127,-3.8086
 0.0965, 0.0000, 3.1615, 3.1415,-0.0559, 0.0025,-4.4656
 0.0955, 0.0000, 3.1582, 3.1415,-0.0900,-0.2654, 4.6799
 0.0949, 0.0000, 3.1548, 3.1415,-0.0665,-0.3190, 4.6799
 0.0946, 0.0000, 3.1548, 3.1415,-0.0375,-0.0638, 2.5698
 0.0946, 0.0000, 3.1548, 3.1415,-0.0075,-0.0127, 1.4122
 0.0946, 0.0000, 3.1582, 3.1415,-0.0015, 0.2634,-4.6799
 0.0946, 0.0000, 3.1582, 3.1415,-0.0003, 0.0526,-3.0576
 0.0946, 0.0000, 3.1582, 3.1415,-0.0000, 0.0105,-0.4354
 0.0943, 0.0000, 3.1582, 3.1415,-0.0242, 0.0021,-1.5399
 0.0938, 0.0000, 3.1582, 3.1415,-0.0472, 0.0004,-2.9947
 0.0931, 0.0000, 3.1582, 3.1415,-0.0640, 0.0000,-4.1213
 0.0923, 0.0000, 3.1548, 3.1415,-0.0734,-0.2659, 4.6799
 0.0919, 0.0000, 3.1515, 3.1415,-0.0510,-0.3191, 4.6799
 0.0918, 0.0000, 3.1515, 3.1415,-0.0162,-0.0638, 4.6799
 0.0919, 0.0000, 3.1515, 3.1415, 0.0028,-0.0127, 2.8652
 0.0920, 0.0000, 3.1548, 3.1415, 0.0126, 0.2634,-4.6799
 0.0922, 0.0000, 3.1548, 3.1415, 0.0146, 0.0526,-1.2805
 0.0923, 0.0000, 3.1548, 3.1415, 0.0089, 0.0105, 0.9523
 0.0922, 0.0000, 3.1548, 3.1415,-0.0042, 0.0021, 0.5874
 0.0923, 0.0000, 3.1582, 3.1415, 0.0052, 0.2663,-4.6799
 0.0922, 0.0000, 3.1582, 3.1415,-0.0050, 0.0532,-3.5298
 0.0920, 0.0000, 3.1582, 3.1415,-0.0191, 0.0106,-1.8485
 0.0916, 0.0000, 3.1582, 3.1415,-0.0341, 0.0021,-2.3359
 0.0911, 0.0000, 3.1548, 3.1415,-0.0492,-0.2655, 4.6799
 0.0909, 0.0000, 3.1548, 3.1415,-0.0219,-0.0531, 2.7585
 0.0909, 0.0000, 3.1548, 3.1415,-0.0043,-0.0106, 1.3013
 0.0910, 0.0000, 3.1548, 3.1415, 0.0051,-0.0021, 1.4172
 0.0914, 0.0000, 3.1548, 3.1415, 0.0313,-0.0004, 3.0723
 0.0919, 0.0000, 3.1582, 3.1415, 0.0487, 0.2658,-4.6799
 0.0921, 0.0000, 3.1582, 3.1415, 0.0279, 0.0531,-1.3345
 0.0920, 0.0000, 3.1615, 3.1415,-0.0004, 0.2765,-4.6799
 0.0919, 0.0000, 3.1615, 3.1415,-0.0122, 0.0553,-4.6799
 0.0914, 0.0000, 3.1582, 3.1415,-0.0388,-0.2548, 4.6799
 0.0912, 0.0000, 3.1582, 3.1415,-0.0259,-0.0509, 1.4751
 0.0914, 0.0000, 3.1582, 3.1415, 0.0069,-0.0101, 1.1492
 0.0914, 0.0000, 3.1582, 3.1415, 0.0074,-0.0020, 0.6828
 0.0914, 0.0000, 3.1582, 3.1415, 0.0014,-0.0004, 0.1853
 0.0918, 0.0000, 3.1582, 3.1415, 0.0306,-0.0000, 2.1221
 0.0922, 0.0000, 3.1615, 3.1415, 0.0364, 0.2659,-4.6799
 0.0923, 0.0000, 3.1615, 3.1415, 0.0133, 0.0531,-3.2007
 0.0922, 0.0000, 3.1615, 3.1415,-0.0033, 0.0106,-1.6873
 0.0920, 0.0000, 3.1615, 3.1415,-0.0128, 0.0021,-1.7949
 0.0916, 0.0000, 3.1615, 3.1415,-0.0389, 0.0004,-3.4515
 0.0911, 0.0000, 3.1582, 3.1415,-0.0502,-0.2658, 4.6799
 0.0908, 0.0000, 3.1582, 3.1415,-0.0282,-0.0531, 1.4401
 0.0907, 0.0000, 3.1582, 3.1415,-0.0117,-0.0106,-0.0946
 0.0907, 0.0000, 3.1582, 3.1415,-0.0084,-0.0021,-0.4046
 0.0906, 0.0000, 3.1582, 3.1415,-0.0077,-0.0004,-0.4696
 0.0905, 0.0000, 3.1582, 3.1415,-0.0076,-0.0000,-0.4857
 0.0902, 0.0000, 3.1582, 3.1415,-0.0257,-0.0000,-1.7137
 0.0900, 0.0000, 3.1548, 3.1415,-0.0233,-0.2659, 4.6799
 0.0900, 0.0000, 3.1548, 3.1415,-0.0046,-0.0531, 3.8703
 0.0901, 0.0000, 3.1548, 3.1415, 0.0051,-0.0106, 1.8946
 0.0903, 0.0000, 3.1548, 3.1415, 0.0192,-0.0021, 2.3170
 0.0909, 0.0000, 3.1582, 3.1415, 0.0523, 0.2655,-4.6799
 0.0912, 0.0000, 3.1582, 3.1415, 0.0347, 0.0531,-0.9240
 0.0911, 0.0000, 3.1582, 3.1415, 0.0008, 0.0106,-0.5523
 0.0911, 0.0000, 3.1582, 3.1415, 0.0001, 0.0021,-0.0738
 0.0909, 0.0000, 3.1582, 3.1415,-0.0181, 0.0004,-1.1998
 0.0904, 0.0000, 3.1582, 3.1415,-0.0460, 0.0000,-3.0631
 0.0901, 0.0000, 3.1548, 3.1415,-0.0334,-0.2659, 4.6799
 0.0898, 0.0000, 3.1548, 3.1415,-0.0248,-0.0531, 2.5174
 0.0898, 0.0000, 3.1548, 3.1415,-0.0049,-0.0106, 1.2107
 0.0899, 0.0000, 3.1548, 3.1415, 0.0050,-0.0021, 1.3566
 0.0902, 0.0000, 3.1548, 3.1415, 0.0252,-0.0004, 2.6105
 0.0907, 0.0000, 3.1548, 3.1415, 0.0474,-0.0000, 4.0952
 0.0914, 0.0000, 3.1582, 3.1415, 0.0640, 0.2659,-4.6799
 0.0918, 0.0000, 3.1582, 3.1415, 0.0431, 0.0531,-0.3393
 0.0920, 0.0000, 3.1582, 3.1415, 0.0268, 0.0106, 1.2178
 0.0923, 0.0000, 3.1582, 3.1415, 0.0235, 0.0021, 1.5383
 0.0925, 0.0000, 3.1582, 3.1415, 0.0229, 0.0004, 1.6115
 0.0927, 0.0000, 3.1615, 3.1415, 0.0227, 0.2660,-4.6799
 0.0926, 0.0000, 3.1615, 3.1415,-0.0015, 0.0532,-4.1718
 0.0925, 0.0000, 3.1615, 3.1415,-0.0124, 0.0106,-2.2737
 0.0923, 0.0000, 3.1582, 3.1415,-0.0206,-0.2638, 4.6799
 0.0922, 0.0000, 3.1582, 3.1415,-0.0101,-0.0527, 2.6833
 0.0923, 0.0000, 3.1582, 3.1415, 0.0040,-0.0105, 1.0230
 0.0924, 0.0000, 3.1582, 3.1415, 0.0129,-0.0021, 1.1012
 0.0927, 0.0000, 3.1582, 3.1415, 0.0268,-0.0004, 1.9374
 0.0932, 0.0000, 3.1582, 3.1415, 0.0478,-0.0000, 3.3385
 0.0939, 0.0000, 3.1582, 3.1415, 0.0580,-0.0000, 4.0472
 0.0944, 0.0000, 3.1615, 3.1415, 0.0540, 0.2659,-4.6799
 0.0948, 0.0000, 3.1648, 3.1415, 0.0411, 0.3191,-4.6799
 0.0951, 0.0000, 3.1648, 3.1415, 0.0324, 0.0638,-3.3481
 0.0950, 0.0000, 3.1648, 3.1415, 0.0004, 0.0127,-2.3267
 0.0945, 0.0000, 3.1615, 3.1415,-0.0423,-0.2633, 4.6799
 0.0942, 0.0000, 3.1582, 3.1415,-0.0266,-0.3186, 4.6799
 0.0943, 0.0000, 3.1582, 3.1415, 0.0007,-0.0637, 4.1945
 0.0945, 0.0000, 3.1582, 3.1415, 0.0183,-0.0127, 2.2246
 0.0949, 0.0000, 3.1582, 3.1415, 0.0339,-0.0025, 2.6542
 0.0954, 0.0000, 3.1615, 3.1415, 0.0492, 0.2654,-4.6799
 0.0958, 0.0000, 3.1615, 3.1415, 0.0341, 0.0530,-1.6396
 0.0958, 0.0000, 3.1615, 3.1415, 0.0068, 0.0106,-0.8284
 0.0956, 0.0000, 3.1615, 3.1415,-0.0107, 0.0021,-1.4807
 0.0953, 0.0000, 3.1582, 3.1415,-0.0264,-0.2655, 4.6799
 0.0951, 0.0000, 3.1582, 3.1415,-0.0174,-0.0531, 2.3725
 0.0952, 0.0000, 3.1582, 3.1415, 0.0025,-0.0106, 1.0790
 0.0954, 0.0000, 3.1582, 3.1415, 0.0187,-0.0021, 1.6379
 0.0957, 0.0000, 3.1582, 3.1415, 0.0219,-0.0004, 1.7587
 0.0961, 0.0000, 3.1582, 3.1415, 0.0347,-0.0000, 2.6065
 0.0965, 0.0000, 3.1582, 3.1415, 0.0433,-0.0000, 3.1985
 0.0970, 0.0000, 3.1582, 3.1415, 0.0511,-0.0000, 3.7423
 0.0977, 0.0000, 3.1615, 3.1415, 0.0647, 0.2659,-4.6799
 0.0982, 0.0000, 3.1615, 3.1415, 0.0493, 0.0531,-0.5107
 0.0984, 0.0000, 3.1615, 3.1415, 0.0280, 0.0106, 0.7160
 0.0986, 0.0000, 3.1615, 3.1415, 0.0238, 0.0021, 0.9705
 0.0987, 0.0000, 3.1615, 3.1415, 0.0108, 0.0004, 0.2160
 0.0989, 0.0000, 3.1615, 3.1415, 0.0203, 0.0000, 0.8826
 0.0992, 0.0000, 3.1615, 3.1415, 0.0222, 0.0000, 1.0250
 0.0995, 0.0000, 3.1615, 3.1415, 0.0347, 0.0000, 1.8771
 0.1001, 0.0000, 3.1615, 3.1415, 0.0493, 0.0000, 2.8772
 0.1007, 0.0000, 3.1648, 3.1415, 0.0583, 0.2659,-4.6799
 0.1011, 0.0000, 3.1648, 3.1415, 0.0419, 0.0531,-1.7578
 0.1011, 0.0000, 3.1648, 3.1415, 0.0144, 0.0106,-0.9546
 0.1011, 0.0000, 3.1648, 3.1415,-0.0031, 0.0021,-1.6055
 0.1008, 0.0000, 3.1648, 3.1415,-0.0188, 0.0004,-2.5531
 0.1004, 0.0000, 3.1615, 3.1415,-0.0401,-0.2658, 4.6799
 0.1003, 0.0000, 3.1582, 3.1415,-0.0140,-0.3191, 4.6799
 0.1004, 0.0000, 3.1582, 3.1415, 0.0032,-0.0638, 4.6710
 0.1008, 0.0000, 3.1582, 3.1415, 0.0370,-0.0127, 3.7842
 0.1014, 0.0000, 3.1582, 3.1415, 0.0498,-0.0025, 4.0323
 0.1020, 0.0000, 3.1615, 3.1415, 0.0645, 0.2654,-4.6799
 0.1026, 0.0000, 3.1648, 3.1415, 0.0553, 0.3190,-4.6799
 0.1029, 0.0000, 3.1648, 3.1415, 0.0353, 0.0638,-2.7673
 0.1029, 0.0000, 3.1648, 3.1415, 0.0070, 0.0127,-1.4910
 0.1026, 0.0000, 3.1648, 3.1415,-0.0167, 0.0025,-2.4575
 0.1023, 0.0000, 3.1615, 3.1415,-0.0276,-0.2654, 4.6799
 0.1023, 0.0000, 3.1582, 3.1415,-0.0055,-0.3190, 4.6799
 0.1025, 0.0000, 3.1582, 3.1415, 0.0110,-0.0638, 4.6799
 0.1028, 0.0000, 3.1582, 3.1415, 0.0264,-0.0127, 3.1791
 0.1034, 0.0000, 3.1615, 3.1415, 0.0537, 0.2634,-4.6799
 0.1038, 0.0000, 3.1615, 3.1415, 0.0410, 0.0526,-0.7485
 0.1040, 0.0000, 3.1615, 3.1415, 0.0264, 0.0105, 0.8928
 0.1043, 0.0000, 3.1615, 3.1415, 0.0295, 0.0021, 1.6374
 0.1046, 0.0000, 3.1615, 3.1415, 0.0301, 0.0004, 1.7985
 0.1050, 0.0000, 3.1615, 3.1415, 0.0363, 0.0000, 2.2501
 0.1055, 0.0000, 3.1615, 3.1415, 0.0436, 0.0000, 2.7628
 0.1061, 0.0000, 3.1648, 3.1415, 0.0632, 0.2659,-4.6799
 0.1065, 0.0000, 3.1648, 3.1415, 0.0429, 0.0531,-1.4195
 0.1067, 0.0000, 3.1648, 3.1415, 0.0267, 0.0106, 0.1457
 0.1069, 0.0000, 3.1648, 3.1415, 0.0174, 0.0021, 0.0606
 0.1070, 0.0000, 3.1648, 3.1415, 0.0156, 0.0004, 0.0497
 0.1073, 0.0000, 3.1648, 3.1415, 0.0213, 0.0000, 0.4608
 0.1075, 0.0000, 3.1648, 3.1415, 0.0224, 0.0000, 0.5521
 0.1078, 0.0000, 3.1648, 3.1415, 0.0287, 0.0000, 0.9867
 0.1082, 0.0000, 3.1648, 3.1415, 0.0360, 0.0000, 1.4930
 0.1086, 0.0000, 3.1681, 3.1415, 0.0435, 0.2659,-4.6799
 0.1089, 0.0000, 3.1681, 3.1415, 0.0269, 0.0531,-3.2741
 0.1089, 0.0000, 3.1681, 3.1415, 0.0053, 0.0106,-2.0750
 0.1087, 0.0000, 3.1681, 3.1415,-0.0110, 0.0021,-2.6496
 0.1085, 0.0000, 3.1648, 3.1415,-0.0204,-0.2655, 4.6799
 0.1083, 0.0000, 3.1648, 3.1415,-0.0162,-0.0531, 1.3066
 0.1084, 0.0000, 3.1648, 3.1415, 0.0028,-0.0106,-0.0507
 0.1085, 0.0000, 3.1648, 3.1415, 0.0066,-0.0021,-0.3191
 0.1084, 0.0000, 3.1615, 3.1415,-0.0047,-0.2663, 4.6799
 0.1086, 0.0000, 3.1615, 3.1415, 0.0111,-0.0532, 4.0531
 0.1088, 0.0000, 3.1615, 3.1415, 0.0204,-0.0106, 2.0442
 0.1091, 0.0000, 3.1615, 3.1415, 0.0283,-0.0021, 2.0587
 0.1095, 0.0000, 3.1615, 3.1415, 0.0359,-0.0004, 2.4810
 0.1100, 0.0000, 3.1648, 3.1415, 0.0496, 0.2658,-4.6799
 0.1104, 0.0000, 3.1648, 3.1415, 0.0402, 0.0531,-1.4070
 0.1104, 0.0000, 3.1648, 3.1415, 0.0080, 0.0106,-0.9188
 0.1104, 0.0000, 3.1648, 3.1415, 0.0016, 0.0021,-0.8212
 0.1102, 0.0000, 3.1648, 3.1415,-0.0118, 0.0004,-1.6161
 0.1099, 0.0000, 3.1615, 3.1415,-0.0266,-0.2658, 4.6799
 0.1098, 0.0000, 3.1615, 3.1415,-0.0113,-0.0531, 2.6096
 0.1100, 0.0000, 3.1615, 3.1415, 0.0098,-0.0106, 1.3998
 0.1100, 0.0000, 3.1615, 3.1415, 0.0019,-0.0021, 0.3494
 0.1102, 0.0000, 3.1615, 3.1415, 0.0185,-0.0004, 1.3610
 0.1107, 0.0000, 3.1615, 3.1415, 0.0400,-0.0000, 2.7941
 0.1111, 0.0000, 3.1615, 3.1415, 0.0383,-0.0000, 2.6918
 0.1114, 0.0000, 3.1615, 3.1415, 0.0379,-0.0000, 2.6864
 0.1120, 0.0000, 3.1648, 3.1415, 0.0561, 0.2659,-4.6799
 0.1124, 0.0000, 3.1648, 3.1415, 0.0415, 0.0531,-1.2197
 0.1123, 0.0000, 3.1648, 3.1415, 0.0022, 0.0106,-1.2068
 0.1123, 0.0000, 3.1648, 3.1415, 0.0004, 0.0021,-0.7999
 0.1120, 0.0000, 3.1615, 3.1415,-0.0241,-0.2655, 4.6799
 0.1119, 0.0000, 3.1615, 3.1415,-0.0169,-0.0531, 2.3369
 0.1120, 0.0000, 3.1615, 3.1415, 0.0087,-0.0106, 1.4271
 0.1122, 0.0000, 3.1615, 3.1415, 0.0138,-0.0021, 1.2512
 0.1122, 0.0000, 3.1615, 3.1415, 0.0027,-0.0004, 0.4076
 0.1124, 0.0000, 3.1615, 3.1415, 0.0187,-0.0000, 1.4606
 0.1127, 0.0000, 3.1615, 3.1415, 0.0280,-0.0000, 2.0875
 0.1129, 0.0000, 3.1615, 3.1415, 0.0177,-0.0000, 1.4105
 0.1132, 0.0000, 3.1615, 3.1415, 0.0277,-0.0000, 2.0957
 0.1137, 0.0000, 3.1615, 3.1415, 0.0480,-0.0000, 3.4666
 0.1141, 0.0000, 3.1615, 3.1415, 0.0399,-0.0000, 2.9475
 0.1145, 0.0000, 3.1648, 3.1415, 0.0383, 0.2659,-4.6799
 0.1148, 0.0000, 3.1648, 3.1415, 0.0319, 0.0531,-1.7426
 0.1149, 0.0000, 3.1648, 3.1415, 0.0124, 0.0106,-0.4029
 0.1147, 0.0000, 3.1648, 3.1415,-0.0096, 0.0021,-1.3536
 0.1145, 0.0000, 3.1615, 3.1415,-0.0140,-0.2655, 4.6799
 0.1145, 0.0000, 3.1615, 3.1415,-0.0088,-0.0531, 3.0037
 0.1145, 0.0000, 3.1615, 3.1415,-0.0017,-0.0106, 0.8490
 0.1146, 0.0000, 3.1615, 3.1415, 0.0117,-0.0021, 1.2326
 0.1149, 0.0000, 3.1615, 3.1415, 0.0266,-0.0004, 2.1299
 0.1152, 0.0000, 3.1615, 3.1415, 0.0295,-0.0000, 2.3214
 0.1157, 0.0000, 3.1615, 3.1415, 0.0422,-0.0000, 3.1864
 0.1161, 0.0000, 3.1615, 3.1415, 0.0448,-0.0000, 3.3775
 0.1168, 0.0000, 3.1648, 3.1415, 0.0635, 0.2659,-4.6799
 0.1172, 0.0000, 3.1648, 3.1415, 0.0430, 0.0531,-0.8820
 0.1173, 0.0000, 3.1648, 3.1415, 0.0146, 0.0106,-0.1337
 0.1172, 0.0000, 3.1648, 3.1415,-0.0031, 0.0021,-0.7955
 0.1170, 0.0000, 3.1648, 3.1415,-0.0188, 0.0004,-1.7454
 0.1166, 0.0000, 3.1615, 3.1415,-0.0340,-0.2658, 4.6799
 0.1165, 0.0000, 3.1615, 3.1415,-0.0128,-0.0531, 2.8438
 0.1166, 0.0000, 3.1615, 3.1415, 0.0034,-0.0106, 1.3061
 0.1167, 0.0000, 3.1615, 3.1415, 0.0067,-0.0021, 1.0017
 0.1168, 0.0000, 3.1615, 3.1415, 0.0134,-0.0004, 1.3510
 0.1173, 0.0000, 3.1615, 3.1415, 0.0390,-0.0000, 3.0559
 0.1177, 0.0000, 3.1615, 3.1415, 0.0381,-0.0000, 3.0079
 0.1181, 0.0000, 3.1615, 3.1415, 0.0440,-0.0000, 3.4207
 0.1189, 0.0000, 3.1648, 3.1415, 0.0694, 0.2659,-4.6799
 0.1193, 0.0000, 3.1648, 3.1415, 0.0502, 0.0531,-0.2940
 0.1195, 0.0000, 3.1648, 3.1415, 0.0221, 0.0106, 0.4759
 0.1197, 0.0000, 3.1648, 3.1415, 0.0226, 0.0021, 1.0432
 0.1199, 0.0000, 3.1648, 3.1415, 0.0166, 0.0004, 0.7585
 0.1199, 0.0000, 3.1648, 3.1415, 0.0033, 0.0000,-0.1067
 0.1199, 0.0000, 3.1648, 3.1415, 0.0067, 0.0000, 0.1274
 0.1202, 0.0000, 3.1648, 3.1415, 0.0195, 0.0000, 0.9917
 0.1202, 0.0000, 3.1648, 3.1415, 0.0099, 0.0000, 0.3592
 0.1203, 0.0000, 3.1648, 3.1415, 0.0080, 0.0000, 0.2357
 0.1205, 0.0000, 3.1648, 3.1415, 0.0198, 0.0000, 1.0285
 0.1208, 0.0000, 3.1648, 3.1415, 0.0221, 0.0000, 1.1962
 0.1211, 0.0000, 3.1648, 3.1415, 0.0347, 0.0000, 2.0533
 0.1216, 0.0000, 3.1648, 3.1415, 0.0433, 0.0000, 2.6471
 0.1222, 0.0000, 3.1681, 3.1415, 0.0571, 0.2659,-4.6799
 0.1224, 0.0000, 3.1681, 3.1415, 0.0296, 0.0531,-2.4150
 0.1226, 0.0000, 3.1681, 3.1415, 0.0180, 0.0106,-0.5460
 0.1226, 0.0000, 3.1681, 3.1415, 0.0036, 0.0021,-0.9806
 0.1223, 0.0000, 3.1681, 3.1415,-0.0235, 0.0004,-2.6966
 0.1219, 0.0000, 3.1648, 3.1415,-0.0350,-0.2658, 4.6799
 0.1219, 0.0000, 3.1648, 3.1415,-0.0070,-0.0531, 2.6014
 0.1221, 0.0000, 3.1648, 3.1415, 0.0107,-0.0106, 1.1581
 0.1221, 0.0000, 3.1648, 3.1415, 0.0082,-0.0021, 0.4682
 0.1224, 0.0000, 3.1648, 3.1415, 0.0258,-0.0004, 1.5551
 0.1230, 0.0000, 3.1681, 3.1415, 0.0476, 0.2658,-4.6799
 0.1231, 0.0000, 3.1681, 3.1415, 0.0216, 0.0531,-2.9104
 0.1231, 0.0000, 3.1681, 3.1415, 0.0043, 0.0106,-1.4323
 0.1230, 0.0000, 3.1681, 3.1415,-0.0051, 0.0021,-1.5439
 0.1226, 0.0000, 3.1648, 3.1415,-0.0374,-0.2655, 4.6799
 0.1226, 0.0000, 3.1648, 3.1415,-0.0074,-0.0531, 2.5994
 0.1228, 0.0000, 3.1648, 3.1415, 0.0166,-0.0106, 1.5922
 0.1228, 0.0000, 3.1648, 3.1415, 0.0033,-0.0021, 0.1781
 0.1231, 0.0000, 3.1648, 3.1415, 0.0249,-0.0004, 1.5243
 0.1238, 0.0000, 3.1681, 3.1415, 0.0595, 0.2658,-4.6799
 0.1239, 0.0000, 3.1681, 3.1415, 0.0179, 0.0531,-3.1172
 0.1238, 0.0000, 3.1681, 3.1415,-0.0024, 0.0106,-1.8506
 0.1238, 0.0000, 3.1681, 3.1415,-0.0004, 0.0021,-1.1930
 0.1234, 0.0000, 3.1681, 3.1415,-0.0304, 0.0004,-3.0977
 0.1232, 0.0000, 3.1648, 3.1415,-0.0242,-0.2658, 4.6799
 0.1231, 0.0000, 3.1648, 3.1415,-0.0109,-0.0531, 2.4016
 0.1231, 0.0000, 3.1648, 3.1415,-0.0021,-0.0106, 0.3522
 0.1235, 0.0000, 3.1648, 3.1415, 0.0298,-0.0021, 1.9785
 0.1240, 0.0000, 3.1681, 3.1415, 0.0484, 0.2655,-4.6799
 0.1242, 0.0000, 3.1681, 3.1415, 0.0218, 0.0531,-2.8426
 0.1242, 0.0000, 3.1681, 3.1415, 0.0043, 0.0106,-1.3763
 0.1242, 0.0000, 3.1681, 3.1415, 0.0008, 0.0021,-1.0830
 0.1238, 0.0000, 3.1681, 3.1415,-0.0301, 0.0004,-3.0606
 0.1233, 0.0000, 3.1681, 3.1415,-0.0484, 0.0000,-4.2857
 0.1229, 0.0000, 3.1648, 3.1415,-0.0400,-0.2659, 4.6799
 0.1226, 0.0000, 3.1648, 3.1415,-0.0322,-0.0531, 0.9561
 0.1227, 0.0000, 3.1648, 3.1415,-0.0003,-0.0106, 0.4491
 0.1229, 0.0000, 3.1648, 3.1415, 0.0181,-0.0021, 1.1652
 0.1231, 0.0000, 3.1648, 3.1415, 0.0218,-0.0004, 1.3175
 0.1234, 0.0000, 3.1648, 3.1415, 0.0286,-0.0000, 1.7643
 0.1239, 0.0000, 3.1681, 3.1415, 0.0481, 0.2659,-4.6799
 0.1242, 0.0000, 3.1681, 3.1415, 0.0338, 0.0531,-2.0403
 0.1241, 0.0000, 3.1681, 3.1415,-0.0053, 0.0106,-2.0273
 0.1240, 0.0000, 3.1681, 3.1415,-0.0071, 0.0021,-1.6235
 0.1239, 0.0000, 3.1681, 3.1415,-0.0074, 0.0004,-1.5458
 0.1236, 0.0000, 3.1681, 3.1415,-0.0318, 0.0000,-3.1622
 0.1231, 0.0000, 3.1681, 3.1415,-0.0427, 0.0000,-3.9079
 0.1227, 0.0000, 3.1681, 3.1415,-0.0449, 0.0000,-4.0752
 0.1221, 0.0000, 3.1648, 3.1415,-0.0574,-0.2659, 4.6799
 0.1217, 0.0000, 3.1615, 3.1415,-0.0418,-0.3191, 4.6799
 0.1217, 0.0000, 3.1615, 3.1415,-0.0083,-0.0638, 4.0609
 0.1220, 0.0000, 3.1615, 3.1415, 0.0225,-0.0127, 2.9775
 0.1224, 0.0000, 3.1648, 3.1415, 0.0348, 0.2633,-4.6799
 0.1227, 0.0000, 3.1681, 3.1415, 0.0372, 0.3186,-4.6799
 0.1229, 0.0000, 3.1681, 3.1415, 0.0195, 0.0637,-3.7119
 0.1226, 0.0000, 3.1681, 3.1415,-0.0203, 0.0127,-3.2307
 0.1223, 0.0000, 3.1681, 3.1415,-0.0283, 0.0025,-3.1466
 0.1219, 0.0000, 3.1681, 3.1415,-0.0359, 0.0005,-3.5491
 0.1212, 0.0000, 3.1648, 3.1415,-0.0617,-0.2658, 4.6799
 0.1209, 0.0000, 3.1648, 3.1415,-0.0366,-0.0531, 0.5822
 0.1210, 0.0000, 3.1615, 3.1415,-0.0012,-0.2765, 4.6799
 0.1211, 0.0000, 3.1648, 3.1415, 0.0058, 0.2106,-4.6799
 0.1209, 0.0000, 3.1648, 3.1415,-0.0109, 0.0421,-3.6046
 0.1208, 0.0000, 3.1648, 3.1415,-0.0082, 0.0084,-1.3442
 0.1205, 0.0000, 3.1648, 3.1415,-0.0259, 0.0016,-2.1168
 0.1202, 0.0000, 3.1648, 3.1415,-0.0354, 0.0003,-2.6908
 0.1196, 0.0000, 3.1615, 3.1415,-0.0495,-0.2658, 4.6799
 0.1192, 0.0000, 3.1615, 3.1415,-0.0402,-0.0531, 1.1608
 0.1192, 0.0000, 3.1615, 3.1415,-0.0141,-0.0106, 0.2642
 0.1193, 0.0000, 3.1615, 3.1415, 0.0093,-0.0021, 1.3036
 0.1195, 0.0000, 3.1615, 3.1415, 0.0200,-0.0004, 1.9248
 0.1199, 0.0000, 3.1648, 3.1415, 0.0282, 0.2658,-4.6799
 0.1200, 0.0000, 3.1648, 3.1415, 0.0177, 0.0531,-2.4206
 0.1199, 0.0000, 3.1648, 3.1415,-0.0025, 0.0106,-1.1437
 0.1196, 0.0000, 3.1648, 3.1415,-0.0247, 0.0021,-2.1132
 0.1191, 0.0000, 3.1648, 3.1415,-0.0473, 0.0004,-3.5409
 0.1185, 0.0000, 3.1648, 3.1415,-0.0579, 0.0000,-4.2549
 0.1178, 0.0000, 3.1615, 3.1415,-0.0661,-0.2659, 4.6799
 0.1172, 0.0000, 3.1582, 3.1415,-0.0617,-0.3191, 4.6799
 0.1170, 0.0000, 3.1582, 3.1415,-0.0305,-0.0638, 3.2532
 0.1171, 0.0000, 3.1582, 3.1415, 0.0060,-0.0127, 2.5356
 0.1174, 0.0000, 3.1615, 3.1415, 0.0254, 0.2634,-4.6799
 0.1174, 0.0000, 3.1615, 3.1415, 0.0050, 0.0526,-2.4608
 0.1174, 0.0000, 3.1615, 3.1415, 0.0010, 0.0105,-0.1256
 0.1172, 0.0000, 3.1615, 3.1415,-0.0179, 0.0021,-0.8803
 0.1167, 0.0000, 3.1615, 3.1415,-0.0399, 0.0004,-2.2620
 0.1163, 0.0000, 3.1615, 3.1415,-0.0443, 0.0000,-2.5566
 0.1157, 0.0000, 3.1582, 3.1415,-0.0573,-0.2659, 4.6799
 0.1152, 0.0000, 3.1582, 3.1415,-0.0478,-0.0531, 1.3557
 0.1151, 0.0000, 3.1548, 3.1415,-0.0216,-0.2765, 4.6799
 0.1152, 0.0000, 3.1548, 3.1415, 0.0017,-0.0553, 4.6799
 0.1155, 0.0000, 3.1582, 3.1415, 0.0306, 0.2548,-4.6799
 0.1157, 0.0000, 3.1582, 3.1415, 0.0182, 0.0509,-0.6639
 0.1157, 0.0000, 3.1615, 3.1415, 0.0036, 0.2761,-4.6799
 0.1155, 0.0000, 3.1615, 3.1415,-0.0174, 0.0552,-4.2176
 0.1149, 0.0000, 3.1582, 3.1415,-0.0519,-0.2549, 4.6799
 0.1145, 0.0000, 3.1582, 3.1415,-0.0407,-0.0509, 1.6565
 0.1144, 0.0000, 3.1582, 3.1415,-0.0142,-0.0101, 0.8945
 0.1144, 0.0000, 3.1582, 3.1415,-0.0028,-0.0020, 1.1462
 0.1145, 0.0000, 3.1582, 3.1415, 0.0054,-0.0004, 1.6038
 0.1148, 0.0000, 3.1582, 3.1415, 0.0253,-0.0000, 2.9201
 0.1152, 0.0000, 3.1582, 3.1415, 0.0414,-0.0000, 4.0100
 0.1155, 0.0000, 3.1615, 3.1415, 0.0325, 0.2659,-4.6799
 0.1156, 0.0000, 3.1648, 3.1415, 0.0125, 0.3191,-4.6799
 0.1156, 0.0000, 3.1648, 3.1415, 0.0025, 0.0638,-4.3150
 0.1153, 0.0000, 3.1648, 3.1415,-0.0237, 0.0127,-2.9202
 0.1147, 0.0000, 3.1615, 3.1415,-0.0532,-0.2633, 4.6799
 0.1143, 0.0000, 3.1582, 3.1415,-0.0409,-0.3186, 4.6799
 0.1142, 0.0000, 3.1582, 3.1415,-0.0142,-0.0637, 4.1939
 0.1143, 0.0000, 3.1582, 3.1415, 0.0032,-0.0127, 2.2073
 0.1146, 0.0000, 3.1615, 3.1415, 0.0248, 0.2634,-4.6799
 0.1148, 0.0000, 3.1615, 3.1415, 0.0171, 0.0526,-1.7940
 0.1147, 0.0000, 3.1615, 3.1415,-0.0026, 0.0105,-0.5056
 0.1145, 0.0000, 3.1615, 3.1415,-0.0187, 0.0021,-1.0654
 0.1142, 0.0000, 3.1615, 3.1415,-0.0219, 0.0004,-1.1865
 0.1137, 0.0000, 3.1615, 3.1415,-0.0468, 0.0000,-2.8487
 0.1130, 0.0000, 3.1582, 3.1415,-0.0639,-0.2659, 4.6799
 0.1128, 0.0000, 3.1582, 3.1415,-0.0309,-0.0531, 2.3576
 0.1128, 0.0000, 3.1582, 3.1415,-0.0061,-0.0106, 1.3752
 0.1128, 0.0000, 3.1582, 3.1415,-0.0012,-0.0021, 1.1787
 0.1130, 0.0000, 3.1582, 3.1415, 0.0118,-0.0004, 1.9539
 0.1134, 0.0000, 3.1582, 3.1415, 0.0387,-0.0000, 3.7440
 0.1139, 0.0000, 3.1615, 3.1415, 0.0441, 0.2659,-4.6799
 0.1139, 0.0000, 3.1615, 3.1415, 0.0148, 0.0531,-2.0145
 0.1139, 0.0000, 3.1615, 3.1415, 0.0029, 0.0106,-0.1758
 0.1138, 0.0000, 3.1615, 3.1415,-0.0115, 0.0021,-0.6225
 0.1136, 0.0000, 3.1615, 3.1415,-0.0204, 0.0004,-1.1251
 0.1133, 0.0000, 3.1615, 3.1415,-0.0222, 0.0000,-1.2348
 0.1128, 0.0000, 3.1615, 3.1415,-0.0469, 0.0000,-2.8948
 0.1122, 0.0000, 3.1582, 3.1415,-0.0578,-0.2659, 4.6799
 0.1120, 0.0000, 3.1582, 3.1415,-0.0237,-0.0531, 2.8038
 0.1120, 0.0000, 3.1582, 3.1415,-0.0047,-0.0106, 1.4341
 0.1120, 0.0000, 3.1582, 3.1415,-0.0070,-0.0021, 0.7529
 0.1121, 0.0000, 3.1582, 3.1415, 0.0107,-0.0004, 1.8354
 0.1127, 0.0000, 3.1582, 3.1415, 0.0445,-0.0000, 4.0942
 0.1132, 0.0000, 3.1615, 3.1415, 0.0513, 0.2659,-4.6799
 0.1132, 0.0000, 3.1615, 3.1415, 0.0102, 0.0531,-2.3597
 0.1132, 0.0000, 3.1615, 3.1415, 0.0020, 0.0106,-0.2751
 0.1130, 0.0000, 3.1615, 3.1415,-0.0117, 0.0021,-0.6727
 0.1128, 0.0000, 3.1615, 3.1415,-0.0205, 0.0004,-1.1655
 0.1126, 0.0000, 3.1615, 3.1415,-0.0222, 0.0000,-1.2732
 0.1120, 0.0000, 3.1582, 3.1415,-0.0469,-0.2659, 4.6799
 0.1117, 0.0000, 3.1582, 3.1415,-0.0336,-0.0531, 2.1277
 0.1119, 0.0000, 3.1582, 3.1415, 0.0054,-0.0106, 2.1013
 0.1120, 0.0000, 3.1582, 3.1415, 0.0132,-0.0021, 2.1020
 0.1120, 0.0000, 3.1582, 3.1415, 0.0026,-0.0004, 1.2938
 0.1123, 0.0000, 3.1582, 3.1415, 0.0247,-0.0000, 2.7611
 0.1130, 0.0000, 3.1615, 3.1415, 0.0595, 0.2659,-4.6799
 0.1131, 0.0000, 3.1615, 3.1415, 0.0179, 0.0531,-1.8513
 0.1129, 0.0000, 3.1615, 3.1415,-0.0145, 0.0106,-1.3982
 0.1128, 0.0000, 3.1615, 3.1415,-0.0089, 0.0021,-0.5022
 0.1125, 0.0000, 3.1615, 3.1415,-0.0260, 0.0004,-1.5477
 0.1123, 0.0000, 3.1582, 3.1415,-0.0234,-0.2658, 4.6799
 0.1122, 0.0000, 3.1582, 3.1415,-0.0107,-0.0531, 3.6728
 0.1121, 0.0000, 3.1582, 3.1415,-0.0082,-0.0106, 1.2068
 0.1123, 0.0000, 3.1582, 3.1415, 0.0165,-0.0021, 2.3395
 0.1127, 0.0000, 3.1582, 3.1415, 0.0336,-0.0004, 3.3896
 0.1133, 0.0000, 3.1615, 3.1415, 0.0491, 0.2658,-4.6799
 0.1134, 0.0000, 3.1615, 3.1415, 0.0219, 0.0531,-1.5697
 0.1135, 0.0000, 3.1615, 3.1415, 0.0104, 0.0106, 0.2991
 0.1136, 0.0000, 3.1615, 3.1415, 0.0081, 0.0021, 0.6760
 0.1135, 0.0000, 3.1615, 3.1415,-0.0044, 0.0004,-0.0601
 0.1133, 0.0000, 3.1615, 3.1415,-0.0130, 0.0000,-0.6176
 0.1133, 0.0000, 3.1615, 3.1415,-0.0026, 0.0000, 0.0793
 0.1133, 0.0000, 3.1615, 3.1415,-0.0005, 0.0000, 0.2187
 0.1134, 0.0000, 3.1615, 3.1415, 0.0059, 0.0000, 0.6538
 0.1136, 0.0000, 3.1615, 3.1415, 0.0133, 0.0000, 1.1511
 0.1137, 0.0000, 3.1615, 3.1415, 0.0147, 0.0000, 1.2566
 0.1139, 0.0000, 3.1648, 3.1415, 0.0150, 0.2659,-4.6799
 0.1139, 0.0000, 3.1648, 3.1415, 0.0030, 0.0531,-3.7109
 0.1136, 0.0000, 3.1648, 3.1415,-0.0175, 0.0106,-2.4619
 0.1131, 0.0000, 3.1615, 3.1415,-0.0459,-0.2638, 4.6799
 0.1130, 0.0000, 3.1615, 3.1415,-0.0213,-0.0527, 2.0788
 0.1131, 0.0000, 3.1615, 3.1415, 0.0078,-0.0105, 1.4179
 0.1132, 0.0000, 3.1615, 3.1415, 0.0076,-0.0021, 0.8845
 0.1132, 0.0000, 3.1615, 3.1415, 0.0015,-0.0004, 0.3736
 0.1136, 0.0000, 3.1615, 3.1415, 0.0306,-0.0000, 2.3077
 0.1140, 0.0000, 3.1648, 3.1415, 0.0425, 0.2659,-4.6799
 0.1141, 0.0000, 3.1648, 3.1415, 0.0145, 0.0531,-2.9309
 0.1139, 0.0000, 3.1648, 3.1415,-0.0092, 0.0106,-1.8895
 0.1139, 0.0000, 3.1648, 3.1415,-0.0079, 0.0021,-1.2801
 0.1135, 0.0000, 3.1648, 3.1415,-0.0318, 0.0004,-2.7902
 0.1130, 0.0000, 3.1615, 3.1415,-0.0488,-0.2658, 4.6799
 0.1127, 0.0000, 3.1615, 3.1415,-0.0279,-0.0531, 1.6512
 0.1127, 0.0000, 3.1615, 3.1415,-0.0116,-0.0106, 0.1015
 0.1128, 0.0000, 3.1615, 3.1415, 0.0097,-0.0021, 1.0103
 0.1130, 0.0000, 3.1615, 3.1415, 0.0201,-0.0004, 1.6054
 0.1133, 0.0000, 3.1615, 3.1415, 0.0282,-0.0000, 2.1408
 0.1136, 0.0000, 3.1615, 3.1415, 0.0238,-0.0000, 1.8527
 0.1139, 0.0000, 3.1648, 3.1415, 0.0350, 0.2659,-4.6799
 0.1141, 0.0000, 3.1648, 3.1415, 0.0191, 0.0531,-2.6264
 0.1140, 0.0000, 3.1648, 3.1415,-0.0022, 0.0106,-1.4214
 0.1137, 0.0000, 3.1648, 3.1415,-0.0247, 0.0021,-2.4051
 0.1136, 0.0000, 3.1648, 3.1415,-0.0170, 0.0004,-1.7995
 0.1130, 0.0000, 3.1615, 3.1415,-0.0458,-0.2658, 4.6799
 0.1127, 0.0000, 3.1615, 3.1415,-0.0394,-0.0531, 0.8800
 0.1126, 0.0000, 3.1615, 3.1415,-0.0139,-0.0106,-0.0557
 0.1126, 0.0000, 3.1615, 3.1415,-0.0027,-0.0021, 0.1613
 0.1126, 0.0000, 3.1615, 3.1415,-0.0005,-0.0004, 0.2048
 0.1127, 0.0000, 3.1615, 3.1415, 0.0059,-0.0000, 0.6207
 0.1129, 0.0000, 3.1615, 3.1415, 0.0193,-0.0000, 1.5214
 0.1131, 0.0000, 3.1615, 3.1415, 0.0220,-0.0000, 1.7106
 0.1133, 0.0000, 3.1615, 3.1415, 0.0165,-0.0000, 1.3503
 0.1136, 0.0000, 3.1615, 3.1415, 0.0336,-0.0000, 2.5061
 0.1141, 0.0000, 3.1648, 3.1415, 0.0431, 0.2659,-4.6799
 0.1142, 0.0000, 3.1648, 3.1415, 0.0207, 0.0531,-2.5121
 0.1142, 0.0000, 3.1648, 3.1415,-0.0019, 0.0106,-1.3924
 0.1140, 0.0000, 3.1648, 3.1415,-0.0125, 0.0021,-1.5788
 0.1136, 0.0000, 3.1648, 3.1415,-0.0388, 0.0004,-3.2511
 0.1130, 0.0000, 3.1615, 3.1415,-0.0562,-0.2658, 4.6799
 0.1127, 0.0000, 3.1615, 3.1415,-0.0355,-0.0531, 1.1447
 0.1126, 0.0000, 3.1615, 3.1415,-0.0131,-0.0106,-0.0027
 0.1124, 0.0000, 3.1615, 3.1415,-0.0147,-0.0021,-0.6425
 0.1123, 0.0000, 3.1615, 3.1415,-0.0150,-0.0004,-0.7765
 0.1122, 0.0000, 3.1582, 3.1415,-0.0090,-0.2660, 4.6799
 0.1121, 0.0000, 3.1582, 3.1415,-0.0078,-0.0532, 3.8617
 0.1122, 0.0000, 3.1582, 3.1415, 0.0044,-0.0106, 2.0560
 0.1125, 0.0000, 3.1582, 3.1415, 0.0251,-0.0021, 2.9196
 0.1129, 0.0000, 3.1615, 3.1415, 0.0353, 0.2655,-4.6799
 0.1130, 0.0000, 3.1615, 3.1415, 0.0191, 0.0531,-1.7684
 0.1130, 0.0000, 3.1615, 3.1415, 0.0038, 0.0106,-0.1629
 0.1129, 0.0000, 3.1615, 3.1415,-0.0113, 0.0021,-0.6563
 0.1124, 0.0000, 3.1615, 3.1415,-0.0386, 0.0004,-2.3901
 0.1119, 0.0000, 3.1582, 3.1415,-0.0501,-0.2658, 4.6799
 0.1117, 0.0000, 3.1582, 3.1415,-0.0221,-0.0531, 2.8902
 0.1118, 0.0000, 3.1582, 3.1415, 0.0016,-0.0106, 1.8466
 0.1118, 0.0000, 3.1582, 3.1415, 0.0003,-0.0021, 1.2336
 0.1121, 0.0000, 3.1582, 3.1415, 0.0243,-0.0004, 2.7400
 0.1127, 0.0000, 3.1582, 3.1415, 0.0473,-0.0000, 4.2751
 0.1131, 0.0000, 3.1615, 3.1415, 0.0458, 0.2659,-4.6799
 0.1132, 0.0000, 3.1615, 3.1415, 0.0152, 0.0531,-2.0297
 0.1133, 0.0000, 3.1615, 3.1415, 0.0091, 0.0106, 0.1980
 0.1133, 0.0000, 3.1615, 3.1415, 0.0078, 0.0021, 0.6466
 0.1133, 0.0000, 3.1615, 3.1415, 0.0015, 0.0004, 0.3321
 0.1133, 0.0000, 3.1615, 3.1415, 0.0003, 0.0000, 0.2692
 0.1135, 0.0000, 3.1615, 3.1415, 0.0121, 0.0000, 1.0711
 0.1136, 0.0000, 3.1615, 3.1415, 0.0085, 0.0000, 0.8304
 0.1139, 0.0000, 3.1648, 3.1415, 0.0259, 0.2659,-4.6799
 0.1139, 0.0000, 3.1648, 3.1415, 0.0112, 0.0531,-3.1590
 0.1136, 0.0000, 3.1648, 3.1415,-0.0220, 0.0106,-2.7557
 0.1132, 0.0000, 3.1615, 3.1415,-0.0407,-0.2638, 4.6799
 0.1131, 0.0000, 3.1615, 3.1415,-0.0142,-0.0527, 2.5588
 0.1131, 0.0000, 3.1615, 3.1415,-0.0028,-0.0105, 0.7055
 0.1131, 0.0000, 3.1615, 3.1415,-0.0005,-0.0021, 0.3348
 0.1132, 0.0000, 3.1615, 3.1415, 0.0059,-0.0004, 0.6679
 0.1137, 0.0000, 3.1615, 3.1415, 0.0436,-0.0000, 3.1811
 0.1142, 0.0000, 3.1648, 3.1415, 0.0451, 0.2659,-4.6799
 0.1142, 0.0000, 3.1648, 3.1415, 0.0150, 0.0531,-2.8887
 0.1141, 0.0000, 3.1648, 3.1415,-0.0091, 0.0106,-1.8750
 0.1140, 0.0000, 3.1648, 3.1415,-0.0078, 0.0021,-1.2711
 0.1136, 0.0000, 3.1648, 3.1415,-0.0318, 0.0004,-2.7823
 0.1132, 0.0000, 3.1615, 3.1415,-0.0427,-0.2658, 4.6799
 0.1129, 0.0000, 3.1615, 3.1415,-0.0328,-0.0531, 1.3360
 0.1128, 0.0000, 3.1615, 3.1415,-0.0126,-0.0106, 0.0446
 0.1128, 0.0000, 3.1615, 3.1415,-0.0025,-0.0021, 0.1905
 0.1130, 0.0000, 3.1615, 3.1415, 0.0176,-0.0004, 1.4414
 0.1133, 0.0000, 3.1615, 3.1415, 0.0217,-0.0000, 1.7007
 0.1134, 0.0000, 3.1615, 3.1415, 0.0164,-0.0000, 1.3544
 0.1138, 0.0000, 3.1615, 3.1415, 0.0336,-0.0000, 2.5129
 0.1143, 0.0000, 3.1648, 3.1415, 0.0491, 0.2659,-4.6799
 0.1144, 0.0000, 3.1648, 3.1415, 0.0158, 0.0531,-2.8273
 0.1143, 0.0000, 3.1648, 3.1415,-0.0028, 0.0106,-1.4495
 0.1142, 0.0000, 3.1648, 3.1415,-0.0066, 0.0021,-1.1769
 0.1139, 0.0000, 3.1648, 3.1415,-0.0316, 0.0004,-2.7544
 0.1133, 0.0000, 3.1615, 3.1415,-0.0548,-0.2658, 4.6799
 0.1130, 0.0000, 3.1615, 3.1415,-0.0291,-0.0531, 1.5863
 0.1130, 0.0000, 3.1615, 3.1415,-0.0058,-0.0106, 0.5079
 0.1130, 0.0000, 3.1615, 3.1415,-0.0011,-0.0021, 0.2923
 0.1132, 0.0000, 3.1615, 3.1415, 0.0118,-0.0004, 1.0636
 0.1135, 0.0000, 3.1615, 3.1415, 0.0266,-0.0000, 2.0385
 0.1137, 0.0000, 3.1615, 3.1415, 0.0235,-0.0000, 1.8383
 0.1141, 0.0000, 3.1648, 3.1415, 0.0350, 0.2659,-4.6799
 0.1142, 0.0000, 3.1648, 3.1415, 0.0191, 0.0531,-2.6197
 0.1141, 0.0000, 3.1648, 3.1415,-0.0083, 0.0106,-1.8212
 0.1139, 0.0000, 3.1648, 3.1415,-0.0198, 0.0021,-2.0748
 0.1137, 0.0000, 3.1615, 3.1415,-0.0160,-0.2655, 4.6799
 0.1135, 0.0000, 3.1615, 3.1415,-0.0214,-0.0531, 2.1204
 0.1134, 0.0000, 3.1615, 3.1415,-0.0103,-0.0106, 0.2257
 0.1137, 0.0000, 3.1615, 3.1415, 0.0221,-0.0021, 1.8800
 0.1141, 0.0000, 3.1615, 3.1415, 0.0347,-0.0004, 2.6302
 0.1145, 0.0000, 3.1648, 3.1415, 0.0372, 0.2658,-4.6799
 0.1146, 0.0000, 3.1648, 3.1415, 0.0195, 0.0531,-2.5698
 0.1145, 0.0000, 3.1648, 3.1415,-0.0021, 0.0106,-1.3888
 0.1143, 0.0000, 3.1648, 3.1415,-0.0186, 0.0021,-1.9702
 0.1139, 0.0000, 3.1648, 3.1415,-0.0401, 0.0004,-3.3173
 0.1133, 0.0000, 3.1615, 3.1415,-0.0565,-0.2658, 4.6799
 0.1130, 0.0000, 3.1615, 3.1415,-0.0355,-0.0531, 1.1566
 0.1129, 0.0000, 3.1615, 3.1415,-0.0131,-0.0106, 0.0117
 0.1130, 0.0000, 3.1615, 3.1415, 0.0034,-0.0021, 0.5942
 0.1130, 0.0000, 3.1615, 3.1415, 0.0067,-0.0004, 0.7137
 0.1132, 0.0000, 3.1615, 3.1415, 0.0134,-0.0000, 1.1479
 0.1135, 0.0000, 3.1615, 3.1415, 0.0269,-0.0000, 2.0553
 0.1138, 0.0000, 3.1615, 3.1415, 0.0296,-0.0000, 2.2489
 0.1142, 0.0000, 3.1648, 3.1415, 0.0362, 0.2659,-4.6799
 0.1143, 0.0000, 3.1648, 3.1415, 0.0193, 0.0531,-2.5996
 0.1143, 0.0000, 3.1648, 3.1415, 0.0038, 0.0106,-0.9997
 0.1141, 0.0000, 3.1648, 3.1415,-0.0174, 0.0021,-1.9014
 0.1138, 0.0000, 3.1648, 3.1415,-0.0277, 0.0004,-2.4982
 0.1131, 0.0000, 3.1615, 3.1415,-0.0601,-0.2658, 4.6799
 0.1128, 0.0000, 3.1615, 3.1415,-0.0362,-0.0531, 1.1012
 0.1127, 0.0000, 3.1615, 3.1415,-0.0133,-0.0106,-0.0053
 0.1127, 0.0000, 3.1615, 3.1415,-0.0026,-0.0021, 0.1775
 0.1127, 0.0000, 3.1615, 3.1415,-0.0065,-0.0004,-0.1931
 0.1126, 0.0000, 3.1615, 3.1415,-0.0073,-0.0000,-0.2703
 0.1126, 0.0000, 3.1615, 3.1415,-0.0014,-0.0000, 0.1184
 0.1125, 0.0000, 3.1615, 3.1415,-0.0063,-0.0000,-0.2110
 0.1123, 0.0000, 3.1615, 3.1415,-0.0133,-0.0000,-0.6872
 0.1122, 0.0000, 3.1615, 3.1415,-0.0148,-0.0000,-0.7884
 0.1120, 0.0000, 3.1615, 3.1415,-0.0150,-0.0000,-0.8148
 0.1117, 0.0000, 3.1582, 3.1415,-0.0272,-0.2659, 4.6799
 0.1115, 0.0000, 3.1582, 3.1415,-0.0236,-0.0531, 2.7813
 0.1117, 0.0000, 3.1582, 3.1415, 0.0073,-0.0106, 2.2229
 0.1119, 0.0000, 3.1582, 3.1415, 0.0196,-0.0021, 2.5245
 0.1123, 0.0000, 3.1582, 3.1415, 0.0403,-0.0004, 3.8157
 0.1129, 0.0000, 3.1615, 3.1415, 0.0505, 0.2658,-4.6799
 0.1131, 0.0000, 3.1615, 3.1415, 0.0282, 0.0531,-1.1636
 0.1132, 0.0000, 3.1615, 3.1415, 0.0117, 0.0106, 0.3682
 0.1132, 0.0000, 3.1615, 3.1415, 0.0023, 0.0021, 0.2704
 0.1133, 0.0000, 3.1615, 3.1415, 0.0065, 0.0004, 0.6581
 0.1133, 0.0000, 3.1615, 3.1415, 0.0073, 0.0000, 0.7386
 0.1134, 0.0000, 3.1648, 3.1415, 0.0075, 0.2659,-4.6799
 0.1134, 0.0000, 3.1648, 3.1415, 0.0015, 0.0531,-3.8343
 0.1132, 0.0000, 3.1648, 3.1415,-0.0178, 0.0106,-2.5047
 0.1127, 0.0000, 3.1615, 3.1415,-0.0399,-0.2638, 4.6799
 0.1125, 0.0000, 3.1615, 3.1415,-0.0261,-0.0527, 1.7325
 0.1124, 0.0000, 3.1615, 3.1415,-0.0112,-0.0105, 0.1087
 0.1125, 0.0000, 3.1615, 3.1415, 0.0038,-0.0021, 0.5954
 0.1127, 0.0000, 3.1615, 3.1415, 0.0128,-0.0004, 1.1030
 0.1129, 0.0000, 3.1615, 3.1415, 0.0207,-0.0000, 1.6179
 0.1133, 0.0000, 3.1615, 3.1415, 0.0344,-0.0000, 2.5444
 0.1136, 0.0000, 3.1648, 3.1415, 0.0311, 0.2659,-4.6799
 0.1136, 0.0000, 3.1648, 3.1415, 0.0122, 0.0531,-3.1050
 0.1136, 0.0000, 3.1648, 3.1415,-0.0036, 0.0106,-1.5353
 0.1133, 0.0000, 3.1648, 3.1415,-0.0189, 0.0021,-2.0389
 0.1130, 0.0000, 3.1615, 3.1415,-0.0340,-0.2655, 4.6799
 0.1127, 0.0000, 3.1615, 3.1415,-0.0250,-0.0531, 1.8430
 0.1127, 0.0000, 3.1615, 3.1415,-0.0110,-0.0106, 0.1399
 0.1128, 0.0000, 3.1615, 3.1415, 0.0099,-0.0021, 1.0180
 0.1130, 0.0000, 3.1615, 3.1415, 0.0141,-0.0004, 1.1997
 0.1132, 0.0000, 3.1615, 3.1415, 0.0210,-0.0000, 1.6493
 0.1136, 0.0000, 3.1648, 3.1415, 0.0345, 0.2659,-4.6799
 0.1136, 0.0000, 3.1648, 3.1415, 0.0129, 0.0531,-3.0600
 0.1136, 0.0000, 3.1648, 3.1415,-0.0034, 0.0106,-1.5263
 0.1134, 0.0000, 3.1648, 3.1415,-0.0128, 0.0021,-1.6299
 0.1130, 0.0000, 3.1648, 3.1415,-0.0389, 0.0004,-3.2856
 0.1123, 0.0000, 3.1615, 3.1415,-0.0562,-0.2658, 4.6799
 0.1120, 0.0000, 3.1615, 3.1415,-0.0415,-0.0531, 0.7069
 0.1119, 0.0000, 3.1582, 3.1415,-0.0143,-0.2765, 4.6799
 0.1120, 0.0000, 3.1582, 3.1415, 0.0031,-0.0553, 4.6799
 0.1123, 0.0000, 3.1615, 3.1415, 0.0248, 0.2548,-4.6799
 0.1124, 0.0000, 3.1615, 3.1415, 0.0171, 0.0509,-1.8063
 0.1123, 0.0000, 3.1615, 3.1415,-0.0087, 0.0101,-1.0092
 0.1120, 0.0000, 3.1615, 3.1415,-0.0199, 0.0020,-1.2632
 0.1116, 0.0000, 3.1582, 3.1415,-0.0403,-0.2655, 4.6799
 0.1114, 0.0000, 3.1582, 3.1415,-0.0262,-0.0531, 2.5944
 0.1114, 0.0000, 3.1582, 3.1415,-0.0052,-0.0106, 1.3650
 0.1116, 0.0000, 3.1582, 3.1415, 0.0171,-0.0021, 2.3408
 0.1120, 0.0000, 3.1582, 3.1415, 0.0337,-0.0004, 3.3596
 0.1123, 0.0000, 3.1615, 3.1415, 0.0370, 0.2658,-4.6799
 0.1125, 0.0000, 3.1615, 3.1415, 0.0195, 0.0531,-1.7762
 0.1125, 0.0000, 3.1615, 3.1415, 0.0039, 0.0106,-0.1857
 0.1123, 0.0000, 3.1615, 3.1415,-0.0174, 0.0021,-1.0894
 0.1119, 0.0000, 3.1615, 3.1415,-0.0337, 0.0004,-2.0937
 0.1114, 0.0000, 3.1582, 3.1415,-0.0492,-0.2658, 4.6799
 0.1111, 0.0000, 3.1582, 3.1415,-0.0280,-0.0531, 2.4694
 0.1112, 0.0000, 3.1548, 3.1415, 0.0004,-0.2765, 4.6799
 0.1112, 0.0000, 3.1548, 3.1415, 0.0000,-0.0553, 4.6799
 0.1116, 0.0000, 3.1582, 3.1415, 0.0303, 0.2548,-4.6799
 0.1119, 0.0000, 3.1582, 3.1415, 0.0303, 0.0509,-0.0508
 0.1119, 0.0000, 3.1582, 3.1415, 0.0060, 0.0101, 0.8571
 0.1120, 0.0000, 3.1582, 3.1415, 0.0072, 0.0020, 1.4459
 0.1121, 0.0000, 3.1582, 3.1415, 0.0135, 0.0004, 1.9740
 0.1121, 0.0000, 3.1582, 3.1415, 0.0027, 0.0000, 1.2712
 0.1122, 0.0000, 3.1582, 3.1415, 0.0066, 0.0000, 1.5379
 0.1124, 0.0000, 3.1582, 3.1415, 0.0195, 0.0000, 2.4087
 0.1129, 0.0000, 3.1582, 3.1415, 0.0402, 0.0000, 3.8138
 0.1133, 0.0000, 3.1615, 3.1415, 0.0383, 0.2659,-4.6799
 0.1134, 0.0000, 3.1615, 3.1415, 0.0198, 0.0531,-1.7144
 0.1135, 0.0000, 3.1615, 3.1415, 0.0100, 0.0106, 0.2702
 0.1135, 0.0000, 3.1615, 3.1415, 0.0020, 0.0021, 0.2629
 0.1135, 0.0000, 3.1615, 3.1415, 0.0004, 0.0004, 0.2614
 0.1135, 0.0000, 3.1615, 3.1415, 0.0000, 0.0000, 0.2612
 0.1136, 0.0000, 3.1615, 3.1415, 0.0121, 0.0000, 1.0756
 0.1139, 0.0000, 3.1615, 3.1415, 0.0206, 0.0000, 1.6518
 0.1142, 0.0000, 3.1615, 3.1415, 0.0283, 0.0000, 2.1834
 0.1145, 0.0000, 3.1648, 3.1415, 0.0299, 0.2659,-4.6799
 0.1146, 0.0000, 3.1648, 3.1415, 0.0181, 0.0531,-2.6685
 0.1145, 0.0000, 3.1648, 3.1415,-0.0085, 0.0106,-1.8158
 0.1142, 0.0000, 3.1648, 3.1415,-0.0198, 0.0021,-2.0586
 0.1138, 0.0000, 3.1615, 3.1415,-0.0403,-0.2655, 4.6799
 0.1135, 0.0000, 3.1615, 3.1415,-0.0323,-0.0531, 1.3941
 0.1133, 0.0000, 3.1582, 3.1415,-0.0185,-0.2765, 4.6799
 0.1136, 0.0000, 3.1582, 3.1415, 0.0205,-0.0553, 4.6799
 0.1141, 0.0000, 3.1615, 3.1415, 0.0404, 0.2548,-4.6799
 0.1142, 0.0000, 3.1615, 3.1415, 0.0141, 0.0509,-1.9150
 0.1141, 0.0000, 3.1615, 3.1415,-0.0032, 0.0101,-0.5540
 0.1140, 0.0000, 3.1615, 3.1415,-0.0067, 0.0020,-0.2849
 0.1137, 0.0000, 3.1582, 3.1415,-0.0255,-0.2655, 4.6799
 0.1136, 0.0000, 3.1582, 3.1415,-0.0172,-0.0531, 3.3043
 0.1137, 0.0000, 3.1582, 3.1415, 0.0086,-0.0106, 2.4093
 0.1140, 0.0000, 3.1582, 3.1415, 0.0259,-0.0021, 3.0509
 0.1142, 0.0000, 3.1582, 3.1415, 0.0233,-0.0004, 2.7841
 0.1147, 0.0000, 3.1615, 3.1415, 0.0410, 0.2658,-4.6799
 0.1149, 0.0000, 3.1615, 3.1415, 0.0264, 0.0531,-1.1984
 0.1149, 0.0000, 3.1615, 3.1415, 0.0052, 0.0106, 0.0268
 0.1150, 0.0000, 3.1615, 3.1415, 0.0071, 0.0021, 0.6791
 0.1152, 0.0000, 3.1615, 3.1415, 0.0135, 0.0004, 1.2198
 0.1152, 0.0000, 3.1615, 3.1415, 0.0027, 0.0000, 0.5195
 0.1152, 0.0000, 3.1615, 3.1415, 0.0005, 0.0000, 0.3795
 0.1154, 0.0000, 3.1615, 3.1415, 0.0182, 0.0000, 1.5732
 0.1158, 0.0000, 3.1615, 3.1415, 0.0400, 0.0000, 3.0428
 0.1161, 0.0000, 3.1648, 3.1415, 0.0322, 0.2659,-4.6799
 0.1162, 0.0000, 3.1648, 3.1415, 0.0125, 0.0531,-2.9613
 0.1161, 0.0000, 3.1648, 3.1415,-0.0035, 0.0106,-1.4035
 0.1158, 0.0000, 3.1615, 3.1415,-0.0249,-0.2638, 4.6799
 0.1157, 0.0000, 3.1615, 3.1415,-0.0171,-0.0527, 2.4947
 0.1157, 0.0000, 3.1615, 3.1415,-0.0034,-0.0105, 0.7957
 0.1158, 0.0000, 3.1615, 3.1415, 0.0114,-0.0021, 1.2704
 0.1161, 0.0000, 3.1615, 3.1415, 0.0265,-0.0004, 2.1859
 0.1166, 0.0000, 3.1615, 3.1415, 0.0416,-0.0000, 3.1956
 0.1171, 0.0000, 3.1648, 3.1415, 0.0507, 0.2659,-4.6799
 0.1174, 0.0000, 3.1648, 3.1415, 0.0283, 0.0531,-1.8509
 0.1173, 0.0000, 3.1648, 3.1415,-0.0003, 0.0106,-1.1359
 0.1172, 0.0000, 3.1648, 3.1415,-0.0061, 0.0021,-0.9960
 0.1169, 0.0000, 3.1648, 3.1415,-0.0254, 0.0004,-2.1928
 0.1163, 0.0000, 3.1615, 3.1415,-0.0536,-0.2658, 4.6799
 0.1161, 0.0000, 3.1615, 3.1415,-0.0289,-0.0531, 1.7543
 0.1162, 0.0000, 3.1615, 3.1415, 0.0063,-0.0106, 1.4773
 0.1162, 0.0000, 3.1615, 3.1415, 0.0012,-0.0021, 0.6135
 0.1164, 0.0000, 3.1615, 3.1415, 0.0123,-0.0004, 1.2552
 0.1166, 0.0000, 3.1615, 3.1415, 0.0206,-0.0000, 1.7968
 0.1170, 0.0000, 3.1615, 3.1415, 0.0344,-0.0000, 2.7288
 0.1174, 0.0000, 3.1615, 3.1415, 0.0432,-0.0000, 3.3376
 0.1180, 0.0000, 3.1648, 3.1415, 0.0571, 0.2659,-4.6799
 0.1183, 0.0000, 3.1648, 3.1415, 0.0356, 0.0531,-1.3135
 0.1183, 0.0000, 3.1648, 3.1415, 0.0071, 0.0106,-0.5818
 0.1183, 0.0000, 3.1648, 3.1415, 0.0014, 0.0021,-0.4354
 0.1181, 0.0000, 3.1648, 3.1415,-0.0179, 0.0004,-1.6279
 0.1176, 0.0000, 3.1648, 3.1415,-0.0460, 0.0000,-3.5045
 0.1171, 0.0000, 3.1615, 3.1415,-0.0455,-0.2659, 4.6799
 0.1169, 0.0000, 3.1582, 3.1415,-0.0273,-0.3191, 4.6799
 0.1169, 0.0000, 3.1582, 3.1415,-0.0054,-0.0638, 4.6799
 0.1170, 0.0000, 3.1582, 3.1415, 0.0049,-0.0127, 2.4583
 0.1173, 0.0000, 3.1615, 3.1415, 0.0252, 0.2634,-4.6799
 0.1176, 0.0000, 3.1615, 3.1415, 0.0293, 0.0526,-0.8422
 0.1177, 0.0000, 3.1615, 3.1415, 0.0179, 0.0105, 1.0186
 0.1177, 0.0000, 3.1615, 3.1415, 0.0035, 0.0021, 0.5824
 0.1177, 0.0000, 3.1615, 3.1415, 0.0007, 0.0004, 0.4951
 0.1179, 0.0000, 3.1615, 3.1415, 0.0122, 0.0000, 1.2922
 0.1181, 0.0000, 3.1615, 3.1415, 0.0206, 0.0000, 1.8649
 0.1183, 0.0000, 3.1615, 3.1415, 0.0223, 0.0000, 1.9885
 0.1187, 0.0000, 3.1648, 3.1415, 0.0347, 0.2659,-4.6799
 0.1188, 0.0000, 3.1648, 3.1415, 0.0130, 0.0531,-2.7990
 0.1187, 0.0000, 3.1648, 3.1415,-0.0034, 0.0106,-1.2679
 0.1185, 0.0000, 3.1648, 3.1415,-0.0188, 0.0021,-1.7793
 0.1180, 0.0000, 3.1615, 3.1415,-0.0401,-0.2655, 4.6799
 0.1177, 0.0000, 3.1615, 3.1415,-0.0322,-0.0531, 1.6090
 0.1177, 0.0000, 3.1615, 3.1415,-0.0064,-0.0106, 0.7004
 0.1179, 0.0000, 3.1615, 3.1415, 0.0108,-0.0021, 1.3332
 0.1182, 0.0000, 3.1615, 3.1415, 0.0264,-0.0004, 2.2803
 0.1186, 0.0000, 3.1615, 3.1415, 0.0356,-0.0000, 2.8891
 0.1190, 0.0000, 3.1615, 3.1415, 0.0435,-0.0000, 3.4333
 0.1197, 0.0000, 3.1648, 3.1415, 0.0632, 0.2659,-4.6799
 0.1201, 0.0000, 3.1681, 3.1415, 0.0429, 0.3191,-4.6799
 0.1203, 0.0000, 3.1681, 3.1415, 0.0267, 0.0638,-3.3680
 0.1201, 0.0000, 3.1681, 3.1415,-0.0128, 0.0127,-2.8577
 0.1197, 0.0000, 3.1648, 3.1415,-0.0328,-0.2634, 4.6799
 0.1195, 0.0000, 3.1648, 3.1415,-0.0247,-0.0526, 1.2677
 0.1194, 0.0000, 3.1648, 3.1415,-0.0110,-0.0105,-0.4273
 0.1194, 0.0000, 3.1648, 3.1415,-0.0022,-0.0021,-0.3621
 0.1193, 0.0000, 3.1648, 3.1415,-0.0065,-0.0004,-0.7563
 0.1192, 0.0000, 3.1648, 3.1415,-0.0134,-0.0000,-1.2455
 0.1189, 0.0000, 3.1615, 3.1415,-0.0208,-0.2659, 4.6799
 0.1189, 0.0000, 3.1615, 3.1415,-0.0102,-0.0531, 3.1382
 0.1190, 0.0000, 3.1615, 3.1415, 0.0100,-0.0106, 1.8662
 0.1193, 0.0000, 3.1615, 3.1415, 0.0262,-0.0021, 2.4324
 0.1199, 0.0000, 3.1648, 3.1415, 0.0476, 0.2655,-4.6799
 0.1201, 0.0000, 3.1648, 3.1415, 0.0277, 0.0531,-1.7505
 0.1202, 0.0000, 3.1648, 3.1415, 0.0116, 0.0106,-0.1922
 0.1200, 0.0000, 3.1648, 3.1415,-0.0098, 0.0021,-1.0993
 0.1198, 0.0000, 3.1648, 3.1415,-0.0201, 0.0004,-1.6939
 0.1193, 0.0000, 3.1648, 3.1415,-0.0404, 0.0000,-3.0438
 0.1187, 0.0000, 3.1615, 3.1415,-0.0565,-0.2659, 4.6799
 0.1186, 0.0000, 3.1615, 3.1415,-0.0234,-0.0531, 2.2439
 0.1186, 0.0000, 3.1582, 3.1415,-0.0046,-0.2765, 4.6799
 0.1188, 0.0000, 3.1582, 3.1415, 0.0172,-0.0553, 4.6799
 0.1192, 0.0000, 3.1615, 3.1415, 0.0398, 0.2548,-4.6799
 0.1195, 0.0000, 3.1615, 3.1415, 0.0261, 0.0509,-0.8516
 0.1196, 0.0000, 3.1648, 3.1415, 0.0173, 0.2761,-4.6799
 0.1195, 0.0000, 3.1648, 3.1415,-0.0086, 0.0552,-4.3332
 0.1189, 0.0000, 3.1615, 3.1415,-0.0502,-0.2548, 4.6799
 0.1186, 0.0000, 3.1615, 3.1415,-0.0282,-0.0509, 1.7924
 0.1186, 0.0000, 3.1582, 3.1415,-0.0056,-0.2761, 4.6799
 0.1189, 0.0000, 3.1582, 3.1415, 0.0231,-0.0552, 4.6799
 0.1192, 0.0000, 3.1615, 3.1415, 0.0228, 0.2549,-4.6799
 0.1194, 0.0000, 3.1615, 3.1415, 0.0227, 0.0509,-1.0820
 0.1195, 0.0000, 3.1615, 3.1415, 0.0166, 0.0101, 1.0434
 0.1196, 0.0000, 3.1615, 3.1415, 0.0093, 0.0020, 1.0673
 0.1196, 0.0000, 3.1615, 3.1415, 0.0018, 0.0004, 0.6679
 0.1198, 0.0000, 3.1615, 3.1415, 0.0125, 0.0000, 1.4025
 0.1201, 0.0000, 3.1648, 3.1415, 0.0267, 0.2659,-4.6799
 0.1202, 0.0000, 3.1648, 3.1415, 0.0114, 0.0531,-2.8378
 0.1199, 0.0000, 3.1648, 3.1415,-0.0159, 0.0106,-2.0356
 0.1195, 0.0000, 3.1648, 3.1415,-0.0334, 0.0021,-2.6988
 0.1191, 0.0000, 3.1615, 3.1415,-0.0430,-0.2655, 4.6799
 0.1188, 0.0000, 3.1615, 3.1415,-0.0328,-0.0531, 1.6231
 0.1189, 0.0000, 3.1582, 3.1415, 0.0055,-0.2765, 4.6799
 0.1191, 0.0000, 3.1582, 3.1415, 0.0132,-0.0553, 4.6799
 0.1193, 0.0000, 3.1615, 3.1415, 0.0208, 0.2548,-4.6799
 0.1195, 0.0000, 3.1615, 3.1415, 0.0223, 0.0509,-1.1005
 0.1197, 0.0000, 3.1615, 3.1415, 0.0165, 0.0101, 1.0458
 0.1196, 0.0000, 3.1615, 3.1415,-0.0027, 0.0020, 0.2594
 0.1198, 0.0000, 3.1615, 3.1415, 0.0115, 0.0004, 1.3208
 0.1199, 0.0000, 3.1615, 3.1415, 0.0144, 0.0000, 1.5391
 0.1202, 0.0000, 3.1648, 3.1415, 0.0210, 0.2659,-4.6799
 0.1202, 0.0000, 3.1648, 3.1415, 0.0042, 0.0531,-3.3168
 0.1200, 0.0000, 3.1648, 3.1415,-0.0112, 0.0106,-1.7242
 0.1197, 0.0000, 3.1615, 3.1415,-0.0265,-0.2638, 4.6799
 0.1195, 0.0000, 3.1615, 3.1415,-0.0234,-0.0527, 2.2601
 0.1195, 0.0000, 3.1615, 3.1415, 0.0013,-0.0105, 1.3077
 0.1198, 0.0000, 3.1615, 3.1415, 0.0184,-0.0021, 1.9347
 0.1202, 0.0000, 3.1615, 3.1415, 0.0400,-0.0004, 3.2909
 0.1207, 0.0000, 3.1648, 3.1415, 0.0443, 0.2658,-4.6799
 0.1209, 0.0000, 3.1648, 3.1415, 0.0270, 0.0531,-1.7570
 0.1210, 0.0000, 3.1648, 3.1415, 0.0114, 0.0106,-0.1601
 0.1208, 0.0000, 3.1648, 3.1415,-0.0098, 0.0021,-1.0595
 0.1206, 0.0000, 3.1648, 3.1415,-0.0201, 0.0004,-1.6527
 0.1204, 0.0000, 3.1648, 3.1415,-0.0222, 0.0000,-1.7804
 0.1199, 0.0000, 3.1648, 3.1415,-0.0468, 0.0000,-3.4441
 0.1192, 0.0000, 3.1615, 3.1415,-0.0639,-0.2659, 4.6799
 0.1189, 0.0000, 3.1582, 3.1415,-0.0309,-0.3191, 4.6799
 0.1189, 0.0000, 3.1582, 3.1415,-0.0061,-0.0638, 4.6799
 0.1191, 0.0000, 3.1582, 3.1415, 0.0108,-0.0127, 2.9580
 0.1195, 0.0000, 3.1615, 3.1415, 0.0324, 0.2634,-4.6799
 0.1198, 0.0000, 3.1615, 3.1415, 0.0307, 0.0526,-0.6358
 0.1201, 0.0000, 3.1615, 3.1415, 0.0304, 0.0105, 1.9623
 0.1201, 0.0000, 3.1615, 3.1415, 0.0060, 0.0021, 0.8651
 0.1202, 0.0000, 3.1648, 3.1415, 0.0072, 0.2663,-4.6799
 0.1201, 0.0000, 3.1648, 3.1415,-0.0046, 0.0532,-3.9127
 0.1198, 0.0000, 3.1648, 3.1415,-0.0251, 0.0106,-2.6609
 0.1194, 0.0000, 3.1615, 3.1415,-0.0353,-0.2638, 4.6799
 0.1192, 0.0000, 3.1615, 3.1415,-0.0191,-0.0527, 2.5345
 0.1193, 0.0000, 3.1615, 3.1415, 0.0022,-0.0105, 1.3534
 0.1195, 0.0000, 3.1615, 3.1415, 0.0125,-0.0021, 1.5275
 0.1199, 0.0000, 3.1615, 3.1415, 0.0328,-0.0004, 2.7901
 0.1203, 0.0000, 3.1648, 3.1415, 0.0429, 0.2658,-4.6799
 0.1206, 0.0000, 3.1648, 3.1415, 0.0328, 0.0531,-1.3880
 0.1206, 0.0000, 3.1648, 3.1415, 0.0065, 0.0106,-0.5057
 0.1205, 0.0000, 3.1648, 3.1415,-0.0108, 0.0021,-1.1438
 0.1202, 0.0000, 3.1648, 3.1415,-0.0203, 0.0004,-1.6847
 0.1198, 0.0000, 3.1648, 3.1415,-0.0404, 0.0000,-3.0237
 0.1192, 0.0000, 3.1615, 3.1415,-0.0565,-0.2659, 4.6799
 0.1189, 0.0000, 3.1615, 3.1415,-0.0355,-0.0531, 1.4521
 0.1189, 0.0000, 3.1615, 3.1415,-0.0010,-0.0106, 1.1218
 0.1190, 0.0000, 3.1615, 3.1415, 0.0058,-0.0021, 1.0587
 0.1192, 0.0000, 3.1615, 3.1415, 0.0193,-0.0004, 1.8637
 0.1196, 0.0000, 3.1615, 3.1415, 0.0341,-0.0000, 2.8482
 0.1203, 0.0000, 3.1648, 3.1415, 0.0614, 0.2659,-4.6799
 0.1205, 0.0000, 3.1648, 3.1415, 0.0304, 0.0531,-1.5503
 0.1205, 0.0000, 3.1648, 3.1415, 0.0000, 0.0106,-0.9485
 0.1203, 0.0000, 3.1648, 3.1415,-0.0121, 0.0021,-1.2384
 0.1201, 0.0000, 3.1648, 3.1415,-0.0206, 0.0004,-1.7097
 0.1198, 0.0000, 3.1648, 3.1415,-0.0283, 0.0000,-2.2203
 0.1192, 0.0000, 3.1615, 3.1415,-0.0541,-0.2659, 4.6799
 0.1189, 0.0000, 3.1615, 3.1415,-0.0350,-0.0531, 1.4842
 0.1189, 0.0000, 3.1615, 3.1415,-0.0070,-0.0106, 0.7210
 0.1191, 0.0000, 3.1615, 3.1415, 0.0167,-0.0021, 1.7900
 0.1192, 0.0000, 3.1615, 3.1415, 0.0154,-0.0004, 1.6057
 0.1197, 0.0000, 3.1648, 3.1415, 0.0394, 0.2658,-4.6799
 0.1200, 0.0000, 3.1648, 3.1415, 0.0321, 0.0531,-1.4644
 0.1200, 0.0000, 3.1648, 3.1415, 0.0064, 0.0106,-0.5453
 0.1197, 0.0000, 3.1648, 3.1415,-0.0229, 0.0021,-1.9904
 0.1193, 0.0000, 3.1648, 3.1415,-0.0349, 0.0004,-2.6988
 0.1189, 0.0000, 3.1648, 3.1415,-0.0433, 0.0000,-3.2629
 0.1183, 0.0000, 3.1615, 3.1415,-0.0571,-0.2659, 4.6799
 0.1178, 0.0000, 3.1582, 3.1415,-0.0478,-0.3191, 4.6799
 0.1177, 0.0000, 3.1582, 3.1415,-0.0156,-0.0638, 4.2833
 0.1180, 0.0000, 3.1582, 3.1415, 0.0150,-0.0127, 3.1791
 0.1184, 0.0000, 3.1615, 3.1415, 0.0393, 0.2634,-4.6799
 0.1186, 0.0000, 3.1615, 3.1415, 0.0200, 0.0526,-1.4116
 0.1186, 0.0000, 3.1615, 3.1415, 0.0100, 0.0105, 0.5369
 0.1187, 0.0000, 3.1615, 3.1415, 0.0080, 0.0021, 0.9297
 0.1187, 0.0000, 3.1615, 3.1415, 0.0016, 0.0004, 0.6040
 0.1187, 0.0000, 3.1648, 3.1415, 0.0003, 0.2660,-4.6799
 0.1187, 0.0000, 3.1648, 3.1415, 0.0000, 0.0532,-3.6658
 0.1186, 0.0000, 3.1648, 3.1415,-0.0121, 0.0106,-1.8516
 0.1182, 0.0000, 3.1615, 3.1415,-0.0327,-0.2638, 4.6799
 0.1180, 0.0000, 3.1615, 3.1415,-0.0186,-0.0527, 2.5087
 0.1180, 0.0000, 3.1615, 3.1415,-0.0037,-0.0105, 0.8925
 0.1183, 0.0000, 3.1615, 3.1415, 0.0174,-0.0021, 1.7910
 0.1186, 0.0000, 3.1648, 3.1415, 0.0338, 0.2655,-4.6799
 0.1189, 0.0000, 3.1648, 3.1415, 0.0249, 0.0531,-1.9960
 0.1189, 0.0000, 3.1648, 3.1415, 0.0049, 0.0106,-0.6971
 0.1185, 0.0000, 3.1648, 3.1415,-0.0293, 0.0021,-2.4735
 0.1181, 0.0000, 3.1648, 3.1415,-0.0361, 0.0004,-2.8439
 0.1176, 0.0000, 3.1615, 3.1415,-0.0496,-0.2658, 4.6799
 0.1172, 0.0000, 3.1615, 3.1415,-0.0402,-0.0531, 1.0565
 0.1171, 0.0000, 3.1615, 3.1415,-0.0141,-0.0106, 0.1615
 0.1173, 0.0000, 3.1615, 3.1415, 0.0093,-0.0021, 1.2012
 0.1175, 0.0000, 3.1615, 3.1415, 0.0200,-0.0004, 1.8224
 0.1177, 0.0000, 3.1615, 3.1415, 0.0221,-0.0000, 1.9557
 0.1182, 0.0000, 3.1648, 3.1415, 0.0408, 0.2659,-4.6799
 0.1183, 0.0000, 3.1648, 3.1415, 0.0202, 0.0531,-2.3377
 0.1183, 0.0000, 3.1648, 3.1415,-0.0020, 0.0106,-1.1938
 0.1180, 0.0000, 3.1648, 3.1415,-0.0185, 0.0021,-1.7826
 0.1177, 0.0000, 3.1648, 3.1415,-0.0340, 0.0004,-2.7240
 0.1171, 0.0000, 3.1648, 3.1415,-0.0492, 0.0000,-3.7419
 0.1163, 0.0000, 3.1615, 3.1415,-0.0765,-0.2659, 4.6799
 0.1159, 0.0000, 3.1582, 3.1415,-0.0456,-0.3191, 4.6799
 0.1158, 0.0000, 3.1582, 3.1415,-0.0212,-0.0638, 3.8105
 0.1158, 0.0000, 3.1582, 3.1415, 0.0018,-0.0127, 2.1913
 0.1161, 0.0000, 3.1615, 3.1415, 0.0185, 0.2634,-4.6799
 0.1162, 0.0000, 3.1615, 3.1415, 0.0158, 0.0526,-1.8064
 0.1162, 0.0000, 3.1615, 3.1415, 0.0031, 0.0105,-0.0432
 0.1159, 0.0000, 3.1615, 3.1415,-0.0236, 0.0021,-1.3196
 0.1154, 0.0000, 3.1615, 3.1415,-0.0471, 0.0004,-2.8087
 0.1148, 0.0000, 3.1582, 3.1415,-0.0579,-0.2658, 4.6799
 0.1144, 0.0000, 3.1582, 3.1415,-0.0419,-0.0531, 1.7092
 0.1144, 0.0000, 3.1548, 3.1415,-0.0083,-0.2765, 4.6799
 0.1145, 0.0000, 3.1548, 3.1415, 0.0043,-0.0553, 4.6799
 0.1148, 0.0000, 3.1582, 3.1415, 0.0251, 0.2548,-4.6799
 0.1149, 0.0000, 3.1582, 3.1415, 0.0110, 0.0509,-1.1827
 0.1149, 0.0000, 3.1582, 3.1415, 0.0082, 0.0101, 1.1562
 0.1149, 0.0000, 3.1582, 3.1415,-0.0044, 0.0020, 0.8126
 0.1149, 0.0000, 3.1582, 3.1415, 0.0051, 0.0004, 1.5553
 0.1149, 0.0000, 3.1582, 3.1415, 0.0010, 0.0000, 1.2996
 0.1152, 0.0000, 3.1615, 3.1415, 0.0244, 0.2659,-4.6799
 0.1153, 0.0000, 3.1615, 3.1415, 0.0109, 0.0531,-2.2085
 0.1150, 0.0000, 3.1615, 3.1415,-0.0220, 0.0106,-1.7890
 0.1147, 0.0000, 3.1615, 3.1415,-0.0286, 0.0021,-1.7172
 0.1142, 0.0000, 3.1582, 3.1415,-0.0421,-0.2655, 4.6799
 0.1140, 0.0000, 3.1582, 3.1415,-0.0266,-0.0531, 2.7036
 0.1139, 0.0000, 3.1582, 3.1415,-0.0113,-0.0106, 1.0857
 0.1141, 0.0000, 3.1582, 3.1415, 0.0098,-0.0021, 1.9808
 0.1144, 0.0000, 3.1582, 3.1415, 0.0262,-0.0004, 2.9804
 0.1148, 0.0000, 3.1582, 3.1415, 0.0355,-0.0000, 3.5996
 0.1152, 0.0000, 3.1615, 3.1415, 0.0434, 0.2659,-4.6799
 0.1155, 0.0000, 3.1615, 3.1415, 0.0268, 0.0531,-1.1403
 0.1155, 0.0000, 3.1615, 3.1415, 0.0053, 0.0106, 0.0596
 0.1155, 0.0000, 3.1615, 3.1415, 0.0071, 0.0021, 0.7069
 0.1156, 0.0000, 3.1615, 3.1415, 0.0074, 0.0004, 0.8394
 0.1157, 0.0000, 3.1615, 3.1415, 0.0075, 0.0000, 0.8688
 0.1157, 0.0000, 3.1615, 3.1415, 0.0015, 0.0000, 0.4706
 0.1160, 0.0000, 3.1648, 3.1415, 0.0245, 0.2659,-4.6799
 0.1160, 0.0000, 3.1648, 3.1415, 0.0049, 0.0531,-3.4788
 0.1158, 0.0000, 3.1648, 3.1415,-0.0172, 0.0106,-2.3306
 0.1152, 0.0000, 3.1615, 3.1415,-0.0458,-0.2638, 4.6799
 0.1150, 0.0000, 3.1615, 3.1415,-0.0273,-0.0527, 1.7787
 0.1149, 0.0000, 3.1615, 3.1415,-0.0115,-0.0105, 0.2180
 0.1150, 0.0000, 3.1615, 3.1415, 0.0037,-0.0021, 0.7173
 0.1150, 0.0000, 3.1615, 3.1415, 0.0007,-0.0004, 0.4130
 0.1153, 0.0000, 3.1615, 3.1415, 0.0244,-0.0000, 1.9811
 0.1158, 0.0000, 3.1615, 3.1415, 0.0412,-0.0000, 3.1213
 0.1161, 0.0000, 3.1648, 3.1415, 0.0385, 0.2659,-4.6799
 0.1162, 0.0000, 3.1648, 3.1415, 0.0137, 0.0531,-2.8773
 0.1161, 0.0000, 3.1648, 3.1415,-0.0033, 0.0106,-1.3867
 0.1159, 0.0000, 3.1648, 3.1415,-0.0188, 0.0021,-1.9061
 0.1155, 0.0000, 3.1648, 3.1415,-0.0401, 0.0004,-3.2408
 0.1147, 0.0000, 3.1615, 3.1415,-0.0686,-0.2658, 4.6799
 0.1141, 0.0000, 3.1582, 3.1415,-0.0622,-0.3191, 4.6799
 0.1140, 0.0000, 3.1582, 3.1415,-0.0185,-0.0638, 3.9055
 0.1141, 0.0000, 3.1582, 3.1415, 0.0023,-0.0127, 2.1406
 0.1143, 0.0000, 3.1582, 3.1415, 0.0186,-0.0025, 2.6051
 0.1147, 0.0000, 3.1615, 3.1415, 0.0340, 0.2654,-4.6799
 0.1149, 0.0000, 3.1615, 3.1415, 0.0189, 0.0530,-1.6937
 0.1149, 0.0000, 3.1615, 3.1415, 0.0037, 0.0106,-0.0752
 0.1145, 0.0000, 3.1615, 3.1415,-0.0234, 0.0021,-1.3805
 0.1141, 0.0000, 3.1582, 3.1415,-0.0410,-0.2655, 4.6799
 0.1139, 0.0000, 3.1582, 3.1415,-0.0203,-0.0531, 3.1170
 0.1140, 0.0000, 3.1582, 3.1415, 0.0019,-0.0106, 1.9798
 0.1142, 0.0000, 3.1582, 3.1415, 0.0185,-0.0021, 2.5699
 0.1144, 0.0000, 3.1582, 3.1415, 0.0158,-0.0004, 2.2898
 0.1148, 0.0000, 3.1615, 3.1415, 0.0334, 0.2658,-4.6799
 0.1150, 0.0000, 3.1615, 3.1415, 0.0248, 0.0531,-1.2954
 0.1150, 0.0000, 3.1615, 3.1415, 0.0049, 0.0106, 0.0104
 0.1149, 0.0000, 3.1615, 3.1415,-0.0111, 0.0021,-0.5428
 0.1149, 0.0000, 3.1615, 3.1415,-0.0022, 0.0004, 0.1548
 0.1149, 0.0000, 3.1615, 3.1415,-0.0004, 0.0000, 0.2944
 0.1148, 0.0000, 3.1615, 3.1415,-0.0061, 0.0000,-0.0848
 0.1148, 0.0000, 3.1615, 3.1415,-0.0012, 0.0000, 0.2434
 0.1149, 0.0000, 3.1615, 3.1415, 0.0058, 0.0000, 0.7163
 0.1149, 0.0000, 3.1615, 3.1415, 0.0072, 0.0000, 0.8140
 0.1151, 0.0000, 3.1615, 3.1415, 0.0135, 0.0000, 1.2437
 0.1152, 0.0000, 3.1615, 3.1415, 0.0148, 0.0000, 1.3358
 0.1155, 0.0000, 3.1615, 3.1415, 0.0211, 0.0000, 1.7675
 0.1158, 0.0000, 3.1648, 3.1415, 0.0345, 0.2659,-4.6799
 0.1158, 0.0000, 3.1648, 3.1415, 0.0069, 0.0531,-3.3533
 0.1157, 0.0000, 3.1648, 3.1415,-0.0107, 0.0106,-1.9043
 0.1153, 0.0000, 3.1648, 3.1415,-0.0324, 0.0021,-2.8423
 0.1148, 0.0000, 3.1615, 3.1415,-0.0489,-0.2655, 4.6799
 0.1145, 0.0000, 3.1582, 3.1415,-0.0340,-0.3190, 4.6799
 0.1144, 0.0000, 3.1582, 3.1415,-0.0128,-0.0638, 4.2989
 0.1145, 0.0000, 3.1582, 3.1415, 0.0095,-0.0127, 2.6416
 0.1149, 0.0000, 3.1582, 3.1415, 0.0322,-0.0025, 3.5380
 0.1155, 0.0000, 3.1615, 3.1415, 0.0488, 0.2654,-4.6799
 0.1158, 0.0000, 3.1648, 3.1415, 0.0400, 0.3190,-4.6799
 0.1158, 0.0000, 3.1648, 3.1415, 0.0019, 0.0638,-4.3434
 0.1155, 0.0000, 3.1648, 3.1415,-0.0177, 0.0127,-2.5126
 0.1151, 0.0000, 3.1615, 3.1415,-0.0399,-0.2633, 4.6799
 0.1147, 0.0000, 3.1582, 3.1415,-0.0383,-0.3186, 4.6799
 0.1146, 0.0000, 3.1582, 3.1415,-0.0137,-0.0637, 4.2482
 0.1148, 0.0000, 3.1582, 3.1415, 0.0093,-0.0127, 2.6406
 0.1153, 0.0000, 3.1615, 3.1415, 0.0443, 0.2634,-4.6799
 0.1155, 0.0000, 3.1615, 3.1415, 0.0270, 0.0526,-1.0942
 0.1155, 0.0000, 3.1615, 3.1415, 0.0054, 0.0105, 0.0719
 0.1156, 0.0000, 3.1615, 3.1415, 0.0071, 0.0021, 0.7124
 0.1156, 0.0000, 3.1615, 3.1415, 0.0014, 0.0004, 0.4362
 0.1157, 0.0000, 3.1615, 3.1415, 0.0063, 0.0000, 0.7882
 0.1158, 0.0000, 3.1615, 3.1415, 0.0073, 0.0000, 0.8617
 0.1161, 0.0000, 3.1615, 3.1415, 0.0257, 0.0000, 2.1011
 0.1164, 0.0000, 3.1648, 3.1415, 0.0293, 0.2659,-4.6799
 0.1164, 0.0000, 3.1648, 3.1415, 0.0119, 0.0531,-2.9881
 0.1162, 0.0000, 3.1648, 3.1415,-0.0158, 0.0106,-2.2142
 0.1158, 0.0000, 3.1648, 3.1415,-0.0334, 0.0021,-2.8830
 0.1154, 0.0000, 3.1615, 3.1415,-0.0430,-0.2655, 4.6799
 0.1150, 0.0000, 3.1582, 3.1415,-0.0389,-0.3190, 4.6799
 0.1149, 0.0000, 3.1582, 3.1415,-0.0199,-0.0638, 3.8531
 0.1151, 0.0000, 3.1582, 3.1415, 0.0142,-0.0127, 2.9779
 0.1155, 0.0000, 3.1615, 3.1415, 0.0392, 0.2634,-4.6799
 0.1158, 0.0000, 3.1615, 3.1415, 0.0260, 0.0526,-1.1506
 0.1158, 0.0000, 3.1615, 3.1415, 0.0052, 0.0105, 0.0697
 0.1158, 0.0000, 3.1615, 3.1415, 0.0010, 0.0021, 0.3137
 0.1158, 0.0000, 3.1615, 3.1415, 0.0062, 0.0004, 0.7698
 0.1159, 0.0000, 3.1615, 3.1415, 0.0073, 0.0000, 0.8640
 0.1160, 0.0000, 3.1615, 3.1415, 0.0075, 0.0000, 0.8859
 0.1162, 0.0000, 3.1615, 3.1415, 0.0196, 0.0000, 1.7078
 0.1165, 0.0000, 3.1648, 3.1415, 0.0281, 0.2659,-4.6799
 0.1166, 0.0000, 3.1648, 3.1415, 0.0117, 0.0531,-2.9965
 0.1163, 0.0000, 3.1648, 3.1415,-0.0219, 0.0106,-2.6171
 0.1159, 0.0000, 3.1615, 3.1415,-0.0346,-0.2638, 4.6799
 0.1157, 0.0000, 3.1615, 3.1415,-0.0251,-0.0527, 1.9617
 0.1157, 0.0000, 3.1615, 3.1415,-0.0050,-0.0105, 0.6891
 0.1158, 0.0000, 3.1615, 3.1415, 0.0050,-0.0021, 0.8419
 0.1160, 0.0000, 3.1615, 3.1415, 0.0192,-0.0004, 1.6899
 0.1164, 0.0000, 3.1615, 3.1415, 0.0341,-0.0000, 2.6831
 0.1169, 0.0000, 3.1648, 3.1415, 0.0492, 0.2659,-4.6799
 0.1170, 0.0000, 3.1648, 3.1415, 0.0159, 0.0531,-2.6968
 0.1169, 0.0000, 3.1648, 3.1415,-0.0028, 0.0106,-1.3203
 0.1167, 0.0000, 3.1648, 3.1415,-0.0187, 0.0021,-1.8624
 0.1163, 0.0000, 3.1648, 3.1415,-0.0340, 0.0004,-2.7945
 0.1157, 0.0000, 3.1615, 3.1415,-0.0553,-0.2658, 4.6799
 0.1152, 0.0000, 3.1582, 3.1415,-0.0535,-0.3191, 4.6799
 0.1150, 0.0000, 3.1582, 3.1415,-0.0228,-0.0638, 3.6675
 0.1152, 0.0000, 3.1582, 3.1415, 0.0136,-0.0127, 2.9468
 0.1155, 0.0000, 3.1582, 3.1415, 0.0269,-0.0025, 3.2191
 0.1160, 0.0000, 3.1615, 3.1415, 0.0417, 0.2654,-4.6799
 0.1162, 0.0000, 3.1615, 3.1415, 0.0265, 0.0530,-1.1192
 0.1164, 0.0000, 3.1615, 3.1415, 0.0174, 0.0106, 0.9086
 0.1164, 0.0000, 3.1615, 3.1415, 0.0034, 0.0021, 0.5058
 0.1164, 0.0000, 3.1615, 3.1415, 0.0006, 0.0004, 0.4252
 0.1164, 0.0000, 3.1615, 3.1415, 0.0062, 0.0000, 0.8164
 0.1167, 0.0000, 3.1615, 3.1415, 0.0194, 0.0000, 1.7121
 0.1170, 0.0000, 3.1648, 3.1415, 0.0281, 0.2659,-4.6799
 0.1170, 0.0000, 3.1648, 3.1415, 0.0056, 0.0531,-3.3818
 0.1168, 0.0000, 3.1648, 3.1415,-0.0110, 0.0106,-1.8645
 0.1164, 0.0000, 3.1615, 3.1415,-0.0385,-0.2638, 4.6799
 0.1162, 0.0000, 3.1615, 3.1415,-0.0198,-0.0527, 2.3400
 0.1161, 0.0000, 3.1615, 3.1415,-0.0100,-0.0105, 0.3788
 0.1162, 0.0000, 3.1615, 3.1415, 0.0040,-0.0021, 0.7980
 0.1165, 0.0000, 3.1615, 3.1415, 0.0250,-0.0004, 2.1066
 0.1169, 0.0000, 3.1615, 3.1415, 0.0353,-0.0000, 2.7877
 0.1174, 0.0000, 3.1648, 3.1415, 0.0495, 0.2659,-4.6799
 0.1176, 0.0000, 3.1648, 3.1415, 0.0220, 0.0531,-2.2599
 0.1174, 0.0000, 3.1648, 3.1415,-0.0077, 0.0106,-1.6159
 0.1173, 0.0000, 3.1648, 3.1415,-0.0136, 0.0021,-1.4931
 0.1170, 0.0000, 3.1648, 3.1415,-0.0269, 0.0004,-2.2892
 0.1164, 0.0000, 3.1615, 3.1415,-0.0539,-0.2658, 4.6799
 0.1159, 0.0000, 3.1615, 3.1415,-0.0471,-0.0531, 0.5324
 0.1158, 0.0000, 3.1582, 3.1415,-0.0154,-0.2765, 4.6799
 0.1160, 0.0000, 3.1582, 3.1415, 0.0090,-0.0553, 4.6799
 0.1164, 0.0000, 3.1615, 3.1415, 0.0381, 0.2548,-4.6799
 0.1164, 0.0000, 3.1615, 3.1415, 0.0015, 0.0509,-2.6427
 0.1164, 0.0000, 3.1615, 3.1415, 0.0003, 0.0101,-0.2044
 0.1162, 0.0000, 3.1615, 3.1415,-0.0120, 0.0020,-0.5312
 0.1157, 0.0000, 3.1582, 3.1415,-0.0448,-0.2655, 4.6799
 0.1155, 0.0000, 3.1582, 3.1415,-0.0210,-0.0531, 3.1465
 0.1154, 0.0000, 3.1582, 3.1415,-0.0163,-0.0106, 0.8277
 0.1158, 0.0000, 3.1582, 3.1415, 0.0270,-0.0021, 3.2085
 0.1161, 0.0000, 3.1582, 3.1415, 0.0296,-0.0004, 3.2926
 0.1167, 0.0000, 3.1615, 3.1415, 0.0544, 0.2658,-4.6799
 0.1167, 0.0000, 3.1615, 3.1415, 0.0169, 0.0531,-1.7363
 0.1169, 0.0000, 3.1615, 3.1415, 0.0155, 0.0106, 0.8064
 0.1170, 0.0000, 3.1615, 3.1415, 0.0091, 0.0021, 0.9138
 0.1170, 0.0000, 3.1615, 3.1415, 0.0018, 0.0004, 0.5311
 0.1170, 0.0000, 3.1615, 3.1415, 0.0064, 0.0000, 0.8618
 0.1172, 0.0000, 3.1615, 3.1415, 0.0134, 0.0000, 1.3382
 0.1176, 0.0000, 3.1648, 3.1415, 0.0329, 0.2659,-4.6799
 0.1176, 0.0000, 3.1648, 3.1415, 0.0065, 0.0531,-3.2868
 0.1174, 0.0000, 3.1648, 3.1415,-0.0168, 0.0106,-2.2285
 0.1170, 0.0000, 3.1648, 3.1415,-0.0276, 0.0021,-2.4332
 0.1164, 0.0000, 3.1615, 3.1415,-0.0600,-0.2655, 4.6799
 0.1161, 0.0000, 3.1582, 3.1415,-0.0302,-0.3190, 4.6799
 0.1160, 0.0000, 3.1582, 3.1415,-0.0181,-0.0638, 4.0260
 0.1162, 0.0000, 3.1582, 3.1415, 0.0145,-0.0127, 3.0580
 0.1165, 0.0000, 3.1582, 3.1415, 0.0271,-0.0025, 3.2807
 0.1172, 0.0000, 3.1615, 3.1415, 0.0600, 0.2654,-4.6799
 0.1174, 0.0000, 3.1648, 3.1415, 0.0301, 0.3190,-4.6799
 0.1175, 0.0000, 3.1648, 3.1415, 0.0121, 0.0638,-3.5811
 0.1174, 0.0000, 3.1648, 3.1415,-0.0097, 0.0127,-1.8832
 0.1168, 0.0000, 3.1615, 3.1415,-0.0443,-0.2633, 4.6799
 0.1166, 0.0000, 3.1582, 3.1415,-0.0270,-0.3186, 4.6799
 0.1164, 0.0000, 3.1582, 3.1415,-0.0175,-0.0637, 4.0853
 0.1167, 0.0000, 3.1582, 3.1415, 0.0207,-0.0127, 3.4952
 0.1172, 0.0000, 3.1615, 3.1415, 0.0405, 0.2634,-4.6799
 0.1175, 0.0000, 3.1615, 3.1415, 0.0323, 0.0526,-0.6426
 0.1176, 0.0000, 3.1615, 3.1415, 0.0125, 0.0105, 0.6482
 0.1176, 0.0000, 3.1615, 3.1415, 0.0025, 0.0021, 0.5022
 0.1177, 0.0000, 3.1615, 3.1415, 0.0126, 0.0004, 1.2875
 0.1179, 0.0000, 3.1615, 3.1415, 0.0146, 0.0000, 1.4507
 0.1181, 0.0000, 3.1648, 3.1415, 0.0211, 0.2659,-4.6799
 0.1181, 0.0000, 3.1648, 3.1415, 0.0042, 0.0531,-3.4185
 0.1180, 0.0000, 3.1648, 3.1415,-0.0052, 0.0106,-1.4191
 0.1177, 0.0000, 3.1648, 3.1415,-0.0313, 0.0021,-2.6513
 0.1170, 0.0000, 3.1615, 3.1415,-0.0547,-0.2655, 4.6799
 0.1167, 0.0000, 3.1582, 3.1415,-0.0412,-0.3190, 4.6799
 0.1167, 0.0000, 3.1582, 3.1415,-0.0082,-0.0638, 4.6799
 0.1168, 0.0000, 3.1582, 3.1415, 0.0104,-0.0127, 2.8167
 0.1172, 0.0000, 3.1582, 3.1415, 0.0324,-0.0025, 3.6639
 0.1177, 0.0000, 3.1615, 3.1415, 0.0428, 0.2654,-4.6799
 0.1180, 0.0000, 3.1648, 3.1415, 0.0388, 0.3190,-4.6799
 0.1181, 0.0000, 3.1648, 3.1415, 0.0138, 0.0638,-3.4350
 0.1177, 0.0000, 3.1648, 3.1415,-0.0275, 0.0127,-3.0514
 0.1173, 0.0000, 3.1615, 3.1415,-0.0418,-0.2633, 4.6799
 0.1170, 0.0000, 3.1582, 3.1415,-0.0265,-0.3186, 4.6799
 0.1170, 0.0000, 3.1582, 3.1415,-0.0053,-0.0637, 4.6799
 0.1172, 0.0000, 3.1582, 3.1415, 0.0110,-0.0127, 2.8738
 0.1177, 0.0000, 3.1615, 3.1415, 0.0385, 0.2634,-4.6799
 0.1180, 0.0000, 3.1615, 3.1415, 0.0319, 0.0526,-0.6457
 0.1180, 0.0000, 3.1615, 3.1415, 0.0124, 0.0105, 0.6658
 0.1181, 0.0000, 3.1615, 3.1415, 0.0085, 0.0021, 0.9312
 0.1182, 0.0000, 3.1615, 3.1415, 0.0077, 0.0004, 0.9873
 0.1183, 0.0000, 3.1615, 3.1415, 0.0076, 0.0000, 1.0015
 0.1186, 0.0000, 3.1615, 3.1415, 0.0257, 0.0000, 2.2291
 0.1189, 0.0000, 3.1648, 3.1415, 0.0294, 0.2659,-4.6799
 0.1190, 0.0000, 3.1648, 3.1415, 0.0180, 0.0531,-2.4557
 0.1189, 0.0000, 3.1648, 3.1415,-0.0085, 0.0106,-1.5974
 0.1186, 0.0000, 3.1648, 3.1415,-0.0259, 0.0021,-2.2464
 0.1180, 0.0000, 3.1615, 3.1415,-0.0476,-0.2655, 4.6799
 0.1179, 0.0000, 3.1615, 3.1415,-0.0216,-0.0531, 2.3240
 0.1179, 0.0000, 3.1615, 3.1415,-0.0043,-0.0106, 0.8495
 0.1180, 0.0000, 3.1615, 3.1415, 0.0112,-0.0021, 1.3691
 0.1182, 0.0000, 3.1615, 3.1415, 0.0143,-0.0004, 1.4791
 0.1186, 0.0000, 3.1615, 3.1415, 0.0392,-0.0000, 3.1361
 0.1192, 0.0000, 3.1648, 3.1415, 0.0502, 0.2659,-4.6799
 0.1194, 0.0000, 3.1648, 3.1415, 0.0282, 0.0531,-1.7551
 0.1193, 0.0000, 3.1648, 3.1415,-0.0004, 0.0106,-1.0349
 0.1192, 0.0000, 3.1648, 3.1415,-0.0061, 0.0021,-0.8939
 0.1189, 0.0000, 3.1648, 3.1415,-0.0315, 0.0004,-2.4977
 0.1183, 0.0000, 3.1615, 3.1415,-0.0487,-0.2658, 4.6799
 0.1182, 0.0000, 3.1615, 3.1415,-0.0218,-0.0531, 2.3284
 0.1181, 0.0000, 3.1615, 3.1415,-0.0104,-0.0106, 0.4553
 0.1183, 0.0000, 3.1615, 3.1415, 0.0161,-0.0021, 1.7066
 0.1186, 0.0000, 3.1615, 3.1415, 0.0274,-0.0004, 2.3732
 0.1192, 0.0000, 3.1615, 3.1415, 0.0479,-0.0000, 3.7404
 0.1198, 0.0000, 3.1648, 3.1415, 0.0580, 0.2659,-4.6799
 0.1201, 0.0000, 3.1648, 3.1415, 0.0358, 0.0531,-1.2137
 0.1202, 0.0000, 3.1681, 3.1415, 0.0132, 0.2765,-4.6799
 0.1199, 0.0000, 3.1681, 3.1415,-0.0155, 0.0553,-4.6799
 0.1195, 0.0000, 3.1648, 3.1415,-0.0394,-0.2548, 4.6799
 0.1193, 0.0000, 3.1648, 3.1415,-0.0200,-0.0509, 1.4705
 0.1193, 0.0000, 3.1648, 3.1415,-0.0040,-0.0101, 0.0143
 0.1193, 0.0000, 3.1648, 3.1415,-0.0008,-0.0020,-0.2768
 0.1194, 0.0000, 3.1648, 3.1415, 0.0059,-0.0004, 0.0721
 0.1198, 0.0000, 3.1648, 3.1415, 0.0314,-0.0000, 1.7740
 0.1199, 0.0000, 3.1648, 3.1415, 0.0184,-0.0000, 0.9077
 0.1202, 0.0000, 3.1648, 3.1415, 0.0218,-0.0000, 1.1478
 0.1205, 0.0000, 3.1681, 3.1415, 0.0346, 0.2659,-4.6799
 0.1208, 0.0000, 3.1681, 3.1415, 0.0251, 0.0531,-2.7976
 0.1206, 0.0000, 3.1681, 3.1415,-0.0071, 0.0106,-2.3182
 0.1204, 0.0000, 3.1681, 3.1415,-0.0196, 0.0021,-2.6356
 0.1199, 0.0000, 3.1681, 3.1415,-0.0463, 0.0004,-4.3372
 0.1192, 0.0000, 3.1648, 3.1415,-0.0577,-0.2658, 4.6799
 0.1190, 0.0000, 3.1615, 3.1415,-0.0297,-0.3191, 4.6799
 0.1189, 0.0000, 3.1615, 3.1415,-0.0120,-0.0638, 3.6815
 0.1190, 0.0000, 3.1615, 3.1415, 0.0036,-0.0127, 1.5707
 0.1194, 0.0000, 3.1648, 3.1415, 0.0310, 0.2633,-4.6799
 0.1198, 0.0000, 3.1648, 3.1415, 0.0365, 0.0526,-1.1539
 0.1199, 0.0000, 3.1681, 3.1415, 0.0133, 0.2764,-4.6799
 0.1196, 0.0000, 3.1681, 3.1415,-0.0155, 0.0552,-4.6799
 0.1191, 0.0000, 3.1648, 3.1415,-0.0455,-0.2549, 4.6799
 0.1188, 0.0000, 3.1648, 3.1415,-0.0333,-0.0509, 0.5564
 0.1187, 0.0000, 3.1648, 3.1415,-0.0127,-0.0101,-0.5968
 0.1186, 0.0000, 3.1648, 3.1415,-0.0086,-0.0020,-0.8306
 0.1185, 0.0000, 3.1648, 3.1415,-0.0138,-0.0004,-1.2876
 0.1183, 0.0000, 3.1648, 3.1415,-0.0209,-0.0000,-1.7923
 0.1179, 0.0000, 3.1615, 3.1415,-0.0345,-0.2659, 4.6799
 0.1178, 0.0000, 3.1615, 3.1415,-0.0129,-0.0531, 2.9037
 0.1178, 0.0000, 3.1615, 3.1415,-0.0025,-0.0106, 0.9624
 0.1180, 0.0000, 3.1615, 3.1415, 0.0176,-0.0021, 1.7959
 0.1184, 0.0000, 3.1648, 3.1415, 0.0338, 0.2655,-4.6799
 0.1186, 0.0000, 3.1648, 3.1415, 0.0249, 0.0531,-2.0067
 0.1186, 0.0000, 3.1648, 3.1415,-0.0010, 0.0106,-1.1156
 0.1183, 0.0000, 3.1648, 3.1415,-0.0184, 0.0021,-1.7548
 0.1180, 0.0000, 3.1648, 3.1415,-0.0339, 0.0004,-2.7063
 0.1174, 0.0000, 3.1615, 3.1415,-0.0492,-0.2658, 4.6799
 0.1172, 0.0000, 3.1615, 3.1415,-0.0280,-0.0531, 1.8692
 0.1171, 0.0000, 3.1615, 3.1415,-0.0116,-0.0106, 0.3240
 0.1173, 0.0000, 3.1615, 3.1415, 0.0097,-0.0021, 1.2337
 0.1177, 0.0000, 3.1615, 3.1415, 0.0322,-0.0004, 2.6434
 0.1180, 0.0000, 3.1648, 3.1415, 0.0367, 0.2658,-4.6799
 0.1183, 0.0000, 3.1648, 3.1415, 0.0255, 0.0531,-1.9910
 0.1183, 0.0000, 3.1681, 3.1415, 0.0051, 0.2765,-4.6799
 0.1179, 0.0000, 3.1681, 3.1415,-0.0292, 0.0553,-4.6799
 0.1174, 0.0000, 3.1648, 3.1415,-0.0483,-0.2548, 4.6799
 0.1170, 0.0000, 3.1648, 3.1415,-0.0339,-0.0509, 0.4326
 0.1169, 0.0000, 3.1615, 3.1415,-0.0189,-0.2761, 4.6799
 0.1170, 0.0000, 3.1615, 3.1415, 0.0083,-0.0552, 4.4097
 0.1175, 0.0000, 3.1648, 3.1415, 0.0380, 0.2548,-4.6799
 0.1177, 0.0000, 3.1681, 3.1415, 0.0197, 0.3169,-4.6799
 0.1176, 0.0000, 3.1681, 3.1415,-0.0021, 0.0633,-4.6799
 0.1174, 0.0000, 3.1681, 3.1415,-0.0186, 0.0126,-3.3733
 0.1166, 0.0000, 3.1648, 3.1415,-0.0643,-0.2634, 4.6799
 0.1162, 0.0000, 3.1615, 3.1415,-0.0431,-0.3186, 4.6799
 0.1161, 0.0000, 3.1615, 3.1415,-0.0207,-0.0637, 2.9490
 0.1162, 0.0000, 3.1615, 3.1415, 0.0079,-0.0127, 1.7163
 0.1164, 0.0000, 3.1648, 3.1415, 0.0137, 0.2633,-4.6799
 0.1164, 0.0000, 3.1648, 3.1415, 0.0088, 0.0526,-3.1652
 0.1164, 0.0000, 3.1648, 3.1415, 0.0017, 0.0105,-1.0279
 0.1160, 0.0000, 3.1648, 3.1415,-0.0360, 0.0021,-3.0439
 0.1155, 0.0000, 3.1648, 3.1415,-0.0496, 0.0004,-3.8726
 0.1147, 0.0000, 3.1615, 3.1415,-0.0705,-0.2658, 4.6799
 0.1140, 0.0000, 3.1582, 3.1415,-0.0686,-0.3191, 4.6799
 0.1138, 0.0000, 3.1582, 3.1415,-0.0319,-0.0638, 3.0015
 0.1138, 0.0000, 3.1582, 3.1415,-0.0063,-0.0127, 1.5434
 0.1139, 0.0000, 3.1582, 3.1415, 0.0108,-0.0025, 2.0663
 0.1143, 0.0000, 3.1615, 3.1415, 0.0324, 0.2654,-4.6799
 0.1145, 0.0000, 3.1615, 3.1415, 0.0246, 0.0530,-1.3261
 0.1145, 0.0000, 3.1648, 3.1415,-0.0011, 0.2765,-4.6799
 0.1142, 0.0000, 3.1648, 3.1415,-0.0244, 0.0553,-4.6799
 0.1136, 0.0000, 3.1615, 3.1415,-0.0534,-0.2548, 4.6799
 0.1133, 0.0000, 3.1615, 3.1415,-0.0349,-0.0509, 1.0775
 0.1131, 0.0000, 3.1615, 3.1415,-0.0191,-0.0101,-0.3991
 0.1130, 0.0000, 3.1615, 3.1415,-0.0159,-0.0020,-0.7006
 0.1128, 0.0000, 3.1615, 3.1415,-0.0153,-0.0004,-0.7669
 0.1127, 0.0000, 3.1615, 3.1415,-0.0151,-0.0000,-0.7862
 0.1124, 0.0000, 3.1615, 3.1415,-0.0212,-0.0000,-1.2034
 0.1120, 0.0000, 3.1582, 3.1415,-0.0406,-0.2659, 4.6799
 0.1117, 0.0000, 3.1582, 3.1415,-0.0323,-0.0531, 2.2078
 0.1117, 0.0000, 3.1582, 3.1415,-0.0004,-0.0106, 1.7070
 0.1120, 0.0000, 3.1582, 3.1415, 0.0181,-0.0021, 2.4244
 0.1123, 0.0000, 3.1615, 3.1415, 0.0278, 0.2655,-4.6799
 0.1123, 0.0000, 3.1615, 3.1415, 0.0055, 0.0531,-2.7126
 0.1122, 0.0000, 3.1615, 3.1415,-0.0049, 0.0106,-0.7893
 0.1119, 0.0000, 3.1615, 3.1415,-0.0252, 0.0021,-1.6294
 0.1114, 0.0000, 3.1615, 3.1415,-0.0474, 0.0004,-3.0313
 0.1107, 0.0000, 3.1582, 3.1415,-0.0640,-0.2658, 4.6799
 0.1102, 0.0000, 3.1548, 3.1415,-0.0491,-0.3191, 4.6799
 0.1102, 0.0000, 3.1548, 3.1415,-0.0098,-0.0638, 4.6799
 0.1104, 0.0000, 3.1548, 3.1415, 0.0101,-0.0127, 3.3764
 0.1106, 0.0000, 3.1582, 3.1415, 0.0202, 0.2634,-4.6799
 0.1107, 0.0000, 3.1582, 3.1415, 0.0101, 0.0526,-1.5617
 0.1108, 0.0000, 3.1582, 3.1415, 0.0141, 0.0105, 1.3210
 0.1108, 0.0000, 3.1582, 3.1415, 0.0028, 0.0021, 1.0891
 0.1109, 0.0000, 3.1582, 3.1415, 0.0066, 0.0004, 1.4499
 0.1110, 0.0000, 3.1615, 3.1415, 0.0073, 0.2660,-4.6799
 0.1111, 0.0000, 3.1615, 3.1415, 0.0075, 0.0532,-2.6487
 0.1108, 0.0000, 3.1615, 3.1415,-0.0166, 0.0106,-1.6396
 0.1105, 0.0000, 3.1615, 3.1415,-0.0336, 0.0021,-2.2613
 0.1101, 0.0000, 3.1582, 3.1415,-0.0370,-0.2655, 4.6799
 0.1098, 0.0000, 3.1582, 3.1415,-0.0316,-0.0531, 2.1553
 0.1099, 0.0000, 3.1582, 3.1415, 0.0057,-0.0106, 2.0280
 0.1102, 0.0000, 3.1582, 3.1415, 0.0193,-0.0021, 2.4158
 0.1105, 0.0000, 3.1582, 3.1415, 0.0281,-0.0004, 2.9097
 0.1108, 0.0000, 3.1615, 3.1415, 0.0298, 0.2658,-4.6799
 0.1111, 0.0000, 3.1615, 3.1415, 0.0302, 0.0531,-1.1370
 0.1111, 0.0000, 3.1615, 3.1415, 0.0121, 0.0106, 0.2917
 0.1112, 0.0000, 3.1615, 3.1415, 0.0084, 0.0021, 0.5805
 0.1112, 0.0000, 3.1648, 3.1415, 0.0016, 0.2663,-4.6799
 0.1112, 0.0000, 3.1648, 3.1415, 0.0003, 0.0532,-4.0269
 0.1109, 0.0000, 3.1648, 3.1415,-0.0241, 0.0106,-3.0385
 0.1105, 0.0000, 3.1615, 3.1415,-0.0412,-0.2638, 4.6799
 0.1103, 0.0000, 3.1615, 3.1415,-0.0203,-0.0527, 2.0093
 0.1103, 0.0000, 3.1615, 3.1415,-0.0040,-0.0105, 0.4834
 0.1104, 0.0000, 3.1615, 3.1415, 0.0052,-0.0021, 0.5855
 0.1107, 0.0000, 3.1615, 3.1415, 0.0253,-0.0004, 1.8306
 0.1111, 0.0000, 3.1648, 3.1415, 0.0353, 0.2658,-4.6799
 0.1114, 0.0000, 3.1648, 3.1415, 0.0373, 0.0531,-1.5438
 0.1113, 0.0000, 3.1648, 3.1415,-0.0046, 0.0106,-1.7182
 0.1111, 0.0000, 3.1648, 3.1415,-0.0191, 0.0021,-2.1664
 0.1108, 0.0000, 3.1648, 3.1415,-0.0280, 0.0004,-2.6724
 0.1103, 0.0000, 3.1648, 3.1415,-0.0419, 0.0000,-3.6002
 0.1096, 0.0000, 3.1615, 3.1415,-0.0629,-0.2659, 4.6799
 0.1092, 0.0000, 3.1582, 3.1415,-0.0429,-0.3191, 4.6799
 0.1092, 0.0000, 3.1582, 3.1415,-0.0085,-0.0638, 4.3276
 0.1094, 0.0000, 3.1582, 3.1415, 0.0104,-0.0127, 2.4412
 0.1097, 0.0000, 3.1615, 3.1415, 0.0263, 0.2634,-4.6799
 0.1098, 0.0000, 3.1615, 3.1415, 0.0173, 0.0526,-2.0212
 0.1100, 0.0000, 3.1615, 3.1415, 0.0156, 0.0105, 0.4736
 0.1101, 0.0000, 3.1615, 3.1415, 0.0091, 0.0021, 0.5713
 0.1101, 0.0000, 3.1615, 3.1415, 0.0018, 0.0004, 0.1867
 0.1102, 0.0000, 3.1615, 3.1415, 0.0064, 0.0000, 0.5170
 0.1104, 0.0000, 3.1648, 3.1415, 0.0194, 0.2659,-4.6799
 0.1104, 0.0000, 3.1648, 3.1415, 0.0038, 0.0531,-3.8270
 0.1102, 0.0000, 3.1648, 3.1415,-0.0113, 0.0106,-2.2173
 0.1098, 0.0000, 3.1648, 3.1415,-0.0325, 0.0021,-3.1232
 0.1092, 0.0000, 3.1615, 3.1415,-0.0550,-0.2655, 4.6799
 0.1090, 0.0000, 3.1615, 3.1415,-0.0291,-0.0531, 1.3788
 0.1089, 0.0000, 3.1615, 3.1415,-0.0119,-0.0106,-0.1014
 0.1089, 0.0000, 3.1615, 3.1415,-0.0084,-0.0021,-0.4005
 0.1086, 0.0000, 3.1615, 3.1415,-0.0198,-0.0004,-1.2778
 0.1086, 0.0000, 3.1615, 3.1415,-0.0039,-0.0000,-0.2406
 0.1085, 0.0000, 3.1615, 3.1415,-0.0129,-0.0000,-0.8477
 0.1081, 0.0000, 3.1582, 3.1415,-0.0329,-0.2659, 4.6799
 0.1081, 0.0000, 3.1582, 3.1415,-0.0065,-0.0531, 3.7462
 0.1084, 0.0000, 3.1582, 3.1415, 0.0229,-0.0106, 3.0939
 0.1087, 0.0000, 3.1582, 3.1415, 0.0288,-0.0021, 2.9756
 0.1091, 0.0000, 3.1615, 3.1415, 0.0360, 0.2655,-4.6799
 0.1095, 0.0000, 3.1648, 3.1415, 0.0375, 0.3190,-4.6799
 0.1095, 0.0000, 3.1648, 3.1415, 0.0135, 0.0638,-3.8815
 0.1094, 0.0000, 3.1648, 3.1415,-0.0094, 0.0127,-2.2615
 0.1092, 0.0000, 3.1615, 3.1415,-0.0200,-0.2633, 4.6799
 0.1089, 0.0000, 3.1615, 3.1415,-0.0222,-0.0526, 1.8138
 0.1089, 0.0000, 3.1615, 3.1415,-0.0105,-0.0105,-0.0174
 0.1089, 0.0000, 3.1615, 3.1415, 0.0039,-0.0021, 0.4277
 0.1090, 0.0000, 3.1615, 3.1415, 0.0068,-0.0004, 0.5198
 0.1092, 0.0000, 3.1615, 3.1415, 0.0195,-0.0000, 1.3556
 0.1095, 0.0000, 3.1648, 3.1415, 0.0221, 0.2659,-4.6799
 0.1095, 0.0000, 3.1648, 3.1415, 0.0044, 0.0531,-3.8371
 0.1093, 0.0000, 3.1648, 3.1415,-0.0112, 0.0106,-2.2557
 0.1090, 0.0000, 3.1648, 3.1415,-0.0265, 0.0021,-2.7600
 0.1086, 0.0000, 3.1615, 3.1415,-0.0416,-0.2655, 4.6799
 0.1083, 0.0000, 3.1615, 3.1415,-0.0325,-0.0531, 1.1150
 0.1082, 0.0000, 3.1615, 3.1415,-0.0125,-0.0106,-0.1844
 0.1082, 0.0000, 3.1615, 3.1415,-0.0025,-0.0021,-0.0402
 0.1081, 0.0000, 3.1615, 3.1415,-0.0065,-0.0004,-0.4186
 0.1080, 0.0000, 3.1615, 3.1415,-0.0073,-0.0000,-0.4973
 0.1080, 0.0000, 3.1615, 3.1415,-0.0075,-0.0000,-0.5160
 0.1077, 0.0000, 3.1615, 3.1415,-0.0196,-0.0000,-1.3373
 0.1075, 0.0000, 3.1582, 3.1415,-0.0221,-0.2659, 4.6799
 0.1076, 0.0000, 3.1582, 3.1415, 0.0016,-0.0531, 4.2665
 0.1078, 0.0000, 3.1582, 3.1415, 0.0185,-0.0106, 2.7695
 0.1082, 0.0000, 3.1615, 3.1415, 0.0340, 0.2638,-4.6799
 0.1084, 0.0000, 3.1615, 3.1415, 0.0249, 0.0527,-1.5927
 0.1085, 0.0000, 3.1615, 3.1415, 0.0110, 0.0105, 0.0944
 0.1086, 0.0000, 3.1615, 3.1415, 0.0082, 0.0021, 0.4349
 0.1086, 0.0000, 3.1615, 3.1415, 0.0077, 0.0004, 0.5060
 0.1087, 0.0000, 3.1615, 3.1415, 0.0076, 0.0000, 0.5233
 0.1089, 0.0000, 3.1648, 3.1415, 0.0136, 0.2659,-4.6799
 0.1089, 0.0000, 3.1648, 3.1415, 0.0087, 0.0531,-3.5730
 0.1088, 0.0000, 3.1648, 3.1415,-0.0103, 0.0106,-2.2241
 0.1084, 0.0000, 3.1615, 3.1415,-0.0323,-0.2638, 4.6799
 0.1083, 0.0000, 3.1615, 3.1415,-0.0186,-0.0527, 2.0245
 0.1083, 0.0000, 3.1615, 3.1415, 0.0023,-0.0105, 0.8118
 0.1086, 0.0000, 3.1615, 3.1415, 0.0186,-0.0021, 1.3868
 0.1089, 0.0000, 3.1648, 3.1415, 0.0340, 0.2655,-4.6799
 0.1091, 0.0000, 3.1648, 3.1415, 0.0189, 0.0531,-2.8851
 0.1091, 0.0000, 3.1648, 3.1415, 0.0037, 0.0106,-1.2660
 0.1088, 0.0000, 3.1648, 3.1415,-0.0234, 0.0021,-2.5711
 0.1084, 0.0000, 3.1648, 3.1415,-0.0350, 0.0004,-3.2516
 0.1079, 0.0000, 3.1615, 3.1415,-0.0494,-0.2658, 4.6799
 0.1077, 0.0000, 3.1615, 3.1415,-0.0280,-0.0531, 1.3890
 0.1077, 0.0000, 3.1615, 3.1415,-0.0056,-0.0106, 0.2532
 0.1078, 0.0000, 3.1615, 3.1415, 0.0110,-0.0021, 0.8406
 0.1080, 0.0000, 3.1615, 3.1415, 0.0203,-0.0004, 1.3713
 0.1084, 0.0000, 3.1615, 3.1415, 0.0343,-0.0000, 2.3011
 0.1089, 0.0000, 3.1648, 3.1415, 0.0493, 0.2659,-4.6799
 0.1093, 0.0000, 3.1648, 3.1415, 0.0401, 0.0531,-1.4651
 0.1094, 0.0000, 3.1648, 3.1415, 0.0140, 0.0106,-0.5656
 0.1093, 0.0000, 3.1648, 3.1415,-0.0032, 0.0021,-1.1972
 0.1092, 0.0000, 3.1648, 3.1415,-0.0127, 0.0004,-1.7338
 0.1089, 0.0000, 3.1648, 3.1415,-0.0268, 0.0000,-2.6617
 0.1083, 0.0000, 3.1648, 3.1415,-0.0478, 0.0000,-4.0811
 0.1079, 0.0000, 3.1615, 3.1415,-0.0459,-0.2659, 4.6799
 0.1077, 0.0000, 3.1615, 3.1415,-0.0273,-0.0531, 1.4366
 0.1077, 0.0000, 3.1615, 3.1415,-0.0054,-0.0106, 0.2628
 0.1077, 0.0000, 3.1615, 3.1415, 0.0049,-0.0021, 0.4352
 0.1080, 0.0000, 3.1615, 3.1415, 0.0191,-0.0004, 1.2872
 0.1084, 0.0000, 3.1615, 3.1415, 0.0402,-0.0000, 2.6884
 0.1089, 0.0000, 3.1648, 3.1415, 0.0504, 0.2659,-4.6799