 0.0000, 0.0000, 0.0000, 0.0000, 0.0000, 0.0000, 0.0000
 0.0000, 0.0000, 0.0000, 0.0000, 0.0000, 0.0000, 0.0000
 0.0000, 0.0000, 0.0000, 0.0000, 0.0000, 0.0000, 0.0000
 0.0000, 0.0000, 0.0000, 0.0000, 0.0000, 0.0000, 0.0000
 0.0000, 0.0000, 0.0000, 0.0000, 0.0000, 0.0000, 0.0000
 0.0000, 0.0000, 0.0000, 0.0000, 0.0000, 0.0000, 0.0000
 0.0000, 0.0000, 0.0000, 0.0000, 0.0000, 0.0000, 0.0000
 0.0000, 0.0000, 0.0000, 0.0000, 0.0000, 0.0000, 0.0000
 0.0000, 0.0000, 0.0000, 0.0000, 0.0000, 0.0000, 0.0000
 0.0000, 0.0000, 0.0000, 0.0000, 0.0000, 0.0000, 0.0000
 0.0000, 0.0000, 0.0000, 0.0000, 0.0000, 0.0000, 0.0000
 0.0000, 0.0000, 0.0000, 0.0000, 0.0000, 0.0000, 0.0000
 0.0000, 0.0000, 0.0000, 0.0000, 0.0000, 0.0000, 0.0000
 0.0000, 0.0000, 0.0000, 0.0000, 0.0000, 0.0000, 0.0000
 0.0000, 0.0000, 0.0000, 0.0000, 0.0000, 0.0000, 0.0000
 0.0000, 0.0000, 0.0000, 0.0000, 0.0000, 0.0000, 0.0000
 0.0000, 0.0000, 0.0000, 0.0000, 0.0000, 0.0000, 0.0000
 0.0000, 0.0000, 0.0000, 0.0000, 0.0000, 0.0000, 0.0000
 0.0000, 0.0000, 0.0000, 0.0000, 0.0000, 0.0000, 0.0000
 0.0000, 0.0000, 0.0000, 0.0000, 0.0000, 0.0000, 0.0000
 0.0000, 0.0000, 0.0000, 0.0000, 0.0000, 0.0000, 0.0000
 0.0000, 0.0000, 0.0000, 0.0000, 0.0000, 0.0000, 0.0000
 0.0000, 0.0000, 0.0000, 0.0000, 0.0000, 0.0000, 0.0000
 0.0000, 0.0000, 0.0000, 0.0000, 0.0000, 0.0000, 0.0000
 0.0000, 0.0000, 0.0000, 0.0000, 0.0000, 0.0000, 0.0000
 0.0000, 0.0000, 0.0000, 0.0000, 0.0000, 0.0000, 0.0000
 0.0000, 0.0000, 0.0000, 0.0000, 0.0000, 0.0000, 0.0000
 0.0000, 0.0000, 0.0000, 0.0000, 0.0000, 0.0000, 0.0000
 0.0000, 0.0000, 0.0000, 0.0000, 0.0000, 0.0000, 0.0000
 0.0000, 0.0000, 0.0000, 0.0000, 0.0000, 0.0000, 0.0000
 0.0000, 0.0000, 0.0000, 0.0000, 0.0000, 0.0000, 0.0000
 0.0000, 0.0000, 0.0000, 0.0000, 0.0000, 0.0000, 0.0000
 0.0000, 0.0000, 0.0000, 0.0000, 0.0000, 0.0000, 0.0000
 0.0000, 0.0000, 0.0000, 0.0000, 0.0000, 0.0000, 0.0000
 0.0000, 0.0000, 0.0000, 0.0000, 0.0000, 0.0000, 0.0000
 0.0000, 0.0000, 0.0000, 0.0000, 0.0000, 0.0000, 0.0000
 0.0000, 0.0000, 0.0000, 0.0000, 0.0000, 0.0000, 0.0000
 0.0000, 0.0000, 0.0000, 0.0000, 0.0000, 0.0000, 0.0000
 0.0000, 0.0000, 0.0000, 0.0000, 0.0000, 0.0000, 0.0000
 0.0000, 0.0000, 0.0000, 0.0000, 0.0000, 0.0000, 0.0000
 0.0000, 0.0000, 0.0000, 0.0000, 0.0000, 0.0000, 0.0000
 0.0000, 0.0000, 0.0000, 0.0000, 0.0000, 0.0000, 0.0000
 0.0000, 0.0000, 0.0000, 0.0000, 0.0000, 0.0000, 0.0000
 0.0000, 0.0000, 0.0000, 0.0000, 0.0000, 0.0000, 0.0000
 0.0000, 0.0000, 0.0000, 0.0000, 0.0000, 0.0000, 0.0000
 0.0000, 0.0000, 0.0000, 0.0000, 0.0000, 0.0000, 0.0000
 0.0000, 0.0000, 0.0000, 0.0000, 0.0000, 0.0000, 0.0000
 0.0000, 0.0000, 0.0000, 0.0000, 0.0000, 0.0000, 0.0000
 0.0000, 0.0000, 0.0000, 0.0000, 0.0000, 0.0000, 0.0000
 0.0000, 0.0000, 0.0000, 0.0000, 0.0000, 0.0000, 0.0000
 0.0000, 0.0000, 0.0000, 0.0000, 0.0000, 0.0000, 0.0000
 0.0000, 0.0000, 0.0000, 0.0000, 0.0000, 0.0000, 0.0000
 0.0000, 0.0000, 0.0000, 0.0000, 0.0000, 0.0000, 0.0000
 0.0000, 0.0000, 0.0000, 0.0000, 0.0000, 0.0000, 0.0000
 0.0000, 0.0000, 0.0000, 0.0000, 0.0000, 0.0000, 0.0000
 0.0000, 0.0000, 0.0000, 0.0000, 0.0000, 0.0000, 0.0000
 0.0000, 0.0000, 0.0000, 0.0000, 0.0000, 0.0000, 0.0000
 0.0000, 0.0000, 0.0000, 0.0000, 0.0000, 0.0000, 0.0000
 0.0000, 0.0000, 0.0000, 0.0000, 0.0000, 0.0000, 0.0000
 0.0000, 0.0000, 0.0000, 0.0000, 0.0000, 0.0000, 0.0000
 0.0000, 0.0000, 0.0000, 0.0000, 0.0000, 0.0000, 0.0000
 0.0000, 0.0000, 0.0000, 0.0000, 0.0000, 0.0000, 0.0000
 0.0000, 0.0000, 0.0000, 0.0000, 0.0000, 0.0000, 0.0000
 0.0000, 0.0000, 0.0000, 0.0000, 0.0000, 0.0000, 0.0000
 0.0000, 0.0000, 0.0000, 0.0000, 0.0000, 0.0000, 0.0000
 0.0000, 0.0000, 0.0000, 0.0000, 0.0000, 0.0000, 0.0000
 0.0000, 0.0000, 0.0000, 0.0000, 0.0000, 0.0000, 0.0000
 0.0000, 0.0000, 0.0000, 0.0000, 0.0000, 0.0000, 0.0000
 0.0000, 0.0000, 0.0000, 0.0000, 0.0000, 0.0000, 0.0000
 0.0000, 0.0000, 0.0000, 0.0000, 0.0000, 0.0000, 0.0000
 0.0000, 0.0000, 0.0000, 0.0000, 0.0000, 0.0000, 0.0000
 0.0000, 0.0000, 0.0000, 0.0000, 0.0000, 0.0000, 0.0000
 0.0000, 0.0000, 0.0000, 0.0000, 0.0000, 0.0000, 0.0000
 0.0000, 0.0000, 0.0000, 0.0000, 0.0000, 0.0000, 0.0000
 0.0000, 0.0000, 0.0000, 0.0000, 0.0000, 0.0000, 0.0000
 0.0000, 0.0000, 0.0000, 0.0000, 0.0000, 0.0000, 0.0000
 0.0000, 0.0000, 0.0000, 0.0000, 0.0000, 0.0000, 0.0000
 0.0000, 0.0000, 0.0000, 0.0000, 0.0000, 0.0000, 0.0000
 0.0000, 0.0000, 0.0000, 0.0000, 0.0000, 0.0000, 0.0000
 0.0000, 0.0000, 0.0000, 0.0000, 0.0000, 0.0000, 0.0000
 0.0000, 0.0000, 0.0000, 0.0000, 0.0000, 0.0000, 0.0000
 0.0000, 0.0000, 0.0000, 0.0000, 0.0000, 0.0000, 0.0000
 0.0000, 0.0000, 0.0000, 0.0000, 0.0000, 0.0000, 0.0000
 0.0000, 0.0000, 0.0000, 0.0000, 0.0000, 0.0000, 0.0000
 0.0000, 0.0000, 0.0000, 0.0000, 0.0000, 0.0000, 0.0000
 0.0000, 0.0000, 0.0000, 0.0000, 0.0000, 0.0000, 0.0000
 0.0000, 0.0000, 0.0000, 0.0000, 0.0000, 0.0000, 0.0000
 0.0000, 0.0000, 0.0000, 0.0000, 0.0000, 0.0000, 0.0000
 0.0000, 0.0000, 0.0000, 0.0000, 0.0000, 0.0000, 0.0000
 0.0000, 0.0000, 0.0000, 0.0000, 0.0000, 0.0000, 0.0000
 0.0000, 0.0000, 0.0000, 0.0000, 0.0000, 0.0000, 0.0000
 0.0000, 0.0000, 0.0000, 0.0000, 0.0000, 0.0000, 0.0000
 0.0000, 0.0000, 0.0000, 0.0000, 0.0000, 0.0000, 0.0000
 0.0000, 0.0000, 0.0000, 0.0000, 0.0000, 0.0000, 0.0000
 0.0000, 0.0000, 0.0000, 0.0000, 0.0000, 0.0000, 0.0000
 0.0000, 0.0000, 0.0000, 0.0000, 0.0000, 0.0000, 0.0000
 0.0000, 0.0000, 0.0000, 0.0000, 0.0000, 0.0000, 0.0000
 0.0000, 0.0000, 0.0000, 0.0000, 0.0000, 0.0000, 0.0000
 0.0000, 0.0000, 0.0000, 0.0000, 0.0000, 0.0000, 0.0000
 0.0000, 0.0000, 0.0000, 0.0000, 0.0000, 0.0000, 0.0000
 0.0000, 0.0000, 0.0000, 0.0000, 0.0000, 0.0000, 0.0000
 0.0000, 0.0000, 0.0000, 0.0000, 0.0000, 0.0000, 0.0000
 0.0000, 0.0000, 0.0000, 0.0000, 0.0000, 0.0000, 0.0000
 0.0000, 0.0000, 0.0000, 0.0000, 0.0000, 0.0000, 0.0000
 0.0000, 0.0000, 0.0000, 0.0000, 0.0000, 0.0000, 0.0000
 0.0000, 0.0000, 0.0000, 0.0000, 0.0000, 0.0000, 0.0000
 0.0000, 0.0000, 0.0000, 0.0000, 0.0000, 0.0000, 0.0000
 0.0000, 0.0000, 0.0000, 0.0000, 0.0000, 0.0000, 0.0000
 0.0000, 0.0000, 0.0000, 0.0000, 0.0000, 0.0000, 0.0000
 0.0000, 0.0000, 0.0000, 0.0000, 0.0000, 0.0000, 0.0000
 0.0000, 0.0000, 0.0000, 0.0000, 0.0000, 0.0000, 0.0000
 0.0000, 0.0000, 0.0000, 0.0000, 0.0000, 0.0000, 0.0000
 0.0000, 0.0000, 0.0000, 0.0000, 0.0000, 0.0000, 0.0000
 0.0000, 0.0000, 0.0000, 0.0000, 0.0000, 0.0000, 0.0000
 0.0000, 0.0000, 0.0000, 0.0000, 0.0000, 0.0000, 0.0000
 0.0000, 0.0000, 0.0000, 0.0000, 0.0000, 0.0000, 0.0000
 0.0000, 0.0000, 0.0000, 0.0000, 0.0000, 0.0000, 0.0000
 0.0000, 0.0000, 0.0000, 0.0000, 0.0000, 0.0000, 0.0000
 0.0000, 0.0000, 0.0000, 0.0000, 0.0000, 0.0000, 0.0000
 0.0000, 0.0000, 0.0000, 0.0000, 0.0000, 0.0000, 0.0000
 0.0000, 0.0000, 0.0000, 0.0000, 0.0000, 0.0000, 0.0000
 0.0000, 0.0000, 0.0000, 0.0000, 0.0000, 0.0000, 0.0000
 0.0000, 0.0000, 0.0000, 0.0000, 0.0000, 0.0000, 0.0000
 0.0000, 0.0000, 0.0000, 0.0000, 0.0000, 0.0000, 0.0000
 0.0000, 0.0000, 0.0000, 0.0000, 0.0000, 0.0000, 0.0000
 0.0000, 0.0000, 0.0000, 0.0000, 0.0000, 0.0000, 0.0000
 0.0000, 0.0000, 0.0000, 0.0000, 0.0000, 0.0000, 0.0000
 0.0000, 0.0000, 0.0000, 0.0000, 0.0000, 0.0000, 0.0000
 0.0000, 0.0000, 0.0000, 0.0000, 0.0000, 0.0000, 0.0000
 0.0000, 0.0000, 0.0000, 0.0000, 0.0000, 0.0000, 0.0000
 0.0000, 0.0000, 0.0000, 0.0000, 0.0000, 0.0000, 0.0000
 0.0000, 0.0000, 0.0000, 0.0000, 0.0000, 0.0000, 0.0000
 0.0000, 0.0000, 0.0000, 0.0000, 0.0000, 0.0000, 0.0000
 0.0000, 0.0000, 0.0000, 0.0000, 0.0000, 0.0000, 0.0000
 0.0000, 0.0000, 0.0000, 0.0000, 0.0000, 0.0000, 0.0000
 0.0000, 0.0000, 0.0000, 0.0000, 0.0000, 0.0000, 0.0000
 0.0000, 0.0000, 0.0000, 0.0000, 0.0000, 0.0000, 0.0000
 0.0000, 0.0000, 0.0000, 0.0000, 0.0000, 0.0000, 0.0000
 0.0000, 0.0000, 0.0000, 0.0000, 0.0000, 0.0000, 0.0000
 0.0000, 0.0000, 0.0031, 0.0000, 0.0000, 0.2513, 0.0000
 0.0000, 0.0000, 0.0031, 0.0000, 0.0000, 0.0502, 0.0000
 0.0000, 0.0000, 0.0031, 0.0000, 0.0000, 0.0100, 0.0000
 0.0000, 0.0000, 0.0062, 0.0000, 0.0000, 0.2533, 0.0000
 0.0000, 0.0000, 0.0094, 0.0000, 0.0000, 0.3019, 0.0000
 0.0000, 0.0000, 0.0125, 0.0000, 0.0000, 0.3117, 0.0000
 0.0000, 0.0000, 0.0188, 0.0000, 0.0000, 0.5650, 0.0000
 0.0000, 0.0000, 0.0251, 0.0000, 0.0000, 0.6156, 0.0000
 0.0000, 0.0000, 0.0314, 0.0000, 0.0000, 0.6257, 0.0000
 0.0000, 0.0000, 0.0376, 0.0000, 0.0000, 0.6278, 0.0000
 0.0000, 0.0000, 0.0471, 0.0000, 0.0000, 0.8795, 0.0000
 0.0000, 0.0000, 0.0534, 0.0000, 0.0000, 0.6785, 0.0000
 0.0000, 0.0000, 0.0628, 0.0000, 0.0000, 0.8896, 0.0000
 0.0000, 0.0000, 0.0753, 0.0000, 0.0000, 1.1832, 0.0000
 0.0000, 0.0000, 0.0848, 0.0000, 0.0000, 0.9906, 0.0000
-0.0000, 0.0000, 0.0973, 0.0000,-0.0060, 1.2034, 0.0000
-0.0000, 0.0000, 0.1099, 0.0000,-0.0012, 1.2459, 0.0000
-0.0000, 0.0000, 0.1256, 0.0000,-0.0002, 1.5058, 0.0000
-0.0000, 0.0000, 0.1413, 0.0000,-0.0000, 1.5578, 0.0000
-0.0000, 0.0000, 0.1570, 0.0000,-0.0000, 1.5681, 0.0000
-0.0001, 0.0000, 0.1759, 0.0000,-0.0060, 1.8216, 0.0000
-0.0001, 0.0000, 0.1947, 0.0000,-0.0012, 1.8722, 0.0000
-0.0001, 0.0000, 0.2136, 0.0000,-0.0002, 1.8824, 0.0000
-0.0002, 0.0000, 0.2324, 0.0000,-0.0061, 1.8844, 0.0000
-0.0002, 0.0000, 0.2544, 0.0000,-0.0012, 2.1361, 0.0000
-0.0002, 0.0000, 0.2764, 0.0000,-0.0002, 2.1865, 0.0000
-0.0002, 0.0000, 0.2984, 0.0000,-0.0000, 2.1965, 0.0000
-0.0002, 0.0000, 0.3204, 0.0000,-0.0000, 2.1986, 0.0000
-0.0002, 0.0000, 0.3455, 0.0000,-0.0000, 2.4503, 0.0000
-0.0002, 0.0000, 0.3675, 0.0000,-0.0000, 2.2493, 0.0000
-0.0002, 0.0000, 0.3926, 0.0000,-0.0000, 2.4604, 0.0000
-0.0002, 0.0000, 0.4146, 0.0000,-0.0000, 2.2513, 0.0000
-0.0003, 0.0000, 0.4398, 0.0000,-0.0060, 2.4608, 0.0000
-0.0003, 0.0000, 0.4618, 0.0000,-0.0012, 2.2514, 0.0000
-0.0003, 0.0000, 0.4869, 0.0000,-0.0002, 2.4609, 0.0000
-0.0003, 0.0000, 0.5120, 0.0000,-0.0000, 2.5028, 0.0000
-0.0003, 0.0000, 0.5340, 0.0000,-0.0000, 2.2598, 0.0000
-0.0003, 0.0000, 0.5592, 0.0000,-0.0000, 2.4625, 0.0000
-0.0003, 0.0000, 0.5843, 0.0000,-0.0000, 2.5031, 0.0000
-0.0003, 0.0000, 0.6063, 0.0000,-0.0000, 2.2599, 0.0000
-0.0003, 0.0000, 0.6314, 0.0000,-0.0000, 2.4626, 0.0000
-0.0003, 0.0000, 0.6534, 0.0000,-0.0000, 2.2518, 0.0000
-0.0003, 0.0000, 0.6754, 0.0000,-0.0000, 2.2096, 0.0000
-0.0003, 0.0000, 0.7005, 0.0000,-0.0000, 2.4525, 0.0000
-0.0003, 0.0000, 0.7225, 0.0000,-0.0000, 2.2498, 0.0000
-0.0003, 0.0000, 0.7445, 0.0000,-0.0000, 2.2092, 0.0000
-0.0003, 0.0000, 0.7665, 0.0000,-0.0000, 2.2011, 0.0000
-0.0003, 0.0000, 0.7853, 0.0000,-0.0000, 1.9481, 0.0000
-0.0003, 0.0000, 0.8073, 0.0000,-0.0000, 2.1489, 0.0000
-0.0003, 0.0000, 0.8293, 0.0000,-0.0000, 2.1890, 0.0000
-0.0003, 0.0000, 0.8482, 0.0000,-0.0000, 1.9457, 0.0000
-0.0003, 0.0000, 0.8702, 0.0000,-0.0000, 2.1484, 0.0000
-0.0003, 0.0000, 0.8890, 0.0000,-0.0000, 1.9376, 0.0000
-0.0003, 0.0000, 0.9079, 0.0000,-0.0000, 1.8954, 0.0000
-0.0003, 0.0000, 0.9267, 0.0000,-0.0000, 1.8870, 0.0000
-0.0003, 0.0000, 0.9487, 0.0000,-0.0000, 2.1367, 0.0000
-0.0003, 0.0000, 0.9676, 0.0000,-0.0000, 1.9353, 0.0000
-0.0003, 0.0000, 0.9864, 0.0000,-0.0000, 1.8950, 0.0000
-0.0003, 0.0000, 1.0053, 0.0000,-0.0000, 1.8869, 0.0000
-0.0003, 0.0000, 1.0241, 0.0000,-0.0000, 1.8853, 0.0000
-0.0003, 0.0000, 1.0430, 0.0000,-0.0000, 1.8850, 0.0000
-0.0003, 0.0000, 1.0618, 0.0000,-0.0000, 1.8849, 0.0000
-0.0003, 0.0000, 1.0807, 0.0000,-0.0000, 1.8849, 0.0000
-0.0003, 0.0000, 1.0995, 0.0000,-0.0000, 1.8849, 0.0000
-0.0003, 0.0000, 1.1184, 0.0000,-0.0000, 1.8849, 0.0000
-0.0003, 0.0000, 1.1372, 0.0000,-0.0000, 1.8849, 0.0000
-0.0003, 0.0000, 1.1592, 0.0000,-0.0000, 2.1362, 0.0000
-0.0003, 0.0000, 1.1780, 0.0000,-0.0000, 1.9352, 0.0000
-0.0003, 0.0000, 1.1969, 0.0000,-0.0000, 1.8950, 0.0000
-0.0003, 0.0000, 1.2157, 0.0000,-0.0000, 1.8869, 0.0000
-0.0003, 0.0000, 1.2346, 0.0000,-0.0000, 1.8853, 0.0000
-0.0003, 0.0000, 1.2566, 0.0000,-0.0000, 2.1363, 0.0000
-0.0003, 0.0000, 1.2754, 0.0000,-0.0000, 1.9352, 0.0000
-0.0003, 0.0000, 1.2974, 0.0000,-0.0000, 2.1463, 0.0000
-0.0003, 0.0000, 1.3194, 0.0000,-0.0000, 2.1885, 0.0000
-0.0003, 0.0000, 1.3414, 0.0000,-0.0000, 2.1970, 0.0000
-0.0003, 0.0000, 1.3634, 0.0000,-0.0000, 2.1986, 0.0000
-0.0003, 0.0000, 1.3854, 0.0000,-0.0000, 2.1990, 0.0000
-0.0003, 0.0000, 1.4105, 0.0000,-0.0000, 2.4504, 0.0000
-0.0003, 0.0000, 1.4325, 0.0000,-0.0000, 2.2493, 0.0000
-0.0003, 0.0000, 1.4545, 0.0000,-0.0000, 2.2091, 0.0000
-0.0003, 0.0000, 1.4796, 0.0000,-0.0000, 2.4524, 0.0000
-0.0003, 0.0000, 1.5016, 0.0000,-0.0000, 2.2497, 0.0000
-0.0003, 0.0000, 1.5268, 0.0000,-0.0000, 2.4605, 0.0000
-0.0003, 0.0000, 1.5519, 0.0000, 0.0000, 2.5027, 0.0000
-0.0003, 0.0000, 1.5770, 0.0000, 0.0000, 2.5111, 0.0000
-0.0003, 0.0000, 1.6022, 0.0000, 0.0000, 2.5128, 0.0000
-0.0003, 0.0000, 1.6273, 0.0000, 0.0000, 2.5131, 0.0000
-0.0003, 0.0000, 1.6493, 0.0000, 0.0000, 2.2619, 0.0000
-0.0003, 0.0000, 1.6744, 0.0000, 0.0000, 2.4630, 0.0000
-0.0003, 0.0000, 1.7027, 0.0000, 0.0000, 2.7545, 0.0000
-0.0003, 0.0000, 1.7278, 0.0000, 0.0000, 2.5615, 0.0000
-0.0003, 0.0000, 1.7530, 0.0000, 0.0000, 2.5229, 0.0000
-0.0003, 0.0000, 1.7812, 0.0000, 0.0000, 2.7665, 0.0000
-0.0003, 0.0000, 1.8064, 0.0000, 0.0000, 2.5639, 0.0000
-0.0003, 0.0000, 1.8315, 0.0000, 0.0000, 2.5234, 0.0000
-0.0003, 0.0000, 1.8598, 0.0000, 0.0000, 2.7666, 0.0000
-0.0003, 0.0000, 1.8849, 0.0000, 0.0000, 2.5639, 0.0000
-0.0003, 0.0000, 1.9132, 0.0000, 0.0000, 2.7747, 0.0000
-0.0003, 0.0000, 1.9383, 0.0000, 0.0000, 2.5655, 0.0000
-0.0003, 0.0000, 1.9634, 0.0000, 0.0000, 2.5237, 0.0000
-0.0003, 0.0000, 1.9886, 0.0000, 0.0000, 2.5153, 0.0000
-0.0003, 0.0000, 2.0137, 0.0000, 0.0000, 2.5136, 0.0000
-0.0003, 0.0000, 2.0420, 0.0000, 0.0000, 2.7646, 0.0000
-0.0003, 0.0000, 2.0671, 0.0000, 0.0000, 2.5635, 0.0000
-0.0003, 0.0000, 2.0923, 0.0000, 0.0000, 2.5233, 0.0000
-0.0003, 0.0000, 2.1174, 0.0000, 0.0000, 2.5152, 0.0000
-0.0003, 0.0000, 2.1425, 0.0000, 0.0000, 2.5136, 0.0000
-0.0003, 0.0000, 2.1676, 0.0000, 0.0000, 2.5133, 0.0000
-0.0003, 0.0000, 2.1928, 0.0000, 0.0000, 2.5132, 0.0000
-0.0003, 0.0000, 2.2179, 0.0000, 0.0000, 2.5132, 0.0000
-0.0003, 0.0000, 2.2430, 0.0000, 0.0000, 2.5132, 0.0000
-0.0003, 0.0000, 2.2682, 0.0000, 0.0000, 2.5132, 0.0000
-0.0003, 0.0000, 2.2933, 0.0000, 0.0000, 2.5132, 0.0000
-0.0003, 0.0000, 2.3184, 0.0000, 0.0000, 2.5132, 0.0000
-0.0003, 0.0000, 2.3404, 0.0000, 0.0000, 2.2619, 0.0000
-0.0003, 0.0000, 2.3656, 0.0000, 0.0000, 2.4630, 0.0000
-0.0003, 0.0000, 2.3876, 0.0000, 0.0000, 2.2518, 0.0000
-0.0003, 0.0000, 2.4096, 0.0000, 0.0000, 2.2096, 0.0000
-0.0003, 0.0000, 2.4315, 0.0000, 0.0000, 2.2012, 0.0000
-0.0003, 0.0000, 2.4535, 0.0000, 0.0000, 2.1995, 0.0000
-0.0003, 0.0000, 2.4724, 0.0000, 0.0000, 1.9478, 0.0000
-0.0003, 0.0000, 2.4944, 0.0000, 0.0000, 2.1488, 0.0000
-0.0003, 0.0000, 2.5132, 0.0000, 0.0000, 1.9377, 0.0000
-0.0003, 0.0000, 2.5321, 0.0000, 0.0000, 1.8955, 0.0000
-0.0003, 0.0000, 2.5509, 0.0000, 0.0000, 1.8870, 0.0000
-0.0003, 0.0000, 2.5698, 0.0000, 0.0000, 1.8853, 0.0000
-0.0003, 0.0000, 2.5855, 0.0000, 0.0000, 1.6336, 0.0000
-0.0003, 0.0000, 2.6012, 0.0000, 0.0000, 1.5833, 0.0000
-0.0003, 0.0000, 2.6169, 0.0000, 0.0000, 1.5733, 0.0000
-0.0003, 0.0000, 2.6326, 0.0000, 0.0000, 1.5713, 0.0000
-0.0003, 0.0000, 2.6452, 0.0000, 0.0000, 1.3195, 0.0000
-0.0003, 0.0000, 2.6609, 0.0000, 0.0000, 1.5205, 0.0000
-0.0003, 0.0000, 2.6734, 0.0000, 0.0000, 1.3094, 0.0000
-0.0003, 0.0000, 2.6860, 0.0000, 0.0000, 1.2671, 0.0000
-0.0003, 0.0000, 2.6986, 0.0000, 0.0000, 1.2587, 0.0000
-0.0003, 0.0000, 2.7080, 0.0000, 0.0000, 1.0057, 0.0000
-0.0003, 0.0000, 2.7174, 0.0000, 0.0000, 0.9551, 0.0000
-0.0003, 0.0000, 2.7300, 0.0000, 0.0000, 1.1963, 0.0000
-0.0003, 0.0000, 2.7394, 0.0000, 0.0000, 0.9932, 0.0000
-0.0003, 0.0000, 2.7488, 0.0000, 0.0000, 0.9526, 0.0000
-0.0003, 0.0000, 2.7583, 0.0000, 0.0000, 0.9445, 0.0000
-0.0003, 0.0000, 2.7646, 0.0000, 0.0000, 0.6915, 0.0000
-0.0003, 0.0000, 2.7740, 0.0000, 0.0000, 0.8922, 0.0000
-0.0003, 0.0000, 2.7803, 0.0000, 0.0000, 0.6811, 0.0000
-0.0003, 0.0000, 2.7897, 0.0000, 0.0000, 0.8902, 0.0000
-0.0003, 0.0000, 2.7960, 0.0000, 0.0000, 0.6806, 0.0000
-0.0003, 0.0000, 2.8023, 0.0000, 0.0000, 0.6387, 0.0000
-0.0003, 0.0000, 2.8117, 0.0000, 0.0000, 0.8817, 0.0000
-0.0003, 0.0000, 2.8180, 0.0000, 0.0000, 0.6789, 0.0000
-0.0003, 0.0000, 2.8242, 0.0000, 0.0000, 0.6384, 0.0000
-0.0003, 0.0000, 2.8305, 0.0000, 0.0000, 0.6303, 0.0000
-0.0003, 0.0000, 2.8368, 0.0000, 0.0000, 0.6287, 0.0000
-0.0003, 0.0000, 2.8431, 0.0000, 0.0000, 0.6284, 0.0000
-0.0003, 0.0000, 2.8525, 0.0000, 0.0000, 0.8796, 0.0000
-0.0003, 0.0000, 2.8588, 0.0000, 0.0000, 0.6785, 0.0000
-0.0003, 0.0000, 2.8651, 0.0000, 0.0000, 0.6383, 0.0000
-0.0003, 0.0000, 2.8714, 0.0000, 0.0000, 0.6303, 0.0000
-0.0003, 0.0000, 2.8776, 0.0000, 0.0000, 0.6287, 0.0000
-0.0003, 0.0000, 2.8839, 0.0000, 0.0000, 0.6284, 0.0000
-0.0003, 0.0000, 2.8934, 0.0000, 0.0000, 0.8796, 0.0000
-0.0003, 0.0000, 2.8996, 0.0000, 0.0000, 0.6785, 0.0000
-0.0003, 0.0000, 2.9059, 0.0000, 0.0000, 0.6383, 0.0000
-0.0003, 0.0000, 2.9153, 0.0000, 0.0000, 0.8816, 0.0000
-0.0003, 0.0000, 2.9216, 0.0000, 0.0000, 0.6789, 0.0000
-0.0003, 0.0000, 2.9311, 0.0000, 0.0000, 0.8897, 0.0000
-0.0003, 0.0000, 2.9373, 0.0000, 0.0000, 0.6806, 0.0000
-0.0003, 0.0000, 2.9436, 0.0000, 0.0000, 0.6387, 0.0000
-0.0003, 0.0000, 2.9530, 0.0000, 0.0000, 0.8817, 0.0000
-0.0003, 0.0000, 2.9593, 0.0000, 0.0000, 0.6790, 0.0000
-0.0003, 0.0000, 2.9688, 0.0000, 0.0000, 0.8897, 0.0000
-0.0003, 0.0000, 2.9750, 0.0000, 0.0000, 0.6806, 0.0000
-0.0003, 0.0000, 2.9845, 0.0000, 0.0000, 0.8900, 0.0000
-0.0003, 0.0000, 2.9907, 0.0000, 0.0000, 0.6806, 0.0000
-0.0003, 0.0000, 3.0002, 0.0000, 0.0000, 0.8901, 0.0000
-0.0003, 0.0000, 3.0096, 0.0000, 0.0000, 0.9320, 0.0000
-0.0003, 0.0000, 3.0159, 0.0000, 0.0000, 0.6890, 0.0000
-0.0003, 0.0000, 3.0222, 0.0000, 0.0000, 0.6404, 0.0000
-0.0003, 0.0000, 3.0253, 0.0000, 0.0000, 0.3794, 0.0000
-0.0003, 0.0000, 3.0284, 0.0000, 0.0000, 0.3271, 0.0000
-0.0003, 0.0000, 3.0316, 0.0000, 0.0000, 0.3167, 0.0000
-0.0003, 0.0000, 3.0316, 0.0000, 0.0000, 0.0633, 0.0000
-0.0003, 0.0000, 3.0347, 0.0000, 0.0000, 0.2639, 0.0000
-0.0003, 0.0000, 3.0347, 0.0000, 0.0000, 0.0527, 0.0000
-0.0003, 0.0000, 3.0347, 0.0000, 0.0000, 0.0105, 0.0000
-0.0003, 0.0000, 3.0379, 0.0000, 0.0000, 0.2534, 0.0000
-0.0003, 0.0000, 3.0379, 0.0000, 0.0000, 0.0506, 0.0000
-0.0003, 0.0000, 3.0379, 0.0000, 0.0000, 0.0101, 0.0000
-0.0003, 0.0000, 3.0379, 0.0000, 0.0000, 0.0020, 0.0000
-0.0003, 0.0000, 3.0379, 0.0000, 0.0000, 0.0004, 0.0000
-0.0003, 0.0000, 3.0379, 0.0000, 0.0000, 0.0000, 0.0000
-0.0003, 0.0000, 3.0379, 0.0000, 0.0000, 0.0000, 0.0000
-0.0003, 0.0000, 3.0379, 0.0000, 0.0000, 0.0000, 0.0000
-0.0003, 0.0000, 3.0379, 0.0000, 0.0000, 0.0000, 0.0000
-0.0003, 0.0000, 3.0379, 0.0000, 0.0000, 0.0000, 0.0000
-0.0003, 0.0000, 3.0379, 0.0000, 0.0000, 0.0000, 0.0000
-0.0003, 0.0000, 3.0379, 0.0000, 0.0000, 0.0000, 0.0000
-0.0003, 0.0000, 3.0379, 0.0000, 0.0000, 0.0000, 0.0000
-0.0003, 0.0000, 3.0379, 0.0000, 0.0000, 0.0000, 0.0000
-0.0003, 0.0000, 3.0379, 0.0000, 0.0000, 0.0000, 0.0000
-0.0003, 0.0000, 3.0410, 0.0000, 0.0000, 0.2513, 0.0000
-0.0003, 0.0000, 3.0410, 0.0000, 0.0000, 0.0502, 0.0000
-0.0003, 0.0000, 3.0410, 0.0000, 0.0000, 0.0100, 0.0000
-0.0003, 0.0000, 3.0410, 0.0000, 0.0000, 0.0020, 0.0000
-0.0003, 0.0000, 3.0410, 0.0000, 0.0000, 0.0004, 0.0000
-0.0003, 0.0000, 3.0442, 0.0000, 0.0000, 0.2514, 0.0000
-0.0003, 0.0000, 3.0442, 0.0000, 0.0000, 0.0502, 0.0000
-0.0003, 0.0000, 3.0442, 0.0000, 0.0000, 0.0100, 0.0000
-0.0003, 0.0000, 3.0442, 0.0000, 0.0000, 0.0020, 0.0000
-0.0003, 0.0000, 3.0473, 0.0000, 0.0000, 0.2517, 0.0000
-0.0003, 0.0000, 3.0473, 0.0000, 0.0000, 0.0503, 0.0000
-0.0003, 0.0000, 3.0473, 0.0000, 0.0000, 0.0100, 0.0000
-0.0003, 0.0000, 3.0473, 0.0000, 0.0000, 0.0020, 0.0000
-0.0003, 0.0000, 3.0504, 0.0000, 0.0000, 0.2517, 0.0000
-0.0003, 0.0000, 3.0504, 0.0000, 0.0000, 0.0503, 0.0000
-0.0003, 0.0000, 3.0504, 0.0000, 0.0000, 0.0100, 0.0000
-0.0003, 0.0000, 3.0504, 0.0000, 0.0000, 0.0020, 0.0000
-0.0003, 0.0000, 3.0504, 0.0000, 0.0000, 0.0004, 0.0000
-0.0003, 0.0000, 3.0536, 0.0000, 0.0000, 0.2514, 0.0000
-0.0003, 0.0000, 3.0567, 0.0000, 0.0000, 0.3015, 0.0000
-0.0003, 0.0000, 3.0567, 0.0000, 0.0000, 0.0603, 0.0000
-0.0003, 0.0000, 3.0599, 0.0000, 0.0000, 0.2634, 0.0000
-0.0003, 0.0000, 3.0599, 0.0000, 0.0000, 0.0526, 0.0000
-0.0003, 0.0000, 3.0630, 0.0000, 0.0000, 0.2618, 0.0000
-0.0003, 0.0000, 3.0630, 0.0000, 0.0000, 0.0523, 0.0000
-0.0003, 0.0000, 3.0661, 0.0000, 0.0000, 0.2618, 0.0000
-0.0003, 0.0000, 3.0661, 0.0000, 0.0000, 0.0523, 0.0000
-0.0003, 0.0000, 3.0661, 0.0000, 0.0000, 0.0104, 0.0000
-0.0003, 0.0000, 3.0661, 0.0000, 0.0000, 0.0020, 0.0000
-0.0003, 0.0000, 3.0661, 0.0000, 0.0000, 0.0004, 0.0000
-0.0003, 0.0000, 3.0661, 0.0000, 0.0000, 0.0000, 0.0000
-0.0003, 0.0000, 3.0661, 0.0000, 0.0000, 0.0000, 0.0000
-0.0003, 0.0000, 3.0661, 0.0000, 0.0000, 0.0000, 0.0000
-0.0003, 0.0000, 3.0661, 0.0000, 0.0000, 0.0000, 0.0000
-0.0003, 0.0000, 3.0693, 0.0000, 0.0000, 0.2513, 0.0000
-0.0003, 0.0000, 3.0693, 0.0000, 0.0000, 0.0502, 0.0000
-0.0003, 0.0000, 3.0693, 0.0000, 0.0000, 0.0100, 0.0000
-0.0003, 0.0000, 3.0693, 0.0000, 0.0000, 0.0020, 0.0000
-0.0003, 0.0000, 3.0693, 0.0000, 0.0000, 0.0004, 0.0000
-0.0003, 0.0000, 3.0661, 0.0000, 0.0000,-0.2512, 0.0000
-0.0003, 0.0000, 3.0661, 0.0000, 0.0000,-0.0502, 0.0000
-0.0003, 0.0000, 3.0661, 0.0000, 0.0000,-0.0100, 0.0000
-0.0003, 0.0000, 3.0661, 0.0000, 0.0000,-0.0020, 0.0000
-0.0003, 0.0000, 3.0661, 0.0000, 0.0000,-0.0004, 0.0000
-0.0003, 0.0000, 3.0661, 0.0000, 0.0000,-0.0000, 0.0000
-0.0003, 0.0000, 3.0630, 0.0000, 0.0000,-0.2513, 0.0000
-0.0003, 0.0000, 3.0630, 0.0000, 0.0000,-0.0502, 0.0000
-0.0003, 0.0000, 3.0630, 0.0000, 0.0000,-0.0100, 0.0000
-0.0003, 0.0000, 3.0630, 0.0000, 0.0000,-0.0020, 0.0000
-0.0003, 0.0000, 3.0630, 0.0000, 0.0000,-0.0004, 0.0000
-0.0003, 0.0000, 3.0599, 0.0000, 0.0000,-0.2513, 0.0000
-0.0003, 0.0000, 3.0599, 0.0000, 0.0000,-0.0502, 0.0000
-0.0003, 0.0000, 3.0599, 0.0000, 0.0000,-0.0100, 0.0000
-0.0003, 0.0000, 3.0599, 0.0000, 0.0000,-0.0020, 0.0000
-0.0003, 0.0000, 3.0599, 0.0000, 0.0000,-0.0004, 0.0000
-0.0003, 0.0000, 3.0599, 0.0000, 0.0000,-0.0000, 0.0000
-0.0003, 0.0000, 3.0599, 0.0000, 0.0000,-0.0000, 0.0000
-0.0003, 0.0000, 3.0599, 0.0000, 0.0000,-0.0000, 0.0000
-0.0003, 0.0000, 3.0599, 0.0000, 0.0000,-0.0000, 0.0000
-0.0003, 0.0000, 3.0630, 0.0000, 0.0000, 0.2513, 0.0000
-0.0003, 0.0000, 3.0630, 0.0000, 0.0000, 0.0502, 0.0000
-0.0003, 0.0000, 3.0661, 0.0000, 0.0000, 0.2613, 0.0000
-0.0003, 0.0000, 3.0661, 0.0000, 0.0000, 0.0522, 0.0000
-0.0003, 0.0000, 3.0693, 0.0000, 0.0000, 0.2617, 0.0000
-0.0003, 0.0000, 3.0724, 0.0000, 0.0000, 0.3036, 0.0000
-0.0003, 0.0000, 3.0724, 0.0000, 0.0000, 0.0607, 0.0000
-0.0003, 0.0000, 3.0756, 0.0000, 0.0000, 0.2634, 0.0000
-0.0003, 0.0000, 3.0756, 0.0000, 0.0000, 0.0526, 0.0000
-0.0003, 0.0000, 3.0787, 0.0000, 0.0000, 0.2618, 0.0000
-0.0003, 0.0000, 3.0787, 0.0000, 0.0000, 0.0523, 0.0000
-0.0003, 0.0000, 3.0787, 0.0000, 0.0000, 0.0104, 0.0000
-0.0003, 0.0000, 3.0819, 0.0000, 0.0000, 0.2534, 0.0000
-0.0003, 0.0000, 3.0819, 0.0000, 0.0000, 0.0506, 0.0000
-0.0003, 0.0000, 3.0850, 0.0000, 0.0000, 0.2614, 0.0000
-0.0003, 0.0000, 3.0881, 0.0000, 0.0000, 0.3036, 0.0000
-0.0003, 0.0000, 3.0881, 0.0000, 0.0000, 0.0607, 0.0000
-0.0003, 0.0000, 3.0913, 0.0000, 0.0000, 0.2634, 0.0000
-0.0003, 0.0000, 3.0944, 0.0000, 0.0000, 0.3040, 0.0000
-0.0003, 0.0000, 3.0944, 0.0000, 0.0000, 0.0608, 0.0000
-0.0003, 0.0000, 3.0976, 0.0000, 0.0000, 0.2634, 0.0000
-0.0003, 0.0000, 3.0976, 0.0000, 0.0000, 0.0526, 0.0000
-0.0003, 0.0000, 3.1007, 0.0000, 0.0000, 0.2618, 0.0000
-0.0003, 0.0000, 3.1007, 0.0000, 0.0000, 0.0523, 0.0000
-0.0003, 0.0000, 3.1038, 0.0000, 0.0000, 0.2618, 0.0000
-0.0003, 0.0000, 3.1070, 0.0000, 0.0000, 0.3036, 0.0000
-0.0003, 0.0000, 3.1070, 0.0000, 0.0000, 0.0607, 0.0000
-0.0003, 0.0000, 3.1070, 0.0000, 0.0000, 0.0121, 0.0000
-0.0003, 0.0000, 3.1101, 0.0000, 0.0000, 0.2537, 0.0000
-0.0003, 0.0000, 3.1101, 0.0000, 0.0000, 0.0507, 0.0000
-0.0003, 0.0000, 3.1101, 0.0000, 0.0000, 0.0101, 0.0000
-0.0003, 0.0000, 3.1101, 0.0000, 0.0000, 0.0020, 0.0000
-0.0003, 0.0000, 3.1101, 0.0000, 0.0000, 0.0004, 0.0000
-0.0003, 0.0000, 3.1101, 0.0000, 0.0000, 0.0000, 0.0000
-0.0003, 0.0000, 3.1101, 0.0000, 0.0000, 0.0000, 0.0000
-0.0003, 0.0000, 3.1101, 0.0000, 0.0000, 0.0000, 0.0000
-0.0003, 0.0000, 3.1101, 0.0000, 0.0000, 0.0000, 0.0000
-0.0003, 0.0000, 3.1101, 0.0000, 0.0000, 0.0000, 0.0000
-0.0003, 0.0000, 3.1101, 0.0000, 0.0000, 0.0000, 0.0000
-0.0003, 0.0000, 3.1101, 0.0000, 0.0000, 0.0000, 0.0000
-0.0003, 0.0000, 3.1101, 0.0000, 0.0000, 0.0000, 0.0000
-0.0003, 0.0000, 3.1133, 0.0000, 0.0000, 0.2513, 0.0000
-0.0003, 0.0000, 3.1133, 0.0000, 0.0000, 0.0502, 0.0000
-0.0003, 0.0000, 3.1133, 0.0000, 0.0000, 0.0100, 0.0000
-0.0003, 0.0000, 3.1133, 0.0000, 0.0000, 0.0020, 0.0000
-0.0003, 0.0000, 3.1164, 0.0000, 0.0000, 0.2517, 0.0000
-0.0003, 0.0000, 3.1164, 0.0000, 0.0000, 0.0503, 0.0000
-0.0003, 0.0000, 3.1164, 0.0000, 0.0000, 0.0100, 0.0000
-0.0003, 0.0000, 3.1196, 0.0000, 0.0000, 0.2533, 0.0000
-0.0003, 0.0000, 3.1196, 0.0000, 0.0000, 0.0506, 0.0000
-0.0003, 0.0000, 3.1227, 0.0000, 0.0000, 0.2614, 0.0000
-0.0003, 0.0000, 3.1227, 0.0000, 0.0000, 0.0522, 0.0000
-0.0003, 0.0000, 3.1227, 0.0000, 0.0000, 0.0104, 0.0000
-0.0003, 0.0000, 3.1258, 0.0000, 0.0000, 0.2534, 0.0000
-0.0003, 0.0000, 3.1258, 0.0000, 0.0000, 0.0506, 0.0000
-0.0003, 0.0000, 3.1258, 0.0000, 0.0000, 0.0101, 0.0000
-0.0003, 0.0000, 3.1290, 0.0000, 0.0000, 0.2533, 0.0000
-0.0003, 0.0000, 3.1321, 0.0000, 0.0000, 0.3020, 0.0000
-0.0003, 0.0000, 3.1321, 0.0000, 0.0000, 0.0604, 0.0000
-0.0003, 0.0000, 3.1353, 0.0000, 0.0000, 0.2634, 0.0000
-0.0003, 0.0000, 3.1353, 0.0000, 0.0000, 0.0526, 0.0000
-0.0003, 0.0000, 3.1384, 0.0000, 0.0000, 0.2618, 0.0000
-0.0003, 0.0000, 3.1384, 0.0000, 0.0000, 0.0523, 0.0000
-0.0003, 0.0000, 3.1415, 0.0000, 0.0000, 0.2618, 0.0000
-0.0003, 0.0000, 3.1415, 0.0000, 0.0000, 0.0523, 0.0000
-0.0003, 0.0000, 3.1415, 0.0000, 0.0000, 0.0104, 0.0000
-0.0003, 0.0000, 3.1415, 0.0000, 0.0000, 0.0020, 0.0000
-0.0003, 0.0000, 3.1415, 0.0000, 0.0000, 0.0004, 0.0000
-0.0003, 0.0000, 3.1447, 0.0000, 0.0000, 0.2514, 0.0000
-0.0003, 0.0000, 3.1447, 0.0000, 0.0000, 0.0502, 0.0000
-0.0003, 0.0000, 3.1447, 0.0000, 0.0000, 0.0100, 0.0000
-0.0003, 0.0000, 3.1478, 0.0000, 0.0000, 0.2533, 0.0000
-0.0003, 0.0000, 3.1478, 0.0000, 0.0000, 0.0506, 0.0000
-0.0003, 0.0000, 3.1478, 0.0000, 0.0000, 0.0101, 0.0000
-0.0003, 0.0000, 3.1478, 0.0000, 0.0000, 0.0020, 0.0000
-0.0003, 0.0000, 3.1510, 0.0000, 0.0000, 0.2517, 0.0000
-0.0003, 0.0000, 3.1510, 0.0000, 0.0000, 0.0503, 0.0000
-0.0003, 0.0000, 3.1510, 0.0000, 0.0000, 0.0100, 0.0000
-0.0003, 0.0000, 3.1510, 0.0000, 0.0000, 0.0020, 0.0000
-0.0003, 0.0000, 3.1510, 0.0000, 0.0000, 0.0004, 0.0000
-0.0003, 0.0000, 3.1510, 0.0000, 0.0000, 0.0000, 0.0000
-0.0003, 0.0000, 3.1541, 0.0000, 0.0000, 0.2513, 0.0000
-0.0003, 0.0000, 3.1541, 0.0000, 0.0000, 0.0502, 0.0000
-0.0003, 0.0000, 3.1541, 0.0000, 0.0000, 0.0100, 0.0000
-0.0003, 0.0000, 3.1541, 0.0000, 0.0000, 0.0020, 0.0000
-0.0003, 0.0000, 3.1573, 0.0000, 0.0000, 0.2517, 0.0000
-0.0003, 0.0000, 3.1573, 0.0000, 0.0000, 0.0503, 0.0000
-0.0003, 0.0000, 3.1573, 0.0000, 0.0000, 0.0100, 0.0000
-0.0003, 0.0000, 3.1573, 0.0000, 0.0000, 0.0020, 0.0000
-0.0003, 0.0000, 3.1573, 0.0000, 0.0000, 0.0004, 0.0000
-0.0003, 0.0000, 3.1573, 0.0000, 0.0000, 0.0000, 0.0000
-0.0003, 0.0000, 3.1573, 0.0000, 0.0000, 0.0000, 0.0000
-0.0003, 0.0000, 3.1573, 0.0000, 0.0000, 0.0000, 0.0000
-0.0003, 0.0000, 3.1604, 0.0000, 0.0000, 0.2513, 0.0000
-0.0003, 0.0000, 3.1604, 0.0000, 0.0000, 0.0502, 0.0000
-0.0003, 0.0000, 3.1604, 0.0000, 0.0000, 0.0100, 0.0000
-0.0003, 0.0000, 3.1604, 0.0000, 0.0000, 0.0020, 0.0000
-0.0003, 0.0000, 3.1604, 0.0000, 0.0000, 0.0004, 0.0000
-0.0003, 0.0000, 3.1604, 0.0000, 0.0000, 0.0000, 0.0000
-0.0003, 0.0000, 3.1604, 0.0000, 0.0000, 0.0000, 0.0000
-0.0003, 0.0000, 3.1604, 0.0000, 0.0000, 0.0000, 0.0000
-0.0003, 0.0000, 3.1604, 0.0000, 0.0000, 0.0000, 0.0000
-0.0003, 0.0000, 3.1604, 0.0000, 0.0000, 0.0000, 0.0000
-0.0003, 0.0000, 3.1573, 0.0000, 0.0000,-0.2513, 0.0000
-0.0003, 0.0000, 3.1573, 0.0000, 0.0000,-0.0502, 0.0000
-0.0003, 0.0000, 3.1541, 0.0000, 0.0000,-0.2613, 0.0000
-0.0003, 0.0000, 3.1541, 0.0000, 0.0000,-0.0522, 0.0000
-0.0003, 0.0000, 3.1510, 0.0000, 0.0000,-0.2617, 0.0000
-0.0003, 0.0000, 3.1510, 0.0000, 0.0000,-0.0523, 0.0000
-0.0003, 0.0000, 3.1478, 0.0000, 0.0000,-0.2618, 0.0000
-0.0003, 0.0000, 3.1478, 0.0000, 0.0000,-0.0523, 0.0000
-0.0003, 0.0000, 3.1478, 0.0000, 0.0000,-0.0104, 0.0000
-0.0003, 0.0000, 3.1447, 0.0000, 0.0000,-0.2534, 0.0000
-0.0003, 0.0000, 3.1447, 0.0000, 0.0000,-0.0506, 0.0000
-0.0003, 0.0000, 3.1415, 0.0000, 0.0000,-0.2614, 0.0000
-0.0003, 0.0000, 3.1415, 0.0000, 0.0000,-0.0522, 0.0000
-0.0003, 0.0000, 3.1384, 0.0000, 0.0000,-0.2617, 0.0000
-0.0003, 0.0000, 3.1384, 0.0000, 0.0000,-0.0523, 0.0000
-0.0003, 0.0000, 3.1353, 0.0000, 0.0000,-0.2617, 0.0000
-0.0003, 0.0000, 3.1353, 0.0000, 0.0000,-0.0523, 0.0000
-0.0003, 0.0000, 3.1353, 0.0000, 0.0000,-0.0104, 0.0000
-0.0003, 0.0000, 3.1353, 0.0000, 0.0000,-0.0020, 0.0000
-0.0003, 0.0000, 3.1353, 0.0000, 0.0000,-0.0004, 0.0000
-0.0003, 0.0000, 3.1353, 0.0000, 0.0000,-0.0000, 0.0000
-0.0003, 0.0000, 3.1353, 0.0000, 0.0000,-0.0000, 0.0000
-0.0003, 0.0000, 3.1353, 0.0000, 0.0000,-0.0000, 0.0000
-0.0003, 0.0000, 3.1353, 0.0000, 0.0000,-0.0000, 0.0000
-0.0003, 0.0000, 3.1353, 0.0000, 0.0000,-0.0000, 0.0000
-0.0003, 0.0000, 3.1353, 0.0000, 0.0000,-0.0000, 0.0000
-0.0003, 0.0000, 3.1353, 0.0000, 0.0000,-0.0000, 0.0000
-0.0003, 0.0000, 3.1353, 0.0000, 0.0000,-0.0000, 0.0000
-0.0003, 0.0000, 3.1353, 0.0000, 0.0000,-0.0000, 0.0000
-0.0003, 0.0000, 3.1353, 0.0000, 0.0000,-0.0000, 0.0000
-0.0003, 0.0000, 3.1353, 0.0000, 0.0000,-0.0000, 0.0000
-0.0003, 0.0000, 3.1353, 0.0000, 0.0000,-0.0000, 0.0000
-0.0003, 0.0000, 3.1353, 0.0000, 0.0000,-0.0000, 0.0000
-0.0003, 0.0000, 3.1353, 0.0000, 0.0000,-0.0000, 0.0000
-0.0003, 0.0000, 3.1353, 0.0000, 0.0000,-0.0000, 0.0000
-0.0003, 0.0000, 3.1353, 0.0000, 0.0000,-0.0000, 0.0000
-0.0003, 0.0000, 3.1353, 0.0000, 0.0000,-0.0000, 0.0000
-0.0003, 0.0000, 3.1353, 0.0000, 0.0000,-0.0000, 0.0000
-0.0003, 0.0000, 3.1353, 0.0000, 0.0000,-0.0000, 0.0000
-0.0003, 0.0000, 3.1353, 0.0000, 0.0000,-0.0000, 0.0000
-0.0003, 0.0000, 3.1353, 0.0000, 0.0000,-0.0000, 0.0000
-0.0003, 0.0000, 3.1353, 0.0000, 0.0000,-0.0000, 0.0000
-0.0003, 0.0000, 3.1353, 0.0000, 0.0000,-0.0000, 0.0000
-0.0003, 0.0000, 3.1353, 0.0000, 0.0000,-0.0000, 0.0000
-0.0003, 0.0000, 3.1353, 0.0000, 0.0000,-0.0000, 0.0000
-0.0003, 0.0000, 3.1353, 0.0000, 0.0000,-0.0000, 0.0000
-0.0003, 0.0000, 3.1353, 0.0000, 0.0000,-0.0000, 0.0000
-0.0003, 0.0000, 3.1353, 0.0000, 0.0000,-0.0000, 0.0000
-0.0003, 0.0000, 3.1353, 0.0000, 0.0000,-0.0000, 0.0000
-0.0003, 0.0000, 3.1353, 0.0000, 0.0000,-0.0000, 0.0000
-0.0003, 0.0000, 3.1353, 0.0000, 0.0000,-0.0000, 0.0000
-0.0003, 0.0000, 3.1321, 0.0000, 0.0000,-0.2513, 0.0000
-0.0003, 0.0000, 3.1321, 0.0000, 0.0000,-0.0502, 0.0000
-0.0003, 0.0000, 3.1321, 0.0000, 0.0000,-0.0100, 0.0000
-0.0003, 0.0000, 3.1321, 0.0000, 0.0000,-0.0020, 0.0000
-0.0003, 0.0000, 3.1321, 0.0000, 0.0000,-0.0004, 0.0000
-0.0003, 0.0000, 3.1321, 0.0000, 0.0000,-0.0000, 0.0000
-0.0003, 0.0000, 3.1321, 0.0000, 0.0000,-0.0000, 0.0000
-0.0003, 0.0000, 3.1321, 0.0000, 0.0000,-0.0000, 0.0000
-0.0003, 0.0000, 3.1321, 0.0000, 0.0000,-0.0000, 0.0000
-0.0003, 0.0000, 3.1321, 0.0000, 0.0000,-0.0000, 0.0000
-0.0003, 0.0000, 3.1321, 0.0000, 0.0000,-0.0000, 0.0000
-0.0003, 0.0000, 3.1321, 0.0000, 0.0000,-0.0000, 0.0000
-0.0003, 0.0000, 3.1321, 0.0000, 0.0000,-0.0000, 0.0000
-0.0003, 0.0000, 3.1321, 0.0000, 0.0000,-0.0000, 0.0000
-0.0003, 0.0000, 3.1321, 0.0000, 0.0000,-0.0000, 0.0000
-0.0003, 0.0000, 3.1321, 0.0000, 0.0000,-0.0000, 0.0000
-0.0003, 0.0000, 3.1321, 0.0000, 0.0000,-0.0000, 0.0000
-0.0003, 0.0000, 3.1321, 0.0000, 0.0000,-0.0000, 0.0000
-0.0003, 0.0000, 3.1321, 0.0000, 0.0000,-0.0000, 0.0000
-0.0003, 0.0000, 3.1321, 0.0000, 0.0000,-0.0000, 0.0000
-0.0003, 0.0000, 3.1321, 0.0000, 0.0000,-0.0000, 0.0000
-0.0003, 0.0000, 3.1321, 0.0000, 0.0000,-0.0000, 0.0000
-0.0003, 0.0000, 3.1321, 0.0000, 0.0000,-0.0000, 0.0000
-0.0003, 0.0000, 3.1321, 0.0000, 0.0000,-0.0000, 0.0000
-0.0003, 0.0000, 3.1321, 0.0000, 0.0000,-0.0000, 0.0000
-0.0003, 0.0000, 3.1321, 0.0000, 0.0000,-0.0000, 0.0000
-0.0003, 0.0000, 3.1290, 0.0000, 0.0000,-0.2513, 0.0000
-0.0003, 0.0000, 3.1290, 0.0000, 0.0000,-0.0502, 0.0000
-0.0003, 0.0000, 3.1290, 0.0000, 0.0000,-0.0100, 0.0000
-0.0003, 0.0000, 3.1290, 0.0000, 0.0000,-0.0020, 0.0000
-0.0003, 0.0000, 3.1290, 0.0000, 0.0000,-0.0004, 0.0000
-0.0003, 0.0000, 3.1290, 0.0000, 0.0000,-0.0000, 0.0000
-0.0003, 0.0000, 3.1290, 0.0000, 0.0000,-0.0000, 0.0000
-0.0003, 0.0000, 3.1290, 0.0000, 0.0000,-0.0000, 0.0000
-0.0003, 0.0000, 3.1290, 0.0000, 0.0000,-0.0000, 0.0000
-0.0003, 0.0000, 3.1290, 0.0000, 0.0000,-0.0000, 0.0000
-0.0003, 0.0000, 3.1290, 0.0000, 0.0000,-0.0000, 0.0000
-0.0003, 0.0000, 3.1290, 0.0000, 0.0000,-0.0000, 0.0000
-0.0003, 0.0000, 3.1258, 0.0000, 0.0000,-0.2513, 0.0000
-0.0003, 0.0000, 3.1258, 0.0000, 0.0000,-0.0502, 0.0000
-0.0003, 0.0000, 3.1258, 0.0000, 0.0000,-0.0100, 0.0000
-0.0003, 0.0000, 3.1258, 0.0000, 0.0000,-0.0020, 0.0000
-0.0003, 0.0000, 3.1290, 0.0000, 0.0000, 0.2509, 0.0000
-0.0003, 0.0000, 3.1290, 0.0000, 0.0000, 0.0501, 0.0000
-0.0003, 0.0000, 3.1290, 0.0000, 0.0000, 0.0100, 0.0000
-0.0003, 0.0000, 3.1290, 0.0000, 0.0000, 0.0020, 0.0000
-0.0003, 0.0000, 3.1290, 0.0000, 0.0000, 0.0004, 0.0000
-0.0003, 0.0000, 3.1290, 0.0000, 0.0000, 0.0000, 0.0000
-0.0003, 0.0000, 3.1290, 0.0000, 0.0000, 0.0000, 0.0000
-0.0003, 0.0000, 3.1290, 0.0000, 0.0000, 0.0000, 0.0000
-0.0003, 0.0000, 3.1258, 0.0000, 0.0000,-0.2513, 0.0000
-0.0003, 0.0000, 3.1258, 0.0000, 0.0000,-0.0502, 0.0000
-0.0003, 0.0000, 3.1258, 0.0000, 0.0000,-0.0100, 0.0000
-0.0003, 0.0000, 3.1258, 0.0000, 0.0000,-0.0020, 0.0000
-0.0003, 0.0000, 3.1290, 0.0000, 0.0000, 0.2509, 0.0000
-0.0003, 0.0000, 3.1290, 0.0000, 0.0000, 0.0501, 0.0000
-0.0003, 0.0000, 3.1290, 0.0000, 0.0000, 0.0100, 0.0000
-0.0003, 0.0000, 3.1290, 0.0000, 0.0000, 0.0020, 0.0000
-0.0003, 0.0000, 3.1290, 0.0000, 0.0000, 0.0004, 0.0000
-0.0003, 0.0000, 3.1290, 0.0000, 0.0000, 0.0000, 0.0000
-0.0003, 0.0000, 3.1321, 0.0000, 0.0000, 0.2513, 0.0000
-0.0003, 0.0000, 3.1321, 0.0000, 0.0000, 0.0502, 0.0000
-0.0003, 0.0000, 3.1321, 0.0000, 0.0000, 0.0100, 0.0000
-0.0003, 0.0000, 3.1321, 0.0000, 0.0000, 0.0020, 0.0000
-0.0003, 0.0000, 3.1321, 0.0000, 0.0000, 0.0004, 0.0000
-0.0003, 0.0000, 3.1353, 0.0000, 0.0000, 0.2514, 0.0000
-0.0003, 0.0000, 3.1353, 0.0000, 0.0000, 0.0502, 0.0000
-0.0003, 0.0000, 3.1353, 0.0000, 0.0000, 0.0100, 0.0000
-0.0003, 0.0000, 3.1353, 0.0000, 0.0000, 0.0020, 0.0000
-0.0003, 0.0000, 3.1353, 0.0000, 0.0000, 0.0004, 0.0000
-0.0003, 0.0000, 3.1384, 0.0000, 0.0000, 0.2513, 0.0000
-0.0003, 0.0000, 3.1384, 0.0000, 0.0000, 0.0502, 0.0000
-0.0003, 0.0000, 3.1384, 0.0000, 0.0000, 0.0100, 0.0000
-0.0003, 0.0000, 3.1384, 0.0000, 0.0000, 0.0020, 0.0000
-0.0003, 0.0000, 3.1384, 0.0000, 0.0000, 0.0004, 0.0000
-0.0003, 0.0000, 3.1384, 0.0000, 0.0000, 0.0000, 0.0000
-0.0003, 0.0000, 3.1384, 0.0000, 0.0000, 0.0000, 0.0000
-0.0003, 0.0000, 3.1384, 0.0000, 0.0000, 0.0000, 0.0000
-0.0003, 0.0000, 3.1384, 0.0000, 0.0000, 0.0000, 0.0000
-0.0003, 0.0000, 3.1384, 0.0000, 0.0000, 0.0000, 0.0000
-0.0003, 0.0000, 3.1384, 0.0000, 0.0000, 0.0000, 0.0000
-0.0003, 0.0000, 3.1384, 0.0000, 0.0000, 0.0000, 0.0000
-0.0003, 0.0000, 3.1384, 0.0000, 0.0000, 0.0000, 0.0000
-0.0003, 0.0000, 3.1384, 0.0000, 0.0000, 0.0000, 0.0000
-0.0003, 0.0000, 3.1384, 0.0000, 0.0000, 0.0000, 0.0000
-0.0003, 0.0000, 3.1384, 0.0000, 0.0000, 0.0000, 0.0000
-0.0003, 0.0000, 3.1384, 0.0000, 0.0000, 0.0000, 0.0000
-0.0003, 0.0000, 3.1384, 0.0000, 0.0000, 0.0000, 0.0000
-0.0003, 0.0000, 3.1384, 0.0000, 0.0000, 0.0000, 0.0000
-0.0003, 0.0000, 3.1384, 0.0000, 0.0000, 0.0000, 0.0000
-0.0003, 0.0000, 3.1384, 0.0000, 0.0000, 0.0000, 0.0000
-0.0003, 0.0000, 3.1384, 0.0000, 0.0000, 0.0000, 0.0000
-0.0003, 0.0000, 3.1384, 0.0000, 0.0000, 0.0000, 0.0000
-0.0003, 0.0000, 3.1384, 0.0000, 0.0000, 0.0000, 0.0000
-0.0003, 0.0000, 3.1384, 0.0000, 0.0000, 0.0000, 0.0000
-0.0003, 0.0000, 3.1384, 0.0000, 0.0000, 0.0000, 0.0000
-0.0003, 0.0000, 3.1384, 0.0000, 0.0000, 0.0000, 0.0000
-0.0003, 0.0000, 3.1353, 0.0000, 0.0000,-0.2513, 0.0000
-0.0003, 0.0000, 3.1353, 0.0000, 0.0000,-0.0502, 0.0000
-0.0003, 0.0000, 3.1353, 0.0000, 0.0000,-0.0100, 0.0000
-0.0003, 0.0000, 3.1353, 0.0000, 0.0000,-0.0020, 0.0000
-0.0003, 0.0000, 3.1353, 0.0000, 0.0000,-0.0004, 0.0000
-0.0003, 0.0000, 3.1353, 0.0000, 0.0000,-0.0000, 0.0000
-0.0003, 0.0000, 3.1353, 0.0000, 0.0000,-0.0000, 0.0000
-0.0003, 0.0000, 3.1353, 0.0000, 0.0000,-0.0000, 0.0000
-0.0003, 0.0000, 3.1353, 0.0000, 0.0000,-0.0000, 0.0000
-0.0003, 0.0000, 3.1353, 0.0000, 0.0000,-0.0000, 0.0000
-0.0003, 0.0000, 3.1353, 0.0000, 0.0000,-0.0000, 0.0000
-0.0003, 0.0000, 3.1353, 0.0000, 0.0000,-0.0000, 0.0000
-0.0003, 0.0000, 3.1384, 0.0000, 0.0000, 0.2513, 0.0000
-0.0003, 0.0000, 3.1384, 0.0000, 0.0000, 0.0502, 0.0000
-0.0003, 0.0000, 3.1384, 0.0000, 0.0000, 0.0100, 0.0000
-0.0003, 0.0000, 3.1384, 0.0000, 0.0000, 0.0020, 0.0000
-0.0003, 0.0000, 3.1384, 0.0000, 0.0000, 0.0004, 0.0000
-0.0003, 0.0000, 3.1415, 0.0000, 0.0000, 0.2514, 0.0000
-0.0003, 0.0000, 3.1415, 0.0000, 0.0000, 0.0502, 0.0000
-0.0003, 0.0000, 3.1415, 0.0000, 0.0000, 0.0100, 0.0000
-0.0003, 0.0000, 3.1415, 0.0000, 0.0000, 0.0020, 0.0000
-0.0003, 0.0000, 3.1415, 0.0000, 0.0000, 0.0004, 0.0000
-0.0003, 0.0000, 3.1415, 0.0000, 0.0000, 0.0000, 0.0000
-0.0003, 0.0000, 3.1447, 0.0000, 0.0000, 0.2513, 0.0000
-0.0003, 0.0000, 3.1447, 0.0000, 0.0000, 0.0502, 0.0000
-0.0003, 0.0000, 3.1447, 0.0000, 0.0000, 0.0100, 0.0000
-0.0003, 0.0000, 3.1447, 0.0000, 0.0000, 0.0020, 0.0000
-0.0003, 0.0000, 3.1447, 0.0000, 0.0000, 0.0004, 0.0000
-0.0003, 0.0000, 3.1447, 0.0000, 0.0000, 0.0000, 0.0000
-0.0003, 0.0000, 3.1447, 0.0000, 0.0000, 0.0000, 0.0000
-0.0003, 0.0000, 3.1447, 0.0000, 0.0000, 0.0000, 0.0000
-0.0003, 0.0000, 3.1447, 0.0000, 0.0000, 0.0000, 0.0000
-0.0003, 0.0000, 3.1447, 0.0000, 0.0000, 0.0000, 0.0000
-0.0003, 0.0000, 3.1447, 0.0000, 0.0000, 0.0000, 0.0000
-0.0003, 0.0000, 3.1447, 0.0000, 0.0000, 0.0000, 0.0000
-0.0003, 0.0000, 3.1447, 0.0000, 0.0000, 0.0000, 0.0000
-0.0003, 0.0000, 3.1447, 0.0000, 0.0000, 0.0000, 0.0000
-0.0003, 0.0000, 3.1447, 0.0000, 0.0000, 0.0000, 0.0000
-0.0003, 0.0000, 3.1447, 0.0000, 0.0000, 0.0000, 0.0000
-0.0003, 0.0000, 3.1447, 0.0000, 0.0000, 0.0000, 0.0000
-0.0003, 0.0000, 3.1447, 0.0000, 0.0000, 0.0000, 0.0000
-0.0003, 0.0000, 3.1447, 0.0000, 0.0000, 0.0000, 0.0000
-0.0003, 0.0000, 3.1447, 0.0000, 0.0000, 0.0000, 0.0000
-0.0003, 0.0000, 3.1447, 0.0000, 0.0000, 0.0000, 0.0000
-0.0003, 0.0000, 3.1447, 0.0000, 0.0000, 0.0000, 0.0000
-0.0003, 0.0000, 3.1447, 0.0000, 0.0000, 0.0000, 0.0000
-0.0003, 0.0000, 3.1447, 0.0000, 0.0000, 0.0000, 0.0000
-0.0003, 0.0000, 3.1447, 0.0000, 0.0000, 0.0000, 0.0000
-0.0003, 0.0000, 3.1447, 0.0000, 0.0000, 0.0000, 0.0000
-0.0003, 0.0000, 3.1447, 0.0000, 0.0000, 0.0000, 0.0000
-0.0003, 0.0000, 3.1447, 0.0000, 0.0000, 0.0000, 0.0000
-0.0003, 0.0000, 3.1447, 0.0000, 0.0000, 0.0000, 0.0000
-0.0003, 0.0000, 3.1447, 0.0000, 0.0000, 0.0000, 0.0000
-0.0003, 0.0000, 3.1447, 0.0000, 0.0000, 0.0000, 0.0000
-0.0003, 0.0000, 3.1447, 0.0000, 0.0000, 0.0000, 0.0000
-0.0003, 0.0000, 3.1478, 0.0000, 0.0000, 0.2513, 0.0000
-0.0003, 0.0000, 3.1478, 0.0000, 0.0000, 0.0502, 0.0000
-0.0003, 0.0000, 3.1478, 0.0000, 0.0000, 0.0100, 0.0000
-0.0003, 0.0000, 3.1478, 0.0000, 0.0000, 0.0020, 0.0000
-0.0003, 0.0000, 3.1478, 0.0000, 0.0000, 0.0004, 0.0000
-0.0003, 0.0000, 3.1478, 0.0000, 0.0000, 0.0000, 0.0000
-0.0003, 0.0000, 3.1478, 0.0000, 0.0000, 0.0000, 0.0000
-0.0003, 0.0000, 3.1478, 0.0000, 0.0000, 0.0000, 0.0000
-0.0003, 0.0000, 3.1478, 0.0000, 0.0000, 0.0000, 0.0000
-0.0003, 0.0000, 3.1478, 0.0000, 0.0000, 0.0000, 0.0000
-0.0003, 0.0000, 3.1478, 0.0000, 0.0000, 0.0000, 0.0000
-0.0003, 0.0000, 3.1510, 0.0000, 0.0000, 0.2513, 0.0000
-0.0003, 0.0000, 3.1510, 0.0000, 0.0000, 0.0502, 0.0000
-0.0003, 0.0000, 3.1510, 0.0000, 0.0000, 0.0100, 0.0000
-0.0003, 0.0000, 3.1510, 0.0000, 0.0000, 0.0020, 0.0000
-0.0003, 0.0000, 3.1510, 0.0000, 0.0000, 0.0004, 0.0000
-0.0003, 0.0000, 3.1510, 0.0000, 0.0000, 0.0000, 0.0000
-0.0003, 0.0000, 3.1510, 0.0000, 0.0000, 0.0000, 0.0000
-0.0003, 0.0000, 3.1510, 0.0000, 0.0000, 0.0000, 0.0000
-0.0003, 0.0000, 3.1510, 0.0000, 0.0000, 0.0000, 0.0000
-0.0003, 0.0000, 3.1510, 0.0000, 0.0000, 0.0000, 0.0000
-0.0003, 0.0000, 3.1510, 0.0000, 0.0000, 0.0000, 0.0000
-0.0003, 0.0000, 3.1510, 0.0000, 0.0000, 0.0000, 0.0000
-0.0003, 0.0000, 3.1510, 0.0000, 0.0000, 0.0000, 0.0000
-0.0003, 0.0000, 3.1510, 0.0000, 0.0000, 0.0000, 0.0000
-0.0003, 0.0000, 3.1510, 0.0000, 0.0000, 0.0000, 0.0000
-0.0003, 0.0000, 3.1510, 0.0000, 0.0000, 0.0000, 0.0000
-0.0003, 0.0000, 3.1510, 0.0000, 0.0000, 0.0000, 0.0000
-0.0003, 0.0000, 3.1510, 0.0000, 0.0000, 0.0000, 0.0000
-0.0003, 0.0000, 3.1510, 0.0000, 0.0000, 0.0000, 0.0000
-0.0003, 0.0000, 3.1510, 0.0000, 0.0000, 0.0000, 0.0000
-0.0003, 0.0000, 3.1510, 0.0000, 0.0000, 0.0000, 0.0000
-0.0003, 0.0000, 3.1510, 0.0000, 0.0000, 0.0000, 0.0000
-0.0003, 0.0000, 3.1510, 0.0000, 0.0000, 0.0000, 0.0000
-0.0003, 0.0000, 3.1510, 0.0000, 0.0000, 0.0000, 0.0000
-0.0003, 0.0000, 3.1510, 0.0000, 0.0000, 0.0000, 0.0000
-0.0003, 0.0000, 3.1510, 0.0000, 0.0000, 0.0000, 0.0000
-0.0003, 0.0000, 3.1510, 0.0000, 0.0000, 0.0000, 0.0000
-0.0003, 0.0000, 3.1510, 0.0000, 0.0000, 0.0000, 0.0000
-0.0003, 0.0000, 3.1510, 0.0000, 0.0000, 0.0000, 0.0000
-0.0003, 0.0000, 3.1510, 0.0000, 0.0000, 0.0000, 0.0000
-0.0003, 0.0000, 3.1510, 0.0000, 0.0000, 0.0000, 0.0000
-0.0003, 0.0000, 3.1510, 0.0000, 0.0000, 0.0000, 0.0000
-0.0003, 0.0000, 3.1478, 0.0000, 0.0000,-0.2513, 0.0000
-0.0003, 0.0000, 3.1478, 0.0000, 0.0000,-0.0502, 0.0000
-0.0003, 0.0000, 3.1478, 0.0000, 0.0000,-0.0100, 0.0000
-0.0003, 0.0000, 3.1478, 0.0000, 0.0000,-0.0020, 0.0000
-0.0003, 0.0000, 3.1478, 0.0000, 0.0000,-0.0004, 0.0000
-0.0003, 0.0000, 3.1478, 0.0000, 0.0000,-0.0000, 0.0000
-0.0003, 0.0000, 3.1478, 0.0000, 0.0000,-0.0000, 0.0000
-0.0003, 0.0000, 3.1478, 0.0000, 0.0000,-0.0000, 0.0000
-0.0003, 0.0000, 3.1478, 0.0000, 0.0000,-0.0000, 0.0000
-0.0003, 0.0000, 3.1478, 0.0000, 0.0000,-0.0000, 0.0000
-0.0003, 0.0000, 3.1478, 0.0000, 0.0000,-0.0000, 0.0000
-0.0003, 0.0000, 3.1478, 0.0000, 0.0000,-0.0000, 0.0000
-0.0003, 0.0000, 3.1478, 0.0000, 0.0000,-0.0000, 0.0000
-0.0003, 0.0000, 3.1478, 0.0000, 0.0000,-0.0000, 0.0000
-0.0003, 0.0000, 3.1478, 0.0000, 0.0000,-0.0000, 0.0000
-0.0003, 0.0000, 3.1478, 0.0000, 0.0000,-0.0000, 0.0000
-0.0003, 0.0000, 3.1478, 0.0000, 0.0000,-0.0000, 0.0000
-0.0003, 0.0000, 3.1478, 0.0000, 0.0000,-0.0000, 0.0000
-0.0003, 0.0000, 3.1478, 0.0000, 0.0000,-0.0000, 0.0000
-0.0003, 0.0000, 3.1478, 0.0000, 0.0000,-0.0000, 0.0000
-0.0003, 0.0000, 3.1478, 0.0000, 0.0000,-0.0000, 0.0000
-0.0003, 0.0000, 3.1478, 0.0000, 0.0000,-0.0000, 0.0000
-0.0003, 0.0000, 3.1478, 0.0000, 0.0000,-0.0000, 0.0000
-0.0003, 0.0000, 3.1478, 0.0000, 0.0000,-0.0000, 0.0000
-0.0003, 0.0000, 3.1478, 0.0000, 0.0000,-0.0000, 0.0000
-0.0003, 0.0000, 3.1510, 0.0000, 0.0000, 0.2513, 0.0000
-0.0003, 0.0000, 3.1510, 0.0000, 0.0000, 0.0502, 0.0000
-0.0003, 0.0000, 3.1510, 0.0000, 0.0000, 0.0100, 0.0000
-0.0003, 0.0000, 3.1478, 0.0000, 0.0000,-0.2493, 0.0000
-0.0003, 0.0000, 3.1478, 0.0000, 0.0000,-0.0498, 0.0000
-0.0003, 0.0000, 3.1478, 0.0000, 0.0000,-0.0099, 0.0000
-0.0003, 0.0000, 3.1478, 0.0000, 0.0000,-0.0019, 0.0000
-0.0003, 0.0000, 3.1478, 0.0000, 0.0000,-0.0003, 0.0000
-0.0003, 0.0000, 3.1478, 0.0000, 0.0000,-0.0000, 0.0000
-0.0003, 0.0000, 3.1478, 0.0000, 0.0000,-0.0000, 0.0000
-0.0003, 0.0000, 3.1478, 0.0000, 0.0000,-0.0000, 0.0000
-0.0003, 0.0000, 3.1478, 0.0000, 0.0000,-0.0000, 0.0000
-0.0003, 0.0000, 3.1478, 0.0000, 0.0000,-0.0000, 0.0000
-0.0003, 0.0000, 3.1478, 0.0000, 0.0000,-0.0000, 0.0000
-0.0003, 0.0000, 3.1478, 0.0000, 0.0000,-0.0000, 0.0000
-0.0003, 0.0000, 3.1478, 0.0000, 0.0000,-0.0000, 0.0000
-0.0003, 0.0000, 3.1478, 0.0000, 0.0000,-0.0000, 0.0000
-0.0003, 0.0000, 3.1478, 0.0000, 0.0000,-0.0000, 0.0000
-0.0003, 0.0000, 3.1478, 0.0000, 0.0000,-0.0000, 0.0000
-0.0003, 0.0000, 3.1478, 0.0000, 0.0000,-0.0000, 0.0000
-0.0003, 0.0000, 3.1478, 0.0000, 0.0000,-0.0000, 0.0000
-0.0003, 0.0000, 3.1478, 0.0000, 0.0000,-0.0000, 0.0000
-0.0003, 0.0000, 3.1478, 0.0000, 0.0000,-0.0000, 0.0000
-0.0003, 0.0000, 3.1478, 0.0000, 0.0000,-0.0000, 0.0000
-0.0003, 0.0000, 3.1478, 0.0000, 0.0000,-0.0000, 0.0000
-0.0003, 0.0000, 3.1478, 0.0000, 0.0000,-0.0000, 0.0000
-0.0003, 0.0000, 3.1478, 0.0000, 0.0000,-0.0000, 0.0000
-0.0003, 0.0000, 3.1478, 0.0000, 0.0000,-0.0000, 0.0000
-0.0003, 0.0000, 3.1478, 0.0000, 0.0000,-0.0000, 0.0000
-0.0003, 0.0000, 3.1478, 0.0000, 0.0000,-0.0000, 0.0000
-0.0003, 0.0000, 3.1478, 0.0000, 0.0000,-0.0000, 0.0000
-0.0003, 0.0000, 3.1478, 0.0000, 0.0000,-0.0000, 0.0000
-0.0003, 0.0000, 3.1478, 0.0000, 0.0000,-0.0000, 0.0000
-0.0003, 0.0000, 3.1478, 0.0000, 0.0000,-0.0000, 0.0000
-0.0003, 0.0000, 3.1478, 0.0000, 0.0000,-0.0000, 0.0000
-0.0003, 0.0000, 3.1478, 0.0000, 0.0000,-0.0000, 0.0000
-0.0003, 0.0000, 3.1478, 0.0000, 0.0000,-0.0000, 0.0000
-0.0003, 0.0000, 3.1478, 0.0000, 0.0000,-0.0000, 0.0000
-0.0003, 0.0000, 3.1478, 0.0000, 0.0000,-0.0000, 0.0000
-0.0003, 0.0000, 3.1478, 0.0000, 0.0000,-0.0000, 0.0000
-0.0003, 0.0000, 3.1478, 0.0000, 0.0000,-0.0000, 0.0000
-0.0003, 0.0000, 3.1478, 0.0000, 0.0000,-0.0000, 0.0000
-0.0003, 0.0000, 3.1478, 0.0000, 0.0000,-0.0000, 0.0000
-0.0003, 0.0000, 3.1478, 0.0000, 0.0000,-0.0000, 0.0000
-0.0003, 0.0000, 3.1478, 0.0000, 0.0000,-0.0000, 0.0000
-0.0003, 0.0000, 3.1478, 0.0000, 0.0000,-0.0000, 0.0000
-0.0003, 0.0000, 3.1478, 0.0000, 0.0000,-0.0000, 0.0000
-0.0003, 0.0000, 3.1478, 0.0000, 0.0000,-0.0000, 0.0000
-0.0003, 0.0000, 3.1478, 0.0000, 0.0000,-0.0000, 0.0000
-0.0003, 0.0000, 3.1478, 0.0000, 0.0000,-0.0000, 0.0000
-0.0003, 0.0000, 3.1478, 0.0000, 0.0000,-0.0000, 0.0000
-0.0003, 0.0000, 3.1478, 0.0000, 0.0000,-0.0000, 0.0000
-0.0003, 0.0000, 3.1478, 0.0000, 0.0000,-0.0000, 0.0000
-0.0003, 0.0000, 3.1478, 0.0000, 0.0000,-0.0000, 0.0000
-0.0003, 0.0000, 3.1478, 0.0000, 0.0000,-0.0000, 0.0000
-0.0003, 0.0000, 3.1478, 0.0000, 0.0000,-0.0000, 0.0000
-0.0003, 0.0000, 3.1478, 0.0000, 0.0000,-0.0000, 0.0000
-0.0003, 0.0000, 3.1478, 0.0000, 0.0000, 0.0000, 0.0000
-0.0003, 0.0000, 3.1478, 0.0000, 0.0000, 0.0000, 0.0000
-0.0003, 0.0000, 3.1478, 0.0000, 0.0000, 0.0000, 0.0000
-0.0003, 0.0000, 3.1478, 0.0000, 0.0000, 0.0000, 0.0000
-0.0003, 0.0000, 3.1478, 0.0000, 0.0000, 0.0000, 0.0000
-0.0003, 0.0000, 3.1478, 0.0000, 0.0000, 0.0000, 0.0000
-0.0003, 0.0000, 3.1478, 0.0000, 0.0000, 0.0000, 0.0000
-0.0003, 0.0000, 3.1478, 0.0000, 0.0000, 0.0000, 0.0000
-0.0003, 0.0000, 3.1478, 0.0000, 0.0000, 0.0000, 0.0000
-0.0003, 0.0000, 3.1478, 0.0000, 0.0000, 0.0000, 0.0000
-0.0003, 0.0000, 3.1478, 0.0000, 0.0000, 0.0000, 0.0000
-0.0003, 0.0000, 3.1510, 0.0000, 0.0000, 0.2513, 0.0000
-0.0003, 0.0000, 3.1510, 0.0000, 0.0000, 0.0502, 0.0000
-0.0003, 0.0000, 3.1510, 0.0000, 0.0000, 0.0100, 0.0000
-0.0003, 0.0000, 3.1510, 0.0000, 0.0000, 0.0020, 0.0000
-0.0003, 0.0000, 3.1510, 0.0000, 0.0000, 0.0004, 0.0000
-0.0003, 0.0000, 3.1510, 0.0000, 0.0000, 0.0000, 0.0000
-0.0003, 0.0000, 3.1510, 0.0000, 0.0000, 0.0000, 0.0000
-0.0003, 0.0000, 3.1510, 0.0000, 0.0000, 0.0000, 0.0000
-0.0003, 0.0000, 3.1510, 0.0000, 0.0000, 0.0000, 0.0000
-0.0003, 0.0000, 3.1510, 0.0000, 0.0000, 0.0000, 0.0000
-0.0003, 0.0000, 3.1510, 0.0000, 0.0000, 0.0000, 0.0000
-0.0003, 0.0000, 3.1510, 0.0000, 0.0000, 0.0000, 0.0000
-0.0003, 0.0000, 3.1510, 0.0000, 0.0000, 0.0000, 0.0000
-0.0003, 0.0000, 3.1510, 0.0000, 0.0000, 0.0000, 0.0000
-0.0003, 0.0000, 3.1510, 0.0000, 0.0000, 0.0000, 0.0000
-0.0003, 0.0000, 3.1510, 0.0000, 0.0000, 0.0000, 0.0000
-0.0003, 0.0000, 3.1510, 0.0000, 0.0000, 0.0000, 0.0000
-0.0003, 0.0000, 3.1510, 0.0000, 0.0000, 0.0000, 0.0000
-0.0003, 0.0000, 3.1510, 0.0000, 0.0000, 0.0000, 0.0000
-0.0003, 0.0000, 3.1510, 0.0000, 0.0000, 0.0000, 0.0000
-0.0003, 0.0000, 3.1510, 0.0000, 0.0000, 0.0000, 0.0000
-0.0003, 0.0000, 3.1510, 0.0000, 0.0000, 0.0000, 0.0000
-0.0003, 0.0000, 3.1510, 0.0000, 0.0000, 0.0000, 0.0000
-0.0003, 0.0000, 3.1510, 0.0000, 0.0000, 0.0000, 0.0000
-0.0003, 0.0000, 3.1510, 0.0000, 0.0000, 0.0000, 0.0000
-0.0003, 0.0000, 3.1510, 0.0000, 0.0000, 0.0000, 0.0000
-0.0003, 0.0000, 3.1510, 0.0000, 0.0000, 0.0000, 0.0000
-0.0003, 0.0000, 3.1510, 0.0000, 0.0000, 0.0000, 0.0000
-0.0003, 0.0000, 3.1510, 0.0000, 0.0000, 0.0000, 0.0000
-0.0003, 0.0000, 3.1510, 0.0000, 0.0000, 0.0000, 0.0000
-0.0003, 0.0000, 3.1510, 0.0000, 0.0000, 0.0000, 0.0000
-0.0003, 0.0000, 3.1478, 0.0000, 0.0000,-0.2513, 0.0000
-0.0003, 0.0000, 3.1478, 0.0000, 0.0000,-0.0502, 0.0000
-0.0003, 0.0000, 3.1478, 0.0000, 0.0000,-0.0100, 0.0000
-0.0003, 0.0000, 3.1478, 0.0000, 0.0000,-0.0020, 0.0000
-0.0003, 0.0000, 3.1478, 0.0000, 0.0000,-0.0004, 0.0000
-0.0003, 0.0000, 3.1478, 0.0000, 0.0000,-0.0000, 0.0000
-0.0003, 0.0000, 3.1478, 0.0000, 0.0000,-0.0000, 0.0000
-0.0003, 0.0000, 3.1478, 0.0000, 0.0000,-0.0000, 0.0000
-0.0003, 0.0000, 3.1478, 0.0000, 0.0000,-0.0000, 0.0000
-0.0003, 0.0000, 3.1478, 0.0000, 0.0000,-0.0000, 0.0000
-0.0003, 0.0000, 3.1478, 0.0000, 0.0000,-0.0000, 0.0000
-0.0003, 0.0000, 3.1478, 0.0000, 0.0000,-0.0000, 0.0000
-0.0003, 0.0000, 3.1478, 0.0000, 0.0000,-0.0000, 0.0000
-0.0003, 0.0000, 3.1478, 0.0000, 0.0000,-0.0000, 0.0000
-0.0003, 0.0000, 3.1447, 0.0000, 0.0000,-0.2513, 0.0000
-0.0003, 0.0000, 3.1447, 0.0000, 0.0000,-0.0502, 0.0000
-0.0003, 0.0000, 3.1447, 0.0000, 0.0000,-0.0100, 0.0000
-0.0003, 0.0000, 3.1447, 0.0000, 0.0000,-0.0020, 0.0000
-0.0003, 0.0000, 3.1447, 0.0000, 0.0000,-0.0004, 0.0000
-0.0003, 0.0000, 3.1447, 0.0000, 0.0000,-0.0000, 0.0000
-0.0003, 0.0000, 3.1447, 0.0000, 0.0000,-0.0000, 0.0000
-0.0003, 0.0000, 3.1447, 0.0000, 0.0000,-0.0000, 0.0000
-0.0003, 0.0000, 3.1447, 0.0000, 0.0000,-0.0000, 0.0000
-0.0003, 0.0000, 3.1447, 0.0000, 0.0000,-0.0000, 0.0000
-0.0003, 0.0000, 3.1447, 0.0000, 0.0000,-0.0000, 0.0000
-0.0003, 0.0000, 3.1447, 0.0000, 0.0000,-0.0000, 0.0000
-0.0003, 0.0000, 3.1478, 0.0000, 0.0000, 0.2513, 0.0000
-0.0003, 0.0000, 3.1478, 0.0000, 0.0000, 0.0502, 0.0000
-0.0003, 0.0000, 3.1478, 0.0000, 0.0000, 0.0100, 0.0000
-0.0003, 0.0000, 3.1478, 0.0000, 0.0000, 0.0020, 0.0000
-0.0003, 0.0000, 3.1478, 0.0000, 0.0000, 0.0004, 0.0000
-0.0003, 0.0000, 3.1478, 0.0000, 0.0000, 0.0000, 0.0000
-0.0003, 0.0000, 3.1478, 0.0000, 0.0000, 0.0000, 0.0000
-0.0003, 0.0000, 3.1478, 0.0000, 0.0000, 0.0000, 0.0000
-0.0003, 0.0000, 3.1447, 0.0000, 0.0000,-0.2513, 0.0000
-0.0003, 0.0000, 3.1447, 0.0000, 0.0000,-0.0502, 0.0000
-0.0003, 0.0000, 3.1447, 0.0000, 0.0000,-0.0100, 0.0000
-0.0003, 0.0000, 3.1447, 0.0000, 0.0000,-0.0020, 0.0000
-0.0003, 0.0000, 3.1447, 0.0000, 0.0000,-0.0004, 0.0000
-0.0003, 0.0000, 3.1447, 0.0000, 0.0000,-0.0000, 0.0000
-0.0003, 0.0000, 3.1447, 0.0000, 0.0000,-0.0000, 0.0000
-0.0003, 0.0000, 3.1447, 0.0000, 0.0000,-0.0000, 0.0000
-0.0003, 0.0000, 3.1447, 0.0000, 0.0000,-0.0000, 0.0000
-0.0003, 0.0000, 3.1447, 0.0000, 0.0000,-0.0000, 0.0000
-0.0003, 0.0000, 3.1447, 0.0000, 0.0000,-0.0000, 0.0000
-0.0003, 0.0000, 3.1447, 0.0000, 0.0000,-0.0000, 0.0000
-0.0003, 0.0000, 3.1447, 0.0000, 0.0000,-0.0000, 0.0000
-0.0003, 0.0000, 3.1447, 0.0000, 0.0000,-0.0000, 0.0000
-0.0003, 0.0000, 3.1447, 0.0000, 0.0000,-0.0000, 0.0000
-0.0003, 0.0000, 3.1447, 0.0000, 0.0000,-0.0000, 0.0000
-0.0003, 0.0000, 3.1447, 0.0000, 0.0000,-0.0000, 0.0000
-0.0003, 0.0000, 3.1447, 0.0000, 0.0000,-0.0000, 0.0000
-0.0003, 0.0000, 3.1415, 0.0000, 0.0000,-0.2513, 0.0000
-0.0003, 0.0000, 3.1415, 0.0000, 0.0000,-0.0502, 0.0000
-0.0003, 0.0000, 3.1415, 0.0000, 0.0000,-0.0100, 0.0000
-0.0003, 0.0000, 3.1415, 0.0000, 0.0000,-0.0020, 0.0000
-0.0003, 0.0000, 3.1415, 0.0000, 0.0000,-0.0004, 0.0000
-0.0003, 0.0000, 3.1415, 0.0000, 0.0000,-0.0000, 0.0000
-0.0003, 0.0000, 3.1415, 0.0000, 0.0000,-0.0000, 0.0000
-0.0003, 0.0000, 3.1415, 0.0000, 0.0000,-0.0000, 0.0000
-0.0003, 0.0000, 3.1415, 0.0000, 0.0000,-0.0000, 0.0000
-0.0003, 0.0000, 3.1415, 0.0000, 0.0000,-0.0000, 0.0000
-0.0003, 0.0000, 3.1415, 0.0000, 0.0000,-0.0000, 0.0000
-0.0003, 0.0000, 3.1415, 0.0000, 0.0000,-0.0000, 0.0000
-0.0003, 0.0000, 3.1415, 0.0000, 0.0000,-0.0000, 0.0000
-0.0003, 0.0000, 3.1415, 0.0000, 0.0000,-0.0000, 0.0000
-0.0003, 0.0000, 3.1415, 0.0000, 0.0000,-0.0000, 0.0000
-0.0003, 0.0000, 3.1415, 0.0000, 0.0000,-0.0000, 0.0000
-0.0003, 0.0000, 3.1415, 0.0000, 0.0000,-0.0000, 0.0000
-0.0003, 0.0000, 3.1415, 0.0000, 0.0000,-0.0000, 0.0000
-0.0003, 0.0000, 3.1415, 0.0000, 0.0000,-0.0000, 0.0000
-0.0003, 0.0000, 3.1415, 0.0000, 0.0000,-0.0000, 0.0000
-0.0003, 0.0000, 3.1415, 0.0000, 0.0000,-0.0000, 0.0000
-0.0003, 0.0000, 3.1415, 0.0000, 0.0000,-0.0000, 0.0000
-0.0003, 0.0000, 3.1415, 0.0000, 0.0000,-0.0000, 0.0000
-0.0003, 0.0000, 3.1415, 0.0000, 0.0000,-0.0000, 0.0000
-0.0003, 0.0000, 3.1415, 0.0000, 0.0000,-0.0000, 0.0000
-0.0003, 0.0000, 3.1415, 0.0000, 0.0000,-0.0000, 0.0000
-0.0003, 0.0000, 3.1384, 0.0000, 0.0000,-0.2513, 0.0000
-0.0003, 0.0000, 3.1384, 0.0000, 0.0000,-0.0502, 0.0000
-0.0003, 0.0000, 3.1384, 0.0000, 0.0000,-0.0100, 0.0000
-0.0003, 0.0000, 3.1384, 0.0000, 0.0000,-0.0020, 0.0000
-0.0003, 0.0000, 3.1384, 0.0000, 0.0000,-0.0004, 0.0000
-0.0003, 0.0000, 3.1384, 0.0000, 0.0000,-0.0000, 0.0000
-0.0003, 0.0000, 3.1384, 0.0000, 0.0000,-0.0000, 0.0000
-0.0003, 0.0000, 3.1384, 0.0000, 0.0000,-0.0000, 0.0000
-0.0003, 0.0000, 3.1384, 0.0000, 0.0000,-0.0000, 0.0000
-0.0003, 0.0000, 3.1384, 0.0000, 0.0000,-0.0000, 0.0000
-0.0003, 0.0000, 3.1384, 0.0000, 0.0000,-0.0000, 0.0000
-0.0003, 0.0000, 3.1384, 0.0000, 0.0000,-0.0000, 0.0000
-0.0003, 0.0000, 3.1384, 0.0000, 0.0000,-0.0000, 0.0000
-0.0003, 0.0000, 3.1384, 0.0000, 0.0000,-0.0000, 0.0000
-0.0003, 0.0000, 3.1384, 0.0000, 0.0000,-0.0000, 0.0000
-0.0003, 0.0000, 3.1384, 0.0000, 0.0000,-0.0000, 0.0000
-0.0003, 0.0000, 3.1384, 0.0000, 0.0000,-0.0000, 0.0000
-0.0003, 0.0000, 3.1384, 0.0000, 0.0000,-0.0000, 0.0000
-0.0003, 0.0000, 3.1384, 0.0000, 0.0000,-0.0000, 0.0000
-0.0003, 0.0000, 3.1384, 0.0000, 0.0000,-0.0000, 0.0000
-0.0003, 0.0000, 3.1384, 0.0000, 0.0000,-0.0000, 0.0000
-0.0003, 0.0000, 3.1384, 0.0000, 0.0000,-0.0000, 0.0000
-0.0003, 0.0000, 3.1384, 0.0000, 0.0000,-0.0000, 0.0000
-0.0003, 0.0000, 3.1384, 0.0000, 0.0000,-0.0000, 0.0000
-0.0003, 0.0000, 3.1384, 0.0000, 0.0000,-0.0000, 0.0000
-0.0003, 0.0000, 3.1384, 0.0000, 0.0000,-0.0000, 0.0000
-0.0003, 0.0000, 3.1384, 0.0000, 0.0000,-0.0000, 0.0000
-0.0003, 0.0000, 3.1384, 0.0000, 0.0000,-0.0000, 0.0000
-0.0003, 0.0000, 3.1384, 0.0000, 0.0000,-0.0000, 0.0000
-0.0003, 0.0000, 3.1384, 0.0000, 0.0000,-0.0000, 0.0000
-0.0003, 0.0000, 3.1384, 0.0000, 0.0000,-0.0000, 0.0000
-0.0003, 0.0000, 3.1384, 0.0000, 0.0000,-0.0000, 0.0000
-0.0003, 0.0000, 3.1384, 0.0000, 0.0000,-0.0000, 0.0000
-0.0003, 0.0000, 3.1384, 0.0000, 0.0000,-0.0000, 0.0000
-0.0003, 0.0000, 3.1384, 0.0000, 0.0000,-0.0000, 0.0000
-0.0003, 0.0000, 3.1384, 0.0000, 0.0000,-0.0000, 0.0000
-0.0003, 0.0000, 3.1353, 0.0000, 0.0000,-0.2513, 0.0000
-0.0003, 0.0000, 3.1353, 0.0000, 0.0000,-0.0502, 0.0000
-0.0003, 0.0000, 3.1353, 0.0000, 0.0000,-0.0100, 0.0000
-0.0003, 0.0000, 3.1353, 0.0000, 0.0000,-0.0020, 0.0000
-0.0003, 0.0000, 3.1353, 0.0000, 0.0000,-0.0004, 0.0000
-0.0003, 0.0000, 3.1353, 0.0000, 0.0000,-0.0000, 0.0000
-0.0003, 0.0000, 3.1353, 0.0000, 0.0000,-0.0000, 0.0000
-0.0003, 0.0000, 3.1353, 0.0000, 0.0000,-0.0000, 0.0000
-0.0003, 0.0000, 3.1353, 0.0000, 0.0000,-0.0000, 0.0000
-0.0003, 0.0000, 3.1353, 0.0000, 0.0000,-0.0000, 0.0000
-0.0003, 0.0000, 3.1353, 0.0000, 0.0000,-0.0000, 0.0000
-0.0003, 0.0000, 3.1353, 0.0000, 0.0000,-0.0000, 0.0000
-0.0003, 0.0000, 3.1321, 0.0000, 0.0000,-0.2513, 0.0000
-0.0003, 0.0000, 3.1321, 0.0000, 0.0000,-0.0502, 0.0000
-0.0003, 0.0000, 3.1321, 3.1415, 0.0000,-0.0100, 2.9395
-0.0002, 0.0000, 3.1321, 3.1415, 0.0060,-0.0020, 3.0340
-0.0000, 0.0000, 3.1321, 3.1415, 0.0133,-0.0004, 3.5717
 0.0002, 0.0000, 3.1353, 3.1415, 0.0269, 0.2512,-4.6799
 0.0003, 0.0000, 3.1353, 3.1415, 0.0114, 0.0502, 0.0136
 0.0004, 0.0000, 3.1353, 3.1415, 0.0144, 0.0100, 2.3629
 0.0006, 0.0000, 3.1353, 3.1415, 0.0150, 0.0020, 2.8470
 0.0009, 0.0000, 3.1353, 3.1415, 0.0272, 0.0004, 3.9819
 0.0012, 0.0000, 3.1384, 3.1415, 0.0357, 0.2513,-4.6799
 0.0014, 0.0000, 3.1384, 3.1415, 0.0192, 0.0502,-0.0223
 0.0014, 0.0000, 3.1384, 3.1415, 0.0038, 0.0100, 0.7852
 0.0014, 0.0000, 3.1384, 3.1415, 0.0007, 0.0020, 0.9473
 0.0015, 0.0000, 3.1384, 3.1415, 0.0062, 0.0004, 1.4922
 0.0015, 0.0000, 3.1384, 3.1415, 0.0073, 0.0000, 1.6089
 0.0017, 0.0000, 3.1415, 3.1415, 0.0135, 0.2513,-4.6799
 0.0017, 0.0000, 3.1415, 3.1415, 0.0027, 0.0502,-2.1743
 0.0015, 0.0000, 3.1415, 3.1415,-0.0115, 0.0100,-1.2914
 0.0012, 0.0000, 3.1384, 3.1415,-0.0326,-0.2493, 4.6799
 0.0012, 0.0000, 3.1384, 3.1415,-0.0065,-0.0498, 3.0105
 0.0012, 0.0000, 3.1384, 3.1415, 0.0047,-0.0099, 1.8870
 0.0014, 0.0000, 3.1384, 3.1415, 0.0130,-0.0019, 2.1818
 0.0018, 0.0000, 3.1384, 3.1415, 0.0329,-0.0003, 3.7909
 0.0022, 0.0000, 3.1415, 3.1415, 0.0429, 0.2512,-4.6799
 0.0024, 0.0000, 3.1415, 3.1415, 0.0207, 0.0502,-0.5956
 0.0024, 0.0000, 3.1415, 3.1415, 0.0041, 0.0100, 0.1157
 0.0025, 0.0000, 3.1415, 3.1415, 0.0068, 0.0020, 0.7709
 0.0025, 0.0000, 3.1384, 3.1415, 0.0074,-0.2509, 4.6799
 0.0029, 0.0000, 3.1384, 3.1415, 0.0318,-0.0501, 4.6799
 0.0034, 0.0000, 3.1384, 3.1415, 0.0427,-0.0100, 4.6799
 0.0040, 0.0000, 3.1384, 3.1415, 0.0631,-0.0020, 4.6799
 0.0048, 0.0000, 3.1415, 3.1415, 0.0732, 0.2509,-4.6799
 0.0053, 0.0000, 3.1447, 3.1415, 0.0510, 0.3015,-4.6799
 0.0057, 0.0000, 3.1447, 3.1415, 0.0465, 0.0603, 0.6027
 0.0062, 0.0000, 3.1447, 3.1415, 0.0456, 0.0120, 3.0873
 0.0067, 0.0000, 3.1415, 3.1415, 0.0515,-0.2489, 4.6799
 0.0073, 0.0000, 3.1415, 3.1415, 0.0588,-0.0497, 4.6799
 0.0081, 0.0000, 3.1447, 3.1415, 0.0723, 0.2413,-4.6799
 0.0084, 0.0000, 3.1447, 3.1415, 0.0387, 0.0482, 0.8901
 0.0091, 0.0000, 3.1447, 3.1415, 0.0683, 0.0096, 4.6799
 0.0100, 0.0000, 3.1478, 3.1415, 0.0803, 0.2532,-4.6799
 0.0101, 0.0000, 3.1478, 3.1415, 0.0282, 0.0506,-0.7172
 0.0103, 0.0000, 3.1478, 3.1415, 0.0238, 0.0101, 1.0538
 0.0105, 0.0000, 3.1447, 3.1415, 0.0168,-0.2492, 4.6799
 0.0108, 0.0000, 3.1447, 3.1415, 0.0276,-0.0498, 4.6799
 0.0112, 0.0000, 3.1447, 3.1415, 0.0419,-0.0099, 4.5253
 0.0118, 0.0000, 3.1447, 3.1415, 0.0508,-0.0019, 4.6799
 0.0123, 0.0000, 3.1447, 3.1415, 0.0526,-0.0003, 4.6799
 0.0133, 0.0000, 3.1478, 3.1415, 0.0893, 0.2512,-4.6799
 0.0140, 0.0000, 3.1478, 3.1415, 0.0785, 0.0502, 3.9522
 0.0147, 0.0000, 3.1510, 3.1415, 0.0642, 0.2613,-4.6799
 0.0150, 0.0000, 3.1510, 3.1415, 0.0370, 0.0522,-0.2927
 0.0153, 0.0000, 3.1510, 3.1415, 0.0316, 0.0104, 1.4702
 0.0154, 0.0000, 3.1510, 3.1415, 0.0184, 0.0020, 0.8341
 0.0156, 0.0000, 3.1478, 3.1415, 0.0158,-0.2509, 4.6799
 0.0158, 0.0000, 3.1478, 3.1415, 0.0213,-0.0501, 4.6561
 0.0161, 0.0000, 3.1478, 3.1415, 0.0285,-0.0100, 3.2123
 0.0166, 0.0000, 3.1478, 3.1415, 0.0481,-0.0020, 4.4944
 0.0172, 0.0000, 3.1510, 3.1415, 0.0581, 0.2509,-4.6799
 0.0174, 0.0000, 3.1510, 3.1415, 0.0237, 0.0501,-0.9574
 0.0175, 0.0000, 3.1510, 3.1415, 0.0168, 0.0100, 0.5819
 0.0177, 0.0000, 3.1510, 3.1415, 0.0155, 0.0020, 0.9116
 0.0178, 0.0000, 3.1478, 3.1415, 0.0091,-0.2509, 4.6799
 0.0178, 0.0000, 3.1478, 3.1415, 0.0018,-0.0501, 3.3214
 0.0181, 0.0000, 3.1478, 3.1415, 0.0246,-0.0100, 3.1742
 0.0184, 0.0000, 3.1478, 3.1415, 0.0352,-0.0020, 3.6927
 0.0190, 0.0000, 3.1510, 3.1415, 0.0555, 0.2509,-4.6799
 0.0191, 0.0000, 3.1510, 3.1415, 0.0171, 0.0501,-1.2419
 0.0192, 0.0000, 3.1510, 3.1415, 0.0094, 0.0100, 0.2232
 0.0192, 0.0000, 3.1510, 3.1415, 0.0018, 0.0020, 0.0199
 0.0193, 0.0000, 3.1478, 3.1415, 0.0064,-0.2509, 4.6799
 0.0195, 0.0000, 3.1478, 3.1415, 0.0194,-0.0501, 4.6799
 0.0197, 0.0000, 3.1478, 3.1415, 0.0220,-0.0100, 3.2094
 0.0202, 0.0000, 3.1510, 3.1415, 0.0407, 0.2493,-4.6799
 0.0203, 0.0000, 3.1510, 3.1415, 0.0202, 0.0498,-0.7837
 0.0204, 0.0000, 3.1510, 3.1415, 0.0101, 0.0099, 0.4622
 0.0205, 0.0000, 3.1510, 3.1415, 0.0080, 0.0019, 0.7274
 0.0206, 0.0000, 3.1510, 3.1415, 0.0076, 0.0003, 0.7965
 0.0207, 0.0000, 3.1510, 3.1415, 0.0136, 0.0000, 1.3383
 0.0209, 0.0000, 3.1510, 3.1415, 0.0148, 0.0000, 1.4698
 0.0211, 0.0000, 3.1510, 3.1415, 0.0211, 0.0000, 2.0313
 0.0215, 0.0000, 3.1510, 3.1415, 0.0345, 0.0000, 3.1976
 0.0221, 0.0000, 3.1541, 3.1415, 0.0554, 0.2513,-4.6799
 0.0222, 0.0000, 3.1541, 3.1415, 0.0171, 0.0502,-1.5797
 0.0222, 0.0000, 3.1541, 3.1415, 0.0034, 0.0100,-0.6198
 0.0221, 0.0000, 3.1541, 3.1415,-0.0053, 0.0020,-0.9300
 0.0219, 0.0000, 3.1541, 3.1415,-0.0132, 0.0004,-1.5012
 0.0216, 0.0000, 3.1541, 3.1415,-0.0329, 0.0000,-3.1554
 0.0211, 0.0000, 3.1510, 3.1415,-0.0429,-0.2512, 4.6799
 0.0211, 0.0000, 3.1510, 3.1415,-0.0085,-0.0502, 2.2535
 0.0212, 0.0000, 3.1510, 3.1415, 0.0043,-0.0100, 1.2617
 0.0213, 0.0000, 3.1510, 3.1415, 0.0129,-0.0020, 1.5916
 0.0216, 0.0000, 3.1541, 3.1415, 0.0207, 0.2509,-4.6799
 0.0215, 0.0000, 3.1541, 3.1415,-0.0019, 0.0501,-3.1402
 0.0214, 0.0000, 3.1541, 3.1415,-0.0064, 0.0100,-1.4314
 0.0211, 0.0000, 3.1541, 3.1415,-0.0255, 0.0020,-2.6228
 0.0206, 0.0000, 3.1541, 3.1415,-0.0414, 0.0004,-3.9037
 0.0200, 0.0000, 3.1510, 3.1415,-0.0628,-0.2512, 4.6799
 0.0198, 0.0000, 3.1510, 3.1415,-0.0247,-0.0502, 0.8482
 0.0197, 0.0000, 3.1510, 3.1415,-0.0170,-0.0100,-0.6102
 0.0195, 0.0000, 3.1510, 3.1415,-0.0155,-0.0020,-0.9073
 0.0194, 0.0000, 3.1510, 3.1415,-0.0152,-0.0004,-0.9723
 0.0192, 0.0000, 3.1510, 3.1415,-0.0151,-0.0000,-0.9909
 0.0190, 0.0000, 3.1510, 3.1415,-0.0212,-0.0000,-1.5122
 0.0186, 0.0000, 3.1510, 3.1415,-0.0345,-0.0000,-2.6529
 0.0181, 0.0000, 3.1510, 3.1415,-0.0493,-0.0000,-3.9318
 0.0174, 0.0000, 3.1478, 3.1415,-0.0644,-0.2513, 4.6799
 0.0171, 0.0000, 3.1478, 3.1415,-0.0371,-0.0502, 0.4021
 0.0169, 0.0000, 3.1478, 3.1415,-0.0256,-0.0100,-0.7449
 0.0165, 0.0000, 3.1478, 3.1415,-0.0293,-0.0020,-1.4999
 0.0162, 0.0000, 3.1478, 3.1415,-0.0301,-0.0004,-1.6719
 0.0161, 0.0000, 3.1478, 3.1415,-0.0181,-0.0000,-0.7037
 0.0158, 0.0000, 3.1478, 3.1415,-0.0278,-0.0000,-1.5408
 0.0154, 0.0000, 3.1478, 3.1415,-0.0358,-0.0000,-2.2413
 0.0148, 0.0000, 3.1478, 3.1415,-0.0556,-0.0000,-3.9454
 0.0141, 0.0000, 3.1478, 3.1415,-0.0657,-0.0000,-4.6799
 0.0131, 0.0000, 3.1447, 3.1415,-0.0919,-0.2513, 4.6799
 0.0128, 0.0000, 3.1447, 3.1415,-0.0487,-0.0502,-0.1716
 0.0119, 0.0000, 3.1415, 3.1415,-0.0764,-0.2613, 4.6799
 0.0115, 0.0000, 3.1415, 3.1415,-0.0456,-0.0522, 0.8742
 0.0114, 0.0000, 3.1415, 3.1415,-0.0212,-0.0104, 0.7143
 0.0115, 0.0000, 3.1447, 3.1415, 0.0078, 0.2492,-4.6799
 0.0115, 0.0000, 3.1447, 3.1415, 0.0015, 0.0498,-1.3140
 0.0112, 0.0000, 3.1478, 3.1415,-0.0239, 0.2612,-4.6799
 0.0110, 0.0000, 3.1478, 3.1415,-0.0229, 0.0522,-4.3490
 0.0106, 0.0000, 3.1478, 3.1415,-0.0409, 0.0104,-3.7205
 0.0099, 0.0000, 3.1447, 3.1415,-0.0627,-0.2492, 4.6799
 0.0096, 0.0000, 3.1447, 3.1415,-0.0368,-0.0498, 0.4619
 0.0094, 0.0000, 3.1447, 3.1415,-0.0194,-0.0099,-0.1820
 0.0093, 0.0000, 3.1478, 3.1415,-0.0099, 0.2493,-4.6799
 0.0092, 0.0000, 3.1478, 3.1415,-0.0141, 0.0498,-3.6791
 0.0089, 0.0000, 3.1478, 3.1415,-0.0270, 0.0099,-2.7151
 0.0085, 0.0000, 3.1478, 3.1415,-0.0357, 0.0019,-3.0585
 0.0081, 0.0000, 3.1478, 3.1415,-0.0435, 0.0003,-3.6705
 0.0075, 0.0000, 3.1478, 3.1415,-0.0572, 0.0000,-4.6799
 0.0066, 0.0000, 3.1478, 3.1415,-0.0781, 0.0000,-4.6799
 0.0057, 0.0000, 3.1447, 3.1415,-0.0883,-0.2513, 4.6799
 0.0053, 0.0000, 3.1447, 3.1415,-0.0540,-0.0502,-1.4203
 0.0046, 0.0000, 3.1447, 3.1415,-0.0653,-0.0100,-4.5218
 0.0039, 0.0000, 3.1447, 3.1415,-0.0676,-0.0020,-4.6799
 0.0030, 0.0000, 3.1415, 3.1415,-0.0862,-0.2517, 4.6799
 0.0027, 0.0000, 3.1415, 3.1415,-0.0415,-0.0503, 0.1485
 0.0025, 0.0000, 3.1415, 3.1415,-0.0264,-0.0100,-0.7195
 0.0021, 0.0000, 3.1447, 3.1415,-0.0295, 0.2493,-4.6799
 0.0017, 0.0000, 3.1447, 3.1415,-0.0422, 0.0498,-4.6799
 0.0012, 0.0000, 3.1447, 3.1415,-0.0509, 0.0099,-4.6799
 0.0006, 0.0000, 3.1447, 3.1415,-0.0526, 0.0019,-4.5410
-0.0003, 0.0000, 3.1447, 3.1415,-0.0893, 0.0003,-4.6799
-0.0015, 0.0000, 3.1415, 3.1415,-0.1148,-0.2512, 3.9923
-0.0023, 0.0000, 3.1384, 3.1415,-0.0896,-0.3015, 4.6799
-0.0028, 0.0000, 3.1384, 3.1415,-0.0603,-0.0603,-0.7313
-0.0035, 0.0000, 3.1384, 3.1415,-0.0666,-0.0120,-3.8350
-0.0043, 0.0000, 3.1384, 3.1415,-0.0739,-0.0024,-4.6799
-0.0051, 0.0000, 3.1384, 3.1415,-0.0814,-0.0004,-4.6799
-0.0059, 0.0000, 3.1353, 3.1415,-0.0829,-0.2514, 4.6799
-0.0063, 0.0000, 3.1353, 3.1415,-0.0469,-0.0502, 0.2739
-0.0068, 0.0000, 3.1353, 3.1415,-0.0518,-0.0100,-2.2851
-0.0075, 0.0000, 3.1353, 3.1415,-0.0588,-0.0020,-3.3612
-0.0080, 0.0000, 3.1353, 3.1415,-0.0542,-0.0004,-3.1243
-0.0084, 0.0000, 3.1353, 3.1415,-0.0472,-0.0000,-2.6180
-0.0090, 0.0000, 3.1353, 3.1415,-0.0579,-0.0000,-3.5865
-0.0098, 0.0000, 3.1353, 3.1415,-0.0722,-0.0000,-4.6799
-0.0106, 0.0000, 3.1321, 3.1415,-0.0811,-0.2513, 4.6799
-0.0111, 0.0000, 3.1321, 3.1415,-0.0526,-0.0502, 0.0381
-0.0114, 0.0000, 3.1321, 3.1415,-0.0347,-0.0100,-0.6096
-0.0118, 0.0000, 3.1321, 3.1415,-0.0372,-0.0020,-1.2842
-0.0121, 0.0000, 3.1321, 3.1415,-0.0317,-0.0004,-0.9478
-0.0122, 0.0000, 3.1353, 3.1415,-0.0184, 0.2512,-4.6799
-0.0125, 0.0000, 3.1353, 3.1415,-0.0218, 0.0502,-3.6286
-0.0129, 0.0000, 3.1353, 3.1415,-0.0407, 0.0100,-3.1688
-0.0136, 0.0000, 3.1353, 3.1415,-0.0627, 0.0020,-4.6604
-0.0142, 0.0000, 3.1353, 3.1415,-0.0610, 0.0004,-4.5164
-0.0150, 0.0000, 3.1321, 3.1415,-0.0728,-0.2512, 4.6799
-0.0153, 0.0000, 3.1321, 3.1415,-0.0448,-0.0502, 0.1298
-0.0156, 0.0000, 3.1321, 3.1415,-0.0332,-0.0100,-1.0321
-0.0159, 0.0000, 3.1321, 3.1415,-0.0248,-0.0020,-0.7877
-0.0161, 0.0000, 3.1321, 3.1415,-0.0231,-0.0004,-0.7670
-0.0162, 0.0000, 3.1321, 3.1415,-0.0106,-0.0000, 0.2324
-0.0162, 0.0000, 3.1353, 3.1415,-0.0021, 0.2513,-4.6799
-0.0164, 0.0000, 3.1353, 3.1415,-0.0186, 0.0502,-3.8892
-0.0167, 0.0000, 3.1353, 3.1415,-0.0279, 0.0100,-2.6242
-0.0172, 0.0000, 3.1353, 3.1415,-0.0419, 0.0020,-3.4304
-0.0177, 0.0000, 3.1353, 3.1415,-0.0508, 0.0004,-4.1533
-0.0184, 0.0000, 3.1321, 3.1415,-0.0708,-0.2512, 4.6799
-0.0188, 0.0000, 3.1321, 3.1415,-0.0444,-0.0502,-0.3223
-0.0194, 0.0000, 3.1321, 3.1415,-0.0574,-0.0100,-3.5606
-0.0200, 0.0000, 3.1290, 3.1415,-0.0539,-0.2533, 4.6799
-0.0202, 0.0000, 3.1290, 3.1415,-0.0289,-0.0506, 1.6235
-0.0203, 0.0000, 3.1290, 3.1415,-0.0179,-0.0101, 0.4092
-0.0203, 0.0000, 3.1321, 3.1415, 0.0024, 0.2493,-4.6799
-0.0204, 0.0000, 3.1321, 3.1415,-0.0116, 0.0498,-3.0185
-0.0208, 0.0000, 3.1321, 3.1415,-0.0326, 0.0099,-2.7479
-0.0210, 0.0000, 3.1321, 3.1415,-0.0247, 0.0019,-1.7145
-0.0216, 0.0000, 3.1321, 3.1415,-0.0473, 0.0003,-3.5856
-0.0222, 0.0000, 3.1290, 3.1415,-0.0640,-0.2512, 4.6799
-0.0224, 0.0000, 3.1290, 3.1415,-0.0249,-0.0502, 1.6131
-0.0227, 0.0000, 3.1290, 3.1415,-0.0292,-0.0100,-0.8766
-0.0228, 0.0000, 3.1290, 3.1415,-0.0119,-0.0020, 0.1226
-0.0228, 0.0000, 3.1290, 3.1415,-0.0084,-0.0004, 0.3054
-0.0228, 0.0000, 3.1290, 3.1415, 0.0043,-0.0000, 1.3485
-0.0226, 0.0000, 3.1290, 3.1415, 0.0130,-0.0000, 2.0661
-0.0224, 0.0000, 3.1321, 3.1415, 0.0207, 0.2513,-4.6799
-0.0224, 0.0000, 3.1321, 3.1415, 0.0041, 0.0502,-2.0794
-0.0227, 0.0000, 3.1321, 3.1415,-0.0234, 0.0100,-2.3291
-0.0229, 0.0000, 3.1321, 3.1415,-0.0228, 0.0020,-1.9054
-0.0231, 0.0000, 3.1321, 3.1415,-0.0227, 0.0004,-1.8519
-0.0237, 0.0000, 3.1290, 3.1415,-0.0469,-0.2512, 4.6799
-0.0238, 0.0000, 3.1290, 3.1415,-0.0215,-0.0502, 1.6039
-0.0239, 0.0000, 3.1290, 3.1415,-0.0103,-0.0100, 0.4224
-0.0237, 0.0000, 3.1290, 3.1415, 0.0100,-0.0020, 1.7041
-0.0236, 0.0000, 3.1290, 3.1415, 0.0141,-0.0004, 1.9641
-0.0233, 0.0000, 3.1290, 3.1415, 0.0270,-0.0000, 3.0435
-0.0230, 0.0000, 3.1321, 3.1415, 0.0296, 0.2513,-4.6799
-0.0229, 0.0000, 3.1321, 3.1415, 0.0119, 0.0502,-1.6056
-0.0230, 0.0000, 3.1321, 3.1415,-0.0036, 0.0100,-0.8405
-0.0232, 0.0000, 3.1321, 3.1415,-0.0189, 0.0020,-1.7283
-0.0234, 0.0000, 3.1321, 3.1415,-0.0159, 0.0004,-1.4254
-0.0237, 0.0000, 3.1290, 3.1415,-0.0274,-0.2512, 4.6799
-0.0237, 0.0000, 3.1290, 3.1415,-0.0054,-0.0502, 2.8364
-0.0237, 0.0000, 3.1290, 3.1415,-0.0010,-0.0100, 1.1024
-0.0234, 0.0000, 3.1290, 3.1415, 0.0179,-0.0020, 2.2807
-0.0232, 0.0000, 3.1290, 3.1415, 0.0217,-0.0004, 2.5272
-0.0229, 0.0000, 3.1290, 3.1415, 0.0286,-0.0000, 3.0993
-0.0225, 0.0000, 3.1290, 3.1415, 0.0421,-0.0000, 4.2555
-0.0219, 0.0000, 3.1321, 3.1415, 0.0508, 0.2513,-4.6799
-0.0218, 0.0000, 3.1321, 3.1415, 0.0222, 0.0502,-0.7461
-0.0216, 0.0000, 3.1321, 3.1415, 0.0165, 0.0100, 0.8713
-0.0216, 0.0000, 3.1321, 3.1415, 0.0093, 0.0020, 0.6876
-0.0216, 0.0000, 3.1321, 3.1415, 0.0018, 0.0004, 0.1366
-0.0215, 0.0000, 3.1321, 3.1415, 0.0064, 0.0000, 0.5288
-0.0214, 0.0000, 3.1321, 3.1415, 0.0073, 0.0000, 0.6049
-0.0213, 0.0000, 3.1321, 3.1415, 0.0075, 0.0000, 0.6177
-0.0212, 0.0000, 3.1321, 3.1415, 0.0136, 0.0000, 1.1298
-0.0210, 0.0000, 3.1321, 3.1415, 0.0148, 0.0000, 1.2371
-0.0209, 0.0000, 3.1290, 3.1415, 0.0090,-0.2513, 4.6799
-0.0207, 0.0000, 3.1290, 3.1415, 0.0199,-0.0502, 4.6799
-0.0201, 0.0000, 3.1321, 3.1415, 0.0525, 0.2412,-4.6799
-0.0201, 0.0000, 3.1321, 3.1415, 0.0105, 0.0482,-1.5327
-0.0202, 0.0000, 3.1321, 3.1415,-0.0039, 0.0096,-0.7501
-0.0203, 0.0000, 3.1290, 3.1415,-0.0129,-0.2494, 4.6799
-0.0203, 0.0000, 3.1290, 3.1415, 0.0034,-0.0498, 3.7530
-0.0200, 0.0000, 3.1258, 3.1415, 0.0249,-0.2613, 4.6799
-0.0198, 0.0000, 3.1258, 3.1415, 0.0171,-0.0522, 4.6799
-0.0194, 0.0000, 3.1258, 3.1415, 0.0398,-0.0104, 4.6799
-0.0186, 0.0000, 3.1290, 3.1415, 0.0685, 0.2492,-4.6799
-0.0184, 0.0000, 3.1290, 3.1415, 0.0319, 0.0498, 1.1478
-0.0177, 0.0000, 3.1290, 3.1415, 0.0609, 0.0099, 4.6799
-0.0171, 0.0000, 3.1290, 3.1415, 0.0606, 0.0019, 4.6799
-0.0162, 0.0000, 3.1321, 3.1415, 0.0788, 0.2517,-4.6799
-0.0160, 0.0000, 3.1321, 3.1415, 0.0339, 0.0503, 0.7372
-0.0153, 0.0000, 3.1321, 3.1415, 0.0674, 0.0100, 4.6799
-0.0146, 0.0000, 3.1321, 3.1415, 0.0680, 0.0020, 4.6799
-0.0137, 0.0000, 3.1353, 3.1415, 0.0803, 0.2517,-4.6799
-0.0133, 0.0000, 3.1353, 3.1415, 0.0524, 0.0503, 1.7612
-0.0126, 0.0000, 3.1353, 3.1415, 0.0650, 0.0100, 4.6799
-0.0118, 0.0000, 3.1353, 3.1415, 0.0736, 0.0020, 4.6799
-0.0108, 0.0000, 3.1384, 3.1415, 0.0996, 0.2517,-4.6799
-0.0102, 0.0000, 3.1384, 3.1415, 0.0684, 0.0503, 2.6240
-0.0094, 0.0000, 3.1415, 3.1415, 0.0743, 0.2613,-4.6799
-0.0090, 0.0000, 3.1415, 3.1415, 0.0512, 0.0522, 0.4154
-0.0084, 0.0000, 3.1415, 3.1415, 0.0587, 0.0104, 3.2735
-0.0078, 0.0000, 3.1415, 3.1415, 0.0541, 0.0020, 3.3861
-0.0074, 0.0000, 3.1415, 3.1415, 0.0472, 0.0004, 2.9427
-0.0067, 0.0000, 3.1415, 3.1415, 0.0640, 0.0000, 4.4286
-0.0058, 0.0000, 3.1447, 3.1415, 0.0855, 0.2513,-4.6799
-0.0053, 0.0000, 3.1447, 3.1415, 0.0595, 0.0502, 0.8016
-0.0047, 0.0000, 3.1447, 3.1415, 0.0543, 0.0100, 2.5148
-0.0042, 0.0000, 3.1447, 3.1415, 0.0533, 0.0020, 2.9048
-0.0035, 0.0000, 3.1447, 3.1415, 0.0652, 0.0004, 4.0540
-0.0028, 0.0000, 3.1478, 3.1415, 0.0676, 0.2513,-4.6799
-0.0023, 0.0000, 3.1478, 3.1415, 0.0559, 0.0502, 0.0194
-0.0019, 0.0000, 3.1478, 3.1415, 0.0415, 0.0100, 0.9492
-0.0015, 0.0000, 3.1478, 3.1415, 0.0446, 0.0020, 1.6815
-0.0009, 0.0000, 3.1478, 3.1415, 0.0513, 0.0004, 2.3814
-0.0005, 0.0000, 3.1478, 3.1415, 0.0466, 0.0000, 2.0585
 0.0000, 0.0000, 3.1478, 3.1415, 0.0517, 0.0000, 2.5479
 0.0007, 0.0000, 3.1478, 3.1415, 0.0709, 0.0000, 4.2307
 0.0016, 0.0000, 3.1510, 3.1415, 0.0869, 0.2513,-4.6799
 0.0021, 0.0000, 3.1510, 3.1415, 0.0537, 0.0502,-0.4637
 0.0024, 0.0000, 3.1510, 3.1415, 0.0350, 0.0100, 0.1019
 0.0027, 0.0000, 3.1510, 3.1415, 0.0312, 0.0020, 0.2444
 0.0029, 0.0000, 3.1510, 3.1415, 0.0244, 0.0004,-0.2095
 0.0031, 0.0000, 3.1510, 3.1415, 0.0170, 0.0000,-0.7896
 0.0030, 0.0000, 3.1510, 3.1415,-0.0026, 0.0000,-2.4256
 0.0028, 0.0000, 3.1478, 3.1415,-0.0187,-0.2513, 4.6799
 0.0029, 0.0000, 3.1478, 3.1415, 0.0083,-0.0502, 1.9094
 0.0032, 0.0000, 3.1478, 3.1415, 0.0259,-0.0100, 1.3160
 0.0034, 0.0000, 3.1478, 3.1415, 0.0173,-0.0020, 0.2034
 0.0037, 0.0000, 3.1478, 3.1415, 0.0277,-0.0004, 1.0201
 0.0043, 0.0000, 3.1478, 3.1415, 0.0601,-0.0000, 3.7724
 0.0050, 0.0000, 3.1478, 3.1415, 0.0605,-0.0000, 3.8765
 0.0056, 0.0000, 3.1510, 3.1415, 0.0606, 0.2513,-4.6799
 0.0060, 0.0000, 3.1541, 3.1415, 0.0485, 0.3015,-4.6799
 0.0062, 0.0000, 3.1541, 3.1415, 0.0278, 0.0603,-3.4436
 0.0062, 0.0000, 3.1541, 3.1415, 0.0055, 0.0120,-2.7883
 0.0061, 0.0000, 3.1510, 3.1415,-0.0110,-0.2488, 4.6799
 0.0060, 0.0000, 3.1510, 3.1415,-0.0082,-0.0497, 0.0656
 0.0060, 0.0000, 3.1510, 3.1415,-0.0016,-0.0099,-1.4480
 0.0060, 0.0000, 3.1510, 3.1415,-0.0003,-0.0019,-1.7481
 0.0059, 0.0000, 3.1478, 3.1415,-0.0061,-0.2517, 4.6799
 0.0061, 0.0000, 3.1478, 3.1415, 0.0109,-0.0503, 2.5219
 0.0063, 0.0000, 3.1478, 3.1415, 0.0203,-0.0100, 1.2480
 0.0066, 0.0000, 3.1478, 3.1415, 0.0283,-0.0020, 1.5290
 0.0070, 0.0000, 3.1510, 3.1415, 0.0359, 0.2509,-4.6799
 0.0072, 0.0000, 3.1510, 3.1415, 0.0253, 0.0501,-2.1664
 0.0072, 0.0000, 3.1510, 3.1415, 0.0050, 0.0100,-1.7647
 0.0071, 0.0000, 3.1510, 3.1415,-0.0111, 0.0020,-2.7048
 0.0068, 0.0000, 3.1510, 3.1415,-0.0204, 0.0004,-3.4156
 0.0065, 0.0000, 3.1478, 3.1415,-0.0343,-0.2512, 4.6799
 0.0064, 0.0000, 3.1478, 3.1415,-0.0129,-0.0502, 0.6002
 0.0065, 0.0000, 3.1478, 3.1415, 0.0034,-0.0100,-0.1106
 0.0065, 0.0000, 3.1478, 3.1415, 0.0006,-0.0020,-0.7548
 0.0063, 0.0000, 3.1478, 3.1415,-0.0119,-0.0004,-1.9044
 0.0063, 0.0000, 3.1478, 3.1415,-0.0023,-0.0000,-1.1220
 0.0062, 0.0000, 3.1478, 3.1415,-0.0126,-0.0000,-1.9864
 0.0059, 0.0000, 3.1478, 3.1415,-0.0207,-0.0000,-2.6825
 0.0056, 0.0000, 3.1447, 3.1415,-0.0283,-0.2513, 4.6799
 0.0055, 0.0000, 3.1447, 3.1415,-0.0178,-0.0502, 0.9336
 0.0056, 0.0000, 3.1447, 3.1415, 0.0085,-0.0100, 1.0563
 0.0059, 0.0000, 3.1447, 3.1415, 0.0199,-0.0020, 1.6093
 0.0062, 0.0000, 3.1478, 3.1415, 0.0282, 0.2509,-4.6799
 0.0063, 0.0000, 3.1478, 3.1415, 0.0177, 0.0501,-2.0361
 0.0062, 0.0000, 3.1478, 3.1415,-0.0025, 0.0100,-1.6417
 0.0061, 0.0000, 3.1478, 3.1415,-0.0126, 0.0020,-2.0790
 0.0058, 0.0000, 3.1478, 3.1415,-0.0267, 0.0004,-3.2015
 0.0053, 0.0000, 3.1478, 3.1415,-0.0417, 0.0000,-4.4753
 0.0048, 0.0000, 3.1447, 3.1415,-0.0507,-0.2512, 4.6799
 0.0046, 0.0000, 3.1447, 3.1415,-0.0222,-0.0502, 0.4907
 0.0046, 0.0000, 3.1447, 3.1415,-0.0105,-0.0100,-0.6250
 0.0046, 0.0000, 3.1447, 3.1415,-0.0021,-0.0020,-0.3413
 0.0045, 0.0000, 3.1447, 3.1415,-0.0064,-0.0004,-0.7944
 0.0045, 0.0000, 3.1447, 3.1415,-0.0012,-0.0000,-0.3783
 0.0044, 0.0000, 3.1447, 3.1415,-0.0063,-0.0000,-0.8049
 0.0043, 0.0000, 3.1447, 3.1415,-0.0133,-0.0000,-1.4071
 0.0040, 0.0000, 3.1447, 3.1415,-0.0208,-0.0000,-2.0516
 0.0037, 0.0000, 3.1447, 3.1415,-0.0284,-0.0000,-2.7117
 0.0034, 0.0000, 3.1447, 3.1415,-0.0299,-0.0000,-2.8703
 0.0030, 0.0000, 3.1415, 3.1415,-0.0423,-0.2513, 4.6799
 0.0027, 0.0000, 3.1415, 3.1415,-0.0327,-0.0502, 0.2372
 0.0027, 0.0000, 3.1415, 3.1415,-0.0065,-0.0100, 0.3248
 0.0029, 0.0000, 3.1447, 3.1415, 0.0168, 0.2493,-4.6799
 0.0029, 0.0000, 3.1447, 3.1415, 0.0033, 0.0498,-2.7497
 0.0027, 0.0000, 3.1447, 3.1415,-0.0175, 0.0099,-2.4385
 0.0024, 0.0000, 3.1447, 3.1415,-0.0277, 0.0019,-2.9081
 0.0019, 0.0000, 3.1415, 3.1415,-0.0419,-0.2509, 4.6799
 0.0018, 0.0000, 3.1415, 3.1415,-0.0205,-0.0501, 1.1480
 0.0017, 0.0000, 3.1415, 3.1415,-0.0101,-0.0100,-0.0839
 0.0017, 0.0000, 3.1447, 3.1415,-0.0020, 0.2493,-4.6799
 0.0015, 0.0000, 3.1447, 3.1415,-0.0185, 0.0498,-4.6799
 0.0010, 0.0000, 3.1447, 3.1415,-0.0400, 0.0099,-4.5012
 0.0005, 0.0000, 3.1415, 3.1415,-0.0504,-0.2493, 0.0000
-0.0000, 0.0000, 3.1415, 3.1415,-0.0585,-0.0498, 0.0000
-0.0006, 0.0000, 3.1384, 3.1415,-0.0541,-0.2613, 4.6799
-0.0009, 0.0000, 3.1384, 3.1415,-0.0350,-0.0522, 0.5497
-0.0009, 0.0000, 3.1384, 3.1415,-0.0070,-0.0104, 0.7092
-0.0007, 0.0000, 3.1384, 3.1415, 0.0107,-0.0020, 1.7644
-0.0006, 0.0000, 3.1415, 3.1415, 0.0142, 0.2509, 0.0000
-0.0004, 0.0000, 3.1415, 3.1415, 0.0149, 0.0501, 0.0000
-0.0003, 0.0000, 3.1447, 3.1415, 0.0090, 0.2613,-4.6799
-0.0003, 0.0000, 3.1447, 3.1415, 0.0018, 0.0522,-3.3866
-0.0008, 0.0000, 3.1447, 3.1415,-0.0360, 0.0104,-4.4089
-0.0013, 0.0000, 3.1415, 3.1415,-0.0496,-0.2492, 4.6799
-0.0015, 0.0000, 3.1415, 3.1415,-0.0220,-0.0498, 0.6152
-0.0015, 0.0000, 3.1415, 3.1415,-0.0104,-0.0099,-0.5021
-0.0016, 0.0000, 3.1415, 3.1415,-0.0081,-0.0019,-0.7333
-0.0018, 0.0000, 3.1415, 3.1415,-0.0137,-0.0003,-1.2991
-0.0018, 0.0000, 3.1447, 3.1415,-0.0088, 0.2512,-4.6799
-0.0021, 0.0000, 3.1415, 3.1415,-0.0260,-0.2010, 4.6799
-0.0022, 0.0000, 3.1415, 3.1415,-0.0112,-0.0402, 0.9189
-0.0023, 0.0000, 3.1447, 3.1415,-0.0083, 0.2432,-4.6799
-0.0024, 0.0000, 3.1447, 3.1415,-0.0077, 0.0486,-4.2338
-0.0027, 0.0000, 3.1447, 3.1415,-0.0257, 0.0097,-3.7506
-0.0030, 0.0000, 3.1447, 3.1415,-0.0294, 0.0019,-3.6833
-0.0035, 0.0000, 3.1447, 3.1415,-0.0483, 0.0003,-4.6799
-0.0042, 0.0000, 3.1415, 3.1415,-0.0642,-0.2512, 4.6799
-0.0046, 0.0000, 3.1415, 3.1415,-0.0431,-0.0502,-1.4855
-0.0051, 0.0000, 3.1415, 3.1415,-0.0510,-0.0100,-4.2914
-0.0057, 0.0000, 3.1384, 3.1415,-0.0587,-0.2533, 4.6799
-0.0059, 0.0000, 3.1384, 3.1415,-0.0238,-0.0506, 0.7992
-0.0060, 0.0000, 3.1384, 3.1415,-0.0169,-0.0101,-0.7459
-0.0061, 0.0000, 3.1384, 3.1415,-0.0094,-0.0020,-0.5598
-0.0062, 0.0000, 3.1384, 3.1415,-0.0140,-0.0004,-1.0442
-0.0063, 0.0000, 3.1415, 3.1415,-0.0088, 0.2512,-4.6799
-0.0067, 0.0000, 3.1415, 3.1415,-0.0320, 0.0502,-4.6799
-0.0071, 0.0000, 3.1384, 3.1415,-0.0367,-0.2412, 4.6799
-0.0073, 0.0000, 3.1384, 3.1415,-0.0255,-0.0482, 0.3551
-0.0074, 0.0000, 3.1384, 3.1415,-0.0111,-0.0096,-0.4683
-0.0075, 0.0000, 3.1415, 3.1415,-0.0082, 0.2494,-4.6799
-0.0076, 0.0000, 3.1415, 3.1415,-0.0137, 0.0498,-4.6214
-0.0080, 0.0000, 3.1415, 3.1415,-0.0330, 0.0099,-4.2000
-0.0085, 0.0000, 3.1384, 3.1415,-0.0490,-0.2493, 4.6799
-0.0086, 0.0000, 3.1384, 3.1415,-0.0158,-0.0498, 1.0737
-0.0087, 0.0000, 3.1384, 3.1415,-0.0092,-0.0099,-0.4584
-0.0088, 0.0000, 3.1384, 3.1415,-0.0139,-0.0019,-1.2876
-0.0088, 0.0000, 3.1415, 3.1415,-0.0027, 0.2509,-4.6799
-0.0089, 0.0000, 3.1415, 3.1415,-0.0066, 0.0501,-4.2158
-0.0092, 0.0000, 3.1415, 3.1415,-0.0255, 0.0100,-3.7459
-0.0095, 0.0000, 3.1415, 3.1415,-0.0293, 0.0020,-3.6842
-0.0101, 0.0000, 3.1384, 3.1415,-0.0543,-0.2509, 4.6799
-0.0103, 0.0000, 3.1384, 3.1415,-0.0290,-0.0501,-0.2362
-0.0106, 0.0000, 3.1384, 3.1415,-0.0240,-0.0100,-1.9308
-0.0109, 0.0000, 3.1384, 3.1415,-0.0351,-0.0020,-3.3192
-0.0113, 0.0000, 3.1384, 3.1415,-0.0373,-0.0004,-3.6370
-0.0117, 0.0000, 3.1384, 3.1415,-0.0377,-0.0000,-3.7408
-0.0122, 0.0000, 3.1353, 3.1415,-0.0500,-0.2513, 4.6799
-0.0125, 0.0000, 3.1353, 3.1415,-0.0281,-0.0502, 0.3814
-0.0125, 0.0000, 3.1353, 3.1415,-0.0117,-0.0100,-0.3521
-0.0127, 0.0000, 3.1353, 3.1415,-0.0144,-0.0020,-1.0232
-0.0126, 0.0000, 3.1353, 3.1415, 0.0031,-0.0004, 0.3582
-0.0125, 0.0000, 3.1384, 3.1415, 0.0127, 0.2512,-4.6799
-0.0127, 0.0000, 3.1384, 3.1415,-0.0156, 0.0502,-4.6626
-0.0128, 0.0000, 3.1384, 3.1415,-0.0152, 0.0100,-2.5703
-0.0132, 0.0000, 3.1384, 3.1415,-0.0333, 0.0020,-3.7071
-0.0137, 0.0000, 3.1353, 3.1415,-0.0430,-0.2509, 4.6799
-0.0137, 0.0000, 3.1353, 3.1415,-0.0146,-0.0501, 1.2996
-0.0137, 0.0000, 3.1353, 3.1415,-0.0029,-0.0100, 0.1836
-0.0137, 0.0000, 3.1353, 3.1415,-0.0005,-0.0020,-0.0456
-0.0135, 0.0000, 3.1384, 3.1415, 0.0180, 0.2509,-4.6799
-0.0135, 0.0000, 3.1384, 3.1415, 0.0036, 0.0501,-3.2030
-0.0137, 0.0000, 3.1384, 3.1415,-0.0114, 0.0100,-2.3916
-0.0139, 0.0000, 3.1384, 3.1415,-0.0204, 0.0020,-2.7613
-0.0144, 0.0000, 3.1353, 3.1415,-0.0465,-0.2509, 4.6799
-0.0145, 0.0000, 3.1353, 3.1415,-0.0153,-0.0501, 1.1084
-0.0144, 0.0000, 3.1353, 3.1415, 0.0090,-0.0100, 1.0619
-0.0144, 0.0000, 3.1384, 3.1415,-0.0042, 0.2493,-4.6799
-0.0144, 0.0000, 3.1384, 3.1415, 0.0052, 0.0498,-3.1891
-0.0145, 0.0000, 3.1384, 3.1415,-0.0110, 0.0099,-2.4976
-0.0148, 0.0000, 3.1384, 3.1415,-0.0264, 0.0019,-3.4034
-0.0150, 0.0000, 3.1353, 3.1415,-0.0234,-0.2509, 4.6799
-0.0152, 0.0000, 3.1353, 3.1415,-0.0168,-0.0501, 0.8688
-0.0152, 0.0000, 3.1353, 3.1415,-0.0033,-0.0100,-0.1053
-0.0151, 0.0000, 3.1384, 3.1415, 0.0053, 0.2493,-4.6799
-0.0151, 0.0000, 3.1384, 3.1415, 0.0010, 0.0498,-3.6609
-0.0154, 0.0000, 3.1384, 3.1415,-0.0240, 0.0099,-3.7190
-0.0158, 0.0000, 3.1353, 3.1415,-0.0351,-0.2493, 4.6799
-0.0159, 0.0000, 3.1353, 3.1415,-0.0130,-0.0498, 1.0493
-0.0159, 0.0000, 3.1353, 3.1415,-0.0026,-0.0099,-0.1598
-0.0159, 0.0000, 3.1353, 3.1415,-0.0005,-0.0019,-0.4086
-0.0159, 0.0000, 3.1353, 3.1415,-0.0001,-0.0003,-0.4653
-0.0159, 0.0000, 3.1353, 3.1415,-0.0060,-0.0000,-0.9955
-0.0161, 0.0000, 3.1353, 3.1415,-0.0133,-0.0000,-1.6274
-0.0163, 0.0000, 3.1353, 3.1415,-0.0208,-0.0000,-2.2868
-0.0166, 0.0000, 3.1353, 3.1415,-0.0284,-0.0000,-2.9589
-0.0171, 0.0000, 3.1353, 3.1415,-0.0420,-0.0000,-4.1525
-0.0175, 0.0000, 3.1321, 3.1415,-0.0447,-0.2513, 4.6799
-0.0179, 0.0000, 3.1290, 3.1415,-0.0392,-0.3015, 4.6799
-0.0179, 0.0000, 3.1290, 3.1415,-0.0078,-0.0603, 3.3436
-0.0177, 0.0000, 3.1321, 3.1415, 0.0166, 0.2392,-4.6799
-0.0176, 0.0000, 3.1321, 3.1415, 0.0093, 0.0478,-1.6292
-0.0177, 0.0000, 3.1321, 3.1415,-0.0041, 0.0095,-0.7880
-0.0178, 0.0000, 3.1321, 3.1415,-0.0129, 0.0019,-1.1464
-0.0181, 0.0000, 3.1290, 3.1415,-0.0207,-0.2509, 4.6799
-0.0180, 0.0000, 3.1290, 3.1415, 0.0019,-0.0501, 3.5802
-0.0179, 0.0000, 3.1290, 3.1415, 0.0064,-0.0100, 1.8729
-0.0175, 0.0000, 3.1290, 3.1415, 0.0316,-0.0020, 3.5779
-0.0172, 0.0000, 3.1321, 3.1415, 0.0366, 0.2509,-4.6799
-0.0170, 0.0000, 3.1321, 3.1415, 0.0194, 0.0501,-0.9031
-0.0170, 0.0000, 3.1321, 3.1415, 0.0038, 0.0100,-0.1210
-0.0171, 0.0000, 3.1321, 3.1415,-0.0052, 0.0020,-0.4839
-0.0172, 0.0000, 3.1321, 3.1415,-0.0131, 0.0004,-1.0829
-0.0175, 0.0000, 3.1290, 3.1415,-0.0268,-0.2512, 4.6799
-0.0175, 0.0000, 3.1290, 3.1415,-0.0053,-0.0502, 2.9649
-0.0174, 0.0000, 3.1290, 3.1415, 0.0110,-0.0100, 2.2507
-0.0171, 0.0000, 3.1290, 3.1415, 0.0264,-0.0020, 3.1380
-0.0166, 0.0000, 3.1290, 3.1415, 0.0416,-0.0004, 4.3598
-0.0159, 0.0000, 3.1321, 3.1415, 0.0629, 0.2512,-4.6799
-0.0156, 0.0000, 3.1321, 3.1415, 0.0368, 0.0502, 0.6187
-0.0149, 0.0000, 3.1353, 3.1415, 0.0680, 0.2613,-4.6799
-0.0147, 0.0000, 3.1353, 3.1415, 0.0257, 0.0522,-1.1284
-0.0147, 0.0000, 3.1353, 3.1415, 0.0051, 0.0104,-0.6747
-0.0148, 0.0000, 3.1321, 3.1415,-0.0050,-0.2492, 4.6799
-0.0146, 0.0000, 3.1321, 3.1415, 0.0171,-0.0498, 4.2791
-0.0143, 0.0000, 3.1321, 3.1415, 0.0276,-0.0099, 3.1095
-0.0139, 0.0000, 3.1321, 3.1415, 0.0358,-0.0019, 3.4094
-0.0134, 0.0000, 3.1321, 3.1415, 0.0496,-0.0003, 4.5222
-0.0126, 0.0000, 3.1353, 3.1415, 0.0705, 0.2512,-4.6799
-0.0121, 0.0000, 3.1353, 3.1415, 0.0565, 0.0502, 1.7954
-0.0114, 0.0000, 3.1384, 3.1415, 0.0658, 0.2613,-4.6799
-0.0112, 0.0000, 3.1384, 3.1415, 0.0313, 0.0522,-1.1176
-0.0110, 0.0000, 3.1384, 3.1415, 0.0183, 0.0104,-0.0128
-0.0111, 0.0000, 3.1353, 3.1415,-0.0023,-0.2492, 4.6799
-0.0110, 0.0000, 3.1353, 3.1415, 0.0055,-0.0498, 2.8635
-0.0109, 0.0000, 3.1353, 3.1415, 0.0132,-0.0099, 1.4420
-0.0106, 0.0000, 3.1353, 3.1415, 0.0208,-0.0019, 1.6789
-0.0102, 0.0000, 3.1353, 3.1415, 0.0405,-0.0003, 3.2782
-0.0097, 0.0000, 3.1353, 3.1415, 0.0505,-0.0000, 4.1478
-0.0090, 0.0000, 3.1384, 3.1415, 0.0646, 0.2512,-4.6799
-0.0085, 0.0000, 3.1384, 3.1415, 0.0493, 0.0502, 0.7432
-0.0080, 0.0000, 3.1384, 3.1415, 0.0523, 0.0100, 3.1338
-0.0074, 0.0000, 3.1384, 3.1415, 0.0589, 0.0020, 4.1697
-0.0067, 0.0000, 3.1415, 3.1415, 0.0663, 0.2517,-4.6799
-0.0064, 0.0000, 3.1415, 3.1415, 0.0375, 0.0503,-0.8236
-0.0063, 0.0000, 3.1415, 3.1415, 0.0135, 0.0100,-0.7166
-0.0062, 0.0000, 3.1415, 3.1415, 0.0087, 0.0020,-0.6910
-0.0064, 0.0000, 3.1384, 3.1415,-0.0103,-0.2509, 4.6799
-0.0063, 0.0000, 3.1353, 3.1415, 0.0039,-0.3014, 4.6799
-0.0061, 0.0000, 3.1353, 3.1415, 0.0189,-0.0602, 4.6799
-0.0059, 0.0000, 3.1353, 3.1415, 0.0219,-0.0120, 2.8110
-0.0053, 0.0000, 3.1353, 3.1415, 0.0468,-0.0024, 4.4309
-0.0047, 0.0000, 3.1384, 3.1415, 0.0578, 0.2508,-4.6799
-0.0044, 0.0000, 3.1384, 3.1415, 0.0358, 0.0501, 0.0751
-0.0040, 0.0000, 3.1384, 3.1415, 0.0374, 0.0100, 2.3356
-0.0036, 0.0000, 3.1384, 3.1415, 0.0438, 0.0020, 3.3330
-0.0030, 0.0000, 3.1384, 3.1415, 0.0572, 0.0004, 4.5969
-0.0025, 0.0000, 3.1384, 3.1415, 0.0538, 0.0000, 4.3930
-0.0017, 0.0000, 3.1415, 3.1415, 0.0714, 0.2513,-4.6799
-0.0012, 0.0000, 3.1415, 3.1415, 0.0506, 0.0502, 0.8430
-0.0006, 0.0000, 3.1415, 3.1415, 0.0647, 0.0100, 0.0000
-0.0002, 0.0000, 3.1415, 3.1415, 0.0432, 0.0020, 0.0000
 0.0000, 0.0000, 3.1415, 3.1415, 0.0329, 0.0004, 0.0000
 0.0002, 0.0000, 3.1415, 3.1415, 0.0187, 0.0000, 0.0000
 0.0003, 0.0000, 3.1415, 3.1415, 0.0158, 0.0000, 0.0000
 0.0003, 0.0000, 3.1415, 3.1415, 0.0031, 0.0000, 0.0000
 0.0003, 0.0000, 3.1384, 3.1415,-0.0054,-0.2513, 4.6799
 0.0003, 0.0000, 3.1384, 3.1415, 0.0049,-0.0502, 3.2786
 0.0006, 0.0000, 3.1384, 3.1415, 0.0191,-0.0100, 2.3981
 0.0010, 0.0000, 3.1384, 3.1415, 0.0402,-0.0020, 3.7789
 0.0015, 0.0000, 3.1384, 3.1415, 0.0504,-0.0004, 4.6097
 0.0024, 0.0000, 3.1384, 3.1415, 0.0767,-0.0000, 4.6799
 0.0033, 0.0000, 3.1415, 3.1415, 0.0881, 0.2513,-4.6799
 0.0039, 0.0000, 3.1415, 3.1415, 0.0661, 0.0502, 2.7358
 0.0049, 0.0000, 3.1447, 3.1415, 0.0920, 0.2613,-4.6799
 0.0054, 0.0000, 3.1447, 3.1415, 0.0608, 0.0522, 1.5541
 0.0060, 0.0000, 3.1447, 3.1415, 0.0606, 0.0104, 3.7823
 0.0068, 0.0000, 3.1478, 3.1415, 0.0727, 0.2534,-4.6799
 0.0072, 0.0000, 3.1478, 3.1415, 0.0448, 0.0506,-0.2977
 0.0073, 0.0000, 3.1478, 3.1415, 0.0211, 0.0101,-0.1450
 0.0074, 0.0000, 3.1478, 3.1415, 0.0102, 0.0020,-0.6090
 0.0072, 0.0000, 3.1447, 3.1415,-0.0100,-0.2509, 4.6799
 0.0074, 0.0000, 3.1447, 3.1415, 0.0101,-0.0501, 2.9066
 0.0076, 0.0000, 3.1447, 3.1415, 0.0202,-0.0100, 1.6927
 0.0077, 0.0000, 3.1447, 3.1415, 0.0101,-0.0020, 0.4508
 0.0082, 0.0000, 3.1447, 3.1415, 0.0444,-0.0004, 3.2838
 0.0089, 0.0000, 3.1447, 3.1415, 0.0634,-0.0000, 4.6799
 0.0096, 0.0000, 3.1478, 3.1415, 0.0672, 0.2512,-4.6799
 0.0100, 0.0000, 3.1478, 3.1415, 0.0498, 0.0502, 0.4996
 0.0108, 0.0000, 3.1478, 3.1415, 0.0706, 0.0100, 4.4017
 0.0113, 0.0000, 3.1510, 3.1415, 0.0565, 0.2533,-4.6799
 0.0115, 0.0000, 3.1510, 3.1415, 0.0295, 0.0506,-1.8385
 0.0117, 0.0000, 3.1510, 3.1415, 0.0180, 0.0101,-0.6638
 0.0115, 0.0000, 3.1510, 3.1415,-0.0085, 0.0020,-2.4569
 0.0115, 0.0000, 3.1478, 3.1415,-0.0077,-0.2509, 4.6799
 0.0115, 0.0000, 3.1478, 3.1415, 0.0045,-0.0501, 2.1567
 0.0115, 0.0000, 3.1478, 3.1415, 0.0009,-0.0100,-0.2188
 0.0115, 0.0000, 3.1478, 3.1415,-0.0058,-0.0020,-1.2007
 0.0115, 0.0000, 3.1478, 3.1415,-0.0011,-0.0004,-0.8872
 0.0114, 0.0000, 3.1447, 3.1415,-0.0062,-0.2513, 4.6799
 0.0115, 0.0000, 3.1447, 3.1415, 0.0048,-0.0502, 3.0200
 0.0117, 0.0000, 3.1447, 3.1415, 0.0191,-0.0100, 2.1566
 0.0119, 0.0000, 3.1447, 3.1415, 0.0220,-0.0020, 2.0103
 0.0123, 0.0000, 3.1447, 3.1415, 0.0347,-0.0004, 3.0311
 0.0128, 0.0000, 3.1478, 3.1415, 0.0493, 0.2512,-4.6799
 0.0132, 0.0000, 3.1478, 3.1415, 0.0401, 0.0502, 0.1528
 0.0134, 0.0000, 3.1478, 3.1415, 0.0262, 0.0100, 1.1129
 0.0138, 0.0000, 3.1478, 3.1415, 0.0355, 0.0020, 2.3557
 0.0142, 0.0000, 3.1510, 3.1415, 0.0374, 0.2517,-4.6799
 0.0142, 0.0000, 3.1510, 3.1415, 0.0074, 0.0503,-3.2471
 0.0141, 0.0000, 3.1510, 3.1415,-0.0045, 0.0100,-2.1586
 0.0139, 0.0000, 3.1478, 3.1415,-0.0191,-0.2493, 4.6799
 0.0139, 0.0000, 3.1478, 3.1415,-0.0038,-0.0498, 1.8113
 0.0140, 0.0000, 3.1478, 3.1415, 0.0113,-0.0099, 1.0269
 0.0141, 0.0000, 3.1478, 3.1415, 0.0083,-0.0019, 0.3784
 0.0142, 0.0000, 3.1478, 3.1415, 0.0077,-0.0003, 0.2620
 0.0146, 0.0000, 3.1510, 3.1415, 0.0318, 0.2512,-4.6799
 0.0147, 0.0000, 3.1510, 3.1415, 0.0124, 0.0502,-2.7321
 0.0144, 0.0000, 3.1510, 3.1415,-0.0157, 0.0100,-2.9995
 0.0141, 0.0000, 3.1478, 3.1415,-0.0273,-0.2493, 4.6799
 0.0140, 0.0000, 3.1478, 3.1415,-0.0115,-0.0498, 1.2353
 0.0141, 0.0000, 3.1478, 3.1415, 0.0037,-0.0099, 0.4515
 0.0142, 0.0000, 3.1478, 3.1415, 0.0068,-0.0019, 0.3081
 0.0143, 0.0000, 3.1478, 3.1415, 0.0074,-0.0003, 0.2927
 0.0145, 0.0000, 3.1510, 3.1415, 0.0196, 0.2512,-4.6799
 0.0146, 0.0000, 3.1510, 3.1415, 0.0099, 0.0502,-2.8960
 0.0144, 0.0000, 3.1510, 3.1415,-0.0101, 0.0100,-2.4899
 0.0140, 0.0000, 3.1478, 3.1415,-0.0384,-0.2493, 4.6799
 0.0139, 0.0000, 3.1478, 3.1415,-0.0137,-0.0498, 1.0820
 0.0140, 0.0000, 3.1478, 3.1415, 0.0033,-0.0099, 0.4444
 0.0140, 0.0000, 3.1478, 3.1415, 0.0067,-0.0019, 0.3300
 0.0140, 0.0000, 3.1510, 3.1415, 0.0013, 0.2509,-4.6799
 0.0141, 0.0000, 3.1510, 3.1415, 0.0063, 0.0501,-3.2107
 0.0140, 0.0000, 3.1510, 3.1415,-0.0108, 0.0100,-2.5642
 0.0136, 0.0000, 3.1510, 3.1415,-0.0324, 0.0020,-3.9783
 0.0130, 0.0000, 3.1478, 3.1415,-0.0550,-0.2509, 4.6799
 0.0126, 0.0000, 3.1478, 3.1415,-0.0413,-0.0501,-1.2925
 0.0122, 0.0000, 3.1478, 3.1415,-0.0385,-0.0100,-3.1852
 0.0118, 0.0000, 3.1447, 3.1415,-0.0380,-0.2533, 4.6799
 0.0116, 0.0000, 3.1447, 3.1415,-0.0257,-0.0506, 0.7365
 0.0116, 0.0000, 3.1447, 3.1415,-0.0051,-0.0101, 0.3526
 0.0118, 0.0000, 3.1478, 3.1415, 0.0171, 0.2492,-4.6799
 0.0118, 0.0000, 3.1478, 3.1415, 0.0034, 0.0498,-2.8312
 0.0115, 0.0000, 3.1478, 3.1415,-0.0235, 0.0099,-3.0309
 0.0112, 0.0000, 3.1478, 3.1415,-0.0289, 0.0019,-3.0940
 0.0109, 0.0000, 3.1478, 3.1415,-0.0361, 0.0003,-3.6417
 0.0102, 0.0000, 3.1478, 3.1415,-0.0617, 0.0000,-4.6799
 0.0094, 0.0000, 3.1447, 3.1415,-0.0729,-0.2512, 4.6799
 0.0090, 0.0000, 3.1415, 3.1415,-0.0509,-0.3015, 4.6799
 0.0088, 0.0000, 3.1415, 3.1415,-0.0223,-0.0603, 2.0550
 0.0089, 0.0000, 3.1447, 3.1415, 0.0015, 0.2392,-4.6799
 0.0088, 0.0000, 3.1447, 3.1415,-0.0057, 0.0478,-2.9933
 0.0087, 0.0000, 3.1447, 3.1415,-0.0132, 0.0095,-1.6452
 0.0086, 0.0000, 3.1447, 3.1415,-0.0087, 0.0019,-0.8740
 0.0084, 0.0000, 3.1447, 3.1415,-0.0199, 0.0003,-1.7467
 0.0080, 0.0000, 3.1447, 3.1415,-0.0343, 0.0000,-2.9624
 0.0075, 0.0000, 3.1447, 3.1415,-0.0432, 0.0000,-3.7491
 0.0072, 0.0000, 3.1447, 3.1415,-0.0389, 0.0000,-3.4336
 0.0066, 0.0000, 3.1447, 3.1415,-0.0502, 0.0000,-4.4263
 0.0059, 0.0000, 3.1415, 3.1415,-0.0646,-0.2513, 4.6799
 0.0055, 0.0000, 3.1415, 3.1415,-0.0493,-0.0502,-1.0523
 0.0050, 0.0000, 3.1415, 3.1415,-0.0462,-0.0100,-2.9339
 0.0046, 0.0000, 3.1415, 3.1415,-0.0395,-0.0020,-2.8386
 0.0041, 0.0000, 3.1415, 3.1415,-0.0503,-0.0004,-3.8764
 0.0034, 0.0000, 3.1384, 3.1415,-0.0646,-0.2514, 4.6799
 0.0031, 0.0000, 3.1384, 3.1415,-0.0371,-0.0502, 0.5093
 0.0031, 0.0000, 3.1384, 3.1415,-0.0134,-0.0100, 0.3804
 0.0031, 0.0000, 3.1384, 3.1415,-0.0026,-0.0020, 0.8608
 0.0032, 0.0000, 3.1415, 3.1415, 0.0115, 0.2509,-4.6799
 0.0032, 0.0000, 3.1415, 3.1415, 0.0023, 0.0501,-2.2288
 0.0031, 0.0000, 3.1447, 3.1415,-0.0055, 0.2613,-4.6799
 0.0028, 0.0000, 3.1447, 3.1415,-0.0314, 0.0522,-4.6799
 0.0021, 0.0000, 3.1415, 3.1415,-0.0547,-0.2408, 4.6799
 0.0019, 0.0000, 3.1415, 3.1415,-0.0291,-0.0481, 0.1146
 0.0019, 0.0000, 3.1415, 3.1415,-0.0058,-0.0096, 0.0512
 0.0019, 0.0000, 3.1447, 3.1415,-0.0011, 0.2494,-4.6799
 0.0018, 0.0000, 3.1447, 3.1415,-0.0123, 0.0498,-4.4119
 0.0015, 0.0000, 3.1447, 3.1415,-0.0267, 0.0099,-3.5681
 0.0011, 0.0000, 3.1447, 3.1415,-0.0356, 0.0019,-3.9387
 0.0005, 0.0000, 3.1447, 3.1415,-0.0556, 0.0003,-4.6799
-0.0003, 0.0000, 3.1415, 3.1415,-0.0838,-0.2512, 0.0000
-0.0012, 0.0000, 3.1415, 3.1415,-0.0895,-0.0502,-4.6799
-0.0022, 0.0000, 3.1384, 3.1415,-0.0967,-0.2613, 4.6799
-0.0026, 0.0000, 3.1384, 3.1415,-0.0496,-0.0522,-1.0895
-0.0034, 0.0000, 3.1353, 3.1415,-0.0766,-0.2617, 4.6799
-0.0037, 0.0000, 3.1353, 3.1415,-0.0395,-0.0523, 0.4350
-0.0038, 0.0000, 3.1353, 3.1415,-0.0139,-0.0104, 0.3755
-0.0037, 0.0000, 3.1384, 3.1415, 0.0093, 0.2492,-4.6799
-0.0039, 0.0000, 3.1384, 3.1415,-0.0163, 0.0498,-3.7761
-0.0042, 0.0000, 3.1384, 3.1415,-0.0275, 0.0099,-2.6739
-0.0045, 0.0000, 3.1384, 3.1415,-0.0297, 0.0019,-2.4835
-0.0050, 0.0000, 3.1384, 3.1415,-0.0423, 0.0003,-3.4993
-0.0056, 0.0000, 3.1384, 3.1415,-0.0569, 0.0000,-4.6799
-0.0064, 0.0000, 3.1353, 3.1415,-0.0780,-0.2512, 4.6799
-0.0068, 0.0000, 3.1353, 3.1415,-0.0459,-0.0502,-0.5671
-0.0072, 0.0000, 3.1353, 3.1415,-0.0455,-0.0100,-2.6788
-0.0078, 0.0000, 3.1353, 3.1415,-0.0576,-0.0020,-4.1703
-0.0084, 0.0000, 3.1321, 3.1415,-0.0600,-0.2517, 4.6799
-0.0087, 0.0000, 3.1321, 3.1415,-0.0362,-0.0503, 0.8167
-0.0089, 0.0000, 3.1321, 3.1415,-0.0193,-0.0100, 0.1055
-0.0089, 0.0000, 3.1321, 3.1415,-0.0038,-0.0020, 0.9689
-0.0088, 0.0000, 3.1353, 3.1415, 0.0052, 0.2509,-4.6799
-0.0087, 0.0000, 3.1353, 3.1415, 0.0071, 0.0501,-1.6314
-0.0088, 0.0000, 3.1353, 3.1415,-0.0046, 0.0100,-0.5382
-0.0089, 0.0000, 3.1353, 3.1415,-0.0069, 0.0020,-0.3305
-0.0092, 0.0000, 3.1353, 3.1415,-0.0256, 0.0004,-1.8354
-0.0096, 0.0000, 3.1353, 3.1415,-0.0354, 0.0000,-2.6805
-0.0098, 0.0000, 3.1353, 3.1415,-0.0252, 0.0000,-1.8653
-0.0102, 0.0000, 3.1353, 3.1415,-0.0353, 0.0000,-2.7515
-0.0106, 0.0000, 3.1353, 3.1415,-0.0434, 0.0000,-3.4803
-0.0112, 0.0000, 3.1321, 3.1415,-0.0571,-0.2513, 4.6799
-0.0115, 0.0000, 3.1321, 3.1415,-0.0356,-0.0502, 0.4771
-0.0116, 0.0000, 3.1321, 3.1415,-0.0132,-0.0100, 0.2419
-0.0116, 0.0000, 3.1321, 3.1415,-0.0026,-0.0020, 0.6946
-0.0115, 0.0000, 3.1353, 3.1415, 0.0055, 0.2509,-4.6799
-0.0115, 0.0000, 3.1353, 3.1415, 0.0011, 0.0501,-2.5173
-0.0116, 0.0000, 3.1353, 3.1415,-0.0058, 0.0100,-1.0264
-0.0118, 0.0000, 3.1353, 3.1415,-0.0132, 0.0020,-1.2522
-0.0122, 0.0000, 3.1353, 3.1415,-0.0329, 0.0004,-2.8522
-0.0125, 0.0000, 3.1353, 3.1415,-0.0308, 0.0000,-2.7010
-0.0129, 0.0000, 3.1321, 3.1415,-0.0425,-0.2513, 4.6799
-0.0130, 0.0000, 3.1321, 3.1415,-0.0145,-0.0502, 2.0097
-0.0130, 0.0000, 3.1321, 3.1415,-0.0029,-0.0100, 0.8841
-0.0128, 0.0000, 3.1353, 3.1415, 0.0176, 0.2493,-4.6799
-0.0128, 0.0000, 3.1353, 3.1415, 0.0035, 0.0498,-2.4883
-0.0128, 0.0000, 3.1353, 3.1415,-0.0053, 0.0099,-1.1717
-0.0130, 0.0000, 3.1353, 3.1415,-0.0131, 0.0019,-1.4329
-0.0133, 0.0000, 3.1353, 3.1415,-0.0268, 0.0003,-2.5286
-0.0137, 0.0000, 3.1321, 3.1415,-0.0356,-0.2512, 4.6799
-0.0137, 0.0000, 3.1321, 3.1415,-0.0132,-0.0502, 1.9919
-0.0136, 0.0000, 3.1321, 3.1415, 0.0094,-0.0100, 1.7990
-0.0134, 0.0000, 3.1353, 3.1415, 0.0200, 0.2493,-4.6799
-0.0134, 0.0000, 3.1353, 3.1415, 0.0040, 0.0498,-2.5612
-0.0134, 0.0000, 3.1353, 3.1415,-0.0052, 0.0099,-1.2778
-0.0135, 0.0000, 3.1353, 3.1415,-0.0071, 0.0019,-1.0341
-0.0137, 0.0000, 3.1321, 3.1415,-0.0196,-0.2509, 4.6799
-0.0138, 0.0000, 3.1321, 3.1415,-0.0099,-0.0501, 2.2094
-0.0137, 0.0000, 3.1321, 3.1415, 0.0101,-0.0100, 1.8057
-0.0134, 0.0000, 3.1353, 3.1415, 0.0262, 0.2493,-4.6799
-0.0132, 0.0000, 3.1353, 3.1415, 0.0173, 0.0498,-1.4721
-0.0133, 0.0000, 3.1353, 3.1415,-0.0025, 0.0099,-1.0757
-0.0134, 0.0000, 3.1353, 3.1415,-0.0126, 0.0019,-1.5211
-0.0136, 0.0000, 3.1353, 3.1415,-0.0146, 0.0003,-1.6302
-0.0138, 0.0000, 3.1321, 3.1415,-0.0211,-0.2512, 4.6799
-0.0139, 0.0000, 3.1321, 3.1415,-0.0102,-0.0502, 2.1343
-0.0137, 0.0000, 3.1321, 3.1415, 0.0161,-0.0100, 2.2598
-0.0133, 0.0000, 3.1353, 3.1415, 0.0335, 0.2493,-4.6799
-0.0132, 0.0000, 3.1353, 3.1415, 0.0127, 0.0498,-1.8992
-0.0132, 0.0000, 3.1353, 3.1415, 0.0025, 0.0099,-0.6849
-0.0133, 0.0000, 3.1353, 3.1415,-0.0055, 0.0019,-0.9597
-0.0136, 0.0000, 3.1321, 3.1415,-0.0253,-0.2509, 4.6799
-0.0135, 0.0000, 3.1321, 3.1415, 0.0009,-0.0501, 3.0737
-0.0134, 0.0000, 3.1321, 3.1415, 0.0123,-0.0100, 1.9417
-0.0131, 0.0000, 3.1321, 3.1415, 0.0206,-0.0020, 2.2353
-0.0126, 0.0000, 3.1353, 3.1415, 0.0465, 0.2509,-4.6799
-0.0122, 0.0000, 3.1353, 3.1415, 0.0396, 0.0501, 0.3831
-0.0119, 0.0000, 3.1353, 3.1415, 0.0321, 0.0100, 1.8759
-0.0115, 0.0000, 3.1353, 3.1415, 0.0367, 0.0020, 2.7093
-0.0109, 0.0000, 3.1384, 3.1415, 0.0619, 0.2517,-4.6799
-0.0106, 0.0000, 3.1384, 3.1415, 0.0305, 0.0503,-1.0287
-0.0106, 0.0000, 3.1384, 3.1415, 0.0061, 0.0100,-0.9747
-0.0106, 0.0000, 3.1384, 3.1415, 0.0012, 0.0020,-0.9686
-0.0109, 0.0000, 3.1353, 3.1415,-0.0240,-0.2509, 4.6799
-0.0109, 0.0000, 3.1353, 3.1415,-0.0048,-0.0501, 2.0155
-0.0108, 0.0000, 3.1353, 3.1415, 0.0111,-0.0100, 1.2695
-0.0107, 0.0000, 3.1353, 3.1415, 0.0082,-0.0020, 0.6178
-0.0103, 0.0000, 3.1353, 3.1415, 0.0380,-0.0004, 3.0490
-0.0097, 0.0000, 3.1384, 3.1415, 0.0561, 0.2512,-4.6799
-0.0096, 0.0000, 3.1384, 3.1415, 0.0172, 0.0502,-2.0438
-0.0095, 0.0000, 3.1384, 3.1415, 0.0095, 0.0100,-0.5995
-0.0096, 0.0000, 3.1353, 3.1415,-0.0041,-0.2493, 4.6799
-0.0097, 0.0000, 3.1353, 3.1415,-0.0068,-0.0498, 1.9410
-0.0094, 0.0000, 3.1353, 3.1415, 0.0168,-0.0099, 1.8598
-0.0093, 0.0000, 3.1353, 3.1415, 0.0154,-0.0019, 1.3487
-0.0091, 0.0000, 3.1353, 3.1415, 0.0152,-0.0003, 1.2565
-0.0085, 0.0000, 3.1353, 3.1415, 0.0515,-0.0000, 4.3192
-0.0079, 0.0000, 3.1384, 3.1415, 0.0588, 0.2512,-4.6799
-0.0078, 0.0000, 3.1384, 3.1415, 0.0178, 0.0502,-1.8328
-0.0078, 0.0000, 3.1384, 3.1415, 0.0035, 0.0100,-0.9347
-0.0079, 0.0000, 3.1353, 3.1415,-0.0053,-0.2493, 4.6799
-0.0079, 0.0000, 3.1353, 3.1415,-0.0010,-0.0498, 2.5929
-0.0077, 0.0000, 3.1353, 3.1415, 0.0179,-0.0099, 2.1261
-0.0076, 0.0000, 3.1353, 3.1415, 0.0096,-0.0019, 1.0268
-0.0075, 0.0000, 3.1353, 3.1415, 0.0079,-0.0003, 0.8107
-0.0071, 0.0000, 3.1353, 3.1415, 0.0379,-0.0000, 3.3303
-0.0066, 0.0000, 3.1353, 3.1415, 0.0439,-0.0000, 3.8735
-0.0063, 0.0000, 3.1353, 3.1415, 0.0330,-0.0000, 2.9979
-0.0058, 0.0000, 3.1384, 3.1415, 0.0490, 0.2513,-4.6799
-0.0053, 0.0000, 3.1384, 3.1415, 0.0522, 0.0502, 1.2860
-0.0049, 0.0000, 3.1384, 3.1415, 0.0407, 0.0100, 2.4599
-0.0045, 0.0000, 3.1384, 3.1415, 0.0384, 0.0020, 2.7279
-0.0040, 0.0000, 3.1384, 3.1415, 0.0440, 0.0004, 3.3266
-0.0035, 0.0000, 3.1384, 3.1415, 0.0512, 0.0000, 3.9987
-0.0028, 0.0000, 3.1415, 3.1415, 0.0648, 0.2513,-4.6799
-0.0024, 0.0000, 3.1415, 3.1415, 0.0493, 0.0502, 0.5490
-0.0019, 0.0000, 3.1415, 3.1415, 0.0462, 0.0100, 2.4298
-0.0015, 0.0000, 3.1415, 3.1415, 0.0395, 0.0020, 2.3356
-0.0009, 0.0000, 3.1447, 3.1415, 0.0564, 0.2517,-4.6799
-0.0008, 0.0000, 3.1447, 3.1415, 0.0234, 0.0503,-2.2424
-0.0009, 0.0000, 3.1447, 3.1415,-0.0013, 0.0100,-2.2192
-0.0010, 0.0000, 3.1415, 3.1415,-0.0124,-0.2493, 4.6799
-0.0009, 0.0000, 3.1415, 3.1415, 0.0035,-0.0498, 0.0000
-0.0010, 0.0000, 3.1384, 3.1415,-0.0053,-0.2613, 4.6799
-0.0010, 0.0000, 3.1384, 3.1415,-0.0010,-0.0522, 2.6571
-0.0008, 0.0000, 3.1384, 3.1415, 0.0179,-0.0104, 2.0944
-0.0003, 0.0000, 3.1384, 3.1415, 0.0399,-0.0020, 3.5381
 0.0002, 0.0000, 3.1384, 3.1415, 0.0565,-0.0004, 4.6799
 0.0008, 0.0000, 3.1415, 3.1415, 0.0598, 0.2512, 0.0000
 0.0014, 0.0000, 3.1415, 3.1415, 0.0604, 0.0502, 1.9168
 0.0021, 0.0000, 3.1447, 3.1415, 0.0727, 0.2613,-4.6799
 0.0026, 0.0000, 3.1447, 3.1415, 0.0509, 0.0522, 0.3440
 0.0031, 0.0000, 3.1447, 3.1415, 0.0465, 0.0104, 2.2058
 0.0035, 0.0000, 3.1447, 3.1415, 0.0456, 0.0020, 2.6219
 0.0042, 0.0000, 3.1478, 3.1415, 0.0637, 0.2517,-4.6799
 0.0045, 0.0000, 3.1478, 3.1415, 0.0369, 0.0503,-1.3038
 0.0046, 0.0000, 3.1478, 3.1415, 0.0134, 0.0100,-1.1556
 0.0045, 0.0000, 3.1478, 3.1415,-0.0033, 0.0020,-2.1406
 0.0043, 0.0000, 3.1447, 3.1415,-0.0188,-0.2509, 4.6799
 0.0043, 0.0000, 3.1447, 3.1415, 0.0022,-0.0501, 1.8390
 0.0046, 0.0000, 3.1447, 3.1415, 0.0186,-0.0100, 1.1425
 0.0047, 0.0000, 3.1447, 3.1415, 0.0158,-0.0020, 0.5146
 0.0051, 0.0000, 3.1447, 3.1415, 0.0334,-0.0004, 1.9407
 0.0057, 0.0000, 3.1447, 3.1415, 0.0552,-0.0000, 3.7990
 0.0063, 0.0000, 3.1478, 3.1415, 0.0595, 0.2512,-4.6799
 0.0067, 0.0000, 3.1478, 3.1415, 0.0422, 0.0502,-0.5887
 0.0070, 0.0000, 3.1478, 3.1415, 0.0326, 0.0100, 0.7452
 0.0072, 0.0000, 3.1478, 3.1415, 0.0247, 0.0020, 0.5316
 0.0074, 0.0000, 3.1478, 3.1415, 0.0170, 0.0004, 0.0013
 0.0077, 0.0000, 3.1478, 3.1415, 0.0276, 0.0000, 0.9363
 0.0080, 0.0000, 3.1510, 3.1415, 0.0297, 0.2513,-4.6799
 0.0081, 0.0000, 3.1510, 3.1415, 0.0180, 0.0502,-3.2229
 0.0081, 0.0000, 3.1510, 3.1415, 0.0036, 0.0100,-2.3325
 0.0078, 0.0000, 3.1478, 3.1415,-0.0235,-0.2493, 4.6799
 0.0078, 0.0000, 3.1478, 3.1415,-0.0107,-0.0498, 0.3604
 0.0078, 0.0000, 3.1478, 3.1415,-0.0021,-0.0099,-0.9898
 0.0078, 0.0000, 3.1478, 3.1415,-0.0004,-0.0019,-1.2564
 0.0077, 0.0000, 3.1478, 3.1415,-0.0061,-0.0003,-1.8182
 0.0076, 0.0000, 3.1478, 3.1415,-0.0072,-0.0000,-1.9342
 0.0075, 0.0000, 3.1447, 3.1415,-0.0135,-0.2513, 4.6799
 0.0074, 0.0000, 3.1447, 3.1415,-0.0087,-0.0502, 1.3410
 0.0075, 0.0000, 3.1447, 3.1415, 0.0103,-0.0100, 0.8656
 0.0079, 0.0000, 3.1478, 3.1415, 0.0323, 0.2493,-4.6799
 0.0080, 0.0000, 3.1478, 3.1415, 0.0125, 0.0498,-2.8226
 0.0079, 0.0000, 3.1478, 3.1415,-0.0035, 0.0099,-2.0934
 0.0077, 0.0000, 3.1447, 3.1415,-0.0189,-0.2493, 4.6799
 0.0078, 0.0000, 3.1447, 3.1415, 0.0022,-0.0498, 2.2990
 0.0078, 0.0000, 3.1447, 3.1415, 0.0065,-0.0099, 0.5944
 0.0081, 0.0000, 3.1447, 3.1415, 0.0194,-0.0019, 1.2877
 0.0084, 0.0000, 3.1478, 3.1415, 0.0342, 0.2509,-4.6799
 0.0086, 0.0000, 3.1478, 3.1415, 0.0189, 0.0501,-2.2138
 0.0086, 0.0000, 3.1478, 3.1415, 0.0037, 0.0100,-1.3856
 0.0084, 0.0000, 3.1478, 3.1415,-0.0174, 0.0020,-2.7517
 0.0081, 0.0000, 3.1478, 3.1415,-0.0216, 0.0004,-3.0424
 0.0078, 0.0000, 3.1478, 3.1415,-0.0346, 0.0000,-4.1418
 0.0072, 0.0000, 3.1447, 3.1415,-0.0493,-0.2512, 4.6799
 0.0071, 0.0000, 3.1447, 3.1415,-0.0220,-0.0502, 0.2614
 0.0070, 0.0000, 3.1447, 3.1415,-0.0104,-0.0100,-0.8718
 0.0069, 0.0000, 3.1447, 3.1415,-0.0081,-0.0020,-1.1024
 0.0068, 0.0000, 3.1447, 3.1415,-0.0076,-0.0004,-1.1525
 0.0068, 0.0000, 3.1447, 3.1415,-0.0076,-0.0000,-1.1666
 0.0066, 0.0000, 3.1447, 3.1415,-0.0136,-0.0000,-1.6853
 0.0064, 0.0000, 3.1447, 3.1415,-0.0209,-0.0000,-2.3121
 0.0060, 0.0000, 3.1415, 3.1415,-0.0345,-0.2513, 4.6799
 0.0059, 0.0000, 3.1415, 3.1415,-0.0129,-0.0502, 1.7235
 0.0062, 0.0000, 3.1415, 3.1415, 0.0155,-0.0100, 2.0367
 0.0065, 0.0000, 3.1447, 3.1415, 0.0273, 0.2493,-4.6799
 0.0065, 0.0000, 3.1447, 3.1415, 0.0054, 0.0498,-2.6900
 0.0064, 0.0000, 3.1447, 3.1415,-0.0049, 0.0099,-1.4924
 0.0063, 0.0000, 3.1447, 3.1415,-0.0070, 0.0019,-1.2572
 0.0061, 0.0000, 3.1447, 3.1415,-0.0196, 0.0003,-2.2380
 0.0056, 0.0000, 3.1447, 3.1415,-0.0403, 0.0000,-3.9882
 0.0051, 0.0000, 3.1415, 3.1415,-0.0505,-0.2513, 4.6799
 0.0050, 0.0000, 3.1415, 3.1415,-0.0222,-0.0502, 0.8640
 0.0050, 0.0000, 3.1415, 3.1415,-0.0044,-0.0100, 0.2562
 0.0051, 0.0000, 3.1415, 3.1415, 0.0112,-0.0020, 1.1605
 0.0053, 0.0000, 3.1447, 3.1415, 0.0143, 0.2509,-4.6799
 0.0053, 0.0000, 3.1447, 3.1415, 0.0089, 0.0501,-2.5262
 0.0053, 0.0000, 3.1447, 3.1415, 0.0017, 0.0100,-1.0339
 0.0050, 0.0000, 3.1447, 3.1415,-0.0238, 0.0020,-2.7804
 0.0046, 0.0000, 3.1447, 3.1415,-0.0350, 0.0004,-3.6675
 0.0041, 0.0000, 3.1415, 3.1415,-0.0494,-0.2512, 4.6799
 0.0040, 0.0000, 3.1415, 3.1415,-0.0159,-0.0502, 1.2974
 0.0040, 0.0000, 3.1415, 3.1415,-0.0031,-0.0100, 0.2734
 0.0042, 0.0000, 3.1447, 3.1415, 0.0114, 0.2493,-4.6799
 0.0042, 0.0000, 3.1447, 3.1415, 0.0022, 0.0498,-3.1768
 0.0041, 0.0000, 3.1447, 3.1415,-0.0056, 0.0099,-1.7696
 0.0039, 0.0000, 3.1447, 3.1415,-0.0193, 0.0019,-2.5171
 0.0036, 0.0000, 3.1447, 3.1415,-0.0281, 0.0003,-3.1979
 0.0030, 0.0000, 3.1415, 3.1415,-0.0541,-0.2512, 4.6799
 0.0028, 0.0000, 3.1415, 3.1415,-0.0229,-0.0502, 0.5892
 0.0029, 0.0000, 3.1415, 3.1415, 0.0014,-0.0100, 0.5407
 0.0031, 0.0000, 3.1447, 3.1415, 0.0184, 0.2493,-4.6799
 0.0031, 0.0000, 3.1447, 3.1415,-0.0023, 0.0498,-3.6840
 0.0028, 0.0000, 3.1447, 3.1415,-0.0247, 0.0099,-3.5033
 0.0025, 0.0000, 3.1447, 3.1415,-0.0291, 0.0019,-3.4942
 0.0020, 0.0000, 3.1447, 3.1415,-0.0422, 0.0003,-4.5432
 0.0012, 0.0000, 3.1415, 3.1415,-0.0751,-0.2512, 4.6799
 0.0009, 0.0000, 3.1415, 3.1415,-0.0392,-0.0502, 0.0000
 0.0005, 0.0000, 3.1415, 3.1415,-0.0381,-0.0100, 0.0000
 0.0003, 0.0000, 3.1384, 3.1415,-0.0197,-0.2533, 4.6799
 0.0003, 0.0000, 3.1415, 3.1415,-0.0100, 0.2006, 0.0000
 0.0003, 0.0000, 3.1415, 3.1415, 0.0040, 0.0401, 0.0000
 0.0004, 0.0000, 3.1415, 3.1415, 0.0068, 0.0080, 0.0000
 0.0005, 0.0000, 3.1415, 3.1415, 0.0074, 0.0016, 0.0000
 0.0005, 0.0000, 3.1447, 3.1415, 0.0014, 0.2516,-4.6799
 0.0003, 0.0000, 3.1447, 3.1415,-0.0118, 0.0503,-4.6799
-0.0000, 0.0000, 3.1447, 3.1415,-0.0387, 0.0100,-4.6799
-0.0006, 0.0000, 3.1415, 3.1415,-0.0562,-0.2493, 0.0000
-0.0012, 0.0000, 3.1415, 3.1415,-0.0597,-0.0498,-2.9598
-0.0018, 0.0000, 3.1415, 3.1415,-0.0604,-0.0099,-4.6799
-0.0027, 0.0000, 3.1384, 3.1415,-0.0787,-0.2533, 4.6799
-0.0031, 0.0000, 3.1353, 3.1415,-0.0460,-0.3019, 4.6799
-0.0032, 0.0000, 3.1353, 3.1415,-0.0213,-0.0603, 2.1791
-0.0031, 0.0000, 3.1384, 3.1415, 0.0017, 0.2392,-4.6799
-0.0033, 0.0000, 3.1384, 3.1415,-0.0117, 0.0478,-3.4694
-0.0036, 0.0000, 3.1384, 3.1415,-0.0266, 0.0095,-2.7521
-0.0037, 0.0000, 3.1384, 3.1415,-0.0174, 0.0019,-1.6148
-0.0040, 0.0000, 3.1384, 3.1415,-0.0277, 0.0003,-2.4268
-0.0046, 0.0000, 3.1384, 3.1415,-0.0479, 0.0000,-4.1547
-0.0053, 0.0000, 3.1353, 3.1415,-0.0702,-0.2512, 4.6799
-0.0056, 0.0000, 3.1353, 3.1415,-0.0322,-0.0502, 0.4639
-0.0056, 0.0000, 3.1353, 3.1415,-0.0125,-0.0100, 0.0029
-0.0056, 0.0000, 3.1353, 3.1415,-0.0025,-0.0020, 0.4130
-0.0056, 0.0000, 3.1353, 3.1415, 0.0055,-0.0004, 1.0044
-0.0053, 0.0000, 3.1384, 3.1415, 0.0193, 0.2512,-4.6799
-0.0053, 0.0000, 3.1384, 3.1415, 0.0099, 0.0502,-2.0465
-0.0054, 0.0000, 3.1384, 3.1415,-0.0101, 0.0100,-1.6466
-0.0058, 0.0000, 3.1384, 3.1415,-0.0323, 0.0020,-3.1187
-0.0062, 0.0000, 3.1384, 3.1415,-0.0428, 0.0004,-3.9627
-0.0068, 0.0000, 3.1353, 3.1415,-0.0570,-0.2512, 4.6799
-0.0071, 0.0000, 3.1353, 3.1415,-0.0296,-0.0502, 0.4804
-0.0072, 0.0000, 3.1353, 3.1415,-0.0180,-0.0100,-0.6673
-0.0073, 0.0000, 3.1353, 3.1415,-0.0096,-0.0020,-0.4023
-0.0075, 0.0000, 3.1353, 3.1415,-0.0140,-0.0004,-0.8714
-0.0075, 0.0000, 3.1353, 3.1415,-0.0088,-0.0000,-0.4708
-0.0077, 0.0000, 3.1353, 3.1415,-0.0139,-0.0000,-0.9129
-0.0081, 0.0000, 3.1353, 3.1415,-0.0330,-0.0000,-2.5543
-0.0084, 0.0000, 3.1353, 3.1415,-0.0369,-0.0000,-2.9214
-0.0089, 0.0000, 3.1321, 3.1415,-0.0437,-0.2513, 4.6799
-0.0091, 0.0000, 3.1321, 3.1415,-0.0269,-0.0502, 1.2486
-0.0092, 0.0000, 3.1321, 3.1415,-0.0114,-0.0100, 0.4341
-0.0091, 0.0000, 3.1321, 3.1415, 0.0037,-0.0020, 1.2838
-0.0088, 0.0000, 3.1353, 3.1415, 0.0250, 0.2509,-4.6799
-0.0087, 0.0000, 3.1353, 3.1415, 0.0110, 0.0501,-1.5974
-0.0088, 0.0000, 3.1353, 3.1415,-0.0038, 0.0100,-0.7659
-0.0090, 0.0000, 3.1353, 3.1415,-0.0189, 0.0020,-1.6342
-0.0093, 0.0000, 3.1321, 3.1415,-0.0280,-0.2509, 4.6799
-0.0094, 0.0000, 3.1321, 3.1415,-0.0116,-0.0501, 2.4464
-0.0093, 0.0000, 3.1321, 3.1415, 0.0097,-0.0100, 2.1570
-0.0090, 0.0000, 3.1353, 3.1415, 0.0201, 0.2493,-4.6799
-0.0090, 0.0000, 3.1353, 3.1415, 0.0040, 0.0498,-2.2246
-0.0090, 0.0000, 3.1353, 3.1415, 0.0008, 0.0099,-0.4278
-0.0092, 0.0000, 3.1353, 3.1415,-0.0119, 0.0019,-1.0961
-0.0095, 0.0000, 3.1353, 3.1415,-0.0266, 0.0003,-2.2716
-0.0098, 0.0000, 3.1321, 3.1415,-0.0295,-0.2512, 4.6799
-0.0099, 0.0000, 3.1321, 3.1415,-0.0119,-0.0502, 2.3408
-0.0097, 0.0000, 3.1321, 3.1415, 0.0097,-0.0100, 2.0689
-0.0095, 0.0000, 3.1321, 3.1415, 0.0201,-0.0020, 2.5362
-0.0092, 0.0000, 3.1353, 3.1415, 0.0282, 0.2509,-4.6799
-0.0090, 0.0000, 3.1353, 3.1415, 0.0238, 0.0501,-0.6247
-0.0090, 0.0000, 3.1353, 3.1415, 0.0047, 0.0100,-0.1298
-0.0090, 0.0000, 3.1353, 3.1415,-0.0051, 0.0020,-0.5466
-0.0093, 0.0000, 3.1321, 3.1415,-0.0192,-0.2509, 4.6799
-0.0093, 0.0000, 3.1321, 3.1415,-0.0099,-0.0501, 2.5403
-0.0091, 0.0000, 3.1321, 3.1415, 0.0162,-0.0100, 2.6455
-0.0088, 0.0000, 3.1321, 3.1415, 0.0274,-0.0020, 3.1956
-0.0084, 0.0000, 3.1353, 3.1415, 0.0358, 0.2509,-4.6799
-0.0082, 0.0000, 3.1353, 3.1415, 0.0253, 0.0501,-0.4415
-0.0082, 0.0000, 3.1353, 3.1415, 0.0050, 0.0100,-0.0461
-0.0083, 0.0000, 3.1353, 3.1415,-0.0050, 0.0020,-0.4825
-0.0084, 0.0000, 3.1353, 3.1415,-0.0131, 0.0004,-1.0923
-0.0087, 0.0000, 3.1321, 3.1415,-0.0268,-0.2512, 4.6799
-0.0088, 0.0000, 3.1321, 3.1415,-0.0114,-0.0502, 2.4448
-0.0086, 0.0000, 3.1321, 3.1415, 0.0159,-0.0100, 2.6494
-0.0083, 0.0000, 3.1321, 3.1415, 0.0274,-0.0020, 3.2196
-0.0078, 0.0000, 3.1321, 3.1415, 0.0418,-0.0004, 4.3818
-0.0072, 0.0000, 3.1353, 3.1415, 0.0568, 0.2512,-4.6799
-0.0069, 0.0000, 3.1353, 3.1415, 0.0356, 0.0502, 0.5207
-0.0064, 0.0000, 3.1353, 3.1415, 0.0495, 0.0100, 3.8202
-0.0059, 0.0000, 3.1384, 3.1415, 0.0462, 0.2533,-4.6799
-0.0057, 0.0000, 3.1384, 3.1415, 0.0274, 0.0506,-0.8635
-0.0057, 0.0000, 3.1384, 3.1415, 0.0054, 0.0101,-0.5860
-0.0059, 0.0000, 3.1353, 3.1415,-0.0110,-0.2492, 4.6799
-0.0059, 0.0000, 3.1353, 3.1415,-0.0022,-0.0498, 2.6841
-0.0056, 0.0000, 3.1353, 3.1415, 0.0177,-0.0099, 2.2939
-0.0055, 0.0000, 3.1353, 3.1415, 0.0156,-0.0019, 1.7227
-0.0052, 0.0000, 3.1353, 3.1415, 0.0273,-0.0003, 2.6438
-0.0047, 0.0000, 3.1353, 3.1415, 0.0418,-0.0000, 3.8776
-0.0041, 0.0000, 3.1384, 3.1415, 0.0568, 0.2512,-4.6799
-0.0038, 0.0000, 3.1384, 3.1415, 0.0356, 0.0502, 0.0352
-0.0035, 0.0000, 3.1384, 3.1415, 0.0313, 0.0100, 1.8013
-0.0031, 0.0000, 3.1384, 3.1415, 0.0365, 0.0020, 2.6930
-0.0026, 0.0000, 3.1384, 3.1415, 0.0497, 0.0004, 3.9289
-0.0021, 0.0000, 3.1415, 3.1415, 0.0463, 0.2514,-4.6799
-0.0019, 0.0000, 3.1415, 3.1415, 0.0274, 0.0502,-1.2487
-0.0019, 0.0000, 3.1415, 3.1415, 0.0054, 0.0100,-0.9855
-0.0020, 0.0000, 3.1384, 3.1415,-0.0049,-0.2493, 4.6799
-0.0019, 0.0000, 3.1384, 3.1415, 0.0050,-0.0498, 2.9043
-0.0018, 0.0000, 3.1384, 3.1415, 0.0070,-0.0099, 1.0094
-0.0017, 0.0000, 3.1384, 3.1415, 0.0135,-0.0019, 1.1484
-0.0013, 0.0000, 3.1384, 3.1415, 0.0330,-0.0003, 2.7251
-0.0009, 0.0000, 3.1384, 3.1415, 0.0369,-0.0000, 3.0751
-0.0004, 0.0000, 3.1384, 3.1415, 0.0498,-0.0000, 4.2036
 0.0000, 0.0000, 3.1415, 3.1415, 0.0524, 0.2513, 0.0000
 0.0006, 0.0000, 3.1415, 3.1415, 0.0529, 0.0502, 0.0000
 0.0012, 0.0000, 3.1415, 3.1415, 0.0590, 0.0100, 3.8257
 0.0017, 0.0000, 3.1447, 3.1415, 0.0542, 0.2533,-4.6799
 0.0019, 0.0000, 3.1447, 3.1415, 0.0290, 0.0506,-1.5028
 0.0019, 0.0000, 3.1447, 3.1415, 0.0058, 0.0101,-1.3267
 0.0018, 0.0000, 3.1415, 3.1415,-0.0109,-0.2493, 4.6799
 0.0018, 0.0000, 3.1415, 3.1415,-0.0021,-0.0498, 1.9225
 0.0020, 0.0000, 3.1415, 3.1415, 0.0177,-0.0099, 1.5355
 0.0022, 0.0000, 3.1415, 3.1415, 0.0217,-0.0019, 1.4802
 0.0026, 0.0000, 3.1415, 3.1415, 0.0346,-0.0003, 2.5150
 0.0032, 0.0000, 3.1415, 3.1415, 0.0554,-0.0000, 4.2938
 0.0039, 0.0000, 3.1447, 3.1415, 0.0656, 0.2513,-4.6799
 0.0043, 0.0000, 3.1447, 3.1415, 0.0495, 0.0502, 0.5069
 0.0049, 0.0000, 3.1478, 3.1415, 0.0523, 0.2613,-4.6799
 0.0052, 0.0000, 3.1478, 3.1415, 0.0347, 0.0522,-1.5425
 0.0053, 0.0000, 3.1478, 3.1415, 0.0130, 0.0104,-1.1632
 0.0051, 0.0000, 3.1447, 3.1415,-0.0095,-0.2492, 4.6799
 0.0052, 0.0000, 3.1447, 3.1415, 0.0041,-0.0498, 2.0421
 0.0055, 0.0000, 3.1447, 3.1415, 0.0250,-0.0099, 1.7479
 0.0058, 0.0000, 3.1447, 3.1415, 0.0292,-0.0019, 1.7198
 0.0062, 0.0000, 3.1478, 3.1415, 0.0422, 0.2509,-4.6799
 0.0065, 0.0000, 3.1478, 3.1415, 0.0266, 0.0501,-1.9402
 0.0065, 0.0000, 3.1478, 3.1415, 0.0113, 0.0100,-1.1103
 0.0065, 0.0000, 3.1478, 3.1415,-0.0037, 0.0020,-1.9580
 0.0062, 0.0000, 3.1447, 3.1415,-0.0189,-0.2509, 4.6799
 0.0062, 0.0000, 3.1447, 3.1415,-0.0037,-0.0501, 1.5435
 0.0063, 0.0000, 3.1447, 3.1415, 0.0053,-0.0100, 0.2279
 0.0065, 0.0000, 3.1447, 3.1415, 0.0192,-0.0020, 0.9983
 0.0068, 0.0000, 3.1447, 3.1415, 0.0281,-0.0004, 1.6882
 0.0073, 0.0000, 3.1478, 3.1415, 0.0420, 0.2512,-4.6799
 0.0075, 0.0000, 3.1478, 3.1415, 0.0205, 0.0502,-2.3108
 0.0075, 0.0000, 3.1478, 3.1415, 0.0041, 0.0100,-1.5840
 0.0073, 0.0000, 3.1478, 3.1415,-0.0113, 0.0020,-2.4590
 0.0071, 0.0000, 3.1447, 3.1415,-0.0204,-0.2509, 4.6799
 0.0071, 0.0000, 3.1447, 3.1415,-0.0040,-0.0501, 1.6420
 0.0072, 0.0000, 3.1447, 3.1415, 0.0052,-0.0100, 0.3468
 0.0074, 0.0000, 3.1447, 3.1415, 0.0192,-0.0020, 1.1217
 0.0077, 0.0000, 3.1447, 3.1415, 0.0281,-0.0004, 1.8129
 0.0081, 0.0000, 3.1478, 3.1415, 0.0420, 0.2512,-4.6799
 0.0084, 0.0000, 3.1478, 3.1415, 0.0265, 0.0502,-1.6737
 0.0083, 0.0000, 3.1478, 3.1415,-0.0007, 0.0100,-1.8606
 0.0081, 0.0000, 3.1478, 3.1415,-0.0122, 0.0020,-2.4132
 0.0080, 0.0000, 3.1478, 3.1415,-0.0145, 0.0004,-2.5343
 0.0075, 0.0000, 3.1447, 3.1415,-0.0392,-0.2512, 4.6799
 0.0075, 0.0000, 3.1447, 3.1415,-0.0139,-0.0502, 0.9079
 0.0075, 0.0000, 3.1447, 3.1415, 0.0032,-0.0100, 0.2628
 0.0076, 0.0000, 3.1447, 3.1415, 0.0067,-0.0020, 0.1442
 0.0078, 0.0000, 3.1447, 3.1415, 0.0195,-0.0004, 1.1545
 0.0081, 0.0000, 3.1478, 3.1415, 0.0281, 0.2512,-4.6799
 0.0083, 0.0000, 3.1478, 3.1415, 0.0177, 0.0502,-2.3803
 0.0082, 0.1500, 3.1478, 3.1415,-0.0025, 0.0100,-4.6799
 0.0080, 0.1500, 3.1478, 3.1415,-0.0186, 0.0020,-4.6799
 0.0075, 0.1500, 3.1447, 3.1415,-0.0461,-0.2509,-4.6799
 0.0068, 0.1500, 3.1447, 3.1415,-0.0577,-0.0501,-4.6799
 0.0060, 0.1500, 3.1415, 3.1415,-0.0782,-0.2613,-4.6799
 0.0050, 0.1500, 3.1384, 3.1415,-0.0944,-0.3036,-4.6799
 0.0040, 0.1500, 3.1353, 3.1415,-0.1037,-0.3120,-4.6799
 0.0026, 0.1500, 3.1321, 3.1415,-0.1298,-0.3137,-4.6799
 0.0010, 0.1500, 3.1258, 3.1415,-0.1533,-0.5654, 2.8063
-0.0000, 0.1500, 3.1227, 3.1415,-0.1216,-0.3644,-4.3856
-0.0015, 0.1500, 3.1164, 3.1415,-0.1455,-0.5755, 4.6799
-0.0026, 0.1500, 3.1133, 3.1415,-0.1140,-0.3664,-1.5780
-0.0037, 0.1500, 3.1101, 3.1415,-0.1137,-0.3246,-3.1240
-0.0050, 0.1500, 3.1070, 3.1415,-0.1197,-0.3162,-3.4651
-0.0061, 0.1500, 3.1038, 3.1415,-0.1149,-0.3145,-2.5471
-0.0075, 0.1500, 3.0976, 3.1415,-0.1321,-0.5655, 4.6799
-0.0087, 0.1500, 3.0944, 3.1415,-0.1295,-0.3644, 0.8879
-0.0095, 0.1500, 3.0881, 3.1415,-0.0865,-0.5755, 4.6799
-0.0100, 0.1500, 3.0881, 3.1415,-0.0597,-0.1151,-4.6799
-0.0106, 0.1500, 3.0850, 3.1415,-0.0604,-0.2743, 4.0887
-0.0107, 0.1500, 3.0819, 3.1415,-0.0181,-0.3062, 4.6799
-0.0106, 0.1500, 3.0819, 3.1415, 0.0084,-0.0612,-0.5064
-0.0107, 0.1500, 3.0787, 3.1415,-0.0104,-0.2635, 4.6799
-0.0105, 0.1500, 3.0787, 3.1415, 0.0161,-0.0527, 0.4212
-0.0102, 0.1500, 3.0756, 3.1415, 0.0274,-0.2618, 4.6799
-0.0100, 0.1500, 3.0756, 3.1415, 0.0176,-0.0523, 1.3119
-0.0093, 0.1500, 3.0756, 3.1415, 0.0580,-0.0104, 2.4879
-0.0089, 0.1500, 3.0756, 3.1415, 0.0479,-0.0020, 1.1813
-0.0084, 0.1500, 3.0724, 3.1415, 0.0520,-0.2517, 4.6799
-0.0073, 0.1500, 3.0724, 3.1415, 0.0952,-0.0503, 4.6799
-0.0066, 0.1500, 3.0724, 3.1415, 0.0736,-0.0100, 4.6799
-0.0058, 0.1500, 3.0724, 3.1415, 0.0814,-0.0020, 4.6799
-0.0045, 0.1500, 3.0724, 3.1415, 0.1193,-0.0004, 4.6799
-0.0034, 0.1500, 3.0724, 3.1415, 0.1148,-0.0000, 4.6799
-0.0020, 0.1500, 3.0724, 3.1415, 0.1321,-0.0000, 4.6799
-0.0002, 0.1500, 3.0724, 3.1415, 0.1719,-0.0000, 4.6799
 0.0013, 0.1500, 3.0756, 3.1415, 0.1617, 0.2513,-1.4182
 0.0026, 0.1500, 3.0756, 3.1415, 0.1354, 0.0502, 4.6799
 0.0046, 0.1500, 3.0756, 3.1415, 0.1847, 0.0100, 4.6799
 0.0062, 0.1500, 3.0756, 3.1415, 0.1642, 0.0020, 4.6799
 0.0080, 0.1500, 3.0756, 3.1415, 0.1783, 0.0004, 4.6799
 0.0103, 0.1500, 3.0756, 3.1415, 0.2175, 0.0000, 4.6799
 0.0123, 0.1500, 3.0787, 3.1415, 0.2072, 0.2513, 2.7356
 0.0146, 0.1500, 3.0787, 3.1415, 0.2233, 0.0502, 4.6799
 0.0172, 0.1500, 3.0819, 3.1415, 0.2568, 0.2613, 4.6799
 0.0196, 0.1500, 3.0850, 3.1415, 0.2393, 0.3036, 1.8230
 0.0221, 0.1500, 3.0850, 3.1415, 0.2479, 0.0607, 4.6799
 0.0250, 0.1500, 3.0881, 3.1415, 0.2799, 0.2634, 4.6799
 0.0278, 0.1500, 3.0913, 3.1415, 0.2803, 0.3040, 4.4475
 0.0305, 0.1500, 3.0913, 3.1415, 0.2743, 0.0608, 4.6799
 0.0337, 0.1500, 3.0944, 3.1415, 0.3095, 0.2634, 4.6799
 0.0369, 0.1500, 3.0976, 3.1415, 0.3226, 0.3040, 4.6799
 0.0401, 0.1500, 3.1007, 3.1415, 0.3191, 0.3121, 4.6799
 0.0437, 0.1500, 3.1070, 3.1415, 0.3488, 0.5650,-4.6799
 0.0469, 0.1500, 3.1101, 3.1415, 0.3304, 0.3643, 2.7351
 0.0501, 0.1500, 3.1101, 3.1415, 0.3207, 0.0728, 4.6799
 0.0534, 0.1500, 3.1133, 3.1415, 0.3248, 0.2659, 4.6799
 0.0569, 0.1500, 3.1164, 3.1415, 0.3499, 0.3045, 4.6799
 0.0602, 0.1500, 3.1196, 3.1415, 0.3307, 0.3122, 4.4884
 0.0638, 0.1500, 3.1227, 3.1415, 0.3511, 0.3137, 4.6799
 0.0677, 0.1500, 3.1290, 3.1415, 0.3855, 0.5654,-4.6799
 0.0710, 0.1500, 3.1321, 3.1415, 0.3438, 0.3644, 0.8147
 0.0745, 0.1500, 3.1353, 3.1415, 0.3416, 0.3242, 2.2477
 0.0779, 0.1500, 3.1384, 3.1415, 0.3472, 0.3161, 2.6774
 0.0813, 0.1500, 3.1415, 3.1415, 0.3362, 0.3145, 1.3776
 0.0847, 0.1500, 3.1447, 3.1415, 0.3400, 0.3142, 1.2556
 0.0882, 0.1500, 3.1478, 3.1415, 0.3529, 0.3141, 1.8907
 0.0915, 0.1500, 3.1510, 3.1415, 0.3313, 0.3141,-0.3811
 0.0946, 0.1500, 3.1541, 3.1415, 0.3148, 0.3141,-2.2335
 0.0976, 0.1500, 3.1541, 3.1415, 0.3055, 0.0628, 4.6799
 0.1005, 0.1500, 3.1541, 3.1415, 0.2915, 0.0125, 4.6799
 0.1035, 0.1500, 3.1573, 3.1415, 0.2947, 0.2538,-0.5893
 0.1063, 0.1500, 3.1573, 3.1415, 0.2832, 0.0507, 4.6799
 0.1091, 0.1500, 3.1604, 3.1415, 0.2810, 0.2614,-2.3191
 0.1115, 0.1500, 3.1604, 3.1415, 0.2502, 0.0522, 4.6799
 0.1142, 0.1500, 3.1604, 3.1415, 0.2683, 0.0104, 4.6799
 0.1170, 0.1500, 3.1604, 3.1415, 0.2719, 0.0020, 4.6799
 0.1197, 0.1500, 3.1635, 3.1415, 0.2726, 0.2517,-2.1110
 0.1221, 0.1500, 3.1635, 3.1415, 0.2424, 0.0503, 4.6799
 0.1249, 0.1500, 3.1635, 3.1415, 0.2789, 0.0100, 4.6799
 0.1277, 0.1500, 3.1667, 3.1415, 0.2801, 0.2533,-1.4777
 0.1301, 0.1500, 3.1667, 3.1415, 0.2439, 0.0506, 4.6799
 0.1327, 0.1500, 3.1698, 3.1415, 0.2549, 0.2614,-4.2415
 0.1349, 0.1500, 3.1698, 3.1415, 0.2268, 0.0522, 4.5196
 0.1372, 0.1500, 3.1698, 3.1415, 0.2333, 0.0104, 4.6799
 0.1397, 0.1500, 3.1698, 3.1415, 0.2467, 0.0020, 4.6799
 0.1424, 0.1500, 3.1698, 3.1415, 0.2615, 0.0004, 4.6799
 0.1449, 0.1500, 3.1730, 3.1415, 0.2524, 0.2514,-3.3514
 0.1470, 0.1500, 3.1761, 3.1415, 0.2202, 0.3016,-4.6799
 0.1494, 0.1500, 3.1761, 3.1415, 0.2380, 0.0603, 4.6799
 0.1518, 0.1500, 3.1761, 3.1415, 0.2355, 0.0120, 4.6799
 0.1540, 0.1500, 3.1761, 3.1415, 0.2229, 0.0024, 4.6799
 0.1564, 0.1500, 3.1792, 3.1415, 0.2386, 0.2517,-4.6799
 0.1584, 0.1500, 3.1792, 3.1415, 0.2053, 0.0503, 3.1065
 0.1607, 0.1500, 3.1824, 3.1415, 0.2290, 0.2614,-4.6799
 0.1624, 0.1500, 3.1824, 3.1415, 0.1852, 0.0522, 1.0014
 0.1646, 0.1500, 3.1824, 3.1415, 0.2068, 0.0104, 4.6799
 0.1665, 0.1500, 3.1824, 3.1415, 0.1990, 0.0020, 4.6799
 0.1686, 0.1500, 3.1855, 3.1415, 0.2035, 0.2517,-4.6799
 0.1703, 0.1500, 3.1855, 3.1415, 0.1740, 0.0503, 0.2719
 0.1722, 0.1500, 3.1855, 3.1415, 0.1924, 0.0100, 4.1253
 0.1740, 0.1500, 3.1887, 3.1415, 0.1779, 0.2533,-4.6799
 0.1754, 0.1500, 3.1887, 3.1415, 0.1507, 0.0506,-1.8735
 0.1765, 0.1500, 3.1887, 3.1415, 0.1211, 0.0101,-2.0873
 0.1774, 0.1500, 3.1855, 3.1415, 0.0909,-0.2493, 4.6799
 0.1784, 0.1500, 3.1824, 3.1415, 0.0970,-0.3011, 4.6799
 0.1794, 0.1500, 3.1824, 3.1415, 0.1042,-0.0602, 2.1523
 0.1805, 0.1500, 3.1824, 3.1415, 0.1057,-0.0120,-0.0869
 0.1813, 0.1500, 3.1824, 3.1415, 0.0878,-0.0024,-1.9580
 0.1821, 0.1500, 3.1792, 3.1415, 0.0782,-0.2518, 4.6799
 0.1831, 0.1500, 3.1792, 3.1415, 0.0944,-0.0503, 2.1159
 0.1841, 0.1500, 3.1792, 3.1415, 0.1037,-0.0100, 0.9405
 0.1849, 0.1500, 3.1792, 3.1415, 0.0813,-0.0020,-1.2281
 0.1856, 0.1500, 3.1761, 3.1415, 0.0769,-0.2517, 4.6799
 0.1867, 0.1500, 3.1761, 3.1415, 0.1002,-0.0503, 3.8931
 0.1877, 0.1500, 3.1761, 3.1415, 0.0988,-0.0100, 1.8234
 0.1885, 0.1500, 3.1761, 3.1415, 0.0864,-0.0020, 0.4941
 0.1894, 0.1500, 3.1761, 3.1415, 0.0900,-0.0004, 0.8346
 0.1905, 0.1500, 3.1792, 3.1415, 0.1028, 0.2512,-4.6799
 0.1912, 0.1500, 3.1792, 3.1415, 0.0812, 0.0502,-3.1107
 0.1916, 0.1500, 3.1761, 3.1415, 0.0465,-0.2412, 4.6799
 0.1922, 0.1500, 3.1761, 3.1415, 0.0517,-0.0482, 0.5006
 0.1925, 0.1500, 3.1730, 3.1415, 0.0406,-0.2609, 4.6799
 0.1929, 0.1500, 3.1730, 3.1415, 0.0384,-0.0521, 0.5304
 0.1934, 0.1500, 3.1730, 3.1415, 0.0501,-0.0104,-0.5809
 0.1937, 0.1500, 3.1730, 3.1415, 0.0282,-0.0020,-2.7822
 0.1938, 0.1500, 3.1698, 3.1415, 0.0117,-0.2517, 4.6799
 0.1941, 0.1500, 3.1698, 3.1415, 0.0265,-0.0503, 0.4726
 0.1943, 0.1500, 3.1667, 3.1415, 0.0235,-0.2613, 4.6799
 0.1944, 0.1500, 3.1667, 3.1415, 0.0168,-0.0522, 0.6479
 0.1946, 0.1500, 3.1667, 3.1415, 0.0154,-0.0104,-1.5900
 0.1948, 0.1500, 3.1667, 3.1415, 0.0212,-0.0020,-1.4921
 0.1947, 0.1500, 3.1667, 3.1415,-0.0018,-0.0004,-3.4790
 0.1946, 0.1500, 3.1635, 3.1415,-0.0124,-0.2514, 4.6799
 0.1946, 0.1500, 3.1604, 3.1415,-0.0024,-0.3015, 4.6799
 0.1949, 0.1500, 3.1604, 3.1415, 0.0237,-0.0603, 3.4263
 0.1950, 0.1500, 3.1604, 3.1415, 0.0168,-0.0120, 0.3949
 0.1953, 0.1500, 3.1604, 3.1415, 0.0276,-0.0024, 0.8462
 0.1958, 0.1500, 3.1604, 3.1415, 0.0419,-0.0004, 2.0082
 0.1965, 0.1500, 3.1635, 3.1415, 0.0629, 0.2512,-4.6799
 0.1966, 0.1500, 3.1635, 3.1415, 0.0186, 0.0502,-3.2563
 0.1966, 0.1500, 3.1635, 3.1415, 0.0037, 0.0100,-2.3839
 0.1965, 0.1500, 3.1604, 3.1415,-0.0053,-0.2493, 4.6799
 0.1965, 0.1500, 3.1604, 3.1415,-0.0010,-0.0498, 1.1602
 0.1966, 0.1500, 3.1604, 3.1415, 0.0058,-0.0099,-0.3008
 0.1966, 0.1500, 3.1604, 3.1415, 0.0011,-0.0019,-1.0774
 0.1965, 0.1500, 3.1604, 3.1415,-0.0058,-0.0003,-1.7242
 0.1964, 0.1500, 3.1604, 3.1415,-0.0072,-0.0000,-1.8401
 0.1963, 0.1500, 3.1573, 3.1415,-0.0135,-0.2513, 4.6799
 0.1963, 0.1500, 3.1573, 3.1415,-0.0027,-0.0502, 1.9632
 0.1964, 0.1500, 3.1573, 3.1415, 0.0115,-0.0100, 1.1065
 0.1966, 0.1500, 3.1604, 3.1415, 0.0205, 0.2493,-4.6799
 0.1966, 0.1500, 3.1604, 3.1415,-0.0019, 0.0498,-3.8999
 0.1965, 0.1500, 3.1604, 3.1415,-0.0064, 0.0099,-2.1869
 0.1961, 0.1500, 3.1573, 3.1415,-0.0316,-0.2493, 4.6799
 0.1962, 0.1500, 3.1573, 3.1415,-0.0002,-0.0498, 2.2391
 0.1963, 0.1500, 3.1573, 3.1415, 0.0060,-0.0099, 0.7241
 0.1964, 0.1500, 3.1604, 3.1415, 0.0133, 0.2493,-4.6799
 0.1963, 0.1500, 3.1604, 3.1415,-0.0033, 0.0498,-3.9439
 0.1960, 0.1500, 3.1604, 3.1415,-0.0249, 0.0099,-3.6711
 0.1958, 0.1500, 3.1604, 3.1415,-0.0231, 0.0019,-3.1127
 0.1953, 0.1500, 3.1573, 3.1415,-0.0410,-0.2509, 4.6799
 0.1952, 0.1500, 3.1573, 3.1415,-0.0203,-0.0501, 0.6025
 0.1952, 0.1500, 3.1573, 3.1415,-0.0040,-0.0100,-0.1059
 0.1952, 0.1500, 3.1604, 3.1415,-0.0008, 0.2493,-4.6799
 0.1949, 0.1500, 3.1604, 3.1415,-0.0244, 0.0498,-4.6799
 0.1944, 0.1500, 3.1604, 3.1415,-0.0412, 0.0099,-4.6799
 0.1940, 0.1500, 3.1573, 3.1415,-0.0446,-0.2493, 4.6799
 0.1938, 0.1500, 3.1573, 3.1415,-0.0210,-0.0498, 0.4168
 0.1936, 0.1500, 3.1573, 3.1415,-0.0224,-0.0099,-1.7666
 0.1934, 0.1500, 3.1604, 3.1415,-0.0166, 0.2493,-4.6799
 0.1931, 0.1500, 3.1604, 3.1415,-0.0275, 0.0498,-4.6799
 0.1927, 0.1500, 3.1604, 3.1415,-0.0418, 0.0099,-4.6799
 0.1922, 0.1500, 3.1604, 3.1415,-0.0508, 0.0019,-4.6799
 0.1913, 0.1500, 3.1573, 3.1415,-0.0768,-0.2509, 4.6799
 0.1909, 0.1500, 3.1573, 3.1415,-0.0517,-0.0501,-2.4090
 0.1902, 0.1500, 3.1573, 3.1415,-0.0649,-0.0100,-4.6799
 0.1894, 0.1500, 3.1573, 3.1415,-0.0736,-0.0020,-4.6799
 0.1884, 0.1500, 3.1541, 3.1415,-0.0996,-0.2517, 4.6242
 0.1880, 0.1500, 3.1541, 3.1415,-0.0502,-0.0503,-1.7487
 0.1872, 0.1500, 3.1541, 3.1415,-0.0706,-0.0100,-4.6799
 0.1864, 0.1500, 3.1541, 3.1415,-0.0808,-0.0020,-4.6799
 0.1854, 0.1500, 3.1510, 3.1415,-0.0949,-0.2517, 4.6799
 0.1850, 0.1500, 3.1510, 3.1415,-0.0553,-0.0503,-1.6892
 0.1842, 0.1500, 3.1510, 3.1415,-0.0717,-0.0100,-4.6799
 0.1837, 0.1500, 3.1510, 3.1415,-0.0567,-0.0020,-4.4433
 0.1829, 0.1500, 3.1510, 3.1415,-0.0719,-0.0004,-4.6799
 0.1820, 0.1500, 3.1510, 3.1415,-0.0871,-0.0000,-4.6799
 0.1811, 0.1500, 3.1478, 3.1415,-0.0901,-0.2513, 4.6799
 0.1806, 0.1500, 3.1478, 3.1415,-0.0544,-0.0502,-1.2599
 0.1797, 0.1500, 3.1478, 3.1415,-0.0836,-0.0100,-4.6799
 0.1790, 0.1500, 3.1478, 3.1415,-0.0773,-0.0020,-4.6799
 0.1782, 0.1500, 3.1478, 3.1415,-0.0761,-0.0004,-4.6799
 0.1772, 0.1500, 3.1478, 3.1415,-0.1001,-0.0000,-4.6799
 0.1759, 0.1500, 3.1447, 3.1415,-0.1170,-0.2513, 4.2623
 0.1753, 0.1500, 3.1447, 3.1415,-0.0779,-0.0502,-2.9916
 0.1742, 0.1500, 3.1415, 3.1415,-0.1004,-0.2613, 4.6799
 0.1735, 0.1500, 3.1415, 3.1415,-0.0746,-0.0522,-1.9836
 0.1729, 0.1500, 3.1415, 3.1415,-0.0634,-0.0104,-3.2791
 0.1721, 0.1500, 3.1415, 3.1415,-0.0733,-0.0020,-4.6084
 0.1712, 0.1500, 3.1415, 3.1415,-0.0934,-0.0004,-4.6799
 0.1703, 0.1500, 3.1415, 3.1415,-0.0914,-0.0000,-4.6799
 0.1689, 0.1500, 3.1384, 3.1415,-0.1274,-0.2513, 4.2826
 0.1680, 0.1500, 3.1384, 3.1415,-0.0982,-0.0502,-3.8214
 0.1669, 0.1500, 3.1353, 3.1415,-0.1045,-0.2613, 4.6799
 0.1661, 0.1500, 3.1353, 3.1415,-0.0876,-0.0522,-2.2272
 0.1653, 0.1500, 3.1353, 3.1415,-0.0842,-0.0104,-4.2034
 0.1646, 0.1500, 3.1353, 3.1415,-0.0653,-0.0020,-3.1342
 0.1635, 0.1500, 3.1353, 3.1415,-0.1040,-0.0004,-4.6799
 0.1627, 0.1500, 3.1353, 3.1415,-0.0875,-0.0000,-4.6799
 0.1616, 0.1500, 3.1321, 3.1415,-0.1023,-0.2513, 4.6799
 0.1606, 0.1500, 3.1321, 3.1415,-0.0993,-0.0502,-3.0928
 0.1597, 0.1500, 3.1290, 3.1415,-0.0926,-0.2613, 4.6799
 0.1593, 0.1500, 3.1290, 3.1415,-0.0488,-0.0522, 1.8712
 0.1590, 0.1500, 3.1321, 3.1415,-0.0340, 0.2408,-4.6799
 0.1588, 0.1500, 3.1321, 3.1415,-0.0249, 0.0481,-2.2352
 0.1585, 0.1500, 3.1353, 3.1415,-0.0292, 0.2609,-4.6799
 0.1581, 0.1500, 3.1353, 3.1415,-0.0361, 0.0521,-4.2627
 0.1574, 0.1500, 3.1353, 3.1415,-0.0618, 0.0104,-4.2986
 0.1567, 0.1500, 3.1353, 3.1415,-0.0729, 0.0020,-4.6799
 0.1556, 0.1500, 3.1321, 3.1415,-0.1055,-0.2509, 4.6799
 0.1549, 0.1500, 3.1321, 3.1415,-0.0756,-0.0501,-1.7830
 0.1540, 0.1500, 3.1290, 3.1415,-0.0878,-0.2613, 4.6799
 0.1534, 0.1500, 3.1290, 3.1415,-0.0600,-0.0522, 0.2774
 0.1529, 0.1500, 3.1290, 3.1415,-0.0544,-0.0104,-1.4889
 0.1526, 0.1500, 3.1321, 3.1415,-0.0351, 0.2492,-4.6799
 0.1521, 0.1500, 3.1321, 3.1415,-0.0434, 0.0498,-4.6053
 0.1515, 0.1500, 3.1321, 3.1415,-0.0571, 0.0099,-3.7494
 0.1506, 0.1500, 3.1321, 3.1415,-0.0841, 0.0019,-4.6799
 0.1496, 0.1500, 3.1290, 3.1415,-0.0956,-0.2509, 4.6799
 0.1491, 0.1500, 3.1290, 3.1415,-0.0615,-0.0501,-0.4563
 0.1481, 0.1500, 3.1258, 3.1415,-0.0911,-0.2613, 4.6799
 0.1479, 0.1500, 3.1258, 3.1415,-0.0364,-0.0522, 2.4154
 0.1475, 0.1500, 3.1258, 3.1415,-0.0376,-0.0104, 0.1029
 0.1477, 0.1500, 3.1290, 3.1415, 0.0106, 0.2492,-4.6799
 0.1475, 0.1500, 3.1290, 3.1415,-0.0160, 0.0498,-2.0567
 0.1473, 0.1500, 3.1321, 3.1415,-0.0214, 0.2613,-4.6799
 0.1471, 0.1500, 3.1321, 3.1415,-0.0224, 0.0522,-3.5859
 0.1464, 0.1500, 3.1321, 3.1415,-0.0590, 0.0104,-4.5341
 0.1458, 0.1500, 3.1321, 3.1415,-0.0542, 0.0020,-3.7651
 0.1451, 0.1500, 3.1290, 3.1415,-0.0714,-0.2509, 4.6799
 0.1446, 0.1500, 3.1290, 3.1415,-0.0506,-0.0501,-0.0823
 0.1441, 0.1500, 3.1290, 3.1415,-0.0525,-0.0100,-2.3870
 0.1436, 0.1500, 3.1290, 3.1415,-0.0529,-0.0020,-2.8999
 0.1430, 0.1500, 3.1290, 3.1415,-0.0590,-0.0004,-3.5665
 0.1423, 0.1500, 3.1258, 3.1415,-0.0663,-0.2514, 4.6799
 0.1422, 0.1500, 3.1258, 3.1415,-0.0193,-0.0502, 3.0448
 0.1421, 0.1500, 3.1258, 3.1415,-0.0159,-0.0100, 1.2142
 0.1421, 0.1500, 3.1258, 3.1415, 0.0028,-0.0020, 2.3659
 0.1423, 0.1500, 3.1290, 3.1415, 0.0126, 0.2509,-4.6799
 0.1424, 0.1500, 3.1321, 3.1415, 0.0146, 0.3015,-4.6799
 0.1423, 0.1500, 3.1321, 3.1415,-0.0091, 0.0603,-3.4888
 0.1420, 0.1500, 3.1321, 3.1415,-0.0260, 0.0120,-2.4279
 0.1416, 0.1500, 3.1321, 3.1415,-0.0355, 0.0024,-2.7592
 0.1412, 0.1500, 3.1321, 3.1415,-0.0434, 0.0004,-3.3763
 0.1407, 0.1500, 3.1290, 3.1415,-0.0450,-0.2512, 4.6799
 0.1405, 0.1500, 3.1290, 3.1415,-0.0211,-0.0502, 1.8512
 0.1405, 0.1500, 3.1290, 3.1415,-0.0042,-0.0100, 1.1642
 0.1405, 0.1500, 3.1321, 3.1415,-0.0008, 0.2493,-4.6799
 0.1405, 0.1500, 3.1321, 3.1415,-0.0062, 0.0498,-2.9414
 0.1403, 0.1500, 3.1321, 3.1415,-0.0133, 0.0099,-1.4875
 0.1402, 0.1500, 3.1321, 3.1415,-0.0087, 0.0019,-0.7032
 0.1399, 0.1500, 3.1321, 3.1415,-0.0260, 0.0003,-2.0931
 0.1395, 0.1500, 3.1321, 3.1415,-0.0415, 0.0000,-3.4274
 0.1391, 0.1500, 3.1321, 3.1415,-0.0386, 0.0000,-3.2294
 0.1385, 0.1500, 3.1290, 3.1415,-0.0562,-0.2513, 4.6799
 0.1385, 0.1500, 3.1290, 3.1415,-0.0112,-0.0502, 2.3920
 0.1385, 0.1500, 3.1290, 3.1415,-0.0022,-0.0100, 1.0463
 0.1386, 0.1500, 3.1290, 3.1415, 0.0116,-0.0020, 1.7957
 0.1388, 0.1500, 3.1321, 3.1415, 0.0144, 0.2509,-4.6799
 0.1388, 0.1500, 3.1321, 3.1415, 0.0028, 0.0501,-2.4467
 0.1388, 0.1500, 3.1321, 3.1415, 0.0005, 0.0100,-0.5622
 0.1385, 0.1500, 3.1321, 3.1415,-0.0241, 0.0020,-2.2375
 0.1380, 0.1500, 3.1321, 3.1415,-0.0412, 0.0004,-3.6295
 0.1376, 0.1500, 3.1290, 3.1415,-0.0446,-0.2512, 4.6799
 0.1375, 0.1500, 3.1290, 3.1415,-0.0149,-0.0502, 1.9225
 0.1375, 0.1500, 3.1290, 3.1415,-0.0029,-0.0100, 0.8252
 0.1376, 0.1500, 3.1290, 3.1415, 0.0054,-0.0020, 1.1121
 0.1378, 0.1500, 3.1290, 3.1415, 0.0192,-0.0004, 2.1948
 0.1381, 0.1500, 3.1321, 3.1415, 0.0281, 0.2512,-4.6799
 0.1382, 0.1500, 3.1321, 3.1415, 0.0116, 0.0502,-1.8430
 0.1381, 0.1500, 3.1321, 3.1415,-0.0037, 0.0100,-1.0518
 0.1379, 0.1500, 3.1321, 3.1415,-0.0189, 0.0020,-1.9293
 0.1376, 0.1500, 3.1321, 3.1415,-0.0280, 0.0004,-2.6431
 0.1371, 0.1500, 3.1290, 3.1415,-0.0419,-0.2512, 4.6799
 0.1371, 0.1500, 3.1290, 3.1415,-0.0144,-0.0502, 1.8600
 0.1371, 0.1500, 3.1290, 3.1415,-0.0028,-0.0100, 0.7275
 0.1372, 0.1500, 3.1290, 3.1415, 0.0115,-0.0020, 1.5189
 0.1374, 0.1500, 3.1290, 3.1415, 0.0204,-0.0004, 2.1977
 0.1380, 0.1500, 3.1290, 3.1415, 0.0465,-0.0000, 4.3965
 0.1386, 0.1500, 3.1321, 3.1415, 0.0578, 0.2513,-4.6799
 0.1387, 0.1500, 3.1321, 3.1415, 0.0236, 0.0502,-0.8470
 0.1388, 0.1500, 3.1321, 3.1415, 0.0108, 0.0100, 0.1720
 0.1392, 0.1500, 3.1321, 3.1415, 0.0324, 0.0020, 2.4254
 0.1392, 0.1500, 3.1321, 3.1415, 0.0064, 0.0004, 0.3475
 0.1394, 0.1500, 3.1321, 3.1415, 0.0194, 0.0000, 1.4626
 0.1399, 0.1500, 3.1353, 3.1415, 0.0402, 0.2513,-4.6799
 0.1399, 0.1500, 3.1353, 3.1415, 0.0141, 0.0502,-2.3479
 0.1398, 0.1500, 3.1353, 3.1415,-0.0093, 0.0100,-2.2282
 0.1398, 0.1500, 3.1321, 3.1415,-0.0018,-0.2493, 4.6799
 0.1398, 0.1500, 3.1321, 3.1415,-0.0003,-0.0498, 2.4328
 0.1399, 0.1500, 3.1321, 3.1415, 0.0059,-0.0099, 0.8946
 0.1401, 0.1500, 3.1321, 3.1415, 0.0193,-0.0019, 1.6132
 0.1408, 0.1500, 3.1353, 3.1415, 0.0584, 0.2509,-4.6799
 0.1410, 0.1500, 3.1353, 3.1415, 0.0298, 0.0501,-0.9404
 0.1409, 0.1500, 3.1353, 3.1415,-0.0000, 0.0100,-1.3576
 0.1409, 0.1500, 3.1353, 3.1415,-0.0000, 0.0020,-0.9402
 0.1407, 0.1500, 3.1321, 3.1415,-0.0181,-0.2509, 4.6799
 0.1408, 0.1500, 3.1321, 3.1415, 0.0084,-0.0501, 3.2766
 0.1411, 0.1500, 3.1321, 3.1415, 0.0198,-0.0100, 2.1613
 0.1415, 0.1500, 3.1321, 3.1415, 0.0342,-0.0020, 2.9791
 0.1419, 0.1500, 3.1321, 3.1415, 0.0432,-0.0004, 3.6861
 0.1424, 0.1500, 3.1353, 3.1415, 0.0510, 0.2512,-4.6799
 0.1429, 0.1500, 3.1353, 3.1415, 0.0465, 0.0502, 0.6298
 0.1434, 0.1500, 3.1353, 3.1415, 0.0517, 0.0100, 3.2013
 0.1440, 0.1500, 3.1384, 3.1415, 0.0588, 0.2533,-4.6799
 0.1442, 0.1500, 3.1384, 3.1415, 0.0238, 0.0506,-1.9501
 0.1443, 0.1500, 3.1384, 3.1415, 0.0169, 0.0101,-0.4134
 0.1443, 0.1500, 3.1384, 3.1415,-0.0026, 0.0020,-1.6298
 0.1441, 0.1500, 3.1353, 3.1415,-0.0126,-0.2509, 4.6799
 0.1443, 0.1500, 3.1353, 3.1415, 0.0156,-0.0501, 3.4230
 0.1445, 0.1500, 3.1353, 3.1415, 0.0152,-0.0100, 1.3221
 0.1447, 0.1500, 3.1353, 3.1415, 0.0212,-0.0020, 1.4254
 0.1452, 0.1500, 3.1353, 3.1415, 0.0406,-0.0004, 3.0005
 0.1458, 0.1500, 3.1353, 3.1415, 0.0566,-0.0000, 4.3793
 0.1466, 0.1500, 3.1384, 3.1415, 0.0780, 0.2512,-4.6799
 0.1469, 0.1500, 3.1384, 3.1415, 0.0398, 0.0502,-0.3111
 0.1471, 0.1500, 3.1384, 3.1415, 0.0261, 0.0100, 0.6629
 0.1474, 0.1500, 3.1384, 3.1415, 0.0294, 0.0020, 1.3894
 0.1478, 0.1500, 3.1384, 3.1415, 0.0362, 0.0004, 2.0738
 0.1480, 0.1500, 3.1384, 3.1415, 0.0193, 0.0000, 0.7094
 0.1483, 0.1500, 3.1384, 3.1415, 0.0281, 0.0000, 1.4736
 0.1487, 0.1500, 3.1415, 3.1415, 0.0420, 0.2513,-4.6799
 0.1490, 0.1500, 3.1415, 3.1415, 0.0265, 0.0502, 0.0000
 0.1490, 0.1500, 3.1384, 3.1415, 0.0053,-0.2412, 4.6799
 0.1491, 0.1500, 3.1384, 3.1415, 0.0131,-0.0482, 2.8341
 0.1493, 0.1500, 3.1384, 3.1415, 0.0208,-0.0096, 1.4914
 0.1496, 0.1500, 3.1384, 3.1415, 0.0223,-0.0019, 1.2437
 0.1498, 0.1500, 3.1384, 3.1415, 0.0226,-0.0003, 1.2152
 0.1503, 0.1500, 3.1384, 3.1415, 0.0469,-0.0000, 3.2779
 0.1508, 0.1500, 3.1384, 3.1415, 0.0457,-0.0000, 3.2282
 0.1512, 0.1500, 3.1415, 3.1415, 0.0455, 0.2513,-4.6799
 0.1515, 0.1500, 3.1415, 3.1415, 0.0272, 0.0502,-1.6508
 0.1515, 0.1500, 3.1415, 3.1415, 0.0115, 0.0100,-0.8640
 0.1515, 0.1500, 3.1415, 3.1415,-0.0037, 0.0020,-1.7225
 0.1512, 0.1500, 3.1384, 3.1415,-0.0189,-0.2509, 4.6799
 0.1513, 0.1500, 3.1353, 3.1415, 0.0022,-0.3014, 4.6799
 0.1514, 0.1500, 3.1353, 3.1415, 0.0065,-0.0602, 3.9896
 0.1516, 0.1500, 3.1353, 3.1415, 0.0194,-0.0120, 2.5910
 0.1520, 0.1500, 3.1353, 3.1415, 0.0342,-0.0024, 3.3568
 0.1525, 0.1500, 3.1384, 3.1415, 0.0492, 0.2508,-4.6799
 0.1527, 0.1500, 3.1384, 3.1415, 0.0280, 0.0501,-0.6105
 0.1527, 0.1500, 3.1384, 3.1415, 0.0056, 0.0100,-0.3887
 0.1527, 0.1500, 3.1353, 3.1415, 0.0011,-0.2493, 4.6799
 0.1528, 0.1500, 3.1353, 3.1415, 0.0062,-0.0498, 3.6023
 0.1529, 0.1500, 3.1353, 3.1415, 0.0073,-0.0099, 1.6293
 0.1530, 0.1500, 3.1353, 3.1415, 0.0135,-0.0019, 1.7550
 0.1533, 0.1500, 3.1353, 3.1415, 0.0209,-0.0003, 2.3074
 0.1537, 0.1500, 3.1353, 3.1415, 0.0405,-0.0000, 3.9759
 0.1543, 0.1500, 3.1353, 3.1415, 0.0566,-0.0000, 4.6799
 0.1549, 0.1500, 3.1353, 3.1415, 0.0537,-0.0000, 4.6799
 0.1557, 0.1500, 3.1384, 3.1415, 0.0774, 0.2513,-4.6799
 0.1562, 0.1500, 3.1384, 3.1415, 0.0518, 0.0502, 1.7692
 0.1571, 0.1500, 3.1415, 3.1415, 0.0891, 0.2613,-4.6799
 0.1573, 0.1500, 3.1415, 3.1415, 0.0299, 0.0522,-0.8347
 0.1574, 0.1500, 3.1415, 3.1415, 0.0181, 0.0104, 0.3735
 0.1575, 0.1500, 3.1384, 3.1415, 0.0096,-0.2492, 4.6799
 0.1579, 0.1500, 3.1384, 3.1415, 0.0322,-0.0498, 4.6799
 0.1583, 0.1500, 3.1384, 3.1415, 0.0367,-0.0099, 3.8987
 0.1590, 0.1500, 3.1415, 3.1415, 0.0619, 0.2493,-4.6799
 0.1591, 0.1500, 3.1415, 3.1415, 0.0245, 0.0498,-0.9380
 0.1593, 0.1500, 3.1415, 3.1415, 0.0230, 0.0099, 1.0449
 0.1596, 0.1500, 3.1415, 3.1415, 0.0288, 0.0019, 1.9786
 0.1599, 0.1500, 3.1415, 3.1415, 0.0300, 0.0003, 2.1978
 0.1603, 0.1500, 3.1415, 3.1415, 0.0302, 0.0000, 2.2744
 0.1608, 0.1500, 3.1415, 3.1415, 0.0484, 0.0000, 3.8578
 0.1614, 0.1500, 3.1415, 3.1415, 0.0582, 0.0000, 4.6799
 0.1624, 0.1500, 3.1447, 3.1415, 0.0904, 0.2513,-4.6799
 0.1628, 0.1500, 3.1447, 3.1415, 0.0484, 0.0502, 0.6614
 0.1635, 0.1500, 3.1447, 3.1415, 0.0703, 0.0100, 4.6597
 0.1643, 0.1500, 3.1478, 3.1415, 0.0807, 0.2533,-4.6799
 0.1648, 0.1500, 3.1478, 3.1415, 0.0525, 0.0506, 0.4174
 0.1653, 0.1500, 3.1478, 3.1415, 0.0529, 0.0101, 2.6243
 0.1659, 0.1500, 3.1510, 3.1415, 0.0590, 0.2533,-4.6799
 0.1662, 0.1500, 3.1510, 3.1415, 0.0300, 0.0506,-2.0942
 0.1661, 0.1500, 3.1510, 3.1415,-0.0000, 0.0101,-2.4860
 0.1660, 0.1500, 3.1478, 3.1415,-0.0060,-0.2493, 4.6799
 0.1659, 0.1500, 3.1478, 3.1415,-0.0133,-0.0498, 0.3246
 0.1660, 0.1500, 3.1478, 3.1415, 0.0094,-0.0099, 0.1733
 0.1665, 0.1500, 3.1478, 3.1415, 0.0382,-0.0019, 2.2115
 0.1665, 0.1500, 3.1478, 3.1415, 0.0076,-0.0003,-0.4022
 0.1665, 0.1500, 3.1478, 3.1415, 0.0075,-0.0000,-0.4059
 0.1666, 0.1500, 3.1478, 3.1415, 0.0075,-0.0000,-0.3923
 0.1664, 0.1500, 3.1447, 3.1415,-0.0166,-0.2513, 4.6799
 0.1664, 0.1500, 3.1447, 3.1415,-0.0033,-0.0502, 2.1087
 0.1665, 0.1500, 3.1447, 3.1415, 0.0114,-0.0100, 1.2770
 0.1668, 0.1500, 3.1447, 3.1415, 0.0265,-0.0020, 2.1556
 0.1668, 0.1500, 3.1447, 3.1415, 0.0053,-0.0004, 0.3197
 0.1675, 0.1500, 3.1478, 3.1415, 0.0495, 0.2512,-4.6799
 0.1675, 0.1500, 3.1478, 3.1415, 0.0159, 0.0502,-2.1515
 0.1675, 0.1500, 3.1478, 3.1415,-0.0028, 0.0100,-1.6290
 0.1672, 0.1500, 3.1447, 3.1415,-0.0187,-0.2493, 4.6799
 0.1672, 0.1500, 3.1447, 3.1415,-0.0037,-0.0498, 2.2059
 0.1674, 0.1500, 3.1447, 3.1415, 0.0113,-0.0099, 1.4191
 0.1674, 0.1500, 3.1447, 3.1415, 0.0022,-0.0019, 0.2598
 0.1677, 0.1500, 3.1447, 3.1415, 0.0247,-0.0003, 2.0828
 0.1681, 0.1500, 3.1478, 3.1415, 0.0413, 0.2512,-4.6799
 0.1683, 0.1500, 3.1478, 3.1415, 0.0203, 0.0502,-1.6398
 0.1682, 0.1500, 3.1478, 3.1415,-0.0019, 0.0100,-1.4098
 0.1681, 0.1500, 3.1478, 3.1415,-0.0125, 0.0020,-1.8747
 0.1677, 0.1500, 3.1447, 3.1415,-0.0328,-0.2509, 4.6799
 0.1676, 0.1500, 3.1447, 3.1415,-0.0126,-0.0501, 1.5985
 0.1678, 0.1500, 3.1447, 3.1415, 0.0096,-0.0100, 1.3876
 0.1678, 0.1500, 3.1447, 3.1415, 0.0079,-0.0020, 0.8555
 0.1680, 0.1500, 3.1447, 3.1415, 0.0137,-0.0004, 1.2758
 0.1684, 0.1500, 3.1447, 3.1415, 0.0330,-0.0000, 2.9174
 0.1689, 0.1500, 3.1478, 3.1415, 0.0490, 0.2512,-4.6799
 0.1689, 0.1500, 3.1478, 3.1415, 0.0098, 0.0502,-2.3685
 0.1686, 0.1500, 3.1478, 3.1415,-0.0222, 0.0100,-2.9710
 0.1685, 0.1500, 3.1478, 3.1415,-0.0105, 0.0020,-1.5762
 0.1681, 0.1500, 3.1447, 3.1415,-0.0384,-0.2509, 4.6799
 0.1680, 0.1500, 3.1447, 3.1415,-0.0137,-0.0501, 1.6286
 0.1681, 0.1500, 3.1447, 3.1415, 0.0093,-0.0100, 1.4930
 0.1681, 0.1500, 3.1447, 3.1415, 0.0018,-0.0020, 0.4643
 0.1683, 0.1500, 3.1447, 3.1415, 0.0125,-0.0004, 1.2901
 0.1687, 0.1500, 3.1478, 3.1415, 0.0328, 0.2512,-4.6799
 0.1687, 0.1500, 3.1478, 3.1415, 0.0126, 0.0502,-2.0813
 0.1684, 0.1500, 3.1478, 3.1415,-0.0277, 0.0100,-3.3831
 0.1682, 0.1500, 3.1478, 3.1415,-0.0176, 0.0020,-2.1352
 0.1677, 0.1500, 3.1447, 3.1415,-0.0459,-0.2509, 4.6799
 0.1675, 0.1500, 3.1447, 3.1415,-0.0273,-0.0501, 0.5067
 0.1675, 0.1500, 3.1447, 3.1415,-0.0054,-0.0100, 0.2515
 0.1675, 0.1500, 3.1447, 3.1415, 0.0049,-0.0020, 0.7199
 0.1676, 0.1500, 3.1447, 3.1415, 0.0070,-0.0004, 0.8284
 0.1680, 0.1500, 3.1447, 3.1415, 0.0317,-0.0000, 2.9122
 0.1684, 0.1500, 3.1478, 3.1415, 0.0427, 0.2512,-4.6799
 0.1684, 0.1500, 3.1478, 3.1415, 0.0024, 0.0502,-2.8889
 0.1681, 0.1500, 3.1478, 3.1415,-0.0237, 0.0100,-3.0054
 0.1679, 0.1500, 3.1478, 3.1415,-0.0168, 0.0020,-2.0252
 0.1672, 0.1500, 3.1478, 3.1415,-0.0579, 0.0004,-4.6799
 0.1666, 0.1500, 3.1447, 3.1415,-0.0600,-0.2512, 4.6799
 0.1663, 0.1500, 3.1415, 3.1415,-0.0362,-0.3015, 4.6799
 0.1662, 0.1500, 3.1415, 3.1415,-0.0133,-0.0603, 2.9544
 0.1664, 0.1500, 3.1447, 3.1415, 0.0094, 0.2392,-4.6799
 0.1663, 0.1500, 3.1447, 3.1415,-0.0041, 0.0478,-2.6974
 0.1662, 0.1500, 3.1447, 3.1415,-0.0068, 0.0095,-0.9377
 0.1660, 0.1500, 3.1447, 3.1415,-0.0195, 0.0019,-1.6094
 0.1658, 0.1500, 3.1447, 3.1415,-0.0221, 0.0003,-1.7579
 0.1653, 0.1500, 3.1447, 3.1415,-0.0408, 0.0000,-3.3373
 0.1647, 0.1500, 3.1415, 3.1415,-0.0566,-0.2513, 4.6799
 0.1644, 0.1500, 3.1415, 3.1415,-0.0355,-0.0502, 0.4268
 0.1646, 0.1500, 3.1415, 3.1415, 0.0050,-0.0100, 1.7345
 0.1646, 0.1500, 3.1415, 3.1415, 0.0070,-0.0020, 1.5047
 0.1647, 0.1500, 3.1415, 3.1415, 0.0074,-0.0004, 1.4722
 0.1650, 0.1500, 3.1447, 3.1415, 0.0257, 0.2512,-4.6799
 0.1653, 0.1500, 3.1447, 3.1415, 0.0233, 0.0502,-0.5870
 0.1652, 0.1500, 3.1478, 3.1415,-0.0013, 0.2613,-4.6799
 0.1649, 0.1500, 3.1478, 3.1415,-0.0245, 0.0522,-4.6799
 0.1645, 0.1500, 3.1447, 3.1415,-0.0352,-0.2408, 4.6799
 0.1644, 0.1500, 3.1447, 3.1415,-0.0131,-0.0481, 1.4058
 0.1644, 0.1500, 3.1447, 3.1415,-0.0026,-0.0096, 0.2847
 0.1644, 0.1500, 3.1478, 3.1415,-0.0005, 0.2493,-4.6799
 0.1643, 0.1500, 3.1478, 3.1415,-0.0061, 0.0498,-3.9148
 0.1643, 0.1500, 3.1478, 3.1415,-0.0072, 0.0099,-1.9397
 0.1640, 0.1500, 3.1478, 3.1415,-0.0196, 0.0019,-2.5692
 0.1637, 0.1500, 3.1478, 3.1415,-0.0281, 0.0003,-3.2219
 0.1631, 0.1500, 3.1478, 3.1415,-0.0541, 0.0000,-4.6799
 0.1625, 0.1500, 3.1447, 3.1415,-0.0593,-0.2512, 4.6799
 0.1624, 0.1500, 3.1447, 3.1415,-0.0239,-0.0502, 0.4200
 0.1622, 0.1500, 3.1447, 3.1415,-0.0169,-0.0100,-1.0900
 0.1621, 0.1500, 3.1447, 3.1415,-0.0155,-0.0020,-1.4007
 0.1619, 0.1500, 3.1478, 3.1415,-0.0152, 0.2509,-4.6799
 0.1618, 0.1500, 3.1478, 3.1415,-0.0151, 0.0501,-4.6799
 0.1615, 0.1500, 3.1478, 3.1415,-0.0272, 0.0100,-3.8841
 0.1609, 0.1500, 3.1447, 3.1415,-0.0479,-0.2493, 4.6799
 0.1608, 0.1500, 3.1447, 3.1415,-0.0217,-0.0498, 0.4304
 0.1607, 0.1500, 3.1447, 3.1415,-0.0104,-0.0099,-0.7037
 0.1607, 0.1500, 3.1478, 3.1415,-0.0020, 0.2493,-4.6799
 0.1605, 0.1500, 3.1478, 3.1415,-0.0186, 0.0498,-4.6799
 0.1600, 0.1500, 3.1478, 3.1415,-0.0401, 0.0099,-4.6799
 0.1595, 0.1500, 3.1478, 3.1415,-0.0504, 0.0019,-4.6799
 0.1588, 0.1500, 3.1478, 3.1415,-0.0646, 0.0003,-4.6799
 0.1578, 0.1500, 3.1447, 3.1415,-0.0917,-0.2512, 4.6799
 0.1574, 0.1500, 3.1415, 3.1415,-0.0547,-0.3015, 4.6799
 0.1571, 0.1500, 3.1415, 3.1415,-0.0352,-0.0603, 0.2511
 0.1571, 0.1500, 3.1447, 3.1415,-0.0070, 0.2392,-4.6799
 0.1569, 0.1500, 3.1447, 3.1415,-0.0135, 0.0478,-4.3936
 0.1565, 0.1500, 3.1447, 3.1415,-0.0390, 0.0095,-4.5768
 0.1561, 0.1500, 3.1447, 3.1415,-0.0381, 0.0019,-4.1411
 0.1555, 0.1500, 3.1447, 3.1415,-0.0561, 0.0003,-4.6799
 0.1545, 0.1500, 3.1447, 3.1415,-0.0900, 0.0000,-4.6799
 0.1533, 0.1500, 3.1415, 3.1415,-0.1150,-0.2513, 3.1102
 0.1524, 0.1500, 3.1384, 3.1415,-0.0897,-0.3015, 4.6799
 0.1518, 0.1500, 3.1353, 3.1415,-0.0725,-0.3116, 4.6799
 0.1513, 0.1500, 3.1353, 3.1415,-0.0508,-0.0623, 0.0368
 0.1512, 0.1500, 3.1384, 3.1415,-0.0162, 0.2388,-4.6799
 0.1511, 0.1500, 3.1384, 3.1415,-0.0153, 0.0477,-3.5715
 0.1509, 0.1500, 3.1384, 3.1415,-0.0212, 0.0095,-2.1038
 0.1505, 0.1500, 3.1384, 3.1415,-0.0285, 0.0019,-2.3428
 0.1501, 0.1500, 3.1384, 3.1415,-0.0420, 0.0003,-3.4422
 0.1493, 0.0000, 3.1384, 3.1415,-0.0690, 0.0000, 4.6799
 0.1492, 0.0000, 3.1384, 3.1415,-0.0259, 0.0000, 4.6799
 0.1491, 0.0000, 3.1384, 3.1415,-0.0112, 0.0000, 4.6799
 0.1493, 0.0000, 3.1415, 3.1415, 0.0098, 0.2513, 4.3754
 0.1493, 0.0000, 3.1415, 3.1415, 0.0080, 0.0502, 4.6799
 0.1499, 0.0000, 3.1447, 3.1415, 0.0440, 0.2613, 4.6799
 0.1507, 0.0000, 3.1478, 3.1415, 0.0755, 0.3035, 4.6799
 0.1517, 0.0000, 3.1510, 3.1415, 0.0939, 0.3120, 4.6799
 0.1526, 0.0000, 3.1573, 3.1415, 0.0915, 0.5650,-4.6799
 0.1531, 0.0000, 3.1604, 3.1415, 0.0607, 0.3643,-1.6413
 0.1538, 0.0000, 3.1635, 3.1415, 0.0667, 0.3241, 0.2824
 0.1544, 0.0000, 3.1667, 3.1415, 0.0618, 0.3161,-0.3700
 0.1546, 0.0000, 3.1698, 3.1415, 0.0244, 0.3145,-4.0984
 0.1545, 0.0000, 3.1730, 3.1415,-0.0011, 0.3142,-4.6799
 0.1543, 0.0000, 3.1730, 3.1415,-0.0184, 0.0628, 4.6270
 0.1543, 0.0000, 3.1730, 3.1415,-0.0036, 0.0125, 4.6799
 0.1545, 0.0000, 3.1761, 3.1415, 0.0174, 0.2538,-3.0103
 0.1542, 0.0000, 3.1792, 3.1415,-0.0207, 0.3020,-4.6799
 0.1539, 0.0000, 3.1792, 3.1415,-0.0284, 0.0604, 2.4147
 0.1540, 0.0000, 3.1824, 3.1415, 0.0003, 0.2634,-4.6799
 0.1537, 0.0000, 3.1824, 3.1415,-0.0241, 0.0526, 2.4067
 0.1537, 0.0000, 3.1855, 3.1415, 0.0012, 0.2618,-4.6799
 0.1533, 0.0000, 3.1855, 3.1415,-0.0361, 0.0523, 0.6534
 0.1533, 0.0000, 3.1887, 3.1415,-0.0072, 0.2618,-4.6799
 0.1530, 0.0000, 3.1918, 3.1415,-0.0256, 0.3036,-4.6799
 0.1526, 0.0000, 3.1949, 3.1415,-0.0354, 0.3120,-4.6799
 0.1519, 0.0000, 3.1949, 3.1415,-0.0616, 0.0624,-4.5131
 0.1509, 0.0000, 3.1949, 3.1415,-0.0911, 0.0124,-4.4015
 0.1501, 0.0000, 3.1949, 3.1415,-0.0849, 0.0024,-3.3812
 0.1490, 0.0000, 3.1949, 3.1415,-0.1079, 0.0004,-4.6799
 0.1474, 0.0000, 3.1949, 3.1415,-0.1428, 0.0000,-4.6799
 0.1458, 0.0000, 3.1949, 3.1415,-0.1559, 0.0000,-4.6799
 0.1443, 0.0000, 3.1949, 3.1415,-0.1585, 0.0000,-4.6799
 0.1424, 0.0000, 3.1918, 3.1415,-0.1772,-0.2513, 2.1370
 0.1410, 0.0000, 3.1918, 3.1415,-0.1506,-0.0502,-4.6799
 0.1391, 0.0000, 3.1918, 3.1415,-0.1817,-0.0100,-4.6799
 0.1376, 0.0000, 3.1918, 3.1415,-0.1576,-0.0020,-4.6799
 0.1356, 0.0000, 3.1918, 3.1415,-0.1891,-0.0004,-4.6799
 0.1335, 0.0000, 3.1887, 3.1415,-0.2076,-0.2514,-0.5223
 0.1315, 0.0000, 3.1887, 3.1415,-0.1991,-0.0502,-4.6799
 0.1292, 0.0000, 3.1855, 3.1415,-0.2277,-0.2614,-1.2901
 0.1269, 0.0000, 3.1855, 3.1415,-0.2274,-0.0522,-4.6799
 0.1248, 0.0000, 3.1824, 3.1415,-0.2152,-0.2617, 0.1457
 0.1226, 0.0000, 3.1824, 3.1415,-0.2188,-0.0523,-4.6799
 0.1205, 0.0000, 3.1824, 3.1415,-0.2074,-0.0104,-4.6799
 0.1183, 0.0000, 3.1824, 3.1415,-0.2173,-0.0020,-4.6799
 0.1160, 0.0000, 3.1792, 3.1415,-0.2314,-0.2517,-1.8508
 0.1136, 0.0000, 3.1792, 3.1415,-0.2342,-0.0503,-4.6799
 0.1111, 0.0000, 3.1761, 3.1415,-0.2469,-0.2613,-2.3206
 0.1085, 0.0000, 3.1761, 3.1415,-0.2616,-0.0522,-4.6799
 0.1058, 0.0000, 3.1761, 3.1415,-0.2645,-0.0104,-4.6799
 0.1030, 0.0000, 3.1730, 3.1415,-0.2772,-0.2534,-4.6799
 0.1002, 0.0000, 3.1698, 3.1415,-0.2797,-0.3020,-2.5097
 0.0973, 0.0000, 3.1698, 3.1415,-0.2924,-0.0604,-4.6799
 0.0942, 0.0000, 3.1667, 3.1415,-0.3070,-0.2633,-4.6799
 0.0911, 0.0000, 3.1635, 3.1415,-0.3100,-0.3040,-4.2893
 0.0876, 0.0000, 3.1604, 3.1415,-0.3348,-0.3121,-4.6799
 0.0842, 0.0000, 3.1573, 3.1415,-0.3398,-0.3137,-4.6799
 0.0807, 0.0000, 3.1541, 3.1415,-0.3529,-0.3140,-4.6799
 0.0770, 0.0000, 3.1478, 3.1415,-0.3676,-0.5654, 4.6799
 0.0738, 0.0000, 3.1447, 3.1415,-0.3221,-0.3644, 0.7934
 0.0706, 0.0000, 3.1415, 3.1415,-0.3251,-0.3242,-1.0621
 0.0675, 0.0000, 3.1415, 3.1415,-0.3136,-0.0648,-4.6799
 0.0644, 0.0000, 3.1384, 3.1415,-0.3113,-0.2642,-2.8887
 0.0613, 0.0000, 3.1353, 3.1415,-0.3108,-0.3041,-0.2905
 0.0582, 0.0000, 3.1353, 3.1415,-0.3047,-0.0608,-4.6799
 0.0550, 0.0000, 3.1321, 3.1415,-0.3216,-0.2634,-3.1765
 0.0516, 0.0000, 3.1290, 3.1415,-0.3371,-0.3040,-1.9100
 0.0482, 0.0000, 3.1258, 3.1415,-0.3342,-0.3121,-0.7857
 0.0448, 0.0000, 3.1227, 3.1415,-0.3396,-0.3137,-0.7077
 0.0415, 0.0000, 3.1196, 3.1415,-0.3347,-0.3140, 0.1748
 0.0383, 0.0000, 3.1164, 3.1415,-0.3216,-0.3141, 1.7379
 0.0355, 0.0000, 3.1133, 3.1415,-0.2886,-0.3141, 4.6799
 0.0331, 0.0000, 3.1133, 3.1415,-0.2517,-0.0628,-4.6799
 0.0306, 0.0000, 3.1133, 3.1415,-0.2504,-0.0125,-4.6799
 0.0280, 0.0000, 3.1133, 3.1415,-0.2562,-0.0025,-4.6799
 0.0253, 0.0000, 3.1101, 3.1415,-0.2634,-0.2518, 3.4791
 0.0232, 0.0000, 3.1101, 3.1415,-0.2224,-0.0503,-3.8025
 0.0209, 0.0000, 3.1101, 3.1415,-0.2324,-0.0100,-4.6799
 0.0183, 0.0000, 3.1070, 3.1415,-0.2526,-0.2533, 4.4791
 0.0162, 0.0000, 3.1070, 3.1415,-0.2142,-0.0506,-3.0745
 0.0140, 0.0000, 3.1070, 3.1415,-0.2247,-0.0101,-4.6799
 0.0118, 0.0000, 3.1070, 3.1415,-0.2207,-0.0020,-4.6799
 0.0094, 0.0000, 3.1038, 3.1415,-0.2321,-0.2517, 4.6799
 0.0073, 0.0000, 3.1038, 3.1415,-0.2161,-0.0503,-3.4665
 0.0051, 0.0000, 3.1038, 3.1415,-0.2190,-0.0100,-4.6799
 0.0031, 0.0000, 3.1038, 3.1415,-0.2075,-0.0020,-4.6799
 0.0007, 0.0000, 3.1038, 3.1415,-0.2294,-0.0004,-4.6799
-0.0017, 0.0000, 3.1007, 3.1415,-0.2459,-0.2514, 4.2560
-0.0040, 0.0000, 3.0976, 3.1415,-0.2310,-0.3016, 4.6799
-0.0058, 0.0000, 3.0976, 3.1415,-0.1917,-0.0603,-0.8146
-0.0078, 0.0000, 3.0976, 3.1415,-0.2020,-0.0120,-4.4149
-0.0098, 0.0000, 3.0976, 3.1415,-0.1980,-0.0024,-4.6799
-0.0116, 0.0000, 3.0944, 3.1415,-0.1851,-0.2518, 4.6799
-0.0129, 0.0000, 3.0944, 3.1415,-0.1401,-0.0503, 2.9345
-0.0144, 0.0000, 3.0944, 3.1415,-0.1492,-0.0100,-0.1005
-0.0157, 0.0000, 3.0976, 3.1415,-0.1329, 0.2493,-4.6799
-0.0169, 0.0000, 3.0976, 3.1415,-0.1175, 0.0498,-1.6831
-0.0181, 0.0000, 3.0976, 3.1415,-0.1265, 0.0099,-0.5235
-0.0195, 0.0000, 3.0976, 3.1415,-0.1344, 0.0019,-0.9314
-0.0209, 0.0000, 3.0976, 3.1415,-0.1420, 0.0003,-1.6604
-0.0225, 0.0000, 3.0976, 3.1415,-0.1557, 0.0000,-2.9732
-0.0242, 0.0000, 3.0944, 3.1415,-0.1645,-0.2513, 4.6799
-0.0254, 0.0000, 3.0944, 3.1415,-0.1299,-0.0502, 2.2512
-0.0265, 0.0000, 3.0944, 3.1415,-0.1108,-0.0100, 1.6087
-0.0272, 0.0000, 3.0944, 3.1415,-0.0828,-0.0020, 3.4171
-0.0276, 0.0000, 3.0976, 3.1415,-0.0468, 0.2509,-4.6799
-0.0281, 0.0000, 3.1007, 3.1415,-0.0457, 0.3015,-4.6799
-0.0284, 0.0000, 3.1007, 3.1415,-0.0394, 0.0603, 1.9888
-0.0288, 0.0000, 3.1038, 3.1415,-0.0321, 0.2633,-4.6799
-0.0293, 0.0000, 3.1038, 3.1415,-0.0488, 0.0526, 0.6737
-0.0294, 0.0000, 3.1070, 3.1415,-0.0158, 0.2618,-4.6799
-0.0297, 0.0000, 3.1070, 3.1415,-0.0334, 0.0523, 1.0794
-0.0299, 0.0000, 3.1101, 3.1415,-0.0188, 0.2617,-4.6799
-0.0300, 0.0000, 3.1133, 3.1415,-0.0158, 0.3036,-4.6799
-0.0303, 0.0000, 3.1133, 3.1415,-0.0274, 0.0607,-0.5745
-0.0306, 0.0000, 3.1133, 3.1415,-0.0297, 0.0121, 1.7024
-0.0308, 0.0000, 3.1164, 3.1415,-0.0180, 0.2537,-4.6799
-0.0312, 0.0000, 3.1164, 3.1415,-0.0339, 0.0507,-1.5440
-0.0316, 0.0000, 3.1196, 3.1415,-0.0371, 0.2614,-4.6799
-0.0319, 0.0000, 3.1196, 3.1415,-0.0377, 0.0522,-2.8628
-0.0325, 0.0000, 3.1196, 3.1415,-0.0499, 0.0104,-1.7885
-0.0331, 0.0000, 3.1196, 3.1415,-0.0585, 0.0020,-2.1491
-0.0338, 0.0000, 3.1196, 3.1415,-0.0723, 0.0004,-3.3159
-0.0346, 0.0000, 3.1196, 3.1415,-0.0751, 0.0000,-3.6346
-0.0355, 0.0000, 3.1164, 3.1415,-0.0877,-0.2513, 4.6799
-0.0360, 0.0000, 3.1164, 3.1415,-0.0539,-0.0502, 1.3728
-0.0363, 0.0000, 3.1164, 3.1415,-0.0350,-0.0100, 0.7997
-0.0363, 0.0000, 3.1164, 3.1415,-0.0130,-0.0020, 2.1764
-0.0362, 0.0000, 3.1196, 3.1415, 0.0095, 0.2509,-4.6799
-0.0362, 0.0000, 3.1227, 3.1415, 0.0019, 0.3014,-4.6799
-0.0364, 0.0000, 3.1227, 3.1415,-0.0178, 0.0602,-3.1129
-0.0369, 0.0000, 3.1227, 3.1415,-0.0399, 0.0120,-2.5196
-0.0375, 0.0000, 3.1227, 3.1415,-0.0564, 0.0024,-3.4832
-0.0382, 0.0000, 3.1196, 3.1415,-0.0719,-0.2508, 4.6799
-0.0385, 0.0000, 3.1196, 3.1415,-0.0386,-0.0501, 1.3991
-0.0388, 0.0000, 3.1196, 3.1415,-0.0259,-0.0100, 0.3252
-0.0388, 0.0000, 3.1196, 3.1415,-0.0112,-0.0020, 1.0959
-0.0388, 0.0000, 3.1196, 3.1415, 0.0038,-0.0004, 2.2496
-0.0384, 0.0000, 3.1227, 3.1415, 0.0310, 0.2512,-4.6799
-0.0384, 0.0000, 3.1227, 3.1415, 0.0062, 0.0502,-0.9730
-0.0385, 0.0000, 3.1258, 3.1415,-0.0108, 0.2613,-4.6799
-0.0388, 0.0000, 3.1227, 3.1415,-0.0203,-0.1990, 4.6799
-0.0388, 0.0000, 3.1227, 3.1415,-0.0040,-0.0398, 2.7794
-0.0387, 0.0000, 3.1227, 3.1415, 0.0052,-0.0079, 1.8884
-0.0386, 0.0000, 3.1258, 3.1415, 0.0071, 0.2497,-4.6799
-0.0387, 0.0000, 3.1258, 3.1415,-0.0046, 0.0499,-2.7748
-0.0389, 0.0000, 3.1258, 3.1415,-0.0191, 0.0099,-1.9508
-0.0391, 0.0000, 3.1258, 3.1415,-0.0220, 0.0019,-1.8243
-0.0396, 0.0000, 3.1227, 3.1415,-0.0407,-0.2509, 4.6799
-0.0397, 0.0000, 3.1227, 3.1415,-0.0142,-0.0501, 2.2636
-0.0397, 0.0000, 3.1227, 3.1415,-0.0089,-0.0100, 0.5913
-0.0397, 0.0000, 3.1227, 3.1415, 0.0042,-0.0020, 1.2560
-0.0394, 0.0000, 3.1227, 3.1415, 0.0190,-0.0004, 2.4022
-0.0391, 0.0000, 3.1258, 3.1415, 0.0280, 0.2512,-4.6799
-0.0391, 0.0000, 3.1258, 3.1415, 0.0116, 0.0502,-1.6318
-0.0394, 0.0000, 3.1258, 3.1415,-0.0219, 0.0100,-2.3903
-0.0396, 0.0000, 3.1227, 3.1415,-0.0225,-0.2493, 4.6799
-0.0396, 0.0000, 3.1227, 3.1415,-0.0045,-0.0498, 2.9310
-0.0396, 0.0000, 3.1227, 3.1415,-0.0009,-0.0099, 1.1397
-0.0392, 0.0000, 3.1227, 3.1415, 0.0301,-0.0019, 3.3232
-0.0390, 0.0000, 3.1227, 3.1415, 0.0242,-0.0003, 2.7544
-0.0385, 0.0000, 3.1258, 3.1415, 0.0412, 0.2512,-4.6799
-0.0385, 0.0000, 3.1258, 3.1415, 0.0082, 0.0502,-1.9841
-0.0385, 0.0000, 3.1258, 3.1415, 0.0077, 0.0100, 0.0445
-0.0384, 0.0000, 3.1258, 3.1415, 0.0076, 0.0020, 0.4404
-0.0383, 0.0000, 3.1227, 3.1415, 0.0075,-0.2509, 4.6799
-0.0380, 0.0000, 3.1227, 3.1415, 0.0257,-0.0501, 4.6799
-0.0378, 0.0000, 3.1227, 3.1415, 0.0233,-0.0100, 3.2382
-0.0373, 0.0000, 3.1227, 3.1415, 0.0410,-0.0020, 4.3227
-0.0366, 0.0000, 3.1258, 3.1415, 0.0627, 0.2509,-4.6799
-0.0363, 0.0000, 3.1258, 3.1415, 0.0428, 0.0501, 1.0518
-0.0356, 0.0000, 3.1290, 3.1415, 0.0631, 0.2613,-4.6799
-0.0355, 0.0000, 3.1290, 3.1415, 0.0186, 0.0522,-1.8120
-0.0354, 0.0000, 3.1258, 3.1415, 0.0098,-0.2408, 4.6799
-0.0350, 0.0000, 3.1258, 3.1415, 0.0322,-0.0481, 4.6799
-0.0348, 0.0000, 3.1258, 3.1415, 0.0246,-0.0096, 2.7706
-0.0344, 0.0000, 3.1258, 3.1415, 0.0413,-0.0019, 3.7870
-0.0338, 0.0000, 3.1258, 3.1415, 0.0567,-0.0003, 4.6799
-0.0328, 0.0000, 3.1290, 3.1415, 0.0901, 0.2512,-4.6799
-0.0322, 0.0000, 3.1290, 3.1415, 0.0665, 0.0502, 2.5928
-0.0312, 0.0000, 3.1321, 3.1415, 0.0921, 0.2613,-4.6799
-0.0308, 0.0000, 3.1321, 3.1415, 0.0487, 0.0522, 0.3343
-0.0300, 0.0000, 3.1321, 3.1415, 0.0703, 0.0104, 4.3699
-0.0294, 0.0000, 3.1321, 3.1415, 0.0625, 0.0020, 4.2108
-0.0286, 0.0000, 3.1321, 3.1415, 0.0792, 0.0004, 4.6799
-0.0277, 0.0000, 3.1353, 3.1415, 0.0886, 0.2514,-4.6799
-0.0272, 0.0000, 3.1353, 3.1415, 0.0601, 0.0502, 0.9407
-0.0263, 0.0000, 3.1384, 3.1415, 0.0787, 0.2613,-4.6799
-0.0259, 0.0000, 3.1384, 3.1415, 0.0460, 0.0522,-1.0239
-0.0258, 0.0000, 3.1353, 3.1415, 0.0213,-0.2408, 4.6799
-0.0255, 0.0000, 3.1353, 3.1415, 0.0285,-0.0481, 3.5872
-0.0252, 0.0000, 3.1353, 3.1415, 0.0299,-0.0096, 1.7287
-0.0250, 0.0000, 3.1353, 3.1415, 0.0241,-0.0019, 0.8623
-0.0246, 0.0000, 3.1353, 3.1415, 0.0351,-0.0003, 1.7229
-0.0242, 0.0000, 3.1353, 3.1415, 0.0373,-0.0000, 1.9195
-0.0237, 0.0000, 3.1353, 3.1415, 0.0499,-0.0000, 3.0072
-0.0231, 0.0000, 3.1353, 3.1415, 0.0584,-0.0000, 3.7755
-0.0224, 0.0000, 3.1353, 3.1415, 0.0662,-0.0000, 4.4874
-0.0216, 0.0000, 3.1353, 3.1415, 0.0738,-0.0000, 4.6799
-0.0209, 0.0000, 3.1353, 3.1415, 0.0754,-0.0000, 4.6799
-0.0197, 0.0000, 3.1384, 3.1415, 0.1120, 0.2513,-4.6799
-0.0189, 0.0000, 3.1384, 3.1415, 0.0830, 0.0502, 2.8480
-0.0179, 0.0000, 3.1415, 3.1415, 0.0954, 0.2613,-4.6799
-0.0174, 0.0000, 3.1415, 3.1415, 0.0615, 0.0522, 0.3061
-0.0167, 0.0000, 3.1415, 3.1415, 0.0668, 0.0104, 2.9886
-0.0162, 0.0000, 3.1415, 3.1415, 0.0558, 0.0020, 2.5576
-0.0154, 0.0000, 3.1415, 3.1415, 0.0717, 0.0004, 4.0492
-0.0146, 0.0000, 3.1415, 3.1415, 0.0810, 0.0000, 4.6799
-0.0134, 0.0000, 3.1447, 3.1415, 0.1071, 0.2513,-4.6799
-0.0125, 0.0000, 3.1447, 3.1415, 0.0941, 0.0502, 2.8299
-0.0115, 0.0000, 3.1478, 3.1415, 0.0976, 0.2613,-4.6799
-0.0109, 0.0000, 3.1478, 3.1415, 0.0680, 0.0522,-0.0832
-0.0105, 0.0000, 3.1478, 3.1415, 0.0499, 0.0104, 0.6352
-0.0100, 0.0000, 3.1478, 3.1415, 0.0463, 0.0020, 0.8166
-0.0097, 0.0000, 3.1478, 3.1415, 0.0335, 0.0004,-0.1328
-0.0095, 0.0000, 3.1478, 3.1415, 0.0248, 0.0000,-0.8105
-0.0094, 0.0000, 3.1447, 3.1415, 0.0110,-0.2512, 4.6799
-0.0093, 0.0000, 3.1447, 3.1415, 0.0143,-0.0502, 1.7635
-0.0091, 0.0000, 3.1415, 3.1415, 0.0149,-0.2613, 4.6799
-0.0087, 0.0000, 3.1415, 3.1415, 0.0333,-0.0522, 4.3171
-0.0082, 0.0000, 3.1415, 3.1415, 0.0491,-0.0104, 3.5147
-0.0075, 0.0000, 3.1415, 3.1415, 0.0643,-0.0020, 4.4237
-0.0067, 0.0000, 3.1447, 3.1415, 0.0795, 0.2509,-4.6799
-0.0062, 0.0000, 3.1447, 3.1415, 0.0583, 0.0501, 0.5484
-0.0055, 0.0000, 3.1447, 3.1415, 0.0662, 0.0100, 3.3607
-0.0049, 0.0000, 3.1447, 3.1415, 0.0617, 0.0020, 3.4724
-0.0041, 0.0000, 3.1447, 3.1415, 0.0729, 0.0004, 4.5727
-0.0034, 0.0000, 3.1478, 3.1415, 0.0752, 0.2513,-4.6799
-0.0028, 0.0000, 3.1478, 3.1415, 0.0635, 0.0502, 0.5417
-0.0021, 0.0000, 3.1478, 3.1415, 0.0612, 0.0100, 2.5033
-0.0015, 0.0000, 3.1478, 3.1415, 0.0607, 0.0020, 2.9511
-0.0008, 0.0000, 3.1478, 3.1415, 0.0727, 0.0004, 4.1201
-0.0001, 0.0000, 3.1510, 3.1415, 0.0691, 0.2514,-4.6799
 0.0003, 0.0000, 3.1510, 3.1415, 0.0502, 0.0502,-1.0266
 0.0006, 0.0000, 3.1510, 3.1415, 0.0342, 0.0100,-0.2245
 0.0006, 0.0000, 3.1478, 3.1415, 0.0129,-0.2493, 4.6799
 0.0008, 0.0000, 3.1478, 3.1415, 0.0147,-0.0498, 2.1038
 0.0010, 0.0000, 3.1478, 3.1415, 0.0211,-0.0099, 0.5940
 0.0012, 0.0000, 3.1478, 3.1415, 0.0163,-0.0019,-0.1980
 0.0012, 0.0000, 3.1447, 3.1415, 0.0093,-0.2517, 4.6799
 0.0016, 0.0000, 3.1447, 3.1415, 0.0321,-0.0503, 4.4942
 0.0019, 0.0000, 3.1447, 3.1415, 0.0306,-0.0100, 2.3175
 0.0024, 0.0000, 3.1447, 3.1415, 0.0425,-0.0020, 2.9349
 0.0029, 0.0000, 3.1447, 3.1415, 0.0509,-0.0004, 3.6136
 0.0039, 0.0000, 3.1478, 3.1415, 0.0890, 0.2512,-4.6799
 0.0045, 0.0000, 3.1478, 3.1415, 0.0663, 0.0502, 1.6298
 0.0053, 0.0000, 3.1510, 3.1415, 0.0738, 0.2613,-4.6799
 0.0057, 0.0000, 3.1510, 3.1415, 0.0511, 0.0522,-0.4068
 0.0059, 0.0000, 3.1510, 3.1415, 0.0223, 0.0104,-0.6059
 0.0059, 0.0000, 3.1510, 3.1415, 0.0044, 0.0020,-1.6527
 0.0057, 0.0000, 3.1478, 3.1415,-0.0112,-0.2509, 4.6799
 0.0057, 0.0000, 3.1478, 3.1415,-0.0022,-0.0501, 1.3050
 0.0059, 0.0000, 3.1478, 3.1415, 0.0177,-0.0100, 0.9102
 0.0062, 0.0000, 3.1478, 3.1415, 0.0278,-0.0020, 1.3668
 0.0065, 0.0000, 3.1478, 3.1415, 0.0237,-0.0004, 0.9773
 0.0069, 0.0000, 3.1478, 3.1415, 0.0411,-0.0000, 2.4589
 0.0075, 0.0000, 3.1478, 3.1415, 0.0506,-0.0000, 3.3125
 0.0082, 0.0000, 3.1478, 3.1415, 0.0707,-0.0000, 4.6799
 0.0090, 0.0000, 3.1510, 3.1415, 0.0747, 0.2513,-4.6799
 0.0097, 0.0000, 3.1541, 3.1415, 0.0695, 0.3015,-4.6799
 0.0100, 0.0000, 3.1541, 3.1415, 0.0442, 0.0603,-1.6836
 0.0100, 0.0000, 3.1541, 3.1415, 0.0088, 0.0120,-2.1102
 0.0100, 0.0000, 3.1541, 3.1415,-0.0042, 0.0024,-2.7029
 0.0097, 0.0000, 3.1510, 3.1415,-0.0251,-0.2508, 4.6799
 0.0096, 0.0000, 3.1510, 3.1415,-0.0110,-0.0501, 0.2400
 0.0097, 0.0000, 3.1510, 3.1415, 0.0099,-0.0100,-0.0769
 0.0097, 0.0000, 3.1510, 3.1415, 0.0019,-0.0020,-1.1456
 0.0096, 0.0000, 3.1478, 3.1415,-0.0117,-0.2517, 4.6799
 0.0097, 0.0000, 3.1478, 3.1415, 0.0097,-0.0503, 2.8321
 0.0100, 0.0000, 3.1478, 3.1415, 0.0201,-0.0100, 1.6345
 0.0103, 0.0000, 3.1510, 3.1415, 0.0282, 0.2493,-4.6799
 0.0103, 0.0000, 3.1510, 3.1415, 0.0117, 0.0498,-2.9417
 0.0103, 0.0000, 3.1510, 3.1415, 0.0023, 0.0099,-1.6446
 0.0101, 0.0000, 3.1478, 3.1415,-0.0177,-0.2493, 4.6799
 0.0101, 0.0000, 3.1478, 3.1415,-0.0035,-0.0498, 1.7681
 0.0102, 0.0000, 3.1478, 3.1415, 0.0053,-0.0099, 0.4513
 0.0104, 0.0000, 3.1478, 3.1415, 0.0192,-0.0019, 1.2231
 0.0107, 0.0000, 3.1510, 3.1415, 0.0281, 0.2509,-4.6799
 0.0109, 0.0000, 3.1510, 3.1415, 0.0177, 0.0501,-2.3684
 0.0108, 0.0000, 3.1510, 3.1415,-0.0025, 0.0100,-1.9695
 0.0105, 0.0000, 3.1510, 3.1415,-0.0247, 0.0020,-3.4275
 0.0101, 0.0000, 3.1478, 3.1415,-0.0352,-0.2509, 4.6799
 0.0100, 0.0000, 3.1478, 3.1415,-0.0131,-0.0501, 1.0163
 0.0100, 0.0000, 3.1478, 3.1415,-0.0026,-0.0100,-0.1902
 0.0100, 0.0000, 3.1478, 3.1415,-0.0065,-0.0020,-0.9390
 0.0099, 0.0000, 3.1478, 3.1415,-0.0073,-0.0004,-1.0914
 0.0099, 0.0000, 3.1478, 3.1415,-0.0014,-0.0000,-0.6128
 0.0097, 0.0000, 3.1478, 3.1415,-0.0184,-0.0000,-2.0482
 0.0095, 0.0000, 3.1478, 3.1415,-0.0158,-0.0000,-1.8403
 0.0090, 0.0000, 3.1447, 3.1415,-0.0395,-0.2513, 4.6799
 0.0089, 0.0000, 3.1447, 3.1415,-0.0200,-0.0502, 1.1696
 0.0090, 0.0000, 3.1447, 3.1415, 0.0081,-0.0100, 1.4422
 0.0091, 0.0000, 3.1447, 3.1415, 0.0076,-0.0020, 1.0029
 0.0093, 0.0000, 3.1478, 3.1415, 0.0197, 0.2509,-4.6799
 0.0094, 0.0000, 3.1478, 3.1415, 0.0100, 0.0501,-2.2891
 0.0094, 0.0000, 3.1478, 3.1415, 0.0020, 0.0100,-0.8658
 0.0092, 0.0000, 3.1478, 3.1415,-0.0177, 0.0020,-2.1125
 0.0088, 0.0000, 3.1478, 3.1415,-0.0338, 0.0004,-3.4026
 0.0083, 0.0000, 3.1478, 3.1415,-0.0492, 0.0000,-4.6799
 0.0078, 0.0000, 3.1447, 3.1415,-0.0522,-0.2512, 4.6799
 0.0075, 0.0000, 3.1447, 3.1415,-0.0286,-0.0502, 0.3316
 0.0075, 0.0000, 3.1447, 3.1415,-0.0117,-0.0100,-0.3603
 0.0073, 0.0000, 3.1447, 3.1415,-0.0144,-0.0020,-1.0143
 0.0072, 0.0000, 3.1447, 3.1415,-0.0089,-0.0004,-0.6442
 0.0072, 0.0000, 3.1447, 3.1415,-0.0017,-0.0000,-0.0622
 0.0072, 0.0000, 3.1447, 3.1415,-0.0064,-0.0000,-0.4544
 0.0069, 0.0000, 3.1447, 3.1415,-0.0194,-0.0000,-1.5604
 0.0067, 0.0000, 3.1447, 3.1415,-0.0220,-0.0000,-1.7997
 0.0064, 0.0000, 3.1447, 3.1415,-0.0286,-0.0000,-2.3776
 0.0062, 0.0000, 3.1447, 3.1415,-0.0239,-0.0000,-2.0068
 0.0057, 0.0000, 3.1447, 3.1415,-0.0411,-0.0000,-3.4866
 0.0052, 0.0000, 3.1415, 3.1415,-0.0506,-0.2513, 4.6799
 0.0050, 0.0000, 3.1415, 3.1415,-0.0222,-0.0502, 1.4305
 0.0051, 0.0000, 3.1415, 3.1415, 0.0016,-0.0100, 1.3367
 0.0053, 0.0000, 3.1447, 3.1415, 0.0124, 0.2493,-4.6799
 0.0052, 0.0000, 3.1447, 3.1415,-0.0035, 0.0498,-3.0074
 0.0051, 0.0000, 3.1447, 3.1415,-0.0067, 0.0099,-1.2100
 0.0050, 0.0000, 3.1447, 3.1415,-0.0134, 0.0019,-1.3671
 0.0047, 0.0000, 3.1447, 3.1415,-0.0208, 0.0003,-1.9223
 0.0043, 0.0000, 3.1447, 3.1415,-0.0344, 0.0000,-3.0761
 0.0037, 0.0000, 3.1447, 3.1415,-0.0554, 0.0000,-4.6799
 0.0032, 0.0000, 3.1415, 3.1415,-0.0535,-0.2513, 4.6799
 0.0030, 0.0000, 3.1415, 3.1415,-0.0288,-0.0502, 0.6613
 0.0029, 0.0000, 3.1415, 3.1415,-0.0118,-0.0100,-0.0169
 0.0028, 0.0000, 3.1415, 3.1415,-0.0084,-0.0020,-0.1583
 0.0028, 0.0000, 3.1447, 3.1415,-0.0016, 0.2509,-4.6799
 0.0028, 0.0000, 3.1447, 3.1415,-0.0064, 0.0501,-3.5222
 0.0024, 0.0000, 3.1447, 3.1415,-0.0315, 0.0100,-3.5725
 0.0018, 0.0000, 3.1415, 3.1415,-0.0548,-0.2493, 4.6799
 0.0015, 0.0000, 3.1415, 3.1415,-0.0352,-0.0498,-0.0525
 0.0010, 0.0000, 3.1415, 3.1415,-0.0434,-0.0099,-2.8544
 0.0006, 0.0000, 3.1415, 3.1415,-0.0450,-0.0019, 0.0000
 0.0003, 0.0000, 3.1415, 3.1415,-0.0332,-0.0003, 0.0000
-0.0000, 0.0000, 3.1415, 3.1415,-0.0369,-0.0000, 0.0000
-0.0003, 0.0000, 3.1415, 3.1415,-0.0255,-0.0000, 0.0000
-0.0003, 0.0000, 3.1415, 3.1415,-0.0051,-0.0000, 0.0000
-0.0004, 0.0000, 3.1415, 3.1415,-0.0131,-0.0000, 0.0000
-0.0004, 0.0000, 3.1415, 3.1415,-0.0026,-0.0000, 0.0000
-0.0004, 0.0000, 3.1447, 3.1415,-0.0005, 0.2513,-4.6799
-0.0006, 0.0000, 3.1447, 3.1415,-0.0122, 0.0502,-4.4024
-0.0009, 0.0000, 3.1447, 3.1415,-0.0327, 0.0100,-4.0642
-0.0015, 0.0000, 3.1415, 3.1415,-0.0489,-0.2493, 4.6799
-0.0018, 0.0000, 3.1415, 3.1415,-0.0340,-0.0498,-0.3430
-0.0022, 0.0000, 3.1415, 3.1415,-0.0431,-0.0099,-3.2241
-0.0028, 0.0000, 3.1415, 3.1415,-0.0510,-0.0019,-4.3555
-0.0034, 0.0000, 3.1415, 3.1415,-0.0587,-0.0003,-4.6799
-0.0041, 0.0000, 3.1384, 3.1415,-0.0723,-0.2514, 4.6799
-0.0046, 0.0000, 3.1384, 3.1415,-0.0569,-0.0502,-1.7391
-0.0053, 0.0000, 3.1353, 3.1415,-0.0659,-0.2613, 4.6799
-0.0057, 0.0000, 3.1353, 3.1415,-0.0435,-0.0522, 0.1685
-0.0059, 0.0000, 3.1353, 3.1415,-0.0208,-0.0104,-0.1398
-0.0059, 0.0000, 3.1353, 3.1415,-0.0041,-0.0020, 0.8053
-0.0059, 0.0000, 3.1384, 3.1415,-0.0008, 0.2508,-4.6799
-0.0059, 0.0000, 3.1384, 3.1415,-0.0062, 0.0501,-2.9068
-0.0062, 0.0000, 3.1384, 3.1415,-0.0254, 0.0100,-2.4617
-0.0065, 0.0000, 3.1384, 3.1415,-0.0232, 0.0020,-1.8919
-0.0069, 0.0000, 3.1384, 3.1415,-0.0410, 0.0004,-3.3374
-0.0077, 0.0000, 3.1353, 3.1415,-0.0688,-0.2512, 4.6799
-0.0079, 0.0000, 3.1353, 3.1415,-0.0319,-0.0502, 0.7422
-0.0081, 0.0000, 3.1353, 3.1415,-0.0245,-0.0100,-0.7615
-0.0083, 0.0000, 3.1353, 3.1415,-0.0170,-0.0020,-0.5752
-0.0084, 0.0000, 3.1353, 3.1415,-0.0094,-0.0004,-0.0439
-0.0085, 0.0000, 3.1353, 3.1415,-0.0140,-0.0000,-0.4602
-0.0087, 0.0000, 3.1353, 3.1415,-0.0209,-0.0000,-1.0732
-0.0088, 0.0000, 3.1353, 3.1415,-0.0102,-0.0000,-0.1971
-0.0092, 0.0000, 3.1353, 3.1415,-0.0323,-0.0000,-2.0802
-0.0096, 0.0000, 3.1353, 3.1415,-0.0367,-0.0000,-2.4961
-0.0098, 0.0000, 3.1353, 3.1415,-0.0255,-0.0000,-1.5952
-0.0102, 0.0000, 3.1353, 3.1415,-0.0354,-0.0000,-2.4641
-0.0106, 0.0000, 3.1353, 3.1415,-0.0434,-0.0000,-3.1895
-0.0112, 0.0000, 3.1321, 3.1415,-0.0511,-0.2513, 4.6799
-0.0114, 0.0000, 3.1321, 3.1415,-0.0284,-0.0502, 1.3899
-0.0114, 0.0000, 3.1321, 3.1415,-0.0056,-0.0100, 1.1838
-0.0113, 0.0000, 3.1321, 3.1415, 0.0049,-0.0020, 1.6494
-0.0113, 0.0000, 3.1353, 3.1415, 0.0009, 0.2509,-4.6799
-0.0112, 0.0000, 3.1353, 3.1415, 0.0123, 0.0501,-1.2507
-0.0112, 0.0000, 3.1353, 3.1415, 0.0024, 0.0100, 0.0077
-0.0112, 0.0000, 3.1353, 3.1415,-0.0055, 0.0020,-0.2573
-0.0113, 0.0000, 3.1353, 3.1415,-0.0071, 0.0004,-0.3223
-0.0115, 0.0000, 3.1353, 3.1415,-0.0196, 0.0000,-1.3710
-0.0115, 0.0000, 3.1353, 3.1415,-0.0039, 0.0000,-0.0715
-0.0117, 0.0000, 3.1353, 3.1415,-0.0129, 0.0000,-0.8403
-0.0118, 0.0000, 3.1353, 3.1415,-0.0147, 0.0000,-1.0134
-0.0120, 0.0000, 3.1353, 3.1415,-0.0150, 0.0000,-1.0673
-0.0123, 0.0000, 3.1353, 3.1415,-0.0272, 0.0000,-2.1211
-0.0126, 0.0000, 3.1353, 3.1415,-0.0297, 0.0000,-2.3655
-0.0129, 0.0000, 3.1353, 3.1415,-0.0301, 0.0000,-2.4482
-0.0134, 0.0000, 3.1321, 3.1415,-0.0424,-0.2513, 4.6799
-0.0136, 0.0000, 3.1321, 3.1415,-0.0266,-0.0502, 1.1825
-0.0134, 0.0000, 3.1321, 3.1415, 0.0067,-0.0100, 1.8831
-0.0134, 0.0000, 3.1321, 3.1415, 0.0074,-0.0020, 1.5197
-0.0131, 0.0000, 3.1353, 3.1415, 0.0196, 0.2509,-4.6799
-0.0130, 0.0000, 3.1353, 3.1415, 0.0160, 0.0501,-1.2520
-0.0131, 0.0000, 3.1353, 3.1415,-0.0028, 0.0100,-0.7545
-0.0131, 0.0000, 3.1353, 3.1415,-0.0066, 0.0020,-0.6677
-0.0134, 0.0000, 3.1353, 3.1415,-0.0195, 0.0004,-1.6869
-0.0137, 0.0000, 3.1321, 3.1415,-0.0342,-0.2512, 4.6799
-0.0137, 0.0000, 3.1321, 3.1415,-0.0068,-0.0502, 2.7581
-0.0136, 0.0000, 3.1321, 3.1415, 0.0107,-0.0100, 2.1432
-0.0134, 0.0000, 3.1321, 3.1415, 0.0142,-0.0020, 2.0284
-0.0130, 0.0000, 3.1353, 3.1415, 0.0392, 0.2509,-4.6799
-0.0127, 0.0000, 3.1353, 3.1415, 0.0321, 0.0501, 0.0624
-0.0124, 0.0000, 3.1353, 3.1415, 0.0306, 0.0100, 2.0548
-0.0118, 0.0000, 3.1384, 3.1415, 0.0485, 0.2533,-4.6799
-0.0118, 0.0000, 3.1384, 3.1415, 0.0097, 0.0506,-2.5539
-0.0119, 0.0000, 3.1384, 3.1415,-0.0041, 0.0101,-1.6147
-0.0120, 0.0000, 3.1384, 3.1415,-0.0068, 0.0020,-1.4392
-0.0124, 0.0000, 3.1353, 3.1415,-0.0316,-0.2509, 4.6799
-0.0123, 0.0000, 3.1353, 3.1415,-0.0002,-0.0501, 2.5931
-0.0123, 0.0000, 3.1353, 3.1415,-0.0000,-0.0100, 0.5223
-0.0122, 0.0000, 3.1353, 3.1415, 0.0060,-0.0020, 0.6146
-0.0116, 0.0000, 3.1384, 3.1415, 0.0497, 0.2509,-4.6799
-0.0115, 0.0000, 3.1384, 3.1415, 0.0220, 0.0501,-1.4999
-0.0115, 0.0000, 3.1384, 3.1415, 0.0044, 0.0100,-0.8886
-0.0115, 0.0000, 3.1384, 3.1415,-0.0051, 0.0020,-1.2832
-0.0120, 0.0000, 3.1353, 3.1415,-0.0374,-0.2509, 4.6799
-0.0119, 0.0000, 3.1353, 3.1415,-0.0014,-0.0501, 2.5031
-0.0118, 0.0000, 3.1353, 3.1415, 0.0057,-0.0100, 1.0202
-0.0118, 0.0000, 3.1353, 3.1415, 0.0011,-0.0020, 0.2137
-0.0112, 0.0000, 3.1353, 3.1415, 0.0487,-0.0004, 4.1418
-0.0108, 0.0000, 3.1384, 3.1415, 0.0461, 0.2512,-4.6799
-0.0106, 0.0000, 3.1384, 3.1415, 0.0213, 0.0502,-1.5106
-0.0104, 0.0000, 3.1384, 3.1415, 0.0224, 0.0100, 0.6868
-0.0105, 0.0000, 3.1384, 3.1415,-0.0015, 0.0020,-0.9043
-0.0105, 0.0000, 3.1384, 3.1415,-0.0003, 0.0004,-0.7224
-0.0106, 0.0000, 3.1353, 3.1415,-0.0061,-0.2512, 4.6799
-0.0108, 0.0000, 3.1353, 3.1415,-0.0194,-0.0502, 1.0968
-0.0106, 0.0000, 3.1353, 3.1415, 0.0082,-0.0100, 1.3180
-0.0103, 0.0000, 3.1353, 3.1415, 0.0259,-0.0020, 2.3954
-0.0099, 0.0000, 3.1384, 3.1415, 0.0415, 0.2509,-4.6799
-0.0097, 0.0000, 3.1384, 3.1415, 0.0204, 0.0501,-1.5179
-0.0097, 0.0000, 3.1384, 3.1415, 0.0101, 0.0100,-0.2856
-0.0098, 0.0000, 3.1353, 3.1415,-0.0100,-0.2493, 4.6799
-0.0098, 0.0000, 3.1353, 3.1415,-0.0020,-0.0498, 2.6064
-0.0097, 0.0000, 3.1353, 3.1415, 0.0056,-0.0099, 1.1778
-0.0095, 0.0000, 3.1353, 3.1415, 0.0193,-0.0019, 1.9185
-0.0090, 0.0000, 3.1353, 3.1415, 0.0402,-0.0003, 3.6191
-0.0084, 0.0000, 3.1384, 3.1415, 0.0565, 0.2512,-4.6799
-0.0081, 0.0000, 3.1384, 3.1415, 0.0416, 0.0502, 0.3987
-0.0078, 0.0000, 3.1384, 3.1415, 0.0325, 0.0100, 1.7638
-0.0074, 0.0000, 3.1384, 3.1415, 0.0368, 0.0020, 2.5735
-0.0069, 0.0000, 3.1415, 3.1415, 0.0437, 0.2517,-4.6799
-0.0066, 0.0000, 3.1415, 3.1415, 0.0330, 0.0503,-0.9851
-0.0066, 0.0000, 3.1415, 3.1415, 0.0066, 0.0100,-1.0899
-0.0068, 0.0000, 3.1415, 3.1415,-0.0108, 0.0020,-2.1374
-0.0070, 0.0000, 3.1384, 3.1415,-0.0203,-0.2509, 4.6799
-0.0071, 0.0000, 3.1384, 3.1415,-0.0101,-0.0501, 1.4047
-0.0070, 0.0000, 3.1384, 3.1415, 0.0040,-0.0100, 0.5027
-0.0068, 0.0000, 3.1384, 3.1415, 0.0189,-0.0020, 1.3499
-0.0064, 0.0000, 3.1384, 3.1415, 0.0341,-0.0004, 2.5612
-0.0059, 0.0000, 3.1384, 3.1415, 0.0432,-0.0000, 3.3477
-0.0054, 0.0000, 3.1384, 3.1415, 0.0510,-0.0000, 4.0566
-0.0049, 0.0000, 3.1415, 3.1415, 0.0526, 0.2513,-4.6799
-0.0045, 0.0000, 3.1415, 3.1415, 0.0408, 0.0502,-0.1156
-0.0042, 0.0000, 3.1415, 3.1415, 0.0324, 0.0100, 1.3039
-0.0040, 0.0000, 3.1415, 3.1415, 0.0246, 0.0020, 1.1024
-0.0038, 0.0000, 3.1415, 3.1415, 0.0170, 0.0004, 0.5696
-0.0037, 0.0000, 3.1415, 3.1415, 0.0155, 0.0000, 0.4755
-0.0034, 0.0000, 3.1415, 3.1415, 0.0212, 0.0000, 0.9810
-0.0031, 0.0000, 3.1415, 3.1415, 0.0285, 0.0000, 1.6136
-0.0028, 0.0000, 3.1415, 3.1415, 0.0360, 0.0000, 2.2788
-0.0024, 0.0000, 3.1447, 3.1415, 0.0375, 0.2513,-4.6799
-0.0022, 0.0000, 3.1447, 3.1415, 0.0196, 0.0502,-2.4457
-0.0022, 0.0000, 3.1447, 3.1415, 0.0039, 0.0100,-1.6639
-0.0025, 0.0000, 3.1415, 3.1415,-0.0174,-0.2493, 4.6799
-0.0026, 0.0000, 3.1415, 3.1415,-0.0156,-0.0498, 0.5959
-0.0026, 0.0000, 3.1384, 3.1415,-0.0031,-0.2613, 4.6799
-0.0024, 0.0000, 3.1384, 3.1415, 0.0175,-0.0522, 4.3150
-0.0020, 0.0000, 3.1415, 3.1415, 0.0338, 0.2408,-4.6799
-0.0018, 0.0000, 3.1415, 3.1415, 0.0249, 0.0481,-1.0301
-0.0018, 0.0000, 3.1415, 3.1415, 0.0049, 0.0096,-0.6882
-0.0020, 0.0000, 3.1384, 3.1415,-0.0171,-0.2494, 4.6799
-0.0021, 0.0000, 3.1384, 3.1415,-0.0095,-0.0498, 1.9780
-0.0019, 0.0000, 3.1384, 3.1415, 0.0102,-0.0099, 1.5612
-0.0018, 0.0000, 3.1384, 3.1415, 0.0141,-0.0019, 1.4911
-0.0015, 0.0000, 3.1384, 3.1415, 0.0210,-0.0003, 2.0022
-0.0012, 0.0000, 3.1384, 3.1415, 0.0345,-0.0000, 3.1486
-0.0006, 0.0000, 3.1384, 3.1415, 0.0493,-0.0000, 4.4363
-0.0000, 0.0000, 3.1415, 3.1415, 0.0583, 0.2513, 0.0000
 0.0004, 0.0000, 3.1415, 3.1415, 0.0541, 0.0502, 0.0000
 0.0009, 0.0000, 3.1447, 3.1415, 0.0532, 0.2613,-4.6799
 0.0013, 0.0000, 3.1447, 3.1415, 0.0409, 0.0522,-0.3691
 0.0014, 0.0000, 3.1447, 3.1415, 0.0142, 0.0104,-0.4064
 0.0012, 0.0000, 3.1447, 3.1415,-0.0153, 0.0020,-2.4534
 0.0009, 0.0000, 3.1415, 3.1415,-0.0273,-0.2509, 0.0000
 0.0006, 0.0000, 3.1415, 3.1415,-0.0297,-0.0501, 0.0000
 0.0004, 0.0000, 3.1384, 3.1415,-0.0180,-0.2613, 4.6799
 0.0003, 0.0000, 3.1384, 3.1415,-0.0096,-0.0522, 2.3753
 0.0005, 0.0000, 3.1384, 3.1415, 0.0101,-0.0104, 1.8723
 0.0008, 0.0000, 3.1384, 3.1415, 0.0262,-0.0020, 2.8097
 0.0013, 0.0000, 3.1384, 3.1415, 0.0477,-0.0004, 4.5613
 0.0019, 0.0000, 3.1415, 3.1415, 0.0580, 0.2512,-4.6799
 0.0023, 0.0000, 3.1415, 3.1415, 0.0419, 0.0502, 0.7515
 0.0028, 0.0000, 3.1415, 3.1415, 0.0508, 0.0100, 3.6382
 0.0034, 0.0000, 3.1447, 3.1415, 0.0526, 0.2533,-4.6799
 0.0037, 0.0000, 3.1447, 3.1415, 0.0347, 0.0506,-0.5197
 0.0037, 0.0000, 3.1447, 3.1415, 0.0130, 0.0101,-0.2113
 0.0037, 0.0000, 3.1447, 3.1415,-0.0034, 0.0020,-1.1645
 0.0035, 0.0000, 3.1415, 3.1415,-0.0128,-0.2509, 4.6799
 0.0035,-0.1500, 3.1415, 3.1415,-0.0025,-0.0501, 4.6799
 0.0038,-0.1500, 3.1415, 3.1415, 0.0237,-0.0100, 4.6799
 0.0043,-0.1500, 3.1415, 3.1415, 0.0411,-0.0020, 4.6799
 0.0050,-0.1500, 3.1447, 3.1415, 0.0627, 0.2509, 4.6799
 0.0060,-0.1500, 3.1478, 3.1415, 0.0974, 0.3014, 4.6799
 0.0073,-0.1500, 3.1510, 3.1415, 0.1225, 0.3116, 4.6799
 0.0087,-0.1500, 3.1541, 3.1415, 0.1336, 0.3136, 4.6799
 0.0102,-0.1500, 3.1604, 3.1415, 0.1479, 0.5653,-3.7118
 0.0116,-0.1500, 3.1635, 3.1415, 0.1448, 0.3643, 4.6799
 0.0133,-0.1500, 3.1698, 3.1415, 0.1623, 0.5755,-4.6799
 0.0144,-0.1500, 3.1730, 3.1415, 0.1234, 0.3664, 1.8781
 0.0158,-0.1500, 3.1761, 3.1415, 0.1338, 0.3246, 4.3419
 0.0171,-0.1500, 3.1792, 3.1415, 0.1298, 0.3162, 3.8694
 0.0184,-0.1500, 3.1855, 3.1415, 0.1290, 0.5658,-4.6799
 0.0194,-0.1500, 3.1887, 3.1415, 0.1046, 0.3645,-2.8243
 0.0201,-0.1500, 3.1918, 3.1415, 0.0815, 0.3242,-3.2854
 0.0205,-0.1500, 3.1949, 3.1415, 0.0466, 0.3161,-4.6799
 0.0206,-0.1500, 3.1949, 3.1415, 0.0153, 0.0632, 4.0916
 0.0207,-0.1500, 3.1949, 3.1415, 0.0152, 0.0126, 4.6799
 0.0209,-0.1500, 3.1981, 3.1415, 0.0151, 0.2538,-4.6799
 0.0208,-0.1500, 3.1981, 3.1415,-0.0030, 0.0507, 2.5120
 0.0210,-0.1500, 3.2012, 3.1415, 0.0175, 0.2614,-4.6799
 0.0209,-0.1500, 3.2012, 3.1415,-0.0025, 0.0522, 1.7666
 0.0209,-0.1500, 3.2044, 3.1415,-0.0005, 0.2618,-4.6799
 0.0209,-0.1500, 3.2044, 3.1415,-0.0061, 0.0523, 0.7298
 0.0209,-0.1500, 3.2075, 3.1415,-0.0012, 0.2618,-4.6799
 0.0207,-0.1500, 3.2107, 3.1415,-0.0123, 0.3036,-4.6799
 0.0204,-0.1500, 3.2107, 3.1415,-0.0267, 0.0607,-3.0051
 0.0199,-0.1500, 3.2138, 3.1415,-0.0477, 0.2634,-4.6799
 0.0191,-0.1500, 3.2138, 3.1415,-0.0701, 0.0526,-4.6799
 0.0182,-0.1500, 3.2138, 3.1415,-0.0867, 0.0105,-4.6799
 0.0171,-0.1500, 3.2138, 3.1415,-0.1083, 0.0021,-4.6799
 0.0157,-0.1500, 3.2138, 3.1415,-0.1308, 0.0004,-4.6799
 0.0142,-0.1500, 3.2138, 3.1415,-0.1474, 0.0000,-4.6799
 0.0125,-0.1500, 3.2107, 3.1415,-0.1689,-0.2513, 0.5508
 0.0109,-0.1500, 3.2107, 3.1415,-0.1550,-0.0502,-4.6799
 0.0093,-0.1500, 3.2107, 3.1415,-0.1644,-0.0100,-4.6799
 0.0074,-0.1500, 3.2107, 3.1415,-0.1844,-0.0020,-4.6799
 0.0056,-0.1500, 3.2107, 3.1415,-0.1824,-0.0004,-4.6799
 0.0035,-0.1500, 3.2075, 3.1415,-0.2001,-0.2513,-2.1706
 0.0014,-0.1500, 3.2075, 3.1415,-0.2098,-0.0502,-4.6799
-0.0008,-0.1500, 3.2075, 3.1415,-0.2238,-0.0100,-4.6799
-0.0034,-0.1500, 3.2044, 3.1415,-0.2509,-0.2533,-4.6799
-0.0060,-0.1500, 3.2012, 3.1415,-0.2624,-0.3020,-4.1048
-0.0087,-0.1500, 3.2012, 3.1415,-0.2707,-0.0604,-4.6799
-0.0116,-0.1500, 3.1981, 3.1415,-0.2845,-0.2633,-4.6799
-0.0146,-0.1500, 3.1949, 3.1415,-0.2933,-0.3040,-4.6799
-0.0178,-0.1500, 3.1918, 3.1415,-0.3133,-0.3121,-4.6799
-0.0210,-0.1500, 3.1887, 3.1415,-0.3233,-0.3137,-4.6799
-0.0244,-0.1500, 3.1855, 3.1415,-0.3375,-0.3141,-4.6799
-0.0281,-0.1500, 3.1792, 3.1415,-0.3646,-0.5654, 4.3113
-0.0313,-0.1500, 3.1761, 3.1415,-0.3275,-0.3644,-2.5314
-0.0347,-0.1500, 3.1730, 3.1415,-0.3383,-0.3242,-4.6799
-0.0382,-0.1500, 3.1698, 3.1415,-0.3465,-0.3161,-4.6799
-0.0417,-0.1500, 3.1667, 3.1415,-0.3482,-0.3145,-4.6799
-0.0455,-0.1500, 3.1635, 3.1415,-0.3728,-0.3142,-4.6799
-0.0492,-0.1500, 3.1573, 3.1415,-0.3716,-0.5654, 4.6799
-0.0525,-0.1500, 3.1541, 3.1415,-0.3411,-0.3644,-0.3309
-0.0561,-0.1500, 3.1510, 3.1415,-0.3532,-0.3241,-2.9630
-0.0596,-0.1500, 3.1478, 3.1415,-0.3495,-0.3161,-2.6119
-0.0629,-0.1500, 3.1447, 3.1415,-0.3306,-0.3145,-0.6390
-0.0664,-0.1500, 3.1447, 3.1415,-0.3511,-0.0629,-4.6799
-0.0698,-0.1500, 3.1415, 3.1415,-0.3430,-0.2639,-4.2425
-0.0735,-0.1500, 3.1353, 3.1415,-0.3596,-0.5554, 4.6799
-0.0767,-0.1500, 3.1353, 3.1415,-0.3265,-0.1110,-4.6799
-0.0798,-0.1500, 3.1321, 3.1415,-0.3199,-0.2735,-0.4928
-0.0833,-0.1500, 3.1290, 3.1415,-0.3429,-0.3060,-0.2589
-0.0865,-0.1500, 3.1258, 3.1415,-0.3232,-0.3125, 2.1939
-0.0895,-0.1500, 3.1258, 3.1415,-0.3011,-0.0625,-4.6799
-0.0925,-0.1500, 3.1227, 3.1415,-0.3027,-0.2638, 1.5234
-0.0949,-0.1500, 3.1227, 3.1415,-0.2545,-0.0527,-4.6799
-0.0978,-0.1500, 3.1227, 3.1415,-0.2813,-0.0105,-4.6799
-0.1006,-0.1500, 3.1227, 3.1415,-0.2806,-0.0021,-4.6799
-0.1035,-0.1500, 3.1196, 3.1415,-0.2865,-0.2517, 1.8137
-0.1061,-0.1500, 3.1196, 3.1415,-0.2695,-0.0503,-4.6799
-0.1089,-0.1500, 3.1164, 3.1415,-0.2721,-0.2614, 3.7227
-0.1114,-0.1500, 3.1164, 3.1415,-0.2545,-0.0522,-4.6799
-0.1139,-0.1500, 3.1164, 3.1415,-0.2509,-0.0104,-4.6799
-0.1164,-0.1500, 3.1164, 3.1415,-0.2563,-0.0020,-4.6799
-0.1191,-0.1500, 3.1164, 3.1415,-0.2634,-0.0004,-4.6799
-0.1220,-0.1500, 3.1133, 3.1415,-0.2831,-0.2514, 1.6148
-0.1246,-0.1500, 3.1101, 3.1415,-0.2627,-0.3016, 4.6799
-0.1268,-0.1500, 3.1101, 3.1415,-0.2344,-0.0603,-3.9919
-0.1293,-0.1500, 3.1101, 3.1415,-0.2409,-0.0120,-4.6799
-0.1318,-0.1500, 3.1101, 3.1415,-0.2482,-0.0024,-4.6799
-0.1343,-0.1500, 3.1070, 3.1415,-0.2497,-0.2517, 4.6381
-0.1363,-0.1500, 3.1070, 3.1415,-0.2136,-0.0503,-3.0460
-0.1386,-0.1500, 3.1070, 3.1415,-0.2246,-0.0100,-4.6799
-0.1412,-0.1500, 3.1070, 3.1415,-0.2571,-0.0020,-4.6799
-0.1437,-0.1500, 3.1038, 3.1415,-0.2515,-0.2517, 4.2202
-0.1458,-0.1500, 3.1007, 3.1415,-0.2140,-0.3016, 4.6799
-0.1477,-0.1500, 3.1007, 3.1415,-0.2004,-0.0603,-1.1166
-0.1496,-0.1500, 3.1007, 3.1415,-0.1916,-0.0120,-3.1113
-0.1515,-0.1500, 3.1007, 3.1415,-0.1899,-0.0024,-3.6865
-0.1535,-0.1500, 3.1007, 3.1415,-0.1956,-0.0004,-4.4906
-0.1556,-0.1500, 3.1007, 3.1415,-0.2028,-0.0000,-4.6799
-0.1578,-0.1500, 3.0976, 3.1415,-0.2224,-0.2513, 4.6799
-0.1598,-0.1500, 3.0976, 3.1415,-0.2021,-0.0502,-2.3636
-0.1621,-0.1500, 3.0944, 3.1415,-0.2223,-0.2613, 4.6799
-0.1637,-0.1500, 3.0944, 3.1415,-0.1778,-0.0522, 0.1090
-0.1653,-0.1500, 3.0944, 3.1415,-0.1568,-0.0104,-0.5002
-0.1668,-0.1500, 3.0944, 3.1415,-0.1586,-0.0020,-1.2816
-0.1683,-0.1500, 3.0944, 3.1415,-0.1469,-0.0004,-0.5699
-0.1696,-0.1500, 3.0944, 3.1415,-0.1324,-0.0000, 0.4538
-0.1706,-0.1500, 3.0944, 3.1415,-0.1113,-0.0000, 2.0656
-0.1713,-0.1500, 3.0976, 3.1415,-0.0768, 0.2513,-4.6799
-0.1724,-0.1500, 3.0976, 3.1415,-0.1002, 0.0502,-0.6514
-0.1734,-0.1500, 3.0976, 3.1415,-0.1049, 0.0100, 0.9102
-0.1739,-0.1500, 3.1007, 3.1415,-0.0573, 0.2533,-4.6799
-0.1748,-0.1500, 3.1007, 3.1415,-0.0842, 0.0506,-0.4680
-0.1757,-0.1500, 3.1007, 3.1415,-0.0896, 0.0101, 1.0694
-0.1765,-0.1500, 3.1038, 3.1415,-0.0846, 0.2533,-4.6799
-0.1773,-0.1500, 3.1038, 3.1415,-0.0775, 0.0506,-1.0506
-0.1782,-0.1500, 3.1038, 3.1415,-0.0882, 0.0101, 0.0424
-0.1789,-0.1500, 3.1038, 3.1415,-0.0722, 0.0020, 1.6994
-0.1793,-0.1500, 3.1070, 3.1415,-0.0447, 0.2517,-4.6799
-0.1800,-0.1500, 3.1070, 3.1415,-0.0635, 0.0503,-1.0420
-0.1805,-0.1500, 3.1070, 3.1415,-0.0551, 0.0100, 1.6638
-0.1809,-0.1500, 3.1101, 3.1415,-0.0413, 0.2533,-4.6799
-0.1815,-0.1500, 3.1101, 3.1415,-0.0567, 0.0506,-1.5259
-0.1819,-0.1500, 3.1101, 3.1415,-0.0477, 0.0101, 1.2563
-0.1824,-0.1500, 3.1133, 3.1415,-0.0459, 0.2533,-4.6799
-0.1828,-0.1500, 3.1133, 3.1415,-0.0455, 0.0506,-1.6074
-0.1834,-0.1500, 3.1133, 3.1415,-0.0576, 0.0101,-0.5933
-0.1840,-0.1500, 3.1133, 3.1415,-0.0539, 0.0020, 0.0502
-0.1843,-0.1500, 3.1133, 3.1415,-0.0350, 0.0004, 1.6501
-0.1844,-0.1500, 3.1164, 3.1415,-0.0191, 0.2514,-4.6799
-0.1847,-0.1500, 3.1164, 3.1415,-0.0280, 0.0502,-1.2485
-0.1850,-0.1500, 3.1196, 3.1415,-0.0238, 0.2613,-4.6799
-0.1853,-0.1500, 3.1196, 3.1415,-0.0290, 0.0522,-2.3280
-0.1856,-0.1500, 3.1196, 3.1415,-0.0300, 0.0104,-0.2998
-0.1860,-0.1500, 3.1196, 3.1415,-0.0423, 0.0020,-0.9615
-0.1867,-0.1500, 3.1196, 3.1415,-0.0630, 0.0004,-2.6876
-0.1872,-0.1500, 3.1196, 3.1415,-0.0550, 0.0000,-2.0888
-0.1878,-0.1500, 3.1196, 3.1415,-0.0595, 0.0000,-2.5465
-0.1884,-0.1500, 3.1196, 3.1415,-0.0604, 0.0000,-2.7112
-0.1893,-0.1500, 3.1196, 3.1415,-0.0787, 0.0000,-4.3528
-0.1901,-0.1500, 3.1164, 3.1415,-0.0824,-0.2513, 4.6799
-0.1905,-0.1500, 3.1164, 3.1415,-0.0468,-0.0502, 1.5621
-0.1907,-0.1500, 3.1164, 3.1415,-0.0275,-0.0100, 1.0250
-0.1908,-0.1500, 3.1164, 3.1415,-0.0115,-0.0020, 1.9022
-0.1906,-0.1500, 3.1196, 3.1415, 0.0158, 0.2509,-4.6799
-0.1906,-0.1500, 3.1196, 3.1415, 0.0031, 0.0501,-0.3953
-0.1906,-0.1500, 3.1196, 3.1415, 0.0006, 0.0100, 1.4541
-0.1905,-0.1500, 3.1227, 3.1415, 0.0061, 0.2533,-4.6799
-0.1908,-0.1500, 3.1227, 3.1415,-0.0230, 0.0506,-3.4815
-0.1912,-0.1500, 3.1227, 3.1415,-0.0349, 0.0101,-2.4332
-0.1916,-0.1500, 3.1227, 3.1415,-0.0433, 0.0020,-2.7887
-0.1922,-0.1500, 3.1196, 3.1415,-0.0511,-0.2509, 4.6799
-0.1923,-0.1500, 3.1196, 3.1415,-0.0223,-0.0501, 2.3781
-0.1925,-0.1500, 3.1196, 3.1415,-0.0165,-0.0100, 0.7324
-0.1923,-0.1500, 3.1196, 3.1415, 0.0088,-0.0020, 2.4176
-0.1919,-0.1500, 3.1227, 3.1415, 0.0320, 0.2509,-4.6799
-0.1919,-0.1500, 3.1227, 3.1415, 0.0064, 0.0501,-1.2846
-0.1920,-0.1500, 3.1227, 3.1415,-0.0047, 0.0100,-0.1629
-0.1922,-0.1500, 3.1227, 3.1415,-0.0191, 0.0020,-0.9875
-0.1925,-0.1500, 3.1227, 3.1415,-0.0220, 0.0004,-1.1923
-0.1928,-0.1500, 3.1196, 3.1415,-0.0286,-0.2512, 4.6799
-0.1928,-0.1500, 3.1196, 3.1415,-0.0117,-0.0502, 3.0334
-0.1928,-0.1500, 3.1196, 3.1415, 0.0037,-0.0100, 2.2194
-0.1926,-0.1500, 3.1196, 3.1415, 0.0128,-0.0020, 2.5568
-0.1922,-0.1500, 3.1196, 3.1415, 0.0328,-0.0004, 4.1552
-0.1916,-0.1500, 3.1227, 3.1415, 0.0550, 0.2512,-4.6799
-0.1915,-0.1500, 3.1227, 3.1415, 0.0231, 0.0502,-0.0332
-0.1913,-0.1500, 3.1227, 3.1415, 0.0167, 0.0100, 1.5166
-0.1912,-0.1500, 3.1227, 3.1415, 0.0094, 0.0020, 1.3108
-0.1911,-0.1500, 3.1227, 3.1415, 0.0140, 0.0004, 1.7703
-0.1907,-0.1500, 3.1227, 3.1415, 0.0331, 0.0000, 3.3939
-0.1904,-0.1500, 3.1227, 3.1415, 0.0308, 0.0000, 3.2242
-0.1899,-0.1500, 3.1258, 3.1415, 0.0486, 0.2513,-4.6799
-0.1895,-0.1500, 3.1258, 3.1415, 0.0400, 0.0502, 0.6437
-0.1890,-0.1500, 3.1258, 3.1415, 0.0504, 0.0100, 3.6332
-0.1884,-0.1500, 3.1258, 3.1415, 0.0585, 0.0020, 4.6799
-0.1877,-0.1500, 3.1290, 3.1415, 0.0662, 0.2517,-4.6799
-0.1874,-0.1500, 3.1290, 3.1415, 0.0375, 0.0503,-0.1844
-0.1871,-0.1500, 3.1290, 3.1415, 0.0317, 0.0100, 1.4420
-0.1869,-0.1500, 3.1290, 3.1415, 0.0245, 0.0020, 1.2674
-0.1864,-0.1500, 3.1290, 3.1415, 0.0412, 0.0004, 2.7730
-0.1859,-0.1500, 3.1290, 3.1415, 0.0507, 0.0000, 3.6123
-0.1855,-0.1500, 3.1321, 3.1415, 0.0404, 0.2513,-4.6799
-0.1852,-0.1500, 3.1321, 3.1415, 0.0323, 0.0502,-1.2719
-0.1850,-0.1500, 3.1321, 3.1415, 0.0185, 0.0100,-0.3282
-0.1850,-0.1500, 3.1290, 3.1415, 0.0037,-0.2493, 4.6799
-0.1850,-0.1500, 3.1290, 3.1415, 0.0007,-0.0498, 2.0972
-0.1849,-0.1500, 3.1290, 3.1415, 0.0122,-0.0099, 0.9831
-0.1847,-0.1500, 3.1258, 3.1415, 0.0145,-0.2533, 4.6799
-0.1843,-0.1500, 3.1258, 3.1415, 0.0392,-0.0506, 4.6799
-0.1836,-0.1500, 3.1290, 3.1415, 0.0624, 0.2411,-4.6799
-0.1834,-0.1500, 3.1290, 3.1415, 0.0246, 0.0482,-0.8646
-0.1832,-0.1500, 3.1290, 3.1415, 0.0231, 0.0096, 1.0208
-0.1831,-0.1500, 3.1258, 3.1415, 0.0167,-0.2494, 4.6799
-0.1827,-0.1500, 3.1258, 3.1415, 0.0336,-0.0498, 4.6799
-0.1822,-0.1500, 3.1258, 3.1415, 0.0431,-0.0099, 4.6121
-0.1818,-0.1500, 3.1258, 3.1415, 0.0450,-0.0019, 4.3901
-0.1810,-0.1500, 3.1258, 3.1415, 0.0696,-0.0003, 4.6799
-0.1800,-0.1500, 3.1290, 3.1415, 0.0988, 0.2512,-4.6799
-0.1793,-0.1500, 3.1290, 3.1415, 0.0682, 0.0502, 3.0570
-0.1786,-0.1500, 3.1290, 3.1415, 0.0742, 0.0100, 4.6799
-0.1777,-0.1500, 3.1290, 3.1415, 0.0876, 0.0020, 4.6799
-0.1768,-0.1500, 3.1321, 3.1415, 0.0902, 0.2517,-4.6799
-0.1762,-0.1500, 3.1321, 3.1415, 0.0665, 0.0503, 2.4467
-0.1754,-0.1500, 3.1321, 3.1415, 0.0739, 0.0100, 4.6799
-0.1746,-0.1500, 3.1353, 3.1415, 0.0814, 0.2533,-4.6799
-0.1741,-0.1500, 3.1353, 3.1415, 0.0526, 0.0506, 0.6837
-0.1734,-0.1500, 3.1353, 3.1415, 0.0651, 0.0101, 3.8834
-0.1728,-0.1500, 3.1353, 3.1415, 0.0615, 0.0020, 4.0648
-0.1719,-0.1500, 3.1353, 3.1415, 0.0850, 0.0004, 4.6799
-0.1709,-0.1500, 3.1353, 3.1415, 0.1019, 0.0000, 4.6799
-0.1696,-0.1500, 3.1384, 3.1415, 0.1234, 0.2513,-4.1802
-0.1687,-0.1500, 3.1415, 3.1415, 0.0913, 0.3015,-4.6799
-0.1680,-0.1500, 3.1415, 3.1415, 0.0789, 0.0603, 1.3883
-0.1670,-0.1500, 3.1415, 3.1415, 0.0946, 0.0120, 4.6799
-0.1659,-0.1500, 3.1415, 3.1415, 0.1038, 0.0024, 4.6799
-0.1649,-0.1500, 3.1447, 3.1415, 0.1056, 0.2518,-4.6799
-0.1642,-0.1500, 3.1447, 3.1415, 0.0757, 0.0503, 1.2513
-0.1632,-0.1500, 3.1478, 3.1415, 0.0939, 0.2613,-4.6799
-0.1625,-0.1500, 3.1478, 3.1415, 0.0733, 0.0522, 0.3264
-0.1618,-0.1500, 3.1478, 3.1415, 0.0692, 0.0104, 2.2263
-0.1612,-0.1500, 3.1478, 3.1415, 0.0623, 0.0020, 2.1527
-0.1608,-0.1500, 3.1478, 3.1415, 0.0488, 0.0004, 1.1659
-0.1599,-0.1500, 3.1478, 3.1415, 0.0764, 0.0000, 3.5653
-0.1591,-0.1500, 3.1478, 3.1415, 0.0819, 0.0000, 4.1184
-0.1584,-0.1500, 3.1510, 3.1415, 0.0770, 0.2513,-4.6799
-0.1577,-0.1500, 3.1510, 3.1415, 0.0699, 0.0502,-0.1403
-0.1573,-0.1500, 3.1510, 3.1415, 0.0443, 0.0100,-0.1435
-0.1570,-0.1500, 3.1510, 3.1415, 0.0331, 0.0020,-0.6240
-0.1571,-0.1500, 3.1478, 3.1415, 0.0005,-0.2509, 4.6799
-0.1571,-0.1500, 3.1478, 3.1415, 0.0001,-0.0501, 0.1508
-0.1568,-0.1500, 3.1447, 3.1415, 0.0182,-0.2613, 4.6799
-0.1568,-0.1500, 3.1447, 3.1415, 0.0097,-0.0522, 1.9036
-0.1563,-0.1500, 3.1447, 3.1415, 0.0383,-0.0104, 2.1577
-0.1558,-0.1500, 3.1447, 3.1415, 0.0501,-0.0020, 2.7599
-0.1552,-0.1500, 3.1447, 3.1415, 0.0524,-0.0004, 2.9272
-0.1545,-0.1500, 3.1447, 3.1415, 0.0711,-0.0000, 4.5432
-0.1535,-0.1500, 3.1478, 3.1415, 0.0930, 0.2512,-4.6799
-0.1530,-0.1500, 3.1478, 3.1415, 0.0610, 0.0502, 0.4524
-0.1522,-0.1500, 3.1478, 3.1415, 0.0728, 0.0100, 3.6025
-0.1515,-0.1500, 3.1478, 3.1415, 0.0752, 0.0020, 4.3021
-0.1505,-0.1500, 3.1510, 3.1415, 0.0938, 0.2517,-4.6799
-0.1498,-0.1500, 3.1510, 3.1415, 0.0733, 0.0503, 1.0156
-0.1490,-0.1500, 3.1541, 3.1415, 0.0753, 0.2613,-4.6799
-0.1486,-0.1500, 3.1541, 3.1415, 0.0514, 0.0522,-1.5779
-0.1483,-0.1500, 3.1541, 3.1415, 0.0345, 0.0104,-0.7746
-0.1483,-0.1500, 3.1541, 3.1415, 0.0069, 0.0020,-2.6323
-0.1484,-0.1500, 3.1510, 3.1415,-0.0107,-0.2508, 4.6799
-0.1484,-0.1500, 3.1478, 3.1415, 0.0039,-0.3015, 4.6799
-0.1481,-0.1500, 3.1478, 3.1415, 0.0189,-0.0603, 3.2592
-0.1477,-0.1500, 3.1478, 3.1415, 0.0341,-0.0120, 2.0577
-0.1474,-0.1500, 3.1478, 3.1415, 0.0371,-0.0024, 1.8536
-0.1466,-0.1500, 3.1510, 3.1415, 0.0680, 0.2508,-4.6799
-0.1460,-0.1500, 3.1510, 3.1415, 0.0621, 0.0501, 0.5405
-0.1454,-0.1500, 3.1541, 3.1415, 0.0609, 0.2613,-4.6799
-0.1452,-0.1500, 3.1541, 3.1415, 0.0303, 0.0522,-2.9201
-0.1452,-0.1500, 3.1541, 3.1415, 0.0060, 0.0104,-2.7646
-0.1453,-0.1500, 3.1510, 3.1415,-0.0109,-0.2492, 4.6799
-0.1452,-0.1500, 3.1510, 3.1415, 0.0038,-0.0498, 0.9925
-0.1451,-0.1500, 3.1478, 3.1415, 0.0129,-0.2613, 4.6799
-0.1449,-0.1500, 3.1478, 3.1415, 0.0147,-0.0522, 2.8718
-0.1445,-0.1500, 3.1510, 3.1415, 0.0393, 0.2408,-4.6799
-0.1443,-0.1500, 3.1510, 3.1415, 0.0199, 0.0481,-2.6443
-0.1443,-0.1500, 3.1510, 3.1415, 0.0039, 0.0096,-1.9688
-0.1445,-0.1500, 3.1478, 3.1415,-0.0113,-0.2494, 4.6799
-0.1444,-0.1500, 3.1478, 3.1415, 0.0037,-0.0498, 1.9139
-0.1441,-0.1500, 3.1478, 3.1415, 0.0250,-0.0099, 1.6423
-0.1440,-0.1500, 3.1478, 3.1415, 0.0110,-0.0019, 0.0832
-0.1438,-0.1500, 3.1478, 3.1415, 0.0204,-0.0003, 0.8047
-0.1433,-0.1500, 3.1478, 3.1415, 0.0404,-0.0000, 2.5084
-0.1429,-0.1500, 3.1478, 3.1415, 0.0444,-0.0000, 2.8943
-0.1422,-0.1500, 3.1510, 3.1415, 0.0634, 0.2513,-4.6799
-0.1419,-0.1500, 3.1510, 3.1415, 0.0369, 0.0502,-1.0377
-0.1418,-0.1500, 3.1510, 3.1415, 0.0134, 0.0100,-0.8876
-0.1418,-0.1500, 3.1510, 3.1415, 0.0087, 0.0020,-0.8468
-0.1421,-0.1500, 3.1510, 3.1415,-0.0225, 0.0004,-3.3873
-0.1424,-0.1500, 3.1478, 3.1415,-0.0287,-0.2512, 4.6799
-0.1425,-0.1500, 3.1478, 3.1415,-0.0178,-0.0502, 0.3932
-0.1424,-0.1500, 3.1478, 3.1415, 0.0024,-0.0100, 0.0103
-0.1422,-0.1500, 3.1478, 3.1415, 0.0186,-0.0020, 0.9677
-0.1421,-0.1500, 3.1478, 3.1415, 0.0158,-0.0004, 0.6718
-0.1418,-0.1500, 3.1478, 3.1415, 0.0274,-0.0000, 1.6540
-0.1413,-0.1500, 3.1510, 3.1415, 0.0418, 0.2513,-4.6799
-0.1411,-0.1500, 3.1510, 3.1415, 0.0265, 0.0502,-1.7631
-0.1412,-0.1500, 3.1510, 3.1415,-0.0068, 0.0100,-2.4589
-0.1415,-0.1500, 3.1510, 3.1415,-0.0195, 0.0020,-3.1203
-0.1418,-0.1500, 3.1478, 3.1415,-0.0342,-0.2509, 4.6799
-0.1418,-0.1500, 3.1478, 3.1415,-0.0068,-0.0501, 1.4199
-0.1418,-0.1500, 3.1478, 3.1415,-0.0013,-0.0100,-0.2039
-0.1419,-0.1500, 3.1478, 3.1415,-0.0063,-0.0020,-1.0369
-0.1420,-0.1500, 3.1478, 3.1415,-0.0073,-0.0004,-1.2070
-0.1421,-0.1500, 3.1478, 3.1415,-0.0135,-0.0000,-1.7565
-0.1425,-0.1500, 3.1478, 3.1415,-0.0330,-0.0000,-3.4126
-0.1430,-0.1500, 3.1447, 3.1415,-0.0490,-0.2513, 4.6799
-0.1433,-0.1500, 3.1447, 3.1415,-0.0340,-0.0502,-0.1666
-0.1437,-0.1500, 3.1415, 3.1415,-0.0371,-0.2613, 4.6799
-0.1437,-0.1500, 3.1415, 3.1415,-0.0074,-0.0522, 2.9249
-0.1437,-0.1500, 3.1415, 3.1415, 0.0045,-0.0104, 1.7638
-0.1433,-0.1500, 3.1447, 3.1415, 0.0251, 0.2492,-4.6799
-0.1432,-0.1500, 3.1447, 3.1415, 0.0171, 0.0498,-1.0817
-0.1432,-0.1500, 3.1447, 3.1415, 0.0034, 0.0099,-0.1485
-0.1434,-0.1500, 3.1447, 3.1415,-0.0175, 0.0019,-1.4944
-0.1437,-0.1500, 3.1447, 3.1415,-0.0277, 0.0003,-2.2937
-0.1442,-0.1500, 3.1415, 3.1415,-0.0419,-0.2512, 4.6799
-0.1443,-0.1500, 3.1415, 3.1415,-0.0205,-0.0502, 1.6849
-0.1443,-0.1500, 3.1415, 3.1415,-0.0041,-0.0100, 0.9641
-0.1442,-0.1500, 3.1415, 3.1415, 0.0113,-0.0020, 1.8460
-0.1440,-0.1500, 3.1447, 3.1415, 0.0143, 0.2509,-4.6799
-0.1440,-0.1500, 3.1447, 3.1415, 0.0089, 0.0501,-1.8456
-0.1440,-0.1500, 3.1447, 3.1415,-0.0042, 0.0100,-0.8650
-0.1442,-0.1500, 3.1447, 3.1415,-0.0129, 0.0020,-1.1852
-0.1446,-0.1500, 3.1447, 3.1415,-0.0329, 0.0004,-2.7963
-0.1450,-0.1500, 3.1415, 3.1415,-0.0429,-0.2512, 4.6799
-0.1451,-0.1500, 3.1415, 3.1415,-0.0146,-0.0502, 2.1046
-0.1450,-0.1500, 3.1415, 3.1415, 0.0031,-0.0100, 1.5065
-0.1449,-0.1500, 3.1415, 3.1415, 0.0066,-0.0020, 1.3961
-0.1446,-0.1500, 3.1447, 3.1415, 0.0255, 0.2509,-4.6799
-0.1445,-0.1500, 3.1447, 3.1415, 0.0172, 0.0501,-1.1977
-0.1446,-0.1500, 3.1447, 3.1415,-0.0026, 0.0100,-0.7685
-0.1446,-0.1500, 3.1447, 3.1415,-0.0065, 0.0020,-0.6873
-0.1449,-0.1500, 3.1447, 3.1415,-0.0255, 0.0004,-2.2114
-0.1453,-0.1500, 3.1447, 3.1415,-0.0354, 0.0000,-3.0540
-0.1458,-0.1500, 3.1415, 3.1415,-0.0434,-0.2513, 4.6799
-0.1459,-0.1500, 3.1415, 3.1415,-0.0208,-0.0502, 1.5191
-0.1459,-0.1500, 3.1415, 3.1415,-0.0041,-0.0100, 0.8174
-0.1457,-0.1500, 3.1415, 3.1415, 0.0173,-0.0020, 2.2143
-0.1455,-0.1500, 3.1447, 3.1415, 0.0216, 0.2509,-4.6799
-0.1453,-0.1500, 3.1447, 3.1415, 0.0164, 0.0501,-1.3389
-0.1453,-0.1500, 3.1447, 3.1415, 0.0032, 0.0100,-0.3462
-0.1455,-0.1500, 3.1447, 3.1415,-0.0175, 0.0020,-1.6811
-0.1458,-0.1500, 3.1447, 3.1415,-0.0277, 0.0004,-2.4793
-0.1462,-0.1500, 3.1447, 3.1415,-0.0358, 0.0000,-3.1770
-0.1468,-0.1500, 3.1447, 3.1415,-0.0496, 0.0000,-4.3739
-0.1474,-0.1500, 3.1415, 3.1415,-0.0584,-0.2513, 4.6799
-0.1477,-0.1500, 3.1415, 3.1415,-0.0359,-0.0502, 0.0826
-0.1477,-0.1500, 3.1415, 3.1415,-0.0132,-0.0100,-0.1285
-0.1478,-0.1500, 3.1415, 3.1415,-0.0087,-0.0020,-0.1769
-0.1480,-0.1500, 3.1415, 3.1415,-0.0138,-0.0004,-0.7044
-0.1480,-0.1500, 3.1415, 3.1415,-0.0027,-0.0000, 0.2004
-0.1480,-0.1500, 3.1415, 3.1415,-0.0005,-0.0000, 0.3822
-0.1479,-0.1500, 3.1415, 3.1415, 0.0059,-0.0000, 0.9312
-0.1477,-0.1500, 3.1447, 3.1415, 0.0133, 0.2513,-4.6799
-0.1477,-0.1500, 3.1447, 3.1415, 0.0026, 0.0502,-2.7480
-0.1478,-0.1500, 3.1447, 3.1415,-0.0055, 0.0100,-1.3496
-0.1480,-0.1500, 3.1447, 3.1415,-0.0192, 0.0020,-2.0997
-0.1484,-0.1500, 3.1447, 3.1415,-0.0281, 0.0004,-2.7818
-0.1488,-0.1500, 3.1447, 3.1415,-0.0420, 0.0000,-3.9694
-0.1493,-0.1500, 3.1415, 3.1415,-0.0508,-0.2513, 0.0000
-0.1497,-0.1500, 3.1415, 3.1415,-0.0404,-0.0502, 0.0000
-0.1502,-0.1500, 3.1384, 3.1415,-0.0444,-0.2613, 4.6799
-0.1503,-0.1500, 3.1384, 3.1415,-0.0210,-0.0522, 1.9468
-0.1502,-0.1500, 3.1415, 3.1415, 0.0018, 0.2408, 0.0000
-0.1501,-0.1500, 3.1415, 3.1415, 0.0124, 0.0481, 0.0000
-0.1499,-0.1500, 3.1415, 3.1415, 0.0146, 0.0096, 0.0000
-0.1497,-0.1500, 3.1447, 3.1415, 0.0211, 0.2532,-4.6799
-0.1498,-0.1500, 3.1447, 3.1415,-0.0018, 0.0506,-3.3748
-0.1499,-0.1500, 3.1447, 3.1415,-0.0124, 0.0101,-2.1744
-0.1502,-0.1500, 3.1447, 3.1415,-0.0267, 0.0020,-2.9721
-0.1506,-0.1500, 3.1447, 3.1415,-0.0356, 0.0004,-3.6718
-0.1512,-0.1500, 3.1415, 3.1415,-0.0495,-0.2512, 4.6799
-0.1514,-0.1500, 3.1415, 3.1415,-0.0281,-0.0502, 0.3122
-0.1514,-0.1500, 3.1415, 3.1415,-0.0056,-0.0100, 0.0915
-0.1512,-0.1500, 3.1415, 3.1415, 0.0170,-0.0020, 1.5823
-0.1509,-0.1500, 3.1447, 3.1415, 0.0216, 0.2509,-4.6799
-0.1508,-0.1500, 3.1478, 3.1415, 0.0164, 0.3014,-4.6799
-0.1509,-0.1500, 3.1478, 3.1415,-0.0088, 0.0602,-4.6799
-0.1512,-0.1500, 3.1478, 3.1415,-0.0260, 0.0120,-4.3669
-0.1518,-0.1500, 3.1447, 3.1415,-0.0476,-0.2489, 4.6799
-0.1519,-0.1500, 3.1447, 3.1415,-0.0216,-0.0497,-0.0595
-0.1523,-0.1500, 3.1447, 3.1415,-0.0346,-0.0099,-3.2480
-0.1528,-0.1500, 3.1447, 3.1415,-0.0493,-0.0019,-4.6799
-0.1534,-0.1500, 3.1447, 3.1415,-0.0523,-0.0003,-4.6799
-0.1542,-0.1500, 3.1415, 3.1415,-0.0771,-0.2514, 4.6799
-0.1544,-0.1500, 3.1384, 3.1415,-0.0336,-0.3016, 4.6799
-0.1546,-0.1500, 3.1384, 3.1415,-0.0188,-0.0603, 2.0448
-0.1546,-0.1500, 3.1415, 3.1415,-0.0037, 0.2392,-4.6799
-0.1547,-0.1500, 3.1415, 3.1415,-0.0128, 0.0478,-3.9088
-0.1549,-0.1500, 3.1415, 3.1415,-0.0147, 0.0095,-2.0944
-0.1552,-0.1500, 3.1415, 3.1415,-0.0271, 0.0019,-2.7716
-0.1556,-0.1500, 3.1415, 3.1415,-0.0418, 0.0003,-3.9610
-0.1565,-0.1500, 3.1415, 3.1415,-0.0811, 0.0000,-4.6799
-0.1574,-0.1500, 3.1384, 3.1415,-0.0889,-0.2513, 4.6799
-0.1580,-0.1500, 3.1353, 3.1415,-0.0602,-0.3015, 4.6799
-0.1584,-0.1500, 3.1353, 3.1415,-0.0423,-0.0603, 0.4571
-0.1584,-0.1500, 3.1353, 3.1415,-0.0145,-0.0120, 0.2495
-0.1584,-0.1500, 3.1353, 3.1415,-0.0029,-0.0024, 0.7090
-0.1583,-0.1500, 3.1384, 3.1415, 0.0115, 0.2508,-4.6799
-0.1582,-0.1500, 3.1384, 3.1415, 0.0083, 0.0501,-1.8783
-0.1584,-0.1500, 3.1384, 3.1415,-0.0104, 0.0100,-1.3805
-0.1587,-0.1500, 3.1384, 3.1415,-0.0324, 0.0020,-2.8341
-0.1592,-0.1500, 3.1384, 3.1415,-0.0428, 0.0004,-3.6759
-0.1598,-0.1500, 3.1353, 3.1415,-0.0570,-0.2512, 4.6799
-0.1600,-0.1500, 3.1353, 3.1415,-0.0296,-0.0502, 0.7666
-0.1602,-0.1500, 3.1353, 3.1415,-0.0180,-0.0100,-0.3826
-0.1604,-0.1500, 3.1353, 3.1415,-0.0217,-0.0020,-1.1429
-0.1604,-0.1500, 3.1353, 3.1415,-0.0043,-0.0004, 0.2147
-0.1604,-0.1500, 3.1353, 3.1415,-0.0008,-0.0000, 0.4816
-0.1604,-0.1500, 3.1353, 3.1415,-0.0001,-0.0000, 0.5304
-0.1603,-0.1500, 3.1384, 3.1415, 0.0120, 0.2513,-4.6799
-0.1603,-0.1500, 3.1384, 3.1415,-0.0036, 0.0502,-3.1799
-0.1605,-0.1500, 3.1384, 3.1415,-0.0128, 0.0100,-1.8818
-0.1608,-0.1500, 3.1384, 3.1415,-0.0268, 0.0020,-2.6644
-0.1613,-0.1500, 3.1384, 3.1415,-0.0478, 0.0004,-4.3894
-0.1620,-0.1500, 3.1353, 3.1415,-0.0641,-0.2512, 4.6799
-0.1623,-0.1500, 3.1353, 3.1415,-0.0370,-0.0502,-0.1753
-0.1628,-0.1500, 3.1321, 3.1415,-0.0498,-0.2613, 4.6799
-0.1628,-0.1500, 3.1321, 3.1415,-0.0099,-0.0522, 2.9281
-0.1628,-0.1500, 3.1321, 3.1415, 0.0040,-0.0104, 1.9255
-0.1626,-0.1500, 3.1353, 3.1415, 0.0129, 0.2492,-4.6799
-0.1625,-0.1500, 3.1353, 3.1415, 0.0086, 0.0498,-1.6205
-0.1625,-0.1500, 3.1353, 3.1415, 0.0017, 0.0099,-0.1332
-0.1628,-0.1500, 3.1353, 3.1415,-0.0239, 0.0019,-1.8886
-0.1631,-0.1500, 3.1353, 3.1415,-0.0229, 0.0003,-1.7615
-0.1636,-0.1500, 3.1353, 3.1415,-0.0470, 0.0000,-3.8105
-0.1641,-0.1500, 3.1321, 3.1415,-0.0518,-0.2513, 4.6799
-0.1643,-0.1500, 3.1321, 3.1415,-0.0285,-0.0502, 1.0558
-0.1644,-0.1500, 3.1321, 3.1415,-0.0117,-0.0100, 0.3459
-0.1643,-0.1500, 3.1321, 3.1415, 0.0097,-0.0020, 1.7259
-0.1640,-0.1500, 3.1321, 3.1415, 0.0201,-0.0004, 2.5217
-0.1637,-0.1500, 3.1353, 3.1415, 0.0343, 0.2512,-4.6799
-0.1635,-0.1500, 3.1353, 3.1415, 0.0189, 0.0502,-0.9646
-0.1635,-0.1500, 3.1353, 3.1415, 0.0037, 0.0100,-0.1476
-0.1637,-0.1500, 3.1353, 3.1415,-0.0174, 0.0020,-1.5257
-0.1640,-0.1500, 3.1353, 3.1415,-0.0216, 0.0004,-1.8285
-0.1643,-0.1500, 3.1321, 3.1415,-0.0285,-0.2512, 4.6799
-0.1643,-0.1500, 3.1321, 3.1415,-0.0117,-0.0502, 2.3857
-0.1642,-0.1500, 3.1321, 3.1415, 0.0097,-0.0100, 2.0982
-0.1640,-0.1500, 3.1321, 3.1415, 0.0201,-0.0020, 2.5604
-0.1636,-0.1500, 3.1353, 3.1415, 0.0343, 0.2509,-4.6799
-0.1634,-0.1500, 3.1353, 3.1415, 0.0250, 0.0501,-0.4941
-0.1634,-0.1500, 3.1353, 3.1415, 0.0050, 0.0100,-0.0821
-0.1634,-0.1500, 3.1353, 3.1415,-0.0050, 0.0020,-0.5174
-0.1636,-0.1500, 3.1353, 3.1415,-0.0131, 0.0004,-1.1293
-0.1640,-0.1500, 3.1321, 3.1415,-0.0329,-0.2512, 4.6799
-0.1640,-0.1500, 3.1321, 3.1415,-0.0065,-0.0502, 2.8076
-0.1638,-0.1500, 3.1321, 3.1415, 0.0108,-0.0100, 2.1757
-0.1636,-0.1500, 3.1321, 3.1415, 0.0203,-0.0020, 2.5692
-0.1631,-0.1500, 3.1353, 3.1415, 0.0404, 0.2509,-4.6799
-0.1630,-0.1500, 3.1353, 3.1415, 0.0202, 0.0501,-0.9040
-0.1630,-0.1500, 3.1353, 3.1415, 0.0040, 0.0100,-0.1704
-0.1631,-0.1500, 3.1353, 3.1415,-0.0052, 0.0020,-0.5412
-0.1634,-0.1500, 3.1321, 3.1415,-0.0253,-0.2509, 4.6799
-0.1633,-0.1500, 3.1321, 3.1415, 0.0010,-0.0501, 3.4693
-0.1632,-0.1500, 3.1321, 3.1415, 0.0062,-0.0100, 1.8247
-0.1629,-0.1500, 3.1321, 3.1415, 0.0255,-0.0020, 3.0325
-0.1626,-0.1500, 3.1321, 3.1415, 0.0293,-0.0004, 3.2966
-0.1619,-0.1500, 3.1353, 3.1415, 0.0604, 0.2512,-4.6799
-0.1617,-0.1500, 3.1353, 3.1415, 0.0302, 0.0502, 0.0269
-0.1611,-0.1500, 3.1353, 3.1415, 0.0545, 0.0100, 4.1909
-0.1607,-0.1500, 3.1384, 3.1415, 0.0412, 0.2533,-4.6799
-0.1607,-0.1500, 3.1384, 3.1415, 0.0082, 0.0506,-2.5380
-0.1607,-0.1500, 3.1384, 3.1415, 0.0016, 0.0101,-0.9888
-0.1611,-0.1500, 3.1353, 3.1415,-0.0299,-0.2492, 4.6799
-0.1609,-0.1500, 3.1353, 3.1415, 0.0061,-0.0498, 3.2799
-0.1609,-0.1500, 3.1353, 3.1415, 0.0072,-0.0099, 1.3101
-0.1608,-0.1500, 3.1353, 3.1415, 0.0075,-0.0019, 0.9184
-0.1604,-0.1500, 3.1353, 3.1415, 0.0318,-0.0003, 2.8897
-0.1599,-0.1500, 3.1353, 3.1415, 0.0427,-0.0000, 3.8265
-0.1596,-0.1500, 3.1353, 3.1415, 0.0388,-0.0000, 3.5399
-0.1588,-0.1500, 3.1384, 3.1415, 0.0684, 0.2513,-4.6799
-0.1585,-0.1500, 3.1384, 3.1415, 0.0379, 0.0502, 0.1552
-0.1580,-0.1500, 3.1384, 3.1415, 0.0500, 0.0100, 3.3013
-0.1574,-0.1500, 3.1384, 3.1415, 0.0524, 0.0020, 3.9764
-0.1570,-0.1500, 3.1415, 3.1415, 0.0468, 0.2517,-4.6799
-0.1568,-0.1500, 3.1415, 3.1415, 0.0215, 0.0503,-1.8496
-0.1569,-0.1500, 3.1415, 3.1415,-0.0017, 0.0100,-1.7031
-0.1570,-0.1500, 3.1384, 3.1415,-0.0064,-0.2493, 4.6799
-0.1568,-0.1500, 3.1384, 3.1415, 0.0108,-0.0498, 3.2743
-0.1568,-0.1500, 3.1384, 3.1415, 0.0021,-0.0099, 0.4817
-0.1568,-0.1500, 3.1384, 3.1415, 0.0064,-0.0019, 0.4319
-0.1565,-0.1500, 3.1384, 3.1415, 0.0255,-0.0003, 1.9616
-0.1560,-0.1500, 3.1384, 3.1415, 0.0414,-0.0000, 3.3165
-0.1556,-0.1500, 3.1384, 3.1415, 0.0446,-0.0000, 3.6272
-0.1549,-0.1500, 3.1415, 3.1415, 0.0574, 0.2513,-4.6799
-0.1547,-0.1500, 3.1415, 3.1415, 0.0296, 0.0502,-0.9491
-0.1546,-0.1500, 3.1415, 3.1415, 0.0119, 0.0100,-0.3237
-0.1546,-0.1500, 3.1415, 3.1415, 0.0023, 0.0020,-0.7055
-0.1549,-0.1500, 3.1384, 3.1415,-0.0237,-0.2509, 4.6799
-0.1549,-0.1500, 3.1384, 3.1415, 0.0013,-0.0501, 2.7001
-0.1548,-0.1500, 3.1353, 3.1415, 0.0063,-0.2613, 4.6799
-0.1545,-0.1500, 3.1353, 3.1415, 0.0255,-0.0522, 4.6799
-0.1540,-0.1500, 3.1384, 3.1415, 0.0475, 0.2408,-4.6799
-0.1537,-0.1500, 3.1384, 3.1415, 0.0276, 0.0481,-0.0827
-0.1537,-0.1500, 3.1384, 3.1415, 0.0055, 0.0096, 0.0756
-0.1534,-0.1500, 3.1384, 3.1415, 0.0253, 0.0019, 2.1530
-0.1533,-0.1500, 3.1384, 3.1415, 0.0171, 0.0003, 1.5714
-0.1530,-0.1500, 3.1384, 3.1415, 0.0216, 0.0000, 1.9797
-0.1527,-0.1500, 3.1384, 3.1415, 0.0285, 0.0000, 2.5930
-0.1522,-0.1500, 3.1384, 3.1415, 0.0481, 0.0000, 4.2781
-0.1515,-0.1500, 3.1384, 3.1415, 0.0702, 0.0000, 4.6799
-0.1505,-0.1500, 3.1415, 3.1415, 0.0928, 0.2513, 0.0000
-0.1496,-0.1500, 3.1447, 3.1415, 0.0913, 0.3015,-4.6799
-0.1489,-0.1500, 3.1447, 3.1415, 0.0728, 0.0603, 1.9477
-0.1478,-0.1500, 3.1478, 3.1415, 0.0994, 0.2633,-4.6799
-0.1473,-0.1500, 3.1478, 3.1415, 0.0623, 0.0526, 0.8407
-0.1467,-0.1500, 3.1510, 3.1415, 0.0609, 0.2618,-4.6799
-0.1463,-0.1500, 3.1510, 3.1415, 0.0425, 0.0523,-1.4900
-0.1463,-0.1500, 3.1510, 3.1415, 0.0085, 0.0104,-2.1360
-0.1463,-0.1500, 3.1478, 3.1415, 0.0017,-0.2492, 4.6799
-0.1464,-0.1500, 3.1478, 3.1415,-0.0057,-0.0498, 0.6238
-0.1462,-0.1500, 3.1478, 3.1415, 0.0109,-0.0099,-0.0391
-0.1462,-0.1500, 3.1478, 3.1415, 0.0021,-0.0019,-1.1797
-0.1463,-0.1500, 3.1478, 3.1415,-0.0056,-0.0003,-1.9180
-0.1464,-0.1500, 3.1478, 3.1415,-0.0071,-0.0000,-2.0712
-0.1467,-0.1500, 3.1447, 3.1415,-0.0256,-0.2513, 4.6799
-0.1467,-0.1500, 3.1447, 3.1415,-0.0051,-0.0502, 1.4864
-0.1465,-0.1500, 3.1447, 3.1415, 0.0110,-0.0100, 0.7671
-0.1465,-0.1500, 3.1447, 3.1415, 0.0022,-0.0020,-0.3848
-0.1463,-0.1500, 3.1447, 3.1415, 0.0186,-0.0004, 0.9217
-0.1462,-0.1500, 3.1447, 3.1415, 0.0158,-0.0000, 0.6939
-0.1459,-0.1500, 3.1447, 3.1415, 0.0213,-0.0000, 1.1760
-0.1455,-0.1500, 3.1447, 3.1415, 0.0406,-0.0000, 2.8309
-0.1450,-0.1500, 3.1447, 3.1415, 0.0445,-0.0000, 3.2062
-0.1446,-0.1500, 3.1478, 3.1415, 0.0452, 0.2513,-4.6799
-0.1441,-0.1500, 3.1478, 3.1415, 0.0454, 0.0502,-0.0334
-0.1440,-0.1500, 3.1478, 3.1415, 0.0212, 0.0100, 0.0635
-0.1438,-0.1500, 3.1478, 3.1415, 0.0163, 0.0020, 0.0997
-0.1436,-0.1500, 3.1478, 3.1415, 0.0214, 0.0004, 0.6356
-0.1435,-0.1500, 3.1478, 3.1415, 0.0103, 0.0000,-0.2569
-0.1435,-0.1500, 3.1478, 3.1415, 0.0020, 0.0000,-0.9373
-0.1435,-0.1500, 3.1478, 3.1415, 0.0004, 0.0000,-1.0706
-0.1437,-0.1500, 3.1478, 3.1415,-0.0181, 0.0000,-2.6299
-0.1441,-0.1500, 3.1447, 3.1415,-0.0339,-0.2513, 4.6799
-0.1442,-0.1500, 3.1447, 3.1415,-0.0128,-0.0502, 1.1814
-0.1442,-0.1500, 3.1447, 3.1415,-0.0025,-0.0100,-0.0481
-0.1442,-0.1500, 3.1447, 3.1415,-0.0005,-0.0020,-0.2914
-0.1442,-0.1500, 3.1447, 3.1415,-0.0001,-0.0004,-0.3376
-0.1443,-0.1500, 3.1447, 3.1415,-0.0121,-0.0000,-1.3679
-0.1446,-0.1500, 3.1415, 3.1415,-0.0206,-0.2513, 4.6799
-0.1446,-0.1500, 3.1415, 3.1415,-0.0041,-0.0502, 2.6953
-0.1445,-0.1500, 3.1415, 3.1415, 0.0052,-0.0100, 1.3978
-0.1444,-0.1500, 3.1415, 3.1415, 0.0071,-0.0020, 1.1477
-0.1440,-0.1500, 3.1447, 3.1415, 0.0378, 0.2509,-4.6799
-0.1437,-0.1500, 3.1447, 3.1415, 0.0257, 0.0501,-0.7487
-0.1438,-0.1500, 3.1447, 3.1415,-0.0009, 0.0100,-0.8836
-0.1439,-0.1500, 3.1447, 3.1415,-0.0062, 0.0020,-0.9149
-0.1442,-0.1500, 3.1415, 3.1415,-0.0255,-0.2509, 4.6799
-0.1443,-0.1500, 3.1415, 3.1415,-0.0111,-0.0501, 2.1613
-0.1441,-0.1500, 3.1415, 3.1415, 0.0098,-0.0100, 1.8465
-0.1440,-0.1500, 3.1415, 3.1415, 0.0141,-0.0020, 1.8001
-0.1435,-0.1500, 3.1447, 3.1415, 0.0392, 0.2509,-4.6799
-0.1432,-0.1500, 3.1447, 3.1415, 0.0320, 0.0501,-0.1410
-0.1433,-0.1500, 3.1447, 3.1415, 0.0003, 0.0100,-0.6968
-0.1433,-0.1500, 3.1447, 3.1415,-0.0059, 0.0020,-0.8120
-0.1437,-0.1500, 3.1447, 3.1415,-0.0254, 0.0004,-2.3746
-0.1440,-0.1500, 3.1415, 3.1415,-0.0354,-0.2512, 4.6799
-0.1443,-0.1500, 3.1415, 3.1415,-0.0252,-0.0502, 1.0182
-0.1443,-0.1500, 3.1415, 3.1415,-0.0050,-0.0100, 0.6134
-0.1441,-0.1500, 3.1415, 3.1415, 0.0111,-0.0020, 1.5586
-0.1437,-0.1500, 3.1415, 3.1415, 0.0325,-0.0004, 3.2997
-0.1433,-0.1500, 3.1447, 3.1415, 0.0368, 0.2512,-4.6799
-0.1431,-0.1500, 3.1447, 3.1415, 0.0255, 0.0502,-0.6508
-0.1430,-0.1500, 3.1447, 3.1415, 0.0172, 0.0100, 0.7657
-0.1430,-0.1500, 3.1447, 3.1415,-0.0026, 0.0020,-0.4693
-0.1431,-0.1500, 3.1447, 3.1415,-0.0065, 0.0004,-0.7203
-0.1433,-0.1500, 3.1447, 3.1415,-0.0134, 0.0000,-1.2864
-0.1436,-0.1500, 3.1447, 3.1415,-0.0269, 0.0000,-2.4345
-0.1440,-0.1500, 3.1415, 3.1415,-0.0417,-0.2513, 4.6799
-0.1442,-0.1500, 3.1415, 3.1415,-0.0204,-0.0502, 1.4604
-0.1441,-0.1500, 3.1415, 3.1415, 0.0019,-0.0100, 1.2489
-0.1440,-0.1500, 3.1415, 3.1415, 0.0125,-0.0020, 1.7279
-0.1437,-0.1500, 3.1447, 3.1415, 0.0267, 0.2509,-4.6799
-0.1435,-0.1500, 3.1447, 3.1415, 0.0174, 0.0501,-1.3298
-0.1435,-0.1500, 3.1447, 3.1415, 0.0034, 0.0100,-0.4037
-0.1437,-0.1500, 3.1447, 3.1415,-0.0114, 0.0020,-1.2392
-0.1440,-0.1500, 3.1415, 3.1415,-0.0326,-0.2509, 4.6799
-0.1442,-0.1500, 3.1415, 3.1415,-0.0186,-0.0501, 1.6285
-0.1440,-0.1500, 3.1415, 3.1415, 0.0083,-0.0100, 1.8104
-0.1439,-0.1500, 3.1415, 3.1415, 0.0138,-0.0020, 1.8635
-0.1437,-0.1500, 3.1447, 3.1415, 0.0209, 0.2509,-4.6799
-0.1434,-0.1500, 3.1447, 3.1415, 0.0223, 0.0501,-0.8940
-0.1435,-0.1500, 3.1447, 3.1415,-0.0015, 0.0100,-0.8051
-0.1437,-0.1500, 3.1447, 3.1415,-0.0124, 0.0020,-1.3033
-0.1440,-0.1500, 3.1447, 3.1415,-0.0328, 0.0004,-2.9499
-0.1446,-0.1500, 3.1415, 3.1415,-0.0490,-0.2512, 4.6799
-0.1448,-0.1500, 3.1415, 3.1415,-0.0279,-0.0502, 0.8097
-0.1448,-0.1500, 3.1415, 3.1415,-0.0055,-0.0100, 0.5851
-0.1447,-0.1500, 3.1415, 3.1415, 0.0049,-0.0020, 1.0542
-0.1444,-0.1500, 3.1415, 3.1415, 0.0252,-0.0004, 2.6929
-0.1440,-0.1500, 3.1447, 3.1415, 0.0414, 0.2512,-4.6799
-0.1438,-0.1500, 3.1447, 3.1415, 0.0204, 0.0502,-1.0792
-0.1437,-0.1500, 3.1447, 3.1415, 0.0101, 0.0100, 0.1662
-0.1439,-0.1500, 3.1447, 3.1415,-0.0100, 0.0020,-1.1101
-0.1440,-0.1500, 3.1447, 3.1415,-0.0141, 0.0004,-1.3770
-0.1441,-0.1500, 3.1447, 3.1415,-0.0088, 0.0000,-0.9300
-0.1446,-0.1500, 3.1447, 3.1415,-0.0381, 0.0000,-3.4043
-0.1450,-0.1500, 3.1447, 3.1415,-0.0440, 0.0000,-3.9391
-0.1455,-0.1500, 3.1415, 3.1415,-0.0512,-0.2513, 4.6799
-0.1458,-0.1500, 3.1415, 3.1415,-0.0345,-0.0502, 0.1807
-0.1460,-0.1500, 3.1415, 3.1415,-0.0190,-0.0100,-0.6365
-0.1461,-0.1500, 3.1415, 3.1415,-0.0098,-0.0020,-0.3005
-0.1462,-0.1500, 3.1415, 3.1415,-0.0141,-0.0004,-0.7506
-0.1463,-0.1500, 3.1415, 3.1415,-0.0088,-0.0000,-0.3412
-0.1465,-0.1500, 3.1415, 3.1415,-0.0139,-0.0000,-0.7767
-0.1467,-0.1500, 3.1415, 3.1415,-0.0209,-0.0000,-1.3882
-0.1471,-0.1500, 3.1384, 3.1415,-0.0345,-0.2513, 4.6799
-0.1471,-0.1500, 3.1384, 3.1415,-0.0129,-0.0502, 2.6497
-0.1470,-0.1500, 3.1384, 3.1415, 0.0095,-0.0100, 2.4496
-0.1467,-0.1500, 3.1415, 3.1415, 0.0261, 0.2493,-4.6799
-0.1466,-0.1500, 3.1415, 3.1415, 0.0112, 0.0498,-1.2842
-0.1465,-0.1500, 3.1415, 3.1415, 0.0083, 0.0099, 0.5489
-0.1465,-0.1500, 3.1415, 3.1415, 0.0016, 0.0019, 0.4122
-0.1465,-0.1500, 3.1447, 3.1415, 0.0063, 0.2517,-4.6799
-0.1466,-0.1500, 3.1447, 3.1415,-0.0108, 0.0503,-3.9584
-0.1469,-0.1500, 3.1447, 3.1415,-0.0264, 0.0100,-3.1948
-0.1471,-0.1500, 3.1415, 3.1415,-0.0174,-0.2493, 4.6799
-0.1471,-0.1500, 3.1415, 3.1415,-0.0095,-0.0498, 2.1070
-0.1471,-0.1500, 3.1415, 3.1415,-0.0019,-0.0099, 0.6729
-0.1470,-0.1500, 3.1447, 3.1415, 0.0117, 0.2493,-4.6799
-0.1470,-0.1500, 3.1447, 3.1415, 0.0023, 0.0498,-2.8763
-0.1470,-0.1500, 3.1447, 3.1415, 0.0004, 0.0099,-0.9612
-0.1471,-0.1500, 3.1447, 3.1415,-0.0120, 0.0019,-1.6006
-0.1475,-0.1500, 3.1447, 3.1415,-0.0327, 0.0003,-3.2768
-0.1481,-0.1500, 3.1415, 3.1415,-0.0550,-0.2512, 4.6799
-0.1484,-0.1500, 3.1415, 3.1415,-0.0292,-0.0502, 0.3647
-0.1484,-0.1500, 3.1415, 3.1415,-0.0058,-0.0100, 0.2184
-0.1482,-0.1500, 3.1415, 3.1415, 0.0109,-0.0020, 1.2135
-0.1480,-0.1500, 3.1447, 3.1415, 0.0203, 0.2509,-4.6799
-0.1479,-0.1500, 3.1447, 3.1415, 0.0101, 0.0501,-2.3434
-0.1480,-0.1500, 3.1447, 3.1415,-0.0040, 0.0100,-1.4445
-0.1483,-0.1500, 3.1447, 3.1415,-0.0250, 0.0020,-2.8065
-0.1487,-0.1500, 3.1447, 3.1415,-0.0413, 0.0004,-4.1300
-0.1493,-0.1500, 3.1415, 3.1415,-0.0567,-0.2512, 0.0000
-0.1498,-0.1500, 3.1415, 3.1415,-0.0477,-0.0502, 0.0000
-0.1502,-0.1500, 3.1415, 3.1415,-0.0459,-0.0100, 0.0000
-0.1505,-0.1500, 3.1384, 3.1415,-0.0334,-0.2533, 4.6799
-0.1506,-0.1500, 3.1384, 3.1415,-0.0127,-0.0506, 2.3110
-0.1505,-0.1500, 3.1415, 3.1415, 0.0095, 0.2411, 0.0000
-0.1502,-0.1500, 3.1415, 3.1415, 0.0261, 0.0482, 0.0000
-0.1499,-0.1500, 3.1447, 3.1415, 0.0234, 0.2609,-4.6799
-0.1499,-0.1500, 3.1447, 3.1415, 0.0107, 0.0521,-2.6228
-0.1500,-0.1500, 3.1447, 3.1415,-0.0099, 0.0104,-2.1939
-0.1502,-0.1500, 3.1447, 3.1415,-0.0201, 0.0020,-2.6340
-0.1506,-0.1500, 3.1447, 3.1415,-0.0343, 0.0004,-3.7670
-0.1513,-0.1500, 3.1415, 3.1415,-0.0614,-0.2512, 4.6799
-0.1515,-0.1500, 3.1415, 3.1415,-0.0304,-0.0502,-0.1057
-0.1518,-0.1500, 3.1415, 3.1415,-0.0303,-0.0100,-2.2163
-0.1522,-0.1500, 3.1415, 3.1415,-0.0363,-0.0020,-3.1792
-0.1526,-0.1500, 3.1415, 3.1415,-0.0375,-0.0004,-3.4082
-0.1532,-0.1500, 3.1384, 3.1415,-0.0560,-0.2514, 4.6799
-0.1534,-0.1500, 3.1384, 3.1415,-0.0233,-0.0502, 1.0904
-0.1535,-0.1500, 3.1384, 3.1415,-0.0167,-0.0100,-0.4730
-0.1537,-0.1500, 3.1384, 3.1415,-0.0154,-0.0020,-0.8013
-0.1538,-0.1500, 3.1384, 3.1415,-0.0152,-0.0004,-0.8828
-0.1539,-0.1500, 3.1384, 3.1415,-0.0091,-0.0000,-0.4030
-0.1542,-0.1500, 3.1384, 3.1415,-0.0260,-0.0000,-1.8513
-0.1546,-0.1500, 3.1384, 3.1415,-0.0355,-0.0000,-2.6830
-0.1551,-0.1500, 3.1384, 3.1415,-0.0495,-0.0000,-3.9102
-0.1558,-0.1500, 3.1353, 3.1415,-0.0644,-0.2513, 4.6799
-0.1561,-0.1500, 3.1353, 3.1415,-0.0371,-0.0502, 0.4259
-0.1564,-0.1500, 3.1353, 3.1415,-0.0316,-0.0100,-1.2449
-0.1567,-0.1500, 3.1353, 3.1415,-0.0305,-0.0020,-1.6100
-0.1569,-0.1500, 3.1353, 3.1415,-0.0243,-0.0004,-1.2024
-0.1572,-0.1500, 3.1321, 3.1415,-0.0291,-0.2514, 4.6799
-0.1573,-0.1500, 3.1321, 3.1415,-0.0118,-0.0502, 3.1852
-0.1572,-0.1500, 3.1321, 3.1415, 0.0036,-0.0100, 2.3953
-0.1571,-0.1500, 3.1353, 3.1415, 0.0068, 0.2493,-4.6799
-0.1571,-0.1500, 3.1353, 3.1415, 0.0013, 0.0498,-1.7186
-0.1571,-0.1500, 3.1353, 3.1415, 0.0002, 0.0099, 0.2563
-0.1572,-0.1500, 3.1353, 3.1415,-0.0060, 0.0019, 0.1363
-0.1574,-0.1500, 3.1353, 3.1415,-0.0133, 0.0003,-0.4097
-0.1574,-0.1500, 3.1353, 3.1415,-0.0026, 0.0000, 0.4873
-0.1574,-0.1500, 3.1353, 3.1415,-0.0005, 0.0000, 0.6635
-0.1572,-0.1500, 3.1353, 3.1415, 0.0120, 0.0000, 1.7191
-0.1569,-0.1500, 3.1353, 3.1415, 0.0266, 0.0000, 2.9648
-0.1567,-0.1500, 3.1384, 3.1415, 0.0235, 0.2513,-4.6799
-0.1566,-0.1500, 3.1384, 3.1415, 0.0107, 0.0502,-1.7467
-0.1567,-0.1500, 3.1384, 3.1415,-0.0039, 0.0100,-0.8911
-0.1569,-0.1500, 3.1384, 3.1415,-0.0189, 0.0020,-1.7537
-0.1574,-0.1500, 3.1353, 3.1415,-0.0462,-0.2509, 4.6799
-0.1577,-0.1500, 3.1353, 3.1415,-0.0335,-0.0501, 0.4652
-0.1578,-0.1500, 3.1353, 3.1415,-0.0127,-0.0100, 0.0900
-0.1577,-0.1500, 3.1353, 3.1415, 0.0035,-0.0020, 1.0283
-0.1576,-0.1500, 3.1353, 3.1415, 0.0128,-0.0004, 1.7313
-0.1574,-0.1500, 3.1353, 3.1415, 0.0207,-0.0000, 2.3945
-0.1571,-0.1500, 3.1384, 3.1415, 0.0284, 0.2512,-4.6799
-0.1569,-0.1500, 3.1384, 3.1415, 0.0178, 0.0502,-1.2300
-0.1570,-0.1500, 3.1384, 3.1415,-0.0025, 0.0100,-0.8419
-0.1573,-0.1500, 3.1384, 3.1415,-0.0247, 0.0020,-2.3099
-0.1577,-0.1500, 3.1353, 3.1415,-0.0413,-0.2509, 4.6799
-0.1580,-0.1500, 3.1353, 3.1415,-0.0264,-0.0501, 0.9903
-0.1581,-0.1500, 3.1353, 3.1415,-0.0113,-0.0100, 0.1475
-0.1580,-0.1500, 3.1353, 3.1415, 0.0037,-0.0020, 0.9922
-0.1577,-0.1500, 3.1353, 3.1415, 0.0189,-0.0004, 2.1882
-0.1573,-0.1500, 3.1353, 3.1415, 0.0401,-0.0000, 3.9807
-0.1568,-0.1500, 3.1384, 3.1415, 0.0444, 0.2512,-4.6799
-0.1566,-0.1500, 3.1384, 3.1415, 0.0270, 0.0502,-0.4594
-0.1566,-0.1500, 3.1384, 3.1415, 0.0054, 0.0100,-0.1742
-0.1568,-0.1500, 3.1384, 3.1415,-0.0110, 0.0020,-1.1437
-0.1571,-0.1500, 3.1384, 3.1415,-0.0264, 0.0004,-2.3784
-0.1575,-0.1500, 3.1353, 3.1415,-0.0416,-0.2512, 4.6799
-0.1578,-0.1500, 3.1353, 3.1415,-0.0325,-0.0502, 0.4661
-0.1579,-0.1500, 3.1353, 3.1415,-0.0125,-0.0100, 0.0278
-0.1577,-0.1500, 3.1353, 3.1415, 0.0156,-0.0020, 1.9769
-0.1576,-0.1500, 3.1353, 3.1415, 0.0091,-0.0004, 1.3608
-0.1574,-0.1500, 3.1353, 3.1415, 0.0200,-0.0000, 2.2650
-0.1570,-0.1500, 3.1353, 3.1415, 0.0343,-0.0000, 3.4875
-0.1565,-0.1500, 3.1384, 3.1415, 0.0493, 0.2513,-4.6799
-0.1562,-0.1500, 3.1384, 3.1415, 0.0280, 0.0502,-0.3741
-0.1563,-0.1500, 3.1384, 3.1415,-0.0004, 0.0100,-0.6654
-0.1565,-0.1500, 3.1384, 3.1415,-0.0122, 0.0020,-1.2454
-0.1567,-0.1500, 3.1384, 3.1415,-0.0206, 0.0004,-1.8902
-0.1572,-0.1500, 3.1353, 3.1415,-0.0465,-0.2512, 4.6799
-0.1574,-0.1500, 3.1321, 3.1415,-0.0275,-0.3015, 4.6799
-0.1574,-0.1500, 3.1321, 3.1415, 0.0005,-0.0603, 4.5701
-0.1571,-0.1500, 3.1321, 3.1415, 0.0243,-0.0120, 4.0732
-0.1567,-0.1500, 3.1353, 3.1415, 0.0351, 0.2489,-4.6799
-0.1566,-0.1500, 3.1353, 3.1415, 0.0131, 0.0497,-0.8381
-0.1566,-0.1500, 3.1353, 3.1415, 0.0026, 0.0099, 0.3545
-0.1565,-0.1500, 3.1353, 3.1415, 0.0065, 0.0019, 1.1020
-0.1565,-0.1500, 3.1353, 3.1415, 0.0073, 0.0003, 1.2556
-0.1564,-0.1500, 3.1353, 3.1415, 0.0075, 0.0000, 1.2905
-0.1563,-0.1500, 3.1353, 3.1415, 0.0075, 0.0000, 1.3018
-0.1561,-0.1500, 3.1353, 3.1415, 0.0197, 0.0000, 2.3319
-0.1556,-0.1500, 3.1353, 3.1415, 0.0403, 0.0000, 4.0919
-0.1552,-0.1500, 3.1353, 3.1415, 0.0444, 0.0000, 4.4837
-0.1543,-0.1500, 3.1384, 3.1415, 0.0755, 0.2513,-4.6799
-0.1540,-0.1500, 3.1384, 3.1415, 0.0393, 0.0502, 0.7673
-0.1534,-0.1500, 3.1384, 3.1415, 0.0563, 0.0100, 4.3325
-0.1526,-0.1500, 3.1415, 3.1415, 0.0779, 0.2533,-4.6799
-0.1525,-0.1500, 3.1415, 3.1415, 0.0216, 0.0506,-1.3687
-0.1525,-0.1500, 3.1415, 3.1415, 0.0043, 0.0101,-0.7050
-0.1525,-0.1500, 3.1415, 3.1415, 0.0008, 0.0020,-0.5734
-0.1528,-0.1500, 3.1384, 3.1415,-0.0240,-0.2509, 4.6799
-0.1527,-0.1500, 3.1384, 3.1415, 0.0012,-0.0501, 2.9563
-0.1527,-0.1500, 3.1384, 3.1415, 0.0063,-0.0100, 1.3013
-0.1524,-0.1500, 3.1384, 3.1415, 0.0194,-0.0020, 1.9998
-0.1520,-0.1500, 3.1384, 3.1415, 0.0402,-0.0004, 3.6951
-0.1512,-0.1500, 3.1415, 3.1415, 0.0686, 0.2512,-4.6799
-0.1509,-0.1500, 3.1415, 3.1415, 0.0379, 0.0502, 0.0000
-0.1506,-0.1500, 3.1415, 3.1415, 0.0318, 0.0100, 0.0000
-0.1503,-0.1500, 3.1415, 3.1415, 0.0306, 0.0020, 0.0000
-0.1501,-0.1500, 3.1415, 3.1415, 0.0243, 0.0004, 0.0000
-0.1500,-0.1500, 3.1415, 3.1415, 0.0109, 0.0000, 0.0000
-0.1500,-0.1500, 3.1415, 3.1415, 0.0021, 0.0000, 0.0000
-0.1501,-0.1500, 3.1415, 3.1415,-0.0056, 0.0000, 0.0000
-0.1500,-0.1500, 3.1415, 3.1415, 0.0049, 0.0000, 0.0000
-0.1500,-0.1500, 3.1415, 3.1415, 0.0009, 0.0000, 0.0000
-0.1501,-0.1500, 3.1384, 3.1415,-0.0058,-0.2513, 4.6799
-0.1500,-0.1500, 3.1384, 3.1415, 0.0048,-0.0502, 3.5744
-0.1496,-0.1500, 3.1384, 3.1415, 0.0373,-0.0100, 4.2349
-0.1490,-0.1500, 3.1415, 3.1415, 0.0559, 0.2493, 0.0000
-0.1484,-0.1500, 3.1415, 3.1415, 0.0536, 0.0498, 1.7924
-0.1477,-0.1500, 3.1447, 3.1415, 0.0652, 0.2613,-4.6799
-0.1473,-0.1500, 3.1447, 3.1415, 0.0494, 0.0522, 0.6347
-0.1468,-0.1500, 3.1447, 3.1415, 0.0523, 0.0104, 3.1065
-0.1462,-0.1500, 3.1478, 3.1415, 0.0529, 0.2534,-4.6799
-0.1459,-0.1500, 3.1478, 3.1415, 0.0348, 0.0506,-1.1507
-0.1459,-0.1500, 3.1478, 3.1415, 0.0069, 0.0101,-1.3574
-0.1460,-0.1500, 3.1478, 3.1415,-0.0046, 0.0020,-1.9087
-0.1462,-0.1500, 3.1447, 3.1415,-0.0191,-0.2509, 4.6799
-0.1464,-0.1500, 3.1447, 3.1415,-0.0159,-0.0501, 0.6391
-0.1463,-0.1500, 3.1447, 3.1415, 0.0028,-0.0100, 0.1293
-0.1462,-0.1500, 3.1447, 3.1415, 0.0066,-0.0020, 0.0359
-0.1460,-0.1500, 3.1447, 3.1415, 0.0195,-0.0004, 1.0496
-0.1455,-0.1500, 3.1447, 3.1415, 0.0402,-0.0000, 2.8107
-0.1451,-0.1500, 3.1478, 3.1415, 0.0444, 0.2512,-4.6799
-0.1449,-0.1500, 3.1478, 3.1415, 0.0270, 0.0502,-1.6319
-0.1448,-0.1500, 3.1478, 3.1415, 0.0114, 0.0100,-0.8288
-0.1449,-0.1500, 3.1478, 3.1415,-0.0098, 0.0020,-2.1944
-0.1452,-0.1500, 3.1447, 3.1415,-0.0262,-0.2509, 4.6799
-0.1454,-0.1500, 3.1447, 3.1415,-0.0173,-0.0501, 0.6549
-0.1453,-0.1500, 3.1447, 3.1415, 0.0025,-0.0100, 0.2398
-0.1451,-0.1500, 3.1447, 3.1415, 0.0187,-0.0020, 1.1894
-0.1446,-0.1500, 3.1447, 3.1415, 0.0401,-0.0004, 2.9382
-0.1441,-0.1500, 3.1478, 3.1415, 0.0504, 0.2512,-4.6799
-0.1439,-0.1500, 3.1478, 3.1415, 0.0282, 0.0502,-1.3977
-0.1438,-0.1500, 3.1478, 3.1415, 0.0117, 0.0100,-0.6746
-0.1440,-0.1500, 3.1478, 3.1415,-0.0158, 0.0020,-2.5676
-0.1443,-0.1500, 3.1478, 3.1415,-0.0274, 0.0004,-3.4765
-0.1448,-0.1500, 3.1447, 3.1415,-0.0418,-0.2512, 4.6799
-0.1451,-0.1500, 3.1447, 3.1415,-0.0326,-0.0502,-0.5484
-0.1455,-0.1500, 3.1415, 3.1415,-0.0368,-0.2613, 4.6799
-0.1454,-0.1500, 3.1415, 3.1415,-0.0013,-0.0522, 2.9403
-0.1452,-0.1500, 3.1415, 3.1415, 0.0118,-0.0104, 1.8839
-0.1449,-0.1500, 3.1447, 3.1415, 0.0266, 0.2492,-4.6799
-0.1448,-0.1500, 3.1447, 3.1415, 0.0174, 0.0498,-1.5428
-0.1449,-0.1500, 3.1447, 3.1415,-0.0025, 0.0099,-1.1416
-0.1450,-0.1500, 3.1447, 3.1415,-0.0126, 0.0019,-1.5780
-0.1454,-0.1500, 3.1415, 3.1415,-0.0328,-0.2509, 4.6799
-0.1455,-0.1500, 3.1415, 3.1415,-0.0126,-0.0501, 1.8969
-0.1454,-0.1500, 3.1415, 3.1415, 0.0035,-0.0100, 1.1670
-0.1452,-0.1500, 3.1415, 3.1415, 0.0188,-0.0020, 2.0537
-0.1449,-0.1500, 3.1447, 3.1415, 0.0280, 0.2509,-4.6799
-0.1446,-0.1500, 3.1447, 3.1415, 0.0237, 0.0501,-1.0005
-0.1447,-0.1500, 3.1447, 3.1415,-0.0013, 0.0100,-1.0063
-0.1448,-0.1500, 3.1447, 3.1415,-0.0063, 0.0020,-1.0121
-0.1451,-0.1500, 3.1415, 3.1415,-0.0255,-0.2509, 4.6799
-0.1452,-0.1500, 3.1415, 3.1415,-0.0172,-0.0501, 1.5580
-0.1451,-0.1500, 3.1415, 3.1415, 0.0086,-0.0100, 1.6453
-0.1449,-0.1500, 3.1415, 3.1415, 0.0199,-0.0020, 2.1908
-0.1446,-0.1500, 3.1447, 3.1415, 0.0282, 0.2509,-4.6799
-0.1443,-0.1500, 3.1447, 3.1415, 0.0238, 0.0501,-0.9452
-0.1444,-0.1500, 3.1447, 3.1415,-0.0012, 0.0100,-0.9536
-0.1445,-0.1500, 3.1447, 3.1415,-0.0063, 0.0020,-0.9598
-0.1447,-0.1500, 3.1447, 3.1415,-0.0194, 0.0004,-1.9894
-0.1451,-0.1500, 3.1447, 3.1415,-0.0342, 0.0000,-3.2378
-0.1456,-0.1500, 3.1415, 3.1415,-0.0492,-0.2513, 4.6799
-0.1458,-0.1500, 3.1415, 3.1415,-0.0280,-0.0502, 0.6168
-0.1458,-0.1500, 3.1415, 3.1415,-0.0056,-0.0100, 0.3947
-0.1457,-0.1500, 3.1415, 3.1415, 0.0110,-0.0020, 1.3758
-0.1455,-0.1500, 3.1415, 3.1415, 0.0203,-0.0004, 2.0998
-0.1450,-0.1500, 3.1447, 3.1415, 0.0404, 0.2512,-4.6799
-0.1447,-0.1500, 3.1447, 3.1415, 0.0323, 0.0502,-0.2630
-0.1447,-0.1500, 3.1447, 3.1415, 0.0064, 0.0100,-0.3216
-0.1449,-0.1500, 3.1447, 3.1415,-0.0108, 0.0020,-1.3546
-0.1451,-0.1500, 3.1447, 3.1415,-0.0203, 0.0004,-2.0850
-0.1453,-0.1500, 3.1447, 3.1415,-0.0222, 0.0000,-2.2501
-0.1458,-0.1500, 3.1415, 3.1415,-0.0408,-0.2513, 4.6799
-0.1461,-0.1500, 3.1415, 3.1415,-0.0324,-0.0502, 0.2506
-0.1461,-0.1500, 3.1415, 3.1415,-0.0064,-0.0100, 0.3186
-0.1458,-0.1500, 3.1415, 3.1415, 0.0168,-0.0020, 1.8693
-0.1457,-0.1500, 3.1415, 3.1415, 0.0155,-0.0004, 1.6907
-0.1452,-0.1500, 3.1447, 3.1415, 0.0394, 0.2512,-4.6799
-0.1450,-0.1500, 3.1447, 3.1415, 0.0260, 0.0502,-0.7949
-0.1450,-0.1500, 3.1447, 3.1415, 0.0052, 0.0100,-0.4383
-0.1452,-0.1500, 3.1447, 3.1415,-0.0110, 0.0020,-1.3885
-0.1455,-0.1500, 3.1447, 3.1415,-0.0264, 0.0004,-2.6142
-0.1458,-0.1500, 3.1447, 3.1415,-0.0356, 0.0000,-3.3974
-0.1463,-0.1500, 3.1415, 3.1415,-0.0435,-0.2513, 4.6799
-0.1466,-0.1500, 3.1415, 3.1415,-0.0329,-0.0502, 0.1661
-0.1466,-0.1500, 3.1415, 3.1415,-0.0065,-0.0100, 0.2693
-0.1465,-0.1500, 3.1415, 3.1415, 0.0047,-0.0020, 0.8033
-0.1463,-0.1500, 3.1415, 3.1415, 0.0191,-0.0004, 1.9423
-0.1459,-0.1500, 3.1447, 3.1415, 0.0341, 0.2512,-4.6799
-0.1457,-0.1500, 3.1447, 3.1415, 0.0250, 0.0502,-0.9425
-0.1458,-0.1500, 3.1478, 3.1415,-0.0010, 0.2613,-4.6799
-0.1460,-0.1500, 3.1447, 3.1415,-0.0184,-0.1990, 4.6799
-0.1459,-0.1500, 3.1447, 3.1415, 0.0023,-0.0398, 1.8267
-0.1458,-0.1500, 3.1447, 3.1415, 0.0065,-0.0079, 0.5307
-0.1455,-0.1500, 3.1478, 3.1415, 0.0255, 0.2497,-4.6799
-0.1455,-0.1500, 3.1478, 3.1415, 0.0051, 0.0499,-3.3714
-0.1456,-0.1500, 3.1478, 3.1415,-0.0050, 0.0099,-2.1477
-0.1458,-0.1500, 3.1478, 3.1415,-0.0191, 0.0019,-2.9317
-0.1462,-0.1500, 3.1478, 3.1415,-0.0280, 0.0003,-3.6197
-0.1468,-0.1500, 3.1478, 3.1415,-0.0541, 0.0000,-4.6799
-0.1476,-0.1500, 3.1447, 3.1415,-0.0775,-0.2512, 4.6799
-0.1479,-0.1500, 3.1415, 3.1415,-0.0397,-0.3015, 4.6799
-0.1480,-0.1500, 3.1415, 3.1415,-0.0200,-0.0603, 1.6118
-0.1480,-0.1500, 3.1447, 3.1415,-0.0040, 0.2392,-4.6799
-0.1481,-0.1500, 3.1447, 3.1415,-0.0068, 0.0478,-3.7284
-0.1481,-0.1500, 3.1447, 3.1415,-0.0013, 0.0095,-1.2860
-0.1484,-0.1500, 3.1447, 3.1415,-0.0184, 0.0019,-2.3322
-0.1487,-0.1500, 3.1447, 3.1415,-0.0279, 0.0003,-3.0737
-0.1492,-0.1500, 3.1447, 3.1415,-0.0480, 0.0000,-4.6799
-0.1499,-0.1500, 3.1415, 3.1415,-0.0702,-0.2513, 0.0000
-0.1503,-0.1500, 3.1415, 3.1415,-0.0443,-0.0502, 0.0000
-0.1508,-0.1500, 3.1384, 3.1415,-0.0452,-0.2613, 4.6799
-0.1510,-0.1500, 3.1384, 3.1415,-0.0272,-0.0522, 1.0793
-0.1510,-0.1500, 3.1384, 3.1415,-0.0054,-0.0104, 0.7174
-0.1507,-0.1500, 3.1415, 3.1415, 0.0231, 0.2492, 0.0000
-0.1504,-0.1500, 3.1415, 3.1415, 0.0288, 0.0498, 0.0000
-0.1500,-0.1500, 3.1447, 3.1415, 0.0360, 0.2613,-4.6799
-0.1499,-0.1500, 3.1447, 3.1415, 0.0193, 0.0522,-1.9826
-0.1501,-0.1500, 3.1447, 3.1415,-0.0143, 0.0104,-2.6334
-0.1502,-0.1500, 3.1447, 3.1415,-0.0089, 0.0020,-1.7612
-0.1505,-0.1500, 3.1447, 3.1415,-0.0321, 0.0004,-3.6411
-0.1510,-0.1500, 3.1447, 3.1415,-0.0428, 0.0000,-4.5646
-0.1517,-0.1500, 3.1447, 3.1415,-0.0631, 0.0000,-4.6799
-0.1525,-0.1500, 3.1415, 3.1415,-0.0793,-0.2513, 4.6799
-0.1529,-0.1500, 3.1384, 3.1415,-0.0461,-0.3015, 4.6799
-0.1531,-0.1500, 3.1384, 3.1415,-0.0274,-0.0603, 1.2322
-0.1531,-0.1500, 3.1384, 3.1415,-0.0054,-0.0120, 0.5476
-0.1529,-0.1500, 3.1415, 3.1415, 0.0170, 0.2489,-4.6799
-0.1527,-0.1500, 3.1447, 3.1415, 0.0155, 0.3011,-4.6799
-0.1529,-0.1500, 3.1447, 3.1415,-0.0090, 0.0602,-4.6799
-0.1533,-0.1500, 3.1447, 3.1415,-0.0321, 0.0120,-4.5674
-0.1540,-0.1500, 3.1415, 3.1415,-0.0609,-0.2489, 4.6799
-0.1542,-0.1500, 3.1415, 3.1415,-0.0303,-0.0497,-0.5064
-0.1547,-0.1500, 3.1415, 3.1415,-0.0485,-0.0099,-4.1406
-0.1554,-0.1500, 3.1384, 3.1415,-0.0642,-0.2533, 4.6799
-0.1556,-0.1500, 3.1384, 3.1415,-0.0310,-0.0506, 0.1302
-0.1558,-0.1500, 3.1384, 3.1415,-0.0183,-0.0101,-0.9385
-0.1559,-0.1500, 3.1384, 3.1415,-0.0157,-0.0020,-1.1689
-0.1560,-0.1500, 3.1384, 3.1415,-0.0092,-0.0004,-0.7199
-0.1565,-0.1500, 3.1384, 3.1415,-0.0382,-0.0000,-3.1989
-0.1568,-0.1500, 3.1384, 3.1415,-0.0379,-0.0000,-3.2281
-0.1574,-0.1500, 3.1353, 3.1415,-0.0500,-0.2513, 4.6799
-0.1579,-0.1500, 3.1353, 3.1415,-0.0524,-0.0502,-1.1332
-0.1584,-0.1500, 3.1353, 3.1415,-0.0468,-0.0100,-2.8132
-0.1590,-0.1500, 3.1353, 3.1415,-0.0639,-0.0020,-4.6799
-0.1596,-0.1500, 3.1321, 3.1415,-0.0552,-0.2517, 4.6799
-0.1600,-0.1500, 3.1321, 3.1415,-0.0474,-0.0503,-0.1500
-0.1606,-0.1500, 3.1290, 3.1415,-0.0519,-0.2614, 4.6799
-0.1606,-0.1500, 3.1290, 3.1415,-0.0164,-0.0522, 3.2620
-0.1606,-0.1500, 3.1290, 3.1415, 0.0027,-0.0104, 2.6902
-0.1605,-0.1500, 3.1321, 3.1415, 0.0066, 0.2492,-4.6799
-0.1604,-0.1500, 3.1321, 3.1415, 0.0073, 0.0498,-0.8609
-0.1605,-0.1500, 3.1321, 3.1415,-0.0045, 0.0099, 0.1996
-0.1605,-0.1500, 3.1321, 3.1415,-0.0009, 0.0019, 0.9119
-0.1603,-0.1500, 3.1321, 3.1415, 0.0119, 0.0003, 2.0735
-0.1603,-0.1500, 3.1321, 3.1415, 0.0023, 0.0000, 1.2917
-0.1603,-0.1500, 3.1353, 3.1415, 0.0065, 0.2513,-4.6799
-0.1601,-0.1500, 3.1353, 3.1415, 0.0134, 0.0502,-1.1922
-0.1603,-0.1500, 3.1353, 3.1415,-0.0094, 0.0100,-1.0272
-0.1605,-0.1500, 3.1353, 3.1415,-0.0200, 0.0020,-1.5246
-0.1609,-0.1500, 3.1321, 3.1415,-0.0343,-0.2509, 4.6799
-0.1610,-0.1500, 3.1321, 3.1415,-0.0189,-0.0501, 2.0231
-0.1609,-0.1500, 3.1321, 3.1415, 0.0022,-0.0100, 1.7069
-0.1607,-0.1500, 3.1321, 3.1415, 0.0186,-0.0020, 2.6696
-0.1605,-0.1500, 3.1353, 3.1415, 0.0219, 0.2509,-4.6799
-0.1603,-0.1500, 3.1353, 3.1415, 0.0165, 0.0501,-0.9941
-0.1604,-0.1500, 3.1353, 3.1415,-0.0027, 0.0100,-0.5249
-0.1605,-0.1500, 3.1353, 3.1415,-0.0066, 0.0020,-0.4427
-0.1608,-0.1500, 3.1353, 3.1415,-0.0255, 0.0004,-1.9734
-0.1612,-0.1500, 3.1321, 3.1415,-0.0414,-0.2512, 4.6799
-0.1613,-0.1500, 3.1321, 3.1415,-0.0143,-0.0502, 2.3344
-0.1613,-0.1500, 3.1321, 3.1415,-0.0028,-0.0100, 1.1961
-0.1612,-0.1500, 3.1321, 3.1415, 0.0115,-0.0020, 1.9871
-0.1609,-0.1500, 3.1321, 3.1415, 0.0265,-0.0004, 3.1783
-0.1604,-0.1500, 3.1353, 3.1415, 0.0416, 0.2512,-4.6799
-0.1602,-0.1500, 3.1353, 3.1415, 0.0265, 0.0502,-0.1964
-0.1601,-0.1500, 3.1353, 3.1415, 0.0113, 0.0100, 0.6342
-0.1601,-0.1500, 3.1353, 3.1415, 0.0022, 0.0020, 0.2912
-0.1601,-0.1500, 3.1353, 3.1415, 0.0004, 0.0004, 0.2181
-0.1600,-0.1500, 3.1353, 3.1415, 0.0061, 0.0000, 0.7109
-0.1599,-0.1500, 3.1353, 3.1415, 0.0133, 0.0000, 1.3240
-0.1596,-0.1500, 3.1353, 3.1415, 0.0208, 0.0000, 1.9681
-0.1593,-0.1500, 3.1353, 3.1415, 0.0344, 0.0000, 3.1375
-0.1587,-0.1500, 3.1353, 3.1415, 0.0493, 0.0000, 4.4264
-0.1582,-0.1500, 3.1384, 3.1415, 0.0523, 0.2513,-4.6799
-0.1580,-0.1500, 3.1384, 3.1415, 0.0286, 0.0502,-0.6315
-0.1578,-0.1500, 3.1384, 3.1415, 0.0178, 0.0100, 0.5717
-0.1577,-0.1500, 3.1384, 3.1415, 0.0156, 0.0020, 0.8231
-0.1576,-0.1500, 3.1384, 3.1415, 0.0092, 0.0004, 0.3722
-0.1575,-0.1500, 3.1384, 3.1415, 0.0079, 0.0000, 0.2859
-0.1574,-0.1500, 3.1384, 3.1415, 0.0076, 0.0000, 0.2722
-0.1572,-0.1500, 3.1384, 3.1415, 0.0197, 0.0000, 1.2970
-0.1570,-0.1500, 3.1384, 3.1415, 0.0221, 0.0000, 1.5199
-0.1567,-0.1500, 3.1384, 3.1415, 0.0286, 0.0000, 2.0944
-0.1563,-0.1500, 3.1415, 3.1415, 0.0360, 0.2513,-4.6799
-0.1562,-0.1500, 3.1415, 3.1415, 0.0193, 0.0502,-2.0478
-0.1562,-0.1500, 3.1415, 3.1415,-0.0021, 0.0100,-1.7604
-0.1565,-0.1500, 3.1384, 3.1415,-0.0246,-0.2493, 4.6799
-0.1568,-0.1500, 3.1384, 3.1415,-0.0231,-0.0498, 0.3634
-0.1568,-0.1500, 3.1384, 3.1415,-0.0106,-0.0099,-0.6861
-0.1568,-0.1500, 3.1353, 3.1415,-0.0021,-0.2533, 4.6799
-0.1568,-0.1500, 3.1353, 3.1415, 0.0056,-0.0506, 3.6013
-0.1565,-0.1500, 3.1353, 3.1415, 0.0253,-0.0101, 3.1686
-0.1561,-0.1500, 3.1384, 3.1415, 0.0353, 0.2492,-4.6799
-0.1560,-0.1500, 3.1384, 3.1415, 0.0131, 0.0498,-1.7267
-0.1561,-0.1500, 3.1384, 3.1415,-0.0034, 0.0099,-1.0451
-0.1562,-0.1500, 3.1353, 3.1415,-0.0128,-0.2493, 4.6799
-0.1562,-0.1500, 3.1353, 3.1415,-0.0025,-0.0498, 2.9275
-0.1562,-0.1500, 3.1353, 3.1415, 0.0055,-0.0099, 1.5368
-0.1562,-0.1500, 3.1353, 3.1415, 0.0011,-0.0019, 0.7512
-0.1559,-0.1500, 3.1353, 3.1415, 0.0244,-0.0003, 2.6387
-0.1553,-0.1500, 3.1353, 3.1415, 0.0473,-0.0000, 4.5773
-0.1546,-0.1500, 3.1353, 3.1415, 0.0640,-0.0000, 4.6799
-0.1539,-0.1500, 3.1384, 3.1415, 0.0734, 0.2513,-4.6799
-0.1534,-0.1500, 3.1415, 3.1415, 0.0571, 0.3015,-4.6799
-0.1531,-0.1500, 3.1415, 3.1415, 0.0296, 0.0603,-1.4086
-0.1531,-0.1500, 3.1415, 3.1415, 0.0059, 0.0120,-0.8730
-0.1534,-0.1500, 3.1384, 3.1415,-0.0230,-0.2489, 4.6799
-0.1534,-0.1500, 3.1384, 3.1415, 0.0014,-0.0497, 2.7534
-0.1532,-0.1500, 3.1384, 3.1415, 0.0124,-0.0099, 1.6132
-0.1530,-0.1500, 3.1384, 3.1415, 0.0206,-0.0019, 1.9097
-0.1525,-0.1500, 3.1384, 3.1415, 0.0405,-0.0003, 3.5243
-0.1519,-0.1500, 3.1384, 3.1415, 0.0566,-0.0000, 4.6799
-0.1511,-0.1500, 3.1415, 3.1415, 0.0780, 0.2513,-4.6799
-0.1505,-0.1500, 3.1447, 3.1415, 0.0580, 0.3015,-4.6799
-0.1502,-0.1500, 3.1447, 3.1415, 0.0419, 0.0603,-0.8718
-0.1502,-0.1500, 3.1447, 3.1415, 0.0083, 0.0120,-1.1515
-0.1502,-0.1500, 3.1415, 3.1415,-0.0043,-0.2489, 0.0000
-0.1503,-0.1500, 3.1415, 3.1415,-0.0069,-0.0497, 0.0000
-0.1505,-0.1500, 3.1415, 3.1415,-0.0195,-0.0099, 0.0000
-0.1505,-0.1500, 3.1415, 3.1415, 0.0021,-0.0019, 0.0000
-0.1504,-0.1500, 3.1384, 3.1415, 0.0064,-0.2517, 4.6799
-0.1502,-0.1500, 3.1384, 3.1415, 0.0134,-0.0503, 4.1304
-0.1498,-0.1500, 3.1384, 3.1415, 0.0390,-0.0100, 4.2211
-0.1493,-0.1500, 3.1415, 3.1415, 0.0502, 0.2493, 0.0000
-0.1487,-0.1500, 3.1415, 3.1415, 0.0524, 0.0498, 1.5321
-0.1480,-0.1500, 3.1447, 3.1415, 0.0711, 0.2613,-4.6799
-0.1475,-0.1500, 3.1447, 3.1415, 0.0506, 0.0522, 0.5750
-0.1471,-0.1500, 3.1447, 3.1415, 0.0465, 0.0104, 2.4572
-0.1465,-0.1500, 3.1478, 3.1415, 0.0517, 0.2534,-4.6799
-0.1462,-0.1500, 3.1478, 3.1415, 0.0346, 0.0506,-1.3357
-0.1462,-0.1500, 3.1478, 3.1415, 0.0129, 0.0101,-1.0153
-0.1462,-0.1500, 3.1478, 3.1415,-0.0034, 0.0020,-1.9661
-0.1465,-0.1500, 3.1447, 3.1415,-0.0249,-0.2509, 4.6799
-0.1465,-0.1500, 3.1447, 3.1415,-0.0049,-0.0501, 1.4000
-0.1464,-0.1500, 3.1447, 3.1415, 0.0111,-0.0100, 0.6743
-0.1462,-0.1500, 3.1447, 3.1415, 0.0143,-0.0020, 0.5449
-0.1458,-0.1500, 3.1447, 3.1415, 0.0331,-0.0004, 2.0702
-0.1452,-0.1500, 3.1447, 3.1415, 0.0551,-0.0000, 3.9479
-0.1446,-0.1500, 3.1478, 3.1415, 0.0595, 0.2512,-4.6799
-0.1443,-0.1500, 3.1478, 3.1415, 0.0361, 0.0502,-0.9475
-0.1441,-0.1500, 3.1478, 3.1415, 0.0254, 0.0100, 0.2767
-0.1440,-0.1500, 3.1478, 3.1415, 0.0172, 0.0020, 0.0334
-0.1437,-0.1500, 3.1478, 3.1415, 0.0216, 0.0004, 0.5133
-0.1435,-0.1500, 3.1478, 3.1415, 0.0225, 0.0000, 0.6332
-0.1433,-0.1500, 3.1478, 3.1415, 0.0166, 0.0000, 0.1694
-0.1430,-0.1500, 3.1510, 3.1415, 0.0275, 0.2513,-4.6799
-0.1428,-0.1500, 3.1510, 3.1415, 0.0237, 0.0502,-2.6028
-0.1429,-0.1500, 3.1510, 3.1415,-0.0013, 0.0100,-2.5980
-0.1432,-0.1500, 3.1478, 3.1415,-0.0245,-0.2493, 4.6799
-0.1433,-0.1500, 3.1478, 3.1415,-0.0109,-0.0498, 0.4875
-0.1432,-0.1500, 3.1478, 3.1415, 0.0038,-0.0099,-0.3382
-0.1433,-0.1500, 3.1478, 3.1415,-0.0052,-0.0019,-1.5172
-0.1434,-0.1500, 3.1478, 3.1415,-0.0131,-0.0003,-2.2688
-0.1437,-0.1500, 3.1478, 3.1415,-0.0208,-0.0000,-2.9423
-0.1440,-0.1500, 3.1447, 3.1415,-0.0284,-0.2513, 4.6799
-0.1440,-0.1500, 3.1447, 3.1415,-0.0117,-0.0502, 1.1912
-0.1440,-0.1500, 3.1447, 3.1415,-0.0023,-0.0100,-0.1117
-0.1441,-0.1500, 3.1447, 3.1415,-0.0065,-0.0020,-0.8815
-0.1441,-0.1500, 3.1447, 3.1415,-0.0013,-0.0004,-0.5281
-0.1442,-0.1500, 3.1447, 3.1415,-0.0063,-0.0000,-0.9668
-0.1446,-0.1500, 3.1415, 3.1415,-0.0315,-0.2513, 4.6799
-0.1446,-0.1500, 3.1415, 3.1415,-0.0063,-0.0502, 2.4141
-0.1444,-0.1500, 3.1415, 3.1415, 0.0108,-0.0100, 1.7738
-0.1443,-0.1500, 3.1415, 3.1415, 0.0082,-0.0020, 1.1506
-0.1439,-0.1500, 3.1447, 3.1415, 0.0380, 0.2509,-4.6799
-0.1437,-0.1500, 3.1447, 3.1415, 0.0197, 0.0501,-1.3473
-0.1437,-0.1500, 3.1447, 3.1415, 0.0039, 0.0100,-0.5710
-0.1439,-0.1500, 3.1447, 3.1415,-0.0113, 0.0020,-1.4365
-0.1443,-0.1500, 3.1447, 3.1415,-0.0325, 0.0004,-3.1567
-0.1447,-0.1500, 3.1415, 3.1415,-0.0428,-0.2512, 4.6799
-0.1450,-0.1500, 3.1415, 3.1415,-0.0328,-0.0502, 0.1827
-0.1450,-0.1500, 3.1415, 3.1415,-0.0065,-0.0100, 0.2793
-0.1448,-0.1500, 3.1415, 3.1415, 0.0168,-0.0020, 1.8362
-0.1446,-0.1500, 3.1415, 3.1415, 0.0215,-0.0004, 2.1711
-0.1443,-0.1500, 3.1447, 3.1415, 0.0285, 0.2512,-4.6799
-0.1440,-0.1500, 3.1447, 3.1415, 0.0299, 0.0502,-0.5036
-0.1440,-0.1500, 3.1447, 3.1415, 0.0059, 0.0100,-0.4039
-0.1441,-0.1500, 3.1447, 3.1415,-0.0109, 0.0020,-1.4050
-0.1444,-0.1500, 3.1447, 3.1415,-0.0264, 0.0004,-2.6405
-0.1448,-0.1500, 3.1447, 3.1415,-0.0356, 0.0000,-3.4251
-0.1453,-0.1500, 3.1415, 3.1415,-0.0495,-0.2513, 4.6799
-0.1457,-0.1500, 3.1415, 3.1415,-0.0402,-0.0502,-0.4827
-0.1461,-0.1500, 3.1384, 3.1415,-0.0383,-0.2613, 4.6799
-0.1461,-0.1500, 3.1384, 3.1415,-0.0076,-0.0522, 3.0987
-0.1459,-0.1500, 3.1384, 3.1415, 0.0105,-0.0104, 2.4643
-0.1456,-0.1500, 3.1415, 3.1415, 0.0263, 0.2492,-4.6799
-0.1455,-0.1500, 3.1415, 3.1415, 0.0113, 0.0498,-1.3731
-0.1455,-0.1500, 3.1415, 3.1415, 0.0083, 0.0099, 0.4570
-0.1455,-0.1500, 3.1415, 3.1415, 0.0016, 0.0019, 0.3203
-0.1455,-0.1500, 3.1415, 3.1415, 0.0003, 0.0003, 0.2949
-0.1453,-0.1500, 3.1415, 3.1415, 0.0121, 0.0000, 1.3155
-0.1452,-0.1500, 3.1415, 3.1415, 0.0145, 0.0000, 1.5357
-0.1449,-0.1500, 3.1447, 3.1415, 0.0271, 0.2513,-4.6799
-0.1447,-0.1500, 3.1447, 3.1415, 0.0175, 0.0502,-1.5846
-0.1448,-0.1500, 3.1447, 3.1415,-0.0025, 0.0100,-1.1731
-0.1450,-0.1500, 3.1447, 3.1415,-0.0187, 0.0020,-2.1192
-0.1454,-0.1500, 3.1447, 3.1415,-0.0340, 0.0004,-3.3512
-0.1459,-0.1500, 3.1415, 3.1415,-0.0492,-0.2512, 4.6799
-0.1462,-0.1500, 3.1415, 3.1415,-0.0341,-0.0502,-0.0044
-0.1466,-0.1500, 3.1415, 3.1415,-0.0371,-0.0100,-2.3833
-0.1470,-0.1500, 3.1384, 3.1415,-0.0377,-0.2533, 4.6799
-0.1470,-0.1500, 3.1384, 3.1415,-0.0075,-0.0506, 2.9538
-0.1468,-0.1500, 3.1384, 3.1415, 0.0106,-0.0101, 2.3775
-0.1467,-0.1500, 3.1384, 3.1415, 0.0142,-0.0020, 2.2778
-0.1463,-0.1500, 3.1415, 3.1415, 0.0331, 0.2509,-4.6799
-0.1459,-0.1500, 3.1447, 3.1415, 0.0369, 0.3015,-4.6799
-0.1459,-0.1500, 3.1447, 3.1415, 0.0073, 0.0603,-3.0700
-0.1461,-0.1500, 3.1447, 3.1415,-0.0106, 0.0120,-2.0795
-0.1465,-0.1500, 3.1415, 3.1415,-0.0385,-0.2489, 4.6799
-0.1468,-0.1500, 3.1415, 3.1415,-0.0319,-0.0497, 0.0924
-0.1468,-0.1500, 3.1415, 3.1415,-0.0003,-0.0099, 0.6610
-0.1468,-0.1500, 3.1415, 3.1415,-0.0000,-0.0019, 0.2713
-0.1465,-0.1500, 3.1415, 3.1415, 0.0181,-0.0003, 1.7302
-0.1461,-0.1500, 3.1447, 3.1415, 0.0400, 0.2512,-4.6799
-0.1460,-0.1500, 3.1447, 3.1415, 0.0140, 0.0502,-1.9921
-0.1460,-0.1500, 3.1447, 3.1415, 0.0028, 0.0100,-0.8383
-0.1462,-0.1500, 3.1447, 3.1415,-0.0176, 0.0020,-2.1413
-0.1465,-0.1500, 3.1447, 3.1415,-0.0277, 0.0004,-2.9332
-0.1469,-0.1500, 3.1415, 3.1415,-0.0358,-0.2512, 4.6799
-0.1472,-0.1500, 3.1415, 3.1415,-0.0314,-0.0502, 0.1316
-0.1472,-0.1500, 3.1415, 3.1415,-0.0062,-0.0100, 0.1338
-0.1471,-0.1500, 3.1415, 3.1415, 0.0108,-0.0020, 1.1590
-0.1468,-0.1500, 3.1447, 3.1415, 0.0264, 0.2509,-4.6799
-0.1466,-0.1500, 3.1447, 3.1415, 0.0174, 0.0501,-1.7689
-0.1468,-0.1500, 3.1447, 3.1415,-0.0086, 0.0100,-1.8637
-0.1469,-0.1500, 3.1447, 3.1415,-0.0138, 0.0020,-1.8955
-0.1473,-0.1500, 3.1447, 3.1415,-0.0330, 0.0004,-3.4501
-0.1477,-0.1500, 3.1415, 3.1415,-0.0429,-0.2512, 4.6799
-0.1479,-0.1500, 3.1415, 3.1415,-0.0207,-0.0502, 0.9514
-0.1479,-0.1500, 3.1415, 3.1415,-0.0041,-0.0100, 0.2429
-0.1477,-0.1500, 3.1415, 3.1415, 0.0112,-0.0020, 1.1258
-0.1474,-0.1500, 3.1447, 3.1415, 0.0265, 0.2509,-4.6799
-0.1473,-0.1500, 3.1447, 3.1415, 0.0174, 0.0501,-1.8366
-0.1473,-0.1500, 3.1447, 3.1415, 0.0034, 0.0100,-0.9093
-0.1474,-0.1500, 3.1447, 3.1415,-0.0114, 0.0020,-1.7463
-0.1479,-0.1500, 3.1447, 3.1415,-0.0386, 0.0004,-3.9741
-0.1484,-0.1500, 3.1447, 3.1415,-0.0501, 0.0000,-4.6799
-0.1490,-0.1500, 3.1415, 3.1415,-0.0585,-0.2513, 0.0000
-0.1496,-0.1500, 3.1415, 3.1415,-0.0602,-0.0502, 0.0000
-0.1501,-0.1500, 3.1384, 3.1415,-0.0484,-0.2613, 4.6799
-0.1503,-0.1500, 3.1384, 3.1415,-0.0278,-0.0522, 1.0082
-0.1503,-0.1500, 3.1384, 3.1415,-0.0055,-0.0104, 0.6887
-0.1500,-0.1500, 3.1415, 3.1415, 0.0231, 0.2492, 0.0000
-0.1497,-0.1500, 3.1415, 3.1415, 0.0288, 0.0498, 0.0000
-0.1495,-0.1500, 3.1415, 3.1415, 0.0239, 0.0099, 0.0000
-0.1492,-0.1500, 3.1447, 3.1415, 0.0290, 0.2533,-4.6799
-0.1491,-0.1500, 3.1447, 3.1415, 0.0118, 0.0506,-2.5289
-0.1493,-0.1500, 3.1447, 3.1415,-0.0097, 0.0101,-2.2377
-0.1496,-0.1500, 3.1447, 3.1415,-0.0262, 0.0020,-3.2168
-0.1499,-0.1500, 3.1447, 3.1415,-0.0355, 0.0004,-3.9526
-0.1505,-0.1500, 3.1415, 3.1415,-0.0495,-0.2512, 0.0000
-0.1510,-0.1500, 3.1415, 3.1415,-0.0523,-0.0502,-2.0241
-0.1515,-0.1500, 3.1415, 3.1415,-0.0468,-0.0100,-3.7062
-0.1521,-0.1500, 3.1384, 3.1415,-0.0578,-0.2533, 4.6799
-0.1523,-0.1500, 3.1384, 3.1415,-0.0297,-0.0506, 0.5381
-0.1523,-0.1500, 3.1384, 3.1415,-0.0059,-0.0101, 0.4097
-0.1522,-0.1500, 3.1384, 3.1415, 0.0048,-0.0020, 0.8948
-0.1520,-0.1500, 3.1415, 3.1415, 0.0191, 0.2509,-4.6799
-0.1518,-0.1500, 3.1415, 3.1415, 0.0159, 0.0501,-1.6685
-0.1519,-0.1500, 3.1415, 3.1415,-0.0028, 0.0100,-1.1581
-0.1521,-0.1500, 3.1415, 3.1415,-0.0127, 0.0020,-1.5758
-0.1526,-0.1500, 3.1415, 3.1415,-0.0449, 0.0004,-4.2334
-0.1531,-0.1500, 3.1384, 3.1415,-0.0514,-0.2512, 4.6799
-0.1533,-0.1500, 3.1384, 3.1415,-0.0224,-0.0502, 1.0031
-0.1534,-0.1500, 3.1384, 3.1415,-0.0105,-0.0100,-0.1080
-0.1533,-0.1500, 3.1384, 3.1415, 0.0039,-0.0020, 0.6847
-0.1533,-0.1500, 3.1384, 3.1415, 0.0007,-0.0004, 0.3371
-0.1531,-0.1500, 3.1415, 3.1415, 0.0122, 0.2512,-4.6799
-0.1530,-0.1500, 3.1415, 3.1415, 0.0085, 0.0502,-2.4421
-0.1532,-0.1500, 3.1415, 3.1415,-0.0104, 0.0100,-1.9476
-0.1537,-0.1500, 3.1415, 3.1415,-0.0384, 0.0020,-3.9117
-0.1543,-0.1500, 3.1384, 3.1415,-0.0562,-0.2509, 4.6799
-0.1546,-0.1500, 3.1384, 3.1415,-0.0354,-0.0501,-0.2477
-0.1550,-0.1500, 3.1384, 3.1415,-0.0434,-0.0100,-3.0482
-0.1556,-0.1500, 3.1384, 3.1415,-0.0511,-0.0020,-4.1646
-0.1561,-0.1500, 3.1353, 3.1415,-0.0526,-0.2517, 4.6799
-0.1563,-0.1500, 3.1353, 3.1415,-0.0287,-0.0503, 0.9285
-0.1566,-0.1500, 3.1321, 3.1415,-0.0299,-0.2613, 4.6799
-0.1565,-0.1500, 3.1353, 3.1415, 0.0061, 0.1990,-4.6799
-0.1567,-0.1500, 3.1353, 3.1415,-0.0169, 0.0398,-2.8196
-0.1568,-0.1500, 3.1353, 3.1415,-0.0155, 0.0079,-1.0690
-0.1570,-0.1500, 3.1353, 3.1415,-0.0152, 0.0015,-0.7361
-0.1575,-0.1500, 3.1321, 3.1415,-0.0454,-0.2510, 4.6799
-0.1577,-0.1500, 3.1321, 3.1415,-0.0272,-0.0502, 1.6760
-0.1578,-0.1500, 3.1321, 3.1415,-0.0115,-0.0100, 0.8877
-0.1577,-0.1500, 3.1321, 3.1415, 0.0037,-0.0020, 1.7433
-0.1574,-0.1500, 3.1321, 3.1415, 0.0310,-0.0004, 3.9653
-0.1571,-0.1500, 3.1353, 3.1415, 0.0304, 0.2512,-4.6799
-0.1569,-0.1500, 3.1353, 3.1415, 0.0182, 0.0502,-0.4969
-0.1569,-0.1500, 3.1353, 3.1415, 0.0036, 0.0100, 0.3752
-0.1569,-0.1500, 3.1353, 3.1415, 0.0007, 0.0020, 0.5466
-0.1569,-0.1500, 3.1353, 3.1415, 0.0001, 0.0004, 0.5778
-0.1569,-0.1500, 3.1353, 3.1415, 0.0000, 0.0000, 0.5810
-0.1567,-0.1500, 3.1353, 3.1415, 0.0181, 0.0000, 2.1141
-0.1564,-0.1500, 3.1384, 3.1415, 0.0278, 0.2513,-4.6799
-0.1562,-0.1500, 3.1384, 3.1415, 0.0177, 0.0502,-1.3014
-0.1564,-0.1500, 3.1384, 3.1415,-0.0085, 0.0100,-1.4179
-0.1568,-0.1500, 3.1353, 3.1415,-0.0380,-0.2493, 4.6799
-0.1570,-0.1500, 3.1353, 3.1415,-0.0197,-0.0498, 1.5076
-0.1570,-0.1500, 3.1353, 3.1415,-0.0039,-0.0099, 0.7452
-0.1568,-0.1500, 3.1353, 3.1415, 0.0113,-0.0019, 1.6134
-0.1567,-0.1500, 3.1353, 3.1415, 0.0143,-0.0003, 1.7980
-0.1563,-0.1500, 3.1384, 3.1415, 0.0331, 0.2512,-4.6799
-0.1562,-0.1500, 3.1384, 3.1415, 0.0187, 0.0502,-1.2259
-0.1562,-0.1500, 3.1384, 3.1415,-0.0023, 0.0100,-0.9015
-0.1565,-0.1500, 3.1384, 3.1415,-0.0247, 0.0020,-2.3819
-0.1569,-0.1500, 3.1353, 3.1415,-0.0352,-0.2509, 4.6799
-0.1571,-0.1500, 3.1353, 3.1415,-0.0191,-0.0501, 1.5370
-0.1571,-0.1500, 3.1353, 3.1415,-0.0098,-0.0100, 0.2116
-0.1571,-0.1500, 3.1353, 3.1415, 0.0040,-0.0020, 0.9602
-0.1568,-0.1500, 3.1353, 3.1415, 0.0250,-0.0004, 2.6492
-0.1563,-0.1500, 3.1353, 3.1415, 0.0413,-0.0000, 4.0359
-0.1557,-0.1500, 3.1384, 3.1415, 0.0567, 0.2512,-4.6799
-0.1555,-0.1500, 3.1384, 3.1415, 0.0295, 0.0502,-0.2822
-0.1554,-0.1500, 3.1384, 3.1415, 0.0119, 0.0100, 0.3511
-0.1554,-0.1500, 3.1384, 3.1415, 0.0023, 0.0020,-0.0293
-0.1554,-0.1500, 3.1384, 3.1415, 0.0004, 0.0004,-0.1078
-0.1556,-0.1500, 3.1384, 3.1415,-0.0180, 0.0000,-1.6614
-0.1560,-0.1500, 3.1353, 3.1415,-0.0339,-0.2512, 4.6799
-0.1562,-0.1500, 3.1353, 3.1415,-0.0189,-0.0502, 1.6345
-0.1559,-0.1500, 3.1353, 3.1415, 0.0144,-0.0100, 2.3364
-0.1557,-0.1500, 3.1353, 3.1415, 0.0210,-0.0020, 2.4953
-0.1556,-0.1500, 3.1353, 3.1415, 0.0163,-0.0004, 2.0340
-0.1550,-0.1500, 3.1384, 3.1415, 0.0457, 0.2512,-4.6799
-0.1546,-0.1500, 3.1384, 3.1415, 0.0394, 0.0502, 0.6096
-0.1543,-0.1500, 3.1384, 3.1415, 0.0382, 0.0100, 2.6323
-0.1540,-0.1500, 3.1384, 3.1415, 0.0318, 0.0020, 2.5585
-0.1534,-0.1500, 3.1415, 3.1415, 0.0488, 0.2517,-4.6799
-0.1532,-0.1500, 3.1415, 3.1415, 0.0279, 0.0503,-1.0074
-0.1531,-0.1500, 3.1415, 3.1415, 0.0116, 0.0100,-0.2635
-0.1533,-0.1500, 3.1415, 3.1415,-0.0097, 0.0020,-1.6446
-0.1536,-0.1500, 3.1384, 3.1415,-0.0262,-0.2509, 4.6799
-0.1536,-0.1500, 3.1384, 3.1415,-0.0052,-0.0501, 2.2214
-0.1534,-0.1500, 3.1384, 3.1415, 0.0110,-0.0100, 1.5086
-0.1532,-0.1500, 3.1384, 3.1415, 0.0204,-0.0020, 1.8904
-0.1528,-0.1500, 3.1384, 3.1415, 0.0343,-0.0004, 3.0101
-0.1521,-0.1500, 3.1415, 3.1415, 0.0614, 0.2512,-4.6799
-0.1518,-0.1500, 3.1415, 3.1415, 0.0365, 0.0502,-0.1439
-0.1517,-0.1500, 3.1415, 3.1415, 0.0194, 0.0100, 0.5385
-0.1515,-0.1500, 3.1415, 3.1415, 0.0220, 0.0020, 1.2002
-0.1513,-0.1500, 3.1415, 3.1415, 0.0165, 0.0004, 0.8412
-0.1512,-0.1500, 3.1415, 3.1415, 0.0154, 0.0000, 0.7829
-0.1508,-0.1500, 3.1415, 3.1415, 0.0334, 0.0000, 0.0000
-0.1505,-0.1500, 3.1447, 3.1415, 0.0309, 0.2513,-4.6799
-0.1502,-0.1500, 3.1447, 3.1415, 0.0304, 0.0502,-1.2792
-0.1501,-0.1500, 3.1447, 3.1415, 0.0121, 0.0100,-0.7018
-0.1504,-0.1500, 3.1447, 3.1415,-0.0218, 0.0020,-3.1386
-0.1507,-0.1500, 3.1415, 3.1415,-0.0286,-0.2509, 0.0000
-0.1510,-0.1500, 3.1415, 3.1415,-0.0299,-0.0501,-0.3605
-0.1512,-0.1500, 3.1384, 3.1415,-0.0241,-0.2613, 4.6799
-0.1512,-0.1500, 3.1384, 3.1415,-0.0048,-0.0522, 2.6240
-0.1510,-0.1500, 3.1384, 3.1415, 0.0172,-0.0104, 2.3107
-0.1505,-0.1500, 3.1384, 3.1415, 0.0398,-0.0020, 3.8042
-0.1499,-0.1500, 3.1415, 3.1415, 0.0564, 0.2509, 0.0000
-0.1493,-0.1500, 3.1447, 3.1415, 0.0658, 0.3015,-4.6799
-0.1487,-0.1500, 3.1447, 3.1415, 0.0556, 0.0603, 0.4535
-0.1481,-0.1500, 3.1478, 3.1415, 0.0596, 0.2633,-4.6799
-0.1478,-0.1500, 3.1478, 3.1415, 0.0361, 0.0526,-1.4745
-0.1477,-0.1500, 3.1478, 3.1415, 0.0133, 0.0105,-1.1768
-0.1479,-0.1500, 3.1478, 3.1415,-0.0094, 0.0021,-2.6449
-0.1482,-0.1500, 3.1447, 3.1415,-0.0261,-0.2508, 4.6799
-0.1482,-0.1500, 3.1447, 3.1415,-0.0052,-0.0501, 1.2023
-0.1481,-0.1500, 3.1447, 3.1415, 0.0050,-0.0100,-0.0200
-0.1481,-0.1500, 3.1447, 3.1415, 0.0010,-0.0020,-0.7684
-0.1481,-0.1500, 3.1447, 3.1415, 0.0002,-0.0004,-0.9173
-0.1483,-0.1500, 3.1447, 3.1415,-0.0120,-0.0000,-1.9700
-0.1484,-0.1500, 3.1415, 3.1415,-0.0145,-0.2513, 4.6799
-0.1484,-0.1500, 3.1415, 3.1415, 0.0031,-0.0502, 2.7075
-0.1483,-0.1500, 3.1415, 3.1415, 0.0066,-0.0100, 0.9249
-0.1480,-0.1500, 3.1447, 3.1415, 0.0195, 0.2493,-4.6799
-0.1479,-0.1500, 3.1447, 3.1415, 0.0160, 0.0498,-2.1810
-0.1480,-0.1500, 3.1447, 3.1415,-0.0028, 0.0099,-1.6866
-0.1481,-0.1500, 3.1415, 3.1415,-0.0126,-0.2493, 4.6799
-0.1481,-0.1500, 3.1415, 3.1415,-0.0025,-0.0498, 2.2447
-0.1480,-0.1500, 3.1415, 3.1415, 0.0116,-0.0099, 1.3687
-0.1477,-0.1500, 3.1447, 3.1415, 0.0265, 0.2493,-4.6799
-0.1476,-0.1500, 3.1447, 3.1415, 0.0113, 0.0498,-2.5278
-0.1477,-0.1500, 3.1447, 3.1415,-0.0037, 0.0099,-1.7241
-0.1478,-0.1500, 3.1415, 3.1415,-0.0128,-0.2493, 4.6799
-0.1479,-0.1500, 3.1415, 3.1415,-0.0086,-0.0498, 1.7697
-0.1477,-0.1500, 3.1415, 3.1415, 0.0103,-0.0099, 1.2987
-0.1477,-0.1500, 3.1415, 3.1415, 0.0081,-0.0019, 0.7076
-0.1473,-0.1500, 3.1447, 3.1415, 0.0319, 0.2509,-4.6799
-0.1471,-0.1500, 3.1447, 3.1415, 0.0245, 0.0501,-1.3814
-0.1471,-0.1500, 3.1447, 3.1415, 0.0049, 0.0100,-0.9285
-0.1473,-0.1500, 3.1447, 3.1415,-0.0172, 0.0020,-2.3722
-0.1477,-0.1500, 3.1415, 3.1415,-0.0398,-0.2509, 4.6799
-0.1477,-0.1500, 3.1415, 3.1415,-0.0079,-0.0501, 1.8681
-0.1477,-0.1500, 3.1415, 3.1415,-0.0015,-0.0100, 0.3154
-0.1477,-0.1500, 3.1415, 3.1415, 0.0057,-0.0020, 0.5176
-0.1471,-0.1500, 3.1447, 3.1415, 0.0496, 0.2509,-4.6799
-0.1469,-0.1500, 3.1447, 3.1415, 0.0220, 0.0501,-1.5646
-0.1469,-0.1500, 3.1447, 3.1415, 0.0044, 0.0100,-0.9444
-0.1471,-0.1500, 3.1447, 3.1415,-0.0112, 0.0020,-1.8427
-0.1475,-0.1500, 3.1447, 3.1415,-0.0386, 0.0004,-4.0824
-0.1478,-0.1500, 3.1415, 3.1415,-0.0319,-0.2512, 4.6799
-0.1482,-0.1500, 3.1415, 3.1415,-0.0367,-0.0502,-0.5563
-0.1484,-0.1500, 3.1415, 3.1415,-0.0194,-0.0100,-1.2277
-0.1487,-0.1500, 3.1384, 3.1415,-0.0281,-0.2533, 4.6799
-0.1486,-0.1500, 3.1384, 3.1415, 0.0004,-0.0506, 3.3224
-0.1484,-0.1500, 3.1384, 3.1415, 0.0182,-0.0101, 2.7274
-0.1482,-0.1500, 3.1415, 3.1415, 0.0157, 0.2493,-4.6799
-0.1480,-0.1500, 3.1415, 3.1415, 0.0213, 0.0498,-0.9026
-0.1480,-0.1500, 3.1415, 3.1415,-0.0017, 0.0099,-0.7611
-0.1481,-0.1500, 3.1415, 3.1415,-0.0064, 0.0019,-0.7390
-0.1483,-0.1500, 3.1415, 3.1415,-0.0134, 0.0003,-1.2527
-0.1487,-0.1500, 3.1384, 3.1415,-0.0390,-0.2512, 4.6799
-0.1488,-0.1500, 3.1384, 3.1415,-0.0138,-0.0502, 2.0929
-0.1487,-0.1500, 3.1384, 3.1415, 0.0032,-0.0100, 1.4410
-0.1485,-0.1500, 3.1384, 3.1415, 0.0188,-0.0020, 2.3419
-0.1480,-0.1500, 3.1415, 3.1415, 0.0462, 0.2509,-4.6799
-0.1479,-0.1500, 3.1415, 3.1415, 0.0153, 0.0501,-1.4057
-0.1478,-0.1500, 3.1415, 3.1415, 0.0091, 0.0100, 0.1738
-0.1477,-0.1500, 3.1415, 3.1415, 0.0139, 0.0020, 1.0096
-0.1477,-0.1500, 3.1415, 3.1415, 0.0027, 0.0004, 0.1682
-0.1476,-0.1500, 3.1415, 3.1415, 0.0066, 0.0000, 0.5127
-0.1473,-0.1500, 3.1447, 3.1415, 0.0255, 0.2513,-4.6799
-0.1473,-0.1500, 3.1447, 3.1415, 0.0051, 0.0502,-2.9966
-0.1474,-0.1500, 3.1447, 3.1415,-0.0050, 0.0100,-1.7605
-0.1477,-0.1500, 3.1447, 3.1415,-0.0252, 0.0020,-3.0547
-0.1480,-0.1500, 3.1415, 3.1415,-0.0353,-0.2509, 4.6799
-0.1483,-0.1500, 3.1415, 3.1415,-0.0252,-0.0501, 0.4010
-0.1483,-0.1500, 3.1415, 3.1415,-0.0050,-0.0100,-0.0038
-0.1483,-0.1500, 3.1415, 3.1415,-0.0010,-0.0020,-0.0840
-0.1484,-0.1500, 3.1415, 3.1415,-0.0062,-0.0004,-0.6112
-0.1484,-0.1500, 3.1415, 3.1415,-0.0073,-0.0000,-0.7229
-0.1487,-0.1500, 3.1415, 3.1415,-0.0196,-0.0000,-1.7754
-0.1488,-0.1500, 3.1384, 3.1415,-0.0160,-0.2513, 4.6799
-0.1489,-0.1500, 3.1384, 3.1415,-0.0092,-0.0502, 2.4841
-0.1488,-0.1500, 3.1384, 3.1415, 0.0042,-0.0100, 1.5262
-0.1483,-0.1500, 3.1415, 3.1415, 0.0432, 0.2493,-4.6799
-0.1480,-0.1500, 3.1415, 3.1415, 0.0268, 0.0498,-0.4326
-0.1480,-0.1500, 3.1415, 3.1415, 0.0053, 0.0099,-0.1442
-0.1481,-0.1500, 3.1415, 3.1415,-0.0049, 0.0019,-0.5974
-0.1484,-0.1500, 3.1415, 3.1415,-0.0191, 0.0003,-1.7180
-0.1487,-0.1500, 3.1415, 3.1415,-0.0280, 0.0000,-2.4744
-0.1491,-0.1500, 3.1384, 3.1415,-0.0419,-0.2513, 4.6799
-0.1493,-0.1500, 3.1384, 3.1415,-0.0205,-0.0502, 1.5123
-0.1491,-0.1500, 3.1384, 3.1415, 0.0080,-0.0100, 1.8129
-0.1490,-0.1500, 3.1384, 3.1415, 0.0137,-0.0020, 1.8875
-0.1488,-0.1500, 3.1415, 3.1415, 0.0148, 0.2509,-4.6799
-0.1486,-0.1500, 3.1415, 3.1415, 0.0211, 0.0501,-0.9763
-0.1486,-0.1500, 3.1415, 3.1415, 0.0042, 0.0100,-0.2977
-0.1487,-0.1500, 3.1415, 3.1415,-0.0052, 0.0020,-0.6732
-0.1490,-0.1500, 3.1415, 3.1415,-0.0313, 0.0004, 0.0000
-0.1493,-0.1500, 3.1384, 3.1415,-0.0305,-0.2512, 4.6799
-0.1494,-0.1500, 3.1384, 3.1415,-0.0121,-0.0502, 2.1910
-0.1493,-0.1500, 3.1384, 3.1415, 0.0096,-0.0100, 1.9373
-0.1490,-0.1500, 3.1415, 3.1415, 0.0261, 0.2493, 0.0000
-0.1487,-0.1500, 3.1415, 3.1415, 0.0294, 0.0498,-0.2747
-0.1484,-0.1500, 3.1415, 3.1415, 0.0301, 0.0099, 1.8850
-0.1480,-0.1500, 3.1447, 3.1415, 0.0363, 0.2533,-4.6799
-0.1479,-0.1500, 3.1447, 3.1415, 0.0133, 0.0506,-2.3849
-0.1480,-0.1500, 3.1447, 3.1415,-0.0094, 0.0101,-2.1900
-0.1484,-0.1500, 3.1415, 3.1415,-0.0261,-0.2493, 4.6799
-0.1484,-0.1500, 3.1415, 3.1415,-0.0052,-0.0498, 2.0565
-0.1484,-0.1500, 3.1415, 3.1415,-0.0010,-0.0099, 0.3354
-0.1482,-0.1500, 3.1415, 3.1415, 0.0119,-0.0019, 1.0155
-0.1480,-0.1500, 3.1447, 3.1415, 0.0145, 0.2509,-4.6799
-0.1479,-0.1500, 3.1447, 3.1415, 0.0150, 0.0501,-2.2145
-0.1479,-0.1500, 3.1447, 3.1415, 0.0030, 0.0100,-1.1283
-0.1482,-0.1500, 3.1447, 3.1415,-0.0236, 0.0020,-2.9574
-0.1486,-0.1500, 3.1415, 3.1415,-0.0350,-0.2509, 4.6799
-0.1487,-0.1500, 3.1415, 3.1415,-0.0191,-0.0501, 0.8814
-0.1487,-0.1500, 3.1415, 3.1415,-0.0038,-0.0100, 0.0696
-0.1485,-0.1500, 3.1415, 3.1415, 0.0174,-0.0020, 1.4433
-0.1484,-0.1500, 3.1447, 3.1415, 0.0095, 0.2509,-4.6799
-0.1483,-0.1500, 3.1447, 3.1415, 0.0140, 0.0501,-2.3356
-0.1484,-0.1500, 3.1447, 3.1415,-0.0032, 0.0100,-1.6955
-0.1486,-0.1500, 3.1447, 3.1415,-0.0188, 0.0020,-2.5975
-0.1490,-0.1500, 3.1415, 3.1415,-0.0401,-0.2509, 0.0000
-0.1495,-0.1500, 3.1415, 3.1415,-0.0444,-0.0501, 0.0000
-0.1498,-0.1500, 3.1415, 3.1415,-0.0331,-0.0100, 0.0000
-0.1500,-0.1500, 3.1384, 3.1415,-0.0248,-0.2533, 4.6799
-0.1500,-0.1500, 3.1384, 3.1415,-0.0049,-0.0506, 2.7549
-0.1497,-0.1500, 3.1415, 3.1415, 0.0232, 0.2411, 0.0000
-0.1495,-0.1500, 3.1415, 3.1415, 0.0228, 0.0482, 0.0000
-0.1492,-0.1500, 3.1447, 3.1415, 0.0288, 0.2609,-4.6799
-0.1490,-0.1500, 3.1447, 3.1415, 0.0239, 0.0521,-1.6938
-0.1491,-0.1500, 3.1447, 3.1415,-0.0073, 0.0104,-2.1407
-0.1493,-0.1500, 3.1447, 3.1415,-0.0135, 0.0020,-2.2439
-0.1496,-0.1500, 3.1415, 3.1415,-0.0269,-0.2509, 0.0000
-0.1499,-0.1500, 3.1415, 3.1415,-0.0357,-0.0501, 0.0000
-0.1501,-0.1500, 3.1415, 3.1415,-0.0192,-0.0100, 0.0000
-0.1503,-0.1500, 3.1415, 3.1415,-0.0220,-0.0020, 0.0000
-0.1503,-0.1500, 3.1415, 3.1415,-0.0044,-0.0004, 0.0000
-0.1502,-0.1500, 3.1415, 3.1415, 0.0051,-0.0000, 0.0000
-0.1502,-0.1500, 3.1415, 3.1415, 0.0010,-0.0000, 0.0000
-0.1502,-0.1500, 3.1415, 3.1415, 0.0062,-0.0000, 0.0000
-0.1501,-0.1500, 3.1415, 3.1415, 0.0073,-0.0000, 0.0000
-0.1502,-0.1500, 3.1415, 3.1415,-0.0046,-0.0000, 0.0000
-0.1502,-0.1500, 3.1447, 3.1415,-0.0009, 0.2513,-4.6799
-0.1502,-0.1500, 3.1447, 3.1415,-0.0062, 0.0502,-4.2476
-0.1505,-0.1500, 3.1447, 3.1415,-0.0194, 0.0100,-3.2828
-0.1509,-0.1500, 3.1415, 3.1415,-0.0342,-0.2493, 0.0000
-0.1512,-0.1500, 3.1415, 3.1415,-0.0310,-0.0498,-0.4036
-0.1515,-0.1500, 3.1415, 3.1415,-0.0365,-0.0099,-2.9688
-0.1520,-0.1500, 3.1384, 3.1415,-0.0436,-0.2533, 4.6799
-0.1521,-0.1500, 3.1384, 3.1415,-0.0148,-0.0506, 1.7000
-0.1520,-0.1500, 3.1384, 3.1415, 0.0031,-0.0101, 1.0907
-0.1517,-0.1500, 3.1415, 3.1415, 0.0248, 0.2493,-4.6799
-0.1517,-0.1500, 3.1415, 3.1415, 0.0049, 0.0498,-2.6495
-0.1518,-0.1500, 3.1415, 3.1415,-0.0050, 0.0099,-1.4234
-0.1520,-0.1500, 3.1415, 3.1415,-0.0192, 0.0019,-2.2097
-0.1524,-0.1500, 3.1415, 3.1415,-0.0341, 0.0003,-3.4127
-0.1530,-0.1500, 3.1384, 3.1415,-0.0614,-0.2512, 4.6799
-0.1535,-0.1500, 3.1384, 3.1415,-0.0486,-0.0502,-1.3044
-0.1539,-0.1500, 3.1353, 3.1415,-0.0400,-0.2613, 4.6799
-0.1540,-0.1500, 3.1353, 3.1415,-0.0140,-0.0522, 2.4327
-0.1539,-0.1500, 3.1353, 3.1415, 0.0032,-0.0104, 1.7072
-0.1536,-0.1500, 3.1384, 3.1415, 0.0249, 0.2492,-4.6799
-0.1535,-0.1500, 3.1384, 3.1415, 0.0110, 0.0498,-1.5495
-0.1534,-0.1500, 3.1384, 3.1415, 0.0082, 0.0099, 0.2957
-0.1535,-0.1500, 3.1384, 3.1415,-0.0044, 0.0019,-0.3534
-0.1537,-0.1500, 3.1384, 3.1415,-0.0190, 0.0003,-1.5153
-0.1540,-0.1500, 3.1384, 3.1415,-0.0220, 0.0000,-1.7706
-0.1543,-0.1500, 3.1384, 3.1415,-0.0347, 0.0000,-2.8683
-0.1549,-0.1500, 3.1353, 3.1415,-0.0493,-0.2513, 4.6799
-0.1551,-0.1500, 3.1353, 3.1415,-0.0280,-0.0502, 1.0184
-0.1551,-0.1500, 3.1353, 3.1415,-0.0056,-0.0100, 0.7927
-0.1550,-0.1500, 3.1353, 3.1415, 0.0049,-0.0020, 1.2571
-0.1548,-0.1500, 3.1353, 3.1415, 0.0191,-0.0004, 2.3786
-0.1543,-0.1500, 3.1384, 3.1415, 0.0462, 0.2512,-4.6799
-0.1540,-0.1500, 3.1384, 3.1415, 0.0274, 0.0502,-0.2949
-0.1541,-0.1500, 3.1384, 3.1415,-0.0005, 0.0100,-0.5454
-0.1543,-0.1500, 3.1384, 3.1415,-0.0122, 0.0020,-1.1163
-0.1545,-0.1500, 3.1384, 3.1415,-0.0206, 0.0004,-1.7583
-0.1549,-0.1500, 3.1384, 3.1415,-0.0344, 0.0000,-2.9334
-0.1555,-0.1500, 3.1353, 3.1415,-0.0553,-0.2512, 4.6799
-0.1559,-0.1500, 3.1353, 3.1415,-0.0413,-0.0502,-0.1985
-0.1562,-0.1500, 3.1321, 3.1415,-0.0325,-0.2613, 4.6799
-0.1562,-0.1500, 3.1321, 3.1415,-0.0125,-0.0522, 3.0679
-0.1562,-0.1500, 3.1321, 3.1415, 0.0035,-0.0104, 2.2412
-0.1559,-0.1500, 3.1321, 3.1415, 0.0188,-0.0020, 3.1039
-0.1555,-0.1500, 3.1353, 3.1415, 0.0401, 0.2509,-4.6799
-0.1552,-0.1500, 3.1353, 3.1415, 0.0262, 0.0501, 0.2582
-0.1549,-0.1500, 3.1353, 3.1415, 0.0294, 0.0100, 2.6446
-0.1547,-0.1500, 3.1384, 3.1415, 0.0240, 0.2533,-4.6799
-0.1546,-0.1500, 3.1384, 3.1415, 0.0169, 0.0506,-1.2804
-0.1547,-0.1500, 3.1384, 3.1415,-0.0087, 0.0101,-1.3289
-0.1550,-0.1500, 3.1353, 3.1415,-0.0260,-0.2492, 4.6799
-0.1550,-0.1500, 3.1353, 3.1415,-0.0052,-0.0498, 2.8561
-0.1549,-0.1500, 3.1353, 3.1415, 0.0050,-0.0099, 1.6414
-0.1546,-0.1500, 3.1353, 3.1415, 0.0252,-0.0019, 2.9389
-0.1542,-0.1500, 3.1384, 3.1415, 0.0414, 0.2509,-4.6799
-0.1539,-0.1500, 3.1384, 3.1415, 0.0325, 0.0501, 0.1043
-0.1535,-0.1500, 3.1384, 3.1415, 0.0368, 0.0100, 2.5840
-0.1530,-0.1500, 3.1384, 3.1415, 0.0437, 0.0020, 3.6255
-0.1526,-0.1500, 3.1415, 3.1415, 0.0451, 0.2517,-4.6799
-0.1524,-0.1500, 3.1415, 3.1415, 0.0272, 0.0503,-0.9931
-0.1522,-0.1500, 3.1447, 3.1415, 0.0175, 0.2614,-4.6799
-0.1524,-0.1500, 3.1415, 3.1415,-0.0146,-0.1990, 4.6799
-0.1524,-0.1500, 3.1415, 3.1415, 0.0031,-0.0398, 1.6835
-0.1522,-0.1500, 3.1415, 3.1415, 0.0127,-0.0079, 0.8463
-0.1521,-0.1500, 3.1415, 3.1415, 0.0086,-0.0015, 0.1801
-0.1517,-0.1500, 3.1415, 3.1415, 0.0381,-0.0003, 2.6121
-0.1511,-0.1500, 3.1447, 3.1415, 0.0561, 0.2512,-4.6799
-0.1509,-0.1500, 3.1447, 3.1415, 0.0294, 0.0502,-1.4534
-0.1507,-0.1500, 3.1447, 3.1415, 0.0180, 0.0100,-0.2973
-0.1509,-0.1500, 3.1447, 3.1415,-0.0085, 0.0020,-2.0994
-0.1510,-0.1500, 3.1447, 3.1415,-0.0138, 0.0004,-2.4745
-0.1514,-0.1500, 3.1447, 3.1415,-0.0330, 0.0000,-4.0996
-0.1520,-0.1500, 3.1415, 3.1415,-0.0551,-0.2513, 4.6799
-0.1521,-0.1500, 3.1415, 3.1415,-0.0231,-0.0502, 0.0645
-0.1521,-0.1500, 3.1384, 3.1415,-0.0046,-0.2613, 4.6799
-0.1518,-0.1500, 3.1415, 3.1415, 0.0233, 0.1990,-4.6799
-0.1518,-0.1500, 3.1415, 3.1415, 0.0107, 0.0398,-1.7539
-0.1520,-0.1500, 3.1415, 3.1415,-0.0160, 0.0079,-2.3505
-0.1520,-0.1500, 3.1415, 3.1415,-0.0032, 0.0015,-0.9564
-0.1524,-0.1500, 3.1384, 3.1415,-0.0309,-0.2510, 4.6799
-0.1524,-0.1500, 3.1384, 3.1415,-0.0122,-0.0502, 1.7435
-0.1524,-0.1500, 3.1384, 3.1415, 0.0036,-0.0100, 0.9840
-0.1524,-0.1500, 3.1384, 3.1415, 0.0007,-0.0020, 0.3264
-0.1518,-0.1500, 3.1384, 3.1415, 0.0486,-0.0004, 4.2884
-0.1512,-0.1500, 3.1415, 3.1415, 0.0521, 0.2512,-4.6799
-0.1511,-0.1500, 3.1415, 3.1415, 0.0225, 0.0502,-1.2427
-0.1508,-0.1500, 3.1447, 3.1415, 0.0287, 0.2613,-4.6799
-0.1510,-0.1500, 3.1415, 3.1415,-0.0124,-0.1990, 4.6799
-0.1508,-0.1500, 3.1415, 3.1415, 0.0157,-0.0398, 0.0000
-0.1509,-0.1500, 3.1415, 3.1415,-0.0029,-0.0079, 0.0000
-0.1509,-0.1500, 3.1415, 3.1415,-0.0066,-0.0015, 0.0000
-0.1507,-0.1500, 3.1415, 3.1415, 0.0168,-0.0003, 0.0000
-0.1507,-0.1500, 3.1415, 3.1415, 0.0033,-0.0000, 0.0000
-0.1505,-0.1500, 3.1415, 3.1415, 0.0128,-0.0000, 0.0000
-0.1507,-0.1500, 3.1415, 3.1415,-0.0095,-0.0000, 0.0000
-0.1506,-0.1500, 3.1415, 3.1415, 0.0041,-0.0000, 0.0000
-0.1505,-0.1500, 3.1415, 3.1415, 0.0129,-0.0000, 0.0000
-0.1505,-0.1500, 3.1415, 3.1415,-0.0034,-0.0000, 0.0000
-0.1505,-0.1500, 3.1415, 3.1415,-0.0006,-0.0000, 0.0000
-0.1505,-0.1500, 3.1415, 3.1415,-0.0001,-0.0000, 0.0000
-0.1505,-0.1500, 3.1415, 3.1415,-0.0000,-0.0000, 0.0000
-0.1503,-0.1500, 3.1415, 3.1415, 0.0181,-0.0000, 0.0000
-0.1504,-0.1500, 3.1415, 3.1415,-0.0024,-0.0000, 0.0000
-0.1505,-0.1500, 3.1415, 3.1415,-0.0065,-0.0000, 0.0000
-0.1504,-0.1500, 3.1415, 3.1415, 0.0047,-0.0000, 0.0000
-0.1504,-0.1500, 3.1415, 3.1415, 0.0009,-0.0000, 0.0000
-0.1504,-0.1500, 3.1415, 3.1415, 0.0001,-0.0000, 0.0000
-0.1503,-0.1500, 3.1415, 3.1415, 0.0061,-0.0000, 0.0000
-0.1504,-0.1500, 3.1415, 3.1415,-0.0048,-0.0000, 0.0000
-0.1504,-0.1500, 3.1415, 3.1415,-0.0009,-0.0000, 0.0000
-0.1503,-0.1500, 3.1415, 3.1415, 0.0058,-0.0000, 0.0000
-0.1504,-0.1500, 3.1447, 3.1415,-0.0048, 0.2513,-4.6799
-0.1505,-0.1500, 3.1447, 3.1415,-0.0070, 0.0502,-4.4473
-0.1507,-0.1500, 3.1415, 3.1415,-0.0195,-0.2412, 0.0000
-0.1509,-0.1500, 3.1415, 3.1415,-0.0160,-0.0482, 0.0000
-0.1510,-0.1500, 3.1415, 3.1415,-0.0153,-0.0096,-1.2717
-0.1512,-0.1500, 3.1415, 3.1415,-0.0151,-0.0019,-1.6787
-0.1514,-0.1500, 3.1415, 3.1415,-0.0212,-0.0003,-2.2865
-0.1516,-0.1500, 3.1384, 3.1415,-0.0224,-0.2514, 4.6799
-0.1517,-0.1500, 3.1384, 3.1415,-0.0105,-0.0502, 1.9692
-0.1515,-0.1500, 3.1384, 3.1415, 0.0160,-0.0100, 2.1174
-0.1512,-0.1500, 3.1415, 3.1415, 0.0274, 0.2493,-4.6799
-0.1512,-0.1500, 3.1415, 3.1415, 0.0054, 0.0498,-2.6521
-0.1511,-0.1500, 3.1415, 3.1415, 0.0071, 0.0099,-0.4364
-0.1513,-0.1500, 3.1415, 3.1415,-0.0167, 0.0019,-2.0340
-0.1517,-0.1500, 3.1384, 3.1415,-0.0336,-0.2509, 4.6799
-0.1518,-0.1500, 3.1384, 3.1415,-0.0188,-0.0501, 1.2534
-0.1518,-0.1500, 3.1384, 3.1415, 0.0022,-0.0100, 0.9335
-0.1516,-0.1500, 3.1384, 3.1415, 0.0125,-0.0020, 1.3874
-0.1512,-0.1500, 3.1384, 3.1415, 0.0388,-0.0004, 3.5390
-0.1505,-0.1500, 3.1384, 3.1415, 0.0562,-0.0000, 4.6799
-0.1498,-0.1500, 3.1415, 3.1415, 0.0718, 0.2513, 0.0000
-0.1489,-0.1500, 3.1415, 3.1415, 0.0871, 0.0502, 4.3590
-0.1478,-0.1500, 3.1447, 3.1415, 0.1023, 0.2613,-4.6799
-0.1472,-0.1500, 3.1478, 3.1415, 0.0689, 0.3035,-4.6799
-0.1468,-0.1500, 3.1478, 3.1415, 0.0501, 0.0607,-0.6379
-0.1467,-0.1500, 3.1478, 3.1415, 0.0160, 0.0121,-0.9348
-0.1468,-0.1500, 3.1447, 3.1415,-0.0028,-0.2488, 4.6799
-0.1468,-0.1500, 3.1447, 3.1415,-0.0005,-0.0497, 1.7050
-0.1466,-0.1500, 3.1447, 3.1415, 0.0120,-0.0099, 0.7025
-0.1465,-0.1500, 3.1447, 3.1415, 0.0145,-0.0019, 0.5177
-0.1459,-0.1500, 3.1447, 3.1415, 0.0453,-0.0003, 3.0555
-0.1454,-0.1500, 3.1478, 3.1415, 0.0515, 0.2512,-4.6799
-0.1451,-0.1500, 3.1478, 3.1415, 0.0345, 0.0502,-1.1853
-0.1449,-0.1500, 3.1478, 3.1415, 0.0190, 0.0100,-0.3675
-0.1451,-0.1500, 3.1478, 3.1415,-0.0083, 0.0020,-2.2348
-0.1452,-0.1500, 3.1478, 3.1415,-0.0137, 0.0004,-2.6204
-0.1457,-0.1500, 3.1447, 3.1415,-0.0391,-0.2512, 4.6799
-0.1459,-0.1500, 3.1447, 3.1415,-0.0260,-0.0502,-0.2666
-0.1462,-0.1500, 3.1415, 3.1415,-0.0233,-0.2613, 4.6799
-0.1462,-0.1500, 3.1415, 3.1415,-0.0046,-0.0522, 2.4025
-0.1459,-0.1500, 3.1415, 3.1415, 0.0172,-0.0104, 2.0813
-0.1456,-0.1500, 3.1415, 3.1415, 0.0277,-0.0020, 2.5518
-0.1451,-0.1500, 3.1447, 3.1415, 0.0479, 0.2509,-4.6799
-0.1448,-0.1500, 3.1447, 3.1415, 0.0338, 0.0501,-0.3682
-0.1446,-0.1500, 3.1447, 3.1415, 0.0188, 0.0100, 0.4941
-0.1446,-0.1500, 3.1447, 3.1415, 0.0098, 0.0020, 0.1711
-0.1443,-0.1500, 3.1447, 3.1415, 0.0201, 0.0004, 1.1396
-0.1442,-0.1500, 3.1447, 3.1415, 0.0161, 0.0000, 0.8450
-0.1440,-0.1500, 3.1478, 3.1415, 0.0214, 0.2513,-4.6799
-0.1439,-0.1500, 3.1478, 3.1415, 0.0103, 0.0502,-3.0192
-0.1440,-0.1500, 3.1478, 3.1415,-0.0100, 0.0100,-2.6406
-0.1443,-0.1500, 3.1447, 3.1415,-0.0262,-0.2493, 4.6799
-0.1443,-0.1500, 3.1447, 3.1415,-0.0052,-0.0498, 1.6513
-0.1443,-0.1500, 3.1447, 3.1415, 0.0050,-0.0099, 0.4458
-0.1441,-0.1500, 3.1447, 3.1415, 0.0131,-0.0019, 0.7262
-0.1439,-0.1500, 3.1447, 3.1415, 0.0208,-0.0003, 1.3107
-0.1433,-0.1500, 3.1478, 3.1415, 0.0466, 0.2512,-4.6799
-0.1432,-0.1500, 3.1478, 3.1415, 0.0214, 0.0502,-1.9988
-0.1431,-0.1500, 3.1478, 3.1415, 0.0103, 0.0100,-0.8218
-0.1434,-0.1500, 3.1447, 3.1415,-0.0221,-0.2493, 4.6799
-0.1434,-0.1500, 3.1447, 3.1415,-0.0044,-0.0498, 1.8450
-0.1433,-0.1500, 3.1447, 3.1415, 0.0112,-0.0099, 1.0976
-0.1431,-0.1500, 3.1447, 3.1415, 0.0143,-0.0019, 0.9652
-0.1429,-0.1500, 3.1478, 3.1415, 0.0210, 0.2509,-4.6799
-0.1426,-0.1500, 3.1478, 3.1415, 0.0284, 0.0501,-1.3244
-0.1427,-0.1500, 3.1478, 3.1415,-0.0064, 0.0100,-2.1509
-0.1430,-0.1500, 3.1478, 3.1415,-0.0194, 0.0020,-2.8389
-0.1435,-0.1500, 3.1478, 3.1415,-0.0463, 0.0004,-4.6799
-0.1442,-0.1500, 3.1447, 3.1415,-0.0638,-0.2512, 4.6799
-0.1446,-0.1500, 3.1447, 3.1415,-0.0430,-0.0502,-1.4505
-0.1452,-0.1500, 3.1415, 3.1415,-0.0631,-0.2613, 4.6799
-0.1455,-0.1500, 3.1415, 3.1415,-0.0308,-0.0522, 0.3865
-0.1454,-0.1500, 3.1415, 3.1415,-0.0001,-0.0104, 0.7774
-0.1453,-0.1500, 3.1415, 3.1415, 0.0060,-0.0020, 0.8648
-0.1449,-0.1500, 3.1447, 3.1415, 0.0315, 0.2509,-4.6799
-0.1449,-0.1500, 3.1447, 3.1415, 0.0123, 0.0501,-2.0842
-0.1449,-0.1500, 3.1447, 3.1415,-0.0035, 0.0100,-1.3318
-0.1451,-0.1500, 3.1447, 3.1415,-0.0128, 0.0020,-1.6979
-0.1455,-0.1500, 3.1415, 3.1415,-0.0389,-0.2509, 4.6799
-0.1455,-0.1500, 3.1415, 3.1415,-0.0077,-0.0501, 2.1961
-0.1456,-0.1500, 3.1415, 3.1415,-0.0076,-0.0100, 0.1211
-0.1455,-0.1500, 3.1447, 3.1415, 0.0106, 0.2493,-4.6799
-0.1452,-0.1500, 3.1447, 3.1415, 0.0203, 0.0498,-1.4399
-0.1454,-0.1500, 3.1447, 3.1415,-0.0080, 0.0099,-1.7398
-0.1452,-0.1500, 3.3772, 3.1415, 0.0165, 18.6002,-4.67957,-0.1500, 3.3772, 3.1415,-0.0391, 3.7200,-4.6799
-0.1461,-0.1500, 3.3740, 3.1415,-0.0381, 0.4926,-4.6799
-0.1469,-0.1500, 3.3740, 3.1415,-0.0743, 0.0985,-4.6799
-0.1477,-0.1500, 3.3709, 3.1415,-0.0815,-0.2316,-4.6799
-0.1487,-0.1500, 3.3677, 3.1415,-0.0890,-0.2976,-4.6799
-0.1498,-0.1500, 3.3646, 3.1415,-0.1087,-0.3108,-4.6799
-0.1508,-0.1500, 3.3615, 3.1415,-0.1005,-0.3135,-4.6799
-0.1520,-0.1500, 3.3583, 3.1415,-0.1171,-0.3140,-4.6799
-0.1530,-0.1500, 3.3552, 3.1415,-0.1083,-0.3141,-4.6799
-0.1541,-0.1500, 3.3520, 3.1415,-0.1065,-0.3141,-4.6799
-0.1554,-0.1500, 3.3489, 3.1415,-0.1243,-0.3141,-4.6799
-0.1564,-0.1500, 3.3489, 3.1415,-0.1037,-0.0628,-4.6799
-0.1575,-0.1500, 3.3457, 3.1415,-0.1116,-0.2638,-4.6799
-0.1585,-0.1500, 3.3426, 3.1415,-0.1011,-0.3040,-4.6799
-0.1594,-0.1500, 3.3426, 3.1415,-0.0929,-0.0608,-4.6799
-0.1603,-0.1500, 3.3395, 3.1415,-0.0913,-0.2634,-4.6799
-0.1610,-0.1500, 3.3395, 3.1415,-0.0728,-0.0-0.1630,-0.1500, 3.5688, 3.1415, 0.0000, 1.8820,-4.6799
-0.1630,-0.1500, 3.5876, 3.1415, 0.0000, 1.8843,-4.6799
-0.1630,-0.1500, 3.6096, 3.1415, 0.0000, 2.1361,-4.6799
-0.1630,-0.1500, 3.6285, 3.1415, 0.0000, 1.9351,-4.6799
-0.1630,-0.1500, 3.6505, 3.1415, 0.0000, 2.1463,-4.6799
-0.1630,-0.1500, 3.6693, 3.1415, 0.0000, 1.9372,-4.6799
-0.1630,-0.1500, 3.6913, 3.1415, 0.0000, 2.1467,-4.6799
-0.1630,-0.1500, 3.7165, 3.1415, 0.0000, 2.4399,-4.6799
-0.1630,-0.1500, 3.7384, 3.1415, 0.0000, 2.2472,-4.6799
-0.1630,-0.1500, 3.7604, 3.1415, 0.0000, 2.2087,-4.6799
-0.1630,-0.1500, 3.7824, 3.1415, 0.0000, 2.2010,-4.6799
-0.1630,-0.1500, 3.8044, 3.1415, 0.0000, 2.1994,-4.6799
-0.1630,-0.1500, 3.8233, 3.1415, 0.0000, 1.9478,-4.6799
-0.1630,-0.1500, 3.8453, 3.1415, 0.0000, 2.1488,-4.6799
-0.1629,-0.1500, 3.8641, 3.1415, 0.0060, 1.9377,-4.6799
-0.1628,-0.1500, 3.8861, 3.1415, 0.0072, 2.1468,-4.6799
-0.1628,-0.1500, 3.9112, 3.1415, 0.0014, 2.4399,-4.6799
-0.1628,-0.1500, 3.9364, 3.1415, 0.0063, 2.4986,-4.6799
-0.1627,-0.1500, 3.9615, 3.1415, 0.0073, 2.5103,-4.6799
-0.1627,-0.1500, 3.9898, 3.1415, 0.0014, 2.7639,-4.6799
-0.1627,-0.1500, 4.0180, 3.1415, 0.0002, 2.8147,-4.6799
-0.1627,-0.1500, 4.0463, 3.1415, 0.0000, 2.8248,-4.6799
-0.1627,-0.1500, 4.0809, 3.1415, 0.0000, 3.3296,-4.6799
-0.1627,-0.1500, 4.1123, 3.1415, 0.0000, 3.1791,-4.6799
-0.1627,-0.1500, 4.1469, 3.1415, 0.0000, 3.4004,-4.6799
-0.1627,-0.1500, 4.1814, 3.1415, 0.0000, 3.4446,-4.6799
-0.1627,-0.1500, 4.2223, 3.1415, 0.0000, 3.9561,-4.6799
-0.1627,-0.1500, 4.2599, 3.1415, 0.0000, 3.8071,-4.6799
-0.1627,-0.1500, 4.2945, 3.1415, 0.0000, 3.5260,-4.6799
-0.1626,-0.1500, 4.3228, 3.1415, 0.0060, 2.9671,-4.6799
-0.1625,-0.1500, 4.3479, 3.1415, 0.0072, 2.6040,-4.6799
-0.1624,-0.1500, 4.3699, 3.1415, 0.0075, 2.2800,-4.6799
-0.1624,-0.1500, 4.3919, 3.1415, 0.0015, 2.2153,-4.6799
-0.1624,-0.1500, 4.4170, 3.1415, 0.0003, 2.4536,-4.6799
-0.1625,-0.1500, 4.4390, 3.1415,-0.0060, 2.2500,-4.6799
-0.1625,-0.1500, 4.4610, 3.1415,-0.0012, 2.2092,-4.6799
-0.1625,-0.1500, 4.4830, 3.1415,-0.0002, 2.2011,-4.6799
-0.1625,-0.1500, 4.5081, 3.1415,-0.0000, 2.4508,-4.6799
-0.1625,-0.1500, 4.5301, 3.1415,-0.0000, 2.2494,-4.6799
-0.1625,-0.1500, 4.5521, 3.1415,-0.0000, 2.2091,-4.6799
-0.1624,-0.1500, 4.5773, 3.1415, 0.0060, 2.4524,-4.6799
-0.1624,-0.1500, 4.6024, 3.1415, 0.0012, 2.5011,-4.6799
-0.1624,-0.1500, 4.6244, 3.1415, 0.0063, 2.2594,-4.6799
-0.1623,-0.1500, 4.6495, 3.1415, 0.0073, 2.4625,-4.6799
-0.1621,-0.1500, 4.6778, 3.1415, 0.0135, 2.7544,-4.6799
-0.1621,-0.1500, 4.7029, 3.1415, 0.0087, 2.5615,-4.6799
-0.1621,-0.1500, 4.7280, 3.1415, 0.0017, 2.5229,-4.6799
-0.1620,-0.1500, 4.7563, 3.1415, 0.0064, 2.7665,-4.6799
-0.1620,-0.1500, 4.7815, 3.1415, 0.0012, 2.5639,-4.6799
-0.1619,-0.1500, 4.8097, 3.1415, 0.0063, 2.7747,-4.6799
-0.1619,-0.1500, 4.8380, 3.1415, 0.0012, 2.8168,-4.6799
-0.1619,-0.1500, 4.8663, 3.1415, 0.0002, 2.8253,-4.6799
-0.1619,-0.1500, 4.8946, 3.1415, 0.0000, 2.8269,-4.6799
-0.1619,-0.1500, 4.9228, 3.1415, 0.0000, 2.8273,-4.6799
-0.1618,-0.1500, 4.9511, 3.1415, 0.0060, 2.8273,-4.6799
-0.1618,-0.1500, 4.9794, 3.1415, 0.0072, 2.8274,-4.6799
-0.1618,-0.1500, 5.0076, 3.1415, 0.0014, 2.8274,-4.6799
-0.1618,-0.1500, 5.0359, 3.1415, 0.0002, 2.8274,-4.6799
-0.1618,-0.1500, 5.0611, 3.1415, 0.0000, 2.5761,-4.6799
-0.1618,-0.1500, 5.0893, 3.1415, 0.0000, 2.7771,-4.6799
-0.1618,-0.1500, 5.1176, 3.1415, 0.0000, 2.8173,-4.6799
-0.1618,-0.1500, 5.1459, 3.1415,-0.0060, 2.8254,-4.6799
-0.1618,-0.1500, 5.1742, 3.1415,-0.0012, 2.8270,-4.6799
-0.1618,-0.1500, 5.2024, 3.1415,-0.0002, 2.8273,-4.6799
-0.1618,-0.1500, 5.2307, 3.1415,-0.0000, 2.8274,-4.6799
-0.1618,-0.1500, 5.2590, 3.1415,-0.0000, 2.8274,-4.6799
-0.1618,-0.1500, 5.2873, 3.1415,-0.0000, 2.8274,-4.6799
-0.1618,-0.1500, 5.3155, 3.1415,-0.0000, 2.8274,-4.6799
-0.1618,-0.1500, 5.3469, 3.1415,-0.0000, 3.0787,-4.6799
-0.1618,-0.1500, 5.3752, 3.1415,-0.0000, 2.8776,-4.6799
-0.1618,-0.1500, 5.4035, 3.1415,-0.0000, 2.8374,-4.6799
-0.1618,-0.1500, 5.4349, 3.1415,-0.0000, 3.0807,-4.6799
-0.1618,-0.1500, 5.4632, 3.1415,-0.0000, 2.8781,-4.6799
-0.1618,-0.1500, 5.4946, 3.1415,-0.0000, 3.0888,-4.6799
-0.1618,-0.1500, 5.5260, 3.1415,-0.0000, 3.1310,-4.6799
-0.1618,-0.1500, 5.5543, 3.1415,-0.0000, 2.8881,-4.6799
-0.1618,-0.1500, 5.5857, 3.1415,-0.0000, 3.0909,-4.6799
-0.1618,-0.1500, 5.6171, 3.1415,-0.0000, 3.1314,-4.6799
-0.1618,-0.1500, 5.6454, 3.1415,-0.0000, 2.8882,-4.6799
-0.1618,-0.1500, 5.6737, 3.1415,-0.0000, 2.8395,-4.6799
-0.1618,-0.1500, 5.7051, 3.1415,-0.0000, 3.0811,-4.6799
-0.1618,-0.1500, 5.7334, 3.1415,-0.0000, 2.8782,-4.6799
-0.1618,-0.1500, 5.7616, 3.1415,-0.0000, 2.8375,-4.6799
-0.1618,-0.1500, 5.7899, 3.1415,-0.0000, 2.8294,-4.6799
-0.1618,-0.1500, 5.8213, 3.1415,-0.0000, 3.0791,-4.6799
-0.1618,-0.1500, 5.8496, 3.1415,-0.0000, 2.8777,-4.6799
-0.1619,-0.1500, 5.8779, 3.1415,-0.0060, 2.8375,-4.6799
-0.1619,-0.1500, 5.9061, 3.1415,-0.0012, 2.8294,-4.6799
-0.1619,-0.1500, 5.9313, 3.1415,-0.0002, 2.5765,-4.6799
-0.1619,-0.1500, 5.9596, 3.1415,-0.0000, 2.7772,-4.6799
-0.1619,-0.1500, 5.9878, 3.1415,-0.0000, 2.8173,-4.6799
-0.1619,-0.1500, 6.0130, 3.1415,-0.0000, 2.5740,-4.6799
-0.1619,-0.1500, 6.0412, 3.1415,-0.0000, 2.7767,-4.6799
-0.1619,-0.1500, 6.0695, 3.1415,-0.0000, 2.8173,-4.6799
-0.1619,-0.1500, 6.0946, 3.1415,-0.0000, 2.5741,-4.6799
-0.1619,-0.1500, 6.1198, 3.1415,-0.0000, 2.5254,-4.6799
-0.1619,-0.1500, 6.1449, 3.1415,-0.0000, 2.5156,-4.6799
-0.1619,-0.1500, 6.1669, 3.1415,-0.0000, 2.2624,-4.6799
-0.1619,-0.1500, 6.1889, 3.1415,-0.0000, 2.2117,-4.6799
-0.1619,-0.1500, 6.2109, 3.1415,-0.0000, 2.2016,-4.6799
-0.1619,-0.1500, 6.2297, 3.1415,-0.0000, 1.9483,-4.6799
-0.1619,-0.1500, 6.2486, 3.1415,-0.0000, 1.8976,-4.6799
-0.1619,-0.1500, 6.2674, 3.1415,-0.0000, 1.8874,-4.6799
-0.1619,-0.1500, 6.2831, 3.1415,-0.0000, 1.6341, 4.6799
-0.1619,-0.1500, 6.2988, 3.1415,-0.0000, 1.5834, 4.6799
-0.1619,-0.1500, 6.3114, 3.1415,-0.0000, 1.3220, 4.6799
-0.1619,-0.1500, 6.3240, 3.1415,-0.0000, 1.2696, 4.6799
-0.1619,-0.1500, 6.3334, 3.1415,-0.0000, 1.0079, 4.6799
-0.1619,-0.1500, 6.3460, 3.1415,-0.0000, 1.2068, 4.6799
-0.1619,-0.1500, 6.3554, 3.1415,-0.0000, 0.9953, 4.6799
-0.1619,-0.1500, 6.3648, 3.1415,-0.0000, 0.9530, 4.6799
-0.1619,-0.1500, 6.3742, 3.1415,-0.0000, 0.9446, 4.6799
-0.1619,-0.1500, 6.3868, 3.1415,-0.0000, 1.1942, 4.6799
-0.1619,-0.1500, 6.3962, 3.1415,-0.0000, 0.9928, 4.6799
-0.1619,-0.1500, 6.4057, 3.1415,-0.0000, 0.9525, 4.6799
-0.1619,-0.1500, 6.4119, 3.1415,-0.0000, 0.6931, 4.6799
-0.1619,-0.1500, 6.4214, 3.1415,-0.0000, 0.8926, 4.6799
-0.1619,-0.1500, 6.4308, 3.1415,-0.0000, 0.9324, 4.6799
-0.1619,-0.1500, 6.4402, 3.1415,-0.0000, 0.9405, 4.6799
-0.1619,-0.1500, 6.4496, 3.1415,-0.0000, 0.9420, 4.6799
-0.1619,-0.1500, 6.4559, 3.1415,-0.0000, 0.6910, 4.6799
-0.1619,-0.1500, 6.4622, 3.1415,-0.0000, 0.6408, 4.6799
-0.1619,-0.1500, 6.4716, 3.1415,-0.0000, 0.8821, 4.6799
-0.1619,-0.1500, 6.4748, 3.1415,-0.0000, 0.4277, 4.6799
-0.1619,-0.1500, 6.4811, 3.1415,-0.0000, 0.5882, 4.6799
-0.1619,-0.1500, 6.4842, 3.1415,-0.0000, 0.3689, 4.6799
-0.1619,-0.1500, 6.4873, 3.1415,-0.0000, 0.3251, 4.6799
-0.1619,-0.1500, 6.4873, 3.1415,-0.0000, 0.0650, 4.6799
-0.1619,-0.1500, 6.4873, 3.1415,-0.0000, 0.0130, 4.6799
-0.1619,-0.1500, 6.4873, 3.1415,-0.0000, 0.0026, 4.6799
-0.1619,-0.1500, 6.4873, 3.1415,-0.0000, 0.0005, 4.6799
-0.1619,-0.1500, 6.4873, 3.1415,-0.0000, 0.0001, 4.6799
-0.1619,-0.1500, 6.4842, 3.1415,-0.0000,-0.2513, 4.6799
-0.1619,-0.1500, 6.4811, 3.1415,-0.0000,-0.3015, 4.6799
-0.1619,-0.1500, 6.4811, 3.1415,-0.0000,-0.0603, 4.6799
-0.1619,-0.1500, 6.4779, 3.1415,-0.0000,-0.2633, 4.6799
-0.1619,-0.1500, 6.4748, 3.1415,-0.0000,-0.3040, 4.6799
-0.1619,-0.1500, 6.4716, 3.1415,-0.0000,-0.3121, 4.6799
-0.1619,-0.1500, 6.4653, 3.1415, 0.0000,-0.5650, 4.6799
-0.1619,-0.1500, 6.4622, 3.1415, 0.0000,-0.3643, 4.6799
-0.1619,-0.1500, 6.4591, 3.1415, 0.0000,-0.3241, 4.6799
-0.1619,-0.1500, 6.4559, 3.1415, 0.0000,-0.3161, 4.6799
-0.1619,-0.1500, 6.4528, 3.1415, 0.0000,-0.3145, 4.6799
-0.1619,-0.1500, 6.4496, 3.1415, 0.0000,-0.3142, 4.6799
-0.1619,-0.1500, 6.4465, 3.1415, 0.0000,-0.3141, 4.6799
-0.1619,-0.1500, 6.4434, 3.1415, 0.0000,-0.3142, 4.6799
-0.1619,-0.1500, 6.4402, 3.1415, 0.0000,-0.3141, 4.6799
-0.1619,-0.1500, 6.4371, 3.1415, 0.0000,-0.3141, 4.6799
-0.1619,-0.1500, 6.4339, 3.1415, 0.0000,-0.3141, 4.6799
-0.1619,-0.1500, 6.4339, 3.1415, 0.0000,-0.0628, 4.6799
-0.1619,-0.1500, 6.4308, 3.1415, 0.0000,-0.2639, 4.6799
-0.1619,-0.1500, 6.4276, 3.1415, 0.0000,-0.3041, 4.6799
-0.1619,-0.1500, 6.4276, 3.1415, 0.0000,-0.0608, 4.6799
-0.1619,-0.1500, 6.4276, 3.1415, 0.0000,-0.0121, 4.6799
-0.1619,-0.1500, 6.4245, 3.1415, 0.0000,-0.2537, 4.6799
-0.1619,-0.1500, 6.4245, 3.1415, 0.0000,-0.0507, 4.6799
-0.1619,-0.1500, 6.4245, 3.1415, 0.0000,-0.0101, 4.6799
-0.1619,-0.1500, 6.4245, 3.1415, 0.0000,-0.0020, 4.6799
-0.1619,-0.1500, 6.4245, 3.1415, 0.0000,-0.0004, 4.6799
-0.1619,-0.1500, 6.4245, 3.1415, 0.0000,-0.0000, 4.6799
-0.1619,-0.1500, 6.4276, 3.1415, 0.0000, 0.2512, 4.6799
-0.1619,-0.1500, 6.4276, 3.1415, 0.0000, 0.0502, 4.6799
-0.1619,-0.1500, 6.4276, 3.1415, 0.0000, 0.0100, 4.6799
-0.1619,-0.1500, 6.4308, 3.1415, 0.0000, 0.2533, 4.6799
-0.1619,-0.1500, 6.4339, 3.1415, 0.0000, 0.3020, 4.6799
-0.1619,-0.1500, 6.4339, 3.1415, 0.0000, 0.0604, 4.6799
-0.1619,-0.1500, 6.4371, 3.1415, 0.0000, 0.2633, 4.6799
-0.1619,-0.1500, 6.4402, 3.1415, 0.0000, 0.3039, 4.6799
-0.1619,-0.1500, 6.4434, 3.1415, 0.0000, 0.3120, 4.6799
-0.1619,-0.1500, 6.4465, 3.1415, 0.0000, 0.3138, 4.6799
-0.1619,-0.1500, 6.4496, 3.1415, 0.0000, 0.3140, 4.6799
-0.1619,-0.1500, 6.4528, 3.1415, 0.0000, 0.3141, 4.6799
-0.1619,-0.1500, 6.4559, 3.1415, 0.0000, 0.3141, 4.6799
-0.1619,-0.1500, 6.4591, 3.1415, 0.0000, 0.3141, 4.6799
-0.1619,-0.1500, 6.4653, 3.1415, 0.0000, 0.5655, 4.6799
-0.1619,-0.1500, 6.4685, 3.1415, 0.0000, 0.3644, 4.6799
-0.1619,-0.1500, 6.4716, 3.1415, 0.0000, 0.3241, 4.6799
-0.1619,-0.1500, 6.4779, 3.1415, 0.0000, 0.5675, 4.6799
-0.1619,-0.1500, 6.4811, 3.1415, 0.0000, 0.3648, 4.6799
-0.1619,-0.1500, 6.4873, 3.1415, 0.0000, 0.5756, 4.6799
-0.1619,-0.1500, 6.4905, 3.1415, 0.0000, 0.3664, 4.6799
-0.1619,-0.1500, 6.4968, 3.1415, 0.0000, 0.5759, 4.6799
-0.1619,-0.1500, 6.5030, 3.1415, 0.0000, 0.6177, 4.6799
-0.1619,-0.1500, 6.5062, 3.1415, 0.0000, 0.3748, 4.6799
-0.1619,-0.1500, 6.5125, 3.1415, 0.0000, 0.5776, 4.6799
-0.1619,-0.1500, 6.5156, 3.1415, 0.0000, 0.3668, 4.6799
-0.1619,-0.1500, 6.5219, 3.1415, 0.0000, 0.5760, 4.6799
-0.1619,-0.1500, 6.5282, 3.1415, 0.0000, 0.6178, 4.6799
-0.1619,-0.1500, 6.5313, 3.1415, 0.0000, 0.3748, 4.6799
-0.1619,-0.1500, 6.5376, 3.1415, 0.0000, 0.5776, 4.6799
-0.1619,-0.1500, 6.5407, 3.1415, 0.0000, 0.3668, 4.6799
-0.1619,-0.1500, 6.5470, 3.1415, 0.0000, 0.5759, 4.6799
-0.1619,-0.1500, 6.5502, 3.1415, 0.0000, 0.3665, 4.6799
-0.1619,-0.1500, 6.5565, 3.1415, 0.0000, 0.5759, 4.6799
-0.1619,-0.1500, 6.5596, 3.1415, 0.0000, 0.3665, 4.6799
-0.1619,-0.1500, 6.5659, 3.1415, 0.0000, 0.5759, 4.6799
-0.1619,-0.1500, 6.5690, 3.1415, 0.0000, 0.3665, 4.6799
-0.1619,-0.1500, 6.5722, 3.1415, 0.0000, 0.3246, 4.6799
-0.1619,-0.1500, 6.5753, 3.1415, 0.0000, 0.3162, 4.6799
-0.1619,-0.1500, 6.5816, 3.1415, 0.0000, 0.5659, 4.6799
-0.1619,-0.1500, 6.5847, 3.1415, 0.0000, 0.3644, 4.6799
-0.1619,-0.1500, 6.5879, 3.1415, 0.0000, 0.3242, 4.6799
-0.1619,-0.1500, 6.5910, 3.1415, 0.0000, 0.3161, 4.6799
-0.1619,-0.1500, 6.5942, 3.1415, 0.0000, 0.3145, 4.6799
-0.1619,-0.1500, 6.5942, 3.1415, 0.0000, 0.0629, 4.6799
-0.1619,-0.1500, 6.5973, 3.1415, 0.0000, 0.2638, 4.6799
-0.1619,-0.1500, 6.6004, 3.1415, 0.0000, 0.3041, 4.6799
-0.1619,-0.1500, 6.6004, 3.1415, 0.0000, 0.0608, 4.6799
-0.1619,-0.1500, 6.6036, 3.1415, 0.0000, 0.2634, 4.6799
-0.1619,-0.1500, 6.6036, 3.1415, 0.0000, 0.0526, 4.6799
-0.1619,-0.1500, 6.6067, 3.1415, 0.0000, 0.2618, 4.6799
-0.1619,-0.1500, 6.6067, 3.1415, 0.0000, 0.0523, 4.6799
-0.1619,-0.1500, 6.6067, 3.1415, 0.0000, 0.0104, 4.6799
-0.1619,-0.1500, 6.6067, 3.1415, 0.0000, 0.0020, 4.6799
-0.1619,-0.1500, 6.6067, 3.1415, 0.0000, 0.0004, 4.6799
-0.1619,-0.1500, 6.6067, 3.1415, 0.0000, 0.0000, 4.6799
-0.1619,-0.1500, 6.6067, 3.1415, 0.0000, 0.0000, 4.6799
-0.1619,-0.1500, 6.6067, 3.1415, 0.0000, 0.0000, 4.6799
-0.1619,-0.1500, 6.6067, 3.1415, 0.0000, 0.0000, 4.6799
-0.1619,-0.1500, 6.6036, 3.1415, 0.0000,-0.2512, 4.6799
-0.1619,-0.1500, 6.6036, 3.1415, 0.0000,-0.0502, 4.6799
-0.1619,-0.1500, 6.6004, 3.1415, 0.0000,-0.2613, 4.6799
-0.1619,-0.1500, 6.5973, 3.1415, 0.0000,-0.3036, 4.6799
-0.1619,-0.1500, 6.5973, 3.1415, 0.0000,-0.0607, 4.6799
-0.1619,-0.1500, 6.5942, 3.1415, 0.0000,-0.2634, 4.6799
-0.1619,-0.1500, 6.5910, 3.1415, 0.0000,-0.3040, 4.6799
-0.1619,-0.1500, 6.5879, 3.1415, 0.0000,-0.3121, 4.6799
-0.1619,-0.1500, 6.5847, 3.1415, 0.0000,-0.3137, 4.6799
-0.1619,-0.1500, 6.5816, 3.1415, 0.0000,-0.3140, 4.6799
-0.1619,-0.1500, 6.5784, 3.1415, 0.0000,-0.3142, 4.6799
-0.1619,-0.1500, 6.5722, 3.1415, 0.0000,-0.5654, 4.6799
-0.1619,-0.1500, 6.5690, 3.1415, 0.0000,-0.3643, 4.6799
-0.1619,-0.1500, 6.5659, 3.1415, 0.0000,-0.3242, 4.6799
-0.1619,-0.1500, 6.5596, 3.1415, 0.0000,-0.5674, 4.6799
-0.1619,-0.1500, 6.5565, 3.1415, 0.0000,-0.3648, 4.6799
-0.1619,-0.1500, 6.5533, 3.1415, 0.0000,-0.3242, 4.6799
-0.1619,-0.1500, 6.5470, 3.1415, 0.0000,-0.5675, 4.6799
-0.1619,-0.1500, 6.5439, 3.1415, 0.0000,-0.3648, 4.6799
-0.1619,-0.1500, 6.5376, 3.1415, 0.0000,-0.5755, 4.6799
-0.1619,-0.1500, 6.5345, 3.1415, 0.0000,-0.3665, 4.6799
-0.1619,-0.1500, 6.5282, 3.1415, 0.0000,-0.5759, 4.6799
-0.1619,-0.1500, 6.5219, 3.1415, 0.0000,-0.6178, 4.6799
-0.1619,-0.1500, 6.5188, 3.1415, 0.0000,-0.3748, 4.6799
-0.1619,-0.1500, 6.5125, 3.1415, 0.0000,-0.5776, 4.6799
-0.1619,-0.1500, 6.5093, 3.1415, 0.0000,-0.3668, 4.6799
-0.1619,-0.1500, 6.5030, 3.1415, 0.0000,-0.5760, 4.6799
-0.1619,-0.1500, 6.4999, 3.1415, 0.0000,-0.3665, 4.6799
-0.1619,-0.1500, 6.4936, 3.1415, 0.0000,-0.5759, 4.6799
-0.1619,-0.1500, 6.4905, 3.1415, 0.0000,-0.3665, 4.6799
-0.1619,-0.1500, 6.4842, 3.1415, 0.0000,-0.5759, 4.6799
-0.1619,-0.1500, 6.4811, 3.1415, 0.0000,-0.3665, 4.6799
-0.1619,-0.1500, 6.4748, 3.1415, 0.0000,-0.5760, 4.6799
-0.1619,-0.1500, 6.4716, 3.1415, 0.0000,-0.3665, 4.6799
-0.1619,-0.1500, 6.4685, 3.1415, 0.0000,-0.3245, 4.6799
-0.1619,-0.1500, 6.4622, 3.1415, 0.0000,-0.5676, 4.6799
-0.1619,-0.1500, 6.4591, 3.1415, 0.0000,-0.3648, 4.6799
-0.1619,-0.1500, 6.4559, 3.1415, 0.0000,-0.3242, 4.6799
-0.1619,-0.1500, 6.4528, 3.1415, 0.0000,-0.3162, 4.6799
-0.1619,-0.1500, 6.4496, 3.1415, 0.0000,-0.3145, 4.6799
-0.1619,-0.1500, 6.4465, 3.1415, 0.0000,-0.3142, 4.6799
-0.1619,-0.1500, 6.4434, 3.1415, 0.0000,-0.3142, 4.6799
-0.1619,-0.1500, 6.4402, 3.1415, 0.0000,-0.3141, 4.6799
-0.1619,-0.1500, 6.4371, 3.1415, 0.0000,-0.3141, 4.6799
-0.1619,-0.1500, 6.4371, 3.1415, 0.0000,-0.0628, 4.6799
-0.1619,-0.1500, 6.4339, 3.1415, 0.0000,-0.2638, 4.6799
-0.1619,-0.1500, 6.4308, 3.1415, 0.0000,-0.3041, 4.6799
-0.1619,-0.1500, 6.4308, 3.1415, 0.0000,-0.0608, 4.6799
-0.1619,-0.1500, 6.4308, 3.1415, 0.0000,-0.0121, 4.6799
-0.1619,-0.1500, 6.4276, 3.1415, 0.0000,-0.2537, 4.6799
-0.1619,-0.1500, 6.4276, 3.1415, 0.0000,-0.0507, 4.6799
-0.1619,-0.1500, 6.4276, 3.1415, 0.0000,-0.0101, 4.6799
-0.1619,-0.1500, 6.4276, 3.1415, 0.0000,-0.0020, 4.6799
-0.1619,-0.1500, 6.4276, 3.1415, 0.0000,-0.0004, 4.6799
-0.1619,-0.1500, 6.4276, 3.1415, 0.0000,-0.0000, 4.6799
-0.1619,-0.1500, 6.4276, 3.1415, 0.0000,-0.0000, 4.6799
-0.1619,-0.1500, 6.4308, 3.1415, 0.0000, 0.2513, 4.6799
-0.1619,-0.1500, 6.4308, 3.1415, 0.0000, 0.0502, 4.6799
-0.1619,-0.1500, 6.4339, 3.1415, 0.0000, 0.2614, 4.6799
-0.1619,-0.1500, 6.4339, 3.1415, 0.0000, 0.0522, 4.6799
-0.1619,-0.1500, 6.4371, 3.1415, 0.0000, 0.2617, 4.6799
-0.1619,-0.1500, 6.4402, 3.1415, 0.0000, 0.3036, 4.6799
-0.1619,-0.1500, 6.4402, 3.1415, 0.0000, 0.0607, 4.6799
-0.1619,-0.1500, 6.4434, 3.1415, 0.0000, 0.2634, 4.6799
-0.1619,-0.1500, 6.4465, 3.1415, 0.0000, 0.3040, 4.6799
-0.1619,-0.1500, 6.4496, 3.1415, 0.0000, 0.3121, 4.6799
-0.1619,-0.1500, 6.4528, 3.1415, 0.0000, 0.3137, 4.6799
-0.1619,-0.1500, 6.4559, 3.1415, 0.0000, 0.3140, 4.6799
-0.1619,-0.1500, 6.4622, 3.1415, 0.0000, 0.5654, 4.6799
-0.1619,-0.1500, 6.4653, 3.1415, 0.0000, 0.3644, 4.6799
-0.1619,-0.1500, 6.4685, 3.1415, 0.0000, 0.3242, 4.6799
-0.1619,-0.1500, 6.4716, 3.1415, 0.0000, 0.3161, 4.6799
-0.1619,-0.1500, 6.4779, 3.1415, 0.0000, 0.5659, 4.6799
-0.1619,-0.1500, 6.4811, 3.1415, 0.0000, 0.3644, 4.6799
-0.1619,-0.1500, 6.4873, 3.1415, 0.0000, 0.5755, 4.6799
-0.1619,-0.1500, 6.4905, 3.1415, 0.0000, 0.3664, 4.6799
-0.1619,-0.1500, 6.4968, 3.1415, 0.0000, 0.5759, 4.6799
-0.1619,-0.1500, 6.4999, 3.1415, 0.0000, 0.3664, 4.6799
-0.1619,-0.1500, 6.5062, 3.1415, 0.0000, 0.5759, 4.6799
-0.1619,-0.1500, 6.5093, 3.1415, 0.0000, 0.3665, 4.6799
-0.1619,-0.1500, 6.5156, 3.1415, 0.0000, 0.5759, 4.6799
-0.1619,-0.1500, 6.5188, 3.1415, 0.0000, 0.3665, 4.6799
-0.1619,-0.1500, 6.5250, 3.1415, 0.0000, 0.5759, 4.6799
-0.1619,-0.1500, 6.5282, 3.1415, 0.0000, 0.3665, 4.6799
-0.1619,-0.1500, 6.5345, 3.1415, 0.0000, 0.5759, 4.6799
-0.1619,-0.1500, 6.5407, 3.1415, 0.0000, 0.6178, 4.6799
-0.1619,-0.1500, 6.5439, 3.1415, 0.0000, 0.3748, 4.6799
-0.1619,-0.1500, 6.5470, 3.1415, 0.0000, 0.3262, 4.6799
-0.1619,-0.1500, 6.5533, 3.1415, 0.0000, 0.5679, 4.6799
-0.1619,-0.1500, 6.5565, 3.1415, 0.0000, 0.3648, 4.6799
-0.1619,-0.1500, 6.5627, 3.1415, 0.0000, 0.5756, 4.6799
-0.1619,-0.1500, 6.5659, 3.1415, 0.0000, 0.3664, 4.6799
-0.1619,-0.1500, 6.5690, 3.1415, 0.0000, 0.3246, 4.6799
-0.1619,-0.1500, 6.5722, 3.1415, 0.0000, 0.3162, 4.6799
-0.1619,-0.1500, 6.5784, 3.1415, 0.0000, 0.5658, 4.6799
-0.1619,-0.1500, 6.5816, 3.1415, 0.0000, 0.3645, 4.6799
-0.1619,-0.1500, 6.5847, 3.1415, 0.0000, 0.3242, 4.6799
-0.1619,-0.1500, 6.5879, 3.1415, 0.0000, 0.3161, 4.6799
-0.1619,-0.1500, 6.5910, 3.1415, 0.0000, 0.3145, 4.6799
-0.1619,-0.1500, 6.5942, 3.1415, 0.0000, 0.3142, 4.6799
-0.1619,-0.1500, 6.5942, 3.1415, 0.0000, 0.0628, 4.6799
-0.1619,-0.1500, 6.5973, 3.1415, 0.0000, 0.2638, 4.6799
-0.1619,-0.1500, 6.6004, 3.1415, 0.0000, 0.3041, 4.6799
-0.1619,-0.1500, 6.6004, 3.1415, 0.0000, 0.0608, 4.6799
-0.1619,-0.1500, 6.6036, 3.1415, 0.0000, 0.2634, 4.6799
-0.1619,-0.1500, 6.6036, 3.1415, 0.0000, 0.0526, 4.6799
-0.1619,-0.1500, 6.6036, 3.1415, 0.0000, 0.0105, 4.6799
-0.1619,-0.1500, 6.6067, 3.1415, 0.0000, 0.2533, 4.6799
-0.1619,-0.1500, 6.6067, 3.1415, 0.0000, 0.0506, 4.6799
-0.1619,-0.1500, 6.6067, 3.1415, 0.0000, 0.0101, 4.6799
-0.1619,-0.1500, 6.6067, 3.1415, 0.0000, 0.0020, 4.6799
-0.1619,-0.1500, 6.6067, 3.1415, 0.0000, 0.0004, 4.6799
-0.1619,-0.1500, 6.6036, 3.1415, 0.0000,-0.2511, 4.6799
-0.1619,-0.1500, 6.6036, 3.1415, 0.0000,-0.0502, 4.6799
-0.1619,-0.1500, 6.6036, 3.1415, 0.0000,-0.0100, 4.6799
-0.1619,-0.1500, 6.6004, 3.1415, 0.0000,-0.2533, 4.6799
-0.1619,-0.1500, 6.6004, 3.1415, 0.0000,-0.0506, 4.6799
-0.1619,-0.1500, 6.5973, 3.1415, 0.0000,-0.2615, 4.6799
-0.1619,-0.1500, 6.5942, 3.1415, 0.0000,-0.3036, 4.6799
-0.1619,-0.1500, 6.5942, 3.1415, 0.0000,-0.0607, 4.6799
-0.1619,-0.1500, 6.5910, 3.1415, 0.0000,-0.2634, 4.6799
-0.1619,-0.1500, 6.5879, 3.1415, 0.0000,-0.3040, 4.6799
-0.1619,-0.1500, 6.5847, 3.1415, 0.0000,-0.3121, 4.6799
-0.1619,-0.1500, 6.5816, 3.1415, 0.0000,-0.3137, 4.6799
-0.1619,-0.1500, 6.5784, 3.1415, 0.0000,-0.3141, 4.6799
-0.1619,-0.1500, 6.5722, 3.1415, 0.0000,-0.5654, 4.6799
-0.1619,-0.1500, 6.5690, 3.1415, 0.0000,-0.3643, 4.6799
-0.1619,-0.1500, 6.5659, 3.1415, 0.0000,-0.3242, 4.6799
-0.1619,-0.1500, 6.5627, 3.1415, 0.0000,-0.3161, 4.6799
-0.1619,-0.1500, 6.5565, 3.1415, 0.0000,-0.5658, 4.6799
-0.1619,-0.1500, 6.5533, 3.1415, 0.0000,-0.3644, 4.6799
-0.1619,-0.1500, 6.5470, 3.1415, 0.0000,-0.5755, 4.6799
-0.1619,-0.1500, 6.5439, 3.1415, 0.0000,-0.3664, 4.6799
-0.1619,-0.1500, 6.5407, 3.1415, 0.0000,-0.3245, 4.6799
-0.1619,-0.1500, 6.5345, 3.1415, 0.0000,-0.5676, 4.6799
-0.1619,-0.1500, 6.5313, 3.1415, 0.0000,-0.3648, 4.6799
-0.1619,-0.1500, 6.5250, 3.1415, 0.0000,-0.5756, 4.6799
-0.1619,-0.1500, 6.5188, 3.1415, 0.0000,-0.6177, 4.6799
-0.1619,-0.1500, 6.5156, 3.1415, 0.0000,-0.3749, 4.6799
-0.1619,-0.1500, 6.5093, 3.1415, 0.0000,-0.5776, 4.6799
-0.1619,-0.1500, 6.5062, 3.1415, 0.0000,-0.3669, 4.6799
-0.1619,-0.1500, 6.4999, 3.1415, 0.0000,-0.5760, 4.6799
-0.1619,-0.1500, 6.4968, 3.1415, 0.0000,-0.3664, 4.6799
-0.1619,-0.1500, 6.4905, 3.1415, 0.0000,-0.5759, 4.6799
-0.1619,-0.1500, 6.4873, 3.1415, 0.0000,-0.3665, 4.6799
-0.1619,-0.1500, 6.4811, 3.1415, 0.0000,-0.5759, 4.6799
-0.1619,-0.1500, 6.4779, 3.1415, 0.0000,-0.3665, 4.6799
-0.1619,-0.1500, 6.4748, 3.1415, 0.0000,-0.3246, 4.6799
-0.1619,-0.1500, 6.4685, 3.1415, 0.0000,-0.5675, 4.6799
-0.1619,-0.1500, 6.4653, 3.1415, 0.0000,-0.3648, 4.6799
-0.1619,-0.1500, 6.4622, 3.1415, 0.0000,-0.3243, 4.6799
-0.1619,-0.1500, 6.4591, 3.1415, 0.0000,-0.3161, 4.6799
-0.1619,-0.1500, 6.4559, 3.1415, 0.0000,-0.3145, 4.6799
-0.1619,-0.1500, 6.4528, 3.1415, 0.0000,-0.3142, 4.6799
-0.1619,-0.1500, 6.4496, 3.1415, 0.0000,-0.3141, 4.6799
-0.1619,-0.1500, 6.4465, 3.1415, 0.0000,-0.3141, 4.6799
-0.1619,-0.1500, 6.4434, 3.1415, 0.0000,-0.3142, 4.6799
-0.1619,-0.1500, 6.4402, 3.1415, 0.0000,-0.3141, 4.6799
-0.1619,-0.1500, 6.4371, 3.1415, 0.0000,-0.3141, 4.6799
-0.1619,-0.1500, 6.4371, 3.1415, 0.0000,-0.0628, 4.6799
-0.1619,-0.1500, 6.4339, 3.1415, 0.0000,-0.2638, 4.6799
-0.1619,-0.1500, 6.4339, 3.1415, 0.0000,-0.0527, 4.6799
-0.1619,-0.1500, 6.4308, 3.1415, 0.0000,-0.2619, 4.6799
-0.1619,-0.1500, 6.4308, 3.1415, 0.0000,-0.0523, 4.6799
-0.1619,-0.1500, 6.4308, 3.1415, 0.0000,-0.0104, 4.6799
-0.1619,-0.1500, 6.4308, 3.1415, 0.0000,-0.0020, 4.6799
-0.1619,-0.1500, 6.4308, 3.1415, 0.0000,-0.0004, 4.6799
-0.1619,-0.1500, 6.4308, 3.1415, 0.0000,-0.0000, 4.6799
-0.1619,-0.1500, 6.4308, 3.1415, 0.0000,-0.0000, 4.6799
-0.1619,-0.1500, 6.4308, 3.1415, 0.0000,-0.0000, 4.6799
-0.1619,-0.1500, 6.4308, 3.1415, 0.0000,-0.0000, 4.6799
-0.1619,-0.1500, 6.4339, 3.1415, 0.0000, 0.2513, 4.6799
-0.1619,-0.1500, 6.4339, 3.1415, 0.0000, 0.0502, 4.6799
-0.1619,-0.1500, 6.4339, 3.1415, 0.0000, 0.0100, 4.6799
-0.1619,-0.1500, 6.4371, 3.1415, 0.0000, 0.2533, 4.6799
-0.1619,-0.1500, 6.4402, 3.1415, 0.0000, 0.3019, 4.6799
-0.1619,-0.1500, 6.4434, 3.1415, 0.0000, 0.3116, 4.6799
-0.1619,-0.1500, 6.4434, 3.1415, 0.0000, 0.0623, 4.6799
-0.1619,-0.1500, 6.4465, 3.1415, 0.0000, 0.2638, 4.6799
-0.1619,-0.1500, 6.4496, 3.1415, 0.0000, 0.3040, 4.6799
-0.1619,-0.1500, 6.4528, 3.1415, 0.0000, 0.3121, 4.6799
-0.1619,-0.1500, 6.4559, 3.1415, 0.0000, 0.3137, 4.6799
-0.1619,-0.1500, 6.4591, 3.1415, 0.0000, 0.3140, 4.6799
-0.1619,-0.1500, 6.4653, 3.1415, 0.0000, 0.5655, 4.6799
-0.1619,-0.1500, 6.4685, 3.1415, 0.0000, 0.3644, 4.6799
-0.1619,-0.1500, 6.4716, 3.1415, 0.0000, 0.3241, 4.6799
-0.1619,-0.1500, 6.4779, 3.1415, 0.0000, 0.5675, 4.6799
-0.1619,-0.1500, 6.4811, 3.1415, 0.0000, 0.3648, 4.6799
-0.1619,-0.1500, 6.4842, 3.1415, 0.0000, 0.3242, 4.6799
-0.1619,-0.1500, 6.4905, 3.1415, 0.0000, 0.5675, 4.6799
-0.1619,-0.1500, 6.4936, 3.1415, 0.0000, 0.3648, 4.6799
-0.1619,-0.1500, 6.4999, 3.1415, 0.0000, 0.5756, 4.6799
-0.1619,-0.1500, 6.5030, 3.1415, 0.0000, 0.3664, 4.6799
-0.1619,-0.1500, 6.5093, 3.1415, 0.0000, 0.5759, 4.6799
-0.1619,-0.1500, 6.5125, 3.1415, 0.0000, 0.3665, 4.6799
-0.1619,-0.1500, 6.5188, 3.1415, 0.0000, 0.5759, 4.6799
-0.1619,-0.1500, 6.5219, 3.1415, 0.0000, 0.3665, 4.6799
-0.1619,-0.1500, 6.5282, 3.1415, 0.0000, 0.5759, 4.6799
-0.1619,-0.1500, 6.5313, 3.1415, 0.0000, 0.3665, 4.6799
-0.1619,-0.1500, 6.5376, 3.1415, 0.0000, 0.5760, 4.6799
-0.1619,-0.1500, 6.5407, 3.1415, 0.0000, 0.3665, 4.6799
-0.1619,-0.1500, 6.5470, 3.1415, 0.0000, 0.5759, 4.6799
-0.1619,-0.1500, 6.5502, 3.1415, 0.0000, 0.3665, 4.6799
-0.1619,-0.1500, 6.5565, 3.1415, 0.0000, 0.5759, 4.6799
-0.1619,-0.1500, 6.5596, 3.1415, 0.0000, 0.3665, 4.6799
-0.1619,-0.1500, 6.5627, 3.1415, 0.0000, 0.3246, 4.6799
-0.1619,-0.1500, 6.5659, 3.1415, 0.0000, 0.3162, 4.6799
-0.1619,-0.1500, 6.5722, 3.1415, 0.0000, 0.5659, 4.6799
-0.1619,-0.1500, 6.5753, 3.1415, 0.0000, 0.3645, 4.6799
-0.1619,-0.1500, 6.5784, 3.1415, 0.0000, 0.3241, 4.6799
-0.1619,-0.1500, 6.5816, 3.1415, 0.0000, 0.3162, 4.6799
-0.1619,-0.1500, 6.5847, 3.1415, 0.0000, 0.3145, 4.6799
-0.1619,-0.1500, 6.5879, 3.1415, 0.0000, 0.3142, 4.6799
-0.1619,-0.1500, 6.5910, 3.1415, 0.0000, 0.3141, 4.6799
-0.1619,-0.1500, 6.5942, 3.1415, 0.0000, 0.3141, 4.6799
-0.1619,-0.1500, 6.5942, 3.1415, 0.0000, 0.0628, 4.6799
-0.1619,-0.1500, 6.5973, 3.1415, 0.0000, 0.2638, 4.6799
-0.1619,-0.1500, 6.5973, 3.1415, 0.0000, 0.0527, 4.6799
-0.1619,-0.1500, 6.6004, 3.1415, 0.0000, 0.2619, 4.6799
-0.1619,-0.1500, 6.6004, 3.1415, 0.0000, 0.0523, 4.6799
-0.1619,-0.1500, 6.6036, 3.1415, 0.0000, 0.2617, 4.6799
-0.1619,-0.1500, 6.6036, 3.1415, 0.0000, 0.0523, 4.6799
-0.1619,-0.1500, 6.6036, 3.1415, 0.0000, 0.0104, 4.6799
-0.1619,-0.1500, 6.6036, 3.1415, 0.0000, 0.0020, 4.6799
-0.1619,-0.1500, 6.6036, 3.1415, 0.0000, 0.0004, 4.6799
-0.1619,-0.1500, 6.6036, 3.1415, 0.0000, 0.0000, 4.6799
-0.1619,-0.1500, 6.6036, 3.1415, 0.0000, 0.0000, 4.6799
-0.1619,-0.1500, 6.6036, 3.1415, 0.0000, 0.0000, 4.6799
-0.1619,-0.1500, 6.6004, 3.1415, 0.0000,-0.2513, 4.6799
-0.1619,-0.1500, 6.6004, 3.1415, 0.0000,-0.0502, 4.6799
-0.1619,-0.1500, 6.5973, 3.1415, 0.0000,-0.2614, 4.6799
-0.1619,-0.1500, 6.5973, 3.1415, 0.0000,-0.0522, 4.6799
-0.1619,-0.1500, 6.5942, 3.1415, 0.0000,-0.2617, 4.6799
-0.1619,-0.1500, 6.5910, 3.1415, 0.0000,-0.3036, 4.6799
-0.1619,-0.1500, 6.5910, 3.1415, 0.0000,-0.0607, 4.6799
-0.1619,-0.1500, 6.5879, 3.1415, 0.0000,-0.2634, 4.6799
-0.1619,-0.1500, 6.5847, 3.1415, 0.0000,-0.3040, 4.6799
-0.1619,-0.1500, 6.5816, 3.1415, 0.0000,-0.3121, 4.6799
-0.1619,-0.1500, 6.5784, 3.1415, 0.0000,-0.3138, 4.6799
-0.1619,-0.1500, 6.5753, 3.1415, 0.0000,-0.3140, 4.6799
-0.1619,-0.1500, 6.5690, 3.1415, 0.0000,-0.5654, 4.6799
-0.1619,-0.1500, 6.5659, 3.1415, 0.0000,-0.3644, 4.6799
-0.1619,-0.1500, 6.5627, 3.1415, 0.0000,-0.3242, 4.6799
-0.1619,-0.1500, 6.5596, 3.1415, 0.0000,-0.3161, 4.6799
-0.1619,-0.1500, 6.5533, 3.1415, 0.0000,-0.5658, 4.6799
-0.1619,-0.1500, 6.5502, 3.1415, 0.0000,-0.3644, 4.6799
-0.1619,-0.1500, 6.5439, 3.1415, 0.0000,-0.5755, 4.6799
-0.1619,-0.1500, 6.5407, 3.1415, 0.0000,-0.3664, 4.6799
-0.1619,-0.1500, 6.5376, 3.1415, 0.0000,-0.3245, 4.6799
-0.1619,-0.1500, 6.5313, 3.1415, 0.0000,-0.5676, 4.6799
-0.1619,-0.1500, 6.5282, 3.1415, 0.0000,-0.3648, 4.6799
-0.1619,-0.1500, 6.5219, 3.1415, 0.0000,-0.5756, 4.6799
-0.1619,-0.1500, 6.5188, 3.1415, 0.0000,-0.3664, 4.6799
-0.1619,-0.1500, 6.5125, 3.1415, 0.0000,-0.5759, 4.6799
-0.1619,-0.1500, 6.5093, 3.1415, 0.0000,-0.3665, 4.6799
-0.1619,-0.1500, 6.5030, 3.1415, 0.0000,-0.5760, 4.6799
-0.1619,-0.1500, 6.4999, 3.1415, 0.0000,-0.3665, 4.6799
-0.1619,-0.1500, 6.4936, 3.1415, 0.0000,-0.5759, 4.6799
-0.1619,-0.1500, 6.4905, 3.1415, 0.0000,-0.3665, 4.6799
-0.1619,-0.1500, 6.4842, 3.1415, 0.0000,-0.5759, 4.6799
-0.1619,-0.1500, 6.4811, 3.1415, 0.0000,-0.3665, 4.6799
-0.1619,-0.1500, 6.4779, 3.1415, 0.0000,-0.3246, 4.6799
-0.1619,-0.1500, 6.4716, 3.1415, 0.0000,-0.5676, 4.6799
-0.1619,-0.1500, 6.4685, 3.1415, 0.0000,-0.3647, 4.6799
-0.1619,-0.1500, 6.4653, 3.1415, 0.0000,-0.3242, 4.6799
-0.1619,-0.1500, 6.4622, 3.1415, 0.0000,-0.3162, 4.6799
-0.1619,-0.1500, 6.4559, 3.1415, 0.0000,-0.5658, 4.6799
-0.1619,-0.1500, 6.4528, 3.1415, 0.0000,-0.3645, 4.6799
-0.1619,-0.1500, 6.4496, 3.1415, 0.0000,-0.3242, 4.6799
-0.1619,-0.1500, 6.4465, 3.1415, 0.0000,-0.3161, 4.6799
-0.1619,-0.1500, 6.4465, 3.1415, 0.0000,-0.0632, 4.6799
-0.1619,-0.1500, 6.4434, 3.1415, 0.0000,-0.2640, 4.6799
-0.1619,-0.1500, 6.4402, 3.1415, 0.0000,-0.3040, 4.6799
-0.1619,-0.1500, 6.4371, 3.1415, 0.0000,-0.3121, 4.6799
-0.1619,-0.1500, 6.4371, 3.1415, 0.0000,-0.0624, 4.6799
-0.1619,-0.1500, 6.4339, 3.1415, 0.0000,-0.2637, 4.6799
-0.1619,-0.1500, 6.4339, 3.1415, 0.0000,-0.0527, 4.6799
-0.1619,-0.1500, 6.4339, 3.1415, 0.0000,-0.0105, 4.6799
-0.1619,-0.1500, 6.4308, 3.1415, 0.0000,-0.2534, 4.6799
-0.1619,-0.1500, 6.4308, 3.1415, 0.0000,-0.0506, 4.6799
-0.1619,-0.1500, 6.4308, 3.1415, 0.0000,-0.0101, 4.6799
-0.1619,-0.1500, 6.4308, 3.1415, 0.0000,-0.0020, 4.6799
-0.1619,-0.1500, 6.4308, 3.1415, 0.0000,-0.0004, 4.6799
-0.1619,-0.1500, 6.4308, 3.1415, 0.0000,-0.0000, 4.6799
-0.1619,-0.1500, 6.4339, 3.1415, 0.0000, 0.2513, 4.6799
-0.1619,-0.1500, 6.4339, 3.1415, 0.0000, 0.0502, 4.6799
-0.1619,-0.1500, 6.4339, 3.1415, 0.0000, 0.0100, 4.6799
-0.1619,-0.1500, 6.4371, 3.1415, 0.0000, 0.2533, 4.6799
-0.1619,-0.1500, 6.4371, 3.1415, 0.0000, 0.0506, 4.6799
-0.1619,-0.1500, 6.4402, 3.1415, 0.0000, 0.2614, 4.6799
-0.1619,-0.1500, 6.4434, 3.1415, 0.0000, 0.3035, 4.6799
-0.1619,-0.1500, 6.4434, 3.1415, 0.0000, 0.0607, 4.6799
-0.1619,-0.1500, 6.4465, 3.1415, 0.0000, 0.2635, 4.6799
-0.1619,-0.1500, 6.4496, 3.1415, 0.0000, 0.3040, 4.6799
-0.1619,-0.1500, 6.4528, 3.1415, 0.0000, 0.3121, 4.6799
-0.1619,-0.1500, 6.4559, 3.1415, 0.0000, 0.3137, 4.6799
-0.1619,-0.1500, 6.4591, 3.1415, 0.0000, 0.3140, 4.6799
-0.1619,-0.1500, 6.4622, 3.1415, 0.0000, 0.3141, 4.6799
-0.1619,-0.1500, 6.4685, 3.1415, 0.0000, 0.5655, 4.6799
-0.1619,-0.1500, 6.4716, 3.1415, 0.0000, 0.3643, 4.6799
-0.1619,-0.1500, 6.4748, 3.1415, 0.0000, 0.3241, 4.6799
-0.1619,-0.1500, 6.4811, 3.1415, 0.0000, 0.5675, 4.6799
-0.1619,-0.1500, 6.4842, 3.1415, 0.0000, 0.3648, 4.6799
-0.1619,-0.1500, 6.4873, 3.1415, 0.0000, 0.3243, 4.6799
-0.1619,-0.1500, 6.4936, 3.1415, 0.0000, 0.5674, 4.6799
-0.1619,-0.1500, 6.4968, 3.1415, 0.0000, 0.3648, 4.6799
-0.1619,-0.1500, 6.5030, 3.1415, 0.0000, 0.5755, 4.6799
-0.1619,-0.1500, 6.5062, 3.1415, 0.0000, 0.3664, 4.6799
-0.1619,-0.1500, 6.5125, 3.1415, 0.0000, 0.5759, 4.6799
-0.1619,-0.1500, 6.5156, 3.1415, 0.0000, 0.3665, 4.6799
-0.1619,-0.1500, 6.5219, 3.1415, 0.0000, 0.5759, 4.6799
-0.1619,-0.1500, 6.5250, 3.1415, 0.0000, 0.3665, 4.6799
-0.1619,-0.1500, 6.5313, 3.1415, 0.0000, 0.5759, 4.6799
-0.1619,-0.1500, 6.5345, 3.1415, 0.0000, 0.3665, 4.6799
-0.1619,-0.1500, 6.5376, 3.1415, 0.0000, 0.3246, 4.6799
-0.1619,-0.1500, 6.5439, 3.1415, 0.0000, 0.5675, 4.6799
-0.1619,-0.1500, 6.5470, 3.1415, 0.0000, 0.3648, 4.6799
-0.1619,-0.1500, 6.5533, 3.1415, 0.0000, 0.5756, 4.6799
-0.1619,-0.1500, 6.5565, 3.1415, 0.0000, 0.3664, 4.6799
-0.1619,-0.1500, 6.5596, 3.1415, 0.0000, 0.3246, 4.6799
-0.1619,-0.1500, 6.5659, 3.1415, 0.0000, 0.5675, 4.6799
-0.1619,-0.1500, 6.5690, 3.1415, 0.0000, 0.3648, 4.6799
-0.1619,-0.1500, 6.5722, 3.1415, 0.0000, 0.3242, 4.6799
-0.1619,-0.1500, 6.5753, 3.1415, 0.0000, 0.3161, 4.6799
-0.1619,-0.1500, 6.5784, 3.1415, 0.0000, 0.3145, 4.6799
-0.1619,-0.1500, 6.5816, 3.1415, 0.0000, 0.3142, 4.6799
-0.1619,-0.1500, 6.5847, 3.1415, 0.0000, 0.3141, 4.6799
-0.1619,-0.1500, 6.5879, 3.1415, 0.0000, 0.3141, 4.6799
-0.1619,-0.1500, 6.5910, 3.1415, 0.0000, 0.3141, 4.6799
-0.1619,-0.1500, 6.5910, 3.1415, 0.0000, 0.0628, 4.6799
-0.1619,-0.1500, 6.5942, 3.1415, 0.0000, 0.2638, 4.6799
-0.1619,-0.1500, 6.5973, 3.1415, 0.0000, 0.3040, 4.6799
-0.1619,-0.1500, 6.5973, 3.1415, 0.0000, 0.0608, 4.6799
-0.1619,-0.1500, 6.6004, 3.1415, 0.0000, 0.2635, 4.6799
-0.1619,-0.1500, 6.6004, 3.1415, 0.0000, 0.0527, 4.6799
-0.1619,-0.1500, 6.6004, 3.1415, 0.0000, 0.0105, 4.6799
-0.1619,-0.1500, 6.6004, 3.1415, 0.0000, 0.0021, 4.6799
-0.1619,-0.1500, 6.6036, 3.1415, 0.0000, 0.2517, 4.6799
-0.1619,-0.1500, 6.6036, 3.1415, 0.0000, 0.0503, 4.6799
-0.1619,-0.1500, 6.6036, 3.1415, 0.0000, 0.0100, 4.6799
-0.1619,-0.1500, 6.6004, 3.1415, 0.0000,-0.2492, 4.6799
-0.1619,-0.1500, 6.6004, 3.1415, 0.0000,-0.0498, 4.6799
-0.1619,-0.1500, 6.6004, 3.1415, 0.0000,-0.0099, 4.6799
-0.1619,-0.1500, 6.6004, 3.1415, 0.0000,-0.0019, 4.6799
-0.1619,-0.1500, 6.5973, 3.1415, 0.0000,-0.2517, 4.6799
-0.1619,-0.1500, 6.5973, 3.1415, 0.0000,-0.0503, 4.6799
-0.1619,-0.1500, 6.5942, 3.1415, 0.0000,-0.2613, 4.6799
-0.1619,-0.1500, 6.5910, 3.1415, 0.0000,-0.3035, 4.6799
-0.1619,-0.1500, 6.5879, 3.1415, 0.0000,-0.3120, 4.6799
-0.1619,-0.1500, 6.5879, 3.1415, 0.0000,-0.0624, 4.6799
-0.1619,-0.1500, 6.5847, 3.1415, 0.0000,-0.2637, 4.6799
-0.1619,-0.1500, 6.5816, 3.1415, 0.0000,-0.3040, 4.6799
-0.1619,-0.1500, 6.5784, 3.1415, 0.0000,-0.3122, 4.6799
-0.1619,-0.1500, 6.5753, 3.1415, 0.0000,-0.3137, 4.6799
-0.1619,-0.1500, 6.5722, 3.1415, 0.0000,-0.3140, 4.6799
-0.1619,-0.1500, 6.5659, 3.1415, 0.0000,-0.5655, 4.6799
-0.1619,-0.1500, 6.5627, 3.1415, 0.0000,-0.3644, 4.6799
-0.1619,-0.1500, 6.5596, 3.1415, 0.0000,-0.3241, 4.6799
-0.1619,-0.1500, 6.5565, 3.1415, 0.0000,-0.3161, 4.6799
-0.1619,-0.1500, 6.5502, 3.1415, 0.0000,-0.5658, 4.6799
-0.1619,-0.1500, 6.5470, 3.1415, 0.0000,-0.3645, 4.6799
-0.1619,-0.1500, 6.5439, 3.1415, 0.0000,-0.3242, 4.6799
-0.1619,-0.1500, 6.5376, 3.1415, 0.0000,-0.5674, 4.6799
-0.1619,-0.1500, 6.5345, 3.1415, 0.0000,-0.3648, 4.6799
-0.1619,-0.1500, 6.5282, 3.1415, 0.0000,-0.5756, 4.6799
-0.1619,-0.1500, 6.5250, 3.1415, 0.0000,-0.3664, 4.6799
-0.1619,-0.1500, 6.5188, 3.1415, 0.0000,-0.5759, 4.6799
-0.1619,-0.1500, 6.5156, 3.1415, 0.0000,-0.3665, 4.6799
-0.1619,-0.1500, 6.5093, 3.1415, 0.0000,-0.5759, 4.6799
-0.1619,-0.1500, 6.5062, 3.1415, 0.0000,-0.3665, 4.6799
-0.1619,-0.1500, 6.4999, 3.1415, 0.0000,-0.5759, 4.6799
-0.1619,-0.1500, 6.4968, 3.1415, 0.0000,-0.3664, 4.6799
-0.1619,-0.1500, 6.4905, 3.1415, 0.0000,-0.5759, 4.6799
-0.1619,-0.1500, 6.4873, 3.1415, 0.0000,-0.3665, 4.6799
-0.1619,-0.1500, 6.4842, 3.1415, 0.0000,-0.3246, 4.6799
-0.1619,-0.1500, 6.4779, 3.1415, 0.0000,-0.5675, 4.6799
-0.1619,-0.1500, 6.4748, 3.1415, 0.0000,-0.3648, 4.6799
-0.1619,-0.1500, 6.4716, 3.1415, 0.0000,-0.3242, 4.6799
-0.1619,-0.1500, 6.4685, 3.1415, 0.0000,-0.3161, 4.6799
-0.1619,-0.1500, 6.4622, 3.1415, 0.0000,-0.5659, 4.6799
-0.1619,-0.1500, 6.4591, 3.1415, 0.0000,-0.3644, 4.6799
-0.1619,-0.1500, 6.4559, 3.1415, 0.0000,-0.3242, 4.6799
-0.1619,-0.1500, 6.4528, 3.1415, 0.0000,-0.3161, 4.6799
-0.1619,-0.1500, 6.4496, 3.1415, 0.0000,-0.3145, 4.6799
-0.1619,-0.1500, 6.4465, 3.1415, 0.0000,-0.3142, 4.6799
-0.1619,-0.1500, 6.4465, 3.1415, 0.0000,-0.0628, 4.6799
-0.1619,-0.1500, 6.4434, 3.1415, 0.0000,-0.2639, 4.6799
-0.1619,-0.1500, 6.4402, 3.1415, 0.0000,-0.3040, 4.6799
-0.1619,-0.1500, 6.4402, 3.1415, 0.0000,-0.0608, 4.6799
-0.1619,-0.1500, 6.4371, 3.1415, 0.0000,-0.2634, 4.6799
-0.1619,-0.1500, 6.4371, 3.1415, 0.0000,-0.0526, 4.6799
-0.1619,-0.1500, 6.4339, 3.1415, 0.0000,-0.2618, 4.6799
-0.1619,-0.1500, 6.4339, 3.1415, 0.0000,-0.0523, 4.6799
-0.1619,-0.1500, 6.4339, 3.1415, 0.0000,-0.0104, 4.6799
-0.1619,-0.1500, 6.4339, 3.1415, 0.0000,-0.0020, 4.6799
-0.1619,-0.1500, 6.4339, 3.1415, 0.0000,-0.0004, 4.6799
-0.1619,-0.1500, 6.4339, 3.1415, 0.0000,-0.0000, 4.6799
-0.1619,-0.1500, 6.4339, 3.1415, 0.0000,-0.0000, 4.6799
-0.1619,-0.1500, 6.4339, 3.1415, 0.0000,-0.0000, 4.6799
-0.1619,-0.1500, 6.4339, 3.1415, 0.0000,-0.0000, 4.6799
-0.1619,-0.1500, 6.4371, 3.1415, 0.0000, 0.2513, 4.6799
-0.1619,-0.1500, 6.4371, 3.1415, 0.0000, 0.0502, 4.6799
-0.1619,-0.1500, 6.4402, 3.1415, 0.0000, 0.2613, 4.6799
-0.1619,-0.1500, 6.4402, 3.1415, 0.0000, 0.0522, 4.6799
-0.1619,-0.1500, 6.4434, 3.1415, 0.0000, 0.2617, 4.6799
-0.1619,-0.1500, 6.4465, 3.1415, 0.0000, 0.3037, 4.6799
-0.1619,-0.1500, 6.4465, 3.1415, 0.0000, 0.0607, 4.6799
-0.1619,-0.1500, 6.4496, 3.1415, 0.0000, 0.2634, 4.6799
-0.1619,-0.1500, 6.4528, 3.1415, 0.0000, 0.3040, 4.6799
-0.1619,-0.1500, 6.4559, 3.1415, 0.0000, 0.3121, 4.6799
-0.1619,-0.1500, 6.4591, 3.1415, 0.0000, 0.3137, 4.6799
-0.1619,-0.1500, 6.4622, 3.1415, 0.0000, 0.3140, 4.6799
-0.1619,-0.1500, 6.4653, 3.1415, 0.0000, 0.3142, 4.6799
-0.1619,-0.1500, 6.4716, 3.1415, 0.0000, 0.5654, 4.6799
-0.1619,-0.1500, 6.4748, 3.1415, 0.0000, 0.3643, 4.6799
-0.1619,-0.1500, 6.4779, 3.1415, 0.0000, 0.3242, 4.6799
-0.1619,-0.1500, 6.4811, 3.1415, 0.0000, 0.3161, 4.6799
-0.1619,-0.1500, 6.4873, 3.1415, 0.0000, 0.5658, 4.6799
-0.1619,-0.1500, 6.4905, 3.1415, 0.0000, 0.3644, 4.6799
-0.1619,-0.1500, 6.4968, 3.1415, 0.0000, 0.5755, 4.6799
-0.1619,-0.1500, 6.4999, 3.1415, 0.0000, 0.3663, 4.6799
-0.1619,-0.1500, 6.5062, 3.1415, 0.0000, 0.5759, 4.6799
-0.1619,-0.1500, 6.5093, 3.1415, 0.0000, 0.3665, 4.6799
-0.1619,-0.1500, 6.5125, 3.1415, 0.0000, 0.3246, 4.6799
-0.1619,-0.1500, 6.5188, 3.1415, 0.0000, 0.5675, 4.6799
-0.1619,-0.1500, 6.5219, 3.1415, 0.0000, 0.3648, 4.6799
-0.1619,-0.1500, 6.5282, 3.1415, 0.0000, 0.5756, 4.6799
-0.1619,-0.1500, 6.5313, 3.1415, 0.0000, 0.3664, 4.6799
-0.1619,-0.1500, 6.5376, 3.1415, 0.0000, 0.5759, 4.6799
-0.1619,-0.1500, 6.5407, 3.1415, 0.0000, 0.3665, 4.6799
-0.1619,-0.1500, 6.5470, 3.1415, 0.0000, 0.5759, 4.6799
-0.1619,-0.1500, 6.5502, 3.1415, 0.0000, 0.3665, 4.6799
-0.1619,-0.1500, 6.5533, 3.1415, 0.0000, 0.3246, 4.6799
-0.1619,-0.1500, 6.5596, 3.1415, 0.0000, 0.5675, 4.6799
-0.1619,-0.1500, 6.5627, 3.1415, 0.0000, 0.3648, 4.6799
-0.1619,-0.1500, 6.5659, 3.1415, 0.0000, 0.3242, 4.6799
-0.1619,-0.1500, 6.5690, 3.1415, 0.0000, 0.3162, 4.6799
-0.1619,-0.1500, 6.5722, 3.1415, 0.0000, 0.3145, 4.6799
-0.1619,-0.1500, 6.5753, 3.1415, 0.0000, 0.3142, 4.6799
-0.1619,-0.1500, 6.5784, 3.1415, 0.0000, 0.3141, 4.6799
-0.1619,-0.1500, 6.5816, 3.1415, 0.0000, 0.3142, 4.6799
-0.1619,-0.1500, 6.5847, 3.1415, 0.0000, 0.3141, 4.6799
-0.1619,-0.1500, 6.5879, 3.1415, 0.0000, 0.3141, 4.6799
-0.1619,-0.1500, 6.5910, 3.1415, 0.0000, 0.3141, 4.6799
-0.1619,-0.1500, 6.5910, 3.1415, 0.0000, 0.0628, 4.6799
-0.1619,-0.1500, 6.5942, 3.1415, 0.0000, 0.2638, 4.6799
-0.1619,-0.1500, 6.5973, 3.1415, 0.0000, 0.3040, 4.6799
-0.1619,-0.1500, 6.5973, 3.1415, 0.0000, 0.0608, 4.6799
-0.1619,-0.1500, 6.5973, 3.1415, 0.0000, 0.0121, 4.6799
-0.1619,-0.1500, 6.6004, 3.1415, 0.0000, 0.2538, 4.6799
-0.1619,-0.1500, 6.6004, 3.1415, 0.0000, 0.0507, 4.6799
-0.1619,-0.1500, 6.6004, 3.1415, 0.0000, 0.0101, 4.6799
-0.1619,-0.1500, 6.6004, 3.1415, 0.0000, 0.0020, 4.6799
-0.1619,-0.1500, 6.6004, 3.1415, 0.0000, 0.0004, 4.6799
-0.1619,-0.1500, 6.6004, 3.1415, 0.0000, 0.0000, 4.6799
-0.1619,-0.1500, 6.6004, 3.1415, 0.0000, 0.0000, 4.6799
-0.1619,-0.1500, 6.6004, 3.1415, 0.0000, 0.0000, 4.6799
-0.1619,-0.1500, 6.5973, 3.1415, 0.0000,-0.2513, 4.6799
-0.1619,-0.1500, 6.5973, 3.1415, 0.0000,-0.0502, 4.6799
-0.1619,-0.1500, 6.5942, 3.1415, 0.0000,-0.2613, 4.6799
-0.1619,-0.1500, 6.5942, 3.1415, 0.0000,-0.0522, 4.6799
-0.1619,-0.1500, 6.5910, 3.1415, 0.0000,-0.2617, 4.6799
-0.1619,-0.1500, 6.5879, 3.1415, 0.0000,-0.3037, 4.6799
-0.1619,-0.1500, 6.5879, 3.1415, 0.0000,-0.0607, 4.6799
-0.1619,-0.1500, 6.5847, 3.1415, 0.0000,-0.2634, 4.6799
-0.1619,-0.1500, 6.5816, 3.1415, 0.0000,-0.3040, 4.6799
-0.1619,-0.1500, 6.5784, 3.1415, 0.0000,-0.3121, 4.6799
-0.1619,-0.1500, 6.5753, 3.1415, 0.0000,-0.3137, 4.6799
-0.1619,-0.1500, 6.5722, 3.1415, 0.0000,-0.3140, 4.6799
-0.1619,-0.1500, 6.5690, 3.1415, 0.0000,-0.3141, 4.6799
-0.1619,-0.1500, 6.5627, 3.1415, 0.0000,-0.5655, 4.6799
